layer,trial_index,tile_size,execution_time
layer_1,0,"[[25, [7, 14, 1, 1, 2]], [27, [2, 1, 1, 1, 2]], [29, [18, 1, 2]], [56, 1], [62, 1], [68, 1], [95, 3]]",[1.58210292358804e-05]
layer_1,1,"[[25, [14, 1, 7, 2, 1]], [27, [4, 1, 1, 1, 1]], [29, [9, 2, 2]], [56, 0], [62, 1], [68, 2], [95, 0]]",[2.2947609876965138e-05]
layer_1,2,"[[25, [1, 49, 4, 1, 1]], [27, [1, 1, 2, 1, 2]], [29, [18, 1, 2]], [56, 2], [62, 3], [68, 0], [95, 0]]",[2.8845221570214493e-05]
layer_1,3,"[[25, [2, 7, 7, 1, 2]], [27, [1, 4, 1, 1, 1]], [29, [9, 1, 4]], [56, 1], [62, 3], [68, 3], [95, 3]]",[2.0824087644360068e-05]
layer_1,4,"[[25, [4, 7, 1, 7, 1]], [27, [1, 2, 1, 2, 1]], [29, [6, 2, 3]], [56, 0], [62, 1], [68, 0], [95, 4]]",[6.438030924731183e-05]
layer_1,5,"[[25, [7, 14, 1, 2, 1]], [27, [1, 4, 1, 1, 1]], [29, [2, 18, 1]], [56, 2], [62, 0], [68, 0], [95, 0]]",[0.00013737154917234663]
layer_1,6,"[[25, [7, 14, 1, 2, 1]], [27, [4, 1, 1, 1, 1]], [29, [12, 3, 1]], [56, 1], [62, 3], [68, 1], [95, 2]]",[2.137959559605163e-05]
layer_1,7,"[[25, [14, 7, 1, 2, 1]], [27, [2, 2, 1, 1, 1]], [29, [12, 3, 1]], [56, 0], [62, 1], [68, 2], [95, 2]]",[2.0054748617176128e-05]
layer_1,8,"[[25, [2, 49, 1, 2, 1]], [27, [1, 4, 1, 1, 1]], [29, [3, 6, 2]], [56, 1], [62, 2], [68, 1], [95, 3]]",[4.484123847125711e-05]
layer_1,9,"[[25, [7, 14, 1, 1, 2]], [27, [1, 1, 1, 4, 1]], [29, [18, 1, 2]], [56, 2], [62, 1], [68, 3], [95, 3]]",[10000000000]
layer_1,10,"[[25, [7, 14, 1, 2, 1]], [27, [1, 2, 1, 1, 2]], [29, [18, 1, 2]], [56, 2], [62, 1], [68, 1], [95, 3]]",[1.5524576183244748e-05]
layer_1,11,"[[25, [1, 98, 1, 1, 2]], [27, [2, 1, 1, 2, 1]], [29, [4, 9, 1]], [56, 1], [62, 1], [68, 3], [95, 4]]",[6.473838193548388e-05]
layer_1,12,"[[25, [7, 7, 4, 1, 1]], [27, [1, 2, 1, 2, 1]], [29, [36, 1, 1]], [56, 1], [62, 2], [68, 1], [95, 1]]",[2.010304366812227e-05]
layer_1,13,"[[25, [14, 1, 7, 1, 2]], [27, [1, 1, 1, 2, 2]], [29, [36, 1, 1]], [56, 3], [62, 1], [68, 1], [95, 3]]",[10000000000]
layer_1,14,"[[25, [14, 1, 1, 14, 1]], [27, [1, 1, 1, 2, 2]], [29, [36, 1, 1]], [56, 2], [62, 0], [68, 1], [95, 0]]",[0.00013271882073067118]
layer_1,15,"[[25, [7, 7, 1, 4, 1]], [27, [2, 1, 1, 2, 1]], [29, [3, 3, 4]], [56, 1], [62, 2], [68, 2], [95, 2]]",[0.00014988266795740564]
layer_1,16,"[[25, [1, 28, 7, 1, 1]], [27, [1, 1, 1, 1, 4]], [29, [36, 1, 1]], [56, 1], [62, 0], [68, 0], [95, 1]]",[2.3473244373560162e-05]
layer_1,17,"[[25, [14, 7, 2, 1, 1]], [27, [1, 1, 4, 1, 1]], [29, [9, 4, 1]], [56, 1], [62, 0], [68, 0], [95, 1]]",[2.719874791192103e-05]
layer_1,18,"[[25, [7, 7, 1, 1, 4]], [27, [1, 1, 4, 1, 1]], [29, [36, 1, 1]], [56, 1], [62, 1], [68, 1], [95, 2]]",[1.6355007295597484e-05]
layer_1,19,"[[25, [7, 7, 1, 1, 4]], [27, [1, 1, 4, 1, 1]], [29, [36, 1, 1]], [56, 1], [62, 3], [68, 2], [95, 4]]",[4.784235690789474e-05]
layer_1,20,"[[25, [2, 49, 1, 1, 2]], [27, [1, 2, 1, 2, 1]], [29, [6, 2, 3]], [56, 1], [62, 2], [68, 2], [95, 3]]",[3.0348336058519796e-05]
layer_1,21,"[[25, [49, 1, 1, 4, 1]], [27, [1, 2, 1, 1, 2]], [29, [6, 2, 3]], [56, 2], [62, 3], [68, 0], [95, 3]]",[4.386568709101725e-05]
layer_1,22,"[[25, [4, 7, 7, 1, 1]], [27, [2, 2, 1, 1, 1]], [29, [9, 1, 4]], [56, 2], [62, 0], [68, 2], [95, 0]]",[3.419851887490748e-05]
layer_1,23,"[[25, [14, 2, 1, 7, 1]], [27, [2, 1, 1, 2, 1]], [29, [4, 3, 3]], [56, 1], [62, 3], [68, 1], [95, 0]]",[0.00020000778589420658]
layer_1,24,"[[25, [196, 1, 1, 1, 1]], [27, [1, 2, 2, 1, 1]], [29, [12, 3, 1]], [56, 1], [62, 3], [68, 3], [95, 3]]",[10000000000]
layer_1,25,"[[25, [7, 28, 1, 1, 1]], [27, [2, 2, 1, 1, 1]], [29, [2, 18, 1]], [56, 2], [62, 3], [68, 1], [95, 4]]",[9.728393158567775e-05]
layer_1,26,"[[25, [1, 7, 1, 7, 4]], [27, [1, 1, 4, 1, 1]], [29, [36, 1, 1]], [56, 1], [62, 3], [68, 1], [95, 4]]",[5.343343388869195e-05]
layer_1,27,"[[25, [1, 14, 2, 7, 1]], [27, [1, 2, 2, 1, 1]], [29, [12, 3, 1]], [56, 2], [62, 3], [68, 2], [95, 3]]",[8.322499731038193e-05]
layer_1,28,"[[25, [28, 7, 1, 1, 1]], [27, [1, 2, 2, 1, 1]], [29, [18, 1, 2]], [56, 0], [62, 2], [68, 1], [95, 4]]",[3.6859481577581734e-05]
layer_1,29,"[[25, [14, 1, 7, 1, 2]], [27, [1, 1, 1, 4, 1]], [29, [36, 1, 1]], [56, 3], [62, 1], [68, 1], [95, 3]]",[10000000000]
layer_1,30,"[[25, [1, 14, 14, 1, 1]], [27, [1, 4, 1, 1, 1]], [29, [18, 1, 2]], [56, 1], [62, 2], [68, 3], [95, 4]]",[10000000000]
layer_1,31,"[[25, [7, 4, 7, 1, 1]], [27, [2, 1, 1, 1, 2]], [29, [9, 1, 4]], [56, 3], [62, 3], [68, 1], [95, 1]]",[10000000000]
layer_1,32,"[[25, [7, 14, 2, 1, 1]], [27, [1, 2, 1, 1, 2]], [29, [9, 4, 1]], [56, 2], [62, 3], [68, 1], [95, 3]]",[9.92501825108532e-06]
layer_1,33,"[[25, [4, 7, 1, 7, 1]], [27, [1, 1, 1, 4, 1]], [29, [18, 2, 1]], [56, 0], [62, 1], [68, 0], [95, 4]]",[5.809529414109206e-05]
layer_1,34,"[[25, [1, 98, 1, 2, 1]], [27, [1, 2, 2, 1, 1]], [29, [36, 1, 1]], [56, 0], [62, 1], [68, 0], [95, 3]]",[3.1232583235776164e-05]
layer_1,35,"[[25, [1, 49, 1, 1, 4]], [27, [1, 1, 2, 1, 2]], [29, [12, 3, 1]], [56, 0], [62, 3], [68, 2], [95, 3]]",[4.216703930131005e-05]
layer_1,36,"[[25, [7, 1, 1, 14, 2]], [27, [4, 1, 1, 1, 1]], [29, [36, 1, 1]], [56, 2], [62, 3], [68, 3], [95, 1]]",[10000000000]
layer_1,37,"[[25, [14, 1, 1, 14, 1]], [27, [2, 1, 1, 1, 2]], [29, [36, 1, 1]], [56, 2], [62, 0], [68, 1], [95, 1]]",[5.976826903148665e-05]
layer_1,38,"[[25, [7, 4, 7, 1, 1]], [27, [1, 1, 2, 1, 2]], [29, [12, 1, 3]], [56, 0], [62, 3], [68, 0], [95, 2]]",[2.4654027999291157e-05]
layer_1,39,"[[25, [14, 14, 1, 1, 1]], [27, [2, 1, 1, 1, 2]], [29, [4, 9, 1]], [56, 2], [62, 0], [68, 2], [95, 2]]",[5.034109252038285e-05]
layer_1,40,"[[25, [4, 7, 1, 7, 1]], [27, [1, 1, 4, 1, 1]], [29, [6, 6, 1]], [56, 2], [62, 2], [68, 2], [95, 2]]",[6.617781405499782e-05]
layer_1,41,"[[25, [49, 1, 1, 4, 1]], [27, [1, 2, 1, 1, 2]], [29, [6, 2, 3]], [56, 1], [62, 2], [68, 0], [95, 3]]",[4.895722811137202e-05]
layer_1,42,"[[25, [7, 2, 1, 7, 2]], [27, [1, 2, 1, 2, 1]], [29, [36, 1, 1]], [56, 1], [62, 3], [68, 1], [95, 2]]",[0.00034658068546637743]
layer_1,43,"[[25, [7, 1, 14, 2, 1]], [27, [1, 1, 1, 1, 4]], [29, [18, 2, 1]], [56, 0], [62, 1], [68, 1], [95, 1]]",[0.00010702107108350588]
layer_1,44,"[[25, [7, 2, 1, 7, 2]], [27, [1, 4, 1, 1, 1]], [29, [36, 1, 1]], [56, 1], [62, 3], [68, 1], [95, 2]]",[0.0003376292838983051]
layer_1,45,"[[25, [2, 49, 1, 2, 1]], [27, [1, 2, 2, 1, 1]], [29, [3, 6, 2]], [56, 2], [62, 2], [68, 1], [95, 0]]",[4.440680124592109e-05]
layer_1,46,"[[25, [4, 7, 1, 7, 1]], [27, [1, 1, 4, 1, 1]], [29, [6, 6, 1]], [56, 1], [62, 3], [68, 2], [95, 2]]",[7.233959061032863e-05]
layer_1,47,"[[25, [14, 2, 1, 7, 1]], [27, [1, 2, 2, 1, 1]], [29, [9, 2, 2]], [56, 2], [62, 1], [68, 3], [95, 1]]",[1.7511197231833908e-05]
layer_1,48,"[[25, [7, 14, 1, 1, 2]], [27, [1, 1, 2, 2, 1]], [29, [18, 1, 2]], [56, 2], [62, 1], [68, 3], [95, 3]]",[10000000000]
layer_1,49,"[[25, [14, 2, 1, 7, 1]], [27, [1, 1, 4, 1, 1]], [29, [18, 1, 2]], [56, 2], [62, 3], [68, 1], [95, 1]]",[7.139475901328274e-05]
layer_1,50,"[[25, [7, 14, 1, 2, 1]], [27, [1, 4, 1, 1, 1]], [29, [4, 9, 1]], [56, 2], [62, 1], [68, 2], [95, 0]]",[7.135625105386417e-05]
layer_1,51,"[[25, [14, 7, 2, 1, 1]], [27, [2, 1, 1, 1, 2]], [29, [6, 6, 1]], [56, 1], [62, 0], [68, 0], [95, 1]]",[4.997301913875599e-05]
layer_1,52,"[[25, [7, 7, 1, 2, 2]], [27, [2, 1, 2, 1, 1]], [29, [6, 6, 1]], [56, 1], [62, 2], [68, 1], [95, 1]]",[7.717613343328336e-05]
layer_1,53,"[[25, [1, 98, 1, 1, 2]], [27, [2, 2, 1, 1, 1]], [29, [18, 1, 2]], [56, 2], [62, 1], [68, 3], [95, 3]]",[10000000000]
layer_1,54,"[[25, [2, 49, 1, 2, 1]], [27, [1, 2, 2, 1, 1]], [29, [3, 6, 2]], [56, 2], [62, 3], [68, 1], [95, 3]]",[3.199147742818057e-05]
layer_1,55,"[[25, [196, 1, 1, 1, 1]], [27, [4, 1, 1, 1, 1]], [29, [6, 2, 3]], [56, 0], [62, 1], [68, 0], [95, 0]]",[4.983376940789474e-05]
layer_1,56,"[[25, [14, 1, 7, 2, 1]], [27, [1, 2, 1, 1, 2]], [29, [12, 1, 3]], [56, 1], [62, 2], [68, 1], [95, 2]]",[2.698254040800314e-05]
layer_1,57,"[[25, [98, 1, 2, 1, 1]], [27, [1, 2, 1, 2, 1]], [29, [4, 3, 3]], [56, 2], [62, 1], [68, 0], [95, 3]]",[2.506958195995038e-05]
layer_1,58,"[[25, [7, 7, 1, 2, 2]], [27, [1, 2, 1, 1, 2]], [29, [18, 2, 1]], [56, 0], [62, 2], [68, 1], [95, 4]]",[3.378387253487254e-05]
layer_1,59,"[[25, [14, 1, 7, 2, 1]], [27, [1, 1, 4, 1, 1]], [29, [12, 1, 3]], [56, 1], [62, 0], [68, 1], [95, 2]]",[4.107061610433797e-05]
layer_1,60,"[[25, [1, 196, 1, 1, 1]], [27, [1, 2, 1, 2, 1]], [29, [36, 1, 1]], [56, 0], [62, 1], [68, 2], [95, 1]]",[1.826088573508006e-05]
layer_1,61,"[[25, [49, 1, 1, 2, 2]], [27, [1, 2, 1, 1, 2]], [29, [18, 2, 1]], [56, 0], [62, 1], [68, 1], [95, 1]]",[9.621908825357365e-05]
layer_1,62,"[[25, [98, 1, 2, 1, 1]], [27, [1, 2, 1, 2, 1]], [29, [4, 3, 3]], [56, 0], [62, 1], [68, 0], [95, 3]]",[2.6319082385249115e-05]
layer_1,63,"[[25, [1, 14, 2, 7, 1]], [27, [1, 2, 2, 1, 1]], [29, [12, 3, 1]], [56, 3], [62, 3], [68, 0], [95, 3]]",[10000000000]
layer_1,64,"[[25, [49, 1, 4, 1, 1]], [27, [1, 2, 2, 1, 1]], [29, [12, 1, 3]], [56, 2], [62, 3], [68, 2], [95, 3]]",[3.368435666185666e-05]
layer_1,65,"[[25, [7, 14, 1, 1, 2]], [27, [1, 1, 4, 1, 1]], [29, [3, 12, 1]], [56, 0], [62, 2], [68, 0], [95, 1]]",[3.683191878940731e-05]
layer_1,66,"[[25, [7, 7, 1, 1, 4]], [27, [2, 1, 1, 1, 2]], [29, [12, 3, 1]], [56, 2], [62, 3], [68, 0], [95, 0]]",[0.00015372043627450983]
layer_1,67,"[[25, [1, 49, 4, 1, 1]], [27, [1, 1, 2, 1, 2]], [29, [18, 1, 2]], [56, 2], [62, 3], [68, 2], [95, 0]]",[3.036794470740103e-05]
layer_1,68,"[[25, [28, 7, 1, 1, 1]], [27, [1, 1, 1, 4, 1]], [29, [18, 1, 2]], [56, 2], [62, 1], [68, 0], [95, 4]]",[4.345207941701368e-05]
layer_1,69,"[[25, [7, 7, 4, 1, 1]], [27, [1, 4, 1, 1, 1]], [29, [12, 1, 3]], [56, 2], [62, 3], [68, 2], [95, 3]]",[4.246672083839611e-05]
layer_1,70,"[[25, [4, 49, 1, 1, 1]], [27, [1, 2, 2, 1, 1]], [29, [6, 6, 1]], [56, 2], [62, 2], [68, 3], [95, 2]]",[10000000000]
layer_1,71,"[[25, [1, 28, 7, 1, 1]], [27, [1, 1, 1, 2, 2]], [29, [36, 1, 1]], [56, 2], [62, 0], [68, 0], [95, 1]]",[2.2663961209842792e-05]
layer_1,72,"[[25, [14, 1, 7, 2, 1]], [27, [1, 2, 1, 1, 2]], [29, [12, 1, 3]], [56, 3], [62, 1], [68, 2], [95, 2]]",[10000000000]
layer_1,73,"[[25, [1, 28, 1, 7, 1]], [27, [1, 1, 1, 4, 1]], [29, [9, 2, 2]], [56, 2], [62, 0], [68, 0], [95, 2]]",[0.00020439776636713738]
layer_1,74,"[[25, [7, 14, 1, 1, 2]], [27, [1, 1, 4, 1, 1]], [29, [12, 1, 3]], [56, 2], [62, 0], [68, 1], [95, 2]]",[1.0917171425678412e-05]
layer_1,75,"[[25, [7, 7, 1, 4, 1]], [27, [2, 1, 1, 2, 1]], [29, [12, 3, 1]], [56, 0], [62, 2], [68, 2], [95, 2]]",[0.00014939973798303488]
layer_1,76,"[[25, [2, 49, 1, 2, 1]], [27, [1, 1, 2, 2, 1]], [29, [3, 6, 2]], [56, 2], [62, 2], [68, 1], [95, 3]]",[4.005104597388465e-05]
layer_1,77,"[[25, [49, 1, 1, 2, 2]], [27, [1, 1, 1, 4, 1]], [29, [4, 9, 1]], [56, 0], [62, 0], [68, 1], [95, 0]]",[0.0001748135472747497]
layer_1,78,"[[25, [4, 7, 7, 1, 1]], [27, [1, 4, 1, 1, 1]], [29, [9, 1, 4]], [56, 2], [62, 0], [68, 2], [95, 2]]",[1.1672728736330499e-05]
layer_1,79,"[[25, [2, 49, 1, 2, 1]], [27, [1, 1, 4, 1, 1]], [29, [3, 6, 2]], [56, 1], [62, 2], [68, 1], [95, 0]]",[3.6297183244748167e-05]
layer_1,80,"[[25, [14, 1, 1, 14, 1]], [27, [2, 1, 1, 1, 2]], [29, [36, 1, 1]], [56, 2], [62, 1], [68, 1], [95, 3]]",[4.683193831370118e-05]
layer_1,81,"[[25, [4, 49, 1, 1, 1]], [27, [2, 2, 1, 1, 1]], [29, [2, 18, 1]], [56, 0], [62, 2], [68, 1], [95, 3]]",[3.9572971276595745e-05]
layer_1,82,"[[25, [98, 1, 1, 2, 1]], [27, [1, 1, 1, 4, 1]], [29, [4, 9, 1]], [56, 0], [62, 0], [68, 0], [95, 0]]",[0.00010473864184157075]
layer_1,83,"[[25, [2, 7, 7, 1, 2]], [27, [1, 4, 1, 1, 1]], [29, [9, 1, 4]], [56, 1], [62, 1], [68, 1], [95, 3]]",[2.8698876721170395e-05]
layer_1,84,"[[25, [1, 7, 7, 1, 4]], [27, [1, 2, 2, 1, 1]], [29, [36, 1, 1]], [56, 3], [62, 1], [68, 1], [95, 2]]",[10000000000]
layer_1,85,"[[25, [7, 7, 1, 1, 4]], [27, [2, 1, 2, 1, 1]], [29, [3, 12, 1]], [56, 1], [62, 2], [68, 3], [95, 4]]",[10000000000]
layer_1,86,"[[25, [2, 14, 1, 7, 1]], [27, [1, 1, 1, 4, 1]], [29, [9, 1, 4]], [56, 2], [62, 0], [68, 0], [95, 2]]",[0.00019367303965303593]
layer_1,87,"[[25, [196, 1, 1, 1, 1]], [27, [4, 1, 1, 1, 1]], [29, [6, 2, 3]], [56, 0], [62, 1], [68, 0], [95, 2]]",[2.5785007213363707e-05]
layer_1,88,"[[25, [1, 14, 7, 1, 2]], [27, [1, 1, 1, 1, 4]], [29, [9, 1, 4]], [56, 0], [62, 1], [68, 1], [95, 3]]",[5.033059786856128e-05]
layer_1,89,"[[25, [1, 49, 1, 4, 1]], [27, [1, 2, 2, 1, 1]], [29, [3, 6, 2]], [56, 0], [62, 0], [68, 1], [95, 3]]",[2.9429361035706823e-05]
layer_1,90,"[[25, [49, 4, 1, 1, 1]], [27, [1, 1, 2, 2, 1]], [29, [36, 1, 1]], [56, 1], [62, 2], [68, 0], [95, 1]]",[3.562071365422397e-05]
layer_1,91,"[[25, [49, 4, 1, 1, 1]], [27, [2, 1, 2, 1, 1]], [29, [36, 1, 1]], [56, 1], [62, 2], [68, 0], [95, 1]]",[3.007497489809054e-05]
layer_1,92,"[[25, [14, 7, 1, 2, 1]], [27, [2, 2, 1, 1, 1]], [29, [36, 1, 1]], [56, 2], [62, 3], [68, 2], [95, 2]]",[1.5866330247655686e-05]
layer_1,93,"[[25, [2, 49, 2, 1, 1]], [27, [1, 1, 2, 1, 2]], [29, [18, 1, 2]], [56, 2], [62, 3], [68, 0], [95, 0]]",[2.868397431614115e-05]
layer_1,94,"[[25, [2, 7, 7, 2, 1]], [27, [1, 1, 4, 1, 1]], [29, [36, 1, 1]], [56, 1], [62, 3], [68, 3], [95, 3]]",[10000000000]
layer_1,95,"[[25, [1, 28, 7, 1, 1]], [27, [1, 1, 1, 1, 4]], [29, [9, 1, 4]], [56, 3], [62, 0], [68, 0], [95, 1]]",[10000000000]
layer_1,96,"[[25, [7, 14, 1, 1, 2]], [27, [2, 1, 1, 2, 1]], [29, [9, 2, 2]], [56, 2], [62, 2], [68, 2], [95, 3]]",[1.3019634319526628e-05]
layer_1,97,"[[25, [98, 1, 1, 2, 1]], [27, [4, 1, 1, 1, 1]], [29, [4, 9, 1]], [56, 0], [62, 0], [68, 0], [95, 0]]",[9.125114668218861e-05]
layer_1,98,"[[25, [98, 1, 1, 2, 1]], [27, [1, 1, 1, 4, 1]], [29, [4, 9, 1]], [56, 0], [62, 3], [68, 2], [95, 0]]",[7.90031872406639e-05]
layer_1,99,"[[25, [4, 7, 1, 7, 1]], [27, [1, 2, 2, 1, 1]], [29, [6, 6, 1]], [56, 1], [62, 3], [68, 2], [95, 1]]",[0.00012507063643595862]
layer_1,100,"[[25, [1, 98, 1, 1, 2]], [27, [1, 1, 2, 1, 2]], [29, [3, 12, 1]], [56, 2], [62, 1], [68, 0], [95, 2]]",[6.39075998256321e-05]
layer_1,101,"[[25, [7, 28, 1, 1, 1]], [27, [1, 2, 2, 1, 1]], [29, [4, 3, 3]], [56, 2], [62, 0], [68, 1], [95, 2]]",[9.32096569510398e-06]
layer_1,102,"[[25, [49, 1, 2, 2, 1]], [27, [1, 1, 4, 1, 1]], [29, [9, 4, 1]], [56, 0], [62, 1], [68, 2], [95, 4]]",[2.5252833149577362e-05]
layer_1,103,"[[25, [2, 49, 1, 2, 1]], [27, [1, 2, 2, 1, 1]], [29, [3, 6, 2]], [56, 2], [62, 0], [68, 1], [95, 3]]",[1.7815544916090818e-05]
layer_1,104,"[[25, [7, 7, 1, 1, 4]], [27, [1, 1, 4, 1, 1]], [29, [4, 9, 1]], [56, 1], [62, 1], [68, 1], [95, 2]]",[3.7256694267515924e-05]
layer_1,105,"[[25, [98, 1, 1, 2, 1]], [27, [4, 1, 1, 1, 1]], [29, [36, 1, 1]], [56, 0], [62, 3], [68, 0], [95, 0]]",[3.015516859965636e-05]
layer_1,106,"[[25, [7, 28, 1, 1, 1]], [27, [1, 2, 2, 1, 1]], [29, [4, 3, 3]], [56, 2], [62, 3], [68, 0], [95, 2]]",[1.7724382497116495e-05]
layer_1,107,"[[25, [28, 7, 1, 1, 1]], [27, [1, 1, 4, 1, 1]], [29, [12, 3, 1]], [56, 1], [62, 3], [68, 2], [95, 2]]",[1.6976940167046318e-05]
layer_1,108,"[[25, [1, 49, 2, 1, 2]], [27, [1, 2, 1, 1, 2]], [29, [9, 4, 1]], [56, 0], [62, 1], [68, 1], [95, 4]]",[5.7671728549734244e-05]
layer_1,109,"[[25, [7, 28, 1, 1, 1]], [27, [2, 2, 1, 1, 1]], [29, [2, 18, 1]], [56, 0], [62, 3], [68, 1], [95, 4]]",[9.821715506329114e-05]
layer_1,110,"[[25, [14, 2, 7, 1, 1]], [27, [2, 2, 1, 1, 1]], [29, [6, 2, 3]], [56, 1], [62, 0], [68, 1], [95, 3]]",[1.3018372238742568e-05]
layer_1,111,"[[25, [4, 7, 1, 7, 1]], [27, [1, 1, 4, 1, 1]], [29, [6, 6, 1]], [56, 1], [62, 0], [68, 2], [95, 2]]",[5.543133223201174e-05]
layer_1,112,"[[25, [28, 1, 7, 1, 1]], [27, [1, 2, 2, 1, 1]], [29, [6, 2, 3]], [56, 0], [62, 1], [68, 2], [95, 3]]",[1.9737263609898105e-05]
layer_1,113,"[[25, [7, 7, 1, 4, 1]], [27, [1, 2, 2, 1, 1]], [29, [3, 12, 1]], [56, 0], [62, 1], [68, 0], [95, 2]]",[8.477038963210703e-05]
layer_1,114,"[[25, [7, 14, 1, 1, 2]], [27, [2, 1, 1, 1, 2]], [29, [18, 1, 2]], [56, 1], [62, 1], [68, 0], [95, 3]]",[1.4066889156047127e-05]
layer_1,115,"[[25, [4, 7, 1, 7, 1]], [27, [1, 1, 1, 4, 1]], [29, [18, 1, 2]], [56, 0], [62, 1], [68, 0], [95, 4]]",[5.895551274131274e-05]
layer_1,116,"[[25, [14, 2, 1, 7, 1]], [27, [1, 2, 2, 1, 1]], [29, [9, 2, 2]], [56, 0], [62, 1], [68, 3], [95, 1]]",[1.9591907980811166e-05]
layer_1,117,"[[25, [7, 28, 1, 1, 1]], [27, [2, 1, 1, 2, 1]], [29, [2, 6, 3]], [56, 0], [62, 3], [68, 1], [95, 4]]",[8.990272078295911e-05]
layer_1,118,"[[25, [196, 1, 1, 1, 1]], [27, [4, 1, 1, 1, 1]], [29, [6, 2, 3]], [56, 0], [62, 3], [68, 2], [95, 0]]",[4.938787628161313e-05]
layer_1,119,"[[25, [2, 49, 1, 1, 2]], [27, [1, 2, 1, 2, 1]], [29, [12, 1, 3]], [56, 1], [62, 2], [68, 2], [95, 3]]",[1.9182277073312926e-05]
layer_1,120,"[[25, [98, 1, 1, 2, 1]], [27, [1, 4, 1, 1, 1]], [29, [4, 9, 1]], [56, 0], [62, 3], [68, 0], [95, 2]]",[8.073267889420522e-05]
layer_1,121,"[[25, [2, 49, 2, 1, 1]], [27, [1, 2, 1, 2, 1]], [29, [6, 2, 3]], [56, 1], [62, 2], [68, 2], [95, 3]]",[1.5775479428495832e-05]
layer_1,122,"[[25, [1, 28, 7, 1, 1]], [27, [1, 1, 1, 1, 4]], [29, [9, 1, 4]], [56, 1], [62, 0], [68, 0], [95, 1]]",[3.957734095136859e-05]
layer_1,123,"[[25, [2, 14, 7, 1, 1]], [27, [2, 1, 2, 1, 1]], [29, [36, 1, 1]], [56, 3], [62, 2], [68, 0], [95, 4]]",[10000000000]
layer_1,124,"[[25, [7, 2, 1, 7, 2]], [27, [1, 1, 4, 1, 1]], [29, [36, 1, 1]], [56, 1], [62, 1], [68, 1], [95, 2]]",[2.9026397529364115e-05]
layer_1,125,"[[25, [7, 7, 2, 2, 1]], [27, [1, 1, 1, 1, 4]], [29, [36, 1, 1]], [56, 1], [62, 0], [68, 2], [95, 2]]",[2.436182813559322e-05]
layer_1,126,"[[25, [14, 7, 1, 2, 1]], [27, [1, 2, 2, 1, 1]], [29, [12, 3, 1]], [56, 0], [62, 1], [68, 0], [95, 4]]",[4.9332472562943835e-05]
layer_1,127,"[[25, [2, 7, 7, 1, 2]], [27, [2, 1, 2, 1, 1]], [29, [9, 1, 4]], [56, 1], [62, 1], [68, 2], [95, 2]]",[2.7164833467417532e-05]
layer_1,128,"[[25, [7, 28, 1, 1, 1]], [27, [1, 2, 2, 1, 1]], [29, [4, 9, 1]], [56, 2], [62, 0], [68, 1], [95, 2]]",[9.54493271889401e-06]
layer_1,129,"[[25, [7, 28, 1, 1, 1]], [27, [1, 2, 2, 1, 1]], [29, [4, 9, 1]], [56, 2], [62, 0], [68, 2], [95, 2]]",[8.961146927074e-06]
layer_1,130,"[[25, [7, 28, 1, 1, 1]], [27, [1, 2, 2, 1, 1]], [29, [4, 3, 3]], [56, 2], [62, 0], [68, 2], [95, 2]]",[9.6940395527997e-06]
layer_1,131,"[[25, [7, 28, 1, 1, 1]], [27, [1, 2, 2, 1, 1]], [29, [4, 9, 1]], [56, 2], [62, 0], [68, 3], [95, 2]]",[9.621813622885052e-06]
layer_1,132,"[[25, [7, 28, 1, 1, 1]], [27, [1, 2, 2, 1, 1]], [29, [4, 3, 3]], [56, 2], [62, 0], [68, 3], [95, 2]]",[9.298818803159174e-06]
layer_1,133,"[[25, [7, 28, 1, 1, 1]], [27, [1, 2, 2, 1, 1]], [29, [4, 3, 3]], [56, 2], [62, 0], [68, 2], [95, 3]]",[2.3826527379053695e-05]
layer_1,134,"[[25, [7, 28, 1, 1, 1]], [27, [1, 2, 2, 1, 1]], [29, [4, 9, 1]], [56, 2], [62, 0], [68, 2], [95, 3]]",[2.3783978641840084e-05]
layer_1,135,"[[25, [7, 28, 1, 1, 1]], [27, [1, 2, 2, 1, 1]], [29, [4, 3, 3]], [56, 2], [62, 0], [68, 3], [95, 3]]",[2.4100932801822326e-05]
layer_1,136,"[[25, [7, 28, 1, 1, 1]], [27, [1, 2, 2, 1, 1]], [29, [4, 9, 1]], [56, 1], [62, 0], [68, 1], [95, 3]]",[2.4211982810561757e-05]
layer_1,137,"[[25, [7, 28, 1, 1, 1]], [27, [1, 2, 2, 1, 1]], [29, [4, 3, 3]], [56, 1], [62, 0], [68, 1], [95, 3]]",[2.421950417615793e-05]
layer_1,138,"[[25, [7, 14, 2, 1, 1]], [27, [1, 2, 1, 1, 2]], [29, [9, 2, 2]], [56, 2], [62, 3], [68, 1], [95, 3]]",[1.0216868570271364e-05]
layer_1,139,"[[25, [7, 28, 1, 1, 1]], [27, [1, 2, 2, 1, 1]], [29, [4, 3, 3]], [56, 1], [62, 0], [68, 1], [95, 2]]",[9.84227561212764e-06]
layer_1,140,"[[25, [7, 28, 1, 1, 1]], [27, [1, 2, 2, 1, 1]], [29, [4, 9, 1]], [56, 1], [62, 0], [68, 1], [95, 2]]",[9.83065429254895e-06]
layer_1,141,"[[25, [14, 14, 1, 1, 1]], [27, [1, 2, 2, 1, 1]], [29, [4, 9, 1]], [56, 2], [62, 0], [68, 3], [95, 2]]",[9.08408753433153e-06]
layer_1,142,"[[25, [7, 28, 1, 1, 1]], [27, [1, 2, 2, 1, 1]], [29, [4, 9, 1]], [56, 0], [62, 0], [68, 1], [95, 2]]",[1.130630690562981e-05]
layer_1,143,"[[25, [7, 28, 1, 1, 1]], [27, [1, 2, 2, 1, 1]], [29, [4, 3, 3]], [56, 0], [62, 0], [68, 1], [95, 2]]",[1.1302196886273021e-05]
layer_1,144,"[[25, [7, 28, 1, 1, 1]], [27, [1, 2, 2, 1, 1]], [29, [4, 3, 3]], [56, 0], [62, 0], [68, 1], [95, 3]]",[2.504859897901305e-05]
layer_1,145,"[[25, [7, 28, 1, 1, 1]], [27, [1, 2, 2, 1, 1]], [29, [4, 3, 3]], [56, 2], [62, 1], [68, 1], [95, 2]]",[1.0845400283512003e-05]
layer_1,146,"[[25, [7, 28, 1, 1, 1]], [27, [1, 2, 2, 1, 1]], [29, [4, 3, 3]], [56, 2], [62, 2], [68, 1], [95, 2]]",[1.2345896650619687e-05]
layer_1,147,"[[25, [7, 28, 1, 1, 1]], [27, [1, 2, 2, 1, 1]], [29, [4, 3, 3]], [56, 1], [62, 0], [68, 3], [95, 3]]",[2.4396816814764184e-05]
layer_1,148,"[[25, [7, 14, 2, 1, 1]], [27, [1, 2, 1, 1, 2]], [29, [9, 4, 1]], [56, 2], [62, 3], [68, 2], [95, 3]]",[1.1073372982722612e-05]
layer_1,149,"[[25, [7, 14, 2, 1, 1]], [27, [1, 2, 1, 1, 2]], [29, [9, 2, 2]], [56, 2], [62, 3], [68, 2], [95, 3]]",[9.996491266375547e-06]
layer_1,150,"[[25, [7, 14, 2, 1, 1]], [27, [1, 2, 1, 2, 1]], [29, [9, 2, 2]], [56, 2], [62, 3], [68, 2], [95, 3]]",[9.998241123979495e-06]
layer_1,151,"[[25, [7, 28, 1, 1, 1]], [27, [1, 2, 2, 1, 1]], [29, [4, 3, 3]], [56, 2], [62, 0], [68, 0], [95, 2]]",[2.259283960359699e-05]
layer_1,152,"[[25, [7, 28, 1, 1, 1]], [27, [1, 2, 2, 1, 1]], [29, [4, 9, 1]], [56, 2], [62, 0], [68, 0], [95, 2]]",[1.8939883737120578e-05]
layer_1,153,"[[25, [7, 28, 1, 1, 1]], [27, [1, 2, 2, 1, 1]], [29, [4, 3, 3]], [56, 1], [62, 0], [68, 3], [95, 2]]",[9.527542836892e-06]
layer_1,154,"[[25, [7, 28, 1, 1, 1]], [27, [1, 2, 2, 1, 1]], [29, [4, 3, 3]], [56, 0], [62, 0], [68, 3], [95, 2]]",[1.091053554070474e-05]
layer_1,155,"[[25, [14, 14, 1, 1, 1]], [27, [1, 2, 2, 1, 1]], [29, [4, 3, 3]], [56, 1], [62, 0], [68, 1], [95, 2]]",[9.844068215375529e-06]
layer_1,156,"[[25, [7, 28, 1, 1, 1]], [27, [1, 2, 2, 1, 1]], [29, [4, 3, 3]], [56, 2], [62, 0], [68, 0], [95, 3]]",[1.1642349432968813e-05]
layer_1,157,"[[25, [7, 28, 1, 1, 1]], [27, [1, 2, 2, 1, 1]], [29, [4, 3, 3]], [56, 2], [62, 2], [68, 3], [95, 2]]",[1.2131104423770645e-05]
layer_1,158,"[[25, [7, 28, 1, 1, 1]], [27, [1, 2, 2, 1, 1]], [29, [4, 9, 1]], [56, 2], [62, 2], [68, 3], [95, 2]]",[1.2095092450108199e-05]
layer_1,159,"[[25, [7, 28, 1, 1, 1]], [27, [1, 2, 2, 1, 1]], [29, [4, 9, 1]], [56, 2], [62, 2], [68, 2], [95, 2]]",[1.1778497209249345e-05]
layer_1,160,"[[25, [7, 28, 1, 1, 1]], [27, [1, 2, 2, 1, 1]], [29, [4, 9, 1]], [56, 2], [62, 1], [68, 3], [95, 2]]",[1.0689193458743053e-05]
layer_1,161,"[[25, [7, 28, 1, 1, 1]], [27, [1, 2, 2, 1, 1]], [29, [4, 3, 3]], [56, 2], [62, 1], [68, 3], [95, 2]]",[1.0689772073714054e-05]
layer_1,162,"[[25, [14, 14, 1, 1, 1]], [27, [1, 2, 2, 1, 1]], [29, [4, 9, 1]], [56, 1], [62, 0], [68, 3], [95, 2]]",[9.331069595261599e-06]
layer_1,163,"[[25, [7, 14, 2, 1, 1]], [27, [1, 2, 1, 1, 2]], [29, [18, 2, 1]], [56, 2], [62, 3], [68, 1], [95, 3]]",[1.6663881927039823e-05]
layer_1,164,"[[25, [7, 28, 1, 1, 1]], [27, [1, 2, 2, 1, 1]], [29, [4, 3, 3]], [56, 1], [62, 1], [68, 1], [95, 2]]",[1.1080372318207708e-05]
layer_1,165,"[[25, [7, 28, 1, 1, 1]], [27, [1, 2, 2, 1, 1]], [29, [4, 3, 3]], [56, 1], [62, 2], [68, 1], [95, 2]]",[1.2467861943273721e-05]
layer_1,166,"[[25, [7, 28, 1, 1, 1]], [27, [1, 2, 2, 1, 1]], [29, [4, 3, 3]], [56, 0], [62, 2], [68, 1], [95, 2]]",[1.384528775432832e-05]
layer_1,167,"[[25, [7, 28, 1, 1, 1]], [27, [1, 2, 2, 1, 1]], [29, [4, 9, 1]], [56, 0], [62, 2], [68, 1], [95, 2]]",[1.3815836117438622e-05]
layer_1,168,"[[25, [7, 28, 1, 1, 1]], [27, [1, 2, 2, 1, 1]], [29, [4, 9, 1]], [56, 1], [62, 0], [68, 0], [95, 2]]",[1.9134357733004782e-05]
layer_1,169,"[[25, [14, 14, 1, 1, 1]], [27, [1, 2, 2, 1, 1]], [29, [12, 1, 3]], [56, 2], [62, 0], [68, 1], [95, 3]]",[2.1845656541686443e-05]
layer_1,170,"[[25, [7, 14, 2, 1, 1]], [27, [1, 2, 1, 1, 2]], [29, [9, 4, 1]], [56, 2], [62, 3], [68, 0], [95, 3]]",[1.1253248148495359e-05]
layer_1,171,"[[25, [7, 14, 2, 1, 1]], [27, [1, 2, 1, 1, 2]], [29, [9, 4, 1]], [56, 2], [62, 2], [68, 0], [95, 3]]",[1.2024345365228534e-05]
layer_1,172,"[[25, [7, 28, 1, 1, 1]], [27, [1, 2, 2, 1, 1]], [29, [4, 9, 1]], [56, 2], [62, 1], [68, 0], [95, 2]]",[1.7121008106312294e-05]
layer_1,173,"[[25, [7, 28, 1, 1, 1]], [27, [1, 2, 2, 1, 1]], [29, [4, 3, 3]], [56, 2], [62, 1], [68, 0], [95, 2]]",[2.374480950633144e-05]
layer_1,174,"[[25, [7, 14, 1, 1, 2]], [27, [2, 1, 2, 1, 1]], [29, [12, 1, 3]], [56, 2], [62, 0], [68, 1], [95, 2]]",[1.2256048520233542e-05]
layer_1,175,"[[25, [7, 14, 2, 1, 1]], [27, [1, 2, 1, 1, 2]], [29, [9, 4, 1]], [56, 0], [62, 3], [68, 1], [95, 3]]",[1.1961168312132143e-05]
layer_1,176,"[[25, [7, 28, 1, 1, 1]], [27, [1, 2, 2, 1, 1]], [29, [4, 9, 1]], [56, 1], [62, 2], [68, 3], [95, 2]]",[1.2333724989874443e-05]
layer_1,177,"[[25, [7, 14, 2, 1, 1]], [27, [1, 2, 1, 1, 2]], [29, [9, 4, 1]], [56, 2], [62, 0], [68, 1], [95, 3]]",[2.838766059133252e-05]
layer_1,178,"[[25, [7, 14, 1, 1, 2]], [27, [1, 1, 4, 1, 1]], [29, [12, 1, 3]], [56, 2], [62, 1], [68, 1], [95, 2]]",[1.072142598217902e-05]
layer_1,179,"[[25, [7, 14, 1, 1, 2]], [27, [1, 1, 4, 1, 1]], [29, [12, 1, 3]], [56, 2], [62, 2], [68, 1], [95, 2]]",[1.5601670843776107e-05]
layer_1,180,"[[25, [7, 28, 1, 1, 1]], [27, [1, 2, 2, 1, 1]], [29, [4, 9, 1]], [56, 0], [62, 2], [68, 3], [95, 2]]",[1.3383441967634766e-05]
layer_1,181,"[[25, [4, 7, 7, 1, 1]], [27, [1, 4, 1, 1, 1]], [29, [9, 1, 4]], [56, 2], [62, 0], [68, 2], [95, 3]]",[2.1192772010826302e-05]
layer_1,182,"[[25, [7, 14, 2, 1, 1]], [27, [1, 2, 1, 1, 2]], [29, [9, 4, 1]], [56, 2], [62, 1], [68, 0], [95, 3]]",[3.26296511627907e-05]
layer_1,183,"[[25, [7, 14, 1, 1, 2]], [27, [1, 1, 4, 1, 1]], [29, [12, 1, 3]], [56, 2], [62, 3], [68, 1], [95, 2]]",[2.1292980865603643e-05]
layer_1,184,"[[25, [2, 14, 7, 1, 1]], [27, [2, 2, 1, 1, 1]], [29, [6, 2, 3]], [56, 2], [62, 0], [68, 1], [95, 3]]",[1.2530783639536078e-05]
layer_1,185,"[[25, [4, 7, 7, 1, 1]], [27, [1, 4, 1, 1, 1]], [29, [9, 1, 4]], [56, 1], [62, 0], [68, 2], [95, 2]]",[1.3114757945096253e-05]
layer_1,186,"[[25, [7, 14, 1, 1, 2]], [27, [1, 1, 4, 1, 1]], [29, [12, 1, 3]], [56, 2], [62, 3], [68, 3], [95, 2]]",[10000000000]
layer_1,187,"[[25, [7, 28, 1, 1, 1]], [27, [2, 1, 2, 1, 1]], [29, [4, 3, 3]], [56, 0], [62, 0], [68, 1], [95, 2]]",[1.1336994430943701e-05]
layer_1,188,"[[25, [7, 28, 1, 1, 1]], [27, [1, 2, 2, 1, 1]], [29, [12, 3, 1]], [56, 2], [62, 0], [68, 2], [95, 3]]",[2.2598786113853242e-05]
layer_1,189,"[[25, [1, 98, 1, 1, 2]], [27, [2, 1, 1, 2, 1]], [29, [4, 9, 1]], [56, 2], [62, 2], [68, 0], [95, 3]]",[3.6000689192609464e-05]
layer_1,190,"[[25, [98, 1, 1, 1, 2]], [27, [4, 1, 1, 1, 1]], [29, [4, 3, 3]], [56, 0], [62, 0], [68, 1], [95, 0]]",[8.955677170035673e-05]
layer_1,191,"[[25, [1, 196, 1, 1, 1]], [27, [1, 2, 2, 1, 1]], [29, [4, 3, 3]], [56, 0], [62, 3], [68, 3], [95, 3]]",[3.0677906841652326e-05]
layer_1,192,"[[25, [14, 14, 1, 1, 1]], [27, [1, 2, 2, 1, 1]], [29, [4, 3, 3]], [56, 1], [62, 0], [68, 3], [95, 2]]",[1.01714676286311e-05]
layer_1,193,"[[25, [14, 14, 1, 1, 1]], [27, [1, 2, 2, 1, 1]], [29, [4, 9, 1]], [56, 2], [62, 0], [68, 2], [95, 2]]",[8.982478299379983e-06]
layer_1,194,"[[25, [7, 14, 2, 1, 1]], [27, [1, 2, 1, 1, 2]], [29, [9, 4, 1]], [56, 2], [62, 3], [68, 3], [95, 2]]",[1.0231515698587128e-05]
layer_1,195,"[[25, [14, 14, 1, 1, 1]], [27, [1, 2, 2, 1, 1]], [29, [4, 3, 3]], [56, 1], [62, 0], [68, 2], [95, 2]]",[9.955954907917222e-06]
layer_1,196,"[[25, [14, 14, 1, 1, 1]], [27, [1, 2, 2, 1, 1]], [29, [4, 9, 1]], [56, 1], [62, 0], [68, 2], [95, 2]]",[9.235472537616541e-06]
layer_1,197,"[[25, [7, 14, 2, 1, 1]], [27, [1, 2, 1, 1, 2]], [29, [9, 4, 1]], [56, 1], [62, 3], [68, 2], [95, 2]]",[1.130704824800786e-05]
layer_1,198,"[[25, [7, 14, 2, 1, 1]], [27, [1, 2, 1, 1, 2]], [29, [9, 4, 1]], [56, 2], [62, 3], [68, 2], [95, 2]]",[1.1071687905999236e-05]
layer_1,199,"[[25, [7, 28, 1, 1, 1]], [27, [2, 1, 2, 1, 1]], [29, [4, 9, 1]], [56, 2], [62, 0], [68, 3], [95, 2]]",[8.902869842657342e-06]
layer_1,200,"[[25, [7, 14, 2, 1, 1]], [27, [1, 2, 1, 1, 2]], [29, [9, 2, 2]], [56, 2], [62, 3], [68, 1], [95, 2]]",[1.0138479755470895e-05]
layer_1,201,"[[25, [7, 14, 2, 1, 1]], [27, [1, 2, 1, 1, 2]], [29, [9, 4, 1]], [56, 2], [62, 3], [68, 1], [95, 2]]",[9.959389222085023e-06]
layer_1,202,"[[25, [7, 14, 2, 1, 1]], [27, [1, 2, 1, 1, 2]], [29, [9, 2, 2]], [56, 1], [62, 3], [68, 1], [95, 2]]",[9.854868698502703e-06]
layer_1,203,"[[25, [7, 28, 1, 1, 1]], [27, [2, 1, 2, 1, 1]], [29, [4, 9, 1]], [56, 1], [62, 0], [68, 3], [95, 2]]",[9.151344161786238e-06]
layer_1,204,"[[25, [7, 28, 1, 1, 1]], [27, [2, 1, 2, 1, 1]], [29, [4, 3, 3]], [56, 2], [62, 0], [68, 2], [95, 2]]",[9.492357563104954e-06]
layer_1,205,"[[25, [14, 14, 1, 1, 1]], [27, [1, 2, 2, 1, 1]], [29, [4, 9, 1]], [56, 2], [62, 0], [68, 1], [95, 2]]",[9.333392659337027e-06]
layer_1,206,"[[25, [14, 14, 1, 1, 1]], [27, [1, 2, 2, 1, 1]], [29, [4, 3, 3]], [56, 2], [62, 0], [68, 1], [95, 2]]",[9.332948251748253e-06]
layer_1,207,"[[25, [7, 28, 1, 1, 1]], [27, [1, 2, 2, 1, 1]], [29, [4, 3, 3]], [56, 1], [62, 0], [68, 2], [95, 2]]",[9.971681602430226e-06]
layer_1,208,"[[25, [7, 28, 1, 1, 1]], [27, [1, 2, 2, 1, 1]], [29, [4, 9, 1]], [56, 1], [62, 0], [68, 2], [95, 2]]",[9.234996492847255e-06]
layer_1,209,"[[25, [7, 28, 1, 1, 1]], [27, [1, 1, 2, 1, 2]], [29, [12, 3, 1]], [56, 2], [62, 0], [68, 3], [95, 2]]",[10000000000]
layer_1,210,"[[25, [7, 28, 1, 1, 1]], [27, [1, 2, 2, 1, 1]], [29, [4, 9, 1]], [56, 1], [62, 0], [68, 3], [95, 2]]",[9.331742194313623e-06]
layer_1,211,"[[25, [7, 28, 1, 1, 1]], [27, [1, 1, 2, 1, 2]], [29, [12, 3, 1]], [56, 2], [62, 0], [68, 2], [95, 2]]",[1.2709097170555744e-05]
layer_1,212,"[[25, [7, 28, 1, 1, 1]], [27, [2, 1, 2, 1, 1]], [29, [4, 3, 3]], [56, 2], [62, 3], [68, 3], [95, 2]]",[1.1952654060826973e-05]
layer_1,213,"[[25, [7, 28, 1, 1, 1]], [27, [2, 1, 2, 1, 1]], [29, [4, 9, 1]], [56, 2], [62, 0], [68, 1], [95, 2]]",[9.44079688273132e-06]
layer_1,214,"[[25, [7, 28, 1, 1, 1]], [27, [2, 1, 2, 1, 1]], [29, [4, 9, 1]], [56, 2], [62, 3], [68, 2], [95, 2]]",[1.1960599772166318e-05]
layer_1,215,"[[25, [7, 28, 1, 1, 1]], [27, [2, 1, 2, 1, 1]], [29, [4, 3, 3]], [56, 2], [62, 3], [68, 2], [95, 2]]",[1.1963192647058823e-05]
layer_1,216,"[[25, [7, 28, 1, 1, 1]], [27, [2, 1, 2, 1, 1]], [29, [4, 9, 1]], [56, 1], [62, 0], [68, 1], [95, 2]]",[9.75026115435732e-06]
layer_1,217,"[[25, [7, 14, 2, 1, 1]], [27, [1, 2, 1, 1, 2]], [29, [9, 4, 1]], [56, 2], [62, 3], [68, 3], [95, 3]]",[5.0780378943637006e-05]
layer_1,218,"[[25, [7, 14, 2, 1, 1]], [27, [1, 2, 1, 1, 2]], [29, [9, 2, 2]], [56, 2], [62, 3], [68, 3], [95, 3]]",[5.117333194444445e-05]
layer_1,219,"[[25, [7, 28, 1, 1, 1]], [27, [1, 1, 4, 1, 1]], [29, [12, 1, 3]], [56, 1], [62, 0], [68, 2], [95, 2]]",[1.2720184507799893e-05]
layer_1,220,"[[25, [14, 14, 1, 1, 1]], [27, [1, 2, 2, 1, 1]], [29, [4, 9, 1]], [56, 2], [62, 1], [68, 3], [95, 2]]",[1.0653635573521982e-05]
layer_1,221,"[[25, [7, 28, 1, 1, 1]], [27, [1, 1, 4, 1, 1]], [29, [12, 3, 1]], [56, 1], [62, 0], [68, 1], [95, 2]]",[1.0641799119532969e-05]
layer_1,222,"[[25, [14, 14, 1, 1, 1]], [27, [1, 2, 2, 1, 1]], [29, [4, 9, 1]], [56, 1], [62, 1], [68, 3], [95, 2]]",[1.11188304981774e-05]
layer_1,223,"[[25, [14, 14, 1, 1, 1]], [27, [1, 2, 2, 1, 1]], [29, [4, 9, 1]], [56, 2], [62, 1], [68, 2], [95, 2]]",[1.0590633092842224e-05]
layer_1,224,"[[25, [7, 14, 2, 1, 1]], [27, [1, 2, 1, 1, 2]], [29, [9, 2, 2]], [56, 1], [62, 3], [68, 0], [95, 2]]",[1.2109956169027727e-05]
layer_1,225,"[[25, [7, 14, 2, 1, 1]], [27, [1, 2, 1, 1, 2]], [29, [9, 4, 1]], [56, 2], [62, 3], [68, 0], [95, 2]]",[1.119173076144188e-05]
layer_1,226,"[[25, [7, 14, 2, 1, 1]], [27, [1, 2, 2, 1, 1]], [29, [4, 9, 1]], [56, 1], [62, 0], [68, 3], [95, 2]]",[8.494078068443568e-06]
layer_1,227,"[[25, [7, 14, 2, 1, 1]], [27, [1, 2, 2, 1, 1]], [29, [4, 3, 3]], [56, 1], [62, 0], [68, 3], [95, 2]]",[8.81385465116279e-06]
layer_1,228,"[[25, [7, 14, 2, 1, 1]], [27, [1, 2, 1, 2, 1]], [29, [9, 2, 2]], [56, 1], [62, 3], [68, 2], [95, 3]]",[1.0294642669096802e-05]
layer_1,229,"[[25, [7, 14, 2, 1, 1]], [27, [1, 2, 1, 1, 2]], [29, [9, 4, 1]], [56, 1], [62, 3], [68, 2], [95, 3]]",[1.1330296397724877e-05]
layer_1,230,"[[25, [14, 14, 1, 1, 1]], [27, [1, 2, 2, 1, 1]], [29, [4, 9, 1]], [56, 1], [62, 1], [68, 2], [95, 2]]",[1.0847182789000622e-05]
layer_1,231,"[[25, [7, 28, 1, 1, 1]], [27, [2, 1, 2, 1, 1]], [29, [4, 9, 1]], [56, 2], [62, 1], [68, 1], [95, 2]]",[1.1225947144592951e-05]
layer_1,232,"[[25, [7, 14, 2, 1, 1]], [27, [1, 2, 2, 1, 1]], [29, [4, 9, 1]], [56, 1], [62, 0], [68, 1], [95, 2]]",[8.955968193496943e-06]
layer_1,233,"[[25, [7, 14, 2, 1, 1]], [27, [1, 2, 2, 1, 1]], [29, [4, 3, 3]], [56, 2], [62, 0], [68, 1], [95, 2]]",[8.67697574236721e-06]
layer_1,234,"[[25, [7, 14, 2, 1, 1]], [27, [1, 2, 1, 1, 2]], [29, [9, 4, 1]], [56, 1], [62, 3], [68, 1], [95, 3]]",[9.99840223265704e-06]
layer_1,235,"[[25, [7, 14, 2, 1, 1]], [27, [1, 2, 1, 1, 2]], [29, [9, 2, 2]], [56, 1], [62, 3], [68, 1], [95, 3]]",[9.870572251262514e-06]
layer_1,236,"[[25, [7, 14, 2, 1, 1]], [27, [1, 2, 1, 2, 1]], [29, [9, 2, 2]], [56, 2], [62, 3], [68, 1], [95, 3]]",[1.017488527744026e-05]
layer_1,237,"[[25, [7, 14, 2, 1, 1]], [27, [1, 2, 1, 2, 1]], [29, [9, 4, 1]], [56, 1], [62, 3], [68, 1], [95, 3]]",[9.998573185362927e-06]
layer_1,238,"[[25, [7, 28, 1, 1, 1]], [27, [1, 1, 2, 1, 2]], [29, [36, 1, 1]], [56, 1], [62, 1], [68, 1], [95, 2]]",[2.1568744190020508e-05]
layer_1,239,"[[25, [7, 14, 2, 1, 1]], [27, [1, 2, 1, 1, 2]], [29, [9, 4, 1]], [56, 0], [62, 3], [68, 2], [95, 2]]",[1.1795636320486045e-05]
layer_1,240,"[[25, [7, 28, 1, 1, 1]], [27, [1, 2, 2, 1, 1]], [29, [4, 3, 3]], [56, 2], [62, 1], [68, 2], [95, 2]]",[1.0593467153977596e-05]
layer_1,241,"[[25, [7, 14, 2, 1, 1]], [27, [1, 2, 2, 1, 1]], [29, [4, 3, 3]], [56, 1], [62, 3], [68, 3], [95, 2]]",[1.1478030061349693e-05]
layer_1,242,"[[25, [7, 14, 2, 1, 1]], [27, [1, 2, 1, 1, 2]], [29, [9, 4, 1]], [56, 0], [62, 3], [68, 1], [95, 2]]",[1.192589662046706e-05]
layer_1,243,"[[25, [7, 14, 2, 1, 1]], [27, [1, 2, 1, 1, 2]], [29, [6, 2, 3]], [56, 2], [62, 3], [68, 1], [95, 2]]",[2.0306174814111695e-05]
layer_1,244,"[[25, [14, 14, 1, 1, 1]], [27, [1, 2, 2, 1, 1]], [29, [4, 9, 1]], [56, 1], [62, 1], [68, 1], [95, 2]]",[1.1100105562939055e-05]
layer_1,245,"[[25, [14, 14, 1, 1, 1]], [27, [1, 2, 2, 1, 1]], [29, [4, 3, 3]], [56, 1], [62, 1], [68, 1], [95, 2]]",[1.1098755219364598e-05]
layer_1,246,"[[25, [7, 14, 2, 1, 1]], [27, [1, 2, 1, 2, 1]], [29, [9, 4, 1]], [56, 2], [62, 2], [68, 2], [95, 3]]",[1.4003570680031895e-05]
layer_1,247,"[[25, [7, 14, 2, 1, 1]], [27, [1, 2, 1, 1, 2]], [29, [9, 4, 1]], [56, 1], [62, 2], [68, 2], [95, 3]]",[1.4282507945516458e-05]
layer_1,248,"[[25, [7, 14, 2, 1, 1]], [27, [1, 2, 1, 1, 2]], [29, [9, 4, 1]], [56, 2], [62, 2], [68, 2], [95, 3]]",[1.4002195266272189e-05]
layer_1,249,"[[25, [7, 14, 2, 1, 1]], [27, [1, 2, 1, 2, 1]], [29, [9, 2, 2]], [56, 2], [62, 2], [68, 2], [95, 3]]",[9.691777476143469e-06]
layer_1,250,"[[25, [7, 28, 1, 1, 1]], [27, [1, 2, 2, 1, 1]], [29, [4, 3, 3]], [56, 0], [62, 0], [68, 2], [95, 2]]",[1.1563322861753631e-05]
layer_1,251,"[[25, [7, 28, 1, 1, 1]], [27, [1, 2, 2, 1, 1]], [29, [4, 9, 1]], [56, 0], [62, 0], [68, 2], [95, 2]]",[1.0233389975318018e-05]
layer_1,252,"[[25, [14, 14, 1, 1, 1]], [27, [1, 2, 2, 1, 1]], [29, [4, 9, 1]], [56, 1], [62, 3], [68, 3], [95, 2]]",[1.2240481125270498e-05]
layer_1,253,"[[25, [2, 7, 14, 1, 1]], [27, [1, 4, 1, 1, 1]], [29, [9, 4, 1]], [56, 1], [62, 1], [68, 1], [95, 3]]",[2.0837170615333992e-05]
layer_1,254,"[[25, [7, 1, 2, 7, 2]], [27, [1, 1, 2, 2, 1]], [29, [18, 1, 2]], [56, 2], [62, 3], [68, 0], [95, 3]]",[4.251641892285299e-05]
layer_1,255,"[[25, [2, 98, 1, 1, 1]], [27, [1, 2, 1, 2, 1]], [29, [4, 9, 1]], [56, 2], [62, 1], [68, 0], [95, 1]]",[6.74717939764295e-05]
layer_1,256,"[[25, [7, 14, 2, 1, 1]], [27, [1, 2, 2, 1, 1]], [29, [4, 9, 1]], [56, 2], [62, 0], [68, 3], [95, 2]]",[8.22116602484135e-06]
layer_1,257,"[[25, [7, 14, 2, 1, 1]], [27, [1, 2, 2, 1, 1]], [29, [4, 9, 1]], [56, 2], [62, 0], [68, 1], [95, 2]]",[8.572227381768335e-06]
layer_1,258,"[[25, [7, 14, 2, 1, 1]], [27, [1, 2, 2, 1, 1]], [29, [4, 3, 3]], [56, 1], [62, 0], [68, 1], [95, 2]]",[8.837984268669907e-06]
layer_1,259,"[[25, [7, 14, 2, 1, 1]], [27, [1, 2, 2, 1, 1]], [29, [4, 9, 1]], [56, 1], [62, 0], [68, 2], [95, 2]]",[8.466279944060546e-06]
layer_1,260,"[[25, [7, 28, 1, 1, 1]], [27, [2, 1, 2, 1, 1]], [29, [4, 3, 3]], [56, 2], [62, 0], [68, 3], [95, 2]]",[8.994668757841907e-06]
layer_1,261,"[[25, [7, 14, 2, 1, 1]], [27, [1, 2, 2, 1, 1]], [29, [4, 3, 3]], [56, 3], [62, 0], [68, 3], [95, 2]]",[10000000000]
layer_1,262,"[[25, [14, 14, 1, 1, 1]], [27, [1, 2, 2, 1, 1]], [29, [4, 3, 3]], [56, 2], [62, 0], [68, 2], [95, 2]]",[9.699948626144879e-06]
layer_1,263,"[[25, [7, 28, 1, 1, 1]], [27, [2, 1, 2, 1, 1]], [29, [4, 9, 1]], [56, 2], [62, 0], [68, 2], [95, 2]]",[8.959129137024435e-06]
layer_1,264,"[[25, [7, 14, 2, 1, 1]], [27, [1, 2, 2, 1, 1]], [29, [4, 9, 1]], [56, 2], [62, 0], [68, 0], [95, 2]]",[8.787311368871339e-06]
layer_1,265,"[[25, [7, 14, 2, 1, 1]], [27, [1, 2, 2, 1, 1]], [29, [4, 9, 1]], [56, 3], [62, 0], [68, 1], [95, 2]]",[10000000000]
layer_1,266,"[[25, [7, 14, 2, 1, 1]], [27, [1, 2, 2, 1, 1]], [29, [4, 3, 3]], [56, 1], [62, 0], [68, 0], [95, 2]]",[8.975219101621335e-06]
layer_1,267,"[[25, [7, 14, 2, 1, 1]], [27, [1, 2, 2, 1, 1]], [29, [4, 9, 1]], [56, 1], [62, 0], [68, 0], [95, 2]]",[8.974386391251518e-06]
layer_1,268,"[[25, [7, 28, 1, 1, 1]], [27, [2, 1, 2, 1, 1]], [29, [4, 3, 3]], [56, 1], [62, 0], [68, 3], [95, 2]]",[9.286545553956833e-06]
layer_1,269,"[[25, [7, 14, 2, 1, 1]], [27, [1, 2, 2, 1, 1]], [29, [4, 9, 1]], [56, 3], [62, 0], [68, 2], [95, 2]]",[10000000000]
layer_1,270,"[[25, [7, 14, 2, 1, 1]], [27, [1, 2, 2, 1, 1]], [29, [4, 3, 3]], [56, 3], [62, 0], [68, 2], [95, 2]]",[10000000000]
layer_1,271,"[[25, [7, 28, 1, 1, 1]], [27, [2, 1, 2, 1, 1]], [29, [4, 3, 3]], [56, 2], [62, 0], [68, 1], [95, 2]]",[9.438636395853638e-06]
layer_1,272,"[[25, [7, 28, 1, 1, 1]], [27, [2, 1, 2, 1, 1]], [29, [4, 9, 1]], [56, 1], [62, 0], [68, 2], [95, 2]]",[9.313373723112699e-06]
layer_1,273,"[[25, [7, 28, 1, 1, 1]], [27, [2, 1, 2, 1, 1]], [29, [4, 3, 3]], [56, 1], [62, 0], [68, 1], [95, 2]]",[9.764047154776413e-06]
layer_1,274,"[[25, [7, 14, 2, 1, 1]], [27, [1, 2, 2, 1, 1]], [29, [4, 9, 1]], [56, 2], [62, 0], [68, 2], [95, 1]]",[2.2623198195130257e-05]
layer_1,275,"[[25, [7, 14, 2, 1, 1]], [27, [1, 2, 2, 1, 1]], [29, [4, 3, 3]], [56, 3], [62, 0], [68, 0], [95, 2]]",[10000000000]
layer_1,276,"[[25, [7, 14, 2, 1, 1]], [27, [1, 2, 2, 1, 1]], [29, [4, 9, 1]], [56, 0], [62, 0], [68, 3], [95, 2]]",[1.0465824321587686e-05]
layer_1,277,"[[25, [7, 14, 2, 1, 1]], [27, [1, 2, 1, 1, 2]], [29, [9, 1, 4]], [56, 2], [62, 3], [68, 1], [95, 2]]",[1.2211249572844288e-05]
layer_1,278,"[[25, [7, 14, 2, 1, 1]], [27, [1, 2, 1, 2, 1]], [29, [9, 4, 1]], [56, 2], [62, 3], [68, 1], [95, 2]]",[9.958574909187561e-06]
layer_1,279,"[[25, [7, 14, 2, 1, 1]], [27, [1, 2, 1, 2, 1]], [29, [9, 2, 2]], [56, 1], [62, 3], [68, 1], [95, 3]]",[9.844709942942661e-06]
layer_1,280,"[[25, [7, 14, 2, 1, 1]], [27, [1, 2, 1, 2, 1]], [29, [9, 1, 4]], [56, 1], [62, 3], [68, 1], [95, 2]]",[1.2923677184189544e-05]
layer_1,281,"[[25, [7, 14, 1, 2, 1]], [27, [1, 2, 2, 1, 1]], [29, [4, 3, 3]], [56, 2], [62, 0], [68, 3], [95, 2]]",[3.865364856585909e-05]
layer_1,282,"[[25, [7, 14, 1, 1, 2]], [27, [1, 2, 2, 1, 1]], [29, [4, 9, 1]], [56, 2], [62, 0], [68, 3], [95, 2]]",[3.912129737056113e-05]
layer_1,283,"[[25, [7, 14, 1, 1, 2]], [27, [1, 2, 2, 1, 1]], [29, [4, 9, 1]], [56, 2], [62, 0], [68, 2], [95, 2]]",[4.041660524017468e-05]
layer_1,284,"[[25, [7, 14, 1, 1, 2]], [27, [1, 2, 2, 1, 1]], [29, [4, 3, 3]], [56, 2], [62, 0], [68, 2], [95, 2]]",[4.474695159759569e-05]
layer_1,285,"[[25, [7, 14, 1, 1, 2]], [27, [1, 2, 2, 1, 1]], [29, [4, 3, 3]], [56, 2], [62, 0], [68, 1], [95, 2]]",[4.072959147869674e-05]
layer_1,286,"[[25, [7, 14, 1, 2, 1]], [27, [1, 2, 2, 1, 1]], [29, [4, 3, 3]], [56, 2], [62, 0], [68, 1], [95, 2]]",[4.073228160592255e-05]
layer_1,287,"[[25, [7, 28, 1, 1, 1]], [27, [1, 2, 2, 1, 1]], [29, [4, 9, 1]], [56, 2], [62, 0], [68, 2], [95, 1]]",[2.7108626164439044e-05]
layer_1,288,"[[25, [7, 28, 1, 1, 1]], [27, [2, 1, 2, 1, 1]], [29, [4, 9, 1]], [56, 2], [62, 1], [68, 3], [95, 2]]",[1.0681280765482413e-05]
layer_1,289,"[[25, [7, 28, 1, 1, 1]], [27, [1, 2, 2, 1, 1]], [29, [4, 3, 3]], [56, 2], [62, 0], [68, 3], [95, 1]]",[2.7161690438561832e-05]
layer_1,290,"[[25, [7, 14, 1, 1, 2]], [27, [1, 2, 2, 1, 1]], [29, [4, 3, 3]], [56, 2], [62, 0], [68, 0], [95, 2]]",[4.546903353369186e-05]
layer_1,291,"[[25, [7, 14, 1, 1, 2]], [27, [1, 2, 2, 1, 1]], [29, [4, 9, 1]], [56, 2], [62, 0], [68, 0], [95, 2]]",[4.5832393056416615e-05]
layer_1,292,"[[25, [7, 28, 1, 1, 1]], [27, [2, 1, 2, 1, 1]], [29, [4, 9, 1]], [56, 0], [62, 0], [68, 3], [95, 2]]",[1.0557846965461267e-05]
layer_1,293,"[[25, [7, 28, 1, 1, 1]], [27, [2, 1, 2, 1, 1]], [29, [4, 3, 3]], [56, 0], [62, 0], [68, 3], [95, 2]]",[1.0812743092534914e-05]
layer_1,294,"[[25, [7, 28, 1, 1, 1]], [27, [1, 2, 2, 1, 1]], [29, [4, 3, 3]], [56, 1], [62, 0], [68, 3], [95, 1]]",[2.734003286205579e-05]
layer_1,295,"[[25, [14, 14, 1, 1, 1]], [27, [1, 2, 2, 1, 1]], [29, [4, 3, 3]], [56, 2], [62, 1], [68, 3], [95, 2]]",[1.067217816037287e-05]
layer_1,296,"[[25, [7, 14, 2, 1, 1]], [27, [1, 2, 1, 2, 1]], [29, [4, 9, 1]], [56, 2], [62, 0], [68, 3], [95, 2]]",[3.828584241296838e-05]
layer_1,297,"[[25, [7, 14, 2, 1, 1]], [27, [1, 2, 2, 1, 1]], [29, [4, 3, 3]], [56, 1], [62, 1], [68, 3], [95, 2]]",[1.0594778553299492e-05]
layer_1,298,"[[25, [7, 28, 1, 1, 1]], [27, [1, 2, 2, 1, 1]], [29, [4, 9, 1]], [56, 2], [62, 1], [68, 2], [95, 2]]",[1.0585182260024301e-05]
layer_1,299,"[[25, [7, 28, 1, 1, 1]], [27, [2, 1, 2, 1, 1]], [29, [4, 3, 3]], [56, 2], [62, 1], [68, 2], [95, 2]]",[1.0435878392061564e-05]
layer_1,300,"[[25, [7, 14, 2, 1, 1]], [27, [1, 2, 1, 2, 1]], [29, [4, 9, 1]], [56, 2], [62, 0], [68, 2], [95, 2]]",[4.0114148348519364e-05]
layer_1,301,"[[25, [14, 14, 1, 1, 1]], [27, [1, 2, 2, 1, 1]], [29, [4, 9, 1]], [56, 2], [62, 1], [68, 1], [95, 2]]",[1.0839876874881336e-05]
layer_1,302,"[[25, [14, 14, 1, 1, 1]], [27, [1, 2, 2, 1, 1]], [29, [4, 3, 3]], [56, 2], [62, 1], [68, 1], [95, 2]]",[1.0849993006993006e-05]
layer_1,303,"[[25, [7, 14, 2, 1, 1]], [27, [1, 2, 2, 1, 1]], [29, [9, 2, 2]], [56, 2], [62, 3], [68, 1], [95, 3]]",[2.7678790144080185e-05]
layer_1,304,"[[25, [14, 14, 1, 1, 1]], [27, [1, 2, 2, 1, 1]], [29, [4, 9, 1]], [56, 0], [62, 0], [68, 2], [95, 2]]",[1.0239274032072295e-05]
layer_1,305,"[[25, [14, 14, 1, 1, 1]], [27, [1, 2, 2, 1, 1]], [29, [4, 3, 3]], [56, 0], [62, 0], [68, 2], [95, 2]]",[1.1583348897256588e-05]
layer_1,306,"[[25, [7, 14, 2, 1, 1]], [27, [1, 2, 2, 1, 1]], [29, [9, 4, 1]], [56, 1], [62, 3], [68, 1], [95, 3]]",[2.77790579181855e-05]
layer_1,307,"[[25, [14, 14, 1, 1, 1]], [27, [1, 2, 2, 1, 1]], [29, [4, 3, 3]], [56, 0], [62, 0], [68, 3], [95, 2]]",[1.0886788918773534e-05]
layer_1,308,"[[25, [14, 14, 1, 1, 1]], [27, [1, 2, 2, 1, 1]], [29, [4, 9, 1]], [56, 0], [62, 0], [68, 3], [95, 2]]",[1.0604331955484897e-05]
layer_1,309,"[[25, [7, 28, 1, 1, 1]], [27, [1, 2, 2, 1, 1]], [29, [4, 3, 3]], [56, 1], [62, 1], [68, 2], [95, 2]]",[1.0841623789633567e-05]
layer_1,310,"[[25, [7, 28, 1, 1, 1]], [27, [1, 2, 2, 1, 1]], [29, [4, 9, 1]], [56, 0], [62, 0], [68, 3], [95, 2]]",[1.0605443743894859e-05]
layer_1,311,"[[25, [7, 14, 2, 1, 1]], [27, [1, 2, 1, 1, 2]], [29, [9, 2, 2]], [56, 2], [62, 3], [68, 3], [95, 2]]",[9.982590281716771e-06]
layer_1,312,"[[25, [7, 14, 2, 1, 1]], [27, [1, 2, 1, 2, 1]], [29, [9, 2, 2]], [56, 1], [62, 3], [68, 3], [95, 2]]",[9.932819062084679e-06]
layer_1,313,"[[25, [7, 14, 2, 1, 1]], [27, [1, 2, 1, 1, 2]], [29, [9, 2, 2]], [56, 1], [62, 3], [68, 3], [95, 2]]",[9.95614980064553e-06]
layer_1,314,"[[25, [7, 14, 2, 1, 1]], [27, [1, 2, 1, 2, 1]], [29, [9, 2, 2]], [56, 2], [62, 3], [68, 2], [95, 2]]",[9.99704817109734e-06]
layer_1,315,"[[25, [7, 14, 2, 1, 1]], [27, [1, 2, 1, 1, 2]], [29, [9, 2, 2]], [56, 2], [62, 3], [68, 2], [95, 2]]",[9.99631379180759e-06]
layer_1,316,"[[25, [7, 14, 2, 1, 1]], [27, [1, 2, 1, 2, 1]], [29, [9, 4, 1]], [56, 2], [62, 3], [68, 2], [95, 3]]",[1.1001508505402804e-05]
layer_1,317,"[[25, [7, 2, 7, 1, 2]], [27, [2, 2, 1, 1, 1]], [29, [18, 2, 1]], [56, 2], [62, 2], [68, 1], [95, 2]]",[2.4576401726167126e-05]
layer_1,318,"[[25, [7, 2, 1, 14, 1]], [27, [1, 1, 4, 1, 1]], [29, [9, 2, 2]], [56, 1], [62, 2], [68, 0], [95, 4]]",[4.320841827350934e-05]
layer_1,319,"[[25, [28, 1, 1, 7, 1]], [27, [1, 1, 4, 1, 1]], [29, [6, 3, 2]], [56, 1], [62, 0], [68, 1], [95, 4]]",[2.904630636833046e-05]
layer_1,320,"[[25, [7, 14, 2, 1, 1]], [27, [1, 2, 2, 1, 1]], [29, [4, 9, 1]], [56, 3], [62, 0], [68, 3], [95, 2]]",[10000000000]
layer_1,321,"[[25, [7, 14, 2, 1, 1]], [27, [1, 2, 2, 1, 1]], [29, [4, 9, 1]], [56, 2], [62, 0], [68, 2], [95, 2]]",[8.715371915103653e-06]
layer_1,322,"[[25, [7, 14, 2, 1, 1]], [27, [1, 2, 2, 1, 1]], [29, [4, 3, 3]], [56, 2], [62, 0], [68, 2], [95, 2]]",[8.211113229040096e-06]
layer_1,323,"[[25, [7, 14, 2, 1, 1]], [27, [1, 2, 2, 1, 1]], [29, [4, 3, 3]], [56, 3], [62, 0], [68, 1], [95, 2]]",[10000000000]
layer_1,324,"[[25, [7, 14, 2, 1, 1]], [27, [1, 2, 2, 1, 1]], [29, [4, 3, 3]], [56, 1], [62, 0], [68, 2], [95, 2]]",[8.473274621496028e-06]
layer_1,325,"[[25, [7, 14, 2, 1, 1]], [27, [1, 2, 2, 1, 1]], [29, [4, 9, 1]], [56, 3], [62, 0], [68, 0], [95, 2]]",[10000000000]
layer_1,326,"[[25, [14, 14, 1, 1, 1]], [27, [1, 2, 2, 1, 1]], [29, [4, 3, 3]], [56, 2], [62, 0], [68, 3], [95, 2]]",[9.303678841724251e-06]
layer_1,327,"[[25, [7, 28, 1, 1, 1]], [27, [1, 1, 4, 1, 1]], [29, [4, 9, 1]], [56, 2], [62, 0], [68, 3], [95, 2]]",[7.425691839310907e-06]
layer_1,328,"[[25, [7, 28, 1, 1, 1]], [27, [1, 1, 4, 1, 1]], [29, [4, 3, 3]], [56, 2], [62, 0], [68, 3], [95, 2]]",[7.426395143323927e-06]
layer_1,329,"[[25, [7, 28, 1, 1, 1]], [27, [1, 1, 4, 1, 1]], [29, [4, 9, 1]], [56, 2], [62, 0], [68, 2], [95, 2]]",[7.281563909774436e-06]
layer_1,330,"[[25, [7, 28, 1, 1, 1]], [27, [2, 1, 2, 1, 1]], [29, [4, 3, 3]], [56, 1], [62, 0], [68, 2], [95, 2]]",[9.747908780820582e-06]
layer_1,331,"[[25, [2, 98, 1, 1, 1]], [27, [2, 1, 2, 1, 1]], [29, [4, 9, 1]], [56, 1], [62, 0], [68, 2], [95, 2]]",[9.477358613027716e-06]
layer_1,332,"[[25, [7, 28, 1, 1, 1]], [27, [1, 1, 4, 1, 1]], [29, [4, 9, 1]], [56, 2], [62, 1], [68, 1], [95, 2]]",[8.321171326343817e-06]
layer_1,333,"[[25, [7, 28, 1, 1, 1]], [27, [1, 1, 4, 1, 1]], [29, [4, 3, 3]], [56, 2], [62, 1], [68, 1], [95, 2]]",[8.323327328068443e-06]
layer_1,334,"[[25, [7, 14, 2, 1, 1]], [27, [1, 2, 2, 1, 1]], [29, [4, 9, 1]], [56, 0], [62, 0], [68, 2], [95, 2]]",[1.0287652647291247e-05]
layer_1,335,"[[25, [7, 14, 2, 1, 1]], [27, [1, 2, 2, 1, 1]], [29, [4, 3, 3]], [56, 0], [62, 0], [68, 1], [95, 2]]",[1.06481381505811e-05]
layer_1,336,"[[25, [7, 14, 2, 1, 1]], [27, [1, 2, 2, 1, 1]], [29, [4, 9, 1]], [56, 0], [62, 0], [68, 1], [95, 2]]",[1.0623503905993566e-05]
layer_1,337,"[[25, [7, 14, 2, 1, 1]], [27, [1, 2, 2, 1, 1]], [29, [4, 9, 1]], [56, 0], [62, 0], [68, 0], [95, 2]]",[1.0882851559335765e-05]
layer_1,338,"[[25, [7, 14, 2, 1, 1]], [27, [1, 2, 2, 1, 1]], [29, [4, 3, 3]], [56, 0], [62, 0], [68, 0], [95, 2]]",[1.086816441997342e-05]
layer_1,339,"[[25, [7, 14, 2, 1, 1]], [27, [1, 2, 2, 1, 1]], [29, [4, 9, 1]], [56, 2], [62, 1], [68, 3], [95, 2]]",[1.0420180650305662e-05]
layer_1,340,"[[25, [7, 14, 2, 1, 1]], [27, [1, 2, 2, 1, 1]], [29, [4, 3, 3]], [56, 0], [62, 0], [68, 3], [95, 2]]",[1.0372843451793353e-05]
layer_1,341,"[[25, [7, 14, 2, 1, 1]], [27, [1, 2, 2, 1, 1]], [29, [4, 9, 1]], [56, 2], [62, 1], [68, 2], [95, 2]]",[1.0351681048994418e-05]
layer_1,342,"[[25, [7, 28, 1, 1, 1]], [27, [1, 1, 4, 1, 1]], [29, [4, 9, 1]], [56, 2], [62, 0], [68, 0], [95, 3]]",[1.4982304659048098e-05]
layer_1,343,"[[25, [7, 14, 2, 1, 1]], [27, [1, 2, 1, 1, 2]], [29, [9, 1, 4]], [56, 1], [62, 3], [68, 1], [95, 3]]",[1.292253636981645e-05]
layer_1,344,"[[25, [7, 14, 2, 1, 1]], [27, [1, 2, 2, 1, 1]], [29, [4, 9, 1]], [56, 2], [62, 1], [68, 1], [95, 2]]",[9.935152648566546e-06]
layer_1,345,"[[25, [7, 14, 2, 1, 1]], [27, [1, 2, 2, 1, 1]], [29, [4, 9, 1]], [56, 3], [62, 1], [68, 2], [95, 2]]",[10000000000]
layer_1,346,"[[25, [7, 14, 2, 1, 1]], [27, [1, 2, 1, 2, 1]], [29, [9, 1, 4]], [56, 2], [62, 3], [68, 3], [95, 2]]",[1.4075553252078826e-05]
layer_1,347,"[[25, [7, 14, 2, 1, 1]], [27, [1, 2, 1, 2, 1]], [29, [9, 2, 2]], [56, 2], [62, 3], [68, 3], [95, 2]]",[9.950265440079562e-06]
layer_1,348,"[[25, [7, 14, 2, 1, 1]], [27, [1, 2, 1, 2, 1]], [29, [9, 4, 1]], [56, 2], [62, 3], [68, 3], [95, 2]]",[1.0619212549838618e-05]
layer_1,349,"[[25, [7, 14, 2, 1, 1]], [27, [1, 2, 2, 1, 1]], [29, [12, 3, 1]], [56, 3], [62, 0], [68, 0], [95, 2]]",[10000000000]
layer_1,350,"[[25, [7, 14, 2, 1, 1]], [27, [1, 2, 2, 1, 1]], [29, [4, 9, 1]], [56, 2], [62, 1], [68, 0], [95, 2]]",[1.0760185887870389e-05]
layer_1,351,"[[25, [7, 14, 2, 1, 1]], [27, [1, 2, 2, 1, 1]], [29, [12, 3, 1]], [56, 2], [62, 0], [68, 0], [95, 2]]",[1.1237456156338599e-05]
layer_1,352,"[[25, [7, 14, 2, 1, 1]], [27, [1, 2, 2, 1, 1]], [29, [4, 9, 1]], [56, 3], [62, 1], [68, 1], [95, 2]]",[10000000000]
layer_1,353,"[[25, [7, 14, 2, 1, 1]], [27, [1, 2, 2, 1, 1]], [29, [4, 9, 1]], [56, 1], [62, 1], [68, 2], [95, 2]]",[1.054526651897515e-05]
layer_1,354,"[[25, [7, 14, 2, 1, 1]], [27, [1, 2, 2, 1, 1]], [29, [4, 9, 1]], [56, 3], [62, 1], [68, 0], [95, 2]]",[10000000000]
layer_1,355,"[[25, [7, 14, 2, 1, 1]], [27, [1, 2, 2, 1, 1]], [29, [4, 3, 3]], [56, 1], [62, 1], [68, 1], [95, 2]]",[1.0131086621570837e-05]
layer_1,356,"[[25, [7, 14, 2, 1, 1]], [27, [1, 2, 2, 1, 1]], [29, [4, 9, 1]], [56, 1], [62, 1], [68, 1], [95, 2]]",[1.0130714965573105e-05]
layer_1,357,"[[25, [7, 14, 2, 1, 1]], [27, [1, 2, 2, 1, 1]], [29, [4, 9, 1]], [56, 1], [62, 1], [68, 3], [95, 2]]",[1.0603697072390097e-05]
layer_1,358,"[[25, [7, 14, 2, 1, 1]], [27, [1, 2, 2, 1, 1]], [29, [4, 3, 3]], [56, 1], [62, 1], [68, 0], [95, 2]]",[1.1010836578805809e-05]
layer_1,359,"[[25, [7, 14, 2, 1, 1]], [27, [1, 2, 1, 1, 2]], [29, [9, 1, 4]], [56, 2], [62, 3], [68, 2], [95, 2]]",[1.3774880019235393e-05]
layer_1,360,"[[25, [7, 14, 2, 1, 1]], [27, [1, 2, 1, 2, 1]], [29, [9, 1, 4]], [56, 2], [62, 3], [68, 2], [95, 2]]",[1.3773008355916892e-05]
layer_1,361,"[[25, [7, 14, 2, 1, 1]], [27, [1, 2, 1, 2, 1]], [29, [9, 4, 1]], [56, 2], [62, 3], [68, 2], [95, 2]]",[1.1037056374394837e-05]
layer_1,362,"[[25, [7, 14, 2, 1, 1]], [27, [1, 2, 1, 2, 1]], [29, [9, 1, 4]], [56, 2], [62, 3], [68, 1], [95, 2]]",[1.223932108259263e-05]
layer_1,363,"[[25, [7, 28, 1, 1, 1]], [27, [1, 2, 2, 1, 1]], [29, [6, 2, 3]], [56, 2], [62, 0], [68, 2], [95, 2]]",[1.1925292533936651e-05]
layer_1,364,"[[25, [7, 14, 2, 1, 1]], [27, [1, 2, 1, 2, 1]], [29, [9, 1, 4]], [56, 1], [62, 3], [68, 3], [95, 2]]",[1.1465117954385613e-05]
layer_1,365,"[[25, [7, 14, 2, 1, 1]], [27, [1, 2, 1, 2, 1]], [29, [9, 4, 1]], [56, 1], [62, 3], [68, 3], [95, 2]]",[1.0530804901873723e-05]
layer_1,366,"[[25, [7, 14, 2, 1, 1]], [27, [1, 2, 2, 1, 1]], [29, [12, 3, 1]], [56, 2], [62, 0], [68, 2], [95, 2]]",[1.1509009619279061e-05]
layer_1,367,"[[25, [7, 14, 2, 1, 1]], [27, [1, 2, 1, 1, 2]], [29, [9, 2, 2]], [56, 2], [62, 2], [68, 3], [95, 2]]",[1.2639007382047715e-05]
layer_1,368,"[[25, [7, 14, 2, 1, 1]], [27, [1, 2, 1, 1, 2]], [29, [9, 1, 4]], [56, 2], [62, 2], [68, 3], [95, 2]]",[1.2376701667563207e-05]
layer_1,369,"[[25, [7, 28, 1, 1, 1]], [27, [2, 1, 2, 1, 1]], [29, [4, 3, 3]], [56, 2], [62, 1], [68, 3], [95, 2]]",[1.0663771064055994e-05]
layer_1,370,"[[25, [7, 28, 1, 1, 1]], [27, [2, 1, 2, 1, 1]], [29, [4, 9, 1]], [56, 2], [62, 1], [68, 2], [95, 2]]",[1.0452763365735116e-05]
layer_1,371,"[[25, [7, 14, 2, 1, 1]], [27, [1, 2, 2, 1, 1]], [29, [12, 1, 3]], [56, 1], [62, 0], [68, 1], [95, 2]]",[1.2279602118692334e-05]
layer_1,372,"[[25, [7, 14, 2, 1, 1]], [27, [1, 2, 1, 1, 2]], [29, [9, 1, 4]], [56, 2], [62, 3], [68, 1], [95, 3]]",[1.2240977253310552e-05]
layer_1,373,"[[25, [7, 14, 2, 1, 1]], [27, [1, 2, 1, 2, 1]], [29, [9, 4, 1]], [56, 2], [62, 3], [68, 1], [95, 3]]",[9.94452405422167e-06]
layer_1,374,"[[25, [7, 28, 1, 1, 1]], [27, [2, 1, 2, 1, 1]], [29, [4, 9, 1]], [56, 0], [62, 0], [68, 2], [95, 2]]",[1.0235537432444406e-05]
layer_1,375,"[[25, [7, 14, 2, 1, 1]], [27, [1, 2, 1, 2, 1]], [29, [9, 4, 1]], [56, 1], [62, 3], [68, 2], [95, 3]]",[1.1336391859052249e-05]
layer_1,376,"[[25, [7, 14, 2, 1, 1]], [27, [1, 2, 1, 1, 2]], [29, [9, 4, 1]], [56, 1], [62, 3], [68, 1], [95, 2]]",[9.961590945335341e-06]
layer_1,377,"[[25, [7, 14, 2, 1, 1]], [27, [1, 2, 2, 1, 1]], [29, [12, 1, 3]], [56, 1], [62, 0], [68, 2], [95, 2]]",[1.323787535953979e-05]
layer_1,378,"[[25, [7, 14, 2, 1, 1]], [27, [1, 2, 1, 1, 2]], [29, [9, 2, 2]], [56, 2], [62, 2], [68, 2], [95, 2]]",[9.701644724018783e-06]
layer_1,379,"[[25, [7, 14, 2, 1, 1]], [27, [1, 2, 1, 2, 1]], [29, [9, 4, 1]], [56, 2], [62, 2], [68, 2], [95, 2]]",[1.3983466164604624e-05]
layer_1,380,"[[25, [7, 14, 2, 1, 1]], [27, [1, 2, 1, 1, 2]], [29, [9, 4, 1]], [56, 2], [62, 2], [68, 2], [95, 2]]",[1.3942799749401982e-05]
layer_1,381,"[[25, [1, 98, 1, 1, 2]], [27, [2, 1, 1, 2, 1]], [29, [2, 6, 3]], [56, 1], [62, 2], [68, 0], [95, 3]]",[4.401552495075509e-05]
layer_1,382,"[[25, [7, 2, 7, 1, 2]], [27, [1, 1, 2, 1, 2]], [29, [9, 4, 1]], [56, 3], [62, 3], [68, 0], [95, 3]]",[10000000000]
layer_1,383,"[[25, [49, 2, 1, 1, 2]], [27, [2, 2, 1, 1, 1]], [29, [12, 1, 3]], [56, 2], [62, 3], [68, 0], [95, 2]]",[2.1528054183813443e-05]
layer_1,384,"[[25, [7, 28, 1, 1, 1]], [27, [1, 1, 4, 1, 1]], [29, [4, 3, 3]], [56, 1], [62, 0], [68, 3], [95, 2]]",[8.09300592345079e-06]
layer_1,385,"[[25, [7, 28, 1, 1, 1]], [27, [1, 1, 4, 1, 1]], [29, [4, 9, 1]], [56, 1], [62, 0], [68, 3], [95, 2]]",[7.5855267316829204e-06]
layer_1,386,"[[25, [7, 28, 1, 1, 1]], [27, [1, 1, 4, 1, 1]], [29, [4, 3, 3]], [56, 2], [62, 0], [68, 2], [95, 2]]",[7.259559324178953e-06]
layer_1,387,"[[25, [7, 28, 1, 1, 1]], [27, [1, 1, 4, 1, 1]], [29, [4, 9, 1]], [56, 1], [62, 0], [68, 2], [95, 2]]",[7.519884307892535e-06]
layer_1,388,"[[25, [7, 28, 1, 1, 1]], [27, [1, 1, 4, 1, 1]], [29, [4, 9, 1]], [56, 2], [62, 0], [68, 1], [95, 2]]",[7.652471521871203e-06]
layer_1,389,"[[25, [7, 28, 1, 1, 1]], [27, [1, 1, 4, 1, 1]], [29, [4, 3, 3]], [56, 2], [62, 0], [68, 1], [95, 2]]",[8.591008733292831e-06]
layer_1,390,"[[25, [7, 28, 1, 1, 1]], [27, [1, 1, 4, 1, 1]], [29, [4, 3, 3]], [56, 1], [62, 0], [68, 1], [95, 2]]",[8.846867884172424e-06]
layer_1,391,"[[25, [7, 28, 1, 1, 1]], [27, [1, 1, 4, 1, 1]], [29, [4, 9, 1]], [56, 1], [62, 1], [68, 3], [95, 2]]",[8.563297633587785e-06]
layer_1,392,"[[25, [7, 28, 1, 1, 1]], [27, [1, 1, 4, 1, 1]], [29, [4, 9, 1]], [56, 2], [62, 1], [68, 2], [95, 2]]",[8.367902870595383e-06]
layer_1,393,"[[25, [7, 28, 1, 1, 1]], [27, [1, 1, 4, 1, 1]], [29, [4, 3, 3]], [56, 1], [62, 1], [68, 2], [95, 2]]",[8.600920731214108e-06]
layer_1,394,"[[25, [7, 28, 1, 1, 1]], [27, [1, 1, 4, 1, 1]], [29, [4, 9, 1]], [56, 1], [62, 1], [68, 2], [95, 2]]",[8.558902866923406e-06]
layer_1,395,"[[25, [7, 28, 1, 1, 1]], [27, [1, 1, 4, 1, 1]], [29, [4, 9, 1]], [56, 1], [62, 2], [68, 3], [95, 2]]",[9.764356085057907e-06]
layer_1,396,"[[25, [7, 28, 1, 1, 1]], [27, [1, 1, 4, 1, 1]], [29, [4, 3, 3]], [56, 1], [62, 2], [68, 3], [95, 2]]",[9.763229478512796e-06]
layer_1,397,"[[25, [7, 28, 1, 1, 1]], [27, [1, 1, 4, 1, 1]], [29, [4, 9, 1]], [56, 2], [62, 2], [68, 2], [95, 2]]",[9.335741273100617e-06]
layer_1,398,"[[25, [7, 28, 1, 1, 1]], [27, [1, 1, 4, 1, 1]], [29, [4, 3, 3]], [56, 2], [62, 2], [68, 2], [95, 2]]",[9.33672379352189e-06]
layer_1,399,"[[25, [7, 28, 1, 1, 1]], [27, [1, 1, 4, 1, 1]], [29, [4, 3, 3]], [56, 1], [62, 2], [68, 2], [95, 2]]",[9.495611145565695e-06]
layer_1,400,"[[25, [7, 28, 1, 1, 1]], [27, [1, 1, 4, 1, 1]], [29, [4, 3, 3]], [56, 1], [62, 1], [68, 1], [95, 2]]",[8.588171472708548e-06]
layer_1,401,"[[25, [7, 28, 1, 1, 1]], [27, [1, 1, 4, 1, 1]], [29, [4, 9, 1]], [56, 1], [62, 1], [68, 1], [95, 2]]",[8.603251316222443e-06]
layer_1,402,"[[25, [7, 28, 1, 1, 1]], [27, [1, 1, 4, 1, 1]], [29, [4, 9, 1]], [56, 0], [62, 0], [68, 3], [95, 2]]",[9.168761070871917e-06]
layer_1,403,"[[25, [7, 28, 1, 1, 1]], [27, [1, 1, 4, 1, 1]], [29, [4, 3, 3]], [56, 1], [62, 3], [68, 3], [95, 2]]",[9.573358376893772e-06]
layer_1,404,"[[25, [7, 28, 1, 1, 1]], [27, [1, 1, 4, 1, 1]], [29, [4, 3, 3]], [56, 0], [62, 0], [68, 2], [95, 2]]",[9.258617618475961e-06]
layer_1,405,"[[25, [7, 28, 1, 1, 1]], [27, [1, 1, 4, 1, 1]], [29, [4, 9, 1]], [56, 2], [62, 3], [68, 2], [95, 2]]",[9.857221618953604e-06]
layer_1,406,"[[25, [7, 28, 1, 1, 1]], [27, [1, 1, 4, 1, 1]], [29, [4, 9, 1]], [56, 2], [62, 2], [68, 1], [95, 2]]",[9.512858189429618e-06]
layer_1,407,"[[25, [7, 28, 1, 1, 1]], [27, [1, 1, 4, 1, 1]], [29, [4, 3, 3]], [56, 2], [62, 2], [68, 1], [95, 2]]",[9.49592374136229e-06]
layer_1,408,"[[25, [7, 14, 2, 1, 1]], [27, [1, 2, 2, 1, 1]], [29, [4, 3, 3]], [56, 2], [62, 0], [68, 3], [95, 2]]",[8.646977661393757e-06]
layer_1,409,"[[25, [7, 28, 1, 1, 1]], [27, [1, 1, 4, 1, 1]], [29, [4, 3, 3]], [56, 2], [62, 3], [68, 1], [95, 2]]",[9.065500398688757e-06]
layer_1,410,"[[25, [7, 28, 1, 1, 1]], [27, [1, 1, 4, 1, 1]], [29, [4, 9, 1]], [56, 2], [62, 3], [68, 1], [95, 2]]",[9.064672366439267e-06]
layer_1,411,"[[25, [7, 14, 2, 1, 1]], [27, [1, 2, 2, 1, 1]], [29, [4, 3, 3]], [56, 2], [62, 0], [68, 0], [95, 2]]",[8.75500262605042e-06]
layer_1,412,"[[25, [2, 98, 1, 1, 1]], [27, [2, 1, 2, 1, 1]], [29, [4, 9, 1]], [56, 1], [62, 0], [68, 3], [95, 2]]",[9.217347894044093e-06]
layer_1,413,"[[25, [2, 98, 1, 1, 1]], [27, [2, 1, 2, 1, 1]], [29, [4, 3, 3]], [56, 1], [62, 0], [68, 3], [95, 2]]",[9.160324562937062e-06]
layer_1,414,"[[25, [2, 98, 1, 1, 1]], [27, [2, 1, 2, 1, 1]], [29, [4, 9, 1]], [56, 1], [62, 0], [68, 1], [95, 2]]",[9.790979210176571e-06]
layer_1,415,"[[25, [7, 14, 2, 1, 1]], [27, [1, 2, 2, 1, 1]], [29, [4, 3, 3]], [56, 2], [62, 1], [68, 3], [95, 2]]",[1.0405026579250465e-05]
layer_1,416,"[[25, [7, 14, 2, 1, 1]], [27, [1, 2, 2, 1, 1]], [29, [4, 3, 3]], [56, 2], [62, 1], [68, 1], [95, 2]]",[9.963860805860805e-06]
layer_1,417,"[[25, [7, 28, 1, 1, 1]], [27, [1, 1, 4, 1, 1]], [29, [2, 18, 1]], [56, 1], [62, 1], [68, 2], [95, 2]]",[9.441807607900512e-06]
layer_1,418,"[[25, [7, 14, 2, 1, 1]], [27, [1, 2, 2, 1, 1]], [29, [4, 3, 3]], [56, 0], [62, 0], [68, 2], [95, 2]]",[1.0266513954106494e-05]
layer_1,419,"[[25, [7, 14, 2, 1, 1]], [27, [1, 1, 4, 1, 1]], [29, [4, 9, 1]], [56, 2], [62, 0], [68, 2], [95, 2]]",[7.947632586590403e-06]
layer_1,420,"[[25, [7, 14, 2, 1, 1]], [27, [1, 1, 4, 1, 1]], [29, [4, 3, 3]], [56, 2], [62, 0], [68, 3], [95, 2]]",[7.4517467385973514e-06]
layer_1,421,"[[25, [7, 14, 2, 1, 1]], [27, [1, 1, 4, 1, 1]], [29, [4, 9, 1]], [56, 2], [62, 0], [68, 3], [95, 2]]",[7.433989278752437e-06]
layer_1,422,"[[25, [7, 14, 2, 1, 1]], [27, [1, 2, 2, 1, 1]], [29, [4, 3, 3]], [56, 2], [62, 2], [68, 2], [95, 2]]",[1.1299812387184114e-05]
layer_1,423,"[[25, [7, 14, 2, 1, 1]], [27, [1, 2, 2, 1, 1]], [29, [4, 3, 3]], [56, 2], [62, 2], [68, 3], [95, 2]]",[1.1714375735530117e-05]
layer_1,424,"[[25, [7, 14, 2, 1, 1]], [27, [1, 2, 2, 1, 1]], [29, [4, 9, 1]], [56, 2], [62, 2], [68, 3], [95, 2]]",[1.1745208606777836e-05]
layer_1,425,"[[25, [7, 14, 2, 1, 1]], [27, [1, 2, 2, 1, 1]], [29, [4, 3, 3]], [56, 1], [62, 1], [68, 2], [95, 2]]",[1.0631764038623793e-05]
layer_1,426,"[[25, [7, 14, 2, 1, 1]], [27, [1, 2, 2, 1, 1]], [29, [4, 3, 3]], [56, 2], [62, 2], [68, 1], [95, 2]]",[1.1436947448359661e-05]
layer_1,427,"[[25, [7, 14, 2, 1, 1]], [27, [1, 2, 2, 1, 1]], [29, [4, 9, 1]], [56, 2], [62, 2], [68, 1], [95, 2]]",[1.1436545661666983e-05]
layer_1,428,"[[25, [7, 28, 1, 1, 1]], [27, [1, 1, 4, 1, 1]], [29, [2, 18, 1]], [56, 1], [62, 1], [68, 1], [95, 2]]",[1.2713933435582823e-05]
layer_1,429,"[[25, [7, 14, 2, 1, 1]], [27, [1, 2, 2, 1, 1]], [29, [4, 9, 1]], [56, 2], [62, 3], [68, 2], [95, 2]]",[1.1698135276248339e-05]
layer_1,430,"[[25, [7, 14, 2, 1, 1]], [27, [1, 2, 2, 1, 1]], [29, [4, 3, 3]], [56, 2], [62, 3], [68, 2], [95, 2]]",[1.1697941142965635e-05]
layer_1,431,"[[25, [7, 14, 2, 1, 1]], [27, [1, 2, 2, 1, 1]], [29, [4, 3, 3]], [56, 2], [62, 3], [68, 1], [95, 2]]",[1.150383335126412e-05]
layer_1,432,"[[25, [2, 98, 1, 1, 1]], [27, [2, 1, 2, 1, 1]], [29, [4, 3, 3]], [56, 2], [62, 1], [68, 3], [95, 2]]",[1.0808668070402764e-05]
layer_1,433,"[[25, [7, 28, 1, 1, 1]], [27, [1, 1, 4, 1, 1]], [29, [4, 3, 3]], [56, 1], [62, 0], [68, 0], [95, 2]]",[1.8029612757475084e-05]
layer_1,434,"[[25, [7, 28, 1, 1, 1]], [27, [1, 1, 4, 1, 1]], [29, [4, 9, 1]], [56, 1], [62, 0], [68, 0], [95, 2]]",[1.5976025486895886e-05]
layer_1,435,"[[25, [7, 28, 1, 1, 1]], [27, [2, 1, 2, 1, 1]], [29, [4, 3, 3]], [56, 0], [62, 0], [68, 2], [95, 2]]",[1.169893354683747e-05]
layer_1,436,"[[25, [7, 14, 2, 1, 1]], [27, [1, 2, 2, 1, 1]], [29, [4, 9, 1]], [56, 1], [62, 2], [68, 2], [95, 2]]",[1.1486177460795606e-05]
layer_1,437,"[[25, [7, 14, 2, 1, 1]], [27, [1, 2, 2, 1, 1]], [29, [4, 3, 3]], [56, 1], [62, 2], [68, 2], [95, 2]]",[1.1485990709098676e-05]
layer_1,438,"[[25, [7, 14, 2, 1, 1]], [27, [1, 2, 2, 1, 1]], [29, [4, 3, 3]], [56, 3], [62, 1], [68, 2], [95, 2]]",[10000000000]
layer_1,439,"[[25, [7, 14, 2, 1, 1]], [27, [1, 2, 2, 1, 1]], [29, [4, 3, 3]], [56, 1], [62, 2], [68, 3], [95, 2]]",[1.1897455472467708e-05]
layer_1,440,"[[25, [7, 14, 2, 1, 1]], [27, [1, 2, 2, 1, 1]], [29, [4, 9, 1]], [56, 1], [62, 2], [68, 3], [95, 2]]",[1.193954276492738e-05]
layer_1,441,"[[25, [7, 14, 2, 1, 1]], [27, [1, 2, 2, 1, 1]], [29, [4, 9, 1]], [56, 3], [62, 1], [68, 3], [95, 2]]",[10000000000]
layer_1,442,"[[25, [7, 14, 2, 1, 1]], [27, [1, 2, 2, 1, 1]], [29, [4, 3, 3]], [56, 3], [62, 1], [68, 3], [95, 2]]",[10000000000]
layer_1,443,"[[25, [7, 14, 2, 1, 1]], [27, [1, 1, 4, 1, 1]], [29, [4, 3, 3]], [56, 3], [62, 0], [68, 3], [95, 2]]",[10000000000]
layer_1,444,"[[25, [7, 14, 2, 1, 1]], [27, [1, 1, 4, 1, 1]], [29, [4, 9, 1]], [56, 3], [62, 0], [68, 3], [95, 2]]",[10000000000]
layer_1,445,"[[25, [2, 7, 7, 2, 1]], [27, [1, 1, 1, 4, 1]], [29, [18, 1, 2]], [56, 0], [62, 0], [68, 1], [95, 4]]",[4.5832417688831504e-05]
layer_1,446,"[[25, [7, 7, 1, 1, 4]], [27, [1, 2, 1, 1, 2]], [29, [12, 3, 1]], [56, 2], [62, 3], [68, 2], [95, 0]]",[0.00014264320550458717]
layer_1,447,"[[25, [7, 7, 2, 2, 1]], [27, [1, 2, 2, 1, 1]], [29, [9, 4, 1]], [56, 3], [62, 0], [68, 0], [95, 4]]",[10000000000]
layer_1,448,"[[25, [7, 14, 2, 1, 1]], [27, [1, 1, 4, 1, 1]], [29, [4, 9, 1]], [56, 1], [62, 0], [68, 3], [95, 2]]",[7.869748792019534e-06]
layer_1,449,"[[25, [7, 7, 4, 1, 1]], [27, [1, 2, 2, 1, 1]], [29, [4, 3, 3]], [56, 1], [62, 0], [68, 1], [95, 2]]",[9.2783254778252e-06]
layer_1,450,"[[25, [2, 14, 7, 1, 1]], [27, [2, 1, 2, 1, 1]], [29, [4, 9, 1]], [56, 1], [62, 0], [68, 2], [95, 2]]",[1.1461394858137868e-05]
layer_1,451,"[[25, [7, 14, 2, 1, 1]], [27, [1, 1, 4, 1, 1]], [29, [4, 9, 1]], [56, 1], [62, 3], [68, 3], [95, 2]]",[1.02155244311166e-05]
layer_1,452,"[[25, [7, 14, 2, 1, 1]], [27, [1, 1, 4, 1, 1]], [29, [4, 9, 1]], [56, 1], [62, 0], [68, 2], [95, 2]]",[7.828843332320778e-06]
layer_1,453,"[[25, [7, 14, 2, 1, 1]], [27, [1, 1, 4, 1, 1]], [29, [4, 9, 1]], [56, 1], [62, 0], [68, 1], [95, 2]]",[8.43624881421336e-06]
layer_1,454,"[[25, [7, 14, 2, 1, 1]], [27, [1, 1, 4, 1, 1]], [29, [4, 3, 3]], [56, 1], [62, 0], [68, 1], [95, 2]]",[8.918425533799947e-06]
layer_1,455,"[[25, [7, 14, 2, 1, 1]], [27, [1, 1, 4, 1, 1]], [29, [4, 9, 1]], [56, 1], [62, 1], [68, 3], [95, 2]]",[9.076370665469644e-06]
layer_1,456,"[[25, [7, 14, 2, 1, 1]], [27, [1, 1, 4, 1, 1]], [29, [4, 3, 3]], [56, 2], [62, 2], [68, 3], [95, 2]]",[9.297879565646595e-06]
layer_1,457,"[[25, [7, 7, 4, 1, 1]], [27, [1, 2, 2, 1, 1]], [29, [4, 3, 3]], [56, 3], [62, 0], [68, 0], [95, 2]]",[10000000000]
layer_1,458,"[[25, [7, 14, 2, 1, 1]], [27, [1, 1, 4, 1, 1]], [29, [4, 3, 3]], [56, 2], [62, 3], [68, 3], [95, 2]]",[9.82311818906707e-06]
layer_1,459,"[[25, [7, 14, 2, 1, 1]], [27, [1, 1, 4, 1, 1]], [29, [4, 9, 1]], [56, 3], [62, 2], [68, 3], [95, 2]]",[10000000000]
layer_1,460,"[[25, [7, 14, 2, 1, 1]], [27, [1, 1, 4, 1, 1]], [29, [4, 3, 3]], [56, 2], [62, 1], [68, 3], [95, 2]]",[8.666957824222937e-06]
layer_1,461,"[[25, [7, 14, 2, 1, 1]], [27, [1, 1, 4, 1, 1]], [29, [4, 9, 1]], [56, 3], [62, 0], [68, 2], [95, 2]]",[10000000000]
layer_1,462,"[[25, [7, 14, 2, 1, 1]], [27, [1, 1, 4, 1, 1]], [29, [4, 9, 1]], [56, 1], [62, 2], [68, 2], [95, 2]]",[9.669800921414017e-06]
layer_1,463,"[[25, [7, 14, 2, 1, 1]], [27, [1, 1, 4, 1, 1]], [29, [4, 9, 1]], [56, 1], [62, 2], [68, 1], [95, 2]]",[1.0623228587634713e-05]
layer_1,464,"[[25, [7, 14, 2, 1, 1]], [27, [1, 1, 4, 1, 1]], [29, [4, 9, 1]], [56, 1], [62, 1], [68, 2], [95, 2]]",[9.133157792150262e-06]
layer_1,465,"[[25, [7, 14, 2, 1, 1]], [27, [1, 1, 4, 1, 1]], [29, [4, 9, 1]], [56, 1], [62, 1], [68, 1], [95, 2]]",[8.924322494905642e-06]
layer_1,466,"[[25, [7, 14, 2, 1, 1]], [27, [1, 1, 4, 1, 1]], [29, [4, 9, 1]], [56, 2], [62, 2], [68, 1], [95, 2]]",[1.0329821340421493e-05]
layer_1,467,"[[25, [7, 14, 2, 1, 1]], [27, [1, 1, 4, 1, 1]], [29, [4, 9, 1]], [56, 2], [62, 1], [68, 1], [95, 2]]",[8.7864609457622e-06]
layer_1,468,"[[25, [7, 14, 2, 1, 1]], [27, [1, 1, 4, 1, 1]], [29, [4, 3, 3]], [56, 2], [62, 1], [68, 1], [95, 2]]",[8.704550184162062e-06]
layer_1,469,"[[25, [7, 28, 1, 1, 1]], [27, [1, 1, 4, 1, 1]], [29, [4, 9, 1]], [56, 2], [62, 1], [68, 3], [95, 2]]",[8.376848299547663e-06]
layer_1,470,"[[25, [7, 28, 1, 1, 1]], [27, [1, 1, 4, 1, 1]], [29, [4, 3, 3]], [56, 2], [62, 1], [68, 3], [95, 2]]",[8.661089471716256e-06]
layer_1,471,"[[25, [7, 14, 2, 1, 1]], [27, [1, 1, 4, 1, 1]], [29, [4, 9, 1]], [56, 1], [62, 0], [68, 0], [95, 2]]",[9.327925156762355e-06]
layer_1,472,"[[25, [7, 14, 2, 1, 1]], [27, [1, 1, 4, 1, 1]], [29, [4, 3, 3]], [56, 1], [62, 0], [68, 0], [95, 2]]",[9.471575903215114e-06]
layer_1,473,"[[25, [7, 14, 2, 1, 1]], [27, [1, 1, 4, 1, 1]], [29, [4, 9, 1]], [56, 3], [62, 1], [68, 1], [95, 2]]",[10000000000]
layer_1,474,"[[25, [7, 28, 1, 1, 1]], [27, [1, 1, 4, 1, 1]], [29, [4, 3, 3]], [56, 2], [62, 1], [68, 2], [95, 2]]",[8.389008965979554e-06]
layer_1,475,"[[25, [7, 14, 2, 1, 1]], [27, [1, 1, 4, 1, 1]], [29, [4, 3, 3]], [56, 2], [62, 0], [68, 0], [95, 2]]",[9.215183751218216e-06]
layer_1,476,"[[25, [7, 14, 2, 1, 1]], [27, [1, 1, 4, 1, 1]], [29, [4, 3, 3]], [56, 2], [62, 3], [68, 0], [95, 2]]",[1.0251457058967458e-05]
layer_1,477,"[[25, [7, 14, 2, 1, 1]], [27, [1, 1, 4, 1, 1]], [29, [4, 9, 1]], [56, 0], [62, 0], [68, 3], [95, 2]]",[9.533170727385488e-06]
layer_1,478,"[[25, [7, 14, 2, 1, 1]], [27, [1, 1, 4, 1, 1]], [29, [12, 1, 3]], [56, 2], [62, 0], [68, 0], [95, 2]]",[9.797075189206975e-06]
layer_1,479,"[[25, [7, 14, 2, 1, 1]], [27, [1, 1, 4, 1, 1]], [29, [4, 3, 3]], [56, 2], [62, 2], [68, 0], [95, 2]]",[9.898600805678112e-06]
layer_1,480,"[[25, [7, 14, 2, 1, 1]], [27, [1, 1, 4, 1, 1]], [29, [4, 9, 1]], [56, 2], [62, 1], [68, 0], [95, 2]]",[9.219453603158935e-06]
layer_1,481,"[[25, [7, 14, 2, 1, 1]], [27, [1, 1, 4, 1, 1]], [29, [12, 3, 1]], [56, 2], [62, 1], [68, 1], [95, 2]]",[1.3070639135551513e-05]
layer_1,482,"[[25, [7, 14, 2, 1, 1]], [27, [1, 1, 4, 1, 1]], [29, [4, 3, 3]], [56, 2], [62, 2], [68, 3], [95, 3]]",[1.5020297336041095e-05]
layer_1,483,"[[25, [7, 28, 1, 1, 1]], [27, [1, 1, 4, 1, 1]], [29, [4, 9, 1]], [56, 1], [62, 0], [68, 1], [95, 2]]",[7.764962374456604e-06]
layer_1,484,"[[25, [7, 14, 2, 1, 1]], [27, [1, 1, 4, 1, 1]], [29, [4, 3, 3]], [56, 0], [62, 1], [68, 3], [95, 2]]",[1.072783485216687e-05]
layer_1,485,"[[25, [7, 14, 2, 1, 1]], [27, [1, 1, 4, 1, 1]], [29, [4, 9, 1]], [56, 0], [62, 1], [68, 3], [95, 2]]",[1.0731703552759813e-05]
layer_1,486,"[[25, [7, 28, 1, 1, 1]], [27, [1, 1, 4, 1, 1]], [29, [4, 3, 3]], [56, 1], [62, 1], [68, 3], [95, 2]]",[8.841982477788746e-06]
layer_1,487,"[[25, [7, 14, 2, 1, 1]], [27, [1, 1, 4, 1, 1]], [29, [4, 9, 1]], [56, 0], [62, 2], [68, 2], [95, 2]]",[1.133175479400038e-05]
layer_1,488,"[[25, [7, 14, 2, 1, 1]], [27, [1, 1, 4, 1, 1]], [29, [4, 9, 1]], [56, 0], [62, 2], [68, 1], [95, 2]]",[1.2382664844066423e-05]
layer_1,489,"[[25, [7, 14, 2, 1, 1]], [27, [1, 1, 4, 1, 1]], [29, [4, 9, 1]], [56, 0], [62, 3], [68, 2], [95, 2]]",[1.1757821815074994e-05]
layer_1,490,"[[25, [2, 14, 7, 1, 1]], [27, [2, 1, 2, 1, 1]], [29, [4, 9, 1]], [56, 1], [62, 1], [68, 2], [95, 2]]",[1.5053776096630643e-05]
layer_1,491,"[[25, [7, 14, 2, 1, 1]], [27, [1, 1, 4, 1, 1]], [29, [4, 9, 1]], [56, 0], [62, 1], [68, 2], [95, 2]]",[1.0333354744396207e-05]
layer_1,492,"[[25, [7, 14, 2, 1, 1]], [27, [1, 1, 4, 1, 1]], [29, [4, 9, 1]], [56, 0], [62, 1], [68, 1], [95, 2]]",[1.073178052022024e-05]
layer_1,493,"[[25, [2, 14, 7, 1, 1]], [27, [2, 1, 2, 1, 1]], [29, [4, 9, 1]], [56, 1], [62, 2], [68, 2], [95, 2]]",[1.7270553004209718e-05]
layer_1,494,"[[25, [7, 7, 4, 1, 1]], [27, [1, 2, 2, 1, 1]], [29, [4, 3, 3]], [56, 1], [62, 1], [68, 1], [95, 2]]",[1.0854179881656804e-05]
layer_1,495,"[[25, [7, 14, 2, 1, 1]], [27, [1, 1, 4, 1, 1]], [29, [4, 9, 1]], [56, 3], [62, 2], [68, 1], [95, 4]]",[10000000000]
layer_1,496,"[[25, [7, 14, 2, 1, 1]], [27, [1, 1, 4, 1, 1]], [29, [4, 9, 1]], [56, 3], [62, 1], [68, 1], [95, 4]]",[10000000000]
layer_1,497,"[[25, [7, 14, 2, 1, 1]], [27, [1, 1, 4, 1, 1]], [29, [4, 9, 1]], [56, 2], [62, 2], [68, 2], [95, 4]]",[1.4871108350586612e-05]
layer_1,498,"[[25, [7, 14, 2, 1, 1]], [27, [1, 1, 4, 1, 1]], [29, [4, 9, 1]], [56, 1], [62, 1], [68, 1], [95, 4]]",[1.2337561360874849e-05]
layer_1,499,"[[25, [2, 14, 7, 1, 1]], [27, [2, 1, 2, 1, 1]], [29, [4, 9, 1]], [56, 1], [62, 3], [68, 0], [95, 2]]",[2.0335119359534207e-05]
layer_1,500,"[[25, [2, 98, 1, 1, 1]], [27, [2, 1, 2, 1, 1]], [29, [4, 9, 1]], [56, 2], [62, 0], [68, 3], [95, 2]]",[9.000126366950182e-06]
layer_1,501,"[[25, [2, 14, 7, 1, 1]], [27, [2, 1, 2, 1, 1]], [29, [4, 9, 1]], [56, 1], [62, 3], [68, 2], [95, 2]]",[1.8345740601503757e-05]
layer_1,502,"[[25, [7, 28, 1, 1, 1]], [27, [1, 1, 4, 1, 1]], [29, [4, 3, 3]], [56, 2], [62, 3], [68, 3], [95, 2]]",[9.370071980914776e-06]
layer_1,503,"[[25, [7, 28, 1, 1, 1]], [27, [1, 1, 4, 1, 1]], [29, [4, 9, 1]], [56, 2], [62, 3], [68, 3], [95, 2]]",[9.374653013403319e-06]
layer_1,504,"[[25, [7, 28, 1, 1, 1]], [27, [1, 1, 4, 1, 1]], [29, [4, 3, 3]], [56, 2], [62, 2], [68, 3], [95, 2]]",[9.601692385304767e-06]
layer_1,505,"[[25, [7, 28, 1, 1, 1]], [27, [1, 1, 4, 1, 1]], [29, [4, 9, 1]], [56, 2], [62, 2], [68, 3], [95, 2]]",[9.601557375505977e-06]
layer_1,506,"[[25, [7, 14, 2, 1, 1]], [27, [1, 1, 4, 1, 1]], [29, [4, 9, 1]], [56, 1], [62, 3], [68, 3], [95, 4]]",[1.996658607991162e-05]
layer_1,507,"[[25, [7, 28, 1, 1, 1]], [27, [1, 1, 4, 1, 1]], [29, [4, 3, 3]], [56, 0], [62, 0], [68, 1], [95, 2]]",[1.0853620288692862e-05]
layer_1,508,"[[25, [7, 28, 1, 1, 1]], [27, [1, 1, 4, 1, 1]], [29, [4, 9, 1]], [56, 0], [62, 0], [68, 1], [95, 2]]",[8.920050026752275e-06]
layer_1,509,"[[25, [1, 49, 2, 2, 1]], [27, [1, 1, 2, 2, 1]], [29, [6, 2, 3]], [56, 0], [62, 2], [68, 0], [95, 4]]",[6.0883717417297735e-05]
layer_1,510,"[[25, [1, 49, 1, 1, 4]], [27, [1, 2, 1, 2, 1]], [29, [12, 3, 1]], [56, 0], [62, 2], [68, 2], [95, 3]]",[4.855038980263159e-05]
layer_1,511,"[[25, [7, 7, 2, 2, 1]], [27, [1, 1, 1, 1, 4]], [29, [9, 4, 1]], [56, 3], [62, 1], [68, 3], [95, 4]]",[10000000000]
layer_1,512,"[[25, [7, 28, 1, 1, 1]], [27, [1, 1, 4, 1, 1]], [29, [4, 3, 3]], [56, 1], [62, 0], [68, 2], [95, 2]]",[7.768999258270287e-06]
layer_1,513,"[[25, [7, 14, 2, 1, 1]], [27, [1, 1, 4, 1, 1]], [29, [4, 3, 3]], [56, 1], [62, 0], [68, 3], [95, 2]]",[7.874644061360875e-06]
layer_1,514,"[[25, [7, 14, 2, 1, 1]], [27, [1, 1, 4, 1, 1]], [29, [4, 3, 3]], [56, 2], [62, 0], [68, 2], [95, 2]]",[7.4290585351359376e-06]
layer_1,515,"[[25, [7, 14, 2, 1, 1]], [27, [2, 1, 2, 1, 1]], [29, [4, 9, 1]], [56, 2], [62, 0], [68, 3], [95, 2]]",[8.747661167844985e-06]
layer_1,516,"[[25, [7, 14, 2, 1, 1]], [27, [1, 1, 4, 1, 1]], [29, [4, 3, 3]], [56, 3], [62, 0], [68, 2], [95, 2]]",[10000000000]
layer_1,517,"[[25, [7, 14, 2, 1, 1]], [27, [1, 1, 4, 1, 1]], [29, [4, 9, 1]], [56, 2], [62, 0], [68, 1], [95, 2]]",[7.860653554070474e-06]
layer_1,518,"[[25, [14, 7, 2, 1, 1]], [27, [1, 2, 2, 1, 1]], [29, [4, 9, 1]], [56, 2], [62, 0], [68, 3], [95, 2]]",[8.22932683288077e-06]
layer_1,519,"[[25, [7, 14, 2, 1, 1]], [27, [1, 1, 4, 1, 1]], [29, [4, 3, 3]], [56, 1], [62, 0], [68, 2], [95, 2]]",[7.859437608046519e-06]
layer_1,520,"[[25, [14, 7, 2, 1, 1]], [27, [1, 2, 2, 1, 1]], [29, [4, 9, 1]], [56, 2], [62, 0], [68, 2], [95, 2]]",[8.482452111984284e-06]
layer_1,521,"[[25, [7, 14, 2, 1, 1]], [27, [2, 1, 2, 1, 1]], [29, [4, 3, 3]], [56, 2], [62, 0], [68, 2], [95, 2]]",[8.483337333612829e-06]
layer_1,522,"[[25, [7, 14, 2, 1, 1]], [27, [1, 1, 4, 1, 1]], [29, [4, 9, 1]], [56, 3], [62, 0], [68, 1], [95, 2]]",[10000000000]
layer_1,523,"[[25, [7, 14, 2, 1, 1]], [27, [2, 1, 2, 1, 1]], [29, [4, 3, 3]], [56, 1], [62, 0], [68, 3], [95, 2]]",[8.949138352602754e-06]
layer_1,524,"[[25, [7, 14, 2, 1, 1]], [27, [1, 1, 4, 1, 1]], [29, [4, 9, 1]], [56, 2], [62, 1], [68, 3], [95, 2]]",[8.896721595836946e-06]
layer_1,525,"[[25, [7, 14, 2, 1, 1]], [27, [2, 1, 2, 1, 1]], [29, [4, 9, 1]], [56, 3], [62, 0], [68, 2], [95, 2]]",[10000000000]
layer_1,526,"[[25, [14, 7, 2, 1, 1]], [27, [1, 2, 2, 1, 1]], [29, [4, 9, 1]], [56, 1], [62, 0], [68, 3], [95, 2]]",[8.615722935623777e-06]
layer_1,527,"[[25, [14, 7, 2, 1, 1]], [27, [1, 2, 2, 1, 1]], [29, [4, 9, 1]], [56, 1], [62, 0], [68, 2], [95, 2]]",[8.460420964780504e-06]
layer_1,528,"[[25, [7, 14, 2, 1, 1]], [27, [2, 1, 2, 1, 1]], [29, [4, 3, 3]], [56, 1], [62, 0], [68, 2], [95, 2]]",[8.705600444225074e-06]
layer_1,529,"[[25, [14, 7, 2, 1, 1]], [27, [1, 2, 2, 1, 1]], [29, [4, 3, 3]], [56, 3], [62, 0], [68, 1], [95, 2]]",[10000000000]
layer_1,530,"[[25, [4, 49, 1, 1, 1]], [27, [1, 1, 4, 1, 1]], [29, [4, 3, 3]], [56, 1], [62, 1], [68, 2], [95, 2]]",[8.620906844510575e-06]
layer_1,531,"[[25, [7, 14, 2, 1, 1]], [27, [2, 1, 2, 1, 1]], [29, [4, 9, 1]], [56, 2], [62, 0], [68, 0], [95, 2]]",[8.733549637649524e-06]
layer_1,532,"[[25, [7, 14, 2, 1, 1]], [27, [1, 1, 4, 1, 1]], [29, [4, 9, 1]], [56, 2], [62, 1], [68, 2], [95, 2]]",[8.27399818031431e-06]
layer_1,533,"[[25, [7, 14, 2, 1, 1]], [27, [1, 1, 4, 1, 1]], [29, [4, 9, 1]], [56, 2], [62, 0], [68, 0], [95, 2]]",[8.900780766699573e-06]
layer_1,534,"[[25, [7, 14, 2, 1, 1]], [27, [1, 1, 4, 1, 1]], [29, [4, 3, 3]], [56, 3], [62, 0], [68, 0], [95, 2]]",[10000000000]
layer_1,535,"[[25, [7, 7, 4, 1, 1]], [27, [1, 2, 2, 1, 1]], [29, [4, 9, 1]], [56, 1], [62, 0], [68, 3], [95, 2]]",[8.950116418590523e-06]
layer_1,536,"[[25, [7, 7, 4, 1, 1]], [27, [1, 2, 2, 1, 1]], [29, [4, 3, 3]], [56, 1], [62, 0], [68, 3], [95, 2]]",[8.951509529333776e-06]
layer_1,537,"[[25, [7, 7, 4, 1, 1]], [27, [1, 2, 2, 1, 1]], [29, [4, 3, 3]], [56, 1], [62, 0], [68, 2], [95, 2]]",[9.062349292530437e-06]
layer_1,538,"[[25, [7, 14, 2, 1, 1]], [27, [1, 1, 4, 1, 1]], [29, [4, 3, 3]], [56, 1], [62, 1], [68, 2], [95, 2]]",[9.132333086541625e-06]
layer_1,539,"[[25, [7, 7, 4, 1, 1]], [27, [1, 2, 2, 1, 1]], [29, [4, 3, 3]], [56, 2], [62, 0], [68, 3], [95, 2]]",[8.430057255676209e-06]
layer_1,540,"[[25, [7, 7, 4, 1, 1]], [27, [1, 2, 2, 1, 1]], [29, [4, 3, 3]], [56, 2], [62, 0], [68, 2], [95, 2]]",[8.57799107581464e-06]
layer_1,541,"[[25, [2, 98, 1, 1, 1]], [27, [2, 1, 2, 1, 1]], [29, [4, 3, 3]], [56, 2], [62, 0], [68, 3], [95, 2]]",[8.937114733764508e-06]
layer_1,542,"[[25, [2, 98, 1, 1, 1]], [27, [2, 1, 2, 1, 1]], [29, [4, 9, 1]], [56, 2], [62, 0], [68, 2], [95, 2]]",[9.223581441263573e-06]
layer_1,543,"[[25, [7, 7, 4, 1, 1]], [27, [1, 2, 2, 1, 1]], [29, [4, 9, 1]], [56, 3], [62, 0], [68, 1], [95, 2]]",[10000000000]
layer_1,544,"[[25, [14, 14, 1, 1, 1]], [27, [1, 1, 4, 1, 1]], [29, [4, 3, 3]], [56, 1], [62, 2], [68, 2], [95, 2]]",[9.510609258118454e-06]
layer_1,545,"[[25, [7, 28, 1, 1, 1]], [27, [1, 1, 4, 1, 1]], [29, [6, 3, 2]], [56, 2], [62, 0], [68, 3], [95, 2]]",[10000000000]
layer_1,546,"[[25, [7, 7, 4, 1, 1]], [27, [1, 2, 2, 1, 1]], [29, [4, 9, 1]], [56, 1], [62, 0], [68, 1], [95, 2]]",[9.329767342960928e-06]
layer_1,547,"[[25, [7, 7, 4, 1, 1]], [27, [1, 2, 2, 1, 1]], [29, [4, 9, 1]], [56, 2], [62, 0], [68, 1], [95, 2]]",[8.81963563183475e-06]
layer_1,548,"[[25, [7, 7, 4, 1, 1]], [27, [1, 2, 2, 1, 1]], [29, [4, 3, 3]], [56, 2], [62, 0], [68, 1], [95, 2]]",[8.820870558375634e-06]
layer_1,549,"[[25, [7, 14, 2, 1, 1]], [27, [1, 1, 4, 1, 1]], [29, [4, 3, 3]], [56, 1], [62, 1], [68, 1], [95, 2]]",[9.188147957827589e-06]
layer_1,550,"[[25, [7, 28, 1, 1, 1]], [27, [1, 1, 4, 1, 1]], [29, [4, 9, 1]], [56, 0], [62, 0], [68, 2], [95, 2]]",[9.385680773200713e-06]
layer_1,551,"[[25, [7, 14, 2, 1, 1]], [27, [1, 1, 4, 1, 1]], [29, [4, 3, 3]], [56, 3], [62, 2], [68, 3], [95, 2]]",[10000000000]
layer_1,552,"[[25, [7, 28, 1, 1, 1]], [27, [1, 1, 4, 1, 1]], [29, [4, 3, 3]], [56, 2], [62, 3], [68, 2], [95, 2]]",[1.0184098727928611e-05]
layer_1,553,"[[25, [7, 28, 1, 1, 1]], [27, [1, 1, 4, 1, 1]], [29, [4, 3, 3]], [56, 0], [62, 0], [68, 3], [95, 2]]",[9.175881980004876e-06]
layer_1,554,"[[25, [28, 7, 1, 1, 1]], [27, [1, 2, 2, 1, 1]], [29, [4, 3, 3]], [56, 1], [62, 0], [68, 3], [95, 2]]",[9.376810793024021e-06]
layer_1,555,"[[25, [7, 28, 1, 1, 1]], [27, [1, 1, 4, 1, 1]], [29, [6, 3, 2]], [56, 1], [62, 0], [68, 3], [95, 2]]",[10000000000]
layer_1,556,"[[25, [14, 14, 1, 1, 1]], [27, [1, 1, 4, 1, 1]], [29, [4, 9, 1]], [56, 0], [62, 0], [68, 2], [95, 2]]",[9.391368919996457e-06]
layer_1,557,"[[25, [7, 14, 2, 1, 1]], [27, [1, 1, 4, 1, 1]], [29, [4, 3, 3]], [56, 0], [62, 0], [68, 3], [95, 2]]",[9.837874295539211e-06]
layer_1,558,"[[25, [7, 28, 1, 1, 1]], [27, [1, 1, 4, 1, 1]], [29, [4, 3, 3]], [56, 1], [62, 3], [68, 2], [95, 2]]",[1.0029348205809759e-05]
layer_1,559,"[[25, [4, 49, 1, 1, 1]], [27, [2, 1, 2, 1, 1]], [29, [4, 9, 1]], [56, 2], [62, 0], [68, 3], [95, 2]]",[8.917752706078269e-06]
layer_1,560,"[[25, [7, 14, 2, 1, 1]], [27, [1, 1, 4, 1, 1]], [29, [4, 3, 3]], [56, 0], [62, 0], [68, 2], [95, 2]]",[9.540304206811027e-06]
layer_1,561,"[[25, [7, 14, 2, 1, 1]], [27, [1, 1, 4, 1, 1]], [29, [4, 9, 1]], [56, 0], [62, 0], [68, 2], [95, 2]]",[9.542418357402321e-06]
layer_1,562,"[[25, [7, 28, 1, 1, 1]], [27, [1, 1, 4, 1, 1]], [29, [4, 9, 1]], [56, 1], [62, 2], [68, 2], [95, 2]]",[9.504271871202916e-06]
layer_1,563,"[[25, [7, 14, 2, 1, 1]], [27, [1, 1, 4, 1, 1]], [29, [4, 9, 1]], [56, 1], [62, 2], [68, 3], [95, 2]]",[9.801601567858893e-06]
layer_1,564,"[[25, [7, 14, 2, 1, 1]], [27, [1, 1, 4, 1, 1]], [29, [4, 3, 3]], [56, 1], [62, 2], [68, 3], [95, 2]]",[1.0141634777494608e-05]
layer_1,565,"[[25, [7, 14, 2, 1, 1]], [27, [2, 1, 2, 1, 1]], [29, [4, 3, 3]], [56, 0], [62, 0], [68, 3], [95, 2]]",[1.0519625055373437e-05]
layer_1,566,"[[25, [7, 28, 1, 1, 1]], [27, [1, 1, 4, 1, 1]], [29, [4, 9, 1]], [56, 1], [62, 3], [68, 1], [95, 2]]",[9.237938406131684e-06]
layer_1,567,"[[25, [14, 14, 1, 1, 1]], [27, [1, 2, 2, 1, 1]], [29, [4, 9, 1]], [56, 1], [62, 0], [68, 1], [95, 2]]",[9.690543834156736e-06]
layer_1,568,"[[25, [4, 49, 1, 1, 1]], [27, [1, 1, 4, 1, 1]], [29, [4, 9, 1]], [56, 2], [62, 3], [68, 3], [95, 2]]",[9.408801452178268e-06]
layer_1,569,"[[25, [7, 28, 1, 1, 1]], [27, [1, 1, 4, 1, 1]], [29, [6, 2, 3]], [56, 2], [62, 1], [68, 3], [95, 2]]",[10000000000]
layer_1,570,"[[25, [7, 28, 1, 1, 1]], [27, [1, 1, 4, 1, 1]], [29, [2, 18, 1]], [56, 2], [62, 3], [68, 2], [95, 2]]",[1.0870893505803136e-05]
layer_1,571,"[[25, [7, 28, 1, 1, 1]], [27, [1, 1, 4, 1, 1]], [29, [2, 9, 2]], [56, 2], [62, 3], [68, 2], [95, 2]]",[1.0869332365892714e-05]
layer_1,572,"[[25, [7, 28, 1, 1, 1]], [27, [1, 1, 4, 1, 1]], [29, [4, 3, 3]], [56, 1], [62, 2], [68, 1], [95, 2]]",[9.663579699849037e-06]
layer_1,573,"[[25, [7, 4, 7, 1, 1]], [27, [1, 2, 1, 2, 1]], [29, [12, 3, 1]], [56, 2], [62, 3], [68, 2], [95, 3]]",[4.43954354024354e-05]
layer_1,574,"[[25, [28, 1, 7, 1, 1]], [27, [1, 2, 2, 1, 1]], [29, [12, 1, 3]], [56, 3], [62, 2], [68, 1], [95, 1]]",[10000000000]
layer_1,575,"[[25, [2, 98, 1, 1, 1]], [27, [1, 1, 1, 1, 4]], [29, [12, 1, 3]], [56, 1], [62, 3], [68, 1], [95, 2]]",[4.751910006455778e-05]
layer_1,576,"[[25, [14, 14, 1, 1, 1]], [27, [1, 1, 4, 1, 1]], [29, [4, 9, 1]], [56, 2], [62, 0], [68, 3], [95, 2]]",[7.4978037891026575e-06]
layer_1,577,"[[25, [7, 14, 2, 1, 1]], [27, [1, 1, 4, 1, 1]], [29, [4, 3, 3]], [56, 2], [62, 0], [68, 1], [95, 2]]",[7.828724937343357e-06]
layer_1,578,"[[25, [14, 7, 2, 1, 1]], [27, [1, 2, 2, 1, 1]], [29, [4, 3, 3]], [56, 2], [62, 0], [68, 2], [95, 2]]",[8.21906410676273e-06]
layer_1,579,"[[25, [14, 14, 1, 1, 1]], [27, [1, 1, 4, 1, 1]], [29, [4, 9, 1]], [56, 1], [62, 0], [68, 2], [95, 2]]",[7.636450703166128e-06]
layer_1,580,"[[25, [14, 7, 2, 1, 1]], [27, [1, 2, 2, 1, 1]], [29, [4, 3, 3]], [56, 2], [62, 0], [68, 3], [95, 2]]",[8.618879982780886e-06]
layer_1,581,"[[25, [14, 14, 1, 1, 1]], [27, [1, 1, 4, 1, 1]], [29, [4, 9, 1]], [56, 1], [62, 0], [68, 3], [95, 2]]",[7.592363636363636e-06]
layer_1,582,"[[25, [14, 7, 2, 1, 1]], [27, [1, 2, 2, 1, 1]], [29, [4, 3, 3]], [56, 2], [62, 0], [68, 1], [95, 2]]",[8.641092000691085e-06]
layer_1,583,"[[25, [14, 7, 2, 1, 1]], [27, [1, 2, 2, 1, 1]], [29, [4, 9, 1]], [56, 2], [62, 0], [68, 1], [95, 2]]",[8.621476210998102e-06]
layer_1,584,"[[25, [7, 14, 2, 1, 1]], [27, [2, 1, 2, 1, 1]], [29, [4, 9, 1]], [56, 2], [62, 0], [68, 2], [95, 2]]",[8.550143347957081e-06]
layer_1,585,"[[25, [7, 7, 4, 1, 1]], [27, [1, 2, 2, 1, 1]], [29, [4, 9, 1]], [56, 2], [62, 0], [68, 3], [95, 2]]",[8.419347144372064e-06]
layer_1,586,"[[25, [14, 14, 1, 1, 1]], [27, [1, 1, 4, 1, 1]], [29, [4, 9, 1]], [56, 1], [62, 0], [68, 1], [95, 2]]",[7.76403787764918e-06]
layer_1,587,"[[25, [14, 7, 2, 1, 1]], [27, [1, 2, 2, 1, 1]], [29, [4, 3, 3]], [56, 1], [62, 0], [68, 2], [95, 2]]",[8.52125379708384e-06]
layer_1,588,"[[25, [7, 14, 2, 1, 1]], [27, [1, 1, 4, 1, 1]], [29, [4, 3, 3]], [56, 2], [62, 1], [68, 2], [95, 2]]",[8.261598876063184e-06]
layer_1,589,"[[25, [14, 7, 2, 1, 1]], [27, [1, 2, 2, 1, 1]], [29, [4, 3, 3]], [56, 1], [62, 0], [68, 3], [95, 2]]",[8.810945656333715e-06]
layer_1,590,"[[25, [7, 14, 2, 1, 1]], [27, [2, 1, 2, 1, 1]], [29, [4, 3, 3]], [56, 2], [62, 0], [68, 3], [95, 2]]",[8.739885653175388e-06]
layer_1,591,"[[25, [7, 14, 2, 1, 1]], [27, [2, 1, 2, 1, 1]], [29, [4, 9, 1]], [56, 2], [62, 0], [68, 1], [95, 2]]",[8.403943073379401e-06]
layer_1,592,"[[25, [7, 14, 2, 1, 1]], [27, [2, 1, 2, 1, 1]], [29, [4, 3, 3]], [56, 2], [62, 0], [68, 1], [95, 2]]",[8.66230190852254e-06]
layer_1,593,"[[25, [7, 7, 4, 1, 1]], [27, [1, 2, 2, 1, 1]], [29, [4, 9, 1]], [56, 2], [62, 0], [68, 2], [95, 2]]",[8.57657667638484e-06]
layer_1,594,"[[25, [14, 7, 2, 1, 1]], [27, [1, 2, 2, 1, 1]], [29, [4, 3, 3]], [56, 1], [62, 0], [68, 1], [95, 2]]",[8.83678174427852e-06]
layer_1,595,"[[25, [14, 7, 2, 1, 1]], [27, [1, 2, 2, 1, 1]], [29, [4, 9, 1]], [56, 1], [62, 0], [68, 1], [95, 2]]",[8.973814823955249e-06]
layer_1,596,"[[25, [14, 7, 2, 1, 1]], [27, [1, 2, 2, 1, 1]], [29, [4, 9, 1]], [56, 2], [62, 0], [68, 0], [95, 2]]",[8.72911267236865e-06]
layer_1,597,"[[25, [14, 7, 2, 1, 1]], [27, [1, 2, 2, 1, 1]], [29, [4, 3, 3]], [56, 2], [62, 0], [68, 0], [95, 2]]",[8.731347268284168e-06]
layer_1,598,"[[25, [7, 14, 2, 1, 1]], [27, [2, 1, 2, 1, 1]], [29, [4, 9, 1]], [56, 1], [62, 0], [68, 2], [95, 2]]",[1.137172609183728e-05]
layer_1,599,"[[25, [7, 14, 2, 1, 1]], [27, [1, 1, 2, 1, 2]], [29, [4, 9, 1]], [56, 2], [62, 0], [68, 2], [95, 2]]",[8.22850424289607e-06]
layer_1,600,"[[25, [7, 14, 2, 1, 1]], [27, [1, 1, 2, 2, 1]], [29, [4, 3, 3]], [56, 2], [62, 0], [68, 2], [95, 2]]",[7.78503181555641e-06]
layer_1,601,"[[25, [7, 14, 2, 1, 1]], [27, [1, 1, 2, 1, 2]], [29, [4, 3, 3]], [56, 1], [62, 0], [68, 2], [95, 2]]",[8.233055764411027e-06]
layer_1,602,"[[25, [7, 14, 2, 1, 1]], [27, [1, 1, 2, 2, 1]], [29, [4, 3, 3]], [56, 1], [62, 0], [68, 2], [95, 2]]",[8.233108341559723e-06]
layer_1,603,"[[25, [7, 14, 2, 1, 1]], [27, [2, 1, 2, 1, 1]], [29, [4, 9, 1]], [56, 1], [62, 0], [68, 3], [95, 2]]",[8.989372109506512e-06]
layer_1,604,"[[25, [7, 14, 2, 1, 1]], [27, [2, 1, 2, 1, 1]], [29, [4, 3, 3]], [56, 1], [62, 0], [68, 1], [95, 2]]",[8.86625950208204e-06]
layer_1,605,"[[25, [7, 14, 2, 1, 1]], [27, [1, 1, 2, 2, 1]], [29, [4, 3, 3]], [56, 2], [62, 0], [68, 3], [95, 2]]",[7.745382792534655e-06]
layer_1,606,"[[25, [7, 14, 2, 1, 1]], [27, [1, 1, 2, 2, 1]], [29, [4, 9, 1]], [56, 2], [62, 0], [68, 3], [95, 2]]",[7.735401732539253e-06]
layer_1,607,"[[25, [7, 14, 2, 1, 1]], [27, [1, 1, 2, 1, 2]], [29, [4, 3, 3]], [56, 2], [62, 0], [68, 3], [95, 2]]",[7.748983342372355e-06]
layer_1,608,"[[25, [14, 14, 1, 1, 1]], [27, [1, 1, 4, 1, 1]], [29, [4, 9, 1]], [56, 1], [62, 1], [68, 2], [95, 2]]",[9.002287594603488e-06]
layer_1,609,"[[25, [7, 14, 2, 1, 1]], [27, [1, 1, 2, 1, 2]], [29, [4, 3, 3]], [56, 1], [62, 0], [68, 3], [95, 2]]",[8.173257231573786e-06]
layer_1,610,"[[25, [14, 14, 1, 1, 1]], [27, [1, 1, 4, 1, 1]], [29, [4, 9, 1]], [56, 1], [62, 1], [68, 3], [95, 2]]",[8.554266871952784e-06]
layer_1,611,"[[25, [7, 14, 2, 1, 1]], [27, [1, 1, 4, 1, 1]], [29, [4, 3, 3]], [56, 1], [62, 1], [68, 3], [95, 2]]",[9.072469138699836e-06]
layer_1,612,"[[25, [7, 14, 2, 1, 1]], [27, [1, 1, 2, 2, 1]], [29, [4, 9, 1]], [56, 2], [62, 0], [68, 1], [95, 2]]",[9.054094192168478e-06]
layer_1,613,"[[25, [7, 14, 2, 1, 1]], [27, [1, 1, 2, 2, 1]], [29, [4, 3, 3]], [56, 2], [62, 0], [68, 1], [95, 2]]",[7.889783184793753e-06]
layer_1,614,"[[25, [7, 7, 4, 1, 1]], [27, [1, 2, 2, 1, 1]], [29, [4, 9, 1]], [56, 1], [62, 0], [68, 2], [95, 2]]",[9.059852028439983e-06]
layer_1,615,"[[25, [14, 7, 2, 1, 1]], [27, [1, 2, 2, 1, 1]], [29, [4, 9, 1]], [56, 1], [62, 0], [68, 0], [95, 2]]",[8.946398535845014e-06]
layer_1,616,"[[25, [7, 14, 2, 1, 1]], [27, [1, 1, 2, 1, 2]], [29, [4, 3, 3]], [56, 1], [62, 0], [68, 1], [95, 2]]",[9.510268733358692e-06]
layer_1,617,"[[25, [7, 14, 2, 1, 1]], [27, [1, 1, 2, 2, 1]], [29, [4, 3, 3]], [56, 1], [62, 0], [68, 1], [95, 2]]",[8.584634090161237e-06]
layer_1,618,"[[25, [7, 14, 2, 1, 1]], [27, [2, 1, 2, 1, 1]], [29, [4, 3, 3]], [56, 2], [62, 0], [68, 0], [95, 2]]",[8.709307173412307e-06]
layer_1,619,"[[25, [7, 14, 2, 1, 1]], [27, [1, 1, 4, 1, 1]], [29, [4, 3, 3]], [56, 3], [62, 0], [68, 1], [95, 2]]",[10000000000]
layer_1,620,"[[25, [14, 14, 1, 1, 1]], [27, [1, 1, 4, 1, 1]], [29, [4, 9, 1]], [56, 1], [62, 1], [68, 1], [95, 2]]",[8.602745475485356e-06]
layer_1,621,"[[25, [7, 7, 4, 1, 1]], [27, [1, 2, 2, 1, 1]], [29, [4, 3, 3]], [56, 2], [62, 0], [68, 0], [95, 2]]",[9.085952003958437e-06]
layer_1,622,"[[25, [28, 7, 1, 1, 1]], [27, [1, 2, 2, 1, 1]], [29, [4, 9, 1]], [56, 2], [62, 0], [68, 3], [95, 2]]",[9.077427936821322e-06]
layer_1,623,"[[25, [4, 49, 1, 1, 1]], [27, [1, 2, 2, 1, 1]], [29, [4, 9, 1]], [56, 2], [62, 0], [68, 3], [95, 2]]",[9.275878417375456e-06]
layer_1,624,"[[25, [28, 7, 1, 1, 1]], [27, [1, 2, 2, 1, 1]], [29, [4, 9, 1]], [56, 2], [62, 0], [68, 1], [95, 2]]",[9.500885735439289e-06]
layer_1,625,"[[25, [7, 14, 2, 1, 1]], [27, [2, 1, 2, 1, 1]], [29, [4, 3, 3]], [56, 1], [62, 0], [68, 0], [95, 2]]",[8.982215823513778e-06]
layer_1,626,"[[25, [7, 14, 2, 1, 1]], [27, [2, 1, 2, 1, 1]], [29, [4, 9, 1]], [56, 1], [62, 0], [68, 0], [95, 2]]",[9.298830690174536e-06]
layer_1,627,"[[25, [4, 49, 1, 1, 1]], [27, [2, 1, 2, 1, 1]], [29, [4, 9, 1]], [56, 2], [62, 0], [68, 1], [95, 2]]",[9.324495464291605e-06]
layer_1,628,"[[25, [7, 28, 1, 1, 1]], [27, [1, 1, 2, 1, 2]], [29, [4, 9, 1]], [56, 2], [62, 0], [68, 2], [95, 2]]",[9.842374630978154e-06]
layer_1,629,"[[25, [7, 28, 1, 1, 1]], [27, [1, 1, 2, 2, 1]], [29, [4, 9, 1]], [56, 2], [62, 0], [68, 2], [95, 2]]",[9.820925384469337e-06]
layer_1,630,"[[25, [4, 49, 1, 1, 1]], [27, [2, 1, 2, 1, 1]], [29, [4, 9, 1]], [56, 1], [62, 0], [68, 3], [95, 2]]",[9.152583768937715e-06]
layer_1,631,"[[25, [14, 7, 2, 1, 1]], [27, [1, 2, 2, 1, 1]], [29, [4, 9, 1]], [56, 3], [62, 0], [68, 2], [95, 2]]",[10000000000]
layer_1,632,"[[25, [14, 7, 2, 1, 1]], [27, [1, 2, 2, 1, 1]], [29, [4, 9, 1]], [56, 3], [62, 0], [68, 3], [95, 2]]",[10000000000]
layer_1,633,"[[25, [7, 14, 2, 1, 1]], [27, [1, 1, 4, 1, 1]], [29, [4, 9, 1]], [56, 2], [62, 2], [68, 2], [95, 2]]",[9.0150367194005e-06]
layer_1,634,"[[25, [28, 7, 1, 1, 1]], [27, [1, 2, 2, 1, 1]], [29, [4, 9, 1]], [56, 1], [62, 0], [68, 2], [95, 2]]",[9.250653317976433e-06]
layer_1,635,"[[25, [7, 28, 1, 1, 1]], [27, [1, 1, 2, 1, 2]], [29, [4, 3, 3]], [56, 2], [62, 0], [68, 1], [95, 2]]",[1.7112482178349014e-05]
layer_1,636,"[[25, [7, 28, 1, 1, 1]], [27, [1, 1, 2, 1, 2]], [29, [4, 9, 1]], [56, 2], [62, 0], [68, 1], [95, 2]]",[1.719512127541075e-05]
layer_1,637,"[[25, [7, 1, 7, 1, 4]], [27, [1, 1, 1, 1, 4]], [29, [36, 1, 1]], [56, 2], [62, 0], [68, 0], [95, 0]]",[0.0001888372936979786]
layer_1,638,"[[25, [1, 98, 2, 1, 1]], [27, [1, 1, 2, 1, 2]], [29, [9, 2, 2]], [56, 1], [62, 3], [68, 2], [95, 2]]",[1.498628967350038e-05]
layer_1,639,"[[25, [2, 49, 1, 1, 2]], [27, [1, 4, 1, 1, 1]], [29, [12, 3, 1]], [56, 0], [62, 2], [68, 1], [95, 1]]",[8.258405422647529e-05]
layer_1,640,"[[25, [14, 14, 1, 1, 1]], [27, [1, 1, 4, 1, 1]], [29, [4, 9, 1]], [56, 2], [62, 0], [68, 2], [95, 2]]",[7.342315007716049e-06]
layer_1,641,"[[25, [14, 14, 1, 1, 1]], [27, [1, 1, 4, 1, 1]], [29, [4, 9, 1]], [56, 2], [62, 0], [68, 1], [95, 2]]",[7.65076063183475e-06]
layer_1,642,"[[25, [14, 14, 1, 1, 1]], [27, [1, 1, 4, 1, 1]], [29, [4, 3, 3]], [56, 1], [62, 0], [68, 3], [95, 2]]",[7.598347357229648e-06]
layer_1,643,"[[25, [7, 14, 2, 1, 1]], [27, [1, 1, 2, 1, 2]], [29, [4, 3, 3]], [56, 2], [62, 0], [68, 2], [95, 2]]",[7.795816144506072e-06]
layer_1,644,"[[25, [14, 14, 1, 1, 1]], [27, [1, 1, 4, 1, 1]], [29, [4, 3, 3]], [56, 1], [62, 0], [68, 1], [95, 2]]",[8.84450933050323e-06]
layer_1,645,"[[25, [4, 49, 1, 1, 1]], [27, [1, 1, 4, 1, 1]], [29, [4, 3, 3]], [56, 2], [62, 1], [68, 2], [95, 2]]",[8.386800788127778e-06]
layer_1,646,"[[25, [7, 14, 2, 1, 1]], [27, [1, 1, 2, 2, 1]], [29, [4, 9, 1]], [56, 1], [62, 0], [68, 3], [95, 2]]",[8.178015210991169e-06]
layer_1,647,"[[25, [7, 14, 2, 1, 1]], [27, [1, 1, 2, 2, 1]], [29, [4, 3, 3]], [56, 1], [62, 0], [68, 3], [95, 2]]",[8.356805487506124e-06]
layer_1,648,"[[25, [7, 14, 2, 1, 1]], [27, [1, 1, 2, 1, 2]], [29, [4, 9, 1]], [56, 1], [62, 0], [68, 2], [95, 2]]",[8.238066068045144e-06]
layer_1,649,"[[25, [7, 14, 2, 1, 1]], [27, [1, 1, 2, 1, 2]], [29, [4, 9, 1]], [56, 1], [62, 0], [68, 3], [95, 2]]",[8.177430043339602e-06]
layer_1,650,"[[25, [14, 14, 1, 1, 1]], [27, [1, 1, 4, 1, 1]], [29, [4, 9, 1]], [56, 2], [62, 1], [68, 3], [95, 2]]",[8.39636204343534e-06]
layer_1,651,"[[25, [7, 14, 2, 1, 1]], [27, [1, 1, 2, 1, 2]], [29, [4, 3, 3]], [56, 2], [62, 2], [68, 3], [95, 2]]",[9.977690276406712e-06]
layer_1,652,"[[25, [7, 14, 2, 1, 1]], [27, [1, 1, 2, 2, 1]], [29, [4, 9, 1]], [56, 2], [62, 2], [68, 3], [95, 2]]",[8.987545985521553e-06]
layer_1,653,"[[25, [7, 14, 2, 1, 1]], [27, [1, 1, 2, 2, 1]], [29, [4, 3, 3]], [56, 2], [62, 2], [68, 3], [95, 2]]",[9.956440953104233e-06]
layer_1,654,"[[25, [7, 14, 2, 1, 1]], [27, [1, 1, 2, 2, 1]], [29, [4, 3, 3]], [56, 2], [62, 2], [68, 2], [95, 2]]",[9.269659674234946e-06]
layer_1,655,"[[25, [7, 14, 2, 1, 1]], [27, [1, 1, 2, 1, 2]], [29, [4, 3, 3]], [56, 2], [62, 2], [68, 2], [95, 2]]",[9.269138779203685e-06]
layer_1,656,"[[25, [7, 14, 2, 1, 1]], [27, [1, 1, 2, 2, 1]], [29, [4, 3, 3]], [56, 2], [62, 1], [68, 2], [95, 2]]",[8.622646435037504e-06]
layer_1,657,"[[25, [7, 14, 2, 1, 1]], [27, [1, 1, 2, 1, 2]], [29, [4, 3, 3]], [56, 2], [62, 1], [68, 2], [95, 2]]",[8.620162892310972e-06]
layer_1,658,"[[25, [7, 14, 2, 1, 1]], [27, [1, 1, 2, 1, 2]], [29, [4, 9, 1]], [56, 2], [62, 1], [68, 2], [95, 2]]",[8.765228743293773e-06]
layer_1,659,"[[25, [7, 14, 2, 1, 1]], [27, [1, 1, 2, 1, 2]], [29, [4, 3, 3]], [56, 2], [62, 1], [68, 3], [95, 2]]",[8.958678007290402e-06]
layer_1,660,"[[25, [7, 14, 2, 1, 1]], [27, [1, 1, 2, 2, 1]], [29, [4, 3, 3]], [56, 2], [62, 1], [68, 3], [95, 2]]",[8.858595793364428e-06]
layer_1,661,"[[25, [4, 49, 1, 1, 1]], [27, [1, 1, 4, 1, 1]], [29, [4, 3, 3]], [56, 2], [62, 1], [68, 1], [95, 2]]",[8.421716554773212e-06]
layer_1,662,"[[25, [7, 14, 2, 1, 1]], [27, [1, 1, 2, 1, 2]], [29, [4, 9, 1]], [56, 2], [62, 0], [68, 1], [95, 2]]",[9.081043375186584e-06]
layer_1,663,"[[25, [14, 14, 1, 1, 1]], [27, [1, 1, 4, 1, 1]], [29, [4, 3, 3]], [56, 2], [62, 1], [68, 1], [95, 2]]",[8.410764149391246e-06]
layer_1,664,"[[25, [14, 14, 1, 1, 1]], [27, [1, 1, 4, 1, 1]], [29, [4, 9, 1]], [56, 2], [62, 1], [68, 1], [95, 2]]",[8.428330868569047e-06]
layer_1,665,"[[25, [14, 14, 1, 1, 1]], [27, [1, 1, 4, 1, 1]], [29, [4, 3, 3]], [56, 1], [62, 1], [68, 3], [95, 2]]",[8.86045308762293e-06]
layer_1,666,"[[25, [14, 7, 2, 1, 1]], [27, [1, 2, 2, 1, 1]], [29, [4, 3, 3]], [56, 3], [62, 0], [68, 2], [95, 2]]",[10000000000]
layer_1,667,"[[25, [4, 49, 1, 1, 1]], [27, [1, 1, 4, 1, 1]], [29, [4, 3, 3]], [56, 1], [62, 1], [68, 1], [95, 2]]",[8.593974415926291e-06]
layer_1,668,"[[25, [7, 14, 2, 1, 1]], [27, [1, 1, 2, 2, 1]], [29, [4, 3, 3]], [56, 1], [62, 2], [68, 2], [95, 2]]",[9.722608594205718e-06]
layer_1,669,"[[25, [7, 14, 2, 1, 1]], [27, [1, 1, 2, 2, 1]], [29, [4, 9, 1]], [56, 1], [62, 1], [68, 3], [95, 2]]",[9.458776911491097e-06]
layer_1,670,"[[25, [7, 14, 2, 1, 1]], [27, [1, 1, 2, 1, 2]], [29, [4, 3, 3]], [56, 1], [62, 1], [68, 2], [95, 2]]",[9.090258700313375e-06]
layer_1,671,"[[25, [7, 14, 2, 1, 1]], [27, [1, 1, 2, 1, 2]], [29, [4, 3, 3]], [56, 1], [62, 1], [68, 3], [95, 2]]",[9.678707402031932e-06]
layer_1,672,"[[25, [7, 14, 2, 1, 1]], [27, [1, 1, 2, 2, 1]], [29, [4, 3, 3]], [56, 1], [62, 1], [68, 3], [95, 2]]",[9.632896966779008e-06]
layer_1,673,"[[25, [7, 14, 2, 1, 1]], [27, [1, 1, 2, 1, 2]], [29, [4, 9, 1]], [56, 1], [62, 0], [68, 1], [95, 2]]",[9.48534225214849e-06]
layer_1,674,"[[25, [14, 7, 2, 1, 1]], [27, [1, 2, 2, 1, 1]], [29, [4, 9, 1]], [56, 3], [62, 0], [68, 1], [95, 2]]",[10000000000]
layer_1,675,"[[25, [7, 14, 2, 1, 1]], [27, [1, 1, 2, 2, 1]], [29, [4, 9, 1]], [56, 2], [62, 2], [68, 1], [95, 2]]",[9.657912473894059e-06]
layer_1,676,"[[25, [7, 14, 2, 1, 1]], [27, [1, 1, 2, 2, 1]], [29, [4, 3, 3]], [56, 2], [62, 2], [68, 1], [95, 2]]",[9.658174005493045e-06]
layer_1,677,"[[25, [7, 14, 2, 1, 1]], [27, [1, 1, 2, 1, 2]], [29, [4, 3, 3]], [56, 2], [62, 2], [68, 1], [95, 2]]",[1.0298520125308524e-05]
layer_1,678,"[[25, [14, 7, 2, 1, 1]], [27, [1, 2, 2, 1, 1]], [29, [4, 3, 3]], [56, 1], [62, 0], [68, 0], [95, 2]]",[8.926176927147645e-06]
layer_1,679,"[[25, [7, 14, 2, 1, 1]], [27, [1, 1, 4, 1, 1]], [29, [4, 3, 3]], [56, 3], [62, 1], [68, 2], [95, 2]]",[10000000000]
layer_1,680,"[[25, [7, 14, 2, 1, 1]], [27, [1, 1, 2, 2, 1]], [29, [4, 3, 3]], [56, 2], [62, 1], [68, 1], [95, 2]]",[8.353642750142052e-06]
layer_1,681,"[[25, [7, 14, 2, 1, 1]], [27, [1, 1, 2, 2, 1]], [29, [4, 9, 1]], [56, 2], [62, 1], [68, 1], [95, 2]]",[8.351968993447867e-06]
layer_1,682,"[[25, [7, 14, 2, 1, 1]], [27, [1, 1, 2, 1, 2]], [29, [4, 9, 1]], [56, 2], [62, 1], [68, 1], [95, 2]]",[8.35250445152332e-06]
layer_1,683,"[[25, [7, 14, 2, 1, 1]], [27, [2, 1, 2, 1, 1]], [29, [4, 9, 1]], [56, 1], [62, 0], [68, 1], [95, 2]]",[8.760018509378084e-06]
layer_1,684,"[[25, [14, 7, 2, 1, 1]], [27, [1, 2, 2, 1, 1]], [29, [4, 9, 1]], [56, 3], [62, 0], [68, 0], [95, 2]]",[10000000000]
layer_1,685,"[[25, [7, 14, 2, 1, 1]], [27, [2, 1, 2, 1, 1]], [29, [4, 3, 3]], [56, 3], [62, 0], [68, 1], [95, 2]]",[10000000000]
layer_1,686,"[[25, [14, 14, 1, 1, 1]], [27, [1, 1, 4, 1, 1]], [29, [4, 9, 1]], [56, 0], [62, 0], [68, 3], [95, 2]]",[9.175083838744203e-06]
layer_1,687,"[[25, [7, 14, 2, 1, 1]], [27, [2, 1, 2, 1, 1]], [29, [4, 3, 3]], [56, 3], [62, 0], [68, 3], [95, 2]]",[10000000000]
layer_1,688,"[[25, [7, 14, 2, 1, 1]], [27, [2, 1, 2, 1, 1]], [29, [4, 9, 1]], [56, 3], [62, 0], [68, 3], [95, 2]]",[10000000000]
layer_1,689,"[[25, [7, 14, 2, 1, 1]], [27, [1, 1, 4, 1, 1]], [29, [4, 3, 3]], [56, 3], [62, 1], [68, 3], [95, 2]]",[10000000000]
layer_1,690,"[[25, [7, 14, 2, 1, 1]], [27, [1, 1, 2, 2, 1]], [29, [4, 9, 1]], [56, 0], [62, 0], [68, 3], [95, 2]]",[9.86630225609756e-06]
layer_1,691,"[[25, [7, 14, 2, 1, 1]], [27, [1, 1, 2, 2, 1]], [29, [4, 9, 1]], [56, 0], [62, 0], [68, 2], [95, 2]]",[9.987915986329978e-06]
layer_1,692,"[[25, [7, 14, 2, 1, 1]], [27, [1, 1, 2, 2, 1]], [29, [4, 3, 3]], [56, 0], [62, 0], [68, 2], [95, 2]]",[9.988052116954624e-06]
layer_1,693,"[[25, [7, 14, 2, 1, 1]], [27, [1, 1, 2, 1, 2]], [29, [4, 3, 3]], [56, 0], [62, 0], [68, 2], [95, 2]]",[9.977243820324268e-06]
layer_1,694,"[[25, [7, 14, 2, 1, 1]], [27, [1, 1, 4, 1, 1]], [29, [4, 3, 3]], [56, 2], [62, 2], [68, 2], [95, 2]]",[9.091087528792365e-06]
layer_1,695,"[[25, [7, 14, 2, 1, 1]], [27, [1, 1, 2, 2, 1]], [29, [12, 1, 3]], [56, 2], [62, 0], [68, 2], [95, 2]]",[1.1455501803683312e-05]
layer_1,696,"[[25, [7, 14, 2, 1, 1]], [27, [1, 1, 2, 1, 2]], [29, [12, 3, 1]], [56, 2], [62, 0], [68, 2], [95, 2]]",[1.1406217106512246e-05]
layer_1,697,"[[25, [7, 14, 2, 1, 1]], [27, [1, 1, 2, 2, 1]], [29, [4, 3, 3]], [56, 2], [62, 0], [68, 0], [95, 2]]",[1.3230748797772718e-05]
layer_1,698,"[[25, [7, 14, 2, 1, 1]], [27, [1, 1, 2, 2, 1]], [29, [4, 9, 1]], [56, 2], [62, 0], [68, 0], [95, 2]]",[1.733522399392559e-05]
layer_1,699,"[[25, [7, 14, 2, 1, 1]], [27, [2, 1, 2, 1, 1]], [29, [4, 3, 3]], [56, 3], [62, 0], [68, 0], [95, 2]]",[10000000000]
layer_1,700,"[[25, [14, 14, 1, 1, 1]], [27, [2, 1, 2, 1, 1]], [29, [4, 9, 1]], [56, 2], [62, 0], [68, 2], [95, 2]]",[9.165794257979598e-06]
layer_1,701,"[[25, [14, 2, 7, 1, 1]], [27, [2, 1, 1, 2, 1]], [29, [18, 1, 2]], [56, 0], [62, 0], [68, 1], [95, 0]]",[1.8455668894458365e-05]
layer_1,702,"[[25, [14, 14, 1, 1, 1]], [27, [2, 1, 2, 1, 1]], [29, [3, 4, 3]], [56, 0], [62, 3], [68, 0], [95, 4]]",[5.61261944333996e-05]
layer_1,703,"[[25, [14, 7, 1, 2, 1]], [27, [2, 2, 1, 1, 1]], [29, [9, 2, 2]], [56, 0], [62, 0], [68, 1], [95, 1]]",[5.584002741312742e-05]
layer_1,704,"[[25, [4, 49, 1, 1, 1]], [27, [1, 1, 4, 1, 1]], [29, [4, 3, 3]], [56, 2], [62, 0], [68, 2], [95, 2]]",[7.767078854961833e-06]
layer_1,705,"[[25, [4, 49, 1, 1, 1]], [27, [1, 1, 4, 1, 1]], [29, [4, 3, 3]], [56, 1], [62, 0], [68, 2], [95, 2]]",[7.486371484266221e-06]
layer_1,706,"[[25, [7, 14, 2, 1, 1]], [27, [1, 1, 2, 2, 1]], [29, [4, 9, 1]], [56, 2], [62, 0], [68, 2], [95, 2]]",[7.775868696840826e-06]
layer_1,707,"[[25, [7, 14, 2, 1, 1]], [27, [1, 1, 2, 1, 2]], [29, [4, 9, 1]], [56, 2], [62, 0], [68, 3], [95, 2]]",[7.707582967244701e-06]
layer_1,708,"[[25, [4, 49, 1, 1, 1]], [27, [1, 1, 4, 1, 1]], [29, [4, 9, 1]], [56, 1], [62, 0], [68, 1], [95, 2]]",[8.010664700861333e-06]
layer_1,709,"[[25, [7, 14, 2, 1, 1]], [27, [1, 1, 2, 1, 2]], [29, [6, 2, 3]], [56, 2], [62, 0], [68, 2], [95, 2]]",[1.112331737493276e-05]
layer_1,710,"[[25, [14, 14, 1, 1, 1]], [27, [1, 1, 4, 1, 1]], [29, [4, 3, 3]], [56, 2], [62, 1], [68, 3], [95, 2]]",[8.645804024874763e-06]
layer_1,711,"[[25, [7, 14, 2, 1, 1]], [27, [1, 1, 2, 1, 2]], [29, [4, 3, 3]], [56, 2], [62, 0], [68, 1], [95, 2]]",[9.056592805882874e-06]
layer_1,712,"[[25, [7, 14, 2, 1, 1]], [27, [1, 1, 2, 2, 1]], [29, [4, 9, 1]], [56, 1], [62, 0], [68, 2], [95, 2]]",[8.238472283996375e-06]
layer_1,713,"[[25, [7, 28, 1, 1, 1]], [27, [1, 1, 4, 1, 1]], [29, [2, 18, 1]], [56, 2], [62, 0], [68, 2], [95, 2]]",[8.037753080750096e-06]
layer_1,714,"[[25, [7, 28, 1, 1, 1]], [27, [1, 1, 4, 1, 1]], [29, [2, 9, 2]], [56, 2], [62, 0], [68, 2], [95, 2]]",[7.972143622946255e-06]
layer_1,715,"[[25, [14, 14, 1, 1, 1]], [27, [1, 1, 4, 1, 1]], [29, [2, 18, 1]], [56, 1], [62, 0], [68, 2], [95, 2]]",[8.20670539963893e-06]
layer_1,716,"[[25, [7, 14, 2, 1, 1]], [27, [1, 1, 2, 2, 1]], [29, [4, 9, 1]], [56, 2], [62, 1], [68, 2], [95, 2]]",[8.768372961599158e-06]
layer_1,717,"[[25, [7, 14, 2, 1, 1]], [27, [1, 1, 2, 1, 2]], [29, [4, 9, 1]], [56, 2], [62, 1], [68, 3], [95, 2]]",[9.300554354567202e-06]
layer_1,718,"[[25, [14, 14, 1, 1, 1]], [27, [1, 1, 4, 1, 1]], [29, [4, 3, 3]], [56, 1], [62, 1], [68, 2], [95, 2]]",[8.58779311624947e-06]
layer_1,719,"[[25, [4, 49, 1, 1, 1]], [27, [1, 1, 4, 1, 1]], [29, [4, 9, 1]], [56, 1], [62, 1], [68, 1], [95, 2]]",[8.587511988945785e-06]
layer_1,720,"[[25, [7, 14, 2, 1, 1]], [27, [1, 1, 2, 2, 1]], [29, [4, 9, 1]], [56, 1], [62, 0], [68, 1], [95, 2]]",[9.489169398422964e-06]
layer_1,721,"[[25, [7, 28, 1, 1, 1]], [27, [1, 1, 4, 1, 1]], [29, [2, 6, 3]], [56, 1], [62, 0], [68, 2], [95, 2]]",[8.15551161907655e-06]
layer_1,722,"[[25, [14, 14, 1, 1, 1]], [27, [1, 1, 4, 1, 1]], [29, [4, 9, 1]], [56, 2], [62, 3], [68, 3], [95, 2]]",[9.39904935834156e-06]
layer_1,723,"[[25, [14, 7, 2, 1, 1]], [27, [1, 2, 2, 1, 1]], [29, [4, 3, 3]], [56, 3], [62, 0], [68, 3], [95, 2]]",[10000000000]
layer_1,724,"[[25, [14, 14, 1, 1, 1]], [27, [1, 1, 4, 1, 1]], [29, [4, 9, 1]], [56, 2], [62, 2], [68, 3], [95, 2]]",[9.588323042037328e-06]
layer_1,725,"[[25, [14, 14, 1, 1, 1]], [27, [1, 1, 4, 1, 1]], [29, [4, 9, 1]], [56, 2], [62, 2], [68, 2], [95, 2]]",[9.357826627651792e-06]
layer_1,726,"[[25, [14, 14, 1, 1, 1]], [27, [1, 1, 4, 1, 1]], [29, [4, 3, 3]], [56, 2], [62, 2], [68, 3], [95, 2]]",[9.589088570343648e-06]
layer_1,727,"[[25, [7, 7, 4, 1, 1]], [27, [1, 2, 2, 1, 1]], [29, [4, 9, 1]], [56, 2], [62, 0], [68, 0], [95, 2]]",[9.077177577595433e-06]
layer_1,728,"[[25, [14, 14, 1, 1, 1]], [27, [1, 1, 4, 1, 1]], [29, [4, 9, 1]], [56, 2], [62, 3], [68, 1], [95, 2]]",[9.044322721289898e-06]
layer_1,729,"[[25, [7, 14, 2, 1, 1]], [27, [1, 1, 2, 1, 2]], [29, [6, 2, 3]], [56, 2], [62, 1], [68, 2], [95, 2]]",[1.1259528384279476e-05]
layer_1,730,"[[25, [7, 14, 2, 1, 1]], [27, [1, 1, 2, 1, 2]], [29, [4, 3, 3]], [56, 2], [62, 1], [68, 1], [95, 2]]",[8.356082700486027e-06]
layer_1,731,"[[25, [14, 14, 1, 1, 1]], [27, [1, 1, 4, 1, 1]], [29, [4, 9, 1]], [56, 2], [62, 2], [68, 1], [95, 2]]",[9.49155970455478e-06]
layer_1,732,"[[25, [14, 14, 1, 1, 1]], [27, [1, 1, 4, 1, 1]], [29, [4, 3, 3]], [56, 2], [62, 2], [68, 1], [95, 2]]",[9.478883086198469e-06]
layer_1,733,"[[25, [7, 14, 2, 1, 1]], [27, [1, 1, 2, 1, 2]], [29, [4, 9, 1]], [56, 1], [62, 1], [68, 2], [95, 2]]",[9.126054778291775e-06]
layer_1,734,"[[25, [7, 14, 2, 1, 1]], [27, [1, 1, 2, 2, 1]], [29, [4, 3, 3]], [56, 1], [62, 1], [68, 2], [95, 2]]",[8.987982995276466e-06]
layer_1,735,"[[25, [7, 14, 2, 1, 1]], [27, [1, 1, 2, 1, 2]], [29, [4, 9, 1]], [56, 1], [62, 1], [68, 3], [95, 2]]",[9.449966892444237e-06]
layer_1,736,"[[25, [28, 7, 1, 1, 1]], [27, [1, 2, 2, 1, 1]], [29, [4, 3, 3]], [56, 2], [62, 0], [68, 3], [95, 2]]",[9.136504064298109e-06]
layer_1,737,"[[25, [14, 14, 1, 1, 1]], [27, [2, 1, 2, 1, 1]], [29, [4, 9, 1]], [56, 2], [62, 0], [68, 3], [95, 2]]",[9.010692035084611e-06]
layer_1,738,"[[25, [7, 7, 4, 1, 1]], [27, [1, 2, 2, 1, 1]], [29, [4, 9, 1]], [56, 3], [62, 0], [68, 3], [95, 2]]",[10000000000]
layer_1,739,"[[25, [7, 7, 4, 1, 1]], [27, [1, 2, 2, 1, 1]], [29, [4, 3, 3]], [56, 3], [62, 0], [68, 3], [95, 2]]",[10000000000]
layer_1,740,"[[25, [7, 14, 2, 1, 1]], [27, [1, 1, 4, 1, 1]], [29, [4, 9, 1]], [56, 2], [62, 3], [68, 2], [95, 2]]",[9.689124833879685e-06]
layer_1,741,"[[25, [7, 14, 2, 1, 1]], [27, [1, 1, 4, 1, 1]], [29, [4, 3, 3]], [56, 2], [62, 3], [68, 2], [95, 2]]",[9.68514689465757e-06]
layer_1,742,"[[25, [7, 14, 2, 1, 1]], [27, [2, 1, 2, 1, 1]], [29, [4, 3, 3]], [56, 3], [62, 0], [68, 2], [95, 2]]",[10000000000]
layer_1,743,"[[25, [7, 14, 2, 1, 1]], [27, [1, 1, 4, 1, 1]], [29, [4, 9, 1]], [56, 2], [62, 2], [68, 3], [95, 2]]",[9.306263153554346e-06]
layer_1,744,"[[25, [7, 14, 2, 1, 1]], [27, [1, 1, 2, 2, 1]], [29, [4, 9, 1]], [56, 2], [62, 2], [68, 2], [95, 2]]",[9.262667982889109e-06]
layer_1,745,"[[25, [7, 14, 2, 1, 1]], [27, [1, 1, 2, 1, 2]], [29, [4, 9, 1]], [56, 2], [62, 2], [68, 2], [95, 2]]",[9.264361477806324e-06]
layer_1,746,"[[25, [7, 14, 2, 1, 1]], [27, [1, 1, 2, 1, 2]], [29, [4, 9, 1]], [56, 2], [62, 2], [68, 3], [95, 2]]",[8.971456235603817e-06]
layer_1,747,"[[25, [4, 49, 1, 1, 1]], [27, [1, 1, 4, 1, 1]], [29, [4, 3, 3]], [56, 2], [62, 3], [68, 2], [95, 2]]",[9.832902602140078e-06]
layer_1,748,"[[25, [4, 49, 1, 1, 1]], [27, [1, 1, 4, 1, 1]], [29, [4, 3, 3]], [56, 2], [62, 2], [68, 3], [95, 2]]",[9.621652933358647e-06]
layer_1,749,"[[25, [4, 49, 1, 1, 1]], [27, [1, 1, 4, 1, 1]], [29, [4, 3, 3]], [56, 2], [62, 2], [68, 2], [95, 2]]",[9.338930450961283e-06]
layer_1,750,"[[25, [28, 7, 1, 1, 1]], [27, [1, 2, 2, 1, 1]], [29, [4, 9, 1]], [56, 1], [62, 0], [68, 3], [95, 2]]",[9.295933551873838e-06]
layer_1,751,"[[25, [4, 49, 1, 1, 1]], [27, [1, 1, 4, 1, 1]], [29, [4, 3, 3]], [56, 2], [62, 3], [68, 1], [95, 2]]",[9.128121402407117e-06]
layer_1,752,"[[25, [14, 14, 1, 1, 1]], [27, [1, 1, 4, 1, 1]], [29, [4, 9, 1]], [56, 1], [62, 2], [68, 3], [95, 2]]",[9.764507456378676e-06]
layer_1,753,"[[25, [14, 14, 1, 1, 1]], [27, [1, 1, 4, 1, 1]], [29, [4, 9, 1]], [56, 1], [62, 2], [68, 2], [95, 2]]",[9.483635421281119e-06]
layer_1,754,"[[25, [14, 14, 1, 1, 1]], [27, [1, 1, 2, 2, 1]], [29, [4, 3, 3]], [56, 1], [62, 0], [68, 3], [95, 2]]",[8.175591720163777e-06]
layer_1,755,"[[25, [7, 14, 1, 2, 1]], [27, [1, 1, 4, 1, 1]], [29, [4, 9, 1]], [56, 2], [62, 0], [68, 2], [95, 2]]",[7.740155959752322e-06]
layer_1,756,"[[25, [7, 14, 2, 1, 1]], [27, [1, 1, 2, 1, 2]], [29, [4, 9, 1]], [56, 1], [62, 1], [68, 1], [95, 2]]",[8.667972458875851e-06]
layer_1,757,"[[25, [7, 14, 2, 1, 1]], [27, [1, 1, 2, 2, 1]], [29, [4, 3, 3]], [56, 1], [62, 1], [68, 1], [95, 2]]",[8.667342122186496e-06]
layer_1,758,"[[25, [7, 14, 2, 1, 1]], [27, [1, 1, 2, 2, 1]], [29, [4, 9, 1]], [56, 1], [62, 1], [68, 1], [95, 2]]",[8.668279123352267e-06]
layer_1,759,"[[25, [14, 14, 1, 1, 1]], [27, [1, 1, 4, 1, 1]], [29, [4, 9, 1]], [56, 1], [62, 3], [68, 1], [95, 2]]",[9.250165933062037e-06]
layer_1,760,"[[25, [14, 14, 1, 1, 1]], [27, [1, 1, 4, 1, 1]], [29, [4, 9, 1]], [56, 1], [62, 2], [68, 1], [95, 2]]",[9.667924625023733e-06]
layer_1,761,"[[25, [7, 28, 1, 1, 1]], [27, [1, 1, 4, 1, 1]], [29, [3, 3, 4]], [56, 2], [62, 1], [68, 3], [95, 2]]",[10000000000]
layer_1,762,"[[25, [7, 14, 2, 1, 1]], [27, [1, 1, 4, 1, 1]], [29, [4, 3, 3]], [56, 1], [62, 2], [68, 2], [95, 2]]",[9.691029680163018e-06]
layer_1,763,"[[25, [7, 14, 2, 1, 1]], [27, [1, 1, 4, 1, 1]], [29, [4, 3, 3]], [56, 3], [62, 1], [68, 1], [95, 2]]",[10000000000]
layer_1,764,"[[25, [7, 14, 2, 1, 1]], [27, [1, 1, 4, 1, 1]], [29, [4, 3, 3]], [56, 1], [62, 3], [68, 2], [95, 2]]",[1.0136302731161566e-05]
layer_1,765,"[[25, [7, 7, 2, 2, 1]], [27, [1, 2, 2, 1, 1]], [29, [3, 6, 2]], [56, 3], [62, 0], [68, 3], [95, 0]]",[10000000000]
layer_1,766,"[[25, [49, 1, 1, 4, 1]], [27, [2, 2, 1, 1, 1]], [29, [12, 1, 3]], [56, 1], [62, 3], [68, 1], [95, 2]]",[0.00014407037453874542]
layer_1,767,"[[25, [1, 98, 1, 1, 2]], [27, [1, 1, 4, 1, 1]], [29, [18, 2, 1]], [56, 2], [62, 1], [68, 1], [95, 4]]",[2.2387354374307863e-05]
layer_1,768,"[[25, [14, 14, 1, 1, 1]], [27, [1, 1, 4, 1, 1]], [29, [4, 3, 3]], [56, 2], [62, 0], [68, 2], [95, 2]]",[7.456719240336777e-06]
layer_1,769,"[[25, [14, 14, 1, 1, 1]], [27, [1, 1, 4, 1, 1]], [29, [4, 3, 3]], [56, 2], [62, 0], [68, 3], [95, 2]]",[7.429950167331408e-06]
layer_1,770,"[[25, [4, 49, 1, 1, 1]], [27, [1, 1, 4, 1, 1]], [29, [4, 9, 1]], [56, 2], [62, 0], [68, 2], [95, 2]]",[7.289334586466166e-06]
layer_1,771,"[[25, [4, 49, 1, 1, 1]], [27, [1, 1, 4, 1, 1]], [29, [4, 3, 3]], [56, 2], [62, 0], [68, 3], [95, 2]]",[7.450305555555556e-06]
layer_1,772,"[[25, [14, 14, 1, 1, 1]], [27, [1, 1, 4, 1, 1]], [29, [4, 3, 3]], [56, 2], [62, 0], [68, 1], [95, 2]]",[8.59051106981683e-06]
layer_1,773,"[[25, [4, 49, 1, 1, 1]], [27, [1, 1, 4, 1, 1]], [29, [4, 3, 3]], [56, 2], [62, 0], [68, 1], [95, 2]]",[8.597507811669679e-06]
layer_1,774,"[[25, [4, 49, 1, 1, 1]], [27, [1, 1, 4, 1, 1]], [29, [4, 9, 1]], [56, 2], [62, 0], [68, 1], [95, 2]]",[7.678698941798942e-06]
layer_1,775,"[[25, [4, 49, 1, 1, 1]], [27, [1, 1, 4, 1, 1]], [29, [4, 9, 1]], [56, 1], [62, 0], [68, 2], [95, 2]]",[7.463865546993956e-06]
layer_1,776,"[[25, [14, 14, 1, 1, 1]], [27, [1, 1, 4, 1, 1]], [29, [4, 3, 3]], [56, 1], [62, 0], [68, 2], [95, 2]]",[7.461213171818436e-06]
layer_1,777,"[[25, [4, 49, 1, 1, 1]], [27, [1, 1, 4, 1, 1]], [29, [4, 3, 3]], [56, 1], [62, 0], [68, 1], [95, 2]]",[8.869344467086028e-06]
layer_1,778,"[[25, [14, 14, 1, 1, 1]], [27, [1, 1, 4, 1, 1]], [29, [2, 18, 1]], [56, 2], [62, 0], [68, 2], [95, 2]]",[8.036556734169078e-06]
layer_1,779,"[[25, [7, 28, 1, 1, 1]], [27, [1, 1, 4, 1, 1]], [29, [2, 9, 2]], [56, 2], [62, 0], [68, 3], [95, 2]]",[7.786803472656437e-06]
layer_1,780,"[[25, [7, 28, 1, 1, 1]], [27, [1, 1, 4, 1, 1]], [29, [2, 18, 1]], [56, 2], [62, 0], [68, 3], [95, 2]]",[7.795307555170087e-06]
layer_1,781,"[[25, [4, 49, 1, 1, 1]], [27, [1, 1, 4, 1, 1]], [29, [2, 6, 3]], [56, 1], [62, 0], [68, 2], [95, 2]]",[8.206464231470232e-06]
layer_1,782,"[[25, [7, 28, 1, 1, 1]], [27, [1, 1, 4, 1, 1]], [29, [2, 9, 2]], [56, 1], [62, 0], [68, 2], [95, 2]]",[8.154359070525887e-06]
layer_1,783,"[[25, [7, 14, 2, 1, 1]], [27, [1, 1, 2, 2, 1]], [29, [3, 12, 1]], [56, 2], [62, 0], [68, 2], [95, 2]]",[1.3887395147511106e-05]
layer_1,784,"[[25, [14, 14, 1, 1, 1]], [27, [1, 1, 4, 1, 1]], [29, [4, 3, 3]], [56, 2], [62, 1], [68, 2], [95, 2]]",[8.410248190194143e-06]
layer_1,785,"[[25, [14, 14, 1, 1, 1]], [27, [1, 1, 2, 1, 2]], [29, [4, 9, 1]], [56, 1], [62, 0], [68, 2], [95, 2]]",[1.0095699819019414e-05]
layer_1,786,"[[25, [7, 14, 1, 1, 2]], [27, [1, 1, 4, 1, 1]], [29, [4, 9, 1]], [56, 2], [62, 0], [68, 2], [95, 2]]",[7.731813979392926e-06]
layer_1,787,"[[25, [7, 14, 1, 2, 1]], [27, [1, 1, 4, 1, 1]], [29, [4, 3, 3]], [56, 2], [62, 0], [68, 2], [95, 2]]",[7.77037173710379e-06]
layer_1,788,"[[25, [7, 14, 1, 2, 1]], [27, [1, 1, 4, 1, 1]], [29, [4, 3, 3]], [56, 2], [62, 0], [68, 3], [95, 2]]",[7.610790715372908e-06]
layer_1,789,"[[25, [7, 14, 1, 2, 1]], [27, [1, 1, 4, 1, 1]], [29, [4, 9, 1]], [56, 2], [62, 0], [68, 3], [95, 2]]",[7.6185662970838396e-06]
layer_1,790,"[[25, [14, 14, 1, 1, 1]], [27, [1, 1, 2, 2, 1]], [29, [4, 3, 3]], [56, 2], [62, 0], [68, 3], [95, 2]]",[7.875621963070942e-06]
layer_1,791,"[[25, [7, 14, 1, 2, 1]], [27, [1, 1, 4, 1, 1]], [29, [4, 3, 3]], [56, 2], [62, 0], [68, 1], [95, 2]]",[8.71916839420862e-06]
layer_1,792,"[[25, [7, 14, 1, 1, 2]], [27, [1, 1, 4, 1, 1]], [29, [4, 9, 1]], [56, 2], [62, 0], [68, 1], [95, 2]]",[8.780364671931957e-06]
layer_1,793,"[[25, [7, 14, 2, 1, 1]], [27, [1, 1, 2, 2, 1]], [29, [4, 9, 1]], [56, 2], [62, 1], [68, 3], [95, 2]]",[8.894631293188548e-06]
layer_1,794,"[[25, [4, 49, 1, 1, 1]], [27, [1, 1, 4, 1, 1]], [29, [4, 3, 3]], [56, 0], [62, 0], [68, 2], [95, 2]]",[9.249464052287581e-06]
layer_1,795,"[[25, [4, 49, 1, 1, 1]], [27, [2, 1, 2, 1, 1]], [29, [4, 3, 3]], [56, 2], [62, 0], [68, 2], [95, 2]]",[9.502865774950893e-06]
layer_1,796,"[[25, [4, 49, 1, 1, 1]], [27, [1, 1, 2, 2, 1]], [29, [4, 3, 3]], [56, 2], [62, 0], [68, 2], [95, 2]]",[1.0404482501993443e-05]
layer_1,797,"[[25, [4, 49, 1, 1, 1]], [27, [1, 1, 2, 1, 2]], [29, [4, 3, 3]], [56, 2], [62, 0], [68, 3], [95, 2]]",[7.890446324143692e-06]
layer_1,798,"[[25, [7, 14, 1, 1, 2]], [27, [1, 1, 4, 1, 1]], [29, [4, 3, 3]], [56, 2], [62, 1], [68, 2], [95, 2]]",[8.702488252697529e-06]
layer_1,799,"[[25, [7, 14, 1, 1, 2]], [27, [1, 1, 4, 1, 1]], [29, [4, 3, 3]], [56, 2], [62, 1], [68, 3], [95, 2]]",[8.616299327933828e-06]
layer_1,800,"[[25, [7, 14, 1, 2, 1]], [27, [1, 1, 4, 1, 1]], [29, [4, 3, 3]], [56, 2], [62, 1], [68, 3], [95, 2]]",[8.616489853528627e-06]
layer_1,801,"[[25, [14, 14, 1, 1, 1]], [27, [1, 1, 2, 1, 2]], [29, [4, 9, 1]], [56, 1], [62, 1], [68, 2], [95, 2]]",[1.1330721297441263e-05]
layer_1,802,"[[25, [14, 14, 1, 1, 1]], [27, [1, 1, 2, 1, 2]], [29, [4, 3, 3]], [56, 1], [62, 1], [68, 2], [95, 2]]",[8.925886311286608e-06]
layer_1,803,"[[25, [14, 14, 1, 1, 1]], [27, [1, 1, 2, 2, 1]], [29, [4, 3, 3]], [56, 1], [62, 1], [68, 3], [95, 2]]",[8.877025172754196e-06]
layer_1,804,"[[25, [7, 7, 4, 1, 1]], [27, [1, 2, 2, 1, 1]], [29, [4, 9, 1]], [56, 3], [62, 0], [68, 2], [95, 2]]",[10000000000]
layer_1,805,"[[25, [7, 7, 4, 1, 1]], [27, [1, 2, 2, 1, 1]], [29, [4, 3, 3]], [56, 3], [62, 0], [68, 2], [95, 2]]",[10000000000]
layer_1,806,"[[25, [4, 49, 1, 1, 1]], [27, [1, 1, 4, 1, 1]], [29, [4, 3, 3]], [56, 0], [62, 0], [68, 1], [95, 2]]",[1.0823934402885893e-05]
layer_1,807,"[[25, [4, 49, 1, 1, 1]], [27, [2, 1, 2, 1, 1]], [29, [4, 3, 3]], [56, 1], [62, 0], [68, 2], [95, 2]]",[9.792694965449162e-06]
layer_1,808,"[[25, [14, 14, 1, 1, 1]], [27, [1, 1, 2, 1, 2]], [29, [4, 9, 1]], [56, 1], [62, 2], [68, 2], [95, 2]]",[1.2118075775745767e-05]
layer_1,809,"[[25, [14, 14, 1, 1, 1]], [27, [1, 1, 2, 1, 2]], [29, [4, 9, 1]], [56, 1], [62, 2], [68, 3], [95, 2]]",[9.207961809843006e-06]
layer_1,810,"[[25, [14, 14, 1, 1, 1]], [27, [1, 1, 2, 2, 1]], [29, [4, 3, 3]], [56, 1], [62, 2], [68, 3], [95, 2]]",[9.218642791297935e-06]
layer_1,811,"[[25, [7, 28, 1, 1, 1]], [27, [1, 1, 4, 1, 1]], [29, [2, 18, 1]], [56, 2], [62, 1], [68, 3], [95, 2]]",[8.413630470549524e-06]
layer_1,812,"[[25, [7, 14, 2, 1, 1]], [27, [1, 1, 2, 1, 2]], [29, [4, 3, 3]], [56, 1], [62, 1], [68, 1], [95, 2]]",[8.673607378411712e-06]
layer_1,813,"[[25, [7, 28, 1, 1, 1]], [27, [1, 1, 4, 1, 1]], [29, [2, 6, 3]], [56, 2], [62, 1], [68, 2], [95, 2]]",[8.609049741798298e-06]
layer_1,814,"[[25, [7, 28, 1, 1, 1]], [27, [1, 1, 4, 1, 1]], [29, [2, 9, 2]], [56, 2], [62, 2], [68, 2], [95, 2]]",[9.741187260703097e-06]
layer_1,815,"[[25, [14, 14, 1, 1, 1]], [27, [1, 1, 4, 1, 1]], [29, [4, 3, 3]], [56, 2], [62, 3], [68, 1], [95, 2]]",[9.582222181949982e-06]
layer_1,816,"[[25, [7, 14, 1, 2, 1]], [27, [1, 1, 4, 1, 1]], [29, [4, 3, 3]], [56, 2], [62, 1], [68, 1], [95, 2]]",[9.866883408956401e-06]
layer_1,817,"[[25, [4, 49, 1, 1, 1]], [27, [1, 2, 2, 1, 1]], [29, [4, 3, 3]], [56, 1], [62, 0], [68, 2], [95, 2]]",[1.0610783447167538e-05]
layer_1,818,"[[25, [7, 14, 1, 2, 1]], [27, [1, 1, 4, 1, 1]], [29, [4, 3, 3]], [56, 1], [62, 0], [68, 2], [95, 2]]",[7.966717117253949e-06]
layer_1,819,"[[25, [7, 14, 1, 2, 1]], [27, [1, 1, 4, 1, 1]], [29, [4, 9, 1]], [56, 1], [62, 0], [68, 2], [95, 2]]",[7.949651434475085e-06]
layer_1,820,"[[25, [4, 49, 1, 1, 1]], [27, [1, 1, 4, 1, 1]], [29, [2, 6, 3]], [56, 2], [62, 2], [68, 2], [95, 2]]",[9.725278431744827e-06]
layer_1,821,"[[25, [14, 14, 1, 1, 1]], [27, [1, 1, 2, 1, 2]], [29, [4, 3, 3]], [56, 2], [62, 1], [68, 2], [95, 2]]",[1.0898896611081228e-05]
layer_1,822,"[[25, [14, 14, 1, 1, 1]], [27, [1, 1, 2, 1, 2]], [29, [4, 9, 1]], [56, 2], [62, 1], [68, 3], [95, 2]]",[8.855881786771965e-06]
layer_1,823,"[[25, [14, 14, 1, 1, 1]], [27, [1, 1, 4, 1, 1]], [29, [2, 18, 1]], [56, 1], [62, 1], [68, 2], [95, 2]]",[9.434410620726401e-06]
layer_1,824,"[[25, [7, 14, 1, 1, 2]], [27, [1, 1, 4, 1, 1]], [29, [4, 3, 3]], [56, 1], [62, 0], [68, 3], [95, 2]]",[7.779682261864691e-06]
layer_1,825,"[[25, [2, 98, 1, 1, 1]], [27, [2, 1, 2, 1, 1]], [29, [4, 9, 1]], [56, 2], [62, 0], [68, 1], [95, 2]]",[9.43980791378743e-06]
layer_1,826,"[[25, [4, 49, 1, 1, 1]], [27, [1, 1, 4, 1, 1]], [29, [2, 6, 3]], [56, 2], [62, 1], [68, 2], [95, 2]]",[8.614960130619684e-06]
layer_1,827,"[[25, [4, 49, 1, 1, 1]], [27, [1, 1, 4, 1, 1]], [29, [4, 9, 1]], [56, 2], [62, 2], [68, 2], [95, 2]]",[9.365941592629155e-06]
layer_1,828,"[[25, [14, 14, 1, 1, 1]], [27, [1, 1, 4, 1, 1]], [29, [4, 9, 1]], [56, 0], [62, 0], [68, 1], [95, 2]]",[8.927299244721317e-06]
layer_1,829,"[[25, [7, 7, 2, 2, 1]], [27, [2, 1, 2, 1, 1]], [29, [9, 4, 1]], [56, 1], [62, 3], [68, 3], [95, 0]]",[1.337207585958163e-05]
layer_1,830,"[[25, [196, 1, 1, 1, 1]], [27, [2, 1, 2, 1, 1]], [29, [9, 1, 4]], [56, 0], [62, 3], [68, 2], [95, 2]]",[1.2511961320372621e-05]
layer_1,831,"[[25, [49, 2, 1, 1, 2]], [27, [1, 1, 1, 1, 4]], [29, [36, 1, 1]], [56, 1], [62, 3], [68, 2], [95, 2]]",[2.7640969988230684e-05]
layer_1,832,"[[25, [14, 14, 1, 1, 1]], [27, [1, 1, 4, 1, 1]], [29, [2, 6, 3]], [56, 2], [62, 0], [68, 3], [95, 2]]",[8.217038781163435e-06]
layer_1,833,"[[25, [14, 14, 1, 1, 1]], [27, [1, 1, 4, 1, 1]], [29, [2, 9, 2]], [56, 2], [62, 0], [68, 3], [95, 2]]",[7.771893634329876e-06]
layer_1,834,"[[25, [14, 14, 1, 1, 1]], [27, [1, 1, 4, 1, 1]], [29, [2, 18, 1]], [56, 2], [62, 0], [68, 3], [95, 2]]",[7.774483368772783e-06]
layer_1,835,"[[25, [4, 49, 1, 1, 1]], [27, [1, 1, 4, 1, 1]], [29, [4, 3, 3]], [56, 1], [62, 0], [68, 3], [95, 2]]",[8.120767922235724e-06]
layer_1,836,"[[25, [7, 14, 1, 2, 1]], [27, [1, 1, 4, 1, 1]], [29, [4, 9, 1]], [56, 1], [62, 0], [68, 3], [95, 2]]",[7.771107699805068e-06]
layer_1,837,"[[25, [7, 14, 1, 1, 2]], [27, [1, 1, 4, 1, 1]], [29, [4, 3, 3]], [56, 1], [62, 0], [68, 2], [95, 2]]",[7.954948864195102e-06]
layer_1,838,"[[25, [7, 14, 1, 1, 2]], [27, [1, 1, 4, 1, 1]], [29, [4, 9, 1]], [56, 1], [62, 0], [68, 2], [95, 2]]",[7.941973116646416e-06]
layer_1,839,"[[25, [14, 14, 1, 1, 1]], [27, [1, 1, 4, 1, 1]], [29, [2, 18, 1]], [56, 1], [62, 0], [68, 3], [95, 2]]",[8.177691145200485e-06]
layer_1,840,"[[25, [7, 28, 1, 1, 1]], [27, [1, 1, 4, 1, 1]], [29, [2, 18, 1]], [56, 1], [62, 0], [68, 3], [95, 2]]",[7.993764367356725e-06]
layer_1,841,"[[25, [7, 28, 1, 1, 1]], [27, [1, 1, 4, 1, 1]], [29, [2, 6, 3]], [56, 2], [62, 0], [68, 2], [95, 2]]",[7.9739416407558e-06]
layer_1,842,"[[25, [7, 14, 1, 1, 2]], [27, [1, 1, 4, 1, 1]], [29, [4, 9, 1]], [56, 2], [62, 0], [68, 3], [95, 2]]",[7.605812803766708e-06]
layer_1,843,"[[25, [7, 14, 1, 1, 2]], [27, [1, 1, 4, 1, 1]], [29, [4, 3, 3]], [56, 2], [62, 0], [68, 3], [95, 2]]",[7.606167401886218e-06]
layer_1,844,"[[25, [7, 14, 1, 1, 2]], [27, [1, 1, 4, 1, 1]], [29, [4, 3, 3]], [56, 2], [62, 0], [68, 2], [95, 2]]",[7.771979483976361e-06]
layer_1,845,"[[25, [14, 14, 1, 1, 1]], [27, [1, 1, 4, 1, 1]], [29, [2, 6, 3]], [56, 2], [62, 0], [68, 2], [95, 2]]",[7.97353928912974e-06]
layer_1,846,"[[25, [14, 14, 1, 1, 1]], [27, [1, 1, 4, 1, 1]], [29, [2, 9, 2]], [56, 2], [62, 0], [68, 2], [95, 2]]",[7.97915886998785e-06]
layer_1,847,"[[25, [4, 49, 1, 1, 1]], [27, [1, 1, 4, 1, 1]], [29, [4, 3, 3]], [56, 2], [62, 1], [68, 3], [95, 2]]",[8.66029617253949e-06]
layer_1,848,"[[25, [4, 49, 1, 1, 1]], [27, [1, 1, 4, 1, 1]], [29, [4, 9, 1]], [56, 2], [62, 1], [68, 3], [95, 2]]",[8.34219685751892e-06]
layer_1,849,"[[25, [4, 49, 1, 1, 1]], [27, [1, 1, 4, 1, 1]], [29, [2, 6, 3]], [56, 2], [62, 0], [68, 2], [95, 2]]",[7.982501874691663e-06]
layer_1,850,"[[25, [7, 14, 1, 2, 1]], [27, [1, 1, 4, 1, 1]], [29, [4, 9, 1]], [56, 1], [62, 0], [68, 1], [95, 2]]",[9.066577921502613e-06]
layer_1,851,"[[25, [7, 14, 1, 1, 2]], [27, [1, 1, 4, 1, 1]], [29, [4, 9, 1]], [56, 1], [62, 0], [68, 1], [95, 2]]",[9.068812188265166e-06]
layer_1,852,"[[25, [4, 49, 1, 1, 1]], [27, [1, 1, 2, 1, 2]], [29, [4, 3, 3]], [56, 1], [62, 0], [68, 3], [95, 2]]",[8.141016592920354e-06]
layer_1,853,"[[25, [7, 28, 1, 1, 1]], [27, [1, 1, 4, 1, 1]], [29, [2, 18, 1]], [56, 1], [62, 0], [68, 2], [95, 2]]",[8.218439626366949e-06]
layer_1,854,"[[25, [4, 49, 1, 1, 1]], [27, [1, 1, 4, 1, 1]], [29, [2, 9, 2]], [56, 1], [62, 0], [68, 2], [95, 2]]",[8.201321872713973e-06]
layer_1,855,"[[25, [14, 14, 1, 1, 1]], [27, [1, 1, 2, 1, 2]], [29, [4, 9, 1]], [56, 1], [62, 0], [68, 3], [95, 2]]",[8.20831136283186e-06]
layer_1,856,"[[25, [14, 14, 1, 1, 1]], [27, [1, 1, 2, 2, 1]], [29, [4, 9, 1]], [56, 1], [62, 0], [68, 3], [95, 2]]",[8.208473857013872e-06]
layer_1,857,"[[25, [4, 49, 1, 1, 1]], [27, [1, 1, 2, 2, 1]], [29, [4, 3, 3]], [56, 2], [62, 0], [68, 3], [95, 2]]",[7.883323035700214e-06]
layer_1,858,"[[25, [4, 49, 1, 1, 1]], [27, [1, 1, 2, 1, 2]], [29, [4, 9, 1]], [56, 2], [62, 0], [68, 3], [95, 2]]",[7.946760905840285e-06]
layer_1,859,"[[25, [14, 14, 1, 1, 1]], [27, [1, 1, 4, 1, 1]], [29, [4, 9, 1]], [56, 2], [62, 1], [68, 2], [95, 2]]",[8.371763116057233e-06]
layer_1,860,"[[25, [4, 49, 1, 1, 1]], [27, [1, 1, 4, 1, 1]], [29, [4, 3, 3]], [56, 1], [62, 1], [68, 3], [95, 2]]",[8.891338104639684e-06]
layer_1,861,"[[25, [7, 14, 1, 1, 2]], [27, [1, 1, 4, 1, 1]], [29, [4, 3, 3]], [56, 2], [62, 0], [68, 1], [95, 2]]",[8.713013326752221e-06]
layer_1,862,"[[25, [4, 49, 1, 1, 1]], [27, [1, 1, 4, 1, 1]], [29, [4, 9, 1]], [56, 1], [62, 1], [68, 2], [95, 2]]",[8.563582156006507e-06]
layer_1,863,"[[25, [2, 98, 1, 1, 1]], [27, [1, 1, 4, 1, 1]], [29, [4, 9, 1]], [56, 2], [62, 0], [68, 3], [95, 2]]",[7.454633092199236e-06]
layer_1,864,"[[25, [14, 14, 1, 1, 1]], [27, [1, 1, 4, 1, 1]], [29, [2, 6, 3]], [56, 2], [62, 1], [68, 3], [95, 2]]",[8.578515642822225e-06]
layer_1,865,"[[25, [14, 14, 1, 1, 1]], [27, [1, 1, 4, 1, 1]], [29, [2, 18, 1]], [56, 2], [62, 1], [68, 3], [95, 2]]",[8.806348308934881e-06]
layer_1,866,"[[25, [14, 14, 1, 1, 1]], [27, [1, 1, 4, 1, 1]], [29, [2, 9, 2]], [56, 2], [62, 1], [68, 3], [95, 2]]",[8.632700000000001e-06]
layer_1,867,"[[25, [7, 14, 1, 2, 1]], [27, [1, 1, 4, 1, 1]], [29, [4, 9, 1]], [56, 2], [62, 1], [68, 2], [95, 2]]",[8.69674206452735e-06]
layer_1,868,"[[25, [4, 49, 1, 1, 1]], [27, [1, 1, 4, 1, 1]], [29, [4, 9, 1]], [56, 2], [62, 1], [68, 1], [95, 2]]",[8.427204011123283e-06]
layer_1,869,"[[25, [2, 98, 1, 1, 1]], [27, [1, 1, 4, 1, 1]], [29, [4, 3, 3]], [56, 1], [62, 0], [68, 2], [95, 2]]",[7.506848318823177e-06]
layer_1,870,"[[25, [7, 14, 1, 1, 2]], [27, [1, 1, 4, 1, 1]], [29, [4, 9, 1]], [56, 0], [62, 0], [68, 3], [95, 2]]",[1.0044954491835848e-05]
layer_1,871,"[[25, [7, 14, 1, 2, 1]], [27, [1, 1, 4, 1, 1]], [29, [4, 3, 3]], [56, 0], [62, 0], [68, 3], [95, 2]]",[1.002793870171106e-05]
layer_1,872,"[[25, [7, 14, 1, 1, 2]], [27, [1, 1, 4, 1, 1]], [29, [4, 3, 3]], [56, 0], [62, 0], [68, 3], [95, 2]]",[1.0027582314016443e-05]
layer_1,873,"[[25, [7, 14, 1, 1, 2]], [27, [1, 1, 4, 1, 1]], [29, [4, 3, 3]], [56, 0], [62, 0], [68, 2], [95, 2]]",[1.0022348965255364e-05]
layer_1,874,"[[25, [7, 14, 1, 1, 2]], [27, [1, 1, 4, 1, 1]], [29, [4, 9, 1]], [56, 0], [62, 0], [68, 2], [95, 2]]",[1.000121484894126e-05]
layer_1,875,"[[25, [7, 14, 1, 2, 1]], [27, [1, 1, 4, 1, 1]], [29, [4, 3, 3]], [56, 0], [62, 0], [68, 2], [95, 2]]",[1.0024984495437229e-05]
layer_1,876,"[[25, [14, 14, 1, 1, 1]], [27, [1, 1, 4, 1, 1]], [29, [2, 18, 1]], [56, 1], [62, 1], [68, 3], [95, 2]]",[8.711406877738282e-06]
layer_1,877,"[[25, [14, 14, 1, 1, 1]], [27, [1, 1, 4, 1, 1]], [29, [2, 6, 3]], [56, 2], [62, 1], [68, 2], [95, 2]]",[8.61662361878453e-06]
layer_1,878,"[[25, [14, 14, 1, 1, 1]], [27, [1, 1, 4, 1, 1]], [29, [2, 9, 2]], [56, 2], [62, 1], [68, 2], [95, 2]]",[8.62009933386624e-06]
layer_1,879,"[[25, [7, 28, 1, 1, 1]], [27, [1, 1, 4, 1, 1]], [29, [2, 18, 1]], [56, 1], [62, 1], [68, 3], [95, 2]]",[8.719989305692662e-06]
layer_1,880,"[[25, [14, 14, 1, 1, 1]], [27, [1, 1, 4, 1, 1]], [29, [2, 18, 1]], [56, 2], [62, 2], [68, 3], [95, 2]]",[9.553832535885168e-06]
layer_1,881,"[[25, [14, 14, 1, 1, 1]], [27, [1, 1, 2, 2, 1]], [29, [4, 3, 3]], [56, 2], [62, 1], [68, 3], [95, 2]]",[8.59604829890644e-06]
layer_1,882,"[[25, [14, 14, 1, 1, 1]], [27, [1, 1, 2, 2, 1]], [29, [4, 9, 1]], [56, 2], [62, 1], [68, 3], [95, 2]]",[8.869094297742059e-06]
layer_1,883,"[[25, [7, 14, 1, 1, 2]], [27, [1, 1, 4, 1, 1]], [29, [4, 3, 3]], [56, 2], [62, 1], [68, 1], [95, 2]]",[9.871626192826588e-06]
layer_1,884,"[[25, [7, 14, 1, 1, 2]], [27, [1, 1, 4, 1, 1]], [29, [4, 9, 1]], [56, 2], [62, 1], [68, 1], [95, 2]]",[8.62902278710102e-06]
layer_1,885,"[[25, [2, 49, 1, 1, 2]], [27, [1, 1, 4, 1, 1]], [29, [4, 3, 3]], [56, 2], [62, 0], [68, 3], [95, 2]]",[7.612094754175489e-06]
layer_1,886,"[[25, [7, 28, 1, 1, 1]], [27, [1, 1, 4, 1, 1]], [29, [2, 18, 1]], [56, 2], [62, 1], [68, 2], [95, 2]]",[8.78005353888214e-06]
layer_1,887,"[[25, [2, 49, 1, 1, 2]], [27, [1, 1, 4, 1, 1]], [29, [4, 3, 3]], [56, 2], [62, 0], [68, 2], [95, 2]]",[7.776227224656293e-06]
layer_1,888,"[[25, [7, 28, 1, 1, 1]], [27, [1, 1, 2, 1, 2]], [29, [4, 9, 1]], [56, 1], [62, 1], [68, 3], [95, 2]]",[9.097150164283812e-06]
layer_1,889,"[[25, [14, 14, 1, 1, 1]], [27, [1, 1, 2, 2, 1]], [29, [4, 9, 1]], [56, 1], [62, 1], [68, 3], [95, 2]]",[9.099727595305251e-06]
layer_1,890,"[[25, [7, 28, 1, 1, 1]], [27, [1, 1, 2, 2, 1]], [29, [4, 9, 1]], [56, 2], [62, 1], [68, 3], [95, 2]]",[8.866531850801807e-06]
layer_1,891,"[[25, [7, 28, 1, 1, 1]], [27, [1, 1, 2, 1, 2]], [29, [4, 9, 1]], [56, 2], [62, 1], [68, 3], [95, 2]]",[8.866253290556104e-06]
layer_1,892,"[[25, [2, 49, 1, 2, 1]], [27, [1, 1, 4, 1, 1]], [29, [4, 3, 3]], [56, 1], [62, 0], [68, 2], [95, 2]]",[7.95194152490887e-06]
layer_1,893,"[[25, [1, 14, 1, 14, 1]], [27, [1, 1, 1, 1, 4]], [29, [12, 3, 1]], [56, 0], [62, 0], [68, 1], [95, 0]]",[0.0005097426134185304]
layer_1,894,"[[25, [1, 49, 2, 1, 2]], [27, [1, 2, 1, 2, 1]], [29, [12, 3, 1]], [56, 2], [62, 0], [68, 0], [95, 3]]",[1.622659718741298e-05]
layer_1,895,"[[25, [2, 7, 1, 7, 2]], [27, [1, 1, 2, 2, 1]], [29, [12, 3, 1]], [56, 0], [62, 1], [68, 1], [95, 2]]",[0.0002260082987197724]
layer_1,896,"[[25, [2, 98, 1, 1, 1]], [27, [1, 1, 4, 1, 1]], [29, [4, 9, 1]], [56, 2], [62, 0], [68, 2], [95, 2]]",[7.752009416767923e-06]
layer_1,897,"[[25, [2, 98, 1, 1, 1]], [27, [1, 1, 4, 1, 1]], [29, [4, 3, 3]], [56, 2], [62, 0], [68, 3], [95, 2]]",[7.4431176719080026e-06]
layer_1,898,"[[25, [2, 98, 1, 1, 1]], [27, [1, 1, 4, 1, 1]], [29, [4, 9, 1]], [56, 1], [62, 0], [68, 2], [95, 2]]",[7.448663501815135e-06]
layer_1,899,"[[25, [2, 98, 1, 1, 1]], [27, [1, 1, 4, 1, 1]], [29, [4, 9, 1]], [56, 1], [62, 0], [68, 3], [95, 2]]",[7.6428537315511e-06]
layer_1,900,"[[25, [2, 98, 1, 1, 1]], [27, [1, 1, 4, 1, 1]], [29, [4, 3, 3]], [56, 1], [62, 0], [68, 3], [95, 2]]",[7.644242396508025e-06]
layer_1,901,"[[25, [2, 98, 1, 1, 1]], [27, [1, 1, 4, 1, 1]], [29, [4, 9, 1]], [56, 1], [62, 0], [68, 1], [95, 2]]",[7.771297918608264e-06]
layer_1,902,"[[25, [4, 49, 1, 1, 1]], [27, [1, 1, 4, 1, 1]], [29, [4, 9, 1]], [56, 2], [62, 0], [68, 3], [95, 2]]",[7.447869079535299e-06]
layer_1,903,"[[25, [7, 28, 1, 1, 1]], [27, [1, 1, 4, 1, 1]], [29, [2, 6, 3]], [56, 2], [62, 0], [68, 3], [95, 2]]",[7.708089304977655e-06]
layer_1,904,"[[25, [2, 49, 1, 1, 2]], [27, [1, 1, 4, 1, 1]], [29, [4, 3, 3]], [56, 1], [62, 0], [68, 3], [95, 2]]",[7.773433027346565e-06]
layer_1,905,"[[25, [2, 49, 1, 2, 1]], [27, [1, 1, 4, 1, 1]], [29, [4, 9, 1]], [56, 1], [62, 0], [68, 3], [95, 2]]",[7.773472888821385e-06]
layer_1,906,"[[25, [2, 49, 1, 2, 1]], [27, [1, 1, 4, 1, 1]], [29, [4, 3, 3]], [56, 1], [62, 0], [68, 3], [95, 2]]",[7.773728e-06]
layer_1,907,"[[25, [2, 49, 2, 1, 1]], [27, [1, 1, 2, 1, 2]], [29, [4, 9, 1]], [56, 2], [62, 0], [68, 3], [95, 2]]",[7.730741110080396e-06]
layer_1,908,"[[25, [2, 49, 2, 1, 1]], [27, [1, 1, 2, 2, 1]], [29, [4, 3, 3]], [56, 2], [62, 0], [68, 3], [95, 2]]",[7.752009416767923e-06]
layer_1,909,"[[25, [2, 49, 1, 2, 1]], [27, [1, 1, 4, 1, 1]], [29, [4, 9, 1]], [56, 1], [62, 0], [68, 2], [95, 2]]",[7.940550233128834e-06]
layer_1,910,"[[25, [2, 49, 1, 1, 2]], [27, [1, 1, 4, 1, 1]], [29, [4, 3, 3]], [56, 1], [62, 0], [68, 2], [95, 2]]",[7.963860438556418e-06]
layer_1,911,"[[25, [4, 49, 1, 1, 1]], [27, [1, 1, 4, 1, 1]], [29, [4, 9, 1]], [56, 1], [62, 0], [68, 3], [95, 2]]",[7.643061664641554e-06]
layer_1,912,"[[25, [7, 28, 1, 1, 1]], [27, [1, 1, 4, 1, 1]], [29, [2, 6, 3]], [56, 1], [62, 0], [68, 3], [95, 2]]",[7.937520092242775e-06]
layer_1,913,"[[25, [7, 28, 1, 1, 1]], [27, [1, 1, 4, 1, 1]], [29, [2, 9, 2]], [56, 1], [62, 0], [68, 3], [95, 2]]",[8.023359778597786e-06]
layer_1,914,"[[25, [7, 14, 1, 1, 2]], [27, [1, 1, 4, 1, 1]], [29, [4, 9, 1]], [56, 1], [62, 0], [68, 3], [95, 2]]",[7.996716591298924e-06]
layer_1,915,"[[25, [14, 14, 1, 1, 1]], [27, [1, 1, 4, 1, 1]], [29, [2, 9, 2]], [56, 1], [62, 0], [68, 3], [95, 2]]",[8.006527490886998e-06]
layer_1,916,"[[25, [14, 14, 1, 1, 1]], [27, [1, 1, 4, 1, 1]], [29, [2, 6, 3]], [56, 1], [62, 0], [68, 3], [95, 2]]",[7.931123374563908e-06]
layer_1,917,"[[25, [14, 14, 1, 1, 1]], [27, [1, 1, 2, 2, 1]], [29, [4, 9, 1]], [56, 2], [62, 0], [68, 3], [95, 2]]",[7.919534801762115e-06]
layer_1,918,"[[25, [2, 49, 1, 2, 1]], [27, [1, 1, 4, 1, 1]], [29, [4, 3, 3]], [56, 2], [62, 0], [68, 1], [95, 2]]",[8.758123633049817e-06]
layer_1,919,"[[25, [2, 49, 1, 1, 2]], [27, [1, 1, 4, 1, 1]], [29, [4, 3, 3]], [56, 2], [62, 0], [68, 1], [95, 2]]",[8.758512454434994e-06]
layer_1,920,"[[25, [14, 14, 1, 1, 1]], [27, [1, 1, 4, 1, 1]], [29, [2, 9, 2]], [56, 1], [62, 0], [68, 2], [95, 2]]",[8.151217235641168e-06]
layer_1,921,"[[25, [14, 14, 1, 1, 1]], [27, [1, 1, 2, 1, 2]], [29, [4, 3, 3]], [56, 1], [62, 0], [68, 3], [95, 2]]",[8.169341406892427e-06]
layer_1,922,"[[25, [2, 49, 1, 2, 1]], [27, [1, 1, 4, 1, 1]], [29, [4, 3, 3]], [56, 1], [62, 0], [68, 1], [95, 2]]",[8.957622737742679e-06]
layer_1,923,"[[25, [2, 49, 1, 1, 2]], [27, [1, 1, 4, 1, 1]], [29, [4, 3, 3]], [56, 1], [62, 0], [68, 1], [95, 2]]",[8.958866729364904e-06]
layer_1,924,"[[25, [2, 49, 1, 2, 1]], [27, [1, 1, 4, 1, 1]], [29, [4, 9, 1]], [56, 1], [62, 0], [68, 1], [95, 2]]",[9.027085937499999e-06]
layer_1,925,"[[25, [2, 49, 1, 1, 2]], [27, [1, 1, 4, 1, 1]], [29, [4, 9, 1]], [56, 1], [62, 0], [68, 1], [95, 2]]",[9.011501023404824e-06]
layer_1,926,"[[25, [4, 49, 1, 1, 1]], [27, [1, 1, 2, 1, 2]], [29, [4, 3, 3]], [56, 2], [62, 1], [68, 3], [95, 2]]",[8.588048678614823e-06]
layer_1,927,"[[25, [4, 49, 1, 1, 1]], [27, [1, 1, 2, 1, 2]], [29, [4, 3, 3]], [56, 1], [62, 1], [68, 3], [95, 2]]",[8.89597877591313e-06]
layer_1,928,"[[25, [7, 14, 1, 1, 2]], [27, [1, 1, 4, 1, 1]], [29, [4, 9, 1]], [56, 2], [62, 1], [68, 2], [95, 2]]",[8.720170185297691e-06]
layer_1,929,"[[25, [7, 14, 1, 2, 1]], [27, [1, 1, 4, 1, 1]], [29, [4, 3, 3]], [56, 2], [62, 1], [68, 2], [95, 2]]",[8.703311501855138e-06]
layer_1,930,"[[25, [2, 49, 1, 1, 2]], [27, [1, 1, 4, 1, 1]], [29, [4, 9, 1]], [56, 1], [62, 1], [68, 2], [95, 2]]",[8.902044175715697e-06]
layer_1,931,"[[25, [7, 28, 1, 1, 1]], [27, [1, 1, 4, 1, 1]], [29, [2, 9, 2]], [56, 2], [62, 1], [68, 3], [95, 2]]",[9.190294744579199e-06]
layer_1,932,"[[25, [2, 98, 1, 1, 1]], [27, [1, 1, 4, 1, 1]], [29, [4, 9, 1]], [56, 0], [62, 0], [68, 2], [95, 2]]",[9.344195357490919e-06]
layer_1,933,"[[25, [2, 98, 1, 1, 1]], [27, [1, 1, 4, 1, 1]], [29, [4, 3, 3]], [56, 0], [62, 0], [68, 2], [95, 2]]",[9.252567644192432e-06]
layer_1,934,"[[25, [7, 14, 1, 1, 2]], [27, [1, 1, 4, 1, 1]], [29, [4, 3, 3]], [56, 1], [62, 1], [68, 3], [95, 2]]",[8.806762049997278e-06]
layer_1,935,"[[25, [7, 14, 1, 2, 1]], [27, [1, 1, 4, 1, 1]], [29, [4, 9, 1]], [56, 1], [62, 1], [68, 3], [95, 2]]",[8.93868797301744e-06]
layer_1,936,"[[25, [7, 14, 1, 1, 2]], [27, [1, 1, 4, 1, 1]], [29, [4, 9, 1]], [56, 1], [62, 1], [68, 3], [95, 2]]",[8.93890240414693e-06]
layer_1,937,"[[25, [7, 14, 1, 1, 2]], [27, [1, 1, 4, 1, 1]], [29, [4, 9, 1]], [56, 1], [62, 1], [68, 2], [95, 2]]",[8.8930228581554e-06]
layer_1,938,"[[25, [14, 14, 1, 1, 1]], [27, [1, 1, 2, 1, 2]], [29, [4, 3, 3]], [56, 2], [62, 1], [68, 3], [95, 2]]",[8.627427360974004e-06]
layer_1,939,"[[25, [4, 49, 1, 1, 1]], [27, [1, 1, 2, 2, 1]], [29, [4, 3, 3]], [56, 2], [62, 2], [68, 3], [95, 2]]",[8.970690971914592e-06]
layer_1,940,"[[25, [4, 49, 1, 1, 1]], [27, [1, 1, 2, 1, 2]], [29, [4, 3, 3]], [56, 1], [62, 2], [68, 3], [95, 2]]",[9.218812261894215e-06]
layer_1,941,"[[25, [2, 49, 2, 1, 1]], [27, [1, 2, 2, 1, 1]], [29, [4, 3, 3]], [56, 1], [62, 0], [68, 2], [95, 2]]",[8.499361166579085e-06]
layer_1,942,"[[25, [2, 98, 1, 1, 1]], [27, [1, 1, 4, 1, 1]], [29, [4, 9, 1]], [56, 0], [62, 0], [68, 1], [95, 2]]",[8.916280519907864e-06]
layer_1,943,"[[25, [4, 49, 1, 1, 1]], [27, [1, 1, 2, 2, 1]], [29, [4, 3, 3]], [56, 0], [62, 0], [68, 3], [95, 2]]",[1.0230885354878298e-05]
layer_1,944,"[[25, [4, 49, 1, 1, 1]], [27, [1, 1, 2, 2, 1]], [29, [4, 9, 1]], [56, 0], [62, 0], [68, 3], [95, 2]]",[1.0045124922477185e-05]
layer_1,945,"[[25, [14, 14, 1, 1, 1]], [27, [1, 1, 4, 1, 1]], [29, [2, 9, 2]], [56, 1], [62, 1], [68, 2], [95, 2]]",[9.013912471207633e-06]
layer_1,946,"[[25, [7, 14, 1, 1, 2]], [27, [1, 1, 4, 1, 1]], [29, [4, 3, 3]], [56, 2], [62, 2], [68, 3], [95, 2]]",[9.404714095862496e-06]
layer_1,947,"[[25, [7, 14, 1, 2, 1]], [27, [1, 1, 4, 1, 1]], [29, [4, 9, 1]], [56, 2], [62, 2], [68, 3], [95, 2]]",[9.694556165056492e-06]
layer_1,948,"[[25, [7, 14, 1, 1, 2]], [27, [1, 1, 4, 1, 1]], [29, [4, 9, 1]], [56, 2], [62, 2], [68, 2], [95, 2]]",[9.290621123363198e-06]
layer_1,949,"[[25, [7, 14, 1, 2, 1]], [27, [1, 1, 4, 1, 1]], [29, [4, 9, 1]], [56, 2], [62, 2], [68, 2], [95, 2]]",[9.291446343956146e-06]
layer_1,950,"[[25, [7, 14, 1, 2, 1]], [27, [1, 1, 4, 1, 1]], [29, [4, 3, 3]], [56, 2], [62, 2], [68, 2], [95, 2]]",[9.292782568295856e-06]
layer_1,951,"[[25, [2, 49, 1, 1, 2]], [27, [1, 1, 4, 1, 1]], [29, [4, 3, 3]], [56, 1], [62, 2], [68, 2], [95, 2]]",[9.475153496304719e-06]
layer_1,952,"[[25, [2, 49, 1, 2, 1]], [27, [1, 1, 4, 1, 1]], [29, [4, 3, 3]], [56, 1], [62, 2], [68, 2], [95, 2]]",[9.448986039052919e-06]
layer_1,953,"[[25, [14, 14, 1, 1, 1]], [27, [2, 1, 2, 1, 1]], [29, [4, 9, 1]], [56, 2], [62, 0], [68, 1], [95, 2]]",[9.518127623369258e-06]
layer_1,954,"[[25, [14, 14, 1, 1, 1]], [27, [1, 1, 2, 2, 1]], [29, [4, 9, 1]], [56, 2], [62, 0], [68, 2], [95, 2]]",[9.80370904580491e-06]
layer_1,955,"[[25, [4, 49, 1, 1, 1]], [27, [1, 1, 2, 1, 2]], [29, [4, 3, 3]], [56, 1], [62, 3], [68, 3], [95, 2]]",[9.608529998101386e-06]
layer_1,956,"[[25, [7, 14, 1, 2, 1]], [27, [1, 1, 4, 1, 1]], [29, [4, 9, 1]], [56, 1], [62, 2], [68, 3], [95, 2]]",[9.852518383981572e-06]
layer_1,957,"[[25, [2, 7, 14, 1, 1]], [27, [2, 1, 2, 1, 1]], [29, [18, 1, 2]], [56, 1], [62, 0], [68, 0], [95, 2]]",[2.676900797266515e-05]
layer_1,958,"[[25, [98, 2, 1, 1, 1]], [27, [2, 1, 1, 2, 1]], [29, [6, 6, 1]], [56, 1], [62, 3], [68, 3], [95, 4]]",[10000000000]
layer_1,959,"[[25, [1, 14, 7, 1, 2]], [27, [2, 1, 1, 1, 2]], [29, [9, 4, 1]], [56, 0], [62, 1], [68, 0], [95, 1]]",[3.256055035294118e-05]
layer_1,960,"[[25, [2, 98, 1, 1, 1]], [27, [1, 1, 4, 1, 1]], [29, [4, 3, 3]], [56, 2], [62, 0], [68, 2], [95, 2]]",[7.295944607113714e-06]
layer_1,961,"[[25, [2, 49, 2, 1, 1]], [27, [1, 1, 2, 1, 2]], [29, [4, 3, 3]], [56, 2], [62, 0], [68, 3], [95, 2]]",[7.726840519239685e-06]
layer_1,962,"[[25, [2, 49, 2, 1, 1]], [27, [1, 1, 2, 2, 1]], [29, [4, 9, 1]], [56, 2], [62, 0], [68, 3], [95, 2]]",[7.710436136591383e-06]
layer_1,963,"[[25, [2, 98, 1, 1, 1]], [27, [1, 1, 4, 1, 1]], [29, [4, 9, 1]], [56, 2], [62, 0], [68, 1], [95, 2]]",[7.550783251603169e-06]
layer_1,964,"[[25, [2, 98, 1, 1, 1]], [27, [1, 1, 4, 1, 1]], [29, [4, 3, 3]], [56, 2], [62, 0], [68, 1], [95, 2]]",[8.589482888797701e-06]
layer_1,965,"[[25, [2, 98, 1, 1, 1]], [27, [1, 1, 4, 1, 1]], [29, [2, 6, 3]], [56, 2], [62, 0], [68, 3], [95, 2]]",[7.71942633657351e-06]
layer_1,966,"[[25, [2, 49, 1, 2, 1]], [27, [1, 1, 4, 1, 1]], [29, [4, 9, 1]], [56, 2], [62, 0], [68, 3], [95, 2]]",[7.613200561968408e-06]
layer_1,967,"[[25, [2, 49, 1, 2, 1]], [27, [1, 1, 4, 1, 1]], [29, [4, 3, 3]], [56, 2], [62, 0], [68, 3], [95, 2]]",[7.613044990864799e-06]
layer_1,968,"[[25, [2, 49, 1, 1, 2]], [27, [1, 1, 4, 1, 1]], [29, [4, 9, 1]], [56, 2], [62, 0], [68, 2], [95, 2]]",[7.750765492102066e-06]
layer_1,969,"[[25, [2, 49, 1, 2, 1]], [27, [1, 1, 4, 1, 1]], [29, [4, 3, 3]], [56, 2], [62, 0], [68, 2], [95, 2]]",[7.768262454434993e-06]
layer_1,970,"[[25, [2, 49, 1, 1, 2]], [27, [1, 1, 4, 1, 1]], [29, [4, 9, 1]], [56, 1], [62, 0], [68, 3], [95, 2]]",[7.763761893799878e-06]
layer_1,971,"[[25, [4, 49, 1, 1, 1]], [27, [1, 1, 4, 1, 1]], [29, [2, 6, 3]], [56, 2], [62, 0], [68, 3], [95, 2]]",[8.135540628797083e-06]
layer_1,972,"[[25, [2, 49, 2, 1, 1]], [27, [1, 1, 2, 1, 2]], [29, [4, 3, 3]], [56, 1], [62, 0], [68, 3], [95, 2]]",[8.184923678614825e-06]
layer_1,973,"[[25, [4, 49, 1, 1, 1]], [27, [1, 1, 4, 1, 1]], [29, [2, 18, 1]], [56, 2], [62, 0], [68, 2], [95, 2]]",[7.986100111700643e-06]
layer_1,974,"[[25, [4, 49, 1, 1, 1]], [27, [1, 1, 4, 1, 1]], [29, [2, 9, 2]], [56, 2], [62, 0], [68, 2], [95, 2]]",[7.978848344471446e-06]
layer_1,975,"[[25, [2, 49, 1, 1, 2]], [27, [1, 1, 4, 1, 1]], [29, [4, 9, 1]], [56, 1], [62, 0], [68, 2], [95, 2]]",[7.938856098579782e-06]
layer_1,976,"[[25, [4, 49, 1, 1, 1]], [27, [1, 1, 4, 1, 1]], [29, [2, 6, 3]], [56, 1], [62, 0], [68, 3], [95, 2]]",[7.930938107533416e-06]
layer_1,977,"[[25, [14, 14, 1, 1, 1]], [27, [1, 1, 2, 1, 2]], [29, [4, 9, 1]], [56, 2], [62, 0], [68, 3], [95, 2]]",[7.920758201701095e-06]
layer_1,978,"[[25, [14, 14, 1, 1, 1]], [27, [1, 1, 2, 1, 2]], [29, [4, 3, 3]], [56, 2], [62, 0], [68, 3], [95, 2]]",[7.88954985799937e-06]
layer_1,979,"[[25, [7, 14, 1, 2, 1]], [27, [1, 1, 4, 1, 1]], [29, [4, 3, 3]], [56, 1], [62, 0], [68, 3], [95, 2]]",[7.767924737864076e-06]
layer_1,980,"[[25, [4, 49, 1, 1, 1]], [27, [1, 1, 2, 2, 1]], [29, [4, 9, 1]], [56, 2], [62, 0], [68, 3], [95, 2]]",[7.928800142698588e-06]
layer_1,981,"[[25, [2, 49, 2, 1, 1]], [27, [1, 2, 2, 1, 1]], [29, [4, 9, 1]], [56, 2], [62, 0], [68, 0], [95, 2]]",[8.75124521039279e-06]
layer_1,982,"[[25, [2, 98, 1, 1, 1]], [27, [1, 1, 4, 1, 1]], [29, [4, 3, 3]], [56, 1], [62, 1], [68, 3], [95, 2]]",[8.887655231984204e-06]
layer_1,983,"[[25, [4, 49, 1, 1, 1]], [27, [1, 1, 4, 1, 1]], [29, [4, 9, 1]], [56, 2], [62, 1], [68, 2], [95, 2]]",[8.401753290556104e-06]
layer_1,984,"[[25, [2, 98, 1, 1, 1]], [27, [1, 1, 4, 1, 1]], [29, [4, 3, 3]], [56, 1], [62, 1], [68, 2], [95, 2]]",[8.622255813953487e-06]
layer_1,985,"[[25, [7, 14, 1, 2, 1]], [27, [1, 1, 4, 1, 1]], [29, [4, 9, 1]], [56, 2], [62, 0], [68, 1], [95, 2]]",[8.793555817198673e-06]
layer_1,986,"[[25, [2, 49, 2, 1, 1]], [27, [1, 1, 2, 2, 1]], [29, [4, 3, 3]], [56, 2], [62, 1], [68, 3], [95, 2]]",[8.881864357225126e-06]
layer_1,987,"[[25, [2, 49, 2, 1, 1]], [27, [1, 1, 2, 2, 1]], [29, [4, 9, 1]], [56, 2], [62, 1], [68, 3], [95, 2]]",[8.892577544515278e-06]
layer_1,988,"[[25, [4, 49, 1, 1, 1]], [27, [1, 1, 2, 1, 2]], [29, [4, 9, 1]], [56, 2], [62, 1], [68, 3], [95, 2]]",[8.860786031589338e-06]
layer_1,989,"[[25, [7, 14, 1, 1, 2]], [27, [1, 1, 4, 1, 1]], [29, [4, 3, 3]], [56, 1], [62, 0], [68, 1], [95, 2]]",[8.929482679188446e-06]
layer_1,990,"[[25, [7, 14, 1, 2, 1]], [27, [1, 1, 4, 1, 1]], [29, [4, 3, 3]], [56, 1], [62, 0], [68, 1], [95, 2]]",[8.928410661401777e-06]
layer_1,991,"[[25, [4, 49, 1, 1, 1]], [27, [1, 1, 4, 1, 1]], [29, [4, 9, 1]], [56, 1], [62, 1], [68, 3], [95, 2]]",[8.471107281964437e-06]
layer_1,992,"[[25, [7, 14, 1, 2, 1]], [27, [1, 1, 4, 1, 1]], [29, [4, 9, 1]], [56, 2], [62, 1], [68, 3], [95, 2]]",[8.746119200394867e-06]
layer_1,993,"[[25, [1, 98, 2, 1, 1]], [27, [2, 1, 2, 1, 1]], [29, [4, 3, 3]], [56, 2], [62, 0], [68, 3], [95, 2]]",[8.706787923659099e-06]
layer_1,994,"[[25, [2, 49, 1, 1, 2]], [27, [1, 1, 4, 1, 1]], [29, [4, 3, 3]], [56, 2], [62, 1], [68, 2], [95, 2]]",[8.69536049011178e-06]
layer_1,995,"[[25, [2, 49, 2, 1, 1]], [27, [2, 1, 2, 1, 1]], [29, [4, 9, 1]], [56, 2], [62, 0], [68, 3], [95, 2]]",[8.768851169260193e-06]
layer_1,996,"[[25, [2, 49, 1, 2, 1]], [27, [1, 1, 4, 1, 1]], [29, [4, 3, 3]], [56, 1], [62, 1], [68, 3], [95, 2]]",[8.831120763409017e-06]
layer_1,997,"[[25, [2, 49, 1, 2, 1]], [27, [1, 1, 4, 1, 1]], [29, [4, 9, 1]], [56, 1], [62, 1], [68, 3], [95, 2]]",[8.94357337940112e-06]
layer_1,998,"[[25, [2, 49, 1, 2, 1]], [27, [1, 1, 1, 1, 4]], [29, [3, 4, 3]], [56, 0], [62, 0], [68, 2], [95, 0]]",[0.00013080720132560065]
layer_1,999,"[[25, [1, 49, 1, 2, 2]], [27, [1, 1, 2, 1, 2]], [29, [18, 1, 2]], [56, 0], [62, 2], [68, 2], [95, 0]]",[2.44631223628692e-05]
