2025-10-10 02:43:41 [INFO] [task_scheduler.cc:160] Initializing Task #0: "main"
2025-10-10 02:43:41 [INFO] [task_scheduler.cc:35] 
# from tvm.script import ir as I
# from tvm.script import tir as T

@I.ir_module
class Module:
    @T.prim_func
    def main(A: T.Buffer((4096, 4096), "float16"), B: T.Buffer((4096, 4096), "float16"), T_matmul_NN: T.Buffer((4096, 4096), "float16")):
        T.func_attr({"layout_free_buffers": [1], "tir.noalias": T.bool(True)})
        # with T.block("root"):
        for i0, i1, k in T.grid(4096, 4096, 4096):
            with T.block("T_matmul_NN"):
                v_i0, v_i1, v_k = T.axis.remap("SSR", [i0, i1, k])
                T.reads(A[v_i0, v_k], B[v_k, v_i1])
                T.writes(T_matmul_NN[v_i0, v_i1])
                with T.init():
                    T_matmul_NN[v_i0, v_i1] = T.float16(0.0)
                T_matmul_NN[v_i0, v_i1] = T_matmul_NN[v_i0, v_i1] + A[v_i0, v_k] * B[v_k, v_i1]
2025-10-10 02:43:41 [INFO] [multi_level_tiling_tensor_core.cc:237] Sketch 0: tensorizing with wmma_sync_16x16x16_f16f16f16_trans
2025-10-10 02:43:41 [INFO] [multi_level_tiling_tensor_core.cc:237] Sketch 1: tensorizing with wmma_sync_16x16x16_f16f16f16
2025-10-10 02:43:41 [INFO] [task_scheduler.cc:164] Total 2 design space(s) generated
2025-10-10 02:43:41 [INFO] [task_scheduler.cc:170] Design space #0:
# from tvm.script import ir as I
# from tvm.script import tir as T

@I.ir_module
class Module:
    @T.prim_func
    def main(A: T.Buffer((4096, 4096), "float16"), B: T.Buffer((4096, 4096), "float16"), T_matmul_NN: T.Buffer((4096, 4096), "float16")):
        T.func_attr({"layout_free_buffers": [1], "tir.noalias": T.bool(True)})
        with T.block("root"):
            T.reads()
            T.writes()
            T.block_attr({"meta_schedule.unroll_explicit": 0})
            T_matmul_NN_reindex_shared_dyn = T.alloc_buffer((256, 32, 1, 8, 16, 16), "float16", scope="shared.dyn")
            T_matmul_NN_reindex_shared_dyn_wmma_accumulator = T.alloc_buffer((256, 32, 1, 8, 16, 16), "float16", scope="wmma.accumulator")
            A_reindex_shared_dyn = T.alloc_buffer((4096, 4096), "float16", scope="shared.dyn")
            B_reindex_shared_dyn = T.alloc_buffer((4096, 4096), "float16", scope="shared.dyn")
            A_reindex_shared_dyn_wmma_matrix_a = T.alloc_buffer((4096, 4096), "float16", scope="wmma.matrix_a")
            B_reindex_shared_dyn_wmma_matrix_b = T.alloc_buffer((4096, 4096), "float16", scope="wmma.matrix_b")
            for ax0_0_0_ax1_0_0_fused in T.thread_binding(2, thread="blockIdx.y"):
                for ax0_0_1_ax1_0_1_fused in T.thread_binding(4, thread="blockIdx.x"):
                    for ax0_0_2_ax1_0_2_fused in T.thread_binding(1024, thread="threadIdx.y"):
                        for ax2_0_0 in range(128):
                            for ax0_ax1_fused in range(65536):
                                with T.block("A_reindex_shared.dyn"):
                                    v0 = T.axis.spatial(4096, ax0_0_0_ax1_0_0_fused * 2048 + ax0_ax1_fused // 32)
                                    v1 = T.axis.spatial(4096, ax2_0_0 * 32 + ax0_ax1_fused % 32)
                                    T.reads(A[v0, v1])
                                    T.writes(A_reindex_shared_dyn[v0, v1])
                                    T.block_attr({"buffer_dim_align": [[0, 0, 32, 8]], "meta_schedule.cooperative_fetch": 1})
                                    A_reindex_shared_dyn[v0, v1] = A[v0, v1]
                            for ax0_ax1_fused in range(32768):
                                with T.block("B_reindex_shared.dyn"):
                                    v0 = T.axis.spatial(4096, ax0_0_1_ax1_0_1_fused * 1024 + ax0_ax1_fused // 32)
                                    v1 = T.axis.spatial(4096, ax2_0_0 * 32 + ax0_ax1_fused % 32)
                                    T.reads(B[v1, v0])
                                    T.writes(B_reindex_shared_dyn[v0, v1])
                                    T.block_attr({"buffer_dim_align": [[0, 0, 32, 8]], "meta_schedule.cooperative_fetch": 1})
                                    B_reindex_shared_dyn[v0, v1] = B[v1, v0]
                            for ax2_0_1 in range(2):
                                for ax0_0, ax1_0 in T.grid(1, 1):
                                    with T.block("A_reindex_shared.dyn_wmma.matrix_a_o"):
                                        v0_o = T.axis.spatial(256, ax0_0_0_ax1_0_0_fused * 128 + ax0_0_2_ax1_0_2_fused // 8 + ax0_0)
                                        v1_o = T.axis.spatial(256, ax2_0_0 * 2 + ax2_0_1 + ax1_0)
                                        T.reads(A_reindex_shared_dyn[v0_o * 16:v0_o * 16 + 16, v1_o * 16:v1_o * 16 + 16])
                                        T.writes(A_reindex_shared_dyn_wmma_matrix_a[v0_o * 16:v0_o * 16 + 16, v1_o * 16:v1_o * 16 + 16])
                                        T.block_attr({"meta_schedule.auto_tensorize": "wmma_load_16x16x16_f16_a_shared_dyn"})
                                        for ax0_1, ax1_1 in T.grid(16, 16):
                                            with T.block("A_reindex_shared.dyn_wmma.matrix_a"):
                                                v0_i, v1_i = T.axis.remap("SS", [ax0_1, ax1_1])
                                                T.reads(A_reindex_shared_dyn[v0_o * 16 + v0_i, v1_o * 16 + v1_i])
                                                T.writes(A_reindex_shared_dyn_wmma_matrix_a[v0_o * 16 + v0_i, v1_o * 16 + v1_i])
                                                A_reindex_shared_dyn_wmma_matrix_a[v0_o * 16 + v0_i, v1_o * 16 + v1_i] = A_reindex_shared_dyn[v0_o * 16 + v0_i, v1_o * 16 + v1_i]
                                for ax0_0, ax1_0 in T.grid(8, 1):
                                    with T.block("B_reindex_shared.dyn_wmma.matrix_b_o"):
                                        v0_o = T.axis.spatial(256, ax0_0_1_ax1_0_1_fused * 64 + ax0_0_2_ax1_0_2_fused % 8 * 8 + ax0_0)
                                        v1_o = T.axis.spatial(256, ax2_0_0 * 2 + ax2_0_1 + ax1_0)
                                        T.reads(B_reindex_shared_dyn[v0_o * 16:v0_o * 16 + 16, v1_o * 16:v1_o * 16 + 16])
                                        T.writes(B_reindex_shared_dyn_wmma_matrix_b[v0_o * 16:v0_o * 16 + 16, v1_o * 16:v1_o * 16 + 16])
                                        T.block_attr({"meta_schedule.auto_tensorize": "wmma_load_16x16x16_f16_b_trans_shared_dyn"})
                                        for ax0_1, ax1_1 in T.grid(16, 16):
                                            with T.block("B_reindex_shared.dyn_wmma.matrix_b"):
                                                v0_i, v1_i = T.axis.remap("SS", [ax0_1, ax1_1])
                                                T.reads(B_reindex_shared_dyn[v0_o * 16 + v0_i, v1_o * 16 + v1_i])
                                                T.writes(B_reindex_shared_dyn_wmma_matrix_b[v0_o * 16 + v0_i, v1_o * 16 + v1_i])
                                                B_reindex_shared_dyn_wmma_matrix_b[v0_o * 16 + v0_i, v1_o * 16 + v1_i] = B_reindex_shared_dyn[v0_o * 16 + v0_i, v1_o * 16 + v1_i]
                                for ax0_0_3, ax1_0_3, ax2_0_2, ax0_0_4, ax1_0_4 in T.grid(1, 8, 1, 1, 1):
                                    with T.block("T_matmul_NN_o"):
                                        v0_o = T.axis.spatial(256, ax0_0_0_ax1_0_0_fused * 128 + ax0_0_2_ax1_0_2_fused // 8 + ax0_0_3 + ax0_0_4)
                                        v1_o = T.axis.spatial(256, ax0_0_1_ax1_0_1_fused * 64 + ax0_0_2_ax1_0_2_fused % 8 * 8 + ax1_0_3 + ax1_0_4)
                                        v2_o = T.axis.reduce(256, ax2_0_0 * 2 + ax2_0_1 + ax2_0_2)
                                        T.reads(A_reindex_shared_dyn_wmma_matrix_a[v0_o * 16:v0_o * 16 + 16, v2_o * 16:v2_o * 16 + 16], B_reindex_shared_dyn_wmma_matrix_b[v1_o * 16:v1_o * 16 + 16, v2_o * 16:v2_o * 16 + 16])
                                        T.writes(T_matmul_NN_reindex_shared_dyn_wmma_accumulator[v0_o, v1_o // 8, 0, v1_o % 8, 0:16, 0:16])
                                        T.block_attr({"meta_schedule.auto_tensorize": "wmma_sync_16x16x16_f16f16f16_trans", "meta_schedule.auto_tensorize_init": "wmma_fill_16x16x16_f16", "meta_schedule.thread_extent_high_inclusive": 1024, "meta_schedule.thread_extent_low_inclusive": 32, "warp_execution": 1})
                                        with T.init():
                                            for ax0_1, ax1_1 in T.grid(16, 16):
                                                with T.block("T_matmul_NN_init"):
                                                    v0_i_init, v1_i_init = T.axis.remap("SS", [ax0_1, ax1_1])
                                                    T.reads()
                                                    T.writes(T_matmul_NN_reindex_shared_dyn_wmma_accumulator[v0_o, v1_o // 8, 0, v1_o % 8, v0_i_init, v1_i_init])
                                                    T_matmul_NN_reindex_shared_dyn_wmma_accumulator[v0_o, v1_o // 8, 0, v1_o % 8, v0_i_init, v1_i_init] = T.float16(0.0)
                                        for ax0_1, ax1_1, ax2_1 in T.grid(16, 16, 16):
                                            with T.block("T_matmul_NN"):
                                                v0_i, v1_i, v2_i = T.axis.remap("SSR", [ax0_1, ax1_1, ax2_1])
                                                T.reads(T_matmul_NN_reindex_shared_dyn_wmma_accumulator[v0_o, v1_o // 8, 0, v1_o % 8, v0_i, v1_i], A_reindex_shared_dyn_wmma_matrix_a[v0_o * 16 + v0_i, v2_o * 16 + v2_i], B_reindex_shared_dyn_wmma_matrix_b[v1_o * 16 + v1_i, v2_o * 16 + v2_i])
                                                T.writes(T_matmul_NN_reindex_shared_dyn_wmma_accumulator[v0_o, v1_o // 8, 0, v1_o % 8, v0_i, v1_i])
                                                T.block_attr({"meta_schedule.tiling_structure": "SSSRRSRS"})
                                                T_matmul_NN_reindex_shared_dyn_wmma_accumulator[v0_o, v1_o // 8, 0, v1_o % 8, v0_i, v1_i] = T_matmul_NN_reindex_shared_dyn_wmma_accumulator[v0_o, v1_o // 8, 0, v1_o % 8, v0_i, v1_i] + A_reindex_shared_dyn_wmma_matrix_a[v0_o * 16 + v0_i, v2_o * 16 + v2_i] * B_reindex_shared_dyn_wmma_matrix_b[v1_o * 16 + v1_i, v2_o * 16 + v2_i]
                    for ax2 in range(1):
                        for ax0_ax1_fused in T.thread_binding(1024, thread="threadIdx.y"):
                            for ax2_1, ax3 in T.grid(1, 8):
                                with T.block("T_matmul_NN_reindex_shared.dyn_wmma.accumulator_o"):
                                    v0_o = T.axis.spatial(256, ax0_0_0_ax1_0_0_fused * 128 + ax0_ax1_fused // 8)
                                    v1_o = T.axis.spatial(32, ax0_0_1_ax1_0_1_fused * 8 + ax0_ax1_fused % 8)
                                    v2_o, v3_o = T.axis.remap("SS", [ax2_1, ax3])
                                    v4_o = T.axis.spatial(1, 0)
                                    v5_o = T.axis.spatial(1, 0)
                                    T.reads(T_matmul_NN_reindex_shared_dyn_wmma_accumulator[v0_o, v1_o, v2_o, v3_o, 0:16, 0:16])
                                    T.writes(T_matmul_NN_reindex_shared_dyn[v0_o, v1_o, v2_o, v3_o, 0:16, 0:16])
                                    T.block_attr({"meta_schedule.auto_tensorize": "wmma_store_16x16x16_f16_shared_dyn"})
                                    for ax4, ax5 in T.grid(16, 16):
                                        with T.block("T_matmul_NN_reindex_shared.dyn_wmma.accumulator"):
                                            v4_i, v5_i = T.axis.remap("SS", [ax4, ax5])
                                            T.reads(T_matmul_NN_reindex_shared_dyn_wmma_accumulator[v0_o, v1_o, v2_o, v3_o, v4_i, v5_i])
                                            T.writes(T_matmul_NN_reindex_shared_dyn[v0_o, v1_o, v2_o, v3_o, v4_i, v5_i])
                                            T_matmul_NN_reindex_shared_dyn[v0_o, v1_o, v2_o, v3_o, v4_i, v5_i] = T_matmul_NN_reindex_shared_dyn_wmma_accumulator[v0_o, v1_o, v2_o, v3_o, v4_i, v5_i]
                        for ax0_ax1_ax3_ax4_ax5_fused in range(2097152):
                            with T.block("T_matmul_NN_reindex_shared.dyn"):
                                v0 = T.axis.spatial(256, ax0_0_0_ax1_0_0_fused * 128 + ax0_ax1_ax3_ax4_ax5_fused // 16384)
                                v1 = T.axis.spatial(32, ax0_0_1_ax1_0_1_fused * 8 + ax0_ax1_ax3_ax4_ax5_fused % 16384 // 2048)
                                v2 = T.axis.spatial(1, ax2)
                                v3 = T.axis.spatial(8, ax0_ax1_ax3_ax4_ax5_fused % 2048 // 256)
                                v4 = T.axis.spatial(16, ax0_ax1_ax3_ax4_ax5_fused % 256 // 16)
                                v5 = T.axis.spatial(16, ax0_ax1_ax3_ax4_ax5_fused % 16)
                                T.reads(T_matmul_NN_reindex_shared_dyn[v0, v1, v2, v3, v4, v5])
                                T.writes(T_matmul_NN[v4 + v0 * 16, v5 + v3 * 16 + v1 * 128])
                                T.block_attr({"meta_schedule.cooperative_fetch": 4})
                                T_matmul_NN[v4 + v0 * 16, v5 + v3 * 16 + v1 * 128] = T_matmul_NN_reindex_shared_dyn[v0, v1, v2, v3, v4, v5]
b0 = sch.get_block(name="T_matmul_NN", func_name="main")
b1 = sch.get_block(name="root", func_name="main")
sch.annotate(block_or_loop=b0, ann_key="meta_schedule.tiling_structure", ann_val="SSSRRSRS")
b2 = sch.reindex(block=b0, buffer=("write", 0))
b3 = sch.reindex(block=b0, buffer=("read", 0))
b4 = sch.reindex(block=b0, buffer=("read", 1))
sch.transform_layout(block=b0, buffer=("read", 0), index_map=lambda v_i0, v_k: (v_i0, v_k,), pad_value=None, assume_injective_transform=True)
sch.transform_layout(block=b0, buffer=("read", 1), index_map=lambda v_i1, v_k: (v_i1, v_k,), pad_value=None, assume_injective_transform=True)
sch.transform_layout(block=b0, buffer=("write", 0), index_map=lambda v_i0, v_i1: (v_i0, v_i1,), pad_value=None, assume_injective_transform=True)
sch.transform_block_layout(block=b2, index_map=lambda v_i0, v_i1: (v_i0, v_i1,))
sch.transform_block_layout(block=b3, index_map=lambda v_i0, v_k: (v_i0, v_k,))
sch.transform_block_layout(block=b4, index_map=lambda v_i1, v_k: (v_i1, v_k,))
sch.transform_block_layout(block=b0, index_map=lambda v_i0, v_i1, v_k: (v_i0, v_i1, v_k,))
l5, l6, l7 = sch.get_loops(block=b0)
l8, l9 = sch.split(loop=l7, factors=[None, 16], preserve_unit_iters=True, disable_predication=False)
l10, l11 = sch.split(loop=l6, factors=[None, 16], preserve_unit_iters=True, disable_predication=False)
l12, l13 = sch.split(loop=l5, factors=[None, 16], preserve_unit_iters=True, disable_predication=False)
l14, l15, l16, l17, l18, l19 = sch.get_loops(block=b0)
sch.reorder(l16, l18, l13, l11, l9)
b20 = sch.blockize(target=l13, preserve_unit_iters=True)
sch.annotate(block_or_loop=b20, ann_key="meta_schedule.auto_tensorize", ann_val="wmma_sync_16x16x16_f16f16f16_trans")
sch.annotate(block_or_loop=b20, ann_key="meta_schedule.auto_tensorize_init", ann_val="wmma_fill_16x16x16_f16")
sch.annotate(block_or_loop=b20, ann_key="warp_execution", ann_val=1)
l21, l22, l23 = sch.get_loops(block=b20)
v24, v25, v26, v27, v28 = sch.sample_perfect_tile(loop=l21, n=5, max_innermost_factor=4, decision=[2, 1, 128, 1, 1])
l29, l30, l31, l32, l33 = sch.split(loop=l21, factors=[v24, v25, v26, v27, v28], preserve_unit_iters=True, disable_predication=False)
v34, v35, v36, v37, v38 = sch.sample_perfect_tile(loop=l22, n=5, max_innermost_factor=4, decision=[1, 4, 8, 8, 1])
l39, l40, l41, l42, l43 = sch.split(loop=l22, factors=[v34, v35, v36, v37, v38], preserve_unit_iters=True, disable_predication=False)
v44, v45, v46 = sch.sample_perfect_tile(loop=l23, n=3, max_innermost_factor=4, decision=[128, 2, 1])
l47, l48, l49 = sch.split(loop=l23, factors=[v44, v45, v46], preserve_unit_iters=True, disable_predication=False)
sch.reorder(l29, l39, l30, l40, l31, l41, l47, l48, l32, l42, l49, l33, l43)
l50 = sch.fuse(l29, l39, preserve_unit_iters=True)
sch.bind(loop=l50, thread_axis="blockIdx.y")
l51 = sch.fuse(l30, l40, preserve_unit_iters=True)
sch.bind(loop=l51, thread_axis="blockIdx.x")
l52 = sch.fuse(l31, l41, preserve_unit_iters=True)
sch.bind(loop=l52, thread_axis="threadIdx.y")
sch.annotate(block_or_loop=b20, ann_key="meta_schedule.thread_extent_low_inclusive", ann_val=32)
sch.annotate(block_or_loop=b20, ann_key="meta_schedule.thread_extent_high_inclusive", ann_val=1024)
sch.transform_layout(block=b20, buffer=("write", 0), index_map=lambda i0, i1: (i0 // 16 // (v27 * v28), i1 // 16 // (v37 * v38), i0 // 16 % (v27 * v28), i1 // 16 % (v37 * v38), i0 % 16, i1 % 16,), pad_value=None, assume_injective_transform=True)
b53 = sch.cache_write(block=b20, write_buffer_index=0, storage_scope="shared.dyn")
sch.reverse_compute_at(block=b53, loop=l51, preserve_unit_loops=True, index=-1)
b54 = sch.cache_write(block=b20, write_buffer_index=0, storage_scope="wmma.accumulator")
l55, l56, l57, l58, l59, l60, l61, l62 = sch.get_loops(block=b53)
sch.reorder(l59, l57, l58, l60)
sch.compute_at(block=b54, loop=l59, preserve_unit_loops=True, index=-1)
l63, l64, l65, l66, l67, l68, l69, l70, l71 = sch.get_loops(block=b54)
l72 = sch.fuse(l66, l67, preserve_unit_iters=True)
sch.bind(loop=l72, thread_axis="threadIdx.y")
sch.reverse_compute_inline(block=b2)
l73, l74, l75, l76, l77, l78, l79, l80 = sch.get_loops(block=b54)
b81 = sch.blockize(target=l79, preserve_unit_iters=True)
sch.annotate(block_or_loop=b81, ann_key="meta_schedule.auto_tensorize", ann_val="wmma_store_16x16x16_f16_shared_dyn")
l82, l83, l84, l85, l86, l87, l88, l89 = sch.get_loops(block=b53)
l90 = sch.fuse(l85, l86, l87, l88, l89, preserve_unit_iters=True)
v91 = sch.sample_categorical(candidates=[1, 2, 4, 8], probs=[0.25, 0.25, 0.25, 0.25], decision=2)
sch.annotate(block_or_loop=b53, ann_key="meta_schedule.cooperative_fetch", ann_val=v91)
b92 = sch.cache_read(block=b20, read_buffer_index=0, storage_scope="shared.dyn", consumer_blocks=[b20])
sch.compute_at(block=b92, loop=l47, preserve_unit_loops=True, index=-1)
l93, l94, l95, l96, l97, l98 = sch.get_loops(block=b92)
l99 = sch.fuse(l97, l98, preserve_unit_iters=True)
v100 = sch.sample_categorical(candidates=[1, 2, 4, 8], probs=[0.25, 0.25, 0.25, 0.25], decision=0)
sch.annotate(block_or_loop=b92, ann_key="meta_schedule.cooperative_fetch", ann_val=v100)
b101 = sch.cache_read(block=b20, read_buffer_index=1, storage_scope="shared.dyn", consumer_blocks=[b20])
sch.compute_at(block=b101, loop=l47, preserve_unit_loops=True, index=-1)
l102, l103, l104, l105, l106, l107 = sch.get_loops(block=b101)
l108 = sch.fuse(l106, l107, preserve_unit_iters=True)
v109 = sch.sample_categorical(candidates=[1, 2, 4, 8], probs=[0.25, 0.25, 0.25, 0.25], decision=0)
sch.annotate(block_or_loop=b101, ann_key="meta_schedule.cooperative_fetch", ann_val=v109)
b110 = sch.cache_read(block=b20, read_buffer_index=0, storage_scope="wmma.matrix_a")
sch.compute_at(block=b110, loop=l48, preserve_unit_loops=True, index=-1)
l111, l112, l113, l114, l115, l116, l117 = sch.get_loops(block=b110)
l118, l119 = sch.split(loop=l117, factors=[None, 16], preserve_unit_iters=True, disable_predication=False)
l120, l121 = sch.split(loop=l116, factors=[None, 16], preserve_unit_iters=True, disable_predication=False)
l122, l123, l124, l125, l126, l127, l128, l129, l130 = sch.get_loops(block=b110)
sch.reorder(l129, l121, l119)
b131 = sch.blockize(target=l121, preserve_unit_iters=True)
sch.annotate(block_or_loop=b131, ann_key="meta_schedule.auto_tensorize", ann_val="wmma_load_16x16x16_f16_a_shared_dyn")
b132 = sch.cache_read(block=b20, read_buffer_index=1, storage_scope="wmma.matrix_b")
sch.compute_at(block=b132, loop=l48, preserve_unit_loops=True, index=-1)
l133, l134, l135, l136, l137, l138, l139 = sch.get_loops(block=b132)
l140, l141 = sch.split(loop=l139, factors=[None, 16], preserve_unit_iters=True, disable_predication=False)
l142, l143 = sch.split(loop=l138, factors=[None, 16], preserve_unit_iters=True, disable_predication=False)
l144, l145, l146, l147, l148, l149, l150, l151, l152 = sch.get_loops(block=b132)
sch.reorder(l151, l143, l141)
b153 = sch.blockize(target=l143, preserve_unit_iters=True)
sch.annotate(block_or_loop=b153, ann_key="meta_schedule.auto_tensorize", ann_val="wmma_load_16x16x16_f16_b_trans_shared_dyn")
b154, = sch.get_producers(block=b92)
sch.compute_inline(block=b154)
sch.storage_align(block=b92, buffer_index=0, axis=-2, factor=32, offset=8)
b155, = sch.get_producers(block=b101)
sch.compute_inline(block=b155)
sch.storage_align(block=b101, buffer_index=0, axis=-2, factor=32, offset=8)
v156 = sch.sample_categorical(candidates=[0, 16, 64, 512, 1024], probs=[0.20000000000000001, 0.20000000000000001, 0.20000000000000001, 0.20000000000000001, 0.20000000000000001], decision=0)
sch.annotate(block_or_loop=b1, ann_key="meta_schedule.unroll_explicit", ann_val=v156)
2025-10-10 02:43:41 [INFO] [task_scheduler.cc:170] Design space #1:
# from tvm.script import ir as I
# from tvm.script import tir as T

@I.ir_module
class Module:
    @T.prim_func
    def main(A: T.Buffer((4096, 4096), "float16"), B: T.Buffer((4096, 4096), "float16"), T_matmul_NN: T.Buffer((4096, 4096), "float16")):
        T.func_attr({"layout_free_buffers": [1], "tir.noalias": T.bool(True)})
        with T.block("root"):
            T.reads()
            T.writes()
            T.block_attr({"meta_schedule.unroll_explicit": 512})
            T_matmul_NN_reindex_shared_dyn = T.alloc_buffer((32, 64, 8, 4, 16, 16), "float16", scope="shared.dyn")
            T_matmul_NN_reindex_shared_dyn_wmma_accumulator = T.alloc_buffer((32, 64, 8, 4, 16, 16), "float16", scope="wmma.accumulator")
            A_reindex_shared_dyn = T.alloc_buffer((4096, 4096), "float16", scope="shared.dyn")
            B_reindex_shared_dyn = T.alloc_buffer((4096, 4096), "float16", scope="shared.dyn")
            A_reindex_shared_dyn_wmma_matrix_a = T.alloc_buffer((4096, 4096), "float16", scope="wmma.matrix_a")
            B_reindex_shared_dyn_wmma_matrix_b = T.alloc_buffer((4096, 4096), "float16", scope="wmma.matrix_b")
            for ax0_0_0_ax1_0_0_fused in T.thread_binding(256, thread="blockIdx.y"):
                for ax0_0_1_ax1_0_1_fused in T.thread_binding(8, thread="blockIdx.x"):
                    for ax0_0_2_ax1_0_2_fused in T.thread_binding(1, thread="threadIdx.y"):
                        for ax2_0_0 in range(4):
                            for ax0_ax1_fused in range(131072):
                                with T.block("A_reindex_shared.dyn"):
                                    v0 = T.axis.spatial(4096, ax0_0_0_ax1_0_0_fused // 64 * 1024 + ax0_0_1_ax1_0_1_fused * 128 + ax0_ax1_fused // 1024)
                                    v1 = T.axis.spatial(4096, ax2_0_0 * 1024 + ax0_ax1_fused % 1024)
                                    T.reads(A[v0, v1])
                                    T.writes(A_reindex_shared_dyn[v0, v1])
                                    T.block_attr({"buffer_dim_align": [[0, 0, 32, 8]], "meta_schedule.cooperative_fetch": 1})
                                    A_reindex_shared_dyn[v0, v1] = A[v0, v1]
                            for ax0_ax1_fused in range(65536):
                                with T.block("B_reindex_shared.dyn"):
                                    v0 = T.axis.spatial(4096, ax2_0_0 * 1024 + ax0_ax1_fused // 64)
                                    v1 = T.axis.spatial(4096, ax0_0_0_ax1_0_0_fused % 64 * 64 + ax0_ax1_fused % 64)
                                    T.reads(B[v0, v1])
                                    T.writes(B_reindex_shared_dyn[v0, v1])
                                    T.block_attr({"buffer_dim_align": [[0, 0, 32, 8]], "meta_schedule.cooperative_fetch": 2})
                                    B_reindex_shared_dyn[v0, v1] = B[v0, v1]
                            for ax2_0_1 in range(64):
                                for ax0_0, ax1_0 in T.grid(8, 1):
                                    with T.block("A_reindex_shared.dyn_wmma.matrix_a_o"):
                                        v0_o = T.axis.spatial(256, ax0_0_0_ax1_0_0_fused // 64 * 64 + ax0_0_1_ax1_0_1_fused * 8 + ax0_0)
                                        v1_o = T.axis.spatial(256, ax2_0_0 * 64 + ax2_0_1 + ax1_0)
                                        T.reads(A_reindex_shared_dyn[v0_o * 16:v0_o * 16 + 16, v1_o * 16:v1_o * 16 + 16])
                                        T.writes(A_reindex_shared_dyn_wmma_matrix_a[v0_o * 16:v0_o * 16 + 16, v1_o * 16:v1_o * 16 + 16])
                                        T.block_attr({"meta_schedule.auto_tensorize": "wmma_load_16x16x16_f16_a_shared_dyn"})
                                        for ax0_1, ax1_1 in T.grid(16, 16):
                                            with T.block("A_reindex_shared.dyn_wmma.matrix_a"):
                                                v0_i, v1_i = T.axis.remap("SS", [ax0_1, ax1_1])
                                                T.reads(A_reindex_shared_dyn[v0_o * 16 + v0_i, v1_o * 16 + v1_i])
                                                T.writes(A_reindex_shared_dyn_wmma_matrix_a[v0_o * 16 + v0_i, v1_o * 16 + v1_i])
                                                A_reindex_shared_dyn_wmma_matrix_a[v0_o * 16 + v0_i, v1_o * 16 + v1_i] = A_reindex_shared_dyn[v0_o * 16 + v0_i, v1_o * 16 + v1_i]
                                for ax0_0, ax1_0 in T.grid(1, 4):
                                    with T.block("B_reindex_shared.dyn_wmma.matrix_b_o"):
                                        v0_o = T.axis.spatial(256, ax2_0_0 * 64 + ax2_0_1 + ax0_0)
                                        v1_o = T.axis.spatial(256, ax0_0_0_ax1_0_0_fused % 64 * 4 + ax1_0)
                                        T.reads(B_reindex_shared_dyn[v0_o * 16:v0_o * 16 + 16, v1_o * 16:v1_o * 16 + 16])
                                        T.writes(B_reindex_shared_dyn_wmma_matrix_b[v0_o * 16:v0_o * 16 + 16, v1_o * 16:v1_o * 16 + 16])
                                        T.block_attr({"meta_schedule.auto_tensorize": "wmma_load_16x16x16_f16_b_shared_dyn"})
                                        for ax0_1, ax1_1 in T.grid(16, 16):
                                            with T.block("B_reindex_shared.dyn_wmma.matrix_b"):
                                                v0_i, v1_i = T.axis.remap("SS", [ax0_1, ax1_1])
                                                T.reads(B_reindex_shared_dyn[v0_o * 16 + v0_i, v1_o * 16 + v1_i])
                                                T.writes(B_reindex_shared_dyn_wmma_matrix_b[v0_o * 16 + v0_i, v1_o * 16 + v1_i])
                                                B_reindex_shared_dyn_wmma_matrix_b[v0_o * 16 + v0_i, v1_o * 16 + v1_i] = B_reindex_shared_dyn[v0_o * 16 + v0_i, v1_o * 16 + v1_i]
                                for ax0_0_3, ax1_0_3, ax2_0_2, ax0_0_4, ax1_0_4 in T.grid(4, 2, 1, 2, 2):
                                    with T.block("T_matmul_NN_o"):
                                        v0_o = T.axis.spatial(256, ax0_0_0_ax1_0_0_fused // 64 * 64 + ax0_0_1_ax1_0_1_fused * 8 + ax0_0_3 * 2 + ax0_0_4)
                                        v1_o = T.axis.spatial(256, ax0_0_0_ax1_0_0_fused % 64 * 4 + ax1_0_3 * 2 + ax1_0_4)
                                        v2_o = T.axis.reduce(256, ax2_0_0 * 64 + ax2_0_1 + ax2_0_2)
                                        T.reads(A_reindex_shared_dyn_wmma_matrix_a[v0_o * 16:v0_o * 16 + 16, v2_o * 16:v2_o * 16 + 16], B_reindex_shared_dyn_wmma_matrix_b[v2_o * 16:v2_o * 16 + 16, v1_o * 16:v1_o * 16 + 16])
                                        T.writes(T_matmul_NN_reindex_shared_dyn_wmma_accumulator[v0_o // 8, v1_o // 4, v0_o % 8, v1_o % 4, 0:16, 0:16])
                                        T.block_attr({"meta_schedule.auto_tensorize": "wmma_sync_16x16x16_f16f16f16", "meta_schedule.auto_tensorize_init": "wmma_fill_16x16x16_f16", "meta_schedule.thread_extent_high_inclusive": 1024, "meta_schedule.thread_extent_low_inclusive": 32, "warp_execution": 1})
                                        with T.init():
                                            for ax0_1, ax1_1 in T.grid(16, 16):
                                                with T.block("T_matmul_NN_init"):
                                                    v0_i_init, v1_i_init = T.axis.remap("SS", [ax0_1, ax1_1])
                                                    T.reads()
                                                    T.writes(T_matmul_NN_reindex_shared_dyn_wmma_accumulator[v0_o // 8, v1_o // 4, v0_o % 8, v1_o % 4, v0_i_init, v1_i_init])
                                                    T_matmul_NN_reindex_shared_dyn_wmma_accumulator[v0_o // 8, v1_o // 4, v0_o % 8, v1_o % 4, v0_i_init, v1_i_init] = T.float16(0.0)
                                        for ax0_1, ax1_1, ax2_1 in T.grid(16, 16, 16):
                                            with T.block("T_matmul_NN"):
                                                v0_i, v1_i, v2_i = T.axis.remap("SSR", [ax0_1, ax1_1, ax2_1])
                                                T.reads(T_matmul_NN_reindex_shared_dyn_wmma_accumulator[v0_o // 8, v1_o // 4, v0_o % 8, v1_o % 4, v0_i, v1_i], A_reindex_shared_dyn_wmma_matrix_a[v0_o * 16 + v0_i, v2_o * 16 + v2_i], B_reindex_shared_dyn_wmma_matrix_b[v2_o * 16 + v2_i, v1_o * 16 + v1_i])
                                                T.writes(T_matmul_NN_reindex_shared_dyn_wmma_accumulator[v0_o // 8, v1_o // 4, v0_o % 8, v1_o % 4, v0_i, v1_i])
                                                T.block_attr({"meta_schedule.tiling_structure": "SSSRRSRS"})
                                                T_matmul_NN_reindex_shared_dyn_wmma_accumulator[v0_o // 8, v1_o // 4, v0_o % 8, v1_o % 4, v0_i, v1_i] = T_matmul_NN_reindex_shared_dyn_wmma_accumulator[v0_o // 8, v1_o // 4, v0_o % 8, v1_o % 4, v0_i, v1_i] + A_reindex_shared_dyn_wmma_matrix_a[v0_o * 16 + v0_i, v2_o * 16 + v2_i] * B_reindex_shared_dyn_wmma_matrix_b[v2_o * 16 + v2_i, v1_o * 16 + v1_i]
                    for ax2 in range(8):
                        for ax0_ax1_fused in T.thread_binding(1, thread="threadIdx.y"):
                            for ax2_1, ax3 in T.grid(1, 4):
                                with T.block("T_matmul_NN_reindex_shared.dyn_wmma.accumulator_o"):
                                    v0_o = T.axis.spatial(32, ax0_0_0_ax1_0_0_fused // 64 * 8 + ax0_0_1_ax1_0_1_fused)
                                    v1_o = T.axis.spatial(64, ax0_0_0_ax1_0_0_fused % 64)
                                    v2_o = T.axis.spatial(8, ax2 + ax2_1)
                                    v3_o = T.axis.spatial(4, ax3)
                                    v4_o = T.axis.spatial(1, 0)
                                    v5_o = T.axis.spatial(1, 0)
                                    T.reads(T_matmul_NN_reindex_shared_dyn_wmma_accumulator[v0_o, v1_o, v2_o, v3_o, 0:16, 0:16])
                                    T.writes(T_matmul_NN_reindex_shared_dyn[v0_o, v1_o, v2_o, v3_o, 0:16, 0:16])
                                    T.block_attr({"meta_schedule.auto_tensorize": "wmma_store_16x16x16_f16_shared_dyn"})
                                    for ax4, ax5 in T.grid(16, 16):
                                        with T.block("T_matmul_NN_reindex_shared.dyn_wmma.accumulator"):
                                            v4_i, v5_i = T.axis.remap("SS", [ax4, ax5])
                                            T.reads(T_matmul_NN_reindex_shared_dyn_wmma_accumulator[v0_o, v1_o, v2_o, v3_o, v4_i, v5_i])
                                            T.writes(T_matmul_NN_reindex_shared_dyn[v0_o, v1_o, v2_o, v3_o, v4_i, v5_i])
                                            T_matmul_NN_reindex_shared_dyn[v0_o, v1_o, v2_o, v3_o, v4_i, v5_i] = T_matmul_NN_reindex_shared_dyn_wmma_accumulator[v0_o, v1_o, v2_o, v3_o, v4_i, v5_i]
                        for ax0_ax1_ax3_ax4_ax5_fused in range(1024):
                            with T.block("T_matmul_NN_reindex_shared.dyn"):
                                v0 = T.axis.spatial(32, ax0_0_0_ax1_0_0_fused // 64 * 8 + ax0_0_1_ax1_0_1_fused)
                                v1 = T.axis.spatial(64, ax0_0_0_ax1_0_0_fused % 64)
                                v2 = T.axis.spatial(8, ax2)
                                v3 = T.axis.spatial(4, ax0_ax1_ax3_ax4_ax5_fused // 256)
                                v4 = T.axis.spatial(16, ax0_ax1_ax3_ax4_ax5_fused % 256 // 16)
                                v5 = T.axis.spatial(16, ax0_ax1_ax3_ax4_ax5_fused % 16)
                                T.reads(T_matmul_NN_reindex_shared_dyn[v0, v1, v2, v3, v4, v5])
                                T.writes(T_matmul_NN[v4 + v2 * 16 + v0 * 128, v5 + v3 * 16 + v1 * 64])
                                T.block_attr({"meta_schedule.cooperative_fetch": 8})
                                T_matmul_NN[v4 + v2 * 16 + v0 * 128, v5 + v3 * 16 + v1 * 64] = T_matmul_NN_reindex_shared_dyn[v0, v1, v2, v3, v4, v5]
b0 = sch.get_block(name="T_matmul_NN", func_name="main")
b1 = sch.get_block(name="root", func_name="main")
sch.annotate(block_or_loop=b0, ann_key="meta_schedule.tiling_structure", ann_val="SSSRRSRS")
b2 = sch.reindex(block=b0, buffer=("write", 0))
b3 = sch.reindex(block=b0, buffer=("read", 0))
b4 = sch.reindex(block=b0, buffer=("read", 1))
sch.transform_layout(block=b0, buffer=("read", 0), index_map=lambda v_i0, v_k: (v_i0, v_k,), pad_value=None, assume_injective_transform=True)
sch.transform_layout(block=b0, buffer=("read", 1), index_map=lambda v_i1, v_k: (v_k, v_i1,), pad_value=None, assume_injective_transform=True)
sch.transform_layout(block=b0, buffer=("write", 0), index_map=lambda v_i0, v_i1: (v_i0, v_i1,), pad_value=None, assume_injective_transform=True)
sch.transform_block_layout(block=b2, index_map=lambda v_i0, v_i1: (v_i0, v_i1,))
sch.transform_block_layout(block=b3, index_map=lambda v_i0, v_k: (v_i0, v_k,))
sch.transform_block_layout(block=b4, index_map=lambda v_i1, v_k: (v_k, v_i1,))
sch.transform_block_layout(block=b0, index_map=lambda v_i0, v_i1, v_k: (v_i0, v_i1, v_k,))
l5, l6, l7 = sch.get_loops(block=b0)
l8, l9 = sch.split(loop=l7, factors=[None, 16], preserve_unit_iters=True, disable_predication=False)
l10, l11 = sch.split(loop=l6, factors=[None, 16], preserve_unit_iters=True, disable_predication=False)
l12, l13 = sch.split(loop=l5, factors=[None, 16], preserve_unit_iters=True, disable_predication=False)
l14, l15, l16, l17, l18, l19 = sch.get_loops(block=b0)
sch.reorder(l16, l18, l13, l11, l9)
b20 = sch.blockize(target=l13, preserve_unit_iters=True)
sch.annotate(block_or_loop=b20, ann_key="meta_schedule.auto_tensorize", ann_val="wmma_sync_16x16x16_f16f16f16")
sch.annotate(block_or_loop=b20, ann_key="meta_schedule.auto_tensorize_init", ann_val="wmma_fill_16x16x16_f16")
sch.annotate(block_or_loop=b20, ann_key="warp_execution", ann_val=1)
l21, l22, l23 = sch.get_loops(block=b20)
v24, v25, v26, v27, v28 = sch.sample_perfect_tile(loop=l21, n=5, max_innermost_factor=4, decision=[4, 8, 1, 4, 2])
l29, l30, l31, l32, l33 = sch.split(loop=l21, factors=[v24, v25, v26, v27, v28], preserve_unit_iters=True, disable_predication=False)
v34, v35, v36, v37, v38 = sch.sample_perfect_tile(loop=l22, n=5, max_innermost_factor=4, decision=[64, 1, 1, 2, 2])
l39, l40, l41, l42, l43 = sch.split(loop=l22, factors=[v34, v35, v36, v37, v38], preserve_unit_iters=True, disable_predication=False)
v44, v45, v46 = sch.sample_perfect_tile(loop=l23, n=3, max_innermost_factor=4, decision=[4, 64, 1])
l47, l48, l49 = sch.split(loop=l23, factors=[v44, v45, v46], preserve_unit_iters=True, disable_predication=False)
sch.reorder(l29, l39, l30, l40, l31, l41, l47, l48, l32, l42, l49, l33, l43)
l50 = sch.fuse(l29, l39, preserve_unit_iters=True)
sch.bind(loop=l50, thread_axis="blockIdx.y")
l51 = sch.fuse(l30, l40, preserve_unit_iters=True)
sch.bind(loop=l51, thread_axis="blockIdx.x")
l52 = sch.fuse(l31, l41, preserve_unit_iters=True)
sch.bind(loop=l52, thread_axis="threadIdx.y")
sch.annotate(block_or_loop=b20, ann_key="meta_schedule.thread_extent_low_inclusive", ann_val=32)
sch.annotate(block_or_loop=b20, ann_key="meta_schedule.thread_extent_high_inclusive", ann_val=1024)
sch.transform_layout(block=b20, buffer=("write", 0), index_map=lambda i0, i1: (i0 // 16 // (v27 * v28), i1 // 16 // (v37 * v38), i0 // 16 % (v27 * v28), i1 // 16 % (v37 * v38), i0 % 16, i1 % 16,), pad_value=None, assume_injective_transform=True)
b53 = sch.cache_write(block=b20, write_buffer_index=0, storage_scope="shared.dyn")
sch.reverse_compute_at(block=b53, loop=l51, preserve_unit_loops=True, index=-1)
b54 = sch.cache_write(block=b20, write_buffer_index=0, storage_scope="wmma.accumulator")
l55, l56, l57, l58, l59, l60, l61, l62 = sch.get_loops(block=b53)
sch.reorder(l59, l57, l58, l60)
sch.compute_at(block=b54, loop=l59, preserve_unit_loops=True, index=-1)
l63, l64, l65, l66, l67, l68, l69, l70, l71 = sch.get_loops(block=b54)
l72 = sch.fuse(l66, l67, preserve_unit_iters=True)
sch.bind(loop=l72, thread_axis="threadIdx.y")
sch.reverse_compute_inline(block=b2)
l73, l74, l75, l76, l77, l78, l79, l80 = sch.get_loops(block=b54)
b81 = sch.blockize(target=l79, preserve_unit_iters=True)
sch.annotate(block_or_loop=b81, ann_key="meta_schedule.auto_tensorize", ann_val="wmma_store_16x16x16_f16_shared_dyn")
l82, l83, l84, l85, l86, l87, l88, l89 = sch.get_loops(block=b53)
l90 = sch.fuse(l85, l86, l87, l88, l89, preserve_unit_iters=True)
v91 = sch.sample_categorical(candidates=[1, 2, 4, 8], probs=[0.25, 0.25, 0.25, 0.25], decision=3)
sch.annotate(block_or_loop=b53, ann_key="meta_schedule.cooperative_fetch", ann_val=v91)
b92 = sch.cache_read(block=b20, read_buffer_index=0, storage_scope="shared.dyn", consumer_blocks=[b20])
sch.compute_at(block=b92, loop=l47, preserve_unit_loops=True, index=-1)
l93, l94, l95, l96, l97, l98 = sch.get_loops(block=b92)
l99 = sch.fuse(l97, l98, preserve_unit_iters=True)
v100 = sch.sample_categorical(candidates=[1, 2, 4, 8], probs=[0.25, 0.25, 0.25, 0.25], decision=0)
sch.annotate(block_or_loop=b92, ann_key="meta_schedule.cooperative_fetch", ann_val=v100)
b101 = sch.cache_read(block=b20, read_buffer_index=1, storage_scope="shared.dyn", consumer_blocks=[b20])
sch.compute_at(block=b101, loop=l47, preserve_unit_loops=True, index=-1)
l102, l103, l104, l105, l106, l107 = sch.get_loops(block=b101)
l108 = sch.fuse(l106, l107, preserve_unit_iters=True)
v109 = sch.sample_categorical(candidates=[1, 2, 4, 8], probs=[0.25, 0.25, 0.25, 0.25], decision=1)
sch.annotate(block_or_loop=b101, ann_key="meta_schedule.cooperative_fetch", ann_val=v109)
b110 = sch.cache_read(block=b20, read_buffer_index=0, storage_scope="wmma.matrix_a")
sch.compute_at(block=b110, loop=l48, preserve_unit_loops=True, index=-1)
l111, l112, l113, l114, l115, l116, l117 = sch.get_loops(block=b110)
l118, l119 = sch.split(loop=l117, factors=[None, 16], preserve_unit_iters=True, disable_predication=False)
l120, l121 = sch.split(loop=l116, factors=[None, 16], preserve_unit_iters=True, disable_predication=False)
l122, l123, l124, l125, l126, l127, l128, l129, l130 = sch.get_loops(block=b110)
sch.reorder(l129, l121, l119)
b131 = sch.blockize(target=l121, preserve_unit_iters=True)
sch.annotate(block_or_loop=b131, ann_key="meta_schedule.auto_tensorize", ann_val="wmma_load_16x16x16_f16_a_shared_dyn")
b132 = sch.cache_read(block=b20, read_buffer_index=1, storage_scope="wmma.matrix_b")
sch.compute_at(block=b132, loop=l48, preserve_unit_loops=True, index=-1)
l133, l134, l135, l136, l137, l138, l139 = sch.get_loops(block=b132)
l140, l141 = sch.split(loop=l139, factors=[None, 16], preserve_unit_iters=True, disable_predication=False)
l142, l143 = sch.split(loop=l138, factors=[None, 16], preserve_unit_iters=True, disable_predication=False)
l144, l145, l146, l147, l148, l149, l150, l151, l152 = sch.get_loops(block=b132)
sch.reorder(l151, l143, l141)
b153 = sch.blockize(target=l143, preserve_unit_iters=True)
sch.annotate(block_or_loop=b153, ann_key="meta_schedule.auto_tensorize", ann_val="wmma_load_16x16x16_f16_b_shared_dyn")
b154, = sch.get_producers(block=b92)
sch.compute_inline(block=b154)
sch.storage_align(block=b92, buffer_index=0, axis=-2, factor=32, offset=8)
b155, = sch.get_producers(block=b101)
sch.compute_inline(block=b155)
sch.storage_align(block=b101, buffer_index=0, axis=-2, factor=32, offset=8)
v156 = sch.sample_categorical(candidates=[0, 16, 64, 512, 1024], probs=[0.20000000000000001, 0.20000000000000001, 0.20000000000000001, 0.20000000000000001, 0.20000000000000001], decision=3)
sch.annotate(block_or_loop=b1, ann_key="meta_schedule.unroll_explicit", ann_val=v156)
2025-10-10 02:43:41 [INFO] [evolutionary_search.cc:713] Generating candidates......
2025-10-10 02:43:41 [INFO] [evolutionary_search.cc:715] Picked top 0 candidate(s) from database
2025-10-10 02:43:46 [INFO] [evolutionary_search.cc:533] Sample-Init-Population summary:
Postproc #0 [meta_schedule.DisallowDynamicLoop(0x1bb69df8)]: 0 failure(s)
Postproc #1 [meta_schedule.RewriteCooperativeFetch(0x1de2eb98)]: 0 failure(s)
Postproc #2 [meta_schedule.RewriteUnboundBlock(0x1de2c158)]: 0 failure(s)
Postproc #3 [meta_schedule.RewriteParallelVectorizeUnroll(0x1bbf4d28)]: 0 failure(s)
Postproc #4 [meta_schedule.RewriteReductionBlock(0x1c1c6128)]: 0 failure(s)
Postproc #5 [meta_schedule.VerifyGPUCode(0x1de28b58)]: 472 failure(s)
Postproc #6 [meta_schedule.RewriteTensorize(0x1dbcfb78)]: 0 failure(s)
2025-10-10 02:43:51 [INFO] [evolutionary_search.cc:533] Sample-Init-Population summary:
Postproc #0 [meta_schedule.DisallowDynamicLoop(0x1bb69df8)]: 0 failure(s)
Postproc #1 [meta_schedule.RewriteCooperativeFetch(0x1de2eb98)]: 0 failure(s)
Postproc #2 [meta_schedule.RewriteUnboundBlock(0x1de2c158)]: 0 failure(s)
Postproc #3 [meta_schedule.RewriteParallelVectorizeUnroll(0x1bbf4d28)]: 0 failure(s)
Postproc #4 [meta_schedule.RewriteReductionBlock(0x1c1c6128)]: 0 failure(s)
Postproc #5 [meta_schedule.VerifyGPUCode(0x1de28b58)]: 949 failure(s)
Postproc #6 [meta_schedule.RewriteTensorize(0x1dbcfb78)]: 0 failure(s)
2025-10-10 02:43:51 [INFO] [evolutionary_search.cc:723] Sampled 75 candidate(s)
2025-10-10 02:43:57 [INFO] [evolutionary_search.cc:621] Evolve iter #0 done. Summary:
Postproc #0 [meta_schedule.DisallowDynamicLoop(0x1bb69df8)]: 0 failure(s)
Postproc #1 [meta_schedule.RewriteCooperativeFetch(0x1de2eb98)]: 0 failure(s)
Postproc #2 [meta_schedule.RewriteUnboundBlock(0x1de2c158)]: 0 failure(s)
Postproc #3 [meta_schedule.RewriteParallelVectorizeUnroll(0x1bbf4d28)]: 0 failure(s)
Postproc #4 [meta_schedule.RewriteReductionBlock(0x1c1c6128)]: 0 failure(s)
Postproc #5 [meta_schedule.VerifyGPUCode(0x1de28b58)]: 87 failure(s)
Postproc #6 [meta_schedule.RewriteTensorize(0x1dbcfb78)]: 0 failure(s)
2025-10-10 02:44:03 [INFO] [evolutionary_search.cc:621] Evolve iter #1 done. Summary:
Postproc #0 [meta_schedule.DisallowDynamicLoop(0x1bb69df8)]: 0 failure(s)
Postproc #1 [meta_schedule.RewriteCooperativeFetch(0x1de2eb98)]: 0 failure(s)
Postproc #2 [meta_schedule.RewriteUnboundBlock(0x1de2c158)]: 0 failure(s)
Postproc #3 [meta_schedule.RewriteParallelVectorizeUnroll(0x1bbf4d28)]: 0 failure(s)
Postproc #4 [meta_schedule.RewriteReductionBlock(0x1c1c6128)]: 0 failure(s)
Postproc #5 [meta_schedule.VerifyGPUCode(0x1de28b58)]: 70 failure(s)
Postproc #6 [meta_schedule.RewriteTensorize(0x1dbcfb78)]: 0 failure(s)
2025-10-10 02:44:09 [INFO] [evolutionary_search.cc:621] Evolve iter #2 done. Summary:
Postproc #0 [meta_schedule.DisallowDynamicLoop(0x1bb69df8)]: 0 failure(s)
Postproc #1 [meta_schedule.RewriteCooperativeFetch(0x1de2eb98)]: 0 failure(s)
Postproc #2 [meta_schedule.RewriteUnboundBlock(0x1de2c158)]: 0 failure(s)
Postproc #3 [meta_schedule.RewriteParallelVectorizeUnroll(0x1bbf4d28)]: 0 failure(s)
Postproc #4 [meta_schedule.RewriteReductionBlock(0x1c1c6128)]: 0 failure(s)
Postproc #5 [meta_schedule.VerifyGPUCode(0x1de28b58)]: 87 failure(s)
Postproc #6 [meta_schedule.RewriteTensorize(0x1dbcfb78)]: 0 failure(s)
2025-10-10 02:44:15 [INFO] [evolutionary_search.cc:621] Evolve iter #3 done. Summary:
Postproc #0 [meta_schedule.DisallowDynamicLoop(0x1bb69df8)]: 0 failure(s)
Postproc #1 [meta_schedule.RewriteCooperativeFetch(0x1de2eb98)]: 0 failure(s)
Postproc #2 [meta_schedule.RewriteUnboundBlock(0x1de2c158)]: 0 failure(s)
Postproc #3 [meta_schedule.RewriteParallelVectorizeUnroll(0x1bbf4d28)]: 0 failure(s)
Postproc #4 [meta_schedule.RewriteReductionBlock(0x1c1c6128)]: 0 failure(s)
Postproc #5 [meta_schedule.VerifyGPUCode(0x1de28b58)]: 71 failure(s)
Postproc #6 [meta_schedule.RewriteTensorize(0x1dbcfb78)]: 0 failure(s)
2025-10-10 02:44:16 [INFO] [evolutionary_search.cc:649] Scores of the best 64 candidates:
[1 : 16]:	0.9981  0.9968  0.9966  0.9965  0.9964  0.9954  0.9950  0.9950  0.9949  0.9948  0.9932  0.9913  0.9913  0.9907  0.9906  0.9904
[17 : 32]:	0.9900  0.9900  0.9900  0.9898  0.9895  0.9886  0.9884  0.9884  0.9880  0.9871  0.9869  0.9859  0.9859  0.9849  0.9846  0.9844
[33 : 48]:	0.9843  0.9841  0.9830  0.9814  0.9803  0.9800  0.9788  0.9787  0.9784  0.9781  0.9765  0.9760  0.9760  0.9755  0.9752  0.9742
[49 : 64]:	0.9736  0.9726  0.9726  0.9726  0.9723  0.9714  0.9706  0.9704  0.9701  0.9698  0.9697  0.9695  0.9691  0.9688  0.9684  0.9679
2025-10-10 02:44:16 [INFO] [evolutionary_search.cc:727] Got 64 candidate(s) with evolutionary search
2025-10-10 02:44:16 [INFO] [evolutionary_search.cc:730] Sending 64 candidates(s) for measurement
2025-10-10 02:45:44 [INFO] [task_scheduler.cc:131] [Task #0: main] Trial #1: GFLOPs: 85136.5252. Time: 1614.3360 us. Best GFLOPs: 85136.5252
2025-10-10 02:45:44 [INFO] [task_scheduler.cc:131] [Task #0: main] Trial #2: GFLOPs: 138738.4021. Time: 990.6338 us. Best GFLOPs: 138738.4021
2025-10-10 02:45:44 [INFO] [task_scheduler.cc:131] [Task #0: main] Trial #3: GFLOPs: 2511.7979. Time: 54717.3610 us. Best GFLOPs: 138738.4021
2025-10-10 02:45:44 [INFO] [task_scheduler.cc:131] [Task #0: main] Trial #4: GFLOPs: 107950.2816. Time: 1273.1690 us. Best GFLOPs: 138738.4021
2025-10-10 02:45:44 [INFO] [task_scheduler.cc:131] [Task #0: main] Trial #5: GFLOPs: 80476.6893. Time: 1707.8107 us. Best GFLOPs: 138738.4021
2025-10-10 02:45:44 [INFO] [task_scheduler.cc:131] [Task #0: main] Trial #6: GFLOPs: 57466.7617. Time: 2391.6252 us. Best GFLOPs: 138738.4021
2025-10-10 02:45:44 [INFO] [task_scheduler.cc:131] [Task #0: main] Trial #7: GFLOPs: 110739.6058. Time: 1241.1003 us. Best GFLOPs: 138738.4021
2025-10-10 02:45:44 [INFO] [task_scheduler.cc:131] [Task #0: main] Trial #8: GFLOPs: 30677.7290. Time: 4480.0889 us. Best GFLOPs: 138738.4021
2025-10-10 02:45:44 [INFO] [task_scheduler.cc:131] [Task #0: main] Trial #9: GFLOPs: 125289.4950. Time: 1096.9711 us. Best GFLOPs: 138738.4021
2025-10-10 02:45:44 [INFO] [task_scheduler.cc:131] [Task #0: main] Trial #10: GFLOPs: 37739.4707. Time: 3641.7827 us. Best GFLOPs: 138738.4021
2025-10-10 02:45:44 [INFO] [task_scheduler.cc:131] [Task #0: main] Trial #11: GFLOPs: 58794.7145. Time: 2337.6073 us. Best GFLOPs: 138738.4021
2025-10-10 02:45:44 [INFO] [task_scheduler.cc:131] [Task #0: main] Trial #12: GFLOPs: 221359.8506. Time: 620.8847 us. Best GFLOPs: 221359.8506
2025-10-10 02:45:44 [INFO] [task_scheduler.cc:131] [Task #0: main] Trial #13: GFLOPs: 66782.9769. Time: 2057.9938 us. Best GFLOPs: 221359.8506
2025-10-10 02:45:44 [INFO] [task_scheduler.cc:131] [Task #0: main] Trial #14: GFLOPs: 118877.1661. Time: 1156.1426 us. Best GFLOPs: 221359.8506
2025-10-10 02:45:44 [INFO] [task_scheduler.cc:131] [Task #0: main] Trial #15: GFLOPs: 32227.7347. Time: 4264.6172 us. Best GFLOPs: 221359.8506
2025-10-10 02:45:44 [INFO] [task_scheduler.cc:131] [Task #0: main] Trial #16: GFLOPs: 36687.1022. Time: 3746.2472 us. Best GFLOPs: 221359.8506
2025-10-10 02:45:44 [INFO] [task_scheduler.cc:131] [Task #0: main] Trial #17: GFLOPs: 61836.2916. Time: 2222.6261 us. Best GFLOPs: 221359.8506
2025-10-10 02:45:44 [INFO] [task_scheduler.cc:131] [Task #0: main] Trial #18: GFLOPs: 105900.7182. Time: 1297.8095 us. Best GFLOPs: 221359.8506
2025-10-10 02:45:44 [INFO] [task_scheduler.cc:131] [Task #0: main] Trial #19: GFLOPs: 110745.2120. Time: 1241.0374 us. Best GFLOPs: 221359.8506
2025-10-10 02:45:44 [INFO] [task_scheduler.cc:131] [Task #0: main] Trial #20: GFLOPs: 49066.1502. Time: 2801.0951 us. Best GFLOPs: 221359.8506
2025-10-10 02:45:44 [INFO] [task_scheduler.cc:131] [Task #0: main] Trial #21: GFLOPs: 120510.3856. Time: 1140.4739 us. Best GFLOPs: 221359.8506
2025-10-10 02:45:44 [INFO] [task_scheduler.cc:131] [Task #0: main] Trial #22: GFLOPs: 21061.1954. Time: 6525.6957 us. Best GFLOPs: 221359.8506
2025-10-10 02:45:44 [INFO] [task_scheduler.cc:131] [Task #0: main] Trial #23: GFLOPs: 40738.2903. Time: 3373.7045 us. Best GFLOPs: 221359.8506
2025-10-10 02:45:44 [INFO] [task_scheduler.cc:131] [Task #0: main] Trial #24: GFLOPs: 108053.9919. Time: 1271.9470 us. Best GFLOPs: 221359.8506
2025-10-10 02:45:44 [INFO] [task_scheduler.cc:131] [Task #0: main] Trial #25: GFLOPs: 113234.6797. Time: 1213.7532 us. Best GFLOPs: 221359.8506
2025-10-10 02:45:44 [INFO] [task_scheduler.cc:131] [Task #0: main] Trial #26: GFLOPs: 25426.1075. Time: 5405.4264 us. Best GFLOPs: 221359.8506
2025-10-10 02:45:44 [INFO] [task_scheduler.cc:131] [Task #0: main] Trial #27: GFLOPs: 114570.5446. Time: 1199.6011 us. Best GFLOPs: 221359.8506
2025-10-10 02:45:44 [INFO] [task_scheduler.cc:131] [Task #0: main] Trial #28: GFLOPs: 168173.1852. Time: 817.2465 us. Best GFLOPs: 221359.8506
2025-10-10 02:45:44 [INFO] [task_scheduler.cc:131] [Task #0: main] Trial #29: GFLOPs: 51734.7203. Time: 2656.6096 us. Best GFLOPs: 221359.8506
2025-10-10 02:45:44 [INFO] [task_scheduler.cc:131] [Task #0: main] Trial #30: GFLOPs: 51675.0272. Time: 2659.6784 us. Best GFLOPs: 221359.8506
2025-10-10 02:45:44 [INFO] [task_scheduler.cc:131] [Task #0: main] Trial #31: GFLOPs: 173817.9055. Time: 790.7065 us. Best GFLOPs: 221359.8506
2025-10-10 02:45:44 [INFO] [task_scheduler.cc:131] [Task #0: main] Trial #32: GFLOPs: 213823.6766. Time: 642.7677 us. Best GFLOPs: 221359.8506
2025-10-10 02:45:44 [INFO] [task_scheduler.cc:131] [Task #0: main] Trial #33: GFLOPs: 108134.1294. Time: 1271.0044 us. Best GFLOPs: 221359.8506
2025-10-10 02:45:44 [INFO] [task_scheduler.cc:131] [Task #0: main] Trial #34: GFLOPs: 2286.5810. Time: 60106.7500 us. Best GFLOPs: 221359.8506
2025-10-10 02:45:44 [INFO] [task_scheduler.cc:131] [Task #0: main] Trial #35: GFLOPs: 181007.1320. Time: 759.3013 us. Best GFLOPs: 221359.8506
2025-10-10 02:45:44 [INFO] [task_scheduler.cc:131] [Task #0: main] Trial #36: GFLOPs: 98402.0998. Time: 1396.7075 us. Best GFLOPs: 221359.8506
2025-10-10 02:45:44 [INFO] [task_scheduler.cc:131] [Task #0: main] Trial #37: GFLOPs: 123185.7638. Time: 1115.7048 us. Best GFLOPs: 221359.8506
2025-10-10 02:45:44 [INFO] [task_scheduler.cc:131] [Task #0: main] Trial #38: GFLOPs: 181558.8775. Time: 756.9938 us. Best GFLOPs: 221359.8506
2025-10-10 02:45:44 [INFO] [task_scheduler.cc:131] [Task #0: main] Trial #39: GFLOPs: 87538.4763. Time: 1570.0405 us. Best GFLOPs: 221359.8506
2025-10-10 02:45:44 [INFO] [task_scheduler.cc:131] [Task #0: main] Trial #40: GFLOPs: 45953.0263. Time: 2990.8575 us. Best GFLOPs: 221359.8506
2025-10-10 02:45:44 [INFO] [task_scheduler.cc:131] [Task #0: main] Trial #41: GFLOPs: 78982.0425. Time: 1740.1291 us. Best GFLOPs: 221359.8506
2025-10-10 02:45:44 [INFO] [task_scheduler.cc:131] [Task #0: main] Trial #42: GFLOPs: 35639.3333. Time: 3856.3840 us. Best GFLOPs: 221359.8506
2025-10-10 02:45:44 [INFO] [task_scheduler.cc:131] [Task #0: main] Trial #43: GFLOPs: 130111.6774. Time: 1056.3153 us. Best GFLOPs: 221359.8506
2025-10-10 02:45:44 [INFO] [task_scheduler.cc:131] [Task #0: main] Trial #44: GFLOPs: 59052.9621. Time: 2327.3846 us. Best GFLOPs: 221359.8506
2025-10-10 02:45:44 [INFO] [task_scheduler.cc:131] [Task #0: main] Trial #45: GFLOPs: 110364.0934. Time: 1245.3231 us. Best GFLOPs: 221359.8506
2025-10-10 02:45:44 [INFO] [task_scheduler.cc:131] [Task #0: main] Trial #46: GFLOPs: 32679.2922. Time: 4205.6894 us. Best GFLOPs: 221359.8506
2025-10-10 02:45:44 [INFO] [task_scheduler.cc:131] [Task #0: main] Trial #47: GFLOPs: 119050.6619. Time: 1154.4577 us. Best GFLOPs: 221359.8506
2025-10-10 02:45:44 [INFO] [task_scheduler.cc:131] [Task #0: main] Trial #48: GFLOPs: 50494.7328. Time: 2721.8473 us. Best GFLOPs: 221359.8506
2025-10-10 02:45:44 [INFO] [task_scheduler.cc:131] [Task #0: main] Trial #49: GFLOPs: 9841.2724. Time: 13965.5675 us. Best GFLOPs: 221359.8506
2025-10-10 02:45:44 [INFO] [task_scheduler.cc:131] [Task #0: main] Trial #50: GFLOPs: 106472.9385. Time: 1290.8346 us. Best GFLOPs: 221359.8506
2025-10-10 02:45:44 [INFO] [task_scheduler.cc:131] [Task #0: main] Trial #51: GFLOPs: 173058.0258. Time: 794.1784 us. Best GFLOPs: 221359.8506
2025-10-10 02:45:44 [INFO] [task_scheduler.cc:131] [Task #0: main] Trial #52: GFLOPs: 105323.5869. Time: 1304.9209 us. Best GFLOPs: 221359.8506
2025-10-10 02:45:44 [INFO] [task_scheduler.cc:131] [Task #0: main] Trial #53: GFLOPs: 142704.4266. Time: 963.1022 us. Best GFLOPs: 221359.8506
2025-10-10 02:45:44 [INFO] [task_scheduler.cc:131] [Task #0: main] Trial #54: GFLOPs: 66660.6048. Time: 2061.7718 us. Best GFLOPs: 221359.8506
2025-10-10 02:45:44 [INFO] [task_scheduler.cc:131] [Task #0: main] Trial #55: GFLOPs: 111134.6508. Time: 1236.6886 us. Best GFLOPs: 221359.8506
2025-10-10 02:45:44 [INFO] [task_scheduler.cc:131] [Task #0: main] Trial #56: GFLOPs: 147328.9499. Time: 932.8713 us. Best GFLOPs: 221359.8506
2025-10-10 02:45:44 [INFO] [task_scheduler.cc:131] [Task #0: main] Trial #57: GFLOPs: 143278.3770. Time: 959.2442 us. Best GFLOPs: 221359.8506
2025-10-10 02:45:44 [INFO] [task_scheduler.cc:131] [Task #0: main] Trial #58: GFLOPs: 30090.2873. Time: 4567.5520 us. Best GFLOPs: 221359.8506
2025-10-10 02:45:44 [INFO] [task_scheduler.cc:131] [Task #0: main] Trial #59: GFLOPs: 9728.8390. Time: 14126.9635 us. Best GFLOPs: 221359.8506
2025-10-10 02:45:44 [INFO] [task_scheduler.cc:131] [Task #0: main] Trial #60: GFLOPs: 31142.8895. Time: 4413.1728 us. Best GFLOPs: 221359.8506
2025-10-10 02:45:44 [INFO] [task_scheduler.cc:131] [Task #0: main] Trial #61: GFLOPs: 125165.2586. Time: 1098.0599 us. Best GFLOPs: 221359.8506
2025-10-10 02:45:44 [INFO] [task_scheduler.cc:131] [Task #0: main] Trial #62: GFLOPs: 174397.8037. Time: 788.0773 us. Best GFLOPs: 221359.8506
2025-10-10 02:45:44 [INFO] [task_scheduler.cc:131] [Task #0: main] Trial #63: GFLOPs: 114356.4578. Time: 1201.8469 us. Best GFLOPs: 221359.8506
2025-10-10 02:45:44 [INFO] [task_scheduler.cc:131] [Task #0: main] Trial #64: GFLOPs: 17799.6648. Time: 7721.4349 us. Best GFLOPs: 221359.8506
2025-10-10 02:45:44 [INFO] [evolutionary_search.cc:713] Generating candidates......
2025-10-10 02:45:45 [INFO] [evolutionary_search.cc:715] Picked top 64 candidate(s) from database
2025-10-10 02:45:49 [INFO] [evolutionary_search.cc:533] Sample-Init-Population summary:
Postproc #0 [meta_schedule.DisallowDynamicLoop(0x1bb69df8)]: 0 failure(s)
Postproc #1 [meta_schedule.RewriteCooperativeFetch(0x1de2eb98)]: 0 failure(s)
Postproc #2 [meta_schedule.RewriteUnboundBlock(0x1de2c158)]: 0 failure(s)
Postproc #3 [meta_schedule.RewriteParallelVectorizeUnroll(0x1bbf4d28)]: 0 failure(s)
Postproc #4 [meta_schedule.RewriteReductionBlock(0x1c1c6128)]: 0 failure(s)
Postproc #5 [meta_schedule.VerifyGPUCode(0x1de28b58)]: 420 failure(s)
Postproc #6 [meta_schedule.RewriteTensorize(0x1dbcfb78)]: 0 failure(s)
2025-10-10 02:45:53 [INFO] [evolutionary_search.cc:533] Sample-Init-Population summary:
Postproc #0 [meta_schedule.DisallowDynamicLoop(0x1bb69df8)]: 0 failure(s)
Postproc #1 [meta_schedule.RewriteCooperativeFetch(0x1de2eb98)]: 0 failure(s)
Postproc #2 [meta_schedule.RewriteUnboundBlock(0x1de2c158)]: 0 failure(s)
Postproc #3 [meta_schedule.RewriteParallelVectorizeUnroll(0x1bbf4d28)]: 0 failure(s)
Postproc #4 [meta_schedule.RewriteReductionBlock(0x1c1c6128)]: 0 failure(s)
Postproc #5 [meta_schedule.VerifyGPUCode(0x1de28b58)]: 844 failure(s)
Postproc #6 [meta_schedule.RewriteTensorize(0x1dbcfb78)]: 0 failure(s)
2025-10-10 02:45:53 [INFO] [evolutionary_search.cc:723] Sampled 52 candidate(s)
2025-10-10 02:46:00 [INFO] [evolutionary_search.cc:621] Evolve iter #0 done. Summary:
Postproc #0 [meta_schedule.DisallowDynamicLoop(0x1bb69df8)]: 0 failure(s)
Postproc #1 [meta_schedule.RewriteCooperativeFetch(0x1de2eb98)]: 0 failure(s)
Postproc #2 [meta_schedule.RewriteUnboundBlock(0x1de2c158)]: 0 failure(s)
Postproc #3 [meta_schedule.RewriteParallelVectorizeUnroll(0x1bbf4d28)]: 0 failure(s)
Postproc #4 [meta_schedule.RewriteReductionBlock(0x1c1c6128)]: 0 failure(s)
Postproc #5 [meta_schedule.VerifyGPUCode(0x1de28b58)]: 93 failure(s)
Postproc #6 [meta_schedule.RewriteTensorize(0x1dbcfb78)]: 0 failure(s)
2025-10-10 02:46:06 [INFO] [evolutionary_search.cc:621] Evolve iter #1 done. Summary:
Postproc #0 [meta_schedule.DisallowDynamicLoop(0x1bb69df8)]: 0 failure(s)
Postproc #1 [meta_schedule.RewriteCooperativeFetch(0x1de2eb98)]: 0 failure(s)
Postproc #2 [meta_schedule.RewriteUnboundBlock(0x1de2c158)]: 0 failure(s)
Postproc #3 [meta_schedule.RewriteParallelVectorizeUnroll(0x1bbf4d28)]: 0 failure(s)
Postproc #4 [meta_schedule.RewriteReductionBlock(0x1c1c6128)]: 0 failure(s)
Postproc #5 [meta_schedule.VerifyGPUCode(0x1de28b58)]: 61 failure(s)
Postproc #6 [meta_schedule.RewriteTensorize(0x1dbcfb78)]: 0 failure(s)
2025-10-10 02:46:12 [INFO] [evolutionary_search.cc:621] Evolve iter #2 done. Summary:
Postproc #0 [meta_schedule.DisallowDynamicLoop(0x1bb69df8)]: 0 failure(s)
Postproc #1 [meta_schedule.RewriteCooperativeFetch(0x1de2eb98)]: 0 failure(s)
Postproc #2 [meta_schedule.RewriteUnboundBlock(0x1de2c158)]: 0 failure(s)
Postproc #3 [meta_schedule.RewriteParallelVectorizeUnroll(0x1bbf4d28)]: 0 failure(s)
Postproc #4 [meta_schedule.RewriteReductionBlock(0x1c1c6128)]: 0 failure(s)
Postproc #5 [meta_schedule.VerifyGPUCode(0x1de28b58)]: 66 failure(s)
Postproc #6 [meta_schedule.RewriteTensorize(0x1dbcfb78)]: 0 failure(s)
2025-10-10 02:46:18 [INFO] [evolutionary_search.cc:621] Evolve iter #3 done. Summary:
Postproc #0 [meta_schedule.DisallowDynamicLoop(0x1bb69df8)]: 0 failure(s)
Postproc #1 [meta_schedule.RewriteCooperativeFetch(0x1de2eb98)]: 0 failure(s)
Postproc #2 [meta_schedule.RewriteUnboundBlock(0x1de2c158)]: 0 failure(s)
Postproc #3 [meta_schedule.RewriteParallelVectorizeUnroll(0x1bbf4d28)]: 0 failure(s)
Postproc #4 [meta_schedule.RewriteReductionBlock(0x1c1c6128)]: 0 failure(s)
Postproc #5 [meta_schedule.VerifyGPUCode(0x1de28b58)]: 56 failure(s)
Postproc #6 [meta_schedule.RewriteTensorize(0x1dbcfb78)]: 0 failure(s)
2025-10-10 02:46:19 [INFO] [evolutionary_search.cc:649] Scores of the best 64 candidates:
[1 : 16]:	0.9996  0.9991  0.9990  0.9985  0.9980  0.9978  0.9967  0.9954  0.9953  0.9938  0.9918  0.9911  0.9910  0.9907  0.9906  0.9906
[17 : 32]:	0.9900  0.9899  0.9890  0.9885  0.9885  0.9882  0.9881  0.9879  0.9879  0.9874  0.9874  0.9870  0.9863  0.9855  0.9847  0.9834
[33 : 48]:	0.9824  0.9818  0.9813  0.9812  0.9809  0.9809  0.9805  0.9805  0.9794  0.9785  0.9783  0.9783  0.9782  0.9767  0.9762  0.9756
[49 : 64]:	0.9746  0.9744  0.9743  0.9731  0.9725  0.9721  0.9719  0.9717  0.9712  0.9711  0.9708  0.9702  0.9701  0.9700  0.9698  0.9692
2025-10-10 02:46:19 [INFO] [evolutionary_search.cc:727] Got 64 candidate(s) with evolutionary search
2025-10-10 02:46:19 [INFO] [evolutionary_search.cc:730] Sending 64 candidates(s) for measurement
2025-10-10 02:47:53 [INFO] [task_scheduler.cc:131] [Task #0: main] Trial #65: GFLOPs: 97549.0073. Time: 1408.9221 us. Best GFLOPs: 221359.8506
2025-10-10 02:47:53 [INFO] [task_scheduler.cc:131] [Task #0: main] Trial #66: GFLOPs: 116485.9942. Time: 1179.8754 us. Best GFLOPs: 221359.8506
2025-10-10 02:47:53 [INFO] [task_scheduler.cc:131] [Task #0: main] Trial #67: GFLOPs: 102639.3409. Time: 1339.0475 us. Best GFLOPs: 221359.8506
2025-10-10 02:47:53 [INFO] [task_scheduler.cc:131] [Task #0: main] Trial #68: GFLOPs: 11519.8428. Time: 11930.6276 us. Best GFLOPs: 221359.8506
2025-10-10 02:47:53 [INFO] [task_scheduler.cc:131] [Task #0: main] Trial #69: GFLOPs: 26406.7028. Time: 5204.6995 us. Best GFLOPs: 221359.8506
2025-10-10 02:47:53 [INFO] [task_scheduler.cc:131] [Task #0: main] Trial #70: GFLOPs: 101696.3165. Time: 1351.4644 us. Best GFLOPs: 221359.8506
2025-10-10 02:47:53 [INFO] [task_scheduler.cc:131] [Task #0: main] Trial #71: GFLOPs: 80895.4039. Time: 1698.9711 us. Best GFLOPs: 221359.8506
2025-10-10 02:47:53 [INFO] [task_scheduler.cc:131] [Task #0: main] Trial #72: GFLOPs: 168887.8311. Time: 813.7884 us. Best GFLOPs: 221359.8506
2025-10-10 02:47:53 [INFO] [task_scheduler.cc:131] [Task #0: main] Trial #73: GFLOPs: 147747.7592. Time: 930.2270 us. Best GFLOPs: 221359.8506
2025-10-10 02:47:53 [INFO] [task_scheduler.cc:131] [Task #0: main] Trial #74: GFLOPs: 183368.7722. Time: 749.5221 us. Best GFLOPs: 221359.8506
2025-10-10 02:47:53 [INFO] [task_scheduler.cc:131] [Task #0: main] Trial #75: GFLOPs: 109882.5674. Time: 1250.7803 us. Best GFLOPs: 221359.8506
2025-10-10 02:47:53 [INFO] [task_scheduler.cc:131] [Task #0: main] Trial #76: GFLOPs: 168694.5100. Time: 814.7210 us. Best GFLOPs: 221359.8506
2025-10-10 02:47:53 [INFO] [task_scheduler.cc:131] [Task #0: main] Trial #77: GFLOPs: 53227.7621. Time: 2582.0915 us. Best GFLOPs: 221359.8506
2025-10-10 02:47:53 [INFO] [task_scheduler.cc:131] [Task #0: main] Trial #78: GFLOPs: 123906.1179. Time: 1109.2185 us. Best GFLOPs: 221359.8506
2025-10-10 02:47:53 [INFO] [task_scheduler.cc:131] [Task #0: main] Trial #79: GFLOPs: 70938.8829. Time: 1937.4277 us. Best GFLOPs: 221359.8506
2025-10-10 02:47:53 [INFO] [task_scheduler.cc:131] [Task #0: main] Trial #80: GFLOPs: 67249.5377. Time: 2043.7160 us. Best GFLOPs: 221359.8506
2025-10-10 02:47:53 [INFO] [task_scheduler.cc:131] [Task #0: main] Trial #81: GFLOPs: 28386.7002. Time: 4841.6671 us. Best GFLOPs: 221359.8506
2025-10-10 02:47:53 [INFO] [task_scheduler.cc:131] [Task #0: main] Trial #82: GFLOPs: 37504.0819. Time: 3664.6399 us. Best GFLOPs: 221359.8506
2025-10-10 02:47:53 [INFO] [task_scheduler.cc:131] [Task #0: main] Trial #83: GFLOPs: 10276.5168. Time: 13374.0796 us. Best GFLOPs: 221359.8506
2025-10-10 02:47:53 [INFO] [task_scheduler.cc:131] [Task #0: main] Trial #84: GFLOPs: 120776.6494. Time: 1137.9596 us. Best GFLOPs: 221359.8506
2025-10-10 02:47:53 [INFO] [task_scheduler.cc:131] [Task #0: main] Trial #85: GFLOPs: 31342.7767. Time: 4385.0280 us. Best GFLOPs: 221359.8506
2025-10-10 02:47:53 [INFO] [task_scheduler.cc:131] [Task #0: main] Trial #86: GFLOPs: 144257.3006. Time: 952.7348 us. Best GFLOPs: 221359.8506
2025-10-10 02:47:53 [INFO] [task_scheduler.cc:131] [Task #0: main] Trial #87: GFLOPs: 96244.5203. Time: 1428.0185 us. Best GFLOPs: 221359.8506
2025-10-10 02:47:53 [INFO] [task_scheduler.cc:131] [Task #0: main] Trial #88: GFLOPs: 10073.2867. Time: 13643.9036 us. Best GFLOPs: 221359.8506
2025-10-10 02:47:53 [INFO] [task_scheduler.cc:131] [Task #0: main] Trial #89: GFLOPs: 65125.9175. Time: 2110.3573 us. Best GFLOPs: 221359.8506
2025-10-10 02:47:53 [INFO] [task_scheduler.cc:131] [Task #0: main] Trial #90: GFLOPs: 104895.9184. Time: 1310.2412 us. Best GFLOPs: 221359.8506
2025-10-10 02:47:53 [INFO] [task_scheduler.cc:131] [Task #0: main] Trial #91: GFLOPs: 220825.1652. Time: 622.3881 us. Best GFLOPs: 221359.8506
2025-10-10 02:47:53 [INFO] [task_scheduler.cc:131] [Task #0: main] Trial #92: GFLOPs: 122151.3012. Time: 1125.1534 us. Best GFLOPs: 221359.8506
2025-10-10 02:47:53 [INFO] [task_scheduler.cc:131] [Task #0: main] Trial #93: GFLOPs: 162456.2300. Time: 846.0061 us. Best GFLOPs: 221359.8506
2025-10-10 02:47:53 [INFO] [task_scheduler.cc:131] [Task #0: main] Trial #94: GFLOPs: 166065.8240. Time: 827.6173 us. Best GFLOPs: 221359.8506
2025-10-10 02:47:53 [INFO] [task_scheduler.cc:131] [Task #0: main] Trial #95: GFLOPs: 81759.2618. Time: 1681.0200 us. Best GFLOPs: 221359.8506
2025-10-10 02:47:53 [INFO] [task_scheduler.cc:131] [Task #0: main] Trial #96: GFLOPs: 218481.4367. Time: 629.0647 us. Best GFLOPs: 221359.8506
2025-10-10 02:47:53 [INFO] [task_scheduler.cc:131] [Task #0: main] Trial #97: GFLOPs: 21543.7768. Time: 6379.5199 us. Best GFLOPs: 221359.8506
2025-10-10 02:47:53 [INFO] [task_scheduler.cc:131] [Task #0: main] Trial #98: GFLOPs: 151775.8719. Time: 905.5389 us. Best GFLOPs: 221359.8506
2025-10-10 02:47:53 [INFO] [task_scheduler.cc:131] [Task #0: main] Trial #99: GFLOPs: 55768.2956. Time: 2464.4639 us. Best GFLOPs: 221359.8506
2025-10-10 02:47:53 [INFO] [task_scheduler.cc:131] [Task #0: main] Trial #100: GFLOPs: 62777.2336. Time: 2189.3120 us. Best GFLOPs: 221359.8506
2025-10-10 02:47:53 [INFO] [task_scheduler.cc:131] [Task #0: main] Trial #101: GFLOPs: 17227.6185. Time: 7977.8266 us. Best GFLOPs: 221359.8506
2025-10-10 02:47:53 [INFO] [task_scheduler.cc:131] [Task #0: main] Trial #102: GFLOPs: 68476.9253. Time: 2007.0842 us. Best GFLOPs: 221359.8506
2025-10-10 02:47:53 [INFO] [task_scheduler.cc:131] [Task #0: main] Trial #103: GFLOPs: 124809.5313. Time: 1101.1896 us. Best GFLOPs: 221359.8506
2025-10-10 02:47:53 [INFO] [task_scheduler.cc:131] [Task #0: main] Trial #104: GFLOPs: 31477.2613. Time: 4366.2932 us. Best GFLOPs: 221359.8506
2025-10-10 02:47:53 [INFO] [task_scheduler.cc:131] [Task #0: main] Trial #105: GFLOPs: 101181.8540. Time: 1358.3360 us. Best GFLOPs: 221359.8506
2025-10-10 02:47:53 [INFO] [task_scheduler.cc:131] [Task #0: main] Trial #106: GFLOPs: 117591.9933. Time: 1168.7782 us. Best GFLOPs: 221359.8506
2025-10-10 02:47:53 [INFO] [task_scheduler.cc:131] [Task #0: main] Trial #107: GFLOPs: 105955.7211. Time: 1297.1357 us. Best GFLOPs: 221359.8506
2025-10-10 02:47:53 [INFO] [task_scheduler.cc:131] [Task #0: main] Trial #108: GFLOPs: 100796.7846. Time: 1363.5252 us. Best GFLOPs: 221359.8506
2025-10-10 02:47:53 [INFO] [task_scheduler.cc:131] [Task #0: main] Trial #109: GFLOPs: 142860.8082. Time: 962.0480 us. Best GFLOPs: 221359.8506
2025-10-10 02:47:53 [INFO] [task_scheduler.cc:131] [Task #0: main] Trial #110: GFLOPs: 204481.0765. Time: 672.1353 us. Best GFLOPs: 221359.8506
2025-10-10 02:47:53 [INFO] [task_scheduler.cc:131] [Task #0: main] Trial #111: GFLOPs: 107238.4365. Time: 1281.6203 us. Best GFLOPs: 221359.8506
2025-10-10 02:47:53 [INFO] [task_scheduler.cc:131] [Task #0: main] Trial #112: GFLOPs: 179677.0313. Time: 764.9222 us. Best GFLOPs: 221359.8506
2025-10-10 02:47:53 [INFO] [task_scheduler.cc:131] [Task #0: main] Trial #113: GFLOPs: 179886.0478. Time: 764.0334 us. Best GFLOPs: 221359.8506
2025-10-10 02:47:53 [INFO] [task_scheduler.cc:131] [Task #0: main] Trial #114: GFLOPs: 152844.6032. Time: 899.2071 us. Best GFLOPs: 221359.8506
2025-10-10 02:47:53 [INFO] [task_scheduler.cc:131] [Task #0: main] Trial #115: GFLOPs: 7505.0540. Time: 18312.8533 us. Best GFLOPs: 221359.8506
2025-10-10 02:47:53 [INFO] [task_scheduler.cc:131] [Task #0: main] Trial #116: GFLOPs: 53967.7583. Time: 2546.6863 us. Best GFLOPs: 221359.8506
2025-10-10 02:47:53 [INFO] [task_scheduler.cc:131] [Task #0: main] Trial #117: GFLOPs: 159286.1237. Time: 862.8432 us. Best GFLOPs: 221359.8506
2025-10-10 02:47:53 [INFO] [task_scheduler.cc:131] [Task #0: main] Trial #118: GFLOPs: 102595.6286. Time: 1339.6180 us. Best GFLOPs: 221359.8506
2025-10-10 02:47:53 [INFO] [task_scheduler.cc:131] [Task #0: main] Trial #119: GFLOPs: 24423.6999. Time: 5627.2782 us. Best GFLOPs: 221359.8506
2025-10-10 02:47:53 [INFO] [task_scheduler.cc:131] [Task #0: main] Trial #120: GFLOPs: 110503.1942. Time: 1243.7555 us. Best GFLOPs: 221359.8506
2025-10-10 02:47:53 [INFO] [task_scheduler.cc:131] [Task #0: main] Trial #121: GFLOPs: 205564.5331. Time: 668.5927 us. Best GFLOPs: 221359.8506
2025-10-10 02:47:53 [INFO] [task_scheduler.cc:131] [Task #0: main] Trial #122: GFLOPs: 181068.5642. Time: 759.0437 us. Best GFLOPs: 221359.8506
2025-10-10 02:47:53 [INFO] [task_scheduler.cc:131] [Task #0: main] Trial #123: GFLOPs: 107377.4445. Time: 1279.9611 us. Best GFLOPs: 221359.8506
2025-10-10 02:47:53 [INFO] [task_scheduler.cc:131] [Task #0: main] Trial #124: GFLOPs: 121545.5785. Time: 1130.7606 us. Best GFLOPs: 221359.8506
2025-10-10 02:47:53 [INFO] [task_scheduler.cc:131] [Task #0: main] Trial #125: GFLOPs: 118983.7078. Time: 1155.1073 us. Best GFLOPs: 221359.8506
2025-10-10 02:47:53 [INFO] [task_scheduler.cc:131] [Task #0: main] Trial #126: GFLOPs: 54202.0429. Time: 2535.6785 us. Best GFLOPs: 221359.8506
2025-10-10 02:47:53 [INFO] [task_scheduler.cc:131] [Task #0: main] Trial #127: GFLOPs: 19901.2083. Time: 6906.0607 us. Best GFLOPs: 221359.8506
2025-10-10 02:47:53 [INFO] [task_scheduler.cc:131] [Task #0: main] Trial #128: GFLOPs: 89757.7325. Time: 1531.2213 us. Best GFLOPs: 221359.8506
2025-10-10 02:47:53 [INFO] [evolutionary_search.cc:713] Generating candidates......
2025-10-10 02:47:55 [INFO] [evolutionary_search.cc:715] Picked top 102 candidate(s) from database
2025-10-10 02:47:58 [INFO] [evolutionary_search.cc:533] Sample-Init-Population summary:
Postproc #0 [meta_schedule.DisallowDynamicLoop(0x1bb69df8)]: 0 failure(s)
Postproc #1 [meta_schedule.RewriteCooperativeFetch(0x1de2eb98)]: 0 failure(s)
Postproc #2 [meta_schedule.RewriteUnboundBlock(0x1de2c158)]: 0 failure(s)
Postproc #3 [meta_schedule.RewriteParallelVectorizeUnroll(0x1bbf4d28)]: 0 failure(s)
Postproc #4 [meta_schedule.RewriteReductionBlock(0x1c1c6128)]: 0 failure(s)
Postproc #5 [meta_schedule.VerifyGPUCode(0x1de28b58)]: 380 failure(s)
Postproc #6 [meta_schedule.RewriteTensorize(0x1dbcfb78)]: 0 failure(s)
2025-10-10 02:48:02 [INFO] [evolutionary_search.cc:533] Sample-Init-Population summary:
Postproc #0 [meta_schedule.DisallowDynamicLoop(0x1bb69df8)]: 0 failure(s)
Postproc #1 [meta_schedule.RewriteCooperativeFetch(0x1de2eb98)]: 0 failure(s)
Postproc #2 [meta_schedule.RewriteUnboundBlock(0x1de2c158)]: 0 failure(s)
Postproc #3 [meta_schedule.RewriteParallelVectorizeUnroll(0x1bbf4d28)]: 0 failure(s)
Postproc #4 [meta_schedule.RewriteReductionBlock(0x1c1c6128)]: 0 failure(s)
Postproc #5 [meta_schedule.VerifyGPUCode(0x1de28b58)]: 759 failure(s)
Postproc #6 [meta_schedule.RewriteTensorize(0x1dbcfb78)]: 0 failure(s)
2025-10-10 02:48:02 [INFO] [evolutionary_search.cc:723] Sampled 61 candidate(s)
2025-10-10 02:48:09 [INFO] [evolutionary_search.cc:621] Evolve iter #0 done. Summary:
Postproc #0 [meta_schedule.DisallowDynamicLoop(0x1bb69df8)]: 0 failure(s)
Postproc #1 [meta_schedule.RewriteCooperativeFetch(0x1de2eb98)]: 0 failure(s)
Postproc #2 [meta_schedule.RewriteUnboundBlock(0x1de2c158)]: 0 failure(s)
Postproc #3 [meta_schedule.RewriteParallelVectorizeUnroll(0x1bbf4d28)]: 0 failure(s)
Postproc #4 [meta_schedule.RewriteReductionBlock(0x1c1c6128)]: 0 failure(s)
Postproc #5 [meta_schedule.VerifyGPUCode(0x1de28b58)]: 72 failure(s)
Postproc #6 [meta_schedule.RewriteTensorize(0x1dbcfb78)]: 0 failure(s)
2025-10-10 02:48:16 [INFO] [evolutionary_search.cc:621] Evolve iter #1 done. Summary:
Postproc #0 [meta_schedule.DisallowDynamicLoop(0x1bb69df8)]: 0 failure(s)
Postproc #1 [meta_schedule.RewriteCooperativeFetch(0x1de2eb98)]: 0 failure(s)
Postproc #2 [meta_schedule.RewriteUnboundBlock(0x1de2c158)]: 0 failure(s)
Postproc #3 [meta_schedule.RewriteParallelVectorizeUnroll(0x1bbf4d28)]: 0 failure(s)
Postproc #4 [meta_schedule.RewriteReductionBlock(0x1c1c6128)]: 0 failure(s)
Postproc #5 [meta_schedule.VerifyGPUCode(0x1de28b58)]: 87 failure(s)
Postproc #6 [meta_schedule.RewriteTensorize(0x1dbcfb78)]: 0 failure(s)
2025-10-10 02:48:24 [INFO] [evolutionary_search.cc:621] Evolve iter #2 done. Summary:
Postproc #0 [meta_schedule.DisallowDynamicLoop(0x1bb69df8)]: 0 failure(s)
Postproc #1 [meta_schedule.RewriteCooperativeFetch(0x1de2eb98)]: 0 failure(s)
Postproc #2 [meta_schedule.RewriteUnboundBlock(0x1de2c158)]: 0 failure(s)
Postproc #3 [meta_schedule.RewriteParallelVectorizeUnroll(0x1bbf4d28)]: 0 failure(s)
Postproc #4 [meta_schedule.RewriteReductionBlock(0x1c1c6128)]: 0 failure(s)
Postproc #5 [meta_schedule.VerifyGPUCode(0x1de28b58)]: 49 failure(s)
Postproc #6 [meta_schedule.RewriteTensorize(0x1dbcfb78)]: 0 failure(s)
2025-10-10 02:48:31 [INFO] [evolutionary_search.cc:621] Evolve iter #3 done. Summary:
Postproc #0 [meta_schedule.DisallowDynamicLoop(0x1bb69df8)]: 0 failure(s)
Postproc #1 [meta_schedule.RewriteCooperativeFetch(0x1de2eb98)]: 0 failure(s)
Postproc #2 [meta_schedule.RewriteUnboundBlock(0x1de2c158)]: 0 failure(s)
Postproc #3 [meta_schedule.RewriteParallelVectorizeUnroll(0x1bbf4d28)]: 0 failure(s)
Postproc #4 [meta_schedule.RewriteReductionBlock(0x1c1c6128)]: 0 failure(s)
Postproc #5 [meta_schedule.VerifyGPUCode(0x1de28b58)]: 80 failure(s)
Postproc #6 [meta_schedule.RewriteTensorize(0x1dbcfb78)]: 0 failure(s)
2025-10-10 02:48:33 [INFO] [evolutionary_search.cc:649] Scores of the best 64 candidates:
[1 : 16]:	0.9877  0.9872  0.9848  0.9838  0.9829  0.9817  0.9817  0.9810  0.9807  0.9789  0.9788  0.9788  0.9784  0.9769  0.9769  0.9767
[17 : 32]:	0.9763  0.9749  0.9749  0.9746  0.9746  0.9742  0.9742  0.9736  0.9736  0.9736  0.9735  0.9732  0.9719  0.9682  0.9678  0.9676
[33 : 48]:	0.9639  0.9597  0.9585  0.9585  0.9564  0.9557  0.9557  0.9542  0.9536  0.9536  0.9534  0.9534  0.9533  0.9488  0.9486  0.9484
[49 : 64]:	0.9476  0.9476  0.9476  0.9471  0.9467  0.9464  0.9464  0.9453  0.9446  0.9441  0.9436  0.9400  0.9382  0.9366  0.9340  0.9333
2025-10-10 02:48:33 [INFO] [evolutionary_search.cc:727] Got 64 candidate(s) with evolutionary search
2025-10-10 02:48:33 [INFO] [evolutionary_search.cc:730] Sending 64 candidates(s) for measurement
2025-10-10 02:50:01 [INFO] [task_scheduler.cc:131] [Task #0: main] Trial #129: GFLOPs: 218007.8823. Time: 630.4311 us. Best GFLOPs: 221359.8506
2025-10-10 02:50:01 [INFO] [task_scheduler.cc:131] [Task #0: main] Trial #130: GFLOPs: 230010.6406. Time: 597.5330 us. Best GFLOPs: 230010.6406
2025-10-10 02:50:01 [INFO] [task_scheduler.cc:131] [Task #0: main] Trial #131: GFLOPs: 216377.5525. Time: 635.1812 us. Best GFLOPs: 230010.6406
2025-10-10 02:50:01 [INFO] [task_scheduler.cc:131] [Task #0: main] Trial #132: GFLOPs: 220163.5104. Time: 624.2585 us. Best GFLOPs: 230010.6406
2025-10-10 02:50:01 [INFO] [task_scheduler.cc:131] [Task #0: main] Trial #133: GFLOPs: 231367.0574. Time: 594.0299 us. Best GFLOPs: 231367.0574
2025-10-10 02:50:01 [INFO] [task_scheduler.cc:131] [Task #0: main] Trial #134: GFLOPs: 222373.8128. Time: 618.0537 us. Best GFLOPs: 231367.0574
2025-10-10 02:50:01 [INFO] [task_scheduler.cc:131] [Task #0: main] Trial #135: GFLOPs: 221078.9682. Time: 621.6736 us. Best GFLOPs: 231367.0574
2025-10-10 02:50:01 [INFO] [task_scheduler.cc:131] [Task #0: main] Trial #136: GFLOPs: 221856.4898. Time: 619.4949 us. Best GFLOPs: 231367.0574
2025-10-10 02:50:01 [INFO] [task_scheduler.cc:131] [Task #0: main] Trial #137: GFLOPs: 227876.5770. Time: 603.1289 us. Best GFLOPs: 231367.0574
2025-10-10 02:50:01 [INFO] [task_scheduler.cc:131] [Task #0: main] Trial #138: GFLOPs: 220244.4655. Time: 624.0291 us. Best GFLOPs: 231367.0574
2025-10-10 02:50:01 [INFO] [task_scheduler.cc:131] [Task #0: main] Trial #139: GFLOPs: 218911.6223. Time: 627.8285 us. Best GFLOPs: 231367.0574
2025-10-10 02:50:01 [INFO] [task_scheduler.cc:131] [Task #0: main] Trial #140: GFLOPs: 216529.7666. Time: 634.7347 us. Best GFLOPs: 231367.0574
2025-10-10 02:50:01 [INFO] [task_scheduler.cc:131] [Task #0: main] Trial #141: GFLOPs: 203374.9897. Time: 675.7908 us. Best GFLOPs: 231367.0574
2025-10-10 02:50:01 [INFO] [task_scheduler.cc:131] [Task #0: main] Trial #142: GFLOPs: 226218.5703. Time: 607.5494 us. Best GFLOPs: 231367.0574
2025-10-10 02:50:01 [INFO] [task_scheduler.cc:131] [Task #0: main] Trial #143: GFLOPs: 220799.6336. Time: 622.4601 us. Best GFLOPs: 231367.0574
2025-10-10 02:50:01 [INFO] [task_scheduler.cc:131] [Task #0: main] Trial #144: GFLOPs: 220206.1937. Time: 624.1375 us. Best GFLOPs: 231367.0574
2025-10-10 02:50:01 [INFO] [task_scheduler.cc:131] [Task #0: main] Trial #145: GFLOPs: 227816.3188. Time: 603.2884 us. Best GFLOPs: 231367.0574
2025-10-10 02:50:01 [INFO] [task_scheduler.cc:131] [Task #0: main] Trial #146: GFLOPs: 220213.8653. Time: 624.1158 us. Best GFLOPs: 231367.0574
2025-10-10 02:50:01 [INFO] [task_scheduler.cc:131] [Task #0: main] Trial #147: GFLOPs: 215692.1135. Time: 637.1997 us. Best GFLOPs: 231367.0574
2025-10-10 02:50:01 [INFO] [task_scheduler.cc:131] [Task #0: main] Trial #148: GFLOPs: 218349.4552. Time: 629.4449 us. Best GFLOPs: 231367.0574
2025-10-10 02:50:01 [INFO] [task_scheduler.cc:131] [Task #0: main] Trial #149: GFLOPs: 222420.5617. Time: 617.9238 us. Best GFLOPs: 231367.0574
2025-10-10 02:50:01 [INFO] [task_scheduler.cc:131] [Task #0: main] Trial #150: GFLOPs: 219825.9380. Time: 625.2172 us. Best GFLOPs: 231367.0574
2025-10-10 02:50:01 [INFO] [task_scheduler.cc:131] [Task #0: main] Trial #151: GFLOPs: 209448.5390. Time: 656.1944 us. Best GFLOPs: 231367.0574
2025-10-10 02:50:01 [INFO] [task_scheduler.cc:131] [Task #0: main] Trial #152: GFLOPs: 226869.6468. Time: 605.8058 us. Best GFLOPs: 231367.0574
2025-10-10 02:50:01 [INFO] [task_scheduler.cc:131] [Task #0: main] Trial #153: GFLOPs: 218053.9115. Time: 630.2980 us. Best GFLOPs: 231367.0574
2025-10-10 02:50:01 [INFO] [task_scheduler.cc:131] [Task #0: main] Trial #154: GFLOPs: 214839.1375. Time: 639.7296 us. Best GFLOPs: 231367.0574
2025-10-10 02:50:01 [INFO] [task_scheduler.cc:131] [Task #0: main] Trial #155: GFLOPs: 230661.6834. Time: 595.8465 us. Best GFLOPs: 231367.0574
2025-10-10 02:50:01 [INFO] [task_scheduler.cc:131] [Task #0: main] Trial #156: GFLOPs: 223030.3138. Time: 616.2344 us. Best GFLOPs: 231367.0574
2025-10-10 02:50:01 [INFO] [task_scheduler.cc:131] [Task #0: main] Trial #157: GFLOPs: 202964.8388. Time: 677.1565 us. Best GFLOPs: 231367.0574
2025-10-10 02:50:01 [INFO] [task_scheduler.cc:131] [Task #0: main] Trial #158: GFLOPs: 211026.0690. Time: 651.2890 us. Best GFLOPs: 231367.0574
2025-10-10 02:50:01 [INFO] [task_scheduler.cc:131] [Task #0: main] Trial #159: GFLOPs: 229029.0008. Time: 600.0941 us. Best GFLOPs: 231367.0574
2025-10-10 02:50:01 [INFO] [task_scheduler.cc:131] [Task #0: main] Trial #160: GFLOPs: 228356.8293. Time: 601.8605 us. Best GFLOPs: 231367.0574
2025-10-10 02:50:01 [INFO] [task_scheduler.cc:131] [Task #0: main] Trial #161: GFLOPs: 229275.2420. Time: 599.4496 us. Best GFLOPs: 231367.0574
2025-10-10 02:50:01 [INFO] [task_scheduler.cc:131] [Task #0: main] Trial #162: GFLOPs: 221926.7358. Time: 619.2988 us. Best GFLOPs: 231367.0574
2025-10-10 02:50:01 [INFO] [task_scheduler.cc:131] [Task #0: main] Trial #163: GFLOPs: 222551.1467. Time: 617.5612 us. Best GFLOPs: 231367.0574
2025-10-10 02:50:01 [INFO] [task_scheduler.cc:131] [Task #0: main] Trial #164: GFLOPs: 218823.4045. Time: 628.0816 us. Best GFLOPs: 231367.0574
2025-10-10 02:50:01 [INFO] [task_scheduler.cc:131] [Task #0: main] Trial #165: GFLOPs: 212633.4094. Time: 646.3658 us. Best GFLOPs: 231367.0574
2025-10-10 02:50:01 [INFO] [task_scheduler.cc:131] [Task #0: main] Trial #166: GFLOPs: 236950.6421. Time: 580.0320 us. Best GFLOPs: 236950.6421
2025-10-10 02:50:01 [INFO] [task_scheduler.cc:131] [Task #0: main] Trial #167: GFLOPs: 220523.9890. Time: 623.2381 us. Best GFLOPs: 236950.6421
2025-10-10 02:50:01 [INFO] [task_scheduler.cc:131] [Task #0: main] Trial #168: GFLOPs: 207893.3931. Time: 661.1030 us. Best GFLOPs: 236950.6421
2025-10-10 02:50:01 [INFO] [task_scheduler.cc:131] [Task #0: main] Trial #169: GFLOPs: 227236.4046. Time: 604.8281 us. Best GFLOPs: 236950.6421
2025-10-10 02:50:01 [INFO] [task_scheduler.cc:131] [Task #0: main] Trial #170: GFLOPs: 224343.2643. Time: 612.6279 us. Best GFLOPs: 236950.6421
2025-10-10 02:50:01 [INFO] [task_scheduler.cc:131] [Task #0: main] Trial #171: GFLOPs: 218339.8973. Time: 629.4725 us. Best GFLOPs: 236950.6421
2025-10-10 02:50:01 [INFO] [task_scheduler.cc:131] [Task #0: main] Trial #172: GFLOPs: 223467.8768. Time: 615.0278 us. Best GFLOPs: 236950.6421
2025-10-10 02:50:01 [INFO] [task_scheduler.cc:131] [Task #0: main] Trial #173: GFLOPs: 214484.7603. Time: 640.7866 us. Best GFLOPs: 236950.6421
2025-10-10 02:50:01 [INFO] [task_scheduler.cc:131] [Task #0: main] Trial #174: GFLOPs: 209517.2075. Time: 655.9793 us. Best GFLOPs: 236950.6421
2025-10-10 02:50:01 [INFO] [task_scheduler.cc:131] [Task #0: main] Trial #175: GFLOPs: 222869.5124. Time: 616.6790 us. Best GFLOPs: 236950.6421
2025-10-10 02:50:01 [INFO] [task_scheduler.cc:131] [Task #0: main] Trial #176: GFLOPs: 216827.9502. Time: 633.8618 us. Best GFLOPs: 236950.6421
2025-10-10 02:50:01 [INFO] [task_scheduler.cc:131] [Task #0: main] Trial #177: GFLOPs: 238435.4444. Time: 576.4200 us. Best GFLOPs: 238435.4444
2025-10-10 02:50:01 [INFO] [task_scheduler.cc:131] [Task #0: main] Trial #178: GFLOPs: 235862.8448. Time: 582.7071 us. Best GFLOPs: 238435.4444
2025-10-10 02:50:01 [INFO] [task_scheduler.cc:131] [Task #0: main] Trial #179: GFLOPs: 228331.5148. Time: 601.9272 us. Best GFLOPs: 238435.4444
2025-10-10 02:50:01 [INFO] [task_scheduler.cc:131] [Task #0: main] Trial #180: GFLOPs: 213957.9523. Time: 642.3643 us. Best GFLOPs: 238435.4444
2025-10-10 02:50:01 [INFO] [task_scheduler.cc:131] [Task #0: main] Trial #181: GFLOPs: 215953.5458. Time: 636.4283 us. Best GFLOPs: 238435.4444
2025-10-10 02:50:01 [INFO] [task_scheduler.cc:131] [Task #0: main] Trial #182: GFLOPs: 214856.7047. Time: 639.6773 us. Best GFLOPs: 238435.4444
2025-10-10 02:50:01 [INFO] [task_scheduler.cc:131] [Task #0: main] Trial #183: GFLOPs: 216995.7898. Time: 633.3715 us. Best GFLOPs: 238435.4444
2025-10-10 02:50:01 [INFO] [task_scheduler.cc:131] [Task #0: main] Trial #184: GFLOPs: 209219.2479. Time: 656.9135 us. Best GFLOPs: 238435.4444
2025-10-10 02:50:01 [INFO] [task_scheduler.cc:131] [Task #0: main] Trial #185: GFLOPs: 220794.7471. Time: 622.4738 us. Best GFLOPs: 238435.4444
2025-10-10 02:50:01 [INFO] [task_scheduler.cc:131] [Task #0: main] Trial #186: GFLOPs: 216900.8731. Time: 633.6487 us. Best GFLOPs: 238435.4444
2025-10-10 02:50:01 [INFO] [task_scheduler.cc:131] [Task #0: main] Trial #187: GFLOPs: 223010.4705. Time: 616.2892 us. Best GFLOPs: 238435.4444
2025-10-10 02:50:01 [INFO] [task_scheduler.cc:131] [Task #0: main] Trial #188: GFLOPs: 227946.3303. Time: 602.9444 us. Best GFLOPs: 238435.4444
2025-10-10 02:50:01 [INFO] [task_scheduler.cc:131] [Task #0: main] Trial #189: GFLOPs: 192327.2781. Time: 714.6098 us. Best GFLOPs: 238435.4444
2025-10-10 02:50:01 [INFO] [task_scheduler.cc:131] [Task #0: main] Trial #190: GFLOPs: 51413.0130. Time: 2673.2328 us. Best GFLOPs: 238435.4444
2025-10-10 02:50:01 [INFO] [task_scheduler.cc:131] [Task #0: main] Trial #191: GFLOPs: 31583.8723. Time: 4351.5549 us. Best GFLOPs: 238435.4444
2025-10-10 02:50:01 [INFO] [task_scheduler.cc:131] [Task #0: main] Trial #192: GFLOPs: 123996.1361. Time: 1108.4132 us. Best GFLOPs: 238435.4444
2025-10-10 02:50:01 [INFO] [evolutionary_search.cc:713] Generating candidates......
2025-10-10 02:50:02 [INFO] [evolutionary_search.cc:715] Picked top 102 candidate(s) from database
2025-10-10 02:50:06 [INFO] [evolutionary_search.cc:533] Sample-Init-Population summary:
Postproc #0 [meta_schedule.DisallowDynamicLoop(0x1bb69df8)]: 0 failure(s)
Postproc #1 [meta_schedule.RewriteCooperativeFetch(0x1de2eb98)]: 0 failure(s)
Postproc #2 [meta_schedule.RewriteUnboundBlock(0x1de2c158)]: 0 failure(s)
Postproc #3 [meta_schedule.RewriteParallelVectorizeUnroll(0x1bbf4d28)]: 0 failure(s)
Postproc #4 [meta_schedule.RewriteReductionBlock(0x1c1c6128)]: 0 failure(s)
Postproc #5 [meta_schedule.VerifyGPUCode(0x1de28b58)]: 382 failure(s)
Postproc #6 [meta_schedule.RewriteTensorize(0x1dbcfb78)]: 0 failure(s)
2025-10-10 02:50:10 [INFO] [evolutionary_search.cc:533] Sample-Init-Population summary:
Postproc #0 [meta_schedule.DisallowDynamicLoop(0x1bb69df8)]: 0 failure(s)
Postproc #1 [meta_schedule.RewriteCooperativeFetch(0x1de2eb98)]: 0 failure(s)
Postproc #2 [meta_schedule.RewriteUnboundBlock(0x1de2c158)]: 0 failure(s)
Postproc #3 [meta_schedule.RewriteParallelVectorizeUnroll(0x1bbf4d28)]: 0 failure(s)
Postproc #4 [meta_schedule.RewriteReductionBlock(0x1c1c6128)]: 0 failure(s)
Postproc #5 [meta_schedule.VerifyGPUCode(0x1de28b58)]: 759 failure(s)
Postproc #6 [meta_schedule.RewriteTensorize(0x1dbcfb78)]: 0 failure(s)
2025-10-10 02:50:10 [INFO] [evolutionary_search.cc:723] Sampled 61 candidate(s)
2025-10-10 02:50:16 [INFO] [evolutionary_search.cc:621] Evolve iter #0 done. Summary:
Postproc #0 [meta_schedule.DisallowDynamicLoop(0x1bb69df8)]: 0 failure(s)
Postproc #1 [meta_schedule.RewriteCooperativeFetch(0x1de2eb98)]: 0 failure(s)
Postproc #2 [meta_schedule.RewriteUnboundBlock(0x1de2c158)]: 0 failure(s)
Postproc #3 [meta_schedule.RewriteParallelVectorizeUnroll(0x1bbf4d28)]: 0 failure(s)
Postproc #4 [meta_schedule.RewriteReductionBlock(0x1c1c6128)]: 0 failure(s)
Postproc #5 [meta_schedule.VerifyGPUCode(0x1de28b58)]: 96 failure(s)
Postproc #6 [meta_schedule.RewriteTensorize(0x1dbcfb78)]: 0 failure(s)
2025-10-10 02:50:24 [INFO] [evolutionary_search.cc:621] Evolve iter #1 done. Summary:
Postproc #0 [meta_schedule.DisallowDynamicLoop(0x1bb69df8)]: 0 failure(s)
Postproc #1 [meta_schedule.RewriteCooperativeFetch(0x1de2eb98)]: 0 failure(s)
Postproc #2 [meta_schedule.RewriteUnboundBlock(0x1de2c158)]: 0 failure(s)
Postproc #3 [meta_schedule.RewriteParallelVectorizeUnroll(0x1bbf4d28)]: 0 failure(s)
Postproc #4 [meta_schedule.RewriteReductionBlock(0x1c1c6128)]: 0 failure(s)
Postproc #5 [meta_schedule.VerifyGPUCode(0x1de28b58)]: 101 failure(s)
Postproc #6 [meta_schedule.RewriteTensorize(0x1dbcfb78)]: 0 failure(s)
2025-10-10 02:50:32 [INFO] [evolutionary_search.cc:621] Evolve iter #2 done. Summary:
Postproc #0 [meta_schedule.DisallowDynamicLoop(0x1bb69df8)]: 0 failure(s)
Postproc #1 [meta_schedule.RewriteCooperativeFetch(0x1de2eb98)]: 0 failure(s)
Postproc #2 [meta_schedule.RewriteUnboundBlock(0x1de2c158)]: 0 failure(s)
Postproc #3 [meta_schedule.RewriteParallelVectorizeUnroll(0x1bbf4d28)]: 0 failure(s)
Postproc #4 [meta_schedule.RewriteReductionBlock(0x1c1c6128)]: 0 failure(s)
Postproc #5 [meta_schedule.VerifyGPUCode(0x1de28b58)]: 91 failure(s)
Postproc #6 [meta_schedule.RewriteTensorize(0x1dbcfb78)]: 0 failure(s)
2025-10-10 02:50:40 [INFO] [evolutionary_search.cc:621] Evolve iter #3 done. Summary:
Postproc #0 [meta_schedule.DisallowDynamicLoop(0x1bb69df8)]: 0 failure(s)
Postproc #1 [meta_schedule.RewriteCooperativeFetch(0x1de2eb98)]: 0 failure(s)
Postproc #2 [meta_schedule.RewriteUnboundBlock(0x1de2c158)]: 0 failure(s)
Postproc #3 [meta_schedule.RewriteParallelVectorizeUnroll(0x1bbf4d28)]: 0 failure(s)
Postproc #4 [meta_schedule.RewriteReductionBlock(0x1c1c6128)]: 0 failure(s)
Postproc #5 [meta_schedule.VerifyGPUCode(0x1de28b58)]: 99 failure(s)
Postproc #6 [meta_schedule.RewriteTensorize(0x1dbcfb78)]: 0 failure(s)
2025-10-10 02:50:41 [INFO] [evolutionary_search.cc:649] Scores of the best 64 candidates:
[1 : 16]:	1.0053  1.0048  1.0015  0.9986  0.9912  0.9895  0.9877  0.9859  0.9857  0.9843  0.9840  0.9838  0.9828  0.9828  0.9825  0.9825
[17 : 32]:	0.9805  0.9795  0.9762  0.9762  0.9746  0.9745  0.9745  0.9745  0.9740  0.9737  0.9727  0.9727  0.9727  0.9726  0.9723  0.9722
[33 : 48]:	0.9714  0.9714  0.9713  0.9711  0.9708  0.9696  0.9677  0.9674  0.9673  0.9671  0.9671  0.9671  0.9661  0.9661  0.9656  0.9646
[49 : 64]:	0.9646  0.9643  0.9642  0.9631  0.9631  0.9623  0.9623  0.9622  0.9616  0.9613  0.9605  0.9600  0.9599  0.9596  0.9590  0.9582
2025-10-10 02:50:42 [INFO] [evolutionary_search.cc:727] Got 64 candidate(s) with evolutionary search
2025-10-10 02:50:42 [INFO] [evolutionary_search.cc:730] Sending 64 candidates(s) for measurement
2025-10-10 02:52:11 [INFO] [task_scheduler.cc:131] [Task #0: main] Trial #193: GFLOPs: 140594.2473. Time: 977.5574 us. Best GFLOPs: 238435.4444
2025-10-10 02:52:11 [INFO] [task_scheduler.cc:131] [Task #0: main] Trial #194: GFLOPs: 217841.7129. Time: 630.9120 us. Best GFLOPs: 238435.4444
2025-10-10 02:52:11 [INFO] [task_scheduler.cc:131] [Task #0: main] Trial #195: GFLOPs: 166917.0538. Time: 823.3967 us. Best GFLOPs: 238435.4444
2025-10-10 02:52:11 [INFO] [task_scheduler.cc:131] [Task #0: main] Trial #196: GFLOPs: 230046.3127. Time: 597.4404 us. Best GFLOPs: 238435.4444
2025-10-10 02:52:11 [INFO] [task_scheduler.cc:131] [Task #0: main] Trial #197: GFLOPs: 225683.1396. Time: 608.9908 us. Best GFLOPs: 238435.4444
2025-10-10 02:52:11 [INFO] [task_scheduler.cc:131] [Task #0: main] Trial #198: GFLOPs: 248989.8945. Time: 551.9861 us. Best GFLOPs: 248989.8945
2025-10-10 02:52:11 [INFO] [task_scheduler.cc:131] [Task #0: main] Trial #199: GFLOPs: 234904.2506. Time: 585.0850 us. Best GFLOPs: 248989.8945
2025-10-10 02:52:11 [INFO] [task_scheduler.cc:131] [Task #0: main] Trial #200: GFLOPs: 221309.0454. Time: 621.0273 us. Best GFLOPs: 248989.8945
2025-10-10 02:52:11 [INFO] [task_scheduler.cc:131] [Task #0: main] Trial #201: GFLOPs: 230685.1108. Time: 595.7860 us. Best GFLOPs: 248989.8945
2025-10-10 02:52:11 [INFO] [task_scheduler.cc:131] [Task #0: main] Trial #202: GFLOPs: 216993.3747. Time: 633.3786 us. Best GFLOPs: 248989.8945
2025-10-10 02:52:11 [INFO] [task_scheduler.cc:131] [Task #0: main] Trial #203: GFLOPs: 183756.5847. Time: 747.9403 us. Best GFLOPs: 248989.8945
2025-10-10 02:52:11 [INFO] [task_scheduler.cc:131] [Task #0: main] Trial #204: GFLOPs: 219150.8643. Time: 627.1431 us. Best GFLOPs: 248989.8945
2025-10-10 02:52:11 [INFO] [task_scheduler.cc:131] [Task #0: main] Trial #205: GFLOPs: 221678.7175. Time: 619.9916 us. Best GFLOPs: 248989.8945
2025-10-10 02:52:11 [INFO] [task_scheduler.cc:131] [Task #0: main] Trial #206: GFLOPs: 217942.7032. Time: 630.6197 us. Best GFLOPs: 248989.8945
2025-10-10 02:52:11 [INFO] [task_scheduler.cc:131] [Task #0: main] Trial #207: GFLOPs: 229812.9898. Time: 598.0469 us. Best GFLOPs: 248989.8945
2025-10-10 02:52:11 [INFO] [task_scheduler.cc:131] [Task #0: main] Trial #208: GFLOPs: 224069.6671. Time: 613.3760 us. Best GFLOPs: 248989.8945
2025-10-10 02:52:11 [INFO] [task_scheduler.cc:131] [Task #0: main] Trial #209: GFLOPs: 233665.5058. Time: 588.1867 us. Best GFLOPs: 248989.8945
2025-10-10 02:52:11 [INFO] [task_scheduler.cc:131] [Task #0: main] Trial #210: GFLOPs: 238113.0339. Time: 577.2005 us. Best GFLOPs: 248989.8945
2025-10-10 02:52:11 [INFO] [task_scheduler.cc:131] [Task #0: main] Trial #211: GFLOPs: 169838.6426. Time: 809.2325 us. Best GFLOPs: 248989.8945
2025-10-10 02:52:11 [INFO] [task_scheduler.cc:131] [Task #0: main] Trial #212: GFLOPs: 213034.5419. Time: 645.1487 us. Best GFLOPs: 248989.8945
2025-10-10 02:52:11 [INFO] [task_scheduler.cc:131] [Task #0: main] Trial #213: GFLOPs: 252371.6173. Time: 544.5896 us. Best GFLOPs: 252371.6173
2025-10-10 02:52:11 [INFO] [task_scheduler.cc:131] [Task #0: main] Trial #214: GFLOPs: 237826.9859. Time: 577.8947 us. Best GFLOPs: 252371.6173
2025-10-10 02:52:11 [INFO] [task_scheduler.cc:131] [Task #0: main] Trial #215: GFLOPs: 232929.5726. Time: 590.0451 us. Best GFLOPs: 252371.6173
2025-10-10 02:52:11 [INFO] [task_scheduler.cc:131] [Task #0: main] Trial #216: GFLOPs: 206265.7163. Time: 666.3199 us. Best GFLOPs: 252371.6173
2025-10-10 02:52:11 [INFO] [task_scheduler.cc:131] [Task #0: main] Trial #217: GFLOPs: 202568.8915. Time: 678.4801 us. Best GFLOPs: 252371.6173
2025-10-10 02:52:11 [INFO] [task_scheduler.cc:131] [Task #0: main] Trial #218: GFLOPs: 169157.8540. Time: 812.4893 us. Best GFLOPs: 252371.6173
2025-10-10 02:52:11 [INFO] [task_scheduler.cc:131] [Task #0: main] Trial #219: GFLOPs: 168607.9796. Time: 815.1391 us. Best GFLOPs: 252371.6173
2025-10-10 02:52:11 [INFO] [task_scheduler.cc:131] [Task #0: main] Trial #220: GFLOPs: 170016.3814. Time: 808.3865 us. Best GFLOPs: 252371.6173
2025-10-10 02:52:11 [INFO] [task_scheduler.cc:131] [Task #0: main] Trial #221: GFLOPs: 201602.8121. Time: 681.7313 us. Best GFLOPs: 252371.6173
2025-10-10 02:52:11 [INFO] [task_scheduler.cc:131] [Task #0: main] Trial #222: GFLOPs: 212073.1809. Time: 648.0732 us. Best GFLOPs: 252371.6173
2025-10-10 02:52:11 [INFO] [task_scheduler.cc:131] [Task #0: main] Trial #223: GFLOPs: 203953.8395. Time: 673.8728 us. Best GFLOPs: 252371.6173
2025-10-10 02:52:11 [INFO] [task_scheduler.cc:131] [Task #0: main] Trial #224: GFLOPs: 179466.1869. Time: 765.8209 us. Best GFLOPs: 252371.6173
2025-10-10 02:52:11 [INFO] [task_scheduler.cc:131] [Task #0: main] Trial #225: GFLOPs: 169479.7248. Time: 810.9463 us. Best GFLOPs: 252371.6173
2025-10-10 02:52:11 [INFO] [task_scheduler.cc:131] [Task #0: main] Trial #226: GFLOPs: 235489.0687. Time: 583.6320 us. Best GFLOPs: 252371.6173
2025-10-10 02:52:11 [INFO] [task_scheduler.cc:131] [Task #0: main] Trial #227: GFLOPs: 239688.9501. Time: 573.4055 us. Best GFLOPs: 252371.6173
2025-10-10 02:52:11 [INFO] [task_scheduler.cc:131] [Task #0: main] Trial #228: GFLOPs: 235803.4642. Time: 582.8538 us. Best GFLOPs: 252371.6173
2025-10-10 02:52:11 [INFO] [task_scheduler.cc:131] [Task #0: main] Trial #229: GFLOPs: 244508.9258. Time: 562.1020 us. Best GFLOPs: 252371.6173
2025-10-10 02:52:11 [INFO] [task_scheduler.cc:131] [Task #0: main] Trial #230: GFLOPs: 141557.2608. Time: 970.9071 us. Best GFLOPs: 252371.6173
2025-10-10 02:52:11 [INFO] [task_scheduler.cc:131] [Task #0: main] Trial #231: GFLOPs: 232090.4774. Time: 592.1783 us. Best GFLOPs: 252371.6173
2025-10-10 02:52:11 [INFO] [task_scheduler.cc:131] [Task #0: main] Trial #232: GFLOPs: 183852.7870. Time: 747.5489 us. Best GFLOPs: 252371.6173
2025-10-10 02:52:11 [INFO] [task_scheduler.cc:131] [Task #0: main] Trial #233: GFLOPs: 212941.2680. Time: 645.4313 us. Best GFLOPs: 252371.6173
2025-10-10 02:52:11 [INFO] [task_scheduler.cc:131] [Task #0: main] Trial #234: GFLOPs: 231490.9543. Time: 593.7120 us. Best GFLOPs: 252371.6173
2025-10-10 02:52:11 [INFO] [task_scheduler.cc:131] [Task #0: main] Trial #235: GFLOPs: 246146.9893. Time: 558.3613 us. Best GFLOPs: 252371.6173
2025-10-10 02:52:11 [INFO] [task_scheduler.cc:131] [Task #0: main] Trial #236: GFLOPs: 230780.6401. Time: 595.5394 us. Best GFLOPs: 252371.6173
2025-10-10 02:52:11 [INFO] [task_scheduler.cc:131] [Task #0: main] Trial #237: GFLOPs: 232040.8508. Time: 592.3050 us. Best GFLOPs: 252371.6173
2025-10-10 02:52:11 [INFO] [task_scheduler.cc:131] [Task #0: main] Trial #238: GFLOPs: 229493.4958. Time: 598.8795 us. Best GFLOPs: 252371.6173
2025-10-10 02:52:11 [INFO] [task_scheduler.cc:131] [Task #0: main] Trial #239: GFLOPs: 167228.1588. Time: 821.8649 us. Best GFLOPs: 252371.6173
2025-10-10 02:52:11 [INFO] [task_scheduler.cc:131] [Task #0: main] Trial #240: GFLOPs: 231981.5975. Time: 592.4563 us. Best GFLOPs: 252371.6173
2025-10-10 02:52:11 [INFO] [task_scheduler.cc:131] [Task #0: main] Trial #241: GFLOPs: 244320.0970. Time: 562.5364 us. Best GFLOPs: 252371.6173
2025-10-10 02:52:11 [INFO] [task_scheduler.cc:131] [Task #0: main] Trial #242: GFLOPs: 227156.0182. Time: 605.0421 us. Best GFLOPs: 252371.6173
2025-10-10 02:52:11 [INFO] [task_scheduler.cc:131] [Task #0: main] Trial #243: GFLOPs: 239688.8588. Time: 573.4057 us. Best GFLOPs: 252371.6173
2025-10-10 02:52:11 [INFO] [task_scheduler.cc:131] [Task #0: main] Trial #244: GFLOPs: 201697.4707. Time: 681.4114 us. Best GFLOPs: 252371.6173
2025-10-10 02:52:11 [INFO] [task_scheduler.cc:131] [Task #0: main] Trial #245: GFLOPs: 214286.8282. Time: 641.3784 us. Best GFLOPs: 252371.6173
2025-10-10 02:52:11 [INFO] [task_scheduler.cc:131] [Task #0: main] Trial #246: GFLOPs: 222844.5332. Time: 616.7481 us. Best GFLOPs: 252371.6173
2025-10-10 02:52:11 [INFO] [task_scheduler.cc:131] [Task #0: main] Trial #247: GFLOPs: 224995.0197. Time: 610.8533 us. Best GFLOPs: 252371.6173
2025-10-10 02:52:11 [INFO] [task_scheduler.cc:131] [Task #0: main] Trial #248: GFLOPs: 239888.6983. Time: 572.9280 us. Best GFLOPs: 252371.6173
2025-10-10 02:52:11 [INFO] [task_scheduler.cc:131] [Task #0: main] Trial #249: GFLOPs: 222473.0681. Time: 617.7779 us. Best GFLOPs: 252371.6173
2025-10-10 02:52:11 [INFO] [task_scheduler.cc:131] [Task #0: main] Trial #250: GFLOPs: 233223.9989. Time: 589.3002 us. Best GFLOPs: 252371.6173
2025-10-10 02:52:11 [INFO] [task_scheduler.cc:131] [Task #0: main] Trial #251: GFLOPs: 226846.8113. Time: 605.8668 us. Best GFLOPs: 252371.6173
2025-10-10 02:52:11 [INFO] [task_scheduler.cc:131] [Task #0: main] Trial #252: GFLOPs: 223908.8070. Time: 613.8166 us. Best GFLOPs: 252371.6173
2025-10-10 02:52:11 [INFO] [task_scheduler.cc:131] [Task #0: main] Trial #253: GFLOPs: 217741.5203. Time: 631.2023 us. Best GFLOPs: 252371.6173
2025-10-10 02:52:11 [INFO] [task_scheduler.cc:131] [Task #0: main] Trial #254: GFLOPs: 99199.0903. Time: 1385.4860 us. Best GFLOPs: 252371.6173
2025-10-10 02:52:11 [INFO] [task_scheduler.cc:131] [Task #0: main] Trial #255: GFLOPs: 177242.4915. Time: 775.4289 us. Best GFLOPs: 252371.6173
2025-10-10 02:52:11 [INFO] [task_scheduler.cc:131] [Task #0: main] Trial #256: GFLOPs: 102005.2643. Time: 1347.3712 us. Best GFLOPs: 252371.6173
2025-10-10 02:52:11 [INFO] [evolutionary_search.cc:713] Generating candidates......
2025-10-10 02:52:12 [INFO] [evolutionary_search.cc:715] Picked top 102 candidate(s) from database
2025-10-10 02:52:16 [INFO] [evolutionary_search.cc:533] Sample-Init-Population summary:
Postproc #0 [meta_schedule.DisallowDynamicLoop(0x1bb69df8)]: 0 failure(s)
Postproc #1 [meta_schedule.RewriteCooperativeFetch(0x1de2eb98)]: 0 failure(s)
Postproc #2 [meta_schedule.RewriteUnboundBlock(0x1de2c158)]: 0 failure(s)
Postproc #3 [meta_schedule.RewriteParallelVectorizeUnroll(0x1bbf4d28)]: 0 failure(s)
Postproc #4 [meta_schedule.RewriteReductionBlock(0x1c1c6128)]: 0 failure(s)
Postproc #5 [meta_schedule.VerifyGPUCode(0x1de28b58)]: 380 failure(s)
Postproc #6 [meta_schedule.RewriteTensorize(0x1dbcfb78)]: 0 failure(s)
2025-10-10 02:52:20 [INFO] [evolutionary_search.cc:533] Sample-Init-Population summary:
Postproc #0 [meta_schedule.DisallowDynamicLoop(0x1bb69df8)]: 0 failure(s)
Postproc #1 [meta_schedule.RewriteCooperativeFetch(0x1de2eb98)]: 0 failure(s)
Postproc #2 [meta_schedule.RewriteUnboundBlock(0x1de2c158)]: 0 failure(s)
Postproc #3 [meta_schedule.RewriteParallelVectorizeUnroll(0x1bbf4d28)]: 0 failure(s)
Postproc #4 [meta_schedule.RewriteReductionBlock(0x1c1c6128)]: 0 failure(s)
Postproc #5 [meta_schedule.VerifyGPUCode(0x1de28b58)]: 759 failure(s)
Postproc #6 [meta_schedule.RewriteTensorize(0x1dbcfb78)]: 0 failure(s)
2025-10-10 02:52:20 [INFO] [evolutionary_search.cc:723] Sampled 61 candidate(s)
2025-10-10 02:52:26 [INFO] [evolutionary_search.cc:621] Evolve iter #0 done. Summary:
Postproc #0 [meta_schedule.DisallowDynamicLoop(0x1bb69df8)]: 0 failure(s)
Postproc #1 [meta_schedule.RewriteCooperativeFetch(0x1de2eb98)]: 0 failure(s)
Postproc #2 [meta_schedule.RewriteUnboundBlock(0x1de2c158)]: 0 failure(s)
Postproc #3 [meta_schedule.RewriteParallelVectorizeUnroll(0x1bbf4d28)]: 0 failure(s)
Postproc #4 [meta_schedule.RewriteReductionBlock(0x1c1c6128)]: 0 failure(s)
Postproc #5 [meta_schedule.VerifyGPUCode(0x1de28b58)]: 108 failure(s)
Postproc #6 [meta_schedule.RewriteTensorize(0x1dbcfb78)]: 0 failure(s)
2025-10-10 02:52:34 [INFO] [evolutionary_search.cc:621] Evolve iter #1 done. Summary:
Postproc #0 [meta_schedule.DisallowDynamicLoop(0x1bb69df8)]: 0 failure(s)
Postproc #1 [meta_schedule.RewriteCooperativeFetch(0x1de2eb98)]: 0 failure(s)
Postproc #2 [meta_schedule.RewriteUnboundBlock(0x1de2c158)]: 0 failure(s)
Postproc #3 [meta_schedule.RewriteParallelVectorizeUnroll(0x1bbf4d28)]: 0 failure(s)
Postproc #4 [meta_schedule.RewriteReductionBlock(0x1c1c6128)]: 0 failure(s)
Postproc #5 [meta_schedule.VerifyGPUCode(0x1de28b58)]: 99 failure(s)
Postproc #6 [meta_schedule.RewriteTensorize(0x1dbcfb78)]: 0 failure(s)
2025-10-10 02:52:42 [INFO] [evolutionary_search.cc:621] Evolve iter #2 done. Summary:
Postproc #0 [meta_schedule.DisallowDynamicLoop(0x1bb69df8)]: 0 failure(s)
Postproc #1 [meta_schedule.RewriteCooperativeFetch(0x1de2eb98)]: 0 failure(s)
Postproc #2 [meta_schedule.RewriteUnboundBlock(0x1de2c158)]: 0 failure(s)
Postproc #3 [meta_schedule.RewriteParallelVectorizeUnroll(0x1bbf4d28)]: 0 failure(s)
Postproc #4 [meta_schedule.RewriteReductionBlock(0x1c1c6128)]: 0 failure(s)
Postproc #5 [meta_schedule.VerifyGPUCode(0x1de28b58)]: 117 failure(s)
Postproc #6 [meta_schedule.RewriteTensorize(0x1dbcfb78)]: 0 failure(s)
2025-10-10 02:52:50 [INFO] [evolutionary_search.cc:621] Evolve iter #3 done. Summary:
Postproc #0 [meta_schedule.DisallowDynamicLoop(0x1bb69df8)]: 0 failure(s)
Postproc #1 [meta_schedule.RewriteCooperativeFetch(0x1de2eb98)]: 0 failure(s)
Postproc #2 [meta_schedule.RewriteUnboundBlock(0x1de2c158)]: 0 failure(s)
Postproc #3 [meta_schedule.RewriteParallelVectorizeUnroll(0x1bbf4d28)]: 0 failure(s)
Postproc #4 [meta_schedule.RewriteReductionBlock(0x1c1c6128)]: 0 failure(s)
Postproc #5 [meta_schedule.VerifyGPUCode(0x1de28b58)]: 116 failure(s)
Postproc #6 [meta_schedule.RewriteTensorize(0x1dbcfb78)]: 0 failure(s)
2025-10-10 02:52:52 [INFO] [evolutionary_search.cc:649] Scores of the best 64 candidates:
[1 : 16]:	0.9623  0.9623  0.9610  0.9588  0.9575  0.9573  0.9573  0.9563  0.9560  0.9560  0.9550  0.9535  0.9512  0.9501  0.9501  0.9493
[17 : 32]:	0.9493  0.9485  0.9485  0.9485  0.9479  0.9475  0.9466  0.9466  0.9452  0.9452  0.9451  0.9444  0.9444  0.9444  0.9438  0.9438
[33 : 48]:	0.9437  0.9434  0.9431  0.9431  0.9429  0.9429  0.9429  0.9419  0.9419  0.9419  0.9416  0.9416  0.9406  0.9406  0.9404  0.9394
[49 : 64]:	0.9394  0.9391  0.9391  0.9391  0.9391  0.9388  0.9382  0.9375  0.9370  0.9370  0.9370  0.9357  0.9357  0.9357  0.9357  0.9354
2025-10-10 02:52:53 [INFO] [evolutionary_search.cc:727] Got 64 candidate(s) with evolutionary search
2025-10-10 02:52:53 [INFO] [evolutionary_search.cc:730] Sending 64 candidates(s) for measurement
2025-10-10 02:54:20 [INFO] [task_scheduler.cc:131] [Task #0: main] Trial #257: GFLOPs: 237649.9841. Time: 578.3251 us. Best GFLOPs: 252371.6173
2025-10-10 02:54:20 [INFO] [task_scheduler.cc:131] [Task #0: main] Trial #258: GFLOPs: 244391.4929. Time: 562.3721 us. Best GFLOPs: 252371.6173
2025-10-10 02:54:20 [INFO] [task_scheduler.cc:131] [Task #0: main] Trial #259: GFLOPs: 239521.8982. Time: 573.8054 us. Best GFLOPs: 252371.6173
2025-10-10 02:54:20 [INFO] [task_scheduler.cc:131] [Task #0: main] Trial #260: GFLOPs: 252231.8850. Time: 544.8913 us. Best GFLOPs: 252371.6173
2025-10-10 02:54:20 [INFO] [task_scheduler.cc:131] [Task #0: main] Trial #261: GFLOPs: 243659.8057. Time: 564.0608 us. Best GFLOPs: 252371.6173
2025-10-10 02:54:20 [INFO] [task_scheduler.cc:131] [Task #0: main] Trial #262: GFLOPs: 234691.4552. Time: 585.6155 us. Best GFLOPs: 252371.6173
2025-10-10 02:54:20 [INFO] [task_scheduler.cc:131] [Task #0: main] Trial #263: GFLOPs: 235385.9514. Time: 583.8877 us. Best GFLOPs: 252371.6173
2025-10-10 02:54:20 [INFO] [task_scheduler.cc:131] [Task #0: main] Trial #264: GFLOPs: 243031.8473. Time: 565.5183 us. Best GFLOPs: 252371.6173
2025-10-10 02:54:20 [INFO] [task_scheduler.cc:131] [Task #0: main] Trial #265: GFLOPs: 241973.4578. Time: 567.9919 us. Best GFLOPs: 252371.6173
2025-10-10 02:54:20 [INFO] [task_scheduler.cc:131] [Task #0: main] Trial #266: GFLOPs: 234022.3164. Time: 587.2899 us. Best GFLOPs: 252371.6173
2025-10-10 02:54:20 [INFO] [task_scheduler.cc:131] [Task #0: main] Trial #267: GFLOPs: 244790.2889. Time: 561.4559 us. Best GFLOPs: 252371.6173
2025-10-10 02:54:20 [INFO] [task_scheduler.cc:131] [Task #0: main] Trial #268: GFLOPs: 239886.3117. Time: 572.9337 us. Best GFLOPs: 252371.6173
2025-10-10 02:54:20 [INFO] [task_scheduler.cc:131] [Task #0: main] Trial #269: GFLOPs: 248111.8561. Time: 553.9395 us. Best GFLOPs: 252371.6173
2025-10-10 02:54:20 [INFO] [task_scheduler.cc:131] [Task #0: main] Trial #270: GFLOPs: 232921.6521. Time: 590.0652 us. Best GFLOPs: 252371.6173
2025-10-10 02:54:20 [INFO] [task_scheduler.cc:131] [Task #0: main] Trial #271: GFLOPs: 241349.5195. Time: 569.4602 us. Best GFLOPs: 252371.6173
2025-10-10 02:54:20 [INFO] [task_scheduler.cc:131] [Task #0: main] Trial #272: GFLOPs: 246308.5467. Time: 557.9951 us. Best GFLOPs: 252371.6173
2025-10-10 02:54:20 [INFO] [task_scheduler.cc:131] [Task #0: main] Trial #273: GFLOPs: 240917.3395. Time: 570.4818 us. Best GFLOPs: 252371.6173
2025-10-10 02:54:20 [INFO] [task_scheduler.cc:131] [Task #0: main] Trial #274: GFLOPs: 237823.2392. Time: 577.9038 us. Best GFLOPs: 252371.6173
2025-10-10 02:54:20 [INFO] [task_scheduler.cc:131] [Task #0: main] Trial #275: GFLOPs: 234292.6496. Time: 586.6123 us. Best GFLOPs: 252371.6173
2025-10-10 02:54:20 [INFO] [task_scheduler.cc:131] [Task #0: main] Trial #276: GFLOPs: 243955.5073. Time: 563.3771 us. Best GFLOPs: 252371.6173
2025-10-10 02:54:20 [INFO] [task_scheduler.cc:131] [Task #0: main] Trial #277: GFLOPs: 240144.2943. Time: 572.3182 us. Best GFLOPs: 252371.6173
2025-10-10 02:54:20 [INFO] [task_scheduler.cc:131] [Task #0: main] Trial #278: GFLOPs: 239417.8994. Time: 574.0546 us. Best GFLOPs: 252371.6173
2025-10-10 02:54:20 [INFO] [task_scheduler.cc:131] [Task #0: main] Trial #279: GFLOPs: 237630.3990. Time: 578.3728 us. Best GFLOPs: 252371.6173
2025-10-10 02:54:20 [INFO] [task_scheduler.cc:131] [Task #0: main] Trial #280: GFLOPs: 236425.3037. Time: 581.3208 us. Best GFLOPs: 252371.6173
2025-10-10 02:54:20 [INFO] [task_scheduler.cc:131] [Task #0: main] Trial #281: GFLOPs: 242416.9234. Time: 566.9528 us. Best GFLOPs: 252371.6173
2025-10-10 02:54:20 [INFO] [task_scheduler.cc:131] [Task #0: main] Trial #282: GFLOPs: 240570.0967. Time: 571.3052 us. Best GFLOPs: 252371.6173
2025-10-10 02:54:20 [INFO] [task_scheduler.cc:131] [Task #0: main] Trial #283: GFLOPs: 247872.5868. Time: 554.4742 us. Best GFLOPs: 252371.6173
2025-10-10 02:54:20 [INFO] [task_scheduler.cc:131] [Task #0: main] Trial #284: GFLOPs: 240203.4000. Time: 572.1774 us. Best GFLOPs: 252371.6173
2025-10-10 02:54:20 [INFO] [task_scheduler.cc:131] [Task #0: main] Trial #285: GFLOPs: 237122.4789. Time: 579.6117 us. Best GFLOPs: 252371.6173
2025-10-10 02:54:20 [INFO] [task_scheduler.cc:131] [Task #0: main] Trial #286: GFLOPs: 236774.8891. Time: 580.4625 us. Best GFLOPs: 252371.6173
2025-10-10 02:54:20 [INFO] [task_scheduler.cc:131] [Task #0: main] Trial #287: GFLOPs: 240469.4804. Time: 571.5443 us. Best GFLOPs: 252371.6173
2025-10-10 02:54:20 [INFO] [task_scheduler.cc:131] [Task #0: main] Trial #288: GFLOPs: 236458.9282. Time: 581.2382 us. Best GFLOPs: 252371.6173
2025-10-10 02:54:20 [INFO] [task_scheduler.cc:131] [Task #0: main] Trial #289: GFLOPs: 234662.4254. Time: 585.6879 us. Best GFLOPs: 252371.6173
2025-10-10 02:54:20 [INFO] [task_scheduler.cc:131] [Task #0: main] Trial #290: GFLOPs: 232808.2722. Time: 590.3525 us. Best GFLOPs: 252371.6173
2025-10-10 02:54:20 [INFO] [task_scheduler.cc:131] [Task #0: main] Trial #291: GFLOPs: 240571.2504. Time: 571.3025 us. Best GFLOPs: 252371.6173
2025-10-10 02:54:20 [INFO] [task_scheduler.cc:131] [Task #0: main] Trial #292: GFLOPs: 234710.5593. Time: 585.5678 us. Best GFLOPs: 252371.6173
2025-10-10 02:54:20 [INFO] [task_scheduler.cc:131] [Task #0: main] Trial #293: GFLOPs: 239786.4323. Time: 573.1724 us. Best GFLOPs: 252371.6173
2025-10-10 02:54:20 [INFO] [task_scheduler.cc:131] [Task #0: main] Trial #294: GFLOPs: 229106.7104. Time: 599.8906 us. Best GFLOPs: 252371.6173
2025-10-10 02:54:20 [INFO] [task_scheduler.cc:131] [Task #0: main] Trial #295: GFLOPs: 239648.7954. Time: 573.5015 us. Best GFLOPs: 252371.6173
2025-10-10 02:54:20 [INFO] [task_scheduler.cc:131] [Task #0: main] Trial #296: GFLOPs: 249749.2906. Time: 550.3077 us. Best GFLOPs: 252371.6173
2025-10-10 02:54:20 [INFO] [task_scheduler.cc:131] [Task #0: main] Trial #297: GFLOPs: 233920.6231. Time: 587.5453 us. Best GFLOPs: 252371.6173
2025-10-10 02:54:20 [INFO] [task_scheduler.cc:131] [Task #0: main] Trial #298: GFLOPs: 237213.9564. Time: 579.3881 us. Best GFLOPs: 252371.6173
2025-10-10 02:54:20 [INFO] [task_scheduler.cc:131] [Task #0: main] Trial #299: GFLOPs: 232828.2615. Time: 590.3019 us. Best GFLOPs: 252371.6173
2025-10-10 02:54:20 [INFO] [task_scheduler.cc:131] [Task #0: main] Trial #300: GFLOPs: 233239.6091. Time: 589.2608 us. Best GFLOPs: 252371.6173
2025-10-10 02:54:20 [INFO] [task_scheduler.cc:131] [Task #0: main] Trial #301: GFLOPs: 237693.0881. Time: 578.2202 us. Best GFLOPs: 252371.6173
2025-10-10 02:54:20 [INFO] [task_scheduler.cc:131] [Task #0: main] Trial #302: GFLOPs: 239608.7038. Time: 573.5975 us. Best GFLOPs: 252371.6173
2025-10-10 02:54:20 [INFO] [task_scheduler.cc:131] [Task #0: main] Trial #303: GFLOPs: 254139.7568. Time: 540.8007 us. Best GFLOPs: 254139.7568
2025-10-10 02:54:20 [INFO] [task_scheduler.cc:131] [Task #0: main] Trial #304: GFLOPs: 237521.9059. Time: 578.6370 us. Best GFLOPs: 254139.7568
2025-10-10 02:54:20 [INFO] [task_scheduler.cc:131] [Task #0: main] Trial #305: GFLOPs: 229691.1192. Time: 598.3642 us. Best GFLOPs: 254139.7568
2025-10-10 02:54:20 [INFO] [task_scheduler.cc:131] [Task #0: main] Trial #306: GFLOPs: 234278.6640. Time: 586.6473 us. Best GFLOPs: 254139.7568
2025-10-10 02:54:20 [INFO] [task_scheduler.cc:131] [Task #0: main] Trial #307: GFLOPs: 236135.8287. Time: 582.0335 us. Best GFLOPs: 254139.7568
2025-10-10 02:54:20 [INFO] [task_scheduler.cc:131] [Task #0: main] Trial #308: GFLOPs: 232126.1423. Time: 592.0874 us. Best GFLOPs: 254139.7568
2025-10-10 02:54:20 [INFO] [task_scheduler.cc:131] [Task #0: main] Trial #309: GFLOPs: 230540.3897. Time: 596.1600 us. Best GFLOPs: 254139.7568
2025-10-10 02:54:20 [INFO] [task_scheduler.cc:131] [Task #0: main] Trial #310: GFLOPs: 235860.7488. Time: 582.7123 us. Best GFLOPs: 254139.7568
2025-10-10 02:54:20 [INFO] [task_scheduler.cc:131] [Task #0: main] Trial #311: GFLOPs: 232603.8781. Time: 590.8713 us. Best GFLOPs: 254139.7568
2025-10-10 02:54:20 [INFO] [task_scheduler.cc:131] [Task #0: main] Trial #312: GFLOPs: 236067.9278. Time: 582.2009 us. Best GFLOPs: 254139.7568
2025-10-10 02:54:20 [INFO] [task_scheduler.cc:131] [Task #0: main] Trial #313: GFLOPs: 225560.0209. Time: 609.3232 us. Best GFLOPs: 254139.7568
2025-10-10 02:54:20 [INFO] [task_scheduler.cc:131] [Task #0: main] Trial #314: GFLOPs: 236955.6977. Time: 580.0196 us. Best GFLOPs: 254139.7568
2025-10-10 02:54:20 [INFO] [task_scheduler.cc:131] [Task #0: main] Trial #315: GFLOPs: 236259.6059. Time: 581.7285 us. Best GFLOPs: 254139.7568
2025-10-10 02:54:20 [INFO] [task_scheduler.cc:131] [Task #0: main] Trial #316: GFLOPs: 229203.9443. Time: 599.6361 us. Best GFLOPs: 254139.7568
2025-10-10 02:54:20 [INFO] [task_scheduler.cc:131] [Task #0: main] Trial #317: GFLOPs: 234265.3940. Time: 586.6806 us. Best GFLOPs: 254139.7568
2025-10-10 02:54:20 [INFO] [task_scheduler.cc:131] [Task #0: main] Trial #318: GFLOPs: 80764.1934. Time: 1701.7313 us. Best GFLOPs: 254139.7568
2025-10-10 02:54:20 [INFO] [task_scheduler.cc:131] [Task #0: main] Trial #319: GFLOPs: 173323.5188. Time: 792.9619 us. Best GFLOPs: 254139.7568
2025-10-10 02:54:20 [INFO] [task_scheduler.cc:131] [Task #0: main] Trial #320: GFLOPs: 58799.6918. Time: 2337.4094 us. Best GFLOPs: 254139.7568
2025-10-10 02:54:20 [INFO] [evolutionary_search.cc:713] Generating candidates......
2025-10-10 02:54:22 [INFO] [evolutionary_search.cc:715] Picked top 102 candidate(s) from database
2025-10-10 02:54:25 [INFO] [evolutionary_search.cc:533] Sample-Init-Population summary:
Postproc #0 [meta_schedule.DisallowDynamicLoop(0x1bb69df8)]: 0 failure(s)
Postproc #1 [meta_schedule.RewriteCooperativeFetch(0x1de2eb98)]: 0 failure(s)
Postproc #2 [meta_schedule.RewriteUnboundBlock(0x1de2c158)]: 0 failure(s)
Postproc #3 [meta_schedule.RewriteParallelVectorizeUnroll(0x1bbf4d28)]: 0 failure(s)
Postproc #4 [meta_schedule.RewriteReductionBlock(0x1c1c6128)]: 0 failure(s)
Postproc #5 [meta_schedule.VerifyGPUCode(0x1de28b58)]: 385 failure(s)
Postproc #6 [meta_schedule.RewriteTensorize(0x1dbcfb78)]: 0 failure(s)
2025-10-10 02:54:29 [INFO] [evolutionary_search.cc:533] Sample-Init-Population summary:
Postproc #0 [meta_schedule.DisallowDynamicLoop(0x1bb69df8)]: 0 failure(s)
Postproc #1 [meta_schedule.RewriteCooperativeFetch(0x1de2eb98)]: 0 failure(s)
Postproc #2 [meta_schedule.RewriteUnboundBlock(0x1de2c158)]: 0 failure(s)
Postproc #3 [meta_schedule.RewriteParallelVectorizeUnroll(0x1bbf4d28)]: 0 failure(s)
Postproc #4 [meta_schedule.RewriteReductionBlock(0x1c1c6128)]: 0 failure(s)
Postproc #5 [meta_schedule.VerifyGPUCode(0x1de28b58)]: 772 failure(s)
Postproc #6 [meta_schedule.RewriteTensorize(0x1dbcfb78)]: 0 failure(s)
2025-10-10 02:54:33 [INFO] [evolutionary_search.cc:533] Sample-Init-Population summary:
Postproc #0 [meta_schedule.DisallowDynamicLoop(0x1bb69df8)]: 0 failure(s)
Postproc #1 [meta_schedule.RewriteCooperativeFetch(0x1de2eb98)]: 0 failure(s)
Postproc #2 [meta_schedule.RewriteUnboundBlock(0x1de2c158)]: 0 failure(s)
Postproc #3 [meta_schedule.RewriteParallelVectorizeUnroll(0x1bbf4d28)]: 0 failure(s)
Postproc #4 [meta_schedule.RewriteReductionBlock(0x1c1c6128)]: 0 failure(s)
Postproc #5 [meta_schedule.VerifyGPUCode(0x1de28b58)]: 1157 failure(s)
Postproc #6 [meta_schedule.RewriteTensorize(0x1dbcfb78)]: 0 failure(s)
2025-10-10 02:54:33 [INFO] [evolutionary_search.cc:723] Sampled 73 candidate(s)
2025-10-10 02:54:40 [INFO] [evolutionary_search.cc:621] Evolve iter #0 done. Summary:
Postproc #0 [meta_schedule.DisallowDynamicLoop(0x1bb69df8)]: 0 failure(s)
Postproc #1 [meta_schedule.RewriteCooperativeFetch(0x1de2eb98)]: 0 failure(s)
Postproc #2 [meta_schedule.RewriteUnboundBlock(0x1de2c158)]: 0 failure(s)
Postproc #3 [meta_schedule.RewriteParallelVectorizeUnroll(0x1bbf4d28)]: 0 failure(s)
Postproc #4 [meta_schedule.RewriteReductionBlock(0x1c1c6128)]: 0 failure(s)
Postproc #5 [meta_schedule.VerifyGPUCode(0x1de28b58)]: 117 failure(s)
Postproc #6 [meta_schedule.RewriteTensorize(0x1dbcfb78)]: 0 failure(s)
2025-10-10 02:54:49 [INFO] [evolutionary_search.cc:621] Evolve iter #1 done. Summary:
Postproc #0 [meta_schedule.DisallowDynamicLoop(0x1bb69df8)]: 0 failure(s)
Postproc #1 [meta_schedule.RewriteCooperativeFetch(0x1de2eb98)]: 0 failure(s)
Postproc #2 [meta_schedule.RewriteUnboundBlock(0x1de2c158)]: 0 failure(s)
Postproc #3 [meta_schedule.RewriteParallelVectorizeUnroll(0x1bbf4d28)]: 0 failure(s)
Postproc #4 [meta_schedule.RewriteReductionBlock(0x1c1c6128)]: 0 failure(s)
Postproc #5 [meta_schedule.VerifyGPUCode(0x1de28b58)]: 114 failure(s)
Postproc #6 [meta_schedule.RewriteTensorize(0x1dbcfb78)]: 0 failure(s)
2025-10-10 02:54:57 [INFO] [evolutionary_search.cc:621] Evolve iter #2 done. Summary:
Postproc #0 [meta_schedule.DisallowDynamicLoop(0x1bb69df8)]: 0 failure(s)
Postproc #1 [meta_schedule.RewriteCooperativeFetch(0x1de2eb98)]: 0 failure(s)
Postproc #2 [meta_schedule.RewriteUnboundBlock(0x1de2c158)]: 0 failure(s)
Postproc #3 [meta_schedule.RewriteParallelVectorizeUnroll(0x1bbf4d28)]: 0 failure(s)
Postproc #4 [meta_schedule.RewriteReductionBlock(0x1c1c6128)]: 0 failure(s)
Postproc #5 [meta_schedule.VerifyGPUCode(0x1de28b58)]: 135 failure(s)
Postproc #6 [meta_schedule.RewriteTensorize(0x1dbcfb78)]: 0 failure(s)
2025-10-10 02:55:05 [INFO] [evolutionary_search.cc:621] Evolve iter #3 done. Summary:
Postproc #0 [meta_schedule.DisallowDynamicLoop(0x1bb69df8)]: 0 failure(s)
Postproc #1 [meta_schedule.RewriteCooperativeFetch(0x1de2eb98)]: 0 failure(s)
Postproc #2 [meta_schedule.RewriteUnboundBlock(0x1de2c158)]: 0 failure(s)
Postproc #3 [meta_schedule.RewriteParallelVectorizeUnroll(0x1bbf4d28)]: 0 failure(s)
Postproc #4 [meta_schedule.RewriteReductionBlock(0x1c1c6128)]: 0 failure(s)
Postproc #5 [meta_schedule.VerifyGPUCode(0x1de28b58)]: 102 failure(s)
Postproc #6 [meta_schedule.RewriteTensorize(0x1dbcfb78)]: 0 failure(s)
2025-10-10 02:55:07 [INFO] [evolutionary_search.cc:649] Scores of the best 64 candidates:
[1 : 16]:	0.9504  0.9504  0.9504  0.9504  0.9504  0.9502  0.9502  0.9501  0.9501  0.9498  0.9498  0.9488  0.9488  0.9488  0.9485  0.9485
[17 : 32]:	0.9485  0.9470  0.9470  0.9470  0.9467  0.9467  0.9465  0.9465  0.9465  0.9455  0.9455  0.9453  0.9453  0.9452  0.9452  0.9452
[33 : 48]:	0.9449  0.9449  0.9444  0.9444  0.9441  0.9441  0.9440  0.9436  0.9432  0.9432  0.9420  0.9417  0.9417  0.9403  0.9391  0.9391
[49 : 64]:	0.9387  0.9387  0.9387  0.9387  0.9386  0.9386  0.9378  0.9378  0.9371  0.9371  0.9368  0.9368  0.9359  0.9359  0.9359  0.9358
2025-10-10 02:55:07 [INFO] [evolutionary_search.cc:727] Got 64 candidate(s) with evolutionary search
2025-10-10 02:55:07 [INFO] [evolutionary_search.cc:730] Sending 64 candidates(s) for measurement
2025-10-10 02:56:34 [INFO] [task_scheduler.cc:131] [Task #0: main] Trial #321: GFLOPs: 234863.4966. Time: 585.1865 us. Best GFLOPs: 254139.7568
2025-10-10 02:56:34 [INFO] [task_scheduler.cc:131] [Task #0: main] Trial #322: GFLOPs: 240161.6480. Time: 572.2769 us. Best GFLOPs: 254139.7568
2025-10-10 02:56:34 [INFO] [task_scheduler.cc:131] [Task #0: main] Trial #323: GFLOPs: 245015.5485. Time: 560.9397 us. Best GFLOPs: 254139.7568
2025-10-10 02:56:34 [INFO] [task_scheduler.cc:131] [Task #0: main] Trial #324: GFLOPs: 242539.6761. Time: 566.6659 us. Best GFLOPs: 254139.7568
2025-10-10 02:56:34 [INFO] [task_scheduler.cc:131] [Task #0: main] Trial #325: GFLOPs: 234416.4102. Time: 586.3026 us. Best GFLOPs: 254139.7568
2025-10-10 02:56:34 [INFO] [task_scheduler.cc:131] [Task #0: main] Trial #326: GFLOPs: 244328.3813. Time: 562.5173 us. Best GFLOPs: 254139.7568
2025-10-10 02:56:34 [INFO] [task_scheduler.cc:131] [Task #0: main] Trial #327: GFLOPs: 237841.8928. Time: 577.8585 us. Best GFLOPs: 254139.7568
2025-10-10 02:56:34 [INFO] [task_scheduler.cc:131] [Task #0: main] Trial #328: GFLOPs: 242518.7275. Time: 566.7148 us. Best GFLOPs: 254139.7568
2025-10-10 02:56:34 [INFO] [task_scheduler.cc:131] [Task #0: main] Trial #329: GFLOPs: 240103.5621. Time: 572.4153 us. Best GFLOPs: 254139.7568
2025-10-10 02:56:34 [INFO] [task_scheduler.cc:131] [Task #0: main] Trial #330: GFLOPs: 238779.1830. Time: 575.5902 us. Best GFLOPs: 254139.7568
2025-10-10 02:56:34 [INFO] [task_scheduler.cc:131] [Task #0: main] Trial #331: GFLOPs: 241047.7190. Time: 570.1732 us. Best GFLOPs: 254139.7568
2025-10-10 02:56:34 [INFO] [task_scheduler.cc:131] [Task #0: main] Trial #332: GFLOPs: 243596.4829. Time: 564.2075 us. Best GFLOPs: 254139.7568
2025-10-10 02:56:34 [INFO] [task_scheduler.cc:131] [Task #0: main] Trial #333: GFLOPs: 255457.6579. Time: 538.0107 us. Best GFLOPs: 255457.6579
2025-10-10 02:56:34 [INFO] [task_scheduler.cc:131] [Task #0: main] Trial #334: GFLOPs: 248746.2274. Time: 552.5268 us. Best GFLOPs: 255457.6579
2025-10-10 02:56:34 [INFO] [task_scheduler.cc:131] [Task #0: main] Trial #335: GFLOPs: 237854.5847. Time: 577.8276 us. Best GFLOPs: 255457.6579
2025-10-10 02:56:34 [INFO] [task_scheduler.cc:131] [Task #0: main] Trial #336: GFLOPs: 237579.0490. Time: 578.4978 us. Best GFLOPs: 255457.6579
2025-10-10 02:56:34 [INFO] [task_scheduler.cc:131] [Task #0: main] Trial #337: GFLOPs: 241317.1248. Time: 569.5367 us. Best GFLOPs: 255457.6579
2025-10-10 02:56:34 [INFO] [task_scheduler.cc:131] [Task #0: main] Trial #338: GFLOPs: 253508.1340. Time: 542.1481 us. Best GFLOPs: 255457.6579
2025-10-10 02:56:34 [INFO] [task_scheduler.cc:131] [Task #0: main] Trial #339: GFLOPs: 242951.6183. Time: 565.7050 us. Best GFLOPs: 255457.6579
2025-10-10 02:56:34 [INFO] [task_scheduler.cc:131] [Task #0: main] Trial #340: GFLOPs: 244710.1507. Time: 561.6398 us. Best GFLOPs: 255457.6579
2025-10-10 02:56:34 [INFO] [task_scheduler.cc:131] [Task #0: main] Trial #341: GFLOPs: 245805.0034. Time: 559.1381 us. Best GFLOPs: 255457.6579
2025-10-10 02:56:34 [INFO] [task_scheduler.cc:131] [Task #0: main] Trial #342: GFLOPs: 239124.2194. Time: 574.7597 us. Best GFLOPs: 255457.6579
2025-10-10 02:56:34 [INFO] [task_scheduler.cc:131] [Task #0: main] Trial #343: GFLOPs: 238216.2392. Time: 576.9504 us. Best GFLOPs: 255457.6579
2025-10-10 02:56:34 [INFO] [task_scheduler.cc:131] [Task #0: main] Trial #344: GFLOPs: 245203.7642. Time: 560.5091 us. Best GFLOPs: 255457.6579
2025-10-10 02:56:34 [INFO] [task_scheduler.cc:131] [Task #0: main] Trial #345: GFLOPs: 244748.8600. Time: 561.5509 us. Best GFLOPs: 255457.6579
2025-10-10 02:56:34 [INFO] [task_scheduler.cc:131] [Task #0: main] Trial #346: GFLOPs: 252368.4551. Time: 544.5964 us. Best GFLOPs: 255457.6579
2025-10-10 02:56:34 [INFO] [task_scheduler.cc:131] [Task #0: main] Trial #347: GFLOPs: 234054.6749. Time: 587.2088 us. Best GFLOPs: 255457.6579
2025-10-10 02:56:34 [INFO] [task_scheduler.cc:131] [Task #0: main] Trial #348: GFLOPs: 238958.8174. Time: 575.1575 us. Best GFLOPs: 255457.6579
2025-10-10 02:56:34 [INFO] [task_scheduler.cc:131] [Task #0: main] Trial #349: GFLOPs: 247738.7347. Time: 554.7738 us. Best GFLOPs: 255457.6579
2025-10-10 02:56:34 [INFO] [task_scheduler.cc:131] [Task #0: main] Trial #350: GFLOPs: 238170.8356. Time: 577.0604 us. Best GFLOPs: 255457.6579
2025-10-10 02:56:34 [INFO] [task_scheduler.cc:131] [Task #0: main] Trial #351: GFLOPs: 239830.3235. Time: 573.0675 us. Best GFLOPs: 255457.6579
2025-10-10 02:56:34 [INFO] [task_scheduler.cc:131] [Task #0: main] Trial #352: GFLOPs: 233360.5817. Time: 588.9553 us. Best GFLOPs: 255457.6579
2025-10-10 02:56:34 [INFO] [task_scheduler.cc:131] [Task #0: main] Trial #353: GFLOPs: 237565.1138. Time: 578.5317 us. Best GFLOPs: 255457.6579
2025-10-10 02:56:34 [INFO] [task_scheduler.cc:131] [Task #0: main] Trial #354: GFLOPs: 235649.9643. Time: 583.2335 us. Best GFLOPs: 255457.6579
2025-10-10 02:56:34 [INFO] [task_scheduler.cc:131] [Task #0: main] Trial #355: GFLOPs: 249252.4462. Time: 551.4046 us. Best GFLOPs: 255457.6579
2025-10-10 02:56:34 [INFO] [task_scheduler.cc:131] [Task #0: main] Trial #356: GFLOPs: 253643.2029. Time: 541.8594 us. Best GFLOPs: 255457.6579
2025-10-10 02:56:34 [INFO] [task_scheduler.cc:131] [Task #0: main] Trial #357: GFLOPs: 245272.0792. Time: 560.3530 us. Best GFLOPs: 255457.6579
2025-10-10 02:56:34 [INFO] [task_scheduler.cc:131] [Task #0: main] Trial #358: GFLOPs: 234550.3722. Time: 585.9677 us. Best GFLOPs: 255457.6579
2025-10-10 02:56:34 [INFO] [task_scheduler.cc:131] [Task #0: main] Trial #359: GFLOPs: 236659.4778. Time: 580.7456 us. Best GFLOPs: 255457.6579
2025-10-10 02:56:34 [INFO] [task_scheduler.cc:131] [Task #0: main] Trial #360: GFLOPs: 245947.6206. Time: 558.8139 us. Best GFLOPs: 255457.6579
2025-10-10 02:56:34 [INFO] [task_scheduler.cc:131] [Task #0: main] Trial #361: GFLOPs: 239173.2510. Time: 574.6418 us. Best GFLOPs: 255457.6579
2025-10-10 02:56:34 [INFO] [task_scheduler.cc:131] [Task #0: main] Trial #362: GFLOPs: 240992.6040. Time: 570.3036 us. Best GFLOPs: 255457.6579
2025-10-10 02:56:34 [INFO] [task_scheduler.cc:131] [Task #0: main] Trial #363: GFLOPs: 240774.9009. Time: 570.8193 us. Best GFLOPs: 255457.6579
2025-10-10 02:56:34 [INFO] [task_scheduler.cc:131] [Task #0: main] Trial #364: GFLOPs: 253279.3268. Time: 542.6379 us. Best GFLOPs: 255457.6579
2025-10-10 02:56:34 [INFO] [task_scheduler.cc:131] [Task #0: main] Trial #365: GFLOPs: 238153.2449. Time: 577.1030 us. Best GFLOPs: 255457.6579
2025-10-10 02:56:34 [INFO] [task_scheduler.cc:131] [Task #0: main] Trial #366: GFLOPs: 241610.0669. Time: 568.8461 us. Best GFLOPs: 255457.6579
2025-10-10 02:56:34 [INFO] [task_scheduler.cc:131] [Task #0: main] Trial #367: GFLOPs: 240575.7997. Time: 571.2917 us. Best GFLOPs: 255457.6579
2025-10-10 02:56:34 [INFO] [task_scheduler.cc:131] [Task #0: main] Trial #368: GFLOPs: 243301.4164. Time: 564.8917 us. Best GFLOPs: 255457.6579
2025-10-10 02:56:34 [INFO] [task_scheduler.cc:131] [Task #0: main] Trial #369: GFLOPs: 237328.7453. Time: 579.1079 us. Best GFLOPs: 255457.6579
2025-10-10 02:56:34 [INFO] [task_scheduler.cc:131] [Task #0: main] Trial #370: GFLOPs: 244727.9483. Time: 561.5989 us. Best GFLOPs: 255457.6579
2025-10-10 02:56:34 [INFO] [task_scheduler.cc:131] [Task #0: main] Trial #371: GFLOPs: 246263.6147. Time: 558.0969 us. Best GFLOPs: 255457.6579
2025-10-10 02:56:34 [INFO] [task_scheduler.cc:131] [Task #0: main] Trial #372: GFLOPs: 246141.3114. Time: 558.3742 us. Best GFLOPs: 255457.6579
2025-10-10 02:56:34 [INFO] [task_scheduler.cc:131] [Task #0: main] Trial #373: GFLOPs: 235948.2419. Time: 582.4962 us. Best GFLOPs: 255457.6579
2025-10-10 02:56:34 [INFO] [task_scheduler.cc:131] [Task #0: main] Trial #374: GFLOPs: 234646.3731. Time: 585.7280 us. Best GFLOPs: 255457.6579
2025-10-10 02:56:34 [INFO] [task_scheduler.cc:131] [Task #0: main] Trial #375: GFLOPs: 240674.9365. Time: 571.0564 us. Best GFLOPs: 255457.6579
2025-10-10 02:56:34 [INFO] [task_scheduler.cc:131] [Task #0: main] Trial #376: GFLOPs: 239263.5169. Time: 574.4250 us. Best GFLOPs: 255457.6579
2025-10-10 02:56:34 [INFO] [task_scheduler.cc:131] [Task #0: main] Trial #377: GFLOPs: 230920.3187. Time: 595.1791 us. Best GFLOPs: 255457.6579
2025-10-10 02:56:34 [INFO] [task_scheduler.cc:131] [Task #0: main] Trial #378: GFLOPs: 243040.5054. Time: 565.4981 us. Best GFLOPs: 255457.6579
2025-10-10 02:56:34 [INFO] [task_scheduler.cc:131] [Task #0: main] Trial #379: GFLOPs: 243054.5758. Time: 565.4654 us. Best GFLOPs: 255457.6579
2025-10-10 02:56:34 [INFO] [task_scheduler.cc:131] [Task #0: main] Trial #380: GFLOPs: 245278.0171. Time: 560.3395 us. Best GFLOPs: 255457.6579
2025-10-10 02:56:34 [INFO] [task_scheduler.cc:131] [Task #0: main] Trial #381: GFLOPs: 234217.9712. Time: 586.7994 us. Best GFLOPs: 255457.6579
2025-10-10 02:56:34 [INFO] [task_scheduler.cc:131] [Task #0: main] Trial #382: GFLOPs: 104068.0347. Time: 1320.6644 us. Best GFLOPs: 255457.6579
2025-10-10 02:56:34 [INFO] [task_scheduler.cc:131] [Task #0: main] Trial #383: GFLOPs: 118184.5257. Time: 1162.9183 us. Best GFLOPs: 255457.6579
2025-10-10 02:56:34 [INFO] [task_scheduler.cc:131] [Task #0: main] Trial #384: GFLOPs: 236986.0218. Time: 579.9454 us. Best GFLOPs: 255457.6579
2025-10-10 02:56:34 [INFO] [evolutionary_search.cc:713] Generating candidates......
2025-10-10 02:56:35 [INFO] [evolutionary_search.cc:715] Picked top 102 candidate(s) from database
2025-10-10 02:56:39 [INFO] [evolutionary_search.cc:533] Sample-Init-Population summary:
Postproc #0 [meta_schedule.DisallowDynamicLoop(0x1bb69df8)]: 0 failure(s)
Postproc #1 [meta_schedule.RewriteCooperativeFetch(0x1de2eb98)]: 0 failure(s)
Postproc #2 [meta_schedule.RewriteUnboundBlock(0x1de2c158)]: 0 failure(s)
Postproc #3 [meta_schedule.RewriteParallelVectorizeUnroll(0x1bbf4d28)]: 0 failure(s)
Postproc #4 [meta_schedule.RewriteReductionBlock(0x1c1c6128)]: 0 failure(s)
Postproc #5 [meta_schedule.VerifyGPUCode(0x1de28b58)]: 383 failure(s)
Postproc #6 [meta_schedule.RewriteTensorize(0x1dbcfb78)]: 0 failure(s)
2025-10-10 02:56:43 [INFO] [evolutionary_search.cc:533] Sample-Init-Population summary:
Postproc #0 [meta_schedule.DisallowDynamicLoop(0x1bb69df8)]: 0 failure(s)
Postproc #1 [meta_schedule.RewriteCooperativeFetch(0x1de2eb98)]: 0 failure(s)
Postproc #2 [meta_schedule.RewriteUnboundBlock(0x1de2c158)]: 0 failure(s)
Postproc #3 [meta_schedule.RewriteParallelVectorizeUnroll(0x1bbf4d28)]: 0 failure(s)
Postproc #4 [meta_schedule.RewriteReductionBlock(0x1c1c6128)]: 0 failure(s)
Postproc #5 [meta_schedule.VerifyGPUCode(0x1de28b58)]: 771 failure(s)
Postproc #6 [meta_schedule.RewriteTensorize(0x1dbcfb78)]: 0 failure(s)
2025-10-10 02:56:47 [INFO] [evolutionary_search.cc:533] Sample-Init-Population summary:
Postproc #0 [meta_schedule.DisallowDynamicLoop(0x1bb69df8)]: 0 failure(s)
Postproc #1 [meta_schedule.RewriteCooperativeFetch(0x1de2eb98)]: 0 failure(s)
Postproc #2 [meta_schedule.RewriteUnboundBlock(0x1de2c158)]: 0 failure(s)
Postproc #3 [meta_schedule.RewriteParallelVectorizeUnroll(0x1bbf4d28)]: 0 failure(s)
Postproc #4 [meta_schedule.RewriteReductionBlock(0x1c1c6128)]: 0 failure(s)
Postproc #5 [meta_schedule.VerifyGPUCode(0x1de28b58)]: 1164 failure(s)
Postproc #6 [meta_schedule.RewriteTensorize(0x1dbcfb78)]: 0 failure(s)
2025-10-10 02:56:47 [INFO] [evolutionary_search.cc:723] Sampled 66 candidate(s)
2025-10-10 02:56:54 [INFO] [evolutionary_search.cc:621] Evolve iter #0 done. Summary:
Postproc #0 [meta_schedule.DisallowDynamicLoop(0x1bb69df8)]: 0 failure(s)
Postproc #1 [meta_schedule.RewriteCooperativeFetch(0x1de2eb98)]: 0 failure(s)
Postproc #2 [meta_schedule.RewriteUnboundBlock(0x1de2c158)]: 0 failure(s)
Postproc #3 [meta_schedule.RewriteParallelVectorizeUnroll(0x1bbf4d28)]: 0 failure(s)
Postproc #4 [meta_schedule.RewriteReductionBlock(0x1c1c6128)]: 0 failure(s)
Postproc #5 [meta_schedule.VerifyGPUCode(0x1de28b58)]: 90 failure(s)
Postproc #6 [meta_schedule.RewriteTensorize(0x1dbcfb78)]: 0 failure(s)
2025-10-10 02:57:02 [INFO] [evolutionary_search.cc:621] Evolve iter #1 done. Summary:
Postproc #0 [meta_schedule.DisallowDynamicLoop(0x1bb69df8)]: 0 failure(s)
Postproc #1 [meta_schedule.RewriteCooperativeFetch(0x1de2eb98)]: 0 failure(s)
Postproc #2 [meta_schedule.RewriteUnboundBlock(0x1de2c158)]: 0 failure(s)
Postproc #3 [meta_schedule.RewriteParallelVectorizeUnroll(0x1bbf4d28)]: 0 failure(s)
Postproc #4 [meta_schedule.RewriteReductionBlock(0x1c1c6128)]: 0 failure(s)
Postproc #5 [meta_schedule.VerifyGPUCode(0x1de28b58)]: 92 failure(s)
Postproc #6 [meta_schedule.RewriteTensorize(0x1dbcfb78)]: 0 failure(s)
2025-10-10 02:57:10 [INFO] [evolutionary_search.cc:621] Evolve iter #2 done. Summary:
Postproc #0 [meta_schedule.DisallowDynamicLoop(0x1bb69df8)]: 0 failure(s)
Postproc #1 [meta_schedule.RewriteCooperativeFetch(0x1de2eb98)]: 0 failure(s)
Postproc #2 [meta_schedule.RewriteUnboundBlock(0x1de2c158)]: 0 failure(s)
Postproc #3 [meta_schedule.RewriteParallelVectorizeUnroll(0x1bbf4d28)]: 0 failure(s)
Postproc #4 [meta_schedule.RewriteReductionBlock(0x1c1c6128)]: 0 failure(s)
Postproc #5 [meta_schedule.VerifyGPUCode(0x1de28b58)]: 99 failure(s)
Postproc #6 [meta_schedule.RewriteTensorize(0x1dbcfb78)]: 0 failure(s)
2025-10-10 02:57:18 [INFO] [evolutionary_search.cc:621] Evolve iter #3 done. Summary:
Postproc #0 [meta_schedule.DisallowDynamicLoop(0x1bb69df8)]: 0 failure(s)
Postproc #1 [meta_schedule.RewriteCooperativeFetch(0x1de2eb98)]: 0 failure(s)
Postproc #2 [meta_schedule.RewriteUnboundBlock(0x1de2c158)]: 0 failure(s)
Postproc #3 [meta_schedule.RewriteParallelVectorizeUnroll(0x1bbf4d28)]: 0 failure(s)
Postproc #4 [meta_schedule.RewriteReductionBlock(0x1c1c6128)]: 0 failure(s)
Postproc #5 [meta_schedule.VerifyGPUCode(0x1de28b58)]: 107 failure(s)
Postproc #6 [meta_schedule.RewriteTensorize(0x1dbcfb78)]: 0 failure(s)
2025-10-10 02:57:20 [INFO] [evolutionary_search.cc:649] Scores of the best 64 candidates:
[1 : 16]:	0.9546  0.9520  0.9520  0.9520  0.9513  0.9513  0.9513  0.9500  0.9500  0.9500  0.9498  0.9498  0.9498  0.9498  0.9457  0.9457
[17 : 32]:	0.9457  0.9457  0.9455  0.9455  0.9447  0.9447  0.9447  0.9447  0.9435  0.9435  0.9435  0.9435  0.9416  0.9409  0.9409  0.9404
[33 : 48]:	0.9394  0.9394  0.9394  0.9385  0.9385  0.9385  0.9384  0.9379  0.9379  0.9372  0.9372  0.9372  0.9372  0.9370  0.9370  0.9330
[49 : 64]:	0.9330  0.9326  0.9326  0.9326  0.9319  0.9319  0.9318  0.9318  0.9318  0.9318  0.9318  0.9318  0.9309  0.9309  0.9309  0.9307
2025-10-10 02:57:21 [INFO] [evolutionary_search.cc:727] Got 64 candidate(s) with evolutionary search
2025-10-10 02:57:21 [INFO] [evolutionary_search.cc:730] Sending 64 candidates(s) for measurement
2025-10-10 02:58:48 [INFO] [task_scheduler.cc:131] [Task #0: main] Trial #385: GFLOPs: 232938.3878. Time: 590.0228 us. Best GFLOPs: 255457.6579
2025-10-10 02:58:48 [INFO] [task_scheduler.cc:131] [Task #0: main] Trial #386: GFLOPs: 239332.4291. Time: 574.2596 us. Best GFLOPs: 255457.6579
2025-10-10 02:58:48 [INFO] [task_scheduler.cc:131] [Task #0: main] Trial #387: GFLOPs: 252319.5513. Time: 544.7020 us. Best GFLOPs: 255457.6579
2025-10-10 02:58:48 [INFO] [task_scheduler.cc:131] [Task #0: main] Trial #388: GFLOPs: 237865.6455. Time: 577.8008 us. Best GFLOPs: 255457.6579
2025-10-10 02:58:48 [INFO] [task_scheduler.cc:131] [Task #0: main] Trial #389: GFLOPs: 241970.5826. Time: 567.9986 us. Best GFLOPs: 255457.6579
2025-10-10 02:58:48 [INFO] [task_scheduler.cc:131] [Task #0: main] Trial #390: GFLOPs: 239575.4187. Time: 573.6772 us. Best GFLOPs: 255457.6579
2025-10-10 02:58:48 [INFO] [task_scheduler.cc:131] [Task #0: main] Trial #391: GFLOPs: 236148.0536. Time: 582.0033 us. Best GFLOPs: 255457.6579
2025-10-10 02:58:48 [INFO] [task_scheduler.cc:131] [Task #0: main] Trial #392: GFLOPs: 237555.8088. Time: 578.5544 us. Best GFLOPs: 255457.6579
2025-10-10 02:58:48 [INFO] [task_scheduler.cc:131] [Task #0: main] Trial #393: GFLOPs: 238067.2510. Time: 577.3115 us. Best GFLOPs: 255457.6579
2025-10-10 02:58:48 [INFO] [task_scheduler.cc:131] [Task #0: main] Trial #394: GFLOPs: 242060.9625. Time: 567.7865 us. Best GFLOPs: 255457.6579
2025-10-10 02:58:48 [INFO] [task_scheduler.cc:131] [Task #0: main] Trial #395: GFLOPs: 234130.9378. Time: 587.0175 us. Best GFLOPs: 255457.6579
2025-10-10 02:58:48 [INFO] [task_scheduler.cc:131] [Task #0: main] Trial #396: GFLOPs: 240512.5962. Time: 571.4418 us. Best GFLOPs: 255457.6579
2025-10-10 02:58:48 [INFO] [task_scheduler.cc:131] [Task #0: main] Trial #397: GFLOPs: 238095.3130. Time: 577.2434 us. Best GFLOPs: 255457.6579
2025-10-10 02:58:48 [INFO] [task_scheduler.cc:131] [Task #0: main] Trial #398: GFLOPs: 236635.9671. Time: 580.8033 us. Best GFLOPs: 255457.6579
2025-10-10 02:58:48 [INFO] [task_scheduler.cc:131] [Task #0: main] Trial #399: GFLOPs: 237433.4402. Time: 578.8526 us. Best GFLOPs: 255457.6579
2025-10-10 02:58:48 [INFO] [task_scheduler.cc:131] [Task #0: main] Trial #400: GFLOPs: 241065.8205. Time: 570.1304 us. Best GFLOPs: 255457.6579
2025-10-10 02:58:48 [INFO] [task_scheduler.cc:131] [Task #0: main] Trial #401: GFLOPs: 241611.2417. Time: 568.8434 us. Best GFLOPs: 255457.6579
2025-10-10 02:58:48 [INFO] [task_scheduler.cc:131] [Task #0: main] Trial #402: GFLOPs: 241630.8936. Time: 568.7971 us. Best GFLOPs: 255457.6579
2025-10-10 02:58:48 [INFO] [task_scheduler.cc:131] [Task #0: main] Trial #403: GFLOPs: 244677.2959. Time: 561.7152 us. Best GFLOPs: 255457.6579
2025-10-10 02:58:48 [INFO] [task_scheduler.cc:131] [Task #0: main] Trial #404: GFLOPs: 248536.1872. Time: 552.9937 us. Best GFLOPs: 255457.6579
2025-10-10 02:58:48 [INFO] [task_scheduler.cc:131] [Task #0: main] Trial #405: GFLOPs: 243105.7515. Time: 565.3464 us. Best GFLOPs: 255457.6579
2025-10-10 02:58:48 [INFO] [task_scheduler.cc:131] [Task #0: main] Trial #406: GFLOPs: 251160.0125. Time: 547.2167 us. Best GFLOPs: 255457.6579
2025-10-10 02:58:48 [INFO] [task_scheduler.cc:131] [Task #0: main] Trial #407: GFLOPs: 253170.7259. Time: 542.8706 us. Best GFLOPs: 255457.6579
2025-10-10 02:58:48 [INFO] [task_scheduler.cc:131] [Task #0: main] Trial #408: GFLOPs: 237794.3280. Time: 577.9741 us. Best GFLOPs: 255457.6579
2025-10-10 02:58:48 [INFO] [task_scheduler.cc:131] [Task #0: main] Trial #409: GFLOPs: 237946.2200. Time: 577.6051 us. Best GFLOPs: 255457.6579
2025-10-10 02:58:48 [INFO] [task_scheduler.cc:131] [Task #0: main] Trial #410: GFLOPs: 247760.8924. Time: 554.7242 us. Best GFLOPs: 255457.6579
2025-10-10 02:58:48 [INFO] [task_scheduler.cc:131] [Task #0: main] Trial #411: GFLOPs: 244329.2171. Time: 562.5154 us. Best GFLOPs: 255457.6579
2025-10-10 02:58:48 [INFO] [task_scheduler.cc:131] [Task #0: main] Trial #412: GFLOPs: 251960.8834. Time: 545.4773 us. Best GFLOPs: 255457.6579
2025-10-10 02:58:48 [INFO] [task_scheduler.cc:131] [Task #0: main] Trial #413: GFLOPs: 232670.2294. Time: 590.7028 us. Best GFLOPs: 255457.6579
2025-10-10 02:58:48 [INFO] [task_scheduler.cc:131] [Task #0: main] Trial #414: GFLOPs: 237755.5900. Time: 578.0682 us. Best GFLOPs: 255457.6579
2025-10-10 02:58:48 [INFO] [task_scheduler.cc:131] [Task #0: main] Trial #415: GFLOPs: 247779.0758. Time: 554.6835 us. Best GFLOPs: 255457.6579
2025-10-10 02:58:48 [INFO] [task_scheduler.cc:131] [Task #0: main] Trial #416: GFLOPs: 233187.4673. Time: 589.3925 us. Best GFLOPs: 255457.6579
2025-10-10 02:58:48 [INFO] [task_scheduler.cc:131] [Task #0: main] Trial #417: GFLOPs: 234750.7152. Time: 585.4677 us. Best GFLOPs: 255457.6579
2025-10-10 02:58:48 [INFO] [task_scheduler.cc:131] [Task #0: main] Trial #418: GFLOPs: 234839.8397. Time: 585.2455 us. Best GFLOPs: 255457.6579
2025-10-10 02:58:48 [INFO] [task_scheduler.cc:131] [Task #0: main] Trial #419: GFLOPs: 238986.5651. Time: 575.0907 us. Best GFLOPs: 255457.6579
2025-10-10 02:58:48 [INFO] [task_scheduler.cc:131] [Task #0: main] Trial #420: GFLOPs: 244202.4961. Time: 562.8073 us. Best GFLOPs: 255457.6579
2025-10-10 02:58:48 [INFO] [task_scheduler.cc:131] [Task #0: main] Trial #421: GFLOPs: 239894.5649. Time: 572.9140 us. Best GFLOPs: 255457.6579
2025-10-10 02:58:48 [INFO] [task_scheduler.cc:131] [Task #0: main] Trial #422: GFLOPs: 230785.8425. Time: 595.5259 us. Best GFLOPs: 255457.6579
2025-10-10 02:58:48 [INFO] [task_scheduler.cc:131] [Task #0: main] Trial #423: GFLOPs: 238311.8929. Time: 576.7188 us. Best GFLOPs: 255457.6579
2025-10-10 02:58:48 [INFO] [task_scheduler.cc:131] [Task #0: main] Trial #424: GFLOPs: 240502.2605. Time: 571.4664 us. Best GFLOPs: 255457.6579
2025-10-10 02:58:48 [INFO] [task_scheduler.cc:131] [Task #0: main] Trial #425: GFLOPs: 244010.8383. Time: 563.2494 us. Best GFLOPs: 255457.6579
2025-10-10 02:58:48 [INFO] [task_scheduler.cc:131] [Task #0: main] Trial #426: GFLOPs: 241656.9364. Time: 568.7358 us. Best GFLOPs: 255457.6579
2025-10-10 02:58:48 [INFO] [task_scheduler.cc:131] [Task #0: main] Trial #427: GFLOPs: 234570.1347. Time: 585.9184 us. Best GFLOPs: 255457.6579
2025-10-10 02:58:48 [INFO] [task_scheduler.cc:131] [Task #0: main] Trial #428: GFLOPs: 237864.0667. Time: 577.8046 us. Best GFLOPs: 255457.6579
2025-10-10 02:58:48 [INFO] [task_scheduler.cc:131] [Task #0: main] Trial #429: GFLOPs: 239344.7626. Time: 574.2300 us. Best GFLOPs: 255457.6579
2025-10-10 02:58:48 [INFO] [task_scheduler.cc:131] [Task #0: main] Trial #430: GFLOPs: 234320.5754. Time: 586.5424 us. Best GFLOPs: 255457.6579
2025-10-10 02:58:48 [INFO] [task_scheduler.cc:131] [Task #0: main] Trial #431: GFLOPs: 243317.7499. Time: 564.8538 us. Best GFLOPs: 255457.6579
2025-10-10 02:58:48 [INFO] [task_scheduler.cc:131] [Task #0: main] Trial #432: GFLOPs: 242327.6423. Time: 567.1617 us. Best GFLOPs: 255457.6579
2025-10-10 02:58:48 [INFO] [task_scheduler.cc:131] [Task #0: main] Trial #433: GFLOPs: 247209.7953. Time: 555.9608 us. Best GFLOPs: 255457.6579
2025-10-10 02:58:48 [INFO] [task_scheduler.cc:131] [Task #0: main] Trial #434: GFLOPs: 220524.0623. Time: 623.2379 us. Best GFLOPs: 255457.6579
2025-10-10 02:58:48 [INFO] [task_scheduler.cc:131] [Task #0: main] Trial #435: GFLOPs: 239624.8775. Time: 573.5588 us. Best GFLOPs: 255457.6579
2025-10-10 02:58:48 [INFO] [task_scheduler.cc:131] [Task #0: main] Trial #436: GFLOPs: 236011.6531. Time: 582.3397 us. Best GFLOPs: 255457.6579
2025-10-10 02:58:48 [INFO] [task_scheduler.cc:131] [Task #0: main] Trial #437: GFLOPs: 232484.0289. Time: 591.1759 us. Best GFLOPs: 255457.6579
2025-10-10 02:58:48 [INFO] [task_scheduler.cc:131] [Task #0: main] Trial #438: GFLOPs: 221658.6165. Time: 620.0479 us. Best GFLOPs: 255457.6579
2025-10-10 02:58:48 [INFO] [task_scheduler.cc:131] [Task #0: main] Trial #439: GFLOPs: 238852.2679. Time: 575.4141 us. Best GFLOPs: 255457.6579
2025-10-10 02:58:48 [INFO] [task_scheduler.cc:131] [Task #0: main] Trial #440: GFLOPs: 234328.5898. Time: 586.5223 us. Best GFLOPs: 255457.6579
2025-10-10 02:58:48 [INFO] [task_scheduler.cc:131] [Task #0: main] Trial #441: GFLOPs: 242667.8257. Time: 566.3666 us. Best GFLOPs: 255457.6579
2025-10-10 02:58:48 [INFO] [task_scheduler.cc:131] [Task #0: main] Trial #442: GFLOPs: 233590.8058. Time: 588.3748 us. Best GFLOPs: 255457.6579
2025-10-10 02:58:48 [INFO] [task_scheduler.cc:131] [Task #0: main] Trial #443: GFLOPs: 231582.2944. Time: 593.4778 us. Best GFLOPs: 255457.6579
2025-10-10 02:58:48 [INFO] [task_scheduler.cc:131] [Task #0: main] Trial #444: GFLOPs: 241971.3030. Time: 567.9969 us. Best GFLOPs: 255457.6579
2025-10-10 02:58:48 [INFO] [task_scheduler.cc:131] [Task #0: main] Trial #445: GFLOPs: 246686.3934. Time: 557.1404 us. Best GFLOPs: 255457.6579
2025-10-10 02:58:48 [INFO] [task_scheduler.cc:131] [Task #0: main] Trial #446: GFLOPs: 19622.4749. Time: 7004.1600 us. Best GFLOPs: 255457.6579
2025-10-10 02:58:48 [INFO] [task_scheduler.cc:131] [Task #0: main] Trial #447: GFLOPs: 66739.7942. Time: 2059.3254 us. Best GFLOPs: 255457.6579
2025-10-10 02:58:48 [INFO] [task_scheduler.cc:131] [Task #0: main] Trial #448: GFLOPs: 58873.7846. Time: 2334.4678 us. Best GFLOPs: 255457.6579
2025-10-10 02:58:48 [INFO] [evolutionary_search.cc:713] Generating candidates......
2025-10-10 02:58:50 [INFO] [evolutionary_search.cc:715] Picked top 102 candidate(s) from database
2025-10-10 02:58:54 [INFO] [evolutionary_search.cc:533] Sample-Init-Population summary:
Postproc #0 [meta_schedule.DisallowDynamicLoop(0x1bb69df8)]: 0 failure(s)
Postproc #1 [meta_schedule.RewriteCooperativeFetch(0x1de2eb98)]: 0 failure(s)
Postproc #2 [meta_schedule.RewriteUnboundBlock(0x1de2c158)]: 0 failure(s)
Postproc #3 [meta_schedule.RewriteParallelVectorizeUnroll(0x1bbf4d28)]: 0 failure(s)
Postproc #4 [meta_schedule.RewriteReductionBlock(0x1c1c6128)]: 0 failure(s)
Postproc #5 [meta_schedule.VerifyGPUCode(0x1de28b58)]: 376 failure(s)
Postproc #6 [meta_schedule.RewriteTensorize(0x1dbcfb78)]: 0 failure(s)
2025-10-10 02:58:57 [INFO] [evolutionary_search.cc:533] Sample-Init-Population summary:
Postproc #0 [meta_schedule.DisallowDynamicLoop(0x1bb69df8)]: 0 failure(s)
Postproc #1 [meta_schedule.RewriteCooperativeFetch(0x1de2eb98)]: 0 failure(s)
Postproc #2 [meta_schedule.RewriteUnboundBlock(0x1de2c158)]: 0 failure(s)
Postproc #3 [meta_schedule.RewriteParallelVectorizeUnroll(0x1bbf4d28)]: 0 failure(s)
Postproc #4 [meta_schedule.RewriteReductionBlock(0x1c1c6128)]: 0 failure(s)
Postproc #5 [meta_schedule.VerifyGPUCode(0x1de28b58)]: 764 failure(s)
Postproc #6 [meta_schedule.RewriteTensorize(0x1dbcfb78)]: 0 failure(s)
2025-10-10 02:58:57 [INFO] [evolutionary_search.cc:723] Sampled 56 candidate(s)
2025-10-10 02:59:04 [INFO] [evolutionary_search.cc:621] Evolve iter #0 done. Summary:
Postproc #0 [meta_schedule.DisallowDynamicLoop(0x1bb69df8)]: 0 failure(s)
Postproc #1 [meta_schedule.RewriteCooperativeFetch(0x1de2eb98)]: 0 failure(s)
Postproc #2 [meta_schedule.RewriteUnboundBlock(0x1de2c158)]: 0 failure(s)
Postproc #3 [meta_schedule.RewriteParallelVectorizeUnroll(0x1bbf4d28)]: 0 failure(s)
Postproc #4 [meta_schedule.RewriteReductionBlock(0x1c1c6128)]: 0 failure(s)
Postproc #5 [meta_schedule.VerifyGPUCode(0x1de28b58)]: 105 failure(s)
Postproc #6 [meta_schedule.RewriteTensorize(0x1dbcfb78)]: 0 failure(s)
2025-10-10 02:59:13 [INFO] [evolutionary_search.cc:621] Evolve iter #1 done. Summary:
Postproc #0 [meta_schedule.DisallowDynamicLoop(0x1bb69df8)]: 0 failure(s)
Postproc #1 [meta_schedule.RewriteCooperativeFetch(0x1de2eb98)]: 0 failure(s)
Postproc #2 [meta_schedule.RewriteUnboundBlock(0x1de2c158)]: 0 failure(s)
Postproc #3 [meta_schedule.RewriteParallelVectorizeUnroll(0x1bbf4d28)]: 0 failure(s)
Postproc #4 [meta_schedule.RewriteReductionBlock(0x1c1c6128)]: 0 failure(s)
Postproc #5 [meta_schedule.VerifyGPUCode(0x1de28b58)]: 100 failure(s)
Postproc #6 [meta_schedule.RewriteTensorize(0x1dbcfb78)]: 0 failure(s)
2025-10-10 02:59:21 [INFO] [evolutionary_search.cc:621] Evolve iter #2 done. Summary:
Postproc #0 [meta_schedule.DisallowDynamicLoop(0x1bb69df8)]: 0 failure(s)
Postproc #1 [meta_schedule.RewriteCooperativeFetch(0x1de2eb98)]: 0 failure(s)
Postproc #2 [meta_schedule.RewriteUnboundBlock(0x1de2c158)]: 0 failure(s)
Postproc #3 [meta_schedule.RewriteParallelVectorizeUnroll(0x1bbf4d28)]: 0 failure(s)
Postproc #4 [meta_schedule.RewriteReductionBlock(0x1c1c6128)]: 0 failure(s)
Postproc #5 [meta_schedule.VerifyGPUCode(0x1de28b58)]: 97 failure(s)
Postproc #6 [meta_schedule.RewriteTensorize(0x1dbcfb78)]: 0 failure(s)
2025-10-10 02:59:29 [INFO] [evolutionary_search.cc:621] Evolve iter #3 done. Summary:
Postproc #0 [meta_schedule.DisallowDynamicLoop(0x1bb69df8)]: 0 failure(s)
Postproc #1 [meta_schedule.RewriteCooperativeFetch(0x1de2eb98)]: 0 failure(s)
Postproc #2 [meta_schedule.RewriteUnboundBlock(0x1de2c158)]: 0 failure(s)
Postproc #3 [meta_schedule.RewriteParallelVectorizeUnroll(0x1bbf4d28)]: 0 failure(s)
Postproc #4 [meta_schedule.RewriteReductionBlock(0x1c1c6128)]: 0 failure(s)
Postproc #5 [meta_schedule.VerifyGPUCode(0x1de28b58)]: 113 failure(s)
Postproc #6 [meta_schedule.RewriteTensorize(0x1dbcfb78)]: 0 failure(s)
2025-10-10 02:59:31 [INFO] [evolutionary_search.cc:649] Scores of the best 64 candidates:
[1 : 16]:	0.9496  0.9496  0.9496  0.9496  0.9496  0.9471  0.9471  0.9471  0.9471  0.9471  0.9471  0.9471  0.9471  0.9471  0.9459  0.9459
[17 : 32]:	0.9459  0.9459  0.9456  0.9456  0.9456  0.9456  0.9456  0.9433  0.9433  0.9433  0.9433  0.9433  0.9433  0.9433  0.9433  0.9433
[33 : 48]:	0.9433  0.9422  0.9419  0.9419  0.9419  0.9419  0.9419  0.9419  0.9392  0.9392  0.9392  0.9366  0.9366  0.9366  0.9366  0.9366
[49 : 64]:	0.9366  0.9366  0.9366  0.9366  0.9366  0.9357  0.9352  0.9352  0.9352  0.9352  0.9352  0.9352  0.9348  0.9348  0.9328  0.9328
2025-10-10 02:59:31 [INFO] [evolutionary_search.cc:727] Got 64 candidate(s) with evolutionary search
2025-10-10 02:59:32 [INFO] [evolutionary_search.cc:730] Sending 64 candidates(s) for measurement
2025-10-10 03:00:58 [INFO] [task_scheduler.cc:131] [Task #0: main] Trial #449: GFLOPs: 235481.5809. Time: 583.6505 us. Best GFLOPs: 255457.6579
2025-10-10 03:00:58 [INFO] [task_scheduler.cc:131] [Task #0: main] Trial #450: GFLOPs: 247180.6199. Time: 556.0264 us. Best GFLOPs: 255457.6579
2025-10-10 03:00:58 [INFO] [task_scheduler.cc:131] [Task #0: main] Trial #451: GFLOPs: 244720.1194. Time: 561.6169 us. Best GFLOPs: 255457.6579
2025-10-10 03:00:58 [INFO] [task_scheduler.cc:131] [Task #0: main] Trial #452: GFLOPs: 246238.6722. Time: 558.1534 us. Best GFLOPs: 255457.6579
2025-10-10 03:00:58 [INFO] [task_scheduler.cc:131] [Task #0: main] Trial #453: GFLOPs: 247947.5805. Time: 554.3065 us. Best GFLOPs: 255457.6579
2025-10-10 03:00:58 [INFO] [task_scheduler.cc:131] [Task #0: main] Trial #454: GFLOPs: 241963.5532. Time: 568.0151 us. Best GFLOPs: 255457.6579
2025-10-10 03:00:58 [INFO] [task_scheduler.cc:131] [Task #0: main] Trial #455: GFLOPs: 238866.2477. Time: 575.3804 us. Best GFLOPs: 255457.6579
2025-10-10 03:00:58 [INFO] [task_scheduler.cc:131] [Task #0: main] Trial #456: GFLOPs: 236514.2655. Time: 581.1022 us. Best GFLOPs: 255457.6579
2025-10-10 03:00:58 [INFO] [task_scheduler.cc:131] [Task #0: main] Trial #457: GFLOPs: 240885.9239. Time: 570.5562 us. Best GFLOPs: 255457.6579
2025-10-10 03:00:58 [INFO] [task_scheduler.cc:131] [Task #0: main] Trial #458: GFLOPs: 235312.6800. Time: 584.0695 us. Best GFLOPs: 255457.6579
2025-10-10 03:00:58 [INFO] [task_scheduler.cc:131] [Task #0: main] Trial #459: GFLOPs: 237441.3768. Time: 578.8332 us. Best GFLOPs: 255457.6579
2025-10-10 03:00:58 [INFO] [task_scheduler.cc:131] [Task #0: main] Trial #460: GFLOPs: 245219.5337. Time: 560.4731 us. Best GFLOPs: 255457.6579
2025-10-10 03:00:58 [INFO] [task_scheduler.cc:131] [Task #0: main] Trial #461: GFLOPs: 244635.9925. Time: 561.8100 us. Best GFLOPs: 255457.6579
2025-10-10 03:00:58 [INFO] [task_scheduler.cc:131] [Task #0: main] Trial #462: GFLOPs: 237827.1164. Time: 577.8944 us. Best GFLOPs: 255457.6579
2025-10-10 03:00:58 [INFO] [task_scheduler.cc:131] [Task #0: main] Trial #463: GFLOPs: 240491.9403. Time: 571.4909 us. Best GFLOPs: 255457.6579
2025-10-10 03:00:58 [INFO] [task_scheduler.cc:131] [Task #0: main] Trial #464: GFLOPs: 241410.6944. Time: 569.3159 us. Best GFLOPs: 255457.6579
2025-10-10 03:00:58 [INFO] [task_scheduler.cc:131] [Task #0: main] Trial #465: GFLOPs: 234826.5595. Time: 585.2786 us. Best GFLOPs: 255457.6579
2025-10-10 03:00:58 [INFO] [task_scheduler.cc:131] [Task #0: main] Trial #466: GFLOPs: 240893.7428. Time: 570.5377 us. Best GFLOPs: 255457.6579
2025-10-10 03:00:58 [INFO] [task_scheduler.cc:131] [Task #0: main] Trial #467: GFLOPs: 245370.6249. Time: 560.1280 us. Best GFLOPs: 255457.6579
2025-10-10 03:00:58 [INFO] [task_scheduler.cc:131] [Task #0: main] Trial #468: GFLOPs: 234136.0564. Time: 587.0046 us. Best GFLOPs: 255457.6579
2025-10-10 03:00:58 [INFO] [task_scheduler.cc:131] [Task #0: main] Trial #469: GFLOPs: 242442.0170. Time: 566.8941 us. Best GFLOPs: 255457.6579
2025-10-10 03:00:58 [INFO] [task_scheduler.cc:131] [Task #0: main] Trial #470: GFLOPs: 238078.4242. Time: 577.2844 us. Best GFLOPs: 255457.6579
2025-10-10 03:00:58 [INFO] [task_scheduler.cc:131] [Task #0: main] Trial #471: GFLOPs: 241845.5923. Time: 568.2922 us. Best GFLOPs: 255457.6579
2025-10-10 03:00:58 [INFO] [task_scheduler.cc:131] [Task #0: main] Trial #472: GFLOPs: 246909.7804. Time: 556.6363 us. Best GFLOPs: 255457.6579
2025-10-10 03:00:58 [INFO] [task_scheduler.cc:131] [Task #0: main] Trial #473: GFLOPs: 240702.6733. Time: 570.9906 us. Best GFLOPs: 255457.6579
2025-10-10 03:00:58 [INFO] [task_scheduler.cc:131] [Task #0: main] Trial #474: GFLOPs: 243126.7680. Time: 565.2975 us. Best GFLOPs: 255457.6579
2025-10-10 03:00:58 [INFO] [task_scheduler.cc:131] [Task #0: main] Trial #475: GFLOPs: 246438.4472. Time: 557.7009 us. Best GFLOPs: 255457.6579
2025-10-10 03:00:58 [INFO] [task_scheduler.cc:131] [Task #0: main] Trial #476: GFLOPs: 253647.1446. Time: 541.8510 us. Best GFLOPs: 255457.6579
2025-10-10 03:00:58 [INFO] [task_scheduler.cc:131] [Task #0: main] Trial #477: GFLOPs: 235402.8594. Time: 583.8457 us. Best GFLOPs: 255457.6579
2025-10-10 03:00:58 [INFO] [task_scheduler.cc:131] [Task #0: main] Trial #478: GFLOPs: 248799.2459. Time: 552.4090 us. Best GFLOPs: 255457.6579
2025-10-10 03:00:58 [INFO] [task_scheduler.cc:131] [Task #0: main] Trial #479: GFLOPs: 252186.4784. Time: 544.9894 us. Best GFLOPs: 255457.6579
2025-10-10 03:00:58 [INFO] [task_scheduler.cc:131] [Task #0: main] Trial #480: GFLOPs: 243809.2128. Time: 563.7152 us. Best GFLOPs: 255457.6579
2025-10-10 03:00:58 [INFO] [task_scheduler.cc:131] [Task #0: main] Trial #481: GFLOPs: 240003.6386. Time: 572.6536 us. Best GFLOPs: 255457.6579
2025-10-10 03:00:58 [INFO] [task_scheduler.cc:131] [Task #0: main] Trial #482: GFLOPs: 235432.5617. Time: 583.7721 us. Best GFLOPs: 255457.6579
2025-10-10 03:00:58 [INFO] [task_scheduler.cc:131] [Task #0: main] Trial #483: GFLOPs: 235094.1258. Time: 584.6125 us. Best GFLOPs: 255457.6579
2025-10-10 03:00:58 [INFO] [task_scheduler.cc:131] [Task #0: main] Trial #484: GFLOPs: 235594.3903. Time: 583.3711 us. Best GFLOPs: 255457.6579
2025-10-10 03:00:58 [INFO] [task_scheduler.cc:131] [Task #0: main] Trial #485: GFLOPs: 242767.3369. Time: 566.1345 us. Best GFLOPs: 255457.6579
2025-10-10 03:00:58 [INFO] [task_scheduler.cc:131] [Task #0: main] Trial #486: GFLOPs: 239493.6817. Time: 573.8730 us. Best GFLOPs: 255457.6579
2025-10-10 03:00:58 [INFO] [task_scheduler.cc:131] [Task #0: main] Trial #487: GFLOPs: 241387.1401. Time: 569.3715 us. Best GFLOPs: 255457.6579
2025-10-10 03:00:58 [INFO] [task_scheduler.cc:131] [Task #0: main] Trial #488: GFLOPs: 234823.6455. Time: 585.2858 us. Best GFLOPs: 255457.6579
2025-10-10 03:00:58 [INFO] [task_scheduler.cc:131] [Task #0: main] Trial #489: GFLOPs: 241506.1550. Time: 569.0909 us. Best GFLOPs: 255457.6579
2025-10-10 03:00:58 [INFO] [task_scheduler.cc:131] [Task #0: main] Trial #490: GFLOPs: 238630.2727. Time: 575.9494 us. Best GFLOPs: 255457.6579
2025-10-10 03:00:58 [INFO] [task_scheduler.cc:131] [Task #0: main] Trial #491: GFLOPs: 238314.1191. Time: 576.7134 us. Best GFLOPs: 255457.6579
2025-10-10 03:00:58 [INFO] [task_scheduler.cc:131] [Task #0: main] Trial #492: GFLOPs: 234462.1489. Time: 586.1882 us. Best GFLOPs: 255457.6579
2025-10-10 03:00:58 [INFO] [task_scheduler.cc:131] [Task #0: main] Trial #493: GFLOPs: 235388.0757. Time: 583.8824 us. Best GFLOPs: 255457.6579
2025-10-10 03:00:58 [INFO] [task_scheduler.cc:131] [Task #0: main] Trial #494: GFLOPs: 238660.7080. Time: 575.8759 us. Best GFLOPs: 255457.6579
2025-10-10 03:00:58 [INFO] [task_scheduler.cc:131] [Task #0: main] Trial #495: GFLOPs: 237041.6721. Time: 579.8092 us. Best GFLOPs: 255457.6579
2025-10-10 03:00:58 [INFO] [task_scheduler.cc:131] [Task #0: main] Trial #496: GFLOPs: 244171.9094. Time: 562.8778 us. Best GFLOPs: 255457.6579
2025-10-10 03:00:58 [INFO] [task_scheduler.cc:131] [Task #0: main] Trial #497: GFLOPs: 233308.6547. Time: 589.0864 us. Best GFLOPs: 255457.6579
2025-10-10 03:00:58 [INFO] [task_scheduler.cc:131] [Task #0: main] Trial #498: GFLOPs: 233214.8336. Time: 589.3234 us. Best GFLOPs: 255457.6579
2025-10-10 03:00:58 [INFO] [task_scheduler.cc:131] [Task #0: main] Trial #499: GFLOPs: 236070.2999. Time: 582.1950 us. Best GFLOPs: 255457.6579
2025-10-10 03:00:58 [INFO] [task_scheduler.cc:131] [Task #0: main] Trial #500: GFLOPs: 248150.7831. Time: 553.8526 us. Best GFLOPs: 255457.6579
2025-10-10 03:00:58 [INFO] [task_scheduler.cc:131] [Task #0: main] Trial #501: GFLOPs: 238410.2359. Time: 576.4809 us. Best GFLOPs: 255457.6579
2025-10-10 03:00:58 [INFO] [task_scheduler.cc:131] [Task #0: main] Trial #502: GFLOPs: 236703.8362. Time: 580.6368 us. Best GFLOPs: 255457.6579
2025-10-10 03:00:58 [INFO] [task_scheduler.cc:131] [Task #0: main] Trial #503: GFLOPs: 234292.9976. Time: 586.6114 us. Best GFLOPs: 255457.6579
2025-10-10 03:00:58 [INFO] [task_scheduler.cc:131] [Task #0: main] Trial #504: GFLOPs: 233472.3158. Time: 588.6734 us. Best GFLOPs: 255457.6579
2025-10-10 03:00:58 [INFO] [task_scheduler.cc:131] [Task #0: main] Trial #505: GFLOPs: 237622.1089. Time: 578.3930 us. Best GFLOPs: 255457.6579
2025-10-10 03:00:58 [INFO] [task_scheduler.cc:131] [Task #0: main] Trial #506: GFLOPs: 234263.6838. Time: 586.6848 us. Best GFLOPs: 255457.6579
2025-10-10 03:00:58 [INFO] [task_scheduler.cc:131] [Task #0: main] Trial #507: GFLOPs: 233734.3032. Time: 588.0136 us. Best GFLOPs: 255457.6579
2025-10-10 03:00:58 [INFO] [task_scheduler.cc:131] [Task #0: main] Trial #508: GFLOPs: 234746.0850. Time: 585.4792 us. Best GFLOPs: 255457.6579
2025-10-10 03:00:58 [INFO] [task_scheduler.cc:131] [Task #0: main] Trial #509: GFLOPs: 240059.6367. Time: 572.5200 us. Best GFLOPs: 255457.6579
2025-10-10 03:00:58 [INFO] [task_scheduler.cc:131] [Task #0: main] Trial #510: GFLOPs: 126281.2274. Time: 1088.3562 us. Best GFLOPs: 255457.6579
2025-10-10 03:00:58 [INFO] [task_scheduler.cc:131] [Task #0: main] Trial #511: GFLOPs: 66702.5251. Time: 2060.4760 us. Best GFLOPs: 255457.6579
2025-10-10 03:00:58 [INFO] [task_scheduler.cc:131] [Task #0: main] Trial #512: GFLOPs: 67965.9155. Time: 2022.1747 us. Best GFLOPs: 255457.6579
2025-10-10 03:00:58 [INFO] [evolutionary_search.cc:713] Generating candidates......
2025-10-10 03:00:59 [INFO] [evolutionary_search.cc:715] Picked top 102 candidate(s) from database
2025-10-10 03:01:03 [INFO] [evolutionary_search.cc:533] Sample-Init-Population summary:
Postproc #0 [meta_schedule.DisallowDynamicLoop(0x1bb69df8)]: 0 failure(s)
Postproc #1 [meta_schedule.RewriteCooperativeFetch(0x1de2eb98)]: 0 failure(s)
Postproc #2 [meta_schedule.RewriteUnboundBlock(0x1de2c158)]: 0 failure(s)
Postproc #3 [meta_schedule.RewriteParallelVectorizeUnroll(0x1bbf4d28)]: 0 failure(s)
Postproc #4 [meta_schedule.RewriteReductionBlock(0x1c1c6128)]: 0 failure(s)
Postproc #5 [meta_schedule.VerifyGPUCode(0x1de28b58)]: 378 failure(s)
Postproc #6 [meta_schedule.RewriteTensorize(0x1dbcfb78)]: 0 failure(s)
2025-10-10 03:01:07 [INFO] [evolutionary_search.cc:533] Sample-Init-Population summary:
Postproc #0 [meta_schedule.DisallowDynamicLoop(0x1bb69df8)]: 0 failure(s)
Postproc #1 [meta_schedule.RewriteCooperativeFetch(0x1de2eb98)]: 0 failure(s)
Postproc #2 [meta_schedule.RewriteUnboundBlock(0x1de2c158)]: 0 failure(s)
Postproc #3 [meta_schedule.RewriteParallelVectorizeUnroll(0x1bbf4d28)]: 0 failure(s)
Postproc #4 [meta_schedule.RewriteReductionBlock(0x1c1c6128)]: 0 failure(s)
Postproc #5 [meta_schedule.VerifyGPUCode(0x1de28b58)]: 758 failure(s)
Postproc #6 [meta_schedule.RewriteTensorize(0x1dbcfb78)]: 0 failure(s)
2025-10-10 03:01:07 [INFO] [evolutionary_search.cc:723] Sampled 62 candidate(s)
2025-10-10 03:01:14 [INFO] [evolutionary_search.cc:621] Evolve iter #0 done. Summary:
Postproc #0 [meta_schedule.DisallowDynamicLoop(0x1bb69df8)]: 0 failure(s)
Postproc #1 [meta_schedule.RewriteCooperativeFetch(0x1de2eb98)]: 0 failure(s)
Postproc #2 [meta_schedule.RewriteUnboundBlock(0x1de2c158)]: 0 failure(s)
Postproc #3 [meta_schedule.RewriteParallelVectorizeUnroll(0x1bbf4d28)]: 0 failure(s)
Postproc #4 [meta_schedule.RewriteReductionBlock(0x1c1c6128)]: 0 failure(s)
Postproc #5 [meta_schedule.VerifyGPUCode(0x1de28b58)]: 101 failure(s)
Postproc #6 [meta_schedule.RewriteTensorize(0x1dbcfb78)]: 0 failure(s)
2025-10-10 03:01:23 [INFO] [evolutionary_search.cc:621] Evolve iter #1 done. Summary:
Postproc #0 [meta_schedule.DisallowDynamicLoop(0x1bb69df8)]: 0 failure(s)
Postproc #1 [meta_schedule.RewriteCooperativeFetch(0x1de2eb98)]: 0 failure(s)
Postproc #2 [meta_schedule.RewriteUnboundBlock(0x1de2c158)]: 0 failure(s)
Postproc #3 [meta_schedule.RewriteParallelVectorizeUnroll(0x1bbf4d28)]: 0 failure(s)
Postproc #4 [meta_schedule.RewriteReductionBlock(0x1c1c6128)]: 0 failure(s)
Postproc #5 [meta_schedule.VerifyGPUCode(0x1de28b58)]: 135 failure(s)
Postproc #6 [meta_schedule.RewriteTensorize(0x1dbcfb78)]: 0 failure(s)
2025-10-10 03:01:31 [INFO] [evolutionary_search.cc:621] Evolve iter #2 done. Summary:
Postproc #0 [meta_schedule.DisallowDynamicLoop(0x1bb69df8)]: 0 failure(s)
Postproc #1 [meta_schedule.RewriteCooperativeFetch(0x1de2eb98)]: 0 failure(s)
Postproc #2 [meta_schedule.RewriteUnboundBlock(0x1de2c158)]: 0 failure(s)
Postproc #3 [meta_schedule.RewriteParallelVectorizeUnroll(0x1bbf4d28)]: 0 failure(s)
Postproc #4 [meta_schedule.RewriteReductionBlock(0x1c1c6128)]: 0 failure(s)
Postproc #5 [meta_schedule.VerifyGPUCode(0x1de28b58)]: 124 failure(s)
Postproc #6 [meta_schedule.RewriteTensorize(0x1dbcfb78)]: 0 failure(s)
2025-10-10 03:01:40 [INFO] [evolutionary_search.cc:621] Evolve iter #3 done. Summary:
Postproc #0 [meta_schedule.DisallowDynamicLoop(0x1bb69df8)]: 0 failure(s)
Postproc #1 [meta_schedule.RewriteCooperativeFetch(0x1de2eb98)]: 0 failure(s)
Postproc #2 [meta_schedule.RewriteUnboundBlock(0x1de2c158)]: 0 failure(s)
Postproc #3 [meta_schedule.RewriteParallelVectorizeUnroll(0x1bbf4d28)]: 0 failure(s)
Postproc #4 [meta_schedule.RewriteReductionBlock(0x1c1c6128)]: 0 failure(s)
Postproc #5 [meta_schedule.VerifyGPUCode(0x1de28b58)]: 124 failure(s)
Postproc #6 [meta_schedule.RewriteTensorize(0x1dbcfb78)]: 0 failure(s)
2025-10-10 03:01:41 [INFO] [evolutionary_search.cc:649] Scores of the best 64 candidates:
[1 : 16]:	0.9581  0.9564  0.9482  0.9482  0.9482  0.9482  0.9482  0.9482  0.9482  0.9482  0.9466  0.9466  0.9466  0.9466  0.9466  0.9466
[17 : 32]:	0.9466  0.9464  0.9464  0.9464  0.9464  0.9463  0.9463  0.9463  0.9463  0.9463  0.9461  0.9461  0.9461  0.9450  0.9450  0.9449
[33 : 48]:	0.9449  0.9449  0.9416  0.9413  0.9413  0.9400  0.9375  0.9375  0.9375  0.9375  0.9375  0.9375  0.9375  0.9375  0.9372  0.9360
[49 : 64]:	0.9360  0.9360  0.9360  0.9360  0.9360  0.9358  0.9358  0.9358  0.9358  0.9358  0.9358  0.9358  0.9358  0.9310  0.9310  0.9310
2025-10-10 03:01:42 [INFO] [evolutionary_search.cc:727] Got 64 candidate(s) with evolutionary search
2025-10-10 03:01:42 [INFO] [evolutionary_search.cc:730] Sending 64 candidates(s) for measurement
2025-10-10 03:03:09 [INFO] [task_scheduler.cc:131] [Task #0: main] Trial #513: GFLOPs: 226591.9010. Time: 606.5484 us. Best GFLOPs: 255457.6579
2025-10-10 03:03:09 [INFO] [task_scheduler.cc:131] [Task #0: main] Trial #514: GFLOPs: 244422.1687. Time: 562.3015 us. Best GFLOPs: 255457.6579
2025-10-10 03:03:09 [INFO] [task_scheduler.cc:131] [Task #0: main] Trial #515: GFLOPs: 246140.3188. Time: 558.3764 us. Best GFLOPs: 255457.6579
2025-10-10 03:03:09 [INFO] [task_scheduler.cc:131] [Task #0: main] Trial #516: GFLOPs: 246160.5904. Time: 558.3305 us. Best GFLOPs: 255457.6579
2025-10-10 03:03:09 [INFO] [task_scheduler.cc:131] [Task #0: main] Trial #517: GFLOPs: 252220.5171. Time: 544.9158 us. Best GFLOPs: 255457.6579
2025-10-10 03:03:09 [INFO] [task_scheduler.cc:131] [Task #0: main] Trial #518: GFLOPs: 244194.1390. Time: 562.8266 us. Best GFLOPs: 255457.6579
2025-10-10 03:03:09 [INFO] [task_scheduler.cc:131] [Task #0: main] Trial #519: GFLOPs: 253986.4988. Time: 541.1270 us. Best GFLOPs: 255457.6579
2025-10-10 03:03:09 [INFO] [task_scheduler.cc:131] [Task #0: main] Trial #520: GFLOPs: 245991.1620. Time: 558.7150 us. Best GFLOPs: 255457.6579
2025-10-10 03:03:09 [INFO] [task_scheduler.cc:131] [Task #0: main] Trial #521: GFLOPs: 233208.0895. Time: 589.3404 us. Best GFLOPs: 255457.6579
2025-10-10 03:03:09 [INFO] [task_scheduler.cc:131] [Task #0: main] Trial #522: GFLOPs: 235717.3740. Time: 583.0667 us. Best GFLOPs: 255457.6579
2025-10-10 03:03:09 [INFO] [task_scheduler.cc:131] [Task #0: main] Trial #523: GFLOPs: 240589.4952. Time: 571.2592 us. Best GFLOPs: 255457.6579
2025-10-10 03:03:09 [INFO] [task_scheduler.cc:131] [Task #0: main] Trial #524: GFLOPs: 236522.6620. Time: 581.0815 us. Best GFLOPs: 255457.6579
2025-10-10 03:03:09 [INFO] [task_scheduler.cc:131] [Task #0: main] Trial #525: GFLOPs: 243348.6603. Time: 564.7820 us. Best GFLOPs: 255457.6579
2025-10-10 03:03:09 [INFO] [task_scheduler.cc:131] [Task #0: main] Trial #526: GFLOPs: 241692.7939. Time: 568.6514 us. Best GFLOPs: 255457.6579
2025-10-10 03:03:09 [INFO] [task_scheduler.cc:131] [Task #0: main] Trial #527: GFLOPs: 244751.6494. Time: 561.5445 us. Best GFLOPs: 255457.6579
2025-10-10 03:03:09 [INFO] [task_scheduler.cc:131] [Task #0: main] Trial #528: GFLOPs: 235303.6966. Time: 584.0918 us. Best GFLOPs: 255457.6579
2025-10-10 03:03:09 [INFO] [task_scheduler.cc:131] [Task #0: main] Trial #529: GFLOPs: 244521.8209. Time: 562.0723 us. Best GFLOPs: 255457.6579
2025-10-10 03:03:09 [INFO] [task_scheduler.cc:131] [Task #0: main] Trial #530: GFLOPs: 250911.8851. Time: 547.7578 us. Best GFLOPs: 255457.6579
2025-10-10 03:03:09 [INFO] [task_scheduler.cc:131] [Task #0: main] Trial #531: GFLOPs: 242392.8973. Time: 567.0090 us. Best GFLOPs: 255457.6579
2025-10-10 03:03:09 [INFO] [task_scheduler.cc:131] [Task #0: main] Trial #532: GFLOPs: 246220.3329. Time: 558.1950 us. Best GFLOPs: 255457.6579
2025-10-10 03:03:09 [INFO] [task_scheduler.cc:131] [Task #0: main] Trial #533: GFLOPs: 250575.9743. Time: 548.4921 us. Best GFLOPs: 255457.6579
2025-10-10 03:03:09 [INFO] [task_scheduler.cc:131] [Task #0: main] Trial #534: GFLOPs: 236663.1007. Time: 580.7367 us. Best GFLOPs: 255457.6579
2025-10-10 03:03:09 [INFO] [task_scheduler.cc:131] [Task #0: main] Trial #535: GFLOPs: 243559.1004. Time: 564.2941 us. Best GFLOPs: 255457.6579
2025-10-10 03:03:09 [INFO] [task_scheduler.cc:131] [Task #0: main] Trial #536: GFLOPs: 240839.2701. Time: 570.6667 us. Best GFLOPs: 255457.6579
2025-10-10 03:03:09 [INFO] [task_scheduler.cc:131] [Task #0: main] Trial #537: GFLOPs: 240250.3482. Time: 572.0656 us. Best GFLOPs: 255457.6579
2025-10-10 03:03:09 [INFO] [task_scheduler.cc:131] [Task #0: main] Trial #538: GFLOPs: 240347.5703. Time: 571.8342 us. Best GFLOPs: 255457.6579
2025-10-10 03:03:09 [INFO] [task_scheduler.cc:131] [Task #0: main] Trial #539: GFLOPs: 243074.2739. Time: 565.4196 us. Best GFLOPs: 255457.6579
2025-10-10 03:03:09 [INFO] [task_scheduler.cc:131] [Task #0: main] Trial #540: GFLOPs: 242637.5929. Time: 566.4372 us. Best GFLOPs: 255457.6579
2025-10-10 03:03:09 [INFO] [task_scheduler.cc:131] [Task #0: main] Trial #541: GFLOPs: 235561.8627. Time: 583.4516 us. Best GFLOPs: 255457.6579
2025-10-10 03:03:09 [INFO] [task_scheduler.cc:131] [Task #0: main] Trial #542: GFLOPs: 248409.6226. Time: 553.2755 us. Best GFLOPs: 255457.6579
2025-10-10 03:03:09 [INFO] [task_scheduler.cc:131] [Task #0: main] Trial #543: GFLOPs: 242823.0327. Time: 566.0046 us. Best GFLOPs: 255457.6579
2025-10-10 03:03:09 [INFO] [task_scheduler.cc:131] [Task #0: main] Trial #544: GFLOPs: 248739.1066. Time: 552.5426 us. Best GFLOPs: 255457.6579
2025-10-10 03:03:09 [INFO] [task_scheduler.cc:131] [Task #0: main] Trial #545: GFLOPs: 235880.5379. Time: 582.6634 us. Best GFLOPs: 255457.6579
2025-10-10 03:03:09 [INFO] [task_scheduler.cc:131] [Task #0: main] Trial #546: GFLOPs: 241063.6507. Time: 570.1355 us. Best GFLOPs: 255457.6579
2025-10-10 03:03:09 [INFO] [task_scheduler.cc:131] [Task #0: main] Trial #547: GFLOPs: 238116.5806. Time: 577.1919 us. Best GFLOPs: 255457.6579
2025-10-10 03:03:09 [INFO] [task_scheduler.cc:131] [Task #0: main] Trial #548: GFLOPs: 237702.9323. Time: 578.1963 us. Best GFLOPs: 255457.6579
2025-10-10 03:03:09 [INFO] [task_scheduler.cc:131] [Task #0: main] Trial #549: GFLOPs: 232237.0969. Time: 591.8045 us. Best GFLOPs: 255457.6579
2025-10-10 03:03:09 [INFO] [task_scheduler.cc:131] [Task #0: main] Trial #550: GFLOPs: 239667.7988. Time: 573.4561 us. Best GFLOPs: 255457.6579
2025-10-10 03:03:09 [INFO] [task_scheduler.cc:131] [Task #0: main] Trial #551: GFLOPs: 254073.4823. Time: 540.9417 us. Best GFLOPs: 255457.6579
2025-10-10 03:03:09 [INFO] [task_scheduler.cc:131] [Task #0: main] Trial #552: GFLOPs: 240748.0769. Time: 570.8829 us. Best GFLOPs: 255457.6579
2025-10-10 03:03:09 [INFO] [task_scheduler.cc:131] [Task #0: main] Trial #553: GFLOPs: 244374.7867. Time: 562.4105 us. Best GFLOPs: 255457.6579
2025-10-10 03:03:09 [INFO] [task_scheduler.cc:131] [Task #0: main] Trial #554: GFLOPs: 248819.3046. Time: 552.3645 us. Best GFLOPs: 255457.6579
2025-10-10 03:03:09 [INFO] [task_scheduler.cc:131] [Task #0: main] Trial #555: GFLOPs: 244619.5783. Time: 561.8477 us. Best GFLOPs: 255457.6579
2025-10-10 03:03:09 [INFO] [task_scheduler.cc:131] [Task #0: main] Trial #556: GFLOPs: 233750.2084. Time: 587.9736 us. Best GFLOPs: 255457.6579
2025-10-10 03:03:09 [INFO] [task_scheduler.cc:131] [Task #0: main] Trial #557: GFLOPs: 237390.2490. Time: 578.9579 us. Best GFLOPs: 255457.6579
2025-10-10 03:03:09 [INFO] [task_scheduler.cc:131] [Task #0: main] Trial #558: GFLOPs: 237415.7648. Time: 578.8956 us. Best GFLOPs: 255457.6579
2025-10-10 03:03:09 [INFO] [task_scheduler.cc:131] [Task #0: main] Trial #559: GFLOPs: 217281.3820. Time: 632.5390 us. Best GFLOPs: 255457.6579
2025-10-10 03:03:09 [INFO] [task_scheduler.cc:131] [Task #0: main] Trial #560: GFLOPs: 241201.6120. Time: 569.8094 us. Best GFLOPs: 255457.6579
2025-10-10 03:03:09 [INFO] [task_scheduler.cc:131] [Task #0: main] Trial #561: GFLOPs: 238171.6079. Time: 577.0585 us. Best GFLOPs: 255457.6579
2025-10-10 03:03:09 [INFO] [task_scheduler.cc:131] [Task #0: main] Trial #562: GFLOPs: 240948.9787. Time: 570.4069 us. Best GFLOPs: 255457.6579
2025-10-10 03:03:09 [INFO] [task_scheduler.cc:131] [Task #0: main] Trial #563: GFLOPs: 239621.0298. Time: 573.5680 us. Best GFLOPs: 255457.6579
2025-10-10 03:03:09 [INFO] [task_scheduler.cc:131] [Task #0: main] Trial #564: GFLOPs: 242474.3464. Time: 566.8185 us. Best GFLOPs: 255457.6579
2025-10-10 03:03:09 [INFO] [task_scheduler.cc:131] [Task #0: main] Trial #565: GFLOPs: 240973.3261. Time: 570.3492 us. Best GFLOPs: 255457.6579
2025-10-10 03:03:09 [INFO] [task_scheduler.cc:131] [Task #0: main] Trial #566: GFLOPs: 244675.7674. Time: 561.7187 us. Best GFLOPs: 255457.6579
2025-10-10 03:03:09 [INFO] [task_scheduler.cc:131] [Task #0: main] Trial #567: GFLOPs: 235290.4293. Time: 584.1247 us. Best GFLOPs: 255457.6579
2025-10-10 03:03:09 [INFO] [task_scheduler.cc:131] [Task #0: main] Trial #568: GFLOPs: 237009.1174. Time: 579.8889 us. Best GFLOPs: 255457.6579
2025-10-10 03:03:09 [INFO] [task_scheduler.cc:131] [Task #0: main] Trial #569: GFLOPs: 243585.0912. Time: 564.2338 us. Best GFLOPs: 255457.6579
2025-10-10 03:03:09 [INFO] [task_scheduler.cc:131] [Task #0: main] Trial #570: GFLOPs: 237783.4812. Time: 578.0004 us. Best GFLOPs: 255457.6579
2025-10-10 03:03:09 [INFO] [task_scheduler.cc:131] [Task #0: main] Trial #571: GFLOPs: 234439.9819. Time: 586.2437 us. Best GFLOPs: 255457.6579
2025-10-10 03:03:09 [INFO] [task_scheduler.cc:131] [Task #0: main] Trial #572: GFLOPs: 243428.2399. Time: 564.5974 us. Best GFLOPs: 255457.6579
2025-10-10 03:03:09 [INFO] [task_scheduler.cc:131] [Task #0: main] Trial #573: GFLOPs: 241594.0057. Time: 568.8840 us. Best GFLOPs: 255457.6579
2025-10-10 03:03:09 [INFO] [task_scheduler.cc:131] [Task #0: main] Trial #574: GFLOPs: 109606.8777. Time: 1253.9264 us. Best GFLOPs: 255457.6579
2025-10-10 03:03:09 [INFO] [task_scheduler.cc:131] [Task #0: main] Trial #575: GFLOPs: 182009.6251. Time: 755.1192 us. Best GFLOPs: 255457.6579
2025-10-10 03:03:09 [INFO] [task_scheduler.cc:131] [Task #0: main] Trial #576: GFLOPs: 123792.5332. Time: 1110.2362 us. Best GFLOPs: 255457.6579
2025-10-10 03:03:09 [INFO] [evolutionary_search.cc:713] Generating candidates......
2025-10-10 03:03:10 [INFO] [evolutionary_search.cc:715] Picked top 102 candidate(s) from database
2025-10-10 03:03:14 [INFO] [evolutionary_search.cc:533] Sample-Init-Population summary:
Postproc #0 [meta_schedule.DisallowDynamicLoop(0x1bb69df8)]: 0 failure(s)
Postproc #1 [meta_schedule.RewriteCooperativeFetch(0x1de2eb98)]: 0 failure(s)
Postproc #2 [meta_schedule.RewriteUnboundBlock(0x1de2c158)]: 0 failure(s)
Postproc #3 [meta_schedule.RewriteParallelVectorizeUnroll(0x1bbf4d28)]: 0 failure(s)
Postproc #4 [meta_schedule.RewriteReductionBlock(0x1c1c6128)]: 0 failure(s)
Postproc #5 [meta_schedule.VerifyGPUCode(0x1de28b58)]: 383 failure(s)
Postproc #6 [meta_schedule.RewriteTensorize(0x1dbcfb78)]: 0 failure(s)
2025-10-10 03:03:18 [INFO] [evolutionary_search.cc:533] Sample-Init-Population summary:
Postproc #0 [meta_schedule.DisallowDynamicLoop(0x1bb69df8)]: 0 failure(s)
Postproc #1 [meta_schedule.RewriteCooperativeFetch(0x1de2eb98)]: 0 failure(s)
Postproc #2 [meta_schedule.RewriteUnboundBlock(0x1de2c158)]: 0 failure(s)
Postproc #3 [meta_schedule.RewriteParallelVectorizeUnroll(0x1bbf4d28)]: 0 failure(s)
Postproc #4 [meta_schedule.RewriteReductionBlock(0x1c1c6128)]: 0 failure(s)
Postproc #5 [meta_schedule.VerifyGPUCode(0x1de28b58)]: 763 failure(s)
Postproc #6 [meta_schedule.RewriteTensorize(0x1dbcfb78)]: 0 failure(s)
2025-10-10 03:03:18 [INFO] [evolutionary_search.cc:723] Sampled 57 candidate(s)
2025-10-10 03:03:25 [INFO] [evolutionary_search.cc:621] Evolve iter #0 done. Summary:
Postproc #0 [meta_schedule.DisallowDynamicLoop(0x1bb69df8)]: 0 failure(s)
Postproc #1 [meta_schedule.RewriteCooperativeFetch(0x1de2eb98)]: 0 failure(s)
Postproc #2 [meta_schedule.RewriteUnboundBlock(0x1de2c158)]: 0 failure(s)
Postproc #3 [meta_schedule.RewriteParallelVectorizeUnroll(0x1bbf4d28)]: 0 failure(s)
Postproc #4 [meta_schedule.RewriteReductionBlock(0x1c1c6128)]: 0 failure(s)
Postproc #5 [meta_schedule.VerifyGPUCode(0x1de28b58)]: 106 failure(s)
Postproc #6 [meta_schedule.RewriteTensorize(0x1dbcfb78)]: 0 failure(s)
2025-10-10 03:03:33 [INFO] [evolutionary_search.cc:621] Evolve iter #1 done. Summary:
Postproc #0 [meta_schedule.DisallowDynamicLoop(0x1bb69df8)]: 0 failure(s)
Postproc #1 [meta_schedule.RewriteCooperativeFetch(0x1de2eb98)]: 0 failure(s)
Postproc #2 [meta_schedule.RewriteUnboundBlock(0x1de2c158)]: 0 failure(s)
Postproc #3 [meta_schedule.RewriteParallelVectorizeUnroll(0x1bbf4d28)]: 0 failure(s)
Postproc #4 [meta_schedule.RewriteReductionBlock(0x1c1c6128)]: 0 failure(s)
Postproc #5 [meta_schedule.VerifyGPUCode(0x1de28b58)]: 112 failure(s)
Postproc #6 [meta_schedule.RewriteTensorize(0x1dbcfb78)]: 0 failure(s)
2025-10-10 03:03:42 [INFO] [evolutionary_search.cc:621] Evolve iter #2 done. Summary:
Postproc #0 [meta_schedule.DisallowDynamicLoop(0x1bb69df8)]: 0 failure(s)
Postproc #1 [meta_schedule.RewriteCooperativeFetch(0x1de2eb98)]: 0 failure(s)
Postproc #2 [meta_schedule.RewriteUnboundBlock(0x1de2c158)]: 0 failure(s)
Postproc #3 [meta_schedule.RewriteParallelVectorizeUnroll(0x1bbf4d28)]: 0 failure(s)
Postproc #4 [meta_schedule.RewriteReductionBlock(0x1c1c6128)]: 0 failure(s)
Postproc #5 [meta_schedule.VerifyGPUCode(0x1de28b58)]: 109 failure(s)
Postproc #6 [meta_schedule.RewriteTensorize(0x1dbcfb78)]: 0 failure(s)
2025-10-10 03:03:50 [INFO] [evolutionary_search.cc:621] Evolve iter #3 done. Summary:
Postproc #0 [meta_schedule.DisallowDynamicLoop(0x1bb69df8)]: 0 failure(s)
Postproc #1 [meta_schedule.RewriteCooperativeFetch(0x1de2eb98)]: 0 failure(s)
Postproc #2 [meta_schedule.RewriteUnboundBlock(0x1de2c158)]: 0 failure(s)
Postproc #3 [meta_schedule.RewriteParallelVectorizeUnroll(0x1bbf4d28)]: 0 failure(s)
Postproc #4 [meta_schedule.RewriteReductionBlock(0x1c1c6128)]: 0 failure(s)
Postproc #5 [meta_schedule.VerifyGPUCode(0x1de28b58)]: 121 failure(s)
Postproc #6 [meta_schedule.RewriteTensorize(0x1dbcfb78)]: 0 failure(s)
2025-10-10 03:03:52 [INFO] [evolutionary_search.cc:649] Scores of the best 64 candidates:
[1 : 16]:	0.9501  0.9501  0.9501  0.9501  0.9501  0.9501  0.9501  0.9501  0.9487  0.9487  0.9487  0.9487  0.9487  0.9487  0.9487  0.9487
[17 : 32]:	0.9480  0.9480  0.9480  0.9480  0.9474  0.9474  0.9474  0.9474  0.9474  0.9474  0.9474  0.9474  0.9474  0.9459  0.9459  0.9459
[33 : 48]:	0.9459  0.9459  0.9459  0.9453  0.9446  0.9414  0.9414  0.9414  0.9414  0.9414  0.9401  0.9401  0.9401  0.9401  0.9401  0.9401
[49 : 64]:	0.9387  0.9387  0.9387  0.9387  0.9387  0.9387  0.9386  0.9386  0.9386  0.9386  0.9386  0.9386  0.9386  0.9386  0.9386  0.9386
2025-10-10 03:03:52 [INFO] [evolutionary_search.cc:727] Got 64 candidate(s) with evolutionary search
2025-10-10 03:03:52 [INFO] [evolutionary_search.cc:730] Sending 64 candidates(s) for measurement
2025-10-10 03:05:19 [INFO] [task_scheduler.cc:131] [Task #0: main] Trial #577: GFLOPs: 237285.5885. Time: 579.2132 us. Best GFLOPs: 255457.6579
2025-10-10 03:05:19 [INFO] [task_scheduler.cc:131] [Task #0: main] Trial #578: GFLOPs: 235747.9122. Time: 582.9912 us. Best GFLOPs: 255457.6579
2025-10-10 03:05:19 [INFO] [task_scheduler.cc:131] [Task #0: main] Trial #579: GFLOPs: 243710.6331. Time: 563.9432 us. Best GFLOPs: 255457.6579
2025-10-10 03:05:19 [INFO] [task_scheduler.cc:131] [Task #0: main] Trial #580: GFLOPs: 247429.4236. Time: 555.4673 us. Best GFLOPs: 255457.6579
2025-10-10 03:05:19 [INFO] [task_scheduler.cc:131] [Task #0: main] Trial #581: GFLOPs: 247040.2832. Time: 556.3423 us. Best GFLOPs: 255457.6579
2025-10-10 03:05:19 [INFO] [task_scheduler.cc:131] [Task #0: main] Trial #582: GFLOPs: 241058.5639. Time: 570.1476 us. Best GFLOPs: 255457.6579
2025-10-10 03:05:19 [INFO] [task_scheduler.cc:131] [Task #0: main] Trial #583: GFLOPs: 247178.1339. Time: 556.0320 us. Best GFLOPs: 255457.6579
2025-10-10 03:05:19 [INFO] [task_scheduler.cc:131] [Task #0: main] Trial #584: GFLOPs: 244288.4746. Time: 562.6092 us. Best GFLOPs: 255457.6579
2025-10-10 03:05:19 [INFO] [task_scheduler.cc:131] [Task #0: main] Trial #585: GFLOPs: 244400.9516. Time: 562.3503 us. Best GFLOPs: 255457.6579
2025-10-10 03:05:19 [INFO] [task_scheduler.cc:131] [Task #0: main] Trial #586: GFLOPs: 241643.2493. Time: 568.7680 us. Best GFLOPs: 255457.6579
2025-10-10 03:05:19 [INFO] [task_scheduler.cc:131] [Task #0: main] Trial #587: GFLOPs: 236687.8153. Time: 580.6761 us. Best GFLOPs: 255457.6579
2025-10-10 03:05:19 [INFO] [task_scheduler.cc:131] [Task #0: main] Trial #588: GFLOPs: 235791.9562. Time: 582.8823 us. Best GFLOPs: 255457.6579
2025-10-10 03:05:19 [INFO] [task_scheduler.cc:131] [Task #0: main] Trial #589: GFLOPs: 236445.9463. Time: 581.2701 us. Best GFLOPs: 255457.6579
2025-10-10 03:05:19 [INFO] [task_scheduler.cc:131] [Task #0: main] Trial #590: GFLOPs: 239543.2734. Time: 573.7542 us. Best GFLOPs: 255457.6579
2025-10-10 03:05:19 [INFO] [task_scheduler.cc:131] [Task #0: main] Trial #591: GFLOPs: 246982.4955. Time: 556.4724 us. Best GFLOPs: 255457.6579
2025-10-10 03:05:19 [INFO] [task_scheduler.cc:131] [Task #0: main] Trial #592: GFLOPs: 247042.8757. Time: 556.3364 us. Best GFLOPs: 255457.6579
2025-10-10 03:05:19 [INFO] [task_scheduler.cc:131] [Task #0: main] Trial #593: GFLOPs: 245442.9145. Time: 559.9630 us. Best GFLOPs: 255457.6579
2025-10-10 03:05:19 [INFO] [task_scheduler.cc:131] [Task #0: main] Trial #594: GFLOPs: 241131.9883. Time: 569.9740 us. Best GFLOPs: 255457.6579
2025-10-10 03:05:19 [INFO] [task_scheduler.cc:131] [Task #0: main] Trial #595: GFLOPs: 245160.8354. Time: 560.6073 us. Best GFLOPs: 255457.6579
2025-10-10 03:05:19 [INFO] [task_scheduler.cc:131] [Task #0: main] Trial #596: GFLOPs: 236494.4828. Time: 581.1508 us. Best GFLOPs: 255457.6579
2025-10-10 03:05:19 [INFO] [task_scheduler.cc:131] [Task #0: main] Trial #597: GFLOPs: 246042.0548. Time: 558.5994 us. Best GFLOPs: 255457.6579
2025-10-10 03:05:19 [INFO] [task_scheduler.cc:131] [Task #0: main] Trial #598: GFLOPs: 249035.0916. Time: 551.8859 us. Best GFLOPs: 255457.6579
2025-10-10 03:05:19 [INFO] [task_scheduler.cc:131] [Task #0: main] Trial #599: GFLOPs: 245655.0400. Time: 559.4795 us. Best GFLOPs: 255457.6579
2025-10-10 03:05:19 [INFO] [task_scheduler.cc:131] [Task #0: main] Trial #600: GFLOPs: 233968.0927. Time: 587.4261 us. Best GFLOPs: 255457.6579
2025-10-10 03:05:19 [INFO] [task_scheduler.cc:131] [Task #0: main] Trial #601: GFLOPs: 239766.3406. Time: 573.2204 us. Best GFLOPs: 255457.6579
2025-10-10 03:05:19 [INFO] [task_scheduler.cc:131] [Task #0: main] Trial #602: GFLOPs: 236731.8041. Time: 580.5682 us. Best GFLOPs: 255457.6579
2025-10-10 03:05:19 [INFO] [task_scheduler.cc:131] [Task #0: main] Trial #603: GFLOPs: 242904.1300. Time: 565.8156 us. Best GFLOPs: 255457.6579
2025-10-10 03:05:19 [INFO] [task_scheduler.cc:131] [Task #0: main] Trial #604: GFLOPs: 235249.6470. Time: 584.2260 us. Best GFLOPs: 255457.6579
2025-10-10 03:05:19 [INFO] [task_scheduler.cc:131] [Task #0: main] Trial #605: GFLOPs: 240122.8502. Time: 572.3693 us. Best GFLOPs: 255457.6579
2025-10-10 03:05:19 [INFO] [task_scheduler.cc:131] [Task #0: main] Trial #606: GFLOPs: 238598.7576. Time: 576.0254 us. Best GFLOPs: 255457.6579
2025-10-10 03:05:19 [INFO] [task_scheduler.cc:131] [Task #0: main] Trial #607: GFLOPs: 237064.3472. Time: 579.7538 us. Best GFLOPs: 255457.6579
2025-10-10 03:05:19 [INFO] [task_scheduler.cc:131] [Task #0: main] Trial #608: GFLOPs: 237189.5181. Time: 579.4478 us. Best GFLOPs: 255457.6579
2025-10-10 03:05:19 [INFO] [task_scheduler.cc:131] [Task #0: main] Trial #609: GFLOPs: 240967.7240. Time: 570.3625 us. Best GFLOPs: 255457.6579
2025-10-10 03:05:19 [INFO] [task_scheduler.cc:131] [Task #0: main] Trial #610: GFLOPs: 237721.5165. Time: 578.1511 us. Best GFLOPs: 255457.6579
2025-10-10 03:05:19 [INFO] [task_scheduler.cc:131] [Task #0: main] Trial #611: GFLOPs: 237702.4880. Time: 578.1974 us. Best GFLOPs: 255457.6579
2025-10-10 03:05:19 [INFO] [task_scheduler.cc:131] [Task #0: main] Trial #612: GFLOPs: 237032.3540. Time: 579.8320 us. Best GFLOPs: 255457.6579
2025-10-10 03:05:19 [INFO] [task_scheduler.cc:131] [Task #0: main] Trial #613: GFLOPs: 190349.7045. Time: 722.0340 us. Best GFLOPs: 255457.6579
2025-10-10 03:05:19 [INFO] [task_scheduler.cc:131] [Task #0: main] Trial #614: GFLOPs: 241424.2044. Time: 569.2841 us. Best GFLOPs: 255457.6579
2025-10-10 03:05:19 [INFO] [task_scheduler.cc:131] [Task #0: main] Trial #615: GFLOPs: 239516.2008. Time: 573.8190 us. Best GFLOPs: 255457.6579
2025-10-10 03:05:19 [INFO] [task_scheduler.cc:131] [Task #0: main] Trial #616: GFLOPs: 241808.0204. Time: 568.3805 us. Best GFLOPs: 255457.6579
2025-10-10 03:05:19 [INFO] [task_scheduler.cc:131] [Task #0: main] Trial #617: GFLOPs: 243951.1541. Time: 563.3872 us. Best GFLOPs: 255457.6579
2025-10-10 03:05:19 [INFO] [task_scheduler.cc:131] [Task #0: main] Trial #618: GFLOPs: 249721.6066. Time: 550.3687 us. Best GFLOPs: 255457.6579
2025-10-10 03:05:19 [INFO] [task_scheduler.cc:131] [Task #0: main] Trial #619: GFLOPs: 242949.4667. Time: 565.7100 us. Best GFLOPs: 255457.6579
2025-10-10 03:05:19 [INFO] [task_scheduler.cc:131] [Task #0: main] Trial #620: GFLOPs: 244381.8574. Time: 562.3943 us. Best GFLOPs: 255457.6579
2025-10-10 03:05:19 [INFO] [task_scheduler.cc:131] [Task #0: main] Trial #621: GFLOPs: 238999.4764. Time: 575.0596 us. Best GFLOPs: 255457.6579
2025-10-10 03:05:19 [INFO] [task_scheduler.cc:131] [Task #0: main] Trial #622: GFLOPs: 239083.3695. Time: 574.8579 us. Best GFLOPs: 255457.6579
2025-10-10 03:05:19 [INFO] [task_scheduler.cc:131] [Task #0: main] Trial #623: GFLOPs: 232856.6960. Time: 590.2298 us. Best GFLOPs: 255457.6579
2025-10-10 03:05:19 [INFO] [task_scheduler.cc:131] [Task #0: main] Trial #624: GFLOPs: 235691.3903. Time: 583.1310 us. Best GFLOPs: 255457.6579
2025-10-10 03:05:19 [INFO] [task_scheduler.cc:131] [Task #0: main] Trial #625: GFLOPs: 238543.6929. Time: 576.1584 us. Best GFLOPs: 255457.6579
2025-10-10 03:05:19 [INFO] [task_scheduler.cc:131] [Task #0: main] Trial #626: GFLOPs: 234644.1134. Time: 585.7337 us. Best GFLOPs: 255457.6579
2025-10-10 03:05:19 [INFO] [task_scheduler.cc:131] [Task #0: main] Trial #627: GFLOPs: 235772.2523. Time: 582.9310 us. Best GFLOPs: 255457.6579
2025-10-10 03:05:19 [INFO] [task_scheduler.cc:131] [Task #0: main] Trial #628: GFLOPs: 238917.1258. Time: 575.2579 us. Best GFLOPs: 255457.6579
2025-10-10 03:05:19 [INFO] [task_scheduler.cc:131] [Task #0: main] Trial #629: GFLOPs: 237115.2810. Time: 579.6293 us. Best GFLOPs: 255457.6579
2025-10-10 03:05:19 [INFO] [task_scheduler.cc:131] [Task #0: main] Trial #630: GFLOPs: 242839.7359. Time: 565.9657 us. Best GFLOPs: 255457.6579
2025-10-10 03:05:19 [INFO] [task_scheduler.cc:131] [Task #0: main] Trial #631: GFLOPs: 236355.2466. Time: 581.4931 us. Best GFLOPs: 255457.6579
2025-10-10 03:05:19 [INFO] [task_scheduler.cc:131] [Task #0: main] Trial #632: GFLOPs: 232682.8835. Time: 590.6707 us. Best GFLOPs: 255457.6579
2025-10-10 03:05:19 [INFO] [task_scheduler.cc:131] [Task #0: main] Trial #633: GFLOPs: 231452.2402. Time: 593.8113 us. Best GFLOPs: 255457.6579
2025-10-10 03:05:19 [INFO] [task_scheduler.cc:131] [Task #0: main] Trial #634: GFLOPs: 201668.3742. Time: 681.5097 us. Best GFLOPs: 255457.6579
2025-10-10 03:05:19 [INFO] [task_scheduler.cc:131] [Task #0: main] Trial #635: GFLOPs: 235916.3644. Time: 582.5749 us. Best GFLOPs: 255457.6579
2025-10-10 03:05:19 [INFO] [task_scheduler.cc:131] [Task #0: main] Trial #636: GFLOPs: 207862.8998. Time: 661.2000 us. Best GFLOPs: 255457.6579
2025-10-10 03:05:19 [INFO] [task_scheduler.cc:131] [Task #0: main] Trial #637: GFLOPs: 236807.0771. Time: 580.3836 us. Best GFLOPs: 255457.6579
2025-10-10 03:05:19 [INFO] [task_scheduler.cc:131] [Task #0: main] Trial #638: GFLOPs: 98397.5390. Time: 1396.7723 us. Best GFLOPs: 255457.6579
2025-10-10 03:05:19 [INFO] [task_scheduler.cc:131] [Task #0: main] Trial #639: GFLOPs: 68033.4384. Time: 2020.1677 us. Best GFLOPs: 255457.6579
2025-10-10 03:05:19 [INFO] [task_scheduler.cc:131] [Task #0: main] Trial #640: GFLOPs: 121712.4968. Time: 1129.2099 us. Best GFLOPs: 255457.6579
2025-10-10 03:05:19 [INFO] [evolutionary_search.cc:713] Generating candidates......
2025-10-10 03:05:21 [INFO] [evolutionary_search.cc:715] Picked top 102 candidate(s) from database
2025-10-10 03:05:25 [INFO] [evolutionary_search.cc:533] Sample-Init-Population summary:
Postproc #0 [meta_schedule.DisallowDynamicLoop(0x1bb69df8)]: 0 failure(s)
Postproc #1 [meta_schedule.RewriteCooperativeFetch(0x1de2eb98)]: 0 failure(s)
Postproc #2 [meta_schedule.RewriteUnboundBlock(0x1de2c158)]: 0 failure(s)
Postproc #3 [meta_schedule.RewriteParallelVectorizeUnroll(0x1bbf4d28)]: 0 failure(s)
Postproc #4 [meta_schedule.RewriteReductionBlock(0x1c1c6128)]: 0 failure(s)
Postproc #5 [meta_schedule.VerifyGPUCode(0x1de28b58)]: 382 failure(s)
Postproc #6 [meta_schedule.RewriteTensorize(0x1dbcfb78)]: 0 failure(s)
2025-10-10 03:05:28 [INFO] [evolutionary_search.cc:533] Sample-Init-Population summary:
Postproc #0 [meta_schedule.DisallowDynamicLoop(0x1bb69df8)]: 0 failure(s)
Postproc #1 [meta_schedule.RewriteCooperativeFetch(0x1de2eb98)]: 0 failure(s)
Postproc #2 [meta_schedule.RewriteUnboundBlock(0x1de2c158)]: 0 failure(s)
Postproc #3 [meta_schedule.RewriteParallelVectorizeUnroll(0x1bbf4d28)]: 0 failure(s)
Postproc #4 [meta_schedule.RewriteReductionBlock(0x1c1c6128)]: 0 failure(s)
Postproc #5 [meta_schedule.VerifyGPUCode(0x1de28b58)]: 756 failure(s)
Postproc #6 [meta_schedule.RewriteTensorize(0x1dbcfb78)]: 0 failure(s)
2025-10-10 03:05:28 [INFO] [evolutionary_search.cc:723] Sampled 64 candidate(s)
2025-10-10 03:05:36 [INFO] [evolutionary_search.cc:621] Evolve iter #0 done. Summary:
Postproc #0 [meta_schedule.DisallowDynamicLoop(0x1bb69df8)]: 0 failure(s)
Postproc #1 [meta_schedule.RewriteCooperativeFetch(0x1de2eb98)]: 0 failure(s)
Postproc #2 [meta_schedule.RewriteUnboundBlock(0x1de2c158)]: 0 failure(s)
Postproc #3 [meta_schedule.RewriteParallelVectorizeUnroll(0x1bbf4d28)]: 0 failure(s)
Postproc #4 [meta_schedule.RewriteReductionBlock(0x1c1c6128)]: 0 failure(s)
Postproc #5 [meta_schedule.VerifyGPUCode(0x1de28b58)]: 109 failure(s)
Postproc #6 [meta_schedule.RewriteTensorize(0x1dbcfb78)]: 0 failure(s)
2025-10-10 03:05:44 [INFO] [evolutionary_search.cc:621] Evolve iter #1 done. Summary:
Postproc #0 [meta_schedule.DisallowDynamicLoop(0x1bb69df8)]: 0 failure(s)
Postproc #1 [meta_schedule.RewriteCooperativeFetch(0x1de2eb98)]: 0 failure(s)
Postproc #2 [meta_schedule.RewriteUnboundBlock(0x1de2c158)]: 0 failure(s)
Postproc #3 [meta_schedule.RewriteParallelVectorizeUnroll(0x1bbf4d28)]: 0 failure(s)
Postproc #4 [meta_schedule.RewriteReductionBlock(0x1c1c6128)]: 0 failure(s)
Postproc #5 [meta_schedule.VerifyGPUCode(0x1de28b58)]: 116 failure(s)
Postproc #6 [meta_schedule.RewriteTensorize(0x1dbcfb78)]: 0 failure(s)
2025-10-10 03:05:52 [INFO] [evolutionary_search.cc:621] Evolve iter #2 done. Summary:
Postproc #0 [meta_schedule.DisallowDynamicLoop(0x1bb69df8)]: 0 failure(s)
Postproc #1 [meta_schedule.RewriteCooperativeFetch(0x1de2eb98)]: 0 failure(s)
Postproc #2 [meta_schedule.RewriteUnboundBlock(0x1de2c158)]: 0 failure(s)
Postproc #3 [meta_schedule.RewriteParallelVectorizeUnroll(0x1bbf4d28)]: 0 failure(s)
Postproc #4 [meta_schedule.RewriteReductionBlock(0x1c1c6128)]: 0 failure(s)
Postproc #5 [meta_schedule.VerifyGPUCode(0x1de28b58)]: 96 failure(s)
Postproc #6 [meta_schedule.RewriteTensorize(0x1dbcfb78)]: 0 failure(s)
2025-10-10 03:06:01 [INFO] [evolutionary_search.cc:621] Evolve iter #3 done. Summary:
Postproc #0 [meta_schedule.DisallowDynamicLoop(0x1bb69df8)]: 0 failure(s)
Postproc #1 [meta_schedule.RewriteCooperativeFetch(0x1de2eb98)]: 0 failure(s)
Postproc #2 [meta_schedule.RewriteUnboundBlock(0x1de2c158)]: 0 failure(s)
Postproc #3 [meta_schedule.RewriteParallelVectorizeUnroll(0x1bbf4d28)]: 0 failure(s)
Postproc #4 [meta_schedule.RewriteReductionBlock(0x1c1c6128)]: 0 failure(s)
Postproc #5 [meta_schedule.VerifyGPUCode(0x1de28b58)]: 107 failure(s)
Postproc #6 [meta_schedule.RewriteTensorize(0x1dbcfb78)]: 0 failure(s)
2025-10-10 03:06:02 [INFO] [evolutionary_search.cc:649] Scores of the best 64 candidates:
[1 : 16]:	0.9463  0.9463  0.9463  0.9463  0.9463  0.9463  0.9463  0.9463  0.9452  0.9451  0.9444  0.9444  0.9431  0.9431  0.9431  0.9431
[17 : 32]:	0.9424  0.9424  0.9415  0.9415  0.9415  0.9415  0.9412  0.9397  0.9397  0.9397  0.9395  0.9395  0.9388  0.9388  0.9382  0.9375
[33 : 48]:	0.9340  0.9340  0.9340  0.9340  0.9340  0.9334  0.9334  0.9310  0.9310  0.9310  0.9303  0.9303  0.9303  0.9303  0.9303  0.9303
[49 : 64]:	0.9303  0.9303  0.9300  0.9300  0.9300  0.9300  0.9300  0.9293  0.9293  0.9293  0.9285  0.9284  0.9282  0.9282  0.9282  0.9277
2025-10-10 03:06:03 [INFO] [evolutionary_search.cc:727] Got 64 candidate(s) with evolutionary search
2025-10-10 03:06:03 [INFO] [evolutionary_search.cc:730] Sending 64 candidates(s) for measurement
2025-10-10 03:07:32 [INFO] [task_scheduler.cc:131] [Task #0: main] Trial #641: GFLOPs: 237278.9669. Time: 579.2294 us. Best GFLOPs: 255457.6579
2025-10-10 03:07:32 [INFO] [task_scheduler.cc:131] [Task #0: main] Trial #642: GFLOPs: 245525.8108. Time: 559.7740 us. Best GFLOPs: 255457.6579
2025-10-10 03:07:32 [INFO] [task_scheduler.cc:131] [Task #0: main] Trial #643: GFLOPs: 236678.6074. Time: 580.6987 us. Best GFLOPs: 255457.6579
2025-10-10 03:07:32 [INFO] [task_scheduler.cc:131] [Task #0: main] Trial #644: GFLOPs: 236130.0080. Time: 582.0478 us. Best GFLOPs: 255457.6579
2025-10-10 03:07:32 [INFO] [task_scheduler.cc:131] [Task #0: main] Trial #645: GFLOPs: 237532.5964. Time: 578.6109 us. Best GFLOPs: 255457.6579
2025-10-10 03:07:32 [INFO] [task_scheduler.cc:131] [Task #0: main] Trial #646: GFLOPs: 237104.6010. Time: 579.6554 us. Best GFLOPs: 255457.6579
2025-10-10 03:07:32 [INFO] [task_scheduler.cc:131] [Task #0: main] Trial #647: GFLOPs: 235449.9832. Time: 583.7289 us. Best GFLOPs: 255457.6579
2025-10-10 03:07:32 [INFO] [task_scheduler.cc:131] [Task #0: main] Trial #648: GFLOPs: 235999.1185. Time: 582.3706 us. Best GFLOPs: 255457.6579
2025-10-10 03:07:32 [INFO] [task_scheduler.cc:131] [Task #0: main] Trial #649: GFLOPs: 237475.4171. Time: 578.7502 us. Best GFLOPs: 255457.6579
2025-10-10 03:07:32 [INFO] [task_scheduler.cc:131] [Task #0: main] Trial #650: GFLOPs: 235309.1604. Time: 584.0782 us. Best GFLOPs: 255457.6579
2025-10-10 03:07:32 [INFO] [task_scheduler.cc:131] [Task #0: main] Trial #651: GFLOPs: 238395.8965. Time: 576.5156 us. Best GFLOPs: 255457.6579
2025-10-10 03:07:32 [INFO] [task_scheduler.cc:131] [Task #0: main] Trial #652: GFLOPs: 241645.4597. Time: 568.7628 us. Best GFLOPs: 255457.6579
2025-10-10 03:07:32 [INFO] [task_scheduler.cc:131] [Task #0: main] Trial #653: GFLOPs: 242876.3634. Time: 565.8803 us. Best GFLOPs: 255457.6579
2025-10-10 03:07:32 [INFO] [task_scheduler.cc:131] [Task #0: main] Trial #654: GFLOPs: 242133.1003. Time: 567.6174 us. Best GFLOPs: 255457.6579
2025-10-10 03:07:32 [INFO] [task_scheduler.cc:131] [Task #0: main] Trial #655: GFLOPs: 236047.0147. Time: 582.2525 us. Best GFLOPs: 255457.6579
2025-10-10 03:07:32 [INFO] [task_scheduler.cc:131] [Task #0: main] Trial #656: GFLOPs: 242173.3883. Time: 567.5229 us. Best GFLOPs: 255457.6579
2025-10-10 03:07:32 [INFO] [task_scheduler.cc:131] [Task #0: main] Trial #657: GFLOPs: 243844.9263. Time: 563.6326 us. Best GFLOPs: 255457.6579
2025-10-10 03:07:32 [INFO] [task_scheduler.cc:131] [Task #0: main] Trial #658: GFLOPs: 234841.3163. Time: 585.2418 us. Best GFLOPs: 255457.6579
2025-10-10 03:07:32 [INFO] [task_scheduler.cc:131] [Task #0: main] Trial #659: GFLOPs: 243854.8837. Time: 563.6096 us. Best GFLOPs: 255457.6579
2025-10-10 03:07:32 [INFO] [task_scheduler.cc:131] [Task #0: main] Trial #660: GFLOPs: 249563.6924. Time: 550.7169 us. Best GFLOPs: 255457.6579
2025-10-10 03:07:32 [INFO] [task_scheduler.cc:131] [Task #0: main] Trial #661: GFLOPs: 241283.7024. Time: 569.6156 us. Best GFLOPs: 255457.6579
2025-10-10 03:07:32 [INFO] [task_scheduler.cc:131] [Task #0: main] Trial #662: GFLOPs: 240003.0899. Time: 572.6549 us. Best GFLOPs: 255457.6579
2025-10-10 03:07:32 [INFO] [task_scheduler.cc:131] [Task #0: main] Trial #663: GFLOPs: 239715.4061. Time: 573.3422 us. Best GFLOPs: 255457.6579
2025-10-10 03:07:32 [INFO] [task_scheduler.cc:131] [Task #0: main] Trial #664: GFLOPs: 242902.7938. Time: 565.8187 us. Best GFLOPs: 255457.6579
2025-10-10 03:07:32 [INFO] [task_scheduler.cc:131] [Task #0: main] Trial #665: GFLOPs: 238720.3745. Time: 575.7320 us. Best GFLOPs: 255457.6579
2025-10-10 03:07:32 [INFO] [task_scheduler.cc:131] [Task #0: main] Trial #666: GFLOPs: 240053.7868. Time: 572.5340 us. Best GFLOPs: 255457.6579
2025-10-10 03:07:32 [INFO] [task_scheduler.cc:131] [Task #0: main] Trial #667: GFLOPs: 234296.2673. Time: 586.6033 us. Best GFLOPs: 255457.6579
2025-10-10 03:07:32 [INFO] [task_scheduler.cc:131] [Task #0: main] Trial #668: GFLOPs: 238773.6138. Time: 575.6036 us. Best GFLOPs: 255457.6579
2025-10-10 03:07:32 [INFO] [task_scheduler.cc:131] [Task #0: main] Trial #669: GFLOPs: 233851.8971. Time: 587.7179 us. Best GFLOPs: 255457.6579
2025-10-10 03:07:32 [INFO] [task_scheduler.cc:131] [Task #0: main] Trial #670: GFLOPs: 233382.4226. Time: 588.9002 us. Best GFLOPs: 255457.6579
2025-10-10 03:07:32 [INFO] [task_scheduler.cc:131] [Task #0: main] Trial #671: GFLOPs: 246603.6949. Time: 557.3272 us. Best GFLOPs: 255457.6579
2025-10-10 03:07:32 [INFO] [task_scheduler.cc:131] [Task #0: main] Trial #672: GFLOPs: 243195.1492. Time: 565.1385 us. Best GFLOPs: 255457.6579
2025-10-10 03:07:32 [INFO] [task_scheduler.cc:131] [Task #0: main] Trial #673: GFLOPs: 236038.2938. Time: 582.2740 us. Best GFLOPs: 255457.6579
2025-10-10 03:07:32 [INFO] [task_scheduler.cc:131] [Task #0: main] Trial #674: GFLOPs: 242562.1663. Time: 566.6133 us. Best GFLOPs: 255457.6579
2025-10-10 03:07:32 [INFO] [task_scheduler.cc:131] [Task #0: main] Trial #675: GFLOPs: 241713.6887. Time: 568.6023 us. Best GFLOPs: 255457.6579
2025-10-10 03:07:32 [INFO] [task_scheduler.cc:131] [Task #0: main] Trial #676: GFLOPs: 240020.3029. Time: 572.6139 us. Best GFLOPs: 255457.6579
2025-10-10 03:07:32 [INFO] [task_scheduler.cc:131] [Task #0: main] Trial #677: GFLOPs: 231803.7313. Time: 592.9109 us. Best GFLOPs: 255457.6579
2025-10-10 03:07:32 [INFO] [task_scheduler.cc:131] [Task #0: main] Trial #678: GFLOPs: 234870.9718. Time: 585.1679 us. Best GFLOPs: 255457.6579
2025-10-10 03:07:32 [INFO] [task_scheduler.cc:131] [Task #0: main] Trial #679: GFLOPs: 238980.5225. Time: 575.1053 us. Best GFLOPs: 255457.6579
2025-10-10 03:07:32 [INFO] [task_scheduler.cc:131] [Task #0: main] Trial #680: GFLOPs: 243811.0478. Time: 563.7109 us. Best GFLOPs: 255457.6579
2025-10-10 03:07:32 [INFO] [task_scheduler.cc:131] [Task #0: main] Trial #681: GFLOPs: 250088.6400. Time: 549.5610 us. Best GFLOPs: 255457.6579
2025-10-10 03:07:32 [INFO] [task_scheduler.cc:131] [Task #0: main] Trial #682: GFLOPs: 247202.3463. Time: 555.9775 us. Best GFLOPs: 255457.6579
2025-10-10 03:07:32 [INFO] [task_scheduler.cc:131] [Task #0: main] Trial #683: GFLOPs: 253682.2575. Time: 541.7760 us. Best GFLOPs: 255457.6579
2025-10-10 03:07:32 [INFO] [task_scheduler.cc:131] [Task #0: main] Trial #684: GFLOPs: 240056.3438. Time: 572.5279 us. Best GFLOPs: 255457.6579
2025-10-10 03:07:32 [INFO] [task_scheduler.cc:131] [Task #0: main] Trial #685: GFLOPs: 228467.2765. Time: 601.5695 us. Best GFLOPs: 255457.6579
2025-10-10 03:07:32 [INFO] [task_scheduler.cc:131] [Task #0: main] Trial #686: GFLOPs: 245952.0849. Time: 558.8038 us. Best GFLOPs: 255457.6579
2025-10-10 03:07:32 [INFO] [task_scheduler.cc:131] [Task #0: main] Trial #687: GFLOPs: 246109.0762. Time: 558.4473 us. Best GFLOPs: 255457.6579
2025-10-10 03:07:32 [INFO] [task_scheduler.cc:131] [Task #0: main] Trial #688: GFLOPs: 224987.1759. Time: 610.8746 us. Best GFLOPs: 255457.6579
2025-10-10 03:07:32 [INFO] [task_scheduler.cc:131] [Task #0: main] Trial #689: GFLOPs: 239009.5577. Time: 575.0354 us. Best GFLOPs: 255457.6579
2025-10-10 03:07:32 [INFO] [task_scheduler.cc:131] [Task #0: main] Trial #690: GFLOPs: 247347.1365. Time: 555.6521 us. Best GFLOPs: 255457.6579
2025-10-10 03:07:32 [INFO] [task_scheduler.cc:131] [Task #0: main] Trial #691: GFLOPs: 244868.8500. Time: 561.2758 us. Best GFLOPs: 255457.6579
2025-10-10 03:07:32 [INFO] [task_scheduler.cc:131] [Task #0: main] Trial #692: GFLOPs: 243046.2138. Time: 565.4849 us. Best GFLOPs: 255457.6579
2025-10-10 03:07:32 [INFO] [task_scheduler.cc:131] [Task #0: main] Trial #693: GFLOPs: 230269.9074. Time: 596.8602 us. Best GFLOPs: 255457.6579
2025-10-10 03:07:32 [INFO] [task_scheduler.cc:131] [Task #0: main] Trial #694: GFLOPs: 254245.3952. Time: 540.5760 us. Best GFLOPs: 255457.6579
2025-10-10 03:07:32 [INFO] [task_scheduler.cc:131] [Task #0: main] Trial #695: GFLOPs: 237873.3850. Time: 577.7820 us. Best GFLOPs: 255457.6579
2025-10-10 03:07:32 [INFO] [task_scheduler.cc:131] [Task #0: main] Trial #696: GFLOPs: 241133.3594. Time: 569.9707 us. Best GFLOPs: 255457.6579
2025-10-10 03:07:32 [INFO] [task_scheduler.cc:131] [Task #0: main] Trial #697: GFLOPs: 222682.0158. Time: 617.1983 us. Best GFLOPs: 255457.6579
2025-10-10 03:07:32 [INFO] [task_scheduler.cc:131] [Task #0: main] Trial #698: GFLOPs: 238751.9365. Time: 575.6559 us. Best GFLOPs: 255457.6579
2025-10-10 03:07:32 [INFO] [task_scheduler.cc:131] [Task #0: main] Trial #699: GFLOPs: 233032.8956. Time: 589.7835 us. Best GFLOPs: 255457.6579
2025-10-10 03:07:32 [INFO] [task_scheduler.cc:131] [Task #0: main] Trial #700: GFLOPs: 229258.2578. Time: 599.4940 us. Best GFLOPs: 255457.6579
2025-10-10 03:07:32 [INFO] [task_scheduler.cc:131] [Task #0: main] Trial #701: GFLOPs: 231580.6604. Time: 593.4820 us. Best GFLOPs: 255457.6579
2025-10-10 03:07:32 [INFO] [task_scheduler.cc:131] [Task #0: main] Trial #702: GFLOPs: 107186.1922. Time: 1282.2449 us. Best GFLOPs: 255457.6579
2025-10-10 03:07:32 [INFO] [task_scheduler.cc:131] [Task #0: main] Trial #703: GFLOPs: 29049.9329. Time: 4731.1281 us. Best GFLOPs: 255457.6579
2025-10-10 03:07:32 [INFO] [task_scheduler.cc:131] [Task #0: main] Trial #704: GFLOPs: 144023.5570. Time: 954.2811 us. Best GFLOPs: 255457.6579
2025-10-10 03:07:32 [INFO] [evolutionary_search.cc:713] Generating candidates......
2025-10-10 03:07:33 [INFO] [evolutionary_search.cc:715] Picked top 102 candidate(s) from database
2025-10-10 03:07:37 [INFO] [evolutionary_search.cc:533] Sample-Init-Population summary:
Postproc #0 [meta_schedule.DisallowDynamicLoop(0x1bb69df8)]: 0 failure(s)
Postproc #1 [meta_schedule.RewriteCooperativeFetch(0x1de2eb98)]: 0 failure(s)
Postproc #2 [meta_schedule.RewriteUnboundBlock(0x1de2c158)]: 0 failure(s)
Postproc #3 [meta_schedule.RewriteParallelVectorizeUnroll(0x1bbf4d28)]: 0 failure(s)
Postproc #4 [meta_schedule.RewriteReductionBlock(0x1c1c6128)]: 0 failure(s)
Postproc #5 [meta_schedule.VerifyGPUCode(0x1de28b58)]: 388 failure(s)
Postproc #6 [meta_schedule.RewriteTensorize(0x1dbcfb78)]: 0 failure(s)
2025-10-10 03:07:41 [INFO] [evolutionary_search.cc:533] Sample-Init-Population summary:
Postproc #0 [meta_schedule.DisallowDynamicLoop(0x1bb69df8)]: 0 failure(s)
Postproc #1 [meta_schedule.RewriteCooperativeFetch(0x1de2eb98)]: 0 failure(s)
Postproc #2 [meta_schedule.RewriteUnboundBlock(0x1de2c158)]: 0 failure(s)
Postproc #3 [meta_schedule.RewriteParallelVectorizeUnroll(0x1bbf4d28)]: 0 failure(s)
Postproc #4 [meta_schedule.RewriteReductionBlock(0x1c1c6128)]: 0 failure(s)
Postproc #5 [meta_schedule.VerifyGPUCode(0x1de28b58)]: 766 failure(s)
Postproc #6 [meta_schedule.RewriteTensorize(0x1dbcfb78)]: 0 failure(s)
2025-10-10 03:07:41 [INFO] [evolutionary_search.cc:723] Sampled 54 candidate(s)
2025-10-10 03:07:48 [INFO] [evolutionary_search.cc:621] Evolve iter #0 done. Summary:
Postproc #0 [meta_schedule.DisallowDynamicLoop(0x1bb69df8)]: 0 failure(s)
Postproc #1 [meta_schedule.RewriteCooperativeFetch(0x1de2eb98)]: 0 failure(s)
Postproc #2 [meta_schedule.RewriteUnboundBlock(0x1de2c158)]: 0 failure(s)
Postproc #3 [meta_schedule.RewriteParallelVectorizeUnroll(0x1bbf4d28)]: 0 failure(s)
Postproc #4 [meta_schedule.RewriteReductionBlock(0x1c1c6128)]: 0 failure(s)
Postproc #5 [meta_schedule.VerifyGPUCode(0x1de28b58)]: 119 failure(s)
Postproc #6 [meta_schedule.RewriteTensorize(0x1dbcfb78)]: 0 failure(s)
2025-10-10 03:07:56 [INFO] [evolutionary_search.cc:621] Evolve iter #1 done. Summary:
Postproc #0 [meta_schedule.DisallowDynamicLoop(0x1bb69df8)]: 0 failure(s)
Postproc #1 [meta_schedule.RewriteCooperativeFetch(0x1de2eb98)]: 0 failure(s)
Postproc #2 [meta_schedule.RewriteUnboundBlock(0x1de2c158)]: 0 failure(s)
Postproc #3 [meta_schedule.RewriteParallelVectorizeUnroll(0x1bbf4d28)]: 0 failure(s)
Postproc #4 [meta_schedule.RewriteReductionBlock(0x1c1c6128)]: 0 failure(s)
Postproc #5 [meta_schedule.VerifyGPUCode(0x1de28b58)]: 97 failure(s)
Postproc #6 [meta_schedule.RewriteTensorize(0x1dbcfb78)]: 0 failure(s)
2025-10-10 03:08:05 [INFO] [evolutionary_search.cc:621] Evolve iter #2 done. Summary:
Postproc #0 [meta_schedule.DisallowDynamicLoop(0x1bb69df8)]: 0 failure(s)
Postproc #1 [meta_schedule.RewriteCooperativeFetch(0x1de2eb98)]: 0 failure(s)
Postproc #2 [meta_schedule.RewriteUnboundBlock(0x1de2c158)]: 0 failure(s)
Postproc #3 [meta_schedule.RewriteParallelVectorizeUnroll(0x1bbf4d28)]: 0 failure(s)
Postproc #4 [meta_schedule.RewriteReductionBlock(0x1c1c6128)]: 0 failure(s)
Postproc #5 [meta_schedule.VerifyGPUCode(0x1de28b58)]: 103 failure(s)
Postproc #6 [meta_schedule.RewriteTensorize(0x1dbcfb78)]: 0 failure(s)
2025-10-10 03:08:13 [INFO] [evolutionary_search.cc:621] Evolve iter #3 done. Summary:
Postproc #0 [meta_schedule.DisallowDynamicLoop(0x1bb69df8)]: 0 failure(s)
Postproc #1 [meta_schedule.RewriteCooperativeFetch(0x1de2eb98)]: 0 failure(s)
Postproc #2 [meta_schedule.RewriteUnboundBlock(0x1de2c158)]: 0 failure(s)
Postproc #3 [meta_schedule.RewriteParallelVectorizeUnroll(0x1bbf4d28)]: 0 failure(s)
Postproc #4 [meta_schedule.RewriteReductionBlock(0x1c1c6128)]: 0 failure(s)
Postproc #5 [meta_schedule.VerifyGPUCode(0x1de28b58)]: 96 failure(s)
Postproc #6 [meta_schedule.RewriteTensorize(0x1dbcfb78)]: 0 failure(s)
2025-10-10 03:08:15 [INFO] [evolutionary_search.cc:649] Scores of the best 64 candidates:
[1 : 16]:	0.9526  0.9526  0.9484  0.9477  0.9476  0.9475  0.9462  0.9454  0.9454  0.9445  0.9445  0.9424  0.9423  0.9415  0.9405  0.9405
[17 : 32]:	0.9388  0.9374  0.9367  0.9360  0.9360  0.9360  0.9355  0.9355  0.9355  0.9355  0.9349  0.9349  0.9349  0.9346  0.9338  0.9338
[33 : 48]:	0.9338  0.9329  0.9329  0.9328  0.9328  0.9327  0.9327  0.9327  0.9318  0.9318  0.9318  0.9318  0.9318  0.9302  0.9302  0.9302
[49 : 64]:	0.9296  0.9296  0.9296  0.9289  0.9288  0.9288  0.9288  0.9288  0.9288  0.9282  0.9278  0.9278  0.9269  0.9265  0.9265  0.9265
2025-10-10 03:08:15 [INFO] [evolutionary_search.cc:727] Got 64 candidate(s) with evolutionary search
2025-10-10 03:08:15 [INFO] [evolutionary_search.cc:730] Sending 64 candidates(s) for measurement
2025-10-10 03:09:43 [INFO] [task_scheduler.cc:131] [Task #0: main] Trial #705: GFLOPs: 241512.3211. Time: 569.0764 us. Best GFLOPs: 255457.6579
2025-10-10 03:09:43 [INFO] [task_scheduler.cc:131] [Task #0: main] Trial #706: GFLOPs: 241743.5504. Time: 568.5320 us. Best GFLOPs: 255457.6579
2025-10-10 03:09:43 [INFO] [task_scheduler.cc:131] [Task #0: main] Trial #707: GFLOPs: 240091.4775. Time: 572.4441 us. Best GFLOPs: 255457.6579
2025-10-10 03:09:43 [INFO] [task_scheduler.cc:131] [Task #0: main] Trial #708: GFLOPs: 241276.0089. Time: 569.6337 us. Best GFLOPs: 255457.6579
2025-10-10 03:09:43 [INFO] [task_scheduler.cc:131] [Task #0: main] Trial #709: GFLOPs: 235287.5201. Time: 584.1319 us. Best GFLOPs: 255457.6579
2025-10-10 03:09:43 [INFO] [task_scheduler.cc:131] [Task #0: main] Trial #710: GFLOPs: 266546.6334. Time: 515.6282 us. Best GFLOPs: 266546.6334
2025-10-10 03:09:43 [INFO] [task_scheduler.cc:131] [Task #0: main] Trial #711: GFLOPs: 232943.4868. Time: 590.0099 us. Best GFLOPs: 266546.6334
2025-10-10 03:09:43 [INFO] [task_scheduler.cc:131] [Task #0: main] Trial #712: GFLOPs: 235470.1238. Time: 583.6789 us. Best GFLOPs: 266546.6334
2025-10-10 03:09:43 [INFO] [task_scheduler.cc:131] [Task #0: main] Trial #713: GFLOPs: 242229.2054. Time: 567.3922 us. Best GFLOPs: 266546.6334
2025-10-10 03:09:43 [INFO] [task_scheduler.cc:131] [Task #0: main] Trial #714: GFLOPs: 235946.2114. Time: 582.5012 us. Best GFLOPs: 266546.6334
2025-10-10 03:09:43 [INFO] [task_scheduler.cc:131] [Task #0: main] Trial #715: GFLOPs: 242807.9745. Time: 566.0397 us. Best GFLOPs: 266546.6334
2025-10-10 03:09:43 [INFO] [task_scheduler.cc:131] [Task #0: main] Trial #716: GFLOPs: 240452.1695. Time: 571.5854 us. Best GFLOPs: 266546.6334
2025-10-10 03:09:43 [INFO] [task_scheduler.cc:131] [Task #0: main] Trial #717: GFLOPs: 234392.8432. Time: 586.3616 us. Best GFLOPs: 266546.6334
2025-10-10 03:09:43 [INFO] [task_scheduler.cc:131] [Task #0: main] Trial #718: GFLOPs: 240340.8057. Time: 571.8503 us. Best GFLOPs: 266546.6334
2025-10-10 03:09:43 [INFO] [task_scheduler.cc:131] [Task #0: main] Trial #719: GFLOPs: 242361.1183. Time: 567.0833 us. Best GFLOPs: 266546.6334
2025-10-10 03:09:43 [INFO] [task_scheduler.cc:131] [Task #0: main] Trial #720: GFLOPs: 240566.9814. Time: 571.3126 us. Best GFLOPs: 266546.6334
2025-10-10 03:09:43 [INFO] [task_scheduler.cc:131] [Task #0: main] Trial #721: GFLOPs: 242285.1624. Time: 567.2611 us. Best GFLOPs: 266546.6334
2025-10-10 03:09:43 [INFO] [task_scheduler.cc:131] [Task #0: main] Trial #722: GFLOPs: 240320.5927. Time: 571.8984 us. Best GFLOPs: 266546.6334
2025-10-10 03:09:43 [INFO] [task_scheduler.cc:131] [Task #0: main] Trial #723: GFLOPs: 267966.1234. Time: 512.8967 us. Best GFLOPs: 267966.1234
2025-10-10 03:09:43 [INFO] [task_scheduler.cc:131] [Task #0: main] Trial #724: GFLOPs: 225727.7548. Time: 608.8704 us. Best GFLOPs: 267966.1234
2025-10-10 03:09:43 [INFO] [task_scheduler.cc:131] [Task #0: main] Trial #725: GFLOPs: 236009.8677. Time: 582.3441 us. Best GFLOPs: 267966.1234
2025-10-10 03:09:43 [INFO] [task_scheduler.cc:131] [Task #0: main] Trial #726: GFLOPs: 249490.2198. Time: 550.8791 us. Best GFLOPs: 267966.1234
2025-10-10 03:09:43 [INFO] [task_scheduler.cc:131] [Task #0: main] Trial #727: GFLOPs: 248188.6276. Time: 553.7681 us. Best GFLOPs: 267966.1234
2025-10-10 03:09:43 [INFO] [task_scheduler.cc:131] [Task #0: main] Trial #728: GFLOPs: 237028.3756. Time: 579.8418 us. Best GFLOPs: 267966.1234
2025-10-10 03:09:43 [INFO] [task_scheduler.cc:131] [Task #0: main] Trial #729: GFLOPs: 235294.0864. Time: 584.1156 us. Best GFLOPs: 267966.1234
2025-10-10 03:09:43 [INFO] [task_scheduler.cc:131] [Task #0: main] Trial #730: GFLOPs: 239247.2916. Time: 574.4640 us. Best GFLOPs: 267966.1234
2025-10-10 03:09:43 [INFO] [task_scheduler.cc:131] [Task #0: main] Trial #731: GFLOPs: 226070.2297. Time: 607.9480 us. Best GFLOPs: 267966.1234
2025-10-10 03:09:43 [INFO] [task_scheduler.cc:131] [Task #0: main] Trial #732: GFLOPs: 240134.4733. Time: 572.3416 us. Best GFLOPs: 267966.1234
2025-10-10 03:09:43 [INFO] [task_scheduler.cc:131] [Task #0: main] Trial #733: GFLOPs: 232173.0245. Time: 591.9678 us. Best GFLOPs: 267966.1234
2025-10-10 03:09:43 [INFO] [task_scheduler.cc:131] [Task #0: main] Trial #734: GFLOPs: 242730.3108. Time: 566.2208 us. Best GFLOPs: 267966.1234
2025-10-10 03:09:43 [INFO] [task_scheduler.cc:131] [Task #0: main] Trial #735: GFLOPs: 232138.2183. Time: 592.0566 us. Best GFLOPs: 267966.1234
2025-10-10 03:09:43 [INFO] [task_scheduler.cc:131] [Task #0: main] Trial #736: GFLOPs: 238908.5356. Time: 575.2785 us. Best GFLOPs: 267966.1234
2025-10-10 03:09:43 [INFO] [task_scheduler.cc:131] [Task #0: main] Trial #737: GFLOPs: 239426.1782. Time: 574.0348 us. Best GFLOPs: 267966.1234
2025-10-10 03:09:43 [INFO] [task_scheduler.cc:131] [Task #0: main] Trial #738: GFLOPs: 236494.4828. Time: 581.1508 us. Best GFLOPs: 267966.1234
2025-10-10 03:09:43 [INFO] [task_scheduler.cc:131] [Task #0: main] Trial #739: GFLOPs: 243689.2098. Time: 563.9928 us. Best GFLOPs: 267966.1234
2025-10-10 03:09:43 [INFO] [task_scheduler.cc:131] [Task #0: main] Trial #740: GFLOPs: 250974.2374. Time: 547.6218 us. Best GFLOPs: 267966.1234
2025-10-10 03:09:43 [INFO] [task_scheduler.cc:131] [Task #0: main] Trial #741: GFLOPs: 248643.2669. Time: 552.7556 us. Best GFLOPs: 267966.1234
2025-10-10 03:09:43 [INFO] [task_scheduler.cc:131] [Task #0: main] Trial #742: GFLOPs: 248992.6045. Time: 551.9801 us. Best GFLOPs: 267966.1234
2025-10-10 03:09:43 [INFO] [task_scheduler.cc:131] [Task #0: main] Trial #743: GFLOPs: 247253.1885. Time: 555.8632 us. Best GFLOPs: 267966.1234
2025-10-10 03:09:43 [INFO] [task_scheduler.cc:131] [Task #0: main] Trial #744: GFLOPs: 226122.9392. Time: 607.8063 us. Best GFLOPs: 267966.1234
2025-10-10 03:09:43 [INFO] [task_scheduler.cc:131] [Task #0: main] Trial #745: GFLOPs: 235066.4081. Time: 584.6814 us. Best GFLOPs: 267966.1234
2025-10-10 03:09:43 [INFO] [task_scheduler.cc:131] [Task #0: main] Trial #746: GFLOPs: 248768.2831. Time: 552.4778 us. Best GFLOPs: 267966.1234
2025-10-10 03:09:43 [INFO] [task_scheduler.cc:131] [Task #0: main] Trial #747: GFLOPs: 225830.0162. Time: 608.5947 us. Best GFLOPs: 267966.1234
2025-10-10 03:09:43 [INFO] [task_scheduler.cc:131] [Task #0: main] Trial #748: GFLOPs: 253492.7367. Time: 542.1810 us. Best GFLOPs: 267966.1234
2025-10-10 03:09:43 [INFO] [task_scheduler.cc:131] [Task #0: main] Trial #749: GFLOPs: 251746.0296. Time: 545.9429 us. Best GFLOPs: 267966.1234
2025-10-10 03:09:43 [INFO] [task_scheduler.cc:131] [Task #0: main] Trial #750: GFLOPs: 221385.8546. Time: 620.8118 us. Best GFLOPs: 267966.1234
2025-10-10 03:09:43 [INFO] [task_scheduler.cc:131] [Task #0: main] Trial #751: GFLOPs: 237152.2102. Time: 579.5390 us. Best GFLOPs: 267966.1234
2025-10-10 03:09:43 [INFO] [task_scheduler.cc:131] [Task #0: main] Trial #752: GFLOPs: 226833.8486. Time: 605.9014 us. Best GFLOPs: 267966.1234
2025-10-10 03:09:43 [INFO] [task_scheduler.cc:131] [Task #0: main] Trial #753: GFLOPs: 250204.1552. Time: 549.3072 us. Best GFLOPs: 267966.1234
2025-10-10 03:09:43 [INFO] [task_scheduler.cc:131] [Task #0: main] Trial #754: GFLOPs: 225332.6596. Time: 609.9380 us. Best GFLOPs: 267966.1234
2025-10-10 03:09:43 [INFO] [task_scheduler.cc:131] [Task #0: main] Trial #755: GFLOPs: 245995.4886. Time: 558.7052 us. Best GFLOPs: 267966.1234
2025-10-10 03:09:43 [INFO] [task_scheduler.cc:131] [Task #0: main] Trial #756: GFLOPs: 232483.2915. Time: 591.1778 us. Best GFLOPs: 267966.1234
2025-10-10 03:09:43 [INFO] [task_scheduler.cc:131] [Task #0: main] Trial #757: GFLOPs: 231542.1835. Time: 593.5806 us. Best GFLOPs: 267966.1234
2025-10-10 03:09:43 [INFO] [task_scheduler.cc:131] [Task #0: main] Trial #758: GFLOPs: 231593.0291. Time: 593.4503 us. Best GFLOPs: 267966.1234
2025-10-10 03:09:43 [INFO] [task_scheduler.cc:131] [Task #0: main] Trial #759: GFLOPs: 233750.5738. Time: 587.9727 us. Best GFLOPs: 267966.1234
2025-10-10 03:09:43 [INFO] [task_scheduler.cc:131] [Task #0: main] Trial #760: GFLOPs: 236536.4381. Time: 581.0477 us. Best GFLOPs: 267966.1234
2025-10-10 03:09:43 [INFO] [task_scheduler.cc:131] [Task #0: main] Trial #761: GFLOPs: 230939.3099. Time: 595.1302 us. Best GFLOPs: 267966.1234
2025-10-10 03:09:43 [INFO] [task_scheduler.cc:131] [Task #0: main] Trial #762: GFLOPs: 238524.0673. Time: 576.2058 us. Best GFLOPs: 267966.1234
2025-10-10 03:09:43 [INFO] [task_scheduler.cc:131] [Task #0: main] Trial #763: GFLOPs: 233166.3944. Time: 589.4458 us. Best GFLOPs: 267966.1234
2025-10-10 03:09:43 [INFO] [task_scheduler.cc:131] [Task #0: main] Trial #764: GFLOPs: 234686.0853. Time: 585.6289 us. Best GFLOPs: 267966.1234
2025-10-10 03:09:43 [INFO] [task_scheduler.cc:131] [Task #0: main] Trial #765: GFLOPs: 231879.3923. Time: 592.7174 us. Best GFLOPs: 267966.1234
2025-10-10 03:09:43 [INFO] [task_scheduler.cc:131] [Task #0: main] Trial #766: GFLOPs: 200691.5090. Time: 684.8269 us. Best GFLOPs: 267966.1234
2025-10-10 03:09:43 [INFO] [task_scheduler.cc:131] [Task #0: main] Trial #767: GFLOPs: 28055.8239. Time: 4898.7673 us. Best GFLOPs: 267966.1234
2025-10-10 03:09:43 [INFO] [task_scheduler.cc:131] [Task #0: main] Trial #768: GFLOPs: 189641.0020. Time: 724.7323 us. Best GFLOPs: 267966.1234
2025-10-10 03:09:43 [INFO] [evolutionary_search.cc:713] Generating candidates......
2025-10-10 03:09:45 [INFO] [evolutionary_search.cc:715] Picked top 102 candidate(s) from database
2025-10-10 03:09:48 [INFO] [evolutionary_search.cc:533] Sample-Init-Population summary:
Postproc #0 [meta_schedule.DisallowDynamicLoop(0x1bb69df8)]: 0 failure(s)
Postproc #1 [meta_schedule.RewriteCooperativeFetch(0x1de2eb98)]: 0 failure(s)
Postproc #2 [meta_schedule.RewriteUnboundBlock(0x1de2c158)]: 0 failure(s)
Postproc #3 [meta_schedule.RewriteParallelVectorizeUnroll(0x1bbf4d28)]: 0 failure(s)
Postproc #4 [meta_schedule.RewriteReductionBlock(0x1c1c6128)]: 0 failure(s)
Postproc #5 [meta_schedule.VerifyGPUCode(0x1de28b58)]: 376 failure(s)
Postproc #6 [meta_schedule.RewriteTensorize(0x1dbcfb78)]: 0 failure(s)
2025-10-10 03:09:52 [INFO] [evolutionary_search.cc:533] Sample-Init-Population summary:
Postproc #0 [meta_schedule.DisallowDynamicLoop(0x1bb69df8)]: 0 failure(s)
Postproc #1 [meta_schedule.RewriteCooperativeFetch(0x1de2eb98)]: 0 failure(s)
Postproc #2 [meta_schedule.RewriteUnboundBlock(0x1de2c158)]: 0 failure(s)
Postproc #3 [meta_schedule.RewriteParallelVectorizeUnroll(0x1bbf4d28)]: 0 failure(s)
Postproc #4 [meta_schedule.RewriteReductionBlock(0x1c1c6128)]: 0 failure(s)
Postproc #5 [meta_schedule.VerifyGPUCode(0x1de28b58)]: 756 failure(s)
Postproc #6 [meta_schedule.RewriteTensorize(0x1dbcfb78)]: 0 failure(s)
2025-10-10 03:09:52 [INFO] [evolutionary_search.cc:723] Sampled 64 candidate(s)
2025-10-10 03:10:00 [INFO] [evolutionary_search.cc:621] Evolve iter #0 done. Summary:
Postproc #0 [meta_schedule.DisallowDynamicLoop(0x1bb69df8)]: 0 failure(s)
Postproc #1 [meta_schedule.RewriteCooperativeFetch(0x1de2eb98)]: 0 failure(s)
Postproc #2 [meta_schedule.RewriteUnboundBlock(0x1de2c158)]: 0 failure(s)
Postproc #3 [meta_schedule.RewriteParallelVectorizeUnroll(0x1bbf4d28)]: 0 failure(s)
Postproc #4 [meta_schedule.RewriteReductionBlock(0x1c1c6128)]: 0 failure(s)
Postproc #5 [meta_schedule.VerifyGPUCode(0x1de28b58)]: 119 failure(s)
Postproc #6 [meta_schedule.RewriteTensorize(0x1dbcfb78)]: 0 failure(s)
2025-10-10 03:10:08 [INFO] [evolutionary_search.cc:621] Evolve iter #1 done. Summary:
Postproc #0 [meta_schedule.DisallowDynamicLoop(0x1bb69df8)]: 0 failure(s)
Postproc #1 [meta_schedule.RewriteCooperativeFetch(0x1de2eb98)]: 0 failure(s)
Postproc #2 [meta_schedule.RewriteUnboundBlock(0x1de2c158)]: 0 failure(s)
Postproc #3 [meta_schedule.RewriteParallelVectorizeUnroll(0x1bbf4d28)]: 0 failure(s)
Postproc #4 [meta_schedule.RewriteReductionBlock(0x1c1c6128)]: 0 failure(s)
Postproc #5 [meta_schedule.VerifyGPUCode(0x1de28b58)]: 87 failure(s)
Postproc #6 [meta_schedule.RewriteTensorize(0x1dbcfb78)]: 0 failure(s)
2025-10-10 03:10:16 [INFO] [evolutionary_search.cc:621] Evolve iter #2 done. Summary:
Postproc #0 [meta_schedule.DisallowDynamicLoop(0x1bb69df8)]: 0 failure(s)
Postproc #1 [meta_schedule.RewriteCooperativeFetch(0x1de2eb98)]: 0 failure(s)
Postproc #2 [meta_schedule.RewriteUnboundBlock(0x1de2c158)]: 0 failure(s)
Postproc #3 [meta_schedule.RewriteParallelVectorizeUnroll(0x1bbf4d28)]: 0 failure(s)
Postproc #4 [meta_schedule.RewriteReductionBlock(0x1c1c6128)]: 0 failure(s)
Postproc #5 [meta_schedule.VerifyGPUCode(0x1de28b58)]: 89 failure(s)
Postproc #6 [meta_schedule.RewriteTensorize(0x1dbcfb78)]: 0 failure(s)
2025-10-10 03:10:24 [INFO] [evolutionary_search.cc:621] Evolve iter #3 done. Summary:
Postproc #0 [meta_schedule.DisallowDynamicLoop(0x1bb69df8)]: 0 failure(s)
Postproc #1 [meta_schedule.RewriteCooperativeFetch(0x1de2eb98)]: 0 failure(s)
Postproc #2 [meta_schedule.RewriteUnboundBlock(0x1de2c158)]: 0 failure(s)
Postproc #3 [meta_schedule.RewriteParallelVectorizeUnroll(0x1bbf4d28)]: 0 failure(s)
Postproc #4 [meta_schedule.RewriteReductionBlock(0x1c1c6128)]: 0 failure(s)
Postproc #5 [meta_schedule.VerifyGPUCode(0x1de28b58)]: 109 failure(s)
Postproc #6 [meta_schedule.RewriteTensorize(0x1dbcfb78)]: 0 failure(s)
2025-10-10 03:10:26 [INFO] [evolutionary_search.cc:649] Scores of the best 64 candidates:
[1 : 16]:	0.9498  0.9487  0.9450  0.9432  0.9424  0.9410  0.9287  0.9227  0.9210  0.9192  0.9048  0.9021  0.9018  0.9014  0.9009  0.9008
[17 : 32]:	0.8995  0.8995  0.8993  0.8966  0.8955  0.8952  0.8944  0.8944  0.8944  0.8930  0.8930  0.8930  0.8925  0.8925  0.8914  0.8914
[33 : 48]:	0.8912  0.8912  0.8909  0.8909  0.8908  0.8905  0.8902  0.8896  0.8896  0.8896  0.8896  0.8888  0.8888  0.8880  0.8880  0.8879
[49 : 64]:	0.8867  0.8867  0.8866  0.8861  0.8861  0.8859  0.8859  0.8859  0.8853  0.8853  0.8853  0.8850  0.8848  0.8844  0.8843  0.8835
2025-10-10 03:10:27 [INFO] [evolutionary_search.cc:727] Got 64 candidate(s) with evolutionary search
2025-10-10 03:10:27 [INFO] [evolutionary_search.cc:730] Sending 64 candidates(s) for measurement
2025-10-10 03:11:55 [INFO] [task_scheduler.cc:131] [Task #0: main] Trial #769: GFLOPs: 232204.6666. Time: 591.8871 us. Best GFLOPs: 267966.1234
2025-10-10 03:11:55 [INFO] [task_scheduler.cc:131] [Task #0: main] Trial #770: GFLOPs: 273913.7280. Time: 501.7600 us. Best GFLOPs: 273913.7280
2025-10-10 03:11:55 [INFO] [task_scheduler.cc:131] [Task #0: main] Trial #771: GFLOPs: 233455.1767. Time: 588.7167 us. Best GFLOPs: 273913.7280
2025-10-10 03:11:55 [INFO] [task_scheduler.cc:131] [Task #0: main] Trial #772: GFLOPs: 231844.4658. Time: 592.8067 us. Best GFLOPs: 273913.7280
2025-10-10 03:11:55 [INFO] [task_scheduler.cc:131] [Task #0: main] Trial #773: GFLOPs: 265811.7173. Time: 517.0538 us. Best GFLOPs: 273913.7280
2025-10-10 03:11:55 [INFO] [task_scheduler.cc:131] [Task #0: main] Trial #774: GFLOPs: 262479.1415. Time: 523.6186 us. Best GFLOPs: 273913.7280
2025-10-10 03:11:55 [INFO] [task_scheduler.cc:131] [Task #0: main] Trial #775: GFLOPs: 240930.3818. Time: 570.4509 us. Best GFLOPs: 273913.7280
2025-10-10 03:11:55 [INFO] [task_scheduler.cc:131] [Task #0: main] Trial #776: GFLOPs: 252941.1500. Time: 543.3634 us. Best GFLOPs: 273913.7280
2025-10-10 03:11:55 [INFO] [task_scheduler.cc:131] [Task #0: main] Trial #777: GFLOPs: 233641.6536. Time: 588.2468 us. Best GFLOPs: 273913.7280
2025-10-10 03:11:55 [INFO] [task_scheduler.cc:131] [Task #0: main] Trial #778: GFLOPs: 233102.4691. Time: 589.6075 us. Best GFLOPs: 273913.7280
2025-10-10 03:11:55 [INFO] [task_scheduler.cc:131] [Task #0: main] Trial #779: GFLOPs: 247967.3768. Time: 554.2622 us. Best GFLOPs: 273913.7280
2025-10-10 03:11:55 [INFO] [task_scheduler.cc:131] [Task #0: main] Trial #780: GFLOPs: 233586.2497. Time: 588.3863 us. Best GFLOPs: 273913.7280
2025-10-10 03:11:55 [INFO] [task_scheduler.cc:131] [Task #0: main] Trial #781: GFLOPs: 238893.6059. Time: 575.3145 us. Best GFLOPs: 273913.7280
2025-10-10 03:11:55 [INFO] [task_scheduler.cc:131] [Task #0: main] Trial #782: GFLOPs: 181814.7229. Time: 755.9286 us. Best GFLOPs: 273913.7280
2025-10-10 03:11:55 [INFO] [task_scheduler.cc:131] [Task #0: main] Trial #783: GFLOPs: 251611.4978. Time: 546.2348 us. Best GFLOPs: 273913.7280
2025-10-10 03:11:55 [INFO] [task_scheduler.cc:131] [Task #0: main] Trial #784: GFLOPs: 252127.6315. Time: 545.1166 us. Best GFLOPs: 273913.7280
2025-10-10 03:11:55 [INFO] [task_scheduler.cc:131] [Task #0: main] Trial #785: GFLOPs: 245533.4032. Time: 559.7566 us. Best GFLOPs: 273913.7280
2025-10-10 03:11:55 [INFO] [task_scheduler.cc:131] [Task #0: main] Trial #786: GFLOPs: 234154.9501. Time: 586.9573 us. Best GFLOPs: 273913.7280
2025-10-10 03:11:55 [INFO] [task_scheduler.cc:131] [Task #0: main] Trial #787: GFLOPs: 262324.2193. Time: 523.9278 us. Best GFLOPs: 273913.7280
2025-10-10 03:11:55 [INFO] [task_scheduler.cc:131] [Task #0: main] Trial #788: GFLOPs: 237816.2881. Time: 577.9207 us. Best GFLOPs: 273913.7280
2025-10-10 03:11:55 [INFO] [task_scheduler.cc:131] [Task #0: main] Trial #789: GFLOPs: 241258.8987. Time: 569.6741 us. Best GFLOPs: 273913.7280
2025-10-10 03:11:55 [INFO] [task_scheduler.cc:131] [Task #0: main] Trial #790: GFLOPs: 232912.4857. Time: 590.0884 us. Best GFLOPs: 273913.7280
2025-10-10 03:11:55 [INFO] [task_scheduler.cc:131] [Task #0: main] Trial #791: GFLOPs: 229572.6496. Time: 598.6730 us. Best GFLOPs: 273913.7280
2025-10-10 03:11:55 [INFO] [task_scheduler.cc:131] [Task #0: main] Trial #792: GFLOPs: 230372.1267. Time: 596.5954 us. Best GFLOPs: 273913.7280
2025-10-10 03:11:55 [INFO] [task_scheduler.cc:131] [Task #0: main] Trial #793: GFLOPs: 234572.1008. Time: 585.9135 us. Best GFLOPs: 273913.7280
2025-10-10 03:11:55 [INFO] [task_scheduler.cc:131] [Task #0: main] Trial #794: GFLOPs: 234813.4422. Time: 585.3113 us. Best GFLOPs: 273913.7280
2025-10-10 03:11:55 [INFO] [task_scheduler.cc:131] [Task #0: main] Trial #795: GFLOPs: 242719.7843. Time: 566.2454 us. Best GFLOPs: 273913.7280
2025-10-10 03:11:55 [INFO] [task_scheduler.cc:131] [Task #0: main] Trial #796: GFLOPs: 237616.8132. Time: 578.4058 us. Best GFLOPs: 273913.7280
2025-10-10 03:11:55 [INFO] [task_scheduler.cc:131] [Task #0: main] Trial #797: GFLOPs: 224921.4065. Time: 611.0532 us. Best GFLOPs: 273913.7280
2025-10-10 03:11:55 [INFO] [task_scheduler.cc:131] [Task #0: main] Trial #798: GFLOPs: 222528.9343. Time: 617.6228 us. Best GFLOPs: 273913.7280
2025-10-10 03:11:55 [INFO] [task_scheduler.cc:131] [Task #0: main] Trial #799: GFLOPs: 228374.2510. Time: 601.8146 us. Best GFLOPs: 273913.7280
2025-10-10 03:11:55 [INFO] [task_scheduler.cc:131] [Task #0: main] Trial #800: GFLOPs: 246797.6046. Time: 556.8893 us. Best GFLOPs: 273913.7280
2025-10-10 03:11:55 [INFO] [task_scheduler.cc:131] [Task #0: main] Trial #801: GFLOPs: 235540.8700. Time: 583.5036 us. Best GFLOPs: 273913.7280
2025-10-10 03:11:55 [INFO] [task_scheduler.cc:131] [Task #0: main] Trial #802: GFLOPs: 236284.3917. Time: 581.6675 us. Best GFLOPs: 273913.7280
2025-10-10 03:11:55 [INFO] [task_scheduler.cc:131] [Task #0: main] Trial #803: GFLOPs: 256274.5490. Time: 536.2958 us. Best GFLOPs: 273913.7280
2025-10-10 03:11:55 [INFO] [task_scheduler.cc:131] [Task #0: main] Trial #804: GFLOPs: 236406.4524. Time: 581.3672 us. Best GFLOPs: 273913.7280
2025-10-10 03:11:55 [INFO] [task_scheduler.cc:131] [Task #0: main] Trial #805: GFLOPs: 247385.1579. Time: 555.5667 us. Best GFLOPs: 273913.7280
2025-10-10 03:11:55 [INFO] [task_scheduler.cc:131] [Task #0: main] Trial #806: GFLOPs: 240933.6081. Time: 570.4433 us. Best GFLOPs: 273913.7280
2025-10-10 03:11:55 [INFO] [task_scheduler.cc:131] [Task #0: main] Trial #807: GFLOPs: 244582.8087. Time: 561.9322 us. Best GFLOPs: 273913.7280
2025-10-10 03:11:55 [INFO] [task_scheduler.cc:131] [Task #0: main] Trial #808: GFLOPs: 230384.0487. Time: 596.5645 us. Best GFLOPs: 273913.7280
2025-10-10 03:11:55 [INFO] [task_scheduler.cc:131] [Task #0: main] Trial #809: GFLOPs: 230979.6929. Time: 595.0261 us. Best GFLOPs: 273913.7280
2025-10-10 03:11:55 [INFO] [task_scheduler.cc:131] [Task #0: main] Trial #810: GFLOPs: 223235.4297. Time: 615.6682 us. Best GFLOPs: 273913.7280
2025-10-10 03:11:55 [INFO] [task_scheduler.cc:131] [Task #0: main] Trial #811: GFLOPs: 235823.6370. Time: 582.8040 us. Best GFLOPs: 273913.7280
2025-10-10 03:11:55 [INFO] [task_scheduler.cc:131] [Task #0: main] Trial #812: GFLOPs: 229933.1622. Time: 597.7344 us. Best GFLOPs: 273913.7280
2025-10-10 03:11:55 [INFO] [task_scheduler.cc:131] [Task #0: main] Trial #813: GFLOPs: 229936.1256. Time: 597.7267 us. Best GFLOPs: 273913.7280
2025-10-10 03:11:55 [INFO] [task_scheduler.cc:131] [Task #0: main] Trial #814: GFLOPs: 198506.9787. Time: 692.3633 us. Best GFLOPs: 273913.7280
2025-10-10 03:11:55 [INFO] [task_scheduler.cc:131] [Task #0: main] Trial #815: GFLOPs: 205854.1089. Time: 667.6522 us. Best GFLOPs: 273913.7280
2025-10-10 03:11:55 [INFO] [task_scheduler.cc:131] [Task #0: main] Trial #816: GFLOPs: 225737.6475. Time: 608.8437 us. Best GFLOPs: 273913.7280
2025-10-10 03:11:55 [INFO] [task_scheduler.cc:131] [Task #0: main] Trial #817: GFLOPs: 234932.2242. Time: 585.0153 us. Best GFLOPs: 273913.7280
2025-10-10 03:11:55 [INFO] [task_scheduler.cc:131] [Task #0: main] Trial #818: GFLOPs: 232185.5044. Time: 591.9360 us. Best GFLOPs: 273913.7280
2025-10-10 03:11:55 [INFO] [task_scheduler.cc:131] [Task #0: main] Trial #819: GFLOPs: 230563.0232. Time: 596.1015 us. Best GFLOPs: 273913.7280
2025-10-10 03:11:55 [INFO] [task_scheduler.cc:131] [Task #0: main] Trial #820: GFLOPs: 232734.5154. Time: 590.5396 us. Best GFLOPs: 273913.7280
2025-10-10 03:11:55 [INFO] [task_scheduler.cc:131] [Task #0: main] Trial #821: GFLOPs: 243594.1988. Time: 564.2128 us. Best GFLOPs: 273913.7280
2025-10-10 03:11:55 [INFO] [task_scheduler.cc:131] [Task #0: main] Trial #822: GFLOPs: 225815.1835. Time: 608.6347 us. Best GFLOPs: 273913.7280
2025-10-10 03:11:55 [INFO] [task_scheduler.cc:131] [Task #0: main] Trial #823: GFLOPs: 237346.9475. Time: 579.0635 us. Best GFLOPs: 273913.7280
2025-10-10 03:11:55 [INFO] [task_scheduler.cc:131] [Task #0: main] Trial #824: GFLOPs: 234191.7015. Time: 586.8652 us. Best GFLOPs: 273913.7280
2025-10-10 03:11:55 [INFO] [task_scheduler.cc:131] [Task #0: main] Trial #825: GFLOPs: 235937.7212. Time: 582.5222 us. Best GFLOPs: 273913.7280
2025-10-10 03:11:55 [INFO] [task_scheduler.cc:131] [Task #0: main] Trial #826: GFLOPs: 231356.6919. Time: 594.0565 us. Best GFLOPs: 273913.7280
2025-10-10 03:11:55 [INFO] [task_scheduler.cc:131] [Task #0: main] Trial #827: GFLOPs: 240560.3502. Time: 571.3284 us. Best GFLOPs: 273913.7280
2025-10-10 03:11:55 [INFO] [task_scheduler.cc:131] [Task #0: main] Trial #828: GFLOPs: 231622.1055. Time: 593.3758 us. Best GFLOPs: 273913.7280
2025-10-10 03:11:55 [INFO] [task_scheduler.cc:131] [Task #0: main] Trial #829: GFLOPs: 234709.3307. Time: 585.5709 us. Best GFLOPs: 273913.7280
2025-10-10 03:11:55 [INFO] [task_scheduler.cc:131] [Task #0: main] Trial #830: GFLOPs: 58217.2041. Time: 2360.7962 us. Best GFLOPs: 273913.7280
2025-10-10 03:11:55 [INFO] [task_scheduler.cc:131] [Task #0: main] Trial #831: GFLOPs: 68534.2902. Time: 2005.4042 us. Best GFLOPs: 273913.7280
2025-10-10 03:11:55 [INFO] [task_scheduler.cc:131] [Task #0: main] Trial #832: GFLOPs: 145578.1716. Time: 944.0904 us. Best GFLOPs: 273913.7280
2025-10-10 03:11:55 [INFO] [evolutionary_search.cc:713] Generating candidates......
2025-10-10 03:11:56 [INFO] [evolutionary_search.cc:715] Picked top 102 candidate(s) from database
2025-10-10 03:12:00 [INFO] [evolutionary_search.cc:533] Sample-Init-Population summary:
Postproc #0 [meta_schedule.DisallowDynamicLoop(0x1bb69df8)]: 0 failure(s)
Postproc #1 [meta_schedule.RewriteCooperativeFetch(0x1de2eb98)]: 0 failure(s)
Postproc #2 [meta_schedule.RewriteUnboundBlock(0x1de2c158)]: 0 failure(s)
Postproc #3 [meta_schedule.RewriteParallelVectorizeUnroll(0x1bbf4d28)]: 0 failure(s)
Postproc #4 [meta_schedule.RewriteReductionBlock(0x1c1c6128)]: 0 failure(s)
Postproc #5 [meta_schedule.VerifyGPUCode(0x1de28b58)]: 380 failure(s)
Postproc #6 [meta_schedule.RewriteTensorize(0x1dbcfb78)]: 0 failure(s)
2025-10-10 03:12:04 [INFO] [evolutionary_search.cc:533] Sample-Init-Population summary:
Postproc #0 [meta_schedule.DisallowDynamicLoop(0x1bb69df8)]: 0 failure(s)
Postproc #1 [meta_schedule.RewriteCooperativeFetch(0x1de2eb98)]: 0 failure(s)
Postproc #2 [meta_schedule.RewriteUnboundBlock(0x1de2c158)]: 0 failure(s)
Postproc #3 [meta_schedule.RewriteParallelVectorizeUnroll(0x1bbf4d28)]: 0 failure(s)
Postproc #4 [meta_schedule.RewriteReductionBlock(0x1c1c6128)]: 0 failure(s)
Postproc #5 [meta_schedule.VerifyGPUCode(0x1de28b58)]: 763 failure(s)
Postproc #6 [meta_schedule.RewriteTensorize(0x1dbcfb78)]: 0 failure(s)
2025-10-10 03:12:04 [INFO] [evolutionary_search.cc:723] Sampled 57 candidate(s)
2025-10-10 03:12:11 [INFO] [evolutionary_search.cc:621] Evolve iter #0 done. Summary:
Postproc #0 [meta_schedule.DisallowDynamicLoop(0x1bb69df8)]: 0 failure(s)
Postproc #1 [meta_schedule.RewriteCooperativeFetch(0x1de2eb98)]: 0 failure(s)
Postproc #2 [meta_schedule.RewriteUnboundBlock(0x1de2c158)]: 0 failure(s)
Postproc #3 [meta_schedule.RewriteParallelVectorizeUnroll(0x1bbf4d28)]: 0 failure(s)
Postproc #4 [meta_schedule.RewriteReductionBlock(0x1c1c6128)]: 0 failure(s)
Postproc #5 [meta_schedule.VerifyGPUCode(0x1de28b58)]: 102 failure(s)
Postproc #6 [meta_schedule.RewriteTensorize(0x1dbcfb78)]: 0 failure(s)
2025-10-10 03:12:19 [INFO] [evolutionary_search.cc:621] Evolve iter #1 done. Summary:
Postproc #0 [meta_schedule.DisallowDynamicLoop(0x1bb69df8)]: 0 failure(s)
Postproc #1 [meta_schedule.RewriteCooperativeFetch(0x1de2eb98)]: 0 failure(s)
Postproc #2 [meta_schedule.RewriteUnboundBlock(0x1de2c158)]: 0 failure(s)
Postproc #3 [meta_schedule.RewriteParallelVectorizeUnroll(0x1bbf4d28)]: 0 failure(s)
Postproc #4 [meta_schedule.RewriteReductionBlock(0x1c1c6128)]: 0 failure(s)
Postproc #5 [meta_schedule.VerifyGPUCode(0x1de28b58)]: 99 failure(s)
Postproc #6 [meta_schedule.RewriteTensorize(0x1dbcfb78)]: 0 failure(s)
2025-10-10 03:12:27 [INFO] [evolutionary_search.cc:621] Evolve iter #2 done. Summary:
Postproc #0 [meta_schedule.DisallowDynamicLoop(0x1bb69df8)]: 0 failure(s)
Postproc #1 [meta_schedule.RewriteCooperativeFetch(0x1de2eb98)]: 0 failure(s)
Postproc #2 [meta_schedule.RewriteUnboundBlock(0x1de2c158)]: 0 failure(s)
Postproc #3 [meta_schedule.RewriteParallelVectorizeUnroll(0x1bbf4d28)]: 0 failure(s)
Postproc #4 [meta_schedule.RewriteReductionBlock(0x1c1c6128)]: 0 failure(s)
Postproc #5 [meta_schedule.VerifyGPUCode(0x1de28b58)]: 105 failure(s)
Postproc #6 [meta_schedule.RewriteTensorize(0x1dbcfb78)]: 0 failure(s)
2025-10-10 03:12:35 [INFO] [evolutionary_search.cc:621] Evolve iter #3 done. Summary:
Postproc #0 [meta_schedule.DisallowDynamicLoop(0x1bb69df8)]: 0 failure(s)
Postproc #1 [meta_schedule.RewriteCooperativeFetch(0x1de2eb98)]: 0 failure(s)
Postproc #2 [meta_schedule.RewriteUnboundBlock(0x1de2c158)]: 0 failure(s)
Postproc #3 [meta_schedule.RewriteParallelVectorizeUnroll(0x1bbf4d28)]: 0 failure(s)
Postproc #4 [meta_schedule.RewriteReductionBlock(0x1c1c6128)]: 0 failure(s)
Postproc #5 [meta_schedule.VerifyGPUCode(0x1de28b58)]: 95 failure(s)
Postproc #6 [meta_schedule.RewriteTensorize(0x1dbcfb78)]: 0 failure(s)
2025-10-10 03:12:37 [INFO] [evolutionary_search.cc:649] Scores of the best 64 candidates:
[1 : 16]:	0.9420  0.9404  0.9369  0.9339  0.9213  0.9206  0.9168  0.9117  0.9095  0.9094  0.9058  0.9028  0.9021  0.9021  0.9016  0.8977
[17 : 32]:	0.8965  0.8962  0.8953  0.8953  0.8899  0.8899  0.8899  0.8899  0.8857  0.8840  0.8822  0.8781  0.8779  0.8766  0.8766  0.8764
[33 : 48]:	0.8763  0.8759  0.8750  0.8747  0.8747  0.8747  0.8747  0.8747  0.8747  0.8745  0.8745  0.8742  0.8734  0.8718  0.8702  0.8702
[49 : 64]:	0.8702  0.8702  0.8702  0.8702  0.8700  0.8698  0.8697  0.8697  0.8697  0.8697  0.8697  0.8697  0.8687  0.8686  0.8686  0.8686
2025-10-10 03:12:38 [INFO] [evolutionary_search.cc:727] Got 64 candidate(s) with evolutionary search
2025-10-10 03:12:38 [INFO] [evolutionary_search.cc:730] Sending 64 candidates(s) for measurement
2025-10-10 03:14:06 [INFO] [task_scheduler.cc:131] [Task #0: main] Trial #833: GFLOPs: 279698.5911. Time: 491.3824 us. Best GFLOPs: 279698.5911
2025-10-10 03:14:06 [INFO] [task_scheduler.cc:131] [Task #0: main] Trial #834: GFLOPs: 255905.5564. Time: 537.0690 us. Best GFLOPs: 279698.5911
2025-10-10 03:14:06 [INFO] [task_scheduler.cc:131] [Task #0: main] Trial #835: GFLOPs: 252935.8195. Time: 543.3748 us. Best GFLOPs: 279698.5911
2025-10-10 03:14:06 [INFO] [task_scheduler.cc:131] [Task #0: main] Trial #836: GFLOPs: 258493.7899. Time: 531.6915 us. Best GFLOPs: 279698.5911
2025-10-10 03:14:06 [INFO] [task_scheduler.cc:131] [Task #0: main] Trial #837: GFLOPs: 251065.5386. Time: 547.4226 us. Best GFLOPs: 279698.5911
2025-10-10 03:14:06 [INFO] [task_scheduler.cc:131] [Task #0: main] Trial #838: GFLOPs: 253764.6925. Time: 541.6000 us. Best GFLOPs: 279698.5911
2025-10-10 03:14:06 [INFO] [task_scheduler.cc:131] [Task #0: main] Trial #839: GFLOPs: 255973.1848. Time: 536.9272 us. Best GFLOPs: 279698.5911
2025-10-10 03:14:06 [INFO] [task_scheduler.cc:131] [Task #0: main] Trial #840: GFLOPs: 274443.7047. Time: 500.7911 us. Best GFLOPs: 279698.5911
2025-10-10 03:14:06 [INFO] [task_scheduler.cc:131] [Task #0: main] Trial #841: GFLOPs: 205688.5479. Time: 668.1896 us. Best GFLOPs: 279698.5911
2025-10-10 03:14:06 [INFO] [task_scheduler.cc:131] [Task #0: main] Trial #842: GFLOPs: 253065.0919. Time: 543.0972 us. Best GFLOPs: 279698.5911
2025-10-10 03:14:06 [INFO] [task_scheduler.cc:131] [Task #0: main] Trial #843: GFLOPs: 263198.4811. Time: 522.1875 us. Best GFLOPs: 279698.5911
2025-10-10 03:14:06 [INFO] [task_scheduler.cc:131] [Task #0: main] Trial #844: GFLOPs: 272624.1425. Time: 504.1335 us. Best GFLOPs: 279698.5911
2025-10-10 03:14:06 [INFO] [task_scheduler.cc:131] [Task #0: main] Trial #845: GFLOPs: 233429.0119. Time: 588.7827 us. Best GFLOPs: 279698.5911
2025-10-10 03:14:06 [INFO] [task_scheduler.cc:131] [Task #0: main] Trial #846: GFLOPs: 237648.4882. Time: 578.3288 us. Best GFLOPs: 279698.5911
2025-10-10 03:14:06 [INFO] [task_scheduler.cc:131] [Task #0: main] Trial #847: GFLOPs: 256133.0222. Time: 536.5921 us. Best GFLOPs: 279698.5911
2025-10-10 03:14:06 [INFO] [task_scheduler.cc:131] [Task #0: main] Trial #848: GFLOPs: 261363.5816. Time: 525.8535 us. Best GFLOPs: 279698.5911
2025-10-10 03:14:06 [INFO] [task_scheduler.cc:131] [Task #0: main] Trial #849: GFLOPs: 271321.3038. Time: 506.5542 us. Best GFLOPs: 279698.5911
2025-10-10 03:14:06 [INFO] [task_scheduler.cc:131] [Task #0: main] Trial #850: GFLOPs: 238279.8301. Time: 576.7964 us. Best GFLOPs: 279698.5911
2025-10-10 03:14:06 [INFO] [task_scheduler.cc:131] [Task #0: main] Trial #851: GFLOPs: 253386.3940. Time: 542.4086 us. Best GFLOPs: 279698.5911
2025-10-10 03:14:06 [INFO] [task_scheduler.cc:131] [Task #0: main] Trial #852: GFLOPs: 251223.9275. Time: 547.0775 us. Best GFLOPs: 279698.5911
2025-10-10 03:14:06 [INFO] [task_scheduler.cc:131] [Task #0: main] Trial #853: GFLOPs: 259902.6099. Time: 528.8094 us. Best GFLOPs: 279698.5911
2025-10-10 03:14:06 [INFO] [task_scheduler.cc:131] [Task #0: main] Trial #854: GFLOPs: 257252.0318. Time: 534.2580 us. Best GFLOPs: 279698.5911
2025-10-10 03:14:06 [INFO] [task_scheduler.cc:131] [Task #0: main] Trial #855: GFLOPs: 268627.1087. Time: 511.6347 us. Best GFLOPs: 279698.5911
2025-10-10 03:14:06 [INFO] [task_scheduler.cc:131] [Task #0: main] Trial #856: GFLOPs: 269068.5611. Time: 510.7953 us. Best GFLOPs: 279698.5911
2025-10-10 03:14:06 [INFO] [task_scheduler.cc:131] [Task #0: main] Trial #857: GFLOPs: 270527.3269. Time: 508.0409 us. Best GFLOPs: 279698.5911
2025-10-10 03:14:06 [INFO] [task_scheduler.cc:131] [Task #0: main] Trial #858: GFLOPs: 261309.7926. Time: 525.9617 us. Best GFLOPs: 279698.5911
2025-10-10 03:14:06 [INFO] [task_scheduler.cc:131] [Task #0: main] Trial #859: GFLOPs: 223766.5088. Time: 614.2070 us. Best GFLOPs: 279698.5911
2025-10-10 03:14:06 [INFO] [task_scheduler.cc:131] [Task #0: main] Trial #860: GFLOPs: 239607.5823. Time: 573.6002 us. Best GFLOPs: 279698.5911
2025-10-10 03:14:06 [INFO] [task_scheduler.cc:131] [Task #0: main] Trial #861: GFLOPs: 249907.3768. Time: 549.9596 us. Best GFLOPs: 279698.5911
2025-10-10 03:14:06 [INFO] [task_scheduler.cc:131] [Task #0: main] Trial #862: GFLOPs: 246405.2011. Time: 557.7762 us. Best GFLOPs: 279698.5911
2025-10-10 03:14:06 [INFO] [task_scheduler.cc:131] [Task #0: main] Trial #863: GFLOPs: 232836.7470. Time: 590.2803 us. Best GFLOPs: 279698.5911
2025-10-10 03:14:06 [INFO] [task_scheduler.cc:131] [Task #0: main] Trial #864: GFLOPs: 246112.1725. Time: 558.4403 us. Best GFLOPs: 279698.5911
2025-10-10 03:14:06 [INFO] [task_scheduler.cc:131] [Task #0: main] Trial #865: GFLOPs: 250968.4667. Time: 547.6344 us. Best GFLOPs: 279698.5911
2025-10-10 03:14:06 [INFO] [task_scheduler.cc:131] [Task #0: main] Trial #866: GFLOPs: 244261.7666. Time: 562.6708 us. Best GFLOPs: 279698.5911
2025-10-10 03:14:06 [INFO] [task_scheduler.cc:131] [Task #0: main] Trial #867: GFLOPs: 233425.0643. Time: 588.7926 us. Best GFLOPs: 279698.5911
2025-10-10 03:14:06 [INFO] [task_scheduler.cc:131] [Task #0: main] Trial #868: GFLOPs: 234992.7209. Time: 584.8647 us. Best GFLOPs: 279698.5911
2025-10-10 03:14:06 [INFO] [task_scheduler.cc:131] [Task #0: main] Trial #869: GFLOPs: 211219.8984. Time: 650.6913 us. Best GFLOPs: 279698.5911
2025-10-10 03:14:06 [INFO] [task_scheduler.cc:131] [Task #0: main] Trial #870: GFLOPs: 215507.0783. Time: 637.7468 us. Best GFLOPs: 279698.5911
2025-10-10 03:14:06 [INFO] [task_scheduler.cc:131] [Task #0: main] Trial #871: GFLOPs: 215782.4922. Time: 636.9328 us. Best GFLOPs: 279698.5911
2025-10-10 03:14:06 [INFO] [task_scheduler.cc:131] [Task #0: main] Trial #872: GFLOPs: 217676.0403. Time: 631.3922 us. Best GFLOPs: 279698.5911
2025-10-10 03:14:06 [INFO] [task_scheduler.cc:131] [Task #0: main] Trial #873: GFLOPs: 215057.0042. Time: 639.0815 us. Best GFLOPs: 279698.5911
2025-10-10 03:14:06 [INFO] [task_scheduler.cc:131] [Task #0: main] Trial #874: GFLOPs: 256221.3332. Time: 536.4071 us. Best GFLOPs: 279698.5911
2025-10-10 03:14:06 [INFO] [task_scheduler.cc:131] [Task #0: main] Trial #875: GFLOPs: 257363.4137. Time: 534.0268 us. Best GFLOPs: 279698.5911
2025-10-10 03:14:06 [INFO] [task_scheduler.cc:131] [Task #0: main] Trial #876: GFLOPs: 275274.5562. Time: 499.2795 us. Best GFLOPs: 279698.5911
2025-10-10 03:14:06 [INFO] [task_scheduler.cc:131] [Task #0: main] Trial #877: GFLOPs: 242011.4870. Time: 567.9026 us. Best GFLOPs: 279698.5911
2025-10-10 03:14:06 [INFO] [task_scheduler.cc:131] [Task #0: main] Trial #878: GFLOPs: 235466.7234. Time: 583.6874 us. Best GFLOPs: 279698.5911
2025-10-10 03:14:06 [INFO] [task_scheduler.cc:131] [Task #0: main] Trial #879: GFLOPs: 236574.0128. Time: 580.9554 us. Best GFLOPs: 279698.5911
2025-10-10 03:14:06 [INFO] [task_scheduler.cc:131] [Task #0: main] Trial #880: GFLOPs: 248472.4944. Time: 553.1355 us. Best GFLOPs: 279698.5911
2025-10-10 03:14:06 [INFO] [task_scheduler.cc:131] [Task #0: main] Trial #881: GFLOPs: 233089.1466. Time: 589.6412 us. Best GFLOPs: 279698.5911
2025-10-10 03:14:06 [INFO] [task_scheduler.cc:131] [Task #0: main] Trial #882: GFLOPs: 231768.1426. Time: 593.0019 us. Best GFLOPs: 279698.5911
2025-10-10 03:14:06 [INFO] [task_scheduler.cc:131] [Task #0: main] Trial #883: GFLOPs: 241601.2498. Time: 568.8669 us. Best GFLOPs: 279698.5911
2025-10-10 03:14:06 [INFO] [task_scheduler.cc:131] [Task #0: main] Trial #884: GFLOPs: 246970.5173. Time: 556.4994 us. Best GFLOPs: 279698.5911
2025-10-10 03:14:06 [INFO] [task_scheduler.cc:131] [Task #0: main] Trial #885: GFLOPs: 240790.5307. Time: 570.7822 us. Best GFLOPs: 279698.5911
2025-10-10 03:14:06 [INFO] [task_scheduler.cc:131] [Task #0: main] Trial #886: GFLOPs: 235254.4815. Time: 584.2140 us. Best GFLOPs: 279698.5911
2025-10-10 03:14:06 [INFO] [task_scheduler.cc:131] [Task #0: main] Trial #887: GFLOPs: 226280.4540. Time: 607.3832 us. Best GFLOPs: 279698.5911
2025-10-10 03:14:06 [INFO] [task_scheduler.cc:131] [Task #0: main] Trial #888: GFLOPs: 256301.3964. Time: 536.2396 us. Best GFLOPs: 279698.5911
2025-10-10 03:14:06 [INFO] [task_scheduler.cc:131] [Task #0: main] Trial #889: GFLOPs: 236760.4095. Time: 580.4980 us. Best GFLOPs: 279698.5911
2025-10-10 03:14:06 [INFO] [task_scheduler.cc:131] [Task #0: main] Trial #890: GFLOPs: 232234.4053. Time: 591.8113 us. Best GFLOPs: 279698.5911
2025-10-10 03:14:06 [INFO] [task_scheduler.cc:131] [Task #0: main] Trial #891: GFLOPs: 226026.6586. Time: 608.0652 us. Best GFLOPs: 279698.5911
2025-10-10 03:14:06 [INFO] [task_scheduler.cc:131] [Task #0: main] Trial #892: GFLOPs: 234960.3730. Time: 584.9452 us. Best GFLOPs: 279698.5911
2025-10-10 03:14:06 [INFO] [task_scheduler.cc:131] [Task #0: main] Trial #893: GFLOPs: 238270.1447. Time: 576.8199 us. Best GFLOPs: 279698.5911
2025-10-10 03:14:06 [INFO] [task_scheduler.cc:131] [Task #0: main] Trial #894: GFLOPs: 53006.4347. Time: 2592.8730 us. Best GFLOPs: 279698.5911
2025-10-10 03:14:06 [INFO] [task_scheduler.cc:131] [Task #0: main] Trial #895: GFLOPs: 53605.4726. Time: 2563.8978 us. Best GFLOPs: 279698.5911
2025-10-10 03:14:06 [INFO] [task_scheduler.cc:131] [Task #0: main] Trial #896: GFLOPs: 25835.9026. Time: 5319.6885 us. Best GFLOPs: 279698.5911
2025-10-10 03:14:06 [INFO] [evolutionary_search.cc:713] Generating candidates......
2025-10-10 03:14:08 [INFO] [evolutionary_search.cc:715] Picked top 102 candidate(s) from database
2025-10-10 03:14:12 [INFO] [evolutionary_search.cc:533] Sample-Init-Population summary:
Postproc #0 [meta_schedule.DisallowDynamicLoop(0x1bb69df8)]: 0 failure(s)
Postproc #1 [meta_schedule.RewriteCooperativeFetch(0x1de2eb98)]: 0 failure(s)
Postproc #2 [meta_schedule.RewriteUnboundBlock(0x1de2c158)]: 0 failure(s)
Postproc #3 [meta_schedule.RewriteParallelVectorizeUnroll(0x1bbf4d28)]: 0 failure(s)
Postproc #4 [meta_schedule.RewriteReductionBlock(0x1c1c6128)]: 0 failure(s)
Postproc #5 [meta_schedule.VerifyGPUCode(0x1de28b58)]: 378 failure(s)
Postproc #6 [meta_schedule.RewriteTensorize(0x1dbcfb78)]: 0 failure(s)
2025-10-10 03:14:15 [INFO] [evolutionary_search.cc:533] Sample-Init-Population summary:
Postproc #0 [meta_schedule.DisallowDynamicLoop(0x1bb69df8)]: 0 failure(s)
Postproc #1 [meta_schedule.RewriteCooperativeFetch(0x1de2eb98)]: 0 failure(s)
Postproc #2 [meta_schedule.RewriteUnboundBlock(0x1de2c158)]: 0 failure(s)
Postproc #3 [meta_schedule.RewriteParallelVectorizeUnroll(0x1bbf4d28)]: 0 failure(s)
Postproc #4 [meta_schedule.RewriteReductionBlock(0x1c1c6128)]: 0 failure(s)
Postproc #5 [meta_schedule.VerifyGPUCode(0x1de28b58)]: 765 failure(s)
Postproc #6 [meta_schedule.RewriteTensorize(0x1dbcfb78)]: 0 failure(s)
2025-10-10 03:14:15 [INFO] [evolutionary_search.cc:723] Sampled 55 candidate(s)
2025-10-10 03:14:23 [INFO] [evolutionary_search.cc:621] Evolve iter #0 done. Summary:
Postproc #0 [meta_schedule.DisallowDynamicLoop(0x1bb69df8)]: 0 failure(s)
Postproc #1 [meta_schedule.RewriteCooperativeFetch(0x1de2eb98)]: 0 failure(s)
Postproc #2 [meta_schedule.RewriteUnboundBlock(0x1de2c158)]: 0 failure(s)
Postproc #3 [meta_schedule.RewriteParallelVectorizeUnroll(0x1bbf4d28)]: 0 failure(s)
Postproc #4 [meta_schedule.RewriteReductionBlock(0x1c1c6128)]: 0 failure(s)
Postproc #5 [meta_schedule.VerifyGPUCode(0x1de28b58)]: 99 failure(s)
Postproc #6 [meta_schedule.RewriteTensorize(0x1dbcfb78)]: 0 failure(s)
2025-10-10 03:14:31 [INFO] [evolutionary_search.cc:621] Evolve iter #1 done. Summary:
Postproc #0 [meta_schedule.DisallowDynamicLoop(0x1bb69df8)]: 0 failure(s)
Postproc #1 [meta_schedule.RewriteCooperativeFetch(0x1de2eb98)]: 0 failure(s)
Postproc #2 [meta_schedule.RewriteUnboundBlock(0x1de2c158)]: 0 failure(s)
Postproc #3 [meta_schedule.RewriteParallelVectorizeUnroll(0x1bbf4d28)]: 0 failure(s)
Postproc #4 [meta_schedule.RewriteReductionBlock(0x1c1c6128)]: 0 failure(s)
Postproc #5 [meta_schedule.VerifyGPUCode(0x1de28b58)]: 103 failure(s)
Postproc #6 [meta_schedule.RewriteTensorize(0x1dbcfb78)]: 0 failure(s)
2025-10-10 03:14:39 [INFO] [evolutionary_search.cc:621] Evolve iter #2 done. Summary:
Postproc #0 [meta_schedule.DisallowDynamicLoop(0x1bb69df8)]: 0 failure(s)
Postproc #1 [meta_schedule.RewriteCooperativeFetch(0x1de2eb98)]: 0 failure(s)
Postproc #2 [meta_schedule.RewriteUnboundBlock(0x1de2c158)]: 0 failure(s)
Postproc #3 [meta_schedule.RewriteParallelVectorizeUnroll(0x1bbf4d28)]: 0 failure(s)
Postproc #4 [meta_schedule.RewriteReductionBlock(0x1c1c6128)]: 0 failure(s)
Postproc #5 [meta_schedule.VerifyGPUCode(0x1de28b58)]: 100 failure(s)
Postproc #6 [meta_schedule.RewriteTensorize(0x1dbcfb78)]: 0 failure(s)
2025-10-10 03:14:48 [INFO] [evolutionary_search.cc:621] Evolve iter #3 done. Summary:
Postproc #0 [meta_schedule.DisallowDynamicLoop(0x1bb69df8)]: 0 failure(s)
Postproc #1 [meta_schedule.RewriteCooperativeFetch(0x1de2eb98)]: 0 failure(s)
Postproc #2 [meta_schedule.RewriteUnboundBlock(0x1de2c158)]: 0 failure(s)
Postproc #3 [meta_schedule.RewriteParallelVectorizeUnroll(0x1bbf4d28)]: 0 failure(s)
Postproc #4 [meta_schedule.RewriteReductionBlock(0x1c1c6128)]: 0 failure(s)
Postproc #5 [meta_schedule.VerifyGPUCode(0x1de28b58)]: 92 failure(s)
Postproc #6 [meta_schedule.RewriteTensorize(0x1dbcfb78)]: 0 failure(s)
2025-10-10 03:14:49 [INFO] [evolutionary_search.cc:649] Scores of the best 64 candidates:
[1 : 16]:	0.9661  0.9620  0.9530  0.9485  0.9400  0.9381  0.9381  0.9363  0.9357  0.9357  0.9349  0.9340  0.9336  0.9335  0.9335  0.9309
[17 : 32]:	0.9303  0.9299  0.9296  0.9244  0.9233  0.9233  0.9233  0.9233  0.9231  0.9231  0.9219  0.9211  0.9202  0.9202  0.9200  0.9200
[33 : 48]:	0.9200  0.9200  0.9200  0.9200  0.9196  0.9194  0.9192  0.9154  0.9154  0.9154  0.9143  0.9143  0.9140  0.9135  0.9134  0.9134
[49 : 64]:	0.9134  0.9134  0.9134  0.9134  0.9125  0.9122  0.9122  0.9120  0.9120  0.9120  0.9120  0.9095  0.9075  0.9075  0.9073  0.9071
2025-10-10 03:14:50 [INFO] [evolutionary_search.cc:727] Got 64 candidate(s) with evolutionary search
2025-10-10 03:14:50 [INFO] [evolutionary_search.cc:730] Sending 64 candidates(s) for measurement
2025-10-10 03:16:19 [INFO] [task_scheduler.cc:131] [Task #0: main] Trial #897: GFLOPs: 189865.7318. Time: 723.8745 us. Best GFLOPs: 279698.5911
2025-10-10 03:16:19 [INFO] [task_scheduler.cc:131] [Task #0: main] Trial #898: GFLOPs: 244469.3070. Time: 562.1931 us. Best GFLOPs: 279698.5911
2025-10-10 03:16:19 [INFO] [task_scheduler.cc:131] [Task #0: main] Trial #899: GFLOPs: 241572.0913. Time: 568.9356 us. Best GFLOPs: 279698.5911
2025-10-10 03:16:19 [INFO] [task_scheduler.cc:131] [Task #0: main] Trial #900: GFLOPs: 240475.1628. Time: 571.5308 us. Best GFLOPs: 279698.5911
2025-10-10 03:16:19 [INFO] [task_scheduler.cc:131] [Task #0: main] Trial #901: GFLOPs: 254251.4748. Time: 540.5631 us. Best GFLOPs: 279698.5911
2025-10-10 03:16:19 [INFO] [task_scheduler.cc:131] [Task #0: main] Trial #902: GFLOPs: 249090.1650. Time: 551.7639 us. Best GFLOPs: 279698.5911
2025-10-10 03:16:19 [INFO] [task_scheduler.cc:131] [Task #0: main] Trial #903: GFLOPs: 257401.2577. Time: 533.9483 us. Best GFLOPs: 279698.5911
2025-10-10 03:16:19 [INFO] [task_scheduler.cc:131] [Task #0: main] Trial #904: GFLOPs: 254168.8500. Time: 540.7388 us. Best GFLOPs: 279698.5911
2025-10-10 03:16:19 [INFO] [task_scheduler.cc:131] [Task #0: main] Trial #905: GFLOPs: 282121.0475. Time: 487.1631 us. Best GFLOPs: 282121.0475
2025-10-10 03:16:19 [INFO] [task_scheduler.cc:131] [Task #0: main] Trial #906: GFLOPs: 229085.3307. Time: 599.9465 us. Best GFLOPs: 282121.0475
2025-10-10 03:16:19 [INFO] [task_scheduler.cc:131] [Task #0: main] Trial #907: GFLOPs: 238502.7290. Time: 576.2574 us. Best GFLOPs: 282121.0475
2025-10-10 03:16:19 [INFO] [task_scheduler.cc:131] [Task #0: main] Trial #908: GFLOPs: 246195.7664. Time: 558.2507 us. Best GFLOPs: 282121.0475
2025-10-10 03:16:19 [INFO] [task_scheduler.cc:131] [Task #0: main] Trial #909: GFLOPs: 227006.1818. Time: 605.4415 us. Best GFLOPs: 282121.0475
2025-10-10 03:16:19 [INFO] [task_scheduler.cc:131] [Task #0: main] Trial #910: GFLOPs: 237112.9712. Time: 579.6349 us. Best GFLOPs: 282121.0475
2025-10-10 03:16:19 [INFO] [task_scheduler.cc:131] [Task #0: main] Trial #911: GFLOPs: 240931.3447. Time: 570.4486 us. Best GFLOPs: 282121.0475
2025-10-10 03:16:19 [INFO] [task_scheduler.cc:131] [Task #0: main] Trial #912: GFLOPs: 243575.3768. Time: 564.2564 us. Best GFLOPs: 282121.0475
2025-10-10 03:16:19 [INFO] [task_scheduler.cc:131] [Task #0: main] Trial #913: GFLOPs: 259224.8646. Time: 530.1920 us. Best GFLOPs: 282121.0475
2025-10-10 03:16:19 [INFO] [task_scheduler.cc:131] [Task #0: main] Trial #914: GFLOPs: 267652.2790. Time: 513.4982 us. Best GFLOPs: 282121.0475
2025-10-10 03:16:19 [INFO] [task_scheduler.cc:131] [Task #0: main] Trial #915: GFLOPs: 182947.8189. Time: 751.2467 us. Best GFLOPs: 282121.0475
2025-10-10 03:16:19 [INFO] [task_scheduler.cc:131] [Task #0: main] Trial #916: GFLOPs: 240864.3430. Time: 570.6073 us. Best GFLOPs: 282121.0475
2025-10-10 03:16:19 [INFO] [task_scheduler.cc:131] [Task #0: main] Trial #917: GFLOPs: 251988.6528. Time: 545.4172 us. Best GFLOPs: 282121.0475
2025-10-10 03:16:19 [INFO] [task_scheduler.cc:131] [Task #0: main] Trial #918: GFLOPs: 247458.4150. Time: 555.4022 us. Best GFLOPs: 282121.0475
2025-10-10 03:16:19 [INFO] [task_scheduler.cc:131] [Task #0: main] Trial #919: GFLOPs: 252730.8174. Time: 543.8156 us. Best GFLOPs: 282121.0475
2025-10-10 03:16:19 [INFO] [task_scheduler.cc:131] [Task #0: main] Trial #920: GFLOPs: 251302.8309. Time: 546.9057 us. Best GFLOPs: 282121.0475
2025-10-10 03:16:19 [INFO] [task_scheduler.cc:131] [Task #0: main] Trial #921: GFLOPs: 188842.2640. Time: 727.7976 us. Best GFLOPs: 282121.0475
2025-10-10 03:16:19 [INFO] [task_scheduler.cc:131] [Task #0: main] Trial #922: GFLOPs: 257496.5779. Time: 533.7506 us. Best GFLOPs: 282121.0475
2025-10-10 03:16:19 [INFO] [task_scheduler.cc:131] [Task #0: main] Trial #923: GFLOPs: 250363.7481. Time: 548.9571 us. Best GFLOPs: 282121.0475
2025-10-10 03:16:19 [INFO] [task_scheduler.cc:131] [Task #0: main] Trial #924: GFLOPs: 186082.8473. Time: 738.5901 us. Best GFLOPs: 282121.0475
2025-10-10 03:16:19 [INFO] [task_scheduler.cc:131] [Task #0: main] Trial #925: GFLOPs: 253570.7048. Time: 542.0143 us. Best GFLOPs: 282121.0475
2025-10-10 03:16:19 [INFO] [task_scheduler.cc:131] [Task #0: main] Trial #926: GFLOPs: 179489.6936. Time: 765.7206 us. Best GFLOPs: 282121.0475
2025-10-10 03:16:19 [INFO] [task_scheduler.cc:131] [Task #0: main] Trial #927: GFLOPs: 259440.4048. Time: 529.7515 us. Best GFLOPs: 282121.0475
2025-10-10 03:16:19 [INFO] [task_scheduler.cc:131] [Task #0: main] Trial #928: GFLOPs: 262438.1186. Time: 523.7004 us. Best GFLOPs: 282121.0475
2025-10-10 03:16:19 [INFO] [task_scheduler.cc:131] [Task #0: main] Trial #929: GFLOPs: 188020.5311. Time: 730.9784 us. Best GFLOPs: 282121.0475
2025-10-10 03:16:19 [INFO] [task_scheduler.cc:131] [Task #0: main] Trial #930: GFLOPs: 269976.2579. Time: 509.0779 us. Best GFLOPs: 282121.0475
2025-10-10 03:16:19 [INFO] [task_scheduler.cc:131] [Task #0: main] Trial #931: GFLOPs: 254894.0113. Time: 539.2004 us. Best GFLOPs: 282121.0475
2025-10-10 03:16:19 [INFO] [task_scheduler.cc:131] [Task #0: main] Trial #932: GFLOPs: 188074.1804. Time: 730.7699 us. Best GFLOPs: 282121.0475
2025-10-10 03:16:19 [INFO] [task_scheduler.cc:131] [Task #0: main] Trial #933: GFLOPs: 255690.9018. Time: 537.5199 us. Best GFLOPs: 282121.0475
2025-10-10 03:16:19 [INFO] [task_scheduler.cc:131] [Task #0: main] Trial #934: GFLOPs: 174517.1416. Time: 787.5384 us. Best GFLOPs: 282121.0475
2025-10-10 03:16:19 [INFO] [task_scheduler.cc:131] [Task #0: main] Trial #935: GFLOPs: 260281.7590. Time: 528.0391 us. Best GFLOPs: 282121.0475
2025-10-10 03:16:19 [INFO] [task_scheduler.cc:131] [Task #0: main] Trial #936: GFLOPs: 253516.4711. Time: 542.1303 us. Best GFLOPs: 282121.0475
2025-10-10 03:16:19 [INFO] [task_scheduler.cc:131] [Task #0: main] Trial #937: GFLOPs: 189404.4061. Time: 725.6376 us. Best GFLOPs: 282121.0475
2025-10-10 03:16:19 [INFO] [task_scheduler.cc:131] [Task #0: main] Trial #938: GFLOPs: 181908.4982. Time: 755.5389 us. Best GFLOPs: 282121.0475
2025-10-10 03:16:19 [INFO] [task_scheduler.cc:131] [Task #0: main] Trial #939: GFLOPs: 187945.5106. Time: 731.2702 us. Best GFLOPs: 282121.0475
2025-10-10 03:16:19 [INFO] [task_scheduler.cc:131] [Task #0: main] Trial #940: GFLOPs: 270127.2349. Time: 508.7934 us. Best GFLOPs: 282121.0475
2025-10-10 03:16:19 [INFO] [task_scheduler.cc:131] [Task #0: main] Trial #941: GFLOPs: 252768.8411. Time: 543.7338 us. Best GFLOPs: 282121.0475
2025-10-10 03:16:19 [INFO] [task_scheduler.cc:131] [Task #0: main] Trial #942: GFLOPs: 252759.1478. Time: 543.7546 us. Best GFLOPs: 282121.0475
2025-10-10 03:16:19 [INFO] [task_scheduler.cc:131] [Task #0: main] Trial #943: GFLOPs: 256342.8852. Time: 536.1528 us. Best GFLOPs: 282121.0475
2025-10-10 03:16:19 [INFO] [task_scheduler.cc:131] [Task #0: main] Trial #944: GFLOPs: 185063.5002. Time: 742.6583 us. Best GFLOPs: 282121.0475
2025-10-10 03:16:19 [INFO] [task_scheduler.cc:131] [Task #0: main] Trial #945: GFLOPs: 185222.8301. Time: 742.0195 us. Best GFLOPs: 282121.0475
2025-10-10 03:16:19 [INFO] [task_scheduler.cc:131] [Task #0: main] Trial #946: GFLOPs: 265291.7462. Time: 518.0672 us. Best GFLOPs: 282121.0475
2025-10-10 03:16:19 [INFO] [task_scheduler.cc:131] [Task #0: main] Trial #947: GFLOPs: 185039.1022. Time: 742.7563 us. Best GFLOPs: 282121.0475
2025-10-10 03:16:19 [INFO] [task_scheduler.cc:131] [Task #0: main] Trial #948: GFLOPs: 256855.8040. Time: 535.0821 us. Best GFLOPs: 282121.0475
2025-10-10 03:16:19 [INFO] [task_scheduler.cc:131] [Task #0: main] Trial #949: GFLOPs: 224802.8366. Time: 611.3755 us. Best GFLOPs: 282121.0475
2025-10-10 03:16:19 [INFO] [task_scheduler.cc:131] [Task #0: main] Trial #950: GFLOPs: 187952.6083. Time: 731.2426 us. Best GFLOPs: 282121.0475
2025-10-10 03:16:19 [INFO] [task_scheduler.cc:131] [Task #0: main] Trial #951: GFLOPs: 258740.4464. Time: 531.1847 us. Best GFLOPs: 282121.0475
2025-10-10 03:16:19 [INFO] [task_scheduler.cc:131] [Task #0: main] Trial #952: GFLOPs: 185174.6545. Time: 742.2126 us. Best GFLOPs: 282121.0475
2025-10-10 03:16:19 [INFO] [task_scheduler.cc:131] [Task #0: main] Trial #953: GFLOPs: 269013.3883. Time: 510.9000 us. Best GFLOPs: 282121.0475
2025-10-10 03:16:19 [INFO] [task_scheduler.cc:131] [Task #0: main] Trial #954: GFLOPs: 251506.6202. Time: 546.4626 us. Best GFLOPs: 282121.0475
2025-10-10 03:16:19 [INFO] [task_scheduler.cc:131] [Task #0: main] Trial #955: GFLOPs: 258282.5526. Time: 532.1264 us. Best GFLOPs: 282121.0475
2025-10-10 03:16:19 [INFO] [task_scheduler.cc:131] [Task #0: main] Trial #956: GFLOPs: 251430.3473. Time: 546.6283 us. Best GFLOPs: 282121.0475
2025-10-10 03:16:19 [INFO] [task_scheduler.cc:131] [Task #0: main] Trial #957: GFLOPs: 254344.7590. Time: 540.3648 us. Best GFLOPs: 282121.0475
2025-10-10 03:16:19 [INFO] [task_scheduler.cc:131] [Task #0: main] Trial #958: GFLOPs: 143615.2163. Time: 956.9944 us. Best GFLOPs: 282121.0475
2025-10-10 03:16:19 [INFO] [task_scheduler.cc:131] [Task #0: main] Trial #959: GFLOPs: 124318.2157. Time: 1105.5416 us. Best GFLOPs: 282121.0475
2025-10-10 03:16:19 [INFO] [task_scheduler.cc:131] [Task #0: main] Trial #960: GFLOPs: 117004.9073. Time: 1174.6426 us. Best GFLOPs: 282121.0475
2025-10-10 03:16:19 [INFO] [evolutionary_search.cc:713] Generating candidates......
2025-10-10 03:16:20 [INFO] [evolutionary_search.cc:715] Picked top 102 candidate(s) from database
2025-10-10 03:16:24 [INFO] [evolutionary_search.cc:533] Sample-Init-Population summary:
Postproc #0 [meta_schedule.DisallowDynamicLoop(0x1bb69df8)]: 0 failure(s)
Postproc #1 [meta_schedule.RewriteCooperativeFetch(0x1de2eb98)]: 0 failure(s)
Postproc #2 [meta_schedule.RewriteUnboundBlock(0x1de2c158)]: 0 failure(s)
Postproc #3 [meta_schedule.RewriteParallelVectorizeUnroll(0x1bbf4d28)]: 0 failure(s)
Postproc #4 [meta_schedule.RewriteReductionBlock(0x1c1c6128)]: 0 failure(s)
Postproc #5 [meta_schedule.VerifyGPUCode(0x1de28b58)]: 381 failure(s)
Postproc #6 [meta_schedule.RewriteTensorize(0x1dbcfb78)]: 0 failure(s)
2025-10-10 03:16:28 [INFO] [evolutionary_search.cc:533] Sample-Init-Population summary:
Postproc #0 [meta_schedule.DisallowDynamicLoop(0x1bb69df8)]: 0 failure(s)
Postproc #1 [meta_schedule.RewriteCooperativeFetch(0x1de2eb98)]: 0 failure(s)
Postproc #2 [meta_schedule.RewriteUnboundBlock(0x1de2c158)]: 0 failure(s)
Postproc #3 [meta_schedule.RewriteParallelVectorizeUnroll(0x1bbf4d28)]: 0 failure(s)
Postproc #4 [meta_schedule.RewriteReductionBlock(0x1c1c6128)]: 0 failure(s)
Postproc #5 [meta_schedule.VerifyGPUCode(0x1de28b58)]: 760 failure(s)
Postproc #6 [meta_schedule.RewriteTensorize(0x1dbcfb78)]: 0 failure(s)
2025-10-10 03:16:28 [INFO] [evolutionary_search.cc:723] Sampled 60 candidate(s)
2025-10-10 03:16:35 [INFO] [evolutionary_search.cc:621] Evolve iter #0 done. Summary:
Postproc #0 [meta_schedule.DisallowDynamicLoop(0x1bb69df8)]: 0 failure(s)
Postproc #1 [meta_schedule.RewriteCooperativeFetch(0x1de2eb98)]: 0 failure(s)
Postproc #2 [meta_schedule.RewriteUnboundBlock(0x1de2c158)]: 0 failure(s)
Postproc #3 [meta_schedule.RewriteParallelVectorizeUnroll(0x1bbf4d28)]: 0 failure(s)
Postproc #4 [meta_schedule.RewriteReductionBlock(0x1c1c6128)]: 0 failure(s)
Postproc #5 [meta_schedule.VerifyGPUCode(0x1de28b58)]: 103 failure(s)
Postproc #6 [meta_schedule.RewriteTensorize(0x1dbcfb78)]: 0 failure(s)
2025-10-10 03:16:43 [INFO] [evolutionary_search.cc:621] Evolve iter #1 done. Summary:
Postproc #0 [meta_schedule.DisallowDynamicLoop(0x1bb69df8)]: 0 failure(s)
Postproc #1 [meta_schedule.RewriteCooperativeFetch(0x1de2eb98)]: 0 failure(s)
Postproc #2 [meta_schedule.RewriteUnboundBlock(0x1de2c158)]: 0 failure(s)
Postproc #3 [meta_schedule.RewriteParallelVectorizeUnroll(0x1bbf4d28)]: 0 failure(s)
Postproc #4 [meta_schedule.RewriteReductionBlock(0x1c1c6128)]: 0 failure(s)
Postproc #5 [meta_schedule.VerifyGPUCode(0x1de28b58)]: 92 failure(s)
Postproc #6 [meta_schedule.RewriteTensorize(0x1dbcfb78)]: 0 failure(s)
2025-10-10 03:16:51 [INFO] [evolutionary_search.cc:621] Evolve iter #2 done. Summary:
Postproc #0 [meta_schedule.DisallowDynamicLoop(0x1bb69df8)]: 0 failure(s)
Postproc #1 [meta_schedule.RewriteCooperativeFetch(0x1de2eb98)]: 0 failure(s)
Postproc #2 [meta_schedule.RewriteUnboundBlock(0x1de2c158)]: 0 failure(s)
Postproc #3 [meta_schedule.RewriteParallelVectorizeUnroll(0x1bbf4d28)]: 0 failure(s)
Postproc #4 [meta_schedule.RewriteReductionBlock(0x1c1c6128)]: 0 failure(s)
Postproc #5 [meta_schedule.VerifyGPUCode(0x1de28b58)]: 94 failure(s)
Postproc #6 [meta_schedule.RewriteTensorize(0x1dbcfb78)]: 0 failure(s)
2025-10-10 03:17:00 [INFO] [evolutionary_search.cc:621] Evolve iter #3 done. Summary:
Postproc #0 [meta_schedule.DisallowDynamicLoop(0x1bb69df8)]: 0 failure(s)
Postproc #1 [meta_schedule.RewriteCooperativeFetch(0x1de2eb98)]: 0 failure(s)
Postproc #2 [meta_schedule.RewriteUnboundBlock(0x1de2c158)]: 0 failure(s)
Postproc #3 [meta_schedule.RewriteParallelVectorizeUnroll(0x1bbf4d28)]: 0 failure(s)
Postproc #4 [meta_schedule.RewriteReductionBlock(0x1c1c6128)]: 0 failure(s)
Postproc #5 [meta_schedule.VerifyGPUCode(0x1de28b58)]: 87 failure(s)
Postproc #6 [meta_schedule.RewriteTensorize(0x1dbcfb78)]: 0 failure(s)
2025-10-10 03:17:02 [INFO] [evolutionary_search.cc:649] Scores of the best 40 candidates:
[1 : 16]:	0.9178  0.9168  0.9163  0.9162  0.9148  0.9148  0.9122  0.9122  0.9116  0.8970  0.8968  0.8968  0.8955  0.8901  0.8898  0.8898
[17 : 32]:	0.8898  0.8898  0.8898  0.8898  0.8898  0.8885  0.8885  0.8870  0.8860  0.8848  0.8845  0.8845  0.8845  0.8837  0.8837  0.8826
[33 : 40]:	0.8823  0.8811  0.8809  0.8802  0.8802  0.8802  0.8802  0.8802
2025-10-10 03:17:02 [INFO] [evolutionary_search.cc:727] Got 40 candidate(s) with evolutionary search
2025-10-10 03:17:02 [INFO] [evolutionary_search.cc:730] Sending 40 candidates(s) for measurement
2025-10-10 03:17:58 [INFO] [task_scheduler.cc:131] [Task #0: main] Trial #961: GFLOPs: 278779.8056. Time: 493.0018 us. Best GFLOPs: 282121.0475
2025-10-10 03:17:58 [INFO] [task_scheduler.cc:131] [Task #0: main] Trial #962: GFLOPs: 233044.1580. Time: 589.7550 us. Best GFLOPs: 282121.0475
2025-10-10 03:17:58 [INFO] [task_scheduler.cc:131] [Task #0: main] Trial #963: GFLOPs: 255614.5714. Time: 537.6804 us. Best GFLOPs: 282121.0475
2025-10-10 03:17:58 [INFO] [task_scheduler.cc:131] [Task #0: main] Trial #964: GFLOPs: 258235.1593. Time: 532.2240 us. Best GFLOPs: 282121.0475
2025-10-10 03:17:58 [INFO] [task_scheduler.cc:131] [Task #0: main] Trial #965: GFLOPs: 254409.2879. Time: 540.2277 us. Best GFLOPs: 282121.0475
2025-10-10 03:17:58 [INFO] [task_scheduler.cc:131] [Task #0: main] Trial #966: GFLOPs: 246746.6759. Time: 557.0043 us. Best GFLOPs: 282121.0475
2025-10-10 03:17:58 [INFO] [task_scheduler.cc:131] [Task #0: main] Trial #967: GFLOPs: 237213.7471. Time: 579.3887 us. Best GFLOPs: 282121.0475
2025-10-10 03:17:58 [INFO] [task_scheduler.cc:131] [Task #0: main] Trial #968: GFLOPs: 237058.9178. Time: 579.7671 us. Best GFLOPs: 282121.0475
2025-10-10 03:17:58 [INFO] [task_scheduler.cc:131] [Task #0: main] Trial #969: GFLOPs: 266113.0201. Time: 516.4684 us. Best GFLOPs: 282121.0475
2025-10-10 03:17:58 [INFO] [task_scheduler.cc:131] [Task #0: main] Trial #970: GFLOPs: 269518.7088. Time: 509.9422 us. Best GFLOPs: 282121.0475
2025-10-10 03:17:58 [INFO] [task_scheduler.cc:131] [Task #0: main] Trial #971: GFLOPs: 262161.6613. Time: 524.2527 us. Best GFLOPs: 282121.0475
2025-10-10 03:17:58 [INFO] [task_scheduler.cc:131] [Task #0: main] Trial #972: GFLOPs: 264326.2728. Time: 519.9595 us. Best GFLOPs: 282121.0475
2025-10-10 03:17:58 [INFO] [task_scheduler.cc:131] [Task #0: main] Trial #973: GFLOPs: 203081.1044. Time: 676.7688 us. Best GFLOPs: 282121.0475
2025-10-10 03:17:58 [INFO] [task_scheduler.cc:131] [Task #0: main] Trial #974: GFLOPs: 245336.7276. Time: 560.2054 us. Best GFLOPs: 282121.0475
2025-10-10 03:17:58 [INFO] [task_scheduler.cc:131] [Task #0: main] Trial #975: GFLOPs: 265115.6362. Time: 518.4113 us. Best GFLOPs: 282121.0475
2025-10-10 03:17:58 [INFO] [task_scheduler.cc:131] [Task #0: main] Trial #976: GFLOPs: 266754.5011. Time: 515.2264 us. Best GFLOPs: 282121.0475
2025-10-10 03:17:58 [INFO] [task_scheduler.cc:131] [Task #0: main] Trial #977: GFLOPs: 258006.1502. Time: 532.6964 us. Best GFLOPs: 282121.0475
2025-10-10 03:17:58 [INFO] [task_scheduler.cc:131] [Task #0: main] Trial #978: GFLOPs: 267468.4472. Time: 513.8511 us. Best GFLOPs: 282121.0475
2025-10-10 03:17:58 [INFO] [task_scheduler.cc:131] [Task #0: main] Trial #979: GFLOPs: 266865.8194. Time: 515.0115 us. Best GFLOPs: 282121.0475
2025-10-10 03:17:58 [INFO] [task_scheduler.cc:131] [Task #0: main] Trial #980: GFLOPs: 267998.9955. Time: 512.8338 us. Best GFLOPs: 282121.0475
2025-10-10 03:17:58 [INFO] [task_scheduler.cc:131] [Task #0: main] Trial #981: GFLOPs: 262830.5017. Time: 522.9186 us. Best GFLOPs: 282121.0475
2025-10-10 03:17:58 [INFO] [task_scheduler.cc:131] [Task #0: main] Trial #982: GFLOPs: 257426.0617. Time: 533.8968 us. Best GFLOPs: 282121.0475
2025-10-10 03:17:58 [INFO] [task_scheduler.cc:131] [Task #0: main] Trial #983: GFLOPs: 257947.7262. Time: 532.8171 us. Best GFLOPs: 282121.0475
2025-10-10 03:17:58 [INFO] [task_scheduler.cc:131] [Task #0: main] Trial #984: GFLOPs: 232097.9791. Time: 592.1592 us. Best GFLOPs: 282121.0475
2025-10-10 03:17:58 [INFO] [task_scheduler.cc:131] [Task #0: main] Trial #985: GFLOPs: 243024.8443. Time: 565.5346 us. Best GFLOPs: 282121.0475
2025-10-10 03:17:58 [INFO] [task_scheduler.cc:131] [Task #0: main] Trial #986: GFLOPs: 248840.0876. Time: 552.3184 us. Best GFLOPs: 282121.0475
2025-10-10 03:17:58 [INFO] [task_scheduler.cc:131] [Task #0: main] Trial #987: GFLOPs: 235956.1626. Time: 582.4766 us. Best GFLOPs: 282121.0475
2025-10-10 03:17:58 [INFO] [task_scheduler.cc:131] [Task #0: main] Trial #988: GFLOPs: 221289.5912. Time: 621.0819 us. Best GFLOPs: 282121.0475
2025-10-10 03:17:58 [INFO] [task_scheduler.cc:131] [Task #0: main] Trial #989: GFLOPs: 247796.2590. Time: 554.6450 us. Best GFLOPs: 282121.0475
2025-10-10 03:17:58 [INFO] [task_scheduler.cc:131] [Task #0: main] Trial #990: GFLOPs: 239400.9039. Time: 574.0954 us. Best GFLOPs: 282121.0475
2025-10-10 03:17:58 [INFO] [task_scheduler.cc:131] [Task #0: main] Trial #991: GFLOPs: 239413.1778. Time: 574.0660 us. Best GFLOPs: 282121.0475
2025-10-10 03:17:58 [INFO] [task_scheduler.cc:131] [Task #0: main] Trial #992: GFLOPs: 237307.7044. Time: 579.1593 us. Best GFLOPs: 282121.0475
2025-10-10 03:17:58 [INFO] [task_scheduler.cc:131] [Task #0: main] Trial #993: GFLOPs: 210565.9615. Time: 652.7121 us. Best GFLOPs: 282121.0475
2025-10-10 03:17:58 [INFO] [task_scheduler.cc:131] [Task #0: main] Trial #994: GFLOPs: 258250.2809. Time: 532.1929 us. Best GFLOPs: 282121.0475
2025-10-10 03:17:58 [INFO] [task_scheduler.cc:131] [Task #0: main] Trial #995: GFLOPs: 257408.6594. Time: 533.9329 us. Best GFLOPs: 282121.0475
2025-10-10 03:17:58 [INFO] [task_scheduler.cc:131] [Task #0: main] Trial #996: GFLOPs: 262273.3491. Time: 524.0294 us. Best GFLOPs: 282121.0475
2025-10-10 03:17:58 [INFO] [task_scheduler.cc:131] [Task #0: main] Trial #997: GFLOPs: 264241.2709. Time: 520.1268 us. Best GFLOPs: 282121.0475
2025-10-10 03:17:58 [INFO] [task_scheduler.cc:131] [Task #0: main] Trial #998: GFLOPs: 269659.2334. Time: 509.6764 us. Best GFLOPs: 282121.0475
2025-10-10 03:17:58 [INFO] [task_scheduler.cc:131] [Task #0: main] Trial #999: GFLOPs: 208199.1948. Time: 660.1320 us. Best GFLOPs: 282121.0475
2025-10-10 03:17:58 [INFO] [task_scheduler.cc:131] [Task #0: main] Trial #1000: GFLOPs: 138673.6351. Time: 991.0965 us. Best GFLOPs: 282121.0475
