2025-10-07 07:48:48 [INFO] Logging directory: ./layer_0/logs
2025-10-07 07:48:55 [INFO] LocalBuilder: max_workers = 32
2025-10-07 07:48:56 [INFO] [task_scheduler.cc:159] Initializing Task #0: "main"
2025-10-07 07:48:56 [INFO] [task_scheduler.cc:320] 
 ID | Name |      FLOP | Weight | Speed (GFLOPS) | Latency (us) | Weighted Latency (us) | Trials | Done 
--------------------------------------------------------------------------------------------------------
  0 | main | 236027904 |      1 |            N/A |          N/A |                   N/A |      0 |      
--------------------------------------------------------------------------------------------------------
Total trials: 0
Total latency (us): 0

2025-10-07 07:48:56 [INFO] [task_scheduler.cc:180] TaskScheduler picks Task #0: "main"
2025-10-07 07:49:56 [INFO] [task_scheduler.cc:193] Sending 64 sample(s) to builder
2025-10-07 07:50:12 [INFO] [task_scheduler.cc:195] Sending 64 sample(s) to runner
2025-10-07 07:50:32 [DEBUG] XGB iter   0: tr-p-rmse: 0.569954	tr-a-peak@32: 1.000000	tr-rmse: 0.300061	tr-rmse: 0.300061
2025-10-07 07:50:32 [DEBUG] XGB iter  25: tr-p-rmse: 0.041838	tr-a-peak@32: 1.000000	tr-rmse: 0.373320	tr-rmse: 0.373320
2025-10-07 07:50:32 [DEBUG] XGB iter  50: tr-p-rmse: 0.041838	tr-a-peak@32: 1.000000	tr-rmse: 0.373320	tr-rmse: 0.373320
2025-10-07 07:50:32 [DEBUG] XGB stopped. Best iteration: [17] tr-p-rmse:0.04184	tr-a-peak@32:1.00000	tr-rmse:0.37332	tr-rmse:0.37332 
2025-10-07 07:50:32 [INFO] [task_scheduler.cc:237] [Updated] Task #0: "main"
2025-10-07 07:50:32 [INFO] [task_scheduler.cc:320] 
 ID | Name |      FLOP | Weight | Speed (GFLOPS) | Latency (us) | Weighted Latency (us) | Trials | Done 
--------------------------------------------------------------------------------------------------------
  0 | main | 236027904 |      1 |     21324.1564 |      11.0686 |               11.0686 |     64 |      
--------------------------------------------------------------------------------------------------------
Total trials: 64
Total latency (us): 11.0686

2025-10-07 07:50:32 [INFO] [task_scheduler.cc:180] TaskScheduler picks Task #0: "main"
2025-10-07 07:51:33 [INFO] [task_scheduler.cc:193] Sending 63 sample(s) to builder
2025-10-07 07:52:07 [INFO] [task_scheduler.cc:195] Sending 63 sample(s) to runner
2025-10-07 07:52:24 [DEBUG] XGB validation: p-rmse: 0.212916	a-peak@32: 0.783855
2025-10-07 07:52:24 [DEBUG] XGB iter   0: tr-p-rmse: 0.574756	tr-a-peak@32: 0.622017	tr-rmse: 0.235229	tr-rmse: 0.235229
2025-10-07 07:52:24 [DEBUG] XGB iter  25: tr-p-rmse: 0.029884	tr-a-peak@32: 1.000000	tr-rmse: 0.310494	tr-rmse: 0.310493
2025-10-07 07:52:24 [DEBUG] XGB iter  50: tr-p-rmse: 0.029884	tr-a-peak@32: 1.000000	tr-rmse: 0.310494	tr-rmse: 0.310494
2025-10-07 07:52:24 [DEBUG] XGB stopped. Best iteration: [18] tr-p-rmse:0.02988	tr-a-peak@32:1.00000	tr-rmse:0.31049	tr-rmse:0.31049 
2025-10-07 07:52:24 [INFO] [task_scheduler.cc:237] [Updated] Task #0: "main"
2025-10-07 07:52:24 [INFO] [task_scheduler.cc:320] 
 ID | Name |      FLOP | Weight | Speed (GFLOPS) | Latency (us) | Weighted Latency (us) | Trials | Done 
--------------------------------------------------------------------------------------------------------
  0 | main | 236027904 |      1 |     27448.5105 |       8.5989 |                8.5989 |    127 |      
--------------------------------------------------------------------------------------------------------
Total trials: 127
Total latency (us): 8.59893

2025-10-07 07:52:24 [INFO] [task_scheduler.cc:180] TaskScheduler picks Task #0: "main"
2025-10-07 07:53:48 [INFO] [task_scheduler.cc:193] Sending 64 sample(s) to builder
2025-10-07 07:54:03 [INFO] [task_scheduler.cc:195] Sending 64 sample(s) to runner
2025-10-07 07:54:21 [DEBUG] XGB validation: p-rmse: 0.243427	a-peak@32: 0.929964
2025-10-07 07:54:21 [DEBUG] XGB iter   0: tr-p-rmse: 0.567550	tr-a-peak@32: 0.900991	tr-rmse: 0.307355	tr-rmse: 0.307355
2025-10-07 07:54:21 [DEBUG] XGB iter  25: tr-p-rmse: 0.031006	tr-a-peak@32: 1.000000	tr-rmse: 0.383112	tr-rmse: 0.383112
2025-10-07 07:54:21 [DEBUG] XGB iter  50: tr-p-rmse: 0.031003	tr-a-peak@32: 1.000000	tr-rmse: 0.383116	tr-rmse: 0.383116
2025-10-07 07:54:21 [DEBUG] XGB iter  75: tr-p-rmse: 0.031003	tr-a-peak@32: 1.000000	tr-rmse: 0.383116	tr-rmse: 0.383116
2025-10-07 07:54:21 [DEBUG] XGB stopped. Best iteration: [27] tr-p-rmse:0.03100	tr-a-peak@32:1.00000	tr-rmse:0.38312	tr-rmse:0.38312 
2025-10-07 07:54:21 [INFO] [task_scheduler.cc:237] [Updated] Task #0: "main"
2025-10-07 07:54:21 [INFO] [task_scheduler.cc:320] 
 ID | Name |      FLOP | Weight | Speed (GFLOPS) | Latency (us) | Weighted Latency (us) | Trials | Done 
--------------------------------------------------------------------------------------------------------
  0 | main | 236027904 |      1 |     29121.9591 |       8.1048 |                8.1048 |    191 |      
--------------------------------------------------------------------------------------------------------
Total trials: 191
Total latency (us): 8.10481

2025-10-07 07:54:21 [INFO] [task_scheduler.cc:180] TaskScheduler picks Task #0: "main"
2025-10-07 07:55:44 [INFO] [task_scheduler.cc:193] Sending 64 sample(s) to builder
2025-10-07 07:55:50 [INFO] [task_scheduler.cc:195] Sending 64 sample(s) to runner
2025-10-07 07:56:05 [DEBUG] XGB validation: p-rmse: 0.145935	a-peak@32: 0.924130
2025-10-07 07:56:05 [DEBUG] XGB iter   0: tr-p-rmse: 0.532614	tr-a-peak@32: 0.860578	tr-rmse: 0.347679	tr-rmse: 0.347679
2025-10-07 07:56:05 [DEBUG] XGB iter  25: tr-p-rmse: 0.028709	tr-a-peak@32: 1.000000	tr-rmse: 0.427990	tr-rmse: 0.427990
2025-10-07 07:56:05 [DEBUG] XGB iter  50: tr-p-rmse: 0.028708	tr-a-peak@32: 1.000000	tr-rmse: 0.427992	tr-rmse: 0.427992
2025-10-07 07:56:05 [DEBUG] XGB iter  75: tr-p-rmse: 0.028708	tr-a-peak@32: 1.000000	tr-rmse: 0.427992	tr-rmse: 0.427992
2025-10-07 07:56:05 [DEBUG] XGB stopped. Best iteration: [26] tr-p-rmse:0.02871	tr-a-peak@32:1.00000	tr-rmse:0.42799	tr-rmse:0.42799 
2025-10-07 07:56:05 [INFO] [task_scheduler.cc:237] [Updated] Task #0: "main"
2025-10-07 07:56:05 [INFO] [task_scheduler.cc:320] 
 ID | Name |      FLOP | Weight | Speed (GFLOPS) | Latency (us) | Weighted Latency (us) | Trials | Done 
--------------------------------------------------------------------------------------------------------
  0 | main | 236027904 |      1 |     32276.2616 |       7.3127 |                7.3127 |    255 |      
--------------------------------------------------------------------------------------------------------
Total trials: 255
Total latency (us): 7.31274

2025-10-07 07:56:05 [INFO] [task_scheduler.cc:180] TaskScheduler picks Task #0: "main"
2025-10-07 07:57:26 [INFO] [task_scheduler.cc:193] Sending 64 sample(s) to builder
2025-10-07 07:57:43 [INFO] [task_scheduler.cc:195] Sending 64 sample(s) to runner
2025-10-07 07:57:59 [DEBUG] XGB validation: p-rmse: 0.116160	a-peak@32: 0.927401
2025-10-07 07:57:59 [DEBUG] XGB iter   0: tr-p-rmse: 0.506517	tr-a-peak@32: 0.848431	tr-rmse: 0.355997	tr-rmse: 0.355997
2025-10-07 07:57:59 [DEBUG] XGB iter  25: tr-p-rmse: 0.028358	tr-a-peak@32: 1.000000	tr-rmse: 0.441471	tr-rmse: 0.441470
2025-10-07 07:57:59 [DEBUG] XGB iter  50: tr-p-rmse: 0.028347	tr-a-peak@32: 1.000000	tr-rmse: 0.441490	tr-rmse: 0.441490
2025-10-07 07:57:59 [DEBUG] XGB iter  75: tr-p-rmse: 0.028347	tr-a-peak@32: 1.000000	tr-rmse: 0.441490	tr-rmse: 0.441490
2025-10-07 07:57:59 [DEBUG] XGB stopped. Best iteration: [29] tr-p-rmse:0.02835	tr-a-peak@32:1.00000	tr-rmse:0.44149	tr-rmse:0.44149 
2025-10-07 07:57:59 [INFO] [task_scheduler.cc:237] [Updated] Task #0: "main"
2025-10-07 07:57:59 [INFO] [task_scheduler.cc:320] 
 ID | Name |      FLOP | Weight | Speed (GFLOPS) | Latency (us) | Weighted Latency (us) | Trials | Done 
--------------------------------------------------------------------------------------------------------
  0 | main | 236027904 |      1 |     35191.9225 |       6.7069 |                6.7069 |    319 |      
--------------------------------------------------------------------------------------------------------
Total trials: 319
Total latency (us): 6.70688

2025-10-07 07:57:59 [INFO] [task_scheduler.cc:180] TaskScheduler picks Task #0: "main"
2025-10-07 07:59:18 [INFO] [task_scheduler.cc:193] Sending 64 sample(s) to builder
2025-10-07 07:59:22 [INFO] [task_scheduler.cc:195] Sending 64 sample(s) to runner
2025-10-07 07:59:41 [DEBUG] XGB validation: p-rmse: 0.052276	a-peak@32: 0.987031
2025-10-07 07:59:50 [DEBUG] XGB iter   0: tr-p-rmse: 0.478349	tr-a-peak@32: 0.901770	tr-rmse: 0.392189	tr-rmse: 0.392189
2025-10-07 07:59:50 [DEBUG] XGB iter  25: tr-p-rmse: 0.030226	tr-a-peak@32: 0.998679	tr-rmse: 0.476366	tr-rmse: 0.476366
2025-10-07 07:59:50 [DEBUG] XGB iter  50: tr-p-rmse: 0.029802	tr-a-peak@32: 0.998679	tr-rmse: 0.476368	tr-rmse: 0.476368
2025-10-07 07:59:50 [DEBUG] XGB iter  75: tr-p-rmse: 0.029802	tr-a-peak@32: 0.998679	tr-rmse: 0.476368	tr-rmse: 0.476368
2025-10-07 07:59:50 [DEBUG] XGB stopped. Best iteration: [29] tr-p-rmse:0.02980	tr-a-peak@32:0.99868	tr-rmse:0.47637	tr-rmse:0.47637 
2025-10-07 07:59:50 [INFO] [task_scheduler.cc:237] [Updated] Task #0: "main"
2025-10-07 07:59:50 [INFO] [task_scheduler.cc:320] 
 ID | Name |      FLOP | Weight | Speed (GFLOPS) | Latency (us) | Weighted Latency (us) | Trials | Done 
--------------------------------------------------------------------------------------------------------
  0 | main | 236027904 |      1 |     35191.9225 |       6.7069 |                6.7069 |    383 |      
--------------------------------------------------------------------------------------------------------
Total trials: 383
Total latency (us): 6.70688

2025-10-07 07:59:50 [INFO] [task_scheduler.cc:180] TaskScheduler picks Task #0: "main"
2025-10-07 08:01:08 [INFO] [task_scheduler.cc:193] Sending 64 sample(s) to builder
2025-10-07 08:01:12 [INFO] [task_scheduler.cc:195] Sending 64 sample(s) to runner
2025-10-07 08:01:29 [DEBUG] XGB validation: p-rmse: 0.055417	a-peak@32: 0.997314
2025-10-07 08:01:29 [DEBUG] XGB iter   0: tr-p-rmse: 0.455509	tr-a-peak@32: 0.973150	tr-rmse: 0.415994	tr-rmse: 0.415994
2025-10-07 08:01:29 [DEBUG] XGB iter  25: tr-p-rmse: 0.030273	tr-a-peak@32: 1.000000	tr-rmse: 0.499405	tr-rmse: 0.499405
2025-10-07 08:01:29 [DEBUG] XGB iter  50: tr-p-rmse: 0.030264	tr-a-peak@32: 1.000000	tr-rmse: 0.499427	tr-rmse: 0.499427
2025-10-07 08:01:29 [DEBUG] XGB iter  75: tr-p-rmse: 0.030264	tr-a-peak@32: 1.000000	tr-rmse: 0.499427	tr-rmse: 0.499427
2025-10-07 08:01:29 [DEBUG] XGB stopped. Best iteration: [28] tr-p-rmse:0.03026	tr-a-peak@32:1.00000	tr-rmse:0.49943	tr-rmse:0.49943 
2025-10-07 08:01:29 [INFO] [task_scheduler.cc:237] [Updated] Task #0: "main"
2025-10-07 08:01:29 [INFO] [task_scheduler.cc:320] 
 ID | Name |      FLOP | Weight | Speed (GFLOPS) | Latency (us) | Weighted Latency (us) | Trials | Done 
--------------------------------------------------------------------------------------------------------
  0 | main | 236027904 |      1 |     35191.9225 |       6.7069 |                6.7069 |    447 |      
--------------------------------------------------------------------------------------------------------
Total trials: 447
Total latency (us): 6.70688

2025-10-07 08:01:29 [INFO] [task_scheduler.cc:180] TaskScheduler picks Task #0: "main"
2025-10-07 08:02:48 [INFO] [task_scheduler.cc:193] Sending 64 sample(s) to builder
2025-10-07 08:02:58 [INFO] [task_scheduler.cc:195] Sending 64 sample(s) to runner
2025-10-07 08:03:14 [DEBUG] XGB validation: p-rmse: 0.049323	a-peak@32: 0.998132
2025-10-07 08:03:14 [DEBUG] XGB iter   0: tr-p-rmse: 0.442345	tr-a-peak@32: 0.981372	tr-rmse: 0.427741	tr-rmse: 0.427741
2025-10-07 08:03:14 [DEBUG] XGB iter  25: tr-p-rmse: 0.028121	tr-a-peak@32: 0.999912	tr-rmse: 0.510743	tr-rmse: 0.510743
2025-10-07 08:03:14 [DEBUG] XGB iter  50: tr-p-rmse: 0.027625	tr-a-peak@32: 0.999912	tr-rmse: 0.510780	tr-rmse: 0.510780
2025-10-07 08:03:14 [DEBUG] XGB iter  75: tr-p-rmse: 0.027625	tr-a-peak@32: 0.999912	tr-rmse: 0.510780	tr-rmse: 0.510780
2025-10-07 08:03:14 [DEBUG] XGB stopped. Best iteration: [30] tr-p-rmse:0.02763	tr-a-peak@32:0.99991	tr-rmse:0.51078	tr-rmse:0.51078 
2025-10-07 08:03:14 [INFO] [task_scheduler.cc:237] [Updated] Task #0: "main"
2025-10-07 08:03:14 [INFO] [task_scheduler.cc:320] 
 ID | Name |      FLOP | Weight | Speed (GFLOPS) | Latency (us) | Weighted Latency (us) | Trials | Done 
--------------------------------------------------------------------------------------------------------
  0 | main | 236027904 |      1 |     35191.9225 |       6.7069 |                6.7069 |    511 |      
--------------------------------------------------------------------------------------------------------
Total trials: 511
Total latency (us): 6.70688

2025-10-07 08:03:14 [INFO] [task_scheduler.cc:180] TaskScheduler picks Task #0: "main"
2025-10-07 08:04:33 [INFO] [task_scheduler.cc:193] Sending 64 sample(s) to builder
2025-10-07 08:04:40 [INFO] [task_scheduler.cc:195] Sending 64 sample(s) to runner
2025-10-07 08:04:56 [DEBUG] XGB validation: p-rmse: 0.089453	a-peak@32: 1.000000
2025-10-07 08:04:58 [DEBUG] XGB iter   0: tr-p-rmse: 0.428576	tr-a-peak@32: 0.955368	tr-rmse: 0.434748	tr-rmse: 0.434748
2025-10-07 08:04:58 [DEBUG] XGB iter  25: tr-p-rmse: 0.029727	tr-a-peak@32: 0.997997	tr-rmse: 0.518213	tr-rmse: 0.518213
2025-10-07 08:04:58 [DEBUG] XGB iter  50: tr-p-rmse: 0.028076	tr-a-peak@32: 0.998001	tr-rmse: 0.518241	tr-rmse: 0.518241
2025-10-07 08:04:58 [DEBUG] XGB iter  75: tr-p-rmse: 0.028076	tr-a-peak@32: 0.998001	tr-rmse: 0.518240	tr-rmse: 0.518241
2025-10-07 08:04:58 [DEBUG] XGB stopped. Best iteration: [34] tr-p-rmse:0.02808	tr-a-peak@32:0.99800	tr-rmse:0.51824	tr-rmse:0.51824 
2025-10-07 08:04:58 [INFO] [task_scheduler.cc:237] [Updated] Task #0: "main"
2025-10-07 08:04:58 [INFO] [task_scheduler.cc:320] 
 ID | Name |      FLOP | Weight | Speed (GFLOPS) | Latency (us) | Weighted Latency (us) | Trials | Done 
--------------------------------------------------------------------------------------------------------
  0 | main | 236027904 |      1 |     35191.9225 |       6.7069 |                6.7069 |    575 |      
--------------------------------------------------------------------------------------------------------
Total trials: 575
Total latency (us): 6.70688

2025-10-07 08:04:58 [INFO] [task_scheduler.cc:180] TaskScheduler picks Task #0: "main"
2025-10-07 08:06:16 [INFO] [task_scheduler.cc:193] Sending 64 sample(s) to builder
2025-10-07 08:06:20 [INFO] [task_scheduler.cc:195] Sending 64 sample(s) to runner
2025-10-07 08:06:35 [DEBUG] XGB validation: p-rmse: 0.049422	a-peak@32: 0.998231
2025-10-07 08:06:35 [DEBUG] XGB iter   0: tr-p-rmse: 0.416905	tr-a-peak@32: 0.949988	tr-rmse: 0.442387	tr-rmse: 0.442387
2025-10-07 08:06:35 [DEBUG] XGB iter  25: tr-p-rmse: 0.027412	tr-a-peak@32: 0.999047	tr-rmse: 0.525860	tr-rmse: 0.525860
2025-10-07 08:06:35 [DEBUG] XGB iter  50: tr-p-rmse: 0.027274	tr-a-peak@32: 0.999835	tr-rmse: 0.525890	tr-rmse: 0.525890
2025-10-07 08:06:35 [DEBUG] XGB iter  75: tr-p-rmse: 0.027274	tr-a-peak@32: 0.999835	tr-rmse: 0.525890	tr-rmse: 0.525890
2025-10-07 08:06:35 [DEBUG] XGB stopped. Best iteration: [30] tr-p-rmse:0.02727	tr-a-peak@32:0.99984	tr-rmse:0.52589	tr-rmse:0.52589 
2025-10-07 08:06:35 [INFO] [task_scheduler.cc:237] [Updated] Task #0: "main"
2025-10-07 08:06:35 [INFO] [task_scheduler.cc:320] 
 ID | Name |      FLOP | Weight | Speed (GFLOPS) | Latency (us) | Weighted Latency (us) | Trials | Done 
--------------------------------------------------------------------------------------------------------
  0 | main | 236027904 |      1 |     35191.9225 |       6.7069 |                6.7069 |    639 |      
--------------------------------------------------------------------------------------------------------
Total trials: 639
Total latency (us): 6.70688

2025-10-07 08:06:35 [INFO] [task_scheduler.cc:180] TaskScheduler picks Task #0: "main"
2025-10-07 08:07:56 [INFO] [task_scheduler.cc:193] Sending 64 sample(s) to builder
2025-10-07 08:08:10 [INFO] [task_scheduler.cc:195] Sending 64 sample(s) to runner
2025-10-07 08:08:26 [DEBUG] XGB validation: p-rmse: 0.073495	a-peak@32: 0.999385
2025-10-07 08:08:26 [DEBUG] XGB iter   0: tr-p-rmse: 0.409532	tr-a-peak@32: 0.916235	tr-rmse: 0.446533	tr-rmse: 0.446533
2025-10-07 08:08:26 [DEBUG] XGB iter  25: tr-p-rmse: 0.028905	tr-a-peak@32: 0.999862	tr-rmse: 0.529887	tr-rmse: 0.529887
2025-10-07 08:08:26 [DEBUG] XGB iter  50: tr-p-rmse: 0.027517	tr-a-peak@32: 0.998089	tr-rmse: 0.529901	tr-rmse: 0.529902
2025-10-07 08:08:26 [DEBUG] XGB iter  75: tr-p-rmse: 0.027517	tr-a-peak@32: 0.998089	tr-rmse: 0.529902	tr-rmse: 0.529902
2025-10-07 08:08:26 [DEBUG] XGB stopped. Best iteration: [38] tr-p-rmse:0.02752	tr-a-peak@32:0.99809	tr-rmse:0.52990	tr-rmse:0.52990 
2025-10-07 08:08:26 [INFO] [task_scheduler.cc:237] [Updated] Task #0: "main"
2025-10-07 08:08:26 [INFO] [task_scheduler.cc:320] 
 ID | Name |      FLOP | Weight | Speed (GFLOPS) | Latency (us) | Weighted Latency (us) | Trials | Done 
--------------------------------------------------------------------------------------------------------
  0 | main | 236027904 |      1 |     35191.9225 |       6.7069 |                6.7069 |    703 |      
--------------------------------------------------------------------------------------------------------
Total trials: 703
Total latency (us): 6.70688

2025-10-07 08:08:26 [INFO] [task_scheduler.cc:180] TaskScheduler picks Task #0: "main"
2025-10-07 08:09:47 [INFO] [task_scheduler.cc:193] Sending 64 sample(s) to builder
2025-10-07 08:09:51 [INFO] [task_scheduler.cc:195] Sending 64 sample(s) to runner
2025-10-07 08:10:06 [DEBUG] XGB validation: p-rmse: 0.049575	a-peak@32: 1.000000
2025-10-07 08:10:06 [DEBUG] XGB iter   0: tr-p-rmse: 0.404587	tr-a-peak@32: 0.975350	tr-rmse: 0.449372	tr-rmse: 0.449372
2025-10-07 08:10:06 [DEBUG] XGB iter  25: tr-p-rmse: 0.026896	tr-a-peak@32: 0.999778	tr-rmse: 0.532796	tr-rmse: 0.532796
2025-10-07 08:10:06 [DEBUG] XGB iter  50: tr-p-rmse: 0.026276	tr-a-peak@32: 0.999866	tr-rmse: 0.532822	tr-rmse: 0.532822
2025-10-07 08:10:06 [DEBUG] XGB iter  75: tr-p-rmse: 0.026276	tr-a-peak@32: 0.999866	tr-rmse: 0.532822	tr-rmse: 0.532822
2025-10-07 08:10:06 [DEBUG] XGB stopped. Best iteration: [30] tr-p-rmse:0.02628	tr-a-peak@32:0.99987	tr-rmse:0.53282	tr-rmse:0.53282 
2025-10-07 08:10:06 [INFO] [task_scheduler.cc:237] [Updated] Task #0: "main"
2025-10-07 08:10:06 [INFO] [task_scheduler.cc:320] 
 ID | Name |      FLOP | Weight | Speed (GFLOPS) | Latency (us) | Weighted Latency (us) | Trials | Done 
--------------------------------------------------------------------------------------------------------
  0 | main | 236027904 |      1 |     35191.9225 |       6.7069 |                6.7069 |    767 |      
--------------------------------------------------------------------------------------------------------
Total trials: 767
Total latency (us): 6.70688

2025-10-07 08:10:06 [INFO] [task_scheduler.cc:180] TaskScheduler picks Task #0: "main"
2025-10-07 08:11:27 [INFO] [task_scheduler.cc:193] Sending 64 sample(s) to builder
2025-10-07 08:11:32 [INFO] [task_scheduler.cc:195] Sending 64 sample(s) to runner
2025-10-07 08:11:49 [DEBUG] XGB validation: p-rmse: 0.046881	a-peak@32: 0.957605
2025-10-07 08:11:49 [DEBUG] XGB iter   0: tr-p-rmse: 0.396021	tr-a-peak@32: 0.969085	tr-rmse: 0.450022	tr-rmse: 0.450022
2025-10-07 08:11:49 [DEBUG] XGB iter  25: tr-p-rmse: 0.026961	tr-a-peak@32: 0.997911	tr-rmse: 0.534233	tr-rmse: 0.534233
2025-10-07 08:11:49 [DEBUG] XGB iter  50: tr-p-rmse: 0.025481	tr-a-peak@32: 0.998955	tr-rmse: 0.534273	tr-rmse: 0.534273
2025-10-07 08:11:49 [DEBUG] XGB iter  75: tr-p-rmse: 0.025481	tr-a-peak@32: 0.998955	tr-rmse: 0.534273	tr-rmse: 0.534273
2025-10-07 08:11:49 [DEBUG] XGB stopped. Best iteration: [42] tr-p-rmse:0.02548	tr-a-peak@32:0.99896	tr-rmse:0.53427	tr-rmse:0.53427 
2025-10-07 08:11:49 [INFO] [task_scheduler.cc:237] [Updated] Task #0: "main"
2025-10-07 08:11:49 [INFO] [task_scheduler.cc:320] 
 ID | Name |      FLOP | Weight | Speed (GFLOPS) | Latency (us) | Weighted Latency (us) | Trials | Done 
--------------------------------------------------------------------------------------------------------
  0 | main | 236027904 |      1 |     35191.9225 |       6.7069 |                6.7069 |    831 |      
--------------------------------------------------------------------------------------------------------
Total trials: 831
Total latency (us): 6.70688

2025-10-07 08:11:49 [INFO] [task_scheduler.cc:180] TaskScheduler picks Task #0: "main"
2025-10-07 08:13:08 [INFO] [task_scheduler.cc:193] Sending 64 sample(s) to builder
2025-10-07 08:13:16 [INFO] [task_scheduler.cc:195] Sending 64 sample(s) to runner
2025-10-07 08:13:31 [DEBUG] XGB validation: p-rmse: 0.141195	a-peak@32: 0.992272
2025-10-07 08:13:31 [DEBUG] XGB iter   0: tr-p-rmse: 0.393681	tr-a-peak@32: 0.926655	tr-rmse: 0.447650	tr-rmse: 0.447650
2025-10-07 08:13:32 [DEBUG] XGB iter  25: tr-p-rmse: 0.028879	tr-a-peak@32: 0.999954	tr-rmse: 0.532551	tr-rmse: 0.532551
2025-10-07 08:13:32 [DEBUG] XGB iter  50: tr-p-rmse: 0.027146	tr-a-peak@32: 1.000000	tr-rmse: 0.532574	tr-rmse: 0.532574
2025-10-07 08:13:32 [DEBUG] XGB iter  75: tr-p-rmse: 0.027146	tr-a-peak@32: 1.000000	tr-rmse: 0.532574	tr-rmse: 0.532574
2025-10-07 08:13:32 [DEBUG] XGB stopped. Best iteration: [35] tr-p-rmse:0.02715	tr-a-peak@32:1.00000	tr-rmse:0.53257	tr-rmse:0.53257 
2025-10-07 08:13:32 [INFO] [task_scheduler.cc:237] [Updated] Task #0: "main"
2025-10-07 08:13:32 [INFO] [task_scheduler.cc:320] 
 ID | Name |      FLOP | Weight | Speed (GFLOPS) | Latency (us) | Weighted Latency (us) | Trials | Done 
--------------------------------------------------------------------------------------------------------
  0 | main | 236027904 |      1 |     35191.9225 |       6.7069 |                6.7069 |    895 |      
--------------------------------------------------------------------------------------------------------
Total trials: 895
Total latency (us): 6.70688

2025-10-07 08:13:32 [INFO] [task_scheduler.cc:180] TaskScheduler picks Task #0: "main"
2025-10-07 08:14:53 [INFO] [task_scheduler.cc:193] Sending 64 sample(s) to builder
2025-10-07 08:15:11 [INFO] [task_scheduler.cc:195] Sending 64 sample(s) to runner
2025-10-07 08:15:29 [DEBUG] XGB validation: p-rmse: 0.142115	a-peak@32: 0.995014
2025-10-07 08:15:29 [DEBUG] XGB iter   0: tr-p-rmse: 0.392226	tr-a-peak@32: 0.992922	tr-rmse: 0.447174	tr-rmse: 0.447174
2025-10-07 08:15:29 [DEBUG] XGB iter  25: tr-p-rmse: 0.028200	tr-a-peak@32: 0.999954	tr-rmse: 0.532439	tr-rmse: 0.532439
2025-10-07 08:15:29 [DEBUG] XGB iter  50: tr-p-rmse: 0.026264	tr-a-peak@32: 0.999908	tr-rmse: 0.532478	tr-rmse: 0.532478
2025-10-07 08:15:29 [DEBUG] XGB iter  75: tr-p-rmse: 0.026264	tr-a-peak@32: 0.999908	tr-rmse: 0.532478	tr-rmse: 0.532478
2025-10-07 08:15:29 [DEBUG] XGB stopped. Best iteration: [38] tr-p-rmse:0.02626	tr-a-peak@32:0.99991	tr-rmse:0.53248	tr-rmse:0.53248 
2025-10-07 08:15:29 [INFO] [task_scheduler.cc:237] [Updated] Task #0: "main"
2025-10-07 08:15:29 [INFO] [task_scheduler.cc:320] 
 ID | Name |      FLOP | Weight | Speed (GFLOPS) | Latency (us) | Weighted Latency (us) | Trials | Done 
--------------------------------------------------------------------------------------------------------
  0 | main | 236027904 |      1 |     35191.9225 |       6.7069 |                6.7069 |    959 |      
--------------------------------------------------------------------------------------------------------
Total trials: 959
Total latency (us): 6.70688

2025-10-07 08:15:29 [INFO] [task_scheduler.cc:180] TaskScheduler picks Task #0: "main"
2025-10-07 08:16:49 [INFO] [task_scheduler.cc:193] Sending 41 sample(s) to builder
2025-10-07 08:16:59 [INFO] [task_scheduler.cc:195] Sending 41 sample(s) to runner
2025-10-07 08:17:10 [DEBUG] XGB validation: p-rmse: 0.033611	a-peak@32: 0.995971
2025-10-07 08:17:10 [DEBUG] XGB iter   0: tr-p-rmse: 0.388285	tr-a-peak@32: 0.956827	tr-rmse: 0.446955	tr-rmse: 0.446955
2025-10-07 08:17:10 [DEBUG] XGB iter  25: tr-p-rmse: 0.028427	tr-a-peak@32: 0.999912	tr-rmse: 0.532571	tr-rmse: 0.532571
2025-10-07 08:17:10 [DEBUG] XGB iter  50: tr-p-rmse: 0.025348	tr-a-peak@32: 0.999778	tr-rmse: 0.532610	tr-rmse: 0.532610
2025-10-07 08:17:10 [DEBUG] XGB iter  75: tr-p-rmse: 0.025348	tr-a-peak@32: 0.999778	tr-rmse: 0.532610	tr-rmse: 0.532610
2025-10-07 08:17:10 [DEBUG] XGB stopped. Best iteration: [42] tr-p-rmse:0.02535	tr-a-peak@32:0.99978	tr-rmse:0.53261	tr-rmse:0.53261 
2025-10-07 08:17:10 [INFO] [task_scheduler.cc:237] [Updated] Task #0: "main"
2025-10-07 08:17:10 [INFO] [task_scheduler.cc:320] 
 ID | Name |      FLOP | Weight | Speed (GFLOPS) | Latency (us) | Weighted Latency (us) | Trials | Done 
--------------------------------------------------------------------------------------------------------
  0 | main | 236027904 |      1 |     35191.9225 |       6.7069 |                6.7069 |   1000 |      
--------------------------------------------------------------------------------------------------------
Total trials: 1000
Total latency (us): 6.70688

2025-10-07 08:17:10 [INFO] [task_scheduler.cc:260] Task #0 has finished. Remaining task(s): 0
2025-10-07 08:17:10 [INFO] [task_scheduler.cc:320] 
 ID | Name |      FLOP | Weight | Speed (GFLOPS) | Latency (us) | Weighted Latency (us) | Trials | Done 
--------------------------------------------------------------------------------------------------------
  0 | main | 236027904 |      1 |     35191.9225 |       6.7069 |                6.7069 |   1000 |    Y 
--------------------------------------------------------------------------------------------------------
Total trials: 1000
Total latency (us): 6.70688

Best time (ms): 0.0067068772
Best std  (ms): 0.0000000000
Tuning Time (min): 28.40
2025-10-07 08:17:11 [INFO] LocalRunner: max_workers = 1
2025-10-07 08:17:12 [INFO] Logging directory: ./layer_1/logs
2025-10-07 08:17:12 [INFO] LocalBuilder: max_workers = 32
2025-10-07 08:17:13 [INFO] [task_scheduler.cc:159] Initializing Task #0: "main"
2025-10-07 08:17:14 [INFO] [task_scheduler.cc:320] 
 ID | Name |      FLOP | Weight | Speed (GFLOPS) | Latency (us) | Weighted Latency (us) | Trials | Done 
--------------------------------------------------------------------------------------------------------
  0 | main | 231211008 |      1 |            N/A |          N/A |                   N/A |      0 |      
--------------------------------------------------------------------------------------------------------
Total trials: 0
Total latency (us): 0

2025-10-07 08:17:14 [INFO] [task_scheduler.cc:180] TaskScheduler picks Task #0: "main"
2025-10-07 08:18:10 [INFO] [task_scheduler.cc:193] Sending 64 sample(s) to builder
2025-10-07 08:18:34 [INFO] [task_scheduler.cc:195] Sending 64 sample(s) to runner
2025-10-07 08:18:50 [DEBUG] XGB iter   0: tr-p-rmse: 0.607750	tr-a-peak@32: 0.606627	tr-rmse: 0.254096	tr-rmse: 0.254096
2025-10-07 08:18:50 [DEBUG] XGB iter  25: tr-p-rmse: 0.043551	tr-a-peak@32: 1.000000	tr-rmse: 0.313435	tr-rmse: 0.313435
2025-10-07 08:18:50 [DEBUG] XGB iter  50: tr-p-rmse: 0.043551	tr-a-peak@32: 1.000000	tr-rmse: 0.313435	tr-rmse: 0.313435
2025-10-07 08:18:51 [DEBUG] XGB stopped. Best iteration: [17] tr-p-rmse:0.04355	tr-a-peak@32:1.00000	tr-rmse:0.31343	tr-rmse:0.31343 
2025-10-07 08:18:51 [INFO] [task_scheduler.cc:237] [Updated] Task #0: "main"
2025-10-07 08:18:51 [INFO] [task_scheduler.cc:320] 
 ID | Name |      FLOP | Weight | Speed (GFLOPS) | Latency (us) | Weighted Latency (us) | Trials | Done 
--------------------------------------------------------------------------------------------------------
  0 | main | 231211008 |      1 |     23295.7766 |       9.9250 |                9.9250 |     64 |      
--------------------------------------------------------------------------------------------------------
Total trials: 64
Total latency (us): 9.92502

2025-10-07 08:18:51 [INFO] [task_scheduler.cc:180] TaskScheduler picks Task #0: "main"
2025-10-07 08:19:46 [INFO] [task_scheduler.cc:193] Sending 64 sample(s) to builder
2025-10-07 08:20:18 [INFO] [task_scheduler.cc:195] Sending 64 sample(s) to runner
2025-10-07 08:20:35 [DEBUG] XGB validation: p-rmse: 0.170521	a-peak@32: 0.989457
2025-10-07 08:20:35 [DEBUG] XGB iter   0: tr-p-rmse: 0.609057	tr-a-peak@32: 0.589945	tr-rmse: 0.274736	tr-rmse: 0.274736
2025-10-07 08:20:35 [DEBUG] XGB iter  25: tr-p-rmse: 0.035200	tr-a-peak@32: 1.000000	tr-rmse: 0.329926	tr-rmse: 0.329926
2025-10-07 08:20:35 [DEBUG] XGB iter  50: tr-p-rmse: 0.035200	tr-a-peak@32: 1.000000	tr-rmse: 0.329926	tr-rmse: 0.329926
2025-10-07 08:20:35 [DEBUG] XGB stopped. Best iteration: [19] tr-p-rmse:0.03520	tr-a-peak@32:1.00000	tr-rmse:0.32993	tr-rmse:0.32993 
2025-10-07 08:20:35 [INFO] [task_scheduler.cc:237] [Updated] Task #0: "main"
2025-10-07 08:20:35 [INFO] [task_scheduler.cc:320] 
 ID | Name |      FLOP | Weight | Speed (GFLOPS) | Latency (us) | Weighted Latency (us) | Trials | Done 
--------------------------------------------------------------------------------------------------------
  0 | main | 231211008 |      1 |     24805.4778 |       9.3210 |                9.3210 |    128 |      
--------------------------------------------------------------------------------------------------------
Total trials: 128
Total latency (us): 9.32097

2025-10-07 08:20:35 [INFO] [task_scheduler.cc:180] TaskScheduler picks Task #0: "main"
2025-10-07 08:21:55 [INFO] [task_scheduler.cc:193] Sending 64 sample(s) to builder
2025-10-07 08:22:09 [INFO] [task_scheduler.cc:195] Sending 64 sample(s) to runner
2025-10-07 08:22:29 [DEBUG] XGB validation: p-rmse: 0.257805	a-peak@32: 0.998089
2025-10-07 08:22:29 [DEBUG] XGB iter   0: tr-p-rmse: 0.550133	tr-a-peak@32: 0.971877	tr-rmse: 0.366277	tr-rmse: 0.366278
2025-10-07 08:22:29 [DEBUG] XGB iter  25: tr-p-rmse: 0.032740	tr-a-peak@32: 0.999154	tr-rmse: 0.442584	tr-rmse: 0.442583
2025-10-07 08:22:29 [DEBUG] XGB iter  50: tr-p-rmse: 0.030904	tr-a-peak@32: 0.999154	tr-rmse: 0.442617	tr-rmse: 0.442617
2025-10-07 08:22:29 [DEBUG] XGB iter  75: tr-p-rmse: 0.030904	tr-a-peak@32: 0.999154	tr-rmse: 0.442617	tr-rmse: 0.442617
2025-10-07 08:22:29 [DEBUG] XGB stopped. Best iteration: [36] tr-p-rmse:0.03090	tr-a-peak@32:0.99915	tr-rmse:0.44262	tr-rmse:0.44262 
2025-10-07 08:22:29 [INFO] [task_scheduler.cc:237] [Updated] Task #0: "main"
2025-10-07 08:22:29 [INFO] [task_scheduler.cc:320] 
 ID | Name |      FLOP | Weight | Speed (GFLOPS) | Latency (us) | Weighted Latency (us) | Trials | Done 
--------------------------------------------------------------------------------------------------------
  0 | main | 231211008 |      1 |     25801.4973 |       8.9611 |                8.9611 |    192 |      
--------------------------------------------------------------------------------------------------------
Total trials: 192
Total latency (us): 8.96115

2025-10-07 08:22:29 [INFO] [task_scheduler.cc:180] TaskScheduler picks Task #0: "main"
2025-10-07 08:23:46 [INFO] [task_scheduler.cc:193] Sending 64 sample(s) to builder
2025-10-07 08:23:58 [INFO] [task_scheduler.cc:195] Sending 64 sample(s) to runner
2025-10-07 08:24:15 [DEBUG] XGB validation: p-rmse: 0.177172	a-peak@32: 0.948779
2025-10-07 08:24:15 [DEBUG] XGB iter   0: tr-p-rmse: 0.511391	tr-a-peak@32: 0.913484	tr-rmse: 0.393755	tr-rmse: 0.393755
2025-10-07 08:24:15 [DEBUG] XGB iter  25: tr-p-rmse: 0.043713	tr-a-peak@32: 0.998866	tr-rmse: 0.475009	tr-rmse: 0.475009
2025-10-07 08:24:15 [DEBUG] XGB iter  50: tr-p-rmse: 0.039531	tr-a-peak@32: 1.000000	tr-rmse: 0.475052	tr-rmse: 0.475052
2025-10-07 08:24:15 [DEBUG] XGB iter  75: tr-p-rmse: 0.039531	tr-a-peak@32: 1.000000	tr-rmse: 0.475052	tr-rmse: 0.475052
2025-10-07 08:24:15 [DEBUG] XGB stopped. Best iteration: [38] tr-p-rmse:0.03953	tr-a-peak@32:1.00000	tr-rmse:0.47505	tr-rmse:0.47505 
2025-10-07 08:24:15 [INFO] [task_scheduler.cc:237] [Updated] Task #0: "main"
2025-10-07 08:24:15 [INFO] [task_scheduler.cc:320] 
 ID | Name |      FLOP | Weight | Speed (GFLOPS) | Latency (us) | Weighted Latency (us) | Trials | Done 
--------------------------------------------------------------------------------------------------------
  0 | main | 231211008 |      1 |     27220.2594 |       8.4941 |                8.4941 |    256 |      
--------------------------------------------------------------------------------------------------------
Total trials: 256
Total latency (us): 8.49408

2025-10-07 08:24:15 [INFO] [task_scheduler.cc:180] TaskScheduler picks Task #0: "main"
2025-10-07 08:25:36 [INFO] [task_scheduler.cc:193] Sending 64 sample(s) to builder
2025-10-07 08:25:45 [INFO] [task_scheduler.cc:195] Sending 64 sample(s) to runner
2025-10-07 08:26:01 [DEBUG] XGB validation: p-rmse: 0.300318	a-peak@32: 1.000000
2025-10-07 08:26:01 [DEBUG] XGB iter   0: tr-p-rmse: 0.508136	tr-a-peak@32: 0.985008	tr-rmse: 0.396067	tr-rmse: 0.396067
2025-10-07 08:26:01 [DEBUG] XGB iter  25: tr-p-rmse: 0.045321	tr-a-peak@32: 1.000000	tr-rmse: 0.477514	tr-rmse: 0.477514
2025-10-07 08:26:01 [DEBUG] XGB iter  50: tr-p-rmse: 0.044678	tr-a-peak@32: 1.000000	tr-rmse: 0.477544	tr-rmse: 0.477544
2025-10-07 08:26:01 [DEBUG] XGB iter  75: tr-p-rmse: 0.044678	tr-a-peak@32: 1.000000	tr-rmse: 0.477544	tr-rmse: 0.477544
2025-10-07 08:26:01 [DEBUG] XGB stopped. Best iteration: [34] tr-p-rmse:0.04468	tr-a-peak@32:1.00000	tr-rmse:0.47754	tr-rmse:0.47754 
2025-10-07 08:26:01 [INFO] [task_scheduler.cc:237] [Updated] Task #0: "main"
2025-10-07 08:26:01 [INFO] [task_scheduler.cc:320] 
 ID | Name |      FLOP | Weight | Speed (GFLOPS) | Latency (us) | Weighted Latency (us) | Trials | Done 
--------------------------------------------------------------------------------------------------------
  0 | main | 231211008 |      1 |     28123.8704 |       8.2212 |                8.2212 |    320 |      
--------------------------------------------------------------------------------------------------------
Total trials: 320
Total latency (us): 8.22117

2025-10-07 08:26:01 [INFO] [task_scheduler.cc:180] TaskScheduler picks Task #0: "main"
2025-10-07 08:27:22 [INFO] [task_scheduler.cc:193] Sending 64 sample(s) to builder
2025-10-07 08:27:37 [INFO] [task_scheduler.cc:195] Sending 64 sample(s) to runner
2025-10-07 08:27:52 [DEBUG] XGB validation: p-rmse: 0.111467	a-peak@32: 0.983033
2025-10-07 08:27:52 [DEBUG] XGB iter   0: tr-p-rmse: 0.495140	tr-a-peak@32: 0.928568	tr-rmse: 0.344722	tr-rmse: 0.344722
2025-10-07 08:27:52 [DEBUG] XGB iter  25: tr-p-rmse: 0.046937	tr-a-peak@32: 0.998784	tr-rmse: 0.436740	tr-rmse: 0.436740
2025-10-07 08:27:52 [DEBUG] XGB iter  50: tr-p-rmse: 0.046902	tr-a-peak@32: 0.998784	tr-rmse: 0.436815	tr-rmse: 0.436815
2025-10-07 08:27:52 [DEBUG] XGB iter  75: tr-p-rmse: 0.046902	tr-a-peak@32: 0.998784	tr-rmse: 0.436815	tr-rmse: 0.436814
2025-10-07 08:27:52 [DEBUG] XGB stopped. Best iteration: [31] tr-p-rmse:0.04690	tr-a-peak@32:0.99878	tr-rmse:0.43681	tr-rmse:0.43681 
2025-10-07 08:27:52 [INFO] [task_scheduler.cc:237] [Updated] Task #0: "main"
2025-10-07 08:27:52 [INFO] [task_scheduler.cc:320] 
 ID | Name |      FLOP | Weight | Speed (GFLOPS) | Latency (us) | Weighted Latency (us) | Trials | Done 
--------------------------------------------------------------------------------------------------------
  0 | main | 231211008 |      1 |     31752.9326 |       7.2816 |                7.2816 |    384 |      
--------------------------------------------------------------------------------------------------------
Total trials: 384
Total latency (us): 7.28156

2025-10-07 08:27:52 [INFO] [task_scheduler.cc:180] TaskScheduler picks Task #0: "main"
2025-10-07 08:29:12 [INFO] [task_scheduler.cc:193] Sending 64 sample(s) to builder
2025-10-07 08:29:25 [INFO] [task_scheduler.cc:195] Sending 64 sample(s) to runner
2025-10-07 08:29:42 [DEBUG] XGB validation: p-rmse: 0.102499	a-peak@32: 0.995439
2025-10-07 08:29:42 [DEBUG] XGB iter   0: tr-p-rmse: 0.483709	tr-a-peak@32: 0.974491	tr-rmse: 0.364891	tr-rmse: 0.364891
2025-10-07 08:29:42 [DEBUG] XGB iter  25: tr-p-rmse: 0.044939	tr-a-peak@32: 0.997041	tr-rmse: 0.454720	tr-rmse: 0.454720
2025-10-07 08:29:42 [DEBUG] XGB iter  50: tr-p-rmse: 0.044615	tr-a-peak@32: 0.997060	tr-rmse: 0.454730	tr-rmse: 0.454730
2025-10-07 08:29:43 [DEBUG] XGB iter  75: tr-p-rmse: 0.044615	tr-a-peak@32: 0.997060	tr-rmse: 0.454730	tr-rmse: 0.454730
2025-10-07 08:29:43 [DEBUG] XGB stopped. Best iteration: [31] tr-p-rmse:0.04462	tr-a-peak@32:0.99706	tr-rmse:0.45473	tr-rmse:0.45473 
2025-10-07 08:29:43 [INFO] [task_scheduler.cc:237] [Updated] Task #0: "main"
2025-10-07 08:29:43 [INFO] [task_scheduler.cc:320] 
 ID | Name |      FLOP | Weight | Speed (GFLOPS) | Latency (us) | Weighted Latency (us) | Trials | Done 
--------------------------------------------------------------------------------------------------------
  0 | main | 231211008 |      1 |     31849.1795 |       7.2596 |                7.2596 |    448 |      
--------------------------------------------------------------------------------------------------------
Total trials: 448
Total latency (us): 7.25956

2025-10-07 08:29:43 [INFO] [task_scheduler.cc:180] TaskScheduler picks Task #0: "main"
2025-10-07 08:31:01 [INFO] [task_scheduler.cc:193] Sending 64 sample(s) to builder
2025-10-07 08:31:26 [INFO] [task_scheduler.cc:195] Sending 64 sample(s) to runner
2025-10-07 08:31:42 [DEBUG] XGB validation: p-rmse: 0.201274	a-peak@32: 0.991451
2025-10-07 08:31:42 [DEBUG] XGB iter   0: tr-p-rmse: 0.469722	tr-a-peak@32: 0.954466	tr-rmse: 0.372113	tr-rmse: 0.372113
2025-10-07 08:31:42 [DEBUG] XGB iter  25: tr-p-rmse: 0.047618	tr-a-peak@32: 0.999906	tr-rmse: 0.462651	tr-rmse: 0.462651
2025-10-07 08:31:42 [DEBUG] XGB iter  50: tr-p-rmse: 0.046061	tr-a-peak@32: 1.000000	tr-rmse: 0.462719	tr-rmse: 0.462719
2025-10-07 08:31:42 [DEBUG] XGB iter  75: tr-p-rmse: 0.046061	tr-a-peak@32: 1.000000	tr-rmse: 0.462719	tr-rmse: 0.462719
2025-10-07 08:31:42 [DEBUG] XGB stopped. Best iteration: [33] tr-p-rmse:0.04606	tr-a-peak@32:1.00000	tr-rmse:0.46272	tr-rmse:0.46272 
2025-10-07 08:31:42 [INFO] [task_scheduler.cc:237] [Updated] Task #0: "main"
2025-10-07 08:31:42 [INFO] [task_scheduler.cc:320] 
 ID | Name |      FLOP | Weight | Speed (GFLOPS) | Latency (us) | Weighted Latency (us) | Trials | Done 
--------------------------------------------------------------------------------------------------------
  0 | main | 231211008 |      1 |     31849.1795 |       7.2596 |                7.2596 |    512 |      
--------------------------------------------------------------------------------------------------------
Total trials: 512
Total latency (us): 7.25956

2025-10-07 08:31:42 [INFO] [task_scheduler.cc:180] TaskScheduler picks Task #0: "main"
2025-10-07 08:33:01 [INFO] [task_scheduler.cc:193] Sending 64 sample(s) to builder
2025-10-07 08:33:18 [INFO] [task_scheduler.cc:195] Sending 64 sample(s) to runner
2025-10-07 08:33:31 [DEBUG] XGB validation: p-rmse: 0.036405	a-peak@32: 0.997265
2025-10-07 08:33:31 [DEBUG] XGB iter   0: tr-p-rmse: 0.455462	tr-a-peak@32: 0.874879	tr-rmse: 0.384240	tr-rmse: 0.384240
2025-10-07 08:33:32 [DEBUG] XGB iter  25: tr-p-rmse: 0.045821	tr-a-peak@32: 1.000000	tr-rmse: 0.474614	tr-rmse: 0.474614
2025-10-07 08:33:32 [DEBUG] XGB iter  50: tr-p-rmse: 0.043938	tr-a-peak@32: 1.000000	tr-rmse: 0.474638	tr-rmse: 0.474638
2025-10-07 08:33:32 [DEBUG] XGB iter  75: tr-p-rmse: 0.043938	tr-a-peak@32: 1.000000	tr-rmse: 0.474638	tr-rmse: 0.474638
2025-10-07 08:33:32 [DEBUG] XGB stopped. Best iteration: [33] tr-p-rmse:0.04394	tr-a-peak@32:1.00000	tr-rmse:0.47464	tr-rmse:0.47464 
2025-10-07 08:33:32 [INFO] [task_scheduler.cc:237] [Updated] Task #0: "main"
2025-10-07 08:33:32 [INFO] [task_scheduler.cc:320] 
 ID | Name |      FLOP | Weight | Speed (GFLOPS) | Latency (us) | Weighted Latency (us) | Trials | Done 
--------------------------------------------------------------------------------------------------------
  0 | main | 231211008 |      1 |     31849.1795 |       7.2596 |                7.2596 |    576 |      
--------------------------------------------------------------------------------------------------------
Total trials: 576
Total latency (us): 7.25956

2025-10-07 08:33:32 [INFO] [task_scheduler.cc:180] TaskScheduler picks Task #0: "main"
2025-10-07 08:34:51 [INFO] [task_scheduler.cc:193] Sending 64 sample(s) to builder
2025-10-07 08:34:57 [INFO] [task_scheduler.cc:195] Sending 64 sample(s) to runner
2025-10-07 08:35:15 [DEBUG] XGB validation: p-rmse: 0.083860	a-peak@32: 1.000000
2025-10-07 08:35:15 [DEBUG] XGB iter   0: tr-p-rmse: 0.448792	tr-a-peak@32: 0.882165	tr-rmse: 0.398604	tr-rmse: 0.398604
2025-10-07 08:35:15 [DEBUG] XGB iter  25: tr-p-rmse: 0.044543	tr-a-peak@32: 0.999007	tr-rmse: 0.487671	tr-rmse: 0.487671
2025-10-07 08:35:15 [DEBUG] XGB iter  50: tr-p-rmse: 0.041661	tr-a-peak@32: 0.999007	tr-rmse: 0.487686	tr-rmse: 0.487686
2025-10-07 08:35:16 [DEBUG] XGB iter  75: tr-p-rmse: 0.041661	tr-a-peak@32: 0.999007	tr-rmse: 0.487686	tr-rmse: 0.487686
2025-10-07 08:35:16 [DEBUG] XGB stopped. Best iteration: [34] tr-p-rmse:0.04166	tr-a-peak@32:0.99901	tr-rmse:0.48768	tr-rmse:0.48768 
2025-10-07 08:35:16 [INFO] [task_scheduler.cc:237] [Updated] Task #0: "main"
2025-10-07 08:35:16 [INFO] [task_scheduler.cc:320] 
 ID | Name |      FLOP | Weight | Speed (GFLOPS) | Latency (us) | Weighted Latency (us) | Trials | Done 
--------------------------------------------------------------------------------------------------------
  0 | main | 231211008 |      1 |     31849.1795 |       7.2596 |                7.2596 |    640 |      
--------------------------------------------------------------------------------------------------------
Total trials: 640
Total latency (us): 7.25956

2025-10-07 08:35:16 [INFO] [task_scheduler.cc:180] TaskScheduler picks Task #0: "main"
2025-10-07 08:36:35 [INFO] [task_scheduler.cc:193] Sending 64 sample(s) to builder
2025-10-07 08:36:51 [INFO] [task_scheduler.cc:195] Sending 64 sample(s) to runner
2025-10-07 08:37:08 [DEBUG] XGB validation: p-rmse: 0.093140	a-peak@32: 1.000000
2025-10-07 08:37:08 [DEBUG] XGB iter   0: tr-p-rmse: 0.436685	tr-a-peak@32: 0.885200	tr-rmse: 0.404813	tr-rmse: 0.404813
2025-10-07 08:37:08 [DEBUG] XGB iter  25: tr-p-rmse: 0.040657	tr-a-peak@32: 0.998943	tr-rmse: 0.493838	tr-rmse: 0.493838
2025-10-07 08:37:08 [DEBUG] XGB iter  50: tr-p-rmse: 0.037817	tr-a-peak@32: 0.999201	tr-rmse: 0.493872	tr-rmse: 0.493871
2025-10-07 08:37:08 [DEBUG] XGB iter  75: tr-p-rmse: 0.037817	tr-a-peak@32: 0.999201	tr-rmse: 0.493872	tr-rmse: 0.493871
2025-10-07 08:37:09 [DEBUG] XGB stopped. Best iteration: [39] tr-p-rmse:0.03782	tr-a-peak@32:0.99920	tr-rmse:0.49387	tr-rmse:0.49387 
2025-10-07 08:37:09 [INFO] [task_scheduler.cc:237] [Updated] Task #0: "main"
2025-10-07 08:37:09 [INFO] [task_scheduler.cc:320] 
 ID | Name |      FLOP | Weight | Speed (GFLOPS) | Latency (us) | Weighted Latency (us) | Trials | Done 
--------------------------------------------------------------------------------------------------------
  0 | main | 231211008 |      1 |     31849.1795 |       7.2596 |                7.2596 |    704 |      
--------------------------------------------------------------------------------------------------------
Total trials: 704
Total latency (us): 7.25956

2025-10-07 08:37:09 [INFO] [task_scheduler.cc:180] TaskScheduler picks Task #0: "main"
2025-10-07 08:38:29 [INFO] [task_scheduler.cc:193] Sending 64 sample(s) to builder
2025-10-07 08:38:40 [INFO] [task_scheduler.cc:195] Sending 64 sample(s) to runner
2025-10-07 08:38:56 [DEBUG] XGB validation: p-rmse: 0.067155	a-peak@32: 0.998871
2025-10-07 08:38:58 [DEBUG] XGB iter   0: tr-p-rmse: 0.431367	tr-a-peak@32: 0.956283	tr-rmse: 0.410775	tr-rmse: 0.410775
2025-10-07 08:38:58 [DEBUG] XGB iter  25: tr-p-rmse: 0.040760	tr-a-peak@32: 0.998497	tr-rmse: 0.499501	tr-rmse: 0.499500
2025-10-07 08:38:58 [DEBUG] XGB iter  50: tr-p-rmse: 0.037338	tr-a-peak@32: 0.998943	tr-rmse: 0.499512	tr-rmse: 0.499512
2025-10-07 08:38:58 [DEBUG] XGB iter  75: tr-p-rmse: 0.037338	tr-a-peak@32: 0.998943	tr-rmse: 0.499512	tr-rmse: 0.499512
2025-10-07 08:38:58 [DEBUG] XGB stopped. Best iteration: [39] tr-p-rmse:0.03734	tr-a-peak@32:0.99894	tr-rmse:0.49951	tr-rmse:0.49951 
2025-10-07 08:38:58 [INFO] [task_scheduler.cc:237] [Updated] Task #0: "main"
2025-10-07 08:38:58 [INFO] [task_scheduler.cc:320] 
 ID | Name |      FLOP | Weight | Speed (GFLOPS) | Latency (us) | Weighted Latency (us) | Trials | Done 
--------------------------------------------------------------------------------------------------------
  0 | main | 231211008 |      1 |     31849.1795 |       7.2596 |                7.2596 |    768 |      
--------------------------------------------------------------------------------------------------------
Total trials: 768
Total latency (us): 7.25956

2025-10-07 08:38:58 [INFO] [task_scheduler.cc:180] TaskScheduler picks Task #0: "main"
2025-10-07 08:40:17 [INFO] [task_scheduler.cc:193] Sending 64 sample(s) to builder
2025-10-07 08:40:23 [INFO] [task_scheduler.cc:195] Sending 64 sample(s) to runner
2025-10-07 08:40:40 [DEBUG] XGB validation: p-rmse: 0.094740	a-peak@32: 0.998707
2025-10-07 08:40:42 [DEBUG] XGB iter   0: tr-p-rmse: 0.421720	tr-a-peak@32: 0.951106	tr-rmse: 0.418506	tr-rmse: 0.418506
2025-10-07 08:40:42 [DEBUG] XGB iter  25: tr-p-rmse: 0.043268	tr-a-peak@32: 0.996410	tr-rmse: 0.506657	tr-rmse: 0.506657
2025-10-07 08:40:42 [DEBUG] XGB iter  50: tr-p-rmse: 0.041785	tr-a-peak@32: 0.996316	tr-rmse: 0.506655	tr-rmse: 0.506655
2025-10-07 08:40:42 [DEBUG] XGB iter  75: tr-p-rmse: 0.041785	tr-a-peak@32: 0.996316	tr-rmse: 0.506655	tr-rmse: 0.506655
2025-10-07 08:40:42 [DEBUG] XGB stopped. Best iteration: [34] tr-p-rmse:0.04179	tr-a-peak@32:0.99632	tr-rmse:0.50665	tr-rmse:0.50665 
2025-10-07 08:40:42 [INFO] [task_scheduler.cc:237] [Updated] Task #0: "main"
2025-10-07 08:40:42 [INFO] [task_scheduler.cc:320] 
 ID | Name |      FLOP | Weight | Speed (GFLOPS) | Latency (us) | Weighted Latency (us) | Trials | Done 
--------------------------------------------------------------------------------------------------------
  0 | main | 231211008 |      1 |     31849.1795 |       7.2596 |                7.2596 |    832 |      
--------------------------------------------------------------------------------------------------------
Total trials: 832
Total latency (us): 7.25956

2025-10-07 08:40:42 [INFO] [task_scheduler.cc:180] TaskScheduler picks Task #0: "main"
2025-10-07 08:42:01 [INFO] [task_scheduler.cc:193] Sending 64 sample(s) to builder
2025-10-07 08:42:10 [INFO] [task_scheduler.cc:195] Sending 64 sample(s) to runner
2025-10-07 08:42:27 [DEBUG] XGB validation: p-rmse: 0.076254	a-peak@32: 0.972594
2025-10-07 08:42:27 [DEBUG] XGB iter   0: tr-p-rmse: 0.410393	tr-a-peak@32: 0.960074	tr-rmse: 0.426214	tr-rmse: 0.426214
2025-10-07 08:42:27 [DEBUG] XGB iter  25: tr-p-rmse: 0.042642	tr-a-peak@32: 0.996396	tr-rmse: 0.514089	tr-rmse: 0.514089
2025-10-07 08:42:27 [DEBUG] XGB iter  50: tr-p-rmse: 0.040039	tr-a-peak@32: 0.996396	tr-rmse: 0.514113	tr-rmse: 0.514113
2025-10-07 08:42:27 [DEBUG] XGB iter  75: tr-p-rmse: 0.040039	tr-a-peak@32: 0.996396	tr-rmse: 0.514113	tr-rmse: 0.514113
2025-10-07 08:42:27 [DEBUG] XGB stopped. Best iteration: [33] tr-p-rmse:0.04004	tr-a-peak@32:0.99640	tr-rmse:0.51411	tr-rmse:0.51411 
2025-10-07 08:42:27 [INFO] [task_scheduler.cc:237] [Updated] Task #0: "main"
2025-10-07 08:42:27 [INFO] [task_scheduler.cc:320] 
 ID | Name |      FLOP | Weight | Speed (GFLOPS) | Latency (us) | Weighted Latency (us) | Trials | Done 
--------------------------------------------------------------------------------------------------------
  0 | main | 231211008 |      1 |     31849.1795 |       7.2596 |                7.2596 |    896 |      
--------------------------------------------------------------------------------------------------------
Total trials: 896
Total latency (us): 7.25956

2025-10-07 08:42:27 [INFO] [task_scheduler.cc:180] TaskScheduler picks Task #0: "main"
2025-10-07 08:43:46 [INFO] [task_scheduler.cc:193] Sending 64 sample(s) to builder
2025-10-07 08:44:03 [INFO] [task_scheduler.cc:195] Sending 64 sample(s) to runner
2025-10-07 08:44:23 [DEBUG] XGB validation: p-rmse: 0.037391	a-peak@32: 0.998755
2025-10-07 08:44:23 [DEBUG] XGB iter   0: tr-p-rmse: 0.403061	tr-a-peak@32: 0.963256	tr-rmse: 0.432025	tr-rmse: 0.432025
2025-10-07 08:44:23 [DEBUG] XGB iter  25: tr-p-rmse: 0.042315	tr-a-peak@32: 0.994762	tr-rmse: 0.519354	tr-rmse: 0.519354
2025-10-07 08:44:23 [DEBUG] XGB iter  50: tr-p-rmse: 0.036672	tr-a-peak@32: 0.995180	tr-rmse: 0.519351	tr-rmse: 0.519351
2025-10-07 08:44:23 [DEBUG] XGB iter  75: tr-p-rmse: 0.036672	tr-a-peak@32: 0.995180	tr-rmse: 0.519351	tr-rmse: 0.519351
2025-10-07 08:44:23 [DEBUG] XGB stopped. Best iteration: [43] tr-p-rmse:0.03667	tr-a-peak@32:0.99518	tr-rmse:0.51935	tr-rmse:0.51935 
2025-10-07 08:44:23 [INFO] [task_scheduler.cc:237] [Updated] Task #0: "main"
2025-10-07 08:44:23 [INFO] [task_scheduler.cc:320] 
 ID | Name |      FLOP | Weight | Speed (GFLOPS) | Latency (us) | Weighted Latency (us) | Trials | Done 
--------------------------------------------------------------------------------------------------------
  0 | main | 231211008 |      1 |     31849.1795 |       7.2596 |                7.2596 |    960 |      
--------------------------------------------------------------------------------------------------------
Total trials: 960
Total latency (us): 7.25956

2025-10-07 08:44:23 [INFO] [task_scheduler.cc:180] TaskScheduler picks Task #0: "main"
2025-10-07 08:45:41 [INFO] [task_scheduler.cc:193] Sending 40 sample(s) to builder
2025-10-07 08:45:48 [INFO] [task_scheduler.cc:195] Sending 40 sample(s) to runner
2025-10-07 08:45:58 [DEBUG] XGB validation: p-rmse: 0.043119	a-peak@32: 1.000000
2025-10-07 08:45:58 [DEBUG] XGB iter   0: tr-p-rmse: 0.397987	tr-a-peak@32: 0.965028	tr-rmse: 0.436078	tr-rmse: 0.436078
2025-10-07 08:45:58 [DEBUG] XGB iter  25: tr-p-rmse: 0.042013	tr-a-peak@32: 0.994853	tr-rmse: 0.523521	tr-rmse: 0.523521
2025-10-07 08:45:59 [DEBUG] XGB iter  50: tr-p-rmse: 0.039108	tr-a-peak@32: 0.997382	tr-rmse: 0.523523	tr-rmse: 0.523523
2025-10-07 08:45:59 [DEBUG] XGB iter  75: tr-p-rmse: 0.039108	tr-a-peak@32: 0.997382	tr-rmse: 0.523523	tr-rmse: 0.523523
2025-10-07 08:45:59 [DEBUG] XGB stopped. Best iteration: [37] tr-p-rmse:0.03911	tr-a-peak@32:0.99738	tr-rmse:0.52352	tr-rmse:0.52352 
2025-10-07 08:45:59 [INFO] [task_scheduler.cc:237] [Updated] Task #0: "main"
2025-10-07 08:45:59 [INFO] [task_scheduler.cc:320] 
 ID | Name |      FLOP | Weight | Speed (GFLOPS) | Latency (us) | Weighted Latency (us) | Trials | Done 
--------------------------------------------------------------------------------------------------------
  0 | main | 231211008 |      1 |     31849.1795 |       7.2596 |                7.2596 |   1000 |      
--------------------------------------------------------------------------------------------------------
Total trials: 1000
Total latency (us): 7.25956

2025-10-07 08:45:59 [INFO] [task_scheduler.cc:260] Task #0 has finished. Remaining task(s): 0
2025-10-07 08:45:59 [INFO] [task_scheduler.cc:320] 
 ID | Name |      FLOP | Weight | Speed (GFLOPS) | Latency (us) | Weighted Latency (us) | Trials | Done 
--------------------------------------------------------------------------------------------------------
  0 | main | 231211008 |      1 |     31849.1795 |       7.2596 |                7.2596 |   1000 |    Y 
--------------------------------------------------------------------------------------------------------
Total trials: 1000
Total latency (us): 7.25956

Best time (ms): 0.0072595593
Best std  (ms): 0.0000000000
Tuning Time (min): 28.80
2025-10-07 08:46:00 [INFO] LocalRunner: max_workers = 1
2025-10-07 08:46:00 [INFO] Logging directory: ./layer_2/logs
2025-10-07 08:46:00 [INFO] LocalBuilder: max_workers = 32
2025-10-07 08:46:01 [INFO] [task_scheduler.cc:159] Initializing Task #0: "main"
2025-10-07 08:46:02 [INFO] [task_scheduler.cc:320] 
 ID | Name |     FLOP | Weight | Speed (GFLOPS) | Latency (us) | Weighted Latency (us) | Trials | Done 
-------------------------------------------------------------------------------------------------------
  0 | main | 25690112 |      1 |            N/A |          N/A |                   N/A |      0 |      
-------------------------------------------------------------------------------------------------------
Total trials: 0
Total latency (us): 0

2025-10-07 08:46:02 [INFO] [task_scheduler.cc:180] TaskScheduler picks Task #0: "main"
2025-10-07 08:46:31 [INFO] [task_scheduler.cc:193] Sending 64 sample(s) to builder
2025-10-07 08:46:40 [INFO] [task_scheduler.cc:195] Sending 64 sample(s) to runner
2025-10-07 08:46:58 [DEBUG] XGB iter   0: tr-p-rmse: 0.484496	tr-a-peak@32: 0.960212	tr-rmse: 0.344069	tr-rmse: 0.344069
2025-10-07 08:46:58 [DEBUG] XGB iter  25: tr-p-rmse: 0.024785	tr-a-peak@32: 1.000000	tr-rmse: 0.429762	tr-rmse: 0.429762
2025-10-07 08:46:58 [DEBUG] XGB iter  50: tr-p-rmse: 0.024785	tr-a-peak@32: 1.000000	tr-rmse: 0.429762	tr-rmse: 0.429762
2025-10-07 08:46:58 [DEBUG] XGB stopped. Best iteration: [16] tr-p-rmse:0.02479	tr-a-peak@32:1.00000	tr-rmse:0.42976	tr-rmse:0.42976 
2025-10-07 08:46:58 [INFO] [task_scheduler.cc:237] [Updated] Task #0: "main"
2025-10-07 08:46:58 [INFO] [task_scheduler.cc:320] 
 ID | Name |     FLOP | Weight | Speed (GFLOPS) | Latency (us) | Weighted Latency (us) | Trials | Done 
-------------------------------------------------------------------------------------------------------
  0 | main | 25690112 |      1 |      7748.1885 |       3.3156 |                3.3156 |     64 |      
-------------------------------------------------------------------------------------------------------
Total trials: 64
Total latency (us): 3.31563

2025-10-07 08:46:58 [INFO] [task_scheduler.cc:180] TaskScheduler picks Task #0: "main"
2025-10-07 08:47:27 [INFO] [task_scheduler.cc:193] Sending 64 sample(s) to builder
2025-10-07 08:47:41 [INFO] [task_scheduler.cc:195] Sending 64 sample(s) to runner
2025-10-07 08:47:58 [DEBUG] XGB validation: p-rmse: 0.195524	a-peak@32: 0.958432
2025-10-07 08:47:58 [DEBUG] XGB iter   0: tr-p-rmse: 0.493792	tr-a-peak@32: 0.909104	tr-rmse: 0.331818	tr-rmse: 0.331818
2025-10-07 08:47:59 [DEBUG] XGB iter  25: tr-p-rmse: 0.023640	tr-a-peak@32: 1.000000	tr-rmse: 0.415227	tr-rmse: 0.415227
2025-10-07 08:47:59 [DEBUG] XGB iter  50: tr-p-rmse: 0.023640	tr-a-peak@32: 1.000000	tr-rmse: 0.415227	tr-rmse: 0.415227
2025-10-07 08:47:59 [DEBUG] XGB stopped. Best iteration: [16] tr-p-rmse:0.02364	tr-a-peak@32:1.00000	tr-rmse:0.41523	tr-rmse:0.41523 
2025-10-07 08:47:59 [INFO] [task_scheduler.cc:237] [Updated] Task #0: "main"
2025-10-07 08:47:59 [INFO] [task_scheduler.cc:320] 
 ID | Name |     FLOP | Weight | Speed (GFLOPS) | Latency (us) | Weighted Latency (us) | Trials | Done 
-------------------------------------------------------------------------------------------------------
  0 | main | 25690112 |      1 |      8480.9089 |       3.0292 |                3.0292 |    128 |      
-------------------------------------------------------------------------------------------------------
Total trials: 128
Total latency (us): 3.02917

2025-10-07 08:47:59 [INFO] [task_scheduler.cc:180] TaskScheduler picks Task #0: "main"
2025-10-07 08:48:32 [INFO] [task_scheduler.cc:193] Sending 64 sample(s) to builder
2025-10-07 08:48:36 [INFO] [task_scheduler.cc:195] Sending 64 sample(s) to runner
2025-10-07 08:48:58 [DEBUG] XGB validation: p-rmse: 0.089773	a-peak@32: 0.914745
2025-10-07 08:48:58 [DEBUG] XGB iter   0: tr-p-rmse: 0.455372	tr-a-peak@32: 0.899922	tr-rmse: 0.387206	tr-rmse: 0.387206
2025-10-07 08:48:59 [DEBUG] XGB iter  25: tr-p-rmse: 0.021092	tr-a-peak@32: 1.000000	tr-rmse: 0.471611	tr-rmse: 0.471611
2025-10-07 08:48:59 [DEBUG] XGB iter  50: tr-p-rmse: 0.021092	tr-a-peak@32: 1.000000	tr-rmse: 0.471611	tr-rmse: 0.471611
2025-10-07 08:48:59 [DEBUG] XGB stopped. Best iteration: [17] tr-p-rmse:0.02109	tr-a-peak@32:1.00000	tr-rmse:0.47161	tr-rmse:0.47161 
2025-10-07 08:48:59 [INFO] [task_scheduler.cc:237] [Updated] Task #0: "main"
2025-10-07 08:48:59 [INFO] [task_scheduler.cc:320] 
 ID | Name |     FLOP | Weight | Speed (GFLOPS) | Latency (us) | Weighted Latency (us) | Trials | Done 
-------------------------------------------------------------------------------------------------------
  0 | main | 25690112 |      1 |      8862.7002 |       2.8987 |                2.8987 |    192 |      
-------------------------------------------------------------------------------------------------------
Total trials: 192
Total latency (us): 2.89868

2025-10-07 08:48:59 [INFO] [task_scheduler.cc:180] TaskScheduler picks Task #0: "main"
2025-10-07 08:49:33 [INFO] [task_scheduler.cc:193] Sending 64 sample(s) to builder
2025-10-07 08:49:36 [INFO] [task_scheduler.cc:195] Sending 64 sample(s) to runner
2025-10-07 08:49:57 [DEBUG] XGB validation: p-rmse: 0.074189	a-peak@32: 0.983943
2025-10-07 08:49:57 [DEBUG] XGB iter   0: tr-p-rmse: 0.417647	tr-a-peak@32: 0.966406	tr-rmse: 0.436130	tr-rmse: 0.436130
2025-10-07 08:49:57 [DEBUG] XGB iter  25: tr-p-rmse: 0.021391	tr-a-peak@32: 1.000000	tr-rmse: 0.517501	tr-rmse: 0.517501
2025-10-07 08:49:57 [DEBUG] XGB iter  50: tr-p-rmse: 0.021391	tr-a-peak@32: 1.000000	tr-rmse: 0.517501	tr-rmse: 0.517501
2025-10-07 08:49:57 [DEBUG] XGB stopped. Best iteration: [17] tr-p-rmse:0.02139	tr-a-peak@32:1.00000	tr-rmse:0.51750	tr-rmse:0.51750 
2025-10-07 08:49:57 [INFO] [task_scheduler.cc:237] [Updated] Task #0: "main"
2025-10-07 08:49:57 [INFO] [task_scheduler.cc:320] 
 ID | Name |     FLOP | Weight | Speed (GFLOPS) | Latency (us) | Weighted Latency (us) | Trials | Done 
-------------------------------------------------------------------------------------------------------
  0 | main | 25690112 |      1 |      8994.5451 |       2.8562 |                2.8562 |    256 |      
-------------------------------------------------------------------------------------------------------
Total trials: 256
Total latency (us): 2.85619

2025-10-07 08:49:57 [INFO] [task_scheduler.cc:180] TaskScheduler picks Task #0: "main"
2025-10-07 08:50:31 [INFO] [task_scheduler.cc:193] Sending 64 sample(s) to builder
2025-10-07 08:50:34 [INFO] [task_scheduler.cc:195] Sending 64 sample(s) to runner
2025-10-07 08:50:48 [DEBUG] XGB validation: p-rmse: 0.086828	a-peak@32: 0.986646
2025-10-07 08:50:48 [DEBUG] XGB iter   0: tr-p-rmse: 0.403494	tr-a-peak@32: 0.961071	tr-rmse: 0.442715	tr-rmse: 0.442715
2025-10-07 08:50:48 [DEBUG] XGB iter  25: tr-p-rmse: 0.022216	tr-a-peak@32: 0.999876	tr-rmse: 0.525178	tr-rmse: 0.525178
2025-10-07 08:50:48 [DEBUG] XGB iter  50: tr-p-rmse: 0.022216	tr-a-peak@32: 0.999876	tr-rmse: 0.525178	tr-rmse: 0.525178
2025-10-07 08:50:48 [DEBUG] XGB stopped. Best iteration: [24] tr-p-rmse:0.02222	tr-a-peak@32:0.99988	tr-rmse:0.52518	tr-rmse:0.52518 
2025-10-07 08:50:48 [INFO] [task_scheduler.cc:237] [Updated] Task #0: "main"
2025-10-07 08:50:48 [INFO] [task_scheduler.cc:320] 
 ID | Name |     FLOP | Weight | Speed (GFLOPS) | Latency (us) | Weighted Latency (us) | Trials | Done 
-------------------------------------------------------------------------------------------------------
  0 | main | 25690112 |      1 |      9196.8540 |       2.7934 |                2.7934 |    320 |      
-------------------------------------------------------------------------------------------------------
Total trials: 320
Total latency (us): 2.79336

2025-10-07 08:50:48 [INFO] [task_scheduler.cc:180] TaskScheduler picks Task #0: "main"
2025-10-07 08:51:25 [INFO] [task_scheduler.cc:193] Sending 64 sample(s) to builder
2025-10-07 08:51:28 [INFO] [task_scheduler.cc:195] Sending 64 sample(s) to runner
2025-10-07 08:51:42 [DEBUG] XGB validation: p-rmse: 0.090449	a-peak@32: 0.992604
2025-10-07 08:51:42 [DEBUG] XGB iter   0: tr-p-rmse: 0.386711	tr-a-peak@32: 0.974247	tr-rmse: 0.458128	tr-rmse: 0.458129
2025-10-07 08:51:42 [DEBUG] XGB iter  25: tr-p-rmse: 0.026321	tr-a-peak@32: 0.999876	tr-rmse: 0.539612	tr-rmse: 0.539612
2025-10-07 08:51:43 [DEBUG] XGB iter  50: tr-p-rmse: 0.026321	tr-a-peak@32: 0.999876	tr-rmse: 0.539612	tr-rmse: 0.539612
2025-10-07 08:51:43 [DEBUG] XGB stopped. Best iteration: [21] tr-p-rmse:0.02632	tr-a-peak@32:0.99988	tr-rmse:0.53961	tr-rmse:0.53961 
2025-10-07 08:51:43 [INFO] [task_scheduler.cc:237] [Updated] Task #0: "main"
2025-10-07 08:51:43 [INFO] [task_scheduler.cc:320] 
 ID | Name |     FLOP | Weight | Speed (GFLOPS) | Latency (us) | Weighted Latency (us) | Trials | Done 
-------------------------------------------------------------------------------------------------------
  0 | main | 25690112 |      1 |      9196.8540 |       2.7934 |                2.7934 |    384 |      
-------------------------------------------------------------------------------------------------------
Total trials: 384
Total latency (us): 2.79336

2025-10-07 08:51:43 [INFO] [task_scheduler.cc:180] TaskScheduler picks Task #0: "main"
2025-10-07 08:52:19 [INFO] [task_scheduler.cc:193] Sending 64 sample(s) to builder
2025-10-07 08:52:22 [INFO] [task_scheduler.cc:195] Sending 64 sample(s) to runner
2025-10-07 08:52:39 [DEBUG] XGB validation: p-rmse: 0.111554	a-peak@32: 0.978466
2025-10-07 08:52:39 [DEBUG] XGB iter   0: tr-p-rmse: 0.374547	tr-a-peak@32: 0.987806	tr-rmse: 0.463960	tr-rmse: 0.463960
2025-10-07 08:52:39 [DEBUG] XGB iter  25: tr-p-rmse: 0.029349	tr-a-peak@32: 0.999876	tr-rmse: 0.545529	tr-rmse: 0.545529
2025-10-07 08:52:40 [DEBUG] XGB iter  50: tr-p-rmse: 0.029198	tr-a-peak@32: 0.999876	tr-rmse: 0.545526	tr-rmse: 0.545526
2025-10-07 08:52:40 [DEBUG] XGB iter  75: tr-p-rmse: 0.029198	tr-a-peak@32: 0.999876	tr-rmse: 0.545526	tr-rmse: 0.545526
2025-10-07 08:52:40 [DEBUG] XGB stopped. Best iteration: [29] tr-p-rmse:0.02920	tr-a-peak@32:0.99988	tr-rmse:0.54553	tr-rmse:0.54553 
2025-10-07 08:52:40 [INFO] [task_scheduler.cc:237] [Updated] Task #0: "main"
2025-10-07 08:52:40 [INFO] [task_scheduler.cc:320] 
 ID | Name |     FLOP | Weight | Speed (GFLOPS) | Latency (us) | Weighted Latency (us) | Trials | Done 
-------------------------------------------------------------------------------------------------------
  0 | main | 25690112 |      1 |      9196.8540 |       2.7934 |                2.7934 |    448 |      
-------------------------------------------------------------------------------------------------------
Total trials: 448
Total latency (us): 2.79336

2025-10-07 08:52:40 [INFO] [task_scheduler.cc:180] TaskScheduler picks Task #0: "main"
2025-10-07 08:53:16 [INFO] [task_scheduler.cc:193] Sending 64 sample(s) to builder
2025-10-07 08:53:20 [INFO] [task_scheduler.cc:195] Sending 64 sample(s) to runner
2025-10-07 08:53:37 [DEBUG] XGB validation: p-rmse: 0.089098	a-peak@32: 0.980833
2025-10-07 08:53:37 [DEBUG] XGB iter   0: tr-p-rmse: 0.365394	tr-a-peak@32: 0.971728	tr-rmse: 0.469667	tr-rmse: 0.469667
2025-10-07 08:53:37 [DEBUG] XGB iter  25: tr-p-rmse: 0.031311	tr-a-peak@32: 0.997602	tr-rmse: 0.551119	tr-rmse: 0.551119
2025-10-07 08:53:37 [DEBUG] XGB iter  50: tr-p-rmse: 0.031311	tr-a-peak@32: 0.997602	tr-rmse: 0.551119	tr-rmse: 0.551119
2025-10-07 08:53:37 [DEBUG] XGB stopped. Best iteration: [23] tr-p-rmse:0.03131	tr-a-peak@32:0.99760	tr-rmse:0.55112	tr-rmse:0.55112 
2025-10-07 08:53:37 [INFO] [task_scheduler.cc:237] [Updated] Task #0: "main"
2025-10-07 08:53:37 [INFO] [task_scheduler.cc:320] 
 ID | Name |     FLOP | Weight | Speed (GFLOPS) | Latency (us) | Weighted Latency (us) | Trials | Done 
-------------------------------------------------------------------------------------------------------
  0 | main | 25690112 |      1 |      9196.8540 |       2.7934 |                2.7934 |    512 |      
-------------------------------------------------------------------------------------------------------
Total trials: 512
Total latency (us): 2.79336

2025-10-07 08:53:37 [INFO] [task_scheduler.cc:180] TaskScheduler picks Task #0: "main"
2025-10-07 08:54:14 [INFO] [task_scheduler.cc:193] Sending 64 sample(s) to builder
2025-10-07 08:54:20 [INFO] [task_scheduler.cc:195] Sending 64 sample(s) to runner
2025-10-07 08:54:36 [DEBUG] XGB validation: p-rmse: 0.084886	a-peak@32: 0.994567
2025-10-07 08:54:36 [DEBUG] XGB iter   0: tr-p-rmse: 0.357102	tr-a-peak@32: 0.962138	tr-rmse: 0.475408	tr-rmse: 0.475408
2025-10-07 08:54:36 [DEBUG] XGB iter  25: tr-p-rmse: 0.036213	tr-a-peak@32: 0.988157	tr-rmse: 0.556690	tr-rmse: 0.556690
2025-10-07 08:54:37 [DEBUG] XGB iter  50: tr-p-rmse: 0.036213	tr-a-peak@32: 0.988157	tr-rmse: 0.556690	tr-rmse: 0.556690
2025-10-07 08:54:37 [DEBUG] XGB stopped. Best iteration: [18] tr-p-rmse:0.03621	tr-a-peak@32:0.98816	tr-rmse:0.55669	tr-rmse:0.55669 
2025-10-07 08:54:37 [INFO] [task_scheduler.cc:237] [Updated] Task #0: "main"
2025-10-07 08:54:37 [INFO] [task_scheduler.cc:320] 
 ID | Name |     FLOP | Weight | Speed (GFLOPS) | Latency (us) | Weighted Latency (us) | Trials | Done 
-------------------------------------------------------------------------------------------------------
  0 | main | 25690112 |      1 |      9196.8540 |       2.7934 |                2.7934 |    576 |      
-------------------------------------------------------------------------------------------------------
Total trials: 576
Total latency (us): 2.79336

2025-10-07 08:54:37 [INFO] [task_scheduler.cc:180] TaskScheduler picks Task #0: "main"
2025-10-07 08:55:13 [INFO] [task_scheduler.cc:193] Sending 64 sample(s) to builder
2025-10-07 08:55:16 [INFO] [task_scheduler.cc:195] Sending 64 sample(s) to runner
2025-10-07 08:55:34 [DEBUG] XGB validation: p-rmse: 0.087131	a-peak@32: 0.989688
2025-10-07 08:55:34 [DEBUG] XGB iter   0: tr-p-rmse: 0.351265	tr-a-peak@32: 0.980499	tr-rmse: 0.482279	tr-rmse: 0.482279
2025-10-07 08:55:34 [DEBUG] XGB iter  25: tr-p-rmse: 0.034306	tr-a-peak@32: 0.999511	tr-rmse: 0.562647	tr-rmse: 0.562647
2025-10-07 08:55:34 [DEBUG] XGB iter  50: tr-p-rmse: 0.034306	tr-a-peak@32: 0.999511	tr-rmse: 0.562649	tr-rmse: 0.562650
2025-10-07 08:55:34 [DEBUG] XGB iter  75: tr-p-rmse: 0.034306	tr-a-peak@32: 0.999511	tr-rmse: 0.562650	tr-rmse: 0.562649
2025-10-07 08:55:34 [DEBUG] XGB stopped. Best iteration: [25] tr-p-rmse:0.03431	tr-a-peak@32:0.99951	tr-rmse:0.56265	tr-rmse:0.56265 
2025-10-07 08:55:34 [INFO] [task_scheduler.cc:237] [Updated] Task #0: "main"
2025-10-07 08:55:34 [INFO] [task_scheduler.cc:320] 
 ID | Name |     FLOP | Weight | Speed (GFLOPS) | Latency (us) | Weighted Latency (us) | Trials | Done 
-------------------------------------------------------------------------------------------------------
  0 | main | 25690112 |      1 |      9196.8540 |       2.7934 |                2.7934 |    640 |      
-------------------------------------------------------------------------------------------------------
Total trials: 640
Total latency (us): 2.79336

2025-10-07 08:55:34 [INFO] [task_scheduler.cc:180] TaskScheduler picks Task #0: "main"
2025-10-07 08:56:09 [INFO] [task_scheduler.cc:193] Sending 64 sample(s) to builder
2025-10-07 08:56:15 [INFO] [task_scheduler.cc:195] Sending 64 sample(s) to runner
2025-10-07 08:56:36 [DEBUG] XGB validation: p-rmse: 0.121015	a-peak@32: 0.967708
2025-10-07 08:56:36 [DEBUG] XGB iter   0: tr-p-rmse: 0.346427	tr-a-peak@32: 0.976079	tr-rmse: 0.483038	tr-rmse: 0.483038
2025-10-07 08:56:36 [DEBUG] XGB iter  25: tr-p-rmse: 0.037899	tr-a-peak@32: 0.999751	tr-rmse: 0.563722	tr-rmse: 0.563721
2025-10-07 08:56:36 [DEBUG] XGB iter  50: tr-p-rmse: 0.037630	tr-a-peak@32: 0.999751	tr-rmse: 0.563734	tr-rmse: 0.563734
2025-10-07 08:56:37 [DEBUG] XGB iter  75: tr-p-rmse: 0.037630	tr-a-peak@32: 0.999751	tr-rmse: 0.563734	tr-rmse: 0.563734
2025-10-07 08:56:37 [DEBUG] XGB stopped. Best iteration: [32] tr-p-rmse:0.03763	tr-a-peak@32:0.99975	tr-rmse:0.56373	tr-rmse:0.56373 
2025-10-07 08:56:37 [INFO] [task_scheduler.cc:237] [Updated] Task #0: "main"
2025-10-07 08:56:37 [INFO] [task_scheduler.cc:320] 
 ID | Name |     FLOP | Weight | Speed (GFLOPS) | Latency (us) | Weighted Latency (us) | Trials | Done 
-------------------------------------------------------------------------------------------------------
  0 | main | 25690112 |      1 |      9196.8540 |       2.7934 |                2.7934 |    704 |      
-------------------------------------------------------------------------------------------------------
Total trials: 704
Total latency (us): 2.79336

2025-10-07 08:56:37 [INFO] [task_scheduler.cc:180] TaskScheduler picks Task #0: "main"
2025-10-07 08:57:12 [INFO] [task_scheduler.cc:193] Sending 64 sample(s) to builder
2025-10-07 08:57:15 [INFO] [task_scheduler.cc:195] Sending 64 sample(s) to runner
2025-10-07 08:57:32 [DEBUG] XGB validation: p-rmse: 0.095149	a-peak@32: 0.974299
2025-10-07 08:57:32 [DEBUG] XGB iter   0: tr-p-rmse: 0.342897	tr-a-peak@32: 0.969902	tr-rmse: 0.483806	tr-rmse: 0.483806
2025-10-07 08:57:32 [DEBUG] XGB iter  25: tr-p-rmse: 0.040008	tr-a-peak@32: 0.998815	tr-rmse: 0.564683	tr-rmse: 0.564683
2025-10-07 08:57:32 [DEBUG] XGB iter  50: tr-p-rmse: 0.039680	tr-a-peak@32: 0.998939	tr-rmse: 0.564695	tr-rmse: 0.564695
2025-10-07 08:57:32 [DEBUG] XGB iter  75: tr-p-rmse: 0.039680	tr-a-peak@32: 0.998939	tr-rmse: 0.564695	tr-rmse: 0.564695
2025-10-07 08:57:32 [DEBUG] XGB stopped. Best iteration: [30] tr-p-rmse:0.03968	tr-a-peak@32:0.99894	tr-rmse:0.56469	tr-rmse:0.56469 
2025-10-07 08:57:32 [INFO] [task_scheduler.cc:237] [Updated] Task #0: "main"
2025-10-07 08:57:32 [INFO] [task_scheduler.cc:320] 
 ID | Name |     FLOP | Weight | Speed (GFLOPS) | Latency (us) | Weighted Latency (us) | Trials | Done 
-------------------------------------------------------------------------------------------------------
  0 | main | 25690112 |      1 |      9196.8540 |       2.7934 |                2.7934 |    768 |      
-------------------------------------------------------------------------------------------------------
Total trials: 768
Total latency (us): 2.79336

2025-10-07 08:57:32 [INFO] [task_scheduler.cc:180] TaskScheduler picks Task #0: "main"
2025-10-07 08:58:07 [INFO] [task_scheduler.cc:193] Sending 64 sample(s) to builder
2025-10-07 08:58:10 [INFO] [task_scheduler.cc:195] Sending 64 sample(s) to runner
2025-10-07 08:58:28 [DEBUG] XGB validation: p-rmse: 0.114189	a-peak@32: 0.993148
2025-10-07 08:58:28 [DEBUG] XGB iter   0: tr-p-rmse: 0.339761	tr-a-peak@32: 0.979997	tr-rmse: 0.483747	tr-rmse: 0.483747
2025-10-07 08:58:28 [DEBUG] XGB iter  25: tr-p-rmse: 0.042950	tr-a-peak@32: 0.998648	tr-rmse: 0.564973	tr-rmse: 0.564973
2025-10-07 08:58:28 [DEBUG] XGB iter  50: tr-p-rmse: 0.041811	tr-a-peak@32: 0.998810	tr-rmse: 0.564945	tr-rmse: 0.564945
2025-10-07 08:58:28 [DEBUG] XGB iter  75: tr-p-rmse: 0.041811	tr-a-peak@32: 0.998810	tr-rmse: 0.564945	tr-rmse: 0.564945
2025-10-07 08:58:28 [DEBUG] XGB stopped. Best iteration: [40] tr-p-rmse:0.04181	tr-a-peak@32:0.99881	tr-rmse:0.56494	tr-rmse:0.56494 
2025-10-07 08:58:28 [INFO] [task_scheduler.cc:237] [Updated] Task #0: "main"
2025-10-07 08:58:28 [INFO] [task_scheduler.cc:320] 
 ID | Name |     FLOP | Weight | Speed (GFLOPS) | Latency (us) | Weighted Latency (us) | Trials | Done 
-------------------------------------------------------------------------------------------------------
  0 | main | 25690112 |      1 |      9220.8430 |       2.7861 |                2.7861 |    832 |      
-------------------------------------------------------------------------------------------------------
Total trials: 832
Total latency (us): 2.78609

2025-10-07 08:58:28 [INFO] [task_scheduler.cc:180] TaskScheduler picks Task #0: "main"
2025-10-07 08:59:02 [INFO] [task_scheduler.cc:193] Sending 64 sample(s) to builder
2025-10-07 08:59:06 [INFO] [task_scheduler.cc:195] Sending 64 sample(s) to runner
2025-10-07 08:59:24 [DEBUG] XGB validation: p-rmse: 0.088914	a-peak@32: 0.968294
2025-10-07 08:59:24 [DEBUG] XGB iter   0: tr-p-rmse: 0.337334	tr-a-peak@32: 0.982707	tr-rmse: 0.484493	tr-rmse: 0.484493
2025-10-07 08:59:25 [DEBUG] XGB iter  25: tr-p-rmse: 0.042449	tr-a-peak@32: 0.998600	tr-rmse: 0.565773	tr-rmse: 0.565773
2025-10-07 08:59:25 [DEBUG] XGB iter  50: tr-p-rmse: 0.041996	tr-a-peak@32: 0.998732	tr-rmse: 0.565763	tr-rmse: 0.565763
2025-10-07 08:59:25 [DEBUG] XGB iter  75: tr-p-rmse: 0.041996	tr-a-peak@32: 0.998732	tr-rmse: 0.565763	tr-rmse: 0.565763
2025-10-07 08:59:25 [DEBUG] XGB stopped. Best iteration: [36] tr-p-rmse:0.04200	tr-a-peak@32:0.99873	tr-rmse:0.56576	tr-rmse:0.56576 
2025-10-07 08:59:25 [INFO] [task_scheduler.cc:237] [Updated] Task #0: "main"
2025-10-07 08:59:25 [INFO] [task_scheduler.cc:320] 
 ID | Name |     FLOP | Weight | Speed (GFLOPS) | Latency (us) | Weighted Latency (us) | Trials | Done 
-------------------------------------------------------------------------------------------------------
  0 | main | 25690112 |      1 |      9220.8430 |       2.7861 |                2.7861 |    896 |      
-------------------------------------------------------------------------------------------------------
Total trials: 896
Total latency (us): 2.78609

2025-10-07 08:59:25 [INFO] [task_scheduler.cc:180] TaskScheduler picks Task #0: "main"
2025-10-07 08:59:59 [INFO] [task_scheduler.cc:193] Sending 64 sample(s) to builder
2025-10-07 09:00:02 [INFO] [task_scheduler.cc:195] Sending 64 sample(s) to runner
2025-10-07 09:00:19 [DEBUG] XGB validation: p-rmse: 0.123629	a-peak@32: 0.997349
2025-10-07 09:00:21 [DEBUG] XGB iter   0: tr-p-rmse: 0.334852	tr-a-peak@32: 0.989699	tr-rmse: 0.485051	tr-rmse: 0.485051
2025-10-07 09:00:22 [DEBUG] XGB iter  25: tr-p-rmse: 0.045304	tr-a-peak@32: 0.996533	tr-rmse: 0.566472	tr-rmse: 0.566472
2025-10-07 09:00:22 [DEBUG] XGB iter  50: tr-p-rmse: 0.044183	tr-a-peak@32: 0.996741	tr-rmse: 0.566461	tr-rmse: 0.566461
2025-10-07 09:00:22 [DEBUG] XGB iter  75: tr-p-rmse: 0.044183	tr-a-peak@32: 0.996741	tr-rmse: 0.566461	tr-rmse: 0.566461
2025-10-07 09:00:22 [DEBUG] XGB stopped. Best iteration: [40] tr-p-rmse:0.04418	tr-a-peak@32:0.99674	tr-rmse:0.56646	tr-rmse:0.56646 
2025-10-07 09:00:22 [INFO] [task_scheduler.cc:237] [Updated] Task #0: "main"
2025-10-07 09:00:22 [INFO] [task_scheduler.cc:320] 
 ID | Name |     FLOP | Weight | Speed (GFLOPS) | Latency (us) | Weighted Latency (us) | Trials | Done 
-------------------------------------------------------------------------------------------------------
  0 | main | 25690112 |      1 |      9220.8430 |       2.7861 |                2.7861 |    960 |      
-------------------------------------------------------------------------------------------------------
Total trials: 960
Total latency (us): 2.78609

2025-10-07 09:00:22 [INFO] [task_scheduler.cc:180] TaskScheduler picks Task #0: "main"
2025-10-07 09:00:57 [INFO] [task_scheduler.cc:193] Sending 40 sample(s) to builder
2025-10-07 09:01:01 [INFO] [task_scheduler.cc:195] Sending 40 sample(s) to runner
2025-10-07 09:01:14 [DEBUG] XGB validation: p-rmse: 0.116684	a-peak@32: 0.977930
2025-10-07 09:01:16 [DEBUG] XGB iter   0: tr-p-rmse: 0.335182	tr-a-peak@32: 0.961144	tr-rmse: 0.481198	tr-rmse: 0.481198
2025-10-07 09:01:16 [DEBUG] XGB iter  25: tr-p-rmse: 0.048241	tr-a-peak@32: 0.996548	tr-rmse: 0.563397	tr-rmse: 0.563397
2025-10-07 09:01:16 [DEBUG] XGB iter  50: tr-p-rmse: 0.047893	tr-a-peak@32: 0.996795	tr-rmse: 0.563415	tr-rmse: 0.563415
2025-10-07 09:01:16 [DEBUG] XGB iter  75: tr-p-rmse: 0.047893	tr-a-peak@32: 0.996795	tr-rmse: 0.563415	tr-rmse: 0.563415
2025-10-07 09:01:16 [DEBUG] XGB stopped. Best iteration: [29] tr-p-rmse:0.04789	tr-a-peak@32:0.99679	tr-rmse:0.56341	tr-rmse:0.56341 
2025-10-07 09:01:16 [INFO] [task_scheduler.cc:237] [Updated] Task #0: "main"
2025-10-07 09:01:16 [INFO] [task_scheduler.cc:320] 
 ID | Name |     FLOP | Weight | Speed (GFLOPS) | Latency (us) | Weighted Latency (us) | Trials | Done 
-------------------------------------------------------------------------------------------------------
  0 | main | 25690112 |      1 |      9279.2028 |       2.7686 |                2.7686 |   1000 |      
-------------------------------------------------------------------------------------------------------
Total trials: 1000
Total latency (us): 2.76857

2025-10-07 09:01:16 [INFO] [task_scheduler.cc:260] Task #0 has finished. Remaining task(s): 0
2025-10-07 09:01:16 [INFO] [task_scheduler.cc:320] 
 ID | Name |     FLOP | Weight | Speed (GFLOPS) | Latency (us) | Weighted Latency (us) | Trials | Done 
-------------------------------------------------------------------------------------------------------
  0 | main | 25690112 |      1 |      9279.2028 |       2.7686 |                2.7686 |   1000 |    Y 
-------------------------------------------------------------------------------------------------------
Total trials: 1000
Total latency (us): 2.76857

Best time (ms): 0.0027685689
Best std  (ms): 0.0000000000
Tuning Time (min): 15.28
2025-10-07 09:01:17 [INFO] LocalRunner: max_workers = 1
2025-10-07 09:01:18 [INFO] Logging directory: ./layer_3/logs
2025-10-07 09:01:18 [INFO] LocalBuilder: max_workers = 32
2025-10-07 09:01:19 [INFO] [task_scheduler.cc:159] Initializing Task #0: "main"
2025-10-07 09:01:19 [INFO] [task_scheduler.cc:320] 
 ID | Name |      FLOP | Weight | Speed (GFLOPS) | Latency (us) | Weighted Latency (us) | Trials | Done 
--------------------------------------------------------------------------------------------------------
  0 | main | 115605504 |      1 |            N/A |          N/A |                   N/A |      0 |      
--------------------------------------------------------------------------------------------------------
Total trials: 0
Total latency (us): 0

2025-10-07 09:01:19 [INFO] [task_scheduler.cc:180] TaskScheduler picks Task #0: "main"
2025-10-07 09:02:04 [INFO] [task_scheduler.cc:193] Sending 64 sample(s) to builder
2025-10-07 09:02:35 [INFO] [task_scheduler.cc:195] Sending 64 sample(s) to runner
2025-10-07 09:02:52 [DEBUG] XGB iter   0: tr-p-rmse: 0.563573	tr-a-peak@32: 0.968233	tr-rmse: 0.321510	tr-rmse: 0.321510
2025-10-07 09:02:52 [DEBUG] XGB iter  25: tr-p-rmse: 0.046742	tr-a-peak@32: 1.000000	tr-rmse: 0.388905	tr-rmse: 0.388905
2025-10-07 09:02:52 [DEBUG] XGB iter  50: tr-p-rmse: 0.046742	tr-a-peak@32: 1.000000	tr-rmse: 0.388905	tr-rmse: 0.388905
2025-10-07 09:02:52 [DEBUG] XGB stopped. Best iteration: [18] tr-p-rmse:0.04674	tr-a-peak@32:1.00000	tr-rmse:0.38890	tr-rmse:0.38890 
2025-10-07 09:02:53 [INFO] [task_scheduler.cc:237] [Updated] Task #0: "main"
2025-10-07 09:02:53 [INFO] [task_scheduler.cc:320] 
 ID | Name |      FLOP | Weight | Speed (GFLOPS) | Latency (us) | Weighted Latency (us) | Trials | Done 
--------------------------------------------------------------------------------------------------------
  0 | main | 115605504 |      1 |      8262.4586 |      13.9917 |               13.9917 |     64 |      
--------------------------------------------------------------------------------------------------------
Total trials: 64
Total latency (us): 13.9917

2025-10-07 09:02:53 [INFO] [task_scheduler.cc:180] TaskScheduler picks Task #0: "main"
2025-10-07 09:03:37 [INFO] [task_scheduler.cc:193] Sending 64 sample(s) to builder
2025-10-07 09:04:04 [INFO] [task_scheduler.cc:195] Sending 64 sample(s) to runner
2025-10-07 09:04:22 [DEBUG] XGB validation: p-rmse: 0.268237	a-peak@32: 0.945481
2025-10-07 09:04:26 [DEBUG] XGB iter   0: tr-p-rmse: 0.588082	tr-a-peak@32: 1.000000	tr-rmse: 0.283763	tr-rmse: 0.283763
2025-10-07 09:04:26 [DEBUG] XGB iter  25: tr-p-rmse: 0.031098	tr-a-peak@32: 1.000000	tr-rmse: 0.343772	tr-rmse: 0.343772
2025-10-07 09:04:26 [DEBUG] XGB iter  50: tr-p-rmse: 0.031098	tr-a-peak@32: 1.000000	tr-rmse: 0.343772	tr-rmse: 0.343772
2025-10-07 09:04:27 [DEBUG] XGB stopped. Best iteration: [23] tr-p-rmse:0.03110	tr-a-peak@32:1.00000	tr-rmse:0.34377	tr-rmse:0.34377 
2025-10-07 09:04:27 [INFO] [task_scheduler.cc:237] [Updated] Task #0: "main"
2025-10-07 09:04:27 [INFO] [task_scheduler.cc:320] 
 ID | Name |      FLOP | Weight | Speed (GFLOPS) | Latency (us) | Weighted Latency (us) | Trials | Done 
--------------------------------------------------------------------------------------------------------
  0 | main | 115605504 |      1 |     10002.9140 |      11.5572 |               11.5572 |    128 |      
--------------------------------------------------------------------------------------------------------
Total trials: 128
Total latency (us): 11.5572

2025-10-07 09:04:27 [INFO] [task_scheduler.cc:180] TaskScheduler picks Task #0: "main"
2025-10-07 09:05:24 [INFO] [task_scheduler.cc:193] Sending 64 sample(s) to builder
2025-10-07 09:05:35 [INFO] [task_scheduler.cc:195] Sending 64 sample(s) to runner
2025-10-07 09:05:50 [DEBUG] XGB validation: p-rmse: 0.262439	a-peak@32: 0.987684
2025-10-07 09:05:51 [DEBUG] XGB iter   0: tr-p-rmse: 0.551492	tr-a-peak@32: 0.932688	tr-rmse: 0.352791	tr-rmse: 0.352791
2025-10-07 09:05:51 [DEBUG] XGB iter  25: tr-p-rmse: 0.032513	tr-a-peak@32: 1.000000	tr-rmse: 0.425229	tr-rmse: 0.425229
2025-10-07 09:05:51 [DEBUG] XGB iter  50: tr-p-rmse: 0.032513	tr-a-peak@32: 1.000000	tr-rmse: 0.425229	tr-rmse: 0.425229
2025-10-07 09:05:51 [DEBUG] XGB stopped. Best iteration: [21] tr-p-rmse:0.03251	tr-a-peak@32:1.00000	tr-rmse:0.42523	tr-rmse:0.42523 
2025-10-07 09:05:51 [INFO] [task_scheduler.cc:237] [Updated] Task #0: "main"
2025-10-07 09:05:51 [INFO] [task_scheduler.cc:320] 
 ID | Name |      FLOP | Weight | Speed (GFLOPS) | Latency (us) | Weighted Latency (us) | Trials | Done 
--------------------------------------------------------------------------------------------------------
  0 | main | 115605504 |      1 |     11447.1696 |      10.0990 |               10.0990 |    192 |      
--------------------------------------------------------------------------------------------------------
Total trials: 192
Total latency (us): 10.099

2025-10-07 09:05:51 [INFO] [task_scheduler.cc:180] TaskScheduler picks Task #0: "main"
2025-10-07 09:06:50 [INFO] [task_scheduler.cc:193] Sending 64 sample(s) to builder
2025-10-07 09:07:05 [INFO] [task_scheduler.cc:195] Sending 64 sample(s) to runner
2025-10-07 09:07:21 [DEBUG] XGB validation: p-rmse: 0.231340	a-peak@32: 0.889670
2025-10-07 09:07:21 [DEBUG] XGB iter   0: tr-p-rmse: 0.523467	tr-a-peak@32: 0.813325	tr-rmse: 0.350023	tr-rmse: 0.350023
2025-10-07 09:07:21 [DEBUG] XGB iter  25: tr-p-rmse: 0.033794	tr-a-peak@32: 1.000000	tr-rmse: 0.432422	tr-rmse: 0.432422
2025-10-07 09:07:21 [DEBUG] XGB iter  50: tr-p-rmse: 0.033785	tr-a-peak@32: 1.000000	tr-rmse: 0.432437	tr-rmse: 0.432437
2025-10-07 09:07:21 [DEBUG] XGB iter  75: tr-p-rmse: 0.033785	tr-a-peak@32: 1.000000	tr-rmse: 0.432437	tr-rmse: 0.432437
2025-10-07 09:07:21 [DEBUG] XGB stopped. Best iteration: [28] tr-p-rmse:0.03379	tr-a-peak@32:1.00000	tr-rmse:0.43244	tr-rmse:0.43244 
2025-10-07 09:07:22 [INFO] [task_scheduler.cc:237] [Updated] Task #0: "main"
2025-10-07 09:07:22 [INFO] [task_scheduler.cc:320] 
 ID | Name |      FLOP | Weight | Speed (GFLOPS) | Latency (us) | Weighted Latency (us) | Trials | Done 
--------------------------------------------------------------------------------------------------------
  0 | main | 115605504 |      1 |     12862.3198 |       8.9879 |                8.9879 |    256 |      
--------------------------------------------------------------------------------------------------------
Total trials: 256
Total latency (us): 8.98792

2025-10-07 09:07:22 [INFO] [task_scheduler.cc:180] TaskScheduler picks Task #0: "main"
2025-10-07 09:08:22 [INFO] [task_scheduler.cc:193] Sending 64 sample(s) to builder
2025-10-07 09:08:32 [INFO] [task_scheduler.cc:195] Sending 64 sample(s) to runner
2025-10-07 09:08:47 [DEBUG] XGB validation: p-rmse: 0.174197	a-peak@32: 0.943792
2025-10-07 09:08:47 [DEBUG] XGB iter   0: tr-p-rmse: 0.512018	tr-a-peak@32: 0.747823	tr-rmse: 0.352151	tr-rmse: 0.352151
2025-10-07 09:08:47 [DEBUG] XGB iter  25: tr-p-rmse: 0.031999	tr-a-peak@32: 1.000000	tr-rmse: 0.435849	tr-rmse: 0.435849
2025-10-07 09:08:48 [DEBUG] XGB iter  50: tr-p-rmse: 0.029574	tr-a-peak@32: 1.000000	tr-rmse: 0.435844	tr-rmse: 0.435844
2025-10-07 09:08:48 [DEBUG] XGB iter  75: tr-p-rmse: 0.029574	tr-a-peak@32: 1.000000	tr-rmse: 0.435844	tr-rmse: 0.435844
2025-10-07 09:08:48 [DEBUG] XGB stopped. Best iteration: [36] tr-p-rmse:0.02957	tr-a-peak@32:1.00000	tr-rmse:0.43584	tr-rmse:0.43584 
2025-10-07 09:08:48 [INFO] [task_scheduler.cc:237] [Updated] Task #0: "main"
2025-10-07 09:08:48 [INFO] [task_scheduler.cc:320] 
 ID | Name |      FLOP | Weight | Speed (GFLOPS) | Latency (us) | Weighted Latency (us) | Trials | Done 
--------------------------------------------------------------------------------------------------------
  0 | main | 115605504 |      1 |     14133.0778 |       8.1798 |                8.1798 |    320 |      
--------------------------------------------------------------------------------------------------------
Total trials: 320
Total latency (us): 8.17978

2025-10-07 09:08:48 [INFO] [task_scheduler.cc:180] TaskScheduler picks Task #0: "main"
2025-10-07 09:09:49 [INFO] [task_scheduler.cc:193] Sending 64 sample(s) to builder
2025-10-07 09:10:02 [INFO] [task_scheduler.cc:195] Sending 64 sample(s) to runner
2025-10-07 09:10:16 [DEBUG] XGB validation: p-rmse: 0.157959	a-peak@32: 0.984495
2025-10-07 09:10:16 [DEBUG] XGB iter   0: tr-p-rmse: 0.492168	tr-a-peak@32: 0.884098	tr-rmse: 0.385176	tr-rmse: 0.385176
2025-10-07 09:10:16 [DEBUG] XGB iter  25: tr-p-rmse: 0.030316	tr-a-peak@32: 0.998090	tr-rmse: 0.467797	tr-rmse: 0.467797
2025-10-07 09:10:16 [DEBUG] XGB iter  50: tr-p-rmse: 0.028539	tr-a-peak@32: 0.998090	tr-rmse: 0.467832	tr-rmse: 0.467832
2025-10-07 09:10:16 [DEBUG] XGB iter  75: tr-p-rmse: 0.028539	tr-a-peak@32: 0.998090	tr-rmse: 0.467832	tr-rmse: 0.467832
2025-10-07 09:10:16 [DEBUG] XGB stopped. Best iteration: [32] tr-p-rmse:0.02854	tr-a-peak@32:0.99809	tr-rmse:0.46783	tr-rmse:0.46783 
2025-10-07 09:10:16 [INFO] [task_scheduler.cc:237] [Updated] Task #0: "main"
2025-10-07 09:10:16 [INFO] [task_scheduler.cc:320] 
 ID | Name |      FLOP | Weight | Speed (GFLOPS) | Latency (us) | Weighted Latency (us) | Trials | Done 
--------------------------------------------------------------------------------------------------------
  0 | main | 115605504 |      1 |     14133.0778 |       8.1798 |                8.1798 |    384 |      
--------------------------------------------------------------------------------------------------------
Total trials: 384
Total latency (us): 8.17978

2025-10-07 09:10:16 [INFO] [task_scheduler.cc:180] TaskScheduler picks Task #0: "main"
2025-10-07 09:11:18 [INFO] [task_scheduler.cc:193] Sending 64 sample(s) to builder
2025-10-07 09:11:30 [INFO] [task_scheduler.cc:195] Sending 64 sample(s) to runner
2025-10-07 09:11:49 [DEBUG] XGB validation: p-rmse: 0.097273	a-peak@32: 0.964182
2025-10-07 09:11:49 [DEBUG] XGB iter   0: tr-p-rmse: 0.474225	tr-a-peak@32: 0.878579	tr-rmse: 0.397763	tr-rmse: 0.397763
2025-10-07 09:11:49 [DEBUG] XGB iter  25: tr-p-rmse: 0.040915	tr-a-peak@32: 0.982431	tr-rmse: 0.482281	tr-rmse: 0.482281
2025-10-07 09:11:49 [DEBUG] XGB iter  50: tr-p-rmse: 0.038974	tr-a-peak@32: 0.982431	tr-rmse: 0.482309	tr-rmse: 0.482309
2025-10-07 09:11:49 [DEBUG] XGB iter  75: tr-p-rmse: 0.038974	tr-a-peak@32: 0.982431	tr-rmse: 0.482309	tr-rmse: 0.482309
2025-10-07 09:11:49 [DEBUG] XGB stopped. Best iteration: [36] tr-p-rmse:0.03897	tr-a-peak@32:0.98243	tr-rmse:0.48231	tr-rmse:0.48231 
2025-10-07 09:11:49 [INFO] [task_scheduler.cc:237] [Updated] Task #0: "main"
2025-10-07 09:11:49 [INFO] [task_scheduler.cc:320] 
 ID | Name |      FLOP | Weight | Speed (GFLOPS) | Latency (us) | Weighted Latency (us) | Trials | Done 
--------------------------------------------------------------------------------------------------------
  0 | main | 115605504 |      1 |     14811.9342 |       7.8049 |                7.8049 |    448 |      
--------------------------------------------------------------------------------------------------------
Total trials: 448
Total latency (us): 7.80489

2025-10-07 09:11:49 [INFO] [task_scheduler.cc:180] TaskScheduler picks Task #0: "main"
2025-10-07 09:12:50 [INFO] [task_scheduler.cc:193] Sending 64 sample(s) to builder
2025-10-07 09:12:56 [INFO] [task_scheduler.cc:195] Sending 64 sample(s) to runner
2025-10-07 09:13:15 [DEBUG] XGB validation: p-rmse: 0.048558	a-peak@32: 0.993744
2025-10-07 09:13:15 [DEBUG] XGB iter   0: tr-p-rmse: 0.456609	tr-a-peak@32: 0.959770	tr-rmse: 0.418288	tr-rmse: 0.418288
2025-10-07 09:13:15 [DEBUG] XGB iter  25: tr-p-rmse: 0.040266	tr-a-peak@32: 0.985415	tr-rmse: 0.502320	tr-rmse: 0.502320
2025-10-07 09:13:15 [DEBUG] XGB iter  50: tr-p-rmse: 0.040265	tr-a-peak@32: 0.985415	tr-rmse: 0.502323	tr-rmse: 0.502324
2025-10-07 09:13:15 [DEBUG] XGB iter  75: tr-p-rmse: 0.040265	tr-a-peak@32: 0.985415	tr-rmse: 0.502323	tr-rmse: 0.502323
2025-10-07 09:13:15 [DEBUG] XGB stopped. Best iteration: [27] tr-p-rmse:0.04027	tr-a-peak@32:0.98542	tr-rmse:0.50232	tr-rmse:0.50232 
2025-10-07 09:13:16 [INFO] [task_scheduler.cc:237] [Updated] Task #0: "main"
2025-10-07 09:13:16 [INFO] [task_scheduler.cc:320] 
 ID | Name |      FLOP | Weight | Speed (GFLOPS) | Latency (us) | Weighted Latency (us) | Trials | Done 
--------------------------------------------------------------------------------------------------------
  0 | main | 115605504 |      1 |     14811.9342 |       7.8049 |                7.8049 |    512 |      
--------------------------------------------------------------------------------------------------------
Total trials: 512
Total latency (us): 7.80489

2025-10-07 09:13:16 [INFO] [task_scheduler.cc:180] TaskScheduler picks Task #0: "main"
2025-10-07 09:14:16 [INFO] [task_scheduler.cc:193] Sending 64 sample(s) to builder
2025-10-07 09:14:23 [INFO] [task_scheduler.cc:195] Sending 64 sample(s) to runner
2025-10-07 09:14:42 [DEBUG] XGB validation: p-rmse: 0.052725	a-peak@32: 0.947283
2025-10-07 09:14:42 [DEBUG] XGB iter   0: tr-p-rmse: 0.440448	tr-a-peak@32: 0.919744	tr-rmse: 0.430169	tr-rmse: 0.430169
2025-10-07 09:14:42 [DEBUG] XGB iter  25: tr-p-rmse: 0.038119	tr-a-peak@32: 0.998499	tr-rmse: 0.513961	tr-rmse: 0.513961
2025-10-07 09:14:42 [DEBUG] XGB iter  50: tr-p-rmse: 0.038052	tr-a-peak@32: 0.998499	tr-rmse: 0.513998	tr-rmse: 0.513998
2025-10-07 09:14:42 [DEBUG] XGB iter  75: tr-p-rmse: 0.038052	tr-a-peak@32: 0.998499	tr-rmse: 0.513998	tr-rmse: 0.513998
2025-10-07 09:14:42 [DEBUG] XGB stopped. Best iteration: [28] tr-p-rmse:0.03805	tr-a-peak@32:0.99850	tr-rmse:0.51400	tr-rmse:0.51400 
2025-10-07 09:14:42 [INFO] [task_scheduler.cc:237] [Updated] Task #0: "main"
2025-10-07 09:14:42 [INFO] [task_scheduler.cc:320] 
 ID | Name |      FLOP | Weight | Speed (GFLOPS) | Latency (us) | Weighted Latency (us) | Trials | Done 
--------------------------------------------------------------------------------------------------------
  0 | main | 115605504 |      1 |     14811.9342 |       7.8049 |                7.8049 |    576 |      
--------------------------------------------------------------------------------------------------------
Total trials: 576
Total latency (us): 7.80489

2025-10-07 09:14:42 [INFO] [task_scheduler.cc:180] TaskScheduler picks Task #0: "main"
2025-10-07 09:15:42 [INFO] [task_scheduler.cc:193] Sending 64 sample(s) to builder
2025-10-07 09:16:04 [INFO] [task_scheduler.cc:195] Sending 64 sample(s) to runner
2025-10-07 09:16:19 [DEBUG] XGB validation: p-rmse: 0.095211	a-peak@32: 0.961005
2025-10-07 09:16:19 [DEBUG] XGB iter   0: tr-p-rmse: 0.428929	tr-a-peak@32: 0.997202	tr-rmse: 0.442098	tr-rmse: 0.442098
2025-10-07 09:16:19 [DEBUG] XGB iter  25: tr-p-rmse: 0.041571	tr-a-peak@32: 0.990065	tr-rmse: 0.525003	tr-rmse: 0.525003
2025-10-07 09:16:19 [DEBUG] XGB iter  50: tr-p-rmse: 0.041285	tr-a-peak@32: 0.990065	tr-rmse: 0.525042	tr-rmse: 0.525042
2025-10-07 09:16:19 [DEBUG] XGB iter  75: tr-p-rmse: 0.041285	tr-a-peak@32: 0.990065	tr-rmse: 0.525042	tr-rmse: 0.525043
2025-10-07 09:16:19 [DEBUG] XGB stopped. Best iteration: [30] tr-p-rmse:0.04129	tr-a-peak@32:0.99006	tr-rmse:0.52504	tr-rmse:0.52504 
2025-10-07 09:16:19 [INFO] [task_scheduler.cc:237] [Updated] Task #0: "main"
2025-10-07 09:16:19 [INFO] [task_scheduler.cc:320] 
 ID | Name |      FLOP | Weight | Speed (GFLOPS) | Latency (us) | Weighted Latency (us) | Trials | Done 
--------------------------------------------------------------------------------------------------------
  0 | main | 115605504 |      1 |     14811.9342 |       7.8049 |                7.8049 |    640 |      
--------------------------------------------------------------------------------------------------------
Total trials: 640
Total latency (us): 7.80489

2025-10-07 09:16:19 [INFO] [task_scheduler.cc:180] TaskScheduler picks Task #0: "main"
2025-10-07 09:17:21 [INFO] [task_scheduler.cc:193] Sending 64 sample(s) to builder
2025-10-07 09:17:38 [INFO] [task_scheduler.cc:195] Sending 64 sample(s) to runner
2025-10-07 09:17:57 [DEBUG] XGB validation: p-rmse: 0.204047	a-peak@32: 0.994239
2025-10-07 09:17:57 [DEBUG] XGB iter   0: tr-p-rmse: 0.424417	tr-a-peak@32: 0.950143	tr-rmse: 0.450722	tr-rmse: 0.450722
2025-10-07 09:17:57 [DEBUG] XGB iter  25: tr-p-rmse: 0.042225	tr-a-peak@32: 0.995364	tr-rmse: 0.532972	tr-rmse: 0.532972
2025-10-07 09:17:57 [DEBUG] XGB iter  50: tr-p-rmse: 0.041016	tr-a-peak@32: 0.995203	tr-rmse: 0.532979	tr-rmse: 0.532979
2025-10-07 09:17:57 [DEBUG] XGB iter  75: tr-p-rmse: 0.041016	tr-a-peak@32: 0.995203	tr-rmse: 0.532979	tr-rmse: 0.532979
2025-10-07 09:17:57 [DEBUG] XGB stopped. Best iteration: [33] tr-p-rmse:0.04102	tr-a-peak@32:0.99520	tr-rmse:0.53298	tr-rmse:0.53298 
2025-10-07 09:17:57 [INFO] [task_scheduler.cc:237] [Updated] Task #0: "main"
2025-10-07 09:17:57 [INFO] [task_scheduler.cc:320] 
 ID | Name |      FLOP | Weight | Speed (GFLOPS) | Latency (us) | Weighted Latency (us) | Trials | Done 
--------------------------------------------------------------------------------------------------------
  0 | main | 115605504 |      1 |     14811.9342 |       7.8049 |                7.8049 |    704 |      
--------------------------------------------------------------------------------------------------------
Total trials: 704
Total latency (us): 7.80489

2025-10-07 09:17:57 [INFO] [task_scheduler.cc:180] TaskScheduler picks Task #0: "main"
2025-10-07 09:18:56 [INFO] [task_scheduler.cc:193] Sending 64 sample(s) to builder
2025-10-07 09:19:13 [INFO] [task_scheduler.cc:195] Sending 64 sample(s) to runner
2025-10-07 09:19:29 [DEBUG] XGB validation: p-rmse: 0.244065	a-peak@32: 0.994161
2025-10-07 09:19:29 [DEBUG] XGB iter   0: tr-p-rmse: 0.422279	tr-a-peak@32: 0.934705	tr-rmse: 0.453986	tr-rmse: 0.453986
2025-10-07 09:19:29 [DEBUG] XGB iter  25: tr-p-rmse: 0.041492	tr-a-peak@32: 0.996992	tr-rmse: 0.535875	tr-rmse: 0.535875
2025-10-07 09:19:29 [DEBUG] XGB iter  50: tr-p-rmse: 0.041119	tr-a-peak@32: 0.996920	tr-rmse: 0.535882	tr-rmse: 0.535882
2025-10-07 09:19:29 [DEBUG] XGB iter  75: tr-p-rmse: 0.041119	tr-a-peak@32: 0.996920	tr-rmse: 0.535882	tr-rmse: 0.535882
2025-10-07 09:19:29 [DEBUG] XGB stopped. Best iteration: [32] tr-p-rmse:0.04112	tr-a-peak@32:0.99692	tr-rmse:0.53588	tr-rmse:0.53588 
2025-10-07 09:19:29 [INFO] [task_scheduler.cc:237] [Updated] Task #0: "main"
2025-10-07 09:19:29 [INFO] [task_scheduler.cc:320] 
 ID | Name |      FLOP | Weight | Speed (GFLOPS) | Latency (us) | Weighted Latency (us) | Trials | Done 
--------------------------------------------------------------------------------------------------------
  0 | main | 115605504 |      1 |     14811.9342 |       7.8049 |                7.8049 |    768 |      
--------------------------------------------------------------------------------------------------------
Total trials: 768
Total latency (us): 7.80489

2025-10-07 09:19:29 [INFO] [task_scheduler.cc:180] TaskScheduler picks Task #0: "main"
2025-10-07 09:20:29 [INFO] [task_scheduler.cc:193] Sending 64 sample(s) to builder
2025-10-07 09:20:45 [INFO] [task_scheduler.cc:195] Sending 64 sample(s) to runner
2025-10-07 09:21:02 [DEBUG] XGB validation: p-rmse: 0.111779	a-peak@32: 0.998831
2025-10-07 09:21:02 [DEBUG] XGB iter   0: tr-p-rmse: 0.417047	tr-a-peak@32: 0.934291	tr-rmse: 0.454900	tr-rmse: 0.454900
2025-10-07 09:21:02 [DEBUG] XGB iter  25: tr-p-rmse: 0.045025	tr-a-peak@32: 0.996018	tr-rmse: 0.537072	tr-rmse: 0.537072
2025-10-07 09:21:02 [DEBUG] XGB iter  50: tr-p-rmse: 0.044970	tr-a-peak@32: 0.996018	tr-rmse: 0.537105	tr-rmse: 0.537105
2025-10-07 09:21:02 [DEBUG] XGB iter  75: tr-p-rmse: 0.044970	tr-a-peak@32: 0.996018	tr-rmse: 0.537105	tr-rmse: 0.537105
2025-10-07 09:21:02 [DEBUG] XGB stopped. Best iteration: [28] tr-p-rmse:0.04497	tr-a-peak@32:0.99602	tr-rmse:0.53710	tr-rmse:0.53710 
2025-10-07 09:21:02 [INFO] [task_scheduler.cc:237] [Updated] Task #0: "main"
2025-10-07 09:21:02 [INFO] [task_scheduler.cc:320] 
 ID | Name |      FLOP | Weight | Speed (GFLOPS) | Latency (us) | Weighted Latency (us) | Trials | Done 
--------------------------------------------------------------------------------------------------------
  0 | main | 115605504 |      1 |     14811.9342 |       7.8049 |                7.8049 |    832 |      
--------------------------------------------------------------------------------------------------------
Total trials: 832
Total latency (us): 7.80489

2025-10-07 09:21:02 [INFO] [task_scheduler.cc:180] TaskScheduler picks Task #0: "main"
2025-10-07 09:22:02 [INFO] [task_scheduler.cc:193] Sending 64 sample(s) to builder
2025-10-07 09:22:09 [INFO] [task_scheduler.cc:195] Sending 64 sample(s) to runner
2025-10-07 09:22:17 [DEBUG] XGB validation: p-rmse: 0.030601	a-peak@32: 0.996465
2025-10-07 09:22:17 [DEBUG] XGB iter   0: tr-p-rmse: 0.414920	tr-a-peak@32: 0.935851	tr-rmse: 0.455504	tr-rmse: 0.455504
2025-10-07 09:22:17 [DEBUG] XGB iter  25: tr-p-rmse: 0.045557	tr-a-peak@32: 0.996099	tr-rmse: 0.537784	tr-rmse: 0.537784
2025-10-07 09:22:17 [DEBUG] XGB iter  50: tr-p-rmse: 0.045315	tr-a-peak@32: 0.996099	tr-rmse: 0.537788	tr-rmse: 0.537788
2025-10-07 09:22:17 [DEBUG] XGB iter  75: tr-p-rmse: 0.045315	tr-a-peak@32: 0.996099	tr-rmse: 0.537788	tr-rmse: 0.537788
2025-10-07 09:22:17 [DEBUG] XGB stopped. Best iteration: [29] tr-p-rmse:0.04532	tr-a-peak@32:0.99610	tr-rmse:0.53779	tr-rmse:0.53779 
2025-10-07 09:22:18 [INFO] [task_scheduler.cc:237] [Updated] Task #0: "main"
2025-10-07 09:22:18 [INFO] [task_scheduler.cc:320] 
 ID | Name |      FLOP | Weight | Speed (GFLOPS) | Latency (us) | Weighted Latency (us) | Trials | Done 
--------------------------------------------------------------------------------------------------------
  0 | main | 115605504 |      1 |     14811.9342 |       7.8049 |                7.8049 |    896 |      
--------------------------------------------------------------------------------------------------------
Total trials: 896
Total latency (us): 7.80489

2025-10-07 09:22:18 [INFO] [task_scheduler.cc:180] TaskScheduler picks Task #0: "main"
2025-10-07 09:23:17 [INFO] [task_scheduler.cc:193] Sending 64 sample(s) to builder
2025-10-07 09:23:28 [INFO] [task_scheduler.cc:195] Sending 64 sample(s) to runner
2025-10-07 09:23:41 [DEBUG] XGB validation: p-rmse: 0.130355	a-peak@32: 0.980717
2025-10-07 09:23:41 [DEBUG] XGB iter   0: tr-p-rmse: 0.410817	tr-a-peak@32: 0.981738	tr-rmse: 0.455485	tr-rmse: 0.455485
2025-10-07 09:23:41 [DEBUG] XGB iter  25: tr-p-rmse: 0.043882	tr-a-peak@32: 0.996474	tr-rmse: 0.538206	tr-rmse: 0.538207
2025-10-07 09:23:41 [DEBUG] XGB iter  50: tr-p-rmse: 0.043875	tr-a-peak@32: 0.996474	tr-rmse: 0.538230	tr-rmse: 0.538230
2025-10-07 09:23:41 [DEBUG] XGB iter  75: tr-p-rmse: 0.043875	tr-a-peak@32: 0.996474	tr-rmse: 0.538230	tr-rmse: 0.538230
2025-10-07 09:23:41 [DEBUG] XGB stopped. Best iteration: [29] tr-p-rmse:0.04387	tr-a-peak@32:0.99647	tr-rmse:0.53823	tr-rmse:0.53823 
2025-10-07 09:23:41 [INFO] [task_scheduler.cc:237] [Updated] Task #0: "main"
2025-10-07 09:23:41 [INFO] [task_scheduler.cc:320] 
 ID | Name |      FLOP | Weight | Speed (GFLOPS) | Latency (us) | Weighted Latency (us) | Trials | Done 
--------------------------------------------------------------------------------------------------------
  0 | main | 115605504 |      1 |     14811.9342 |       7.8049 |                7.8049 |    960 |      
--------------------------------------------------------------------------------------------------------
Total trials: 960
Total latency (us): 7.80489

2025-10-07 09:23:41 [INFO] [task_scheduler.cc:180] TaskScheduler picks Task #0: "main"
2025-10-07 09:24:40 [INFO] [task_scheduler.cc:193] Sending 40 sample(s) to builder
2025-10-07 09:24:47 [INFO] [task_scheduler.cc:195] Sending 40 sample(s) to runner
2025-10-07 09:24:56 [DEBUG] XGB validation: p-rmse: 0.056774	a-peak@32: 0.986121
2025-10-07 09:24:58 [DEBUG] XGB iter   0: tr-p-rmse: 0.405956	tr-a-peak@32: 0.989590	tr-rmse: 0.459773	tr-rmse: 0.459773
2025-10-07 09:24:58 [DEBUG] XGB iter  25: tr-p-rmse: 0.043606	tr-a-peak@32: 0.995193	tr-rmse: 0.542142	tr-rmse: 0.542142
2025-10-07 09:24:58 [DEBUG] XGB iter  50: tr-p-rmse: 0.043599	tr-a-peak@32: 0.995193	tr-rmse: 0.542165	tr-rmse: 0.542165
2025-10-07 09:24:58 [DEBUG] XGB iter  75: tr-p-rmse: 0.043599	tr-a-peak@32: 0.995193	tr-rmse: 0.542165	tr-rmse: 0.542165
2025-10-07 09:24:58 [DEBUG] XGB stopped. Best iteration: [30] tr-p-rmse:0.04360	tr-a-peak@32:0.99519	tr-rmse:0.54217	tr-rmse:0.54217 
2025-10-07 09:24:58 [INFO] [task_scheduler.cc:237] [Updated] Task #0: "main"
2025-10-07 09:24:58 [INFO] [task_scheduler.cc:320] 
 ID | Name |      FLOP | Weight | Speed (GFLOPS) | Latency (us) | Weighted Latency (us) | Trials | Done 
--------------------------------------------------------------------------------------------------------
  0 | main | 115605504 |      1 |     14811.9342 |       7.8049 |                7.8049 |   1000 |      
--------------------------------------------------------------------------------------------------------
Total trials: 1000
Total latency (us): 7.80489

2025-10-07 09:24:58 [INFO] [task_scheduler.cc:260] Task #0 has finished. Remaining task(s): 0
2025-10-07 09:24:58 [INFO] [task_scheduler.cc:320] 
 ID | Name |      FLOP | Weight | Speed (GFLOPS) | Latency (us) | Weighted Latency (us) | Trials | Done 
--------------------------------------------------------------------------------------------------------
  0 | main | 115605504 |      1 |     14811.9342 |       7.8049 |                7.8049 |   1000 |    Y 
--------------------------------------------------------------------------------------------------------
Total trials: 1000
Total latency (us): 7.80489

Best time (ms): 0.0078048891
Best std  (ms): 0.0000000000
Tuning Time (min): 23.69
2025-10-07 09:24:59 [INFO] LocalRunner: max_workers = 1
2025-10-07 09:25:00 [INFO] Logging directory: ./layer_4/logs
2025-10-07 09:25:00 [INFO] LocalBuilder: max_workers = 32
2025-10-07 09:25:01 [INFO] [task_scheduler.cc:159] Initializing Task #0: "main"
2025-10-07 09:25:01 [INFO] [task_scheduler.cc:320] 
 ID | Name |     FLOP | Weight | Speed (GFLOPS) | Latency (us) | Weighted Latency (us) | Trials | Done 
-------------------------------------------------------------------------------------------------------
  0 | main | 12845056 |      1 |            N/A |          N/A |                   N/A |      0 |      
-------------------------------------------------------------------------------------------------------
Total trials: 0
Total latency (us): 0

2025-10-07 09:25:01 [INFO] [task_scheduler.cc:180] TaskScheduler picks Task #0: "main"
2025-10-07 09:25:30 [INFO] [task_scheduler.cc:193] Sending 64 sample(s) to builder
2025-10-07 09:25:34 [INFO] [task_scheduler.cc:195] Sending 64 sample(s) to runner
2025-10-07 09:25:52 [DEBUG] XGB iter   0: tr-p-rmse: 0.445915	tr-a-peak@32: 0.969445	tr-rmse: 0.396589	tr-rmse: 0.396589
2025-10-07 09:25:52 [DEBUG] XGB iter  25: tr-p-rmse: 0.016322	tr-a-peak@32: 1.000000	tr-rmse: 0.477397	tr-rmse: 0.477397
2025-10-07 09:25:52 [DEBUG] XGB iter  50: tr-p-rmse: 0.016322	tr-a-peak@32: 1.000000	tr-rmse: 0.477397	tr-rmse: 0.477397
2025-10-07 09:25:52 [DEBUG] XGB stopped. Best iteration: [17] tr-p-rmse:0.01632	tr-a-peak@32:1.00000	tr-rmse:0.47740	tr-rmse:0.47740 
2025-10-07 09:25:52 [INFO] [task_scheduler.cc:237] [Updated] Task #0: "main"
2025-10-07 09:25:52 [INFO] [task_scheduler.cc:320] 
 ID | Name |     FLOP | Weight | Speed (GFLOPS) | Latency (us) | Weighted Latency (us) | Trials | Done 
-------------------------------------------------------------------------------------------------------
  0 | main | 12845056 |      1 |      4383.0433 |       2.9306 |                2.9306 |     64 |      
-------------------------------------------------------------------------------------------------------
Total trials: 64
Total latency (us): 2.93062

2025-10-07 09:25:52 [INFO] [task_scheduler.cc:180] TaskScheduler picks Task #0: "main"
2025-10-07 09:26:21 [INFO] [task_scheduler.cc:193] Sending 64 sample(s) to builder
2025-10-07 09:26:25 [INFO] [task_scheduler.cc:195] Sending 64 sample(s) to runner
2025-10-07 09:26:42 [DEBUG] XGB validation: p-rmse: 0.157639	a-peak@32: 0.994296
2025-10-07 09:26:42 [DEBUG] XGB iter   0: tr-p-rmse: 0.429544	tr-a-peak@32: 0.969027	tr-rmse: 0.410343	tr-rmse: 0.410344
2025-10-07 09:26:43 [DEBUG] XGB iter  25: tr-p-rmse: 0.020864	tr-a-peak@32: 1.000000	tr-rmse: 0.491118	tr-rmse: 0.491118
2025-10-07 09:26:43 [DEBUG] XGB iter  50: tr-p-rmse: 0.020864	tr-a-peak@32: 1.000000	tr-rmse: 0.491118	tr-rmse: 0.491118
2025-10-07 09:26:43 [DEBUG] XGB stopped. Best iteration: [17] tr-p-rmse:0.02086	tr-a-peak@32:1.00000	tr-rmse:0.49112	tr-rmse:0.49112 
2025-10-07 09:26:43 [INFO] [task_scheduler.cc:237] [Updated] Task #0: "main"
2025-10-07 09:26:43 [INFO] [task_scheduler.cc:320] 
 ID | Name |     FLOP | Weight | Speed (GFLOPS) | Latency (us) | Weighted Latency (us) | Trials | Done 
-------------------------------------------------------------------------------------------------------
  0 | main | 12845056 |      1 |      4383.0433 |       2.9306 |                2.9306 |    128 |      
-------------------------------------------------------------------------------------------------------
Total trials: 128
Total latency (us): 2.93062

2025-10-07 09:26:43 [INFO] [task_scheduler.cc:180] TaskScheduler picks Task #0: "main"
2025-10-07 09:27:17 [INFO] [task_scheduler.cc:193] Sending 64 sample(s) to builder
2025-10-07 09:27:22 [INFO] [task_scheduler.cc:195] Sending 64 sample(s) to runner
2025-10-07 09:27:43 [DEBUG] XGB validation: p-rmse: 0.131946	a-peak@32: 0.961254
2025-10-07 09:27:43 [DEBUG] XGB iter   0: tr-p-rmse: 0.389311	tr-a-peak@32: 0.972603	tr-rmse: 0.443233	tr-rmse: 0.443233
2025-10-07 09:27:43 [DEBUG] XGB iter  25: tr-p-rmse: 0.025047	tr-a-peak@32: 0.998740	tr-rmse: 0.524649	tr-rmse: 0.524649
2025-10-07 09:27:43 [DEBUG] XGB iter  50: tr-p-rmse: 0.025047	tr-a-peak@32: 0.998740	tr-rmse: 0.524649	tr-rmse: 0.524649
2025-10-07 09:27:43 [DEBUG] XGB stopped. Best iteration: [17] tr-p-rmse:0.02505	tr-a-peak@32:0.99874	tr-rmse:0.52465	tr-rmse:0.52465 
2025-10-07 09:27:43 [INFO] [task_scheduler.cc:237] [Updated] Task #0: "main"
2025-10-07 09:27:43 [INFO] [task_scheduler.cc:320] 
 ID | Name |     FLOP | Weight | Speed (GFLOPS) | Latency (us) | Weighted Latency (us) | Trials | Done 
-------------------------------------------------------------------------------------------------------
  0 | main | 12845056 |      1 |      4455.7212 |       2.8828 |                2.8828 |    192 |      
-------------------------------------------------------------------------------------------------------
Total trials: 192
Total latency (us): 2.88282

2025-10-07 09:27:43 [INFO] [task_scheduler.cc:180] TaskScheduler picks Task #0: "main"
2025-10-07 09:28:18 [INFO] [task_scheduler.cc:193] Sending 64 sample(s) to builder
2025-10-07 09:28:21 [INFO] [task_scheduler.cc:195] Sending 64 sample(s) to runner
2025-10-07 09:28:43 [DEBUG] XGB validation: p-rmse: 0.092883	a-peak@32: 0.963790
2025-10-07 09:28:43 [DEBUG] XGB iter   0: tr-p-rmse: 0.361629	tr-a-peak@32: 0.991643	tr-rmse: 0.465416	tr-rmse: 0.465417
2025-10-07 09:28:43 [DEBUG] XGB iter  25: tr-p-rmse: 0.030537	tr-a-peak@32: 0.999595	tr-rmse: 0.546071	tr-rmse: 0.546071
2025-10-07 09:28:43 [DEBUG] XGB iter  50: tr-p-rmse: 0.030537	tr-a-peak@32: 0.999595	tr-rmse: 0.546071	tr-rmse: 0.546071
2025-10-07 09:28:43 [DEBUG] XGB stopped. Best iteration: [19] tr-p-rmse:0.03054	tr-a-peak@32:0.99960	tr-rmse:0.54607	tr-rmse:0.54607 
2025-10-07 09:28:43 [INFO] [task_scheduler.cc:237] [Updated] Task #0: "main"
2025-10-07 09:28:43 [INFO] [task_scheduler.cc:320] 
 ID | Name |     FLOP | Weight | Speed (GFLOPS) | Latency (us) | Weighted Latency (us) | Trials | Done 
-------------------------------------------------------------------------------------------------------
  0 | main | 12845056 |      1 |      4474.9498 |       2.8704 |                2.8704 |    256 |      
-------------------------------------------------------------------------------------------------------
Total trials: 256
Total latency (us): 2.87044

2025-10-07 09:28:43 [INFO] [task_scheduler.cc:180] TaskScheduler picks Task #0: "main"
2025-10-07 09:29:17 [INFO] [task_scheduler.cc:193] Sending 64 sample(s) to builder
2025-10-07 09:29:23 [INFO] [task_scheduler.cc:195] Sending 64 sample(s) to runner
2025-10-07 09:29:43 [DEBUG] XGB validation: p-rmse: 0.098065	a-peak@32: 0.943108
2025-10-07 09:29:43 [DEBUG] XGB iter   0: tr-p-rmse: 0.346817	tr-a-peak@32: 0.954170	tr-rmse: 0.474899	tr-rmse: 0.474899
2025-10-07 09:29:43 [DEBUG] XGB iter  25: tr-p-rmse: 0.033305	tr-a-peak@32: 1.000000	tr-rmse: 0.555479	tr-rmse: 0.555479
2025-10-07 09:29:43 [DEBUG] XGB iter  50: tr-p-rmse: 0.033305	tr-a-peak@32: 1.000000	tr-rmse: 0.555481	tr-rmse: 0.555481
2025-10-07 09:29:43 [DEBUG] XGB iter  75: tr-p-rmse: 0.033305	tr-a-peak@32: 1.000000	tr-rmse: 0.555481	tr-rmse: 0.555481
2025-10-07 09:29:43 [DEBUG] XGB stopped. Best iteration: [25] tr-p-rmse:0.03331	tr-a-peak@32:1.00000	tr-rmse:0.55548	tr-rmse:0.55548 
2025-10-07 09:29:43 [INFO] [task_scheduler.cc:237] [Updated] Task #0: "main"
2025-10-07 09:29:43 [INFO] [task_scheduler.cc:320] 
 ID | Name |     FLOP | Weight | Speed (GFLOPS) | Latency (us) | Weighted Latency (us) | Trials | Done 
-------------------------------------------------------------------------------------------------------
  0 | main | 12845056 |      1 |      4493.1228 |       2.8588 |                2.8588 |    320 |      
-------------------------------------------------------------------------------------------------------
Total trials: 320
Total latency (us): 2.85883

2025-10-07 09:29:43 [INFO] [task_scheduler.cc:180] TaskScheduler picks Task #0: "main"
2025-10-07 09:30:17 [INFO] [task_scheduler.cc:193] Sending 64 sample(s) to builder
2025-10-07 09:30:23 [INFO] [task_scheduler.cc:195] Sending 64 sample(s) to runner
2025-10-07 09:30:44 [DEBUG] XGB validation: p-rmse: 0.078644	a-peak@32: 0.954154
2025-10-07 09:30:44 [DEBUG] XGB iter   0: tr-p-rmse: 0.335557	tr-a-peak@32: 0.954159	tr-rmse: 0.482889	tr-rmse: 0.482889
2025-10-07 09:30:44 [DEBUG] XGB iter  25: tr-p-rmse: 0.036773	tr-a-peak@32: 0.995749	tr-rmse: 0.563182	tr-rmse: 0.563182
2025-10-07 09:30:44 [DEBUG] XGB iter  50: tr-p-rmse: 0.036771	tr-a-peak@32: 0.995749	tr-rmse: 0.563193	tr-rmse: 0.563193
2025-10-07 09:30:44 [DEBUG] XGB iter  75: tr-p-rmse: 0.036771	tr-a-peak@32: 0.995749	tr-rmse: 0.563193	tr-rmse: 0.563193
2025-10-07 09:30:44 [DEBUG] XGB stopped. Best iteration: [27] tr-p-rmse:0.03677	tr-a-peak@32:0.99575	tr-rmse:0.56319	tr-rmse:0.56319 
2025-10-07 09:30:44 [INFO] [task_scheduler.cc:237] [Updated] Task #0: "main"
2025-10-07 09:30:44 [INFO] [task_scheduler.cc:320] 
 ID | Name |     FLOP | Weight | Speed (GFLOPS) | Latency (us) | Weighted Latency (us) | Trials | Done 
-------------------------------------------------------------------------------------------------------
  0 | main | 12845056 |      1 |      4493.1228 |       2.8588 |                2.8588 |    384 |      
-------------------------------------------------------------------------------------------------------
Total trials: 384
Total latency (us): 2.85883

2025-10-07 09:30:44 [INFO] [task_scheduler.cc:180] TaskScheduler picks Task #0: "main"
2025-10-07 09:31:18 [INFO] [task_scheduler.cc:193] Sending 64 sample(s) to builder
2025-10-07 09:31:23 [INFO] [task_scheduler.cc:195] Sending 64 sample(s) to runner
2025-10-07 09:31:44 [DEBUG] XGB validation: p-rmse: 0.071834	a-peak@32: 0.980442
2025-10-07 09:31:44 [DEBUG] XGB iter   0: tr-p-rmse: 0.325077	tr-a-peak@32: 0.945160	tr-rmse: 0.490201	tr-rmse: 0.490201
2025-10-07 09:31:44 [DEBUG] XGB iter  25: tr-p-rmse: 0.038429	tr-a-peak@32: 0.988488	tr-rmse: 0.570160	tr-rmse: 0.570160
2025-10-07 09:31:44 [DEBUG] XGB iter  50: tr-p-rmse: 0.036726	tr-a-peak@32: 0.988748	tr-rmse: 0.570139	tr-rmse: 0.570139
2025-10-07 09:31:44 [DEBUG] XGB iter  75: tr-p-rmse: 0.036726	tr-a-peak@32: 0.988748	tr-rmse: 0.570139	tr-rmse: 0.570139
2025-10-07 09:31:44 [DEBUG] XGB stopped. Best iteration: [37] tr-p-rmse:0.03673	tr-a-peak@32:0.98875	tr-rmse:0.57013	tr-rmse:0.57013 
2025-10-07 09:31:44 [INFO] [task_scheduler.cc:237] [Updated] Task #0: "main"
2025-10-07 09:31:44 [INFO] [task_scheduler.cc:320] 
 ID | Name |     FLOP | Weight | Speed (GFLOPS) | Latency (us) | Weighted Latency (us) | Trials | Done 
-------------------------------------------------------------------------------------------------------
  0 | main | 12845056 |      1 |      4493.1228 |       2.8588 |                2.8588 |    448 |      
-------------------------------------------------------------------------------------------------------
Total trials: 448
Total latency (us): 2.85883

2025-10-07 09:31:44 [INFO] [task_scheduler.cc:180] TaskScheduler picks Task #0: "main"
2025-10-07 09:32:17 [INFO] [task_scheduler.cc:193] Sending 64 sample(s) to builder
2025-10-07 09:32:23 [INFO] [task_scheduler.cc:195] Sending 64 sample(s) to runner
2025-10-07 09:32:44 [DEBUG] XGB validation: p-rmse: 0.083874	a-peak@32: 0.952190
2025-10-07 09:32:44 [DEBUG] XGB iter   0: tr-p-rmse: 0.318965	tr-a-peak@32: 0.964779	tr-rmse: 0.492537	tr-rmse: 0.492537
2025-10-07 09:32:44 [DEBUG] XGB iter  25: tr-p-rmse: 0.039412	tr-a-peak@32: 0.986154	tr-rmse: 0.572602	tr-rmse: 0.572602
2025-10-07 09:32:44 [DEBUG] XGB iter  50: tr-p-rmse: 0.039320	tr-a-peak@32: 0.986154	tr-rmse: 0.572625	tr-rmse: 0.572625
2025-10-07 09:32:44 [DEBUG] XGB iter  75: tr-p-rmse: 0.039320	tr-a-peak@32: 0.986154	tr-rmse: 0.572625	tr-rmse: 0.572625
2025-10-07 09:32:44 [DEBUG] XGB stopped. Best iteration: [29] tr-p-rmse:0.03932	tr-a-peak@32:0.98615	tr-rmse:0.57262	tr-rmse:0.57262 
2025-10-07 09:32:44 [INFO] [task_scheduler.cc:237] [Updated] Task #0: "main"
2025-10-07 09:32:44 [INFO] [task_scheduler.cc:320] 
 ID | Name |     FLOP | Weight | Speed (GFLOPS) | Latency (us) | Weighted Latency (us) | Trials | Done 
-------------------------------------------------------------------------------------------------------
  0 | main | 12845056 |      1 |      4493.1228 |       2.8588 |                2.8588 |    512 |      
-------------------------------------------------------------------------------------------------------
Total trials: 512
Total latency (us): 2.85883

2025-10-07 09:32:44 [INFO] [task_scheduler.cc:180] TaskScheduler picks Task #0: "main"
2025-10-07 09:33:17 [INFO] [task_scheduler.cc:193] Sending 64 sample(s) to builder
2025-10-07 09:33:23 [INFO] [task_scheduler.cc:195] Sending 64 sample(s) to runner
2025-10-07 09:33:44 [DEBUG] XGB validation: p-rmse: 0.098021	a-peak@32: 0.971494
2025-10-07 09:33:44 [DEBUG] XGB iter   0: tr-p-rmse: 0.316569	tr-a-peak@32: 0.958554	tr-rmse: 0.492043	tr-rmse: 0.492044
2025-10-07 09:33:44 [DEBUG] XGB iter  25: tr-p-rmse: 0.043511	tr-a-peak@32: 0.997553	tr-rmse: 0.572588	tr-rmse: 0.572588
2025-10-07 09:33:45 [DEBUG] XGB iter  50: tr-p-rmse: 0.043511	tr-a-peak@32: 0.997553	tr-rmse: 0.572591	tr-rmse: 0.572591
2025-10-07 09:33:45 [DEBUG] XGB iter  75: tr-p-rmse: 0.043511	tr-a-peak@32: 0.997553	tr-rmse: 0.572591	tr-rmse: 0.572591
2025-10-07 09:33:45 [DEBUG] XGB stopped. Best iteration: [25] tr-p-rmse:0.04351	tr-a-peak@32:0.99755	tr-rmse:0.57259	tr-rmse:0.57259 
2025-10-07 09:33:45 [INFO] [task_scheduler.cc:237] [Updated] Task #0: "main"
2025-10-07 09:33:45 [INFO] [task_scheduler.cc:320] 
 ID | Name |     FLOP | Weight | Speed (GFLOPS) | Latency (us) | Weighted Latency (us) | Trials | Done 
-------------------------------------------------------------------------------------------------------
  0 | main | 12845056 |      1 |      4506.9340 |       2.8501 |                2.8501 |    576 |      
-------------------------------------------------------------------------------------------------------
Total trials: 576
Total latency (us): 2.85007

2025-10-07 09:33:45 [INFO] [task_scheduler.cc:180] TaskScheduler picks Task #0: "main"
2025-10-07 09:34:19 [INFO] [task_scheduler.cc:193] Sending 64 sample(s) to builder
2025-10-07 09:34:24 [INFO] [task_scheduler.cc:195] Sending 64 sample(s) to runner
2025-10-07 09:34:46 [DEBUG] XGB validation: p-rmse: 0.081896	a-peak@32: 0.975873
2025-10-07 09:34:46 [DEBUG] XGB iter   0: tr-p-rmse: 0.311149	tr-a-peak@32: 0.954043	tr-rmse: 0.494539	tr-rmse: 0.494539
2025-10-07 09:34:46 [DEBUG] XGB iter  25: tr-p-rmse: 0.044998	tr-a-peak@32: 0.999303	tr-rmse: 0.575056	tr-rmse: 0.575056
2025-10-07 09:34:46 [DEBUG] XGB iter  50: tr-p-rmse: 0.044122	tr-a-peak@32: 0.999303	tr-rmse: 0.575053	tr-rmse: 0.575053
2025-10-07 09:34:46 [DEBUG] XGB iter  75: tr-p-rmse: 0.044122	tr-a-peak@32: 0.999303	tr-rmse: 0.575053	tr-rmse: 0.575053
2025-10-07 09:34:46 [DEBUG] XGB stopped. Best iteration: [36] tr-p-rmse:0.04412	tr-a-peak@32:0.99930	tr-rmse:0.57505	tr-rmse:0.57505 
2025-10-07 09:34:46 [INFO] [task_scheduler.cc:237] [Updated] Task #0: "main"
2025-10-07 09:34:46 [INFO] [task_scheduler.cc:320] 
 ID | Name |     FLOP | Weight | Speed (GFLOPS) | Latency (us) | Weighted Latency (us) | Trials | Done 
-------------------------------------------------------------------------------------------------------
  0 | main | 12845056 |      1 |      4506.9340 |       2.8501 |                2.8501 |    640 |      
-------------------------------------------------------------------------------------------------------
Total trials: 640
Total latency (us): 2.85007

2025-10-07 09:34:46 [INFO] [task_scheduler.cc:180] TaskScheduler picks Task #0: "main"
2025-10-07 09:35:19 [INFO] [task_scheduler.cc:193] Sending 64 sample(s) to builder
2025-10-07 09:35:25 [INFO] [task_scheduler.cc:195] Sending 64 sample(s) to runner
2025-10-07 09:35:47 [DEBUG] XGB validation: p-rmse: 0.100499	a-peak@32: 0.994669
2025-10-07 09:35:47 [DEBUG] XGB iter   0: tr-p-rmse: 0.308767	tr-a-peak@32: 0.971110	tr-rmse: 0.494432	tr-rmse: 0.494432
2025-10-07 09:35:47 [DEBUG] XGB iter  25: tr-p-rmse: 0.048382	tr-a-peak@32: 0.995497	tr-rmse: 0.575262	tr-rmse: 0.575262
2025-10-07 09:35:47 [DEBUG] XGB iter  50: tr-p-rmse: 0.048258	tr-a-peak@32: 0.995617	tr-rmse: 0.575274	tr-rmse: 0.575274
2025-10-07 09:35:47 [DEBUG] XGB iter  75: tr-p-rmse: 0.048258	tr-a-peak@32: 0.995617	tr-rmse: 0.575274	tr-rmse: 0.575274
2025-10-07 09:35:47 [DEBUG] XGB stopped. Best iteration: [30] tr-p-rmse:0.04826	tr-a-peak@32:0.99562	tr-rmse:0.57527	tr-rmse:0.57527 
2025-10-07 09:35:47 [INFO] [task_scheduler.cc:237] [Updated] Task #0: "main"
2025-10-07 09:35:47 [INFO] [task_scheduler.cc:320] 
 ID | Name |     FLOP | Weight | Speed (GFLOPS) | Latency (us) | Weighted Latency (us) | Trials | Done 
-------------------------------------------------------------------------------------------------------
  0 | main | 12845056 |      1 |      4506.9340 |       2.8501 |                2.8501 |    704 |      
-------------------------------------------------------------------------------------------------------
Total trials: 704
Total latency (us): 2.85007

2025-10-07 09:35:47 [INFO] [task_scheduler.cc:180] TaskScheduler picks Task #0: "main"
2025-10-07 09:36:21 [INFO] [task_scheduler.cc:193] Sending 64 sample(s) to builder
2025-10-07 09:36:26 [INFO] [task_scheduler.cc:195] Sending 64 sample(s) to runner
2025-10-07 09:36:48 [DEBUG] XGB validation: p-rmse: 0.085224	a-peak@32: 0.984465
2025-10-07 09:36:48 [DEBUG] XGB iter   0: tr-p-rmse: 0.306380	tr-a-peak@32: 0.982211	tr-rmse: 0.495679	tr-rmse: 0.495679
2025-10-07 09:36:48 [DEBUG] XGB iter  25: tr-p-rmse: 0.051403	tr-a-peak@32: 0.992710	tr-rmse: 0.576681	tr-rmse: 0.576681
2025-10-07 09:36:48 [DEBUG] XGB iter  50: tr-p-rmse: 0.049938	tr-a-peak@32: 0.993955	tr-rmse: 0.576654	tr-rmse: 0.576654
2025-10-07 09:36:48 [DEBUG] XGB iter  75: tr-p-rmse: 0.049938	tr-a-peak@32: 0.993955	tr-rmse: 0.576654	tr-rmse: 0.576654
2025-10-07 09:36:48 [DEBUG] XGB stopped. Best iteration: [36] tr-p-rmse:0.04994	tr-a-peak@32:0.99396	tr-rmse:0.57665	tr-rmse:0.57665 
2025-10-07 09:36:48 [INFO] [task_scheduler.cc:237] [Updated] Task #0: "main"
2025-10-07 09:36:48 [INFO] [task_scheduler.cc:320] 
 ID | Name |     FLOP | Weight | Speed (GFLOPS) | Latency (us) | Weighted Latency (us) | Trials | Done 
-------------------------------------------------------------------------------------------------------
  0 | main | 12845056 |      1 |      4506.9340 |       2.8501 |                2.8501 |    768 |      
-------------------------------------------------------------------------------------------------------
Total trials: 768
Total latency (us): 2.85007

2025-10-07 09:36:48 [INFO] [task_scheduler.cc:180] TaskScheduler picks Task #0: "main"
2025-10-07 09:37:21 [INFO] [task_scheduler.cc:193] Sending 64 sample(s) to builder
2025-10-07 09:37:26 [INFO] [task_scheduler.cc:195] Sending 64 sample(s) to runner
2025-10-07 09:37:48 [DEBUG] XGB validation: p-rmse: 0.080952	a-peak@32: 0.964786
2025-10-07 09:37:48 [DEBUG] XGB iter   0: tr-p-rmse: 0.304222	tr-a-peak@32: 0.991713	tr-rmse: 0.496763	tr-rmse: 0.496763
2025-10-07 09:37:48 [DEBUG] XGB iter  25: tr-p-rmse: 0.051057	tr-a-peak@32: 0.995402	tr-rmse: 0.577667	tr-rmse: 0.577667
2025-10-07 09:37:48 [DEBUG] XGB iter  50: tr-p-rmse: 0.051023	tr-a-peak@32: 0.995402	tr-rmse: 0.577709	tr-rmse: 0.577709
2025-10-07 09:37:48 [DEBUG] XGB iter  75: tr-p-rmse: 0.051023	tr-a-peak@32: 0.995402	tr-rmse: 0.577709	tr-rmse: 0.577709
2025-10-07 09:37:48 [DEBUG] XGB stopped. Best iteration: [28] tr-p-rmse:0.05102	tr-a-peak@32:0.99540	tr-rmse:0.57771	tr-rmse:0.57771 
2025-10-07 09:37:48 [INFO] [task_scheduler.cc:237] [Updated] Task #0: "main"
2025-10-07 09:37:48 [INFO] [task_scheduler.cc:320] 
 ID | Name |     FLOP | Weight | Speed (GFLOPS) | Latency (us) | Weighted Latency (us) | Trials | Done 
-------------------------------------------------------------------------------------------------------
  0 | main | 12845056 |      1 |      4506.9340 |       2.8501 |                2.8501 |    832 |      
-------------------------------------------------------------------------------------------------------
Total trials: 832
Total latency (us): 2.85007

2025-10-07 09:37:48 [INFO] [task_scheduler.cc:180] TaskScheduler picks Task #0: "main"
2025-10-07 09:38:21 [INFO] [task_scheduler.cc:193] Sending 64 sample(s) to builder
2025-10-07 09:38:27 [INFO] [task_scheduler.cc:195] Sending 64 sample(s) to runner
2025-10-07 09:38:48 [DEBUG] XGB validation: p-rmse: 0.083140	a-peak@32: 0.949658
2025-10-07 09:38:48 [DEBUG] XGB iter   0: tr-p-rmse: 0.303963	tr-a-peak@32: 0.960751	tr-rmse: 0.490468	tr-rmse: 0.490468
2025-10-07 09:38:49 [DEBUG] XGB iter  25: tr-p-rmse: 0.051708	tr-a-peak@32: 1.000000	tr-rmse: 0.572564	tr-rmse: 0.572564
2025-10-07 09:38:49 [DEBUG] XGB iter  50: tr-p-rmse: 0.050321	tr-a-peak@32: 1.000000	tr-rmse: 0.572543	tr-rmse: 0.572543
2025-10-07 09:38:49 [DEBUG] XGB iter  75: tr-p-rmse: 0.050321	tr-a-peak@32: 1.000000	tr-rmse: 0.572543	tr-rmse: 0.572543
2025-10-07 09:38:49 [DEBUG] XGB stopped. Best iteration: [32] tr-p-rmse:0.05032	tr-a-peak@32:1.00000	tr-rmse:0.57254	tr-rmse:0.57254 
2025-10-07 09:38:49 [INFO] [task_scheduler.cc:237] [Updated] Task #0: "main"
2025-10-07 09:38:49 [INFO] [task_scheduler.cc:320] 
 ID | Name |     FLOP | Weight | Speed (GFLOPS) | Latency (us) | Weighted Latency (us) | Trials | Done 
-------------------------------------------------------------------------------------------------------
  0 | main | 12845056 |      1 |      4557.8659 |       2.8182 |                2.8182 |    896 |      
-------------------------------------------------------------------------------------------------------
Total trials: 896
Total latency (us): 2.81822

2025-10-07 09:38:49 [INFO] [task_scheduler.cc:180] TaskScheduler picks Task #0: "main"
2025-10-07 09:39:22 [INFO] [task_scheduler.cc:193] Sending 64 sample(s) to builder
2025-10-07 09:39:28 [INFO] [task_scheduler.cc:195] Sending 64 sample(s) to runner
2025-10-07 09:39:49 [DEBUG] XGB validation: p-rmse: 0.103233	a-peak@32: 0.969030
2025-10-07 09:39:49 [DEBUG] XGB iter   0: tr-p-rmse: 0.302902	tr-a-peak@32: 0.943887	tr-rmse: 0.490577	tr-rmse: 0.490577
2025-10-07 09:39:49 [DEBUG] XGB iter  25: tr-p-rmse: 0.054747	tr-a-peak@32: 1.000000	tr-rmse: 0.572849	tr-rmse: 0.572849
2025-10-07 09:39:49 [DEBUG] XGB iter  50: tr-p-rmse: 0.054747	tr-a-peak@32: 1.000000	tr-rmse: 0.572850	tr-rmse: 0.572850
2025-10-07 09:39:49 [DEBUG] XGB stopped. Best iteration: [24] tr-p-rmse:0.05475	tr-a-peak@32:1.00000	tr-rmse:0.57285	tr-rmse:0.57285 
2025-10-07 09:39:49 [INFO] [task_scheduler.cc:237] [Updated] Task #0: "main"
2025-10-07 09:39:49 [INFO] [task_scheduler.cc:320] 
 ID | Name |     FLOP | Weight | Speed (GFLOPS) | Latency (us) | Weighted Latency (us) | Trials | Done 
-------------------------------------------------------------------------------------------------------
  0 | main | 12845056 |      1 |      4557.8659 |       2.8182 |                2.8182 |    960 |      
-------------------------------------------------------------------------------------------------------
Total trials: 960
Total latency (us): 2.81822

2025-10-07 09:39:49 [INFO] [task_scheduler.cc:180] TaskScheduler picks Task #0: "main"
2025-10-07 09:40:23 [INFO] [task_scheduler.cc:193] Sending 40 sample(s) to builder
2025-10-07 09:40:28 [INFO] [task_scheduler.cc:195] Sending 40 sample(s) to runner
2025-10-07 09:40:41 [DEBUG] XGB validation: p-rmse: 0.072489	a-peak@32: 0.986926
2025-10-07 09:40:41 [DEBUG] XGB iter   0: tr-p-rmse: 0.301587	tr-a-peak@32: 0.948948	tr-rmse: 0.490793	tr-rmse: 0.490793
2025-10-07 09:40:41 [DEBUG] XGB iter  25: tr-p-rmse: 0.052887	tr-a-peak@32: 1.000000	tr-rmse: 0.573036	tr-rmse: 0.573036
2025-10-07 09:40:41 [DEBUG] XGB iter  50: tr-p-rmse: 0.052028	tr-a-peak@32: 1.000000	tr-rmse: 0.573022	tr-rmse: 0.573022
2025-10-07 09:40:42 [DEBUG] XGB iter  75: tr-p-rmse: 0.052028	tr-a-peak@32: 1.000000	tr-rmse: 0.573022	tr-rmse: 0.573022
2025-10-07 09:40:42 [DEBUG] XGB stopped. Best iteration: [36] tr-p-rmse:0.05203	tr-a-peak@32:1.00000	tr-rmse:0.57302	tr-rmse:0.57302 
2025-10-07 09:40:42 [INFO] [task_scheduler.cc:237] [Updated] Task #0: "main"
2025-10-07 09:40:42 [INFO] [task_scheduler.cc:320] 
 ID | Name |     FLOP | Weight | Speed (GFLOPS) | Latency (us) | Weighted Latency (us) | Trials | Done 
-------------------------------------------------------------------------------------------------------
  0 | main | 12845056 |      1 |      4557.8659 |       2.8182 |                2.8182 |   1000 |      
-------------------------------------------------------------------------------------------------------
Total trials: 1000
Total latency (us): 2.81822

2025-10-07 09:40:42 [INFO] [task_scheduler.cc:260] Task #0 has finished. Remaining task(s): 0
2025-10-07 09:40:42 [INFO] [task_scheduler.cc:320] 
 ID | Name |     FLOP | Weight | Speed (GFLOPS) | Latency (us) | Weighted Latency (us) | Trials | Done 
-------------------------------------------------------------------------------------------------------
  0 | main | 12845056 |      1 |      4557.8659 |       2.8182 |                2.8182 |   1000 |    Y 
-------------------------------------------------------------------------------------------------------
Total trials: 1000
Total latency (us): 2.81822

Best time (ms): 0.0028182172
Best std  (ms): 0.0000000000
Tuning Time (min): 15.72
2025-10-07 09:40:42 [INFO] LocalRunner: max_workers = 1
2025-10-07 09:40:43 [INFO] Logging directory: ./layer_5/logs
2025-10-07 09:40:43 [INFO] LocalBuilder: max_workers = 32
2025-10-07 09:40:44 [INFO] [task_scheduler.cc:159] Initializing Task #0: "main"
2025-10-07 09:40:45 [INFO] [task_scheduler.cc:320] 
 ID | Name |      FLOP | Weight | Speed (GFLOPS) | Latency (us) | Weighted Latency (us) | Trials | Done 
--------------------------------------------------------------------------------------------------------
  0 | main | 231211008 |      1 |            N/A |          N/A |                   N/A |      0 |      
--------------------------------------------------------------------------------------------------------
Total trials: 0
Total latency (us): 0

2025-10-07 09:40:45 [INFO] [task_scheduler.cc:180] TaskScheduler picks Task #0: "main"
2025-10-07 09:41:38 [INFO] [task_scheduler.cc:193] Sending 64 sample(s) to builder
2025-10-07 09:42:09 [INFO] [task_scheduler.cc:195] Sending 64 sample(s) to runner
2025-10-07 09:42:25 [DEBUG] XGB iter   0: tr-p-rmse: 0.596125	tr-a-peak@32: 0.981659	tr-rmse: 0.310426	tr-rmse: 0.310426
2025-10-07 09:42:25 [DEBUG] XGB iter  25: tr-p-rmse: 0.045181	tr-a-peak@32: 1.000000	tr-rmse: 0.371721	tr-rmse: 0.371721
2025-10-07 09:42:25 [DEBUG] XGB iter  50: tr-p-rmse: 0.045181	tr-a-peak@32: 1.000000	tr-rmse: 0.371721	tr-rmse: 0.371721
2025-10-07 09:42:25 [DEBUG] XGB stopped. Best iteration: [18] tr-p-rmse:0.04518	tr-a-peak@32:1.00000	tr-rmse:0.37172	tr-rmse:0.37172 
2025-10-07 09:42:25 [INFO] [task_scheduler.cc:237] [Updated] Task #0: "main"
2025-10-07 09:42:25 [INFO] [task_scheduler.cc:320] 
 ID | Name |      FLOP | Weight | Speed (GFLOPS) | Latency (us) | Weighted Latency (us) | Trials | Done 
--------------------------------------------------------------------------------------------------------
  0 | main | 231211008 |      1 |     17188.0516 |      13.4518 |               13.4518 |     64 |      
--------------------------------------------------------------------------------------------------------
Total trials: 64
Total latency (us): 13.4518

2025-10-07 09:42:25 [INFO] [task_scheduler.cc:180] TaskScheduler picks Task #0: "main"
2025-10-07 09:43:19 [INFO] [task_scheduler.cc:193] Sending 64 sample(s) to builder
2025-10-07 09:43:36 [INFO] [task_scheduler.cc:195] Sending 64 sample(s) to runner
2025-10-07 09:43:54 [DEBUG] XGB validation: p-rmse: 0.283477	a-peak@32: 0.787147
2025-10-07 09:43:54 [DEBUG] XGB iter   0: tr-p-rmse: 0.610927	tr-a-peak@32: 1.000000	tr-rmse: 0.269301	tr-rmse: 0.269301
2025-10-07 09:43:54 [DEBUG] XGB iter  25: tr-p-rmse: 0.045465	tr-a-peak@32: 1.000000	tr-rmse: 0.321878	tr-rmse: 0.321878
2025-10-07 09:43:54 [DEBUG] XGB iter  50: tr-p-rmse: 0.045465	tr-a-peak@32: 1.000000	tr-rmse: 0.321878	tr-rmse: 0.321878
2025-10-07 09:43:54 [DEBUG] XGB stopped. Best iteration: [19] tr-p-rmse:0.04546	tr-a-peak@32:1.00000	tr-rmse:0.32188	tr-rmse:0.32188 
2025-10-07 09:43:54 [INFO] [task_scheduler.cc:237] [Updated] Task #0: "main"
2025-10-07 09:43:54 [INFO] [task_scheduler.cc:320] 
 ID | Name |      FLOP | Weight | Speed (GFLOPS) | Latency (us) | Weighted Latency (us) | Trials | Done 
--------------------------------------------------------------------------------------------------------
  0 | main | 231211008 |      1 |     19770.3246 |      11.6949 |               11.6949 |    128 |      
--------------------------------------------------------------------------------------------------------
Total trials: 128
Total latency (us): 11.6949

2025-10-07 09:43:54 [INFO] [task_scheduler.cc:180] TaskScheduler picks Task #0: "main"
2025-10-07 09:45:10 [INFO] [task_scheduler.cc:193] Sending 64 sample(s) to builder
2025-10-07 09:45:27 [INFO] [task_scheduler.cc:195] Sending 64 sample(s) to runner
2025-10-07 09:45:43 [DEBUG] XGB validation: p-rmse: 0.406427	a-peak@32: 0.941730
2025-10-07 09:45:43 [DEBUG] XGB iter   0: tr-p-rmse: 0.592813	tr-a-peak@32: 0.950009	tr-rmse: 0.303288	tr-rmse: 0.303288
2025-10-07 09:45:43 [DEBUG] XGB iter  25: tr-p-rmse: 0.047439	tr-a-peak@32: 1.000000	tr-rmse: 0.374942	tr-rmse: 0.374942
2025-10-07 09:45:43 [DEBUG] XGB iter  50: tr-p-rmse: 0.044243	tr-a-peak@32: 1.000000	tr-rmse: 0.374882	tr-rmse: 0.374882
2025-10-07 09:45:43 [DEBUG] XGB iter  75: tr-p-rmse: 0.044243	tr-a-peak@32: 1.000000	tr-rmse: 0.374882	tr-rmse: 0.374882
2025-10-07 09:45:43 [DEBUG] XGB stopped. Best iteration: [36] tr-p-rmse:0.04424	tr-a-peak@32:1.00000	tr-rmse:0.37488	tr-rmse:0.37488 
2025-10-07 09:45:44 [INFO] [task_scheduler.cc:237] [Updated] Task #0: "main"
2025-10-07 09:45:44 [INFO] [task_scheduler.cc:320] 
 ID | Name |      FLOP | Weight | Speed (GFLOPS) | Latency (us) | Weighted Latency (us) | Trials | Done 
--------------------------------------------------------------------------------------------------------
  0 | main | 231211008 |      1 |     23261.5852 |       9.9396 |                9.9396 |    192 |      
--------------------------------------------------------------------------------------------------------
Total trials: 192
Total latency (us): 9.93961

2025-10-07 09:45:44 [INFO] [task_scheduler.cc:180] TaskScheduler picks Task #0: "main"
2025-10-07 09:46:59 [INFO] [task_scheduler.cc:193] Sending 64 sample(s) to builder
2025-10-07 09:47:08 [INFO] [task_scheduler.cc:195] Sending 64 sample(s) to runner
2025-10-07 09:47:24 [DEBUG] XGB validation: p-rmse: 0.263609	a-peak@32: 0.922918
2025-10-07 09:47:25 [DEBUG] XGB iter   0: tr-p-rmse: 0.573384	tr-a-peak@32: 0.859703	tr-rmse: 0.341711	tr-rmse: 0.341711
2025-10-07 09:47:25 [DEBUG] XGB iter  25: tr-p-rmse: 0.048607	tr-a-peak@32: 1.000000	tr-rmse: 0.421365	tr-rmse: 0.421365
2025-10-07 09:47:25 [DEBUG] XGB iter  50: tr-p-rmse: 0.046047	tr-a-peak@32: 1.000000	tr-rmse: 0.421482	tr-rmse: 0.421481
2025-10-07 09:47:25 [DEBUG] XGB iter  75: tr-p-rmse: 0.046047	tr-a-peak@32: 1.000000	tr-rmse: 0.421481	tr-rmse: 0.421481
2025-10-07 09:47:25 [DEBUG] XGB stopped. Best iteration: [34] tr-p-rmse:0.04605	tr-a-peak@32:1.00000	tr-rmse:0.42148	tr-rmse:0.42148 
2025-10-07 09:47:25 [INFO] [task_scheduler.cc:237] [Updated] Task #0: "main"
2025-10-07 09:47:25 [INFO] [task_scheduler.cc:320] 
 ID | Name |      FLOP | Weight | Speed (GFLOPS) | Latency (us) | Weighted Latency (us) | Trials | Done 
--------------------------------------------------------------------------------------------------------
  0 | main | 231211008 |      1 |     25881.8406 |       8.9333 |                8.9333 |    256 |      
--------------------------------------------------------------------------------------------------------
Total trials: 256
Total latency (us): 8.93333

2025-10-07 09:47:25 [INFO] [task_scheduler.cc:180] TaskScheduler picks Task #0: "main"
2025-10-07 09:48:38 [INFO] [task_scheduler.cc:193] Sending 64 sample(s) to builder
2025-10-07 09:48:47 [INFO] [task_scheduler.cc:195] Sending 64 sample(s) to runner
2025-10-07 09:49:03 [DEBUG] XGB validation: p-rmse: 0.078657	a-peak@32: 0.999798
2025-10-07 09:49:03 [DEBUG] XGB iter   0: tr-p-rmse: 0.511220	tr-a-peak@32: 1.000000	tr-rmse: 0.398661	tr-rmse: 0.398661
2025-10-07 09:49:03 [DEBUG] XGB iter  25: tr-p-rmse: 0.043624	tr-a-peak@32: 0.999919	tr-rmse: 0.480631	tr-rmse: 0.480631
2025-10-07 09:49:03 [DEBUG] XGB iter  50: tr-p-rmse: 0.036273	tr-a-peak@32: 0.999919	tr-rmse: 0.480565	tr-rmse: 0.480566
2025-10-07 09:49:03 [DEBUG] XGB iter  75: tr-p-rmse: 0.036273	tr-a-peak@32: 0.999919	tr-rmse: 0.480566	tr-rmse: 0.480566
2025-10-07 09:49:03 [DEBUG] XGB stopped. Best iteration: [47] tr-p-rmse:0.03627	tr-a-peak@32:0.99992	tr-rmse:0.48057	tr-rmse:0.48057 
2025-10-07 09:49:03 [INFO] [task_scheduler.cc:237] [Updated] Task #0: "main"
2025-10-07 09:49:03 [INFO] [task_scheduler.cc:320] 
 ID | Name |      FLOP | Weight | Speed (GFLOPS) | Latency (us) | Weighted Latency (us) | Trials | Done 
--------------------------------------------------------------------------------------------------------
  0 | main | 231211008 |      1 |     25980.5506 |       8.8994 |                8.8994 |    320 |      
--------------------------------------------------------------------------------------------------------
Total trials: 320
Total latency (us): 8.89939

2025-10-07 09:49:03 [INFO] [task_scheduler.cc:180] TaskScheduler picks Task #0: "main"
2025-10-07 09:50:18 [INFO] [task_scheduler.cc:193] Sending 64 sample(s) to builder
2025-10-07 09:50:24 [INFO] [task_scheduler.cc:195] Sending 64 sample(s) to runner
2025-10-07 09:50:42 [DEBUG] XGB validation: p-rmse: 0.063134	a-peak@32: 0.995938
2025-10-07 09:50:42 [DEBUG] XGB iter   0: tr-p-rmse: 0.474913	tr-a-peak@32: 0.964091	tr-rmse: 0.423223	tr-rmse: 0.423223
2025-10-07 09:50:42 [DEBUG] XGB iter  25: tr-p-rmse: 0.043497	tr-a-peak@32: 0.999631	tr-rmse: 0.505893	tr-rmse: 0.505893
2025-10-07 09:50:42 [DEBUG] XGB iter  50: tr-p-rmse: 0.040901	tr-a-peak@32: 1.000000	tr-rmse: 0.505902	tr-rmse: 0.505902
2025-10-07 09:50:42 [DEBUG] XGB iter  75: tr-p-rmse: 0.040901	tr-a-peak@32: 1.000000	tr-rmse: 0.505902	tr-rmse: 0.505902
2025-10-07 09:50:42 [DEBUG] XGB stopped. Best iteration: [34] tr-p-rmse:0.04090	tr-a-peak@32:1.00000	tr-rmse:0.50590	tr-rmse:0.50590 
2025-10-07 09:50:43 [INFO] [task_scheduler.cc:237] [Updated] Task #0: "main"
2025-10-07 09:50:43 [INFO] [task_scheduler.cc:320] 
 ID | Name |      FLOP | Weight | Speed (GFLOPS) | Latency (us) | Weighted Latency (us) | Trials | Done 
--------------------------------------------------------------------------------------------------------
  0 | main | 231211008 |      1 |     26354.8842 |       8.7730 |                8.7730 |    384 |      
--------------------------------------------------------------------------------------------------------
Total trials: 384
Total latency (us): 8.77299

2025-10-07 09:50:43 [INFO] [task_scheduler.cc:180] TaskScheduler picks Task #0: "main"
2025-10-07 09:51:57 [INFO] [task_scheduler.cc:193] Sending 64 sample(s) to builder
2025-10-07 09:52:03 [INFO] [task_scheduler.cc:195] Sending 64 sample(s) to runner
2025-10-07 09:52:22 [DEBUG] XGB validation: p-rmse: 0.050167	a-peak@32: 0.998251
2025-10-07 09:52:22 [DEBUG] XGB iter   0: tr-p-rmse: 0.450823	tr-a-peak@32: 0.994393	tr-rmse: 0.441637	tr-rmse: 0.441637
2025-10-07 09:52:22 [DEBUG] XGB iter  25: tr-p-rmse: 0.041483	tr-a-peak@32: 0.999370	tr-rmse: 0.523848	tr-rmse: 0.523848
2025-10-07 09:52:22 [DEBUG] XGB iter  50: tr-p-rmse: 0.038490	tr-a-peak@32: 0.999370	tr-rmse: 0.523817	tr-rmse: 0.523817
2025-10-07 09:52:22 [DEBUG] XGB iter  75: tr-p-rmse: 0.038490	tr-a-peak@32: 0.999370	tr-rmse: 0.523817	tr-rmse: 0.523817
2025-10-07 09:52:22 [DEBUG] XGB stopped. Best iteration: [35] tr-p-rmse:0.03849	tr-a-peak@32:0.99937	tr-rmse:0.52382	tr-rmse:0.52382 
2025-10-07 09:52:22 [INFO] [task_scheduler.cc:237] [Updated] Task #0: "main"
2025-10-07 09:52:22 [INFO] [task_scheduler.cc:320] 
 ID | Name |      FLOP | Weight | Speed (GFLOPS) | Latency (us) | Weighted Latency (us) | Trials | Done 
--------------------------------------------------------------------------------------------------------
  0 | main | 231211008 |      1 |     26354.8842 |       8.7730 |                8.7730 |    448 |      
--------------------------------------------------------------------------------------------------------
Total trials: 448
Total latency (us): 8.77299

2025-10-07 09:52:22 [INFO] [task_scheduler.cc:180] TaskScheduler picks Task #0: "main"
2025-10-07 09:53:36 [INFO] [task_scheduler.cc:193] Sending 64 sample(s) to builder
2025-10-07 09:53:44 [INFO] [task_scheduler.cc:195] Sending 64 sample(s) to runner
2025-10-07 09:54:01 [DEBUG] XGB validation: p-rmse: 0.195738	a-peak@32: 0.992298
2025-10-07 09:54:01 [DEBUG] XGB iter   0: tr-p-rmse: 0.442947	tr-a-peak@32: 0.954597	tr-rmse: 0.452280	tr-rmse: 0.452280
2025-10-07 09:54:01 [DEBUG] XGB iter  25: tr-p-rmse: 0.036692	tr-a-peak@32: 0.999826	tr-rmse: 0.533762	tr-rmse: 0.533762
2025-10-07 09:54:01 [DEBUG] XGB iter  50: tr-p-rmse: 0.034623	tr-a-peak@32: 0.999826	tr-rmse: 0.533779	tr-rmse: 0.533779
2025-10-07 09:54:01 [DEBUG] XGB iter  75: tr-p-rmse: 0.034623	tr-a-peak@32: 0.999826	tr-rmse: 0.533779	tr-rmse: 0.533779
2025-10-07 09:54:01 [DEBUG] XGB stopped. Best iteration: [38] tr-p-rmse:0.03462	tr-a-peak@32:0.99983	tr-rmse:0.53378	tr-rmse:0.53378 
2025-10-07 09:54:01 [INFO] [task_scheduler.cc:237] [Updated] Task #0: "main"
2025-10-07 09:54:01 [INFO] [task_scheduler.cc:320] 
 ID | Name |      FLOP | Weight | Speed (GFLOPS) | Latency (us) | Weighted Latency (us) | Trials | Done 
--------------------------------------------------------------------------------------------------------
  0 | main | 231211008 |      1 |     26366.8647 |       8.7690 |                8.7690 |    512 |      
--------------------------------------------------------------------------------------------------------
Total trials: 512
Total latency (us): 8.769

2025-10-07 09:54:01 [INFO] [task_scheduler.cc:180] TaskScheduler picks Task #0: "main"
2025-10-07 09:55:13 [INFO] [task_scheduler.cc:193] Sending 64 sample(s) to builder
2025-10-07 09:55:20 [INFO] [task_scheduler.cc:195] Sending 64 sample(s) to runner
2025-10-07 09:55:38 [DEBUG] XGB validation: p-rmse: 0.065961	a-peak@32: 0.998393
2025-10-07 09:55:38 [DEBUG] XGB iter   0: tr-p-rmse: 0.430028	tr-a-peak@32: 0.955200	tr-rmse: 0.454382	tr-rmse: 0.454382
2025-10-07 09:55:38 [DEBUG] XGB iter  25: tr-p-rmse: 0.039512	tr-a-peak@32: 0.999042	tr-rmse: 0.536759	tr-rmse: 0.536759
2025-10-07 09:55:39 [DEBUG] XGB iter  50: tr-p-rmse: 0.033781	tr-a-peak@32: 0.998925	tr-rmse: 0.536712	tr-rmse: 0.536712
2025-10-07 09:55:39 [DEBUG] XGB iter  75: tr-p-rmse: 0.033781	tr-a-peak@32: 0.998925	tr-rmse: 0.536712	tr-rmse: 0.536712
2025-10-07 09:55:39 [DEBUG] XGB stopped. Best iteration: [39] tr-p-rmse:0.03378	tr-a-peak@32:0.99892	tr-rmse:0.53671	tr-rmse:0.53671 
2025-10-07 09:55:39 [INFO] [task_scheduler.cc:237] [Updated] Task #0: "main"
2025-10-07 09:55:39 [INFO] [task_scheduler.cc:320] 
 ID | Name |      FLOP | Weight | Speed (GFLOPS) | Latency (us) | Weighted Latency (us) | Trials | Done 
--------------------------------------------------------------------------------------------------------
  0 | main | 231211008 |      1 |     26609.3482 |       8.6891 |                8.6891 |    576 |      
--------------------------------------------------------------------------------------------------------
Total trials: 576
Total latency (us): 8.68909

2025-10-07 09:55:39 [INFO] [task_scheduler.cc:180] TaskScheduler picks Task #0: "main"
2025-10-07 09:56:51 [INFO] [task_scheduler.cc:193] Sending 64 sample(s) to builder
2025-10-07 09:57:00 [INFO] [task_scheduler.cc:195] Sending 64 sample(s) to runner
2025-10-07 09:57:17 [DEBUG] XGB validation: p-rmse: 0.063729	a-peak@32: 0.998166
2025-10-07 09:57:17 [DEBUG] XGB iter   0: tr-p-rmse: 0.413795	tr-a-peak@32: 0.965232	tr-rmse: 0.459350	tr-rmse: 0.459350
2025-10-07 09:57:17 [DEBUG] XGB iter  25: tr-p-rmse: 0.038196	tr-a-peak@32: 0.999222	tr-rmse: 0.542483	tr-rmse: 0.542483
2025-10-07 09:57:17 [DEBUG] XGB iter  50: tr-p-rmse: 0.036050	tr-a-peak@32: 0.999222	tr-rmse: 0.542486	tr-rmse: 0.542486
2025-10-07 09:57:17 [DEBUG] XGB iter  75: tr-p-rmse: 0.036050	tr-a-peak@32: 0.999222	tr-rmse: 0.542486	tr-rmse: 0.542486
2025-10-07 09:57:17 [DEBUG] XGB stopped. Best iteration: [36] tr-p-rmse:0.03605	tr-a-peak@32:0.99922	tr-rmse:0.54249	tr-rmse:0.54249 
2025-10-07 09:57:17 [INFO] [task_scheduler.cc:237] [Updated] Task #0: "main"
2025-10-07 09:57:17 [INFO] [task_scheduler.cc:320] 
 ID | Name |      FLOP | Weight | Speed (GFLOPS) | Latency (us) | Weighted Latency (us) | Trials | Done 
--------------------------------------------------------------------------------------------------------
  0 | main | 231211008 |      1 |     26609.3482 |       8.6891 |                8.6891 |    640 |      
--------------------------------------------------------------------------------------------------------
Total trials: 640
Total latency (us): 8.68909

2025-10-07 09:57:17 [INFO] [task_scheduler.cc:180] TaskScheduler picks Task #0: "main"
2025-10-07 09:58:29 [INFO] [task_scheduler.cc:193] Sending 64 sample(s) to builder
2025-10-07 09:58:39 [INFO] [task_scheduler.cc:195] Sending 64 sample(s) to runner
2025-10-07 09:58:56 [DEBUG] XGB validation: p-rmse: 0.061254	a-peak@32: 0.998173
2025-10-07 09:58:56 [DEBUG] XGB iter   0: tr-p-rmse: 0.405443	tr-a-peak@32: 0.979305	tr-rmse: 0.460433	tr-rmse: 0.460433
2025-10-07 09:58:56 [DEBUG] XGB iter  25: tr-p-rmse: 0.037573	tr-a-peak@32: 0.999083	tr-rmse: 0.544202	tr-rmse: 0.544202
2025-10-07 09:58:56 [DEBUG] XGB iter  50: tr-p-rmse: 0.036734	tr-a-peak@32: 0.999583	tr-rmse: 0.544209	tr-rmse: 0.544209
2025-10-07 09:58:56 [DEBUG] XGB iter  75: tr-p-rmse: 0.036734	tr-a-peak@32: 0.999583	tr-rmse: 0.544209	tr-rmse: 0.544209
2025-10-07 09:58:56 [DEBUG] XGB stopped. Best iteration: [31] tr-p-rmse:0.03673	tr-a-peak@32:0.99958	tr-rmse:0.54421	tr-rmse:0.54421 
2025-10-07 09:58:56 [INFO] [task_scheduler.cc:237] [Updated] Task #0: "main"
2025-10-07 09:58:56 [INFO] [task_scheduler.cc:320] 
 ID | Name |      FLOP | Weight | Speed (GFLOPS) | Latency (us) | Weighted Latency (us) | Trials | Done 
--------------------------------------------------------------------------------------------------------
  0 | main | 231211008 |      1 |     26609.3482 |       8.6891 |                8.6891 |    704 |      
--------------------------------------------------------------------------------------------------------
Total trials: 704
Total latency (us): 8.68909

2025-10-07 09:58:56 [INFO] [task_scheduler.cc:180] TaskScheduler picks Task #0: "main"
2025-10-07 10:00:09 [INFO] [task_scheduler.cc:193] Sending 64 sample(s) to builder
2025-10-07 10:00:28 [INFO] [task_scheduler.cc:195] Sending 64 sample(s) to runner
2025-10-07 10:00:46 [DEBUG] XGB validation: p-rmse: 0.040148	a-peak@32: 0.999912
2025-10-07 10:00:46 [DEBUG] XGB iter   0: tr-p-rmse: 0.398376	tr-a-peak@32: 0.928079	tr-rmse: 0.459071	tr-rmse: 0.459071
2025-10-07 10:00:46 [DEBUG] XGB iter  25: tr-p-rmse: 0.037222	tr-a-peak@32: 0.998889	tr-rmse: 0.543717	tr-rmse: 0.543717
2025-10-07 10:00:46 [DEBUG] XGB iter  50: tr-p-rmse: 0.033936	tr-a-peak@32: 0.999722	tr-rmse: 0.543727	tr-rmse: 0.543727
2025-10-07 10:00:47 [DEBUG] XGB iter  75: tr-p-rmse: 0.033936	tr-a-peak@32: 0.999722	tr-rmse: 0.543728	tr-rmse: 0.543727
2025-10-07 10:00:47 [DEBUG] XGB stopped. Best iteration: [42] tr-p-rmse:0.03394	tr-a-peak@32:0.99972	tr-rmse:0.54373	tr-rmse:0.54373 
2025-10-07 10:00:47 [INFO] [task_scheduler.cc:237] [Updated] Task #0: "main"
2025-10-07 10:00:47 [INFO] [task_scheduler.cc:320] 
 ID | Name |      FLOP | Weight | Speed (GFLOPS) | Latency (us) | Weighted Latency (us) | Trials | Done 
--------------------------------------------------------------------------------------------------------
  0 | main | 231211008 |      1 |     26609.3482 |       8.6891 |                8.6891 |    768 |      
--------------------------------------------------------------------------------------------------------
Total trials: 768
Total latency (us): 8.68909

2025-10-07 10:00:47 [INFO] [task_scheduler.cc:180] TaskScheduler picks Task #0: "main"
2025-10-07 10:01:59 [INFO] [task_scheduler.cc:193] Sending 64 sample(s) to builder
2025-10-07 10:02:09 [INFO] [task_scheduler.cc:195] Sending 64 sample(s) to runner
2025-10-07 10:02:25 [DEBUG] XGB validation: p-rmse: 0.033888	a-peak@32: 0.993690
2025-10-07 10:02:26 [DEBUG] XGB iter   0: tr-p-rmse: 0.393933	tr-a-peak@32: 0.961646	tr-rmse: 0.454585	tr-rmse: 0.454585
2025-10-07 10:02:26 [DEBUG] XGB iter  25: tr-p-rmse: 0.037122	tr-a-peak@32: 0.999083	tr-rmse: 0.540315	tr-rmse: 0.540316
2025-10-07 10:02:26 [DEBUG] XGB iter  50: tr-p-rmse: 0.036098	tr-a-peak@32: 0.999722	tr-rmse: 0.540350	tr-rmse: 0.540350
2025-10-07 10:02:26 [DEBUG] XGB iter  75: tr-p-rmse: 0.036098	tr-a-peak@32: 0.999722	tr-rmse: 0.540350	tr-rmse: 0.540350
2025-10-07 10:02:26 [DEBUG] XGB stopped. Best iteration: [32] tr-p-rmse:0.03610	tr-a-peak@32:0.99972	tr-rmse:0.54035	tr-rmse:0.54035 
2025-10-07 10:02:26 [INFO] [task_scheduler.cc:237] [Updated] Task #0: "main"
2025-10-07 10:02:26 [INFO] [task_scheduler.cc:320] 
 ID | Name |      FLOP | Weight | Speed (GFLOPS) | Latency (us) | Weighted Latency (us) | Trials | Done 
--------------------------------------------------------------------------------------------------------
  0 | main | 231211008 |      1 |     26609.3482 |       8.6891 |                8.6891 |    832 |      
--------------------------------------------------------------------------------------------------------
Total trials: 832
Total latency (us): 8.68909

2025-10-07 10:02:26 [INFO] [task_scheduler.cc:180] TaskScheduler picks Task #0: "main"
2025-10-07 10:03:38 [INFO] [task_scheduler.cc:193] Sending 64 sample(s) to builder
2025-10-07 10:03:47 [INFO] [task_scheduler.cc:195] Sending 64 sample(s) to runner
2025-10-07 10:04:04 [DEBUG] XGB validation: p-rmse: 0.031127	a-peak@32: 0.998386
2025-10-07 10:04:04 [DEBUG] XGB iter   0: tr-p-rmse: 0.390899	tr-a-peak@32: 0.980964	tr-rmse: 0.449608	tr-rmse: 0.449608
2025-10-07 10:04:04 [DEBUG] XGB iter  25: tr-p-rmse: 0.035379	tr-a-peak@32: 0.999042	tr-rmse: 0.536361	tr-rmse: 0.536361
2025-10-07 10:04:04 [DEBUG] XGB iter  50: tr-p-rmse: 0.034004	tr-a-peak@32: 0.999336	tr-rmse: 0.536373	tr-rmse: 0.536373
2025-10-07 10:04:05 [DEBUG] XGB iter  75: tr-p-rmse: 0.034004	tr-a-peak@32: 0.999336	tr-rmse: 0.536373	tr-rmse: 0.536373
2025-10-07 10:04:05 [DEBUG] XGB stopped. Best iteration: [33] tr-p-rmse:0.03400	tr-a-peak@32:0.99934	tr-rmse:0.53637	tr-rmse:0.53637 
2025-10-07 10:04:05 [INFO] [task_scheduler.cc:237] [Updated] Task #0: "main"
2025-10-07 10:04:05 [INFO] [task_scheduler.cc:320] 
 ID | Name |      FLOP | Weight | Speed (GFLOPS) | Latency (us) | Weighted Latency (us) | Trials | Done 
--------------------------------------------------------------------------------------------------------
  0 | main | 231211008 |      1 |     26609.3482 |       8.6891 |                8.6891 |    896 |      
--------------------------------------------------------------------------------------------------------
Total trials: 896
Total latency (us): 8.68909

2025-10-07 10:04:05 [INFO] [task_scheduler.cc:180] TaskScheduler picks Task #0: "main"
2025-10-07 10:05:17 [INFO] [task_scheduler.cc:193] Sending 64 sample(s) to builder
2025-10-07 10:05:35 [INFO] [task_scheduler.cc:195] Sending 64 sample(s) to runner
2025-10-07 10:05:52 [DEBUG] XGB validation: p-rmse: 0.087547	a-peak@32: 0.993390
2025-10-07 10:05:52 [DEBUG] XGB iter   0: tr-p-rmse: 0.388074	tr-a-peak@32: 0.950182	tr-rmse: 0.445117	tr-rmse: 0.445117
2025-10-07 10:05:52 [DEBUG] XGB iter  25: tr-p-rmse: 0.034993	tr-a-peak@32: 0.999222	tr-rmse: 0.532814	tr-rmse: 0.532814
2025-10-07 10:05:52 [DEBUG] XGB iter  50: tr-p-rmse: 0.033237	tr-a-peak@32: 0.999722	tr-rmse: 0.532814	tr-rmse: 0.532814
2025-10-07 10:05:52 [DEBUG] XGB iter  75: tr-p-rmse: 0.033237	tr-a-peak@32: 0.999722	tr-rmse: 0.532814	tr-rmse: 0.532814
2025-10-07 10:05:52 [DEBUG] XGB stopped. Best iteration: [32] tr-p-rmse:0.03324	tr-a-peak@32:0.99972	tr-rmse:0.53281	tr-rmse:0.53281 
2025-10-07 10:05:52 [INFO] [task_scheduler.cc:237] [Updated] Task #0: "main"
2025-10-07 10:05:52 [INFO] [task_scheduler.cc:320] 
 ID | Name |      FLOP | Weight | Speed (GFLOPS) | Latency (us) | Weighted Latency (us) | Trials | Done 
--------------------------------------------------------------------------------------------------------
  0 | main | 231211008 |      1 |     26609.3482 |       8.6891 |                8.6891 |    960 |      
--------------------------------------------------------------------------------------------------------
Total trials: 960
Total latency (us): 8.68909

2025-10-07 10:05:52 [INFO] [task_scheduler.cc:180] TaskScheduler picks Task #0: "main"
2025-10-07 10:07:05 [INFO] [task_scheduler.cc:193] Sending 40 sample(s) to builder
2025-10-07 10:07:13 [INFO] [task_scheduler.cc:195] Sending 40 sample(s) to runner
2025-10-07 10:07:23 [DEBUG] XGB validation: p-rmse: 0.035274	a-peak@32: 0.999163
2025-10-07 10:07:23 [DEBUG] XGB iter   0: tr-p-rmse: 0.385522	tr-a-peak@32: 0.944930	tr-rmse: 0.443429	tr-rmse: 0.443429
2025-10-07 10:07:24 [DEBUG] XGB iter  25: tr-p-rmse: 0.034160	tr-a-peak@32: 0.999444	tr-rmse: 0.531514	tr-rmse: 0.531514
2025-10-07 10:07:24 [DEBUG] XGB iter  50: tr-p-rmse: 0.033249	tr-a-peak@32: 0.999444	tr-rmse: 0.531525	tr-rmse: 0.531525
2025-10-07 10:07:24 [DEBUG] XGB iter  75: tr-p-rmse: 0.033249	tr-a-peak@32: 0.999444	tr-rmse: 0.531525	tr-rmse: 0.531525
2025-10-07 10:07:24 [DEBUG] XGB stopped. Best iteration: [30] tr-p-rmse:0.03325	tr-a-peak@32:0.99944	tr-rmse:0.53152	tr-rmse:0.53152 
2025-10-07 10:07:24 [INFO] [task_scheduler.cc:237] [Updated] Task #0: "main"
2025-10-07 10:07:24 [INFO] [task_scheduler.cc:320] 
 ID | Name |      FLOP | Weight | Speed (GFLOPS) | Latency (us) | Weighted Latency (us) | Trials | Done 
--------------------------------------------------------------------------------------------------------
  0 | main | 231211008 |      1 |     26609.3482 |       8.6891 |                8.6891 |   1000 |      
--------------------------------------------------------------------------------------------------------
Total trials: 1000
Total latency (us): 8.68909

2025-10-07 10:07:24 [INFO] [task_scheduler.cc:260] Task #0 has finished. Remaining task(s): 0
2025-10-07 10:07:24 [INFO] [task_scheduler.cc:320] 
 ID | Name |      FLOP | Weight | Speed (GFLOPS) | Latency (us) | Weighted Latency (us) | Trials | Done 
--------------------------------------------------------------------------------------------------------
  0 | main | 231211008 |      1 |     26609.3482 |       8.6891 |                8.6891 |   1000 |    Y 
--------------------------------------------------------------------------------------------------------
Total trials: 1000
Total latency (us): 8.68909

Best time (ms): 0.0086890895
Best std  (ms): 0.0000000000
Tuning Time (min): 26.70
2025-10-07 10:07:25 [INFO] LocalRunner: max_workers = 1
2025-10-07 10:07:26 [INFO] Logging directory: ./layer_6/logs
2025-10-07 10:07:26 [INFO] LocalBuilder: max_workers = 32
2025-10-07 10:07:27 [INFO] [task_scheduler.cc:159] Initializing Task #0: "main"
2025-10-07 10:07:27 [INFO] [task_scheduler.cc:320] 
 ID | Name |      FLOP | Weight | Speed (GFLOPS) | Latency (us) | Weighted Latency (us) | Trials | Done 
--------------------------------------------------------------------------------------------------------
  0 | main | 115605504 |      1 |            N/A |          N/A |                   N/A |      0 |      
--------------------------------------------------------------------------------------------------------
Total trials: 0
Total latency (us): 0

2025-10-07 10:07:27 [INFO] [task_scheduler.cc:180] TaskScheduler picks Task #0: "main"
2025-10-07 10:08:19 [INFO] [task_scheduler.cc:193] Sending 64 sample(s) to builder
2025-10-07 10:08:39 [INFO] [task_scheduler.cc:195] Sending 64 sample(s) to runner
2025-10-07 10:08:58 [DEBUG] XGB iter   0: tr-p-rmse: 0.602506	tr-a-peak@32: 1.000000	tr-rmse: 0.281290	tr-rmse: 0.281290
2025-10-07 10:08:58 [DEBUG] XGB iter  25: tr-p-rmse: 0.051534	tr-a-peak@32: 1.000000	tr-rmse: 0.349364	tr-rmse: 0.349364
2025-10-07 10:08:59 [DEBUG] XGB iter  50: tr-p-rmse: 0.051534	tr-a-peak@32: 1.000000	tr-rmse: 0.349364	tr-rmse: 0.349364
2025-10-07 10:08:59 [DEBUG] XGB stopped. Best iteration: [23] tr-p-rmse:0.05153	tr-a-peak@32:1.00000	tr-rmse:0.34936	tr-rmse:0.34936 
2025-10-07 10:08:59 [INFO] [task_scheduler.cc:237] [Updated] Task #0: "main"
2025-10-07 10:08:59 [INFO] [task_scheduler.cc:320] 
 ID | Name |      FLOP | Weight | Speed (GFLOPS) | Latency (us) | Weighted Latency (us) | Trials | Done 
--------------------------------------------------------------------------------------------------------
  0 | main | 115605504 |      1 |      6610.7619 |      17.4875 |               17.4875 |     64 |      
--------------------------------------------------------------------------------------------------------
Total trials: 64
Total latency (us): 17.4875

2025-10-07 10:08:59 [INFO] [task_scheduler.cc:180] TaskScheduler picks Task #0: "main"
2025-10-07 10:09:50 [INFO] [task_scheduler.cc:193] Sending 64 sample(s) to builder
2025-10-07 10:10:18 [INFO] [task_scheduler.cc:195] Sending 64 sample(s) to runner
2025-10-07 10:10:35 [DEBUG] XGB validation: p-rmse: 0.307583	a-peak@32: 0.895413
2025-10-07 10:10:35 [DEBUG] XGB iter   0: tr-p-rmse: 0.606618	tr-a-peak@32: 0.993247	tr-rmse: 0.289103	tr-rmse: 0.289103
2025-10-07 10:10:35 [DEBUG] XGB iter  25: tr-p-rmse: 0.051184	tr-a-peak@32: 1.000000	tr-rmse: 0.349681	tr-rmse: 0.349681
2025-10-07 10:10:35 [DEBUG] XGB iter  50: tr-p-rmse: 0.051184	tr-a-peak@32: 1.000000	tr-rmse: 0.349681	tr-rmse: 0.349681
2025-10-07 10:10:35 [DEBUG] XGB stopped. Best iteration: [19] tr-p-rmse:0.05118	tr-a-peak@32:1.00000	tr-rmse:0.34968	tr-rmse:0.34968 
2025-10-07 10:10:35 [INFO] [task_scheduler.cc:237] [Updated] Task #0: "main"
2025-10-07 10:10:35 [INFO] [task_scheduler.cc:320] 
 ID | Name |      FLOP | Weight | Speed (GFLOPS) | Latency (us) | Weighted Latency (us) | Trials | Done 
--------------------------------------------------------------------------------------------------------
  0 | main | 115605504 |      1 |      7905.2860 |      14.6238 |               14.6238 |    128 |      
--------------------------------------------------------------------------------------------------------
Total trials: 128
Total latency (us): 14.6238

2025-10-07 10:10:35 [INFO] [task_scheduler.cc:180] TaskScheduler picks Task #0: "main"
2025-10-07 10:11:44 [INFO] [task_scheduler.cc:193] Sending 64 sample(s) to builder
2025-10-07 10:12:10 [INFO] [task_scheduler.cc:195] Sending 64 sample(s) to runner
2025-10-07 10:12:30 [DEBUG] XGB validation: p-rmse: 0.543593	a-peak@32: 0.823438
2025-10-07 10:12:30 [DEBUG] XGB iter   0: tr-p-rmse: 0.641764	tr-a-peak@32: 0.836780	tr-rmse: 0.297348	tr-rmse: 0.297348
2025-10-07 10:12:30 [DEBUG] XGB iter  25: tr-p-rmse: 0.051671	tr-a-peak@32: 1.000000	tr-rmse: 0.351053	tr-rmse: 0.351053
2025-10-07 10:12:30 [DEBUG] XGB iter  50: tr-p-rmse: 0.051669	tr-a-peak@32: 1.000000	tr-rmse: 0.351056	tr-rmse: 0.351056
2025-10-07 10:12:31 [DEBUG] XGB iter  75: tr-p-rmse: 0.051669	tr-a-peak@32: 1.000000	tr-rmse: 0.351056	tr-rmse: 0.351056
2025-10-07 10:12:31 [DEBUG] XGB stopped. Best iteration: [28] tr-p-rmse:0.05167	tr-a-peak@32:1.00000	tr-rmse:0.35106	tr-rmse:0.35106 
2025-10-07 10:12:31 [INFO] [task_scheduler.cc:237] [Updated] Task #0: "main"
2025-10-07 10:12:31 [INFO] [task_scheduler.cc:320] 
 ID | Name |      FLOP | Weight | Speed (GFLOPS) | Latency (us) | Weighted Latency (us) | Trials | Done 
--------------------------------------------------------------------------------------------------------
  0 | main | 115605504 |      1 |     10413.1697 |      11.1019 |               11.1019 |    192 |      
--------------------------------------------------------------------------------------------------------
Total trials: 192
Total latency (us): 11.1019

2025-10-07 10:12:31 [INFO] [task_scheduler.cc:180] TaskScheduler picks Task #0: "main"
2025-10-07 10:13:40 [INFO] [task_scheduler.cc:193] Sending 64 sample(s) to builder
2025-10-07 10:14:15 [INFO] [task_scheduler.cc:195] Sending 64 sample(s) to runner
2025-10-07 10:14:34 [DEBUG] XGB validation: p-rmse: 0.285594	a-peak@32: 0.989897
2025-10-07 10:14:34 [DEBUG] XGB iter   0: tr-p-rmse: 0.610286	tr-a-peak@32: 0.985326	tr-rmse: 0.378329	tr-rmse: 0.378329
2025-10-07 10:14:34 [DEBUG] XGB iter  25: tr-p-rmse: 0.047559	tr-a-peak@32: 0.999772	tr-rmse: 0.443934	tr-rmse: 0.443934
2025-10-07 10:14:34 [DEBUG] XGB iter  50: tr-p-rmse: 0.047506	tr-a-peak@32: 0.999772	tr-rmse: 0.444007	tr-rmse: 0.444007
2025-10-07 10:14:34 [DEBUG] XGB iter  75: tr-p-rmse: 0.047506	tr-a-peak@32: 0.999772	tr-rmse: 0.444007	tr-rmse: 0.444007
2025-10-07 10:14:34 [DEBUG] XGB stopped. Best iteration: [32] tr-p-rmse:0.04751	tr-a-peak@32:0.99977	tr-rmse:0.44401	tr-rmse:0.44401 
2025-10-07 10:14:34 [INFO] [task_scheduler.cc:237] [Updated] Task #0: "main"
2025-10-07 10:14:34 [INFO] [task_scheduler.cc:320] 
 ID | Name |      FLOP | Weight | Speed (GFLOPS) | Latency (us) | Weighted Latency (us) | Trials | Done 
--------------------------------------------------------------------------------------------------------
  0 | main | 115605504 |      1 |     10779.5679 |      10.7245 |               10.7245 |    256 |      
--------------------------------------------------------------------------------------------------------
Total trials: 256
Total latency (us): 10.7245

2025-10-07 10:14:34 [INFO] [task_scheduler.cc:180] TaskScheduler picks Task #0: "main"
2025-10-07 10:15:45 [INFO] [task_scheduler.cc:193] Sending 64 sample(s) to builder
2025-10-07 10:16:12 [INFO] [task_scheduler.cc:195] Sending 64 sample(s) to runner
2025-10-07 10:16:30 [DEBUG] XGB validation: p-rmse: 0.268317	a-peak@32: 0.997812
2025-10-07 10:16:30 [DEBUG] XGB iter   0: tr-p-rmse: 0.559636	tr-a-peak@32: 0.948604	tr-rmse: 0.411833	tr-rmse: 0.411833
2025-10-07 10:16:30 [DEBUG] XGB iter  25: tr-p-rmse: 0.052765	tr-a-peak@32: 0.998043	tr-rmse: 0.485309	tr-rmse: 0.485309
2025-10-07 10:16:30 [DEBUG] XGB iter  50: tr-p-rmse: 0.052640	tr-a-peak@32: 0.998043	tr-rmse: 0.485355	tr-rmse: 0.485355
2025-10-07 10:16:30 [DEBUG] XGB iter  75: tr-p-rmse: 0.052640	tr-a-peak@32: 0.998043	tr-rmse: 0.485355	tr-rmse: 0.485355
2025-10-07 10:16:30 [DEBUG] XGB stopped. Best iteration: [32] tr-p-rmse:0.05264	tr-a-peak@32:0.99804	tr-rmse:0.48535	tr-rmse:0.48535 
2025-10-07 10:16:30 [INFO] [task_scheduler.cc:237] [Updated] Task #0: "main"
2025-10-07 10:16:30 [INFO] [task_scheduler.cc:320] 
 ID | Name |      FLOP | Weight | Speed (GFLOPS) | Latency (us) | Weighted Latency (us) | Trials | Done 
--------------------------------------------------------------------------------------------------------
  0 | main | 115605504 |      1 |     10839.7022 |      10.6650 |               10.6650 |    320 |      
--------------------------------------------------------------------------------------------------------
Total trials: 320
Total latency (us): 10.665

2025-10-07 10:16:30 [INFO] [task_scheduler.cc:180] TaskScheduler picks Task #0: "main"
2025-10-07 10:17:40 [INFO] [task_scheduler.cc:193] Sending 64 sample(s) to builder
2025-10-07 10:17:49 [INFO] [task_scheduler.cc:195] Sending 64 sample(s) to runner
2025-10-07 10:18:08 [DEBUG] XGB validation: p-rmse: 0.082234	a-peak@32: 0.945989
2025-10-07 10:18:09 [DEBUG] XGB iter   0: tr-p-rmse: 0.526952	tr-a-peak@32: 0.987999	tr-rmse: 0.420452	tr-rmse: 0.420452
2025-10-07 10:18:09 [DEBUG] XGB iter  25: tr-p-rmse: 0.052256	tr-a-peak@32: 1.000000	tr-rmse: 0.499689	tr-rmse: 0.499689
2025-10-07 10:18:09 [DEBUG] XGB iter  50: tr-p-rmse: 0.052255	tr-a-peak@32: 1.000000	tr-rmse: 0.499690	tr-rmse: 0.499690
2025-10-07 10:18:09 [DEBUG] XGB iter  75: tr-p-rmse: 0.052255	tr-a-peak@32: 1.000000	tr-rmse: 0.499690	tr-rmse: 0.499690
2025-10-07 10:18:09 [DEBUG] XGB stopped. Best iteration: [26] tr-p-rmse:0.05226	tr-a-peak@32:1.00000	tr-rmse:0.49969	tr-rmse:0.49969 
2025-10-07 10:18:09 [INFO] [task_scheduler.cc:237] [Updated] Task #0: "main"
2025-10-07 10:18:09 [INFO] [task_scheduler.cc:320] 
 ID | Name |      FLOP | Weight | Speed (GFLOPS) | Latency (us) | Weighted Latency (us) | Trials | Done 
--------------------------------------------------------------------------------------------------------
  0 | main | 115605504 |      1 |     11366.9301 |      10.1703 |               10.1703 |    384 |      
--------------------------------------------------------------------------------------------------------
Total trials: 384
Total latency (us): 10.1703

2025-10-07 10:18:09 [INFO] [task_scheduler.cc:180] TaskScheduler picks Task #0: "main"
2025-10-07 10:19:18 [INFO] [task_scheduler.cc:193] Sending 64 sample(s) to builder
2025-10-07 10:19:29 [INFO] [task_scheduler.cc:195] Sending 64 sample(s) to runner
2025-10-07 10:19:46 [DEBUG] XGB validation: p-rmse: 0.058126	a-peak@32: 0.996727
2025-10-07 10:19:46 [DEBUG] XGB iter   0: tr-p-rmse: 0.505815	tr-a-peak@32: 0.951293	tr-rmse: 0.446464	tr-rmse: 0.446464
2025-10-07 10:19:46 [DEBUG] XGB iter  25: tr-p-rmse: 0.045844	tr-a-peak@32: 0.998715	tr-rmse: 0.524196	tr-rmse: 0.524196
2025-10-07 10:19:46 [DEBUG] XGB iter  50: tr-p-rmse: 0.044073	tr-a-peak@32: 0.999675	tr-rmse: 0.524209	tr-rmse: 0.524209
2025-10-07 10:19:46 [DEBUG] XGB iter  75: tr-p-rmse: 0.044073	tr-a-peak@32: 0.999675	tr-rmse: 0.524209	tr-rmse: 0.524209
2025-10-07 10:19:46 [DEBUG] XGB stopped. Best iteration: [31] tr-p-rmse:0.04407	tr-a-peak@32:0.99967	tr-rmse:0.52421	tr-rmse:0.52421 
2025-10-07 10:19:46 [INFO] [task_scheduler.cc:237] [Updated] Task #0: "main"
2025-10-07 10:19:46 [INFO] [task_scheduler.cc:320] 
 ID | Name |      FLOP | Weight | Speed (GFLOPS) | Latency (us) | Weighted Latency (us) | Trials | Done 
--------------------------------------------------------------------------------------------------------
  0 | main | 115605504 |      1 |     11366.9301 |      10.1703 |               10.1703 |    448 |      
--------------------------------------------------------------------------------------------------------
Total trials: 448
Total latency (us): 10.1703

2025-10-07 10:19:46 [INFO] [task_scheduler.cc:180] TaskScheduler picks Task #0: "main"
2025-10-07 10:20:54 [INFO] [task_scheduler.cc:193] Sending 64 sample(s) to builder
2025-10-07 10:21:17 [INFO] [task_scheduler.cc:195] Sending 64 sample(s) to runner
2025-10-07 10:21:34 [DEBUG] XGB validation: p-rmse: 0.042916	a-peak@32: 0.989569
2025-10-07 10:21:34 [DEBUG] XGB iter   0: tr-p-rmse: 0.477015	tr-a-peak@32: 0.973804	tr-rmse: 0.451619	tr-rmse: 0.451618
2025-10-07 10:21:34 [DEBUG] XGB iter  25: tr-p-rmse: 0.046133	tr-a-peak@32: 0.997949	tr-rmse: 0.532136	tr-rmse: 0.532136
2025-10-07 10:21:34 [DEBUG] XGB iter  50: tr-p-rmse: 0.046009	tr-a-peak@32: 0.997949	tr-rmse: 0.532174	tr-rmse: 0.532174
2025-10-07 10:21:34 [DEBUG] XGB iter  75: tr-p-rmse: 0.046009	tr-a-peak@32: 0.997949	tr-rmse: 0.532174	tr-rmse: 0.532174
2025-10-07 10:21:34 [DEBUG] XGB stopped. Best iteration: [29] tr-p-rmse:0.04601	tr-a-peak@32:0.99795	tr-rmse:0.53217	tr-rmse:0.53217 
2025-10-07 10:21:34 [INFO] [task_scheduler.cc:237] [Updated] Task #0: "main"
2025-10-07 10:21:34 [INFO] [task_scheduler.cc:320] 
 ID | Name |      FLOP | Weight | Speed (GFLOPS) | Latency (us) | Weighted Latency (us) | Trials | Done 
--------------------------------------------------------------------------------------------------------
  0 | main | 115605504 |      1 |     11417.6832 |      10.1251 |               10.1251 |    512 |      
--------------------------------------------------------------------------------------------------------
Total trials: 512
Total latency (us): 10.1251

2025-10-07 10:21:34 [INFO] [task_scheduler.cc:180] TaskScheduler picks Task #0: "main"
2025-10-07 10:22:42 [INFO] [task_scheduler.cc:193] Sending 64 sample(s) to builder
2025-10-07 10:22:53 [INFO] [task_scheduler.cc:195] Sending 64 sample(s) to runner
2025-10-07 10:23:10 [DEBUG] XGB validation: p-rmse: 0.040818	a-peak@32: 0.997443
2025-10-07 10:23:10 [DEBUG] XGB iter   0: tr-p-rmse: 0.460957	tr-a-peak@32: 0.937262	tr-rmse: 0.449698	tr-rmse: 0.449698
2025-10-07 10:23:10 [DEBUG] XGB iter  25: tr-p-rmse: 0.044374	tr-a-peak@32: 0.998765	tr-rmse: 0.531940	tr-rmse: 0.531940
2025-10-07 10:23:10 [DEBUG] XGB iter  50: tr-p-rmse: 0.042904	tr-a-peak@32: 0.998765	tr-rmse: 0.531961	tr-rmse: 0.531961
2025-10-07 10:23:10 [DEBUG] XGB iter  75: tr-p-rmse: 0.042904	tr-a-peak@32: 0.998765	tr-rmse: 0.531961	tr-rmse: 0.531961
2025-10-07 10:23:10 [DEBUG] XGB stopped. Best iteration: [33] tr-p-rmse:0.04290	tr-a-peak@32:0.99877	tr-rmse:0.53196	tr-rmse:0.53196 
2025-10-07 10:23:11 [INFO] [task_scheduler.cc:237] [Updated] Task #0: "main"
2025-10-07 10:23:11 [INFO] [task_scheduler.cc:320] 
 ID | Name |      FLOP | Weight | Speed (GFLOPS) | Latency (us) | Weighted Latency (us) | Trials | Done 
--------------------------------------------------------------------------------------------------------
  0 | main | 115605504 |      1 |     11417.6832 |      10.1251 |               10.1251 |    576 |      
--------------------------------------------------------------------------------------------------------
Total trials: 576
Total latency (us): 10.1251

2025-10-07 10:23:11 [INFO] [task_scheduler.cc:180] TaskScheduler picks Task #0: "main"
2025-10-07 10:24:20 [INFO] [task_scheduler.cc:193] Sending 64 sample(s) to builder
2025-10-07 10:24:31 [INFO] [task_scheduler.cc:195] Sending 64 sample(s) to runner
2025-10-07 10:24:48 [DEBUG] XGB validation: p-rmse: 0.081487	a-peak@32: 0.983509
2025-10-07 10:24:48 [DEBUG] XGB iter   0: tr-p-rmse: 0.451051	tr-a-peak@32: 0.976738	tr-rmse: 0.452284	tr-rmse: 0.452284
2025-10-07 10:24:48 [DEBUG] XGB iter  25: tr-p-rmse: 0.042508	tr-a-peak@32: 0.997047	tr-rmse: 0.534292	tr-rmse: 0.534292
2025-10-07 10:24:48 [DEBUG] XGB iter  50: tr-p-rmse: 0.042505	tr-a-peak@32: 0.997047	tr-rmse: 0.534298	tr-rmse: 0.534298
2025-10-07 10:24:48 [DEBUG] XGB iter  75: tr-p-rmse: 0.042505	tr-a-peak@32: 0.997047	tr-rmse: 0.534298	tr-rmse: 0.534298
2025-10-07 10:24:48 [DEBUG] XGB stopped. Best iteration: [27] tr-p-rmse:0.04251	tr-a-peak@32:0.99705	tr-rmse:0.53430	tr-rmse:0.53430 
2025-10-07 10:24:49 [INFO] [task_scheduler.cc:237] [Updated] Task #0: "main"
2025-10-07 10:24:49 [INFO] [task_scheduler.cc:320] 
 ID | Name |      FLOP | Weight | Speed (GFLOPS) | Latency (us) | Weighted Latency (us) | Trials | Done 
--------------------------------------------------------------------------------------------------------
  0 | main | 115605504 |      1 |     11417.6832 |      10.1251 |               10.1251 |    640 |      
--------------------------------------------------------------------------------------------------------
Total trials: 640
Total latency (us): 10.1251

2025-10-07 10:24:49 [INFO] [task_scheduler.cc:180] TaskScheduler picks Task #0: "main"
2025-10-07 10:25:58 [INFO] [task_scheduler.cc:193] Sending 64 sample(s) to builder
2025-10-07 10:26:21 [INFO] [task_scheduler.cc:195] Sending 64 sample(s) to runner
2025-10-07 10:26:39 [DEBUG] XGB validation: p-rmse: 0.276234	a-peak@32: 0.996382
2025-10-07 10:26:39 [DEBUG] XGB iter   0: tr-p-rmse: 0.457065	tr-a-peak@32: 0.973375	tr-rmse: 0.450516	tr-rmse: 0.450516
2025-10-07 10:26:39 [DEBUG] XGB iter  25: tr-p-rmse: 0.041466	tr-a-peak@32: 0.999506	tr-rmse: 0.533950	tr-rmse: 0.533950
2025-10-07 10:26:39 [DEBUG] XGB iter  50: tr-p-rmse: 0.041118	tr-a-peak@32: 0.999506	tr-rmse: 0.533970	tr-rmse: 0.533969
2025-10-07 10:26:39 [DEBUG] XGB iter  75: tr-p-rmse: 0.041118	tr-a-peak@32: 0.999506	tr-rmse: 0.533969	tr-rmse: 0.533969
2025-10-07 10:26:39 [DEBUG] XGB stopped. Best iteration: [30] tr-p-rmse:0.04112	tr-a-peak@32:0.99951	tr-rmse:0.53397	tr-rmse:0.53397 
2025-10-07 10:26:39 [INFO] [task_scheduler.cc:237] [Updated] Task #0: "main"
2025-10-07 10:26:39 [INFO] [task_scheduler.cc:320] 
 ID | Name |      FLOP | Weight | Speed (GFLOPS) | Latency (us) | Weighted Latency (us) | Trials | Done 
--------------------------------------------------------------------------------------------------------
  0 | main | 115605504 |      1 |     11417.6832 |      10.1251 |               10.1251 |    704 |      
--------------------------------------------------------------------------------------------------------
Total trials: 704
Total latency (us): 10.1251

2025-10-07 10:26:39 [INFO] [task_scheduler.cc:180] TaskScheduler picks Task #0: "main"
2025-10-07 10:27:49 [INFO] [task_scheduler.cc:193] Sending 64 sample(s) to builder
2025-10-07 10:28:01 [INFO] [task_scheduler.cc:195] Sending 64 sample(s) to runner
2025-10-07 10:28:19 [DEBUG] XGB validation: p-rmse: 0.186513	a-peak@32: 0.996805
2025-10-07 10:28:19 [DEBUG] XGB iter   0: tr-p-rmse: 0.453727	tr-a-peak@32: 0.965766	tr-rmse: 0.445542	tr-rmse: 0.445542
2025-10-07 10:28:19 [DEBUG] XGB iter  25: tr-p-rmse: 0.042466	tr-a-peak@32: 0.998365	tr-rmse: 0.529711	tr-rmse: 0.529711
2025-10-07 10:28:19 [DEBUG] XGB iter  50: tr-p-rmse: 0.039590	tr-a-peak@32: 0.998414	tr-rmse: 0.529781	tr-rmse: 0.529781
2025-10-07 10:28:19 [DEBUG] XGB iter  75: tr-p-rmse: 0.039590	tr-a-peak@32: 0.998414	tr-rmse: 0.529781	tr-rmse: 0.529781
2025-10-07 10:28:19 [DEBUG] XGB stopped. Best iteration: [39] tr-p-rmse:0.03959	tr-a-peak@32:0.99841	tr-rmse:0.52978	tr-rmse:0.52978 
2025-10-07 10:28:19 [INFO] [task_scheduler.cc:237] [Updated] Task #0: "main"
2025-10-07 10:28:19 [INFO] [task_scheduler.cc:320] 
 ID | Name |      FLOP | Weight | Speed (GFLOPS) | Latency (us) | Weighted Latency (us) | Trials | Done 
--------------------------------------------------------------------------------------------------------
  0 | main | 115605504 |      1 |     11417.6832 |      10.1251 |               10.1251 |    768 |      
--------------------------------------------------------------------------------------------------------
Total trials: 768
Total latency (us): 10.1251

2025-10-07 10:28:19 [INFO] [task_scheduler.cc:180] TaskScheduler picks Task #0: "main"
2025-10-07 10:29:27 [INFO] [task_scheduler.cc:193] Sending 64 sample(s) to builder
2025-10-07 10:29:42 [INFO] [task_scheduler.cc:195] Sending 64 sample(s) to runner
2025-10-07 10:29:59 [DEBUG] XGB validation: p-rmse: 0.148613	a-peak@32: 0.996538
2025-10-07 10:29:59 [DEBUG] XGB iter   0: tr-p-rmse: 0.452053	tr-a-peak@32: 0.931205	tr-rmse: 0.443385	tr-rmse: 0.443385
2025-10-07 10:29:59 [DEBUG] XGB iter  25: tr-p-rmse: 0.047171	tr-a-peak@32: 1.000000	tr-rmse: 0.527362	tr-rmse: 0.527362
2025-10-07 10:29:59 [DEBUG] XGB iter  50: tr-p-rmse: 0.044325	tr-a-peak@32: 0.998414	tr-rmse: 0.527434	tr-rmse: 0.527434
2025-10-07 10:29:59 [DEBUG] XGB iter  75: tr-p-rmse: 0.044325	tr-a-peak@32: 0.998414	tr-rmse: 0.527434	tr-rmse: 0.527434
2025-10-07 10:29:59 [DEBUG] XGB stopped. Best iteration: [39] tr-p-rmse:0.04433	tr-a-peak@32:0.99841	tr-rmse:0.52743	tr-rmse:0.52743 
2025-10-07 10:30:00 [INFO] [task_scheduler.cc:237] [Updated] Task #0: "main"
2025-10-07 10:30:00 [INFO] [task_scheduler.cc:320] 
 ID | Name |      FLOP | Weight | Speed (GFLOPS) | Latency (us) | Weighted Latency (us) | Trials | Done 
--------------------------------------------------------------------------------------------------------
  0 | main | 115605504 |      1 |     11417.6832 |      10.1251 |               10.1251 |    832 |      
--------------------------------------------------------------------------------------------------------
Total trials: 832
Total latency (us): 10.1251

2025-10-07 10:30:00 [INFO] [task_scheduler.cc:180] TaskScheduler picks Task #0: "main"
2025-10-07 10:31:09 [INFO] [task_scheduler.cc:193] Sending 64 sample(s) to builder
2025-10-07 10:31:21 [INFO] [task_scheduler.cc:195] Sending 64 sample(s) to runner
2025-10-07 10:31:38 [DEBUG] XGB validation: p-rmse: 0.208852	a-peak@32: 0.920795
2025-10-07 10:31:38 [DEBUG] XGB iter   0: tr-p-rmse: 0.446810	tr-a-peak@32: 0.987424	tr-rmse: 0.444326	tr-rmse: 0.444326
2025-10-07 10:31:38 [DEBUG] XGB iter  25: tr-p-rmse: 0.048285	tr-a-peak@32: 0.998126	tr-rmse: 0.528797	tr-rmse: 0.528797
2025-10-07 10:31:39 [DEBUG] XGB iter  50: tr-p-rmse: 0.045168	tr-a-peak@32: 0.997095	tr-rmse: 0.528850	tr-rmse: 0.528850
2025-10-07 10:31:39 [DEBUG] XGB iter  75: tr-p-rmse: 0.045168	tr-a-peak@32: 0.997095	tr-rmse: 0.528850	tr-rmse: 0.528850
2025-10-07 10:31:39 [DEBUG] XGB stopped. Best iteration: [43] tr-p-rmse:0.04517	tr-a-peak@32:0.99709	tr-rmse:0.52885	tr-rmse:0.52885 
2025-10-07 10:31:39 [INFO] [task_scheduler.cc:237] [Updated] Task #0: "main"
2025-10-07 10:31:39 [INFO] [task_scheduler.cc:320] 
 ID | Name |      FLOP | Weight | Speed (GFLOPS) | Latency (us) | Weighted Latency (us) | Trials | Done 
--------------------------------------------------------------------------------------------------------
  0 | main | 115605504 |      1 |     11417.6832 |      10.1251 |               10.1251 |    896 |      
--------------------------------------------------------------------------------------------------------
Total trials: 896
Total latency (us): 10.1251

2025-10-07 10:31:39 [INFO] [task_scheduler.cc:180] TaskScheduler picks Task #0: "main"
2025-10-07 10:32:48 [INFO] [task_scheduler.cc:193] Sending 64 sample(s) to builder
2025-10-07 10:32:58 [INFO] [task_scheduler.cc:195] Sending 64 sample(s) to runner
2025-10-07 10:33:15 [DEBUG] XGB validation: p-rmse: 0.065775	a-peak@32: 0.994406
2025-10-07 10:33:15 [DEBUG] XGB iter   0: tr-p-rmse: 0.438399	tr-a-peak@32: 0.973827	tr-rmse: 0.452954	tr-rmse: 0.452953
2025-10-07 10:33:15 [DEBUG] XGB iter  25: tr-p-rmse: 0.046693	tr-a-peak@32: 0.994845	tr-rmse: 0.536557	tr-rmse: 0.536557
2025-10-07 10:33:15 [DEBUG] XGB iter  50: tr-p-rmse: 0.043470	tr-a-peak@32: 0.994628	tr-rmse: 0.536614	tr-rmse: 0.536614
2025-10-07 10:33:15 [DEBUG] XGB iter  75: tr-p-rmse: 0.043470	tr-a-peak@32: 0.994628	tr-rmse: 0.536614	tr-rmse: 0.536613
2025-10-07 10:33:15 [DEBUG] XGB stopped. Best iteration: [38] tr-p-rmse:0.04347	tr-a-peak@32:0.99463	tr-rmse:0.53661	tr-rmse:0.53661 
2025-10-07 10:33:15 [INFO] [task_scheduler.cc:237] [Updated] Task #0: "main"
2025-10-07 10:33:15 [INFO] [task_scheduler.cc:320] 
 ID | Name |      FLOP | Weight | Speed (GFLOPS) | Latency (us) | Weighted Latency (us) | Trials | Done 
--------------------------------------------------------------------------------------------------------
  0 | main | 115605504 |      1 |     11417.6832 |      10.1251 |               10.1251 |    960 |      
--------------------------------------------------------------------------------------------------------
Total trials: 960
Total latency (us): 10.1251

2025-10-07 10:33:15 [INFO] [task_scheduler.cc:180] TaskScheduler picks Task #0: "main"
2025-10-07 10:34:25 [INFO] [task_scheduler.cc:193] Sending 40 sample(s) to builder
2025-10-07 10:34:33 [INFO] [task_scheduler.cc:195] Sending 40 sample(s) to runner
2025-10-07 10:34:44 [DEBUG] XGB validation: p-rmse: 0.081114	a-peak@32: 0.998344
2025-10-07 10:34:44 [DEBUG] XGB iter   0: tr-p-rmse: 0.433475	tr-a-peak@32: 0.970342	tr-rmse: 0.455947	tr-rmse: 0.455947
2025-10-07 10:34:44 [DEBUG] XGB iter  25: tr-p-rmse: 0.045752	tr-a-peak@32: 0.990539	tr-rmse: 0.539420	tr-rmse: 0.539420
2025-10-07 10:34:44 [DEBUG] XGB iter  50: tr-p-rmse: 0.043616	tr-a-peak@32: 0.990844	tr-rmse: 0.539455	tr-rmse: 0.539455
2025-10-07 10:34:44 [DEBUG] XGB iter  75: tr-p-rmse: 0.043616	tr-a-peak@32: 0.990844	tr-rmse: 0.539455	tr-rmse: 0.539455
2025-10-07 10:34:44 [DEBUG] XGB stopped. Best iteration: [34] tr-p-rmse:0.04362	tr-a-peak@32:0.99084	tr-rmse:0.53945	tr-rmse:0.53945 
2025-10-07 10:34:45 [INFO] [task_scheduler.cc:237] [Updated] Task #0: "main"
2025-10-07 10:34:45 [INFO] [task_scheduler.cc:320] 
 ID | Name |      FLOP | Weight | Speed (GFLOPS) | Latency (us) | Weighted Latency (us) | Trials | Done 
--------------------------------------------------------------------------------------------------------
  0 | main | 115605504 |      1 |     11417.6832 |      10.1251 |               10.1251 |   1000 |      
--------------------------------------------------------------------------------------------------------
Total trials: 1000
Total latency (us): 10.1251

2025-10-07 10:34:45 [INFO] [task_scheduler.cc:260] Task #0 has finished. Remaining task(s): 0
2025-10-07 10:34:45 [INFO] [task_scheduler.cc:320] 
 ID | Name |      FLOP | Weight | Speed (GFLOPS) | Latency (us) | Weighted Latency (us) | Trials | Done 
--------------------------------------------------------------------------------------------------------
  0 | main | 115605504 |      1 |     11417.6832 |      10.1251 |               10.1251 |   1000 |    Y 
--------------------------------------------------------------------------------------------------------
Total trials: 1000
Total latency (us): 10.1251

Best time (ms): 0.0101251280
Best std  (ms): 0.0000000000
Tuning Time (min): 27.34
2025-10-07 10:34:45 [INFO] LocalRunner: max_workers = 1
2025-10-07 10:34:47 [INFO] Logging directory: ./layer_7/logs
2025-10-07 10:34:47 [INFO] LocalBuilder: max_workers = 32
2025-10-07 10:34:48 [INFO] [task_scheduler.cc:159] Initializing Task #0: "main"
2025-10-07 10:34:48 [INFO] [task_scheduler.cc:320] 
 ID | Name |     FLOP | Weight | Speed (GFLOPS) | Latency (us) | Weighted Latency (us) | Trials | Done 
-------------------------------------------------------------------------------------------------------
  0 | main | 12845056 |      1 |            N/A |          N/A |                   N/A |      0 |      
-------------------------------------------------------------------------------------------------------
Total trials: 0
Total latency (us): 0

2025-10-07 10:34:48 [INFO] [task_scheduler.cc:180] TaskScheduler picks Task #0: "main"
2025-10-07 10:35:20 [INFO] [task_scheduler.cc:193] Sending 64 sample(s) to builder
2025-10-07 10:35:29 [INFO] [task_scheduler.cc:195] Sending 64 sample(s) to runner
2025-10-07 10:35:48 [DEBUG] XGB iter   0: tr-p-rmse: 0.538216	tr-a-peak@32: 0.960859	tr-rmse: 0.383373	tr-rmse: 0.383373
2025-10-07 10:35:48 [DEBUG] XGB iter  25: tr-p-rmse: 0.031192	tr-a-peak@32: 1.000000	tr-rmse: 0.457283	tr-rmse: 0.457283
2025-10-07 10:35:48 [DEBUG] XGB iter  50: tr-p-rmse: 0.031192	tr-a-peak@32: 1.000000	tr-rmse: 0.457283	tr-rmse: 0.457283
2025-10-07 10:35:48 [DEBUG] XGB stopped. Best iteration: [23] tr-p-rmse:0.03119	tr-a-peak@32:1.00000	tr-rmse:0.45728	tr-rmse:0.45728 
2025-10-07 10:35:48 [INFO] [task_scheduler.cc:237] [Updated] Task #0: "main"
2025-10-07 10:35:48 [INFO] [task_scheduler.cc:320] 
 ID | Name |     FLOP | Weight | Speed (GFLOPS) | Latency (us) | Weighted Latency (us) | Trials | Done 
-------------------------------------------------------------------------------------------------------
  0 | main | 12845056 |      1 |      4270.9497 |       3.0075 |                3.0075 |     64 |      
-------------------------------------------------------------------------------------------------------
Total trials: 64
Total latency (us): 3.00754

2025-10-07 10:35:48 [INFO] [task_scheduler.cc:180] TaskScheduler picks Task #0: "main"
2025-10-07 10:36:21 [INFO] [task_scheduler.cc:193] Sending 64 sample(s) to builder
2025-10-07 10:36:29 [INFO] [task_scheduler.cc:195] Sending 64 sample(s) to runner
2025-10-07 10:36:48 [DEBUG] XGB validation: p-rmse: 0.199511	a-peak@32: 0.986033
2025-10-07 10:36:48 [DEBUG] XGB iter   0: tr-p-rmse: 0.510427	tr-a-peak@32: 0.976772	tr-rmse: 0.363068	tr-rmse: 0.363068
2025-10-07 10:36:48 [DEBUG] XGB iter  25: tr-p-rmse: 0.023933	tr-a-peak@32: 1.000000	tr-rmse: 0.442359	tr-rmse: 0.442359
2025-10-07 10:36:48 [DEBUG] XGB iter  50: tr-p-rmse: 0.023932	tr-a-peak@32: 1.000000	tr-rmse: 0.442359	tr-rmse: 0.442359
2025-10-07 10:36:48 [DEBUG] XGB iter  75: tr-p-rmse: 0.023932	tr-a-peak@32: 1.000000	tr-rmse: 0.442359	tr-rmse: 0.442359
2025-10-07 10:36:48 [DEBUG] XGB stopped. Best iteration: [26] tr-p-rmse:0.02393	tr-a-peak@32:1.00000	tr-rmse:0.44236	tr-rmse:0.44236 
2025-10-07 10:36:48 [INFO] [task_scheduler.cc:237] [Updated] Task #0: "main"
2025-10-07 10:36:48 [INFO] [task_scheduler.cc:320] 
 ID | Name |     FLOP | Weight | Speed (GFLOPS) | Latency (us) | Weighted Latency (us) | Trials | Done 
-------------------------------------------------------------------------------------------------------
  0 | main | 12845056 |      1 |      4270.9497 |       3.0075 |                3.0075 |    128 |      
-------------------------------------------------------------------------------------------------------
Total trials: 128
Total latency (us): 3.00754

2025-10-07 10:36:48 [INFO] [task_scheduler.cc:180] TaskScheduler picks Task #0: "main"
2025-10-07 10:37:27 [INFO] [task_scheduler.cc:193] Sending 64 sample(s) to builder
2025-10-07 10:37:35 [INFO] [task_scheduler.cc:195] Sending 64 sample(s) to runner
2025-10-07 10:37:57 [DEBUG] XGB validation: p-rmse: 0.101754	a-peak@32: 0.988144
2025-10-07 10:37:57 [DEBUG] XGB iter   0: tr-p-rmse: 0.446409	tr-a-peak@32: 0.991541	tr-rmse: 0.435417	tr-rmse: 0.435418
2025-10-07 10:37:57 [DEBUG] XGB iter  25: tr-p-rmse: 0.026703	tr-a-peak@32: 0.995758	tr-rmse: 0.515005	tr-rmse: 0.515005
2025-10-07 10:37:57 [DEBUG] XGB iter  50: tr-p-rmse: 0.026703	tr-a-peak@32: 0.995758	tr-rmse: 0.515005	tr-rmse: 0.515005
2025-10-07 10:37:57 [DEBUG] XGB stopped. Best iteration: [22] tr-p-rmse:0.02670	tr-a-peak@32:0.99576	tr-rmse:0.51501	tr-rmse:0.51501 
2025-10-07 10:37:57 [INFO] [task_scheduler.cc:237] [Updated] Task #0: "main"
2025-10-07 10:37:57 [INFO] [task_scheduler.cc:320] 
 ID | Name |     FLOP | Weight | Speed (GFLOPS) | Latency (us) | Weighted Latency (us) | Trials | Done 
-------------------------------------------------------------------------------------------------------
  0 | main | 12845056 |      1 |      4322.8870 |       2.9714 |                2.9714 |    192 |      
-------------------------------------------------------------------------------------------------------
Total trials: 192
Total latency (us): 2.97141

2025-10-07 10:37:57 [INFO] [task_scheduler.cc:180] TaskScheduler picks Task #0: "main"
2025-10-07 10:38:38 [INFO] [task_scheduler.cc:193] Sending 64 sample(s) to builder
2025-10-07 10:38:43 [INFO] [task_scheduler.cc:195] Sending 64 sample(s) to runner
2025-10-07 10:39:05 [DEBUG] XGB validation: p-rmse: 0.098343	a-peak@32: 0.982135
2025-10-07 10:39:05 [DEBUG] XGB iter   0: tr-p-rmse: 0.416623	tr-a-peak@32: 0.933966	tr-rmse: 0.440668	tr-rmse: 0.440668
2025-10-07 10:39:05 [DEBUG] XGB iter  25: tr-p-rmse: 0.035625	tr-a-peak@32: 0.995904	tr-rmse: 0.523275	tr-rmse: 0.523275
2025-10-07 10:39:05 [DEBUG] XGB iter  50: tr-p-rmse: 0.035625	tr-a-peak@32: 0.995904	tr-rmse: 0.523275	tr-rmse: 0.523275
2025-10-07 10:39:05 [DEBUG] XGB stopped. Best iteration: [17] tr-p-rmse:0.03562	tr-a-peak@32:0.99590	tr-rmse:0.52327	tr-rmse:0.52327 
2025-10-07 10:39:05 [INFO] [task_scheduler.cc:237] [Updated] Task #0: "main"
2025-10-07 10:39:05 [INFO] [task_scheduler.cc:320] 
 ID | Name |     FLOP | Weight | Speed (GFLOPS) | Latency (us) | Weighted Latency (us) | Trials | Done 
-------------------------------------------------------------------------------------------------------
  0 | main | 12845056 |      1 |      4513.9610 |       2.8456 |                2.8456 |    256 |      
-------------------------------------------------------------------------------------------------------
Total trials: 256
Total latency (us): 2.84563

2025-10-07 10:39:05 [INFO] [task_scheduler.cc:180] TaskScheduler picks Task #0: "main"
2025-10-07 10:39:46 [INFO] [task_scheduler.cc:193] Sending 64 sample(s) to builder
2025-10-07 10:39:52 [INFO] [task_scheduler.cc:195] Sending 64 sample(s) to runner
2025-10-07 10:40:13 [DEBUG] XGB validation: p-rmse: 0.089834	a-peak@32: 0.997613
2025-10-07 10:40:13 [DEBUG] XGB iter   0: tr-p-rmse: 0.386357	tr-a-peak@32: 0.982833	tr-rmse: 0.458250	tr-rmse: 0.458250
2025-10-07 10:40:13 [DEBUG] XGB iter  25: tr-p-rmse: 0.039975	tr-a-peak@32: 0.990827	tr-rmse: 0.540453	tr-rmse: 0.540454
2025-10-07 10:40:13 [DEBUG] XGB iter  50: tr-p-rmse: 0.039975	tr-a-peak@32: 0.990827	tr-rmse: 0.540454	tr-rmse: 0.540453
2025-10-07 10:40:13 [DEBUG] XGB stopped. Best iteration: [18] tr-p-rmse:0.03997	tr-a-peak@32:0.99083	tr-rmse:0.54045	tr-rmse:0.54045 
2025-10-07 10:40:13 [INFO] [task_scheduler.cc:237] [Updated] Task #0: "main"
2025-10-07 10:40:13 [INFO] [task_scheduler.cc:320] 
 ID | Name |     FLOP | Weight | Speed (GFLOPS) | Latency (us) | Weighted Latency (us) | Trials | Done 
-------------------------------------------------------------------------------------------------------
  0 | main | 12845056 |      1 |      4513.9610 |       2.8456 |                2.8456 |    320 |      
-------------------------------------------------------------------------------------------------------
Total trials: 320
Total latency (us): 2.84563

2025-10-07 10:40:13 [INFO] [task_scheduler.cc:180] TaskScheduler picks Task #0: "main"
2025-10-07 10:40:54 [INFO] [task_scheduler.cc:193] Sending 64 sample(s) to builder
2025-10-07 10:40:59 [INFO] [task_scheduler.cc:195] Sending 64 sample(s) to runner
2025-10-07 10:41:22 [DEBUG] XGB validation: p-rmse: 0.112790	a-peak@32: 0.950291
2025-10-07 10:41:22 [DEBUG] XGB iter   0: tr-p-rmse: 0.373604	tr-a-peak@32: 0.965367	tr-rmse: 0.465496	tr-rmse: 0.465496
2025-10-07 10:41:22 [DEBUG] XGB iter  25: tr-p-rmse: 0.045323	tr-a-peak@32: 0.991100	tr-rmse: 0.547499	tr-rmse: 0.547499
2025-10-07 10:41:22 [DEBUG] XGB iter  50: tr-p-rmse: 0.045323	tr-a-peak@32: 0.991100	tr-rmse: 0.547499	tr-rmse: 0.547499
2025-10-07 10:41:22 [DEBUG] XGB stopped. Best iteration: [21] tr-p-rmse:0.04532	tr-a-peak@32:0.99110	tr-rmse:0.54750	tr-rmse:0.54750 
2025-10-07 10:41:22 [INFO] [task_scheduler.cc:237] [Updated] Task #0: "main"
2025-10-07 10:41:22 [INFO] [task_scheduler.cc:320] 
 ID | Name |     FLOP | Weight | Speed (GFLOPS) | Latency (us) | Weighted Latency (us) | Trials | Done 
-------------------------------------------------------------------------------------------------------
  0 | main | 12845056 |      1 |      4513.9610 |       2.8456 |                2.8456 |    384 |      
-------------------------------------------------------------------------------------------------------
Total trials: 384
Total latency (us): 2.84563

2025-10-07 10:41:22 [INFO] [task_scheduler.cc:180] TaskScheduler picks Task #0: "main"
2025-10-07 10:42:02 [INFO] [task_scheduler.cc:193] Sending 64 sample(s) to builder
2025-10-07 10:42:16 [INFO] [task_scheduler.cc:195] Sending 64 sample(s) to runner
2025-10-07 10:42:38 [DEBUG] XGB validation: p-rmse: 0.098453	a-peak@32: 0.982096
2025-10-07 10:42:38 [DEBUG] XGB iter   0: tr-p-rmse: 0.365836	tr-a-peak@32: 0.964206	tr-rmse: 0.466107	tr-rmse: 0.466107
2025-10-07 10:42:38 [DEBUG] XGB iter  25: tr-p-rmse: 0.050223	tr-a-peak@32: 0.969583	tr-rmse: 0.549134	tr-rmse: 0.549134
2025-10-07 10:42:39 [DEBUG] XGB iter  50: tr-p-rmse: 0.050223	tr-a-peak@32: 0.969583	tr-rmse: 0.549134	tr-rmse: 0.549134
2025-10-07 10:42:39 [DEBUG] XGB stopped. Best iteration: [22] tr-p-rmse:0.05022	tr-a-peak@32:0.96958	tr-rmse:0.54913	tr-rmse:0.54913 
2025-10-07 10:42:39 [INFO] [task_scheduler.cc:237] [Updated] Task #0: "main"
2025-10-07 10:42:39 [INFO] [task_scheduler.cc:320] 
 ID | Name |     FLOP | Weight | Speed (GFLOPS) | Latency (us) | Weighted Latency (us) | Trials | Done 
-------------------------------------------------------------------------------------------------------
  0 | main | 12845056 |      1 |      4513.9610 |       2.8456 |                2.8456 |    448 |      
-------------------------------------------------------------------------------------------------------
Total trials: 448
Total latency (us): 2.84563

2025-10-07 10:42:39 [INFO] [task_scheduler.cc:180] TaskScheduler picks Task #0: "main"
2025-10-07 10:43:19 [INFO] [task_scheduler.cc:193] Sending 64 sample(s) to builder
2025-10-07 10:43:24 [INFO] [task_scheduler.cc:195] Sending 64 sample(s) to runner
2025-10-07 10:43:46 [DEBUG] XGB validation: p-rmse: 0.064173	a-peak@32: 0.930772
2025-10-07 10:43:46 [DEBUG] XGB iter   0: tr-p-rmse: 0.356163	tr-a-peak@32: 0.989900	tr-rmse: 0.470044	tr-rmse: 0.470045
2025-10-07 10:43:46 [DEBUG] XGB iter  25: tr-p-rmse: 0.051046	tr-a-peak@32: 0.982462	tr-rmse: 0.553174	tr-rmse: 0.553174
2025-10-07 10:43:46 [DEBUG] XGB iter  50: tr-p-rmse: 0.051046	tr-a-peak@32: 0.982462	tr-rmse: 0.553174	tr-rmse: 0.553174
2025-10-07 10:43:46 [DEBUG] XGB stopped. Best iteration: [21] tr-p-rmse:0.05105	tr-a-peak@32:0.98246	tr-rmse:0.55317	tr-rmse:0.55317 
2025-10-07 10:43:46 [INFO] [task_scheduler.cc:237] [Updated] Task #0: "main"
2025-10-07 10:43:46 [INFO] [task_scheduler.cc:320] 
 ID | Name |     FLOP | Weight | Speed (GFLOPS) | Latency (us) | Weighted Latency (us) | Trials | Done 
-------------------------------------------------------------------------------------------------------
  0 | main | 12845056 |      1 |      4513.9610 |       2.8456 |                2.8456 |    512 |      
-------------------------------------------------------------------------------------------------------
Total trials: 512
Total latency (us): 2.84563

2025-10-07 10:43:46 [INFO] [task_scheduler.cc:180] TaskScheduler picks Task #0: "main"
2025-10-07 10:44:26 [INFO] [task_scheduler.cc:193] Sending 64 sample(s) to builder
2025-10-07 10:44:35 [INFO] [task_scheduler.cc:195] Sending 64 sample(s) to runner
2025-10-07 10:44:56 [DEBUG] XGB validation: p-rmse: 0.098827	a-peak@32: 0.995931
2025-10-07 10:44:56 [DEBUG] XGB iter   0: tr-p-rmse: 0.349379	tr-a-peak@32: 0.965394	tr-rmse: 0.474772	tr-rmse: 0.474773
2025-10-07 10:44:56 [DEBUG] XGB iter  25: tr-p-rmse: 0.051312	tr-a-peak@32: 0.977236	tr-rmse: 0.557501	tr-rmse: 0.557501
2025-10-07 10:44:56 [DEBUG] XGB iter  50: tr-p-rmse: 0.050948	tr-a-peak@32: 0.976800	tr-rmse: 0.557499	tr-rmse: 0.557499
2025-10-07 10:44:56 [DEBUG] XGB iter  75: tr-p-rmse: 0.050948	tr-a-peak@32: 0.976800	tr-rmse: 0.557499	tr-rmse: 0.557499
2025-10-07 10:44:56 [DEBUG] XGB stopped. Best iteration: [30] tr-p-rmse:0.05095	tr-a-peak@32:0.97680	tr-rmse:0.55750	tr-rmse:0.55750 
2025-10-07 10:44:56 [INFO] [task_scheduler.cc:237] [Updated] Task #0: "main"
2025-10-07 10:44:56 [INFO] [task_scheduler.cc:320] 
 ID | Name |     FLOP | Weight | Speed (GFLOPS) | Latency (us) | Weighted Latency (us) | Trials | Done 
-------------------------------------------------------------------------------------------------------
  0 | main | 12845056 |      1 |      4513.9610 |       2.8456 |                2.8456 |    576 |      
-------------------------------------------------------------------------------------------------------
Total trials: 576
Total latency (us): 2.84563

2025-10-07 10:44:56 [INFO] [task_scheduler.cc:180] TaskScheduler picks Task #0: "main"
2025-10-07 10:45:37 [INFO] [task_scheduler.cc:193] Sending 64 sample(s) to builder
2025-10-07 10:45:43 [INFO] [task_scheduler.cc:195] Sending 64 sample(s) to runner
2025-10-07 10:46:04 [DEBUG] XGB validation: p-rmse: 0.073204	a-peak@32: 0.985224
2025-10-07 10:46:04 [DEBUG] XGB iter   0: tr-p-rmse: 0.342748	tr-a-peak@32: 0.949199	tr-rmse: 0.478320	tr-rmse: 0.478320
2025-10-07 10:46:04 [DEBUG] XGB iter  25: tr-p-rmse: 0.052633	tr-a-peak@32: 0.975935	tr-rmse: 0.560897	tr-rmse: 0.560897
2025-10-07 10:46:04 [DEBUG] XGB iter  50: tr-p-rmse: 0.052633	tr-a-peak@32: 0.975935	tr-rmse: 0.560897	tr-rmse: 0.560897
2025-10-07 10:46:04 [DEBUG] XGB iter  75: tr-p-rmse: 0.052633	tr-a-peak@32: 0.975935	tr-rmse: 0.560897	tr-rmse: 0.560897
2025-10-07 10:46:04 [DEBUG] XGB stopped. Best iteration: [25] tr-p-rmse:0.05263	tr-a-peak@32:0.97593	tr-rmse:0.56090	tr-rmse:0.56090 
2025-10-07 10:46:04 [INFO] [task_scheduler.cc:237] [Updated] Task #0: "main"
2025-10-07 10:46:04 [INFO] [task_scheduler.cc:320] 
 ID | Name |     FLOP | Weight | Speed (GFLOPS) | Latency (us) | Weighted Latency (us) | Trials | Done 
-------------------------------------------------------------------------------------------------------
  0 | main | 12845056 |      1 |      4513.9610 |       2.8456 |                2.8456 |    640 |      
-------------------------------------------------------------------------------------------------------
Total trials: 640
Total latency (us): 2.84563

2025-10-07 10:46:04 [INFO] [task_scheduler.cc:180] TaskScheduler picks Task #0: "main"
2025-10-07 10:46:44 [INFO] [task_scheduler.cc:193] Sending 64 sample(s) to builder
2025-10-07 10:46:50 [INFO] [task_scheduler.cc:195] Sending 64 sample(s) to runner
2025-10-07 10:47:12 [DEBUG] XGB validation: p-rmse: 0.076159	a-peak@32: 0.982579
2025-10-07 10:47:12 [DEBUG] XGB iter   0: tr-p-rmse: 0.337103	tr-a-peak@32: 0.941532	tr-rmse: 0.480920	tr-rmse: 0.480920
2025-10-07 10:47:12 [DEBUG] XGB iter  25: tr-p-rmse: 0.051935	tr-a-peak@32: 0.976409	tr-rmse: 0.563405	tr-rmse: 0.563405
2025-10-07 10:47:12 [DEBUG] XGB iter  50: tr-p-rmse: 0.051601	tr-a-peak@32: 0.976478	tr-rmse: 0.563415	tr-rmse: 0.563415
2025-10-07 10:47:12 [DEBUG] XGB iter  75: tr-p-rmse: 0.051601	tr-a-peak@32: 0.976478	tr-rmse: 0.563415	tr-rmse: 0.563415
2025-10-07 10:47:12 [DEBUG] XGB stopped. Best iteration: [30] tr-p-rmse:0.05160	tr-a-peak@32:0.97648	tr-rmse:0.56341	tr-rmse:0.56341 
2025-10-07 10:47:12 [INFO] [task_scheduler.cc:237] [Updated] Task #0: "main"
2025-10-07 10:47:12 [INFO] [task_scheduler.cc:320] 
 ID | Name |     FLOP | Weight | Speed (GFLOPS) | Latency (us) | Weighted Latency (us) | Trials | Done 
-------------------------------------------------------------------------------------------------------
  0 | main | 12845056 |      1 |      4513.9610 |       2.8456 |                2.8456 |    704 |      
-------------------------------------------------------------------------------------------------------
Total trials: 704
Total latency (us): 2.84563

2025-10-07 10:47:12 [INFO] [task_scheduler.cc:180] TaskScheduler picks Task #0: "main"
2025-10-07 10:47:52 [INFO] [task_scheduler.cc:193] Sending 64 sample(s) to builder
2025-10-07 10:47:59 [INFO] [task_scheduler.cc:195] Sending 64 sample(s) to runner
2025-10-07 10:48:20 [DEBUG] XGB validation: p-rmse: 0.063282	a-peak@32: 0.982497
2025-10-07 10:48:20 [DEBUG] XGB iter   0: tr-p-rmse: 0.332764	tr-a-peak@32: 0.968265	tr-rmse: 0.483078	tr-rmse: 0.483078
2025-10-07 10:48:20 [DEBUG] XGB iter  25: tr-p-rmse: 0.051233	tr-a-peak@32: 0.976963	tr-rmse: 0.565388	tr-rmse: 0.565388
2025-10-07 10:48:20 [DEBUG] XGB iter  50: tr-p-rmse: 0.051100	tr-a-peak@32: 0.976963	tr-rmse: 0.565401	tr-rmse: 0.565401
2025-10-07 10:48:20 [DEBUG] XGB iter  75: tr-p-rmse: 0.051100	tr-a-peak@32: 0.976963	tr-rmse: 0.565401	tr-rmse: 0.565401
2025-10-07 10:48:20 [DEBUG] XGB stopped. Best iteration: [29] tr-p-rmse:0.05110	tr-a-peak@32:0.97696	tr-rmse:0.56540	tr-rmse:0.56540 
2025-10-07 10:48:20 [INFO] [task_scheduler.cc:237] [Updated] Task #0: "main"
2025-10-07 10:48:20 [INFO] [task_scheduler.cc:320] 
 ID | Name |     FLOP | Weight | Speed (GFLOPS) | Latency (us) | Weighted Latency (us) | Trials | Done 
-------------------------------------------------------------------------------------------------------
  0 | main | 12845056 |      1 |      4513.9610 |       2.8456 |                2.8456 |    768 |      
-------------------------------------------------------------------------------------------------------
Total trials: 768
Total latency (us): 2.84563

2025-10-07 10:48:20 [INFO] [task_scheduler.cc:180] TaskScheduler picks Task #0: "main"
2025-10-07 10:49:00 [INFO] [task_scheduler.cc:193] Sending 64 sample(s) to builder
2025-10-07 10:49:09 [INFO] [task_scheduler.cc:195] Sending 64 sample(s) to runner
2025-10-07 10:49:30 [DEBUG] XGB validation: p-rmse: 0.074860	a-peak@32: 0.964426
2025-10-07 10:49:30 [DEBUG] XGB iter   0: tr-p-rmse: 0.331294	tr-a-peak@32: 0.952553	tr-rmse: 0.479749	tr-rmse: 0.479749
2025-10-07 10:49:30 [DEBUG] XGB iter  25: tr-p-rmse: 0.051784	tr-a-peak@32: 0.969014	tr-rmse: 0.562839	tr-rmse: 0.562839
2025-10-07 10:49:30 [DEBUG] XGB iter  50: tr-p-rmse: 0.051477	tr-a-peak@32: 0.969485	tr-rmse: 0.562839	tr-rmse: 0.562839
2025-10-07 10:49:31 [DEBUG] XGB iter  75: tr-p-rmse: 0.051477	tr-a-peak@32: 0.969485	tr-rmse: 0.562839	tr-rmse: 0.562839
2025-10-07 10:49:31 [DEBUG] XGB stopped. Best iteration: [32] tr-p-rmse:0.05148	tr-a-peak@32:0.96949	tr-rmse:0.56284	tr-rmse:0.56284 
2025-10-07 10:49:31 [INFO] [task_scheduler.cc:237] [Updated] Task #0: "main"
2025-10-07 10:49:31 [INFO] [task_scheduler.cc:320] 
 ID | Name |     FLOP | Weight | Speed (GFLOPS) | Latency (us) | Weighted Latency (us) | Trials | Done 
-------------------------------------------------------------------------------------------------------
  0 | main | 12845056 |      1 |      4548.5604 |       2.8240 |                2.8240 |    832 |      
-------------------------------------------------------------------------------------------------------
Total trials: 832
Total latency (us): 2.82398

2025-10-07 10:49:31 [INFO] [task_scheduler.cc:180] TaskScheduler picks Task #0: "main"
2025-10-07 10:50:11 [INFO] [task_scheduler.cc:193] Sending 64 sample(s) to builder
2025-10-07 10:50:16 [INFO] [task_scheduler.cc:195] Sending 64 sample(s) to runner
2025-10-07 10:50:38 [DEBUG] XGB validation: p-rmse: 0.088719	a-peak@32: 0.981961
2025-10-07 10:50:38 [DEBUG] XGB iter   0: tr-p-rmse: 0.328977	tr-a-peak@32: 0.919051	tr-rmse: 0.480507	tr-rmse: 0.480507
2025-10-07 10:50:38 [DEBUG] XGB iter  25: tr-p-rmse: 0.051644	tr-a-peak@32: 0.966568	tr-rmse: 0.563750	tr-rmse: 0.563750
2025-10-07 10:50:38 [DEBUG] XGB iter  50: tr-p-rmse: 0.051644	tr-a-peak@32: 0.966568	tr-rmse: 0.563751	tr-rmse: 0.563751
2025-10-07 10:50:38 [DEBUG] XGB stopped. Best iteration: [23] tr-p-rmse:0.05164	tr-a-peak@32:0.96657	tr-rmse:0.56375	tr-rmse:0.56375 
2025-10-07 10:50:38 [INFO] [task_scheduler.cc:237] [Updated] Task #0: "main"
2025-10-07 10:50:38 [INFO] [task_scheduler.cc:320] 
 ID | Name |     FLOP | Weight | Speed (GFLOPS) | Latency (us) | Weighted Latency (us) | Trials | Done 
-------------------------------------------------------------------------------------------------------
  0 | main | 12845056 |      1 |      4548.5604 |       2.8240 |                2.8240 |    896 |      
-------------------------------------------------------------------------------------------------------
Total trials: 896
Total latency (us): 2.82398

2025-10-07 10:50:38 [INFO] [task_scheduler.cc:180] TaskScheduler picks Task #0: "main"
2025-10-07 10:51:18 [INFO] [task_scheduler.cc:193] Sending 64 sample(s) to builder
2025-10-07 10:51:24 [INFO] [task_scheduler.cc:195] Sending 64 sample(s) to runner
2025-10-07 10:51:46 [DEBUG] XGB validation: p-rmse: 0.071445	a-peak@32: 0.984092
2025-10-07 10:51:46 [DEBUG] XGB iter   0: tr-p-rmse: 0.326242	tr-a-peak@32: 0.920345	tr-rmse: 0.482133	tr-rmse: 0.482133
2025-10-07 10:51:47 [DEBUG] XGB iter  25: tr-p-rmse: 0.050164	tr-a-peak@32: 0.975671	tr-rmse: 0.565187	tr-rmse: 0.565187
2025-10-07 10:51:47 [DEBUG] XGB iter  50: tr-p-rmse: 0.049978	tr-a-peak@32: 0.976198	tr-rmse: 0.565195	tr-rmse: 0.565195
2025-10-07 10:51:47 [DEBUG] XGB iter  75: tr-p-rmse: 0.049978	tr-a-peak@32: 0.976198	tr-rmse: 0.565195	tr-rmse: 0.565195
2025-10-07 10:51:47 [DEBUG] XGB stopped. Best iteration: [29] tr-p-rmse:0.04998	tr-a-peak@32:0.97620	tr-rmse:0.56519	tr-rmse:0.56519 
2025-10-07 10:51:47 [INFO] [task_scheduler.cc:237] [Updated] Task #0: "main"
2025-10-07 10:51:47 [INFO] [task_scheduler.cc:320] 
 ID | Name |     FLOP | Weight | Speed (GFLOPS) | Latency (us) | Weighted Latency (us) | Trials | Done 
-------------------------------------------------------------------------------------------------------
  0 | main | 12845056 |      1 |      4548.5604 |       2.8240 |                2.8240 |    960 |      
-------------------------------------------------------------------------------------------------------
Total trials: 960
Total latency (us): 2.82398

2025-10-07 10:51:47 [INFO] [task_scheduler.cc:180] TaskScheduler picks Task #0: "main"
2025-10-07 10:52:28 [INFO] [task_scheduler.cc:193] Sending 40 sample(s) to builder
2025-10-07 10:52:34 [INFO] [task_scheduler.cc:195] Sending 40 sample(s) to runner
2025-10-07 10:52:48 [DEBUG] XGB validation: p-rmse: 0.049367	a-peak@32: 0.985195
2025-10-07 10:52:48 [DEBUG] XGB iter   0: tr-p-rmse: 0.324118	tr-a-peak@32: 0.927843	tr-rmse: 0.483855	tr-rmse: 0.483855
2025-10-07 10:52:48 [DEBUG] XGB iter  25: tr-p-rmse: 0.050782	tr-a-peak@32: 0.978079	tr-rmse: 0.566791	tr-rmse: 0.566791
2025-10-07 10:52:48 [DEBUG] XGB iter  50: tr-p-rmse: 0.050658	tr-a-peak@32: 0.977345	tr-rmse: 0.566799	tr-rmse: 0.566799
2025-10-07 10:52:48 [DEBUG] XGB iter  75: tr-p-rmse: 0.050658	tr-a-peak@32: 0.977345	tr-rmse: 0.566799	tr-rmse: 0.566799
2025-10-07 10:52:48 [DEBUG] XGB stopped. Best iteration: [28] tr-p-rmse:0.05066	tr-a-peak@32:0.97735	tr-rmse:0.56680	tr-rmse:0.56680 
2025-10-07 10:52:48 [INFO] [task_scheduler.cc:237] [Updated] Task #0: "main"
2025-10-07 10:52:48 [INFO] [task_scheduler.cc:320] 
 ID | Name |     FLOP | Weight | Speed (GFLOPS) | Latency (us) | Weighted Latency (us) | Trials | Done 
-------------------------------------------------------------------------------------------------------
  0 | main | 12845056 |      1 |      4548.5604 |       2.8240 |                2.8240 |   1000 |      
-------------------------------------------------------------------------------------------------------
Total trials: 1000
Total latency (us): 2.82398

2025-10-07 10:52:48 [INFO] [task_scheduler.cc:260] Task #0 has finished. Remaining task(s): 0
2025-10-07 10:52:48 [INFO] [task_scheduler.cc:320] 
 ID | Name |     FLOP | Weight | Speed (GFLOPS) | Latency (us) | Weighted Latency (us) | Trials | Done 
-------------------------------------------------------------------------------------------------------
  0 | main | 12845056 |      1 |      4548.5604 |       2.8240 |                2.8240 |   1000 |    Y 
-------------------------------------------------------------------------------------------------------
Total trials: 1000
Total latency (us): 2.82398

Best time (ms): 0.0028239827
Best std  (ms): 0.0000000000
Tuning Time (min): 18.05
2025-10-07 10:52:49 [INFO] LocalRunner: max_workers = 1
2025-10-07 10:52:50 [INFO] Logging directory: ./layer_8/logs
2025-10-07 10:52:50 [INFO] LocalBuilder: max_workers = 32
2025-10-07 10:52:51 [INFO] [task_scheduler.cc:159] Initializing Task #0: "main"
2025-10-07 10:52:51 [INFO] [task_scheduler.cc:320] 
 ID | Name |      FLOP | Weight | Speed (GFLOPS) | Latency (us) | Weighted Latency (us) | Trials | Done 
--------------------------------------------------------------------------------------------------------
  0 | main | 231211008 |      1 |            N/A |          N/A |                   N/A |      0 |      
--------------------------------------------------------------------------------------------------------
Total trials: 0
Total latency (us): 0

2025-10-07 10:52:51 [INFO] [task_scheduler.cc:180] TaskScheduler picks Task #0: "main"
2025-10-07 10:53:50 [INFO] [task_scheduler.cc:193] Sending 64 sample(s) to builder
2025-10-07 10:53:59 [INFO] [task_scheduler.cc:195] Sending 64 sample(s) to runner
2025-10-07 10:54:18 [DEBUG] XGB iter   0: tr-p-rmse: 0.625243	tr-a-peak@32: 1.000000	tr-rmse: 0.262218	tr-rmse: 0.262218
2025-10-07 10:54:18 [DEBUG] XGB iter  25: tr-p-rmse: 0.040345	tr-a-peak@32: 1.000000	tr-rmse: 0.330975	tr-rmse: 0.330975
2025-10-07 10:54:18 [DEBUG] XGB iter  50: tr-p-rmse: 0.040345	tr-a-peak@32: 1.000000	tr-rmse: 0.330975	tr-rmse: 0.330975
2025-10-07 10:54:18 [DEBUG] XGB stopped. Best iteration: [17] tr-p-rmse:0.04034	tr-a-peak@32:1.00000	tr-rmse:0.33097	tr-rmse:0.33097 
2025-10-07 10:54:18 [INFO] [task_scheduler.cc:237] [Updated] Task #0: "main"
2025-10-07 10:54:18 [INFO] [task_scheduler.cc:320] 
 ID | Name |      FLOP | Weight | Speed (GFLOPS) | Latency (us) | Weighted Latency (us) | Trials | Done 
--------------------------------------------------------------------------------------------------------
  0 | main | 231211008 |      1 |      8474.7906 |      27.2822 |               27.2822 |     64 |      
--------------------------------------------------------------------------------------------------------
Total trials: 64
Total latency (us): 27.2822

2025-10-07 10:54:18 [INFO] [task_scheduler.cc:180] TaskScheduler picks Task #0: "main"
2025-10-07 10:55:16 [INFO] [task_scheduler.cc:193] Sending 64 sample(s) to builder
2025-10-07 10:55:28 [INFO] [task_scheduler.cc:195] Sending 64 sample(s) to runner
2025-10-07 10:55:53 [DEBUG] XGB validation: p-rmse: 0.269445	a-peak@32: 0.785882
2025-10-07 10:55:53 [DEBUG] XGB iter   0: tr-p-rmse: 0.645561	tr-a-peak@32: 0.468512	tr-rmse: 0.225901	tr-rmse: 0.225901
2025-10-07 10:55:53 [DEBUG] XGB iter  25: tr-p-rmse: 0.041456	tr-a-peak@32: 1.000000	tr-rmse: 0.246173	tr-rmse: 0.246173
2025-10-07 10:55:53 [DEBUG] XGB iter  50: tr-p-rmse: 0.041456	tr-a-peak@32: 1.000000	tr-rmse: 0.246173	tr-rmse: 0.246173
2025-10-07 10:55:53 [DEBUG] XGB stopped. Best iteration: [17] tr-p-rmse:0.04146	tr-a-peak@32:1.00000	tr-rmse:0.24617	tr-rmse:0.24617 
2025-10-07 10:55:53 [INFO] [task_scheduler.cc:237] [Updated] Task #0: "main"
2025-10-07 10:55:53 [INFO] [task_scheduler.cc:320] 
 ID | Name |      FLOP | Weight | Speed (GFLOPS) | Latency (us) | Weighted Latency (us) | Trials | Done 
--------------------------------------------------------------------------------------------------------
  0 | main | 231211008 |      1 |     15013.0315 |      15.4007 |               15.4007 |    128 |      
--------------------------------------------------------------------------------------------------------
Total trials: 128
Total latency (us): 15.4007

2025-10-07 10:55:53 [INFO] [task_scheduler.cc:180] TaskScheduler picks Task #0: "main"
2025-10-07 10:57:14 [INFO] [task_scheduler.cc:193] Sending 64 sample(s) to builder
2025-10-07 10:57:32 [INFO] [task_scheduler.cc:195] Sending 64 sample(s) to runner
2025-10-07 10:57:52 [DEBUG] XGB validation: p-rmse: 0.255596	a-peak@32: 0.955973
2025-10-07 10:57:52 [DEBUG] XGB iter   0: tr-p-rmse: 0.624199	tr-a-peak@32: 0.988241	tr-rmse: 0.398903	tr-rmse: 0.398903
2025-10-07 10:57:52 [DEBUG] XGB iter  25: tr-p-rmse: 0.037485	tr-a-peak@32: 1.000000	tr-rmse: 0.462461	tr-rmse: 0.462461
2025-10-07 10:57:52 [DEBUG] XGB iter  50: tr-p-rmse: 0.037485	tr-a-peak@32: 1.000000	tr-rmse: 0.462461	tr-rmse: 0.462461
2025-10-07 10:57:52 [DEBUG] XGB stopped. Best iteration: [21] tr-p-rmse:0.03748	tr-a-peak@32:1.00000	tr-rmse:0.46246	tr-rmse:0.46246 
2025-10-07 10:57:52 [INFO] [task_scheduler.cc:237] [Updated] Task #0: "main"
2025-10-07 10:57:52 [INFO] [task_scheduler.cc:320] 
 ID | Name |      FLOP | Weight | Speed (GFLOPS) | Latency (us) | Weighted Latency (us) | Trials | Done 
--------------------------------------------------------------------------------------------------------
  0 | main | 231211008 |      1 |     16944.9735 |      13.6448 |               13.6448 |    192 |      
--------------------------------------------------------------------------------------------------------
Total trials: 192
Total latency (us): 13.6448

2025-10-07 10:57:52 [INFO] [task_scheduler.cc:180] TaskScheduler picks Task #0: "main"
2025-10-07 10:59:18 [INFO] [task_scheduler.cc:193] Sending 64 sample(s) to builder
2025-10-07 10:59:30 [INFO] [task_scheduler.cc:195] Sending 64 sample(s) to runner
2025-10-07 10:59:48 [DEBUG] XGB validation: p-rmse: 0.133806	a-peak@32: 0.998822
2025-10-07 10:59:48 [DEBUG] XGB iter   0: tr-p-rmse: 0.554221	tr-a-peak@32: 0.965935	tr-rmse: 0.450573	tr-rmse: 0.450573
2025-10-07 10:59:48 [DEBUG] XGB iter  25: tr-p-rmse: 0.032166	tr-a-peak@32: 0.999994	tr-rmse: 0.522921	tr-rmse: 0.522921
2025-10-07 10:59:48 [DEBUG] XGB iter  50: tr-p-rmse: 0.031672	tr-a-peak@32: 0.998816	tr-rmse: 0.523019	tr-rmse: 0.523019
2025-10-07 10:59:49 [DEBUG] XGB iter  75: tr-p-rmse: 0.031672	tr-a-peak@32: 0.998816	tr-rmse: 0.523019	tr-rmse: 0.523019
2025-10-07 10:59:49 [DEBUG] XGB stopped. Best iteration: [35] tr-p-rmse:0.03167	tr-a-peak@32:0.99882	tr-rmse:0.52302	tr-rmse:0.52302 
2025-10-07 10:59:49 [INFO] [task_scheduler.cc:237] [Updated] Task #0: "main"
2025-10-07 10:59:49 [INFO] [task_scheduler.cc:320] 
 ID | Name |      FLOP | Weight | Speed (GFLOPS) | Latency (us) | Weighted Latency (us) | Trials | Done 
--------------------------------------------------------------------------------------------------------
  0 | main | 231211008 |      1 |     16944.9735 |      13.6448 |               13.6448 |    256 |      
--------------------------------------------------------------------------------------------------------
Total trials: 256
Total latency (us): 13.6448

2025-10-07 10:59:49 [INFO] [task_scheduler.cc:180] TaskScheduler picks Task #0: "main"
2025-10-07 11:01:14 [INFO] [task_scheduler.cc:193] Sending 64 sample(s) to builder
2025-10-07 11:01:27 [INFO] [task_scheduler.cc:195] Sending 64 sample(s) to runner
2025-10-07 11:01:46 [DEBUG] XGB validation: p-rmse: 0.068820	a-peak@32: 0.998220
2025-10-07 11:01:46 [DEBUG] XGB iter   0: tr-p-rmse: 0.503865	tr-a-peak@32: 0.954560	tr-rmse: 0.454156	tr-rmse: 0.454156
2025-10-07 11:01:46 [DEBUG] XGB iter  25: tr-p-rmse: 0.029819	tr-a-peak@32: 1.000000	tr-rmse: 0.532258	tr-rmse: 0.532258
2025-10-07 11:01:46 [DEBUG] XGB iter  50: tr-p-rmse: 0.028853	tr-a-peak@32: 1.000000	tr-rmse: 0.532292	tr-rmse: 0.532292
2025-10-07 11:01:46 [DEBUG] XGB iter  75: tr-p-rmse: 0.028853	tr-a-peak@32: 1.000000	tr-rmse: 0.532292	tr-rmse: 0.532292
2025-10-07 11:01:46 [DEBUG] XGB stopped. Best iteration: [34] tr-p-rmse:0.02885	tr-a-peak@32:1.00000	tr-rmse:0.53229	tr-rmse:0.53229 
2025-10-07 11:01:46 [INFO] [task_scheduler.cc:237] [Updated] Task #0: "main"
2025-10-07 11:01:46 [INFO] [task_scheduler.cc:320] 
 ID | Name |      FLOP | Weight | Speed (GFLOPS) | Latency (us) | Weighted Latency (us) | Trials | Done 
--------------------------------------------------------------------------------------------------------
  0 | main | 231211008 |      1 |     16944.9735 |      13.6448 |               13.6448 |    320 |      
--------------------------------------------------------------------------------------------------------
Total trials: 320
Total latency (us): 13.6448

2025-10-07 11:01:46 [INFO] [task_scheduler.cc:180] TaskScheduler picks Task #0: "main"
2025-10-07 11:03:12 [INFO] [task_scheduler.cc:193] Sending 64 sample(s) to builder
2025-10-07 11:03:24 [INFO] [task_scheduler.cc:195] Sending 64 sample(s) to runner
2025-10-07 11:03:43 [DEBUG] XGB validation: p-rmse: 0.136616	a-peak@32: 0.998069
2025-10-07 11:03:43 [DEBUG] XGB iter   0: tr-p-rmse: 0.486011	tr-a-peak@32: 0.967098	tr-rmse: 0.456082	tr-rmse: 0.456082
2025-10-07 11:03:43 [DEBUG] XGB iter  25: tr-p-rmse: 0.030221	tr-a-peak@32: 0.999698	tr-rmse: 0.534248	tr-rmse: 0.534248
2025-10-07 11:03:44 [DEBUG] XGB iter  50: tr-p-rmse: 0.030220	tr-a-peak@32: 0.999698	tr-rmse: 0.534251	tr-rmse: 0.534251
2025-10-07 11:03:44 [DEBUG] XGB iter  75: tr-p-rmse: 0.030220	tr-a-peak@32: 0.999698	tr-rmse: 0.534251	tr-rmse: 0.534251
2025-10-07 11:03:44 [DEBUG] XGB stopped. Best iteration: [27] tr-p-rmse:0.03022	tr-a-peak@32:0.99970	tr-rmse:0.53425	tr-rmse:0.53425 
2025-10-07 11:03:44 [INFO] [task_scheduler.cc:237] [Updated] Task #0: "main"
2025-10-07 11:03:44 [INFO] [task_scheduler.cc:320] 
 ID | Name |      FLOP | Weight | Speed (GFLOPS) | Latency (us) | Weighted Latency (us) | Trials | Done 
--------------------------------------------------------------------------------------------------------
  0 | main | 231211008 |      1 |     16944.9735 |      13.6448 |               13.6448 |    384 |      
--------------------------------------------------------------------------------------------------------
Total trials: 384
Total latency (us): 13.6448

2025-10-07 11:03:44 [INFO] [task_scheduler.cc:180] TaskScheduler picks Task #0: "main"
2025-10-07 11:05:08 [INFO] [task_scheduler.cc:193] Sending 64 sample(s) to builder
2025-10-07 11:05:20 [INFO] [task_scheduler.cc:195] Sending 64 sample(s) to runner
2025-10-07 11:05:38 [DEBUG] XGB validation: p-rmse: 0.042312	a-peak@32: 0.991420
2025-10-07 11:05:38 [DEBUG] XGB iter   0: tr-p-rmse: 0.459808	tr-a-peak@32: 0.994871	tr-rmse: 0.466251	tr-rmse: 0.466251
2025-10-07 11:05:38 [DEBUG] XGB iter  25: tr-p-rmse: 0.027984	tr-a-peak@32: 0.998749	tr-rmse: 0.546022	tr-rmse: 0.546022
2025-10-07 11:05:39 [DEBUG] XGB iter  50: tr-p-rmse: 0.027982	tr-a-peak@32: 0.998749	tr-rmse: 0.546027	tr-rmse: 0.546027
2025-10-07 11:05:39 [DEBUG] XGB iter  75: tr-p-rmse: 0.027982	tr-a-peak@32: 0.998749	tr-rmse: 0.546027	tr-rmse: 0.546027
2025-10-07 11:05:39 [DEBUG] XGB stopped. Best iteration: [27] tr-p-rmse:0.02798	tr-a-peak@32:0.99875	tr-rmse:0.54603	tr-rmse:0.54603 
2025-10-07 11:05:39 [INFO] [task_scheduler.cc:237] [Updated] Task #0: "main"
2025-10-07 11:05:39 [INFO] [task_scheduler.cc:320] 
 ID | Name |      FLOP | Weight | Speed (GFLOPS) | Latency (us) | Weighted Latency (us) | Trials | Done 
--------------------------------------------------------------------------------------------------------
  0 | main | 231211008 |      1 |     17111.3395 |      13.5122 |               13.5122 |    448 |      
--------------------------------------------------------------------------------------------------------
Total trials: 448
Total latency (us): 13.5122

2025-10-07 11:05:39 [INFO] [task_scheduler.cc:180] TaskScheduler picks Task #0: "main"
2025-10-07 11:07:05 [INFO] [task_scheduler.cc:193] Sending 64 sample(s) to builder
2025-10-07 11:07:17 [INFO] [task_scheduler.cc:195] Sending 64 sample(s) to runner
2025-10-07 11:07:36 [DEBUG] XGB validation: p-rmse: 0.079569	a-peak@32: 0.988649
2025-10-07 11:07:36 [DEBUG] XGB iter   0: tr-p-rmse: 0.444414	tr-a-peak@32: 0.970758	tr-rmse: 0.462597	tr-rmse: 0.462597
2025-10-07 11:07:36 [DEBUG] XGB iter  25: tr-p-rmse: 0.029856	tr-a-peak@32: 0.985108	tr-rmse: 0.544206	tr-rmse: 0.544206
2025-10-07 11:07:36 [DEBUG] XGB iter  50: tr-p-rmse: 0.029855	tr-a-peak@32: 0.985108	tr-rmse: 0.544207	tr-rmse: 0.544207
2025-10-07 11:07:36 [DEBUG] XGB iter  75: tr-p-rmse: 0.029855	tr-a-peak@32: 0.985108	tr-rmse: 0.544207	tr-rmse: 0.544207
2025-10-07 11:07:36 [DEBUG] XGB stopped. Best iteration: [26] tr-p-rmse:0.02985	tr-a-peak@32:0.98511	tr-rmse:0.54421	tr-rmse:0.54421 
2025-10-07 11:07:36 [INFO] [task_scheduler.cc:237] [Updated] Task #0: "main"
2025-10-07 11:07:36 [INFO] [task_scheduler.cc:320] 
 ID | Name |      FLOP | Weight | Speed (GFLOPS) | Latency (us) | Weighted Latency (us) | Trials | Done 
--------------------------------------------------------------------------------------------------------
  0 | main | 231211008 |      1 |     17354.7706 |      13.3226 |               13.3226 |    512 |      
--------------------------------------------------------------------------------------------------------
Total trials: 512
Total latency (us): 13.3226

2025-10-07 11:07:36 [INFO] [task_scheduler.cc:180] TaskScheduler picks Task #0: "main"
2025-10-07 11:09:03 [INFO] [task_scheduler.cc:193] Sending 64 sample(s) to builder
2025-10-07 11:09:14 [INFO] [task_scheduler.cc:195] Sending 64 sample(s) to runner
2025-10-07 11:09:32 [DEBUG] XGB validation: p-rmse: 0.051406	a-peak@32: 0.996878
2025-10-07 11:09:32 [DEBUG] XGB iter   0: tr-p-rmse: 0.432054	tr-a-peak@32: 0.966892	tr-rmse: 0.462812	tr-rmse: 0.462812
2025-10-07 11:09:32 [DEBUG] XGB iter  25: tr-p-rmse: 0.029053	tr-a-peak@32: 0.996168	tr-rmse: 0.545152	tr-rmse: 0.545152
2025-10-07 11:09:32 [DEBUG] XGB iter  50: tr-p-rmse: 0.029047	tr-a-peak@32: 0.996168	tr-rmse: 0.545168	tr-rmse: 0.545168
2025-10-07 11:09:32 [DEBUG] XGB iter  75: tr-p-rmse: 0.029047	tr-a-peak@32: 0.996168	tr-rmse: 0.545168	tr-rmse: 0.545168
2025-10-07 11:09:32 [DEBUG] XGB stopped. Best iteration: [29] tr-p-rmse:0.02905	tr-a-peak@32:0.99617	tr-rmse:0.54517	tr-rmse:0.54517 
2025-10-07 11:09:33 [INFO] [task_scheduler.cc:237] [Updated] Task #0: "main"
2025-10-07 11:09:33 [INFO] [task_scheduler.cc:320] 
 ID | Name |      FLOP | Weight | Speed (GFLOPS) | Latency (us) | Weighted Latency (us) | Trials | Done 
--------------------------------------------------------------------------------------------------------
  0 | main | 231211008 |      1 |     17354.7706 |      13.3226 |               13.3226 |    576 |      
--------------------------------------------------------------------------------------------------------
Total trials: 576
Total latency (us): 13.3226

2025-10-07 11:09:33 [INFO] [task_scheduler.cc:180] TaskScheduler picks Task #0: "main"
2025-10-07 11:10:58 [INFO] [task_scheduler.cc:193] Sending 64 sample(s) to builder
2025-10-07 11:11:06 [INFO] [task_scheduler.cc:195] Sending 64 sample(s) to runner
2025-10-07 11:11:27 [DEBUG] XGB validation: p-rmse: 0.051529	a-peak@32: 0.998302
2025-10-07 11:11:27 [DEBUG] XGB iter   0: tr-p-rmse: 0.421760	tr-a-peak@32: 0.953746	tr-rmse: 0.458856	tr-rmse: 0.458856
2025-10-07 11:11:27 [DEBUG] XGB iter  25: tr-p-rmse: 0.029410	tr-a-peak@32: 0.996703	tr-rmse: 0.542289	tr-rmse: 0.542289
2025-10-07 11:11:27 [DEBUG] XGB iter  50: tr-p-rmse: 0.029408	tr-a-peak@32: 0.996703	tr-rmse: 0.542294	tr-rmse: 0.542294
2025-10-07 11:11:27 [DEBUG] XGB iter  75: tr-p-rmse: 0.029408	tr-a-peak@32: 0.996703	tr-rmse: 0.542294	tr-rmse: 0.542294
2025-10-07 11:11:27 [DEBUG] XGB stopped. Best iteration: [28] tr-p-rmse:0.02941	tr-a-peak@32:0.99670	tr-rmse:0.54229	tr-rmse:0.54229 
2025-10-07 11:11:27 [INFO] [task_scheduler.cc:237] [Updated] Task #0: "main"
2025-10-07 11:11:27 [INFO] [task_scheduler.cc:320] 
 ID | Name |      FLOP | Weight | Speed (GFLOPS) | Latency (us) | Weighted Latency (us) | Trials | Done 
--------------------------------------------------------------------------------------------------------
  0 | main | 231211008 |      1 |     17371.5070 |      13.3098 |               13.3098 |    640 |      
--------------------------------------------------------------------------------------------------------
Total trials: 640
Total latency (us): 13.3098

2025-10-07 11:11:27 [INFO] [task_scheduler.cc:180] TaskScheduler picks Task #0: "main"
2025-10-07 11:12:54 [INFO] [task_scheduler.cc:193] Sending 64 sample(s) to builder
2025-10-07 11:13:05 [INFO] [task_scheduler.cc:195] Sending 64 sample(s) to runner
2025-10-07 11:13:28 [DEBUG] XGB validation: p-rmse: 0.128176	a-peak@32: 0.986078
2025-10-07 11:13:28 [DEBUG] XGB iter   0: tr-p-rmse: 0.415550	tr-a-peak@32: 0.975179	tr-rmse: 0.459564	tr-rmse: 0.459564
2025-10-07 11:13:28 [DEBUG] XGB iter  25: tr-p-rmse: 0.028046	tr-a-peak@32: 0.995887	tr-rmse: 0.543387	tr-rmse: 0.543387
2025-10-07 11:13:28 [DEBUG] XGB iter  50: tr-p-rmse: 0.028045	tr-a-peak@32: 0.995887	tr-rmse: 0.543391	tr-rmse: 0.543391
2025-10-07 11:13:28 [DEBUG] XGB iter  75: tr-p-rmse: 0.028045	tr-a-peak@32: 0.995887	tr-rmse: 0.543391	tr-rmse: 0.543391
2025-10-07 11:13:28 [DEBUG] XGB stopped. Best iteration: [26] tr-p-rmse:0.02805	tr-a-peak@32:0.99589	tr-rmse:0.54339	tr-rmse:0.54339 
2025-10-07 11:13:28 [INFO] [task_scheduler.cc:237] [Updated] Task #0: "main"
2025-10-07 11:13:28 [INFO] [task_scheduler.cc:320] 
 ID | Name |      FLOP | Weight | Speed (GFLOPS) | Latency (us) | Weighted Latency (us) | Trials | Done 
--------------------------------------------------------------------------------------------------------
  0 | main | 231211008 |      1 |     17371.5070 |      13.3098 |               13.3098 |    704 |      
--------------------------------------------------------------------------------------------------------
Total trials: 704
Total latency (us): 13.3098

2025-10-07 11:13:28 [INFO] [task_scheduler.cc:180] TaskScheduler picks Task #0: "main"
2025-10-07 11:14:54 [INFO] [task_scheduler.cc:193] Sending 64 sample(s) to builder
2025-10-07 11:15:03 [INFO] [task_scheduler.cc:195] Sending 64 sample(s) to runner
2025-10-07 11:15:24 [DEBUG] XGB validation: p-rmse: 0.062297	a-peak@32: 0.998119
2025-10-07 11:15:24 [DEBUG] XGB iter   0: tr-p-rmse: 0.407208	tr-a-peak@32: 0.967266	tr-rmse: 0.462275	tr-rmse: 0.462275
2025-10-07 11:15:24 [DEBUG] XGB iter  25: tr-p-rmse: 0.028341	tr-a-peak@32: 0.994746	tr-rmse: 0.546091	tr-rmse: 0.546091
2025-10-07 11:15:24 [DEBUG] XGB iter  50: tr-p-rmse: 0.027713	tr-a-peak@32: 0.997146	tr-rmse: 0.546105	tr-rmse: 0.546105
2025-10-07 11:15:24 [DEBUG] XGB iter  75: tr-p-rmse: 0.027713	tr-a-peak@32: 0.997146	tr-rmse: 0.546105	tr-rmse: 0.546105
2025-10-07 11:15:24 [DEBUG] XGB stopped. Best iteration: [30] tr-p-rmse:0.02771	tr-a-peak@32:0.99715	tr-rmse:0.54610	tr-rmse:0.54610 
2025-10-07 11:15:24 [INFO] [task_scheduler.cc:237] [Updated] Task #0: "main"
2025-10-07 11:15:24 [INFO] [task_scheduler.cc:320] 
 ID | Name |      FLOP | Weight | Speed (GFLOPS) | Latency (us) | Weighted Latency (us) | Trials | Done 
--------------------------------------------------------------------------------------------------------
  0 | main | 231211008 |      1 |     17371.5070 |      13.3098 |               13.3098 |    768 |      
--------------------------------------------------------------------------------------------------------
Total trials: 768
Total latency (us): 13.3098

2025-10-07 11:15:24 [INFO] [task_scheduler.cc:180] TaskScheduler picks Task #0: "main"
2025-10-07 11:16:50 [INFO] [task_scheduler.cc:193] Sending 64 sample(s) to builder
2025-10-07 11:17:04 [INFO] [task_scheduler.cc:195] Sending 64 sample(s) to runner
2025-10-07 11:17:22 [DEBUG] XGB validation: p-rmse: 0.088188	a-peak@32: 0.998075
2025-10-07 11:17:22 [DEBUG] XGB iter   0: tr-p-rmse: 0.401304	tr-a-peak@32: 0.945206	tr-rmse: 0.461799	tr-rmse: 0.461799
2025-10-07 11:17:22 [DEBUG] XGB iter  25: tr-p-rmse: 0.029002	tr-a-peak@32: 0.995270	tr-rmse: 0.545875	tr-rmse: 0.545875
2025-10-07 11:17:22 [DEBUG] XGB iter  50: tr-p-rmse: 0.028998	tr-a-peak@32: 0.995270	tr-rmse: 0.545887	tr-rmse: 0.545887
2025-10-07 11:17:22 [DEBUG] XGB iter  75: tr-p-rmse: 0.028998	tr-a-peak@32: 0.995270	tr-rmse: 0.545887	tr-rmse: 0.545887
2025-10-07 11:17:22 [DEBUG] XGB stopped. Best iteration: [28] tr-p-rmse:0.02900	tr-a-peak@32:0.99527	tr-rmse:0.54589	tr-rmse:0.54589 
2025-10-07 11:17:22 [INFO] [task_scheduler.cc:237] [Updated] Task #0: "main"
2025-10-07 11:17:22 [INFO] [task_scheduler.cc:320] 
 ID | Name |      FLOP | Weight | Speed (GFLOPS) | Latency (us) | Weighted Latency (us) | Trials | Done 
--------------------------------------------------------------------------------------------------------
  0 | main | 231211008 |      1 |     17371.5070 |      13.3098 |               13.3098 |    832 |      
--------------------------------------------------------------------------------------------------------
Total trials: 832
Total latency (us): 13.3098

2025-10-07 11:17:22 [INFO] [task_scheduler.cc:180] TaskScheduler picks Task #0: "main"
2025-10-07 11:18:48 [INFO] [task_scheduler.cc:193] Sending 64 sample(s) to builder
2025-10-07 11:19:00 [INFO] [task_scheduler.cc:195] Sending 64 sample(s) to runner
2025-10-07 11:19:19 [DEBUG] XGB validation: p-rmse: 0.104006	a-peak@32: 0.919479
2025-10-07 11:19:19 [DEBUG] XGB iter   0: tr-p-rmse: 0.403395	tr-a-peak@32: 0.907204	tr-rmse: 0.437984	tr-rmse: 0.437984
2025-10-07 11:19:19 [DEBUG] XGB iter  25: tr-p-rmse: 0.027442	tr-a-peak@32: 1.000000	tr-rmse: 0.525664	tr-rmse: 0.525664
2025-10-07 11:19:19 [DEBUG] XGB iter  50: tr-p-rmse: 0.027440	tr-a-peak@32: 1.000000	tr-rmse: 0.525672	tr-rmse: 0.525672
2025-10-07 11:19:19 [DEBUG] XGB iter  75: tr-p-rmse: 0.027440	tr-a-peak@32: 1.000000	tr-rmse: 0.525672	tr-rmse: 0.525672
2025-10-07 11:19:19 [DEBUG] XGB stopped. Best iteration: [27] tr-p-rmse:0.02744	tr-a-peak@32:1.00000	tr-rmse:0.52567	tr-rmse:0.52567 
2025-10-07 11:19:19 [INFO] [task_scheduler.cc:237] [Updated] Task #0: "main"
2025-10-07 11:19:19 [INFO] [task_scheduler.cc:320] 
 ID | Name |      FLOP | Weight | Speed (GFLOPS) | Latency (us) | Weighted Latency (us) | Trials | Done 
--------------------------------------------------------------------------------------------------------
  0 | main | 231211008 |      1 |     18110.4852 |      12.7667 |               12.7667 |    896 |      
--------------------------------------------------------------------------------------------------------
Total trials: 896
Total latency (us): 12.7667

2025-10-07 11:19:19 [INFO] [task_scheduler.cc:180] TaskScheduler picks Task #0: "main"
2025-10-07 11:20:46 [INFO] [task_scheduler.cc:193] Sending 64 sample(s) to builder
2025-10-07 11:20:59 [INFO] [task_scheduler.cc:195] Sending 64 sample(s) to runner
2025-10-07 11:21:17 [DEBUG] XGB validation: p-rmse: 0.072872	a-peak@32: 0.993568
2025-10-07 11:21:18 [DEBUG] XGB iter   0: tr-p-rmse: 0.400063	tr-a-peak@32: 0.933882	tr-rmse: 0.442828	tr-rmse: 0.442828
2025-10-07 11:21:18 [DEBUG] XGB iter  25: tr-p-rmse: 0.027107	tr-a-peak@32: 1.000000	tr-rmse: 0.529888	tr-rmse: 0.529888
2025-10-07 11:21:18 [DEBUG] XGB iter  50: tr-p-rmse: 0.026530	tr-a-peak@32: 1.000000	tr-rmse: 0.529910	tr-rmse: 0.529910
2025-10-07 11:21:18 [DEBUG] XGB iter  75: tr-p-rmse: 0.026530	tr-a-peak@32: 1.000000	tr-rmse: 0.529910	tr-rmse: 0.529910
2025-10-07 11:21:18 [DEBUG] XGB stopped. Best iteration: [31] tr-p-rmse:0.02653	tr-a-peak@32:1.00000	tr-rmse:0.52991	tr-rmse:0.52991 
2025-10-07 11:21:18 [INFO] [task_scheduler.cc:237] [Updated] Task #0: "main"
2025-10-07 11:21:18 [INFO] [task_scheduler.cc:320] 
 ID | Name |      FLOP | Weight | Speed (GFLOPS) | Latency (us) | Weighted Latency (us) | Trials | Done 
--------------------------------------------------------------------------------------------------------
  0 | main | 231211008 |      1 |     18114.7317 |      12.7637 |               12.7637 |    960 |      
--------------------------------------------------------------------------------------------------------
Total trials: 960
Total latency (us): 12.7637

2025-10-07 11:21:18 [INFO] [task_scheduler.cc:180] TaskScheduler picks Task #0: "main"
2025-10-07 11:22:43 [INFO] [task_scheduler.cc:193] Sending 40 sample(s) to builder
2025-10-07 11:22:52 [INFO] [task_scheduler.cc:195] Sending 40 sample(s) to runner
2025-10-07 11:23:04 [DEBUG] XGB validation: p-rmse: 0.076527	a-peak@32: 0.970970
2025-10-07 11:23:04 [DEBUG] XGB iter   0: tr-p-rmse: 0.396649	tr-a-peak@32: 0.920566	tr-rmse: 0.446803	tr-rmse: 0.446803
2025-10-07 11:23:04 [DEBUG] XGB iter  25: tr-p-rmse: 0.027975	tr-a-peak@32: 0.955756	tr-rmse: 0.533384	tr-rmse: 0.533384
2025-10-07 11:23:04 [DEBUG] XGB iter  50: tr-p-rmse: 0.027459	tr-a-peak@32: 0.956296	tr-rmse: 0.533409	tr-rmse: 0.533409
2025-10-07 11:23:04 [DEBUG] XGB iter  75: tr-p-rmse: 0.027459	tr-a-peak@32: 0.956296	tr-rmse: 0.533409	tr-rmse: 0.533409
2025-10-07 11:23:04 [DEBUG] XGB stopped. Best iteration: [30] tr-p-rmse:0.02746	tr-a-peak@32:0.95630	tr-rmse:0.53341	tr-rmse:0.53341 
2025-10-07 11:23:04 [INFO] [task_scheduler.cc:237] [Updated] Task #0: "main"
2025-10-07 11:23:04 [INFO] [task_scheduler.cc:320] 
 ID | Name |      FLOP | Weight | Speed (GFLOPS) | Latency (us) | Weighted Latency (us) | Trials | Done 
--------------------------------------------------------------------------------------------------------
  0 | main | 231211008 |      1 |     18114.7317 |      12.7637 |               12.7637 |   1000 |      
--------------------------------------------------------------------------------------------------------
Total trials: 1000
Total latency (us): 12.7637

2025-10-07 11:23:04 [INFO] [task_scheduler.cc:260] Task #0 has finished. Remaining task(s): 0
2025-10-07 11:23:04 [INFO] [task_scheduler.cc:320] 
 ID | Name |      FLOP | Weight | Speed (GFLOPS) | Latency (us) | Weighted Latency (us) | Trials | Done 
--------------------------------------------------------------------------------------------------------
  0 | main | 231211008 |      1 |     18114.7317 |      12.7637 |               12.7637 |   1000 |    Y 
--------------------------------------------------------------------------------------------------------
Total trials: 1000
Total latency (us): 12.7637

Best time (ms): 0.0127637004
Best std  (ms): 0.0000000000
Tuning Time (min): 30.26
2025-10-07 11:23:05 [INFO] LocalRunner: max_workers = 1
2025-10-07 11:23:06 [INFO] Logging directory: ./layer_9/logs
2025-10-07 11:23:06 [INFO] LocalBuilder: max_workers = 32
2025-10-07 11:23:07 [INFO] [task_scheduler.cc:159] Initializing Task #0: "main"
2025-10-07 11:23:07 [INFO] [task_scheduler.cc:320] 
 ID | Name |      FLOP | Weight | Speed (GFLOPS) | Latency (us) | Weighted Latency (us) | Trials | Done 
--------------------------------------------------------------------------------------------------------
  0 | main | 115605504 |      1 |            N/A |          N/A |                   N/A |      0 |      
--------------------------------------------------------------------------------------------------------
Total trials: 0
Total latency (us): 0

2025-10-07 11:23:07 [INFO] [task_scheduler.cc:180] TaskScheduler picks Task #0: "main"
2025-10-07 11:24:01 [INFO] [task_scheduler.cc:193] Sending 64 sample(s) to builder
2025-10-07 11:24:08 [INFO] [task_scheduler.cc:195] Sending 64 sample(s) to runner
2025-10-07 11:24:28 [DEBUG] XGB iter   0: tr-p-rmse: 0.590587	tr-a-peak@32: 1.000000	tr-rmse: 0.244548	tr-rmse: 0.244548
2025-10-07 11:24:28 [DEBUG] XGB iter  25: tr-p-rmse: 0.041748	tr-a-peak@32: 1.000000	tr-rmse: 0.317458	tr-rmse: 0.317458
2025-10-07 11:24:28 [DEBUG] XGB iter  50: tr-p-rmse: 0.041748	tr-a-peak@32: 1.000000	tr-rmse: 0.317458	tr-rmse: 0.317458
2025-10-07 11:24:28 [DEBUG] XGB stopped. Best iteration: [20] tr-p-rmse:0.04175	tr-a-peak@32:1.00000	tr-rmse:0.31746	tr-rmse:0.31746 
2025-10-07 11:24:28 [INFO] [task_scheduler.cc:237] [Updated] Task #0: "main"
2025-10-07 11:24:28 [INFO] [task_scheduler.cc:320] 
 ID | Name |      FLOP | Weight | Speed (GFLOPS) | Latency (us) | Weighted Latency (us) | Trials | Done 
--------------------------------------------------------------------------------------------------------
  0 | main | 115605504 |      1 |      4106.4824 |      28.1520 |               28.1520 |     64 |      
--------------------------------------------------------------------------------------------------------
Total trials: 64
Total latency (us): 28.152

2025-10-07 11:24:28 [INFO] [task_scheduler.cc:180] TaskScheduler picks Task #0: "main"
2025-10-07 11:25:20 [INFO] [task_scheduler.cc:193] Sending 64 sample(s) to builder
2025-10-07 11:25:27 [INFO] [task_scheduler.cc:195] Sending 64 sample(s) to runner
2025-10-07 11:25:48 [DEBUG] XGB validation: p-rmse: 0.261393	a-peak@32: 0.575318
2025-10-07 11:25:48 [DEBUG] XGB iter   0: tr-p-rmse: 0.618119	tr-a-peak@32: 1.000000	tr-rmse: 0.219837	tr-rmse: 0.219837
2025-10-07 11:25:48 [DEBUG] XGB iter  25: tr-p-rmse: 0.048632	tr-a-peak@32: 1.000000	tr-rmse: 0.260272	tr-rmse: 0.260272
2025-10-07 11:25:48 [DEBUG] XGB iter  50: tr-p-rmse: 0.048632	tr-a-peak@32: 1.000000	tr-rmse: 0.260272	tr-rmse: 0.260272
2025-10-07 11:25:48 [DEBUG] XGB stopped. Best iteration: [19] tr-p-rmse:0.04863	tr-a-peak@32:1.00000	tr-rmse:0.26027	tr-rmse:0.26027 
2025-10-07 11:25:49 [INFO] [task_scheduler.cc:237] [Updated] Task #0: "main"
2025-10-07 11:25:49 [INFO] [task_scheduler.cc:320] 
 ID | Name |      FLOP | Weight | Speed (GFLOPS) | Latency (us) | Weighted Latency (us) | Trials | Done 
--------------------------------------------------------------------------------------------------------
  0 | main | 115605504 |      1 |      5940.7535 |      19.4597 |               19.4597 |    128 |      
--------------------------------------------------------------------------------------------------------
Total trials: 128
Total latency (us): 19.4597

2025-10-07 11:25:49 [INFO] [task_scheduler.cc:180] TaskScheduler picks Task #0: "main"
2025-10-07 11:27:01 [INFO] [task_scheduler.cc:193] Sending 64 sample(s) to builder
2025-10-07 11:27:13 [INFO] [task_scheduler.cc:195] Sending 64 sample(s) to runner
2025-10-07 11:27:26 [DEBUG] XGB validation: p-rmse: 0.140209	a-peak@32: 0.964262
2025-10-07 11:27:26 [DEBUG] XGB iter   0: tr-p-rmse: 0.563278	tr-a-peak@32: 0.964209	tr-rmse: 0.397736	tr-rmse: 0.397736
2025-10-07 11:27:26 [DEBUG] XGB iter  25: tr-p-rmse: 0.041804	tr-a-peak@32: 0.999978	tr-rmse: 0.467336	tr-rmse: 0.467336
2025-10-07 11:27:26 [DEBUG] XGB iter  50: tr-p-rmse: 0.041803	tr-a-peak@32: 0.999978	tr-rmse: 0.467337	tr-rmse: 0.467337
2025-10-07 11:27:26 [DEBUG] XGB iter  75: tr-p-rmse: 0.041803	tr-a-peak@32: 0.999978	tr-rmse: 0.467337	tr-rmse: 0.467337
2025-10-07 11:27:26 [DEBUG] XGB stopped. Best iteration: [26] tr-p-rmse:0.04180	tr-a-peak@32:0.99998	tr-rmse:0.46734	tr-rmse:0.46734 
2025-10-07 11:27:26 [INFO] [task_scheduler.cc:237] [Updated] Task #0: "main"
2025-10-07 11:27:26 [INFO] [task_scheduler.cc:320] 
 ID | Name |      FLOP | Weight | Speed (GFLOPS) | Latency (us) | Weighted Latency (us) | Trials | Done 
--------------------------------------------------------------------------------------------------------
  0 | main | 115605504 |      1 |      6260.4257 |      18.4661 |               18.4661 |    192 |      
--------------------------------------------------------------------------------------------------------
Total trials: 192
Total latency (us): 18.4661

2025-10-07 11:27:26 [INFO] [task_scheduler.cc:180] TaskScheduler picks Task #0: "main"
2025-10-07 11:28:38 [INFO] [task_scheduler.cc:193] Sending 64 sample(s) to builder
