layer,trial_index,tile_size,execution_time
layer_11,0,"[[31, [1, 1, 2, 2, 1]], [33, [2, 8, 2, 1, 1]], [35, [72, 2, 2]], [62, 0], [68, 2], [74, 0], [101, 4]]",[6.289119397697076e-05]
layer_11,1,"[[31, [2, 2, 1, 1, 1]], [33, [8, 4, 1, 1, 1]], [35, [24, 6, 2]], [62, 2], [68, 2], [74, 2], [101, 2]]",[0.0003106900505836576]
layer_11,2,"[[31, [2, 1, 2, 1, 1]], [33, [1, 16, 1, 1, 2]], [35, [32, 3, 3]], [62, 2], [68, 3], [74, 2], [101, 4]]",[5.218693317090149e-05]
layer_11,3,"[[31, [2, 2, 1, 1, 1]], [33, [16, 1, 1, 2, 1]], [35, [12, 24, 1]], [62, 2], [68, 3], [74, 0], [101, 3]]",[0.00022793214999999997]
layer_11,4,"[[31, [2, 1, 1, 2, 1]], [33, [16, 2, 1, 1, 1]], [35, [36, 4, 2]], [62, 2], [68, 2], [74, 2], [101, 1]]",[0.0004297203485254691]
layer_11,5,"[[31, [1, 1, 1, 1, 4]], [33, [1, 8, 4, 1, 1]], [35, [144, 2, 1]], [62, 1], [68, 0], [74, 0], [101, 4]]",[0.00021324850673854447]
layer_11,6,"[[31, [2, 1, 1, 2, 1]], [33, [16, 2, 1, 1, 1]], [35, [36, 8, 1]], [62, 1], [68, 2], [74, 2], [101, 2]]",[0.00043200412634408606]
layer_11,7,"[[31, [1, 1, 2, 1, 2]], [33, [1, 4, 2, 1, 4]], [35, [288, 1, 1]], [62, 0], [68, 2], [74, 3], [101, 3]]",[10000000000]
layer_11,8,"[[31, [4, 1, 1, 1, 1]], [33, [2, 4, 1, 4, 1]], [35, [96, 1, 3]], [62, 0], [68, 2], [74, 3], [101, 0]]",[10000000000]
layer_11,9,"[[31, [1, 1, 1, 2, 2]], [33, [1, 16, 2, 1, 1]], [35, [288, 1, 1]], [62, 0], [68, 2], [74, 3], [101, 3]]",[10000000000]
layer_11,10,"[[31, [1, 1, 2, 2, 1]], [33, [1, 4, 2, 4, 1]], [35, [48, 6, 1]], [62, 3], [68, 2], [74, 2], [101, 1]]",[0.00050311040625]
layer_11,11,"[[31, [2, 2, 1, 1, 1]], [33, [8, 1, 2, 2, 1]], [35, [48, 6, 1]], [62, 1], [68, 1], [74, 0], [101, 3]]",[0.0002787091295971979]
layer_11,12,"[[31, [1, 1, 1, 4, 1]], [33, [4, 8, 1, 1, 1]], [35, [72, 4, 1]], [62, 2], [68, 3], [74, 0], [101, 4]]",[0.00013143715622389307]
layer_11,13,"[[31, [2, 1, 1, 2, 1]], [33, [16, 1, 1, 2, 1]], [35, [36, 8, 1]], [62, 0], [68, 2], [74, 0], [101, 1]]",[0.000506111167192429]
layer_11,14,"[[31, [2, 1, 1, 1, 2]], [33, [4, 8, 1, 1, 1]], [35, [48, 6, 1]], [62, 2], [68, 3], [74, 1], [101, 2]]",[0.0005980046000000001]
layer_11,15,"[[31, [4, 1, 1, 1, 1]], [33, [1, 8, 2, 1, 2]], [35, [24, 12, 1]], [62, 2], [68, 2], [74, 3], [101, 3]]",[10000000000]
layer_11,16,"[[31, [1, 1, 2, 1, 2]], [33, [1, 2, 2, 2, 4]], [35, [72, 1, 4]], [62, 1], [68, 1], [74, 2], [101, 4]]",[0.00014613861767441861]
layer_11,17,"[[31, [2, 1, 1, 1, 2]], [33, [4, 8, 1, 1, 1]], [35, [24, 6, 2]], [62, 2], [68, 2], [74, 3], [101, 0]]",[10000000000]
layer_11,18,"[[31, [1, 1, 4, 1, 1]], [33, [8, 1, 1, 2, 2]], [35, [72, 1, 4]], [62, 1], [68, 0], [74, 0], [101, 0]]",[0.0001729114781181619]
layer_11,19,"[[31, [1, 2, 1, 1, 2]], [33, [1, 4, 8, 1, 1]], [35, [48, 6, 1]], [62, 2], [68, 3], [74, 1], [101, 3]]",[0.0001036497416998672]
layer_11,20,"[[31, [1, 2, 1, 1, 2]], [33, [4, 4, 2, 1, 1]], [35, [24, 3, 4]], [62, 0], [68, 1], [74, 1], [101, 2]]",[0.00029778734450651765]
layer_11,21,"[[31, [2, 1, 1, 2, 1]], [33, [2, 2, 1, 4, 2]], [35, [36, 8, 1]], [62, 2], [68, 2], [74, 3], [101, 2]]",[0.0005091198126984126]
layer_11,22,"[[31, [1, 1, 1, 1, 4]], [33, [1, 2, 1, 8, 2]], [35, [96, 1, 3]], [62, 2], [68, 2], [74, 2], [101, 3]]",[0.0013773921780821919]
layer_11,23,"[[31, [1, 2, 2, 1, 1]], [33, [4, 1, 2, 2, 2]], [35, [48, 6, 1]], [62, 3], [68, 0], [74, 0], [101, 3]]",[0.00030328342857142857]
layer_11,24,"[[31, [1, 1, 1, 4, 1]], [33, [1, 8, 4, 1, 1]], [35, [144, 2, 1]], [62, 2], [68, 2], [74, 0], [101, 4]]",[0.0002157189309878214]
layer_11,25,"[[31, [2, 1, 1, 2, 1]], [33, [4, 4, 2, 1, 1]], [35, [36, 4, 2]], [62, 0], [68, 0], [74, 3], [101, 1]]",[0.00023204370614035086]
layer_11,26,"[[31, [2, 1, 1, 2, 1]], [33, [1, 16, 2, 1, 1]], [35, [24, 6, 2]], [62, 0], [68, 0], [74, 2], [101, 2]]",[0.000321161751004016]
layer_11,27,"[[31, [1, 2, 1, 1, 2]], [33, [4, 4, 2, 1, 1]], [35, [24, 3, 4]], [62, 1], [68, 1], [74, 0], [101, 2]]",[0.00040398602261306534]
layer_11,28,"[[31, [1, 1, 4, 1, 1]], [33, [8, 4, 1, 1, 1]], [35, [144, 1, 2]], [62, 2], [68, 0], [74, 1], [101, 2]]",[9.262235633551458e-05]
layer_11,29,"[[31, [4, 1, 1, 1, 1]], [33, [2, 8, 1, 1, 2]], [35, [12, 12, 2]], [62, 1], [68, 1], [74, 0], [101, 1]]",[0.0005193926387096774]
layer_11,30,"[[31, [2, 1, 1, 1, 2]], [33, [4, 8, 1, 1, 1]], [35, [24, 6, 2]], [62, 2], [68, 2], [74, 2], [101, 2]]",[0.0005901048241758242]
layer_11,31,"[[31, [2, 1, 1, 2, 1]], [33, [2, 1, 8, 2, 1]], [35, [96, 3, 1]], [62, 0], [68, 1], [74, 1], [101, 3]]",[0.0008988141955307262]
layer_11,32,"[[31, [1, 1, 1, 1, 4]], [33, [1, 8, 4, 1, 1]], [35, [144, 2, 1]], [62, 2], [68, 1], [74, 0], [101, 4]]",[0.0001714762745945946]
layer_11,33,"[[31, [1, 1, 1, 1, 4]], [33, [2, 8, 1, 1, 2]], [35, [32, 9, 1]], [62, 1], [68, 2], [74, 2], [101, 4]]",[0.0001994388299748111]
layer_11,34,"[[31, [1, 1, 4, 1, 1]], [33, [1, 8, 2, 2, 1]], [35, [72, 4, 1]], [62, 0], [68, 0], [74, 2], [101, 2]]",[5.990280111376293e-05]
layer_11,35,"[[31, [1, 1, 4, 1, 1]], [33, [1, 16, 2, 1, 1]], [35, [144, 1, 2]], [62, 0], [68, 3], [74, 2], [101, 4]]",[0.0001876437671394799]
layer_11,36,"[[31, [2, 1, 1, 1, 2]], [33, [1, 4, 2, 2, 2]], [35, [36, 8, 1]], [62, 1], [68, 3], [74, 0], [101, 0]]",[0.0004102996649616368]
layer_11,37,"[[31, [1, 4, 1, 1, 1]], [33, [2, 2, 1, 4, 2]], [35, [36, 8, 1]], [62, 2], [68, 2], [74, 3], [101, 0]]",[0.0001584714105894106]
layer_11,38,"[[31, [2, 2, 1, 1, 1]], [33, [4, 4, 1, 1, 2]], [35, [36, 2, 4]], [62, 0], [68, 0], [74, 0], [101, 3]]",[0.00029463221033210337]
layer_11,39,"[[31, [2, 1, 1, 1, 2]], [33, [1, 2, 1, 16, 1]], [35, [288, 1, 1]], [62, 2], [68, 1], [74, 2], [101, 0]]",[0.0015361852666666669]
layer_11,40,"[[31, [1, 2, 1, 1, 2]], [33, [4, 4, 2, 1, 1]], [35, [72, 1, 4]], [62, 0], [68, 1], [74, 2], [101, 2]]",[0.0001500855066921606]
layer_11,41,"[[31, [1, 1, 1, 4, 1]], [33, [1, 32, 1, 1, 1]], [35, [96, 3, 1]], [62, 2], [68, 1], [74, 1], [101, 1]]",[0.0009144145738636363]
layer_11,42,"[[31, [1, 2, 2, 1, 1]], [33, [1, 4, 4, 2, 1]], [35, [288, 1, 1]], [62, 1], [68, 3], [74, 0], [101, 3]]",[0.0005048095607476635]
layer_11,43,"[[31, [1, 1, 2, 1, 2]], [33, [1, 2, 4, 4, 1]], [35, [72, 1, 4]], [62, 3], [68, 1], [74, 3], [101, 3]]",[0.00013390950127226462]
layer_11,44,"[[31, [1, 1, 4, 1, 1]], [33, [4, 1, 1, 8, 1]], [35, [72, 4, 1]], [62, 0], [68, 0], [74, 3], [101, 4]]",[0.00010482573172367537]
layer_11,45,"[[31, [1, 1, 1, 1, 4]], [33, [1, 8, 4, 1, 1]], [35, [144, 2, 1]], [62, 2], [68, 1], [74, 1], [101, 4]]",[0.00020713732552083333]
layer_11,46,"[[31, [1, 2, 1, 1, 2]], [33, [1, 8, 1, 1, 4]], [35, [32, 3, 3]], [62, 2], [68, 1], [74, 0], [101, 4]]",[0.0003865943446601942]
layer_11,47,"[[31, [2, 2, 1, 1, 1]], [33, [4, 4, 1, 1, 2]], [35, [36, 4, 2]], [62, 0], [68, 0], [74, 0], [101, 3]]",[0.00031386870333988213]
layer_11,48,"[[31, [2, 1, 1, 2, 1]], [33, [16, 2, 1, 1, 1]], [35, [36, 4, 2]], [62, 0], [68, 2], [74, 2], [101, 1]]",[0.00043359506756756753]
layer_11,49,"[[31, [1, 2, 2, 1, 1]], [33, [2, 4, 2, 1, 2]], [35, [32, 3, 3]], [62, 1], [68, 1], [74, 1], [101, 3]]",[3.337503117888029e-05]
layer_11,50,"[[31, [2, 1, 2, 1, 1]], [33, [16, 2, 1, 1, 1]], [35, [36, 8, 1]], [62, 2], [68, 2], [74, 1], [101, 1]]",[0.0001642144973876698]
layer_11,51,"[[31, [2, 1, 1, 1, 2]], [33, [4, 8, 1, 1, 1]], [35, [24, 6, 2]], [62, 2], [68, 2], [74, 3], [101, 2]]",[10000000000]
layer_11,52,"[[31, [2, 1, 1, 1, 2]], [33, [1, 32, 1, 1, 1]], [35, [16, 9, 2]], [62, 0], [68, 2], [74, 0], [101, 4]]",[0.00016333855670103094]
layer_11,53,"[[31, [1, 1, 1, 2, 2]], [33, [1, 8, 2, 1, 2]], [35, [72, 2, 2]], [62, 1], [68, 3], [74, 1], [101, 4]]",[0.00013155780585774056]
layer_11,54,"[[31, [1, 2, 1, 1, 2]], [33, [1, 4, 8, 1, 1]], [35, [48, 6, 1]], [62, 1], [68, 3], [74, 1], [101, 3]]",[0.00010408626892430278]
layer_11,55,"[[31, [1, 2, 1, 2, 1]], [33, [2, 1, 2, 4, 2]], [35, [72, 1, 4]], [62, 1], [68, 3], [74, 3], [101, 0]]",[0.0001312757343358396]
layer_11,56,"[[31, [2, 1, 1, 1, 2]], [33, [2, 4, 4, 1, 1]], [35, [144, 2, 1]], [62, 1], [68, 2], [74, 2], [101, 4]]",[0.0001293571502074689]
layer_11,57,"[[31, [2, 1, 2, 1, 1]], [33, [8, 4, 1, 1, 1]], [35, [288, 1, 1]], [62, 0], [68, 3], [74, 2], [101, 1]]",[0.00029201114128440367]
layer_11,58,"[[31, [2, 2, 1, 1, 1]], [33, [1, 2, 2, 2, 4]], [35, [144, 2, 1]], [62, 0], [68, 3], [74, 1], [101, 0]]",[0.0010208444387755102]
layer_11,59,"[[31, [1, 1, 4, 1, 1]], [33, [4, 1, 2, 4, 1]], [35, [72, 2, 2]], [62, 0], [68, 0], [74, 3], [101, 4]]",[9.156072088835534e-05]
layer_11,60,"[[31, [1, 2, 2, 1, 1]], [33, [1, 1, 16, 1, 2]], [35, [144, 2, 1]], [62, 1], [68, 2], [74, 3], [101, 0]]",[10000000000]
layer_11,61,"[[31, [1, 2, 1, 1, 2]], [33, [4, 4, 2, 1, 1]], [35, [96, 3, 1]], [62, 1], [68, 1], [74, 0], [101, 1]]",[0.0003506426980306346]
layer_11,62,"[[31, [1, 1, 1, 1, 4]], [33, [2, 16, 1, 1, 1]], [35, [32, 9, 1]], [62, 1], [68, 2], [74, 2], [101, 4]]",[0.00019517914126394054]
layer_11,63,"[[31, [2, 1, 1, 1, 2]], [33, [2, 16, 1, 1, 1]], [35, [16, 18, 1]], [62, 0], [68, 0], [74, 0], [101, 4]]",[8.280735513024987e-05]
layer_11,64,"[[31, [2, 1, 2, 1, 1]], [33, [2, 2, 4, 1, 2]], [35, [96, 1, 3]], [62, 0], [68, 3], [74, 2], [101, 3]]",[0.00015393560165975106]
layer_11,65,"[[31, [1, 2, 1, 1, 2]], [33, [1, 1, 16, 1, 2]], [35, [288, 1, 1]], [62, 2], [68, 0], [74, 3], [101, 1]]",[10000000000]
layer_11,66,"[[31, [1, 2, 2, 1, 1]], [33, [2, 16, 1, 1, 1]], [35, [72, 1, 4]], [62, 2], [68, 0], [74, 2], [101, 1]]",[0.00023797239520958086]
layer_11,67,"[[31, [2, 2, 1, 1, 1]], [33, [2, 2, 4, 1, 2]], [35, [96, 1, 3]], [62, 0], [68, 0], [74, 3], [101, 3]]",[10000000000]
layer_11,68,"[[31, [4, 1, 1, 1, 1]], [33, [2, 1, 4, 4, 1]], [35, [144, 1, 2]], [62, 1], [68, 1], [74, 0], [101, 0]]",[0.00021624905027173915]
layer_11,69,"[[31, [2, 1, 1, 2, 1]], [33, [16, 2, 1, 1, 1]], [35, [36, 4, 2]], [62, 2], [68, 0], [74, 2], [101, 1]]",[0.0005892163479853479]
layer_11,70,"[[31, [2, 2, 1, 1, 1]], [33, [16, 1, 1, 2, 1]], [35, [12, 24, 1]], [62, 0], [68, 3], [74, 0], [101, 3]]",[0.00023244650292397658]
layer_11,71,"[[31, [2, 2, 1, 1, 1]], [33, [1, 1, 16, 1, 2]], [35, [288, 1, 1]], [62, 2], [68, 1], [74, 3], [101, 1]]",[10000000000]
layer_11,72,"[[31, [1, 1, 2, 2, 1]], [33, [8, 1, 1, 4, 1]], [35, [72, 4, 1]], [62, 0], [68, 0], [74, 2], [101, 0]]",[0.00013650283694709452]
layer_11,73,"[[31, [2, 1, 2, 1, 1]], [33, [8, 4, 1, 1, 1]], [35, [288, 1, 1]], [62, 2], [68, 3], [74, 2], [101, 1]]",[0.00029207480733944955]
layer_11,74,"[[31, [2, 2, 1, 1, 1]], [33, [4, 2, 1, 2, 2]], [35, [16, 9, 2]], [62, 2], [68, 0], [74, 0], [101, 1]]",[0.0007805650483091787]
layer_11,75,"[[31, [4, 1, 1, 1, 1]], [33, [1, 1, 4, 8, 1]], [35, [144, 1, 2]], [62, 1], [68, 2], [74, 3], [101, 0]]",[10000000000]
layer_11,76,"[[31, [2, 1, 2, 1, 1]], [33, [1, 16, 2, 1, 1]], [35, [72, 2, 2]], [62, 2], [68, 1], [74, 3], [101, 2]]",[0.00012263965791567223]
layer_11,77,"[[31, [1, 1, 2, 1, 2]], [33, [4, 4, 1, 1, 2]], [35, [288, 1, 1]], [62, 1], [68, 0], [74, 2], [101, 3]]",[0.00019011000119617227]
layer_11,78,"[[31, [1, 1, 1, 1, 4]], [33, [2, 8, 1, 1, 2]], [35, [32, 9, 1]], [62, 2], [68, 2], [74, 0], [101, 4]]",[0.00037498785011709604]
layer_11,79,"[[31, [2, 1, 1, 2, 1]], [33, [4, 4, 2, 1, 1]], [35, [36, 8, 1]], [62, 0], [68, 0], [74, 3], [101, 1]]",[0.0002335356301775148]
layer_11,80,"[[31, [2, 1, 1, 1, 2]], [33, [1, 16, 2, 1, 1]], [35, [24, 6, 2]], [62, 0], [68, 0], [74, 2], [101, 2]]",[0.0003226819495967742]
layer_11,81,"[[31, [2, 1, 1, 1, 2]], [33, [2, 2, 2, 4, 1]], [35, [48, 6, 1]], [62, 0], [68, 2], [74, 0], [101, 0]]",[0.0007839444]
layer_11,82,"[[31, [1, 2, 2, 1, 1]], [33, [16, 1, 2, 1, 1]], [35, [144, 2, 1]], [62, 3], [68, 3], [74, 3], [101, 0]]",[10000000000]
layer_11,83,"[[31, [1, 1, 4, 1, 1]], [33, [1, 8, 1, 4, 1]], [35, [72, 4, 1]], [62, 0], [68, 1], [74, 2], [101, 0]]",[0.00013276911789652246]
layer_11,84,"[[31, [1, 1, 1, 4, 1]], [33, [2, 4, 1, 1, 4]], [35, [48, 6, 1]], [62, 0], [68, 3], [74, 3], [101, 4]]",[10000000000]
layer_11,85,"[[31, [4, 1, 1, 1, 1]], [33, [8, 4, 1, 1, 1]], [35, [144, 1, 2]], [62, 1], [68, 3], [74, 1], [101, 1]]",[6.47890605670103e-05]
layer_11,86,"[[31, [1, 2, 1, 1, 2]], [33, [1, 4, 8, 1, 1]], [35, [48, 6, 1]], [62, 1], [68, 0], [74, 1], [101, 3]]",[6.984661123906034e-05]
layer_11,87,"[[31, [2, 1, 1, 2, 1]], [33, [1, 16, 2, 1, 1]], [35, [24, 6, 2]], [62, 2], [68, 0], [74, 2], [101, 2]]",[0.00032265038508064517]
layer_11,88,"[[31, [1, 1, 2, 2, 1]], [33, [1, 4, 2, 4, 1]], [35, [48, 6, 1]], [62, 3], [68, 2], [74, 2], [101, 4]]",[0.00034236020043103445]
layer_11,89,"[[31, [2, 1, 1, 2, 1]], [33, [4, 4, 2, 1, 1]], [35, [36, 4, 2]], [62, 1], [68, 0], [74, 2], [101, 1]]",[0.00023282241116005873]
layer_11,90,"[[31, [4, 1, 1, 1, 1]], [33, [8, 1, 1, 4, 1]], [35, [72, 4, 1]], [62, 0], [68, 0], [74, 3], [101, 4]]",[0.00025396996172248804]
layer_11,91,"[[31, [2, 2, 1, 1, 1]], [33, [16, 2, 1, 1, 1]], [35, [36, 2, 4]], [62, 1], [68, 2], [74, 0], [101, 2]]",[0.00023991671987951807]
layer_11,92,"[[31, [4, 1, 1, 1, 1]], [33, [2, 1, 2, 8, 1]], [35, [144, 2, 1]], [62, 0], [68, 1], [74, 3], [101, 1]]",[10000000000]
layer_11,93,"[[31, [1, 2, 2, 1, 1]], [33, [2, 1, 2, 8, 1]], [35, [144, 2, 1]], [62, 1], [68, 2], [74, 3], [101, 0]]",[10000000000]
layer_11,94,"[[31, [1, 2, 2, 1, 1]], [33, [4, 1, 2, 2, 2]], [35, [48, 6, 1]], [62, 3], [68, 0], [74, 2], [101, 3]]",[0.0003193313035714286]
layer_11,95,"[[31, [4, 1, 1, 1, 1]], [33, [1, 8, 1, 1, 4]], [35, [144, 1, 2]], [62, 1], [68, 2], [74, 2], [101, 4]]",[0.00013910428877005347]
layer_11,96,"[[31, [1, 1, 1, 4, 1]], [33, [16, 2, 1, 1, 1]], [35, [72, 4, 1]], [62, 0], [68, 3], [74, 0], [101, 3]]",[0.00013216449872988992]
layer_11,97,"[[31, [2, 1, 2, 1, 1]], [33, [4, 8, 1, 1, 1]], [35, [48, 6, 1]], [62, 2], [68, 3], [74, 1], [101, 0]]",[0.0003355592217573222]
layer_11,98,"[[31, [4, 1, 1, 1, 1]], [33, [4, 1, 4, 2, 1]], [35, [144, 2, 1]], [62, 1], [68, 0], [74, 0], [101, 0]]",[9.694350658307209e-05]
layer_11,99,"[[31, [2, 2, 1, 1, 1]], [33, [4, 2, 1, 4, 1]], [35, [16, 9, 2]], [62, 2], [68, 3], [74, 1], [101, 1]]",[0.00039668624999999997]
layer_11,100,"[[31, [2, 1, 1, 1, 2]], [33, [2, 4, 1, 4, 1]], [35, [48, 2, 3]], [62, 2], [68, 1], [74, 0], [101, 0]]",[0.0010618677631578947]
layer_11,101,"[[31, [4, 1, 1, 1, 1]], [33, [2, 4, 4, 1, 1]], [35, [144, 1, 2]], [62, 1], [68, 2], [74, 1], [101, 4]]",[0.00020729720572916664]
layer_11,102,"[[31, [2, 2, 1, 1, 1]], [33, [1, 1, 16, 1, 2]], [35, [288, 1, 1]], [62, 2], [68, 0], [74, 3], [101, 2]]",[10000000000]
layer_11,103,"[[31, [1, 2, 2, 1, 1]], [33, [8, 1, 1, 4, 1]], [35, [36, 4, 2]], [62, 2], [68, 0], [74, 0], [101, 3]]",[0.00013116038423236515]
layer_11,104,"[[31, [1, 2, 2, 1, 1]], [33, [2, 8, 2, 1, 1]], [35, [144, 1, 2]], [62, 0], [68, 3], [74, 2], [101, 4]]",[0.0001844106006984866]
layer_11,105,"[[31, [2, 1, 1, 2, 1]], [33, [4, 4, 2, 1, 1]], [35, [36, 4, 2]], [62, 1], [68, 0], [74, 3], [101, 1]]",[0.00023245580555555557]
layer_11,106,"[[31, [1, 1, 4, 1, 1]], [33, [8, 1, 1, 4, 1]], [35, [72, 4, 1]], [62, 1], [68, 0], [74, 0], [101, 0]]",[0.00026624823578595317]
layer_11,107,"[[31, [1, 1, 1, 4, 1]], [33, [1, 32, 1, 1, 1]], [35, [288, 1, 1]], [62, 2], [68, 1], [74, 1], [101, 1]]",[0.0005889837802197802]
layer_11,108,"[[31, [1, 1, 1, 1, 4]], [33, [2, 4, 4, 1, 1]], [35, [144, 2, 1]], [62, 1], [68, 0], [74, 2], [101, 4]]",[0.00016345852697095435]
layer_11,109,"[[31, [2, 1, 1, 2, 1]], [33, [1, 2, 1, 16, 1]], [35, [96, 1, 3]], [62, 0], [68, 2], [74, 1], [101, 0]]",[0.0024933650243902437]
layer_11,110,"[[31, [1, 1, 1, 1, 4]], [33, [8, 2, 1, 2, 1]], [35, [96, 1, 3]], [62, 2], [68, 2], [74, 2], [101, 4]]",[0.0001568551068931069]
layer_11,111,"[[31, [4, 1, 1, 1, 1]], [33, [2, 8, 1, 1, 2]], [35, [12, 12, 2]], [62, 1], [68, 2], [74, 0], [101, 1]]",[0.0005110839744408946]
layer_11,112,"[[31, [1, 2, 1, 1, 2]], [33, [4, 2, 2, 1, 2]], [35, [24, 3, 4]], [62, 1], [68, 1], [74, 0], [101, 1]]",[0.000512726268370607]
layer_11,113,"[[31, [1, 2, 1, 1, 2]], [33, [16, 1, 2, 1, 1]], [35, [144, 2, 1]], [62, 2], [68, 2], [74, 0], [101, 0]]",[0.0001995897267002519]
layer_11,114,"[[31, [4, 1, 1, 1, 1]], [33, [2, 1, 2, 8, 1]], [35, [288, 1, 1]], [62, 1], [68, 0], [74, 3], [101, 0]]",[10000000000]
layer_11,115,"[[31, [2, 1, 2, 1, 1]], [33, [4, 2, 1, 1, 4]], [35, [36, 8, 1]], [62, 2], [68, 0], [74, 1], [101, 1]]",[0.0003803193127962086]
layer_11,116,"[[31, [1, 2, 1, 1, 2]], [33, [1, 1, 16, 1, 2]], [35, [288, 1, 1]], [62, 2], [68, 3], [74, 3], [101, 1]]",[10000000000]
layer_11,117,"[[31, [2, 1, 1, 2, 1]], [33, [2, 4, 2, 2, 1]], [35, [144, 1, 2]], [62, 0], [68, 1], [74, 2], [101, 0]]",[0.00024173091793313072]
layer_11,118,"[[31, [2, 1, 2, 1, 1]], [33, [1, 8, 1, 4, 1]], [35, [96, 3, 1]], [62, 2], [68, 1], [74, 1], [101, 4]]",[0.0001716965621621622]
layer_11,119,"[[31, [1, 2, 1, 1, 2]], [33, [1, 8, 4, 1, 1]], [35, [144, 2, 1]], [62, 2], [68, 1], [74, 0], [101, 0]]",[0.00023978410240963854]
layer_11,120,"[[31, [1, 2, 1, 1, 2]], [33, [1, 1, 8, 1, 4]], [35, [288, 1, 1]], [62, 1], [68, 0], [74, 3], [101, 1]]",[10000000000]
layer_11,121,"[[31, [1, 1, 1, 1, 4]], [33, [1, 1, 1, 8, 4]], [35, [144, 1, 2]], [62, 0], [68, 3], [74, 1], [101, 4]]",[0.003182528]
layer_11,122,"[[31, [1, 1, 1, 1, 4]], [33, [1, 2, 1, 8, 2]], [35, [96, 3, 1]], [62, 2], [68, 1], [74, 2], [101, 2]]",[0.002754639486486486]
layer_11,123,"[[31, [2, 2, 1, 1, 1]], [33, [2, 2, 4, 1, 2]], [35, [288, 1, 1]], [62, 0], [68, 2], [74, 1], [101, 3]]",[0.00024986409493670886]
layer_11,124,"[[31, [1, 1, 1, 4, 1]], [33, [8, 4, 1, 1, 1]], [35, [32, 9, 1]], [62, 1], [68, 3], [74, 0], [101, 1]]",[0.0010994855384615385]
layer_11,125,"[[31, [1, 2, 1, 1, 2]], [33, [32, 1, 1, 1, 1]], [35, [18, 8, 2]], [62, 1], [68, 2], [74, 1], [101, 0]]",[0.000563481235915493]
layer_11,126,"[[31, [1, 2, 1, 1, 2]], [33, [1, 8, 1, 4, 1]], [35, [32, 3, 3]], [62, 2], [68, 1], [74, 3], [101, 1]]",[0.0006190788846153846]
layer_11,127,"[[31, [2, 1, 2, 1, 1]], [33, [2, 4, 1, 1, 4]], [35, [24, 6, 2]], [62, 3], [68, 2], [74, 3], [101, 2]]",[10000000000]
layer_11,128,"[[31, [1, 2, 2, 1, 1]], [33, [2, 4, 2, 1, 2]], [35, [32, 9, 1]], [62, 1], [68, 2], [74, 1], [101, 3]]",[4.297067345078979e-05]
layer_11,129,"[[31, [1, 2, 2, 1, 1]], [33, [2, 4, 2, 1, 2]], [35, [32, 9, 1]], [62, 1], [68, 1], [74, 1], [101, 3]]",[3.33869010989011e-05]
layer_11,130,"[[31, [1, 2, 2, 1, 1]], [33, [2, 4, 2, 1, 2]], [35, [32, 3, 3]], [62, 1], [68, 2], [74, 1], [101, 3]]",[4.107406377053745e-05]
layer_11,131,"[[31, [1, 2, 2, 1, 1]], [33, [2, 4, 2, 1, 2]], [35, [32, 3, 3]], [62, 1], [68, 1], [74, 2], [101, 3]]",[3.413134583934584e-05]
layer_11,132,"[[31, [1, 2, 2, 1, 1]], [33, [2, 4, 2, 1, 2]], [35, [32, 3, 3]], [62, 1], [68, 2], [74, 3], [101, 4]]",[4.523795872715816e-05]
layer_11,133,"[[31, [1, 2, 2, 1, 1]], [33, [2, 4, 2, 1, 2]], [35, [32, 3, 3]], [62, 1], [68, 2], [74, 3], [101, 3]]",[4.5238902490887e-05]
layer_11,134,"[[31, [1, 2, 2, 1, 1]], [33, [2, 4, 2, 2, 1]], [35, [32, 3, 3]], [62, 1], [68, 2], [74, 1], [101, 3]]",[4.107432029478458e-05]
layer_11,135,"[[31, [1, 2, 2, 1, 1]], [33, [2, 4, 2, 1, 2]], [35, [32, 9, 1]], [62, 1], [68, 1], [74, 3], [101, 3]]",[4.323765318262939e-05]
layer_11,136,"[[31, [1, 2, 2, 1, 1]], [33, [2, 4, 2, 1, 2]], [35, [32, 3, 3]], [62, 1], [68, 1], [74, 3], [101, 3]]",[4.329703378968832e-05]
layer_11,137,"[[31, [1, 2, 2, 1, 1]], [33, [2, 4, 2, 1, 2]], [35, [32, 9, 1]], [62, 1], [68, 2], [74, 3], [101, 3]]",[4.534061543134872e-05]
layer_11,138,"[[31, [1, 2, 2, 1, 1]], [33, [2, 4, 2, 1, 2]], [35, [32, 3, 3]], [62, 1], [68, 2], [74, 1], [101, 4]]",[4.107547034252298e-05]
layer_11,139,"[[31, [1, 2, 2, 1, 1]], [33, [2, 4, 2, 2, 1]], [35, [32, 3, 3]], [62, 1], [68, 1], [74, 1], [101, 3]]",[3.342335207652823e-05]
layer_11,140,"[[31, [1, 2, 2, 1, 1]], [33, [2, 4, 2, 1, 2]], [35, [32, 3, 3]], [62, 1], [68, 3], [74, 3], [101, 3]]",[4.097568955732122e-05]
layer_11,141,"[[31, [1, 2, 2, 1, 1]], [33, [2, 4, 2, 1, 2]], [35, [32, 3, 3]], [62, 1], [68, 3], [74, 2], [101, 3]]",[4.160524772209567e-05]
layer_11,142,"[[31, [1, 2, 2, 1, 1]], [33, [2, 4, 2, 1, 2]], [35, [32, 3, 3]], [62, 1], [68, 3], [74, 1], [101, 3]]",[4.359720514319112e-05]
layer_11,143,"[[31, [1, 2, 2, 1, 1]], [33, [2, 4, 2, 2, 1]], [35, [32, 3, 3]], [62, 1], [68, 2], [74, 0], [101, 3]]",[4.8861229173419776e-05]
layer_11,144,"[[31, [1, 2, 2, 1, 1]], [33, [2, 4, 2, 1, 2]], [35, [32, 9, 1]], [62, 1], [68, 1], [74, 0], [101, 3]]",[4.571668320146074e-05]
layer_11,145,"[[31, [1, 2, 2, 1, 1]], [33, [2, 4, 2, 1, 2]], [35, [32, 9, 1]], [62, 1], [68, 2], [74, 0], [101, 3]]",[4.8018852485474505e-05]
layer_11,146,"[[31, [1, 2, 2, 1, 1]], [33, [2, 4, 2, 2, 1]], [35, [32, 3, 3]], [62, 1], [68, 1], [74, 0], [101, 3]]",[4.361384149253732e-05]
layer_11,147,"[[31, [1, 2, 2, 1, 1]], [33, [2, 4, 2, 1, 2]], [35, [32, 3, 3]], [62, 1], [68, 2], [74, 0], [101, 3]]",[4.8859142997704174e-05]
layer_11,148,"[[31, [1, 2, 2, 1, 1]], [33, [2, 4, 2, 1, 2]], [35, [32, 3, 3]], [62, 1], [68, 1], [74, 0], [101, 3]]",[4.361195545851528e-05]
layer_11,149,"[[31, [1, 2, 2, 1, 1]], [33, [2, 4, 2, 1, 2]], [35, [32, 3, 3]], [62, 1], [68, 3], [74, 0], [101, 3]]",[5.725362348484848e-05]
layer_11,150,"[[31, [1, 2, 2, 1, 1]], [33, [2, 4, 2, 1, 2]], [35, [32, 3, 3]], [62, 2], [68, 1], [74, 3], [101, 3]]",[4.32158680514921e-05]
layer_11,151,"[[31, [1, 2, 2, 1, 1]], [33, [2, 4, 2, 1, 2]], [35, [32, 3, 3]], [62, 2], [68, 1], [74, 1], [101, 3]]",[3.390709211126311e-05]
layer_11,152,"[[31, [1, 2, 2, 1, 1]], [33, [2, 4, 2, 2, 1]], [35, [32, 3, 3]], [62, 2], [68, 1], [74, 3], [101, 3]]",[4.298710119220703e-05]
layer_11,153,"[[31, [1, 2, 2, 1, 1]], [33, [2, 4, 2, 1, 2]], [35, [32, 3, 3]], [62, 2], [68, 2], [74, 1], [101, 3]]",[4.139657616262879e-05]
layer_11,154,"[[31, [1, 2, 2, 1, 1]], [33, [2, 4, 2, 1, 2]], [35, [32, 3, 3]], [62, 2], [68, 2], [74, 2], [101, 3]]",[3.841446626768226e-05]
layer_11,155,"[[31, [1, 2, 2, 1, 1]], [33, [2, 4, 2, 2, 1]], [35, [32, 3, 3]], [62, 2], [68, 2], [74, 1], [101, 3]]",[4.139765062642369e-05]
layer_11,156,"[[31, [1, 2, 2, 1, 1]], [33, [2, 4, 2, 1, 2]], [35, [32, 3, 3]], [62, 2], [68, 1], [74, 0], [101, 3]]",[4.486929060083285e-05]
layer_11,157,"[[31, [1, 2, 2, 1, 1]], [33, [2, 4, 2, 2, 1]], [35, [32, 3, 3]], [62, 2], [68, 1], [74, 0], [101, 3]]",[4.48715422235723e-05]
layer_11,158,"[[31, [1, 2, 2, 1, 1]], [33, [2, 4, 4, 1, 1]], [35, [32, 9, 1]], [62, 1], [68, 1], [74, 1], [101, 3]]",[3.4053857543204104e-05]
layer_11,159,"[[31, [1, 2, 2, 1, 1]], [33, [2, 4, 2, 1, 2]], [35, [32, 3, 3]], [62, 1], [68, 0], [74, 1], [101, 3]]",[3.039413447483817e-05]
layer_11,160,"[[31, [1, 2, 2, 1, 1]], [33, [2, 4, 2, 1, 2]], [35, [32, 3, 3]], [62, 1], [68, 0], [74, 3], [101, 3]]",[3.9691741655359566e-05]
layer_11,161,"[[31, [1, 2, 2, 1, 1]], [33, [2, 4, 2, 1, 2]], [35, [32, 3, 3]], [62, 1], [68, 1], [74, 3], [101, 1]]",[0.00015432181176470584]
layer_11,162,"[[31, [1, 2, 2, 1, 1]], [33, [2, 4, 2, 2, 1]], [35, [32, 3, 3]], [62, 1], [68, 1], [74, 1], [101, 1]]",[0.00018752959215219978]
layer_11,163,"[[31, [1, 2, 2, 1, 1]], [33, [2, 4, 2, 2, 1]], [35, [32, 3, 3]], [62, 1], [68, 2], [74, 1], [101, 2]]",[4.1072066555277087e-05]
layer_11,164,"[[31, [1, 2, 2, 1, 1]], [33, [2, 4, 2, 1, 2]], [35, [32, 3, 3]], [62, 1], [68, 1], [74, 1], [101, 2]]",[3.338650489861016e-05]
layer_11,165,"[[31, [1, 2, 2, 1, 1]], [33, [2, 4, 2, 1, 2]], [35, [32, 3, 3]], [62, 1], [68, 1], [74, 3], [101, 2]]",[4.330000728226041e-05]
layer_11,166,"[[31, [1, 2, 2, 1, 1]], [33, [2, 4, 2, 1, 2]], [35, [32, 3, 3]], [62, 1], [68, 2], [74, 3], [101, 2]]",[4.523935930993457e-05]
layer_11,167,"[[31, [1, 2, 2, 1, 1]], [33, [2, 4, 2, 1, 2]], [35, [32, 3, 3]], [62, 1], [68, 1], [74, 0], [101, 2]]",[8.864273477518496e-05]
layer_11,168,"[[31, [1, 2, 2, 1, 1]], [33, [2, 4, 2, 1, 2]], [35, [32, 3, 3]], [62, 1], [68, 1], [74, 3], [101, 0]]",[0.00015566120436507938]
layer_11,169,"[[31, [1, 2, 2, 1, 1]], [33, [2, 4, 2, 1, 2]], [35, [32, 3, 3]], [62, 1], [68, 2], [74, 3], [101, 0]]",[0.00016151022606924643]
layer_11,170,"[[31, [1, 2, 2, 1, 1]], [33, [2, 4, 2, 1, 2]], [35, [32, 9, 1]], [62, 1], [68, 2], [74, 1], [101, 0]]",[0.00018877275624256838]
layer_11,171,"[[31, [1, 2, 2, 1, 1]], [33, [2, 4, 2, 1, 2]], [35, [32, 3, 3]], [62, 1], [68, 1], [74, 1], [101, 0]]",[0.0001739977667766777]
layer_11,172,"[[31, [1, 2, 2, 1, 1]], [33, [2, 4, 2, 2, 1]], [35, [32, 3, 3]], [62, 1], [68, 2], [74, 1], [101, 0]]",[0.00018026056566820278]
layer_11,173,"[[31, [1, 2, 2, 1, 1]], [33, [2, 4, 2, 1, 2]], [35, [32, 3, 3]], [62, 1], [68, 1], [74, 2], [101, 0]]",[0.0001577001041041041]
layer_11,174,"[[31, [1, 2, 2, 1, 1]], [33, [2, 4, 2, 2, 1]], [35, [32, 3, 3]], [62, 1], [68, 2], [74, 2], [101, 0]]",[0.00016420563796680496]
layer_11,175,"[[31, [1, 2, 2, 1, 1]], [33, [2, 4, 2, 1, 2]], [35, [32, 3, 3]], [62, 1], [68, 2], [74, 2], [101, 0]]",[0.00016418642577319586]
layer_11,176,"[[31, [1, 2, 2, 1, 1]], [33, [2, 4, 2, 1, 2]], [35, [32, 3, 3]], [62, 1], [68, 1], [74, 0], [101, 0]]",[0.00022820810616929697]
layer_11,177,"[[31, [1, 2, 2, 1, 1]], [33, [2, 4, 2, 1, 2]], [35, [32, 3, 3]], [62, 1], [68, 2], [74, 0], [101, 0]]",[0.0002306849376811594]
layer_11,178,"[[31, [1, 2, 2, 1, 1]], [33, [2, 4, 2, 1, 2]], [35, [32, 9, 1]], [62, 1], [68, 2], [74, 0], [101, 0]]",[0.0003053904217557252]
layer_11,179,"[[31, [1, 2, 2, 1, 1]], [33, [2, 4, 2, 1, 2]], [35, [32, 3, 3]], [62, 1], [68, 3], [74, 0], [101, 0]]",[0.0002794587355516638]
layer_11,180,"[[31, [1, 2, 2, 1, 1]], [33, [2, 4, 2, 1, 2]], [35, [32, 3, 3]], [62, 0], [68, 2], [74, 2], [101, 3]]",[3.879988493223492e-05]
layer_11,181,"[[31, [1, 2, 2, 1, 1]], [33, [2, 4, 2, 1, 2]], [35, [32, 3, 3]], [62, 0], [68, 1], [74, 1], [101, 3]]",[3.430292226644814e-05]
layer_11,182,"[[31, [1, 2, 2, 1, 1]], [33, [2, 4, 2, 1, 2]], [35, [32, 3, 3]], [62, 0], [68, 2], [74, 3], [101, 3]]",[4.549210024301337e-05]
layer_11,183,"[[31, [1, 2, 2, 1, 1]], [33, [2, 4, 2, 2, 1]], [35, [32, 3, 3]], [62, 0], [68, 2], [74, 1], [101, 3]]",[4.178893963553531e-05]
layer_11,184,"[[31, [1, 2, 2, 1, 1]], [33, [2, 4, 2, 1, 2]], [35, [32, 3, 3]], [62, 0], [68, 1], [74, 3], [101, 3]]",[4.349138845925045e-05]
layer_11,185,"[[31, [1, 2, 2, 1, 1]], [33, [2, 4, 2, 2, 1]], [35, [32, 3, 3]], [62, 0], [68, 1], [74, 1], [101, 3]]",[3.4311632996633e-05]
layer_11,186,"[[31, [1, 2, 2, 1, 1]], [33, [2, 4, 2, 1, 2]], [35, [32, 3, 3]], [62, 0], [68, 2], [74, 1], [101, 3]]",[4.185796017822334e-05]
layer_11,187,"[[31, [1, 2, 2, 1, 1]], [33, [2, 4, 2, 1, 2]], [35, [32, 3, 3]], [62, 0], [68, 1], [74, 2], [101, 3]]",[3.4428090142823696e-05]
layer_11,188,"[[31, [1, 2, 2, 1, 1]], [33, [2, 4, 2, 1, 2]], [35, [32, 3, 3]], [62, 0], [68, 1], [74, 3], [101, 4]]",[4.3589895778748174e-05]
layer_11,189,"[[31, [1, 1, 1, 2, 2]], [33, [1, 8, 2, 2, 1]], [35, [32, 9, 1]], [62, 1], [68, 0], [74, 3], [101, 2]]",[0.0005431662871621622]
layer_11,190,"[[31, [1, 1, 2, 1, 2]], [33, [4, 2, 2, 1, 2]], [35, [32, 3, 3]], [62, 2], [68, 3], [74, 2], [101, 2]]",[0.00029159707299270074]
layer_11,191,"[[31, [1, 1, 1, 1, 4]], [33, [1, 4, 2, 4, 1]], [35, [144, 1, 2]], [62, 2], [68, 0], [74, 2], [101, 1]]",[0.0003805647333333333]
layer_11,192,"[[31, [1, 2, 2, 1, 1]], [33, [2, 4, 4, 1, 1]], [35, [32, 3, 3]], [62, 1], [68, 0], [74, 1], [101, 3]]",[3.2448831409331414e-05]
layer_11,193,"[[31, [1, 2, 2, 1, 1]], [33, [2, 4, 4, 1, 1]], [35, [32, 9, 1]], [62, 1], [68, 0], [74, 1], [101, 3]]",[2.8558886615159745e-05]
layer_11,194,"[[31, [1, 2, 2, 1, 1]], [33, [2, 4, 2, 1, 2]], [35, [32, 9, 1]], [62, 1], [68, 0], [74, 1], [101, 3]]",[2.9955459800664445e-05]
layer_11,195,"[[31, [1, 2, 2, 1, 1]], [33, [2, 4, 2, 2, 1]], [35, [32, 3, 3]], [62, 1], [68, 0], [74, 1], [101, 3]]",[3.039627249947797e-05]
layer_11,196,"[[31, [1, 2, 2, 1, 1]], [33, [2, 4, 2, 1, 2]], [35, [32, 3, 3]], [62, 1], [68, 0], [74, 2], [101, 3]]",[3.4297841991341985e-05]
layer_11,197,"[[31, [1, 2, 2, 1, 1]], [33, [2, 4, 2, 2, 1]], [35, [32, 3, 3]], [62, 1], [68, 0], [74, 2], [101, 3]]",[3.42972025286818e-05]
layer_11,198,"[[31, [1, 2, 2, 1, 1]], [33, [2, 4, 2, 1, 2]], [35, [32, 9, 1]], [62, 0], [68, 0], [74, 1], [101, 3]]",[3.142602857142857e-05]
layer_11,199,"[[31, [1, 2, 2, 1, 1]], [33, [2, 4, 2, 1, 2]], [35, [32, 3, 3]], [62, 0], [68, 0], [74, 1], [101, 3]]",[3.1101797977624787e-05]
layer_11,200,"[[31, [1, 2, 2, 1, 1]], [33, [2, 4, 2, 2, 1]], [35, [32, 3, 3]], [62, 0], [68, 0], [74, 1], [101, 3]]",[3.109891703442189e-05]
layer_11,201,"[[31, [1, 2, 2, 1, 1]], [33, [2, 4, 2, 1, 2]], [35, [32, 9, 1]], [62, 0], [68, 0], [74, 2], [101, 3]]",[3.392074877077968e-05]
layer_11,202,"[[31, [1, 2, 2, 1, 1]], [33, [2, 4, 2, 1, 2]], [35, [32, 3, 3]], [62, 0], [68, 0], [74, 2], [101, 3]]",[3.4163856180856184e-05]
layer_11,203,"[[31, [1, 2, 2, 1, 1]], [33, [2, 4, 2, 1, 2]], [35, [32, 3, 3]], [62, 2], [68, 0], [74, 2], [101, 4]]",[3.3855776633107e-05]
layer_11,204,"[[31, [1, 2, 2, 1, 1]], [33, [2, 4, 2, 2, 1]], [35, [32, 3, 3]], [62, 2], [68, 0], [74, 2], [101, 4]]",[3.38577631947688e-05]
layer_11,205,"[[31, [1, 2, 2, 1, 1]], [33, [2, 4, 2, 1, 2]], [35, [32, 3, 3]], [62, 2], [68, 0], [74, 1], [101, 3]]",[5.187115507649513e-05]
layer_11,206,"[[31, [1, 2, 2, 1, 1]], [33, [2, 4, 2, 2, 1]], [35, [32, 3, 3]], [62, 2], [68, 0], [74, 1], [101, 3]]",[3.1391553488372097e-05]
layer_11,207,"[[31, [1, 2, 2, 1, 1]], [33, [2, 4, 2, 2, 1]], [35, [32, 9, 1]], [62, 2], [68, 0], [74, 1], [101, 3]]",[5.28654080113435e-05]
layer_11,208,"[[31, [1, 2, 2, 1, 1]], [33, [2, 4, 2, 2, 1]], [35, [32, 3, 3]], [62, 2], [68, 0], [74, 2], [101, 3]]",[3.3858652540388674e-05]
layer_11,209,"[[31, [1, 2, 2, 1, 1]], [33, [2, 4, 2, 1, 2]], [35, [32, 3, 3]], [62, 2], [68, 0], [74, 2], [101, 3]]",[3.385697354249591e-05]
layer_11,210,"[[31, [1, 2, 2, 1, 1]], [33, [2, 4, 2, 2, 1]], [35, [32, 9, 1]], [62, 2], [68, 0], [74, 2], [101, 3]]",[3.345633996722079e-05]
layer_11,211,"[[31, [1, 2, 2, 1, 1]], [33, [2, 4, 2, 2, 1]], [35, [32, 3, 3]], [62, 1], [68, 0], [74, 2], [101, 4]]",[3.42975962000962e-05]
layer_11,212,"[[31, [1, 2, 2, 1, 1]], [33, [2, 4, 2, 1, 2]], [35, [32, 3, 3]], [62, 1], [68, 0], [74, 2], [101, 4]]",[3.429829780409573e-05]
layer_11,213,"[[31, [1, 2, 2, 1, 1]], [33, [2, 4, 2, 2, 1]], [35, [32, 9, 1]], [62, 2], [68, 0], [74, 1], [101, 4]]",[5.28654080113435e-05]
layer_11,214,"[[31, [1, 2, 2, 1, 1]], [33, [2, 4, 4, 1, 1]], [35, [32, 9, 1]], [62, 1], [68, 0], [74, 1], [101, 2]]",[2.8579160576320736e-05]
layer_11,215,"[[31, [1, 2, 2, 1, 1]], [33, [2, 4, 2, 2, 1]], [35, [32, 3, 3]], [62, 1], [68, 0], [74, 1], [101, 4]]",[3.044208603304012e-05]
layer_11,216,"[[31, [1, 2, 2, 1, 1]], [33, [2, 4, 2, 1, 2]], [35, [32, 3, 3]], [62, 1], [68, 0], [74, 1], [101, 4]]",[3.044108713425129e-05]
layer_11,217,"[[31, [1, 2, 2, 1, 1]], [33, [2, 4, 4, 1, 1]], [35, [32, 9, 1]], [62, 3], [68, 1], [74, 1], [101, 3]]",[10000000000]
layer_11,218,"[[31, [1, 2, 2, 1, 1]], [33, [2, 4, 4, 1, 1]], [35, [32, 3, 3]], [62, 2], [68, 1], [74, 1], [101, 3]]",[3.4050457504097406e-05]
layer_11,219,"[[31, [1, 2, 2, 1, 1]], [33, [2, 4, 4, 1, 1]], [35, [32, 9, 1]], [62, 2], [68, 1], [74, 1], [101, 3]]",[3.4014255911964414e-05]
layer_11,220,"[[31, [1, 2, 2, 1, 1]], [33, [2, 4, 2, 2, 1]], [35, [32, 3, 3]], [62, 0], [68, 0], [74, 1], [101, 4]]",[3.114797054263566e-05]
layer_11,221,"[[31, [1, 2, 2, 1, 1]], [33, [2, 4, 2, 1, 2]], [35, [32, 3, 3]], [62, 1], [68, 0], [74, 1], [101, 2]]",[3.0441602631029438e-05]
layer_11,222,"[[31, [1, 2, 2, 1, 1]], [33, [2, 4, 2, 2, 1]], [35, [32, 3, 3]], [62, 1], [68, 0], [74, 1], [101, 2]]",[3.0441602631029438e-05]
layer_11,223,"[[31, [1, 2, 2, 1, 1]], [33, [2, 4, 2, 2, 1]], [35, [32, 9, 1]], [62, 1], [68, 0], [74, 1], [101, 2]]",[3.0011001461683027e-05]
layer_11,224,"[[31, [1, 2, 2, 1, 1]], [33, [2, 4, 2, 2, 1]], [35, [32, 3, 3]], [62, 0], [68, 0], [74, 1], [101, 2]]",[3.11480404475043e-05]
layer_11,225,"[[31, [1, 2, 2, 1, 1]], [33, [2, 4, 2, 2, 1]], [35, [32, 9, 1]], [62, 1], [68, 1], [74, 1], [101, 3]]",[3.343246912736386e-05]
layer_11,226,"[[31, [1, 2, 2, 1, 1]], [33, [2, 4, 2, 2, 1]], [35, [32, 3, 3]], [62, 1], [68, 1], [74, 2], [101, 3]]",[3.4204392199090695e-05]
layer_11,227,"[[31, [1, 2, 2, 1, 1]], [33, [2, 4, 2, 1, 2]], [35, [32, 9, 1]], [62, 1], [68, 1], [74, 2], [101, 3]]",[3.412668518518518e-05]
layer_11,228,"[[31, [1, 2, 2, 1, 1]], [33, [2, 4, 4, 1, 1]], [35, [32, 3, 3]], [62, 1], [68, 1], [74, 1], [101, 4]]",[3.414587941933973e-05]
layer_11,229,"[[31, [1, 2, 2, 1, 1]], [33, [2, 4, 2, 2, 1]], [35, [32, 9, 1]], [62, 0], [68, 1], [74, 1], [101, 3]]",[3.4343977827051e-05]
layer_11,230,"[[31, [1, 2, 2, 1, 1]], [33, [2, 4, 2, 1, 2]], [35, [32, 9, 1]], [62, 0], [68, 1], [74, 1], [101, 3]]",[3.433995598845599e-05]
layer_11,231,"[[31, [1, 2, 2, 1, 1]], [33, [2, 4, 2, 1, 2]], [35, [32, 9, 1]], [62, 0], [68, 1], [74, 2], [101, 3]]",[3.43350477639897e-05]
layer_11,232,"[[31, [1, 2, 2, 1, 1]], [33, [2, 4, 2, 2, 1]], [35, [32, 3, 3]], [62, 0], [68, 1], [74, 2], [101, 3]]",[3.4426157340201366e-05]
layer_11,233,"[[31, [1, 2, 2, 1, 1]], [33, [2, 4, 2, 2, 1]], [35, [32, 3, 3]], [62, 2], [68, 1], [74, 1], [101, 3]]",[3.396322738664844e-05]
layer_11,234,"[[31, [1, 2, 2, 1, 1]], [33, [2, 4, 2, 1, 2]], [35, [32, 9, 1]], [62, 2], [68, 1], [74, 1], [101, 3]]",[3.39598300163896e-05]
layer_11,235,"[[31, [1, 2, 2, 1, 1]], [33, [2, 4, 2, 1, 2]], [35, [32, 9, 1]], [62, 2], [68, 1], [74, 2], [101, 3]]",[3.38695271411339e-05]
layer_11,236,"[[31, [1, 2, 2, 1, 1]], [33, [2, 4, 2, 1, 2]], [35, [32, 3, 3]], [62, 2], [68, 1], [74, 2], [101, 3]]",[3.445924373682978e-05]
layer_11,237,"[[31, [1, 2, 2, 1, 1]], [33, [2, 4, 2, 2, 1]], [35, [32, 9, 1]], [62, 1], [68, 0], [74, 2], [101, 2]]",[3.439282814329197e-05]
layer_11,238,"[[31, [1, 2, 2, 1, 1]], [33, [2, 4, 2, 2, 1]], [35, [32, 3, 3]], [62, 1], [68, 0], [74, 2], [101, 2]]",[3.436236724386725e-05]
layer_11,239,"[[31, [1, 2, 2, 1, 1]], [33, [2, 4, 2, 1, 2]], [35, [32, 3, 3]], [62, 1], [68, 0], [74, 2], [101, 2]]",[3.436473284944978e-05]
layer_11,240,"[[31, [1, 2, 2, 1, 1]], [33, [2, 8, 2, 1, 1]], [35, [32, 3, 3]], [62, 2], [68, 1], [74, 1], [101, 3]]",[2.6077281703064783e-05]
layer_11,241,"[[31, [1, 2, 2, 1, 1]], [33, [2, 8, 2, 1, 1]], [35, [32, 9, 1]], [62, 2], [68, 1], [74, 1], [101, 3]]",[2.607664283018868e-05]
layer_11,242,"[[31, [1, 2, 2, 1, 1]], [33, [2, 4, 2, 1, 2]], [35, [32, 3, 3]], [62, 2], [68, 1], [74, 2], [101, 4]]",[3.4462376993716765e-05]
layer_11,243,"[[31, [1, 2, 2, 1, 1]], [33, [2, 4, 4, 1, 1]], [35, [32, 9, 1]], [62, 1], [68, 1], [74, 2], [101, 3]]",[3.1985477785372524e-05]
layer_11,244,"[[31, [1, 2, 2, 1, 1]], [33, [2, 4, 2, 1, 2]], [35, [32, 3, 3]], [62, 1], [68, 1], [74, 2], [101, 4]]",[3.420129294548786e-05]
layer_11,245,"[[31, [1, 2, 2, 1, 1]], [33, [2, 4, 4, 1, 1]], [35, [32, 9, 1]], [62, 2], [68, 3], [74, 1], [101, 3]]",[3.944890858357693e-05]
layer_11,246,"[[31, [1, 2, 2, 1, 1]], [33, [1, 8, 4, 1, 1]], [35, [32, 3, 3]], [62, 3], [68, 2], [74, 1], [101, 3]]",[10000000000]
layer_11,247,"[[31, [1, 2, 2, 1, 1]], [33, [2, 4, 2, 2, 1]], [35, [32, 3, 3]], [62, 2], [68, 1], [74, 1], [101, 4]]",[3.39631491453992e-05]
layer_11,248,"[[31, [1, 2, 2, 1, 1]], [33, [2, 4, 2, 1, 2]], [35, [32, 3, 3]], [62, 2], [68, 1], [74, 1], [101, 4]]",[3.396339545773824e-05]
layer_11,249,"[[31, [1, 2, 2, 1, 1]], [33, [2, 4, 2, 2, 1]], [35, [32, 9, 1]], [62, 1], [68, 1], [74, 1], [101, 2]]",[3.3430835042150834e-05]
layer_11,250,"[[31, [1, 2, 2, 1, 1]], [33, [2, 4, 2, 1, 2]], [35, [32, 9, 1]], [62, 1], [68, 1], [74, 1], [101, 2]]",[3.343380379302271e-05]
layer_11,251,"[[31, [1, 2, 2, 1, 1]], [33, [2, 4, 2, 1, 2]], [35, [32, 3, 3]], [62, 0], [68, 1], [74, 1], [101, 2]]",[3.43470974025974e-05]
layer_11,252,"[[31, [1, 2, 2, 1, 1]], [33, [2, 4, 4, 1, 1]], [35, [32, 9, 1]], [62, 1], [68, 3], [74, 1], [101, 3]]",[3.996925506396588e-05]
layer_11,253,"[[31, [1, 1, 1, 1, 4]], [33, [8, 1, 1, 4, 1]], [35, [36, 4, 2]], [62, 2], [68, 2], [74, 3], [101, 4]]",[0.00020307633844189016]
layer_11,254,"[[31, [1, 2, 1, 1, 2]], [33, [1, 1, 8, 2, 2]], [35, [144, 1, 2]], [62, 2], [68, 3], [74, 1], [101, 4]]",[0.0003295506412371134]
layer_11,255,"[[31, [1, 2, 1, 2, 1]], [33, [8, 2, 1, 1, 2]], [35, [16, 9, 2]], [62, 2], [68, 0], [74, 1], [101, 0]]",[0.0006319685960784313]
layer_11,256,"[[31, [1, 2, 2, 1, 1]], [33, [2, 8, 2, 1, 1]], [35, [32, 3, 3]], [62, 2], [68, 1], [74, 2], [101, 3]]",[2.7440319144762655e-05]
layer_11,257,"[[31, [1, 2, 2, 1, 1]], [33, [2, 8, 2, 1, 1]], [35, [32, 3, 3]], [62, 1], [68, 1], [74, 1], [101, 3]]",[2.6047476387249117e-05]
layer_11,258,"[[31, [1, 2, 2, 1, 1]], [33, [2, 8, 2, 1, 1]], [35, [32, 9, 1]], [62, 1], [68, 1], [74, 1], [101, 3]]",[2.6071684652049567e-05]
layer_11,259,"[[31, [1, 2, 2, 1, 1]], [33, [2, 8, 2, 1, 1]], [35, [32, 3, 3]], [62, 1], [68, 1], [74, 1], [101, 4]]",[2.6075651290812456e-05]
layer_11,260,"[[31, [1, 2, 2, 1, 1]], [33, [2, 8, 2, 1, 1]], [35, [32, 9, 1]], [62, 3], [68, 1], [74, 1], [101, 3]]",[10000000000]
layer_11,261,"[[31, [1, 2, 2, 1, 1]], [33, [1, 8, 4, 1, 1]], [35, [32, 9, 1]], [62, 1], [68, 0], [74, 3], [101, 2]]",[3.226173355481728e-05]
layer_11,262,"[[31, [1, 2, 2, 1, 1]], [33, [2, 8, 2, 1, 1]], [35, [32, 3, 3]], [62, 3], [68, 1], [74, 2], [101, 3]]",[10000000000]
layer_11,263,"[[31, [1, 2, 2, 1, 1]], [33, [2, 8, 2, 1, 1]], [35, [32, 9, 1]], [62, 2], [68, 3], [74, 1], [101, 3]]",[3.105287327882961e-05]
layer_11,264,"[[31, [1, 2, 2, 1, 1]], [33, [2, 8, 2, 1, 1]], [35, [32, 3, 3]], [62, 2], [68, 3], [74, 1], [101, 3]]",[3.1086248070562295e-05]
layer_11,265,"[[31, [1, 2, 2, 1, 1]], [33, [2, 8, 2, 1, 1]], [35, [32, 3, 3]], [62, 2], [68, 2], [74, 1], [101, 3]]",[3.0412467082616175e-05]
layer_11,266,"[[31, [1, 2, 2, 1, 1]], [33, [1, 8, 2, 1, 2]], [35, [32, 9, 1]], [62, 1], [68, 0], [74, 1], [101, 2]]",[3.046774397590361e-05]
layer_11,267,"[[31, [1, 2, 2, 1, 1]], [33, [2, 8, 2, 1, 1]], [35, [32, 3, 3]], [62, 2], [68, 1], [74, 3], [101, 4]]",[3.5921606217616576e-05]
layer_11,268,"[[31, [1, 2, 2, 1, 1]], [33, [2, 8, 2, 1, 1]], [35, [32, 3, 3]], [62, 2], [68, 1], [74, 3], [101, 3]]",[3.5921379144520376e-05]
layer_11,269,"[[31, [1, 2, 2, 1, 1]], [33, [1, 8, 4, 1, 1]], [35, [32, 3, 3]], [62, 1], [68, 0], [74, 2], [101, 3]]",[2.9408589054531186e-05]
layer_11,270,"[[31, [1, 2, 2, 1, 1]], [33, [2, 4, 4, 1, 1]], [35, [32, 9, 1]], [62, 2], [68, 0], [74, 1], [101, 2]]",[2.990362288577991e-05]
layer_11,271,"[[31, [1, 2, 2, 1, 1]], [33, [1, 8, 4, 1, 1]], [35, [32, 9, 1]], [62, 1], [68, 0], [74, 1], [101, 3]]",[3.0465763833785756e-05]
layer_11,272,"[[31, [1, 2, 2, 1, 1]], [33, [1, 8, 4, 1, 1]], [35, [32, 3, 3]], [62, 1], [68, 0], [74, 1], [101, 3]]",[3.145091113561191e-05]
layer_11,273,"[[31, [1, 2, 2, 1, 1]], [33, [2, 8, 2, 1, 1]], [35, [32, 3, 3]], [62, 0], [68, 1], [74, 2], [101, 3]]",[2.6075263097949887e-05]
layer_11,274,"[[31, [1, 2, 2, 1, 1]], [33, [2, 8, 2, 1, 1]], [35, [32, 3, 3]], [62, 1], [68, 3], [74, 1], [101, 3]]",[3.112250623924269e-05]
layer_11,275,"[[31, [1, 2, 2, 1, 1]], [33, [2, 8, 2, 1, 1]], [35, [32, 9, 1]], [62, 1], [68, 3], [74, 1], [101, 3]]",[3.112506378737542e-05]
layer_11,276,"[[31, [1, 2, 2, 1, 1]], [33, [2, 8, 2, 1, 1]], [35, [32, 3, 3]], [62, 1], [68, 2], [74, 1], [101, 3]]",[2.8380050789154186e-05]
layer_11,277,"[[31, [1, 2, 2, 1, 1]], [33, [1, 16, 2, 1, 1]], [35, [32, 9, 1]], [62, 1], [68, 1], [74, 1], [101, 3]]",[2.5621987887685817e-05]
layer_11,278,"[[31, [1, 2, 2, 1, 1]], [33, [1, 8, 2, 1, 2]], [35, [32, 9, 1]], [62, 1], [68, 0], [74, 1], [101, 3]]",[3.046598106712565e-05]
layer_11,279,"[[31, [1, 2, 2, 1, 1]], [33, [2, 8, 2, 1, 1]], [35, [32, 3, 3]], [62, 0], [68, 2], [74, 1], [101, 2]]",[3.055389307228916e-05]
layer_11,280,"[[31, [1, 2, 2, 1, 1]], [33, [2, 8, 2, 1, 1]], [35, [32, 3, 3]], [62, 3], [68, 2], [74, 1], [101, 3]]",[10000000000]
layer_11,281,"[[31, [1, 2, 2, 1, 1]], [33, [2, 4, 4, 1, 1]], [35, [32, 9, 1]], [62, 1], [68, 0], [74, 2], [101, 3]]",[3.0041557318855713e-05]
layer_11,282,"[[31, [1, 2, 2, 1, 1]], [33, [2, 8, 2, 1, 1]], [35, [32, 3, 3]], [62, 3], [68, 1], [74, 3], [101, 3]]",[10000000000]
layer_11,283,"[[31, [1, 2, 2, 1, 1]], [33, [2, 4, 4, 1, 1]], [35, [32, 9, 1]], [62, 1], [68, 1], [74, 1], [101, 2]]",[3.41219117922321e-05]
layer_11,284,"[[31, [1, 2, 2, 1, 1]], [33, [2, 4, 4, 1, 1]], [35, [32, 9, 1]], [62, 1], [68, 0], [74, 1], [101, 4]]",[2.8605330830204423e-05]
layer_11,285,"[[31, [1, 2, 2, 1, 1]], [33, [2, 4, 4, 1, 1]], [35, [32, 3, 3]], [62, 1], [68, 0], [74, 1], [101, 4]]",[3.189909272805508e-05]
layer_11,286,"[[31, [1, 2, 2, 1, 1]], [33, [2, 8, 2, 1, 1]], [35, [32, 3, 3]], [62, 2], [68, 0], [74, 1], [101, 3]]",[2.4082698293264816e-05]
layer_11,287,"[[31, [1, 2, 2, 1, 1]], [33, [2, 4, 2, 1, 2]], [35, [32, 9, 1]], [62, 0], [68, 0], [74, 1], [101, 2]]",[3.1514590857402776e-05]
layer_11,288,"[[31, [1, 2, 2, 1, 1]], [33, [2, 4, 2, 2, 1]], [35, [32, 9, 1]], [62, 0], [68, 0], [74, 1], [101, 2]]",[3.14833726333907e-05]
layer_11,289,"[[31, [1, 2, 2, 1, 1]], [33, [1, 8, 2, 1, 2]], [35, [32, 3, 3]], [62, 1], [68, 0], [74, 3], [101, 2]]",[3.970787791342952e-05]
layer_11,290,"[[31, [1, 2, 2, 1, 1]], [33, [1, 8, 2, 1, 2]], [35, [32, 3, 3]], [62, 0], [68, 0], [74, 1], [101, 4]]",[3.117536703958692e-05]
layer_11,291,"[[31, [1, 2, 2, 1, 1]], [33, [2, 8, 2, 1, 1]], [35, [32, 3, 3]], [62, 3], [68, 2], [74, 2], [101, 3]]",[10000000000]
layer_11,292,"[[31, [1, 2, 2, 1, 1]], [33, [2, 8, 2, 1, 1]], [35, [32, 3, 3]], [62, 2], [68, 1], [74, 0], [101, 3]]",[2.7769319929384073e-05]
layer_11,293,"[[31, [1, 2, 2, 1, 1]], [33, [2, 8, 2, 1, 1]], [35, [32, 3, 3]], [62, 0], [68, 3], [74, 1], [101, 3]]",[3.117744715447155e-05]
layer_11,294,"[[31, [1, 2, 2, 1, 1]], [33, [2, 8, 2, 1, 1]], [35, [32, 9, 1]], [62, 0], [68, 2], [74, 1], [101, 3]]",[3.05552095524957e-05]
layer_11,295,"[[31, [1, 2, 2, 1, 1]], [33, [2, 4, 4, 1, 1]], [35, [32, 9, 1]], [62, 3], [68, 0], [74, 1], [101, 2]]",[10000000000]
layer_11,296,"[[31, [1, 2, 2, 1, 1]], [33, [2, 4, 4, 1, 1]], [35, [32, 9, 1]], [62, 2], [68, 0], [74, 1], [101, 3]]",[2.9905974316141156e-05]
layer_11,297,"[[31, [1, 2, 2, 1, 1]], [33, [1, 8, 2, 2, 1]], [35, [32, 9, 1]], [62, 1], [68, 1], [74, 1], [101, 3]]",[3.398308225108225e-05]
layer_11,298,"[[31, [1, 2, 2, 1, 1]], [33, [2, 8, 2, 1, 1]], [35, [32, 9, 1]], [62, 1], [68, 0], [74, 1], [101, 3]]",[2.445273037662795e-05]
layer_11,299,"[[31, [1, 2, 2, 1, 1]], [33, [2, 8, 2, 1, 1]], [35, [32, 3, 3]], [62, 1], [68, 0], [74, 1], [101, 4]]",[2.4451207099468488e-05]
layer_11,300,"[[31, [1, 2, 2, 1, 1]], [33, [2, 8, 2, 1, 1]], [35, [32, 3, 3]], [62, 1], [68, 0], [74, 1], [101, 3]]",[2.4454057593478648e-05]
layer_11,301,"[[31, [1, 2, 2, 1, 1]], [33, [1, 8, 2, 1, 2]], [35, [32, 3, 3]], [62, 1], [68, 0], [74, 3], [101, 3]]",[3.970758841548315e-05]
layer_11,302,"[[31, [1, 2, 2, 1, 1]], [33, [2, 8, 2, 1, 1]], [35, [32, 3, 3]], [62, 2], [68, 2], [74, 3], [101, 3]]",[4.3663782569898876e-05]
layer_11,303,"[[31, [1, 2, 2, 1, 1]], [33, [1, 8, 4, 1, 1]], [35, [32, 9, 1]], [62, 1], [68, 0], [74, 3], [101, 3]]",[3.2255181818181816e-05]
layer_11,304,"[[31, [1, 2, 2, 1, 1]], [33, [1, 8, 4, 1, 1]], [35, [32, 3, 3]], [62, 2], [68, 1], [74, 1], [101, 3]]",[3.5566519979767324e-05]
layer_11,305,"[[31, [1, 1, 4, 1, 1]], [33, [2, 8, 2, 1, 1]], [35, [32, 3, 3]], [62, 2], [68, 2], [74, 1], [101, 4]]",[3.8828226103438945e-05]
layer_11,306,"[[31, [1, 1, 4, 1, 1]], [33, [2, 8, 2, 1, 1]], [35, [32, 3, 3]], [62, 2], [68, 2], [74, 1], [101, 3]]",[3.88253829787234e-05]
layer_11,307,"[[31, [1, 2, 2, 1, 1]], [33, [2, 4, 4, 1, 1]], [35, [32, 9, 1]], [62, 1], [68, 2], [74, 1], [101, 2]]",[3.820417903476907e-05]
layer_11,308,"[[31, [1, 2, 2, 1, 1]], [33, [1, 8, 2, 2, 1]], [35, [32, 3, 3]], [62, 2], [68, 1], [74, 1], [101, 3]]",[3.3900849215640365e-05]
layer_11,309,"[[31, [1, 2, 2, 1, 1]], [33, [1, 8, 2, 2, 1]], [35, [32, 3, 3]], [62, 2], [68, 1], [74, 2], [101, 3]]",[3.486968710918711e-05]
layer_11,310,"[[31, [1, 2, 2, 1, 1]], [33, [2, 4, 2, 1, 2]], [35, [32, 9, 1]], [62, 0], [68, 0], [74, 1], [101, 4]]",[3.151621802518224e-05]
layer_11,311,"[[31, [1, 2, 2, 1, 1]], [33, [2, 4, 2, 1, 2]], [35, [32, 3, 3]], [62, 0], [68, 0], [74, 1], [101, 4]]",[3.1148503442340795e-05]
layer_11,312,"[[31, [1, 2, 2, 1, 1]], [33, [2, 4, 2, 1, 2]], [35, [32, 3, 3]], [62, 2], [68, 0], [74, 1], [101, 2]]",[5.198718344519016e-05]
layer_11,313,"[[31, [1, 2, 2, 1, 1]], [33, [2, 4, 2, 2, 1]], [35, [32, 9, 1]], [62, 2], [68, 0], [74, 1], [101, 2]]",[5.299565436825618e-05]
layer_11,314,"[[31, [1, 2, 2, 1, 1]], [33, [2, 4, 2, 2, 1]], [35, [32, 9, 1]], [62, 1], [68, 0], [74, 1], [101, 4]]",[3.0011290714734855e-05]
layer_11,315,"[[31, [1, 2, 2, 1, 1]], [33, [2, 4, 2, 2, 1]], [35, [32, 9, 1]], [62, 0], [68, 0], [74, 1], [101, 3]]",[3.1467006295173694e-05]
layer_11,316,"[[31, [1, 2, 2, 1, 1]], [33, [1, 8, 2, 1, 2]], [35, [32, 3, 3]], [62, 1], [68, 0], [74, 0], [101, 3]]",[4.021985582154516e-05]
layer_11,317,"[[31, [4, 1, 1, 1, 1]], [33, [1, 2, 1, 8, 2]], [35, [96, 3, 1]], [62, 1], [68, 0], [74, 1], [101, 0]]",[0.00200450042]
layer_11,318,"[[31, [1, 4, 1, 1, 1]], [33, [16, 1, 1, 2, 1]], [35, [12, 8, 3]], [62, 1], [68, 2], [74, 2], [101, 4]]",[8.052253362022593e-05]
layer_11,319,"[[31, [1, 4, 1, 1, 1]], [33, [8, 1, 1, 4, 1]], [35, [288, 1, 1]], [62, 0], [68, 2], [74, 1], [101, 1]]",[0.0001293394056761269]
layer_11,320,"[[31, [1, 2, 2, 1, 1]], [33, [2, 8, 2, 1, 1]], [35, [32, 3, 3]], [62, 1], [68, 0], [74, 2], [101, 3]]",[3.0349035999088632e-05]
layer_11,321,"[[31, [1, 2, 2, 1, 1]], [33, [2, 8, 2, 1, 1]], [35, [32, 9, 1]], [62, 1], [68, 0], [74, 2], [101, 3]]",[2.9493315404475046e-05]
layer_11,322,"[[31, [1, 2, 2, 1, 1]], [33, [2, 8, 2, 1, 1]], [35, [32, 9, 1]], [62, 1], [68, 0], [74, 1], [101, 4]]",[2.4417035523978687e-05]
layer_11,323,"[[31, [1, 2, 2, 1, 1]], [33, [2, 8, 2, 1, 1]], [35, [32, 3, 3]], [62, 1], [68, 0], [74, 1], [101, 2]]",[2.4451499556973242e-05]
layer_11,324,"[[31, [1, 2, 2, 1, 1]], [33, [2, 8, 2, 1, 1]], [35, [32, 9, 1]], [62, 1], [68, 0], [74, 1], [101, 2]]",[2.4449339004075848e-05]
layer_11,325,"[[31, [1, 2, 2, 1, 1]], [33, [2, 8, 2, 1, 1]], [35, [32, 3, 3]], [62, 2], [68, 0], [74, 2], [101, 3]]",[2.951662251923856e-05]
layer_11,326,"[[31, [1, 2, 2, 1, 1]], [33, [2, 8, 2, 1, 1]], [35, [32, 9, 1]], [62, 2], [68, 0], [74, 2], [101, 3]]",[2.9486129667207793e-05]
layer_11,327,"[[31, [1, 2, 2, 1, 1]], [33, [2, 8, 2, 1, 1]], [35, [32, 9, 1]], [62, 2], [68, 0], [74, 1], [101, 3]]",[2.4083506645401386e-05]
layer_11,328,"[[31, [1, 2, 2, 1, 1]], [33, [2, 8, 2, 1, 1]], [35, [32, 3, 3]], [62, 2], [68, 0], [74, 1], [101, 4]]",[2.4083771701982226e-05]
layer_11,329,"[[31, [1, 2, 2, 1, 1]], [33, [2, 8, 2, 1, 1]], [35, [32, 3, 3]], [62, 1], [68, 0], [74, 0], [101, 3]]",[2.8460198954983925e-05]
layer_11,330,"[[31, [1, 2, 2, 1, 1]], [33, [2, 8, 2, 1, 1]], [35, [32, 9, 1]], [62, 0], [68, 0], [74, 1], [101, 3]]",[2.4223935064935066e-05]
layer_11,331,"[[31, [1, 2, 2, 1, 1]], [33, [2, 8, 2, 1, 1]], [35, [32, 3, 3]], [62, 0], [68, 0], [74, 1], [101, 3]]",[2.4223596668438773e-05]
layer_11,332,"[[31, [1, 2, 2, 1, 1]], [33, [2, 8, 2, 1, 1]], [35, [32, 9, 1]], [62, 0], [68, 0], [74, 1], [101, 4]]",[2.422340840738209e-05]
layer_11,333,"[[31, [1, 2, 2, 1, 1]], [33, [2, 8, 2, 1, 1]], [35, [32, 3, 3]], [62, 0], [68, 0], [74, 1], [101, 4]]",[2.4223596668438773e-05]
layer_11,334,"[[31, [1, 2, 2, 1, 1]], [33, [2, 8, 2, 1, 1]], [35, [32, 3, 3]], [62, 1], [68, 0], [74, 0], [101, 4]]",[2.8459821324448146e-05]
layer_11,335,"[[31, [1, 2, 2, 1, 1]], [33, [2, 8, 2, 1, 1]], [35, [32, 3, 3]], [62, 2], [68, 0], [74, 2], [101, 4]]",[2.94859421470768e-05]
layer_11,336,"[[31, [1, 2, 2, 1, 1]], [33, [2, 8, 2, 1, 1]], [35, [32, 3, 3]], [62, 0], [68, 0], [74, 1], [101, 2]]",[2.4224205358781426e-05]
layer_11,337,"[[31, [1, 2, 2, 1, 1]], [33, [2, 8, 2, 1, 1]], [35, [32, 9, 1]], [62, 0], [68, 0], [74, 1], [101, 2]]",[2.4223960704845813e-05]
layer_11,338,"[[31, [1, 2, 2, 1, 1]], [33, [2, 8, 2, 1, 1]], [35, [32, 3, 3]], [62, 0], [68, 0], [74, 2], [101, 4]]",[2.8398008279483037e-05]
layer_11,339,"[[31, [1, 2, 2, 1, 1]], [33, [1, 16, 2, 1, 1]], [35, [32, 3, 3]], [62, 1], [68, 1], [74, 1], [101, 3]]",[2.5618146553251818e-05]
layer_11,340,"[[31, [1, 2, 2, 1, 1]], [33, [1, 16, 2, 1, 1]], [35, [32, 9, 1]], [62, 1], [68, 1], [74, 1], [101, 4]]",[2.5613771640091112e-05]
layer_11,341,"[[31, [1, 2, 2, 1, 1]], [33, [1, 16, 2, 1, 1]], [35, [32, 3, 3]], [62, 1], [68, 1], [74, 1], [101, 4]]",[2.5616056307911618e-05]
layer_11,342,"[[31, [1, 2, 2, 1, 1]], [33, [2, 8, 2, 1, 1]], [35, [32, 3, 3]], [62, 2], [68, 0], [74, 0], [101, 3]]",[3.0162394148020656e-05]
layer_11,343,"[[31, [1, 2, 2, 1, 1]], [33, [2, 8, 2, 1, 1]], [35, [32, 3, 3]], [62, 0], [68, 0], [74, 2], [101, 2]]",[2.8397733307071108e-05]
layer_11,344,"[[31, [1, 2, 2, 1, 1]], [33, [2, 8, 2, 1, 1]], [35, [32, 9, 1]], [62, 1], [68, 1], [74, 2], [101, 3]]",[2.5931450908423565e-05]
layer_11,345,"[[31, [1, 2, 2, 1, 1]], [33, [2, 8, 2, 1, 1]], [35, [32, 3, 3]], [62, 1], [68, 1], [74, 2], [101, 3]]",[2.5931225702353833e-05]
layer_11,346,"[[31, [1, 2, 2, 1, 1]], [33, [2, 8, 2, 1, 1]], [35, [32, 9, 1]], [62, 2], [68, 0], [74, 0], [101, 4]]",[3.0189875777730103e-05]
layer_11,347,"[[31, [1, 2, 2, 1, 1]], [33, [2, 8, 2, 1, 1]], [35, [32, 3, 3]], [62, 2], [68, 0], [74, 0], [101, 4]]",[3.0162771869639792e-05]
layer_11,348,"[[31, [1, 2, 2, 1, 1]], [33, [2, 8, 2, 1, 1]], [35, [32, 3, 3]], [62, 0], [68, 0], [74, 0], [101, 3]]",[3.02692601795782e-05]
layer_11,349,"[[31, [1, 2, 2, 1, 1]], [33, [2, 8, 2, 1, 1]], [35, [32, 9, 1]], [62, 0], [68, 0], [74, 0], [101, 3]]",[3.0273430722891564e-05]
layer_11,350,"[[31, [1, 2, 2, 1, 1]], [33, [2, 8, 2, 1, 1]], [35, [32, 9, 1]], [62, 2], [68, 1], [74, 2], [101, 3]]",[2.592849715261959e-05]
layer_11,351,"[[31, [1, 2, 2, 1, 1]], [33, [2, 8, 2, 1, 1]], [35, [32, 3, 3]], [62, 1], [68, 1], [74, 2], [101, 2]]",[2.5931180171940734e-05]
layer_11,352,"[[31, [1, 2, 2, 1, 1]], [33, [2, 8, 2, 1, 1]], [35, [32, 9, 1]], [62, 1], [68, 1], [74, 2], [101, 2]]",[2.5929815613966263e-05]
layer_11,353,"[[31, [1, 2, 2, 1, 1]], [33, [2, 8, 2, 1, 1]], [35, [32, 3, 3]], [62, 2], [68, 1], [74, 1], [101, 4]]",[2.6082064160971904e-05]
layer_11,354,"[[31, [1, 2, 2, 1, 1]], [33, [1, 16, 2, 1, 1]], [35, [32, 9, 1]], [62, 1], [68, 0], [74, 1], [101, 3]]",[2.4478055909169105e-05]
layer_11,355,"[[31, [1, 2, 2, 1, 1]], [33, [2, 8, 2, 1, 1]], [35, [32, 3, 3]], [62, 1], [68, 1], [74, 0], [101, 3]]",[2.9185717979080322e-05]
layer_11,356,"[[31, [1, 2, 2, 1, 1]], [33, [2, 8, 2, 1, 1]], [35, [32, 9, 1]], [62, 1], [68, 1], [74, 0], [101, 3]]",[2.792252815768303e-05]
layer_11,357,"[[31, [1, 2, 2, 1, 1]], [33, [1, 16, 2, 1, 1]], [35, [32, 3, 3]], [62, 1], [68, 0], [74, 1], [101, 4]]",[2.4480458475734793e-05]
layer_11,358,"[[31, [1, 2, 2, 1, 1]], [33, [2, 8, 2, 1, 1]], [35, [32, 3, 3]], [62, 0], [68, 1], [74, 1], [101, 3]]",[2.6202887389053258e-05]
layer_11,359,"[[31, [1, 2, 2, 1, 1]], [33, [2, 8, 2, 1, 1]], [35, [32, 3, 3]], [62, 0], [68, 1], [74, 1], [101, 4]]",[2.620286070838686e-05]
layer_11,360,"[[31, [1, 2, 2, 1, 1]], [33, [1, 16, 2, 1, 1]], [35, [32, 3, 3]], [62, 0], [68, 1], [74, 2], [101, 3]]",[2.610538971146545e-05]
layer_11,361,"[[31, [1, 2, 2, 1, 1]], [33, [2, 8, 2, 1, 1]], [35, [32, 9, 1]], [62, 3], [68, 0], [74, 1], [101, 3]]",[10000000000]
layer_11,362,"[[31, [1, 2, 2, 1, 1]], [33, [2, 8, 2, 1, 1]], [35, [32, 3, 3]], [62, 3], [68, 0], [74, 1], [101, 3]]",[10000000000]
layer_11,363,"[[31, [1, 2, 2, 1, 1]], [33, [2, 8, 2, 1, 1]], [35, [32, 3, 3]], [62, 3], [68, 0], [74, 1], [101, 4]]",[10000000000]
layer_11,364,"[[31, [1, 2, 2, 1, 1]], [33, [2, 8, 2, 1, 1]], [35, [32, 3, 3]], [62, 0], [68, 1], [74, 1], [101, 2]]",[2.620351599852887e-05]
layer_11,365,"[[31, [1, 2, 2, 1, 1]], [33, [2, 8, 2, 1, 1]], [35, [32, 3, 3]], [62, 0], [68, 1], [74, 2], [101, 4]]",[2.6073568361167184e-05]
layer_11,366,"[[31, [1, 2, 2, 1, 1]], [33, [2, 8, 2, 1, 1]], [35, [32, 9, 1]], [62, 0], [68, 1], [74, 2], [101, 4]]",[2.6073781244265002e-05]
layer_11,367,"[[31, [1, 2, 2, 1, 1]], [33, [1, 16, 2, 1, 1]], [35, [32, 9, 1]], [62, 1], [68, 0], [74, 2], [101, 3]]",[2.962303821257048e-05]
layer_11,368,"[[31, [1, 2, 2, 1, 1]], [33, [1, 16, 2, 1, 1]], [35, [32, 3, 3]], [62, 0], [68, 1], [74, 0], [101, 3]]",[2.7907918007061592e-05]
layer_11,369,"[[31, [1, 2, 2, 1, 1]], [33, [2, 8, 2, 1, 1]], [35, [32, 3, 3]], [62, 1], [68, 0], [74, 0], [101, 2]]",[2.8460895301741596e-05]
layer_11,370,"[[31, [1, 2, 2, 1, 1]], [33, [1, 16, 2, 1, 1]], [35, [32, 9, 1]], [62, 1], [68, 2], [74, 1], [101, 3]]",[2.8821287768327258e-05]
layer_11,371,"[[31, [1, 2, 2, 1, 1]], [33, [1, 16, 2, 1, 1]], [35, [32, 9, 1]], [62, 1], [68, 0], [74, 0], [101, 3]]",[3.016702302065404e-05]
layer_11,372,"[[31, [1, 2, 2, 1, 1]], [33, [2, 8, 2, 1, 1]], [35, [32, 3, 3]], [62, 0], [68, 1], [74, 0], [101, 3]]",[2.8090703216947818e-05]
layer_11,373,"[[31, [1, 2, 2, 1, 1]], [33, [1, 16, 2, 1, 1]], [35, [32, 3, 3]], [62, 2], [68, 0], [74, 1], [101, 3]]",[2.407468122347949e-05]
layer_11,374,"[[31, [1, 2, 2, 1, 1]], [33, [2, 8, 2, 1, 1]], [35, [32, 3, 3]], [62, 0], [68, 1], [74, 0], [101, 4]]",[2.808939480048368e-05]
layer_11,375,"[[31, [1, 2, 2, 1, 1]], [33, [2, 8, 2, 1, 1]], [35, [24, 3, 4]], [62, 1], [68, 0], [74, 1], [101, 3]]",[4.615030444237341e-05]
layer_11,376,"[[31, [2, 1, 2, 1, 1]], [33, [4, 4, 2, 1, 1]], [35, [32, 9, 1]], [62, 1], [68, 0], [74, 1], [101, 4]]",[2.4071726450511945e-05]
layer_11,377,"[[31, [1, 2, 2, 1, 1]], [33, [2, 8, 2, 1, 1]], [35, [32, 3, 3]], [62, 0], [68, 0], [74, 0], [101, 2]]",[3.0273793029719905e-05]
layer_11,378,"[[31, [1, 2, 2, 1, 1]], [33, [2, 8, 2, 1, 1]], [35, [32, 3, 3]], [62, 1], [68, 2], [74, 2], [101, 3]]",[3.24358802449535e-05]
layer_11,379,"[[31, [1, 2, 2, 1, 1]], [33, [4, 4, 2, 1, 1]], [35, [32, 3, 3]], [62, 1], [68, 0], [74, 1], [101, 4]]",[2.4005884654818867e-05]
layer_11,380,"[[31, [1, 2, 2, 1, 1]], [33, [4, 4, 2, 1, 1]], [35, [32, 9, 1]], [62, 1], [68, 0], [74, 2], [101, 3]]",[2.9207186051367716e-05]
layer_11,381,"[[31, [1, 1, 2, 1, 2]], [33, [8, 1, 1, 2, 2]], [35, [32, 3, 3]], [62, 1], [68, 0], [74, 0], [101, 1]]",[0.0005670399718309859]
layer_11,382,"[[31, [1, 1, 1, 2, 2]], [33, [1, 1, 8, 1, 4]], [35, [288, 1, 1]], [62, 1], [68, 2], [74, 3], [101, 3]]",[10000000000]
layer_11,383,"[[31, [1, 1, 1, 4, 1]], [33, [4, 4, 2, 1, 1]], [35, [24, 6, 2]], [62, 2], [68, 2], [74, 3], [101, 3]]",[10000000000]
layer_11,384,"[[31, [1, 2, 2, 1, 1]], [33, [4, 4, 2, 1, 1]], [35, [32, 9, 1]], [62, 1], [68, 0], [74, 1], [101, 4]]",[2.4906734446687466e-05]
layer_11,385,"[[31, [1, 2, 2, 1, 1]], [33, [1, 16, 2, 1, 1]], [35, [32, 9, 1]], [62, 2], [68, 1], [74, 1], [101, 3]]",[2.5480737495436292e-05]
layer_11,386,"[[31, [1, 2, 2, 1, 1]], [33, [1, 16, 2, 1, 1]], [35, [32, 3, 3]], [62, 2], [68, 1], [74, 1], [101, 3]]",[2.5479915030280785e-05]
layer_11,387,"[[31, [2, 1, 2, 1, 1]], [33, [2, 8, 2, 1, 1]], [35, [32, 3, 3]], [62, 1], [68, 0], [74, 1], [101, 4]]",[2.433049460990316e-05]
layer_11,388,"[[31, [2, 1, 2, 1, 1]], [33, [2, 8, 2, 1, 1]], [35, [32, 3, 3]], [62, 0], [68, 0], [74, 1], [101, 4]]",[2.4093596990273447e-05]
layer_11,389,"[[31, [1, 2, 2, 1, 1]], [33, [8, 2, 2, 1, 1]], [35, [32, 3, 3]], [62, 1], [68, 0], [74, 1], [101, 4]]",[2.4319943646996276e-05]
layer_11,390,"[[31, [2, 1, 2, 1, 1]], [33, [2, 8, 2, 1, 1]], [35, [32, 3, 3]], [62, 1], [68, 1], [74, 1], [101, 4]]",[2.593187373830061e-05]
layer_11,391,"[[31, [2, 1, 2, 1, 1]], [33, [2, 8, 2, 1, 1]], [35, [32, 3, 3]], [62, 0], [68, 1], [74, 1], [101, 4]]",[2.619688039364118e-05]
layer_11,392,"[[31, [1, 2, 2, 1, 1]], [33, [8, 2, 2, 1, 1]], [35, [32, 3, 3]], [62, 1], [68, 1], [74, 1], [101, 4]]",[2.6079635503406506e-05]
layer_11,393,"[[31, [1, 2, 2, 1, 1]], [33, [1, 16, 2, 1, 1]], [35, [32, 3, 3]], [62, 2], [68, 1], [74, 1], [101, 4]]",[2.5594577285209882e-05]
layer_11,394,"[[31, [1, 2, 2, 1, 1]], [33, [1, 16, 2, 1, 1]], [35, [32, 9, 1]], [62, 2], [68, 0], [74, 1], [101, 3]]",[2.406968102073365e-05]
layer_11,395,"[[31, [1, 2, 2, 1, 1]], [33, [1, 16, 2, 1, 1]], [35, [32, 3, 3]], [62, 2], [68, 0], [74, 1], [101, 4]]",[2.406971610845295e-05]
layer_11,396,"[[31, [1, 2, 2, 1, 1]], [33, [1, 16, 2, 1, 1]], [35, [32, 9, 1]], [62, 2], [68, 0], [74, 1], [101, 4]]",[2.4071873889268628e-05]
layer_11,397,"[[31, [1, 2, 2, 1, 1]], [33, [4, 4, 2, 1, 1]], [35, [32, 9, 1]], [62, 2], [68, 0], [74, 1], [101, 4]]",[2.3744171008328905e-05]
layer_11,398,"[[31, [1, 2, 2, 1, 1]], [33, [2, 8, 2, 1, 1]], [35, [32, 3, 3]], [62, 1], [68, 1], [74, 1], [101, 2]]",[2.6069623576309794e-05]
layer_11,399,"[[31, [1, 2, 2, 1, 1]], [33, [1, 16, 2, 1, 1]], [35, [32, 3, 3]], [62, 0], [68, 1], [74, 1], [101, 4]]",[2.5721963846577356e-05]
layer_11,400,"[[31, [1, 2, 2, 1, 1]], [33, [1, 16, 2, 1, 1]], [35, [32, 3, 3]], [62, 1], [68, 1], [74, 1], [101, 2]]",[2.558468925056775e-05]
layer_11,401,"[[31, [1, 2, 2, 1, 1]], [33, [1, 16, 2, 1, 1]], [35, [32, 9, 1]], [62, 0], [68, 1], [74, 1], [101, 3]]",[2.5720101670031197e-05]
layer_11,402,"[[31, [1, 2, 2, 1, 1]], [33, [1, 16, 2, 1, 1]], [35, [32, 3, 3]], [62, 0], [68, 0], [74, 1], [101, 4]]",[2.409704076040418e-05]
layer_11,403,"[[31, [1, 2, 2, 1, 1]], [33, [2, 8, 2, 1, 1]], [35, [32, 9, 1]], [62, 0], [68, 1], [74, 1], [101, 4]]",[2.622188634211025e-05]
layer_11,404,"[[31, [2, 1, 2, 1, 1]], [33, [2, 8, 2, 1, 1]], [35, [32, 3, 3]], [62, 2], [68, 1], [74, 1], [101, 4]]",[2.6069429574791192e-05]
layer_11,405,"[[31, [1, 2, 2, 1, 1]], [33, [1, 16, 2, 1, 1]], [35, [32, 9, 1]], [62, 0], [68, 0], [74, 1], [101, 2]]",[2.4095288493301526e-05]
layer_11,406,"[[31, [1, 2, 2, 1, 1]], [33, [2, 8, 2, 1, 1]], [35, [32, 9, 1]], [62, 0], [68, 1], [74, 1], [101, 2]]",[2.6193278032666542e-05]
layer_11,407,"[[31, [1, 2, 2, 1, 1]], [33, [1, 16, 2, 1, 1]], [35, [32, 9, 1]], [62, 1], [68, 0], [74, 1], [101, 4]]",[2.443618462103138e-05]
layer_11,408,"[[31, [1, 2, 2, 1, 1]], [33, [2, 8, 2, 1, 1]], [35, [32, 9, 1]], [62, 0], [68, 1], [74, 1], [101, 3]]",[2.619391962264151e-05]
layer_11,409,"[[31, [2, 1, 2, 1, 1]], [33, [4, 4, 2, 1, 1]], [35, [32, 9, 1]], [62, 2], [68, 0], [74, 1], [101, 4]]",[2.381309744493392e-05]
layer_11,410,"[[31, [1, 2, 2, 1, 1]], [33, [1, 16, 2, 1, 1]], [35, [32, 3, 3]], [62, 0], [68, 0], [74, 1], [101, 3]]",[2.4097662236399077e-05]
layer_11,411,"[[31, [1, 2, 2, 1, 1]], [33, [1, 16, 2, 1, 1]], [35, [32, 9, 1]], [62, 0], [68, 0], [74, 1], [101, 3]]",[2.4095688286372496e-05]
layer_11,412,"[[31, [1, 2, 2, 1, 1]], [33, [1, 16, 2, 1, 1]], [35, [32, 9, 1]], [62, 1], [68, 0], [74, 1], [101, 2]]",[2.4436816764132552e-05]
layer_11,413,"[[31, [2, 1, 2, 1, 1]], [33, [1, 16, 2, 1, 1]], [35, [32, 3, 3]], [62, 1], [68, 0], [74, 1], [101, 2]]",[2.4072397983595348e-05]
layer_11,414,"[[31, [2, 1, 2, 1, 1]], [33, [4, 4, 2, 1, 1]], [35, [32, 9, 1]], [62, 1], [68, 0], [74, 2], [101, 4]]",[2.925574908869988e-05]
layer_11,415,"[[31, [1, 2, 2, 1, 1]], [33, [1, 16, 2, 1, 1]], [35, [32, 3, 3]], [62, 3], [68, 1], [74, 1], [101, 3]]",[10000000000]
layer_11,416,"[[31, [1, 2, 2, 1, 1]], [33, [1, 16, 2, 1, 1]], [35, [32, 9, 1]], [62, 3], [68, 1], [74, 1], [101, 3]]",[10000000000]
layer_11,417,"[[31, [2, 1, 2, 1, 1]], [33, [1, 16, 2, 1, 1]], [35, [32, 3, 3]], [62, 1], [68, 0], [74, 1], [101, 4]]",[2.4068823111111114e-05]
layer_11,418,"[[31, [1, 2, 2, 1, 1]], [33, [4, 4, 2, 1, 1]], [35, [32, 9, 1]], [62, 0], [68, 1], [74, 2], [101, 4]]",[2.6063792900531505e-05]
layer_11,419,"[[31, [1, 2, 2, 1, 1]], [33, [1, 16, 2, 1, 1]], [35, [32, 9, 1]], [62, 2], [68, 1], [74, 2], [101, 3]]",[2.592280732600733e-05]
layer_11,420,"[[31, [1, 2, 2, 1, 1]], [33, [1, 16, 2, 1, 1]], [35, [32, 3, 3]], [62, 2], [68, 1], [74, 2], [101, 3]]",[2.5921162598641956e-05]
layer_11,421,"[[31, [1, 2, 2, 1, 1]], [33, [2, 8, 2, 1, 1]], [35, [32, 3, 3]], [62, 3], [68, 1], [74, 1], [101, 3]]",[10000000000]
layer_11,422,"[[31, [2, 1, 2, 1, 1]], [33, [1, 16, 2, 1, 1]], [35, [32, 9, 1]], [62, 1], [68, 1], [74, 1], [101, 4]]",[2.5572281679089838e-05]
layer_11,423,"[[31, [2, 1, 2, 1, 1]], [33, [1, 16, 2, 1, 1]], [35, [32, 3, 3]], [62, 1], [68, 1], [74, 1], [101, 3]]",[2.557103075170843e-05]
layer_11,424,"[[31, [2, 1, 2, 1, 1]], [33, [1, 16, 2, 1, 1]], [35, [32, 9, 1]], [62, 0], [68, 1], [74, 1], [101, 3]]",[2.5688473780376397e-05]
layer_11,425,"[[31, [2, 1, 2, 1, 1]], [33, [1, 16, 2, 1, 1]], [35, [32, 3, 3]], [62, 0], [68, 1], [74, 1], [101, 3]]",[2.5684618050266564e-05]
layer_11,426,"[[31, [1, 2, 2, 1, 1]], [33, [1, 16, 2, 1, 1]], [35, [32, 9, 1]], [62, 3], [68, 1], [74, 1], [101, 4]]",[10000000000]
layer_11,427,"[[31, [1, 2, 2, 1, 1]], [33, [1, 16, 2, 1, 1]], [35, [32, 9, 1]], [62, 3], [68, 0], [74, 1], [101, 3]]",[10000000000]
layer_11,428,"[[31, [1, 2, 2, 1, 1]], [33, [1, 16, 2, 1, 1]], [35, [32, 3, 3]], [62, 3], [68, 0], [74, 1], [101, 4]]",[10000000000]
layer_11,429,"[[31, [1, 2, 2, 1, 1]], [33, [2, 8, 2, 1, 1]], [35, [32, 9, 1]], [62, 3], [68, 0], [74, 1], [101, 4]]",[10000000000]
layer_11,430,"[[31, [1, 2, 2, 1, 1]], [33, [4, 4, 2, 1, 1]], [35, [32, 3, 3]], [62, 0], [68, 0], [74, 1], [101, 3]]",[2.4154097820308344e-05]
layer_11,431,"[[31, [2, 1, 2, 1, 1]], [33, [1, 16, 2, 1, 1]], [35, [32, 3, 3]], [62, 2], [68, 1], [74, 1], [101, 3]]",[2.55755701963663e-05]
layer_11,432,"[[31, [1, 2, 2, 1, 1]], [33, [2, 8, 2, 1, 1]], [35, [32, 3, 3]], [62, 3], [68, 1], [74, 1], [101, 4]]",[10000000000]
layer_11,433,"[[31, [1, 2, 2, 1, 1]], [33, [2, 8, 2, 1, 1]], [35, [32, 9, 1]], [62, 1], [68, 0], [74, 2], [101, 2]]",[2.9528576529546877e-05]
layer_11,434,"[[31, [1, 2, 2, 1, 1]], [33, [2, 8, 2, 1, 1]], [35, [32, 3, 3]], [62, 1], [68, 0], [74, 2], [101, 2]]",[2.9528010535368736e-05]
layer_11,435,"[[31, [1, 2, 2, 1, 1]], [33, [4, 4, 2, 1, 1]], [35, [32, 3, 3]], [62, 1], [68, 0], [74, 1], [101, 3]]",[2.399447858248753e-05]
layer_11,436,"[[31, [1, 2, 2, 1, 1]], [33, [4, 4, 2, 1, 1]], [35, [32, 9, 1]], [62, 2], [68, 0], [74, 2], [101, 4]]",[2.919030862392984e-05]
layer_11,437,"[[31, [1, 2, 2, 1, 1]], [33, [1, 16, 2, 1, 1]], [35, [32, 3, 3]], [62, 2], [68, 0], [74, 2], [101, 4]]",[2.922095327492699e-05]
layer_11,438,"[[31, [1, 2, 2, 1, 1]], [33, [1, 16, 2, 1, 1]], [35, [32, 3, 3]], [62, 2], [68, 0], [74, 2], [101, 3]]",[2.921898286571e-05]
layer_11,439,"[[31, [1, 2, 2, 1, 1]], [33, [1, 16, 2, 1, 1]], [35, [32, 9, 1]], [62, 2], [68, 0], [74, 2], [101, 3]]",[2.9222753341433776e-05]
layer_11,440,"[[31, [2, 1, 2, 1, 1]], [33, [2, 8, 2, 1, 1]], [35, [32, 9, 1]], [62, 1], [68, 1], [74, 1], [101, 3]]",[2.6069416437818752e-05]
layer_11,441,"[[31, [2, 1, 2, 1, 1]], [33, [8, 2, 2, 1, 1]], [35, [32, 3, 3]], [62, 1], [68, 0], [74, 1], [101, 4]]",[2.4426885132743362e-05]
layer_11,442,"[[31, [1, 2, 2, 1, 1]], [33, [4, 4, 2, 1, 1]], [35, [32, 9, 1]], [62, 2], [68, 0], [74, 1], [101, 3]]",[2.3741293745727956e-05]
layer_11,443,"[[31, [1, 2, 2, 1, 1]], [33, [8, 2, 2, 1, 1]], [35, [32, 3, 3]], [62, 3], [68, 0], [74, 1], [101, 4]]",[10000000000]
layer_11,444,"[[31, [2, 1, 2, 1, 1]], [33, [2, 8, 2, 1, 1]], [35, [32, 3, 3]], [62, 2], [68, 0], [74, 1], [101, 3]]",[2.40832719903415e-05]
layer_11,445,"[[31, [1, 1, 1, 2, 2]], [33, [2, 16, 1, 1, 1]], [35, [36, 8, 1]], [62, 2], [68, 0], [74, 3], [101, 4]]",[8.928725618883131e-05]
layer_11,446,"[[31, [1, 1, 1, 2, 2]], [33, [16, 1, 1, 2, 1]], [35, [24, 3, 4]], [62, 2], [68, 2], [74, 1], [101, 3]]",[0.00012749525688816857]
layer_11,447,"[[31, [2, 1, 1, 1, 2]], [33, [8, 2, 1, 2, 1]], [35, [36, 2, 4]], [62, 1], [68, 1], [74, 0], [101, 3]]",[0.00022783944332855095]
layer_11,448,"[[31, [1, 2, 2, 1, 1]], [33, [8, 2, 2, 1, 1]], [35, [32, 3, 3]], [62, 2], [68, 0], [74, 1], [101, 4]]",[2.4997224563401675e-05]
layer_11,449,"[[31, [1, 2, 2, 1, 1]], [33, [4, 4, 2, 1, 1]], [35, [32, 3, 3]], [62, 2], [68, 0], [74, 1], [101, 3]]",[2.364015857826384e-05]
layer_11,450,"[[31, [1, 2, 2, 1, 1]], [33, [4, 4, 2, 1, 1]], [35, [32, 9, 1]], [62, 0], [68, 0], [74, 1], [101, 4]]",[2.405175222146275e-05]
layer_11,451,"[[31, [1, 2, 2, 1, 1]], [33, [1, 16, 2, 1, 1]], [35, [32, 3, 3]], [62, 0], [68, 0], [74, 1], [101, 2]]",[2.3964304826573688e-05]
layer_11,452,"[[31, [2, 1, 2, 1, 1]], [33, [2, 8, 2, 1, 1]], [35, [32, 9, 1]], [62, 1], [68, 0], [74, 1], [101, 4]]",[2.433011607301081e-05]
layer_11,453,"[[31, [1, 2, 2, 1, 1]], [33, [1, 16, 2, 1, 1]], [35, [32, 9, 1]], [62, 0], [68, 1], [74, 1], [101, 2]]",[2.5637397871169024e-05]
layer_11,454,"[[31, [1, 2, 2, 1, 1]], [33, [1, 16, 2, 1, 1]], [35, [32, 3, 3]], [62, 0], [68, 1], [74, 1], [101, 2]]",[2.5721894208932625e-05]
layer_11,455,"[[31, [2, 1, 2, 1, 1]], [33, [4, 4, 2, 1, 1]], [35, [32, 9, 1]], [62, 2], [68, 0], [74, 1], [101, 3]]",[2.3812077522123894e-05]
layer_11,456,"[[31, [2, 1, 2, 1, 1]], [33, [2, 8, 2, 1, 1]], [35, [32, 3, 3]], [62, 0], [68, 0], [74, 1], [101, 3]]",[2.4218168989239724e-05]
layer_11,457,"[[31, [1, 2, 2, 1, 1]], [33, [4, 4, 2, 1, 1]], [35, [32, 9, 1]], [62, 0], [68, 1], [74, 1], [101, 4]]",[2.554249587080198e-05]
layer_11,458,"[[31, [2, 1, 2, 1, 1]], [33, [1, 16, 2, 1, 1]], [35, [32, 9, 1]], [62, 1], [68, 0], [74, 1], [101, 4]]",[2.4075716462874355e-05]
layer_11,459,"[[31, [1, 2, 2, 1, 1]], [33, [4, 4, 2, 1, 1]], [35, [32, 3, 3]], [62, 0], [68, 1], [74, 1], [101, 3]]",[2.554268361167187e-05]
layer_11,460,"[[31, [2, 1, 2, 1, 1]], [33, [1, 16, 2, 1, 1]], [35, [32, 9, 1]], [62, 0], [68, 0], [74, 1], [101, 4]]",[2.4082376424562e-05]
layer_11,461,"[[31, [1, 2, 2, 1, 1]], [33, [1, 16, 2, 1, 1]], [35, [32, 9, 1]], [62, 0], [68, 0], [74, 1], [101, 4]]",[2.4096979232664554e-05]
layer_11,462,"[[31, [1, 2, 2, 1, 1]], [33, [8, 2, 2, 1, 1]], [35, [32, 9, 1]], [62, 1], [68, 0], [74, 1], [101, 4]]",[2.4422938560457226e-05]
layer_11,463,"[[31, [1, 2, 2, 1, 1]], [33, [4, 4, 2, 1, 1]], [35, [32, 3, 3]], [62, 1], [68, 1], [74, 1], [101, 4]]",[2.5448697375665256e-05]
layer_11,464,"[[31, [1, 2, 2, 1, 1]], [33, [4, 4, 2, 1, 1]], [35, [32, 3, 3]], [62, 2], [68, 0], [74, 1], [101, 4]]",[2.3741629275208224e-05]
layer_11,465,"[[31, [2, 1, 2, 1, 1]], [33, [1, 16, 2, 1, 1]], [35, [32, 9, 1]], [62, 1], [68, 0], [74, 1], [101, 2]]",[2.4077759370579913e-05]
layer_11,466,"[[31, [1, 2, 2, 1, 1]], [33, [4, 4, 2, 1, 1]], [35, [32, 9, 1]], [62, 1], [68, 0], [74, 1], [101, 3]]",[2.3998109264497877e-05]
layer_11,467,"[[31, [2, 1, 2, 1, 1]], [33, [4, 4, 2, 1, 1]], [35, [32, 9, 1]], [62, 2], [68, 1], [74, 1], [101, 4]]",[2.547788640793904e-05]
layer_11,468,"[[31, [2, 1, 2, 1, 1]], [33, [1, 16, 2, 1, 1]], [35, [32, 9, 1]], [62, 0], [68, 0], [74, 1], [101, 3]]",[2.408337075671853e-05]
layer_11,469,"[[31, [2, 1, 2, 1, 1]], [33, [1, 16, 2, 1, 1]], [35, [32, 9, 1]], [62, 1], [68, 0], [74, 1], [101, 3]]",[2.4076062555378345e-05]
layer_11,470,"[[31, [1, 2, 2, 1, 1]], [33, [4, 4, 2, 1, 1]], [35, [32, 9, 1]], [62, 2], [68, 1], [74, 1], [101, 4]]",[2.5459601761791152e-05]
layer_11,471,"[[31, [1, 2, 2, 1, 1]], [33, [1, 16, 2, 1, 1]], [35, [32, 9, 1]], [62, 1], [68, 1], [74, 1], [101, 2]]",[2.5583353941832815e-05]
layer_11,472,"[[31, [1, 2, 2, 1, 1]], [33, [8, 2, 2, 1, 1]], [35, [32, 9, 1]], [62, 1], [68, 0], [74, 1], [101, 3]]",[2.4424288790157212e-05]
layer_11,473,"[[31, [1, 2, 2, 1, 1]], [33, [16, 1, 2, 1, 1]], [35, [32, 9, 1]], [62, 1], [68, 0], [74, 1], [101, 2]]",[2.415586500341763e-05]
layer_11,474,"[[31, [2, 1, 2, 1, 1]], [33, [4, 4, 2, 1, 1]], [35, [32, 9, 1]], [62, 1], [68, 0], [74, 1], [101, 2]]",[2.4044576555023927e-05]
layer_11,475,"[[31, [2, 1, 2, 1, 1]], [33, [1, 16, 2, 1, 1]], [35, [32, 9, 1]], [62, 2], [68, 0], [74, 1], [101, 4]]",[2.392768728639781e-05]
layer_11,476,"[[31, [2, 1, 2, 1, 1]], [33, [1, 16, 2, 1, 1]], [35, [32, 3, 3]], [62, 2], [68, 0], [74, 1], [101, 4]]",[2.392558817498291e-05]
layer_11,477,"[[31, [1, 2, 2, 1, 1]], [33, [1, 16, 2, 1, 1]], [35, [32, 3, 3]], [62, 0], [68, 1], [74, 1], [101, 3]]",[2.571985597082953e-05]
layer_11,478,"[[31, [1, 2, 2, 1, 1]], [33, [4, 4, 2, 1, 1]], [35, [32, 3, 3]], [62, 3], [68, 0], [74, 1], [101, 3]]",[10000000000]
layer_11,479,"[[31, [2, 1, 2, 1, 1]], [33, [2, 8, 2, 1, 1]], [35, [32, 9, 1]], [62, 2], [68, 1], [74, 1], [101, 3]]",[2.606825381571509e-05]
layer_11,480,"[[31, [2, 1, 2, 1, 1]], [33, [2, 8, 2, 1, 1]], [35, [32, 3, 3]], [62, 2], [68, 1], [74, 1], [101, 3]]",[2.6067291951404712e-05]
layer_11,481,"[[31, [2, 1, 2, 1, 1]], [33, [8, 2, 2, 1, 1]], [35, [32, 9, 1]], [62, 1], [68, 1], [74, 1], [101, 4]]",[2.6066427601394753e-05]
layer_11,482,"[[31, [2, 1, 2, 1, 1]], [33, [8, 2, 2, 1, 1]], [35, [32, 3, 3]], [62, 1], [68, 1], [74, 1], [101, 4]]",[2.6068985586952395e-05]
layer_11,483,"[[31, [1, 2, 2, 1, 1]], [33, [4, 4, 2, 1, 1]], [35, [32, 3, 3]], [62, 3], [68, 1], [74, 1], [101, 3]]",[10000000000]
layer_11,484,"[[31, [1, 2, 2, 1, 1]], [33, [2, 8, 2, 1, 1]], [35, [32, 9, 1]], [62, 1], [68, 1], [74, 1], [101, 4]]",[2.606835208252238e-05]
layer_11,485,"[[31, [1, 2, 2, 1, 1]], [33, [2, 8, 2, 1, 1]], [35, [32, 9, 1]], [62, 1], [68, 1], [74, 1], [101, 2]]",[2.6066321564160974e-05]
layer_11,486,"[[31, [1, 2, 2, 1, 1]], [33, [1, 16, 2, 1, 1]], [35, [32, 9, 1]], [62, 2], [68, 1], [74, 1], [101, 4]]",[2.5592483942007705e-05]
layer_11,487,"[[31, [2, 1, 2, 1, 1]], [33, [1, 16, 2, 1, 1]], [35, [32, 3, 3]], [62, 1], [68, 1], [74, 1], [101, 4]]",[2.5565205960516325e-05]
layer_11,488,"[[31, [2, 1, 2, 1, 1]], [33, [1, 16, 2, 1, 1]], [35, [32, 3, 3]], [62, 1], [68, 1], [74, 1], [101, 2]]",[2.5564481005689117e-05]
layer_11,489,"[[31, [2, 1, 2, 1, 1]], [33, [1, 16, 2, 1, 1]], [35, [32, 9, 1]], [62, 1], [68, 1], [74, 1], [101, 2]]",[2.5564552747252745e-05]
layer_11,490,"[[31, [1, 2, 2, 1, 1]], [33, [4, 4, 2, 1, 1]], [35, [32, 9, 1]], [62, 3], [68, 0], [74, 1], [101, 4]]",[10000000000]
layer_11,491,"[[31, [1, 2, 2, 1, 1]], [33, [1, 16, 2, 1, 1]], [35, [32, 3, 3]], [62, 1], [68, 0], [74, 1], [101, 3]]",[2.4436937585733882e-05]
layer_11,492,"[[31, [2, 1, 2, 1, 1]], [33, [2, 4, 4, 1, 1]], [35, [32, 9, 1]], [62, 1], [68, 0], [74, 1], [101, 4]]",[3.06671260757315e-05]
layer_11,493,"[[31, [1, 2, 2, 1, 1]], [33, [2, 8, 2, 1, 1]], [35, [32, 9, 1]], [62, 2], [68, 0], [74, 1], [101, 4]]",[2.4085604078762307e-05]
layer_11,494,"[[31, [2, 1, 2, 1, 1]], [33, [1, 16, 2, 1, 1]], [35, [32, 9, 1]], [62, 3], [68, 0], [74, 1], [101, 4]]",[10000000000]
layer_11,495,"[[31, [1, 2, 2, 1, 1]], [33, [8, 2, 2, 1, 1]], [35, [32, 9, 1]], [62, 1], [68, 1], [74, 1], [101, 4]]",[2.60737983635301e-05]
layer_11,496,"[[31, [2, 1, 2, 1, 1]], [33, [2, 8, 2, 1, 1]], [35, [32, 3, 3]], [62, 0], [68, 2], [74, 1], [101, 4]]",[3.0513090845235306e-05]
layer_11,497,"[[31, [1, 2, 2, 1, 1]], [33, [2, 8, 2, 1, 1]], [35, [32, 9, 1]], [62, 2], [68, 1], [74, 1], [101, 4]]",[2.609600606394708e-05]
layer_11,498,"[[31, [1, 2, 2, 1, 1]], [33, [8, 2, 2, 1, 1]], [35, [32, 3, 3]], [62, 1], [68, 1], [74, 1], [101, 3]]",[2.607259955955221e-05]
layer_11,499,"[[31, [2, 1, 2, 1, 1]], [33, [1, 16, 2, 1, 1]], [35, [32, 9, 1]], [62, 2], [68, 1], [74, 1], [101, 4]]",[2.557331602128831e-05]
layer_11,500,"[[31, [2, 1, 2, 1, 1]], [33, [1, 16, 2, 1, 1]], [35, [32, 3, 3]], [62, 1], [68, 0], [74, 0], [101, 4]]",[2.7064468868640853e-05]
layer_11,501,"[[31, [2, 1, 2, 1, 1]], [33, [1, 16, 2, 1, 1]], [35, [32, 9, 1]], [62, 1], [68, 0], [74, 0], [101, 4]]",[2.7064857061503416e-05]
layer_11,502,"[[31, [2, 1, 2, 1, 1]], [33, [2, 8, 2, 1, 1]], [35, [32, 3, 3]], [62, 1], [68, 2], [74, 1], [101, 4]]",[2.83584533150255e-05]
layer_11,503,"[[31, [1, 2, 2, 1, 1]], [33, [1, 16, 2, 1, 1]], [35, [32, 3, 3]], [62, 3], [68, 1], [74, 1], [101, 4]]",[10000000000]
layer_11,504,"[[31, [2, 1, 2, 1, 1]], [33, [2, 8, 2, 1, 1]], [35, [32, 3, 3]], [62, 2], [68, 2], [74, 1], [101, 4]]",[3.0390415877796897e-05]
layer_11,505,"[[31, [1, 2, 2, 1, 1]], [33, [8, 2, 2, 1, 1]], [35, [32, 9, 1]], [62, 0], [68, 0], [74, 1], [101, 3]]",[2.4237570972886764e-05]
layer_11,506,"[[31, [1, 2, 2, 1, 1]], [33, [16, 1, 2, 1, 1]], [35, [32, 3, 3]], [62, 0], [68, 0], [74, 1], [101, 2]]",[2.4158863636363634e-05]
layer_11,507,"[[31, [2, 1, 2, 1, 1]], [33, [1, 16, 2, 1, 1]], [35, [32, 9, 1]], [62, 3], [68, 1], [74, 1], [101, 3]]",[10000000000]
layer_11,508,"[[31, [2, 1, 2, 1, 1]], [33, [2, 4, 2, 2, 1]], [35, [32, 3, 3]], [62, 1], [68, 0], [74, 2], [101, 4]]",[3.401761213915618e-05]
layer_11,509,"[[31, [1, 2, 1, 2, 1]], [33, [16, 1, 1, 1, 2]], [35, [96, 3, 1]], [62, 1], [68, 1], [74, 0], [101, 0]]",[0.0006728703933054393]
layer_11,510,"[[31, [1, 1, 1, 1, 4]], [33, [1, 1, 1, 32, 1]], [35, [288, 1, 1]], [62, 2], [68, 0], [74, 1], [101, 0]]",[0.0032038080625]
layer_11,511,"[[31, [1, 1, 2, 1, 2]], [33, [2, 8, 1, 2, 1]], [35, [48, 6, 1]], [62, 0], [68, 3], [74, 2], [101, 3]]",[0.00022933008985507247]
layer_11,512,"[[31, [2, 1, 2, 1, 1]], [33, [4, 4, 2, 1, 1]], [35, [32, 9, 1]], [62, 0], [68, 0], [74, 1], [101, 3]]",[2.5752971370893745e-05]
layer_11,513,"[[31, [2, 1, 2, 1, 1]], [33, [4, 4, 2, 1, 1]], [35, [32, 9, 1]], [62, 0], [68, 0], [74, 1], [101, 4]]",[2.4079806315046745e-05]
layer_11,514,"[[31, [1, 2, 2, 1, 1]], [33, [16, 1, 2, 1, 1]], [35, [32, 9, 1]], [62, 0], [68, 0], [74, 1], [101, 3]]",[2.4047786638312955e-05]
layer_11,515,"[[31, [1, 2, 2, 1, 1]], [33, [4, 4, 2, 1, 1]], [35, [32, 3, 3]], [62, 0], [68, 0], [74, 1], [101, 2]]",[2.402760222912479e-05]
layer_11,516,"[[31, [1, 2, 2, 1, 1]], [33, [8, 2, 2, 1, 1]], [35, [32, 3, 3]], [62, 0], [68, 0], [74, 1], [101, 4]]",[2.4122903185840703e-05]
layer_11,517,"[[31, [2, 1, 2, 1, 1]], [33, [1, 16, 2, 1, 1]], [35, [32, 3, 3]], [62, 0], [68, 0], [74, 1], [101, 3]]",[2.397626416694944e-05]
layer_11,518,"[[31, [2, 1, 2, 1, 1]], [33, [1, 16, 2, 1, 1]], [35, [32, 3, 3]], [62, 1], [68, 0], [74, 1], [101, 3]]",[2.408626867315104e-05]
layer_11,519,"[[31, [1, 2, 2, 1, 1]], [33, [16, 1, 2, 1, 1]], [35, [32, 3, 3]], [62, 0], [68, 0], [74, 1], [101, 4]]",[2.4155166267942582e-05]
layer_11,520,"[[31, [1, 2, 2, 1, 1]], [33, [4, 4, 2, 1, 1]], [35, [32, 9, 1]], [62, 0], [68, 0], [74, 1], [101, 3]]",[2.4134499202551834e-05]
layer_11,521,"[[31, [2, 1, 2, 1, 1]], [33, [2, 8, 2, 1, 1]], [35, [32, 9, 1]], [62, 0], [68, 0], [74, 1], [101, 4]]",[2.4199962235133288e-05]
layer_11,522,"[[31, [2, 1, 2, 1, 1]], [33, [1, 16, 2, 1, 1]], [35, [32, 9, 1]], [62, 2], [68, 0], [74, 1], [101, 3]]",[2.3892517942583734e-05]
layer_11,523,"[[31, [2, 1, 2, 1, 1]], [33, [2, 8, 2, 1, 1]], [35, [32, 3, 3]], [62, 1], [68, 0], [74, 1], [101, 3]]",[2.4424497427709776e-05]
layer_11,524,"[[31, [2, 1, 2, 1, 1]], [33, [2, 8, 2, 1, 1]], [35, [32, 9, 1]], [62, 1], [68, 0], [74, 1], [101, 3]]",[2.4427790669856463e-05]
layer_11,525,"[[31, [1, 2, 2, 1, 1]], [33, [8, 2, 2, 1, 1]], [35, [32, 3, 3]], [62, 2], [68, 0], [74, 1], [101, 3]]",[2.4030268489631127e-05]
layer_11,526,"[[31, [1, 2, 2, 1, 1]], [33, [4, 4, 2, 1, 1]], [35, [32, 3, 3]], [62, 0], [68, 0], [74, 1], [101, 4]]",[2.4137403154350523e-05]
layer_11,527,"[[31, [2, 1, 2, 1, 1]], [33, [4, 4, 2, 1, 1]], [35, [32, 3, 3]], [62, 2], [68, 0], [74, 1], [101, 4]]",[2.374553092959672e-05]
layer_11,528,"[[31, [2, 1, 2, 1, 1]], [33, [2, 8, 2, 1, 1]], [35, [32, 3, 3]], [62, 2], [68, 0], [74, 1], [101, 4]]",[2.4064348769651403e-05]
layer_11,529,"[[31, [2, 1, 2, 1, 1]], [33, [4, 4, 2, 1, 1]], [35, [32, 9, 1]], [62, 1], [68, 0], [74, 1], [101, 3]]",[2.4039134459697287e-05]
layer_11,530,"[[31, [2, 1, 2, 1, 1]], [33, [4, 4, 2, 1, 1]], [35, [32, 3, 3]], [62, 1], [68, 0], [74, 1], [101, 4]]",[2.4040834485202907e-05]
layer_11,531,"[[31, [1, 2, 2, 1, 1]], [33, [8, 2, 2, 1, 1]], [35, [32, 9, 1]], [62, 2], [68, 0], [74, 1], [101, 4]]",[2.402431561226298e-05]
layer_11,532,"[[31, [1, 2, 2, 1, 1]], [33, [16, 1, 2, 1, 1]], [35, [32, 9, 1]], [62, 1], [68, 0], [74, 1], [101, 3]]",[2.4133620237462343e-05]
layer_11,533,"[[31, [1, 2, 2, 1, 1]], [33, [16, 1, 2, 1, 1]], [35, [32, 3, 3]], [62, 1], [68, 0], [74, 1], [101, 3]]",[2.412996172248804e-05]
layer_11,534,"[[31, [1, 2, 2, 1, 1]], [33, [16, 1, 2, 1, 1]], [35, [32, 3, 3]], [62, 1], [68, 0], [74, 1], [101, 4]]",[2.4132261826939617e-05]
layer_11,535,"[[31, [1, 2, 2, 1, 1]], [33, [16, 1, 2, 1, 1]], [35, [32, 3, 3]], [62, 2], [68, 0], [74, 1], [101, 4]]",[2.387991883116883e-05]
layer_11,536,"[[31, [2, 1, 2, 1, 1]], [33, [8, 2, 2, 1, 1]], [35, [32, 3, 3]], [62, 2], [68, 0], [74, 1], [101, 4]]",[2.406032391264452e-05]
layer_11,537,"[[31, [2, 1, 2, 1, 1]], [33, [1, 16, 2, 1, 1]], [35, [32, 9, 1]], [62, 3], [68, 0], [74, 1], [101, 3]]",[10000000000]
layer_11,538,"[[31, [2, 1, 2, 1, 1]], [33, [1, 16, 2, 1, 1]], [35, [32, 3, 3]], [62, 3], [68, 0], [74, 1], [101, 3]]",[10000000000]
layer_11,539,"[[31, [2, 1, 2, 1, 1]], [33, [1, 16, 2, 1, 1]], [35, [32, 3, 3]], [62, 3], [68, 0], [74, 1], [101, 4]]",[10000000000]
layer_11,540,"[[31, [2, 1, 2, 1, 1]], [33, [4, 4, 2, 1, 1]], [35, [32, 9, 1]], [62, 3], [68, 0], [74, 1], [101, 3]]",[10000000000]
layer_11,541,"[[31, [2, 1, 2, 1, 1]], [33, [8, 2, 2, 1, 1]], [35, [32, 3, 3]], [62, 1], [68, 0], [74, 1], [101, 3]]",[2.4429237326001027e-05]
layer_11,542,"[[31, [2, 1, 2, 1, 1]], [33, [4, 4, 2, 1, 1]], [35, [32, 3, 3]], [62, 3], [68, 0], [74, 1], [101, 4]]",[10000000000]
layer_11,543,"[[31, [1, 2, 2, 1, 1]], [33, [4, 4, 2, 1, 1]], [35, [32, 9, 1]], [62, 0], [68, 1], [74, 1], [101, 3]]",[2.5546405211965496e-05]
layer_11,544,"[[31, [1, 2, 2, 1, 1]], [33, [8, 2, 2, 1, 1]], [35, [32, 9, 1]], [62, 3], [68, 0], [74, 1], [101, 4]]",[10000000000]
layer_11,545,"[[31, [1, 2, 2, 1, 1]], [33, [4, 4, 2, 1, 1]], [35, [32, 9, 1]], [62, 0], [68, 1], [74, 1], [101, 2]]",[2.5548121673701594e-05]
layer_11,546,"[[31, [1, 2, 2, 1, 1]], [33, [1, 16, 2, 1, 1]], [35, [32, 9, 1]], [62, 3], [68, 0], [74, 1], [101, 4]]",[10000000000]
layer_11,547,"[[31, [1, 2, 2, 1, 1]], [33, [1, 16, 2, 1, 1]], [35, [32, 9, 1]], [62, 0], [68, 1], [74, 1], [101, 4]]",[2.5713501138952163e-05]
layer_11,548,"[[31, [1, 2, 2, 1, 1]], [33, [4, 4, 2, 1, 1]], [35, [32, 3, 3]], [62, 2], [68, 1], [74, 1], [101, 3]]",[2.5463534501642934e-05]
layer_11,549,"[[31, [1, 2, 2, 1, 1]], [33, [4, 4, 2, 1, 1]], [35, [32, 9, 1]], [62, 2], [68, 1], [74, 1], [101, 3]]",[2.546544595338594e-05]
layer_11,550,"[[31, [1, 2, 2, 1, 1]], [33, [4, 4, 2, 1, 1]], [35, [32, 9, 1]], [62, 1], [68, 1], [74, 1], [101, 4]]",[2.5444673261729796e-05]
layer_11,551,"[[31, [1, 2, 2, 1, 1]], [33, [4, 4, 2, 1, 1]], [35, [32, 3, 3]], [62, 0], [68, 1], [74, 1], [101, 4]]",[2.554555472318655e-05]
layer_11,552,"[[31, [1, 2, 2, 1, 1]], [33, [4, 4, 2, 1, 1]], [35, [32, 3, 3]], [62, 1], [68, 1], [74, 1], [101, 3]]",[2.54449034212402e-05]
layer_11,553,"[[31, [1, 2, 2, 1, 1]], [33, [1, 16, 2, 1, 1]], [35, [32, 3, 3]], [62, 3], [68, 0], [74, 1], [101, 3]]",[10000000000]
layer_11,554,"[[31, [2, 1, 2, 1, 1]], [33, [4, 4, 2, 1, 1]], [35, [32, 9, 1]], [62, 0], [68, 1], [74, 1], [101, 4]]",[2.562186402266289e-05]
layer_11,555,"[[31, [2, 1, 2, 1, 1]], [33, [4, 4, 2, 1, 1]], [35, [32, 3, 3]], [62, 0], [68, 1], [74, 1], [101, 4]]",[2.562010313819049e-05]
layer_11,556,"[[31, [1, 2, 2, 1, 1]], [33, [4, 4, 2, 1, 1]], [35, [32, 3, 3]], [62, 2], [68, 1], [74, 1], [101, 4]]",[2.5466443026758813e-05]
layer_11,557,"[[31, [2, 1, 2, 1, 1]], [33, [1, 16, 2, 1, 1]], [35, [32, 9, 1]], [62, 0], [68, 1], [74, 1], [101, 4]]",[2.5677988071205724e-05]
layer_11,558,"[[31, [2, 1, 2, 1, 1]], [33, [1, 16, 2, 1, 1]], [35, [32, 3, 3]], [62, 0], [68, 1], [74, 1], [101, 4]]",[2.5678324096164433e-05]
layer_11,559,"[[31, [2, 1, 2, 1, 1]], [33, [1, 16, 2, 1, 1]], [35, [32, 9, 1]], [62, 0], [68, 1], [74, 1], [101, 2]]",[2.5678681552666287e-05]
layer_11,560,"[[31, [2, 1, 2, 1, 1]], [33, [8, 2, 2, 1, 1]], [35, [32, 3, 3]], [62, 3], [68, 0], [74, 1], [101, 4]]",[10000000000]
layer_11,561,"[[31, [2, 1, 2, 1, 1]], [33, [1, 16, 2, 1, 1]], [35, [32, 9, 1]], [62, 1], [68, 1], [74, 1], [101, 3]]",[2.5553582308680493e-05]
layer_11,562,"[[31, [2, 1, 2, 1, 1]], [33, [4, 4, 2, 1, 1]], [35, [32, 9, 1]], [62, 2], [68, 1], [74, 1], [101, 3]]",[2.5473496788401542e-05]
layer_11,563,"[[31, [1, 2, 2, 1, 1]], [33, [16, 1, 2, 1, 1]], [35, [32, 3, 3]], [62, 2], [68, 0], [74, 1], [101, 2]]",[2.3882060875287924e-05]
layer_11,564,"[[31, [2, 1, 2, 1, 1]], [33, [1, 16, 2, 1, 1]], [35, [32, 9, 1]], [62, 2], [68, 1], [74, 1], [101, 3]]",[2.556434147675479e-05]
layer_11,565,"[[31, [1, 2, 2, 1, 1]], [33, [16, 1, 2, 1, 1]], [35, [32, 3, 3]], [62, 1], [68, 1], [74, 1], [101, 2]]",[2.5627191248290686e-05]
layer_11,566,"[[31, [1, 2, 2, 1, 1]], [33, [16, 1, 2, 1, 1]], [35, [32, 9, 1]], [62, 1], [68, 1], [74, 1], [101, 2]]",[2.5656032606769447e-05]
layer_11,567,"[[31, [2, 1, 2, 1, 1]], [33, [2, 8, 2, 1, 1]], [35, [32, 3, 3]], [62, 1], [68, 1], [74, 1], [101, 2]]",[2.6055734798534793e-05]
layer_11,568,"[[31, [2, 1, 2, 1, 1]], [33, [2, 8, 2, 1, 1]], [35, [32, 9, 1]], [62, 1], [68, 1], [74, 1], [101, 4]]",[2.6056163890991675e-05]
layer_11,569,"[[31, [2, 1, 2, 1, 1]], [33, [1, 16, 2, 1, 1]], [35, [32, 3, 3]], [62, 2], [68, 1], [74, 1], [101, 4]]",[2.556584392642506e-05]
layer_11,570,"[[31, [1, 2, 2, 1, 1]], [33, [4, 4, 2, 1, 1]], [35, [32, 9, 1]], [62, 3], [68, 1], [74, 1], [101, 3]]",[10000000000]
layer_11,571,"[[31, [2, 1, 2, 1, 1]], [33, [4, 4, 2, 1, 1]], [35, [32, 3, 3]], [62, 2], [68, 1], [74, 1], [101, 4]]",[2.5472774270508347e-05]
layer_11,572,"[[31, [2, 1, 2, 1, 1]], [33, [2, 8, 2, 1, 1]], [35, [32, 3, 3]], [62, 1], [68, 1], [74, 1], [101, 3]]",[2.6056649109928432e-05]
layer_11,573,"[[31, [2, 2, 1, 1, 1]], [33, [2, 4, 1, 2, 2]], [35, [24, 12, 1]], [62, 1], [68, 2], [74, 2], [101, 4]]",[0.0003842788144578313]
layer_11,574,"[[31, [1, 2, 1, 2, 1]], [33, [2, 4, 4, 1, 1]], [35, [72, 4, 1]], [62, 2], [68, 2], [74, 3], [101, 4]]",[7.645906946526737e-05]
layer_11,575,"[[31, [1, 2, 1, 2, 1]], [33, [2, 1, 2, 4, 2]], [35, [96, 3, 1]], [62, 0], [68, 2], [74, 3], [101, 2]]",[10000000000]
layer_11,576,"[[31, [1, 2, 2, 1, 1]], [33, [16, 1, 2, 1, 1]], [35, [32, 3, 3]], [62, 0], [68, 0], [74, 1], [101, 3]]",[2.584295766894457e-05]
layer_11,577,"[[31, [1, 2, 2, 1, 1]], [33, [16, 1, 2, 1, 1]], [35, [32, 9, 1]], [62, 0], [68, 0], [74, 1], [101, 4]]",[2.4122541238938054e-05]
layer_11,578,"[[31, [1, 2, 2, 1, 1]], [33, [16, 1, 2, 1, 1]], [35, [32, 3, 3]], [62, 3], [68, 0], [74, 1], [101, 4]]",[10000000000]
layer_11,579,"[[31, [2, 1, 2, 1, 1]], [33, [2, 8, 2, 1, 1]], [35, [32, 9, 1]], [62, 0], [68, 0], [74, 1], [101, 2]]",[2.420149644484959e-05]
layer_11,580,"[[31, [2, 1, 2, 1, 1]], [33, [2, 8, 2, 1, 1]], [35, [32, 3, 3]], [62, 0], [68, 0], [74, 1], [101, 2]]",[2.4197209380530975e-05]
layer_11,581,"[[31, [1, 2, 2, 1, 1]], [33, [16, 1, 2, 1, 1]], [35, [32, 3, 3]], [62, 3], [68, 0], [74, 1], [101, 2]]",[10000000000]
layer_11,582,"[[31, [2, 1, 2, 1, 1]], [33, [8, 2, 2, 1, 1]], [35, [32, 9, 1]], [62, 2], [68, 0], [74, 1], [101, 2]]",[2.406382467532468e-05]
layer_11,583,"[[31, [2, 1, 2, 1, 1]], [33, [1, 16, 2, 1, 1]], [35, [32, 9, 1]], [62, 0], [68, 0], [74, 1], [101, 2]]",[2.4086611244019137e-05]
layer_11,584,"[[31, [2, 1, 2, 1, 1]], [33, [1, 16, 2, 1, 1]], [35, [32, 3, 3]], [62, 0], [68, 0], [74, 1], [101, 2]]",[2.4087235828052753e-05]
layer_11,585,"[[31, [2, 1, 2, 1, 1]], [33, [1, 16, 2, 1, 1]], [35, [32, 3, 3]], [62, 0], [68, 0], [74, 1], [101, 4]]",[2.4088949849370904e-05]
layer_11,586,"[[31, [2, 1, 2, 1, 1]], [33, [2, 8, 2, 1, 1]], [35, [32, 9, 1]], [62, 1], [68, 0], [74, 1], [101, 2]]",[2.4420122654867257e-05]
layer_11,587,"[[31, [1, 2, 2, 1, 1]], [33, [8, 2, 2, 1, 1]], [35, [32, 9, 1]], [62, 2], [68, 0], [74, 1], [101, 3]]",[2.4022339583691727e-05]
layer_11,588,"[[31, [2, 1, 2, 1, 1]], [33, [8, 2, 2, 1, 1]], [35, [32, 9, 1]], [62, 2], [68, 0], [74, 1], [101, 4]]",[2.4060930810070216e-05]
layer_11,589,"[[31, [2, 1, 2, 1, 1]], [33, [8, 2, 2, 1, 1]], [35, [32, 3, 3]], [62, 0], [68, 0], [74, 1], [101, 4]]",[2.4197305194805198e-05]
layer_11,590,"[[31, [2, 1, 2, 1, 1]], [33, [8, 2, 2, 1, 1]], [35, [32, 9, 1]], [62, 0], [68, 0], [74, 1], [101, 4]]",[2.4197584668389324e-05]
layer_11,591,"[[31, [1, 2, 2, 1, 1]], [33, [4, 4, 2, 1, 1]], [35, [32, 9, 1]], [62, 0], [68, 0], [74, 1], [101, 2]]",[2.4136676460176988e-05]
layer_11,592,"[[31, [2, 1, 2, 1, 1]], [33, [2, 8, 2, 1, 1]], [35, [32, 9, 1]], [62, 2], [68, 0], [74, 1], [101, 3]]",[2.4059554492291334e-05]
layer_11,593,"[[31, [1, 2, 2, 1, 1]], [33, [8, 2, 2, 1, 1]], [35, [32, 9, 1]], [62, 3], [68, 0], [74, 1], [101, 3]]",[10000000000]
layer_11,594,"[[31, [2, 1, 2, 1, 1]], [33, [2, 8, 2, 1, 1]], [35, [32, 3, 3]], [62, 3], [68, 0], [74, 1], [101, 3]]",[10000000000]
layer_11,595,"[[31, [2, 1, 2, 1, 1]], [33, [8, 2, 2, 1, 1]], [35, [32, 9, 1]], [62, 2], [68, 0], [74, 1], [101, 3]]",[2.4061550062023747e-05]
layer_11,596,"[[31, [2, 1, 2, 1, 1]], [33, [8, 2, 2, 1, 1]], [35, [32, 3, 3]], [62, 2], [68, 0], [74, 1], [101, 3]]",[2.4058575871496924e-05]
layer_11,597,"[[31, [2, 1, 2, 1, 1]], [33, [4, 4, 2, 1, 1]], [35, [32, 9, 1]], [62, 0], [68, 0], [74, 1], [101, 2]]",[2.417768226120858e-05]
layer_11,598,"[[31, [1, 2, 2, 1, 1]], [33, [4, 4, 2, 1, 1]], [35, [32, 3, 3]], [62, 1], [68, 0], [74, 1], [101, 2]]",[2.3995997932816535e-05]
layer_11,599,"[[31, [1, 2, 2, 1, 1]], [33, [4, 4, 2, 1, 1]], [35, [32, 9, 1]], [62, 1], [68, 0], [74, 1], [101, 2]]",[2.3994881237183873e-05]
layer_11,600,"[[31, [2, 1, 2, 1, 1]], [33, [4, 4, 2, 1, 1]], [35, [32, 9, 1]], [62, 3], [68, 0], [74, 1], [101, 4]]",[10000000000]
layer_11,601,"[[31, [1, 2, 2, 1, 1]], [33, [16, 1, 2, 1, 1]], [35, [32, 3, 3]], [62, 1], [68, 0], [74, 1], [101, 2]]",[2.4165892748671226e-05]
layer_11,602,"[[31, [2, 1, 2, 1, 1]], [33, [4, 4, 2, 1, 1]], [35, [32, 3, 3]], [62, 0], [68, 0], [74, 1], [101, 3]]",[2.4176338687628158e-05]
layer_11,603,"[[31, [2, 1, 2, 1, 1]], [33, [2, 8, 2, 1, 1]], [35, [32, 9, 1]], [62, 2], [68, 0], [74, 1], [101, 4]]",[2.4062599282296653e-05]
layer_11,604,"[[31, [2, 1, 2, 1, 1]], [33, [4, 4, 2, 1, 1]], [35, [32, 3, 3]], [62, 0], [68, 0], [74, 1], [101, 4]]",[2.417496473507e-05]
layer_11,605,"[[31, [2, 1, 2, 1, 1]], [33, [8, 2, 2, 1, 1]], [35, [32, 3, 3]], [62, 0], [68, 0], [74, 1], [101, 3]]",[2.4194925925925927e-05]
layer_11,606,"[[31, [2, 1, 2, 1, 1]], [33, [8, 2, 2, 1, 1]], [35, [32, 9, 1]], [62, 0], [68, 0], [74, 1], [101, 3]]",[2.4196812371838687e-05]
layer_11,607,"[[31, [1, 2, 2, 1, 1]], [33, [4, 4, 2, 1, 1]], [35, [32, 9, 1]], [62, 3], [68, 0], [74, 1], [101, 3]]",[10000000000]
layer_11,608,"[[31, [1, 2, 2, 1, 1]], [33, [8, 2, 2, 1, 1]], [35, [32, 9, 1]], [62, 1], [68, 0], [74, 1], [101, 2]]",[2.4415768562821193e-05]
layer_11,609,"[[31, [1, 2, 2, 1, 1]], [33, [8, 2, 2, 1, 1]], [35, [32, 9, 1]], [62, 0], [68, 0], [74, 1], [101, 4]]",[2.4239566542619173e-05]
layer_11,610,"[[31, [2, 1, 2, 1, 1]], [33, [2, 8, 2, 1, 1]], [35, [32, 9, 1]], [62, 3], [68, 0], [74, 1], [101, 4]]",[10000000000]
layer_11,611,"[[31, [2, 1, 2, 1, 1]], [33, [2, 8, 2, 1, 1]], [35, [32, 3, 3]], [62, 3], [68, 0], [74, 1], [101, 4]]",[10000000000]
layer_11,612,"[[31, [1, 2, 2, 1, 1]], [33, [8, 2, 2, 1, 1]], [35, [32, 3, 3]], [62, 1], [68, 0], [74, 1], [101, 3]]",[2.4414695007937906e-05]
layer_11,613,"[[31, [1, 2, 2, 1, 1]], [33, [4, 4, 2, 1, 1]], [35, [32, 3, 3]], [62, 3], [68, 0], [74, 1], [101, 4]]",[10000000000]
layer_11,614,"[[31, [2, 1, 2, 1, 1]], [33, [8, 2, 2, 1, 1]], [35, [32, 9, 1]], [62, 1], [68, 0], [74, 1], [101, 4]]",[2.4418366489264086e-05]
layer_11,615,"[[31, [2, 1, 2, 1, 1]], [33, [16, 1, 2, 1, 1]], [35, [32, 3, 3]], [62, 2], [68, 0], [74, 1], [101, 2]]",[2.4059624060150376e-05]
layer_11,616,"[[31, [2, 1, 2, 1, 1]], [33, [16, 1, 2, 1, 1]], [35, [32, 9, 1]], [62, 2], [68, 0], [74, 1], [101, 2]]",[2.4058226589200276e-05]
layer_11,617,"[[31, [2, 1, 2, 1, 1]], [33, [8, 2, 2, 1, 1]], [35, [32, 9, 1]], [62, 1], [68, 0], [74, 1], [101, 3]]",[2.441507219690064e-05]
layer_11,618,"[[31, [2, 1, 2, 1, 1]], [33, [16, 1, 2, 1, 1]], [35, [32, 9, 1]], [62, 1], [68, 0], [74, 1], [101, 2]]",[2.4432196700274977e-05]
layer_11,619,"[[31, [2, 1, 2, 1, 1]], [33, [16, 1, 2, 1, 1]], [35, [32, 9, 1]], [62, 0], [68, 0], [74, 1], [101, 3]]",[2.4082763069289387e-05]
layer_11,620,"[[31, [2, 1, 2, 1, 1]], [33, [8, 2, 2, 1, 1]], [35, [32, 3, 3]], [62, 2], [68, 1], [74, 1], [101, 3]]",[2.6066318431521122e-05]
layer_11,621,"[[31, [2, 1, 2, 1, 1]], [33, [16, 1, 2, 1, 1]], [35, [32, 9, 1]], [62, 1], [68, 0], [74, 1], [101, 4]]",[2.4436816764132552e-05]
layer_11,622,"[[31, [2, 1, 2, 1, 1]], [33, [8, 2, 2, 1, 1]], [35, [32, 9, 1]], [62, 0], [68, 1], [74, 1], [101, 3]]",[2.6178806202973022e-05]
layer_11,623,"[[31, [2, 1, 2, 1, 1]], [33, [8, 2, 2, 1, 1]], [35, [32, 3, 3]], [62, 0], [68, 1], [74, 1], [101, 3]]",[2.617805429005315e-05]
layer_11,624,"[[31, [2, 1, 2, 1, 1]], [33, [8, 2, 2, 1, 1]], [35, [32, 3, 3]], [62, 2], [68, 1], [74, 1], [101, 4]]",[2.6066427601394753e-05]
layer_11,625,"[[31, [2, 1, 2, 1, 1]], [33, [4, 4, 2, 1, 1]], [35, [32, 3, 3]], [62, 2], [68, 1], [74, 1], [101, 3]]",[2.5474228047662697e-05]
layer_11,626,"[[31, [1, 2, 2, 1, 1]], [33, [16, 1, 2, 1, 1]], [35, [32, 9, 1]], [62, 0], [68, 1], [74, 1], [101, 3]]",[2.5797431330852383e-05]
layer_11,627,"[[31, [1, 2, 2, 1, 1]], [33, [16, 1, 2, 1, 1]], [35, [32, 3, 3]], [62, 2], [68, 1], [74, 1], [101, 4]]",[2.5574623600660672e-05]
layer_11,628,"[[31, [1, 2, 2, 1, 1]], [33, [4, 4, 2, 1, 1]], [35, [32, 9, 1]], [62, 1], [68, 1], [74, 1], [101, 3]]",[2.544611961722488e-05]
layer_11,629,"[[31, [1, 2, 2, 1, 1]], [33, [16, 1, 2, 1, 1]], [35, [32, 3, 3]], [62, 0], [68, 1], [74, 1], [101, 4]]",[2.5826562606554273e-05]
layer_11,630,"[[31, [2, 1, 2, 1, 1]], [33, [4, 4, 2, 1, 1]], [35, [32, 9, 1]], [62, 3], [68, 1], [74, 1], [101, 3]]",[10000000000]
layer_11,631,"[[31, [2, 1, 2, 1, 1]], [33, [8, 2, 2, 1, 1]], [35, [32, 3, 3]], [62, 1], [68, 1], [74, 1], [101, 3]]",[2.606983788914199e-05]
layer_11,632,"[[31, [1, 2, 2, 1, 1]], [33, [4, 4, 2, 1, 1]], [35, [32, 9, 1]], [62, 3], [68, 1], [74, 1], [101, 4]]",[10000000000]
layer_11,633,"[[31, [1, 2, 2, 1, 1]], [33, [4, 4, 2, 1, 1]], [35, [32, 3, 3]], [62, 3], [68, 1], [74, 1], [101, 4]]",[10000000000]
layer_11,634,"[[31, [1, 2, 2, 1, 1]], [33, [8, 2, 2, 1, 1]], [35, [32, 9, 1]], [62, 2], [68, 1], [74, 1], [101, 3]]",[2.6072734434320425e-05]
layer_11,635,"[[31, [2, 1, 2, 1, 1]], [33, [4, 4, 2, 1, 1]], [35, [32, 9, 1]], [62, 0], [68, 1], [74, 1], [101, 2]]",[2.5634202605982747e-05]
layer_11,636,"[[31, [2, 1, 2, 1, 1]], [33, [4, 4, 2, 1, 1]], [35, [32, 9, 1]], [62, 1], [68, 1], [74, 1], [101, 2]]",[2.549419930262433e-05]
layer_11,637,"[[31, [4, 1, 1, 1, 1]], [33, [8, 1, 1, 2, 2]], [35, [288, 1, 1]], [62, 0], [68, 0], [74, 2], [101, 2]]",[0.0003089231856866538]
layer_11,638,"[[31, [1, 4, 1, 1, 1]], [33, [16, 1, 1, 1, 2]], [35, [96, 1, 3]], [62, 0], [68, 1], [74, 0], [101, 1]]",[0.00040450325252525257]
layer_11,639,"[[31, [1, 4, 1, 1, 1]], [33, [4, 1, 2, 2, 2]], [35, [72, 2, 2]], [62, 2], [68, 1], [74, 1], [101, 4]]",[0.00043958217534246575]
layer_11,640,"[[31, [2, 1, 2, 1, 1]], [33, [8, 2, 2, 1, 1]], [35, [32, 3, 3]], [62, 2], [68, 0], [74, 1], [101, 2]]",[2.5779314903846155e-05]
layer_11,641,"[[31, [1, 2, 2, 1, 1]], [33, [16, 1, 2, 1, 1]], [35, [32, 9, 1]], [62, 2], [68, 0], [74, 1], [101, 2]]",[2.389787028176502e-05]
layer_11,642,"[[31, [2, 1, 2, 1, 1]], [33, [16, 1, 2, 1, 1]], [35, [32, 9, 1]], [62, 0], [68, 0], [74, 1], [101, 2]]",[2.4091823479152428e-05]
layer_11,643,"[[31, [2, 1, 2, 1, 1]], [33, [16, 1, 2, 1, 1]], [35, [32, 9, 1]], [62, 3], [68, 0], [74, 1], [101, 2]]",[10000000000]
layer_11,644,"[[31, [1, 2, 2, 1, 1]], [33, [16, 1, 2, 1, 1]], [35, [32, 9, 1]], [62, 3], [68, 0], [74, 1], [101, 2]]",[10000000000]
layer_11,645,"[[31, [2, 1, 2, 1, 1]], [33, [4, 4, 2, 1, 1]], [35, [32, 3, 3]], [62, 2], [68, 0], [74, 1], [101, 3]]",[2.374608489634748e-05]
layer_11,646,"[[31, [2, 1, 2, 1, 1]], [33, [1, 16, 2, 1, 1]], [35, [32, 3, 3]], [62, 2], [68, 0], [74, 1], [101, 3]]",[2.3902548289916713e-05]
layer_11,647,"[[31, [1, 2, 2, 1, 1]], [33, [8, 2, 2, 1, 1]], [35, [32, 3, 3]], [62, 1], [68, 0], [74, 1], [101, 2]]",[2.44126833244728e-05]
layer_11,648,"[[31, [2, 1, 2, 1, 1]], [33, [4, 4, 2, 1, 1]], [35, [32, 3, 3]], [62, 1], [68, 0], [74, 1], [101, 2]]",[2.4030702640439483e-05]
layer_11,649,"[[31, [2, 1, 2, 1, 1]], [33, [4, 4, 2, 1, 1]], [35, [32, 3, 3]], [62, 0], [68, 0], [74, 1], [101, 2]]",[2.417027179298954e-05]
layer_11,650,"[[31, [2, 1, 2, 1, 1]], [33, [4, 4, 2, 1, 1]], [35, [32, 3, 3]], [62, 3], [68, 0], [74, 1], [101, 3]]",[10000000000]
layer_11,651,"[[31, [1, 2, 2, 1, 1]], [33, [16, 1, 2, 1, 1]], [35, [32, 9, 1]], [62, 2], [68, 0], [74, 1], [101, 3]]",[2.389696172248804e-05]
layer_11,652,"[[31, [2, 1, 2, 1, 1]], [33, [16, 1, 2, 1, 1]], [35, [32, 3, 3]], [62, 0], [68, 0], [74, 1], [101, 3]]",[2.4092762537657274e-05]
layer_11,653,"[[31, [2, 1, 2, 1, 1]], [33, [16, 1, 2, 1, 1]], [35, [32, 3, 3]], [62, 0], [68, 0], [74, 1], [101, 4]]",[2.409221637426901e-05]
layer_11,654,"[[31, [2, 1, 2, 1, 1]], [33, [16, 1, 2, 1, 1]], [35, [32, 3, 3]], [62, 2], [68, 0], [74, 1], [101, 4]]",[2.4057593057226324e-05]
layer_11,655,"[[31, [2, 1, 2, 1, 1]], [33, [16, 1, 2, 1, 1]], [35, [32, 9, 1]], [62, 2], [68, 0], [74, 1], [101, 3]]",[2.405766848940533e-05]
layer_11,656,"[[31, [2, 1, 2, 1, 1]], [33, [2, 8, 2, 1, 1]], [35, [32, 9, 1]], [62, 0], [68, 0], [74, 1], [101, 3]]",[2.422249601275917e-05]
layer_11,657,"[[31, [2, 1, 2, 1, 1]], [33, [8, 2, 2, 1, 1]], [35, [32, 9, 1]], [62, 3], [68, 0], [74, 1], [101, 3]]",[10000000000]
layer_11,658,"[[31, [2, 1, 2, 1, 1]], [33, [8, 2, 2, 1, 1]], [35, [32, 9, 1]], [62, 3], [68, 0], [74, 1], [101, 4]]",[10000000000]
layer_11,659,"[[31, [1, 2, 2, 1, 1]], [33, [16, 1, 2, 1, 1]], [35, [32, 9, 1]], [62, 0], [68, 0], [74, 1], [101, 2]]",[2.4174473600844776e-05]
layer_11,660,"[[31, [1, 2, 2, 1, 1]], [33, [16, 1, 2, 1, 1]], [35, [32, 3, 3]], [62, 3], [68, 0], [74, 1], [101, 3]]",[10000000000]
layer_11,661,"[[31, [2, 1, 2, 1, 1]], [33, [16, 1, 2, 1, 1]], [35, [32, 3, 3]], [62, 3], [68, 0], [74, 1], [101, 4]]",[10000000000]
layer_11,662,"[[31, [2, 1, 2, 1, 1]], [33, [16, 1, 2, 1, 1]], [35, [32, 3, 3]], [62, 1], [68, 0], [74, 1], [101, 2]]",[2.44793652046247e-05]
layer_11,663,"[[31, [1, 2, 2, 1, 1]], [33, [8, 2, 2, 1, 1]], [35, [32, 3, 3]], [62, 0], [68, 0], [74, 1], [101, 3]]",[2.4251723905723904e-05]
layer_11,664,"[[31, [2, 1, 2, 1, 1]], [33, [4, 4, 2, 1, 1]], [35, [32, 3, 3]], [62, 1], [68, 0], [74, 1], [101, 3]]",[2.4045997607655502e-05]
layer_11,665,"[[31, [1, 2, 2, 1, 1]], [33, [16, 1, 2, 1, 1]], [35, [32, 9, 1]], [62, 1], [68, 0], [74, 1], [101, 4]]",[2.4151667122351332e-05]
layer_11,666,"[[31, [2, 1, 2, 1, 1]], [33, [16, 1, 2, 1, 1]], [35, [32, 3, 3]], [62, 1], [68, 0], [74, 1], [101, 3]]",[2.4478572213361687e-05]
layer_11,667,"[[31, [1, 2, 2, 1, 1]], [33, [1, 16, 2, 1, 1]], [35, [32, 3, 3]], [62, 1], [68, 0], [74, 1], [101, 2]]",[2.44795947880345e-05]
layer_11,668,"[[31, [2, 1, 2, 1, 1]], [33, [16, 1, 2, 1, 1]], [35, [32, 9, 1]], [62, 2], [68, 1], [74, 1], [101, 2]]",[2.562499247568361e-05]
layer_11,669,"[[31, [2, 1, 2, 1, 1]], [33, [16, 1, 2, 1, 1]], [35, [32, 3, 3]], [62, 2], [68, 1], [74, 1], [101, 2]]",[2.5626311212397444e-05]
layer_11,670,"[[31, [1, 2, 2, 1, 1]], [33, [8, 2, 2, 1, 1]], [35, [32, 3, 3]], [62, 2], [68, 0], [74, 1], [101, 2]]",[2.4043403331561227e-05]
layer_11,671,"[[31, [1, 2, 2, 1, 1]], [33, [8, 2, 2, 1, 1]], [35, [32, 9, 1]], [62, 2], [68, 0], [74, 1], [101, 2]]",[2.40437030075188e-05]
layer_11,672,"[[31, [2, 1, 2, 1, 1]], [33, [4, 4, 2, 1, 1]], [35, [32, 9, 1]], [62, 2], [68, 0], [74, 1], [101, 2]]",[2.3774112706007443e-05]
layer_11,673,"[[31, [2, 1, 2, 1, 1]], [33, [16, 1, 2, 1, 1]], [35, [32, 3, 3]], [62, 0], [68, 1], [74, 1], [101, 3]]",[2.575416818526955e-05]
layer_11,674,"[[31, [2, 1, 2, 1, 1]], [33, [4, 4, 2, 1, 1]], [35, [32, 9, 1]], [62, 3], [68, 0], [74, 1], [101, 2]]",[10000000000]
layer_11,675,"[[31, [2, 1, 2, 1, 1]], [33, [8, 2, 2, 1, 1]], [35, [32, 3, 3]], [62, 2], [68, 0], [74, 0], [101, 4]]",[3.016173429432014e-05]
layer_11,676,"[[31, [2, 1, 2, 1, 1]], [33, [8, 2, 2, 1, 1]], [35, [32, 9, 1]], [62, 3], [68, 0], [74, 0], [101, 4]]",[10000000000]
layer_11,677,"[[31, [1, 2, 2, 1, 1]], [33, [4, 4, 2, 1, 1]], [35, [32, 9, 1]], [62, 1], [68, 1], [74, 1], [101, 2]]",[2.5474159112459702e-05]
layer_11,678,"[[31, [2, 1, 2, 1, 1]], [33, [8, 2, 2, 1, 1]], [35, [32, 3, 3]], [62, 0], [68, 0], [74, 0], [101, 4]]",[3.0276101064940487e-05]
layer_11,679,"[[31, [2, 1, 2, 1, 1]], [33, [8, 2, 2, 1, 1]], [35, [32, 9, 1]], [62, 0], [68, 0], [74, 0], [101, 4]]",[3.0274051204819273e-05]
layer_11,680,"[[31, [2, 1, 2, 1, 1]], [33, [8, 2, 2, 1, 1]], [35, [32, 9, 1]], [62, 2], [68, 0], [74, 0], [101, 2]]",[3.016190834767642e-05]
layer_11,681,"[[31, [1, 2, 2, 1, 1]], [33, [16, 1, 2, 1, 1]], [35, [32, 3, 3]], [62, 2], [68, 1], [74, 1], [101, 2]]",[2.5602441732427966e-05]
layer_11,682,"[[31, [2, 1, 2, 1, 1]], [33, [8, 2, 2, 1, 1]], [35, [32, 9, 1]], [62, 0], [68, 0], [74, 0], [101, 2]]",[3.0278279690189327e-05]
layer_11,683,"[[31, [2, 1, 2, 1, 1]], [33, [8, 2, 2, 1, 1]], [35, [32, 9, 1]], [62, 2], [68, 1], [74, 1], [101, 3]]",[2.6081567373202118e-05]
layer_11,684,"[[31, [2, 1, 2, 1, 1]], [33, [8, 2, 2, 1, 1]], [35, [32, 9, 1]], [62, 2], [68, 1], [74, 1], [101, 4]]",[2.6080899772209567e-05]
layer_11,685,"[[31, [2, 1, 2, 1, 1]], [33, [8, 2, 2, 1, 1]], [35, [32, 3, 3]], [62, 3], [68, 1], [74, 1], [101, 4]]",[10000000000]
layer_11,686,"[[31, [2, 1, 2, 1, 1]], [33, [8, 2, 2, 1, 1]], [35, [32, 9, 1]], [62, 3], [68, 1], [74, 1], [101, 3]]",[10000000000]
layer_11,687,"[[31, [2, 1, 2, 1, 1]], [33, [8, 2, 2, 1, 1]], [35, [32, 9, 1]], [62, 3], [68, 1], [74, 1], [101, 4]]",[10000000000]
layer_11,688,"[[31, [2, 1, 2, 1, 1]], [33, [1, 16, 2, 1, 1]], [35, [32, 9, 1]], [62, 3], [68, 0], [74, 1], [101, 2]]",[10000000000]
layer_11,689,"[[31, [2, 1, 2, 1, 1]], [33, [4, 4, 2, 1, 1]], [35, [32, 9, 1]], [62, 3], [68, 1], [74, 1], [101, 4]]",[10000000000]
layer_11,690,"[[31, [1, 2, 2, 1, 1]], [33, [4, 4, 2, 1, 1]], [35, [32, 9, 1]], [62, 3], [68, 0], [74, 1], [101, 2]]",[10000000000]
layer_11,691,"[[31, [1, 2, 2, 1, 1]], [33, [4, 4, 2, 1, 1]], [35, [32, 3, 3]], [62, 3], [68, 0], [74, 1], [101, 2]]",[10000000000]
layer_11,692,"[[31, [2, 1, 2, 1, 1]], [33, [8, 2, 2, 1, 1]], [35, [32, 9, 1]], [62, 0], [68, 1], [74, 1], [101, 4]]",[2.617875567736883e-05]
layer_11,693,"[[31, [1, 2, 2, 1, 1]], [33, [8, 2, 2, 1, 1]], [35, [32, 9, 1]], [62, 2], [68, 1], [74, 1], [101, 4]]",[2.6071877041659022e-05]
layer_11,694,"[[31, [1, 2, 2, 1, 1]], [33, [8, 2, 2, 1, 1]], [35, [32, 3, 3]], [62, 2], [68, 1], [74, 1], [101, 3]]",[2.6067691383136095e-05]
layer_11,695,"[[31, [1, 2, 2, 1, 1]], [33, [16, 1, 2, 1, 1]], [35, [32, 3, 3]], [62, 0], [68, 1], [74, 1], [101, 2]]",[2.586721958838662e-05]
layer_11,696,"[[31, [1, 2, 2, 1, 1]], [33, [16, 1, 2, 1, 1]], [35, [32, 9, 1]], [62, 0], [68, 1], [74, 1], [101, 4]]",[2.583772263187748e-05]
layer_11,697,"[[31, [1, 2, 2, 1, 1]], [33, [8, 2, 2, 1, 1]], [35, [32, 3, 3]], [62, 3], [68, 1], [74, 1], [101, 4]]",[10000000000]
layer_11,698,"[[31, [2, 1, 2, 1, 1]], [33, [4, 4, 2, 1, 1]], [35, [32, 3, 3]], [62, 0], [68, 1], [74, 1], [101, 3]]",[2.562906822612086e-05]
layer_11,699,"[[31, [2, 1, 2, 1, 1]], [33, [4, 4, 2, 1, 1]], [35, [32, 9, 1]], [62, 0], [68, 1], [74, 1], [101, 3]]",[2.5629197547169813e-05]
layer_11,700,"[[31, [2, 1, 2, 1, 1]], [33, [8, 2, 2, 1, 1]], [35, [32, 9, 1]], [62, 1], [68, 1], [74, 1], [101, 3]]",[2.6067368507983117e-05]
layer_11,701,"[[31, [1, 1, 1, 4, 1]], [33, [1, 8, 4, 1, 1]], [35, [36, 2, 4]], [62, 2], [68, 1], [74, 1], [101, 2]]",[0.00016954770645161293]
layer_11,702,"[[31, [1, 1, 2, 2, 1]], [33, [4, 4, 1, 2, 1]], [35, [36, 8, 1]], [62, 2], [68, 3], [74, 3], [101, 0]]",[0.00010920079228070176]
layer_11,703,"[[31, [1, 1, 2, 2, 1]], [33, [2, 2, 2, 2, 2]], [35, [48, 6, 1]], [62, 3], [68, 0], [74, 0], [101, 3]]",[0.00030104053396226414]
layer_11,704,"[[31, [2, 1, 2, 1, 1]], [33, [4, 4, 2, 1, 1]], [35, [32, 3, 3]], [62, 2], [68, 0], [74, 1], [101, 2]]",[2.4257562219183435e-05]
layer_11,705,"[[31, [2, 1, 2, 1, 1]], [33, [16, 1, 2, 1, 1]], [35, [32, 3, 3]], [62, 2], [68, 0], [74, 1], [101, 3]]",[2.4057377813219922e-05]
layer_11,706,"[[31, [2, 1, 2, 1, 1]], [33, [16, 1, 2, 1, 1]], [35, [32, 9, 1]], [62, 2], [68, 0], [74, 1], [101, 4]]",[2.405806184653553e-05]
layer_11,707,"[[31, [2, 1, 2, 1, 1]], [33, [16, 1, 2, 1, 1]], [35, [32, 3, 3]], [62, 0], [68, 0], [74, 1], [101, 2]]",[2.409974283018868e-05]
layer_11,708,"[[31, [1, 2, 2, 1, 1]], [33, [16, 1, 2, 1, 1]], [35, [32, 9, 1]], [62, 2], [68, 0], [74, 1], [101, 4]]",[2.389424153818891e-05]
layer_11,709,"[[31, [2, 1, 2, 1, 1]], [33, [4, 4, 2, 1, 1]], [35, [32, 3, 3]], [62, 3], [68, 0], [74, 1], [101, 2]]",[10000000000]
layer_11,710,"[[31, [2, 1, 2, 1, 1]], [33, [16, 1, 2, 1, 1]], [35, [32, 3, 3]], [62, 3], [68, 0], [74, 1], [101, 3]]",[10000000000]
layer_11,711,"[[31, [1, 2, 2, 1, 1]], [33, [8, 2, 2, 1, 1]], [35, [32, 3, 3]], [62, 0], [68, 0], [74, 1], [101, 2]]",[2.4230524964838256e-05]
layer_11,712,"[[31, [1, 2, 2, 1, 1]], [33, [8, 2, 2, 1, 1]], [35, [32, 9, 1]], [62, 0], [68, 0], [74, 1], [101, 2]]",[2.424633304853042e-05]
layer_11,713,"[[31, [1, 2, 2, 1, 1]], [33, [16, 1, 2, 1, 1]], [35, [32, 9, 1]], [62, 3], [68, 0], [74, 1], [101, 3]]",[10000000000]
layer_11,714,"[[31, [1, 2, 2, 1, 1]], [33, [8, 2, 2, 1, 1]], [35, [32, 9, 1]], [62, 3], [68, 0], [74, 1], [101, 2]]",[10000000000]
layer_11,715,"[[31, [2, 1, 2, 1, 1]], [33, [16, 1, 2, 1, 1]], [35, [32, 3, 3]], [62, 3], [68, 0], [74, 1], [101, 2]]",[10000000000]
layer_11,716,"[[31, [1, 2, 2, 1, 1]], [33, [8, 2, 2, 1, 1]], [35, [32, 3, 3]], [62, 3], [68, 0], [74, 1], [101, 3]]",[10000000000]
layer_11,717,"[[31, [2, 1, 2, 1, 1]], [33, [16, 1, 2, 1, 1]], [35, [32, 3, 3]], [62, 1], [68, 0], [74, 1], [101, 4]]",[2.4479461811093395e-05]
layer_11,718,"[[31, [2, 1, 2, 1, 1]], [33, [8, 2, 2, 1, 1]], [35, [32, 3, 3]], [62, 3], [68, 0], [74, 1], [101, 3]]",[10000000000]
layer_11,719,"[[31, [2, 1, 2, 1, 1]], [33, [8, 2, 2, 1, 1]], [35, [32, 3, 3]], [62, 1], [68, 0], [74, 1], [101, 2]]",[2.446657717526139e-05]
layer_11,720,"[[31, [2, 1, 2, 1, 1]], [33, [8, 2, 2, 1, 1]], [35, [32, 3, 3]], [62, 0], [68, 0], [74, 1], [101, 2]]",[2.422631951089846e-05]
layer_11,721,"[[31, [1, 2, 2, 1, 1]], [33, [4, 4, 2, 1, 1]], [35, [32, 9, 1]], [62, 2], [68, 0], [74, 1], [101, 2]]",[2.3739104362703166e-05]
layer_11,722,"[[31, [1, 2, 2, 1, 1]], [33, [4, 4, 2, 1, 1]], [35, [32, 3, 3]], [62, 2], [68, 0], [74, 1], [101, 2]]",[2.3738180451127818e-05]
layer_11,723,"[[31, [2, 1, 2, 1, 1]], [33, [1, 16, 2, 1, 1]], [35, [32, 9, 1]], [62, 2], [68, 0], [74, 1], [101, 2]]",[2.3914021442495127e-05]
layer_11,724,"[[31, [2, 1, 2, 1, 1]], [33, [1, 16, 2, 1, 1]], [35, [32, 3, 3]], [62, 2], [68, 0], [74, 1], [101, 2]]",[2.391520481927711e-05]
layer_11,725,"[[31, [2, 1, 2, 1, 1]], [33, [1, 16, 2, 1, 1]], [35, [32, 9, 1]], [62, 1], [68, 2], [74, 1], [101, 4]]",[2.865540927501013e-05]
layer_11,726,"[[31, [2, 1, 2, 1, 1]], [33, [1, 16, 2, 1, 1]], [35, [32, 3, 3]], [62, 2], [68, 2], [74, 1], [101, 4]]",[3.041500044218439e-05]
layer_11,727,"[[31, [2, 1, 2, 1, 1]], [33, [1, 16, 2, 1, 1]], [35, [32, 9, 1]], [62, 2], [68, 2], [74, 1], [101, 4]]",[3.0416389808643306e-05]
layer_11,728,"[[31, [1, 2, 2, 1, 1]], [33, [1, 16, 2, 1, 1]], [35, [32, 9, 1]], [62, 2], [68, 0], [74, 1], [101, 2]]",[2.4061376281613126e-05]
layer_11,729,"[[31, [1, 2, 2, 1, 1]], [33, [1, 16, 2, 1, 1]], [35, [32, 3, 3]], [62, 2], [68, 0], [74, 1], [101, 2]]",[2.408784671274145e-05]
layer_11,730,"[[31, [1, 2, 2, 1, 1]], [33, [4, 4, 2, 1, 1]], [35, [32, 3, 3]], [62, 0], [68, 1], [74, 1], [101, 2]]",[2.5566176347760063e-05]
layer_11,731,"[[31, [2, 1, 2, 1, 1]], [33, [1, 16, 2, 1, 1]], [35, [32, 9, 1]], [62, 3], [68, 2], [74, 1], [101, 4]]",[10000000000]
layer_11,732,"[[31, [2, 1, 2, 1, 1]], [33, [1, 16, 2, 1, 1]], [35, [32, 3, 3]], [62, 1], [68, 2], [74, 1], [101, 3]]",[2.865789995949777e-05]
layer_11,733,"[[31, [1, 2, 2, 1, 1]], [33, [4, 4, 2, 1, 1]], [35, [32, 3, 3]], [62, 1], [68, 1], [74, 1], [101, 2]]",[2.5466574417324276e-05]
layer_11,734,"[[31, [2, 1, 2, 1, 1]], [33, [16, 1, 2, 1, 1]], [35, [32, 9, 1]], [62, 2], [68, 1], [74, 1], [101, 3]]",[2.5621852502360718e-05]
layer_11,735,"[[31, [2, 1, 2, 1, 1]], [33, [1, 16, 2, 1, 1]], [35, [32, 3, 3]], [62, 2], [68, 2], [74, 1], [101, 3]]",[3.0416768549280177e-05]
layer_11,736,"[[31, [2, 1, 2, 1, 1]], [33, [1, 16, 2, 1, 1]], [35, [32, 3, 3]], [62, 1], [68, 2], [74, 1], [101, 2]]",[2.8657910764872526e-05]
layer_11,737,"[[31, [2, 1, 2, 1, 1]], [33, [16, 1, 2, 1, 1]], [35, [32, 9, 1]], [62, 2], [68, 1], [74, 1], [101, 4]]",[2.56214186922932e-05]
layer_11,738,"[[31, [2, 1, 2, 1, 1]], [33, [16, 1, 2, 1, 1]], [35, [32, 9, 1]], [62, 0], [68, 1], [74, 1], [101, 3]]",[2.5749958340979995e-05]
layer_11,739,"[[31, [2, 1, 2, 1, 1]], [33, [16, 1, 2, 1, 1]], [35, [32, 3, 3]], [62, 1], [68, 1], [74, 1], [101, 2]]",[2.5606895268474218e-05]
layer_11,740,"[[31, [2, 1, 2, 1, 1]], [33, [4, 4, 2, 1, 1]], [35, [32, 3, 3]], [62, 2], [68, 1], [74, 1], [101, 2]]",[2.5488332721600292e-05]
layer_11,741,"[[31, [2, 1, 2, 1, 1]], [33, [4, 4, 2, 1, 1]], [35, [32, 9, 1]], [62, 2], [68, 1], [74, 1], [101, 2]]",[2.548719905299581e-05]
layer_11,742,"[[31, [2, 1, 2, 1, 1]], [33, [4, 4, 2, 1, 1]], [35, [32, 3, 3]], [62, 0], [68, 1], [74, 1], [101, 2]]",[2.5630296227810653e-05]
layer_11,743,"[[31, [1, 2, 2, 1, 1]], [33, [16, 1, 2, 1, 1]], [35, [32, 9, 1]], [62, 2], [68, 1], [74, 1], [101, 3]]",[2.5601878876858136e-05]
layer_11,744,"[[31, [2, 1, 2, 1, 1]], [33, [4, 4, 2, 1, 1]], [35, [32, 3, 3]], [62, 1], [68, 1], [74, 1], [101, 2]]",[2.54924783008459e-05]
layer_11,745,"[[31, [2, 1, 2, 1, 1]], [33, [4, 4, 2, 1, 1]], [35, [32, 9, 1]], [62, 3], [68, 1], [74, 1], [101, 2]]",[10000000000]
layer_11,746,"[[31, [1, 2, 2, 1, 1]], [33, [8, 2, 2, 1, 1]], [35, [32, 3, 3]], [62, 2], [68, 1], [74, 1], [101, 2]]",[2.6062822703113136e-05]
layer_11,747,"[[31, [1, 2, 2, 1, 1]], [33, [8, 2, 2, 1, 1]], [35, [32, 9, 1]], [62, 2], [68, 1], [74, 1], [101, 2]]",[2.606126138952164e-05]
layer_11,748,"[[31, [2, 1, 2, 1, 1]], [33, [1, 16, 2, 1, 1]], [35, [32, 9, 1]], [62, 3], [68, 1], [74, 1], [101, 4]]",[10000000000]
layer_11,749,"[[31, [1, 2, 2, 1, 1]], [33, [16, 1, 2, 1, 1]], [35, [32, 9, 1]], [62, 0], [68, 1], [74, 1], [101, 2]]",[2.5839087889141987e-05]
layer_11,750,"[[31, [2, 1, 2, 1, 1]], [33, [4, 4, 2, 1, 1]], [35, [32, 3, 3]], [62, 3], [68, 1], [74, 1], [101, 4]]",[10000000000]
layer_11,751,"[[31, [2, 1, 2, 1, 1]], [33, [4, 4, 2, 1, 1]], [35, [32, 3, 3]], [62, 1], [68, 1], [74, 1], [101, 3]]",[2.549213223443223e-05]
layer_11,752,"[[31, [2, 1, 2, 1, 1]], [33, [4, 4, 2, 1, 1]], [35, [32, 9, 1]], [62, 1], [68, 1], [74, 1], [101, 3]]",[2.549289464692483e-05]
layer_11,753,"[[31, [2, 1, 2, 1, 1]], [33, [4, 4, 2, 1, 1]], [35, [32, 3, 3]], [62, 1], [68, 1], [74, 1], [101, 4]]",[2.549169175295858e-05]
layer_11,754,"[[31, [2, 1, 2, 1, 1]], [33, [16, 1, 2, 1, 1]], [35, [32, 9, 1]], [62, 1], [68, 1], [74, 1], [101, 3]]",[2.5606589894019677e-05]
layer_11,755,"[[31, [1, 2, 2, 1, 1]], [33, [16, 1, 2, 1, 1]], [35, [32, 3, 3]], [62, 1], [68, 1], [74, 1], [101, 4]]",[2.5637383740135803e-05]
layer_11,756,"[[31, [1, 2, 2, 1, 1]], [33, [4, 4, 2, 1, 1]], [35, [32, 3, 3]], [62, 3], [68, 1], [74, 1], [101, 2]]",[10000000000]
layer_11,757,"[[31, [1, 2, 2, 1, 1]], [33, [16, 1, 2, 1, 1]], [35, [32, 3, 3]], [62, 1], [68, 1], [74, 1], [101, 3]]",[2.563821169811321e-05]
layer_11,758,"[[31, [1, 2, 2, 1, 1]], [33, [16, 1, 2, 1, 1]], [35, [32, 9, 1]], [62, 1], [68, 1], [74, 1], [101, 3]]",[2.563890163332722e-05]
layer_11,759,"[[31, [1, 2, 2, 1, 1]], [33, [8, 2, 2, 1, 1]], [35, [32, 9, 1]], [62, 3], [68, 1], [74, 1], [101, 3]]",[10000000000]
layer_11,760,"[[31, [1, 2, 2, 1, 1]], [33, [8, 2, 2, 1, 1]], [35, [32, 9, 1]], [62, 3], [68, 1], [74, 1], [101, 2]]",[10000000000]
layer_11,761,"[[31, [2, 1, 2, 1, 1]], [33, [2, 8, 2, 1, 1]], [35, [32, 9, 1]], [62, 1], [68, 1], [74, 1], [101, 2]]",[2.6067612117669973e-05]
layer_11,762,"[[31, [2, 1, 2, 1, 1]], [33, [8, 2, 2, 1, 1]], [35, [32, 3, 3]], [62, 0], [68, 1], [74, 1], [101, 4]]",[2.6184997614241147e-05]
layer_11,763,"[[31, [2, 1, 2, 1, 1]], [33, [2, 8, 2, 1, 1]], [35, [32, 9, 1]], [62, 0], [68, 1], [74, 1], [101, 4]]",[2.6187996696641586e-05]
layer_11,764,"[[31, [2, 1, 2, 1, 1]], [33, [2, 8, 2, 1, 1]], [35, [32, 9, 1]], [62, 3], [68, 1], [74, 1], [101, 3]]",[10000000000]
layer_11,765,"[[31, [1, 2, 1, 1, 2]], [33, [8, 1, 4, 1, 1]], [35, [96, 1, 3]], [62, 1], [68, 3], [74, 2], [101, 4]]",[0.0001803217824601367]
layer_11,766,"[[31, [2, 1, 2, 1, 1]], [33, [1, 8, 4, 1, 1]], [35, [96, 3, 1]], [62, 3], [68, 2], [74, 1], [101, 3]]",[10000000000]
layer_11,767,"[[31, [1, 1, 1, 4, 1]], [33, [4, 4, 1, 1, 2]], [35, [24, 4, 3]], [62, 2], [68, 1], [74, 3], [101, 3]]",[10000000000]
layer_11,768,"[[31, [2, 1, 2, 1, 1]], [33, [2, 8, 2, 1, 1]], [35, [32, 9, 1]], [62, 2], [68, 0], [74, 1], [101, 2]]",[2.505378739559605e-05]
layer_11,769,"[[31, [1, 2, 2, 1, 1]], [33, [16, 1, 2, 1, 1]], [35, [32, 3, 3]], [62, 2], [68, 0], [74, 1], [101, 3]]",[2.3896053220774457e-05]
layer_11,770,"[[31, [2, 1, 2, 1, 1]], [33, [16, 1, 2, 1, 1]], [35, [32, 9, 1]], [62, 0], [68, 0], [74, 1], [101, 4]]",[2.409475810738969e-05]
layer_11,771,"[[31, [2, 1, 2, 1, 1]], [33, [8, 2, 2, 1, 1]], [35, [32, 9, 1]], [62, 0], [68, 0], [74, 1], [101, 2]]",[2.4231326295914867e-05]
layer_11,772,"[[31, [2, 1, 2, 1, 1]], [33, [1, 16, 2, 1, 1]], [35, [32, 3, 3]], [62, 3], [68, 0], [74, 1], [101, 2]]",[10000000000]
layer_11,773,"[[31, [1, 2, 2, 1, 1]], [33, [1, 16, 2, 1, 1]], [35, [32, 3, 3]], [62, 2], [68, 1], [74, 1], [101, 2]]",[2.561858368469294e-05]
layer_11,774,"[[31, [1, 2, 2, 1, 1]], [33, [4, 4, 2, 1, 1]], [35, [32, 3, 3]], [62, 2], [68, 1], [74, 1], [101, 2]]",[2.5479915030280785e-05]
layer_11,775,"[[31, [1, 2, 2, 1, 1]], [33, [2, 8, 2, 1, 1]], [35, [32, 3, 3]], [62, 2], [68, 0], [74, 1], [101, 2]]",[2.40681999316473e-05]
layer_11,776,"[[31, [2, 1, 2, 1, 1]], [33, [2, 8, 2, 1, 1]], [35, [32, 9, 1]], [62, 3], [68, 0], [74, 1], [101, 3]]",[10000000000]
layer_11,777,"[[31, [2, 1, 2, 1, 1]], [33, [16, 1, 2, 1, 1]], [35, [32, 9, 1]], [62, 3], [68, 0], [74, 1], [101, 3]]",[10000000000]
layer_11,778,"[[31, [2, 1, 2, 1, 1]], [33, [16, 1, 2, 1, 1]], [35, [32, 9, 1]], [62, 3], [68, 0], [74, 1], [101, 4]]",[10000000000]
layer_11,779,"[[31, [1, 2, 2, 1, 1]], [33, [1, 16, 2, 1, 1]], [35, [32, 9, 1]], [62, 3], [68, 0], [74, 1], [101, 2]]",[10000000000]
layer_11,780,"[[31, [2, 1, 2, 1, 1]], [33, [1, 16, 2, 1, 1]], [35, [32, 3, 3]], [62, 2], [68, 1], [74, 1], [101, 2]]",[2.5601316021288312e-05]
layer_11,781,"[[31, [2, 1, 2, 1, 1]], [33, [1, 16, 2, 1, 1]], [35, [32, 9, 1]], [62, 2], [68, 1], [74, 1], [101, 2]]",[2.5600562855569833e-05]
layer_11,782,"[[31, [2, 1, 2, 1, 1]], [33, [1, 16, 2, 1, 1]], [35, [32, 3, 3]], [62, 0], [68, 1], [74, 1], [101, 2]]",[2.5735520113414848e-05]
layer_11,783,"[[31, [2, 1, 2, 1, 1]], [33, [16, 1, 2, 1, 1]], [35, [32, 3, 3]], [62, 0], [68, 1], [74, 1], [101, 4]]",[2.5747331620480824e-05]
layer_11,784,"[[31, [2, 1, 2, 1, 1]], [33, [16, 1, 2, 1, 1]], [35, [32, 9, 1]], [62, 0], [68, 1], [74, 1], [101, 2]]",[2.5749052961275624e-05]
layer_11,785,"[[31, [2, 1, 2, 1, 1]], [33, [16, 1, 2, 1, 1]], [35, [32, 3, 3]], [62, 0], [68, 1], [74, 1], [101, 2]]",[2.5748618288144602e-05]
layer_11,786,"[[31, [1, 2, 2, 1, 1]], [33, [16, 1, 2, 1, 1]], [35, [32, 3, 3]], [62, 2], [68, 1], [74, 1], [101, 3]]",[2.560087878787879e-05]
layer_11,787,"[[31, [1, 2, 2, 1, 1]], [33, [8, 2, 2, 1, 1]], [35, [32, 3, 3]], [62, 0], [68, 1], [74, 1], [101, 4]]",[2.6255069370526703e-05]
layer_11,788,"[[31, [1, 2, 2, 1, 1]], [33, [8, 2, 2, 1, 1]], [35, [32, 9, 1]], [62, 0], [68, 1], [74, 1], [101, 4]]",[2.625767838910947e-05]
layer_11,789,"[[31, [1, 2, 2, 1, 1]], [33, [16, 1, 2, 1, 1]], [35, [32, 9, 1]], [62, 2], [68, 0], [74, 0], [101, 3]]",[2.464788021189337e-05]
layer_11,790,"[[31, [1, 2, 2, 1, 1]], [33, [16, 1, 2, 1, 1]], [35, [32, 3, 3]], [62, 2], [68, 0], [74, 0], [101, 3]]",[2.4648238702817653e-05]
layer_11,791,"[[31, [1, 2, 2, 1, 1]], [33, [16, 1, 2, 1, 1]], [35, [32, 9, 1]], [62, 2], [68, 0], [74, 0], [101, 2]]",[2.464822257664363e-05]
layer_11,792,"[[31, [1, 2, 2, 1, 1]], [33, [16, 1, 2, 1, 1]], [35, [32, 3, 3]], [62, 2], [68, 0], [74, 0], [101, 4]]",[2.464822257664363e-05]
layer_11,793,"[[31, [1, 2, 2, 1, 1]], [33, [16, 1, 2, 1, 1]], [35, [32, 3, 3]], [62, 1], [68, 0], [74, 0], [101, 3]]",[2.719023420949392e-05]
layer_11,794,"[[31, [1, 2, 2, 1, 1]], [33, [16, 1, 2, 1, 1]], [35, [32, 3, 3]], [62, 1], [68, 0], [74, 0], [101, 4]]",[2.718802216555512e-05]
layer_11,795,"[[31, [1, 2, 2, 1, 1]], [33, [16, 1, 2, 1, 1]], [35, [32, 9, 1]], [62, 1], [68, 0], [74, 0], [101, 4]]",[2.718817729007634e-05]
layer_11,796,"[[31, [1, 2, 2, 1, 1]], [33, [16, 1, 2, 1, 1]], [35, [32, 3, 3]], [62, 1], [68, 0], [74, 0], [101, 2]]",[2.718864318354913e-05]
layer_11,797,"[[31, [1, 2, 2, 1, 1]], [33, [16, 1, 2, 1, 1]], [35, [32, 9, 1]], [62, 1], [68, 0], [74, 0], [101, 3]]",[2.7188372346528977e-05]
layer_11,798,"[[31, [1, 2, 2, 1, 1]], [33, [16, 1, 2, 1, 1]], [35, [32, 9, 1]], [62, 0], [68, 0], [74, 0], [101, 3]]",[2.4884948247384843e-05]
layer_11,799,"[[31, [1, 2, 2, 1, 1]], [33, [16, 1, 2, 1, 1]], [35, [32, 3, 3]], [62, 0], [68, 0], [74, 0], [101, 4]]",[2.4885940988835727e-05]
layer_11,800,"[[31, [1, 2, 2, 1, 1]], [33, [16, 1, 2, 1, 1]], [35, [32, 3, 3]], [62, 0], [68, 0], [74, 0], [101, 2]]",[2.488766900887574e-05]
layer_11,801,"[[31, [2, 1, 2, 1, 1]], [33, [16, 1, 2, 1, 1]], [35, [32, 3, 3]], [62, 2], [68, 0], [74, 0], [101, 2]]",[2.8431243013365733e-05]
layer_11,802,"[[31, [2, 1, 2, 1, 1]], [33, [16, 1, 2, 1, 1]], [35, [32, 3, 3]], [62, 0], [68, 0], [74, 0], [101, 2]]",[3.0216493422426395e-05]
layer_11,803,"[[31, [2, 1, 2, 1, 1]], [33, [16, 1, 2, 1, 1]], [35, [32, 9, 1]], [62, 0], [68, 0], [74, 0], [101, 2]]",[3.021438833907057e-05]
layer_11,804,"[[31, [2, 1, 2, 1, 1]], [33, [1, 16, 2, 1, 1]], [35, [32, 9, 1]], [62, 2], [68, 0], [74, 2], [101, 2]]",[2.8365816317530323e-05]
layer_11,805,"[[31, [2, 1, 2, 1, 1]], [33, [1, 16, 2, 1, 1]], [35, [32, 3, 3]], [62, 2], [68, 0], [74, 2], [101, 2]]",[2.836294769956744e-05]
layer_11,806,"[[31, [2, 1, 2, 1, 1]], [33, [1, 16, 2, 1, 1]], [35, [32, 9, 1]], [62, 2], [68, 0], [74, 0], [101, 2]]",[2.464637559808613e-05]
layer_11,807,"[[31, [2, 1, 2, 1, 1]], [33, [16, 1, 2, 1, 1]], [35, [32, 9, 1]], [62, 2], [68, 0], [74, 0], [101, 3]]",[2.8435585327579447e-05]
layer_11,808,"[[31, [2, 1, 2, 1, 1]], [33, [1, 16, 2, 1, 1]], [35, [32, 9, 1]], [62, 0], [68, 0], [74, 2], [101, 3]]",[2.963528259041211e-05]
layer_11,809,"[[31, [2, 1, 2, 1, 1]], [33, [1, 16, 2, 1, 1]], [35, [32, 9, 1]], [62, 1], [68, 0], [74, 2], [101, 3]]",[2.8408021044111698e-05]
layer_11,810,"[[31, [2, 1, 2, 1, 1]], [33, [16, 1, 2, 1, 1]], [35, [32, 9, 1]], [62, 0], [68, 0], [74, 0], [101, 3]]",[3.021366715389434e-05]
layer_11,811,"[[31, [2, 1, 2, 1, 1]], [33, [1, 16, 2, 1, 1]], [35, [32, 3, 3]], [62, 1], [68, 0], [74, 2], [101, 2]]",[2.840686072969792e-05]
layer_11,812,"[[31, [2, 1, 2, 1, 1]], [33, [1, 16, 2, 1, 1]], [35, [32, 9, 1]], [62, 1], [68, 0], [74, 2], [101, 2]]",[2.8405941474281083e-05]
layer_11,813,"[[31, [2, 1, 2, 1, 1]], [33, [1, 16, 2, 1, 1]], [35, [32, 9, 1]], [62, 0], [68, 0], [74, 2], [101, 2]]",[2.9635059929003966e-05]
layer_11,814,"[[31, [2, 1, 2, 1, 1]], [33, [1, 16, 2, 1, 1]], [35, [32, 3, 3]], [62, 0], [68, 0], [74, 2], [101, 2]]",[2.96356154015887e-05]
layer_11,815,"[[31, [2, 1, 2, 1, 1]], [33, [1, 16, 2, 1, 1]], [35, [32, 9, 1]], [62, 1], [68, 0], [74, 0], [101, 2]]",[2.709731814730448e-05]
layer_11,816,"[[31, [2, 1, 2, 1, 1]], [33, [16, 1, 2, 1, 1]], [35, [32, 9, 1]], [62, 1], [68, 0], [74, 0], [101, 4]]",[3.0164118938127096e-05]
layer_11,817,"[[31, [2, 1, 2, 1, 1]], [33, [16, 1, 2, 1, 1]], [35, [32, 3, 3]], [62, 1], [68, 0], [74, 0], [101, 4]]",[3.016346279605953e-05]
layer_11,818,"[[31, [2, 1, 2, 1, 1]], [33, [16, 1, 2, 1, 1]], [35, [32, 9, 1]], [62, 3], [68, 1], [74, 1], [101, 2]]",[10000000000]
layer_11,819,"[[31, [1, 2, 2, 1, 1]], [33, [1, 16, 2, 1, 1]], [35, [32, 9, 1]], [62, 2], [68, 0], [74, 2], [101, 2]]",[2.9110796678817332e-05]
layer_11,820,"[[31, [1, 2, 2, 1, 1]], [33, [1, 16, 2, 1, 1]], [35, [32, 3, 3]], [62, 2], [68, 0], [74, 2], [101, 2]]",[2.9113080396921827e-05]
layer_11,821,"[[31, [2, 1, 2, 1, 1]], [33, [1, 16, 2, 1, 1]], [35, [32, 9, 1]], [62, 2], [68, 0], [74, 0], [101, 3]]",[2.4646589225589226e-05]
layer_11,822,"[[31, [2, 1, 2, 1, 1]], [33, [4, 4, 2, 1, 1]], [35, [32, 3, 3]], [62, 3], [68, 1], [74, 1], [101, 2]]",[10000000000]
layer_11,823,"[[31, [2, 1, 2, 1, 1]], [33, [1, 16, 2, 1, 1]], [35, [32, 3, 3]], [62, 0], [68, 0], [74, 0], [101, 4]]",[2.4790620480822167e-05]
layer_11,824,"[[31, [2, 1, 2, 1, 1]], [33, [1, 16, 2, 1, 1]], [35, [32, 3, 3]], [62, 1], [68, 0], [74, 2], [101, 4]]",[2.8440989064398547e-05]
layer_11,825,"[[31, [2, 1, 2, 1, 1]], [33, [1, 16, 2, 1, 1]], [35, [32, 9, 1]], [62, 1], [68, 0], [74, 2], [101, 4]]",[2.8410075323656337e-05]
layer_11,826,"[[31, [2, 1, 2, 1, 1]], [33, [1, 16, 2, 1, 1]], [35, [32, 3, 3]], [62, 0], [68, 0], [74, 2], [101, 4]]",[2.963659381396407e-05]
layer_11,827,"[[31, [1, 2, 2, 1, 1]], [33, [16, 1, 2, 1, 1]], [35, [32, 3, 3]], [62, 3], [68, 1], [74, 1], [101, 3]]",[10000000000]
layer_11,828,"[[31, [1, 2, 2, 1, 1]], [33, [1, 16, 2, 1, 1]], [35, [32, 3, 3]], [62, 0], [68, 0], [74, 2], [101, 2]]",[2.8253401726167125e-05]
layer_11,829,"[[31, [2, 2, 1, 1, 1]], [33, [1, 4, 1, 4, 2]], [35, [36, 2, 4]], [62, 0], [68, 3], [74, 1], [101, 4]]",[0.00021209032617449663]
layer_11,830,"[[31, [1, 1, 1, 1, 4]], [33, [1, 1, 8, 2, 2]], [35, [288, 1, 1]], [62, 1], [68, 2], [74, 0], [101, 0]]",[0.0004143981532467532]
layer_11,831,"[[31, [2, 1, 2, 1, 1]], [33, [4, 8, 1, 1, 1]], [35, [18, 8, 2]], [62, 1], [68, 1], [74, 2], [101, 3]]",[0.00028032404042179263]
layer_11,832,"[[31, [2, 1, 2, 1, 1]], [33, [2, 8, 2, 1, 1]], [35, [32, 3, 3]], [62, 2], [68, 0], [74, 1], [101, 2]]",[2.4650319144762652e-05]
layer_11,833,"[[31, [2, 1, 2, 1, 1]], [33, [16, 1, 2, 1, 1]], [35, [32, 9, 1]], [62, 1], [68, 0], [74, 1], [101, 3]]",[2.4338558441558444e-05]
layer_11,834,"[[31, [2, 1, 2, 1, 1]], [33, [8, 2, 2, 1, 1]], [35, [32, 9, 1]], [62, 1], [68, 0], [74, 1], [101, 2]]",[2.4351993943842905e-05]
layer_11,835,"[[31, [1, 2, 2, 1, 1]], [33, [16, 1, 2, 1, 1]], [35, [32, 9, 1]], [62, 3], [68, 0], [74, 1], [101, 4]]",[10000000000]
layer_11,836,"[[31, [2, 1, 2, 1, 1]], [33, [2, 8, 2, 1, 1]], [35, [32, 9, 1]], [62, 3], [68, 0], [74, 1], [101, 2]]",[10000000000]
layer_11,837,"[[31, [1, 2, 2, 1, 1]], [33, [2, 8, 2, 1, 1]], [35, [32, 9, 1]], [62, 2], [68, 0], [74, 1], [101, 2]]",[2.3958667828959444e-05]
layer_11,838,"[[31, [2, 1, 2, 1, 1]], [33, [8, 2, 2, 1, 1]], [35, [32, 9, 1]], [62, 3], [68, 0], [74, 1], [101, 2]]",[10000000000]
layer_11,839,"[[31, [1, 2, 2, 1, 1]], [33, [1, 16, 2, 1, 1]], [35, [32, 9, 1]], [62, 2], [68, 1], [74, 1], [101, 2]]",[2.549507850434166e-05]
layer_11,840,"[[31, [1, 2, 2, 1, 1]], [33, [4, 4, 2, 1, 1]], [35, [32, 9, 1]], [62, 2], [68, 1], [74, 1], [101, 2]]",[2.534193644688645e-05]
layer_11,841,"[[31, [1, 2, 2, 1, 1]], [33, [2, 8, 2, 1, 1]], [35, [32, 3, 3]], [62, 2], [68, 1], [74, 1], [101, 2]]",[2.5933557327258922e-05]
layer_11,842,"[[31, [2, 1, 2, 1, 1]], [33, [16, 1, 2, 1, 1]], [35, [32, 3, 3]], [62, 2], [68, 1], [74, 1], [101, 3]]",[2.5495262449051924e-05]
layer_11,843,"[[31, [1, 2, 2, 1, 1]], [33, [16, 1, 2, 1, 1]], [35, [32, 9, 1]], [62, 2], [68, 1], [74, 1], [101, 2]]",[2.548066819599927e-05]
layer_11,844,"[[31, [2, 1, 2, 1, 1]], [33, [1, 16, 2, 1, 1]], [35, [32, 9, 1]], [62, 1], [68, 0], [74, 0], [101, 3]]",[2.6948679378008145e-05]
layer_11,845,"[[31, [2, 1, 2, 1, 1]], [33, [1, 16, 2, 1, 1]], [35, [32, 3, 3]], [62, 0], [68, 0], [74, 0], [101, 2]]",[2.4698186906019006e-05]
layer_11,846,"[[31, [2, 1, 2, 1, 1]], [33, [1, 16, 2, 1, 1]], [35, [32, 9, 1]], [62, 0], [68, 0], [74, 0], [101, 4]]",[2.4756952533333335e-05]
layer_11,847,"[[31, [2, 1, 2, 1, 1]], [33, [16, 1, 2, 1, 1]], [35, [32, 9, 1]], [62, 0], [68, 1], [74, 1], [101, 4]]",[2.5727700039032008e-05]
layer_11,848,"[[31, [1, 2, 2, 1, 1]], [33, [16, 1, 2, 1, 1]], [35, [32, 9, 1]], [62, 0], [68, 0], [74, 0], [101, 4]]",[2.4846742406985574e-05]
layer_11,849,"[[31, [1, 2, 2, 1, 1]], [33, [16, 1, 2, 1, 1]], [35, [32, 9, 1]], [62, 1], [68, 0], [74, 0], [101, 2]]",[2.7168902314633192e-05]
layer_11,850,"[[31, [2, 1, 2, 1, 1]], [33, [1, 16, 2, 1, 1]], [35, [32, 3, 3]], [62, 2], [68, 0], [74, 0], [101, 4]]",[2.4635156654261913e-05]
layer_11,851,"[[31, [1, 2, 2, 1, 1]], [33, [8, 2, 2, 1, 1]], [35, [32, 3, 3]], [62, 0], [68, 1], [74, 1], [101, 2]]",[2.622441761677087e-05]
layer_11,852,"[[31, [1, 2, 2, 1, 1]], [33, [8, 2, 2, 1, 1]], [35, [32, 3, 3]], [62, 0], [68, 1], [74, 1], [101, 3]]",[2.6224934320425208e-05]
layer_11,853,"[[31, [1, 2, 2, 1, 1]], [33, [16, 1, 2, 1, 1]], [35, [32, 9, 1]], [62, 3], [68, 0], [74, 0], [101, 3]]",[10000000000]
layer_11,854,"[[31, [1, 2, 2, 1, 1]], [33, [16, 1, 2, 1, 1]], [35, [32, 3, 3]], [62, 3], [68, 1], [74, 1], [101, 4]]",[10000000000]
layer_11,855,"[[31, [2, 1, 2, 1, 1]], [33, [1, 16, 2, 1, 1]], [35, [32, 3, 3]], [62, 3], [68, 1], [74, 1], [101, 2]]",[10000000000]
layer_11,856,"[[31, [2, 1, 2, 1, 1]], [33, [8, 2, 2, 1, 1]], [35, [32, 3, 3]], [62, 3], [68, 1], [74, 1], [101, 3]]",[10000000000]
layer_11,857,"[[31, [2, 1, 2, 1, 1]], [33, [1, 16, 2, 1, 1]], [35, [32, 9, 1]], [62, 2], [68, 1], [74, 0], [101, 3]]",[2.7896619886593762e-05]
layer_11,858,"[[31, [1, 2, 2, 1, 1]], [33, [4, 4, 2, 1, 1]], [35, [32, 3, 3]], [62, 2], [68, 0], [74, 2], [101, 2]]",[2.9186891706505925e-05]
layer_11,859,"[[31, [1, 2, 2, 1, 1]], [33, [4, 4, 2, 1, 1]], [35, [32, 3, 3]], [62, 0], [68, 0], [74, 2], [101, 2]]",[2.951531864689914e-05]
layer_11,860,"[[31, [2, 1, 2, 1, 1]], [33, [2, 8, 2, 1, 1]], [35, [32, 9, 1]], [62, 2], [68, 0], [74, 2], [101, 3]]",[2.941225725621215e-05]
layer_11,861,"[[31, [2, 1, 2, 1, 1]], [33, [2, 8, 2, 1, 1]], [35, [32, 3, 3]], [62, 2], [68, 0], [74, 2], [101, 3]]",[2.941160743370224e-05]
layer_11,862,"[[31, [2, 1, 2, 1, 1]], [33, [2, 8, 2, 1, 1]], [35, [32, 3, 3]], [62, 0], [68, 0], [74, 2], [101, 2]]",[2.8321695174578268e-05]
layer_11,863,"[[31, [2, 1, 2, 1, 1]], [33, [2, 8, 2, 1, 1]], [35, [32, 3, 3]], [62, 0], [68, 0], [74, 2], [101, 4]]",[2.8321438975186606e-05]
layer_11,864,"[[31, [1, 2, 2, 1, 1]], [33, [4, 4, 2, 1, 1]], [35, [32, 9, 1]], [62, 1], [68, 0], [74, 2], [101, 2]]",[2.9180681855002024e-05]
layer_11,865,"[[31, [1, 2, 2, 1, 1]], [33, [4, 4, 2, 1, 1]], [35, [32, 3, 3]], [62, 1], [68, 0], [74, 2], [101, 2]]",[2.9180474888618875e-05]
layer_11,866,"[[31, [1, 2, 2, 1, 1]], [33, [4, 4, 2, 1, 1]], [35, [32, 3, 3]], [62, 2], [68, 0], [74, 2], [101, 4]]",[2.9187527041135937e-05]
layer_11,867,"[[31, [1, 2, 2, 1, 1]], [33, [4, 4, 2, 1, 1]], [35, [32, 3, 3]], [62, 2], [68, 0], [74, 2], [101, 3]]",[2.9186858247422683e-05]
layer_11,868,"[[31, [1, 2, 2, 1, 1]], [33, [4, 4, 2, 1, 1]], [35, [32, 3, 3]], [62, 0], [68, 0], [74, 2], [101, 3]]",[2.9516284785699776e-05]
layer_11,869,"[[31, [1, 2, 2, 1, 1]], [33, [1, 16, 2, 1, 1]], [35, [32, 3, 3]], [62, 0], [68, 0], [74, 2], [101, 3]]",[2.827081276424401e-05]
layer_11,870,"[[31, [1, 2, 2, 1, 1]], [33, [16, 1, 2, 1, 1]], [35, [32, 9, 1]], [62, 2], [68, 0], [74, 2], [101, 2]]",[2.8365301490780695e-05]
layer_11,871,"[[31, [1, 2, 2, 1, 1]], [33, [16, 1, 2, 1, 1]], [35, [32, 3, 3]], [62, 2], [68, 0], [74, 2], [101, 2]]",[2.836818691778048e-05]
layer_11,872,"[[31, [1, 2, 2, 1, 1]], [33, [8, 2, 2, 1, 1]], [35, [32, 9, 1]], [62, 2], [68, 0], [74, 2], [101, 2]]",[2.9395278571428575e-05]
layer_11,873,"[[31, [2, 1, 2, 1, 1]], [33, [4, 4, 2, 1, 1]], [35, [32, 9, 1]], [62, 2], [68, 0], [74, 2], [101, 4]]",[2.923951656626506e-05]
layer_11,874,"[[31, [1, 2, 2, 1, 1]], [33, [1, 16, 2, 1, 1]], [35, [32, 9, 1]], [62, 0], [68, 0], [74, 2], [101, 4]]",[2.8268661806399353e-05]
layer_11,875,"[[31, [2, 1, 2, 1, 1]], [33, [4, 4, 2, 1, 1]], [35, [32, 9, 1]], [62, 0], [68, 0], [74, 2], [101, 2]]",[2.962501064940489e-05]
layer_11,876,"[[31, [2, 1, 2, 1, 1]], [33, [16, 1, 2, 1, 1]], [35, [32, 9, 1]], [62, 2], [68, 0], [74, 2], [101, 4]]",[2.9188377527621428e-05]
layer_11,877,"[[31, [1, 2, 2, 1, 1]], [33, [16, 1, 2, 1, 1]], [35, [32, 3, 3]], [62, 2], [68, 0], [74, 2], [101, 3]]",[2.8362587687322808e-05]
layer_11,878,"[[31, [2, 1, 2, 1, 1]], [33, [4, 4, 2, 1, 1]], [35, [32, 9, 1]], [62, 1], [68, 0], [74, 2], [101, 2]]",[2.9220911502632644e-05]
layer_11,879,"[[31, [2, 1, 2, 1, 1]], [33, [4, 4, 2, 1, 1]], [35, [32, 3, 3]], [62, 1], [68, 0], [74, 2], [101, 2]]",[2.9221648230988205e-05]
layer_11,880,"[[31, [2, 1, 2, 1, 1]], [33, [4, 4, 2, 1, 1]], [35, [32, 9, 1]], [62, 0], [68, 0], [74, 2], [101, 4]]",[2.9625077966788172e-05]
layer_11,881,"[[31, [2, 1, 2, 1, 1]], [33, [4, 4, 2, 1, 1]], [35, [32, 3, 3]], [62, 0], [68, 0], [74, 2], [101, 4]]",[2.962565107538108e-05]
layer_11,882,"[[31, [1, 2, 2, 1, 1]], [33, [8, 2, 2, 1, 1]], [35, [32, 3, 3]], [62, 2], [68, 0], [74, 2], [101, 4]]",[2.9397385783718105e-05]
layer_11,883,"[[31, [1, 2, 2, 1, 1]], [33, [8, 2, 2, 1, 1]], [35, [32, 9, 1]], [62, 1], [68, 0], [74, 2], [101, 2]]",[2.949094221944097e-05]
layer_11,884,"[[31, [2, 1, 2, 1, 1]], [33, [4, 4, 2, 1, 1]], [35, [32, 9, 1]], [62, 0], [68, 0], [74, 2], [101, 3]]",[2.9657277302150762e-05]
layer_11,885,"[[31, [2, 1, 2, 1, 1]], [33, [8, 2, 2, 1, 1]], [35, [32, 9, 1]], [62, 2], [68, 0], [74, 2], [101, 2]]",[2.9410918674698798e-05]
layer_11,886,"[[31, [1, 2, 2, 1, 1]], [33, [8, 2, 2, 1, 1]], [35, [32, 9, 1]], [62, 2], [68, 0], [74, 2], [101, 3]]",[2.9399212988097727e-05]
layer_11,887,"[[31, [1, 2, 2, 1, 1]], [33, [16, 1, 2, 1, 1]], [35, [32, 9, 1]], [62, 0], [68, 0], [74, 2], [101, 4]]",[2.9713746711213202e-05]
layer_11,888,"[[31, [2, 1, 2, 1, 1]], [33, [4, 4, 2, 1, 1]], [35, [32, 3, 3]], [62, 1], [68, 0], [74, 2], [101, 3]]",[2.9221918783840066e-05]
layer_11,889,"[[31, [2, 1, 2, 1, 1]], [33, [4, 4, 2, 1, 1]], [35, [32, 9, 1]], [62, 1], [68, 0], [74, 2], [101, 3]]",[2.922111867152693e-05]
layer_11,890,"[[31, [1, 2, 2, 1, 1]], [33, [16, 1, 2, 1, 1]], [35, [32, 3, 3]], [62, 1], [68, 0], [74, 2], [101, 2]]",[2.841147312671636e-05]
layer_11,891,"[[31, [1, 2, 2, 1, 1]], [33, [16, 1, 2, 1, 1]], [35, [32, 9, 1]], [62, 2], [68, 2], [74, 1], [101, 2]]",[3.0413152281002358e-05]
layer_11,892,"[[31, [2, 1, 2, 1, 1]], [33, [16, 1, 2, 1, 1]], [35, [32, 3, 3]], [62, 2], [68, 0], [74, 2], [101, 2]]",[2.9187100229693045e-05]
layer_11,893,"[[31, [1, 2, 1, 1, 2]], [33, [2, 1, 1, 4, 4]], [35, [96, 3, 1]], [62, 0], [68, 3], [74, 3], [101, 3]]",[10000000000]
layer_11,894,"[[31, [2, 1, 2, 1, 1]], [33, [1, 4, 2, 1, 4]], [35, [96, 1, 3]], [62, 0], [68, 1], [74, 3], [101, 4]]",[10000000000]
layer_11,895,"[[31, [2, 1, 1, 2, 1]], [33, [1, 2, 4, 4, 1]], [35, [144, 1, 2]], [62, 2], [68, 0], [74, 0], [101, 3]]",[0.000259308828990228]
layer_11,896,"[[31, [1, 2, 2, 1, 1]], [33, [2, 8, 2, 1, 1]], [35, [32, 9, 1]], [62, 2], [68, 1], [74, 1], [101, 2]]",[2.7470473865792654e-05]
layer_11,897,"[[31, [2, 1, 2, 1, 1]], [33, [1, 16, 2, 1, 1]], [35, [32, 3, 3]], [62, 2], [68, 0], [74, 0], [101, 2]]",[2.4511854214123003e-05]
layer_11,898,"[[31, [1, 2, 2, 1, 1]], [33, [1, 16, 2, 1, 1]], [35, [32, 3, 3]], [62, 3], [68, 0], [74, 1], [101, 2]]",[10000000000]
layer_11,899,"[[31, [1, 2, 2, 1, 1]], [33, [16, 1, 2, 1, 1]], [35, [32, 9, 1]], [62, 2], [68, 1], [74, 1], [101, 4]]",[2.547881712278107e-05]
layer_11,900,"[[31, [2, 1, 2, 1, 1]], [33, [1, 16, 2, 1, 1]], [35, [32, 3, 3]], [62, 2], [68, 0], [74, 0], [101, 3]]",[2.4514289162995597e-05]
layer_11,901,"[[31, [2, 1, 2, 1, 1]], [33, [1, 16, 2, 1, 1]], [35, [32, 3, 3]], [62, 1], [68, 0], [74, 0], [101, 2]]",[2.6947450075930143e-05]
layer_11,902,"[[31, [2, 1, 2, 1, 1]], [33, [8, 2, 2, 1, 1]], [35, [32, 9, 1]], [62, 2], [68, 1], [74, 1], [101, 2]]",[2.593569495064541e-05]
layer_11,903,"[[31, [2, 1, 2, 1, 1]], [33, [4, 4, 2, 1, 1]], [35, [32, 9, 1]], [62, 1], [68, 1], [74, 1], [101, 4]]",[2.5354383556615896e-05]
layer_11,904,"[[31, [2, 1, 2, 1, 1]], [33, [2, 8, 2, 1, 1]], [35, [32, 9, 1]], [62, 2], [68, 1], [74, 1], [101, 2]]",[2.593219608959757e-05]
layer_11,905,"[[31, [2, 1, 2, 1, 1]], [33, [16, 1, 2, 1, 1]], [35, [32, 9, 1]], [62, 1], [68, 1], [74, 1], [101, 4]]",[2.5596452009543036e-05]
layer_11,906,"[[31, [2, 1, 2, 1, 1]], [33, [16, 1, 2, 1, 1]], [35, [32, 3, 3]], [62, 1], [68, 1], [74, 1], [101, 3]]",[2.5593810387157696e-05]
layer_11,907,"[[31, [2, 1, 2, 1, 1]], [33, [16, 1, 2, 1, 1]], [35, [32, 3, 3]], [62, 1], [68, 1], [74, 1], [101, 4]]",[2.559059093411635e-05]
layer_11,908,"[[31, [2, 1, 2, 1, 1]], [33, [8, 2, 2, 1, 1]], [35, [32, 9, 1]], [62, 1], [68, 1], [74, 1], [101, 2]]",[2.6068847380410024e-05]
layer_11,909,"[[31, [1, 2, 2, 1, 1]], [33, [8, 2, 2, 1, 1]], [35, [32, 9, 1]], [62, 0], [68, 1], [74, 1], [101, 2]]",[2.6223549734244494e-05]
layer_11,910,"[[31, [1, 2, 2, 1, 1]], [33, [8, 2, 2, 1, 1]], [35, [32, 9, 1]], [62, 1], [68, 1], [74, 1], [101, 2]]",[2.6074289863325743e-05]
layer_11,911,"[[31, [1, 2, 2, 1, 1]], [33, [16, 1, 2, 1, 1]], [35, [32, 9, 1]], [62, 3], [68, 0], [74, 0], [101, 2]]",[10000000000]
layer_11,912,"[[31, [1, 2, 2, 1, 1]], [33, [16, 1, 2, 1, 1]], [35, [32, 9, 1]], [62, 3], [68, 1], [74, 1], [101, 4]]",[10000000000]
layer_11,913,"[[31, [1, 2, 2, 1, 1]], [33, [16, 1, 2, 1, 1]], [35, [32, 9, 1]], [62, 3], [68, 1], [74, 1], [101, 2]]",[10000000000]
layer_11,914,"[[31, [2, 1, 2, 1, 1]], [33, [1, 16, 2, 1, 1]], [35, [32, 3, 3]], [62, 2], [68, 1], [74, 0], [101, 3]]",[2.7771490638212196e-05]
layer_11,915,"[[31, [2, 1, 2, 1, 1]], [33, [1, 16, 2, 1, 1]], [35, [32, 3, 3]], [62, 0], [68, 1], [74, 0], [101, 3]]",[2.7795943545123425e-05]
layer_11,916,"[[31, [2, 1, 2, 1, 1]], [33, [1, 16, 2, 1, 1]], [35, [32, 3, 3]], [62, 1], [68, 1], [74, 0], [101, 2]]",[2.7811911533934873e-05]
layer_11,917,"[[31, [1, 2, 2, 1, 1]], [33, [2, 8, 2, 1, 1]], [35, [32, 3, 3]], [62, 0], [68, 0], [74, 2], [101, 3]]",[2.832734852166869e-05]
layer_11,918,"[[31, [1, 2, 2, 1, 1]], [33, [1, 16, 2, 1, 1]], [35, [32, 3, 3]], [62, 0], [68, 0], [74, 2], [101, 4]]",[2.8273856610435463e-05]
layer_11,919,"[[31, [1, 2, 2, 1, 1]], [33, [2, 8, 2, 1, 1]], [35, [32, 3, 3]], [62, 1], [68, 1], [74, 2], [101, 4]]",[2.5922368460812087e-05]
layer_11,920,"[[31, [1, 2, 2, 1, 1]], [33, [1, 16, 2, 1, 1]], [35, [32, 9, 1]], [62, 0], [68, 0], [74, 2], [101, 2]]",[2.826936378806842e-05]
layer_11,921,"[[31, [1, 2, 2, 1, 1]], [33, [4, 4, 2, 1, 1]], [35, [32, 3, 3]], [62, 1], [68, 0], [74, 2], [101, 4]]",[2.9176827600583696e-05]
layer_11,922,"[[31, [1, 2, 2, 1, 1]], [33, [1, 16, 2, 1, 1]], [35, [32, 9, 1]], [62, 0], [68, 2], [74, 1], [101, 2]]",[3.0502724695459573e-05]
layer_11,923,"[[31, [1, 2, 2, 1, 1]], [33, [1, 16, 2, 1, 1]], [35, [32, 3, 3]], [62, 0], [68, 2], [74, 1], [101, 3]]",[3.0504838336192107e-05]
layer_11,924,"[[31, [1, 2, 2, 1, 1]], [33, [1, 16, 2, 1, 1]], [35, [32, 3, 3]], [62, 0], [68, 2], [74, 1], [101, 4]]",[3.0505653624118023e-05]
layer_11,925,"[[31, [1, 2, 2, 1, 1]], [33, [1, 16, 2, 1, 1]], [35, [32, 9, 1]], [62, 2], [68, 2], [74, 1], [101, 2]]",[3.0390509413067554e-05]
layer_11,926,"[[31, [1, 2, 2, 1, 1]], [33, [1, 16, 2, 1, 1]], [35, [32, 3, 3]], [62, 2], [68, 2], [74, 1], [101, 2]]",[3.039134535637149e-05]
layer_11,927,"[[31, [2, 1, 2, 1, 1]], [33, [2, 8, 2, 1, 1]], [35, [32, 3, 3]], [62, 0], [68, 0], [74, 0], [101, 4]]",[3.0247023595740234e-05]
layer_11,928,"[[31, [2, 1, 2, 1, 1]], [33, [2, 8, 2, 1, 1]], [35, [32, 3, 3]], [62, 1], [68, 0], [74, 0], [101, 4]]",[2.8416104698258405e-05]
layer_11,929,"[[31, [1, 2, 2, 1, 1]], [33, [4, 4, 2, 1, 1]], [35, [32, 3, 3]], [62, 2], [68, 0], [74, 0], [101, 3]]",[3.0261558477656618e-05]
layer_11,930,"[[31, [1, 2, 2, 1, 1]], [33, [4, 4, 2, 1, 1]], [35, [32, 9, 1]], [62, 0], [68, 0], [74, 0], [101, 3]]",[3.0229077615780446e-05]
layer_11,931,"[[31, [1, 2, 2, 1, 1]], [33, [4, 4, 2, 1, 1]], [35, [32, 3, 3]], [62, 0], [68, 0], [74, 0], [101, 3]]",[3.0226305292598972e-05]
layer_11,932,"[[31, [1, 2, 2, 1, 1]], [33, [1, 16, 2, 1, 1]], [35, [32, 9, 1]], [62, 2], [68, 2], [74, 1], [101, 4]]",[3.039136766334441e-05]
layer_11,933,"[[31, [1, 2, 2, 1, 1]], [33, [1, 16, 2, 1, 1]], [35, [32, 3, 3]], [62, 2], [68, 2], [74, 1], [101, 4]]",[3.0393091611242225e-05]
layer_11,934,"[[31, [2, 1, 2, 1, 1]], [33, [2, 8, 2, 1, 1]], [35, [32, 3, 3]], [62, 2], [68, 0], [74, 0], [101, 4]]",[3.0137542814113597e-05]
layer_11,935,"[[31, [2, 1, 2, 1, 1]], [33, [1, 16, 2, 1, 1]], [35, [32, 3, 3]], [62, 2], [68, 0], [74, 2], [101, 3]]",[2.837132265215639e-05]
layer_11,936,"[[31, [2, 1, 2, 1, 1]], [33, [1, 16, 2, 1, 1]], [35, [32, 9, 1]], [62, 2], [68, 0], [74, 2], [101, 3]]",[2.8369469647915825e-05]
layer_11,937,"[[31, [2, 1, 2, 1, 1]], [33, [1, 16, 2, 1, 1]], [35, [32, 9, 1]], [62, 2], [68, 0], [74, 2], [101, 4]]",[2.836810612004708e-05]
layer_11,938,"[[31, [1, 2, 2, 1, 1]], [33, [1, 16, 2, 1, 1]], [35, [32, 9, 1]], [62, 0], [68, 0], [74, 0], [101, 4]]",[3.017910856039477e-05]
layer_11,939,"[[31, [1, 2, 2, 1, 1]], [33, [4, 4, 2, 1, 1]], [35, [32, 3, 3]], [62, 2], [68, 0], [74, 0], [101, 4]]",[3.029061660929432e-05]
layer_11,940,"[[31, [1, 2, 2, 1, 1]], [33, [1, 16, 2, 1, 1]], [35, [32, 3, 3]], [62, 0], [68, 0], [74, 0], [101, 3]]",[3.0185748493975902e-05]
layer_11,941,"[[31, [1, 2, 2, 1, 1]], [33, [1, 16, 2, 1, 1]], [35, [32, 3, 3]], [62, 2], [68, 0], [74, 0], [101, 3]]",[2.8388729647630618e-05]
layer_11,942,"[[31, [1, 2, 2, 1, 1]], [33, [4, 4, 2, 1, 1]], [35, [32, 9, 1]], [62, 2], [68, 2], [74, 1], [101, 2]]",[3.0159737314679472e-05]
layer_11,943,"[[31, [1, 2, 2, 1, 1]], [33, [1, 16, 2, 1, 1]], [35, [32, 3, 3]], [62, 2], [68, 0], [74, 0], [101, 2]]",[2.8396942390876917e-05]
layer_11,944,"[[31, [1, 2, 2, 1, 1]], [33, [1, 16, 2, 1, 1]], [35, [32, 3, 3]], [62, 1], [68, 0], [74, 0], [101, 4]]",[3.0138383390705676e-05]
layer_11,945,"[[31, [1, 2, 2, 1, 1]], [33, [16, 1, 2, 1, 1]], [35, [32, 3, 3]], [62, 1], [68, 0], [74, 2], [101, 3]]",[2.8416518833535847e-05]
layer_11,946,"[[31, [1, 2, 2, 1, 1]], [33, [16, 1, 2, 1, 1]], [35, [32, 9, 1]], [62, 1], [68, 0], [74, 2], [101, 3]]",[2.8413614216281898e-05]
layer_11,947,"[[31, [1, 2, 2, 1, 1]], [33, [16, 1, 2, 1, 1]], [35, [32, 3, 3]], [62, 1], [68, 0], [74, 2], [101, 4]]",[2.8412785945727016e-05]
layer_11,948,"[[31, [1, 2, 2, 1, 1]], [33, [4, 4, 2, 1, 1]], [35, [32, 9, 1]], [62, 2], [68, 0], [74, 2], [101, 2]]",[2.918551979345955e-05]
layer_11,949,"[[31, [1, 2, 2, 1, 1]], [33, [4, 4, 2, 1, 1]], [35, [32, 3, 3]], [62, 2], [68, 2], [74, 1], [101, 3]]",[3.015346571906354e-05]
layer_11,950,"[[31, [1, 2, 2, 1, 1]], [33, [4, 4, 2, 1, 1]], [35, [32, 9, 1]], [62, 2], [68, 2], [74, 1], [101, 3]]",[3.0159311310669236e-05]
layer_11,951,"[[31, [1, 2, 2, 1, 1]], [33, [4, 4, 2, 1, 1]], [35, [32, 3, 3]], [62, 1], [68, 2], [74, 1], [101, 2]]",[2.8163415605417426e-05]
layer_11,952,"[[31, [2, 1, 2, 1, 1]], [33, [16, 1, 2, 1, 1]], [35, [32, 3, 3]], [62, 2], [68, 0], [74, 2], [101, 3]]",[2.918560263102944e-05]
layer_11,953,"[[31, [2, 1, 2, 1, 1]], [33, [4, 4, 2, 1, 1]], [35, [32, 9, 1]], [62, 2], [68, 0], [74, 2], [101, 3]]",[2.9241493687707638e-05]
layer_11,954,"[[31, [1, 2, 2, 1, 1]], [33, [4, 4, 2, 1, 1]], [35, [32, 9, 1]], [62, 0], [68, 0], [74, 2], [101, 2]]",[2.9509331802046354e-05]
layer_11,955,"[[31, [1, 2, 2, 1, 1]], [33, [4, 4, 2, 1, 1]], [35, [32, 9, 1]], [62, 1], [68, 2], [74, 1], [101, 3]]",[2.816281286779129e-05]
layer_11,956,"[[31, [1, 2, 2, 1, 1]], [33, [1, 16, 2, 1, 1]], [35, [32, 3, 3]], [62, 1], [68, 0], [74, 0], [101, 3]]",[3.013476696596367e-05]
layer_11,957,"[[31, [1, 2, 2, 1, 1]], [33, [2, 1, 2, 4, 2]], [35, [72, 1, 4]], [62, 2], [68, 0], [74, 3], [101, 3]]",[0.00011739913478915662]
layer_11,958,"[[31, [4, 1, 1, 1, 1]], [33, [8, 1, 1, 4, 1]], [35, [72, 1, 4]], [62, 1], [68, 2], [74, 0], [101, 0]]",[0.00015210315392061955]
layer_11,959,"[[31, [2, 1, 1, 1, 2]], [33, [8, 1, 2, 2, 1]], [35, [32, 3, 3]], [62, 2], [68, 1], [74, 2], [101, 0]]",[0.0003131106208251474]
layer_11,960,"[[31, [1, 2, 2, 1, 1]], [33, [8, 2, 2, 1, 1]], [35, [32, 3, 3]], [62, 3], [68, 0], [74, 1], [101, 2]]",[10000000000]
layer_11,961,"[[31, [1, 2, 2, 1, 1]], [33, [16, 1, 2, 1, 1]], [35, [32, 3, 3]], [62, 2], [68, 0], [74, 0], [101, 2]]",[2.5002006056157094e-05]
layer_11,962,"[[31, [2, 1, 2, 1, 1]], [33, [16, 1, 2, 1, 1]], [35, [32, 3, 3]], [62, 2], [68, 1], [74, 1], [101, 4]]",[2.5603147804693413e-05]
layer_11,963,"[[31, [2, 1, 2, 1, 1]], [33, [1, 16, 2, 1, 1]], [35, [32, 3, 3]], [62, 1], [68, 0], [74, 0], [101, 3]]",[2.7062328397873957e-05]
layer_11,964,"[[31, [2, 1, 2, 1, 1]], [33, [1, 16, 2, 1, 1]], [35, [32, 3, 3]], [62, 0], [68, 0], [74, 0], [101, 3]]",[2.4761225892179198e-05]
layer_11,965,"[[31, [2, 1, 2, 1, 1]], [33, [1, 16, 2, 1, 1]], [35, [32, 9, 1]], [62, 0], [68, 0], [74, 0], [101, 3]]",[2.476165265211992e-05]
layer_11,966,"[[31, [1, 2, 2, 1, 1]], [33, [16, 1, 2, 1, 1]], [35, [32, 9, 1]], [62, 1], [68, 1], [74, 1], [101, 4]]",[2.5634015375854214e-05]
layer_11,967,"[[31, [2, 1, 2, 1, 1]], [33, [8, 2, 2, 1, 1]], [35, [32, 9, 1]], [62, 0], [68, 1], [74, 1], [101, 2]]",[2.618745072490365e-05]
layer_11,968,"[[31, [1, 2, 2, 1, 1]], [33, [8, 2, 2, 1, 1]], [35, [32, 9, 1]], [62, 0], [68, 1], [74, 1], [101, 3]]",[2.6248987249901923e-05]
layer_11,969,"[[31, [1, 2, 2, 1, 1]], [33, [16, 1, 2, 1, 1]], [35, [32, 3, 3]], [62, 3], [68, 0], [74, 0], [101, 3]]",[10000000000]
layer_11,970,"[[31, [1, 2, 2, 1, 1]], [33, [16, 1, 2, 1, 1]], [35, [32, 9, 1]], [62, 3], [68, 1], [74, 1], [101, 3]]",[10000000000]
layer_11,971,"[[31, [1, 2, 2, 1, 1]], [33, [16, 1, 2, 1, 1]], [35, [32, 3, 3]], [62, 3], [68, 0], [74, 0], [101, 2]]",[10000000000]
layer_11,972,"[[31, [2, 1, 2, 1, 1]], [33, [16, 1, 2, 1, 1]], [35, [32, 9, 1]], [62, 3], [68, 1], [74, 1], [101, 4]]",[10000000000]
layer_11,973,"[[31, [2, 1, 2, 1, 1]], [33, [1, 16, 2, 1, 1]], [35, [32, 9, 1]], [62, 3], [68, 1], [74, 1], [101, 2]]",[10000000000]
layer_11,974,"[[31, [2, 1, 2, 1, 1]], [33, [1, 16, 2, 1, 1]], [35, [32, 3, 3]], [62, 3], [68, 1], [74, 1], [101, 3]]",[10000000000]
layer_11,975,"[[31, [2, 1, 2, 1, 1]], [33, [2, 8, 2, 1, 1]], [35, [32, 3, 3]], [62, 3], [68, 1], [74, 1], [101, 3]]",[10000000000]
layer_11,976,"[[31, [2, 1, 2, 1, 1]], [33, [2, 8, 2, 1, 1]], [35, [32, 9, 1]], [62, 3], [68, 1], [74, 1], [101, 4]]",[10000000000]
layer_11,977,"[[31, [2, 1, 2, 1, 1]], [33, [1, 16, 2, 1, 1]], [35, [32, 9, 1]], [62, 0], [68, 1], [74, 0], [101, 4]]",[2.7746623185562963e-05]
layer_11,978,"[[31, [1, 2, 2, 1, 1]], [33, [2, 8, 2, 1, 1]], [35, [32, 9, 1]], [62, 0], [68, 0], [74, 2], [101, 4]]",[2.825770683524299e-05]
layer_11,979,"[[31, [1, 2, 2, 1, 1]], [33, [2, 8, 2, 1, 1]], [35, [32, 9, 1]], [62, 1], [68, 0], [74, 2], [101, 4]]",[2.940385444352159e-05]
layer_11,980,"[[31, [1, 2, 2, 1, 1]], [33, [2, 8, 2, 1, 1]], [35, [32, 9, 1]], [62, 2], [68, 0], [74, 2], [101, 4]]",[2.9321280275415147e-05]
layer_11,981,"[[31, [1, 2, 2, 1, 1]], [33, [2, 8, 2, 1, 1]], [35, [32, 9, 1]], [62, 2], [68, 0], [74, 2], [101, 2]]",[2.932025435398947e-05]
layer_11,982,"[[31, [1, 2, 2, 1, 1]], [33, [2, 8, 2, 1, 1]], [35, [32, 3, 3]], [62, 2], [68, 0], [74, 2], [101, 2]]",[2.932116663186469e-05]
layer_11,983,"[[31, [2, 1, 2, 1, 1]], [33, [2, 8, 2, 1, 1]], [35, [32, 9, 1]], [62, 0], [68, 0], [74, 2], [101, 4]]",[2.8256014175779665e-05]
layer_11,984,"[[31, [2, 1, 2, 1, 1]], [33, [2, 8, 2, 1, 1]], [35, [32, 3, 3]], [62, 1], [68, 0], [74, 2], [101, 4]]",[2.93967202418178e-05]
layer_11,985,"[[31, [1, 2, 2, 1, 1]], [33, [1, 16, 2, 1, 1]], [35, [32, 9, 1]], [62, 2], [68, 0], [74, 2], [101, 4]]",[2.906559214256784e-05]
layer_11,986,"[[31, [1, 2, 2, 1, 1]], [33, [1, 16, 2, 1, 1]], [35, [32, 9, 1]], [62, 1], [68, 0], [74, 2], [101, 2]]",[2.9466365863787375e-05]
layer_11,987,"[[31, [2, 1, 2, 1, 1]], [33, [2, 8, 2, 1, 1]], [35, [32, 3, 3]], [62, 2], [68, 0], [74, 2], [101, 4]]",[2.9319028607224894e-05]
layer_11,988,"[[31, [2, 1, 2, 1, 1]], [33, [1, 16, 2, 1, 1]], [35, [32, 3, 3]], [62, 0], [68, 0], [74, 2], [101, 3]]",[2.9613237759247382e-05]
layer_11,989,"[[31, [2, 1, 2, 1, 1]], [33, [1, 16, 2, 1, 1]], [35, [32, 3, 3]], [62, 1], [68, 0], [74, 2], [101, 3]]",[2.8361720798870282e-05]
layer_11,990,"[[31, [1, 2, 2, 1, 1]], [33, [4, 4, 2, 1, 1]], [35, [32, 9, 1]], [62, 1], [68, 0], [74, 2], [101, 4]]",[2.917922964763062e-05]
layer_11,991,"[[31, [2, 1, 2, 1, 1]], [33, [1, 16, 2, 1, 1]], [35, [32, 3, 3]], [62, 2], [68, 0], [74, 2], [101, 4]]",[2.831124931345626e-05]
layer_11,992,"[[31, [1, 2, 2, 1, 1]], [33, [2, 8, 2, 1, 1]], [35, [32, 3, 3]], [62, 3], [68, 0], [74, 2], [101, 2]]",[10000000000]
layer_11,993,"[[31, [1, 2, 2, 1, 1]], [33, [16, 1, 2, 1, 1]], [35, [32, 3, 3]], [62, 2], [68, 0], [74, 2], [101, 4]]",[2.8313996127366612e-05]
layer_11,994,"[[31, [1, 2, 2, 1, 1]], [33, [16, 1, 2, 1, 1]], [35, [32, 9, 1]], [62, 2], [68, 0], [74, 2], [101, 4]]",[2.831449068448765e-05]
layer_11,995,"[[31, [2, 1, 2, 1, 1]], [33, [2, 8, 2, 1, 1]], [35, [32, 3, 3]], [62, 2], [68, 0], [74, 2], [101, 2]]",[2.9318168691778048e-05]
layer_11,996,"[[31, [1, 2, 2, 1, 1]], [33, [2, 8, 2, 1, 1]], [35, [32, 9, 1]], [62, 2], [68, 0], [74, 0], [101, 3]]",[3.0136915984036966e-05]
layer_11,997,"[[31, [2, 1, 2, 1, 1]], [33, [1, 16, 2, 1, 1]], [35, [32, 9, 1]], [62, 2], [68, 2], [74, 1], [101, 2]]",[3.039442628594573e-05]
layer_11,998,"[[31, [1, 1, 4, 1, 1]], [33, [2, 8, 1, 1, 2]], [35, [72, 1, 4]], [62, 1], [68, 3], [74, 3], [101, 3]]",[6.836457771787961e-05]
layer_11,999,"[[31, [2, 1, 2, 1, 1]], [33, [1, 8, 1, 4, 1]], [35, [72, 1, 4]], [62, 3], [68, 3], [74, 0], [101, 1]]",[0.0003448655978494624]
