layer,trial_index,tile_size,execution_time
layer_3,0,"[[25, [49, 1, 1, 1, 1]], [27, [2, 1, 1, 4, 1]], [29, [9, 1, 4]], [56, 0], [62, 1], [68, 2], [95, 2]]",[3.383900673400673e-05]
layer_3,1,"[[25, [7, 7, 1, 1, 1]], [27, [1, 1, 8, 1, 1]], [29, [18, 1, 2]], [56, 0], [62, 2], [68, 1], [95, 3]]",[4.352684507897935e-05]
layer_3,2,"[[25, [1, 49, 1, 1, 1]], [27, [2, 1, 2, 2, 1]], [29, [18, 2, 1]], [56, 2], [62, 1], [68, 0], [95, 4]]",[4.111239639381798e-05]
layer_3,3,"[[25, [1, 7, 7, 1, 1]], [27, [1, 1, 1, 2, 4]], [29, [12, 1, 3]], [56, 1], [62, 3], [68, 1], [95, 1]]",[6.007212240094155e-05]
layer_3,4,"[[25, [7, 1, 1, 7, 1]], [27, [1, 2, 4, 1, 1]], [29, [6, 2, 3]], [56, 0], [62, 1], [68, 1], [95, 1]]",[8.645823141891892e-05]
layer_3,5,"[[25, [1, 49, 1, 1, 1]], [27, [2, 4, 1, 1, 1]], [29, [18, 2, 1]], [56, 0], [62, 2], [68, 1], [95, 3]]",[4.439717243510507e-05]
layer_3,6,"[[25, [7, 1, 7, 1, 1]], [27, [4, 1, 1, 1, 2]], [29, [6, 6, 1]], [56, 1], [62, 2], [68, 2], [95, 4]]",[1.6752035005686844e-05]
layer_3,7,"[[25, [1, 49, 1, 1, 1]], [27, [1, 2, 1, 2, 2]], [29, [18, 2, 1]], [56, 1], [62, 3], [68, 3], [95, 0]]",[10000000000]
layer_3,8,"[[25, [49, 1, 1, 1, 1]], [27, [2, 2, 1, 1, 2]], [29, [3, 4, 3]], [56, 2], [62, 0], [68, 2], [95, 4]]",[4.906431987469544e-05]
layer_3,9,"[[25, [1, 49, 1, 1, 1]], [27, [2, 1, 2, 1, 2]], [29, [18, 2, 1]], [56, 2], [62, 2], [68, 0], [95, 4]]",[4.18708687357631e-05]
layer_3,10,"[[25, [1, 49, 1, 1, 1]], [27, [1, 1, 1, 2, 4]], [29, [9, 4, 1]], [56, 1], [62, 1], [68, 2], [95, 4]]",[3.744146426577331e-05]
layer_3,11,"[[25, [7, 1, 7, 1, 1]], [27, [1, 1, 2, 4, 1]], [29, [9, 2, 2]], [56, 1], [62, 2], [68, 2], [95, 4]]",[5.7363094852047027e-05]
layer_3,12,"[[25, [49, 1, 1, 1, 1]], [27, [4, 2, 1, 1, 1]], [29, [6, 3, 2]], [56, 1], [62, 2], [68, 1], [95, 4]]",[3.702750846574629e-05]
layer_3,13,"[[25, [7, 1, 7, 1, 1]], [27, [1, 4, 1, 2, 1]], [29, [18, 1, 2]], [56, 0], [62, 2], [68, 2], [95, 1]]",[2.029883766135156e-05]
layer_3,14,"[[25, [1, 7, 7, 1, 1]], [27, [1, 8, 1, 1, 1]], [29, [18, 2, 1]], [56, 2], [62, 3], [68, 2], [95, 3]]",[4.073519165247019e-05]
layer_3,15,"[[25, [1, 7, 7, 1, 1]], [27, [1, 4, 2, 1, 1]], [29, [36, 1, 1]], [56, 2], [62, 3], [68, 2], [95, 0]]",[4.9676536061724256e-05]
layer_3,16,"[[25, [1, 49, 1, 1, 1]], [27, [2, 1, 1, 4, 1]], [29, [4, 3, 3]], [56, 1], [62, 1], [68, 0], [95, 2]]",[9.704279810126582e-05]
layer_3,17,"[[25, [49, 1, 1, 1, 1]], [27, [2, 1, 1, 2, 2]], [29, [9, 4, 1]], [56, 0], [62, 0], [68, 3], [95, 4]]",[3.679732556371928e-05]
layer_3,18,"[[25, [7, 1, 7, 1, 1]], [27, [1, 1, 2, 1, 4]], [29, [12, 1, 3]], [56, 2], [62, 0], [68, 3], [95, 1]]",[10000000000]
layer_3,19,"[[25, [7, 7, 1, 1, 1]], [27, [1, 2, 2, 2, 1]], [29, [3, 4, 3]], [56, 0], [62, 3], [68, 2], [95, 4]]",[4.879427434210527e-05]
layer_3,20,"[[25, [7, 1, 1, 7, 1]], [27, [1, 2, 1, 4, 1]], [29, [36, 1, 1]], [56, 0], [62, 1], [68, 0], [95, 1]]",[3.966795721498804e-05]
layer_3,21,"[[25, [7, 7, 1, 1, 1]], [27, [1, 1, 1, 8, 1]], [29, [6, 6, 1]], [56, 1], [62, 3], [68, 1], [95, 0]]",[0.00015615289087301588]
layer_3,22,"[[25, [49, 1, 1, 1, 1]], [27, [1, 2, 2, 1, 2]], [29, [3, 4, 3]], [56, 0], [62, 3], [68, 1], [95, 1]]",[5.0507415584415584e-05]
layer_3,23,"[[25, [7, 1, 7, 1, 1]], [27, [1, 1, 2, 4, 1]], [29, [18, 1, 2]], [56, 3], [62, 2], [68, 2], [95, 4]]",[10000000000]
layer_3,24,"[[25, [1, 49, 1, 1, 1]], [27, [4, 1, 1, 1, 2]], [29, [18, 2, 1]], [56, 0], [62, 2], [68, 0], [95, 3]]",[6.570371278917503e-05]
layer_3,25,"[[25, [49, 1, 1, 1, 1]], [27, [1, 1, 8, 1, 1]], [29, [12, 1, 3]], [56, 2], [62, 2], [68, 3], [95, 4]]",[10000000000]
layer_3,26,"[[25, [7, 7, 1, 1, 1]], [27, [2, 1, 2, 2, 1]], [29, [18, 2, 1]], [56, 0], [62, 2], [68, 0], [95, 2]]",[5.2050501802451335e-05]
layer_3,27,"[[25, [7, 1, 7, 1, 1]], [27, [2, 1, 2, 2, 1]], [29, [6, 6, 1]], [56, 1], [62, 1], [68, 1], [95, 4]]",[2.1637162337662335e-05]
layer_3,28,"[[25, [7, 1, 1, 7, 1]], [27, [1, 2, 4, 1, 1]], [29, [12, 3, 1]], [56, 1], [62, 2], [68, 0], [95, 1]]",[8.458382721626199e-05]
layer_3,29,"[[25, [7, 7, 1, 1, 1]], [27, [1, 2, 2, 2, 1]], [29, [3, 4, 3]], [56, 2], [62, 2], [68, 3], [95, 3]]",[10000000000]
layer_3,30,"[[25, [49, 1, 1, 1, 1]], [27, [2, 1, 1, 4, 1]], [29, [12, 1, 3]], [56, 0], [62, 0], [68, 2], [95, 4]]",[10000000000]
layer_3,31,"[[25, [1, 7, 1, 7, 1]], [27, [1, 4, 1, 1, 2]], [29, [9, 2, 2]], [56, 0], [62, 1], [68, 0], [95, 0]]",[8.183186767079075e-05]
layer_3,32,"[[25, [7, 1, 1, 7, 1]], [27, [1, 1, 1, 4, 2]], [29, [12, 3, 1]], [56, 0], [62, 1], [68, 0], [95, 1]]",[0.00039238225916870417]
layer_3,33,"[[25, [7, 1, 7, 1, 1]], [27, [4, 1, 1, 1, 2]], [29, [6, 6, 1]], [56, 2], [62, 2], [68, 2], [95, 4]]",[1.6368708554796257e-05]
layer_3,34,"[[25, [1, 7, 1, 7, 1]], [27, [2, 1, 2, 2, 1]], [29, [12, 1, 3]], [56, 0], [62, 3], [68, 1], [95, 0]]",[0.00018160710416666666]
layer_3,35,"[[25, [7, 1, 7, 1, 1]], [27, [2, 2, 1, 1, 2]], [29, [9, 4, 1]], [56, 2], [62, 1], [68, 2], [95, 1]]",[1.4475808656036445e-05]
layer_3,36,"[[25, [1, 7, 1, 7, 1]], [27, [1, 4, 2, 1, 1]], [29, [36, 1, 1]], [56, 0], [62, 3], [68, 0], [95, 3]]",[8.999121266705404e-05]
layer_3,37,"[[25, [49, 1, 1, 1, 1]], [27, [4, 1, 1, 1, 2]], [29, [12, 3, 1]], [56, 0], [62, 2], [68, 0], [95, 4]]",[1.3991659172878096e-05]
layer_3,38,"[[25, [1, 7, 7, 1, 1]], [27, [2, 1, 2, 2, 1]], [29, [18, 2, 1]], [56, 2], [62, 0], [68, 0], [95, 1]]",[3.010098016287325e-05]
layer_3,39,"[[25, [7, 1, 7, 1, 1]], [27, [4, 1, 2, 1, 1]], [29, [9, 4, 1]], [56, 1], [62, 1], [68, 1], [95, 4]]",[1.6361909035687166e-05]
layer_3,40,"[[25, [1, 49, 1, 1, 1]], [27, [2, 1, 2, 1, 2]], [29, [4, 3, 3]], [56, 1], [62, 0], [68, 2], [95, 1]]",[2.9224933389016495e-05]
layer_3,41,"[[25, [7, 1, 1, 7, 1]], [27, [2, 1, 1, 1, 4]], [29, [18, 2, 1]], [56, 2], [62, 2], [68, 1], [95, 1]]",[4.345341861170051e-05]
layer_3,42,"[[25, [7, 1, 7, 1, 1]], [27, [1, 1, 1, 8, 1]], [29, [9, 2, 2]], [56, 1], [62, 1], [68, 2], [95, 4]]",[5.141960935838355e-05]
layer_3,43,"[[25, [7, 7, 1, 1, 1]], [27, [2, 1, 1, 2, 2]], [29, [3, 4, 3]], [56, 1], [62, 2], [68, 2], [95, 3]]",[4.360114710534641e-05]
layer_3,44,"[[25, [1, 7, 1, 7, 1]], [27, [1, 1, 8, 1, 1]], [29, [36, 1, 1]], [56, 0], [62, 1], [68, 2], [95, 3]]",[4.733877664473685e-05]
layer_3,45,"[[25, [49, 1, 1, 1, 1]], [27, [1, 2, 2, 2, 1]], [29, [12, 3, 1]], [56, 0], [62, 2], [68, 0], [95, 0]]",[4.162396461187215e-05]
layer_3,46,"[[25, [49, 1, 1, 1, 1]], [27, [1, 1, 1, 2, 4]], [29, [9, 4, 1]], [56, 1], [62, 1], [68, 0], [95, 2]]",[5.1315223670668954e-05]
layer_3,47,"[[25, [1, 7, 7, 1, 1]], [27, [2, 1, 2, 2, 1]], [29, [12, 3, 1]], [56, 1], [62, 1], [68, 0], [95, 1]]",[3.179338937017092e-05]
layer_3,48,"[[25, [7, 1, 7, 1, 1]], [27, [1, 4, 1, 1, 2]], [29, [36, 1, 1]], [56, 1], [62, 1], [68, 2], [95, 1]]",[2.3080782153627818e-05]
layer_3,49,"[[25, [49, 1, 1, 1, 1]], [27, [8, 1, 1, 1, 1]], [29, [9, 2, 2]], [56, 1], [62, 1], [68, 0], [95, 3]]",[3.0311140146614923e-05]
layer_3,50,"[[25, [1, 49, 1, 1, 1]], [27, [2, 1, 2, 1, 2]], [29, [4, 9, 1]], [56, 2], [62, 0], [68, 1], [95, 2]]",[2.1845915926179084e-05]
layer_3,51,"[[25, [1, 49, 1, 1, 1]], [27, [2, 1, 1, 4, 1]], [29, [3, 6, 2]], [56, 1], [62, 3], [68, 3], [95, 0]]",[10000000000]
layer_3,52,"[[25, [1, 7, 1, 7, 1]], [27, [2, 2, 1, 1, 2]], [29, [6, 2, 3]], [56, 0], [62, 2], [68, 0], [95, 3]]",[4.245763379872019e-05]
layer_3,53,"[[25, [7, 7, 1, 1, 1]], [27, [2, 2, 2, 1, 1]], [29, [18, 1, 2]], [56, 0], [62, 3], [68, 1], [95, 2]]",[3.139322460721399e-05]
layer_3,54,"[[25, [49, 1, 1, 1, 1]], [27, [2, 1, 1, 4, 1]], [29, [9, 1, 4]], [56, 2], [62, 1], [68, 3], [95, 1]]",[2.9492789485071398e-05]
layer_3,55,"[[25, [1, 49, 1, 1, 1]], [27, [1, 1, 1, 8, 1]], [29, [6, 6, 1]], [56, 2], [62, 0], [68, 1], [95, 1]]",[0.00012422526758286176]
layer_3,56,"[[25, [49, 1, 1, 1, 1]], [27, [2, 1, 1, 4, 1]], [29, [18, 2, 1]], [56, 1], [62, 2], [68, 2], [95, 0]]",[1.532230981005049e-05]
layer_3,57,"[[25, [7, 7, 1, 1, 1]], [27, [1, 2, 2, 2, 1]], [29, [3, 4, 3]], [56, 2], [62, 3], [68, 3], [95, 4]]",[10000000000]
layer_3,58,"[[25, [7, 7, 1, 1, 1]], [27, [1, 1, 8, 1, 1]], [29, [18, 2, 1]], [56, 1], [62, 1], [68, 1], [95, 1]]",[3.980989046538025e-05]
layer_3,59,"[[25, [7, 7, 1, 1, 1]], [27, [4, 1, 1, 1, 2]], [29, [3, 12, 1]], [56, 1], [62, 2], [68, 2], [95, 1]]",[6.518181620903455e-05]
layer_3,60,"[[25, [1, 7, 1, 7, 1]], [27, [1, 1, 8, 1, 1]], [29, [36, 1, 1]], [56, 0], [62, 0], [68, 2], [95, 3]]",[4.414914650872818e-05]
layer_3,61,"[[25, [1, 7, 7, 1, 1]], [27, [1, 4, 2, 1, 1]], [29, [18, 2, 1]], [56, 2], [62, 3], [68, 2], [95, 3]]",[3.542529398028024e-05]
layer_3,62,"[[25, [1, 7, 1, 7, 1]], [27, [1, 2, 2, 1, 2]], [29, [6, 2, 3]], [56, 2], [62, 3], [68, 2], [95, 2]]",[0.00014492075785582255]
layer_3,63,"[[25, [49, 1, 1, 1, 1]], [27, [1, 2, 1, 2, 2]], [29, [2, 9, 2]], [56, 2], [62, 2], [68, 1], [95, 2]]",[5.1788313142437585e-05]
layer_3,64,"[[25, [1, 7, 7, 1, 1]], [27, [2, 1, 2, 2, 1]], [29, [18, 2, 1]], [56, 3], [62, 3], [68, 0], [95, 1]]",[10000000000]
layer_3,65,"[[25, [7, 1, 1, 7, 1]], [27, [4, 1, 1, 2, 1]], [29, [6, 3, 2]], [56, 1], [62, 2], [68, 1], [95, 2]]",[0.00025716431158238174]
layer_3,66,"[[25, [1, 49, 1, 1, 1]], [27, [1, 4, 1, 1, 2]], [29, [4, 9, 1]], [56, 1], [62, 0], [68, 0], [95, 2]]",[6.302384397463002e-05]
layer_3,67,"[[25, [7, 7, 1, 1, 1]], [27, [1, 1, 1, 2, 4]], [29, [4, 3, 3]], [56, 0], [62, 2], [68, 1], [95, 0]]",[6.733325876010781e-05]
layer_3,68,"[[25, [1, 7, 1, 7, 1]], [27, [2, 1, 1, 1, 4]], [29, [12, 1, 3]], [56, 1], [62, 0], [68, 0], [95, 0]]",[0.0003488612582056893]
layer_3,69,"[[25, [1, 49, 1, 1, 1]], [27, [2, 2, 1, 1, 2]], [29, [9, 4, 1]], [56, 0], [62, 2], [68, 2], [95, 4]]",[4.250474715261959e-05]
layer_3,70,"[[25, [7, 1, 7, 1, 1]], [27, [1, 4, 1, 2, 1]], [29, [12, 1, 3]], [56, 3], [62, 0], [68, 2], [95, 1]]",[10000000000]
layer_3,71,"[[25, [7, 1, 7, 1, 1]], [27, [1, 1, 2, 4, 1]], [29, [9, 2, 2]], [56, 2], [62, 2], [68, 0], [95, 4]]",[5.553962532783815e-05]
layer_3,72,"[[25, [1, 49, 1, 1, 1]], [27, [2, 4, 1, 1, 1]], [29, [1, 18, 2]], [56, 1], [62, 3], [68, 0], [95, 2]]",[0.0001244447367588933]
layer_3,73,"[[25, [49, 1, 1, 1, 1]], [27, [1, 2, 1, 2, 2]], [29, [9, 4, 1]], [56, 2], [62, 0], [68, 3], [95, 4]]",[3.6326210073399144e-05]
layer_3,74,"[[25, [7, 7, 1, 1, 1]], [27, [2, 2, 2, 1, 1]], [29, [9, 4, 1]], [56, 0], [62, 1], [68, 1], [95, 1]]",[2.034473100713719e-05]
layer_3,75,"[[25, [1, 7, 1, 7, 1]], [27, [2, 2, 1, 1, 2]], [29, [9, 1, 4]], [56, 1], [62, 1], [68, 1], [95, 1]]",[3.7735642391020624e-05]
layer_3,76,"[[25, [49, 1, 1, 1, 1]], [27, [2, 2, 2, 1, 1]], [29, [12, 3, 1]], [56, 1], [62, 0], [68, 0], [95, 2]]",[1.1557182646667933e-05]
layer_3,77,"[[25, [1, 7, 7, 1, 1]], [27, [2, 1, 1, 1, 4]], [29, [12, 1, 3]], [56, 1], [62, 0], [68, 0], [95, 0]]",[7.78622031729785e-05]
layer_3,78,"[[25, [1, 7, 7, 1, 1]], [27, [2, 1, 2, 2, 1]], [29, [9, 1, 4]], [56, 1], [62, 1], [68, 1], [95, 2]]",[3.175510476190476e-05]
layer_3,79,"[[25, [1, 7, 7, 1, 1]], [27, [1, 1, 2, 1, 4]], [29, [18, 1, 2]], [56, 3], [62, 0], [68, 1], [95, 4]]",[10000000000]
layer_3,80,"[[25, [1, 7, 1, 7, 1]], [27, [1, 2, 4, 1, 1]], [29, [6, 2, 3]], [56, 2], [62, 0], [68, 2], [95, 2]]",[6.566230139889785e-05]
layer_3,81,"[[25, [7, 7, 1, 1, 1]], [27, [2, 1, 2, 2, 1]], [29, [6, 6, 1]], [56, 2], [62, 3], [68, 1], [95, 4]]",[6.31598817204301e-05]
layer_3,82,"[[25, [7, 7, 1, 1, 1]], [27, [2, 1, 1, 1, 4]], [29, [4, 3, 3]], [56, 2], [62, 2], [68, 1], [95, 1]]",[6.372881662489558e-05]
layer_3,83,"[[25, [7, 7, 1, 1, 1]], [27, [1, 2, 1, 2, 2]], [29, [36, 1, 1]], [56, 0], [62, 2], [68, 0], [95, 1]]",[9.298193685488768e-05]
layer_3,84,"[[25, [7, 7, 1, 1, 1]], [27, [1, 8, 1, 1, 1]], [29, [3, 12, 1]], [56, 0], [62, 2], [68, 0], [95, 3]]",[1.9228099593189696e-05]
layer_3,85,"[[25, [7, 7, 1, 1, 1]], [27, [1, 4, 1, 2, 1]], [29, [6, 6, 1]], [56, 1], [62, 3], [68, 1], [95, 4]]",[7.378169071669072e-05]
layer_3,86,"[[25, [1, 49, 1, 1, 1]], [27, [2, 1, 2, 2, 1]], [29, [6, 6, 1]], [56, 2], [62, 1], [68, 1], [95, 4]]",[4.133950862581796e-05]
layer_3,87,"[[25, [7, 7, 1, 1, 1]], [27, [2, 2, 2, 1, 1]], [29, [9, 4, 1]], [56, 2], [62, 2], [68, 1], [95, 1]]",[2.3773542283645933e-05]
layer_3,88,"[[25, [49, 1, 1, 1, 1]], [27, [1, 2, 1, 2, 2]], [29, [18, 2, 1]], [56, 2], [62, 0], [68, 2], [95, 4]]",[4.827541962556488e-05]
layer_3,89,"[[25, [7, 7, 1, 1, 1]], [27, [8, 1, 1, 1, 1]], [29, [3, 6, 2]], [56, 2], [62, 0], [68, 2], [95, 3]]",[5.3924650146842884e-05]
layer_3,90,"[[25, [1, 7, 7, 1, 1]], [27, [1, 2, 1, 1, 4]], [29, [6, 3, 2]], [56, 2], [62, 0], [68, 1], [95, 4]]",[2.5971464530431275e-05]
layer_3,91,"[[25, [49, 1, 1, 1, 1]], [27, [4, 1, 1, 2, 1]], [29, [2, 18, 1]], [56, 2], [62, 2], [68, 1], [95, 4]]",[5.364474725274725e-05]
layer_3,92,"[[25, [7, 1, 1, 7, 1]], [27, [1, 1, 1, 8, 1]], [29, [12, 3, 1]], [56, 1], [62, 0], [68, 2], [95, 0]]",[0.000372274238317757]
layer_3,93,"[[25, [7, 7, 1, 1, 1]], [27, [1, 8, 1, 1, 1]], [29, [3, 12, 1]], [56, 0], [62, 2], [68, 0], [95, 1]]",[5.759508809257186e-05]
layer_3,94,"[[25, [1, 7, 7, 1, 1]], [27, [1, 1, 1, 2, 4]], [29, [12, 3, 1]], [56, 0], [62, 2], [68, 2], [95, 1]]",[8.635497754749568e-05]
layer_3,95,"[[25, [1, 7, 7, 1, 1]], [27, [2, 1, 1, 1, 4]], [29, [36, 1, 1]], [56, 1], [62, 3], [68, 0], [95, 0]]",[5.7540684070121954e-05]
layer_3,96,"[[25, [49, 1, 1, 1, 1]], [27, [4, 1, 1, 1, 2]], [29, [36, 1, 1]], [56, 0], [62, 0], [68, 2], [95, 2]]",[4.399954206695779e-05]
layer_3,97,"[[25, [1, 7, 1, 7, 1]], [27, [1, 2, 1, 4, 1]], [29, [36, 1, 1]], [56, 0], [62, 2], [68, 0], [95, 0]]",[0.00016140984536082474]
layer_3,98,"[[25, [49, 1, 1, 1, 1]], [27, [4, 1, 1, 2, 1]], [29, [2, 18, 1]], [56, 2], [62, 2], [68, 0], [95, 4]]",[1.7399095790200137e-05]
layer_3,99,"[[25, [1, 7, 1, 7, 1]], [27, [1, 4, 1, 2, 1]], [29, [18, 1, 2]], [56, 1], [62, 2], [68, 2], [95, 4]]",[5.101269549805033e-05]
layer_3,100,"[[25, [1, 7, 1, 7, 1]], [27, [2, 1, 1, 4, 1]], [29, [9, 1, 4]], [56, 2], [62, 0], [68, 3], [95, 0]]",[0.00024028368229954614]
layer_3,101,"[[25, [1, 49, 1, 1, 1]], [27, [1, 1, 4, 1, 2]], [29, [12, 3, 1]], [56, 2], [62, 3], [68, 0], [95, 3]]",[1.3455643356643356e-05]
layer_3,102,"[[25, [1, 49, 1, 1, 1]], [27, [1, 8, 1, 1, 1]], [29, [4, 9, 1]], [56, 1], [62, 0], [68, 1], [95, 2]]",[5.008437286397813e-05]
layer_3,103,"[[25, [7, 7, 1, 1, 1]], [27, [1, 4, 2, 1, 1]], [29, [6, 6, 1]], [56, 1], [62, 3], [68, 3], [95, 4]]",[10000000000]
layer_3,104,"[[25, [7, 7, 1, 1, 1]], [27, [1, 4, 2, 1, 1]], [29, [2, 18, 1]], [56, 0], [62, 1], [68, 0], [95, 0]]",[3.559471428571429e-05]
layer_3,105,"[[25, [1, 7, 7, 1, 1]], [27, [1, 1, 1, 8, 1]], [29, [9, 1, 4]], [56, 2], [62, 1], [68, 3], [95, 1]]",[2.3778140132811166e-05]
layer_3,106,"[[25, [7, 1, 1, 7, 1]], [27, [1, 1, 1, 2, 4]], [29, [9, 4, 1]], [56, 0], [62, 1], [68, 2], [95, 3]]",[0.00015695638561438562]
layer_3,107,"[[25, [1, 49, 1, 1, 1]], [27, [4, 1, 2, 1, 1]], [29, [4, 9, 1]], [56, 1], [62, 1], [68, 0], [95, 4]]",[3.1916460241512874e-05]
layer_3,108,"[[25, [7, 1, 7, 1, 1]], [27, [2, 1, 1, 2, 2]], [29, [9, 4, 1]], [56, 3], [62, 1], [68, 1], [95, 0]]",[10000000000]
layer_3,109,"[[25, [1, 49, 1, 1, 1]], [27, [1, 2, 4, 1, 1]], [29, [12, 1, 3]], [56, 1], [62, 2], [68, 0], [95, 2]]",[2.2842220275557068e-05]
layer_3,110,"[[25, [49, 1, 1, 1, 1]], [27, [2, 1, 2, 2, 1]], [29, [6, 6, 1]], [56, 2], [62, 3], [68, 1], [95, 2]]",[3.1871041959628026e-05]
layer_3,111,"[[25, [49, 1, 1, 1, 1]], [27, [1, 1, 4, 1, 2]], [29, [12, 3, 1]], [56, 2], [62, 3], [68, 0], [95, 3]]",[1.3451261574990108e-05]
layer_3,112,"[[25, [1, 7, 1, 7, 1]], [27, [4, 1, 2, 1, 1]], [29, [9, 1, 4]], [56, 2], [62, 1], [68, 1], [95, 0]]",[3.563477521389681e-05]
layer_3,113,"[[25, [7, 1, 7, 1, 1]], [27, [1, 1, 2, 2, 2]], [29, [18, 2, 1]], [56, 2], [62, 2], [68, 1], [95, 4]]",[5.413865261958998e-05]
layer_3,114,"[[25, [1, 49, 1, 1, 1]], [27, [2, 4, 1, 1, 1]], [29, [36, 1, 1]], [56, 1], [62, 1], [68, 1], [95, 3]]",[4.640250016474465e-05]
layer_3,115,"[[25, [1, 49, 1, 1, 1]], [27, [2, 1, 1, 2, 2]], [29, [4, 3, 3]], [56, 2], [62, 2], [68, 1], [95, 4]]",[3.085741900205058e-05]
layer_3,116,"[[25, [7, 7, 1, 1, 1]], [27, [4, 1, 2, 1, 1]], [29, [3, 6, 2]], [56, 2], [62, 0], [68, 2], [95, 3]]",[2.1440481203007516e-05]
layer_3,117,"[[25, [49, 1, 1, 1, 1]], [27, [1, 2, 1, 4, 1]], [29, [18, 2, 1]], [56, 2], [62, 2], [68, 1], [95, 1]]",[4.830696645420999e-05]
layer_3,118,"[[25, [1, 7, 1, 7, 1]], [27, [1, 4, 1, 2, 1]], [29, [18, 1, 2]], [56, 1], [62, 3], [68, 1], [95, 4]]",[4.676522336991607e-05]
layer_3,119,"[[25, [49, 1, 1, 1, 1]], [27, [2, 2, 2, 1, 1]], [29, [2, 9, 2]], [56, 0], [62, 2], [68, 2], [95, 1]]",[3.1162243192925295e-05]
layer_3,120,"[[25, [7, 1, 7, 1, 1]], [27, [1, 2, 2, 2, 1]], [29, [36, 1, 1]], [56, 2], [62, 2], [68, 0], [95, 0]]",[4.403571858837846e-05]
layer_3,121,"[[25, [1, 7, 7, 1, 1]], [27, [1, 1, 2, 1, 4]], [29, [18, 1, 2]], [56, 1], [62, 3], [68, 1], [95, 4]]",[4.0220022125181954e-05]
layer_3,122,"[[25, [49, 1, 1, 1, 1]], [27, [1, 2, 1, 4, 1]], [29, [3, 3, 4]], [56, 0], [62, 3], [68, 3], [95, 3]]",[10000000000]
layer_3,123,"[[25, [7, 7, 1, 1, 1]], [27, [2, 4, 1, 1, 1]], [29, [1, 18, 2]], [56, 1], [62, 3], [68, 3], [95, 2]]",[0.00010176774717232202]
layer_3,124,"[[25, [7, 1, 7, 1, 1]], [27, [1, 2, 1, 2, 2]], [29, [9, 2, 2]], [56, 0], [62, 2], [68, 1], [95, 3]]",[3.2045438596491234e-05]
layer_3,125,"[[25, [7, 7, 1, 1, 1]], [27, [2, 1, 4, 1, 1]], [29, [9, 2, 2]], [56, 0], [62, 2], [68, 2], [95, 2]]",[1.5301826931870142e-05]
layer_3,126,"[[25, [49, 1, 1, 1, 1]], [27, [2, 4, 1, 1, 1]], [29, [9, 2, 2]], [56, 2], [62, 1], [68, 1], [95, 3]]",[3.0972919672919675e-05]
layer_3,127,"[[25, [1, 7, 7, 1, 1]], [27, [1, 4, 1, 2, 1]], [29, [12, 3, 1]], [56, 1], [62, 0], [68, 0], [95, 3]]",[1.319406371723972e-05]
layer_3,128,"[[25, [49, 1, 1, 1, 1]], [27, [2, 2, 2, 1, 1]], [29, [12, 1, 3]], [56, 1], [62, 0], [68, 0], [95, 2]]",[1.0963207371405427e-05]
layer_3,129,"[[25, [49, 1, 1, 1, 1]], [27, [2, 2, 2, 1, 1]], [29, [12, 3, 1]], [56, 1], [62, 0], [68, 0], [95, 0]]",[3.626097315971299e-05]
layer_3,130,"[[25, [49, 1, 1, 1, 1]], [27, [2, 2, 2, 1, 1]], [29, [4, 9, 1]], [56, 1], [62, 0], [68, 0], [95, 0]]",[3.630152620653866e-05]
layer_3,131,"[[25, [7, 1, 7, 1, 1]], [27, [4, 1, 2, 1, 1]], [29, [6, 6, 1]], [56, 2], [62, 0], [68, 2], [95, 3]]",[1.132388057717866e-05]
layer_3,132,"[[25, [7, 1, 7, 1, 1]], [27, [2, 2, 1, 1, 2]], [29, [12, 3, 1]], [56, 1], [62, 0], [68, 1], [95, 3]]",[1.6395388535031847e-05]
layer_3,133,"[[25, [7, 1, 7, 1, 1]], [27, [4, 2, 1, 1, 1]], [29, [6, 6, 1]], [56, 2], [62, 0], [68, 0], [95, 3]]",[1.0099046990696791e-05]
layer_3,134,"[[25, [7, 1, 7, 1, 1]], [27, [4, 1, 1, 1, 2]], [29, [12, 1, 3]], [56, 0], [62, 0], [68, 0], [95, 3]]",[1.70384038538206e-05]
layer_3,135,"[[25, [7, 1, 7, 1, 1]], [27, [2, 2, 2, 1, 1]], [29, [6, 6, 1]], [56, 2], [62, 0], [68, 0], [95, 3]]",[1.6586188828172435e-05]
layer_3,136,"[[25, [7, 1, 7, 1, 1]], [27, [2, 2, 2, 1, 1]], [29, [6, 6, 1]], [56, 3], [62, 0], [68, 1], [95, 3]]",[10000000000]
layer_3,137,"[[25, [7, 1, 7, 1, 1]], [27, [2, 2, 2, 1, 1]], [29, [6, 6, 1]], [56, 2], [62, 0], [68, 2], [95, 3]]",[1.1602740785743216e-05]
layer_3,138,"[[25, [7, 1, 7, 1, 1]], [27, [2, 2, 2, 1, 1]], [29, [6, 6, 1]], [56, 2], [62, 0], [68, 1], [95, 3]]",[1.3073947481650216e-05]
layer_3,139,"[[25, [49, 1, 1, 1, 1]], [27, [1, 2, 4, 1, 1]], [29, [6, 2, 3]], [56, 1], [62, 3], [68, 0], [95, 3]]",[1.9449681379528554e-05]
layer_3,140,"[[25, [7, 1, 7, 1, 1]], [27, [2, 2, 2, 1, 1]], [29, [6, 6, 1]], [56, 2], [62, 0], [68, 2], [95, 1]]",[3.059882250430293e-05]
layer_3,141,"[[25, [49, 1, 1, 1, 1]], [27, [2, 1, 4, 1, 1]], [29, [12, 3, 1]], [56, 2], [62, 3], [68, 0], [95, 1]]",[2.990490366972477e-05]
layer_3,142,"[[25, [1, 7, 7, 1, 1]], [27, [1, 4, 1, 2, 1]], [29, [12, 3, 1]], [56, 2], [62, 0], [68, 0], [95, 3]]",[1.2900020731290579e-05]
layer_3,143,"[[25, [1, 7, 7, 1, 1]], [27, [1, 4, 1, 1, 2]], [29, [12, 3, 1]], [56, 1], [62, 0], [68, 0], [95, 3]]",[1.3193791393222162e-05]
layer_3,144,"[[25, [1, 7, 7, 1, 1]], [27, [1, 4, 1, 2, 1]], [29, [12, 1, 3]], [56, 2], [62, 0], [68, 0], [95, 3]]",[1.218970595382746e-05]
layer_3,145,"[[25, [1, 7, 7, 1, 1]], [27, [1, 4, 1, 2, 1]], [29, [12, 1, 3]], [56, 1], [62, 0], [68, 0], [95, 3]]",[1.6289400278410528e-05]
layer_3,146,"[[25, [49, 1, 1, 1, 1]], [27, [1, 1, 4, 1, 2]], [29, [12, 1, 3]], [56, 2], [62, 0], [68, 0], [95, 3]]",[1.1493690166414523e-05]
layer_3,147,"[[25, [1, 7, 7, 1, 1]], [27, [1, 4, 1, 2, 1]], [29, [12, 3, 1]], [56, 3], [62, 0], [68, 0], [95, 3]]",[10000000000]
layer_3,148,"[[25, [49, 1, 1, 1, 1]], [27, [1, 2, 4, 1, 1]], [29, [18, 1, 2]], [56, 1], [62, 2], [68, 0], [95, 1]]",[1.9271644043663976e-05]
layer_3,149,"[[25, [49, 1, 1, 1, 1]], [27, [4, 1, 2, 1, 1]], [29, [4, 9, 1]], [56, 1], [62, 1], [68, 0], [95, 0]]",[3.3319651812688815e-05]
layer_3,150,"[[25, [1, 49, 1, 1, 1]], [27, [1, 1, 4, 1, 2]], [29, [12, 1, 3]], [56, 2], [62, 3], [68, 0], [95, 3]]",[1.341301959220868e-05]
layer_3,151,"[[25, [1, 49, 1, 1, 1]], [27, [1, 1, 4, 1, 2]], [29, [12, 3, 1]], [56, 2], [62, 2], [68, 0], [95, 3]]",[1.1586424004034293e-05]
layer_3,152,"[[25, [49, 1, 1, 1, 1]], [27, [1, 1, 4, 1, 2]], [29, [12, 1, 3]], [56, 2], [62, 3], [68, 0], [95, 3]]",[1.3411938927626833e-05]
layer_3,153,"[[25, [49, 1, 1, 1, 1]], [27, [1, 1, 4, 1, 2]], [29, [12, 1, 3]], [56, 1], [62, 3], [68, 0], [95, 3]]",[1.361328908015062e-05]
layer_3,154,"[[25, [49, 1, 1, 1, 1]], [27, [1, 1, 4, 1, 2]], [29, [12, 3, 1]], [56, 2], [62, 2], [68, 0], [95, 3]]",[1.1586151034744636e-05]
layer_3,155,"[[25, [49, 1, 1, 1, 1]], [27, [1, 1, 4, 2, 1]], [29, [12, 1, 3]], [56, 2], [62, 3], [68, 0], [95, 3]]",[1.3414675309306079e-05]
layer_3,156,"[[25, [49, 1, 1, 1, 1]], [27, [1, 1, 4, 1, 2]], [29, [12, 3, 1]], [56, 2], [62, 1], [68, 0], [95, 3]]",[1.0524147071852573e-05]
layer_3,157,"[[25, [49, 1, 1, 1, 1]], [27, [2, 1, 4, 1, 1]], [29, [12, 3, 1]], [56, 2], [62, 3], [68, 0], [95, 2]]",[1.545530438652257e-05]
layer_3,158,"[[25, [49, 1, 1, 1, 1]], [27, [1, 2, 4, 1, 1]], [29, [18, 1, 2]], [56, 2], [62, 2], [68, 0], [95, 1]]",[1.9261618830675777e-05]
layer_3,159,"[[25, [7, 1, 7, 1, 1]], [27, [4, 1, 2, 1, 1]], [29, [12, 1, 3]], [56, 2], [62, 0], [68, 2], [95, 3]]",[1.2895937920036451e-05]
layer_3,160,"[[25, [7, 7, 1, 1, 1]], [27, [2, 2, 2, 1, 1]], [29, [12, 3, 1]], [56, 1], [62, 0], [68, 0], [95, 2]]",[1.098684114467972e-05]
layer_3,161,"[[25, [49, 1, 1, 1, 1]], [27, [2, 1, 4, 1, 1]], [29, [12, 1, 3]], [56, 2], [62, 3], [68, 0], [95, 3]]",[2.2252052118933697e-05]
layer_3,162,"[[25, [49, 1, 1, 1, 1]], [27, [1, 2, 4, 1, 1]], [29, [12, 3, 1]], [56, 1], [62, 0], [68, 0], [95, 2]]",[1.7857973814898418e-05]
layer_3,163,"[[25, [49, 1, 1, 1, 1]], [27, [2, 1, 4, 1, 1]], [29, [12, 1, 3]], [56, 2], [62, 0], [68, 0], [95, 3]]",[1.5887113478139793e-05]
layer_3,164,"[[25, [7, 1, 7, 1, 1]], [27, [2, 2, 1, 1, 2]], [29, [9, 4, 1]], [56, 2], [62, 0], [68, 2], [95, 1]]",[3.8470614669146964e-05]
layer_3,165,"[[25, [1, 49, 1, 1, 1]], [27, [1, 1, 4, 1, 2]], [29, [12, 3, 1]], [56, 2], [62, 3], [68, 0], [95, 4]]",[2.2971027315914488e-05]
layer_3,166,"[[25, [7, 1, 7, 1, 1]], [27, [4, 1, 2, 1, 1]], [29, [6, 6, 1]], [56, 2], [62, 0], [68, 0], [95, 4]]",[1.019603419767005e-05]
layer_3,167,"[[25, [7, 1, 7, 1, 1]], [27, [4, 1, 1, 1, 2]], [29, [4, 9, 1]], [56, 0], [62, 0], [68, 3], [95, 3]]",[1.2055532179063674e-05]
layer_3,168,"[[25, [7, 1, 7, 1, 1]], [27, [4, 1, 2, 1, 1]], [29, [6, 6, 1]], [56, 0], [62, 0], [68, 0], [95, 4]]",[1.1219739165654112e-05]
layer_3,169,"[[25, [7, 1, 7, 1, 1]], [27, [4, 1, 2, 1, 1]], [29, [6, 3, 2]], [56, 2], [62, 0], [68, 1], [95, 4]]",[1.1394460888551358e-05]
layer_3,170,"[[25, [7, 1, 7, 1, 1]], [27, [4, 1, 1, 2, 1]], [29, [12, 3, 1]], [56, 0], [62, 0], [68, 1], [95, 4]]",[1.3528069387288524e-05]
layer_3,171,"[[25, [49, 1, 1, 1, 1]], [27, [4, 1, 1, 1, 2]], [29, [12, 3, 1]], [56, 0], [62, 3], [68, 0], [95, 4]]",[1.6019312705644138e-05]
layer_3,172,"[[25, [49, 1, 1, 1, 1]], [27, [4, 1, 1, 1, 2]], [29, [12, 3, 1]], [56, 0], [62, 1], [68, 0], [95, 4]]",[1.985235157337789e-05]
layer_3,173,"[[25, [7, 1, 7, 1, 1]], [27, [2, 2, 1, 1, 2]], [29, [9, 4, 1]], [56, 2], [62, 0], [68, 1], [95, 1]]",[3.8515551167964404e-05]
layer_3,174,"[[25, [49, 1, 1, 1, 1]], [27, [1, 2, 4, 1, 1]], [29, [12, 3, 1]], [56, 2], [62, 1], [68, 0], [95, 3]]",[1.4069925665827481e-05]
layer_3,175,"[[25, [7, 7, 1, 1, 1]], [27, [2, 1, 4, 1, 1]], [29, [9, 4, 1]], [56, 0], [62, 2], [68, 0], [95, 1]]",[1.806686090225564e-05]
layer_3,176,"[[25, [49, 1, 1, 1, 1]], [27, [1, 2, 4, 1, 1]], [29, [9, 2, 2]], [56, 1], [62, 1], [68, 0], [95, 3]]",[1.6601644521019985e-05]
layer_3,177,"[[25, [7, 1, 7, 1, 1]], [27, [4, 1, 2, 1, 1]], [29, [36, 1, 1]], [56, 2], [62, 0], [68, 0], [95, 3]]",[3.0723726176938816e-05]
layer_3,178,"[[25, [7, 1, 7, 1, 1]], [27, [4, 1, 2, 1, 1]], [29, [6, 2, 3]], [56, 0], [62, 0], [68, 2], [95, 4]]",[1.265787196719444e-05]
layer_3,179,"[[25, [7, 1, 7, 1, 1]], [27, [4, 1, 2, 1, 1]], [29, [6, 6, 1]], [56, 0], [62, 0], [68, 2], [95, 4]]",[1.2638975395830962e-05]
layer_3,180,"[[25, [7, 1, 7, 1, 1]], [27, [4, 1, 2, 1, 1]], [29, [6, 3, 2]], [56, 0], [62, 0], [68, 2], [95, 4]]",[1.2573582251542881e-05]
layer_3,181,"[[25, [7, 1, 7, 1, 1]], [27, [2, 2, 1, 2, 1]], [29, [9, 4, 1]], [56, 1], [62, 0], [68, 0], [95, 2]]",[1.944480425208808e-05]
layer_3,182,"[[25, [7, 1, 7, 1, 1]], [27, [4, 1, 2, 1, 1]], [29, [9, 4, 1]], [56, 1], [62, 0], [68, 1], [95, 4]]",[1.4627234812529664e-05]
layer_3,183,"[[25, [7, 1, 7, 1, 1]], [27, [4, 1, 2, 1, 1]], [29, [6, 3, 2]], [56, 0], [62, 0], [68, 1], [95, 4]]",[1.2179130113406236e-05]
layer_3,184,"[[25, [7, 1, 7, 1, 1]], [27, [4, 1, 1, 1, 2]], [29, [4, 9, 1]], [56, 3], [62, 0], [68, 1], [95, 3]]",[10000000000]
layer_3,185,"[[25, [1, 49, 1, 1, 1]], [27, [1, 1, 4, 1, 2]], [29, [12, 3, 1]], [56, 0], [62, 3], [68, 0], [95, 3]]",[1.4049015707369554e-05]
layer_3,186,"[[25, [1, 49, 1, 1, 1]], [27, [1, 1, 4, 1, 2]], [29, [12, 3, 1]], [56, 0], [62, 2], [68, 0], [95, 3]]",[1.2275660996354799e-05]
layer_3,187,"[[25, [7, 1, 7, 1, 1]], [27, [2, 2, 1, 2, 1]], [29, [9, 4, 1]], [56, 3], [62, 1], [68, 2], [95, 1]]",[10000000000]
layer_3,188,"[[25, [7, 1, 7, 1, 1]], [27, [2, 2, 1, 1, 2]], [29, [9, 4, 1]], [56, 3], [62, 1], [68, 2], [95, 1]]",[10000000000]
layer_3,189,"[[25, [1, 7, 1, 7, 1]], [27, [4, 1, 2, 1, 1]], [29, [6, 6, 1]], [56, 2], [62, 1], [68, 3], [95, 2]]",[10000000000]
layer_3,190,"[[25, [49, 1, 1, 1, 1]], [27, [1, 2, 1, 4, 1]], [29, [36, 1, 1]], [56, 2], [62, 2], [68, 1], [95, 2]]",[7.345595493358634e-05]
layer_3,191,"[[25, [1, 49, 1, 1, 1]], [27, [1, 2, 4, 1, 1]], [29, [2, 18, 1]], [56, 2], [62, 2], [68, 3], [95, 4]]",[1.2383932187973724e-05]
layer_3,192,"[[25, [7, 1, 7, 1, 1]], [27, [4, 2, 1, 1, 1]], [29, [6, 6, 1]], [56, 1], [62, 0], [68, 0], [95, 3]]",[1.1160161842945307e-05]
layer_3,193,"[[25, [7, 1, 7, 1, 1]], [27, [2, 4, 1, 1, 1]], [29, [6, 6, 1]], [56, 2], [62, 0], [68, 0], [95, 4]]",[1.0078824573182428e-05]
layer_3,194,"[[25, [49, 1, 1, 1, 1]], [27, [1, 1, 4, 1, 2]], [29, [12, 1, 3]], [56, 2], [62, 1], [68, 0], [95, 3]]",[1.051673714054273e-05]
layer_3,195,"[[25, [49, 1, 1, 1, 1]], [27, [1, 1, 4, 2, 1]], [29, [12, 1, 3]], [56, 2], [62, 1], [68, 0], [95, 3]]",[1.0516001721344674e-05]
layer_3,196,"[[25, [7, 1, 7, 1, 1]], [27, [4, 1, 2, 1, 1]], [29, [6, 3, 2]], [56, 1], [62, 0], [68, 0], [95, 4]]",[1.0566775651492391e-05]
layer_3,197,"[[25, [49, 1, 1, 1, 1]], [27, [1, 1, 4, 2, 1]], [29, [12, 1, 3]], [56, 2], [62, 1], [68, 0], [95, 4]]",[1.6603261705897242e-05]
layer_3,198,"[[25, [7, 1, 7, 1, 1]], [27, [4, 1, 2, 1, 1]], [29, [6, 6, 1]], [56, 2], [62, 1], [68, 0], [95, 4]]",[1.595700898506707e-05]
layer_3,199,"[[25, [7, 1, 7, 1, 1]], [27, [4, 1, 2, 1, 1]], [29, [6, 6, 1]], [56, 3], [62, 0], [68, 0], [95, 4]]",[10000000000]
layer_3,200,"[[25, [7, 1, 7, 1, 1]], [27, [4, 1, 2, 1, 1]], [29, [6, 6, 1]], [56, 2], [62, 3], [68, 0], [95, 4]]",[4.173671509648127e-05]
layer_3,201,"[[25, [49, 1, 1, 1, 1]], [27, [2, 2, 2, 1, 1]], [29, [12, 3, 1]], [56, 0], [62, 0], [68, 0], [95, 2]]",[1.2079794395717052e-05]
layer_3,202,"[[25, [49, 1, 1, 1, 1]], [27, [2, 2, 2, 1, 1]], [29, [12, 1, 3]], [56, 0], [62, 0], [68, 0], [95, 2]]",[1.095519595755432e-05]
layer_3,203,"[[25, [7, 1, 7, 1, 1]], [27, [4, 2, 1, 1, 1]], [29, [6, 6, 1]], [56, 2], [62, 3], [68, 0], [95, 3]]",[2.6551689066059227e-05]
layer_3,204,"[[25, [7, 1, 7, 1, 1]], [27, [4, 1, 2, 1, 1]], [29, [6, 3, 2]], [56, 0], [62, 0], [68, 0], [95, 4]]",[1.1215769033605469e-05]
layer_3,205,"[[25, [49, 1, 1, 1, 1]], [27, [1, 1, 4, 1, 2]], [29, [12, 1, 3]], [56, 1], [62, 1], [68, 0], [95, 3]]",[1.0753845690120568e-05]
layer_3,206,"[[25, [49, 1, 1, 1, 1]], [27, [1, 1, 4, 2, 1]], [29, [12, 1, 3]], [56, 1], [62, 1], [68, 0], [95, 3]]",[1.0753348015390847e-05]
layer_3,207,"[[25, [7, 1, 7, 1, 1]], [27, [4, 1, 2, 1, 1]], [29, [6, 2, 3]], [56, 2], [62, 0], [68, 2], [95, 3]]",[1.1478717974480056e-05]
layer_3,208,"[[25, [49, 1, 1, 1, 1]], [27, [1, 1, 4, 2, 1]], [29, [12, 1, 3]], [56, 2], [62, 0], [68, 0], [95, 3]]",[1.1493041616038882e-05]
layer_3,209,"[[25, [7, 1, 7, 1, 1]], [27, [4, 1, 2, 1, 1]], [29, [6, 6, 1]], [56, 1], [62, 1], [68, 0], [95, 4]]",[1.6310135729742727e-05]
layer_3,210,"[[25, [7, 1, 7, 1, 1]], [27, [4, 1, 2, 1, 1]], [29, [6, 6, 1]], [56, 2], [62, 0], [68, 1], [95, 3]]",[1.3179268093291657e-05]
layer_3,211,"[[25, [49, 1, 1, 1, 1]], [27, [2, 2, 2, 1, 1]], [29, [12, 1, 3]], [56, 2], [62, 0], [68, 0], [95, 2]]",[1.0385906013085471e-05]
layer_3,212,"[[25, [7, 1, 7, 1, 1]], [27, [2, 2, 1, 1, 2]], [29, [9, 2, 2]], [56, 2], [62, 2], [68, 3], [95, 3]]",[1.5112245127815743e-05]
layer_3,213,"[[25, [1, 49, 1, 1, 1]], [27, [1, 1, 4, 1, 2]], [29, [12, 1, 3]], [56, 2], [62, 2], [68, 2], [95, 3]]",[2.2908893673577884e-05]
layer_3,214,"[[25, [7, 1, 7, 1, 1]], [27, [4, 2, 1, 1, 1]], [29, [6, 3, 2]], [56, 2], [62, 0], [68, 2], [95, 4]]",[1.0135213608576238e-05]
layer_3,215,"[[25, [49, 1, 1, 1, 1]], [27, [1, 1, 4, 1, 2]], [29, [12, 1, 3]], [56, 2], [62, 0], [68, 1], [95, 3]]",[1.403820754239433e-05]
layer_3,216,"[[25, [49, 1, 1, 1, 1]], [27, [1, 1, 4, 1, 2]], [29, [12, 1, 3]], [56, 2], [62, 0], [68, 2], [95, 3]]",[1.9498182532751093e-05]
layer_3,217,"[[25, [7, 1, 7, 1, 1]], [27, [4, 1, 2, 1, 1]], [29, [6, 6, 1]], [56, 2], [62, 0], [68, 1], [95, 4]]",[1.123403575228772e-05]
layer_3,218,"[[25, [7, 1, 7, 1, 1]], [27, [4, 1, 2, 1, 1]], [29, [6, 6, 1]], [56, 1], [62, 0], [68, 2], [95, 4]]",[1.178819445350734e-05]
layer_3,219,"[[25, [7, 1, 7, 1, 1]], [27, [2, 4, 1, 1, 1]], [29, [9, 4, 1]], [56, 2], [62, 0], [68, 0], [95, 4]]",[1.3640847660032274e-05]
layer_3,220,"[[25, [49, 1, 1, 1, 1]], [27, [2, 2, 2, 1, 1]], [29, [12, 1, 3]], [56, 1], [62, 2], [68, 0], [95, 2]]",[1.4281094614089925e-05]
layer_3,221,"[[25, [49, 1, 1, 1, 1]], [27, [2, 2, 2, 1, 1]], [29, [12, 3, 1]], [56, 1], [62, 2], [68, 0], [95, 2]]",[1.4315282333586434e-05]
layer_3,222,"[[25, [49, 1, 1, 1, 1]], [27, [2, 2, 2, 1, 1]], [29, [12, 3, 1]], [56, 1], [62, 1], [68, 0], [95, 2]]",[1.0035064765132259e-05]
layer_3,223,"[[25, [49, 1, 1, 1, 1]], [27, [2, 2, 2, 1, 1]], [29, [12, 1, 3]], [56, 1], [62, 1], [68, 0], [95, 2]]",[1.0128046513688314e-05]
layer_3,224,"[[25, [1, 49, 1, 1, 1]], [27, [1, 1, 4, 1, 2]], [29, [12, 1, 3]], [56, 2], [62, 2], [68, 1], [95, 3]]",[1.273572324802937e-05]
layer_3,225,"[[25, [1, 49, 1, 1, 1]], [27, [1, 1, 4, 1, 2]], [29, [12, 3, 1]], [56, 2], [62, 2], [68, 1], [95, 3]]",[1.3001464661806399e-05]
layer_3,226,"[[25, [7, 1, 7, 1, 1]], [27, [4, 1, 2, 1, 1]], [29, [6, 6, 1]], [56, 0], [62, 1], [68, 0], [95, 4]]",[1.716518796992481e-05]
layer_3,227,"[[25, [7, 1, 7, 1, 1]], [27, [4, 1, 2, 1, 1]], [29, [6, 3, 2]], [56, 0], [62, 1], [68, 0], [95, 4]]",[1.7249904332847485e-05]
layer_3,228,"[[25, [49, 1, 1, 1, 1]], [27, [1, 1, 4, 1, 2]], [29, [12, 1, 3]], [56, 2], [62, 2], [68, 0], [95, 3]]",[1.1766150162008911e-05]
layer_3,229,"[[25, [1, 49, 1, 1, 1]], [27, [1, 1, 4, 1, 2]], [29, [12, 3, 1]], [56, 0], [62, 2], [68, 2], [95, 3]]",[2.4902738113207548e-05]
layer_3,230,"[[25, [49, 1, 1, 1, 1]], [27, [1, 1, 4, 1, 2]], [29, [12, 1, 3]], [56, 0], [62, 0], [68, 0], [95, 3]]",[1.2236331468531469e-05]
layer_3,231,"[[25, [7, 1, 7, 1, 1]], [27, [4, 1, 1, 1, 2]], [29, [4, 9, 1]], [56, 3], [62, 0], [68, 3], [95, 3]]",[10000000000]
layer_3,232,"[[25, [49, 1, 1, 1, 1]], [27, [1, 1, 4, 1, 2]], [29, [12, 1, 3]], [56, 1], [62, 0], [68, 0], [95, 3]]",[1.1723564994115759e-05]
layer_3,233,"[[25, [7, 1, 7, 1, 1]], [27, [4, 1, 1, 1, 2]], [29, [4, 9, 1]], [56, 2], [62, 0], [68, 3], [95, 3]]",[1.1093509421580576e-05]
layer_3,234,"[[25, [1, 49, 1, 1, 1]], [27, [1, 1, 4, 1, 2]], [29, [12, 1, 3]], [56, 0], [62, 1], [68, 2], [95, 3]]",[1.980397579496915e-05]
layer_3,235,"[[25, [1, 49, 1, 1, 1]], [27, [1, 1, 4, 1, 2]], [29, [12, 3, 1]], [56, 0], [62, 1], [68, 2], [95, 3]]",[2.1224286886539375e-05]
layer_3,236,"[[25, [7, 1, 7, 1, 1]], [27, [4, 1, 2, 1, 1]], [29, [6, 3, 2]], [56, 2], [62, 0], [68, 2], [95, 4]]",[1.1793581565680586e-05]
layer_3,237,"[[25, [7, 1, 7, 1, 1]], [27, [4, 1, 2, 1, 1]], [29, [6, 6, 1]], [56, 2], [62, 0], [68, 2], [95, 4]]",[1.168551554599247e-05]
layer_3,238,"[[25, [49, 1, 1, 1, 1]], [27, [2, 2, 2, 1, 1]], [29, [6, 6, 1]], [56, 1], [62, 0], [68, 0], [95, 2]]",[8.987920173651104e-06]
layer_3,239,"[[25, [7, 1, 7, 1, 1]], [27, [2, 4, 1, 1, 1]], [29, [9, 2, 2]], [56, 0], [62, 1], [68, 2], [95, 4]]",[1.4209591611201808e-05]
layer_3,240,"[[25, [49, 1, 1, 1, 1]], [27, [1, 1, 4, 2, 1]], [29, [18, 1, 2]], [56, 2], [62, 1], [68, 2], [95, 3]]",[2.155721701217506e-05]
layer_3,241,"[[25, [1, 49, 1, 1, 1]], [27, [1, 1, 4, 1, 2]], [29, [12, 1, 3]], [56, 2], [62, 2], [68, 0], [95, 3]]",[1.1766698552807144e-05]
layer_3,242,"[[25, [7, 1, 7, 1, 1]], [27, [4, 1, 2, 1, 1]], [29, [6, 3, 2]], [56, 0], [62, 3], [68, 0], [95, 4]]",[4.302228587699317e-05]
layer_3,243,"[[25, [49, 1, 1, 1, 1]], [27, [2, 2, 2, 1, 1]], [29, [12, 3, 1]], [56, 2], [62, 1], [68, 0], [95, 3]]",[9.933654251092568e-06]
layer_3,244,"[[25, [1, 49, 1, 1, 1]], [27, [1, 1, 4, 2, 1]], [29, [12, 3, 1]], [56, 2], [62, 1], [68, 0], [95, 3]]",[1.0543778336814126e-05]
layer_3,245,"[[25, [1, 49, 1, 1, 1]], [27, [1, 1, 4, 1, 2]], [29, [12, 3, 1]], [56, 2], [62, 1], [68, 0], [95, 3]]",[1.0543545246075144e-05]
layer_3,246,"[[25, [1, 49, 1, 1, 1]], [27, [1, 1, 4, 1, 2]], [29, [12, 1, 3]], [56, 2], [62, 1], [68, 0], [95, 3]]",[1.0541233166025683e-05]
layer_3,247,"[[25, [49, 1, 1, 1, 1]], [27, [1, 1, 8, 1, 1]], [29, [12, 1, 3]], [56, 2], [62, 0], [68, 0], [95, 3]]",[1.1753997848305541e-05]
layer_3,248,"[[25, [1, 49, 1, 1, 1]], [27, [1, 1, 4, 1, 2]], [29, [12, 3, 1]], [56, 0], [62, 2], [68, 1], [95, 3]]",[1.3627221240968002e-05]
layer_3,249,"[[25, [7, 1, 7, 1, 1]], [27, [4, 2, 1, 1, 1]], [29, [12, 1, 3]], [56, 2], [62, 0], [68, 1], [95, 3]]",[1.0971787768327259e-05]
layer_3,250,"[[25, [7, 1, 7, 1, 1]], [27, [4, 1, 2, 1, 1]], [29, [12, 1, 3]], [56, 2], [62, 3], [68, 2], [95, 4]]",[3.413784109457513e-05]
layer_3,251,"[[25, [49, 1, 1, 1, 1]], [27, [1, 1, 4, 1, 2]], [29, [12, 3, 1]], [56, 0], [62, 2], [68, 0], [95, 3]]",[1.232263092345079e-05]
layer_3,252,"[[25, [7, 1, 7, 1, 1]], [27, [4, 1, 2, 1, 1]], [29, [6, 3, 2]], [56, 1], [62, 0], [68, 1], [95, 4]]",[1.1807860432164365e-05]
layer_3,253,"[[25, [7, 1, 7, 1, 1]], [27, [2, 1, 1, 2, 2]], [29, [18, 1, 2]], [56, 0], [62, 3], [68, 0], [95, 1]]",[1.9713825420900957e-05]
layer_3,254,"[[25, [7, 1, 7, 1, 1]], [27, [1, 4, 2, 1, 1]], [29, [9, 4, 1]], [56, 2], [62, 3], [68, 0], [95, 4]]",[2.2207894537676865e-05]
layer_3,255,"[[25, [7, 1, 7, 1, 1]], [27, [2, 2, 1, 2, 1]], [29, [6, 2, 3]], [56, 1], [62, 3], [68, 2], [95, 4]]",[2.5549072513287776e-05]
layer_3,256,"[[25, [49, 1, 1, 1, 1]], [27, [2, 2, 2, 1, 1]], [29, [6, 2, 3]], [56, 2], [62, 0], [68, 0], [95, 2]]",[9.39623628876818e-06]
layer_3,257,"[[25, [49, 1, 1, 1, 1]], [27, [2, 2, 2, 1, 1]], [29, [6, 2, 3]], [56, 1], [62, 0], [68, 0], [95, 2]]",[8.914615475209045e-06]
layer_3,258,"[[25, [49, 1, 1, 1, 1]], [27, [2, 2, 2, 1, 1]], [29, [6, 2, 3]], [56, 1], [62, 0], [68, 0], [95, 4]]",[1.9481065516741557e-05]
layer_3,259,"[[25, [49, 1, 1, 1, 1]], [27, [2, 2, 2, 1, 1]], [29, [6, 2, 3]], [56, 0], [62, 0], [68, 0], [95, 2]]",[9.383960495449001e-06]
layer_3,260,"[[25, [49, 1, 1, 1, 1]], [27, [2, 2, 2, 1, 1]], [29, [6, 2, 3]], [56, 0], [62, 0], [68, 0], [95, 4]]",[1.981450545799715e-05]
layer_3,261,"[[25, [7, 7, 1, 1, 1]], [27, [2, 2, 2, 1, 1]], [29, [6, 6, 1]], [56, 1], [62, 0], [68, 0], [95, 2]]",[8.879414724904757e-06]
layer_3,262,"[[25, [49, 1, 1, 1, 1]], [27, [2, 2, 2, 1, 1]], [29, [12, 1, 3]], [56, 2], [62, 1], [68, 0], [95, 2]]",[1.00160634263834e-05]
layer_3,263,"[[25, [49, 1, 1, 1, 1]], [27, [2, 2, 2, 1, 1]], [29, [12, 3, 1]], [56, 2], [62, 1], [68, 0], [95, 2]]",[9.915934389140272e-06]
layer_3,264,"[[25, [49, 1, 1, 1, 1]], [27, [2, 2, 2, 1, 1]], [29, [12, 3, 1]], [56, 2], [62, 0], [68, 0], [95, 3]]",[1.1458495180722892e-05]
layer_3,265,"[[25, [7, 1, 7, 1, 1]], [27, [4, 2, 1, 1, 1]], [29, [6, 3, 2]], [56, 2], [62, 0], [68, 1], [95, 4]]",[9.939533158731644e-06]
layer_3,266,"[[25, [49, 1, 1, 1, 1]], [27, [2, 2, 2, 1, 1]], [29, [12, 3, 1]], [56, 1], [62, 1], [68, 0], [95, 3]]",[1.0023348068006182e-05]
layer_3,267,"[[25, [7, 1, 7, 1, 1]], [27, [4, 2, 1, 1, 1]], [29, [6, 6, 1]], [56, 2], [62, 0], [68, 2], [95, 3]]",[9.238419307159354e-06]
layer_3,268,"[[25, [49, 1, 1, 1, 1]], [27, [2, 2, 2, 1, 1]], [29, [12, 3, 1]], [56, 1], [62, 0], [68, 0], [95, 3]]",[1.1580659735736967e-05]
layer_3,269,"[[25, [1, 49, 1, 1, 1]], [27, [1, 1, 4, 2, 1]], [29, [12, 1, 3]], [56, 2], [62, 1], [68, 0], [95, 3]]",[1.0526669736092653e-05]
layer_3,270,"[[25, [49, 1, 1, 1, 1]], [27, [2, 2, 2, 1, 1]], [29, [12, 3, 1]], [56, 0], [62, 1], [68, 0], [95, 3]]",[1.0684785447195555e-05]
layer_3,271,"[[25, [7, 1, 7, 1, 1]], [27, [4, 2, 1, 1, 1]], [29, [6, 6, 1]], [56, 2], [62, 0], [68, 1], [95, 3]]",[9.157032866428638e-06]
layer_3,272,"[[25, [49, 1, 1, 1, 1]], [27, [2, 2, 2, 1, 1]], [29, [12, 3, 1]], [56, 2], [62, 0], [68, 0], [95, 4]]",[1.9497351101180976e-05]
layer_3,273,"[[25, [7, 1, 7, 1, 1]], [27, [4, 2, 1, 1, 1]], [29, [6, 6, 1]], [56, 1], [62, 0], [68, 1], [95, 3]]",[9.52085793024021e-06]
layer_3,274,"[[25, [49, 1, 1, 1, 1]], [27, [2, 2, 2, 1, 1]], [29, [12, 3, 1]], [56, 2], [62, 0], [68, 0], [95, 2]]",[1.1458504657756176e-05]
layer_3,275,"[[25, [7, 1, 7, 1, 1]], [27, [4, 2, 1, 1, 1]], [29, [6, 3, 2]], [56, 2], [62, 0], [68, 0], [95, 4]]",[8.942808128379558e-06]
layer_3,276,"[[25, [7, 1, 7, 1, 1]], [27, [4, 2, 1, 1, 1]], [29, [6, 3, 2]], [56, 2], [62, 0], [68, 3], [95, 4]]",[10000000000]
layer_3,277,"[[25, [49, 1, 1, 1, 1]], [27, [2, 2, 2, 1, 1]], [29, [12, 3, 1]], [56, 0], [62, 0], [68, 0], [95, 3]]",[1.2043870467993545e-05]
layer_3,278,"[[25, [7, 1, 7, 1, 1]], [27, [4, 2, 1, 1, 1]], [29, [12, 1, 3]], [56, 2], [62, 0], [68, 1], [95, 4]]",[1.0931933738370988e-05]
layer_3,279,"[[25, [49, 1, 1, 1, 1]], [27, [2, 2, 2, 1, 1]], [29, [6, 3, 2]], [56, 2], [62, 1], [68, 0], [95, 3]]",[8.179782626460735e-06]
layer_3,280,"[[25, [49, 1, 1, 1, 1]], [27, [2, 2, 2, 1, 1]], [29, [6, 3, 2]], [56, 1], [62, 1], [68, 0], [95, 3]]",[8.492140589009543e-06]
layer_3,281,"[[25, [49, 1, 1, 1, 1]], [27, [1, 1, 4, 1, 2]], [29, [12, 3, 1]], [56, 0], [62, 1], [68, 0], [95, 3]]",[1.1397339833130214e-05]
layer_3,282,"[[25, [49, 1, 1, 1, 1]], [27, [1, 1, 4, 2, 1]], [29, [12, 1, 3]], [56, 0], [62, 1], [68, 0], [95, 3]]",[1.1332643966801447e-05]
layer_3,283,"[[25, [49, 1, 1, 1, 1]], [27, [1, 1, 4, 1, 2]], [29, [12, 1, 3]], [56, 0], [62, 1], [68, 0], [95, 3]]",[1.1334862930130588e-05]
layer_3,284,"[[25, [7, 1, 7, 1, 1]], [27, [2, 4, 1, 1, 1]], [29, [6, 6, 1]], [56, 2], [62, 0], [68, 1], [95, 3]]",[9.179440687726224e-06]
layer_3,285,"[[25, [7, 1, 7, 1, 1]], [27, [4, 2, 1, 1, 1]], [29, [12, 1, 3]], [56, 1], [62, 0], [68, 1], [95, 3]]",[1.1058886897529364e-05]
layer_3,286,"[[25, [49, 1, 1, 1, 1]], [27, [2, 2, 2, 1, 1]], [29, [2, 18, 1]], [56, 1], [62, 0], [68, 0], [95, 2]]",[3.6386737725141873e-05]
layer_3,287,"[[25, [49, 1, 1, 1, 1]], [27, [1, 1, 4, 2, 1]], [29, [12, 1, 3]], [56, 2], [62, 1], [68, 0], [95, 2]]",[1.0532640333428058e-05]
layer_3,288,"[[25, [7, 7, 1, 1, 1]], [27, [2, 2, 2, 1, 1]], [29, [12, 1, 3]], [56, 1], [62, 0], [68, 0], [95, 2]]",[1.0504123141043857e-05]
layer_3,289,"[[25, [7, 1, 7, 1, 1]], [27, [4, 1, 2, 1, 1]], [29, [6, 3, 2]], [56, 2], [62, 0], [68, 0], [95, 4]]",[1.0168949270959903e-05]
layer_3,290,"[[25, [7, 1, 7, 1, 1]], [27, [4, 2, 1, 1, 1]], [29, [12, 1, 3]], [56, 2], [62, 0], [68, 0], [95, 3]]",[1.1531815384615384e-05]
layer_3,291,"[[25, [7, 1, 7, 1, 1]], [27, [4, 2, 1, 1, 1]], [29, [6, 3, 2]], [56, 0], [62, 0], [68, 2], [95, 4]]",[1.0997141737356384e-05]
layer_3,292,"[[25, [1, 49, 1, 1, 1]], [27, [1, 1, 4, 1, 2]], [29, [12, 1, 3]], [56, 2], [62, 0], [68, 0], [95, 3]]",[1.146896614821592e-05]
layer_3,293,"[[25, [1, 49, 1, 1, 1]], [27, [1, 1, 4, 1, 2]], [29, [12, 3, 1]], [56, 2], [62, 0], [68, 0], [95, 3]]",[1.2421635933297472e-05]
layer_3,294,"[[25, [7, 1, 7, 1, 1]], [27, [4, 2, 1, 1, 1]], [29, [12, 3, 1]], [56, 1], [62, 0], [68, 0], [95, 3]]",[1.1447336434402885e-05]
layer_3,295,"[[25, [7, 7, 1, 1, 1]], [27, [4, 1, 2, 1, 1]], [29, [6, 6, 1]], [56, 0], [62, 0], [68, 0], [95, 4]]",[2.0405826566006936e-05]
layer_3,296,"[[25, [7, 1, 7, 1, 1]], [27, [4, 2, 1, 1, 1]], [29, [12, 3, 1]], [56, 2], [62, 0], [68, 2], [95, 4]]",[1.3384434787561226e-05]
layer_3,297,"[[25, [7, 7, 1, 1, 1]], [27, [4, 1, 2, 1, 1]], [29, [6, 3, 2]], [56, 2], [62, 0], [68, 0], [95, 4]]",[1.9956880941533788e-05]
layer_3,298,"[[25, [49, 1, 1, 1, 1]], [27, [4, 1, 2, 1, 1]], [29, [6, 6, 1]], [56, 0], [62, 0], [68, 0], [95, 3]]",[9.572726410915212e-06]
layer_3,299,"[[25, [49, 1, 1, 1, 1]], [27, [4, 1, 2, 1, 1]], [29, [6, 3, 2]], [56, 2], [62, 0], [68, 0], [95, 4]]",[1.9906845277645942e-05]
layer_3,300,"[[25, [7, 1, 7, 1, 1]], [27, [8, 1, 1, 1, 1]], [29, [6, 6, 1]], [56, 2], [62, 0], [68, 2], [95, 4]]",[1.0304952245946663e-05]
layer_3,301,"[[25, [7, 1, 7, 1, 1]], [27, [4, 2, 1, 1, 1]], [29, [12, 1, 3]], [56, 2], [62, 0], [68, 2], [95, 3]]",[1.201931431554965e-05]
layer_3,302,"[[25, [7, 7, 1, 1, 1]], [27, [1, 1, 4, 2, 1]], [29, [12, 1, 3]], [56, 2], [62, 1], [68, 0], [95, 3]]",[1.0541445414847161e-05]
layer_3,303,"[[25, [7, 7, 1, 1, 1]], [27, [1, 1, 4, 1, 2]], [29, [12, 3, 1]], [56, 2], [62, 1], [68, 0], [95, 3]]",[1.0539388322849296e-05]
layer_3,304,"[[25, [7, 7, 1, 1, 1]], [27, [1, 1, 4, 1, 2]], [29, [12, 1, 3]], [56, 2], [62, 1], [68, 0], [95, 3]]",[1.053845467329146e-05]
layer_3,305,"[[25, [49, 1, 1, 1, 1]], [27, [4, 1, 2, 1, 1]], [29, [6, 6, 1]], [56, 0], [62, 0], [68, 0], [95, 4]]",[2.0295415186028852e-05]
layer_3,306,"[[25, [1, 49, 1, 1, 1]], [27, [1, 1, 4, 2, 1]], [29, [12, 3, 1]], [56, 1], [62, 1], [68, 0], [95, 3]]",[1.0751481571486431e-05]
layer_3,307,"[[25, [1, 49, 1, 1, 1]], [27, [1, 1, 4, 2, 1]], [29, [12, 1, 3]], [56, 1], [62, 1], [68, 0], [95, 3]]",[1.0752440657923028e-05]
layer_3,308,"[[25, [7, 1, 7, 1, 1]], [27, [4, 1, 2, 1, 1]], [29, [6, 2, 3]], [56, 1], [62, 0], [68, 2], [95, 4]]",[1.1833812571646923e-05]
layer_3,309,"[[25, [7, 1, 7, 1, 1]], [27, [4, 1, 2, 1, 1]], [29, [6, 2, 3]], [56, 1], [62, 0], [68, 1], [95, 4]]",[1.170233297471759e-05]
layer_3,310,"[[25, [7, 1, 7, 1, 1]], [27, [2, 4, 1, 1, 1]], [29, [6, 3, 2]], [56, 1], [62, 0], [68, 0], [95, 4]]",[9.229966046564711e-06]
layer_3,311,"[[25, [7, 1, 7, 1, 1]], [27, [4, 2, 1, 1, 1]], [29, [12, 1, 3]], [56, 2], [62, 0], [68, 2], [95, 2]]",[1.1294276427703524e-05]
layer_3,312,"[[25, [1, 7, 7, 1, 1]], [27, [2, 4, 1, 1, 1]], [29, [6, 6, 1]], [56, 2], [62, 0], [68, 0], [95, 3]]",[1.0111430448847555e-05]
layer_3,313,"[[25, [49, 1, 1, 1, 1]], [27, [1, 1, 4, 1, 2]], [29, [12, 3, 1]], [56, 2], [62, 0], [68, 0], [95, 3]]",[1.2422072619688006e-05]
layer_3,314,"[[25, [49, 1, 1, 1, 1]], [27, [1, 1, 4, 2, 1]], [29, [12, 3, 1]], [56, 2], [62, 0], [68, 0], [95, 3]]",[1.2422255040437407e-05]
layer_3,315,"[[25, [7, 1, 7, 1, 1]], [27, [4, 2, 1, 1, 1]], [29, [12, 1, 3]], [56, 1], [62, 0], [68, 2], [95, 4]]",[1.1144724606037592e-05]
layer_3,316,"[[25, [7, 1, 7, 1, 1]], [27, [4, 2, 1, 1, 1]], [29, [12, 1, 3]], [56, 1], [62, 0], [68, 2], [95, 3]]",[1.1144799462076386e-05]
layer_3,317,"[[25, [7, 1, 7, 1, 1]], [27, [1, 1, 1, 2, 4]], [29, [18, 1, 2]], [56, 2], [62, 0], [68, 3], [95, 0]]",[10000000000]
layer_3,318,"[[25, [7, 1, 7, 1, 1]], [27, [2, 1, 1, 2, 2]], [29, [9, 2, 2]], [56, 3], [62, 0], [68, 2], [95, 1]]",[10000000000]
layer_3,319,"[[25, [49, 1, 1, 1, 1]], [27, [2, 1, 1, 4, 1]], [29, [3, 3, 4]], [56, 2], [62, 0], [68, 2], [95, 1]]",[9.749326075949368e-05]
layer_3,320,"[[25, [49, 1, 1, 1, 1]], [27, [2, 2, 2, 1, 1]], [29, [6, 2, 3]], [56, 2], [62, 1], [68, 0], [95, 2]]",[8.871923102419623e-06]
layer_3,321,"[[25, [49, 1, 1, 1, 1]], [27, [2, 2, 2, 1, 1]], [29, [6, 2, 3]], [56, 1], [62, 1], [68, 0], [95, 2]]",[8.496309229151501e-06]
layer_3,322,"[[25, [49, 1, 1, 1, 1]], [27, [2, 2, 2, 1, 1]], [29, [6, 6, 1]], [56, 1], [62, 1], [68, 0], [95, 2]]",[8.457181885488649e-06]
layer_3,323,"[[25, [49, 1, 1, 1, 1]], [27, [2, 2, 2, 1, 1]], [29, [6, 6, 1]], [56, 0], [62, 1], [68, 0], [95, 2]]",[9.322397833229731e-06]
layer_3,324,"[[25, [49, 1, 1, 1, 1]], [27, [2, 2, 2, 1, 1]], [29, [6, 2, 3]], [56, 0], [62, 1], [68, 0], [95, 2]]",[9.179811547640903e-06]
layer_3,325,"[[25, [7, 7, 1, 1, 1]], [27, [2, 2, 2, 1, 1]], [29, [6, 2, 3]], [56, 1], [62, 0], [68, 0], [95, 2]]",[9.041265792504651e-06]
layer_3,326,"[[25, [49, 1, 1, 1, 1]], [27, [2, 2, 2, 1, 1]], [29, [6, 3, 2]], [56, 2], [62, 2], [68, 0], [95, 3]]",[8.835238322295806e-06]
layer_3,327,"[[25, [49, 1, 1, 1, 1]], [27, [2, 2, 2, 1, 1]], [29, [6, 6, 1]], [56, 2], [62, 0], [68, 0], [95, 2]]",[9.029818093471155e-06]
layer_3,328,"[[25, [7, 1, 7, 1, 1]], [27, [2, 4, 1, 1, 1]], [29, [6, 6, 1]], [56, 2], [62, 0], [68, 2], [95, 3]]",[9.238771595641003e-06]
layer_3,329,"[[25, [49, 1, 1, 1, 1]], [27, [2, 2, 2, 1, 1]], [29, [6, 2, 3]], [56, 2], [62, 2], [68, 0], [95, 2]]",[8.845494477252844e-06]
layer_3,330,"[[25, [49, 1, 1, 1, 1]], [27, [2, 2, 2, 1, 1]], [29, [6, 2, 3]], [56, 1], [62, 2], [68, 0], [95, 2]]",[8.955826724997232e-06]
layer_3,331,"[[25, [49, 1, 1, 1, 1]], [27, [2, 2, 2, 1, 1]], [29, [6, 6, 1]], [56, 1], [62, 2], [68, 0], [95, 2]]",[9.050206409477522e-06]
layer_3,332,"[[25, [49, 1, 1, 1, 1]], [27, [2, 2, 2, 1, 1]], [29, [6, 6, 1]], [56, 0], [62, 0], [68, 0], [95, 2]]",[9.598808904499715e-06]
layer_3,333,"[[25, [7, 1, 7, 1, 1]], [27, [4, 2, 1, 1, 1]], [29, [6, 6, 1]], [56, 1], [62, 0], [68, 2], [95, 3]]",[9.251745016390538e-06]
layer_3,334,"[[25, [7, 7, 1, 1, 1]], [27, [2, 2, 2, 1, 1]], [29, [6, 2, 3]], [56, 2], [62, 0], [68, 0], [95, 2]]",[8.817384583744654e-06]
layer_3,335,"[[25, [49, 1, 1, 1, 1]], [27, [2, 2, 2, 1, 1]], [29, [6, 3, 2]], [56, 2], [62, 1], [68, 1], [95, 2]]",[8.205530832320778e-06]
layer_3,336,"[[25, [7, 7, 1, 1, 1]], [27, [2, 2, 2, 1, 1]], [29, [6, 6, 1]], [56, 0], [62, 0], [68, 0], [95, 2]]",[9.6242571099495e-06]
layer_3,337,"[[25, [7, 7, 1, 1, 1]], [27, [2, 2, 2, 1, 1]], [29, [6, 2, 3]], [56, 0], [62, 0], [68, 0], [95, 2]]",[9.54677847279594e-06]
layer_3,338,"[[25, [49, 1, 1, 1, 1]], [27, [2, 2, 2, 1, 1]], [29, [6, 6, 1]], [56, 1], [62, 1], [68, 1], [95, 2]]",[8.35689197706256e-06]
layer_3,339,"[[25, [49, 1, 1, 1, 1]], [27, [2, 2, 2, 1, 1]], [29, [12, 3, 1]], [56, 2], [62, 1], [68, 3], [95, 3]]",[10000000000]
layer_3,340,"[[25, [7, 1, 7, 1, 1]], [27, [4, 2, 1, 1, 1]], [29, [6, 6, 1]], [56, 0], [62, 0], [68, 2], [95, 3]]",[1.0165243820324267e-05]
layer_3,341,"[[25, [7, 1, 7, 1, 1]], [27, [4, 2, 1, 1, 1]], [29, [6, 6, 1]], [56, 2], [62, 0], [68, 2], [95, 4]]",[1.0323000088198977e-05]
layer_3,342,"[[25, [49, 1, 1, 1, 1]], [27, [4, 1, 2, 1, 1]], [29, [6, 6, 1]], [56, 0], [62, 0], [68, 2], [95, 3]]",[2.3679025695552014e-05]
layer_3,343,"[[25, [49, 1, 1, 1, 1]], [27, [4, 1, 2, 1, 1]], [29, [6, 2, 3]], [56, 0], [62, 0], [68, 2], [95, 3]]",[2.3676665071770332e-05]
layer_3,344,"[[25, [49, 1, 1, 1, 1]], [27, [2, 2, 2, 1, 1]], [29, [6, 3, 2]], [56, 2], [62, 1], [68, 2], [95, 2]]",[1.6083016429963796e-05]
layer_3,345,"[[25, [1, 7, 7, 1, 1]], [27, [2, 4, 1, 1, 1]], [29, [6, 6, 1]], [56, 1], [62, 0], [68, 0], [95, 3]]",[1.0508856723369786e-05]
layer_3,346,"[[25, [7, 1, 7, 1, 1]], [27, [4, 2, 1, 1, 1]], [29, [6, 6, 1]], [56, 0], [62, 0], [68, 1], [95, 3]]",[1.024580632586161e-05]
layer_3,347,"[[25, [49, 1, 1, 1, 1]], [27, [2, 2, 2, 1, 1]], [29, [12, 1, 3]], [56, 1], [62, 1], [68, 1], [95, 2]]",[9.658518663875806e-06]
layer_3,348,"[[25, [49, 1, 1, 1, 1]], [27, [2, 2, 2, 1, 1]], [29, [12, 3, 1]], [56, 1], [62, 1], [68, 1], [95, 2]]",[9.629258438912022e-06]
layer_3,349,"[[25, [49, 1, 1, 1, 1]], [27, [2, 2, 2, 1, 1]], [29, [6, 2, 3]], [56, 1], [62, 1], [68, 2], [95, 2]]",[1.617620624584718e-05]
layer_3,350,"[[25, [7, 7, 1, 1, 1]], [27, [2, 2, 2, 1, 1]], [29, [6, 6, 1]], [56, 1], [62, 2], [68, 0], [95, 2]]",[9.011235729202924e-06]
layer_3,351,"[[25, [49, 1, 1, 1, 1]], [27, [2, 2, 2, 1, 1]], [29, [12, 3, 1]], [56, 2], [62, 1], [68, 2], [95, 3]]",[2.1341351210251546e-05]
layer_3,352,"[[25, [49, 1, 1, 1, 1]], [27, [2, 2, 2, 1, 1]], [29, [12, 3, 1]], [56, 2], [62, 1], [68, 2], [95, 2]]",[1.082771417653802e-05]
layer_3,353,"[[25, [7, 1, 7, 1, 1]], [27, [4, 2, 1, 1, 1]], [29, [6, 6, 1]], [56, 1], [62, 0], [68, 2], [95, 4]]",[1.0454263622555535e-05]
layer_3,354,"[[25, [1, 7, 7, 1, 1]], [27, [4, 2, 1, 1, 1]], [29, [6, 6, 1]], [56, 1], [62, 0], [68, 0], [95, 3]]",[1.0454919783558003e-05]
layer_3,355,"[[25, [7, 1, 7, 1, 1]], [27, [8, 1, 1, 1, 1]], [29, [6, 6, 1]], [56, 1], [62, 0], [68, 2], [95, 4]]",[9.232767889307352e-06]
layer_3,356,"[[25, [1, 7, 7, 1, 1]], [27, [2, 4, 1, 1, 1]], [29, [6, 2, 3]], [56, 2], [62, 0], [68, 0], [95, 2]]",[1.081128803047754e-05]
layer_3,357,"[[25, [1, 7, 7, 1, 1]], [27, [2, 4, 1, 1, 1]], [29, [6, 6, 1]], [56, 2], [62, 0], [68, 0], [95, 2]]",[1.0811660030318342e-05]
layer_3,358,"[[25, [49, 1, 1, 1, 1]], [27, [2, 2, 2, 1, 1]], [29, [6, 2, 3]], [56, 2], [62, 1], [68, 3], [95, 2]]",[10000000000]
layer_3,359,"[[25, [49, 1, 1, 1, 1]], [27, [2, 2, 2, 1, 1]], [29, [6, 6, 1]], [56, 2], [62, 1], [68, 3], [95, 2]]",[10000000000]
layer_3,360,"[[25, [1, 7, 7, 1, 1]], [27, [2, 4, 1, 1, 1]], [29, [6, 6, 1]], [56, 0], [62, 0], [68, 0], [95, 3]]",[1.1096994873742167e-05]
layer_3,361,"[[25, [49, 1, 1, 1, 1]], [27, [2, 2, 2, 1, 1]], [29, [12, 3, 1]], [56, 1], [62, 1], [68, 3], [95, 2]]",[10000000000]
layer_3,362,"[[25, [7, 1, 7, 1, 1]], [27, [2, 4, 1, 1, 1]], [29, [6, 2, 3]], [56, 2], [62, 0], [68, 0], [95, 4]]",[1.0052601254705145e-05]
layer_3,363,"[[25, [49, 1, 1, 1, 1]], [27, [2, 2, 2, 1, 1]], [29, [6, 2, 3]], [56, 0], [62, 1], [68, 2], [95, 2]]",[1.6407065932675275e-05]
layer_3,364,"[[25, [49, 1, 1, 1, 1]], [27, [4, 1, 2, 1, 1]], [29, [6, 6, 1]], [56, 0], [62, 1], [68, 0], [95, 3]]",[9.34753536345776e-06]
layer_3,365,"[[25, [49, 1, 1, 1, 1]], [27, [2, 2, 2, 1, 1]], [29, [6, 2, 3]], [56, 1], [62, 1], [68, 3], [95, 2]]",[10000000000]
layer_3,366,"[[25, [49, 1, 1, 1, 1]], [27, [2, 2, 2, 1, 1]], [29, [6, 6, 1]], [56, 1], [62, 1], [68, 3], [95, 2]]",[10000000000]
layer_3,367,"[[25, [1, 7, 7, 1, 1]], [27, [2, 4, 1, 1, 1]], [29, [6, 6, 1]], [56, 2], [62, 0], [68, 0], [95, 4]]",[1.0107601291057528e-05]
layer_3,368,"[[25, [7, 1, 7, 1, 1]], [27, [2, 4, 1, 1, 1]], [29, [6, 3, 2]], [56, 0], [62, 0], [68, 0], [95, 4]]",[1.0114174352750809e-05]
layer_3,369,"[[25, [7, 1, 7, 1, 1]], [27, [2, 4, 1, 1, 1]], [29, [6, 6, 1]], [56, 0], [62, 0], [68, 2], [95, 3]]",[1.0158282727443962e-05]
layer_3,370,"[[25, [49, 1, 1, 1, 1]], [27, [2, 2, 2, 1, 1]], [29, [12, 3, 1]], [56, 0], [62, 1], [68, 3], [95, 3]]",[10000000000]
layer_3,371,"[[25, [7, 1, 7, 1, 1]], [27, [8, 1, 1, 1, 1]], [29, [6, 3, 2]], [56, 1], [62, 0], [68, 0], [95, 4]]",[9.098165354330709e-06]
layer_3,372,"[[25, [7, 1, 7, 1, 1]], [27, [8, 1, 1, 1, 1]], [29, [6, 6, 1]], [56, 2], [62, 0], [68, 1], [95, 4]]",[9.816654452249857e-06]
layer_3,373,"[[25, [49, 1, 1, 1, 1]], [27, [2, 2, 2, 1, 1]], [29, [12, 3, 1]], [56, 0], [62, 1], [68, 3], [95, 2]]",[10000000000]
layer_3,374,"[[25, [7, 1, 7, 1, 1]], [27, [2, 4, 1, 1, 1]], [29, [6, 6, 1]], [56, 2], [62, 0], [68, 0], [95, 3]]",[1.009865805961648e-05]
layer_3,375,"[[25, [49, 1, 1, 1, 1]], [27, [2, 2, 2, 1, 1]], [29, [12, 3, 1]], [56, 1], [62, 1], [68, 2], [95, 2]]",[1.1016548079815501e-05]
layer_3,376,"[[25, [49, 1, 1, 1, 1]], [27, [2, 2, 2, 1, 1]], [29, [6, 3, 2]], [56, 2], [62, 0], [68, 1], [95, 3]]",[2.048512239939256e-05]
layer_3,377,"[[25, [49, 1, 1, 1, 1]], [27, [2, 2, 2, 1, 1]], [29, [6, 6, 1]], [56, 2], [62, 0], [68, 1], [95, 3]]",[2.055028914198937e-05]
layer_3,378,"[[25, [7, 7, 1, 1, 1]], [27, [1, 1, 4, 2, 1]], [29, [12, 3, 1]], [56, 2], [62, 1], [68, 0], [95, 3]]",[1.052385019935447e-05]
layer_3,379,"[[25, [49, 1, 1, 1, 1]], [27, [4, 1, 2, 1, 1]], [29, [6, 2, 3]], [56, 1], [62, 0], [68, 0], [95, 2]]",[8.923687782404537e-06]
layer_3,380,"[[25, [7, 1, 7, 1, 1]], [27, [8, 1, 1, 1, 1]], [29, [6, 2, 3]], [56, 2], [62, 0], [68, 1], [95, 3]]",[9.822778811467628e-06]
layer_3,381,"[[25, [1, 7, 7, 1, 1]], [27, [4, 2, 1, 1, 1]], [29, [12, 1, 3]], [56, 2], [62, 0], [68, 3], [95, 2]]",[10000000000]
layer_3,382,"[[25, [7, 1, 7, 1, 1]], [27, [1, 4, 1, 2, 1]], [29, [6, 2, 3]], [56, 3], [62, 1], [68, 1], [95, 0]]",[10000000000]
layer_3,383,"[[25, [7, 7, 1, 1, 1]], [27, [1, 1, 1, 8, 1]], [29, [9, 2, 2]], [56, 2], [62, 3], [68, 2], [95, 2]]",[9.530463339610798e-05]
layer_3,384,"[[25, [49, 1, 1, 1, 1]], [27, [2, 2, 2, 1, 1]], [29, [6, 6, 1]], [56, 1], [62, 1], [68, 0], [95, 3]]",[9.033540144784468e-06]
layer_3,385,"[[25, [49, 1, 1, 1, 1]], [27, [2, 2, 2, 1, 1]], [29, [6, 2, 3]], [56, 1], [62, 1], [68, 1], [95, 2]]",[8.455805384365879e-06]
layer_3,386,"[[25, [49, 1, 1, 1, 1]], [27, [2, 2, 2, 1, 1]], [29, [6, 3, 2]], [56, 1], [62, 1], [68, 1], [95, 2]]",[8.323183323207776e-06]
layer_3,387,"[[25, [49, 1, 1, 1, 1]], [27, [2, 2, 2, 1, 1]], [29, [6, 2, 3]], [56, 2], [62, 1], [68, 1], [95, 2]]",[8.32489209133946e-06]
layer_3,388,"[[25, [49, 1, 1, 1, 1]], [27, [2, 2, 2, 1, 1]], [29, [6, 6, 1]], [56, 2], [62, 1], [68, 1], [95, 2]]",[8.192587127415656e-06]
layer_3,389,"[[25, [49, 1, 1, 1, 1]], [27, [2, 2, 2, 1, 1]], [29, [6, 3, 2]], [56, 1], [62, 2], [68, 0], [95, 3]]",[8.934387588013755e-06]
layer_3,390,"[[25, [49, 1, 1, 1, 1]], [27, [2, 2, 2, 1, 1]], [29, [6, 2, 3]], [56, 1], [62, 2], [68, 1], [95, 2]]",[9.06639305692662e-06]
layer_3,391,"[[25, [49, 1, 1, 1, 1]], [27, [2, 2, 2, 1, 1]], [29, [6, 6, 1]], [56, 1], [62, 2], [68, 1], [95, 2]]",[9.065812635968092e-06]
layer_3,392,"[[25, [49, 1, 1, 1, 1]], [27, [2, 2, 2, 1, 1]], [29, [6, 6, 1]], [56, 2], [62, 1], [68, 0], [95, 3]]",[8.199555090998524e-06]
layer_3,393,"[[25, [49, 1, 1, 1, 1]], [27, [2, 2, 2, 1, 1]], [29, [6, 6, 1]], [56, 2], [62, 2], [68, 1], [95, 2]]",[8.910383349786113e-06]
layer_3,394,"[[25, [49, 1, 1, 1, 1]], [27, [2, 2, 2, 1, 1]], [29, [6, 3, 2]], [56, 2], [62, 2], [68, 1], [95, 2]]",[8.9095307563791e-06]
layer_3,395,"[[25, [7, 7, 1, 1, 1]], [27, [2, 2, 2, 1, 1]], [29, [6, 3, 2]], [56, 1], [62, 1], [68, 1], [95, 2]]",[9.516376115435732e-06]
layer_3,396,"[[25, [7, 7, 1, 1, 1]], [27, [2, 2, 2, 1, 1]], [29, [6, 3, 2]], [56, 2], [62, 1], [68, 1], [95, 2]]",[9.422247958556501e-06]
layer_3,397,"[[25, [7, 7, 1, 1, 1]], [27, [2, 2, 2, 1, 1]], [29, [6, 3, 2]], [56, 2], [62, 0], [68, 1], [95, 2]]",[8.155912901647365e-06]
layer_3,398,"[[25, [49, 1, 1, 1, 1]], [27, [2, 2, 2, 1, 1]], [29, [6, 3, 2]], [56, 1], [62, 1], [68, 0], [95, 2]]",[8.486452640944755e-06]
layer_3,399,"[[25, [49, 1, 1, 1, 1]], [27, [2, 2, 2, 1, 1]], [29, [6, 6, 1]], [56, 2], [62, 2], [68, 0], [95, 3]]",[8.902185966155754e-06]
layer_3,400,"[[25, [49, 1, 1, 1, 1]], [27, [4, 1, 2, 1, 1]], [29, [6, 2, 3]], [56, 2], [62, 0], [68, 0], [95, 2]]",[8.83955484840449e-06]
layer_3,401,"[[25, [49, 1, 1, 1, 1]], [27, [2, 2, 2, 1, 1]], [29, [6, 3, 2]], [56, 2], [62, 1], [68, 0], [95, 2]]",[8.199430497136776e-06]
layer_3,402,"[[25, [49, 1, 1, 1, 1]], [27, [2, 2, 2, 1, 1]], [29, [6, 6, 1]], [56, 2], [62, 1], [68, 0], [95, 2]]",[8.199681880315918e-06]
layer_3,403,"[[25, [49, 1, 1, 1, 1]], [27, [2, 2, 2, 1, 1]], [29, [6, 2, 3]], [56, 0], [62, 1], [68, 1], [95, 2]]",[9.234144679720032e-06]
layer_3,404,"[[25, [49, 1, 1, 1, 1]], [27, [2, 2, 2, 1, 1]], [29, [6, 6, 1]], [56, 0], [62, 1], [68, 1], [95, 2]]",[9.157021976009522e-06]
layer_3,405,"[[25, [49, 1, 1, 1, 1]], [27, [2, 2, 2, 1, 1]], [29, [6, 2, 3]], [56, 1], [62, 0], [68, 1], [95, 2]]",[7.905431244518078e-06]
layer_3,406,"[[25, [49, 1, 1, 1, 1]], [27, [4, 1, 2, 1, 1]], [29, [6, 6, 1]], [56, 1], [62, 0], [68, 0], [95, 2]]",[8.967826717557253e-06]
layer_3,407,"[[25, [49, 1, 1, 1, 1]], [27, [2, 2, 2, 1, 1]], [29, [6, 6, 1]], [56, 2], [62, 0], [68, 1], [95, 2]]",[1.4628478613009366e-05]
layer_3,408,"[[25, [49, 1, 1, 1, 1]], [27, [2, 2, 2, 1, 1]], [29, [6, 2, 3]], [56, 2], [62, 0], [68, 1], [95, 2]]",[7.806941332501171e-06]
layer_3,409,"[[25, [49, 1, 1, 1, 1]], [27, [2, 2, 2, 1, 1]], [29, [6, 3, 2]], [56, 2], [62, 0], [68, 1], [95, 2]]",[7.804889125151885e-06]
layer_3,410,"[[25, [7, 7, 1, 1, 1]], [27, [2, 2, 2, 1, 1]], [29, [6, 2, 3]], [56, 1], [62, 2], [68, 1], [95, 2]]",[9.345462106345202e-06]
layer_3,411,"[[25, [7, 7, 1, 1, 1]], [27, [2, 2, 2, 1, 1]], [29, [6, 6, 1]], [56, 1], [62, 2], [68, 1], [95, 2]]",[9.351133807294376e-06]
layer_3,412,"[[25, [7, 7, 1, 1, 1]], [27, [2, 2, 2, 1, 1]], [29, [6, 3, 2]], [56, 1], [62, 2], [68, 1], [95, 2]]",[9.35135888566888e-06]
layer_3,413,"[[25, [7, 7, 1, 1, 1]], [27, [2, 2, 2, 1, 1]], [29, [6, 2, 3]], [56, 1], [62, 1], [68, 0], [95, 2]]",[8.592222074578523e-06]
layer_3,414,"[[25, [7, 7, 1, 1, 1]], [27, [2, 2, 2, 1, 1]], [29, [6, 3, 2]], [56, 1], [62, 1], [68, 0], [95, 2]]",[8.792638965755794e-06]
layer_3,415,"[[25, [7, 7, 1, 1, 1]], [27, [2, 2, 2, 1, 1]], [29, [6, 6, 1]], [56, 1], [62, 1], [68, 0], [95, 2]]",[8.646131210924646e-06]
layer_3,416,"[[25, [7, 7, 1, 1, 1]], [27, [2, 2, 2, 1, 1]], [29, [6, 2, 3]], [56, 2], [62, 1], [68, 0], [95, 2]]",[8.528213890072434e-06]
layer_3,417,"[[25, [7, 7, 1, 1, 1]], [27, [2, 2, 2, 1, 1]], [29, [6, 6, 1]], [56, 2], [62, 1], [68, 0], [95, 2]]",[8.352810628496216e-06]
layer_3,418,"[[25, [49, 1, 1, 1, 1]], [27, [2, 2, 2, 1, 1]], [29, [6, 3, 2]], [56, 2], [62, 2], [68, 0], [95, 2]]",[8.83546776218813e-06]
layer_3,419,"[[25, [49, 1, 1, 1, 1]], [27, [2, 2, 2, 1, 1]], [29, [6, 6, 1]], [56, 2], [62, 2], [68, 0], [95, 2]]",[8.911815646594273e-06]
layer_3,420,"[[25, [49, 1, 1, 1, 1]], [27, [4, 1, 2, 1, 1]], [29, [6, 2, 3]], [56, 1], [62, 2], [68, 0], [95, 2]]",[8.99616046476306e-06]
layer_3,421,"[[25, [49, 1, 1, 1, 1]], [27, [2, 2, 2, 1, 1]], [29, [6, 3, 2]], [56, 0], [62, 1], [68, 0], [95, 2]]",[9.974884734650482e-06]
layer_3,422,"[[25, [49, 1, 1, 1, 1]], [27, [4, 1, 2, 1, 1]], [29, [6, 2, 3]], [56, 1], [62, 1], [68, 0], [95, 2]]",[8.3721012668641e-06]
layer_3,423,"[[25, [7, 1, 7, 1, 1]], [27, [2, 4, 1, 1, 1]], [29, [6, 3, 2]], [56, 2], [62, 0], [68, 0], [95, 4]]",[8.969855791378743e-06]
layer_3,424,"[[25, [49, 1, 1, 1, 1]], [27, [4, 1, 2, 1, 1]], [29, [6, 2, 3]], [56, 0], [62, 2], [68, 0], [95, 2]]",[9.777966344801726e-06]
layer_3,425,"[[25, [49, 1, 1, 1, 1]], [27, [2, 2, 2, 1, 1]], [29, [6, 2, 3]], [56, 0], [62, 0], [68, 1], [95, 2]]",[8.680581441263573e-06]
layer_3,426,"[[25, [7, 1, 7, 1, 1]], [27, [8, 1, 1, 1, 1]], [29, [6, 6, 1]], [56, 2], [62, 0], [68, 0], [95, 4]]",[9.09393887792037e-06]
layer_3,427,"[[25, [7, 1, 7, 1, 1]], [27, [8, 1, 1, 1, 1]], [29, [6, 3, 2]], [56, 2], [62, 0], [68, 0], [95, 4]]",[8.930751069430734e-06]
layer_3,428,"[[25, [7, 1, 7, 1, 1]], [27, [4, 2, 1, 1, 1]], [29, [6, 3, 2]], [56, 1], [62, 0], [68, 0], [95, 4]]",[9.259738236261929e-06]
layer_3,429,"[[25, [7, 1, 7, 1, 1]], [27, [4, 2, 1, 1, 1]], [29, [6, 6, 1]], [56, 1], [62, 0], [68, 0], [95, 4]]",[9.214989292223572e-06]
layer_3,430,"[[25, [7, 7, 1, 1, 1]], [27, [2, 2, 2, 1, 1]], [29, [6, 6, 1]], [56, 2], [62, 0], [68, 0], [95, 3]]",[8.806057668603628e-06]
layer_3,431,"[[25, [7, 7, 1, 1, 1]], [27, [2, 2, 2, 1, 1]], [29, [6, 2, 3]], [56, 2], [62, 0], [68, 0], [95, 3]]",[8.853438466600857e-06]
layer_3,432,"[[25, [7, 1, 7, 1, 1]], [27, [2, 4, 1, 1, 1]], [29, [6, 3, 2]], [56, 2], [62, 0], [68, 2], [95, 3]]",[9.27442633117746e-06]
layer_3,433,"[[25, [7, 7, 1, 1, 1]], [27, [2, 2, 2, 1, 1]], [29, [6, 3, 2]], [56, 0], [62, 0], [68, 1], [95, 2]]",[8.827415482390326e-06]
layer_3,434,"[[25, [7, 1, 7, 1, 1]], [27, [2, 4, 1, 1, 1]], [29, [6, 6, 1]], [56, 1], [62, 0], [68, 1], [95, 3]]",[9.550922718148542e-06]
layer_3,435,"[[25, [7, 1, 7, 1, 1]], [27, [2, 4, 1, 1, 1]], [29, [6, 6, 1]], [56, 1], [62, 0], [68, 2], [95, 3]]",[9.236499142072753e-06]
layer_3,436,"[[25, [49, 1, 1, 1, 1]], [27, [2, 2, 2, 1, 1]], [29, [6, 6, 1]], [56, 0], [62, 2], [68, 0], [95, 2]]",[9.742678849439909e-06]
layer_3,437,"[[25, [49, 1, 1, 1, 1]], [27, [2, 2, 2, 1, 1]], [29, [6, 3, 2]], [56, 0], [62, 2], [68, 0], [95, 2]]",[9.78290966266438e-06]
layer_3,438,"[[25, [49, 1, 1, 1, 1]], [27, [2, 2, 2, 1, 1]], [29, [6, 2, 3]], [56, 0], [62, 2], [68, 0], [95, 2]]",[9.769415699477275e-06]
layer_3,439,"[[25, [7, 1, 7, 1, 1]], [27, [4, 2, 1, 1, 1]], [29, [6, 6, 1]], [56, 1], [62, 0], [68, 1], [95, 2]]",[1.0110893742953776e-05]
layer_3,440,"[[25, [7, 1, 7, 1, 1]], [27, [4, 2, 1, 1, 1]], [29, [6, 3, 2]], [56, 2], [62, 0], [68, 1], [95, 3]]",[9.148635201628868e-06]
layer_3,441,"[[25, [7, 1, 7, 1, 1]], [27, [4, 2, 1, 1, 1]], [29, [6, 2, 3]], [56, 1], [62, 0], [68, 2], [95, 2]]",[9.773782323903551e-06]
layer_3,442,"[[25, [7, 1, 7, 1, 1]], [27, [4, 2, 1, 1, 1]], [29, [6, 2, 3]], [56, 2], [62, 0], [68, 2], [95, 3]]",[9.16335093780849e-06]
layer_3,443,"[[25, [7, 1, 7, 1, 1]], [27, [8, 1, 1, 1, 1]], [29, [6, 2, 3]], [56, 1], [62, 0], [68, 2], [95, 4]]",[2.363664663917066e-05]
layer_3,444,"[[25, [7, 1, 7, 1, 1]], [27, [4, 2, 1, 1, 1]], [29, [6, 2, 3]], [56, 1], [62, 0], [68, 1], [95, 3]]",[9.47780796385202e-06]
layer_3,445,"[[25, [49, 1, 1, 1, 1]], [27, [2, 1, 2, 1, 2]], [29, [3, 12, 1]], [56, 1], [62, 2], [68, 2], [95, 4]]",[2.71143054138878e-05]
layer_3,446,"[[25, [7, 7, 1, 1, 1]], [27, [1, 1, 4, 2, 1]], [29, [6, 3, 2]], [56, 0], [62, 3], [68, 1], [95, 3]]",[1.314806247468611e-05]
layer_3,447,"[[25, [7, 7, 1, 1, 1]], [27, [1, 4, 2, 1, 1]], [29, [18, 1, 2]], [56, 1], [62, 2], [68, 3], [95, 2]]",[10000000000]
layer_3,448,"[[25, [49, 1, 1, 1, 1]], [27, [2, 2, 2, 1, 1]], [29, [6, 2, 3]], [56, 1], [62, 1], [68, 0], [95, 3]]",[9.014241280026324e-06]
layer_3,449,"[[25, [49, 1, 1, 1, 1]], [27, [4, 1, 2, 1, 1]], [29, [6, 6, 1]], [56, 1], [62, 1], [68, 0], [95, 2]]",[8.471747015660935e-06]
layer_3,450,"[[25, [49, 1, 1, 1, 1]], [27, [2, 2, 2, 1, 1]], [29, [6, 6, 1]], [56, 1], [62, 0], [68, 1], [95, 2]]",[7.998305606654402e-06]
layer_3,451,"[[25, [49, 1, 1, 1, 1]], [27, [2, 2, 2, 1, 1]], [29, [6, 3, 2]], [56, 1], [62, 0], [68, 1], [95, 2]]",[7.909053855278766e-06]
layer_3,452,"[[25, [7, 7, 1, 1, 1]], [27, [2, 2, 2, 1, 1]], [29, [6, 6, 1]], [56, 2], [62, 0], [68, 0], [95, 2]]",[8.808118377755841e-06]
layer_3,453,"[[25, [7, 7, 1, 1, 1]], [27, [2, 2, 2, 1, 1]], [29, [6, 3, 2]], [56, 2], [62, 1], [68, 0], [95, 2]]",[8.339985571081411e-06]
layer_3,454,"[[25, [49, 1, 1, 1, 1]], [27, [4, 1, 2, 1, 1]], [29, [6, 2, 3]], [56, 2], [62, 1], [68, 0], [95, 2]]",[8.331197979951396e-06]
layer_3,455,"[[25, [7, 7, 1, 1, 1]], [27, [2, 2, 2, 1, 1]], [29, [6, 3, 2]], [56, 2], [62, 0], [68, 0], [95, 3]]",[8.150105297473513e-06]
layer_3,456,"[[25, [49, 1, 1, 1, 1]], [27, [2, 2, 2, 1, 1]], [29, [6, 3, 2]], [56, 1], [62, 2], [68, 1], [95, 2]]",[9.126199014508622e-06]
layer_3,457,"[[25, [7, 7, 1, 1, 1]], [27, [2, 2, 2, 1, 1]], [29, [6, 3, 2]], [56, 1], [62, 0], [68, 0], [95, 2]]",[8.424704180334763e-06]
layer_3,458,"[[25, [49, 1, 1, 1, 1]], [27, [4, 1, 2, 1, 1]], [29, [6, 3, 2]], [56, 1], [62, 1], [68, 0], [95, 3]]",[8.482262219425214e-06]
layer_3,459,"[[25, [49, 1, 1, 1, 1]], [27, [2, 2, 2, 1, 1]], [29, [6, 3, 2]], [56, 2], [62, 0], [68, 0], [95, 2]]",[8.339129784325638e-06]
layer_3,460,"[[25, [49, 1, 1, 1, 1]], [27, [2, 2, 2, 1, 1]], [29, [6, 6, 1]], [56, 1], [62, 2], [68, 0], [95, 3]]",[9.045257907327014e-06]
layer_3,461,"[[25, [7, 7, 1, 1, 1]], [27, [2, 2, 2, 1, 1]], [29, [6, 3, 2]], [56, 1], [62, 0], [68, 1], [95, 2]]",[8.29637092793682e-06]
layer_3,462,"[[25, [7, 7, 1, 1, 1]], [27, [2, 2, 2, 1, 1]], [29, [6, 2, 3]], [56, 1], [62, 0], [68, 1], [95, 2]]",[8.294939289239882e-06]
layer_3,463,"[[25, [7, 7, 1, 1, 1]], [27, [2, 2, 2, 1, 1]], [29, [6, 6, 1]], [56, 1], [62, 0], [68, 1], [95, 2]]",[8.206490258751902e-06]
layer_3,464,"[[25, [7, 7, 1, 1, 1]], [27, [2, 2, 2, 1, 1]], [29, [6, 3, 2]], [56, 1], [62, 0], [68, 0], [95, 3]]",[8.408340142770352e-06]
layer_3,465,"[[25, [7, 7, 1, 1, 1]], [27, [2, 2, 2, 1, 1]], [29, [6, 6, 1]], [56, 1], [62, 1], [68, 1], [95, 2]]",[9.543010917030568e-06]
layer_3,466,"[[25, [7, 7, 1, 1, 1]], [27, [2, 2, 2, 1, 1]], [29, [6, 2, 3]], [56, 1], [62, 1], [68, 1], [95, 2]]",[9.610739523345442e-06]
layer_3,467,"[[25, [49, 1, 1, 1, 1]], [27, [2, 2, 2, 1, 1]], [29, [6, 3, 2]], [56, 0], [62, 1], [68, 1], [95, 2]]",[9.149340260390586e-06]
layer_3,468,"[[25, [49, 1, 1, 1, 1]], [27, [2, 2, 2, 1, 1]], [29, [6, 2, 3]], [56, 0], [62, 1], [68, 0], [95, 3]]",[9.18306689111367e-06]
layer_3,469,"[[25, [49, 1, 1, 1, 1]], [27, [2, 2, 2, 1, 1]], [29, [6, 6, 1]], [56, 0], [62, 1], [68, 0], [95, 3]]",[9.337400954653938e-06]
layer_3,470,"[[25, [49, 1, 1, 1, 1]], [27, [2, 2, 2, 1, 1]], [29, [6, 3, 2]], [56, 0], [62, 1], [68, 0], [95, 3]]",[9.336753255958181e-06]
layer_3,471,"[[25, [7, 7, 1, 1, 1]], [27, [2, 2, 2, 1, 1]], [29, [6, 6, 1]], [56, 2], [62, 2], [68, 0], [95, 2]]",[8.885702122408688e-06]
layer_3,472,"[[25, [7, 7, 1, 1, 1]], [27, [2, 2, 2, 1, 1]], [29, [6, 2, 3]], [56, 2], [62, 2], [68, 0], [95, 2]]",[8.885478251318102e-06]
layer_3,473,"[[25, [7, 1, 7, 1, 1]], [27, [8, 1, 1, 1, 1]], [29, [6, 2, 3]], [56, 2], [62, 0], [68, 0], [95, 4]]",[9.284233135899967e-06]
layer_3,474,"[[25, [7, 1, 7, 1, 1]], [27, [2, 4, 1, 1, 1]], [29, [6, 6, 1]], [56, 2], [62, 0], [68, 0], [95, 4]]",[8.941375919199079e-06]
layer_3,475,"[[25, [49, 1, 1, 1, 1]], [27, [2, 2, 2, 1, 1]], [29, [6, 3, 2]], [56, 1], [62, 2], [68, 0], [95, 2]]",[9.017236540600666e-06]
layer_3,476,"[[25, [7, 7, 1, 1, 1]], [27, [2, 2, 2, 1, 1]], [29, [6, 3, 2]], [56, 2], [62, 1], [68, 0], [95, 3]]",[8.348094415226648e-06]
layer_3,477,"[[25, [49, 1, 1, 1, 1]], [27, [4, 1, 2, 1, 1]], [29, [6, 2, 3]], [56, 0], [62, 1], [68, 0], [95, 2]]",[9.29174698240118e-06]
layer_3,478,"[[25, [7, 1, 7, 1, 1]], [27, [2, 4, 1, 1, 1]], [29, [6, 6, 1]], [56, 2], [62, 0], [68, 0], [95, 3]]",[8.96845113365486e-06]
layer_3,479,"[[25, [49, 1, 1, 1, 1]], [27, [4, 1, 2, 1, 1]], [29, [6, 6, 1]], [56, 1], [62, 2], [68, 0], [95, 2]]",[8.903463228035538e-06]
layer_3,480,"[[25, [7, 1, 7, 1, 1]], [27, [4, 2, 1, 1, 1]], [29, [6, 6, 1]], [56, 2], [62, 0], [68, 0], [95, 4]]",[8.965693009657128e-06]
layer_3,481,"[[25, [7, 7, 1, 1, 1]], [27, [2, 2, 2, 1, 1]], [29, [6, 3, 2]], [56, 2], [62, 2], [68, 1], [95, 2]]",[9.27760122264552e-06]
layer_3,482,"[[25, [49, 1, 1, 1, 1]], [27, [2, 2, 2, 1, 1]], [29, [6, 6, 1]], [56, 0], [62, 0], [68, 1], [95, 2]]",[8.740925653098421e-06]
layer_3,483,"[[25, [49, 1, 1, 1, 1]], [27, [2, 2, 2, 1, 1]], [29, [6, 3, 2]], [56, 0], [62, 0], [68, 1], [95, 2]]",[8.72220112032748e-06]
layer_3,484,"[[25, [7, 1, 7, 1, 1]], [27, [2, 4, 1, 1, 1]], [29, [6, 6, 1]], [56, 1], [62, 0], [68, 0], [95, 4]]",[9.21854858038348e-06]
layer_3,485,"[[25, [7, 7, 1, 1, 1]], [27, [2, 2, 2, 1, 1]], [29, [6, 3, 2]], [56, 1], [62, 2], [68, 0], [95, 2]]",[9.605905259160812e-06]
layer_3,486,"[[25, [49, 1, 1, 1, 1]], [27, [4, 1, 2, 1, 1]], [29, [6, 6, 1]], [56, 2], [62, 2], [68, 0], [95, 2]]",[8.759974260738183e-06]
layer_3,487,"[[25, [49, 1, 1, 1, 1]], [27, [4, 1, 2, 1, 1]], [29, [6, 2, 3]], [56, 2], [62, 2], [68, 0], [95, 2]]",[8.90515289403384e-06]
layer_3,488,"[[25, [7, 1, 7, 1, 1]], [27, [2, 4, 1, 1, 1]], [29, [6, 3, 2]], [56, 2], [62, 0], [68, 1], [95, 3]]",[9.157972770648239e-06]
layer_3,489,"[[25, [7, 7, 1, 1, 1]], [27, [2, 2, 2, 1, 1]], [29, [6, 3, 2]], [56, 2], [62, 2], [68, 0], [95, 3]]",[8.882297599007709e-06]
layer_3,490,"[[25, [7, 1, 7, 1, 1]], [27, [4, 2, 1, 1, 1]], [29, [6, 2, 3]], [56, 2], [62, 0], [68, 1], [95, 3]]",[9.280700408239005e-06]
layer_3,491,"[[25, [7, 7, 1, 1, 1]], [27, [2, 2, 2, 1, 1]], [29, [6, 3, 2]], [56, 0], [62, 0], [68, 0], [95, 2]]",[9.418620455829723e-06]
layer_3,492,"[[25, [49, 1, 1, 1, 1]], [27, [4, 1, 2, 1, 1]], [29, [6, 2, 3]], [56, 0], [62, 0], [68, 0], [95, 2]]",[9.41567055832784e-06]
layer_3,493,"[[25, [49, 1, 1, 1, 1]], [27, [4, 1, 2, 1, 1]], [29, [6, 6, 1]], [56, 0], [62, 0], [68, 0], [95, 2]]",[9.59223150527155e-06]
layer_3,494,"[[25, [7, 1, 7, 1, 1]], [27, [2, 4, 1, 1, 1]], [29, [6, 3, 2]], [56, 1], [62, 0], [68, 1], [95, 3]]",[9.54243800611841e-06]
layer_3,495,"[[25, [7, 1, 7, 1, 1]], [27, [8, 1, 1, 1, 1]], [29, [6, 2, 3]], [56, 2], [62, 0], [68, 0], [95, 3]]",[9.105934792238859e-06]
layer_3,496,"[[25, [49, 1, 1, 1, 1]], [27, [2, 2, 2, 1, 1]], [29, [6, 2, 3]], [56, 0], [62, 2], [68, 1], [95, 2]]",[9.785446391495723e-06]
layer_3,497,"[[25, [49, 1, 1, 1, 1]], [27, [2, 2, 2, 1, 1]], [29, [6, 6, 1]], [56, 0], [62, 2], [68, 1], [95, 2]]",[9.78228091926217e-06]
layer_3,498,"[[25, [49, 1, 1, 1, 1]], [27, [2, 2, 2, 1, 1]], [29, [6, 3, 2]], [56, 0], [62, 2], [68, 1], [95, 2]]",[9.780918838826732e-06]
layer_3,499,"[[25, [7, 7, 1, 1, 1]], [27, [2, 2, 2, 1, 1]], [29, [6, 2, 3]], [56, 0], [62, 1], [68, 0], [95, 2]]",[9.192102535832414e-06]
layer_3,500,"[[25, [7, 7, 1, 1, 1]], [27, [2, 2, 2, 1, 1]], [29, [6, 6, 1]], [56, 0], [62, 1], [68, 0], [95, 2]]",[9.188997060714613e-06]
layer_3,501,"[[25, [49, 1, 1, 1, 1]], [27, [2, 2, 2, 1, 1]], [29, [6, 6, 1]], [56, 0], [62, 2], [68, 0], [95, 3]]",[9.773588907592806e-06]
layer_3,502,"[[25, [49, 1, 1, 1, 1]], [27, [2, 2, 2, 1, 1]], [29, [6, 3, 2]], [56, 0], [62, 2], [68, 0], [95, 3]]",[9.775931803224744e-06]
layer_3,503,"[[25, [7, 7, 1, 1, 1]], [27, [2, 2, 2, 1, 1]], [29, [6, 6, 1]], [56, 0], [62, 0], [68, 1], [95, 2]]",[8.7400538005923e-06]
layer_3,504,"[[25, [7, 7, 1, 1, 1]], [27, [2, 2, 2, 1, 1]], [29, [6, 2, 3]], [56, 0], [62, 1], [68, 1], [95, 2]]",[1.0140022237972888e-05]
layer_3,505,"[[25, [7, 7, 1, 1, 1]], [27, [2, 2, 2, 1, 1]], [29, [6, 3, 2]], [56, 0], [62, 1], [68, 1], [95, 2]]",[1.0050071184545624e-05]
layer_3,506,"[[25, [7, 1, 7, 1, 1]], [27, [4, 2, 1, 1, 1]], [29, [6, 2, 3]], [56, 2], [62, 0], [68, 1], [95, 4]]",[9.277907288581771e-06]
layer_3,507,"[[25, [7, 7, 1, 1, 1]], [27, [2, 2, 2, 1, 1]], [29, [12, 3, 1]], [56, 2], [62, 1], [68, 1], [95, 2]]",[9.50460396916807e-06]
layer_3,508,"[[25, [7, 7, 1, 1, 1]], [27, [2, 2, 2, 1, 1]], [29, [12, 1, 3]], [56, 2], [62, 1], [68, 1], [95, 2]]",[9.421877920368542e-06]
layer_3,509,"[[25, [1, 7, 1, 7, 1]], [27, [2, 2, 1, 1, 2]], [29, [9, 4, 1]], [56, 1], [62, 1], [68, 0], [95, 2]]",[3.4404727032227035e-05]
layer_3,510,"[[25, [7, 1, 7, 1, 1]], [27, [2, 2, 1, 2, 1]], [29, [6, 2, 3]], [56, 3], [62, 3], [68, 0], [95, 1]]",[10000000000]
layer_3,511,"[[25, [49, 1, 1, 1, 1]], [27, [4, 2, 1, 1, 1]], [29, [3, 3, 4]], [56, 2], [62, 1], [68, 1], [95, 0]]",[5.17619788661523e-05]
layer_3,512,"[[25, [49, 1, 1, 1, 1]], [27, [4, 1, 2, 1, 1]], [29, [6, 3, 2]], [56, 2], [62, 1], [68, 0], [95, 2]]",[8.734971613241331e-06]
layer_3,513,"[[25, [7, 7, 1, 1, 1]], [27, [2, 2, 2, 1, 1]], [29, [6, 6, 1]], [56, 2], [62, 1], [68, 0], [95, 3]]",[8.310154095364678e-06]
layer_3,514,"[[25, [49, 1, 1, 1, 1]], [27, [4, 1, 2, 1, 1]], [29, [6, 3, 2]], [56, 1], [62, 1], [68, 0], [95, 2]]",[8.462075561968408e-06]
layer_3,515,"[[25, [7, 7, 1, 1, 1]], [27, [2, 2, 2, 1, 1]], [29, [6, 2, 3]], [56, 1], [62, 1], [68, 0], [95, 3]]",[8.5724384049179e-06]
layer_3,516,"[[25, [7, 7, 1, 1, 1]], [27, [2, 2, 2, 1, 1]], [29, [6, 6, 1]], [56, 1], [62, 1], [68, 0], [95, 3]]",[8.629275090490294e-06]
layer_3,517,"[[25, [49, 1, 1, 1, 1]], [27, [2, 2, 2, 1, 1]], [29, [6, 3, 2]], [56, 1], [62, 0], [68, 0], [95, 2]]",[8.402258555445871e-06]
layer_3,518,"[[25, [49, 1, 1, 1, 1]], [27, [4, 1, 2, 1, 1]], [29, [6, 6, 1]], [56, 2], [62, 0], [68, 0], [95, 2]]",[8.805426219404823e-06]
layer_3,519,"[[25, [49, 1, 1, 1, 1]], [27, [2, 2, 2, 1, 1]], [29, [6, 2, 3]], [56, 2], [62, 1], [68, 0], [95, 3]]",[8.30551476858273e-06]
layer_3,520,"[[25, [49, 1, 1, 1, 1]], [27, [2, 2, 2, 1, 1]], [29, [6, 2, 3]], [56, 2], [62, 2], [68, 1], [95, 2]]",[8.977033401258083e-06]
layer_3,521,"[[25, [7, 7, 1, 1, 1]], [27, [2, 2, 2, 1, 1]], [29, [6, 2, 3]], [56, 2], [62, 2], [68, 0], [95, 3]]",[8.86999430542627e-06]
layer_3,522,"[[25, [7, 7, 1, 1, 1]], [27, [2, 2, 2, 1, 1]], [29, [6, 6, 1]], [56, 2], [62, 2], [68, 0], [95, 3]]",[8.877768957021625e-06]
layer_3,523,"[[25, [7, 7, 1, 1, 1]], [27, [2, 2, 2, 1, 1]], [29, [6, 2, 3]], [56, 2], [62, 1], [68, 1], [95, 2]]",[9.524732967130326e-06]
layer_3,524,"[[25, [7, 7, 1, 1, 1]], [27, [2, 2, 2, 1, 1]], [29, [6, 6, 1]], [56, 2], [62, 1], [68, 1], [95, 2]]",[9.432385206308561e-06]
layer_3,525,"[[25, [7, 7, 1, 1, 1]], [27, [2, 2, 2, 1, 1]], [29, [6, 6, 1]], [56, 1], [62, 2], [68, 0], [95, 3]]",[9.022007758231845e-06]
layer_3,526,"[[25, [49, 1, 1, 1, 1]], [27, [4, 1, 2, 1, 1]], [29, [6, 3, 2]], [56, 2], [62, 2], [68, 0], [95, 2]]",[8.901007120605251e-06]
layer_3,527,"[[25, [49, 1, 1, 1, 1]], [27, [2, 2, 2, 1, 1]], [29, [6, 2, 3]], [56, 1], [62, 2], [68, 0], [95, 3]]",[9.00741407729146e-06]
layer_3,528,"[[25, [49, 1, 1, 1, 1]], [27, [2, 2, 2, 1, 1]], [29, [6, 2, 3]], [56, 2], [62, 2], [68, 0], [95, 3]]",[8.861633533916848e-06]
layer_3,529,"[[25, [7, 7, 1, 1, 1]], [27, [2, 2, 2, 1, 1]], [29, [6, 6, 1]], [56, 2], [62, 2], [68, 1], [95, 2]]",[9.306904996743278e-06]
layer_3,530,"[[25, [7, 7, 1, 1, 1]], [27, [2, 2, 2, 1, 1]], [29, [6, 6, 1]], [56, 0], [62, 0], [68, 0], [95, 3]]",[9.63077283083349e-06]
layer_3,531,"[[25, [7, 7, 1, 1, 1]], [27, [2, 2, 2, 1, 1]], [29, [6, 3, 2]], [56, 0], [62, 0], [68, 0], [95, 3]]",[9.430046134155565e-06]
layer_3,532,"[[25, [7, 7, 1, 1, 1]], [27, [2, 2, 2, 1, 1]], [29, [6, 2, 3]], [56, 0], [62, 0], [68, 0], [95, 3]]",[9.523916363958535e-06]
layer_3,533,"[[25, [7, 7, 1, 1, 1]], [27, [2, 2, 2, 1, 1]], [29, [6, 3, 2]], [56, 0], [62, 1], [68, 0], [95, 3]]",[9.187598552155314e-06]
layer_3,534,"[[25, [7, 7, 1, 1, 1]], [27, [2, 2, 2, 1, 1]], [29, [6, 6, 1]], [56, 0], [62, 1], [68, 0], [95, 3]]",[9.187963248805586e-06]
layer_3,535,"[[25, [7, 7, 1, 1, 1]], [27, [2, 2, 2, 1, 1]], [29, [6, 2, 3]], [56, 0], [62, 1], [68, 0], [95, 3]]",[9.20131162020425e-06]
layer_3,536,"[[25, [7, 7, 1, 1, 1]], [27, [2, 2, 2, 1, 1]], [29, [6, 2, 3]], [56, 1], [62, 2], [68, 0], [95, 2]]",[9.022314360454627e-06]
layer_3,537,"[[25, [49, 1, 1, 1, 1]], [27, [4, 1, 2, 1, 1]], [29, [6, 3, 2]], [56, 0], [62, 1], [68, 0], [95, 2]]",[9.338147910496874e-06]
layer_3,538,"[[25, [7, 1, 7, 1, 1]], [27, [2, 4, 1, 1, 1]], [29, [6, 6, 1]], [56, 1], [62, 0], [68, 0], [95, 3]]",[9.220814678222386e-06]
layer_3,539,"[[25, [7, 7, 1, 1, 1]], [27, [2, 2, 2, 1, 1]], [29, [6, 2, 3]], [56, 0], [62, 0], [68, 1], [95, 2]]",[8.80743716978049e-06]
layer_3,540,"[[25, [7, 1, 7, 1, 1]], [27, [4, 2, 1, 1, 1]], [29, [6, 3, 2]], [56, 2], [62, 0], [68, 2], [95, 3]]",[9.27624054221671e-06]
layer_3,541,"[[25, [49, 1, 1, 1, 1]], [27, [2, 2, 2, 1, 1]], [29, [6, 3, 2]], [56, 0], [62, 0], [68, 0], [95, 2]]",[9.630030602171768e-06]
layer_3,542,"[[25, [7, 1, 7, 1, 1]], [27, [8, 1, 1, 1, 1]], [29, [6, 3, 2]], [56, 0], [62, 0], [68, 0], [95, 4]]",[9.975781982490822e-06]
layer_3,543,"[[25, [7, 1, 7, 1, 1]], [27, [8, 1, 1, 1, 1]], [29, [6, 6, 1]], [56, 1], [62, 0], [68, 0], [95, 4]]",[9.259236599043377e-06]
layer_3,544,"[[25, [7, 7, 1, 1, 1]], [27, [4, 1, 2, 1, 1]], [29, [6, 2, 3]], [56, 2], [62, 0], [68, 0], [95, 2]]",[8.591850433588047e-06]
layer_3,545,"[[25, [7, 7, 1, 1, 1]], [27, [4, 1, 2, 1, 1]], [29, [6, 3, 2]], [56, 2], [62, 0], [68, 0], [95, 2]]",[8.288330825824584e-06]
layer_3,546,"[[25, [7, 7, 1, 1, 1]], [27, [4, 1, 2, 1, 1]], [29, [6, 6, 1]], [56, 2], [62, 0], [68, 0], [95, 2]]",[8.763581036443386e-06]
layer_3,547,"[[25, [49, 1, 1, 1, 1]], [27, [2, 2, 2, 1, 1]], [29, [12, 3, 1]], [56, 2], [62, 1], [68, 1], [95, 2]]",[9.570895936163212e-06]
layer_3,548,"[[25, [49, 1, 1, 1, 1]], [27, [2, 2, 2, 1, 1]], [29, [12, 1, 3]], [56, 2], [62, 1], [68, 1], [95, 2]]",[9.594829527255473e-06]
layer_3,549,"[[25, [49, 1, 1, 1, 1]], [27, [4, 1, 2, 1, 1]], [29, [6, 6, 1]], [56, 2], [62, 1], [68, 3], [95, 2]]",[10000000000]
layer_3,550,"[[25, [49, 1, 1, 1, 1]], [27, [4, 1, 2, 1, 1]], [29, [6, 3, 2]], [56, 2], [62, 1], [68, 3], [95, 2]]",[10000000000]
layer_3,551,"[[25, [49, 1, 1, 1, 1]], [27, [4, 1, 2, 1, 1]], [29, [6, 2, 3]], [56, 1], [62, 1], [68, 3], [95, 2]]",[10000000000]
layer_3,552,"[[25, [7, 7, 1, 1, 1]], [27, [2, 2, 2, 1, 1]], [29, [6, 3, 2]], [56, 0], [62, 1], [68, 0], [95, 2]]",[9.396997519811265e-06]
layer_3,553,"[[25, [7, 1, 7, 1, 1]], [27, [4, 2, 1, 1, 1]], [29, [6, 3, 2]], [56, 1], [62, 0], [68, 1], [95, 3]]",[9.523840025906736e-06]
layer_3,554,"[[25, [49, 1, 1, 1, 1]], [27, [1, 4, 2, 1, 1]], [29, [6, 2, 3]], [56, 0], [62, 1], [68, 0], [95, 3]]",[9.598222626715206e-06]
layer_3,555,"[[25, [49, 1, 1, 1, 1]], [27, [1, 4, 2, 1, 1]], [29, [6, 6, 1]], [56, 2], [62, 0], [68, 0], [95, 2]]",[8.807553843444572e-06]
layer_3,556,"[[25, [7, 7, 1, 1, 1]], [27, [4, 1, 2, 1, 1]], [29, [6, 2, 3]], [56, 1], [62, 0], [68, 0], [95, 2]]",[7.880608395989975e-06]
layer_3,557,"[[25, [49, 1, 1, 1, 1]], [27, [4, 1, 2, 1, 1]], [29, [6, 3, 2]], [56, 0], [62, 0], [68, 0], [95, 2]]",[9.593268274159863e-06]
layer_3,558,"[[25, [7, 7, 1, 1, 1]], [27, [2, 2, 2, 1, 1]], [29, [6, 6, 1]], [56, 0], [62, 1], [68, 1], [95, 2]]",[1.005660408270545e-05]
layer_3,559,"[[25, [7, 7, 1, 1, 1]], [27, [4, 1, 2, 1, 1]], [29, [6, 2, 3]], [56, 2], [62, 1], [68, 0], [95, 2]]",[8.427108670615334e-06]
layer_3,560,"[[25, [7, 7, 1, 1, 1]], [27, [4, 1, 2, 1, 1]], [29, [6, 6, 1]], [56, 2], [62, 1], [68, 0], [95, 2]]",[8.609197985710597e-06]
layer_3,561,"[[25, [49, 1, 1, 1, 1]], [27, [1, 4, 2, 1, 1]], [29, [6, 3, 2]], [56, 2], [62, 2], [68, 0], [95, 3]]",[8.9062686276247e-06]
layer_3,562,"[[25, [49, 1, 1, 1, 1]], [27, [4, 1, 2, 1, 1]], [29, [6, 2, 3]], [56, 2], [62, 0], [68, 0], [95, 3]]",[8.851363001215067e-06]
layer_3,563,"[[25, [7, 7, 1, 1, 1]], [27, [2, 2, 2, 1, 1]], [29, [12, 1, 3]], [56, 1], [62, 1], [68, 1], [95, 2]]",[9.574247182631754e-06]
layer_3,564,"[[25, [7, 7, 1, 1, 1]], [27, [4, 1, 2, 1, 1]], [29, [6, 6, 1]], [56, 1], [62, 1], [68, 0], [95, 2]]",[8.65401910103227e-06]
layer_3,565,"[[25, [7, 1, 7, 1, 1]], [27, [2, 4, 1, 1, 1]], [29, [6, 6, 1]], [56, 2], [62, 0], [68, 1], [95, 4]]",[9.939774843698585e-06]
layer_3,566,"[[25, [49, 1, 1, 1, 1]], [27, [4, 1, 2, 1, 1]], [29, [6, 6, 1]], [56, 0], [62, 2], [68, 0], [95, 2]]",[9.676193566962816e-06]
layer_3,567,"[[25, [7, 1, 7, 1, 1]], [27, [2, 4, 1, 1, 1]], [29, [6, 3, 2]], [56, 2], [62, 0], [68, 0], [95, 2]]",[9.267792358803988e-06]
layer_3,568,"[[25, [7, 7, 1, 1, 1]], [27, [4, 1, 2, 1, 1]], [29, [6, 2, 3]], [56, 1], [62, 0], [68, 0], [95, 3]]",[7.9410741211015e-06]
layer_3,569,"[[25, [49, 1, 1, 1, 1]], [27, [1, 4, 2, 1, 1]], [29, [6, 2, 3]], [56, 1], [62, 2], [68, 0], [95, 2]]",[9.029174160346695e-06]
layer_3,570,"[[25, [7, 7, 1, 1, 1]], [27, [2, 2, 2, 1, 1]], [29, [12, 1, 3]], [56, 2], [62, 1], [68, 0], [95, 3]]",[1.020161433671552e-05]
layer_3,571,"[[25, [49, 1, 1, 1, 1]], [27, [4, 1, 2, 1, 1]], [29, [6, 2, 3]], [56, 2], [62, 0], [68, 3], [95, 2]]",[10000000000]
layer_3,572,"[[25, [7, 7, 1, 1, 1]], [27, [2, 2, 2, 1, 1]], [29, [12, 1, 3]], [56, 2], [62, 1], [68, 0], [95, 2]]",[9.943675040228858e-06]
layer_3,573,"[[25, [49, 1, 1, 1, 1]], [27, [4, 1, 1, 2, 1]], [29, [9, 2, 2]], [56, 1], [62, 1], [68, 2], [95, 3]]",[3.2280147186147184e-05]
layer_3,574,"[[25, [7, 7, 1, 1, 1]], [27, [2, 1, 2, 1, 2]], [29, [18, 2, 1]], [56, 0], [62, 1], [68, 2], [95, 0]]",[3.2688878868848814e-05]
layer_3,575,"[[25, [1, 7, 7, 1, 1]], [27, [1, 4, 1, 2, 1]], [29, [18, 2, 1]], [56, 3], [62, 3], [68, 1], [95, 0]]",[10000000000]
layer_3,576,"[[25, [7, 7, 1, 1, 1]], [27, [4, 1, 2, 1, 1]], [29, [6, 6, 1]], [56, 1], [62, 0], [68, 0], [95, 2]]",[9.443081421103925e-06]
layer_3,577,"[[25, [7, 7, 1, 1, 1]], [27, [4, 1, 2, 1, 1]], [29, [6, 6, 1]], [56, 1], [62, 0], [68, 1], [95, 2]]",[8.403184929253045e-06]
layer_3,578,"[[25, [7, 7, 1, 1, 1]], [27, [4, 1, 2, 1, 1]], [29, [6, 2, 3]], [56, 2], [62, 0], [68, 1], [95, 2]]",[8.139179863903495e-06]
layer_3,579,"[[25, [7, 7, 1, 1, 1]], [27, [4, 1, 2, 1, 1]], [29, [6, 6, 1]], [56, 1], [62, 1], [68, 1], [95, 2]]",[9.461989914854923e-06]
layer_3,580,"[[25, [49, 1, 1, 1, 1]], [27, [4, 1, 2, 1, 1]], [29, [6, 2, 3]], [56, 2], [62, 1], [68, 0], [95, 3]]",[8.315652321805907e-06]
layer_3,581,"[[25, [49, 1, 1, 1, 1]], [27, [4, 1, 2, 1, 1]], [29, [6, 6, 1]], [56, 2], [62, 1], [68, 0], [95, 2]]",[8.191294603903559e-06]
layer_3,582,"[[25, [7, 7, 1, 1, 1]], [27, [2, 2, 2, 1, 1]], [29, [6, 2, 3]], [56, 2], [62, 1], [68, 0], [95, 3]]",[8.510774584070797e-06]
layer_3,583,"[[25, [7, 7, 1, 1, 1]], [27, [4, 1, 2, 1, 1]], [29, [6, 2, 3]], [56, 2], [62, 1], [68, 0], [95, 3]]",[8.40631235603817e-06]
layer_3,584,"[[25, [7, 7, 1, 1, 1]], [27, [4, 1, 2, 1, 1]], [29, [6, 3, 2]], [56, 2], [62, 1], [68, 0], [95, 3]]",[8.602050729040097e-06]
layer_3,585,"[[25, [7, 7, 1, 1, 1]], [27, [2, 2, 2, 1, 1]], [29, [6, 3, 2]], [56, 2], [62, 0], [68, 0], [95, 2]]",[8.154787804679221e-06]
layer_3,586,"[[25, [7, 7, 1, 1, 1]], [27, [2, 2, 2, 1, 1]], [29, [6, 6, 1]], [56, 1], [62, 0], [68, 0], [95, 3]]",[8.903139355051003e-06]
layer_3,587,"[[25, [7, 7, 1, 1, 1]], [27, [4, 1, 2, 1, 1]], [29, [6, 3, 2]], [56, 2], [62, 1], [68, 0], [95, 2]]",[8.603097548387096e-06]
layer_3,588,"[[25, [49, 1, 1, 1, 1]], [27, [4, 1, 2, 1, 1]], [29, [6, 6, 1]], [56, 1], [62, 1], [68, 1], [95, 2]]",[8.40756964045699e-06]
layer_3,589,"[[25, [7, 7, 1, 1, 1]], [27, [2, 2, 2, 1, 1]], [29, [6, 2, 3]], [56, 2], [62, 0], [68, 1], [95, 2]]",[8.158005709624797e-06]
layer_3,590,"[[25, [7, 7, 1, 1, 1]], [27, [2, 2, 2, 1, 1]], [29, [6, 6, 1]], [56, 2], [62, 0], [68, 1], [95, 2]]",[1.5140143553327763e-05]
layer_3,591,"[[25, [49, 1, 1, 1, 1]], [27, [4, 1, 2, 1, 1]], [29, [6, 2, 3]], [56, 2], [62, 1], [68, 1], [95, 2]]",[8.344884340826246e-06]
layer_3,592,"[[25, [49, 1, 1, 1, 1]], [27, [4, 1, 2, 1, 1]], [29, [6, 6, 1]], [56, 2], [62, 1], [68, 1], [95, 2]]",[8.311290173147023e-06]
layer_3,593,"[[25, [49, 1, 1, 1, 1]], [27, [4, 1, 2, 1, 1]], [29, [6, 3, 2]], [56, 2], [62, 1], [68, 1], [95, 2]]",[8.312845838396112e-06]
layer_3,594,"[[25, [49, 1, 1, 1, 1]], [27, [1, 4, 2, 1, 1]], [29, [6, 2, 3]], [56, 2], [62, 1], [68, 0], [95, 2]]",[8.338820937982605e-06]
layer_3,595,"[[25, [49, 1, 1, 1, 1]], [27, [1, 4, 2, 1, 1]], [29, [6, 2, 3]], [56, 1], [62, 1], [68, 0], [95, 2]]",[8.394015775782496e-06]
layer_3,596,"[[25, [49, 1, 1, 1, 1]], [27, [1, 4, 2, 1, 1]], [29, [6, 3, 2]], [56, 1], [62, 1], [68, 0], [95, 2]]",[8.49551341484123e-06]
layer_3,597,"[[25, [7, 7, 1, 1, 1]], [27, [4, 1, 2, 1, 1]], [29, [6, 2, 3]], [56, 1], [62, 2], [68, 0], [95, 2]]",[9.034623283423409e-06]
layer_3,598,"[[25, [49, 1, 1, 1, 1]], [27, [1, 4, 2, 1, 1]], [29, [6, 3, 2]], [56, 1], [62, 1], [68, 0], [95, 3]]",[8.489709595546096e-06]
layer_3,599,"[[25, [49, 1, 1, 1, 1]], [27, [4, 1, 2, 1, 1]], [29, [6, 6, 1]], [56, 1], [62, 1], [68, 3], [95, 2]]",[10000000000]
layer_3,600,"[[25, [7, 7, 1, 1, 1]], [27, [4, 1, 2, 1, 1]], [29, [6, 3, 2]], [56, 2], [62, 2], [68, 0], [95, 3]]",[8.938851184600197e-06]
layer_3,601,"[[25, [49, 1, 1, 1, 1]], [27, [4, 1, 2, 1, 1]], [29, [6, 2, 3]], [56, 2], [62, 1], [68, 3], [95, 2]]",[10000000000]
layer_3,602,"[[25, [49, 1, 1, 1, 1]], [27, [1, 4, 2, 1, 1]], [29, [6, 3, 2]], [56, 1], [62, 2], [68, 0], [95, 3]]",[8.995269070612209e-06]
layer_3,603,"[[25, [49, 1, 1, 1, 1]], [27, [1, 4, 2, 1, 1]], [29, [6, 3, 2]], [56, 1], [62, 2], [68, 0], [95, 2]]",[8.990170891705582e-06]
layer_3,604,"[[25, [7, 7, 1, 1, 1]], [27, [4, 1, 2, 1, 1]], [29, [6, 3, 2]], [56, 2], [62, 2], [68, 0], [95, 2]]",[8.936078973346495e-06]
layer_3,605,"[[25, [7, 7, 1, 1, 1]], [27, [4, 1, 2, 1, 1]], [29, [6, 6, 1]], [56, 2], [62, 2], [68, 0], [95, 2]]",[9.436459200850536e-06]
layer_3,606,"[[25, [7, 7, 1, 1, 1]], [27, [4, 1, 2, 1, 1]], [29, [6, 2, 3]], [56, 2], [62, 2], [68, 0], [95, 2]]",[8.935040435286968e-06]
layer_3,607,"[[25, [7, 7, 1, 1, 1]], [27, [2, 2, 2, 1, 1]], [29, [6, 2, 3]], [56, 1], [62, 2], [68, 0], [95, 3]]",[9.025542008843966e-06]
layer_3,608,"[[25, [7, 7, 1, 1, 1]], [27, [2, 2, 2, 1, 1]], [29, [6, 3, 2]], [56, 1], [62, 2], [68, 0], [95, 3]]",[9.025295915655179e-06]
layer_3,609,"[[25, [49, 1, 1, 1, 1]], [27, [4, 1, 2, 1, 1]], [29, [6, 3, 2]], [56, 1], [62, 2], [68, 0], [95, 3]]",[9.014428850011142e-06]
layer_3,610,"[[25, [49, 1, 1, 1, 1]], [27, [4, 1, 2, 1, 1]], [29, [6, 2, 3]], [56, 1], [62, 2], [68, 0], [95, 3]]",[9.014846524544637e-06]
layer_3,611,"[[25, [49, 1, 1, 1, 1]], [27, [4, 1, 2, 1, 1]], [29, [6, 2, 3]], [56, 2], [62, 2], [68, 0], [95, 3]]",[8.905591916674084e-06]
layer_3,612,"[[25, [49, 1, 1, 1, 1]], [27, [4, 1, 2, 1, 1]], [29, [6, 3, 2]], [56, 1], [62, 0], [68, 0], [95, 3]]",[8.46338001353867e-06]
layer_3,613,"[[25, [49, 1, 1, 1, 1]], [27, [4, 1, 2, 1, 1]], [29, [6, 6, 1]], [56, 1], [62, 0], [68, 0], [95, 3]]",[8.973507717157215e-06]
layer_3,614,"[[25, [49, 1, 1, 1, 1]], [27, [4, 1, 2, 1, 1]], [29, [6, 6, 1]], [56, 1], [62, 0], [68, 1], [95, 2]]",[8.010575713851762e-06]
layer_3,615,"[[25, [49, 1, 1, 1, 1]], [27, [4, 1, 2, 1, 1]], [29, [6, 2, 3]], [56, 1], [62, 0], [68, 1], [95, 2]]",[8.010607191418643e-06]
layer_3,616,"[[25, [49, 1, 1, 1, 1]], [27, [4, 1, 2, 1, 1]], [29, [6, 6, 1]], [56, 2], [62, 0], [68, 1], [95, 2]]",[7.863440993317132e-06]
layer_3,617,"[[25, [7, 1, 7, 1, 1]], [27, [8, 1, 1, 1, 1]], [29, [6, 6, 1]], [56, 2], [62, 0], [68, 0], [95, 2]]",[9.326183530766699e-06]
layer_3,618,"[[25, [7, 7, 1, 1, 1]], [27, [4, 1, 2, 1, 1]], [29, [6, 2, 3]], [56, 0], [62, 0], [68, 0], [95, 2]]",[8.634858400207094e-06]
layer_3,619,"[[25, [7, 7, 1, 1, 1]], [27, [4, 1, 2, 1, 1]], [29, [6, 3, 2]], [56, 0], [62, 0], [68, 0], [95, 2]]",[8.826694446889026e-06]
layer_3,620,"[[25, [49, 1, 1, 1, 1]], [27, [4, 1, 2, 1, 1]], [29, [6, 6, 1]], [56, 1], [62, 2], [68, 1], [95, 2]]",[9.096788606361301e-06]
layer_3,621,"[[25, [49, 1, 1, 1, 1]], [27, [4, 1, 2, 1, 1]], [29, [6, 2, 3]], [56, 1], [62, 2], [68, 1], [95, 2]]",[9.098186539336061e-06]
layer_3,622,"[[25, [49, 1, 1, 1, 1]], [27, [4, 1, 2, 1, 1]], [29, [6, 2, 3]], [56, 1], [62, 0], [68, 3], [95, 2]]",[10000000000]
layer_3,623,"[[25, [7, 1, 7, 1, 1]], [27, [8, 1, 1, 1, 1]], [29, [6, 3, 2]], [56, 2], [62, 0], [68, 0], [95, 3]]",[8.932571339285715e-06]
layer_3,624,"[[25, [7, 1, 7, 1, 1]], [27, [8, 1, 1, 1, 1]], [29, [6, 6, 1]], [56, 2], [62, 0], [68, 0], [95, 3]]",[9.09495155823758e-06]
layer_3,625,"[[25, [7, 7, 1, 1, 1]], [27, [2, 1, 2, 1, 2]], [29, [6, 2, 3]], [56, 2], [62, 0], [68, 0], [95, 3]]",[9.382791518108463e-06]
layer_3,626,"[[25, [7, 7, 1, 1, 1]], [27, [4, 1, 2, 1, 1]], [29, [6, 2, 3]], [56, 0], [62, 0], [68, 0], [95, 3]]",[8.631631210924647e-06]
layer_3,627,"[[25, [7, 7, 1, 1, 1]], [27, [4, 1, 2, 1, 1]], [29, [6, 2, 3]], [56, 1], [62, 0], [68, 1], [95, 3]]",[2.1021529821230817e-05]
layer_3,628,"[[25, [49, 1, 1, 1, 1]], [27, [4, 1, 2, 1, 1]], [29, [6, 6, 1]], [56, 0], [62, 1], [68, 0], [95, 2]]",[9.357608824422843e-06]
layer_3,629,"[[25, [7, 7, 1, 1, 1]], [27, [2, 2, 2, 1, 1]], [29, [6, 2, 3]], [56, 2], [62, 2], [68, 1], [95, 2]]",[9.272608039912835e-06]
layer_3,630,"[[25, [7, 7, 1, 1, 1]], [27, [4, 1, 2, 1, 1]], [29, [6, 3, 2]], [56, 0], [62, 1], [68, 0], [95, 3]]",[9.380171757636454e-06]
layer_3,631,"[[25, [7, 1, 7, 1, 1]], [27, [4, 2, 1, 1, 1]], [29, [6, 6, 1]], [56, 2], [62, 0], [68, 0], [95, 2]]",[9.269891329384667e-06]
layer_3,632,"[[25, [49, 1, 1, 1, 1]], [27, [1, 4, 2, 1, 1]], [29, [6, 3, 2]], [56, 1], [62, 0], [68, 0], [95, 3]]",[8.00909826852977e-06]
layer_3,633,"[[25, [49, 1, 1, 1, 1]], [27, [4, 1, 2, 1, 1]], [29, [6, 6, 1]], [56, 1], [62, 2], [68, 3], [95, 2]]",[10000000000]
layer_3,634,"[[25, [49, 1, 1, 1, 1]], [27, [4, 1, 2, 1, 1]], [29, [6, 2, 3]], [56, 1], [62, 2], [68, 3], [95, 2]]",[10000000000]
layer_3,635,"[[25, [7, 7, 1, 1, 1]], [27, [4, 1, 2, 1, 1]], [29, [6, 6, 1]], [56, 0], [62, 1], [68, 0], [95, 2]]",[9.408907867254583e-06]
layer_3,636,"[[25, [7, 7, 1, 1, 1]], [27, [4, 1, 2, 1, 1]], [29, [6, 2, 3]], [56, 0], [62, 1], [68, 0], [95, 2]]",[9.204735713652874e-06]
layer_3,637,"[[25, [7, 7, 1, 1, 1]], [27, [2, 1, 1, 4, 1]], [29, [9, 4, 1]], [56, 0], [62, 2], [68, 0], [95, 1]]",[5.7473685527328714e-05]
layer_3,638,"[[25, [1, 7, 1, 7, 1]], [27, [4, 1, 1, 1, 2]], [29, [9, 4, 1]], [56, 0], [62, 1], [68, 2], [95, 4]]",[4.182433639654692e-05]
layer_3,639,"[[25, [7, 7, 1, 1, 1]], [27, [1, 1, 4, 1, 2]], [29, [18, 1, 2]], [56, 0], [62, 2], [68, 1], [95, 4]]",[4.7269052960526316e-05]
layer_3,640,"[[25, [49, 1, 1, 1, 1]], [27, [4, 1, 2, 1, 1]], [29, [6, 2, 3]], [56, 1], [62, 1], [68, 1], [95, 2]]",[9.059850181624878e-06]
layer_3,641,"[[25, [49, 1, 1, 1, 1]], [27, [1, 4, 2, 1, 1]], [29, [6, 3, 2]], [56, 2], [62, 0], [68, 0], [95, 3]]",[7.969340849364027e-06]
layer_3,642,"[[25, [49, 1, 1, 1, 1]], [27, [1, 4, 2, 1, 1]], [29, [6, 2, 3]], [56, 2], [62, 0], [68, 0], [95, 3]]",[8.242718806658975e-06]
layer_3,643,"[[25, [49, 1, 1, 1, 1]], [27, [1, 4, 2, 1, 1]], [29, [6, 6, 1]], [56, 2], [62, 0], [68, 0], [95, 3]]",[8.806165463191265e-06]
layer_3,644,"[[25, [49, 1, 1, 1, 1]], [27, [4, 1, 2, 1, 1]], [29, [6, 3, 2]], [56, 2], [62, 0], [68, 1], [95, 2]]",[7.837931652490887e-06]
layer_3,645,"[[25, [49, 1, 1, 1, 1]], [27, [4, 1, 2, 1, 1]], [29, [6, 2, 3]], [56, 2], [62, 0], [68, 1], [95, 2]]",[7.858301658310837e-06]
layer_3,646,"[[25, [49, 1, 1, 1, 1]], [27, [1, 4, 2, 1, 1]], [29, [6, 2, 3]], [56, 2], [62, 1], [68, 1], [95, 2]]",[8.336406730065837e-06]
layer_3,647,"[[25, [49, 1, 1, 1, 1]], [27, [4, 1, 2, 1, 1]], [29, [6, 2, 3]], [56, 1], [62, 1], [68, 0], [95, 3]]",[8.427193402435012e-06]
layer_3,648,"[[25, [49, 1, 1, 1, 1]], [27, [4, 1, 2, 1, 1]], [29, [6, 6, 1]], [56, 2], [62, 1], [68, 0], [95, 3]]",[8.198887540983607e-06]
layer_3,649,"[[25, [49, 1, 1, 1, 1]], [27, [4, 1, 2, 1, 1]], [29, [6, 3, 2]], [56, 2], [62, 1], [68, 0], [95, 3]]",[8.199385901639344e-06]
layer_3,650,"[[25, [49, 1, 1, 1, 1]], [27, [1, 4, 2, 1, 1]], [29, [6, 3, 2]], [56, 2], [62, 1], [68, 0], [95, 2]]",[8.179272385313599e-06]
layer_3,651,"[[25, [49, 1, 1, 1, 1]], [27, [1, 4, 2, 1, 1]], [29, [6, 6, 1]], [56, 1], [62, 1], [68, 0], [95, 2]]",[8.488181474169135e-06]
layer_3,652,"[[25, [7, 7, 1, 1, 1]], [27, [4, 1, 2, 1, 1]], [29, [6, 3, 2]], [56, 1], [62, 0], [68, 0], [95, 2]]",[8.351028174362091e-06]
layer_3,653,"[[25, [49, 1, 1, 1, 1]], [27, [1, 4, 2, 1, 1]], [29, [6, 6, 1]], [56, 2], [62, 0], [68, 1], [95, 2]]",[7.858858065006076e-06]
layer_3,654,"[[25, [49, 1, 1, 1, 1]], [27, [1, 4, 2, 1, 1]], [29, [6, 2, 3]], [56, 1], [62, 0], [68, 1], [95, 2]]",[8.004455152624549e-06]
layer_3,655,"[[25, [7, 7, 1, 1, 1]], [27, [4, 1, 2, 1, 1]], [29, [6, 2, 3]], [56, 2], [62, 0], [68, 0], [95, 3]]",[8.570528050007945e-06]
layer_3,656,"[[25, [7, 7, 1, 1, 1]], [27, [4, 1, 2, 1, 1]], [29, [6, 6, 1]], [56, 2], [62, 0], [68, 0], [95, 3]]",[8.75497251379721e-06]
layer_3,657,"[[25, [7, 7, 1, 1, 1]], [27, [4, 1, 2, 1, 1]], [29, [6, 3, 2]], [56, 2], [62, 0], [68, 1], [95, 2]]",[8.165638137910085e-06]
layer_3,658,"[[25, [49, 1, 1, 1, 1]], [27, [1, 4, 2, 1, 1]], [29, [6, 3, 2]], [56, 2], [62, 1], [68, 0], [95, 3]]",[8.177769405700423e-06]
layer_3,659,"[[25, [49, 1, 1, 1, 1]], [27, [1, 4, 2, 1, 1]], [29, [6, 2, 3]], [56, 2], [62, 0], [68, 0], [95, 2]]",[8.264736434740101e-06]
layer_3,660,"[[25, [49, 1, 1, 1, 1]], [27, [1, 4, 2, 1, 1]], [29, [6, 6, 1]], [56, 1], [62, 0], [68, 0], [95, 2]]",[8.976035704793126e-06]
layer_3,661,"[[25, [49, 1, 1, 1, 1]], [27, [1, 4, 2, 1, 1]], [29, [6, 2, 3]], [56, 1], [62, 0], [68, 0], [95, 2]]",[9.170363594681339e-06]
layer_3,662,"[[25, [7, 7, 1, 1, 1]], [27, [2, 2, 2, 1, 1]], [29, [6, 3, 2]], [56, 1], [62, 1], [68, 0], [95, 3]]",[8.629071613459879e-06]
layer_3,663,"[[25, [49, 1, 1, 1, 1]], [27, [4, 1, 2, 1, 1]], [29, [6, 3, 2]], [56, 2], [62, 2], [68, 1], [95, 2]]",[8.874293834935365e-06]
layer_3,664,"[[25, [49, 1, 1, 1, 1]], [27, [4, 1, 2, 1, 1]], [29, [6, 6, 1]], [56, 2], [62, 2], [68, 1], [95, 2]]",[8.87348050951504e-06]
layer_3,665,"[[25, [7, 7, 1, 1, 1]], [27, [4, 1, 2, 1, 1]], [29, [6, 3, 2]], [56, 1], [62, 1], [68, 0], [95, 3]]",[8.6691329384666e-06]
layer_3,666,"[[25, [7, 7, 1, 1, 1]], [27, [4, 1, 2, 1, 1]], [29, [6, 3, 2]], [56, 1], [62, 1], [68, 0], [95, 2]]",[8.66734049029286e-06]
layer_3,667,"[[25, [7, 7, 1, 1, 1]], [27, [4, 1, 2, 1, 1]], [29, [6, 2, 3]], [56, 1], [62, 1], [68, 0], [95, 2]]",[8.72135315893386e-06]
layer_3,668,"[[25, [7, 7, 1, 1, 1]], [27, [4, 1, 2, 1, 1]], [29, [6, 2, 3]], [56, 2], [62, 2], [68, 0], [95, 3]]",[8.906293706293707e-06]
layer_3,669,"[[25, [7, 7, 1, 1, 1]], [27, [4, 1, 2, 1, 1]], [29, [6, 6, 1]], [56, 2], [62, 2], [68, 0], [95, 3]]",[8.917314427312777e-06]
layer_3,670,"[[25, [49, 1, 1, 1, 1]], [27, [4, 1, 2, 1, 1]], [29, [6, 6, 1]], [56, 2], [62, 0], [68, 0], [95, 3]]",[8.827746051332676e-06]
layer_3,671,"[[25, [7, 7, 1, 1, 1]], [27, [4, 1, 2, 1, 1]], [29, [6, 3, 2]], [56, 2], [62, 1], [68, 1], [95, 2]]",[9.333124745282184e-06]
layer_3,672,"[[25, [7, 7, 1, 1, 1]], [27, [4, 1, 2, 1, 1]], [29, [6, 2, 3]], [56, 2], [62, 1], [68, 1], [95, 2]]",[9.441740181268882e-06]
layer_3,673,"[[25, [7, 7, 1, 1, 1]], [27, [4, 1, 2, 1, 1]], [29, [6, 6, 1]], [56, 2], [62, 1], [68, 1], [95, 2]]",[9.364833420123821e-06]
layer_3,674,"[[25, [49, 1, 1, 1, 1]], [27, [1, 4, 2, 1, 1]], [29, [6, 2, 3]], [56, 2], [62, 2], [68, 1], [95, 2]]",[8.878272993607956e-06]
layer_3,675,"[[25, [7, 7, 1, 1, 1]], [27, [4, 1, 2, 1, 1]], [29, [6, 6, 1]], [56, 0], [62, 0], [68, 0], [95, 2]]",[1.0150842845014621e-05]
layer_3,676,"[[25, [49, 1, 1, 1, 1]], [27, [1, 4, 2, 1, 1]], [29, [6, 3, 2]], [56, 2], [62, 2], [68, 0], [95, 2]]",[8.895431989924432e-06]
layer_3,677,"[[25, [49, 1, 1, 1, 1]], [27, [1, 4, 2, 1, 1]], [29, [6, 6, 1]], [56, 1], [62, 2], [68, 0], [95, 2]]",[8.90572057042176e-06]
layer_3,678,"[[25, [49, 1, 1, 1, 1]], [27, [1, 4, 2, 1, 1]], [29, [6, 3, 2]], [56, 0], [62, 0], [68, 0], [95, 3]]",[8.830442436208992e-06]
layer_3,679,"[[25, [7, 7, 1, 1, 1]], [27, [4, 1, 2, 1, 1]], [29, [6, 6, 1]], [56, 1], [62, 2], [68, 0], [95, 2]]",[9.027963564334337e-06]
layer_3,680,"[[25, [7, 7, 1, 1, 1]], [27, [4, 1, 2, 1, 1]], [29, [6, 3, 2]], [56, 1], [62, 2], [68, 0], [95, 2]]",[9.026548371174729e-06]
layer_3,681,"[[25, [7, 7, 1, 1, 1]], [27, [4, 1, 2, 1, 1]], [29, [6, 2, 3]], [56, 0], [62, 0], [68, 1], [95, 2]]",[8.910920033066961e-06]
layer_3,682,"[[25, [7, 7, 1, 1, 1]], [27, [4, 1, 2, 1, 1]], [29, [6, 2, 3]], [56, 0], [62, 1], [68, 0], [95, 3]]",[9.190530869641912e-06]
layer_3,683,"[[25, [49, 1, 1, 1, 1]], [27, [4, 1, 2, 1, 1]], [29, [6, 6, 1]], [56, 0], [62, 1], [68, 1], [95, 2]]",[9.180620023033893e-06]
layer_3,684,"[[25, [49, 1, 1, 1, 1]], [27, [4, 1, 2, 1, 1]], [29, [6, 2, 3]], [56, 0], [62, 1], [68, 1], [95, 2]]",[9.278289261846902e-06]
layer_3,685,"[[25, [7, 7, 1, 1, 1]], [27, [2, 2, 2, 1, 1]], [29, [6, 3, 2]], [56, 2], [62, 2], [68, 0], [95, 2]]",[8.885946398511561e-06]
layer_3,686,"[[25, [7, 7, 1, 1, 1]], [27, [4, 1, 2, 1, 1]], [29, [6, 2, 3]], [56, 2], [62, 2], [68, 1], [95, 2]]",[9.315490638099674e-06]
layer_3,687,"[[25, [7, 1, 1, 7, 1]], [27, [4, 1, 2, 1, 1]], [29, [6, 6, 1]], [56, 1], [62, 0], [68, 0], [95, 2]]",[0.00011094317002881844]
layer_3,688,"[[25, [49, 1, 1, 1, 1]], [27, [4, 1, 2, 1, 1]], [29, [6, 6, 1]], [56, 0], [62, 0], [68, 1], [95, 2]]",[8.709923023397407e-06]
layer_3,689,"[[25, [49, 1, 1, 1, 1]], [27, [1, 4, 2, 1, 1]], [29, [6, 2, 3]], [56, 0], [62, 1], [68, 0], [95, 2]]",[9.36831681498829e-06]
layer_3,690,"[[25, [7, 1, 1, 7, 1]], [27, [4, 1, 2, 1, 1]], [29, [6, 2, 3]], [56, 1], [62, 0], [68, 1], [95, 2]]",[0.00011085739812814976]
layer_3,691,"[[25, [7, 1, 1, 7, 1]], [27, [4, 1, 2, 1, 1]], [29, [6, 6, 1]], [56, 1], [62, 0], [68, 1], [95, 2]]",[0.0001107991386704789]
layer_3,692,"[[25, [7, 1, 1, 7, 1]], [27, [4, 1, 2, 1, 1]], [29, [6, 3, 2]], [56, 1], [62, 0], [68, 1], [95, 2]]",[0.00011062302741702743]
layer_3,693,"[[25, [49, 1, 1, 1, 1]], [27, [1, 4, 2, 1, 1]], [29, [6, 2, 3]], [56, 0], [62, 0], [68, 0], [95, 2]]",[9.77622450712197e-06]
layer_3,694,"[[25, [49, 1, 1, 1, 1]], [27, [1, 4, 2, 1, 1]], [29, [6, 3, 2]], [56, 0], [62, 1], [68, 0], [95, 3]]",[9.335552648897663e-06]
layer_3,695,"[[25, [7, 7, 1, 1, 1]], [27, [4, 1, 2, 1, 1]], [29, [6, 2, 3]], [56, 0], [62, 1], [68, 1], [95, 2]]",[1.0207685761865112e-05]
layer_3,696,"[[25, [7, 7, 1, 1, 1]], [27, [2, 1, 2, 2, 1]], [29, [6, 6, 1]], [56, 2], [62, 0], [68, 0], [95, 3]]",[9.35026546561369e-06]
layer_3,697,"[[25, [7, 7, 1, 1, 1]], [27, [2, 1, 2, 2, 1]], [29, [6, 2, 3]], [56, 2], [62, 0], [68, 0], [95, 3]]",[9.381134181370537e-06]
layer_3,698,"[[25, [7, 7, 1, 1, 1]], [27, [1, 2, 2, 2, 1]], [29, [12, 1, 3]], [56, 1], [62, 1], [68, 0], [95, 3]]",[1.30513591362803e-05]
layer_3,699,"[[25, [49, 1, 1, 1, 1]], [27, [4, 1, 2, 1, 1]], [29, [6, 6, 1]], [56, 1], [62, 0], [68, 3], [95, 2]]",[10000000000]
layer_3,700,"[[25, [7, 1, 1, 7, 1]], [27, [4, 1, 2, 1, 1]], [29, [6, 6, 1]], [56, 1], [62, 0], [68, 3], [95, 2]]",[10000000000]
layer_3,701,"[[25, [1, 49, 1, 1, 1]], [27, [4, 1, 1, 2, 1]], [29, [2, 6, 3]], [56, 1], [62, 3], [68, 2], [95, 2]]",[5.651178305471125e-05]
layer_3,702,"[[25, [7, 7, 1, 1, 1]], [27, [2, 1, 1, 2, 2]], [29, [9, 4, 1]], [56, 1], [62, 2], [68, 2], [95, 4]]",[5.1167924469195965e-05]
layer_3,703,"[[25, [7, 7, 1, 1, 1]], [27, [2, 2, 2, 1, 1]], [29, [6, 6, 1]], [56, 0], [62, 2], [68, 2], [95, 4]]",[2.318847853381936e-05]
layer_3,704,"[[25, [49, 1, 1, 1, 1]], [27, [1, 4, 2, 1, 1]], [29, [6, 6, 1]], [56, 2], [62, 1], [68, 1], [95, 2]]",[8.85890354295837e-06]
layer_3,705,"[[25, [49, 1, 1, 1, 1]], [27, [1, 4, 2, 1, 1]], [29, [6, 2, 3]], [56, 1], [62, 1], [68, 1], [95, 2]]",[8.454636311286608e-06]
layer_3,706,"[[25, [49, 1, 1, 1, 1]], [27, [1, 4, 2, 1, 1]], [29, [6, 2, 3]], [56, 2], [62, 0], [68, 1], [95, 2]]",[7.843726643431116e-06]
layer_3,707,"[[25, [49, 1, 1, 1, 1]], [27, [4, 1, 2, 1, 1]], [29, [6, 3, 2]], [56, 1], [62, 0], [68, 1], [95, 2]]",[7.983047159781288e-06]
layer_3,708,"[[25, [49, 1, 1, 1, 1]], [27, [1, 4, 2, 1, 1]], [29, [6, 6, 1]], [56, 1], [62, 0], [68, 0], [95, 3]]",[8.974320664692332e-06]
layer_3,709,"[[25, [49, 1, 1, 1, 1]], [27, [4, 1, 2, 1, 1]], [29, [6, 6, 1]], [56, 1], [62, 1], [68, 0], [95, 3]]",[8.487255100361962e-06]
layer_3,710,"[[25, [49, 1, 1, 1, 1]], [27, [1, 4, 2, 1, 1]], [29, [6, 6, 1]], [56, 2], [62, 1], [68, 0], [95, 2]]",[8.171501674973445e-06]
layer_3,711,"[[25, [49, 1, 1, 1, 1]], [27, [4, 1, 2, 1, 1]], [29, [6, 3, 2]], [56, 1], [62, 0], [68, 0], [95, 2]]",[8.402107077764277e-06]
layer_3,712,"[[25, [49, 1, 1, 1, 1]], [27, [1, 4, 2, 1, 1]], [29, [6, 3, 2]], [56, 2], [62, 0], [68, 0], [95, 2]]",[7.996423664122138e-06]
layer_3,713,"[[25, [7, 7, 1, 1, 1]], [27, [4, 1, 2, 1, 1]], [29, [6, 3, 2]], [56, 2], [62, 0], [68, 0], [95, 3]]",[8.274177711590964e-06]
layer_3,714,"[[25, [49, 1, 1, 1, 1]], [27, [1, 4, 2, 1, 1]], [29, [6, 6, 1]], [56, 1], [62, 2], [68, 1], [95, 2]]",[9.07383547443962e-06]
layer_3,715,"[[25, [7, 7, 1, 1, 1]], [27, [4, 1, 2, 1, 1]], [29, [6, 6, 1]], [56, 1], [62, 0], [68, 0], [95, 3]]",[8.870821431739555e-06]
layer_3,716,"[[25, [7, 7, 1, 1, 1]], [27, [4, 1, 2, 1, 1]], [29, [6, 6, 1]], [56, 2], [62, 0], [68, 1], [95, 2]]",[1.5164545685586348e-05]
layer_3,717,"[[25, [7, 7, 1, 1, 1]], [27, [2, 2, 2, 1, 1]], [29, [6, 2, 3]], [56, 1], [62, 0], [68, 0], [95, 3]]",[8.980217176702862e-06]
layer_3,718,"[[25, [49, 1, 1, 1, 1]], [27, [4, 1, 2, 1, 1]], [29, [6, 2, 3]], [56, 2], [62, 2], [68, 1], [95, 2]]",[8.86895073542442e-06]
layer_3,719,"[[25, [49, 1, 1, 1, 1]], [27, [4, 1, 2, 1, 1]], [29, [6, 3, 2]], [56, 2], [62, 0], [68, 0], [95, 3]]",[8.321011163426488e-06]
layer_3,720,"[[25, [7, 7, 1, 1, 1]], [27, [4, 1, 2, 1, 1]], [29, [6, 2, 3]], [56, 1], [62, 0], [68, 1], [95, 2]]",[8.299290309106098e-06]
layer_3,721,"[[25, [7, 7, 1, 1, 1]], [27, [4, 1, 2, 1, 1]], [29, [6, 3, 2]], [56, 1], [62, 0], [68, 1], [95, 2]]",[8.300041820135052e-06]
layer_3,722,"[[25, [49, 1, 1, 1, 1]], [27, [1, 4, 2, 1, 1]], [29, [6, 6, 1]], [56, 2], [62, 2], [68, 0], [95, 3]]",[8.759973520333568e-06]
layer_3,723,"[[25, [49, 1, 1, 1, 1]], [27, [1, 4, 2, 1, 1]], [29, [6, 2, 3]], [56, 2], [62, 2], [68, 0], [95, 3]]",[8.892065344950212e-06]
layer_3,724,"[[25, [49, 1, 1, 1, 1]], [27, [4, 1, 2, 1, 1]], [29, [6, 3, 2]], [56, 2], [62, 0], [68, 3], [95, 2]]",[10000000000]
layer_3,725,"[[25, [49, 1, 1, 1, 1]], [27, [4, 1, 2, 1, 1]], [29, [6, 6, 1]], [56, 2], [62, 0], [68, 3], [95, 2]]",[10000000000]
layer_3,726,"[[25, [49, 1, 1, 1, 1]], [27, [4, 1, 2, 1, 1]], [29, [6, 6, 1]], [56, 2], [62, 2], [68, 0], [95, 3]]",[8.75943370291616e-06]
layer_3,727,"[[25, [49, 1, 1, 1, 1]], [27, [4, 1, 2, 1, 1]], [29, [6, 3, 2]], [56, 2], [62, 2], [68, 0], [95, 3]]",[8.909807211836626e-06]
layer_3,728,"[[25, [49, 1, 1, 1, 1]], [27, [1, 4, 2, 1, 1]], [29, [6, 6, 1]], [56, 1], [62, 2], [68, 0], [95, 3]]",[8.908951793353076e-06]
layer_3,729,"[[25, [49, 1, 1, 1, 1]], [27, [1, 4, 2, 1, 1]], [29, [6, 2, 3]], [56, 0], [62, 1], [68, 1], [95, 2]]",[9.197219810401347e-06]
layer_3,730,"[[25, [49, 1, 1, 1, 1]], [27, [1, 4, 2, 1, 1]], [29, [6, 2, 3]], [56, 2], [62, 2], [68, 0], [95, 2]]",[8.89195618165249e-06]
layer_3,731,"[[25, [49, 1, 1, 1, 1]], [27, [4, 1, 2, 1, 1]], [29, [6, 3, 2]], [56, 1], [62, 0], [68, 3], [95, 2]]",[10000000000]
layer_3,732,"[[25, [49, 1, 1, 1, 1]], [27, [1, 4, 2, 1, 1]], [29, [6, 6, 1]], [56, 2], [62, 0], [68, 1], [95, 3]]",[2.0331141837509493e-05]
layer_3,733,"[[25, [49, 1, 1, 1, 1]], [27, [1, 4, 2, 1, 1]], [29, [6, 2, 3]], [56, 2], [62, 0], [68, 1], [95, 3]]",[2.0235034550839093e-05]
layer_3,734,"[[25, [7, 7, 1, 1, 1]], [27, [4, 1, 2, 1, 1]], [29, [6, 6, 1]], [56, 1], [62, 2], [68, 0], [95, 3]]",[9.013288890889448e-06]
layer_3,735,"[[25, [7, 7, 1, 1, 1]], [27, [4, 1, 2, 1, 1]], [29, [6, 3, 2]], [56, 1], [62, 2], [68, 0], [95, 3]]",[9.034678858610676e-06]
layer_3,736,"[[25, [49, 1, 1, 1, 1]], [27, [4, 1, 2, 1, 1]], [29, [6, 2, 3]], [56, 0], [62, 0], [68, 1], [95, 2]]",[8.754072197867618e-06]
layer_3,737,"[[25, [49, 1, 1, 1, 1]], [27, [4, 1, 2, 1, 1]], [29, [6, 3, 2]], [56, 0], [62, 0], [68, 1], [95, 2]]",[8.755311368871338e-06]
layer_3,738,"[[25, [49, 1, 1, 1, 1]], [27, [1, 4, 2, 1, 1]], [29, [6, 2, 3]], [56, 0], [62, 0], [68, 1], [95, 2]]",[8.765864271781534e-06]
layer_3,739,"[[25, [49, 1, 1, 1, 1]], [27, [4, 1, 2, 1, 1]], [29, [6, 3, 2]], [56, 1], [62, 2], [68, 0], [95, 2]]",[9.003025274174692e-06]
layer_3,740,"[[25, [49, 1, 1, 1, 1]], [27, [1, 4, 2, 1, 1]], [29, [6, 6, 1]], [56, 1], [62, 0], [68, 1], [95, 3]]",[2.0329882362619285e-05]
layer_3,741,"[[25, [49, 1, 1, 1, 1]], [27, [1, 4, 2, 1, 1]], [29, [6, 2, 3]], [56, 2], [62, 1], [68, 1], [95, 3]]",[1.902053973923915e-05]
layer_3,742,"[[25, [7, 7, 1, 1, 1]], [27, [2, 1, 2, 2, 1]], [29, [6, 3, 2]], [56, 1], [62, 1], [68, 0], [95, 3]]",[1.0953414795870039e-05]
layer_3,743,"[[25, [7, 7, 1, 1, 1]], [27, [2, 1, 2, 2, 1]], [29, [6, 6, 1]], [56, 1], [62, 0], [68, 0], [95, 3]]",[9.769025723084354e-06]
layer_3,744,"[[25, [7, 7, 1, 1, 1]], [27, [2, 1, 2, 2, 1]], [29, [6, 3, 2]], [56, 1], [62, 0], [68, 0], [95, 3]]",[9.769596792770444e-06]
layer_3,745,"[[25, [7, 7, 1, 1, 1]], [27, [2, 1, 2, 1, 2]], [29, [6, 6, 1]], [56, 1], [62, 0], [68, 0], [95, 3]]",[9.768707853096307e-06]
layer_3,746,"[[25, [49, 1, 1, 1, 1]], [27, [4, 1, 2, 1, 1]], [29, [6, 2, 3]], [56, 2], [62, 1], [68, 3], [95, 3]]",[10000000000]
layer_3,747,"[[25, [49, 1, 1, 1, 1]], [27, [4, 1, 2, 1, 1]], [29, [6, 6, 1]], [56, 2], [62, 1], [68, 3], [95, 3]]",[10000000000]
layer_3,748,"[[25, [49, 1, 1, 1, 1]], [27, [1, 4, 2, 1, 1]], [29, [6, 6, 1]], [56, 1], [62, 1], [68, 1], [95, 3]]",[1.907096977980258e-05]
layer_3,749,"[[25, [7, 7, 1, 1, 1]], [27, [4, 1, 2, 1, 1]], [29, [6, 6, 1]], [56, 0], [62, 0], [68, 1], [95, 2]]",[8.969942991115498e-06]
layer_3,750,"[[25, [7, 7, 1, 1, 1]], [27, [4, 1, 2, 1, 1]], [29, [6, 3, 2]], [56, 0], [62, 0], [68, 1], [95, 2]]",[9.059864357225127e-06]
layer_3,751,"[[25, [7, 7, 1, 1, 1]], [27, [4, 1, 2, 1, 1]], [29, [6, 3, 2]], [56, 2], [62, 2], [68, 1], [95, 2]]",[9.31291807886253e-06]
layer_3,752,"[[25, [49, 1, 1, 1, 1]], [27, [1, 2, 2, 2, 1]], [29, [6, 3, 2]], [56, 1], [62, 1], [68, 0], [95, 3]]",[1.1070520518981259e-05]
layer_3,753,"[[25, [49, 1, 1, 1, 1]], [27, [1, 4, 2, 1, 1]], [29, [6, 3, 2]], [56, 0], [62, 1], [68, 0], [95, 2]]",[9.254838986013987e-06]
layer_3,754,"[[25, [7, 7, 1, 1, 1]], [27, [2, 1, 2, 2, 1]], [29, [6, 2, 3]], [56, 2], [62, 1], [68, 0], [95, 3]]",[1.1124638838084992e-05]
layer_3,755,"[[25, [7, 7, 1, 1, 1]], [27, [2, 1, 2, 1, 2]], [29, [6, 2, 3]], [56, 2], [62, 1], [68, 0], [95, 3]]",[1.1123096611081228e-05]
layer_3,756,"[[25, [7, 7, 1, 1, 1]], [27, [4, 1, 2, 1, 1]], [29, [6, 3, 2]], [56, 0], [62, 1], [68, 0], [95, 2]]",[9.378304952600336e-06]
layer_3,757,"[[25, [49, 1, 1, 1, 1]], [27, [4, 1, 2, 1, 1]], [29, [6, 2, 3]], [56, 1], [62, 1], [68, 3], [95, 3]]",[10000000000]
layer_3,758,"[[25, [49, 1, 1, 1, 1]], [27, [4, 1, 2, 1, 1]], [29, [12, 1, 3]], [56, 2], [62, 1], [68, 1], [95, 2]]",[9.472108954137345e-06]
layer_3,759,"[[25, [7, 7, 1, 1, 1]], [27, [2, 1, 2, 2, 1]], [29, [6, 2, 3]], [56, 1], [62, 1], [68, 0], [95, 2]]",[3.6896108689875094e-05]
layer_3,760,"[[25, [7, 7, 1, 1, 1]], [27, [2, 1, 2, 1, 2]], [29, [6, 2, 3]], [56, 1], [62, 1], [68, 0], [95, 2]]",[3.686481663566304e-05]
layer_3,761,"[[25, [49, 1, 1, 1, 1]], [27, [1, 4, 2, 1, 1]], [29, [6, 3, 2]], [56, 0], [62, 0], [68, 0], [95, 2]]",[8.814403015130075e-06]
layer_3,762,"[[25, [7, 7, 1, 1, 1]], [27, [2, 1, 2, 1, 2]], [29, [6, 2, 3]], [56, 2], [62, 1], [68, 0], [95, 2]]",[3.681261946433307e-05]
layer_3,763,"[[25, [7, 7, 1, 1, 1]], [27, [2, 1, 2, 2, 1]], [29, [6, 2, 3]], [56, 2], [62, 1], [68, 0], [95, 2]]",[3.6737999735379724e-05]
layer_3,764,"[[25, [7, 7, 1, 1, 1]], [27, [2, 1, 2, 2, 1]], [29, [6, 6, 1]], [56, 2], [62, 1], [68, 0], [95, 2]]",[3.670736843607306e-05]
layer_3,765,"[[25, [49, 1, 1, 1, 1]], [27, [2, 1, 1, 2, 2]], [29, [9, 4, 1]], [56, 1], [62, 3], [68, 0], [95, 2]]",[7.011777538185085e-05]
layer_3,766,"[[25, [1, 7, 7, 1, 1]], [27, [2, 2, 2, 1, 1]], [29, [9, 2, 2]], [56, 0], [62, 0], [68, 3], [95, 0]]",[1.2570883916083917e-05]
layer_3,767,"[[25, [7, 7, 1, 1, 1]], [27, [4, 1, 1, 2, 1]], [29, [36, 1, 1]], [56, 2], [62, 1], [68, 2], [95, 4]]",[5.320903591749644e-05]
layer_3,768,"[[25, [49, 1, 1, 1, 1]], [27, [1, 4, 2, 1, 1]], [29, [6, 3, 2]], [56, 2], [62, 0], [68, 1], [95, 2]]",[8.28177014817492e-06]
layer_3,769,"[[25, [49, 1, 1, 1, 1]], [27, [1, 4, 2, 1, 1]], [29, [6, 6, 1]], [56, 1], [62, 0], [68, 1], [95, 2]]",[7.97190125029864e-06]
layer_3,770,"[[25, [49, 1, 1, 1, 1]], [27, [1, 4, 2, 1, 1]], [29, [6, 3, 2]], [56, 1], [62, 0], [68, 1], [95, 2]]",[7.996551015512555e-06]
layer_3,771,"[[25, [49, 1, 1, 1, 1]], [27, [1, 4, 2, 1, 1]], [29, [6, 3, 2]], [56, 2], [62, 1], [68, 1], [95, 2]]",[8.31309840425532e-06]
layer_3,772,"[[25, [49, 1, 1, 1, 1]], [27, [4, 1, 2, 1, 1]], [29, [6, 3, 2]], [56, 1], [62, 1], [68, 1], [95, 2]]",[8.686549194089993e-06]
layer_3,773,"[[25, [49, 1, 1, 1, 1]], [27, [4, 1, 2, 1, 1]], [29, [6, 3, 2]], [56, 2], [62, 0], [68, 0], [95, 2]]",[8.3448997330664e-06]
layer_3,774,"[[25, [49, 1, 1, 1, 1]], [27, [1, 4, 2, 1, 1]], [29, [6, 6, 1]], [56, 1], [62, 1], [68, 1], [95, 2]]",[8.876351102336296e-06]
layer_3,775,"[[25, [49, 1, 1, 1, 1]], [27, [1, 4, 2, 1, 1]], [29, [6, 6, 1]], [56, 2], [62, 1], [68, 0], [95, 3]]",[8.188179381757271e-06]
layer_3,776,"[[25, [49, 1, 1, 1, 1]], [27, [1, 4, 2, 1, 1]], [29, [6, 2, 3]], [56, 2], [62, 1], [68, 0], [95, 3]]",[8.329744461102783e-06]
layer_3,777,"[[25, [49, 1, 1, 1, 1]], [27, [1, 4, 2, 1, 1]], [29, [6, 2, 3]], [56, 1], [62, 0], [68, 0], [95, 3]]",[9.244214160273594e-06]
layer_3,778,"[[25, [7, 7, 1, 1, 1]], [27, [4, 1, 2, 1, 1]], [29, [6, 2, 3]], [56, 1], [62, 1], [68, 0], [95, 3]]",[8.598107204264098e-06]
layer_3,779,"[[25, [49, 1, 1, 1, 1]], [27, [1, 4, 2, 1, 1]], [29, [6, 2, 3]], [56, 1], [62, 1], [68, 0], [95, 3]]",[8.351126028298783e-06]
layer_3,780,"[[25, [49, 1, 1, 1, 1]], [27, [1, 4, 2, 1, 1]], [29, [6, 6, 1]], [56, 1], [62, 1], [68, 0], [95, 3]]",[8.482177014419e-06]
layer_3,781,"[[25, [49, 1, 1, 1, 1]], [27, [1, 4, 2, 1, 1]], [29, [6, 6, 1]], [56, 2], [62, 2], [68, 1], [95, 2]]",[8.873992513984864e-06]
layer_3,782,"[[25, [49, 1, 1, 1, 1]], [27, [1, 4, 2, 1, 1]], [29, [6, 2, 3]], [56, 1], [62, 2], [68, 1], [95, 2]]",[9.086264817932134e-06]
layer_3,783,"[[25, [49, 1, 1, 1, 1]], [27, [1, 4, 2, 1, 1]], [29, [6, 6, 1]], [56, 2], [62, 2], [68, 0], [95, 2]]",[2.4574892424242424e-05]
layer_3,784,"[[25, [49, 1, 1, 1, 1]], [27, [1, 4, 2, 1, 1]], [29, [6, 2, 3]], [56, 1], [62, 2], [68, 0], [95, 3]]",[8.978030304730906e-06]
layer_3,785,"[[25, [49, 1, 1, 1, 1]], [27, [1, 4, 2, 1, 1]], [29, [6, 3, 2]], [56, 0], [62, 0], [68, 1], [95, 2]]",[8.760256877693073e-06]
layer_3,786,"[[25, [7, 7, 1, 1, 1]], [27, [4, 1, 2, 1, 1]], [29, [6, 2, 3]], [56, 1], [62, 2], [68, 0], [95, 3]]",[9.029792378082803e-06]
layer_3,787,"[[25, [49, 1, 1, 1, 1]], [27, [4, 1, 2, 1, 1]], [29, [6, 6, 1]], [56, 1], [62, 2], [68, 0], [95, 3]]",[8.897105519624346e-06]
layer_3,788,"[[25, [49, 1, 1, 1, 1]], [27, [1, 4, 2, 1, 1]], [29, [6, 6, 1]], [56, 0], [62, 1], [68, 0], [95, 3]]",[9.313182764363031e-06]
layer_3,789,"[[25, [49, 1, 1, 1, 1]], [27, [1, 4, 2, 1, 1]], [29, [6, 6, 1]], [56, 0], [62, 1], [68, 0], [95, 2]]",[9.314298206646924e-06]
layer_3,790,"[[25, [49, 1, 1, 1, 1]], [27, [4, 1, 2, 1, 1]], [29, [12, 3, 1]], [56, 2], [62, 1], [68, 1], [95, 2]]",[9.702669085457272e-06]
layer_3,791,"[[25, [49, 1, 1, 1, 1]], [27, [1, 4, 2, 1, 1]], [29, [6, 6, 1]], [56, 2], [62, 0], [68, 3], [95, 2]]",[10000000000]
layer_3,792,"[[25, [7, 7, 1, 1, 1]], [27, [4, 1, 2, 1, 1]], [29, [6, 6, 1]], [56, 2], [62, 2], [68, 1], [95, 2]]",[9.311300495814027e-06]
layer_3,793,"[[25, [7, 7, 1, 1, 1]], [27, [4, 1, 2, 1, 1]], [29, [6, 3, 2]], [56, 1], [62, 2], [68, 1], [95, 2]]",[9.42996487331359e-06]
layer_3,794,"[[25, [49, 1, 1, 1, 1]], [27, [1, 4, 2, 1, 1]], [29, [12, 3, 1]], [56, 2], [62, 1], [68, 1], [95, 2]]",[9.692913831540176e-06]
layer_3,795,"[[25, [49, 1, 1, 1, 1]], [27, [1, 4, 2, 1, 1]], [29, [6, 3, 2]], [56, 2], [62, 3], [68, 1], [95, 2]]",[1.1266421396396397e-05]
layer_3,796,"[[25, [49, 1, 1, 1, 1]], [27, [1, 4, 2, 1, 1]], [29, [6, 6, 1]], [56, 1], [62, 0], [68, 3], [95, 2]]",[10000000000]
layer_3,797,"[[25, [49, 1, 1, 1, 1]], [27, [1, 4, 2, 1, 1]], [29, [6, 2, 3]], [56, 1], [62, 0], [68, 3], [95, 2]]",[10000000000]
layer_3,798,"[[25, [49, 1, 1, 1, 1]], [27, [1, 4, 2, 1, 1]], [29, [6, 3, 2]], [56, 1], [62, 0], [68, 3], [95, 2]]",[10000000000]
layer_3,799,"[[25, [49, 1, 1, 1, 1]], [27, [4, 1, 2, 1, 1]], [29, [12, 1, 3]], [56, 1], [62, 1], [68, 1], [95, 2]]",[9.615633040673714e-06]
layer_3,800,"[[25, [49, 1, 1, 1, 1]], [27, [1, 4, 2, 1, 1]], [29, [6, 6, 1]], [56, 2], [62, 1], [68, 3], [95, 2]]",[10000000000]
layer_3,801,"[[25, [49, 1, 1, 1, 1]], [27, [1, 4, 2, 1, 1]], [29, [6, 2, 3]], [56, 2], [62, 1], [68, 3], [95, 2]]",[10000000000]
layer_3,802,"[[25, [49, 1, 1, 1, 1]], [27, [1, 4, 2, 1, 1]], [29, [6, 2, 3]], [56, 2], [62, 0], [68, 2], [95, 2]]",[1.0957679359666572e-05]
layer_3,803,"[[25, [49, 1, 1, 1, 1]], [27, [4, 1, 2, 1, 1]], [29, [6, 2, 3]], [56, 1], [62, 3], [68, 1], [95, 2]]",[1.1395784629404618e-05]
layer_3,804,"[[25, [49, 1, 1, 1, 1]], [27, [1, 4, 2, 1, 1]], [29, [6, 2, 3]], [56, 2], [62, 3], [68, 0], [95, 3]]",[1.0954688108766234e-05]
layer_3,805,"[[25, [7, 7, 1, 1, 1]], [27, [4, 1, 2, 1, 1]], [29, [6, 2, 3]], [56, 0], [62, 2], [68, 0], [95, 2]]",[9.463997120763408e-06]
layer_3,806,"[[25, [49, 1, 1, 1, 1]], [27, [1, 4, 2, 1, 1]], [29, [12, 1, 3]], [56, 1], [62, 1], [68, 1], [95, 2]]",[9.63062177726588e-06]
layer_3,807,"[[25, [49, 1, 1, 1, 1]], [27, [4, 1, 2, 1, 1]], [29, [6, 2, 3]], [56, 0], [62, 2], [68, 1], [95, 2]]",[9.736438579836719e-06]
layer_3,808,"[[25, [49, 1, 1, 1, 1]], [27, [1, 4, 2, 1, 1]], [29, [6, 6, 1]], [56, 1], [62, 3], [68, 1], [95, 2]]",[1.1387699838622915e-05]
layer_3,809,"[[25, [49, 1, 1, 1, 1]], [27, [2, 2, 2, 1, 1]], [29, [6, 3, 2]], [56, 2], [62, 3], [68, 1], [95, 2]]",[1.1926176671602689e-05]
layer_3,810,"[[25, [49, 1, 1, 1, 1]], [27, [2, 2, 2, 1, 1]], [29, [6, 6, 1]], [56, 2], [62, 3], [68, 1], [95, 2]]",[1.1280278351559335e-05]
layer_3,811,"[[25, [49, 1, 1, 1, 1]], [27, [2, 2, 2, 1, 1]], [29, [6, 6, 1]], [56, 1], [62, 3], [68, 1], [95, 2]]",[1.1367774721119305e-05]
layer_3,812,"[[25, [49, 1, 1, 1, 1]], [27, [2, 2, 2, 1, 1]], [29, [6, 3, 2]], [56, 1], [62, 3], [68, 1], [95, 2]]",[1.1408330295666263e-05]
layer_3,813,"[[25, [49, 1, 1, 1, 1]], [27, [1, 4, 2, 1, 1]], [29, [6, 3, 2]], [56, 2], [62, 3], [68, 0], [95, 2]]",[1.0956056768558953e-05]
layer_3,814,"[[25, [49, 1, 1, 1, 1]], [27, [1, 4, 2, 1, 1]], [29, [6, 6, 1]], [56, 2], [62, 3], [68, 0], [95, 2]]",[1.0997355705335107e-05]
layer_3,815,"[[25, [49, 1, 1, 1, 1]], [27, [1, 4, 2, 1, 1]], [29, [6, 2, 3]], [56, 2], [62, 3], [68, 0], [95, 2]]",[1.0956758807045636e-05]
layer_3,816,"[[25, [49, 1, 1, 1, 1]], [27, [1, 4, 2, 1, 1]], [29, [6, 2, 3]], [56, 1], [62, 1], [68, 3], [95, 2]]",[10000000000]
layer_3,817,"[[25, [49, 1, 1, 1, 1]], [27, [1, 4, 2, 1, 1]], [29, [6, 3, 2]], [56, 1], [62, 0], [68, 2], [95, 2]]",[1.1087467405764967e-05]
layer_3,818,"[[25, [49, 1, 1, 1, 1]], [27, [1, 4, 2, 1, 1]], [29, [6, 6, 1]], [56, 1], [62, 0], [68, 2], [95, 2]]",[1.1089392871607939e-05]
layer_3,819,"[[25, [1, 7, 7, 1, 1]], [27, [4, 2, 1, 1, 1]], [29, [6, 3, 2]], [56, 2], [62, 0], [68, 0], [95, 3]]",[8.971113410852713e-06]
layer_3,820,"[[25, [49, 1, 1, 1, 1]], [27, [4, 1, 2, 1, 1]], [29, [6, 3, 2]], [56, 0], [62, 1], [68, 0], [95, 3]]",[9.324306990342873e-06]
layer_3,821,"[[25, [49, 1, 1, 1, 1]], [27, [4, 1, 2, 1, 1]], [29, [6, 2, 3]], [56, 0], [62, 1], [68, 0], [95, 3]]",[9.201158358012505e-06]
layer_3,822,"[[25, [49, 1, 1, 1, 1]], [27, [1, 4, 2, 1, 1]], [29, [6, 6, 1]], [56, 1], [62, 3], [68, 0], [95, 3]]",[1.1254457121340488e-05]
layer_3,823,"[[25, [49, 1, 1, 1, 1]], [27, [1, 4, 2, 1, 1]], [29, [6, 3, 2]], [56, 1], [62, 3], [68, 0], [95, 3]]",[1.096217061563386e-05]
layer_3,824,"[[25, [49, 1, 1, 1, 1]], [27, [1, 4, 2, 1, 1]], [29, [6, 2, 3]], [56, 2], [62, 1], [68, 2], [95, 2]]",[1.591234365448505e-05]
layer_3,825,"[[25, [49, 1, 1, 1, 1]], [27, [1, 4, 2, 1, 1]], [29, [6, 3, 2]], [56, 0], [62, 2], [68, 0], [95, 2]]",[9.778121586048043e-06]
layer_3,826,"[[25, [7, 7, 1, 1, 1]], [27, [4, 1, 2, 1, 1]], [29, [6, 3, 2]], [56, 2], [62, 3], [68, 0], [95, 3]]",[1.0932309740785744e-05]
layer_3,827,"[[25, [49, 1, 1, 1, 1]], [27, [4, 1, 2, 1, 1]], [29, [6, 2, 3]], [56, 2], [62, 3], [68, 0], [95, 3]]",[1.0958720955020251e-05]
layer_3,828,"[[25, [7, 7, 1, 1, 1]], [27, [2, 2, 2, 1, 1]], [29, [6, 3, 2]], [56, 0], [62, 2], [68, 0], [95, 3]]",[9.43917305524239e-06]
layer_3,829,"[[25, [1, 49, 1, 1, 1]], [27, [2, 1, 2, 2, 1]], [29, [3, 4, 3]], [56, 0], [62, 3], [68, 0], [95, 4]]",[2.6736684778344447e-05]
layer_3,830,"[[25, [7, 7, 1, 1, 1]], [27, [2, 1, 1, 4, 1]], [29, [4, 3, 3]], [56, 1], [62, 0], [68, 1], [95, 4]]",[3.173634787680821e-05]
layer_3,831,"[[25, [49, 1, 1, 1, 1]], [27, [1, 1, 2, 1, 4]], [29, [6, 2, 3]], [56, 0], [62, 1], [68, 1], [95, 4]]",[3.9259891116680586e-05]
layer_3,832,"[[25, [49, 1, 1, 1, 1]], [27, [1, 4, 2, 1, 1]], [29, [6, 3, 2]], [56, 1], [62, 1], [68, 1], [95, 2]]",[9.000349643580041e-06]
layer_3,833,"[[25, [7, 7, 1, 1, 1]], [27, [4, 1, 2, 1, 1]], [29, [6, 3, 2]], [56, 1], [62, 0], [68, 0], [95, 3]]",[8.332186733403001e-06]
layer_3,834,"[[25, [49, 1, 1, 1, 1]], [27, [4, 1, 2, 1, 1]], [29, [6, 6, 1]], [56, 1], [62, 1], [68, 3], [95, 3]]",[10000000000]
layer_3,835,"[[25, [49, 1, 1, 1, 1]], [27, [1, 4, 2, 1, 1]], [29, [6, 6, 1]], [56, 0], [62, 0], [68, 1], [95, 2]]",[8.724763061968409e-06]
layer_3,836,"[[25, [49, 1, 1, 1, 1]], [27, [4, 1, 2, 1, 1]], [29, [6, 2, 3]], [56, 1], [62, 0], [68, 0], [95, 3]]",[8.948038730255165e-06]
layer_3,837,"[[25, [7, 7, 1, 1, 1]], [27, [4, 1, 2, 1, 1]], [29, [6, 3, 2]], [56, 1], [62, 0], [68, 3], [95, 2]]",[10000000000]
layer_3,838,"[[25, [7, 7, 1, 1, 1]], [27, [4, 1, 2, 1, 1]], [29, [6, 2, 3]], [56, 1], [62, 0], [68, 3], [95, 2]]",[10000000000]
layer_3,839,"[[25, [7, 7, 1, 1, 1]], [27, [4, 1, 2, 1, 1]], [29, [6, 2, 3]], [56, 2], [62, 0], [68, 3], [95, 2]]",[10000000000]
layer_3,840,"[[25, [7, 7, 1, 1, 1]], [27, [4, 1, 2, 1, 1]], [29, [6, 6, 1]], [56, 2], [62, 0], [68, 3], [95, 2]]",[10000000000]
layer_3,841,"[[25, [7, 7, 1, 1, 1]], [27, [4, 1, 2, 1, 1]], [29, [6, 3, 2]], [56, 2], [62, 0], [68, 3], [95, 2]]",[10000000000]
layer_3,842,"[[25, [49, 1, 1, 1, 1]], [27, [1, 4, 2, 1, 1]], [29, [6, 3, 2]], [56, 2], [62, 2], [68, 1], [95, 2]]",[8.876511561973954e-06]
layer_3,843,"[[25, [49, 1, 1, 1, 1]], [27, [1, 4, 2, 1, 1]], [29, [6, 3, 2]], [56, 1], [62, 2], [68, 1], [95, 2]]",[9.078190661823337e-06]
layer_3,844,"[[25, [49, 1, 1, 1, 1]], [27, [1, 4, 2, 1, 1]], [29, [6, 6, 1]], [56, 0], [62, 1], [68, 1], [95, 2]]",[9.127847502536927e-06]
layer_3,845,"[[25, [7, 7, 1, 1, 1]], [27, [4, 1, 2, 1, 1]], [29, [6, 2, 3]], [56, 1], [62, 1], [68, 1], [95, 2]]",[9.534985027022238e-06]
layer_3,846,"[[25, [7, 7, 1, 1, 1]], [27, [4, 1, 2, 1, 1]], [29, [6, 3, 2]], [56, 1], [62, 1], [68, 1], [95, 2]]",[9.490485347179443e-06]
layer_3,847,"[[25, [49, 1, 1, 1, 1]], [27, [1, 4, 2, 1, 1]], [29, [6, 2, 3]], [56, 2], [62, 0], [68, 3], [95, 2]]",[10000000000]
layer_3,848,"[[25, [49, 1, 1, 1, 1]], [27, [1, 4, 2, 1, 1]], [29, [6, 3, 2]], [56, 2], [62, 0], [68, 3], [95, 2]]",[10000000000]
layer_3,849,"[[25, [7, 7, 1, 1, 1]], [27, [4, 1, 2, 1, 1]], [29, [6, 3, 2]], [56, 0], [62, 0], [68, 0], [95, 3]]",[8.81863689269024e-06]
layer_3,850,"[[25, [49, 1, 1, 1, 1]], [27, [1, 4, 2, 1, 1]], [29, [6, 2, 3]], [56, 0], [62, 0], [68, 0], [95, 3]]",[9.713017960399508e-06]
layer_3,851,"[[25, [7, 7, 1, 1, 1]], [27, [4, 1, 2, 1, 1]], [29, [6, 2, 3]], [56, 2], [62, 0], [68, 3], [95, 3]]",[10000000000]
layer_3,852,"[[25, [7, 7, 1, 1, 1]], [27, [2, 2, 2, 1, 1]], [29, [6, 3, 2]], [56, 2], [62, 0], [68, 3], [95, 2]]",[10000000000]
layer_3,853,"[[25, [7, 7, 1, 1, 1]], [27, [2, 2, 2, 1, 1]], [29, [6, 3, 2]], [56, 2], [62, 1], [68, 3], [95, 3]]",[10000000000]
layer_3,854,"[[25, [7, 1, 7, 1, 1]], [27, [4, 2, 1, 1, 1]], [29, [6, 2, 3]], [56, 1], [62, 0], [68, 0], [95, 4]]",[9.590658099165626e-06]
layer_3,855,"[[25, [7, 7, 1, 1, 1]], [27, [4, 1, 2, 1, 1]], [29, [6, 2, 3]], [56, 2], [62, 1], [68, 3], [95, 3]]",[10000000000]
layer_3,856,"[[25, [7, 7, 1, 1, 1]], [27, [2, 2, 2, 1, 1]], [29, [6, 3, 2]], [56, 1], [62, 0], [68, 3], [95, 2]]",[10000000000]
layer_3,857,"[[25, [7, 7, 1, 1, 1]], [27, [4, 1, 2, 1, 1]], [29, [6, 6, 1]], [56, 1], [62, 1], [68, 3], [95, 2]]",[10000000000]
layer_3,858,"[[25, [49, 1, 1, 1, 1]], [27, [4, 1, 2, 1, 1]], [29, [6, 3, 2]], [56, 0], [62, 0], [68, 3], [95, 2]]",[10000000000]
layer_3,859,"[[25, [7, 7, 1, 1, 1]], [27, [4, 1, 2, 1, 1]], [29, [6, 2, 3]], [56, 1], [62, 0], [68, 3], [95, 3]]",[10000000000]
layer_3,860,"[[25, [49, 1, 1, 1, 1]], [27, [2, 2, 2, 1, 1]], [29, [6, 6, 1]], [56, 2], [62, 0], [68, 3], [95, 2]]",[10000000000]
layer_3,861,"[[25, [49, 1, 1, 1, 1]], [27, [2, 2, 2, 1, 1]], [29, [6, 2, 3]], [56, 2], [62, 0], [68, 3], [95, 2]]",[10000000000]
layer_3,862,"[[25, [7, 7, 1, 1, 1]], [27, [2, 2, 2, 1, 1]], [29, [6, 3, 2]], [56, 2], [62, 0], [68, 3], [95, 3]]",[10000000000]
layer_3,863,"[[25, [49, 1, 1, 1, 1]], [27, [2, 2, 2, 1, 1]], [29, [6, 6, 1]], [56, 1], [62, 0], [68, 3], [95, 2]]",[10000000000]
layer_3,864,"[[25, [7, 7, 1, 1, 1]], [27, [2, 2, 2, 1, 1]], [29, [6, 2, 3]], [56, 1], [62, 1], [68, 3], [95, 3]]",[10000000000]
layer_3,865,"[[25, [7, 7, 1, 1, 1]], [27, [2, 2, 2, 1, 1]], [29, [6, 3, 2]], [56, 1], [62, 1], [68, 3], [95, 3]]",[10000000000]
layer_3,866,"[[25, [49, 1, 1, 1, 1]], [27, [2, 2, 2, 1, 1]], [29, [6, 3, 2]], [56, 2], [62, 1], [68, 3], [95, 2]]",[10000000000]
layer_3,867,"[[25, [7, 7, 1, 1, 1]], [27, [4, 1, 2, 1, 1]], [29, [6, 6, 1]], [56, 1], [62, 2], [68, 1], [95, 2]]",[9.389195966228894e-06]
layer_3,868,"[[25, [49, 1, 1, 1, 1]], [27, [2, 2, 2, 1, 1]], [29, [6, 3, 2]], [56, 1], [62, 1], [68, 3], [95, 2]]",[10000000000]
layer_3,869,"[[25, [49, 1, 1, 1, 1]], [27, [4, 1, 2, 1, 1]], [29, [6, 2, 3]], [56, 0], [62, 1], [68, 3], [95, 2]]",[10000000000]
layer_3,870,"[[25, [49, 1, 1, 1, 1]], [27, [4, 1, 2, 1, 1]], [29, [6, 6, 1]], [56, 0], [62, 1], [68, 3], [95, 2]]",[10000000000]
layer_3,871,"[[25, [49, 1, 1, 1, 1]], [27, [2, 2, 2, 1, 1]], [29, [6, 6, 1]], [56, 2], [62, 1], [68, 3], [95, 3]]",[10000000000]
layer_3,872,"[[25, [7, 7, 1, 1, 1]], [27, [4, 1, 2, 1, 1]], [29, [6, 3, 2]], [56, 0], [62, 0], [68, 3], [95, 2]]",[10000000000]
layer_3,873,"[[25, [49, 1, 1, 1, 1]], [27, [2, 2, 2, 1, 1]], [29, [6, 2, 3]], [56, 1], [62, 1], [68, 3], [95, 3]]",[10000000000]
layer_3,874,"[[25, [49, 1, 1, 1, 1]], [27, [1, 4, 2, 1, 1]], [29, [6, 6, 1]], [56, 0], [62, 2], [68, 0], [95, 3]]",[9.661667837386952e-06]
layer_3,875,"[[25, [7, 7, 1, 1, 1]], [27, [2, 2, 2, 1, 1]], [29, [6, 6, 1]], [56, 2], [62, 1], [68, 3], [95, 2]]",[10000000000]
layer_3,876,"[[25, [7, 7, 1, 1, 1]], [27, [2, 2, 2, 1, 1]], [29, [6, 3, 2]], [56, 2], [62, 1], [68, 3], [95, 2]]",[10000000000]
layer_3,877,"[[25, [7, 1, 7, 1, 1]], [27, [4, 2, 1, 1, 1]], [29, [6, 3, 2]], [56, 1], [62, 0], [68, 0], [95, 2]]",[9.524824133959422e-06]
layer_3,878,"[[25, [7, 7, 1, 1, 1]], [27, [4, 1, 2, 1, 1]], [29, [6, 2, 3]], [56, 2], [62, 2], [68, 3], [95, 3]]",[10000000000]
layer_3,879,"[[25, [49, 1, 1, 1, 1]], [27, [1, 4, 2, 1, 1]], [29, [6, 3, 2]], [56, 2], [62, 1], [68, 3], [95, 3]]",[10000000000]
layer_3,880,"[[25, [49, 1, 1, 1, 1]], [27, [1, 4, 2, 1, 1]], [29, [6, 6, 1]], [56, 2], [62, 1], [68, 3], [95, 3]]",[10000000000]
layer_3,881,"[[25, [7, 7, 1, 1, 1]], [27, [2, 2, 2, 1, 1]], [29, [6, 6, 1]], [56, 1], [62, 1], [68, 3], [95, 2]]",[10000000000]
layer_3,882,"[[25, [49, 1, 1, 1, 1]], [27, [1, 4, 2, 1, 1]], [29, [6, 2, 3]], [56, 1], [62, 1], [68, 3], [95, 3]]",[10000000000]
layer_3,883,"[[25, [7, 7, 1, 1, 1]], [27, [2, 1, 2, 1, 2]], [29, [6, 2, 3]], [56, 1], [62, 0], [68, 0], [95, 3]]",[9.492128188550605e-06]
layer_3,884,"[[25, [49, 1, 1, 1, 1]], [27, [1, 4, 2, 1, 1]], [29, [6, 3, 2]], [56, 1], [62, 0], [68, 3], [95, 3]]",[10000000000]
layer_3,885,"[[25, [49, 1, 1, 1, 1]], [27, [4, 1, 2, 1, 1]], [29, [6, 6, 1]], [56, 0], [62, 1], [68, 3], [95, 3]]",[10000000000]
layer_3,886,"[[25, [49, 1, 1, 1, 1]], [27, [1, 4, 2, 1, 1]], [29, [6, 6, 1]], [56, 0], [62, 0], [68, 3], [95, 2]]",[10000000000]
layer_3,887,"[[25, [7, 7, 1, 1, 1]], [27, [4, 1, 2, 1, 1]], [29, [6, 2, 3]], [56, 0], [62, 0], [68, 3], [95, 3]]",[10000000000]
layer_3,888,"[[25, [49, 1, 1, 1, 1]], [27, [1, 4, 2, 1, 1]], [29, [6, 6, 1]], [56, 0], [62, 2], [68, 0], [95, 2]]",[9.680072716916651e-06]
layer_3,889,"[[25, [7, 7, 1, 1, 1]], [27, [2, 2, 2, 1, 1]], [29, [6, 3, 2]], [56, 0], [62, 0], [68, 3], [95, 2]]",[10000000000]
layer_3,890,"[[25, [7, 7, 1, 1, 1]], [27, [2, 2, 2, 1, 1]], [29, [6, 6, 1]], [56, 1], [62, 2], [68, 3], [95, 2]]",[10000000000]
layer_3,891,"[[25, [49, 1, 1, 1, 1]], [27, [4, 1, 2, 1, 1]], [29, [6, 3, 2]], [56, 0], [62, 2], [68, 0], [95, 2]]",[9.784733098522649e-06]
layer_3,892,"[[25, [7, 7, 1, 1, 1]], [27, [4, 1, 2, 1, 1]], [29, [12, 1, 3]], [56, 1], [62, 1], [68, 1], [95, 2]]",[9.675933978719693e-06]
layer_3,893,"[[25, [1, 7, 1, 7, 1]], [27, [1, 4, 2, 1, 1]], [29, [6, 2, 3]], [56, 2], [62, 0], [68, 1], [95, 0]]",[0.00016762694261424017]
layer_3,894,"[[25, [7, 7, 1, 1, 1]], [27, [8, 1, 1, 1, 1]], [29, [2, 6, 3]], [56, 0], [62, 0], [68, 3], [95, 2]]",[5.8899693290734825e-05]
layer_3,895,"[[25, [1, 7, 7, 1, 1]], [27, [1, 2, 2, 2, 1]], [29, [36, 1, 1]], [56, 2], [62, 1], [68, 3], [95, 0]]",[10000000000]
layer_3,896,"[[25, [49, 1, 1, 1, 1]], [27, [1, 4, 2, 1, 1]], [29, [6, 3, 2]], [56, 1], [62, 0], [68, 0], [95, 2]]",[8.510099804305284e-06]
layer_3,897,"[[25, [49, 1, 1, 1, 1]], [27, [4, 1, 2, 1, 1]], [29, [6, 3, 2]], [56, 1], [62, 2], [68, 1], [95, 2]]",[9.086565457132692e-06]
layer_3,898,"[[25, [49, 1, 1, 1, 1]], [27, [4, 1, 2, 1, 1]], [29, [6, 3, 2]], [56, 2], [62, 1], [68, 3], [95, 3]]",[10000000000]
layer_3,899,"[[25, [49, 1, 1, 1, 1]], [27, [1, 4, 2, 1, 1]], [29, [6, 3, 2]], [56, 0], [62, 1], [68, 1], [95, 2]]",[9.138340303003455e-06]
layer_3,900,"[[25, [49, 1, 1, 1, 1]], [27, [4, 1, 2, 1, 1]], [29, [6, 3, 2]], [56, 0], [62, 1], [68, 1], [95, 2]]",[9.132715779215027e-06]
layer_3,901,"[[25, [7, 7, 1, 1, 1]], [27, [4, 1, 2, 1, 1]], [29, [6, 6, 1]], [56, 0], [62, 1], [68, 0], [95, 3]]",[9.370865508992647e-06]
layer_3,902,"[[25, [49, 1, 1, 1, 1]], [27, [1, 4, 2, 1, 1]], [29, [6, 6, 1]], [56, 0], [62, 0], [68, 0], [95, 3]]",[9.548375465393794e-06]
layer_3,903,"[[25, [49, 1, 1, 1, 1]], [27, [1, 1, 2, 4, 1]], [29, [6, 3, 2]], [56, 1], [62, 0], [68, 0], [95, 3]]",[3.0341363714902807e-05]
layer_3,904,"[[25, [7, 7, 1, 1, 1]], [27, [2, 2, 2, 1, 1]], [29, [6, 2, 3]], [56, 2], [62, 0], [68, 3], [95, 2]]",[10000000000]
layer_3,905,"[[25, [7, 7, 1, 1, 1]], [27, [4, 1, 2, 1, 1]], [29, [6, 6, 1]], [56, 1], [62, 0], [68, 3], [95, 3]]",[10000000000]
layer_3,906,"[[25, [7, 7, 1, 1, 1]], [27, [1, 1, 4, 1, 2]], [29, [6, 2, 3]], [56, 2], [62, 0], [68, 0], [95, 3]]",[9.366382598108084e-06]
layer_3,907,"[[25, [49, 1, 1, 1, 1]], [27, [2, 2, 2, 1, 1]], [29, [6, 3, 2]], [56, 2], [62, 0], [68, 3], [95, 2]]",[10000000000]
layer_3,908,"[[25, [49, 1, 1, 1, 1]], [27, [1, 4, 2, 1, 1]], [29, [6, 2, 3]], [56, 2], [62, 1], [68, 3], [95, 3]]",[10000000000]
layer_3,909,"[[25, [7, 7, 1, 1, 1]], [27, [2, 1, 2, 1, 2]], [29, [6, 3, 2]], [56, 2], [62, 0], [68, 0], [95, 3]]",[9.781855763267476e-06]
layer_3,910,"[[25, [7, 7, 1, 1, 1]], [27, [2, 2, 2, 1, 1]], [29, [6, 2, 3]], [56, 0], [62, 2], [68, 0], [95, 3]]",[9.405235935146629e-06]
layer_3,911,"[[25, [7, 7, 1, 1, 1]], [27, [4, 1, 2, 1, 1]], [29, [6, 2, 3]], [56, 1], [62, 1], [68, 3], [95, 3]]",[10000000000]
layer_3,912,"[[25, [49, 1, 1, 1, 1]], [27, [2, 2, 2, 1, 1]], [29, [6, 2, 3]], [56, 1], [62, 0], [68, 3], [95, 2]]",[10000000000]
layer_3,913,"[[25, [49, 1, 1, 1, 1]], [27, [1, 4, 2, 1, 1]], [29, [6, 3, 2]], [56, 2], [62, 0], [68, 3], [95, 3]]",[10000000000]
layer_3,914,"[[25, [49, 1, 1, 1, 1]], [27, [1, 4, 2, 1, 1]], [29, [6, 2, 3]], [56, 2], [62, 0], [68, 3], [95, 3]]",[10000000000]
layer_3,915,"[[25, [7, 7, 1, 1, 1]], [27, [1, 1, 4, 2, 1]], [29, [6, 3, 2]], [56, 1], [62, 0], [68, 0], [95, 3]]",[9.633295888464613e-06]
layer_3,916,"[[25, [49, 1, 1, 1, 1]], [27, [1, 4, 2, 1, 1]], [29, [6, 3, 2]], [56, 1], [62, 1], [68, 3], [95, 3]]",[10000000000]
layer_3,917,"[[25, [49, 1, 1, 1, 1]], [27, [4, 1, 2, 1, 1]], [29, [6, 2, 3]], [56, 1], [62, 2], [68, 3], [95, 3]]",[10000000000]
layer_3,918,"[[25, [7, 7, 1, 1, 1]], [27, [2, 2, 2, 1, 1]], [29, [6, 3, 2]], [56, 0], [62, 2], [68, 0], [95, 2]]",[9.410798883656025e-06]
layer_3,919,"[[25, [7, 7, 1, 1, 1]], [27, [4, 1, 2, 1, 1]], [29, [6, 2, 3]], [56, 2], [62, 1], [68, 3], [95, 2]]",[10000000000]
layer_3,920,"[[25, [7, 7, 1, 1, 1]], [27, [4, 1, 2, 1, 1]], [29, [6, 6, 1]], [56, 2], [62, 1], [68, 3], [95, 2]]",[10000000000]
layer_3,921,"[[25, [7, 7, 1, 1, 1]], [27, [4, 1, 2, 1, 1]], [29, [6, 2, 3]], [56, 1], [62, 1], [68, 3], [95, 2]]",[10000000000]
layer_3,922,"[[25, [7, 7, 1, 1, 1]], [27, [4, 1, 2, 1, 1]], [29, [6, 6, 1]], [56, 0], [62, 1], [68, 1], [95, 2]]",[1.0127626447693183e-05]
layer_3,923,"[[25, [49, 1, 1, 1, 1]], [27, [1, 4, 2, 1, 1]], [29, [12, 1, 3]], [56, 2], [62, 1], [68, 0], [95, 2]]",[9.935150692132469e-06]
layer_3,924,"[[25, [49, 1, 1, 1, 1]], [27, [1, 4, 2, 1, 1]], [29, [12, 3, 1]], [56, 2], [62, 1], [68, 0], [95, 2]]",[9.936303493449782e-06]
layer_3,925,"[[25, [7, 7, 1, 1, 1]], [27, [2, 2, 2, 1, 1]], [29, [6, 2, 3]], [56, 2], [62, 2], [68, 3], [95, 3]]",[10000000000]
layer_3,926,"[[25, [49, 1, 1, 1, 1]], [27, [1, 4, 2, 1, 1]], [29, [12, 3, 1]], [56, 1], [62, 1], [68, 0], [95, 2]]",[1.0073614385010577e-05]
layer_3,927,"[[25, [49, 1, 1, 1, 1]], [27, [1, 4, 2, 1, 1]], [29, [6, 3, 2]], [56, 2], [62, 2], [68, 3], [95, 3]]",[10000000000]
layer_3,928,"[[25, [49, 1, 1, 1, 1]], [27, [4, 1, 2, 1, 1]], [29, [12, 3, 1]], [56, 2], [62, 1], [68, 1], [95, 3]]",[2.0830807454401273e-05]
layer_3,929,"[[25, [49, 1, 1, 1, 1]], [27, [4, 1, 2, 1, 1]], [29, [12, 3, 1]], [56, 2], [62, 1], [68, 0], [95, 2]]",[9.861681491981925e-06]
layer_3,930,"[[25, [49, 1, 1, 1, 1]], [27, [1, 4, 2, 1, 1]], [29, [12, 1, 3]], [56, 2], [62, 1], [68, 0], [95, 3]]",[9.934467670286278e-06]
layer_3,931,"[[25, [7, 7, 1, 1, 1]], [27, [2, 2, 2, 1, 1]], [29, [6, 6, 1]], [56, 0], [62, 2], [68, 1], [95, 2]]",[9.854288186324946e-06]
layer_3,932,"[[25, [49, 1, 1, 1, 1]], [27, [1, 4, 2, 1, 1]], [29, [6, 6, 1]], [56, 1], [62, 2], [68, 3], [95, 2]]",[10000000000]
layer_3,933,"[[25, [49, 1, 1, 1, 1]], [27, [1, 4, 2, 1, 1]], [29, [6, 2, 3]], [56, 1], [62, 2], [68, 3], [95, 2]]",[10000000000]
layer_3,934,"[[25, [49, 1, 1, 1, 1]], [27, [1, 1, 4, 2, 1]], [29, [6, 3, 2]], [56, 1], [62, 0], [68, 0], [95, 3]]",[9.62787431175242e-06]
layer_3,935,"[[25, [7, 7, 1, 1, 1]], [27, [2, 2, 2, 1, 1]], [29, [12, 3, 1]], [56, 2], [62, 1], [68, 0], [95, 3]]",[1.0239485280819853e-05]
layer_3,936,"[[25, [49, 1, 1, 1, 1]], [27, [1, 4, 2, 1, 1]], [29, [6, 2, 3]], [56, 0], [62, 1], [68, 3], [95, 2]]",[10000000000]
layer_3,937,"[[25, [7, 7, 1, 1, 1]], [27, [2, 2, 2, 1, 1]], [29, [12, 1, 3]], [56, 2], [62, 0], [68, 1], [95, 2]]",[1.0081451775204102e-05]
layer_3,938,"[[25, [49, 1, 1, 1, 1]], [27, [1, 4, 2, 1, 1]], [29, [12, 3, 1]], [56, 1], [62, 0], [68, 1], [95, 2]]",[9.130447240187827e-06]
layer_3,939,"[[25, [49, 1, 1, 1, 1]], [27, [2, 2, 2, 1, 1]], [29, [6, 6, 1]], [56, 2], [62, 2], [68, 3], [95, 3]]",[10000000000]
layer_3,940,"[[25, [49, 1, 1, 1, 1]], [27, [2, 2, 2, 1, 1]], [29, [6, 2, 3]], [56, 2], [62, 2], [68, 3], [95, 2]]",[10000000000]
layer_3,941,"[[25, [49, 1, 1, 1, 1]], [27, [2, 2, 2, 1, 1]], [29, [6, 3, 2]], [56, 2], [62, 2], [68, 3], [95, 2]]",[10000000000]
layer_3,942,"[[25, [49, 1, 1, 1, 1]], [27, [2, 2, 2, 1, 1]], [29, [6, 6, 1]], [56, 2], [62, 2], [68, 3], [95, 2]]",[10000000000]
layer_3,943,"[[25, [49, 1, 1, 1, 1]], [27, [4, 1, 2, 1, 1]], [29, [12, 3, 1]], [56, 2], [62, 1], [68, 0], [95, 3]]",[9.884701158154548e-06]
layer_3,944,"[[25, [7, 7, 1, 1, 1]], [27, [4, 1, 2, 1, 1]], [29, [6, 2, 3]], [56, 0], [62, 1], [68, 3], [95, 3]]",[10000000000]
layer_3,945,"[[25, [1, 49, 1, 1, 1]], [27, [2, 2, 2, 1, 1]], [29, [6, 3, 2]], [56, 2], [62, 1], [68, 0], [95, 3]]",[8.30004673534313e-06]
layer_3,946,"[[25, [49, 1, 1, 1, 1]], [27, [1, 1, 4, 2, 1]], [29, [6, 3, 2]], [56, 2], [62, 0], [68, 0], [95, 3]]",[9.457523858726281e-06]
layer_3,947,"[[25, [1, 49, 1, 1, 1]], [27, [4, 1, 2, 1, 1]], [29, [6, 3, 2]], [56, 2], [62, 1], [68, 0], [95, 3]]",[8.30437372490951e-06]
layer_3,948,"[[25, [49, 1, 1, 1, 1]], [27, [4, 1, 2, 1, 1]], [29, [6, 2, 3]], [56, 0], [62, 1], [68, 3], [95, 3]]",[10000000000]
layer_3,949,"[[25, [49, 1, 1, 1, 1]], [27, [4, 1, 2, 1, 1]], [29, [12, 1, 3]], [56, 1], [62, 1], [68, 0], [95, 3]]",[9.976720921954259e-06]
layer_3,950,"[[25, [49, 1, 1, 1, 1]], [27, [1, 1, 8, 1, 1]], [29, [6, 2, 3]], [56, 2], [62, 0], [68, 0], [95, 3]]",[1.095652135556751e-05]
layer_3,951,"[[25, [49, 1, 1, 1, 1]], [27, [4, 1, 2, 1, 1]], [29, [12, 3, 1]], [56, 2], [62, 0], [68, 1], [95, 2]]",[9.245383006999202e-06]
layer_3,952,"[[25, [49, 1, 1, 1, 1]], [27, [4, 1, 2, 1, 1]], [29, [12, 1, 3]], [56, 2], [62, 0], [68, 1], [95, 2]]",[9.865389061642583e-06]
layer_3,953,"[[25, [49, 1, 1, 1, 1]], [27, [2, 2, 2, 1, 1]], [29, [6, 2, 3]], [56, 2], [62, 0], [68, 0], [95, 3]]",[8.831594463252155e-06]
layer_3,954,"[[25, [1, 49, 1, 1, 1]], [27, [4, 1, 2, 1, 1]], [29, [6, 6, 1]], [56, 1], [62, 1], [68, 0], [95, 3]]",[8.597655949105916e-06]
layer_3,955,"[[25, [49, 1, 1, 1, 1]], [27, [4, 1, 2, 1, 1]], [29, [12, 1, 3]], [56, 1], [62, 0], [68, 1], [95, 2]]",[1.0342480956133437e-05]
layer_3,956,"[[25, [49, 1, 1, 1, 1]], [27, [4, 1, 2, 1, 1]], [29, [12, 3, 1]], [56, 1], [62, 0], [68, 1], [95, 2]]",[9.124860115431348e-06]
layer_3,957,"[[25, [7, 1, 7, 1, 1]], [27, [4, 1, 1, 2, 1]], [29, [4, 9, 1]], [56, 0], [62, 2], [68, 1], [95, 1]]",[4.1377886389521644e-05]
layer_3,958,"[[25, [7, 1, 7, 1, 1]], [27, [4, 1, 1, 2, 1]], [29, [6, 2, 3]], [56, 2], [62, 1], [68, 3], [95, 2]]",[10000000000]
layer_3,959,"[[25, [49, 1, 1, 1, 1]], [27, [2, 4, 1, 1, 1]], [29, [3, 12, 1]], [56, 2], [62, 0], [68, 2], [95, 1]]",[6.983005761124123e-05]
layer_3,960,"[[25, [1, 49, 1, 1, 1]], [27, [2, 2, 2, 1, 1]], [29, [6, 3, 2]], [56, 1], [62, 1], [68, 0], [95, 3]]",[9.072903780846729e-06]
layer_3,961,"[[25, [1, 49, 1, 1, 1]], [27, [4, 1, 2, 1, 1]], [29, [6, 6, 1]], [56, 2], [62, 1], [68, 0], [95, 3]]",[8.277779040016376e-06]
layer_3,962,"[[25, [1, 49, 1, 1, 1]], [27, [4, 1, 2, 1, 1]], [29, [6, 2, 3]], [56, 1], [62, 1], [68, 0], [95, 3]]",[8.550349539322146e-06]
layer_3,963,"[[25, [1, 49, 1, 1, 1]], [27, [4, 1, 2, 1, 1]], [29, [6, 3, 2]], [56, 2], [62, 0], [68, 0], [95, 3]]",[8.080262095145789e-06]
layer_3,964,"[[25, [49, 1, 1, 1, 1]], [27, [4, 1, 2, 1, 1]], [29, [6, 3, 2]], [56, 1], [62, 1], [68, 3], [95, 3]]",[10000000000]
layer_3,965,"[[25, [1, 49, 1, 1, 1]], [27, [4, 1, 2, 1, 1]], [29, [6, 3, 2]], [56, 1], [62, 0], [68, 0], [95, 3]]",[8.069512985965479e-06]
layer_3,966,"[[25, [1, 49, 1, 1, 1]], [27, [4, 1, 2, 1, 1]], [29, [6, 2, 3]], [56, 1], [62, 0], [68, 0], [95, 3]]",[9.1975827943652e-06]
layer_3,967,"[[25, [1, 49, 1, 1, 1]], [27, [2, 2, 2, 1, 1]], [29, [6, 2, 3]], [56, 1], [62, 1], [68, 0], [95, 2]]",[8.587702253448719e-06]
layer_3,968,"[[25, [1, 49, 1, 1, 1]], [27, [2, 2, 2, 1, 1]], [29, [6, 3, 2]], [56, 1], [62, 0], [68, 0], [95, 2]]",[8.414171095740809e-06]
layer_3,969,"[[25, [1, 49, 1, 1, 1]], [27, [1, 4, 2, 1, 1]], [29, [6, 2, 3]], [56, 2], [62, 1], [68, 0], [95, 3]]",[8.334593323373346e-06]
layer_3,970,"[[25, [1, 49, 1, 1, 1]], [27, [1, 4, 2, 1, 1]], [29, [6, 3, 2]], [56, 2], [62, 1], [68, 0], [95, 3]]",[8.185856470230863e-06]
layer_3,971,"[[25, [1, 49, 1, 1, 1]], [27, [4, 1, 2, 1, 1]], [29, [6, 3, 2]], [56, 2], [62, 1], [68, 1], [95, 2]]",[8.620431402964496e-06]
layer_3,972,"[[25, [7, 7, 1, 1, 1]], [27, [1, 4, 2, 1, 1]], [29, [6, 3, 2]], [56, 2], [62, 0], [68, 1], [95, 2]]",[7.859635555893074e-06]
layer_3,973,"[[25, [7, 7, 1, 1, 1]], [27, [1, 4, 2, 1, 1]], [29, [6, 6, 1]], [56, 1], [62, 0], [68, 1], [95, 2]]",[8.14627437727825e-06]
layer_3,974,"[[25, [7, 7, 1, 1, 1]], [27, [1, 4, 2, 1, 1]], [29, [6, 2, 3]], [56, 1], [62, 0], [68, 1], [95, 2]]",[8.010164584334454e-06]
layer_3,975,"[[25, [7, 7, 1, 1, 1]], [27, [1, 4, 2, 1, 1]], [29, [6, 3, 2]], [56, 1], [62, 0], [68, 1], [95, 2]]",[8.010314802947773e-06]
layer_3,976,"[[25, [1, 49, 1, 1, 1]], [27, [4, 1, 2, 1, 1]], [29, [6, 3, 2]], [56, 2], [62, 2], [68, 0], [95, 3]]",[8.937575002209849e-06]
layer_3,977,"[[25, [1, 49, 1, 1, 1]], [27, [4, 1, 2, 1, 1]], [29, [6, 2, 3]], [56, 1], [62, 0], [68, 1], [95, 2]]",[8.307222095486394e-06]
layer_3,978,"[[25, [1, 49, 1, 1, 1]], [27, [4, 1, 2, 1, 1]], [29, [6, 3, 2]], [56, 2], [62, 1], [68, 0], [95, 2]]",[8.302818955042527e-06]
layer_3,979,"[[25, [1, 49, 1, 1, 1]], [27, [2, 2, 2, 1, 1]], [29, [6, 3, 2]], [56, 0], [62, 1], [68, 0], [95, 3]]",[9.11440885159592e-06]
layer_3,980,"[[25, [1, 49, 1, 1, 1]], [27, [4, 1, 2, 1, 1]], [29, [6, 3, 2]], [56, 2], [62, 0], [68, 0], [95, 2]]",[8.08324142619731e-06]
layer_3,981,"[[25, [1, 49, 1, 1, 1]], [27, [1, 4, 2, 1, 1]], [29, [6, 2, 3]], [56, 1], [62, 1], [68, 0], [95, 3]]",[8.407370208473438e-06]
layer_3,982,"[[25, [1, 49, 1, 1, 1]], [27, [1, 4, 2, 1, 1]], [29, [6, 6, 1]], [56, 1], [62, 1], [68, 0], [95, 3]]",[8.483024925962488e-06]
layer_3,983,"[[25, [1, 49, 1, 1, 1]], [27, [4, 1, 2, 1, 1]], [29, [6, 2, 3]], [56, 1], [62, 2], [68, 0], [95, 3]]",[9.034156806069912e-06]
layer_3,984,"[[25, [1, 49, 1, 1, 1]], [27, [4, 1, 2, 1, 1]], [29, [6, 3, 2]], [56, 1], [62, 2], [68, 0], [95, 3]]",[9.031257915014799e-06]
layer_3,985,"[[25, [1, 49, 1, 1, 1]], [27, [1, 4, 2, 1, 1]], [29, [6, 6, 1]], [56, 2], [62, 1], [68, 3], [95, 3]]",[10000000000]
layer_3,986,"[[25, [7, 7, 1, 1, 1]], [27, [1, 4, 2, 1, 1]], [29, [6, 6, 1]], [56, 1], [62, 0], [68, 0], [95, 2]]",[8.963201052977954e-06]
layer_3,987,"[[25, [7, 7, 1, 1, 1]], [27, [1, 4, 2, 1, 1]], [29, [6, 3, 2]], [56, 1], [62, 0], [68, 0], [95, 2]]",[8.489192579795985e-06]
layer_3,988,"[[25, [1, 49, 1, 1, 1]], [27, [2, 2, 2, 1, 1]], [29, [6, 2, 3]], [56, 2], [62, 1], [68, 1], [95, 2]]",[8.609749696233292e-06]
layer_3,989,"[[25, [1, 49, 1, 1, 1]], [27, [2, 2, 2, 1, 1]], [29, [6, 6, 1]], [56, 2], [62, 1], [68, 1], [95, 2]]",[8.499565612782594e-06]
layer_3,990,"[[25, [1, 49, 1, 1, 1]], [27, [2, 2, 2, 1, 1]], [29, [6, 2, 3]], [56, 1], [62, 1], [68, 1], [95, 2]]",[8.743236733980242e-06]
layer_3,991,"[[25, [7, 7, 1, 1, 1]], [27, [1, 4, 2, 1, 1]], [29, [6, 2, 3]], [56, 2], [62, 0], [68, 0], [95, 3]]",[8.828418218730691e-06]
layer_3,992,"[[25, [49, 1, 1, 1, 1]], [27, [4, 1, 2, 1, 1]], [29, [6, 6, 1]], [56, 2], [62, 2], [68, 3], [95, 2]]",[10000000000]
layer_3,993,"[[25, [49, 1, 1, 1, 1]], [27, [4, 1, 2, 1, 1]], [29, [6, 3, 2]], [56, 1], [62, 0], [68, 3], [95, 3]]",[10000000000]
layer_3,994,"[[25, [49, 1, 1, 1, 1]], [27, [4, 1, 2, 1, 1]], [29, [6, 6, 1]], [56, 1], [62, 0], [68, 3], [95, 3]]",[10000000000]
layer_3,995,"[[25, [49, 1, 1, 1, 1]], [27, [1, 4, 2, 1, 1]], [29, [6, 6, 1]], [56, 0], [62, 0], [68, 0], [95, 2]]",[9.583936111638504e-06]
layer_3,996,"[[25, [7, 7, 1, 1, 1]], [27, [1, 4, 2, 1, 1]], [29, [6, 6, 1]], [56, 2], [62, 1], [68, 0], [95, 3]]",[8.349017215530165e-06]
layer_3,997,"[[25, [1, 49, 1, 1, 1]], [27, [2, 2, 2, 1, 1]], [29, [6, 2, 3]], [56, 2], [62, 0], [68, 1], [95, 2]]",[8.17977171601505e-06]
layer_3,998,"[[25, [49, 1, 1, 1, 1]], [27, [1, 1, 8, 1, 1]], [29, [12, 1, 3]], [56, 1], [62, 2], [68, 1], [95, 1]]",[2.192699202551834e-05]
layer_3,999,"[[25, [7, 1, 1, 7, 1]], [27, [1, 2, 1, 2, 2]], [29, [9, 2, 2]], [56, 2], [62, 3], [68, 2], [95, 3]]",[5.010970379394361e-05]
