2025-10-07 10:34:48 [INFO] [task_scheduler.cc:160] Initializing Task #0: "main"
2025-10-07 10:34:48 [INFO] [task_scheduler.cc:35] 
# from tvm.script import ir as I
# from tvm.script import tir as T

@I.ir_module
class Module:
    @T.prim_func
    def main(A: T.Buffer((1, 128, 28, 28), "float16"), W: T.Buffer((256, 128, 1, 1), "float16"), conv2d_nchw: T.Buffer((1, 256, 14, 14), "float16")):
        T.func_attr({"tir.noalias": T.bool(True)})
        # with T.block("root"):
        pad_temp = T.alloc_buffer((1, 128, 28, 28), "float16")
        for i0, i1, i2, i3 in T.grid(1, 128, 28, 28):
            with T.block("pad_temp"):
                v_i0, v_i1, v_i2, v_i3 = T.axis.remap("SSSS", [i0, i1, i2, i3])
                T.reads(A[v_i0, v_i1, v_i2, v_i3])
                T.writes(pad_temp[v_i0, v_i1, v_i2, v_i3])
                pad_temp[v_i0, v_i1, v_i2, v_i3] = A[v_i0, v_i1, v_i2, v_i3]
        for nn, ff, yy, xx, rc, ry, rx in T.grid(1, 256, 14, 14, 128, 1, 1):
            with T.block("conv2d_nchw"):
                v_nn, v_ff, v_yy, v_xx, v_rc, v_ry, v_rx = T.axis.remap("SSSSRRR", [nn, ff, yy, xx, rc, ry, rx])
                T.reads(pad_temp[v_nn, v_rc, v_yy * 2 + v_ry, v_xx * 2 + v_rx], W[v_ff, v_rc, v_ry, v_rx])
                T.writes(conv2d_nchw[v_nn, v_ff, v_yy, v_xx])
                with T.init():
                    conv2d_nchw[v_nn, v_ff, v_yy, v_xx] = T.float16(0.0)
                conv2d_nchw[v_nn, v_ff, v_yy, v_xx] = conv2d_nchw[v_nn, v_ff, v_yy, v_xx] + pad_temp[v_nn, v_rc, v_yy * 2 + v_ry, v_xx * 2 + v_rx] * W[v_ff, v_rc, v_ry, v_rx]
2025-10-07 10:34:48 [INFO] [multi_level_tiling_tensor_core.cc:237] Sketch 0: tensorizing with wmma_sync_16x16x16_f16f16f16_trans
2025-10-07 10:34:48 [INFO] [multi_level_tiling_tensor_core.cc:237] Sketch 1: tensorizing with wmma_sync_16x16x16_f16f16f16
2025-10-07 10:34:48 [INFO] [task_scheduler.cc:164] Total 2 design space(s) generated
2025-10-07 10:34:48 [INFO] [task_scheduler.cc:170] Design space #0:
# from tvm.script import ir as I
# from tvm.script import tir as T

@I.ir_module
class Module:
    @T.prim_func
    def main(A: T.Buffer((1, 128, 28, 28), "float16"), W: T.Buffer((256, 128, 1, 1), "float16"), conv2d_nchw: T.Buffer((1, 256, 14, 14), "float16")):
        T.func_attr({"tir.noalias": T.bool(True)})
        with T.block("root"):
            T.reads()
            T.writes()
            T.block_attr({"meta_schedule.unroll_explicit": 512})
            conv2d_nchw_reindex_pad_shared_dyn = T.alloc_buffer((13, 8, 1, 2, 16, 16), "float16", scope="shared.dyn")
            conv2d_nchw_reindex_pad_shared_dyn_wmma_accumulator = T.alloc_buffer((13, 8, 1, 2, 16, 16), "float16", scope="wmma.accumulator")
            pad_temp_reindex_pad_shared_dyn = T.alloc_buffer((208, 128), "float16", scope="shared.dyn")
            W_reindex_shared_dyn = T.alloc_buffer((1, 1, 256, 128), "float16", scope="shared.dyn")
            pad_temp_reindex_pad_shared_dyn_wmma_matrix_a = T.alloc_buffer((208, 128), "float16", scope="wmma.matrix_a")
            W_reindex_shared_dyn_wmma_matrix_b = T.alloc_buffer((1, 1, 256, 128), "float16", scope="wmma.matrix_b")
            for ax0_ax1_ax2_0_0_ax3_0_0_fused in T.thread_binding(1, thread="blockIdx.y"):
                for ax2_0_1_ax3_0_1_fused in T.thread_binding(13, thread="blockIdx.x"):
                    for ax2_0_2_ax3_0_2_fused in T.thread_binding(8, thread="threadIdx.y"):
                        for ax4_0_0 in range(2):
                            for ax0_ax1_fused in range(1024):
                                with T.block("pad_temp_reindex_pad_shared.dyn"):
                                    v0 = T.axis.spatial(208, ax2_0_1_ax3_0_1_fused * 16 + ax0_ax1_fused // 64)
                                    v1 = T.axis.spatial(128, ax4_0_0 * 64 + ax0_ax1_fused % 64)
                                    T.reads(A[0, v1, v0 // 14 * 2, v0 % 14 * 2])
                                    T.writes(pad_temp_reindex_pad_shared_dyn[v0, v1])
                                    T.block_attr({"buffer_dim_align": [[0, 0, 32, 8]], "meta_schedule.cooperative_fetch": 1})
                                    pad_temp_reindex_pad_shared_dyn[v0, v1] = T.if_then_else(v0 < 196, A[0, v1, v0 // 14 * 2, v0 % 14 * 2], T.float16(0.0))
                            for ax0_ax1_ax2_ax3_fused in range(16384):
                                with T.block("W_reindex_shared.dyn"):
                                    v0 = T.axis.spatial(1, 0)
                                    v1 = T.axis.spatial(1, 0)
                                    v2 = T.axis.spatial(256, ax0_ax1_ax2_ax3_fused // 64)
                                    v3 = T.axis.spatial(128, ax4_0_0 * 64 + ax0_ax1_ax2_ax3_fused % 64)
                                    T.reads(W[v2, v3, v0, v1])
                                    T.writes(W_reindex_shared_dyn[v0, v1, v2, v3])
                                    T.block_attr({"buffer_dim_align": [[0, 2, 32, 8]], "meta_schedule.cooperative_fetch": 8})
                                    W_reindex_shared_dyn[v0, v1, v2, v3] = W[v2, v3, v0, v1]
                            for ax4_0_1 in range(1):
                                for ax0_0, ax1_0 in T.grid(1, 4):
                                    with T.block("pad_temp_reindex_pad_shared.dyn_wmma.matrix_a_o"):
                                        v0_o = T.axis.spatial(13, ax2_0_1_ax3_0_1_fused + ax0_0)
                                        v1_o = T.axis.spatial(8, ax4_0_0 * 4 + ax1_0)
                                        T.reads(pad_temp_reindex_pad_shared_dyn[v0_o * 16:v0_o * 16 + 16, v1_o * 16:v1_o * 16 + 16])
                                        T.writes(pad_temp_reindex_pad_shared_dyn_wmma_matrix_a[v0_o * 16:v0_o * 16 + 16, v1_o * 16:v1_o * 16 + 16])
                                        T.block_attr({"meta_schedule.auto_tensorize": "wmma_load_16x16x16_f16_a_shared_dyn"})
                                        for ax0_1, ax1_1 in T.grid(16, 16):
                                            with T.block("pad_temp_reindex_pad_shared.dyn_wmma.matrix_a"):
                                                v0_i, v1_i = T.axis.remap("SS", [ax0_1, ax1_1])
                                                T.reads(pad_temp_reindex_pad_shared_dyn[v0_o * 16 + v0_i, v1_o * 16 + v1_i])
                                                T.writes(pad_temp_reindex_pad_shared_dyn_wmma_matrix_a[v0_o * 16 + v0_i, v1_o * 16 + v1_i])
                                                pad_temp_reindex_pad_shared_dyn_wmma_matrix_a[v0_o * 16 + v0_i, v1_o * 16 + v1_i] = pad_temp_reindex_pad_shared_dyn[v0_o * 16 + v0_i, v1_o * 16 + v1_i]
                                for ax0, ax1, ax2_0, ax3_0 in T.grid(1, 1, 2, 4):
                                    with T.block("W_reindex_shared.dyn_wmma.matrix_b_o"):
                                        v0_o, v1_o = T.axis.remap("SS", [ax0, ax1])
                                        v2_o = T.axis.spatial(16, ax2_0_2_ax3_0_2_fused * 2 + ax2_0)
                                        v3_o = T.axis.spatial(8, ax4_0_0 * 4 + ax3_0)
                                        T.reads(W_reindex_shared_dyn[v0_o, v1_o, v2_o * 16:v2_o * 16 + 16, v3_o * 16:v3_o * 16 + 16])
                                        T.writes(W_reindex_shared_dyn_wmma_matrix_b[v0_o, v1_o, v2_o * 16:v2_o * 16 + 16, v3_o * 16:v3_o * 16 + 16])
                                        T.block_attr({"meta_schedule.auto_tensorize": "wmma_load_16x16x16_f16_b_trans_shared_dyn"})
                                        for ax2_1, ax3_1 in T.grid(16, 16):
                                            with T.block("W_reindex_shared.dyn_wmma.matrix_b"):
                                                v2_i, v3_i = T.axis.remap("SS", [ax2_1, ax3_1])
                                                T.reads(W_reindex_shared_dyn[v0_o, v1_o, v2_o * 16 + v2_i, v3_o * 16 + v3_i])
                                                T.writes(W_reindex_shared_dyn_wmma_matrix_b[v0_o, v1_o, v2_o * 16 + v2_i, v3_o * 16 + v3_i])
                                                W_reindex_shared_dyn_wmma_matrix_b[v0_o, v1_o, v2_o * 16 + v2_i, v3_o * 16 + v3_i] = W_reindex_shared_dyn[v0_o, v1_o, v2_o * 16 + v2_i, v3_o * 16 + v3_i]
                                for ax2_0_3, ax3_0_3, ax4_0_2, ax2_0_4, ax3_0_4 in T.grid(1, 2, 4, 1, 1):
                                    with T.block("conv2d_nchw_o"):
                                        v0_o = T.axis.spatial(1, 0)
                                        v1_o = T.axis.spatial(1, 0)
                                        v2_o = T.axis.spatial(13, ax2_0_1_ax3_0_1_fused + ax2_0_3 + ax2_0_4)
                                        v3_o = T.axis.spatial(16, ax2_0_2_ax3_0_2_fused * 2 + ax3_0_3 + ax3_0_4)
                                        v4_o = T.axis.reduce(8, ax4_0_0 * 4 + ax4_0_1 * 4 + ax4_0_2)
                                        T.reads(pad_temp_reindex_pad_shared_dyn_wmma_matrix_a[v2_o * 16:v2_o * 16 + 16, v4_o * 16:v4_o * 16 + 16], W_reindex_shared_dyn_wmma_matrix_b[v0_o, v1_o, v3_o * 16:v3_o * 16 + 16, v4_o * 16:v4_o * 16 + 16])
                                        T.writes(conv2d_nchw_reindex_pad_shared_dyn_wmma_accumulator[v2_o, v3_o // 2, 0, v3_o % 2, 0:16, 0:16])
                                        T.block_attr({"meta_schedule.auto_tensorize": "wmma_sync_16x16x16_f16f16f16_trans", "meta_schedule.auto_tensorize_init": "wmma_fill_16x16x16_f16", "meta_schedule.thread_extent_high_inclusive": 1024, "meta_schedule.thread_extent_low_inclusive": 32, "warp_execution": 1})
                                        with T.init():
                                            for ax2_1, ax3_1 in T.grid(16, 16):
                                                with T.block("conv2d_nchw_init"):
                                                    v2_i_init, v3_i_init = T.axis.remap("SS", [ax2_1, ax3_1])
                                                    T.reads()
                                                    T.writes(conv2d_nchw_reindex_pad_shared_dyn_wmma_accumulator[v2_o, v3_o // 2, 0, v3_o % 2, v2_i_init, v3_i_init])
                                                    conv2d_nchw_reindex_pad_shared_dyn_wmma_accumulator[v2_o, v3_o // 2, 0, v3_o % 2, v2_i_init, v3_i_init] = T.float16(0.0)
                                        for ax2_1, ax3_1, ax4_1 in T.grid(16, 16, 16):
                                            with T.block("conv2d_nchw"):
                                                v2_i, v3_i, v4_i = T.axis.remap("SSR", [ax2_1, ax3_1, ax4_1])
                                                T.reads(conv2d_nchw_reindex_pad_shared_dyn_wmma_accumulator[v2_o, v3_o // 2, 0, v3_o % 2, v2_i, v3_i], pad_temp_reindex_pad_shared_dyn_wmma_matrix_a[v2_o * 16 + v2_i, v4_o * 16 + v4_i], W_reindex_shared_dyn_wmma_matrix_b[v0_o, v1_o, v3_o * 16 + v3_i, v4_o * 16 + v4_i])
                                                T.writes(conv2d_nchw_reindex_pad_shared_dyn_wmma_accumulator[v2_o, v3_o // 2, 0, v3_o % 2, v2_i, v3_i])
                                                T.block_attr({"meta_schedule.tiling_structure": "SSSRRSRS"})
                                                conv2d_nchw_reindex_pad_shared_dyn_wmma_accumulator[v2_o, v3_o // 2, 0, v3_o % 2, v2_i, v3_i] = conv2d_nchw_reindex_pad_shared_dyn_wmma_accumulator[v2_o, v3_o // 2, 0, v3_o % 2, v2_i, v3_i] + pad_temp_reindex_pad_shared_dyn_wmma_matrix_a[v2_o * 16 + v2_i, v4_o * 16 + v4_i] * W_reindex_shared_dyn_wmma_matrix_b[v0_o, v1_o, v3_o * 16 + v3_i, v4_o * 16 + v4_i]
                    for ax2 in range(1):
                        for ax0_ax1_fused in T.thread_binding(8, thread="threadIdx.y"):
                            for ax2_1, ax3 in T.grid(1, 2):
                                with T.block("conv2d_nchw_reindex_pad_shared.dyn_wmma.accumulator_o"):
                                    v0_o, v1_o, v2_o, v3_o = T.axis.remap("SSSS", [ax2_0_1_ax3_0_1_fused, ax0_ax1_fused, ax2_1, ax3])
                                    v4_o = T.axis.spatial(1, 0)
                                    v5_o = T.axis.spatial(1, 0)
                                    T.reads(conv2d_nchw_reindex_pad_shared_dyn_wmma_accumulator[v0_o, v1_o, v2_o, v3_o, 0:16, 0:16])
                                    T.writes(conv2d_nchw_reindex_pad_shared_dyn[v0_o, v1_o, v2_o, v3_o, 0:16, 0:16])
                                    T.block_attr({"meta_schedule.auto_tensorize": "wmma_store_16x16x16_f16_shared_dyn"})
                                    for ax4, ax5 in T.grid(16, 16):
                                        with T.block("conv2d_nchw_reindex_pad_shared.dyn_wmma.accumulator"):
                                            v4_i, v5_i = T.axis.remap("SS", [ax4, ax5])
                                            T.reads(conv2d_nchw_reindex_pad_shared_dyn_wmma_accumulator[v0_o, v1_o, v2_o, v3_o, v4_i, v5_i])
                                            T.writes(conv2d_nchw_reindex_pad_shared_dyn[v0_o, v1_o, v2_o, v3_o, v4_i, v5_i])
                                            conv2d_nchw_reindex_pad_shared_dyn[v0_o, v1_o, v2_o, v3_o, v4_i, v5_i] = conv2d_nchw_reindex_pad_shared_dyn_wmma_accumulator[v0_o, v1_o, v2_o, v3_o, v4_i, v5_i]
                        for ax0_ax1_ax3_ax4_ax5_fused in range(4096):
                            with T.block("conv2d_nchw_reindex_pad_shared.dyn"):
                                v0 = T.axis.spatial(13, ax2_0_1_ax3_0_1_fused)
                                v1 = T.axis.spatial(8, ax0_ax1_ax3_ax4_ax5_fused // 512)
                                v2 = T.axis.spatial(1, ax2)
                                v3 = T.axis.spatial(2, ax0_ax1_ax3_ax4_ax5_fused % 512 // 256)
                                v4 = T.axis.spatial(16, ax0_ax1_ax3_ax4_ax5_fused % 256 // 16)
                                v5 = T.axis.spatial(16, ax0_ax1_ax3_ax4_ax5_fused % 16)
                                T.where(ax2_0_1_ax3_0_1_fused * 16 + T.Mul(0, 16) + ax0_ax1_ax3_ax4_ax5_fused % 256 // 16 < 196)
                                T.reads(conv2d_nchw_reindex_pad_shared_dyn[v0, v1, v2, v3, v4, v5])
                                T.writes(conv2d_nchw[0, v5 + v3 * 16 + v1 * 32, (v4 + v0 * 16) // 14, (v4 + v0 * 16) % 14])
                                T.block_attr({"meta_schedule.cooperative_fetch": 4})
                                conv2d_nchw[0, v5 + v3 * 16 + v1 * 32, (v4 + v0 * 16) // 14, (v4 + v0 * 16) % 14] = conv2d_nchw_reindex_pad_shared_dyn[v0, v1, v2, v3, v4, v5]
b0 = sch.get_block(name="pad_temp", func_name="main")
b1 = sch.get_block(name="conv2d_nchw", func_name="main")
b2 = sch.get_block(name="root", func_name="main")
sch.annotate(block_or_loop=b1, ann_key="meta_schedule.tiling_structure", ann_val="SSSRRSRS")
b3 = sch.reindex(block=b1, buffer=("write", 0))
b4 = sch.reindex(block=b1, buffer=("read", 0))
b5 = sch.reindex(block=b1, buffer=("read", 1))
sch.transform_layout(block=b1, buffer=("read", 0), index_map=lambda v_nn, v_yy, v_xx, v_rc: (v_nn * 196 + v_yy * 14 + v_xx, v_rc,), pad_value=None, assume_injective_transform=True)
sch.transform_layout(block=b1, buffer=("read", 1), index_map=lambda v_ff, v_rc, v_ry, v_rx: (v_ry, v_rx, v_ff, v_rc,), pad_value=None, assume_injective_transform=True)
sch.transform_layout(block=b1, buffer=("write", 0), index_map=lambda v_nn, v_ff, v_yy, v_xx: (v_nn * 196 + v_yy * 14 + v_xx, v_ff,), pad_value=None, assume_injective_transform=True)
sch.transform_block_layout(block=b3, index_map=lambda v_nn, v_ff, v_yy, v_xx: (v_nn * 196 + v_yy * 14 + v_xx, v_ff,))
sch.transform_block_layout(block=b4, index_map=lambda v_nn, v_yy, v_xx, v_rc: (v_nn * 196 + v_yy * 14 + v_xx, v_rc,))
sch.transform_block_layout(block=b5, index_map=lambda v_ff, v_rc, v_ry, v_rx: (v_ry, v_rx, v_ff, v_rc,))
sch.transform_block_layout(block=b1, index_map=lambda v_nn, v_ff, v_yy, v_xx, v_rc, v_ry, v_rx: (v_ry, v_rx, v_nn * 196 + v_yy * 14 + v_xx, v_ff, v_rc,))
sch.pad_einsum(block=b1, padding=[1, 1, 16, 1, 1])
b6, b7 = sch.get_producers(block=b1)
b8, = sch.get_producers(block=b6)
b9, = sch.get_consumers(block=b1)
sch.compute_inline(block=b8)
sch.compute_inline(block=b9)
l10, l11, l12, l13, l14 = sch.get_loops(block=b1)
l15, l16 = sch.split(loop=l14, factors=[None, 16], preserve_unit_iters=True, disable_predication=False)
l17, l18 = sch.split(loop=l13, factors=[None, 16], preserve_unit_iters=True, disable_predication=False)
l19, l20 = sch.split(loop=l12, factors=[None, 16], preserve_unit_iters=True, disable_predication=False)
l21, l22, l23, l24, l25, l26, l27, l28 = sch.get_loops(block=b1)
sch.reorder(l25, l27, l20, l18, l16)
b29 = sch.blockize(target=l20, preserve_unit_iters=True)
sch.annotate(block_or_loop=b29, ann_key="meta_schedule.auto_tensorize", ann_val="wmma_sync_16x16x16_f16f16f16_trans")
sch.annotate(block_or_loop=b29, ann_key="meta_schedule.auto_tensorize_init", ann_val="wmma_fill_16x16x16_f16")
sch.annotate(block_or_loop=b29, ann_key="warp_execution", ann_val=1)
l30, l31, l32, l33, l34 = sch.get_loops(block=b29)
v35, v36, v37, v38, v39 = sch.sample_perfect_tile(loop=l32, n=5, max_innermost_factor=4, decision=[1, 13, 1, 1, 1])
l40, l41, l42, l43, l44 = sch.split(loop=l32, factors=[v35, v36, v37, v38, v39], preserve_unit_iters=True, disable_predication=False)
v45, v46, v47, v48, v49 = sch.sample_perfect_tile(loop=l33, n=5, max_innermost_factor=4, decision=[1, 1, 8, 2, 1])
l50, l51, l52, l53, l54 = sch.split(loop=l33, factors=[v45, v46, v47, v48, v49], preserve_unit_iters=True, disable_predication=False)
v55, v56, v57 = sch.sample_perfect_tile(loop=l34, n=3, max_innermost_factor=4, decision=[2, 1, 4])
l58, l59, l60 = sch.split(loop=l34, factors=[v55, v56, v57], preserve_unit_iters=True, disable_predication=False)
sch.reorder(l40, l50, l41, l51, l42, l52, l58, l59, l43, l53, l60, l44, l54)
l61 = sch.fuse(l30, l31, l40, l50, preserve_unit_iters=True)
sch.bind(loop=l61, thread_axis="blockIdx.y")
l62 = sch.fuse(l41, l51, preserve_unit_iters=True)
sch.bind(loop=l62, thread_axis="blockIdx.x")
l63 = sch.fuse(l42, l52, preserve_unit_iters=True)
sch.bind(loop=l63, thread_axis="threadIdx.y")
sch.annotate(block_or_loop=b29, ann_key="meta_schedule.thread_extent_low_inclusive", ann_val=32)
sch.annotate(block_or_loop=b29, ann_key="meta_schedule.thread_extent_high_inclusive", ann_val=1024)
sch.transform_layout(block=b29, buffer=("write", 0), index_map=lambda i0, i1: (i0 // 16 // (v38 * v39), i1 // 16 // (v48 * v49), i0 // 16 % (v38 * v39), i1 // 16 % (v48 * v49), i0 % 16, i1 % 16,), pad_value=None, assume_injective_transform=True)
b64 = sch.cache_write(block=b29, write_buffer_index=0, storage_scope="shared.dyn")
sch.reverse_compute_at(block=b64, loop=l62, preserve_unit_loops=True, index=-1)
b65 = sch.cache_write(block=b29, write_buffer_index=0, storage_scope="wmma.accumulator")
l66, l67, l68, l69, l70, l71, l72, l73 = sch.get_loops(block=b64)
sch.reorder(l70, l68, l69, l71)
sch.compute_at(block=b65, loop=l70, preserve_unit_loops=True, index=-1)
l74, l75, l76, l77, l78, l79, l80, l81, l82 = sch.get_loops(block=b65)
l83 = sch.fuse(l77, l78, preserve_unit_iters=True)
sch.bind(loop=l83, thread_axis="threadIdx.y")
sch.reverse_compute_inline(block=b3)
l84, l85, l86, l87, l88, l89, l90, l91 = sch.get_loops(block=b65)
b92 = sch.blockize(target=l90, preserve_unit_iters=True)
sch.annotate(block_or_loop=b92, ann_key="meta_schedule.auto_tensorize", ann_val="wmma_store_16x16x16_f16_shared_dyn")
l93, l94, l95, l96, l97, l98, l99, l100 = sch.get_loops(block=b64)
l101 = sch.fuse(l96, l97, l98, l99, l100, preserve_unit_iters=True)
v102 = sch.sample_categorical(candidates=[1, 2, 4, 8], probs=[0.25, 0.25, 0.25, 0.25], decision=2)
sch.annotate(block_or_loop=b64, ann_key="meta_schedule.cooperative_fetch", ann_val=v102)
b103 = sch.cache_read(block=b29, read_buffer_index=0, storage_scope="shared.dyn", consumer_blocks=[b29])
sch.compute_at(block=b103, loop=l58, preserve_unit_loops=True, index=-1)
l104, l105, l106, l107, l108, l109 = sch.get_loops(block=b103)
l110 = sch.fuse(l108, l109, preserve_unit_iters=True)
v111 = sch.sample_categorical(candidates=[1, 2, 4, 8], probs=[0.25, 0.25, 0.25, 0.25], decision=0)
sch.annotate(block_or_loop=b103, ann_key="meta_schedule.cooperative_fetch", ann_val=v111)
b112 = sch.cache_read(block=b29, read_buffer_index=1, storage_scope="shared.dyn", consumer_blocks=[b29])
sch.compute_at(block=b112, loop=l58, preserve_unit_loops=True, index=-1)
l113, l114, l115, l116, l117, l118, l119, l120 = sch.get_loops(block=b112)
l121 = sch.fuse(l117, l118, l119, l120, preserve_unit_iters=True)
v122 = sch.sample_categorical(candidates=[1, 2, 4, 8], probs=[0.25, 0.25, 0.25, 0.25], decision=3)
sch.annotate(block_or_loop=b112, ann_key="meta_schedule.cooperative_fetch", ann_val=v122)
b123 = sch.cache_read(block=b29, read_buffer_index=0, storage_scope="wmma.matrix_a")
sch.compute_at(block=b123, loop=l59, preserve_unit_loops=True, index=-1)
l124, l125, l126, l127, l128, l129, l130 = sch.get_loops(block=b123)
l131, l132 = sch.split(loop=l130, factors=[None, 16], preserve_unit_iters=True, disable_predication=False)
l133, l134 = sch.split(loop=l129, factors=[None, 16], preserve_unit_iters=True, disable_predication=False)
l135, l136, l137, l138, l139, l140, l141, l142, l143 = sch.get_loops(block=b123)
sch.reorder(l142, l134, l132)
b144 = sch.blockize(target=l134, preserve_unit_iters=True)
sch.annotate(block_or_loop=b144, ann_key="meta_schedule.auto_tensorize", ann_val="wmma_load_16x16x16_f16_a_shared_dyn")
b145 = sch.cache_read(block=b29, read_buffer_index=1, storage_scope="wmma.matrix_b")
sch.compute_at(block=b145, loop=l59, preserve_unit_loops=True, index=-1)
l146, l147, l148, l149, l150, l151, l152, l153, l154 = sch.get_loops(block=b145)
l155, l156 = sch.split(loop=l154, factors=[None, 16], preserve_unit_iters=True, disable_predication=False)
l157, l158 = sch.split(loop=l153, factors=[None, 16], preserve_unit_iters=True, disable_predication=False)
l159, l160, l161, l162, l163, l164, l165, l166, l167, l168, l169 = sch.get_loops(block=b145)
sch.reorder(l168, l158, l156)
b170 = sch.blockize(target=l158, preserve_unit_iters=True)
sch.annotate(block_or_loop=b170, ann_key="meta_schedule.auto_tensorize", ann_val="wmma_load_16x16x16_f16_b_trans_shared_dyn")
b171, = sch.get_producers(block=b103)
sch.compute_inline(block=b171)
sch.storage_align(block=b103, buffer_index=0, axis=-2, factor=32, offset=8)
b172, = sch.get_producers(block=b112)
sch.compute_inline(block=b172)
sch.storage_align(block=b112, buffer_index=0, axis=-2, factor=32, offset=8)
sch.compute_inline(block=b0)
v173 = sch.sample_categorical(candidates=[0, 16, 64, 512, 1024], probs=[0.20000000000000001, 0.20000000000000001, 0.20000000000000001, 0.20000000000000001, 0.20000000000000001], decision=3)
sch.annotate(block_or_loop=b2, ann_key="meta_schedule.unroll_explicit", ann_val=v173)
2025-10-07 10:34:48 [INFO] [task_scheduler.cc:170] Design space #1:
# from tvm.script import ir as I
# from tvm.script import tir as T

@I.ir_module
class Module:
    @T.prim_func
    def main(A: T.Buffer((1, 128, 28, 28), "float16"), W: T.Buffer((256, 128, 1, 1), "float16"), conv2d_nchw: T.Buffer((1, 256, 14, 14), "float16")):
        T.func_attr({"tir.noalias": T.bool(True)})
        with T.block("root"):
            T.reads()
            T.writes()
            T.block_attr({"meta_schedule.unroll_explicit": 64})
            conv2d_nchw_reindex_pad_shared_dyn = T.alloc_buffer((1, 16, 13, 1, 16, 16), "float16", scope="shared.dyn")
            conv2d_nchw_reindex_pad_shared_dyn_wmma_accumulator = T.alloc_buffer((1, 16, 13, 1, 16, 16), "float16", scope="wmma.accumulator")
            pad_temp_reindex_pad_shared_dyn = T.alloc_buffer((208, 128), "float16", scope="shared.dyn")
            W_reindex_shared_dyn = T.alloc_buffer((1, 1, 128, 256), "float16", scope="shared.dyn")
            pad_temp_reindex_pad_shared_dyn_wmma_matrix_a = T.alloc_buffer((208, 128), "float16", scope="wmma.matrix_a")
            W_reindex_shared_dyn_wmma_matrix_b = T.alloc_buffer((1, 1, 128, 256), "float16", scope="wmma.matrix_b")
            for ax0_ax1_ax2_0_0_ax3_0_0_fused in T.thread_binding(1, thread="blockIdx.y"):
                for ax2_0_1_ax3_0_1_fused in T.thread_binding(4, thread="blockIdx.x"):
                    for ax2_0_2_ax3_0_2_fused in T.thread_binding(4, thread="threadIdx.y"):
                        for ax4_0_0 in range(2):
                            for ax0_ax1_fused in range(13312):
                                with T.block("pad_temp_reindex_pad_shared.dyn"):
                                    v0 = T.axis.spatial(208, ax0_ax1_fused // 64)
                                    v1 = T.axis.spatial(128, ax4_0_0 * 64 + ax0_ax1_fused % 64)
                                    T.reads(A[0, v1, v0 // 14 * 2, v0 % 14 * 2])
                                    T.writes(pad_temp_reindex_pad_shared_dyn[v0, v1])
                                    T.block_attr({"buffer_dim_align": [[0, 0, 32, 8]], "meta_schedule.cooperative_fetch": 8})
                                    pad_temp_reindex_pad_shared_dyn[v0, v1] = T.if_then_else(v0 < 196, A[0, v1, v0 // 14 * 2, v0 % 14 * 2], T.float16(0.0))
                            for ax0_ax1_ax2_ax3_fused in range(4096):
                                with T.block("W_reindex_shared.dyn"):
                                    v0 = T.axis.spatial(1, 0)
                                    v1 = T.axis.spatial(1, 0)
                                    v2 = T.axis.spatial(128, ax4_0_0 * 64 + ax0_ax1_ax2_ax3_fused // 64)
                                    v3 = T.axis.spatial(256, ax2_0_1_ax3_0_1_fused * 64 + ax0_ax1_ax2_ax3_fused % 64)
                                    T.reads(W[v3, v2, v0, v1])
                                    T.writes(W_reindex_shared_dyn[v0, v1, v2, v3])
                                    T.block_attr({"buffer_dim_align": [[0, 2, 32, 8]], "meta_schedule.cooperative_fetch": 4})
                                    W_reindex_shared_dyn[v0, v1, v2, v3] = W[v3, v2, v0, v1]
                            for ax4_0_1 in range(1):
                                for ax0_0, ax1_0 in T.grid(13, 4):
                                    with T.block("pad_temp_reindex_pad_shared.dyn_wmma.matrix_a_o"):
                                        v0_o = T.axis.spatial(13, ax0_0)
                                        v1_o = T.axis.spatial(8, ax4_0_0 * 4 + ax1_0)
                                        T.reads(pad_temp_reindex_pad_shared_dyn[v0_o * 16:v0_o * 16 + 16, v1_o * 16:v1_o * 16 + 16])
                                        T.writes(pad_temp_reindex_pad_shared_dyn_wmma_matrix_a[v0_o * 16:v0_o * 16 + 16, v1_o * 16:v1_o * 16 + 16])
                                        T.block_attr({"meta_schedule.auto_tensorize": "wmma_load_16x16x16_f16_a_shared_dyn"})
                                        for ax0_1, ax1_1 in T.grid(16, 16):
                                            with T.block("pad_temp_reindex_pad_shared.dyn_wmma.matrix_a"):
                                                v0_i, v1_i = T.axis.remap("SS", [ax0_1, ax1_1])
                                                T.reads(pad_temp_reindex_pad_shared_dyn[v0_o * 16 + v0_i, v1_o * 16 + v1_i])
                                                T.writes(pad_temp_reindex_pad_shared_dyn_wmma_matrix_a[v0_o * 16 + v0_i, v1_o * 16 + v1_i])
                                                pad_temp_reindex_pad_shared_dyn_wmma_matrix_a[v0_o * 16 + v0_i, v1_o * 16 + v1_i] = pad_temp_reindex_pad_shared_dyn[v0_o * 16 + v0_i, v1_o * 16 + v1_i]
                                for ax0, ax1, ax2_0, ax3_0 in T.grid(1, 1, 4, 1):
                                    with T.block("W_reindex_shared.dyn_wmma.matrix_b_o"):
                                        v0_o, v1_o = T.axis.remap("SS", [ax0, ax1])
                                        v2_o = T.axis.spatial(8, ax4_0_0 * 4 + ax2_0)
                                        v3_o = T.axis.spatial(16, ax2_0_1_ax3_0_1_fused * 4 + ax2_0_2_ax3_0_2_fused + ax3_0)
                                        T.reads(W_reindex_shared_dyn[v0_o, v1_o, v2_o * 16:v2_o * 16 + 16, v3_o * 16:v3_o * 16 + 16])
                                        T.writes(W_reindex_shared_dyn_wmma_matrix_b[v0_o, v1_o, v2_o * 16:v2_o * 16 + 16, v3_o * 16:v3_o * 16 + 16])
                                        T.block_attr({"meta_schedule.auto_tensorize": "wmma_load_16x16x16_f16_b_shared_dyn"})
                                        for ax2_1, ax3_1 in T.grid(16, 16):
                                            with T.block("W_reindex_shared.dyn_wmma.matrix_b"):
                                                v2_i, v3_i = T.axis.remap("SS", [ax2_1, ax3_1])
                                                T.reads(W_reindex_shared_dyn[v0_o, v1_o, v2_o * 16 + v2_i, v3_o * 16 + v3_i])
                                                T.writes(W_reindex_shared_dyn_wmma_matrix_b[v0_o, v1_o, v2_o * 16 + v2_i, v3_o * 16 + v3_i])
                                                W_reindex_shared_dyn_wmma_matrix_b[v0_o, v1_o, v2_o * 16 + v2_i, v3_o * 16 + v3_i] = W_reindex_shared_dyn[v0_o, v1_o, v2_o * 16 + v2_i, v3_o * 16 + v3_i]
                                for ax2_0_3, ax3_0_3, ax4_0_2, ax2_0_4, ax3_0_4 in T.grid(13, 1, 4, 1, 1):
                                    with T.block("conv2d_nchw_o"):
                                        v0_o = T.axis.spatial(1, 0)
                                        v1_o = T.axis.spatial(1, 0)
                                        v2_o = T.axis.spatial(13, ax2_0_3 + ax2_0_4)
                                        v3_o = T.axis.spatial(16, ax2_0_1_ax3_0_1_fused * 4 + ax2_0_2_ax3_0_2_fused + ax3_0_3 + ax3_0_4)
                                        v4_o = T.axis.reduce(8, ax4_0_0 * 4 + ax4_0_1 * 4 + ax4_0_2)
                                        T.reads(pad_temp_reindex_pad_shared_dyn_wmma_matrix_a[v2_o * 16:v2_o * 16 + 16, v4_o * 16:v4_o * 16 + 16], W_reindex_shared_dyn_wmma_matrix_b[v0_o, v1_o, v4_o * 16:v4_o * 16 + 16, v3_o * 16:v3_o * 16 + 16])
                                        T.writes(conv2d_nchw_reindex_pad_shared_dyn_wmma_accumulator[0, v3_o, v2_o, 0, 0:16, 0:16])
                                        T.block_attr({"meta_schedule.auto_tensorize": "wmma_sync_16x16x16_f16f16f16", "meta_schedule.auto_tensorize_init": "wmma_fill_16x16x16_f16", "meta_schedule.thread_extent_high_inclusive": 1024, "meta_schedule.thread_extent_low_inclusive": 32, "warp_execution": 1})
                                        with T.init():
                                            for ax2_1, ax3_1 in T.grid(16, 16):
                                                with T.block("conv2d_nchw_init"):
                                                    v2_i_init, v3_i_init = T.axis.remap("SS", [ax2_1, ax3_1])
                                                    T.reads()
                                                    T.writes(conv2d_nchw_reindex_pad_shared_dyn_wmma_accumulator[0, v3_o, v2_o, 0, v2_i_init, v3_i_init])
                                                    conv2d_nchw_reindex_pad_shared_dyn_wmma_accumulator[0, v3_o, v2_o, 0, v2_i_init, v3_i_init] = T.float16(0.0)
                                        for ax2_1, ax3_1, ax4_1 in T.grid(16, 16, 16):
                                            with T.block("conv2d_nchw"):
                                                v2_i, v3_i, v4_i = T.axis.remap("SSR", [ax2_1, ax3_1, ax4_1])
                                                T.reads(conv2d_nchw_reindex_pad_shared_dyn_wmma_accumulator[0, v3_o, v2_o, 0, v2_i, v3_i], pad_temp_reindex_pad_shared_dyn_wmma_matrix_a[v2_o * 16 + v2_i, v4_o * 16 + v4_i], W_reindex_shared_dyn_wmma_matrix_b[v0_o, v1_o, v4_o * 16 + v4_i, v3_o * 16 + v3_i])
                                                T.writes(conv2d_nchw_reindex_pad_shared_dyn_wmma_accumulator[0, v3_o, v2_o, 0, v2_i, v3_i])
                                                T.block_attr({"meta_schedule.tiling_structure": "SSSRRSRS"})
                                                conv2d_nchw_reindex_pad_shared_dyn_wmma_accumulator[0, v3_o, v2_o, 0, v2_i, v3_i] = conv2d_nchw_reindex_pad_shared_dyn_wmma_accumulator[0, v3_o, v2_o, 0, v2_i, v3_i] + pad_temp_reindex_pad_shared_dyn_wmma_matrix_a[v2_o * 16 + v2_i, v4_o * 16 + v4_i] * W_reindex_shared_dyn_wmma_matrix_b[v0_o, v1_o, v4_o * 16 + v4_i, v3_o * 16 + v3_i]
                    for ax2 in range(13):
                        for ax0_ax1_fused in T.thread_binding(4, thread="threadIdx.y"):
                            for ax2_1, ax3 in T.grid(1, 1):
                                with T.block("conv2d_nchw_reindex_pad_shared.dyn_wmma.accumulator_o"):
                                    v0_o = T.axis.spatial(1, 0)
                                    v1_o = T.axis.spatial(16, ax2_0_1_ax3_0_1_fused * 4 + ax0_ax1_fused)
                                    v2_o = T.axis.spatial(13, ax2 + ax2_1)
                                    v3_o = T.axis.spatial(1, ax3)
                                    v4_o = T.axis.spatial(1, 0)
                                    v5_o = T.axis.spatial(1, 0)
                                    T.reads(conv2d_nchw_reindex_pad_shared_dyn_wmma_accumulator[v0_o, v1_o, v2_o, v3_o, 0:16, 0:16])
                                    T.writes(conv2d_nchw_reindex_pad_shared_dyn[v0_o, v1_o, v2_o, v3_o, 0:16, 0:16])
                                    T.block_attr({"meta_schedule.auto_tensorize": "wmma_store_16x16x16_f16_shared_dyn"})
                                    for ax4, ax5 in T.grid(16, 16):
                                        with T.block("conv2d_nchw_reindex_pad_shared.dyn_wmma.accumulator"):
                                            v4_i, v5_i = T.axis.remap("SS", [ax4, ax5])
                                            T.reads(conv2d_nchw_reindex_pad_shared_dyn_wmma_accumulator[v0_o, v1_o, v2_o, v3_o, v4_i, v5_i])
                                            T.writes(conv2d_nchw_reindex_pad_shared_dyn[v0_o, v1_o, v2_o, v3_o, v4_i, v5_i])
                                            conv2d_nchw_reindex_pad_shared_dyn[v0_o, v1_o, v2_o, v3_o, v4_i, v5_i] = conv2d_nchw_reindex_pad_shared_dyn_wmma_accumulator[v0_o, v1_o, v2_o, v3_o, v4_i, v5_i]
                        for ax0_ax1_ax3_ax4_ax5_fused in range(1024):
                            with T.block("conv2d_nchw_reindex_pad_shared.dyn"):
                                v0 = T.axis.spatial(1, 0)
                                v1 = T.axis.spatial(16, ax2_0_1_ax3_0_1_fused * 4 + ax0_ax1_ax3_ax4_ax5_fused // 256)
                                v2 = T.axis.spatial(13, ax2)
                                v3 = T.axis.spatial(1, 0)
                                v4 = T.axis.spatial(16, ax0_ax1_ax3_ax4_ax5_fused % 256 // 16)
                                v5 = T.axis.spatial(16, ax0_ax1_ax3_ax4_ax5_fused % 16)
                                T.where(ax2 * 16 + ax0_ax1_ax3_ax4_ax5_fused % 256 // 16 < 196)
                                T.reads(conv2d_nchw_reindex_pad_shared_dyn[v0, v1, v2, v3, v4, v5])
                                T.writes(conv2d_nchw[0, v5 + v1 * 16, (v4 + v2 * 16 + v0 * 208) // 14, (v4 + v2 * 16 + v0 * 208) % 14])
                                T.block_attr({"meta_schedule.cooperative_fetch": 8})
                                conv2d_nchw[0, v5 + v1 * 16, (v4 + v2 * 16 + v0 * 208) // 14, (v4 + v2 * 16 + v0 * 208) % 14] = conv2d_nchw_reindex_pad_shared_dyn[v0, v1, v2, v3, v4, v5]
b0 = sch.get_block(name="pad_temp", func_name="main")
b1 = sch.get_block(name="conv2d_nchw", func_name="main")
b2 = sch.get_block(name="root", func_name="main")
sch.annotate(block_or_loop=b1, ann_key="meta_schedule.tiling_structure", ann_val="SSSRRSRS")
b3 = sch.reindex(block=b1, buffer=("write", 0))
b4 = sch.reindex(block=b1, buffer=("read", 0))
b5 = sch.reindex(block=b1, buffer=("read", 1))
sch.transform_layout(block=b1, buffer=("read", 0), index_map=lambda v_nn, v_yy, v_xx, v_rc: (v_nn * 196 + v_yy * 14 + v_xx, v_rc,), pad_value=None, assume_injective_transform=True)
sch.transform_layout(block=b1, buffer=("read", 1), index_map=lambda v_ff, v_rc, v_ry, v_rx: (v_ry, v_rx, v_rc, v_ff,), pad_value=None, assume_injective_transform=True)
sch.transform_layout(block=b1, buffer=("write", 0), index_map=lambda v_nn, v_ff, v_yy, v_xx: (v_nn * 196 + v_yy * 14 + v_xx, v_ff,), pad_value=None, assume_injective_transform=True)
sch.transform_block_layout(block=b3, index_map=lambda v_nn, v_ff, v_yy, v_xx: (v_nn * 196 + v_yy * 14 + v_xx, v_ff,))
sch.transform_block_layout(block=b4, index_map=lambda v_nn, v_yy, v_xx, v_rc: (v_nn * 196 + v_yy * 14 + v_xx, v_rc,))
sch.transform_block_layout(block=b5, index_map=lambda v_ff, v_rc, v_ry, v_rx: (v_ry, v_rx, v_rc, v_ff,))
sch.transform_block_layout(block=b1, index_map=lambda v_nn, v_ff, v_yy, v_xx, v_rc, v_ry, v_rx: (v_ry, v_rx, v_nn * 196 + v_yy * 14 + v_xx, v_ff, v_rc,))
sch.pad_einsum(block=b1, padding=[1, 1, 16, 1, 1])
b6, b7 = sch.get_producers(block=b1)
b8, = sch.get_producers(block=b6)
b9, = sch.get_consumers(block=b1)
sch.compute_inline(block=b8)
sch.compute_inline(block=b9)
l10, l11, l12, l13, l14 = sch.get_loops(block=b1)
l15, l16 = sch.split(loop=l14, factors=[None, 16], preserve_unit_iters=True, disable_predication=False)
l17, l18 = sch.split(loop=l13, factors=[None, 16], preserve_unit_iters=True, disable_predication=False)
l19, l20 = sch.split(loop=l12, factors=[None, 16], preserve_unit_iters=True, disable_predication=False)
l21, l22, l23, l24, l25, l26, l27, l28 = sch.get_loops(block=b1)
sch.reorder(l25, l27, l20, l18, l16)
b29 = sch.blockize(target=l20, preserve_unit_iters=True)
sch.annotate(block_or_loop=b29, ann_key="meta_schedule.auto_tensorize", ann_val="wmma_sync_16x16x16_f16f16f16")
sch.annotate(block_or_loop=b29, ann_key="meta_schedule.auto_tensorize_init", ann_val="wmma_fill_16x16x16_f16")
sch.annotate(block_or_loop=b29, ann_key="warp_execution", ann_val=1)
l30, l31, l32, l33, l34 = sch.get_loops(block=b29)
v35, v36, v37, v38, v39 = sch.sample_perfect_tile(loop=l32, n=5, max_innermost_factor=4, decision=[1, 1, 1, 13, 1])
l40, l41, l42, l43, l44 = sch.split(loop=l32, factors=[v35, v36, v37, v38, v39], preserve_unit_iters=True, disable_predication=False)
v45, v46, v47, v48, v49 = sch.sample_perfect_tile(loop=l33, n=5, max_innermost_factor=4, decision=[1, 4, 4, 1, 1])
l50, l51, l52, l53, l54 = sch.split(loop=l33, factors=[v45, v46, v47, v48, v49], preserve_unit_iters=True, disable_predication=False)
v55, v56, v57 = sch.sample_perfect_tile(loop=l34, n=3, max_innermost_factor=4, decision=[2, 1, 4])
l58, l59, l60 = sch.split(loop=l34, factors=[v55, v56, v57], preserve_unit_iters=True, disable_predication=False)
sch.reorder(l40, l50, l41, l51, l42, l52, l58, l59, l43, l53, l60, l44, l54)
l61 = sch.fuse(l30, l31, l40, l50, preserve_unit_iters=True)
sch.bind(loop=l61, thread_axis="blockIdx.y")
l62 = sch.fuse(l41, l51, preserve_unit_iters=True)
sch.bind(loop=l62, thread_axis="blockIdx.x")
l63 = sch.fuse(l42, l52, preserve_unit_iters=True)
sch.bind(loop=l63, thread_axis="threadIdx.y")
sch.annotate(block_or_loop=b29, ann_key="meta_schedule.thread_extent_low_inclusive", ann_val=32)
sch.annotate(block_or_loop=b29, ann_key="meta_schedule.thread_extent_high_inclusive", ann_val=1024)
sch.transform_layout(block=b29, buffer=("write", 0), index_map=lambda i0, i1: (i0 // 16 // (v38 * v39), i1 // 16 // (v48 * v49), i0 // 16 % (v38 * v39), i1 // 16 % (v48 * v49), i0 % 16, i1 % 16,), pad_value=None, assume_injective_transform=True)
b64 = sch.cache_write(block=b29, write_buffer_index=0, storage_scope="shared.dyn")
sch.reverse_compute_at(block=b64, loop=l62, preserve_unit_loops=True, index=-1)
b65 = sch.cache_write(block=b29, write_buffer_index=0, storage_scope="wmma.accumulator")
l66, l67, l68, l69, l70, l71, l72, l73 = sch.get_loops(block=b64)
sch.reorder(l70, l68, l69, l71)
sch.compute_at(block=b65, loop=l70, preserve_unit_loops=True, index=-1)
l74, l75, l76, l77, l78, l79, l80, l81, l82 = sch.get_loops(block=b65)
l83 = sch.fuse(l77, l78, preserve_unit_iters=True)
sch.bind(loop=l83, thread_axis="threadIdx.y")
sch.reverse_compute_inline(block=b3)
l84, l85, l86, l87, l88, l89, l90, l91 = sch.get_loops(block=b65)
b92 = sch.blockize(target=l90, preserve_unit_iters=True)
sch.annotate(block_or_loop=b92, ann_key="meta_schedule.auto_tensorize", ann_val="wmma_store_16x16x16_f16_shared_dyn")
l93, l94, l95, l96, l97, l98, l99, l100 = sch.get_loops(block=b64)
l101 = sch.fuse(l96, l97, l98, l99, l100, preserve_unit_iters=True)
v102 = sch.sample_categorical(candidates=[1, 2, 4, 8], probs=[0.25, 0.25, 0.25, 0.25], decision=3)
sch.annotate(block_or_loop=b64, ann_key="meta_schedule.cooperative_fetch", ann_val=v102)
b103 = sch.cache_read(block=b29, read_buffer_index=0, storage_scope="shared.dyn", consumer_blocks=[b29])
sch.compute_at(block=b103, loop=l58, preserve_unit_loops=True, index=-1)
l104, l105, l106, l107, l108, l109 = sch.get_loops(block=b103)
l110 = sch.fuse(l108, l109, preserve_unit_iters=True)
v111 = sch.sample_categorical(candidates=[1, 2, 4, 8], probs=[0.25, 0.25, 0.25, 0.25], decision=3)
sch.annotate(block_or_loop=b103, ann_key="meta_schedule.cooperative_fetch", ann_val=v111)
b112 = sch.cache_read(block=b29, read_buffer_index=1, storage_scope="shared.dyn", consumer_blocks=[b29])
sch.compute_at(block=b112, loop=l58, preserve_unit_loops=True, index=-1)
l113, l114, l115, l116, l117, l118, l119, l120 = sch.get_loops(block=b112)
l121 = sch.fuse(l117, l118, l119, l120, preserve_unit_iters=True)
v122 = sch.sample_categorical(candidates=[1, 2, 4, 8], probs=[0.25, 0.25, 0.25, 0.25], decision=2)
sch.annotate(block_or_loop=b112, ann_key="meta_schedule.cooperative_fetch", ann_val=v122)
b123 = sch.cache_read(block=b29, read_buffer_index=0, storage_scope="wmma.matrix_a")
sch.compute_at(block=b123, loop=l59, preserve_unit_loops=True, index=-1)
l124, l125, l126, l127, l128, l129, l130 = sch.get_loops(block=b123)
l131, l132 = sch.split(loop=l130, factors=[None, 16], preserve_unit_iters=True, disable_predication=False)
l133, l134 = sch.split(loop=l129, factors=[None, 16], preserve_unit_iters=True, disable_predication=False)
l135, l136, l137, l138, l139, l140, l141, l142, l143 = sch.get_loops(block=b123)
sch.reorder(l142, l134, l132)
b144 = sch.blockize(target=l134, preserve_unit_iters=True)
sch.annotate(block_or_loop=b144, ann_key="meta_schedule.auto_tensorize", ann_val="wmma_load_16x16x16_f16_a_shared_dyn")
b145 = sch.cache_read(block=b29, read_buffer_index=1, storage_scope="wmma.matrix_b")
sch.compute_at(block=b145, loop=l59, preserve_unit_loops=True, index=-1)
l146, l147, l148, l149, l150, l151, l152, l153, l154 = sch.get_loops(block=b145)
l155, l156 = sch.split(loop=l154, factors=[None, 16], preserve_unit_iters=True, disable_predication=False)
l157, l158 = sch.split(loop=l153, factors=[None, 16], preserve_unit_iters=True, disable_predication=False)
l159, l160, l161, l162, l163, l164, l165, l166, l167, l168, l169 = sch.get_loops(block=b145)
sch.reorder(l168, l158, l156)
b170 = sch.blockize(target=l158, preserve_unit_iters=True)
sch.annotate(block_or_loop=b170, ann_key="meta_schedule.auto_tensorize", ann_val="wmma_load_16x16x16_f16_b_shared_dyn")
b171, = sch.get_producers(block=b103)
sch.compute_inline(block=b171)
sch.storage_align(block=b103, buffer_index=0, axis=-2, factor=32, offset=8)
b172, = sch.get_producers(block=b112)
sch.compute_inline(block=b172)
sch.storage_align(block=b112, buffer_index=0, axis=-2, factor=32, offset=8)
sch.compute_inline(block=b0)
v173 = sch.sample_categorical(candidates=[0, 16, 64, 512, 1024], probs=[0.20000000000000001, 0.20000000000000001, 0.20000000000000001, 0.20000000000000001, 0.20000000000000001], decision=2)
sch.annotate(block_or_loop=b2, ann_key="meta_schedule.unroll_explicit", ann_val=v173)
2025-10-07 10:34:48 [INFO] [evolutionary_search.cc:713] Generating candidates......
2025-10-07 10:34:48 [INFO] [evolutionary_search.cc:715] Picked top 0 candidate(s) from database
2025-10-07 10:34:53 [INFO] [evolutionary_search.cc:533] Sample-Init-Population summary:
Postproc #0 [meta_schedule.DisallowDynamicLoop(0x10c88718)]: 0 failure(s)
Postproc #1 [meta_schedule.RewriteCooperativeFetch(0x105f7608)]: 0 failure(s)
Postproc #2 [meta_schedule.RewriteUnboundBlock(0x11a60e48)]: 0 failure(s)
Postproc #3 [meta_schedule.RewriteParallelVectorizeUnroll(0x11a97d58)]: 0 failure(s)
Postproc #4 [meta_schedule.RewriteReductionBlock(0x10bef6a8)]: 0 failure(s)
Postproc #5 [meta_schedule.VerifyGPUCode(0x10fa7ce8)]: 340 failure(s)
Postproc #6 [meta_schedule.RewriteTensorize(0x1058b898)]: 0 failure(s)
2025-10-07 10:34:53 [INFO] [evolutionary_search.cc:723] Sampled 172 candidate(s)
2025-10-07 10:34:59 [INFO] [evolutionary_search.cc:621] Evolve iter #0 done. Summary:
Postproc #0 [meta_schedule.DisallowDynamicLoop(0x10c88718)]: 0 failure(s)
Postproc #1 [meta_schedule.RewriteCooperativeFetch(0x105f7608)]: 0 failure(s)
Postproc #2 [meta_schedule.RewriteUnboundBlock(0x11a60e48)]: 0 failure(s)
Postproc #3 [meta_schedule.RewriteParallelVectorizeUnroll(0x11a97d58)]: 0 failure(s)
Postproc #4 [meta_schedule.RewriteReductionBlock(0x10bef6a8)]: 0 failure(s)
Postproc #5 [meta_schedule.VerifyGPUCode(0x10fa7ce8)]: 93 failure(s)
Postproc #6 [meta_schedule.RewriteTensorize(0x1058b898)]: 0 failure(s)
2025-10-07 10:35:06 [INFO] [evolutionary_search.cc:621] Evolve iter #1 done. Summary:
Postproc #0 [meta_schedule.DisallowDynamicLoop(0x10c88718)]: 0 failure(s)
Postproc #1 [meta_schedule.RewriteCooperativeFetch(0x105f7608)]: 0 failure(s)
Postproc #2 [meta_schedule.RewriteUnboundBlock(0x11a60e48)]: 0 failure(s)
Postproc #3 [meta_schedule.RewriteParallelVectorizeUnroll(0x11a97d58)]: 0 failure(s)
Postproc #4 [meta_schedule.RewriteReductionBlock(0x10bef6a8)]: 0 failure(s)
Postproc #5 [meta_schedule.VerifyGPUCode(0x10fa7ce8)]: 95 failure(s)
Postproc #6 [meta_schedule.RewriteTensorize(0x1058b898)]: 0 failure(s)
2025-10-07 10:35:12 [INFO] [evolutionary_search.cc:621] Evolve iter #2 done. Summary:
Postproc #0 [meta_schedule.DisallowDynamicLoop(0x10c88718)]: 0 failure(s)
Postproc #1 [meta_schedule.RewriteCooperativeFetch(0x105f7608)]: 0 failure(s)
Postproc #2 [meta_schedule.RewriteUnboundBlock(0x11a60e48)]: 0 failure(s)
Postproc #3 [meta_schedule.RewriteParallelVectorizeUnroll(0x11a97d58)]: 0 failure(s)
Postproc #4 [meta_schedule.RewriteReductionBlock(0x10bef6a8)]: 0 failure(s)
Postproc #5 [meta_schedule.VerifyGPUCode(0x10fa7ce8)]: 86 failure(s)
Postproc #6 [meta_schedule.RewriteTensorize(0x1058b898)]: 0 failure(s)
2025-10-07 10:35:19 [INFO] [evolutionary_search.cc:621] Evolve iter #3 done. Summary:
Postproc #0 [meta_schedule.DisallowDynamicLoop(0x10c88718)]: 0 failure(s)
Postproc #1 [meta_schedule.RewriteCooperativeFetch(0x105f7608)]: 0 failure(s)
Postproc #2 [meta_schedule.RewriteUnboundBlock(0x11a60e48)]: 0 failure(s)
Postproc #3 [meta_schedule.RewriteParallelVectorizeUnroll(0x11a97d58)]: 0 failure(s)
Postproc #4 [meta_schedule.RewriteReductionBlock(0x10bef6a8)]: 0 failure(s)
Postproc #5 [meta_schedule.VerifyGPUCode(0x10fa7ce8)]: 91 failure(s)
Postproc #6 [meta_schedule.RewriteTensorize(0x1058b898)]: 0 failure(s)
2025-10-07 10:35:20 [INFO] [evolutionary_search.cc:649] Scores of the best 64 candidates:
[1 : 16]:	0.9999  0.9972  0.9965  0.9962  0.9946  0.9942  0.9922  0.9916  0.9910  0.9903  0.9902  0.9898  0.9897  0.9888  0.9876  0.9872
[17 : 32]:	0.9870  0.9864  0.9861  0.9856  0.9843  0.9831  0.9829  0.9827  0.9820  0.9811  0.9810  0.9808  0.9806  0.9796  0.9793  0.9791
[33 : 48]:	0.9783  0.9780  0.9778  0.9776  0.9770  0.9766  0.9762  0.9752  0.9749  0.9737  0.9735  0.9728  0.9727  0.9727  0.9720  0.9716
[49 : 64]:	0.9715  0.9712  0.9711  0.9710  0.9710  0.9691  0.9684  0.9677  0.9672  0.9670  0.9664  0.9651  0.9650  0.9649  0.9645  0.9631
2025-10-07 10:35:20 [INFO] [evolutionary_search.cc:727] Got 64 candidate(s) with evolutionary search
2025-10-07 10:35:20 [INFO] [evolutionary_search.cc:730] Sending 64 candidates(s) for measurement
2025-10-07 10:35:48 [INFO] [task_scheduler.cc:131] [Task #0: main] Trial #1: GFLOPs: 3286.9197. Time: 3.9079 us. Best GFLOPs: 3286.9197
2025-10-07 10:35:48 [INFO] [task_scheduler.cc:131] [Task #0: main] Trial #2: GFLOPs: 2363.2498. Time: 5.4353 us. Best GFLOPs: 3286.9197
2025-10-07 10:35:48 [INFO] [task_scheduler.cc:131] [Task #0: main] Trial #3: GFLOPs: 3666.2785. Time: 3.5036 us. Best GFLOPs: 3666.2785
2025-10-07 10:35:48 [INFO] [task_scheduler.cc:131] [Task #0: main] Trial #4: GFLOPs: 2455.2208. Time: 5.2317 us. Best GFLOPs: 3666.2785
2025-10-07 10:35:48 [INFO] [task_scheduler.cc:131] [Task #0: main] Trial #5: GFLOPs: 2164.9394. Time: 5.9332 us. Best GFLOPs: 3666.2785
2025-10-07 10:35:48 [INFO] [task_scheduler.cc:131] [Task #0: main] Trial #6: GFLOPs: 1490.3216. Time: 8.6190 us. Best GFLOPs: 3666.2785
2025-10-07 10:35:48 [INFO] [task_scheduler.cc:131] [Task #0: main] Trial #7: GFLOPs: 2082.9345. Time: 6.1668 us. Best GFLOPs: 3666.2785
2025-10-07 10:35:48 [INFO] [task_scheduler.cc:131] [Task #0: main] Trial #8: GFLOPs: 2592.7945. Time: 4.9541 us. Best GFLOPs: 3666.2785
2025-10-07 10:35:48 [INFO] [task_scheduler.cc:131] [Task #0: main] Trial #9: GFLOPs: 154.5931. Time: 83.0895 us. Best GFLOPs: 3666.2785
2025-10-07 10:35:48 [INFO] [task_scheduler.cc:131] [Task #0: main] Trial #10: GFLOPs: 1663.1714. Time: 7.7232 us. Best GFLOPs: 3666.2785
2025-10-07 10:35:48 [INFO] [task_scheduler.cc:131] [Task #0: main] Trial #11: GFLOPs: 3120.8405. Time: 4.1159 us. Best GFLOPs: 3666.2785
2025-10-07 10:35:48 [INFO] [task_scheduler.cc:131] [Task #0: main] Trial #12: GFLOPs: 818.7390. Time: 15.6888 us. Best GFLOPs: 3666.2785
2025-10-07 10:35:48 [INFO] [task_scheduler.cc:131] [Task #0: main] Trial #13: GFLOPs: 502.1455. Time: 25.5803 us. Best GFLOPs: 3666.2785
2025-10-07 10:35:48 [INFO] [task_scheduler.cc:131] [Task #0: main] Trial #14: GFLOPs: 3719.8247. Time: 3.4531 us. Best GFLOPs: 3719.8247
2025-10-07 10:35:48 [INFO] [task_scheduler.cc:131] [Task #0: main] Trial #15: GFLOPs: 1278.2757. Time: 10.0487 us. Best GFLOPs: 3719.8247
2025-10-07 10:35:48 [INFO] [task_scheduler.cc:131] [Task #0: main] Trial #16: GFLOPs: 1647.3603. Time: 7.7974 us. Best GFLOPs: 3719.8247
2025-10-07 10:35:48 [INFO] [task_scheduler.cc:131] [Task #0: main] Trial #17: GFLOPs: 1348.4544. Time: 9.5258 us. Best GFLOPs: 3719.8247
2025-10-07 10:35:48 [INFO] [task_scheduler.cc:131] [Task #0: main] Trial #18: GFLOPs: 4093.5486. Time: 3.1379 us. Best GFLOPs: 4093.5486
2025-10-07 10:35:48 [INFO] [task_scheduler.cc:131] [Task #0: main] Trial #19: GFLOPs: 1012.9898. Time: 12.6803 us. Best GFLOPs: 4093.5486
2025-10-07 10:35:48 [INFO] [task_scheduler.cc:131] [Task #0: main] Trial #20: GFLOPs: 3936.0013. Time: 3.2635 us. Best GFLOPs: 4093.5486
2025-10-07 10:35:48 [INFO] [task_scheduler.cc:131] [Task #0: main] Trial #21: GFLOPs: 879.4757. Time: 14.6054 us. Best GFLOPs: 4093.5486
2025-10-07 10:35:48 [INFO] [task_scheduler.cc:131] [Task #0: main] Trial #22: GFLOPs: 991.9907. Time: 12.9488 us. Best GFLOPs: 4093.5486
2025-10-07 10:35:48 [INFO] [task_scheduler.cc:131] [Task #0: main] Trial #23: GFLOPs: 434.5480. Time: 29.5596 us. Best GFLOPs: 4093.5486
2025-10-07 10:35:48 [INFO] [task_scheduler.cc:131] [Task #0: main] Trial #24: GFLOPs: 298.0609. Time: 43.0954 us. Best GFLOPs: 4093.5486
2025-10-07 10:35:48 [INFO] [task_scheduler.cc:131] [Task #0: main] Trial #25: GFLOPs: 1164.5441. Time: 11.0301 us. Best GFLOPs: 4093.5486
2025-10-07 10:35:48 [INFO] [task_scheduler.cc:131] [Task #0: main] Trial #26: GFLOPs: 271.8908. Time: 47.2434 us. Best GFLOPs: 4093.5486
2025-10-07 10:35:48 [INFO] [task_scheduler.cc:131] [Task #0: main] Trial #27: GFLOPs: 2974.2191. Time: 4.3188 us. Best GFLOPs: 4093.5486
2025-10-07 10:35:48 [INFO] [task_scheduler.cc:131] [Task #0: main] Trial #28: GFLOPs: 844.5396. Time: 15.2095 us. Best GFLOPs: 4093.5486
2025-10-07 10:35:48 [INFO] [task_scheduler.cc:131] [Task #0: main] Trial #29: GFLOPs: 1559.9083. Time: 8.2345 us. Best GFLOPs: 4093.5486
2025-10-07 10:35:48 [INFO] [task_scheduler.cc:131] [Task #0: main] Trial #30: GFLOPs: 1765.5251. Time: 7.2755 us. Best GFLOPs: 4093.5486
2025-10-07 10:35:48 [INFO] [task_scheduler.cc:131] [Task #0: main] Trial #31: GFLOPs: 1891.2884. Time: 6.7917 us. Best GFLOPs: 4093.5486
2025-10-07 10:35:48 [INFO] [task_scheduler.cc:131] [Task #0: main] Trial #32: GFLOPs: 319.8894. Time: 40.1547 us. Best GFLOPs: 4093.5486
2025-10-07 10:35:48 [INFO] [task_scheduler.cc:131] [Task #0: main] Trial #33: GFLOPs: 1694.8692. Time: 7.5788 us. Best GFLOPs: 4093.5486
2025-10-07 10:35:48 [INFO] [task_scheduler.cc:131] [Task #0: main] Trial #34: GFLOPs: 3353.9502. Time: 3.8298 us. Best GFLOPs: 4093.5486
2025-10-07 10:35:48 [INFO] [task_scheduler.cc:131] [Task #0: main] Trial #35: GFLOPs: 2105.1001. Time: 6.1019 us. Best GFLOPs: 4093.5486
2025-10-07 10:35:48 [INFO] [task_scheduler.cc:131] [Task #0: main] Trial #36: GFLOPs: 4043.1224. Time: 3.1770 us. Best GFLOPs: 4093.5486
2025-10-07 10:35:48 [INFO] [task_scheduler.cc:131] [Task #0: main] Trial #37: GFLOPs: 2445.0836. Time: 5.2534 us. Best GFLOPs: 4093.5486
2025-10-07 10:35:48 [INFO] [task_scheduler.cc:131] [Task #0: main] Trial #38: GFLOPs: 1342.0990. Time: 9.5709 us. Best GFLOPs: 4093.5486
2025-10-07 10:35:48 [INFO] [task_scheduler.cc:131] [Task #0: main] Trial #39: GFLOPs: 3615.7290. Time: 3.5525 us. Best GFLOPs: 4093.5486
2025-10-07 10:35:48 [INFO] [task_scheduler.cc:131] [Task #0: main] Trial #40: GFLOPs: 1979.0352. Time: 6.4906 us. Best GFLOPs: 4093.5486
2025-10-07 10:35:48 [INFO] [task_scheduler.cc:131] [Task #0: main] Trial #41: GFLOPs: 2176.6408. Time: 5.9013 us. Best GFLOPs: 4093.5486
2025-10-07 10:35:48 [INFO] [task_scheduler.cc:131] [Task #0: main] Trial #42: GFLOPs: 1012.5772. Time: 12.6855 us. Best GFLOPs: 4093.5486
2025-10-07 10:35:48 [INFO] [task_scheduler.cc:131] [Task #0: main] Trial #43: GFLOPs: 3218.1964. Time: 3.9914 us. Best GFLOPs: 4093.5486
2025-10-07 10:35:48 [INFO] [task_scheduler.cc:131] [Task #0: main] Trial #44: GFLOPs: 4270.9497. Time: 3.0075 us. Best GFLOPs: 4270.9497
2025-10-07 10:35:48 [INFO] [task_scheduler.cc:131] [Task #0: main] Trial #45: GFLOPs: 1541.2018. Time: 8.3344 us. Best GFLOPs: 4270.9497
2025-10-07 10:35:48 [INFO] [task_scheduler.cc:131] [Task #0: main] Trial #46: GFLOPs: 3267.2397. Time: 3.9315 us. Best GFLOPs: 4270.9497
2025-10-07 10:35:48 [INFO] [task_scheduler.cc:131] [Task #0: main] Trial #47: GFLOPs: 2442.3650. Time: 5.2593 us. Best GFLOPs: 4270.9497
2025-10-07 10:35:48 [INFO] [task_scheduler.cc:131] [Task #0: main] Trial #48: GFLOPs: 3341.0099. Time: 3.8447 us. Best GFLOPs: 4270.9497
2025-10-07 10:35:48 [INFO] [task_scheduler.cc:131] [Task #0: main] Trial #49: GFLOPs: 3400.9188. Time: 3.7769 us. Best GFLOPs: 4270.9497
2025-10-07 10:35:48 [INFO] [task_scheduler.cc:131] [Task #0: main] Trial #50: GFLOPs: 3559.9708. Time: 3.6082 us. Best GFLOPs: 4270.9497
2025-10-07 10:35:48 [INFO] [task_scheduler.cc:131] [Task #0: main] Trial #51: GFLOPs: 1977.2116. Time: 6.4966 us. Best GFLOPs: 4270.9497
2025-10-07 10:35:48 [INFO] [task_scheduler.cc:131] [Task #0: main] Trial #52: GFLOPs: 3782.7785. Time: 3.3957 us. Best GFLOPs: 4270.9497
2025-10-07 10:35:48 [INFO] [task_scheduler.cc:131] [Task #0: main] Trial #53: GFLOPs: 2568.5881. Time: 5.0008 us. Best GFLOPs: 4270.9497
2025-10-07 10:35:48 [INFO] [task_scheduler.cc:131] [Task #0: main] Trial #54: GFLOPs: 990.1881. Time: 12.9723 us. Best GFLOPs: 4270.9497
2025-10-07 10:35:48 [INFO] [task_scheduler.cc:131] [Task #0: main] Trial #55: GFLOPs: 3884.0327. Time: 3.3071 us. Best GFLOPs: 4270.9497
2025-10-07 10:35:48 [INFO] [task_scheduler.cc:131] [Task #0: main] Trial #56: GFLOPs: 1832.6434. Time: 7.0090 us. Best GFLOPs: 4270.9497
2025-10-07 10:35:48 [INFO] [task_scheduler.cc:131] [Task #0: main] Trial #57: GFLOPs: 1111.3973. Time: 11.5576 us. Best GFLOPs: 4270.9497
2025-10-07 10:35:48 [INFO] [task_scheduler.cc:131] [Task #0: main] Trial #58: GFLOPs: 1210.0595. Time: 10.6152 us. Best GFLOPs: 4270.9497
2025-10-07 10:35:48 [INFO] [task_scheduler.cc:131] [Task #0: main] Trial #59: GFLOPs: 1892.1770. Time: 6.7885 us. Best GFLOPs: 4270.9497
2025-10-07 10:35:48 [INFO] [task_scheduler.cc:131] [Task #0: main] Trial #60: GFLOPs: 427.0868. Time: 30.0760 us. Best GFLOPs: 4270.9497
2025-10-07 10:35:48 [INFO] [task_scheduler.cc:131] [Task #0: main] Trial #61: GFLOPs: 648.9409. Time: 19.7939 us. Best GFLOPs: 4270.9497
2025-10-07 10:35:48 [INFO] [task_scheduler.cc:131] [Task #0: main] Trial #62: GFLOPs: 3233.8038. Time: 3.9721 us. Best GFLOPs: 4270.9497
2025-10-07 10:35:48 [INFO] [task_scheduler.cc:131] [Task #0: main] Trial #63: GFLOPs: 3315.0555. Time: 3.8748 us. Best GFLOPs: 4270.9497
2025-10-07 10:35:48 [INFO] [task_scheduler.cc:131] [Task #0: main] Trial #64: GFLOPs: 2329.9324. Time: 5.5131 us. Best GFLOPs: 4270.9497
2025-10-07 10:35:48 [INFO] [evolutionary_search.cc:713] Generating candidates......
2025-10-07 10:35:49 [INFO] [evolutionary_search.cc:715] Picked top 64 candidate(s) from database
2025-10-07 10:35:53 [INFO] [evolutionary_search.cc:533] Sample-Init-Population summary:
Postproc #0 [meta_schedule.DisallowDynamicLoop(0x10c88718)]: 0 failure(s)
Postproc #1 [meta_schedule.RewriteCooperativeFetch(0x105f7608)]: 0 failure(s)
Postproc #2 [meta_schedule.RewriteUnboundBlock(0x11a60e48)]: 0 failure(s)
Postproc #3 [meta_schedule.RewriteParallelVectorizeUnroll(0x11a97d58)]: 0 failure(s)
Postproc #4 [meta_schedule.RewriteReductionBlock(0x10bef6a8)]: 0 failure(s)
Postproc #5 [meta_schedule.VerifyGPUCode(0x10fa7ce8)]: 271 failure(s)
Postproc #6 [meta_schedule.RewriteTensorize(0x1058b898)]: 0 failure(s)
2025-10-07 10:35:53 [INFO] [evolutionary_search.cc:723] Sampled 177 candidate(s)
2025-10-07 10:36:00 [INFO] [evolutionary_search.cc:621] Evolve iter #0 done. Summary:
Postproc #0 [meta_schedule.DisallowDynamicLoop(0x10c88718)]: 0 failure(s)
Postproc #1 [meta_schedule.RewriteCooperativeFetch(0x105f7608)]: 0 failure(s)
Postproc #2 [meta_schedule.RewriteUnboundBlock(0x11a60e48)]: 0 failure(s)
Postproc #3 [meta_schedule.RewriteParallelVectorizeUnroll(0x11a97d58)]: 0 failure(s)
Postproc #4 [meta_schedule.RewriteReductionBlock(0x10bef6a8)]: 0 failure(s)
Postproc #5 [meta_schedule.VerifyGPUCode(0x10fa7ce8)]: 98 failure(s)
Postproc #6 [meta_schedule.RewriteTensorize(0x1058b898)]: 0 failure(s)
2025-10-07 10:36:06 [INFO] [evolutionary_search.cc:621] Evolve iter #1 done. Summary:
Postproc #0 [meta_schedule.DisallowDynamicLoop(0x10c88718)]: 0 failure(s)
Postproc #1 [meta_schedule.RewriteCooperativeFetch(0x105f7608)]: 0 failure(s)
Postproc #2 [meta_schedule.RewriteUnboundBlock(0x11a60e48)]: 0 failure(s)
Postproc #3 [meta_schedule.RewriteParallelVectorizeUnroll(0x11a97d58)]: 0 failure(s)
Postproc #4 [meta_schedule.RewriteReductionBlock(0x10bef6a8)]: 0 failure(s)
Postproc #5 [meta_schedule.VerifyGPUCode(0x10fa7ce8)]: 96 failure(s)
Postproc #6 [meta_schedule.RewriteTensorize(0x1058b898)]: 0 failure(s)
2025-10-07 10:36:13 [INFO] [evolutionary_search.cc:621] Evolve iter #2 done. Summary:
Postproc #0 [meta_schedule.DisallowDynamicLoop(0x10c88718)]: 0 failure(s)
Postproc #1 [meta_schedule.RewriteCooperativeFetch(0x105f7608)]: 0 failure(s)
Postproc #2 [meta_schedule.RewriteUnboundBlock(0x11a60e48)]: 0 failure(s)
Postproc #3 [meta_schedule.RewriteParallelVectorizeUnroll(0x11a97d58)]: 0 failure(s)
Postproc #4 [meta_schedule.RewriteReductionBlock(0x10bef6a8)]: 0 failure(s)
Postproc #5 [meta_schedule.VerifyGPUCode(0x10fa7ce8)]: 95 failure(s)
Postproc #6 [meta_schedule.RewriteTensorize(0x1058b898)]: 0 failure(s)
2025-10-07 10:36:20 [INFO] [evolutionary_search.cc:621] Evolve iter #3 done. Summary:
Postproc #0 [meta_schedule.DisallowDynamicLoop(0x10c88718)]: 0 failure(s)
Postproc #1 [meta_schedule.RewriteCooperativeFetch(0x105f7608)]: 0 failure(s)
Postproc #2 [meta_schedule.RewriteUnboundBlock(0x11a60e48)]: 0 failure(s)
Postproc #3 [meta_schedule.RewriteParallelVectorizeUnroll(0x11a97d58)]: 0 failure(s)
Postproc #4 [meta_schedule.RewriteReductionBlock(0x10bef6a8)]: 0 failure(s)
Postproc #5 [meta_schedule.VerifyGPUCode(0x10fa7ce8)]: 99 failure(s)
Postproc #6 [meta_schedule.RewriteTensorize(0x1058b898)]: 0 failure(s)
2025-10-07 10:36:20 [INFO] [evolutionary_search.cc:649] Scores of the best 64 candidates:
[1 : 16]:	0.9992  0.9991  0.9990  0.9986  0.9986  0.9975  0.9973  0.9969  0.9964  0.9957  0.9952  0.9936  0.9935  0.9934  0.9926  0.9915
[17 : 32]:	0.9906  0.9906  0.9905  0.9891  0.9890  0.9888  0.9873  0.9869  0.9868  0.9867  0.9862  0.9856  0.9844  0.9844  0.9843  0.9842
[33 : 48]:	0.9835  0.9831  0.9815  0.9804  0.9797  0.9792  0.9769  0.9766  0.9761  0.9760  0.9743  0.9741  0.9737  0.9735  0.9724  0.9710
[49 : 64]:	0.9710  0.9708  0.9706  0.9705  0.9705  0.9704  0.9696  0.9691  0.9682  0.9681  0.9678  0.9675  0.9668  0.9663  0.9662  0.9659
2025-10-07 10:36:21 [INFO] [evolutionary_search.cc:727] Got 64 candidate(s) with evolutionary search
2025-10-07 10:36:21 [INFO] [evolutionary_search.cc:730] Sending 64 candidates(s) for measurement
2025-10-07 10:36:48 [INFO] [task_scheduler.cc:131] [Task #0: main] Trial #65: GFLOPs: 794.2194. Time: 16.1732 us. Best GFLOPs: 4270.9497
2025-10-07 10:36:48 [INFO] [task_scheduler.cc:131] [Task #0: main] Trial #66: GFLOPs: 2384.8905. Time: 5.3860 us. Best GFLOPs: 4270.9497
2025-10-07 10:36:48 [INFO] [task_scheduler.cc:131] [Task #0: main] Trial #67: GFLOPs: 1386.2043. Time: 9.2664 us. Best GFLOPs: 4270.9497
2025-10-07 10:36:48 [INFO] [task_scheduler.cc:131] [Task #0: main] Trial #68: GFLOPs: 1263.0578. Time: 10.1698 us. Best GFLOPs: 4270.9497
2025-10-07 10:36:48 [INFO] [task_scheduler.cc:131] [Task #0: main] Trial #69: GFLOPs: 1654.8791. Time: 7.7619 us. Best GFLOPs: 4270.9497
2025-10-07 10:36:48 [INFO] [task_scheduler.cc:131] [Task #0: main] Trial #70: GFLOPs: 933.4045. Time: 13.7615 us. Best GFLOPs: 4270.9497
2025-10-07 10:36:48 [INFO] [task_scheduler.cc:131] [Task #0: main] Trial #71: GFLOPs: 3351.3070. Time: 3.8328 us. Best GFLOPs: 4270.9497
2025-10-07 10:36:48 [INFO] [task_scheduler.cc:131] [Task #0: main] Trial #72: GFLOPs: 1750.1254. Time: 7.3395 us. Best GFLOPs: 4270.9497
2025-10-07 10:36:48 [INFO] [task_scheduler.cc:131] [Task #0: main] Trial #73: GFLOPs: 4017.3423. Time: 3.1974 us. Best GFLOPs: 4270.9497
2025-10-07 10:36:48 [INFO] [task_scheduler.cc:131] [Task #0: main] Trial #74: GFLOPs: 1488.5565. Time: 8.6292 us. Best GFLOPs: 4270.9497
2025-10-07 10:36:48 [INFO] [task_scheduler.cc:131] [Task #0: main] Trial #75: GFLOPs: 969.9372. Time: 13.2432 us. Best GFLOPs: 4270.9497
2025-10-07 10:36:48 [INFO] [task_scheduler.cc:131] [Task #0: main] Trial #76: GFLOPs: 1528.8465. Time: 8.4018 us. Best GFLOPs: 4270.9497
2025-10-07 10:36:48 [INFO] [task_scheduler.cc:131] [Task #0: main] Trial #77: GFLOPs: 830.4937. Time: 15.4668 us. Best GFLOPs: 4270.9497
2025-10-07 10:36:48 [INFO] [task_scheduler.cc:131] [Task #0: main] Trial #78: GFLOPs: 2019.2730. Time: 6.3612 us. Best GFLOPs: 4270.9497
2025-10-07 10:36:48 [INFO] [task_scheduler.cc:131] [Task #0: main] Trial #79: GFLOPs: 3202.9982. Time: 4.0103 us. Best GFLOPs: 4270.9497
2025-10-07 10:36:48 [INFO] [task_scheduler.cc:131] [Task #0: main] Trial #80: GFLOPs: 3381.2899. Time: 3.7989 us. Best GFLOPs: 4270.9497
2025-10-07 10:36:48 [INFO] [task_scheduler.cc:131] [Task #0: main] Trial #81: GFLOPs: 2760.0214. Time: 4.6540 us. Best GFLOPs: 4270.9497
2025-10-07 10:36:48 [INFO] [task_scheduler.cc:131] [Task #0: main] Trial #82: GFLOPs: 1153.7056. Time: 11.1337 us. Best GFLOPs: 4270.9497
2025-10-07 10:36:48 [INFO] [task_scheduler.cc:131] [Task #0: main] Trial #83: GFLOPs: 3780.3426. Time: 3.3979 us. Best GFLOPs: 4270.9497
2025-10-07 10:36:48 [INFO] [task_scheduler.cc:131] [Task #0: main] Trial #84: GFLOPs: 1684.3402. Time: 7.6262 us. Best GFLOPs: 4270.9497
2025-10-07 10:36:48 [INFO] [task_scheduler.cc:131] [Task #0: main] Trial #85: GFLOPs: 3108.8171. Time: 4.1318 us. Best GFLOPs: 4270.9497
2025-10-07 10:36:48 [INFO] [task_scheduler.cc:131] [Task #0: main] Trial #86: GFLOPs: 845.2149. Time: 15.1974 us. Best GFLOPs: 4270.9497
2025-10-07 10:36:48 [INFO] [task_scheduler.cc:131] [Task #0: main] Trial #87: GFLOPs: 1341.7081. Time: 9.5737 us. Best GFLOPs: 4270.9497
2025-10-07 10:36:48 [INFO] [task_scheduler.cc:131] [Task #0: main] Trial #88: GFLOPs: 3458.8621. Time: 3.7137 us. Best GFLOPs: 4270.9497
2025-10-07 10:36:48 [INFO] [task_scheduler.cc:131] [Task #0: main] Trial #89: GFLOPs: 1681.9135. Time: 7.6372 us. Best GFLOPs: 4270.9497
2025-10-07 10:36:48 [INFO] [task_scheduler.cc:131] [Task #0: main] Trial #90: GFLOPs: 1527.7716. Time: 8.4077 us. Best GFLOPs: 4270.9497
2025-10-07 10:36:48 [INFO] [task_scheduler.cc:131] [Task #0: main] Trial #91: GFLOPs: 2716.3989. Time: 4.7287 us. Best GFLOPs: 4270.9497
2025-10-07 10:36:48 [INFO] [task_scheduler.cc:131] [Task #0: main] Trial #92: GFLOPs: 2327.3489. Time: 5.5192 us. Best GFLOPs: 4270.9497
2025-10-07 10:36:48 [INFO] [task_scheduler.cc:131] [Task #0: main] Trial #93: GFLOPs: 2328.1841. Time: 5.5172 us. Best GFLOPs: 4270.9497
2025-10-07 10:36:48 [INFO] [task_scheduler.cc:131] [Task #0: main] Trial #94: GFLOPs: 2891.5289. Time: 4.4423 us. Best GFLOPs: 4270.9497
2025-10-07 10:36:48 [INFO] [task_scheduler.cc:131] [Task #0: main] Trial #95: GFLOPs: 4064.3976. Time: 3.1604 us. Best GFLOPs: 4270.9497
2025-10-07 10:36:48 [INFO] [task_scheduler.cc:131] [Task #0: main] Trial #96: GFLOPs: 2209.3824. Time: 5.8139 us. Best GFLOPs: 4270.9497
2025-10-07 10:36:48 [INFO] [task_scheduler.cc:131] [Task #0: main] Trial #97: GFLOPs: 429.2968. Time: 29.9212 us. Best GFLOPs: 4270.9497
2025-10-07 10:36:48 [INFO] [task_scheduler.cc:131] [Task #0: main] Trial #98: GFLOPs: 3350.8067. Time: 3.8334 us. Best GFLOPs: 4270.9497
2025-10-07 10:36:48 [INFO] [task_scheduler.cc:131] [Task #0: main] Trial #99: GFLOPs: 3142.3370. Time: 4.0877 us. Best GFLOPs: 4270.9497
2025-10-07 10:36:48 [INFO] [task_scheduler.cc:131] [Task #0: main] Trial #100: GFLOPs: 821.9584. Time: 15.6274 us. Best GFLOPs: 4270.9497
2025-10-07 10:36:48 [INFO] [task_scheduler.cc:131] [Task #0: main] Trial #101: GFLOPs: 1324.7085. Time: 9.6965 us. Best GFLOPs: 4270.9497
2025-10-07 10:36:48 [INFO] [task_scheduler.cc:131] [Task #0: main] Trial #102: GFLOPs: 3430.4946. Time: 3.7444 us. Best GFLOPs: 4270.9497
2025-10-07 10:36:48 [INFO] [task_scheduler.cc:131] [Task #0: main] Trial #103: GFLOPs: 1658.0265. Time: 7.7472 us. Best GFLOPs: 4270.9497
2025-10-07 10:36:48 [INFO] [task_scheduler.cc:131] [Task #0: main] Trial #104: GFLOPs: 2923.8772. Time: 4.3932 us. Best GFLOPs: 4270.9497
2025-10-07 10:36:48 [INFO] [task_scheduler.cc:131] [Task #0: main] Trial #105: GFLOPs: 2127.5012. Time: 6.0376 us. Best GFLOPs: 4270.9497
2025-10-07 10:36:48 [INFO] [task_scheduler.cc:131] [Task #0: main] Trial #106: GFLOPs: 1528.7034. Time: 8.4026 us. Best GFLOPs: 4270.9497
2025-10-07 10:36:48 [INFO] [task_scheduler.cc:131] [Task #0: main] Trial #107: GFLOPs: 1514.8360. Time: 8.4795 us. Best GFLOPs: 4270.9497
2025-10-07 10:36:48 [INFO] [task_scheduler.cc:131] [Task #0: main] Trial #108: GFLOPs: 3123.4069. Time: 4.1125 us. Best GFLOPs: 4270.9497
2025-10-07 10:36:48 [INFO] [task_scheduler.cc:131] [Task #0: main] Trial #109: GFLOPs: 3387.3520. Time: 3.7921 us. Best GFLOPs: 4270.9497
2025-10-07 10:36:48 [INFO] [task_scheduler.cc:131] [Task #0: main] Trial #110: GFLOPs: 1369.3489. Time: 9.3804 us. Best GFLOPs: 4270.9497
2025-10-07 10:36:48 [INFO] [task_scheduler.cc:131] [Task #0: main] Trial #111: GFLOPs: 360.9933. Time: 35.5825 us. Best GFLOPs: 4270.9497
2025-10-07 10:36:48 [INFO] [task_scheduler.cc:131] [Task #0: main] Trial #112: GFLOPs: 2449.5083. Time: 5.2439 us. Best GFLOPs: 4270.9497
2025-10-07 10:36:48 [INFO] [task_scheduler.cc:131] [Task #0: main] Trial #113: GFLOPs: 2370.3184. Time: 5.4191 us. Best GFLOPs: 4270.9497
2025-10-07 10:36:48 [INFO] [task_scheduler.cc:131] [Task #0: main] Trial #114: GFLOPs: 2927.1012. Time: 4.3883 us. Best GFLOPs: 4270.9497
2025-10-07 10:36:48 [INFO] [task_scheduler.cc:131] [Task #0: main] Trial #115: GFLOPs: 277.7159. Time: 46.2525 us. Best GFLOPs: 4270.9497
2025-10-07 10:36:48 [INFO] [task_scheduler.cc:131] [Task #0: main] Trial #116: GFLOPs: 1813.2670. Time: 7.0839 us. Best GFLOPs: 4270.9497
2025-10-07 10:36:48 [INFO] [task_scheduler.cc:131] [Task #0: main] Trial #117: GFLOPs: 3413.0996. Time: 3.7635 us. Best GFLOPs: 4270.9497
2025-10-07 10:36:48 [INFO] [task_scheduler.cc:131] [Task #0: main] Trial #118: GFLOPs: 2323.4602. Time: 5.5284 us. Best GFLOPs: 4270.9497
2025-10-07 10:36:48 [INFO] [task_scheduler.cc:131] [Task #0: main] Trial #119: GFLOPs: 2452.2395. Time: 5.2381 us. Best GFLOPs: 4270.9497
2025-10-07 10:36:48 [INFO] [task_scheduler.cc:131] [Task #0: main] Trial #120: GFLOPs: 1514.1310. Time: 8.4835 us. Best GFLOPs: 4270.9497
2025-10-07 10:36:48 [INFO] [task_scheduler.cc:131] [Task #0: main] Trial #121: GFLOPs: 1606.0641. Time: 7.9978 us. Best GFLOPs: 4270.9497
2025-10-07 10:36:48 [INFO] [task_scheduler.cc:131] [Task #0: main] Trial #122: GFLOPs: 2782.9589. Time: 4.6156 us. Best GFLOPs: 4270.9497
2025-10-07 10:36:48 [INFO] [task_scheduler.cc:131] [Task #0: main] Trial #123: GFLOPs: 530.6399. Time: 24.2067 us. Best GFLOPs: 4270.9497
2025-10-07 10:36:48 [INFO] [task_scheduler.cc:131] [Task #0: main] Trial #124: GFLOPs: 1570.5056. Time: 8.1789 us. Best GFLOPs: 4270.9497
2025-10-07 10:36:48 [INFO] [task_scheduler.cc:131] [Task #0: main] Trial #125: GFLOPs: 3075.4634. Time: 4.1766 us. Best GFLOPs: 4270.9497
2025-10-07 10:36:48 [INFO] [task_scheduler.cc:131] [Task #0: main] Trial #126: GFLOPs: 665.9323. Time: 19.2888 us. Best GFLOPs: 4270.9497
2025-10-07 10:36:48 [INFO] [task_scheduler.cc:131] [Task #0: main] Trial #127: GFLOPs: 2434.1667. Time: 5.2770 us. Best GFLOPs: 4270.9497
2025-10-07 10:36:48 [INFO] [task_scheduler.cc:131] [Task #0: main] Trial #128: GFLOPs: 3368.4354. Time: 3.8134 us. Best GFLOPs: 4270.9497
2025-10-07 10:36:48 [INFO] [evolutionary_search.cc:713] Generating candidates......
2025-10-07 10:36:49 [INFO] [evolutionary_search.cc:715] Picked top 102 candidate(s) from database
2025-10-07 10:36:53 [INFO] [evolutionary_search.cc:533] Sample-Init-Population summary:
Postproc #0 [meta_schedule.DisallowDynamicLoop(0x10c88718)]: 0 failure(s)
Postproc #1 [meta_schedule.RewriteCooperativeFetch(0x105f7608)]: 0 failure(s)
Postproc #2 [meta_schedule.RewriteUnboundBlock(0x11a60e48)]: 0 failure(s)
Postproc #3 [meta_schedule.RewriteParallelVectorizeUnroll(0x11a97d58)]: 0 failure(s)
Postproc #4 [meta_schedule.RewriteReductionBlock(0x10bef6a8)]: 0 failure(s)
Postproc #5 [meta_schedule.VerifyGPUCode(0x10fa7ce8)]: 261 failure(s)
Postproc #6 [meta_schedule.RewriteTensorize(0x1058b898)]: 0 failure(s)
2025-10-07 10:36:53 [INFO] [evolutionary_search.cc:723] Sampled 149 candidate(s)
2025-10-07 10:37:00 [INFO] [evolutionary_search.cc:621] Evolve iter #0 done. Summary:
Postproc #0 [meta_schedule.DisallowDynamicLoop(0x10c88718)]: 0 failure(s)
Postproc #1 [meta_schedule.RewriteCooperativeFetch(0x105f7608)]: 0 failure(s)
Postproc #2 [meta_schedule.RewriteUnboundBlock(0x11a60e48)]: 0 failure(s)
Postproc #3 [meta_schedule.RewriteParallelVectorizeUnroll(0x11a97d58)]: 0 failure(s)
Postproc #4 [meta_schedule.RewriteReductionBlock(0x10bef6a8)]: 0 failure(s)
Postproc #5 [meta_schedule.VerifyGPUCode(0x10fa7ce8)]: 81 failure(s)
Postproc #6 [meta_schedule.RewriteTensorize(0x1058b898)]: 0 failure(s)
2025-10-07 10:37:08 [INFO] [evolutionary_search.cc:621] Evolve iter #1 done. Summary:
Postproc #0 [meta_schedule.DisallowDynamicLoop(0x10c88718)]: 0 failure(s)
Postproc #1 [meta_schedule.RewriteCooperativeFetch(0x105f7608)]: 0 failure(s)
Postproc #2 [meta_schedule.RewriteUnboundBlock(0x11a60e48)]: 0 failure(s)
Postproc #3 [meta_schedule.RewriteParallelVectorizeUnroll(0x11a97d58)]: 0 failure(s)
Postproc #4 [meta_schedule.RewriteReductionBlock(0x10bef6a8)]: 0 failure(s)
Postproc #5 [meta_schedule.VerifyGPUCode(0x10fa7ce8)]: 109 failure(s)
Postproc #6 [meta_schedule.RewriteTensorize(0x1058b898)]: 0 failure(s)
2025-10-07 10:37:16 [INFO] [evolutionary_search.cc:621] Evolve iter #2 done. Summary:
Postproc #0 [meta_schedule.DisallowDynamicLoop(0x10c88718)]: 0 failure(s)
Postproc #1 [meta_schedule.RewriteCooperativeFetch(0x105f7608)]: 0 failure(s)
Postproc #2 [meta_schedule.RewriteUnboundBlock(0x11a60e48)]: 0 failure(s)
Postproc #3 [meta_schedule.RewriteParallelVectorizeUnroll(0x11a97d58)]: 0 failure(s)
Postproc #4 [meta_schedule.RewriteReductionBlock(0x10bef6a8)]: 0 failure(s)
Postproc #5 [meta_schedule.VerifyGPUCode(0x10fa7ce8)]: 80 failure(s)
Postproc #6 [meta_schedule.RewriteTensorize(0x1058b898)]: 0 failure(s)
2025-10-07 10:37:25 [INFO] [evolutionary_search.cc:621] Evolve iter #3 done. Summary:
Postproc #0 [meta_schedule.DisallowDynamicLoop(0x10c88718)]: 0 failure(s)
Postproc #1 [meta_schedule.RewriteCooperativeFetch(0x105f7608)]: 0 failure(s)
Postproc #2 [meta_schedule.RewriteUnboundBlock(0x11a60e48)]: 0 failure(s)
Postproc #3 [meta_schedule.RewriteParallelVectorizeUnroll(0x11a97d58)]: 0 failure(s)
Postproc #4 [meta_schedule.RewriteReductionBlock(0x10bef6a8)]: 0 failure(s)
Postproc #5 [meta_schedule.VerifyGPUCode(0x10fa7ce8)]: 96 failure(s)
Postproc #6 [meta_schedule.RewriteTensorize(0x1058b898)]: 0 failure(s)
2025-10-07 10:37:27 [INFO] [evolutionary_search.cc:649] Scores of the best 64 candidates:
[1 : 16]:	0.9944  0.9944  0.9936  0.9917  0.9908  0.9772  0.9765  0.9765  0.9738  0.9738  0.9738  0.9729  0.9724  0.9724  0.9719  0.9716
[17 : 32]:	0.9716  0.9716  0.9678  0.9678  0.9651  0.9650  0.9609  0.9608  0.9601  0.9601  0.9593  0.9585  0.9580  0.9580  0.9567  0.9563
[33 : 48]:	0.9563  0.9559  0.9540  0.9536  0.9527  0.9524  0.9524  0.9484  0.9468  0.9468  0.9467  0.9460  0.9458  0.9448  0.9434  0.9419
[49 : 64]:	0.9419  0.9411  0.9405  0.9383  0.9383  0.9383  0.9373  0.9373  0.9366  0.9344  0.9337  0.9323  0.9323  0.9304  0.9302  0.9302
2025-10-07 10:37:27 [INFO] [evolutionary_search.cc:727] Got 64 candidate(s) with evolutionary search
2025-10-07 10:37:27 [INFO] [evolutionary_search.cc:730] Sending 64 candidates(s) for measurement
2025-10-07 10:37:57 [INFO] [task_scheduler.cc:131] [Task #0: main] Trial #129: GFLOPs: 4122.9520. Time: 3.1155 us. Best GFLOPs: 4270.9497
2025-10-07 10:37:57 [INFO] [task_scheduler.cc:131] [Task #0: main] Trial #130: GFLOPs: 3883.1209. Time: 3.3079 us. Best GFLOPs: 4270.9497
2025-10-07 10:37:57 [INFO] [task_scheduler.cc:131] [Task #0: main] Trial #131: GFLOPs: 3877.2694. Time: 3.3129 us. Best GFLOPs: 4270.9497
2025-10-07 10:37:57 [INFO] [task_scheduler.cc:131] [Task #0: main] Trial #132: GFLOPs: 4138.7136. Time: 3.1036 us. Best GFLOPs: 4270.9497
2025-10-07 10:37:57 [INFO] [task_scheduler.cc:131] [Task #0: main] Trial #133: GFLOPs: 3390.0505. Time: 3.7890 us. Best GFLOPs: 4270.9497
2025-10-07 10:37:57 [INFO] [task_scheduler.cc:131] [Task #0: main] Trial #134: GFLOPs: 4192.8579. Time: 3.0636 us. Best GFLOPs: 4270.9497
2025-10-07 10:37:57 [INFO] [task_scheduler.cc:131] [Task #0: main] Trial #135: GFLOPs: 4069.9255. Time: 3.1561 us. Best GFLOPs: 4270.9497
2025-10-07 10:37:57 [INFO] [task_scheduler.cc:131] [Task #0: main] Trial #136: GFLOPs: 4281.6974. Time: 3.0000 us. Best GFLOPs: 4281.6974
2025-10-07 10:37:57 [INFO] [task_scheduler.cc:131] [Task #0: main] Trial #137: GFLOPs: 3867.5135. Time: 3.3213 us. Best GFLOPs: 4281.6974
2025-10-07 10:37:57 [INFO] [task_scheduler.cc:131] [Task #0: main] Trial #138: GFLOPs: 4162.0013. Time: 3.0863 us. Best GFLOPs: 4281.6974
2025-10-07 10:37:57 [INFO] [task_scheduler.cc:131] [Task #0: main] Trial #139: GFLOPs: 4251.5952. Time: 3.0212 us. Best GFLOPs: 4281.6974
2025-10-07 10:37:57 [INFO] [task_scheduler.cc:131] [Task #0: main] Trial #140: GFLOPs: 3540.3620. Time: 3.6282 us. Best GFLOPs: 4281.6974
2025-10-07 10:37:57 [INFO] [task_scheduler.cc:131] [Task #0: main] Trial #141: GFLOPs: 3858.2368. Time: 3.3293 us. Best GFLOPs: 4281.6974
2025-10-07 10:37:57 [INFO] [task_scheduler.cc:131] [Task #0: main] Trial #142: GFLOPs: 4070.1501. Time: 3.1559 us. Best GFLOPs: 4281.6974
2025-10-07 10:37:57 [INFO] [task_scheduler.cc:131] [Task #0: main] Trial #143: GFLOPs: 3318.4122. Time: 3.8708 us. Best GFLOPs: 4281.6974
2025-10-07 10:37:57 [INFO] [task_scheduler.cc:131] [Task #0: main] Trial #144: GFLOPs: 3663.8903. Time: 3.5059 us. Best GFLOPs: 4281.6974
2025-10-07 10:37:57 [INFO] [task_scheduler.cc:131] [Task #0: main] Trial #145: GFLOPs: 3165.9611. Time: 4.0572 us. Best GFLOPs: 4281.6974
2025-10-07 10:37:57 [INFO] [task_scheduler.cc:131] [Task #0: main] Trial #146: GFLOPs: 4322.8870. Time: 2.9714 us. Best GFLOPs: 4322.8870
2025-10-07 10:37:57 [INFO] [task_scheduler.cc:131] [Task #0: main] Trial #147: GFLOPs: 3876.5334. Time: 3.3135 us. Best GFLOPs: 4322.8870
2025-10-07 10:37:57 [INFO] [task_scheduler.cc:131] [Task #0: main] Trial #148: GFLOPs: 3805.2276. Time: 3.3756 us. Best GFLOPs: 4322.8870
2025-10-07 10:37:57 [INFO] [task_scheduler.cc:131] [Task #0: main] Trial #149: GFLOPs: 3586.2098. Time: 3.5818 us. Best GFLOPs: 4322.8870
2025-10-07 10:37:57 [INFO] [task_scheduler.cc:131] [Task #0: main] Trial #150: GFLOPs: 3549.1893. Time: 3.6192 us. Best GFLOPs: 4322.8870
2025-10-07 10:37:57 [INFO] [task_scheduler.cc:131] [Task #0: main] Trial #151: GFLOPs: 4023.7851. Time: 3.1923 us. Best GFLOPs: 4322.8870
2025-10-07 10:37:57 [INFO] [task_scheduler.cc:131] [Task #0: main] Trial #152: GFLOPs: 3856.7558. Time: 3.3305 us. Best GFLOPs: 4322.8870
2025-10-07 10:37:57 [INFO] [task_scheduler.cc:131] [Task #0: main] Trial #153: GFLOPs: 3787.5713. Time: 3.3914 us. Best GFLOPs: 4322.8870
2025-10-07 10:37:57 [INFO] [task_scheduler.cc:131] [Task #0: main] Trial #154: GFLOPs: 4285.4247. Time: 2.9974 us. Best GFLOPs: 4322.8870
2025-10-07 10:37:57 [INFO] [task_scheduler.cc:131] [Task #0: main] Trial #155: GFLOPs: 4078.3714. Time: 3.1496 us. Best GFLOPs: 4322.8870
2025-10-07 10:37:57 [INFO] [task_scheduler.cc:131] [Task #0: main] Trial #156: GFLOPs: 3291.8814. Time: 3.9020 us. Best GFLOPs: 4322.8870
2025-10-07 10:37:57 [INFO] [task_scheduler.cc:131] [Task #0: main] Trial #157: GFLOPs: 3683.7553. Time: 3.4869 us. Best GFLOPs: 4322.8870
2025-10-07 10:37:57 [INFO] [task_scheduler.cc:131] [Task #0: main] Trial #158: GFLOPs: 3671.3489. Time: 3.4987 us. Best GFLOPs: 4322.8870
2025-10-07 10:37:57 [INFO] [task_scheduler.cc:131] [Task #0: main] Trial #159: GFLOPs: 3785.0007. Time: 3.3937 us. Best GFLOPs: 4322.8870
2025-10-07 10:37:57 [INFO] [task_scheduler.cc:131] [Task #0: main] Trial #160: GFLOPs: 4288.5275. Time: 2.9952 us. Best GFLOPs: 4322.8870
2025-10-07 10:37:57 [INFO] [task_scheduler.cc:131] [Task #0: main] Trial #161: GFLOPs: 4148.3482. Time: 3.0964 us. Best GFLOPs: 4322.8870
2025-10-07 10:37:57 [INFO] [task_scheduler.cc:131] [Task #0: main] Trial #162: GFLOPs: 3503.1900. Time: 3.6667 us. Best GFLOPs: 4322.8870
2025-10-07 10:37:57 [INFO] [task_scheduler.cc:131] [Task #0: main] Trial #163: GFLOPs: 3211.7768. Time: 3.9994 us. Best GFLOPs: 4322.8870
2025-10-07 10:37:57 [INFO] [task_scheduler.cc:131] [Task #0: main] Trial #164: GFLOPs: 4120.4924. Time: 3.1174 us. Best GFLOPs: 4322.8870
2025-10-07 10:37:57 [INFO] [task_scheduler.cc:131] [Task #0: main] Trial #165: GFLOPs: 2926.0761. Time: 4.3899 us. Best GFLOPs: 4322.8870
2025-10-07 10:37:57 [INFO] [task_scheduler.cc:131] [Task #0: main] Trial #166: GFLOPs: 3528.6602. Time: 3.6402 us. Best GFLOPs: 4322.8870
2025-10-07 10:37:57 [INFO] [task_scheduler.cc:131] [Task #0: main] Trial #167: GFLOPs: 3558.9823. Time: 3.6092 us. Best GFLOPs: 4322.8870
2025-10-07 10:37:57 [INFO] [task_scheduler.cc:131] [Task #0: main] Trial #168: GFLOPs: 3473.9191. Time: 3.6976 us. Best GFLOPs: 4322.8870
2025-10-07 10:37:57 [INFO] [task_scheduler.cc:131] [Task #0: main] Trial #169: GFLOPs: 4041.9573. Time: 3.1779 us. Best GFLOPs: 4322.8870
2025-10-07 10:37:57 [INFO] [task_scheduler.cc:131] [Task #0: main] Trial #170: GFLOPs: 3565.2312. Time: 3.6029 us. Best GFLOPs: 4322.8870
2025-10-07 10:37:57 [INFO] [task_scheduler.cc:131] [Task #0: main] Trial #171: GFLOPs: 4174.7161. Time: 3.0769 us. Best GFLOPs: 4322.8870
2025-10-07 10:37:57 [INFO] [task_scheduler.cc:131] [Task #0: main] Trial #172: GFLOPs: 3781.0644. Time: 3.3972 us. Best GFLOPs: 4322.8870
2025-10-07 10:37:57 [INFO] [task_scheduler.cc:131] [Task #0: main] Trial #173: GFLOPs: 3566.2196. Time: 3.6019 us. Best GFLOPs: 4322.8870
2025-10-07 10:37:57 [INFO] [task_scheduler.cc:131] [Task #0: main] Trial #174: GFLOPs: 3879.9070. Time: 3.3107 us. Best GFLOPs: 4322.8870
2025-10-07 10:37:57 [INFO] [task_scheduler.cc:131] [Task #0: main] Trial #175: GFLOPs: 3615.3930. Time: 3.5529 us. Best GFLOPs: 4322.8870
2025-10-07 10:37:57 [INFO] [task_scheduler.cc:131] [Task #0: main] Trial #176: GFLOPs: 3709.9907. Time: 3.4623 us. Best GFLOPs: 4322.8870
2025-10-07 10:37:57 [INFO] [task_scheduler.cc:131] [Task #0: main] Trial #177: GFLOPs: 4058.3767. Time: 3.1651 us. Best GFLOPs: 4322.8870
2025-10-07 10:37:57 [INFO] [task_scheduler.cc:131] [Task #0: main] Trial #178: GFLOPs: 3487.9905. Time: 3.6827 us. Best GFLOPs: 4322.8870
2025-10-07 10:37:57 [INFO] [task_scheduler.cc:131] [Task #0: main] Trial #179: GFLOPs: 3732.6882. Time: 3.4412 us. Best GFLOPs: 4322.8870
2025-10-07 10:37:57 [INFO] [task_scheduler.cc:131] [Task #0: main] Trial #180: GFLOPs: 3391.9462. Time: 3.7869 us. Best GFLOPs: 4322.8870
2025-10-07 10:37:57 [INFO] [task_scheduler.cc:131] [Task #0: main] Trial #181: GFLOPs: 3984.1945. Time: 3.2240 us. Best GFLOPs: 4322.8870
2025-10-07 10:37:57 [INFO] [task_scheduler.cc:131] [Task #0: main] Trial #182: GFLOPs: 3870.9539. Time: 3.3183 us. Best GFLOPs: 4322.8870
2025-10-07 10:37:57 [INFO] [task_scheduler.cc:131] [Task #0: main] Trial #183: GFLOPs: 4185.2527. Time: 3.0691 us. Best GFLOPs: 4322.8870
2025-10-07 10:37:57 [INFO] [task_scheduler.cc:131] [Task #0: main] Trial #184: GFLOPs: 3960.7479. Time: 3.2431 us. Best GFLOPs: 4322.8870
2025-10-07 10:37:57 [INFO] [task_scheduler.cc:131] [Task #0: main] Trial #185: GFLOPs: 3759.1864. Time: 3.4170 us. Best GFLOPs: 4322.8870
2025-10-07 10:37:57 [INFO] [task_scheduler.cc:131] [Task #0: main] Trial #186: GFLOPs: 4211.3424. Time: 3.0501 us. Best GFLOPs: 4322.8870
2025-10-07 10:37:57 [INFO] [task_scheduler.cc:131] [Task #0: main] Trial #187: GFLOPs: 3516.3474. Time: 3.6530 us. Best GFLOPs: 4322.8870
2025-10-07 10:37:57 [INFO] [task_scheduler.cc:131] [Task #0: main] Trial #188: GFLOPs: 3605.4274. Time: 3.5627 us. Best GFLOPs: 4322.8870
2025-10-07 10:37:57 [INFO] [task_scheduler.cc:131] [Task #0: main] Trial #189: GFLOPs: 3868.3017. Time: 3.3206 us. Best GFLOPs: 4322.8870
2025-10-07 10:37:57 [INFO] [task_scheduler.cc:131] [Task #0: main] Trial #190: GFLOPs: 3780.8841. Time: 3.3974 us. Best GFLOPs: 4322.8870
2025-10-07 10:37:57 [INFO] [task_scheduler.cc:131] [Task #0: main] Trial #191: GFLOPs: 1587.5717. Time: 8.0910 us. Best GFLOPs: 4322.8870
2025-10-07 10:37:57 [INFO] [task_scheduler.cc:131] [Task #0: main] Trial #192: GFLOPs: 1996.0847. Time: 6.4351 us. Best GFLOPs: 4322.8870
2025-10-07 10:37:57 [INFO] [evolutionary_search.cc:713] Generating candidates......
2025-10-07 10:37:59 [INFO] [evolutionary_search.cc:715] Picked top 102 candidate(s) from database
2025-10-07 10:38:03 [INFO] [evolutionary_search.cc:533] Sample-Init-Population summary:
Postproc #0 [meta_schedule.DisallowDynamicLoop(0x10c88718)]: 0 failure(s)
Postproc #1 [meta_schedule.RewriteCooperativeFetch(0x105f7608)]: 0 failure(s)
Postproc #2 [meta_schedule.RewriteUnboundBlock(0x11a60e48)]: 0 failure(s)
Postproc #3 [meta_schedule.RewriteParallelVectorizeUnroll(0x11a97d58)]: 0 failure(s)
Postproc #4 [meta_schedule.RewriteReductionBlock(0x10bef6a8)]: 0 failure(s)
Postproc #5 [meta_schedule.VerifyGPUCode(0x10fa7ce8)]: 274 failure(s)
Postproc #6 [meta_schedule.RewriteTensorize(0x1058b898)]: 0 failure(s)
2025-10-07 10:38:03 [INFO] [evolutionary_search.cc:723] Sampled 136 candidate(s)
2025-10-07 10:38:10 [INFO] [evolutionary_search.cc:621] Evolve iter #0 done. Summary:
Postproc #0 [meta_schedule.DisallowDynamicLoop(0x10c88718)]: 0 failure(s)
Postproc #1 [meta_schedule.RewriteCooperativeFetch(0x105f7608)]: 0 failure(s)
Postproc #2 [meta_schedule.RewriteUnboundBlock(0x11a60e48)]: 0 failure(s)
Postproc #3 [meta_schedule.RewriteParallelVectorizeUnroll(0x11a97d58)]: 0 failure(s)
Postproc #4 [meta_schedule.RewriteReductionBlock(0x10bef6a8)]: 0 failure(s)
Postproc #5 [meta_schedule.VerifyGPUCode(0x10fa7ce8)]: 65 failure(s)
Postproc #6 [meta_schedule.RewriteTensorize(0x1058b898)]: 0 failure(s)
2025-10-07 10:38:18 [INFO] [evolutionary_search.cc:621] Evolve iter #1 done. Summary:
Postproc #0 [meta_schedule.DisallowDynamicLoop(0x10c88718)]: 0 failure(s)
Postproc #1 [meta_schedule.RewriteCooperativeFetch(0x105f7608)]: 0 failure(s)
Postproc #2 [meta_schedule.RewriteUnboundBlock(0x11a60e48)]: 0 failure(s)
Postproc #3 [meta_schedule.RewriteParallelVectorizeUnroll(0x11a97d58)]: 0 failure(s)
Postproc #4 [meta_schedule.RewriteReductionBlock(0x10bef6a8)]: 0 failure(s)
Postproc #5 [meta_schedule.VerifyGPUCode(0x10fa7ce8)]: 81 failure(s)
Postproc #6 [meta_schedule.RewriteTensorize(0x1058b898)]: 0 failure(s)
2025-10-07 10:38:27 [INFO] [evolutionary_search.cc:621] Evolve iter #2 done. Summary:
Postproc #0 [meta_schedule.DisallowDynamicLoop(0x10c88718)]: 0 failure(s)
Postproc #1 [meta_schedule.RewriteCooperativeFetch(0x105f7608)]: 0 failure(s)
Postproc #2 [meta_schedule.RewriteUnboundBlock(0x11a60e48)]: 0 failure(s)
Postproc #3 [meta_schedule.RewriteParallelVectorizeUnroll(0x11a97d58)]: 0 failure(s)
Postproc #4 [meta_schedule.RewriteReductionBlock(0x10bef6a8)]: 0 failure(s)
Postproc #5 [meta_schedule.VerifyGPUCode(0x10fa7ce8)]: 73 failure(s)
Postproc #6 [meta_schedule.RewriteTensorize(0x1058b898)]: 0 failure(s)
2025-10-07 10:38:35 [INFO] [evolutionary_search.cc:621] Evolve iter #3 done. Summary:
Postproc #0 [meta_schedule.DisallowDynamicLoop(0x10c88718)]: 0 failure(s)
Postproc #1 [meta_schedule.RewriteCooperativeFetch(0x105f7608)]: 0 failure(s)
Postproc #2 [meta_schedule.RewriteUnboundBlock(0x11a60e48)]: 0 failure(s)
Postproc #3 [meta_schedule.RewriteParallelVectorizeUnroll(0x11a97d58)]: 0 failure(s)
Postproc #4 [meta_schedule.RewriteReductionBlock(0x10bef6a8)]: 0 failure(s)
Postproc #5 [meta_schedule.VerifyGPUCode(0x10fa7ce8)]: 73 failure(s)
Postproc #6 [meta_schedule.RewriteTensorize(0x1058b898)]: 0 failure(s)
2025-10-07 10:38:37 [INFO] [evolutionary_search.cc:649] Scores of the best 64 candidates:
[1 : 16]:	0.9876  0.9847  0.9845  0.9835  0.9800  0.9781  0.9757  0.9748  0.9746  0.9732  0.9732  0.9716  0.9716  0.9683  0.9683  0.9681
[17 : 32]:	0.9669  0.9640  0.9640  0.9628  0.9628  0.9606  0.9605  0.9600  0.9594  0.9571  0.9571  0.9565  0.9565  0.9554  0.9554  0.9533
[33 : 48]:	0.9531  0.9508  0.9484  0.9484  0.9469  0.9455  0.9451  0.9435  0.9435  0.9418  0.9403  0.9393  0.9393  0.9391  0.9385  0.9385
[49 : 64]:	0.9380  0.9380  0.9368  0.9363  0.9360  0.9356  0.9354  0.9335  0.9329  0.9326  0.9326  0.9324  0.9318  0.9317  0.9317  0.9307
2025-10-07 10:38:37 [INFO] [evolutionary_search.cc:727] Got 64 candidate(s) with evolutionary search
2025-10-07 10:38:37 [INFO] [evolutionary_search.cc:730] Sending 64 candidates(s) for measurement
2025-10-07 10:39:05 [INFO] [task_scheduler.cc:131] [Task #0: main] Trial #193: GFLOPs: 3849.4034. Time: 3.3369 us. Best GFLOPs: 4322.8870
2025-10-07 10:39:05 [INFO] [task_scheduler.cc:131] [Task #0: main] Trial #194: GFLOPs: 3843.6707. Time: 3.3419 us. Best GFLOPs: 4322.8870
2025-10-07 10:39:05 [INFO] [task_scheduler.cc:131] [Task #0: main] Trial #195: GFLOPs: 3888.2319. Time: 3.3036 us. Best GFLOPs: 4322.8870
2025-10-07 10:39:05 [INFO] [task_scheduler.cc:131] [Task #0: main] Trial #196: GFLOPs: 3682.4187. Time: 3.4882 us. Best GFLOPs: 4322.8870
2025-10-07 10:39:05 [INFO] [task_scheduler.cc:131] [Task #0: main] Trial #197: GFLOPs: 4513.9610. Time: 2.8456 us. Best GFLOPs: 4513.9610
2025-10-07 10:39:05 [INFO] [task_scheduler.cc:131] [Task #0: main] Trial #198: GFLOPs: 3604.7273. Time: 3.5634 us. Best GFLOPs: 4513.9610
2025-10-07 10:39:05 [INFO] [task_scheduler.cc:131] [Task #0: main] Trial #199: GFLOPs: 3616.4949. Time: 3.5518 us. Best GFLOPs: 4513.9610
2025-10-07 10:39:05 [INFO] [task_scheduler.cc:131] [Task #0: main] Trial #200: GFLOPs: 3679.0507. Time: 3.4914 us. Best GFLOPs: 4513.9610
2025-10-07 10:39:05 [INFO] [task_scheduler.cc:131] [Task #0: main] Trial #201: GFLOPs: 3152.0861. Time: 4.0751 us. Best GFLOPs: 4513.9610
2025-10-07 10:39:05 [INFO] [task_scheduler.cc:131] [Task #0: main] Trial #202: GFLOPs: 3717.0211. Time: 3.4557 us. Best GFLOPs: 4513.9610
2025-10-07 10:39:05 [INFO] [task_scheduler.cc:131] [Task #0: main] Trial #203: GFLOPs: 3418.5419. Time: 3.7575 us. Best GFLOPs: 4513.9610
2025-10-07 10:39:05 [INFO] [task_scheduler.cc:131] [Task #0: main] Trial #204: GFLOPs: 3585.2863. Time: 3.5827 us. Best GFLOPs: 4513.9610
2025-10-07 10:39:05 [INFO] [task_scheduler.cc:131] [Task #0: main] Trial #205: GFLOPs: 3923.5210. Time: 3.2739 us. Best GFLOPs: 4513.9610
2025-10-07 10:39:05 [INFO] [task_scheduler.cc:131] [Task #0: main] Trial #206: GFLOPs: 4075.5601. Time: 3.1517 us. Best GFLOPs: 4513.9610
2025-10-07 10:39:05 [INFO] [task_scheduler.cc:131] [Task #0: main] Trial #207: GFLOPs: 3807.1846. Time: 3.3739 us. Best GFLOPs: 4513.9610
2025-10-07 10:39:05 [INFO] [task_scheduler.cc:131] [Task #0: main] Trial #208: GFLOPs: 4112.3589. Time: 3.1235 us. Best GFLOPs: 4513.9610
2025-10-07 10:39:05 [INFO] [task_scheduler.cc:131] [Task #0: main] Trial #209: GFLOPs: 3988.0130. Time: 3.2209 us. Best GFLOPs: 4513.9610
2025-10-07 10:39:05 [INFO] [task_scheduler.cc:131] [Task #0: main] Trial #210: GFLOPs: 3326.9319. Time: 3.8609 us. Best GFLOPs: 4513.9610
2025-10-07 10:39:05 [INFO] [task_scheduler.cc:131] [Task #0: main] Trial #211: GFLOPs: 4209.4462. Time: 3.0515 us. Best GFLOPs: 4513.9610
2025-10-07 10:39:05 [INFO] [task_scheduler.cc:131] [Task #0: main] Trial #212: GFLOPs: 3958.9264. Time: 3.2446 us. Best GFLOPs: 4513.9610
2025-10-07 10:39:05 [INFO] [task_scheduler.cc:131] [Task #0: main] Trial #213: GFLOPs: 4061.3762. Time: 3.1627 us. Best GFLOPs: 4513.9610
2025-10-07 10:39:05 [INFO] [task_scheduler.cc:131] [Task #0: main] Trial #214: GFLOPs: 4313.5540. Time: 2.9778 us. Best GFLOPs: 4513.9610
2025-10-07 10:39:05 [INFO] [task_scheduler.cc:131] [Task #0: main] Trial #215: GFLOPs: 4027.1951. Time: 3.1896 us. Best GFLOPs: 4513.9610
2025-10-07 10:39:05 [INFO] [task_scheduler.cc:131] [Task #0: main] Trial #216: GFLOPs: 3803.1210. Time: 3.3775 us. Best GFLOPs: 4513.9610
2025-10-07 10:39:05 [INFO] [task_scheduler.cc:131] [Task #0: main] Trial #217: GFLOPs: 4383.5635. Time: 2.9303 us. Best GFLOPs: 4513.9610
2025-10-07 10:39:05 [INFO] [task_scheduler.cc:131] [Task #0: main] Trial #218: GFLOPs: 4042.6957. Time: 3.1773 us. Best GFLOPs: 4513.9610
2025-10-07 10:39:05 [INFO] [task_scheduler.cc:131] [Task #0: main] Trial #219: GFLOPs: 3506.7668. Time: 3.6629 us. Best GFLOPs: 4513.9610
2025-10-07 10:39:05 [INFO] [task_scheduler.cc:131] [Task #0: main] Trial #220: GFLOPs: 4401.0256. Time: 2.9187 us. Best GFLOPs: 4513.9610
2025-10-07 10:39:05 [INFO] [task_scheduler.cc:131] [Task #0: main] Trial #221: GFLOPs: 3627.5308. Time: 3.5410 us. Best GFLOPs: 4513.9610
2025-10-07 10:39:05 [INFO] [task_scheduler.cc:131] [Task #0: main] Trial #222: GFLOPs: 3539.3490. Time: 3.6292 us. Best GFLOPs: 4513.9610
2025-10-07 10:39:05 [INFO] [task_scheduler.cc:131] [Task #0: main] Trial #223: GFLOPs: 4325.3506. Time: 2.9697 us. Best GFLOPs: 4513.9610
2025-10-07 10:39:05 [INFO] [task_scheduler.cc:131] [Task #0: main] Trial #224: GFLOPs: 4109.2929. Time: 3.1259 us. Best GFLOPs: 4513.9610
2025-10-07 10:39:05 [INFO] [task_scheduler.cc:131] [Task #0: main] Trial #225: GFLOPs: 3005.2456. Time: 4.2742 us. Best GFLOPs: 4513.9610
2025-10-07 10:39:05 [INFO] [task_scheduler.cc:131] [Task #0: main] Trial #226: GFLOPs: 4148.5507. Time: 3.0963 us. Best GFLOPs: 4513.9610
2025-10-07 10:39:05 [INFO] [task_scheduler.cc:131] [Task #0: main] Trial #227: GFLOPs: 3746.8987. Time: 3.4282 us. Best GFLOPs: 4513.9610
2025-10-07 10:39:05 [INFO] [task_scheduler.cc:131] [Task #0: main] Trial #228: GFLOPs: 4462.1152. Time: 2.8787 us. Best GFLOPs: 4513.9610
2025-10-07 10:39:05 [INFO] [task_scheduler.cc:131] [Task #0: main] Trial #229: GFLOPs: 4278.7152. Time: 3.0021 us. Best GFLOPs: 4513.9610
2025-10-07 10:39:05 [INFO] [task_scheduler.cc:131] [Task #0: main] Trial #230: GFLOPs: 4052.9365. Time: 3.1693 us. Best GFLOPs: 4513.9610
2025-10-07 10:39:05 [INFO] [task_scheduler.cc:131] [Task #0: main] Trial #231: GFLOPs: 4166.9486. Time: 3.0826 us. Best GFLOPs: 4513.9610
2025-10-07 10:39:05 [INFO] [task_scheduler.cc:131] [Task #0: main] Trial #232: GFLOPs: 4154.1948. Time: 3.0921 us. Best GFLOPs: 4513.9610
2025-10-07 10:39:05 [INFO] [task_scheduler.cc:131] [Task #0: main] Trial #233: GFLOPs: 3654.6687. Time: 3.5147 us. Best GFLOPs: 4513.9610
2025-10-07 10:39:05 [INFO] [task_scheduler.cc:131] [Task #0: main] Trial #234: GFLOPs: 4005.8981. Time: 3.2065 us. Best GFLOPs: 4513.9610
2025-10-07 10:39:05 [INFO] [task_scheduler.cc:131] [Task #0: main] Trial #235: GFLOPs: 3342.8517. Time: 3.8425 us. Best GFLOPs: 4513.9610
2025-10-07 10:39:05 [INFO] [task_scheduler.cc:131] [Task #0: main] Trial #236: GFLOPs: 4258.8162. Time: 3.0161 us. Best GFLOPs: 4513.9610
2025-10-07 10:39:05 [INFO] [task_scheduler.cc:131] [Task #0: main] Trial #237: GFLOPs: 4178.1837. Time: 3.0743 us. Best GFLOPs: 4513.9610
2025-10-07 10:39:05 [INFO] [task_scheduler.cc:131] [Task #0: main] Trial #238: GFLOPs: 3765.2286. Time: 3.4115 us. Best GFLOPs: 4513.9610
2025-10-07 10:39:05 [INFO] [task_scheduler.cc:131] [Task #0: main] Trial #239: GFLOPs: 4378.1845. Time: 2.9339 us. Best GFLOPs: 4513.9610
2025-10-07 10:39:05 [INFO] [task_scheduler.cc:131] [Task #0: main] Trial #240: GFLOPs: 3740.1028. Time: 3.4344 us. Best GFLOPs: 4513.9610
2025-10-07 10:39:05 [INFO] [task_scheduler.cc:131] [Task #0: main] Trial #241: GFLOPs: 4164.9998. Time: 3.0840 us. Best GFLOPs: 4513.9610
2025-10-07 10:39:05 [INFO] [task_scheduler.cc:131] [Task #0: main] Trial #242: GFLOPs: 3551.2929. Time: 3.6170 us. Best GFLOPs: 4513.9610
2025-10-07 10:39:05 [INFO] [task_scheduler.cc:131] [Task #0: main] Trial #243: GFLOPs: 4336.3706. Time: 2.9622 us. Best GFLOPs: 4513.9610
2025-10-07 10:39:05 [INFO] [task_scheduler.cc:131] [Task #0: main] Trial #244: GFLOPs: 4219.6507. Time: 3.0441 us. Best GFLOPs: 4513.9610
2025-10-07 10:39:05 [INFO] [task_scheduler.cc:131] [Task #0: main] Trial #245: GFLOPs: 3749.8642. Time: 3.4255 us. Best GFLOPs: 4513.9610
2025-10-07 10:39:05 [INFO] [task_scheduler.cc:131] [Task #0: main] Trial #246: GFLOPs: 4009.2329. Time: 3.2039 us. Best GFLOPs: 4513.9610
2025-10-07 10:39:05 [INFO] [task_scheduler.cc:131] [Task #0: main] Trial #247: GFLOPs: 4158.7963. Time: 3.0886 us. Best GFLOPs: 4513.9610
2025-10-07 10:39:05 [INFO] [task_scheduler.cc:131] [Task #0: main] Trial #248: GFLOPs: 3982.8060. Time: 3.2251 us. Best GFLOPs: 4513.9610
2025-10-07 10:39:05 [INFO] [task_scheduler.cc:131] [Task #0: main] Trial #249: GFLOPs: 3570.3482. Time: 3.5977 us. Best GFLOPs: 4513.9610
2025-10-07 10:39:05 [INFO] [task_scheduler.cc:131] [Task #0: main] Trial #250: GFLOPs: 4049.3539. Time: 3.1721 us. Best GFLOPs: 4513.9610
2025-10-07 10:39:05 [INFO] [task_scheduler.cc:131] [Task #0: main] Trial #251: GFLOPs: 3889.3359. Time: 3.3026 us. Best GFLOPs: 4513.9610
2025-10-07 10:39:05 [INFO] [task_scheduler.cc:131] [Task #0: main] Trial #252: GFLOPs: 3540.8461. Time: 3.6277 us. Best GFLOPs: 4513.9610
2025-10-07 10:39:05 [INFO] [task_scheduler.cc:131] [Task #0: main] Trial #253: GFLOPs: 4067.5250. Time: 3.1580 us. Best GFLOPs: 4513.9610
2025-10-07 10:39:05 [INFO] [task_scheduler.cc:131] [Task #0: main] Trial #254: GFLOPs: 2815.6155. Time: 4.5621 us. Best GFLOPs: 4513.9610
2025-10-07 10:39:05 [INFO] [task_scheduler.cc:131] [Task #0: main] Trial #255: GFLOPs: 1366.7593. Time: 9.3982 us. Best GFLOPs: 4513.9610
2025-10-07 10:39:05 [INFO] [task_scheduler.cc:131] [Task #0: main] Trial #256: GFLOPs: 1359.0815. Time: 9.4513 us. Best GFLOPs: 4513.9610
2025-10-07 10:39:05 [INFO] [evolutionary_search.cc:713] Generating candidates......
2025-10-07 10:39:07 [INFO] [evolutionary_search.cc:715] Picked top 102 candidate(s) from database
2025-10-07 10:39:11 [INFO] [evolutionary_search.cc:533] Sample-Init-Population summary:
Postproc #0 [meta_schedule.DisallowDynamicLoop(0x10c88718)]: 0 failure(s)
Postproc #1 [meta_schedule.RewriteCooperativeFetch(0x105f7608)]: 0 failure(s)
Postproc #2 [meta_schedule.RewriteUnboundBlock(0x11a60e48)]: 0 failure(s)
Postproc #3 [meta_schedule.RewriteParallelVectorizeUnroll(0x11a97d58)]: 0 failure(s)
Postproc #4 [meta_schedule.RewriteReductionBlock(0x10bef6a8)]: 0 failure(s)
Postproc #5 [meta_schedule.VerifyGPUCode(0x10fa7ce8)]: 256 failure(s)
Postproc #6 [meta_schedule.RewriteTensorize(0x1058b898)]: 0 failure(s)
2025-10-07 10:39:11 [INFO] [evolutionary_search.cc:723] Sampled 154 candidate(s)
2025-10-07 10:39:18 [INFO] [evolutionary_search.cc:621] Evolve iter #0 done. Summary:
Postproc #0 [meta_schedule.DisallowDynamicLoop(0x10c88718)]: 0 failure(s)
Postproc #1 [meta_schedule.RewriteCooperativeFetch(0x105f7608)]: 0 failure(s)
Postproc #2 [meta_schedule.RewriteUnboundBlock(0x11a60e48)]: 0 failure(s)
Postproc #3 [meta_schedule.RewriteParallelVectorizeUnroll(0x11a97d58)]: 0 failure(s)
Postproc #4 [meta_schedule.RewriteReductionBlock(0x10bef6a8)]: 0 failure(s)
Postproc #5 [meta_schedule.VerifyGPUCode(0x10fa7ce8)]: 56 failure(s)
Postproc #6 [meta_schedule.RewriteTensorize(0x1058b898)]: 0 failure(s)
2025-10-07 10:39:26 [INFO] [evolutionary_search.cc:621] Evolve iter #1 done. Summary:
Postproc #0 [meta_schedule.DisallowDynamicLoop(0x10c88718)]: 0 failure(s)
Postproc #1 [meta_schedule.RewriteCooperativeFetch(0x105f7608)]: 0 failure(s)
Postproc #2 [meta_schedule.RewriteUnboundBlock(0x11a60e48)]: 0 failure(s)
Postproc #3 [meta_schedule.RewriteParallelVectorizeUnroll(0x11a97d58)]: 0 failure(s)
Postproc #4 [meta_schedule.RewriteReductionBlock(0x10bef6a8)]: 0 failure(s)
Postproc #5 [meta_schedule.VerifyGPUCode(0x10fa7ce8)]: 54 failure(s)
Postproc #6 [meta_schedule.RewriteTensorize(0x1058b898)]: 0 failure(s)
2025-10-07 10:39:34 [INFO] [evolutionary_search.cc:621] Evolve iter #2 done. Summary:
Postproc #0 [meta_schedule.DisallowDynamicLoop(0x10c88718)]: 0 failure(s)
Postproc #1 [meta_schedule.RewriteCooperativeFetch(0x105f7608)]: 0 failure(s)
Postproc #2 [meta_schedule.RewriteUnboundBlock(0x11a60e48)]: 0 failure(s)
Postproc #3 [meta_schedule.RewriteParallelVectorizeUnroll(0x11a97d58)]: 0 failure(s)
Postproc #4 [meta_schedule.RewriteReductionBlock(0x10bef6a8)]: 0 failure(s)
Postproc #5 [meta_schedule.VerifyGPUCode(0x10fa7ce8)]: 71 failure(s)
Postproc #6 [meta_schedule.RewriteTensorize(0x1058b898)]: 0 failure(s)
2025-10-07 10:39:43 [INFO] [evolutionary_search.cc:621] Evolve iter #3 done. Summary:
Postproc #0 [meta_schedule.DisallowDynamicLoop(0x10c88718)]: 0 failure(s)
Postproc #1 [meta_schedule.RewriteCooperativeFetch(0x105f7608)]: 0 failure(s)
Postproc #2 [meta_schedule.RewriteUnboundBlock(0x11a60e48)]: 0 failure(s)
Postproc #3 [meta_schedule.RewriteParallelVectorizeUnroll(0x11a97d58)]: 0 failure(s)
Postproc #4 [meta_schedule.RewriteReductionBlock(0x10bef6a8)]: 0 failure(s)
Postproc #5 [meta_schedule.VerifyGPUCode(0x10fa7ce8)]: 71 failure(s)
Postproc #6 [meta_schedule.RewriteTensorize(0x1058b898)]: 0 failure(s)
2025-10-07 10:39:45 [INFO] [evolutionary_search.cc:649] Scores of the best 64 candidates:
[1 : 16]:	0.9476  0.9300  0.9300  0.9295  0.9278  0.9255  0.9247  0.9238  0.9213  0.9211  0.9206  0.9145  0.9119  0.9108  0.9101  0.9100
[17 : 32]:	0.9089  0.9073  0.9066  0.9063  0.9057  0.9057  0.9052  0.9049  0.9049  0.9049  0.9046  0.9045  0.9042  0.9037  0.9037  0.9036
[33 : 48]:	0.9032  0.9014  0.9012  0.9001  0.8996  0.8990  0.8983  0.8983  0.8979  0.8976  0.8972  0.8972  0.8965  0.8958  0.8957  0.8956
[49 : 64]:	0.8956  0.8954  0.8952  0.8946  0.8944  0.8944  0.8942  0.8942  0.8942  0.8929  0.8924  0.8924  0.8923  0.8894  0.8887  0.8884
2025-10-07 10:39:45 [INFO] [evolutionary_search.cc:727] Got 64 candidate(s) with evolutionary search
2025-10-07 10:39:45 [INFO] [evolutionary_search.cc:730] Sending 64 candidates(s) for measurement
2025-10-07 10:40:13 [INFO] [task_scheduler.cc:131] [Task #0: main] Trial #257: GFLOPs: 4357.1470. Time: 2.9480 us. Best GFLOPs: 4513.9610
2025-10-07 10:40:13 [INFO] [task_scheduler.cc:131] [Task #0: main] Trial #258: GFLOPs: 3949.5395. Time: 3.2523 us. Best GFLOPs: 4513.9610
2025-10-07 10:40:13 [INFO] [task_scheduler.cc:131] [Task #0: main] Trial #259: GFLOPs: 4403.9387. Time: 2.9167 us. Best GFLOPs: 4513.9610
2025-10-07 10:40:13 [INFO] [task_scheduler.cc:131] [Task #0: main] Trial #260: GFLOPs: 4486.9909. Time: 2.8627 us. Best GFLOPs: 4513.9610
2025-10-07 10:40:13 [INFO] [task_scheduler.cc:131] [Task #0: main] Trial #261: GFLOPs: 3380.0289. Time: 3.8003 us. Best GFLOPs: 4513.9610
2025-10-07 10:40:13 [INFO] [task_scheduler.cc:131] [Task #0: main] Trial #262: GFLOPs: 4082.0592. Time: 3.1467 us. Best GFLOPs: 4513.9610
2025-10-07 10:40:13 [INFO] [task_scheduler.cc:131] [Task #0: main] Trial #263: GFLOPs: 4353.0085. Time: 2.9508 us. Best GFLOPs: 4513.9610
2025-10-07 10:40:13 [INFO] [task_scheduler.cc:131] [Task #0: main] Trial #264: GFLOPs: 3923.2434. Time: 3.2741 us. Best GFLOPs: 4513.9610
2025-10-07 10:40:13 [INFO] [task_scheduler.cc:131] [Task #0: main] Trial #265: GFLOPs: 4282.6330. Time: 2.9993 us. Best GFLOPs: 4513.9610
2025-10-07 10:40:13 [INFO] [task_scheduler.cc:131] [Task #0: main] Trial #266: GFLOPs: 3766.1940. Time: 3.4106 us. Best GFLOPs: 4513.9610
2025-10-07 10:40:13 [INFO] [task_scheduler.cc:131] [Task #0: main] Trial #267: GFLOPs: 3354.9654. Time: 3.8287 us. Best GFLOPs: 4513.9610
2025-10-07 10:40:13 [INFO] [task_scheduler.cc:131] [Task #0: main] Trial #268: GFLOPs: 4120.2644. Time: 3.1175 us. Best GFLOPs: 4513.9610
2025-10-07 10:40:13 [INFO] [task_scheduler.cc:131] [Task #0: main] Trial #269: GFLOPs: 3813.0296. Time: 3.3687 us. Best GFLOPs: 4513.9610
2025-10-07 10:40:13 [INFO] [task_scheduler.cc:131] [Task #0: main] Trial #270: GFLOPs: 4270.8775. Time: 3.0076 us. Best GFLOPs: 4513.9610
2025-10-07 10:40:13 [INFO] [task_scheduler.cc:131] [Task #0: main] Trial #271: GFLOPs: 4202.8717. Time: 3.0563 us. Best GFLOPs: 4513.9610
2025-10-07 10:40:13 [INFO] [task_scheduler.cc:131] [Task #0: main] Trial #272: GFLOPs: 3347.1438. Time: 3.8376 us. Best GFLOPs: 4513.9610
2025-10-07 10:40:13 [INFO] [task_scheduler.cc:131] [Task #0: main] Trial #273: GFLOPs: 4278.8460. Time: 3.0020 us. Best GFLOPs: 4513.9610
2025-10-07 10:40:13 [INFO] [task_scheduler.cc:131] [Task #0: main] Trial #274: GFLOPs: 3898.6338. Time: 3.2948 us. Best GFLOPs: 4513.9610
2025-10-07 10:40:13 [INFO] [task_scheduler.cc:131] [Task #0: main] Trial #275: GFLOPs: 4189.0810. Time: 3.0663 us. Best GFLOPs: 4513.9610
2025-10-07 10:40:13 [INFO] [task_scheduler.cc:131] [Task #0: main] Trial #276: GFLOPs: 3416.6092. Time: 3.7596 us. Best GFLOPs: 4513.9610
2025-10-07 10:40:13 [INFO] [task_scheduler.cc:131] [Task #0: main] Trial #277: GFLOPs: 3750.8916. Time: 3.4245 us. Best GFLOPs: 4513.9610
2025-10-07 10:40:13 [INFO] [task_scheduler.cc:131] [Task #0: main] Trial #278: GFLOPs: 4332.4858. Time: 2.9648 us. Best GFLOPs: 4513.9610
2025-10-07 10:40:13 [INFO] [task_scheduler.cc:131] [Task #0: main] Trial #279: GFLOPs: 3683.3256. Time: 3.4874 us. Best GFLOPs: 4513.9610
2025-10-07 10:40:13 [INFO] [task_scheduler.cc:131] [Task #0: main] Trial #280: GFLOPs: 4297.4974. Time: 2.9890 us. Best GFLOPs: 4513.9610
2025-10-07 10:40:13 [INFO] [task_scheduler.cc:131] [Task #0: main] Trial #281: GFLOPs: 3915.8249. Time: 3.2803 us. Best GFLOPs: 4513.9610
2025-10-07 10:40:13 [INFO] [task_scheduler.cc:131] [Task #0: main] Trial #282: GFLOPs: 4092.8710. Time: 3.1384 us. Best GFLOPs: 4513.9610
2025-10-07 10:40:13 [INFO] [task_scheduler.cc:131] [Task #0: main] Trial #283: GFLOPs: 3700.7117. Time: 3.4710 us. Best GFLOPs: 4513.9610
2025-10-07 10:40:13 [INFO] [task_scheduler.cc:131] [Task #0: main] Trial #284: GFLOPs: 2099.6996. Time: 6.1176 us. Best GFLOPs: 4513.9610
2025-10-07 10:40:13 [INFO] [task_scheduler.cc:131] [Task #0: main] Trial #285: GFLOPs: 4394.5997. Time: 2.9229 us. Best GFLOPs: 4513.9610
2025-10-07 10:40:13 [INFO] [task_scheduler.cc:131] [Task #0: main] Trial #286: GFLOPs: 4238.3816. Time: 3.0307 us. Best GFLOPs: 4513.9610
2025-10-07 10:40:13 [INFO] [task_scheduler.cc:131] [Task #0: main] Trial #287: GFLOPs: 4403.2676. Time: 2.9172 us. Best GFLOPs: 4513.9610
2025-10-07 10:40:13 [INFO] [task_scheduler.cc:131] [Task #0: main] Trial #288: GFLOPs: 3931.4006. Time: 3.2673 us. Best GFLOPs: 4513.9610
2025-10-07 10:40:13 [INFO] [task_scheduler.cc:131] [Task #0: main] Trial #289: GFLOPs: 3570.0128. Time: 3.5980 us. Best GFLOPs: 4513.9610
2025-10-07 10:40:13 [INFO] [task_scheduler.cc:131] [Task #0: main] Trial #290: GFLOPs: 3880.8597. Time: 3.3098 us. Best GFLOPs: 4513.9610
2025-10-07 10:40:13 [INFO] [task_scheduler.cc:131] [Task #0: main] Trial #291: GFLOPs: 3883.5526. Time: 3.3076 us. Best GFLOPs: 4513.9610
2025-10-07 10:40:13 [INFO] [task_scheduler.cc:131] [Task #0: main] Trial #292: GFLOPs: 4208.7078. Time: 3.0520 us. Best GFLOPs: 4513.9610
2025-10-07 10:40:13 [INFO] [task_scheduler.cc:131] [Task #0: main] Trial #293: GFLOPs: 4211.5702. Time: 3.0499 us. Best GFLOPs: 4513.9610
2025-10-07 10:40:13 [INFO] [task_scheduler.cc:131] [Task #0: main] Trial #294: GFLOPs: 4112.3718. Time: 3.1235 us. Best GFLOPs: 4513.9610
2025-10-07 10:40:13 [INFO] [task_scheduler.cc:131] [Task #0: main] Trial #295: GFLOPs: 4062.5674. Time: 3.1618 us. Best GFLOPs: 4513.9610
2025-10-07 10:40:13 [INFO] [task_scheduler.cc:131] [Task #0: main] Trial #296: GFLOPs: 3843.4130. Time: 3.3421 us. Best GFLOPs: 4513.9610
2025-10-07 10:40:13 [INFO] [task_scheduler.cc:131] [Task #0: main] Trial #297: GFLOPs: 3777.4830. Time: 3.4004 us. Best GFLOPs: 4513.9610
2025-10-07 10:40:13 [INFO] [task_scheduler.cc:131] [Task #0: main] Trial #298: GFLOPs: 3839.3037. Time: 3.3457 us. Best GFLOPs: 4513.9610
2025-10-07 10:40:13 [INFO] [task_scheduler.cc:131] [Task #0: main] Trial #299: GFLOPs: 3802.7921. Time: 3.3778 us. Best GFLOPs: 4513.9610
2025-10-07 10:40:13 [INFO] [task_scheduler.cc:131] [Task #0: main] Trial #300: GFLOPs: 3826.3825. Time: 3.3570 us. Best GFLOPs: 4513.9610
2025-10-07 10:40:13 [INFO] [task_scheduler.cc:131] [Task #0: main] Trial #301: GFLOPs: 4191.2654. Time: 3.0647 us. Best GFLOPs: 4513.9610
2025-10-07 10:40:13 [INFO] [task_scheduler.cc:131] [Task #0: main] Trial #302: GFLOPs: 4248.7272. Time: 3.0233 us. Best GFLOPs: 4513.9610
2025-10-07 10:40:13 [INFO] [task_scheduler.cc:131] [Task #0: main] Trial #303: GFLOPs: 4343.6724. Time: 2.9572 us. Best GFLOPs: 4513.9610
2025-10-07 10:40:13 [INFO] [task_scheduler.cc:131] [Task #0: main] Trial #304: GFLOPs: 3861.7228. Time: 3.3263 us. Best GFLOPs: 4513.9610
2025-10-07 10:40:13 [INFO] [task_scheduler.cc:131] [Task #0: main] Trial #305: GFLOPs: 4068.3488. Time: 3.1573 us. Best GFLOPs: 4513.9610
2025-10-07 10:40:13 [INFO] [task_scheduler.cc:131] [Task #0: main] Trial #306: GFLOPs: 4190.8680. Time: 3.0650 us. Best GFLOPs: 4513.9610
2025-10-07 10:40:13 [INFO] [task_scheduler.cc:131] [Task #0: main] Trial #307: GFLOPs: 3882.4885. Time: 3.3085 us. Best GFLOPs: 4513.9610
2025-10-07 10:40:13 [INFO] [task_scheduler.cc:131] [Task #0: main] Trial #308: GFLOPs: 3883.7714. Time: 3.3074 us. Best GFLOPs: 4513.9610
2025-10-07 10:40:13 [INFO] [task_scheduler.cc:131] [Task #0: main] Trial #309: GFLOPs: 3952.2116. Time: 3.2501 us. Best GFLOPs: 4513.9610
2025-10-07 10:40:13 [INFO] [task_scheduler.cc:131] [Task #0: main] Trial #310: GFLOPs: 4063.5101. Time: 3.1611 us. Best GFLOPs: 4513.9610
2025-10-07 10:40:13 [INFO] [task_scheduler.cc:131] [Task #0: main] Trial #311: GFLOPs: 3779.2823. Time: 3.3988 us. Best GFLOPs: 4513.9610
2025-10-07 10:40:13 [INFO] [task_scheduler.cc:131] [Task #0: main] Trial #312: GFLOPs: 3893.1705. Time: 3.2994 us. Best GFLOPs: 4513.9610
2025-10-07 10:40:13 [INFO] [task_scheduler.cc:131] [Task #0: main] Trial #313: GFLOPs: 3473.9988. Time: 3.6975 us. Best GFLOPs: 4513.9610
2025-10-07 10:40:13 [INFO] [task_scheduler.cc:131] [Task #0: main] Trial #314: GFLOPs: 3798.8254. Time: 3.3813 us. Best GFLOPs: 4513.9610
2025-10-07 10:40:13 [INFO] [task_scheduler.cc:131] [Task #0: main] Trial #315: GFLOPs: 3963.8647. Time: 3.2405 us. Best GFLOPs: 4513.9610
2025-10-07 10:40:13 [INFO] [task_scheduler.cc:131] [Task #0: main] Trial #316: GFLOPs: 4223.7348. Time: 3.0412 us. Best GFLOPs: 4513.9610
2025-10-07 10:40:13 [INFO] [task_scheduler.cc:131] [Task #0: main] Trial #317: GFLOPs: 3989.9826. Time: 3.2193 us. Best GFLOPs: 4513.9610
2025-10-07 10:40:13 [INFO] [task_scheduler.cc:131] [Task #0: main] Trial #318: GFLOPs: 1513.8137. Time: 8.4852 us. Best GFLOPs: 4513.9610
2025-10-07 10:40:13 [INFO] [task_scheduler.cc:131] [Task #0: main] Trial #319: GFLOPs: 1488.9634. Time: 8.6268 us. Best GFLOPs: 4513.9610
2025-10-07 10:40:13 [INFO] [task_scheduler.cc:131] [Task #0: main] Trial #320: GFLOPs: 3608.6640. Time: 3.5595 us. Best GFLOPs: 4513.9610
2025-10-07 10:40:13 [INFO] [evolutionary_search.cc:713] Generating candidates......
2025-10-07 10:40:14 [INFO] [evolutionary_search.cc:715] Picked top 102 candidate(s) from database
2025-10-07 10:40:19 [INFO] [evolutionary_search.cc:533] Sample-Init-Population summary:
Postproc #0 [meta_schedule.DisallowDynamicLoop(0x10c88718)]: 0 failure(s)
Postproc #1 [meta_schedule.RewriteCooperativeFetch(0x105f7608)]: 0 failure(s)
Postproc #2 [meta_schedule.RewriteUnboundBlock(0x11a60e48)]: 0 failure(s)
Postproc #3 [meta_schedule.RewriteParallelVectorizeUnroll(0x11a97d58)]: 0 failure(s)
Postproc #4 [meta_schedule.RewriteReductionBlock(0x10bef6a8)]: 0 failure(s)
Postproc #5 [meta_schedule.VerifyGPUCode(0x10fa7ce8)]: 268 failure(s)
Postproc #6 [meta_schedule.RewriteTensorize(0x1058b898)]: 0 failure(s)
2025-10-07 10:40:19 [INFO] [evolutionary_search.cc:723] Sampled 142 candidate(s)
2025-10-07 10:40:26 [INFO] [evolutionary_search.cc:621] Evolve iter #0 done. Summary:
Postproc #0 [meta_schedule.DisallowDynamicLoop(0x10c88718)]: 0 failure(s)
Postproc #1 [meta_schedule.RewriteCooperativeFetch(0x105f7608)]: 0 failure(s)
Postproc #2 [meta_schedule.RewriteUnboundBlock(0x11a60e48)]: 0 failure(s)
Postproc #3 [meta_schedule.RewriteParallelVectorizeUnroll(0x11a97d58)]: 0 failure(s)
Postproc #4 [meta_schedule.RewriteReductionBlock(0x10bef6a8)]: 0 failure(s)
Postproc #5 [meta_schedule.VerifyGPUCode(0x10fa7ce8)]: 78 failure(s)
Postproc #6 [meta_schedule.RewriteTensorize(0x1058b898)]: 0 failure(s)
2025-10-07 10:40:34 [INFO] [evolutionary_search.cc:621] Evolve iter #1 done. Summary:
Postproc #0 [meta_schedule.DisallowDynamicLoop(0x10c88718)]: 0 failure(s)
Postproc #1 [meta_schedule.RewriteCooperativeFetch(0x105f7608)]: 0 failure(s)
Postproc #2 [meta_schedule.RewriteUnboundBlock(0x11a60e48)]: 0 failure(s)
Postproc #3 [meta_schedule.RewriteParallelVectorizeUnroll(0x11a97d58)]: 0 failure(s)
Postproc #4 [meta_schedule.RewriteReductionBlock(0x10bef6a8)]: 0 failure(s)
Postproc #5 [meta_schedule.VerifyGPUCode(0x10fa7ce8)]: 58 failure(s)
Postproc #6 [meta_schedule.RewriteTensorize(0x1058b898)]: 0 failure(s)
2025-10-07 10:40:42 [INFO] [evolutionary_search.cc:621] Evolve iter #2 done. Summary:
Postproc #0 [meta_schedule.DisallowDynamicLoop(0x10c88718)]: 0 failure(s)
Postproc #1 [meta_schedule.RewriteCooperativeFetch(0x105f7608)]: 0 failure(s)
Postproc #2 [meta_schedule.RewriteUnboundBlock(0x11a60e48)]: 0 failure(s)
Postproc #3 [meta_schedule.RewriteParallelVectorizeUnroll(0x11a97d58)]: 0 failure(s)
Postproc #4 [meta_schedule.RewriteReductionBlock(0x10bef6a8)]: 0 failure(s)
Postproc #5 [meta_schedule.VerifyGPUCode(0x10fa7ce8)]: 79 failure(s)
Postproc #6 [meta_schedule.RewriteTensorize(0x1058b898)]: 0 failure(s)
2025-10-07 10:40:51 [INFO] [evolutionary_search.cc:621] Evolve iter #3 done. Summary:
Postproc #0 [meta_schedule.DisallowDynamicLoop(0x10c88718)]: 0 failure(s)
Postproc #1 [meta_schedule.RewriteCooperativeFetch(0x105f7608)]: 0 failure(s)
Postproc #2 [meta_schedule.RewriteUnboundBlock(0x11a60e48)]: 0 failure(s)
Postproc #3 [meta_schedule.RewriteParallelVectorizeUnroll(0x11a97d58)]: 0 failure(s)
Postproc #4 [meta_schedule.RewriteReductionBlock(0x10bef6a8)]: 0 failure(s)
Postproc #5 [meta_schedule.VerifyGPUCode(0x10fa7ce8)]: 82 failure(s)
Postproc #6 [meta_schedule.RewriteTensorize(0x1058b898)]: 0 failure(s)
2025-10-07 10:40:53 [INFO] [evolutionary_search.cc:649] Scores of the best 64 candidates:
[1 : 16]:	0.9945  0.9671  0.9617  0.9616  0.9615  0.9589  0.9566  0.9546  0.9517  0.9482  0.9482  0.9421  0.9344  0.9320  0.9296  0.9255
[17 : 32]:	0.9199  0.9195  0.9189  0.9178  0.9170  0.9170  0.9170  0.9164  0.9143  0.9132  0.9129  0.9129  0.9129  0.9107  0.9090  0.9068
[33 : 48]:	0.9053  0.9045  0.9041  0.9029  0.9028  0.8979  0.8974  0.8962  0.8962  0.8952  0.8942  0.8937  0.8937  0.8935  0.8931  0.8930
[49 : 64]:	0.8925  0.8922  0.8919  0.8919  0.8910  0.8902  0.8902  0.8902  0.8901  0.8900  0.8898  0.8892  0.8892  0.8890  0.8881  0.8881
2025-10-07 10:40:53 [INFO] [evolutionary_search.cc:727] Got 64 candidate(s) with evolutionary search
2025-10-07 10:40:53 [INFO] [evolutionary_search.cc:730] Sending 64 candidates(s) for measurement
2025-10-07 10:41:22 [INFO] [task_scheduler.cc:131] [Task #0: main] Trial #321: GFLOPs: 2508.0223. Time: 5.1216 us. Best GFLOPs: 4513.9610
2025-10-07 10:41:22 [INFO] [task_scheduler.cc:131] [Task #0: main] Trial #322: GFLOPs: 4027.8944. Time: 3.1890 us. Best GFLOPs: 4513.9610
2025-10-07 10:41:22 [INFO] [task_scheduler.cc:131] [Task #0: main] Trial #323: GFLOPs: 3758.2427. Time: 3.4178 us. Best GFLOPs: 4513.9610
2025-10-07 10:41:22 [INFO] [task_scheduler.cc:131] [Task #0: main] Trial #324: GFLOPs: 3707.7298. Time: 3.4644 us. Best GFLOPs: 4513.9610
2025-10-07 10:41:22 [INFO] [task_scheduler.cc:131] [Task #0: main] Trial #325: GFLOPs: 3859.2973. Time: 3.3283 us. Best GFLOPs: 4513.9610
2025-10-07 10:41:22 [INFO] [task_scheduler.cc:131] [Task #0: main] Trial #326: GFLOPs: 3387.3559. Time: 3.7921 us. Best GFLOPs: 4513.9610
2025-10-07 10:41:22 [INFO] [task_scheduler.cc:131] [Task #0: main] Trial #327: GFLOPs: 4290.8328. Time: 2.9936 us. Best GFLOPs: 4513.9610
2025-10-07 10:41:22 [INFO] [task_scheduler.cc:131] [Task #0: main] Trial #328: GFLOPs: 3968.7849. Time: 3.2365 us. Best GFLOPs: 4513.9610
2025-10-07 10:41:22 [INFO] [task_scheduler.cc:131] [Task #0: main] Trial #329: GFLOPs: 3339.0277. Time: 3.8469 us. Best GFLOPs: 4513.9610
2025-10-07 10:41:22 [INFO] [task_scheduler.cc:131] [Task #0: main] Trial #330: GFLOPs: 3740.8282. Time: 3.4337 us. Best GFLOPs: 4513.9610
2025-10-07 10:41:22 [INFO] [task_scheduler.cc:131] [Task #0: main] Trial #331: GFLOPs: 3671.9363. Time: 3.4982 us. Best GFLOPs: 4513.9610
2025-10-07 10:41:22 [INFO] [task_scheduler.cc:131] [Task #0: main] Trial #332: GFLOPs: 3579.6090. Time: 3.5884 us. Best GFLOPs: 4513.9610
2025-10-07 10:41:22 [INFO] [task_scheduler.cc:131] [Task #0: main] Trial #333: GFLOPs: 3894.6668. Time: 3.2981 us. Best GFLOPs: 4513.9610
2025-10-07 10:41:22 [INFO] [task_scheduler.cc:131] [Task #0: main] Trial #334: GFLOPs: 4074.4726. Time: 3.1526 us. Best GFLOPs: 4513.9610
2025-10-07 10:41:22 [INFO] [task_scheduler.cc:131] [Task #0: main] Trial #335: GFLOPs: 3825.8966. Time: 3.3574 us. Best GFLOPs: 4513.9610
2025-10-07 10:41:22 [INFO] [task_scheduler.cc:131] [Task #0: main] Trial #336: GFLOPs: 3615.4187. Time: 3.5529 us. Best GFLOPs: 4513.9610
2025-10-07 10:41:22 [INFO] [task_scheduler.cc:131] [Task #0: main] Trial #337: GFLOPs: 3598.1113. Time: 3.5699 us. Best GFLOPs: 4513.9610
2025-10-07 10:41:22 [INFO] [task_scheduler.cc:131] [Task #0: main] Trial #338: GFLOPs: 4310.8692. Time: 2.9797 us. Best GFLOPs: 4513.9610
2025-10-07 10:41:22 [INFO] [task_scheduler.cc:131] [Task #0: main] Trial #339: GFLOPs: 4268.4584. Time: 3.0093 us. Best GFLOPs: 4513.9610
2025-10-07 10:41:22 [INFO] [task_scheduler.cc:131] [Task #0: main] Trial #340: GFLOPs: 3602.5423. Time: 3.5656 us. Best GFLOPs: 4513.9610
2025-10-07 10:41:22 [INFO] [task_scheduler.cc:131] [Task #0: main] Trial #341: GFLOPs: 3603.4149. Time: 3.5647 us. Best GFLOPs: 4513.9610
2025-10-07 10:41:22 [INFO] [task_scheduler.cc:131] [Task #0: main] Trial #342: GFLOPs: 3493.1274. Time: 3.6772 us. Best GFLOPs: 4513.9610
2025-10-07 10:41:22 [INFO] [task_scheduler.cc:131] [Task #0: main] Trial #343: GFLOPs: 3765.6398. Time: 3.4111 us. Best GFLOPs: 4513.9610
2025-10-07 10:41:22 [INFO] [task_scheduler.cc:131] [Task #0: main] Trial #344: GFLOPs: 3830.1508. Time: 3.3537 us. Best GFLOPs: 4513.9610
2025-10-07 10:41:22 [INFO] [task_scheduler.cc:131] [Task #0: main] Trial #345: GFLOPs: 4056.5960. Time: 3.1665 us. Best GFLOPs: 4513.9610
2025-10-07 10:41:22 [INFO] [task_scheduler.cc:131] [Task #0: main] Trial #346: GFLOPs: 3569.0281. Time: 3.5990 us. Best GFLOPs: 4513.9610
2025-10-07 10:41:22 [INFO] [task_scheduler.cc:131] [Task #0: main] Trial #347: GFLOPs: 3461.5210. Time: 3.7108 us. Best GFLOPs: 4513.9610
2025-10-07 10:41:22 [INFO] [task_scheduler.cc:131] [Task #0: main] Trial #348: GFLOPs: 3843.5875. Time: 3.3419 us. Best GFLOPs: 4513.9610
2025-10-07 10:41:22 [INFO] [task_scheduler.cc:131] [Task #0: main] Trial #349: GFLOPs: 3743.4330. Time: 3.4314 us. Best GFLOPs: 4513.9610
2025-10-07 10:41:22 [INFO] [task_scheduler.cc:131] [Task #0: main] Trial #350: GFLOPs: 4127.9564. Time: 3.1117 us. Best GFLOPs: 4513.9610
2025-10-07 10:41:22 [INFO] [task_scheduler.cc:131] [Task #0: main] Trial #351: GFLOPs: 4399.1422. Time: 2.9199 us. Best GFLOPs: 4513.9610
2025-10-07 10:41:22 [INFO] [task_scheduler.cc:131] [Task #0: main] Trial #352: GFLOPs: 4039.8679. Time: 3.1796 us. Best GFLOPs: 4513.9610
2025-10-07 10:41:22 [INFO] [task_scheduler.cc:131] [Task #0: main] Trial #353: GFLOPs: 4020.2447. Time: 3.1951 us. Best GFLOPs: 4513.9610
2025-10-07 10:41:22 [INFO] [task_scheduler.cc:131] [Task #0: main] Trial #354: GFLOPs: 3908.2315. Time: 3.2867 us. Best GFLOPs: 4513.9610
2025-10-07 10:41:22 [INFO] [task_scheduler.cc:131] [Task #0: main] Trial #355: GFLOPs: 2495.1149. Time: 5.1481 us. Best GFLOPs: 4513.9610
2025-10-07 10:41:22 [INFO] [task_scheduler.cc:131] [Task #0: main] Trial #356: GFLOPs: 4273.0749. Time: 3.0060 us. Best GFLOPs: 4513.9610
2025-10-07 10:41:22 [INFO] [task_scheduler.cc:131] [Task #0: main] Trial #357: GFLOPs: 3730.8166. Time: 3.4430 us. Best GFLOPs: 4513.9610
2025-10-07 10:41:22 [INFO] [task_scheduler.cc:131] [Task #0: main] Trial #358: GFLOPs: 4109.1795. Time: 3.1259 us. Best GFLOPs: 4513.9610
2025-10-07 10:41:22 [INFO] [task_scheduler.cc:131] [Task #0: main] Trial #359: GFLOPs: 3565.8034. Time: 3.6023 us. Best GFLOPs: 4513.9610
2025-10-07 10:41:22 [INFO] [task_scheduler.cc:131] [Task #0: main] Trial #360: GFLOPs: 3717.7614. Time: 3.4551 us. Best GFLOPs: 4513.9610
2025-10-07 10:41:22 [INFO] [task_scheduler.cc:131] [Task #0: main] Trial #361: GFLOPs: 3738.8207. Time: 3.4356 us. Best GFLOPs: 4513.9610
2025-10-07 10:41:22 [INFO] [task_scheduler.cc:131] [Task #0: main] Trial #362: GFLOPs: 4231.6574. Time: 3.0355 us. Best GFLOPs: 4513.9610
2025-10-07 10:41:22 [INFO] [task_scheduler.cc:131] [Task #0: main] Trial #363: GFLOPs: 4057.0676. Time: 3.1661 us. Best GFLOPs: 4513.9610
2025-10-07 10:41:22 [INFO] [task_scheduler.cc:131] [Task #0: main] Trial #364: GFLOPs: 4253.1753. Time: 3.0201 us. Best GFLOPs: 4513.9610
2025-10-07 10:41:22 [INFO] [task_scheduler.cc:131] [Task #0: main] Trial #365: GFLOPs: 4239.7960. Time: 3.0296 us. Best GFLOPs: 4513.9610
2025-10-07 10:41:22 [INFO] [task_scheduler.cc:131] [Task #0: main] Trial #366: GFLOPs: 3887.7457. Time: 3.3040 us. Best GFLOPs: 4513.9610
2025-10-07 10:41:22 [INFO] [task_scheduler.cc:131] [Task #0: main] Trial #367: GFLOPs: 3697.0265. Time: 3.4744 us. Best GFLOPs: 4513.9610
2025-10-07 10:41:22 [INFO] [task_scheduler.cc:131] [Task #0: main] Trial #368: GFLOPs: 3843.3732. Time: 3.3421 us. Best GFLOPs: 4513.9610
2025-10-07 10:41:22 [INFO] [task_scheduler.cc:131] [Task #0: main] Trial #369: GFLOPs: 3945.4214. Time: 3.2557 us. Best GFLOPs: 4513.9610
2025-10-07 10:41:22 [INFO] [task_scheduler.cc:131] [Task #0: main] Trial #370: GFLOPs: 3574.8690. Time: 3.5932 us. Best GFLOPs: 4513.9610
2025-10-07 10:41:22 [INFO] [task_scheduler.cc:131] [Task #0: main] Trial #371: GFLOPs: 3971.4748. Time: 3.2343 us. Best GFLOPs: 4513.9610
2025-10-07 10:41:22 [INFO] [task_scheduler.cc:131] [Task #0: main] Trial #372: GFLOPs: 4384.1414. Time: 2.9299 us. Best GFLOPs: 4513.9610
2025-10-07 10:41:22 [INFO] [task_scheduler.cc:131] [Task #0: main] Trial #373: GFLOPs: 3641.6825. Time: 3.5272 us. Best GFLOPs: 4513.9610
2025-10-07 10:41:22 [INFO] [task_scheduler.cc:131] [Task #0: main] Trial #374: GFLOPs: 3908.7049. Time: 3.2863 us. Best GFLOPs: 4513.9610
2025-10-07 10:41:22 [INFO] [task_scheduler.cc:131] [Task #0: main] Trial #375: GFLOPs: 4264.4002. Time: 3.0122 us. Best GFLOPs: 4513.9610
2025-10-07 10:41:22 [INFO] [task_scheduler.cc:131] [Task #0: main] Trial #376: GFLOPs: 4202.1061. Time: 3.0568 us. Best GFLOPs: 4513.9610
2025-10-07 10:41:22 [INFO] [task_scheduler.cc:131] [Task #0: main] Trial #377: GFLOPs: 3870.7716. Time: 3.3185 us. Best GFLOPs: 4513.9610
2025-10-07 10:41:22 [INFO] [task_scheduler.cc:131] [Task #0: main] Trial #378: GFLOPs: 4429.1126. Time: 2.9001 us. Best GFLOPs: 4513.9610
2025-10-07 10:41:22 [INFO] [task_scheduler.cc:131] [Task #0: main] Trial #379: GFLOPs: 3384.9969. Time: 3.7947 us. Best GFLOPs: 4513.9610
2025-10-07 10:41:22 [INFO] [task_scheduler.cc:131] [Task #0: main] Trial #380: GFLOPs: 4097.1786. Time: 3.1351 us. Best GFLOPs: 4513.9610
2025-10-07 10:41:22 [INFO] [task_scheduler.cc:131] [Task #0: main] Trial #381: GFLOPs: 4164.6285. Time: 3.0843 us. Best GFLOPs: 4513.9610
2025-10-07 10:41:22 [INFO] [task_scheduler.cc:131] [Task #0: main] Trial #382: GFLOPs: 577.8343. Time: 22.2297 us. Best GFLOPs: 4513.9610
2025-10-07 10:41:22 [INFO] [task_scheduler.cc:131] [Task #0: main] Trial #383: GFLOPs: 3754.2219. Time: 3.4215 us. Best GFLOPs: 4513.9610
2025-10-07 10:41:22 [INFO] [task_scheduler.cc:131] [Task #0: main] Trial #384: GFLOPs: 465.1505. Time: 27.6148 us. Best GFLOPs: 4513.9610
2025-10-07 10:41:22 [INFO] [evolutionary_search.cc:713] Generating candidates......
2025-10-07 10:41:23 [INFO] [evolutionary_search.cc:715] Picked top 102 candidate(s) from database
2025-10-07 10:41:27 [INFO] [evolutionary_search.cc:533] Sample-Init-Population summary:
Postproc #0 [meta_schedule.DisallowDynamicLoop(0x10c88718)]: 0 failure(s)
Postproc #1 [meta_schedule.RewriteCooperativeFetch(0x105f7608)]: 0 failure(s)
Postproc #2 [meta_schedule.RewriteUnboundBlock(0x11a60e48)]: 0 failure(s)
Postproc #3 [meta_schedule.RewriteParallelVectorizeUnroll(0x11a97d58)]: 0 failure(s)
Postproc #4 [meta_schedule.RewriteReductionBlock(0x10bef6a8)]: 0 failure(s)
Postproc #5 [meta_schedule.VerifyGPUCode(0x10fa7ce8)]: 248 failure(s)
Postproc #6 [meta_schedule.RewriteTensorize(0x1058b898)]: 0 failure(s)
2025-10-07 10:41:27 [INFO] [evolutionary_search.cc:723] Sampled 162 candidate(s)
2025-10-07 10:41:35 [INFO] [evolutionary_search.cc:621] Evolve iter #0 done. Summary:
Postproc #0 [meta_schedule.DisallowDynamicLoop(0x10c88718)]: 0 failure(s)
Postproc #1 [meta_schedule.RewriteCooperativeFetch(0x105f7608)]: 0 failure(s)
Postproc #2 [meta_schedule.RewriteUnboundBlock(0x11a60e48)]: 0 failure(s)
Postproc #3 [meta_schedule.RewriteParallelVectorizeUnroll(0x11a97d58)]: 0 failure(s)
Postproc #4 [meta_schedule.RewriteReductionBlock(0x10bef6a8)]: 0 failure(s)
Postproc #5 [meta_schedule.VerifyGPUCode(0x10fa7ce8)]: 66 failure(s)
Postproc #6 [meta_schedule.RewriteTensorize(0x1058b898)]: 0 failure(s)
2025-10-07 10:41:43 [INFO] [evolutionary_search.cc:621] Evolve iter #1 done. Summary:
Postproc #0 [meta_schedule.DisallowDynamicLoop(0x10c88718)]: 0 failure(s)
Postproc #1 [meta_schedule.RewriteCooperativeFetch(0x105f7608)]: 0 failure(s)
Postproc #2 [meta_schedule.RewriteUnboundBlock(0x11a60e48)]: 0 failure(s)
Postproc #3 [meta_schedule.RewriteParallelVectorizeUnroll(0x11a97d58)]: 0 failure(s)
Postproc #4 [meta_schedule.RewriteReductionBlock(0x10bef6a8)]: 0 failure(s)
Postproc #5 [meta_schedule.VerifyGPUCode(0x10fa7ce8)]: 68 failure(s)
Postproc #6 [meta_schedule.RewriteTensorize(0x1058b898)]: 0 failure(s)
2025-10-07 10:41:51 [INFO] [evolutionary_search.cc:621] Evolve iter #2 done. Summary:
Postproc #0 [meta_schedule.DisallowDynamicLoop(0x10c88718)]: 0 failure(s)
Postproc #1 [meta_schedule.RewriteCooperativeFetch(0x105f7608)]: 0 failure(s)
Postproc #2 [meta_schedule.RewriteUnboundBlock(0x11a60e48)]: 0 failure(s)
Postproc #3 [meta_schedule.RewriteParallelVectorizeUnroll(0x11a97d58)]: 0 failure(s)
Postproc #4 [meta_schedule.RewriteReductionBlock(0x10bef6a8)]: 0 failure(s)
Postproc #5 [meta_schedule.VerifyGPUCode(0x10fa7ce8)]: 84 failure(s)
Postproc #6 [meta_schedule.RewriteTensorize(0x1058b898)]: 0 failure(s)
2025-10-07 10:41:59 [INFO] [evolutionary_search.cc:621] Evolve iter #3 done. Summary:
Postproc #0 [meta_schedule.DisallowDynamicLoop(0x10c88718)]: 0 failure(s)
Postproc #1 [meta_schedule.RewriteCooperativeFetch(0x105f7608)]: 0 failure(s)
Postproc #2 [meta_schedule.RewriteUnboundBlock(0x11a60e48)]: 0 failure(s)
Postproc #3 [meta_schedule.RewriteParallelVectorizeUnroll(0x11a97d58)]: 0 failure(s)
Postproc #4 [meta_schedule.RewriteReductionBlock(0x10bef6a8)]: 0 failure(s)
Postproc #5 [meta_schedule.VerifyGPUCode(0x10fa7ce8)]: 61 failure(s)
Postproc #6 [meta_schedule.RewriteTensorize(0x1058b898)]: 0 failure(s)
2025-10-07 10:42:01 [INFO] [evolutionary_search.cc:649] Scores of the best 64 candidates:
[1 : 16]:	0.9518  0.9393  0.9350  0.9260  0.9229  0.9228  0.9210  0.9141  0.9135  0.9135  0.9131  0.9131  0.9129  0.9078  0.9078  0.9078
[17 : 32]:	0.9078  0.9078  0.9066  0.9066  0.9066  0.9064  0.9058  0.9023  0.9021  0.9021  0.8989  0.8986  0.8982  0.8967  0.8943  0.8924
[33 : 48]:	0.8909  0.8909  0.8903  0.8901  0.8901  0.8880  0.8868  0.8866  0.8849  0.8848  0.8831  0.8818  0.8817  0.8813  0.8807  0.8807
[49 : 64]:	0.8807  0.8805  0.8803  0.8798  0.8786  0.8786  0.8783  0.8779  0.8779  0.8767  0.8767  0.8760  0.8754  0.8753  0.8752  0.8747
2025-10-07 10:42:02 [INFO] [evolutionary_search.cc:727] Got 64 candidate(s) with evolutionary search
2025-10-07 10:42:02 [INFO] [evolutionary_search.cc:730] Sending 64 candidates(s) for measurement
2025-10-07 10:42:39 [INFO] [task_scheduler.cc:131] [Task #0: main] Trial #385: GFLOPs: 4106.9587. Time: 3.1276 us. Best GFLOPs: 4513.9610
2025-10-07 10:42:39 [INFO] [task_scheduler.cc:131] [Task #0: main] Trial #386: GFLOPs: 4029.3842. Time: 3.1878 us. Best GFLOPs: 4513.9610
2025-10-07 10:42:39 [INFO] [task_scheduler.cc:131] [Task #0: main] Trial #387: GFLOPs: 3284.3160. Time: 3.9110 us. Best GFLOPs: 4513.9610
2025-10-07 10:42:39 [INFO] [task_scheduler.cc:131] [Task #0: main] Trial #388: GFLOPs: 4303.8932. Time: 2.9845 us. Best GFLOPs: 4513.9610
2025-10-07 10:42:39 [INFO] [task_scheduler.cc:131] [Task #0: main] Trial #389: GFLOPs: 4083.6681. Time: 3.1455 us. Best GFLOPs: 4513.9610
2025-10-07 10:42:39 [INFO] [task_scheduler.cc:131] [Task #0: main] Trial #390: GFLOPs: 3375.1719. Time: 3.8057 us. Best GFLOPs: 4513.9610
2025-10-07 10:42:39 [INFO] [task_scheduler.cc:131] [Task #0: main] Trial #391: GFLOPs: 4034.5275. Time: 3.1838 us. Best GFLOPs: 4513.9610
2025-10-07 10:42:39 [INFO] [task_scheduler.cc:131] [Task #0: main] Trial #392: GFLOPs: 3060.5211. Time: 4.1970 us. Best GFLOPs: 4513.9610
2025-10-07 10:42:39 [INFO] [task_scheduler.cc:131] [Task #0: main] Trial #393: GFLOPs: 3517.8268. Time: 3.6514 us. Best GFLOPs: 4513.9610
2025-10-07 10:42:39 [INFO] [task_scheduler.cc:131] [Task #0: main] Trial #394: GFLOPs: 3223.7788. Time: 3.9845 us. Best GFLOPs: 4513.9610
2025-10-07 10:42:39 [INFO] [task_scheduler.cc:131] [Task #0: main] Trial #395: GFLOPs: 3847.6754. Time: 3.3384 us. Best GFLOPs: 4513.9610
2025-10-07 10:42:39 [INFO] [task_scheduler.cc:131] [Task #0: main] Trial #396: GFLOPs: 3763.8256. Time: 3.4128 us. Best GFLOPs: 4513.9610
2025-10-07 10:42:39 [INFO] [task_scheduler.cc:131] [Task #0: main] Trial #397: GFLOPs: 3466.8357. Time: 3.7051 us. Best GFLOPs: 4513.9610
2025-10-07 10:42:39 [INFO] [task_scheduler.cc:131] [Task #0: main] Trial #398: GFLOPs: 3409.1563. Time: 3.7678 us. Best GFLOPs: 4513.9610
2025-10-07 10:42:39 [INFO] [task_scheduler.cc:131] [Task #0: main] Trial #399: GFLOPs: 4031.1449. Time: 3.1865 us. Best GFLOPs: 4513.9610
2025-10-07 10:42:39 [INFO] [task_scheduler.cc:131] [Task #0: main] Trial #400: GFLOPs: 3479.0144. Time: 3.6922 us. Best GFLOPs: 4513.9610
2025-10-07 10:42:39 [INFO] [task_scheduler.cc:131] [Task #0: main] Trial #401: GFLOPs: 3458.2926. Time: 3.7143 us. Best GFLOPs: 4513.9610
2025-10-07 10:42:39 [INFO] [task_scheduler.cc:131] [Task #0: main] Trial #402: GFLOPs: 4173.4968. Time: 3.0778 us. Best GFLOPs: 4513.9610
2025-10-07 10:42:39 [INFO] [task_scheduler.cc:131] [Task #0: main] Trial #403: GFLOPs: 3926.5587. Time: 3.2713 us. Best GFLOPs: 4513.9610
2025-10-07 10:42:39 [INFO] [task_scheduler.cc:131] [Task #0: main] Trial #404: GFLOPs: 3730.6793. Time: 3.4431 us. Best GFLOPs: 4513.9610
2025-10-07 10:42:39 [INFO] [task_scheduler.cc:131] [Task #0: main] Trial #405: GFLOPs: 3944.2632. Time: 3.2566 us. Best GFLOPs: 4513.9610
2025-10-07 10:42:39 [INFO] [task_scheduler.cc:131] [Task #0: main] Trial #406: GFLOPs: 3994.0566. Time: 3.2160 us. Best GFLOPs: 4513.9610
2025-10-07 10:42:39 [INFO] [task_scheduler.cc:131] [Task #0: main] Trial #407: GFLOPs: 3608.9289. Time: 3.5592 us. Best GFLOPs: 4513.9610
2025-10-07 10:42:39 [INFO] [task_scheduler.cc:131] [Task #0: main] Trial #408: GFLOPs: 3888.0819. Time: 3.3037 us. Best GFLOPs: 4513.9610
2025-10-07 10:42:39 [INFO] [task_scheduler.cc:131] [Task #0: main] Trial #409: GFLOPs: 3556.6828. Time: 3.6115 us. Best GFLOPs: 4513.9610
2025-10-07 10:42:39 [INFO] [task_scheduler.cc:131] [Task #0: main] Trial #410: GFLOPs: 3549.7492. Time: 3.6186 us. Best GFLOPs: 4513.9610
2025-10-07 10:42:39 [INFO] [task_scheduler.cc:131] [Task #0: main] Trial #411: GFLOPs: 3778.8541. Time: 3.3992 us. Best GFLOPs: 4513.9610
2025-10-07 10:42:39 [INFO] [task_scheduler.cc:131] [Task #0: main] Trial #412: GFLOPs: 3565.6947. Time: 3.6024 us. Best GFLOPs: 4513.9610
2025-10-07 10:42:39 [INFO] [task_scheduler.cc:131] [Task #0: main] Trial #413: GFLOPs: 3065.1620. Time: 4.1907 us. Best GFLOPs: 4513.9610
2025-10-07 10:42:39 [INFO] [task_scheduler.cc:131] [Task #0: main] Trial #414: GFLOPs: 3701.4468. Time: 3.4703 us. Best GFLOPs: 4513.9610
2025-10-07 10:42:39 [INFO] [task_scheduler.cc:131] [Task #0: main] Trial #415: GFLOPs: 3589.9682. Time: 3.5780 us. Best GFLOPs: 4513.9610
2025-10-07 10:42:39 [INFO] [task_scheduler.cc:131] [Task #0: main] Trial #416: GFLOPs: 3618.4822. Time: 3.5498 us. Best GFLOPs: 4513.9610
2025-10-07 10:42:39 [INFO] [task_scheduler.cc:131] [Task #0: main] Trial #417: GFLOPs: 3617.9333. Time: 3.5504 us. Best GFLOPs: 4513.9610
2025-10-07 10:42:39 [INFO] [task_scheduler.cc:131] [Task #0: main] Trial #418: GFLOPs: 4363.5543. Time: 2.9437 us. Best GFLOPs: 4513.9610
2025-10-07 10:42:39 [INFO] [task_scheduler.cc:131] [Task #0: main] Trial #419: GFLOPs: 3828.2573. Time: 3.3553 us. Best GFLOPs: 4513.9610
2025-10-07 10:42:39 [INFO] [task_scheduler.cc:131] [Task #0: main] Trial #420: GFLOPs: 4105.6369. Time: 3.1286 us. Best GFLOPs: 4513.9610
2025-10-07 10:42:39 [INFO] [task_scheduler.cc:131] [Task #0: main] Trial #421: GFLOPs: 3458.7919. Time: 3.7137 us. Best GFLOPs: 4513.9610
2025-10-07 10:42:39 [INFO] [task_scheduler.cc:131] [Task #0: main] Trial #422: GFLOPs: 4186.8004. Time: 3.0680 us. Best GFLOPs: 4513.9610
2025-10-07 10:42:39 [INFO] [task_scheduler.cc:131] [Task #0: main] Trial #423: GFLOPs: 3618.7002. Time: 3.5496 us. Best GFLOPs: 4513.9610
2025-10-07 10:42:39 [INFO] [task_scheduler.cc:131] [Task #0: main] Trial #424: GFLOPs: 4218.9928. Time: 3.0446 us. Best GFLOPs: 4513.9610
2025-10-07 10:42:39 [INFO] [task_scheduler.cc:131] [Task #0: main] Trial #425: GFLOPs: 3562.6024. Time: 3.6055 us. Best GFLOPs: 4513.9610
2025-10-07 10:42:39 [INFO] [task_scheduler.cc:131] [Task #0: main] Trial #426: GFLOPs: 3678.2698. Time: 3.4921 us. Best GFLOPs: 4513.9610
2025-10-07 10:42:39 [INFO] [task_scheduler.cc:131] [Task #0: main] Trial #427: GFLOPs: 4068.7921. Time: 3.1570 us. Best GFLOPs: 4513.9610
2025-10-07 10:42:39 [INFO] [task_scheduler.cc:131] [Task #0: main] Trial #428: GFLOPs: 3439.7154. Time: 3.7343 us. Best GFLOPs: 4513.9610
2025-10-07 10:42:39 [INFO] [task_scheduler.cc:131] [Task #0: main] Trial #429: GFLOPs: 3377.7604. Time: 3.8028 us. Best GFLOPs: 4513.9610
2025-10-07 10:42:39 [INFO] [task_scheduler.cc:131] [Task #0: main] Trial #430: GFLOPs: 3964.4742. Time: 3.2400 us. Best GFLOPs: 4513.9610
2025-10-07 10:42:39 [INFO] [task_scheduler.cc:131] [Task #0: main] Trial #431: GFLOPs: 3689.5566. Time: 3.4815 us. Best GFLOPs: 4513.9610
2025-10-07 10:42:39 [INFO] [task_scheduler.cc:131] [Task #0: main] Trial #432: GFLOPs: 4019.2785. Time: 3.1959 us. Best GFLOPs: 4513.9610
2025-10-07 10:42:39 [INFO] [task_scheduler.cc:131] [Task #0: main] Trial #433: GFLOPs: 3945.6637. Time: 3.2555 us. Best GFLOPs: 4513.9610
2025-10-07 10:42:39 [INFO] [task_scheduler.cc:131] [Task #0: main] Trial #434: GFLOPs: 3446.8848. Time: 3.7266 us. Best GFLOPs: 4513.9610
2025-10-07 10:42:39 [INFO] [task_scheduler.cc:131] [Task #0: main] Trial #435: GFLOPs: 3632.3680. Time: 3.5363 us. Best GFLOPs: 4513.9610
2025-10-07 10:42:39 [INFO] [task_scheduler.cc:131] [Task #0: main] Trial #436: GFLOPs: 3783.9096. Time: 3.3947 us. Best GFLOPs: 4513.9610
2025-10-07 10:42:39 [INFO] [task_scheduler.cc:131] [Task #0: main] Trial #437: GFLOPs: 3997.9507. Time: 3.2129 us. Best GFLOPs: 4513.9610
2025-10-07 10:42:39 [INFO] [task_scheduler.cc:131] [Task #0: main] Trial #438: GFLOPs: 3930.7570. Time: 3.2678 us. Best GFLOPs: 4513.9610
2025-10-07 10:42:39 [INFO] [task_scheduler.cc:131] [Task #0: main] Trial #439: GFLOPs: 4247.5404. Time: 3.0241 us. Best GFLOPs: 4513.9610
2025-10-07 10:42:39 [INFO] [task_scheduler.cc:131] [Task #0: main] Trial #440: GFLOPs: 3312.2550. Time: 3.8780 us. Best GFLOPs: 4513.9610
2025-10-07 10:42:39 [INFO] [task_scheduler.cc:131] [Task #0: main] Trial #441: GFLOPs: 3234.6621. Time: 3.9711 us. Best GFLOPs: 4513.9610
2025-10-07 10:42:39 [INFO] [task_scheduler.cc:131] [Task #0: main] Trial #442: GFLOPs: 3560.2711. Time: 3.6079 us. Best GFLOPs: 4513.9610
2025-10-07 10:42:39 [INFO] [task_scheduler.cc:131] [Task #0: main] Trial #443: GFLOPs: 3463.4429. Time: 3.7088 us. Best GFLOPs: 4513.9610
2025-10-07 10:42:39 [INFO] [task_scheduler.cc:131] [Task #0: main] Trial #444: GFLOPs: 3725.7815. Time: 3.4476 us. Best GFLOPs: 4513.9610
2025-10-07 10:42:39 [INFO] [task_scheduler.cc:131] [Task #0: main] Trial #445: GFLOPs: 3680.8929. Time: 3.4897 us. Best GFLOPs: 4513.9610
2025-10-07 10:42:39 [INFO] [task_scheduler.cc:131] [Task #0: main] Trial #446: GFLOPs: 837.5259. Time: 15.3369 us. Best GFLOPs: 4513.9610
2025-10-07 10:42:39 [INFO] [task_scheduler.cc:131] [Task #0: main] Trial #447: GFLOPs: 42.3661. Time: 303.1917 us. Best GFLOPs: 4513.9610
2025-10-07 10:42:39 [INFO] [task_scheduler.cc:131] [Task #0: main] Trial #448: GFLOPs: 27.2282. Time: 471.7550 us. Best GFLOPs: 4513.9610
2025-10-07 10:42:39 [INFO] [evolutionary_search.cc:713] Generating candidates......
2025-10-07 10:42:40 [INFO] [evolutionary_search.cc:715] Picked top 102 candidate(s) from database
2025-10-07 10:42:44 [INFO] [evolutionary_search.cc:533] Sample-Init-Population summary:
Postproc #0 [meta_schedule.DisallowDynamicLoop(0x10c88718)]: 0 failure(s)
Postproc #1 [meta_schedule.RewriteCooperativeFetch(0x105f7608)]: 0 failure(s)
Postproc #2 [meta_schedule.RewriteUnboundBlock(0x11a60e48)]: 0 failure(s)
Postproc #3 [meta_schedule.RewriteParallelVectorizeUnroll(0x11a97d58)]: 0 failure(s)
Postproc #4 [meta_schedule.RewriteReductionBlock(0x10bef6a8)]: 0 failure(s)
Postproc #5 [meta_schedule.VerifyGPUCode(0x10fa7ce8)]: 245 failure(s)
Postproc #6 [meta_schedule.RewriteTensorize(0x1058b898)]: 0 failure(s)
2025-10-07 10:42:44 [INFO] [evolutionary_search.cc:723] Sampled 165 candidate(s)
2025-10-07 10:42:52 [INFO] [evolutionary_search.cc:621] Evolve iter #0 done. Summary:
Postproc #0 [meta_schedule.DisallowDynamicLoop(0x10c88718)]: 0 failure(s)
Postproc #1 [meta_schedule.RewriteCooperativeFetch(0x105f7608)]: 0 failure(s)
Postproc #2 [meta_schedule.RewriteUnboundBlock(0x11a60e48)]: 0 failure(s)
Postproc #3 [meta_schedule.RewriteParallelVectorizeUnroll(0x11a97d58)]: 0 failure(s)
Postproc #4 [meta_schedule.RewriteReductionBlock(0x10bef6a8)]: 0 failure(s)
Postproc #5 [meta_schedule.VerifyGPUCode(0x10fa7ce8)]: 69 failure(s)
Postproc #6 [meta_schedule.RewriteTensorize(0x1058b898)]: 0 failure(s)
2025-10-07 10:43:00 [INFO] [evolutionary_search.cc:621] Evolve iter #1 done. Summary:
Postproc #0 [meta_schedule.DisallowDynamicLoop(0x10c88718)]: 0 failure(s)
Postproc #1 [meta_schedule.RewriteCooperativeFetch(0x105f7608)]: 0 failure(s)
Postproc #2 [meta_schedule.RewriteUnboundBlock(0x11a60e48)]: 0 failure(s)
Postproc #3 [meta_schedule.RewriteParallelVectorizeUnroll(0x11a97d58)]: 0 failure(s)
Postproc #4 [meta_schedule.RewriteReductionBlock(0x10bef6a8)]: 0 failure(s)
Postproc #5 [meta_schedule.VerifyGPUCode(0x10fa7ce8)]: 65 failure(s)
Postproc #6 [meta_schedule.RewriteTensorize(0x1058b898)]: 0 failure(s)
2025-10-07 10:43:08 [INFO] [evolutionary_search.cc:621] Evolve iter #2 done. Summary:
Postproc #0 [meta_schedule.DisallowDynamicLoop(0x10c88718)]: 0 failure(s)
Postproc #1 [meta_schedule.RewriteCooperativeFetch(0x105f7608)]: 0 failure(s)
Postproc #2 [meta_schedule.RewriteUnboundBlock(0x11a60e48)]: 0 failure(s)
Postproc #3 [meta_schedule.RewriteParallelVectorizeUnroll(0x11a97d58)]: 0 failure(s)
Postproc #4 [meta_schedule.RewriteReductionBlock(0x10bef6a8)]: 0 failure(s)
Postproc #5 [meta_schedule.VerifyGPUCode(0x10fa7ce8)]: 53 failure(s)
Postproc #6 [meta_schedule.RewriteTensorize(0x1058b898)]: 0 failure(s)
2025-10-07 10:43:16 [INFO] [evolutionary_search.cc:621] Evolve iter #3 done. Summary:
Postproc #0 [meta_schedule.DisallowDynamicLoop(0x10c88718)]: 0 failure(s)
Postproc #1 [meta_schedule.RewriteCooperativeFetch(0x105f7608)]: 0 failure(s)
Postproc #2 [meta_schedule.RewriteUnboundBlock(0x11a60e48)]: 0 failure(s)
Postproc #3 [meta_schedule.RewriteParallelVectorizeUnroll(0x11a97d58)]: 0 failure(s)
Postproc #4 [meta_schedule.RewriteReductionBlock(0x10bef6a8)]: 0 failure(s)
Postproc #5 [meta_schedule.VerifyGPUCode(0x10fa7ce8)]: 64 failure(s)
Postproc #6 [meta_schedule.RewriteTensorize(0x1058b898)]: 0 failure(s)
2025-10-07 10:43:18 [INFO] [evolutionary_search.cc:649] Scores of the best 64 candidates:
[1 : 16]:	0.9248  0.9247  0.9130  0.9125  0.9073  0.9071  0.9067  0.9054  0.9025  0.9024  0.9011  0.8978  0.8961  0.8940  0.8913  0.8890
[17 : 32]:	0.8888  0.8888  0.8888  0.8882  0.8860  0.8854  0.8831  0.8830  0.8826  0.8820  0.8816  0.8814  0.8801  0.8790  0.8790  0.8777
[33 : 48]:	0.8773  0.8764  0.8756  0.8727  0.8709  0.8701  0.8701  0.8693  0.8692  0.8692  0.8691  0.8688  0.8682  0.8670  0.8669  0.8669
[49 : 64]:	0.8661  0.8651  0.8651  0.8646  0.8644  0.8619  0.8616  0.8614  0.8614  0.8610  0.8607  0.8605  0.8604  0.8603  0.8603  0.8599
2025-10-07 10:43:19 [INFO] [evolutionary_search.cc:727] Got 64 candidate(s) with evolutionary search
2025-10-07 10:43:19 [INFO] [evolutionary_search.cc:730] Sending 64 candidates(s) for measurement
2025-10-07 10:43:46 [INFO] [task_scheduler.cc:131] [Task #0: main] Trial #449: GFLOPs: 4019.2492. Time: 3.1959 us. Best GFLOPs: 4513.9610
2025-10-07 10:43:46 [INFO] [task_scheduler.cc:131] [Task #0: main] Trial #450: GFLOPs: 3550.2740. Time: 3.6180 us. Best GFLOPs: 4513.9610
2025-10-07 10:43:46 [INFO] [task_scheduler.cc:131] [Task #0: main] Trial #451: GFLOPs: 3683.7366. Time: 3.4870 us. Best GFLOPs: 4513.9610
2025-10-07 10:43:46 [INFO] [task_scheduler.cc:131] [Task #0: main] Trial #452: GFLOPs: 4052.0077. Time: 3.1700 us. Best GFLOPs: 4513.9610
2025-10-07 10:43:46 [INFO] [task_scheduler.cc:131] [Task #0: main] Trial #453: GFLOPs: 3638.8512. Time: 3.5300 us. Best GFLOPs: 4513.9610
2025-10-07 10:43:46 [INFO] [task_scheduler.cc:131] [Task #0: main] Trial #454: GFLOPs: 3568.2975. Time: 3.5998 us. Best GFLOPs: 4513.9610
2025-10-07 10:43:46 [INFO] [task_scheduler.cc:131] [Task #0: main] Trial #455: GFLOPs: 4169.4506. Time: 3.0808 us. Best GFLOPs: 4513.9610
2025-10-07 10:43:46 [INFO] [task_scheduler.cc:131] [Task #0: main] Trial #456: GFLOPs: 3604.9977. Time: 3.5631 us. Best GFLOPs: 4513.9610
2025-10-07 10:43:46 [INFO] [task_scheduler.cc:131] [Task #0: main] Trial #457: GFLOPs: 4020.7339. Time: 3.1947 us. Best GFLOPs: 4513.9610
2025-10-07 10:43:46 [INFO] [task_scheduler.cc:131] [Task #0: main] Trial #458: GFLOPs: 3569.6468. Time: 3.5984 us. Best GFLOPs: 4513.9610
2025-10-07 10:43:46 [INFO] [task_scheduler.cc:131] [Task #0: main] Trial #459: GFLOPs: 4150.4469. Time: 3.0949 us. Best GFLOPs: 4513.9610
2025-10-07 10:43:46 [INFO] [task_scheduler.cc:131] [Task #0: main] Trial #460: GFLOPs: 3560.9970. Time: 3.6072 us. Best GFLOPs: 4513.9610
2025-10-07 10:43:46 [INFO] [task_scheduler.cc:131] [Task #0: main] Trial #461: GFLOPs: 3751.8223. Time: 3.4237 us. Best GFLOPs: 4513.9610
2025-10-07 10:43:46 [INFO] [task_scheduler.cc:131] [Task #0: main] Trial #462: GFLOPs: 4103.1065. Time: 3.1306 us. Best GFLOPs: 4513.9610
2025-10-07 10:43:46 [INFO] [task_scheduler.cc:131] [Task #0: main] Trial #463: GFLOPs: 4051.6610. Time: 3.1703 us. Best GFLOPs: 4513.9610
2025-10-07 10:43:46 [INFO] [task_scheduler.cc:131] [Task #0: main] Trial #464: GFLOPs: 3694.4835. Time: 3.4768 us. Best GFLOPs: 4513.9610
2025-10-07 10:43:46 [INFO] [task_scheduler.cc:131] [Task #0: main] Trial #465: GFLOPs: 3554.6534. Time: 3.6136 us. Best GFLOPs: 4513.9610
2025-10-07 10:43:46 [INFO] [task_scheduler.cc:131] [Task #0: main] Trial #466: GFLOPs: 4168.1464. Time: 3.0817 us. Best GFLOPs: 4513.9610
2025-10-07 10:43:46 [INFO] [task_scheduler.cc:131] [Task #0: main] Trial #467: GFLOPs: 3804.8375. Time: 3.3760 us. Best GFLOPs: 4513.9610
2025-10-07 10:43:46 [INFO] [task_scheduler.cc:131] [Task #0: main] Trial #468: GFLOPs: 3801.5716. Time: 3.3789 us. Best GFLOPs: 4513.9610
2025-10-07 10:43:46 [INFO] [task_scheduler.cc:131] [Task #0: main] Trial #469: GFLOPs: 4208.1222. Time: 3.0524 us. Best GFLOPs: 4513.9610
2025-10-07 10:43:46 [INFO] [task_scheduler.cc:131] [Task #0: main] Trial #470: GFLOPs: 3985.8898. Time: 3.2226 us. Best GFLOPs: 4513.9610
2025-10-07 10:43:46 [INFO] [task_scheduler.cc:131] [Task #0: main] Trial #471: GFLOPs: 3820.5544. Time: 3.3621 us. Best GFLOPs: 4513.9610
2025-10-07 10:43:46 [INFO] [task_scheduler.cc:131] [Task #0: main] Trial #472: GFLOPs: 3670.7855. Time: 3.4993 us. Best GFLOPs: 4513.9610
2025-10-07 10:43:46 [INFO] [task_scheduler.cc:131] [Task #0: main] Trial #473: GFLOPs: 3470.2781. Time: 3.7014 us. Best GFLOPs: 4513.9610
2025-10-07 10:43:46 [INFO] [task_scheduler.cc:131] [Task #0: main] Trial #474: GFLOPs: 3881.5048. Time: 3.3093 us. Best GFLOPs: 4513.9610
2025-10-07 10:43:46 [INFO] [task_scheduler.cc:131] [Task #0: main] Trial #475: GFLOPs: 3836.2061. Time: 3.3484 us. Best GFLOPs: 4513.9610
2025-10-07 10:43:46 [INFO] [task_scheduler.cc:131] [Task #0: main] Trial #476: GFLOPs: 3876.1586. Time: 3.3139 us. Best GFLOPs: 4513.9610
2025-10-07 10:43:46 [INFO] [task_scheduler.cc:131] [Task #0: main] Trial #477: GFLOPs: 3815.8193. Time: 3.3663 us. Best GFLOPs: 4513.9610
2025-10-07 10:43:46 [INFO] [task_scheduler.cc:131] [Task #0: main] Trial #478: GFLOPs: 3639.1546. Time: 3.5297 us. Best GFLOPs: 4513.9610
2025-10-07 10:43:46 [INFO] [task_scheduler.cc:131] [Task #0: main] Trial #479: GFLOPs: 3510.4686. Time: 3.6591 us. Best GFLOPs: 4513.9610
2025-10-07 10:43:46 [INFO] [task_scheduler.cc:131] [Task #0: main] Trial #480: GFLOPs: 3855.2440. Time: 3.3318 us. Best GFLOPs: 4513.9610
2025-10-07 10:43:46 [INFO] [task_scheduler.cc:131] [Task #0: main] Trial #481: GFLOPs: 3902.2079. Time: 3.2917 us. Best GFLOPs: 4513.9610
2025-10-07 10:43:46 [INFO] [task_scheduler.cc:131] [Task #0: main] Trial #482: GFLOPs: 3901.8450. Time: 3.2920 us. Best GFLOPs: 4513.9610
2025-10-07 10:43:46 [INFO] [task_scheduler.cc:131] [Task #0: main] Trial #483: GFLOPs: 3735.0809. Time: 3.4390 us. Best GFLOPs: 4513.9610
2025-10-07 10:43:46 [INFO] [task_scheduler.cc:131] [Task #0: main] Trial #484: GFLOPs: 3781.4756. Time: 3.3968 us. Best GFLOPs: 4513.9610
2025-10-07 10:43:46 [INFO] [task_scheduler.cc:131] [Task #0: main] Trial #485: GFLOPs: 3735.3642. Time: 3.4388 us. Best GFLOPs: 4513.9610
2025-10-07 10:43:46 [INFO] [task_scheduler.cc:131] [Task #0: main] Trial #486: GFLOPs: 3639.8950. Time: 3.5290 us. Best GFLOPs: 4513.9610
2025-10-07 10:43:46 [INFO] [task_scheduler.cc:131] [Task #0: main] Trial #487: GFLOPs: 3754.0325. Time: 3.4217 us. Best GFLOPs: 4513.9610
2025-10-07 10:43:46 [INFO] [task_scheduler.cc:131] [Task #0: main] Trial #488: GFLOPs: 4232.0892. Time: 3.0352 us. Best GFLOPs: 4513.9610
2025-10-07 10:43:46 [INFO] [task_scheduler.cc:131] [Task #0: main] Trial #489: GFLOPs: 4211.7660. Time: 3.0498 us. Best GFLOPs: 4513.9610
2025-10-07 10:43:46 [INFO] [task_scheduler.cc:131] [Task #0: main] Trial #490: GFLOPs: 4398.5153. Time: 2.9203 us. Best GFLOPs: 4513.9610
2025-10-07 10:43:46 [INFO] [task_scheduler.cc:131] [Task #0: main] Trial #491: GFLOPs: 3928.7207. Time: 3.2695 us. Best GFLOPs: 4513.9610
2025-10-07 10:43:46 [INFO] [task_scheduler.cc:131] [Task #0: main] Trial #492: GFLOPs: 3646.3025. Time: 3.5228 us. Best GFLOPs: 4513.9610
2025-10-07 10:43:46 [INFO] [task_scheduler.cc:131] [Task #0: main] Trial #493: GFLOPs: 3866.3078. Time: 3.3223 us. Best GFLOPs: 4513.9610
2025-10-07 10:43:46 [INFO] [task_scheduler.cc:131] [Task #0: main] Trial #494: GFLOPs: 4468.1828. Time: 2.8748 us. Best GFLOPs: 4513.9610
2025-10-07 10:43:46 [INFO] [task_scheduler.cc:131] [Task #0: main] Trial #495: GFLOPs: 3716.7642. Time: 3.4560 us. Best GFLOPs: 4513.9610
2025-10-07 10:43:46 [INFO] [task_scheduler.cc:131] [Task #0: main] Trial #496: GFLOPs: 3924.8828. Time: 3.2727 us. Best GFLOPs: 4513.9610
2025-10-07 10:43:46 [INFO] [task_scheduler.cc:131] [Task #0: main] Trial #497: GFLOPs: 4405.3317. Time: 2.9158 us. Best GFLOPs: 4513.9610
2025-10-07 10:43:46 [INFO] [task_scheduler.cc:131] [Task #0: main] Trial #498: GFLOPs: 3640.1785. Time: 3.5287 us. Best GFLOPs: 4513.9610
2025-10-07 10:43:46 [INFO] [task_scheduler.cc:131] [Task #0: main] Trial #499: GFLOPs: 4068.8028. Time: 3.1570 us. Best GFLOPs: 4513.9610
2025-10-07 10:43:46 [INFO] [task_scheduler.cc:131] [Task #0: main] Trial #500: GFLOPs: 4073.5182. Time: 3.1533 us. Best GFLOPs: 4513.9610
2025-10-07 10:43:46 [INFO] [task_scheduler.cc:131] [Task #0: main] Trial #501: GFLOPs: 4387.3894. Time: 2.9277 us. Best GFLOPs: 4513.9610
2025-10-07 10:43:46 [INFO] [task_scheduler.cc:131] [Task #0: main] Trial #502: GFLOPs: 4120.1176. Time: 3.1176 us. Best GFLOPs: 4513.9610
2025-10-07 10:43:46 [INFO] [task_scheduler.cc:131] [Task #0: main] Trial #503: GFLOPs: 4177.2553. Time: 3.0750 us. Best GFLOPs: 4513.9610
2025-10-07 10:43:46 [INFO] [task_scheduler.cc:131] [Task #0: main] Trial #504: GFLOPs: 3737.8316. Time: 3.4365 us. Best GFLOPs: 4513.9610
2025-10-07 10:43:46 [INFO] [task_scheduler.cc:131] [Task #0: main] Trial #505: GFLOPs: 3711.2333. Time: 3.4611 us. Best GFLOPs: 4513.9610
2025-10-07 10:43:46 [INFO] [task_scheduler.cc:131] [Task #0: main] Trial #506: GFLOPs: 4239.5512. Time: 3.0298 us. Best GFLOPs: 4513.9610
2025-10-07 10:43:46 [INFO] [task_scheduler.cc:131] [Task #0: main] Trial #507: GFLOPs: 4063.4312. Time: 3.1611 us. Best GFLOPs: 4513.9610
2025-10-07 10:43:46 [INFO] [task_scheduler.cc:131] [Task #0: main] Trial #508: GFLOPs: 3987.7747. Time: 3.2211 us. Best GFLOPs: 4513.9610
2025-10-07 10:43:46 [INFO] [task_scheduler.cc:131] [Task #0: main] Trial #509: GFLOPs: 4166.9678. Time: 3.0826 us. Best GFLOPs: 4513.9610
2025-10-07 10:43:46 [INFO] [task_scheduler.cc:131] [Task #0: main] Trial #510: GFLOPs: 976.7515. Time: 13.1508 us. Best GFLOPs: 4513.9610
2025-10-07 10:43:46 [INFO] [task_scheduler.cc:131] [Task #0: main] Trial #511: GFLOPs: 870.7801. Time: 14.7512 us. Best GFLOPs: 4513.9610
2025-10-07 10:43:46 [INFO] [task_scheduler.cc:131] [Task #0: main] Trial #512: GFLOPs: 1427.8684. Time: 8.9960 us. Best GFLOPs: 4513.9610
2025-10-07 10:43:46 [INFO] [evolutionary_search.cc:713] Generating candidates......
2025-10-07 10:43:47 [INFO] [evolutionary_search.cc:715] Picked top 102 candidate(s) from database
2025-10-07 10:43:52 [INFO] [evolutionary_search.cc:533] Sample-Init-Population summary:
Postproc #0 [meta_schedule.DisallowDynamicLoop(0x10c88718)]: 0 failure(s)
Postproc #1 [meta_schedule.RewriteCooperativeFetch(0x105f7608)]: 0 failure(s)
Postproc #2 [meta_schedule.RewriteUnboundBlock(0x11a60e48)]: 0 failure(s)
Postproc #3 [meta_schedule.RewriteParallelVectorizeUnroll(0x11a97d58)]: 0 failure(s)
Postproc #4 [meta_schedule.RewriteReductionBlock(0x10bef6a8)]: 0 failure(s)
Postproc #5 [meta_schedule.VerifyGPUCode(0x10fa7ce8)]: 276 failure(s)
Postproc #6 [meta_schedule.RewriteTensorize(0x1058b898)]: 0 failure(s)
2025-10-07 10:43:52 [INFO] [evolutionary_search.cc:723] Sampled 134 candidate(s)
2025-10-07 10:43:59 [INFO] [evolutionary_search.cc:621] Evolve iter #0 done. Summary:
Postproc #0 [meta_schedule.DisallowDynamicLoop(0x10c88718)]: 0 failure(s)
Postproc #1 [meta_schedule.RewriteCooperativeFetch(0x105f7608)]: 0 failure(s)
Postproc #2 [meta_schedule.RewriteUnboundBlock(0x11a60e48)]: 0 failure(s)
Postproc #3 [meta_schedule.RewriteParallelVectorizeUnroll(0x11a97d58)]: 0 failure(s)
Postproc #4 [meta_schedule.RewriteReductionBlock(0x10bef6a8)]: 0 failure(s)
Postproc #5 [meta_schedule.VerifyGPUCode(0x10fa7ce8)]: 64 failure(s)
Postproc #6 [meta_schedule.RewriteTensorize(0x1058b898)]: 0 failure(s)
2025-10-07 10:44:07 [INFO] [evolutionary_search.cc:621] Evolve iter #1 done. Summary:
Postproc #0 [meta_schedule.DisallowDynamicLoop(0x10c88718)]: 0 failure(s)
Postproc #1 [meta_schedule.RewriteCooperativeFetch(0x105f7608)]: 0 failure(s)
Postproc #2 [meta_schedule.RewriteUnboundBlock(0x11a60e48)]: 0 failure(s)
Postproc #3 [meta_schedule.RewriteParallelVectorizeUnroll(0x11a97d58)]: 0 failure(s)
Postproc #4 [meta_schedule.RewriteReductionBlock(0x10bef6a8)]: 0 failure(s)
Postproc #5 [meta_schedule.VerifyGPUCode(0x10fa7ce8)]: 63 failure(s)
Postproc #6 [meta_schedule.RewriteTensorize(0x1058b898)]: 0 failure(s)
2025-10-07 10:44:15 [INFO] [evolutionary_search.cc:621] Evolve iter #2 done. Summary:
Postproc #0 [meta_schedule.DisallowDynamicLoop(0x10c88718)]: 0 failure(s)
Postproc #1 [meta_schedule.RewriteCooperativeFetch(0x105f7608)]: 0 failure(s)
Postproc #2 [meta_schedule.RewriteUnboundBlock(0x11a60e48)]: 0 failure(s)
Postproc #3 [meta_schedule.RewriteParallelVectorizeUnroll(0x11a97d58)]: 0 failure(s)
Postproc #4 [meta_schedule.RewriteReductionBlock(0x10bef6a8)]: 0 failure(s)
Postproc #5 [meta_schedule.VerifyGPUCode(0x10fa7ce8)]: 56 failure(s)
Postproc #6 [meta_schedule.RewriteTensorize(0x1058b898)]: 0 failure(s)
2025-10-07 10:44:23 [INFO] [evolutionary_search.cc:621] Evolve iter #3 done. Summary:
Postproc #0 [meta_schedule.DisallowDynamicLoop(0x10c88718)]: 0 failure(s)
Postproc #1 [meta_schedule.RewriteCooperativeFetch(0x105f7608)]: 0 failure(s)
Postproc #2 [meta_schedule.RewriteUnboundBlock(0x11a60e48)]: 0 failure(s)
Postproc #3 [meta_schedule.RewriteParallelVectorizeUnroll(0x11a97d58)]: 0 failure(s)
Postproc #4 [meta_schedule.RewriteReductionBlock(0x10bef6a8)]: 0 failure(s)
Postproc #5 [meta_schedule.VerifyGPUCode(0x10fa7ce8)]: 39 failure(s)
Postproc #6 [meta_schedule.RewriteTensorize(0x1058b898)]: 0 failure(s)
2025-10-07 10:44:26 [INFO] [evolutionary_search.cc:649] Scores of the best 64 candidates:
[1 : 16]:	0.9099  0.9043  0.9034  0.9030  0.9029  0.8981  0.8965  0.8949  0.8944  0.8938  0.8930  0.8930  0.8925  0.8905  0.8905  0.8889
[17 : 32]:	0.8886  0.8880  0.8880  0.8877  0.8876  0.8871  0.8869  0.8865  0.8863  0.8856  0.8849  0.8844  0.8844  0.8843  0.8832  0.8830
[33 : 48]:	0.8827  0.8825  0.8821  0.8820  0.8820  0.8818  0.8816  0.8816  0.8814  0.8806  0.8803  0.8795  0.8792  0.8792  0.8792  0.8789
[49 : 64]:	0.8776  0.8775  0.8768  0.8760  0.8759  0.8754  0.8748  0.8743  0.8743  0.8743  0.8733  0.8719  0.8712  0.8711  0.8710  0.8709
2025-10-07 10:44:26 [INFO] [evolutionary_search.cc:727] Got 64 candidate(s) with evolutionary search
2025-10-07 10:44:26 [INFO] [evolutionary_search.cc:730] Sending 64 candidates(s) for measurement
2025-10-07 10:44:56 [INFO] [task_scheduler.cc:131] [Task #0: main] Trial #513: GFLOPs: 4070.7940. Time: 3.1554 us. Best GFLOPs: 4513.9610
2025-10-07 10:44:56 [INFO] [task_scheduler.cc:131] [Task #0: main] Trial #514: GFLOPs: 4353.0370. Time: 2.9508 us. Best GFLOPs: 4513.9610
2025-10-07 10:44:56 [INFO] [task_scheduler.cc:131] [Task #0: main] Trial #515: GFLOPs: 3856.4572. Time: 3.3308 us. Best GFLOPs: 4513.9610
2025-10-07 10:44:56 [INFO] [task_scheduler.cc:131] [Task #0: main] Trial #516: GFLOPs: 3980.2353. Time: 3.2272 us. Best GFLOPs: 4513.9610
2025-10-07 10:44:56 [INFO] [task_scheduler.cc:131] [Task #0: main] Trial #517: GFLOPs: 4247.5600. Time: 3.0241 us. Best GFLOPs: 4513.9610
2025-10-07 10:44:56 [INFO] [task_scheduler.cc:131] [Task #0: main] Trial #518: GFLOPs: 4411.4656. Time: 2.9117 us. Best GFLOPs: 4513.9610
2025-10-07 10:44:56 [INFO] [task_scheduler.cc:131] [Task #0: main] Trial #519: GFLOPs: 3762.8885. Time: 3.4136 us. Best GFLOPs: 4513.9610
2025-10-07 10:44:56 [INFO] [task_scheduler.cc:131] [Task #0: main] Trial #520: GFLOPs: 3752.4786. Time: 3.4231 us. Best GFLOPs: 4513.9610
2025-10-07 10:44:56 [INFO] [task_scheduler.cc:131] [Task #0: main] Trial #521: GFLOPs: 4341.8122. Time: 2.9585 us. Best GFLOPs: 4513.9610
2025-10-07 10:44:56 [INFO] [task_scheduler.cc:131] [Task #0: main] Trial #522: GFLOPs: 4056.5890. Time: 3.1665 us. Best GFLOPs: 4513.9610
2025-10-07 10:44:56 [INFO] [task_scheduler.cc:131] [Task #0: main] Trial #523: GFLOPs: 4024.7905. Time: 3.1915 us. Best GFLOPs: 4513.9610
2025-10-07 10:44:56 [INFO] [task_scheduler.cc:131] [Task #0: main] Trial #524: GFLOPs: 4314.5039. Time: 2.9772 us. Best GFLOPs: 4513.9610
2025-10-07 10:44:56 [INFO] [task_scheduler.cc:131] [Task #0: main] Trial #525: GFLOPs: 3679.5019. Time: 3.4910 us. Best GFLOPs: 4513.9610
2025-10-07 10:44:56 [INFO] [task_scheduler.cc:131] [Task #0: main] Trial #526: GFLOPs: 4233.9784. Time: 3.0338 us. Best GFLOPs: 4513.9610
2025-10-07 10:44:56 [INFO] [task_scheduler.cc:131] [Task #0: main] Trial #527: GFLOPs: 3895.9963. Time: 3.2970 us. Best GFLOPs: 4513.9610
2025-10-07 10:44:56 [INFO] [task_scheduler.cc:131] [Task #0: main] Trial #528: GFLOPs: 3796.9104. Time: 3.3830 us. Best GFLOPs: 4513.9610
2025-10-07 10:44:56 [INFO] [task_scheduler.cc:131] [Task #0: main] Trial #529: GFLOPs: 4032.3341. Time: 3.1855 us. Best GFLOPs: 4513.9610
2025-10-07 10:44:56 [INFO] [task_scheduler.cc:131] [Task #0: main] Trial #530: GFLOPs: 4410.2659. Time: 2.9125 us. Best GFLOPs: 4513.9610
2025-10-07 10:44:56 [INFO] [task_scheduler.cc:131] [Task #0: main] Trial #531: GFLOPs: 3284.2478. Time: 3.9111 us. Best GFLOPs: 4513.9610
2025-10-07 10:44:56 [INFO] [task_scheduler.cc:131] [Task #0: main] Trial #532: GFLOPs: 3743.3006. Time: 3.4315 us. Best GFLOPs: 4513.9610
2025-10-07 10:44:56 [INFO] [task_scheduler.cc:131] [Task #0: main] Trial #533: GFLOPs: 3740.6611. Time: 3.4339 us. Best GFLOPs: 4513.9610
2025-10-07 10:44:56 [INFO] [task_scheduler.cc:131] [Task #0: main] Trial #534: GFLOPs: 3980.3568. Time: 3.2271 us. Best GFLOPs: 4513.9610
2025-10-07 10:44:56 [INFO] [task_scheduler.cc:131] [Task #0: main] Trial #535: GFLOPs: 4226.3097. Time: 3.0393 us. Best GFLOPs: 4513.9610
2025-10-07 10:44:56 [INFO] [task_scheduler.cc:131] [Task #0: main] Trial #536: GFLOPs: 3988.8683. Time: 3.2202 us. Best GFLOPs: 4513.9610
2025-10-07 10:44:56 [INFO] [task_scheduler.cc:131] [Task #0: main] Trial #537: GFLOPs: 3433.5523. Time: 3.7410 us. Best GFLOPs: 4513.9610
2025-10-07 10:44:56 [INFO] [task_scheduler.cc:131] [Task #0: main] Trial #538: GFLOPs: 4053.1624. Time: 3.1691 us. Best GFLOPs: 4513.9610
2025-10-07 10:44:56 [INFO] [task_scheduler.cc:131] [Task #0: main] Trial #539: GFLOPs: 4015.1594. Time: 3.1991 us. Best GFLOPs: 4513.9610
2025-10-07 10:44:56 [INFO] [task_scheduler.cc:131] [Task #0: main] Trial #540: GFLOPs: 3999.9647. Time: 3.2113 us. Best GFLOPs: 4513.9610
2025-10-07 10:44:56 [INFO] [task_scheduler.cc:131] [Task #0: main] Trial #541: GFLOPs: 4033.7579. Time: 3.1844 us. Best GFLOPs: 4513.9610
2025-10-07 10:44:56 [INFO] [task_scheduler.cc:131] [Task #0: main] Trial #542: GFLOPs: 4192.7569. Time: 3.0636 us. Best GFLOPs: 4513.9610
2025-10-07 10:44:56 [INFO] [task_scheduler.cc:131] [Task #0: main] Trial #543: GFLOPs: 4290.3570. Time: 2.9939 us. Best GFLOPs: 4513.9610
2025-10-07 10:44:56 [INFO] [task_scheduler.cc:131] [Task #0: main] Trial #544: GFLOPs: 3278.5900. Time: 3.9179 us. Best GFLOPs: 4513.9610
2025-10-07 10:44:56 [INFO] [task_scheduler.cc:131] [Task #0: main] Trial #545: GFLOPs: 4388.2879. Time: 2.9271 us. Best GFLOPs: 4513.9610
2025-10-07 10:44:56 [INFO] [task_scheduler.cc:131] [Task #0: main] Trial #546: GFLOPs: 3600.5852. Time: 3.5675 us. Best GFLOPs: 4513.9610
2025-10-07 10:44:56 [INFO] [task_scheduler.cc:131] [Task #0: main] Trial #547: GFLOPs: 3511.2600. Time: 3.6582 us. Best GFLOPs: 4513.9610
2025-10-07 10:44:56 [INFO] [task_scheduler.cc:131] [Task #0: main] Trial #548: GFLOPs: 4104.9124. Time: 3.1292 us. Best GFLOPs: 4513.9610
2025-10-07 10:44:56 [INFO] [task_scheduler.cc:131] [Task #0: main] Trial #549: GFLOPs: 4320.2402. Time: 2.9732 us. Best GFLOPs: 4513.9610
2025-10-07 10:44:56 [INFO] [task_scheduler.cc:131] [Task #0: main] Trial #550: GFLOPs: 3318.3217. Time: 3.8709 us. Best GFLOPs: 4513.9610
2025-10-07 10:44:56 [INFO] [task_scheduler.cc:131] [Task #0: main] Trial #551: GFLOPs: 3724.4074. Time: 3.4489 us. Best GFLOPs: 4513.9610
2025-10-07 10:44:56 [INFO] [task_scheduler.cc:131] [Task #0: main] Trial #552: GFLOPs: 3800.3582. Time: 3.3800 us. Best GFLOPs: 4513.9610
2025-10-07 10:44:56 [INFO] [task_scheduler.cc:131] [Task #0: main] Trial #553: GFLOPs: 4158.1233. Time: 3.0891 us. Best GFLOPs: 4513.9610
2025-10-07 10:44:56 [INFO] [task_scheduler.cc:131] [Task #0: main] Trial #554: GFLOPs: 4076.3764. Time: 3.1511 us. Best GFLOPs: 4513.9610
2025-10-07 10:44:56 [INFO] [task_scheduler.cc:131] [Task #0: main] Trial #555: GFLOPs: 4138.1636. Time: 3.1040 us. Best GFLOPs: 4513.9610
2025-10-07 10:44:56 [INFO] [task_scheduler.cc:131] [Task #0: main] Trial #556: GFLOPs: 3778.5043. Time: 3.3995 us. Best GFLOPs: 4513.9610
2025-10-07 10:44:56 [INFO] [task_scheduler.cc:131] [Task #0: main] Trial #557: GFLOPs: 3793.1290. Time: 3.3864 us. Best GFLOPs: 4513.9610
2025-10-07 10:44:56 [INFO] [task_scheduler.cc:131] [Task #0: main] Trial #558: GFLOPs: 4030.3699. Time: 3.1871 us. Best GFLOPs: 4513.9610
2025-10-07 10:44:56 [INFO] [task_scheduler.cc:131] [Task #0: main] Trial #559: GFLOPs: 2047.6393. Time: 6.2731 us. Best GFLOPs: 4513.9610
2025-10-07 10:44:56 [INFO] [task_scheduler.cc:131] [Task #0: main] Trial #560: GFLOPs: 2037.4234. Time: 6.3046 us. Best GFLOPs: 4513.9610
2025-10-07 10:44:56 [INFO] [task_scheduler.cc:131] [Task #0: main] Trial #561: GFLOPs: 3993.6098. Time: 3.2164 us. Best GFLOPs: 4513.9610
2025-10-07 10:44:56 [INFO] [task_scheduler.cc:131] [Task #0: main] Trial #562: GFLOPs: 4359.2213. Time: 2.9466 us. Best GFLOPs: 4513.9610
2025-10-07 10:44:56 [INFO] [task_scheduler.cc:131] [Task #0: main] Trial #563: GFLOPs: 3984.1445. Time: 3.2240 us. Best GFLOPs: 4513.9610
2025-10-07 10:44:56 [INFO] [task_scheduler.cc:131] [Task #0: main] Trial #564: GFLOPs: 3979.7621. Time: 3.2276 us. Best GFLOPs: 4513.9610
2025-10-07 10:44:56 [INFO] [task_scheduler.cc:131] [Task #0: main] Trial #565: GFLOPs: 4315.5031. Time: 2.9765 us. Best GFLOPs: 4513.9610
2025-10-07 10:44:56 [INFO] [task_scheduler.cc:131] [Task #0: main] Trial #566: GFLOPs: 4257.8754. Time: 3.0168 us. Best GFLOPs: 4513.9610
2025-10-07 10:44:56 [INFO] [task_scheduler.cc:131] [Task #0: main] Trial #567: GFLOPs: 4375.1539. Time: 2.9359 us. Best GFLOPs: 4513.9610
2025-10-07 10:44:56 [INFO] [task_scheduler.cc:131] [Task #0: main] Trial #568: GFLOPs: 3679.3705. Time: 3.4911 us. Best GFLOPs: 4513.9610
2025-10-07 10:44:56 [INFO] [task_scheduler.cc:131] [Task #0: main] Trial #569: GFLOPs: 3820.2744. Time: 3.3623 us. Best GFLOPs: 4513.9610
2025-10-07 10:44:56 [INFO] [task_scheduler.cc:131] [Task #0: main] Trial #570: GFLOPs: 4309.9401. Time: 2.9803 us. Best GFLOPs: 4513.9610
2025-10-07 10:44:56 [INFO] [task_scheduler.cc:131] [Task #0: main] Trial #571: GFLOPs: 3986.9677. Time: 3.2218 us. Best GFLOPs: 4513.9610
2025-10-07 10:44:56 [INFO] [task_scheduler.cc:131] [Task #0: main] Trial #572: GFLOPs: 3492.0305. Time: 3.6784 us. Best GFLOPs: 4513.9610
2025-10-07 10:44:56 [INFO] [task_scheduler.cc:131] [Task #0: main] Trial #573: GFLOPs: 4235.9015. Time: 3.0324 us. Best GFLOPs: 4513.9610
2025-10-07 10:44:56 [INFO] [task_scheduler.cc:131] [Task #0: main] Trial #574: GFLOPs: 2738.0645. Time: 4.6913 us. Best GFLOPs: 4513.9610
2025-10-07 10:44:56 [INFO] [task_scheduler.cc:131] [Task #0: main] Trial #575: GFLOPs: 1340.5831. Time: 9.5817 us. Best GFLOPs: 4513.9610
2025-10-07 10:44:56 [INFO] [task_scheduler.cc:131] [Task #0: main] Trial #576: GFLOPs: 1045.6267. Time: 12.2846 us. Best GFLOPs: 4513.9610
2025-10-07 10:44:56 [INFO] [evolutionary_search.cc:713] Generating candidates......
2025-10-07 10:44:58 [INFO] [evolutionary_search.cc:715] Picked top 102 candidate(s) from database
2025-10-07 10:45:02 [INFO] [evolutionary_search.cc:533] Sample-Init-Population summary:
Postproc #0 [meta_schedule.DisallowDynamicLoop(0x10c88718)]: 0 failure(s)
Postproc #1 [meta_schedule.RewriteCooperativeFetch(0x105f7608)]: 0 failure(s)
Postproc #2 [meta_schedule.RewriteUnboundBlock(0x11a60e48)]: 0 failure(s)
Postproc #3 [meta_schedule.RewriteParallelVectorizeUnroll(0x11a97d58)]: 0 failure(s)
Postproc #4 [meta_schedule.RewriteReductionBlock(0x10bef6a8)]: 0 failure(s)
Postproc #5 [meta_schedule.VerifyGPUCode(0x10fa7ce8)]: 259 failure(s)
Postproc #6 [meta_schedule.RewriteTensorize(0x1058b898)]: 0 failure(s)
2025-10-07 10:45:02 [INFO] [evolutionary_search.cc:723] Sampled 151 candidate(s)
2025-10-07 10:45:09 [INFO] [evolutionary_search.cc:621] Evolve iter #0 done. Summary:
Postproc #0 [meta_schedule.DisallowDynamicLoop(0x10c88718)]: 0 failure(s)
Postproc #1 [meta_schedule.RewriteCooperativeFetch(0x105f7608)]: 0 failure(s)
Postproc #2 [meta_schedule.RewriteUnboundBlock(0x11a60e48)]: 0 failure(s)
Postproc #3 [meta_schedule.RewriteParallelVectorizeUnroll(0x11a97d58)]: 0 failure(s)
Postproc #4 [meta_schedule.RewriteReductionBlock(0x10bef6a8)]: 0 failure(s)
Postproc #5 [meta_schedule.VerifyGPUCode(0x10fa7ce8)]: 61 failure(s)
Postproc #6 [meta_schedule.RewriteTensorize(0x1058b898)]: 0 failure(s)
2025-10-07 10:45:17 [INFO] [evolutionary_search.cc:621] Evolve iter #1 done. Summary:
Postproc #0 [meta_schedule.DisallowDynamicLoop(0x10c88718)]: 0 failure(s)
Postproc #1 [meta_schedule.RewriteCooperativeFetch(0x105f7608)]: 0 failure(s)
Postproc #2 [meta_schedule.RewriteUnboundBlock(0x11a60e48)]: 0 failure(s)
Postproc #3 [meta_schedule.RewriteParallelVectorizeUnroll(0x11a97d58)]: 0 failure(s)
Postproc #4 [meta_schedule.RewriteReductionBlock(0x10bef6a8)]: 0 failure(s)
Postproc #5 [meta_schedule.VerifyGPUCode(0x10fa7ce8)]: 66 failure(s)
Postproc #6 [meta_schedule.RewriteTensorize(0x1058b898)]: 0 failure(s)
2025-10-07 10:45:25 [INFO] [evolutionary_search.cc:621] Evolve iter #2 done. Summary:
Postproc #0 [meta_schedule.DisallowDynamicLoop(0x10c88718)]: 0 failure(s)
Postproc #1 [meta_schedule.RewriteCooperativeFetch(0x105f7608)]: 0 failure(s)
Postproc #2 [meta_schedule.RewriteUnboundBlock(0x11a60e48)]: 0 failure(s)
Postproc #3 [meta_schedule.RewriteParallelVectorizeUnroll(0x11a97d58)]: 0 failure(s)
Postproc #4 [meta_schedule.RewriteReductionBlock(0x10bef6a8)]: 0 failure(s)
Postproc #5 [meta_schedule.VerifyGPUCode(0x10fa7ce8)]: 64 failure(s)
Postproc #6 [meta_schedule.RewriteTensorize(0x1058b898)]: 0 failure(s)
2025-10-07 10:45:34 [INFO] [evolutionary_search.cc:621] Evolve iter #3 done. Summary:
Postproc #0 [meta_schedule.DisallowDynamicLoop(0x10c88718)]: 0 failure(s)
Postproc #1 [meta_schedule.RewriteCooperativeFetch(0x105f7608)]: 0 failure(s)
Postproc #2 [meta_schedule.RewriteUnboundBlock(0x11a60e48)]: 0 failure(s)
Postproc #3 [meta_schedule.RewriteParallelVectorizeUnroll(0x11a97d58)]: 0 failure(s)
Postproc #4 [meta_schedule.RewriteReductionBlock(0x10bef6a8)]: 0 failure(s)
Postproc #5 [meta_schedule.VerifyGPUCode(0x10fa7ce8)]: 67 failure(s)
Postproc #6 [meta_schedule.RewriteTensorize(0x1058b898)]: 0 failure(s)
2025-10-07 10:45:36 [INFO] [evolutionary_search.cc:649] Scores of the best 64 candidates:
[1 : 16]:	0.9295  0.9127  0.9101  0.9086  0.9086  0.9077  0.9068  0.9062  0.9062  0.9059  0.9058  0.9057  0.9043  0.9042  0.9036  0.9034
[17 : 32]:	0.9034  0.8958  0.8951  0.8935  0.8935  0.8930  0.8907  0.8906  0.8896  0.8895  0.8895  0.8886  0.8865  0.8855  0.8848  0.8841
[33 : 48]:	0.8840  0.8840  0.8817  0.8815  0.8812  0.8809  0.8809  0.8799  0.8794  0.8793  0.8772  0.8765  0.8764  0.8753  0.8753  0.8748
[49 : 64]:	0.8747  0.8738  0.8738  0.8727  0.8726  0.8723  0.8718  0.8716  0.8716  0.8713  0.8712  0.8708  0.8706  0.8706  0.8704  0.8702
2025-10-07 10:45:37 [INFO] [evolutionary_search.cc:727] Got 64 candidate(s) with evolutionary search
2025-10-07 10:45:37 [INFO] [evolutionary_search.cc:730] Sending 64 candidates(s) for measurement
2025-10-07 10:46:04 [INFO] [task_scheduler.cc:131] [Task #0: main] Trial #577: GFLOPs: 3659.5822. Time: 3.5100 us. Best GFLOPs: 4513.9610
2025-10-07 10:46:04 [INFO] [task_scheduler.cc:131] [Task #0: main] Trial #578: GFLOPs: 3955.3714. Time: 3.2475 us. Best GFLOPs: 4513.9610
2025-10-07 10:46:04 [INFO] [task_scheduler.cc:131] [Task #0: main] Trial #579: GFLOPs: 3864.6767. Time: 3.3237 us. Best GFLOPs: 4513.9610
2025-10-07 10:46:04 [INFO] [task_scheduler.cc:131] [Task #0: main] Trial #580: GFLOPs: 4310.5826. Time: 2.9799 us. Best GFLOPs: 4513.9610
2025-10-07 10:46:04 [INFO] [task_scheduler.cc:131] [Task #0: main] Trial #581: GFLOPs: 3715.0298. Time: 3.4576 us. Best GFLOPs: 4513.9610
2025-10-07 10:46:04 [INFO] [task_scheduler.cc:131] [Task #0: main] Trial #582: GFLOPs: 4460.0692. Time: 2.8800 us. Best GFLOPs: 4513.9610
2025-10-07 10:46:04 [INFO] [task_scheduler.cc:131] [Task #0: main] Trial #583: GFLOPs: 4069.2315. Time: 3.1566 us. Best GFLOPs: 4513.9610
2025-10-07 10:46:04 [INFO] [task_scheduler.cc:131] [Task #0: main] Trial #584: GFLOPs: 4370.4435. Time: 2.9391 us. Best GFLOPs: 4513.9610
2025-10-07 10:46:04 [INFO] [task_scheduler.cc:131] [Task #0: main] Trial #585: GFLOPs: 4320.6917. Time: 2.9729 us. Best GFLOPs: 4513.9610
2025-10-07 10:46:04 [INFO] [task_scheduler.cc:131] [Task #0: main] Trial #586: GFLOPs: 3924.9319. Time: 3.2727 us. Best GFLOPs: 4513.9610
2025-10-07 10:46:04 [INFO] [task_scheduler.cc:131] [Task #0: main] Trial #587: GFLOPs: 4374.7729. Time: 2.9362 us. Best GFLOPs: 4513.9610
2025-10-07 10:46:04 [INFO] [task_scheduler.cc:131] [Task #0: main] Trial #588: GFLOPs: 4299.3194. Time: 2.9877 us. Best GFLOPs: 4513.9610
2025-10-07 10:46:04 [INFO] [task_scheduler.cc:131] [Task #0: main] Trial #589: GFLOPs: 4405.4127. Time: 2.9157 us. Best GFLOPs: 4513.9610
2025-10-07 10:46:04 [INFO] [task_scheduler.cc:131] [Task #0: main] Trial #590: GFLOPs: 3634.4082. Time: 3.5343 us. Best GFLOPs: 4513.9610
2025-10-07 10:46:04 [INFO] [task_scheduler.cc:131] [Task #0: main] Trial #591: GFLOPs: 4040.3703. Time: 3.1792 us. Best GFLOPs: 4513.9610
2025-10-07 10:46:04 [INFO] [task_scheduler.cc:131] [Task #0: main] Trial #592: GFLOPs: 3790.4868. Time: 3.3888 us. Best GFLOPs: 4513.9610
2025-10-07 10:46:04 [INFO] [task_scheduler.cc:131] [Task #0: main] Trial #593: GFLOPs: 3761.6857. Time: 3.4147 us. Best GFLOPs: 4513.9610
2025-10-07 10:46:04 [INFO] [task_scheduler.cc:131] [Task #0: main] Trial #594: GFLOPs: 4356.8914. Time: 2.9482 us. Best GFLOPs: 4513.9610
2025-10-07 10:46:04 [INFO] [task_scheduler.cc:131] [Task #0: main] Trial #595: GFLOPs: 4118.9426. Time: 3.1185 us. Best GFLOPs: 4513.9610
2025-10-07 10:46:04 [INFO] [task_scheduler.cc:131] [Task #0: main] Trial #596: GFLOPs: 3519.2715. Time: 3.6499 us. Best GFLOPs: 4513.9610
2025-10-07 10:46:04 [INFO] [task_scheduler.cc:131] [Task #0: main] Trial #597: GFLOPs: 3970.8034. Time: 3.2349 us. Best GFLOPs: 4513.9610
2025-10-07 10:46:04 [INFO] [task_scheduler.cc:131] [Task #0: main] Trial #598: GFLOPs: 3953.0446. Time: 3.2494 us. Best GFLOPs: 4513.9610
2025-10-07 10:46:04 [INFO] [task_scheduler.cc:131] [Task #0: main] Trial #599: GFLOPs: 3772.5431. Time: 3.4049 us. Best GFLOPs: 4513.9610
2025-10-07 10:46:04 [INFO] [task_scheduler.cc:131] [Task #0: main] Trial #600: GFLOPs: 4359.2845. Time: 2.9466 us. Best GFLOPs: 4513.9610
2025-10-07 10:46:04 [INFO] [task_scheduler.cc:131] [Task #0: main] Trial #601: GFLOPs: 2912.8177. Time: 4.4098 us. Best GFLOPs: 4513.9610
2025-10-07 10:46:04 [INFO] [task_scheduler.cc:131] [Task #0: main] Trial #602: GFLOPs: 4234.5548. Time: 3.0334 us. Best GFLOPs: 4513.9610
2025-10-07 10:46:04 [INFO] [task_scheduler.cc:131] [Task #0: main] Trial #603: GFLOPs: 4257.3934. Time: 3.0171 us. Best GFLOPs: 4513.9610
2025-10-07 10:46:04 [INFO] [task_scheduler.cc:131] [Task #0: main] Trial #604: GFLOPs: 3646.4765. Time: 3.5226 us. Best GFLOPs: 4513.9610
2025-10-07 10:46:04 [INFO] [task_scheduler.cc:131] [Task #0: main] Trial #605: GFLOPs: 3563.4364. Time: 3.6047 us. Best GFLOPs: 4513.9610
2025-10-07 10:46:04 [INFO] [task_scheduler.cc:131] [Task #0: main] Trial #606: GFLOPs: 3806.4614. Time: 3.3745 us. Best GFLOPs: 4513.9610
2025-10-07 10:46:04 [INFO] [task_scheduler.cc:131] [Task #0: main] Trial #607: GFLOPs: 3724.1227. Time: 3.4491 us. Best GFLOPs: 4513.9610
2025-10-07 10:46:04 [INFO] [task_scheduler.cc:131] [Task #0: main] Trial #608: GFLOPs: 3897.9413. Time: 3.2953 us. Best GFLOPs: 4513.9610
2025-10-07 10:46:04 [INFO] [task_scheduler.cc:131] [Task #0: main] Trial #609: GFLOPs: 3803.5500. Time: 3.3771 us. Best GFLOPs: 4513.9610
2025-10-07 10:46:04 [INFO] [task_scheduler.cc:131] [Task #0: main] Trial #610: GFLOPs: 3926.3803. Time: 3.2715 us. Best GFLOPs: 4513.9610
2025-10-07 10:46:04 [INFO] [task_scheduler.cc:131] [Task #0: main] Trial #611: GFLOPs: 3426.5147. Time: 3.7487 us. Best GFLOPs: 4513.9610
2025-10-07 10:46:04 [INFO] [task_scheduler.cc:131] [Task #0: main] Trial #612: GFLOPs: 3886.8860. Time: 3.3047 us. Best GFLOPs: 4513.9610
2025-10-07 10:46:04 [INFO] [task_scheduler.cc:131] [Task #0: main] Trial #613: GFLOPs: 4364.6040. Time: 2.9430 us. Best GFLOPs: 4513.9610
2025-10-07 10:46:04 [INFO] [task_scheduler.cc:131] [Task #0: main] Trial #614: GFLOPs: 3326.2895. Time: 3.8617 us. Best GFLOPs: 4513.9610
2025-10-07 10:46:04 [INFO] [task_scheduler.cc:131] [Task #0: main] Trial #615: GFLOPs: 4203.4888. Time: 3.0558 us. Best GFLOPs: 4513.9610
2025-10-07 10:46:04 [INFO] [task_scheduler.cc:131] [Task #0: main] Trial #616: GFLOPs: 4259.1797. Time: 3.0159 us. Best GFLOPs: 4513.9610
2025-10-07 10:46:04 [INFO] [task_scheduler.cc:131] [Task #0: main] Trial #617: GFLOPs: 3691.6860. Time: 3.4795 us. Best GFLOPs: 4513.9610
2025-10-07 10:46:04 [INFO] [task_scheduler.cc:131] [Task #0: main] Trial #618: GFLOPs: 3635.0053. Time: 3.5337 us. Best GFLOPs: 4513.9610
2025-10-07 10:46:04 [INFO] [task_scheduler.cc:131] [Task #0: main] Trial #619: GFLOPs: 3480.2764. Time: 3.6908 us. Best GFLOPs: 4513.9610
2025-10-07 10:46:04 [INFO] [task_scheduler.cc:131] [Task #0: main] Trial #620: GFLOPs: 3751.3773. Time: 3.4241 us. Best GFLOPs: 4513.9610
2025-10-07 10:46:04 [INFO] [task_scheduler.cc:131] [Task #0: main] Trial #621: GFLOPs: 3840.6675. Time: 3.3445 us. Best GFLOPs: 4513.9610
2025-10-07 10:46:04 [INFO] [task_scheduler.cc:131] [Task #0: main] Trial #622: GFLOPs: 3946.0726. Time: 3.2551 us. Best GFLOPs: 4513.9610
2025-10-07 10:46:04 [INFO] [task_scheduler.cc:131] [Task #0: main] Trial #623: GFLOPs: 4160.5337. Time: 3.0874 us. Best GFLOPs: 4513.9610
2025-10-07 10:46:04 [INFO] [task_scheduler.cc:131] [Task #0: main] Trial #624: GFLOPs: 4208.3067. Time: 3.0523 us. Best GFLOPs: 4513.9610
2025-10-07 10:46:04 [INFO] [task_scheduler.cc:131] [Task #0: main] Trial #625: GFLOPs: 4059.3691. Time: 3.1643 us. Best GFLOPs: 4513.9610
2025-10-07 10:46:04 [INFO] [task_scheduler.cc:131] [Task #0: main] Trial #626: GFLOPs: 4322.7525. Time: 2.9715 us. Best GFLOPs: 4513.9610
2025-10-07 10:46:04 [INFO] [task_scheduler.cc:131] [Task #0: main] Trial #627: GFLOPs: 4264.8589. Time: 3.0118 us. Best GFLOPs: 4513.9610
2025-10-07 10:46:04 [INFO] [task_scheduler.cc:131] [Task #0: main] Trial #628: GFLOPs: 3969.9123. Time: 3.2356 us. Best GFLOPs: 4513.9610
2025-10-07 10:46:04 [INFO] [task_scheduler.cc:131] [Task #0: main] Trial #629: GFLOPs: 4262.6955. Time: 3.0134 us. Best GFLOPs: 4513.9610
2025-10-07 10:46:04 [INFO] [task_scheduler.cc:131] [Task #0: main] Trial #630: GFLOPs: 4093.1782. Time: 3.1382 us. Best GFLOPs: 4513.9610
2025-10-07 10:46:04 [INFO] [task_scheduler.cc:131] [Task #0: main] Trial #631: GFLOPs: 3652.3756. Time: 3.5169 us. Best GFLOPs: 4513.9610
2025-10-07 10:46:04 [INFO] [task_scheduler.cc:131] [Task #0: main] Trial #632: GFLOPs: 4456.6957. Time: 2.8822 us. Best GFLOPs: 4513.9610
2025-10-07 10:46:04 [INFO] [task_scheduler.cc:131] [Task #0: main] Trial #633: GFLOPs: 3587.5675. Time: 3.5804 us. Best GFLOPs: 4513.9610
2025-10-07 10:46:04 [INFO] [task_scheduler.cc:131] [Task #0: main] Trial #634: GFLOPs: 3795.4339. Time: 3.3843 us. Best GFLOPs: 4513.9610
2025-10-07 10:46:04 [INFO] [task_scheduler.cc:131] [Task #0: main] Trial #635: GFLOPs: 4338.9003. Time: 2.9604 us. Best GFLOPs: 4513.9610
2025-10-07 10:46:04 [INFO] [task_scheduler.cc:131] [Task #0: main] Trial #636: GFLOPs: 3470.6045. Time: 3.7011 us. Best GFLOPs: 4513.9610
2025-10-07 10:46:04 [INFO] [task_scheduler.cc:131] [Task #0: main] Trial #637: GFLOPs: 3737.5141. Time: 3.4368 us. Best GFLOPs: 4513.9610
2025-10-07 10:46:04 [INFO] [task_scheduler.cc:131] [Task #0: main] Trial #638: GFLOPs: 3110.1809. Time: 4.1300 us. Best GFLOPs: 4513.9610
2025-10-07 10:46:04 [INFO] [task_scheduler.cc:131] [Task #0: main] Trial #639: GFLOPs: 1882.1136. Time: 6.8248 us. Best GFLOPs: 4513.9610
2025-10-07 10:46:04 [INFO] [task_scheduler.cc:131] [Task #0: main] Trial #640: GFLOPs: 1112.0419. Time: 11.5509 us. Best GFLOPs: 4513.9610
2025-10-07 10:46:04 [INFO] [evolutionary_search.cc:713] Generating candidates......
2025-10-07 10:46:05 [INFO] [evolutionary_search.cc:715] Picked top 102 candidate(s) from database
2025-10-07 10:46:10 [INFO] [evolutionary_search.cc:533] Sample-Init-Population summary:
Postproc #0 [meta_schedule.DisallowDynamicLoop(0x10c88718)]: 0 failure(s)
Postproc #1 [meta_schedule.RewriteCooperativeFetch(0x105f7608)]: 0 failure(s)
Postproc #2 [meta_schedule.RewriteUnboundBlock(0x11a60e48)]: 0 failure(s)
Postproc #3 [meta_schedule.RewriteParallelVectorizeUnroll(0x11a97d58)]: 0 failure(s)
Postproc #4 [meta_schedule.RewriteReductionBlock(0x10bef6a8)]: 0 failure(s)
Postproc #5 [meta_schedule.VerifyGPUCode(0x10fa7ce8)]: 274 failure(s)
Postproc #6 [meta_schedule.RewriteTensorize(0x1058b898)]: 0 failure(s)
2025-10-07 10:46:10 [INFO] [evolutionary_search.cc:723] Sampled 136 candidate(s)
2025-10-07 10:46:17 [INFO] [evolutionary_search.cc:621] Evolve iter #0 done. Summary:
Postproc #0 [meta_schedule.DisallowDynamicLoop(0x10c88718)]: 0 failure(s)
Postproc #1 [meta_schedule.RewriteCooperativeFetch(0x105f7608)]: 0 failure(s)
Postproc #2 [meta_schedule.RewriteUnboundBlock(0x11a60e48)]: 0 failure(s)
Postproc #3 [meta_schedule.RewriteParallelVectorizeUnroll(0x11a97d58)]: 0 failure(s)
Postproc #4 [meta_schedule.RewriteReductionBlock(0x10bef6a8)]: 0 failure(s)
Postproc #5 [meta_schedule.VerifyGPUCode(0x10fa7ce8)]: 75 failure(s)
Postproc #6 [meta_schedule.RewriteTensorize(0x1058b898)]: 0 failure(s)
2025-10-07 10:46:25 [INFO] [evolutionary_search.cc:621] Evolve iter #1 done. Summary:
Postproc #0 [meta_schedule.DisallowDynamicLoop(0x10c88718)]: 0 failure(s)
Postproc #1 [meta_schedule.RewriteCooperativeFetch(0x105f7608)]: 0 failure(s)
Postproc #2 [meta_schedule.RewriteUnboundBlock(0x11a60e48)]: 0 failure(s)
Postproc #3 [meta_schedule.RewriteParallelVectorizeUnroll(0x11a97d58)]: 0 failure(s)
Postproc #4 [meta_schedule.RewriteReductionBlock(0x10bef6a8)]: 0 failure(s)
Postproc #5 [meta_schedule.VerifyGPUCode(0x10fa7ce8)]: 63 failure(s)
Postproc #6 [meta_schedule.RewriteTensorize(0x1058b898)]: 0 failure(s)
2025-10-07 10:46:33 [INFO] [evolutionary_search.cc:621] Evolve iter #2 done. Summary:
Postproc #0 [meta_schedule.DisallowDynamicLoop(0x10c88718)]: 0 failure(s)
Postproc #1 [meta_schedule.RewriteCooperativeFetch(0x105f7608)]: 0 failure(s)
Postproc #2 [meta_schedule.RewriteUnboundBlock(0x11a60e48)]: 0 failure(s)
Postproc #3 [meta_schedule.RewriteParallelVectorizeUnroll(0x11a97d58)]: 0 failure(s)
Postproc #4 [meta_schedule.RewriteReductionBlock(0x10bef6a8)]: 0 failure(s)
Postproc #5 [meta_schedule.VerifyGPUCode(0x10fa7ce8)]: 46 failure(s)
Postproc #6 [meta_schedule.RewriteTensorize(0x1058b898)]: 0 failure(s)
2025-10-07 10:46:42 [INFO] [evolutionary_search.cc:621] Evolve iter #3 done. Summary:
Postproc #0 [meta_schedule.DisallowDynamicLoop(0x10c88718)]: 0 failure(s)
Postproc #1 [meta_schedule.RewriteCooperativeFetch(0x105f7608)]: 0 failure(s)
Postproc #2 [meta_schedule.RewriteUnboundBlock(0x11a60e48)]: 0 failure(s)
Postproc #3 [meta_schedule.RewriteParallelVectorizeUnroll(0x11a97d58)]: 0 failure(s)
Postproc #4 [meta_schedule.RewriteReductionBlock(0x10bef6a8)]: 0 failure(s)
Postproc #5 [meta_schedule.VerifyGPUCode(0x10fa7ce8)]: 62 failure(s)
Postproc #6 [meta_schedule.RewriteTensorize(0x1058b898)]: 0 failure(s)
2025-10-07 10:46:44 [INFO] [evolutionary_search.cc:649] Scores of the best 64 candidates:
[1 : 16]:	0.9283  0.9283  0.9265  0.9262  0.9243  0.9243  0.9174  0.9166  0.9155  0.9141  0.9138  0.9092  0.9083  0.9080  0.9080  0.9054
[17 : 32]:	0.9042  0.9038  0.9038  0.9036  0.9015  0.9011  0.9007  0.9000  0.8965  0.8965  0.8951  0.8951  0.8951  0.8947  0.8947  0.8935
[33 : 48]:	0.8921  0.8910  0.8874  0.8858  0.8849  0.8846  0.8846  0.8842  0.8841  0.8834  0.8827  0.8811  0.8800  0.8792  0.8788  0.8784
[49 : 64]:	0.8779  0.8773  0.8773  0.8771  0.8771  0.8771  0.8771  0.8768  0.8759  0.8754  0.8730  0.8730  0.8728  0.8721  0.8719  0.8718
2025-10-07 10:46:44 [INFO] [evolutionary_search.cc:727] Got 64 candidate(s) with evolutionary search
2025-10-07 10:46:44 [INFO] [evolutionary_search.cc:730] Sending 64 candidates(s) for measurement
2025-10-07 10:47:12 [INFO] [task_scheduler.cc:131] [Task #0: main] Trial #641: GFLOPs: 3976.0976. Time: 3.2306 us. Best GFLOPs: 4513.9610
2025-10-07 10:47:12 [INFO] [task_scheduler.cc:131] [Task #0: main] Trial #642: GFLOPs: 4168.2523. Time: 3.0816 us. Best GFLOPs: 4513.9610
2025-10-07 10:47:12 [INFO] [task_scheduler.cc:131] [Task #0: main] Trial #643: GFLOPs: 3653.3074. Time: 3.5160 us. Best GFLOPs: 4513.9610
2025-10-07 10:47:12 [INFO] [task_scheduler.cc:131] [Task #0: main] Trial #644: GFLOPs: 3946.6319. Time: 3.2547 us. Best GFLOPs: 4513.9610
2025-10-07 10:47:12 [INFO] [task_scheduler.cc:131] [Task #0: main] Trial #645: GFLOPs: 3918.0494. Time: 3.2784 us. Best GFLOPs: 4513.9610
2025-10-07 10:47:12 [INFO] [task_scheduler.cc:131] [Task #0: main] Trial #646: GFLOPs: 3391.2187. Time: 3.7877 us. Best GFLOPs: 4513.9610
2025-10-07 10:47:12 [INFO] [task_scheduler.cc:131] [Task #0: main] Trial #647: GFLOPs: 4383.5183. Time: 2.9303 us. Best GFLOPs: 4513.9610
2025-10-07 10:47:12 [INFO] [task_scheduler.cc:131] [Task #0: main] Trial #648: GFLOPs: 4224.2813. Time: 3.0408 us. Best GFLOPs: 4513.9610
2025-10-07 10:47:12 [INFO] [task_scheduler.cc:131] [Task #0: main] Trial #649: GFLOPs: 3506.1328. Time: 3.6636 us. Best GFLOPs: 4513.9610
2025-10-07 10:47:12 [INFO] [task_scheduler.cc:131] [Task #0: main] Trial #650: GFLOPs: 3630.3286. Time: 3.5383 us. Best GFLOPs: 4513.9610
2025-10-07 10:47:12 [INFO] [task_scheduler.cc:131] [Task #0: main] Trial #651: GFLOPs: 3360.6427. Time: 3.8222 us. Best GFLOPs: 4513.9610
2025-10-07 10:47:12 [INFO] [task_scheduler.cc:131] [Task #0: main] Trial #652: GFLOPs: 3793.5873. Time: 3.3860 us. Best GFLOPs: 4513.9610
2025-10-07 10:47:12 [INFO] [task_scheduler.cc:131] [Task #0: main] Trial #653: GFLOPs: 4124.9963. Time: 3.1140 us. Best GFLOPs: 4513.9610
2025-10-07 10:47:12 [INFO] [task_scheduler.cc:131] [Task #0: main] Trial #654: GFLOPs: 4091.2594. Time: 3.1396 us. Best GFLOPs: 4513.9610
2025-10-07 10:47:12 [INFO] [task_scheduler.cc:131] [Task #0: main] Trial #655: GFLOPs: 3616.0147. Time: 3.5523 us. Best GFLOPs: 4513.9610
2025-10-07 10:47:12 [INFO] [task_scheduler.cc:131] [Task #0: main] Trial #656: GFLOPs: 4227.8070. Time: 3.0382 us. Best GFLOPs: 4513.9610
2025-10-07 10:47:12 [INFO] [task_scheduler.cc:131] [Task #0: main] Trial #657: GFLOPs: 3914.2255. Time: 3.2816 us. Best GFLOPs: 4513.9610
2025-10-07 10:47:12 [INFO] [task_scheduler.cc:131] [Task #0: main] Trial #658: GFLOPs: 3836.1713. Time: 3.3484 us. Best GFLOPs: 4513.9610
2025-10-07 10:47:12 [INFO] [task_scheduler.cc:131] [Task #0: main] Trial #659: GFLOPs: 4073.0192. Time: 3.1537 us. Best GFLOPs: 4513.9610
2025-10-07 10:47:12 [INFO] [task_scheduler.cc:131] [Task #0: main] Trial #660: GFLOPs: 3712.6950. Time: 3.4598 us. Best GFLOPs: 4513.9610
2025-10-07 10:47:12 [INFO] [task_scheduler.cc:131] [Task #0: main] Trial #661: GFLOPs: 3731.0069. Time: 3.4428 us. Best GFLOPs: 4513.9610
2025-10-07 10:47:12 [INFO] [task_scheduler.cc:131] [Task #0: main] Trial #662: GFLOPs: 3855.9004. Time: 3.3313 us. Best GFLOPs: 4513.9610
2025-10-07 10:47:12 [INFO] [task_scheduler.cc:131] [Task #0: main] Trial #663: GFLOPs: 3674.3694. Time: 3.4959 us. Best GFLOPs: 4513.9610
2025-10-07 10:47:12 [INFO] [task_scheduler.cc:131] [Task #0: main] Trial #664: GFLOPs: 3929.6779. Time: 3.2687 us. Best GFLOPs: 4513.9610
2025-10-07 10:47:12 [INFO] [task_scheduler.cc:131] [Task #0: main] Trial #665: GFLOPs: 3822.0154. Time: 3.3608 us. Best GFLOPs: 4513.9610
2025-10-07 10:47:12 [INFO] [task_scheduler.cc:131] [Task #0: main] Trial #666: GFLOPs: 3707.6581. Time: 3.4645 us. Best GFLOPs: 4513.9610
2025-10-07 10:47:12 [INFO] [task_scheduler.cc:131] [Task #0: main] Trial #667: GFLOPs: 3964.0127. Time: 3.2404 us. Best GFLOPs: 4513.9610
2025-10-07 10:47:12 [INFO] [task_scheduler.cc:131] [Task #0: main] Trial #668: GFLOPs: 3796.4995. Time: 3.3834 us. Best GFLOPs: 4513.9610
2025-10-07 10:47:12 [INFO] [task_scheduler.cc:131] [Task #0: main] Trial #669: GFLOPs: 4061.7058. Time: 3.1625 us. Best GFLOPs: 4513.9610
2025-10-07 10:47:12 [INFO] [task_scheduler.cc:131] [Task #0: main] Trial #670: GFLOPs: 4416.1216. Time: 2.9087 us. Best GFLOPs: 4513.9610
2025-10-07 10:47:12 [INFO] [task_scheduler.cc:131] [Task #0: main] Trial #671: GFLOPs: 4043.1794. Time: 3.1770 us. Best GFLOPs: 4513.9610
2025-10-07 10:47:12 [INFO] [task_scheduler.cc:131] [Task #0: main] Trial #672: GFLOPs: 3530.7410. Time: 3.6381 us. Best GFLOPs: 4513.9610
2025-10-07 10:47:12 [INFO] [task_scheduler.cc:131] [Task #0: main] Trial #673: GFLOPs: 3979.5243. Time: 3.2278 us. Best GFLOPs: 4513.9610
2025-10-07 10:47:12 [INFO] [task_scheduler.cc:131] [Task #0: main] Trial #674: GFLOPs: 4019.2930. Time: 3.1958 us. Best GFLOPs: 4513.9610
2025-10-07 10:47:12 [INFO] [task_scheduler.cc:131] [Task #0: main] Trial #675: GFLOPs: 3951.5559. Time: 3.2506 us. Best GFLOPs: 4513.9610
2025-10-07 10:47:12 [INFO] [task_scheduler.cc:131] [Task #0: main] Trial #676: GFLOPs: 4312.6973. Time: 2.9784 us. Best GFLOPs: 4513.9610
2025-10-07 10:47:12 [INFO] [task_scheduler.cc:131] [Task #0: main] Trial #677: GFLOPs: 4021.1689. Time: 3.1944 us. Best GFLOPs: 4513.9610
2025-10-07 10:47:12 [INFO] [task_scheduler.cc:131] [Task #0: main] Trial #678: GFLOPs: 3911.4130. Time: 3.2840 us. Best GFLOPs: 4513.9610
2025-10-07 10:47:12 [INFO] [task_scheduler.cc:131] [Task #0: main] Trial #679: GFLOPs: 3853.2426. Time: 3.3336 us. Best GFLOPs: 4513.9610
2025-10-07 10:47:12 [INFO] [task_scheduler.cc:131] [Task #0: main] Trial #680: GFLOPs: 4376.2364. Time: 2.9352 us. Best GFLOPs: 4513.9610
2025-10-07 10:47:12 [INFO] [task_scheduler.cc:131] [Task #0: main] Trial #681: GFLOPs: 4362.0248. Time: 2.9447 us. Best GFLOPs: 4513.9610
2025-10-07 10:47:12 [INFO] [task_scheduler.cc:131] [Task #0: main] Trial #682: GFLOPs: 4226.0336. Time: 3.0395 us. Best GFLOPs: 4513.9610
2025-10-07 10:47:12 [INFO] [task_scheduler.cc:131] [Task #0: main] Trial #683: GFLOPs: 4211.7737. Time: 3.0498 us. Best GFLOPs: 4513.9610
2025-10-07 10:47:12 [INFO] [task_scheduler.cc:131] [Task #0: main] Trial #684: GFLOPs: 4034.7807. Time: 3.1836 us. Best GFLOPs: 4513.9610
2025-10-07 10:47:12 [INFO] [task_scheduler.cc:131] [Task #0: main] Trial #685: GFLOPs: 4212.7050. Time: 3.0491 us. Best GFLOPs: 4513.9610
2025-10-07 10:47:12 [INFO] [task_scheduler.cc:131] [Task #0: main] Trial #686: GFLOPs: 4340.0545. Time: 2.9597 us. Best GFLOPs: 4513.9610
2025-10-07 10:47:12 [INFO] [task_scheduler.cc:131] [Task #0: main] Trial #687: GFLOPs: 4350.5184. Time: 2.9525 us. Best GFLOPs: 4513.9610
2025-10-07 10:47:12 [INFO] [task_scheduler.cc:131] [Task #0: main] Trial #688: GFLOPs: 4403.5545. Time: 2.9170 us. Best GFLOPs: 4513.9610
2025-10-07 10:47:12 [INFO] [task_scheduler.cc:131] [Task #0: main] Trial #689: GFLOPs: 3607.8076. Time: 3.5603 us. Best GFLOPs: 4513.9610
2025-10-07 10:47:12 [INFO] [task_scheduler.cc:131] [Task #0: main] Trial #690: GFLOPs: 4376.0385. Time: 2.9353 us. Best GFLOPs: 4513.9610
2025-10-07 10:47:12 [INFO] [task_scheduler.cc:131] [Task #0: main] Trial #691: GFLOPs: 4410.2652. Time: 2.9125 us. Best GFLOPs: 4513.9610
2025-10-07 10:47:12 [INFO] [task_scheduler.cc:131] [Task #0: main] Trial #692: GFLOPs: 3907.7896. Time: 3.2870 us. Best GFLOPs: 4513.9610
2025-10-07 10:47:12 [INFO] [task_scheduler.cc:131] [Task #0: main] Trial #693: GFLOPs: 3908.8517. Time: 3.2861 us. Best GFLOPs: 4513.9610
2025-10-07 10:47:12 [INFO] [task_scheduler.cc:131] [Task #0: main] Trial #694: GFLOPs: 3340.9706. Time: 3.8447 us. Best GFLOPs: 4513.9610
2025-10-07 10:47:12 [INFO] [task_scheduler.cc:131] [Task #0: main] Trial #695: GFLOPs: 3646.4738. Time: 3.5226 us. Best GFLOPs: 4513.9610
2025-10-07 10:47:12 [INFO] [task_scheduler.cc:131] [Task #0: main] Trial #696: GFLOPs: 4210.0068. Time: 3.0511 us. Best GFLOPs: 4513.9610
2025-10-07 10:47:12 [INFO] [task_scheduler.cc:131] [Task #0: main] Trial #697: GFLOPs: 3968.2760. Time: 3.2369 us. Best GFLOPs: 4513.9610
2025-10-07 10:47:12 [INFO] [task_scheduler.cc:131] [Task #0: main] Trial #698: GFLOPs: 3918.8684. Time: 3.2777 us. Best GFLOPs: 4513.9610
2025-10-07 10:47:12 [INFO] [task_scheduler.cc:131] [Task #0: main] Trial #699: GFLOPs: 3616.7210. Time: 3.5516 us. Best GFLOPs: 4513.9610
2025-10-07 10:47:12 [INFO] [task_scheduler.cc:131] [Task #0: main] Trial #700: GFLOPs: 3752.6643. Time: 3.4229 us. Best GFLOPs: 4513.9610
2025-10-07 10:47:12 [INFO] [task_scheduler.cc:131] [Task #0: main] Trial #701: GFLOPs: 3683.4260. Time: 3.4873 us. Best GFLOPs: 4513.9610
2025-10-07 10:47:12 [INFO] [task_scheduler.cc:131] [Task #0: main] Trial #702: GFLOPs: 2016.1374. Time: 6.3711 us. Best GFLOPs: 4513.9610
2025-10-07 10:47:12 [INFO] [task_scheduler.cc:131] [Task #0: main] Trial #703: GFLOPs: 3062.6572. Time: 4.1941 us. Best GFLOPs: 4513.9610
2025-10-07 10:47:12 [INFO] [task_scheduler.cc:131] [Task #0: main] Trial #704: GFLOPs: 651.0734. Time: 19.7290 us. Best GFLOPs: 4513.9610
2025-10-07 10:47:12 [INFO] [evolutionary_search.cc:713] Generating candidates......
2025-10-07 10:47:13 [INFO] [evolutionary_search.cc:715] Picked top 102 candidate(s) from database
2025-10-07 10:47:18 [INFO] [evolutionary_search.cc:533] Sample-Init-Population summary:
Postproc #0 [meta_schedule.DisallowDynamicLoop(0x10c88718)]: 0 failure(s)
Postproc #1 [meta_schedule.RewriteCooperativeFetch(0x105f7608)]: 0 failure(s)
Postproc #2 [meta_schedule.RewriteUnboundBlock(0x11a60e48)]: 0 failure(s)
Postproc #3 [meta_schedule.RewriteParallelVectorizeUnroll(0x11a97d58)]: 0 failure(s)
Postproc #4 [meta_schedule.RewriteReductionBlock(0x10bef6a8)]: 0 failure(s)
Postproc #5 [meta_schedule.VerifyGPUCode(0x10fa7ce8)]: 278 failure(s)
Postproc #6 [meta_schedule.RewriteTensorize(0x1058b898)]: 0 failure(s)
2025-10-07 10:47:18 [INFO] [evolutionary_search.cc:723] Sampled 132 candidate(s)
2025-10-07 10:47:25 [INFO] [evolutionary_search.cc:621] Evolve iter #0 done. Summary:
Postproc #0 [meta_schedule.DisallowDynamicLoop(0x10c88718)]: 0 failure(s)
Postproc #1 [meta_schedule.RewriteCooperativeFetch(0x105f7608)]: 0 failure(s)
Postproc #2 [meta_schedule.RewriteUnboundBlock(0x11a60e48)]: 0 failure(s)
Postproc #3 [meta_schedule.RewriteParallelVectorizeUnroll(0x11a97d58)]: 0 failure(s)
Postproc #4 [meta_schedule.RewriteReductionBlock(0x10bef6a8)]: 0 failure(s)
Postproc #5 [meta_schedule.VerifyGPUCode(0x10fa7ce8)]: 55 failure(s)
Postproc #6 [meta_schedule.RewriteTensorize(0x1058b898)]: 0 failure(s)
2025-10-07 10:47:33 [INFO] [evolutionary_search.cc:621] Evolve iter #1 done. Summary:
Postproc #0 [meta_schedule.DisallowDynamicLoop(0x10c88718)]: 0 failure(s)
Postproc #1 [meta_schedule.RewriteCooperativeFetch(0x105f7608)]: 0 failure(s)
Postproc #2 [meta_schedule.RewriteUnboundBlock(0x11a60e48)]: 0 failure(s)
Postproc #3 [meta_schedule.RewriteParallelVectorizeUnroll(0x11a97d58)]: 0 failure(s)
Postproc #4 [meta_schedule.RewriteReductionBlock(0x10bef6a8)]: 0 failure(s)
Postproc #5 [meta_schedule.VerifyGPUCode(0x10fa7ce8)]: 74 failure(s)
Postproc #6 [meta_schedule.RewriteTensorize(0x1058b898)]: 0 failure(s)
2025-10-07 10:47:41 [INFO] [evolutionary_search.cc:621] Evolve iter #2 done. Summary:
Postproc #0 [meta_schedule.DisallowDynamicLoop(0x10c88718)]: 0 failure(s)
Postproc #1 [meta_schedule.RewriteCooperativeFetch(0x105f7608)]: 0 failure(s)
Postproc #2 [meta_schedule.RewriteUnboundBlock(0x11a60e48)]: 0 failure(s)
Postproc #3 [meta_schedule.RewriteParallelVectorizeUnroll(0x11a97d58)]: 0 failure(s)
Postproc #4 [meta_schedule.RewriteReductionBlock(0x10bef6a8)]: 0 failure(s)
Postproc #5 [meta_schedule.VerifyGPUCode(0x10fa7ce8)]: 53 failure(s)
Postproc #6 [meta_schedule.RewriteTensorize(0x1058b898)]: 0 failure(s)
2025-10-07 10:47:49 [INFO] [evolutionary_search.cc:621] Evolve iter #3 done. Summary:
Postproc #0 [meta_schedule.DisallowDynamicLoop(0x10c88718)]: 0 failure(s)
Postproc #1 [meta_schedule.RewriteCooperativeFetch(0x105f7608)]: 0 failure(s)
Postproc #2 [meta_schedule.RewriteUnboundBlock(0x11a60e48)]: 0 failure(s)
Postproc #3 [meta_schedule.RewriteParallelVectorizeUnroll(0x11a97d58)]: 0 failure(s)
Postproc #4 [meta_schedule.RewriteReductionBlock(0x10bef6a8)]: 0 failure(s)
Postproc #5 [meta_schedule.VerifyGPUCode(0x10fa7ce8)]: 59 failure(s)
Postproc #6 [meta_schedule.RewriteTensorize(0x1058b898)]: 0 failure(s)
2025-10-07 10:47:51 [INFO] [evolutionary_search.cc:649] Scores of the best 64 candidates:
[1 : 16]:	0.9639  0.9401  0.9370  0.9205  0.9129  0.9116  0.9116  0.9077  0.9062  0.9039  0.9036  0.9027  0.9000  0.9000  0.8973  0.8957
[17 : 32]:	0.8957  0.8956  0.8950  0.8939  0.8939  0.8933  0.8932  0.8932  0.8929  0.8921  0.8903  0.8902  0.8862  0.8862  0.8843  0.8835
[33 : 48]:	0.8835  0.8830  0.8818  0.8814  0.8812  0.8811  0.8805  0.8789  0.8779  0.8770  0.8764  0.8758  0.8746  0.8741  0.8738  0.8728
[49 : 64]:	0.8721  0.8713  0.8697  0.8690  0.8671  0.8667  0.8665  0.8662  0.8662  0.8662  0.8657  0.8649  0.8649  0.8647  0.8639  0.8632
2025-10-07 10:47:52 [INFO] [evolutionary_search.cc:727] Got 64 candidate(s) with evolutionary search
2025-10-07 10:47:52 [INFO] [evolutionary_search.cc:730] Sending 64 candidates(s) for measurement
2025-10-07 10:48:20 [INFO] [task_scheduler.cc:131] [Task #0: main] Trial #705: GFLOPs: 3885.4155. Time: 3.3060 us. Best GFLOPs: 4513.9610
2025-10-07 10:48:20 [INFO] [task_scheduler.cc:131] [Task #0: main] Trial #706: GFLOPs: 4246.8890. Time: 3.0246 us. Best GFLOPs: 4513.9610
2025-10-07 10:48:20 [INFO] [task_scheduler.cc:131] [Task #0: main] Trial #707: GFLOPs: 4062.3800. Time: 3.1620 us. Best GFLOPs: 4513.9610
2025-10-07 10:48:20 [INFO] [task_scheduler.cc:131] [Task #0: main] Trial #708: GFLOPs: 3639.0601. Time: 3.5298 us. Best GFLOPs: 4513.9610
2025-10-07 10:48:20 [INFO] [task_scheduler.cc:131] [Task #0: main] Trial #709: GFLOPs: 4070.4882. Time: 3.1557 us. Best GFLOPs: 4513.9610
2025-10-07 10:48:20 [INFO] [task_scheduler.cc:131] [Task #0: main] Trial #710: GFLOPs: 4330.4367. Time: 2.9662 us. Best GFLOPs: 4513.9610
2025-10-07 10:48:20 [INFO] [task_scheduler.cc:131] [Task #0: main] Trial #711: GFLOPs: 4054.3598. Time: 3.1682 us. Best GFLOPs: 4513.9610
2025-10-07 10:48:20 [INFO] [task_scheduler.cc:131] [Task #0: main] Trial #712: GFLOPs: 3424.3600. Time: 3.7511 us. Best GFLOPs: 4513.9610
2025-10-07 10:48:20 [INFO] [task_scheduler.cc:131] [Task #0: main] Trial #713: GFLOPs: 3920.2283. Time: 3.2766 us. Best GFLOPs: 4513.9610
2025-10-07 10:48:20 [INFO] [task_scheduler.cc:131] [Task #0: main] Trial #714: GFLOPs: 3941.3289. Time: 3.2591 us. Best GFLOPs: 4513.9610
2025-10-07 10:48:20 [INFO] [task_scheduler.cc:131] [Task #0: main] Trial #715: GFLOPs: 3743.1451. Time: 3.4316 us. Best GFLOPs: 4513.9610
2025-10-07 10:48:20 [INFO] [task_scheduler.cc:131] [Task #0: main] Trial #716: GFLOPs: 3634.0748. Time: 3.5346 us. Best GFLOPs: 4513.9610
2025-10-07 10:48:20 [INFO] [task_scheduler.cc:131] [Task #0: main] Trial #717: GFLOPs: 4165.8649. Time: 3.0834 us. Best GFLOPs: 4513.9610
2025-10-07 10:48:20 [INFO] [task_scheduler.cc:131] [Task #0: main] Trial #718: GFLOPs: 3930.2335. Time: 3.2683 us. Best GFLOPs: 4513.9610
2025-10-07 10:48:20 [INFO] [task_scheduler.cc:131] [Task #0: main] Trial #719: GFLOPs: 4362.0823. Time: 2.9447 us. Best GFLOPs: 4513.9610
2025-10-07 10:48:20 [INFO] [task_scheduler.cc:131] [Task #0: main] Trial #720: GFLOPs: 4209.1606. Time: 3.0517 us. Best GFLOPs: 4513.9610
2025-10-07 10:48:20 [INFO] [task_scheduler.cc:131] [Task #0: main] Trial #721: GFLOPs: 4042.4735. Time: 3.1775 us. Best GFLOPs: 4513.9610
2025-10-07 10:48:20 [INFO] [task_scheduler.cc:131] [Task #0: main] Trial #722: GFLOPs: 4199.6270. Time: 3.0586 us. Best GFLOPs: 4513.9610
2025-10-07 10:48:20 [INFO] [task_scheduler.cc:131] [Task #0: main] Trial #723: GFLOPs: 4083.7339. Time: 3.1454 us. Best GFLOPs: 4513.9610
2025-10-07 10:48:20 [INFO] [task_scheduler.cc:131] [Task #0: main] Trial #724: GFLOPs: 4403.0793. Time: 2.9173 us. Best GFLOPs: 4513.9610
2025-10-07 10:48:20 [INFO] [task_scheduler.cc:131] [Task #0: main] Trial #725: GFLOPs: 3730.9968. Time: 3.4428 us. Best GFLOPs: 4513.9610
2025-10-07 10:48:20 [INFO] [task_scheduler.cc:131] [Task #0: main] Trial #726: GFLOPs: 4083.4834. Time: 3.1456 us. Best GFLOPs: 4513.9610
2025-10-07 10:48:20 [INFO] [task_scheduler.cc:131] [Task #0: main] Trial #727: GFLOPs: 3937.9745. Time: 3.2618 us. Best GFLOPs: 4513.9610
2025-10-07 10:48:20 [INFO] [task_scheduler.cc:131] [Task #0: main] Trial #728: GFLOPs: 4368.4180. Time: 2.9404 us. Best GFLOPs: 4513.9610
2025-10-07 10:48:20 [INFO] [task_scheduler.cc:131] [Task #0: main] Trial #729: GFLOPs: 4422.9137. Time: 2.9042 us. Best GFLOPs: 4513.9610
2025-10-07 10:48:20 [INFO] [task_scheduler.cc:131] [Task #0: main] Trial #730: GFLOPs: 3831.5417. Time: 3.3525 us. Best GFLOPs: 4513.9610
2025-10-07 10:48:20 [INFO] [task_scheduler.cc:131] [Task #0: main] Trial #731: GFLOPs: 3890.2475. Time: 3.3019 us. Best GFLOPs: 4513.9610
2025-10-07 10:48:20 [INFO] [task_scheduler.cc:131] [Task #0: main] Trial #732: GFLOPs: 3940.6327. Time: 3.2596 us. Best GFLOPs: 4513.9610
2025-10-07 10:48:20 [INFO] [task_scheduler.cc:131] [Task #0: main] Trial #733: GFLOPs: 3989.9562. Time: 3.2193 us. Best GFLOPs: 4513.9610
2025-10-07 10:48:20 [INFO] [task_scheduler.cc:131] [Task #0: main] Trial #734: GFLOPs: 4194.9272. Time: 3.0620 us. Best GFLOPs: 4513.9610
2025-10-07 10:48:20 [INFO] [task_scheduler.cc:131] [Task #0: main] Trial #735: GFLOPs: 3996.6032. Time: 3.2140 us. Best GFLOPs: 4513.9610
2025-10-07 10:48:20 [INFO] [task_scheduler.cc:131] [Task #0: main] Trial #736: GFLOPs: 3570.0997. Time: 3.5980 us. Best GFLOPs: 4513.9610
2025-10-07 10:48:20 [INFO] [task_scheduler.cc:131] [Task #0: main] Trial #737: GFLOPs: 4226.8953. Time: 3.0389 us. Best GFLOPs: 4513.9610
2025-10-07 10:48:20 [INFO] [task_scheduler.cc:131] [Task #0: main] Trial #738: GFLOPs: 3372.3085. Time: 3.8090 us. Best GFLOPs: 4513.9610
2025-10-07 10:48:20 [INFO] [task_scheduler.cc:131] [Task #0: main] Trial #739: GFLOPs: 3975.0964. Time: 3.2314 us. Best GFLOPs: 4513.9610
2025-10-07 10:48:20 [INFO] [task_scheduler.cc:131] [Task #0: main] Trial #740: GFLOPs: 4102.7666. Time: 3.1308 us. Best GFLOPs: 4513.9610
2025-10-07 10:48:20 [INFO] [task_scheduler.cc:131] [Task #0: main] Trial #741: GFLOPs: 3879.3375. Time: 3.3111 us. Best GFLOPs: 4513.9610
2025-10-07 10:48:20 [INFO] [task_scheduler.cc:131] [Task #0: main] Trial #742: GFLOPs: 3658.8899. Time: 3.5106 us. Best GFLOPs: 4513.9610
2025-10-07 10:48:20 [INFO] [task_scheduler.cc:131] [Task #0: main] Trial #743: GFLOPs: 3898.0576. Time: 3.2952 us. Best GFLOPs: 4513.9610
2025-10-07 10:48:20 [INFO] [task_scheduler.cc:131] [Task #0: main] Trial #744: GFLOPs: 3763.8619. Time: 3.4127 us. Best GFLOPs: 4513.9610
2025-10-07 10:48:20 [INFO] [task_scheduler.cc:131] [Task #0: main] Trial #745: GFLOPs: 3509.0882. Time: 3.6605 us. Best GFLOPs: 4513.9610
2025-10-07 10:48:20 [INFO] [task_scheduler.cc:131] [Task #0: main] Trial #746: GFLOPs: 4239.8432. Time: 3.0296 us. Best GFLOPs: 4513.9610
2025-10-07 10:48:20 [INFO] [task_scheduler.cc:131] [Task #0: main] Trial #747: GFLOPs: 3435.6235. Time: 3.7388 us. Best GFLOPs: 4513.9610
2025-10-07 10:48:20 [INFO] [task_scheduler.cc:131] [Task #0: main] Trial #748: GFLOPs: 4018.1673. Time: 3.1967 us. Best GFLOPs: 4513.9610
2025-10-07 10:48:20 [INFO] [task_scheduler.cc:131] [Task #0: main] Trial #749: GFLOPs: 3807.4654. Time: 3.3737 us. Best GFLOPs: 4513.9610
2025-10-07 10:48:20 [INFO] [task_scheduler.cc:131] [Task #0: main] Trial #750: GFLOPs: 3623.8904. Time: 3.5445 us. Best GFLOPs: 4513.9610
2025-10-07 10:48:20 [INFO] [task_scheduler.cc:131] [Task #0: main] Trial #751: GFLOPs: 3748.2354. Time: 3.4270 us. Best GFLOPs: 4513.9610
2025-10-07 10:48:20 [INFO] [task_scheduler.cc:131] [Task #0: main] Trial #752: GFLOPs: 4410.3673. Time: 2.9125 us. Best GFLOPs: 4513.9610
2025-10-07 10:48:20 [INFO] [task_scheduler.cc:131] [Task #0: main] Trial #753: GFLOPs: 3628.8351. Time: 3.5397 us. Best GFLOPs: 4513.9610
2025-10-07 10:48:20 [INFO] [task_scheduler.cc:131] [Task #0: main] Trial #754: GFLOPs: 3567.4059. Time: 3.6007 us. Best GFLOPs: 4513.9610
2025-10-07 10:48:20 [INFO] [task_scheduler.cc:131] [Task #0: main] Trial #755: GFLOPs: 4381.8348. Time: 2.9314 us. Best GFLOPs: 4513.9610
2025-10-07 10:48:20 [INFO] [task_scheduler.cc:131] [Task #0: main] Trial #756: GFLOPs: 3822.8745. Time: 3.3601 us. Best GFLOPs: 4513.9610
2025-10-07 10:48:20 [INFO] [task_scheduler.cc:131] [Task #0: main] Trial #757: GFLOPs: 3771.3190. Time: 3.4060 us. Best GFLOPs: 4513.9610
2025-10-07 10:48:20 [INFO] [task_scheduler.cc:131] [Task #0: main] Trial #758: GFLOPs: 3950.6153. Time: 3.2514 us. Best GFLOPs: 4513.9610
2025-10-07 10:48:20 [INFO] [task_scheduler.cc:131] [Task #0: main] Trial #759: GFLOPs: 4198.3072. Time: 3.0596 us. Best GFLOPs: 4513.9610
2025-10-07 10:48:20 [INFO] [task_scheduler.cc:131] [Task #0: main] Trial #760: GFLOPs: 4267.5992. Time: 3.0099 us. Best GFLOPs: 4513.9610
2025-10-07 10:48:20 [INFO] [task_scheduler.cc:131] [Task #0: main] Trial #761: GFLOPs: 3983.4638. Time: 3.2246 us. Best GFLOPs: 4513.9610
2025-10-07 10:48:20 [INFO] [task_scheduler.cc:131] [Task #0: main] Trial #762: GFLOPs: 4059.2199. Time: 3.1644 us. Best GFLOPs: 4513.9610
2025-10-07 10:48:20 [INFO] [task_scheduler.cc:131] [Task #0: main] Trial #763: GFLOPs: 4169.8563. Time: 3.0805 us. Best GFLOPs: 4513.9610
2025-10-07 10:48:20 [INFO] [task_scheduler.cc:131] [Task #0: main] Trial #764: GFLOPs: 3608.1138. Time: 3.5600 us. Best GFLOPs: 4513.9610
2025-10-07 10:48:20 [INFO] [task_scheduler.cc:131] [Task #0: main] Trial #765: GFLOPs: 4032.6358. Time: 3.1853 us. Best GFLOPs: 4513.9610
2025-10-07 10:48:20 [INFO] [task_scheduler.cc:131] [Task #0: main] Trial #766: GFLOPs: 1460.8840. Time: 8.7927 us. Best GFLOPs: 4513.9610
2025-10-07 10:48:20 [INFO] [task_scheduler.cc:131] [Task #0: main] Trial #767: GFLOPs: 1481.2265. Time: 8.6719 us. Best GFLOPs: 4513.9610
2025-10-07 10:48:20 [INFO] [task_scheduler.cc:131] [Task #0: main] Trial #768: GFLOPs: 1487.0495. Time: 8.6379 us. Best GFLOPs: 4513.9610
2025-10-07 10:48:20 [INFO] [evolutionary_search.cc:713] Generating candidates......
2025-10-07 10:48:21 [INFO] [evolutionary_search.cc:715] Picked top 102 candidate(s) from database
2025-10-07 10:48:26 [INFO] [evolutionary_search.cc:533] Sample-Init-Population summary:
Postproc #0 [meta_schedule.DisallowDynamicLoop(0x10c88718)]: 0 failure(s)
Postproc #1 [meta_schedule.RewriteCooperativeFetch(0x105f7608)]: 0 failure(s)
Postproc #2 [meta_schedule.RewriteUnboundBlock(0x11a60e48)]: 0 failure(s)
Postproc #3 [meta_schedule.RewriteParallelVectorizeUnroll(0x11a97d58)]: 0 failure(s)
Postproc #4 [meta_schedule.RewriteReductionBlock(0x10bef6a8)]: 0 failure(s)
Postproc #5 [meta_schedule.VerifyGPUCode(0x10fa7ce8)]: 279 failure(s)
Postproc #6 [meta_schedule.RewriteTensorize(0x1058b898)]: 0 failure(s)
2025-10-07 10:48:26 [INFO] [evolutionary_search.cc:723] Sampled 131 candidate(s)
2025-10-07 10:48:33 [INFO] [evolutionary_search.cc:621] Evolve iter #0 done. Summary:
Postproc #0 [meta_schedule.DisallowDynamicLoop(0x10c88718)]: 0 failure(s)
Postproc #1 [meta_schedule.RewriteCooperativeFetch(0x105f7608)]: 0 failure(s)
Postproc #2 [meta_schedule.RewriteUnboundBlock(0x11a60e48)]: 0 failure(s)
Postproc #3 [meta_schedule.RewriteParallelVectorizeUnroll(0x11a97d58)]: 0 failure(s)
Postproc #4 [meta_schedule.RewriteReductionBlock(0x10bef6a8)]: 0 failure(s)
Postproc #5 [meta_schedule.VerifyGPUCode(0x10fa7ce8)]: 73 failure(s)
Postproc #6 [meta_schedule.RewriteTensorize(0x1058b898)]: 0 failure(s)
2025-10-07 10:48:41 [INFO] [evolutionary_search.cc:621] Evolve iter #1 done. Summary:
Postproc #0 [meta_schedule.DisallowDynamicLoop(0x10c88718)]: 0 failure(s)
Postproc #1 [meta_schedule.RewriteCooperativeFetch(0x105f7608)]: 0 failure(s)
Postproc #2 [meta_schedule.RewriteUnboundBlock(0x11a60e48)]: 0 failure(s)
Postproc #3 [meta_schedule.RewriteParallelVectorizeUnroll(0x11a97d58)]: 0 failure(s)
Postproc #4 [meta_schedule.RewriteReductionBlock(0x10bef6a8)]: 0 failure(s)
Postproc #5 [meta_schedule.VerifyGPUCode(0x10fa7ce8)]: 70 failure(s)
Postproc #6 [meta_schedule.RewriteTensorize(0x1058b898)]: 0 failure(s)
2025-10-07 10:48:49 [INFO] [evolutionary_search.cc:621] Evolve iter #2 done. Summary:
Postproc #0 [meta_schedule.DisallowDynamicLoop(0x10c88718)]: 0 failure(s)
Postproc #1 [meta_schedule.RewriteCooperativeFetch(0x105f7608)]: 0 failure(s)
Postproc #2 [meta_schedule.RewriteUnboundBlock(0x11a60e48)]: 0 failure(s)
Postproc #3 [meta_schedule.RewriteParallelVectorizeUnroll(0x11a97d58)]: 0 failure(s)
Postproc #4 [meta_schedule.RewriteReductionBlock(0x10bef6a8)]: 0 failure(s)
Postproc #5 [meta_schedule.VerifyGPUCode(0x10fa7ce8)]: 82 failure(s)
Postproc #6 [meta_schedule.RewriteTensorize(0x1058b898)]: 0 failure(s)
2025-10-07 10:48:58 [INFO] [evolutionary_search.cc:621] Evolve iter #3 done. Summary:
Postproc #0 [meta_schedule.DisallowDynamicLoop(0x10c88718)]: 0 failure(s)
Postproc #1 [meta_schedule.RewriteCooperativeFetch(0x105f7608)]: 0 failure(s)
Postproc #2 [meta_schedule.RewriteUnboundBlock(0x11a60e48)]: 0 failure(s)
Postproc #3 [meta_schedule.RewriteParallelVectorizeUnroll(0x11a97d58)]: 0 failure(s)
Postproc #4 [meta_schedule.RewriteReductionBlock(0x10bef6a8)]: 0 failure(s)
Postproc #5 [meta_schedule.VerifyGPUCode(0x10fa7ce8)]: 63 failure(s)
Postproc #6 [meta_schedule.RewriteTensorize(0x1058b898)]: 0 failure(s)
2025-10-07 10:49:00 [INFO] [evolutionary_search.cc:649] Scores of the best 64 candidates:
[1 : 16]:	0.9284  0.9236  0.9218  0.9143  0.9130  0.9103  0.9095  0.9088  0.9074  0.9035  0.9010  0.8967  0.8961  0.8957  0.8946  0.8945
[17 : 32]:	0.8931  0.8928  0.8928  0.8923  0.8869  0.8859  0.8849  0.8828  0.8820  0.8812  0.8772  0.8771  0.8766  0.8756  0.8754  0.8754
[33 : 48]:	0.8751  0.8751  0.8750  0.8749  0.8740  0.8736  0.8732  0.8732  0.8730  0.8730  0.8730  0.8725  0.8725  0.8722  0.8719  0.8705
[49 : 64]:	0.8701  0.8701  0.8670  0.8664  0.8658  0.8646  0.8646  0.8639  0.8637  0.8637  0.8637  0.8627  0.8627  0.8627  0.8626  0.8623
2025-10-07 10:49:00 [INFO] [evolutionary_search.cc:727] Got 64 candidate(s) with evolutionary search
2025-10-07 10:49:00 [INFO] [evolutionary_search.cc:730] Sending 64 candidates(s) for measurement
2025-10-07 10:49:31 [INFO] [task_scheduler.cc:131] [Task #0: main] Trial #769: GFLOPs: 4216.8440. Time: 3.0461 us. Best GFLOPs: 4513.9610
2025-10-07 10:49:31 [INFO] [task_scheduler.cc:131] [Task #0: main] Trial #770: GFLOPs: 2907.8097. Time: 4.4174 us. Best GFLOPs: 4513.9610
2025-10-07 10:49:31 [INFO] [task_scheduler.cc:131] [Task #0: main] Trial #771: GFLOPs: 3845.8451. Time: 3.3400 us. Best GFLOPs: 4513.9610
2025-10-07 10:49:31 [INFO] [task_scheduler.cc:131] [Task #0: main] Trial #772: GFLOPs: 4404.3278. Time: 2.9165 us. Best GFLOPs: 4513.9610
2025-10-07 10:49:31 [INFO] [task_scheduler.cc:131] [Task #0: main] Trial #773: GFLOPs: 4147.5399. Time: 3.0970 us. Best GFLOPs: 4513.9610
2025-10-07 10:49:31 [INFO] [task_scheduler.cc:131] [Task #0: main] Trial #774: GFLOPs: 3598.3485. Time: 3.5697 us. Best GFLOPs: 4513.9610
2025-10-07 10:49:31 [INFO] [task_scheduler.cc:131] [Task #0: main] Trial #775: GFLOPs: 4218.3938. Time: 3.0450 us. Best GFLOPs: 4513.9610
2025-10-07 10:49:31 [INFO] [task_scheduler.cc:131] [Task #0: main] Trial #776: GFLOPs: 4387.7995. Time: 2.9274 us. Best GFLOPs: 4513.9610
2025-10-07 10:49:31 [INFO] [task_scheduler.cc:131] [Task #0: main] Trial #777: GFLOPs: 3979.5466. Time: 3.2278 us. Best GFLOPs: 4513.9610
2025-10-07 10:49:31 [INFO] [task_scheduler.cc:131] [Task #0: main] Trial #778: GFLOPs: 3923.5617. Time: 3.2738 us. Best GFLOPs: 4513.9610
2025-10-07 10:49:31 [INFO] [task_scheduler.cc:131] [Task #0: main] Trial #779: GFLOPs: 4125.2138. Time: 3.1138 us. Best GFLOPs: 4513.9610
2025-10-07 10:49:31 [INFO] [task_scheduler.cc:131] [Task #0: main] Trial #780: GFLOPs: 3649.1336. Time: 3.5200 us. Best GFLOPs: 4513.9610
2025-10-07 10:49:31 [INFO] [task_scheduler.cc:131] [Task #0: main] Trial #781: GFLOPs: 4125.1552. Time: 3.1138 us. Best GFLOPs: 4513.9610
2025-10-07 10:49:31 [INFO] [task_scheduler.cc:131] [Task #0: main] Trial #782: GFLOPs: 4003.6240. Time: 3.2084 us. Best GFLOPs: 4513.9610
2025-10-07 10:49:31 [INFO] [task_scheduler.cc:131] [Task #0: main] Trial #783: GFLOPs: 3624.3236. Time: 3.5441 us. Best GFLOPs: 4513.9610
2025-10-07 10:49:31 [INFO] [task_scheduler.cc:131] [Task #0: main] Trial #784: GFLOPs: 4258.9507. Time: 3.0160 us. Best GFLOPs: 4513.9610
2025-10-07 10:49:31 [INFO] [task_scheduler.cc:131] [Task #0: main] Trial #785: GFLOPs: 3309.5142. Time: 3.8813 us. Best GFLOPs: 4513.9610
2025-10-07 10:49:31 [INFO] [task_scheduler.cc:131] [Task #0: main] Trial #786: GFLOPs: 4078.7008. Time: 3.1493 us. Best GFLOPs: 4513.9610
2025-10-07 10:49:31 [INFO] [task_scheduler.cc:131] [Task #0: main] Trial #787: GFLOPs: 4360.7041. Time: 2.9456 us. Best GFLOPs: 4513.9610
2025-10-07 10:49:31 [INFO] [task_scheduler.cc:131] [Task #0: main] Trial #788: GFLOPs: 3615.9280. Time: 3.5524 us. Best GFLOPs: 4513.9610
2025-10-07 10:49:31 [INFO] [task_scheduler.cc:131] [Task #0: main] Trial #789: GFLOPs: 4061.0607. Time: 3.1630 us. Best GFLOPs: 4513.9610
2025-10-07 10:49:31 [INFO] [task_scheduler.cc:131] [Task #0: main] Trial #790: GFLOPs: 3809.0875. Time: 3.3722 us. Best GFLOPs: 4513.9610
2025-10-07 10:49:31 [INFO] [task_scheduler.cc:131] [Task #0: main] Trial #791: GFLOPs: 4114.4231. Time: 3.1220 us. Best GFLOPs: 4513.9610
2025-10-07 10:49:31 [INFO] [task_scheduler.cc:131] [Task #0: main] Trial #792: GFLOPs: 4184.0462. Time: 3.0700 us. Best GFLOPs: 4513.9610
2025-10-07 10:49:31 [INFO] [task_scheduler.cc:131] [Task #0: main] Trial #793: GFLOPs: 4194.0345. Time: 3.0627 us. Best GFLOPs: 4513.9610
2025-10-07 10:49:31 [INFO] [task_scheduler.cc:131] [Task #0: main] Trial #794: GFLOPs: 4055.5071. Time: 3.1673 us. Best GFLOPs: 4513.9610
2025-10-07 10:49:31 [INFO] [task_scheduler.cc:131] [Task #0: main] Trial #795: GFLOPs: 3453.9105. Time: 3.7190 us. Best GFLOPs: 4513.9610
2025-10-07 10:49:31 [INFO] [task_scheduler.cc:131] [Task #0: main] Trial #796: GFLOPs: 4354.6812. Time: 2.9497 us. Best GFLOPs: 4513.9610
2025-10-07 10:49:31 [INFO] [task_scheduler.cc:131] [Task #0: main] Trial #797: GFLOPs: 3996.5847. Time: 3.2140 us. Best GFLOPs: 4513.9610
2025-10-07 10:49:31 [INFO] [task_scheduler.cc:131] [Task #0: main] Trial #798: GFLOPs: 3649.8594. Time: 3.5193 us. Best GFLOPs: 4513.9610
2025-10-07 10:49:31 [INFO] [task_scheduler.cc:131] [Task #0: main] Trial #799: GFLOPs: 4240.6592. Time: 3.0290 us. Best GFLOPs: 4513.9610
2025-10-07 10:49:31 [INFO] [task_scheduler.cc:131] [Task #0: main] Trial #800: GFLOPs: 4061.3521. Time: 3.1628 us. Best GFLOPs: 4513.9610
2025-10-07 10:49:31 [INFO] [task_scheduler.cc:131] [Task #0: main] Trial #801: GFLOPs: 3768.3913. Time: 3.4086 us. Best GFLOPs: 4513.9610
2025-10-07 10:49:31 [INFO] [task_scheduler.cc:131] [Task #0: main] Trial #802: GFLOPs: 3838.1488. Time: 3.3467 us. Best GFLOPs: 4513.9610
2025-10-07 10:49:31 [INFO] [task_scheduler.cc:131] [Task #0: main] Trial #803: GFLOPs: 4302.7591. Time: 2.9853 us. Best GFLOPs: 4513.9610
2025-10-07 10:49:31 [INFO] [task_scheduler.cc:131] [Task #0: main] Trial #804: GFLOPs: 3869.0433. Time: 3.3200 us. Best GFLOPs: 4513.9610
2025-10-07 10:49:31 [INFO] [task_scheduler.cc:131] [Task #0: main] Trial #805: GFLOPs: 4023.5037. Time: 3.1925 us. Best GFLOPs: 4513.9610
2025-10-07 10:49:31 [INFO] [task_scheduler.cc:131] [Task #0: main] Trial #806: GFLOPs: 3919.5753. Time: 3.2772 us. Best GFLOPs: 4513.9610
2025-10-07 10:49:31 [INFO] [task_scheduler.cc:131] [Task #0: main] Trial #807: GFLOPs: 3916.1720. Time: 3.2800 us. Best GFLOPs: 4513.9610
2025-10-07 10:49:31 [INFO] [task_scheduler.cc:131] [Task #0: main] Trial #808: GFLOPs: 3360.6968. Time: 3.8221 us. Best GFLOPs: 4513.9610
2025-10-07 10:49:31 [INFO] [task_scheduler.cc:131] [Task #0: main] Trial #809: GFLOPs: 3428.8637. Time: 3.7462 us. Best GFLOPs: 4513.9610
2025-10-07 10:49:31 [INFO] [task_scheduler.cc:131] [Task #0: main] Trial #810: GFLOPs: 3738.5314. Time: 3.4359 us. Best GFLOPs: 4513.9610
2025-10-07 10:49:31 [INFO] [task_scheduler.cc:131] [Task #0: main] Trial #811: GFLOPs: 3997.8196. Time: 3.2130 us. Best GFLOPs: 4513.9610
2025-10-07 10:49:31 [INFO] [task_scheduler.cc:131] [Task #0: main] Trial #812: GFLOPs: 3940.4888. Time: 3.2598 us. Best GFLOPs: 4513.9610
2025-10-07 10:49:31 [INFO] [task_scheduler.cc:131] [Task #0: main] Trial #813: GFLOPs: 3736.3601. Time: 3.4379 us. Best GFLOPs: 4513.9610
2025-10-07 10:49:31 [INFO] [task_scheduler.cc:131] [Task #0: main] Trial #814: GFLOPs: 3989.5660. Time: 3.2197 us. Best GFLOPs: 4513.9610
2025-10-07 10:49:31 [INFO] [task_scheduler.cc:131] [Task #0: main] Trial #815: GFLOPs: 4060.6679. Time: 3.1633 us. Best GFLOPs: 4513.9610
2025-10-07 10:49:31 [INFO] [task_scheduler.cc:131] [Task #0: main] Trial #816: GFLOPs: 3714.4911. Time: 3.4581 us. Best GFLOPs: 4513.9610
2025-10-07 10:49:31 [INFO] [task_scheduler.cc:131] [Task #0: main] Trial #817: GFLOPs: 3431.4280. Time: 3.7434 us. Best GFLOPs: 4513.9610
2025-10-07 10:49:31 [INFO] [task_scheduler.cc:131] [Task #0: main] Trial #818: GFLOPs: 3443.3072. Time: 3.7304 us. Best GFLOPs: 4513.9610
2025-10-07 10:49:31 [INFO] [task_scheduler.cc:131] [Task #0: main] Trial #819: GFLOPs: 3950.7479. Time: 3.2513 us. Best GFLOPs: 4513.9610
2025-10-07 10:49:31 [INFO] [task_scheduler.cc:131] [Task #0: main] Trial #820: GFLOPs: 4115.0845. Time: 3.1215 us. Best GFLOPs: 4513.9610
2025-10-07 10:49:31 [INFO] [task_scheduler.cc:131] [Task #0: main] Trial #821: GFLOPs: 4363.1889. Time: 2.9440 us. Best GFLOPs: 4513.9610
2025-10-07 10:49:31 [INFO] [task_scheduler.cc:131] [Task #0: main] Trial #822: GFLOPs: 4014.4352. Time: 3.1997 us. Best GFLOPs: 4513.9610
2025-10-07 10:49:31 [INFO] [task_scheduler.cc:131] [Task #0: main] Trial #823: GFLOPs: 3886.5917. Time: 3.3050 us. Best GFLOPs: 4513.9610
2025-10-07 10:49:31 [INFO] [task_scheduler.cc:131] [Task #0: main] Trial #824: GFLOPs: 3905.6730. Time: 3.2888 us. Best GFLOPs: 4513.9610
2025-10-07 10:49:31 [INFO] [task_scheduler.cc:131] [Task #0: main] Trial #825: GFLOPs: 4242.9204. Time: 3.0274 us. Best GFLOPs: 4513.9610
2025-10-07 10:49:31 [INFO] [task_scheduler.cc:131] [Task #0: main] Trial #826: GFLOPs: 3883.8425. Time: 3.3073 us. Best GFLOPs: 4513.9610
2025-10-07 10:49:31 [INFO] [task_scheduler.cc:131] [Task #0: main] Trial #827: GFLOPs: 4548.5604. Time: 2.8240 us. Best GFLOPs: 4548.5604
2025-10-07 10:49:31 [INFO] [task_scheduler.cc:131] [Task #0: main] Trial #828: GFLOPs: 3972.8694. Time: 3.2332 us. Best GFLOPs: 4548.5604
2025-10-07 10:49:31 [INFO] [task_scheduler.cc:131] [Task #0: main] Trial #829: GFLOPs: 3922.9805. Time: 3.2743 us. Best GFLOPs: 4548.5604
2025-10-07 10:49:31 [INFO] [task_scheduler.cc:131] [Task #0: main] Trial #830: GFLOPs: 421.0014. Time: 30.5107 us. Best GFLOPs: 4548.5604
2025-10-07 10:49:31 [INFO] [task_scheduler.cc:131] [Task #0: main] Trial #831: GFLOPs: 3550.7328. Time: 3.6176 us. Best GFLOPs: 4548.5604
2025-10-07 10:49:31 [INFO] [task_scheduler.cc:131] [Task #0: main] Trial #832: GFLOPs: 2926.3273. Time: 4.3895 us. Best GFLOPs: 4548.5604
2025-10-07 10:49:31 [INFO] [evolutionary_search.cc:713] Generating candidates......
2025-10-07 10:49:32 [INFO] [evolutionary_search.cc:715] Picked top 102 candidate(s) from database
2025-10-07 10:49:36 [INFO] [evolutionary_search.cc:533] Sample-Init-Population summary:
Postproc #0 [meta_schedule.DisallowDynamicLoop(0x10c88718)]: 0 failure(s)
Postproc #1 [meta_schedule.RewriteCooperativeFetch(0x105f7608)]: 0 failure(s)
Postproc #2 [meta_schedule.RewriteUnboundBlock(0x11a60e48)]: 0 failure(s)
Postproc #3 [meta_schedule.RewriteParallelVectorizeUnroll(0x11a97d58)]: 0 failure(s)
Postproc #4 [meta_schedule.RewriteReductionBlock(0x10bef6a8)]: 0 failure(s)
Postproc #5 [meta_schedule.VerifyGPUCode(0x10fa7ce8)]: 268 failure(s)
Postproc #6 [meta_schedule.RewriteTensorize(0x1058b898)]: 0 failure(s)
2025-10-07 10:49:36 [INFO] [evolutionary_search.cc:723] Sampled 142 candidate(s)
2025-10-07 10:49:43 [INFO] [evolutionary_search.cc:621] Evolve iter #0 done. Summary:
Postproc #0 [meta_schedule.DisallowDynamicLoop(0x10c88718)]: 0 failure(s)
Postproc #1 [meta_schedule.RewriteCooperativeFetch(0x105f7608)]: 0 failure(s)
Postproc #2 [meta_schedule.RewriteUnboundBlock(0x11a60e48)]: 0 failure(s)
Postproc #3 [meta_schedule.RewriteParallelVectorizeUnroll(0x11a97d58)]: 0 failure(s)
Postproc #4 [meta_schedule.RewriteReductionBlock(0x10bef6a8)]: 0 failure(s)
Postproc #5 [meta_schedule.VerifyGPUCode(0x10fa7ce8)]: 54 failure(s)
Postproc #6 [meta_schedule.RewriteTensorize(0x1058b898)]: 0 failure(s)
2025-10-07 10:49:51 [INFO] [evolutionary_search.cc:621] Evolve iter #1 done. Summary:
Postproc #0 [meta_schedule.DisallowDynamicLoop(0x10c88718)]: 0 failure(s)
Postproc #1 [meta_schedule.RewriteCooperativeFetch(0x105f7608)]: 0 failure(s)
Postproc #2 [meta_schedule.RewriteUnboundBlock(0x11a60e48)]: 0 failure(s)
Postproc #3 [meta_schedule.RewriteParallelVectorizeUnroll(0x11a97d58)]: 0 failure(s)
Postproc #4 [meta_schedule.RewriteReductionBlock(0x10bef6a8)]: 0 failure(s)
Postproc #5 [meta_schedule.VerifyGPUCode(0x10fa7ce8)]: 71 failure(s)
Postproc #6 [meta_schedule.RewriteTensorize(0x1058b898)]: 0 failure(s)
2025-10-07 10:50:00 [INFO] [evolutionary_search.cc:621] Evolve iter #2 done. Summary:
Postproc #0 [meta_schedule.DisallowDynamicLoop(0x10c88718)]: 0 failure(s)
Postproc #1 [meta_schedule.RewriteCooperativeFetch(0x105f7608)]: 0 failure(s)
Postproc #2 [meta_schedule.RewriteUnboundBlock(0x11a60e48)]: 0 failure(s)
Postproc #3 [meta_schedule.RewriteParallelVectorizeUnroll(0x11a97d58)]: 0 failure(s)
Postproc #4 [meta_schedule.RewriteReductionBlock(0x10bef6a8)]: 0 failure(s)
Postproc #5 [meta_schedule.VerifyGPUCode(0x10fa7ce8)]: 68 failure(s)
Postproc #6 [meta_schedule.RewriteTensorize(0x1058b898)]: 0 failure(s)
2025-10-07 10:50:08 [INFO] [evolutionary_search.cc:621] Evolve iter #3 done. Summary:
Postproc #0 [meta_schedule.DisallowDynamicLoop(0x10c88718)]: 0 failure(s)
Postproc #1 [meta_schedule.RewriteCooperativeFetch(0x105f7608)]: 0 failure(s)
Postproc #2 [meta_schedule.RewriteUnboundBlock(0x11a60e48)]: 0 failure(s)
Postproc #3 [meta_schedule.RewriteParallelVectorizeUnroll(0x11a97d58)]: 0 failure(s)
Postproc #4 [meta_schedule.RewriteReductionBlock(0x10bef6a8)]: 0 failure(s)
Postproc #5 [meta_schedule.VerifyGPUCode(0x10fa7ce8)]: 81 failure(s)
Postproc #6 [meta_schedule.RewriteTensorize(0x1058b898)]: 0 failure(s)
2025-10-07 10:50:10 [INFO] [evolutionary_search.cc:649] Scores of the best 64 candidates:
[1 : 16]:	0.9137  0.9099  0.9076  0.9076  0.9038  0.9023  0.9006  0.9003  0.9003  0.9001  0.8959  0.8945  0.8945  0.8926  0.8920  0.8916
[17 : 32]:	0.8875  0.8853  0.8829  0.8826  0.8803  0.8771  0.8768  0.8758  0.8747  0.8745  0.8723  0.8711  0.8699  0.8699  0.8691  0.8686
[33 : 48]:	0.8686  0.8683  0.8675  0.8653  0.8613  0.8605  0.8599  0.8595  0.8587  0.8583  0.8571  0.8570  0.8570  0.8568  0.8554  0.8548
[49 : 64]:	0.8548  0.8546  0.8543  0.8543  0.8543  0.8542  0.8538  0.8537  0.8526  0.8525  0.8522  0.8518  0.8516  0.8516  0.8507  0.8503
2025-10-07 10:50:10 [INFO] [evolutionary_search.cc:727] Got 64 candidate(s) with evolutionary search
2025-10-07 10:50:10 [INFO] [evolutionary_search.cc:730] Sending 64 candidates(s) for measurement
2025-10-07 10:50:38 [INFO] [task_scheduler.cc:131] [Task #0: main] Trial #833: GFLOPs: 3808.7640. Time: 3.3725 us. Best GFLOPs: 4548.5604
2025-10-07 10:50:38 [INFO] [task_scheduler.cc:131] [Task #0: main] Trial #834: GFLOPs: 4071.4796. Time: 3.1549 us. Best GFLOPs: 4548.5604
2025-10-07 10:50:38 [INFO] [task_scheduler.cc:131] [Task #0: main] Trial #835: GFLOPs: 4002.6433. Time: 3.2091 us. Best GFLOPs: 4548.5604
2025-10-07 10:50:38 [INFO] [task_scheduler.cc:131] [Task #0: main] Trial #836: GFLOPs: 3792.7835. Time: 3.3867 us. Best GFLOPs: 4548.5604
2025-10-07 10:50:38 [INFO] [task_scheduler.cc:131] [Task #0: main] Trial #837: GFLOPs: 3941.7866. Time: 3.2587 us. Best GFLOPs: 4548.5604
2025-10-07 10:50:38 [INFO] [task_scheduler.cc:131] [Task #0: main] Trial #838: GFLOPs: 4191.8226. Time: 3.0643 us. Best GFLOPs: 4548.5604
2025-10-07 10:50:38 [INFO] [task_scheduler.cc:131] [Task #0: main] Trial #839: GFLOPs: 4043.4421. Time: 3.1768 us. Best GFLOPs: 4548.5604
2025-10-07 10:50:38 [INFO] [task_scheduler.cc:131] [Task #0: main] Trial #840: GFLOPs: 4236.8076. Time: 3.0318 us. Best GFLOPs: 4548.5604
2025-10-07 10:50:38 [INFO] [task_scheduler.cc:131] [Task #0: main] Trial #841: GFLOPs: 4208.5532. Time: 3.0521 us. Best GFLOPs: 4548.5604
2025-10-07 10:50:38 [INFO] [task_scheduler.cc:131] [Task #0: main] Trial #842: GFLOPs: 4387.1503. Time: 2.9279 us. Best GFLOPs: 4548.5604
2025-10-07 10:50:38 [INFO] [task_scheduler.cc:131] [Task #0: main] Trial #843: GFLOPs: 4241.0771. Time: 3.0287 us. Best GFLOPs: 4548.5604
2025-10-07 10:50:38 [INFO] [task_scheduler.cc:131] [Task #0: main] Trial #844: GFLOPs: 4239.3968. Time: 3.0299 us. Best GFLOPs: 4548.5604
2025-10-07 10:50:38 [INFO] [task_scheduler.cc:131] [Task #0: main] Trial #845: GFLOPs: 4274.2238. Time: 3.0052 us. Best GFLOPs: 4548.5604
2025-10-07 10:50:38 [INFO] [task_scheduler.cc:131] [Task #0: main] Trial #846: GFLOPs: 4274.3550. Time: 3.0051 us. Best GFLOPs: 4548.5604
2025-10-07 10:50:38 [INFO] [task_scheduler.cc:131] [Task #0: main] Trial #847: GFLOPs: 4128.4581. Time: 3.1113 us. Best GFLOPs: 4548.5604
2025-10-07 10:50:38 [INFO] [task_scheduler.cc:131] [Task #0: main] Trial #848: GFLOPs: 4230.9205. Time: 3.0360 us. Best GFLOPs: 4548.5604
2025-10-07 10:50:38 [INFO] [task_scheduler.cc:131] [Task #0: main] Trial #849: GFLOPs: 3610.8508. Time: 3.5573 us. Best GFLOPs: 4548.5604
2025-10-07 10:50:38 [INFO] [task_scheduler.cc:131] [Task #0: main] Trial #850: GFLOPs: 4017.0885. Time: 3.1976 us. Best GFLOPs: 4548.5604
2025-10-07 10:50:38 [INFO] [task_scheduler.cc:131] [Task #0: main] Trial #851: GFLOPs: 3849.1638. Time: 3.3371 us. Best GFLOPs: 4548.5604
2025-10-07 10:50:38 [INFO] [task_scheduler.cc:131] [Task #0: main] Trial #852: GFLOPs: 3993.3651. Time: 3.2166 us. Best GFLOPs: 4548.5604
2025-10-07 10:50:38 [INFO] [task_scheduler.cc:131] [Task #0: main] Trial #853: GFLOPs: 4294.9066. Time: 2.9908 us. Best GFLOPs: 4548.5604
2025-10-07 10:50:38 [INFO] [task_scheduler.cc:131] [Task #0: main] Trial #854: GFLOPs: 3977.4214. Time: 3.2295 us. Best GFLOPs: 4548.5604
2025-10-07 10:50:38 [INFO] [task_scheduler.cc:131] [Task #0: main] Trial #855: GFLOPs: 4112.8002. Time: 3.1232 us. Best GFLOPs: 4548.5604
2025-10-07 10:50:38 [INFO] [task_scheduler.cc:131] [Task #0: main] Trial #856: GFLOPs: 3951.3211. Time: 3.2508 us. Best GFLOPs: 4548.5604
2025-10-07 10:50:38 [INFO] [task_scheduler.cc:131] [Task #0: main] Trial #857: GFLOPs: 4060.9445. Time: 3.1631 us. Best GFLOPs: 4548.5604
2025-10-07 10:50:38 [INFO] [task_scheduler.cc:131] [Task #0: main] Trial #858: GFLOPs: 4186.5906. Time: 3.0681 us. Best GFLOPs: 4548.5604
2025-10-07 10:50:38 [INFO] [task_scheduler.cc:131] [Task #0: main] Trial #859: GFLOPs: 4278.2867. Time: 3.0024 us. Best GFLOPs: 4548.5604
2025-10-07 10:50:38 [INFO] [task_scheduler.cc:131] [Task #0: main] Trial #860: GFLOPs: 1997.8616. Time: 6.4294 us. Best GFLOPs: 4548.5604
2025-10-07 10:50:38 [INFO] [task_scheduler.cc:131] [Task #0: main] Trial #861: GFLOPs: 4227.0812. Time: 3.0388 us. Best GFLOPs: 4548.5604
2025-10-07 10:50:38 [INFO] [task_scheduler.cc:131] [Task #0: main] Trial #862: GFLOPs: 3474.8401. Time: 3.6966 us. Best GFLOPs: 4548.5604
2025-10-07 10:50:38 [INFO] [task_scheduler.cc:131] [Task #0: main] Trial #863: GFLOPs: 3820.1392. Time: 3.3625 us. Best GFLOPs: 4548.5604
2025-10-07 10:50:38 [INFO] [task_scheduler.cc:131] [Task #0: main] Trial #864: GFLOPs: 3892.7276. Time: 3.2998 us. Best GFLOPs: 4548.5604
2025-10-07 10:50:38 [INFO] [task_scheduler.cc:131] [Task #0: main] Trial #865: GFLOPs: 3463.6770. Time: 3.7085 us. Best GFLOPs: 4548.5604
2025-10-07 10:50:38 [INFO] [task_scheduler.cc:131] [Task #0: main] Trial #866: GFLOPs: 3776.6988. Time: 3.4011 us. Best GFLOPs: 4548.5604
2025-10-07 10:50:38 [INFO] [task_scheduler.cc:131] [Task #0: main] Trial #867: GFLOPs: 3958.4309. Time: 3.2450 us. Best GFLOPs: 4548.5604
2025-10-07 10:50:38 [INFO] [task_scheduler.cc:131] [Task #0: main] Trial #868: GFLOPs: 4104.5498. Time: 3.1295 us. Best GFLOPs: 4548.5604
2025-10-07 10:50:38 [INFO] [task_scheduler.cc:131] [Task #0: main] Trial #869: GFLOPs: 3001.0592. Time: 4.2802 us. Best GFLOPs: 4548.5604
2025-10-07 10:50:38 [INFO] [task_scheduler.cc:131] [Task #0: main] Trial #870: GFLOPs: 4146.2045. Time: 3.0980 us. Best GFLOPs: 4548.5604
2025-10-07 10:50:38 [INFO] [task_scheduler.cc:131] [Task #0: main] Trial #871: GFLOPs: 4190.3742. Time: 3.0654 us. Best GFLOPs: 4548.5604
2025-10-07 10:50:38 [INFO] [task_scheduler.cc:131] [Task #0: main] Trial #872: GFLOPs: 4140.1482. Time: 3.1026 us. Best GFLOPs: 4548.5604
2025-10-07 10:50:38 [INFO] [task_scheduler.cc:131] [Task #0: main] Trial #873: GFLOPs: 3797.6563. Time: 3.3824 us. Best GFLOPs: 4548.5604
2025-10-07 10:50:38 [INFO] [task_scheduler.cc:131] [Task #0: main] Trial #874: GFLOPs: 3790.6255. Time: 3.3886 us. Best GFLOPs: 4548.5604
2025-10-07 10:50:38 [INFO] [task_scheduler.cc:131] [Task #0: main] Trial #875: GFLOPs: 3559.9720. Time: 3.6082 us. Best GFLOPs: 4548.5604
2025-10-07 10:50:38 [INFO] [task_scheduler.cc:131] [Task #0: main] Trial #876: GFLOPs: 4020.0965. Time: 3.1952 us. Best GFLOPs: 4548.5604
2025-10-07 10:50:38 [INFO] [task_scheduler.cc:131] [Task #0: main] Trial #877: GFLOPs: 3830.3898. Time: 3.3535 us. Best GFLOPs: 4548.5604
2025-10-07 10:50:38 [INFO] [task_scheduler.cc:131] [Task #0: main] Trial #878: GFLOPs: 3000.9531. Time: 4.2803 us. Best GFLOPs: 4548.5604
2025-10-07 10:50:38 [INFO] [task_scheduler.cc:131] [Task #0: main] Trial #879: GFLOPs: 3862.8357. Time: 3.3253 us. Best GFLOPs: 4548.5604
2025-10-07 10:50:38 [INFO] [task_scheduler.cc:131] [Task #0: main] Trial #880: GFLOPs: 3898.7043. Time: 3.2947 us. Best GFLOPs: 4548.5604
2025-10-07 10:50:38 [INFO] [task_scheduler.cc:131] [Task #0: main] Trial #881: GFLOPs: 4057.5912. Time: 3.1657 us. Best GFLOPs: 4548.5604
2025-10-07 10:50:38 [INFO] [task_scheduler.cc:131] [Task #0: main] Trial #882: GFLOPs: 3416.9472. Time: 3.7592 us. Best GFLOPs: 4548.5604
2025-10-07 10:50:38 [INFO] [task_scheduler.cc:131] [Task #0: main] Trial #883: GFLOPs: 3539.2540. Time: 3.6293 us. Best GFLOPs: 4548.5604
2025-10-07 10:50:38 [INFO] [task_scheduler.cc:131] [Task #0: main] Trial #884: GFLOPs: 3699.8080. Time: 3.4718 us. Best GFLOPs: 4548.5604
2025-10-07 10:50:38 [INFO] [task_scheduler.cc:131] [Task #0: main] Trial #885: GFLOPs: 3702.1689. Time: 3.4696 us. Best GFLOPs: 4548.5604
2025-10-07 10:50:38 [INFO] [task_scheduler.cc:131] [Task #0: main] Trial #886: GFLOPs: 3602.1489. Time: 3.5659 us. Best GFLOPs: 4548.5604
2025-10-07 10:50:38 [INFO] [task_scheduler.cc:131] [Task #0: main] Trial #887: GFLOPs: 3658.1566. Time: 3.5113 us. Best GFLOPs: 4548.5604
2025-10-07 10:50:38 [INFO] [task_scheduler.cc:131] [Task #0: main] Trial #888: GFLOPs: 3789.7562. Time: 3.3894 us. Best GFLOPs: 4548.5604
2025-10-07 10:50:38 [INFO] [task_scheduler.cc:131] [Task #0: main] Trial #889: GFLOPs: 3638.9542. Time: 3.5299 us. Best GFLOPs: 4548.5604
2025-10-07 10:50:38 [INFO] [task_scheduler.cc:131] [Task #0: main] Trial #890: GFLOPs: 3110.6308. Time: 4.1294 us. Best GFLOPs: 4548.5604
2025-10-07 10:50:38 [INFO] [task_scheduler.cc:131] [Task #0: main] Trial #891: GFLOPs: 4055.6530. Time: 3.1672 us. Best GFLOPs: 4548.5604
2025-10-07 10:50:38 [INFO] [task_scheduler.cc:131] [Task #0: main] Trial #892: GFLOPs: 3952.3583. Time: 3.2500 us. Best GFLOPs: 4548.5604
2025-10-07 10:50:38 [INFO] [task_scheduler.cc:131] [Task #0: main] Trial #893: GFLOPs: 3834.4890. Time: 3.3499 us. Best GFLOPs: 4548.5604
2025-10-07 10:50:38 [INFO] [task_scheduler.cc:131] [Task #0: main] Trial #894: GFLOPs: 883.4330. Time: 14.5399 us. Best GFLOPs: 4548.5604
2025-10-07 10:50:38 [INFO] [task_scheduler.cc:131] [Task #0: main] Trial #895: GFLOPs: 675.0881. Time: 19.0272 us. Best GFLOPs: 4548.5604
2025-10-07 10:50:38 [INFO] [task_scheduler.cc:131] [Task #0: main] Trial #896: GFLOPs: 1788.2391. Time: 7.1831 us. Best GFLOPs: 4548.5604
2025-10-07 10:50:38 [INFO] [evolutionary_search.cc:713] Generating candidates......
2025-10-07 10:50:39 [INFO] [evolutionary_search.cc:715] Picked top 102 candidate(s) from database
2025-10-07 10:50:43 [INFO] [evolutionary_search.cc:533] Sample-Init-Population summary:
Postproc #0 [meta_schedule.DisallowDynamicLoop(0x10c88718)]: 0 failure(s)
Postproc #1 [meta_schedule.RewriteCooperativeFetch(0x105f7608)]: 0 failure(s)
Postproc #2 [meta_schedule.RewriteUnboundBlock(0x11a60e48)]: 0 failure(s)
Postproc #3 [meta_schedule.RewriteParallelVectorizeUnroll(0x11a97d58)]: 0 failure(s)
Postproc #4 [meta_schedule.RewriteReductionBlock(0x10bef6a8)]: 0 failure(s)
Postproc #5 [meta_schedule.VerifyGPUCode(0x10fa7ce8)]: 279 failure(s)
Postproc #6 [meta_schedule.RewriteTensorize(0x1058b898)]: 0 failure(s)
2025-10-07 10:50:43 [INFO] [evolutionary_search.cc:723] Sampled 131 candidate(s)
2025-10-07 10:50:51 [INFO] [evolutionary_search.cc:621] Evolve iter #0 done. Summary:
Postproc #0 [meta_schedule.DisallowDynamicLoop(0x10c88718)]: 0 failure(s)
Postproc #1 [meta_schedule.RewriteCooperativeFetch(0x105f7608)]: 0 failure(s)
Postproc #2 [meta_schedule.RewriteUnboundBlock(0x11a60e48)]: 0 failure(s)
Postproc #3 [meta_schedule.RewriteParallelVectorizeUnroll(0x11a97d58)]: 0 failure(s)
Postproc #4 [meta_schedule.RewriteReductionBlock(0x10bef6a8)]: 0 failure(s)
Postproc #5 [meta_schedule.VerifyGPUCode(0x10fa7ce8)]: 80 failure(s)
Postproc #6 [meta_schedule.RewriteTensorize(0x1058b898)]: 0 failure(s)
2025-10-07 10:50:59 [INFO] [evolutionary_search.cc:621] Evolve iter #1 done. Summary:
Postproc #0 [meta_schedule.DisallowDynamicLoop(0x10c88718)]: 0 failure(s)
Postproc #1 [meta_schedule.RewriteCooperativeFetch(0x105f7608)]: 0 failure(s)
Postproc #2 [meta_schedule.RewriteUnboundBlock(0x11a60e48)]: 0 failure(s)
Postproc #3 [meta_schedule.RewriteParallelVectorizeUnroll(0x11a97d58)]: 0 failure(s)
Postproc #4 [meta_schedule.RewriteReductionBlock(0x10bef6a8)]: 0 failure(s)
Postproc #5 [meta_schedule.VerifyGPUCode(0x10fa7ce8)]: 55 failure(s)
Postproc #6 [meta_schedule.RewriteTensorize(0x1058b898)]: 0 failure(s)
2025-10-07 10:51:07 [INFO] [evolutionary_search.cc:621] Evolve iter #2 done. Summary:
Postproc #0 [meta_schedule.DisallowDynamicLoop(0x10c88718)]: 0 failure(s)
Postproc #1 [meta_schedule.RewriteCooperativeFetch(0x105f7608)]: 0 failure(s)
Postproc #2 [meta_schedule.RewriteUnboundBlock(0x11a60e48)]: 0 failure(s)
Postproc #3 [meta_schedule.RewriteParallelVectorizeUnroll(0x11a97d58)]: 0 failure(s)
Postproc #4 [meta_schedule.RewriteReductionBlock(0x10bef6a8)]: 0 failure(s)
Postproc #5 [meta_schedule.VerifyGPUCode(0x10fa7ce8)]: 78 failure(s)
Postproc #6 [meta_schedule.RewriteTensorize(0x1058b898)]: 0 failure(s)
2025-10-07 10:51:15 [INFO] [evolutionary_search.cc:621] Evolve iter #3 done. Summary:
Postproc #0 [meta_schedule.DisallowDynamicLoop(0x10c88718)]: 0 failure(s)
Postproc #1 [meta_schedule.RewriteCooperativeFetch(0x105f7608)]: 0 failure(s)
Postproc #2 [meta_schedule.RewriteUnboundBlock(0x11a60e48)]: 0 failure(s)
Postproc #3 [meta_schedule.RewriteParallelVectorizeUnroll(0x11a97d58)]: 0 failure(s)
Postproc #4 [meta_schedule.RewriteReductionBlock(0x10bef6a8)]: 0 failure(s)
Postproc #5 [meta_schedule.VerifyGPUCode(0x10fa7ce8)]: 63 failure(s)
Postproc #6 [meta_schedule.RewriteTensorize(0x1058b898)]: 0 failure(s)
2025-10-07 10:51:17 [INFO] [evolutionary_search.cc:649] Scores of the best 64 candidates:
[1 : 16]:	0.9108  0.9057  0.9031  0.9027  0.9023  0.8962  0.8955  0.8955  0.8934  0.8934  0.8921  0.8920  0.8900  0.8899  0.8894  0.8890
[17 : 32]:	0.8870  0.8866  0.8866  0.8858  0.8857  0.8848  0.8847  0.8832  0.8830  0.8826  0.8819  0.8799  0.8778  0.8773  0.8772  0.8772
[33 : 48]:	0.8771  0.8759  0.8756  0.8751  0.8745  0.8745  0.8743  0.8743  0.8743  0.8733  0.8728  0.8728  0.8707  0.8703  0.8700  0.8688
[49 : 64]:	0.8682  0.8672  0.8659  0.8659  0.8659  0.8658  0.8653  0.8639  0.8638  0.8606  0.8602  0.8596  0.8581  0.8581  0.8574  0.8569
2025-10-07 10:51:18 [INFO] [evolutionary_search.cc:727] Got 64 candidate(s) with evolutionary search
2025-10-07 10:51:18 [INFO] [evolutionary_search.cc:730] Sending 64 candidates(s) for measurement
2025-10-07 10:51:47 [INFO] [task_scheduler.cc:131] [Task #0: main] Trial #897: GFLOPs: 3630.4391. Time: 3.5382 us. Best GFLOPs: 4548.5604
2025-10-07 10:51:47 [INFO] [task_scheduler.cc:131] [Task #0: main] Trial #898: GFLOPs: 4266.6969. Time: 3.0105 us. Best GFLOPs: 4548.5604
2025-10-07 10:51:47 [INFO] [task_scheduler.cc:131] [Task #0: main] Trial #899: GFLOPs: 3897.4411. Time: 3.2958 us. Best GFLOPs: 4548.5604
2025-10-07 10:51:47 [INFO] [task_scheduler.cc:131] [Task #0: main] Trial #900: GFLOPs: 4160.2971. Time: 3.0875 us. Best GFLOPs: 4548.5604
2025-10-07 10:51:47 [INFO] [task_scheduler.cc:131] [Task #0: main] Trial #901: GFLOPs: 4355.2626. Time: 2.9493 us. Best GFLOPs: 4548.5604
2025-10-07 10:51:47 [INFO] [task_scheduler.cc:131] [Task #0: main] Trial #902: GFLOPs: 3777.1505. Time: 3.4007 us. Best GFLOPs: 4548.5604
2025-10-07 10:51:47 [INFO] [task_scheduler.cc:131] [Task #0: main] Trial #903: GFLOPs: 4017.2259. Time: 3.1975 us. Best GFLOPs: 4548.5604
2025-10-07 10:51:47 [INFO] [task_scheduler.cc:131] [Task #0: main] Trial #904: GFLOPs: 3619.4098. Time: 3.5489 us. Best GFLOPs: 4548.5604
2025-10-07 10:51:47 [INFO] [task_scheduler.cc:131] [Task #0: main] Trial #905: GFLOPs: 4260.5705. Time: 3.0149 us. Best GFLOPs: 4548.5604
2025-10-07 10:51:47 [INFO] [task_scheduler.cc:131] [Task #0: main] Trial #906: GFLOPs: 3703.9608. Time: 3.4679 us. Best GFLOPs: 4548.5604
2025-10-07 10:51:47 [INFO] [task_scheduler.cc:131] [Task #0: main] Trial #907: GFLOPs: 3731.8402. Time: 3.4420 us. Best GFLOPs: 4548.5604
2025-10-07 10:51:47 [INFO] [task_scheduler.cc:131] [Task #0: main] Trial #908: GFLOPs: 4472.1764. Time: 2.8722 us. Best GFLOPs: 4548.5604
2025-10-07 10:51:47 [INFO] [task_scheduler.cc:131] [Task #0: main] Trial #909: GFLOPs: 4112.8570. Time: 3.1231 us. Best GFLOPs: 4548.5604
2025-10-07 10:51:47 [INFO] [task_scheduler.cc:131] [Task #0: main] Trial #910: GFLOPs: 3736.4408. Time: 3.4378 us. Best GFLOPs: 4548.5604
2025-10-07 10:51:47 [INFO] [task_scheduler.cc:131] [Task #0: main] Trial #911: GFLOPs: 4245.8540. Time: 3.0253 us. Best GFLOPs: 4548.5604
2025-10-07 10:51:47 [INFO] [task_scheduler.cc:131] [Task #0: main] Trial #912: GFLOPs: 3935.7935. Time: 3.2637 us. Best GFLOPs: 4548.5604
2025-10-07 10:51:47 [INFO] [task_scheduler.cc:131] [Task #0: main] Trial #913: GFLOPs: 3788.1577. Time: 3.3908 us. Best GFLOPs: 4548.5604
2025-10-07 10:51:47 [INFO] [task_scheduler.cc:131] [Task #0: main] Trial #914: GFLOPs: 4221.8836. Time: 3.0425 us. Best GFLOPs: 4548.5604
2025-10-07 10:51:47 [INFO] [task_scheduler.cc:131] [Task #0: main] Trial #915: GFLOPs: 3615.0829. Time: 3.5532 us. Best GFLOPs: 4548.5604
2025-10-07 10:51:47 [INFO] [task_scheduler.cc:131] [Task #0: main] Trial #916: GFLOPs: 4262.0580. Time: 3.0138 us. Best GFLOPs: 4548.5604
2025-10-07 10:51:47 [INFO] [task_scheduler.cc:131] [Task #0: main] Trial #917: GFLOPs: 4065.0909. Time: 3.1598 us. Best GFLOPs: 4548.5604
2025-10-07 10:51:47 [INFO] [task_scheduler.cc:131] [Task #0: main] Trial #918: GFLOPs: 4239.5488. Time: 3.0298 us. Best GFLOPs: 4548.5604
2025-10-07 10:51:47 [INFO] [task_scheduler.cc:131] [Task #0: main] Trial #919: GFLOPs: 4312.7139. Time: 2.9784 us. Best GFLOPs: 4548.5604
2025-10-07 10:51:47 [INFO] [task_scheduler.cc:131] [Task #0: main] Trial #920: GFLOPs: 4329.0804. Time: 2.9672 us. Best GFLOPs: 4548.5604
2025-10-07 10:51:47 [INFO] [task_scheduler.cc:131] [Task #0: main] Trial #921: GFLOPs: 4415.7518. Time: 2.9089 us. Best GFLOPs: 4548.5604
2025-10-07 10:51:47 [INFO] [task_scheduler.cc:131] [Task #0: main] Trial #922: GFLOPs: 3622.9502. Time: 3.5455 us. Best GFLOPs: 4548.5604
2025-10-07 10:51:47 [INFO] [task_scheduler.cc:131] [Task #0: main] Trial #923: GFLOPs: 4064.0475. Time: 3.1607 us. Best GFLOPs: 4548.5604
2025-10-07 10:51:47 [INFO] [task_scheduler.cc:131] [Task #0: main] Trial #924: GFLOPs: 3664.6150. Time: 3.5052 us. Best GFLOPs: 4548.5604
2025-10-07 10:51:47 [INFO] [task_scheduler.cc:131] [Task #0: main] Trial #925: GFLOPs: 3787.8230. Time: 3.3911 us. Best GFLOPs: 4548.5604
2025-10-07 10:51:47 [INFO] [task_scheduler.cc:131] [Task #0: main] Trial #926: GFLOPs: 4227.7275. Time: 3.0383 us. Best GFLOPs: 4548.5604
2025-10-07 10:51:47 [INFO] [task_scheduler.cc:131] [Task #0: main] Trial #927: GFLOPs: 3821.0860. Time: 3.3616 us. Best GFLOPs: 4548.5604
2025-10-07 10:51:47 [INFO] [task_scheduler.cc:131] [Task #0: main] Trial #928: GFLOPs: 4103.3217. Time: 3.1304 us. Best GFLOPs: 4548.5604
2025-10-07 10:51:47 [INFO] [task_scheduler.cc:131] [Task #0: main] Trial #929: GFLOPs: 4205.4034. Time: 3.0544 us. Best GFLOPs: 4548.5604
2025-10-07 10:51:47 [INFO] [task_scheduler.cc:131] [Task #0: main] Trial #930: GFLOPs: 4039.8290. Time: 3.1796 us. Best GFLOPs: 4548.5604
2025-10-07 10:51:47 [INFO] [task_scheduler.cc:131] [Task #0: main] Trial #931: GFLOPs: 4376.0053. Time: 2.9353 us. Best GFLOPs: 4548.5604
2025-10-07 10:51:47 [INFO] [task_scheduler.cc:131] [Task #0: main] Trial #932: GFLOPs: 4161.8270. Time: 3.0864 us. Best GFLOPs: 4548.5604
2025-10-07 10:51:47 [INFO] [task_scheduler.cc:131] [Task #0: main] Trial #933: GFLOPs: 3980.0949. Time: 3.2273 us. Best GFLOPs: 4548.5604
2025-10-07 10:51:47 [INFO] [task_scheduler.cc:131] [Task #0: main] Trial #934: GFLOPs: 3714.7838. Time: 3.4578 us. Best GFLOPs: 4548.5604
2025-10-07 10:51:47 [INFO] [task_scheduler.cc:131] [Task #0: main] Trial #935: GFLOPs: 3952.2250. Time: 3.2501 us. Best GFLOPs: 4548.5604
2025-10-07 10:51:47 [INFO] [task_scheduler.cc:131] [Task #0: main] Trial #936: GFLOPs: 3550.3211. Time: 3.6180 us. Best GFLOPs: 4548.5604
2025-10-07 10:51:47 [INFO] [task_scheduler.cc:131] [Task #0: main] Trial #937: GFLOPs: 3973.3658. Time: 3.2328 us. Best GFLOPs: 4548.5604
2025-10-07 10:51:47 [INFO] [task_scheduler.cc:131] [Task #0: main] Trial #938: GFLOPs: 4227.1080. Time: 3.0387 us. Best GFLOPs: 4548.5604
2025-10-07 10:51:47 [INFO] [task_scheduler.cc:131] [Task #0: main] Trial #939: GFLOPs: 3836.1216. Time: 3.3484 us. Best GFLOPs: 4548.5604
2025-10-07 10:51:47 [INFO] [task_scheduler.cc:131] [Task #0: main] Trial #940: GFLOPs: 3650.6556. Time: 3.5186 us. Best GFLOPs: 4548.5604
2025-10-07 10:51:47 [INFO] [task_scheduler.cc:131] [Task #0: main] Trial #941: GFLOPs: 4147.0746. Time: 3.0974 us. Best GFLOPs: 4548.5604
2025-10-07 10:51:47 [INFO] [task_scheduler.cc:131] [Task #0: main] Trial #942: GFLOPs: 4159.3258. Time: 3.0883 us. Best GFLOPs: 4548.5604
2025-10-07 10:51:47 [INFO] [task_scheduler.cc:131] [Task #0: main] Trial #943: GFLOPs: 3970.2150. Time: 3.2354 us. Best GFLOPs: 4548.5604
2025-10-07 10:51:47 [INFO] [task_scheduler.cc:131] [Task #0: main] Trial #944: GFLOPs: 4055.8575. Time: 3.1670 us. Best GFLOPs: 4548.5604
2025-10-07 10:51:47 [INFO] [task_scheduler.cc:131] [Task #0: main] Trial #945: GFLOPs: 3580.9096. Time: 3.5871 us. Best GFLOPs: 4548.5604
2025-10-07 10:51:47 [INFO] [task_scheduler.cc:131] [Task #0: main] Trial #946: GFLOPs: 3683.8770. Time: 3.4868 us. Best GFLOPs: 4548.5604
2025-10-07 10:51:47 [INFO] [task_scheduler.cc:131] [Task #0: main] Trial #947: GFLOPs: 3786.0666. Time: 3.3927 us. Best GFLOPs: 4548.5604
2025-10-07 10:51:47 [INFO] [task_scheduler.cc:131] [Task #0: main] Trial #948: GFLOPs: 3821.0931. Time: 3.3616 us. Best GFLOPs: 4548.5604
2025-10-07 10:51:47 [INFO] [task_scheduler.cc:131] [Task #0: main] Trial #949: GFLOPs: 3838.1275. Time: 3.3467 us. Best GFLOPs: 4548.5604
2025-10-07 10:51:47 [INFO] [task_scheduler.cc:131] [Task #0: main] Trial #950: GFLOPs: 4222.3447. Time: 3.0422 us. Best GFLOPs: 4548.5604
2025-10-07 10:51:47 [INFO] [task_scheduler.cc:131] [Task #0: main] Trial #951: GFLOPs: 3617.6711. Time: 3.5506 us. Best GFLOPs: 4548.5604
2025-10-07 10:51:47 [INFO] [task_scheduler.cc:131] [Task #0: main] Trial #952: GFLOPs: 3839.1988. Time: 3.3458 us. Best GFLOPs: 4548.5604
2025-10-07 10:51:47 [INFO] [task_scheduler.cc:131] [Task #0: main] Trial #953: GFLOPs: 3832.8867. Time: 3.3513 us. Best GFLOPs: 4548.5604
2025-10-07 10:51:47 [INFO] [task_scheduler.cc:131] [Task #0: main] Trial #954: GFLOPs: 4180.1624. Time: 3.0729 us. Best GFLOPs: 4548.5604
2025-10-07 10:51:47 [INFO] [task_scheduler.cc:131] [Task #0: main] Trial #955: GFLOPs: 3781.6189. Time: 3.3967 us. Best GFLOPs: 4548.5604
2025-10-07 10:51:47 [INFO] [task_scheduler.cc:131] [Task #0: main] Trial #956: GFLOPs: 4351.6982. Time: 2.9517 us. Best GFLOPs: 4548.5604
2025-10-07 10:51:47 [INFO] [task_scheduler.cc:131] [Task #0: main] Trial #957: GFLOPs: 3698.3213. Time: 3.4732 us. Best GFLOPs: 4548.5604
2025-10-07 10:51:47 [INFO] [task_scheduler.cc:131] [Task #0: main] Trial #958: GFLOPs: 1817.2851. Time: 7.0683 us. Best GFLOPs: 4548.5604
2025-10-07 10:51:47 [INFO] [task_scheduler.cc:131] [Task #0: main] Trial #959: GFLOPs: 3407.9484. Time: 3.7691 us. Best GFLOPs: 4548.5604
2025-10-07 10:51:47 [INFO] [task_scheduler.cc:131] [Task #0: main] Trial #960: GFLOPs: 841.2254. Time: 15.2695 us. Best GFLOPs: 4548.5604
2025-10-07 10:51:47 [INFO] [evolutionary_search.cc:713] Generating candidates......
2025-10-07 10:51:48 [INFO] [evolutionary_search.cc:715] Picked top 102 candidate(s) from database
2025-10-07 10:51:52 [INFO] [evolutionary_search.cc:533] Sample-Init-Population summary:
Postproc #0 [meta_schedule.DisallowDynamicLoop(0x10c88718)]: 0 failure(s)
Postproc #1 [meta_schedule.RewriteCooperativeFetch(0x105f7608)]: 0 failure(s)
Postproc #2 [meta_schedule.RewriteUnboundBlock(0x11a60e48)]: 0 failure(s)
Postproc #3 [meta_schedule.RewriteParallelVectorizeUnroll(0x11a97d58)]: 0 failure(s)
Postproc #4 [meta_schedule.RewriteReductionBlock(0x10bef6a8)]: 0 failure(s)
Postproc #5 [meta_schedule.VerifyGPUCode(0x10fa7ce8)]: 267 failure(s)
Postproc #6 [meta_schedule.RewriteTensorize(0x1058b898)]: 0 failure(s)
2025-10-07 10:51:52 [INFO] [evolutionary_search.cc:723] Sampled 143 candidate(s)
2025-10-07 10:52:00 [INFO] [evolutionary_search.cc:621] Evolve iter #0 done. Summary:
Postproc #0 [meta_schedule.DisallowDynamicLoop(0x10c88718)]: 0 failure(s)
Postproc #1 [meta_schedule.RewriteCooperativeFetch(0x105f7608)]: 0 failure(s)
Postproc #2 [meta_schedule.RewriteUnboundBlock(0x11a60e48)]: 0 failure(s)
Postproc #3 [meta_schedule.RewriteParallelVectorizeUnroll(0x11a97d58)]: 0 failure(s)
Postproc #4 [meta_schedule.RewriteReductionBlock(0x10bef6a8)]: 0 failure(s)
Postproc #5 [meta_schedule.VerifyGPUCode(0x10fa7ce8)]: 62 failure(s)
Postproc #6 [meta_schedule.RewriteTensorize(0x1058b898)]: 0 failure(s)
2025-10-07 10:52:08 [INFO] [evolutionary_search.cc:621] Evolve iter #1 done. Summary:
Postproc #0 [meta_schedule.DisallowDynamicLoop(0x10c88718)]: 0 failure(s)
Postproc #1 [meta_schedule.RewriteCooperativeFetch(0x105f7608)]: 0 failure(s)
Postproc #2 [meta_schedule.RewriteUnboundBlock(0x11a60e48)]: 0 failure(s)
Postproc #3 [meta_schedule.RewriteParallelVectorizeUnroll(0x11a97d58)]: 0 failure(s)
Postproc #4 [meta_schedule.RewriteReductionBlock(0x10bef6a8)]: 0 failure(s)
Postproc #5 [meta_schedule.VerifyGPUCode(0x10fa7ce8)]: 73 failure(s)
Postproc #6 [meta_schedule.RewriteTensorize(0x1058b898)]: 0 failure(s)
2025-10-07 10:52:16 [INFO] [evolutionary_search.cc:621] Evolve iter #2 done. Summary:
Postproc #0 [meta_schedule.DisallowDynamicLoop(0x10c88718)]: 0 failure(s)
Postproc #1 [meta_schedule.RewriteCooperativeFetch(0x105f7608)]: 0 failure(s)
Postproc #2 [meta_schedule.RewriteUnboundBlock(0x11a60e48)]: 0 failure(s)
Postproc #3 [meta_schedule.RewriteParallelVectorizeUnroll(0x11a97d58)]: 0 failure(s)
Postproc #4 [meta_schedule.RewriteReductionBlock(0x10bef6a8)]: 0 failure(s)
Postproc #5 [meta_schedule.VerifyGPUCode(0x10fa7ce8)]: 77 failure(s)
Postproc #6 [meta_schedule.RewriteTensorize(0x1058b898)]: 0 failure(s)
2025-10-07 10:52:25 [INFO] [evolutionary_search.cc:621] Evolve iter #3 done. Summary:
Postproc #0 [meta_schedule.DisallowDynamicLoop(0x10c88718)]: 0 failure(s)
Postproc #1 [meta_schedule.RewriteCooperativeFetch(0x105f7608)]: 0 failure(s)
Postproc #2 [meta_schedule.RewriteUnboundBlock(0x11a60e48)]: 0 failure(s)
Postproc #3 [meta_schedule.RewriteParallelVectorizeUnroll(0x11a97d58)]: 0 failure(s)
Postproc #4 [meta_schedule.RewriteReductionBlock(0x10bef6a8)]: 0 failure(s)
Postproc #5 [meta_schedule.VerifyGPUCode(0x10fa7ce8)]: 59 failure(s)
Postproc #6 [meta_schedule.RewriteTensorize(0x1058b898)]: 0 failure(s)
2025-10-07 10:52:27 [INFO] [evolutionary_search.cc:649] Scores of the best 40 candidates:
[1 : 16]:	0.9338  0.9313  0.9192  0.9157  0.9138  0.9138  0.9138  0.9074  0.9072  0.9057  0.9045  0.9042  0.9042  0.9017  0.8991  0.8991
[17 : 32]:	0.8991  0.8981  0.8940  0.8926  0.8917  0.8913  0.8906  0.8902  0.8851  0.8843  0.8840  0.8835  0.8828  0.8823  0.8794  0.8785
[33 : 40]:	0.8784  0.8757  0.8757  0.8750  0.8731  0.8717  0.8716  0.8716
2025-10-07 10:52:27 [INFO] [evolutionary_search.cc:727] Got 40 candidate(s) with evolutionary search
2025-10-07 10:52:27 [INFO] [evolutionary_search.cc:730] Sending 40 candidates(s) for measurement
2025-10-07 10:52:48 [INFO] [task_scheduler.cc:131] [Task #0: main] Trial #961: GFLOPs: 3795.2119. Time: 3.3845 us. Best GFLOPs: 4548.5604
2025-10-07 10:52:48 [INFO] [task_scheduler.cc:131] [Task #0: main] Trial #962: GFLOPs: 4314.8355. Time: 2.9770 us. Best GFLOPs: 4548.5604
2025-10-07 10:52:48 [INFO] [task_scheduler.cc:131] [Task #0: main] Trial #963: GFLOPs: 3988.6885. Time: 3.2204 us. Best GFLOPs: 4548.5604
2025-10-07 10:52:48 [INFO] [task_scheduler.cc:131] [Task #0: main] Trial #964: GFLOPs: 4095.5438. Time: 3.1363 us. Best GFLOPs: 4548.5604
2025-10-07 10:52:48 [INFO] [task_scheduler.cc:131] [Task #0: main] Trial #965: GFLOPs: 3693.4253. Time: 3.4778 us. Best GFLOPs: 4548.5604
2025-10-07 10:52:48 [INFO] [task_scheduler.cc:131] [Task #0: main] Trial #966: GFLOPs: 4210.9389. Time: 3.0504 us. Best GFLOPs: 4548.5604
2025-10-07 10:52:48 [INFO] [task_scheduler.cc:131] [Task #0: main] Trial #967: GFLOPs: 4237.8479. Time: 3.0310 us. Best GFLOPs: 4548.5604
2025-10-07 10:52:48 [INFO] [task_scheduler.cc:131] [Task #0: main] Trial #968: GFLOPs: 4028.7366. Time: 3.1884 us. Best GFLOPs: 4548.5604
2025-10-07 10:52:48 [INFO] [task_scheduler.cc:131] [Task #0: main] Trial #969: GFLOPs: 4041.3325. Time: 3.1784 us. Best GFLOPs: 4548.5604
2025-10-07 10:52:48 [INFO] [task_scheduler.cc:131] [Task #0: main] Trial #970: GFLOPs: 4367.2047. Time: 2.9413 us. Best GFLOPs: 4548.5604
2025-10-07 10:52:48 [INFO] [task_scheduler.cc:131] [Task #0: main] Trial #971: GFLOPs: 3894.6907. Time: 3.2981 us. Best GFLOPs: 4548.5604
2025-10-07 10:52:48 [INFO] [task_scheduler.cc:131] [Task #0: main] Trial #972: GFLOPs: 4025.7014. Time: 3.1908 us. Best GFLOPs: 4548.5604
2025-10-07 10:52:48 [INFO] [task_scheduler.cc:131] [Task #0: main] Trial #973: GFLOPs: 4189.8074. Time: 3.0658 us. Best GFLOPs: 4548.5604
2025-10-07 10:52:48 [INFO] [task_scheduler.cc:131] [Task #0: main] Trial #974: GFLOPs: 3807.2557. Time: 3.3738 us. Best GFLOPs: 4548.5604
2025-10-07 10:52:48 [INFO] [task_scheduler.cc:131] [Task #0: main] Trial #975: GFLOPs: 4346.3760. Time: 2.9553 us. Best GFLOPs: 4548.5604
2025-10-07 10:52:48 [INFO] [task_scheduler.cc:131] [Task #0: main] Trial #976: GFLOPs: 4035.9512. Time: 3.1827 us. Best GFLOPs: 4548.5604
2025-10-07 10:52:48 [INFO] [task_scheduler.cc:131] [Task #0: main] Trial #977: GFLOPs: 4302.2593. Time: 2.9857 us. Best GFLOPs: 4548.5604
2025-10-07 10:52:48 [INFO] [task_scheduler.cc:131] [Task #0: main] Trial #978: GFLOPs: 4228.6589. Time: 3.0376 us. Best GFLOPs: 4548.5604
2025-10-07 10:52:48 [INFO] [task_scheduler.cc:131] [Task #0: main] Trial #979: GFLOPs: 4386.3651. Time: 2.9284 us. Best GFLOPs: 4548.5604
2025-10-07 10:52:48 [INFO] [task_scheduler.cc:131] [Task #0: main] Trial #980: GFLOPs: 4309.6759. Time: 2.9805 us. Best GFLOPs: 4548.5604
2025-10-07 10:52:48 [INFO] [task_scheduler.cc:131] [Task #0: main] Trial #981: GFLOPs: 4061.5026. Time: 3.1626 us. Best GFLOPs: 4548.5604
2025-10-07 10:52:48 [INFO] [task_scheduler.cc:131] [Task #0: main] Trial #982: GFLOPs: 4079.1875. Time: 3.1489 us. Best GFLOPs: 4548.5604
2025-10-07 10:52:48 [INFO] [task_scheduler.cc:131] [Task #0: main] Trial #983: GFLOPs: 4002.6393. Time: 3.2091 us. Best GFLOPs: 4548.5604
2025-10-07 10:52:48 [INFO] [task_scheduler.cc:131] [Task #0: main] Trial #984: GFLOPs: 4168.1565. Time: 3.0817 us. Best GFLOPs: 4548.5604
2025-10-07 10:52:48 [INFO] [task_scheduler.cc:131] [Task #0: main] Trial #985: GFLOPs: 4111.5555. Time: 3.1241 us. Best GFLOPs: 4548.5604
2025-10-07 10:52:48 [INFO] [task_scheduler.cc:131] [Task #0: main] Trial #986: GFLOPs: 4279.6429. Time: 3.0014 us. Best GFLOPs: 4548.5604
2025-10-07 10:52:48 [INFO] [task_scheduler.cc:131] [Task #0: main] Trial #987: GFLOPs: 4014.5315. Time: 3.1996 us. Best GFLOPs: 4548.5604
2025-10-07 10:52:48 [INFO] [task_scheduler.cc:131] [Task #0: main] Trial #988: GFLOPs: 4414.3484. Time: 2.9098 us. Best GFLOPs: 4548.5604
2025-10-07 10:52:48 [INFO] [task_scheduler.cc:131] [Task #0: main] Trial #989: GFLOPs: 3744.7031. Time: 3.4302 us. Best GFLOPs: 4548.5604
2025-10-07 10:52:48 [INFO] [task_scheduler.cc:131] [Task #0: main] Trial #990: GFLOPs: 3828.5851. Time: 3.3550 us. Best GFLOPs: 4548.5604
2025-10-07 10:52:48 [INFO] [task_scheduler.cc:131] [Task #0: main] Trial #991: GFLOPs: 4074.1228. Time: 3.1528 us. Best GFLOPs: 4548.5604
2025-10-07 10:52:48 [INFO] [task_scheduler.cc:131] [Task #0: main] Trial #992: GFLOPs: 3730.1975. Time: 3.4435 us. Best GFLOPs: 4548.5604
2025-10-07 10:52:48 [INFO] [task_scheduler.cc:131] [Task #0: main] Trial #993: GFLOPs: 3811.4507. Time: 3.3701 us. Best GFLOPs: 4548.5604
2025-10-07 10:52:48 [INFO] [task_scheduler.cc:131] [Task #0: main] Trial #994: GFLOPs: 4385.6305. Time: 2.9289 us. Best GFLOPs: 4548.5604
2025-10-07 10:52:48 [INFO] [task_scheduler.cc:131] [Task #0: main] Trial #995: GFLOPs: 4089.3471. Time: 3.1411 us. Best GFLOPs: 4548.5604
2025-10-07 10:52:48 [INFO] [task_scheduler.cc:131] [Task #0: main] Trial #996: GFLOPs: 4040.0428. Time: 3.1794 us. Best GFLOPs: 4548.5604
2025-10-07 10:52:48 [INFO] [task_scheduler.cc:131] [Task #0: main] Trial #997: GFLOPs: 4233.9265. Time: 3.0338 us. Best GFLOPs: 4548.5604
2025-10-07 10:52:48 [INFO] [task_scheduler.cc:131] [Task #0: main] Trial #998: GFLOPs: 4341.1157. Time: 2.9589 us. Best GFLOPs: 4548.5604
2025-10-07 10:52:48 [INFO] [task_scheduler.cc:131] [Task #0: main] Trial #999: GFLOPs: 2521.1851. Time: 5.0948 us. Best GFLOPs: 4548.5604
2025-10-07 10:52:48 [INFO] [task_scheduler.cc:131] [Task #0: main] Trial #1000: GFLOPs: 420.7311. Time: 30.5303 us. Best GFLOPs: 4548.5604
