layer,trial_index,tile_size,execution_time
layer_2,0,"[[25, [1, 49, 1, 1, 4]], [27, [1, 2, 1, 2, 1]], [29, [1, 2, 2]], [56, 1], [62, 0], [68, 0], [95, 3]]",[6.899202578776804e-06]
layer_2,1,"[[25, [14, 1, 1, 7, 2]], [27, [2, 1, 1, 1, 2]], [29, [1, 2, 2]], [56, 0], [62, 1], [68, 1], [95, 4]]",[1.5756407618324473e-05]
layer_2,2,"[[25, [4, 7, 7, 1, 1]], [27, [2, 1, 2, 1, 1]], [29, [1, 1, 4]], [56, 1], [62, 2], [68, 3], [95, 1]]",[4.299252886098846e-06]
layer_2,3,"[[25, [1, 49, 4, 1, 1]], [27, [2, 2, 1, 1, 1]], [29, [4, 1, 1]], [56, 1], [62, 0], [68, 3], [95, 3]]",[3.969895346530726e-06]
layer_2,4,"[[25, [2, 98, 1, 1, 1]], [27, [1, 1, 4, 1, 1]], [29, [1, 4, 1]], [56, 0], [62, 0], [68, 2], [95, 1]]",[5.194134146974812e-06]
layer_2,5,"[[25, [14, 1, 2, 7, 1]], [27, [1, 2, 2, 1, 1]], [29, [2, 1, 2]], [56, 1], [62, 0], [68, 1], [95, 2]]",[9.929028289348775e-06]
layer_2,6,"[[25, [7, 4, 7, 1, 1]], [27, [1, 1, 4, 1, 1]], [29, [2, 1, 2]], [56, 3], [62, 1], [68, 3], [95, 0]]",[10000000000]
layer_2,7,"[[25, [1, 49, 1, 2, 2]], [27, [1, 2, 2, 1, 1]], [29, [1, 2, 2]], [56, 1], [62, 0], [68, 2], [95, 1]]",[4.311690904539907e-06]
layer_2,8,"[[25, [14, 1, 1, 14, 1]], [27, [4, 1, 1, 1, 1]], [29, [2, 1, 2]], [56, 1], [62, 1], [68, 0], [95, 0]]",[9.74386618667135e-06]
layer_2,9,"[[25, [7, 2, 7, 2, 1]], [27, [1, 1, 4, 1, 1]], [29, [2, 1, 2]], [56, 2], [62, 0], [68, 3], [95, 0]]",[9.536020730503455e-06]
layer_2,10,"[[25, [7, 1, 7, 2, 2]], [27, [1, 1, 1, 1, 4]], [29, [2, 2, 1]], [56, 0], [62, 0], [68, 0], [95, 1]]",[2.878062184172061e-05]
layer_2,11,"[[25, [49, 2, 2, 1, 1]], [27, [2, 1, 2, 1, 1]], [29, [2, 2, 1]], [56, 0], [62, 0], [68, 0], [95, 0]]",[5.749359260575898e-06]
layer_2,12,"[[25, [1, 196, 1, 1, 1]], [27, [1, 1, 1, 4, 1]], [29, [4, 1, 1]], [56, 1], [62, 1], [68, 1], [95, 4]]",[6.757818432486632e-06]
layer_2,13,"[[25, [49, 1, 1, 2, 2]], [27, [1, 1, 1, 2, 2]], [29, [1, 2, 2]], [56, 2], [62, 0], [68, 1], [95, 4]]",[8.331253619611715e-06]
layer_2,14,"[[25, [7, 1, 7, 1, 4]], [27, [1, 4, 1, 1, 1]], [29, [2, 2, 1]], [56, 2], [62, 0], [68, 2], [95, 3]]",[1.394661384948305e-05]
layer_2,15,"[[25, [14, 2, 1, 7, 1]], [27, [1, 1, 1, 4, 1]], [29, [4, 1, 1]], [56, 1], [62, 1], [68, 3], [95, 3]]",[6.2072576793119344e-06]
layer_2,16,"[[25, [7, 14, 1, 2, 1]], [27, [2, 1, 2, 1, 1]], [29, [1, 2, 2]], [56, 0], [62, 0], [68, 0], [95, 0]]",[6.054740269959446e-06]
layer_2,17,"[[25, [7, 1, 7, 1, 4]], [27, [1, 2, 1, 1, 2]], [29, [2, 2, 1]], [56, 1], [62, 2], [68, 2], [95, 0]]",[9.59105262691592e-06]
layer_2,18,"[[25, [1, 49, 1, 4, 1]], [27, [1, 2, 1, 2, 1]], [29, [1, 2, 2]], [56, 2], [62, 1], [68, 2], [95, 0]]",[4.828753932014206e-06]
layer_2,19,"[[25, [1, 49, 1, 4, 1]], [27, [1, 1, 1, 4, 1]], [29, [1, 4, 1]], [56, 0], [62, 1], [68, 0], [95, 1]]",[8.133612027353178e-06]
layer_2,20,"[[25, [1, 14, 14, 1, 1]], [27, [1, 2, 2, 1, 1]], [29, [2, 2, 1]], [56, 1], [62, 2], [68, 2], [95, 3]]",[5.53430097153804e-06]
layer_2,21,"[[25, [2, 49, 2, 1, 1]], [27, [1, 1, 4, 1, 1]], [29, [1, 1, 4]], [56, 0], [62, 2], [68, 0], [95, 4]]",[4.903625852401878e-06]
layer_2,22,"[[25, [7, 2, 2, 7, 1]], [27, [1, 2, 2, 1, 1]], [29, [1, 4, 1]], [56, 1], [62, 1], [68, 1], [95, 4]]",[9.853430816057915e-06]
layer_2,23,"[[25, [1, 98, 2, 1, 1]], [27, [2, 1, 2, 1, 1]], [29, [1, 2, 2]], [56, 0], [62, 0], [68, 3], [95, 0]]",[5.602387899159663e-06]
layer_2,24,"[[25, [1, 49, 1, 2, 2]], [27, [1, 1, 2, 1, 2]], [29, [2, 2, 1]], [56, 0], [62, 0], [68, 1], [95, 3]]",[8.449600197433366e-06]
layer_2,25,"[[25, [7, 1, 7, 2, 2]], [27, [1, 1, 1, 2, 2]], [29, [4, 1, 1]], [56, 0], [62, 0], [68, 2], [95, 1]]",[2.4082235867446398e-05]
layer_2,26,"[[25, [1, 196, 1, 1, 1]], [27, [1, 1, 1, 4, 1]], [29, [4, 1, 1]], [56, 0], [62, 1], [68, 1], [95, 0]]",[8.43647874135313e-06]
layer_2,27,"[[25, [1, 14, 2, 7, 1]], [27, [1, 1, 1, 2, 2]], [29, [4, 1, 1]], [56, 2], [62, 2], [68, 3], [95, 4]]",[5.5126980070661675e-06]
layer_2,28,"[[25, [14, 1, 2, 7, 1]], [27, [2, 2, 1, 1, 1]], [29, [4, 1, 1]], [56, 0], [62, 2], [68, 1], [95, 2]]",[7.3755843657817116e-06]
layer_2,29,"[[25, [7, 1, 14, 1, 2]], [27, [1, 4, 1, 1, 1]], [29, [2, 2, 1]], [56, 0], [62, 0], [68, 2], [95, 3]]",[1.6786387375415282e-05]
layer_2,30,"[[25, [1, 98, 2, 1, 1]], [27, [1, 2, 2, 1, 1]], [29, [2, 2, 1]], [56, 2], [62, 0], [68, 2], [95, 3]]",[3.6019074462857905e-06]
layer_2,31,"[[25, [4, 7, 7, 1, 1]], [27, [1, 2, 1, 2, 1]], [29, [4, 1, 1]], [56, 3], [62, 1], [68, 0], [95, 0]]",[10000000000]
layer_2,32,"[[25, [1, 28, 7, 1, 1]], [27, [1, 1, 1, 1, 4]], [29, [2, 1, 2]], [56, 3], [62, 2], [68, 3], [95, 0]]",[10000000000]
layer_2,33,"[[25, [1, 14, 2, 7, 1]], [27, [2, 1, 1, 1, 2]], [29, [1, 2, 2]], [56, 2], [62, 0], [68, 2], [95, 2]]",[9.41606143066645e-06]
layer_2,34,"[[25, [7, 14, 1, 2, 1]], [27, [2, 1, 2, 1, 1]], [29, [1, 1, 4]], [56, 0], [62, 1], [68, 0], [95, 0]]",[6.1384807743404815e-06]
layer_2,35,"[[25, [14, 7, 2, 1, 1]], [27, [1, 1, 1, 2, 2]], [29, [2, 1, 2]], [56, 1], [62, 0], [68, 0], [95, 4]]",[5.250147311723288e-06]
layer_2,36,"[[25, [1, 28, 7, 1, 1]], [27, [4, 1, 1, 1, 1]], [29, [2, 1, 2]], [56, 1], [62, 0], [68, 3], [95, 1]]",[5.431581948517432e-06]
layer_2,37,"[[25, [1, 49, 1, 1, 4]], [27, [1, 4, 1, 1, 1]], [29, [1, 2, 2]], [56, 1], [62, 0], [68, 0], [95, 3]]",[7.228762645218945e-06]
layer_2,38,"[[25, [1, 49, 4, 1, 1]], [27, [1, 1, 1, 4, 1]], [29, [2, 2, 1]], [56, 2], [62, 1], [68, 1], [95, 0]]",[3.3156281571934293e-06]
layer_2,39,"[[25, [1, 196, 1, 1, 1]], [27, [2, 2, 1, 1, 1]], [29, [2, 2, 1]], [56, 1], [62, 1], [68, 3], [95, 1]]",[3.99905307786588e-06]
layer_2,40,"[[25, [7, 1, 2, 7, 2]], [27, [1, 2, 2, 1, 1]], [29, [4, 1, 1]], [56, 1], [62, 2], [68, 1], [95, 3]]",[7.346648896557988e-06]
layer_2,41,"[[25, [7, 2, 14, 1, 1]], [27, [2, 2, 1, 1, 1]], [29, [1, 4, 1]], [56, 1], [62, 1], [68, 1], [95, 4]]",[8.501154491609081e-06]
layer_2,42,"[[25, [2, 7, 1, 7, 2]], [27, [2, 1, 2, 1, 1]], [29, [1, 2, 2]], [56, 2], [62, 1], [68, 1], [95, 1]]",[1.0579306990342872e-05]
layer_2,43,"[[25, [1, 98, 1, 1, 2]], [27, [1, 2, 1, 1, 2]], [29, [1, 4, 1]], [56, 0], [62, 1], [68, 1], [95, 3]]",[6.105929874885565e-06]
layer_2,44,"[[25, [1, 98, 1, 1, 2]], [27, [1, 1, 1, 2, 2]], [29, [2, 2, 1]], [56, 0], [62, 2], [68, 2], [95, 0]]",[6.196028309409888e-06]
layer_2,45,"[[25, [7, 14, 1, 2, 1]], [27, [1, 4, 1, 1, 1]], [29, [4, 1, 1]], [56, 0], [62, 2], [68, 1], [95, 2]]",[5.554234768119966e-06]
layer_2,46,"[[25, [1, 28, 7, 1, 1]], [27, [1, 1, 4, 1, 1]], [29, [2, 1, 2]], [56, 3], [62, 2], [68, 2], [95, 0]]",[10000000000]
layer_2,47,"[[25, [1, 28, 7, 1, 1]], [27, [1, 4, 1, 1, 1]], [29, [2, 1, 2]], [56, 1], [62, 2], [68, 1], [95, 3]]",[3.4551720665229442e-06]
layer_2,48,"[[25, [1, 7, 4, 7, 1]], [27, [2, 1, 1, 1, 2]], [29, [2, 2, 1]], [56, 1], [62, 1], [68, 1], [95, 2]]",[1.1859010973641744e-05]
layer_2,49,"[[25, [14, 14, 1, 1, 1]], [27, [1, 1, 2, 1, 2]], [29, [1, 1, 4]], [56, 0], [62, 1], [68, 3], [95, 3]]",[5.388349892241379e-06]
layer_2,50,"[[25, [2, 49, 1, 2, 1]], [27, [2, 1, 2, 1, 1]], [29, [1, 1, 4]], [56, 0], [62, 0], [68, 3], [95, 3]]",[5.841239197976878e-06]
layer_2,51,"[[25, [7, 14, 2, 1, 1]], [27, [2, 1, 1, 1, 2]], [29, [4, 1, 1]], [56, 1], [62, 2], [68, 1], [95, 2]]",[3.567121215462303e-06]
layer_2,52,"[[25, [2, 7, 7, 1, 2]], [27, [1, 4, 1, 1, 1]], [29, [4, 1, 1]], [56, 2], [62, 2], [68, 2], [95, 2]]",[3.446074767550968e-06]
layer_2,53,"[[25, [1, 14, 14, 1, 1]], [27, [1, 2, 2, 1, 1]], [29, [2, 1, 2]], [56, 1], [62, 2], [68, 2], [95, 3]]",[5.534547131077428e-06]
layer_2,54,"[[25, [7, 1, 1, 7, 4]], [27, [1, 1, 1, 1, 4]], [29, [2, 1, 2]], [56, 0], [62, 1], [68, 3], [95, 4]]",[4.531790795868773e-05]
layer_2,55,"[[25, [7, 14, 1, 2, 1]], [27, [1, 1, 1, 1, 4]], [29, [1, 4, 1]], [56, 0], [62, 0], [68, 0], [95, 2]]",[6.59641852812757e-06]
layer_2,56,"[[25, [1, 7, 7, 2, 2]], [27, [2, 2, 1, 1, 1]], [29, [2, 2, 1]], [56, 2], [62, 1], [68, 3], [95, 0]]",[1.0293275029331248e-05]
layer_2,57,"[[25, [7, 2, 2, 7, 1]], [27, [4, 1, 1, 1, 1]], [29, [2, 1, 2]], [56, 0], [62, 0], [68, 3], [95, 1]]",[1.1272891025073094e-05]
layer_2,58,"[[25, [14, 1, 2, 7, 1]], [27, [1, 1, 2, 2, 1]], [29, [4, 1, 1]], [56, 1], [62, 2], [68, 1], [95, 2]]",[9.028003159129886e-06]
layer_2,59,"[[25, [7, 14, 1, 1, 2]], [27, [2, 1, 1, 2, 1]], [29, [1, 1, 4]], [56, 1], [62, 1], [68, 3], [95, 1]]",[4.573591702761235e-06]
layer_2,60,"[[25, [14, 1, 2, 7, 1]], [27, [1, 2, 2, 1, 1]], [29, [4, 1, 1]], [56, 2], [62, 2], [68, 1], [95, 3]]",[6.111754877697841e-06]
layer_2,61,"[[25, [1, 49, 2, 2, 1]], [27, [1, 1, 1, 4, 1]], [29, [2, 1, 2]], [56, 2], [62, 0], [68, 2], [95, 0]]",[4.6670541019541996e-06]
layer_2,62,"[[25, [2, 49, 1, 2, 1]], [27, [1, 1, 1, 2, 2]], [29, [2, 2, 1]], [56, 2], [62, 1], [68, 0], [95, 2]]",[5.943765529662574e-06]
layer_2,63,"[[25, [1, 28, 1, 7, 1]], [27, [1, 1, 4, 1, 1]], [29, [2, 1, 2]], [56, 0], [62, 2], [68, 3], [95, 4]]",[6.219001304834099e-06]
layer_2,64,"[[25, [4, 7, 7, 1, 1]], [27, [1, 1, 1, 1, 4]], [29, [1, 1, 4]], [56, 1], [62, 1], [68, 1], [95, 4]]",[8.630128002632445e-06]
layer_2,65,"[[25, [7, 14, 2, 1, 1]], [27, [1, 1, 4, 1, 1]], [29, [2, 2, 1]], [56, 2], [62, 0], [68, 1], [95, 3]]",[3.029169683997741e-06]
layer_2,66,"[[25, [1, 28, 1, 7, 1]], [27, [1, 1, 1, 1, 4]], [29, [1, 2, 2]], [56, 2], [62, 0], [68, 3], [95, 2]]",[9.030507403751234e-06]
layer_2,67,"[[25, [7, 28, 1, 1, 1]], [27, [2, 2, 1, 1, 1]], [29, [2, 2, 1]], [56, 1], [62, 1], [68, 3], [95, 1]]",[4.026180881465084e-06]
layer_2,68,"[[25, [7, 7, 4, 1, 1]], [27, [1, 1, 2, 1, 2]], [29, [4, 1, 1]], [56, 2], [62, 0], [68, 2], [95, 3]]",[3.2165214423915127e-06]
layer_2,69,"[[25, [7, 7, 1, 4, 1]], [27, [1, 4, 1, 1, 1]], [29, [1, 1, 4]], [56, 1], [62, 2], [68, 3], [95, 2]]",[4.433068688695271e-06]
layer_2,70,"[[25, [1, 7, 4, 7, 1]], [27, [1, 2, 1, 1, 2]], [29, [2, 1, 2]], [56, 3], [62, 1], [68, 0], [95, 0]]",[10000000000]
layer_2,71,"[[25, [7, 7, 4, 1, 1]], [27, [1, 1, 2, 1, 2]], [29, [4, 1, 1]], [56, 2], [62, 0], [68, 3], [95, 3]]",[3.5072047711594727e-06]
layer_2,72,"[[25, [2, 7, 1, 7, 2]], [27, [1, 2, 1, 2, 1]], [29, [2, 2, 1]], [56, 2], [62, 0], [68, 0], [95, 2]]",[1.2075547792628595e-05]
layer_2,73,"[[25, [14, 14, 1, 1, 1]], [27, [1, 2, 2, 1, 1]], [29, [4, 1, 1]], [56, 0], [62, 2], [68, 2], [95, 2]]",[5.238968623958933e-06]
layer_2,74,"[[25, [14, 7, 1, 1, 2]], [27, [2, 1, 1, 1, 2]], [29, [1, 1, 4]], [56, 0], [62, 1], [68, 2], [95, 1]]",[6.123416663512132e-06]
layer_2,75,"[[25, [1, 49, 1, 2, 2]], [27, [1, 1, 2, 1, 2]], [29, [1, 2, 2]], [56, 0], [62, 2], [68, 0], [95, 1]]",[5.8335164616085665e-06]
layer_2,76,"[[25, [7, 28, 1, 1, 1]], [27, [2, 1, 1, 2, 1]], [29, [2, 1, 2]], [56, 1], [62, 1], [68, 2], [95, 2]]",[3.6917775207453472e-06]
layer_2,77,"[[25, [14, 1, 1, 7, 2]], [27, [4, 1, 1, 1, 1]], [29, [1, 4, 1]], [56, 1], [62, 2], [68, 1], [95, 0]]",[8.222471057391876e-06]
layer_2,78,"[[25, [7, 14, 1, 1, 2]], [27, [1, 1, 1, 1, 4]], [29, [1, 2, 2]], [56, 0], [62, 0], [68, 3], [95, 2]]",[6.336356626964014e-06]
layer_2,79,"[[25, [14, 1, 1, 7, 2]], [27, [2, 1, 1, 1, 2]], [29, [1, 2, 2]], [56, 0], [62, 0], [68, 1], [95, 4]]",[1.5589013554817275e-05]
layer_2,80,"[[25, [1, 49, 2, 1, 2]], [27, [1, 1, 4, 1, 1]], [29, [2, 2, 1]], [56, 0], [62, 0], [68, 2], [95, 3]]",[6.145224766461609e-06]
layer_2,81,"[[25, [14, 14, 1, 1, 1]], [27, [1, 2, 2, 1, 1]], [29, [2, 1, 2]], [56, 0], [62, 2], [68, 3], [95, 2]]",[4.936527601006364e-06]
layer_2,82,"[[25, [14, 7, 1, 2, 1]], [27, [1, 1, 2, 2, 1]], [29, [1, 1, 4]], [56, 2], [62, 2], [68, 0], [95, 2]]",[3.3786852299283083e-06]
layer_2,83,"[[25, [7, 2, 7, 1, 2]], [27, [2, 1, 1, 2, 1]], [29, [1, 2, 2]], [56, 2], [62, 1], [68, 3], [95, 1]]",[8.362919134583745e-06]
layer_2,84,"[[25, [7, 1, 1, 7, 4]], [27, [2, 1, 1, 1, 2]], [29, [2, 2, 1]], [56, 0], [62, 1], [68, 1], [95, 1]]",[2.4686869700862543e-05]
layer_2,85,"[[25, [14, 14, 1, 1, 1]], [27, [4, 1, 1, 1, 1]], [29, [2, 2, 1]], [56, 1], [62, 2], [68, 2], [95, 3]]",[3.747951133595653e-06]
layer_2,86,"[[25, [14, 1, 7, 1, 2]], [27, [1, 1, 1, 1, 4]], [29, [4, 1, 1]], [56, 1], [62, 1], [68, 0], [95, 0]]",[8.276647384971863e-06]
layer_2,87,"[[25, [7, 4, 1, 7, 1]], [27, [1, 1, 1, 1, 4]], [29, [1, 4, 1]], [56, 2], [62, 2], [68, 2], [95, 4]]",[6.366255813953488e-06]
layer_2,88,"[[25, [1, 49, 2, 1, 2]], [27, [4, 1, 1, 1, 1]], [29, [2, 2, 1]], [56, 2], [62, 1], [68, 1], [95, 4]]",[3.7725623491249244e-06]
layer_2,89,"[[25, [14, 1, 2, 7, 1]], [27, [1, 1, 2, 2, 1]], [29, [2, 2, 1]], [56, 1], [62, 1], [68, 1], [95, 4]]",[9.730948259059094e-06]
layer_2,90,"[[25, [7, 1, 1, 7, 4]], [27, [1, 1, 1, 1, 4]], [29, [2, 1, 2]], [56, 0], [62, 2], [68, 3], [95, 4]]",[3.35675422617654e-05]
layer_2,91,"[[25, [14, 7, 1, 1, 2]], [27, [1, 1, 2, 1, 2]], [29, [4, 1, 1]], [56, 2], [62, 0], [68, 0], [95, 2]]",[4.428809304745475e-06]
layer_2,92,"[[25, [1, 49, 1, 1, 4]], [27, [1, 1, 1, 4, 1]], [29, [2, 2, 1]], [56, 2], [62, 0], [68, 1], [95, 0]]",[6.2210199676536455e-06]
layer_2,93,"[[25, [7, 7, 1, 1, 4]], [27, [1, 1, 2, 1, 2]], [29, [2, 1, 2]], [56, 2], [62, 0], [68, 1], [95, 3]]",[4.400364755696696e-06]
layer_2,94,"[[25, [2, 7, 7, 2, 1]], [27, [1, 4, 1, 1, 1]], [29, [2, 2, 1]], [56, 2], [62, 1], [68, 2], [95, 1]]",[5.256588594638506e-06]
layer_2,95,"[[25, [7, 1, 7, 2, 2]], [27, [1, 1, 1, 1, 4]], [29, [2, 2, 1]], [56, 1], [62, 0], [68, 0], [95, 1]]",[2.1350640153256705e-05]
layer_2,96,"[[25, [1, 28, 1, 7, 1]], [27, [1, 1, 1, 2, 2]], [29, [1, 2, 2]], [56, 2], [62, 1], [68, 3], [95, 2]]",[8.340918362697449e-06]
layer_2,97,"[[25, [14, 1, 1, 7, 2]], [27, [2, 1, 1, 1, 2]], [29, [1, 4, 1]], [56, 0], [62, 1], [68, 1], [95, 4]]",[1.5895270137052175e-05]
layer_2,98,"[[25, [28, 1, 7, 1, 1]], [27, [1, 1, 1, 4, 1]], [29, [2, 1, 2]], [56, 1], [62, 2], [68, 1], [95, 2]]",[4.468172273600501e-06]
layer_2,99,"[[25, [7, 1, 4, 7, 1]], [27, [1, 1, 1, 2, 2]], [29, [2, 1, 2]], [56, 0], [62, 0], [68, 2], [95, 1]]",[2.9181357306649987e-05]
layer_2,100,"[[25, [7, 14, 1, 2, 1]], [27, [2, 1, 2, 1, 1]], [29, [4, 1, 1]], [56, 0], [62, 1], [68, 3], [95, 0]]",[5.383454524277014e-06]
layer_2,101,"[[25, [2, 7, 2, 7, 1]], [27, [2, 1, 1, 2, 1]], [29, [4, 1, 1]], [56, 2], [62, 2], [68, 2], [95, 0]]",[4.812084005356346e-06]
layer_2,102,"[[25, [14, 14, 1, 1, 1]], [27, [1, 1, 2, 1, 2]], [29, [2, 2, 1]], [56, 0], [62, 0], [68, 1], [95, 1]]",[5.540066173448417e-06]
layer_2,103,"[[25, [14, 1, 2, 7, 1]], [27, [1, 2, 2, 1, 1]], [29, [2, 1, 2]], [56, 1], [62, 0], [68, 0], [95, 2]]",[1.0439076650465776e-05]
layer_2,104,"[[25, [14, 7, 1, 1, 2]], [27, [1, 1, 1, 1, 4]], [29, [1, 4, 1]], [56, 1], [62, 1], [68, 0], [95, 0]]",[4.575065971269101e-06]
layer_2,105,"[[25, [49, 2, 2, 1, 1]], [27, [1, 1, 1, 1, 4]], [29, [1, 1, 4]], [56, 3], [62, 2], [68, 3], [95, 3]]",[10000000000]
layer_2,106,"[[25, [1, 49, 1, 2, 2]], [27, [4, 1, 1, 1, 1]], [29, [2, 2, 1]], [56, 2], [62, 2], [68, 2], [95, 4]]",[3.405337885904062e-06]
layer_2,107,"[[25, [7, 14, 1, 1, 2]], [27, [2, 1, 1, 1, 2]], [29, [1, 1, 4]], [56, 0], [62, 1], [68, 3], [95, 2]]",[5.9867069564176245e-06]
layer_2,108,"[[25, [98, 1, 1, 2, 1]], [27, [1, 2, 1, 1, 2]], [29, [1, 1, 4]], [56, 1], [62, 2], [68, 3], [95, 2]]",[3.5882060949281936e-06]
layer_2,109,"[[25, [2, 14, 1, 7, 1]], [27, [2, 1, 2, 1, 1]], [29, [1, 4, 1]], [56, 2], [62, 1], [68, 1], [95, 2]]",[6.549670050428974e-06]
layer_2,110,"[[25, [7, 14, 1, 1, 2]], [27, [2, 1, 1, 2, 1]], [29, [1, 1, 4]], [56, 0], [62, 1], [68, 3], [95, 2]]",[6.435866646706586e-06]
layer_2,111,"[[25, [7, 2, 14, 1, 1]], [27, [2, 2, 1, 1, 1]], [29, [1, 4, 1]], [56, 1], [62, 1], [68, 0], [95, 4]]",[8.524634248210023e-06]
layer_2,112,"[[25, [98, 1, 1, 1, 2]], [27, [1, 1, 4, 1, 1]], [29, [1, 1, 4]], [56, 0], [62, 1], [68, 1], [95, 3]]",[5.184978640676033e-06]
layer_2,113,"[[25, [1, 7, 14, 1, 2]], [27, [1, 2, 1, 2, 1]], [29, [2, 1, 2]], [56, 2], [62, 2], [68, 2], [95, 1]]",[6.790119496327387e-06]
layer_2,114,"[[25, [7, 1, 2, 14, 1]], [27, [1, 1, 1, 4, 1]], [29, [2, 1, 2]], [56, 0], [62, 2], [68, 1], [95, 4]]",[2.0863423508938463e-05]
layer_2,115,"[[25, [28, 7, 1, 1, 1]], [27, [1, 2, 1, 2, 1]], [29, [1, 1, 4]], [56, 2], [62, 1], [68, 1], [95, 4]]",[5.825556664624698e-06]
layer_2,116,"[[25, [7, 1, 1, 14, 2]], [27, [1, 1, 1, 4, 1]], [29, [2, 1, 2]], [56, 0], [62, 2], [68, 0], [95, 4]]",[3.24779655958077e-05]
layer_2,117,"[[25, [7, 2, 1, 7, 2]], [27, [1, 1, 2, 2, 1]], [29, [2, 2, 1]], [56, 1], [62, 1], [68, 0], [95, 3]]",[1.0289135175504107e-05]
layer_2,118,"[[25, [49, 1, 2, 2, 1]], [27, [1, 1, 1, 4, 1]], [29, [1, 2, 2]], [56, 3], [62, 2], [68, 0], [95, 1]]",[10000000000]
layer_2,119,"[[25, [1, 196, 1, 1, 1]], [27, [2, 1, 1, 2, 1]], [29, [1, 1, 4]], [56, 1], [62, 0], [68, 3], [95, 2]]",[4.400288642116437e-06]
layer_2,120,"[[25, [98, 2, 1, 1, 1]], [27, [1, 1, 2, 2, 1]], [29, [2, 2, 1]], [56, 2], [62, 0], [68, 2], [95, 1]]",[4.613001843827786e-06]
layer_2,121,"[[25, [14, 1, 1, 7, 2]], [27, [1, 4, 1, 1, 1]], [29, [1, 4, 1]], [56, 0], [62, 2], [68, 1], [95, 0]]",[9.916115851415962e-06]
layer_2,122,"[[25, [7, 1, 1, 14, 2]], [27, [4, 1, 1, 1, 1]], [29, [2, 1, 2]], [56, 0], [62, 2], [68, 3], [95, 4]]",[1.0447485425710994e-05]
layer_2,123,"[[25, [14, 14, 1, 1, 1]], [27, [1, 2, 1, 2, 1]], [29, [4, 1, 1]], [56, 0], [62, 2], [68, 0], [95, 3]]",[5.4293292252565285e-06]
layer_2,124,"[[25, [1, 49, 1, 2, 2]], [27, [4, 1, 1, 1, 1]], [29, [2, 2, 1]], [56, 2], [62, 2], [68, 1], [95, 4]]",[3.941909931756727e-06]
layer_2,125,"[[25, [1, 14, 1, 14, 1]], [27, [1, 2, 1, 1, 2]], [29, [1, 4, 1]], [56, 1], [62, 0], [68, 1], [95, 1]]",[1.4133059250851306e-05]
layer_2,126,"[[25, [14, 2, 7, 1, 1]], [27, [2, 1, 1, 2, 1]], [29, [2, 2, 1]], [56, 2], [62, 1], [68, 1], [95, 4]]",[4.024514989426545e-06]
layer_2,127,"[[25, [7, 2, 7, 2, 1]], [27, [1, 1, 1, 4, 1]], [29, [1, 1, 4]], [56, 2], [62, 0], [68, 1], [95, 1]]",[1.124378071008164e-05]
layer_2,128,"[[25, [7, 14, 2, 1, 1]], [27, [1, 1, 4, 1, 1]], [29, [2, 2, 1]], [56, 2], [62, 0], [68, 2], [95, 3]]",[3.543069551655381e-06]
layer_2,129,"[[25, [7, 14, 2, 1, 1]], [27, [1, 1, 4, 1, 1]], [29, [2, 2, 1]], [56, 2], [62, 0], [68, 3], [95, 3]]",[3.4131455198879214e-06]
layer_2,130,"[[25, [7, 7, 4, 1, 1]], [27, [1, 1, 2, 1, 2]], [29, [4, 1, 1]], [56, 2], [62, 0], [68, 1], [95, 3]]",[3.6367804387531042e-06]
layer_2,131,"[[25, [7, 7, 4, 1, 1]], [27, [1, 1, 4, 1, 1]], [29, [4, 1, 1]], [56, 2], [62, 0], [68, 1], [95, 3]]",[3.5412314007077605e-06]
layer_2,132,"[[25, [7, 7, 4, 1, 1]], [27, [1, 1, 4, 1, 1]], [29, [4, 1, 1]], [56, 2], [62, 0], [68, 2], [95, 3]]",[3.7649683571298004e-06]
layer_2,133,"[[25, [2, 7, 7, 1, 2]], [27, [2, 2, 1, 1, 1]], [29, [4, 1, 1]], [56, 2], [62, 2], [68, 2], [95, 2]]",[3.4301784986845457e-06]
layer_2,134,"[[25, [7, 14, 2, 1, 1]], [27, [1, 1, 4, 1, 1]], [29, [4, 1, 1]], [56, 2], [62, 0], [68, 3], [95, 3]]",[3.2308235270811046e-06]
layer_2,135,"[[25, [7, 7, 4, 1, 1]], [27, [1, 1, 2, 1, 2]], [29, [4, 1, 1]], [56, 3], [62, 0], [68, 1], [95, 3]]",[10000000000]
layer_2,136,"[[25, [2, 7, 7, 1, 2]], [27, [2, 2, 1, 1, 1]], [29, [4, 1, 1]], [56, 2], [62, 1], [68, 2], [95, 2]]",[4.1176058329332695e-06]
layer_2,137,"[[25, [7, 7, 4, 1, 1]], [27, [1, 1, 2, 1, 2]], [29, [4, 1, 1]], [56, 2], [62, 0], [68, 1], [95, 4]]",[3.5509315850887427e-06]
layer_2,138,"[[25, [1, 49, 4, 1, 1]], [27, [1, 1, 1, 4, 1]], [29, [2, 1, 2]], [56, 2], [62, 1], [68, 3], [95, 0]]",[3.202078583819257e-06]
layer_2,139,"[[25, [7, 7, 4, 1, 1]], [27, [1, 1, 2, 1, 2]], [29, [4, 1, 1]], [56, 1], [62, 0], [68, 1], [95, 3]]",[3.902182859315228e-06]
layer_2,140,"[[25, [7, 7, 4, 1, 1]], [27, [1, 1, 2, 1, 2]], [29, [4, 1, 1]], [56, 3], [62, 0], [68, 2], [95, 3]]",[10000000000]
layer_2,141,"[[25, [7, 7, 4, 1, 1]], [27, [1, 1, 2, 1, 2]], [29, [4, 1, 1]], [56, 2], [62, 0], [68, 0], [95, 3]]",[3.443331869616619e-06]
layer_2,142,"[[25, [7, 7, 4, 1, 1]], [27, [1, 1, 2, 1, 2]], [29, [4, 1, 1]], [56, 3], [62, 1], [68, 1], [95, 3]]",[10000000000]
layer_2,143,"[[25, [1, 49, 4, 1, 1]], [27, [1, 1, 1, 4, 1]], [29, [2, 1, 2]], [56, 2], [62, 1], [68, 1], [95, 0]]",[3.493245486421151e-06]
layer_2,144,"[[25, [1, 14, 7, 2, 1]], [27, [4, 1, 1, 1, 1]], [29, [4, 1, 1]], [56, 2], [62, 2], [68, 0], [95, 3]]",[3.7214511571523033e-06]
layer_2,145,"[[25, [7, 14, 2, 1, 1]], [27, [1, 1, 4, 1, 1]], [29, [2, 2, 1]], [56, 3], [62, 1], [68, 3], [95, 3]]",[10000000000]
layer_2,146,"[[25, [7, 7, 4, 1, 1]], [27, [1, 1, 2, 1, 2]], [29, [2, 1, 2]], [56, 2], [62, 1], [68, 2], [95, 3]]",[3.2119213394719237e-06]
layer_2,147,"[[25, [7, 7, 4, 1, 1]], [27, [1, 1, 2, 1, 2]], [29, [2, 1, 2]], [56, 2], [62, 1], [68, 2], [95, 2]]",[3.6733898428577056e-06]
layer_2,148,"[[25, [7, 7, 4, 1, 1]], [27, [1, 2, 2, 1, 1]], [29, [4, 1, 1]], [56, 2], [62, 2], [68, 1], [95, 4]]",[3.2109057014734146e-06]
layer_2,149,"[[25, [1, 14, 7, 2, 1]], [27, [4, 1, 1, 1, 1]], [29, [4, 1, 1]], [56, 2], [62, 2], [68, 0], [95, 1]]",[3.5701660750935654e-06]
layer_2,150,"[[25, [7, 14, 2, 1, 1]], [27, [1, 1, 4, 1, 1]], [29, [2, 2, 1]], [56, 2], [62, 2], [68, 3], [95, 3]]",[3.5566470786762223e-06]
layer_2,151,"[[25, [49, 4, 1, 1, 1]], [27, [1, 2, 1, 2, 1]], [29, [2, 1, 2]], [56, 2], [62, 2], [68, 3], [95, 0]]",[3.0235031213628187e-06]
layer_2,152,"[[25, [1, 14, 7, 2, 1]], [27, [4, 1, 1, 1, 1]], [29, [4, 1, 1]], [56, 2], [62, 2], [68, 0], [95, 4]]",[3.5812818722246092e-06]
layer_2,153,"[[25, [14, 7, 1, 2, 1]], [27, [1, 1, 2, 2, 1]], [29, [2, 1, 2]], [56, 2], [62, 2], [68, 0], [95, 2]]",[3.455851988611086e-06]
layer_2,154,"[[25, [7, 7, 4, 1, 1]], [27, [1, 1, 2, 1, 2]], [29, [4, 1, 1]], [56, 3], [62, 2], [68, 1], [95, 3]]",[10000000000]
layer_2,155,"[[25, [1, 28, 7, 1, 1]], [27, [1, 4, 1, 1, 1]], [29, [2, 1, 2]], [56, 1], [62, 2], [68, 2], [95, 3]]",[3.6943283728049663e-06]
layer_2,156,"[[25, [1, 14, 7, 2, 1]], [27, [4, 1, 1, 1, 1]], [29, [4, 1, 1]], [56, 2], [62, 2], [68, 2], [95, 3]]",[3.822952835565688e-06]
layer_2,157,"[[25, [28, 7, 1, 1, 1]], [27, [2, 1, 1, 1, 2]], [29, [2, 2, 1]], [56, 2], [62, 1], [68, 1], [95, 1]]",[4.571918225487426e-06]
layer_2,158,"[[25, [1, 28, 7, 1, 1]], [27, [1, 4, 1, 1, 1]], [29, [2, 2, 1]], [56, 1], [62, 2], [68, 1], [95, 3]]",[3.5221988905996247e-06]
layer_2,159,"[[25, [7, 7, 4, 1, 1]], [27, [1, 1, 2, 1, 2]], [29, [4, 1, 1]], [56, 2], [62, 2], [68, 1], [95, 4]]",[3.0402460804960805e-06]
layer_2,160,"[[25, [98, 1, 1, 1, 2]], [27, [1, 2, 1, 1, 2]], [29, [2, 2, 1]], [56, 1], [62, 2], [68, 1], [95, 3]]",[3.508892808949637e-06]
layer_2,161,"[[25, [98, 1, 1, 2, 1]], [27, [1, 2, 1, 1, 2]], [29, [2, 1, 2]], [56, 1], [62, 2], [68, 1], [95, 2]]",[3.6032702576112413e-06]
layer_2,162,"[[25, [1, 28, 7, 1, 1]], [27, [1, 4, 1, 1, 1]], [29, [4, 1, 1]], [56, 1], [62, 1], [68, 1], [95, 4]]",[3.5305382374568697e-06]
layer_2,163,"[[25, [98, 1, 1, 1, 2]], [27, [1, 1, 1, 2, 2]], [29, [2, 2, 1]], [56, 1], [62, 2], [68, 1], [95, 1]]",[3.729265002836075e-06]
layer_2,164,"[[25, [98, 1, 1, 2, 1]], [27, [1, 1, 1, 1, 4]], [29, [2, 2, 1]], [56, 1], [62, 2], [68, 2], [95, 2]]",[3.6522952888327046e-06]
layer_2,165,"[[25, [98, 1, 1, 1, 2]], [27, [1, 1, 1, 2, 2]], [29, [2, 1, 2]], [56, 1], [62, 2], [68, 3], [95, 2]]",[3.7901205258810576e-06]
layer_2,166,"[[25, [7, 7, 4, 1, 1]], [27, [1, 1, 2, 1, 2]], [29, [4, 1, 1]], [56, 2], [62, 0], [68, 3], [95, 1]]",[3.308279393173199e-06]
layer_2,167,"[[25, [1, 98, 2, 1, 1]], [27, [1, 1, 4, 1, 1]], [29, [2, 2, 1]], [56, 2], [62, 0], [68, 1], [95, 0]]",[3.2306912127814088e-06]
layer_2,168,"[[25, [1, 28, 7, 1, 1]], [27, [1, 4, 1, 1, 1]], [29, [2, 1, 2]], [56, 2], [62, 2], [68, 1], [95, 3]]",[3.0105334898702553e-06]
layer_2,169,"[[25, [7, 14, 2, 1, 1]], [27, [1, 1, 2, 1, 2]], [29, [4, 1, 1]], [56, 2], [62, 0], [68, 3], [95, 3]]",[2.8986777550366187e-06]
layer_2,170,"[[25, [98, 1, 1, 1, 2]], [27, [1, 1, 1, 2, 2]], [29, [2, 2, 1]], [56, 1], [62, 2], [68, 1], [95, 0]]",[3.6442178459520515e-06]
layer_2,171,"[[25, [1, 49, 4, 1, 1]], [27, [1, 2, 1, 2, 1]], [29, [4, 1, 1]], [56, 1], [62, 1], [68, 2], [95, 0]]",[3.1911062858995736e-06]
layer_2,172,"[[25, [7, 7, 4, 1, 1]], [27, [1, 1, 2, 1, 2]], [29, [4, 1, 1]], [56, 2], [62, 1], [68, 3], [95, 3]]",[3.1212150409930273e-06]
layer_2,173,"[[25, [2, 14, 7, 1, 1]], [27, [2, 1, 2, 1, 1]], [29, [2, 1, 2]], [56, 2], [62, 1], [68, 2], [95, 4]]",[4.097428891081009e-06]
layer_2,174,"[[25, [98, 1, 1, 2, 1]], [27, [1, 1, 1, 2, 2]], [29, [2, 2, 1]], [56, 1], [62, 2], [68, 1], [95, 3]]",[3.665555795124527e-06]
layer_2,175,"[[25, [98, 1, 1, 1, 2]], [27, [1, 1, 1, 2, 2]], [29, [2, 2, 1]], [56, 1], [62, 2], [68, 1], [95, 3]]",[3.6400889172985364e-06]
layer_2,176,"[[25, [1, 49, 4, 1, 1]], [27, [1, 2, 2, 1, 1]], [29, [1, 4, 1]], [56, 2], [62, 1], [68, 3], [95, 0]]",[3.9854476722285e-06]
layer_2,177,"[[25, [1, 14, 7, 2, 1]], [27, [4, 1, 1, 1, 1]], [29, [4, 1, 1]], [56, 2], [62, 2], [68, 1], [95, 3]]",[3.7957291438428006e-06]
layer_2,178,"[[25, [14, 7, 1, 1, 2]], [27, [1, 1, 1, 4, 1]], [29, [2, 2, 1]], [56, 1], [62, 1], [68, 0], [95, 2]]",[4.3278112669297215e-06]
layer_2,179,"[[25, [2, 7, 7, 1, 2]], [27, [1, 4, 1, 1, 1]], [29, [4, 1, 1]], [56, 2], [62, 2], [68, 1], [95, 2]]",[3.964915370883638e-06]
layer_2,180,"[[25, [98, 1, 1, 1, 2]], [27, [1, 1, 1, 2, 2]], [29, [2, 1, 2]], [56, 2], [62, 2], [68, 3], [95, 2]]",[3.684716319364131e-06]
layer_2,181,"[[25, [14, 7, 1, 1, 2]], [27, [1, 1, 1, 1, 4]], [29, [2, 2, 1]], [56, 1], [62, 1], [68, 0], [95, 0]]",[4.154151568016615e-06]
layer_2,182,"[[25, [14, 7, 1, 1, 2]], [27, [1, 1, 1, 4, 1]], [29, [2, 2, 1]], [56, 1], [62, 1], [68, 0], [95, 0]]",[4.180765012157733e-06]
layer_2,183,"[[25, [7, 7, 2, 1, 2]], [27, [2, 1, 2, 1, 1]], [29, [2, 2, 1]], [56, 1], [62, 2], [68, 1], [95, 2]]",[3.3786990454914703e-06]
layer_2,184,"[[25, [98, 1, 1, 2, 1]], [27, [1, 1, 1, 2, 2]], [29, [2, 2, 1]], [56, 2], [62, 2], [68, 1], [95, 0]]",[3.403762177535651e-06]
layer_2,185,"[[25, [98, 1, 1, 1, 2]], [27, [1, 1, 1, 2, 2]], [29, [2, 2, 1]], [56, 2], [62, 2], [68, 1], [95, 0]]",[3.4440478512098228e-06]
layer_2,186,"[[25, [196, 1, 1, 1, 1]], [27, [1, 2, 1, 1, 2]], [29, [2, 2, 1]], [56, 1], [62, 2], [68, 2], [95, 0]]",[3.365919689578714e-06]
layer_2,187,"[[25, [7, 7, 4, 1, 1]], [27, [1, 2, 1, 1, 2]], [29, [4, 1, 1]], [56, 2], [62, 0], [68, 1], [95, 4]]",[3.703385981272838e-06]
layer_2,188,"[[25, [1, 98, 2, 1, 1]], [27, [1, 2, 2, 1, 1]], [29, [2, 2, 1]], [56, 2], [62, 0], [68, 1], [95, 2]]",[3.915143343108504e-06]
layer_2,189,"[[25, [14, 2, 7, 1, 1]], [27, [1, 2, 1, 1, 2]], [29, [2, 1, 2]], [56, 2], [62, 2], [68, 0], [95, 0]]",[3.949055796872532e-06]
layer_2,190,"[[25, [7, 2, 1, 7, 2]], [27, [1, 2, 2, 1, 1]], [29, [2, 2, 1]], [56, 0], [62, 2], [68, 2], [95, 3]]",[8.733273247033442e-06]
layer_2,191,"[[25, [7, 1, 7, 4, 1]], [27, [2, 1, 2, 1, 1]], [29, [4, 1, 1]], [56, 0], [62, 2], [68, 1], [95, 4]]",[1.1384648063433973e-05]
layer_2,192,"[[25, [7, 14, 2, 1, 1]], [27, [1, 1, 2, 1, 2]], [29, [4, 1, 1]], [56, 2], [62, 0], [68, 1], [95, 3]]",[3.0438947117011325e-06]
layer_2,193,"[[25, [7, 14, 2, 1, 1]], [27, [1, 1, 2, 1, 2]], [29, [4, 1, 1]], [56, 2], [62, 0], [68, 1], [95, 4]]",[3.0340967907341496e-06]
layer_2,194,"[[25, [7, 14, 2, 1, 1]], [27, [1, 1, 2, 2, 1]], [29, [4, 1, 1]], [56, 2], [62, 0], [68, 3], [95, 3]]",[3.17261382901666e-06]
layer_2,195,"[[25, [7, 14, 2, 1, 1]], [27, [1, 1, 2, 1, 2]], [29, [4, 1, 1]], [56, 2], [62, 0], [68, 3], [95, 4]]",[2.9759411472922505e-06]
layer_2,196,"[[25, [1, 28, 7, 1, 1]], [27, [1, 4, 1, 1, 1]], [29, [2, 1, 2]], [56, 2], [62, 2], [68, 1], [95, 0]]",[2.8876994902792184e-06]
layer_2,197,"[[25, [7, 7, 4, 1, 1]], [27, [1, 1, 2, 1, 2]], [29, [4, 1, 1]], [56, 2], [62, 2], [68, 2], [95, 4]]",[2.954638354497757e-06]
layer_2,198,"[[25, [7, 14, 2, 1, 1]], [27, [1, 1, 2, 1, 2]], [29, [4, 1, 1]], [56, 2], [62, 0], [68, 3], [95, 1]]",[3.005916075095336e-06]
layer_2,199,"[[25, [7, 14, 2, 1, 1]], [27, [1, 1, 2, 1, 2]], [29, [4, 1, 1]], [56, 2], [62, 0], [68, 0], [95, 1]]",[3.2522448355946706e-06]
layer_2,200,"[[25, [14, 7, 2, 1, 1]], [27, [1, 1, 2, 1, 2]], [29, [4, 1, 1]], [56, 2], [62, 0], [68, 1], [95, 0]]",[3.0287995095577156e-06]
layer_2,201,"[[25, [7, 7, 4, 1, 1]], [27, [1, 1, 2, 1, 2]], [29, [4, 1, 1]], [56, 2], [62, 2], [68, 3], [95, 4]]",[3.368870658859058e-06]
layer_2,202,"[[25, [49, 4, 1, 1, 1]], [27, [1, 2, 1, 2, 1]], [29, [2, 2, 1]], [56, 2], [62, 2], [68, 3], [95, 0]]",[2.9983643392340067e-06]
layer_2,203,"[[25, [49, 4, 1, 1, 1]], [27, [1, 2, 1, 1, 2]], [29, [2, 1, 2]], [56, 2], [62, 2], [68, 3], [95, 0]]",[3.0482396843336707e-06]
layer_2,204,"[[25, [7, 14, 1, 2, 1]], [27, [1, 1, 4, 1, 1]], [29, [4, 1, 1]], [56, 2], [62, 0], [68, 3], [95, 3]]",[3.5243726515669633e-06]
layer_2,205,"[[25, [1, 98, 2, 1, 1]], [27, [1, 2, 2, 1, 1]], [29, [4, 1, 1]], [56, 3], [62, 0], [68, 3], [95, 0]]",[10000000000]
layer_2,206,"[[25, [14, 7, 2, 1, 1]], [27, [1, 1, 2, 1, 2]], [29, [4, 1, 1]], [56, 2], [62, 0], [68, 1], [95, 4]]",[3.032679486406655e-06]
layer_2,207,"[[25, [7, 14, 1, 2, 1]], [27, [1, 1, 4, 1, 1]], [29, [4, 1, 1]], [56, 2], [62, 0], [68, 3], [95, 2]]",[2.9335251313966945e-06]
layer_2,208,"[[25, [7, 14, 2, 1, 1]], [27, [1, 1, 4, 1, 1]], [29, [4, 1, 1]], [56, 2], [62, 0], [68, 1], [95, 3]]",[3.388092177636679e-06]
layer_2,209,"[[25, [1, 28, 7, 1, 1]], [27, [1, 4, 1, 1, 1]], [29, [2, 1, 2]], [56, 2], [62, 2], [68, 1], [95, 4]]",[3.0662331052620767e-06]
layer_2,210,"[[25, [7, 14, 2, 1, 1]], [27, [1, 1, 4, 1, 1]], [29, [4, 1, 1]], [56, 2], [62, 0], [68, 1], [95, 1]]",[3.1958006387563487e-06]
layer_2,211,"[[25, [7, 14, 2, 1, 1]], [27, [1, 1, 4, 1, 1]], [29, [4, 1, 1]], [56, 2], [62, 0], [68, 1], [95, 0]]",[3.7645669556650246e-06]
layer_2,212,"[[25, [7, 28, 1, 1, 1]], [27, [1, 1, 4, 1, 1]], [29, [4, 1, 1]], [56, 2], [62, 0], [68, 0], [95, 3]]",[3.714155398608433e-06]
layer_2,213,"[[25, [1, 28, 7, 1, 1]], [27, [1, 4, 1, 1, 1]], [29, [2, 2, 1]], [56, 2], [62, 2], [68, 1], [95, 3]]",[2.9348081848337573e-06]
layer_2,214,"[[25, [1, 28, 7, 1, 1]], [27, [1, 4, 1, 1, 1]], [29, [2, 1, 2]], [56, 2], [62, 2], [68, 2], [95, 0]]",[3.012681831671415e-06]
layer_2,215,"[[25, [7, 7, 4, 1, 1]], [27, [1, 1, 2, 1, 2]], [29, [4, 1, 1]], [56, 2], [62, 2], [68, 0], [95, 4]]",[3.185252723656255e-06]
layer_2,216,"[[25, [7, 7, 4, 1, 1]], [27, [1, 2, 2, 1, 1]], [29, [4, 1, 1]], [56, 2], [62, 2], [68, 2], [95, 4]]",[2.928187730989727e-06]
layer_2,217,"[[25, [7, 7, 4, 1, 1]], [27, [1, 1, 2, 1, 2]], [29, [4, 1, 1]], [56, 3], [62, 2], [68, 2], [95, 4]]",[10000000000]
layer_2,218,"[[25, [1, 28, 7, 1, 1]], [27, [1, 4, 1, 1, 1]], [29, [2, 1, 2]], [56, 2], [62, 1], [68, 1], [95, 3]]",[3.4341507281553396e-06]
layer_2,219,"[[25, [7, 14, 2, 1, 1]], [27, [1, 1, 4, 1, 1]], [29, [4, 1, 1]], [56, 2], [62, 0], [68, 2], [95, 3]]",[3.0430848468565286e-06]
layer_2,220,"[[25, [7, 7, 4, 1, 1]], [27, [1, 1, 2, 2, 1]], [29, [4, 1, 1]], [56, 2], [62, 2], [68, 1], [95, 0]]",[2.9539866493120115e-06]
layer_2,221,"[[25, [7, 7, 4, 1, 1]], [27, [1, 1, 2, 1, 2]], [29, [4, 1, 1]], [56, 2], [62, 2], [68, 1], [95, 0]]",[2.9266128554448204e-06]
layer_2,222,"[[25, [7, 14, 2, 1, 1]], [27, [1, 1, 4, 1, 1]], [29, [2, 2, 1]], [56, 2], [62, 0], [68, 1], [95, 1]]",[2.9151332076566124e-06]
layer_2,223,"[[25, [7, 7, 4, 1, 1]], [27, [1, 1, 2, 1, 2]], [29, [4, 1, 1]], [56, 1], [62, 2], [68, 2], [95, 4]]",[3.4069463245864092e-06]
layer_2,224,"[[25, [49, 4, 1, 1, 1]], [27, [1, 2, 1, 2, 1]], [29, [2, 1, 2]], [56, 2], [62, 1], [68, 3], [95, 0]]",[3.1467862492133423e-06]
layer_2,225,"[[25, [7, 7, 4, 1, 1]], [27, [1, 2, 2, 1, 1]], [29, [4, 1, 1]], [56, 2], [62, 2], [68, 0], [95, 4]]",[2.8561880144489844e-06]
layer_2,226,"[[25, [7, 7, 4, 1, 1]], [27, [1, 1, 2, 2, 1]], [29, [4, 1, 1]], [56, 2], [62, 1], [68, 3], [95, 3]]",[2.9763985278963644e-06]
layer_2,227,"[[25, [7, 14, 2, 1, 1]], [27, [1, 1, 4, 1, 1]], [29, [4, 1, 1]], [56, 2], [62, 2], [68, 2], [95, 3]]",[3.0665964621653528e-06]
layer_2,228,"[[25, [49, 4, 1, 1, 1]], [27, [1, 4, 1, 1, 1]], [29, [2, 1, 2]], [56, 2], [62, 2], [68, 3], [95, 0]]",[3.0618076849878195e-06]
layer_2,229,"[[25, [7, 28, 1, 1, 1]], [27, [1, 1, 4, 1, 1]], [29, [4, 1, 1]], [56, 2], [62, 0], [68, 3], [95, 3]]",[3.485354337881458e-06]
layer_2,230,"[[25, [7, 7, 4, 1, 1]], [27, [1, 2, 2, 1, 1]], [29, [2, 1, 2]], [56, 2], [62, 2], [68, 1], [95, 4]]",[2.963281804061777e-06]
layer_2,231,"[[25, [49, 4, 1, 1, 1]], [27, [1, 2, 1, 2, 1]], [29, [4, 1, 1]], [56, 2], [62, 2], [68, 3], [95, 0]]",[3.435936465973051e-06]
layer_2,232,"[[25, [7, 14, 2, 1, 1]], [27, [1, 1, 4, 1, 1]], [29, [4, 1, 1]], [56, 2], [62, 1], [68, 1], [95, 1]]",[3.031196176048971e-06]
layer_2,233,"[[25, [7, 7, 4, 1, 1]], [27, [1, 2, 2, 1, 1]], [29, [4, 1, 1]], [56, 2], [62, 2], [68, 0], [95, 0]]",[2.9433969645770218e-06]
layer_2,234,"[[25, [14, 14, 1, 1, 1]], [27, [1, 1, 4, 1, 1]], [29, [4, 1, 1]], [56, 2], [62, 0], [68, 3], [95, 3]]",[3.171155360703998e-06]
layer_2,235,"[[25, [7, 7, 4, 1, 1]], [27, [1, 1, 2, 1, 2]], [29, [4, 1, 1]], [56, 1], [62, 2], [68, 3], [95, 4]]",[3.3639945510802e-06]
layer_2,236,"[[25, [7, 7, 4, 1, 1]], [27, [2, 1, 2, 1, 1]], [29, [4, 1, 1]], [56, 2], [62, 1], [68, 1], [95, 3]]",[2.935748864069416e-06]
layer_2,237,"[[25, [7, 7, 4, 1, 1]], [27, [1, 1, 2, 1, 2]], [29, [4, 1, 1]], [56, 2], [62, 1], [68, 0], [95, 3]]",[3.057521033232813e-06]
layer_2,238,"[[25, [7, 7, 4, 1, 1]], [27, [2, 1, 1, 2, 1]], [29, [4, 1, 1]], [56, 2], [62, 2], [68, 3], [95, 4]]",[3.213024383926589e-06]
layer_2,239,"[[25, [7, 7, 4, 1, 1]], [27, [2, 1, 1, 1, 2]], [29, [4, 1, 1]], [56, 2], [62, 2], [68, 3], [95, 4]]",[2.925924366017424e-06]
layer_2,240,"[[25, [1, 98, 2, 1, 1]], [27, [1, 1, 4, 1, 1]], [29, [2, 2, 1]], [56, 2], [62, 0], [68, 1], [95, 3]]",[2.936860902582534e-06]
layer_2,241,"[[25, [1, 28, 7, 1, 1]], [27, [1, 4, 1, 1, 1]], [29, [2, 1, 2]], [56, 1], [62, 2], [68, 1], [95, 0]]",[3.4912512016965125e-06]
layer_2,242,"[[25, [7, 7, 4, 1, 1]], [27, [1, 1, 2, 1, 2]], [29, [4, 1, 1]], [56, 2], [62, 1], [68, 1], [95, 3]]",[3.0048618281471002e-06]
layer_2,243,"[[25, [7, 14, 2, 1, 1]], [27, [1, 1, 4, 1, 1]], [29, [4, 1, 1]], [56, 3], [62, 0], [68, 1], [95, 3]]",[10000000000]
layer_2,244,"[[25, [7, 14, 2, 1, 1]], [27, [1, 1, 4, 1, 1]], [29, [2, 2, 1]], [56, 2], [62, 2], [68, 1], [95, 3]]",[2.89094424684829e-06]
layer_2,245,"[[25, [2, 7, 7, 2, 1]], [27, [4, 1, 1, 1, 1]], [29, [4, 1, 1]], [56, 2], [62, 2], [68, 0], [95, 3]]",[3.6742980679753622e-06]
layer_2,246,"[[25, [1, 49, 4, 1, 1]], [27, [1, 1, 1, 4, 1]], [29, [2, 2, 1]], [56, 2], [62, 1], [68, 2], [95, 0]]",[3.4838778065810925e-06]
layer_2,247,"[[25, [1, 49, 4, 1, 1]], [27, [1, 1, 1, 4, 1]], [29, [2, 1, 2]], [56, 2], [62, 1], [68, 2], [95, 0]]",[3.3343796138557636e-06]
layer_2,248,"[[25, [1, 98, 2, 1, 1]], [27, [1, 1, 4, 1, 1]], [29, [2, 2, 1]], [56, 1], [62, 0], [68, 1], [95, 0]]",[3.4619022157584053e-06]
layer_2,249,"[[25, [7, 7, 4, 1, 1]], [27, [1, 1, 2, 1, 2]], [29, [2, 1, 2]], [56, 2], [62, 1], [68, 1], [95, 3]]",[3.5699307270777907e-06]
layer_2,250,"[[25, [7, 7, 4, 1, 1]], [27, [1, 1, 2, 1, 2]], [29, [2, 2, 1]], [56, 2], [62, 1], [68, 2], [95, 3]]",[3.515399140483632e-06]
layer_2,251,"[[25, [7, 7, 4, 1, 1]], [27, [1, 1, 2, 2, 1]], [29, [2, 2, 1]], [56, 2], [62, 1], [68, 2], [95, 3]]",[3.4258806704212312e-06]
layer_2,252,"[[25, [7, 7, 4, 1, 1]], [27, [2, 1, 1, 1, 2]], [29, [4, 1, 1]], [56, 2], [62, 2], [68, 3], [95, 1]]",[3.2397235315300893e-06]
layer_2,253,"[[25, [14, 1, 7, 2, 1]], [27, [1, 1, 1, 2, 2]], [29, [2, 1, 2]], [56, 3], [62, 1], [68, 3], [95, 0]]",[10000000000]
layer_2,254,"[[25, [28, 1, 7, 1, 1]], [27, [2, 1, 1, 2, 1]], [29, [2, 2, 1]], [56, 0], [62, 1], [68, 3], [95, 0]]",[6.176452230029022e-06]
layer_2,255,"[[25, [7, 7, 4, 1, 1]], [27, [1, 2, 2, 1, 1]], [29, [2, 2, 1]], [56, 0], [62, 0], [68, 1], [95, 0]]",[6.308747214281548e-06]
layer_2,256,"[[25, [7, 7, 4, 1, 1]], [27, [1, 2, 1, 1, 2]], [29, [4, 1, 1]], [56, 3], [62, 2], [68, 3], [95, 4]]",[10000000000]
layer_2,257,"[[25, [7, 7, 4, 1, 1]], [27, [1, 1, 2, 1, 2]], [29, [4, 1, 1]], [56, 3], [62, 1], [68, 2], [95, 0]]",[10000000000]
layer_2,258,"[[25, [7, 7, 4, 1, 1]], [27, [1, 2, 2, 1, 1]], [29, [4, 1, 1]], [56, 3], [62, 2], [68, 2], [95, 4]]",[10000000000]
layer_2,259,"[[25, [7, 7, 4, 1, 1]], [27, [1, 1, 2, 1, 2]], [29, [4, 1, 1]], [56, 2], [62, 2], [68, 2], [95, 0]]",[3.1354954323614068e-06]
layer_2,260,"[[25, [7, 7, 4, 1, 1]], [27, [1, 1, 2, 2, 1]], [29, [4, 1, 1]], [56, 3], [62, 2], [68, 1], [95, 0]]",[10000000000]
layer_2,261,"[[25, [7, 7, 4, 1, 1]], [27, [1, 1, 2, 1, 2]], [29, [4, 1, 1]], [56, 3], [62, 1], [68, 2], [95, 3]]",[10000000000]
layer_2,262,"[[25, [7, 7, 4, 1, 1]], [27, [1, 1, 2, 2, 1]], [29, [4, 1, 1]], [56, 3], [62, 2], [68, 3], [95, 0]]",[10000000000]
layer_2,263,"[[25, [7, 7, 4, 1, 1]], [27, [1, 2, 2, 1, 1]], [29, [4, 1, 1]], [56, 2], [62, 2], [68, 0], [95, 3]]",[2.9406865898146797e-06]
layer_2,264,"[[25, [7, 7, 4, 1, 1]], [27, [2, 1, 2, 1, 1]], [29, [4, 1, 1]], [56, 3], [62, 2], [68, 3], [95, 0]]",[10000000000]
layer_2,265,"[[25, [7, 14, 2, 1, 1]], [27, [1, 1, 4, 1, 1]], [29, [2, 1, 2]], [56, 2], [62, 0], [68, 1], [95, 2]]",[3.278545919436643e-06]
layer_2,266,"[[25, [1, 98, 2, 1, 1]], [27, [1, 1, 4, 1, 1]], [29, [2, 2, 1]], [56, 3], [62, 0], [68, 1], [95, 3]]",[10000000000]
layer_2,267,"[[25, [7, 7, 4, 1, 1]], [27, [2, 1, 2, 1, 1]], [29, [4, 1, 1]], [56, 2], [62, 2], [68, 0], [95, 4]]",[3.575449118403207e-06]
layer_2,268,"[[25, [7, 14, 2, 1, 1]], [27, [1, 1, 2, 1, 2]], [29, [4, 1, 1]], [56, 2], [62, 0], [68, 3], [95, 2]]",[3.083013917617162e-06]
layer_2,269,"[[25, [7, 14, 2, 1, 1]], [27, [1, 1, 4, 1, 1]], [29, [4, 1, 1]], [56, 3], [62, 1], [68, 3], [95, 1]]",[10000000000]
layer_2,270,"[[25, [49, 4, 1, 1, 1]], [27, [1, 2, 1, 1, 2]], [29, [2, 1, 2]], [56, 1], [62, 2], [68, 2], [95, 0]]",[3.4376810164083862e-06]
layer_2,271,"[[25, [7, 7, 4, 1, 1]], [27, [2, 1, 2, 1, 1]], [29, [4, 1, 1]], [56, 2], [62, 1], [68, 3], [95, 4]]",[2.8045266619201082e-06]
layer_2,272,"[[25, [7, 14, 2, 1, 1]], [27, [1, 1, 2, 1, 2]], [29, [4, 1, 1]], [56, 2], [62, 2], [68, 3], [95, 2]]",[2.9623419839205486e-06]
layer_2,273,"[[25, [14, 7, 2, 1, 1]], [27, [1, 1, 2, 1, 2]], [29, [4, 1, 1]], [56, 2], [62, 0], [68, 3], [95, 2]]",[3.2988911252837524e-06]
layer_2,274,"[[25, [7, 7, 4, 1, 1]], [27, [1, 2, 1, 1, 2]], [29, [4, 1, 1]], [56, 2], [62, 2], [68, 3], [95, 4]]",[3.2523824087532297e-06]
layer_2,275,"[[25, [7, 7, 4, 1, 1]], [27, [1, 1, 2, 1, 2]], [29, [4, 1, 1]], [56, 2], [62, 2], [68, 0], [95, 0]]",[3.4035428728090903e-06]
layer_2,276,"[[25, [7, 7, 4, 1, 1]], [27, [1, 1, 2, 1, 2]], [29, [4, 1, 1]], [56, 2], [62, 1], [68, 2], [95, 3]]",[3.1386687092129047e-06]
layer_2,277,"[[25, [7, 7, 4, 1, 1]], [27, [1, 1, 2, 1, 2]], [29, [4, 1, 1]], [56, 2], [62, 1], [68, 2], [95, 4]]",[3.0033609508208926e-06]
layer_2,278,"[[25, [7, 7, 4, 1, 1]], [27, [1, 2, 2, 1, 1]], [29, [4, 1, 1]], [56, 2], [62, 2], [68, 3], [95, 4]]",[2.998789939160113e-06]
layer_2,279,"[[25, [7, 14, 2, 1, 1]], [27, [1, 1, 4, 1, 1]], [29, [4, 1, 1]], [56, 2], [62, 1], [68, 0], [95, 1]]",[3.006646243990385e-06]
layer_2,280,"[[25, [7, 7, 4, 1, 1]], [27, [2, 1, 1, 2, 1]], [29, [4, 1, 1]], [56, 3], [62, 2], [68, 3], [95, 4]]",[10000000000]
layer_2,281,"[[25, [7, 14, 2, 1, 1]], [27, [1, 1, 4, 1, 1]], [29, [2, 2, 1]], [56, 2], [62, 1], [68, 1], [95, 3]]",[3.002971458333333e-06]
layer_2,282,"[[25, [1, 98, 2, 1, 1]], [27, [1, 1, 4, 1, 1]], [29, [2, 2, 1]], [56, 2], [62, 0], [68, 1], [95, 4]]",[3.2273904816302466e-06]
layer_2,283,"[[25, [7, 7, 4, 1, 1]], [27, [1, 1, 2, 1, 2]], [29, [4, 1, 1]], [56, 2], [62, 2], [68, 2], [95, 2]]",[3.2794025742146882e-06]
layer_2,284,"[[25, [7, 14, 2, 1, 1]], [27, [1, 1, 2, 1, 2]], [29, [4, 1, 1]], [56, 2], [62, 2], [68, 3], [95, 4]]",[2.9592355690996777e-06]
layer_2,285,"[[25, [7, 7, 4, 1, 1]], [27, [2, 1, 2, 1, 1]], [29, [4, 1, 1]], [56, 2], [62, 2], [68, 2], [95, 4]]",[2.9473916770438155e-06]
layer_2,286,"[[25, [7, 7, 4, 1, 1]], [27, [1, 2, 2, 1, 1]], [29, [4, 1, 1]], [56, 3], [62, 1], [68, 2], [95, 3]]",[10000000000]
layer_2,287,"[[25, [7, 14, 2, 1, 1]], [27, [1, 1, 2, 1, 2]], [29, [4, 1, 1]], [56, 2], [62, 2], [68, 3], [95, 1]]",[3.103426556594016e-06]
layer_2,288,"[[25, [7, 7, 4, 1, 1]], [27, [2, 1, 2, 1, 1]], [29, [4, 1, 1]], [56, 2], [62, 2], [68, 1], [95, 4]]",[3.434173830368069e-06]
layer_2,289,"[[25, [7, 14, 2, 1, 1]], [27, [1, 1, 4, 1, 1]], [29, [2, 2, 1]], [56, 2], [62, 2], [68, 1], [95, 1]]",[3.245282147479788e-06]
layer_2,290,"[[25, [7, 7, 4, 1, 1]], [27, [2, 1, 2, 1, 1]], [29, [4, 1, 1]], [56, 2], [62, 2], [68, 3], [95, 4]]",[2.793358688512626e-06]
layer_2,291,"[[25, [7, 14, 2, 1, 1]], [27, [1, 1, 2, 2, 1]], [29, [4, 1, 1]], [56, 2], [62, 0], [68, 2], [95, 1]]",[3.3406575943146594e-06]
layer_2,292,"[[25, [7, 7, 4, 1, 1]], [27, [2, 1, 1, 2, 1]], [29, [4, 1, 1]], [56, 2], [62, 2], [68, 0], [95, 4]]",[3.3306926901754587e-06]
layer_2,293,"[[25, [7, 14, 2, 1, 1]], [27, [1, 1, 2, 2, 1]], [29, [4, 1, 1]], [56, 2], [62, 0], [68, 3], [95, 1]]",[3.0516796562279254e-06]
layer_2,294,"[[25, [7, 14, 2, 1, 1]], [27, [1, 1, 4, 1, 1]], [29, [4, 1, 1]], [56, 2], [62, 2], [68, 0], [95, 1]]",[3.9541213057829164e-06]
layer_2,295,"[[25, [7, 7, 4, 1, 1]], [27, [1, 2, 2, 1, 1]], [29, [4, 1, 1]], [56, 1], [62, 2], [68, 0], [95, 0]]",[2.9950271605677666e-06]
layer_2,296,"[[25, [7, 14, 2, 1, 1]], [27, [1, 1, 4, 1, 1]], [29, [2, 1, 2]], [56, 2], [62, 2], [68, 1], [95, 3]]",[3.2562686015722817e-06]
layer_2,297,"[[25, [7, 7, 4, 1, 1]], [27, [1, 1, 2, 1, 2]], [29, [4, 1, 1]], [56, 3], [62, 2], [68, 0], [95, 1]]",[10000000000]
layer_2,298,"[[25, [7, 14, 2, 1, 1]], [27, [1, 1, 4, 1, 1]], [29, [4, 1, 1]], [56, 3], [62, 2], [68, 3], [95, 1]]",[10000000000]
layer_2,299,"[[25, [7, 7, 4, 1, 1]], [27, [2, 1, 2, 1, 1]], [29, [4, 1, 1]], [56, 3], [62, 2], [68, 3], [95, 4]]",[10000000000]
layer_2,300,"[[25, [1, 28, 7, 1, 1]], [27, [1, 4, 1, 1, 1]], [29, [2, 2, 1]], [56, 2], [62, 2], [68, 2], [95, 0]]",[2.9555434890294005e-06]
layer_2,301,"[[25, [7, 7, 4, 1, 1]], [27, [1, 2, 1, 1, 2]], [29, [4, 1, 1]], [56, 1], [62, 2], [68, 0], [95, 4]]",[3.251264217459876e-06]
layer_2,302,"[[25, [7, 7, 4, 1, 1]], [27, [1, 2, 1, 1, 2]], [29, [4, 1, 1]], [56, 2], [62, 2], [68, 3], [95, 1]]",[2.952583236321304e-06]
layer_2,303,"[[25, [1, 98, 2, 1, 1]], [27, [1, 1, 4, 1, 1]], [29, [2, 2, 1]], [56, 3], [62, 0], [68, 1], [95, 4]]",[10000000000]
layer_2,304,"[[25, [14, 7, 2, 1, 1]], [27, [1, 1, 2, 1, 2]], [29, [4, 1, 1]], [56, 2], [62, 2], [68, 1], [95, 0]]",[3.395822922625528e-06]
layer_2,305,"[[25, [7, 7, 4, 1, 1]], [27, [1, 1, 2, 1, 2]], [29, [4, 1, 1]], [56, 2], [62, 1], [68, 1], [95, 0]]",[2.9621564033706825e-06]
layer_2,306,"[[25, [14, 2, 7, 1, 1]], [27, [1, 4, 1, 1, 1]], [29, [2, 1, 2]], [56, 2], [62, 2], [68, 1], [95, 0]]",[2.8816858810786993e-06]
layer_2,307,"[[25, [49, 4, 1, 1, 1]], [27, [1, 2, 1, 2, 1]], [29, [2, 1, 2]], [56, 2], [62, 2], [68, 2], [95, 0]]",[3.0521860291012397e-06]
layer_2,308,"[[25, [49, 4, 1, 1, 1]], [27, [1, 2, 1, 1, 2]], [29, [2, 1, 2]], [56, 2], [62, 2], [68, 2], [95, 0]]",[3.3852677778466237e-06]
layer_2,309,"[[25, [7, 14, 1, 2, 1]], [27, [1, 1, 4, 1, 1]], [29, [4, 1, 1]], [56, 2], [62, 2], [68, 3], [95, 2]]",[3.296160422343324e-06]
layer_2,310,"[[25, [14, 7, 2, 1, 1]], [27, [1, 1, 2, 1, 2]], [29, [4, 1, 1]], [56, 2], [62, 2], [68, 3], [95, 0]]",[2.933552577741408e-06]
layer_2,311,"[[25, [7, 7, 4, 1, 1]], [27, [1, 1, 2, 2, 1]], [29, [4, 1, 1]], [56, 3], [62, 1], [68, 1], [95, 3]]",[10000000000]
layer_2,312,"[[25, [7, 7, 4, 1, 1]], [27, [1, 1, 2, 1, 2]], [29, [4, 1, 1]], [56, 2], [62, 2], [68, 2], [95, 1]]",[2.9398515031529546e-06]
layer_2,313,"[[25, [7, 7, 4, 1, 1]], [27, [1, 1, 2, 2, 1]], [29, [4, 1, 1]], [56, 3], [62, 1], [68, 3], [95, 3]]",[10000000000]
layer_2,314,"[[25, [7, 7, 4, 1, 1]], [27, [2, 1, 1, 2, 1]], [29, [4, 1, 1]], [56, 2], [62, 2], [68, 2], [95, 4]]",[2.896933223908083e-06]
layer_2,315,"[[25, [7, 7, 4, 1, 1]], [27, [1, 1, 2, 1, 2]], [29, [4, 1, 1]], [56, 2], [62, 1], [68, 0], [95, 4]]",[3.0909601817264006e-06]
layer_2,316,"[[25, [1, 28, 7, 1, 1]], [27, [1, 4, 1, 1, 1]], [29, [2, 1, 2]], [56, 2], [62, 2], [68, 3], [95, 4]]",[3.3596373380229543e-06]
layer_2,317,"[[25, [49, 1, 2, 2, 1]], [27, [1, 1, 1, 4, 1]], [29, [1, 2, 2]], [56, 2], [62, 0], [68, 0], [95, 0]]",[4.54120001816283e-06]
layer_2,318,"[[25, [1, 196, 1, 1, 1]], [27, [1, 1, 1, 4, 1]], [29, [4, 1, 1]], [56, 2], [62, 1], [68, 1], [95, 2]]",[6.415890205624239e-06]
layer_2,319,"[[25, [98, 1, 2, 1, 1]], [27, [1, 4, 1, 1, 1]], [29, [4, 1, 1]], [56, 0], [62, 0], [68, 1], [95, 3]]",[5.913267823862598e-06]
layer_2,320,"[[25, [7, 7, 4, 1, 1]], [27, [4, 1, 1, 1, 1]], [29, [4, 1, 1]], [56, 2], [62, 2], [68, 3], [95, 4]]",[3.036741072225031e-06]
layer_2,321,"[[25, [7, 7, 4, 1, 1]], [27, [2, 1, 2, 1, 1]], [29, [4, 1, 1]], [56, 2], [62, 1], [68, 3], [95, 3]]",[2.833895765293017e-06]
layer_2,322,"[[25, [7, 7, 4, 1, 1]], [27, [2, 1, 2, 1, 1]], [29, [4, 1, 1]], [56, 3], [62, 1], [68, 3], [95, 4]]",[10000000000]
layer_2,323,"[[25, [7, 7, 4, 1, 1]], [27, [2, 1, 2, 1, 1]], [29, [4, 1, 1]], [56, 2], [62, 1], [68, 3], [95, 2]]",[3.5710912988422578e-06]
layer_2,324,"[[25, [7, 7, 4, 1, 1]], [27, [2, 1, 2, 1, 1]], [29, [4, 1, 1]], [56, 2], [62, 1], [68, 2], [95, 3]]",[3.0295898871828287e-06]
layer_2,325,"[[25, [7, 7, 4, 1, 1]], [27, [2, 1, 2, 1, 1]], [29, [4, 1, 1]], [56, 2], [62, 2], [68, 3], [95, 1]]",[3.0244499670244016e-06]
layer_2,326,"[[25, [7, 7, 4, 1, 1]], [27, [2, 1, 2, 1, 1]], [29, [4, 1, 1]], [56, 2], [62, 1], [68, 1], [95, 0]]",[3.3728792797309435e-06]
layer_2,327,"[[25, [7, 7, 4, 1, 1]], [27, [1, 2, 2, 1, 1]], [29, [4, 1, 1]], [56, 2], [62, 2], [68, 3], [95, 3]]",[3.3969440500240498e-06]
layer_2,328,"[[25, [7, 7, 4, 1, 1]], [27, [1, 2, 2, 1, 1]], [29, [4, 1, 1]], [56, 2], [62, 1], [68, 0], [95, 4]]",[3.0078810955981088e-06]
layer_2,329,"[[25, [7, 7, 4, 1, 1]], [27, [2, 1, 2, 1, 1]], [29, [4, 1, 1]], [56, 2], [62, 2], [68, 2], [95, 3]]",[3.5336204214609894e-06]
layer_2,330,"[[25, [7, 7, 4, 1, 1]], [27, [1, 2, 2, 1, 1]], [29, [4, 1, 1]], [56, 2], [62, 2], [68, 2], [95, 3]]",[2.927195839391567e-06]
layer_2,331,"[[25, [7, 7, 4, 1, 1]], [27, [1, 1, 2, 1, 2]], [29, [4, 1, 1]], [56, 3], [62, 1], [68, 1], [95, 0]]",[10000000000]
layer_2,332,"[[25, [7, 4, 7, 1, 1]], [27, [1, 2, 1, 1, 2]], [29, [2, 1, 2]], [56, 2], [62, 1], [68, 3], [95, 0]]",[3.776256136243486e-06]
layer_2,333,"[[25, [7, 7, 4, 1, 1]], [27, [1, 2, 2, 1, 1]], [29, [4, 1, 1]], [56, 3], [62, 2], [68, 3], [95, 4]]",[10000000000]
layer_2,334,"[[25, [7, 14, 2, 1, 1]], [27, [1, 1, 2, 1, 2]], [29, [4, 1, 1]], [56, 2], [62, 1], [68, 3], [95, 2]]",[3.1309722878519395e-06]
layer_2,335,"[[25, [7, 7, 4, 1, 1]], [27, [2, 1, 2, 1, 1]], [29, [4, 1, 1]], [56, 2], [62, 1], [68, 2], [95, 2]]",[2.9676402937100056e-06]
layer_2,336,"[[25, [7, 7, 4, 1, 1]], [27, [2, 1, 1, 1, 2]], [29, [4, 1, 1]], [56, 3], [62, 2], [68, 2], [95, 4]]",[10000000000]
layer_2,337,"[[25, [7, 7, 4, 1, 1]], [27, [2, 1, 1, 2, 1]], [29, [4, 1, 1]], [56, 3], [62, 2], [68, 2], [95, 4]]",[10000000000]
layer_2,338,"[[25, [7, 7, 4, 1, 1]], [27, [2, 1, 1, 2, 1]], [29, [4, 1, 1]], [56, 3], [62, 2], [68, 2], [95, 0]]",[10000000000]
layer_2,339,"[[25, [7, 7, 4, 1, 1]], [27, [2, 1, 2, 1, 1]], [29, [4, 1, 1]], [56, 1], [62, 1], [68, 3], [95, 3]]",[3.2483958669385525e-06]
layer_2,340,"[[25, [7, 7, 4, 1, 1]], [27, [1, 2, 2, 1, 1]], [29, [4, 1, 1]], [56, 2], [62, 2], [68, 3], [95, 2]]",[2.887050702859913e-06]
layer_2,341,"[[25, [7, 7, 4, 1, 1]], [27, [2, 1, 1, 1, 2]], [29, [4, 1, 1]], [56, 2], [62, 1], [68, 2], [95, 4]]",[3.2901466509900524e-06]
layer_2,342,"[[25, [7, 14, 2, 1, 1]], [27, [1, 1, 2, 1, 2]], [29, [4, 1, 1]], [56, 2], [62, 1], [68, 1], [95, 4]]",[3.199475190178043e-06]
layer_2,343,"[[25, [7, 14, 2, 1, 1]], [27, [1, 1, 2, 1, 2]], [29, [4, 1, 1]], [56, 2], [62, 1], [68, 1], [95, 2]]",[2.9140164866949476e-06]
layer_2,344,"[[25, [7, 7, 4, 1, 1]], [27, [1, 1, 2, 1, 2]], [29, [4, 1, 1]], [56, 3], [62, 1], [68, 2], [95, 4]]",[10000000000]
layer_2,345,"[[25, [14, 7, 2, 1, 1]], [27, [1, 1, 2, 1, 2]], [29, [4, 1, 1]], [56, 2], [62, 1], [68, 3], [95, 0]]",[3.5709995155821092e-06]
layer_2,346,"[[25, [1, 196, 1, 1, 1]], [27, [1, 1, 4, 1, 1]], [29, [2, 1, 2]], [56, 2], [62, 2], [68, 3], [95, 0]]",[3.109141965582229e-06]
layer_2,347,"[[25, [7, 14, 2, 1, 1]], [27, [1, 1, 4, 1, 1]], [29, [4, 1, 1]], [56, 2], [62, 1], [68, 3], [95, 1]]",[2.9536692111212235e-06]
layer_2,348,"[[25, [7, 7, 4, 1, 1]], [27, [1, 2, 2, 1, 1]], [29, [4, 1, 1]], [56, 2], [62, 2], [68, 1], [95, 0]]",[2.903211984629164e-06]
layer_2,349,"[[25, [7, 14, 2, 1, 1]], [27, [1, 1, 4, 1, 1]], [29, [2, 2, 1]], [56, 3], [62, 1], [68, 1], [95, 4]]",[10000000000]
layer_2,350,"[[25, [1, 196, 1, 1, 1]], [27, [1, 1, 4, 1, 1]], [29, [2, 1, 2]], [56, 2], [62, 2], [68, 2], [95, 0]]",[2.9009921688891324e-06]
layer_2,351,"[[25, [7, 7, 4, 1, 1]], [27, [2, 1, 1, 1, 2]], [29, [4, 1, 1]], [56, 3], [62, 2], [68, 3], [95, 4]]",[10000000000]
layer_2,352,"[[25, [7, 7, 4, 1, 1]], [27, [1, 2, 2, 1, 1]], [29, [4, 1, 1]], [56, 1], [62, 2], [68, 3], [95, 0]]",[2.9190785218051256e-06]
layer_2,353,"[[25, [7, 7, 4, 1, 1]], [27, [1, 2, 1, 1, 2]], [29, [4, 1, 1]], [56, 2], [62, 2], [68, 2], [95, 0]]",[2.948295303955325e-06]
layer_2,354,"[[25, [7, 7, 4, 1, 1]], [27, [2, 1, 2, 1, 1]], [29, [4, 1, 1]], [56, 3], [62, 2], [68, 2], [95, 4]]",[10000000000]
layer_2,355,"[[25, [1, 196, 1, 1, 1]], [27, [1, 1, 4, 1, 1]], [29, [2, 1, 2]], [56, 2], [62, 1], [68, 2], [95, 0]]",[3.3440673866476257e-06]
layer_2,356,"[[25, [14, 7, 2, 1, 1]], [27, [1, 1, 2, 1, 2]], [29, [2, 2, 1]], [56, 2], [62, 2], [68, 1], [95, 4]]",[2.9109771843251086e-06]
layer_2,357,"[[25, [7, 7, 4, 1, 1]], [27, [1, 2, 2, 1, 1]], [29, [4, 1, 1]], [56, 2], [62, 2], [68, 0], [95, 2]]",[2.97994713528006e-06]
layer_2,358,"[[25, [7, 14, 2, 1, 1]], [27, [1, 1, 4, 1, 1]], [29, [2, 2, 1]], [56, 3], [62, 0], [68, 1], [95, 1]]",[10000000000]
layer_2,359,"[[25, [7, 7, 4, 1, 1]], [27, [1, 1, 2, 1, 2]], [29, [4, 1, 1]], [56, 3], [62, 2], [68, 2], [95, 0]]",[10000000000]
layer_2,360,"[[25, [7, 7, 4, 1, 1]], [27, [1, 2, 2, 1, 1]], [29, [1, 1, 4]], [56, 2], [62, 2], [68, 1], [95, 4]]",[3.2514505724974493e-06]
layer_2,361,"[[25, [1, 98, 2, 1, 1]], [27, [1, 1, 4, 1, 1]], [29, [2, 1, 2]], [56, 2], [62, 0], [68, 1], [95, 3]]",[2.968565307649149e-06]
layer_2,362,"[[25, [7, 7, 4, 1, 1]], [27, [1, 2, 1, 1, 2]], [29, [4, 1, 1]], [56, 2], [62, 2], [68, 2], [95, 1]]",[3.8281260367071106e-06]
layer_2,363,"[[25, [7, 14, 2, 1, 1]], [27, [1, 1, 4, 1, 1]], [29, [2, 2, 1]], [56, 2], [62, 1], [68, 1], [95, 4]]",[2.8183321770880875e-06]
layer_2,364,"[[25, [1, 98, 2, 1, 1]], [27, [1, 1, 4, 1, 1]], [29, [2, 1, 2]], [56, 3], [62, 0], [68, 1], [95, 3]]",[10000000000]
layer_2,365,"[[25, [7, 7, 4, 1, 1]], [27, [1, 2, 2, 1, 1]], [29, [4, 1, 1]], [56, 1], [62, 2], [68, 3], [95, 4]]",[2.961580725388601e-06]
layer_2,366,"[[25, [14, 7, 2, 1, 1]], [27, [1, 1, 2, 1, 2]], [29, [4, 1, 1]], [56, 2], [62, 0], [68, 3], [95, 0]]",[3.8065136279052795e-06]
layer_2,367,"[[25, [14, 7, 2, 1, 1]], [27, [1, 1, 2, 1, 2]], [29, [4, 1, 1]], [56, 2], [62, 2], [68, 2], [95, 4]]",[2.9894176519028294e-06]
layer_2,368,"[[25, [7, 7, 4, 1, 1]], [27, [1, 2, 2, 1, 1]], [29, [1, 4, 1]], [56, 2], [62, 2], [68, 3], [95, 4]]",[3.631548996857626e-06]
layer_2,369,"[[25, [7, 7, 4, 1, 1]], [27, [1, 2, 2, 1, 1]], [29, [2, 1, 2]], [56, 2], [62, 2], [68, 2], [95, 4]]",[3.0549208607609884e-06]
layer_2,370,"[[25, [7, 7, 4, 1, 1]], [27, [2, 1, 2, 1, 1]], [29, [2, 2, 1]], [56, 2], [62, 2], [68, 2], [95, 4]]",[3.050454379641291e-06]
layer_2,371,"[[25, [7, 14, 2, 1, 1]], [27, [1, 1, 4, 1, 1]], [29, [2, 1, 2]], [56, 2], [62, 1], [68, 1], [95, 1]]",[2.9873877771768524e-06]
layer_2,372,"[[25, [7, 7, 4, 1, 1]], [27, [2, 1, 1, 1, 2]], [29, [4, 1, 1]], [56, 2], [62, 1], [68, 3], [95, 4]]",[3.1032730312313206e-06]
layer_2,373,"[[25, [7, 7, 4, 1, 1]], [27, [2, 1, 2, 1, 1]], [29, [2, 1, 2]], [56, 2], [62, 1], [68, 2], [95, 4]]",[2.9901865136298425e-06]
layer_2,374,"[[25, [7, 7, 4, 1, 1]], [27, [2, 1, 1, 2, 1]], [29, [1, 2, 2]], [56, 3], [62, 2], [68, 2], [95, 4]]",[10000000000]
layer_2,375,"[[25, [7, 7, 4, 1, 1]], [27, [2, 1, 2, 1, 1]], [29, [2, 2, 1]], [56, 2], [62, 1], [68, 1], [95, 3]]",[2.9161456628092953e-06]
layer_2,376,"[[25, [7, 7, 4, 1, 1]], [27, [2, 1, 2, 1, 1]], [29, [2, 1, 2]], [56, 2], [62, 1], [68, 1], [95, 3]]",[3.4185685453021963e-06]
layer_2,377,"[[25, [7, 7, 4, 1, 1]], [27, [1, 1, 2, 1, 2]], [29, [4, 1, 1]], [56, 2], [62, 1], [68, 3], [95, 0]]",[3.2218550959232615e-06]
layer_2,378,"[[25, [7, 7, 4, 1, 1]], [27, [1, 1, 2, 2, 1]], [29, [4, 1, 1]], [56, 2], [62, 1], [68, 3], [95, 0]]",[2.8388146837682443e-06]
layer_2,379,"[[25, [7, 7, 4, 1, 1]], [27, [1, 2, 1, 2, 1]], [29, [4, 1, 1]], [56, 1], [62, 2], [68, 2], [95, 0]]",[3.396556793601745e-06]
layer_2,380,"[[25, [7, 14, 2, 1, 1]], [27, [1, 1, 2, 1, 2]], [29, [4, 1, 1]], [56, 2], [62, 2], [68, 1], [95, 4]]",[3.3667595808200816e-06]
layer_2,381,"[[25, [7, 7, 1, 1, 4]], [27, [1, 4, 1, 1, 1]], [29, [1, 1, 4]], [56, 0], [62, 1], [68, 0], [95, 0]]",[8.470261434799841e-06]
layer_2,382,"[[25, [7, 1, 7, 4, 1]], [27, [1, 2, 1, 2, 1]], [29, [2, 2, 1]], [56, 3], [62, 2], [68, 0], [95, 2]]",[10000000000]
layer_2,383,"[[25, [98, 1, 1, 2, 1]], [27, [1, 1, 1, 4, 1]], [29, [2, 1, 2]], [56, 2], [62, 2], [68, 2], [95, 4]]",[3.0455130387540744e-06]
layer_2,384,"[[25, [7, 7, 4, 1, 1]], [27, [1, 2, 2, 1, 1]], [29, [4, 1, 1]], [56, 3], [62, 2], [68, 2], [95, 2]]",[10000000000]
layer_2,385,"[[25, [196, 1, 1, 1, 1]], [27, [1, 4, 1, 1, 1]], [29, [1, 2, 2]], [56, 2], [62, 2], [68, 3], [95, 0]]",[3.871189852270829e-06]
layer_2,386,"[[25, [7, 7, 4, 1, 1]], [27, [1, 2, 2, 1, 1]], [29, [4, 1, 1]], [56, 2], [62, 2], [68, 2], [95, 2]]",[2.864639522966552e-06]
layer_2,387,"[[25, [7, 7, 4, 1, 1]], [27, [1, 2, 2, 1, 1]], [29, [4, 1, 1]], [56, 2], [62, 2], [68, 3], [95, 0]]",[3.2524505697017735e-06]
layer_2,388,"[[25, [14, 2, 7, 1, 1]], [27, [1, 4, 1, 1, 1]], [29, [2, 1, 2]], [56, 2], [62, 2], [68, 2], [95, 0]]",[3.5383924893778877e-06]
layer_2,389,"[[25, [196, 1, 1, 1, 1]], [27, [1, 4, 1, 1, 1]], [29, [2, 1, 2]], [56, 2], [62, 2], [68, 3], [95, 0]]",[3.169194657315656e-06]
layer_2,390,"[[25, [7, 7, 4, 1, 1]], [27, [1, 2, 2, 1, 1]], [29, [4, 1, 1]], [56, 1], [62, 2], [68, 2], [95, 2]]",[3.202730826894245e-06]
layer_2,391,"[[25, [7, 14, 2, 1, 1]], [27, [1, 1, 4, 1, 1]], [29, [4, 1, 1]], [56, 3], [62, 1], [68, 3], [95, 2]]",[10000000000]
layer_2,392,"[[25, [14, 2, 7, 1, 1]], [27, [1, 4, 1, 1, 1]], [29, [2, 1, 2]], [56, 2], [62, 2], [68, 1], [95, 1]]",[3.1758154017016046e-06]
layer_2,393,"[[25, [1, 28, 7, 1, 1]], [27, [1, 4, 1, 1, 1]], [29, [4, 1, 1]], [56, 2], [62, 2], [68, 2], [95, 0]]",[3.127142715522885e-06]
layer_2,394,"[[25, [1, 49, 4, 1, 1]], [27, [1, 2, 2, 1, 1]], [29, [4, 1, 1]], [56, 2], [62, 2], [68, 3], [95, 2]]",[3.2513485894020604e-06]
layer_2,395,"[[25, [7, 7, 4, 1, 1]], [27, [1, 2, 2, 1, 1]], [29, [4, 1, 1]], [56, 3], [62, 1], [68, 0], [95, 4]]",[10000000000]
layer_2,396,"[[25, [7, 7, 4, 1, 1]], [27, [4, 1, 1, 1, 1]], [29, [2, 1, 2]], [56, 2], [62, 2], [68, 2], [95, 4]]",[3.5983339547180045e-06]
layer_2,397,"[[25, [7, 7, 4, 1, 1]], [27, [1, 2, 2, 1, 1]], [29, [4, 1, 1]], [56, 2], [62, 1], [68, 2], [95, 4]]",[3.1671602587630754e-06]
layer_2,398,"[[25, [196, 1, 1, 1, 1]], [27, [1, 4, 1, 1, 1]], [29, [1, 2, 2]], [56, 1], [62, 2], [68, 3], [95, 0]]",[4.083508890267224e-06]
layer_2,399,"[[25, [1, 49, 4, 1, 1]], [27, [1, 2, 2, 1, 1]], [29, [4, 1, 1]], [56, 2], [62, 2], [68, 1], [95, 2]]",[3.3010163855320577e-06]
layer_2,400,"[[25, [7, 14, 2, 1, 1]], [27, [1, 1, 4, 1, 1]], [29, [4, 1, 1]], [56, 2], [62, 1], [68, 2], [95, 2]]",[3.2012070705110793e-06]
layer_2,401,"[[25, [7, 7, 4, 1, 1]], [27, [1, 2, 1, 1, 2]], [29, [4, 1, 1]], [56, 3], [62, 2], [68, 3], [95, 1]]",[10000000000]
layer_2,402,"[[25, [7, 7, 4, 1, 1]], [27, [2, 1, 2, 1, 1]], [29, [1, 4, 1]], [56, 2], [62, 2], [68, 3], [95, 4]]",[3.6111033630069237e-06]
layer_2,403,"[[25, [7, 7, 4, 1, 1]], [27, [1, 2, 2, 1, 1]], [29, [4, 1, 1]], [56, 3], [62, 1], [68, 3], [95, 4]]",[10000000000]
layer_2,404,"[[25, [7, 14, 2, 1, 1]], [27, [1, 1, 4, 1, 1]], [29, [4, 1, 1]], [56, 2], [62, 1], [68, 2], [95, 1]]",[2.9602537091357395e-06]
layer_2,405,"[[25, [7, 14, 2, 1, 1]], [27, [1, 1, 4, 1, 1]], [29, [4, 1, 1]], [56, 2], [62, 1], [68, 3], [95, 2]]",[3.506960256819419e-06]
layer_2,406,"[[25, [7, 7, 4, 1, 1]], [27, [2, 1, 2, 1, 1]], [29, [2, 1, 2]], [56, 3], [62, 1], [68, 1], [95, 4]]",[10000000000]
layer_2,407,"[[25, [7, 7, 4, 1, 1]], [27, [2, 1, 2, 1, 1]], [29, [2, 1, 2]], [56, 3], [62, 1], [68, 3], [95, 4]]",[10000000000]
layer_2,408,"[[25, [7, 7, 4, 1, 1]], [27, [1, 2, 2, 1, 1]], [29, [4, 1, 1]], [56, 1], [62, 2], [68, 2], [95, 4]]",[3.0898237200648223e-06]
layer_2,409,"[[25, [7, 7, 4, 1, 1]], [27, [2, 1, 2, 1, 1]], [29, [4, 1, 1]], [56, 2], [62, 1], [68, 2], [95, 4]]",[3.0576687385339944e-06]
layer_2,410,"[[25, [196, 1, 1, 1, 1]], [27, [1, 4, 1, 1, 1]], [29, [2, 1, 2]], [56, 2], [62, 2], [68, 3], [95, 1]]",[3.038496006857334e-06]
layer_2,411,"[[25, [7, 7, 4, 1, 1]], [27, [2, 1, 2, 1, 1]], [29, [2, 1, 2]], [56, 3], [62, 2], [68, 3], [95, 4]]",[10000000000]
layer_2,412,"[[25, [49, 4, 1, 1, 1]], [27, [4, 1, 1, 1, 1]], [29, [2, 2, 1]], [56, 2], [62, 2], [68, 1], [95, 0]]",[3.1408157423274657e-06]
layer_2,413,"[[25, [7, 7, 4, 1, 1]], [27, [1, 1, 2, 2, 1]], [29, [4, 1, 1]], [56, 2], [62, 1], [68, 1], [95, 0]]",[3.5235212018515455e-06]
layer_2,414,"[[25, [7, 7, 4, 1, 1]], [27, [1, 1, 2, 1, 2]], [29, [4, 1, 1]], [56, 2], [62, 1], [68, 2], [95, 0]]",[2.919984679949476e-06]
layer_2,415,"[[25, [7, 7, 4, 1, 1]], [27, [1, 1, 2, 2, 1]], [29, [4, 1, 1]], [56, 2], [62, 1], [68, 2], [95, 0]]",[3.4613730910690013e-06]
layer_2,416,"[[25, [7, 14, 2, 1, 1]], [27, [1, 1, 4, 1, 1]], [29, [4, 1, 1]], [56, 2], [62, 1], [68, 2], [95, 3]]",[3.396515933451972e-06]
layer_2,417,"[[25, [7, 14, 2, 1, 1]], [27, [1, 1, 4, 1, 1]], [29, [4, 1, 1]], [56, 3], [62, 1], [68, 0], [95, 1]]",[10000000000]
layer_2,418,"[[25, [7, 7, 4, 1, 1]], [27, [1, 2, 2, 1, 1]], [29, [4, 1, 1]], [56, 3], [62, 1], [68, 0], [95, 0]]",[10000000000]
layer_2,419,"[[25, [7, 14, 2, 1, 1]], [27, [1, 1, 4, 1, 1]], [29, [2, 1, 2]], [56, 2], [62, 0], [68, 1], [95, 1]]",[4.23982073316426e-06]
layer_2,420,"[[25, [7, 14, 2, 1, 1]], [27, [1, 1, 4, 1, 1]], [29, [2, 2, 1]], [56, 2], [62, 1], [68, 1], [95, 1]]",[3.0308702477089194e-06]
layer_2,421,"[[25, [7, 7, 4, 1, 1]], [27, [2, 1, 2, 1, 1]], [29, [1, 2, 2]], [56, 2], [62, 1], [68, 3], [95, 4]]",[3.566966767694776e-06]
layer_2,422,"[[25, [7, 7, 4, 1, 1]], [27, [2, 1, 2, 1, 1]], [29, [1, 2, 2]], [56, 2], [62, 1], [68, 2], [95, 4]]",[3.818336109642164e-06]
layer_2,423,"[[25, [7, 7, 4, 1, 1]], [27, [1, 2, 2, 1, 1]], [29, [4, 1, 1]], [56, 2], [62, 2], [68, 1], [95, 2]]",[2.873048672397326e-06]
layer_2,424,"[[25, [7, 7, 4, 1, 1]], [27, [1, 2, 2, 1, 1]], [29, [4, 1, 1]], [56, 3], [62, 1], [68, 0], [95, 2]]",[10000000000]
layer_2,425,"[[25, [7, 7, 4, 1, 1]], [27, [2, 1, 1, 2, 1]], [29, [1, 1, 4]], [56, 2], [62, 2], [68, 2], [95, 4]]",[3.0936624330890635e-06]
layer_2,426,"[[25, [7, 7, 4, 1, 1]], [27, [2, 1, 1, 2, 1]], [29, [1, 4, 1]], [56, 2], [62, 2], [68, 2], [95, 4]]",[3.0948931672491044e-06]
layer_2,427,"[[25, [7, 7, 4, 1, 1]], [27, [2, 1, 1, 1, 2]], [29, [1, 1, 4]], [56, 2], [62, 2], [68, 3], [95, 4]]",[2.8259126356020538e-06]
layer_2,428,"[[25, [1, 28, 7, 1, 1]], [27, [1, 4, 1, 1, 1]], [29, [2, 2, 1]], [56, 2], [62, 2], [68, 2], [95, 1]]",[3.0217790042134e-06]
layer_2,429,"[[25, [7, 7, 4, 1, 1]], [27, [2, 1, 2, 1, 1]], [29, [2, 1, 2]], [56, 2], [62, 2], [68, 2], [95, 4]]",[3.477615466876794e-06]
layer_2,430,"[[25, [7, 14, 2, 1, 1]], [27, [1, 1, 4, 1, 1]], [29, [2, 2, 1]], [56, 2], [62, 2], [68, 1], [95, 4]]",[3.0798432282528726e-06]
layer_2,431,"[[25, [7, 7, 4, 1, 1]], [27, [1, 2, 2, 1, 1]], [29, [4, 1, 1]], [56, 2], [62, 1], [68, 3], [95, 4]]",[3.668027230160165e-06]
layer_2,432,"[[25, [7, 7, 4, 1, 1]], [27, [1, 1, 2, 2, 1]], [29, [4, 1, 1]], [56, 2], [62, 1], [68, 2], [95, 4]]",[3.18813355782182e-06]
layer_2,433,"[[25, [7, 7, 4, 1, 1]], [27, [1, 2, 2, 1, 1]], [29, [4, 1, 1]], [56, 2], [62, 1], [68, 3], [95, 2]]",[3.5183253669045373e-06]
layer_2,434,"[[25, [7, 14, 2, 1, 1]], [27, [1, 1, 2, 2, 1]], [29, [4, 1, 1]], [56, 2], [62, 0], [68, 3], [95, 4]]",[3.401696497969041e-06]
layer_2,435,"[[25, [14, 2, 7, 1, 1]], [27, [1, 4, 1, 1, 1]], [29, [2, 1, 2]], [56, 2], [62, 2], [68, 1], [95, 2]]",[2.9098112313937753e-06]
layer_2,436,"[[25, [7, 7, 4, 1, 1]], [27, [2, 1, 1, 1, 2]], [29, [2, 2, 1]], [56, 2], [62, 2], [68, 2], [95, 4]]",[3.0870802720499047e-06]
layer_2,437,"[[25, [7, 7, 4, 1, 1]], [27, [1, 1, 1, 2, 2]], [29, [4, 1, 1]], [56, 2], [62, 2], [68, 2], [95, 4]]",[3.3481643312861483e-06]
layer_2,438,"[[25, [7, 7, 4, 1, 1]], [27, [1, 1, 1, 4, 1]], [29, [4, 1, 1]], [56, 2], [62, 2], [68, 2], [95, 4]]",[3.0756680966067525e-06]
layer_2,439,"[[25, [7, 7, 4, 1, 1]], [27, [1, 2, 2, 1, 1]], [29, [2, 2, 1]], [56, 2], [62, 2], [68, 1], [95, 4]]",[3.0390958570268073e-06]
layer_2,440,"[[25, [7, 7, 4, 1, 1]], [27, [1, 2, 2, 1, 1]], [29, [2, 2, 1]], [56, 2], [62, 1], [68, 1], [95, 4]]",[3.6473354581221153e-06]
layer_2,441,"[[25, [7, 7, 4, 1, 1]], [27, [2, 1, 2, 1, 1]], [29, [2, 2, 1]], [56, 2], [62, 1], [68, 1], [95, 4]]",[2.953085853008378e-06]
layer_2,442,"[[25, [7, 7, 4, 1, 1]], [27, [2, 1, 2, 1, 1]], [29, [2, 1, 2]], [56, 2], [62, 1], [68, 1], [95, 4]]",[2.9500333407473308e-06]
layer_2,443,"[[25, [7, 7, 4, 1, 1]], [27, [2, 1, 2, 1, 1]], [29, [2, 1, 2]], [56, 2], [62, 1], [68, 3], [95, 4]]",[3.0043808160343593e-06]
layer_2,444,"[[25, [7, 14, 2, 1, 1]], [27, [1, 1, 2, 1, 2]], [29, [2, 2, 1]], [56, 2], [62, 2], [68, 3], [95, 4]]",[3.17794386500143e-06]
layer_2,445,"[[25, [4, 49, 1, 1, 1]], [27, [4, 1, 1, 1, 1]], [29, [1, 1, 4]], [56, 0], [62, 1], [68, 2], [95, 4]]",[7.633766255520025e-06]
layer_2,446,"[[25, [1, 14, 7, 2, 1]], [27, [2, 1, 1, 2, 1]], [29, [4, 1, 1]], [56, 1], [62, 1], [68, 1], [95, 2]]",[5.800366162340456e-06]
layer_2,447,"[[25, [7, 2, 7, 2, 1]], [27, [2, 2, 1, 1, 1]], [29, [4, 1, 1]], [56, 0], [62, 0], [68, 3], [95, 2]]",[7.586354395812789e-06]
layer_2,448,"[[25, [98, 1, 1, 2, 1]], [27, [1, 4, 1, 1, 1]], [29, [2, 1, 2]], [56, 2], [62, 2], [68, 2], [95, 4]]",[3.485884603334842e-06]
layer_2,449,"[[25, [7, 7, 4, 1, 1]], [27, [2, 1, 1, 1, 2]], [29, [1, 2, 2]], [56, 3], [62, 2], [68, 3], [95, 4]]",[10000000000]
layer_2,450,"[[25, [7, 7, 4, 1, 1]], [27, [2, 1, 1, 2, 1]], [29, [1, 1, 4]], [56, 2], [62, 2], [68, 3], [95, 4]]",[2.9578146962091056e-06]
layer_2,451,"[[25, [7, 7, 4, 1, 1]], [27, [2, 1, 1, 1, 2]], [29, [1, 4, 1]], [56, 2], [62, 2], [68, 3], [95, 4]]",[3.6311649113183403e-06]
layer_2,452,"[[25, [7, 7, 4, 1, 1]], [27, [2, 1, 1, 1, 2]], [29, [1, 2, 2]], [56, 2], [62, 2], [68, 3], [95, 4]]",[3.0688486580467235e-06]
layer_2,453,"[[25, [14, 7, 2, 1, 1]], [27, [1, 1, 2, 1, 2]], [29, [2, 1, 2]], [56, 2], [62, 2], [68, 1], [95, 4]]",[3.3199852501980863e-06]
layer_2,454,"[[25, [7, 7, 4, 1, 1]], [27, [1, 2, 2, 1, 1]], [29, [4, 1, 1]], [56, 2], [62, 2], [68, 0], [95, 1]]",[3.682458836647463e-06]
layer_2,455,"[[25, [7, 7, 4, 1, 1]], [27, [1, 2, 2, 1, 1]], [29, [4, 1, 1]], [56, 2], [62, 2], [68, 2], [95, 1]]",[2.8609864042087843e-06]
layer_2,456,"[[25, [49, 2, 1, 2, 1]], [27, [1, 4, 1, 1, 1]], [29, [2, 1, 2]], [56, 2], [62, 2], [68, 3], [95, 0]]",[3.0692919576890464e-06]
layer_2,457,"[[25, [14, 2, 7, 1, 1]], [27, [1, 4, 1, 1, 1]], [29, [2, 1, 2]], [56, 2], [62, 2], [68, 1], [95, 4]]",[2.857168045586543e-06]
layer_2,458,"[[25, [1, 28, 7, 1, 1]], [27, [1, 4, 1, 1, 1]], [29, [2, 2, 1]], [56, 2], [62, 2], [68, 1], [95, 0]]",[3.1357321526659725e-06]
layer_2,459,"[[25, [7, 7, 4, 1, 1]], [27, [1, 2, 2, 1, 1]], [29, [4, 1, 1]], [56, 2], [62, 2], [68, 2], [95, 0]]",[3.234137366216845e-06]
layer_2,460,"[[25, [14, 7, 2, 1, 1]], [27, [1, 1, 2, 1, 2]], [29, [1, 2, 2]], [56, 2], [62, 2], [68, 1], [95, 4]]",[3.0605852010044355e-06]
layer_2,461,"[[25, [14, 7, 2, 1, 1]], [27, [1, 1, 2, 1, 2]], [29, [1, 1, 4]], [56, 2], [62, 2], [68, 1], [95, 4]]",[3.0881960566346827e-06]
layer_2,462,"[[25, [14, 7, 2, 1, 1]], [27, [1, 1, 2, 1, 2]], [29, [1, 4, 1]], [56, 2], [62, 2], [68, 1], [95, 4]]",[3.2712112417267608e-06]
layer_2,463,"[[25, [7, 7, 4, 1, 1]], [27, [1, 2, 2, 1, 1]], [29, [4, 1, 1]], [56, 3], [62, 2], [68, 1], [95, 0]]",[10000000000]
layer_2,464,"[[25, [7, 7, 4, 1, 1]], [27, [2, 1, 2, 1, 1]], [29, [4, 1, 1]], [56, 1], [62, 1], [68, 3], [95, 4]]",[3.564116423609701e-06]
layer_2,465,"[[25, [7, 7, 4, 1, 1]], [27, [1, 1, 2, 1, 2]], [29, [4, 1, 1]], [56, 2], [62, 2], [68, 3], [95, 1]]",[2.9969927956371984e-06]
layer_2,466,"[[25, [7, 7, 4, 1, 1]], [27, [1, 2, 2, 1, 1]], [29, [4, 1, 1]], [56, 3], [62, 2], [68, 2], [95, 3]]",[10000000000]
layer_2,467,"[[25, [7, 7, 4, 1, 1]], [27, [1, 2, 2, 1, 1]], [29, [4, 1, 1]], [56, 1], [62, 2], [68, 3], [95, 2]]",[3.0742860881046694e-06]
layer_2,468,"[[25, [49, 2, 1, 1, 2]], [27, [2, 1, 1, 2, 1]], [29, [2, 2, 1]], [56, 2], [62, 2], [68, 2], [95, 4]]",[3.221139079087882e-06]
layer_2,469,"[[25, [7, 14, 2, 1, 1]], [27, [1, 1, 2, 1, 2]], [29, [2, 2, 1]], [56, 2], [62, 2], [68, 1], [95, 2]]",[2.81559404668714e-06]
layer_2,470,"[[25, [7, 14, 2, 1, 1]], [27, [1, 1, 2, 1, 2]], [29, [1, 4, 1]], [56, 2], [62, 2], [68, 3], [95, 1]]",[2.8150731109121347e-06]
layer_2,471,"[[25, [7, 7, 4, 1, 1]], [27, [1, 2, 1, 1, 2]], [29, [4, 1, 1]], [56, 2], [62, 2], [68, 3], [95, 2]]",[3.844799441563622e-06]
layer_2,472,"[[25, [7, 14, 2, 1, 1]], [27, [1, 1, 2, 1, 2]], [29, [1, 4, 1]], [56, 2], [62, 2], [68, 3], [95, 2]]",[3.065515710504846e-06]
layer_2,473,"[[25, [1, 196, 1, 1, 1]], [27, [1, 1, 4, 1, 1]], [29, [2, 1, 2]], [56, 2], [62, 2], [68, 1], [95, 0]]",[3.1725028943415125e-06]
layer_2,474,"[[25, [7, 7, 2, 1, 2]], [27, [2, 1, 2, 1, 1]], [29, [4, 1, 1]], [56, 2], [62, 2], [68, 3], [95, 4]]",[3.6288353507701444e-06]
layer_2,475,"[[25, [7, 14, 2, 1, 1]], [27, [1, 1, 2, 2, 1]], [29, [4, 1, 1]], [56, 2], [62, 1], [68, 3], [95, 3]]",[3.3031968267849337e-06]
layer_2,476,"[[25, [7, 7, 4, 1, 1]], [27, [2, 1, 2, 1, 1]], [29, [4, 1, 1]], [56, 2], [62, 2], [68, 3], [95, 0]]",[2.945954819936113e-06]
layer_2,477,"[[25, [7, 7, 4, 1, 1]], [27, [1, 2, 2, 1, 1]], [29, [4, 1, 1]], [56, 3], [62, 2], [68, 0], [95, 3]]",[10000000000]
layer_2,478,"[[25, [7, 7, 4, 1, 1]], [27, [2, 1, 1, 1, 2]], [29, [2, 2, 1]], [56, 3], [62, 2], [68, 2], [95, 4]]",[10000000000]
layer_2,479,"[[25, [7, 7, 4, 1, 1]], [27, [2, 1, 1, 1, 2]], [29, [2, 1, 2]], [56, 3], [62, 2], [68, 2], [95, 4]]",[10000000000]
layer_2,480,"[[25, [49, 1, 1, 2, 2]], [27, [1, 4, 1, 1, 1]], [29, [2, 1, 2]], [56, 2], [62, 2], [68, 2], [95, 4]]",[3.3030244299674264e-06]
layer_2,481,"[[25, [7, 14, 2, 1, 1]], [27, [1, 1, 2, 2, 1]], [29, [2, 2, 1]], [56, 2], [62, 2], [68, 1], [95, 3]]",[3.1865731500077244e-06]
layer_2,482,"[[25, [7, 7, 4, 1, 1]], [27, [1, 2, 1, 1, 2]], [29, [1, 4, 1]], [56, 2], [62, 2], [68, 2], [95, 0]]",[2.9790741100127354e-06]
layer_2,483,"[[25, [98, 1, 1, 2, 1]], [27, [1, 1, 1, 4, 1]], [29, [2, 2, 1]], [56, 2], [62, 2], [68, 2], [95, 4]]",[3.428526342339434e-06]
layer_2,484,"[[25, [7, 7, 4, 1, 1]], [27, [1, 1, 2, 1, 2]], [29, [4, 1, 1]], [56, 2], [62, 1], [68, 2], [95, 1]]",[3.3657889490573607e-06]
layer_2,485,"[[25, [1, 98, 2, 1, 1]], [27, [1, 1, 4, 1, 1]], [29, [2, 2, 1]], [56, 2], [62, 1], [68, 1], [95, 3]]",[3.3940957279641307e-06]
layer_2,486,"[[25, [7, 7, 4, 1, 1]], [27, [1, 2, 1, 1, 2]], [29, [4, 1, 1]], [56, 2], [62, 2], [68, 3], [95, 0]]",[3.469601037930551e-06]
layer_2,487,"[[25, [7, 7, 4, 1, 1]], [27, [2, 1, 2, 1, 1]], [29, [4, 1, 1]], [56, 2], [62, 2], [68, 2], [95, 1]]",[2.9354937296416936e-06]
layer_2,488,"[[25, [14, 7, 2, 1, 1]], [27, [1, 1, 2, 1, 2]], [29, [2, 1, 2]], [56, 2], [62, 2], [68, 1], [95, 2]]",[3.4235675541030652e-06]
layer_2,489,"[[25, [14, 7, 2, 1, 1]], [27, [1, 1, 2, 1, 2]], [29, [4, 1, 1]], [56, 2], [62, 0], [68, 3], [95, 4]]",[3.0959286976841728e-06]
layer_2,490,"[[25, [7, 7, 4, 1, 1]], [27, [1, 2, 1, 1, 2]], [29, [4, 1, 1]], [56, 3], [62, 2], [68, 3], [95, 0]]",[10000000000]
layer_2,491,"[[25, [7, 14, 2, 1, 1]], [27, [1, 1, 2, 1, 2]], [29, [4, 1, 1]], [56, 2], [62, 2], [68, 3], [95, 3]]",[3.1080369415969153e-06]
layer_2,492,"[[25, [7, 14, 2, 1, 1]], [27, [1, 1, 4, 1, 1]], [29, [4, 1, 1]], [56, 2], [62, 2], [68, 1], [95, 4]]",[3.3443857557667687e-06]
layer_2,493,"[[25, [7, 7, 4, 1, 1]], [27, [1, 2, 2, 1, 1]], [29, [4, 1, 1]], [56, 1], [62, 2], [68, 0], [95, 2]]",[3.1098139778003255e-06]
layer_2,494,"[[25, [7, 7, 4, 1, 1]], [27, [1, 2, 1, 1, 2]], [29, [4, 1, 1]], [56, 2], [62, 2], [68, 0], [95, 0]]",[3.662714785728992e-06]
layer_2,495,"[[25, [7, 7, 4, 1, 1]], [27, [1, 1, 2, 1, 2]], [29, [4, 1, 1]], [56, 2], [62, 1], [68, 1], [95, 4]]",[2.9516947005953073e-06]
layer_2,496,"[[25, [7, 7, 4, 1, 1]], [27, [1, 1, 2, 2, 1]], [29, [4, 1, 1]], [56, 2], [62, 1], [68, 1], [95, 4]]",[2.93018813589934e-06]
layer_2,497,"[[25, [7, 7, 4, 1, 1]], [27, [1, 1, 2, 2, 1]], [29, [4, 1, 1]], [56, 2], [62, 1], [68, 2], [95, 3]]",[3.442339951477943e-06]
layer_2,498,"[[25, [14, 7, 2, 1, 1]], [27, [1, 1, 2, 1, 2]], [29, [1, 2, 2]], [56, 2], [62, 2], [68, 1], [95, 2]]",[3.278897067254686e-06]
layer_2,499,"[[25, [7, 14, 2, 1, 1]], [27, [1, 1, 2, 2, 1]], [29, [1, 4, 1]], [56, 2], [62, 2], [68, 1], [95, 4]]",[2.9967482712142522e-06]
layer_2,500,"[[25, [7, 7, 4, 1, 1]], [27, [1, 1, 2, 2, 1]], [29, [4, 1, 1]], [56, 3], [62, 1], [68, 1], [95, 4]]",[10000000000]
layer_2,501,"[[25, [7, 7, 4, 1, 1]], [27, [1, 1, 2, 1, 2]], [29, [4, 1, 1]], [56, 3], [62, 1], [68, 1], [95, 4]]",[10000000000]
layer_2,502,"[[25, [7, 7, 4, 1, 1]], [27, [2, 1, 2, 1, 1]], [29, [4, 1, 1]], [56, 2], [62, 2], [68, 3], [95, 3]]",[3.5898967642236585e-06]
layer_2,503,"[[25, [7, 7, 4, 1, 1]], [27, [1, 2, 1, 1, 2]], [29, [1, 4, 1]], [56, 2], [62, 2], [68, 1], [95, 2]]",[3.4086469996768054e-06]
layer_2,504,"[[25, [7, 14, 2, 1, 1]], [27, [1, 1, 2, 1, 2]], [29, [4, 1, 1]], [56, 2], [62, 2], [68, 3], [95, 0]]",[3.1474699031937776e-06]
layer_2,505,"[[25, [14, 2, 7, 1, 1]], [27, [1, 4, 1, 1, 1]], [29, [2, 1, 2]], [56, 1], [62, 2], [68, 1], [95, 4]]",[3.4407839399986243e-06]
layer_2,506,"[[25, [7, 7, 4, 1, 1]], [27, [1, 1, 1, 2, 2]], [29, [1, 1, 4]], [56, 2], [62, 2], [68, 3], [95, 4]]",[3.09545012534431e-06]
layer_2,507,"[[25, [196, 1, 1, 1, 1]], [27, [4, 1, 1, 1, 1]], [29, [2, 1, 2]], [56, 2], [62, 2], [68, 2], [95, 0]]",[3.1298878726287262e-06]
layer_2,508,"[[25, [7, 7, 4, 1, 1]], [27, [1, 2, 2, 1, 1]], [29, [4, 1, 1]], [56, 3], [62, 2], [68, 0], [95, 1]]",[10000000000]
layer_2,509,"[[25, [14, 2, 7, 1, 1]], [27, [1, 1, 4, 1, 1]], [29, [2, 1, 2]], [56, 3], [62, 2], [68, 1], [95, 2]]",[10000000000]
layer_2,510,"[[25, [14, 1, 1, 14, 1]], [27, [2, 2, 1, 1, 1]], [29, [4, 1, 1]], [56, 1], [62, 2], [68, 3], [95, 1]]",[1.1527763264479547e-05]
layer_2,511,"[[25, [1, 14, 1, 14, 1]], [27, [1, 1, 1, 1, 4]], [29, [2, 2, 1]], [56, 0], [62, 1], [68, 1], [95, 1]]",[1.6870584029359656e-05]
layer_2,512,"[[25, [7, 14, 2, 1, 1]], [27, [1, 1, 2, 2, 1]], [29, [1, 4, 1]], [56, 2], [62, 2], [68, 3], [95, 1]]",[3.084742812977171e-06]
layer_2,513,"[[25, [7, 7, 4, 1, 1]], [27, [1, 2, 2, 1, 1]], [29, [4, 1, 1]], [56, 1], [62, 2], [68, 3], [95, 1]]",[3.5035209714418e-06]
layer_2,514,"[[25, [7, 14, 2, 1, 1]], [27, [1, 1, 2, 2, 1]], [29, [2, 2, 1]], [56, 2], [62, 2], [68, 1], [95, 2]]",[2.8165861466094993e-06]
layer_2,515,"[[25, [7, 14, 2, 1, 1]], [27, [1, 1, 2, 1, 2]], [29, [1, 4, 1]], [56, 2], [62, 2], [68, 3], [95, 0]]",[2.9166640921461154e-06]
layer_2,516,"[[25, [7, 14, 2, 1, 1]], [27, [1, 1, 2, 1, 2]], [29, [4, 1, 1]], [56, 2], [62, 2], [68, 1], [95, 2]]",[3.562198474887241e-06]
layer_2,517,"[[25, [7, 7, 4, 1, 1]], [27, [1, 1, 2, 1, 2]], [29, [1, 2, 2]], [56, 3], [62, 2], [68, 2], [95, 1]]",[10000000000]
layer_2,518,"[[25, [7, 7, 2, 2, 1]], [27, [1, 2, 2, 1, 1]], [29, [1, 1, 4]], [56, 2], [62, 2], [68, 2], [95, 0]]",[3.226091088263979e-06]
layer_2,519,"[[25, [7, 7, 4, 1, 1]], [27, [1, 1, 2, 2, 1]], [29, [4, 1, 1]], [56, 3], [62, 2], [68, 3], [95, 1]]",[10000000000]
layer_2,520,"[[25, [7, 14, 2, 1, 1]], [27, [1, 1, 4, 1, 1]], [29, [2, 1, 2]], [56, 2], [62, 1], [68, 1], [95, 3]]",[3.2440990485767324e-06]
layer_2,521,"[[25, [7, 14, 2, 1, 1]], [27, [1, 1, 2, 1, 2]], [29, [1, 4, 1]], [56, 2], [62, 2], [68, 1], [95, 1]]",[3.462056672313194e-06]
layer_2,522,"[[25, [7, 14, 2, 1, 1]], [27, [1, 1, 2, 2, 1]], [29, [1, 4, 1]], [56, 2], [62, 2], [68, 1], [95, 1]]",[2.823843100227012e-06]
layer_2,523,"[[25, [7, 7, 4, 1, 1]], [27, [1, 2, 2, 1, 1]], [29, [4, 1, 1]], [56, 2], [62, 2], [68, 3], [95, 1]]",[2.9383851958423864e-06]
layer_2,524,"[[25, [7, 14, 2, 1, 1]], [27, [1, 1, 2, 1, 2]], [29, [2, 2, 1]], [56, 2], [62, 2], [68, 1], [95, 1]]",[3.3441020745668035e-06]
layer_2,525,"[[25, [7, 7, 4, 1, 1]], [27, [1, 1, 2, 1, 2]], [29, [1, 1, 4]], [56, 2], [62, 2], [68, 3], [95, 1]]",[3.2647138981678308e-06]
layer_2,526,"[[25, [7, 7, 4, 1, 1]], [27, [1, 2, 1, 2, 1]], [29, [1, 1, 4]], [56, 2], [62, 2], [68, 3], [95, 0]]",[3.151919026566296e-06]
layer_2,527,"[[25, [7, 7, 4, 1, 1]], [27, [2, 1, 2, 1, 1]], [29, [2, 2, 1]], [56, 3], [62, 1], [68, 1], [95, 4]]",[10000000000]
layer_2,528,"[[25, [7, 14, 2, 1, 1]], [27, [1, 1, 2, 1, 2]], [29, [2, 2, 1]], [56, 2], [62, 1], [68, 1], [95, 2]]",[3.478560608964705e-06]
layer_2,529,"[[25, [7, 7, 4, 1, 1]], [27, [1, 1, 2, 1, 2]], [29, [4, 1, 1]], [56, 2], [62, 2], [68, 3], [95, 0]]",[3.3115536689504513e-06]
layer_2,530,"[[25, [7, 7, 4, 1, 1]], [27, [1, 1, 2, 2, 1]], [29, [4, 1, 1]], [56, 2], [62, 2], [68, 3], [95, 0]]",[3.3242061597185837e-06]
layer_2,531,"[[25, [7, 7, 4, 1, 1]], [27, [1, 1, 2, 2, 1]], [29, [4, 1, 1]], [56, 2], [62, 2], [68, 3], [95, 1]]",[3.1400847154662137e-06]
layer_2,532,"[[25, [7, 7, 4, 1, 1]], [27, [1, 1, 2, 2, 1]], [29, [1, 4, 1]], [56, 2], [62, 2], [68, 3], [95, 0]]",[3.0121936146326773e-06]
layer_2,533,"[[25, [7, 7, 4, 1, 1]], [27, [1, 2, 2, 1, 1]], [29, [4, 1, 1]], [56, 1], [62, 2], [68, 1], [95, 0]]",[3.138779909750834e-06]
layer_2,534,"[[25, [7, 14, 2, 1, 1]], [27, [1, 1, 2, 1, 2]], [29, [1, 4, 1]], [56, 2], [62, 2], [68, 1], [95, 2]]",[3.3142844792596807e-06]
layer_2,535,"[[25, [7, 7, 4, 1, 1]], [27, [1, 2, 2, 1, 1]], [29, [4, 1, 1]], [56, 3], [62, 2], [68, 2], [95, 1]]",[10000000000]
layer_2,536,"[[25, [7, 7, 4, 1, 1]], [27, [1, 2, 2, 1, 1]], [29, [4, 1, 1]], [56, 3], [62, 2], [68, 3], [95, 1]]",[10000000000]
layer_2,537,"[[25, [7, 7, 4, 1, 1]], [27, [2, 1, 2, 1, 1]], [29, [2, 2, 1]], [56, 2], [62, 1], [68, 3], [95, 4]]",[3.007436627156437e-06]
layer_2,538,"[[25, [7, 14, 2, 1, 1]], [27, [1, 1, 2, 1, 2]], [29, [1, 4, 1]], [56, 2], [62, 2], [68, 3], [95, 4]]",[2.9495125796554166e-06]
layer_2,539,"[[25, [7, 14, 2, 1, 1]], [27, [1, 1, 2, 2, 1]], [29, [1, 4, 1]], [56, 2], [62, 2], [68, 3], [95, 4]]",[3.059779070465969e-06]
layer_2,540,"[[25, [7, 7, 4, 1, 1]], [27, [1, 2, 2, 1, 1]], [29, [4, 1, 1]], [56, 1], [62, 2], [68, 2], [95, 1]]",[3.3475536054500317e-06]
layer_2,541,"[[25, [7, 7, 4, 1, 1]], [27, [1, 1, 2, 1, 2]], [29, [4, 1, 1]], [56, 2], [62, 2], [68, 1], [95, 1]]",[3.071261419641784e-06]
layer_2,542,"[[25, [7, 14, 2, 1, 1]], [27, [1, 1, 2, 1, 2]], [29, [4, 1, 1]], [56, 2], [62, 2], [68, 1], [95, 1]]",[3.011142869979334e-06]
layer_2,543,"[[25, [7, 14, 2, 1, 1]], [27, [1, 1, 2, 2, 1]], [29, [1, 4, 1]], [56, 1], [62, 2], [68, 1], [95, 1]]",[3.1892773035797306e-06]
layer_2,544,"[[25, [7, 4, 7, 1, 1]], [27, [1, 4, 1, 1, 1]], [29, [2, 2, 1]], [56, 2], [62, 2], [68, 1], [95, 3]]",[3.215854242693735e-06]
layer_2,545,"[[25, [7, 7, 4, 1, 1]], [27, [2, 1, 1, 1, 2]], [29, [1, 1, 4]], [56, 3], [62, 2], [68, 3], [95, 4]]",[10000000000]
layer_2,546,"[[25, [7, 7, 4, 1, 1]], [27, [2, 1, 2, 1, 1]], [29, [4, 1, 1]], [56, 3], [62, 1], [68, 3], [95, 3]]",[10000000000]
layer_2,547,"[[25, [7, 7, 4, 1, 1]], [27, [1, 2, 1, 1, 2]], [29, [1, 4, 1]], [56, 1], [62, 2], [68, 2], [95, 1]]",[3.072245509779886e-06]
layer_2,548,"[[25, [7, 14, 2, 1, 1]], [27, [1, 1, 2, 1, 2]], [29, [2, 2, 1]], [56, 2], [62, 2], [68, 3], [95, 2]]",[3.086337487067479e-06]
layer_2,549,"[[25, [7, 7, 4, 1, 1]], [27, [1, 2, 2, 1, 1]], [29, [4, 1, 1]], [56, 3], [62, 2], [68, 3], [95, 0]]",[10000000000]
layer_2,550,"[[25, [7, 14, 2, 1, 1]], [27, [1, 1, 4, 1, 1]], [29, [4, 1, 1]], [56, 3], [62, 1], [68, 1], [95, 1]]",[10000000000]
layer_2,551,"[[25, [7, 14, 2, 1, 1]], [27, [1, 1, 2, 2, 1]], [29, [2, 2, 1]], [56, 2], [62, 2], [68, 1], [95, 4]]",[3.4545046760987976e-06]
layer_2,552,"[[25, [7, 14, 2, 1, 1]], [27, [2, 1, 2, 1, 1]], [29, [4, 1, 1]], [56, 2], [62, 0], [68, 3], [95, 4]]",[3.179888885356393e-06]
layer_2,553,"[[25, [7, 14, 2, 1, 1]], [27, [1, 1, 2, 2, 1]], [29, [4, 1, 1]], [56, 2], [62, 2], [68, 3], [95, 2]]",[2.997583382806934e-06]
layer_2,554,"[[25, [7, 14, 2, 1, 1]], [27, [1, 1, 4, 1, 1]], [29, [2, 2, 1]], [56, 3], [62, 1], [68, 1], [95, 1]]",[10000000000]
layer_2,555,"[[25, [14, 7, 2, 1, 1]], [27, [1, 1, 2, 1, 2]], [29, [4, 1, 1]], [56, 2], [62, 0], [68, 2], [95, 4]]",[3.0297130307894356e-06]
layer_2,556,"[[25, [7, 7, 4, 1, 1]], [27, [1, 1, 2, 2, 1]], [29, [4, 1, 1]], [56, 2], [62, 2], [68, 2], [95, 0]]",[3.5706469591764555e-06]
layer_2,557,"[[25, [7, 14, 2, 1, 1]], [27, [1, 1, 2, 1, 2]], [29, [2, 2, 1]], [56, 2], [62, 1], [68, 1], [95, 1]]",[2.88242675086436e-06]
layer_2,558,"[[25, [7, 7, 4, 1, 1]], [27, [1, 2, 1, 1, 2]], [29, [1, 4, 1]], [56, 1], [62, 2], [68, 2], [95, 0]]",[3.028494062188378e-06]
layer_2,559,"[[25, [7, 7, 4, 1, 1]], [27, [1, 2, 1, 2, 1]], [29, [1, 4, 1]], [56, 1], [62, 2], [68, 2], [95, 0]]",[3.0697089753291965e-06]
layer_2,560,"[[25, [196, 1, 1, 1, 1]], [27, [2, 2, 1, 1, 1]], [29, [2, 1, 2]], [56, 2], [62, 2], [68, 3], [95, 1]]",[3.1715074340965064e-06]
layer_2,561,"[[25, [7, 7, 4, 1, 1]], [27, [2, 1, 2, 1, 1]], [29, [4, 1, 1]], [56, 2], [62, 2], [68, 1], [95, 1]]",[2.8889964571129493e-06]
layer_2,562,"[[25, [7, 14, 2, 1, 1]], [27, [1, 1, 2, 1, 2]], [29, [4, 1, 1]], [56, 2], [62, 0], [68, 1], [95, 1]]",[3.2525858953944143e-06]
layer_2,563,"[[25, [7, 7, 4, 1, 1]], [27, [2, 1, 1, 1, 2]], [29, [1, 1, 4]], [56, 2], [62, 2], [68, 2], [95, 4]]",[3.0922227441877602e-06]
layer_2,564,"[[25, [7, 7, 4, 1, 1]], [27, [2, 1, 2, 1, 1]], [29, [2, 2, 1]], [56, 2], [62, 2], [68, 1], [95, 4]]",[3.464260086481732e-06]
layer_2,565,"[[25, [7, 14, 2, 1, 1]], [27, [1, 1, 4, 1, 1]], [29, [2, 2, 1]], [56, 2], [62, 1], [68, 1], [95, 0]]",[2.9837687712073313e-06]
layer_2,566,"[[25, [7, 14, 2, 1, 1]], [27, [1, 1, 2, 2, 1]], [29, [2, 2, 1]], [56, 2], [62, 1], [68, 1], [95, 4]]",[2.8182773687289454e-06]
layer_2,567,"[[25, [7, 7, 4, 1, 1]], [27, [1, 1, 2, 2, 1]], [29, [4, 1, 1]], [56, 2], [62, 2], [68, 1], [95, 4]]",[2.966263615072189e-06]
layer_2,568,"[[25, [7, 14, 2, 1, 1]], [27, [1, 1, 4, 1, 1]], [29, [4, 1, 1]], [56, 1], [62, 1], [68, 0], [95, 1]]",[3.403004763851973e-06]
layer_2,569,"[[25, [7, 14, 2, 1, 1]], [27, [1, 1, 2, 1, 2]], [29, [2, 2, 1]], [56, 2], [62, 2], [68, 1], [95, 3]]",[2.9878497452304776e-06]
layer_2,570,"[[25, [7, 14, 2, 1, 1]], [27, [1, 1, 2, 1, 2]], [29, [2, 2, 1]], [56, 2], [62, 2], [68, 2], [95, 2]]",[3.26911438023364e-06]
layer_2,571,"[[25, [7, 14, 2, 1, 1]], [27, [1, 1, 2, 2, 1]], [29, [2, 2, 1]], [56, 2], [62, 2], [68, 2], [95, 2]]",[2.924191435997165e-06]
layer_2,572,"[[25, [7, 7, 4, 1, 1]], [27, [1, 1, 2, 1, 2]], [29, [1, 4, 1]], [56, 2], [62, 2], [68, 3], [95, 4]]",[3.899197453389744e-06]
layer_2,573,"[[25, [2, 98, 1, 1, 1]], [27, [1, 1, 4, 1, 1]], [29, [4, 1, 1]], [56, 2], [62, 1], [68, 0], [95, 4]]",[5.560732540555404e-06]
layer_2,574,"[[25, [98, 1, 1, 2, 1]], [27, [2, 1, 1, 2, 1]], [29, [1, 1, 4]], [56, 2], [62, 2], [68, 3], [95, 0]]",[3.2069852241422487e-06]
layer_2,575,"[[25, [14, 1, 1, 7, 2]], [27, [1, 1, 1, 4, 1]], [29, [1, 4, 1]], [56, 1], [62, 1], [68, 0], [95, 4]]",[1.977363362445415e-05]
layer_2,576,"[[25, [7, 7, 4, 1, 1]], [27, [2, 1, 2, 1, 1]], [29, [4, 1, 1]], [56, 3], [62, 2], [68, 2], [95, 1]]",[10000000000]
layer_2,577,"[[25, [7, 14, 2, 1, 1]], [27, [1, 1, 2, 1, 2]], [29, [1, 2, 2]], [56, 2], [62, 2], [68, 3], [95, 0]]",[2.9911756197934353e-06]
layer_2,578,"[[25, [7, 14, 2, 1, 1]], [27, [1, 1, 2, 1, 2]], [29, [1, 4, 1]], [56, 2], [62, 2], [68, 2], [95, 0]]",[3.170075634466847e-06]
layer_2,579,"[[25, [7, 14, 2, 1, 1]], [27, [1, 1, 2, 2, 1]], [29, [1, 4, 1]], [56, 2], [62, 2], [68, 3], [95, 0]]",[2.9773022712485954e-06]
layer_2,580,"[[25, [7, 14, 2, 1, 1]], [27, [1, 1, 2, 1, 2]], [29, [1, 1, 4]], [56, 2], [62, 2], [68, 3], [95, 1]]",[2.972259817498032e-06]
layer_2,581,"[[25, [7, 14, 2, 1, 1]], [27, [1, 1, 4, 1, 1]], [29, [2, 2, 1]], [56, 1], [62, 1], [68, 1], [95, 4]]",[3.142790284620454e-06]
layer_2,582,"[[25, [1, 28, 7, 1, 1]], [27, [1, 4, 1, 1, 1]], [29, [2, 2, 1]], [56, 2], [62, 2], [68, 2], [95, 2]]",[2.8455925458742886e-06]
layer_2,583,"[[25, [1, 28, 7, 1, 1]], [27, [1, 4, 1, 1, 1]], [29, [2, 1, 2]], [56, 2], [62, 2], [68, 2], [95, 2]]",[3.7049567928980786e-06]
layer_2,584,"[[25, [7, 7, 4, 1, 1]], [27, [1, 2, 2, 1, 1]], [29, [4, 1, 1]], [56, 2], [62, 2], [68, 1], [95, 3]]",[3.0974529482915026e-06]
layer_2,585,"[[25, [7, 7, 4, 1, 1]], [27, [2, 1, 2, 1, 1]], [29, [4, 1, 1]], [56, 3], [62, 2], [68, 1], [95, 1]]",[10000000000]
layer_2,586,"[[25, [7, 14, 2, 1, 1]], [27, [1, 1, 2, 2, 1]], [29, [1, 4, 1]], [56, 2], [62, 2], [68, 2], [95, 2]]",[2.838275054394097e-06]
layer_2,587,"[[25, [7, 7, 4, 1, 1]], [27, [1, 2, 2, 1, 1]], [29, [4, 1, 1]], [56, 2], [62, 2], [68, 1], [95, 1]]",[3.071884082294594e-06]
layer_2,588,"[[25, [7, 14, 2, 1, 1]], [27, [1, 1, 2, 2, 1]], [29, [2, 2, 1]], [56, 2], [62, 1], [68, 0], [95, 1]]",[3.5328000182215742e-06]
layer_2,589,"[[25, [7, 14, 2, 1, 1]], [27, [1, 1, 2, 2, 1]], [29, [2, 1, 2]], [56, 2], [62, 1], [68, 0], [95, 1]]",[2.8482197643570534e-06]
layer_2,590,"[[25, [7, 7, 4, 1, 1]], [27, [2, 1, 2, 1, 1]], [29, [4, 1, 1]], [56, 3], [62, 1], [68, 1], [95, 3]]",[10000000000]
layer_2,591,"[[25, [7, 14, 2, 1, 1]], [27, [1, 1, 2, 2, 1]], [29, [4, 1, 1]], [56, 2], [62, 2], [68, 3], [95, 1]]",[2.9777328018731188e-06]
layer_2,592,"[[25, [14, 7, 2, 1, 1]], [27, [1, 1, 2, 1, 2]], [29, [2, 2, 1]], [56, 2], [62, 1], [68, 1], [95, 4]]",[2.9264881458094145e-06]
layer_2,593,"[[25, [7, 7, 4, 1, 1]], [27, [1, 2, 2, 1, 1]], [29, [2, 1, 2]], [56, 2], [62, 2], [68, 3], [95, 1]]",[2.837775026478215e-06]
layer_2,594,"[[25, [7, 14, 2, 1, 1]], [27, [1, 1, 2, 2, 1]], [29, [1, 4, 1]], [56, 1], [62, 2], [68, 2], [95, 4]]",[2.8222396635514018e-06]
layer_2,595,"[[25, [7, 7, 4, 1, 1]], [27, [2, 1, 2, 1, 1]], [29, [2, 2, 1]], [56, 2], [62, 1], [68, 2], [95, 4]]",[2.9876726971849316e-06]
layer_2,596,"[[25, [7, 7, 4, 1, 1]], [27, [1, 1, 2, 2, 1]], [29, [4, 1, 1]], [56, 2], [62, 2], [68, 1], [95, 1]]",[2.926416596055515e-06]
layer_2,597,"[[25, [7, 7, 4, 1, 1]], [27, [1, 2, 2, 1, 1]], [29, [2, 1, 2]], [56, 2], [62, 2], [68, 3], [95, 2]]",[2.955558169066928e-06]
layer_2,598,"[[25, [7, 14, 2, 1, 1]], [27, [1, 1, 2, 2, 1]], [29, [2, 2, 1]], [56, 2], [62, 1], [68, 1], [95, 1]]",[2.894572148924634e-06]
layer_2,599,"[[25, [7, 14, 2, 1, 1]], [27, [1, 1, 4, 1, 1]], [29, [4, 1, 1]], [56, 3], [62, 1], [68, 2], [95, 1]]",[10000000000]
layer_2,600,"[[25, [7, 14, 2, 1, 1]], [27, [1, 1, 2, 1, 2]], [29, [1, 4, 1]], [56, 2], [62, 1], [68, 2], [95, 0]]",[3.0067857933672186e-06]
layer_2,601,"[[25, [7, 14, 2, 1, 1]], [27, [1, 1, 2, 1, 2]], [29, [1, 1, 4]], [56, 1], [62, 2], [68, 3], [95, 1]]",[2.8472885069158013e-06]
layer_2,602,"[[25, [7, 7, 4, 1, 1]], [27, [2, 1, 1, 2, 1]], [29, [1, 1, 4]], [56, 3], [62, 2], [68, 2], [95, 4]]",[10000000000]
layer_2,603,"[[25, [7, 14, 2, 1, 1]], [27, [1, 1, 2, 2, 1]], [29, [2, 2, 1]], [56, 2], [62, 1], [68, 3], [95, 4]]",[3.258473045530534e-06]
layer_2,604,"[[25, [7, 7, 4, 1, 1]], [27, [1, 2, 2, 1, 1]], [29, [2, 1, 2]], [56, 1], [62, 2], [68, 3], [95, 0]]",[3.299054295139977e-06]
layer_2,605,"[[25, [1, 196, 1, 1, 1]], [27, [1, 1, 4, 1, 1]], [29, [2, 2, 1]], [56, 2], [62, 2], [68, 2], [95, 0]]",[3.0954668620807795e-06]
layer_2,606,"[[25, [7, 7, 4, 1, 1]], [27, [2, 1, 1, 1, 2]], [29, [2, 2, 1]], [56, 2], [62, 1], [68, 2], [95, 4]]",[2.8885541804716428e-06]
layer_2,607,"[[25, [7, 7, 4, 1, 1]], [27, [2, 1, 2, 1, 1]], [29, [2, 1, 2]], [56, 3], [62, 1], [68, 2], [95, 4]]",[10000000000]
layer_2,608,"[[25, [14, 7, 2, 1, 1]], [27, [1, 1, 2, 1, 2]], [29, [4, 1, 1]], [56, 2], [62, 2], [68, 3], [95, 4]]",[2.9568746682394575e-06]
layer_2,609,"[[25, [14, 7, 2, 1, 1]], [27, [1, 1, 2, 1, 2]], [29, [1, 4, 1]], [56, 2], [62, 2], [68, 2], [95, 4]]",[2.9918310912692545e-06]
layer_2,610,"[[25, [7, 14, 2, 1, 1]], [27, [1, 1, 2, 2, 1]], [29, [2, 1, 2]], [56, 2], [62, 2], [68, 3], [95, 2]]",[2.8249870204414164e-06]
layer_2,611,"[[25, [7, 14, 2, 1, 1]], [27, [1, 1, 2, 2, 1]], [29, [2, 2, 1]], [56, 2], [62, 1], [68, 2], [95, 1]]",[3.6153623178201788e-06]
layer_2,612,"[[25, [7, 7, 4, 1, 1]], [27, [1, 1, 2, 1, 2]], [29, [4, 1, 1]], [56, 3], [62, 2], [68, 1], [95, 4]]",[10000000000]
layer_2,613,"[[25, [7, 7, 4, 1, 1]], [27, [2, 2, 1, 1, 1]], [29, [4, 1, 1]], [56, 2], [62, 2], [68, 2], [95, 0]]",[2.904652073205605e-06]
layer_2,614,"[[25, [14, 7, 2, 1, 1]], [27, [1, 1, 2, 1, 2]], [29, [4, 1, 1]], [56, 2], [62, 2], [68, 1], [95, 4]]",[3.026052278858441e-06]
layer_2,615,"[[25, [7, 14, 2, 1, 1]], [27, [2, 1, 2, 1, 1]], [29, [4, 1, 1]], [56, 2], [62, 2], [68, 3], [95, 4]]",[2.9387610498044024e-06]
layer_2,616,"[[25, [1, 196, 1, 1, 1]], [27, [1, 1, 4, 1, 1]], [29, [2, 1, 2]], [56, 2], [62, 2], [68, 2], [95, 1]]",[5.685096463090364e-06]
layer_2,617,"[[25, [7, 7, 4, 1, 1]], [27, [1, 2, 1, 1, 2]], [29, [1, 4, 1]], [56, 3], [62, 2], [68, 3], [95, 4]]",[10000000000]
layer_2,618,"[[25, [7, 7, 4, 1, 1]], [27, [1, 2, 2, 1, 1]], [29, [2, 1, 2]], [56, 2], [62, 2], [68, 1], [95, 3]]",[2.9556446926908566e-06]
layer_2,619,"[[25, [7, 7, 4, 1, 1]], [27, [1, 2, 1, 2, 1]], [29, [1, 4, 1]], [56, 2], [62, 2], [68, 2], [95, 0]]",[2.893066280079041e-06]
layer_2,620,"[[25, [7, 7, 4, 1, 1]], [27, [1, 2, 1, 2, 1]], [29, [1, 4, 1]], [56, 2], [62, 2], [68, 3], [95, 0]]",[2.9107391328924314e-06]
layer_2,621,"[[25, [7, 14, 2, 1, 1]], [27, [1, 1, 2, 2, 1]], [29, [4, 1, 1]], [56, 2], [62, 0], [68, 2], [95, 2]]",[3.182896229971725e-06]
layer_2,622,"[[25, [7, 7, 4, 1, 1]], [27, [1, 1, 2, 2, 1]], [29, [1, 4, 1]], [56, 3], [62, 2], [68, 3], [95, 0]]",[10000000000]
layer_2,623,"[[25, [7, 14, 2, 1, 1]], [27, [1, 1, 2, 2, 1]], [29, [2, 1, 2]], [56, 2], [62, 2], [68, 1], [95, 3]]",[3.486034016862704e-06]
layer_2,624,"[[25, [7, 7, 4, 1, 1]], [27, [1, 1, 2, 1, 2]], [29, [4, 1, 1]], [56, 2], [62, 1], [68, 1], [95, 1]]",[3.3933493136039004e-06]
layer_2,625,"[[25, [7, 7, 4, 1, 1]], [27, [1, 1, 2, 2, 1]], [29, [4, 1, 1]], [56, 2], [62, 1], [68, 1], [95, 1]]",[3.638303145377829e-06]
layer_2,626,"[[25, [7, 14, 2, 1, 1]], [27, [1, 1, 2, 1, 2]], [29, [4, 1, 1]], [56, 2], [62, 2], [68, 2], [95, 1]]",[3.3068262003041496e-06]
layer_2,627,"[[25, [7, 14, 2, 1, 1]], [27, [1, 1, 2, 2, 1]], [29, [4, 1, 1]], [56, 2], [62, 2], [68, 2], [95, 1]]",[4.1450999747636515e-06]
layer_2,628,"[[25, [7, 14, 2, 1, 1]], [27, [1, 1, 2, 2, 1]], [29, [1, 4, 1]], [56, 1], [62, 2], [68, 1], [95, 4]]",[3.0097670920788944e-06]
layer_2,629,"[[25, [7, 14, 2, 1, 1]], [27, [1, 1, 2, 1, 2]], [29, [2, 2, 1]], [56, 2], [62, 2], [68, 0], [95, 0]]",[2.975334893656543e-06]
layer_2,630,"[[25, [7, 7, 4, 1, 1]], [27, [1, 2, 2, 1, 1]], [29, [2, 1, 2]], [56, 2], [62, 2], [68, 1], [95, 1]]",[2.982932216212127e-06]
layer_2,631,"[[25, [7, 14, 2, 1, 1]], [27, [1, 1, 2, 1, 2]], [29, [2, 2, 1]], [56, 2], [62, 1], [68, 3], [95, 3]]",[2.9628413501316286e-06]
layer_2,632,"[[25, [7, 14, 2, 1, 1]], [27, [1, 1, 2, 1, 2]], [29, [1, 4, 1]], [56, 2], [62, 2], [68, 1], [95, 0]]",[2.9842223380660818e-06]
layer_2,633,"[[25, [7, 14, 2, 1, 1]], [27, [1, 1, 2, 2, 1]], [29, [2, 2, 1]], [56, 1], [62, 1], [68, 3], [95, 4]]",[2.996876993702548e-06]
layer_2,634,"[[25, [7, 7, 4, 1, 1]], [27, [2, 1, 2, 1, 1]], [29, [4, 1, 1]], [56, 2], [62, 2], [68, 1], [95, 2]]",[2.9793769343745522e-06]
layer_2,635,"[[25, [7, 14, 2, 1, 1]], [27, [1, 1, 2, 2, 1]], [29, [1, 2, 2]], [56, 2], [62, 2], [68, 1], [95, 1]]",[2.959956632747456e-06]
layer_2,636,"[[25, [7, 14, 2, 1, 1]], [27, [1, 1, 2, 2, 1]], [29, [2, 2, 1]], [56, 1], [62, 2], [68, 1], [95, 2]]",[3.1094491367197275e-06]
layer_2,637,"[[25, [2, 7, 1, 14, 1]], [27, [2, 1, 2, 1, 1]], [29, [1, 1, 4]], [56, 2], [62, 1], [68, 3], [95, 1]]",[1.031426779950636e-05]
layer_2,638,"[[25, [4, 7, 7, 1, 1]], [27, [1, 1, 1, 2, 2]], [29, [4, 1, 1]], [56, 0], [62, 0], [68, 2], [95, 3]]",[8.01499067112225e-06]
layer_2,639,"[[25, [14, 1, 1, 7, 2]], [27, [4, 1, 1, 1, 1]], [29, [2, 1, 2]], [56, 1], [62, 1], [68, 1], [95, 2]]",[9.886199654491609e-06]
layer_2,640,"[[25, [7, 7, 4, 1, 1]], [27, [2, 1, 1, 1, 2]], [29, [2, 2, 1]], [56, 2], [62, 1], [68, 0], [95, 4]]",[3.329987715841928e-06]
layer_2,641,"[[25, [7, 7, 4, 1, 1]], [27, [1, 1, 1, 1, 4]], [29, [2, 2, 1]], [56, 2], [62, 1], [68, 0], [95, 4]]",[3.2725531344712072e-06]
layer_2,642,"[[25, [7, 7, 4, 1, 1]], [27, [1, 1, 1, 2, 2]], [29, [2, 2, 1]], [56, 2], [62, 1], [68, 0], [95, 4]]",[3.2729932587211204e-06]
layer_2,643,"[[25, [7, 7, 4, 1, 1]], [27, [1, 1, 1, 1, 4]], [29, [2, 2, 1]], [56, 2], [62, 2], [68, 0], [95, 4]]",[2.990015082720109e-06]
layer_2,644,"[[25, [7, 7, 4, 1, 1]], [27, [1, 1, 1, 2, 2]], [29, [2, 2, 1]], [56, 2], [62, 2], [68, 0], [95, 4]]",[3.66360282178608e-06]
layer_2,645,"[[25, [7, 14, 2, 1, 1]], [27, [1, 1, 2, 1, 2]], [29, [1, 1, 4]], [56, 1], [62, 2], [68, 2], [95, 2]]",[3.166615259465855e-06]
layer_2,646,"[[25, [7, 14, 2, 1, 1]], [27, [1, 1, 2, 2, 1]], [29, [1, 4, 1]], [56, 1], [62, 2], [68, 2], [95, 2]]",[3.2902081344677315e-06]
layer_2,647,"[[25, [7, 14, 2, 1, 1]], [27, [1, 1, 2, 1, 2]], [29, [1, 2, 2]], [56, 2], [62, 2], [68, 2], [95, 2]]",[3.018436174861114e-06]
layer_2,648,"[[25, [7, 14, 2, 1, 1]], [27, [1, 1, 2, 1, 2]], [29, [1, 4, 1]], [56, 2], [62, 2], [68, 2], [95, 2]]",[3.0183372694388808e-06]
layer_2,649,"[[25, [7, 14, 2, 1, 1]], [27, [1, 1, 2, 1, 2]], [29, [1, 4, 1]], [56, 1], [62, 2], [68, 3], [95, 1]]",[3.0701802217001024e-06]
layer_2,650,"[[25, [7, 14, 2, 1, 1]], [27, [1, 1, 2, 2, 1]], [29, [1, 2, 2]], [56, 2], [62, 2], [68, 2], [95, 1]]",[3.6459559211901275e-06]
layer_2,651,"[[25, [7, 14, 2, 1, 1]], [27, [1, 1, 2, 2, 1]], [29, [1, 4, 1]], [56, 2], [62, 2], [68, 2], [95, 1]]",[3.1866580424197412e-06]
layer_2,652,"[[25, [7, 14, 2, 1, 1]], [27, [1, 1, 2, 2, 1]], [29, [1, 2, 2]], [56, 2], [62, 2], [68, 3], [95, 1]]",[3.5565567769851475e-06]
layer_2,653,"[[25, [7, 7, 4, 1, 1]], [27, [2, 1, 1, 2, 1]], [29, [2, 2, 1]], [56, 2], [62, 1], [68, 2], [95, 4]]",[3.099425460843746e-06]
layer_2,654,"[[25, [7, 14, 2, 1, 1]], [27, [1, 1, 2, 1, 2]], [29, [2, 1, 2]], [56, 1], [62, 2], [68, 3], [95, 2]]",[3.4929051147273893e-06]
layer_2,655,"[[25, [7, 14, 2, 1, 1]], [27, [1, 1, 2, 1, 2]], [29, [2, 2, 1]], [56, 1], [62, 2], [68, 3], [95, 2]]",[3.123918192040982e-06]
layer_2,656,"[[25, [7, 7, 4, 1, 1]], [27, [1, 2, 2, 1, 1]], [29, [2, 1, 2]], [56, 2], [62, 2], [68, 2], [95, 1]]",[2.9698143737260384e-06]
layer_2,657,"[[25, [7, 14, 2, 1, 1]], [27, [1, 1, 2, 2, 1]], [29, [2, 2, 1]], [56, 2], [62, 2], [68, 3], [95, 2]]",[3.267768773234201e-06]
layer_2,658,"[[25, [7, 7, 4, 1, 1]], [27, [1, 2, 2, 1, 1]], [29, [2, 2, 1]], [56, 2], [62, 2], [68, 3], [95, 2]]",[2.9762404354715896e-06]
layer_2,659,"[[25, [7, 7, 4, 1, 1]], [27, [2, 2, 1, 1, 1]], [29, [4, 1, 1]], [56, 2], [62, 2], [68, 2], [95, 4]]",[3.05014412087749e-06]
layer_2,660,"[[25, [7, 7, 4, 1, 1]], [27, [2, 1, 2, 1, 1]], [29, [4, 1, 1]], [56, 2], [62, 2], [68, 2], [95, 2]]",[3.5867860574186645e-06]
layer_2,661,"[[25, [7, 7, 4, 1, 1]], [27, [2, 1, 1, 1, 2]], [29, [2, 2, 1]], [56, 2], [62, 1], [68, 1], [95, 4]]",[3.1979244048089854e-06]
layer_2,662,"[[25, [7, 7, 4, 1, 1]], [27, [2, 1, 1, 1, 2]], [29, [2, 2, 1]], [56, 2], [62, 1], [68, 3], [95, 4]]",[2.8802037802406087e-06]
layer_2,663,"[[25, [7, 7, 4, 1, 1]], [27, [2, 1, 1, 2, 1]], [29, [2, 2, 1]], [56, 2], [62, 1], [68, 3], [95, 4]]",[3.5399726254834073e-06]
layer_2,664,"[[25, [7, 14, 2, 1, 1]], [27, [1, 1, 2, 2, 1]], [29, [1, 4, 1]], [56, 1], [62, 2], [68, 3], [95, 0]]",[3.0633524892533765e-06]
layer_2,665,"[[25, [7, 14, 2, 1, 1]], [27, [1, 1, 2, 1, 2]], [29, [1, 2, 2]], [56, 2], [62, 2], [68, 3], [95, 2]]",[3.0215373977111454e-06]
layer_2,666,"[[25, [7, 14, 2, 1, 1]], [27, [1, 1, 2, 1, 2]], [29, [1, 1, 4]], [56, 2], [62, 2], [68, 3], [95, 2]]",[3.2494423844500606e-06]
layer_2,667,"[[25, [7, 14, 2, 1, 1]], [27, [1, 1, 2, 2, 1]], [29, [1, 4, 1]], [56, 2], [62, 2], [68, 3], [95, 2]]",[3.6611045504681887e-06]
layer_2,668,"[[25, [14, 7, 2, 1, 1]], [27, [1, 1, 2, 1, 2]], [29, [2, 1, 2]], [56, 2], [62, 1], [68, 1], [95, 4]]",[2.932555220671922e-06]
layer_2,669,"[[25, [7, 7, 4, 1, 1]], [27, [1, 2, 2, 1, 1]], [29, [2, 1, 2]], [56, 2], [62, 2], [68, 1], [95, 2]]",[3.2402507199351042e-06]
layer_2,670,"[[25, [7, 14, 2, 1, 1]], [27, [1, 1, 2, 1, 2]], [29, [1, 1, 4]], [56, 1], [62, 2], [68, 3], [95, 3]]",[5.776056849245723e-06]
layer_2,671,"[[25, [7, 7, 4, 1, 1]], [27, [2, 2, 1, 1, 1]], [29, [4, 1, 1]], [56, 1], [62, 2], [68, 2], [95, 4]]",[3.280075460646736e-06]
layer_2,672,"[[25, [7, 7, 4, 1, 1]], [27, [2, 2, 1, 1, 1]], [29, [2, 2, 1]], [56, 2], [62, 2], [68, 2], [95, 4]]",[3.732130883888731e-06]
layer_2,673,"[[25, [7, 7, 4, 1, 1]], [27, [1, 2, 1, 1, 2]], [29, [1, 1, 4]], [56, 2], [62, 2], [68, 2], [95, 0]]",[2.91867867696509e-06]
layer_2,674,"[[25, [7, 14, 2, 1, 1]], [27, [1, 1, 2, 2, 1]], [29, [1, 4, 1]], [56, 2], [62, 2], [68, 3], [95, 3]]",[3.198523121129772e-06]
layer_2,675,"[[25, [7, 14, 2, 1, 1]], [27, [1, 1, 2, 1, 2]], [29, [1, 4, 1]], [56, 2], [62, 2], [68, 3], [95, 3]]",[3.918421393570421e-06]
layer_2,676,"[[25, [7, 7, 4, 1, 1]], [27, [1, 2, 1, 2, 1]], [29, [1, 2, 2]], [56, 2], [62, 2], [68, 3], [95, 0]]",[3.2707399843403366e-06]
layer_2,677,"[[25, [7, 7, 4, 1, 1]], [27, [1, 2, 1, 1, 2]], [29, [1, 4, 1]], [56, 2], [62, 2], [68, 3], [95, 0]]",[3.3341611516608856e-06]
layer_2,678,"[[25, [7, 14, 2, 1, 1]], [27, [2, 1, 2, 1, 1]], [29, [4, 1, 1]], [56, 2], [62, 2], [68, 2], [95, 4]]",[3.1340533820306794e-06]
layer_2,679,"[[25, [7, 14, 2, 1, 1]], [27, [1, 1, 4, 1, 1]], [29, [2, 1, 2]], [56, 2], [62, 1], [68, 1], [95, 4]]",[4.000435714132831e-06]
layer_2,680,"[[25, [7, 7, 4, 1, 1]], [27, [2, 2, 1, 1, 1]], [29, [2, 2, 1]], [56, 2], [62, 2], [68, 1], [95, 4]]",[3.6664580908255477e-06]
layer_2,681,"[[25, [7, 14, 2, 1, 1]], [27, [1, 1, 2, 1, 2]], [29, [2, 2, 1]], [56, 1], [62, 2], [68, 1], [95, 2]]",[3.715763076286955e-06]
layer_2,682,"[[25, [7, 14, 2, 1, 1]], [27, [1, 1, 2, 1, 2]], [29, [2, 1, 2]], [56, 2], [62, 2], [68, 1], [95, 2]]",[3.0754782043469427e-06]
layer_2,683,"[[25, [7, 14, 2, 1, 1]], [27, [1, 1, 2, 2, 1]], [29, [2, 1, 2]], [56, 2], [62, 2], [68, 1], [95, 2]]",[2.9654778826617e-06]
layer_2,684,"[[25, [7, 7, 4, 1, 1]], [27, [1, 2, 1, 1, 2]], [29, [1, 1, 4]], [56, 3], [62, 2], [68, 2], [95, 4]]",[10000000000]
layer_2,685,"[[25, [7, 7, 4, 1, 1]], [27, [1, 2, 1, 2, 1]], [29, [1, 4, 1]], [56, 2], [62, 2], [68, 3], [95, 1]]",[3.545868841472642e-06]
layer_2,686,"[[25, [7, 14, 2, 1, 1]], [27, [1, 1, 2, 1, 2]], [29, [2, 2, 1]], [56, 2], [62, 1], [68, 3], [95, 0]]",[3.200066047103755e-06]
layer_2,687,"[[25, [7, 7, 4, 1, 1]], [27, [1, 2, 2, 1, 1]], [29, [2, 1, 2]], [56, 2], [62, 2], [68, 3], [95, 3]]",[3.499455315792667e-06]
layer_2,688,"[[25, [7, 14, 2, 1, 1]], [27, [1, 1, 2, 1, 2]], [29, [2, 2, 1]], [56, 2], [62, 2], [68, 3], [95, 0]]",[3.385241437065572e-06]
layer_2,689,"[[25, [7, 7, 4, 1, 1]], [27, [2, 2, 1, 1, 1]], [29, [2, 1, 2]], [56, 2], [62, 2], [68, 2], [95, 0]]",[3.2732066192969336e-06]
layer_2,690,"[[25, [7, 14, 2, 1, 1]], [27, [1, 1, 2, 2, 1]], [29, [1, 4, 1]], [56, 2], [62, 1], [68, 3], [95, 1]]",[3.1673151248106694e-06]
layer_2,691,"[[25, [7, 14, 2, 1, 1]], [27, [1, 1, 2, 2, 1]], [29, [1, 4, 1]], [56, 2], [62, 2], [68, 1], [95, 0]]",[2.933720566146736e-06]
layer_2,692,"[[25, [7, 14, 2, 1, 1]], [27, [1, 1, 2, 1, 2]], [29, [4, 1, 1]], [56, 2], [62, 1], [68, 3], [95, 1]]",[3.1415410657321292e-06]
layer_2,693,"[[25, [7, 14, 2, 1, 1]], [27, [1, 1, 2, 2, 1]], [29, [4, 1, 1]], [56, 2], [62, 1], [68, 3], [95, 1]]",[2.9255445606958275e-06]
layer_2,694,"[[25, [7, 7, 4, 1, 1]], [27, [1, 1, 2, 2, 1]], [29, [4, 1, 1]], [56, 3], [62, 1], [68, 2], [95, 4]]",[10000000000]
layer_2,695,"[[25, [7, 14, 2, 1, 1]], [27, [1, 1, 2, 2, 1]], [29, [1, 4, 1]], [56, 2], [62, 1], [68, 3], [95, 0]]",[3.598897378717538e-06]
layer_2,696,"[[25, [7, 14, 2, 1, 1]], [27, [1, 1, 2, 2, 1]], [29, [1, 4, 1]], [56, 2], [62, 1], [68, 3], [95, 4]]",[3.323524894682721e-06]
layer_2,697,"[[25, [7, 14, 2, 1, 1]], [27, [1, 1, 2, 1, 2]], [29, [4, 1, 1]], [56, 1], [62, 2], [68, 3], [95, 4]]",[3.366511540777414e-06]
layer_2,698,"[[25, [7, 14, 2, 1, 1]], [27, [1, 1, 2, 2, 1]], [29, [2, 2, 1]], [56, 1], [62, 1], [68, 1], [95, 1]]",[3.550283075451217e-06]
layer_2,699,"[[25, [7, 14, 2, 1, 1]], [27, [1, 1, 2, 2, 1]], [29, [2, 1, 2]], [56, 2], [62, 1], [68, 1], [95, 1]]",[3.0994290197751303e-06]
layer_2,700,"[[25, [7, 14, 2, 1, 1]], [27, [1, 1, 2, 1, 2]], [29, [2, 2, 1]], [56, 2], [62, 1], [68, 0], [95, 0]]",[3.672586409622536e-06]
layer_2,701,"[[25, [2, 49, 2, 1, 1]], [27, [2, 1, 2, 1, 1]], [29, [1, 2, 2]], [56, 3], [62, 1], [68, 0], [95, 0]]",[10000000000]
layer_2,702,"[[25, [1, 49, 1, 1, 4]], [27, [1, 1, 4, 1, 1]], [29, [1, 2, 2]], [56, 0], [62, 0], [68, 2], [95, 4]]",[6.1137642743611685e-06]
layer_2,703,"[[25, [2, 7, 7, 2, 1]], [27, [1, 1, 1, 4, 1]], [29, [1, 2, 2]], [56, 1], [62, 1], [68, 0], [95, 4]]",[1.1440473268529769e-05]
layer_2,704,"[[25, [7, 7, 4, 1, 1]], [27, [1, 2, 2, 1, 1]], [29, [2, 2, 1]], [56, 2], [62, 2], [68, 3], [95, 1]]",[3.3567475052641216e-06]
layer_2,705,"[[25, [7, 14, 2, 1, 1]], [27, [1, 1, 2, 2, 1]], [29, [1, 1, 4]], [56, 1], [62, 2], [68, 2], [95, 4]]",[3.0772299709345658e-06]
layer_2,706,"[[25, [7, 7, 4, 1, 1]], [27, [1, 2, 2, 1, 1]], [29, [2, 2, 1]], [56, 2], [62, 2], [68, 2], [95, 1]]",[3.3541229446191828e-06]
layer_2,707,"[[25, [7, 14, 2, 1, 1]], [27, [1, 1, 2, 2, 1]], [29, [1, 2, 2]], [56, 2], [62, 2], [68, 2], [95, 4]]",[3.2445518117880896e-06]
layer_2,708,"[[25, [7, 7, 4, 1, 1]], [27, [1, 2, 2, 1, 1]], [29, [4, 1, 1]], [56, 1], [62, 2], [68, 0], [95, 4]]",[2.9591973848756803e-06]
layer_2,709,"[[25, [7, 14, 2, 1, 1]], [27, [1, 1, 2, 1, 2]], [29, [1, 4, 1]], [56, 1], [62, 2], [68, 0], [95, 4]]",[3.474631071816738e-06]
layer_2,710,"[[25, [7, 7, 4, 1, 1]], [27, [1, 2, 1, 1, 2]], [29, [1, 2, 2]], [56, 2], [62, 2], [68, 2], [95, 0]]",[3.082109787822128e-06]
layer_2,711,"[[25, [7, 7, 4, 1, 1]], [27, [1, 2, 1, 2, 1]], [29, [1, 1, 4]], [56, 2], [62, 2], [68, 2], [95, 0]]",[3.6802494203560025e-06]
layer_2,712,"[[25, [7, 7, 4, 1, 1]], [27, [4, 1, 1, 1, 1]], [29, [4, 1, 1]], [56, 2], [62, 2], [68, 3], [95, 0]]",[3.1024863340831356e-06]
layer_2,713,"[[25, [7, 14, 2, 1, 1]], [27, [1, 1, 2, 1, 2]], [29, [1, 4, 1]], [56, 2], [62, 2], [68, 0], [95, 4]]",[3.0855226834074882e-06]
layer_2,714,"[[25, [7, 7, 4, 1, 1]], [27, [4, 1, 1, 1, 1]], [29, [4, 1, 1]], [56, 2], [62, 2], [68, 2], [95, 0]]",[3.3637837210567356e-06]
layer_2,715,"[[25, [1, 98, 2, 1, 1]], [27, [1, 1, 4, 1, 1]], [29, [2, 2, 1]], [56, 3], [62, 0], [68, 1], [95, 2]]",[10000000000]
layer_2,716,"[[25, [1, 98, 2, 1, 1]], [27, [1, 1, 4, 1, 1]], [29, [2, 1, 2]], [56, 3], [62, 0], [68, 1], [95, 2]]",[10000000000]
layer_2,717,"[[25, [7, 7, 4, 1, 1]], [27, [1, 1, 2, 2, 1]], [29, [4, 1, 1]], [56, 2], [62, 2], [68, 2], [95, 1]]",[3.2924309523809523e-06]
layer_2,718,"[[25, [7, 7, 4, 1, 1]], [27, [1, 2, 2, 1, 1]], [29, [1, 2, 2]], [56, 2], [62, 2], [68, 2], [95, 1]]",[3.0966675896197236e-06]
layer_2,719,"[[25, [7, 14, 2, 1, 1]], [27, [2, 1, 2, 1, 1]], [29, [4, 1, 1]], [56, 3], [62, 2], [68, 3], [95, 4]]",[10000000000]
layer_2,720,"[[25, [7, 7, 4, 1, 1]], [27, [1, 1, 2, 2, 1]], [29, [4, 1, 1]], [56, 3], [62, 2], [68, 1], [95, 4]]",[10000000000]
layer_2,721,"[[25, [14, 2, 7, 1, 1]], [27, [1, 4, 1, 1, 1]], [29, [4, 1, 1]], [56, 2], [62, 2], [68, 0], [95, 4]]",[3.183162345568487e-06]
layer_2,722,"[[25, [7, 7, 4, 1, 1]], [27, [2, 1, 2, 1, 1]], [29, [4, 1, 1]], [56, 2], [62, 2], [68, 1], [95, 0]]",[3.1888750330842684e-06]
layer_2,723,"[[25, [7, 7, 4, 1, 1]], [27, [1, 2, 2, 1, 1]], [29, [2, 1, 2]], [56, 3], [62, 2], [68, 2], [95, 1]]",[10000000000]
layer_2,724,"[[25, [7, 7, 4, 1, 1]], [27, [1, 2, 2, 1, 1]], [29, [2, 2, 1]], [56, 3], [62, 2], [68, 2], [95, 1]]",[10000000000]
layer_2,725,"[[25, [7, 7, 4, 1, 1]], [27, [2, 1, 1, 2, 1]], [29, [2, 1, 2]], [56, 2], [62, 1], [68, 2], [95, 4]]",[3.564171995151708e-06]
layer_2,726,"[[25, [7, 7, 4, 1, 1]], [27, [2, 2, 1, 1, 1]], [29, [4, 1, 1]], [56, 2], [62, 2], [68, 3], [95, 4]]",[3.3878030049059694e-06]
layer_2,727,"[[25, [7, 7, 4, 1, 1]], [27, [1, 2, 2, 1, 1]], [29, [2, 2, 1]], [56, 2], [62, 2], [68, 2], [95, 2]]",[3.6336555500248883e-06]
layer_2,728,"[[25, [7, 7, 4, 1, 1]], [27, [1, 2, 2, 1, 1]], [29, [2, 1, 2]], [56, 2], [62, 2], [68, 2], [95, 2]]",[3.0408113215214564e-06]
layer_2,729,"[[25, [7, 14, 2, 1, 1]], [27, [2, 1, 2, 1, 1]], [29, [4, 1, 1]], [56, 2], [62, 2], [68, 1], [95, 2]]",[3.139375277951992e-06]
layer_2,730,"[[25, [7, 7, 4, 1, 1]], [27, [1, 1, 2, 1, 2]], [29, [1, 4, 1]], [56, 3], [62, 2], [68, 2], [95, 0]]",[10000000000]
layer_2,731,"[[25, [7, 7, 4, 1, 1]], [27, [1, 1, 2, 1, 2]], [29, [1, 2, 2]], [56, 3], [62, 2], [68, 2], [95, 0]]",[10000000000]
layer_2,732,"[[25, [7, 7, 4, 1, 1]], [27, [1, 2, 2, 1, 1]], [29, [2, 1, 2]], [56, 3], [62, 2], [68, 3], [95, 1]]",[10000000000]
layer_2,733,"[[25, [7, 7, 4, 1, 1]], [27, [1, 2, 2, 1, 1]], [29, [2, 2, 1]], [56, 3], [62, 2], [68, 3], [95, 1]]",[10000000000]
layer_2,734,"[[25, [7, 7, 4, 1, 1]], [27, [2, 1, 2, 1, 1]], [29, [2, 1, 2]], [56, 2], [62, 2], [68, 3], [95, 1]]",[2.9507980292677206e-06]
layer_2,735,"[[25, [7, 7, 4, 1, 1]], [27, [2, 1, 1, 2, 1]], [29, [1, 1, 4]], [56, 3], [62, 2], [68, 3], [95, 4]]",[10000000000]
layer_2,736,"[[25, [7, 14, 2, 1, 1]], [27, [1, 1, 2, 1, 2]], [29, [1, 2, 2]], [56, 2], [62, 2], [68, 1], [95, 1]]",[2.9508154707981293e-06]
layer_2,737,"[[25, [7, 14, 2, 1, 1]], [27, [1, 1, 2, 2, 1]], [29, [1, 1, 4]], [56, 2], [62, 2], [68, 1], [95, 1]]",[2.9537419129317513e-06]
layer_2,738,"[[25, [7, 7, 4, 1, 1]], [27, [1, 1, 2, 2, 1]], [29, [1, 1, 4]], [56, 2], [62, 2], [68, 3], [95, 0]]",[2.998716885530971e-06]
layer_2,739,"[[25, [7, 14, 2, 1, 1]], [27, [1, 1, 2, 2, 1]], [29, [2, 1, 2]], [56, 2], [62, 1], [68, 0], [95, 2]]",[2.977439820589082e-06]
layer_2,740,"[[25, [7, 7, 4, 1, 1]], [27, [1, 1, 2, 2, 1]], [29, [4, 1, 1]], [56, 3], [62, 2], [68, 2], [95, 4]]",[10000000000]
layer_2,741,"[[25, [196, 1, 1, 1, 1]], [27, [1, 4, 1, 1, 1]], [29, [2, 2, 1]], [56, 2], [62, 2], [68, 3], [95, 1]]",[3.0347397998921578e-06]
layer_2,742,"[[25, [7, 7, 4, 1, 1]], [27, [4, 1, 1, 1, 1]], [29, [4, 1, 1]], [56, 2], [62, 2], [68, 2], [95, 4]]",[4.074918739456588e-06]
layer_2,743,"[[25, [7, 7, 4, 1, 1]], [27, [1, 2, 1, 1, 2]], [29, [2, 2, 1]], [56, 3], [62, 2], [68, 2], [95, 0]]",[10000000000]
layer_2,744,"[[25, [1, 98, 2, 1, 1]], [27, [1, 1, 4, 1, 1]], [29, [2, 1, 2]], [56, 2], [62, 0], [68, 1], [95, 2]]",[3.534405712608823e-06]
layer_2,745,"[[25, [7, 7, 4, 1, 1]], [27, [1, 2, 2, 1, 1]], [29, [4, 1, 1]], [56, 1], [62, 2], [68, 1], [95, 2]]",[3.3971026905348914e-06]
layer_2,746,"[[25, [7, 7, 4, 1, 1]], [27, [1, 2, 2, 1, 1]], [29, [2, 2, 1]], [56, 2], [62, 2], [68, 1], [95, 3]]",[3.0021872268808315e-06]
layer_2,747,"[[25, [7, 7, 4, 1, 1]], [27, [1, 2, 1, 1, 2]], [29, [2, 1, 2]], [56, 2], [62, 2], [68, 3], [95, 1]]",[3.43819270261235e-06]
layer_2,748,"[[25, [7, 7, 4, 1, 1]], [27, [1, 1, 2, 2, 1]], [29, [4, 1, 1]], [56, 2], [62, 2], [68, 2], [95, 4]]",[3.383039752631905e-06]
layer_2,749,"[[25, [7, 7, 4, 1, 1]], [27, [2, 1, 2, 1, 1]], [29, [2, 2, 1]], [56, 2], [62, 1], [68, 2], [95, 3]]",[3.5128058914276186e-06]
layer_2,750,"[[25, [7, 14, 2, 1, 1]], [27, [1, 1, 2, 2, 1]], [29, [1, 1, 4]], [56, 1], [62, 2], [68, 1], [95, 1]]",[3.7591741437245772e-06]
layer_2,751,"[[25, [7, 14, 2, 1, 1]], [27, [1, 1, 2, 1, 2]], [29, [4, 1, 1]], [56, 2], [62, 0], [68, 1], [95, 2]]",[3.1044526499686675e-06]
layer_2,752,"[[25, [7, 7, 4, 1, 1]], [27, [1, 1, 2, 2, 1]], [29, [4, 1, 1]], [56, 3], [62, 2], [68, 1], [95, 1]]",[10000000000]
layer_2,753,"[[25, [7, 7, 4, 1, 1]], [27, [2, 1, 1, 2, 1]], [29, [4, 1, 1]], [56, 2], [62, 1], [68, 2], [95, 4]]",[2.920989348804988e-06]
layer_2,754,"[[25, [7, 14, 2, 1, 1]], [27, [1, 1, 2, 2, 1]], [29, [2, 2, 1]], [56, 2], [62, 1], [68, 1], [95, 2]]",[2.9012152772717338e-06]
layer_2,755,"[[25, [7, 7, 4, 1, 1]], [27, [1, 2, 2, 1, 1]], [29, [4, 1, 1]], [56, 3], [62, 2], [68, 0], [95, 0]]",[10000000000]
layer_2,756,"[[25, [7, 4, 7, 1, 1]], [27, [1, 2, 1, 1, 2]], [29, [4, 1, 1]], [56, 3], [62, 1], [68, 1], [95, 4]]",[10000000000]
layer_2,757,"[[25, [1, 28, 7, 1, 1]], [27, [1, 4, 1, 1, 1]], [29, [4, 1, 1]], [56, 2], [62, 2], [68, 0], [95, 0]]",[3.411837167698308e-06]
layer_2,758,"[[25, [14, 2, 7, 1, 1]], [27, [1, 4, 1, 1, 1]], [29, [4, 1, 1]], [56, 2], [62, 1], [68, 3], [95, 4]]",[3.494903410927902e-06]
layer_2,759,"[[25, [7, 7, 4, 1, 1]], [27, [2, 1, 1, 1, 2]], [29, [1, 4, 1]], [56, 2], [62, 2], [68, 3], [95, 0]]",[3.2112825119590614e-06]
layer_2,760,"[[25, [7, 14, 2, 1, 1]], [27, [1, 1, 2, 2, 1]], [29, [2, 1, 2]], [56, 2], [62, 2], [68, 1], [95, 1]]",[3.022101432511789e-06]
layer_2,761,"[[25, [7, 14, 2, 1, 1]], [27, [1, 1, 2, 2, 1]], [29, [4, 1, 1]], [56, 2], [62, 0], [68, 1], [95, 4]]",[3.4394749551643135e-06]
layer_2,762,"[[25, [14, 2, 7, 1, 1]], [27, [1, 4, 1, 1, 1]], [29, [2, 1, 2]], [56, 2], [62, 1], [68, 1], [95, 2]]",[3.456666174108577e-06]
layer_2,763,"[[25, [7, 7, 4, 1, 1]], [27, [2, 1, 2, 1, 1]], [29, [4, 1, 1]], [56, 2], [62, 0], [68, 3], [95, 4]]",[3.1974137095210398e-06]
layer_2,764,"[[25, [1, 28, 7, 1, 1]], [27, [1, 4, 1, 1, 1]], [29, [2, 1, 2]], [56, 2], [62, 2], [68, 3], [95, 0]]",[3.4010693325602107e-06]
layer_2,765,"[[25, [14, 7, 1, 2, 1]], [27, [1, 2, 1, 2, 1]], [29, [4, 1, 1]], [56, 1], [62, 0], [68, 0], [95, 4]]",[5.369323432781336e-06]
layer_2,766,"[[25, [2, 49, 2, 1, 1]], [27, [1, 2, 1, 1, 2]], [29, [1, 4, 1]], [56, 2], [62, 0], [68, 1], [95, 0]]",[3.563106341158339e-06]
layer_2,767,"[[25, [1, 7, 4, 7, 1]], [27, [2, 1, 1, 2, 1]], [29, [4, 1, 1]], [56, 0], [62, 1], [68, 2], [95, 3]]",[1.2269100467023578e-05]
layer_2,768,"[[25, [7, 14, 2, 1, 1]], [27, [1, 1, 2, 2, 1]], [29, [2, 2, 1]], [56, 2], [62, 1], [68, 0], [95, 3]]",[2.961519983555047e-06]
layer_2,769,"[[25, [14, 7, 2, 1, 1]], [27, [1, 1, 2, 2, 1]], [29, [2, 2, 1]], [56, 2], [62, 1], [68, 1], [95, 4]]",[2.9430809005297234e-06]
layer_2,770,"[[25, [14, 7, 2, 1, 1]], [27, [1, 1, 2, 1, 2]], [29, [2, 2, 1]], [56, 2], [62, 1], [68, 0], [95, 4]]",[3.300472325646882e-06]
layer_2,771,"[[25, [14, 7, 2, 1, 1]], [27, [1, 1, 2, 2, 1]], [29, [2, 2, 1]], [56, 2], [62, 1], [68, 0], [95, 4]]",[3.513637484160811e-06]
layer_2,772,"[[25, [7, 7, 4, 1, 1]], [27, [2, 1, 2, 1, 1]], [29, [2, 2, 1]], [56, 2], [62, 2], [68, 3], [95, 1]]",[2.7860914623643568e-06]
layer_2,773,"[[25, [1, 49, 4, 1, 1]], [27, [1, 2, 2, 1, 1]], [29, [4, 1, 1]], [56, 2], [62, 2], [68, 2], [95, 1]]",[3.049851391925375e-06]
layer_2,774,"[[25, [14, 7, 2, 1, 1]], [27, [1, 1, 2, 2, 1]], [29, [4, 1, 1]], [56, 2], [62, 2], [68, 3], [95, 4]]",[3.006950329947154e-06]
layer_2,775,"[[25, [7, 14, 2, 1, 1]], [27, [1, 1, 2, 2, 1]], [29, [1, 4, 1]], [56, 2], [62, 2], [68, 2], [95, 0]]",[2.8386216477089917e-06]
layer_2,776,"[[25, [7, 14, 2, 1, 1]], [27, [1, 1, 2, 1, 2]], [29, [1, 2, 2]], [56, 2], [62, 2], [68, 2], [95, 0]]",[2.9722793743604733e-06]
layer_2,777,"[[25, [7, 14, 2, 1, 1]], [27, [1, 1, 2, 2, 1]], [29, [4, 1, 1]], [56, 2], [62, 1], [68, 3], [95, 2]]",[4.265364441522277e-06]
layer_2,778,"[[25, [7, 14, 2, 1, 1]], [27, [1, 1, 2, 1, 2]], [29, [2, 2, 1]], [56, 2], [62, 2], [68, 0], [95, 2]]",[3.0888299671742494e-06]
layer_2,779,"[[25, [7, 7, 4, 1, 1]], [27, [2, 1, 1, 2, 1]], [29, [4, 1, 1]], [56, 3], [62, 1], [68, 2], [95, 4]]",[10000000000]
layer_2,780,"[[25, [7, 14, 2, 1, 1]], [27, [1, 1, 2, 2, 1]], [29, [2, 2, 1]], [56, 2], [62, 1], [68, 3], [95, 3]]",[3.2145364972431828e-06]
layer_2,781,"[[25, [7, 14, 2, 1, 1]], [27, [1, 1, 2, 1, 2]], [29, [1, 2, 2]], [56, 2], [62, 2], [68, 3], [95, 1]]",[3.317692843334927e-06]
layer_2,782,"[[25, [7, 14, 2, 1, 1]], [27, [1, 1, 2, 2, 1]], [29, [1, 2, 2]], [56, 1], [62, 2], [68, 1], [95, 4]]",[3.279958509220173e-06]
layer_2,783,"[[25, [7, 14, 2, 1, 1]], [27, [1, 1, 2, 1, 2]], [29, [1, 4, 1]], [56, 2], [62, 2], [68, 2], [95, 4]]",[3.742052888661227e-06]
layer_2,784,"[[25, [7, 14, 2, 1, 1]], [27, [1, 1, 2, 1, 2]], [29, [2, 2, 1]], [56, 2], [62, 1], [68, 1], [95, 3]]",[3.2436241170115517e-06]
layer_2,785,"[[25, [7, 14, 2, 1, 1]], [27, [2, 1, 2, 1, 1]], [29, [4, 1, 1]], [56, 1], [62, 2], [68, 3], [95, 4]]",[3.083620637570554e-06]
layer_2,786,"[[25, [14, 7, 2, 1, 1]], [27, [1, 1, 2, 1, 2]], [29, [1, 4, 1]], [56, 2], [62, 2], [68, 3], [95, 4]]",[3.558090196582295e-06]
layer_2,787,"[[25, [7, 14, 2, 1, 1]], [27, [1, 1, 4, 1, 1]], [29, [2, 1, 2]], [56, 2], [62, 1], [68, 1], [95, 0]]",[3.5308104077789305e-06]
layer_2,788,"[[25, [7, 14, 2, 1, 1]], [27, [1, 1, 2, 1, 2]], [29, [2, 1, 2]], [56, 2], [62, 2], [68, 3], [95, 2]]",[3.0882580005009343e-06]
layer_2,789,"[[25, [7, 7, 4, 1, 1]], [27, [2, 1, 2, 1, 1]], [29, [1, 4, 1]], [56, 2], [62, 2], [68, 2], [95, 1]]",[3.183523367048501e-06]
layer_2,790,"[[25, [7, 7, 4, 1, 1]], [27, [2, 1, 2, 1, 1]], [29, [1, 2, 2]], [56, 2], [62, 2], [68, 2], [95, 1]]",[2.938925134098154e-06]
layer_2,791,"[[25, [14, 7, 2, 1, 1]], [27, [1, 1, 2, 1, 2]], [29, [2, 1, 2]], [56, 1], [62, 1], [68, 1], [95, 4]]",[3.046663647651742e-06]
layer_2,792,"[[25, [7, 14, 2, 1, 1]], [27, [1, 1, 2, 1, 2]], [29, [1, 1, 4]], [56, 2], [62, 2], [68, 3], [95, 4]]",[3.141714911072336e-06]
layer_2,793,"[[25, [7, 14, 2, 1, 1]], [27, [1, 1, 2, 2, 1]], [29, [4, 1, 1]], [56, 2], [62, 1], [68, 1], [95, 2]]",[3.5620480267152396e-06]
layer_2,794,"[[25, [1, 28, 7, 1, 1]], [27, [1, 4, 1, 1, 1]], [29, [2, 1, 2]], [56, 2], [62, 2], [68, 2], [95, 1]]",[2.921201477514805e-06]
layer_2,795,"[[25, [7, 7, 4, 1, 1]], [27, [1, 2, 1, 1, 2]], [29, [1, 4, 1]], [56, 3], [62, 2], [68, 2], [95, 0]]",[10000000000]
layer_2,796,"[[25, [7, 7, 4, 1, 1]], [27, [1, 2, 1, 2, 1]], [29, [1, 4, 1]], [56, 3], [62, 2], [68, 2], [95, 0]]",[10000000000]
layer_2,797,"[[25, [7, 7, 4, 1, 1]], [27, [1, 1, 2, 1, 2]], [29, [1, 4, 1]], [56, 2], [62, 2], [68, 2], [95, 0]]",[5.186657483568814e-06]
layer_2,798,"[[25, [7, 7, 4, 1, 1]], [27, [2, 1, 2, 1, 1]], [29, [4, 1, 1]], [56, 2], [62, 1], [68, 1], [95, 2]]",[4.929054625199362e-06]
layer_2,799,"[[25, [7, 14, 2, 1, 1]], [27, [1, 1, 2, 1, 2]], [29, [2, 2, 1]], [56, 2], [62, 2], [68, 1], [95, 0]]",[3.061400399769995e-06]
layer_2,800,"[[25, [7, 7, 4, 1, 1]], [27, [1, 1, 2, 2, 1]], [29, [1, 4, 1]], [56, 3], [62, 2], [68, 2], [95, 0]]",[10000000000]
layer_2,801,"[[25, [7, 7, 4, 1, 1]], [27, [1, 1, 2, 2, 1]], [29, [1, 2, 2]], [56, 3], [62, 2], [68, 2], [95, 0]]",[10000000000]
layer_2,802,"[[25, [7, 7, 4, 1, 1]], [27, [1, 2, 2, 1, 1]], [29, [4, 1, 1]], [56, 3], [62, 2], [68, 1], [95, 1]]",[10000000000]
layer_2,803,"[[25, [14, 7, 2, 1, 1]], [27, [1, 1, 2, 1, 2]], [29, [2, 2, 1]], [56, 2], [62, 1], [68, 2], [95, 4]]",[3.1311468094422993e-06]
layer_2,804,"[[25, [14, 7, 2, 1, 1]], [27, [1, 1, 2, 1, 2]], [29, [2, 1, 2]], [56, 2], [62, 1], [68, 2], [95, 4]]",[3.7535734252386003e-06]
layer_2,805,"[[25, [7, 14, 2, 1, 1]], [27, [1, 1, 2, 2, 1]], [29, [2, 2, 1]], [56, 2], [62, 2], [68, 1], [95, 1]]",[3.1913903640732584e-06]
layer_2,806,"[[25, [7, 7, 4, 1, 1]], [27, [1, 2, 1, 2, 1]], [29, [1, 2, 2]], [56, 1], [62, 2], [68, 2], [95, 0]]",[3.9986400333679215e-06]
layer_2,807,"[[25, [7, 7, 4, 1, 1]], [27, [2, 1, 1, 2, 1]], [29, [1, 4, 1]], [56, 2], [62, 2], [68, 3], [95, 4]]",[3.0009644360834902e-06]
layer_2,808,"[[25, [14, 7, 2, 1, 1]], [27, [1, 1, 4, 1, 1]], [29, [2, 1, 2]], [56, 2], [62, 1], [68, 1], [95, 4]]",[2.978352222092616e-06]
layer_2,809,"[[25, [14, 7, 2, 1, 1]], [27, [1, 1, 2, 1, 2]], [29, [2, 2, 1]], [56, 2], [62, 2], [68, 0], [95, 4]]",[3.52668542472051e-06]
layer_2,810,"[[25, [14, 7, 2, 1, 1]], [27, [1, 1, 2, 2, 1]], [29, [2, 2, 1]], [56, 2], [62, 2], [68, 0], [95, 4]]",[3.299880546900995e-06]
layer_2,811,"[[25, [7, 7, 4, 1, 1]], [27, [2, 1, 1, 1, 2]], [29, [4, 1, 1]], [56, 2], [62, 1], [68, 0], [95, 4]]",[3.6887476270443926e-06]
layer_2,812,"[[25, [7, 14, 2, 1, 1]], [27, [1, 1, 2, 1, 2]], [29, [2, 2, 1]], [56, 2], [62, 1], [68, 2], [95, 3]]",[2.996437711608924e-06]
layer_2,813,"[[25, [7, 7, 4, 1, 1]], [27, [1, 2, 1, 2, 1]], [29, [1, 2, 2]], [56, 2], [62, 2], [68, 2], [95, 0]]",[3.2431071163715107e-06]
layer_2,814,"[[25, [14, 7, 2, 1, 1]], [27, [1, 1, 2, 1, 2]], [29, [2, 2, 1]], [56, 2], [62, 1], [68, 1], [95, 3]]",[2.991336592714325e-06]
layer_2,815,"[[25, [7, 7, 4, 1, 1]], [27, [2, 1, 2, 1, 1]], [29, [4, 1, 1]], [56, 2], [62, 2], [68, 2], [95, 0]]",[4.0093870836631226e-06]
layer_2,816,"[[25, [7, 14, 2, 1, 1]], [27, [2, 1, 2, 1, 1]], [29, [2, 2, 1]], [56, 2], [62, 1], [68, 1], [95, 3]]",[2.963136252397645e-06]
layer_2,817,"[[25, [7, 14, 2, 1, 1]], [27, [1, 1, 2, 1, 2]], [29, [4, 1, 1]], [56, 2], [62, 1], [68, 1], [95, 1]]",[3.0447984431635866e-06]
layer_2,818,"[[25, [7, 7, 4, 1, 1]], [27, [1, 1, 2, 2, 1]], [29, [4, 1, 1]], [56, 2], [62, 1], [68, 0], [95, 4]]",[3.032743655192532e-06]
layer_2,819,"[[25, [7, 14, 2, 1, 1]], [27, [2, 1, 2, 1, 1]], [29, [2, 2, 1]], [56, 3], [62, 1], [68, 1], [95, 3]]",[10000000000]
layer_2,820,"[[25, [7, 14, 2, 1, 1]], [27, [1, 1, 4, 1, 1]], [29, [2, 2, 1]], [56, 2], [62, 1], [68, 3], [95, 1]]",[2.837680568490854e-06]
layer_2,821,"[[25, [7, 7, 4, 1, 1]], [27, [1, 1, 1, 4, 1]], [29, [4, 1, 1]], [56, 2], [62, 1], [68, 1], [95, 4]]",[3.5805088116868664e-06]
layer_2,822,"[[25, [14, 7, 2, 1, 1]], [27, [1, 2, 2, 1, 1]], [29, [4, 1, 1]], [56, 2], [62, 2], [68, 1], [95, 2]]",[3.19390482556659e-06]
layer_2,823,"[[25, [7, 7, 4, 1, 1]], [27, [1, 2, 2, 1, 1]], [29, [2, 2, 1]], [56, 2], [62, 2], [68, 1], [95, 2]]",[2.8270028001244505e-06]
layer_2,824,"[[25, [7, 7, 4, 1, 1]], [27, [1, 2, 2, 1, 1]], [29, [2, 2, 1]], [56, 2], [62, 2], [68, 2], [95, 4]]",[3.5502979813368878e-06]
layer_2,825,"[[25, [7, 14, 2, 1, 1]], [27, [1, 1, 2, 1, 2]], [29, [4, 1, 1]], [56, 2], [62, 1], [68, 0], [95, 2]]",[3.384143020152006e-06]
layer_2,826,"[[25, [7, 7, 4, 1, 1]], [27, [2, 1, 2, 1, 1]], [29, [4, 1, 1]], [56, 3], [62, 2], [68, 3], [95, 1]]",[10000000000]
layer_2,827,"[[25, [1, 28, 7, 1, 1]], [27, [1, 4, 1, 1, 1]], [29, [2, 2, 1]], [56, 2], [62, 2], [68, 1], [95, 2]]",[2.8508677386218316e-06]
layer_2,828,"[[25, [7, 7, 4, 1, 1]], [27, [2, 1, 2, 1, 1]], [29, [2, 1, 2]], [56, 2], [62, 1], [68, 3], [95, 1]]",[3.445489705635301e-06]
layer_2,829,"[[25, [1, 28, 7, 1, 1]], [27, [1, 2, 1, 1, 2]], [29, [1, 1, 4]], [56, 3], [62, 0], [68, 1], [95, 0]]",[10000000000]
layer_2,830,"[[25, [7, 4, 7, 1, 1]], [27, [1, 1, 1, 4, 1]], [29, [2, 2, 1]], [56, 3], [62, 0], [68, 2], [95, 0]]",[10000000000]
layer_2,831,"[[25, [14, 1, 14, 1, 1]], [27, [1, 1, 2, 2, 1]], [29, [1, 2, 2]], [56, 1], [62, 1], [68, 1], [95, 3]]",[1.1267199665714883e-05]
layer_2,832,"[[25, [7, 14, 2, 1, 1]], [27, [1, 1, 4, 1, 1]], [29, [2, 1, 2]], [56, 2], [62, 1], [68, 3], [95, 1]]",[3.421152118784226e-06]
layer_2,833,"[[25, [7, 7, 4, 1, 1]], [27, [1, 2, 2, 1, 1]], [29, [4, 1, 1]], [56, 3], [62, 2], [68, 0], [95, 4]]",[10000000000]
layer_2,834,"[[25, [7, 14, 2, 1, 1]], [27, [1, 1, 2, 2, 1]], [29, [1, 1, 4]], [56, 2], [62, 2], [68, 2], [95, 0]]",[2.932808857631629e-06]
layer_2,835,"[[25, [7, 14, 2, 1, 1]], [27, [1, 1, 2, 1, 2]], [29, [1, 2, 2]], [56, 2], [62, 2], [68, 1], [95, 0]]",[3.088610302589291e-06]
layer_2,836,"[[25, [7, 14, 2, 1, 1]], [27, [1, 1, 2, 2, 1]], [29, [1, 2, 2]], [56, 2], [62, 2], [68, 1], [95, 0]]",[2.957576896005631e-06]
layer_2,837,"[[25, [7, 14, 2, 1, 1]], [27, [1, 1, 2, 2, 1]], [29, [2, 2, 1]], [56, 2], [62, 2], [68, 0], [95, 2]]",[3.0357616988384724e-06]
layer_2,838,"[[25, [1, 196, 1, 1, 1]], [27, [1, 1, 4, 1, 1]], [29, [4, 1, 1]], [56, 2], [62, 2], [68, 3], [95, 0]]",[3.0254895102790236e-06]
layer_2,839,"[[25, [7, 7, 4, 1, 1]], [27, [2, 1, 1, 1, 2]], [29, [4, 1, 1]], [56, 2], [62, 2], [68, 2], [95, 4]]",[3.324142437452616e-06]
layer_2,840,"[[25, [1, 28, 7, 1, 1]], [27, [1, 4, 1, 1, 1]], [29, [4, 1, 1]], [56, 2], [62, 2], [68, 2], [95, 1]]",[3.555129219976074e-06]
layer_2,841,"[[25, [7, 7, 4, 1, 1]], [27, [4, 1, 1, 1, 1]], [29, [4, 1, 1]], [56, 2], [62, 2], [68, 3], [95, 1]]",[3.28309150817212e-06]
layer_2,842,"[[25, [7, 7, 4, 1, 1]], [27, [1, 1, 2, 2, 1]], [29, [4, 1, 1]], [56, 3], [62, 1], [68, 0], [95, 4]]",[10000000000]
layer_2,843,"[[25, [7, 14, 2, 1, 1]], [27, [1, 1, 2, 1, 2]], [29, [2, 1, 2]], [56, 2], [62, 1], [68, 1], [95, 1]]",[3.0152539795675936e-06]
layer_2,844,"[[25, [7, 14, 2, 1, 1]], [27, [1, 1, 4, 1, 1]], [29, [2, 1, 2]], [56, 3], [62, 2], [68, 3], [95, 0]]",[10000000000]
layer_2,845,"[[25, [7, 14, 2, 1, 1]], [27, [1, 1, 2, 2, 1]], [29, [1, 4, 1]], [56, 1], [62, 2], [68, 2], [95, 0]]",[3.6103278373932796e-06]
layer_2,846,"[[25, [7, 7, 4, 1, 1]], [27, [1, 1, 2, 2, 1]], [29, [4, 1, 1]], [56, 2], [62, 1], [68, 1], [95, 3]]",[3.298208507831822e-06]
layer_2,847,"[[25, [7, 14, 2, 1, 1]], [27, [1, 1, 4, 1, 1]], [29, [1, 2, 2]], [56, 3], [62, 2], [68, 3], [95, 0]]",[10000000000]
layer_2,848,"[[25, [14, 7, 2, 1, 1]], [27, [1, 1, 2, 2, 1]], [29, [2, 2, 1]], [56, 2], [62, 2], [68, 1], [95, 4]]",[3.0481652253072373e-06]
layer_2,849,"[[25, [7, 14, 2, 1, 1]], [27, [2, 1, 2, 1, 1]], [29, [2, 2, 1]], [56, 2], [62, 2], [68, 1], [95, 2]]",[3.417615568749411e-06]
layer_2,850,"[[25, [7, 7, 4, 1, 1]], [27, [2, 1, 2, 1, 1]], [29, [2, 1, 2]], [56, 2], [62, 2], [68, 3], [95, 2]]",[3.386098689233902e-06]
layer_2,851,"[[25, [7, 14, 2, 1, 1]], [27, [1, 1, 2, 2, 1]], [29, [1, 4, 1]], [56, 1], [62, 2], [68, 1], [95, 0]]",[2.9594078564102563e-06]
layer_2,852,"[[25, [7, 14, 2, 1, 1]], [27, [1, 1, 2, 1, 2]], [29, [1, 4, 1]], [56, 1], [62, 2], [68, 3], [95, 4]]",[3.3799789942711654e-06]
layer_2,853,"[[25, [14, 7, 2, 1, 1]], [27, [2, 1, 2, 1, 1]], [29, [2, 2, 1]], [56, 2], [62, 1], [68, 1], [95, 3]]",[3.322289728010439e-06]
layer_2,854,"[[25, [7, 14, 2, 1, 1]], [27, [1, 1, 2, 2, 1]], [29, [2, 2, 1]], [56, 2], [62, 1], [68, 2], [95, 4]]",[3.009232535080076e-06]
layer_2,855,"[[25, [7, 7, 4, 1, 1]], [27, [2, 1, 1, 2, 1]], [29, [4, 1, 1]], [56, 2], [62, 1], [68, 3], [95, 4]]",[3.0188705147504885e-06]
layer_2,856,"[[25, [7, 7, 4, 1, 1]], [27, [1, 2, 1, 1, 2]], [29, [1, 2, 2]], [56, 3], [62, 2], [68, 2], [95, 0]]",[10000000000]
layer_2,857,"[[25, [7, 7, 4, 1, 1]], [27, [1, 2, 1, 2, 1]], [29, [1, 2, 2]], [56, 3], [62, 2], [68, 2], [95, 0]]",[10000000000]
layer_2,858,"[[25, [7, 7, 4, 1, 1]], [27, [1, 2, 1, 2, 1]], [29, [1, 1, 4]], [56, 3], [62, 2], [68, 2], [95, 0]]",[10000000000]
layer_2,859,"[[25, [7, 14, 2, 1, 1]], [27, [1, 1, 2, 2, 1]], [29, [2, 2, 1]], [56, 2], [62, 1], [68, 2], [95, 2]]",[3.0638944200325046e-06]
layer_2,860,"[[25, [7, 7, 4, 1, 1]], [27, [1, 2, 1, 1, 2]], [29, [1, 1, 4]], [56, 1], [62, 2], [68, 3], [95, 4]]",[3.1754068370896985e-06]
layer_2,861,"[[25, [7, 7, 4, 1, 1]], [27, [1, 2, 1, 2, 1]], [29, [1, 1, 4]], [56, 1], [62, 2], [68, 3], [95, 4]]",[3.033217092056209e-06]
layer_2,862,"[[25, [7, 14, 1, 2, 1]], [27, [1, 1, 4, 1, 1]], [29, [4, 1, 1]], [56, 1], [62, 0], [68, 3], [95, 2]]",[3.988162909269612e-06]
layer_2,863,"[[25, [7, 14, 2, 1, 1]], [27, [1, 1, 2, 2, 1]], [29, [2, 2, 1]], [56, 2], [62, 1], [68, 3], [95, 2]]",[3.4312179915475954e-06]
layer_2,864,"[[25, [7, 7, 4, 1, 1]], [27, [1, 2, 2, 1, 1]], [29, [4, 1, 1]], [56, 3], [62, 2], [68, 3], [95, 2]]",[10000000000]
layer_2,865,"[[25, [7, 7, 4, 1, 1]], [27, [1, 1, 2, 1, 2]], [29, [4, 1, 1]], [56, 3], [62, 2], [68, 1], [95, 0]]",[10000000000]
layer_2,866,"[[25, [7, 14, 2, 1, 1]], [27, [1, 1, 4, 1, 1]], [29, [1, 4, 1]], [56, 1], [62, 2], [68, 3], [95, 0]]",[2.99806778112919e-06]
layer_2,867,"[[25, [1, 98, 2, 1, 1]], [27, [1, 1, 4, 1, 1]], [29, [2, 2, 1]], [56, 2], [62, 1], [68, 3], [95, 1]]",[3.144248888888889e-06]
layer_2,868,"[[25, [7, 14, 2, 1, 1]], [27, [1, 1, 2, 1, 2]], [29, [1, 2, 2]], [56, 2], [62, 2], [68, 0], [95, 0]]",[3.4817031126110554e-06]
layer_2,869,"[[25, [7, 14, 2, 1, 1]], [27, [1, 1, 4, 1, 1]], [29, [2, 2, 1]], [56, 3], [62, 1], [68, 3], [95, 0]]",[10000000000]
layer_2,870,"[[25, [7, 14, 2, 1, 1]], [27, [1, 1, 2, 2, 1]], [29, [4, 1, 1]], [56, 2], [62, 2], [68, 1], [95, 1]]",[3.0205882282462185e-06]
layer_2,871,"[[25, [7, 14, 2, 1, 1]], [27, [1, 1, 2, 2, 1]], [29, [4, 1, 1]], [56, 2], [62, 2], [68, 3], [95, 4]]",[3.070423018573005e-06]
layer_2,872,"[[25, [7, 14, 2, 1, 1]], [27, [1, 1, 2, 1, 2]], [29, [2, 2, 1]], [56, 2], [62, 1], [68, 0], [95, 1]]",[3.3342867607681126e-06]
layer_2,873,"[[25, [7, 7, 4, 1, 1]], [27, [2, 1, 2, 1, 1]], [29, [2, 1, 2]], [56, 2], [62, 2], [68, 2], [95, 1]]",[2.8499442568568213e-06]
layer_2,874,"[[25, [7, 14, 2, 1, 1]], [27, [1, 1, 2, 2, 1]], [29, [1, 2, 2]], [56, 1], [62, 2], [68, 2], [95, 4]]",[3.1600547838331556e-06]
layer_2,875,"[[25, [7, 7, 4, 1, 1]], [27, [1, 2, 1, 1, 2]], [29, [1, 1, 4]], [56, 3], [62, 2], [68, 3], [95, 0]]",[10000000000]
layer_2,876,"[[25, [7, 7, 4, 1, 1]], [27, [1, 2, 1, 2, 1]], [29, [1, 1, 4]], [56, 3], [62, 2], [68, 3], [95, 0]]",[10000000000]
layer_2,877,"[[25, [7, 7, 4, 1, 1]], [27, [2, 1, 2, 1, 1]], [29, [2, 1, 2]], [56, 2], [62, 2], [68, 1], [95, 2]]",[3.6870407751905433e-06]
layer_2,878,"[[25, [7, 7, 4, 1, 1]], [27, [2, 1, 2, 1, 1]], [29, [4, 1, 1]], [56, 2], [62, 2], [68, 0], [95, 1]]",[3.2088120506884366e-06]
layer_2,879,"[[25, [1, 98, 2, 1, 1]], [27, [1, 1, 4, 1, 1]], [29, [2, 2, 1]], [56, 2], [62, 1], [68, 3], [95, 0]]",[3.0747593832476728e-06]
layer_2,880,"[[25, [7, 14, 2, 1, 1]], [27, [1, 1, 4, 1, 1]], [29, [2, 2, 1]], [56, 2], [62, 2], [68, 1], [95, 2]]",[3.1931500616719053e-06]
layer_2,881,"[[25, [7, 7, 4, 1, 1]], [27, [1, 1, 2, 2, 1]], [29, [4, 1, 1]], [56, 3], [62, 1], [68, 3], [95, 4]]",[10000000000]
layer_2,882,"[[25, [7, 14, 2, 1, 1]], [27, [1, 1, 4, 1, 1]], [29, [2, 2, 1]], [56, 1], [62, 2], [68, 1], [95, 4]]",[2.9627419177652226e-06]
layer_2,883,"[[25, [7, 7, 4, 1, 1]], [27, [1, 1, 2, 2, 1]], [29, [1, 1, 4]], [56, 2], [62, 1], [68, 3], [95, 0]]",[3.7984349559538275e-06]
layer_2,884,"[[25, [14, 2, 7, 1, 1]], [27, [1, 4, 1, 1, 1]], [29, [2, 1, 2]], [56, 2], [62, 2], [68, 3], [95, 2]]",[3.174938960924407e-06]
layer_2,885,"[[25, [7, 7, 4, 1, 1]], [27, [2, 1, 1, 2, 1]], [29, [2, 2, 1]], [56, 2], [62, 2], [68, 2], [95, 4]]",[3.62215797604551e-06]
layer_2,886,"[[25, [7, 7, 4, 1, 1]], [27, [2, 1, 1, 2, 1]], [29, [4, 1, 1]], [56, 2], [62, 1], [68, 3], [95, 3]]",[3.077624244105409e-06]
layer_2,887,"[[25, [7, 7, 4, 1, 1]], [27, [2, 1, 1, 1, 2]], [29, [4, 1, 1]], [56, 2], [62, 1], [68, 3], [95, 3]]",[3.2159896239441194e-06]
layer_2,888,"[[25, [98, 1, 1, 2, 1]], [27, [2, 1, 2, 1, 1]], [29, [1, 1, 4]], [56, 1], [62, 0], [68, 1], [95, 0]]",[4.60787437986158e-06]
layer_2,889,"[[25, [14, 7, 2, 1, 1]], [27, [1, 1, 2, 1, 2]], [29, [1, 4, 1]], [56, 2], [62, 2], [68, 1], [95, 1]]",[4.072253764985634e-06]
layer_2,890,"[[25, [7, 7, 4, 1, 1]], [27, [2, 1, 2, 1, 1]], [29, [2, 1, 2]], [56, 2], [62, 2], [68, 3], [95, 4]]",[2.9624493346679226e-06]
layer_2,891,"[[25, [14, 7, 2, 1, 1]], [27, [1, 1, 4, 1, 1]], [29, [1, 4, 1]], [56, 2], [62, 2], [68, 2], [95, 1]]",[3.2947112170123094e-06]
layer_2,892,"[[25, [7, 7, 4, 1, 1]], [27, [2, 2, 1, 1, 1]], [29, [4, 1, 1]], [56, 2], [62, 2], [68, 3], [95, 0]]",[3.1853547572529216e-06]
layer_2,893,"[[25, [14, 1, 1, 14, 1]], [27, [1, 2, 2, 1, 1]], [29, [1, 4, 1]], [56, 0], [62, 0], [68, 2], [95, 4]]",[1.3523505970952123e-05]
layer_2,894,"[[25, [1, 49, 1, 4, 1]], [27, [1, 1, 1, 2, 2]], [29, [2, 1, 2]], [56, 2], [62, 1], [68, 1], [95, 1]]",[5.105537207654146e-06]
layer_2,895,"[[25, [7, 1, 2, 14, 1]], [27, [1, 1, 1, 2, 2]], [29, [4, 1, 1]], [56, 2], [62, 0], [68, 0], [95, 0]]",[2.1390601328903653e-05]
layer_2,896,"[[25, [7, 7, 4, 1, 1]], [27, [2, 1, 2, 1, 1]], [29, [2, 2, 1]], [56, 2], [62, 2], [68, 2], [95, 1]]",[2.9172917620559783e-06]
layer_2,897,"[[25, [7, 14, 2, 1, 1]], [27, [1, 1, 2, 2, 1]], [29, [1, 1, 4]], [56, 2], [62, 2], [68, 1], [95, 0]]",[3.213749553398059e-06]
layer_2,898,"[[25, [14, 2, 7, 1, 1]], [27, [1, 4, 1, 1, 1]], [29, [2, 2, 1]], [56, 2], [62, 2], [68, 1], [95, 2]]",[2.979806266974272e-06]
layer_2,899,"[[25, [1, 98, 2, 1, 1]], [27, [1, 1, 4, 1, 1]], [29, [2, 2, 1]], [56, 0], [62, 0], [68, 1], [95, 3]]",[5.254623133938825e-06]
layer_2,900,"[[25, [7, 7, 4, 1, 1]], [27, [2, 1, 2, 1, 1]], [29, [2, 2, 1]], [56, 3], [62, 2], [68, 2], [95, 1]]",[10000000000]
layer_2,901,"[[25, [7, 14, 2, 1, 1]], [27, [1, 1, 2, 2, 1]], [29, [1, 1, 4]], [56, 2], [62, 2], [68, 3], [95, 0]]",[3.0370456160597685e-06]
layer_2,902,"[[25, [7, 7, 4, 1, 1]], [27, [2, 1, 2, 1, 1]], [29, [2, 1, 2]], [56, 3], [62, 2], [68, 3], [95, 1]]",[10000000000]
layer_2,903,"[[25, [7, 7, 4, 1, 1]], [27, [2, 1, 2, 1, 1]], [29, [2, 2, 1]], [56, 3], [62, 2], [68, 3], [95, 1]]",[10000000000]
layer_2,904,"[[25, [7, 7, 4, 1, 1]], [27, [1, 2, 2, 1, 1]], [29, [2, 2, 1]], [56, 2], [62, 2], [68, 1], [95, 1]]",[3.0718949795081968e-06]
layer_2,905,"[[25, [7, 14, 2, 1, 1]], [27, [1, 1, 2, 2, 1]], [29, [1, 2, 2]], [56, 2], [62, 2], [68, 2], [95, 0]]",[3.204360955164193e-06]
layer_2,906,"[[25, [14, 7, 2, 1, 1]], [27, [1, 1, 2, 2, 1]], [29, [2, 2, 1]], [56, 1], [62, 1], [68, 1], [95, 4]]",[3.0271415358636833e-06]
layer_2,907,"[[25, [7, 7, 4, 1, 1]], [27, [2, 1, 1, 1, 2]], [29, [4, 1, 1]], [56, 3], [62, 1], [68, 2], [95, 4]]",[10000000000]
layer_2,908,"[[25, [7, 14, 2, 1, 1]], [27, [1, 1, 2, 1, 2]], [29, [2, 2, 1]], [56, 2], [62, 1], [68, 1], [95, 4]]",[3.1285110431466673e-06]
layer_2,909,"[[25, [14, 7, 2, 1, 1]], [27, [1, 1, 2, 2, 1]], [29, [2, 2, 1]], [56, 2], [62, 1], [68, 1], [95, 3]]",[2.889789866508234e-06]
layer_2,910,"[[25, [7, 7, 4, 1, 1]], [27, [2, 1, 2, 1, 1]], [29, [1, 1, 4]], [56, 2], [62, 2], [68, 2], [95, 1]]",[4.043505027846535e-06]
layer_2,911,"[[25, [7, 14, 2, 1, 1]], [27, [1, 1, 2, 2, 1]], [29, [1, 2, 2]], [56, 2], [62, 2], [68, 2], [95, 2]]",[3.4073379989631933e-06]
layer_2,912,"[[25, [7, 14, 1, 2, 1]], [27, [1, 1, 4, 1, 1]], [29, [1, 2, 2]], [56, 2], [62, 2], [68, 2], [95, 2]]",[3.0434555104495567e-06]
layer_2,913,"[[25, [7, 14, 1, 2, 1]], [27, [1, 1, 4, 1, 1]], [29, [1, 1, 4]], [56, 2], [62, 2], [68, 2], [95, 2]]",[3.1639182664558713e-06]
layer_2,914,"[[25, [1, 28, 7, 1, 1]], [27, [1, 4, 1, 1, 1]], [29, [2, 2, 1]], [56, 0], [62, 2], [68, 1], [95, 2]]",[5.54034435610993e-06]
layer_2,915,"[[25, [7, 14, 2, 1, 1]], [27, [1, 1, 2, 2, 1]], [29, [2, 2, 1]], [56, 1], [62, 1], [68, 1], [95, 4]]",[2.9922225430706494e-06]
layer_2,916,"[[25, [7, 14, 2, 1, 1]], [27, [2, 1, 2, 1, 1]], [29, [2, 2, 1]], [56, 2], [62, 2], [68, 1], [95, 3]]",[3.2814764620869066e-06]
layer_2,917,"[[25, [7, 14, 2, 1, 1]], [27, [1, 1, 2, 1, 2]], [29, [2, 2, 1]], [56, 2], [62, 1], [68, 3], [95, 4]]",[3.461554832277739e-06]
layer_2,918,"[[25, [14, 7, 2, 1, 1]], [27, [1, 2, 2, 1, 1]], [29, [4, 1, 1]], [56, 2], [62, 2], [68, 3], [95, 4]]",[3.0360445158602632e-06]
layer_2,919,"[[25, [7, 14, 2, 1, 1]], [27, [1, 1, 2, 2, 1]], [29, [1, 2, 2]], [56, 2], [62, 2], [68, 1], [95, 4]]",[2.907065458486666e-06]
layer_2,920,"[[25, [7, 14, 2, 1, 1]], [27, [1, 1, 2, 2, 1]], [29, [1, 1, 4]], [56, 2], [62, 2], [68, 1], [95, 4]]",[3.4559571625689913e-06]
layer_2,921,"[[25, [1, 98, 2, 1, 1]], [27, [1, 1, 4, 1, 1]], [29, [2, 2, 1]], [56, 1], [62, 0], [68, 1], [95, 3]]",[3.4065014025689157e-06]
layer_2,922,"[[25, [7, 14, 2, 1, 1]], [27, [2, 1, 2, 1, 1]], [29, [4, 1, 1]], [56, 1], [62, 2], [68, 3], [95, 1]]",[3.907006372829612e-06]
layer_2,923,"[[25, [7, 14, 2, 1, 1]], [27, [2, 1, 2, 1, 1]], [29, [1, 2, 2]], [56, 2], [62, 2], [68, 1], [95, 0]]",[3.2054844933598044e-06]
layer_2,924,"[[25, [7, 7, 4, 1, 1]], [27, [1, 1, 2, 2, 1]], [29, [4, 1, 1]], [56, 3], [62, 1], [68, 3], [95, 0]]",[10000000000]
layer_2,925,"[[25, [14, 7, 2, 1, 1]], [27, [1, 1, 2, 2, 1]], [29, [4, 1, 1]], [56, 2], [62, 2], [68, 1], [95, 3]]",[3.0204305425560826e-06]
layer_2,926,"[[25, [7, 7, 4, 1, 1]], [27, [2, 2, 1, 1, 1]], [29, [4, 1, 1]], [56, 2], [62, 2], [68, 2], [95, 1]]",[2.9306200690623905e-06]
layer_2,927,"[[25, [7, 7, 4, 1, 1]], [27, [1, 2, 1, 2, 1]], [29, [1, 4, 1]], [56, 3], [62, 2], [68, 3], [95, 0]]",[10000000000]
layer_2,928,"[[25, [7, 7, 4, 1, 1]], [27, [1, 2, 1, 2, 1]], [29, [1, 2, 2]], [56, 3], [62, 2], [68, 3], [95, 0]]",[10000000000]
layer_2,929,"[[25, [7, 7, 4, 1, 1]], [27, [1, 2, 2, 1, 1]], [29, [1, 4, 1]], [56, 2], [62, 2], [68, 2], [95, 1]]",[5.771363813574339e-06]
layer_2,930,"[[25, [7, 14, 2, 1, 1]], [27, [1, 1, 4, 1, 1]], [29, [1, 2, 2]], [56, 2], [62, 2], [68, 1], [95, 0]]",[3.3880273267435173e-06]
layer_2,931,"[[25, [7, 14, 2, 1, 1]], [27, [2, 1, 2, 1, 1]], [29, [4, 1, 1]], [56, 3], [62, 1], [68, 3], [95, 4]]",[10000000000]
layer_2,932,"[[25, [7, 7, 4, 1, 1]], [27, [1, 2, 2, 1, 1]], [29, [2, 1, 2]], [56, 2], [62, 2], [68, 1], [95, 0]]",[2.9930332118750374e-06]
layer_2,933,"[[25, [7, 7, 4, 1, 1]], [27, [2, 1, 2, 1, 1]], [29, [2, 2, 1]], [56, 3], [62, 2], [68, 3], [95, 0]]",[10000000000]
layer_2,934,"[[25, [7, 14, 2, 1, 1]], [27, [1, 1, 2, 2, 1]], [29, [1, 1, 4]], [56, 2], [62, 2], [68, 2], [95, 4]]",[3.271900572686403e-06]
layer_2,935,"[[25, [7, 14, 2, 1, 1]], [27, [1, 1, 2, 2, 1]], [29, [1, 4, 1]], [56, 2], [62, 2], [68, 2], [95, 4]]",[3.006899847838032e-06]
layer_2,936,"[[25, [7, 14, 2, 1, 1]], [27, [2, 1, 2, 1, 1]], [29, [2, 2, 1]], [56, 2], [62, 2], [68, 1], [95, 4]]",[3.257007283533388e-06]
layer_2,937,"[[25, [7, 7, 4, 1, 1]], [27, [1, 1, 2, 1, 2]], [29, [1, 1, 4]], [56, 3], [62, 2], [68, 3], [95, 0]]",[10000000000]
layer_2,938,"[[25, [7, 7, 4, 1, 1]], [27, [1, 2, 1, 2, 1]], [29, [1, 1, 4]], [56, 3], [62, 2], [68, 3], [95, 4]]",[10000000000]
layer_2,939,"[[25, [7, 14, 2, 1, 1]], [27, [1, 1, 2, 1, 2]], [29, [4, 1, 1]], [56, 2], [62, 0], [68, 2], [95, 3]]",[2.950482457943102e-06]
layer_2,940,"[[25, [7, 7, 4, 1, 1]], [27, [1, 2, 1, 2, 1]], [29, [1, 1, 4]], [56, 2], [62, 2], [68, 3], [95, 4]]",[3.4100480068581226e-06]
layer_2,941,"[[25, [7, 7, 4, 1, 1]], [27, [1, 2, 1, 1, 2]], [29, [1, 1, 4]], [56, 2], [62, 2], [68, 3], [95, 4]]",[3.217696703296703e-06]
layer_2,942,"[[25, [7, 7, 4, 1, 1]], [27, [2, 2, 1, 1, 1]], [29, [4, 1, 1]], [56, 2], [62, 2], [68, 2], [95, 3]]",[2.9286590631008565e-06]
layer_2,943,"[[25, [1, 49, 4, 1, 1]], [27, [1, 2, 2, 1, 1]], [29, [4, 1, 1]], [56, 2], [62, 2], [68, 1], [95, 0]]",[3.350986270896998e-06]
layer_2,944,"[[25, [7, 14, 2, 1, 1]], [27, [2, 1, 2, 1, 1]], [29, [1, 2, 2]], [56, 2], [62, 2], [68, 2], [95, 0]]",[3.7289446637066274e-06]
layer_2,945,"[[25, [7, 7, 4, 1, 1]], [27, [1, 2, 1, 2, 1]], [29, [1, 1, 4]], [56, 2], [62, 2], [68, 2], [95, 4]]",[2.997626558491917e-06]
layer_2,946,"[[25, [1, 49, 4, 1, 1]], [27, [1, 2, 2, 1, 1]], [29, [4, 1, 1]], [56, 2], [62, 2], [68, 0], [95, 0]]",[3.286297585852656e-06]
layer_2,947,"[[25, [14, 7, 2, 1, 1]], [27, [1, 2, 2, 1, 1]], [29, [4, 1, 1]], [56, 3], [62, 2], [68, 2], [95, 3]]",[10000000000]
layer_2,948,"[[25, [1, 98, 2, 1, 1]], [27, [1, 1, 2, 2, 1]], [29, [2, 2, 1]], [56, 2], [62, 1], [68, 1], [95, 2]]",[3.446035070240112e-06]
layer_2,949,"[[25, [7, 14, 2, 1, 1]], [27, [1, 1, 4, 1, 1]], [29, [1, 1, 4]], [56, 3], [62, 2], [68, 3], [95, 1]]",[10000000000]
layer_2,950,"[[25, [7, 7, 4, 1, 1]], [27, [2, 1, 2, 1, 1]], [29, [2, 2, 1]], [56, 2], [62, 2], [68, 1], [95, 0]]",[3.0416375690816155e-06]
layer_2,951,"[[25, [7, 7, 4, 1, 1]], [27, [1, 2, 2, 1, 1]], [29, [4, 1, 1]], [56, 1], [62, 2], [68, 2], [95, 3]]",[3.6525108204620747e-06]
layer_2,952,"[[25, [7, 14, 2, 1, 1]], [27, [2, 1, 2, 1, 1]], [29, [2, 1, 2]], [56, 2], [62, 2], [68, 3], [95, 4]]",[3.0243433082484877e-06]
layer_2,953,"[[25, [7, 7, 4, 1, 1]], [27, [2, 1, 1, 2, 1]], [29, [2, 1, 2]], [56, 2], [62, 1], [68, 3], [95, 4]]",[3.209096851946534e-06]
layer_2,954,"[[25, [7, 7, 4, 1, 1]], [27, [2, 1, 1, 1, 2]], [29, [2, 1, 2]], [56, 2], [62, 1], [68, 3], [95, 4]]",[3.6195360399002497e-06]
layer_2,955,"[[25, [7, 14, 2, 1, 1]], [27, [1, 1, 2, 2, 1]], [29, [1, 2, 2]], [56, 2], [62, 2], [68, 1], [95, 2]]",[3.0942231102640555e-06]
layer_2,956,"[[25, [7, 7, 4, 1, 1]], [27, [2, 1, 2, 1, 1]], [29, [2, 2, 1]], [56, 2], [62, 1], [68, 3], [95, 3]]",[3.039221380015641e-06]
layer_2,957,"[[25, [1, 14, 7, 2, 1]], [27, [1, 2, 1, 2, 1]], [29, [2, 2, 1]], [56, 2], [62, 2], [68, 1], [95, 4]]",[4.2539173568930615e-06]
layer_2,958,"[[25, [1, 49, 2, 1, 2]], [27, [1, 4, 1, 1, 1]], [29, [1, 4, 1]], [56, 1], [62, 1], [68, 3], [95, 1]]",[5.504139357648339e-06]
layer_2,959,"[[25, [28, 7, 1, 1, 1]], [27, [1, 2, 2, 1, 1]], [29, [4, 1, 1]], [56, 1], [62, 2], [68, 1], [95, 2]]",[4.312231154707324e-06]
layer_2,960,"[[25, [7, 7, 4, 1, 1]], [27, [2, 1, 2, 1, 1]], [29, [2, 1, 2]], [56, 3], [62, 2], [68, 2], [95, 1]]",[10000000000]
layer_2,961,"[[25, [7, 7, 4, 1, 1]], [27, [2, 2, 1, 1, 1]], [29, [4, 1, 1]], [56, 2], [62, 2], [68, 2], [95, 2]]",[2.981676487168076e-06]
layer_2,962,"[[25, [14, 7, 2, 1, 1]], [27, [1, 1, 2, 2, 1]], [29, [2, 1, 2]], [56, 2], [62, 1], [68, 1], [95, 3]]",[3.7110041513899397e-06]
layer_2,963,"[[25, [1, 28, 7, 1, 1]], [27, [1, 4, 1, 1, 1]], [29, [2, 1, 2]], [56, 2], [62, 2], [68, 1], [95, 2]]",[3.624742245363363e-06]
layer_2,964,"[[25, [14, 2, 7, 1, 1]], [27, [1, 4, 1, 1, 1]], [29, [2, 1, 2]], [56, 2], [62, 2], [68, 1], [95, 3]]",[3.0552716667323533e-06]
layer_2,965,"[[25, [14, 7, 2, 1, 1]], [27, [1, 1, 4, 1, 1]], [29, [2, 2, 1]], [56, 2], [62, 1], [68, 1], [95, 3]]",[3.4718012619793155e-06]
layer_2,966,"[[25, [1, 28, 7, 1, 1]], [27, [1, 4, 1, 1, 1]], [29, [2, 1, 2]], [56, 2], [62, 2], [68, 1], [95, 1]]",[2.868649762222515e-06]
layer_2,967,"[[25, [7, 14, 2, 1, 1]], [27, [1, 1, 2, 2, 1]], [29, [1, 1, 4]], [56, 2], [62, 2], [68, 3], [95, 1]]",[2.965667068580167e-06]
layer_2,968,"[[25, [7, 14, 2, 1, 1]], [27, [1, 1, 2, 2, 1]], [29, [2, 1, 2]], [56, 2], [62, 1], [68, 1], [95, 4]]",[3.6549916448598133e-06]
layer_2,969,"[[25, [7, 7, 4, 1, 1]], [27, [2, 1, 1, 1, 2]], [29, [1, 4, 1]], [56, 2], [62, 2], [68, 2], [95, 4]]",[3.319735751705051e-06]
layer_2,970,"[[25, [7, 14, 2, 1, 1]], [27, [1, 1, 2, 1, 2]], [29, [2, 1, 2]], [56, 2], [62, 2], [68, 1], [95, 1]]",[2.929813930309367e-06]
layer_2,971,"[[25, [7, 14, 2, 1, 1]], [27, [1, 1, 4, 1, 1]], [29, [2, 2, 1]], [56, 2], [62, 2], [68, 3], [95, 1]]",[3.5489248127833295e-06]
layer_2,972,"[[25, [7, 14, 2, 1, 1]], [27, [1, 1, 2, 2, 1]], [29, [1, 1, 4]], [56, 2], [62, 2], [68, 2], [95, 2]]",[2.947993311718766e-06]
layer_2,973,"[[25, [7, 14, 2, 1, 1]], [27, [1, 1, 2, 1, 2]], [29, [2, 1, 2]], [56, 2], [62, 1], [68, 0], [95, 2]]",[3.8325772121530185e-06]
layer_2,974,"[[25, [7, 14, 2, 1, 1]], [27, [1, 1, 2, 2, 1]], [29, [2, 2, 1]], [56, 2], [62, 1], [68, 0], [95, 2]]",[3.095206270125767e-06]
layer_2,975,"[[25, [7, 14, 2, 1, 1]], [27, [1, 1, 2, 2, 1]], [29, [4, 1, 1]], [56, 2], [62, 1], [68, 1], [95, 1]]",[2.9417544311117536e-06]
layer_2,976,"[[25, [7, 14, 2, 1, 1]], [27, [2, 1, 2, 1, 1]], [29, [2, 2, 1]], [56, 2], [62, 2], [68, 3], [95, 4]]",[2.768568874572176e-06]
layer_2,977,"[[25, [7, 14, 2, 1, 1]], [27, [1, 1, 2, 2, 1]], [29, [2, 1, 2]], [56, 2], [62, 1], [68, 1], [95, 2]]",[4.01142786038827e-06]
layer_2,978,"[[25, [7, 14, 2, 1, 1]], [27, [1, 1, 2, 1, 2]], [29, [2, 1, 2]], [56, 2], [62, 1], [68, 1], [95, 2]]",[5.289398855927913e-06]
layer_2,979,"[[25, [14, 7, 2, 1, 1]], [27, [1, 1, 2, 2, 1]], [29, [2, 2, 1]], [56, 2], [62, 2], [68, 1], [95, 3]]",[2.8241998849031264e-06]
layer_2,980,"[[25, [14, 7, 2, 1, 1]], [27, [1, 1, 2, 1, 2]], [29, [2, 2, 1]], [56, 2], [62, 2], [68, 1], [95, 3]]",[3.2798484639847877e-06]
layer_2,981,"[[25, [7, 7, 4, 1, 1]], [27, [1, 1, 2, 2, 1]], [29, [4, 1, 1]], [56, 2], [62, 2], [68, 0], [95, 4]]",[3.0548845624072897e-06]
layer_2,982,"[[25, [7, 14, 2, 1, 1]], [27, [1, 1, 4, 1, 1]], [29, [4, 1, 1]], [56, 2], [62, 0], [68, 3], [95, 1]]",[3.1222578328981722e-06]
layer_2,983,"[[25, [7, 14, 2, 1, 1]], [27, [1, 1, 4, 1, 1]], [29, [1, 2, 2]], [56, 2], [62, 2], [68, 3], [95, 1]]",[2.898587898798326e-06]
layer_2,984,"[[25, [7, 14, 2, 1, 1]], [27, [1, 1, 2, 2, 1]], [29, [1, 4, 1]], [56, 2], [62, 2], [68, 1], [95, 2]]",[3.1132526007900373e-06]
layer_2,985,"[[25, [7, 14, 2, 1, 1]], [27, [1, 1, 2, 1, 2]], [29, [1, 2, 2]], [56, 2], [62, 2], [68, 1], [95, 2]]",[3.7181965520478083e-06]
layer_2,986,"[[25, [7, 7, 4, 1, 1]], [27, [1, 2, 2, 1, 1]], [29, [2, 2, 1]], [56, 3], [62, 2], [68, 1], [95, 4]]",[10000000000]
layer_2,987,"[[25, [7, 14, 2, 1, 1]], [27, [1, 1, 2, 1, 2]], [29, [2, 2, 1]], [56, 2], [62, 2], [68, 1], [95, 4]]",[3.386288145195557e-06]
layer_2,988,"[[25, [7, 7, 4, 1, 1]], [27, [2, 1, 2, 1, 1]], [29, [2, 1, 2]], [56, 2], [62, 2], [68, 1], [95, 4]]",[3.593770447736693e-06]
layer_2,989,"[[25, [7, 14, 2, 1, 1]], [27, [2, 1, 2, 1, 1]], [29, [4, 1, 1]], [56, 2], [62, 0], [68, 3], [95, 3]]",[3.7312344016294633e-06]
layer_2,990,"[[25, [7, 14, 2, 1, 1]], [27, [2, 1, 2, 1, 1]], [29, [4, 1, 1]], [56, 2], [62, 2], [68, 3], [95, 3]]",[2.9342071848491633e-06]
layer_2,991,"[[25, [7, 7, 4, 1, 1]], [27, [1, 1, 1, 2, 2]], [29, [1, 4, 1]], [56, 2], [62, 2], [68, 3], [95, 0]]",[3.8050887753134046e-06]
layer_2,992,"[[25, [7, 14, 2, 1, 1]], [27, [1, 1, 2, 1, 2]], [29, [2, 2, 1]], [56, 2], [62, 1], [68, 2], [95, 2]]",[3.906559388391118e-06]
layer_2,993,"[[25, [7, 14, 2, 1, 1]], [27, [1, 1, 2, 1, 2]], [29, [2, 1, 2]], [56, 2], [62, 1], [68, 2], [95, 2]]",[2.868286332162768e-06]
layer_2,994,"[[25, [14, 7, 2, 1, 1]], [27, [1, 1, 2, 1, 2]], [29, [1, 1, 4]], [56, 2], [62, 2], [68, 2], [95, 4]]",[3.587702748844258e-06]
layer_2,995,"[[25, [7, 7, 4, 1, 1]], [27, [2, 1, 1, 1, 2]], [29, [2, 2, 1]], [56, 2], [62, 1], [68, 1], [95, 3]]",[3.425528841833844e-06]
layer_2,996,"[[25, [7, 7, 4, 1, 1]], [27, [2, 1, 1, 2, 1]], [29, [2, 2, 1]], [56, 2], [62, 1], [68, 1], [95, 3]]",[3.0744401503116216e-06]
layer_2,997,"[[25, [7, 7, 4, 1, 1]], [27, [2, 1, 2, 1, 1]], [29, [4, 1, 1]], [56, 2], [62, 0], [68, 2], [95, 1]]",[3.265884749130651e-06]
layer_2,998,"[[25, [14, 7, 1, 2, 1]], [27, [2, 1, 1, 1, 2]], [29, [1, 2, 2]], [56, 2], [62, 1], [68, 2], [95, 3]]",[4.037320040596069e-06]
layer_2,999,"[[25, [1, 14, 1, 7, 2]], [27, [2, 2, 1, 1, 1]], [29, [1, 4, 1]], [56, 0], [62, 1], [68, 1], [95, 4]]",[1.4831098787660546e-05]
