layer,trial_index,tile_size,execution_time
layer_7,0,"[[31, [13, 1, 1, 1, 1]], [33, [2, 1, 4, 2, 1]], [35, [1, 8, 1]], [62, 1], [68, 1], [74, 0], [101, 0]]",[3.90793120766477e-06]
layer_7,1,"[[31, [13, 1, 1, 1, 1]], [33, [4, 1, 1, 1, 4]], [35, [1, 2, 4]], [62, 2], [68, 1], [74, 2], [101, 4]]",[5.435335706521739e-06]
layer_7,2,"[[31, [13, 1, 1, 1, 1]], [33, [2, 4, 1, 1, 2]], [35, [8, 1, 1]], [62, 1], [68, 1], [74, 2], [101, 3]]",[3.503568030259965e-06]
layer_7,3,"[[31, [13, 1, 1, 1, 1]], [33, [1, 2, 2, 2, 2]], [35, [1, 2, 4]], [62, 1], [68, 2], [74, 0], [101, 0]]",[5.2317315313431275e-06]
layer_7,4,"[[31, [13, 1, 1, 1, 1]], [33, [1, 1, 2, 4, 2]], [35, [2, 4, 1]], [62, 2], [68, 1], [74, 1], [101, 3]]",[5.933217397682265e-06]
layer_7,5,"[[31, [13, 1, 1, 1, 1]], [33, [1, 1, 2, 2, 4]], [35, [8, 1, 1]], [62, 2], [68, 2], [74, 0], [101, 3]]",[8.618982507539854e-06]
layer_7,6,"[[31, [13, 1, 1, 1, 1]], [33, [8, 1, 1, 2, 1]], [35, [4, 1, 2]], [62, 2], [68, 2], [74, 1], [101, 2]]",[6.166807443458346e-06]
layer_7,7,"[[31, [13, 1, 1, 1, 1]], [33, [1, 2, 1, 2, 4]], [35, [1, 8, 1]], [62, 1], [68, 2], [74, 2], [101, 3]]",[4.954135735938027e-06]
layer_7,8,"[[31, [1, 1, 1, 13, 1]], [33, [1, 2, 1, 8, 1]], [35, [2, 4, 1]], [62, 0], [68, 0], [74, 1], [101, 2]]",[8.308947019498609e-05]
layer_7,9,"[[31, [13, 1, 1, 1, 1]], [33, [1, 2, 2, 2, 2]], [35, [2, 1, 4]], [62, 1], [68, 2], [74, 1], [101, 2]]",[7.7232304901914e-06]
layer_7,10,"[[31, [13, 1, 1, 1, 1]], [33, [1, 4, 1, 1, 4]], [35, [4, 2, 1]], [62, 0], [68, 2], [74, 2], [101, 0]]",[4.11589629761844e-06]
layer_7,11,"[[31, [1, 1, 1, 13, 1]], [33, [4, 1, 4, 1, 1]], [35, [2, 2, 2]], [62, 0], [68, 0], [74, 3], [101, 4]]",[1.5688828899549354e-05]
layer_7,12,"[[31, [1, 1, 1, 13, 1]], [33, [2, 1, 2, 2, 2]], [35, [2, 4, 1]], [62, 0], [68, 1], [74, 3], [101, 4]]",[2.558034889901291e-05]
layer_7,13,"[[31, [13, 1, 1, 1, 1]], [33, [2, 4, 2, 1, 1]], [35, [2, 2, 2]], [62, 2], [68, 0], [74, 1], [101, 3]]",[3.4531347836846717e-06]
layer_7,14,"[[31, [13, 1, 1, 1, 1]], [33, [2, 1, 2, 2, 2]], [35, [8, 1, 1]], [62, 2], [68, 2], [74, 1], [101, 4]]",[1.0048736868334497e-05]
layer_7,15,"[[31, [1, 1, 13, 1, 1]], [33, [8, 1, 1, 2, 1]], [35, [4, 1, 2]], [62, 2], [68, 0], [74, 3], [101, 4]]",[7.797356664256448e-06]
layer_7,16,"[[31, [1, 13, 1, 1, 1]], [33, [4, 1, 1, 2, 2]], [35, [2, 2, 2]], [62, 0], [68, 1], [74, 1], [101, 0]]",[9.525762378569326e-06]
layer_7,17,"[[31, [13, 1, 1, 1, 1]], [33, [4, 2, 2, 1, 1]], [35, [2, 2, 2]], [62, 1], [68, 0], [74, 1], [101, 3]]",[3.1378779853679182e-06]
layer_7,18,"[[31, [1, 1, 1, 13, 1]], [33, [2, 4, 1, 2, 1]], [35, [2, 2, 2]], [62, 2], [68, 1], [74, 0], [101, 2]]",[1.2680340706900698e-05]
layer_7,19,"[[31, [13, 1, 1, 1, 1]], [33, [4, 1, 4, 1, 1]], [35, [2, 2, 2]], [62, 0], [68, 1], [74, 3], [101, 4]]",[3.2634786016293696e-06]
layer_7,20,"[[31, [1, 13, 1, 1, 1]], [33, [2, 1, 1, 2, 4]], [35, [4, 2, 1]], [62, 2], [68, 1], [74, 2], [101, 3]]",[1.4605356816542438e-05]
layer_7,21,"[[31, [13, 1, 1, 1, 1]], [33, [1, 2, 2, 4, 1]], [35, [1, 4, 2]], [62, 1], [68, 1], [74, 1], [101, 0]]",[1.2948766261705897e-05]
layer_7,22,"[[31, [1, 1, 1, 13, 1]], [33, [1, 1, 8, 1, 2]], [35, [8, 1, 1]], [62, 2], [68, 1], [74, 0], [101, 2]]",[2.9559579021306484e-05]
layer_7,23,"[[31, [1, 1, 1, 13, 1]], [33, [2, 1, 2, 1, 4]], [35, [4, 1, 2]], [62, 0], [68, 2], [74, 0], [101, 1]]",[4.309540886998784e-05]
layer_7,24,"[[31, [1, 1, 13, 1, 1]], [33, [1, 4, 1, 2, 2]], [35, [2, 2, 2]], [62, 3], [68, 2], [74, 0], [101, 0]]",[1.1030115653577192e-05]
layer_7,25,"[[31, [1, 1, 1, 13, 1]], [33, [1, 1, 8, 1, 2]], [35, [8, 1, 1]], [62, 0], [68, 1], [74, 1], [101, 0]]",[4.724343240523314e-05]
layer_7,26,"[[31, [13, 1, 1, 1, 1]], [33, [4, 1, 1, 4, 1]], [35, [1, 4, 2]], [62, 0], [68, 2], [74, 2], [101, 4]]",[4.318799508717592e-06]
layer_7,27,"[[31, [1, 1, 1, 13, 1]], [33, [4, 4, 1, 1, 1]], [35, [2, 1, 4]], [62, 1], [68, 1], [74, 0], [101, 3]]",[1.520953742722484e-05]
layer_7,28,"[[31, [13, 1, 1, 1, 1]], [33, [4, 1, 1, 2, 2]], [35, [4, 1, 2]], [62, 0], [68, 1], [74, 0], [101, 2]]",[8.234494359818856e-06]
layer_7,29,"[[31, [1, 13, 1, 1, 1]], [33, [1, 4, 2, 2, 1]], [35, [1, 8, 1]], [62, 0], [68, 2], [74, 1], [101, 2]]",[7.275487597293955e-06]
layer_7,30,"[[31, [1, 13, 1, 1, 1]], [33, [1, 1, 2, 2, 4]], [35, [8, 1, 1]], [62, 1], [68, 2], [74, 1], [101, 3]]",[6.791696212630164e-06]
layer_7,31,"[[31, [1, 1, 1, 13, 1]], [33, [2, 2, 1, 2, 2]], [35, [2, 2, 2]], [62, 2], [68, 2], [74, 3], [101, 2]]",[4.0154680808656035e-05]
layer_7,32,"[[31, [13, 1, 1, 1, 1]], [33, [4, 1, 2, 1, 2]], [35, [8, 1, 1]], [62, 1], [68, 0], [74, 0], [101, 2]]",[7.578789118739107e-06]
layer_7,33,"[[31, [1, 13, 1, 1, 1]], [33, [4, 1, 1, 2, 2]], [35, [1, 2, 4]], [62, 1], [68, 2], [74, 2], [101, 3]]",[3.829829020898721e-06]
layer_7,34,"[[31, [13, 1, 1, 1, 1]], [33, [4, 1, 2, 1, 2]], [35, [2, 2, 2]], [62, 2], [68, 2], [74, 0], [101, 4]]",[6.1018741839038375e-06]
layer_7,35,"[[31, [13, 1, 1, 1, 1]], [33, [8, 1, 1, 2, 1]], [35, [2, 1, 4]], [62, 2], [68, 0], [74, 1], [101, 2]]",[3.1770138875878217e-06]
layer_7,36,"[[31, [13, 1, 1, 1, 1]], [33, [1, 4, 1, 1, 4]], [35, [1, 2, 4]], [62, 1], [68, 1], [74, 2], [101, 4]]",[5.253422095624213e-06]
layer_7,37,"[[31, [1, 1, 13, 1, 1]], [33, [8, 2, 1, 1, 1]], [35, [2, 1, 4]], [62, 0], [68, 2], [74, 1], [101, 3]]",[9.570870992547026e-06]
layer_7,38,"[[31, [13, 1, 1, 1, 1]], [33, [1, 4, 1, 4, 1]], [35, [2, 1, 4]], [62, 2], [68, 1], [74, 2], [101, 1]]",[3.552549395071613e-06]
layer_7,39,"[[31, [1, 13, 1, 1, 1]], [33, [4, 1, 2, 2, 1]], [35, [2, 1, 4]], [62, 1], [68, 1], [74, 1], [101, 0]]",[6.490564591189922e-06]
layer_7,40,"[[31, [1, 13, 1, 1, 1]], [33, [4, 4, 1, 1, 1]], [35, [1, 4, 2]], [62, 0], [68, 2], [74, 2], [101, 4]]",[5.901320884955752e-06]
layer_7,41,"[[31, [1, 1, 1, 13, 1]], [33, [4, 2, 1, 2, 1]], [35, [4, 2, 1]], [62, 1], [68, 0], [74, 2], [101, 1]]",[1.2685508404212233e-05]
layer_7,42,"[[31, [13, 1, 1, 1, 1]], [33, [1, 8, 1, 1, 2]], [35, [8, 1, 1]], [62, 0], [68, 0], [74, 0], [101, 2]]",[3.991383496241814e-06]
layer_7,43,"[[31, [13, 1, 1, 1, 1]], [33, [4, 2, 2, 1, 1]], [35, [4, 1, 2]], [62, 1], [68, 2], [74, 2], [101, 2]]",[3.007540931451969e-06]
layer_7,44,"[[31, [13, 1, 1, 1, 1]], [33, [4, 1, 1, 1, 4]], [35, [4, 2, 1]], [62, 1], [68, 1], [74, 0], [101, 2]]",[8.334441378745702e-06]
layer_7,45,"[[31, [13, 1, 1, 1, 1]], [33, [1, 4, 2, 1, 2]], [35, [8, 1, 1]], [62, 0], [68, 1], [74, 3], [101, 0]]",[3.931470375830609e-06]
layer_7,46,"[[31, [13, 1, 1, 1, 1]], [33, [1, 4, 1, 4, 1]], [35, [4, 2, 1]], [62, 0], [68, 0], [74, 0], [101, 0]]",[5.259269541920571e-06]
layer_7,47,"[[31, [13, 1, 1, 1, 1]], [33, [2, 4, 1, 1, 2]], [35, [2, 4, 1]], [62, 0], [68, 1], [74, 3], [101, 2]]",[3.844662707733215e-06]
layer_7,48,"[[31, [1, 13, 1, 1, 1]], [33, [4, 2, 2, 1, 1]], [35, [4, 1, 2]], [62, 1], [68, 2], [74, 0], [101, 2]]",[3.776936986824518e-06]
layer_7,49,"[[31, [13, 1, 1, 1, 1]], [33, [8, 1, 1, 2, 1]], [35, [2, 1, 4]], [62, 0], [68, 0], [74, 1], [101, 4]]",[3.6081913460234207e-06]
layer_7,50,"[[31, [13, 1, 1, 1, 1]], [33, [1, 1, 4, 4, 1]], [35, [2, 1, 4]], [62, 0], [68, 1], [74, 2], [101, 1]]",[6.496550844776308e-06]
layer_7,51,"[[31, [13, 1, 1, 1, 1]], [33, [8, 1, 1, 2, 1]], [35, [2, 1, 4]], [62, 2], [68, 1], [74, 1], [101, 4]]",[3.3956669395122364e-06]
layer_7,52,"[[31, [13, 1, 1, 1, 1]], [33, [1, 2, 1, 8, 1]], [35, [1, 4, 2]], [62, 0], [68, 0], [74, 1], [101, 4]]",[5.000823523956723e-06]
layer_7,53,"[[31, [1, 1, 1, 13, 1]], [33, [1, 4, 2, 1, 2]], [35, [2, 1, 4]], [62, 2], [68, 0], [74, 2], [101, 4]]",[1.2972338762957057e-05]
layer_7,54,"[[31, [13, 1, 1, 1, 1]], [33, [2, 4, 1, 1, 2]], [35, [2, 2, 2]], [62, 1], [68, 0], [74, 2], [101, 1]]",[3.307144136078783e-06]
layer_7,55,"[[31, [13, 1, 1, 1, 1]], [33, [1, 1, 2, 2, 4]], [35, [8, 1, 1]], [62, 2], [68, 0], [74, 2], [101, 3]]",[7.009031889543034e-06]
layer_7,56,"[[31, [1, 1, 13, 1, 1]], [33, [4, 1, 1, 2, 2]], [35, [2, 2, 2]], [62, 2], [68, 2], [74, 1], [101, 3]]",[1.1557573186012074e-05]
layer_7,57,"[[31, [1, 1, 13, 1, 1]], [33, [8, 1, 2, 1, 1]], [35, [4, 1, 2]], [62, 0], [68, 0], [74, 2], [101, 1]]",[1.0615226884374407e-05]
layer_7,58,"[[31, [1, 13, 1, 1, 1]], [33, [1, 4, 1, 1, 4]], [35, [1, 2, 4]], [62, 0], [68, 1], [74, 2], [101, 0]]",[6.788506441730664e-06]
layer_7,59,"[[31, [1, 1, 1, 13, 1]], [33, [1, 1, 8, 1, 2]], [35, [8, 1, 1]], [62, 2], [68, 1], [74, 2], [101, 1]]",[3.0075987131492747e-05]
layer_7,60,"[[31, [1, 1, 13, 1, 1]], [33, [4, 1, 1, 1, 4]], [35, [2, 4, 1]], [62, 2], [68, 1], [74, 2], [101, 4]]",[1.9793875857562887e-05]
layer_7,61,"[[31, [13, 1, 1, 1, 1]], [33, [1, 1, 8, 2, 1]], [35, [2, 1, 4]], [62, 2], [68, 1], [74, 3], [101, 0]]",[3.972119816381267e-06]
layer_7,62,"[[31, [13, 1, 1, 1, 1]], [33, [2, 8, 1, 1, 1]], [35, [2, 2, 2]], [62, 2], [68, 2], [74, 1], [101, 2]]",[3.874763540448285e-06]
layer_7,63,"[[31, [13, 1, 1, 1, 1]], [33, [1, 1, 2, 4, 2]], [35, [2, 1, 4]], [62, 2], [68, 2], [74, 1], [101, 3]]",[5.513059499062873e-06]
layer_7,64,"[[31, [1, 1, 1, 13, 1]], [33, [4, 1, 2, 2, 1]], [35, [4, 1, 2]], [62, 0], [68, 2], [74, 3], [101, 0]]",[1.617318285714286e-05]
layer_7,65,"[[31, [1, 13, 1, 1, 1]], [33, [2, 2, 1, 2, 2]], [35, [2, 1, 4]], [62, 2], [68, 2], [74, 2], [101, 1]]",[5.386015066982929e-06]
layer_7,66,"[[31, [13, 1, 1, 1, 1]], [33, [2, 2, 1, 2, 2]], [35, [1, 8, 1]], [62, 0], [68, 2], [74, 0], [101, 4]]",[9.266351466288652e-06]
layer_7,67,"[[31, [1, 1, 13, 1, 1]], [33, [8, 2, 1, 1, 1]], [35, [2, 4, 1]], [62, 0], [68, 0], [74, 0], [101, 2]]",[1.0169808221952208e-05]
layer_7,68,"[[31, [13, 1, 1, 1, 1]], [33, [1, 1, 1, 8, 2]], [35, [2, 1, 4]], [62, 1], [68, 2], [74, 3], [101, 0]]",[7.76193006830177e-06]
layer_7,69,"[[31, [1, 1, 13, 1, 1]], [33, [4, 2, 1, 1, 2]], [35, [2, 1, 4]], [62, 0], [68, 0], [74, 0], [101, 0]]",[1.3761510124019236e-05]
layer_7,70,"[[31, [1, 13, 1, 1, 1]], [33, [1, 2, 4, 1, 2]], [35, [1, 8, 1]], [62, 0], [68, 2], [74, 3], [101, 0]]",[3.832849701599427e-06]
layer_7,71,"[[31, [13, 1, 1, 1, 1]], [33, [1, 2, 2, 2, 2]], [35, [4, 2, 1]], [62, 1], [68, 2], [74, 0], [101, 0]]",[7.339506055045872e-06]
layer_7,72,"[[31, [13, 1, 1, 1, 1]], [33, [1, 8, 1, 1, 2]], [35, [2, 1, 4]], [62, 2], [68, 1], [74, 1], [101, 1]]",[3.1974013917784637e-06]
layer_7,73,"[[31, [1, 13, 1, 1, 1]], [33, [4, 1, 1, 2, 2]], [35, [2, 4, 1]], [62, 2], [68, 1], [74, 0], [101, 4]]",[8.629202890820843e-06]
layer_7,74,"[[31, [1, 1, 1, 13, 1]], [33, [1, 8, 1, 2, 1]], [35, [4, 2, 1]], [62, 0], [68, 0], [74, 1], [101, 1]]",[1.3243183337340708e-05]
layer_7,75,"[[31, [1, 1, 13, 1, 1]], [33, [8, 1, 1, 2, 1]], [35, [4, 2, 1]], [62, 2], [68, 0], [74, 1], [101, 3]]",[8.401795897169567e-06]
layer_7,76,"[[31, [1, 1, 13, 1, 1]], [33, [4, 1, 1, 2, 2]], [35, [4, 1, 2]], [62, 0], [68, 1], [74, 0], [101, 2]]",[1.5466771576815996e-05]
layer_7,77,"[[31, [13, 1, 1, 1, 1]], [33, [1, 4, 1, 4, 1]], [35, [2, 4, 1]], [62, 0], [68, 0], [74, 0], [101, 0]]",[6.361228102538007e-06]
layer_7,78,"[[31, [13, 1, 1, 1, 1]], [33, [2, 4, 2, 1, 1]], [35, [1, 4, 2]], [62, 0], [68, 0], [74, 2], [101, 0]]",[4.010322617344949e-06]
layer_7,79,"[[31, [1, 13, 1, 1, 1]], [33, [2, 2, 1, 1, 4]], [35, [8, 1, 1]], [62, 0], [68, 2], [74, 1], [101, 4]]",[3.7988626920475414e-06]
layer_7,80,"[[31, [1, 13, 1, 1, 1]], [33, [4, 1, 1, 2, 2]], [35, [2, 4, 1]], [62, 1], [68, 1], [74, 0], [101, 3]]",[4.653969684288836e-06]
layer_7,81,"[[31, [1, 1, 1, 13, 1]], [33, [8, 2, 1, 1, 1]], [35, [8, 1, 1]], [62, 1], [68, 2], [74, 3], [101, 2]]",[1.1133738235893257e-05]
layer_7,82,"[[31, [13, 1, 1, 1, 1]], [33, [8, 2, 1, 1, 1]], [35, [8, 1, 1]], [62, 2], [68, 2], [74, 0], [101, 3]]",[3.3978549947446323e-06]
layer_7,83,"[[31, [1, 13, 1, 1, 1]], [33, [2, 2, 1, 2, 2]], [35, [2, 4, 1]], [62, 0], [68, 0], [74, 2], [101, 1]]",[7.626164696911933e-06]
layer_7,84,"[[31, [1, 13, 1, 1, 1]], [33, [1, 2, 2, 1, 4]], [35, [1, 4, 2]], [62, 2], [68, 2], [74, 1], [101, 1]]",[4.131814587989435e-06]
layer_7,85,"[[31, [1, 1, 13, 1, 1]], [33, [2, 2, 1, 2, 2]], [35, [2, 1, 4]], [62, 0], [68, 2], [74, 2], [101, 1]]",[1.519738485049834e-05]
layer_7,86,"[[31, [1, 1, 13, 1, 1]], [33, [8, 2, 1, 1, 1]], [35, [2, 1, 4]], [62, 0], [68, 2], [74, 1], [101, 2]]",[9.573659467455622e-06]
layer_7,87,"[[31, [13, 1, 1, 1, 1]], [33, [4, 4, 1, 1, 1]], [35, [2, 2, 2]], [62, 2], [68, 2], [74, 1], [101, 2]]",[3.713665306391101e-06]
layer_7,88,"[[31, [1, 1, 13, 1, 1]], [33, [2, 4, 1, 1, 2]], [35, [4, 1, 2]], [62, 3], [68, 0], [74, 2], [101, 3]]",[7.6371679728071e-06]
layer_7,89,"[[31, [1, 1, 13, 1, 1]], [33, [8, 1, 1, 2, 1]], [35, [2, 1, 4]], [62, 2], [68, 0], [74, 1], [101, 4]]",[8.407706881329525e-06]
layer_7,90,"[[31, [1, 13, 1, 1, 1]], [33, [1, 1, 8, 1, 2]], [35, [2, 1, 4]], [62, 2], [68, 2], [74, 0], [101, 4]]",[4.72870759156947e-06]
layer_7,91,"[[31, [1, 13, 1, 1, 1]], [33, [1, 1, 8, 1, 2]], [35, [8, 1, 1]], [62, 2], [68, 2], [74, 0], [101, 4]]",[5.519179435552673e-06]
layer_7,92,"[[31, [13, 1, 1, 1, 1]], [33, [1, 2, 1, 4, 2]], [35, [4, 1, 2]], [62, 0], [68, 2], [74, 2], [101, 4]]",[5.517199514723724e-06]
layer_7,93,"[[31, [1, 13, 1, 1, 1]], [33, [2, 8, 1, 1, 1]], [35, [4, 2, 1]], [62, 1], [68, 0], [74, 2], [101, 3]]",[4.44230594296882e-06]
layer_7,94,"[[31, [13, 1, 1, 1, 1]], [33, [8, 1, 1, 2, 1]], [35, [2, 1, 4]], [62, 1], [68, 2], [74, 3], [101, 2]]",[3.160383743790297e-06]
layer_7,95,"[[31, [1, 13, 1, 1, 1]], [33, [1, 1, 2, 8, 1]], [35, [2, 1, 4]], [62, 2], [68, 2], [74, 1], [101, 4]]",[5.813867339970528e-06]
layer_7,96,"[[31, [1, 1, 1, 13, 1]], [33, [2, 2, 1, 2, 2]], [35, [8, 1, 1]], [62, 0], [68, 1], [74, 0], [101, 3]]",[2.9921155765920826e-05]
layer_7,97,"[[31, [1, 13, 1, 1, 1]], [33, [1, 4, 1, 4, 1]], [35, [2, 2, 2]], [62, 1], [68, 0], [74, 1], [101, 0]]",[3.833421936163806e-06]
layer_7,98,"[[31, [1, 13, 1, 1, 1]], [33, [2, 1, 2, 2, 2]], [35, [1, 2, 4]], [62, 2], [68, 1], [74, 1], [101, 1]]",[4.087739838667708e-06]
layer_7,99,"[[31, [1, 1, 1, 13, 1]], [33, [2, 2, 1, 1, 4]], [35, [8, 1, 1]], [62, 2], [68, 0], [74, 0], [101, 4]]",[1.5627379880969663e-05]
layer_7,100,"[[31, [1, 13, 1, 1, 1]], [33, [2, 1, 4, 1, 2]], [35, [1, 8, 1]], [62, 2], [68, 1], [74, 1], [101, 3]]",[9.696515125072716e-06]
layer_7,101,"[[31, [13, 1, 1, 1, 1]], [33, [8, 1, 1, 2, 1]], [35, [1, 2, 4]], [62, 2], [68, 1], [74, 2], [101, 0]]",[3.7443743879181486e-06]
layer_7,102,"[[31, [13, 1, 1, 1, 1]], [33, [2, 2, 1, 2, 2]], [35, [2, 4, 1]], [62, 1], [68, 2], [74, 0], [101, 4]]",[7.747195882212113e-06]
layer_7,103,"[[31, [13, 1, 1, 1, 1]], [33, [1, 4, 1, 1, 4]], [35, [2, 4, 1]], [62, 2], [68, 1], [74, 0], [101, 1]]",[4.393158465342499e-06]
layer_7,104,"[[31, [13, 1, 1, 1, 1]], [33, [1, 1, 2, 2, 4]], [35, [4, 1, 2]], [62, 0], [68, 2], [74, 2], [101, 0]]",[6.037625641335184e-06]
layer_7,105,"[[31, [1, 13, 1, 1, 1]], [33, [4, 1, 1, 2, 2]], [35, [1, 4, 2]], [62, 2], [68, 0], [74, 0], [101, 4]]",[8.402582428430404e-06]
layer_7,106,"[[31, [13, 1, 1, 1, 1]], [33, [2, 2, 1, 2, 2]], [35, [1, 8, 1]], [62, 0], [68, 2], [74, 0], [101, 2]]",[8.479502714708786e-06]
layer_7,107,"[[31, [1, 13, 1, 1, 1]], [33, [2, 1, 2, 2, 2]], [35, [2, 2, 2]], [62, 0], [68, 1], [74, 3], [101, 3]]",[4.1125145036011865e-06]
layer_7,108,"[[31, [13, 1, 1, 1, 1]], [33, [8, 1, 1, 2, 1]], [35, [2, 1, 4]], [62, 0], [68, 0], [74, 1], [101, 0]]",[3.7920640893162005e-06]
layer_7,109,"[[31, [1, 1, 13, 1, 1]], [33, [2, 4, 1, 1, 2]], [35, [4, 2, 1]], [62, 0], [68, 1], [74, 3], [101, 2]]",[9.3804114965135e-06]
layer_7,110,"[[31, [1, 1, 1, 13, 1]], [33, [4, 1, 1, 1, 4]], [35, [2, 1, 4]], [62, 1], [68, 1], [74, 2], [101, 1]]",[3.558253487766788e-05]
layer_7,111,"[[31, [1, 1, 13, 1, 1]], [33, [8, 2, 1, 1, 1]], [35, [8, 1, 1]], [62, 1], [68, 2], [74, 1], [101, 3]]",[5.243932459360252e-06]
layer_7,112,"[[31, [1, 13, 1, 1, 1]], [33, [1, 2, 2, 1, 4]], [35, [1, 8, 1]], [62, 2], [68, 1], [74, 0], [101, 1]]",[5.4191268490923865e-06]
layer_7,113,"[[31, [1, 13, 1, 1, 1]], [33, [1, 2, 2, 1, 4]], [35, [1, 8, 1]], [62, 0], [68, 1], [74, 3], [101, 2]]",[4.3883196815718155e-06]
layer_7,114,"[[31, [1, 1, 1, 13, 1]], [33, [1, 2, 1, 4, 2]], [35, [8, 1, 1]], [62, 2], [68, 2], [74, 3], [101, 3]]",[4.6252507251047376e-05]
layer_7,115,"[[31, [13, 1, 1, 1, 1]], [33, [2, 2, 2, 1, 2]], [35, [2, 4, 1]], [62, 1], [68, 0], [74, 0], [101, 4]]",[7.083929897539189e-06]
layer_7,116,"[[31, [13, 1, 1, 1, 1]], [33, [8, 1, 1, 2, 1]], [35, [8, 1, 1]], [62, 1], [68, 0], [74, 3], [101, 2]]",[3.76345773909396e-06]
layer_7,117,"[[31, [1, 13, 1, 1, 1]], [33, [1, 8, 1, 1, 2]], [35, [1, 4, 2]], [62, 0], [68, 0], [74, 0], [101, 2]]",[5.528416583747927e-06]
layer_7,118,"[[31, [13, 1, 1, 1, 1]], [33, [1, 4, 1, 4, 1]], [35, [4, 1, 2]], [62, 0], [68, 0], [74, 0], [101, 0]]",[5.238091966062637e-06]
layer_7,119,"[[31, [1, 1, 13, 1, 1]], [33, [8, 2, 1, 1, 1]], [35, [4, 2, 1]], [62, 0], [68, 0], [74, 2], [101, 1]]",[8.483451135241856e-06]
layer_7,120,"[[31, [1, 13, 1, 1, 1]], [33, [2, 2, 1, 2, 2]], [35, [8, 1, 1]], [62, 0], [68, 1], [74, 1], [101, 3]]",[7.997847839798171e-06]
layer_7,121,"[[31, [13, 1, 1, 1, 1]], [33, [16, 1, 1, 1, 1]], [35, [2, 4, 1]], [62, 0], [68, 1], [74, 1], [101, 1]]",[4.6156110366079834e-06]
layer_7,122,"[[31, [1, 1, 1, 13, 1]], [33, [1, 4, 1, 2, 2]], [35, [2, 1, 4]], [62, 0], [68, 1], [74, 2], [101, 2]]",[2.4206728757570194e-05]
layer_7,123,"[[31, [1, 1, 13, 1, 1]], [33, [2, 8, 1, 1, 1]], [35, [2, 2, 2]], [62, 2], [68, 2], [74, 2], [101, 0]]",[8.178930498773507e-06]
layer_7,124,"[[31, [1, 13, 1, 1, 1]], [33, [8, 2, 1, 1, 1]], [35, [2, 2, 2]], [62, 2], [68, 0], [74, 2], [101, 4]]",[4.176624630305614e-06]
layer_7,125,"[[31, [1, 1, 13, 1, 1]], [33, [2, 2, 1, 1, 4]], [35, [2, 4, 1]], [62, 2], [68, 1], [74, 1], [101, 0]]",[1.9288832194381168e-05]
layer_7,126,"[[31, [13, 1, 1, 1, 1]], [33, [2, 1, 1, 4, 2]], [35, [4, 1, 2]], [62, 2], [68, 2], [74, 1], [101, 2]]",[5.276982984421438e-06]
layer_7,127,"[[31, [13, 1, 1, 1, 1]], [33, [4, 2, 2, 1, 1]], [35, [1, 8, 1]], [62, 1], [68, 0], [74, 2], [101, 1]]",[3.81335977490152e-06]
layer_7,128,"[[31, [13, 1, 1, 1, 1]], [33, [4, 2, 2, 1, 1]], [35, [4, 1, 2]], [62, 1], [68, 2], [74, 1], [101, 2]]",[3.1154997729430705e-06]
layer_7,129,"[[31, [13, 1, 1, 1, 1]], [33, [4, 2, 2, 1, 1]], [35, [4, 1, 2]], [62, 1], [68, 2], [74, 3], [101, 2]]",[3.3079207394672798e-06]
layer_7,130,"[[31, [13, 1, 1, 1, 1]], [33, [4, 2, 2, 1, 1]], [35, [4, 1, 2]], [62, 1], [68, 2], [74, 0], [101, 2]]",[3.3129129696324795e-06]
layer_7,131,"[[31, [13, 1, 1, 1, 1]], [33, [4, 2, 2, 1, 1]], [35, [4, 1, 2]], [62, 1], [68, 1], [74, 1], [101, 2]]",[3.1036349445712423e-06]
layer_7,132,"[[31, [13, 1, 1, 1, 1]], [33, [4, 2, 2, 1, 1]], [35, [4, 1, 2]], [62, 1], [68, 1], [74, 0], [101, 2]]",[3.789045595194758e-06]
layer_7,133,"[[31, [13, 1, 1, 1, 1]], [33, [4, 2, 2, 1, 1]], [35, [4, 2, 1]], [62, 1], [68, 1], [74, 2], [101, 1]]",[3.0635562738759916e-06]
layer_7,134,"[[31, [13, 1, 1, 1, 1]], [33, [4, 2, 2, 1, 1]], [35, [4, 1, 2]], [62, 2], [68, 2], [74, 2], [101, 2]]",[3.1560912193428965e-06]
layer_7,135,"[[31, [13, 1, 1, 1, 1]], [33, [4, 2, 2, 1, 1]], [35, [4, 2, 1]], [62, 2], [68, 2], [74, 2], [101, 2]]",[2.9999915326637937e-06]
layer_7,136,"[[31, [13, 1, 1, 1, 1]], [33, [4, 2, 2, 1, 1]], [35, [8, 1, 1]], [62, 2], [68, 1], [74, 3], [101, 2]]",[3.321269874223978e-06]
layer_7,137,"[[31, [13, 1, 1, 1, 1]], [33, [4, 2, 2, 1, 1]], [35, [4, 1, 2]], [62, 2], [68, 1], [74, 2], [101, 2]]",[3.08626907127914e-06]
layer_7,138,"[[31, [13, 1, 1, 1, 1]], [33, [4, 2, 2, 1, 1]], [35, [4, 1, 2]], [62, 2], [68, 1], [74, 3], [101, 2]]",[3.0212321132977743e-06]
layer_7,139,"[[31, [13, 1, 1, 1, 1]], [33, [4, 2, 2, 1, 1]], [35, [4, 1, 2]], [62, 2], [68, 1], [74, 0], [101, 2]]",[3.628175922303284e-06]
layer_7,140,"[[31, [13, 1, 1, 1, 1]], [33, [4, 2, 2, 1, 1]], [35, [4, 1, 2]], [62, 0], [68, 1], [74, 3], [101, 2]]",[3.3292555100991713e-06]
layer_7,141,"[[31, [13, 1, 1, 1, 1]], [33, [4, 2, 2, 1, 1]], [35, [2, 1, 4]], [62, 1], [68, 1], [74, 1], [101, 2]]",[3.155917027432724e-06]
layer_7,142,"[[31, [13, 1, 1, 1, 1]], [33, [4, 2, 2, 1, 1]], [35, [8, 1, 1]], [62, 1], [68, 0], [74, 1], [101, 2]]",[3.870844013791464e-06]
layer_7,143,"[[31, [13, 1, 1, 1, 1]], [33, [4, 2, 2, 1, 1]], [35, [4, 2, 1]], [62, 1], [68, 0], [74, 2], [101, 1]]",[3.505851695351953e-06]
layer_7,144,"[[31, [13, 1, 1, 1, 1]], [33, [4, 2, 2, 1, 1]], [35, [4, 2, 1]], [62, 1], [68, 0], [74, 1], [101, 1]]",[4.057237459172233e-06]
layer_7,145,"[[31, [13, 1, 1, 1, 1]], [33, [4, 2, 2, 1, 1]], [35, [4, 2, 1]], [62, 1], [68, 0], [74, 3], [101, 1]]",[2.9714068077537245e-06]
layer_7,146,"[[31, [13, 1, 1, 1, 1]], [33, [2, 4, 2, 1, 1]], [35, [8, 1, 1]], [62, 2], [68, 0], [74, 1], [101, 2]]",[3.3135419498306214e-06]
layer_7,147,"[[31, [13, 1, 1, 1, 1]], [33, [4, 2, 2, 1, 1]], [35, [4, 1, 2]], [62, 1], [68, 2], [74, 2], [101, 3]]",[3.3756340635684437e-06]
layer_7,148,"[[31, [13, 1, 1, 1, 1]], [33, [4, 2, 2, 1, 1]], [35, [4, 1, 2]], [62, 2], [68, 0], [74, 2], [101, 2]]",[3.5817915451895044e-06]
layer_7,149,"[[31, [13, 1, 1, 1, 1]], [33, [4, 2, 2, 1, 1]], [35, [4, 1, 2]], [62, 1], [68, 1], [74, 1], [101, 3]]",[3.619152082819818e-06]
layer_7,150,"[[31, [13, 1, 1, 1, 1]], [33, [1, 8, 2, 1, 1]], [35, [4, 2, 1]], [62, 1], [68, 0], [74, 1], [101, 3]]",[3.192281816693274e-06]
layer_7,151,"[[31, [13, 1, 1, 1, 1]], [33, [8, 1, 2, 1, 1]], [35, [2, 1, 4]], [62, 1], [68, 2], [74, 3], [101, 2]]",[3.3305339466525616e-06]
layer_7,152,"[[31, [13, 1, 1, 1, 1]], [33, [4, 2, 2, 1, 1]], [35, [4, 1, 2]], [62, 1], [68, 0], [74, 1], [101, 3]]",[3.391370090265918e-06]
layer_7,153,"[[31, [13, 1, 1, 1, 1]], [33, [4, 2, 2, 1, 1]], [35, [4, 2, 1]], [62, 1], [68, 0], [74, 1], [101, 3]]",[2.997382238980085e-06]
layer_7,154,"[[31, [13, 1, 1, 1, 1]], [33, [4, 2, 2, 1, 1]], [35, [4, 2, 1]], [62, 1], [68, 0], [74, 0], [101, 3]]",[3.1495552449886316e-06]
layer_7,155,"[[31, [13, 1, 1, 1, 1]], [33, [4, 2, 2, 1, 1]], [35, [4, 1, 2]], [62, 2], [68, 1], [74, 0], [101, 1]]",[3.902040902934537e-06]
layer_7,156,"[[31, [13, 1, 1, 1, 1]], [33, [4, 2, 2, 1, 1]], [35, [4, 2, 1]], [62, 0], [68, 1], [74, 1], [101, 1]]",[3.4869460897631613e-06]
layer_7,157,"[[31, [13, 1, 1, 1, 1]], [33, [4, 2, 2, 1, 1]], [35, [4, 2, 1]], [62, 0], [68, 1], [74, 2], [101, 1]]",[3.4987293124514047e-06]
layer_7,158,"[[31, [13, 1, 1, 1, 1]], [33, [4, 2, 2, 1, 1]], [35, [4, 2, 1]], [62, 1], [68, 0], [74, 2], [101, 0]]",[3.393673328753596e-06]
layer_7,159,"[[31, [13, 1, 1, 1, 1]], [33, [4, 2, 2, 1, 1]], [35, [2, 2, 2]], [62, 1], [68, 0], [74, 3], [101, 3]]",[2.9952136242113144e-06]
layer_7,160,"[[31, [13, 1, 1, 1, 1]], [33, [4, 2, 2, 1, 1]], [35, [2, 4, 1]], [62, 1], [68, 0], [74, 3], [101, 3]]",[3.0964266629052733e-06]
layer_7,161,"[[31, [13, 1, 1, 1, 1]], [33, [8, 1, 2, 1, 1]], [35, [2, 1, 4]], [62, 1], [68, 0], [74, 3], [101, 2]]",[3.6666740931649236e-06]
layer_7,162,"[[31, [13, 1, 1, 1, 1]], [33, [4, 2, 2, 1, 1]], [35, [8, 1, 1]], [62, 2], [68, 0], [74, 1], [101, 2]]",[3.99936140079825e-06]
layer_7,163,"[[31, [13, 1, 1, 1, 1]], [33, [2, 4, 2, 1, 1]], [35, [4, 1, 2]], [62, 1], [68, 2], [74, 2], [101, 3]]",[3.1173594992933577e-06]
layer_7,164,"[[31, [13, 1, 1, 1, 1]], [33, [4, 2, 2, 1, 1]], [35, [8, 1, 1]], [62, 0], [68, 0], [74, 1], [101, 2]]",[4.389857181734066e-06]
layer_7,165,"[[31, [13, 1, 1, 1, 1]], [33, [4, 2, 2, 1, 1]], [35, [4, 2, 1]], [62, 0], [68, 0], [74, 2], [101, 1]]",[3.640207654315096e-06]
layer_7,166,"[[31, [13, 1, 1, 1, 1]], [33, [4, 2, 2, 1, 1]], [35, [4, 1, 2]], [62, 0], [68, 0], [74, 2], [101, 1]]",[3.609193518125572e-06]
layer_7,167,"[[31, [13, 1, 1, 1, 1]], [33, [8, 1, 1, 2, 1]], [35, [2, 1, 4]], [62, 2], [68, 2], [74, 2], [101, 2]]",[3.6975691727251533e-06]
layer_7,168,"[[31, [13, 1, 1, 1, 1]], [33, [8, 1, 1, 2, 1]], [35, [2, 1, 4]], [62, 1], [68, 2], [74, 2], [101, 2]]",[3.1779296584244265e-06]
layer_7,169,"[[31, [13, 1, 1, 1, 1]], [33, [8, 1, 1, 2, 1]], [35, [2, 4, 1]], [62, 1], [68, 2], [74, 3], [101, 2]]",[3.6028676152887415e-06]
layer_7,170,"[[31, [13, 1, 1, 1, 1]], [33, [4, 2, 2, 1, 1]], [35, [2, 2, 2]], [62, 1], [68, 1], [74, 1], [101, 3]]",[3.0768693481276008e-06]
layer_7,171,"[[31, [13, 1, 1, 1, 1]], [33, [8, 1, 2, 1, 1]], [35, [2, 1, 4]], [62, 1], [68, 2], [74, 1], [101, 2]]",[3.397206348155991e-06]
layer_7,172,"[[31, [13, 1, 1, 1, 1]], [33, [4, 2, 2, 1, 1]], [35, [2, 2, 2]], [62, 1], [68, 2], [74, 1], [101, 3]]",[3.60186903549244e-06]
layer_7,173,"[[31, [13, 1, 1, 1, 1]], [33, [4, 2, 2, 1, 1]], [35, [4, 1, 2]], [62, 2], [68, 2], [74, 2], [101, 4]]",[3.3106607832208258e-06]
layer_7,174,"[[31, [13, 1, 1, 1, 1]], [33, [4, 2, 2, 1, 1]], [35, [4, 2, 1]], [62, 0], [68, 0], [74, 0], [101, 3]]",[3.552879632591509e-06]
layer_7,175,"[[31, [13, 1, 1, 1, 1]], [33, [1, 8, 1, 1, 2]], [35, [2, 1, 4]], [62, 2], [68, 1], [74, 3], [101, 1]]",[3.4622879201289846e-06]
layer_7,176,"[[31, [13, 1, 1, 1, 1]], [33, [1, 8, 1, 1, 2]], [35, [2, 1, 4]], [62, 2], [68, 1], [74, 2], [101, 1]]",[3.1650723945902943e-06]
layer_7,177,"[[31, [13, 1, 1, 1, 1]], [33, [4, 2, 2, 1, 1]], [35, [4, 1, 2]], [62, 2], [68, 2], [74, 1], [101, 0]]",[3.682652260746383e-06]
layer_7,178,"[[31, [13, 1, 1, 1, 1]], [33, [1, 8, 1, 1, 2]], [35, [2, 1, 4]], [62, 1], [68, 1], [74, 1], [101, 1]]",[3.441234690844233e-06]
layer_7,179,"[[31, [13, 1, 1, 1, 1]], [33, [4, 2, 2, 1, 1]], [35, [4, 1, 2]], [62, 2], [68, 1], [74, 1], [101, 0]]",[3.7869279417673053e-06]
layer_7,180,"[[31, [13, 1, 1, 1, 1]], [33, [8, 1, 1, 2, 1]], [35, [2, 4, 1]], [62, 2], [68, 2], [74, 1], [101, 2]]",[3.2240032740984936e-06]
layer_7,181,"[[31, [13, 1, 1, 1, 1]], [33, [8, 1, 1, 2, 1]], [35, [2, 1, 4]], [62, 2], [68, 2], [74, 1], [101, 2]]",[3.3183179754829936e-06]
layer_7,182,"[[31, [13, 1, 1, 1, 1]], [33, [4, 2, 2, 1, 1]], [35, [4, 1, 2]], [62, 2], [68, 0], [74, 3], [101, 4]]",[3.0691231614609155e-06]
layer_7,183,"[[31, [13, 1, 1, 1, 1]], [33, [4, 2, 2, 1, 1]], [35, [4, 1, 2]], [62, 2], [68, 0], [74, 2], [101, 4]]",[3.243088504401371e-06]
layer_7,184,"[[31, [13, 1, 1, 1, 1]], [33, [8, 1, 1, 2, 1]], [35, [2, 1, 4]], [62, 1], [68, 2], [74, 1], [101, 2]]",[3.4169776475694446e-06]
layer_7,185,"[[31, [13, 1, 1, 1, 1]], [33, [2, 4, 2, 1, 1]], [35, [2, 2, 2]], [62, 2], [68, 0], [74, 0], [101, 1]]",[3.050109602433196e-06]
layer_7,186,"[[31, [13, 1, 1, 1, 1]], [33, [4, 2, 2, 1, 1]], [35, [4, 1, 2]], [62, 2], [68, 2], [74, 1], [101, 4]]",[3.6529542388288207e-06]
layer_7,187,"[[31, [13, 1, 1, 1, 1]], [33, [4, 1, 4, 1, 1]], [35, [1, 8, 1]], [62, 0], [68, 2], [74, 3], [101, 3]]",[3.562699993235473e-06]
layer_7,188,"[[31, [13, 1, 1, 1, 1]], [33, [4, 1, 4, 1, 1]], [35, [1, 8, 1]], [62, 0], [68, 2], [74, 1], [101, 3]]",[3.3205931443908656e-06]
layer_7,189,"[[31, [13, 1, 1, 1, 1]], [33, [1, 8, 1, 2, 1]], [35, [4, 1, 2]], [62, 1], [68, 1], [74, 2], [101, 4]]",[3.3973683435328285e-06]
layer_7,190,"[[31, [1, 1, 1, 13, 1]], [33, [1, 8, 2, 1, 1]], [35, [8, 1, 1]], [62, 2], [68, 0], [74, 1], [101, 4]]",[8.09100865695793e-06]
layer_7,191,"[[31, [13, 1, 1, 1, 1]], [33, [4, 1, 1, 4, 1]], [35, [8, 1, 1]], [62, 1], [68, 2], [74, 1], [101, 4]]",[6.435125781491798e-06]
layer_7,192,"[[31, [13, 1, 1, 1, 1]], [33, [2, 4, 2, 1, 1]], [35, [2, 2, 2]], [62, 1], [68, 1], [74, 0], [101, 3]]",[3.336895254206291e-06]
layer_7,193,"[[31, [13, 1, 1, 1, 1]], [33, [4, 2, 2, 1, 1]], [35, [2, 4, 1]], [62, 1], [68, 1], [74, 0], [101, 3]]",[3.341872120648693e-06]
layer_7,194,"[[31, [13, 1, 1, 1, 1]], [33, [2, 4, 2, 1, 1]], [35, [2, 2, 2]], [62, 1], [68, 0], [74, 0], [101, 1]]",[3.303572475994085e-06]
layer_7,195,"[[31, [13, 1, 1, 1, 1]], [33, [4, 2, 2, 1, 1]], [35, [2, 2, 2]], [62, 1], [68, 0], [74, 0], [101, 3]]",[3.488211670163493e-06]
layer_7,196,"[[31, [13, 1, 1, 1, 1]], [33, [4, 2, 2, 1, 1]], [35, [2, 4, 1]], [62, 1], [68, 1], [74, 3], [101, 3]]",[2.8456285155693134e-06]
layer_7,197,"[[31, [13, 1, 1, 1, 1]], [33, [2, 4, 2, 1, 1]], [35, [2, 2, 2]], [62, 0], [68, 0], [74, 3], [101, 1]]",[3.563391930953894e-06]
layer_7,198,"[[31, [13, 1, 1, 1, 1]], [33, [2, 4, 2, 1, 1]], [35, [2, 2, 2]], [62, 1], [68, 0], [74, 0], [101, 3]]",[3.5517970486345436e-06]
layer_7,199,"[[31, [13, 1, 1, 1, 1]], [33, [2, 4, 2, 1, 1]], [35, [2, 2, 2]], [62, 0], [68, 0], [74, 3], [101, 0]]",[3.4914049941637487e-06]
layer_7,200,"[[31, [13, 1, 1, 1, 1]], [33, [4, 2, 2, 1, 1]], [35, [2, 4, 1]], [62, 1], [68, 0], [74, 3], [101, 0]]",[4.075096827075621e-06]
layer_7,201,"[[31, [13, 1, 1, 1, 1]], [33, [2, 4, 2, 1, 1]], [35, [2, 4, 1]], [62, 0], [68, 0], [74, 0], [101, 1]]",[3.4557393499247183e-06]
layer_7,202,"[[31, [13, 1, 1, 1, 1]], [33, [2, 4, 2, 1, 1]], [35, [2, 2, 2]], [62, 0], [68, 0], [74, 0], [101, 1]]",[3.757466300053144e-06]
layer_7,203,"[[31, [13, 1, 1, 1, 1]], [33, [4, 2, 2, 1, 1]], [35, [4, 1, 2]], [62, 1], [68, 1], [74, 3], [101, 1]]",[3.5827141242214826e-06]
layer_7,204,"[[31, [13, 1, 1, 1, 1]], [33, [4, 2, 2, 1, 1]], [35, [4, 2, 1]], [62, 1], [68, 1], [74, 3], [101, 1]]",[3.273859343576542e-06]
layer_7,205,"[[31, [13, 1, 1, 1, 1]], [33, [4, 2, 2, 1, 1]], [35, [4, 2, 1]], [62, 1], [68, 0], [74, 3], [101, 3]]",[3.1517277918108294e-06]
layer_7,206,"[[31, [13, 1, 1, 1, 1]], [33, [4, 2, 2, 1, 1]], [35, [4, 1, 2]], [62, 1], [68, 0], [74, 3], [101, 3]]",[3.373898882757373e-06]
layer_7,207,"[[31, [13, 1, 1, 1, 1]], [33, [4, 2, 2, 1, 1]], [35, [4, 2, 1]], [62, 1], [68, 2], [74, 3], [101, 2]]",[3.123525006523441e-06]
layer_7,208,"[[31, [13, 1, 1, 1, 1]], [33, [4, 2, 2, 1, 1]], [35, [4, 2, 1]], [62, 1], [68, 2], [74, 3], [101, 1]]",[3.220916285635376e-06]
layer_7,209,"[[31, [13, 1, 1, 1, 1]], [33, [4, 2, 2, 1, 1]], [35, [2, 2, 2]], [62, 1], [68, 1], [74, 2], [101, 3]]",[3.860931391876329e-06]
layer_7,210,"[[31, [13, 1, 1, 1, 1]], [33, [4, 2, 2, 1, 1]], [35, [2, 4, 1]], [62, 1], [68, 1], [74, 2], [101, 3]]",[3.0514835950263205e-06]
layer_7,211,"[[31, [13, 1, 1, 1, 1]], [33, [4, 2, 2, 1, 1]], [35, [2, 4, 1]], [62, 1], [68, 0], [74, 2], [101, 3]]",[3.2445806335900925e-06]
layer_7,212,"[[31, [13, 1, 1, 1, 1]], [33, [4, 2, 2, 1, 1]], [35, [2, 2, 2]], [62, 1], [68, 0], [74, 2], [101, 3]]",[3.1627348420574947e-06]
layer_7,213,"[[31, [13, 1, 1, 1, 1]], [33, [4, 2, 2, 1, 1]], [35, [2, 1, 4]], [62, 2], [68, 1], [74, 3], [101, 4]]",[2.9778359242598604e-06]
layer_7,214,"[[31, [13, 1, 1, 1, 1]], [33, [4, 2, 2, 1, 1]], [35, [2, 1, 4]], [62, 1], [68, 2], [74, 3], [101, 1]]",[3.1895787809485926e-06]
layer_7,215,"[[31, [13, 1, 1, 1, 1]], [33, [4, 2, 2, 1, 1]], [35, [4, 2, 1]], [62, 1], [68, 2], [74, 3], [101, 0]]",[3.3775038800116814e-06]
layer_7,216,"[[31, [13, 1, 1, 1, 1]], [33, [4, 2, 2, 1, 1]], [35, [2, 1, 4]], [62, 2], [68, 0], [74, 3], [101, 4]]",[2.930277167277167e-06]
layer_7,217,"[[31, [13, 1, 1, 1, 1]], [33, [4, 2, 2, 1, 1]], [35, [2, 1, 4]], [62, 1], [68, 1], [74, 2], [101, 2]]",[3.1773492239704537e-06]
layer_7,218,"[[31, [13, 1, 1, 1, 1]], [33, [4, 2, 2, 1, 1]], [35, [2, 2, 2]], [62, 1], [68, 1], [74, 2], [101, 2]]",[3.662934237414082e-06]
layer_7,219,"[[31, [13, 1, 1, 1, 1]], [33, [4, 2, 2, 1, 1]], [35, [4, 2, 1]], [62, 2], [68, 2], [74, 3], [101, 2]]",[2.9186505851593624e-06]
layer_7,220,"[[31, [13, 1, 1, 1, 1]], [33, [4, 2, 2, 1, 1]], [35, [4, 1, 2]], [62, 2], [68, 2], [74, 3], [101, 2]]",[3.5409916036476865e-06]
layer_7,221,"[[31, [13, 1, 1, 1, 1]], [33, [4, 2, 2, 1, 1]], [35, [2, 4, 1]], [62, 2], [68, 0], [74, 3], [101, 3]]",[3.629214294678715e-06]
layer_7,222,"[[31, [13, 1, 1, 1, 1]], [33, [4, 2, 2, 1, 1]], [35, [2, 1, 4]], [62, 2], [68, 0], [74, 3], [101, 3]]",[2.9697144167863412e-06]
layer_7,223,"[[31, [13, 1, 1, 1, 1]], [33, [4, 2, 2, 1, 1]], [35, [4, 1, 2]], [62, 1], [68, 1], [74, 3], [101, 2]]",[3.1258555660605527e-06]
layer_7,224,"[[31, [13, 1, 1, 1, 1]], [33, [2, 4, 2, 1, 1]], [35, [2, 2, 2]], [62, 2], [68, 0], [74, 0], [101, 0]]",[4.274211663980128e-06]
layer_7,225,"[[31, [13, 1, 1, 1, 1]], [33, [4, 2, 2, 1, 1]], [35, [4, 2, 1]], [62, 1], [68, 2], [74, 1], [101, 2]]",[3.0962754940628098e-06]
layer_7,226,"[[31, [13, 1, 1, 1, 1]], [33, [4, 2, 2, 1, 1]], [35, [4, 1, 2]], [62, 1], [68, 1], [74, 2], [101, 2]]",[3.4281834599841446e-06]
layer_7,227,"[[31, [13, 1, 1, 1, 1]], [33, [4, 2, 2, 1, 1]], [35, [4, 2, 1]], [62, 1], [68, 1], [74, 2], [101, 2]]",[2.8786921234639746e-06]
layer_7,228,"[[31, [13, 1, 1, 1, 1]], [33, [4, 2, 2, 1, 1]], [35, [4, 1, 2]], [62, 2], [68, 1], [74, 3], [101, 1]]",[3.0020825142366804e-06]
layer_7,229,"[[31, [13, 1, 1, 1, 1]], [33, [2, 4, 2, 1, 1]], [35, [4, 1, 2]], [62, 1], [68, 0], [74, 2], [101, 3]]",[3.1693207762557077e-06]
layer_7,230,"[[31, [13, 1, 1, 1, 1]], [33, [4, 2, 2, 1, 1]], [35, [2, 1, 4]], [62, 2], [68, 1], [74, 3], [101, 2]]",[3.0826048510513406e-06]
layer_7,231,"[[31, [13, 1, 1, 1, 1]], [33, [4, 2, 2, 1, 1]], [35, [2, 2, 2]], [62, 1], [68, 2], [74, 3], [101, 2]]",[3.0920687977358203e-06]
layer_7,232,"[[31, [13, 1, 1, 1, 1]], [33, [2, 4, 2, 1, 1]], [35, [2, 2, 2]], [62, 2], [68, 0], [74, 0], [101, 3]]",[3.5146978204886628e-06]
layer_7,233,"[[31, [13, 1, 1, 1, 1]], [33, [4, 2, 2, 1, 1]], [35, [4, 2, 1]], [62, 2], [68, 1], [74, 3], [101, 2]]",[3.2065359014911887e-06]
layer_7,234,"[[31, [13, 1, 1, 1, 1]], [33, [4, 2, 2, 1, 1]], [35, [2, 4, 1]], [62, 1], [68, 1], [74, 0], [101, 2]]",[3.84254433347171e-06]
layer_7,235,"[[31, [13, 1, 1, 1, 1]], [33, [4, 2, 2, 1, 1]], [35, [2, 4, 1]], [62, 2], [68, 0], [74, 2], [101, 3]]",[3.0161094827412907e-06]
layer_7,236,"[[31, [13, 1, 1, 1, 1]], [33, [4, 2, 2, 1, 1]], [35, [2, 2, 2]], [62, 2], [68, 0], [74, 2], [101, 3]]",[3.0743157546666667e-06]
layer_7,237,"[[31, [13, 1, 1, 1, 1]], [33, [4, 2, 2, 1, 1]], [35, [2, 4, 1]], [62, 1], [68, 1], [74, 1], [101, 2]]",[3.4114943431413183e-06]
layer_7,238,"[[31, [13, 1, 1, 1, 1]], [33, [4, 2, 2, 1, 1]], [35, [4, 2, 1]], [62, 1], [68, 0], [74, 2], [101, 3]]",[2.9338772988560627e-06]
layer_7,239,"[[31, [13, 1, 1, 1, 1]], [33, [4, 2, 2, 1, 1]], [35, [4, 1, 2]], [62, 1], [68, 0], [74, 2], [101, 3]]",[3.434412571833097e-06]
layer_7,240,"[[31, [13, 1, 1, 1, 1]], [33, [4, 2, 2, 1, 1]], [35, [2, 1, 4]], [62, 2], [68, 1], [74, 2], [101, 2]]",[3.0840472309652275e-06]
layer_7,241,"[[31, [13, 1, 1, 1, 1]], [33, [4, 2, 2, 1, 1]], [35, [4, 1, 2]], [62, 1], [68, 0], [74, 2], [101, 4]]",[3.6170083233746355e-06]
layer_7,242,"[[31, [13, 1, 1, 1, 1]], [33, [4, 2, 2, 1, 1]], [35, [4, 2, 1]], [62, 2], [68, 1], [74, 2], [101, 2]]",[2.962167454596017e-06]
layer_7,243,"[[31, [13, 1, 1, 1, 1]], [33, [4, 2, 2, 1, 1]], [35, [2, 2, 2]], [62, 1], [68, 2], [74, 2], [101, 2]]",[3.0441041348258908e-06]
layer_7,244,"[[31, [13, 1, 1, 1, 1]], [33, [4, 2, 2, 1, 1]], [35, [4, 2, 1]], [62, 1], [68, 1], [74, 1], [101, 2]]",[3.425472331163631e-06]
layer_7,245,"[[31, [13, 1, 1, 1, 1]], [33, [4, 2, 2, 1, 1]], [35, [4, 1, 2]], [62, 1], [68, 0], [74, 3], [101, 0]]",[3.203868759680686e-06]
layer_7,246,"[[31, [13, 1, 1, 1, 1]], [33, [4, 2, 2, 1, 1]], [35, [2, 1, 4]], [62, 1], [68, 1], [74, 2], [101, 1]]",[3.088647567635166e-06]
layer_7,247,"[[31, [13, 1, 1, 1, 1]], [33, [4, 2, 2, 1, 1]], [35, [2, 1, 4]], [62, 1], [68, 0], [74, 1], [101, 2]]",[3.225127179342192e-06]
layer_7,248,"[[31, [13, 1, 1, 1, 1]], [33, [2, 4, 2, 1, 1]], [35, [2, 2, 2]], [62, 0], [68, 0], [74, 3], [101, 2]]",[3.597703973018873e-06]
layer_7,249,"[[31, [13, 1, 1, 1, 1]], [33, [1, 8, 2, 1, 1]], [35, [4, 2, 1]], [62, 1], [68, 0], [74, 3], [101, 3]]",[3.1721248274374464e-06]
layer_7,250,"[[31, [13, 1, 1, 1, 1]], [33, [4, 2, 2, 1, 1]], [35, [2, 4, 1]], [62, 1], [68, 0], [74, 1], [101, 3]]",[3.302634734954165e-06]
layer_7,251,"[[31, [13, 1, 1, 1, 1]], [33, [4, 2, 2, 1, 1]], [35, [2, 4, 1]], [62, 2], [68, 0], [74, 2], [101, 2]]",[3.627679876547885e-06]
layer_7,252,"[[31, [13, 1, 1, 1, 1]], [33, [4, 2, 2, 1, 1]], [35, [2, 1, 4]], [62, 1], [68, 1], [74, 2], [101, 0]]",[3.1579537744109803e-06]
layer_7,253,"[[31, [1, 13, 1, 1, 1]], [33, [2, 2, 1, 1, 4]], [35, [1, 8, 1]], [62, 2], [68, 0], [74, 0], [101, 2]]",[4.562077532716606e-06]
layer_7,254,"[[31, [13, 1, 1, 1, 1]], [33, [2, 1, 4, 2, 1]], [35, [4, 1, 2]], [62, 1], [68, 1], [74, 0], [101, 4]]",[9.398184459998229e-06]
layer_7,255,"[[31, [1, 1, 13, 1, 1]], [33, [4, 1, 1, 2, 2]], [35, [4, 1, 2]], [62, 2], [68, 1], [74, 2], [101, 2]]",[9.451277064823956e-06]
layer_7,256,"[[31, [13, 1, 1, 1, 1]], [33, [4, 2, 2, 1, 1]], [35, [2, 4, 1]], [62, 2], [68, 1], [74, 3], [101, 4]]",[2.948042818396907e-06]
layer_7,257,"[[31, [13, 1, 1, 1, 1]], [33, [4, 2, 2, 1, 1]], [35, [2, 2, 2]], [62, 2], [68, 1], [74, 3], [101, 3]]",[3.252292053408399e-06]
layer_7,258,"[[31, [13, 1, 1, 1, 1]], [33, [4, 2, 2, 1, 1]], [35, [2, 1, 4]], [62, 2], [68, 1], [74, 3], [101, 3]]",[2.9167200115008622e-06]
layer_7,259,"[[31, [13, 1, 1, 1, 1]], [33, [2, 4, 2, 1, 1]], [35, [4, 1, 2]], [62, 1], [68, 2], [74, 2], [101, 1]]",[2.8627328235032997e-06]
layer_7,260,"[[31, [13, 1, 1, 1, 1]], [33, [2, 1, 8, 1, 1]], [35, [8, 1, 1]], [62, 0], [68, 0], [74, 1], [101, 0]]",[3.8002799518362435e-06]
layer_7,261,"[[31, [13, 1, 1, 1, 1]], [33, [4, 2, 2, 1, 1]], [35, [2, 2, 2]], [62, 2], [68, 0], [74, 3], [101, 3]]",[3.14670984236055e-06]
layer_7,262,"[[31, [13, 1, 1, 1, 1]], [33, [1, 8, 2, 1, 1]], [35, [4, 2, 1]], [62, 1], [68, 1], [74, 2], [101, 1]]",[2.950845574696182e-06]
layer_7,263,"[[31, [13, 1, 1, 1, 1]], [33, [4, 2, 2, 1, 1]], [35, [2, 2, 2]], [62, 1], [68, 1], [74, 3], [101, 3]]",[3.274090995590624e-06]
layer_7,264,"[[31, [13, 1, 1, 1, 1]], [33, [1, 8, 2, 1, 1]], [35, [4, 1, 2]], [62, 1], [68, 1], [74, 2], [101, 2]]",[2.9993361261925507e-06]
layer_7,265,"[[31, [13, 1, 1, 1, 1]], [33, [4, 2, 2, 1, 1]], [35, [2, 1, 4]], [62, 2], [68, 2], [74, 3], [101, 2]]",[3.41061983246723e-06]
layer_7,266,"[[31, [13, 1, 1, 1, 1]], [33, [2, 4, 2, 1, 1]], [35, [4, 1, 2]], [62, 2], [68, 1], [74, 0], [101, 1]]",[3.828670154198145e-06]
layer_7,267,"[[31, [13, 1, 1, 1, 1]], [33, [1, 8, 2, 1, 1]], [35, [4, 1, 2]], [62, 2], [68, 1], [74, 2], [101, 2]]",[3.1175319697527785e-06]
layer_7,268,"[[31, [13, 1, 1, 1, 1]], [33, [2, 4, 2, 1, 1]], [35, [4, 2, 1]], [62, 2], [68, 2], [74, 2], [101, 2]]",[3.368727073945202e-06]
layer_7,269,"[[31, [13, 1, 1, 1, 1]], [33, [1, 8, 2, 1, 1]], [35, [4, 2, 1]], [62, 1], [68, 1], [74, 2], [101, 3]]",[3.0075917746803977e-06]
layer_7,270,"[[31, [13, 1, 1, 1, 1]], [33, [2, 4, 2, 1, 1]], [35, [2, 4, 1]], [62, 2], [68, 0], [74, 2], [101, 1]]",[3.056256991868406e-06]
layer_7,271,"[[31, [13, 1, 1, 1, 1]], [33, [2, 1, 8, 1, 1]], [35, [4, 2, 1]], [62, 0], [68, 0], [74, 1], [101, 0]]",[3.83761700823597e-06]
layer_7,272,"[[31, [13, 1, 1, 1, 1]], [33, [4, 2, 2, 1, 1]], [35, [2, 2, 2]], [62, 2], [68, 1], [74, 2], [101, 4]]",[3.0019907386102164e-06]
layer_7,273,"[[31, [13, 1, 1, 1, 1]], [33, [2, 4, 2, 1, 1]], [35, [4, 2, 1]], [62, 1], [68, 2], [74, 2], [101, 3]]",[3.294758283341024e-06]
layer_7,274,"[[31, [13, 1, 1, 1, 1]], [33, [4, 2, 2, 1, 1]], [35, [4, 2, 1]], [62, 2], [68, 0], [74, 3], [101, 4]]",[3.066318364040463e-06]
layer_7,275,"[[31, [13, 1, 1, 1, 1]], [33, [2, 1, 8, 1, 1]], [35, [4, 1, 2]], [62, 0], [68, 0], [74, 3], [101, 0]]",[3.7595917784541393e-06]
layer_7,276,"[[31, [13, 1, 1, 1, 1]], [33, [4, 2, 2, 1, 1]], [35, [2, 1, 4]], [62, 2], [68, 1], [74, 2], [101, 1]]",[3.4245340853000854e-06]
layer_7,277,"[[31, [13, 1, 1, 1, 1]], [33, [4, 2, 2, 1, 1]], [35, [2, 2, 2]], [62, 2], [68, 1], [74, 2], [101, 1]]",[2.964823584877862e-06]
layer_7,278,"[[31, [13, 1, 1, 1, 1]], [33, [2, 4, 2, 1, 1]], [35, [4, 1, 2]], [62, 1], [68, 2], [74, 0], [101, 1]]",[3.487352829766002e-06]
layer_7,279,"[[31, [13, 1, 1, 1, 1]], [33, [4, 2, 2, 1, 1]], [35, [2, 4, 1]], [62, 2], [68, 2], [74, 2], [101, 2]]",[2.988961917432337e-06]
layer_7,280,"[[31, [13, 1, 1, 1, 1]], [33, [4, 2, 2, 1, 1]], [35, [2, 1, 4]], [62, 2], [68, 2], [74, 2], [101, 2]]",[3.2802937944348535e-06]
layer_7,281,"[[31, [13, 1, 1, 1, 1]], [33, [4, 2, 2, 1, 1]], [35, [2, 2, 2]], [62, 2], [68, 2], [74, 2], [101, 2]]",[3.1383974726080884e-06]
layer_7,282,"[[31, [13, 1, 1, 1, 1]], [33, [1, 8, 2, 1, 1]], [35, [4, 1, 2]], [62, 2], [68, 1], [74, 3], [101, 4]]",[3.470969142035965e-06]
layer_7,283,"[[31, [13, 1, 1, 1, 1]], [33, [1, 8, 2, 1, 1]], [35, [4, 2, 1]], [62, 1], [68, 1], [74, 1], [101, 3]]",[6.117568575233023e-06]
layer_7,284,"[[31, [13, 1, 1, 1, 1]], [33, [2, 4, 2, 1, 1]], [35, [8, 1, 1]], [62, 2], [68, 1], [74, 3], [101, 1]]",[2.922918348347526e-06]
layer_7,285,"[[31, [13, 1, 1, 1, 1]], [33, [4, 2, 2, 1, 1]], [35, [4, 2, 1]], [62, 2], [68, 2], [74, 1], [101, 2]]",[3.0306511375621514e-06]
layer_7,286,"[[31, [13, 1, 1, 1, 1]], [33, [4, 2, 2, 1, 1]], [35, [4, 1, 2]], [62, 2], [68, 2], [74, 1], [101, 2]]",[2.9171645230185097e-06]
layer_7,287,"[[31, [13, 1, 1, 1, 1]], [33, [4, 2, 2, 1, 1]], [35, [2, 1, 4]], [62, 1], [68, 0], [74, 3], [101, 4]]",[3.2672976598115695e-06]
layer_7,288,"[[31, [13, 1, 1, 1, 1]], [33, [1, 8, 2, 1, 1]], [35, [4, 2, 1]], [62, 1], [68, 1], [74, 0], [101, 3]]",[3.5980420130002494e-06]
layer_7,289,"[[31, [13, 1, 1, 1, 1]], [33, [4, 2, 2, 1, 1]], [35, [2, 2, 2]], [62, 2], [68, 1], [74, 2], [101, 3]]",[3.3098480376225884e-06]
layer_7,290,"[[31, [13, 1, 1, 1, 1]], [33, [4, 2, 2, 1, 1]], [35, [2, 2, 2]], [62, 2], [68, 1], [74, 3], [101, 1]]",[3.307552977839335e-06]
layer_7,291,"[[31, [13, 1, 1, 1, 1]], [33, [2, 4, 2, 1, 1]], [35, [2, 1, 4]], [62, 2], [68, 2], [74, 3], [101, 1]]",[3.0520189847715737e-06]
layer_7,292,"[[31, [13, 1, 1, 1, 1]], [33, [4, 2, 2, 1, 1]], [35, [2, 2, 2]], [62, 1], [68, 1], [74, 2], [101, 1]]",[3.0499446458492004e-06]
layer_7,293,"[[31, [13, 1, 1, 1, 1]], [33, [4, 2, 2, 1, 1]], [35, [2, 1, 4]], [62, 2], [68, 2], [74, 1], [101, 2]]",[3.1235152368085264e-06]
layer_7,294,"[[31, [13, 1, 1, 1, 1]], [33, [4, 2, 2, 1, 1]], [35, [2, 1, 4]], [62, 1], [68, 2], [74, 2], [101, 2]]",[3.16180745741587e-06]
layer_7,295,"[[31, [13, 1, 1, 1, 1]], [33, [4, 2, 2, 1, 1]], [35, [2, 4, 1]], [62, 1], [68, 2], [74, 2], [101, 2]]",[3.3420962402505202e-06]
layer_7,296,"[[31, [13, 1, 1, 1, 1]], [33, [4, 2, 2, 1, 1]], [35, [4, 2, 1]], [62, 2], [68, 2], [74, 3], [101, 1]]",[3.4004271850417044e-06]
layer_7,297,"[[31, [13, 1, 1, 1, 1]], [33, [4, 2, 2, 1, 1]], [35, [2, 1, 4]], [62, 1], [68, 2], [74, 2], [101, 1]]",[3.345673309945956e-06]
layer_7,298,"[[31, [13, 1, 1, 1, 1]], [33, [1, 8, 2, 1, 1]], [35, [2, 4, 1]], [62, 1], [68, 1], [74, 3], [101, 3]]",[3.3777960433152854e-06]
layer_7,299,"[[31, [13, 1, 1, 1, 1]], [33, [1, 8, 2, 1, 1]], [35, [4, 2, 1]], [62, 2], [68, 1], [74, 1], [101, 3]]",[3.3569712320461625e-06]
layer_7,300,"[[31, [13, 1, 1, 1, 1]], [33, [1, 8, 2, 1, 1]], [35, [2, 4, 1]], [62, 1], [68, 1], [74, 2], [101, 3]]",[3.0647202292860867e-06]
layer_7,301,"[[31, [13, 1, 1, 1, 1]], [33, [4, 2, 2, 1, 1]], [35, [8, 1, 1]], [62, 2], [68, 1], [74, 2], [101, 2]]",[3.0232715314751017e-06]
layer_7,302,"[[31, [13, 1, 1, 1, 1]], [33, [1, 8, 2, 1, 1]], [35, [4, 2, 1]], [62, 2], [68, 0], [74, 2], [101, 3]]",[2.957188043001882e-06]
layer_7,303,"[[31, [13, 1, 1, 1, 1]], [33, [4, 2, 2, 1, 1]], [35, [4, 2, 1]], [62, 2], [68, 0], [74, 2], [101, 3]]",[3.326250096354748e-06]
layer_7,304,"[[31, [13, 1, 1, 1, 1]], [33, [4, 2, 2, 1, 1]], [35, [4, 1, 2]], [62, 2], [68, 0], [74, 2], [101, 3]]",[3.157314317921053e-06]
layer_7,305,"[[31, [13, 1, 1, 1, 1]], [33, [1, 8, 2, 1, 1]], [35, [4, 2, 1]], [62, 1], [68, 0], [74, 0], [101, 3]]",[3.0650108510095558e-06]
layer_7,306,"[[31, [13, 1, 1, 1, 1]], [33, [1, 8, 2, 1, 1]], [35, [2, 2, 2]], [62, 1], [68, 0], [74, 0], [101, 1]]",[3.308459546691717e-06]
layer_7,307,"[[31, [13, 1, 1, 1, 1]], [33, [4, 2, 2, 1, 1]], [35, [2, 1, 4]], [62, 1], [68, 1], [74, 3], [101, 2]]",[3.3073666337916496e-06]
layer_7,308,"[[31, [13, 1, 1, 1, 1]], [33, [4, 2, 2, 1, 1]], [35, [4, 1, 2]], [62, 2], [68, 1], [74, 1], [101, 2]]",[3.250093183040249e-06]
layer_7,309,"[[31, [13, 1, 1, 1, 1]], [33, [4, 2, 2, 1, 1]], [35, [4, 2, 1]], [62, 2], [68, 1], [74, 1], [101, 2]]",[3.161073949894833e-06]
layer_7,310,"[[31, [13, 1, 1, 1, 1]], [33, [4, 2, 2, 1, 1]], [35, [4, 2, 1]], [62, 2], [68, 0], [74, 3], [101, 3]]",[3.3988083001236774e-06]
layer_7,311,"[[31, [13, 1, 1, 1, 1]], [33, [4, 2, 2, 1, 1]], [35, [4, 1, 2]], [62, 2], [68, 0], [74, 3], [101, 3]]",[3.2993818122767127e-06]
layer_7,312,"[[31, [13, 1, 1, 1, 1]], [33, [1, 8, 2, 1, 1]], [35, [4, 2, 1]], [62, 0], [68, 0], [74, 3], [101, 3]]",[3.6974843040964753e-06]
layer_7,313,"[[31, [13, 1, 1, 1, 1]], [33, [2, 4, 2, 1, 1]], [35, [2, 2, 2]], [62, 1], [68, 0], [74, 2], [101, 1]]",[3.3813230877384837e-06]
layer_7,314,"[[31, [13, 1, 1, 1, 1]], [33, [4, 2, 2, 1, 1]], [35, [2, 4, 1]], [62, 1], [68, 2], [74, 1], [101, 2]]",[3.2405384251936157e-06]
layer_7,315,"[[31, [13, 1, 1, 1, 1]], [33, [4, 2, 2, 1, 1]], [35, [2, 1, 4]], [62, 1], [68, 2], [74, 1], [101, 2]]",[3.0411606476190475e-06]
layer_7,316,"[[31, [13, 1, 1, 1, 1]], [33, [4, 2, 2, 1, 1]], [35, [4, 2, 1]], [62, 2], [68, 1], [74, 3], [101, 1]]",[3.219326300059773e-06]
layer_7,317,"[[31, [1, 13, 1, 1, 1]], [33, [2, 2, 1, 2, 2]], [35, [4, 2, 1]], [62, 0], [68, 0], [74, 1], [101, 3]]",[8.485229255048363e-06]
layer_7,318,"[[31, [13, 1, 1, 1, 1]], [33, [2, 2, 1, 1, 4]], [35, [2, 1, 4]], [62, 0], [68, 0], [74, 0], [101, 3]]",[8.626844561373243e-06]
layer_7,319,"[[31, [1, 13, 1, 1, 1]], [33, [1, 4, 2, 2, 1]], [35, [4, 2, 1]], [62, 0], [68, 1], [74, 3], [101, 4]]",[3.559504524817e-06]
layer_7,320,"[[31, [13, 1, 1, 1, 1]], [33, [1, 8, 2, 1, 1]], [35, [8, 1, 1]], [62, 1], [68, 2], [74, 2], [101, 1]]",[5.121587630692895e-06]
layer_7,321,"[[31, [13, 1, 1, 1, 1]], [33, [1, 8, 2, 1, 1]], [35, [4, 2, 1]], [62, 2], [68, 2], [74, 2], [101, 1]]",[3.18902504093614e-06]
layer_7,322,"[[31, [13, 1, 1, 1, 1]], [33, [1, 8, 2, 1, 1]], [35, [4, 1, 2]], [62, 2], [68, 0], [74, 2], [101, 3]]",[3.4178356556130214e-06]
layer_7,323,"[[31, [13, 1, 1, 1, 1]], [33, [1, 8, 2, 1, 1]], [35, [8, 1, 1]], [62, 1], [68, 2], [74, 3], [101, 1]]",[3.4643991814674835e-06]
layer_7,324,"[[31, [13, 1, 1, 1, 1]], [33, [1, 8, 2, 1, 1]], [35, [4, 2, 1]], [62, 1], [68, 2], [74, 2], [101, 1]]",[3.3283405975512378e-06]
layer_7,325,"[[31, [13, 1, 1, 1, 1]], [33, [2, 4, 2, 1, 1]], [35, [8, 1, 1]], [62, 2], [68, 2], [74, 3], [101, 1]]",[3.7920597919027504e-06]
layer_7,326,"[[31, [13, 1, 1, 1, 1]], [33, [1, 8, 2, 1, 1]], [35, [4, 1, 2]], [62, 1], [68, 1], [74, 2], [101, 1]]",[2.9936044101961293e-06]
layer_7,327,"[[31, [13, 1, 1, 1, 1]], [33, [1, 8, 2, 1, 1]], [35, [4, 2, 1]], [62, 1], [68, 0], [74, 2], [101, 3]]",[3.236521090071135e-06]
layer_7,328,"[[31, [13, 1, 1, 1, 1]], [33, [2, 4, 2, 1, 1]], [35, [8, 1, 1]], [62, 1], [68, 2], [74, 3], [101, 1]]",[3.84694506809164e-06]
layer_7,329,"[[31, [13, 1, 1, 1, 1]], [33, [4, 2, 2, 1, 1]], [35, [2, 4, 1]], [62, 2], [68, 0], [74, 3], [101, 4]]",[3.4337465750519578e-06]
layer_7,330,"[[31, [13, 1, 1, 1, 1]], [33, [4, 2, 2, 1, 1]], [35, [2, 2, 2]], [62, 2], [68, 0], [74, 3], [101, 4]]",[3.498169579288026e-06]
layer_7,331,"[[31, [13, 1, 1, 1, 1]], [33, [2, 4, 2, 1, 1]], [35, [4, 2, 1]], [62, 2], [68, 2], [74, 3], [101, 1]]",[3.58839634403845e-06]
layer_7,332,"[[31, [13, 1, 1, 1, 1]], [33, [1, 8, 2, 1, 1]], [35, [2, 4, 1]], [62, 2], [68, 2], [74, 2], [101, 2]]",[3.298114264455782e-06]
layer_7,333,"[[31, [13, 1, 1, 1, 1]], [33, [4, 2, 2, 1, 1]], [35, [2, 2, 2]], [62, 2], [68, 0], [74, 2], [101, 4]]",[3.1525690247035777e-06]
layer_7,334,"[[31, [13, 1, 1, 1, 1]], [33, [2, 4, 2, 1, 1]], [35, [2, 4, 1]], [62, 2], [68, 2], [74, 3], [101, 1]]",[3.357397602148076e-06]
layer_7,335,"[[31, [13, 1, 1, 1, 1]], [33, [1, 8, 2, 1, 1]], [35, [2, 1, 4]], [62, 2], [68, 0], [74, 2], [101, 3]]",[3.5528543592845417e-06]
layer_7,336,"[[31, [13, 1, 1, 1, 1]], [33, [1, 8, 2, 1, 1]], [35, [2, 4, 1]], [62, 1], [68, 0], [74, 2], [101, 1]]",[3.5699440092015885e-06]
layer_7,337,"[[31, [13, 1, 1, 1, 1]], [33, [4, 2, 2, 1, 1]], [35, [8, 1, 1]], [62, 2], [68, 1], [74, 1], [101, 2]]",[2.979690499641834e-06]
layer_7,338,"[[31, [13, 1, 1, 1, 1]], [33, [4, 2, 2, 1, 1]], [35, [4, 2, 1]], [62, 1], [68, 2], [74, 2], [101, 2]]",[3.0092962741581986e-06]
layer_7,339,"[[31, [13, 1, 1, 1, 1]], [33, [4, 2, 2, 1, 1]], [35, [2, 1, 4]], [62, 2], [68, 1], [74, 1], [101, 4]]",[3.565553154890174e-06]
layer_7,340,"[[31, [13, 1, 1, 1, 1]], [33, [2, 4, 2, 1, 1]], [35, [2, 4, 1]], [62, 2], [68, 2], [74, 1], [101, 1]]",[3.564689703090443e-06]
layer_7,341,"[[31, [13, 1, 1, 1, 1]], [33, [2, 4, 2, 1, 1]], [35, [2, 2, 2]], [62, 2], [68, 2], [74, 1], [101, 1]]",[3.6772365750793385e-06]
layer_7,342,"[[31, [13, 1, 1, 1, 1]], [33, [2, 4, 2, 1, 1]], [35, [2, 1, 4]], [62, 2], [68, 2], [74, 1], [101, 1]]",[3.4111217751903983e-06]
layer_7,343,"[[31, [13, 1, 1, 1, 1]], [33, [4, 2, 2, 1, 1]], [35, [8, 1, 1]], [62, 1], [68, 1], [74, 2], [101, 2]]",[3.353668493618313e-06]
layer_7,344,"[[31, [13, 1, 1, 1, 1]], [33, [4, 2, 2, 1, 1]], [35, [8, 1, 1]], [62, 2], [68, 2], [74, 2], [101, 2]]",[3.166461763677679e-06]
layer_7,345,"[[31, [13, 1, 1, 1, 1]], [33, [4, 2, 2, 1, 1]], [35, [2, 4, 1]], [62, 2], [68, 1], [74, 3], [101, 3]]",[3.5990347396412875e-06]
layer_7,346,"[[31, [13, 1, 1, 1, 1]], [33, [2, 4, 2, 1, 1]], [35, [2, 4, 1]], [62, 2], [68, 2], [74, 0], [101, 1]]",[3.710812626780627e-06]
layer_7,347,"[[31, [13, 1, 1, 1, 1]], [33, [2, 4, 2, 1, 1]], [35, [2, 2, 2]], [62, 2], [68, 2], [74, 0], [101, 1]]",[3.3419444420293003e-06]
layer_7,348,"[[31, [13, 1, 1, 1, 1]], [33, [2, 4, 2, 1, 1]], [35, [2, 1, 4]], [62, 2], [68, 2], [74, 0], [101, 1]]",[3.431357219003476e-06]
layer_7,349,"[[31, [13, 1, 1, 1, 1]], [33, [4, 2, 2, 1, 1]], [35, [2, 4, 1]], [62, 2], [68, 0], [74, 1], [101, 4]]",[3.1117227822580643e-06]
layer_7,350,"[[31, [13, 1, 1, 1, 1]], [33, [4, 2, 2, 1, 1]], [35, [8, 1, 1]], [62, 1], [68, 2], [74, 2], [101, 2]]",[2.9199001389513256e-06]
layer_7,351,"[[31, [13, 1, 1, 1, 1]], [33, [4, 2, 2, 1, 1]], [35, [8, 1, 1]], [62, 1], [68, 2], [74, 1], [101, 2]]",[3.1795732571798923e-06]
layer_7,352,"[[31, [13, 1, 1, 1, 1]], [33, [4, 2, 2, 1, 1]], [35, [2, 4, 1]], [62, 2], [68, 2], [74, 2], [101, 1]]",[3.1950931129116574e-06]
layer_7,353,"[[31, [13, 1, 1, 1, 1]], [33, [1, 8, 2, 1, 1]], [35, [4, 2, 1]], [62, 2], [68, 0], [74, 0], [101, 3]]",[3.286667113153502e-06]
layer_7,354,"[[31, [13, 1, 1, 1, 1]], [33, [4, 2, 2, 1, 1]], [35, [2, 1, 4]], [62, 1], [68, 0], [74, 3], [101, 3]]",[5.148081933624532e-06]
layer_7,355,"[[31, [13, 1, 1, 1, 1]], [33, [2, 4, 2, 1, 1]], [35, [2, 2, 2]], [62, 2], [68, 0], [74, 2], [101, 1]]",[3.006045103021086e-06]
layer_7,356,"[[31, [13, 1, 1, 1, 1]], [33, [1, 8, 2, 1, 1]], [35, [4, 2, 1]], [62, 1], [68, 2], [74, 3], [101, 1]]",[3.442960998227192e-06]
layer_7,357,"[[31, [13, 1, 1, 1, 1]], [33, [1, 8, 2, 1, 1]], [35, [4, 2, 1]], [62, 1], [68, 1], [74, 3], [101, 1]]",[3.1259417892954814e-06]
layer_7,358,"[[31, [13, 1, 1, 1, 1]], [33, [1, 8, 2, 1, 1]], [35, [4, 1, 2]], [62, 1], [68, 0], [74, 0], [101, 3]]",[3.6022895080539834e-06]
layer_7,359,"[[31, [13, 1, 1, 1, 1]], [33, [4, 2, 2, 1, 1]], [35, [2, 4, 1]], [62, 2], [68, 1], [74, 2], [101, 3]]",[3.455051189982968e-06]
layer_7,360,"[[31, [13, 1, 1, 1, 1]], [33, [4, 2, 2, 1, 1]], [35, [2, 1, 4]], [62, 2], [68, 1], [74, 2], [101, 3]]",[3.4355902317880795e-06]
layer_7,361,"[[31, [13, 1, 1, 1, 1]], [33, [4, 2, 2, 1, 1]], [35, [2, 1, 4]], [62, 2], [68, 0], [74, 2], [101, 3]]",[3.0354669277984175e-06]
layer_7,362,"[[31, [13, 1, 1, 1, 1]], [33, [4, 2, 2, 1, 1]], [35, [2, 1, 4]], [62, 2], [68, 1], [74, 1], [101, 2]]",[3.1660936669397866e-06]
layer_7,363,"[[31, [13, 1, 1, 1, 1]], [33, [4, 2, 2, 1, 1]], [35, [2, 2, 2]], [62, 1], [68, 0], [74, 3], [101, 4]]",[3.0201096809159273e-06]
layer_7,364,"[[31, [13, 1, 1, 1, 1]], [33, [4, 2, 2, 1, 1]], [35, [2, 4, 1]], [62, 1], [68, 0], [74, 3], [101, 4]]",[3.029640071456244e-06]
layer_7,365,"[[31, [13, 1, 1, 1, 1]], [33, [4, 2, 2, 1, 1]], [35, [2, 4, 1]], [62, 1], [68, 2], [74, 2], [101, 1]]",[3.3039856627887926e-06]
layer_7,366,"[[31, [13, 1, 1, 1, 1]], [33, [2, 4, 2, 1, 1]], [35, [4, 2, 1]], [62, 1], [68, 0], [74, 2], [101, 3]]",[3.4744289515461844e-06]
layer_7,367,"[[31, [13, 1, 1, 1, 1]], [33, [2, 4, 2, 1, 1]], [35, [2, 2, 2]], [62, 1], [68, 2], [74, 0], [101, 1]]",[3.342130825945756e-06]
layer_7,368,"[[31, [13, 1, 1, 1, 1]], [33, [4, 2, 2, 1, 1]], [35, [2, 1, 4]], [62, 2], [68, 2], [74, 3], [101, 3]]",[3.255686719223772e-06]
layer_7,369,"[[31, [13, 1, 1, 1, 1]], [33, [4, 2, 2, 1, 1]], [35, [4, 2, 1]], [62, 1], [68, 1], [74, 3], [101, 2]]",[3.59315429856079e-06]
layer_7,370,"[[31, [13, 1, 1, 1, 1]], [33, [4, 2, 2, 1, 1]], [35, [2, 4, 1]], [62, 2], [68, 1], [74, 3], [101, 2]]",[3.234328964509889e-06]
layer_7,371,"[[31, [13, 1, 1, 1, 1]], [33, [4, 2, 2, 1, 1]], [35, [2, 2, 2]], [62, 2], [68, 1], [74, 3], [101, 2]]",[2.929890916757017e-06]
layer_7,372,"[[31, [13, 1, 1, 1, 1]], [33, [2, 4, 2, 1, 1]], [35, [4, 1, 2]], [62, 2], [68, 2], [74, 2], [101, 3]]",[3.527231161971831e-06]
layer_7,373,"[[31, [13, 1, 1, 1, 1]], [33, [4, 2, 2, 1, 1]], [35, [2, 1, 4]], [62, 2], [68, 1], [74, 1], [101, 3]]",[3.2862690345667738e-06]
layer_7,374,"[[31, [13, 1, 1, 1, 1]], [33, [4, 2, 2, 1, 1]], [35, [2, 4, 1]], [62, 1], [68, 2], [74, 3], [101, 2]]",[3.012160059668096e-06]
layer_7,375,"[[31, [13, 1, 1, 1, 1]], [33, [4, 2, 2, 1, 1]], [35, [2, 1, 4]], [62, 1], [68, 2], [74, 3], [101, 2]]",[3.0568138131640946e-06]
layer_7,376,"[[31, [13, 1, 1, 1, 1]], [33, [1, 8, 2, 1, 1]], [35, [4, 1, 2]], [62, 2], [68, 2], [74, 3], [101, 2]]",[3.318474303155438e-06]
layer_7,377,"[[31, [13, 1, 1, 1, 1]], [33, [1, 8, 2, 1, 1]], [35, [4, 2, 1]], [62, 2], [68, 1], [74, 2], [101, 3]]",[2.9001420968132133e-06]
layer_7,378,"[[31, [13, 1, 1, 1, 1]], [33, [1, 8, 2, 1, 1]], [35, [4, 2, 1]], [62, 0], [68, 0], [74, 2], [101, 3]]",[3.7947024452807975e-06]
layer_7,379,"[[31, [13, 1, 1, 1, 1]], [33, [4, 2, 2, 1, 1]], [35, [2, 4, 1]], [62, 2], [68, 0], [74, 1], [101, 3]]",[3.1350978574890934e-06]
layer_7,380,"[[31, [13, 1, 1, 1, 1]], [33, [4, 2, 2, 1, 1]], [35, [2, 2, 2]], [62, 2], [68, 0], [74, 1], [101, 3]]",[3.084322143499775e-06]
layer_7,381,"[[31, [1, 1, 1, 13, 1]], [33, [1, 4, 1, 4, 1]], [35, [8, 1, 1]], [62, 0], [68, 1], [74, 2], [101, 1]]",[2.2229654135338347e-05]
layer_7,382,"[[31, [1, 13, 1, 1, 1]], [33, [1, 4, 2, 2, 1]], [35, [2, 4, 1]], [62, 0], [68, 1], [74, 2], [101, 4]]",[3.421496185295426e-06]
layer_7,383,"[[31, [1, 1, 1, 13, 1]], [33, [1, 1, 4, 1, 4]], [35, [4, 1, 2]], [62, 1], [68, 1], [74, 3], [101, 2]]",[2.7614839682216336e-05]
layer_7,384,"[[31, [13, 1, 1, 1, 1]], [33, [2, 4, 2, 1, 1]], [35, [8, 1, 1]], [62, 2], [68, 1], [74, 1], [101, 1]]",[3.127632138627118e-06]
layer_7,385,"[[31, [13, 1, 1, 1, 1]], [33, [2, 4, 2, 1, 1]], [35, [4, 2, 1]], [62, 2], [68, 0], [74, 2], [101, 1]]",[3.1878459305878038e-06]
layer_7,386,"[[31, [13, 1, 1, 1, 1]], [33, [2, 4, 2, 1, 1]], [35, [4, 2, 1]], [62, 1], [68, 0], [74, 2], [101, 1]]",[3.911029315395884e-06]
layer_7,387,"[[31, [13, 1, 1, 1, 1]], [33, [2, 4, 2, 1, 1]], [35, [2, 2, 2]], [62, 2], [68, 1], [74, 2], [101, 1]]",[2.9845201558550966e-06]
layer_7,388,"[[31, [13, 1, 1, 1, 1]], [33, [4, 2, 2, 1, 1]], [35, [8, 1, 1]], [62, 2], [68, 2], [74, 1], [101, 2]]",[3.1454701001664896e-06]
layer_7,389,"[[31, [13, 1, 1, 1, 1]], [33, [1, 8, 2, 1, 1]], [35, [4, 2, 1]], [62, 2], [68, 0], [74, 2], [101, 1]]",[3.805748674734419e-06]
layer_7,390,"[[31, [13, 1, 1, 1, 1]], [33, [2, 4, 2, 1, 1]], [35, [2, 2, 2]], [62, 1], [68, 1], [74, 2], [101, 1]]",[3.1837819784398023e-06]
layer_7,391,"[[31, [13, 1, 1, 1, 1]], [33, [4, 2, 2, 1, 1]], [35, [2, 2, 2]], [62, 2], [68, 1], [74, 3], [101, 4]]",[4.197015981303999e-06]
layer_7,392,"[[31, [13, 1, 1, 1, 1]], [33, [4, 2, 2, 1, 1]], [35, [2, 2, 2]], [62, 2], [68, 2], [74, 3], [101, 2]]",[3.6514179960757548e-06]
layer_7,393,"[[31, [13, 1, 1, 1, 1]], [33, [4, 2, 2, 1, 1]], [35, [2, 4, 1]], [62, 2], [68, 2], [74, 3], [101, 2]]",[3.984471895657681e-06]
layer_7,394,"[[31, [13, 1, 1, 1, 1]], [33, [1, 8, 2, 1, 1]], [35, [4, 2, 1]], [62, 1], [68, 0], [74, 2], [101, 1]]",[3.3383938755893257e-06]
layer_7,395,"[[31, [13, 1, 1, 1, 1]], [33, [1, 8, 2, 1, 1]], [35, [4, 1, 2]], [62, 1], [68, 0], [74, 2], [101, 1]]",[3.4127660041185428e-06]
layer_7,396,"[[31, [13, 1, 1, 1, 1]], [33, [4, 2, 2, 1, 1]], [35, [2, 1, 4]], [62, 2], [68, 0], [74, 2], [101, 4]]",[3.705123928845813e-06]
layer_7,397,"[[31, [13, 1, 1, 1, 1]], [33, [4, 2, 2, 1, 1]], [35, [2, 2, 2]], [62, 1], [68, 1], [74, 2], [101, 4]]",[3.767810789066114e-06]
layer_7,398,"[[31, [13, 1, 1, 1, 1]], [33, [4, 2, 2, 1, 1]], [35, [2, 4, 1]], [62, 1], [68, 1], [74, 3], [101, 4]]",[3.186453561767358e-06]
layer_7,399,"[[31, [13, 1, 1, 1, 1]], [33, [4, 2, 2, 1, 1]], [35, [2, 2, 2]], [62, 1], [68, 1], [74, 3], [101, 4]]",[3.6921537794189617e-06]
layer_7,400,"[[31, [13, 1, 1, 1, 1]], [33, [4, 2, 2, 1, 1]], [35, [2, 1, 4]], [62, 1], [68, 1], [74, 3], [101, 4]]",[3.71427685691789e-06]
layer_7,401,"[[31, [13, 1, 1, 1, 1]], [33, [4, 2, 2, 1, 1]], [35, [2, 4, 1]], [62, 1], [68, 1], [74, 2], [101, 4]]",[3.0777682489451473e-06]
layer_7,402,"[[31, [13, 1, 1, 1, 1]], [33, [2, 4, 2, 1, 1]], [35, [4, 1, 2]], [62, 2], [68, 1], [74, 2], [101, 1]]",[3.2713266429408255e-06]
layer_7,403,"[[31, [13, 1, 1, 1, 1]], [33, [4, 2, 2, 1, 1]], [35, [2, 4, 1]], [62, 1], [68, 0], [74, 2], [101, 4]]",[3.4430877274952163e-06]
layer_7,404,"[[31, [13, 1, 1, 1, 1]], [33, [4, 2, 2, 1, 1]], [35, [2, 1, 4]], [62, 1], [68, 0], [74, 2], [101, 4]]",[3.2566427384214545e-06]
layer_7,405,"[[31, [13, 1, 1, 1, 1]], [33, [4, 2, 2, 1, 1]], [35, [2, 4, 1]], [62, 2], [68, 2], [74, 1], [101, 2]]",[3.2160425276629786e-06]
layer_7,406,"[[31, [13, 1, 1, 1, 1]], [33, [4, 2, 2, 1, 1]], [35, [8, 1, 1]], [62, 1], [68, 1], [74, 1], [101, 2]]",[3.559243342059148e-06]
layer_7,407,"[[31, [13, 1, 1, 1, 1]], [33, [2, 4, 2, 1, 1]], [35, [4, 1, 2]], [62, 1], [68, 1], [74, 2], [101, 1]]",[3.3036999605859555e-06]
layer_7,408,"[[31, [13, 1, 1, 1, 1]], [33, [1, 8, 2, 1, 1]], [35, [4, 1, 2]], [62, 1], [68, 0], [74, 2], [101, 3]]",[3.6115269685487707e-06]
layer_7,409,"[[31, [13, 1, 1, 1, 1]], [33, [2, 4, 2, 1, 1]], [35, [2, 4, 1]], [62, 1], [68, 0], [74, 2], [101, 1]]",[3.618581276732005e-06]
layer_7,410,"[[31, [13, 1, 1, 1, 1]], [33, [4, 2, 2, 1, 1]], [35, [8, 1, 1]], [62, 2], [68, 2], [74, 3], [101, 2]]",[3.3991934142408555e-06]
layer_7,411,"[[31, [13, 1, 1, 1, 1]], [33, [4, 2, 2, 1, 1]], [35, [2, 2, 2]], [62, 1], [68, 2], [74, 1], [101, 2]]",[3.6023992396206193e-06]
layer_7,412,"[[31, [13, 1, 1, 1, 1]], [33, [1, 8, 2, 1, 1]], [35, [4, 2, 1]], [62, 2], [68, 1], [74, 0], [101, 1]]",[4.190661310291462e-06]
layer_7,413,"[[31, [13, 1, 1, 1, 1]], [33, [4, 2, 2, 1, 1]], [35, [2, 4, 1]], [62, 1], [68, 1], [74, 2], [101, 1]]",[3.4702798274192125e-06]
layer_7,414,"[[31, [13, 1, 1, 1, 1]], [33, [4, 2, 2, 1, 1]], [35, [4, 2, 1]], [62, 1], [68, 0], [74, 3], [101, 4]]",[3.5780417557970396e-06]
layer_7,415,"[[31, [13, 1, 1, 1, 1]], [33, [4, 2, 2, 1, 1]], [35, [2, 1, 4]], [62, 2], [68, 2], [74, 2], [101, 1]]",[3.549846395692915e-06]
layer_7,416,"[[31, [13, 1, 1, 1, 1]], [33, [4, 2, 2, 1, 1]], [35, [2, 4, 1]], [62, 2], [68, 1], [74, 1], [101, 2]]",[3.5503849976336963e-06]
layer_7,417,"[[31, [13, 1, 1, 1, 1]], [33, [4, 2, 2, 1, 1]], [35, [2, 2, 2]], [62, 2], [68, 1], [74, 1], [101, 2]]",[2.9437140055710304e-06]
layer_7,418,"[[31, [13, 1, 1, 1, 1]], [33, [2, 4, 2, 1, 1]], [35, [2, 2, 2]], [62, 1], [68, 2], [74, 2], [101, 1]]",[3.355327217002057e-06]
layer_7,419,"[[31, [13, 1, 1, 1, 1]], [33, [4, 2, 2, 1, 1]], [35, [2, 2, 2]], [62, 1], [68, 1], [74, 3], [101, 2]]",[3.128639075244944e-06]
layer_7,420,"[[31, [13, 1, 1, 1, 1]], [33, [4, 2, 2, 1, 1]], [35, [2, 4, 1]], [62, 1], [68, 1], [74, 3], [101, 2]]",[3.713740594816869e-06]
layer_7,421,"[[31, [13, 1, 1, 1, 1]], [33, [4, 2, 2, 1, 1]], [35, [2, 4, 1]], [62, 2], [68, 1], [74, 2], [101, 2]]",[3.067988631694289e-06]
layer_7,422,"[[31, [13, 1, 1, 1, 1]], [33, [4, 2, 2, 1, 1]], [35, [2, 1, 4]], [62, 2], [68, 1], [74, 3], [101, 1]]",[3.5496325335618395e-06]
layer_7,423,"[[31, [13, 1, 1, 1, 1]], [33, [4, 2, 2, 1, 1]], [35, [2, 1, 4]], [62, 1], [68, 1], [74, 3], [101, 3]]",[3.044578800438079e-06]
layer_7,424,"[[31, [13, 1, 1, 1, 1]], [33, [4, 2, 2, 1, 1]], [35, [8, 1, 1]], [62, 2], [68, 1], [74, 3], [101, 1]]",[3.6055260691036557e-06]
layer_7,425,"[[31, [13, 1, 1, 1, 1]], [33, [1, 8, 2, 1, 1]], [35, [4, 2, 1]], [62, 2], [68, 0], [74, 3], [101, 1]]",[3.4921462636937164e-06]
layer_7,426,"[[31, [13, 1, 1, 1, 1]], [33, [4, 2, 2, 1, 1]], [35, [2, 2, 2]], [62, 1], [68, 1], [74, 1], [101, 2]]",[3.1569703290501823e-06]
layer_7,427,"[[31, [13, 1, 1, 1, 1]], [33, [4, 2, 2, 1, 1]], [35, [8, 1, 1]], [62, 1], [68, 1], [74, 3], [101, 2]]",[3.7343368324366876e-06]
layer_7,428,"[[31, [13, 1, 1, 1, 1]], [33, [1, 8, 2, 1, 1]], [35, [2, 4, 1]], [62, 1], [68, 1], [74, 0], [101, 3]]",[3.802832160609386e-06]
layer_7,429,"[[31, [13, 1, 1, 1, 1]], [33, [4, 2, 2, 1, 1]], [35, [2, 2, 2]], [62, 1], [68, 1], [74, 3], [101, 1]]",[3.2400402939402737e-06]
layer_7,430,"[[31, [13, 1, 1, 1, 1]], [33, [4, 2, 2, 1, 1]], [35, [2, 2, 2]], [62, 2], [68, 2], [74, 2], [101, 4]]",[3.4814633300182716e-06]
layer_7,431,"[[31, [13, 1, 1, 1, 1]], [33, [4, 2, 2, 1, 1]], [35, [2, 1, 4]], [62, 2], [68, 2], [74, 2], [101, 4]]",[3.1958611854842033e-06]
layer_7,432,"[[31, [13, 1, 1, 1, 1]], [33, [4, 2, 2, 1, 1]], [35, [2, 4, 1]], [62, 2], [68, 2], [74, 2], [101, 4]]",[3.2554867432362297e-06]
layer_7,433,"[[31, [13, 1, 1, 1, 1]], [33, [1, 8, 2, 1, 1]], [35, [4, 2, 1]], [62, 1], [68, 0], [74, 2], [101, 4]]",[3.7265696024543016e-06]
layer_7,434,"[[31, [13, 1, 1, 1, 1]], [33, [4, 2, 2, 1, 1]], [35, [4, 1, 2]], [62, 2], [68, 2], [74, 3], [101, 1]]",[3.536276057956213e-06]
layer_7,435,"[[31, [13, 1, 1, 1, 1]], [33, [1, 8, 2, 1, 1]], [35, [4, 1, 2]], [62, 1], [68, 2], [74, 2], [101, 1]]",[3.3946519071058393e-06]
layer_7,436,"[[31, [13, 1, 1, 1, 1]], [33, [1, 8, 2, 1, 1]], [35, [4, 1, 2]], [62, 2], [68, 0], [74, 3], [101, 3]]",[3.212910025927275e-06]
layer_7,437,"[[31, [13, 1, 1, 1, 1]], [33, [1, 8, 2, 1, 1]], [35, [4, 2, 1]], [62, 2], [68, 0], [74, 3], [101, 3]]",[3.267832607468344e-06]
layer_7,438,"[[31, [13, 1, 1, 1, 1]], [33, [4, 2, 2, 1, 1]], [35, [2, 1, 4]], [62, 1], [68, 0], [74, 1], [101, 3]]",[3.0241162922697404e-06]
layer_7,439,"[[31, [13, 1, 1, 1, 1]], [33, [4, 2, 2, 1, 1]], [35, [4, 2, 1]], [62, 2], [68, 1], [74, 2], [101, 1]]",[3.878039568184859e-06]
layer_7,440,"[[31, [13, 1, 1, 1, 1]], [33, [4, 2, 2, 1, 1]], [35, [4, 1, 2]], [62, 2], [68, 1], [74, 2], [101, 1]]",[3.9710657578364545e-06]
layer_7,441,"[[31, [13, 1, 1, 1, 1]], [33, [4, 2, 2, 1, 1]], [35, [4, 1, 2]], [62, 2], [68, 0], [74, 1], [101, 3]]",[3.6078870079675257e-06]
layer_7,442,"[[31, [13, 1, 1, 1, 1]], [33, [4, 2, 2, 1, 1]], [35, [4, 2, 1]], [62, 2], [68, 0], [74, 1], [101, 3]]",[3.708753530139037e-06]
layer_7,443,"[[31, [13, 1, 1, 1, 1]], [33, [4, 2, 2, 1, 1]], [35, [2, 4, 1]], [62, 1], [68, 1], [74, 1], [101, 3]]",[3.4476139097053482e-06]
layer_7,444,"[[31, [13, 1, 1, 1, 1]], [33, [4, 2, 2, 1, 1]], [35, [4, 1, 2]], [62, 1], [68, 2], [74, 3], [101, 1]]",[3.4896576187664175e-06]
layer_7,445,"[[31, [1, 1, 1, 13, 1]], [33, [1, 4, 4, 1, 1]], [35, [4, 1, 2]], [62, 0], [68, 1], [74, 0], [101, 0]]",[1.5336906404657934e-05]
layer_7,446,"[[31, [1, 1, 1, 13, 1]], [33, [1, 1, 1, 8, 2]], [35, [4, 2, 1]], [62, 0], [68, 0], [74, 2], [101, 3]]",[0.00030319170095238096]
layer_7,447,"[[31, [1, 1, 1, 13, 1]], [33, [1, 1, 1, 16, 1]], [35, [4, 2, 1]], [62, 2], [68, 0], [74, 0], [101, 2]]",[0.0004717549881656805]
layer_7,448,"[[31, [13, 1, 1, 1, 1]], [33, [1, 8, 2, 1, 1]], [35, [4, 2, 1]], [62, 2], [68, 1], [74, 2], [101, 2]]",[3.195884418169753e-06]
layer_7,449,"[[31, [13, 1, 1, 1, 1]], [33, [1, 8, 2, 1, 1]], [35, [4, 2, 1]], [62, 1], [68, 1], [74, 2], [101, 2]]",[3.6180463639509085e-06]
layer_7,450,"[[31, [13, 1, 1, 1, 1]], [33, [2, 4, 2, 1, 1]], [35, [8, 1, 1]], [62, 2], [68, 1], [74, 2], [101, 1]]",[3.4869637384539552e-06]
layer_7,451,"[[31, [13, 1, 1, 1, 1]], [33, [2, 4, 2, 1, 1]], [35, [2, 1, 4]], [62, 2], [68, 1], [74, 2], [101, 1]]",[3.1700473107912673e-06]
layer_7,452,"[[31, [13, 1, 1, 1, 1]], [33, [2, 4, 2, 1, 1]], [35, [8, 1, 1]], [62, 2], [68, 1], [74, 3], [101, 2]]",[3.5299756432703174e-06]
layer_7,453,"[[31, [13, 1, 1, 1, 1]], [33, [2, 4, 2, 1, 1]], [35, [8, 1, 1]], [62, 1], [68, 1], [74, 3], [101, 1]]",[3.5997716464590212e-06]
layer_7,454,"[[31, [13, 1, 1, 1, 1]], [33, [2, 4, 2, 1, 1]], [35, [2, 2, 2]], [62, 2], [68, 1], [74, 3], [101, 1]]",[3.0807550665390967e-06]
layer_7,455,"[[31, [13, 1, 1, 1, 1]], [33, [2, 4, 2, 1, 1]], [35, [8, 1, 1]], [62, 1], [68, 1], [74, 1], [101, 1]]",[3.56312458095497e-06]
layer_7,456,"[[31, [13, 1, 1, 1, 1]], [33, [1, 8, 2, 1, 1]], [35, [4, 1, 2]], [62, 2], [68, 1], [74, 3], [101, 2]]",[3.1947043053396364e-06]
layer_7,457,"[[31, [13, 1, 1, 1, 1]], [33, [1, 8, 2, 1, 1]], [35, [4, 1, 2]], [62, 1], [68, 1], [74, 3], [101, 2]]",[3.5984108887047986e-06]
layer_7,458,"[[31, [13, 1, 1, 1, 1]], [33, [2, 4, 2, 1, 1]], [35, [2, 1, 4]], [62, 2], [68, 1], [74, 3], [101, 2]]",[3.0948609139353537e-06]
layer_7,459,"[[31, [13, 1, 1, 1, 1]], [33, [4, 2, 2, 1, 1]], [35, [2, 1, 4]], [62, 0], [68, 1], [74, 2], [101, 0]]",[3.6071516316475554e-06]
layer_7,460,"[[31, [13, 1, 1, 1, 1]], [33, [1, 8, 2, 1, 1]], [35, [4, 1, 2]], [62, 1], [68, 1], [74, 3], [101, 1]]",[3.4236845330115756e-06]
layer_7,461,"[[31, [13, 1, 1, 1, 1]], [33, [2, 4, 2, 1, 1]], [35, [2, 1, 4]], [62, 2], [68, 0], [74, 2], [101, 1]]",[3.13056848407294e-06]
layer_7,462,"[[31, [13, 1, 1, 1, 1]], [33, [4, 2, 2, 1, 1]], [35, [2, 2, 2]], [62, 2], [68, 1], [74, 2], [101, 2]]",[3.1703185744048222e-06]
layer_7,463,"[[31, [13, 1, 1, 1, 1]], [33, [4, 2, 2, 1, 1]], [35, [2, 1, 4]], [62, 1], [68, 0], [74, 2], [101, 3]]",[3.4768205030487805e-06]
layer_7,464,"[[31, [13, 1, 1, 1, 1]], [33, [1, 8, 2, 1, 1]], [35, [4, 1, 2]], [62, 2], [68, 1], [74, 2], [101, 1]]",[3.613588887016598e-06]
layer_7,465,"[[31, [13, 1, 1, 1, 1]], [33, [4, 2, 2, 1, 1]], [35, [2, 2, 2]], [62, 1], [68, 1], [74, 2], [101, 0]]",[3.081719031376454e-06]
layer_7,466,"[[31, [13, 1, 1, 1, 1]], [33, [4, 2, 2, 1, 1]], [35, [2, 4, 1]], [62, 1], [68, 1], [74, 2], [101, 0]]",[3.375980145613722e-06]
layer_7,467,"[[31, [13, 1, 1, 1, 1]], [33, [2, 4, 2, 1, 1]], [35, [2, 2, 2]], [62, 2], [68, 0], [74, 3], [101, 1]]",[3.3788804673513615e-06]
layer_7,468,"[[31, [13, 1, 1, 1, 1]], [33, [2, 4, 2, 1, 1]], [35, [2, 1, 4]], [62, 2], [68, 1], [74, 1], [101, 2]]",[3.052443666454488e-06]
layer_7,469,"[[31, [13, 1, 1, 1, 1]], [33, [2, 4, 2, 1, 1]], [35, [2, 1, 4]], [62, 1], [68, 1], [74, 3], [101, 2]]",[3.222631962435233e-06]
layer_7,470,"[[31, [13, 1, 1, 1, 1]], [33, [1, 8, 2, 1, 1]], [35, [4, 1, 2]], [62, 2], [68, 2], [74, 2], [101, 2]]",[3.3620921965015193e-06]
layer_7,471,"[[31, [13, 1, 1, 1, 1]], [33, [2, 4, 2, 1, 1]], [35, [4, 2, 1]], [62, 2], [68, 2], [74, 2], [101, 1]]",[3.4992663056325614e-06]
layer_7,472,"[[31, [13, 1, 1, 1, 1]], [33, [4, 2, 2, 1, 1]], [35, [2, 1, 4]], [62, 2], [68, 1], [74, 2], [101, 0]]",[3.701448645933233e-06]
layer_7,473,"[[31, [13, 1, 1, 1, 1]], [33, [4, 2, 2, 1, 1]], [35, [2, 4, 1]], [62, 2], [68, 0], [74, 2], [101, 4]]",[3.309297992421188e-06]
layer_7,474,"[[31, [13, 1, 1, 1, 1]], [33, [4, 2, 2, 1, 1]], [35, [2, 2, 2]], [62, 2], [68, 1], [74, 1], [101, 3]]",[3.348374855339295e-06]
layer_7,475,"[[31, [13, 1, 1, 1, 1]], [33, [4, 2, 2, 1, 1]], [35, [2, 1, 4]], [62, 1], [68, 1], [74, 2], [101, 3]]",[3.313862340747139e-06]
layer_7,476,"[[31, [13, 1, 1, 1, 1]], [33, [1, 8, 2, 1, 1]], [35, [4, 1, 2]], [62, 2], [68, 1], [74, 3], [101, 3]]",[3.3662642683803706e-06]
layer_7,477,"[[31, [13, 1, 1, 1, 1]], [33, [4, 2, 2, 1, 1]], [35, [4, 2, 1]], [62, 0], [68, 2], [74, 2], [101, 2]]",[3.5296812950711566e-06]
layer_7,478,"[[31, [13, 1, 1, 1, 1]], [33, [4, 2, 2, 1, 1]], [35, [4, 1, 2]], [62, 0], [68, 2], [74, 2], [101, 2]]",[3.659071564160972e-06]
layer_7,479,"[[31, [13, 1, 1, 1, 1]], [33, [2, 4, 2, 1, 1]], [35, [2, 2, 2]], [62, 2], [68, 2], [74, 2], [101, 1]]",[3.3318399688678684e-06]
layer_7,480,"[[31, [13, 1, 1, 1, 1]], [33, [1, 8, 2, 1, 1]], [35, [2, 2, 2]], [62, 2], [68, 1], [74, 2], [101, 2]]",[3.291740584720346e-06]
layer_7,481,"[[31, [13, 1, 1, 1, 1]], [33, [2, 4, 1, 2, 1]], [35, [2, 2, 2]], [62, 2], [68, 0], [74, 1], [101, 1]]",[3.292046676980809e-06]
layer_7,482,"[[31, [13, 1, 1, 1, 1]], [33, [2, 4, 2, 1, 1]], [35, [2, 2, 2]], [62, 2], [68, 1], [74, 0], [101, 1]]",[3.4390301520650963e-06]
layer_7,483,"[[31, [13, 1, 1, 1, 1]], [33, [1, 8, 1, 2, 1]], [35, [2, 1, 4]], [62, 1], [68, 0], [74, 2], [101, 1]]",[3.3968369225499854e-06]
layer_7,484,"[[31, [13, 1, 1, 1, 1]], [33, [1, 8, 2, 1, 1]], [35, [4, 1, 2]], [62, 2], [68, 0], [74, 2], [101, 2]]",[3.4387693341869393e-06]
layer_7,485,"[[31, [13, 1, 1, 1, 1]], [33, [4, 2, 2, 1, 1]], [35, [2, 4, 1]], [62, 2], [68, 2], [74, 3], [101, 4]]",[3.5289633388436675e-06]
layer_7,486,"[[31, [13, 1, 1, 1, 1]], [33, [4, 2, 2, 1, 1]], [35, [4, 1, 2]], [62, 0], [68, 2], [74, 1], [101, 2]]",[3.4216688397442615e-06]
layer_7,487,"[[31, [13, 1, 1, 1, 1]], [33, [2, 4, 2, 1, 1]], [35, [2, 2, 2]], [62, 2], [68, 0], [74, 3], [101, 2]]",[3.0351572282653822e-06]
layer_7,488,"[[31, [13, 1, 1, 1, 1]], [33, [1, 8, 2, 1, 1]], [35, [2, 1, 4]], [62, 1], [68, 1], [74, 2], [101, 3]]",[3.049802880196098e-06]
layer_7,489,"[[31, [13, 1, 1, 1, 1]], [33, [1, 8, 2, 1, 1]], [35, [2, 2, 2]], [62, 1], [68, 1], [74, 2], [101, 3]]",[2.920316283993913e-06]
layer_7,490,"[[31, [13, 1, 1, 1, 1]], [33, [4, 2, 1, 1, 2]], [35, [2, 4, 1]], [62, 1], [68, 0], [74, 1], [101, 3]]",[3.2695263906018106e-06]
layer_7,491,"[[31, [13, 1, 1, 1, 1]], [33, [4, 2, 2, 1, 1]], [35, [4, 2, 1]], [62, 2], [68, 0], [74, 2], [101, 2]]",[3.522762016538892e-06]
layer_7,492,"[[31, [13, 1, 1, 1, 1]], [33, [4, 2, 2, 1, 1]], [35, [8, 1, 1]], [62, 0], [68, 2], [74, 2], [101, 2]]",[3.3223055927445478e-06]
layer_7,493,"[[31, [13, 1, 1, 1, 1]], [33, [2, 4, 2, 1, 1]], [35, [4, 1, 2]], [62, 1], [68, 2], [74, 3], [101, 1]]",[2.874782994470259e-06]
layer_7,494,"[[31, [13, 1, 1, 1, 1]], [33, [4, 2, 2, 1, 1]], [35, [2, 2, 2]], [62, 1], [68, 2], [74, 2], [101, 0]]",[3.455978143093466e-06]
layer_7,495,"[[31, [13, 1, 1, 1, 1]], [33, [4, 2, 2, 1, 1]], [35, [2, 1, 4]], [62, 1], [68, 2], [74, 2], [101, 0]]",[3.2727234693672107e-06]
layer_7,496,"[[31, [13, 1, 1, 1, 1]], [33, [2, 4, 2, 1, 1]], [35, [8, 1, 1]], [62, 2], [68, 1], [74, 3], [101, 4]]",[2.915797686878136e-06]
layer_7,497,"[[31, [13, 1, 1, 1, 1]], [33, [4, 2, 2, 1, 1]], [35, [4, 2, 1]], [62, 1], [68, 0], [74, 2], [101, 2]]",[3.5286884946411173e-06]
layer_7,498,"[[31, [13, 1, 1, 1, 1]], [33, [4, 2, 2, 1, 1]], [35, [4, 1, 2]], [62, 1], [68, 0], [74, 2], [101, 2]]",[3.156962048529576e-06]
layer_7,499,"[[31, [13, 1, 1, 1, 1]], [33, [1, 8, 2, 1, 1]], [35, [2, 2, 2]], [62, 1], [68, 1], [74, 2], [101, 2]]",[3.153307603509312e-06]
layer_7,500,"[[31, [13, 1, 1, 1, 1]], [33, [4, 2, 2, 1, 1]], [35, [2, 2, 2]], [62, 1], [68, 2], [74, 2], [101, 1]]",[2.9277219029590064e-06]
layer_7,501,"[[31, [13, 1, 1, 1, 1]], [33, [1, 8, 2, 1, 1]], [35, [2, 2, 2]], [62, 1], [68, 1], [74, 3], [101, 1]]",[3.117643058366896e-06]
layer_7,502,"[[31, [13, 1, 1, 1, 1]], [33, [4, 2, 2, 1, 1]], [35, [4, 1, 2]], [62, 1], [68, 2], [74, 3], [101, 3]]",[3.074998996280333e-06]
layer_7,503,"[[31, [13, 1, 1, 1, 1]], [33, [4, 2, 2, 1, 1]], [35, [4, 2, 1]], [62, 2], [68, 2], [74, 3], [101, 4]]",[3.4364993886495743e-06]
layer_7,504,"[[31, [13, 1, 1, 1, 1]], [33, [2, 4, 2, 1, 1]], [35, [4, 2, 1]], [62, 2], [68, 1], [74, 2], [101, 1]]",[3.4611286681715576e-06]
layer_7,505,"[[31, [13, 1, 1, 1, 1]], [33, [4, 2, 2, 1, 1]], [35, [2, 4, 1]], [62, 2], [68, 1], [74, 3], [101, 1]]",[3.0298150733659404e-06]
layer_7,506,"[[31, [13, 1, 1, 1, 1]], [33, [4, 2, 2, 1, 1]], [35, [2, 1, 4]], [62, 2], [68, 2], [74, 2], [101, 0]]",[3.1611353135313533e-06]
layer_7,507,"[[31, [13, 1, 1, 1, 1]], [33, [2, 4, 2, 1, 1]], [35, [4, 2, 1]], [62, 1], [68, 2], [74, 3], [101, 2]]",[3.221108720657777e-06]
layer_7,508,"[[31, [13, 1, 1, 1, 1]], [33, [2, 4, 2, 1, 1]], [35, [4, 1, 2]], [62, 2], [68, 1], [74, 1], [101, 2]]",[3.082590670085173e-06]
layer_7,509,"[[31, [1, 1, 13, 1, 1]], [33, [1, 4, 1, 2, 2]], [35, [2, 1, 4]], [62, 1], [68, 1], [74, 3], [101, 3]]",[1.3150792710706151e-05]
layer_7,510,"[[31, [1, 1, 13, 1, 1]], [33, [2, 2, 2, 2, 1]], [35, [4, 2, 1]], [62, 0], [68, 1], [74, 0], [101, 4]]",[1.4751204651162792e-05]
layer_7,511,"[[31, [1, 1, 13, 1, 1]], [33, [2, 4, 2, 1, 1]], [35, [4, 1, 2]], [62, 0], [68, 1], [74, 2], [101, 3]]",[8.99596600107933e-06]
layer_7,512,"[[31, [13, 1, 1, 1, 1]], [33, [2, 4, 2, 1, 1]], [35, [2, 1, 4]], [62, 2], [68, 1], [74, 2], [101, 2]]",[3.1554178072856837e-06]
layer_7,513,"[[31, [13, 1, 1, 1, 1]], [33, [2, 4, 2, 1, 1]], [35, [2, 1, 4]], [62, 2], [68, 1], [74, 3], [101, 1]]",[2.9508263165696923e-06]
layer_7,514,"[[31, [13, 1, 1, 1, 1]], [33, [2, 4, 2, 1, 1]], [35, [2, 4, 1]], [62, 2], [68, 1], [74, 1], [101, 2]]",[3.3307918028983065e-06]
layer_7,515,"[[31, [13, 1, 1, 1, 1]], [33, [1, 8, 2, 1, 1]], [35, [2, 2, 2]], [62, 2], [68, 1], [74, 2], [101, 3]]",[3.2272102112058037e-06]
layer_7,516,"[[31, [13, 1, 1, 1, 1]], [33, [2, 4, 2, 1, 1]], [35, [2, 4, 1]], [62, 2], [68, 1], [74, 2], [101, 1]]",[3.0241022944126398e-06]
layer_7,517,"[[31, [13, 1, 1, 1, 1]], [33, [4, 2, 2, 1, 1]], [35, [8, 1, 1]], [62, 1], [68, 2], [74, 2], [101, 4]]",[2.9117434055938754e-06]
layer_7,518,"[[31, [13, 1, 1, 1, 1]], [33, [2, 4, 2, 1, 1]], [35, [2, 1, 4]], [62, 1], [68, 1], [74, 2], [101, 1]]",[3.41361593087256e-06]
layer_7,519,"[[31, [13, 1, 1, 1, 1]], [33, [1, 8, 2, 1, 1]], [35, [2, 4, 1]], [62, 1], [68, 1], [74, 2], [101, 2]]",[3.423085714285714e-06]
layer_7,520,"[[31, [13, 1, 1, 1, 1]], [33, [4, 2, 2, 1, 1]], [35, [8, 1, 1]], [62, 1], [68, 2], [74, 3], [101, 4]]",[2.9584549669265296e-06]
layer_7,521,"[[31, [13, 1, 1, 1, 1]], [33, [4, 2, 1, 1, 2]], [35, [2, 2, 2]], [62, 2], [68, 1], [74, 1], [101, 2]]",[3.166467208459806e-06]
layer_7,522,"[[31, [13, 1, 1, 1, 1]], [33, [1, 8, 2, 1, 1]], [35, [2, 4, 1]], [62, 1], [68, 1], [74, 2], [101, 1]]",[3.1914843819147366e-06]
layer_7,523,"[[31, [13, 1, 1, 1, 1]], [33, [1, 8, 2, 1, 1]], [35, [2, 1, 4]], [62, 1], [68, 1], [74, 2], [101, 1]]",[2.977180297063351e-06]
layer_7,524,"[[31, [13, 1, 1, 1, 1]], [33, [4, 2, 1, 1, 2]], [35, [2, 1, 4]], [62, 2], [68, 2], [74, 1], [101, 2]]",[3.490976821483601e-06]
layer_7,525,"[[31, [13, 1, 1, 1, 1]], [33, [1, 8, 2, 1, 1]], [35, [2, 2, 2]], [62, 1], [68, 1], [74, 3], [101, 3]]",[3.033802911062036e-06]
layer_7,526,"[[31, [13, 1, 1, 1, 1]], [33, [1, 8, 2, 1, 1]], [35, [2, 1, 4]], [62, 1], [68, 1], [74, 3], [101, 3]]",[3.2969887963055917e-06]
layer_7,527,"[[31, [13, 1, 1, 1, 1]], [33, [4, 2, 1, 1, 2]], [35, [2, 2, 2]], [62, 2], [68, 1], [74, 1], [101, 3]]",[3.3830284370535005e-06]
layer_7,528,"[[31, [13, 1, 1, 1, 1]], [33, [1, 8, 2, 1, 1]], [35, [2, 1, 4]], [62, 1], [68, 1], [74, 3], [101, 1]]",[3.185513856674398e-06]
layer_7,529,"[[31, [13, 1, 1, 1, 1]], [33, [4, 2, 1, 2, 1]], [35, [2, 2, 2]], [62, 1], [68, 2], [74, 1], [101, 3]]",[2.912535521278991e-06]
layer_7,530,"[[31, [13, 1, 1, 1, 1]], [33, [4, 2, 1, 2, 1]], [35, [2, 1, 4]], [62, 1], [68, 2], [74, 1], [101, 3]]",[3.91111053471668e-06]
layer_7,531,"[[31, [13, 1, 1, 1, 1]], [33, [4, 2, 2, 1, 1]], [35, [2, 2, 2]], [62, 2], [68, 2], [74, 1], [101, 2]]",[3.431478634760225e-06]
layer_7,532,"[[31, [13, 1, 1, 1, 1]], [33, [4, 2, 1, 2, 1]], [35, [2, 2, 2]], [62, 2], [68, 2], [74, 1], [101, 3]]",[3.433899924755455e-06]
layer_7,533,"[[31, [13, 1, 1, 1, 1]], [33, [2, 4, 2, 1, 1]], [35, [2, 1, 4]], [62, 2], [68, 0], [74, 2], [101, 2]]",[3.227111715168958e-06]
layer_7,534,"[[31, [13, 1, 1, 1, 1]], [33, [1, 8, 2, 1, 1]], [35, [2, 2, 2]], [62, 2], [68, 1], [74, 3], [101, 3]]",[3.039307773355186e-06]
layer_7,535,"[[31, [13, 1, 1, 1, 1]], [33, [1, 8, 2, 1, 1]], [35, [2, 2, 2]], [62, 1], [68, 1], [74, 1], [101, 1]]",[3.220225625909481e-06]
layer_7,536,"[[31, [13, 1, 1, 1, 1]], [33, [2, 4, 2, 1, 1]], [35, [4, 1, 2]], [62, 2], [68, 2], [74, 3], [101, 1]]",[3.741039860518247e-06]
layer_7,537,"[[31, [13, 1, 1, 1, 1]], [33, [2, 4, 2, 1, 1]], [35, [4, 2, 1]], [62, 2], [68, 1], [74, 1], [101, 2]]",[3.1691441359323143e-06]
layer_7,538,"[[31, [13, 1, 1, 1, 1]], [33, [4, 2, 2, 1, 1]], [35, [4, 1, 2]], [62, 2], [68, 2], [74, 3], [101, 3]]",[3.1991397432650915e-06]
layer_7,539,"[[31, [13, 1, 1, 1, 1]], [33, [4, 2, 1, 2, 1]], [35, [2, 2, 2]], [62, 2], [68, 1], [74, 3], [101, 2]]",[3.2112923056670833e-06]
layer_7,540,"[[31, [13, 1, 1, 1, 1]], [33, [4, 2, 1, 1, 2]], [35, [2, 1, 4]], [62, 2], [68, 1], [74, 3], [101, 2]]",[3.184389425759368e-06]
layer_7,541,"[[31, [13, 1, 1, 1, 1]], [33, [2, 4, 2, 1, 1]], [35, [4, 1, 2]], [62, 2], [68, 1], [74, 2], [101, 2]]",[3.0636300105564774e-06]
layer_7,542,"[[31, [13, 1, 1, 1, 1]], [33, [4, 2, 2, 1, 1]], [35, [4, 1, 2]], [62, 2], [68, 2], [74, 2], [101, 3]]",[2.99393641721736e-06]
layer_7,543,"[[31, [13, 1, 1, 1, 1]], [33, [4, 2, 1, 2, 1]], [35, [2, 2, 2]], [62, 2], [68, 2], [74, 3], [101, 2]]",[3.91785980499625e-06]
layer_7,544,"[[31, [13, 1, 1, 1, 1]], [33, [4, 2, 1, 2, 1]], [35, [2, 1, 4]], [62, 2], [68, 1], [74, 3], [101, 3]]",[2.927122435592952e-06]
layer_7,545,"[[31, [13, 1, 1, 1, 1]], [33, [4, 2, 1, 2, 1]], [35, [2, 2, 2]], [62, 1], [68, 0], [74, 1], [101, 3]]",[3.567491229130163e-06]
layer_7,546,"[[31, [13, 1, 1, 1, 1]], [33, [4, 2, 1, 2, 1]], [35, [2, 2, 2]], [62, 2], [68, 0], [74, 1], [101, 3]]",[3.6582468460727257e-06]
layer_7,547,"[[31, [13, 1, 1, 1, 1]], [33, [4, 2, 2, 1, 1]], [35, [2, 1, 4]], [62, 2], [68, 0], [74, 1], [101, 3]]",[3.1291912622514984e-06]
layer_7,548,"[[31, [13, 1, 1, 1, 1]], [33, [2, 4, 2, 1, 1]], [35, [4, 1, 2]], [62, 1], [68, 1], [74, 3], [101, 1]]",[2.9732272581351235e-06]
layer_7,549,"[[31, [13, 1, 1, 1, 1]], [33, [4, 2, 1, 2, 1]], [35, [2, 2, 2]], [62, 1], [68, 2], [74, 3], [101, 3]]",[3.870949544778556e-06]
layer_7,550,"[[31, [13, 1, 1, 1, 1]], [33, [1, 8, 2, 1, 1]], [35, [2, 2, 2]], [62, 1], [68, 1], [74, 0], [101, 1]]",[3.448885851627052e-06]
layer_7,551,"[[31, [13, 1, 1, 1, 1]], [33, [4, 2, 1, 2, 1]], [35, [2, 1, 4]], [62, 2], [68, 1], [74, 2], [101, 3]]",[3.379959255272495e-06]
layer_7,552,"[[31, [13, 1, 1, 1, 1]], [33, [2, 4, 2, 1, 1]], [35, [4, 1, 2]], [62, 2], [68, 1], [74, 3], [101, 2]]",[3.089147448131503e-06]
layer_7,553,"[[31, [13, 1, 1, 1, 1]], [33, [2, 4, 2, 1, 1]], [35, [2, 1, 4]], [62, 2], [68, 0], [74, 1], [101, 2]]",[3.1510966717695753e-06]
layer_7,554,"[[31, [13, 1, 1, 1, 1]], [33, [2, 4, 2, 1, 1]], [35, [2, 1, 4]], [62, 2], [68, 2], [74, 3], [101, 2]]",[3.104047397387804e-06]
layer_7,555,"[[31, [13, 1, 1, 1, 1]], [33, [2, 4, 2, 1, 1]], [35, [8, 1, 1]], [62, 2], [68, 1], [74, 1], [101, 2]]",[3.399508144029883e-06]
layer_7,556,"[[31, [13, 1, 1, 1, 1]], [33, [4, 2, 2, 1, 1]], [35, [2, 1, 4]], [62, 1], [68, 1], [74, 3], [101, 1]]",[3.3864010418909026e-06]
layer_7,557,"[[31, [13, 1, 1, 1, 1]], [33, [4, 2, 2, 1, 1]], [35, [2, 4, 1]], [62, 1], [68, 1], [74, 3], [101, 1]]",[3.187066306936016e-06]
layer_7,558,"[[31, [13, 1, 1, 1, 1]], [33, [4, 2, 2, 1, 1]], [35, [8, 1, 1]], [62, 1], [68, 1], [74, 2], [101, 4]]",[6.273104872819978e-06]
layer_7,559,"[[31, [13, 1, 1, 1, 1]], [33, [2, 4, 2, 1, 1]], [35, [8, 1, 1]], [62, 2], [68, 1], [74, 2], [101, 2]]",[6.304559037322094e-06]
layer_7,560,"[[31, [13, 1, 1, 1, 1]], [33, [2, 4, 2, 1, 1]], [35, [4, 1, 2]], [62, 2], [68, 2], [74, 2], [101, 1]]",[3.2164023923444976e-06]
layer_7,561,"[[31, [13, 1, 1, 1, 1]], [33, [2, 4, 2, 1, 1]], [35, [2, 1, 4]], [62, 1], [68, 0], [74, 2], [101, 1]]",[2.946640055248619e-06]
layer_7,562,"[[31, [13, 1, 1, 1, 1]], [33, [2, 4, 2, 1, 1]], [35, [2, 2, 2]], [62, 1], [68, 0], [74, 3], [101, 2]]",[3.224043681947505e-06]
layer_7,563,"[[31, [13, 1, 1, 1, 1]], [33, [4, 2, 2, 1, 1]], [35, [2, 2, 2]], [62, 2], [68, 2], [74, 2], [101, 1]]",[3.227593928181487e-06]
layer_7,564,"[[31, [13, 1, 1, 1, 1]], [33, [2, 4, 2, 1, 1]], [35, [4, 1, 2]], [62, 2], [68, 2], [74, 3], [101, 2]]",[2.976491002460682e-06]
layer_7,565,"[[31, [13, 1, 1, 1, 1]], [33, [4, 2, 2, 1, 1]], [35, [2, 1, 4]], [62, 2], [68, 0], [74, 1], [101, 4]]",[3.016775938218354e-06]
layer_7,566,"[[31, [13, 1, 1, 1, 1]], [33, [4, 2, 2, 1, 1]], [35, [2, 2, 2]], [62, 1], [68, 2], [74, 3], [101, 1]]",[2.9359095302489525e-06]
layer_7,567,"[[31, [13, 1, 1, 1, 1]], [33, [2, 4, 2, 1, 1]], [35, [2, 1, 4]], [62, 2], [68, 2], [74, 1], [101, 2]]",[3.491101566495558e-06]
layer_7,568,"[[31, [13, 1, 1, 1, 1]], [33, [4, 2, 2, 1, 1]], [35, [2, 2, 2]], [62, 2], [68, 0], [74, 2], [101, 2]]",[3.362338593541155e-06]
layer_7,569,"[[31, [13, 1, 1, 1, 1]], [33, [4, 2, 2, 1, 1]], [35, [2, 1, 4]], [62, 2], [68, 0], [74, 2], [101, 2]]",[2.9803328375094277e-06]
layer_7,570,"[[31, [13, 1, 1, 1, 1]], [33, [2, 4, 2, 1, 1]], [35, [4, 2, 1]], [62, 1], [68, 1], [74, 2], [101, 1]]",[3.221760701935262e-06]
layer_7,571,"[[31, [13, 1, 1, 1, 1]], [33, [4, 2, 2, 1, 1]], [35, [2, 4, 1]], [62, 2], [68, 0], [74, 1], [101, 2]]",[3.678391678438423e-06]
layer_7,572,"[[31, [13, 1, 1, 1, 1]], [33, [1, 8, 2, 1, 1]], [35, [2, 1, 4]], [62, 2], [68, 1], [74, 3], [101, 1]]",[3.0324255935493504e-06]
layer_7,573,"[[31, [13, 1, 1, 1, 1]], [33, [2, 1, 8, 1, 1]], [35, [8, 1, 1]], [62, 2], [68, 1], [74, 2], [101, 1]]",[4.69129055367035e-06]
layer_7,574,"[[31, [1, 1, 13, 1, 1]], [33, [1, 8, 1, 1, 2]], [35, [4, 1, 2]], [62, 0], [68, 1], [74, 1], [101, 2]]",[9.581692882460005e-06]
layer_7,575,"[[31, [1, 1, 1, 13, 1]], [33, [8, 1, 1, 1, 2]], [35, [4, 1, 2]], [62, 0], [68, 1], [74, 0], [101, 4]]",[1.2284552040816325e-05]
layer_7,576,"[[31, [13, 1, 1, 1, 1]], [33, [4, 2, 2, 1, 1]], [35, [8, 1, 1]], [62, 1], [68, 2], [74, 0], [101, 4]]",[3.5099787808641976e-06]
layer_7,577,"[[31, [13, 1, 1, 1, 1]], [33, [2, 4, 2, 1, 1]], [35, [4, 2, 1]], [62, 2], [68, 2], [74, 3], [101, 2]]",[3.2474968248251284e-06]
layer_7,578,"[[31, [13, 1, 1, 1, 1]], [33, [1, 8, 2, 1, 1]], [35, [2, 2, 2]], [62, 2], [68, 1], [74, 2], [101, 1]]",[3.323707793727571e-06]
layer_7,579,"[[31, [13, 1, 1, 1, 1]], [33, [1, 8, 2, 1, 1]], [35, [2, 2, 2]], [62, 2], [68, 1], [74, 3], [101, 1]]",[2.979888614744352e-06]
layer_7,580,"[[31, [13, 1, 1, 1, 1]], [33, [1, 8, 2, 1, 1]], [35, [2, 4, 1]], [62, 2], [68, 1], [74, 3], [101, 1]]",[3.4575916859122396e-06]
layer_7,581,"[[31, [13, 1, 1, 1, 1]], [33, [2, 4, 2, 1, 1]], [35, [2, 2, 2]], [62, 1], [68, 1], [74, 3], [101, 1]]",[2.880012734331669e-06]
layer_7,582,"[[31, [13, 1, 1, 1, 1]], [33, [2, 4, 2, 1, 1]], [35, [8, 1, 1]], [62, 2], [68, 0], [74, 3], [101, 4]]",[3.1566294201714983e-06]
layer_7,583,"[[31, [13, 1, 1, 1, 1]], [33, [1, 8, 2, 1, 1]], [35, [2, 1, 4]], [62, 2], [68, 1], [74, 3], [101, 3]]",[2.939073804244536e-06]
layer_7,584,"[[31, [13, 1, 1, 1, 1]], [33, [1, 8, 2, 1, 1]], [35, [2, 4, 1]], [62, 2], [68, 1], [74, 3], [101, 3]]",[2.972916567238018e-06]
layer_7,585,"[[31, [13, 1, 1, 1, 1]], [33, [2, 4, 2, 1, 1]], [35, [4, 2, 1]], [62, 1], [68, 1], [74, 3], [101, 1]]",[3.272682548741646e-06]
layer_7,586,"[[31, [13, 1, 1, 1, 1]], [33, [2, 4, 2, 1, 1]], [35, [4, 1, 2]], [62, 2], [68, 2], [74, 2], [101, 2]]",[2.9361652102193508e-06]
layer_7,587,"[[31, [13, 1, 1, 1, 1]], [33, [2, 4, 2, 1, 1]], [35, [2, 1, 4]], [62, 2], [68, 0], [74, 3], [101, 1]]",[2.9876952431627112e-06]
layer_7,588,"[[31, [13, 1, 1, 1, 1]], [33, [1, 8, 2, 1, 1]], [35, [2, 2, 2]], [62, 1], [68, 1], [74, 2], [101, 1]]",[2.9157441038226366e-06]
layer_7,589,"[[31, [13, 1, 1, 1, 1]], [33, [4, 2, 2, 1, 1]], [35, [8, 1, 1]], [62, 1], [68, 2], [74, 1], [101, 4]]",[3.5342909797885697e-06]
layer_7,590,"[[31, [13, 1, 1, 1, 1]], [33, [2, 4, 2, 1, 1]], [35, [2, 4, 1]], [62, 1], [68, 1], [74, 2], [101, 1]]",[3.1791778824400476e-06]
layer_7,591,"[[31, [13, 1, 1, 1, 1]], [33, [2, 4, 2, 1, 1]], [35, [2, 1, 4]], [62, 2], [68, 0], [74, 3], [101, 2]]",[3.388761570565395e-06]
layer_7,592,"[[31, [13, 1, 1, 1, 1]], [33, [2, 4, 2, 1, 1]], [35, [2, 4, 1]], [62, 2], [68, 0], [74, 3], [101, 2]]",[3.414707381370826e-06]
layer_7,593,"[[31, [13, 1, 1, 1, 1]], [33, [2, 4, 2, 1, 1]], [35, [2, 2, 2]], [62, 2], [68, 0], [74, 2], [101, 2]]",[2.9482157879176117e-06]
layer_7,594,"[[31, [13, 1, 1, 1, 1]], [33, [2, 4, 2, 1, 1]], [35, [4, 1, 2]], [62, 1], [68, 2], [74, 3], [101, 2]]",[3.1185323901022524e-06]
layer_7,595,"[[31, [13, 1, 1, 1, 1]], [33, [2, 4, 2, 1, 1]], [35, [2, 2, 2]], [62, 1], [68, 0], [74, 3], [101, 1]]",[3.649918999605701e-06]
layer_7,596,"[[31, [13, 1, 1, 1, 1]], [33, [2, 4, 2, 1, 1]], [35, [2, 1, 4]], [62, 1], [68, 0], [74, 3], [101, 1]]",[3.2348758830367523e-06]
layer_7,597,"[[31, [13, 1, 1, 1, 1]], [33, [2, 4, 2, 1, 1]], [35, [2, 2, 2]], [62, 1], [68, 1], [74, 3], [101, 3]]",[3.2494083036773434e-06]
layer_7,598,"[[31, [13, 1, 1, 1, 1]], [33, [1, 8, 2, 1, 1]], [35, [4, 2, 1]], [62, 2], [68, 2], [74, 2], [101, 3]]",[3.404879811979786e-06]
layer_7,599,"[[31, [13, 1, 1, 1, 1]], [33, [2, 4, 2, 1, 1]], [35, [4, 1, 2]], [62, 1], [68, 1], [74, 2], [101, 2]]",[2.94659728515702e-06]
layer_7,600,"[[31, [13, 1, 1, 1, 1]], [33, [4, 2, 2, 1, 1]], [35, [8, 1, 1]], [62, 0], [68, 2], [74, 2], [101, 4]]",[4.409838654317624e-06]
layer_7,601,"[[31, [13, 1, 1, 1, 1]], [33, [2, 4, 2, 1, 1]], [35, [2, 1, 4]], [62, 2], [68, 1], [74, 2], [101, 3]]",[3.033389957720802e-06]
layer_7,602,"[[31, [13, 1, 1, 1, 1]], [33, [2, 4, 2, 1, 1]], [35, [2, 2, 2]], [62, 2], [68, 1], [74, 2], [101, 3]]",[3.017117492666358e-06]
layer_7,603,"[[31, [13, 1, 1, 1, 1]], [33, [4, 2, 2, 1, 1]], [35, [8, 1, 1]], [62, 0], [68, 2], [74, 1], [101, 4]]",[3.5225939254904772e-06]
layer_7,604,"[[31, [13, 1, 1, 1, 1]], [33, [4, 2, 2, 1, 1]], [35, [4, 2, 1]], [62, 1], [68, 2], [74, 3], [101, 3]]",[3.6046822556880153e-06]
layer_7,605,"[[31, [13, 1, 1, 1, 1]], [33, [2, 4, 2, 1, 1]], [35, [8, 1, 1]], [62, 1], [68, 2], [74, 1], [101, 4]]",[3.3745399514177e-06]
layer_7,606,"[[31, [13, 1, 1, 1, 1]], [33, [2, 4, 2, 1, 1]], [35, [2, 2, 2]], [62, 2], [68, 2], [74, 3], [101, 2]]",[3.4491495331042767e-06]
layer_7,607,"[[31, [13, 1, 1, 1, 1]], [33, [2, 4, 2, 1, 1]], [35, [8, 1, 1]], [62, 2], [68, 1], [74, 0], [101, 4]]",[3.2953436217744145e-06]
layer_7,608,"[[31, [13, 1, 1, 1, 1]], [33, [1, 8, 2, 1, 1]], [35, [2, 2, 2]], [62, 2], [68, 1], [74, 1], [101, 3]]",[3.3771229890417343e-06]
layer_7,609,"[[31, [13, 1, 1, 1, 1]], [33, [1, 8, 2, 1, 1]], [35, [2, 4, 1]], [62, 2], [68, 1], [74, 1], [101, 3]]",[3.2714752857056784e-06]
layer_7,610,"[[31, [13, 1, 1, 1, 1]], [33, [4, 2, 2, 1, 1]], [35, [2, 4, 1]], [62, 2], [68, 2], [74, 3], [101, 1]]",[3.7487233942383137e-06]
layer_7,611,"[[31, [13, 1, 1, 1, 1]], [33, [4, 2, 1, 2, 1]], [35, [2, 2, 2]], [62, 1], [68, 1], [74, 1], [101, 3]]",[3.304716403969644e-06]
layer_7,612,"[[31, [13, 1, 1, 1, 1]], [33, [4, 2, 1, 2, 1]], [35, [2, 4, 1]], [62, 2], [68, 1], [74, 3], [101, 3]]",[2.943006026834232e-06]
layer_7,613,"[[31, [13, 1, 1, 1, 1]], [33, [4, 2, 1, 1, 2]], [35, [2, 4, 1]], [62, 1], [68, 1], [74, 3], [101, 3]]",[3.861677101676123e-06]
layer_7,614,"[[31, [13, 1, 1, 1, 1]], [33, [4, 2, 1, 2, 1]], [35, [2, 2, 2]], [62, 1], [68, 1], [74, 3], [101, 3]]",[3.05580830137694e-06]
layer_7,615,"[[31, [13, 1, 1, 1, 1]], [33, [2, 4, 2, 1, 1]], [35, [4, 1, 2]], [62, 1], [68, 2], [74, 3], [101, 3]]",[3.0158520657087864e-06]
layer_7,616,"[[31, [13, 1, 1, 1, 1]], [33, [1, 8, 2, 1, 1]], [35, [2, 4, 1]], [62, 1], [68, 1], [74, 1], [101, 3]]",[3.4794551972893214e-06]
layer_7,617,"[[31, [13, 1, 1, 1, 1]], [33, [1, 8, 2, 1, 1]], [35, [2, 1, 4]], [62, 1], [68, 1], [74, 1], [101, 1]]",[3.533710435383552e-06]
layer_7,618,"[[31, [13, 1, 1, 1, 1]], [33, [2, 4, 2, 1, 1]], [35, [2, 2, 2]], [62, 2], [68, 2], [74, 2], [101, 2]]",[3.690814857867484e-06]
layer_7,619,"[[31, [13, 1, 1, 1, 1]], [33, [2, 4, 2, 1, 1]], [35, [8, 1, 1]], [62, 2], [68, 2], [74, 0], [101, 4]]",[3.4240906555995067e-06]
layer_7,620,"[[31, [13, 1, 1, 1, 1]], [33, [1, 8, 1, 1, 2]], [35, [2, 4, 1]], [62, 1], [68, 1], [74, 2], [101, 3]]",[3.3444853148323346e-06]
layer_7,621,"[[31, [13, 1, 1, 1, 1]], [33, [2, 4, 2, 1, 1]], [35, [2, 4, 1]], [62, 2], [68, 0], [74, 3], [101, 3]]",[3.2551493954927946e-06]
layer_7,622,"[[31, [13, 1, 1, 1, 1]], [33, [2, 4, 2, 1, 1]], [35, [2, 1, 4]], [62, 2], [68, 2], [74, 2], [101, 1]]",[3.0873577575506826e-06]
layer_7,623,"[[31, [13, 1, 1, 1, 1]], [33, [2, 4, 2, 1, 1]], [35, [2, 2, 2]], [62, 2], [68, 1], [74, 3], [101, 4]]",[3.0523098608663954e-06]
layer_7,624,"[[31, [13, 1, 1, 1, 1]], [33, [4, 2, 1, 2, 1]], [35, [2, 4, 1]], [62, 2], [68, 1], [74, 3], [101, 1]]",[3.164298595292331e-06]
layer_7,625,"[[31, [13, 1, 1, 1, 1]], [33, [1, 8, 2, 1, 1]], [35, [4, 1, 2]], [62, 1], [68, 1], [74, 2], [101, 3]]",[2.9714993206923032e-06]
layer_7,626,"[[31, [13, 1, 1, 1, 1]], [33, [1, 8, 2, 1, 1]], [35, [2, 2, 2]], [62, 2], [68, 2], [74, 2], [101, 3]]",[3.0118360811010803e-06]
layer_7,627,"[[31, [13, 1, 1, 1, 1]], [33, [1, 8, 1, 1, 2]], [35, [2, 2, 2]], [62, 1], [68, 1], [74, 3], [101, 3]]",[3.2356019904442813e-06]
layer_7,628,"[[31, [13, 1, 1, 1, 1]], [33, [4, 2, 1, 2, 1]], [35, [2, 2, 2]], [62, 1], [68, 1], [74, 2], [101, 0]]",[3.013364663937156e-06]
layer_7,629,"[[31, [13, 1, 1, 1, 1]], [33, [2, 4, 1, 2, 1]], [35, [2, 1, 4]], [62, 2], [68, 1], [74, 3], [101, 1]]",[3.138161935145176e-06]
layer_7,630,"[[31, [13, 1, 1, 1, 1]], [33, [4, 2, 2, 1, 1]], [35, [4, 2, 1]], [62, 1], [68, 2], [74, 0], [101, 3]]",[3.5169044220359704e-06]
layer_7,631,"[[31, [13, 1, 1, 1, 1]], [33, [2, 4, 2, 1, 1]], [35, [2, 1, 4]], [62, 1], [68, 2], [74, 3], [101, 2]]",[2.882192733537223e-06]
layer_7,632,"[[31, [13, 1, 1, 1, 1]], [33, [2, 4, 2, 1, 1]], [35, [2, 2, 2]], [62, 1], [68, 2], [74, 3], [101, 2]]",[3.5804360537306695e-06]
layer_7,633,"[[31, [13, 1, 1, 1, 1]], [33, [1, 8, 1, 1, 2]], [35, [2, 4, 1]], [62, 2], [68, 1], [74, 3], [101, 3]]",[3.3843445049605646e-06]
layer_7,634,"[[31, [13, 1, 1, 1, 1]], [33, [4, 2, 2, 1, 1]], [35, [2, 4, 1]], [62, 1], [68, 0], [74, 1], [101, 4]]",[2.960440443553337e-06]
layer_7,635,"[[31, [13, 1, 1, 1, 1]], [33, [2, 4, 2, 1, 1]], [35, [2, 4, 1]], [62, 2], [68, 1], [74, 0], [101, 1]]",[3.701100444236614e-06]
layer_7,636,"[[31, [13, 1, 1, 1, 1]], [33, [2, 4, 2, 1, 1]], [35, [4, 2, 1]], [62, 2], [68, 0], [74, 3], [101, 2]]",[3.4367913423928386e-06]
layer_7,637,"[[31, [1, 13, 1, 1, 1]], [33, [4, 2, 1, 2, 1]], [35, [2, 2, 2]], [62, 1], [68, 0], [74, 1], [101, 4]]",[4.130002818417074e-06]
layer_7,638,"[[31, [1, 13, 1, 1, 1]], [33, [4, 1, 2, 2, 1]], [35, [2, 1, 4]], [62, 2], [68, 0], [74, 0], [101, 1]]",[6.824803629912663e-06]
layer_7,639,"[[31, [1, 1, 1, 13, 1]], [33, [8, 1, 2, 1, 1]], [35, [4, 2, 1]], [62, 1], [68, 2], [74, 1], [101, 2]]",[1.155087455621302e-05]
layer_7,640,"[[31, [13, 1, 1, 1, 1]], [33, [4, 2, 1, 2, 1]], [35, [2, 4, 1]], [62, 1], [68, 1], [74, 2], [101, 0]]",[3.230568567731661e-06]
layer_7,641,"[[31, [13, 1, 1, 1, 1]], [33, [4, 2, 1, 2, 1]], [35, [2, 2, 2]], [62, 2], [68, 1], [74, 2], [101, 0]]",[3.0816407278286323e-06]
layer_7,642,"[[31, [13, 1, 1, 1, 1]], [33, [1, 8, 2, 1, 1]], [35, [2, 4, 1]], [62, 2], [68, 1], [74, 2], [101, 3]]",[3.5160074506939373e-06]
layer_7,643,"[[31, [13, 1, 1, 1, 1]], [33, [2, 4, 2, 1, 1]], [35, [8, 1, 1]], [62, 1], [68, 1], [74, 3], [101, 4]]",[3.2546881352903068e-06]
layer_7,644,"[[31, [13, 1, 1, 1, 1]], [33, [2, 4, 2, 1, 1]], [35, [2, 1, 4]], [62, 2], [68, 1], [74, 3], [101, 4]]",[3.2784313808761558e-06]
layer_7,645,"[[31, [13, 1, 1, 1, 1]], [33, [2, 4, 2, 1, 1]], [35, [2, 4, 1]], [62, 2], [68, 1], [74, 3], [101, 4]]",[3.787740410566779e-06]
layer_7,646,"[[31, [13, 1, 1, 1, 1]], [33, [2, 4, 2, 1, 1]], [35, [4, 2, 1]], [62, 2], [68, 1], [74, 2], [101, 2]]",[2.9303073558648107e-06]
layer_7,647,"[[31, [13, 1, 1, 1, 1]], [33, [2, 4, 2, 1, 1]], [35, [2, 4, 1]], [62, 2], [68, 1], [74, 2], [101, 3]]",[3.0407671782995396e-06]
layer_7,648,"[[31, [13, 1, 1, 1, 1]], [33, [2, 4, 2, 1, 1]], [35, [4, 2, 1]], [62, 1], [68, 1], [74, 2], [101, 2]]",[3.6635965007516286e-06]
layer_7,649,"[[31, [13, 1, 1, 1, 1]], [33, [2, 4, 2, 1, 1]], [35, [2, 1, 4]], [62, 1], [68, 1], [74, 2], [101, 3]]",[3.5382626324230307e-06]
layer_7,650,"[[31, [13, 1, 1, 1, 1]], [33, [2, 4, 2, 1, 1]], [35, [2, 4, 1]], [62, 2], [68, 2], [74, 2], [101, 4]]",[3.822202187660229e-06]
layer_7,651,"[[31, [13, 1, 1, 1, 1]], [33, [2, 4, 2, 1, 1]], [35, [2, 4, 1]], [62, 2], [68, 1], [74, 3], [101, 1]]",[3.3859919308233986e-06]
layer_7,652,"[[31, [13, 1, 1, 1, 1]], [33, [4, 2, 1, 2, 1]], [35, [2, 1, 4]], [62, 2], [68, 1], [74, 3], [101, 0]]",[3.1139557915006282e-06]
layer_7,653,"[[31, [13, 1, 1, 1, 1]], [33, [2, 4, 2, 1, 1]], [35, [2, 4, 1]], [62, 1], [68, 1], [74, 3], [101, 1]]",[3.139633708125652e-06]
layer_7,654,"[[31, [13, 1, 1, 1, 1]], [33, [2, 4, 2, 1, 1]], [35, [2, 1, 4]], [62, 1], [68, 1], [74, 3], [101, 1]]",[3.5522687286183064e-06]
layer_7,655,"[[31, [13, 1, 1, 1, 1]], [33, [2, 4, 2, 1, 1]], [35, [2, 4, 1]], [62, 2], [68, 1], [74, 2], [101, 2]]",[3.0382313825395703e-06]
layer_7,656,"[[31, [13, 1, 1, 1, 1]], [33, [1, 8, 2, 1, 1]], [35, [2, 1, 4]], [62, 2], [68, 1], [74, 2], [101, 1]]",[3.281634139075666e-06]
layer_7,657,"[[31, [13, 1, 1, 1, 1]], [33, [1, 8, 2, 1, 1]], [35, [2, 2, 2]], [62, 1], [68, 2], [74, 2], [101, 3]]",[3.3484052618013837e-06]
layer_7,658,"[[31, [13, 1, 1, 1, 1]], [33, [1, 8, 2, 1, 1]], [35, [2, 4, 1]], [62, 1], [68, 2], [74, 2], [101, 3]]",[3.1536939287506274e-06]
layer_7,659,"[[31, [13, 1, 1, 1, 1]], [33, [2, 4, 2, 1, 1]], [35, [2, 1, 4]], [62, 1], [68, 1], [74, 2], [101, 2]]",[3.45976604572951e-06]
layer_7,660,"[[31, [13, 1, 1, 1, 1]], [33, [1, 8, 2, 1, 1]], [35, [2, 2, 2]], [62, 1], [68, 2], [74, 3], [101, 3]]",[3.4427853731410853e-06]
layer_7,661,"[[31, [13, 1, 1, 1, 1]], [33, [2, 4, 2, 1, 1]], [35, [2, 2, 2]], [62, 1], [68, 1], [74, 3], [101, 4]]",[3.3312727998024425e-06]
layer_7,662,"[[31, [13, 1, 1, 1, 1]], [33, [2, 4, 2, 1, 1]], [35, [2, 2, 2]], [62, 2], [68, 1], [74, 3], [101, 2]]",[3.495853192475211e-06]
layer_7,663,"[[31, [13, 1, 1, 1, 1]], [33, [2, 4, 2, 1, 1]], [35, [4, 1, 2]], [62, 2], [68, 1], [74, 3], [101, 4]]",[3.2687300066093855e-06]
layer_7,664,"[[31, [13, 1, 1, 1, 1]], [33, [4, 2, 1, 2, 1]], [35, [2, 2, 2]], [62, 2], [68, 1], [74, 2], [101, 1]]",[3.360806968868579e-06]
layer_7,665,"[[31, [13, 1, 1, 1, 1]], [33, [4, 2, 1, 2, 1]], [35, [2, 4, 1]], [62, 1], [68, 1], [74, 2], [101, 1]]",[3.464466122961104e-06]
layer_7,666,"[[31, [13, 1, 1, 1, 1]], [33, [4, 2, 1, 2, 1]], [35, [2, 2, 2]], [62, 1], [68, 1], [74, 3], [101, 1]]",[3.240417470626563e-06]
layer_7,667,"[[31, [13, 1, 1, 1, 1]], [33, [4, 2, 1, 2, 1]], [35, [2, 1, 4]], [62, 2], [68, 1], [74, 3], [101, 1]]",[3.3833946274518e-06]
layer_7,668,"[[31, [13, 1, 1, 1, 1]], [33, [4, 2, 1, 2, 1]], [35, [2, 2, 2]], [62, 2], [68, 1], [74, 3], [101, 1]]",[3.1624781855955677e-06]
layer_7,669,"[[31, [13, 1, 1, 1, 1]], [33, [2, 4, 2, 1, 1]], [35, [2, 1, 4]], [62, 2], [68, 0], [74, 3], [101, 4]]",[2.9086735136035992e-06]
layer_7,670,"[[31, [13, 1, 1, 1, 1]], [33, [2, 4, 2, 1, 1]], [35, [2, 2, 2]], [62, 2], [68, 0], [74, 3], [101, 4]]",[3.1769691296675657e-06]
layer_7,671,"[[31, [13, 1, 1, 1, 1]], [33, [2, 4, 2, 1, 1]], [35, [2, 4, 1]], [62, 2], [68, 0], [74, 3], [101, 1]]",[3.638062374371859e-06]
layer_7,672,"[[31, [13, 1, 1, 1, 1]], [33, [4, 2, 2, 1, 1]], [35, [2, 1, 4]], [62, 1], [68, 0], [74, 1], [101, 4]]",[3.2277868317413347e-06]
layer_7,673,"[[31, [13, 1, 1, 1, 1]], [33, [2, 4, 2, 1, 1]], [35, [2, 4, 1]], [62, 1], [68, 0], [74, 2], [101, 2]]",[3.195849641958955e-06]
layer_7,674,"[[31, [13, 1, 1, 1, 1]], [33, [1, 8, 2, 1, 1]], [35, [2, 2, 2]], [62, 1], [68, 2], [74, 2], [101, 1]]",[3.250632458187476e-06]
layer_7,675,"[[31, [13, 1, 1, 1, 1]], [33, [1, 8, 2, 1, 1]], [35, [4, 2, 1]], [62, 2], [68, 1], [74, 3], [101, 3]]",[2.978427468551474e-06]
layer_7,676,"[[31, [13, 1, 1, 1, 1]], [33, [4, 2, 2, 1, 1]], [35, [8, 1, 1]], [62, 2], [68, 0], [74, 3], [101, 4]]",[3.194358706937235e-06]
layer_7,677,"[[31, [13, 1, 1, 1, 1]], [33, [2, 4, 1, 2, 1]], [35, [2, 2, 2]], [62, 1], [68, 1], [74, 2], [101, 1]]",[3.2839937580319444e-06]
layer_7,678,"[[31, [13, 1, 1, 1, 1]], [33, [2, 4, 1, 2, 1]], [35, [2, 2, 2]], [62, 2], [68, 1], [74, 2], [101, 1]]",[3.33357052215519e-06]
layer_7,679,"[[31, [13, 1, 1, 1, 1]], [33, [4, 2, 1, 1, 2]], [35, [2, 4, 1]], [62, 2], [68, 1], [74, 3], [101, 3]]",[2.9351833298154275e-06]
layer_7,680,"[[31, [13, 1, 1, 1, 1]], [33, [2, 4, 2, 1, 1]], [35, [2, 4, 1]], [62, 1], [68, 2], [74, 3], [101, 3]]",[2.944746220446857e-06]
layer_7,681,"[[31, [13, 1, 1, 1, 1]], [33, [4, 2, 2, 1, 1]], [35, [2, 4, 1]], [62, 2], [68, 1], [74, 1], [101, 3]]",[3.039506334109476e-06]
layer_7,682,"[[31, [13, 1, 1, 1, 1]], [33, [4, 2, 1, 2, 1]], [35, [2, 4, 1]], [62, 1], [68, 1], [74, 3], [101, 3]]",[3.049797284502348e-06]
layer_7,683,"[[31, [13, 1, 1, 1, 1]], [33, [4, 2, 1, 2, 1]], [35, [2, 1, 4]], [62, 2], [68, 1], [74, 3], [101, 2]]",[3.183582204672859e-06]
layer_7,684,"[[31, [13, 1, 1, 1, 1]], [33, [1, 8, 2, 1, 1]], [35, [2, 1, 4]], [62, 1], [68, 1], [74, 2], [101, 2]]",[3.0491230350150386e-06]
layer_7,685,"[[31, [13, 1, 1, 1, 1]], [33, [4, 2, 2, 1, 1]], [35, [2, 4, 1]], [62, 2], [68, 1], [74, 2], [101, 1]]",[2.9596531761547662e-06]
layer_7,686,"[[31, [13, 1, 1, 1, 1]], [33, [1, 8, 2, 1, 1]], [35, [8, 1, 1]], [62, 2], [68, 1], [74, 3], [101, 1]]",[2.952534600534601e-06]
layer_7,687,"[[31, [13, 1, 1, 1, 1]], [33, [4, 2, 2, 1, 1]], [35, [2, 2, 2]], [62, 2], [68, 1], [74, 1], [101, 4]]",[2.9169744469870327e-06]
layer_7,688,"[[31, [13, 1, 1, 1, 1]], [33, [2, 4, 2, 1, 1]], [35, [2, 2, 2]], [62, 2], [68, 0], [74, 2], [101, 3]]",[3.5603494571938983e-06]
layer_7,689,"[[31, [13, 1, 1, 1, 1]], [33, [4, 2, 1, 2, 1]], [35, [2, 4, 1]], [62, 2], [68, 1], [74, 1], [101, 3]]",[2.9353160381926285e-06]
layer_7,690,"[[31, [13, 1, 1, 1, 1]], [33, [4, 2, 1, 2, 1]], [35, [2, 2, 2]], [62, 2], [68, 1], [74, 1], [101, 3]]",[2.9125359523309337e-06]
layer_7,691,"[[31, [13, 1, 1, 1, 1]], [33, [2, 4, 1, 1, 2]], [35, [2, 2, 2]], [62, 2], [68, 0], [74, 2], [101, 1]]",[3.287038818113693e-06]
layer_7,692,"[[31, [13, 1, 1, 1, 1]], [33, [2, 4, 1, 1, 2]], [35, [2, 4, 1]], [62, 2], [68, 0], [74, 2], [101, 1]]",[3.286145630749014e-06]
layer_7,693,"[[31, [13, 1, 1, 1, 1]], [33, [2, 4, 1, 1, 2]], [35, [2, 4, 1]], [62, 1], [68, 0], [74, 2], [101, 1]]",[3.8447078614477774e-06]
layer_7,694,"[[31, [13, 1, 1, 1, 1]], [33, [2, 4, 1, 1, 2]], [35, [2, 1, 4]], [62, 1], [68, 0], [74, 2], [101, 1]]",[3.5225965485684406e-06]
layer_7,695,"[[31, [13, 1, 1, 1, 1]], [33, [2, 4, 2, 1, 1]], [35, [4, 1, 2]], [62, 2], [68, 1], [74, 3], [101, 1]]",[3.051077264825188e-06]
layer_7,696,"[[31, [13, 1, 1, 1, 1]], [33, [2, 4, 2, 1, 1]], [35, [2, 1, 4]], [62, 1], [68, 2], [74, 2], [101, 1]]",[3.236936125492279e-06]
layer_7,697,"[[31, [13, 1, 1, 1, 1]], [33, [2, 4, 2, 1, 1]], [35, [4, 1, 2]], [62, 1], [68, 2], [74, 1], [101, 3]]",[3.2777462295475457e-06]
layer_7,698,"[[31, [13, 1, 1, 1, 1]], [33, [2, 4, 2, 1, 1]], [35, [2, 4, 1]], [62, 2], [68, 2], [74, 2], [101, 2]]",[3.551575052991305e-06]
layer_7,699,"[[31, [13, 1, 1, 1, 1]], [33, [1, 8, 2, 1, 1]], [35, [4, 2, 1]], [62, 1], [68, 1], [74, 3], [101, 3]]",[3.4229163867587723e-06]
layer_7,700,"[[31, [13, 1, 1, 1, 1]], [33, [2, 4, 2, 1, 1]], [35, [2, 2, 2]], [62, 2], [68, 2], [74, 3], [101, 1]]",[3.4872577542164558e-06]
layer_7,701,"[[31, [1, 13, 1, 1, 1]], [33, [4, 1, 1, 4, 1]], [35, [4, 2, 1]], [62, 0], [68, 0], [74, 2], [101, 1]]",[6.371121298046628e-06]
layer_7,702,"[[31, [1, 13, 1, 1, 1]], [33, [1, 8, 2, 1, 1]], [35, [1, 8, 1]], [62, 0], [68, 1], [74, 1], [101, 0]]",[4.1940886726494835e-06]
layer_7,703,"[[31, [1, 1, 1, 13, 1]], [33, [2, 1, 8, 1, 1]], [35, [2, 1, 4]], [62, 1], [68, 1], [74, 1], [101, 2]]",[1.9729042910118313e-05]
layer_7,704,"[[31, [13, 1, 1, 1, 1]], [33, [4, 2, 2, 1, 1]], [35, [8, 1, 1]], [62, 2], [68, 2], [74, 3], [101, 4]]",[3.3059671686503118e-06]
layer_7,705,"[[31, [13, 1, 1, 1, 1]], [33, [1, 8, 2, 1, 1]], [35, [8, 1, 1]], [62, 1], [68, 1], [74, 3], [101, 1]]",[3.0245801135038482e-06]
layer_7,706,"[[31, [13, 1, 1, 1, 1]], [33, [1, 8, 2, 1, 1]], [35, [8, 1, 1]], [62, 1], [68, 1], [74, 3], [101, 0]]",[3.1619533120165925e-06]
layer_7,707,"[[31, [13, 1, 1, 1, 1]], [33, [4, 2, 1, 1, 2]], [35, [2, 4, 1]], [62, 2], [68, 1], [74, 1], [101, 3]]",[3.5297730108080286e-06]
layer_7,708,"[[31, [13, 1, 1, 1, 1]], [33, [1, 8, 2, 1, 1]], [35, [2, 1, 4]], [62, 2], [68, 1], [74, 2], [101, 3]]",[3.1556548610273123e-06]
layer_7,709,"[[31, [13, 1, 1, 1, 1]], [33, [2, 4, 2, 1, 1]], [35, [2, 1, 4]], [62, 2], [68, 0], [74, 1], [101, 4]]",[2.966226465389853e-06]
layer_7,710,"[[31, [13, 1, 1, 1, 1]], [33, [2, 4, 2, 1, 1]], [35, [2, 4, 1]], [62, 2], [68, 0], [74, 1], [101, 4]]",[3.168208194742884e-06]
layer_7,711,"[[31, [13, 1, 1, 1, 1]], [33, [2, 4, 2, 1, 1]], [35, [2, 4, 1]], [62, 2], [68, 2], [74, 1], [101, 3]]",[3.7510821986283565e-06]
layer_7,712,"[[31, [13, 1, 1, 1, 1]], [33, [4, 2, 1, 2, 1]], [35, [2, 4, 1]], [62, 1], [68, 1], [74, 1], [101, 3]]",[3.276609136187362e-06]
layer_7,713,"[[31, [13, 1, 1, 1, 1]], [33, [1, 8, 2, 1, 1]], [35, [4, 1, 2]], [62, 2], [68, 1], [74, 2], [101, 3]]",[3.259067296559709e-06]
layer_7,714,"[[31, [13, 1, 1, 1, 1]], [33, [2, 4, 2, 1, 1]], [35, [4, 1, 2]], [62, 1], [68, 1], [74, 3], [101, 2]]",[3.4316211751018033e-06]
layer_7,715,"[[31, [13, 1, 1, 1, 1]], [33, [2, 4, 2, 1, 1]], [35, [8, 1, 1]], [62, 2], [68, 1], [74, 1], [101, 4]]",[3.534615155143373e-06]
layer_7,716,"[[31, [13, 1, 1, 1, 1]], [33, [4, 2, 1, 1, 2]], [35, [2, 1, 4]], [62, 1], [68, 1], [74, 3], [101, 3]]",[3.083406789400402e-06]
layer_7,717,"[[31, [13, 1, 1, 1, 1]], [33, [4, 2, 1, 2, 1]], [35, [2, 1, 4]], [62, 1], [68, 1], [74, 3], [101, 3]]",[3.2682679124530785e-06]
layer_7,718,"[[31, [13, 1, 1, 1, 1]], [33, [2, 4, 2, 1, 1]], [35, [4, 1, 2]], [62, 1], [68, 1], [74, 1], [101, 2]]",[2.9447074182878984e-06]
layer_7,719,"[[31, [13, 1, 1, 1, 1]], [33, [4, 2, 1, 2, 1]], [35, [2, 4, 1]], [62, 2], [68, 1], [74, 2], [101, 3]]",[3.0516906451914974e-06]
layer_7,720,"[[31, [13, 1, 1, 1, 1]], [33, [4, 2, 1, 2, 1]], [35, [2, 2, 2]], [62, 2], [68, 1], [74, 2], [101, 3]]",[3.1775238405257937e-06]
layer_7,721,"[[31, [13, 1, 1, 1, 1]], [33, [2, 4, 2, 1, 1]], [35, [2, 4, 1]], [62, 1], [68, 1], [74, 3], [101, 3]]",[3.05861831881328e-06]
layer_7,722,"[[31, [13, 1, 1, 1, 1]], [33, [4, 2, 2, 1, 1]], [35, [8, 1, 1]], [62, 2], [68, 2], [74, 1], [101, 3]]",[3.1454194162279727e-06]
layer_7,723,"[[31, [13, 1, 1, 1, 1]], [33, [1, 8, 2, 1, 1]], [35, [2, 1, 4]], [62, 2], [68, 2], [74, 3], [101, 3]]",[2.9172892837430476e-06]
layer_7,724,"[[31, [13, 1, 1, 1, 1]], [33, [1, 8, 2, 1, 1]], [35, [2, 2, 2]], [62, 2], [68, 2], [74, 3], [101, 3]]",[3.442794712221201e-06]
layer_7,725,"[[31, [13, 1, 1, 1, 1]], [33, [2, 4, 2, 1, 1]], [35, [4, 2, 1]], [62, 2], [68, 1], [74, 2], [101, 3]]",[3.1456124277395e-06]
layer_7,726,"[[31, [13, 1, 1, 1, 1]], [33, [4, 2, 1, 2, 1]], [35, [2, 1, 4]], [62, 2], [68, 1], [74, 1], [101, 4]]",[3.2618433352501432e-06]
layer_7,727,"[[31, [13, 1, 1, 1, 1]], [33, [1, 8, 2, 1, 1]], [35, [2, 4, 1]], [62, 2], [68, 1], [74, 2], [101, 2]]",[2.9404365394100816e-06]
layer_7,728,"[[31, [13, 1, 1, 1, 1]], [33, [2, 4, 2, 1, 1]], [35, [2, 2, 2]], [62, 2], [68, 1], [74, 2], [101, 2]]",[2.9042068086026154e-06]
layer_7,729,"[[31, [13, 1, 1, 1, 1]], [33, [4, 2, 2, 1, 1]], [35, [8, 1, 1]], [62, 2], [68, 2], [74, 2], [101, 3]]",[3.3524510824938417e-06]
layer_7,730,"[[31, [13, 1, 1, 1, 1]], [33, [1, 8, 2, 1, 1]], [35, [8, 1, 1]], [62, 1], [68, 0], [74, 3], [101, 3]]",[3.3018608415584414e-06]
layer_7,731,"[[31, [13, 1, 1, 1, 1]], [33, [2, 4, 2, 1, 1]], [35, [4, 2, 1]], [62, 1], [68, 2], [74, 3], [101, 3]]",[3.259643051654266e-06]
layer_7,732,"[[31, [13, 1, 1, 1, 1]], [33, [2, 4, 2, 1, 1]], [35, [2, 4, 1]], [62, 2], [68, 0], [74, 2], [101, 2]]",[3.2193476396561697e-06]
layer_7,733,"[[31, [13, 1, 1, 1, 1]], [33, [4, 2, 2, 1, 1]], [35, [2, 1, 4]], [62, 1], [68, 1], [74, 1], [101, 3]]",[3.062045041322314e-06]
layer_7,734,"[[31, [13, 1, 1, 1, 1]], [33, [2, 4, 2, 1, 1]], [35, [2, 2, 2]], [62, 1], [68, 1], [74, 3], [101, 2]]",[3.213993285691849e-06]
layer_7,735,"[[31, [13, 1, 1, 1, 1]], [33, [2, 4, 2, 1, 1]], [35, [2, 4, 1]], [62, 2], [68, 1], [74, 1], [101, 3]]",[3.5979543714980447e-06]
layer_7,736,"[[31, [13, 1, 1, 1, 1]], [33, [2, 4, 2, 1, 1]], [35, [2, 2, 2]], [62, 2], [68, 1], [74, 1], [101, 3]]",[3.0388866908295705e-06]
layer_7,737,"[[31, [13, 1, 1, 1, 1]], [33, [4, 2, 2, 1, 1]], [35, [8, 1, 1]], [62, 2], [68, 2], [74, 2], [101, 4]]",[3.8089801228317702e-06]
layer_7,738,"[[31, [13, 1, 1, 1, 1]], [33, [2, 4, 2, 1, 1]], [35, [2, 1, 4]], [62, 1], [68, 0], [74, 2], [101, 2]]",[3.231382303364117e-06]
layer_7,739,"[[31, [13, 1, 1, 1, 1]], [33, [4, 2, 1, 2, 1]], [35, [2, 2, 2]], [62, 1], [68, 1], [74, 2], [101, 3]]",[3.1308279017129265e-06]
layer_7,740,"[[31, [13, 1, 1, 1, 1]], [33, [4, 2, 2, 1, 1]], [35, [2, 4, 1]], [62, 1], [68, 1], [74, 1], [101, 4]]",[3.3111468368525243e-06]
layer_7,741,"[[31, [13, 1, 1, 1, 1]], [33, [1, 8, 2, 1, 1]], [35, [2, 1, 4]], [62, 1], [68, 2], [74, 3], [101, 3]]",[3.5106429229352167e-06]
layer_7,742,"[[31, [13, 1, 1, 1, 1]], [33, [4, 2, 2, 1, 1]], [35, [4, 2, 1]], [62, 2], [68, 2], [74, 2], [101, 3]]",[3.295245267397628e-06]
layer_7,743,"[[31, [13, 1, 1, 1, 1]], [33, [1, 8, 2, 1, 1]], [35, [2, 1, 4]], [62, 1], [68, 1], [74, 2], [101, 0]]",[3.412733083745823e-06]
layer_7,744,"[[31, [13, 1, 1, 1, 1]], [33, [1, 8, 2, 1, 1]], [35, [4, 1, 2]], [62, 1], [68, 1], [74, 2], [101, 0]]",[3.660511034224799e-06]
layer_7,745,"[[31, [13, 1, 1, 1, 1]], [33, [1, 8, 2, 1, 1]], [35, [2, 1, 4]], [62, 1], [68, 2], [74, 2], [101, 3]]",[3.0296063877043356e-06]
layer_7,746,"[[31, [13, 1, 1, 1, 1]], [33, [1, 8, 2, 1, 1]], [35, [4, 1, 2]], [62, 1], [68, 1], [74, 3], [101, 3]]",[3.7387845102810833e-06]
layer_7,747,"[[31, [13, 1, 1, 1, 1]], [33, [2, 4, 2, 1, 1]], [35, [8, 1, 1]], [62, 2], [68, 2], [74, 1], [101, 4]]",[3.1967449812062185e-06]
layer_7,748,"[[31, [13, 1, 1, 1, 1]], [33, [1, 8, 2, 1, 1]], [35, [2, 2, 2]], [62, 2], [68, 2], [74, 3], [101, 1]]",[3.3736501218266133e-06]
layer_7,749,"[[31, [13, 1, 1, 1, 1]], [33, [1, 8, 2, 1, 1]], [35, [2, 2, 2]], [62, 2], [68, 1], [74, 3], [101, 0]]",[3.5445486556393592e-06]
layer_7,750,"[[31, [13, 1, 1, 1, 1]], [33, [2, 4, 2, 1, 1]], [35, [2, 1, 4]], [62, 2], [68, 1], [74, 1], [101, 4]]",[3.4269608564057773e-06]
layer_7,751,"[[31, [13, 1, 1, 1, 1]], [33, [4, 2, 2, 1, 1]], [35, [4, 2, 1]], [62, 1], [68, 2], [74, 2], [101, 3]]",[2.9124685475321006e-06]
layer_7,752,"[[31, [13, 1, 1, 1, 1]], [33, [4, 2, 2, 1, 1]], [35, [2, 4, 1]], [62, 1], [68, 2], [74, 3], [101, 1]]",[3.539718893469045e-06]
layer_7,753,"[[31, [13, 1, 1, 1, 1]], [33, [4, 2, 1, 1, 2]], [35, [2, 2, 2]], [62, 2], [68, 1], [74, 2], [101, 2]]",[3.6006712450443035e-06]
layer_7,754,"[[31, [13, 1, 1, 1, 1]], [33, [2, 4, 2, 1, 1]], [35, [4, 1, 2]], [62, 2], [68, 2], [74, 3], [101, 4]]",[2.931433194338404e-06]
layer_7,755,"[[31, [13, 1, 1, 1, 1]], [33, [4, 2, 1, 2, 1]], [35, [8, 1, 1]], [62, 2], [68, 0], [74, 3], [101, 3]]",[3.360051707177112e-06]
layer_7,756,"[[31, [13, 1, 1, 1, 1]], [33, [2, 4, 2, 1, 1]], [35, [2, 1, 4]], [62, 1], [68, 0], [74, 1], [101, 2]]",[3.405985008729856e-06]
layer_7,757,"[[31, [13, 1, 1, 1, 1]], [33, [2, 4, 1, 1, 2]], [35, [2, 2, 2]], [62, 1], [68, 1], [74, 3], [101, 1]]",[3.251406455822679e-06]
layer_7,758,"[[31, [13, 1, 1, 1, 1]], [33, [2, 4, 1, 2, 1]], [35, [2, 4, 1]], [62, 2], [68, 2], [74, 2], [101, 3]]",[3.059579847107687e-06]
layer_7,759,"[[31, [13, 1, 1, 1, 1]], [33, [4, 2, 2, 1, 1]], [35, [2, 2, 2]], [62, 2], [68, 2], [74, 3], [101, 3]]",[3.0099021615130587e-06]
layer_7,760,"[[31, [13, 1, 1, 1, 1]], [33, [4, 2, 2, 1, 1]], [35, [2, 4, 1]], [62, 2], [68, 2], [74, 3], [101, 3]]",[3.2245946108504754e-06]
layer_7,761,"[[31, [13, 1, 1, 1, 1]], [33, [4, 2, 2, 1, 1]], [35, [8, 1, 1]], [62, 1], [68, 0], [74, 3], [101, 4]]",[3.1644149433505664e-06]
layer_7,762,"[[31, [13, 1, 1, 1, 1]], [33, [2, 4, 1, 2, 1]], [35, [2, 2, 2]], [62, 1], [68, 2], [74, 3], [101, 3]]",[3.0804553484459398e-06]
layer_7,763,"[[31, [13, 1, 1, 1, 1]], [33, [2, 4, 2, 1, 1]], [35, [4, 1, 2]], [62, 1], [68, 1], [74, 1], [101, 3]]",[3.560047328949856e-06]
layer_7,764,"[[31, [13, 1, 1, 1, 1]], [33, [4, 2, 2, 1, 1]], [35, [2, 2, 2]], [62, 2], [68, 2], [74, 3], [101, 1]]",[3.185275490257898e-06]
layer_7,765,"[[31, [1, 1, 13, 1, 1]], [33, [2, 8, 1, 1, 1]], [35, [2, 2, 2]], [62, 1], [68, 2], [74, 0], [101, 0]]",[8.792660080786793e-06]
layer_7,766,"[[31, [13, 1, 1, 1, 1]], [33, [2, 2, 1, 2, 2]], [35, [2, 2, 2]], [62, 0], [68, 2], [74, 1], [101, 1]]",[8.671905149720303e-06]
layer_7,767,"[[31, [1, 1, 1, 13, 1]], [33, [4, 2, 2, 1, 1]], [35, [4, 2, 1]], [62, 2], [68, 1], [74, 2], [101, 3]]",[8.63794767193507e-06]
layer_7,768,"[[31, [13, 1, 1, 1, 1]], [33, [2, 4, 2, 1, 1]], [35, [2, 4, 1]], [62, 2], [68, 0], [74, 3], [101, 4]]",[3.0461302037470017e-06]
layer_7,769,"[[31, [13, 1, 1, 1, 1]], [33, [1, 8, 2, 1, 1]], [35, [8, 1, 1]], [62, 2], [68, 1], [74, 1], [101, 1]]",[4.417433435314685e-06]
layer_7,770,"[[31, [13, 1, 1, 1, 1]], [33, [2, 4, 2, 1, 1]], [35, [4, 1, 2]], [62, 2], [68, 2], [74, 1], [101, 2]]",[3.3399826772985892e-06]
layer_7,771,"[[31, [13, 1, 1, 1, 1]], [33, [2, 4, 2, 1, 1]], [35, [2, 1, 4]], [62, 1], [68, 0], [74, 3], [101, 4]]",[2.9164623020774842e-06]
layer_7,772,"[[31, [13, 1, 1, 1, 1]], [33, [4, 2, 1, 2, 1]], [35, [2, 2, 2]], [62, 2], [68, 1], [74, 3], [101, 3]]",[3.097030091478094e-06]
layer_7,773,"[[31, [13, 1, 1, 1, 1]], [33, [2, 4, 2, 1, 1]], [35, [4, 2, 1]], [62, 1], [68, 2], [74, 2], [101, 2]]",[3.569708755963597e-06]
layer_7,774,"[[31, [13, 1, 1, 1, 1]], [33, [2, 4, 2, 1, 1]], [35, [4, 2, 1]], [62, 2], [68, 0], [74, 3], [101, 4]]",[3.0450110809682807e-06]
layer_7,775,"[[31, [13, 1, 1, 1, 1]], [33, [1, 8, 2, 1, 1]], [35, [2, 1, 4]], [62, 2], [68, 1], [74, 2], [101, 2]]",[2.927448264117527e-06]
layer_7,776,"[[31, [13, 1, 1, 1, 1]], [33, [2, 4, 2, 1, 1]], [35, [4, 2, 1]], [62, 1], [68, 1], [74, 1], [101, 2]]",[3.2277687257339792e-06]
layer_7,777,"[[31, [13, 1, 1, 1, 1]], [33, [4, 2, 2, 1, 1]], [35, [8, 1, 1]], [62, 1], [68, 2], [74, 3], [101, 3]]",[3.273825436925371e-06]
layer_7,778,"[[31, [13, 1, 1, 1, 1]], [33, [1, 8, 2, 1, 1]], [35, [2, 1, 4]], [62, 2], [68, 1], [74, 3], [101, 2]]",[3.113791594715939e-06]
layer_7,779,"[[31, [13, 1, 1, 1, 1]], [33, [2, 4, 2, 1, 1]], [35, [2, 2, 2]], [62, 1], [68, 1], [74, 2], [101, 2]]",[3.520029018743109e-06]
layer_7,780,"[[31, [13, 1, 1, 1, 1]], [33, [2, 4, 2, 1, 1]], [35, [4, 2, 1]], [62, 1], [68, 1], [74, 3], [101, 2]]",[3.1138358222484084e-06]
layer_7,781,"[[31, [13, 1, 1, 1, 1]], [33, [2, 4, 2, 1, 1]], [35, [2, 1, 4]], [62, 2], [68, 0], [74, 2], [101, 4]]",[3.208357246013735e-06]
layer_7,782,"[[31, [13, 1, 1, 1, 1]], [33, [2, 4, 2, 1, 1]], [35, [8, 1, 1]], [62, 1], [68, 2], [74, 3], [101, 4]]",[3.544125076074366e-06]
layer_7,783,"[[31, [13, 1, 1, 1, 1]], [33, [1, 8, 2, 1, 1]], [35, [2, 4, 1]], [62, 2], [68, 2], [74, 3], [101, 3]]",[3.016014243686464e-06]
layer_7,784,"[[31, [13, 1, 1, 1, 1]], [33, [2, 4, 1, 1, 2]], [35, [2, 2, 2]], [62, 2], [68, 1], [74, 2], [101, 3]]",[3.881251229705241e-06]
layer_7,785,"[[31, [13, 1, 1, 1, 1]], [33, [1, 8, 1, 2, 1]], [35, [2, 1, 4]], [62, 1], [68, 2], [74, 2], [101, 3]]",[3.149300893193555e-06]
layer_7,786,"[[31, [13, 1, 1, 1, 1]], [33, [1, 8, 1, 2, 1]], [35, [2, 2, 2]], [62, 1], [68, 2], [74, 2], [101, 3]]",[2.9456380865326026e-06]
layer_7,787,"[[31, [13, 1, 1, 1, 1]], [33, [4, 2, 2, 1, 1]], [35, [2, 4, 1]], [62, 1], [68, 1], [74, 2], [101, 2]]",[3.552353954257371e-06]
layer_7,788,"[[31, [13, 1, 1, 1, 1]], [33, [1, 8, 1, 2, 1]], [35, [2, 1, 4]], [62, 1], [68, 2], [74, 3], [101, 3]]",[3.162980553764307e-06]
layer_7,789,"[[31, [13, 1, 1, 1, 1]], [33, [1, 8, 2, 1, 1]], [35, [8, 1, 1]], [62, 0], [68, 1], [74, 3], [101, 1]]",[3.372213381442009e-06]
layer_7,790,"[[31, [13, 1, 1, 1, 1]], [33, [1, 8, 2, 1, 1]], [35, [8, 1, 1]], [62, 1], [68, 1], [74, 1], [101, 1]]",[3.121957971271502e-06]
layer_7,791,"[[31, [13, 1, 1, 1, 1]], [33, [1, 8, 2, 1, 1]], [35, [2, 2, 2]], [62, 2], [68, 2], [74, 2], [101, 2]]",[3.0700081422815062e-06]
layer_7,792,"[[31, [13, 1, 1, 1, 1]], [33, [1, 8, 2, 1, 1]], [35, [2, 1, 4]], [62, 1], [68, 2], [74, 2], [101, 1]]",[3.0626967679615706e-06]
layer_7,793,"[[31, [13, 1, 1, 1, 1]], [33, [2, 4, 2, 1, 1]], [35, [4, 1, 2]], [62, 2], [68, 2], [74, 2], [101, 4]]",[3.167311910461809e-06]
layer_7,794,"[[31, [13, 1, 1, 1, 1]], [33, [2, 4, 2, 1, 1]], [35, [2, 2, 2]], [62, 2], [68, 1], [74, 1], [101, 2]]",[3.7189892306077466e-06]
layer_7,795,"[[31, [13, 1, 1, 1, 1]], [33, [4, 2, 2, 1, 1]], [35, [2, 4, 1]], [62, 1], [68, 2], [74, 3], [101, 3]]",[2.949712160685772e-06]
layer_7,796,"[[31, [13, 1, 1, 1, 1]], [33, [2, 4, 2, 1, 1]], [35, [4, 1, 2]], [62, 1], [68, 0], [74, 3], [101, 3]]",[3.2140081834693916e-06]
layer_7,797,"[[31, [13, 1, 1, 1, 1]], [33, [1, 8, 2, 1, 1]], [35, [2, 4, 1]], [62, 1], [68, 2], [74, 3], [101, 3]]",[3.519329035442788e-06]
layer_7,798,"[[31, [13, 1, 1, 1, 1]], [33, [2, 4, 2, 1, 1]], [35, [4, 2, 1]], [62, 1], [68, 1], [74, 3], [101, 3]]",[3.0290233886206167e-06]
layer_7,799,"[[31, [13, 1, 1, 1, 1]], [33, [2, 4, 2, 1, 1]], [35, [4, 1, 2]], [62, 1], [68, 1], [74, 3], [101, 3]]",[3.1627535982182254e-06]
layer_7,800,"[[31, [13, 1, 1, 1, 1]], [33, [1, 8, 1, 2, 1]], [35, [2, 4, 1]], [62, 2], [68, 1], [74, 2], [101, 2]]",[3.408631191899795e-06]
layer_7,801,"[[31, [13, 1, 1, 1, 1]], [33, [1, 8, 1, 2, 1]], [35, [2, 2, 2]], [62, 2], [68, 1], [74, 2], [101, 2]]",[3.3466800741107784e-06]
layer_7,802,"[[31, [13, 1, 1, 1, 1]], [33, [1, 8, 2, 1, 1]], [35, [2, 1, 4]], [62, 2], [68, 2], [74, 3], [101, 2]]",[2.9853068317552806e-06]
layer_7,803,"[[31, [13, 1, 1, 1, 1]], [33, [2, 4, 2, 1, 1]], [35, [8, 1, 1]], [62, 1], [68, 1], [74, 3], [101, 3]]",[3.3199566425918757e-06]
layer_7,804,"[[31, [13, 1, 1, 1, 1]], [33, [4, 2, 1, 1, 2]], [35, [2, 4, 1]], [62, 2], [68, 1], [74, 3], [101, 2]]",[3.192505091739092e-06]
layer_7,805,"[[31, [13, 1, 1, 1, 1]], [33, [4, 2, 2, 1, 1]], [35, [2, 1, 4]], [62, 1], [68, 1], [74, 1], [101, 4]]",[3.2771550768380974e-06]
layer_7,806,"[[31, [13, 1, 1, 1, 1]], [33, [2, 4, 2, 1, 1]], [35, [2, 1, 4]], [62, 1], [68, 2], [74, 3], [101, 3]]",[3.2800030015797785e-06]
layer_7,807,"[[31, [13, 1, 1, 1, 1]], [33, [2, 4, 2, 1, 1]], [35, [2, 2, 2]], [62, 1], [68, 2], [74, 3], [101, 3]]",[3.822140650325824e-06]
layer_7,808,"[[31, [13, 1, 1, 1, 1]], [33, [2, 4, 2, 1, 1]], [35, [2, 2, 2]], [62, 2], [68, 0], [74, 0], [101, 4]]",[3.746155299685657e-06]
layer_7,809,"[[31, [13, 1, 1, 1, 1]], [33, [2, 4, 2, 1, 1]], [35, [2, 1, 4]], [62, 2], [68, 0], [74, 0], [101, 4]]",[3.4358561196331463e-06]
layer_7,810,"[[31, [13, 1, 1, 1, 1]], [33, [2, 4, 2, 1, 1]], [35, [2, 4, 1]], [62, 2], [68, 0], [74, 0], [101, 4]]",[3.213015425874722e-06]
layer_7,811,"[[31, [13, 1, 1, 1, 1]], [33, [4, 2, 1, 1, 2]], [35, [2, 4, 1]], [62, 1], [68, 1], [74, 3], [101, 2]]",[3.259762095558141e-06]
layer_7,812,"[[31, [13, 1, 1, 1, 1]], [33, [2, 4, 1, 1, 2]], [35, [2, 2, 2]], [62, 2], [68, 1], [74, 2], [101, 1]]",[3.4378528161306613e-06]
layer_7,813,"[[31, [13, 1, 1, 1, 1]], [33, [2, 4, 2, 1, 1]], [35, [2, 1, 4]], [62, 2], [68, 2], [74, 2], [101, 2]]",[3.219662464234621e-06]
layer_7,814,"[[31, [13, 1, 1, 1, 1]], [33, [4, 2, 1, 1, 2]], [35, [2, 4, 1]], [62, 1], [68, 0], [74, 1], [101, 4]]",[3.163286539207084e-06]
layer_7,815,"[[31, [13, 1, 1, 1, 1]], [33, [4, 1, 4, 1, 1]], [35, [1, 8, 1]], [62, 2], [68, 1], [74, 0], [101, 3]]",[3.4580930999492644e-06]
layer_7,816,"[[31, [13, 1, 1, 1, 1]], [33, [2, 4, 2, 1, 1]], [35, [2, 1, 4]], [62, 2], [68, 2], [74, 2], [101, 3]]",[3.743355845544978e-06]
layer_7,817,"[[31, [13, 1, 1, 1, 1]], [33, [1, 8, 2, 1, 1]], [35, [4, 1, 2]], [62, 2], [68, 2], [74, 2], [101, 3]]",[3.7304414899605933e-06]
layer_7,818,"[[31, [13, 1, 1, 1, 1]], [33, [4, 1, 4, 1, 1]], [35, [1, 8, 1]], [62, 2], [68, 2], [74, 2], [101, 3]]",[3.2512972737144188e-06]
layer_7,819,"[[31, [13, 1, 1, 1, 1]], [33, [4, 2, 1, 2, 1]], [35, [2, 4, 1]], [62, 1], [68, 1], [74, 3], [101, 4]]",[3.121456181281845e-06]
layer_7,820,"[[31, [13, 1, 1, 1, 1]], [33, [2, 4, 2, 1, 1]], [35, [2, 2, 2]], [62, 1], [68, 0], [74, 3], [101, 3]]",[2.9439605206163237e-06]
layer_7,821,"[[31, [13, 1, 1, 1, 1]], [33, [4, 1, 4, 1, 1]], [35, [1, 8, 1]], [62, 2], [68, 2], [74, 3], [101, 3]]",[3.1997168873794818e-06]
layer_7,822,"[[31, [13, 1, 1, 1, 1]], [33, [4, 1, 4, 1, 1]], [35, [1, 4, 2]], [62, 2], [68, 2], [74, 3], [101, 3]]",[3.3049666247254267e-06]
layer_7,823,"[[31, [13, 1, 1, 1, 1]], [33, [1, 8, 1, 2, 1]], [35, [2, 1, 4]], [62, 2], [68, 1], [74, 3], [101, 2]]",[3.288820172009382e-06]
layer_7,824,"[[31, [13, 1, 1, 1, 1]], [33, [2, 4, 2, 1, 1]], [35, [2, 2, 2]], [62, 2], [68, 0], [74, 1], [101, 2]]",[3.0274091157503553e-06]
layer_7,825,"[[31, [13, 1, 1, 1, 1]], [33, [2, 4, 2, 1, 1]], [35, [2, 2, 2]], [62, 1], [68, 2], [74, 2], [101, 2]]",[3.307306138984107e-06]
layer_7,826,"[[31, [13, 1, 1, 1, 1]], [33, [1, 8, 2, 1, 1]], [35, [2, 4, 1]], [62, 2], [68, 2], [74, 3], [101, 1]]",[2.8239827011170936e-06]
layer_7,827,"[[31, [13, 1, 1, 1, 1]], [33, [2, 4, 2, 1, 1]], [35, [2, 4, 1]], [62, 2], [68, 0], [74, 2], [101, 3]]",[3.2331935984095426e-06]
layer_7,828,"[[31, [13, 1, 1, 1, 1]], [33, [2, 4, 2, 1, 1]], [35, [2, 1, 4]], [62, 2], [68, 0], [74, 2], [101, 3]]",[3.274310408363542e-06]
layer_7,829,"[[31, [1, 1, 1, 13, 1]], [33, [1, 1, 4, 4, 1]], [35, [8, 1, 1]], [62, 2], [68, 0], [74, 1], [101, 4]]",[3.051071861471861e-05]
layer_7,830,"[[31, [13, 1, 1, 1, 1]], [33, [2, 1, 8, 1, 1]], [35, [2, 4, 1]], [62, 0], [68, 2], [74, 3], [101, 1]]",[3.617578902564467e-06]
layer_7,831,"[[31, [13, 1, 1, 1, 1]], [33, [1, 1, 4, 1, 4]], [35, [2, 2, 2]], [62, 1], [68, 0], [74, 3], [101, 2]]",[4.389480301714782e-06]
layer_7,832,"[[31, [13, 1, 1, 1, 1]], [33, [1, 8, 2, 1, 1]], [35, [2, 4, 1]], [62, 1], [68, 1], [74, 3], [101, 1]]",[3.3724998792027377e-06]
layer_7,833,"[[31, [13, 1, 1, 1, 1]], [33, [2, 4, 2, 1, 1]], [35, [4, 1, 2]], [62, 2], [68, 0], [74, 3], [101, 4]]",[3.1548865085118614e-06]
layer_7,834,"[[31, [13, 1, 1, 1, 1]], [33, [2, 4, 2, 1, 1]], [35, [2, 2, 2]], [62, 2], [68, 1], [74, 3], [101, 3]]",[3.2091433103154805e-06]
layer_7,835,"[[31, [13, 1, 1, 1, 1]], [33, [2, 4, 2, 1, 1]], [35, [2, 4, 1]], [62, 2], [68, 1], [74, 3], [101, 3]]",[3.3867095487621188e-06]
layer_7,836,"[[31, [13, 1, 1, 1, 1]], [33, [4, 2, 1, 1, 2]], [35, [2, 4, 1]], [62, 2], [68, 1], [74, 3], [101, 0]]",[3.2586888379691513e-06]
layer_7,837,"[[31, [13, 1, 1, 1, 1]], [33, [1, 8, 1, 2, 1]], [35, [2, 2, 2]], [62, 1], [68, 2], [74, 1], [101, 3]]",[3.064312909279668e-06]
layer_7,838,"[[31, [13, 1, 1, 1, 1]], [33, [2, 4, 2, 1, 1]], [35, [4, 2, 1]], [62, 2], [68, 1], [74, 3], [101, 2]]",[3.176762665243452e-06]
layer_7,839,"[[31, [13, 1, 1, 1, 1]], [33, [2, 4, 2, 1, 1]], [35, [4, 1, 2]], [62, 2], [68, 1], [74, 3], [101, 3]]",[3.031777068318793e-06]
layer_7,840,"[[31, [13, 1, 1, 1, 1]], [33, [2, 4, 2, 1, 1]], [35, [4, 2, 1]], [62, 2], [68, 1], [74, 3], [101, 3]]",[3.052131055959682e-06]
layer_7,841,"[[31, [13, 1, 1, 1, 1]], [33, [4, 2, 1, 2, 1]], [35, [2, 4, 1]], [62, 2], [68, 1], [74, 3], [101, 4]]",[2.9278814704101713e-06]
layer_7,842,"[[31, [13, 1, 1, 1, 1]], [33, [2, 4, 2, 1, 1]], [35, [4, 1, 2]], [62, 1], [68, 2], [74, 3], [101, 4]]",[3.028724923920272e-06]
layer_7,843,"[[31, [13, 1, 1, 1, 1]], [33, [2, 4, 2, 1, 1]], [35, [4, 1, 2]], [62, 2], [68, 2], [74, 3], [101, 3]]",[3.02992541413977e-06]
layer_7,844,"[[31, [13, 1, 1, 1, 1]], [33, [2, 4, 2, 1, 1]], [35, [4, 2, 1]], [62, 2], [68, 2], [74, 3], [101, 3]]",[3.005237090923507e-06]
layer_7,845,"[[31, [13, 1, 1, 1, 1]], [33, [2, 4, 2, 1, 1]], [35, [2, 4, 1]], [62, 1], [68, 0], [74, 3], [101, 3]]",[3.0051448459412427e-06]
layer_7,846,"[[31, [13, 1, 1, 1, 1]], [33, [2, 4, 2, 1, 1]], [35, [4, 2, 1]], [62, 2], [68, 0], [74, 3], [101, 3]]",[3.111344616940975e-06]
layer_7,847,"[[31, [13, 1, 1, 1, 1]], [33, [2, 4, 1, 2, 1]], [35, [2, 4, 1]], [62, 1], [68, 2], [74, 2], [101, 3]]",[3.0359956024276192e-06]
layer_7,848,"[[31, [13, 1, 1, 1, 1]], [33, [2, 4, 1, 2, 1]], [35, [2, 4, 1]], [62, 1], [68, 2], [74, 1], [101, 3]]",[3.5573488505975303e-06]
layer_7,849,"[[31, [13, 1, 1, 1, 1]], [33, [2, 4, 2, 1, 1]], [35, [4, 1, 2]], [62, 2], [68, 2], [74, 1], [101, 4]]",[3.1976034516191587e-06]
layer_7,850,"[[31, [13, 1, 1, 1, 1]], [33, [4, 2, 2, 1, 1]], [35, [2, 2, 2]], [62, 1], [68, 2], [74, 3], [101, 3]]",[3.3371029578147727e-06]
layer_7,851,"[[31, [13, 1, 1, 1, 1]], [33, [4, 2, 1, 2, 1]], [35, [2, 2, 2]], [62, 2], [68, 1], [74, 1], [101, 4]]",[3.216599457453422e-06]
layer_7,852,"[[31, [13, 1, 1, 1, 1]], [33, [4, 2, 2, 1, 1]], [35, [2, 2, 2]], [62, 2], [68, 2], [74, 1], [101, 3]]",[2.990764941302028e-06]
layer_7,853,"[[31, [13, 1, 1, 1, 1]], [33, [2, 4, 2, 1, 1]], [35, [2, 1, 4]], [62, 1], [68, 0], [74, 2], [101, 4]]",[3.2294933392823e-06]
layer_7,854,"[[31, [13, 1, 1, 1, 1]], [33, [1, 8, 1, 1, 2]], [35, [4, 1, 2]], [62, 1], [68, 1], [74, 2], [101, 3]]",[3.123189860483396e-06]
layer_7,855,"[[31, [13, 1, 1, 1, 1]], [33, [2, 4, 2, 1, 1]], [35, [2, 2, 2]], [62, 1], [68, 0], [74, 2], [101, 2]]",[3.250825651378943e-06]
layer_7,856,"[[31, [13, 1, 1, 1, 1]], [33, [2, 4, 1, 2, 1]], [35, [2, 1, 4]], [62, 2], [68, 0], [74, 3], [101, 3]]",[3.1630710803234065e-06]
layer_7,857,"[[31, [13, 1, 1, 1, 1]], [33, [4, 2, 2, 1, 1]], [35, [2, 4, 1]], [62, 1], [68, 2], [74, 1], [101, 3]]",[3.0681423886947863e-06]
layer_7,858,"[[31, [13, 1, 1, 1, 1]], [33, [2, 4, 2, 1, 1]], [35, [4, 2, 1]], [62, 2], [68, 2], [74, 2], [101, 3]]",[3.0023831638959663e-06]
layer_7,859,"[[31, [13, 1, 1, 1, 1]], [33, [1, 8, 2, 1, 1]], [35, [2, 1, 4]], [62, 2], [68, 0], [74, 3], [101, 2]]",[6.429402289270434e-06]
layer_7,860,"[[31, [13, 1, 1, 1, 1]], [33, [1, 8, 2, 1, 1]], [35, [4, 2, 1]], [62, 2], [68, 1], [74, 3], [101, 2]]",[3.038753073208926e-06]
layer_7,861,"[[31, [13, 1, 1, 1, 1]], [33, [2, 8, 1, 1, 1]], [35, [8, 1, 1]], [62, 2], [68, 0], [74, 3], [101, 3]]",[3.696589133403479e-06]
layer_7,862,"[[31, [13, 1, 1, 1, 1]], [33, [4, 2, 2, 1, 1]], [35, [2, 4, 1]], [62, 1], [68, 2], [74, 2], [101, 3]]",[3.362457588701944e-06]
layer_7,863,"[[31, [13, 1, 1, 1, 1]], [33, [2, 4, 1, 2, 1]], [35, [2, 1, 4]], [62, 1], [68, 0], [74, 3], [101, 3]]",[3.299757256282946e-06]
layer_7,864,"[[31, [13, 1, 1, 1, 1]], [33, [2, 4, 1, 1, 2]], [35, [2, 2, 2]], [62, 1], [68, 0], [74, 3], [101, 3]]",[3.708502872731782e-06]
layer_7,865,"[[31, [13, 1, 1, 1, 1]], [33, [4, 2, 1, 1, 2]], [35, [2, 4, 1]], [62, 2], [68, 1], [74, 3], [101, 1]]",[3.4011333015096368e-06]
layer_7,866,"[[31, [13, 1, 1, 1, 1]], [33, [4, 2, 2, 1, 1]], [35, [2, 2, 2]], [62, 2], [68, 2], [74, 1], [101, 4]]",[3.2449867691188506e-06]
layer_7,867,"[[31, [13, 1, 1, 1, 1]], [33, [4, 2, 2, 1, 1]], [35, [2, 2, 2]], [62, 1], [68, 0], [74, 2], [101, 4]]",[3.129467695155816e-06]
layer_7,868,"[[31, [13, 1, 1, 1, 1]], [33, [4, 4, 1, 1, 1]], [35, [2, 1, 4]], [62, 2], [68, 0], [74, 3], [101, 3]]",[4.280174089068826e-06]
layer_7,869,"[[31, [13, 1, 1, 1, 1]], [33, [1, 8, 2, 1, 1]], [35, [8, 1, 1]], [62, 2], [68, 1], [74, 3], [101, 3]]",[3.098027593728698e-06]
layer_7,870,"[[31, [13, 1, 1, 1, 1]], [33, [4, 2, 2, 1, 1]], [35, [2, 2, 2]], [62, 1], [68, 2], [74, 1], [101, 4]]",[3.0653720677671593e-06]
layer_7,871,"[[31, [13, 1, 1, 1, 1]], [33, [8, 1, 1, 1, 2]], [35, [2, 4, 1]], [62, 2], [68, 1], [74, 3], [101, 3]]",[3.1025594941672386e-06]
layer_7,872,"[[31, [13, 1, 1, 1, 1]], [33, [1, 8, 2, 1, 1]], [35, [4, 2, 1]], [62, 2], [68, 1], [74, 2], [101, 1]]",[3.3823640206125877e-06]
layer_7,873,"[[31, [13, 1, 1, 1, 1]], [33, [4, 2, 2, 1, 1]], [35, [4, 1, 2]], [62, 2], [68, 2], [74, 3], [101, 4]]",[3.3886376088261782e-06]
layer_7,874,"[[31, [13, 1, 1, 1, 1]], [33, [1, 8, 1, 2, 1]], [35, [4, 1, 2]], [62, 2], [68, 1], [74, 2], [101, 2]]",[3.6081902242955617e-06]
layer_7,875,"[[31, [13, 1, 1, 1, 1]], [33, [2, 4, 2, 1, 1]], [35, [4, 1, 2]], [62, 2], [68, 1], [74, 1], [101, 4]]",[3.1952108997200307e-06]
layer_7,876,"[[31, [13, 1, 1, 1, 1]], [33, [2, 4, 2, 1, 1]], [35, [4, 2, 1]], [62, 2], [68, 1], [74, 1], [101, 4]]",[3.3534592197899435e-06]
layer_7,877,"[[31, [13, 1, 1, 1, 1]], [33, [4, 4, 1, 1, 1]], [35, [2, 2, 2]], [62, 2], [68, 0], [74, 3], [101, 4]]",[4.280325503177966e-06]
layer_7,878,"[[31, [13, 1, 1, 1, 1]], [33, [1, 8, 2, 1, 1]], [35, [2, 4, 1]], [62, 2], [68, 0], [74, 3], [101, 3]]",[3.3252918615922782e-06]
layer_7,879,"[[31, [13, 1, 1, 1, 1]], [33, [2, 4, 1, 1, 2]], [35, [2, 1, 4]], [62, 2], [68, 1], [74, 3], [101, 2]]",[3.294698701298701e-06]
layer_7,880,"[[31, [13, 1, 1, 1, 1]], [33, [2, 4, 1, 1, 2]], [35, [2, 4, 1]], [62, 2], [68, 1], [74, 3], [101, 2]]",[3.1656851102503626e-06]
layer_7,881,"[[31, [13, 1, 1, 1, 1]], [33, [2, 4, 1, 1, 2]], [35, [8, 1, 1]], [62, 2], [68, 1], [74, 3], [101, 3]]",[3.7592199282718843e-06]
layer_7,882,"[[31, [13, 1, 1, 1, 1]], [33, [4, 2, 2, 1, 1]], [35, [4, 1, 2]], [62, 2], [68, 2], [74, 0], [101, 3]]",[3.6293117113607343e-06]
layer_7,883,"[[31, [13, 1, 1, 1, 1]], [33, [2, 4, 1, 1, 2]], [35, [2, 1, 4]], [62, 2], [68, 1], [74, 1], [101, 2]]",[3.4718169039430534e-06]
layer_7,884,"[[31, [13, 1, 1, 1, 1]], [33, [2, 4, 1, 1, 2]], [35, [2, 4, 1]], [62, 2], [68, 1], [74, 1], [101, 2]]",[3.4696028979507348e-06]
layer_7,885,"[[31, [13, 1, 1, 1, 1]], [33, [4, 2, 2, 1, 1]], [35, [2, 2, 2]], [62, 2], [68, 1], [74, 2], [101, 0]]",[3.5659425061736217e-06]
layer_7,886,"[[31, [13, 1, 1, 1, 1]], [33, [2, 4, 2, 1, 1]], [35, [2, 1, 4]], [62, 1], [68, 2], [74, 3], [101, 1]]",[3.5113467058686993e-06]
layer_7,887,"[[31, [13, 1, 1, 1, 1]], [33, [2, 4, 2, 1, 1]], [35, [2, 1, 4]], [62, 1], [68, 1], [74, 3], [101, 4]]",[3.389414825212824e-06]
layer_7,888,"[[31, [13, 1, 1, 1, 1]], [33, [2, 4, 1, 1, 2]], [35, [2, 1, 4]], [62, 2], [68, 1], [74, 2], [101, 1]]",[3.5298757217030117e-06]
layer_7,889,"[[31, [13, 1, 1, 1, 1]], [33, [4, 4, 1, 1, 1]], [35, [2, 1, 4]], [62, 1], [68, 0], [74, 3], [101, 4]]",[4.129405520774047e-06]
layer_7,890,"[[31, [13, 1, 1, 1, 1]], [33, [1, 8, 1, 2, 1]], [35, [4, 1, 2]], [62, 1], [68, 1], [74, 2], [101, 2]]",[3.1671980075291525e-06]
layer_7,891,"[[31, [13, 1, 1, 1, 1]], [33, [4, 2, 2, 1, 1]], [35, [2, 4, 1]], [62, 1], [68, 1], [74, 1], [101, 1]]",[3.2499725648438966e-06]
layer_7,892,"[[31, [13, 1, 1, 1, 1]], [33, [4, 2, 2, 1, 1]], [35, [2, 2, 2]], [62, 2], [68, 2], [74, 3], [101, 4]]",[3.3498742414799754e-06]
layer_7,893,"[[31, [1, 13, 1, 1, 1]], [33, [2, 1, 1, 8, 1]], [35, [8, 1, 1]], [62, 1], [68, 1], [74, 2], [101, 0]]",[1.4539931628461643e-05]
layer_7,894,"[[31, [1, 13, 1, 1, 1]], [33, [1, 1, 4, 4, 1]], [35, [2, 4, 1]], [62, 0], [68, 1], [74, 0], [101, 0]]",[1.90272278710102e-05]
layer_7,895,"[[31, [13, 1, 1, 1, 1]], [33, [2, 1, 2, 1, 4]], [35, [4, 2, 1]], [62, 2], [68, 2], [74, 0], [101, 0]]",[7.183075166917941e-06]
layer_7,896,"[[31, [13, 1, 1, 1, 1]], [33, [1, 8, 1, 1, 2]], [35, [2, 1, 4]], [62, 1], [68, 2], [74, 3], [101, 4]]",[3.5381549087321166e-06]
layer_7,897,"[[31, [13, 1, 1, 1, 1]], [33, [2, 4, 2, 1, 1]], [35, [2, 2, 2]], [62, 1], [68, 0], [74, 3], [101, 4]]",[3.0105386400833207e-06]
layer_7,898,"[[31, [13, 1, 1, 1, 1]], [33, [1, 8, 2, 1, 1]], [35, [2, 1, 4]], [62, 2], [68, 2], [74, 2], [101, 2]]",[3.295766505726477e-06]
layer_7,899,"[[31, [13, 1, 1, 1, 1]], [33, [1, 8, 1, 2, 1]], [35, [2, 4, 1]], [62, 2], [68, 2], [74, 3], [101, 3]]",[3.087533328181151e-06]
layer_7,900,"[[31, [13, 1, 1, 1, 1]], [33, [1, 8, 2, 1, 1]], [35, [2, 1, 4]], [62, 2], [68, 2], [74, 3], [101, 1]]",[2.9493183750789313e-06]
layer_7,901,"[[31, [13, 1, 1, 1, 1]], [33, [1, 8, 2, 1, 1]], [35, [2, 4, 1]], [62, 2], [68, 1], [74, 3], [101, 2]]",[3.400726588806956e-06]
layer_7,902,"[[31, [13, 1, 1, 1, 1]], [33, [4, 2, 1, 2, 1]], [35, [2, 4, 1]], [62, 2], [68, 1], [74, 2], [101, 4]]",[3.197494085766279e-06]
layer_7,903,"[[31, [13, 1, 1, 1, 1]], [33, [4, 2, 1, 2, 1]], [35, [2, 2, 2]], [62, 2], [68, 1], [74, 2], [101, 4]]",[3.54893659790684e-06]
layer_7,904,"[[31, [13, 1, 1, 1, 1]], [33, [2, 4, 2, 1, 1]], [35, [4, 2, 1]], [62, 2], [68, 2], [74, 2], [101, 4]]",[3.014867628079232e-06]
layer_7,905,"[[31, [13, 1, 1, 1, 1]], [33, [1, 8, 2, 1, 1]], [35, [2, 2, 2]], [62, 2], [68, 2], [74, 3], [101, 2]]",[3.467924411376176e-06]
layer_7,906,"[[31, [13, 1, 1, 1, 1]], [33, [1, 8, 1, 1, 2]], [35, [2, 2, 2]], [62, 2], [68, 2], [74, 1], [101, 2]]",[3.44201658381388e-06]
layer_7,907,"[[31, [13, 1, 1, 1, 1]], [33, [2, 4, 1, 2, 1]], [35, [2, 1, 4]], [62, 1], [68, 2], [74, 3], [101, 3]]",[2.8722158496337437e-06]
layer_7,908,"[[31, [13, 1, 1, 1, 1]], [33, [2, 4, 2, 1, 1]], [35, [4, 2, 1]], [62, 1], [68, 2], [74, 3], [101, 1]]",[3.123146792467885e-06]
layer_7,909,"[[31, [13, 1, 1, 1, 1]], [33, [1, 8, 2, 1, 1]], [35, [8, 1, 1]], [62, 1], [68, 1], [74, 3], [101, 3]]",[3.4377785599657643e-06]
layer_7,910,"[[31, [13, 1, 1, 1, 1]], [33, [2, 4, 2, 1, 1]], [35, [4, 1, 2]], [62, 1], [68, 1], [74, 3], [101, 4]]",[3.025317395194553e-06]
layer_7,911,"[[31, [13, 1, 1, 1, 1]], [33, [2, 4, 2, 1, 1]], [35, [2, 1, 4]], [62, 1], [68, 1], [74, 3], [101, 3]]",[3.263650922081684e-06]
layer_7,912,"[[31, [13, 1, 1, 1, 1]], [33, [1, 8, 2, 1, 1]], [35, [2, 2, 2]], [62, 1], [68, 2], [74, 2], [101, 2]]",[3.3908451260448896e-06]
layer_7,913,"[[31, [13, 1, 1, 1, 1]], [33, [1, 8, 1, 1, 2]], [35, [4, 2, 1]], [62, 1], [68, 1], [74, 2], [101, 3]]",[3.0424941241765403e-06]
layer_7,914,"[[31, [13, 1, 1, 1, 1]], [33, [1, 8, 1, 2, 1]], [35, [4, 1, 2]], [62, 1], [68, 1], [74, 2], [101, 3]]",[3.5531843557356556e-06]
layer_7,915,"[[31, [13, 1, 1, 1, 1]], [33, [2, 4, 2, 1, 1]], [35, [4, 2, 1]], [62, 1], [68, 2], [74, 2], [101, 1]]",[3.0138154090122745e-06]
layer_7,916,"[[31, [13, 1, 1, 1, 1]], [33, [1, 8, 1, 1, 2]], [35, [2, 1, 4]], [62, 1], [68, 2], [74, 3], [101, 2]]",[3.1598447207476334e-06]
layer_7,917,"[[31, [13, 1, 1, 1, 1]], [33, [4, 2, 2, 1, 1]], [35, [2, 4, 1]], [62, 2], [68, 1], [74, 1], [101, 4]]",[3.0298167850781905e-06]
layer_7,918,"[[31, [13, 1, 1, 1, 1]], [33, [2, 4, 2, 1, 1]], [35, [4, 1, 2]], [62, 1], [68, 1], [74, 2], [101, 3]]",[2.9784159487307404e-06]
layer_7,919,"[[31, [13, 1, 1, 1, 1]], [33, [2, 4, 2, 1, 1]], [35, [4, 2, 1]], [62, 1], [68, 2], [74, 2], [101, 4]]",[2.9671558294891182e-06]
layer_7,920,"[[31, [13, 1, 1, 1, 1]], [33, [2, 4, 2, 1, 1]], [35, [4, 1, 2]], [62, 1], [68, 2], [74, 2], [101, 2]]",[2.908917145584539e-06]
layer_7,921,"[[31, [13, 1, 1, 1, 1]], [33, [4, 2, 1, 2, 1]], [35, [2, 2, 2]], [62, 1], [68, 1], [74, 2], [101, 4]]",[3.5454685725790212e-06]
layer_7,922,"[[31, [13, 1, 1, 1, 1]], [33, [2, 4, 2, 1, 1]], [35, [2, 2, 2]], [62, 1], [68, 0], [74, 2], [101, 3]]",[3.160655992357693e-06]
layer_7,923,"[[31, [13, 1, 1, 1, 1]], [33, [4, 2, 2, 1, 1]], [35, [2, 2, 2]], [62, 1], [68, 1], [74, 1], [101, 4]]",[3.505158349514563e-06]
layer_7,924,"[[31, [13, 1, 1, 1, 1]], [33, [4, 2, 1, 1, 2]], [35, [2, 2, 2]], [62, 2], [68, 1], [74, 1], [101, 0]]",[3.3911447662190584e-06]
layer_7,925,"[[31, [13, 1, 1, 1, 1]], [33, [4, 2, 1, 1, 2]], [35, [2, 4, 1]], [62, 1], [68, 1], [74, 1], [101, 3]]",[3.038288530320273e-06]
layer_7,926,"[[31, [13, 1, 1, 1, 1]], [33, [1, 8, 2, 1, 1]], [35, [2, 1, 4]], [62, 1], [68, 2], [74, 3], [101, 2]]",[3.361624386390566e-06]
layer_7,927,"[[31, [13, 1, 1, 1, 1]], [33, [1, 8, 2, 1, 1]], [35, [2, 2, 2]], [62, 1], [68, 2], [74, 3], [101, 2]]",[3.1304043253901654e-06]
layer_7,928,"[[31, [13, 1, 1, 1, 1]], [33, [2, 4, 2, 1, 1]], [35, [4, 2, 1]], [62, 1], [68, 0], [74, 3], [101, 3]]",[3.05441712036184e-06]
layer_7,929,"[[31, [13, 1, 1, 1, 1]], [33, [1, 8, 1, 1, 2]], [35, [2, 2, 2]], [62, 1], [68, 0], [74, 2], [101, 3]]",[3.1796039173014147e-06]
layer_7,930,"[[31, [13, 1, 1, 1, 1]], [33, [2, 4, 2, 1, 1]], [35, [2, 1, 4]], [62, 1], [68, 0], [74, 3], [101, 2]]",[2.935338301552391e-06]
layer_7,931,"[[31, [13, 1, 1, 1, 1]], [33, [4, 2, 2, 1, 1]], [35, [2, 2, 2]], [62, 1], [68, 2], [74, 2], [101, 3]]",[3.0863983425305864e-06]
layer_7,932,"[[31, [13, 1, 1, 1, 1]], [33, [1, 8, 1, 1, 2]], [35, [2, 2, 2]], [62, 1], [68, 0], [74, 3], [101, 3]]",[3.2273240360951603e-06]
layer_7,933,"[[31, [13, 1, 1, 1, 1]], [33, [1, 8, 1, 1, 2]], [35, [2, 1, 4]], [62, 1], [68, 0], [74, 3], [101, 3]]",[3.457820637691813e-06]
layer_7,934,"[[31, [13, 1, 1, 1, 1]], [33, [1, 8, 1, 1, 2]], [35, [2, 4, 1]], [62, 2], [68, 2], [74, 3], [101, 2]]",[3.2500821444012108e-06]
layer_7,935,"[[31, [13, 1, 1, 1, 1]], [33, [1, 8, 1, 1, 2]], [35, [2, 1, 4]], [62, 2], [68, 2], [74, 3], [101, 2]]",[3.617998333373015e-06]
layer_7,936,"[[31, [13, 1, 1, 1, 1]], [33, [1, 8, 1, 1, 2]], [35, [2, 2, 2]], [62, 2], [68, 2], [74, 3], [101, 2]]",[3.23278967594516e-06]
layer_7,937,"[[31, [13, 1, 1, 1, 1]], [33, [1, 8, 1, 2, 1]], [35, [2, 4, 1]], [62, 2], [68, 2], [74, 2], [101, 2]]",[3.038733830901693e-06]
layer_7,938,"[[31, [13, 1, 1, 1, 1]], [33, [4, 2, 1, 1, 2]], [35, [2, 4, 1]], [62, 1], [68, 1], [74, 1], [101, 0]]",[3.3484485577015104e-06]
layer_7,939,"[[31, [13, 1, 1, 1, 1]], [33, [4, 2, 1, 2, 1]], [35, [2, 2, 2]], [62, 1], [68, 1], [74, 1], [101, 0]]",[3.518561467150342e-06]
layer_7,940,"[[31, [13, 1, 1, 1, 1]], [33, [1, 8, 1, 2, 1]], [35, [2, 2, 2]], [62, 2], [68, 2], [74, 3], [101, 1]]",[3.097377571029246e-06]
layer_7,941,"[[31, [13, 1, 1, 1, 1]], [33, [1, 8, 1, 2, 1]], [35, [2, 2, 2]], [62, 1], [68, 2], [74, 1], [101, 1]]",[3.0882543880688137e-06]
layer_7,942,"[[31, [13, 1, 1, 1, 1]], [33, [2, 4, 2, 1, 1]], [35, [4, 1, 2]], [62, 2], [68, 2], [74, 1], [101, 3]]",[3.2353552320100553e-06]
layer_7,943,"[[31, [13, 1, 1, 1, 1]], [33, [4, 2, 2, 1, 1]], [35, [2, 4, 1]], [62, 1], [68, 2], [74, 1], [101, 4]]",[3.16703826631771e-06]
layer_7,944,"[[31, [13, 1, 1, 1, 1]], [33, [4, 2, 1, 2, 1]], [35, [8, 1, 1]], [62, 2], [68, 0], [74, 3], [101, 0]]",[3.587093031207969e-06]
layer_7,945,"[[31, [13, 1, 1, 1, 1]], [33, [2, 4, 1, 1, 2]], [35, [2, 2, 2]], [62, 2], [68, 2], [74, 3], [101, 1]]",[3.4868308264496775e-06]
layer_7,946,"[[31, [13, 1, 1, 1, 1]], [33, [1, 8, 1, 2, 1]], [35, [2, 1, 4]], [62, 1], [68, 1], [74, 2], [101, 3]]",[3.39271788242781e-06]
layer_7,947,"[[31, [13, 1, 1, 1, 1]], [33, [1, 8, 1, 2, 1]], [35, [2, 4, 1]], [62, 1], [68, 1], [74, 2], [101, 3]]",[3.3616181802903303e-06]
layer_7,948,"[[31, [13, 1, 1, 1, 1]], [33, [1, 8, 1, 2, 1]], [35, [2, 2, 2]], [62, 1], [68, 1], [74, 2], [101, 3]]",[3.3466985779122535e-06]
layer_7,949,"[[31, [13, 1, 1, 1, 1]], [33, [1, 8, 1, 1, 2]], [35, [2, 2, 2]], [62, 2], [68, 0], [74, 3], [101, 3]]",[3.042161843281358e-06]
layer_7,950,"[[31, [13, 1, 1, 1, 1]], [33, [4, 2, 2, 1, 1]], [35, [2, 2, 2]], [62, 2], [68, 0], [74, 1], [101, 2]]",[3.550642269752905e-06]
layer_7,951,"[[31, [13, 1, 1, 1, 1]], [33, [1, 8, 1, 2, 1]], [35, [2, 2, 2]], [62, 1], [68, 2], [74, 3], [101, 1]]",[3.345764705882353e-06]
layer_7,952,"[[31, [13, 1, 1, 1, 1]], [33, [1, 8, 1, 2, 1]], [35, [2, 4, 1]], [62, 2], [68, 0], [74, 1], [101, 2]]",[3.351274671355263e-06]
layer_7,953,"[[31, [13, 1, 1, 1, 1]], [33, [1, 8, 1, 2, 1]], [35, [2, 1, 4]], [62, 1], [68, 1], [74, 2], [101, 2]]",[3.0728604893947495e-06]
layer_7,954,"[[31, [13, 1, 1, 1, 1]], [33, [2, 4, 2, 1, 1]], [35, [2, 2, 2]], [62, 1], [68, 0], [74, 1], [101, 3]]",[3.3967081861075265e-06]
layer_7,955,"[[31, [13, 1, 1, 1, 1]], [33, [4, 2, 2, 1, 1]], [35, [8, 1, 1]], [62, 1], [68, 2], [74, 2], [101, 3]]",[2.9517341067665173e-06]
layer_7,956,"[[31, [13, 1, 1, 1, 1]], [33, [4, 2, 2, 1, 1]], [35, [2, 4, 1]], [62, 2], [68, 1], [74, 2], [101, 4]]",[3.4732125349811238e-06]
layer_7,957,"[[31, [1, 1, 13, 1, 1]], [33, [4, 2, 1, 2, 1]], [35, [4, 1, 2]], [62, 2], [68, 2], [74, 1], [101, 2]]",[7.068266975443502e-06]
layer_7,958,"[[31, [1, 13, 1, 1, 1]], [33, [4, 4, 1, 1, 1]], [35, [4, 2, 1]], [62, 1], [68, 1], [74, 3], [101, 4]]",[3.7691462667747454e-06]
layer_7,959,"[[31, [1, 1, 1, 13, 1]], [33, [16, 1, 1, 1, 1]], [35, [2, 2, 2]], [62, 1], [68, 1], [74, 2], [101, 3]]",[1.5269458223272625e-05]
layer_7,960,"[[31, [13, 1, 1, 1, 1]], [33, [2, 4, 2, 1, 1]], [35, [4, 2, 1]], [62, 1], [68, 2], [74, 3], [101, 4]]",[3.3845424956015696e-06]
layer_7,961,"[[31, [13, 1, 1, 1, 1]], [33, [2, 4, 2, 1, 1]], [35, [4, 2, 1]], [62, 2], [68, 2], [74, 3], [101, 4]]",[2.9769515308373283e-06]
layer_7,962,"[[31, [13, 1, 1, 1, 1]], [33, [2, 4, 2, 1, 1]], [35, [4, 1, 2]], [62, 1], [68, 0], [74, 3], [101, 4]]",[3.2203707720767204e-06]
layer_7,963,"[[31, [13, 1, 1, 1, 1]], [33, [1, 8, 2, 1, 1]], [35, [2, 2, 2]], [62, 2], [68, 2], [74, 2], [101, 1]]",[3.136349340073013e-06]
layer_7,964,"[[31, [13, 1, 1, 1, 1]], [33, [2, 4, 2, 1, 1]], [35, [4, 2, 1]], [62, 2], [68, 1], [74, 3], [101, 4]]",[3.4778166172549463e-06]
layer_7,965,"[[31, [13, 1, 1, 1, 1]], [33, [1, 8, 1, 2, 1]], [35, [2, 2, 2]], [62, 2], [68, 2], [74, 3], [101, 3]]",[3.0504019111401504e-06]
layer_7,966,"[[31, [13, 1, 1, 1, 1]], [33, [1, 8, 1, 1, 2]], [35, [2, 1, 4]], [62, 2], [68, 2], [74, 3], [101, 3]]",[3.0310328046284636e-06]
layer_7,967,"[[31, [13, 1, 1, 1, 1]], [33, [1, 8, 1, 2, 1]], [35, [2, 2, 2]], [62, 1], [68, 2], [74, 3], [101, 3]]",[3.188358376990241e-06]
layer_7,968,"[[31, [13, 1, 1, 1, 1]], [33, [4, 2, 1, 2, 1]], [35, [2, 1, 4]], [62, 2], [68, 1], [74, 3], [101, 4]]",[3.1784210163721832e-06]
layer_7,969,"[[31, [13, 1, 1, 1, 1]], [33, [2, 4, 2, 1, 1]], [35, [4, 1, 2]], [62, 2], [68, 1], [74, 2], [101, 3]]",[2.941253474107592e-06]
layer_7,970,"[[31, [13, 1, 1, 1, 1]], [33, [2, 4, 2, 1, 1]], [35, [4, 1, 2]], [62, 2], [68, 0], [74, 2], [101, 4]]",[3.2980940167466055e-06]
layer_7,971,"[[31, [13, 1, 1, 1, 1]], [33, [2, 4, 2, 1, 1]], [35, [4, 2, 1]], [62, 1], [68, 1], [74, 2], [101, 4]]",[3.1907622598440175e-06]
layer_7,972,"[[31, [13, 1, 1, 1, 1]], [33, [2, 4, 2, 1, 1]], [35, [4, 1, 2]], [62, 1], [68, 1], [74, 2], [101, 4]]",[3.065786731103652e-06]
layer_7,973,"[[31, [13, 1, 1, 1, 1]], [33, [2, 4, 2, 1, 1]], [35, [4, 2, 1]], [62, 2], [68, 1], [74, 2], [101, 4]]",[3.373835926309088e-06]
layer_7,974,"[[31, [13, 1, 1, 1, 1]], [33, [2, 4, 2, 1, 1]], [35, [2, 1, 4]], [62, 1], [68, 0], [74, 1], [101, 4]]",[2.955348556397829e-06]
layer_7,975,"[[31, [13, 1, 1, 1, 1]], [33, [2, 4, 2, 1, 1]], [35, [2, 2, 2]], [62, 1], [68, 0], [74, 1], [101, 4]]",[3.1826588770803274e-06]
layer_7,976,"[[31, [13, 1, 1, 1, 1]], [33, [2, 4, 2, 1, 1]], [35, [2, 4, 1]], [62, 1], [68, 0], [74, 1], [101, 4]]",[2.985653612121935e-06]
layer_7,977,"[[31, [13, 1, 1, 1, 1]], [33, [2, 4, 2, 1, 1]], [35, [2, 2, 2]], [62, 2], [68, 0], [74, 1], [101, 4]]",[3.0376192952222485e-06]
layer_7,978,"[[31, [13, 1, 1, 1, 1]], [33, [4, 2, 1, 2, 1]], [35, [2, 1, 4]], [62, 2], [68, 1], [74, 1], [101, 3]]",[2.928405598203046e-06]
layer_7,979,"[[31, [13, 1, 1, 1, 1]], [33, [2, 4, 2, 1, 1]], [35, [4, 2, 1]], [62, 2], [68, 2], [74, 1], [101, 2]]",[2.980515573611917e-06]
layer_7,980,"[[31, [13, 1, 1, 1, 1]], [33, [2, 4, 1, 2, 1]], [35, [2, 1, 4]], [62, 2], [68, 0], [74, 3], [101, 4]]",[3.162636408274802e-06]
layer_7,981,"[[31, [13, 1, 1, 1, 1]], [33, [8, 1, 1, 2, 1]], [35, [2, 2, 2]], [62, 2], [68, 2], [74, 3], [101, 3]]",[3.148925155612389e-06]
layer_7,982,"[[31, [13, 1, 1, 1, 1]], [33, [2, 4, 2, 1, 1]], [35, [2, 2, 2]], [62, 1], [68, 0], [74, 2], [101, 4]]",[3.209146491439595e-06]
layer_7,983,"[[31, [13, 1, 1, 1, 1]], [33, [4, 2, 2, 1, 1]], [35, [2, 4, 1]], [62, 2], [68, 2], [74, 1], [101, 3]]",[3.0817115130127925e-06]
layer_7,984,"[[31, [13, 1, 1, 1, 1]], [33, [4, 2, 1, 2, 1]], [35, [2, 1, 4]], [62, 2], [68, 2], [74, 3], [101, 4]]",[3.1241354141511715e-06]
layer_7,985,"[[31, [13, 1, 1, 1, 1]], [33, [2, 4, 2, 1, 1]], [35, [4, 1, 2]], [62, 1], [68, 2], [74, 1], [101, 2]]",[3.001431743297888e-06]
layer_7,986,"[[31, [13, 1, 1, 1, 1]], [33, [4, 2, 2, 1, 1]], [35, [2, 1, 4]], [62, 2], [68, 2], [74, 1], [101, 4]]",[3.199640128250505e-06]
layer_7,987,"[[31, [1, 13, 1, 1, 1]], [33, [4, 2, 1, 2, 1]], [35, [2, 1, 4]], [62, 2], [68, 1], [74, 3], [101, 3]]",[2.9098418942475308e-06]
layer_7,988,"[[31, [13, 1, 1, 1, 1]], [33, [4, 2, 2, 1, 1]], [35, [8, 1, 1]], [62, 1], [68, 0], [74, 2], [101, 3]]",[3.4301934398825785e-06]
layer_7,989,"[[31, [1, 13, 1, 1, 1]], [33, [4, 2, 1, 2, 1]], [35, [2, 4, 1]], [62, 2], [68, 2], [74, 2], [101, 3]]",[3.3550399236664347e-06]
layer_7,990,"[[31, [13, 1, 1, 1, 1]], [33, [4, 2, 1, 2, 1]], [35, [2, 4, 1]], [62, 2], [68, 1], [74, 1], [101, 4]]",[3.1528396432299076e-06]
layer_7,991,"[[31, [13, 1, 1, 1, 1]], [33, [4, 2, 2, 1, 1]], [35, [8, 1, 1]], [62, 2], [68, 0], [74, 2], [101, 3]]",[3.4435324094187154e-06]
layer_7,992,"[[31, [13, 1, 1, 1, 1]], [33, [1, 8, 1, 2, 1]], [35, [2, 1, 4]], [62, 2], [68, 2], [74, 3], [101, 1]]",[3.37012252575403e-06]
layer_7,993,"[[31, [13, 1, 1, 1, 1]], [33, [2, 4, 2, 1, 1]], [35, [4, 1, 2]], [62, 1], [68, 2], [74, 1], [101, 1]]",[2.928896117626329e-06]
layer_7,994,"[[31, [13, 1, 1, 1, 1]], [33, [2, 4, 2, 1, 1]], [35, [4, 2, 1]], [62, 1], [68, 2], [74, 1], [101, 1]]",[3.1411019132834214e-06]
layer_7,995,"[[31, [13, 1, 1, 1, 1]], [33, [1, 8, 1, 2, 1]], [35, [2, 2, 2]], [62, 1], [68, 0], [74, 2], [101, 3]]",[3.1794356023457357e-06]
layer_7,996,"[[31, [13, 1, 1, 1, 1]], [33, [1, 8, 2, 1, 1]], [35, [2, 2, 2]], [62, 1], [68, 1], [74, 3], [101, 2]]",[3.033840130968829e-06]
layer_7,997,"[[31, [13, 1, 1, 1, 1]], [33, [1, 8, 2, 1, 1]], [35, [8, 1, 1]], [62, 2], [68, 1], [74, 3], [101, 2]]",[2.958929663912284e-06]
layer_7,998,"[[31, [1, 13, 1, 1, 1]], [33, [2, 1, 1, 2, 4]], [35, [2, 2, 2]], [62, 0], [68, 1], [74, 3], [101, 2]]",[5.09484843809044e-06]
layer_7,999,"[[31, [1, 1, 1, 13, 1]], [33, [1, 2, 2, 4, 1]], [35, [4, 1, 2]], [62, 0], [68, 1], [74, 1], [101, 3]]",[3.053031966279334e-05]
