layer,trial_index,tile_size,execution_time
layer_8,0,"[[31, [1, 13, 1, 1, 1]], [33, [1, 1, 8, 1, 2]], [35, [48, 1, 3]], [62, 1], [68, 0], [74, 2], [101, 0]]",[0.00042027528333333337]
layer_8,1,"[[31, [13, 1, 1, 1, 1]], [33, [4, 1, 1, 1, 4]], [35, [36, 2, 2]], [62, 0], [68, 3], [74, 0], [101, 3]]",[0.00012134722056514915]
layer_8,2,"[[31, [1, 1, 13, 1, 1]], [33, [2, 2, 1, 2, 2]], [35, [36, 4, 1]], [62, 2], [68, 0], [74, 2], [101, 4]]",[0.00011686476731927711]
layer_8,3,"[[31, [1, 13, 1, 1, 1]], [33, [8, 1, 2, 1, 1]], [35, [12, 4, 3]], [62, 0], [68, 3], [74, 3], [101, 4]]",[10000000000]
layer_8,4,"[[31, [1, 13, 1, 1, 1]], [33, [2, 8, 1, 1, 1]], [35, [48, 1, 3]], [62, 2], [68, 2], [74, 2], [101, 3]]",[8.356713448090372e-05]
layer_8,5,"[[31, [13, 1, 1, 1, 1]], [33, [1, 2, 1, 4, 2]], [35, [48, 1, 3]], [62, 1], [68, 0], [74, 0], [101, 4]]",[0.00020504570687418936]
layer_8,6,"[[31, [1, 13, 1, 1, 1]], [33, [4, 1, 2, 2, 1]], [35, [48, 3, 1]], [62, 2], [68, 1], [74, 1], [101, 2]]",[7.586186746987951e-05]
layer_8,7,"[[31, [1, 1, 13, 1, 1]], [33, [4, 1, 1, 1, 4]], [35, [72, 1, 2]], [62, 2], [68, 3], [74, 2], [101, 0]]",[0.00010809384057971015]
layer_8,8,"[[31, [13, 1, 1, 1, 1]], [33, [1, 2, 1, 4, 2]], [35, [48, 1, 3]], [62, 2], [68, 0], [74, 2], [101, 1]]",[0.0006388988174603175]
layer_8,9,"[[31, [13, 1, 1, 1, 1]], [33, [4, 2, 2, 1, 1]], [35, [48, 3, 1]], [62, 2], [68, 3], [74, 1], [101, 1]]",[9.152769006543724e-05]
layer_8,10,"[[31, [1, 13, 1, 1, 1]], [33, [2, 2, 4, 1, 1]], [35, [9, 8, 2]], [62, 1], [68, 1], [74, 0], [101, 4]]",[9.185882529411765e-05]
layer_8,11,"[[31, [1, 13, 1, 1, 1]], [33, [1, 1, 1, 16, 1]], [35, [72, 2, 1]], [62, 2], [68, 1], [74, 2], [101, 3]]",[0.00022652536130867714]
layer_8,12,"[[31, [1, 13, 1, 1, 1]], [33, [1, 4, 1, 1, 4]], [35, [24, 2, 3]], [62, 0], [68, 1], [74, 2], [101, 4]]",[7.815012455696202e-05]
layer_8,13,"[[31, [1, 13, 1, 1, 1]], [33, [1, 4, 2, 2, 1]], [35, [8, 18, 1]], [62, 2], [68, 3], [74, 0], [101, 1]]",[0.0002070135600522193]
layer_8,14,"[[31, [1, 13, 1, 1, 1]], [33, [1, 1, 4, 2, 2]], [35, [72, 2, 1]], [62, 1], [68, 3], [74, 2], [101, 3]]",[0.00019934596977329975]
layer_8,15,"[[31, [1, 13, 1, 1, 1]], [33, [2, 1, 8, 1, 1]], [35, [48, 1, 3]], [62, 2], [68, 3], [74, 2], [101, 3]]",[0.0001665816014957265]
layer_8,16,"[[31, [13, 1, 1, 1, 1]], [33, [1, 2, 1, 4, 2]], [35, [18, 2, 4]], [62, 1], [68, 1], [74, 2], [101, 3]]",[0.000323213703030303]
layer_8,17,"[[31, [13, 1, 1, 1, 1]], [33, [4, 2, 1, 1, 2]], [35, [6, 24, 1]], [62, 0], [68, 0], [74, 2], [101, 1]]",[0.0002786405052447553]
layer_8,18,"[[31, [13, 1, 1, 1, 1]], [33, [1, 4, 2, 1, 2]], [35, [72, 1, 2]], [62, 2], [68, 3], [74, 1], [101, 2]]",[0.00011502235847647497]
layer_8,19,"[[31, [1, 1, 13, 1, 1]], [33, [1, 4, 1, 2, 2]], [35, [36, 1, 4]], [62, 3], [68, 2], [74, 2], [101, 0]]",[9.584462554246746e-05]
layer_8,20,"[[31, [1, 1, 13, 1, 1]], [33, [2, 4, 1, 1, 2]], [35, [48, 3, 1]], [62, 1], [68, 0], [74, 2], [101, 0]]",[0.00022305530995792423]
layer_8,21,"[[31, [1, 13, 1, 1, 1]], [33, [2, 1, 1, 2, 4]], [35, [36, 4, 1]], [62, 0], [68, 3], [74, 1], [101, 2]]",[0.0002405594493192133]
layer_8,22,"[[31, [13, 1, 1, 1, 1]], [33, [1, 8, 2, 1, 1]], [35, [16, 3, 3]], [62, 0], [68, 1], [74, 2], [101, 0]]",[8.149297689075632e-05]
layer_8,23,"[[31, [13, 1, 1, 1, 1]], [33, [4, 4, 1, 1, 1]], [35, [12, 12, 1]], [62, 0], [68, 2], [74, 1], [101, 1]]",[0.00016209908986415883]
layer_8,24,"[[31, [13, 1, 1, 1, 1]], [33, [2, 1, 2, 4, 1]], [35, [36, 2, 2]], [62, 2], [68, 3], [74, 1], [101, 4]]",[4.458973527662105e-05]
layer_8,25,"[[31, [1, 13, 1, 1, 1]], [33, [2, 8, 1, 1, 1]], [35, [6, 24, 1]], [62, 0], [68, 2], [74, 1], [101, 1]]",[0.000206527906614786]
layer_8,26,"[[31, [1, 13, 1, 1, 1]], [33, [2, 8, 1, 1, 1]], [35, [48, 1, 3]], [62, 2], [68, 1], [74, 2], [101, 3]]",[4.7882739832149774e-05]
layer_8,27,"[[31, [13, 1, 1, 1, 1]], [33, [16, 1, 1, 1, 1]], [35, [18, 2, 4]], [62, 0], [68, 2], [74, 1], [101, 2]]",[0.00011123197984161267]
layer_8,28,"[[31, [13, 1, 1, 1, 1]], [33, [2, 4, 2, 1, 1]], [35, [48, 3, 1]], [62, 0], [68, 0], [74, 3], [101, 1]]",[10000000000]
layer_8,29,"[[31, [1, 13, 1, 1, 1]], [33, [1, 16, 1, 1, 1]], [35, [48, 1, 3]], [62, 2], [68, 1], [74, 2], [101, 3]]",[4.74461061975468e-05]
layer_8,30,"[[31, [1, 1, 1, 13, 1]], [33, [2, 2, 2, 1, 2]], [35, [48, 3, 1]], [62, 0], [68, 2], [74, 1], [101, 1]]",[0.0009024484234234233]
layer_8,31,"[[31, [1, 13, 1, 1, 1]], [33, [1, 2, 4, 1, 2]], [35, [72, 2, 1]], [62, 0], [68, 3], [74, 0], [101, 1]]",[0.00012781716313213704]
layer_8,32,"[[31, [13, 1, 1, 1, 1]], [33, [4, 4, 1, 1, 1]], [35, [48, 3, 1]], [62, 2], [68, 3], [74, 1], [101, 1]]",[0.00018066584144960364]
layer_8,33,"[[31, [13, 1, 1, 1, 1]], [33, [8, 2, 1, 1, 1]], [35, [6, 8, 3]], [62, 0], [68, 1], [74, 0], [101, 3]]",[4.6634562616243024e-05]
layer_8,34,"[[31, [13, 1, 1, 1, 1]], [33, [1, 4, 1, 2, 2]], [35, [36, 1, 4]], [62, 1], [68, 0], [74, 2], [101, 4]]",[0.0001645180354535975]
layer_8,35,"[[31, [13, 1, 1, 1, 1]], [33, [8, 1, 1, 1, 2]], [35, [36, 2, 2]], [62, 1], [68, 1], [74, 2], [101, 4]]",[0.00011509560941000748]
layer_8,36,"[[31, [1, 13, 1, 1, 1]], [33, [1, 1, 8, 2, 1]], [35, [72, 2, 1]], [62, 1], [68, 0], [74, 0], [101, 4]]",[7.572240229312063e-05]
layer_8,37,"[[31, [13, 1, 1, 1, 1]], [33, [1, 4, 1, 1, 4]], [35, [144, 1, 1]], [62, 0], [68, 0], [74, 3], [101, 4]]",[10000000000]
layer_8,38,"[[31, [1, 13, 1, 1, 1]], [33, [4, 2, 2, 1, 1]], [35, [72, 2, 1]], [62, 1], [68, 0], [74, 1], [101, 0]]",[4.110949203187251e-05]
layer_8,39,"[[31, [1, 1, 13, 1, 1]], [33, [4, 1, 1, 4, 1]], [35, [72, 1, 2]], [62, 0], [68, 3], [74, 2], [101, 0]]",[0.00011457554981818182]
layer_8,40,"[[31, [1, 13, 1, 1, 1]], [33, [2, 8, 1, 1, 1]], [35, [48, 1, 3]], [62, 1], [68, 1], [74, 2], [101, 3]]",[4.739587915216704e-05]
layer_8,41,"[[31, [1, 1, 1, 13, 1]], [33, [4, 1, 1, 4, 1]], [35, [48, 1, 3]], [62, 0], [68, 1], [74, 0], [101, 2]]",[0.001909199679245283]
layer_8,42,"[[31, [13, 1, 1, 1, 1]], [33, [1, 2, 4, 2, 1]], [35, [36, 4, 1]], [62, 0], [68, 0], [74, 1], [101, 3]]",[5.034305699658703e-05]
layer_8,43,"[[31, [1, 13, 1, 1, 1]], [33, [4, 1, 4, 1, 1]], [35, [12, 6, 2]], [62, 0], [68, 1], [74, 1], [101, 4]]",[7.365617389186556e-05]
layer_8,44,"[[31, [1, 1, 1, 13, 1]], [33, [1, 2, 2, 1, 4]], [35, [36, 2, 2]], [62, 0], [68, 1], [74, 3], [101, 3]]",[0.00017264930743982493]
layer_8,45,"[[31, [1, 13, 1, 1, 1]], [33, [1, 8, 2, 1, 1]], [35, [24, 6, 1]], [62, 0], [68, 0], [74, 2], [101, 3]]",[2.728220890545312e-05]
layer_8,46,"[[31, [1, 1, 1, 13, 1]], [33, [2, 4, 2, 1, 1]], [35, [72, 2, 1]], [62, 1], [68, 1], [74, 3], [101, 4]]",[10000000000]
layer_8,47,"[[31, [1, 13, 1, 1, 1]], [33, [4, 1, 2, 2, 1]], [35, [48, 3, 1]], [62, 2], [68, 1], [74, 2], [101, 2]]",[7.553289491859892e-05]
layer_8,48,"[[31, [1, 13, 1, 1, 1]], [33, [1, 2, 4, 1, 2]], [35, [72, 2, 1]], [62, 0], [68, 3], [74, 2], [101, 1]]",[0.00012937094117647057]
layer_8,49,"[[31, [1, 1, 1, 13, 1]], [33, [1, 2, 2, 2, 2]], [35, [48, 3, 1]], [62, 0], [68, 2], [74, 1], [101, 1]]",[0.00102864083974359]
layer_8,50,"[[31, [1, 13, 1, 1, 1]], [33, [1, 8, 1, 1, 2]], [35, [12, 12, 1]], [62, 0], [68, 1], [74, 3], [101, 3]]",[10000000000]
layer_8,51,"[[31, [1, 13, 1, 1, 1]], [33, [1, 1, 1, 16, 1]], [35, [72, 2, 1]], [62, 2], [68, 1], [74, 3], [101, 3]]",[10000000000]
layer_8,52,"[[31, [13, 1, 1, 1, 1]], [33, [8, 1, 2, 1, 1]], [35, [48, 1, 3]], [62, 0], [68, 0], [74, 2], [101, 3]]",[4.168132004555808e-05]
layer_8,53,"[[31, [1, 1, 1, 13, 1]], [33, [2, 1, 1, 2, 4]], [35, [36, 1, 4]], [62, 2], [68, 2], [74, 1], [101, 2]]",[0.0019345132307692309]
layer_8,54,"[[31, [13, 1, 1, 1, 1]], [33, [1, 1, 1, 16, 1]], [35, [72, 2, 1]], [62, 2], [68, 3], [74, 2], [101, 2]]",[0.0005688772014134275]
layer_8,55,"[[31, [1, 13, 1, 1, 1]], [33, [8, 2, 1, 1, 1]], [35, [12, 6, 2]], [62, 0], [68, 0], [74, 1], [101, 4]]",[3.685727727272727e-05]
layer_8,56,"[[31, [13, 1, 1, 1, 1]], [33, [1, 4, 4, 1, 1]], [35, [144, 1, 1]], [62, 0], [68, 2], [74, 2], [101, 1]]",[0.0001227556065830721]
layer_8,57,"[[31, [1, 1, 1, 13, 1]], [33, [8, 1, 2, 1, 1]], [35, [36, 4, 1]], [62, 1], [68, 2], [74, 2], [101, 1]]",[0.0005052952767295597]
layer_8,58,"[[31, [13, 1, 1, 1, 1]], [33, [1, 16, 1, 1, 1]], [35, [18, 4, 2]], [62, 0], [68, 1], [74, 3], [101, 3]]",[0.00010624140300546449]
layer_8,59,"[[31, [1, 1, 1, 13, 1]], [33, [4, 1, 1, 4, 1]], [35, [144, 1, 1]], [62, 0], [68, 1], [74, 0], [101, 2]]",[0.0013707572191780822]
layer_8,60,"[[31, [1, 1, 13, 1, 1]], [33, [2, 2, 1, 2, 2]], [35, [36, 1, 4]], [62, 3], [68, 1], [74, 1], [101, 0]]",[0.00014617460000000001]
layer_8,61,"[[31, [13, 1, 1, 1, 1]], [33, [8, 1, 2, 1, 1]], [35, [18, 2, 4]], [62, 0], [68, 2], [74, 1], [101, 2]]",[7.080611990632318e-05]
layer_8,62,"[[31, [1, 1, 13, 1, 1]], [33, [4, 1, 1, 1, 4]], [35, [72, 1, 2]], [62, 0], [68, 3], [74, 1], [101, 3]]",[0.00010284884794156706]
layer_8,63,"[[31, [1, 13, 1, 1, 1]], [33, [2, 2, 2, 2, 1]], [35, [24, 6, 1]], [62, 0], [68, 0], [74, 1], [101, 0]]",[0.0002079572179656539]
layer_8,64,"[[31, [1, 1, 13, 1, 1]], [33, [8, 1, 2, 1, 1]], [35, [36, 4, 1]], [62, 1], [68, 2], [74, 2], [101, 1]]",[6.528972064600612e-05]
layer_8,65,"[[31, [1, 13, 1, 1, 1]], [33, [4, 1, 2, 2, 1]], [35, [72, 2, 1]], [62, 0], [68, 0], [74, 3], [101, 0]]",[10000000000]
layer_8,66,"[[31, [13, 1, 1, 1, 1]], [33, [1, 2, 4, 2, 1]], [35, [16, 9, 1]], [62, 0], [68, 1], [74, 0], [101, 1]]",[0.00015978736639676115]
layer_8,67,"[[31, [1, 13, 1, 1, 1]], [33, [1, 4, 2, 1, 2]], [35, [36, 2, 2]], [62, 2], [68, 0], [74, 1], [101, 3]]",[7.169561321626617e-05]
layer_8,68,"[[31, [13, 1, 1, 1, 1]], [33, [4, 4, 1, 1, 1]], [35, [48, 3, 1]], [62, 2], [68, 2], [74, 1], [101, 1]]",[0.00017313845701849836]
layer_8,69,"[[31, [13, 1, 1, 1, 1]], [33, [1, 4, 4, 1, 1]], [35, [16, 3, 3]], [62, 2], [68, 1], [74, 2], [101, 3]]",[1.540068757475083e-05]
layer_8,70,"[[31, [13, 1, 1, 1, 1]], [33, [2, 2, 2, 2, 1]], [35, [24, 3, 2]], [62, 2], [68, 1], [74, 1], [101, 2]]",[6.285317980809345e-05]
layer_8,71,"[[31, [13, 1, 1, 1, 1]], [33, [2, 2, 1, 1, 4]], [35, [36, 1, 4]], [62, 1], [68, 0], [74, 1], [101, 3]]",[0.00013685290655021833]
layer_8,72,"[[31, [13, 1, 1, 1, 1]], [33, [4, 4, 1, 1, 1]], [35, [6, 12, 2]], [62, 0], [68, 2], [74, 1], [101, 1]]",[0.0001678532954303932]
layer_8,73,"[[31, [1, 1, 13, 1, 1]], [33, [2, 2, 2, 2, 1]], [35, [144, 1, 1]], [62, 3], [68, 3], [74, 0], [101, 3]]",[0.00021781361833105335]
layer_8,74,"[[31, [1, 1, 1, 13, 1]], [33, [2, 2, 2, 1, 2]], [35, [48, 3, 1]], [62, 0], [68, 2], [74, 1], [101, 3]]",[0.0009249192126436781]
layer_8,75,"[[31, [13, 1, 1, 1, 1]], [33, [1, 1, 2, 8, 1]], [35, [36, 1, 4]], [62, 1], [68, 0], [74, 1], [101, 1]]",[0.00010442539531772574]
layer_8,76,"[[31, [13, 1, 1, 1, 1]], [33, [4, 1, 1, 2, 2]], [35, [24, 6, 1]], [62, 2], [68, 0], [74, 3], [101, 3]]",[10000000000]
layer_8,77,"[[31, [13, 1, 1, 1, 1]], [33, [2, 8, 1, 1, 1]], [35, [72, 2, 1]], [62, 1], [68, 3], [74, 0], [101, 4]]",[3.35656703348162e-05]
layer_8,78,"[[31, [13, 1, 1, 1, 1]], [33, [4, 4, 1, 1, 1]], [35, [12, 12, 1]], [62, 1], [68, 3], [74, 1], [101, 1]]",[0.00017877680067567565]
layer_8,79,"[[31, [13, 1, 1, 1, 1]], [33, [1, 16, 1, 1, 1]], [35, [18, 4, 2]], [62, 0], [68, 0], [74, 3], [101, 4]]",[0.00011731448215641609]
layer_8,80,"[[31, [13, 1, 1, 1, 1]], [33, [2, 2, 1, 2, 2]], [35, [144, 1, 1]], [62, 0], [68, 2], [74, 0], [101, 0]]",[0.00015662019146825396]
layer_8,81,"[[31, [1, 1, 1, 13, 1]], [33, [2, 1, 2, 1, 4]], [35, [36, 4, 1]], [62, 0], [68, 1], [74, 1], [101, 2]]",[0.0003357142827004219]
layer_8,82,"[[31, [13, 1, 1, 1, 1]], [33, [4, 2, 2, 1, 1]], [35, [18, 4, 2]], [62, 0], [68, 1], [74, 2], [101, 0]]",[3.533070947570947e-05]
layer_8,83,"[[31, [1, 13, 1, 1, 1]], [33, [1, 2, 2, 2, 2]], [35, [24, 3, 2]], [62, 0], [68, 2], [74, 1], [101, 3]]",[0.00022644118361581921]
layer_8,84,"[[31, [13, 1, 1, 1, 1]], [33, [1, 1, 2, 8, 1]], [35, [36, 2, 2]], [62, 1], [68, 0], [74, 1], [101, 3]]",[0.00015239778653846153]
layer_8,85,"[[31, [13, 1, 1, 1, 1]], [33, [1, 1, 4, 1, 4]], [35, [72, 2, 1]], [62, 0], [68, 3], [74, 0], [101, 1]]",[0.00018012307474518687]
layer_8,86,"[[31, [1, 13, 1, 1, 1]], [33, [2, 8, 1, 1, 1]], [35, [24, 2, 3]], [62, 1], [68, 1], [74, 2], [101, 1]]",[0.00016312741855670104]
layer_8,87,"[[31, [1, 13, 1, 1, 1]], [33, [4, 2, 1, 2, 1]], [35, [48, 3, 1]], [62, 1], [68, 0], [74, 2], [101, 0]]",[0.00029685380555555555]
layer_8,88,"[[31, [13, 1, 1, 1, 1]], [33, [4, 1, 1, 1, 4]], [35, [9, 4, 4]], [62, 0], [68, 2], [74, 2], [101, 0]]",[0.00033654394758909857]
layer_8,89,"[[31, [1, 13, 1, 1, 1]], [33, [1, 4, 2, 1, 2]], [35, [36, 2, 2]], [62, 0], [68, 2], [74, 3], [101, 3]]",[2.941722834994463e-05]
layer_8,90,"[[31, [13, 1, 1, 1, 1]], [33, [4, 1, 2, 1, 2]], [35, [18, 4, 2]], [62, 0], [68, 3], [74, 1], [101, 0]]",[3.0374725465041692e-05]
layer_8,91,"[[31, [1, 13, 1, 1, 1]], [33, [4, 2, 1, 2, 1]], [35, [48, 3, 1]], [62, 2], [68, 0], [74, 0], [101, 0]]",[0.0003070798711538462]
layer_8,92,"[[31, [13, 1, 1, 1, 1]], [33, [2, 2, 1, 2, 2]], [35, [72, 1, 2]], [62, 2], [68, 2], [74, 1], [101, 0]]",[8.205836044657097e-05]
layer_8,93,"[[31, [1, 13, 1, 1, 1]], [33, [2, 1, 1, 4, 2]], [35, [48, 3, 1]], [62, 1], [68, 3], [74, 0], [101, 2]]",[0.0005988221791044776]
layer_8,94,"[[31, [1, 1, 13, 1, 1]], [33, [4, 1, 2, 1, 2]], [35, [48, 1, 3]], [62, 2], [68, 0], [74, 3], [101, 0]]",[10000000000]
layer_8,95,"[[31, [13, 1, 1, 1, 1]], [33, [4, 1, 1, 4, 1]], [35, [48, 1, 3]], [62, 0], [68, 3], [74, 0], [101, 2]]",[0.00024226186280487802]
layer_8,96,"[[31, [1, 1, 1, 13, 1]], [33, [2, 2, 1, 4, 1]], [35, [36, 2, 2]], [62, 2], [68, 1], [74, 2], [101, 2]]",[0.0012982472868852458]
layer_8,97,"[[31, [1, 1, 13, 1, 1]], [33, [4, 1, 1, 1, 4]], [35, [72, 2, 1]], [62, 0], [68, 1], [74, 1], [101, 0]]",[8.767118326693228e-05]
layer_8,98,"[[31, [13, 1, 1, 1, 1]], [33, [2, 2, 2, 1, 2]], [35, [48, 3, 1]], [62, 0], [68, 2], [74, 0], [101, 3]]",[0.00014452961192660548]
layer_8,99,"[[31, [1, 13, 1, 1, 1]], [33, [8, 1, 2, 1, 1]], [35, [18, 2, 4]], [62, 0], [68, 3], [74, 1], [101, 2]]",[3.209869944629014e-05]
layer_8,100,"[[31, [1, 13, 1, 1, 1]], [33, [1, 1, 4, 2, 2]], [35, [72, 1, 2]], [62, 0], [68, 3], [74, 1], [101, 3]]",[0.0001916287039711191]
layer_8,101,"[[31, [13, 1, 1, 1, 1]], [33, [1, 1, 4, 4, 1]], [35, [36, 4, 1]], [62, 1], [68, 0], [74, 1], [101, 2]]",[7.321575708113298e-05]
layer_8,102,"[[31, [13, 1, 1, 1, 1]], [33, [16, 1, 1, 1, 1]], [35, [18, 2, 4]], [62, 0], [68, 2], [74, 0], [101, 2]]",[0.00011683779073243648]
layer_8,103,"[[31, [13, 1, 1, 1, 1]], [33, [2, 1, 8, 1, 1]], [35, [24, 2, 3]], [62, 2], [68, 1], [74, 2], [101, 1]]",[5.252193619283941e-05]
layer_8,104,"[[31, [13, 1, 1, 1, 1]], [33, [2, 8, 1, 1, 1]], [35, [48, 1, 3]], [62, 0], [68, 1], [74, 2], [101, 0]]",[0.000194064]
layer_8,105,"[[31, [13, 1, 1, 1, 1]], [33, [2, 2, 2, 1, 2]], [35, [72, 2, 1]], [62, 2], [68, 2], [74, 2], [101, 0]]",[8.160327415966387e-05]
layer_8,106,"[[31, [13, 1, 1, 1, 1]], [33, [4, 1, 1, 4, 1]], [35, [48, 1, 3]], [62, 2], [68, 0], [74, 0], [101, 2]]",[0.00014944819694072658]
layer_8,107,"[[31, [13, 1, 1, 1, 1]], [33, [1, 8, 2, 1, 1]], [35, [144, 1, 1]], [62, 1], [68, 3], [74, 2], [101, 4]]",[0.0001939905644171779]
layer_8,108,"[[31, [13, 1, 1, 1, 1]], [33, [2, 2, 1, 2, 2]], [35, [72, 2, 1]], [62, 2], [68, 2], [74, 0], [101, 0]]",[8.388431284004353e-05]
layer_8,109,"[[31, [1, 13, 1, 1, 1]], [33, [2, 8, 1, 1, 1]], [35, [6, 6, 4]], [62, 2], [68, 1], [74, 1], [101, 1]]",[0.00016367003402061855]
layer_8,110,"[[31, [1, 13, 1, 1, 1]], [33, [2, 1, 1, 4, 2]], [35, [16, 3, 3]], [62, 0], [68, 0], [74, 1], [101, 1]]",[0.00031871624254473156]
layer_8,111,"[[31, [1, 13, 1, 1, 1]], [33, [1, 16, 1, 1, 1]], [35, [24, 6, 1]], [62, 0], [68, 0], [74, 2], [101, 1]]",[0.0001583639165829146]
layer_8,112,"[[31, [13, 1, 1, 1, 1]], [33, [1, 1, 4, 4, 1]], [35, [36, 4, 1]], [62, 1], [68, 2], [74, 1], [101, 2]]",[4.6320692186017085e-05]
layer_8,113,"[[31, [13, 1, 1, 1, 1]], [33, [1, 8, 1, 2, 1]], [35, [12, 12, 1]], [62, 1], [68, 0], [74, 1], [101, 0]]",[0.00029135220545454545]
layer_8,114,"[[31, [13, 1, 1, 1, 1]], [33, [1, 8, 1, 2, 1]], [35, [12, 12, 1]], [62, 2], [68, 2], [74, 1], [101, 0]]",[0.00023381434621099555]
layer_8,115,"[[31, [1, 1, 1, 13, 1]], [33, [4, 1, 1, 4, 1]], [35, [72, 1, 2]], [62, 2], [68, 1], [74, 2], [101, 1]]",[0.00021044230383091147]
layer_8,116,"[[31, [1, 1, 13, 1, 1]], [33, [4, 1, 1, 4, 1]], [35, [48, 1, 3]], [62, 0], [68, 3], [74, 0], [101, 2]]",[0.0002216001745810056]
layer_8,117,"[[31, [13, 1, 1, 1, 1]], [33, [1, 2, 2, 1, 4]], [35, [72, 2, 1]], [62, 0], [68, 3], [74, 1], [101, 2]]",[0.00024868249764521195]
layer_8,118,"[[31, [13, 1, 1, 1, 1]], [33, [1, 2, 4, 2, 1]], [35, [18, 8, 1]], [62, 0], [68, 0], [74, 1], [101, 4]]",[5.495516209386281e-05]
layer_8,119,"[[31, [1, 13, 1, 1, 1]], [33, [2, 1, 1, 4, 2]], [35, [24, 3, 2]], [62, 1], [68, 3], [74, 1], [101, 2]]",[0.0004135474559585493]
layer_8,120,"[[31, [13, 1, 1, 1, 1]], [33, [8, 1, 1, 1, 2]], [35, [8, 9, 2]], [62, 0], [68, 3], [74, 1], [101, 4]]",[8.238106078536847e-05]
layer_8,121,"[[31, [1, 1, 1, 13, 1]], [33, [1, 2, 2, 1, 4]], [35, [36, 1, 4]], [62, 2], [68, 1], [74, 3], [101, 3]]",[0.00016504261755485893]
layer_8,122,"[[31, [1, 13, 1, 1, 1]], [33, [1, 4, 1, 4, 1]], [35, [48, 3, 1]], [62, 2], [68, 2], [74, 2], [101, 3]]",[0.0001260631229903537]
layer_8,123,"[[31, [1, 13, 1, 1, 1]], [33, [1, 2, 2, 2, 2]], [35, [24, 3, 2]], [62, 0], [68, 2], [74, 1], [101, 0]]",[0.00031965356886227547]
layer_8,124,"[[31, [1, 1, 1, 13, 1]], [33, [4, 1, 2, 1, 2]], [35, [48, 1, 3]], [62, 2], [68, 1], [74, 3], [101, 3]]",[10000000000]
layer_8,125,"[[31, [13, 1, 1, 1, 1]], [33, [1, 8, 1, 1, 2]], [35, [18, 8, 1]], [62, 0], [68, 0], [74, 2], [101, 1]]",[0.0001743495907079646]
layer_8,126,"[[31, [1, 13, 1, 1, 1]], [33, [4, 2, 2, 1, 1]], [35, [6, 24, 1]], [62, 0], [68, 2], [74, 1], [101, 3]]",[7.213948056206088e-05]
layer_8,127,"[[31, [1, 13, 1, 1, 1]], [33, [4, 2, 2, 1, 1]], [35, [16, 3, 3]], [62, 2], [68, 3], [74, 0], [101, 0]]",[0.00012862049749582638]
layer_8,128,"[[31, [13, 1, 1, 1, 1]], [33, [1, 4, 4, 1, 1]], [35, [16, 3, 3]], [62, 2], [68, 1], [74, 1], [101, 3]]",[1.5270074791192104e-05]
layer_8,129,"[[31, [13, 1, 1, 1, 1]], [33, [1, 4, 4, 1, 1]], [35, [16, 3, 3]], [62, 2], [68, 1], [74, 3], [101, 3]]",[1.460999236815127e-05]
layer_8,130,"[[31, [13, 1, 1, 1, 1]], [33, [1, 4, 4, 1, 1]], [35, [8, 18, 1]], [62, 2], [68, 1], [74, 2], [101, 3]]",[1.790851324599709e-05]
layer_8,131,"[[31, [13, 1, 1, 1, 1]], [33, [1, 4, 4, 1, 1]], [35, [8, 6, 3]], [62, 2], [68, 1], [74, 2], [101, 3]]",[1.7905095050946144e-05]
layer_8,132,"[[31, [13, 1, 1, 1, 1]], [33, [1, 4, 4, 1, 1]], [35, [16, 3, 3]], [62, 2], [68, 2], [74, 2], [101, 3]]",[1.7063191976714757e-05]
layer_8,133,"[[31, [13, 1, 1, 1, 1]], [33, [1, 4, 4, 1, 1]], [35, [16, 3, 3]], [62, 2], [68, 2], [74, 3], [101, 3]]",[1.8605786839145108e-05]
layer_8,134,"[[31, [13, 1, 1, 1, 1]], [33, [1, 4, 4, 1, 1]], [35, [16, 3, 3]], [62, 1], [68, 1], [74, 2], [101, 3]]",[1.5353390787142497e-05]
layer_8,135,"[[31, [13, 1, 1, 1, 1]], [33, [1, 4, 4, 1, 1]], [35, [16, 3, 3]], [62, 1], [68, 1], [74, 3], [101, 3]]",[1.4754578224738045e-05]
layer_8,136,"[[31, [13, 1, 1, 1, 1]], [33, [1, 4, 4, 1, 1]], [35, [16, 3, 3]], [62, 0], [68, 1], [74, 1], [101, 3]]",[1.4609296940748323e-05]
layer_8,137,"[[31, [13, 1, 1, 1, 1]], [33, [1, 4, 4, 1, 1]], [35, [16, 3, 3]], [62, 0], [68, 1], [74, 3], [101, 3]]",[1.4947716398172638e-05]
layer_8,138,"[[31, [13, 1, 1, 1, 1]], [33, [1, 4, 4, 1, 1]], [35, [16, 3, 3]], [62, 0], [68, 1], [74, 2], [101, 3]]",[1.5601649434960326e-05]
layer_8,139,"[[31, [13, 1, 1, 1, 1]], [33, [1, 4, 4, 1, 1]], [35, [16, 3, 3]], [62, 2], [68, 1], [74, 0], [101, 3]]",[1.6865773576309796e-05]
layer_8,140,"[[31, [13, 1, 1, 1, 1]], [33, [1, 4, 4, 1, 1]], [35, [16, 9, 1]], [62, 2], [68, 3], [74, 1], [101, 3]]",[1.7028064318936875e-05]
layer_8,141,"[[31, [13, 1, 1, 1, 1]], [33, [1, 4, 4, 1, 1]], [35, [16, 3, 3]], [62, 2], [68, 3], [74, 1], [101, 3]]",[1.702834885881104e-05]
layer_8,142,"[[31, [13, 1, 1, 1, 1]], [33, [1, 4, 4, 1, 1]], [35, [16, 3, 3]], [62, 2], [68, 3], [74, 2], [101, 3]]",[1.9778172023540062e-05]
layer_8,143,"[[31, [13, 1, 1, 1, 1]], [33, [1, 4, 4, 1, 1]], [35, [16, 3, 3]], [62, 2], [68, 3], [74, 2], [101, 4]]",[1.9775599069632215e-05]
layer_8,144,"[[31, [13, 1, 1, 1, 1]], [33, [1, 4, 4, 1, 1]], [35, [16, 3, 3]], [62, 2], [68, 3], [74, 3], [101, 3]]",[1.7251897563464726e-05]
layer_8,145,"[[31, [13, 1, 1, 1, 1]], [33, [1, 4, 4, 1, 1]], [35, [8, 6, 3]], [62, 1], [68, 1], [74, 2], [101, 3]]",[1.8084475346020763e-05]
layer_8,146,"[[31, [13, 1, 1, 1, 1]], [33, [1, 4, 4, 1, 1]], [35, [16, 3, 3]], [62, 2], [68, 0], [74, 1], [101, 3]]",[1.421924114363823e-05]
layer_8,147,"[[31, [13, 1, 1, 1, 1]], [33, [1, 4, 4, 1, 1]], [35, [16, 3, 3]], [62, 2], [68, 0], [74, 2], [101, 4]]",[4.276891258542142e-05]
layer_8,148,"[[31, [13, 1, 1, 1, 1]], [33, [1, 4, 4, 1, 1]], [35, [16, 3, 3]], [62, 2], [68, 0], [74, 2], [101, 3]]",[1.4909361097794822e-05]
layer_8,149,"[[31, [13, 1, 1, 1, 1]], [33, [1, 4, 4, 1, 1]], [35, [16, 3, 3]], [62, 2], [68, 0], [74, 3], [101, 3]]",[1.4056834749865517e-05]
layer_8,150,"[[31, [13, 1, 1, 1, 1]], [33, [1, 4, 4, 1, 1]], [35, [16, 9, 1]], [62, 2], [68, 0], [74, 2], [101, 3]]",[1.4909133387133964e-05]
layer_8,151,"[[31, [13, 1, 1, 1, 1]], [33, [1, 4, 4, 1, 1]], [35, [8, 18, 1]], [62, 2], [68, 0], [74, 1], [101, 3]]",[1.3644813770844538e-05]
layer_8,152,"[[31, [13, 1, 1, 1, 1]], [33, [1, 4, 4, 1, 1]], [35, [8, 18, 1]], [62, 2], [68, 0], [74, 2], [101, 3]]",[1.5603735272902137e-05]
layer_8,153,"[[31, [13, 1, 1, 1, 1]], [33, [1, 4, 4, 1, 1]], [35, [8, 6, 3]], [62, 2], [68, 0], [74, 2], [101, 3]]",[1.560190442414042e-05]
layer_8,154,"[[31, [13, 1, 1, 1, 1]], [33, [1, 4, 4, 1, 1]], [35, [16, 3, 3]], [62, 2], [68, 2], [74, 0], [101, 3]]",[1.8490997249565723e-05]
layer_8,155,"[[31, [1, 13, 1, 1, 1]], [33, [8, 1, 2, 1, 1]], [35, [24, 6, 1]], [62, 1], [68, 1], [74, 2], [101, 3]]",[2.7426416045508044e-05]
layer_8,156,"[[31, [1, 13, 1, 1, 1]], [33, [8, 1, 2, 1, 1]], [35, [24, 3, 2]], [62, 1], [68, 3], [74, 1], [101, 3]]",[7.508717778860205e-05]
layer_8,157,"[[31, [1, 13, 1, 1, 1]], [33, [8, 1, 2, 1, 1]], [35, [24, 6, 1]], [62, 1], [68, 2], [74, 2], [101, 3]]",[4.9722711073253836e-05]
layer_8,158,"[[31, [13, 1, 1, 1, 1]], [33, [1, 4, 4, 1, 1]], [35, [16, 3, 3]], [62, 1], [68, 1], [74, 0], [101, 3]]",[1.70189780730897e-05]
layer_8,159,"[[31, [13, 1, 1, 1, 1]], [33, [1, 4, 2, 2, 1]], [35, [16, 3, 3]], [62, 2], [68, 1], [74, 1], [101, 3]]",[2.2659561297503578e-05]
layer_8,160,"[[31, [13, 1, 1, 1, 1]], [33, [1, 4, 2, 2, 1]], [35, [16, 3, 3]], [62, 2], [68, 1], [74, 2], [101, 3]]",[3.3696767145135574e-05]
layer_8,161,"[[31, [13, 1, 1, 1, 1]], [33, [1, 4, 4, 1, 1]], [35, [16, 3, 3]], [62, 0], [68, 1], [74, 0], [101, 3]]",[1.830638902812587e-05]
layer_8,162,"[[31, [13, 1, 1, 1, 1]], [33, [1, 4, 4, 1, 1]], [35, [16, 3, 3]], [62, 1], [68, 3], [74, 1], [101, 3]]",[1.709406338870432e-05]
layer_8,163,"[[31, [1, 13, 1, 1, 1]], [33, [8, 1, 2, 1, 1]], [35, [8, 6, 3]], [62, 0], [68, 1], [74, 2], [101, 3]]",[1.6499333206783097e-05]
layer_8,164,"[[31, [1, 13, 1, 1, 1]], [33, [8, 1, 2, 1, 1]], [35, [8, 6, 3]], [62, 0], [68, 1], [74, 3], [101, 3]]",[1.4604743364847933e-05]
layer_8,165,"[[31, [1, 13, 1, 1, 1]], [33, [8, 1, 2, 1, 1]], [35, [8, 6, 3]], [62, 0], [68, 2], [74, 2], [101, 3]]",[1.785013589529379e-05]
layer_8,166,"[[31, [1, 13, 1, 1, 1]], [33, [8, 1, 2, 1, 1]], [35, [8, 18, 1]], [62, 0], [68, 3], [74, 3], [101, 3]]",[2.034502186788155e-05]
layer_8,167,"[[31, [13, 1, 1, 1, 1]], [33, [1, 4, 4, 1, 1]], [35, [16, 3, 3]], [62, 0], [68, 3], [74, 1], [101, 3]]",[1.7333156943521592e-05]
layer_8,168,"[[31, [13, 1, 1, 1, 1]], [33, [1, 4, 4, 1, 1]], [35, [48, 1, 3]], [62, 2], [68, 1], [74, 1], [101, 3]]",[8.846834139320668e-05]
layer_8,169,"[[31, [13, 1, 1, 1, 1]], [33, [1, 4, 4, 1, 1]], [35, [48, 3, 1]], [62, 2], [68, 1], [74, 1], [101, 3]]",[8.847017731721359e-05]
layer_8,170,"[[31, [13, 1, 1, 1, 1]], [33, [1, 4, 4, 1, 1]], [35, [16, 3, 3]], [62, 2], [68, 3], [74, 0], [101, 3]]",[2.0990678359908882e-05]
layer_8,171,"[[31, [13, 1, 1, 1, 1]], [33, [1, 4, 4, 1, 1]], [35, [48, 3, 1]], [62, 2], [68, 1], [74, 2], [101, 3]]",[6.779714437555359e-05]
layer_8,172,"[[31, [13, 1, 1, 1, 1]], [33, [1, 4, 4, 1, 1]], [35, [48, 1, 3]], [62, 2], [68, 1], [74, 2], [101, 3]]",[6.779569627635711e-05]
layer_8,173,"[[31, [13, 1, 1, 1, 1]], [33, [1, 4, 4, 1, 1]], [35, [16, 3, 3]], [62, 1], [68, 0], [74, 3], [101, 3]]",[1.4080894262202684e-05]
layer_8,174,"[[31, [1, 13, 1, 1, 1]], [33, [8, 1, 2, 1, 1]], [35, [24, 6, 1]], [62, 0], [68, 1], [74, 3], [101, 3]]",[10000000000]
layer_8,175,"[[31, [1, 13, 1, 1, 1]], [33, [8, 1, 2, 1, 1]], [35, [24, 6, 1]], [62, 0], [68, 1], [74, 2], [101, 3]]",[2.7624900156924282e-05]
layer_8,176,"[[31, [13, 1, 1, 1, 1]], [33, [1, 4, 4, 1, 1]], [35, [16, 3, 3]], [62, 0], [68, 0], [74, 1], [101, 3]]",[1.4599261305387857e-05]
layer_8,177,"[[31, [13, 1, 1, 1, 1]], [33, [1, 4, 4, 1, 1]], [35, [16, 3, 3]], [62, 0], [68, 0], [74, 2], [101, 3]]",[1.4943037749459004e-05]
layer_8,178,"[[31, [1, 13, 1, 1, 1]], [33, [8, 1, 2, 1, 1]], [35, [24, 6, 1]], [62, 0], [68, 2], [74, 1], [101, 3]]",[4.820219724924522e-05]
layer_8,179,"[[31, [1, 13, 1, 1, 1]], [33, [8, 1, 2, 1, 1]], [35, [24, 6, 1]], [62, 0], [68, 3], [74, 2], [101, 3]]",[7.733139231966788e-05]
layer_8,180,"[[31, [1, 13, 1, 1, 1]], [33, [8, 1, 2, 1, 1]], [35, [24, 6, 1]], [62, 0], [68, 2], [74, 3], [101, 4]]",[10000000000]
layer_8,181,"[[31, [1, 13, 1, 1, 1]], [33, [8, 1, 2, 1, 1]], [35, [24, 6, 1]], [62, 0], [68, 2], [74, 2], [101, 3]]",[5.0048916467780435e-05]
layer_8,182,"[[31, [1, 13, 1, 1, 1]], [33, [8, 1, 2, 1, 1]], [35, [24, 6, 1]], [62, 0], [68, 2], [74, 3], [101, 3]]",[10000000000]
layer_8,183,"[[31, [13, 1, 1, 1, 1]], [33, [1, 4, 4, 1, 1]], [35, [8, 18, 1]], [62, 1], [68, 0], [74, 2], [101, 3]]",[1.5644766710827413e-05]
layer_8,184,"[[31, [13, 1, 1, 1, 1]], [33, [1, 4, 2, 2, 1]], [35, [16, 9, 1]], [62, 2], [68, 3], [74, 1], [101, 4]]",[2.8586256212152853e-05]
layer_8,185,"[[31, [13, 1, 1, 1, 1]], [33, [1, 4, 2, 2, 1]], [35, [16, 9, 1]], [62, 0], [68, 3], [74, 1], [101, 4]]",[2.8927732720818538e-05]
layer_8,186,"[[31, [1, 13, 1, 1, 1]], [33, [1, 8, 2, 1, 1]], [35, [72, 1, 2]], [62, 0], [68, 2], [74, 1], [101, 4]]",[4.050770956719818e-05]
layer_8,187,"[[31, [13, 1, 1, 1, 1]], [33, [1, 4, 4, 1, 1]], [35, [24, 6, 1]], [62, 2], [68, 0], [74, 2], [101, 3]]",[3.0581182560137455e-05]
layer_8,188,"[[31, [1, 13, 1, 1, 1]], [33, [1, 8, 2, 1, 1]], [35, [72, 1, 2]], [62, 0], [68, 2], [74, 2], [101, 4]]",[3.543221835677276e-05]
layer_8,189,"[[31, [1, 13, 1, 1, 1]], [33, [4, 1, 1, 4, 1]], [35, [72, 1, 2]], [62, 1], [68, 0], [74, 2], [101, 2]]",[0.00015534983529411764]
layer_8,190,"[[31, [13, 1, 1, 1, 1]], [33, [1, 8, 2, 1, 1]], [35, [8, 18, 1]], [62, 2], [68, 2], [74, 1], [101, 0]]",[8.73276833621186e-05]
layer_8,191,"[[31, [13, 1, 1, 1, 1]], [33, [2, 1, 1, 4, 2]], [35, [144, 1, 1]], [62, 2], [68, 0], [74, 3], [101, 4]]",[10000000000]
layer_8,192,"[[31, [13, 1, 1, 1, 1]], [33, [1, 4, 4, 1, 1]], [35, [8, 6, 3]], [62, 2], [68, 0], [74, 1], [101, 3]]",[1.4181967827186029e-05]
layer_8,193,"[[31, [13, 1, 1, 1, 1]], [33, [1, 4, 4, 1, 1]], [35, [8, 18, 1]], [62, 1], [68, 0], [74, 1], [101, 3]]",[1.364723765465304e-05]
layer_8,194,"[[31, [13, 1, 1, 1, 1]], [33, [1, 4, 4, 1, 1]], [35, [8, 18, 1]], [62, 0], [68, 0], [74, 1], [101, 3]]",[1.4027442386831276e-05]
layer_8,195,"[[31, [13, 1, 1, 1, 1]], [33, [1, 4, 4, 1, 1]], [35, [16, 9, 1]], [62, 2], [68, 0], [74, 3], [101, 3]]",[1.3992956031438659e-05]
layer_8,196,"[[31, [13, 1, 1, 1, 1]], [33, [1, 4, 4, 1, 1]], [35, [16, 9, 1]], [62, 1], [68, 0], [74, 3], [101, 3]]",[1.4087552226905115e-05]
layer_8,197,"[[31, [13, 1, 1, 1, 1]], [33, [1, 4, 4, 1, 1]], [35, [16, 9, 1]], [62, 2], [68, 0], [74, 1], [101, 3]]",[1.4251166264506492e-05]
layer_8,198,"[[31, [13, 1, 1, 1, 1]], [33, [1, 4, 4, 1, 1]], [35, [16, 3, 3]], [62, 1], [68, 0], [74, 1], [101, 3]]",[1.4407038728784598e-05]
layer_8,199,"[[31, [13, 1, 1, 1, 1]], [33, [1, 4, 4, 1, 1]], [35, [16, 9, 1]], [62, 1], [68, 0], [74, 1], [101, 3]]",[1.4410067319740292e-05]
layer_8,200,"[[31, [13, 1, 1, 1, 1]], [33, [1, 4, 4, 1, 1]], [35, [16, 9, 1]], [62, 0], [68, 0], [74, 3], [101, 3]]",[1.4935089163237313e-05]
layer_8,201,"[[31, [13, 1, 1, 1, 1]], [33, [1, 4, 4, 1, 1]], [35, [16, 3, 3]], [62, 0], [68, 0], [74, 3], [101, 3]]",[1.4935747655686463e-05]
layer_8,202,"[[31, [13, 1, 1, 1, 1]], [33, [1, 4, 4, 1, 1]], [35, [16, 9, 1]], [62, 0], [68, 0], [74, 1], [101, 3]]",[1.4582321790636747e-05]
layer_8,203,"[[31, [13, 1, 1, 1, 1]], [33, [1, 4, 4, 1, 1]], [35, [16, 3, 3]], [62, 1], [68, 0], [74, 2], [101, 3]]",[1.495936573595312e-05]
layer_8,204,"[[31, [13, 1, 1, 1, 1]], [33, [1, 4, 4, 1, 1]], [35, [16, 9, 1]], [62, 2], [68, 1], [74, 3], [101, 3]]",[1.4608065280115414e-05]
layer_8,205,"[[31, [13, 1, 1, 1, 1]], [33, [1, 4, 4, 1, 1]], [35, [16, 9, 1]], [62, 1], [68, 1], [74, 3], [101, 3]]",[1.4695719843462245e-05]
layer_8,206,"[[31, [13, 1, 1, 1, 1]], [33, [1, 4, 4, 1, 1]], [35, [16, 9, 1]], [62, 2], [68, 1], [74, 1], [101, 3]]",[1.4272779929376922e-05]
layer_8,207,"[[31, [13, 1, 1, 1, 1]], [33, [1, 4, 4, 1, 1]], [35, [16, 3, 3]], [62, 1], [68, 1], [74, 1], [101, 3]]",[1.4355109615384615e-05]
layer_8,208,"[[31, [13, 1, 1, 1, 1]], [33, [1, 4, 4, 1, 1]], [35, [16, 9, 1]], [62, 0], [68, 1], [74, 3], [101, 3]]",[1.4925275202187035e-05]
layer_8,209,"[[31, [13, 1, 1, 1, 1]], [33, [1, 4, 4, 1, 1]], [35, [16, 9, 1]], [62, 0], [68, 1], [74, 1], [101, 3]]",[1.4568583893381934e-05]
layer_8,210,"[[31, [1, 13, 1, 1, 1]], [33, [8, 1, 2, 1, 1]], [35, [8, 6, 3]], [62, 0], [68, 1], [74, 1], [101, 3]]",[2.537636869150303e-05]
layer_8,211,"[[31, [13, 1, 1, 1, 1]], [33, [1, 4, 4, 1, 1]], [35, [8, 6, 3]], [62, 2], [68, 0], [74, 3], [101, 3]]",[1.8244675859081723e-05]
layer_8,212,"[[31, [13, 1, 1, 1, 1]], [33, [1, 4, 4, 1, 1]], [35, [16, 9, 1]], [62, 2], [68, 1], [74, 2], [101, 3]]",[1.5260663662535988e-05]
layer_8,213,"[[31, [13, 1, 1, 1, 1]], [33, [1, 4, 4, 1, 1]], [35, [16, 9, 1]], [62, 1], [68, 1], [74, 2], [101, 3]]",[1.5333039432555905e-05]
layer_8,214,"[[31, [13, 1, 1, 1, 1]], [33, [1, 4, 4, 1, 1]], [35, [8, 18, 1]], [62, 1], [68, 0], [74, 3], [101, 3]]",[1.8318111497289032e-05]
layer_8,215,"[[31, [1, 13, 1, 1, 1]], [33, [8, 1, 2, 1, 1]], [35, [8, 18, 1]], [62, 0], [68, 1], [74, 3], [101, 3]]",[1.4539130715438408e-05]
layer_8,216,"[[31, [1, 13, 1, 1, 1]], [33, [8, 1, 2, 1, 1]], [35, [8, 6, 3]], [62, 1], [68, 1], [74, 1], [101, 3]]",[2.5475402619589977e-05]
layer_8,217,"[[31, [1, 13, 1, 1, 1]], [33, [8, 1, 2, 1, 1]], [35, [8, 6, 3]], [62, 2], [68, 1], [74, 1], [101, 3]]",[2.5249956406166928e-05]
layer_8,218,"[[31, [13, 1, 1, 1, 1]], [33, [1, 4, 4, 1, 1]], [35, [16, 9, 1]], [62, 0], [68, 1], [74, 2], [101, 3]]",[1.5551271323715517e-05]
layer_8,219,"[[31, [13, 1, 1, 1, 1]], [33, [1, 4, 4, 1, 1]], [35, [8, 9, 2]], [62, 2], [68, 0], [74, 2], [101, 3]]",[1.5569288690834638e-05]
layer_8,220,"[[31, [13, 1, 1, 1, 1]], [33, [1, 4, 4, 1, 1]], [35, [8, 6, 3]], [62, 1], [68, 0], [74, 2], [101, 3]]",[1.5621118577575298e-05]
layer_8,221,"[[31, [13, 1, 1, 1, 1]], [33, [1, 4, 4, 1, 1]], [35, [8, 9, 2]], [62, 2], [68, 3], [74, 1], [101, 3]]",[1.7691560828783425e-05]
layer_8,222,"[[31, [13, 1, 1, 1, 1]], [33, [1, 4, 4, 1, 1]], [35, [8, 6, 3]], [62, 1], [68, 3], [74, 1], [101, 3]]",[1.8741111528822052e-05]
layer_8,223,"[[31, [13, 1, 1, 1, 1]], [33, [1, 4, 4, 1, 1]], [35, [8, 18, 1]], [62, 1], [68, 3], [74, 1], [101, 3]]",[1.874026087562744e-05]
layer_8,224,"[[31, [13, 1, 1, 1, 1]], [33, [1, 4, 4, 1, 1]], [35, [8, 18, 1]], [62, 0], [68, 0], [74, 2], [101, 3]]",[1.5769885092381677e-05]
layer_8,225,"[[31, [13, 1, 1, 1, 1]], [33, [1, 4, 4, 1, 1]], [35, [8, 9, 2]], [62, 2], [68, 2], [74, 1], [101, 3]]",[1.5432785055245472e-05]
layer_8,226,"[[31, [13, 1, 1, 1, 1]], [33, [1, 4, 4, 1, 1]], [35, [8, 18, 1]], [62, 2], [68, 2], [74, 1], [101, 3]]",[1.5432755349843716e-05]
layer_8,227,"[[31, [13, 1, 1, 1, 1]], [33, [1, 4, 4, 1, 1]], [35, [8, 18, 1]], [62, 1], [68, 2], [74, 1], [101, 3]]",[1.6160414556040755e-05]
layer_8,228,"[[31, [13, 1, 1, 1, 1]], [33, [1, 4, 4, 1, 1]], [35, [8, 18, 1]], [62, 0], [68, 3], [74, 1], [101, 3]]",[1.8196043076033534e-05]
layer_8,229,"[[31, [13, 1, 1, 1, 1]], [33, [1, 4, 4, 1, 1]], [35, [8, 18, 1]], [62, 0], [68, 2], [74, 1], [101, 3]]",[1.571176611295681e-05]
layer_8,230,"[[31, [13, 1, 1, 1, 1]], [33, [1, 4, 4, 1, 1]], [35, [8, 6, 3]], [62, 2], [68, 1], [74, 1], [101, 3]]",[1.4055144435584918e-05]
layer_8,231,"[[31, [13, 1, 1, 1, 1]], [33, [1, 4, 4, 1, 1]], [35, [8, 18, 1]], [62, 2], [68, 1], [74, 1], [101, 3]]",[1.4056435015377606e-05]
layer_8,232,"[[31, [13, 1, 1, 1, 1]], [33, [1, 4, 4, 1, 1]], [35, [8, 6, 3]], [62, 1], [68, 1], [74, 1], [101, 3]]",[1.4680209932794168e-05]
layer_8,233,"[[31, [13, 1, 1, 1, 1]], [33, [1, 4, 4, 1, 1]], [35, [8, 18, 1]], [62, 1], [68, 1], [74, 1], [101, 3]]",[1.4681559870161097e-05]
layer_8,234,"[[31, [1, 13, 1, 1, 1]], [33, [8, 1, 2, 1, 1]], [35, [8, 6, 3]], [62, 1], [68, 1], [74, 3], [101, 3]]",[1.5228768574176486e-05]
layer_8,235,"[[31, [1, 13, 1, 1, 1]], [33, [8, 1, 2, 1, 1]], [35, [8, 6, 3]], [62, 2], [68, 1], [74, 3], [101, 3]]",[1.4421451542357273e-05]
layer_8,236,"[[31, [1, 13, 1, 1, 1]], [33, [8, 1, 2, 1, 1]], [35, [8, 6, 3]], [62, 0], [68, 0], [74, 1], [101, 3]]",[3.649710554951034e-05]
layer_8,237,"[[31, [13, 1, 1, 1, 1]], [33, [1, 4, 4, 1, 1]], [35, [8, 18, 1]], [62, 0], [68, 1], [74, 1], [101, 3]]",[1.4684980163500841e-05]
layer_8,238,"[[31, [1, 13, 1, 1, 1]], [33, [8, 1, 2, 1, 1]], [35, [8, 6, 3]], [62, 1], [68, 1], [74, 2], [101, 3]]",[1.6499462541128827e-05]
layer_8,239,"[[31, [1, 13, 1, 1, 1]], [33, [8, 1, 2, 1, 1]], [35, [8, 18, 1]], [62, 1], [68, 1], [74, 2], [101, 3]]",[1.649882725892179e-05]
layer_8,240,"[[31, [13, 1, 1, 1, 1]], [33, [1, 4, 4, 1, 1]], [35, [16, 3, 3]], [62, 2], [68, 0], [74, 0], [101, 3]]",[1.6060184402515724e-05]
layer_8,241,"[[31, [13, 1, 1, 1, 1]], [33, [1, 4, 4, 1, 1]], [35, [16, 9, 1]], [62, 2], [68, 0], [74, 0], [101, 3]]",[1.6062416249050872e-05]
layer_8,242,"[[31, [13, 1, 1, 1, 1]], [33, [1, 4, 4, 1, 1]], [35, [16, 9, 1]], [62, 1], [68, 0], [74, 0], [101, 3]]",[1.6175990531885267e-05]
layer_8,243,"[[31, [13, 1, 1, 1, 1]], [33, [1, 4, 4, 1, 1]], [35, [16, 3, 3]], [62, 1], [68, 0], [74, 0], [101, 3]]",[1.6175234497595546e-05]
layer_8,244,"[[31, [13, 1, 1, 1, 1]], [33, [1, 4, 4, 1, 1]], [35, [16, 3, 3]], [62, 0], [68, 0], [74, 0], [101, 3]]",[1.6668444697544925e-05]
layer_8,245,"[[31, [13, 1, 1, 1, 1]], [33, [1, 4, 4, 1, 1]], [35, [16, 9, 1]], [62, 0], [68, 0], [74, 0], [101, 3]]",[1.666793993914539e-05]
layer_8,246,"[[31, [1, 13, 1, 1, 1]], [33, [8, 1, 2, 1, 1]], [35, [8, 6, 3]], [62, 0], [68, 0], [74, 3], [101, 3]]",[2.1057418526955204e-05]
layer_8,247,"[[31, [13, 1, 1, 1, 1]], [33, [1, 4, 4, 1, 1]], [35, [8, 6, 3]], [62, 2], [68, 0], [74, 0], [101, 3]]",[2.863514672730868e-05]
layer_8,248,"[[31, [13, 1, 1, 1, 1]], [33, [1, 4, 4, 1, 1]], [35, [8, 18, 1]], [62, 0], [68, 0], [74, 0], [101, 3]]",[2.9869064792962884e-05]
layer_8,249,"[[31, [1, 13, 1, 1, 1]], [33, [8, 1, 2, 1, 1]], [35, [8, 6, 3]], [62, 0], [68, 0], [74, 2], [101, 3]]",[2.4029354237867395e-05]
layer_8,250,"[[31, [13, 1, 1, 1, 1]], [33, [1, 4, 4, 1, 1]], [35, [16, 3, 3]], [62, 0], [68, 2], [74, 1], [101, 3]]",[1.5824529613507454e-05]
layer_8,251,"[[31, [13, 1, 1, 1, 1]], [33, [1, 4, 4, 1, 1]], [35, [16, 9, 1]], [62, 0], [68, 2], [74, 1], [101, 3]]",[1.5824107117095457e-05]
layer_8,252,"[[31, [13, 1, 1, 1, 1]], [33, [1, 4, 4, 1, 1]], [35, [16, 9, 1]], [62, 0], [68, 3], [74, 1], [101, 3]]",[1.7331217505168848e-05]
layer_8,253,"[[31, [1, 13, 1, 1, 1]], [33, [2, 2, 1, 4, 1]], [35, [36, 4, 1]], [62, 0], [68, 2], [74, 1], [101, 3]]",[0.00013288230025231286]
layer_8,254,"[[31, [13, 1, 1, 1, 1]], [33, [1, 2, 1, 4, 2]], [35, [18, 2, 4]], [62, 0], [68, 3], [74, 2], [101, 4]]",[5.624368906020558e-05]
layer_8,255,"[[31, [1, 1, 1, 13, 1]], [33, [1, 2, 2, 4, 1]], [35, [36, 1, 4]], [62, 0], [68, 3], [74, 3], [101, 0]]",[0.0005138713099041534]
layer_8,256,"[[31, [13, 1, 1, 1, 1]], [33, [1, 4, 4, 1, 1]], [35, [8, 6, 3]], [62, 1], [68, 0], [74, 1], [101, 3]]",[1.4390905506131282e-05]
layer_8,257,"[[31, [13, 1, 1, 1, 1]], [33, [1, 4, 4, 1, 1]], [35, [8, 6, 3]], [62, 0], [68, 0], [74, 1], [101, 3]]",[1.4171768424649734e-05]
layer_8,258,"[[31, [13, 1, 1, 1, 1]], [33, [1, 4, 4, 1, 1]], [35, [8, 9, 2]], [62, 0], [68, 0], [74, 1], [101, 3]]",[1.4157749542764929e-05]
layer_8,259,"[[31, [13, 1, 1, 1, 1]], [33, [1, 4, 4, 1, 1]], [35, [16, 9, 1]], [62, 1], [68, 1], [74, 1], [101, 3]]",[1.4349996810570682e-05]
layer_8,260,"[[31, [13, 1, 1, 1, 1]], [33, [1, 4, 4, 1, 1]], [35, [8, 9, 2]], [62, 2], [68, 1], [74, 1], [101, 3]]",[1.4016405090497738e-05]
layer_8,261,"[[31, [13, 1, 1, 1, 1]], [33, [1, 4, 4, 1, 1]], [35, [16, 9, 1]], [62, 1], [68, 0], [74, 2], [101, 3]]",[1.4965566362106275e-05]
layer_8,262,"[[31, [13, 1, 1, 1, 1]], [33, [1, 4, 4, 1, 1]], [35, [8, 6, 3]], [62, 0], [68, 1], [74, 1], [101, 3]]",[1.4691855624142659e-05]
layer_8,263,"[[31, [1, 13, 1, 1, 1]], [33, [8, 1, 2, 1, 1]], [35, [8, 18, 1]], [62, 2], [68, 1], [74, 3], [101, 3]]",[1.4386584749603445e-05]
layer_8,264,"[[31, [1, 13, 1, 1, 1]], [33, [8, 1, 2, 1, 1]], [35, [8, 18, 1]], [62, 1], [68, 1], [74, 3], [101, 3]]",[1.5195085886610374e-05]
layer_8,265,"[[31, [13, 1, 1, 1, 1]], [33, [1, 4, 4, 1, 1]], [35, [16, 9, 1]], [62, 0], [68, 0], [74, 2], [101, 3]]",[1.4871874729502284e-05]
layer_8,266,"[[31, [1, 13, 1, 1, 1]], [33, [8, 1, 2, 1, 1]], [35, [8, 9, 2]], [62, 0], [68, 1], [74, 3], [101, 3]]",[1.4533136620856912e-05]
layer_8,267,"[[31, [13, 1, 1, 1, 1]], [33, [1, 4, 4, 1, 1]], [35, [8, 6, 3]], [62, 2], [68, 2], [74, 1], [101, 3]]",[1.570379549481144e-05]
layer_8,268,"[[31, [13, 1, 1, 1, 1]], [33, [1, 4, 4, 1, 1]], [35, [8, 9, 2]], [62, 1], [68, 2], [74, 1], [101, 3]]",[1.6152803973677546e-05]
layer_8,269,"[[31, [13, 1, 1, 1, 1]], [33, [1, 4, 4, 1, 1]], [35, [8, 6, 3]], [62, 1], [68, 2], [74, 1], [101, 3]]",[1.5712347886610986e-05]
layer_8,270,"[[31, [13, 1, 1, 1, 1]], [33, [1, 4, 4, 1, 1]], [35, [8, 6, 3]], [62, 0], [68, 2], [74, 1], [101, 3]]",[1.599331056478405e-05]
layer_8,271,"[[31, [13, 1, 1, 1, 1]], [33, [1, 4, 4, 1, 1]], [35, [8, 9, 2]], [62, 1], [68, 0], [74, 2], [101, 3]]",[1.56289879778793e-05]
layer_8,272,"[[31, [1, 13, 1, 1, 1]], [33, [8, 1, 2, 1, 1]], [35, [8, 6, 3]], [62, 2], [68, 2], [74, 3], [101, 3]]",[1.6044740192356366e-05]
layer_8,273,"[[31, [13, 1, 1, 1, 1]], [33, [1, 4, 4, 1, 1]], [35, [8, 6, 3]], [62, 0], [68, 0], [74, 2], [101, 3]]",[1.5776493925588458e-05]
layer_8,274,"[[31, [13, 1, 1, 1, 1]], [33, [1, 4, 4, 1, 1]], [35, [8, 9, 2]], [62, 0], [68, 0], [74, 2], [101, 3]]",[1.5777077903342148e-05]
layer_8,275,"[[31, [1, 13, 1, 1, 1]], [33, [8, 1, 2, 1, 1]], [35, [8, 18, 1]], [62, 1], [68, 2], [74, 3], [101, 3]]",[1.5754722854973424e-05]
layer_8,276,"[[31, [1, 13, 1, 1, 1]], [33, [8, 1, 2, 1, 1]], [35, [8, 18, 1]], [62, 2], [68, 1], [74, 2], [101, 3]]",[1.6094716529724506e-05]
layer_8,277,"[[31, [13, 1, 1, 1, 1]], [33, [1, 4, 4, 1, 1]], [35, [16, 3, 3]], [62, 2], [68, 2], [74, 1], [101, 3]]",[1.5554154243808607e-05]
layer_8,278,"[[31, [13, 1, 1, 1, 1]], [33, [1, 4, 4, 1, 1]], [35, [16, 9, 1]], [62, 2], [68, 2], [74, 1], [101, 3]]",[1.5554855859137827e-05]
layer_8,279,"[[31, [1, 13, 1, 1, 1]], [33, [8, 1, 2, 1, 1]], [35, [8, 9, 2]], [62, 0], [68, 2], [74, 3], [101, 3]]",[1.590024174372523e-05]
layer_8,280,"[[31, [1, 13, 1, 1, 1]], [33, [8, 1, 2, 1, 1]], [35, [8, 6, 3]], [62, 0], [68, 2], [74, 3], [101, 3]]",[1.590297177929638e-05]
layer_8,281,"[[31, [1, 13, 1, 1, 1]], [33, [8, 1, 2, 1, 1]], [35, [8, 18, 1]], [62, 0], [68, 2], [74, 3], [101, 3]]",[1.5901031242460796e-05]
layer_8,282,"[[31, [13, 1, 1, 1, 1]], [33, [1, 4, 4, 1, 1]], [35, [8, 18, 1]], [62, 1], [68, 1], [74, 2], [101, 3]]",[1.805138458471761e-05]
layer_8,283,"[[31, [13, 1, 1, 1, 1]], [33, [1, 4, 4, 1, 1]], [35, [16, 9, 1]], [62, 1], [68, 1], [74, 0], [101, 3]]",[1.7936111528822055e-05]
layer_8,284,"[[31, [13, 1, 1, 1, 1]], [33, [1, 4, 4, 1, 1]], [35, [8, 18, 1]], [62, 0], [68, 1], [74, 2], [101, 3]]",[1.8157527043189367e-05]
layer_8,285,"[[31, [13, 1, 1, 1, 1]], [33, [1, 4, 4, 1, 1]], [35, [8, 6, 3]], [62, 0], [68, 1], [74, 2], [101, 3]]",[1.815930138629699e-05]
layer_8,286,"[[31, [13, 1, 1, 1, 1]], [33, [1, 4, 4, 1, 1]], [35, [16, 9, 1]], [62, 2], [68, 1], [74, 0], [101, 3]]",[1.793993372319688e-05]
layer_8,287,"[[31, [13, 1, 1, 1, 1]], [33, [1, 4, 4, 1, 1]], [35, [16, 9, 1]], [62, 1], [68, 3], [74, 1], [101, 3]]",[1.7063310564784053e-05]
layer_8,288,"[[31, [13, 1, 1, 1, 1]], [33, [1, 4, 4, 1, 1]], [35, [16, 9, 1]], [62, 0], [68, 1], [74, 0], [101, 3]]",[1.781283242524917e-05]
layer_8,289,"[[31, [13, 1, 1, 1, 1]], [33, [1, 4, 4, 1, 1]], [35, [16, 3, 3]], [62, 0], [68, 2], [74, 3], [101, 3]]",[1.8819241921397378e-05]
layer_8,290,"[[31, [13, 1, 1, 1, 1]], [33, [1, 4, 4, 1, 1]], [35, [16, 9, 1]], [62, 0], [68, 2], [74, 3], [101, 3]]",[1.8821559351476546e-05]
layer_8,291,"[[31, [13, 1, 1, 1, 1]], [33, [1, 4, 4, 1, 1]], [35, [16, 3, 3]], [62, 0], [68, 2], [74, 2], [101, 3]]",[1.73211084697733e-05]
layer_8,292,"[[31, [13, 1, 1, 1, 1]], [33, [1, 4, 4, 1, 1]], [35, [16, 9, 1]], [62, 0], [68, 2], [74, 2], [101, 3]]",[1.7321824727916984e-05]
layer_8,293,"[[31, [13, 1, 1, 1, 1]], [33, [1, 4, 4, 1, 1]], [35, [16, 9, 1]], [62, 1], [68, 2], [74, 3], [101, 3]]",[1.858766013667426e-05]
layer_8,294,"[[31, [13, 1, 1, 1, 1]], [33, [1, 4, 4, 1, 1]], [35, [16, 3, 3]], [62, 1], [68, 2], [74, 3], [101, 3]]",[1.857756905997693e-05]
layer_8,295,"[[31, [13, 1, 1, 1, 1]], [33, [1, 4, 4, 1, 1]], [35, [16, 9, 1]], [62, 1], [68, 2], [74, 2], [101, 3]]",[1.708475633528265e-05]
layer_8,296,"[[31, [13, 1, 1, 1, 1]], [33, [1, 4, 4, 1, 1]], [35, [16, 3, 3]], [62, 1], [68, 2], [74, 2], [101, 3]]",[1.7084729665406693e-05]
layer_8,297,"[[31, [13, 1, 1, 1, 1]], [33, [1, 4, 4, 1, 1]], [35, [16, 9, 1]], [62, 2], [68, 2], [74, 3], [101, 3]]",[1.8519835535307517e-05]
layer_8,298,"[[31, [13, 1, 1, 1, 1]], [33, [1, 4, 4, 1, 1]], [35, [8, 18, 1]], [62, 2], [68, 0], [74, 3], [101, 3]]",[1.8234978375381205e-05]
layer_8,299,"[[31, [13, 1, 1, 1, 1]], [33, [1, 4, 4, 1, 1]], [35, [16, 9, 1]], [62, 2], [68, 2], [74, 2], [101, 3]]",[1.7023125537838523e-05]
layer_8,300,"[[31, [1, 13, 1, 1, 1]], [33, [8, 1, 2, 1, 1]], [35, [16, 3, 3]], [62, 2], [68, 1], [74, 3], [101, 3]]",[2.016090387243736e-05]
layer_8,301,"[[31, [13, 1, 1, 1, 1]], [33, [1, 4, 4, 1, 1]], [35, [8, 6, 3]], [62, 1], [68, 0], [74, 3], [101, 3]]",[1.8333326200873363e-05]
layer_8,302,"[[31, [13, 1, 1, 1, 1]], [33, [1, 4, 4, 1, 1]], [35, [8, 18, 1]], [62, 2], [68, 2], [74, 2], [101, 3]]",[1.9668095145047347e-05]
layer_8,303,"[[31, [13, 1, 1, 1, 1]], [33, [1, 4, 4, 1, 1]], [35, [8, 6, 3]], [62, 2], [68, 2], [74, 2], [101, 3]]",[1.9669742940320234e-05]
layer_8,304,"[[31, [13, 1, 1, 1, 1]], [33, [1, 4, 4, 1, 1]], [35, [8, 9, 2]], [62, 2], [68, 2], [74, 2], [101, 3]]",[1.9665130022573365e-05]
layer_8,305,"[[31, [1, 13, 1, 1, 1]], [33, [8, 1, 2, 1, 1]], [35, [8, 6, 3]], [62, 2], [68, 2], [74, 2], [101, 3]]",[1.6813059401993354e-05]
layer_8,306,"[[31, [13, 1, 1, 1, 1]], [33, [1, 4, 4, 1, 1]], [35, [8, 6, 3]], [62, 1], [68, 2], [74, 2], [101, 3]]",[1.9708347452692867e-05]
layer_8,307,"[[31, [13, 1, 1, 1, 1]], [33, [1, 4, 4, 1, 1]], [35, [8, 18, 1]], [62, 1], [68, 2], [74, 2], [101, 3]]",[1.970996886864085e-05]
layer_8,308,"[[31, [13, 1, 1, 1, 1]], [33, [1, 4, 4, 1, 1]], [35, [16, 3, 3]], [62, 1], [68, 3], [74, 3], [101, 3]]",[1.7293693023255816e-05]
layer_8,309,"[[31, [13, 1, 1, 1, 1]], [33, [1, 4, 4, 1, 1]], [35, [16, 9, 1]], [62, 1], [68, 3], [74, 3], [101, 3]]",[1.7293079912663755e-05]
layer_8,310,"[[31, [13, 1, 1, 1, 1]], [33, [1, 4, 4, 1, 1]], [35, [8, 9, 2]], [62, 0], [68, 0], [74, 3], [101, 3]]",[1.7606914817275745e-05]
layer_8,311,"[[31, [13, 1, 1, 1, 1]], [33, [1, 4, 4, 1, 1]], [35, [8, 18, 1]], [62, 0], [68, 0], [74, 3], [101, 3]]",[1.760632664995823e-05]
layer_8,312,"[[31, [13, 1, 1, 1, 1]], [33, [1, 4, 4, 1, 1]], [35, [16, 9, 1]], [62, 0], [68, 3], [74, 3], [101, 3]]",[1.753392815371763e-05]
layer_8,313,"[[31, [13, 1, 1, 1, 1]], [33, [1, 4, 4, 1, 1]], [35, [16, 3, 3]], [62, 0], [68, 3], [74, 3], [101, 3]]",[1.7500234859675038e-05]
layer_8,314,"[[31, [13, 1, 1, 1, 1]], [33, [1, 4, 4, 1, 1]], [35, [16, 9, 1]], [62, 2], [68, 3], [74, 3], [101, 3]]",[1.7197982038429405e-05]
layer_8,315,"[[31, [1, 13, 1, 1, 1]], [33, [8, 1, 2, 1, 1]], [35, [16, 3, 3]], [62, 1], [68, 1], [74, 3], [101, 3]]",[1.708862099667774e-05]
layer_8,316,"[[31, [13, 1, 1, 1, 1]], [33, [1, 4, 4, 1, 1]], [35, [8, 18, 1]], [62, 0], [68, 2], [74, 2], [101, 3]]",[1.9924933071460944e-05]
layer_8,317,"[[31, [13, 1, 1, 1, 1]], [33, [2, 1, 1, 8, 1]], [35, [18, 4, 2]], [62, 1], [68, 0], [74, 1], [101, 4]]",[0.0001629566618556701]
layer_8,318,"[[31, [13, 1, 1, 1, 1]], [33, [1, 4, 1, 1, 4]], [35, [9, 8, 2]], [62, 1], [68, 3], [74, 1], [101, 2]]",[0.00027863919614711034]
layer_8,319,"[[31, [1, 13, 1, 1, 1]], [33, [2, 8, 1, 1, 1]], [35, [16, 9, 1]], [62, 0], [68, 2], [74, 2], [101, 3]]",[1.7766026046511626e-05]
layer_8,320,"[[31, [13, 1, 1, 1, 1]], [33, [1, 4, 4, 1, 1]], [35, [8, 9, 2]], [62, 2], [68, 0], [74, 1], [101, 3]]",[1.4559561192594374e-05]
layer_8,321,"[[31, [13, 1, 1, 1, 1]], [33, [1, 4, 4, 1, 1]], [35, [8, 9, 2]], [62, 1], [68, 0], [74, 1], [101, 3]]",[1.3659746186489277e-05]
layer_8,322,"[[31, [13, 1, 1, 1, 1]], [33, [1, 4, 4, 1, 1]], [35, [8, 9, 2]], [62, 1], [68, 1], [74, 1], [101, 3]]",[1.4642414967536166e-05]
layer_8,323,"[[31, [13, 1, 1, 1, 1]], [33, [1, 4, 4, 1, 1]], [35, [8, 9, 2]], [62, 0], [68, 1], [74, 1], [101, 3]]",[1.4705712984054669e-05]
layer_8,324,"[[31, [1, 13, 1, 1, 1]], [33, [8, 1, 2, 1, 1]], [35, [8, 9, 2]], [62, 1], [68, 1], [74, 3], [101, 3]]",[1.5192485714285713e-05]
layer_8,325,"[[31, [1, 13, 1, 1, 1]], [33, [8, 1, 2, 1, 1]], [35, [8, 9, 2]], [62, 2], [68, 2], [74, 3], [101, 3]]",[1.604953492786636e-05]
layer_8,326,"[[31, [1, 13, 1, 1, 1]], [33, [8, 1, 2, 1, 1]], [35, [8, 18, 1]], [62, 2], [68, 2], [74, 3], [101, 3]]",[1.6050033462657613e-05]
layer_8,327,"[[31, [13, 1, 1, 1, 1]], [33, [1, 4, 4, 1, 1]], [35, [8, 9, 2]], [62, 0], [68, 2], [74, 1], [101, 3]]",[1.5717994590045683e-05]
layer_8,328,"[[31, [13, 1, 1, 1, 1]], [33, [1, 4, 4, 1, 1]], [35, [16, 9, 1]], [62, 1], [68, 2], [74, 1], [101, 3]]",[1.5646518096684385e-05]
layer_8,329,"[[31, [13, 1, 1, 1, 1]], [33, [1, 4, 4, 1, 1]], [35, [16, 3, 3]], [62, 1], [68, 2], [74, 1], [101, 3]]",[1.5646838783361384e-05]
layer_8,330,"[[31, [13, 1, 1, 1, 1]], [33, [2, 2, 4, 1, 1]], [35, [16, 3, 3]], [62, 1], [68, 0], [74, 3], [101, 3]]",[1.4031797471238181e-05]
layer_8,331,"[[31, [1, 13, 1, 1, 1]], [33, [8, 1, 2, 1, 1]], [35, [8, 6, 3]], [62, 2], [68, 1], [74, 2], [101, 3]]",[1.610366369458747e-05]
layer_8,332,"[[31, [13, 1, 1, 1, 1]], [33, [1, 2, 4, 1, 2]], [35, [16, 9, 1]], [62, 2], [68, 0], [74, 1], [101, 3]]",[2.059993032786885e-05]
layer_8,333,"[[31, [13, 1, 1, 1, 1]], [33, [1, 2, 4, 1, 2]], [35, [16, 3, 3]], [62, 2], [68, 0], [74, 1], [101, 3]]",[2.060177729257642e-05]
layer_8,334,"[[31, [13, 1, 1, 1, 1]], [33, [1, 2, 4, 2, 1]], [35, [16, 3, 3]], [62, 0], [68, 0], [74, 1], [101, 3]]",[2.1204949058693246e-05]
layer_8,335,"[[31, [13, 1, 1, 1, 1]], [33, [1, 2, 4, 1, 2]], [35, [16, 3, 3]], [62, 0], [68, 0], [74, 1], [101, 3]]",[2.1203966619205824e-05]
layer_8,336,"[[31, [13, 1, 1, 1, 1]], [33, [1, 2, 4, 1, 2]], [35, [16, 9, 1]], [62, 0], [68, 0], [74, 1], [101, 3]]",[2.122195807625376e-05]
layer_8,337,"[[31, [1, 13, 1, 1, 1]], [33, [8, 1, 2, 1, 1]], [35, [8, 18, 1]], [62, 0], [68, 1], [74, 2], [101, 3]]",[1.6426229309035686e-05]
layer_8,338,"[[31, [13, 1, 1, 1, 1]], [33, [1, 2, 4, 1, 2]], [35, [16, 3, 3]], [62, 1], [68, 0], [74, 1], [101, 3]]",[2.0639703113135914e-05]
layer_8,339,"[[31, [13, 1, 1, 1, 1]], [33, [2, 2, 4, 1, 1]], [35, [16, 3, 3]], [62, 1], [68, 1], [74, 3], [101, 3]]",[1.4843275088278848e-05]
layer_8,340,"[[31, [13, 1, 1, 1, 1]], [33, [4, 1, 4, 1, 1]], [35, [16, 3, 3]], [62, 1], [68, 1], [74, 3], [101, 3]]",[1.4843275088278848e-05]
layer_8,341,"[[31, [13, 1, 1, 1, 1]], [33, [2, 2, 4, 1, 1]], [35, [16, 3, 3]], [62, 1], [68, 0], [74, 2], [101, 3]]",[1.4964827963452754e-05]
layer_8,342,"[[31, [13, 1, 1, 1, 1]], [33, [2, 2, 4, 1, 1]], [35, [16, 9, 1]], [62, 1], [68, 0], [74, 2], [101, 3]]",[1.4964950949747535e-05]
layer_8,343,"[[31, [13, 1, 1, 1, 1]], [33, [4, 1, 4, 1, 1]], [35, [16, 9, 1]], [62, 0], [68, 0], [74, 2], [101, 3]]",[1.4851324296616927e-05]
layer_8,344,"[[31, [13, 1, 1, 1, 1]], [33, [1, 4, 4, 1, 1]], [35, [8, 9, 2]], [62, 2], [68, 1], [74, 2], [101, 3]]",[1.7907268704318937e-05]
layer_8,345,"[[31, [1, 13, 1, 1, 1]], [33, [8, 1, 2, 1, 1]], [35, [8, 18, 1]], [62, 2], [68, 2], [74, 2], [101, 3]]",[1.6808423057453807e-05]
layer_8,346,"[[31, [13, 1, 1, 1, 1]], [33, [1, 4, 4, 1, 1]], [35, [8, 9, 2]], [62, 1], [68, 1], [74, 2], [101, 3]]",[1.805147987851177e-05]
layer_8,347,"[[31, [13, 1, 1, 1, 1]], [33, [2, 2, 4, 1, 1]], [35, [16, 9, 1]], [62, 1], [68, 1], [74, 2], [101, 3]]",[1.5320724813657128e-05]
layer_8,348,"[[31, [13, 1, 1, 1, 1]], [33, [1, 4, 4, 1, 1]], [35, [8, 9, 2]], [62, 0], [68, 1], [74, 2], [101, 3]]",[1.8159663008951777e-05]
layer_8,349,"[[31, [1, 13, 1, 1, 1]], [33, [8, 1, 2, 1, 1]], [35, [8, 18, 1]], [62, 1], [68, 2], [74, 2], [101, 3]]",[1.7267268159959505e-05]
layer_8,350,"[[31, [13, 1, 1, 1, 1]], [33, [1, 2, 4, 2, 1]], [35, [16, 3, 3]], [62, 2], [68, 1], [74, 1], [101, 3]]",[2.1285254497873734e-05]
layer_8,351,"[[31, [13, 1, 1, 1, 1]], [33, [1, 2, 4, 1, 2]], [35, [16, 9, 1]], [62, 2], [68, 1], [74, 1], [101, 3]]",[2.1287857256145917e-05]
layer_8,352,"[[31, [13, 1, 1, 1, 1]], [33, [1, 4, 4, 1, 1]], [35, [12, 12, 1]], [62, 0], [68, 3], [74, 1], [101, 3]]",[7.106531377079483e-05]
layer_8,353,"[[31, [13, 1, 1, 1, 1]], [33, [1, 2, 4, 2, 1]], [35, [16, 9, 1]], [62, 0], [68, 1], [74, 1], [101, 3]]",[2.2795877591312935e-05]
layer_8,354,"[[31, [13, 1, 1, 1, 1]], [33, [1, 4, 4, 1, 1]], [35, [8, 9, 2]], [62, 2], [68, 0], [74, 3], [101, 3]]",[1.8235812308549154e-05]
layer_8,355,"[[31, [13, 1, 1, 1, 1]], [33, [1, 4, 4, 1, 1]], [35, [8, 9, 2]], [62, 1], [68, 0], [74, 3], [101, 3]]",[1.8318301290812452e-05]
layer_8,356,"[[31, [1, 13, 1, 1, 1]], [33, [8, 1, 2, 1, 1]], [35, [8, 18, 1]], [62, 0], [68, 2], [74, 2], [101, 3]]",[1.7008636591478696e-05]
layer_8,357,"[[31, [13, 1, 1, 1, 1]], [33, [1, 4, 4, 1, 1]], [35, [8, 6, 3]], [62, 0], [68, 0], [74, 3], [101, 3]]",[1.764124053156146e-05]
layer_8,358,"[[31, [1, 13, 1, 1, 1]], [33, [8, 1, 2, 1, 1]], [35, [16, 9, 1]], [62, 0], [68, 1], [74, 3], [101, 3]]",[2.027057371392723e-05]
layer_8,359,"[[31, [13, 1, 1, 1, 1]], [33, [1, 2, 4, 1, 2]], [35, [16, 9, 1]], [62, 2], [68, 2], [74, 1], [101, 3]]",[2.6289020641356434e-05]
layer_8,360,"[[31, [13, 1, 1, 1, 1]], [33, [1, 2, 4, 2, 1]], [35, [16, 3, 3]], [62, 2], [68, 2], [74, 1], [101, 3]]",[2.5791660592255123e-05]
layer_8,361,"[[31, [13, 1, 1, 1, 1]], [33, [1, 2, 4, 1, 2]], [35, [16, 9, 1]], [62, 0], [68, 2], [74, 1], [101, 3]]",[2.6656655466970387e-05]
layer_8,362,"[[31, [13, 1, 1, 1, 1]], [33, [1, 8, 2, 1, 1]], [35, [16, 3, 3]], [62, 1], [68, 0], [74, 1], [101, 3]]",[1.8503306312292356e-05]
layer_8,363,"[[31, [13, 1, 1, 1, 1]], [33, [1, 2, 4, 1, 2]], [35, [16, 3, 3]], [62, 1], [68, 2], [74, 1], [101, 3]]",[2.591026907857547e-05]
layer_8,364,"[[31, [13, 1, 1, 1, 1]], [33, [1, 4, 4, 1, 1]], [35, [8, 18, 1]], [62, 2], [68, 3], [74, 1], [101, 3]]",[1.7689592453355614e-05]
layer_8,365,"[[31, [13, 1, 1, 1, 1]], [33, [1, 4, 4, 1, 1]], [35, [8, 6, 3]], [62, 2], [68, 3], [74, 1], [101, 3]]",[1.7688868305647843e-05]
layer_8,366,"[[31, [1, 13, 1, 1, 1]], [33, [8, 1, 2, 1, 1]], [35, [16, 3, 3]], [62, 0], [68, 2], [74, 3], [101, 3]]",[1.863331634642161e-05]
layer_8,367,"[[31, [13, 1, 1, 1, 1]], [33, [1, 4, 4, 1, 1]], [35, [16, 9, 1]], [62, 2], [68, 3], [74, 2], [101, 3]]",[1.958624774560987e-05]
layer_8,368,"[[31, [13, 1, 1, 1, 1]], [33, [1, 4, 4, 1, 1]], [35, [16, 3, 3]], [62, 1], [68, 3], [74, 2], [101, 3]]",[1.9656929548762737e-05]
layer_8,369,"[[31, [13, 1, 1, 1, 1]], [33, [1, 4, 4, 1, 1]], [35, [16, 9, 1]], [62, 1], [68, 3], [74, 2], [101, 3]]",[1.9659866362946088e-05]
layer_8,370,"[[31, [13, 1, 1, 1, 1]], [33, [1, 4, 4, 1, 1]], [35, [8, 9, 2]], [62, 0], [68, 3], [74, 1], [101, 3]]",[1.8198010644180257e-05]
layer_8,371,"[[31, [13, 1, 1, 1, 1]], [33, [1, 4, 4, 1, 1]], [35, [8, 6, 3]], [62, 0], [68, 3], [74, 1], [101, 3]]",[1.8196460735171264e-05]
layer_8,372,"[[31, [13, 1, 1, 1, 1]], [33, [2, 2, 4, 1, 1]], [35, [16, 9, 1]], [62, 2], [68, 0], [74, 1], [101, 3]]",[1.4000112428586828e-05]
layer_8,373,"[[31, [13, 1, 1, 1, 1]], [33, [2, 2, 4, 1, 1]], [35, [16, 3, 3]], [62, 2], [68, 0], [74, 1], [101, 3]]",[1.4000208929532007e-05]
layer_8,374,"[[31, [13, 1, 1, 1, 1]], [33, [4, 1, 4, 1, 1]], [35, [16, 9, 1]], [62, 0], [68, 0], [74, 1], [101, 3]]",[1.4564721716021259e-05]
layer_8,375,"[[31, [13, 1, 1, 1, 1]], [33, [1, 4, 4, 1, 1]], [35, [16, 9, 1]], [62, 0], [68, 3], [74, 2], [101, 3]]",[1.9867175795986117e-05]
layer_8,376,"[[31, [13, 1, 1, 1, 1]], [33, [1, 4, 4, 1, 1]], [35, [16, 3, 3]], [62, 0], [68, 3], [74, 2], [101, 3]]",[1.9866585191663023e-05]
layer_8,377,"[[31, [1, 13, 1, 1, 1]], [33, [8, 1, 2, 1, 1]], [35, [8, 18, 1]], [62, 2], [68, 3], [74, 3], [101, 3]]",[2.0161318049490538e-05]
layer_8,378,"[[31, [13, 1, 1, 1, 1]], [33, [4, 1, 4, 1, 1]], [35, [16, 9, 1]], [62, 1], [68, 0], [74, 1], [101, 3]]",[1.4278301794019933e-05]
layer_8,379,"[[31, [13, 1, 1, 1, 1]], [33, [4, 1, 4, 1, 1]], [35, [8, 6, 3]], [62, 0], [68, 0], [74, 1], [101, 3]]",[1.3778030507002499e-05]
layer_8,380,"[[31, [13, 1, 1, 1, 1]], [33, [2, 2, 4, 1, 1]], [35, [16, 3, 3]], [62, 1], [68, 3], [74, 3], [101, 3]]",[1.718438737541528e-05]
layer_8,381,"[[31, [13, 1, 1, 1, 1]], [33, [1, 1, 2, 8, 1]], [35, [36, 4, 1]], [62, 0], [68, 2], [74, 0], [101, 1]]",[0.00038652023543689324]
layer_8,382,"[[31, [1, 1, 1, 13, 1]], [33, [2, 1, 8, 1, 1]], [35, [36, 4, 1]], [62, 2], [68, 0], [74, 1], [101, 1]]",[0.0002721981404109589]
layer_8,383,"[[31, [1, 13, 1, 1, 1]], [33, [1, 8, 1, 1, 2]], [35, [48, 3, 1]], [62, 1], [68, 2], [74, 2], [101, 2]]",[9.479511909146715e-05]
layer_8,384,"[[31, [13, 1, 1, 1, 1]], [33, [4, 1, 4, 1, 1]], [35, [8, 18, 1]], [62, 0], [68, 0], [74, 1], [101, 3]]",[1.4353111685501321e-05]
layer_8,385,"[[31, [13, 1, 1, 1, 1]], [33, [2, 2, 4, 1, 1]], [35, [16, 3, 3]], [62, 1], [68, 0], [74, 1], [101, 3]]",[1.4025860120742683e-05]
layer_8,386,"[[31, [13, 1, 1, 1, 1]], [33, [2, 2, 4, 1, 1]], [35, [16, 9, 1]], [62, 1], [68, 0], [74, 1], [101, 3]]",[1.4027132361316778e-05]
layer_8,387,"[[31, [13, 1, 1, 1, 1]], [33, [2, 2, 4, 1, 1]], [35, [16, 9, 1]], [62, 0], [68, 0], [74, 1], [101, 3]]",[1.4698425703294061e-05]
layer_8,388,"[[31, [13, 1, 1, 1, 1]], [33, [2, 2, 4, 1, 1]], [35, [16, 3, 3]], [62, 0], [68, 0], [74, 1], [101, 3]]",[1.4697472718988496e-05]
layer_8,389,"[[31, [13, 1, 1, 1, 1]], [33, [4, 1, 4, 1, 1]], [35, [16, 3, 3]], [62, 1], [68, 0], [74, 3], [101, 3]]",[1.3998294608959758e-05]
layer_8,390,"[[31, [13, 1, 1, 1, 1]], [33, [4, 1, 4, 1, 1]], [35, [16, 3, 3]], [62, 1], [68, 0], [74, 1], [101, 3]]",[1.4273755782678863e-05]
layer_8,391,"[[31, [13, 1, 1, 1, 1]], [33, [4, 1, 4, 1, 1]], [35, [8, 9, 2]], [62, 2], [68, 0], [74, 1], [101, 3]]",[1.3512151309846433e-05]
layer_8,392,"[[31, [13, 1, 1, 1, 1]], [33, [4, 1, 4, 1, 1]], [35, [16, 9, 1]], [62, 0], [68, 0], [74, 3], [101, 3]]",[1.4942914883385428e-05]
layer_8,393,"[[31, [13, 1, 1, 1, 1]], [33, [2, 2, 4, 1, 1]], [35, [16, 3, 3]], [62, 2], [68, 0], [74, 3], [101, 3]]",[1.4016907064471878e-05]
layer_8,394,"[[31, [13, 1, 1, 1, 1]], [33, [2, 2, 4, 1, 1]], [35, [16, 9, 1]], [62, 2], [68, 0], [74, 3], [101, 3]]",[1.4017215e-05]
layer_8,395,"[[31, [13, 1, 1, 1, 1]], [33, [4, 1, 4, 1, 1]], [35, [16, 3, 3]], [62, 0], [68, 0], [74, 1], [101, 3]]",[1.461303234992596e-05]
layer_8,396,"[[31, [13, 1, 1, 1, 1]], [33, [2, 2, 4, 1, 1]], [35, [16, 9, 1]], [62, 1], [68, 0], [74, 3], [101, 3]]",[1.4058430885901412e-05]
layer_8,397,"[[31, [13, 1, 1, 1, 1]], [33, [4, 1, 4, 1, 1]], [35, [8, 6, 3]], [62, 0], [68, 1], [74, 1], [101, 3]]",[1.4638853450348642e-05]
layer_8,398,"[[31, [13, 1, 1, 1, 1]], [33, [2, 2, 4, 1, 1]], [35, [16, 3, 3]], [62, 2], [68, 1], [74, 1], [101, 3]]",[1.4263331586741086e-05]
layer_8,399,"[[31, [13, 1, 1, 1, 1]], [33, [4, 1, 4, 1, 1]], [35, [8, 9, 2]], [62, 1], [68, 1], [74, 1], [101, 3]]",[1.552066780561883e-05]
layer_8,400,"[[31, [13, 1, 1, 1, 1]], [33, [4, 1, 4, 1, 1]], [35, [8, 18, 1]], [62, 1], [68, 1], [74, 1], [101, 3]]",[1.5306083313296466e-05]
layer_8,401,"[[31, [13, 1, 1, 1, 1]], [33, [2, 2, 4, 1, 1]], [35, [16, 3, 3]], [62, 2], [68, 0], [74, 2], [101, 3]]",[1.4905212324866157e-05]
layer_8,402,"[[31, [13, 1, 1, 1, 1]], [33, [2, 2, 4, 1, 1]], [35, [16, 3, 3]], [62, 1], [68, 1], [74, 1], [101, 3]]",[1.438801514978927e-05]
layer_8,403,"[[31, [13, 1, 1, 1, 1]], [33, [2, 2, 4, 1, 1]], [35, [16, 3, 3]], [62, 0], [68, 0], [74, 3], [101, 3]]",[1.4990065159894204e-05]
layer_8,404,"[[31, [13, 1, 1, 1, 1]], [33, [4, 1, 4, 1, 1]], [35, [16, 3, 3]], [62, 2], [68, 0], [74, 3], [101, 3]]",[1.4005483015244267e-05]
layer_8,405,"[[31, [13, 1, 1, 1, 1]], [33, [4, 1, 4, 1, 1]], [35, [16, 9, 1]], [62, 2], [68, 0], [74, 1], [101, 3]]",[1.4599078384226978e-05]
layer_8,406,"[[31, [13, 1, 1, 1, 1]], [33, [4, 1, 4, 1, 1]], [35, [16, 3, 3]], [62, 2], [68, 0], [74, 1], [101, 3]]",[1.4597209184900216e-05]
layer_8,407,"[[31, [13, 1, 1, 1, 1]], [33, [4, 1, 4, 1, 1]], [35, [16, 3, 3]], [62, 0], [68, 0], [74, 2], [101, 3]]",[1.4898104231786487e-05]
layer_8,408,"[[31, [13, 1, 1, 1, 1]], [33, [4, 1, 4, 1, 1]], [35, [8, 6, 3]], [62, 0], [68, 2], [74, 1], [101, 3]]",[1.563822437357631e-05]
layer_8,409,"[[31, [13, 1, 1, 1, 1]], [33, [4, 1, 4, 1, 1]], [35, [8, 18, 1]], [62, 0], [68, 2], [74, 1], [101, 3]]",[1.549296556741028e-05]
layer_8,410,"[[31, [13, 1, 1, 1, 1]], [33, [4, 1, 4, 1, 1]], [35, [16, 3, 3]], [62, 1], [68, 1], [74, 1], [101, 3]]",[1.4615698364991585e-05]
layer_8,411,"[[31, [13, 1, 1, 1, 1]], [33, [2, 2, 4, 1, 1]], [35, [16, 9, 1]], [62, 0], [68, 0], [74, 2], [101, 3]]",[1.4900562394806443e-05]
layer_8,412,"[[31, [13, 1, 1, 1, 1]], [33, [2, 2, 4, 1, 1]], [35, [16, 3, 3]], [62, 0], [68, 0], [74, 2], [101, 3]]",[1.489994931085545e-05]
layer_8,413,"[[31, [13, 1, 1, 1, 1]], [33, [4, 1, 4, 1, 1]], [35, [16, 3, 3]], [62, 0], [68, 1], [74, 1], [101, 3]]",[1.3929385920947717e-05]
layer_8,414,"[[31, [13, 1, 1, 1, 1]], [33, [2, 2, 4, 1, 1]], [35, [16, 3, 3]], [62, 2], [68, 1], [74, 3], [101, 3]]",[1.4771926067254949e-05]
layer_8,415,"[[31, [13, 1, 1, 1, 1]], [33, [4, 1, 4, 1, 1]], [35, [8, 18, 1]], [62, 1], [68, 3], [74, 1], [101, 3]]",[1.8100924394319133e-05]
layer_8,416,"[[31, [13, 1, 1, 1, 1]], [33, [2, 2, 4, 1, 1]], [35, [8, 6, 3]], [62, 2], [68, 0], [74, 1], [101, 3]]",[1.3660567509413662e-05]
layer_8,417,"[[31, [13, 1, 1, 1, 1]], [33, [2, 2, 4, 1, 1]], [35, [16, 9, 1]], [62, 1], [68, 1], [74, 3], [101, 3]]",[1.489551863428709e-05]
layer_8,418,"[[31, [13, 1, 1, 1, 1]], [33, [2, 2, 4, 1, 1]], [35, [16, 9, 1]], [62, 2], [68, 1], [74, 2], [101, 3]]",[1.5264575849056605e-05]
layer_8,419,"[[31, [13, 1, 1, 1, 1]], [33, [4, 1, 4, 1, 1]], [35, [8, 6, 3]], [62, 2], [68, 1], [74, 1], [101, 3]]",[1.4347984964118921e-05]
layer_8,420,"[[31, [13, 1, 1, 1, 1]], [33, [4, 1, 4, 1, 1]], [35, [8, 9, 2]], [62, 2], [68, 1], [74, 1], [101, 3]]",[1.4351757874489059e-05]
layer_8,421,"[[31, [13, 1, 1, 1, 1]], [33, [2, 2, 4, 1, 1]], [35, [16, 3, 3]], [62, 1], [68, 1], [74, 2], [101, 3]]",[1.533071311060491e-05]
layer_8,422,"[[31, [13, 1, 1, 1, 1]], [33, [4, 1, 4, 1, 1]], [35, [16, 3, 3]], [62, 2], [68, 1], [74, 3], [101, 3]]",[1.4773520798268815e-05]
layer_8,423,"[[31, [13, 1, 1, 1, 1]], [33, [4, 1, 4, 1, 1]], [35, [16, 9, 1]], [62, 2], [68, 1], [74, 3], [101, 3]]",[1.4773155258764608e-05]
layer_8,424,"[[31, [13, 1, 1, 1, 1]], [33, [4, 1, 4, 1, 1]], [35, [16, 9, 1]], [62, 2], [68, 1], [74, 1], [101, 3]]",[1.4518311083266886e-05]
layer_8,425,"[[31, [13, 1, 1, 1, 1]], [33, [4, 1, 4, 1, 1]], [35, [16, 3, 3]], [62, 2], [68, 1], [74, 1], [101, 3]]",[1.4499597310381924e-05]
layer_8,426,"[[31, [13, 1, 1, 1, 1]], [33, [4, 1, 4, 1, 1]], [35, [16, 3, 3]], [62, 0], [68, 1], [74, 2], [101, 3]]",[1.477241283962491e-05]
layer_8,427,"[[31, [13, 1, 1, 1, 1]], [33, [4, 1, 4, 1, 1]], [35, [16, 9, 1]], [62, 0], [68, 1], [74, 2], [101, 3]]",[1.4774888256137685e-05]
layer_8,428,"[[31, [13, 1, 1, 1, 1]], [33, [2, 2, 4, 1, 1]], [35, [16, 9, 1]], [62, 0], [68, 1], [74, 2], [101, 3]]",[1.4770506833712983e-05]
layer_8,429,"[[31, [13, 1, 1, 1, 1]], [33, [2, 2, 4, 1, 1]], [35, [8, 18, 1]], [62, 1], [68, 0], [74, 2], [101, 3]]",[1.569878985333013e-05]
layer_8,430,"[[31, [13, 1, 1, 1, 1]], [33, [4, 1, 4, 1, 1]], [35, [8, 18, 1]], [62, 2], [68, 2], [74, 1], [101, 3]]",[1.5204261433791105e-05]
layer_8,431,"[[31, [13, 1, 1, 1, 1]], [33, [4, 1, 4, 1, 1]], [35, [8, 9, 2]], [62, 2], [68, 2], [74, 1], [101, 3]]",[1.520394831952118e-05]
layer_8,432,"[[31, [13, 1, 1, 1, 1]], [33, [2, 2, 4, 1, 1]], [35, [8, 9, 2]], [62, 0], [68, 0], [74, 2], [101, 3]]",[1.6570937042644465e-05]
layer_8,433,"[[31, [13, 1, 1, 1, 1]], [33, [4, 1, 4, 1, 1]], [35, [16, 3, 3]], [62, 0], [68, 2], [74, 1], [101, 3]]",[1.5790302422723477e-05]
layer_8,434,"[[31, [13, 1, 1, 1, 1]], [33, [4, 1, 4, 1, 1]], [35, [16, 9, 1]], [62, 0], [68, 2], [74, 1], [101, 3]]",[1.5790626953594617e-05]
layer_8,435,"[[31, [13, 1, 1, 1, 1]], [33, [4, 1, 4, 1, 1]], [35, [8, 18, 1]], [62, 2], [68, 0], [74, 2], [101, 3]]",[1.5610723154362416e-05]
layer_8,436,"[[31, [13, 1, 1, 1, 1]], [33, [2, 2, 4, 1, 1]], [35, [16, 9, 1]], [62, 2], [68, 0], [74, 0], [101, 3]]",[1.5919519475835538e-05]
layer_8,437,"[[31, [13, 1, 1, 1, 1]], [33, [4, 1, 4, 1, 1]], [35, [16, 9, 1]], [62, 0], [68, 3], [74, 3], [101, 3]]",[1.748859036144578e-05]
layer_8,438,"[[31, [13, 1, 1, 1, 1]], [33, [4, 1, 4, 1, 1]], [35, [16, 9, 1]], [62, 0], [68, 3], [74, 1], [101, 3]]",[1.732929302817833e-05]
layer_8,439,"[[31, [13, 1, 1, 1, 1]], [33, [4, 1, 4, 1, 1]], [35, [16, 9, 1]], [62, 2], [68, 1], [74, 2], [101, 3]]",[1.528453522481366e-05]
layer_8,440,"[[31, [13, 1, 1, 1, 1]], [33, [4, 1, 4, 1, 1]], [35, [16, 9, 1]], [62, 0], [68, 0], [74, 0], [101, 3]]",[1.6434319347908505e-05]
layer_8,441,"[[31, [13, 1, 1, 1, 1]], [33, [2, 2, 4, 1, 1]], [35, [16, 9, 1]], [62, 1], [68, 0], [74, 0], [101, 3]]",[1.599977290448343e-05]
layer_8,442,"[[31, [13, 1, 1, 1, 1]], [33, [4, 1, 4, 1, 1]], [35, [16, 3, 3]], [62, 1], [68, 3], [74, 3], [101, 3]]",[1.736636730715678e-05]
layer_8,443,"[[31, [13, 1, 1, 1, 1]], [33, [2, 2, 4, 1, 1]], [35, [8, 9, 2]], [62, 1], [68, 1], [74, 1], [101, 3]]",[1.4566134867296958e-05]
layer_8,444,"[[31, [1, 13, 1, 1, 1]], [33, [8, 1, 2, 1, 1]], [35, [8, 9, 2]], [62, 1], [68, 2], [74, 3], [101, 3]]",[1.5792201974753156e-05]
layer_8,445,"[[31, [1, 1, 1, 13, 1]], [33, [8, 1, 2, 1, 1]], [35, [72, 2, 1]], [62, 0], [68, 1], [74, 0], [101, 0]]",[0.0001601121048879837]
layer_8,446,"[[31, [1, 13, 1, 1, 1]], [33, [1, 2, 2, 4, 1]], [35, [24, 6, 1]], [62, 1], [68, 0], [74, 2], [101, 3]]",[0.00015888161538461538]
layer_8,447,"[[31, [1, 13, 1, 1, 1]], [33, [1, 4, 1, 1, 4]], [35, [9, 8, 2]], [62, 2], [68, 3], [74, 0], [101, 2]]",[0.0003064820727969349]
layer_8,448,"[[31, [13, 1, 1, 1, 1]], [33, [4, 1, 4, 1, 1]], [35, [8, 6, 3]], [62, 2], [68, 0], [74, 1], [101, 3]]",[1.4547238295933477e-05]
layer_8,449,"[[31, [13, 1, 1, 1, 1]], [33, [4, 1, 4, 1, 1]], [35, [8, 9, 2]], [62, 0], [68, 0], [74, 1], [101, 3]]",[1.3748905385910074e-05]
layer_8,450,"[[31, [13, 1, 1, 1, 1]], [33, [2, 2, 4, 1, 1]], [35, [8, 6, 3]], [62, 2], [68, 1], [74, 1], [101, 3]]",[1.4003721076822062e-05]
layer_8,451,"[[31, [13, 1, 1, 1, 1]], [33, [2, 2, 4, 1, 1]], [35, [16, 9, 1]], [62, 2], [68, 1], [74, 1], [101, 3]]",[1.4235171555662419e-05]
layer_8,452,"[[31, [13, 1, 1, 1, 1]], [33, [2, 2, 4, 1, 1]], [35, [16, 9, 1]], [62, 1], [68, 1], [74, 1], [101, 3]]",[1.4346147738922429e-05]
layer_8,453,"[[31, [13, 1, 1, 1, 1]], [33, [4, 1, 4, 1, 1]], [35, [8, 18, 1]], [62, 2], [68, 1], [74, 1], [101, 3]]",[1.4309786193563064e-05]
layer_8,454,"[[31, [13, 1, 1, 1, 1]], [33, [4, 1, 4, 1, 1]], [35, [16, 9, 1]], [62, 2], [68, 0], [74, 3], [101, 3]]",[1.3994341733032212e-05]
layer_8,455,"[[31, [13, 1, 1, 1, 1]], [33, [2, 2, 4, 1, 1]], [35, [8, 6, 3]], [62, 0], [68, 0], [74, 1], [101, 3]]",[1.3767377482651352e-05]
layer_8,456,"[[31, [13, 1, 1, 1, 1]], [33, [4, 1, 4, 1, 1]], [35, [16, 9, 1]], [62, 1], [68, 0], [74, 3], [101, 3]]",[1.4017288327057559e-05]
layer_8,457,"[[31, [13, 1, 1, 1, 1]], [33, [4, 1, 4, 1, 1]], [35, [16, 3, 3]], [62, 0], [68, 0], [74, 3], [101, 3]]",[1.4953256431834575e-05]
layer_8,458,"[[31, [13, 1, 1, 1, 1]], [33, [4, 1, 4, 1, 1]], [35, [8, 9, 2]], [62, 1], [68, 0], [74, 1], [101, 3]]",[1.3322619659564875e-05]
layer_8,459,"[[31, [13, 1, 1, 1, 1]], [33, [4, 1, 4, 1, 1]], [35, [16, 9, 1]], [62, 1], [68, 1], [74, 1], [101, 3]]",[1.4568700307552112e-05]
layer_8,460,"[[31, [13, 1, 1, 1, 1]], [33, [4, 1, 4, 1, 1]], [35, [16, 9, 1]], [62, 0], [68, 1], [74, 1], [101, 3]]",[1.3885412005923226e-05]
layer_8,461,"[[31, [13, 1, 1, 1, 1]], [33, [2, 2, 4, 1, 1]], [35, [16, 9, 1]], [62, 0], [68, 1], [74, 1], [101, 3]]",[1.5137563389907737e-05]
layer_8,462,"[[31, [13, 1, 1, 1, 1]], [33, [2, 2, 4, 1, 1]], [35, [16, 3, 3]], [62, 0], [68, 1], [74, 1], [101, 3]]",[1.5136315099783602e-05]
layer_8,463,"[[31, [13, 1, 1, 1, 1]], [33, [4, 1, 4, 1, 1]], [35, [16, 9, 1]], [62, 1], [68, 1], [74, 3], [101, 3]]",[1.484562898986106e-05]
layer_8,464,"[[31, [13, 1, 1, 1, 1]], [33, [2, 2, 4, 1, 1]], [35, [16, 9, 1]], [62, 2], [68, 1], [74, 3], [101, 3]]",[1.4747535969564215e-05]
layer_8,465,"[[31, [13, 1, 1, 1, 1]], [33, [4, 1, 4, 1, 1]], [35, [16, 3, 3]], [62, 0], [68, 1], [74, 3], [101, 3]]",[1.7194488449321397e-05]
layer_8,466,"[[31, [13, 1, 1, 1, 1]], [33, [4, 1, 4, 1, 1]], [35, [16, 9, 1]], [62, 0], [68, 1], [74, 3], [101, 3]]",[1.719571641196013e-05]
layer_8,467,"[[31, [13, 1, 1, 1, 1]], [33, [2, 2, 4, 1, 1]], [35, [16, 9, 1]], [62, 2], [68, 0], [74, 2], [101, 3]]",[1.4859694998797787e-05]
layer_8,468,"[[31, [13, 1, 1, 1, 1]], [33, [4, 1, 4, 1, 1]], [35, [16, 3, 3]], [62, 2], [68, 0], [74, 2], [101, 3]]",[1.4847999639336379e-05]
layer_8,469,"[[31, [13, 1, 1, 1, 1]], [33, [4, 1, 4, 1, 1]], [35, [16, 9, 1]], [62, 2], [68, 0], [74, 2], [101, 3]]",[1.4848492065400337e-05]
layer_8,470,"[[31, [13, 1, 1, 1, 1]], [33, [4, 1, 4, 1, 1]], [35, [16, 9, 1]], [62, 1], [68, 0], [74, 2], [101, 3]]",[1.4908264380908986e-05]
layer_8,471,"[[31, [13, 1, 1, 1, 1]], [33, [4, 1, 4, 1, 1]], [35, [16, 3, 3]], [62, 1], [68, 0], [74, 2], [101, 3]]",[1.4906729695865135e-05]
layer_8,472,"[[31, [13, 1, 1, 1, 1]], [33, [2, 2, 4, 1, 1]], [35, [8, 9, 2]], [62, 0], [68, 1], [74, 1], [101, 3]]",[1.4694889964688462e-05]
layer_8,473,"[[31, [13, 1, 1, 1, 1]], [33, [4, 1, 4, 1, 1]], [35, [16, 3, 3]], [62, 2], [68, 1], [74, 2], [101, 3]]",[1.5265804429384e-05]
layer_8,474,"[[31, [13, 1, 1, 1, 1]], [33, [2, 2, 4, 1, 1]], [35, [16, 9, 1]], [62, 0], [68, 1], [74, 3], [101, 3]]",[1.7218653373266078e-05]
layer_8,475,"[[31, [13, 1, 1, 1, 1]], [33, [2, 2, 4, 1, 1]], [35, [16, 3, 3]], [62, 0], [68, 1], [74, 3], [101, 3]]",[1.722007362126246e-05]
layer_8,476,"[[31, [13, 1, 1, 1, 1]], [33, [4, 1, 4, 1, 1]], [35, [16, 9, 1]], [62, 1], [68, 1], [74, 2], [101, 3]]",[1.5351505650396733e-05]
layer_8,477,"[[31, [13, 1, 1, 1, 1]], [33, [4, 1, 4, 1, 1]], [35, [16, 3, 3]], [62, 1], [68, 1], [74, 2], [101, 3]]",[1.5349516118008884e-05]
layer_8,478,"[[31, [13, 1, 1, 1, 1]], [33, [4, 1, 4, 1, 1]], [35, [8, 6, 3]], [62, 2], [68, 0], [74, 2], [101, 3]]",[1.5585815493491722e-05]
layer_8,479,"[[31, [13, 1, 1, 1, 1]], [33, [2, 2, 4, 1, 1]], [35, [16, 3, 3]], [62, 2], [68, 1], [74, 2], [101, 3]]",[1.526076472709786e-05]
layer_8,480,"[[31, [1, 13, 1, 1, 1]], [33, [8, 1, 2, 1, 1]], [35, [8, 9, 2]], [62, 2], [68, 1], [74, 3], [101, 3]]",[1.4382281125412915e-05]
layer_8,481,"[[31, [13, 1, 1, 1, 1]], [33, [4, 1, 4, 1, 1]], [35, [8, 6, 3]], [62, 1], [68, 1], [74, 1], [101, 3]]",[1.5414704451827243e-05]
layer_8,482,"[[31, [13, 1, 1, 1, 1]], [33, [4, 1, 4, 1, 1]], [35, [8, 6, 3]], [62, 0], [68, 0], [74, 2], [101, 3]]",[1.6558796028406104e-05]
layer_8,483,"[[31, [13, 1, 1, 1, 1]], [33, [4, 1, 4, 1, 1]], [35, [8, 18, 1]], [62, 0], [68, 0], [74, 2], [101, 3]]",[1.6557788534548212e-05]
layer_8,484,"[[31, [13, 1, 1, 1, 1]], [33, [4, 1, 4, 1, 1]], [35, [8, 6, 3]], [62, 2], [68, 2], [74, 1], [101, 3]]",[1.528942117815407e-05]
layer_8,485,"[[31, [13, 1, 1, 1, 1]], [33, [4, 1, 4, 1, 1]], [35, [8, 6, 3]], [62, 2], [68, 0], [74, 3], [101, 3]]",[1.8091523113338904e-05]
layer_8,486,"[[31, [13, 1, 1, 1, 1]], [33, [2, 2, 4, 1, 1]], [35, [8, 6, 3]], [62, 2], [68, 0], [74, 2], [101, 3]]",[1.5617803487931252e-05]
layer_8,487,"[[31, [13, 1, 1, 1, 1]], [33, [4, 1, 4, 1, 1]], [35, [8, 6, 3]], [62, 0], [68, 0], [74, 3], [101, 3]]",[1.7947708211143694e-05]
layer_8,488,"[[31, [13, 1, 1, 1, 1]], [33, [2, 2, 4, 1, 1]], [35, [16, 3, 3]], [62, 2], [68, 2], [74, 1], [101, 3]]",[1.5454843169467963e-05]
layer_8,489,"[[31, [13, 1, 1, 1, 1]], [33, [2, 2, 4, 1, 1]], [35, [16, 9, 1]], [62, 2], [68, 2], [74, 1], [101, 3]]",[1.5457284128185716e-05]
layer_8,490,"[[31, [13, 1, 1, 1, 1]], [33, [4, 1, 4, 1, 1]], [35, [8, 9, 2]], [62, 1], [68, 0], [74, 2], [101, 3]]",[1.5661939129334345e-05]
layer_8,491,"[[31, [13, 1, 1, 1, 1]], [33, [4, 1, 4, 1, 1]], [35, [16, 3, 3]], [62, 2], [68, 2], [74, 3], [101, 3]]",[1.8538188975178924e-05]
layer_8,492,"[[31, [13, 1, 1, 1, 1]], [33, [2, 2, 4, 1, 1]], [35, [8, 6, 3]], [62, 2], [68, 1], [74, 3], [101, 3]]",[1.816353014582165e-05]
layer_8,493,"[[31, [13, 1, 1, 1, 1]], [33, [2, 2, 4, 1, 1]], [35, [8, 9, 2]], [62, 0], [68, 2], [74, 1], [101, 3]]",[1.5455283962490983e-05]
layer_8,494,"[[31, [13, 1, 1, 1, 1]], [33, [4, 1, 4, 1, 1]], [35, [8, 6, 3]], [62, 0], [68, 1], [74, 2], [101, 3]]",[1.8471891091873778e-05]
layer_8,495,"[[31, [13, 1, 1, 1, 1]], [33, [2, 2, 4, 1, 1]], [35, [16, 3, 3]], [62, 1], [68, 2], [74, 1], [101, 3]]",[1.556551733738294e-05]
layer_8,496,"[[31, [13, 1, 1, 1, 1]], [33, [2, 2, 4, 1, 1]], [35, [16, 9, 1]], [62, 1], [68, 2], [74, 1], [101, 3]]",[1.5564575619139216e-05]
layer_8,497,"[[31, [13, 1, 1, 1, 1]], [33, [2, 2, 4, 1, 1]], [35, [16, 3, 3]], [62, 2], [68, 0], [74, 0], [101, 3]]",[1.5935567907777925e-05]
layer_8,498,"[[31, [13, 1, 1, 1, 1]], [33, [2, 1, 8, 1, 1]], [35, [16, 9, 1]], [62, 0], [68, 0], [74, 2], [101, 3]]",[1.850098558358747e-05]
layer_8,499,"[[31, [13, 1, 1, 1, 1]], [33, [4, 1, 4, 1, 1]], [35, [8, 9, 2]], [62, 1], [68, 2], [74, 1], [101, 3]]",[1.529888005467593e-05]
layer_8,500,"[[31, [13, 1, 1, 1, 1]], [33, [4, 1, 4, 1, 1]], [35, [8, 6, 3]], [62, 1], [68, 0], [74, 3], [101, 3]]",[1.819507661121208e-05]
layer_8,501,"[[31, [13, 1, 1, 1, 1]], [33, [4, 1, 4, 1, 1]], [35, [8, 9, 2]], [62, 1], [68, 0], [74, 3], [101, 3]]",[1.8183056669451407e-05]
layer_8,502,"[[31, [13, 1, 1, 1, 1]], [33, [4, 1, 4, 1, 1]], [35, [8, 18, 1]], [62, 1], [68, 0], [74, 3], [101, 3]]",[1.818265318730694e-05]
layer_8,503,"[[31, [13, 1, 1, 1, 1]], [33, [2, 2, 4, 1, 1]], [35, [16, 3, 3]], [62, 1], [68, 0], [74, 0], [101, 3]]",[1.6000161984307772e-05]
layer_8,504,"[[31, [13, 1, 1, 1, 1]], [33, [4, 1, 4, 1, 1]], [35, [16, 3, 3]], [62, 2], [68, 0], [74, 0], [101, 3]]",[1.58464715261959e-05]
layer_8,505,"[[31, [13, 1, 1, 1, 1]], [33, [4, 1, 4, 1, 1]], [35, [16, 9, 1]], [62, 2], [68, 0], [74, 0], [101, 3]]",[1.583263909774436e-05]
layer_8,506,"[[31, [13, 1, 1, 1, 1]], [33, [2, 1, 4, 1, 2]], [35, [16, 9, 1]], [62, 1], [68, 0], [74, 1], [101, 3]]",[2.0831976425855515e-05]
layer_8,507,"[[31, [13, 1, 1, 1, 1]], [33, [2, 1, 4, 2, 1]], [35, [16, 3, 3]], [62, 1], [68, 0], [74, 1], [101, 3]]",[2.080867571406028e-05]
layer_8,508,"[[31, [13, 1, 1, 1, 1]], [33, [2, 1, 4, 1, 2]], [35, [16, 3, 3]], [62, 1], [68, 0], [74, 1], [101, 3]]",[2.0807697972251867e-05]
layer_8,509,"[[31, [1, 13, 1, 1, 1]], [33, [8, 2, 1, 1, 1]], [35, [16, 9, 1]], [62, 1], [68, 3], [74, 2], [101, 4]]",[2.1304253124505614e-05]
layer_8,510,"[[31, [1, 13, 1, 1, 1]], [33, [4, 1, 4, 1, 1]], [35, [24, 6, 1]], [62, 1], [68, 2], [74, 2], [101, 1]]",[6.193246469155844e-05]
layer_8,511,"[[31, [1, 1, 1, 13, 1]], [33, [1, 2, 1, 8, 1]], [35, [36, 1, 4]], [62, 1], [68, 0], [74, 3], [101, 3]]",[0.0005581368854166666]
layer_8,512,"[[31, [13, 1, 1, 1, 1]], [33, [2, 2, 4, 1, 1]], [35, [8, 9, 2]], [62, 2], [68, 0], [74, 1], [101, 3]]",[1.4233259534883721e-05]
layer_8,513,"[[31, [13, 1, 1, 1, 1]], [33, [2, 2, 4, 1, 1]], [35, [8, 6, 3]], [62, 1], [68, 0], [74, 1], [101, 3]]",[1.3419412157073697e-05]
layer_8,514,"[[31, [13, 1, 1, 1, 1]], [33, [2, 2, 4, 1, 1]], [35, [8, 9, 2]], [62, 1], [68, 0], [74, 1], [101, 3]]",[1.3421065303926841e-05]
layer_8,515,"[[31, [13, 1, 1, 1, 1]], [33, [4, 1, 4, 1, 1]], [35, [8, 18, 1]], [62, 2], [68, 0], [74, 1], [101, 3]]",[1.3479497550973916e-05]
layer_8,516,"[[31, [13, 1, 1, 1, 1]], [33, [2, 2, 4, 1, 1]], [35, [8, 9, 2]], [62, 0], [68, 0], [74, 1], [101, 3]]",[1.3767457455291035e-05]
layer_8,517,"[[31, [13, 1, 1, 1, 1]], [33, [2, 2, 4, 1, 1]], [35, [8, 9, 2]], [62, 2], [68, 1], [74, 1], [101, 3]]",[1.4630870486387972e-05]
layer_8,518,"[[31, [13, 1, 1, 1, 1]], [33, [4, 1, 4, 1, 1]], [35, [8, 18, 1]], [62, 1], [68, 0], [74, 1], [101, 3]]",[1.3322913286713287e-05]
layer_8,519,"[[31, [13, 1, 1, 1, 1]], [33, [2, 2, 4, 1, 1]], [35, [8, 6, 3]], [62, 0], [68, 1], [74, 1], [101, 3]]",[1.4690565554163344e-05]
layer_8,520,"[[31, [13, 1, 1, 1, 1]], [33, [4, 1, 4, 1, 1]], [35, [8, 9, 2]], [62, 0], [68, 1], [74, 1], [101, 3]]",[1.4616640619660555e-05]
layer_8,521,"[[31, [13, 1, 1, 1, 1]], [33, [2, 2, 4, 1, 1]], [35, [8, 9, 2]], [62, 2], [68, 2], [74, 1], [101, 3]]",[1.5162167708583794e-05]
layer_8,522,"[[31, [13, 1, 1, 1, 1]], [33, [2, 2, 4, 1, 1]], [35, [8, 18, 1]], [62, 2], [68, 2], [74, 1], [101, 3]]",[1.5163271038251364e-05]
layer_8,523,"[[31, [13, 1, 1, 1, 1]], [33, [2, 2, 4, 1, 1]], [35, [8, 6, 3]], [62, 2], [68, 2], [74, 1], [101, 3]]",[1.530011242524917e-05]
layer_8,524,"[[31, [13, 1, 1, 1, 1]], [33, [2, 2, 4, 1, 1]], [35, [8, 9, 2]], [62, 1], [68, 2], [74, 1], [101, 3]]",[1.548608833206783e-05]
layer_8,525,"[[31, [13, 1, 1, 1, 1]], [33, [4, 1, 4, 1, 1]], [35, [8, 9, 2]], [62, 0], [68, 2], [74, 1], [101, 3]]",[1.543840027841053e-05]
layer_8,526,"[[31, [13, 1, 1, 1, 1]], [33, [2, 2, 4, 1, 1]], [35, [8, 9, 2]], [62, 2], [68, 0], [74, 2], [101, 3]]",[1.5618786003543405e-05]
layer_8,527,"[[31, [13, 1, 1, 1, 1]], [33, [2, 2, 4, 1, 1]], [35, [16, 3, 3]], [62, 0], [68, 1], [74, 2], [101, 3]]",[1.471683517484907e-05]
layer_8,528,"[[31, [13, 1, 1, 1, 1]], [33, [2, 2, 4, 1, 1]], [35, [8, 6, 3]], [62, 1], [68, 0], [74, 2], [101, 3]]",[1.5679523073399746e-05]
layer_8,529,"[[31, [13, 1, 1, 1, 1]], [33, [2, 2, 4, 1, 1]], [35, [8, 9, 2]], [62, 1], [68, 0], [74, 2], [101, 3]]",[1.5680603720930235e-05]
layer_8,530,"[[31, [13, 1, 1, 1, 1]], [33, [2, 2, 4, 1, 1]], [35, [16, 9, 1]], [62, 2], [68, 2], [74, 3], [101, 3]]",[1.854745363547894e-05]
layer_8,531,"[[31, [13, 1, 1, 1, 1]], [33, [2, 2, 4, 1, 1]], [35, [16, 3, 3]], [62, 2], [68, 2], [74, 3], [101, 3]]",[1.854736433351924e-05]
layer_8,532,"[[31, [13, 1, 1, 1, 1]], [33, [4, 1, 4, 1, 1]], [35, [16, 3, 3]], [62, 1], [68, 2], [74, 1], [101, 3]]",[1.5539218924835805e-05]
layer_8,533,"[[31, [13, 1, 1, 1, 1]], [33, [4, 1, 4, 1, 1]], [35, [16, 9, 1]], [62, 1], [68, 2], [74, 1], [101, 3]]",[1.5538701467982786e-05]
layer_8,534,"[[31, [13, 1, 1, 1, 1]], [33, [2, 2, 4, 1, 1]], [35, [16, 3, 3]], [62, 0], [68, 2], [74, 1], [101, 3]]",[1.5762622160463992e-05]
layer_8,535,"[[31, [13, 1, 1, 1, 1]], [33, [4, 1, 4, 1, 1]], [35, [16, 9, 1]], [62, 1], [68, 0], [74, 0], [101, 3]]",[1.5948585927613262e-05]
layer_8,536,"[[31, [13, 1, 1, 1, 1]], [33, [4, 1, 4, 1, 1]], [35, [16, 3, 3]], [62, 1], [68, 0], [74, 0], [101, 3]]",[1.5966299350805482e-05]
layer_8,537,"[[31, [13, 1, 1, 1, 1]], [33, [2, 2, 4, 1, 1]], [35, [16, 3, 3]], [62, 1], [68, 2], [74, 3], [101, 3]]",[1.86239954497194e-05]
layer_8,538,"[[31, [13, 1, 1, 1, 1]], [33, [2, 2, 4, 1, 1]], [35, [16, 9, 1]], [62, 2], [68, 2], [74, 2], [101, 3]]",[1.705611533130025e-05]
layer_8,539,"[[31, [13, 1, 1, 1, 1]], [33, [2, 2, 4, 1, 1]], [35, [16, 3, 3]], [62, 2], [68, 2], [74, 2], [101, 3]]",[1.7055280797342194e-05]
layer_8,540,"[[31, [1, 13, 1, 1, 1]], [33, [8, 1, 2, 1, 1]], [35, [8, 9, 2]], [62, 2], [68, 1], [74, 2], [101, 3]]",[1.6097854411230787e-05]
layer_8,541,"[[31, [13, 1, 1, 1, 1]], [33, [2, 2, 4, 1, 1]], [35, [16, 9, 1]], [62, 1], [68, 2], [74, 2], [101, 3]]",[1.712494672489083e-05]
layer_8,542,"[[31, [13, 1, 1, 1, 1]], [33, [4, 1, 4, 1, 1]], [35, [8, 9, 2]], [62, 0], [68, 0], [74, 2], [101, 3]]",[1.6560368387749936e-05]
layer_8,543,"[[31, [13, 1, 1, 1, 1]], [33, [2, 2, 4, 1, 1]], [35, [16, 9, 1]], [62, 2], [68, 3], [74, 1], [101, 3]]",[1.7028827891672996e-05]
layer_8,544,"[[31, [13, 1, 1, 1, 1]], [33, [2, 2, 4, 1, 1]], [35, [16, 3, 3]], [62, 2], [68, 3], [74, 1], [101, 3]]",[1.70317346179402e-05]
layer_8,545,"[[31, [1, 13, 1, 1, 1]], [33, [8, 1, 2, 1, 1]], [35, [8, 9, 2]], [62, 1], [68, 1], [74, 2], [101, 3]]",[1.6435316502151355e-05]
layer_8,546,"[[31, [13, 1, 1, 1, 1]], [33, [4, 1, 4, 1, 1]], [35, [16, 3, 3]], [62, 0], [68, 0], [74, 0], [101, 3]]",[1.6460136506341832e-05]
layer_8,547,"[[31, [13, 1, 1, 1, 1]], [33, [2, 2, 4, 1, 1]], [35, [8, 9, 2]], [62, 2], [68, 1], [74, 2], [101, 3]]",[1.793423230831207e-05]
layer_8,548,"[[31, [13, 1, 1, 1, 1]], [33, [4, 1, 4, 1, 1]], [35, [16, 3, 3]], [62, 2], [68, 2], [74, 1], [101, 3]]",[1.5420760566945078e-05]
layer_8,549,"[[31, [13, 1, 1, 1, 1]], [33, [4, 1, 4, 1, 1]], [35, [16, 9, 1]], [62, 2], [68, 2], [74, 1], [101, 3]]",[1.5418083553738876e-05]
layer_8,550,"[[31, [13, 1, 1, 1, 1]], [33, [2, 2, 4, 1, 1]], [35, [8, 6, 3]], [62, 2], [68, 3], [74, 1], [101, 3]]",[1.843448144220573e-05]
layer_8,551,"[[31, [13, 1, 1, 1, 1]], [33, [2, 2, 4, 1, 1]], [35, [8, 9, 2]], [62, 2], [68, 3], [74, 1], [101, 3]]",[1.8430945436222283e-05]
layer_8,552,"[[31, [13, 1, 1, 1, 1]], [33, [2, 2, 4, 1, 1]], [35, [16, 3, 3]], [62, 0], [68, 0], [74, 0], [101, 3]]",[1.6539463318777294e-05]
layer_8,553,"[[31, [13, 1, 1, 1, 1]], [33, [2, 2, 4, 1, 1]], [35, [16, 9, 1]], [62, 0], [68, 0], [74, 0], [101, 3]]",[1.653470146798279e-05]
layer_8,554,"[[31, [13, 1, 1, 1, 1]], [33, [2, 2, 4, 1, 1]], [35, [16, 3, 3]], [62, 1], [68, 3], [74, 1], [101, 3]]",[1.7097637180460642e-05]
layer_8,555,"[[31, [13, 1, 1, 1, 1]], [33, [2, 2, 4, 1, 1]], [35, [16, 9, 1]], [62, 1], [68, 3], [74, 1], [101, 3]]",[1.709967641222384e-05]
layer_8,556,"[[31, [13, 1, 1, 1, 1]], [33, [2, 2, 4, 1, 1]], [35, [16, 3, 3]], [62, 2], [68, 1], [74, 0], [101, 3]]",[1.781840261365216e-05]
layer_8,557,"[[31, [13, 1, 1, 1, 1]], [33, [4, 1, 4, 1, 1]], [35, [8, 6, 3]], [62, 2], [68, 1], [74, 2], [101, 3]]",[1.7926613421926912e-05]
layer_8,558,"[[31, [13, 1, 1, 1, 1]], [33, [2, 2, 4, 1, 1]], [35, [16, 3, 3]], [62, 0], [68, 2], [74, 3], [101, 3]]",[1.8936871066555277e-05]
layer_8,559,"[[31, [13, 1, 1, 1, 1]], [33, [4, 1, 4, 1, 1]], [35, [16, 3, 3]], [62, 2], [68, 1], [74, 0], [101, 3]]",[1.8080092731829573e-05]
layer_8,560,"[[31, [13, 1, 1, 1, 1]], [33, [4, 1, 4, 1, 1]], [35, [16, 9, 1]], [62, 2], [68, 1], [74, 0], [101, 3]]",[1.8078085140213932e-05]
layer_8,561,"[[31, [13, 1, 1, 1, 1]], [33, [4, 1, 4, 1, 1]], [35, [16, 9, 1]], [62, 1], [68, 1], [74, 0], [101, 3]]",[1.821282428292955e-05]
layer_8,562,"[[31, [13, 1, 1, 1, 1]], [33, [4, 1, 4, 1, 1]], [35, [16, 3, 3]], [62, 1], [68, 1], [74, 0], [101, 3]]",[1.8232778737541527e-05]
layer_8,563,"[[31, [13, 1, 1, 1, 1]], [33, [2, 2, 4, 1, 1]], [35, [16, 3, 3]], [62, 0], [68, 2], [74, 2], [101, 3]]",[1.7430826232247287e-05]
layer_8,564,"[[31, [13, 1, 1, 1, 1]], [33, [2, 2, 4, 1, 1]], [35, [8, 9, 2]], [62, 1], [68, 3], [74, 1], [101, 3]]",[1.7818007308970098e-05]
layer_8,565,"[[31, [13, 1, 1, 1, 1]], [33, [4, 1, 4, 1, 1]], [35, [16, 9, 1]], [62, 1], [68, 2], [74, 3], [101, 3]]",[1.8588253829016988e-05]
layer_8,566,"[[31, [13, 1, 1, 1, 1]], [33, [2, 2, 4, 1, 1]], [35, [16, 3, 3]], [62, 0], [68, 3], [74, 1], [101, 3]]",[1.7236226352692153e-05]
layer_8,567,"[[31, [13, 1, 1, 1, 1]], [33, [2, 2, 4, 1, 1]], [35, [8, 18, 1]], [62, 2], [68, 0], [74, 3], [101, 3]]",[1.814484146179402e-05]
layer_8,568,"[[31, [13, 1, 1, 1, 1]], [33, [2, 2, 4, 1, 1]], [35, [16, 3, 3]], [62, 2], [68, 3], [74, 3], [101, 3]]",[1.7171628704318938e-05]
layer_8,569,"[[31, [13, 1, 1, 1, 1]], [33, [2, 2, 4, 1, 1]], [35, [16, 9, 1]], [62, 2], [68, 3], [74, 3], [101, 3]]",[1.7170813554817277e-05]
layer_8,570,"[[31, [13, 1, 1, 1, 1]], [33, [4, 1, 4, 1, 1]], [35, [16, 3, 3]], [62, 0], [68, 1], [74, 0], [101, 3]]",[1.8083974380395436e-05]
layer_8,571,"[[31, [13, 1, 1, 1, 1]], [33, [4, 1, 4, 1, 1]], [35, [16, 9, 1]], [62, 0], [68, 1], [74, 0], [101, 3]]",[1.8083823586744636e-05]
layer_8,572,"[[31, [13, 1, 1, 1, 1]], [33, [4, 1, 4, 1, 1]], [35, [16, 3, 3]], [62, 1], [68, 2], [74, 2], [101, 3]]",[1.7169590086326926e-05]
layer_8,573,"[[31, [13, 1, 1, 1, 1]], [33, [4, 2, 1, 1, 2]], [35, [48, 1, 3]], [62, 0], [68, 2], [74, 1], [101, 2]]",[9.001879975728155e-05]
layer_8,574,"[[31, [1, 13, 1, 1, 1]], [33, [2, 1, 1, 8, 1]], [35, [72, 2, 1]], [62, 2], [68, 3], [74, 2], [101, 3]]",[0.0002420121387195122]
layer_8,575,"[[31, [13, 1, 1, 1, 1]], [33, [1, 16, 1, 1, 1]], [35, [48, 1, 3]], [62, 0], [68, 0], [74, 1], [101, 3]]",[4.578777855109143e-05]
layer_8,576,"[[31, [13, 1, 1, 1, 1]], [33, [2, 2, 4, 1, 1]], [35, [8, 18, 1]], [62, 1], [68, 0], [74, 1], [101, 3]]",[1.3864511737089203e-05]
layer_8,577,"[[31, [13, 1, 1, 1, 1]], [33, [2, 2, 4, 1, 1]], [35, [8, 18, 1]], [62, 2], [68, 0], [74, 1], [101, 3]]",[1.3503139322216244e-05]
layer_8,578,"[[31, [13, 1, 1, 1, 1]], [33, [4, 1, 4, 1, 1]], [35, [8, 6, 3]], [62, 1], [68, 0], [74, 1], [101, 3]]",[1.3309784143979952e-05]
layer_8,579,"[[31, [13, 1, 1, 1, 1]], [33, [2, 2, 4, 1, 1]], [35, [8, 18, 1]], [62, 1], [68, 1], [74, 1], [101, 3]]",[1.4564676637208248e-05]
layer_8,580,"[[31, [13, 1, 1, 1, 1]], [33, [2, 2, 4, 1, 1]], [35, [8, 6, 3]], [62, 1], [68, 1], [74, 1], [101, 3]]",[1.471112028704864e-05]
layer_8,581,"[[31, [13, 1, 1, 1, 1]], [33, [4, 1, 4, 1, 1]], [35, [8, 18, 1]], [62, 0], [68, 1], [74, 1], [101, 3]]",[1.462252904256533e-05]
layer_8,582,"[[31, [13, 1, 1, 1, 1]], [33, [2, 2, 4, 1, 1]], [35, [16, 9, 1]], [62, 0], [68, 0], [74, 3], [101, 3]]",[1.4973326792452831e-05]
layer_8,583,"[[31, [13, 1, 1, 1, 1]], [33, [2, 2, 4, 1, 1]], [35, [8, 6, 3]], [62, 1], [68, 2], [74, 1], [101, 3]]",[1.557260495311373e-05]
layer_8,584,"[[31, [13, 1, 1, 1, 1]], [33, [4, 1, 4, 1, 1]], [35, [8, 6, 3]], [62, 1], [68, 2], [74, 1], [101, 3]]",[1.5298645403804532e-05]
layer_8,585,"[[31, [13, 1, 1, 1, 1]], [33, [4, 1, 4, 1, 1]], [35, [8, 18, 1]], [62, 1], [68, 2], [74, 1], [101, 3]]",[1.5372172741078207e-05]
layer_8,586,"[[31, [13, 1, 1, 1, 1]], [33, [2, 2, 4, 1, 1]], [35, [8, 6, 3]], [62, 0], [68, 2], [74, 1], [101, 3]]",[1.5602893854049318e-05]
layer_8,587,"[[31, [13, 1, 1, 1, 1]], [33, [4, 1, 4, 1, 1]], [35, [8, 9, 2]], [62, 2], [68, 0], [74, 2], [101, 3]]",[1.5585247421383648e-05]
layer_8,588,"[[31, [13, 1, 1, 1, 1]], [33, [2, 2, 4, 1, 1]], [35, [8, 6, 3]], [62, 0], [68, 0], [74, 2], [101, 3]]",[1.653691242723361e-05]
layer_8,589,"[[31, [13, 1, 1, 1, 1]], [33, [4, 1, 4, 1, 1]], [35, [8, 18, 1]], [62, 1], [68, 0], [74, 2], [101, 3]]",[1.5676333067547555e-05]
layer_8,590,"[[31, [13, 1, 1, 1, 1]], [33, [4, 1, 4, 1, 1]], [35, [16, 3, 3]], [62, 2], [68, 3], [74, 1], [101, 3]]",[1.6945162183969875e-05]
layer_8,591,"[[31, [13, 1, 1, 1, 1]], [33, [4, 1, 4, 1, 1]], [35, [16, 9, 1]], [62, 2], [68, 3], [74, 1], [101, 3]]",[1.6946149962034927e-05]
layer_8,592,"[[31, [13, 1, 1, 1, 1]], [33, [2, 2, 4, 1, 1]], [35, [16, 9, 1]], [62, 0], [68, 2], [74, 1], [101, 3]]",[1.5760569848521277e-05]
layer_8,593,"[[31, [13, 1, 1, 1, 1]], [33, [4, 1, 4, 1, 1]], [35, [16, 3, 3]], [62, 1], [68, 3], [74, 1], [101, 3]]",[1.7029994178688937e-05]
layer_8,594,"[[31, [13, 1, 1, 1, 1]], [33, [4, 1, 4, 1, 1]], [35, [16, 9, 1]], [62, 1], [68, 3], [74, 1], [101, 3]]",[1.7029086560364463e-05]
layer_8,595,"[[31, [13, 1, 1, 1, 1]], [33, [2, 2, 4, 1, 1]], [35, [8, 9, 2]], [62, 1], [68, 1], [74, 2], [101, 3]]",[1.8073585112281673e-05]
layer_8,596,"[[31, [13, 1, 1, 1, 1]], [33, [4, 1, 4, 1, 1]], [35, [16, 3, 3]], [62, 0], [68, 3], [74, 1], [101, 3]]",[1.7290756100778262e-05]
layer_8,597,"[[31, [13, 1, 1, 1, 1]], [33, [4, 1, 4, 1, 1]], [35, [16, 3, 3]], [62, 2], [68, 2], [74, 2], [101, 3]]",[1.7088567324727916e-05]
layer_8,598,"[[31, [13, 1, 1, 1, 1]], [33, [4, 1, 4, 1, 1]], [35, [16, 9, 1]], [62, 2], [68, 2], [74, 2], [101, 3]]",[1.7088177170336622e-05]
layer_8,599,"[[31, [13, 1, 1, 1, 1]], [33, [2, 2, 4, 1, 1]], [35, [16, 3, 3]], [62, 1], [68, 1], [74, 0], [101, 3]]",[1.7244637117903932e-05]
layer_8,600,"[[31, [13, 1, 1, 1, 1]], [33, [2, 2, 4, 1, 1]], [35, [16, 9, 1]], [62, 2], [68, 1], [74, 0], [101, 3]]",[1.7821922416302765e-05]
layer_8,601,"[[31, [13, 1, 1, 1, 1]], [33, [4, 1, 4, 1, 1]], [35, [8, 18, 1]], [62, 2], [68, 1], [74, 2], [101, 3]]",[1.7928943255813957e-05]
layer_8,602,"[[31, [13, 1, 1, 1, 1]], [33, [4, 1, 4, 1, 1]], [35, [8, 9, 2]], [62, 2], [68, 1], [74, 2], [101, 3]]",[1.7928443887496518e-05]
layer_8,603,"[[31, [13, 1, 1, 1, 1]], [33, [2, 2, 4, 1, 1]], [35, [8, 9, 2]], [62, 0], [68, 1], [74, 2], [101, 3]]",[1.828662510367708e-05]
layer_8,604,"[[31, [13, 1, 1, 1, 1]], [33, [4, 1, 4, 1, 1]], [35, [16, 9, 1]], [62, 0], [68, 2], [74, 2], [101, 3]]",[1.746742857142857e-05]
layer_8,605,"[[31, [13, 1, 1, 1, 1]], [33, [2, 2, 4, 1, 1]], [35, [16, 3, 3]], [62, 1], [68, 2], [74, 2], [101, 3]]",[1.712740358803987e-05]
layer_8,606,"[[31, [1, 13, 1, 1, 1]], [33, [8, 1, 2, 1, 1]], [35, [8, 9, 2]], [62, 2], [68, 2], [74, 2], [101, 3]]",[1.6817469881042775e-05]
layer_8,607,"[[31, [13, 1, 1, 1, 1]], [33, [2, 2, 4, 1, 1]], [35, [16, 9, 1]], [62, 1], [68, 2], [74, 3], [101, 3]]",[1.862457802037846e-05]
layer_8,608,"[[31, [13, 1, 1, 1, 1]], [33, [2, 2, 4, 1, 1]], [35, [8, 9, 2]], [62, 1], [68, 0], [74, 3], [101, 3]]",[1.8220889864670315e-05]
layer_8,609,"[[31, [13, 1, 1, 1, 1]], [33, [2, 2, 4, 1, 1]], [35, [8, 6, 3]], [62, 1], [68, 0], [74, 3], [101, 3]]",[1.8227828042328044e-05]
layer_8,610,"[[31, [13, 1, 1, 1, 1]], [33, [4, 1, 4, 1, 1]], [35, [8, 9, 2]], [62, 1], [68, 1], [74, 2], [101, 3]]",[1.8093607543466068e-05]
layer_8,611,"[[31, [13, 1, 1, 1, 1]], [33, [2, 2, 4, 1, 1]], [35, [16, 9, 1]], [62, 0], [68, 2], [74, 3], [101, 3]]",[1.8946087627365357e-05]
layer_8,612,"[[31, [13, 1, 1, 1, 1]], [33, [2, 2, 4, 1, 1]], [35, [16, 9, 1]], [62, 0], [68, 1], [74, 0], [101, 3]]",[1.8090070596797672e-05]
layer_8,613,"[[31, [13, 1, 1, 1, 1]], [33, [2, 2, 4, 1, 1]], [35, [16, 9, 1]], [62, 2], [68, 3], [74, 2], [101, 3]]",[2.1092965652768286e-05]
layer_8,614,"[[31, [13, 1, 1, 1, 1]], [33, [4, 1, 4, 1, 1]], [35, [16, 9, 1]], [62, 0], [68, 3], [74, 2], [101, 3]]",[1.9930439446870454e-05]
layer_8,615,"[[31, [13, 1, 1, 1, 1]], [33, [4, 1, 4, 1, 1]], [35, [16, 3, 3]], [62, 2], [68, 3], [74, 3], [101, 3]]",[1.7189646735658616e-05]
layer_8,616,"[[31, [13, 1, 1, 1, 1]], [33, [2, 2, 4, 1, 1]], [35, [8, 9, 2]], [62, 2], [68, 0], [74, 3], [101, 3]]",[1.814841023255814e-05]
layer_8,617,"[[31, [13, 1, 1, 1, 1]], [33, [4, 1, 4, 1, 1]], [35, [8, 9, 2]], [62, 2], [68, 0], [74, 3], [101, 3]]",[1.808392840261365e-05]
layer_8,618,"[[31, [13, 1, 1, 1, 1]], [33, [4, 2, 2, 1, 1]], [35, [16, 3, 3]], [62, 1], [68, 0], [74, 1], [101, 3]]",[1.949386040756914e-05]
layer_8,619,"[[31, [13, 1, 1, 1, 1]], [33, [2, 2, 4, 1, 1]], [35, [8, 6, 3]], [62, 0], [68, 0], [74, 3], [101, 3]]",[1.767005903648009e-05]
layer_8,620,"[[31, [13, 1, 1, 1, 1]], [33, [2, 2, 4, 1, 1]], [35, [8, 9, 2]], [62, 0], [68, 0], [74, 3], [101, 3]]",[1.7659833653722926e-05]
layer_8,621,"[[31, [13, 1, 1, 1, 1]], [33, [4, 1, 4, 1, 1]], [35, [8, 9, 2]], [62, 2], [68, 3], [74, 1], [101, 3]]",[1.843116179337232e-05]
layer_8,622,"[[31, [13, 1, 1, 1, 1]], [33, [4, 1, 4, 1, 1]], [35, [8, 18, 1]], [62, 2], [68, 3], [74, 1], [101, 3]]",[1.84354069864153e-05]
layer_8,623,"[[31, [13, 1, 1, 1, 1]], [33, [4, 1, 4, 1, 1]], [35, [8, 6, 3]], [62, 2], [68, 3], [74, 1], [101, 3]]",[1.8436885082393753e-05]
layer_8,624,"[[31, [13, 1, 1, 1, 1]], [33, [2, 2, 4, 1, 1]], [35, [16, 9, 1]], [62, 1], [68, 3], [74, 2], [101, 3]]",[1.9791824869482673e-05]
layer_8,625,"[[31, [13, 1, 1, 1, 1]], [33, [2, 2, 4, 1, 1]], [35, [16, 3, 3]], [62, 1], [68, 3], [74, 2], [101, 3]]",[1.9793482415005863e-05]
layer_8,626,"[[31, [13, 1, 1, 1, 1]], [33, [2, 2, 4, 1, 1]], [35, [16, 9, 1]], [62, 1], [68, 3], [74, 3], [101, 3]]",[1.7236091017330333e-05]
layer_8,627,"[[31, [13, 1, 1, 1, 1]], [33, [4, 1, 4, 1, 1]], [35, [16, 9, 1]], [62, 1], [68, 3], [74, 3], [101, 3]]",[1.7274136674259683e-05]
layer_8,628,"[[31, [13, 1, 1, 1, 1]], [33, [2, 2, 4, 1, 1]], [35, [16, 9, 1]], [62, 0], [68, 3], [74, 2], [101, 3]]",[1.981387729257642e-05]
layer_8,629,"[[31, [13, 1, 1, 1, 1]], [33, [2, 2, 4, 1, 1]], [35, [16, 3, 3]], [62, 0], [68, 3], [74, 2], [101, 3]]",[1.9812387045123723e-05]
layer_8,630,"[[31, [13, 1, 1, 1, 1]], [33, [2, 2, 4, 1, 1]], [35, [8, 6, 3]], [62, 2], [68, 2], [74, 2], [101, 3]]",[1.9680455223880596e-05]
layer_8,631,"[[31, [13, 1, 1, 1, 1]], [33, [4, 1, 4, 1, 1]], [35, [8, 9, 2]], [62, 0], [68, 0], [74, 3], [101, 3]]",[1.793803580786026e-05]
layer_8,632,"[[31, [13, 1, 1, 1, 1]], [33, [4, 1, 4, 1, 1]], [35, [8, 18, 1]], [62, 1], [68, 2], [74, 2], [101, 3]]",[1.9711667643610785e-05]
layer_8,633,"[[31, [13, 1, 1, 1, 1]], [33, [4, 1, 4, 1, 1]], [35, [8, 9, 2]], [62, 1], [68, 2], [74, 2], [101, 3]]",[1.9710583988355167e-05]
layer_8,634,"[[31, [13, 1, 1, 1, 1]], [33, [4, 1, 4, 1, 1]], [35, [16, 3, 3]], [62, 1], [68, 2], [74, 3], [101, 3]]",[1.859019841048522e-05]
layer_8,635,"[[31, [13, 1, 1, 1, 1]], [33, [2, 2, 4, 1, 1]], [35, [16, 9, 1]], [62, 0], [68, 3], [74, 3], [101, 3]]",[1.7454128546612624e-05]
layer_8,636,"[[31, [13, 1, 1, 1, 1]], [33, [2, 1, 8, 1, 1]], [35, [16, 9, 1]], [62, 2], [68, 0], [74, 1], [101, 3]]",[2.100453458401305e-05]
layer_8,637,"[[31, [1, 13, 1, 1, 1]], [33, [1, 2, 8, 1, 1]], [35, [36, 1, 4]], [62, 1], [68, 2], [74, 2], [101, 2]]",[3.9180312516609095e-05]
layer_8,638,"[[31, [1, 13, 1, 1, 1]], [33, [2, 2, 2, 2, 1]], [35, [12, 6, 2]], [62, 0], [68, 3], [74, 3], [101, 2]]",[10000000000]
layer_8,639,"[[31, [1, 13, 1, 1, 1]], [33, [4, 1, 1, 4, 1]], [35, [72, 1, 2]], [62, 0], [68, 0], [74, 3], [101, 0]]",[10000000000]
layer_8,640,"[[31, [13, 1, 1, 1, 1]], [33, [2, 2, 4, 1, 1]], [35, [8, 18, 1]], [62, 0], [68, 0], [74, 1], [101, 3]]",[1.5031140642303432e-05]
layer_8,641,"[[31, [13, 1, 1, 1, 1]], [33, [2, 2, 4, 1, 1]], [35, [8, 18, 1]], [62, 2], [68, 1], [74, 1], [101, 3]]",[1.4009755666932453e-05]
layer_8,642,"[[31, [13, 1, 1, 1, 1]], [33, [2, 2, 4, 1, 1]], [35, [8, 18, 1]], [62, 0], [68, 1], [74, 1], [101, 3]]",[1.469937696095271e-05]
layer_8,643,"[[31, [13, 1, 1, 1, 1]], [33, [2, 2, 4, 1, 1]], [35, [8, 18, 1]], [62, 1], [68, 2], [74, 1], [101, 3]]",[1.5489631882664103e-05]
layer_8,644,"[[31, [13, 1, 1, 1, 1]], [33, [2, 2, 4, 1, 1]], [35, [8, 18, 1]], [62, 0], [68, 2], [74, 1], [101, 3]]",[1.5456283345988358e-05]
layer_8,645,"[[31, [13, 1, 1, 1, 1]], [33, [4, 1, 4, 1, 1]], [35, [8, 6, 3]], [62, 1], [68, 0], [74, 2], [101, 3]]",[1.5677860904063474e-05]
layer_8,646,"[[31, [1, 13, 1, 1, 1]], [33, [4, 1, 4, 1, 1]], [35, [16, 9, 1]], [62, 1], [68, 0], [74, 1], [101, 3]]",[1.4419589564799231e-05]
layer_8,647,"[[31, [1, 13, 1, 1, 1]], [33, [4, 1, 4, 1, 1]], [35, [16, 9, 1]], [62, 2], [68, 0], [74, 1], [101, 3]]",[1.4239048777564717e-05]
layer_8,648,"[[31, [1, 13, 1, 1, 1]], [33, [4, 1, 4, 1, 1]], [35, [16, 3, 3]], [62, 2], [68, 0], [74, 1], [101, 3]]",[1.423691774303195e-05]
layer_8,649,"[[31, [13, 1, 1, 1, 1]], [33, [8, 1, 2, 1, 1]], [35, [8, 18, 1]], [62, 0], [68, 1], [74, 3], [101, 3]]",[1.427476438538206e-05]
layer_8,650,"[[31, [13, 1, 1, 1, 1]], [33, [8, 1, 2, 1, 1]], [35, [8, 6, 3]], [62, 0], [68, 1], [74, 3], [101, 3]]",[1.4273122667780565e-05]
layer_8,651,"[[31, [13, 1, 1, 1, 1]], [33, [2, 2, 4, 1, 1]], [35, [16, 9, 1]], [62, 1], [68, 1], [74, 0], [101, 3]]",[1.7249167641325535e-05]
layer_8,652,"[[31, [13, 1, 1, 1, 1]], [33, [8, 1, 2, 1, 1]], [35, [8, 9, 2]], [62, 1], [68, 1], [74, 3], [101, 3]]",[1.5345227338302476e-05]
layer_8,653,"[[31, [1, 13, 1, 1, 1]], [33, [4, 1, 4, 1, 1]], [35, [8, 6, 3]], [62, 1], [68, 0], [74, 1], [101, 3]]",[1.3880292272835678e-05]
layer_8,654,"[[31, [1, 13, 1, 1, 1]], [33, [4, 1, 4, 1, 1]], [35, [8, 18, 1]], [62, 1], [68, 0], [74, 1], [101, 3]]",[1.3711244109736417e-05]
layer_8,655,"[[31, [1, 13, 1, 1, 1]], [33, [4, 1, 4, 1, 1]], [35, [8, 9, 2]], [62, 0], [68, 0], [74, 1], [101, 3]]",[1.4236481993799188e-05]
layer_8,656,"[[31, [1, 13, 1, 1, 1]], [33, [4, 1, 4, 1, 1]], [35, [16, 9, 1]], [62, 1], [68, 1], [74, 1], [101, 3]]",[1.4322469643467363e-05]
layer_8,657,"[[31, [13, 1, 1, 1, 1]], [33, [4, 2, 2, 1, 1]], [35, [8, 9, 2]], [62, 0], [68, 2], [74, 3], [101, 3]]",[1.5964589634551496e-05]
layer_8,658,"[[31, [13, 1, 1, 1, 1]], [33, [2, 2, 4, 1, 1]], [35, [8, 6, 3]], [62, 2], [68, 1], [74, 2], [101, 3]]",[1.7967559601328905e-05]
layer_8,659,"[[31, [13, 1, 1, 1, 1]], [33, [4, 1, 2, 2, 1]], [35, [16, 9, 1]], [62, 2], [68, 0], [74, 3], [101, 3]]",[1.8996914701601164e-05]
layer_8,660,"[[31, [1, 13, 1, 1, 1]], [33, [4, 1, 4, 1, 1]], [35, [8, 18, 1]], [62, 2], [68, 0], [74, 1], [101, 3]]",[1.3648559117805269e-05]
layer_8,661,"[[31, [1, 13, 1, 1, 1]], [33, [4, 1, 4, 1, 1]], [35, [8, 6, 3]], [62, 2], [68, 0], [74, 1], [101, 3]]",[1.364867649273803e-05]
layer_8,662,"[[31, [13, 1, 1, 1, 1]], [33, [2, 2, 4, 1, 1]], [35, [16, 9, 1]], [62, 0], [68, 3], [74, 1], [101, 3]]",[1.7281393444697543e-05]
layer_8,663,"[[31, [13, 1, 1, 1, 1]], [33, [4, 1, 4, 1, 1]], [35, [16, 9, 1]], [62, 2], [68, 3], [74, 3], [101, 3]]",[1.7222902325581396e-05]
layer_8,664,"[[31, [13, 1, 1, 1, 1]], [33, [4, 2, 2, 1, 1]], [35, [8, 9, 2]], [62, 2], [68, 2], [74, 3], [101, 3]]",[1.589232411637413e-05]
layer_8,665,"[[31, [13, 1, 1, 1, 1]], [33, [2, 2, 4, 1, 1]], [35, [8, 18, 1]], [62, 0], [68, 1], [74, 2], [101, 3]]",[1.8286622832842657e-05]
layer_8,666,"[[31, [13, 1, 1, 1, 1]], [33, [2, 2, 4, 1, 1]], [35, [8, 6, 3]], [62, 2], [68, 0], [74, 3], [101, 3]]",[1.8165542811455154e-05]
layer_8,667,"[[31, [1, 13, 1, 1, 1]], [33, [4, 1, 4, 1, 1]], [35, [16, 9, 1]], [62, 2], [68, 0], [74, 3], [101, 3]]",[1.4006491447014522e-05]
layer_8,668,"[[31, [1, 13, 1, 1, 1]], [33, [4, 1, 4, 1, 1]], [35, [16, 3, 3]], [62, 2], [68, 0], [74, 3], [101, 3]]",[1.400516987627757e-05]
layer_8,669,"[[31, [13, 1, 1, 1, 1]], [33, [4, 1, 4, 1, 1]], [35, [8, 6, 3]], [62, 1], [68, 1], [74, 2], [101, 3]]",[1.8093200145560408e-05]
layer_8,670,"[[31, [13, 1, 1, 1, 1]], [33, [4, 1, 4, 1, 1]], [35, [8, 18, 1]], [62, 1], [68, 1], [74, 2], [101, 3]]",[1.8093796506550217e-05]
layer_8,671,"[[31, [13, 1, 1, 1, 1]], [33, [4, 1, 4, 1, 1]], [35, [8, 18, 1]], [62, 2], [68, 0], [74, 3], [101, 3]]",[1.8087528822055137e-05]
layer_8,672,"[[31, [13, 1, 1, 1, 1]], [33, [4, 1, 4, 1, 1]], [35, [8, 18, 1]], [62, 0], [68, 1], [74, 2], [101, 3]]",[1.8467325989273808e-05]
layer_8,673,"[[31, [13, 1, 1, 1, 1]], [33, [4, 1, 2, 2, 1]], [35, [16, 3, 3]], [62, 0], [68, 2], [74, 3], [101, 3]]",[2.0722350419237463e-05]
layer_8,674,"[[31, [13, 1, 1, 1, 1]], [33, [2, 2, 4, 1, 1]], [35, [8, 6, 3]], [62, 1], [68, 3], [74, 1], [101, 3]]",[1.7816375016611295e-05]
layer_8,675,"[[31, [13, 1, 1, 1, 1]], [33, [2, 2, 4, 1, 1]], [35, [8, 18, 1]], [62, 1], [68, 3], [74, 1], [101, 3]]",[1.7817327973421925e-05]
layer_8,676,"[[31, [13, 1, 1, 1, 1]], [33, [2, 8, 1, 1, 1]], [35, [16, 9, 1]], [62, 2], [68, 3], [74, 2], [101, 3]]",[2.1674261192849236e-05]
layer_8,677,"[[31, [13, 1, 1, 1, 1]], [33, [2, 2, 4, 1, 1]], [35, [8, 6, 3]], [62, 0], [68, 3], [74, 1], [101, 3]]",[2.0052320360702417e-05]
layer_8,678,"[[31, [13, 1, 1, 1, 1]], [33, [2, 2, 4, 1, 1]], [35, [8, 18, 1]], [62, 0], [68, 3], [74, 1], [101, 3]]",[1.8799140350877192e-05]
layer_8,679,"[[31, [1, 13, 1, 1, 1]], [33, [4, 1, 4, 1, 1]], [35, [16, 3, 3]], [62, 2], [68, 0], [74, 2], [101, 3]]",[1.4847357899532978e-05]
layer_8,680,"[[31, [13, 1, 1, 1, 1]], [33, [4, 1, 4, 1, 1]], [35, [16, 3, 3]], [62, 0], [68, 3], [74, 3], [101, 3]]",[1.7433311362126248e-05]
layer_8,681,"[[31, [13, 1, 1, 1, 1]], [33, [1, 4, 2, 2, 1]], [35, [8, 9, 2]], [62, 1], [68, 0], [74, 2], [101, 3]]",[4.0948927433124644e-05]
layer_8,682,"[[31, [13, 1, 1, 1, 1]], [33, [1, 4, 2, 1, 2]], [35, [8, 6, 3]], [62, 1], [68, 0], [74, 2], [101, 3]]",[4.150634502923977e-05]
layer_8,683,"[[31, [13, 1, 1, 1, 1]], [33, [4, 1, 4, 1, 1]], [35, [16, 9, 1]], [62, 2], [68, 3], [74, 2], [101, 3]]",[1.968314483260553e-05]
layer_8,684,"[[31, [1, 13, 1, 1, 1]], [33, [4, 1, 4, 1, 1]], [35, [8, 18, 1]], [62, 1], [68, 1], [74, 1], [101, 3]]",[1.4623330488098102e-05]
layer_8,685,"[[31, [1, 13, 1, 1, 1]], [33, [4, 1, 4, 1, 1]], [35, [8, 6, 3]], [62, 1], [68, 1], [74, 1], [101, 3]]",[1.464580077457569e-05]
layer_8,686,"[[31, [13, 1, 1, 1, 1]], [33, [1, 16, 1, 1, 1]], [35, [16, 9, 1]], [62, 2], [68, 3], [74, 1], [101, 3]]",[2.2086388546116117e-05]
layer_8,687,"[[31, [1, 13, 1, 1, 1]], [33, [4, 1, 4, 1, 1]], [35, [8, 6, 3]], [62, 2], [68, 1], [74, 1], [101, 3]]",[1.4066014767219027e-05]
layer_8,688,"[[31, [1, 13, 1, 1, 1]], [33, [4, 1, 4, 1, 1]], [35, [8, 18, 1]], [62, 2], [68, 1], [74, 1], [101, 3]]",[1.4044895759268663e-05]
layer_8,689,"[[31, [13, 1, 1, 1, 1]], [33, [4, 1, 4, 1, 1]], [35, [8, 9, 2]], [62, 0], [68, 3], [74, 1], [101, 3]]",[1.9087763705391043e-05]
layer_8,690,"[[31, [13, 1, 1, 1, 1]], [33, [4, 1, 4, 1, 1]], [35, [8, 6, 3]], [62, 0], [68, 3], [74, 1], [101, 3]]",[1.9090000696184906e-05]
layer_8,691,"[[31, [13, 1, 1, 1, 1]], [33, [4, 1, 4, 1, 1]], [35, [8, 18, 1]], [62, 0], [68, 3], [74, 1], [101, 3]]",[1.909513798384851e-05]
layer_8,692,"[[31, [1, 13, 1, 1, 1]], [33, [4, 1, 4, 1, 1]], [35, [16, 3, 3]], [62, 2], [68, 1], [74, 3], [101, 3]]",[1.4858041245691194e-05]
layer_8,693,"[[31, [13, 1, 1, 1, 1]], [33, [4, 1, 4, 1, 1]], [35, [8, 6, 3]], [62, 1], [68, 3], [74, 1], [101, 3]]",[1.8104077607973424e-05]
layer_8,694,"[[31, [13, 1, 1, 1, 1]], [33, [2, 2, 2, 1, 2]], [35, [16, 3, 3]], [62, 1], [68, 0], [74, 3], [101, 3]]",[1.9461871484266224e-05]
layer_8,695,"[[31, [13, 1, 1, 1, 1]], [33, [4, 4, 1, 1, 1]], [35, [16, 3, 3]], [62, 1], [68, 3], [74, 3], [101, 3]]",[2.0233613973799127e-05]
layer_8,696,"[[31, [13, 1, 1, 1, 1]], [33, [4, 1, 2, 2, 1]], [35, [16, 3, 3]], [62, 0], [68, 0], [74, 3], [101, 3]]",[1.8439405179615703e-05]
layer_8,697,"[[31, [13, 1, 1, 1, 1]], [33, [4, 2, 2, 1, 1]], [35, [16, 9, 1]], [62, 1], [68, 0], [74, 3], [101, 3]]",[1.6738891561461795e-05]
layer_8,698,"[[31, [13, 1, 1, 1, 1]], [33, [1, 4, 4, 1, 1]], [35, [16, 9, 1]], [62, 2], [68, 2], [74, 0], [101, 3]]",[1.8665567957479118e-05]
layer_8,699,"[[31, [13, 1, 1, 1, 1]], [33, [1, 4, 4, 1, 1]], [35, [16, 9, 1]], [62, 1], [68, 2], [74, 0], [101, 3]]",[1.842032292358804e-05]
layer_8,700,"[[31, [13, 1, 1, 1, 1]], [33, [2, 4, 2, 1, 1]], [35, [16, 9, 1]], [62, 1], [68, 1], [74, 3], [101, 3]]",[1.7230331724322872e-05]
layer_8,701,"[[31, [1, 1, 1, 13, 1]], [33, [1, 2, 1, 8, 1]], [35, [36, 4, 1]], [62, 1], [68, 3], [74, 1], [101, 2]]",[0.0017291514827586206]
layer_8,702,"[[31, [1, 13, 1, 1, 1]], [33, [4, 2, 1, 1, 2]], [35, [24, 2, 3]], [62, 2], [68, 2], [74, 1], [101, 0]]",[0.00015867806432160803]
layer_8,703,"[[31, [13, 1, 1, 1, 1]], [33, [2, 2, 4, 1, 1]], [35, [48, 1, 3]], [62, 0], [68, 1], [74, 2], [101, 1]]",[6.84102732506643e-05]
layer_8,704,"[[31, [1, 13, 1, 1, 1]], [33, [4, 1, 4, 1, 1]], [35, [8, 9, 2]], [62, 2], [68, 0], [74, 1], [101, 3]]",[1.4531724621354362e-05]
layer_8,705,"[[31, [1, 13, 1, 1, 1]], [33, [4, 1, 4, 1, 1]], [35, [8, 9, 2]], [62, 1], [68, 0], [74, 1], [101, 3]]",[1.3657190310170714e-05]
layer_8,706,"[[31, [1, 13, 1, 1, 1]], [33, [4, 1, 4, 1, 1]], [35, [8, 18, 1]], [62, 0], [68, 0], [74, 1], [101, 3]]",[1.4037874125874128e-05]
layer_8,707,"[[31, [1, 13, 1, 1, 1]], [33, [4, 1, 4, 1, 1]], [35, [8, 6, 3]], [62, 0], [68, 0], [74, 1], [101, 3]]",[1.4236409144701452e-05]
layer_8,708,"[[31, [1, 13, 1, 1, 1]], [33, [4, 1, 4, 1, 1]], [35, [16, 3, 3]], [62, 1], [68, 0], [74, 3], [101, 3]]",[1.4094201389679917e-05]
layer_8,709,"[[31, [1, 13, 1, 1, 1]], [33, [4, 1, 4, 1, 1]], [35, [16, 9, 1]], [62, 1], [68, 0], [74, 3], [101, 3]]",[1.4092451076432396e-05]
layer_8,710,"[[31, [13, 1, 1, 1, 1]], [33, [8, 1, 2, 1, 1]], [35, [8, 18, 1]], [62, 2], [68, 1], [74, 3], [101, 3]]",[1.4180230249536884e-05]
layer_8,711,"[[31, [13, 1, 1, 1, 1]], [33, [8, 1, 2, 1, 1]], [35, [8, 6, 3]], [62, 2], [68, 1], [74, 3], [101, 3]]",[1.4180530763107017e-05]
layer_8,712,"[[31, [1, 13, 1, 1, 1]], [33, [4, 1, 4, 1, 1]], [35, [16, 3, 3]], [62, 1], [68, 0], [74, 1], [101, 3]]",[1.4419515662376123e-05]
layer_8,713,"[[31, [1, 13, 1, 1, 1]], [33, [4, 1, 4, 1, 1]], [35, [16, 3, 3]], [62, 1], [68, 0], [74, 2], [101, 3]]",[1.4931522060577151e-05]
layer_8,714,"[[31, [1, 13, 1, 1, 1]], [33, [4, 1, 4, 1, 1]], [35, [16, 9, 1]], [62, 1], [68, 0], [74, 2], [101, 3]]",[1.4930757147738921e-05]
layer_8,715,"[[31, [1, 13, 1, 1, 1]], [33, [4, 1, 4, 1, 1]], [35, [16, 3, 3]], [62, 1], [68, 1], [74, 3], [101, 3]]",[1.4895542619047619e-05]
layer_8,716,"[[31, [1, 13, 1, 1, 1]], [33, [4, 1, 4, 1, 1]], [35, [16, 9, 1]], [62, 2], [68, 1], [74, 1], [101, 3]]",[1.4262161863537991e-05]
layer_8,717,"[[31, [13, 1, 1, 1, 1]], [33, [8, 1, 2, 1, 1]], [35, [8, 18, 1]], [62, 2], [68, 2], [74, 3], [101, 3]]",[1.6236633274824475e-05]
layer_8,718,"[[31, [1, 13, 1, 1, 1]], [33, [4, 1, 4, 1, 1]], [35, [8, 9, 2]], [62, 0], [68, 1], [74, 1], [101, 3]]",[1.460474128396249e-05]
layer_8,719,"[[31, [1, 13, 1, 1, 1]], [33, [4, 1, 4, 1, 1]], [35, [16, 3, 3]], [62, 2], [68, 1], [74, 2], [101, 3]]",[1.5260543924738305e-05]
layer_8,720,"[[31, [1, 13, 1, 1, 1]], [33, [4, 1, 4, 1, 1]], [35, [16, 9, 1]], [62, 2], [68, 1], [74, 2], [101, 3]]",[1.5259683109473434e-05]
layer_8,721,"[[31, [13, 1, 1, 1, 1]], [33, [8, 1, 2, 1, 1]], [35, [8, 18, 1]], [62, 1], [68, 1], [74, 3], [101, 3]]",[1.5346342408019136e-05]
layer_8,722,"[[31, [1, 13, 1, 1, 1]], [33, [4, 1, 4, 1, 1]], [35, [16, 9, 1]], [62, 0], [68, 0], [74, 3], [101, 3]]",[1.4896806811709762e-05]
layer_8,723,"[[31, [13, 1, 1, 1, 1]], [33, [8, 1, 2, 1, 1]], [35, [8, 18, 1]], [62, 0], [68, 2], [74, 3], [101, 3]]",[1.585681979910444e-05]
layer_8,724,"[[31, [1, 13, 1, 1, 1]], [33, [4, 1, 4, 1, 1]], [35, [16, 3, 3]], [62, 0], [68, 0], [74, 1], [101, 3]]",[1.4573144773475068e-05]
layer_8,725,"[[31, [1, 13, 1, 1, 1]], [33, [4, 1, 4, 1, 1]], [35, [16, 9, 1]], [62, 0], [68, 0], [74, 1], [101, 3]]",[1.4572666704636064e-05]
layer_8,726,"[[31, [13, 1, 1, 1, 1]], [33, [8, 1, 2, 1, 1]], [35, [8, 6, 3]], [62, 0], [68, 1], [74, 2], [101, 3]]",[1.6445214813021906e-05]
layer_8,727,"[[31, [1, 13, 1, 1, 1]], [33, [4, 1, 4, 1, 1]], [35, [8, 6, 3]], [62, 2], [68, 2], [74, 1], [101, 3]]",[1.5629302343352013e-05]
layer_8,728,"[[31, [1, 13, 1, 1, 1]], [33, [4, 1, 4, 1, 1]], [35, [8, 18, 1]], [62, 2], [68, 2], [74, 1], [101, 3]]",[1.547131295681063e-05]
layer_8,729,"[[31, [1, 13, 1, 1, 1]], [33, [4, 1, 4, 1, 1]], [35, [16, 3, 3]], [62, 0], [68, 0], [74, 2], [101, 3]]",[1.4864372805962972e-05]
layer_8,730,"[[31, [1, 13, 1, 1, 1]], [33, [4, 1, 4, 1, 1]], [35, [8, 18, 1]], [62, 2], [68, 0], [74, 2], [101, 3]]",[1.550539749430524e-05]
layer_8,731,"[[31, [1, 13, 1, 1, 1]], [33, [4, 1, 4, 1, 1]], [35, [16, 9, 1]], [62, 0], [68, 1], [74, 1], [101, 3]]",[1.4566484223715684e-05]
layer_8,732,"[[31, [1, 13, 1, 1, 1]], [33, [4, 1, 4, 1, 1]], [35, [16, 3, 3]], [62, 0], [68, 1], [74, 1], [101, 3]]",[1.4565454567278838e-05]
layer_8,733,"[[31, [13, 1, 1, 1, 1]], [33, [8, 1, 2, 1, 1]], [35, [8, 18, 1]], [62, 1], [68, 2], [74, 3], [101, 3]]",[1.5042499715229526e-05]
layer_8,734,"[[31, [1, 13, 1, 1, 1]], [33, [4, 1, 4, 1, 1]], [35, [8, 9, 2]], [62, 1], [68, 0], [74, 2], [101, 3]]",[1.558844124965441e-05]
layer_8,735,"[[31, [1, 13, 1, 1, 1]], [33, [4, 1, 4, 1, 1]], [35, [8, 18, 1]], [62, 1], [68, 0], [74, 2], [101, 3]]",[1.5555806251581878e-05]
layer_8,736,"[[31, [13, 1, 1, 1, 1]], [33, [8, 1, 2, 1, 1]], [35, [8, 18, 1]], [62, 2], [68, 3], [74, 3], [101, 3]]",[1.8596383920265783e-05]
layer_8,737,"[[31, [1, 13, 1, 1, 1]], [33, [4, 1, 4, 1, 1]], [35, [16, 3, 3]], [62, 2], [68, 2], [74, 3], [101, 3]]",[1.865041283764968e-05]
layer_8,738,"[[31, [13, 1, 1, 1, 1]], [33, [4, 2, 2, 1, 1]], [35, [8, 9, 2]], [62, 2], [68, 1], [74, 3], [101, 3]]",[1.4396653491286023e-05]
layer_8,739,"[[31, [1, 13, 1, 1, 1]], [33, [4, 1, 4, 1, 1]], [35, [8, 9, 2]], [62, 0], [68, 2], [74, 1], [101, 3]]",[1.612014099667774e-05]
layer_8,740,"[[31, [1, 13, 1, 1, 1]], [33, [4, 1, 4, 1, 1]], [35, [8, 18, 1]], [62, 0], [68, 2], [74, 1], [101, 3]]",[1.5671515818780057e-05]
layer_8,741,"[[31, [13, 1, 1, 1, 1]], [33, [4, 2, 2, 1, 1]], [35, [8, 6, 3]], [62, 0], [68, 1], [74, 3], [101, 3]]",[1.4349880396400501e-05]
layer_8,742,"[[31, [1, 13, 1, 1, 1]], [33, [4, 1, 4, 1, 1]], [35, [16, 9, 1]], [62, 1], [68, 2], [74, 1], [101, 3]]",[1.5850579826881464e-05]
layer_8,743,"[[31, [1, 13, 1, 1, 1]], [33, [4, 1, 4, 1, 1]], [35, [8, 18, 1]], [62, 0], [68, 0], [74, 2], [101, 3]]",[1.5807353330127434e-05]
layer_8,744,"[[31, [1, 13, 1, 1, 1]], [33, [4, 1, 4, 1, 1]], [35, [16, 9, 1]], [62, 1], [68, 2], [74, 3], [101, 3]]",[1.8674807324840766e-05]
layer_8,745,"[[31, [13, 1, 1, 1, 1]], [33, [8, 1, 2, 1, 1]], [35, [16, 9, 1]], [62, 2], [68, 1], [74, 3], [101, 3]]",[2.0478388836477986e-05]
layer_8,746,"[[31, [1, 13, 1, 1, 1]], [33, [4, 1, 4, 1, 1]], [35, [16, 9, 1]], [62, 2], [68, 0], [74, 0], [101, 3]]",[1.603066036424301e-05]
layer_8,747,"[[31, [1, 13, 1, 1, 1]], [33, [4, 1, 4, 1, 1]], [35, [16, 3, 3]], [62, 2], [68, 0], [74, 0], [101, 3]]",[1.6060652361604873e-05]
layer_8,748,"[[31, [13, 1, 1, 1, 1]], [33, [8, 1, 2, 1, 1]], [35, [8, 18, 1]], [62, 1], [68, 2], [74, 2], [101, 3]]",[1.748025780730897e-05]
layer_8,749,"[[31, [13, 1, 1, 1, 1]], [33, [2, 2, 4, 1, 1]], [35, [8, 18, 1]], [62, 2], [68, 0], [74, 2], [101, 3]]",[1.5645004289679536e-05]
layer_8,750,"[[31, [13, 1, 1, 1, 1]], [33, [8, 1, 2, 1, 1]], [35, [8, 18, 1]], [62, 1], [68, 3], [74, 3], [101, 3]]",[1.893088178780284e-05]
layer_8,751,"[[31, [13, 1, 1, 1, 1]], [33, [8, 1, 2, 1, 1]], [35, [8, 9, 2]], [62, 1], [68, 3], [74, 3], [101, 3]]",[1.8948919505094616e-05]
layer_8,752,"[[31, [13, 1, 1, 1, 1]], [33, [8, 1, 2, 1, 1]], [35, [16, 9, 1]], [62, 2], [68, 2], [74, 2], [101, 3]]",[1.5203817167798253e-05]
layer_8,753,"[[31, [1, 13, 1, 1, 1]], [33, [4, 1, 4, 1, 1]], [35, [16, 9, 1]], [62, 0], [68, 2], [74, 1], [101, 3]]",[1.613551601900353e-05]
layer_8,754,"[[31, [1, 13, 1, 1, 1]], [33, [4, 1, 4, 1, 1]], [35, [16, 9, 1]], [62, 0], [68, 2], [74, 3], [101, 3]]",[1.8956262183235865e-05]
layer_8,755,"[[31, [13, 1, 1, 1, 1]], [33, [2, 2, 4, 1, 1]], [35, [8, 18, 1]], [62, 0], [68, 0], [74, 2], [101, 3]]",[1.653219122923588e-05]
layer_8,756,"[[31, [13, 1, 1, 1, 1]], [33, [8, 1, 2, 1, 1]], [35, [16, 3, 3]], [62, 0], [68, 2], [74, 3], [101, 3]]",[1.8641463492063492e-05]
layer_8,757,"[[31, [1, 13, 1, 1, 1]], [33, [4, 1, 4, 1, 1]], [35, [16, 3, 3]], [62, 2], [68, 1], [74, 0], [101, 3]]",[1.677818768365913e-05]
layer_8,758,"[[31, [1, 13, 1, 1, 1]], [33, [4, 1, 4, 1, 1]], [35, [8, 18, 1]], [62, 2], [68, 0], [74, 3], [101, 3]]",[1.827161943599668e-05]
layer_8,759,"[[31, [1, 13, 1, 1, 1]], [33, [4, 1, 4, 1, 1]], [35, [16, 9, 1]], [62, 0], [68, 2], [74, 2], [101, 3]]",[1.7427862857142857e-05]
layer_8,760,"[[31, [1, 13, 1, 1, 1]], [33, [4, 1, 4, 1, 1]], [35, [8, 6, 3]], [62, 1], [68, 0], [74, 3], [101, 3]]",[1.8320206551674155e-05]
layer_8,761,"[[31, [13, 1, 1, 1, 1]], [33, [8, 1, 2, 1, 1]], [35, [16, 3, 3]], [62, 0], [68, 0], [74, 3], [101, 3]]",[1.692113958491521e-05]
layer_8,762,"[[31, [13, 1, 1, 1, 1]], [33, [8, 1, 2, 1, 1]], [35, [16, 9, 1]], [62, 2], [68, 3], [74, 2], [101, 3]]",[1.724497849758787e-05]
layer_8,763,"[[31, [1, 13, 1, 1, 1]], [33, [4, 1, 4, 1, 1]], [35, [8, 6, 3]], [62, 2], [68, 3], [74, 1], [101, 3]]",[1.7470869368770763e-05]
layer_8,764,"[[31, [1, 13, 1, 1, 1]], [33, [4, 1, 4, 1, 1]], [35, [8, 18, 1]], [62, 2], [68, 3], [74, 1], [101, 3]]",[1.74718753829017e-05]
layer_8,765,"[[31, [1, 13, 1, 1, 1]], [33, [4, 2, 1, 2, 1]], [35, [24, 2, 3]], [62, 2], [68, 2], [74, 3], [101, 2]]",[10000000000]
layer_8,766,"[[31, [13, 1, 1, 1, 1]], [33, [1, 2, 2, 4, 1]], [35, [24, 3, 2]], [62, 1], [68, 0], [74, 0], [101, 4]]",[0.00016373009700722393]
layer_8,767,"[[31, [1, 1, 1, 13, 1]], [33, [2, 1, 4, 1, 2]], [35, [48, 1, 3]], [62, 2], [68, 1], [74, 2], [101, 2]]",[0.0005098695111821086]
layer_8,768,"[[31, [1, 13, 1, 1, 1]], [33, [4, 1, 4, 1, 1]], [35, [8, 9, 2]], [62, 2], [68, 1], [74, 1], [101, 3]]",[1.4975358324974925e-05]
layer_8,769,"[[31, [1, 13, 1, 1, 1]], [33, [4, 1, 4, 1, 1]], [35, [16, 3, 3]], [62, 1], [68, 1], [74, 1], [101, 3]]",[1.4279739961529213e-05]
layer_8,770,"[[31, [13, 1, 1, 1, 1]], [33, [8, 1, 2, 1, 1]], [35, [8, 9, 2]], [62, 2], [68, 1], [74, 3], [101, 3]]",[1.4168968333523182e-05]
layer_8,771,"[[31, [1, 13, 1, 1, 1]], [33, [4, 1, 4, 1, 1]], [35, [8, 18, 1]], [62, 0], [68, 1], [74, 1], [101, 3]]",[1.4607572733830249e-05]
layer_8,772,"[[31, [13, 1, 1, 1, 1]], [33, [2, 4, 2, 1, 1]], [35, [8, 6, 3]], [62, 0], [68, 1], [74, 3], [101, 3]]",[1.4322704135609521e-05]
layer_8,773,"[[31, [1, 13, 1, 1, 1]], [33, [4, 1, 4, 1, 1]], [35, [16, 3, 3]], [62, 0], [68, 0], [74, 3], [101, 3]]",[1.4898712430872805e-05]
layer_8,774,"[[31, [1, 13, 1, 1, 1]], [33, [4, 1, 4, 1, 1]], [35, [16, 9, 1]], [62, 1], [68, 1], [74, 3], [101, 3]]",[1.4905446975737554e-05]
layer_8,775,"[[31, [13, 1, 1, 1, 1]], [33, [2, 4, 2, 1, 1]], [35, [8, 6, 3]], [62, 2], [68, 1], [74, 3], [101, 3]]",[1.4199762273607472e-05]
layer_8,776,"[[31, [1, 13, 1, 1, 1]], [33, [4, 1, 4, 1, 1]], [35, [16, 9, 1]], [62, 2], [68, 1], [74, 3], [101, 3]]",[1.4820531738398654e-05]
layer_8,777,"[[31, [13, 1, 1, 1, 1]], [33, [4, 2, 2, 1, 1]], [35, [8, 9, 2]], [62, 1], [68, 1], [74, 3], [101, 3]]",[1.4687116711736074e-05]
layer_8,778,"[[31, [1, 13, 1, 1, 1]], [33, [4, 1, 4, 1, 1]], [35, [16, 9, 1]], [62, 2], [68, 0], [74, 2], [101, 3]]",[1.484615328203895e-05]
layer_8,779,"[[31, [13, 1, 1, 1, 1]], [33, [8, 1, 2, 1, 1]], [35, [8, 6, 3]], [62, 1], [68, 1], [74, 3], [101, 3]]",[1.533749541630039e-05]
layer_8,780,"[[31, [1, 13, 1, 1, 1]], [33, [4, 1, 4, 1, 1]], [35, [16, 3, 3]], [62, 0], [68, 1], [74, 3], [101, 3]]",[1.5160694502893214e-05]
layer_8,781,"[[31, [1, 13, 1, 1, 1]], [33, [4, 1, 4, 1, 1]], [35, [16, 9, 1]], [62, 0], [68, 1], [74, 3], [101, 3]]",[1.5161241599270986e-05]
layer_8,782,"[[31, [1, 13, 1, 1, 1]], [33, [4, 1, 4, 1, 1]], [35, [16, 9, 1]], [62, 1], [68, 1], [74, 2], [101, 3]]",[1.5286875090165908e-05]
layer_8,783,"[[31, [1, 13, 1, 1, 1]], [33, [4, 1, 4, 1, 1]], [35, [16, 3, 3]], [62, 1], [68, 1], [74, 2], [101, 3]]",[1.528614411027569e-05]
layer_8,784,"[[31, [1, 13, 1, 1, 1]], [33, [4, 1, 4, 1, 1]], [35, [16, 9, 1]], [62, 0], [68, 1], [74, 2], [101, 3]]",[1.5552046525607117e-05]
layer_8,785,"[[31, [13, 1, 1, 1, 1]], [33, [8, 1, 2, 1, 1]], [35, [8, 6, 3]], [62, 2], [68, 1], [74, 2], [101, 3]]",[1.688749488372093e-05]
layer_8,786,"[[31, [13, 1, 1, 1, 1]], [33, [8, 1, 2, 1, 1]], [35, [8, 18, 1]], [62, 2], [68, 1], [74, 2], [101, 3]]",[1.6885045448504984e-05]
layer_8,787,"[[31, [13, 1, 1, 1, 1]], [33, [8, 1, 2, 1, 1]], [35, [8, 9, 2]], [62, 2], [68, 1], [74, 2], [101, 3]]",[1.6886410528980006e-05]
layer_8,788,"[[31, [1, 13, 1, 1, 1]], [33, [4, 1, 4, 1, 1]], [35, [8, 18, 1]], [62, 1], [68, 2], [74, 1], [101, 3]]",[1.6131038993710694e-05]
layer_8,789,"[[31, [1, 13, 1, 1, 1]], [33, [4, 1, 4, 1, 1]], [35, [8, 6, 3]], [62, 2], [68, 0], [74, 2], [101, 3]]",[1.5506004087521036e-05]
layer_8,790,"[[31, [13, 1, 1, 1, 1]], [33, [8, 1, 2, 1, 1]], [35, [8, 9, 2]], [62, 2], [68, 1], [74, 1], [101, 3]]",[2.5393312776891727e-05]
layer_8,791,"[[31, [13, 1, 1, 1, 1]], [33, [8, 1, 2, 1, 1]], [35, [8, 18, 1]], [62, 2], [68, 1], [74, 1], [101, 3]]",[2.539197990133382e-05]
layer_8,792,"[[31, [13, 1, 1, 1, 1]], [33, [8, 1, 2, 1, 1]], [35, [8, 6, 3]], [62, 2], [68, 2], [74, 3], [101, 3]]",[1.623588906581741e-05]
layer_8,793,"[[31, [13, 1, 1, 1, 1]], [33, [4, 2, 2, 1, 1]], [35, [8, 9, 2]], [62, 0], [68, 1], [74, 2], [101, 3]]",[1.6379829157175398e-05]
layer_8,794,"[[31, [1, 13, 1, 1, 1]], [33, [4, 1, 4, 1, 1]], [35, [8, 6, 3]], [62, 0], [68, 0], [74, 2], [101, 3]]",[1.580641423001949e-05]
layer_8,795,"[[31, [1, 13, 1, 1, 1]], [33, [4, 1, 4, 1, 1]], [35, [8, 9, 2]], [62, 0], [68, 0], [74, 2], [101, 3]]",[1.5806804859529235e-05]
layer_8,796,"[[31, [13, 1, 1, 1, 1]], [33, [8, 1, 2, 1, 1]], [35, [8, 9, 2]], [62, 0], [68, 2], [74, 3], [101, 3]]",[1.5855671855226523e-05]
layer_8,797,"[[31, [13, 1, 1, 1, 1]], [33, [2, 4, 2, 1, 1]], [35, [8, 6, 3]], [62, 2], [68, 2], [74, 3], [101, 3]]",[1.586526119969628e-05]
layer_8,798,"[[31, [13, 1, 1, 1, 1]], [33, [4, 2, 2, 1, 1]], [35, [8, 9, 2]], [62, 0], [68, 1], [74, 1], [101, 3]]",[2.324018130553657e-05]
layer_8,799,"[[31, [13, 1, 1, 1, 1]], [33, [8, 1, 2, 1, 1]], [35, [8, 18, 1]], [62, 1], [68, 1], [74, 2], [101, 3]]",[1.6420673753480133e-05]
layer_8,800,"[[31, [13, 1, 1, 1, 1]], [33, [8, 1, 2, 1, 1]], [35, [8, 18, 1]], [62, 1], [68, 1], [74, 1], [101, 3]]",[2.6063792900531505e-05]
layer_8,801,"[[31, [1, 13, 1, 1, 1]], [33, [4, 1, 4, 1, 1]], [35, [16, 3, 3]], [62, 1], [68, 0], [74, 0], [101, 3]]",[1.6152669830422676e-05]
layer_8,802,"[[31, [1, 13, 1, 1, 1]], [33, [4, 1, 4, 1, 1]], [35, [8, 6, 3]], [62, 2], [68, 1], [74, 2], [101, 3]]",[1.788737997772208e-05]
layer_8,803,"[[31, [1, 13, 1, 1, 1]], [33, [4, 1, 4, 1, 1]], [35, [16, 9, 1]], [62, 2], [68, 2], [74, 1], [101, 3]]",[1.583703798990142e-05]
layer_8,804,"[[31, [1, 13, 1, 1, 1]], [33, [8, 1, 2, 1, 1]], [35, [8, 9, 2]], [62, 0], [68, 1], [74, 2], [101, 3]]",[1.6435735675208755e-05]
layer_8,805,"[[31, [1, 13, 1, 1, 1]], [33, [4, 1, 4, 1, 1]], [35, [16, 9, 1]], [62, 2], [68, 1], [74, 0], [101, 3]]",[1.8013389167362854e-05]
layer_8,806,"[[31, [1, 13, 1, 1, 1]], [33, [4, 1, 4, 1, 1]], [35, [16, 9, 1]], [62, 2], [68, 3], [74, 1], [101, 3]]",[1.7103024644945697e-05]
layer_8,807,"[[31, [1, 13, 1, 1, 1]], [33, [4, 1, 4, 1, 1]], [35, [16, 9, 1]], [62, 0], [68, 1], [74, 0], [101, 3]]",[1.788414219269103e-05]
layer_8,808,"[[31, [1, 13, 1, 1, 1]], [33, [4, 1, 4, 1, 1]], [35, [16, 3, 3]], [62, 0], [68, 1], [74, 0], [101, 3]]",[1.830381829573935e-05]
layer_8,809,"[[31, [13, 1, 1, 1, 1]], [33, [4, 2, 2, 1, 1]], [35, [16, 3, 3]], [62, 0], [68, 0], [74, 3], [101, 3]]",[1.697990161237249e-05]
layer_8,810,"[[31, [13, 1, 1, 1, 1]], [33, [8, 1, 2, 1, 1]], [35, [8, 6, 3]], [62, 2], [68, 2], [74, 2], [101, 3]]",[1.6886542857142858e-05]
layer_8,811,"[[31, [1, 13, 1, 1, 1]], [33, [4, 1, 4, 1, 1]], [35, [16, 3, 3]], [62, 1], [68, 3], [74, 1], [101, 3]]",[1.7195565793304224e-05]
layer_8,812,"[[31, [1, 13, 1, 1, 1]], [33, [4, 1, 4, 1, 1]], [35, [16, 9, 1]], [62, 1], [68, 3], [74, 1], [101, 3]]",[1.7197364890762745e-05]
layer_8,813,"[[31, [13, 1, 1, 1, 1]], [33, [4, 2, 2, 1, 1]], [35, [16, 9, 1]], [62, 1], [68, 0], [74, 2], [101, 3]]",[1.4246792414453218e-05]
layer_8,814,"[[31, [1, 13, 1, 1, 1]], [33, [4, 1, 4, 1, 1]], [35, [16, 9, 1]], [62, 2], [68, 3], [74, 3], [101, 3]]",[1.719843760797342e-05]
layer_8,815,"[[31, [1, 13, 1, 1, 1]], [33, [4, 1, 4, 1, 1]], [35, [16, 3, 3]], [62, 2], [68, 3], [74, 3], [101, 3]]",[1.7199235480047414e-05]
layer_8,816,"[[31, [1, 13, 1, 1, 1]], [33, [4, 1, 4, 1, 1]], [35, [16, 3, 3]], [62, 0], [68, 3], [74, 1], [101, 3]]",[1.7436711893687707e-05]
layer_8,817,"[[31, [13, 1, 1, 1, 1]], [33, [2, 4, 2, 1, 1]], [35, [16, 9, 1]], [62, 1], [68, 0], [74, 3], [101, 3]]",[1.7554189519650656e-05]
layer_8,818,"[[31, [13, 1, 1, 1, 1]], [33, [2, 2, 4, 1, 1]], [35, [8, 18, 1]], [62, 1], [68, 1], [74, 2], [101, 3]]",[1.8103367973421928e-05]
layer_8,819,"[[31, [1, 13, 1, 1, 1]], [33, [4, 1, 4, 1, 1]], [35, [16, 9, 1]], [62, 2], [68, 2], [74, 2], [101, 3]]",[1.7109985249169432e-05]
layer_8,820,"[[31, [13, 1, 1, 1, 1]], [33, [2, 4, 2, 1, 1]], [35, [16, 9, 1]], [62, 2], [68, 1], [74, 3], [101, 3]]",[2.0563104730264198e-05]
layer_8,821,"[[31, [13, 1, 1, 1, 1]], [33, [2, 2, 4, 1, 1]], [35, [8, 18, 1]], [62, 2], [68, 1], [74, 2], [101, 3]]",[1.796279641196013e-05]
layer_8,822,"[[31, [13, 1, 1, 1, 1]], [33, [8, 1, 2, 1, 1]], [35, [16, 9, 1]], [62, 2], [68, 0], [74, 3], [101, 3]]",[1.705485385332091e-05]
layer_8,823,"[[31, [1, 13, 1, 1, 1]], [33, [8, 1, 2, 1, 1]], [35, [8, 9, 2]], [62, 0], [68, 2], [74, 2], [101, 3]]",[1.7061353707922047e-05]
layer_8,824,"[[31, [13, 1, 1, 1, 1]], [33, [2, 4, 2, 1, 1]], [35, [16, 3, 3]], [62, 1], [68, 2], [74, 3], [101, 3]]",[1.866953620161515e-05]
layer_8,825,"[[31, [1, 13, 1, 1, 1]], [33, [4, 1, 4, 1, 1]], [35, [16, 9, 1]], [62, 1], [68, 2], [74, 2], [101, 3]]",[1.7189220664109012e-05]
layer_8,826,"[[31, [1, 13, 1, 1, 1]], [33, [4, 1, 4, 1, 1]], [35, [16, 9, 1]], [62, 1], [68, 3], [74, 3], [101, 3]]",[1.726185562015504e-05]
layer_8,827,"[[31, [1, 13, 1, 1, 1]], [33, [4, 1, 4, 1, 1]], [35, [8, 6, 3]], [62, 2], [68, 0], [74, 3], [101, 3]]",[1.8280296992481204e-05]
layer_8,828,"[[31, [1, 13, 1, 1, 1]], [33, [4, 1, 4, 1, 1]], [35, [8, 9, 2]], [62, 2], [68, 0], [74, 3], [101, 3]]",[1.8268278792912515e-05]
layer_8,829,"[[31, [13, 1, 1, 1, 1]], [33, [1, 2, 8, 1, 1]], [35, [72, 1, 2]], [62, 0], [68, 1], [74, 1], [101, 0]]",[0.000151495223709369]
layer_8,830,"[[31, [13, 1, 1, 1, 1]], [33, [1, 2, 8, 1, 1]], [35, [48, 3, 1]], [62, 2], [68, 1], [74, 1], [101, 4]]",[4.792603474903475e-05]
layer_8,831,"[[31, [1, 1, 13, 1, 1]], [33, [2, 4, 1, 2, 1]], [35, [36, 4, 1]], [62, 2], [68, 1], [74, 2], [101, 4]]",[9.045593834409864e-05]
layer_8,832,"[[31, [13, 1, 1, 1, 1]], [33, [2, 4, 2, 1, 1]], [35, [8, 6, 3]], [62, 1], [68, 1], [74, 3], [101, 3]]",[1.593083232093141e-05]
layer_8,833,"[[31, [13, 1, 1, 1, 1]], [33, [2, 4, 2, 1, 1]], [35, [8, 9, 2]], [62, 2], [68, 1], [74, 3], [101, 3]]",[1.4186114705547328e-05]
layer_8,834,"[[31, [13, 1, 1, 1, 1]], [33, [2, 4, 2, 1, 1]], [35, [8, 18, 1]], [62, 2], [68, 1], [74, 3], [101, 3]]",[1.4203946804875271e-05]
layer_8,835,"[[31, [1, 13, 1, 1, 1]], [33, [4, 1, 4, 1, 1]], [35, [8, 9, 2]], [62, 1], [68, 1], [74, 1], [101, 3]]",[1.4622742872512103e-05]
layer_8,836,"[[31, [1, 13, 1, 1, 1]], [33, [4, 1, 4, 1, 1]], [35, [16, 3, 3]], [62, 2], [68, 1], [74, 1], [101, 3]]",[1.426379485134981e-05]
layer_8,837,"[[31, [13, 1, 1, 1, 1]], [33, [4, 2, 2, 1, 1]], [35, [16, 3, 3]], [62, 1], [68, 0], [74, 2], [101, 3]]",[1.4244553375961852e-05]
layer_8,838,"[[31, [13, 1, 1, 1, 1]], [33, [8, 1, 2, 1, 1]], [35, [8, 9, 2]], [62, 0], [68, 1], [74, 3], [101, 3]]",[1.4273215797066603e-05]
layer_8,839,"[[31, [13, 1, 1, 1, 1]], [33, [1, 8, 2, 1, 1]], [35, [8, 18, 1]], [62, 2], [68, 1], [74, 3], [101, 3]]",[1.439210844059688e-05]
layer_8,840,"[[31, [1, 13, 1, 1, 1]], [33, [4, 1, 4, 1, 1]], [35, [16, 9, 1]], [62, 0], [68, 0], [74, 2], [101, 3]]",[1.4863036810631229e-05]
layer_8,841,"[[31, [1, 13, 1, 1, 1]], [33, [8, 1, 2, 1, 1]], [35, [16, 3, 3]], [62, 0], [68, 0], [74, 2], [101, 3]]",[1.3988629114933363e-05]
layer_8,842,"[[31, [1, 13, 1, 1, 1]], [33, [4, 1, 4, 1, 1]], [35, [8, 9, 2]], [62, 1], [68, 2], [74, 1], [101, 3]]",[1.613298899012908e-05]
layer_8,843,"[[31, [1, 13, 1, 1, 1]], [33, [4, 1, 4, 1, 1]], [35, [8, 6, 3]], [62, 1], [68, 0], [74, 2], [101, 3]]",[1.5555474681238617e-05]
layer_8,844,"[[31, [1, 13, 1, 1, 1]], [33, [4, 1, 4, 1, 1]], [35, [8, 9, 2]], [62, 2], [68, 2], [74, 1], [101, 3]]",[1.543214077903342e-05]
layer_8,845,"[[31, [1, 13, 1, 1, 1]], [33, [4, 1, 4, 1, 1]], [35, [8, 9, 2]], [62, 2], [68, 0], [74, 2], [101, 3]]",[1.5505881221447465e-05]
layer_8,846,"[[31, [1, 13, 1, 1, 1]], [33, [4, 1, 4, 1, 1]], [35, [16, 3, 3]], [62, 2], [68, 2], [74, 1], [101, 3]]",[1.581858367396009e-05]
layer_8,847,"[[31, [1, 13, 1, 1, 1]], [33, [8, 1, 2, 1, 1]], [35, [16, 3, 3]], [62, 0], [68, 2], [74, 2], [101, 3]]",[1.5427469685534592e-05]
layer_8,848,"[[31, [1, 13, 1, 1, 1]], [33, [4, 1, 4, 1, 1]], [35, [16, 9, 1]], [62, 1], [68, 0], [74, 0], [101, 3]]",[1.6136617312072895e-05]
layer_8,849,"[[31, [1, 13, 1, 1, 1]], [33, [8, 1, 2, 1, 1]], [35, [16, 3, 3]], [62, 2], [68, 2], [74, 2], [101, 3]]",[1.5284859529233105e-05]
layer_8,850,"[[31, [1, 13, 1, 1, 1]], [33, [8, 1, 2, 1, 1]], [35, [16, 3, 3]], [62, 0], [68, 1], [74, 2], [101, 3]]",[1.472513957682135e-05]
layer_8,851,"[[31, [13, 1, 1, 1, 1]], [33, [8, 1, 2, 1, 1]], [35, [8, 9, 2]], [62, 1], [68, 1], [74, 2], [101, 3]]",[1.641108e-05]
layer_8,852,"[[31, [1, 13, 1, 1, 1]], [33, [4, 1, 4, 1, 1]], [35, [8, 18, 1]], [62, 2], [68, 1], [74, 2], [101, 3]]",[1.789135495016611e-05]
layer_8,853,"[[31, [1, 13, 1, 1, 1]], [33, [4, 1, 4, 1, 1]], [35, [16, 3, 3]], [62, 2], [68, 3], [74, 1], [101, 3]]",[1.710191445203746e-05]
layer_8,854,"[[31, [1, 13, 1, 1, 1]], [33, [2, 2, 4, 1, 1]], [35, [16, 9, 1]], [62, 2], [68, 0], [74, 1], [101, 3]]",[1.4006704787520172e-05]
layer_8,855,"[[31, [1, 13, 1, 1, 1]], [33, [4, 1, 4, 1, 1]], [35, [16, 9, 1]], [62, 0], [68, 0], [74, 0], [101, 3]]",[1.6612980511262968e-05]
layer_8,856,"[[31, [1, 13, 1, 1, 1]], [33, [4, 1, 4, 1, 1]], [35, [16, 3, 3]], [62, 0], [68, 0], [74, 0], [101, 3]]",[1.6666456768558953e-05]
layer_8,857,"[[31, [1, 13, 1, 1, 1]], [33, [2, 2, 4, 1, 1]], [35, [8, 18, 1]], [62, 2], [68, 0], [74, 1], [101, 3]]",[1.3581468101129638e-05]
layer_8,858,"[[31, [13, 1, 1, 1, 1]], [33, [4, 1, 4, 1, 1]], [35, [16, 9, 1]], [62, 1], [68, 2], [74, 2], [101, 3]]",[1.7158632605531297e-05]
layer_8,859,"[[31, [1, 13, 1, 1, 1]], [33, [4, 1, 4, 1, 1]], [35, [16, 9, 1]], [62, 0], [68, 3], [74, 1], [101, 3]]",[1.740700208855472e-05]
layer_8,860,"[[31, [13, 1, 1, 1, 1]], [33, [1, 8, 2, 1, 1]], [35, [16, 9, 1]], [62, 0], [68, 0], [74, 3], [101, 3]]",[1.2766693173293324e-05]
layer_8,861,"[[31, [13, 1, 1, 1, 1]], [33, [2, 2, 4, 1, 1]], [35, [8, 6, 3]], [62, 1], [68, 1], [74, 2], [101, 3]]",[1.812650046511628e-05]
layer_8,862,"[[31, [1, 13, 1, 1, 1]], [33, [4, 1, 4, 1, 1]], [35, [8, 9, 2]], [62, 2], [68, 3], [74, 1], [101, 3]]",[1.747423199787036e-05]
layer_8,863,"[[31, [1, 13, 1, 1, 1]], [33, [4, 1, 4, 1, 1]], [35, [8, 18, 1]], [62, 1], [68, 0], [74, 3], [101, 3]]",[1.8313443511129778e-05]
layer_8,864,"[[31, [1, 13, 1, 1, 1]], [33, [4, 1, 4, 1, 1]], [35, [8, 9, 2]], [62, 1], [68, 0], [74, 3], [101, 3]]",[1.831177903091061e-05]
layer_8,865,"[[31, [1, 13, 1, 1, 1]], [33, [2, 2, 4, 1, 1]], [35, [16, 9, 1]], [62, 2], [68, 1], [74, 1], [101, 3]]",[1.4321186012074268e-05]
layer_8,866,"[[31, [1, 13, 1, 1, 1]], [33, [2, 2, 4, 1, 1]], [35, [16, 3, 3]], [62, 2], [68, 1], [74, 1], [101, 3]]",[1.4319939322216246e-05]
layer_8,867,"[[31, [1, 13, 1, 1, 1]], [33, [4, 1, 4, 1, 1]], [35, [16, 3, 3]], [62, 1], [68, 3], [74, 3], [101, 3]]",[1.7240463755458515e-05]
layer_8,868,"[[31, [1, 13, 1, 1, 1]], [33, [4, 1, 4, 1, 1]], [35, [8, 18, 1]], [62, 1], [68, 3], [74, 1], [101, 3]]",[1.8451528125870232e-05]
layer_8,869,"[[31, [1, 13, 1, 1, 1]], [33, [4, 1, 4, 1, 1]], [35, [8, 9, 2]], [62, 1], [68, 3], [74, 1], [101, 3]]",[1.8452388471177944e-05]
layer_8,870,"[[31, [13, 1, 1, 1, 1]], [33, [2, 4, 2, 1, 1]], [35, [8, 6, 3]], [62, 1], [68, 3], [74, 3], [101, 3]]",[1.898320174672489e-05]
layer_8,871,"[[31, [13, 1, 1, 1, 1]], [33, [2, 4, 2, 1, 1]], [35, [8, 6, 3]], [62, 2], [68, 3], [74, 3], [101, 3]]",[1.8650208959338388e-05]
layer_8,872,"[[31, [1, 13, 1, 1, 1]], [33, [4, 2, 2, 1, 1]], [35, [16, 9, 1]], [62, 1], [68, 0], [74, 2], [101, 3]]",[1.416592846565668e-05]
layer_8,873,"[[31, [13, 1, 1, 1, 1]], [33, [2, 2, 4, 1, 1]], [35, [8, 18, 1]], [62, 1], [68, 0], [74, 3], [101, 3]]",[1.8278299777220832e-05]
layer_8,874,"[[31, [1, 13, 1, 1, 1]], [33, [4, 1, 4, 1, 1]], [35, [8, 18, 1]], [62, 0], [68, 0], [74, 3], [101, 3]]",[1.7541552242926156e-05]
layer_8,875,"[[31, [1, 13, 1, 1, 1]], [33, [4, 1, 4, 1, 1]], [35, [8, 9, 2]], [62, 0], [68, 0], [74, 3], [101, 3]]",[1.7541287219295812e-05]
layer_8,876,"[[31, [1, 13, 1, 1, 1]], [33, [2, 2, 4, 1, 1]], [35, [16, 9, 1]], [62, 2], [68, 0], [74, 3], [101, 3]]",[1.3994153093060785e-05]
layer_8,877,"[[31, [1, 13, 1, 1, 1]], [33, [4, 1, 4, 1, 1]], [35, [8, 6, 3]], [62, 0], [68, 3], [74, 1], [101, 3]]",[1.7914693177119228e-05]
layer_8,878,"[[31, [1, 13, 1, 1, 1]], [33, [4, 1, 4, 1, 1]], [35, [8, 9, 2]], [62, 1], [68, 2], [74, 2], [101, 3]]",[1.9555522703113138e-05]
layer_8,879,"[[31, [13, 1, 1, 1, 1]], [33, [8, 1, 2, 1, 1]], [35, [8, 18, 1]], [62, 0], [68, 3], [74, 3], [101, 3]]",[1.8739256752993596e-05]
layer_8,880,"[[31, [13, 1, 1, 1, 1]], [33, [8, 1, 2, 1, 1]], [35, [8, 6, 3]], [62, 0], [68, 3], [74, 3], [101, 3]]",[1.8763780840991366e-05]
layer_8,881,"[[31, [1, 13, 1, 1, 1]], [33, [2, 2, 4, 1, 1]], [35, [8, 9, 2]], [62, 0], [68, 0], [74, 1], [101, 3]]",[1.3930202870486386e-05]
layer_8,882,"[[31, [13, 1, 1, 1, 1]], [33, [4, 1, 4, 1, 1]], [35, [8, 18, 1]], [62, 0], [68, 0], [74, 3], [101, 3]]",[1.7987711500974663e-05]
layer_8,883,"[[31, [1, 13, 1, 1, 1]], [33, [2, 2, 4, 1, 1]], [35, [16, 9, 1]], [62, 1], [68, 0], [74, 1], [101, 3]]",[1.408933706293706e-05]
layer_8,884,"[[31, [1, 13, 1, 1, 1]], [33, [2, 2, 4, 1, 1]], [35, [16, 3, 3]], [62, 1], [68, 0], [74, 1], [101, 3]]",[1.408647240451856e-05]
layer_8,885,"[[31, [1, 13, 1, 1, 1]], [33, [1, 4, 4, 1, 1]], [35, [8, 9, 2]], [62, 0], [68, 0], [74, 1], [101, 3]]",[1.380504557218409e-05]
layer_8,886,"[[31, [1, 13, 1, 1, 1]], [33, [4, 1, 2, 2, 1]], [35, [16, 3, 3]], [62, 1], [68, 0], [74, 3], [101, 3]]",[1.917711935953421e-05]
layer_8,887,"[[31, [1, 13, 1, 1, 1]], [33, [2, 2, 4, 1, 1]], [35, [8, 9, 2]], [62, 2], [68, 1], [74, 1], [101, 3]]",[1.4636872325078145e-05]
layer_8,888,"[[31, [1, 13, 1, 1, 1]], [33, [2, 2, 4, 1, 1]], [35, [8, 18, 1]], [62, 2], [68, 1], [74, 1], [101, 3]]",[1.4059664426472263e-05]
layer_8,889,"[[31, [1, 13, 1, 1, 1]], [33, [1, 4, 4, 1, 1]], [35, [16, 9, 1]], [62, 0], [68, 0], [74, 3], [101, 3]]",[1.4943835229231298e-05]
layer_8,890,"[[31, [1, 13, 1, 1, 1]], [33, [4, 1, 4, 1, 1]], [35, [16, 9, 1]], [62, 2], [68, 2], [74, 3], [101, 3]]",[1.8674384572542466e-05]
layer_8,891,"[[31, [1, 13, 1, 1, 1]], [33, [1, 4, 4, 1, 1]], [35, [8, 9, 2]], [62, 1], [68, 0], [74, 1], [101, 3]]",[1.3369043351035005e-05]
layer_8,892,"[[31, [1, 13, 1, 1, 1]], [33, [4, 1, 4, 1, 1]], [35, [8, 9, 2]], [62, 0], [68, 2], [74, 2], [101, 3]]",[1.9847266812227072e-05]
layer_8,893,"[[31, [1, 13, 1, 1, 1]], [33, [1, 16, 1, 1, 1]], [35, [48, 1, 3]], [62, 0], [68, 2], [74, 0], [101, 0]]",[0.00020496735408560311]
layer_8,894,"[[31, [1, 13, 1, 1, 1]], [33, [2, 1, 4, 1, 2]], [35, [36, 4, 1]], [62, 0], [68, 1], [74, 2], [101, 2]]",[6.229593006993007e-05]
layer_8,895,"[[31, [1, 13, 1, 1, 1]], [33, [8, 1, 1, 1, 2]], [35, [48, 1, 3]], [62, 0], [68, 1], [74, 2], [101, 0]]",[0.000169647607486631]
layer_8,896,"[[31, [1, 13, 1, 1, 1]], [33, [2, 2, 4, 1, 1]], [35, [8, 18, 1]], [62, 1], [68, 0], [74, 1], [101, 3]]",[1.4383169703872438e-05]
layer_8,897,"[[31, [1, 13, 1, 1, 1]], [33, [2, 2, 4, 1, 1]], [35, [8, 6, 3]], [62, 1], [68, 0], [74, 1], [101, 3]]",[1.3387820594600751e-05]
layer_8,898,"[[31, [1, 13, 1, 1, 1]], [33, [2, 2, 4, 1, 1]], [35, [8, 9, 2]], [62, 1], [68, 0], [74, 1], [101, 3]]",[1.3458411941904249e-05]
layer_8,899,"[[31, [13, 1, 1, 1, 1]], [33, [1, 8, 2, 1, 1]], [35, [16, 3, 3]], [62, 0], [68, 0], [74, 3], [101, 3]]",[1.2763700376546531e-05]
layer_8,900,"[[31, [1, 13, 1, 1, 1]], [33, [1, 4, 4, 1, 1]], [35, [8, 18, 1]], [62, 1], [68, 0], [74, 1], [101, 3]]",[1.3324008176438945e-05]
layer_8,901,"[[31, [1, 13, 1, 1, 1]], [33, [2, 2, 4, 1, 1]], [35, [8, 6, 3]], [62, 2], [68, 0], [74, 1], [101, 3]]",[1.3736227246839048e-05]
layer_8,902,"[[31, [1, 13, 1, 1, 1]], [33, [2, 2, 4, 1, 1]], [35, [8, 6, 3]], [62, 1], [68, 1], [74, 1], [101, 3]]",[1.4707973034515818e-05]
layer_8,903,"[[31, [1, 13, 1, 1, 1]], [33, [2, 2, 4, 1, 1]], [35, [8, 6, 3]], [62, 0], [68, 0], [74, 1], [101, 3]]",[1.389026519634212e-05]
layer_8,904,"[[31, [1, 13, 1, 1, 1]], [33, [2, 2, 4, 1, 1]], [35, [8, 18, 1]], [62, 0], [68, 0], [74, 1], [101, 3]]",[1.4082615209988648e-05]
layer_8,905,"[[31, [1, 13, 1, 1, 1]], [33, [2, 2, 4, 1, 1]], [35, [16, 3, 3]], [62, 2], [68, 0], [74, 1], [101, 3]]",[1.4004104953113729e-05]
layer_8,906,"[[31, [1, 13, 1, 1, 1]], [33, [1, 8, 2, 1, 1]], [35, [8, 6, 3]], [62, 1], [68, 1], [74, 3], [101, 3]]",[1.5348766038635824e-05]
layer_8,907,"[[31, [13, 1, 1, 1, 1]], [33, [1, 8, 2, 1, 1]], [35, [8, 6, 3]], [62, 0], [68, 1], [74, 3], [101, 3]]",[1.4502658932435682e-05]
layer_8,908,"[[31, [1, 13, 1, 1, 1]], [33, [1, 4, 4, 1, 1]], [35, [8, 9, 2]], [62, 1], [68, 1], [74, 1], [101, 3]]",[1.5514374609281076e-05]
layer_8,909,"[[31, [1, 13, 1, 1, 1]], [33, [1, 4, 4, 1, 1]], [35, [8, 18, 1]], [62, 1], [68, 1], [74, 1], [101, 3]]",[1.5298406154274575e-05]
layer_8,910,"[[31, [1, 13, 1, 1, 1]], [33, [1, 4, 4, 1, 1]], [35, [8, 6, 3]], [62, 1], [68, 1], [74, 1], [101, 3]]",[1.5407356646542885e-05]
layer_8,911,"[[31, [1, 13, 1, 1, 1]], [33, [8, 1, 2, 1, 1]], [35, [16, 9, 1]], [62, 0], [68, 0], [74, 2], [101, 3]]",[1.3988932122587968e-05]
layer_8,912,"[[31, [1, 13, 1, 1, 1]], [33, [2, 2, 4, 1, 1]], [35, [16, 3, 3]], [62, 2], [68, 0], [74, 3], [101, 3]]",[1.3994775389514388e-05]
layer_8,913,"[[31, [1, 13, 1, 1, 1]], [33, [2, 2, 4, 1, 1]], [35, [16, 9, 1]], [62, 1], [68, 1], [74, 1], [101, 3]]",[1.4344112471492016e-05]
layer_8,914,"[[31, [1, 13, 1, 1, 1]], [33, [2, 2, 4, 1, 1]], [35, [16, 3, 3]], [62, 1], [68, 1], [74, 1], [101, 3]]",[1.4346147738922429e-05]
layer_8,915,"[[31, [1, 13, 1, 1, 1]], [33, [2, 2, 4, 1, 1]], [35, [8, 18, 1]], [62, 0], [68, 1], [74, 1], [101, 3]]",[1.4653733454835402e-05]
layer_8,916,"[[31, [1, 13, 1, 1, 1]], [33, [2, 2, 4, 1, 1]], [35, [16, 9, 1]], [62, 2], [68, 0], [74, 2], [101, 3]]",[1.4846768694397692e-05]
layer_8,917,"[[31, [1, 13, 1, 1, 1]], [33, [2, 2, 4, 1, 1]], [35, [16, 9, 1]], [62, 2], [68, 1], [74, 3], [101, 3]]",[1.4821039913440731e-05]
layer_8,918,"[[31, [1, 13, 1, 1, 1]], [33, [2, 2, 4, 1, 1]], [35, [16, 3, 3]], [62, 2], [68, 1], [74, 3], [101, 3]]",[1.4822005017321707e-05]
layer_8,919,"[[31, [1, 13, 1, 1, 1]], [33, [1, 8, 2, 1, 1]], [35, [8, 6, 3]], [62, 0], [68, 1], [74, 3], [101, 3]]",[1.4271730151497892e-05]
layer_8,920,"[[31, [1, 13, 1, 1, 1]], [33, [2, 2, 4, 1, 1]], [35, [16, 9, 1]], [62, 1], [68, 0], [74, 3], [101, 3]]",[1.405605957398337e-05]
layer_8,921,"[[31, [1, 13, 1, 1, 1]], [33, [2, 2, 4, 1, 1]], [35, [16, 3, 3]], [62, 1], [68, 0], [74, 3], [101, 3]]",[1.4009519307438205e-05]
layer_8,922,"[[31, [1, 13, 1, 1, 1]], [33, [8, 1, 2, 1, 1]], [35, [16, 3, 3]], [62, 2], [68, 0], [74, 2], [101, 3]]",[1.3875928814413507e-05]
layer_8,923,"[[31, [1, 13, 1, 1, 1]], [33, [8, 1, 2, 1, 1]], [35, [16, 9, 1]], [62, 2], [68, 0], [74, 2], [101, 3]]",[1.389906652238296e-05]
layer_8,924,"[[31, [13, 1, 1, 1, 1]], [33, [1, 8, 2, 1, 1]], [35, [16, 3, 3]], [62, 0], [68, 1], [74, 3], [101, 3]]",[2.07038597975525e-05]
layer_8,925,"[[31, [13, 1, 1, 1, 1]], [33, [1, 8, 2, 1, 1]], [35, [16, 9, 1]], [62, 0], [68, 1], [74, 3], [101, 3]]",[2.0704705239179955e-05]
layer_8,926,"[[31, [13, 1, 1, 1, 1]], [33, [4, 2, 2, 1, 1]], [35, [8, 6, 3]], [62, 1], [68, 1], [74, 3], [101, 3]]",[1.471505169462513e-05]
layer_8,927,"[[31, [13, 1, 1, 1, 1]], [33, [2, 4, 2, 1, 1]], [35, [16, 3, 3]], [62, 1], [68, 0], [74, 2], [101, 3]]",[1.4270756371435782e-05]
layer_8,928,"[[31, [1, 13, 1, 1, 1]], [33, [2, 2, 4, 1, 1]], [35, [16, 9, 1]], [62, 1], [68, 0], [74, 2], [101, 3]]",[1.4934956487071419e-05]
layer_8,929,"[[31, [1, 13, 1, 1, 1]], [33, [2, 2, 4, 1, 1]], [35, [16, 3, 3]], [62, 1], [68, 0], [74, 2], [101, 3]]",[1.4935794167900672e-05]
layer_8,930,"[[31, [1, 13, 1, 1, 1]], [33, [2, 2, 4, 1, 1]], [35, [16, 3, 3]], [62, 0], [68, 0], [74, 1], [101, 3]]",[1.4761608725367355e-05]
layer_8,931,"[[31, [1, 13, 1, 1, 1]], [33, [2, 2, 4, 1, 1]], [35, [8, 18, 1]], [62, 1], [68, 2], [74, 1], [101, 3]]",[1.5500341187785524e-05]
layer_8,932,"[[31, [1, 13, 1, 1, 1]], [33, [4, 1, 4, 1, 1]], [35, [8, 6, 3]], [62, 0], [68, 1], [74, 1], [101, 3]]",[1.4641554678152668e-05]
layer_8,933,"[[31, [13, 1, 1, 1, 1]], [33, [4, 2, 2, 1, 1]], [35, [16, 3, 3]], [62, 2], [68, 0], [74, 2], [101, 3]]",[1.3992700654923218e-05]
layer_8,934,"[[31, [13, 1, 1, 1, 1]], [33, [2, 4, 2, 1, 1]], [35, [8, 18, 1]], [62, 1], [68, 1], [74, 3], [101, 3]]",[1.4967575080635526e-05]
layer_8,935,"[[31, [13, 1, 1, 1, 1]], [33, [2, 4, 2, 1, 1]], [35, [8, 9, 2]], [62, 1], [68, 1], [74, 3], [101, 3]]",[1.494890133737068e-05]
layer_8,936,"[[31, [1, 13, 1, 1, 1]], [33, [1, 4, 4, 1, 1]], [35, [8, 9, 2]], [62, 2], [68, 0], [74, 1], [101, 3]]",[1.3513181501068977e-05]
layer_8,937,"[[31, [1, 13, 1, 1, 1]], [33, [2, 2, 4, 1, 1]], [35, [16, 3, 3]], [62, 0], [68, 1], [74, 1], [101, 3]]",[1.5186003765833618e-05]
layer_8,938,"[[31, [1, 13, 1, 1, 1]], [33, [2, 2, 4, 1, 1]], [35, [16, 9, 1]], [62, 0], [68, 1], [74, 1], [101, 3]]",[1.5185396313941826e-05]
layer_8,939,"[[31, [1, 13, 1, 1, 1]], [33, [1, 4, 4, 1, 1]], [35, [8, 18, 1]], [62, 1], [68, 2], [74, 1], [101, 3]]",[1.538937880952381e-05]
layer_8,940,"[[31, [1, 13, 1, 1, 1]], [33, [1, 4, 4, 1, 1]], [35, [8, 9, 2]], [62, 0], [68, 0], [74, 2], [101, 3]]",[1.6598440250060107e-05]
layer_8,941,"[[31, [1, 13, 1, 1, 1]], [33, [1, 4, 4, 1, 1]], [35, [8, 18, 1]], [62, 0], [68, 0], [74, 2], [101, 3]]",[1.659966850447967e-05]
layer_8,942,"[[31, [1, 13, 1, 1, 1]], [33, [1, 4, 4, 1, 1]], [35, [8, 6, 3]], [62, 0], [68, 0], [74, 2], [101, 3]]",[1.659885522652493e-05]
layer_8,943,"[[31, [1, 13, 1, 1, 1]], [33, [1, 4, 4, 1, 1]], [35, [16, 9, 1]], [62, 0], [68, 0], [74, 1], [101, 3]]",[1.4616776170406652e-05]
layer_8,944,"[[31, [13, 1, 1, 1, 1]], [33, [1, 8, 2, 1, 1]], [35, [16, 3, 3]], [62, 0], [68, 3], [74, 3], [101, 3]]",[1.6372399926909486e-05]
layer_8,945,"[[31, [13, 1, 1, 1, 1]], [33, [4, 2, 2, 1, 1]], [35, [16, 9, 1]], [62, 1], [68, 2], [74, 2], [101, 3]]",[1.547609004568406e-05]
layer_8,946,"[[31, [1, 13, 1, 1, 1]], [33, [1, 8, 2, 1, 1]], [35, [16, 3, 3]], [62, 0], [68, 0], [74, 3], [101, 3]]",[1.6920694219269104e-05]
layer_8,947,"[[31, [1, 13, 1, 1, 1]], [33, [1, 8, 2, 1, 1]], [35, [16, 9, 1]], [62, 0], [68, 0], [74, 3], [101, 3]]",[1.6920153754152822e-05]
layer_8,948,"[[31, [1, 13, 1, 1, 1]], [33, [2, 2, 4, 1, 1]], [35, [8, 18, 1]], [62, 2], [68, 2], [74, 1], [101, 3]]",[1.5210345933714893e-05]
layer_8,949,"[[31, [1, 13, 1, 1, 1]], [33, [2, 2, 4, 1, 1]], [35, [8, 9, 2]], [62, 2], [68, 2], [74, 1], [101, 3]]",[1.5211917659936756e-05]
layer_8,950,"[[31, [1, 13, 1, 1, 1]], [33, [2, 2, 4, 1, 1]], [35, [8, 18, 1]], [62, 2], [68, 0], [74, 2], [101, 3]]",[1.5611140217666413e-05]
layer_8,951,"[[31, [1, 13, 1, 1, 1]], [33, [2, 2, 4, 1, 1]], [35, [8, 18, 1]], [62, 0], [68, 2], [74, 1], [101, 3]]",[1.550125056947608e-05]
layer_8,952,"[[31, [1, 13, 1, 1, 1]], [33, [2, 2, 4, 1, 1]], [35, [8, 9, 2]], [62, 0], [68, 2], [74, 1], [101, 3]]",[1.549985538798346e-05]
layer_8,953,"[[31, [13, 1, 1, 1, 1]], [33, [2, 4, 2, 1, 1]], [35, [8, 6, 3]], [62, 0], [68, 1], [74, 2], [101, 3]]",[1.621514743103012e-05]
layer_8,954,"[[31, [13, 1, 1, 1, 1]], [33, [4, 2, 2, 1, 1]], [35, [16, 9, 1]], [62, 1], [68, 1], [74, 2], [101, 3]]",[1.4516703618540481e-05]
layer_8,955,"[[31, [13, 1, 1, 1, 1]], [33, [4, 2, 2, 1, 1]], [35, [16, 3, 3]], [62, 1], [68, 1], [74, 2], [101, 3]]",[1.4516317462125526e-05]
layer_8,956,"[[31, [1, 13, 1, 1, 1]], [33, [2, 2, 4, 1, 1]], [35, [16, 9, 1]], [62, 2], [68, 2], [74, 1], [101, 3]]",[1.562915350544166e-05]
layer_8,957,"[[31, [1, 13, 1, 1, 1]], [33, [1, 4, 1, 1, 4]], [35, [16, 3, 3]], [62, 0], [68, 0], [74, 2], [101, 3]]",[8.872077404667045e-05]
layer_8,958,"[[31, [13, 1, 1, 1, 1]], [33, [2, 2, 2, 1, 2]], [35, [18, 4, 2]], [62, 1], [68, 3], [74, 1], [101, 1]]",[0.00012925136677631577]
layer_8,959,"[[31, [13, 1, 1, 1, 1]], [33, [8, 1, 1, 1, 2]], [35, [9, 16, 1]], [62, 2], [68, 0], [74, 2], [101, 4]]",[0.0001334644953742641]
layer_8,960,"[[31, [13, 1, 1, 1, 1]], [33, [1, 8, 2, 1, 1]], [35, [16, 9, 1]], [62, 2], [68, 0], [74, 3], [101, 3]]",[1.8245563518430628e-05]
layer_8,961,"[[31, [13, 1, 1, 1, 1]], [33, [1, 8, 2, 1, 1]], [35, [16, 3, 3]], [62, 2], [68, 0], [74, 3], [101, 3]]",[1.6991327707641196e-05]
layer_8,962,"[[31, [13, 1, 1, 1, 1]], [33, [1, 8, 2, 1, 1]], [35, [16, 3, 3]], [62, 1], [68, 0], [74, 3], [101, 3]]",[1.709748256374914e-05]
layer_8,963,"[[31, [13, 1, 1, 1, 1]], [33, [1, 8, 2, 1, 1]], [35, [16, 9, 1]], [62, 1], [68, 0], [74, 3], [101, 3]]",[1.7094744717607974e-05]
layer_8,964,"[[31, [1, 13, 1, 1, 1]], [33, [1, 4, 4, 1, 1]], [35, [8, 18, 1]], [62, 2], [68, 0], [74, 1], [101, 3]]",[1.3469714285714285e-05]
layer_8,965,"[[31, [1, 13, 1, 1, 1]], [33, [2, 2, 4, 1, 1]], [35, [8, 9, 2]], [62, 2], [68, 0], [74, 1], [101, 3]]",[1.332109091836735e-05]
layer_8,966,"[[31, [13, 1, 1, 1, 1]], [33, [1, 8, 2, 1, 1]], [35, [16, 9, 1]], [62, 2], [68, 0], [74, 2], [101, 3]]",[1.3884100824274281e-05]
layer_8,967,"[[31, [13, 1, 1, 1, 1]], [33, [1, 8, 2, 1, 1]], [35, [16, 3, 3]], [62, 2], [68, 0], [74, 2], [101, 3]]",[1.3883829526328443e-05]
layer_8,968,"[[31, [13, 1, 1, 1, 1]], [33, [1, 8, 2, 1, 1]], [35, [16, 3, 3]], [62, 0], [68, 0], [74, 2], [101, 3]]",[1.4017333864904886e-05]
layer_8,969,"[[31, [1, 13, 1, 1, 1]], [33, [1, 4, 4, 1, 1]], [35, [8, 6, 3]], [62, 1], [68, 0], [74, 1], [101, 3]]",[1.3324338999462077e-05]
layer_8,970,"[[31, [13, 1, 1, 1, 1]], [33, [1, 8, 2, 1, 1]], [35, [16, 9, 1]], [62, 1], [68, 0], [74, 2], [101, 3]]",[1.3974915767680068e-05]
layer_8,971,"[[31, [1, 13, 1, 1, 1]], [33, [8, 1, 2, 1, 1]], [35, [16, 3, 3]], [62, 1], [68, 0], [74, 2], [101, 3]]",[1.3919569661108121e-05]
layer_8,972,"[[31, [1, 13, 1, 1, 1]], [33, [1, 4, 4, 1, 1]], [35, [8, 18, 1]], [62, 0], [68, 0], [74, 1], [101, 3]]",[1.361245706812237e-05]
layer_8,973,"[[31, [1, 13, 1, 1, 1]], [33, [1, 4, 4, 1, 1]], [35, [8, 6, 3]], [62, 0], [68, 0], [74, 1], [101, 3]]",[1.3763200251572327e-05]
layer_8,974,"[[31, [1, 13, 1, 1, 1]], [33, [1, 4, 4, 1, 1]], [35, [16, 9, 1]], [62, 2], [68, 0], [74, 1], [101, 3]]",[1.4564151725709079e-05]
layer_8,975,"[[31, [1, 13, 1, 1, 1]], [33, [1, 4, 4, 1, 1]], [35, [16, 3, 3]], [62, 2], [68, 0], [74, 1], [101, 3]]",[1.456498257204693e-05]
layer_8,976,"[[31, [13, 1, 1, 1, 1]], [33, [4, 2, 2, 1, 1]], [35, [16, 9, 1]], [62, 2], [68, 0], [74, 2], [101, 3]]",[1.3964153708561889e-05]
layer_8,977,"[[31, [1, 13, 1, 1, 1]], [33, [1, 4, 4, 1, 1]], [35, [16, 9, 1]], [62, 2], [68, 0], [74, 3], [101, 3]]",[1.3994490830390705e-05]
layer_8,978,"[[31, [1, 13, 1, 1, 1]], [33, [1, 4, 4, 1, 1]], [35, [16, 3, 3]], [62, 2], [68, 0], [74, 3], [101, 3]]",[1.3993422713293086e-05]
layer_8,979,"[[31, [13, 1, 1, 1, 1]], [33, [4, 2, 2, 1, 1]], [35, [16, 9, 1]], [62, 0], [68, 0], [74, 2], [101, 3]]",[1.3499504034427113e-05]
layer_8,980,"[[31, [1, 13, 1, 1, 1]], [33, [2, 4, 2, 1, 1]], [35, [8, 6, 3]], [62, 1], [68, 1], [74, 3], [101, 3]]",[1.4609408360861148e-05]
layer_8,981,"[[31, [1, 13, 1, 1, 1]], [33, [2, 2, 4, 1, 1]], [35, [8, 6, 3]], [62, 2], [68, 1], [74, 1], [101, 3]]",[1.4018369439769177e-05]
layer_8,982,"[[31, [1, 13, 1, 1, 1]], [33, [2, 2, 4, 1, 1]], [35, [16, 3, 3]], [62, 2], [68, 0], [74, 2], [101, 3]]",[1.4848684335560505e-05]
layer_8,983,"[[31, [1, 13, 1, 1, 1]], [33, [2, 2, 4, 1, 1]], [35, [8, 18, 1]], [62, 1], [68, 1], [74, 1], [101, 3]]",[1.454048861047836e-05]
layer_8,984,"[[31, [1, 13, 1, 1, 1]], [33, [1, 4, 4, 1, 1]], [35, [16, 3, 3]], [62, 1], [68, 0], [74, 3], [101, 3]]",[1.401488483881991e-05]
layer_8,985,"[[31, [1, 13, 1, 1, 1]], [33, [1, 4, 4, 1, 1]], [35, [16, 9, 1]], [62, 1], [68, 0], [74, 3], [101, 3]]",[1.4015745131791286e-05]
layer_8,986,"[[31, [1, 13, 1, 1, 1]], [33, [2, 2, 4, 1, 1]], [35, [16, 9, 1]], [62, 0], [68, 0], [74, 1], [101, 3]]",[1.4712505638455406e-05]
layer_8,987,"[[31, [1, 13, 1, 1, 1]], [33, [2, 2, 4, 1, 1]], [35, [16, 9, 1]], [62, 1], [68, 1], [74, 3], [101, 3]]",[1.4874776398223034e-05]
layer_8,988,"[[31, [1, 13, 1, 1, 1]], [33, [1, 4, 4, 1, 1]], [35, [16, 3, 3]], [62, 0], [68, 0], [74, 1], [101, 3]]",[1.4571999999999999e-05]
layer_8,989,"[[31, [1, 13, 1, 1, 1]], [33, [1, 4, 4, 1, 1]], [35, [16, 9, 1]], [62, 2], [68, 1], [74, 1], [101, 3]]",[1.4511499715682929e-05]
layer_8,990,"[[31, [1, 13, 1, 1, 1]], [33, [4, 2, 2, 1, 1]], [35, [16, 9, 1]], [62, 2], [68, 0], [74, 2], [101, 3]]",[1.3740865303926845e-05]
layer_8,991,"[[31, [13, 1, 1, 1, 1]], [33, [4, 2, 2, 1, 1]], [35, [8, 9, 2]], [62, 0], [68, 1], [74, 3], [101, 3]]",[1.4337432275416893e-05]
layer_8,992,"[[31, [13, 1, 1, 1, 1]], [33, [8, 1, 2, 1, 1]], [35, [16, 3, 3]], [62, 1], [68, 0], [74, 2], [101, 3]]",[1.4159740367302846e-05]
layer_8,993,"[[31, [13, 1, 1, 1, 1]], [33, [8, 1, 2, 1, 1]], [35, [16, 9, 1]], [62, 2], [68, 0], [74, 2], [101, 3]]",[1.3842773426573428e-05]
layer_8,994,"[[31, [13, 1, 1, 1, 1]], [33, [8, 1, 2, 1, 1]], [35, [16, 3, 3]], [62, 2], [68, 0], [74, 2], [101, 3]]",[1.3853138569123186e-05]
layer_8,995,"[[31, [1, 13, 1, 1, 1]], [33, [2, 2, 4, 1, 1]], [35, [16, 9, 1]], [62, 0], [68, 0], [74, 3], [101, 3]]",[1.4948209358288772e-05]
layer_8,996,"[[31, [1, 13, 1, 1, 1]], [33, [2, 2, 4, 1, 1]], [35, [16, 3, 3]], [62, 0], [68, 0], [74, 3], [101, 3]]",[1.4948678669410151e-05]
layer_8,997,"[[31, [1, 13, 1, 1, 1]], [33, [1, 4, 4, 1, 1]], [35, [8, 18, 1]], [62, 2], [68, 1], [74, 1], [101, 3]]",[1.4291189468622265e-05]
layer_8,998,"[[31, [1, 1, 1, 13, 1]], [33, [1, 1, 4, 1, 4]], [35, [72, 2, 1]], [62, 0], [68, 3], [74, 1], [101, 0]]",[0.0004942857938461539]
layer_8,999,"[[31, [1, 1, 1, 13, 1]], [33, [8, 2, 1, 1, 1]], [35, [72, 2, 1]], [62, 0], [68, 3], [74, 2], [101, 3]]",[0.00013199695626576956]
