layer,trial_index,tile_size,execution_time
layer_5,0,"[[25, [1, 7, 7, 1, 1]], [27, [1, 1, 1, 4, 2]], [29, [36, 1, 2]], [56, 2], [62, 0], [68, 0], [95, 2]]",[6.66986513720198e-05]
layer_5,1,"[[25, [1, 7, 7, 1, 1]], [27, [1, 4, 1, 1, 2]], [29, [9, 8, 1]], [56, 1], [62, 1], [68, 1], [95, 0]]",[6.742759478885894e-05]
layer_5,2,"[[25, [1, 49, 1, 1, 1]], [27, [1, 1, 2, 2, 2]], [29, [9, 2, 4]], [56, 0], [62, 1], [68, 2], [95, 2]]",[4.027891104461371e-05]
layer_5,3,"[[25, [7, 7, 1, 1, 1]], [27, [1, 2, 4, 1, 1]], [29, [12, 2, 3]], [56, 1], [62, 1], [68, 2], [95, 0]]",[3.430437799161115e-05]
layer_5,4,"[[25, [1, 7, 7, 1, 1]], [27, [1, 1, 2, 1, 4]], [29, [18, 4, 1]], [56, 3], [62, 1], [68, 3], [95, 2]]",[10000000000]
layer_5,5,"[[25, [49, 1, 1, 1, 1]], [27, [4, 1, 1, 2, 1]], [29, [8, 3, 3]], [56, 2], [62, 1], [68, 1], [95, 1]]",[8.873812689173458e-05]
layer_5,6,"[[25, [49, 1, 1, 1, 1]], [27, [1, 1, 2, 4, 1]], [29, [72, 1, 1]], [56, 2], [62, 0], [68, 3], [95, 1]]",[10000000000]
layer_5,7,"[[25, [1, 49, 1, 1, 1]], [27, [2, 2, 1, 2, 1]], [29, [36, 2, 1]], [56, 0], [62, 3], [68, 3], [95, 2]]",[10000000000]
layer_5,8,"[[25, [49, 1, 1, 1, 1]], [27, [1, 1, 2, 4, 1]], [29, [72, 1, 1]], [56, 2], [62, 0], [68, 1], [95, 1]]",[9.293826253132831e-05]
layer_5,9,"[[25, [1, 7, 1, 7, 1]], [27, [1, 4, 1, 1, 2]], [29, [18, 1, 4]], [56, 2], [62, 2], [68, 3], [95, 1]]",[5.342919309838473e-05]
layer_5,10,"[[25, [7, 7, 1, 1, 1]], [27, [1, 4, 1, 2, 1]], [29, [12, 2, 3]], [56, 0], [62, 1], [68, 3], [95, 4]]",[10000000000]
layer_5,11,"[[25, [7, 1, 7, 1, 1]], [27, [2, 2, 1, 2, 1]], [29, [8, 3, 3]], [56, 1], [62, 0], [68, 1], [95, 4]]",[1.6770585117691722e-05]
layer_5,12,"[[25, [1, 7, 7, 1, 1]], [27, [1, 1, 4, 1, 2]], [29, [18, 1, 4]], [56, 0], [62, 3], [68, 2], [95, 4]]",[0.00010365061885245902]
layer_5,13,"[[25, [49, 1, 1, 1, 1]], [27, [2, 1, 2, 2, 1]], [29, [12, 3, 2]], [56, 0], [62, 2], [68, 0], [95, 2]]",[7.508372345679012e-05]
layer_5,14,"[[25, [1, 7, 1, 7, 1]], [27, [1, 1, 1, 8, 1]], [29, [18, 1, 4]], [56, 1], [62, 1], [68, 1], [95, 0]]",[0.00033299280753138074]
layer_5,15,"[[25, [1, 49, 1, 1, 1]], [27, [2, 2, 1, 2, 1]], [29, [18, 1, 4]], [56, 2], [62, 1], [68, 0], [95, 1]]",[7.027787769447048e-05]
layer_5,16,"[[25, [1, 7, 1, 7, 1]], [27, [2, 2, 1, 2, 1]], [29, [36, 2, 1]], [56, 1], [62, 3], [68, 2], [95, 4]]",[5.3848073927154705e-05]
layer_5,17,"[[25, [7, 1, 7, 1, 1]], [27, [2, 2, 2, 1, 1]], [29, [12, 2, 3]], [56, 1], [62, 0], [68, 1], [95, 1]]",[5.344371330688785e-05]
layer_5,18,"[[25, [7, 7, 1, 1, 1]], [27, [1, 4, 2, 1, 1]], [29, [72, 1, 1]], [56, 2], [62, 0], [68, 3], [95, 3]]",[10000000000]
layer_5,19,"[[25, [49, 1, 1, 1, 1]], [27, [2, 2, 2, 1, 1]], [29, [6, 3, 4]], [56, 0], [62, 3], [68, 1], [95, 4]]",[10000000000]
layer_5,20,"[[25, [7, 7, 1, 1, 1]], [27, [2, 1, 4, 1, 1]], [29, [18, 2, 2]], [56, 0], [62, 0], [68, 0], [95, 3]]",[2.514256946228666e-05]
layer_5,21,"[[25, [7, 7, 1, 1, 1]], [27, [8, 1, 1, 1, 1]], [29, [36, 2, 1]], [56, 2], [62, 3], [68, 1], [95, 2]]",[1.8047435572687228e-05]
layer_5,22,"[[25, [7, 1, 1, 7, 1]], [27, [1, 4, 2, 1, 1]], [29, [24, 3, 1]], [56, 2], [62, 2], [68, 1], [95, 2]]",[0.00021009411155378484]
layer_5,23,"[[25, [49, 1, 1, 1, 1]], [27, [2, 2, 1, 2, 1]], [29, [9, 4, 2]], [56, 0], [62, 2], [68, 1], [95, 0]]",[1.3886578197972435e-05]
layer_5,24,"[[25, [7, 1, 7, 1, 1]], [27, [1, 4, 2, 1, 1]], [29, [72, 1, 1]], [56, 2], [62, 0], [68, 0], [95, 2]]",[2.8016264479546375e-05]
layer_5,25,"[[25, [1, 7, 7, 1, 1]], [27, [4, 1, 1, 2, 1]], [29, [18, 1, 4]], [56, 0], [62, 3], [68, 2], [95, 3]]",[2.6922201934703748e-05]
layer_5,26,"[[25, [49, 1, 1, 1, 1]], [27, [4, 1, 1, 2, 1]], [29, [24, 3, 1]], [56, 0], [62, 0], [68, 2], [95, 3]]",[3.256395270428471e-05]
layer_5,27,"[[25, [7, 1, 7, 1, 1]], [27, [2, 2, 2, 1, 1]], [29, [12, 2, 3]], [56, 1], [62, 2], [68, 3], [95, 1]]",[10000000000]
layer_5,28,"[[25, [49, 1, 1, 1, 1]], [27, [1, 1, 4, 2, 1]], [29, [24, 3, 1]], [56, 0], [62, 0], [68, 2], [95, 3]]",[7.07780831792976e-05]
layer_5,29,"[[25, [7, 1, 7, 1, 1]], [27, [1, 4, 2, 1, 1]], [29, [24, 3, 1]], [56, 1], [62, 3], [68, 1], [95, 3]]",[3.7584366043613705e-05]
layer_5,30,"[[25, [7, 1, 1, 7, 1]], [27, [1, 2, 2, 1, 2]], [29, [18, 4, 1]], [56, 0], [62, 1], [68, 3], [95, 1]]",[3.681501645153126e-05]
layer_5,31,"[[25, [7, 1, 7, 1, 1]], [27, [4, 1, 1, 2, 1]], [29, [72, 1, 1]], [56, 2], [62, 2], [68, 0], [95, 1]]",[4.0793059679767103e-05]
layer_5,32,"[[25, [1, 7, 7, 1, 1]], [27, [1, 2, 1, 1, 4]], [29, [36, 1, 2]], [56, 2], [62, 1], [68, 1], [95, 2]]",[2.7255651883353588e-05]
layer_5,33,"[[25, [7, 7, 1, 1, 1]], [27, [2, 2, 2, 1, 1]], [29, [4, 6, 3]], [56, 1], [62, 1], [68, 3], [95, 1]]",[3.853643688792166e-05]
layer_5,34,"[[25, [1, 49, 1, 1, 1]], [27, [2, 2, 1, 2, 1]], [29, [18, 1, 4]], [56, 1], [62, 3], [68, 0], [95, 4]]",[4.651600213349589e-05]
layer_5,35,"[[25, [49, 1, 1, 1, 1]], [27, [1, 1, 8, 1, 1]], [29, [18, 4, 1]], [56, 1], [62, 0], [68, 0], [95, 4]]",[7.2588389943074e-05]
layer_5,36,"[[25, [1, 49, 1, 1, 1]], [27, [4, 1, 1, 1, 2]], [29, [18, 1, 4]], [56, 2], [62, 1], [68, 2], [95, 1]]",[5.150866689373297e-05]
layer_5,37,"[[25, [1, 49, 1, 1, 1]], [27, [8, 1, 1, 1, 1]], [29, [12, 6, 1]], [56, 0], [62, 1], [68, 2], [95, 3]]",[1.8931271658882027e-05]
layer_5,38,"[[25, [7, 7, 1, 1, 1]], [27, [2, 1, 2, 2, 1]], [29, [8, 9, 1]], [56, 1], [62, 2], [68, 1], [95, 1]]",[5.930245429580228e-05]
layer_5,39,"[[25, [49, 1, 1, 1, 1]], [27, [1, 1, 4, 2, 1]], [29, [9, 8, 1]], [56, 0], [62, 2], [68, 1], [95, 2]]",[2.8513868986254295e-05]
layer_5,40,"[[25, [1, 49, 1, 1, 1]], [27, [1, 8, 1, 1, 1]], [29, [6, 4, 3]], [56, 0], [62, 1], [68, 1], [95, 2]]",[7.830158337609031e-05]
layer_5,41,"[[25, [7, 1, 7, 1, 1]], [27, [2, 2, 1, 2, 1]], [29, [8, 3, 3]], [56, 3], [62, 1], [68, 3], [95, 2]]",[10000000000]
layer_5,42,"[[25, [7, 1, 7, 1, 1]], [27, [2, 2, 2, 1, 1]], [29, [12, 2, 3]], [56, 0], [62, 0], [68, 0], [95, 1]]",[5.26396925256819e-05]
layer_5,43,"[[25, [1, 49, 1, 1, 1]], [27, [1, 1, 1, 2, 4]], [29, [36, 1, 2]], [56, 1], [62, 2], [68, 0], [95, 2]]",[0.0001461824353488372]
layer_5,44,"[[25, [49, 1, 1, 1, 1]], [27, [1, 2, 2, 2, 1]], [29, [72, 1, 1]], [56, 2], [62, 0], [68, 3], [95, 1]]",[10000000000]
layer_5,45,"[[25, [1, 7, 1, 7, 1]], [27, [1, 1, 4, 2, 1]], [29, [72, 1, 1]], [56, 2], [62, 3], [68, 2], [95, 1]]",[6.637719074639895e-05]
layer_5,46,"[[25, [1, 49, 1, 1, 1]], [27, [1, 4, 1, 2, 1]], [29, [12, 3, 2]], [56, 0], [62, 1], [68, 1], [95, 2]]",[3.450669817219817e-05]
layer_5,47,"[[25, [1, 7, 7, 1, 1]], [27, [1, 2, 1, 2, 2]], [29, [72, 1, 1]], [56, 2], [62, 3], [68, 0], [95, 2]]",[9.449586460230724e-05]
layer_5,48,"[[25, [1, 7, 1, 7, 1]], [27, [1, 2, 1, 2, 2]], [29, [18, 4, 1]], [56, 1], [62, 0], [68, 3], [95, 4]]",[7.276064357864357e-05]
layer_5,49,"[[25, [1, 49, 1, 1, 1]], [27, [1, 1, 2, 2, 2]], [29, [9, 8, 1]], [56, 0], [62, 2], [68, 1], [95, 2]]",[4.8513448655652744e-05]
layer_5,50,"[[25, [1, 7, 1, 7, 1]], [27, [2, 1, 1, 4, 1]], [29, [18, 1, 4]], [56, 1], [62, 1], [68, 1], [95, 0]]",[0.00016199470666666667]
layer_5,51,"[[25, [7, 7, 1, 1, 1]], [27, [1, 2, 2, 2, 1]], [29, [72, 1, 1]], [56, 2], [62, 0], [68, 3], [95, 3]]",[10000000000]
layer_5,52,"[[25, [1, 49, 1, 1, 1]], [27, [4, 1, 1, 2, 1]], [29, [18, 1, 4]], [56, 2], [62, 2], [68, 2], [95, 1]]",[5.95687190115584e-05]
layer_5,53,"[[25, [49, 1, 1, 1, 1]], [27, [1, 4, 2, 1, 1]], [29, [8, 9, 1]], [56, 2], [62, 2], [68, 2], [95, 2]]",[1.7752599275967695e-05]
layer_5,54,"[[25, [49, 1, 1, 1, 1]], [27, [2, 2, 1, 2, 1]], [29, [9, 4, 2]], [56, 1], [62, 2], [68, 2], [95, 0]]",[1.3451845155085358e-05]
layer_5,55,"[[25, [7, 1, 7, 1, 1]], [27, [1, 1, 1, 2, 4]], [29, [72, 1, 1]], [56, 3], [62, 2], [68, 0], [95, 1]]",[10000000000]
layer_5,56,"[[25, [49, 1, 1, 1, 1]], [27, [1, 1, 1, 8, 1]], [29, [24, 3, 1]], [56, 2], [62, 1], [68, 2], [95, 3]]",[0.00011342085810306199]
layer_5,57,"[[25, [7, 1, 7, 1, 1]], [27, [4, 1, 2, 1, 1]], [29, [36, 1, 2]], [56, 3], [62, 0], [68, 0], [95, 1]]",[10000000000]
layer_5,58,"[[25, [7, 1, 7, 1, 1]], [27, [4, 2, 1, 1, 1]], [29, [18, 1, 4]], [56, 0], [62, 1], [68, 3], [95, 2]]",[2.4018204682641305e-05]
layer_5,59,"[[25, [1, 49, 1, 1, 1]], [27, [4, 1, 1, 1, 2]], [29, [18, 1, 4]], [56, 2], [62, 2], [68, 2], [95, 1]]",[5.9590779129070225e-05]
layer_5,60,"[[25, [1, 7, 1, 7, 1]], [27, [4, 1, 1, 1, 2]], [29, [18, 1, 4]], [56, 2], [62, 2], [68, 2], [95, 1]]",[5.830043938223938e-05]
layer_5,61,"[[25, [49, 1, 1, 1, 1]], [27, [1, 2, 2, 2, 1]], [29, [24, 1, 3]], [56, 2], [62, 0], [68, 3], [95, 1]]",[10000000000]
layer_5,62,"[[25, [1, 49, 1, 1, 1]], [27, [2, 2, 1, 2, 1]], [29, [36, 2, 1]], [56, 1], [62, 3], [68, 3], [95, 4]]",[10000000000]
layer_5,63,"[[25, [49, 1, 1, 1, 1]], [27, [1, 4, 1, 1, 2]], [29, [6, 6, 2]], [56, 0], [62, 3], [68, 0], [95, 0]]",[0.00011453887453323375]
layer_5,64,"[[25, [1, 7, 7, 1, 1]], [27, [1, 2, 1, 1, 4]], [29, [36, 1, 2]], [56, 3], [62, 1], [68, 1], [95, 2]]",[10000000000]
layer_5,65,"[[25, [49, 1, 1, 1, 1]], [27, [2, 2, 1, 2, 1]], [29, [18, 1, 4]], [56, 2], [62, 1], [68, 0], [95, 1]]",[8.127166756320602e-05]
layer_5,66,"[[25, [1, 49, 1, 1, 1]], [27, [4, 2, 1, 1, 1]], [29, [9, 8, 1]], [56, 0], [62, 0], [68, 1], [95, 1]]",[7.048695540796965e-05]
layer_5,67,"[[25, [1, 7, 7, 1, 1]], [27, [1, 2, 1, 2, 2]], [29, [72, 1, 1]], [56, 0], [62, 3], [68, 0], [95, 2]]",[9.655690914786967e-05]
layer_5,68,"[[25, [7, 7, 1, 1, 1]], [27, [4, 1, 1, 1, 2]], [29, [36, 2, 1]], [56, 2], [62, 2], [68, 3], [95, 2]]",[10000000000]
layer_5,69,"[[25, [1, 7, 1, 7, 1]], [27, [1, 2, 1, 1, 4]], [29, [18, 4, 1]], [56, 1], [62, 3], [68, 1], [95, 3]]",[0.0001053821359558316]
layer_5,70,"[[25, [7, 7, 1, 1, 1]], [27, [2, 1, 2, 1, 2]], [29, [18, 1, 4]], [56, 1], [62, 1], [68, 1], [95, 2]]",[6.500633175150992e-05]
layer_5,71,"[[25, [1, 49, 1, 1, 1]], [27, [2, 1, 4, 1, 1]], [29, [8, 9, 1]], [56, 2], [62, 1], [68, 3], [95, 4]]",[1.8420959301442675e-05]
layer_5,72,"[[25, [1, 49, 1, 1, 1]], [27, [4, 1, 1, 2, 1]], [29, [9, 2, 4]], [56, 0], [62, 2], [68, 2], [95, 0]]",[3.097991096345515e-05]
layer_5,73,"[[25, [7, 1, 7, 1, 1]], [27, [1, 1, 2, 4, 1]], [29, [36, 1, 2]], [56, 2], [62, 2], [68, 0], [95, 3]]",[4.045586055312955e-05]
layer_5,74,"[[25, [7, 7, 1, 1, 1]], [27, [1, 1, 8, 1, 1]], [29, [12, 6, 1]], [56, 0], [62, 3], [68, 2], [95, 0]]",[4.193812914485166e-05]
layer_5,75,"[[25, [7, 7, 1, 1, 1]], [27, [4, 2, 1, 1, 1]], [29, [36, 2, 1]], [56, 1], [62, 0], [68, 1], [95, 1]]",[5.8031610875433856e-05]
layer_5,76,"[[25, [1, 7, 7, 1, 1]], [27, [4, 2, 1, 1, 1]], [29, [12, 2, 3]], [56, 1], [62, 3], [68, 3], [95, 1]]",[10000000000]
layer_5,77,"[[25, [1, 49, 1, 1, 1]], [27, [1, 4, 2, 1, 1]], [29, [12, 2, 3]], [56, 1], [62, 3], [68, 1], [95, 1]]",[6.446381687155575e-05]
layer_5,78,"[[25, [49, 1, 1, 1, 1]], [27, [4, 1, 1, 1, 2]], [29, [9, 2, 4]], [56, 2], [62, 1], [68, 0], [95, 4]]",[6.125460445344129e-05]
layer_5,79,"[[25, [1, 7, 7, 1, 1]], [27, [2, 1, 1, 1, 4]], [29, [9, 2, 4]], [56, 1], [62, 0], [68, 3], [95, 0]]",[6.912368660071942e-05]
layer_5,80,"[[25, [7, 7, 1, 1, 1]], [27, [8, 1, 1, 1, 1]], [29, [36, 2, 1]], [56, 2], [62, 2], [68, 1], [95, 2]]",[1.6550544318936877e-05]
layer_5,81,"[[25, [7, 1, 7, 1, 1]], [27, [2, 2, 1, 1, 2]], [29, [9, 4, 2]], [56, 0], [62, 2], [68, 0], [95, 1]]",[3.769865469228627e-05]
layer_5,82,"[[25, [7, 1, 1, 7, 1]], [27, [2, 1, 4, 1, 1]], [29, [18, 2, 2]], [56, 1], [62, 2], [68, 3], [95, 4]]",[2.8015461117861483e-05]
layer_5,83,"[[25, [1, 49, 1, 1, 1]], [27, [1, 4, 2, 1, 1]], [29, [6, 4, 3]], [56, 0], [62, 2], [68, 1], [95, 3]]",[3.011716566998893e-05]
layer_5,84,"[[25, [7, 1, 7, 1, 1]], [27, [4, 1, 2, 1, 1]], [29, [12, 6, 1]], [56, 2], [62, 1], [68, 3], [95, 2]]",[10000000000]
layer_5,85,"[[25, [49, 1, 1, 1, 1]], [27, [2, 2, 2, 1, 1]], [29, [24, 1, 3]], [56, 0], [62, 0], [68, 0], [95, 1]]",[7.770675367647058e-05]
layer_5,86,"[[25, [1, 7, 7, 1, 1]], [27, [4, 1, 1, 2, 1]], [29, [12, 2, 3]], [56, 3], [62, 3], [68, 1], [95, 4]]",[10000000000]
layer_5,87,"[[25, [1, 7, 7, 1, 1]], [27, [1, 4, 1, 1, 2]], [29, [72, 1, 1]], [56, 1], [62, 0], [68, 2], [95, 4]]",[7.050403138173302e-05]
layer_5,88,"[[25, [1, 7, 7, 1, 1]], [27, [2, 1, 2, 2, 1]], [29, [72, 1, 1]], [56, 2], [62, 3], [68, 3], [95, 0]]",[10000000000]
layer_5,89,"[[25, [7, 1, 7, 1, 1]], [27, [2, 2, 2, 1, 1]], [29, [24, 3, 1]], [56, 1], [62, 2], [68, 1], [95, 4]]",[4.194876475823198e-05]
layer_5,90,"[[25, [1, 7, 7, 1, 1]], [27, [1, 1, 1, 4, 2]], [29, [36, 1, 2]], [56, 3], [62, 0], [68, 2], [95, 2]]",[10000000000]
layer_5,91,"[[25, [1, 49, 1, 1, 1]], [27, [1, 4, 1, 1, 2]], [29, [9, 4, 2]], [56, 0], [62, 2], [68, 1], [95, 1]]",[5.11692016404648e-05]
layer_5,92,"[[25, [1, 7, 7, 1, 1]], [27, [1, 1, 2, 2, 2]], [29, [18, 4, 1]], [56, 0], [62, 1], [68, 2], [95, 3]]",[0.00010006448815789473]
layer_5,93,"[[25, [49, 1, 1, 1, 1]], [27, [1, 4, 2, 1, 1]], [29, [6, 6, 2]], [56, 2], [62, 2], [68, 0], [95, 2]]",[4.0181520189362296e-05]
layer_5,94,"[[25, [1, 7, 7, 1, 1]], [27, [4, 1, 1, 2, 1]], [29, [9, 2, 4]], [56, 2], [62, 1], [68, 2], [95, 1]]",[6.49982369648156e-05]
layer_5,95,"[[25, [49, 1, 1, 1, 1]], [27, [1, 1, 1, 4, 2]], [29, [24, 1, 3]], [56, 1], [62, 3], [68, 1], [95, 1]]",[0.0003078510963391137]
layer_5,96,"[[25, [49, 1, 1, 1, 1]], [27, [2, 2, 1, 2, 1]], [29, [18, 1, 4]], [56, 1], [62, 3], [68, 1], [95, 4]]",[2.9910463562330344e-05]
layer_5,97,"[[25, [7, 7, 1, 1, 1]], [27, [1, 1, 8, 1, 1]], [29, [12, 2, 3]], [56, 1], [62, 3], [68, 1], [95, 0]]",[7.87868217721519e-05]
layer_5,98,"[[25, [49, 1, 1, 1, 1]], [27, [1, 4, 1, 1, 2]], [29, [6, 6, 2]], [56, 0], [62, 2], [68, 0], [95, 1]]",[0.00011879048063241107]
layer_5,99,"[[25, [7, 1, 7, 1, 1]], [27, [2, 1, 2, 2, 1]], [29, [18, 4, 1]], [56, 0], [62, 3], [68, 1], [95, 0]]",[6.033636654515998e-05]
layer_5,100,"[[25, [1, 49, 1, 1, 1]], [27, [1, 4, 1, 2, 1]], [29, [18, 1, 4]], [56, 1], [62, 0], [68, 0], [95, 4]]",[8.157837816030123e-05]
layer_5,101,"[[25, [7, 1, 1, 7, 1]], [27, [2, 1, 4, 1, 1]], [29, [18, 4, 1]], [56, 2], [62, 1], [68, 2], [95, 3]]",[3.509942760942761e-05]
layer_5,102,"[[25, [1, 7, 7, 1, 1]], [27, [4, 1, 1, 1, 2]], [29, [12, 2, 3]], [56, 0], [62, 0], [68, 2], [95, 1]]",[8.213943960826985e-05]
layer_5,103,"[[25, [49, 1, 1, 1, 1]], [27, [2, 1, 2, 2, 1]], [29, [12, 3, 2]], [56, 0], [62, 3], [68, 2], [95, 2]]",[2.970660022026432e-05]
layer_5,104,"[[25, [1, 7, 7, 1, 1]], [27, [2, 1, 1, 4, 1]], [29, [12, 2, 3]], [56, 0], [62, 2], [68, 2], [95, 4]]",[3.391661447811448e-05]
layer_5,105,"[[25, [7, 1, 1, 7, 1]], [27, [2, 2, 1, 2, 1]], [29, [12, 6, 1]], [56, 1], [62, 2], [68, 2], [95, 0]]",[0.00043960432044198893]
layer_5,106,"[[25, [7, 7, 1, 1, 1]], [27, [1, 1, 1, 8, 1]], [29, [12, 2, 3]], [56, 1], [62, 3], [68, 1], [95, 0]]",[0.00022979782969432313]
layer_5,107,"[[25, [1, 7, 7, 1, 1]], [27, [8, 1, 1, 1, 1]], [29, [12, 2, 3]], [56, 1], [62, 2], [68, 1], [95, 4]]",[2.6923421684376226e-05]
layer_5,108,"[[25, [1, 7, 7, 1, 1]], [27, [2, 1, 1, 2, 2]], [29, [12, 2, 3]], [56, 0], [62, 2], [68, 2], [95, 4]]",[3.3914097013142177e-05]
layer_5,109,"[[25, [7, 1, 1, 7, 1]], [27, [4, 2, 1, 1, 1]], [29, [12, 6, 1]], [56, 0], [62, 1], [68, 0], [95, 2]]",[0.0004583089656160458]
layer_5,110,"[[25, [7, 7, 1, 1, 1]], [27, [8, 1, 1, 1, 1]], [29, [12, 2, 3]], [56, 1], [62, 2], [68, 1], [95, 0]]",[9.39083583384997e-05]
layer_5,111,"[[25, [7, 7, 1, 1, 1]], [27, [2, 1, 1, 4, 1]], [29, [24, 1, 3]], [56, 2], [62, 2], [68, 2], [95, 1]]",[9.578024841972187e-05]
layer_5,112,"[[25, [1, 49, 1, 1, 1]], [27, [1, 1, 1, 4, 2]], [29, [18, 1, 4]], [56, 0], [62, 3], [68, 2], [95, 2]]",[3.4371725108225105e-05]
layer_5,113,"[[25, [7, 1, 7, 1, 1]], [27, [1, 2, 4, 1, 1]], [29, [18, 4, 1]], [56, 0], [62, 1], [68, 0], [95, 0]]",[3.681018814775445e-05]
layer_5,114,"[[25, [1, 7, 1, 7, 1]], [27, [8, 1, 1, 1, 1]], [29, [12, 3, 2]], [56, 0], [62, 3], [68, 1], [95, 1]]",[0.0004265874826666667]
layer_5,115,"[[25, [7, 7, 1, 1, 1]], [27, [2, 2, 1, 1, 2]], [29, [18, 4, 1]], [56, 2], [62, 2], [68, 1], [95, 1]]",[5.522720961820852e-05]
layer_5,116,"[[25, [7, 1, 1, 7, 1]], [27, [2, 1, 4, 1, 1]], [29, [18, 4, 1]], [56, 0], [62, 3], [68, 2], [95, 3]]",[3.079094660194175e-05]
layer_5,117,"[[25, [1, 49, 1, 1, 1]], [27, [1, 2, 1, 2, 2]], [29, [4, 18, 1]], [56, 2], [62, 3], [68, 1], [95, 4]]",[6.269508031427325e-05]
layer_5,118,"[[25, [7, 7, 1, 1, 1]], [27, [2, 2, 2, 1, 1]], [29, [18, 2, 2]], [56, 0], [62, 2], [68, 3], [95, 3]]",[1.5929477176220804e-05]
layer_5,119,"[[25, [49, 1, 1, 1, 1]], [27, [1, 2, 2, 2, 1]], [29, [72, 1, 1]], [56, 1], [62, 1], [68, 0], [95, 1]]",[7.18903368121442e-05]
layer_5,120,"[[25, [49, 1, 1, 1, 1]], [27, [8, 1, 1, 1, 1]], [29, [36, 2, 1]], [56, 2], [62, 2], [68, 0], [95, 2]]",[1.711812913863606e-05]
layer_5,121,"[[25, [1, 7, 7, 1, 1]], [27, [2, 2, 1, 2, 1]], [29, [18, 4, 1]], [56, 2], [62, 3], [68, 3], [95, 0]]",[2.8751838193600648e-05]
layer_5,122,"[[25, [7, 1, 7, 1, 1]], [27, [2, 1, 4, 1, 1]], [29, [12, 2, 3]], [56, 1], [62, 0], [68, 0], [95, 1]]",[2.4364957469431155e-05]
layer_5,123,"[[25, [49, 1, 1, 1, 1]], [27, [4, 2, 1, 1, 1]], [29, [12, 3, 2]], [56, 0], [62, 2], [68, 3], [95, 1]]",[10000000000]
layer_5,124,"[[25, [7, 7, 1, 1, 1]], [27, [1, 4, 2, 1, 1]], [29, [24, 1, 3]], [56, 0], [62, 3], [68, 1], [95, 0]]",[8.717614943181818e-05]
layer_5,125,"[[25, [7, 1, 7, 1, 1]], [27, [2, 2, 1, 1, 2]], [29, [9, 4, 2]], [56, 0], [62, 3], [68, 0], [95, 1]]",[9.132442092603728e-05]
layer_5,126,"[[25, [1, 49, 1, 1, 1]], [27, [2, 2, 2, 1, 1]], [29, [8, 3, 3]], [56, 1], [62, 1], [68, 3], [95, 2]]",[1.1694851393188855e-05]
layer_5,127,"[[25, [7, 1, 1, 7, 1]], [27, [1, 2, 2, 1, 2]], [29, [24, 3, 1]], [56, 1], [62, 2], [68, 1], [95, 1]]",[0.00025028825]
layer_5,128,"[[25, [1, 49, 1, 1, 1]], [27, [2, 2, 2, 1, 1]], [29, [8, 3, 3]], [56, 1], [62, 2], [68, 3], [95, 2]]",[1.3266453493918434e-05]
layer_5,129,"[[25, [1, 49, 1, 1, 1]], [27, [2, 2, 2, 1, 1]], [29, [8, 3, 3]], [56, 1], [62, 3], [68, 3], [95, 3]]",[1.2451487036040881e-05]
layer_5,130,"[[25, [1, 49, 1, 1, 1]], [27, [2, 2, 2, 1, 1]], [29, [8, 9, 1]], [56, 1], [62, 3], [68, 3], [95, 3]]",[1.2456592547590119e-05]
layer_5,131,"[[25, [1, 49, 1, 1, 1]], [27, [2, 2, 2, 1, 1]], [29, [8, 3, 3]], [56, 1], [62, 2], [68, 3], [95, 4]]",[4.0526988068812435e-05]
layer_5,132,"[[25, [1, 49, 1, 1, 1]], [27, [2, 2, 2, 1, 1]], [29, [8, 3, 3]], [56, 1], [62, 3], [68, 3], [95, 2]]",[1.2451927810650887e-05]
layer_5,133,"[[25, [1, 49, 1, 1, 1]], [27, [2, 2, 2, 1, 1]], [29, [8, 3, 3]], [56, 1], [62, 2], [68, 1], [95, 4]]",[5.8025597804782436e-05]
layer_5,134,"[[25, [1, 49, 1, 1, 1]], [27, [2, 2, 2, 1, 1]], [29, [8, 3, 3]], [56, 1], [62, 3], [68, 1], [95, 4]]",[5.94779693997646e-05]
layer_5,135,"[[25, [1, 49, 1, 1, 1]], [27, [2, 2, 2, 1, 1]], [29, [8, 3, 3]], [56, 1], [62, 0], [68, 3], [95, 4]]",[3.449083789785344e-05]
layer_5,136,"[[25, [1, 49, 1, 1, 1]], [27, [2, 2, 2, 1, 1]], [29, [8, 3, 3]], [56, 1], [62, 0], [68, 2], [95, 4]]",[3.474942219804135e-05]
layer_5,137,"[[25, [1, 49, 1, 1, 1]], [27, [2, 2, 2, 1, 1]], [29, [8, 3, 3]], [56, 1], [62, 0], [68, 3], [95, 2]]",[9.939606696281671e-06]
layer_5,138,"[[25, [1, 49, 1, 1, 1]], [27, [2, 2, 2, 1, 1]], [29, [8, 3, 3]], [56, 1], [62, 0], [68, 1], [95, 4]]",[3.5336701208981005e-05]
layer_5,139,"[[25, [1, 49, 1, 1, 1]], [27, [2, 2, 2, 1, 1]], [29, [8, 3, 3]], [56, 1], [62, 3], [68, 0], [95, 2]]",[2.4650319144762652e-05]
layer_5,140,"[[25, [1, 49, 1, 1, 1]], [27, [2, 2, 2, 1, 1]], [29, [8, 3, 3]], [56, 2], [62, 0], [68, 1], [95, 2]]",[1.1720882191000569e-05]
layer_5,141,"[[25, [1, 49, 1, 1, 1]], [27, [2, 2, 2, 1, 1]], [29, [8, 3, 3]], [56, 1], [62, 0], [68, 1], [95, 2]]",[1.1521210058612213e-05]
layer_5,142,"[[25, [1, 49, 1, 1, 1]], [27, [2, 2, 2, 1, 1]], [29, [8, 3, 3]], [56, 1], [62, 1], [68, 0], [95, 2]]",[3.326938528138528e-05]
layer_5,143,"[[25, [1, 49, 1, 1, 1]], [27, [2, 2, 2, 1, 1]], [29, [8, 3, 3]], [56, 2], [62, 0], [68, 0], [95, 4]]",[1.7375595442009e-05]
layer_5,144,"[[25, [1, 49, 1, 1, 1]], [27, [2, 2, 2, 1, 1]], [29, [8, 3, 3]], [56, 1], [62, 0], [68, 0], [95, 4]]",[1.7446465507571508e-05]
layer_5,145,"[[25, [1, 49, 1, 1, 1]], [27, [2, 2, 2, 1, 1]], [29, [8, 3, 3]], [56, 1], [62, 0], [68, 0], [95, 2]]",[7.21754959114959e-05]
layer_5,146,"[[25, [1, 49, 1, 1, 1]], [27, [2, 2, 2, 1, 1]], [29, [24, 1, 3]], [56, 1], [62, 2], [68, 3], [95, 3]]",[10000000000]
layer_5,147,"[[25, [1, 49, 1, 1, 1]], [27, [2, 2, 2, 1, 1]], [29, [24, 1, 3]], [56, 1], [62, 2], [68, 3], [95, 2]]",[10000000000]
layer_5,148,"[[25, [1, 49, 1, 1, 1]], [27, [2, 2, 2, 1, 1]], [29, [24, 3, 1]], [56, 1], [62, 2], [68, 3], [95, 2]]",[10000000000]
layer_5,149,"[[25, [1, 49, 1, 1, 1]], [27, [2, 2, 2, 1, 1]], [29, [72, 1, 1]], [56, 2], [62, 2], [68, 2], [95, 3]]",[5.5754117143919675e-05]
layer_5,150,"[[25, [1, 49, 1, 1, 1]], [27, [2, 2, 2, 1, 1]], [29, [24, 3, 1]], [56, 1], [62, 0], [68, 1], [95, 2]]",[1.6802575048732945e-05]
layer_5,151,"[[25, [1, 49, 1, 1, 1]], [27, [2, 2, 2, 1, 1]], [29, [24, 1, 3]], [56, 1], [62, 0], [68, 3], [95, 2]]",[10000000000]
layer_5,152,"[[25, [1, 49, 1, 1, 1]], [27, [2, 2, 2, 1, 1]], [29, [24, 3, 1]], [56, 1], [62, 0], [68, 3], [95, 2]]",[10000000000]
layer_5,153,"[[25, [1, 49, 1, 1, 1]], [27, [2, 2, 2, 1, 1]], [29, [24, 3, 1]], [56, 1], [62, 0], [68, 0], [95, 2]]",[1.691814274867122e-05]
layer_5,154,"[[25, [1, 49, 1, 1, 1]], [27, [2, 2, 2, 1, 1]], [29, [3, 12, 2]], [56, 1], [62, 2], [68, 3], [95, 2]]",[10000000000]
layer_5,155,"[[25, [49, 1, 1, 1, 1]], [27, [2, 2, 1, 2, 1]], [29, [9, 4, 2]], [56, 0], [62, 2], [68, 2], [95, 0]]",[1.3537290586336739e-05]
layer_5,156,"[[25, [49, 1, 1, 1, 1]], [27, [2, 2, 1, 2, 1]], [29, [9, 4, 2]], [56, 0], [62, 2], [68, 3], [95, 0]]",[1.3569776381909547e-05]
layer_5,157,"[[25, [1, 49, 1, 1, 1]], [27, [2, 2, 2, 1, 1]], [29, [72, 1, 1]], [56, 1], [62, 0], [68, 3], [95, 2]]",[10000000000]
layer_5,158,"[[25, [49, 1, 1, 1, 1]], [27, [2, 1, 1, 2, 2]], [29, [9, 4, 2]], [56, 0], [62, 3], [68, 2], [95, 0]]",[2.087511691188103e-05]
layer_5,159,"[[25, [1, 49, 1, 1, 1]], [27, [2, 2, 2, 1, 1]], [29, [3, 12, 2]], [56, 1], [62, 0], [68, 3], [95, 2]]",[10000000000]
layer_5,160,"[[25, [1, 49, 1, 1, 1]], [27, [2, 2, 2, 1, 1]], [29, [3, 12, 2]], [56, 1], [62, 2], [68, 1], [95, 2]]",[7.650504902451226e-05]
layer_5,161,"[[25, [49, 1, 1, 1, 1]], [27, [2, 2, 1, 2, 1]], [29, [9, 4, 2]], [56, 0], [62, 3], [68, 2], [95, 0]]",[1.4976897076332848e-05]
layer_5,162,"[[25, [49, 1, 1, 1, 1]], [27, [2, 1, 1, 2, 2]], [29, [9, 4, 2]], [56, 0], [62, 2], [68, 2], [95, 0]]",[1.7744899749373437e-05]
layer_5,163,"[[25, [49, 1, 1, 1, 1]], [27, [2, 2, 1, 2, 1]], [29, [9, 4, 2]], [56, 2], [62, 2], [68, 2], [95, 0]]",[1.3248104231786489e-05]
layer_5,164,"[[25, [1, 49, 1, 1, 1]], [27, [2, 2, 2, 1, 1]], [29, [3, 24, 1]], [56, 2], [62, 2], [68, 0], [95, 4]]",[2.4030518695729223e-05]
layer_5,165,"[[25, [1, 49, 1, 1, 1]], [27, [2, 2, 2, 1, 1]], [29, [3, 12, 2]], [56, 2], [62, 2], [68, 0], [95, 4]]",[2.4032222161372763e-05]
layer_5,166,"[[25, [49, 1, 1, 1, 1]], [27, [2, 1, 1, 2, 2]], [29, [9, 4, 2]], [56, 1], [62, 3], [68, 2], [95, 0]]",[2.048606545178436e-05]
layer_5,167,"[[25, [49, 1, 1, 1, 1]], [27, [2, 2, 1, 2, 1]], [29, [9, 4, 2]], [56, 1], [62, 3], [68, 2], [95, 0]]",[1.4358008986035215e-05]
layer_5,168,"[[25, [49, 1, 1, 1, 1]], [27, [2, 2, 1, 2, 1]], [29, [9, 4, 2]], [56, 1], [62, 2], [68, 1], [95, 0]]",[1.4099891546443938e-05]
layer_5,169,"[[25, [1, 49, 1, 1, 1]], [27, [2, 2, 2, 1, 1]], [29, [6, 12, 1]], [56, 1], [62, 2], [68, 0], [95, 4]]",[1.3944021893191596e-05]
layer_5,170,"[[25, [1, 49, 1, 1, 1]], [27, [2, 2, 2, 1, 1]], [29, [3, 12, 2]], [56, 1], [62, 2], [68, 0], [95, 4]]",[2.4089336523125995e-05]
layer_5,171,"[[25, [1, 49, 1, 1, 1]], [27, [2, 2, 2, 1, 1]], [29, [8, 3, 3]], [56, 0], [62, 3], [68, 3], [95, 2]]",[1.276837575941677e-05]
layer_5,172,"[[25, [1, 49, 1, 1, 1]], [27, [2, 2, 2, 1, 1]], [29, [8, 9, 1]], [56, 0], [62, 3], [68, 3], [95, 2]]",[1.2766717091940057e-05]
layer_5,173,"[[25, [1, 49, 1, 1, 1]], [27, [2, 2, 2, 1, 1]], [29, [3, 12, 2]], [56, 2], [62, 2], [68, 0], [95, 2]]",[7.559033316455696e-05]
layer_5,174,"[[25, [1, 49, 1, 1, 1]], [27, [2, 2, 2, 1, 1]], [29, [3, 12, 2]], [56, 1], [62, 2], [68, 0], [95, 2]]",[7.56384797803295e-05]
layer_5,175,"[[25, [49, 1, 1, 1, 1]], [27, [2, 1, 1, 2, 2]], [29, [9, 4, 2]], [56, 1], [62, 2], [68, 2], [95, 0]]",[1.7252189102990032e-05]
layer_5,176,"[[25, [49, 1, 1, 1, 1]], [27, [2, 2, 1, 2, 1]], [29, [9, 4, 2]], [56, 2], [62, 3], [68, 2], [95, 0]]",[1.4375643904784805e-05]
layer_5,177,"[[25, [49, 1, 1, 1, 1]], [27, [2, 2, 1, 2, 1]], [29, [9, 4, 2]], [56, 2], [62, 2], [68, 1], [95, 0]]",[1.3391549607016746e-05]
layer_5,178,"[[25, [49, 1, 1, 1, 1]], [27, [2, 2, 1, 2, 1]], [29, [3, 12, 2]], [56, 0], [62, 1], [68, 2], [95, 0]]",[0.00013509526176218992]
layer_5,179,"[[25, [49, 1, 1, 1, 1]], [27, [2, 2, 1, 2, 1]], [29, [9, 4, 2]], [56, 1], [62, 3], [68, 1], [95, 0]]",[1.4437944754527849e-05]
layer_5,180,"[[25, [49, 1, 1, 1, 1]], [27, [2, 1, 1, 2, 2]], [29, [9, 4, 2]], [56, 0], [62, 2], [68, 1], [95, 0]]",[2.7835003334641035e-05]
layer_5,181,"[[25, [49, 1, 1, 1, 1]], [27, [2, 1, 2, 2, 1]], [29, [9, 4, 2]], [56, 0], [62, 2], [68, 1], [95, 0]]",[1.541361554817276e-05]
layer_5,182,"[[25, [49, 1, 1, 1, 1]], [27, [2, 2, 1, 2, 1]], [29, [9, 4, 2]], [56, 0], [62, 2], [68, 0], [95, 0]]",[2.5375142882625758e-05]
layer_5,183,"[[25, [49, 1, 1, 1, 1]], [27, [2, 2, 1, 1, 2]], [29, [9, 4, 2]], [56, 0], [62, 2], [68, 0], [95, 0]]",[2.5360466950203796e-05]
layer_5,184,"[[25, [49, 1, 1, 1, 1]], [27, [2, 2, 1, 2, 1]], [29, [18, 4, 1]], [56, 1], [62, 2], [68, 2], [95, 0]]",[1.575960302957442e-05]
layer_5,185,"[[25, [1, 49, 1, 1, 1]], [27, [2, 2, 2, 1, 1]], [29, [8, 3, 3]], [56, 0], [62, 0], [68, 1], [95, 2]]",[1.204188552226905e-05]
layer_5,186,"[[25, [49, 1, 1, 1, 1]], [27, [2, 2, 1, 2, 1]], [29, [9, 4, 2]], [56, 1], [62, 2], [68, 0], [95, 0]]",[2.5325922741078203e-05]
layer_5,187,"[[25, [49, 1, 1, 1, 1]], [27, [2, 2, 1, 2, 1]], [29, [9, 4, 2]], [56, 0], [62, 1], [68, 2], [95, 0]]",[6.69210088691796e-05]
layer_5,188,"[[25, [49, 1, 1, 1, 1]], [27, [2, 2, 1, 2, 1]], [29, [9, 4, 2]], [56, 1], [62, 0], [68, 2], [95, 0]]",[7.436250764676862e-05]
layer_5,189,"[[25, [1, 49, 1, 1, 1]], [27, [2, 1, 2, 1, 2]], [29, [6, 3, 4]], [56, 0], [62, 1], [68, 1], [95, 0]]",[7.084843120960296e-05]
layer_5,190,"[[25, [7, 7, 1, 1, 1]], [27, [2, 2, 1, 2, 1]], [29, [8, 9, 1]], [56, 1], [62, 2], [68, 3], [95, 4]]",[1.428199441849869e-05]
layer_5,191,"[[25, [7, 7, 1, 1, 1]], [27, [1, 2, 2, 2, 1]], [29, [4, 9, 2]], [56, 2], [62, 2], [68, 1], [95, 3]]",[2.3847070471646175e-05]
layer_5,192,"[[25, [1, 49, 1, 1, 1]], [27, [2, 2, 2, 1, 1]], [29, [8, 3, 3]], [56, 2], [62, 0], [68, 3], [95, 2]]",[1.0438986709701918e-05]
layer_5,193,"[[25, [1, 49, 1, 1, 1]], [27, [2, 2, 2, 1, 1]], [29, [8, 3, 3]], [56, 0], [62, 0], [68, 3], [95, 2]]",[1.0826196987627757e-05]
layer_5,194,"[[25, [1, 49, 1, 1, 1]], [27, [2, 2, 2, 1, 1]], [29, [8, 3, 3]], [56, 1], [62, 0], [68, 3], [95, 3]]",[9.885749231714812e-06]
layer_5,195,"[[25, [1, 49, 1, 1, 1]], [27, [2, 2, 2, 1, 1]], [29, [8, 9, 1]], [56, 0], [62, 0], [68, 3], [95, 3]]",[1.0829492858665529e-05]
layer_5,196,"[[25, [1, 49, 1, 1, 1]], [27, [2, 2, 2, 1, 1]], [29, [8, 3, 3]], [56, 2], [62, 0], [68, 2], [95, 2]]",[9.627250819526889e-06]
layer_5,197,"[[25, [1, 49, 1, 1, 1]], [27, [2, 2, 2, 1, 1]], [29, [8, 3, 3]], [56, 1], [62, 0], [68, 2], [95, 2]]",[9.724234783379108e-06]
layer_5,198,"[[25, [1, 49, 1, 1, 1]], [27, [2, 2, 2, 1, 1]], [29, [8, 3, 3]], [56, 0], [62, 0], [68, 2], [95, 2]]",[1.0100829627004519e-05]
layer_5,199,"[[25, [1, 49, 1, 1, 1]], [27, [2, 2, 2, 1, 1]], [29, [8, 9, 1]], [56, 0], [62, 0], [68, 2], [95, 2]]",[1.0113437317267654e-05]
layer_5,200,"[[25, [1, 49, 1, 1, 1]], [27, [2, 2, 2, 1, 1]], [29, [8, 3, 3]], [56, 2], [62, 0], [68, 3], [95, 0]]",[4.29741852717709e-05]
layer_5,201,"[[25, [1, 49, 1, 1, 1]], [27, [2, 2, 2, 1, 1]], [29, [8, 3, 3]], [56, 1], [62, 0], [68, 2], [95, 3]]",[9.721681697360928e-06]
layer_5,202,"[[25, [1, 49, 1, 1, 1]], [27, [2, 2, 2, 1, 1]], [29, [8, 9, 1]], [56, 1], [62, 0], [68, 1], [95, 2]]",[1.1500082320777644e-05]
layer_5,203,"[[25, [1, 49, 1, 1, 1]], [27, [2, 2, 2, 1, 1]], [29, [8, 3, 3]], [56, 2], [62, 0], [68, 3], [95, 1]]",[4.266007908889592e-05]
layer_5,204,"[[25, [1, 49, 1, 1, 1]], [27, [2, 2, 2, 1, 1]], [29, [8, 9, 1]], [56, 0], [62, 0], [68, 1], [95, 2]]",[1.2012403604698258e-05]
layer_5,205,"[[25, [1, 49, 1, 1, 1]], [27, [2, 2, 2, 1, 1]], [29, [8, 3, 3]], [56, 2], [62, 0], [68, 1], [95, 3]]",[1.1700376976869285e-05]
layer_5,206,"[[25, [1, 49, 1, 1, 1]], [27, [2, 2, 2, 1, 1]], [29, [8, 3, 3]], [56, 1], [62, 0], [68, 2], [95, 0]]",[4.762338115990613e-05]
layer_5,207,"[[25, [1, 49, 1, 1, 1]], [27, [2, 2, 2, 1, 1]], [29, [8, 3, 3]], [56, 1], [62, 0], [68, 1], [95, 3]]",[1.150107864443249e-05]
layer_5,208,"[[25, [1, 49, 1, 1, 1]], [27, [2, 2, 2, 1, 1]], [29, [8, 3, 3]], [56, 0], [62, 0], [68, 1], [95, 3]]",[1.2011157269712206e-05]
layer_5,209,"[[25, [1, 49, 1, 1, 1]], [27, [2, 2, 2, 1, 1]], [29, [8, 3, 3]], [56, 2], [62, 1], [68, 3], [95, 2]]",[1.0752190765492102e-05]
layer_5,210,"[[25, [1, 49, 1, 1, 1]], [27, [2, 2, 2, 1, 1]], [29, [8, 3, 3]], [56, 2], [62, 3], [68, 3], [95, 2]]",[1.2432650516951191e-05]
layer_5,211,"[[25, [1, 49, 1, 1, 1]], [27, [2, 2, 2, 1, 1]], [29, [8, 9, 1]], [56, 2], [62, 3], [68, 3], [95, 2]]",[1.2431494467028004e-05]
layer_5,212,"[[25, [1, 49, 1, 1, 1]], [27, [2, 2, 2, 1, 1]], [29, [8, 3, 3]], [56, 0], [62, 1], [68, 3], [95, 2]]",[1.1177408499193115e-05]
layer_5,213,"[[25, [1, 49, 1, 1, 1]], [27, [2, 2, 2, 1, 1]], [29, [8, 3, 3]], [56, 1], [62, 0], [68, 2], [95, 1]]",[4.7617193223750424e-05]
layer_5,214,"[[25, [1, 49, 1, 1, 1]], [27, [2, 2, 2, 1, 1]], [29, [8, 3, 3]], [56, 0], [62, 0], [68, 2], [95, 0]]",[4.788144243421052e-05]
layer_5,215,"[[25, [49, 1, 1, 1, 1]], [27, [2, 2, 1, 2, 1]], [29, [9, 4, 2]], [56, 2], [62, 2], [68, 3], [95, 0]]",[1.3034056836734694e-05]
layer_5,216,"[[25, [49, 1, 1, 1, 1]], [27, [2, 2, 1, 2, 1]], [29, [9, 2, 4]], [56, 2], [62, 2], [68, 3], [95, 0]]",[1.3072731204613413e-05]
layer_5,217,"[[25, [1, 49, 1, 1, 1]], [27, [2, 2, 2, 1, 1]], [29, [8, 3, 3]], [56, 2], [62, 0], [68, 1], [95, 0]]",[4.8330618463524845e-05]
layer_5,218,"[[25, [1, 49, 1, 1, 1]], [27, [2, 2, 2, 1, 1]], [29, [8, 9, 1]], [56, 0], [62, 3], [68, 3], [95, 3]]",[1.2773031883688306e-05]
layer_5,219,"[[25, [1, 49, 1, 1, 1]], [27, [2, 2, 2, 1, 1]], [29, [8, 3, 3]], [56, 1], [62, 0], [68, 1], [95, 0]]",[4.7325218718550824e-05]
layer_5,220,"[[25, [1, 49, 1, 1, 1]], [27, [2, 2, 2, 1, 1]], [29, [8, 3, 3]], [56, 2], [62, 2], [68, 3], [95, 2]]",[1.261436619079991e-05]
layer_5,221,"[[25, [1, 49, 1, 1, 1]], [27, [2, 2, 2, 1, 1]], [29, [8, 3, 3]], [56, 1], [62, 1], [68, 2], [95, 2]]",[1.0343996557310652e-05]
layer_5,222,"[[25, [1, 49, 1, 1, 1]], [27, [2, 2, 2, 1, 1]], [29, [8, 3, 3]], [56, 2], [62, 3], [68, 2], [95, 2]]",[1.2689777729962346e-05]
layer_5,223,"[[25, [49, 1, 1, 1, 1]], [27, [2, 2, 2, 1, 1]], [29, [8, 3, 3]], [56, 2], [62, 0], [68, 3], [95, 2]]",[9.299142974662717e-06]
layer_5,224,"[[25, [1, 49, 1, 1, 1]], [27, [2, 2, 2, 1, 1]], [29, [8, 3, 3]], [56, 0], [62, 1], [68, 2], [95, 2]]",[1.0496805981112277e-05]
layer_5,225,"[[25, [49, 1, 1, 1, 1]], [27, [2, 2, 1, 2, 1]], [29, [9, 4, 2]], [56, 1], [62, 2], [68, 3], [95, 0]]",[1.3122908030776628e-05]
layer_5,226,"[[25, [1, 49, 1, 1, 1]], [27, [2, 2, 2, 1, 1]], [29, [8, 3, 3]], [56, 0], [62, 2], [68, 3], [95, 2]]",[1.3124529650050637e-05]
layer_5,227,"[[25, [49, 1, 1, 1, 1]], [27, [2, 2, 2, 1, 1]], [29, [9, 4, 2]], [56, 1], [62, 2], [68, 2], [95, 0]]",[1.1887947750511246e-05]
layer_5,228,"[[25, [49, 1, 1, 1, 1]], [27, [2, 2, 2, 1, 1]], [29, [9, 8, 1]], [56, 1], [62, 2], [68, 2], [95, 0]]",[1.2422954168908016e-05]
layer_5,229,"[[25, [1, 49, 1, 1, 1]], [27, [2, 2, 2, 1, 1]], [29, [8, 3, 3]], [56, 1], [62, 3], [68, 2], [95, 2]]",[1.2696719185016451e-05]
layer_5,230,"[[25, [1, 49, 1, 1, 1]], [27, [2, 2, 2, 1, 1]], [29, [8, 9, 1]], [56, 1], [62, 3], [68, 2], [95, 3]]",[1.2697490048413125e-05]
layer_5,231,"[[25, [49, 1, 1, 1, 1]], [27, [2, 2, 2, 1, 1]], [29, [8, 3, 3]], [56, 0], [62, 0], [68, 3], [95, 3]]",[1.0190646495968814e-05]
layer_5,232,"[[25, [1, 49, 1, 1, 1]], [27, [2, 2, 2, 1, 1]], [29, [8, 9, 1]], [56, 0], [62, 3], [68, 2], [95, 2]]",[1.2960237547068316e-05]
layer_5,233,"[[25, [1, 49, 1, 1, 1]], [27, [2, 2, 2, 1, 1]], [29, [8, 3, 3]], [56, 0], [62, 3], [68, 2], [95, 2]]",[1.2955296835174171e-05]
layer_5,234,"[[25, [1, 49, 1, 1, 1]], [27, [2, 2, 2, 1, 1]], [29, [8, 3, 3]], [56, 1], [62, 0], [68, 1], [95, 1]]",[4.874406843124597e-05]
layer_5,235,"[[25, [1, 49, 1, 1, 1]], [27, [2, 2, 2, 1, 1]], [29, [8, 3, 3]], [56, 0], [62, 0], [68, 1], [95, 0]]",[4.757275260993357e-05]
layer_5,236,"[[25, [1, 49, 1, 1, 1]], [27, [2, 2, 2, 1, 1]], [29, [8, 3, 3]], [56, 1], [62, 2], [68, 3], [95, 3]]",[1.2687500708788981e-05]
layer_5,237,"[[25, [1, 49, 1, 1, 1]], [27, [2, 2, 2, 1, 1]], [29, [8, 9, 1]], [56, 1], [62, 2], [68, 3], [95, 3]]",[1.2687166970433374e-05]
layer_5,238,"[[25, [1, 49, 1, 1, 1]], [27, [2, 2, 2, 1, 1]], [29, [8, 3, 3]], [56, 2], [62, 1], [68, 3], [95, 0]]",[3.929896040393304e-05]
layer_5,239,"[[25, [49, 1, 1, 1, 1]], [27, [2, 2, 2, 1, 1]], [29, [9, 4, 2]], [56, 2], [62, 2], [68, 1], [95, 0]]",[1.1994518991712708e-05]
layer_5,240,"[[25, [49, 1, 1, 1, 1]], [27, [2, 2, 2, 1, 1]], [29, [9, 4, 2]], [56, 0], [62, 2], [68, 2], [95, 0]]",[1.2221282860385925e-05]
layer_5,241,"[[25, [1, 49, 1, 1, 1]], [27, [2, 2, 2, 1, 1]], [29, [8, 3, 3]], [56, 1], [62, 1], [68, 3], [95, 0]]",[3.941369287268771e-05]
layer_5,242,"[[25, [49, 1, 1, 1, 1]], [27, [2, 2, 1, 2, 1]], [29, [9, 2, 4]], [56, 0], [62, 2], [68, 3], [95, 0]]",[1.35529749401982e-05]
layer_5,243,"[[25, [49, 1, 1, 1, 1]], [27, [2, 2, 1, 1, 2]], [29, [9, 4, 2]], [56, 0], [62, 2], [68, 3], [95, 0]]",[1.3553896369319548e-05]
layer_5,244,"[[25, [1, 49, 1, 1, 1]], [27, [2, 2, 2, 1, 1]], [29, [8, 3, 3]], [56, 2], [62, 3], [68, 1], [95, 2]]",[1.3119344323168674e-05]
layer_5,245,"[[25, [1, 49, 1, 1, 1]], [27, [2, 2, 2, 1, 1]], [29, [8, 3, 3]], [56, 0], [62, 1], [68, 1], [95, 2]]",[1.3430490033033376e-05]
layer_5,246,"[[25, [1, 49, 1, 1, 1]], [27, [2, 2, 2, 1, 1]], [29, [8, 9, 1]], [56, 0], [62, 1], [68, 1], [95, 2]]",[1.343113768444949e-05]
layer_5,247,"[[25, [1, 49, 1, 1, 1]], [27, [2, 2, 2, 1, 1]], [29, [8, 3, 3]], [56, 1], [62, 3], [68, 1], [95, 2]]",[1.316710465612986e-05]
layer_5,248,"[[25, [49, 1, 1, 1, 1]], [27, [2, 2, 2, 1, 1]], [29, [8, 3, 3]], [56, 1], [62, 0], [68, 2], [95, 2]]",[8.933329433827469e-06]
layer_5,249,"[[25, [49, 1, 1, 1, 1]], [27, [2, 2, 1, 2, 1]], [29, [9, 8, 1]], [56, 1], [62, 2], [68, 1], [95, 0]]",[1.4102832782777081e-05]
layer_5,250,"[[25, [49, 1, 1, 1, 1]], [27, [2, 2, 1, 2, 1]], [29, [9, 8, 1]], [56, 1], [62, 2], [68, 2], [95, 0]]",[1.3424611870412554e-05]
layer_5,251,"[[25, [49, 1, 1, 1, 1]], [27, [2, 2, 1, 1, 2]], [29, [9, 4, 2]], [56, 1], [62, 2], [68, 2], [95, 0]]",[1.3428107864649496e-05]
layer_5,252,"[[25, [49, 1, 1, 1, 1]], [27, [2, 2, 1, 2, 1]], [29, [9, 4, 2]], [56, 1], [62, 2], [68, 3], [95, 2]]",[5.980632604293236e-05]
layer_5,253,"[[25, [1, 7, 1, 7, 1]], [27, [1, 4, 2, 1, 1]], [29, [72, 1, 1]], [56, 1], [62, 3], [68, 0], [95, 0]]",[8.797380857310629e-05]
layer_5,254,"[[25, [7, 1, 7, 1, 1]], [27, [4, 1, 1, 2, 1]], [29, [36, 2, 1]], [56, 0], [62, 1], [68, 1], [95, 4]]",[2.8071434595524962e-05]
layer_5,255,"[[25, [1, 7, 1, 7, 1]], [27, [2, 1, 2, 2, 1]], [29, [9, 2, 4]], [56, 1], [62, 2], [68, 1], [95, 4]]",[5.6707190369540875e-05]
layer_5,256,"[[25, [49, 1, 1, 1, 1]], [27, [2, 2, 2, 1, 1]], [29, [8, 3, 3]], [56, 2], [62, 0], [68, 2], [95, 2]]",[8.910887974976831e-06]
layer_5,257,"[[25, [49, 1, 1, 1, 1]], [27, [2, 2, 2, 1, 1]], [29, [8, 3, 3]], [56, 1], [62, 0], [68, 3], [95, 2]]",[9.392457871888012e-06]
layer_5,258,"[[25, [49, 1, 1, 1, 1]], [27, [2, 2, 2, 1, 1]], [29, [8, 3, 3]], [56, 0], [62, 0], [68, 2], [95, 2]]",[9.164504534212695e-06]
layer_5,259,"[[25, [49, 1, 1, 1, 1]], [27, [4, 1, 2, 1, 1]], [29, [8, 3, 3]], [56, 2], [62, 0], [68, 3], [95, 2]]",[9.310944690647482e-06]
layer_5,260,"[[25, [49, 1, 1, 1, 1]], [27, [2, 2, 2, 1, 1]], [29, [8, 9, 1]], [56, 2], [62, 0], [68, 3], [95, 2]]",[9.28249322820037e-06]
layer_5,261,"[[25, [49, 1, 1, 1, 1]], [27, [2, 2, 2, 1, 1]], [29, [8, 3, 3]], [56, 1], [62, 0], [68, 2], [95, 3]]",[8.8993882907732e-06]
layer_5,262,"[[25, [49, 1, 1, 1, 1]], [27, [2, 2, 2, 1, 1]], [29, [8, 9, 1]], [56, 0], [62, 0], [68, 3], [95, 2]]",[1.0206302045362495e-05]
layer_5,263,"[[25, [49, 1, 1, 1, 1]], [27, [2, 2, 2, 1, 1]], [29, [8, 3, 3]], [56, 0], [62, 0], [68, 3], [95, 2]]",[1.0206523079649153e-05]
layer_5,264,"[[25, [49, 1, 1, 1, 1]], [27, [4, 1, 2, 1, 1]], [29, [8, 3, 3]], [56, 2], [62, 0], [68, 3], [95, 3]]",[9.3128610930081e-06]
layer_5,265,"[[25, [49, 1, 1, 1, 1]], [27, [2, 2, 2, 1, 1]], [29, [8, 3, 3]], [56, 1], [62, 0], [68, 3], [95, 3]]",[9.76118953603159e-06]
layer_5,266,"[[25, [49, 1, 1, 1, 1]], [27, [2, 2, 2, 1, 1]], [29, [8, 9, 1]], [56, 1], [62, 1], [68, 2], [95, 2]]",[9.789556126517232e-06]
layer_5,267,"[[25, [49, 1, 1, 1, 1]], [27, [2, 2, 2, 1, 1]], [29, [8, 3, 3]], [56, 1], [62, 1], [68, 2], [95, 2]]",[9.790210841086007e-06]
layer_5,268,"[[25, [49, 1, 1, 1, 1]], [27, [2, 2, 2, 1, 1]], [29, [8, 3, 3]], [56, 0], [62, 0], [68, 2], [95, 3]]",[9.184879350541216e-06]
layer_5,269,"[[25, [49, 1, 1, 1, 1]], [27, [2, 2, 2, 1, 1]], [29, [8, 3, 3]], [56, 2], [62, 1], [68, 2], [95, 2]]",[9.726313975072924e-06]
layer_5,270,"[[25, [1, 49, 1, 1, 1]], [27, [2, 2, 2, 1, 1]], [29, [8, 9, 1]], [56, 2], [62, 0], [68, 2], [95, 2]]",[9.756991760432355e-06]
layer_5,271,"[[25, [49, 1, 1, 1, 1]], [27, [2, 2, 2, 1, 1]], [29, [8, 3, 3]], [56, 1], [62, 0], [68, 1], [95, 2]]",[1.0849772996234536e-05]
layer_5,272,"[[25, [1, 49, 1, 1, 1]], [27, [2, 2, 2, 1, 1]], [29, [8, 9, 1]], [56, 1], [62, 0], [68, 2], [95, 2]]",[9.844442517432505e-06]
layer_5,273,"[[25, [49, 1, 1, 1, 1]], [27, [2, 2, 2, 1, 1]], [29, [8, 3, 3]], [56, 2], [62, 0], [68, 1], [95, 2]]",[1.1253306910955003e-05]
layer_5,274,"[[25, [49, 1, 1, 1, 1]], [27, [2, 2, 2, 1, 1]], [29, [8, 3, 3]], [56, 1], [62, 1], [68, 3], [95, 2]]",[1.1121005695842035e-05]
layer_5,275,"[[25, [49, 1, 1, 1, 1]], [27, [2, 2, 2, 1, 1]], [29, [8, 9, 1]], [56, 0], [62, 0], [68, 3], [95, 3]]",[1.0206373342699096e-05]
layer_5,276,"[[25, [1, 49, 1, 1, 1]], [27, [2, 2, 2, 1, 1]], [29, [8, 3, 3]], [56, 2], [62, 0], [68, 2], [95, 3]]",[9.680950541104993e-06]
layer_5,277,"[[25, [49, 1, 1, 1, 1]], [27, [2, 2, 2, 1, 1]], [29, [8, 3, 3]], [56, 0], [62, 1], [68, 2], [95, 2]]",[1.0126070723371938e-05]
layer_5,278,"[[25, [49, 1, 1, 1, 1]], [27, [2, 2, 2, 1, 1]], [29, [8, 3, 3]], [56, 1], [62, 2], [68, 2], [95, 2]]",[1.0970827283148642e-05]
layer_5,279,"[[25, [1, 49, 1, 1, 1]], [27, [2, 2, 2, 1, 1]], [29, [8, 3, 3]], [56, 0], [62, 0], [68, 2], [95, 3]]",[1.0106920448072907e-05]
layer_5,280,"[[25, [1, 49, 1, 1, 1]], [27, [2, 2, 2, 1, 1]], [29, [8, 9, 1]], [56, 0], [62, 0], [68, 2], [95, 3]]",[1.013292465238632e-05]
layer_5,281,"[[25, [49, 1, 1, 1, 1]], [27, [2, 2, 2, 1, 1]], [29, [8, 9, 1]], [56, 1], [62, 3], [68, 2], [95, 2]]",[1.2008068620515412e-05]
layer_5,282,"[[25, [49, 1, 1, 1, 1]], [27, [2, 2, 2, 1, 1]], [29, [8, 3, 3]], [56, 1], [62, 3], [68, 2], [95, 2]]",[1.2010049166218397e-05]
layer_5,283,"[[25, [49, 1, 1, 1, 1]], [27, [2, 2, 2, 1, 1]], [29, [8, 3, 3]], [56, 2], [62, 2], [68, 2], [95, 2]]",[1.0871964358039692e-05]
layer_5,284,"[[25, [49, 1, 1, 1, 1]], [27, [2, 2, 2, 1, 1]], [29, [8, 3, 3]], [56, 0], [62, 0], [68, 1], [95, 2]]",[1.1415168014580249e-05]
layer_5,285,"[[25, [49, 1, 1, 1, 1]], [27, [2, 2, 2, 1, 1]], [29, [8, 3, 3]], [56, 2], [62, 3], [68, 2], [95, 2]]",[1.190804697380307e-05]
layer_5,286,"[[25, [1, 49, 1, 1, 1]], [27, [2, 2, 2, 1, 1]], [29, [8, 9, 1]], [56, 2], [62, 0], [68, 3], [95, 2]]",[9.838895711856172e-06]
layer_5,287,"[[25, [1, 49, 1, 1, 1]], [27, [2, 2, 2, 1, 1]], [29, [8, 9, 1]], [56, 1], [62, 0], [68, 3], [95, 3]]",[9.943348646354118e-06]
layer_5,288,"[[25, [49, 1, 1, 1, 1]], [27, [2, 2, 2, 1, 1]], [29, [8, 9, 1]], [56, 0], [62, 1], [68, 3], [95, 2]]",[1.0693577083728879e-05]
layer_5,289,"[[25, [49, 1, 1, 1, 1]], [27, [2, 2, 2, 1, 1]], [29, [8, 3, 3]], [56, 0], [62, 1], [68, 3], [95, 2]]",[1.0723809284222517e-05]
layer_5,290,"[[25, [1, 49, 1, 1, 1]], [27, [2, 2, 2, 1, 1]], [29, [8, 9, 1]], [56, 1], [62, 0], [68, 3], [95, 2]]",[9.929410670210746e-06]
layer_5,291,"[[25, [1, 49, 1, 1, 1]], [27, [2, 2, 2, 1, 1]], [29, [8, 3, 3]], [56, 2], [62, 0], [68, 3], [95, 3]]",[9.849900322764382e-06]
layer_5,292,"[[25, [1, 49, 1, 1, 1]], [27, [2, 2, 2, 1, 1]], [29, [8, 9, 1]], [56, 2], [62, 0], [68, 3], [95, 3]]",[9.849482123510292e-06]
layer_5,293,"[[25, [49, 1, 1, 1, 1]], [27, [4, 1, 2, 1, 1]], [29, [8, 3, 3]], [56, 2], [62, 0], [68, 1], [95, 3]]",[1.0691352576437889e-05]
layer_5,294,"[[25, [49, 1, 1, 1, 1]], [27, [2, 2, 2, 1, 1]], [29, [8, 3, 3]], [56, 0], [62, 2], [68, 2], [95, 2]]",[1.126254829890644e-05]
layer_5,295,"[[25, [49, 1, 1, 1, 1]], [27, [2, 2, 2, 1, 1]], [29, [8, 9, 1]], [56, 0], [62, 2], [68, 2], [95, 2]]",[1.127162689683976e-05]
layer_5,296,"[[25, [49, 1, 1, 1, 1]], [27, [2, 2, 2, 1, 1]], [29, [8, 3, 3]], [56, 2], [62, 0], [68, 1], [95, 3]]",[1.1271501296066717e-05]
layer_5,297,"[[25, [49, 1, 1, 1, 1]], [27, [2, 2, 2, 1, 1]], [29, [8, 3, 3]], [56, 2], [62, 2], [68, 3], [95, 2]]",[1.1992966541151158e-05]
layer_5,298,"[[25, [49, 1, 1, 1, 1]], [27, [2, 2, 2, 1, 1]], [29, [8, 3, 3]], [56, 2], [62, 3], [68, 3], [95, 2]]",[1.1714689714090442e-05]
layer_5,299,"[[25, [1, 49, 1, 1, 1]], [27, [2, 2, 2, 1, 1]], [29, [8, 9, 1]], [56, 0], [62, 0], [68, 3], [95, 2]]",[1.0791091345128971e-05]
layer_5,300,"[[25, [1, 49, 1, 1, 1]], [27, [2, 2, 2, 1, 1]], [29, [8, 3, 3]], [56, 2], [62, 1], [68, 2], [95, 2]]",[1.0096613537117903e-05]
layer_5,301,"[[25, [1, 49, 1, 1, 1]], [27, [2, 2, 2, 1, 1]], [29, [8, 3, 3]], [56, 1], [62, 1], [68, 2], [95, 3]]",[1.0367884155530996e-05]
layer_5,302,"[[25, [49, 1, 1, 1, 1]], [27, [2, 2, 2, 1, 1]], [29, [8, 3, 3]], [56, 0], [62, 0], [68, 1], [95, 3]]",[1.14378728021702e-05]
layer_5,303,"[[25, [49, 1, 1, 1, 1]], [27, [2, 2, 2, 1, 1]], [29, [8, 9, 1]], [56, 0], [62, 0], [68, 1], [95, 3]]",[1.1439643580396922e-05]
layer_5,304,"[[25, [1, 49, 1, 1, 1]], [27, [2, 2, 2, 1, 1]], [29, [8, 9, 1]], [56, 1], [62, 1], [68, 2], [95, 2]]",[1.0367628535903015e-05]
layer_5,305,"[[25, [49, 1, 1, 1, 1]], [27, [2, 2, 2, 1, 1]], [29, [8, 3, 3]], [56, 1], [62, 1], [68, 1], [95, 2]]",[1.2544908768154921e-05]
layer_5,306,"[[25, [49, 1, 1, 1, 1]], [27, [2, 2, 2, 1, 1]], [29, [8, 9, 1]], [56, 0], [62, 2], [68, 3], [95, 2]]",[1.2377019472228135e-05]
layer_5,307,"[[25, [49, 1, 1, 1, 1]], [27, [2, 2, 2, 1, 1]], [29, [8, 3, 3]], [56, 0], [62, 1], [68, 3], [95, 3]]",[1.0720686715269341e-05]
layer_5,308,"[[25, [49, 1, 1, 1, 1]], [27, [2, 2, 2, 1, 1]], [29, [8, 3, 3]], [56, 0], [62, 3], [68, 3], [95, 2]]",[1.2186386946121425e-05]
layer_5,309,"[[25, [49, 1, 1, 1, 1]], [27, [2, 2, 2, 1, 1]], [29, [8, 9, 1]], [56, 0], [62, 3], [68, 3], [95, 2]]",[1.2187839509923045e-05]
layer_5,310,"[[25, [49, 1, 1, 1, 1]], [27, [2, 2, 2, 1, 1]], [29, [8, 9, 1]], [56, 2], [62, 1], [68, 1], [95, 2]]",[1.2415784683818225e-05]
layer_5,311,"[[25, [49, 1, 1, 1, 1]], [27, [2, 2, 2, 1, 1]], [29, [8, 3, 3]], [56, 1], [62, 2], [68, 3], [95, 3]]",[1.2088636744335874e-05]
layer_5,312,"[[25, [49, 1, 1, 1, 1]], [27, [2, 2, 2, 1, 1]], [29, [8, 9, 1]], [56, 1], [62, 2], [68, 3], [95, 3]]",[1.2088308463378516e-05]
layer_5,313,"[[25, [1, 49, 1, 1, 1]], [27, [2, 2, 2, 1, 1]], [29, [8, 9, 1]], [56, 0], [62, 1], [68, 2], [95, 3]]",[1.0533113001215067e-05]
layer_5,314,"[[25, [49, 1, 1, 1, 1]], [27, [2, 2, 2, 1, 1]], [29, [8, 3, 3]], [56, 0], [62, 3], [68, 2], [95, 3]]",[1.2370676842464972e-05]
layer_5,315,"[[25, [1, 49, 1, 1, 1]], [27, [2, 2, 2, 1, 1]], [29, [8, 9, 1]], [56, 0], [62, 1], [68, 2], [95, 2]]",[1.0533977040135267e-05]
layer_5,316,"[[25, [49, 1, 1, 1, 1]], [27, [2, 2, 2, 1, 1]], [29, [8, 9, 1]], [56, 2], [62, 2], [68, 3], [95, 3]]",[1.199081952631015e-05]
layer_5,317,"[[25, [7, 1, 1, 7, 1]], [27, [4, 1, 2, 1, 1]], [29, [12, 6, 1]], [56, 0], [62, 2], [68, 2], [95, 2]]",[0.00020823038947368424]
layer_5,318,"[[25, [49, 1, 1, 1, 1]], [27, [2, 1, 2, 1, 2]], [29, [9, 2, 4]], [56, 2], [62, 3], [68, 0], [95, 1]]",[4.8537519808743175e-05]
layer_5,319,"[[25, [7, 1, 7, 1, 1]], [27, [2, 1, 2, 1, 2]], [29, [12, 3, 2]], [56, 2], [62, 2], [68, 1], [95, 1]]",[5.721106795366796e-05]
layer_5,320,"[[25, [49, 1, 1, 1, 1]], [27, [2, 2, 2, 1, 1]], [29, [8, 9, 1]], [56, 2], [62, 0], [68, 2], [95, 2]]",[9.453610869565217e-06]
layer_5,321,"[[25, [49, 1, 1, 1, 1]], [27, [2, 2, 2, 1, 1]], [29, [8, 9, 1]], [56, 1], [62, 0], [68, 2], [95, 2]]",[8.980915802318488e-06]
layer_5,322,"[[25, [49, 1, 1, 1, 1]], [27, [2, 2, 2, 1, 1]], [29, [8, 9, 1]], [56, 1], [62, 0], [68, 2], [95, 3]]",[8.979796067785456e-06]
layer_5,323,"[[25, [49, 1, 1, 1, 1]], [27, [2, 2, 2, 1, 1]], [29, [8, 9, 1]], [56, 2], [62, 0], [68, 2], [95, 3]]",[8.877735525501636e-06]
layer_5,324,"[[25, [49, 1, 1, 1, 1]], [27, [2, 2, 2, 1, 1]], [29, [8, 3, 3]], [56, 2], [62, 0], [68, 2], [95, 3]]",[8.772985175438595e-06]
layer_5,325,"[[25, [49, 1, 1, 1, 1]], [27, [4, 1, 2, 1, 1]], [29, [8, 9, 1]], [56, 2], [62, 0], [68, 3], [95, 3]]",[9.312348896961105e-06]
layer_5,326,"[[25, [49, 1, 1, 1, 1]], [27, [4, 1, 2, 1, 1]], [29, [8, 3, 3]], [56, 2], [62, 0], [68, 2], [95, 3]]",[9.15348595530046e-06]
layer_5,327,"[[25, [49, 1, 1, 1, 1]], [27, [2, 2, 2, 1, 1]], [29, [8, 9, 1]], [56, 0], [62, 0], [68, 2], [95, 2]]",[9.154216886683794e-06]
layer_5,328,"[[25, [49, 1, 1, 1, 1]], [27, [2, 2, 2, 1, 1]], [29, [8, 9, 1]], [56, 0], [62, 0], [68, 2], [95, 3]]",[9.153913951957882e-06]
layer_5,329,"[[25, [49, 1, 1, 1, 1]], [27, [4, 1, 2, 1, 1]], [29, [8, 3, 3]], [56, 0], [62, 0], [68, 2], [95, 3]]",[9.169639939753698e-06]
layer_5,330,"[[25, [49, 1, 1, 1, 1]], [27, [2, 2, 2, 1, 1]], [29, [8, 9, 1]], [56, 1], [62, 0], [68, 3], [95, 2]]",[9.430358887317303e-06]
layer_5,331,"[[25, [49, 1, 1, 1, 1]], [27, [4, 1, 2, 1, 1]], [29, [8, 3, 3]], [56, 0], [62, 0], [68, 3], [95, 2]]",[1.0223765995823049e-05]
layer_5,332,"[[25, [1, 49, 1, 1, 1]], [27, [2, 2, 2, 1, 1]], [29, [8, 9, 1]], [56, 2], [62, 0], [68, 2], [95, 3]]",[9.791515712405397e-06]
layer_5,333,"[[25, [49, 1, 1, 1, 1]], [27, [2, 2, 2, 1, 1]], [29, [8, 9, 1]], [56, 2], [62, 0], [68, 3], [95, 3]]",[9.2939314255338e-06]
layer_5,334,"[[25, [49, 1, 1, 1, 1]], [27, [2, 2, 2, 1, 1]], [29, [8, 3, 3]], [56, 2], [62, 0], [68, 3], [95, 3]]",[9.29394191449814e-06]
layer_5,335,"[[25, [1, 49, 1, 1, 1]], [27, [2, 2, 2, 1, 1]], [29, [8, 9, 1]], [56, 1], [62, 0], [68, 2], [95, 3]]",[9.887838009658293e-06]
layer_5,336,"[[25, [7, 7, 1, 1, 1]], [27, [2, 2, 2, 1, 1]], [29, [8, 9, 1]], [56, 2], [62, 0], [68, 2], [95, 2]]",[9.777767989367762e-06]
layer_5,337,"[[25, [7, 7, 1, 1, 1]], [27, [2, 2, 2, 1, 1]], [29, [8, 3, 3]], [56, 2], [62, 0], [68, 2], [95, 2]]",[1.2101702270147559e-05]
layer_5,338,"[[25, [7, 7, 1, 1, 1]], [27, [2, 2, 2, 1, 1]], [29, [8, 3, 3]], [56, 2], [62, 0], [68, 2], [95, 3]]",[1.210382184759084e-05]
layer_5,339,"[[25, [7, 7, 1, 1, 1]], [27, [2, 2, 2, 1, 1]], [29, [8, 9, 1]], [56, 2], [62, 0], [68, 2], [95, 3]]",[9.776698974748435e-06]
layer_5,340,"[[25, [49, 1, 1, 1, 1]], [27, [2, 2, 2, 1, 1]], [29, [8, 9, 1]], [56, 2], [62, 1], [68, 2], [95, 2]]",[9.716662296037296e-06]
layer_5,341,"[[25, [7, 7, 1, 1, 1]], [27, [2, 2, 2, 1, 1]], [29, [8, 3, 3]], [56, 1], [62, 0], [68, 2], [95, 3]]",[1.2186646476600322e-05]
layer_5,342,"[[25, [7, 7, 1, 1, 1]], [27, [2, 2, 2, 1, 1]], [29, [8, 9, 1]], [56, 2], [62, 1], [68, 2], [95, 3]]",[1.0287311661900221e-05]
layer_5,343,"[[25, [7, 7, 1, 1, 1]], [27, [2, 2, 2, 1, 1]], [29, [8, 3, 3]], [56, 0], [62, 0], [68, 2], [95, 3]]",[1.241233782159173e-05]
layer_5,344,"[[25, [7, 7, 1, 1, 1]], [27, [2, 2, 2, 1, 1]], [29, [8, 9, 1]], [56, 0], [62, 0], [68, 2], [95, 2]]",[1.0128722807372898e-05]
layer_5,345,"[[25, [7, 7, 1, 1, 1]], [27, [2, 2, 2, 1, 1]], [29, [8, 3, 3]], [56, 0], [62, 0], [68, 2], [95, 2]]",[1.2412423045767517e-05]
layer_5,346,"[[25, [1, 49, 1, 1, 1]], [27, [2, 2, 2, 1, 1]], [29, [8, 3, 3]], [56, 2], [62, 1], [68, 2], [95, 3]]",[1.0097394247199545e-05]
layer_5,347,"[[25, [1, 49, 1, 1, 1]], [27, [2, 2, 2, 1, 1]], [29, [8, 9, 1]], [56, 2], [62, 1], [68, 2], [95, 3]]",[1.0101010720297688e-05]
layer_5,348,"[[25, [49, 1, 1, 1, 1]], [27, [2, 2, 2, 1, 1]], [29, [8, 3, 3]], [56, 0], [62, 1], [68, 2], [95, 3]]",[1.0128863116860104e-05]
layer_5,349,"[[25, [49, 1, 1, 1, 1]], [27, [2, 2, 2, 1, 1]], [29, [8, 9, 1]], [56, 0], [62, 1], [68, 2], [95, 3]]",[1.012895281490482e-05]
layer_5,350,"[[25, [49, 1, 1, 1, 1]], [27, [2, 2, 2, 1, 1]], [29, [8, 9, 1]], [56, 0], [62, 1], [68, 2], [95, 2]]",[1.0125779570913234e-05]
layer_5,351,"[[25, [1, 49, 1, 1, 1]], [27, [2, 2, 2, 1, 1]], [29, [8, 9, 1]], [56, 1], [62, 1], [68, 2], [95, 3]]",[1.0364216000716717e-05]
layer_5,352,"[[25, [7, 7, 1, 1, 1]], [27, [2, 2, 2, 1, 1]], [29, [8, 3, 3]], [56, 2], [62, 0], [68, 3], [95, 2]]",[9.898876459741856e-06]
layer_5,353,"[[25, [7, 7, 1, 1, 1]], [27, [2, 2, 2, 1, 1]], [29, [8, 9, 1]], [56, 2], [62, 2], [68, 2], [95, 3]]",[1.1652705069124424e-05]
layer_5,354,"[[25, [1, 49, 1, 1, 1]], [27, [4, 1, 2, 1, 1]], [29, [8, 3, 3]], [56, 2], [62, 0], [68, 3], [95, 3]]",[9.866911809379153e-06]
layer_5,355,"[[25, [7, 7, 1, 1, 1]], [27, [2, 2, 2, 1, 1]], [29, [8, 9, 1]], [56, 1], [62, 2], [68, 2], [95, 3]]",[1.2330057049623046e-05]
layer_5,356,"[[25, [1, 49, 1, 1, 1]], [27, [4, 1, 2, 1, 1]], [29, [8, 3, 3]], [56, 2], [62, 0], [68, 3], [95, 2]]",[9.84551201052978e-06]
layer_5,357,"[[25, [7, 7, 1, 1, 1]], [27, [2, 2, 2, 1, 1]], [29, [8, 3, 3]], [56, 2], [62, 1], [68, 3], [95, 2]]",[1.068463385228783e-05]
layer_5,358,"[[25, [7, 7, 1, 1, 1]], [27, [2, 2, 2, 1, 1]], [29, [8, 3, 3]], [56, 2], [62, 0], [68, 3], [95, 3]]",[9.891797512815645e-06]
layer_5,359,"[[25, [7, 7, 1, 1, 1]], [27, [2, 2, 2, 1, 1]], [29, [8, 9, 1]], [56, 2], [62, 0], [68, 3], [95, 3]]",[9.894251262514396e-06]
layer_5,360,"[[25, [49, 1, 1, 1, 1]], [27, [2, 2, 2, 1, 1]], [29, [8, 3, 3]], [56, 2], [62, 1], [68, 3], [95, 2]]",[1.03084056879596e-05]
layer_5,361,"[[25, [49, 1, 1, 1, 1]], [27, [2, 2, 2, 1, 1]], [29, [8, 9, 1]], [56, 2], [62, 1], [68, 3], [95, 2]]",[1.0308435257262199e-05]
layer_5,362,"[[25, [7, 7, 1, 1, 1]], [27, [2, 2, 2, 1, 1]], [29, [8, 9, 1]], [56, 1], [62, 0], [68, 3], [95, 3]]",[9.98380455391158e-06]
layer_5,363,"[[25, [7, 7, 1, 1, 1]], [27, [2, 2, 2, 1, 1]], [29, [8, 3, 3]], [56, 1], [62, 0], [68, 3], [95, 3]]",[9.98341041461007e-06]
layer_5,364,"[[25, [7, 7, 1, 1, 1]], [27, [2, 2, 2, 1, 1]], [29, [8, 3, 3]], [56, 1], [62, 0], [68, 3], [95, 2]]",[9.983977584832108e-06]
layer_5,365,"[[25, [1, 49, 1, 1, 1]], [27, [2, 2, 2, 1, 1]], [29, [8, 3, 3]], [56, 0], [62, 0], [68, 3], [95, 3]]",[1.0857183121321436e-05]
layer_5,366,"[[25, [1, 49, 1, 1, 1]], [27, [4, 1, 2, 1, 1]], [29, [8, 9, 1]], [56, 1], [62, 0], [68, 3], [95, 3]]",[9.952589667653834e-06]
layer_5,367,"[[25, [1, 49, 1, 1, 1]], [27, [4, 1, 2, 1, 1]], [29, [8, 3, 3]], [56, 1], [62, 0], [68, 3], [95, 3]]",[9.95412917515726e-06]
layer_5,368,"[[25, [49, 1, 1, 1, 1]], [27, [2, 2, 2, 1, 1]], [29, [8, 3, 3]], [56, 1], [62, 1], [68, 3], [95, 3]]",[1.1125602998830733e-05]
layer_5,369,"[[25, [49, 1, 1, 1, 1]], [27, [2, 2, 2, 1, 1]], [29, [8, 9, 1]], [56, 1], [62, 1], [68, 3], [95, 2]]",[1.112489348775394e-05]
layer_5,370,"[[25, [1, 49, 1, 1, 1]], [27, [2, 2, 2, 1, 1]], [29, [8, 9, 1]], [56, 2], [62, 1], [68, 3], [95, 3]]",[1.0746153893860193e-05]
layer_5,371,"[[25, [1, 49, 1, 1, 1]], [27, [4, 1, 2, 1, 1]], [29, [8, 9, 1]], [56, 1], [62, 0], [68, 3], [95, 2]]",[9.95186937535599e-06]
layer_5,372,"[[25, [1, 49, 1, 1, 1]], [27, [4, 1, 2, 1, 1]], [29, [8, 3, 3]], [56, 1], [62, 0], [68, 3], [95, 2]]",[9.951679542836893e-06]
layer_5,373,"[[25, [7, 7, 1, 1, 1]], [27, [2, 2, 2, 1, 1]], [29, [8, 9, 1]], [56, 0], [62, 0], [68, 3], [95, 2]]",[1.1095548288837127e-05]
layer_5,374,"[[25, [7, 7, 1, 1, 1]], [27, [2, 2, 2, 1, 1]], [29, [8, 3, 3]], [56, 0], [62, 0], [68, 3], [95, 2]]",[1.0517372301690507e-05]
layer_5,375,"[[25, [7, 7, 1, 1, 1]], [27, [2, 2, 2, 1, 1]], [29, [8, 3, 3]], [56, 0], [62, 0], [68, 3], [95, 3]]",[1.0516364913613062e-05]
layer_5,376,"[[25, [7, 7, 1, 1, 1]], [27, [2, 2, 2, 1, 1]], [29, [8, 9, 1]], [56, 0], [62, 0], [68, 3], [95, 3]]",[1.0519121911705144e-05]
layer_5,377,"[[25, [1, 49, 1, 1, 1]], [27, [2, 2, 2, 1, 1]], [29, [8, 9, 1]], [56, 1], [62, 1], [68, 3], [95, 3]]",[1.1711727918235611e-05]
layer_5,378,"[[25, [1, 49, 1, 1, 1]], [27, [2, 2, 2, 1, 1]], [29, [8, 3, 3]], [56, 1], [62, 1], [68, 3], [95, 3]]",[1.1711922438234102e-05]
layer_5,379,"[[25, [49, 1, 1, 1, 1]], [27, [4, 1, 2, 1, 1]], [29, [8, 9, 1]], [56, 1], [62, 0], [68, 3], [95, 3]]",[9.441235627301048e-06]
layer_5,380,"[[25, [7, 7, 1, 1, 1]], [27, [2, 2, 2, 1, 1]], [29, [8, 3, 3]], [56, 0], [62, 1], [68, 3], [95, 2]]",[1.1106190562980963e-05]
layer_5,381,"[[25, [1, 7, 7, 1, 1]], [27, [1, 2, 1, 2, 2]], [29, [24, 1, 3]], [56, 2], [62, 0], [68, 3], [95, 2]]",[10000000000]
layer_5,382,"[[25, [1, 7, 1, 7, 1]], [27, [1, 1, 2, 4, 1]], [29, [72, 1, 1]], [56, 0], [62, 2], [68, 2], [95, 3]]",[8.684446454494695e-05]
layer_5,383,"[[25, [49, 1, 1, 1, 1]], [27, [1, 2, 1, 1, 4]], [29, [18, 1, 4]], [56, 0], [62, 3], [68, 2], [95, 1]]",[6.836074441913441e-05]
layer_5,384,"[[25, [49, 1, 1, 1, 1]], [27, [4, 1, 2, 1, 1]], [29, [8, 9, 1]], [56, 2], [62, 0], [68, 2], [95, 3]]",[9.30835211020956e-06]
layer_5,385,"[[25, [49, 1, 1, 1, 1]], [27, [4, 1, 2, 1, 1]], [29, [8, 3, 3]], [56, 1], [62, 0], [68, 2], [95, 3]]",[8.787440765492102e-06]
layer_5,386,"[[25, [49, 1, 1, 1, 1]], [27, [4, 1, 2, 1, 1]], [29, [8, 9, 1]], [56, 1], [62, 0], [68, 2], [95, 3]]",[8.983562803766707e-06]
layer_5,387,"[[25, [49, 1, 1, 1, 1]], [27, [4, 1, 2, 1, 1]], [29, [8, 3, 3]], [56, 2], [62, 1], [68, 2], [95, 2]]",[9.806762586377098e-06]
layer_5,388,"[[25, [49, 1, 1, 1, 1]], [27, [4, 1, 2, 1, 1]], [29, [8, 3, 3]], [56, 1], [62, 0], [68, 3], [95, 3]]",[9.436694790400972e-06]
layer_5,389,"[[25, [49, 1, 1, 1, 1]], [27, [1, 4, 2, 1, 1]], [29, [8, 9, 1]], [56, 2], [62, 0], [68, 2], [95, 3]]",[8.86226800744219e-06]
layer_5,390,"[[25, [49, 1, 1, 1, 1]], [27, [4, 1, 2, 1, 1]], [29, [8, 9, 1]], [56, 0], [62, 1], [68, 2], [95, 3]]",[1.0140749382950446e-05]
layer_5,391,"[[25, [49, 1, 1, 1, 1]], [27, [4, 1, 2, 1, 1]], [29, [8, 3, 3]], [56, 0], [62, 1], [68, 2], [95, 3]]",[1.0138842739434748e-05]
layer_5,392,"[[25, [49, 1, 1, 1, 1]], [27, [2, 2, 2, 1, 1]], [29, [8, 9, 1]], [56, 1], [62, 0], [68, 3], [95, 3]]",[9.429937108045153e-06]
layer_5,393,"[[25, [49, 1, 1, 1, 1]], [27, [4, 1, 2, 1, 1]], [29, [8, 3, 3]], [56, 1], [62, 0], [68, 2], [95, 2]]",[8.793687032967032e-06]
layer_5,394,"[[25, [49, 1, 1, 1, 1]], [27, [4, 1, 2, 1, 1]], [29, [8, 9, 1]], [56, 1], [62, 0], [68, 2], [95, 2]]",[8.9853480585719e-06]
layer_5,395,"[[25, [1, 49, 1, 1, 1]], [27, [4, 1, 2, 1, 1]], [29, [8, 3, 3]], [56, 2], [62, 0], [68, 2], [95, 2]]",[9.6126126827416e-06]
layer_5,396,"[[25, [49, 1, 1, 1, 1]], [27, [4, 1, 2, 1, 1]], [29, [8, 3, 3]], [56, 0], [62, 0], [68, 3], [95, 3]]",[1.0207143345357888e-05]
layer_5,397,"[[25, [1, 49, 1, 1, 1]], [27, [4, 1, 2, 1, 1]], [29, [8, 9, 1]], [56, 2], [62, 0], [68, 2], [95, 3]]",[9.804594645908487e-06]
layer_5,398,"[[25, [49, 1, 1, 1, 1]], [27, [2, 2, 2, 1, 1]], [29, [8, 3, 3]], [56, 2], [62, 1], [68, 2], [95, 3]]",[9.72087041773231e-06]
layer_5,399,"[[25, [49, 1, 1, 1, 1]], [27, [2, 2, 2, 1, 1]], [29, [8, 9, 1]], [56, 2], [62, 1], [68, 2], [95, 3]]",[9.72205758837601e-06]
layer_5,400,"[[25, [1, 49, 1, 1, 1]], [27, [4, 1, 2, 1, 1]], [29, [8, 3, 3]], [56, 1], [62, 0], [68, 2], [95, 2]]",[9.72404567726933e-06]
layer_5,401,"[[25, [49, 1, 1, 1, 1]], [27, [1, 4, 2, 1, 1]], [29, [8, 9, 1]], [56, 2], [62, 0], [68, 2], [95, 2]]",[8.87038536306461e-06]
layer_5,402,"[[25, [49, 1, 1, 1, 1]], [27, [4, 1, 2, 1, 1]], [29, [8, 3, 3]], [56, 2], [62, 1], [68, 3], [95, 2]]",[1.0350337202090902e-05]
layer_5,403,"[[25, [49, 1, 1, 1, 1]], [27, [4, 1, 2, 1, 1]], [29, [8, 9, 1]], [56, 2], [62, 1], [68, 3], [95, 2]]",[1.0324571862540345e-05]
layer_5,404,"[[25, [1, 49, 1, 1, 1]], [27, [4, 1, 2, 1, 1]], [29, [8, 3, 3]], [56, 1], [62, 0], [68, 2], [95, 3]]",[9.716070080623726e-06]
layer_5,405,"[[25, [1, 49, 1, 1, 1]], [27, [4, 1, 2, 1, 1]], [29, [8, 9, 1]], [56, 2], [62, 0], [68, 3], [95, 2]]",[9.865563759570536e-06]
layer_5,406,"[[25, [49, 1, 1, 1, 1]], [27, [4, 1, 2, 1, 1]], [29, [8, 3, 3]], [56, 0], [62, 1], [68, 2], [95, 2]]",[1.014736918549459e-05]
layer_5,407,"[[25, [49, 1, 1, 1, 1]], [27, [4, 1, 2, 1, 1]], [29, [8, 9, 1]], [56, 0], [62, 0], [68, 3], [95, 2]]",[1.0207131733495342e-05]
layer_5,408,"[[25, [49, 1, 1, 1, 1]], [27, [4, 1, 2, 1, 1]], [29, [8, 9, 1]], [56, 1], [62, 1], [68, 3], [95, 3]]",[1.11115040527545e-05]
layer_5,409,"[[25, [49, 1, 1, 1, 1]], [27, [4, 1, 2, 1, 1]], [29, [8, 3, 3]], [56, 1], [62, 1], [68, 3], [95, 3]]",[1.1111969661108123e-05]
layer_5,410,"[[25, [49, 1, 1, 1, 1]], [27, [2, 2, 2, 1, 1]], [29, [8, 9, 1]], [56, 1], [62, 1], [68, 2], [95, 3]]",[9.800624700983432e-06]
layer_5,411,"[[25, [49, 1, 1, 1, 1]], [27, [2, 2, 2, 1, 1]], [29, [8, 3, 3]], [56, 1], [62, 1], [68, 2], [95, 3]]",[9.825175073191133e-06]
layer_5,412,"[[25, [49, 1, 1, 1, 1]], [27, [4, 1, 2, 1, 1]], [29, [8, 3, 3]], [56, 1], [62, 1], [68, 2], [95, 2]]",[9.789662306679829e-06]
layer_5,413,"[[25, [1, 49, 1, 1, 1]], [27, [4, 1, 2, 1, 1]], [29, [8, 3, 3]], [56, 0], [62, 0], [68, 2], [95, 2]]",[1.0156261297857216e-05]
layer_5,414,"[[25, [49, 1, 1, 1, 1]], [27, [4, 1, 2, 1, 1]], [29, [8, 3, 3]], [56, 1], [62, 0], [68, 3], [95, 2]]",[9.446037582625118e-06]
layer_5,415,"[[25, [1, 49, 1, 1, 1]], [27, [4, 1, 2, 1, 1]], [29, [8, 9, 1]], [56, 0], [62, 0], [68, 2], [95, 3]]",[1.0170386273020696e-05]
layer_5,416,"[[25, [49, 1, 1, 1, 1]], [27, [4, 1, 2, 1, 1]], [29, [8, 3, 3]], [56, 0], [62, 1], [68, 3], [95, 3]]",[1.0730851839931338e-05]
layer_5,417,"[[25, [1, 49, 1, 1, 1]], [27, [4, 1, 2, 1, 1]], [29, [8, 3, 3]], [56, 0], [62, 0], [68, 3], [95, 2]]",[1.0625034528678779e-05]
layer_5,418,"[[25, [49, 1, 1, 1, 1]], [27, [1, 4, 2, 1, 1]], [29, [8, 9, 1]], [56, 0], [62, 0], [68, 2], [95, 2]]",[9.182247201321343e-06]
layer_5,419,"[[25, [7, 7, 1, 1, 1]], [27, [4, 1, 2, 1, 1]], [29, [8, 3, 3]], [56, 2], [62, 0], [68, 2], [95, 2]]",[1.020417076405182e-05]
layer_5,420,"[[25, [1, 49, 1, 1, 1]], [27, [4, 1, 2, 1, 1]], [29, [8, 9, 1]], [56, 0], [62, 0], [68, 3], [95, 3]]",[1.0564017618469015e-05]
layer_5,421,"[[25, [1, 49, 1, 1, 1]], [27, [4, 1, 2, 1, 1]], [29, [8, 3, 3]], [56, 0], [62, 0], [68, 3], [95, 3]]",[1.0570244940224042e-05]
layer_5,422,"[[25, [49, 1, 1, 1, 1]], [27, [4, 1, 2, 1, 1]], [29, [8, 9, 1]], [56, 0], [62, 1], [68, 3], [95, 2]]",[1.0710584300522726e-05]
layer_5,423,"[[25, [49, 1, 1, 1, 1]], [27, [4, 1, 2, 1, 1]], [29, [8, 3, 3]], [56, 0], [62, 1], [68, 3], [95, 2]]",[1.0711911353856337e-05]
layer_5,424,"[[25, [7, 7, 1, 1, 1]], [27, [2, 2, 2, 1, 1]], [29, [8, 3, 3]], [56, 2], [62, 1], [68, 3], [95, 3]]",[1.0684608333333334e-05]
layer_5,425,"[[25, [7, 7, 1, 1, 1]], [27, [4, 1, 2, 1, 1]], [29, [8, 9, 1]], [56, 2], [62, 0], [68, 3], [95, 3]]",[1.0315572694250023e-05]
layer_5,426,"[[25, [49, 1, 1, 1, 1]], [27, [1, 4, 2, 1, 1]], [29, [8, 3, 3]], [56, 0], [62, 0], [68, 3], [95, 2]]",[9.742289918359598e-06]
layer_5,427,"[[25, [49, 1, 1, 1, 1]], [27, [4, 1, 2, 1, 1]], [29, [8, 3, 3]], [56, 1], [62, 1], [68, 3], [95, 2]]",[1.111344835965978e-05]
layer_5,428,"[[25, [49, 1, 1, 1, 1]], [27, [2, 2, 2, 1, 1]], [29, [8, 3, 3]], [56, 2], [62, 1], [68, 3], [95, 3]]",[1.0309504271881526e-05]
layer_5,429,"[[25, [49, 1, 1, 1, 1]], [27, [2, 2, 2, 1, 1]], [29, [8, 9, 1]], [56, 2], [62, 1], [68, 3], [95, 3]]",[1.0310574045946458e-05]
layer_5,430,"[[25, [7, 7, 1, 1, 1]], [27, [2, 2, 2, 1, 1]], [29, [8, 9, 1]], [56, 1], [62, 0], [68, 3], [95, 2]]",[9.989871179232746e-06]
layer_5,431,"[[25, [1, 49, 1, 1, 1]], [27, [2, 2, 2, 1, 1]], [29, [8, 9, 1]], [56, 2], [62, 1], [68, 2], [95, 2]]",[1.0089520030377824e-05]
layer_5,432,"[[25, [7, 7, 1, 1, 1]], [27, [4, 1, 2, 1, 1]], [29, [8, 9, 1]], [56, 2], [62, 0], [68, 3], [95, 2]]",[1.0314662886506601e-05]
layer_5,433,"[[25, [7, 7, 1, 1, 1]], [27, [1, 4, 2, 1, 1]], [29, [8, 3, 3]], [56, 1], [62, 0], [68, 3], [95, 3]]",[9.845986090192257e-06]
layer_5,434,"[[25, [7, 7, 1, 1, 1]], [27, [1, 4, 2, 1, 1]], [29, [8, 9, 1]], [56, 1], [62, 0], [68, 3], [95, 3]]",[9.846865578127967e-06]
layer_5,435,"[[25, [1, 49, 1, 1, 1]], [27, [4, 1, 2, 1, 1]], [29, [8, 3, 3]], [56, 1], [62, 1], [68, 2], [95, 2]]",[1.0247154414742811e-05]
layer_5,436,"[[25, [1, 49, 1, 1, 1]], [27, [4, 1, 2, 1, 1]], [29, [8, 9, 1]], [56, 1], [62, 0], [68, 1], [95, 2]]",[1.1305267010935602e-05]
layer_5,437,"[[25, [49, 1, 1, 1, 1]], [27, [4, 1, 2, 1, 1]], [29, [8, 9, 1]], [56, 2], [62, 2], [68, 2], [95, 2]]",[1.0855611403980634e-05]
layer_5,438,"[[25, [7, 7, 1, 1, 1]], [27, [2, 2, 2, 1, 1]], [29, [8, 3, 3]], [56, 1], [62, 1], [68, 3], [95, 3]]",[1.1708205852571892e-05]
layer_5,439,"[[25, [7, 7, 1, 1, 1]], [27, [2, 2, 2, 1, 1]], [29, [8, 9, 1]], [56, 1], [62, 1], [68, 3], [95, 3]]",[1.1709135986229243e-05]
layer_5,440,"[[25, [49, 1, 1, 1, 1]], [27, [1, 4, 2, 1, 1]], [29, [8, 9, 1]], [56, 2], [62, 0], [68, 1], [95, 2]]",[1.078528321182665e-05]
layer_5,441,"[[25, [7, 7, 1, 1, 1]], [27, [4, 1, 2, 1, 1]], [29, [8, 3, 3]], [56, 2], [62, 1], [68, 2], [95, 2]]",[1.0122521396296625e-05]
layer_5,442,"[[25, [7, 7, 1, 1, 1]], [27, [4, 1, 2, 1, 1]], [29, [8, 9, 1]], [56, 2], [62, 1], [68, 3], [95, 3]]",[1.1602740785743216e-05]
layer_5,443,"[[25, [7, 7, 1, 1, 1]], [27, [4, 1, 2, 1, 1]], [29, [8, 3, 3]], [56, 1], [62, 0], [68, 3], [95, 2]]",[1.0408473908035794e-05]
layer_5,444,"[[25, [7, 7, 1, 1, 1]], [27, [4, 1, 2, 1, 1]], [29, [8, 9, 1]], [56, 1], [62, 0], [68, 3], [95, 2]]",[1.0412405537018667e-05]
layer_5,445,"[[25, [49, 1, 1, 1, 1]], [27, [4, 1, 1, 1, 2]], [29, [36, 2, 1]], [56, 0], [62, 3], [68, 0], [95, 4]]",[1.9721946945337617e-05]
layer_5,446,"[[25, [1, 7, 1, 7, 1]], [27, [4, 1, 2, 1, 1]], [29, [72, 1, 1]], [56, 0], [62, 0], [68, 0], [95, 4]]",[5.585306057268722e-05]
layer_5,447,"[[25, [7, 1, 7, 1, 1]], [27, [1, 2, 4, 1, 1]], [29, [36, 1, 2]], [56, 3], [62, 0], [68, 1], [95, 1]]",[10000000000]
layer_5,448,"[[25, [49, 1, 1, 1, 1]], [27, [1, 4, 2, 1, 1]], [29, [8, 3, 3]], [56, 1], [62, 0], [68, 2], [95, 3]]",[9.425120494793983e-06]
layer_5,449,"[[25, [49, 1, 1, 1, 1]], [27, [1, 4, 2, 1, 1]], [29, [8, 9, 1]], [56, 0], [62, 0], [68, 2], [95, 3]]",[9.272157880747764e-06]
layer_5,450,"[[25, [49, 1, 1, 1, 1]], [27, [4, 1, 2, 1, 1]], [29, [8, 9, 1]], [56, 0], [62, 0], [68, 2], [95, 3]]",[9.136376275090491e-06]
layer_5,451,"[[25, [49, 1, 1, 1, 1]], [27, [4, 1, 2, 1, 1]], [29, [8, 9, 1]], [56, 0], [62, 0], [68, 2], [95, 2]]",[9.138510587401436e-06]
layer_5,452,"[[25, [49, 1, 1, 1, 1]], [27, [4, 1, 2, 1, 1]], [29, [8, 3, 3]], [56, 0], [62, 0], [68, 2], [95, 2]]",[9.16714174070418e-06]
layer_5,453,"[[25, [7, 7, 1, 1, 1]], [27, [1, 4, 2, 1, 1]], [29, [8, 3, 3]], [56, 2], [62, 0], [68, 2], [95, 2]]",[8.786047959855216e-06]
layer_5,454,"[[25, [7, 7, 1, 1, 1]], [27, [1, 4, 2, 1, 1]], [29, [8, 9, 1]], [56, 2], [62, 0], [68, 2], [95, 3]]",[8.768998915871638e-06]
layer_5,455,"[[25, [49, 1, 1, 1, 1]], [27, [1, 4, 2, 1, 1]], [29, [8, 9, 1]], [56, 2], [62, 0], [68, 3], [95, 3]]",[9.154226473819115e-06]
layer_5,456,"[[25, [49, 1, 1, 1, 1]], [27, [1, 4, 2, 1, 1]], [29, [8, 9, 1]], [56, 2], [62, 0], [68, 3], [95, 2]]",[9.154601519589895e-06]
layer_5,457,"[[25, [49, 1, 1, 1, 1]], [27, [4, 1, 2, 1, 1]], [29, [8, 9, 1]], [56, 1], [62, 0], [68, 3], [95, 2]]",[9.433765387654754e-06]
layer_5,458,"[[25, [49, 1, 1, 1, 1]], [27, [1, 4, 2, 1, 1]], [29, [8, 9, 1]], [56, 1], [62, 0], [68, 3], [95, 3]]",[9.288879401118789e-06]
layer_5,459,"[[25, [7, 7, 1, 1, 1]], [27, [1, 4, 2, 1, 1]], [29, [8, 9, 1]], [56, 2], [62, 0], [68, 3], [95, 3]]",[9.715599150825051e-06]
layer_5,460,"[[25, [7, 7, 1, 1, 1]], [27, [1, 4, 2, 1, 1]], [29, [8, 3, 3]], [56, 2], [62, 0], [68, 3], [95, 3]]",[9.715071387886843e-06]
layer_5,461,"[[25, [7, 7, 1, 1, 1]], [27, [1, 4, 2, 1, 1]], [29, [8, 9, 1]], [56, 1], [62, 0], [68, 2], [95, 3]]",[8.889465314078144e-06]
layer_5,462,"[[25, [49, 1, 1, 1, 1]], [27, [1, 4, 2, 1, 1]], [29, [8, 9, 1]], [56, 0], [62, 0], [68, 3], [95, 2]]",[9.735039565990086e-06]
layer_5,463,"[[25, [49, 1, 1, 1, 1]], [27, [4, 1, 2, 1, 1]], [29, [8, 9, 1]], [56, 0], [62, 0], [68, 3], [95, 3]]",[1.022464163758136e-05]
layer_5,464,"[[25, [1, 49, 1, 1, 1]], [27, [4, 1, 2, 1, 1]], [29, [8, 9, 1]], [56, 1], [62, 0], [68, 2], [95, 3]]",[9.846985969274487e-06]
layer_5,465,"[[25, [1, 49, 1, 1, 1]], [27, [4, 1, 2, 1, 1]], [29, [8, 9, 1]], [56, 1], [62, 0], [68, 2], [95, 2]]",[9.848623807173412e-06]
layer_5,466,"[[25, [1, 49, 1, 1, 1]], [27, [4, 1, 2, 1, 1]], [29, [8, 9, 1]], [56, 2], [62, 0], [68, 3], [95, 3]]",[9.855512182156463e-06]
layer_5,467,"[[25, [1, 49, 1, 1, 1]], [27, [4, 1, 2, 1, 1]], [29, [8, 9, 1]], [56, 2], [62, 1], [68, 2], [95, 3]]",[1.0661663754227734e-05]
layer_5,468,"[[25, [7, 7, 1, 1, 1]], [27, [1, 4, 2, 1, 1]], [29, [8, 9, 1]], [56, 0], [62, 0], [68, 2], [95, 3]]",[9.157647293346328e-06]
layer_5,469,"[[25, [1, 49, 1, 1, 1]], [27, [4, 1, 2, 1, 1]], [29, [8, 3, 3]], [56, 2], [62, 1], [68, 2], [95, 2]]",[1.0242801025251567e-05]
layer_5,470,"[[25, [49, 1, 1, 1, 1]], [27, [4, 1, 2, 1, 1]], [29, [8, 3, 3]], [56, 1], [62, 1], [68, 2], [95, 3]]",[9.72273258021644e-06]
layer_5,471,"[[25, [49, 1, 1, 1, 1]], [27, [4, 1, 2, 1, 1]], [29, [8, 9, 1]], [56, 1], [62, 1], [68, 2], [95, 3]]",[9.722330025693276e-06]
layer_5,472,"[[25, [49, 1, 1, 1, 1]], [27, [4, 1, 2, 1, 1]], [29, [8, 9, 1]], [56, 2], [62, 1], [68, 2], [95, 2]]",[9.792294566813511e-06]
layer_5,473,"[[25, [49, 1, 1, 1, 1]], [27, [4, 1, 2, 1, 1]], [29, [8, 9, 1]], [56, 2], [62, 1], [68, 2], [95, 3]]",[9.793456985912996e-06]
layer_5,474,"[[25, [49, 1, 1, 1, 1]], [27, [4, 1, 2, 1, 1]], [29, [8, 3, 3]], [56, 2], [62, 1], [68, 2], [95, 3]]",[9.79147750142396e-06]
layer_5,475,"[[25, [7, 7, 1, 1, 1]], [27, [4, 1, 2, 1, 1]], [29, [8, 3, 3]], [56, 1], [62, 0], [68, 2], [95, 3]]",[9.704366084876406e-06]
layer_5,476,"[[25, [7, 7, 1, 1, 1]], [27, [2, 2, 2, 1, 1]], [29, [8, 9, 1]], [56, 2], [62, 0], [68, 3], [95, 2]]",[9.892522203540698e-06]
layer_5,477,"[[25, [7, 7, 1, 1, 1]], [27, [4, 1, 2, 1, 1]], [29, [8, 3, 3]], [56, 1], [62, 0], [68, 2], [95, 2]]",[9.69765260919642e-06]
layer_5,478,"[[25, [1, 49, 1, 1, 1]], [27, [4, 1, 2, 1, 1]], [29, [8, 3, 3]], [56, 0], [62, 0], [68, 2], [95, 3]]",[1.0146484811087906e-05]
layer_5,479,"[[25, [1, 49, 1, 1, 1]], [27, [4, 1, 2, 1, 1]], [29, [8, 3, 3]], [56, 2], [62, 1], [68, 3], [95, 2]]",[1.122783529523448e-05]
layer_5,480,"[[25, [7, 7, 1, 1, 1]], [27, [1, 4, 2, 1, 1]], [29, [8, 9, 1]], [56, 0], [62, 0], [68, 3], [95, 3]]",[1.0213850768938675e-05]
layer_5,481,"[[25, [7, 7, 1, 1, 1]], [27, [1, 4, 2, 1, 1]], [29, [8, 9, 1]], [56, 1], [62, 1], [68, 2], [95, 3]]",[1.0123744929317763e-05]
layer_5,482,"[[25, [1, 49, 1, 1, 1]], [27, [4, 1, 2, 1, 1]], [29, [8, 9, 1]], [56, 0], [62, 0], [68, 2], [95, 2]]",[1.0156503554021122e-05]
layer_5,483,"[[25, [7, 7, 1, 1, 1]], [27, [2, 2, 1, 2, 1]], [29, [8, 3, 3]], [56, 2], [62, 2], [68, 3], [95, 2]]",[7.597752923538232e-05]
layer_5,484,"[[25, [1, 49, 1, 1, 1]], [27, [4, 1, 1, 2, 1]], [29, [8, 9, 1]], [56, 1], [62, 2], [68, 3], [95, 2]]",[7.850147376705141e-05]
layer_5,485,"[[25, [49, 1, 1, 1, 1]], [27, [4, 1, 2, 1, 1]], [29, [8, 9, 1]], [56, 0], [62, 1], [68, 2], [95, 2]]",[1.013058678125277e-05]
layer_5,486,"[[25, [1, 49, 1, 1, 1]], [27, [4, 1, 1, 2, 1]], [29, [8, 3, 3]], [56, 1], [62, 1], [68, 3], [95, 2]]",[7.510534611344538e-05]
layer_5,487,"[[25, [1, 49, 1, 1, 1]], [27, [4, 1, 2, 1, 1]], [29, [8, 9, 1]], [56, 1], [62, 1], [68, 3], [95, 2]]",[1.150614631522324e-05]
layer_5,488,"[[25, [1, 49, 1, 1, 1]], [27, [4, 1, 2, 1, 1]], [29, [8, 3, 3]], [56, 1], [62, 1], [68, 3], [95, 2]]",[1.1436734803657882e-05]
layer_5,489,"[[25, [1, 49, 1, 1, 1]], [27, [4, 1, 2, 1, 1]], [29, [8, 3, 3]], [56, 1], [62, 1], [68, 3], [95, 3]]",[1.1462291377150016e-05]
layer_5,490,"[[25, [7, 7, 1, 1, 1]], [27, [4, 1, 2, 1, 1]], [29, [8, 3, 3]], [56, 2], [62, 0], [68, 3], [95, 3]]",[1.0345555992141455e-05]
layer_5,491,"[[25, [1, 49, 1, 1, 1]], [27, [4, 1, 2, 1, 1]], [29, [8, 3, 3]], [56, 0], [62, 1], [68, 2], [95, 3]]",[1.0675111367059448e-05]
layer_5,492,"[[25, [1, 49, 1, 1, 1]], [27, [4, 1, 2, 1, 1]], [29, [8, 9, 1]], [56, 0], [62, 1], [68, 2], [95, 3]]",[1.0965267229922157e-05]
layer_5,493,"[[25, [7, 7, 1, 1, 1]], [27, [1, 4, 2, 1, 1]], [29, [8, 9, 1]], [56, 0], [62, 1], [68, 2], [95, 3]]",[1.03429714716045e-05]
layer_5,494,"[[25, [1, 49, 1, 1, 1]], [27, [4, 2, 1, 1, 1]], [29, [8, 3, 3]], [56, 1], [62, 2], [68, 2], [95, 3]]",[1.5563680081507897e-05]
layer_5,495,"[[25, [1, 49, 1, 1, 1]], [27, [4, 1, 2, 1, 1]], [29, [8, 3, 3]], [56, 0], [62, 1], [68, 2], [95, 2]]",[1.0700457866293034e-05]
layer_5,496,"[[25, [1, 49, 1, 1, 1]], [27, [8, 1, 1, 1, 1]], [29, [8, 3, 3]], [56, 2], [62, 1], [68, 2], [95, 2]]",[7.444050320987654e-05]
layer_5,497,"[[25, [49, 1, 1, 1, 1]], [27, [1, 4, 2, 1, 1]], [29, [8, 9, 1]], [56, 2], [62, 0], [68, 1], [95, 3]]",[1.0765815058110155e-05]
layer_5,498,"[[25, [1, 49, 1, 1, 1]], [27, [4, 2, 1, 1, 1]], [29, [8, 3, 3]], [56, 1], [62, 2], [68, 3], [95, 3]]",[1.5546293023255813e-05]
layer_5,499,"[[25, [49, 1, 1, 1, 1]], [27, [2, 2, 2, 1, 1]], [29, [8, 9, 1]], [56, 1], [62, 1], [68, 3], [95, 3]]",[1.1150360064803565e-05]
layer_5,500,"[[25, [7, 7, 1, 1, 1]], [27, [1, 4, 2, 1, 1]], [29, [8, 9, 1]], [56, 2], [62, 0], [68, 1], [95, 3]]",[1.0562160272880305e-05]
layer_5,501,"[[25, [49, 1, 1, 1, 1]], [27, [4, 1, 2, 1, 1]], [29, [8, 9, 1]], [56, 1], [62, 0], [68, 1], [95, 2]]",[1.0708153164473248e-05]
layer_5,502,"[[25, [49, 1, 1, 1, 1]], [27, [4, 1, 2, 1, 1]], [29, [8, 3, 3]], [56, 1], [62, 0], [68, 1], [95, 2]]",[1.0699359366641703e-05]
layer_5,503,"[[25, [49, 1, 1, 1, 1]], [27, [4, 1, 2, 1, 1]], [29, [8, 3, 3]], [56, 1], [62, 0], [68, 1], [95, 3]]",[1.0699507309663943e-05]
layer_5,504,"[[25, [49, 1, 1, 1, 1]], [27, [4, 1, 2, 1, 1]], [29, [8, 3, 3]], [56, 1], [62, 2], [68, 2], [95, 2]]",[1.095586379774072e-05]
layer_5,505,"[[25, [7, 7, 1, 1, 1]], [27, [4, 1, 2, 1, 1]], [29, [8, 3, 3]], [56, 2], [62, 1], [68, 2], [95, 3]]",[1.0141414162317797e-05]
layer_5,506,"[[25, [7, 7, 1, 1, 1]], [27, [4, 1, 2, 1, 1]], [29, [8, 9, 1]], [56, 2], [62, 1], [68, 2], [95, 3]]",[1.0142596259730396e-05]
layer_5,507,"[[25, [49, 1, 1, 1, 1]], [27, [4, 1, 2, 1, 1]], [29, [8, 9, 1]], [56, 1], [62, 2], [68, 2], [95, 3]]",[1.0956172309856326e-05]
layer_5,508,"[[25, [49, 1, 1, 1, 1]], [27, [4, 1, 2, 1, 1]], [29, [8, 3, 3]], [56, 1], [62, 2], [68, 2], [95, 3]]",[1.0956734305171313e-05]
layer_5,509,"[[25, [49, 1, 1, 1, 1]], [27, [4, 1, 1, 2, 1]], [29, [4, 6, 3]], [56, 0], [62, 3], [68, 0], [95, 0]]",[0.00012143027492211838]
layer_5,510,"[[25, [1, 7, 7, 1, 1]], [27, [1, 2, 2, 1, 2]], [29, [12, 3, 2]], [56, 0], [62, 0], [68, 2], [95, 1]]",[6.988332412177985e-05]
layer_5,511,"[[25, [1, 49, 1, 1, 1]], [27, [2, 1, 1, 2, 2]], [29, [12, 2, 3]], [56, 1], [62, 0], [68, 0], [95, 0]]",[0.00018968217166866744]
layer_5,512,"[[25, [49, 1, 1, 1, 1]], [27, [1, 4, 2, 1, 1]], [29, [8, 3, 3]], [56, 2], [62, 0], [68, 2], [95, 3]]",[9.160170979986197e-06]
layer_5,513,"[[25, [49, 1, 1, 1, 1]], [27, [4, 1, 2, 1, 1]], [29, [8, 3, 3]], [56, 2], [62, 0], [68, 2], [95, 2]]",[8.689089503126028e-06]
layer_5,514,"[[25, [49, 1, 1, 1, 1]], [27, [4, 1, 2, 1, 1]], [29, [8, 9, 1]], [56, 2], [62, 0], [68, 2], [95, 2]]",[8.87761516946364e-06]
layer_5,515,"[[25, [7, 7, 1, 1, 1]], [27, [1, 4, 2, 1, 1]], [29, [8, 3, 3]], [56, 2], [62, 0], [68, 2], [95, 3]]",[8.788633114237602e-06]
layer_5,516,"[[25, [49, 1, 1, 1, 1]], [27, [1, 4, 2, 1, 1]], [29, [8, 9, 1]], [56, 1], [62, 0], [68, 2], [95, 2]]",[8.99797283439777e-06]
layer_5,517,"[[25, [49, 1, 1, 1, 1]], [27, [1, 4, 2, 1, 1]], [29, [8, 9, 1]], [56, 1], [62, 0], [68, 2], [95, 3]]",[8.999001974333662e-06]
layer_5,518,"[[25, [49, 1, 1, 1, 1]], [27, [1, 4, 2, 1, 1]], [29, [8, 3, 3]], [56, 2], [62, 0], [68, 3], [95, 3]]",[9.154636149854037e-06]
layer_5,519,"[[25, [49, 1, 1, 1, 1]], [27, [1, 4, 2, 1, 1]], [29, [8, 3, 3]], [56, 2], [62, 0], [68, 3], [95, 2]]",[9.153763984863442e-06]
layer_5,520,"[[25, [49, 1, 1, 1, 1]], [27, [1, 4, 2, 1, 1]], [29, [8, 3, 3]], [56, 0], [62, 0], [68, 2], [95, 2]]",[9.179623187075453e-06]
layer_5,521,"[[25, [7, 7, 1, 1, 1]], [27, [1, 4, 2, 1, 1]], [29, [8, 3, 3]], [56, 2], [62, 0], [68, 3], [95, 2]]",[9.715162222025339e-06]
layer_5,522,"[[25, [7, 7, 1, 1, 1]], [27, [1, 4, 2, 1, 1]], [29, [8, 9, 1]], [56, 2], [62, 0], [68, 3], [95, 2]]",[9.714678536542048e-06]
layer_5,523,"[[25, [49, 1, 1, 1, 1]], [27, [1, 4, 2, 1, 1]], [29, [8, 9, 1]], [56, 1], [62, 0], [68, 3], [95, 2]]",[9.289516997956531e-06]
layer_5,524,"[[25, [49, 1, 1, 1, 1]], [27, [1, 4, 2, 1, 1]], [29, [8, 3, 3]], [56, 1], [62, 0], [68, 3], [95, 3]]",[9.289237785621402e-06]
layer_5,525,"[[25, [7, 7, 1, 1, 1]], [27, [1, 4, 2, 1, 1]], [29, [8, 3, 3]], [56, 0], [62, 0], [68, 2], [95, 3]]",[9.224862768564426e-06]
layer_5,526,"[[25, [7, 7, 1, 1, 1]], [27, [1, 4, 2, 1, 1]], [29, [8, 9, 1]], [56, 1], [62, 0], [68, 3], [95, 2]]",[9.833121270791165e-06]
layer_5,527,"[[25, [1, 49, 1, 1, 1]], [27, [4, 1, 2, 1, 1]], [29, [8, 3, 3]], [56, 2], [62, 0], [68, 2], [95, 3]]",[9.654544340243502e-06]
layer_5,528,"[[25, [49, 1, 1, 1, 1]], [27, [1, 4, 2, 1, 1]], [29, [8, 9, 1]], [56, 0], [62, 0], [68, 3], [95, 3]]",[9.74072022046726e-06]
layer_5,529,"[[25, [7, 7, 1, 1, 1]], [27, [4, 1, 2, 1, 1]], [29, [8, 9, 1]], [56, 2], [62, 0], [68, 2], [95, 2]]",[9.594355420543005e-06]
layer_5,530,"[[25, [7, 7, 1, 1, 1]], [27, [4, 1, 2, 1, 1]], [29, [8, 9, 1]], [56, 1], [62, 0], [68, 2], [95, 2]]",[9.679243436754177e-06]
layer_5,531,"[[25, [49, 1, 1, 1, 1]], [27, [1, 4, 2, 1, 1]], [29, [8, 9, 1]], [56, 2], [62, 1], [68, 2], [95, 3]]",[9.882562369470286e-06]
layer_5,532,"[[25, [49, 1, 1, 1, 1]], [27, [1, 4, 2, 1, 1]], [29, [8, 3, 3]], [56, 2], [62, 1], [68, 2], [95, 3]]",[9.652079931649895e-06]
layer_5,533,"[[25, [49, 1, 1, 1, 1]], [27, [1, 4, 2, 1, 1]], [29, [8, 9, 1]], [56, 1], [62, 1], [68, 2], [95, 2]]",[9.833631563421829e-06]
layer_5,534,"[[25, [49, 1, 1, 1, 1]], [27, [4, 1, 2, 1, 1]], [29, [8, 9, 1]], [56, 1], [62, 1], [68, 2], [95, 2]]",[9.73490165179419e-06]
layer_5,535,"[[25, [7, 7, 1, 1, 1]], [27, [1, 4, 2, 1, 1]], [29, [8, 3, 3]], [56, 0], [62, 0], [68, 3], [95, 3]]",[1.0506935731915701e-05]
layer_5,536,"[[25, [49, 1, 1, 1, 1]], [27, [1, 4, 2, 1, 1]], [29, [8, 3, 3]], [56, 2], [62, 1], [68, 3], [95, 2]]",[1.0493326846402126e-05]
layer_5,537,"[[25, [49, 1, 1, 1, 1]], [27, [1, 4, 2, 1, 1]], [29, [8, 3, 3]], [56, 2], [62, 1], [68, 3], [95, 3]]",[1.0495756692614392e-05]
layer_5,538,"[[25, [49, 1, 1, 1, 1]], [27, [1, 4, 2, 1, 1]], [29, [8, 9, 1]], [56, 2], [62, 1], [68, 3], [95, 3]]",[1.0493482147603437e-05]
layer_5,539,"[[25, [49, 1, 1, 1, 1]], [27, [1, 4, 2, 1, 1]], [29, [8, 9, 1]], [56, 0], [62, 1], [68, 2], [95, 3]]",[1.0249855544587037e-05]
layer_5,540,"[[25, [7, 7, 1, 1, 1]], [27, [1, 4, 2, 1, 1]], [29, [8, 3, 3]], [56, 2], [62, 1], [68, 3], [95, 2]]",[1.0418714538850003e-05]
layer_5,541,"[[25, [49, 1, 1, 1, 1]], [27, [1, 4, 2, 1, 1]], [29, [8, 9, 1]], [56, 1], [62, 1], [68, 3], [95, 3]]",[1.0840501018871267e-05]
layer_5,542,"[[25, [7, 7, 1, 1, 1]], [27, [1, 4, 2, 1, 1]], [29, [8, 9, 1]], [56, 2], [62, 1], [68, 3], [95, 3]]",[1.0529179323612798e-05]
layer_5,543,"[[25, [7, 7, 1, 1, 1]], [27, [1, 4, 2, 1, 1]], [29, [8, 9, 1]], [56, 2], [62, 2], [68, 2], [95, 3]]",[1.0892032338088065e-05]
layer_5,544,"[[25, [7, 7, 1, 1, 1]], [27, [1, 4, 2, 1, 1]], [29, [8, 3, 3]], [56, 2], [62, 0], [68, 1], [95, 3]]",[1.0549190664236534e-05]
layer_5,545,"[[25, [49, 1, 1, 1, 1]], [27, [4, 1, 2, 1, 1]], [29, [8, 9, 1]], [56, 1], [62, 1], [68, 3], [95, 2]]",[1.1101351338522878e-05]
layer_5,546,"[[25, [7, 7, 1, 1, 1]], [27, [1, 4, 2, 1, 1]], [29, [8, 3, 3]], [56, 1], [62, 1], [68, 3], [95, 3]]",[1.0531460611583637e-05]
layer_5,547,"[[25, [7, 7, 1, 1, 1]], [27, [1, 4, 2, 1, 1]], [29, [8, 9, 1]], [56, 1], [62, 1], [68, 3], [95, 3]]",[1.1255798697137975e-05]
layer_5,548,"[[25, [49, 1, 1, 1, 1]], [27, [4, 1, 2, 1, 1]], [29, [8, 3, 3]], [56, 2], [62, 2], [68, 2], [95, 3]]",[1.1579497557268485e-05]
layer_5,549,"[[25, [49, 1, 1, 1, 1]], [27, [4, 1, 2, 1, 1]], [29, [8, 9, 1]], [56, 2], [62, 2], [68, 2], [95, 3]]",[1.0858692486836777e-05]
layer_5,550,"[[25, [49, 1, 1, 1, 1]], [27, [4, 1, 2, 1, 1]], [29, [8, 9, 1]], [56, 2], [62, 0], [68, 1], [95, 3]]",[1.066676417577967e-05]
layer_5,551,"[[25, [49, 1, 1, 1, 1]], [27, [1, 4, 2, 1, 1]], [29, [8, 3, 3]], [56, 0], [62, 1], [68, 3], [95, 2]]",[1.0867218189720743e-05]
layer_5,552,"[[25, [1, 49, 1, 1, 1]], [27, [4, 1, 2, 1, 1]], [29, [8, 9, 1]], [56, 1], [62, 1], [68, 2], [95, 2]]",[1.0318929476388766e-05]
layer_5,553,"[[25, [49, 1, 1, 1, 1]], [27, [1, 4, 2, 1, 1]], [29, [8, 9, 1]], [56, 0], [62, 1], [68, 3], [95, 3]]",[1.0865846800324018e-05]
layer_5,554,"[[25, [49, 1, 1, 1, 1]], [27, [4, 1, 2, 1, 1]], [29, [8, 9, 1]], [56, 1], [62, 2], [68, 2], [95, 2]]",[1.0954603212245338e-05]
layer_5,555,"[[25, [49, 1, 1, 1, 1]], [27, [1, 4, 2, 1, 1]], [29, [8, 9, 1]], [56, 2], [62, 2], [68, 2], [95, 2]]",[1.0872052971330928e-05]
layer_5,556,"[[25, [1, 49, 1, 1, 1]], [27, [2, 2, 2, 1, 1]], [29, [8, 3, 3]], [56, 2], [62, 1], [68, 3], [95, 3]]",[1.0741088525217724e-05]
layer_5,557,"[[25, [7, 7, 1, 1, 1]], [27, [2, 2, 2, 1, 1]], [29, [8, 3, 3]], [56, 1], [62, 0], [68, 2], [95, 2]]",[1.2197252648365416e-05]
layer_5,558,"[[25, [1, 49, 1, 1, 1]], [27, [2, 2, 2, 1, 1]], [29, [8, 9, 1]], [56, 2], [62, 1], [68, 3], [95, 2]]",[1.0741348583262732e-05]
layer_5,559,"[[25, [49, 1, 1, 1, 1]], [27, [1, 4, 2, 1, 1]], [29, [8, 3, 3]], [56, 1], [62, 0], [68, 1], [95, 3]]",[1.0684147807100816e-05]
layer_5,560,"[[25, [49, 1, 1, 1, 1]], [27, [2, 2, 2, 1, 1]], [29, [8, 9, 1]], [56, 2], [62, 0], [68, 1], [95, 3]]",[1.1269063797740721e-05]
layer_5,561,"[[25, [49, 1, 1, 1, 1]], [27, [2, 2, 2, 1, 1]], [29, [8, 9, 1]], [56, 2], [62, 0], [68, 1], [95, 2]]",[1.1270746753246753e-05]
layer_5,562,"[[25, [1, 49, 1, 1, 1]], [27, [1, 4, 2, 1, 1]], [29, [8, 3, 3]], [56, 2], [62, 0], [68, 2], [95, 2]]",[8.721942497532083e-06]
layer_5,563,"[[25, [1, 49, 1, 1, 1]], [27, [1, 4, 2, 1, 1]], [29, [8, 9, 1]], [56, 2], [62, 0], [68, 2], [95, 2]]",[8.894656293392143e-06]
layer_5,564,"[[25, [1, 49, 1, 1, 1]], [27, [4, 1, 2, 1, 1]], [29, [8, 3, 3]], [56, 2], [62, 0], [68, 1], [95, 3]]",[1.1433286692666223e-05]
layer_5,565,"[[25, [7, 7, 1, 1, 1]], [27, [1, 4, 2, 1, 1]], [29, [8, 9, 1]], [56, 0], [62, 1], [68, 3], [95, 3]]",[1.0897813651034744e-05]
layer_5,566,"[[25, [7, 7, 1, 1, 1]], [27, [2, 2, 2, 1, 1]], [29, [8, 9, 1]], [56, 1], [62, 0], [68, 2], [95, 3]]",[9.84027093115974e-06]
layer_5,567,"[[25, [7, 7, 1, 1, 1]], [27, [1, 4, 2, 1, 1]], [29, [8, 9, 1]], [56, 2], [62, 0], [68, 0], [95, 3]]",[1.5452822192834815e-05]
layer_5,568,"[[25, [7, 7, 1, 1, 1]], [27, [1, 4, 2, 1, 1]], [29, [8, 9, 1]], [56, 0], [62, 2], [68, 2], [95, 3]]",[1.1206251697381183e-05]
layer_5,569,"[[25, [1, 49, 1, 1, 1]], [27, [1, 4, 2, 1, 1]], [29, [8, 9, 1]], [56, 2], [62, 0], [68, 2], [95, 3]]",[8.89502684683083e-06]
layer_5,570,"[[25, [49, 1, 1, 1, 1]], [27, [1, 4, 2, 1, 1]], [29, [8, 3, 3]], [56, 1], [62, 2], [68, 2], [95, 3]]",[1.0948813125336202e-05]
layer_5,571,"[[25, [49, 1, 1, 1, 1]], [27, [4, 1, 2, 1, 1]], [29, [8, 9, 1]], [56, 0], [62, 2], [68, 2], [95, 3]]",[1.1196577622377622e-05]
layer_5,572,"[[25, [49, 1, 1, 1, 1]], [27, [4, 1, 2, 1, 1]], [29, [8, 3, 3]], [56, 0], [62, 2], [68, 2], [95, 3]]",[1.1195662046705905e-05]
layer_5,573,"[[25, [49, 1, 1, 1, 1]], [27, [1, 2, 4, 1, 1]], [29, [36, 1, 2]], [56, 2], [62, 3], [68, 0], [95, 4]]",[7.23902669264491e-05]
layer_5,574,"[[25, [1, 7, 1, 7, 1]], [27, [2, 1, 2, 1, 2]], [29, [36, 2, 1]], [56, 2], [62, 2], [68, 0], [95, 4]]",[0.00011963101311728396]
layer_5,575,"[[25, [7, 1, 7, 1, 1]], [27, [2, 1, 1, 4, 1]], [29, [72, 1, 1]], [56, 0], [62, 0], [68, 3], [95, 1]]",[10000000000]
layer_5,576,"[[25, [1, 49, 1, 1, 1]], [27, [1, 4, 2, 1, 1]], [29, [8, 3, 3]], [56, 2], [62, 0], [68, 2], [95, 3]]",[9.272013165214167e-06]
layer_5,577,"[[25, [49, 1, 1, 1, 1]], [27, [1, 4, 2, 1, 1]], [29, [8, 3, 3]], [56, 2], [62, 0], [68, 2], [95, 2]]",[8.727892499191723e-06]
layer_5,578,"[[25, [49, 1, 1, 1, 1]], [27, [1, 4, 2, 1, 1]], [29, [8, 3, 3]], [56, 1], [62, 0], [68, 2], [95, 2]]",[8.852154023191998e-06]
layer_5,579,"[[25, [1, 49, 1, 1, 1]], [27, [1, 4, 2, 1, 1]], [29, [8, 3, 3]], [56, 2], [62, 0], [68, 3], [95, 2]]",[9.311240201098592e-06]
layer_5,580,"[[25, [1, 49, 1, 1, 1]], [27, [1, 4, 2, 1, 1]], [29, [8, 9, 1]], [56, 2], [62, 0], [68, 3], [95, 2]]",[9.312202327746742e-06]
layer_5,581,"[[25, [7, 7, 1, 1, 1]], [27, [1, 4, 2, 1, 1]], [29, [8, 3, 3]], [56, 1], [62, 0], [68, 2], [95, 2]]",[9.22180802699343e-06]
layer_5,582,"[[25, [7, 7, 1, 1, 1]], [27, [1, 4, 2, 1, 1]], [29, [8, 9, 1]], [56, 1], [62, 0], [68, 2], [95, 2]]",[8.889121998759635e-06]
layer_5,583,"[[25, [7, 7, 1, 1, 1]], [27, [1, 4, 2, 1, 1]], [29, [8, 3, 3]], [56, 1], [62, 0], [68, 2], [95, 3]]",[8.878710348798946e-06]
layer_5,584,"[[25, [49, 1, 1, 1, 1]], [27, [1, 4, 2, 1, 1]], [29, [8, 3, 3]], [56, 0], [62, 0], [68, 2], [95, 3]]",[9.182509413948556e-06]
layer_5,585,"[[25, [7, 7, 1, 1, 1]], [27, [1, 4, 2, 1, 1]], [29, [8, 3, 3]], [56, 0], [62, 0], [68, 2], [95, 2]]",[9.212791191886966e-06]
layer_5,586,"[[25, [1, 49, 1, 1, 1]], [27, [1, 4, 2, 1, 1]], [29, [8, 3, 3]], [56, 1], [62, 0], [68, 2], [95, 3]]",[8.791425872220758e-06]
layer_5,587,"[[25, [1, 49, 1, 1, 1]], [27, [1, 4, 2, 1, 1]], [29, [8, 9, 1]], [56, 1], [62, 0], [68, 2], [95, 3]]",[9.012168456189152e-06]
layer_5,588,"[[25, [49, 1, 1, 1, 1]], [27, [1, 4, 2, 1, 1]], [29, [8, 3, 3]], [56, 1], [62, 0], [68, 3], [95, 2]]",[9.27727028972467e-06]
layer_5,589,"[[25, [49, 1, 1, 1, 1]], [27, [4, 1, 2, 1, 1]], [29, [8, 9, 1]], [56, 2], [62, 0], [68, 3], [95, 2]]",[9.330728867325993e-06]
layer_5,590,"[[25, [1, 49, 1, 1, 1]], [27, [1, 4, 2, 1, 1]], [29, [8, 3, 3]], [56, 0], [62, 0], [68, 2], [95, 2]]",[9.183191774534106e-06]
layer_5,591,"[[25, [1, 49, 1, 1, 1]], [27, [1, 4, 2, 1, 1]], [29, [8, 3, 3]], [56, 2], [62, 1], [68, 2], [95, 2]]",[9.797993266589882e-06]
layer_5,592,"[[25, [1, 49, 1, 1, 1]], [27, [4, 1, 2, 1, 1]], [29, [8, 9, 1]], [56, 2], [62, 0], [68, 2], [95, 2]]",[9.753470226725355e-06]
layer_5,593,"[[25, [7, 7, 1, 1, 1]], [27, [4, 1, 2, 1, 1]], [29, [8, 9, 1]], [56, 2], [62, 0], [68, 2], [95, 3]]",[9.606696775255018e-06]
layer_5,594,"[[25, [7, 7, 1, 1, 1]], [27, [4, 1, 2, 1, 1]], [29, [8, 3, 3]], [56, 2], [62, 0], [68, 2], [95, 3]]",[9.613049232796762e-06]
layer_5,595,"[[25, [7, 7, 1, 1, 1]], [27, [4, 1, 2, 1, 1]], [29, [8, 9, 1]], [56, 1], [62, 0], [68, 2], [95, 3]]",[9.691196537678208e-06]
layer_5,596,"[[25, [7, 7, 1, 1, 1]], [27, [1, 4, 2, 1, 1]], [29, [8, 3, 3]], [56, 1], [62, 0], [68, 3], [95, 2]]",[9.842587440671778e-06]
layer_5,597,"[[25, [7, 7, 1, 1, 1]], [27, [1, 4, 2, 1, 1]], [29, [8, 3, 3]], [56, 2], [62, 1], [68, 2], [95, 3]]",[1.365522631865144e-05]
layer_5,598,"[[25, [7, 7, 1, 1, 1]], [27, [1, 4, 2, 1, 1]], [29, [8, 9, 1]], [56, 2], [62, 1], [68, 2], [95, 3]]",[9.870419437340153e-06]
layer_5,599,"[[25, [49, 1, 1, 1, 1]], [27, [1, 4, 2, 1, 1]], [29, [8, 3, 3]], [56, 2], [62, 1], [68, 2], [95, 2]]",[9.65151090523065e-06]
layer_5,600,"[[25, [7, 7, 1, 1, 1]], [27, [4, 1, 2, 1, 1]], [29, [8, 3, 3]], [56, 0], [62, 0], [68, 2], [95, 3]]",[1.0031142376184992e-05]
layer_5,601,"[[25, [49, 1, 1, 1, 1]], [27, [1, 4, 2, 1, 1]], [29, [8, 3, 3]], [56, 1], [62, 1], [68, 2], [95, 2]]",[9.746011694870205e-06]
layer_5,602,"[[25, [7, 7, 1, 1, 1]], [27, [4, 1, 2, 1, 1]], [29, [8, 9, 1]], [56, 0], [62, 0], [68, 2], [95, 2]]",[1.002335137769115e-05]
layer_5,603,"[[25, [7, 7, 1, 1, 1]], [27, [1, 4, 2, 1, 1]], [29, [8, 3, 3]], [56, 1], [62, 1], [68, 2], [95, 3]]",[1.3734127691080988e-05]
layer_5,604,"[[25, [1, 49, 1, 1, 1]], [27, [1, 4, 2, 1, 1]], [29, [8, 9, 1]], [56, 2], [62, 1], [68, 3], [95, 3]]",[1.0789328365293336e-05]
layer_5,605,"[[25, [49, 1, 1, 1, 1]], [27, [1, 4, 2, 1, 1]], [29, [8, 9, 1]], [56, 1], [62, 1], [68, 2], [95, 3]]",[9.810909565428502e-06]
layer_5,606,"[[25, [1, 49, 1, 1, 1]], [27, [1, 4, 2, 1, 1]], [29, [8, 3, 3]], [56, 2], [62, 0], [68, 1], [95, 2]]",[1.0676541674577558e-05]
layer_5,607,"[[25, [1, 49, 1, 1, 1]], [27, [1, 4, 2, 1, 1]], [29, [8, 3, 3]], [56, 1], [62, 1], [68, 2], [95, 2]]",[9.730171924411878e-06]
layer_5,608,"[[25, [1, 49, 1, 1, 1]], [27, [1, 4, 2, 1, 1]], [29, [8, 9, 1]], [56, 1], [62, 1], [68, 2], [95, 3]]",[9.729294747081711e-06]
layer_5,609,"[[25, [49, 1, 1, 1, 1]], [27, [1, 4, 2, 1, 1]], [29, [8, 3, 3]], [56, 0], [62, 1], [68, 2], [95, 2]]",[1.0048553363397218e-05]
layer_5,610,"[[25, [7, 7, 1, 1, 1]], [27, [1, 4, 2, 1, 1]], [29, [8, 3, 3]], [56, 0], [62, 1], [68, 2], [95, 3]]",[1.417713395603144e-05]
layer_5,611,"[[25, [7, 7, 1, 1, 1]], [27, [4, 1, 2, 1, 1]], [29, [8, 3, 3]], [56, 1], [62, 0], [68, 3], [95, 3]]",[1.0414361115736886e-05]
layer_5,612,"[[25, [7, 7, 1, 1, 1]], [27, [4, 1, 2, 1, 1]], [29, [8, 9, 1]], [56, 1], [62, 1], [68, 2], [95, 2]]",[1.0431015473704197e-05]
layer_5,613,"[[25, [7, 7, 1, 1, 1]], [27, [4, 1, 2, 1, 1]], [29, [8, 3, 3]], [56, 1], [62, 1], [68, 2], [95, 3]]",[1.0583065976836909e-05]
layer_5,614,"[[25, [7, 7, 1, 1, 1]], [27, [4, 1, 2, 1, 1]], [29, [8, 9, 1]], [56, 1], [62, 1], [68, 2], [95, 3]]",[1.0431307385608505e-05]
layer_5,615,"[[25, [1, 49, 1, 1, 1]], [27, [4, 1, 2, 1, 1]], [29, [8, 9, 1]], [56, 2], [62, 1], [68, 2], [95, 2]]",[1.065824276077657e-05]
layer_5,616,"[[25, [1, 49, 1, 1, 1]], [27, [4, 1, 2, 1, 1]], [29, [8, 9, 1]], [56, 0], [62, 0], [68, 3], [95, 2]]",[1.0619892633377636e-05]
layer_5,617,"[[25, [49, 1, 1, 1, 1]], [27, [1, 4, 2, 1, 1]], [29, [8, 9, 1]], [56, 1], [62, 1], [68, 3], [95, 2]]",[1.0852046577561766e-05]
layer_5,618,"[[25, [7, 7, 1, 1, 1]], [27, [1, 4, 2, 1, 1]], [29, [8, 3, 3]], [56, 2], [62, 0], [68, 1], [95, 2]]",[1.0559231685348278e-05]
layer_5,619,"[[25, [49, 1, 1, 1, 1]], [27, [4, 1, 2, 1, 1]], [29, [8, 9, 1]], [56, 2], [62, 1], [68, 3], [95, 3]]",[1.1090967533700399e-05]
layer_5,620,"[[25, [49, 1, 1, 1, 1]], [27, [4, 1, 2, 1, 1]], [29, [8, 3, 3]], [56, 2], [62, 1], [68, 3], [95, 3]]",[1.0333788829821304e-05]
layer_5,621,"[[25, [7, 7, 1, 1, 1]], [27, [1, 4, 2, 1, 1]], [29, [8, 9, 1]], [56, 2], [62, 2], [68, 2], [95, 2]]",[1.0903916806946044e-05]
layer_5,622,"[[25, [49, 1, 1, 1, 1]], [27, [4, 1, 2, 1, 1]], [29, [8, 3, 3]], [56, 2], [62, 0], [68, 1], [95, 2]]",[1.0676737343053868e-05]
layer_5,623,"[[25, [49, 1, 1, 1, 1]], [27, [4, 1, 2, 1, 1]], [29, [8, 9, 1]], [56, 2], [62, 0], [68, 1], [95, 2]]",[1.0676954433263718e-05]
layer_5,624,"[[25, [7, 7, 1, 1, 1]], [27, [4, 1, 2, 1, 1]], [29, [8, 3, 3]], [56, 0], [62, 0], [68, 3], [95, 3]]",[1.0722470304459692e-05]
layer_5,625,"[[25, [7, 7, 1, 1, 1]], [27, [4, 1, 2, 1, 1]], [29, [8, 9, 1]], [56, 0], [62, 0], [68, 3], [95, 3]]",[1.0724004082020127e-05]
layer_5,626,"[[25, [1, 49, 1, 1, 1]], [27, [1, 4, 2, 1, 1]], [29, [8, 9, 1]], [56, 0], [62, 1], [68, 2], [95, 3]]",[1.0163458144796381e-05]
layer_5,627,"[[25, [7, 7, 1, 1, 1]], [27, [4, 1, 2, 1, 1]], [29, [8, 3, 3]], [56, 0], [62, 1], [68, 2], [95, 3]]",[1.0651632037262049e-05]
layer_5,628,"[[25, [49, 1, 1, 1, 1]], [27, [1, 4, 2, 1, 1]], [29, [8, 3, 3]], [56, 2], [62, 0], [68, 1], [95, 2]]",[1.0783206853996581e-05]
layer_5,629,"[[25, [49, 1, 1, 1, 1]], [27, [1, 4, 2, 1, 1]], [29, [8, 3, 3]], [56, 2], [62, 0], [68, 1], [95, 3]]",[1.0782800921414015e-05]
layer_5,630,"[[25, [7, 7, 1, 1, 1]], [27, [1, 4, 2, 1, 1]], [29, [8, 9, 1]], [56, 1], [62, 0], [68, 1], [95, 2]]",[1.0432965616339935e-05]
layer_5,631,"[[25, [7, 7, 1, 1, 1]], [27, [1, 4, 2, 1, 1]], [29, [8, 3, 3]], [56, 1], [62, 0], [68, 1], [95, 2]]",[1.0432847161572053e-05]
layer_5,632,"[[25, [49, 1, 1, 1, 1]], [27, [1, 4, 2, 1, 1]], [29, [8, 3, 3]], [56, 1], [62, 0], [68, 1], [95, 2]]",[1.0687087091344024e-05]
layer_5,633,"[[25, [49, 1, 1, 1, 1]], [27, [4, 1, 2, 1, 1]], [29, [8, 9, 1]], [56, 1], [62, 0], [68, 1], [95, 3]]",[1.0683443784885265e-05]
layer_5,634,"[[25, [7, 7, 1, 1, 1]], [27, [2, 2, 2, 1, 1]], [29, [8, 3, 3]], [56, 1], [62, 1], [68, 3], [95, 2]]",[1.1744388649631544e-05]
layer_5,635,"[[25, [49, 1, 1, 1, 1]], [27, [1, 4, 2, 1, 1]], [29, [8, 9, 1]], [56, 2], [62, 2], [68, 2], [95, 3]]",[1.0879732390355042e-05]
layer_5,636,"[[25, [49, 1, 1, 1, 1]], [27, [2, 2, 2, 1, 1]], [29, [8, 9, 1]], [56, 2], [62, 2], [68, 2], [95, 2]]",[1.0905881906208468e-05]
layer_5,637,"[[25, [49, 1, 1, 1, 1]], [27, [1, 2, 1, 2, 2]], [29, [18, 4, 1]], [56, 2], [62, 2], [68, 2], [95, 2]]",[3.631770933540212e-05]
layer_5,638,"[[25, [1, 7, 1, 7, 1]], [27, [1, 2, 2, 1, 2]], [29, [24, 3, 1]], [56, 1], [62, 1], [68, 2], [95, 4]]",[8.556318161308517e-05]
layer_5,639,"[[25, [49, 1, 1, 1, 1]], [27, [1, 2, 2, 1, 2]], [29, [12, 6, 1]], [56, 1], [62, 1], [68, 2], [95, 0]]",[5.237440967629655e-05]
layer_5,640,"[[25, [1, 49, 1, 1, 1]], [27, [1, 4, 2, 1, 1]], [29, [8, 3, 3]], [56, 1], [62, 0], [68, 2], [95, 2]]",[9.401260742447063e-06]
layer_5,641,"[[25, [7, 7, 1, 1, 1]], [27, [1, 4, 2, 1, 1]], [29, [8, 9, 1]], [56, 2], [62, 0], [68, 2], [95, 2]]",[8.851672342875946e-06]
layer_5,642,"[[25, [1, 49, 1, 1, 1]], [27, [1, 4, 2, 1, 1]], [29, [8, 9, 1]], [56, 0], [62, 0], [68, 2], [95, 2]]",[9.199901475595914e-06]
layer_5,643,"[[25, [1, 49, 1, 1, 1]], [27, [1, 4, 2, 1, 1]], [29, [8, 3, 3]], [56, 1], [62, 0], [68, 3], [95, 2]]",[9.43088996049268e-06]
layer_5,644,"[[25, [1, 49, 1, 1, 1]], [27, [1, 4, 2, 1, 1]], [29, [8, 9, 1]], [56, 1], [62, 0], [68, 3], [95, 2]]",[9.431568087179942e-06]
layer_5,645,"[[25, [1, 49, 1, 1, 1]], [27, [1, 4, 2, 1, 1]], [29, [8, 9, 1]], [56, 0], [62, 0], [68, 2], [95, 3]]",[9.202087026019003e-06]
layer_5,646,"[[25, [1, 49, 1, 1, 1]], [27, [1, 4, 2, 1, 1]], [29, [8, 3, 3]], [56, 0], [62, 0], [68, 2], [95, 3]]",[9.197673429609284e-06]
layer_5,647,"[[25, [7, 7, 1, 1, 1]], [27, [1, 4, 2, 1, 1]], [29, [8, 9, 1]], [56, 0], [62, 0], [68, 2], [95, 2]]",[9.216588547008547e-06]
layer_5,648,"[[25, [1, 49, 1, 1, 1]], [27, [1, 4, 2, 1, 1]], [29, [8, 3, 3]], [56, 2], [62, 0], [68, 3], [95, 3]]",[9.306270133782227e-06]
layer_5,649,"[[25, [1, 49, 1, 1, 1]], [27, [1, 4, 2, 1, 1]], [29, [8, 9, 1]], [56, 2], [62, 0], [68, 3], [95, 3]]",[9.30638762750905e-06]
layer_5,650,"[[25, [1, 49, 1, 1, 1]], [27, [1, 4, 2, 1, 1]], [29, [8, 9, 1]], [56, 0], [62, 0], [68, 3], [95, 2]]",[1.0259106303580433e-05]
layer_5,651,"[[25, [1, 49, 1, 1, 1]], [27, [1, 4, 2, 1, 1]], [29, [8, 3, 3]], [56, 0], [62, 0], [68, 3], [95, 2]]",[1.0259415167892265e-05]
layer_5,652,"[[25, [49, 1, 1, 1, 1]], [27, [1, 4, 2, 1, 1]], [29, [8, 3, 3]], [56, 0], [62, 0], [68, 3], [95, 3]]",[9.774405510764597e-06]
layer_5,653,"[[25, [1, 49, 1, 1, 1]], [27, [1, 4, 2, 1, 1]], [29, [8, 3, 3]], [56, 1], [62, 1], [68, 2], [95, 3]]",[9.71731944180748e-06]
layer_5,654,"[[25, [1, 49, 1, 1, 1]], [27, [1, 4, 2, 1, 1]], [29, [8, 9, 1]], [56, 0], [62, 0], [68, 3], [95, 3]]",[1.0259441712549839e-05]
layer_5,655,"[[25, [1, 49, 1, 1, 1]], [27, [1, 4, 2, 1, 1]], [29, [8, 3, 3]], [56, 0], [62, 0], [68, 3], [95, 3]]",[1.02610480963953e-05]
layer_5,656,"[[25, [1, 49, 1, 1, 1]], [27, [1, 4, 2, 1, 1]], [29, [8, 9, 1]], [56, 0], [62, 1], [68, 2], [95, 2]]",[1.0183315074995253e-05]
layer_5,657,"[[25, [49, 1, 1, 1, 1]], [27, [1, 4, 2, 1, 1]], [29, [8, 3, 3]], [56, 1], [62, 1], [68, 2], [95, 3]]",[9.740132997911524e-06]
layer_5,658,"[[25, [49, 1, 1, 1, 1]], [27, [1, 4, 2, 1, 1]], [29, [8, 9, 1]], [56, 0], [62, 1], [68, 2], [95, 2]]",[1.0193729352207743e-05]
layer_5,659,"[[25, [1, 49, 1, 1, 1]], [27, [1, 4, 2, 1, 1]], [29, [8, 9, 1]], [56, 2], [62, 1], [68, 3], [95, 2]]",[1.0284992310613252e-05]
layer_5,660,"[[25, [7, 7, 1, 1, 1]], [27, [4, 1, 2, 1, 1]], [29, [8, 3, 3]], [56, 2], [62, 0], [68, 3], [95, 2]]",[1.0175216918238993e-05]
layer_5,661,"[[25, [1, 49, 1, 1, 1]], [27, [1, 4, 2, 1, 1]], [29, [8, 3, 3]], [56, 1], [62, 0], [68, 1], [95, 3]]",[1.0632608086469176e-05]
layer_5,662,"[[25, [1, 49, 1, 1, 1]], [27, [1, 4, 2, 1, 1]], [29, [8, 9, 1]], [56, 1], [62, 0], [68, 1], [95, 3]]",[1.0635052211824754e-05]
layer_5,663,"[[25, [7, 7, 1, 1, 1]], [27, [1, 4, 2, 1, 1]], [29, [8, 9, 1]], [56, 2], [62, 1], [68, 2], [95, 2]]",[9.863459619366926e-06]
layer_5,664,"[[25, [7, 7, 1, 1, 1]], [27, [1, 4, 2, 1, 1]], [29, [8, 3, 3]], [56, 2], [62, 1], [68, 2], [95, 2]]",[1.3585296225054099e-05]
layer_5,665,"[[25, [7, 7, 1, 1, 1]], [27, [4, 1, 2, 1, 1]], [29, [8, 9, 1]], [56, 1], [62, 0], [68, 3], [95, 3]]",[1.0262005772133913e-05]
layer_5,666,"[[25, [49, 1, 1, 1, 1]], [27, [1, 4, 2, 1, 1]], [29, [8, 9, 1]], [56, 2], [62, 1], [68, 3], [95, 2]]",[1.0421176513493799e-05]
layer_5,667,"[[25, [1, 49, 1, 1, 1]], [27, [1, 4, 2, 1, 1]], [29, [8, 9, 1]], [56, 2], [62, 0], [68, 1], [95, 3]]",[1.0616613762590605e-05]
layer_5,668,"[[25, [7, 7, 1, 1, 1]], [27, [1, 4, 2, 1, 1]], [29, [8, 3, 3]], [56, 1], [62, 1], [68, 2], [95, 2]]",[1.3658245887117186e-05]
layer_5,669,"[[25, [7, 7, 1, 1, 1]], [27, [1, 4, 2, 1, 1]], [29, [8, 9, 1]], [56, 1], [62, 1], [68, 2], [95, 2]]",[1.0116854859917063e-05]
layer_5,670,"[[25, [7, 7, 1, 1, 1]], [27, [4, 1, 2, 1, 1]], [29, [8, 3, 3]], [56, 1], [62, 1], [68, 2], [95, 2]]",[1.0522849039588781e-05]
layer_5,671,"[[25, [7, 7, 1, 1, 1]], [27, [1, 4, 2, 1, 1]], [29, [8, 9, 1]], [56, 2], [62, 0], [68, 1], [95, 2]]",[1.0537301674492779e-05]
layer_5,672,"[[25, [49, 1, 1, 1, 1]], [27, [1, 4, 2, 1, 1]], [29, [8, 3, 3]], [56, 1], [62, 1], [68, 3], [95, 3]]",[1.0813181979268185e-05]
layer_5,673,"[[25, [1, 49, 1, 1, 1]], [27, [4, 1, 2, 1, 1]], [29, [8, 9, 1]], [56, 1], [62, 1], [68, 2], [95, 3]]",[1.0302449349920494e-05]
layer_5,674,"[[25, [49, 1, 1, 1, 1]], [27, [1, 4, 2, 1, 1]], [29, [8, 9, 1]], [56, 0], [62, 1], [68, 3], [95, 2]]",[1.0904083066453163e-05]
layer_5,675,"[[25, [49, 1, 1, 1, 1]], [27, [1, 4, 2, 1, 1]], [29, [8, 9, 1]], [56, 1], [62, 0], [68, 1], [95, 2]]",[1.066441456236947e-05]
layer_5,676,"[[25, [49, 1, 1, 1, 1]], [27, [1, 4, 2, 1, 1]], [29, [8, 3, 3]], [56, 2], [62, 2], [68, 2], [95, 2]]",[1.0888092557433074e-05]
layer_5,677,"[[25, [49, 1, 1, 1, 1]], [27, [4, 1, 2, 1, 1]], [29, [8, 3, 3]], [56, 2], [62, 2], [68, 2], [95, 2]]",[1.088974530093032e-05]
layer_5,678,"[[25, [7, 7, 1, 1, 1]], [27, [1, 4, 2, 1, 1]], [29, [8, 3, 3]], [56, 2], [62, 2], [68, 2], [95, 2]]",[1.0907114013770758e-05]
layer_5,679,"[[25, [7, 7, 1, 1, 1]], [27, [1, 4, 2, 1, 1]], [29, [8, 3, 3]], [56, 0], [62, 1], [68, 2], [95, 2]]",[1.4091513603873645e-05]
layer_5,680,"[[25, [7, 7, 1, 1, 1]], [27, [1, 4, 2, 1, 1]], [29, [8, 9, 1]], [56, 0], [62, 1], [68, 2], [95, 2]]",[1.0281410860072147e-05]
layer_5,681,"[[25, [7, 7, 1, 1, 1]], [27, [4, 1, 2, 1, 1]], [29, [8, 9, 1]], [56, 0], [62, 1], [68, 2], [95, 3]]",[1.063881376805174e-05]
layer_5,682,"[[25, [49, 1, 1, 1, 1]], [27, [1, 4, 2, 1, 1]], [29, [8, 3, 3]], [56, 1], [62, 2], [68, 2], [95, 2]]",[1.095079210176571e-05]
layer_5,683,"[[25, [49, 1, 1, 1, 1]], [27, [1, 4, 2, 1, 1]], [29, [8, 9, 1]], [56, 1], [62, 2], [68, 2], [95, 2]]",[1.0952216788173348e-05]
layer_5,684,"[[25, [1, 49, 1, 1, 1]], [27, [4, 1, 2, 1, 1]], [29, [8, 9, 1]], [56, 2], [62, 1], [68, 3], [95, 3]]",[1.1135712874312487e-05]
layer_5,685,"[[25, [7, 7, 1, 1, 1]], [27, [1, 4, 2, 1, 1]], [29, [8, 9, 1]], [56, 1], [62, 2], [68, 2], [95, 2]]",[1.0982818848588364e-05]
layer_5,686,"[[25, [7, 7, 1, 1, 1]], [27, [1, 4, 2, 1, 1]], [29, [8, 9, 1]], [56, 0], [62, 0], [68, 1], [95, 2]]",[1.1631254455245038e-05]
layer_5,687,"[[25, [7, 7, 1, 1, 1]], [27, [1, 4, 2, 1, 1]], [29, [8, 3, 3]], [56, 0], [62, 0], [68, 1], [95, 3]]",[1.1648434898045879e-05]
layer_5,688,"[[25, [49, 1, 1, 1, 1]], [27, [1, 4, 2, 1, 1]], [29, [8, 3, 3]], [56, 2], [62, 2], [68, 2], [95, 3]]",[1.0887674581376804e-05]
layer_5,689,"[[25, [7, 7, 1, 1, 1]], [27, [1, 4, 2, 1, 1]], [29, [8, 3, 3]], [56, 2], [62, 2], [68, 2], [95, 3]]",[1.0908783282565849e-05]
layer_5,690,"[[25, [1, 49, 1, 1, 1]], [27, [1, 4, 2, 1, 1]], [29, [8, 9, 1]], [56, 2], [62, 2], [68, 2], [95, 2]]",[1.0877874139327664e-05]
layer_5,691,"[[25, [1, 49, 1, 1, 1]], [27, [1, 4, 2, 1, 1]], [29, [8, 3, 3]], [56, 2], [62, 2], [68, 2], [95, 2]]",[1.0888788589329789e-05]
layer_5,692,"[[25, [7, 7, 1, 1, 1]], [27, [4, 1, 2, 1, 1]], [29, [8, 3, 3]], [56, 1], [62, 1], [68, 3], [95, 3]]",[1.1542721463152233e-05]
layer_5,693,"[[25, [49, 1, 1, 1, 1]], [27, [4, 1, 2, 1, 1]], [29, [8, 3, 3]], [56, 0], [62, 0], [68, 1], [95, 2]]",[1.1295313183475092e-05]
layer_5,694,"[[25, [49, 1, 1, 1, 1]], [27, [1, 4, 2, 1, 1]], [29, [8, 3, 3]], [56, 0], [62, 0], [68, 1], [95, 2]]",[1.193256530984204e-05]
layer_5,695,"[[25, [49, 1, 1, 1, 1]], [27, [2, 2, 2, 1, 1]], [29, [8, 9, 1]], [56, 1], [62, 2], [68, 2], [95, 2]]",[1.0986269822485208e-05]
layer_5,696,"[[25, [49, 1, 1, 1, 1]], [27, [1, 4, 2, 1, 1]], [29, [8, 3, 3]], [56, 0], [62, 0], [68, 1], [95, 3]]",[1.1961078979343864e-05]
layer_5,697,"[[25, [7, 7, 1, 1, 1]], [27, [4, 1, 2, 1, 1]], [29, [8, 9, 1]], [56, 2], [62, 0], [68, 1], [95, 2]]",[1.1100883425099677e-05]
layer_5,698,"[[25, [7, 7, 1, 1, 1]], [27, [4, 1, 2, 1, 1]], [29, [8, 3, 3]], [56, 2], [62, 0], [68, 1], [95, 2]]",[1.1102370243607811e-05]
layer_5,699,"[[25, [49, 1, 1, 1, 1]], [27, [2, 2, 2, 1, 1]], [29, [8, 9, 1]], [56, 1], [62, 2], [68, 2], [95, 3]]",[1.0986211836626207e-05]
layer_5,700,"[[25, [7, 7, 1, 1, 1]], [27, [1, 4, 2, 1, 1]], [29, [8, 3, 3]], [56, 1], [62, 2], [68, 2], [95, 3]]",[1.0969324929121103e-05]
layer_5,701,"[[25, [7, 1, 1, 7, 1]], [27, [1, 1, 1, 8, 1]], [29, [24, 1, 3]], [56, 2], [62, 3], [68, 2], [95, 2]]",[0.0006638834439834025]
layer_5,702,"[[25, [7, 1, 1, 7, 1]], [27, [4, 1, 1, 1, 2]], [29, [18, 1, 4]], [56, 0], [62, 3], [68, 2], [95, 1]]",[6.270962473882156e-05]
layer_5,703,"[[25, [1, 49, 1, 1, 1]], [27, [1, 4, 1, 1, 2]], [29, [18, 1, 4]], [56, 1], [62, 1], [68, 0], [95, 0]]",[1.7025833290685776e-05]
layer_5,704,"[[25, [1, 49, 1, 1, 1]], [27, [1, 4, 2, 1, 1]], [29, [8, 9, 1]], [56, 1], [62, 0], [68, 2], [95, 2]]",[9.419060179409493e-06]
layer_5,705,"[[25, [1, 49, 1, 1, 1]], [27, [1, 4, 2, 1, 1]], [29, [8, 9, 1]], [56, 1], [62, 0], [68, 3], [95, 3]]",[9.392670266716755e-06]
layer_5,706,"[[25, [1, 49, 1, 1, 1]], [27, [1, 4, 2, 1, 1]], [29, [8, 3, 3]], [56, 1], [62, 0], [68, 3], [95, 3]]",[9.743014618587756e-06]
layer_5,707,"[[25, [1, 49, 1, 1, 1]], [27, [1, 4, 2, 1, 1]], [29, [8, 9, 1]], [56, 2], [62, 1], [68, 2], [95, 2]]",[9.771938389975318e-06]
layer_5,708,"[[25, [1, 49, 1, 1, 1]], [27, [1, 4, 2, 1, 1]], [29, [8, 3, 3]], [56, 2], [62, 1], [68, 2], [95, 3]]",[9.778396916806946e-06]
layer_5,709,"[[25, [1, 49, 1, 1, 1]], [27, [1, 4, 2, 1, 1]], [29, [8, 9, 1]], [56, 2], [62, 1], [68, 2], [95, 3]]",[9.777247996089933e-06]
layer_5,710,"[[25, [49, 1, 1, 1, 1]], [27, [1, 4, 2, 1, 1]], [29, [8, 9, 1]], [56, 2], [62, 1], [68, 2], [95, 2]]",[9.834809280377508e-06]
layer_5,711,"[[25, [7, 7, 1, 1, 1]], [27, [1, 4, 2, 1, 1]], [29, [8, 9, 1]], [56, 0], [62, 0], [68, 3], [95, 2]]",[1.0149401461932788e-05]
layer_5,712,"[[25, [7, 7, 1, 1, 1]], [27, [4, 1, 2, 1, 1]], [29, [8, 3, 3]], [56, 0], [62, 0], [68, 2], [95, 2]]",[9.97071279743558e-06]
layer_5,713,"[[25, [7, 7, 1, 1, 1]], [27, [4, 1, 2, 1, 1]], [29, [8, 9, 1]], [56, 0], [62, 0], [68, 2], [95, 3]]",[9.962580039618904e-06]
layer_5,714,"[[25, [49, 1, 1, 1, 1]], [27, [1, 4, 2, 1, 1]], [29, [8, 3, 3]], [56, 0], [62, 1], [68, 2], [95, 3]]",[1.0034518738371577e-05]
layer_5,715,"[[25, [1, 49, 1, 1, 1]], [27, [1, 4, 2, 1, 1]], [29, [8, 3, 3]], [56, 2], [62, 1], [68, 3], [95, 2]]",[1.029268691854946e-05]
layer_5,716,"[[25, [1, 49, 1, 1, 1]], [27, [1, 4, 2, 1, 1]], [29, [8, 3, 3]], [56, 2], [62, 1], [68, 3], [95, 3]]",[1.029171250110747e-05]
layer_5,717,"[[25, [1, 49, 1, 1, 1]], [27, [1, 4, 2, 1, 1]], [29, [8, 9, 1]], [56, 2], [62, 0], [68, 1], [95, 2]]",[1.0595642162818954e-05]
layer_5,718,"[[25, [49, 1, 1, 1, 1]], [27, [1, 4, 2, 1, 1]], [29, [8, 3, 3]], [56, 1], [62, 1], [68, 3], [95, 2]]",[1.0823501075671125e-05]
layer_5,719,"[[25, [1, 49, 1, 1, 1]], [27, [1, 4, 2, 1, 1]], [29, [8, 3, 3]], [56, 2], [62, 0], [68, 1], [95, 3]]",[1.0595204035237283e-05]
layer_5,720,"[[25, [1, 49, 1, 1, 1]], [27, [1, 4, 2, 1, 1]], [29, [8, 9, 1]], [56, 1], [62, 0], [68, 1], [95, 2]]",[1.0624856308411217e-05]
layer_5,721,"[[25, [1, 49, 1, 1, 1]], [27, [1, 4, 2, 1, 1]], [29, [8, 3, 3]], [56, 1], [62, 0], [68, 1], [95, 2]]",[1.0622911300121506e-05]
layer_5,722,"[[25, [7, 7, 1, 1, 1]], [27, [1, 4, 2, 1, 1]], [29, [8, 3, 3]], [56, 1], [62, 0], [68, 1], [95, 3]]",[1.041467248908297e-05]
layer_5,723,"[[25, [1, 49, 1, 1, 1]], [27, [1, 4, 2, 1, 1]], [29, [8, 3, 3]], [56, 0], [62, 1], [68, 3], [95, 3]]",[1.0682996903032892e-05]
layer_5,724,"[[25, [1, 49, 1, 1, 1]], [27, [1, 4, 2, 1, 1]], [29, [8, 9, 1]], [56, 0], [62, 1], [68, 3], [95, 3]]",[1.0681232010632238e-05]
layer_5,725,"[[25, [7, 7, 1, 1, 1]], [27, [2, 2, 2, 1, 1]], [29, [8, 9, 1]], [56, 2], [62, 1], [68, 3], [95, 3]]",[1.068667332763411e-05]
layer_5,726,"[[25, [49, 1, 1, 1, 1]], [27, [1, 4, 2, 1, 1]], [29, [8, 9, 1]], [56, 1], [62, 0], [68, 1], [95, 3]]",[1.0650805676855895e-05]
layer_5,727,"[[25, [1, 49, 1, 1, 1]], [27, [1, 4, 2, 1, 1]], [29, [8, 3, 3]], [56, 2], [62, 2], [68, 2], [95, 3]]",[1.0887674828599413e-05]
layer_5,728,"[[25, [1, 49, 1, 1, 1]], [27, [1, 4, 2, 1, 1]], [29, [8, 9, 1]], [56, 2], [62, 2], [68, 2], [95, 3]]",[1.0886791312272175e-05]
layer_5,729,"[[25, [1, 49, 1, 1, 1]], [27, [1, 4, 2, 1, 1]], [29, [8, 3, 3]], [56, 0], [62, 0], [68, 1], [95, 2]]",[1.1272651319536739e-05]
layer_5,730,"[[25, [1, 49, 1, 1, 1]], [27, [1, 4, 2, 1, 1]], [29, [8, 9, 1]], [56, 0], [62, 0], [68, 1], [95, 2]]",[1.1271157249898743e-05]
layer_5,731,"[[25, [49, 1, 1, 1, 1]], [27, [2, 2, 2, 1, 1]], [29, [8, 9, 1]], [56, 0], [62, 1], [68, 3], [95, 3]]",[1.0692159386905289e-05]
layer_5,732,"[[25, [7, 7, 1, 1, 1]], [27, [1, 4, 2, 1, 1]], [29, [8, 3, 3]], [56, 1], [62, 2], [68, 2], [95, 2]]",[1.0988017985292816e-05]
layer_5,733,"[[25, [7, 7, 1, 1, 1]], [27, [1, 4, 2, 1, 1]], [29, [8, 9, 1]], [56, 1], [62, 2], [68, 2], [95, 3]]",[1.0960325649285283e-05]
layer_5,734,"[[25, [1, 49, 1, 1, 1]], [27, [1, 4, 2, 1, 1]], [29, [8, 3, 3]], [56, 1], [62, 2], [68, 2], [95, 2]]",[1.097070495538257e-05]
layer_5,735,"[[25, [1, 49, 1, 1, 1]], [27, [1, 4, 2, 1, 1]], [29, [8, 3, 3]], [56, 0], [62, 0], [68, 1], [95, 3]]",[1.1274009303208658e-05]
layer_5,736,"[[25, [1, 49, 1, 1, 1]], [27, [1, 4, 2, 1, 1]], [29, [8, 9, 1]], [56, 0], [62, 0], [68, 1], [95, 3]]",[1.1274031338067862e-05]
layer_5,737,"[[25, [1, 49, 1, 1, 1]], [27, [4, 1, 2, 1, 1]], [29, [8, 9, 1]], [56, 1], [62, 1], [68, 3], [95, 3]]",[1.1528544367240005e-05]
layer_5,738,"[[25, [49, 1, 1, 1, 1]], [27, [2, 2, 2, 1, 1]], [29, [8, 9, 1]], [56, 1], [62, 0], [68, 1], [95, 2]]",[1.0925515283842794e-05]
layer_5,739,"[[25, [1, 49, 1, 1, 1]], [27, [2, 2, 2, 1, 1]], [29, [8, 9, 1]], [56, 1], [62, 1], [68, 3], [95, 2]]",[1.1698402352771364e-05]
layer_5,740,"[[25, [49, 1, 1, 1, 1]], [27, [2, 2, 2, 1, 1]], [29, [8, 9, 1]], [56, 1], [62, 0], [68, 1], [95, 3]]",[1.0925889742294087e-05]
layer_5,741,"[[25, [49, 1, 1, 1, 1]], [27, [4, 1, 2, 1, 1]], [29, [8, 9, 1]], [56, 0], [62, 0], [68, 1], [95, 2]]",[1.1736945562130177e-05]
layer_5,742,"[[25, [7, 7, 1, 1, 1]], [27, [4, 1, 2, 1, 1]], [29, [8, 3, 3]], [56, 2], [62, 0], [68, 1], [95, 3]]",[1.1071040907249897e-05]
layer_5,743,"[[25, [7, 7, 1, 1, 1]], [27, [4, 1, 2, 1, 1]], [29, [8, 9, 1]], [56, 2], [62, 0], [68, 1], [95, 3]]",[1.1072692441544318e-05]
layer_5,744,"[[25, [49, 1, 1, 1, 1]], [27, [4, 1, 2, 1, 1]], [29, [8, 9, 1]], [56, 0], [62, 0], [68, 1], [95, 3]]",[1.1245233090319967e-05]
layer_5,745,"[[25, [49, 1, 1, 1, 1]], [27, [4, 1, 2, 1, 1]], [29, [8, 3, 3]], [56, 0], [62, 0], [68, 1], [95, 3]]",[1.1247203017415959e-05]
layer_5,746,"[[25, [1, 49, 1, 1, 1]], [27, [4, 1, 2, 1, 1]], [29, [8, 3, 3]], [56, 1], [62, 0], [68, 1], [95, 3]]",[1.1298420210611583e-05]
layer_5,747,"[[25, [49, 1, 1, 1, 1]], [27, [1, 4, 2, 1, 1]], [29, [8, 9, 1]], [56, 0], [62, 0], [68, 1], [95, 2]]",[1.1752048021643557e-05]
layer_5,748,"[[25, [7, 7, 1, 1, 1]], [27, [4, 1, 2, 1, 1]], [29, [8, 9, 1]], [56, 1], [62, 0], [68, 1], [95, 2]]",[1.1039544047845073e-05]
layer_5,749,"[[25, [7, 7, 1, 1, 1]], [27, [4, 1, 2, 1, 1]], [29, [8, 3, 3]], [56, 1], [62, 0], [68, 1], [95, 3]]",[1.1017326627218936e-05]
layer_5,750,"[[25, [49, 1, 1, 1, 1]], [27, [1, 4, 2, 1, 1]], [29, [8, 9, 1]], [56, 0], [62, 0], [68, 1], [95, 3]]",[1.1753712210866057e-05]
layer_5,751,"[[25, [49, 1, 1, 1, 1]], [27, [4, 1, 2, 1, 1]], [29, [8, 9, 1]], [56, 0], [62, 2], [68, 2], [95, 2]]",[1.1196085459700283e-05]
layer_5,752,"[[25, [49, 1, 1, 1, 1]], [27, [4, 1, 2, 1, 1]], [29, [8, 3, 3]], [56, 0], [62, 2], [68, 2], [95, 2]]",[1.120655771567436e-05]
layer_5,753,"[[25, [7, 7, 1, 1, 1]], [27, [4, 1, 2, 1, 1]], [29, [8, 3, 3]], [56, 2], [62, 2], [68, 2], [95, 3]]",[1.1885949117144485e-05]
layer_5,754,"[[25, [49, 1, 1, 1, 1]], [27, [1, 4, 2, 1, 1]], [29, [8, 9, 1]], [56, 0], [62, 2], [68, 2], [95, 2]]",[1.119464658520413e-05]
layer_5,755,"[[25, [7, 7, 1, 1, 1]], [27, [1, 4, 2, 1, 1]], [29, [8, 3, 3]], [56, 2], [62, 2], [68, 3], [95, 3]]",[1.1962632048604518e-05]
layer_5,756,"[[25, [49, 1, 1, 1, 1]], [27, [1, 4, 2, 1, 1]], [29, [8, 3, 3]], [56, 0], [62, 2], [68, 2], [95, 3]]",[1.1182959423205901e-05]
layer_5,757,"[[25, [49, 1, 1, 1, 1]], [27, [1, 4, 2, 1, 1]], [29, [8, 9, 1]], [56, 0], [62, 2], [68, 2], [95, 3]]",[1.1186001506186122e-05]
layer_5,758,"[[25, [7, 7, 1, 1, 1]], [27, [4, 1, 2, 1, 1]], [29, [8, 3, 3]], [56, 1], [62, 2], [68, 2], [95, 2]]",[1.1950191879303361e-05]
layer_5,759,"[[25, [49, 1, 1, 1, 1]], [27, [2, 2, 2, 1, 1]], [29, [8, 9, 1]], [56, 0], [62, 2], [68, 2], [95, 3]]",[1.1246896288327059e-05]
layer_5,760,"[[25, [7, 7, 1, 1, 1]], [27, [1, 4, 2, 1, 1]], [29, [8, 9, 1]], [56, 0], [62, 2], [68, 2], [95, 2]]",[1.1225133690341976e-05]
layer_5,761,"[[25, [7, 7, 1, 1, 1]], [27, [1, 4, 2, 1, 1]], [29, [8, 3, 3]], [56, 0], [62, 2], [68, 2], [95, 2]]",[1.1225310518321625e-05]
layer_5,762,"[[25, [7, 7, 1, 1, 1]], [27, [4, 1, 2, 1, 1]], [29, [8, 9, 1]], [56, 1], [62, 2], [68, 2], [95, 3]]",[1.1935741428408703e-05]
layer_5,763,"[[25, [7, 7, 1, 1, 1]], [27, [1, 4, 2, 1, 1]], [29, [8, 3, 3]], [56, 0], [62, 2], [68, 2], [95, 3]]",[1.122686624264287e-05]
layer_5,764,"[[25, [49, 1, 1, 1, 1]], [27, [1, 4, 2, 1, 1]], [29, [8, 9, 1]], [56, 2], [62, 2], [68, 3], [95, 2]]",[1.1851807692307692e-05]
layer_5,765,"[[25, [7, 1, 1, 7, 1]], [27, [2, 1, 2, 2, 1]], [29, [9, 4, 2]], [56, 2], [62, 0], [68, 2], [95, 0]]",[0.0001929102981595092]
layer_5,766,"[[25, [7, 1, 7, 1, 1]], [27, [4, 2, 1, 1, 1]], [29, [36, 1, 2]], [56, 0], [62, 3], [68, 3], [95, 4]]",[10000000000]
layer_5,767,"[[25, [7, 1, 7, 1, 1]], [27, [1, 1, 1, 2, 4]], [29, [72, 1, 1]], [56, 0], [62, 2], [68, 0], [95, 3]]",[0.00012556197811993517]
layer_5,768,"[[25, [7, 7, 1, 1, 1]], [27, [1, 4, 2, 1, 1]], [29, [8, 3, 3]], [56, 0], [62, 0], [68, 3], [95, 2]]",[1.0715509560101618e-05]
layer_5,769,"[[25, [1, 49, 1, 1, 1]], [27, [1, 4, 2, 1, 1]], [29, [8, 3, 3]], [56, 0], [62, 1], [68, 2], [95, 3]]",[1.006727244363929e-05]
layer_5,770,"[[25, [1, 49, 1, 1, 1]], [27, [1, 4, 2, 1, 1]], [29, [8, 3, 3]], [56, 1], [62, 1], [68, 3], [95, 3]]",[1.1075627721055673e-05]
layer_5,771,"[[25, [1, 49, 1, 1, 1]], [27, [1, 4, 2, 1, 1]], [29, [8, 9, 1]], [56, 1], [62, 1], [68, 3], [95, 3]]",[1.1073956047085629e-05]
layer_5,772,"[[25, [1, 49, 1, 1, 1]], [27, [1, 4, 2, 1, 1]], [29, [8, 3, 3]], [56, 1], [62, 1], [68, 3], [95, 2]]",[1.1073514897959184e-05]
layer_5,773,"[[25, [7, 7, 1, 1, 1]], [27, [1, 4, 2, 1, 1]], [29, [8, 9, 1]], [56, 1], [62, 0], [68, 1], [95, 3]]",[1.0415833368048324e-05]
layer_5,774,"[[25, [7, 7, 1, 1, 1]], [27, [2, 2, 2, 1, 1]], [29, [8, 9, 1]], [56, 1], [62, 0], [68, 2], [95, 2]]",[9.82756923894746e-06]
layer_5,775,"[[25, [1, 49, 1, 1, 1]], [27, [4, 1, 2, 1, 1]], [29, [8, 3, 3]], [56, 2], [62, 2], [68, 2], [95, 2]]",[1.1782674987367357e-05]
layer_5,776,"[[25, [1, 49, 1, 1, 1]], [27, [1, 4, 2, 1, 1]], [29, [8, 3, 3]], [56, 1], [62, 2], [68, 2], [95, 3]]",[1.0946410490076954e-05]
layer_5,777,"[[25, [49, 1, 1, 1, 1]], [27, [2, 2, 2, 1, 1]], [29, [8, 3, 3]], [56, 2], [62, 2], [68, 2], [95, 3]]",[1.088938315107331e-05]
layer_5,778,"[[25, [49, 1, 1, 1, 1]], [27, [2, 2, 2, 1, 1]], [29, [8, 9, 1]], [56, 2], [62, 2], [68, 2], [95, 3]]",[1.0887284441103833e-05]
layer_5,779,"[[25, [49, 1, 1, 1, 1]], [27, [1, 4, 2, 1, 1]], [29, [8, 9, 1]], [56, 1], [62, 2], [68, 2], [95, 3]]",[1.0968098762775685e-05]
layer_5,780,"[[25, [7, 7, 1, 1, 1]], [27, [1, 4, 2, 1, 1]], [29, [8, 9, 1]], [56, 0], [62, 0], [68, 1], [95, 3]]",[1.1460459369660148e-05]
layer_5,781,"[[25, [49, 1, 1, 1, 1]], [27, [2, 2, 2, 1, 1]], [29, [8, 3, 3]], [56, 1], [62, 2], [68, 2], [95, 3]]",[1.0976375759416768e-05]
layer_5,782,"[[25, [1, 49, 1, 1, 1]], [27, [4, 1, 2, 1, 1]], [29, [8, 3, 3]], [56, 2], [62, 0], [68, 1], [95, 2]]",[1.142604157648935e-05]
layer_5,783,"[[25, [1, 49, 1, 1, 1]], [27, [4, 1, 2, 1, 1]], [29, [8, 9, 1]], [56, 2], [62, 0], [68, 1], [95, 3]]",[1.1425561420163281e-05]
layer_5,784,"[[25, [49, 1, 1, 1, 1]], [27, [2, 2, 2, 1, 1]], [29, [8, 3, 3]], [56, 1], [62, 0], [68, 1], [95, 3]]",[1.0867713244228433e-05]
layer_5,785,"[[25, [7, 7, 1, 1, 1]], [27, [4, 1, 2, 1, 1]], [29, [8, 9, 1]], [56, 1], [62, 0], [68, 1], [95, 3]]",[1.1017942946648946e-05]
layer_5,786,"[[25, [7, 7, 1, 1, 1]], [27, [2, 2, 2, 1, 1]], [29, [8, 9, 1]], [56, 2], [62, 0], [68, 1], [95, 2]]",[1.16130079612695e-05]
layer_5,787,"[[25, [1, 49, 1, 1, 1]], [27, [1, 4, 2, 1, 1]], [29, [8, 9, 1]], [56, 0], [62, 2], [68, 2], [95, 2]]",[1.119917709599028e-05]
layer_5,788,"[[25, [1, 49, 1, 1, 1]], [27, [1, 4, 2, 1, 1]], [29, [8, 3, 3]], [56, 0], [62, 2], [68, 2], [95, 2]]",[1.1200461168935148e-05]
layer_5,789,"[[25, [1, 49, 1, 1, 1]], [27, [1, 4, 2, 1, 1]], [29, [8, 3, 3]], [56, 0], [62, 2], [68, 2], [95, 3]]",[1.119866472392638e-05]
layer_5,790,"[[25, [1, 49, 1, 1, 1]], [27, [1, 4, 2, 1, 1]], [29, [8, 9, 1]], [56, 2], [62, 3], [68, 2], [95, 2]]",[1.1851465186375967e-05]
layer_5,791,"[[25, [49, 1, 1, 1, 1]], [27, [2, 2, 2, 1, 1]], [29, [8, 3, 3]], [56, 0], [62, 2], [68, 2], [95, 3]]",[1.1237226711219118e-05]
layer_5,792,"[[25, [7, 7, 1, 1, 1]], [27, [1, 4, 2, 1, 1]], [29, [8, 9, 1]], [56, 2], [62, 2], [68, 3], [95, 3]]",[1.1947034211941905e-05]
layer_5,793,"[[25, [7, 7, 1, 1, 1]], [27, [4, 1, 2, 1, 1]], [29, [8, 9, 1]], [56, 2], [62, 2], [68, 2], [95, 3]]",[1.1844743310442813e-05]
layer_5,794,"[[25, [49, 1, 1, 1, 1]], [27, [1, 4, 2, 1, 1]], [29, [8, 9, 1]], [56, 2], [62, 2], [68, 3], [95, 3]]",[1.1845349482542932e-05]
layer_5,795,"[[25, [49, 1, 1, 1, 1]], [27, [1, 4, 2, 1, 1]], [29, [8, 3, 3]], [56, 2], [62, 2], [68, 3], [95, 3]]",[1.1844279654270443e-05]
layer_5,796,"[[25, [49, 1, 1, 1, 1]], [27, [2, 2, 2, 1, 1]], [29, [8, 3, 3]], [56, 2], [62, 3], [68, 2], [95, 3]]",[1.2049268961807425e-05]
layer_5,797,"[[25, [49, 1, 1, 1, 1]], [27, [2, 2, 2, 1, 1]], [29, [8, 9, 1]], [56, 2], [62, 3], [68, 2], [95, 3]]",[1.1833011081226465e-05]
layer_5,798,"[[25, [1, 49, 1, 1, 1]], [27, [1, 4, 2, 1, 1]], [29, [8, 3, 3]], [56, 1], [62, 2], [68, 3], [95, 2]]",[1.1996539185905225e-05]
layer_5,799,"[[25, [1, 49, 1, 1, 1]], [27, [1, 4, 2, 1, 1]], [29, [8, 9, 1]], [56, 1], [62, 2], [68, 3], [95, 2]]",[1.1988652490887e-05]
layer_5,800,"[[25, [1, 49, 1, 1, 1]], [27, [1, 4, 2, 1, 1]], [29, [8, 9, 1]], [56, 2], [62, 1], [68, 1], [95, 2]]",[1.2657278752017214e-05]
layer_5,801,"[[25, [7, 7, 1, 1, 1]], [27, [4, 1, 2, 1, 1]], [29, [8, 9, 1]], [56, 0], [62, 0], [68, 1], [95, 2]]",[1.194345265860704e-05]
layer_5,802,"[[25, [1, 49, 1, 1, 1]], [27, [1, 4, 2, 1, 1]], [29, [8, 3, 3]], [56, 1], [62, 1], [68, 1], [95, 3]]",[1.2871853786958283e-05]
layer_5,803,"[[25, [49, 1, 1, 1, 1]], [27, [2, 2, 2, 1, 1]], [29, [8, 3, 3]], [56, 1], [62, 3], [68, 2], [95, 3]]",[1.1924780527165143e-05]
layer_5,804,"[[25, [49, 1, 1, 1, 1]], [27, [2, 2, 2, 1, 1]], [29, [8, 9, 1]], [56, 1], [62, 3], [68, 2], [95, 3]]",[1.1925637476969763e-05]
layer_5,805,"[[25, [1, 49, 1, 1, 1]], [27, [4, 1, 2, 1, 1]], [29, [8, 3, 3]], [56, 0], [62, 0], [68, 1], [95, 3]]",[1.2318405594405594e-05]
layer_5,806,"[[25, [49, 1, 1, 1, 1]], [27, [1, 4, 2, 1, 1]], [29, [8, 3, 3]], [56, 1], [62, 2], [68, 3], [95, 2]]",[1.193806105710814e-05]
layer_5,807,"[[25, [49, 1, 1, 1, 1]], [27, [1, 4, 2, 1, 1]], [29, [8, 3, 3]], [56, 1], [62, 2], [68, 3], [95, 3]]",[1.1938826237385874e-05]
layer_5,808,"[[25, [49, 1, 1, 1, 1]], [27, [4, 1, 2, 1, 1]], [29, [8, 9, 1]], [56, 2], [62, 3], [68, 2], [95, 3]]",[1.1850857880580957e-05]
layer_5,809,"[[25, [49, 1, 1, 1, 1]], [27, [1, 4, 2, 1, 1]], [29, [8, 3, 3]], [56, 2], [62, 3], [68, 2], [95, 2]]",[1.1866525096112772e-05]
layer_5,810,"[[25, [49, 1, 1, 1, 1]], [27, [1, 4, 2, 1, 1]], [29, [8, 9, 1]], [56, 2], [62, 3], [68, 2], [95, 2]]",[1.184696278716537e-05]
layer_5,811,"[[25, [49, 1, 1, 1, 1]], [27, [1, 4, 2, 1, 1]], [29, [8, 9, 1]], [56, 2], [62, 3], [68, 2], [95, 3]]",[1.1848165350344267e-05]
layer_5,812,"[[25, [49, 1, 1, 1, 1]], [27, [4, 1, 2, 1, 1]], [29, [8, 9, 1]], [56, 2], [62, 2], [68, 3], [95, 2]]",[1.18858040779132e-05]
layer_5,813,"[[25, [49, 1, 1, 1, 1]], [27, [4, 1, 2, 1, 1]], [29, [8, 3, 3]], [56, 2], [62, 2], [68, 3], [95, 2]]",[1.1884044323323735e-05]
layer_5,814,"[[25, [1, 49, 1, 1, 1]], [27, [2, 2, 2, 1, 1]], [29, [8, 3, 3]], [56, 2], [62, 2], [68, 2], [95, 2]]",[1.1757441637808109e-05]
layer_5,815,"[[25, [1, 49, 1, 1, 1]], [27, [2, 2, 2, 1, 1]], [29, [8, 3, 3]], [56, 2], [62, 2], [68, 2], [95, 3]]",[1.1754015061861216e-05]
layer_5,816,"[[25, [49, 1, 1, 1, 1]], [27, [2, 2, 2, 1, 1]], [29, [8, 3, 3]], [56, 0], [62, 3], [68, 2], [95, 2]]",[1.2209351718245682e-05]
layer_5,817,"[[25, [49, 1, 1, 1, 1]], [27, [2, 2, 2, 1, 1]], [29, [8, 9, 1]], [56, 0], [62, 3], [68, 2], [95, 2]]",[1.2209717294451195e-05]
layer_5,818,"[[25, [49, 1, 1, 1, 1]], [27, [4, 1, 2, 1, 1]], [29, [8, 9, 1]], [56, 1], [62, 3], [68, 2], [95, 2]]",[1.1945940765492102e-05]
layer_5,819,"[[25, [49, 1, 1, 1, 1]], [27, [4, 1, 2, 1, 1]], [29, [8, 3, 3]], [56, 2], [62, 2], [68, 3], [95, 3]]",[1.1883625556905629e-05]
layer_5,820,"[[25, [49, 1, 1, 1, 1]], [27, [4, 1, 2, 1, 1]], [29, [8, 3, 3]], [56, 1], [62, 2], [68, 3], [95, 2]]",[1.1990489385727191e-05]
layer_5,821,"[[25, [49, 1, 1, 1, 1]], [27, [2, 2, 2, 1, 1]], [29, [8, 9, 1]], [56, 0], [62, 3], [68, 2], [95, 3]]",[1.2210397782988702e-05]
layer_5,822,"[[25, [1, 49, 1, 1, 1]], [27, [2, 2, 2, 1, 1]], [29, [8, 9, 1]], [56, 2], [62, 3], [68, 2], [95, 3]]",[1.265860107584723e-05]
layer_5,823,"[[25, [49, 1, 1, 1, 1]], [27, [4, 1, 2, 1, 1]], [29, [8, 9, 1]], [56, 1], [62, 3], [68, 2], [95, 3]]",[1.1946352470635885e-05]
layer_5,824,"[[25, [49, 1, 1, 1, 1]], [27, [1, 4, 2, 1, 1]], [29, [8, 9, 1]], [56, 1], [62, 3], [68, 2], [95, 2]]",[1.1930208793542906e-05]
layer_5,825,"[[25, [49, 1, 1, 1, 1]], [27, [1, 4, 2, 1, 1]], [29, [8, 9, 1]], [56, 1], [62, 3], [68, 2], [95, 3]]",[1.196003335126412e-05]
layer_5,826,"[[25, [49, 1, 1, 1, 1]], [27, [1, 4, 2, 1, 1]], [29, [8, 3, 3]], [56, 1], [62, 3], [68, 2], [95, 3]]",[1.1963775111381125e-05]
layer_5,827,"[[25, [7, 7, 1, 1, 1]], [27, [1, 4, 2, 1, 1]], [29, [8, 3, 3]], [56, 2], [62, 3], [68, 2], [95, 3]]",[1.1892442086043592e-05]
layer_5,828,"[[25, [7, 7, 1, 1, 1]], [27, [1, 4, 2, 1, 1]], [29, [8, 9, 1]], [56, 2], [62, 3], [68, 2], [95, 3]]",[1.1892416059133252e-05]
layer_5,829,"[[25, [49, 1, 1, 1, 1]], [27, [4, 1, 1, 2, 1]], [29, [4, 6, 3]], [56, 0], [62, 2], [68, 0], [95, 0]]",[9.409506127450981e-05]
layer_5,830,"[[25, [7, 7, 1, 1, 1]], [27, [1, 1, 4, 1, 2]], [29, [36, 2, 1]], [56, 0], [62, 3], [68, 0], [95, 0]]",[6.357215727993325e-05]
layer_5,831,"[[25, [1, 49, 1, 1, 1]], [27, [4, 1, 2, 1, 1]], [29, [6, 6, 2]], [56, 1], [62, 1], [68, 1], [95, 2]]",[2.3534146448889703e-05]
layer_5,832,"[[25, [1, 49, 1, 1, 1]], [27, [1, 4, 2, 1, 1]], [29, [8, 3, 3]], [56, 0], [62, 1], [68, 2], [95, 2]]",[1.0783778336814125e-05]
layer_5,833,"[[25, [1, 49, 1, 1, 1]], [27, [4, 1, 2, 1, 1]], [29, [8, 3, 3]], [56, 2], [62, 1], [68, 2], [95, 3]]",[1.022665651073404e-05]
layer_5,834,"[[25, [1, 49, 1, 1, 1]], [27, [1, 4, 2, 1, 1]], [29, [8, 9, 1]], [56, 1], [62, 2], [68, 2], [95, 2]]",[1.0922896628455833e-05]
layer_5,835,"[[25, [49, 1, 1, 1, 1]], [27, [4, 1, 2, 1, 1]], [29, [8, 9, 1]], [56, 0], [62, 1], [68, 3], [95, 3]]",[1.0696839104900769e-05]
layer_5,836,"[[25, [7, 7, 1, 1, 1]], [27, [1, 4, 2, 1, 1]], [29, [8, 3, 3]], [56, 0], [62, 0], [68, 1], [95, 2]]",[1.1561558543019481e-05]
layer_5,837,"[[25, [7, 7, 1, 1, 1]], [27, [4, 1, 2, 1, 1]], [29, [8, 3, 3]], [56, 1], [62, 0], [68, 1], [95, 2]]",[1.100677909625973e-05]
layer_5,838,"[[25, [1, 49, 1, 1, 1]], [27, [4, 1, 2, 1, 1]], [29, [8, 9, 1]], [56, 2], [62, 0], [68, 1], [95, 2]]",[1.1410611583637099e-05]
layer_5,839,"[[25, [1, 49, 1, 1, 1]], [27, [1, 4, 2, 1, 1]], [29, [8, 9, 1]], [56, 0], [62, 2], [68, 2], [95, 3]]",[1.1189302528529872e-05]
layer_5,840,"[[25, [49, 1, 1, 1, 1]], [27, [1, 4, 2, 1, 1]], [29, [8, 3, 3]], [56, 0], [62, 2], [68, 2], [95, 2]]",[1.1176414752230872e-05]
layer_5,841,"[[25, [49, 1, 1, 1, 1]], [27, [2, 2, 2, 1, 1]], [29, [8, 9, 1]], [56, 0], [62, 0], [68, 1], [95, 2]]",[1.1409640021516945e-05]
layer_5,842,"[[25, [7, 7, 1, 1, 1]], [27, [2, 2, 2, 1, 1]], [29, [8, 3, 3]], [56, 2], [62, 0], [68, 1], [95, 3]]",[1.1618808591625884e-05]
layer_5,843,"[[25, [7, 7, 1, 1, 1]], [27, [2, 2, 2, 1, 1]], [29, [8, 9, 1]], [56, 2], [62, 0], [68, 1], [95, 3]]",[1.1619107819216918e-05]
layer_5,844,"[[25, [1, 49, 1, 1, 1]], [27, [1, 4, 2, 1, 1]], [29, [8, 9, 1]], [56, 2], [62, 2], [68, 3], [95, 2]]",[1.2003681146213041e-05]
layer_5,845,"[[25, [1, 49, 1, 1, 1]], [27, [1, 4, 2, 1, 1]], [29, [8, 3, 3]], [56, 2], [62, 2], [68, 3], [95, 2]]",[1.2002227246839049e-05]
layer_5,846,"[[25, [7, 7, 1, 1, 1]], [27, [1, 4, 2, 1, 1]], [29, [8, 9, 1]], [56, 1], [62, 1], [68, 3], [95, 2]]",[1.1272663493780422e-05]
layer_5,847,"[[25, [49, 1, 1, 1, 1]], [27, [1, 4, 2, 1, 1]], [29, [8, 3, 3]], [56, 2], [62, 2], [68, 3], [95, 2]]",[1.1959131530984204e-05]
layer_5,848,"[[25, [7, 7, 1, 1, 1]], [27, [1, 4, 2, 1, 1]], [29, [8, 3, 3]], [56, 1], [62, 2], [68, 3], [95, 2]]",[1.2169658735554045e-05]
layer_5,849,"[[25, [7, 7, 1, 1, 1]], [27, [4, 1, 2, 1, 1]], [29, [8, 9, 1]], [56, 1], [62, 2], [68, 2], [95, 2]]",[1.1889235112483458e-05]
layer_5,850,"[[25, [7, 7, 1, 1, 1]], [27, [4, 1, 2, 1, 1]], [29, [8, 3, 3]], [56, 1], [62, 2], [68, 2], [95, 3]]",[1.1891108778039538e-05]
layer_5,851,"[[25, [1, 49, 1, 1, 1]], [27, [4, 1, 2, 1, 1]], [29, [8, 9, 1]], [56, 2], [62, 2], [68, 2], [95, 2]]",[1.1768222992215682e-05]
layer_5,852,"[[25, [49, 1, 1, 1, 1]], [27, [2, 2, 2, 1, 1]], [29, [8, 9, 1]], [56, 2], [62, 2], [68, 3], [95, 2]]",[1.2021355963093746e-05]
layer_5,853,"[[25, [49, 1, 1, 1, 1]], [27, [2, 2, 2, 1, 1]], [29, [8, 9, 1]], [56, 2], [62, 3], [68, 2], [95, 2]]",[1.1881735719644197e-05]
layer_5,854,"[[25, [1, 49, 1, 1, 1]], [27, [1, 4, 2, 1, 1]], [29, [8, 9, 1]], [56, 2], [62, 3], [68, 2], [95, 3]]",[1.1889637079931648e-05]
layer_5,855,"[[25, [49, 1, 1, 1, 1]], [27, [2, 2, 2, 1, 1]], [29, [8, 3, 3]], [56, 2], [62, 2], [68, 3], [95, 3]]",[1.2021239435015377e-05]
layer_5,856,"[[25, [1, 49, 1, 1, 1]], [27, [1, 4, 2, 1, 1]], [29, [8, 3, 3]], [56, 1], [62, 3], [68, 2], [95, 3]]",[1.1987408461139512e-05]
layer_5,857,"[[25, [1, 49, 1, 1, 1]], [27, [1, 4, 2, 1, 1]], [29, [8, 9, 1]], [56, 1], [62, 3], [68, 2], [95, 3]]",[1.1987138219100057e-05]
layer_5,858,"[[25, [1, 49, 1, 1, 1]], [27, [1, 4, 2, 1, 1]], [29, [8, 3, 3]], [56, 1], [62, 3], [68, 2], [95, 2]]",[1.1987244755244757e-05]
layer_5,859,"[[25, [49, 1, 1, 1, 1]], [27, [4, 1, 2, 1, 1]], [29, [8, 3, 3]], [56, 2], [62, 3], [68, 2], [95, 2]]",[1.1889736938031592e-05]
layer_5,860,"[[25, [49, 1, 1, 1, 1]], [27, [1, 4, 2, 1, 1]], [29, [8, 9, 1]], [56, 1], [62, 2], [68, 3], [95, 2]]",[1.2053666362911493e-05]
layer_5,861,"[[25, [49, 1, 1, 1, 1]], [27, [2, 2, 2, 1, 1]], [29, [8, 9, 1]], [56, 1], [62, 2], [68, 3], [95, 2]]",[1.2118504499373506e-05]
layer_5,862,"[[25, [49, 1, 1, 1, 1]], [27, [4, 1, 2, 1, 1]], [29, [8, 9, 1]], [56, 2], [62, 2], [68, 3], [95, 3]]",[1.200248374325135e-05]
layer_5,863,"[[25, [7, 7, 1, 1, 1]], [27, [1, 4, 2, 1, 1]], [29, [8, 9, 1]], [56, 2], [62, 3], [68, 2], [95, 2]]",[1.1914198566384936e-05]
layer_5,864,"[[25, [1, 49, 1, 1, 1]], [27, [4, 1, 2, 1, 1]], [29, [8, 3, 3]], [56, 0], [62, 0], [68, 1], [95, 2]]",[1.2301271567436209e-05]
layer_5,865,"[[25, [49, 1, 1, 1, 1]], [27, [4, 1, 2, 1, 1]], [29, [8, 3, 3]], [56, 1], [62, 3], [68, 2], [95, 2]]",[1.1993446864046536e-05]
layer_5,866,"[[25, [49, 1, 1, 1, 1]], [27, [1, 4, 2, 1, 1]], [29, [8, 3, 3]], [56, 2], [62, 3], [68, 2], [95, 3]]",[1.1928085099515869e-05]
layer_5,867,"[[25, [49, 1, 1, 1, 1]], [27, [4, 1, 2, 1, 1]], [29, [8, 9, 1]], [56, 1], [62, 2], [68, 3], [95, 2]]",[1.2125047655283934e-05]
layer_5,868,"[[25, [1, 49, 1, 1, 1]], [27, [2, 2, 2, 1, 1]], [29, [8, 3, 3]], [56, 1], [62, 2], [68, 2], [95, 3]]",[1.1875016605913326e-05]
layer_5,869,"[[25, [49, 1, 1, 1, 1]], [27, [4, 1, 2, 1, 1]], [29, [8, 9, 1]], [56, 1], [62, 2], [68, 3], [95, 3]]",[1.2146274220771914e-05]
layer_5,870,"[[25, [1, 49, 1, 1, 1]], [27, [2, 2, 2, 1, 1]], [29, [8, 9, 1]], [56, 2], [62, 3], [68, 2], [95, 2]]",[1.2659371812802584e-05]
layer_5,871,"[[25, [7, 7, 1, 1, 1]], [27, [2, 2, 2, 1, 1]], [29, [8, 9, 1]], [56, 1], [62, 2], [68, 3], [95, 2]]",[1.2423413730255165e-05]
layer_5,872,"[[25, [7, 7, 1, 1, 1]], [27, [2, 2, 2, 1, 1]], [29, [8, 3, 3]], [56, 1], [62, 2], [68, 3], [95, 2]]",[1.2399860368570272e-05]
layer_5,873,"[[25, [1, 49, 1, 1, 1]], [27, [2, 2, 2, 1, 1]], [29, [8, 9, 1]], [56, 1], [62, 2], [68, 2], [95, 2]]",[1.1866586671729637e-05]
layer_5,874,"[[25, [7, 7, 1, 1, 1]], [27, [4, 1, 2, 1, 1]], [29, [8, 9, 1]], [56, 2], [62, 1], [68, 1], [95, 3]]",[1.3212160375090166e-05]
layer_5,875,"[[25, [1, 49, 1, 1, 1]], [27, [2, 2, 2, 1, 1]], [29, [8, 3, 3]], [56, 2], [62, 3], [68, 2], [95, 3]]",[1.2646609281077182e-05]
layer_5,876,"[[25, [49, 1, 1, 1, 1]], [27, [4, 1, 2, 1, 1]], [29, [8, 9, 1]], [56, 2], [62, 1], [68, 1], [95, 2]]",[1.2708549746685352e-05]
layer_5,877,"[[25, [49, 1, 1, 1, 1]], [27, [4, 1, 2, 1, 1]], [29, [8, 3, 3]], [56, 0], [62, 3], [68, 2], [95, 2]]",[1.2347826549210207e-05]
layer_5,878,"[[25, [1, 49, 1, 1, 1]], [27, [1, 4, 2, 1, 1]], [29, [8, 3, 3]], [56, 1], [62, 1], [68, 1], [95, 2]]",[1.2920907799892416e-05]
layer_5,879,"[[25, [49, 1, 1, 1, 1]], [27, [1, 4, 2, 1, 1]], [29, [8, 9, 1]], [56, 2], [62, 1], [68, 1], [95, 3]]",[1.2509537116912599e-05]
layer_5,880,"[[25, [1, 49, 1, 1, 1]], [27, [2, 2, 2, 1, 1]], [29, [8, 9, 1]], [56, 1], [62, 3], [68, 2], [95, 2]]",[1.2717468048752705e-05]
layer_5,881,"[[25, [49, 1, 1, 1, 1]], [27, [4, 1, 2, 1, 1]], [29, [8, 9, 1]], [56, 0], [62, 3], [68, 2], [95, 3]]",[1.2348536963207653e-05]
layer_5,882,"[[25, [49, 1, 1, 1, 1]], [27, [4, 1, 2, 1, 1]], [29, [8, 3, 3]], [56, 0], [62, 3], [68, 2], [95, 3]]",[1.2324134803657882e-05]
layer_5,883,"[[25, [7, 7, 1, 1, 1]], [27, [1, 4, 2, 1, 1]], [29, [8, 9, 1]], [56, 0], [62, 2], [68, 3], [95, 3]]",[1.254799532976421e-05]
layer_5,884,"[[25, [49, 1, 1, 1, 1]], [27, [1, 4, 2, 1, 1]], [29, [8, 3, 3]], [56, 2], [62, 1], [68, 1], [95, 2]]",[1.2512419068231005e-05]
layer_5,885,"[[25, [49, 1, 1, 1, 1]], [27, [1, 4, 2, 1, 1]], [29, [8, 9, 1]], [56, 2], [62, 1], [68, 1], [95, 2]]",[1.2537286366915124e-05]
layer_5,886,"[[25, [49, 1, 1, 1, 1]], [27, [4, 1, 2, 1, 1]], [29, [8, 9, 1]], [56, 1], [62, 1], [68, 1], [95, 3]]",[1.292122786444325e-05]
layer_5,887,"[[25, [7, 7, 1, 1, 1]], [27, [4, 1, 2, 1, 1]], [29, [8, 9, 1]], [56, 2], [62, 3], [68, 2], [95, 2]]",[1.2823079935449167e-05]
layer_5,888,"[[25, [49, 1, 1, 1, 1]], [27, [1, 4, 2, 1, 1]], [29, [8, 3, 3]], [56, 0], [62, 3], [68, 2], [95, 2]]",[1.2332640481773608e-05]
layer_5,889,"[[25, [49, 1, 1, 1, 1]], [27, [1, 4, 2, 1, 1]], [29, [8, 9, 1]], [56, 0], [62, 3], [68, 2], [95, 2]]",[1.2340305120296114e-05]
layer_5,890,"[[25, [7, 7, 1, 1, 1]], [27, [4, 1, 2, 1, 1]], [29, [8, 9, 1]], [56, 2], [62, 3], [68, 2], [95, 3]]",[1.2834569740977566e-05]
layer_5,891,"[[25, [49, 1, 1, 1, 1]], [27, [1, 4, 2, 1, 1]], [29, [8, 3, 3]], [56, 0], [62, 3], [68, 2], [95, 3]]",[1.2338645908486804e-05]
layer_5,892,"[[25, [7, 7, 1, 1, 1]], [27, [4, 1, 2, 1, 1]], [29, [8, 3, 3]], [56, 2], [62, 2], [68, 3], [95, 3]]",[1.2715987735341581e-05]
layer_5,893,"[[25, [49, 1, 1, 1, 1]], [27, [2, 1, 4, 1, 1]], [29, [36, 1, 2]], [56, 0], [62, 1], [68, 1], [95, 3]]",[1.8055995329830707e-05]
layer_5,894,"[[25, [1, 49, 1, 1, 1]], [27, [1, 2, 1, 4, 1]], [29, [24, 1, 3]], [56, 1], [62, 1], [68, 2], [95, 3]]",[5.492672010271461e-05]
layer_5,895,"[[25, [7, 1, 1, 7, 1]], [27, [4, 2, 1, 1, 1]], [29, [72, 1, 1]], [56, 2], [62, 3], [68, 0], [95, 1]]",[0.0003514045361050328]
layer_5,896,"[[25, [1, 49, 1, 1, 1]], [27, [4, 1, 2, 1, 1]], [29, [8, 3, 3]], [56, 1], [62, 1], [68, 2], [95, 3]]",[1.0974899943041578e-05]
layer_5,897,"[[25, [7, 7, 1, 1, 1]], [27, [4, 1, 2, 1, 1]], [29, [8, 3, 3]], [56, 0], [62, 1], [68, 2], [95, 2]]",[1.062543392823239e-05]
layer_5,898,"[[25, [7, 7, 1, 1, 1]], [27, [2, 2, 2, 1, 1]], [29, [8, 9, 1]], [56, 2], [62, 1], [68, 3], [95, 2]]",[1.0664317543193468e-05]
layer_5,899,"[[25, [7, 7, 1, 1, 1]], [27, [4, 1, 2, 1, 1]], [29, [8, 3, 3]], [56, 2], [62, 1], [68, 3], [95, 3]]",[1.1515730930607854e-05]
layer_5,900,"[[25, [1, 49, 1, 1, 1]], [27, [1, 4, 2, 1, 1]], [29, [8, 9, 1]], [56, 1], [62, 2], [68, 2], [95, 3]]",[1.0940679977072984e-05]
layer_5,901,"[[25, [7, 7, 1, 1, 1]], [27, [2, 2, 2, 1, 1]], [29, [8, 3, 3]], [56, 1], [62, 1], [68, 2], [95, 3]]",[1.0241140340218714e-05]
layer_5,902,"[[25, [7, 7, 1, 1, 1]], [27, [2, 2, 2, 1, 1]], [29, [8, 3, 3]], [56, 2], [62, 0], [68, 1], [95, 2]]",[1.1618345532174443e-05]
layer_5,903,"[[25, [1, 49, 1, 1, 1]], [27, [4, 1, 2, 1, 1]], [29, [8, 3, 3]], [56, 2], [62, 2], [68, 2], [95, 3]]",[1.1753494767268016e-05]
layer_5,904,"[[25, [1, 49, 1, 1, 1]], [27, [1, 4, 2, 1, 1]], [29, [8, 9, 1]], [56, 2], [62, 2], [68, 3], [95, 3]]",[1.2002675094136632e-05]
layer_5,905,"[[25, [7, 7, 1, 1, 1]], [27, [1, 4, 2, 1, 1]], [29, [8, 3, 3]], [56, 1], [62, 2], [68, 3], [95, 3]]",[1.2171252610594266e-05]
layer_5,906,"[[25, [1, 49, 1, 1, 1]], [27, [4, 1, 2, 1, 1]], [29, [8, 3, 3]], [56, 1], [62, 2], [68, 2], [95, 3]]",[1.1807242684510136e-05]
layer_5,907,"[[25, [49, 1, 1, 1, 1]], [27, [1, 4, 2, 1, 1]], [29, [8, 9, 1]], [56, 1], [62, 2], [68, 3], [95, 3]]",[1.2059062170919401e-05]
layer_5,908,"[[25, [7, 7, 1, 1, 1]], [27, [2, 2, 2, 1, 1]], [29, [8, 9, 1]], [56, 1], [62, 0], [68, 1], [95, 3]]",[1.1952337288779192e-05]
layer_5,909,"[[25, [7, 7, 1, 1, 1]], [27, [1, 4, 2, 1, 1]], [29, [8, 3, 3]], [56, 2], [62, 3], [68, 2], [95, 2]]",[1.1906496894409939e-05]
layer_5,910,"[[25, [49, 1, 1, 1, 1]], [27, [2, 2, 2, 1, 1]], [29, [8, 3, 3]], [56, 1], [62, 2], [68, 3], [95, 2]]",[1.2123554374240584e-05]
layer_5,911,"[[25, [1, 49, 1, 1, 1]], [27, [1, 4, 2, 1, 1]], [29, [8, 3, 3]], [56, 2], [62, 3], [68, 2], [95, 2]]",[1.1889248148851339e-05]
layer_5,912,"[[25, [49, 1, 1, 1, 1]], [27, [4, 1, 2, 1, 1]], [29, [8, 9, 1]], [56, 2], [62, 3], [68, 2], [95, 2]]",[1.1888557455395073e-05]
layer_5,913,"[[25, [1, 49, 1, 1, 1]], [27, [1, 4, 2, 1, 1]], [29, [8, 3, 3]], [56, 2], [62, 3], [68, 2], [95, 3]]",[1.188871253543945e-05]
layer_5,914,"[[25, [1, 49, 1, 1, 1]], [27, [1, 4, 2, 1, 1]], [29, [8, 3, 3]], [56, 2], [62, 1], [68, 1], [95, 3]]",[1.268140783138975e-05]
layer_5,915,"[[25, [7, 7, 1, 1, 1]], [27, [1, 4, 2, 1, 1]], [29, [8, 3, 3]], [56, 1], [62, 3], [68, 2], [95, 3]]",[1.2018106318347508e-05]
layer_5,916,"[[25, [49, 1, 1, 1, 1]], [27, [4, 1, 2, 1, 1]], [29, [8, 3, 3]], [56, 1], [62, 3], [68, 2], [95, 3]]",[1.1986066929931148e-05]
layer_5,917,"[[25, [7, 7, 1, 1, 1]], [27, [4, 1, 2, 1, 1]], [29, [8, 3, 3]], [56, 0], [62, 2], [68, 2], [95, 2]]",[1.2122422545454545e-05]
layer_5,918,"[[25, [7, 7, 1, 1, 1]], [27, [2, 2, 2, 1, 1]], [29, [8, 3, 3]], [56, 1], [62, 2], [68, 3], [95, 3]]",[1.2385137031552569e-05]
layer_5,919,"[[25, [1, 49, 1, 1, 1]], [27, [4, 1, 2, 1, 1]], [29, [8, 3, 3]], [56, 2], [62, 3], [68, 2], [95, 3]]",[1.2667385884973673e-05]
layer_5,920,"[[25, [49, 1, 1, 1, 1]], [27, [4, 1, 2, 1, 1]], [29, [8, 9, 1]], [56, 0], [62, 3], [68, 2], [95, 2]]",[1.2316212666590727e-05]
layer_5,921,"[[25, [7, 7, 1, 1, 1]], [27, [1, 4, 2, 1, 1]], [29, [8, 9, 1]], [56, 0], [62, 3], [68, 2], [95, 2]]",[1.2369706135409198e-05]
layer_5,922,"[[25, [7, 7, 1, 1, 1]], [27, [1, 4, 2, 1, 1]], [29, [8, 3, 3]], [56, 0], [62, 3], [68, 2], [95, 2]]",[1.2370465656680716e-05]
layer_5,923,"[[25, [7, 7, 1, 1, 1]], [27, [1, 4, 2, 1, 1]], [29, [8, 3, 3]], [56, 0], [62, 3], [68, 2], [95, 3]]",[1.2368752232383002e-05]
layer_5,924,"[[25, [7, 7, 1, 1, 1]], [27, [1, 4, 2, 1, 1]], [29, [8, 9, 1]], [56, 0], [62, 3], [68, 2], [95, 3]]",[1.2367831961591221e-05]
layer_5,925,"[[25, [49, 1, 1, 1, 1]], [27, [2, 2, 2, 1, 1]], [29, [8, 9, 1]], [56, 2], [62, 1], [68, 1], [95, 3]]",[1.2416777744025921e-05]
layer_5,926,"[[25, [7, 7, 1, 1, 1]], [27, [2, 2, 2, 1, 1]], [29, [8, 3, 3]], [56, 2], [62, 2], [68, 2], [95, 2]]",[1.1623916422435573e-05]
layer_5,927,"[[25, [49, 1, 1, 1, 1]], [27, [4, 1, 2, 1, 1]], [29, [8, 3, 3]], [56, 1], [62, 1], [68, 1], [95, 2]]",[1.2890708660570198e-05]
layer_5,928,"[[25, [49, 1, 1, 1, 1]], [27, [1, 4, 2, 1, 1]], [29, [8, 3, 3]], [56, 2], [62, 3], [68, 3], [95, 2]]",[1.1685585763466992e-05]
layer_5,929,"[[25, [49, 1, 1, 1, 1]], [27, [1, 4, 2, 1, 1]], [29, [8, 9, 1]], [56, 0], [62, 3], [68, 2], [95, 3]]",[1.2308010935601457e-05]
layer_5,930,"[[25, [49, 1, 1, 1, 1]], [27, [4, 1, 2, 1, 1]], [29, [8, 3, 3]], [56, 2], [62, 0], [68, 2], [95, 4]]",[3.5217453823953825e-05]
layer_5,931,"[[25, [49, 1, 1, 1, 1]], [27, [1, 4, 2, 1, 1]], [29, [8, 9, 1]], [56, 2], [62, 3], [68, 3], [95, 3]]",[1.1685693089044997e-05]
layer_5,932,"[[25, [49, 1, 1, 1, 1]], [27, [1, 4, 2, 1, 1]], [29, [8, 3, 3]], [56, 1], [62, 1], [68, 1], [95, 3]]",[1.2530256481979559e-05]
layer_5,933,"[[25, [49, 1, 1, 1, 1]], [27, [1, 4, 2, 1, 1]], [29, [8, 9, 1]], [56, 1], [62, 1], [68, 1], [95, 2]]",[1.2530583969876277e-05]
layer_5,934,"[[25, [1, 49, 1, 1, 1]], [27, [2, 2, 2, 1, 1]], [29, [8, 3, 3]], [56, 0], [62, 2], [68, 2], [95, 2]]",[1.2122889616644192e-05]
layer_5,935,"[[25, [49, 1, 1, 1, 1]], [27, [2, 2, 2, 1, 1]], [29, [8, 9, 1]], [56, 1], [62, 1], [68, 1], [95, 3]]",[1.2523995070930514e-05]
layer_5,936,"[[25, [49, 1, 1, 1, 1]], [27, [4, 1, 2, 1, 1]], [29, [8, 3, 3]], [56, 0], [62, 2], [68, 3], [95, 2]]",[1.2464345290993824e-05]
layer_5,937,"[[25, [49, 1, 1, 1, 1]], [27, [2, 2, 2, 1, 1]], [29, [8, 9, 1]], [56, 1], [62, 1], [68, 1], [95, 2]]",[1.252354475069681e-05]
layer_5,938,"[[25, [49, 1, 1, 1, 1]], [27, [1, 4, 2, 1, 1]], [29, [8, 9, 1]], [56, 2], [62, 0], [68, 2], [95, 4]]",[3.46372559150169e-05]
layer_5,939,"[[25, [49, 1, 1, 1, 1]], [27, [1, 4, 2, 1, 1]], [29, [8, 9, 1]], [56, 1], [62, 3], [68, 3], [95, 3]]",[1.1745827460510327e-05]
layer_5,940,"[[25, [1, 49, 1, 1, 1]], [27, [1, 4, 2, 1, 1]], [29, [8, 3, 3]], [56, 2], [62, 3], [68, 3], [95, 2]]",[1.1702807267342523e-05]
layer_5,941,"[[25, [1, 49, 1, 1, 1]], [27, [1, 4, 2, 1, 1]], [29, [8, 9, 1]], [56, 2], [62, 3], [68, 3], [95, 3]]",[1.1721851634837963e-05]
layer_5,942,"[[25, [1, 49, 1, 1, 1]], [27, [1, 4, 2, 1, 1]], [29, [8, 3, 3]], [56, 0], [62, 3], [68, 2], [95, 3]]",[1.2349335280373831e-05]
layer_5,943,"[[25, [1, 49, 1, 1, 1]], [27, [1, 4, 2, 1, 1]], [29, [8, 9, 1]], [56, 0], [62, 3], [68, 2], [95, 3]]",[1.2326227864443248e-05]
layer_5,944,"[[25, [7, 7, 1, 1, 1]], [27, [2, 2, 2, 1, 1]], [29, [8, 9, 1]], [56, 1], [62, 3], [68, 3], [95, 3]]",[1.2564842195356798e-05]
layer_5,945,"[[25, [7, 7, 1, 1, 1]], [27, [2, 2, 2, 1, 1]], [29, [8, 9, 1]], [56, 2], [62, 3], [68, 3], [95, 2]]",[1.2489460915350344e-05]
layer_5,946,"[[25, [7, 7, 1, 1, 1]], [27, [2, 2, 2, 1, 1]], [29, [8, 3, 3]], [56, 2], [62, 3], [68, 3], [95, 2]]",[1.2484675020292208e-05]
layer_5,947,"[[25, [7, 7, 1, 1, 1]], [27, [1, 4, 2, 1, 1]], [29, [8, 3, 3]], [56, 2], [62, 3], [68, 3], [95, 2]]",[1.1759960603759255e-05]
layer_5,948,"[[25, [49, 1, 1, 1, 1]], [27, [1, 4, 2, 1, 1]], [29, [8, 3, 3]], [56, 0], [62, 3], [68, 3], [95, 2]]",[1.2193916755489235e-05]
layer_5,949,"[[25, [49, 1, 1, 1, 1]], [27, [1, 4, 2, 1, 1]], [29, [8, 9, 1]], [56, 0], [62, 3], [68, 3], [95, 3]]",[1.219579020979021e-05]
layer_5,950,"[[25, [49, 1, 1, 1, 1]], [27, [4, 1, 2, 1, 1]], [29, [8, 3, 3]], [56, 2], [62, 3], [68, 3], [95, 2]]",[1.1734629681414163e-05]
layer_5,951,"[[25, [49, 1, 1, 1, 1]], [27, [4, 1, 2, 1, 1]], [29, [8, 9, 1]], [56, 2], [62, 3], [68, 3], [95, 2]]",[1.173663052971331e-05]
layer_5,952,"[[25, [49, 1, 1, 1, 1]], [27, [4, 1, 2, 1, 1]], [29, [8, 3, 3]], [56, 2], [62, 3], [68, 3], [95, 3]]",[1.1735737587885343e-05]
layer_5,953,"[[25, [49, 1, 1, 1, 1]], [27, [4, 1, 2, 1, 1]], [29, [8, 9, 1]], [56, 2], [62, 3], [68, 3], [95, 3]]",[1.1737619713797524e-05]
layer_5,954,"[[25, [49, 1, 1, 1, 1]], [27, [2, 2, 2, 1, 1]], [29, [8, 3, 3]], [56, 1], [62, 3], [68, 3], [95, 2]]",[1.1781268327257999e-05]
layer_5,955,"[[25, [49, 1, 1, 1, 1]], [27, [2, 2, 2, 1, 1]], [29, [8, 9, 1]], [56, 1], [62, 3], [68, 3], [95, 2]]",[1.1781884839943628e-05]
layer_5,956,"[[25, [1, 49, 1, 1, 1]], [27, [4, 1, 2, 1, 1]], [29, [8, 9, 1]], [56, 2], [62, 3], [68, 3], [95, 3]]",[1.2476818719741796e-05]
layer_5,957,"[[25, [7, 7, 1, 1, 1]], [27, [1, 4, 1, 2, 1]], [29, [12, 3, 2]], [56, 1], [62, 2], [68, 0], [95, 3]]",[5.7888653378891415e-05]
layer_5,958,"[[25, [7, 1, 1, 7, 1]], [27, [1, 1, 4, 2, 1]], [29, [18, 2, 2]], [56, 0], [62, 2], [68, 2], [95, 4]]",[4.213357460136675e-05]
layer_5,959,"[[25, [7, 7, 1, 1, 1]], [27, [1, 1, 2, 4, 1]], [29, [12, 6, 1]], [56, 0], [62, 1], [68, 2], [95, 2]]",[8.557306033010814e-05]
layer_5,960,"[[25, [1, 49, 1, 1, 1]], [27, [1, 4, 2, 1, 1]], [29, [8, 9, 1]], [56, 1], [62, 1], [68, 2], [95, 2]]",[1.0386212275251813e-05]
layer_5,961,"[[25, [7, 7, 1, 1, 1]], [27, [4, 1, 2, 1, 1]], [29, [8, 9, 1]], [56, 2], [62, 1], [68, 2], [95, 2]]",[1.0108010489157842e-05]
layer_5,962,"[[25, [1, 49, 1, 1, 1]], [27, [1, 4, 2, 1, 1]], [29, [8, 9, 1]], [56, 1], [62, 1], [68, 3], [95, 2]]",[1.1089936847767617e-05]
layer_5,963,"[[25, [7, 7, 1, 1, 1]], [27, [4, 1, 2, 1, 1]], [29, [8, 9, 1]], [56, 0], [62, 1], [68, 2], [95, 2]]",[1.0665362298752533e-05]
layer_5,964,"[[25, [7, 7, 1, 1, 1]], [27, [2, 2, 2, 1, 1]], [29, [8, 3, 3]], [56, 2], [62, 1], [68, 2], [95, 3]]",[1.0234750901841655e-05]
layer_5,965,"[[25, [1, 49, 1, 1, 1]], [27, [4, 1, 2, 1, 1]], [29, [8, 9, 1]], [56, 0], [62, 1], [68, 2], [95, 2]]",[1.1033994066417839e-05]
layer_5,966,"[[25, [7, 7, 1, 1, 1]], [27, [2, 2, 2, 1, 1]], [29, [8, 3, 3]], [56, 2], [62, 1], [68, 2], [95, 2]]",[1.0229929526123937e-05]
layer_5,967,"[[25, [1, 49, 1, 1, 1]], [27, [1, 4, 2, 1, 1]], [29, [8, 9, 1]], [56, 0], [62, 1], [68, 3], [95, 2]]",[1.0688357225126251e-05]
layer_5,968,"[[25, [7, 7, 1, 1, 1]], [27, [2, 2, 2, 1, 1]], [29, [8, 3, 3]], [56, 0], [62, 1], [68, 2], [95, 3]]",[1.0601443519092762e-05]
layer_5,969,"[[25, [1, 49, 1, 1, 1]], [27, [4, 1, 2, 1, 1]], [29, [8, 9, 1]], [56, 0], [62, 1], [68, 3], [95, 3]]",[1.167489358268464e-05]
layer_5,970,"[[25, [7, 7, 1, 1, 1]], [27, [2, 2, 2, 1, 1]], [29, [8, 3, 3]], [56, 0], [62, 1], [68, 2], [95, 2]]",[1.0602588699878494e-05]
layer_5,971,"[[25, [7, 7, 1, 1, 1]], [27, [4, 1, 2, 1, 1]], [29, [8, 3, 3]], [56, 0], [62, 0], [68, 1], [95, 2]]",[1.1897723089190114e-05]
layer_5,972,"[[25, [1, 49, 1, 1, 1]], [27, [4, 1, 2, 1, 1]], [29, [8, 9, 1]], [56, 2], [62, 2], [68, 2], [95, 3]]",[1.1741991190765492e-05]
layer_5,973,"[[25, [1, 49, 1, 1, 1]], [27, [2, 2, 2, 1, 1]], [29, [8, 9, 1]], [56, 2], [62, 2], [68, 2], [95, 3]]",[1.1781080599432969e-05]
layer_5,974,"[[25, [7, 7, 1, 1, 1]], [27, [2, 2, 2, 1, 1]], [29, [8, 9, 1]], [56, 1], [62, 0], [68, 1], [95, 2]]",[1.1961754224416176e-05]
layer_5,975,"[[25, [1, 49, 1, 1, 1]], [27, [1, 4, 2, 1, 1]], [29, [8, 9, 1]], [56, 1], [62, 2], [68, 3], [95, 3]]",[1.2075047982786446e-05]
layer_5,976,"[[25, [49, 1, 1, 1, 1]], [27, [1, 4, 2, 1, 1]], [29, [8, 3, 3]], [56, 1], [62, 3], [68, 2], [95, 2]]",[1.2013225061741652e-05]
layer_5,977,"[[25, [1, 49, 1, 1, 1]], [27, [1, 4, 2, 1, 1]], [29, [8, 9, 1]], [56, 1], [62, 3], [68, 2], [95, 2]]",[1.2015638274867853e-05]
layer_5,978,"[[25, [7, 7, 1, 1, 1]], [27, [1, 4, 2, 1, 1]], [29, [8, 9, 1]], [56, 1], [62, 3], [68, 2], [95, 3]]",[1.2046496892265192e-05]
layer_5,979,"[[25, [7, 7, 1, 1, 1]], [27, [1, 4, 2, 1, 1]], [29, [8, 9, 1]], [56, 1], [62, 3], [68, 2], [95, 2]]",[1.204573620225928e-05]
layer_5,980,"[[25, [7, 7, 1, 1, 1]], [27, [1, 4, 2, 1, 1]], [29, [8, 3, 3]], [56, 1], [62, 3], [68, 2], [95, 2]]",[1.2046652178590639e-05]
layer_5,981,"[[25, [1, 49, 1, 1, 1]], [27, [1, 4, 2, 1, 1]], [29, [8, 3, 3]], [56, 2], [62, 3], [68, 3], [95, 3]]",[1.1721093099547511e-05]
layer_5,982,"[[25, [49, 1, 1, 1, 1]], [27, [1, 4, 2, 1, 1]], [29, [8, 9, 1]], [56, 2], [62, 3], [68, 3], [95, 2]]",[1.1701588199697428e-05]
layer_5,983,"[[25, [7, 7, 1, 1, 1]], [27, [1, 4, 2, 1, 1]], [29, [8, 9, 1]], [56, 0], [62, 1], [68, 3], [95, 2]]",[1.0858174159578776e-05]
layer_5,984,"[[25, [49, 1, 1, 1, 1]], [27, [1, 4, 2, 1, 1]], [29, [8, 3, 3]], [56, 2], [62, 3], [68, 3], [95, 3]]",[1.1702486836776022e-05]
layer_5,985,"[[25, [49, 1, 1, 1, 1]], [27, [1, 4, 2, 1, 1]], [29, [8, 3, 3]], [56, 1], [62, 3], [68, 3], [95, 2]]",[1.1764626257831783e-05]
layer_5,986,"[[25, [7, 7, 1, 1, 1]], [27, [4, 1, 2, 1, 1]], [29, [8, 9, 1]], [56, 0], [62, 2], [68, 2], [95, 2]]",[1.2109421232486616e-05]
layer_5,987,"[[25, [1, 49, 1, 1, 1]], [27, [1, 4, 2, 1, 1]], [29, [8, 9, 1]], [56, 1], [62, 3], [68, 3], [95, 3]]",[1.177918977104454e-05]
layer_5,988,"[[25, [1, 49, 1, 1, 1]], [27, [1, 4, 2, 1, 1]], [29, [8, 3, 3]], [56, 1], [62, 3], [68, 3], [95, 3]]",[1.1797462636695018e-05]
layer_5,989,"[[25, [1, 49, 1, 1, 1]], [27, [1, 4, 2, 1, 1]], [29, [8, 9, 1]], [56, 1], [62, 3], [68, 3], [95, 2]]",[1.1780599079263411e-05]
layer_5,990,"[[25, [49, 1, 1, 1, 1]], [27, [1, 4, 2, 1, 1]], [29, [8, 9, 1]], [56, 0], [62, 2], [68, 3], [95, 2]]",[1.2305305589307412e-05]
layer_5,991,"[[25, [49, 1, 1, 1, 1]], [27, [4, 1, 2, 1, 1]], [29, [8, 3, 3]], [56, 1], [62, 3], [68, 3], [95, 2]]",[1.1772859924690695e-05]
layer_5,992,"[[25, [49, 1, 1, 1, 1]], [27, [4, 1, 2, 1, 1]], [29, [8, 9, 1]], [56, 1], [62, 3], [68, 3], [95, 2]]",[1.177819836400818e-05]
layer_5,993,"[[25, [49, 1, 1, 1, 1]], [27, [4, 1, 2, 1, 1]], [29, [8, 3, 3]], [56, 2], [62, 1], [68, 1], [95, 3]]",[1.2675456374394835e-05]
layer_5,994,"[[25, [49, 1, 1, 1, 1]], [27, [4, 1, 2, 1, 1]], [29, [8, 3, 3]], [56, 2], [62, 1], [68, 1], [95, 2]]",[1.2673676815492201e-05]
layer_5,995,"[[25, [49, 1, 1, 1, 1]], [27, [4, 1, 2, 1, 1]], [29, [8, 9, 1]], [56, 1], [62, 3], [68, 3], [95, 3]]",[1.177972640745241e-05]
layer_5,996,"[[25, [1, 49, 1, 1, 1]], [27, [4, 1, 2, 1, 1]], [29, [8, 9, 1]], [56, 2], [62, 2], [68, 3], [95, 3]]",[1.2558612899959498e-05]
layer_5,997,"[[25, [1, 49, 1, 1, 1]], [27, [1, 4, 2, 1, 1]], [29, [8, 3, 3]], [56, 0], [62, 2], [68, 3], [95, 3]]",[1.2355297373464096e-05]
layer_5,998,"[[25, [7, 1, 7, 1, 1]], [27, [1, 4, 2, 1, 1]], [29, [8, 3, 3]], [56, 2], [62, 0], [68, 1], [95, 2]]",[2.2659217876106196e-05]
layer_5,999,"[[25, [1, 7, 1, 7, 1]], [27, [2, 2, 1, 2, 1]], [29, [36, 2, 1]], [56, 0], [62, 3], [68, 1], [95, 3]]",[5.463091302724897e-05]
