layer,trial_index,tile_size,execution_time
layer_6,0,"[[31, [13, 1, 1, 1, 1]], [33, [2, 1, 4, 1, 2]], [35, [24, 3, 1]], [62, 0], [68, 0], [74, 1], [101, 0]]",[0.00012625469951140064]
layer_6,1,"[[31, [1, 1, 13, 1, 1]], [33, [4, 1, 2, 1, 2]], [35, [36, 1, 2]], [62, 0], [68, 1], [74, 1], [101, 4]]",[7.043108823529413e-05]
layer_6,2,"[[31, [1, 13, 1, 1, 1]], [33, [8, 1, 1, 2, 1]], [35, [12, 6, 1]], [62, 0], [68, 3], [74, 2], [101, 2]]",[6.660434423331861e-05]
layer_6,3,"[[31, [1, 13, 1, 1, 1]], [33, [2, 2, 1, 2, 2]], [35, [4, 9, 2]], [62, 1], [68, 1], [74, 2], [101, 4]]",[4.354821495327103e-05]
layer_6,4,"[[31, [13, 1, 1, 1, 1]], [33, [1, 8, 1, 1, 2]], [35, [8, 3, 3]], [62, 0], [68, 0], [74, 0], [101, 2]]",[0.0001168624578313253]
layer_6,5,"[[31, [1, 1, 1, 13, 1]], [33, [1, 8, 2, 1, 1]], [35, [36, 2, 1]], [62, 2], [68, 2], [74, 2], [101, 0]]",[8.208603880914408e-05]
layer_6,6,"[[31, [1, 1, 1, 13, 1]], [33, [1, 4, 1, 4, 1]], [35, [72, 1, 1]], [62, 1], [68, 1], [74, 0], [101, 2]]",[0.000951428923076923]
layer_6,7,"[[31, [1, 1, 13, 1, 1]], [33, [4, 2, 2, 1, 1]], [35, [18, 2, 2]], [62, 2], [68, 2], [74, 0], [101, 2]]",[5.145672419992808e-05]
layer_6,8,"[[31, [13, 1, 1, 1, 1]], [33, [4, 1, 1, 2, 2]], [35, [24, 1, 3]], [62, 0], [68, 1], [74, 1], [101, 1]]",[0.00021064073306772908]
layer_6,9,"[[31, [13, 1, 1, 1, 1]], [33, [4, 1, 4, 1, 1]], [35, [12, 3, 2]], [62, 2], [68, 1], [74, 1], [101, 4]]",[2.6117247911921038e-05]
layer_6,10,"[[31, [1, 13, 1, 1, 1]], [33, [16, 1, 1, 1, 1]], [35, [18, 1, 4]], [62, 0], [68, 1], [74, 3], [101, 1]]",[5.868160175228992e-05]
layer_6,11,"[[31, [1, 13, 1, 1, 1]], [33, [4, 1, 2, 2, 1]], [35, [18, 2, 2]], [62, 2], [68, 2], [74, 0], [101, 4]]",[7.5383e-05]
layer_6,12,"[[31, [13, 1, 1, 1, 1]], [33, [1, 4, 2, 2, 1]], [35, [12, 3, 2]], [62, 2], [68, 2], [74, 2], [101, 3]]",[4.803133693870862e-05]
layer_6,13,"[[31, [1, 13, 1, 1, 1]], [33, [2, 1, 1, 8, 1]], [35, [12, 6, 1]], [62, 0], [68, 3], [74, 2], [101, 2]]",[0.00020254823741935486]
layer_6,14,"[[31, [1, 13, 1, 1, 1]], [33, [4, 1, 1, 2, 2]], [35, [6, 12, 1]], [62, 1], [68, 1], [74, 2], [101, 3]]",[7.636752423788106e-05]
layer_6,15,"[[31, [13, 1, 1, 1, 1]], [33, [2, 1, 1, 2, 4]], [35, [12, 6, 1]], [62, 1], [68, 2], [74, 0], [101, 2]]",[0.00024181095061728396]
layer_6,16,"[[31, [13, 1, 1, 1, 1]], [33, [2, 1, 8, 1, 1]], [35, [36, 1, 2]], [62, 1], [68, 0], [74, 1], [101, 1]]",[2.7762848139711463e-05]
layer_6,17,"[[31, [1, 1, 1, 13, 1]], [33, [2, 1, 1, 4, 2]], [35, [18, 2, 2]], [62, 0], [68, 2], [74, 3], [101, 2]]",[0.00100119552]
layer_6,18,"[[31, [1, 1, 13, 1, 1]], [33, [1, 8, 2, 1, 1]], [35, [18, 4, 1]], [62, 2], [68, 2], [74, 2], [101, 0]]",[5.447161380323054e-05]
layer_6,19,"[[31, [13, 1, 1, 1, 1]], [33, [1, 8, 1, 2, 1]], [35, [6, 6, 2]], [62, 1], [68, 3], [74, 2], [101, 4]]",[2.540557510308266e-05]
layer_6,20,"[[31, [1, 1, 13, 1, 1]], [33, [2, 4, 1, 1, 2]], [35, [36, 1, 2]], [62, 1], [68, 3], [74, 0], [101, 2]]",[9.334101262778112e-05]
layer_6,21,"[[31, [13, 1, 1, 1, 1]], [33, [1, 2, 8, 1, 1]], [35, [9, 2, 4]], [62, 0], [68, 0], [74, 2], [101, 3]]",[2.0447187395596056e-05]
layer_6,22,"[[31, [1, 1, 1, 13, 1]], [33, [4, 4, 1, 1, 1]], [35, [18, 1, 4]], [62, 0], [68, 1], [74, 1], [101, 3]]",[0.00010219513684210527]
layer_6,23,"[[31, [1, 1, 13, 1, 1]], [33, [4, 1, 1, 4, 1]], [35, [18, 4, 1]], [62, 3], [68, 3], [74, 0], [101, 2]]",[9.090025520523497e-05]
layer_6,24,"[[31, [1, 1, 13, 1, 1]], [33, [2, 8, 1, 1, 1]], [35, [24, 3, 1]], [62, 2], [68, 2], [74, 0], [101, 0]]",[0.00010028404993429699]
layer_6,25,"[[31, [13, 1, 1, 1, 1]], [33, [1, 8, 1, 2, 1]], [35, [8, 3, 3]], [62, 0], [68, 1], [74, 2], [101, 4]]",[1.9574442176870747e-05]
layer_6,26,"[[31, [1, 1, 13, 1, 1]], [33, [4, 2, 1, 2, 1]], [35, [24, 3, 1]], [62, 2], [68, 2], [74, 0], [101, 3]]",[4.67903990131579e-05]
layer_6,27,"[[31, [1, 1, 13, 1, 1]], [33, [4, 2, 1, 1, 2]], [35, [18, 1, 4]], [62, 1], [68, 0], [74, 2], [101, 0]]",[9.497853032178219e-05]
layer_6,28,"[[31, [1, 13, 1, 1, 1]], [33, [2, 2, 1, 2, 2]], [35, [4, 9, 2]], [62, 1], [68, 0], [74, 2], [101, 4]]",[3.971804783417486e-05]
layer_6,29,"[[31, [1, 1, 1, 13, 1]], [33, [4, 1, 1, 1, 4]], [35, [18, 2, 2]], [62, 0], [68, 0], [74, 1], [101, 3]]",[0.0001517859399806389]
layer_6,30,"[[31, [1, 1, 1, 13, 1]], [33, [2, 8, 1, 1, 1]], [35, [24, 3, 1]], [62, 0], [68, 3], [74, 2], [101, 1]]",[0.0011786842705882354]
layer_6,31,"[[31, [1, 1, 1, 13, 1]], [33, [4, 1, 1, 1, 4]], [35, [18, 1, 4]], [62, 0], [68, 1], [74, 1], [101, 3]]",[0.00015115853314121038]
layer_6,32,"[[31, [1, 1, 13, 1, 1]], [33, [4, 4, 1, 1, 1]], [35, [36, 1, 2]], [62, 1], [68, 1], [74, 2], [101, 1]]",[4.5868744835965985e-05]
layer_6,33,"[[31, [13, 1, 1, 1, 1]], [33, [2, 2, 1, 1, 4]], [35, [12, 6, 1]], [62, 2], [68, 2], [74, 1], [101, 2]]",[0.00011300860866318146]
layer_6,34,"[[31, [13, 1, 1, 1, 1]], [33, [2, 1, 2, 2, 2]], [35, [24, 3, 1]], [62, 0], [68, 2], [74, 2], [101, 2]]",[7.701257620253165e-05]
layer_6,35,"[[31, [1, 13, 1, 1, 1]], [33, [4, 1, 1, 2, 2]], [35, [6, 12, 1]], [62, 1], [68, 1], [74, 3], [101, 3]]",[10000000000]
layer_6,36,"[[31, [1, 13, 1, 1, 1]], [33, [2, 1, 1, 4, 2]], [35, [18, 2, 2]], [62, 0], [68, 0], [74, 3], [101, 2]]",[7.062009042809043e-05]
layer_6,37,"[[31, [13, 1, 1, 1, 1]], [33, [1, 4, 2, 2, 1]], [35, [12, 6, 1]], [62, 2], [68, 2], [74, 2], [101, 2]]",[4.399496354799514e-05]
layer_6,38,"[[31, [1, 1, 13, 1, 1]], [33, [2, 2, 1, 1, 4]], [35, [72, 1, 1]], [62, 1], [68, 0], [74, 2], [101, 0]]",[6.862732210242589e-05]
layer_6,39,"[[31, [1, 13, 1, 1, 1]], [33, [8, 1, 1, 2, 1]], [35, [3, 12, 2]], [62, 2], [68, 0], [74, 2], [101, 3]]",[5.7997657012195124e-05]
layer_6,40,"[[31, [13, 1, 1, 1, 1]], [33, [1, 8, 1, 2, 1]], [35, [6, 12, 1]], [62, 1], [68, 3], [74, 2], [101, 4]]",[2.5286052177324444e-05]
layer_6,41,"[[31, [1, 1, 13, 1, 1]], [33, [1, 8, 2, 1, 1]], [35, [18, 4, 1]], [62, 2], [68, 3], [74, 3], [101, 0]]",[5.988056602221309e-05]
layer_6,42,"[[31, [1, 13, 1, 1, 1]], [33, [1, 4, 2, 2, 1]], [35, [12, 2, 3]], [62, 2], [68, 0], [74, 0], [101, 4]]",[1.7487470431893687e-05]
layer_6,43,"[[31, [1, 1, 1, 13, 1]], [33, [1, 8, 1, 1, 2]], [35, [18, 1, 4]], [62, 2], [68, 0], [74, 1], [101, 0]]",[0.0007625887867298578]
layer_6,44,"[[31, [1, 1, 13, 1, 1]], [33, [8, 1, 2, 1, 1]], [35, [72, 1, 1]], [62, 0], [68, 1], [74, 0], [101, 4]]",[8.619338920134983e-05]
layer_6,45,"[[31, [13, 1, 1, 1, 1]], [33, [1, 4, 1, 4, 1]], [35, [72, 1, 1]], [62, 0], [68, 0], [74, 1], [101, 1]]",[8.99012266508031e-05]
layer_6,46,"[[31, [13, 1, 1, 1, 1]], [33, [2, 4, 2, 1, 1]], [35, [18, 2, 2]], [62, 0], [68, 1], [74, 0], [101, 2]]",[4.021766403699674e-05]
layer_6,47,"[[31, [13, 1, 1, 1, 1]], [33, [1, 4, 1, 4, 1]], [35, [72, 1, 1]], [62, 0], [68, 2], [74, 3], [101, 0]]",[10000000000]
layer_6,48,"[[31, [13, 1, 1, 1, 1]], [33, [2, 1, 4, 1, 2]], [35, [8, 3, 3]], [62, 0], [68, 1], [74, 0], [101, 2]]",[7.1220484738041e-05]
layer_6,49,"[[31, [13, 1, 1, 1, 1]], [33, [2, 1, 8, 1, 1]], [35, [12, 2, 3]], [62, 1], [68, 0], [74, 3], [101, 2]]",[10000000000]
layer_6,50,"[[31, [1, 1, 1, 13, 1]], [33, [4, 4, 1, 1, 1]], [35, [18, 1, 4]], [62, 0], [68, 3], [74, 1], [101, 3]]",[6.800884449648712e-05]
layer_6,51,"[[31, [1, 1, 1, 13, 1]], [33, [2, 1, 2, 1, 4]], [35, [36, 2, 1]], [62, 1], [68, 3], [74, 0], [101, 0]]",[0.00028600165647482017]
layer_6,52,"[[31, [13, 1, 1, 1, 1]], [33, [4, 1, 1, 2, 2]], [35, [24, 1, 3]], [62, 0], [68, 0], [74, 1], [101, 4]]",[4.4324391532756484e-05]
layer_6,53,"[[31, [1, 1, 1, 13, 1]], [33, [2, 4, 1, 2, 1]], [35, [72, 1, 1]], [62, 2], [68, 1], [74, 1], [101, 2]]",[0.0008743846684782608]
layer_6,54,"[[31, [13, 1, 1, 1, 1]], [33, [2, 2, 4, 1, 1]], [35, [24, 3, 1]], [62, 1], [68, 2], [74, 1], [101, 3]]",[5.161163417227934e-05]
layer_6,55,"[[31, [13, 1, 1, 1, 1]], [33, [1, 1, 1, 4, 4]], [35, [24, 1, 3]], [62, 1], [68, 3], [74, 1], [101, 3]]",[0.00043073866486486494]
layer_6,56,"[[31, [1, 1, 13, 1, 1]], [33, [1, 8, 2, 1, 1]], [35, [24, 3, 1]], [62, 2], [68, 2], [74, 2], [101, 0]]",[7.687984405063291e-05]
layer_6,57,"[[31, [1, 13, 1, 1, 1]], [33, [1, 4, 2, 2, 1]], [35, [18, 2, 2]], [62, 0], [68, 3], [74, 3], [101, 2]]",[5.7523547206165706e-05]
layer_6,58,"[[31, [1, 13, 1, 1, 1]], [33, [4, 2, 2, 1, 1]], [35, [6, 12, 1]], [62, 1], [68, 1], [74, 2], [101, 1]]",[6.612680735163862e-05]
layer_6,59,"[[31, [1, 1, 1, 13, 1]], [33, [2, 1, 1, 8, 1]], [35, [18, 4, 1]], [62, 2], [68, 2], [74, 2], [101, 1]]",[0.0010868652905405404]
layer_6,60,"[[31, [1, 1, 13, 1, 1]], [33, [16, 1, 1, 1, 1]], [35, [18, 4, 1]], [62, 2], [68, 0], [74, 2], [101, 1]]",[9.016996668649613e-05]
layer_6,61,"[[31, [1, 13, 1, 1, 1]], [33, [1, 1, 2, 4, 2]], [35, [18, 2, 2]], [62, 2], [68, 3], [74, 1], [101, 2]]",[0.00029504142007434945]
layer_6,62,"[[31, [1, 1, 13, 1, 1]], [33, [1, 8, 2, 1, 1]], [35, [24, 1, 3]], [62, 0], [68, 3], [74, 1], [101, 1]]",[5.8392815256257454e-05]
layer_6,63,"[[31, [1, 13, 1, 1, 1]], [33, [1, 1, 4, 1, 4]], [35, [18, 1, 4]], [62, 1], [68, 1], [74, 3], [101, 4]]",[3.4404231601731606e-05]
layer_6,64,"[[31, [13, 1, 1, 1, 1]], [33, [8, 1, 2, 1, 1]], [35, [36, 1, 2]], [62, 1], [68, 1], [74, 2], [101, 1]]",[5.170218517179024e-05]
layer_6,65,"[[31, [1, 13, 1, 1, 1]], [33, [4, 1, 1, 4, 1]], [35, [18, 1, 4]], [62, 1], [68, 3], [74, 1], [101, 1]]",[0.00013282903986429177]
layer_6,66,"[[31, [13, 1, 1, 1, 1]], [33, [4, 4, 1, 1, 1]], [35, [36, 1, 2]], [62, 1], [68, 1], [74, 1], [101, 1]]",[1.5831957099468488e-05]
layer_6,67,"[[31, [1, 1, 13, 1, 1]], [33, [8, 2, 1, 1, 1]], [35, [72, 1, 1]], [62, 1], [68, 3], [74, 1], [101, 4]]",[10000000000]
layer_6,68,"[[31, [1, 1, 1, 13, 1]], [33, [2, 4, 1, 1, 2]], [35, [36, 1, 2]], [62, 1], [68, 3], [74, 3], [101, 2]]",[10000000000]
layer_6,69,"[[31, [1, 1, 13, 1, 1]], [33, [1, 8, 1, 1, 2]], [35, [24, 1, 3]], [62, 0], [68, 0], [74, 0], [101, 2]]",[4.5949446377728566e-05]
layer_6,70,"[[31, [1, 1, 13, 1, 1]], [33, [8, 2, 1, 1, 1]], [35, [24, 1, 3]], [62, 1], [68, 0], [74, 0], [101, 3]]",[2.7898090724989874e-05]
layer_6,71,"[[31, [1, 13, 1, 1, 1]], [33, [2, 2, 1, 1, 4]], [35, [6, 12, 1]], [62, 2], [68, 0], [74, 1], [101, 3]]",[6.0017664408130724e-05]
layer_6,72,"[[31, [1, 1, 13, 1, 1]], [33, [1, 4, 2, 1, 2]], [35, [18, 4, 1]], [62, 0], [68, 0], [74, 1], [101, 0]]",[4.0361626224156686e-05]
layer_6,73,"[[31, [1, 1, 13, 1, 1]], [33, [2, 2, 1, 4, 1]], [35, [72, 1, 1]], [62, 1], [68, 2], [74, 2], [101, 2]]",[0.0001129332099853157]
layer_6,74,"[[31, [1, 13, 1, 1, 1]], [33, [2, 2, 2, 2, 1]], [35, [6, 3, 4]], [62, 1], [68, 1], [74, 0], [101, 3]]",[1.5806245251262323e-05]
layer_6,75,"[[31, [1, 1, 13, 1, 1]], [33, [2, 2, 2, 1, 2]], [35, [18, 4, 1]], [62, 1], [68, 2], [74, 2], [101, 2]]",[4.937874661071659e-05]
layer_6,76,"[[31, [1, 1, 1, 13, 1]], [33, [4, 1, 1, 1, 4]], [35, [18, 1, 4]], [62, 2], [68, 1], [74, 3], [101, 1]]",[0.00017110313146551724]
layer_6,77,"[[31, [1, 1, 13, 1, 1]], [33, [4, 2, 1, 2, 1]], [35, [18, 2, 2]], [62, 2], [68, 0], [74, 0], [101, 0]]",[0.00010555453893442623]
layer_6,78,"[[31, [1, 1, 13, 1, 1]], [33, [2, 2, 2, 1, 2]], [35, [36, 2, 1]], [62, 1], [68, 2], [74, 1], [101, 0]]",[7.564759679037111e-05]
layer_6,79,"[[31, [1, 1, 13, 1, 1]], [33, [1, 8, 2, 1, 1]], [35, [24, 1, 3]], [62, 0], [68, 0], [74, 1], [101, 2]]",[4.2035679498146565e-05]
layer_6,80,"[[31, [1, 13, 1, 1, 1]], [33, [4, 1, 4, 1, 1]], [35, [12, 6, 1]], [62, 1], [68, 2], [74, 3], [101, 1]]",[10000000000]
layer_6,81,"[[31, [13, 1, 1, 1, 1]], [33, [16, 1, 1, 1, 1]], [35, [36, 1, 2]], [62, 1], [68, 1], [74, 1], [101, 1]]",[1.572263502081375e-05]
layer_6,82,"[[31, [1, 1, 1, 13, 1]], [33, [2, 2, 1, 1, 4]], [35, [24, 3, 1]], [62, 0], [68, 3], [74, 2], [101, 1]]",[0.0012357783333333333]
layer_6,83,"[[31, [1, 13, 1, 1, 1]], [33, [1, 8, 1, 2, 1]], [35, [6, 12, 1]], [62, 0], [68, 3], [74, 2], [101, 4]]",[2.6230573652239935e-05]
layer_6,84,"[[31, [1, 1, 13, 1, 1]], [33, [4, 2, 1, 2, 1]], [35, [24, 3, 1]], [62, 2], [68, 1], [74, 1], [101, 3]]",[4.1180424951267055e-05]
layer_6,85,"[[31, [13, 1, 1, 1, 1]], [33, [2, 1, 1, 4, 2]], [35, [36, 2, 1]], [62, 0], [68, 3], [74, 3], [101, 2]]",[10000000000]
layer_6,86,"[[31, [1, 13, 1, 1, 1]], [33, [4, 2, 1, 2, 1]], [35, [9, 4, 2]], [62, 0], [68, 0], [74, 1], [101, 2]]",[5.7292204633204634e-05]
layer_6,87,"[[31, [1, 1, 13, 1, 1]], [33, [2, 2, 1, 1, 4]], [35, [72, 1, 1]], [62, 0], [68, 1], [74, 3], [101, 0]]",[10000000000]
layer_6,88,"[[31, [1, 1, 13, 1, 1]], [33, [4, 1, 1, 4, 1]], [35, [36, 2, 1]], [62, 0], [68, 3], [74, 0], [101, 3]]",[0.00012790478303425774]
layer_6,89,"[[31, [1, 13, 1, 1, 1]], [33, [8, 2, 1, 1, 1]], [35, [3, 24, 1]], [62, 2], [68, 1], [74, 3], [101, 4]]",[10000000000]
layer_6,90,"[[31, [1, 1, 1, 13, 1]], [33, [1, 4, 1, 4, 1]], [35, [72, 1, 1]], [62, 2], [68, 1], [74, 2], [101, 4]]",[0.00021531597035040432]
layer_6,91,"[[31, [1, 13, 1, 1, 1]], [33, [4, 4, 1, 1, 1]], [35, [6, 3, 4]], [62, 0], [68, 3], [74, 0], [101, 2]]",[0.00012939134548467274]
layer_6,92,"[[31, [1, 13, 1, 1, 1]], [33, [1, 2, 4, 2, 1]], [35, [24, 3, 1]], [62, 1], [68, 3], [74, 1], [101, 3]]",[8.532966462395545e-05]
layer_6,93,"[[31, [1, 13, 1, 1, 1]], [33, [4, 1, 2, 1, 2]], [35, [36, 1, 2]], [62, 0], [68, 0], [74, 1], [101, 0]]",[4.598350546780073e-05]
layer_6,94,"[[31, [1, 13, 1, 1, 1]], [33, [2, 2, 1, 4, 1]], [35, [18, 2, 2]], [62, 0], [68, 3], [74, 0], [101, 2]]",[9.924079096774194e-05]
layer_6,95,"[[31, [13, 1, 1, 1, 1]], [33, [1, 8, 2, 1, 1]], [35, [72, 1, 1]], [62, 2], [68, 3], [74, 0], [101, 4]]",[0.00010209974268617021]
layer_6,96,"[[31, [1, 13, 1, 1, 1]], [33, [2, 4, 1, 2, 1]], [35, [4, 9, 2]], [62, 1], [68, 0], [74, 2], [101, 4]]",[1.987007055845594e-05]
layer_6,97,"[[31, [13, 1, 1, 1, 1]], [33, [1, 4, 2, 2, 1]], [35, [36, 1, 2]], [62, 2], [68, 2], [74, 2], [101, 3]]",[6.889182839173405e-05]
layer_6,98,"[[31, [13, 1, 1, 1, 1]], [33, [1, 2, 1, 8, 1]], [35, [36, 2, 1]], [62, 0], [68, 2], [74, 1], [101, 4]]",[0.00018863533814681107]
layer_6,99,"[[31, [1, 13, 1, 1, 1]], [33, [2, 8, 1, 1, 1]], [35, [72, 1, 1]], [62, 2], [68, 2], [74, 3], [101, 4]]",[10000000000]
layer_6,100,"[[31, [13, 1, 1, 1, 1]], [33, [2, 1, 1, 2, 4]], [35, [8, 3, 3]], [62, 0], [68, 3], [74, 2], [101, 4]]",[8.841599539965498e-05]
layer_6,101,"[[31, [1, 1, 13, 1, 1]], [33, [1, 4, 2, 2, 1]], [35, [18, 4, 1]], [62, 0], [68, 2], [74, 1], [101, 0]]",[6.618800613496932e-05]
layer_6,102,"[[31, [1, 13, 1, 1, 1]], [33, [1, 2, 4, 2, 1]], [35, [24, 3, 1]], [62, 0], [68, 1], [74, 1], [101, 3]]",[8.351449891186073e-05]
layer_6,103,"[[31, [1, 13, 1, 1, 1]], [33, [4, 1, 1, 2, 2]], [35, [9, 2, 4]], [62, 1], [68, 0], [74, 2], [101, 2]]",[7.813348782961461e-05]
layer_6,104,"[[31, [1, 13, 1, 1, 1]], [33, [8, 2, 1, 1, 1]], [35, [6, 12, 1]], [62, 0], [68, 0], [74, 0], [101, 4]]",[1.8733668179754878e-05]
layer_6,105,"[[31, [13, 1, 1, 1, 1]], [33, [1, 4, 2, 2, 1]], [35, [12, 3, 2]], [62, 2], [68, 2], [74, 1], [101, 4]]",[6.585692012221738e-05]
layer_6,106,"[[31, [1, 13, 1, 1, 1]], [33, [4, 2, 1, 2, 1]], [35, [24, 1, 3]], [62, 2], [68, 2], [74, 3], [101, 0]]",[10000000000]
layer_6,107,"[[31, [1, 1, 13, 1, 1]], [33, [1, 4, 2, 1, 2]], [35, [18, 4, 1]], [62, 2], [68, 0], [74, 3], [101, 4]]",[5.3911574107464835e-05]
layer_6,108,"[[31, [1, 13, 1, 1, 1]], [33, [4, 1, 2, 2, 1]], [35, [36, 1, 2]], [62, 0], [68, 0], [74, 2], [101, 2]]",[5.990505141916906e-05]
layer_6,109,"[[31, [1, 1, 1, 13, 1]], [33, [2, 1, 1, 8, 1]], [35, [72, 1, 1]], [62, 0], [68, 3], [74, 0], [101, 3]]",[0.0004256481093333334]
layer_6,110,"[[31, [1, 13, 1, 1, 1]], [33, [1, 2, 2, 2, 2]], [35, [8, 9, 1]], [62, 0], [68, 2], [74, 0], [101, 4]]",[9.761555952380953e-05]
layer_6,111,"[[31, [1, 13, 1, 1, 1]], [33, [1, 1, 2, 4, 2]], [35, [18, 2, 2]], [62, 0], [68, 2], [74, 2], [101, 2]]",[0.0002237922657142857]
layer_6,112,"[[31, [1, 1, 13, 1, 1]], [33, [4, 1, 1, 4, 1]], [35, [36, 2, 1]], [62, 0], [68, 1], [74, 2], [101, 0]]",[0.00011381847498132936]
layer_6,113,"[[31, [13, 1, 1, 1, 1]], [33, [8, 2, 1, 1, 1]], [35, [6, 12, 1]], [62, 0], [68, 2], [74, 0], [101, 0]]",[9.898515506329113e-05]
layer_6,114,"[[31, [1, 13, 1, 1, 1]], [33, [2, 2, 1, 1, 4]], [35, [6, 12, 1]], [62, 1], [68, 0], [74, 1], [101, 3]]",[6.037730429594272e-05]
layer_6,115,"[[31, [1, 13, 1, 1, 1]], [33, [1, 4, 4, 1, 1]], [35, [6, 3, 4]], [62, 0], [68, 1], [74, 2], [101, 1]]",[3.6634741838955386e-05]
layer_6,116,"[[31, [1, 1, 1, 13, 1]], [33, [2, 1, 2, 1, 4]], [35, [72, 1, 1]], [62, 1], [68, 3], [74, 2], [101, 0]]",[0.00025333169711538466]
layer_6,117,"[[31, [1, 13, 1, 1, 1]], [33, [1, 8, 1, 1, 2]], [35, [6, 3, 4]], [62, 0], [68, 2], [74, 2], [101, 2]]",[8.892647264260768e-05]
layer_6,118,"[[31, [13, 1, 1, 1, 1]], [33, [2, 1, 4, 1, 2]], [35, [8, 3, 3]], [62, 0], [68, 3], [74, 0], [101, 1]]",[9.198139988221436e-05]
layer_6,119,"[[31, [1, 13, 1, 1, 1]], [33, [1, 4, 4, 1, 1]], [35, [36, 1, 2]], [62, 0], [68, 0], [74, 2], [101, 2]]",[4.205025227014756e-05]
layer_6,120,"[[31, [1, 13, 1, 1, 1]], [33, [8, 2, 1, 1, 1]], [35, [24, 1, 3]], [62, 1], [68, 0], [74, 0], [101, 3]]",[2.1112609397247268e-05]
layer_6,121,"[[31, [1, 1, 13, 1, 1]], [33, [2, 2, 1, 2, 2]], [35, [72, 1, 1]], [62, 1], [68, 2], [74, 2], [101, 2]]",[0.00011303923929098965]
layer_6,122,"[[31, [1, 13, 1, 1, 1]], [33, [1, 8, 1, 2, 1]], [35, [4, 6, 3]], [62, 2], [68, 2], [74, 2], [101, 1]]",[8.909591493158834e-05]
layer_6,123,"[[31, [13, 1, 1, 1, 1]], [33, [1, 1, 2, 4, 2]], [35, [18, 1, 4]], [62, 0], [68, 0], [74, 1], [101, 4]]",[5.9538226363279715e-05]
layer_6,124,"[[31, [13, 1, 1, 1, 1]], [33, [1, 4, 2, 2, 1]], [35, [12, 6, 1]], [62, 1], [68, 0], [74, 3], [101, 0]]",[10000000000]
layer_6,125,"[[31, [13, 1, 1, 1, 1]], [33, [2, 8, 1, 1, 1]], [35, [8, 9, 1]], [62, 2], [68, 0], [74, 2], [101, 3]]",[1.4623823034383266e-05]
layer_6,126,"[[31, [1, 13, 1, 1, 1]], [33, [1, 2, 4, 2, 1]], [35, [24, 1, 3]], [62, 0], [68, 0], [74, 2], [101, 0]]",[8.63263398328691e-05]
layer_6,127,"[[31, [1, 13, 1, 1, 1]], [33, [4, 1, 2, 1, 2]], [35, [36, 1, 2]], [62, 2], [68, 1], [74, 1], [101, 0]]",[7.780659866735008e-05]
layer_6,128,"[[31, [13, 1, 1, 1, 1]], [33, [2, 8, 1, 1, 1]], [35, [8, 3, 3]], [62, 2], [68, 0], [74, 0], [101, 4]]",[3.337624219640009e-05]
layer_6,129,"[[31, [13, 1, 1, 1, 1]], [33, [2, 8, 1, 1, 1]], [35, [8, 9, 1]], [62, 2], [68, 0], [74, 2], [101, 4]]",[8.692517941345603e-05]
layer_6,130,"[[31, [13, 1, 1, 1, 1]], [33, [2, 8, 1, 1, 1]], [35, [8, 9, 1]], [62, 2], [68, 0], [74, 1], [101, 4]]",[2.149683065618592e-05]
layer_6,131,"[[31, [13, 1, 1, 1, 1]], [33, [2, 8, 1, 1, 1]], [35, [8, 3, 3]], [62, 2], [68, 0], [74, 0], [101, 3]]",[2.004975959242159e-05]
layer_6,132,"[[31, [13, 1, 1, 1, 1]], [33, [2, 8, 1, 1, 1]], [35, [8, 9, 1]], [62, 2], [68, 0], [74, 0], [101, 3]]",[2.004935340274634e-05]
layer_6,133,"[[31, [13, 1, 1, 1, 1]], [33, [2, 8, 1, 1, 1]], [35, [4, 18, 1]], [62, 2], [68, 0], [74, 0], [101, 3]]",[1.7011481461794024e-05]
layer_6,134,"[[31, [13, 1, 1, 1, 1]], [33, [2, 8, 1, 1, 1]], [35, [24, 1, 3]], [62, 2], [68, 0], [74, 0], [101, 3]]",[2.5653745824922004e-05]
layer_6,135,"[[31, [13, 1, 1, 1, 1]], [33, [2, 8, 1, 1, 1]], [35, [36, 2, 1]], [62, 2], [68, 0], [74, 2], [101, 4]]",[6.994363325740318e-05]
layer_6,136,"[[31, [13, 1, 1, 1, 1]], [33, [16, 1, 1, 1, 1]], [35, [36, 1, 2]], [62, 2], [68, 1], [74, 1], [101, 1]]",[1.5228728043533282e-05]
layer_6,137,"[[31, [13, 1, 1, 1, 1]], [33, [16, 1, 1, 1, 1]], [35, [36, 1, 2]], [62, 2], [68, 1], [74, 1], [101, 0]]",[4.586973963935463e-05]
layer_6,138,"[[31, [13, 1, 1, 1, 1]], [33, [2, 8, 1, 1, 1]], [35, [8, 9, 1]], [62, 2], [68, 0], [74, 1], [101, 3]]",[1.5738438139534884e-05]
layer_6,139,"[[31, [13, 1, 1, 1, 1]], [33, [16, 1, 1, 1, 1]], [35, [36, 1, 2]], [62, 2], [68, 2], [74, 1], [101, 0]]",[3.3663662818662816e-05]
layer_6,140,"[[31, [13, 1, 1, 1, 1]], [33, [2, 8, 1, 1, 1]], [35, [72, 1, 1]], [62, 2], [68, 0], [74, 2], [101, 4]]",[0.0001804657695906433]
layer_6,141,"[[31, [13, 1, 1, 1, 1]], [33, [1, 16, 1, 1, 1]], [35, [72, 1, 1]], [62, 2], [68, 0], [74, 2], [101, 4]]",[0.00018015831958762885]
layer_6,142,"[[31, [1, 13, 1, 1, 1]], [33, [8, 2, 1, 1, 1]], [35, [6, 12, 1]], [62, 2], [68, 0], [74, 0], [101, 4]]",[1.8428571470160117e-05]
layer_6,143,"[[31, [13, 1, 1, 1, 1]], [33, [2, 8, 1, 1, 1]], [35, [4, 18, 1]], [62, 2], [68, 0], [74, 2], [101, 3]]",[1.1101855420543003e-05]
layer_6,144,"[[31, [13, 1, 1, 1, 1]], [33, [2, 8, 1, 1, 1]], [35, [8, 3, 3]], [62, 2], [68, 2], [74, 0], [101, 4]]",[4.0236262243735766e-05]
layer_6,145,"[[31, [13, 1, 1, 1, 1]], [33, [2, 8, 1, 1, 1]], [35, [72, 1, 1]], [62, 2], [68, 0], [74, 2], [101, 3]]",[6.933615213442324e-05]
layer_6,146,"[[31, [13, 1, 1, 1, 1]], [33, [2, 8, 1, 1, 1]], [35, [72, 1, 1]], [62, 2], [68, 3], [74, 2], [101, 0]]",[9.037296007046388e-05]
layer_6,147,"[[31, [13, 1, 1, 1, 1]], [33, [4, 4, 1, 1, 1]], [35, [36, 1, 2]], [62, 2], [68, 3], [74, 1], [101, 1]]",[9.587983229036295e-05]
layer_6,148,"[[31, [13, 1, 1, 1, 1]], [33, [16, 1, 1, 1, 1]], [35, [36, 2, 1]], [62, 2], [68, 1], [74, 3], [101, 1]]",[10000000000]
layer_6,149,"[[31, [13, 1, 1, 1, 1]], [33, [16, 1, 1, 1, 1]], [35, [36, 2, 1]], [62, 2], [68, 1], [74, 2], [101, 1]]",[1.749568560289613e-05]
layer_6,150,"[[31, [13, 1, 1, 1, 1]], [33, [16, 1, 1, 1, 1]], [35, [36, 1, 2]], [62, 2], [68, 1], [74, 2], [101, 1]]",[1.7500248120300752e-05]
layer_6,151,"[[31, [13, 1, 1, 1, 1]], [33, [16, 1, 1, 1, 1]], [35, [36, 1, 2]], [62, 2], [68, 1], [74, 3], [101, 1]]",[10000000000]
layer_6,152,"[[31, [13, 1, 1, 1, 1]], [33, [2, 8, 1, 1, 1]], [35, [36, 1, 2]], [62, 2], [68, 0], [74, 2], [101, 3]]",[5.8437711267605634e-05]
layer_6,153,"[[31, [1, 13, 1, 1, 1]], [33, [4, 4, 1, 1, 1]], [35, [6, 12, 1]], [62, 2], [68, 0], [74, 1], [101, 4]]",[1.9012843497428358e-05]
layer_6,154,"[[31, [13, 1, 1, 1, 1]], [33, [16, 1, 1, 1, 1]], [35, [36, 1, 2]], [62, 1], [68, 1], [74, 0], [101, 1]]",[1.615534638180565e-05]
layer_6,155,"[[31, [13, 1, 1, 1, 1]], [33, [2, 8, 1, 1, 1]], [35, [8, 9, 1]], [62, 2], [68, 2], [74, 1], [101, 4]]",[1.1786274301336574e-05]
layer_6,156,"[[31, [13, 1, 1, 1, 1]], [33, [2, 8, 1, 1, 1]], [35, [8, 3, 3]], [62, 2], [68, 2], [74, 1], [101, 4]]",[1.1785859924690694e-05]
layer_6,157,"[[31, [1, 13, 1, 1, 1]], [33, [4, 4, 1, 1, 1]], [35, [8, 9, 1]], [62, 1], [68, 0], [74, 2], [101, 4]]",[8.652459e-05]
layer_6,158,"[[31, [1, 13, 1, 1, 1]], [33, [4, 4, 1, 1, 1]], [35, [8, 3, 3]], [62, 1], [68, 0], [74, 2], [101, 4]]",[8.653991967403958e-05]
layer_6,159,"[[31, [13, 1, 1, 1, 1]], [33, [1, 16, 1, 1, 1]], [35, [72, 1, 1]], [62, 2], [68, 3], [74, 2], [101, 4]]",[0.00019680868467336683]
layer_6,160,"[[31, [13, 1, 1, 1, 1]], [33, [2, 8, 1, 1, 1]], [35, [36, 1, 2]], [62, 2], [68, 1], [74, 2], [101, 3]]",[1.6340457985320173e-05]
layer_6,161,"[[31, [13, 1, 1, 1, 1]], [33, [2, 8, 1, 1, 1]], [35, [72, 1, 1]], [62, 2], [68, 0], [74, 0], [101, 3]]",[7.18932708032708e-05]
layer_6,162,"[[31, [13, 1, 1, 1, 1]], [33, [2, 8, 1, 1, 1]], [35, [36, 2, 1]], [62, 2], [68, 2], [74, 1], [101, 3]]",[8.158191935483871e-05]
layer_6,163,"[[31, [1, 13, 1, 1, 1]], [33, [2, 2, 2, 1, 2]], [35, [6, 3, 4]], [62, 1], [68, 1], [74, 0], [101, 3]]",[1.588987851176917e-05]
layer_6,164,"[[31, [13, 1, 1, 1, 1]], [33, [4, 4, 1, 1, 1]], [35, [36, 1, 2]], [62, 1], [68, 1], [74, 1], [101, 0]]",[4.5803446063236215e-05]
layer_6,165,"[[31, [13, 1, 1, 1, 1]], [33, [2, 8, 1, 1, 1]], [35, [36, 2, 1]], [62, 1], [68, 0], [74, 1], [101, 3]]",[5.93506290909091e-05]
layer_6,166,"[[31, [13, 1, 1, 1, 1]], [33, [2, 8, 1, 1, 1]], [35, [72, 1, 1]], [62, 1], [68, 0], [74, 2], [101, 3]]",[6.927284334565619e-05]
layer_6,167,"[[31, [13, 1, 1, 1, 1]], [33, [4, 4, 1, 1, 1]], [35, [36, 1, 2]], [62, 1], [68, 2], [74, 1], [101, 1]]",[8.184641002785516e-05]
layer_6,168,"[[31, [13, 1, 1, 1, 1]], [33, [4, 4, 1, 1, 1]], [35, [36, 1, 2]], [62, 1], [68, 2], [74, 1], [101, 0]]",[3.3509565441348624e-05]
layer_6,169,"[[31, [13, 1, 1, 1, 1]], [33, [4, 4, 1, 1, 1]], [35, [36, 1, 2]], [62, 2], [68, 3], [74, 3], [101, 1]]",[10000000000]
layer_6,170,"[[31, [13, 1, 1, 1, 1]], [33, [4, 4, 1, 1, 1]], [35, [36, 1, 2]], [62, 2], [68, 3], [74, 2], [101, 1]]",[9.678104240506329e-05]
layer_6,171,"[[31, [13, 1, 1, 1, 1]], [33, [2, 8, 1, 1, 1]], [35, [36, 1, 2]], [62, 2], [68, 2], [74, 2], [101, 3]]",[7.999675787815127e-05]
layer_6,172,"[[31, [1, 13, 1, 1, 1]], [33, [2, 2, 2, 1, 2]], [35, [6, 3, 4]], [62, 1], [68, 3], [74, 0], [101, 3]]",[4.4259588654680716e-05]
layer_6,173,"[[31, [1, 13, 1, 1, 1]], [33, [2, 2, 2, 1, 2]], [35, [6, 3, 4]], [62, 1], [68, 2], [74, 0], [101, 3]]",[1.7502362794229306e-05]
layer_6,174,"[[31, [13, 1, 1, 1, 1]], [33, [2, 8, 1, 1, 1]], [35, [8, 9, 1]], [62, 2], [68, 1], [74, 2], [101, 3]]",[1.3003431551235316e-05]
layer_6,175,"[[31, [13, 1, 1, 1, 1]], [33, [4, 4, 1, 1, 1]], [35, [36, 1, 2]], [62, 1], [68, 3], [74, 1], [101, 0]]",[9.507289585870889e-05]
layer_6,176,"[[31, [13, 1, 1, 1, 1]], [33, [4, 4, 1, 1, 1]], [35, [36, 1, 2]], [62, 1], [68, 3], [74, 1], [101, 2]]",[9.596159874999999e-05]
layer_6,177,"[[31, [13, 1, 1, 1, 1]], [33, [4, 4, 1, 1, 1]], [35, [36, 1, 2]], [62, 1], [68, 3], [74, 1], [101, 1]]",[9.596521052631579e-05]
layer_6,178,"[[31, [13, 1, 1, 1, 1]], [33, [2, 8, 1, 1, 1]], [35, [4, 18, 1]], [62, 2], [68, 3], [74, 0], [101, 3]]",[3.277956685906686e-05]
layer_6,179,"[[31, [13, 1, 1, 1, 1]], [33, [2, 8, 1, 1, 1]], [35, [8, 9, 1]], [62, 2], [68, 3], [74, 0], [101, 3]]",[2.281147231715653e-05]
layer_6,180,"[[31, [13, 1, 1, 1, 1]], [33, [16, 1, 1, 1, 1]], [35, [36, 1, 2]], [62, 2], [68, 1], [74, 1], [101, 4]]",[1.5226973645680821e-05]
layer_6,181,"[[31, [13, 1, 1, 1, 1]], [33, [16, 1, 1, 1, 1]], [35, [36, 1, 2]], [62, 2], [68, 0], [74, 1], [101, 4]]",[6.221042163718635e-05]
layer_6,182,"[[31, [13, 1, 1, 1, 1]], [33, [16, 1, 1, 1, 1]], [35, [36, 1, 2]], [62, 1], [68, 3], [74, 0], [101, 1]]",[9.567512337259764e-05]
layer_6,183,"[[31, [1, 13, 1, 1, 1]], [33, [16, 1, 1, 1, 1]], [35, [6, 12, 1]], [62, 2], [68, 0], [74, 1], [101, 4]]",[1.8749187045123726e-05]
layer_6,184,"[[31, [13, 1, 1, 1, 1]], [33, [16, 1, 1, 1, 1]], [35, [72, 1, 1]], [62, 2], [68, 1], [74, 3], [101, 1]]",[10000000000]
layer_6,185,"[[31, [1, 13, 1, 1, 1]], [33, [8, 2, 1, 1, 1]], [35, [8, 9, 1]], [62, 2], [68, 1], [74, 0], [101, 4]]",[3.816321926006529e-05]
layer_6,186,"[[31, [1, 13, 1, 1, 1]], [33, [8, 2, 1, 1, 1]], [35, [8, 3, 3]], [62, 2], [68, 1], [74, 0], [101, 4]]",[3.820584085963003e-05]
layer_6,187,"[[31, [13, 1, 1, 1, 1]], [33, [1, 16, 1, 1, 1]], [35, [12, 3, 2]], [62, 2], [68, 1], [74, 0], [101, 4]]",[1.8463256340167045e-05]
layer_6,188,"[[31, [1, 13, 1, 1, 1]], [33, [2, 2, 2, 1, 2]], [35, [6, 3, 4]], [62, 1], [68, 0], [74, 0], [101, 3]]",[1.7593468510446414e-05]
layer_6,189,"[[31, [1, 1, 1, 13, 1]], [33, [4, 1, 1, 4, 1]], [35, [24, 3, 1]], [62, 2], [68, 2], [74, 2], [101, 2]]",[0.0011787685529411765]
layer_6,190,"[[31, [1, 13, 1, 1, 1]], [33, [4, 1, 2, 1, 2]], [35, [8, 3, 3]], [62, 0], [68, 3], [74, 1], [101, 1]]",[7.066685073937153e-05]
layer_6,191,"[[31, [13, 1, 1, 1, 1]], [33, [8, 2, 1, 1, 1]], [35, [8, 3, 3]], [62, 2], [68, 2], [74, 0], [101, 4]]",[4.0354841630276566e-05]
layer_6,192,"[[31, [13, 1, 1, 1, 1]], [33, [2, 8, 1, 1, 1]], [35, [4, 18, 1]], [62, 1], [68, 0], [74, 2], [101, 3]]",[1.1733177501012557e-05]
layer_6,193,"[[31, [13, 1, 1, 1, 1]], [33, [2, 8, 1, 1, 1]], [35, [4, 6, 3]], [62, 1], [68, 0], [74, 2], [101, 3]]",[1.1199299918995544e-05]
layer_6,194,"[[31, [13, 1, 1, 1, 1]], [33, [2, 8, 1, 1, 1]], [35, [4, 6, 3]], [62, 2], [68, 0], [74, 2], [101, 3]]",[1.1078651368831399e-05]
layer_6,195,"[[31, [13, 1, 1, 1, 1]], [33, [2, 8, 1, 1, 1]], [35, [4, 6, 3]], [62, 0], [68, 0], [74, 2], [101, 3]]",[1.123909677742194e-05]
layer_6,196,"[[31, [13, 1, 1, 1, 1]], [33, [2, 8, 1, 1, 1]], [35, [4, 18, 1]], [62, 0], [68, 0], [74, 2], [101, 3]]",[1.1242848319157552e-05]
layer_6,197,"[[31, [13, 1, 1, 1, 1]], [33, [2, 8, 1, 1, 1]], [35, [8, 9, 1]], [62, 1], [68, 1], [74, 1], [101, 3]]",[1.080711771406873e-05]
layer_6,198,"[[31, [13, 1, 1, 1, 1]], [33, [2, 8, 1, 1, 1]], [35, [8, 9, 1]], [62, 2], [68, 2], [74, 1], [101, 3]]",[1.1792174767112191e-05]
layer_6,199,"[[31, [13, 1, 1, 1, 1]], [33, [2, 8, 1, 1, 1]], [35, [8, 3, 3]], [62, 2], [68, 2], [74, 1], [101, 3]]",[1.2248215922538999e-05]
layer_6,200,"[[31, [13, 1, 1, 1, 1]], [33, [2, 8, 1, 1, 1]], [35, [4, 18, 1]], [62, 1], [68, 0], [74, 1], [101, 3]]",[1.2671930930607852e-05]
layer_6,201,"[[31, [13, 1, 1, 1, 1]], [33, [2, 8, 1, 1, 1]], [35, [4, 6, 3]], [62, 2], [68, 0], [74, 1], [101, 3]]",[1.2770760530579182e-05]
layer_6,202,"[[31, [13, 1, 1, 1, 1]], [33, [2, 8, 1, 1, 1]], [35, [4, 18, 1]], [62, 2], [68, 0], [74, 1], [101, 3]]",[1.2771191070467992e-05]
layer_6,203,"[[31, [13, 1, 1, 1, 1]], [33, [2, 8, 1, 1, 1]], [35, [4, 18, 1]], [62, 0], [68, 0], [74, 1], [101, 3]]",[1.2911361406117248e-05]
layer_6,204,"[[31, [13, 1, 1, 1, 1]], [33, [2, 8, 1, 1, 1]], [35, [4, 18, 1]], [62, 1], [68, 1], [74, 2], [101, 3]]",[1.4297901417362693e-05]
layer_6,205,"[[31, [13, 1, 1, 1, 1]], [33, [2, 8, 1, 1, 1]], [35, [4, 6, 3]], [62, 1], [68, 1], [74, 2], [101, 3]]",[1.4298441280328055e-05]
layer_6,206,"[[31, [13, 1, 1, 1, 1]], [33, [2, 8, 1, 1, 1]], [35, [4, 6, 3]], [62, 2], [68, 1], [74, 2], [101, 3]]",[1.3679736632598173e-05]
layer_6,207,"[[31, [13, 1, 1, 1, 1]], [33, [2, 8, 1, 1, 1]], [35, [4, 18, 1]], [62, 2], [68, 1], [74, 2], [101, 3]]",[1.3678320878898339e-05]
layer_6,208,"[[31, [13, 1, 1, 1, 1]], [33, [2, 8, 1, 1, 1]], [35, [8, 9, 1]], [62, 1], [68, 2], [74, 1], [101, 4]]",[1.1782425577156745e-05]
layer_6,209,"[[31, [13, 1, 1, 1, 1]], [33, [2, 8, 1, 1, 1]], [35, [8, 9, 1]], [62, 1], [68, 1], [74, 1], [101, 4]]",[1.0801761849915833e-05]
layer_6,210,"[[31, [13, 1, 1, 1, 1]], [33, [2, 8, 1, 1, 1]], [35, [8, 9, 1]], [62, 2], [68, 1], [74, 1], [101, 4]]",[1.0726045092082778e-05]
layer_6,211,"[[31, [13, 1, 1, 1, 1]], [33, [2, 8, 1, 1, 1]], [35, [8, 3, 3]], [62, 2], [68, 1], [74, 1], [101, 4]]",[1.0724502585863944e-05]
layer_6,212,"[[31, [13, 1, 1, 1, 1]], [33, [2, 8, 1, 1, 1]], [35, [4, 18, 1]], [62, 0], [68, 1], [74, 2], [101, 3]]",[1.4409386034855907e-05]
layer_6,213,"[[31, [13, 1, 1, 1, 1]], [33, [2, 8, 1, 1, 1]], [35, [8, 3, 3]], [62, 0], [68, 2], [74, 1], [101, 4]]",[1.2564738569123185e-05]
layer_6,214,"[[31, [13, 1, 1, 1, 1]], [33, [2, 8, 1, 1, 1]], [35, [8, 9, 1]], [62, 0], [68, 2], [74, 1], [101, 4]]",[1.2564011340623734e-05]
layer_6,215,"[[31, [13, 1, 1, 1, 1]], [33, [2, 8, 1, 1, 1]], [35, [8, 3, 3]], [62, 0], [68, 1], [74, 1], [101, 4]]",[1.0868359312701728e-05]
layer_6,216,"[[31, [13, 1, 1, 1, 1]], [33, [2, 8, 1, 1, 1]], [35, [8, 9, 1]], [62, 1], [68, 1], [74, 2], [101, 3]]",[1.3505882341028758e-05]
layer_6,217,"[[31, [13, 1, 1, 1, 1]], [33, [2, 8, 1, 1, 1]], [35, [4, 18, 1]], [62, 1], [68, 0], [74, 2], [101, 4]]",[7.678838903126601e-05]
layer_6,218,"[[31, [13, 1, 1, 1, 1]], [33, [2, 8, 1, 1, 1]], [35, [8, 9, 1]], [62, 1], [68, 1], [74, 1], [101, 3]]",[1.5045586078384226e-05]
layer_6,219,"[[31, [13, 1, 1, 1, 1]], [33, [2, 8, 1, 1, 1]], [35, [8, 9, 1]], [62, 2], [68, 1], [74, 1], [101, 3]]",[1.376438926853961e-05]
layer_6,220,"[[31, [13, 1, 1, 1, 1]], [33, [2, 8, 1, 1, 1]], [35, [8, 9, 1]], [62, 0], [68, 1], [74, 2], [101, 3]]",[1.4055074878967186e-05]
layer_6,221,"[[31, [13, 1, 1, 1, 1]], [33, [2, 8, 1, 1, 1]], [35, [8, 3, 3]], [62, 0], [68, 1], [74, 2], [101, 3]]",[1.4038946710963455e-05]
layer_6,222,"[[31, [13, 1, 1, 1, 1]], [33, [2, 8, 1, 1, 1]], [35, [4, 18, 1]], [62, 1], [68, 1], [74, 1], [101, 3]]",[1.5651831181979245e-05]
layer_6,223,"[[31, [13, 1, 1, 1, 1]], [33, [2, 8, 1, 1, 1]], [35, [4, 9, 2]], [62, 1], [68, 1], [74, 1], [101, 3]]",[1.5652624669391682e-05]
layer_6,224,"[[31, [13, 1, 1, 1, 1]], [33, [2, 8, 1, 1, 1]], [35, [4, 6, 3]], [62, 2], [68, 1], [74, 1], [101, 3]]",[1.538078106845882e-05]
layer_6,225,"[[31, [13, 1, 1, 1, 1]], [33, [2, 8, 1, 1, 1]], [35, [4, 18, 1]], [62, 2], [68, 1], [74, 1], [101, 3]]",[1.5382041321362797e-05]
layer_6,226,"[[31, [13, 1, 1, 1, 1]], [33, [2, 8, 1, 1, 1]], [35, [8, 9, 1]], [62, 1], [68, 2], [74, 2], [101, 4]]",[8.070185501858737e-05]
layer_6,227,"[[31, [13, 1, 1, 1, 1]], [33, [2, 8, 1, 1, 1]], [35, [8, 9, 1]], [62, 2], [68, 2], [74, 2], [101, 4]]",[8.070180317785751e-05]
layer_6,228,"[[31, [13, 1, 1, 1, 1]], [33, [2, 8, 1, 1, 1]], [35, [8, 3, 3]], [62, 2], [68, 2], [74, 2], [101, 4]]",[8.043963207057602e-05]
layer_6,229,"[[31, [13, 1, 1, 1, 1]], [33, [2, 8, 1, 1, 1]], [35, [8, 9, 1]], [62, 0], [68, 1], [74, 1], [101, 3]]",[1.4779996082396056e-05]
layer_6,230,"[[31, [13, 1, 1, 1, 1]], [33, [2, 8, 1, 1, 1]], [35, [8, 3, 3]], [62, 0], [68, 1], [74, 1], [101, 3]]",[1.4814590609972159e-05]
layer_6,231,"[[31, [13, 1, 1, 1, 1]], [33, [2, 8, 1, 1, 1]], [35, [8, 3, 3]], [62, 2], [68, 1], [74, 2], [101, 4]]",[6.897351727192205e-05]
layer_6,232,"[[31, [13, 1, 1, 1, 1]], [33, [2, 8, 1, 1, 1]], [35, [8, 9, 1]], [62, 0], [68, 2], [74, 2], [101, 4]]",[8.080680902957966e-05]
layer_6,233,"[[31, [13, 1, 1, 1, 1]], [33, [2, 8, 1, 1, 1]], [35, [8, 3, 3]], [62, 0], [68, 2], [74, 2], [101, 4]]",[8.044741839447103e-05]
layer_6,234,"[[31, [13, 1, 1, 1, 1]], [33, [2, 8, 1, 1, 1]], [35, [4, 18, 1]], [62, 1], [68, 2], [74, 2], [101, 3]]",[1.5916672088215022e-05]
layer_6,235,"[[31, [13, 1, 1, 1, 1]], [33, [2, 8, 1, 1, 1]], [35, [4, 18, 1]], [62, 2], [68, 2], [74, 2], [101, 3]]",[1.682020322540002e-05]
layer_6,236,"[[31, [13, 1, 1, 1, 1]], [33, [2, 8, 1, 1, 1]], [35, [8, 9, 1]], [62, 1], [68, 2], [74, 2], [101, 3]]",[1.8407761626287942e-05]
layer_6,237,"[[31, [13, 1, 1, 1, 1]], [33, [2, 8, 1, 1, 1]], [35, [8, 3, 3]], [62, 2], [68, 2], [74, 2], [101, 3]]",[1.727970766894457e-05]
layer_6,238,"[[31, [13, 1, 1, 1, 1]], [33, [2, 8, 1, 1, 1]], [35, [8, 9, 1]], [62, 1], [68, 2], [74, 1], [101, 3]]",[2.0136670742512847e-05]
layer_6,239,"[[31, [13, 1, 1, 1, 1]], [33, [2, 8, 1, 1, 1]], [35, [4, 18, 1]], [62, 1], [68, 2], [74, 1], [101, 3]]",[1.8393644361503602e-05]
layer_6,240,"[[31, [13, 1, 1, 1, 1]], [33, [2, 8, 1, 1, 1]], [35, [4, 18, 1]], [62, 1], [68, 1], [74, 1], [101, 4]]",[1.8305828305647844e-05]
layer_6,241,"[[31, [13, 1, 1, 1, 1]], [33, [2, 8, 1, 1, 1]], [35, [4, 9, 2]], [62, 2], [68, 1], [74, 1], [101, 4]]",[1.8288506892895017e-05]
layer_6,242,"[[31, [13, 1, 1, 1, 1]], [33, [2, 8, 1, 1, 1]], [35, [12, 3, 2]], [62, 0], [68, 1], [74, 1], [101, 3]]",[2.3458455245038476e-05]
layer_6,243,"[[31, [13, 1, 1, 1, 1]], [33, [1, 16, 1, 1, 1]], [35, [4, 18, 1]], [62, 1], [68, 0], [74, 2], [101, 3]]",[1.1483231845077999e-05]
layer_6,244,"[[31, [13, 1, 1, 1, 1]], [33, [2, 8, 1, 1, 1]], [35, [2, 36, 1]], [62, 1], [68, 0], [74, 1], [101, 4]]",[2.0687900296150046e-05]
layer_6,245,"[[31, [13, 1, 1, 1, 1]], [33, [2, 8, 1, 1, 1]], [35, [2, 36, 1]], [62, 0], [68, 0], [74, 1], [101, 4]]",[2.0785566438876234e-05]
layer_6,246,"[[31, [13, 1, 1, 1, 1]], [33, [2, 8, 1, 1, 1]], [35, [4, 9, 2]], [62, 1], [68, 2], [74, 1], [101, 4]]",[2.545032763857251e-05]
layer_6,247,"[[31, [13, 1, 1, 1, 1]], [33, [2, 8, 1, 1, 1]], [35, [4, 18, 1]], [62, 1], [68, 2], [74, 1], [101, 4]]",[2.544992947014e-05]
layer_6,248,"[[31, [13, 1, 1, 1, 1]], [33, [2, 8, 1, 1, 1]], [35, [4, 18, 1]], [62, 2], [68, 2], [74, 1], [101, 4]]",[2.5427413439635533e-05]
layer_6,249,"[[31, [13, 1, 1, 1, 1]], [33, [2, 8, 1, 1, 1]], [35, [2, 9, 4]], [62, 1], [68, 2], [74, 2], [101, 4]]",[0.00010539925136612022]
layer_6,250,"[[31, [13, 1, 1, 1, 1]], [33, [2, 8, 1, 1, 1]], [35, [8, 3, 3]], [62, 2], [68, 3], [74, 1], [101, 4]]",[1.3030524045185583e-05]
layer_6,251,"[[31, [13, 1, 1, 1, 1]], [33, [2, 8, 1, 1, 1]], [35, [8, 9, 1]], [62, 0], [68, 3], [74, 1], [101, 4]]",[1.3585544163528778e-05]
layer_6,252,"[[31, [13, 1, 1, 1, 1]], [33, [2, 8, 1, 1, 1]], [35, [2, 9, 4]], [62, 1], [68, 1], [74, 1], [101, 3]]",[2.1295944976076554e-05]
layer_6,253,"[[31, [1, 13, 1, 1, 1]], [33, [2, 2, 1, 4, 1]], [35, [8, 3, 3]], [62, 1], [68, 0], [74, 1], [101, 1]]",[0.00014335512750455372]
layer_6,254,"[[31, [1, 13, 1, 1, 1]], [33, [2, 4, 1, 1, 2]], [35, [8, 3, 3]], [62, 1], [68, 2], [74, 1], [101, 2]]",[0.00010220975452716298]
layer_6,255,"[[31, [13, 1, 1, 1, 1]], [33, [2, 4, 2, 1, 1]], [35, [3, 12, 2]], [62, 2], [68, 1], [74, 1], [101, 3]]",[3.6980641152049816e-05]
layer_6,256,"[[31, [13, 1, 1, 1, 1]], [33, [2, 8, 1, 1, 1]], [35, [8, 3, 3]], [62, 1], [68, 1], [74, 1], [101, 4]]",[1.1468037464560552e-05]
layer_6,257,"[[31, [13, 1, 1, 1, 1]], [33, [2, 8, 1, 1, 1]], [35, [8, 9, 1]], [62, 2], [68, 1], [74, 1], [101, 3]]",[1.0665007391656542e-05]
layer_6,258,"[[31, [13, 1, 1, 1, 1]], [33, [2, 8, 1, 1, 1]], [35, [8, 9, 1]], [62, 0], [68, 1], [74, 1], [101, 4]]",[1.0818773390036451e-05]
layer_6,259,"[[31, [13, 1, 1, 1, 1]], [33, [2, 8, 1, 1, 1]], [35, [8, 3, 3]], [62, 1], [68, 1], [74, 1], [101, 3]]",[1.075971016802816e-05]
layer_6,260,"[[31, [13, 1, 1, 1, 1]], [33, [2, 8, 1, 1, 1]], [35, [8, 9, 1]], [62, 0], [68, 1], [74, 1], [101, 3]]",[1.0849098332436795e-05]
layer_6,261,"[[31, [13, 1, 1, 1, 1]], [33, [2, 8, 1, 1, 1]], [35, [4, 9, 2]], [62, 2], [68, 0], [74, 2], [101, 3]]",[1.1089292426083435e-05]
layer_6,262,"[[31, [13, 1, 1, 1, 1]], [33, [2, 8, 1, 1, 1]], [35, [4, 9, 2]], [62, 1], [68, 0], [74, 2], [101, 3]]",[1.1181664230112018e-05]
layer_6,263,"[[31, [13, 1, 1, 1, 1]], [33, [1, 16, 1, 1, 1]], [35, [4, 6, 3]], [62, 1], [68, 0], [74, 2], [101, 3]]",[1.1459597193854897e-05]
layer_6,264,"[[31, [13, 1, 1, 1, 1]], [33, [1, 16, 1, 1, 1]], [35, [4, 18, 1]], [62, 0], [68, 0], [74, 2], [101, 3]]",[1.1563321486431756e-05]
layer_6,265,"[[31, [13, 1, 1, 1, 1]], [33, [2, 8, 1, 1, 1]], [35, [8, 3, 3]], [62, 2], [68, 0], [74, 1], [101, 3]]",[2.0351999999999998e-05]
layer_6,266,"[[31, [13, 1, 1, 1, 1]], [33, [2, 8, 1, 1, 1]], [35, [8, 3, 3]], [62, 1], [68, 2], [74, 1], [101, 4]]",[1.1738110356536502e-05]
layer_6,267,"[[31, [13, 1, 1, 1, 1]], [33, [1, 16, 1, 1, 1]], [35, [4, 6, 3]], [62, 2], [68, 0], [74, 2], [101, 3]]",[1.1068967496962331e-05]
layer_6,268,"[[31, [13, 1, 1, 1, 1]], [33, [2, 8, 1, 1, 1]], [35, [8, 9, 1]], [62, 1], [68, 0], [74, 1], [101, 3]]",[2.1570383062530774e-05]
layer_6,269,"[[31, [13, 1, 1, 1, 1]], [33, [2, 8, 1, 1, 1]], [35, [4, 9, 2]], [62, 2], [68, 0], [74, 1], [101, 3]]",[1.2745311003683241e-05]
layer_6,270,"[[31, [13, 1, 1, 1, 1]], [33, [2, 8, 1, 1, 1]], [35, [8, 9, 1]], [62, 1], [68, 3], [74, 1], [101, 4]]",[1.3014686682588423e-05]
layer_6,271,"[[31, [13, 1, 1, 1, 1]], [33, [2, 8, 1, 1, 1]], [35, [8, 3, 3]], [62, 1], [68, 3], [74, 1], [101, 4]]",[1.3014424308007745e-05]
layer_6,272,"[[31, [13, 1, 1, 1, 1]], [33, [2, 8, 1, 1, 1]], [35, [4, 6, 3]], [62, 0], [68, 0], [74, 1], [101, 3]]",[1.2879837788578371e-05]
layer_6,273,"[[31, [13, 1, 1, 1, 1]], [33, [2, 8, 1, 1, 1]], [35, [4, 9, 2]], [62, 1], [68, 0], [74, 1], [101, 3]]",[1.2624874949372216e-05]
layer_6,274,"[[31, [13, 1, 1, 1, 1]], [33, [2, 8, 1, 1, 1]], [35, [8, 9, 1]], [62, 1], [68, 2], [74, 1], [101, 3]]",[1.1736288477116241e-05]
layer_6,275,"[[31, [13, 1, 1, 1, 1]], [33, [2, 8, 1, 1, 1]], [35, [8, 3, 3]], [62, 1], [68, 2], [74, 1], [101, 3]]",[1.1736217011581545e-05]
layer_6,276,"[[31, [13, 1, 1, 1, 1]], [33, [2, 8, 1, 1, 1]], [35, [8, 3, 3]], [62, 0], [68, 0], [74, 1], [101, 3]]",[2.1605088593576967e-05]
layer_6,277,"[[31, [13, 1, 1, 1, 1]], [33, [2, 8, 1, 1, 1]], [35, [8, 9, 1]], [62, 0], [68, 0], [74, 1], [101, 3]]",[2.166551305173232e-05]
layer_6,278,"[[31, [13, 1, 1, 1, 1]], [33, [2, 8, 1, 1, 1]], [35, [8, 9, 1]], [62, 2], [68, 3], [74, 1], [101, 4]]",[1.3019709853428908e-05]
layer_6,279,"[[31, [13, 1, 1, 1, 1]], [33, [2, 8, 1, 1, 1]], [35, [8, 3, 3]], [62, 0], [68, 3], [74, 1], [101, 4]]",[1.3536299085529857e-05]
layer_6,280,"[[31, [13, 1, 1, 1, 1]], [33, [1, 16, 1, 1, 1]], [35, [4, 18, 1]], [62, 1], [68, 0], [74, 1], [101, 3]]",[1.2633171074777592e-05]
layer_6,281,"[[31, [13, 1, 1, 1, 1]], [33, [16, 1, 1, 1, 1]], [35, [4, 18, 1]], [62, 0], [68, 0], [74, 2], [101, 3]]",[1.1187376063183476e-05]
layer_6,282,"[[31, [13, 1, 1, 1, 1]], [33, [2, 8, 1, 1, 1]], [35, [8, 3, 3]], [62, 2], [68, 3], [74, 1], [101, 3]]",[1.3020388703604088e-05]
layer_6,283,"[[31, [13, 1, 1, 1, 1]], [33, [1, 16, 1, 1, 1]], [35, [4, 18, 1]], [62, 0], [68, 0], [74, 1], [101, 3]]",[1.2870451963421196e-05]
layer_6,284,"[[31, [13, 1, 1, 1, 1]], [33, [1, 16, 1, 1, 1]], [35, [8, 3, 3]], [62, 0], [68, 1], [74, 1], [101, 4]]",[1.0945060355029586e-05]
layer_6,285,"[[31, [13, 1, 1, 1, 1]], [33, [2, 8, 1, 1, 1]], [35, [4, 9, 2]], [62, 2], [68, 1], [74, 2], [101, 3]]",[1.3645371964414525e-05]
layer_6,286,"[[31, [13, 1, 1, 1, 1]], [33, [2, 8, 1, 1, 1]], [35, [4, 6, 3]], [62, 0], [68, 1], [74, 2], [101, 3]]",[1.4387439002164256e-05]
layer_6,287,"[[31, [13, 1, 1, 1, 1]], [33, [2, 8, 1, 1, 1]], [35, [4, 9, 2]], [62, 0], [68, 1], [74, 2], [101, 3]]",[1.4388419812454916e-05]
layer_6,288,"[[31, [13, 1, 1, 1, 1]], [33, [2, 8, 1, 1, 1]], [35, [8, 3, 3]], [62, 1], [68, 1], [74, 2], [101, 3]]",[1.347565138721351e-05]
layer_6,289,"[[31, [13, 1, 1, 1, 1]], [33, [2, 8, 1, 1, 1]], [35, [8, 3, 3]], [62, 2], [68, 1], [74, 1], [101, 3]]",[1.3729946621784084e-05]
layer_6,290,"[[31, [13, 1, 1, 1, 1]], [33, [2, 8, 1, 1, 1]], [35, [8, 3, 3]], [62, 1], [68, 3], [74, 1], [101, 3]]",[1.3016778913200288e-05]
layer_6,291,"[[31, [13, 1, 1, 1, 1]], [33, [2, 8, 1, 1, 1]], [35, [8, 9, 1]], [62, 1], [68, 3], [74, 1], [101, 3]]",[1.3015977217496964e-05]
layer_6,292,"[[31, [13, 1, 1, 1, 1]], [33, [2, 8, 1, 1, 1]], [35, [8, 3, 3]], [62, 2], [68, 1], [74, 1], [101, 4]]",[1.3732727645517714e-05]
layer_6,293,"[[31, [13, 1, 1, 1, 1]], [33, [2, 8, 1, 1, 1]], [35, [8, 9, 1]], [62, 2], [68, 1], [74, 1], [101, 4]]",[1.3730913669064747e-05]
layer_6,294,"[[31, [13, 1, 1, 1, 1]], [33, [2, 8, 1, 1, 1]], [35, [8, 9, 1]], [62, 0], [68, 1], [74, 1], [101, 4]]",[1.4774997475354651e-05]
layer_6,295,"[[31, [13, 1, 1, 1, 1]], [33, [2, 8, 1, 1, 1]], [35, [8, 9, 1]], [62, 2], [68, 1], [74, 1], [101, 2]]",[8.268658922742111e-05]
layer_6,296,"[[31, [13, 1, 1, 1, 1]], [33, [2, 8, 1, 1, 1]], [35, [8, 9, 1]], [62, 2], [68, 1], [74, 1], [101, 1]]",[8.530873537604457e-05]
layer_6,297,"[[31, [13, 1, 1, 1, 1]], [33, [2, 8, 1, 1, 1]], [35, [8, 3, 3]], [62, 1], [68, 1], [74, 1], [101, 3]]",[1.5029086798040777e-05]
layer_6,298,"[[31, [13, 1, 1, 1, 1]], [33, [2, 8, 1, 1, 1]], [35, [3, 6, 4]], [62, 1], [68, 1], [74, 2], [101, 3]]",[1.7353490480021454e-05]
layer_6,299,"[[31, [13, 1, 1, 1, 1]], [33, [16, 1, 1, 1, 1]], [35, [8, 3, 3]], [62, 1], [68, 1], [74, 1], [101, 4]]",[1.094907419509851e-05]
layer_6,300,"[[31, [13, 1, 1, 1, 1]], [33, [16, 1, 1, 1, 1]], [35, [4, 18, 1]], [62, 0], [68, 0], [74, 1], [101, 3]]",[1.2759688752556237e-05]
layer_6,301,"[[31, [13, 1, 1, 1, 1]], [33, [2, 8, 1, 1, 1]], [35, [8, 9, 1]], [62, 1], [68, 1], [74, 1], [101, 1]]",[8.475135332966429e-05]
layer_6,302,"[[31, [13, 1, 1, 1, 1]], [33, [1, 16, 1, 1, 1]], [35, [4, 18, 1]], [62, 1], [68, 1], [74, 2], [101, 3]]",[1.428311952662722e-05]
layer_6,303,"[[31, [13, 1, 1, 1, 1]], [33, [16, 1, 1, 1, 1]], [35, [4, 18, 1]], [62, 1], [68, 0], [74, 1], [101, 3]]",[1.2726573641742873e-05]
layer_6,304,"[[31, [13, 1, 1, 1, 1]], [33, [2, 8, 1, 1, 1]], [35, [4, 18, 1]], [62, 2], [68, 0], [74, 2], [101, 2]]",[0.00010338554124748491]
layer_6,305,"[[31, [13, 1, 1, 1, 1]], [33, [2, 8, 1, 1, 1]], [35, [4, 6, 3]], [62, 2], [68, 0], [74, 2], [101, 2]]",[0.00010349863648208468]
layer_6,306,"[[31, [13, 1, 1, 1, 1]], [33, [2, 8, 1, 1, 1]], [35, [4, 18, 1]], [62, 0], [68, 0], [74, 2], [101, 2]]",[0.00010320356250000001]
layer_6,307,"[[31, [13, 1, 1, 1, 1]], [33, [16, 1, 1, 1, 1]], [35, [8, 3, 3]], [62, 0], [68, 1], [74, 1], [101, 4]]",[1.1049891911048109e-05]
layer_6,308,"[[31, [13, 1, 1, 1, 1]], [33, [2, 8, 1, 1, 1]], [35, [6, 3, 4]], [62, 0], [68, 2], [74, 1], [101, 4]]",[3.245559775228284e-05]
layer_6,309,"[[31, [13, 1, 1, 1, 1]], [33, [2, 8, 1, 1, 1]], [35, [4, 18, 1]], [62, 0], [68, 1], [74, 1], [101, 3]]",[1.536334130599848e-05]
layer_6,310,"[[31, [13, 1, 1, 1, 1]], [33, [2, 8, 1, 1, 1]], [35, [4, 9, 2]], [62, 0], [68, 1], [74, 1], [101, 3]]",[1.536340146179402e-05]
layer_6,311,"[[31, [13, 1, 1, 1, 1]], [33, [16, 1, 1, 1, 1]], [35, [8, 3, 3]], [62, 2], [68, 1], [74, 1], [101, 4]]",[1.0934417471427305e-05]
layer_6,312,"[[31, [1, 13, 1, 1, 1]], [33, [1, 8, 2, 1, 1]], [35, [12, 2, 3]], [62, 2], [68, 0], [74, 0], [101, 4]]",[1.3206982482786555e-05]
layer_6,313,"[[31, [13, 1, 1, 1, 1]], [33, [2, 8, 1, 1, 1]], [35, [4, 18, 1]], [62, 1], [68, 0], [74, 2], [101, 2]]",[0.00010316062558606832]
layer_6,314,"[[31, [13, 1, 1, 1, 1]], [33, [2, 8, 1, 1, 1]], [35, [8, 3, 3]], [62, 2], [68, 0], [74, 1], [101, 1]]",[0.00010150595285524569]
layer_6,315,"[[31, [13, 1, 1, 1, 1]], [33, [2, 8, 1, 1, 1]], [35, [8, 3, 3]], [62, 2], [68, 0], [74, 1], [101, 2]]",[0.00010026819565217392]
layer_6,316,"[[31, [13, 1, 1, 1, 1]], [33, [2, 8, 1, 1, 1]], [35, [8, 9, 1]], [62, 2], [68, 0], [74, 1], [101, 1]]",[0.00010150341302931596]
layer_6,317,"[[31, [1, 13, 1, 1, 1]], [33, [1, 2, 1, 4, 2]], [35, [24, 3, 1]], [62, 2], [68, 0], [74, 0], [101, 4]]",[0.00012024561360123647]
layer_6,318,"[[31, [13, 1, 1, 1, 1]], [33, [1, 16, 1, 1, 1]], [35, [4, 18, 1]], [62, 1], [68, 3], [74, 3], [101, 4]]",[9.855768967741937e-05]
layer_6,319,"[[31, [1, 13, 1, 1, 1]], [33, [4, 2, 1, 1, 2]], [35, [24, 1, 3]], [62, 0], [68, 1], [74, 0], [101, 1]]",[0.00011122867867435158]
layer_6,320,"[[31, [13, 1, 1, 1, 1]], [33, [16, 1, 1, 1, 1]], [35, [8, 9, 1]], [62, 2], [68, 1], [74, 1], [101, 4]]",[1.153931618607455e-05]
layer_6,321,"[[31, [13, 1, 1, 1, 1]], [33, [16, 1, 1, 1, 1]], [35, [8, 3, 3]], [62, 2], [68, 1], [74, 1], [101, 3]]",[1.0909366337573571e-05]
layer_6,322,"[[31, [13, 1, 1, 1, 1]], [33, [16, 1, 1, 1, 1]], [35, [8, 9, 1]], [62, 1], [68, 1], [74, 1], [101, 4]]",[1.0923154706831628e-05]
layer_6,323,"[[31, [13, 1, 1, 1, 1]], [33, [1, 16, 1, 1, 1]], [35, [8, 3, 3]], [62, 1], [68, 1], [74, 1], [101, 4]]",[1.08141910051962e-05]
layer_6,324,"[[31, [13, 1, 1, 1, 1]], [33, [1, 16, 1, 1, 1]], [35, [8, 9, 1]], [62, 1], [68, 1], [74, 1], [101, 4]]",[1.0813737574200407e-05]
layer_6,325,"[[31, [13, 1, 1, 1, 1]], [33, [16, 1, 1, 1, 1]], [35, [8, 3, 3]], [62, 1], [68, 1], [74, 1], [101, 3]]",[1.0921504915863114e-05]
layer_6,326,"[[31, [13, 1, 1, 1, 1]], [33, [1, 16, 1, 1, 1]], [35, [8, 9, 1]], [62, 0], [68, 1], [74, 1], [101, 4]]",[1.0919871222818413e-05]
layer_6,327,"[[31, [13, 1, 1, 1, 1]], [33, [1, 16, 1, 1, 1]], [35, [4, 9, 2]], [62, 2], [68, 0], [74, 2], [101, 3]]",[1.1072803766707168e-05]
layer_6,328,"[[31, [13, 1, 1, 1, 1]], [33, [1, 16, 1, 1, 1]], [35, [4, 18, 1]], [62, 2], [68, 0], [74, 2], [101, 3]]",[1.1070835265786657e-05]
layer_6,329,"[[31, [13, 1, 1, 1, 1]], [33, [4, 4, 1, 1, 1]], [35, [8, 9, 1]], [62, 2], [68, 1], [74, 1], [101, 3]]",[1.0707772393018516e-05]
layer_6,330,"[[31, [13, 1, 1, 1, 1]], [33, [4, 4, 1, 1, 1]], [35, [8, 9, 1]], [62, 1], [68, 1], [74, 1], [101, 4]]",[1.0759251620089105e-05]
layer_6,331,"[[31, [13, 1, 1, 1, 1]], [33, [16, 1, 1, 1, 1]], [35, [8, 9, 1]], [62, 0], [68, 1], [74, 1], [101, 4]]",[1.1051291627112207e-05]
layer_6,332,"[[31, [13, 1, 1, 1, 1]], [33, [16, 1, 1, 1, 1]], [35, [8, 3, 3]], [62, 0], [68, 1], [74, 1], [101, 3]]",[1.1051792861211314e-05]
layer_6,333,"[[31, [13, 1, 1, 1, 1]], [33, [16, 1, 1, 1, 1]], [35, [8, 9, 1]], [62, 0], [68, 1], [74, 1], [101, 3]]",[1.1052472944750332e-05]
layer_6,334,"[[31, [13, 1, 1, 1, 1]], [33, [1, 16, 1, 1, 1]], [35, [8, 3, 3]], [62, 2], [68, 1], [74, 1], [101, 4]]",[1.0819182454150124e-05]
layer_6,335,"[[31, [13, 1, 1, 1, 1]], [33, [8, 2, 1, 1, 1]], [35, [8, 9, 1]], [62, 2], [68, 1], [74, 1], [101, 3]]",[1.0683156650376436e-05]
layer_6,336,"[[31, [13, 1, 1, 1, 1]], [33, [1, 16, 1, 1, 1]], [35, [8, 9, 1]], [62, 0], [68, 1], [74, 1], [101, 3]]",[1.0947576976869286e-05]
layer_6,337,"[[31, [13, 1, 1, 1, 1]], [33, [1, 16, 1, 1, 1]], [35, [8, 3, 3]], [62, 0], [68, 1], [74, 1], [101, 3]]",[1.0946388112596193e-05]
layer_6,338,"[[31, [13, 1, 1, 1, 1]], [33, [16, 1, 1, 1, 1]], [35, [4, 6, 3]], [62, 2], [68, 0], [74, 2], [101, 3]]",[1.1191954017896695e-05]
layer_6,339,"[[31, [13, 1, 1, 1, 1]], [33, [16, 1, 1, 1, 1]], [35, [4, 18, 1]], [62, 2], [68, 0], [74, 2], [101, 3]]",[1.1192108623298033e-05]
layer_6,340,"[[31, [13, 1, 1, 1, 1]], [33, [16, 1, 1, 1, 1]], [35, [4, 18, 1]], [62, 1], [68, 0], [74, 2], [101, 3]]",[1.1102668590522479e-05]
layer_6,341,"[[31, [13, 1, 1, 1, 1]], [33, [16, 1, 1, 1, 1]], [35, [4, 6, 3]], [62, 1], [68, 0], [74, 2], [101, 3]]",[1.1102698655190963e-05]
layer_6,342,"[[31, [13, 1, 1, 1, 1]], [33, [8, 2, 1, 1, 1]], [35, [8, 9, 1]], [62, 1], [68, 1], [74, 1], [101, 4]]",[1.0786227903028016e-05]
layer_6,343,"[[31, [13, 1, 1, 1, 1]], [33, [1, 16, 1, 1, 1]], [35, [4, 6, 3]], [62, 0], [68, 0], [74, 2], [101, 3]]",[1.1562140212644769e-05]
layer_6,344,"[[31, [13, 1, 1, 1, 1]], [33, [1, 16, 1, 1, 1]], [35, [4, 9, 2]], [62, 1], [68, 0], [74, 2], [101, 3]]",[1.1464207371405426e-05]
layer_6,345,"[[31, [13, 1, 1, 1, 1]], [33, [2, 8, 1, 1, 1]], [35, [4, 9, 2]], [62, 0], [68, 0], [74, 2], [101, 3]]",[1.1241544902221378e-05]
layer_6,346,"[[31, [13, 1, 1, 1, 1]], [33, [16, 1, 1, 1, 1]], [35, [8, 9, 1]], [62, 2], [68, 1], [74, 2], [101, 3]]",[1.296361593762657e-05]
layer_6,347,"[[31, [13, 1, 1, 1, 1]], [33, [2, 8, 1, 1, 1]], [35, [8, 3, 3]], [62, 0], [68, 1], [74, 1], [101, 3]]",[1.085189193877551e-05]
layer_6,348,"[[31, [13, 1, 1, 1, 1]], [33, [8, 2, 1, 1, 1]], [35, [8, 9, 1]], [62, 2], [68, 1], [74, 1], [101, 4]]",[1.0683317986845867e-05]
layer_6,349,"[[31, [13, 1, 1, 1, 1]], [33, [8, 2, 1, 1, 1]], [35, [8, 3, 3]], [62, 0], [68, 1], [74, 1], [101, 4]]",[1.0856680088584658e-05]
layer_6,350,"[[31, [13, 1, 1, 1, 1]], [33, [16, 1, 1, 1, 1]], [35, [4, 18, 1]], [62, 0], [68, 1], [74, 2], [101, 3]]",[1.4655617496297985e-05]
layer_6,351,"[[31, [13, 1, 1, 1, 1]], [33, [1, 16, 1, 1, 1]], [35, [4, 18, 1]], [62, 2], [68, 0], [74, 1], [101, 3]]",[1.273637902097902e-05]
layer_6,352,"[[31, [13, 1, 1, 1, 1]], [33, [1, 16, 1, 1, 1]], [35, [4, 9, 2]], [62, 2], [68, 0], [74, 1], [101, 3]]",[1.273604819795589e-05]
layer_6,353,"[[31, [1, 13, 1, 1, 1]], [33, [16, 1, 1, 1, 1]], [35, [8, 3, 3]], [62, 1], [68, 1], [74, 1], [101, 4]]",[1.088347336978534e-05]
layer_6,354,"[[31, [1, 13, 1, 1, 1]], [33, [16, 1, 1, 1, 1]], [35, [4, 18, 1]], [62, 1], [68, 0], [74, 2], [101, 3]]",[1.166472637325145e-05]
layer_6,355,"[[31, [13, 1, 1, 1, 1]], [33, [16, 1, 1, 1, 1]], [35, [8, 3, 3]], [62, 2], [68, 1], [74, 2], [101, 3]]",[1.017033648470062e-05]
layer_6,356,"[[31, [13, 1, 1, 1, 1]], [33, [4, 4, 1, 1, 1]], [35, [4, 6, 3]], [62, 2], [68, 0], [74, 2], [101, 3]]",[1.1200226913730254e-05]
layer_6,357,"[[31, [13, 1, 1, 1, 1]], [33, [16, 1, 1, 1, 1]], [35, [8, 9, 1]], [62, 0], [68, 1], [74, 1], [101, 3]]",[1.5330940891472868e-05]
layer_6,358,"[[31, [13, 1, 1, 1, 1]], [33, [1, 16, 1, 1, 1]], [35, [8, 3, 3]], [62, 1], [68, 2], [74, 1], [101, 4]]",[1.3568835602565544e-05]
layer_6,359,"[[31, [13, 1, 1, 1, 1]], [33, [1, 16, 1, 1, 1]], [35, [8, 9, 1]], [62, 1], [68, 2], [74, 1], [101, 4]]",[1.3615712008257828e-05]
layer_6,360,"[[31, [13, 1, 1, 1, 1]], [33, [4, 4, 1, 1, 1]], [35, [4, 6, 3]], [62, 1], [68, 0], [74, 2], [101, 3]]",[1.1193908464965573e-05]
layer_6,361,"[[31, [13, 1, 1, 1, 1]], [33, [1, 16, 1, 1, 1]], [35, [8, 9, 1]], [62, 0], [68, 2], [74, 1], [101, 4]]",[1.2369299464631508e-05]
layer_6,362,"[[31, [13, 1, 1, 1, 1]], [33, [1, 16, 1, 1, 1]], [35, [8, 3, 3]], [62, 0], [68, 2], [74, 1], [101, 4]]",[1.2368874645605507e-05]
layer_6,363,"[[31, [13, 1, 1, 1, 1]], [33, [8, 2, 1, 1, 1]], [35, [4, 6, 3]], [62, 2], [68, 0], [74, 2], [101, 3]]",[1.1168712737950587e-05]
layer_6,364,"[[31, [13, 1, 1, 1, 1]], [33, [1, 16, 1, 1, 1]], [35, [4, 9, 2]], [62, 0], [68, 0], [74, 1], [101, 3]]",[1.2871222700376546e-05]
layer_6,365,"[[31, [13, 1, 1, 1, 1]], [33, [1, 16, 1, 1, 1]], [35, [4, 9, 2]], [62, 1], [68, 0], [74, 1], [101, 3]]",[1.2629903052706892e-05]
layer_6,366,"[[31, [13, 1, 1, 1, 1]], [33, [2, 8, 1, 1, 1]], [35, [4, 6, 3]], [62, 1], [68, 0], [74, 1], [101, 3]]",[1.2627297074268567e-05]
layer_6,367,"[[31, [13, 1, 1, 1, 1]], [33, [16, 1, 1, 1, 1]], [35, [8, 9, 1]], [62, 2], [68, 2], [74, 1], [101, 3]]",[1.3639636148466918e-05]
layer_6,368,"[[31, [13, 1, 1, 1, 1]], [33, [16, 1, 1, 1, 1]], [35, [8, 3, 3]], [62, 2], [68, 2], [74, 1], [101, 3]]",[1.3639340346237075e-05]
layer_6,369,"[[31, [13, 1, 1, 1, 1]], [33, [2, 8, 1, 1, 1]], [35, [6, 12, 1]], [62, 0], [68, 0], [74, 2], [101, 3]]",[2.181325850340136e-05]
layer_6,370,"[[31, [13, 1, 1, 1, 1]], [33, [2, 8, 1, 1, 1]], [35, [4, 9, 2]], [62, 0], [68, 0], [74, 1], [101, 3]]",[1.2884327482567925e-05]
layer_6,371,"[[31, [13, 1, 1, 1, 1]], [33, [2, 8, 1, 1, 1]], [35, [8, 9, 1]], [62, 2], [68, 3], [74, 1], [101, 3]]",[1.3023544139423624e-05]
layer_6,372,"[[31, [13, 1, 1, 1, 1]], [33, [1, 16, 1, 1, 1]], [35, [8, 3, 3]], [62, 2], [68, 2], [74, 1], [101, 4]]",[1.367498963435471e-05]
layer_6,373,"[[31, [13, 1, 1, 1, 1]], [33, [16, 1, 1, 1, 1]], [35, [8, 3, 3]], [62, 1], [68, 2], [74, 1], [101, 3]]",[1.3752446906939215e-05]
layer_6,374,"[[31, [13, 1, 1, 1, 1]], [33, [1, 16, 1, 1, 1]], [35, [4, 18, 1]], [62, 2], [68, 1], [74, 2], [101, 3]]",[1.3776234878687778e-05]
layer_6,375,"[[31, [13, 1, 1, 1, 1]], [33, [2, 8, 1, 1, 1]], [35, [8, 3, 3]], [62, 0], [68, 2], [74, 1], [101, 3]]",[1.2528383431952663e-05]
layer_6,376,"[[31, [13, 1, 1, 1, 1]], [33, [2, 8, 1, 1, 1]], [35, [8, 3, 3]], [62, 2], [68, 1], [74, 2], [101, 3]]",[1.3002912413932765e-05]
layer_6,377,"[[31, [13, 1, 1, 1, 1]], [33, [1, 16, 1, 1, 1]], [35, [8, 9, 1]], [62, 2], [68, 1], [74, 0], [101, 3]]",[1.818043628365769e-05]
layer_6,378,"[[31, [13, 1, 1, 1, 1]], [33, [16, 1, 1, 1, 1]], [35, [4, 18, 1]], [62, 0], [68, 1], [74, 1], [101, 3]]",[1.5497491900784612e-05]
layer_6,379,"[[31, [13, 1, 1, 1, 1]], [33, [16, 1, 1, 1, 1]], [35, [4, 18, 1]], [62, 1], [68, 2], [74, 2], [101, 3]]",[1.6183939710387078e-05]
layer_6,380,"[[31, [13, 1, 1, 1, 1]], [33, [2, 8, 1, 1, 1]], [35, [8, 9, 1]], [62, 1], [68, 1], [74, 1], [101, 4]]",[1.5031525344572273e-05]
layer_6,381,"[[31, [13, 1, 1, 1, 1]], [33, [1, 4, 1, 2, 2]], [35, [24, 1, 3]], [62, 0], [68, 1], [74, 3], [101, 0]]",[10000000000]
layer_6,382,"[[31, [1, 1, 1, 13, 1]], [33, [1, 2, 4, 2, 1]], [35, [18, 1, 4]], [62, 0], [68, 1], [74, 2], [101, 0]]",[7.481434778373113e-05]
layer_6,383,"[[31, [13, 1, 1, 1, 1]], [33, [4, 1, 1, 4, 1]], [35, [24, 3, 1]], [62, 0], [68, 2], [74, 0], [101, 4]]",[0.00010390582396750171]
layer_6,384,"[[31, [13, 1, 1, 1, 1]], [33, [16, 1, 1, 1, 1]], [35, [8, 9, 1]], [62, 2], [68, 1], [74, 2], [101, 3]]",[1.1399852957939131e-05]
layer_6,385,"[[31, [1, 13, 1, 1, 1]], [33, [16, 1, 1, 1, 1]], [35, [8, 3, 3]], [62, 2], [68, 1], [74, 2], [101, 3]]",[1.0205767324852857e-05]
layer_6,386,"[[31, [1, 13, 1, 1, 1]], [33, [16, 1, 1, 1, 1]], [35, [8, 9, 1]], [62, 2], [68, 1], [74, 2], [101, 3]]",[1.0568080216441997e-05]
layer_6,387,"[[31, [13, 1, 1, 1, 1]], [33, [1, 16, 1, 1, 1]], [35, [8, 9, 1]], [62, 0], [68, 1], [74, 2], [101, 3]]",[1.0872387230867621e-05]
layer_6,388,"[[31, [13, 1, 1, 1, 1]], [33, [16, 1, 1, 1, 1]], [35, [8, 3, 3]], [62, 1], [68, 1], [74, 2], [101, 3]]",[1.1347666603253114e-05]
layer_6,389,"[[31, [13, 1, 1, 1, 1]], [33, [1, 16, 1, 1, 1]], [35, [8, 9, 1]], [62, 2], [68, 1], [74, 2], [101, 3]]",[1.0666553351053732e-05]
layer_6,390,"[[31, [13, 1, 1, 1, 1]], [33, [4, 4, 1, 1, 1]], [35, [8, 3, 3]], [62, 2], [68, 1], [74, 1], [101, 3]]",[1.0677132138517618e-05]
layer_6,391,"[[31, [13, 1, 1, 1, 1]], [33, [8, 2, 1, 1, 1]], [35, [8, 3, 3]], [62, 1], [68, 1], [74, 1], [101, 4]]",[1.0771665088757396e-05]
layer_6,392,"[[31, [13, 1, 1, 1, 1]], [33, [4, 4, 1, 1, 1]], [35, [8, 3, 3]], [62, 1], [68, 1], [74, 1], [101, 4]]",[1.0737892553518386e-05]
layer_6,393,"[[31, [13, 1, 1, 1, 1]], [33, [16, 1, 1, 1, 1]], [35, [8, 9, 1]], [62, 0], [68, 1], [74, 2], [101, 3]]",[1.0949106622114217e-05]
layer_6,394,"[[31, [13, 1, 1, 1, 1]], [33, [16, 1, 1, 1, 1]], [35, [8, 3, 3]], [62, 0], [68, 1], [74, 2], [101, 3]]",[1.0488855230681602e-05]
layer_6,395,"[[31, [13, 1, 1, 1, 1]], [33, [4, 4, 1, 1, 1]], [35, [8, 3, 3]], [62, 2], [68, 1], [74, 1], [101, 4]]",[1.0678218340611353e-05]
layer_6,396,"[[31, [13, 1, 1, 1, 1]], [33, [8, 2, 1, 1, 1]], [35, [8, 3, 3]], [62, 2], [68, 1], [74, 1], [101, 4]]",[1.0660797899084214e-05]
layer_6,397,"[[31, [13, 1, 1, 1, 1]], [33, [4, 4, 1, 1, 1]], [35, [8, 9, 1]], [62, 2], [68, 1], [74, 1], [101, 4]]",[1.0676860643921192e-05]
layer_6,398,"[[31, [13, 1, 1, 1, 1]], [33, [8, 2, 1, 1, 1]], [35, [8, 9, 1]], [62, 0], [68, 1], [74, 1], [101, 4]]",[1.0826948072906778e-05]
layer_6,399,"[[31, [13, 1, 1, 1, 1]], [33, [4, 4, 1, 1, 1]], [35, [8, 9, 1]], [62, 0], [68, 1], [74, 1], [101, 4]]",[1.0823934402885893e-05]
layer_6,400,"[[31, [13, 1, 1, 1, 1]], [33, [4, 4, 1, 1, 1]], [35, [8, 3, 3]], [62, 1], [68, 1], [74, 1], [101, 3]]",[1.073975175621796e-05]
layer_6,401,"[[31, [1, 13, 1, 1, 1]], [33, [16, 1, 1, 1, 1]], [35, [8, 9, 1]], [62, 1], [68, 1], [74, 1], [101, 4]]",[1.0870642265459449e-05]
layer_6,402,"[[31, [1, 13, 1, 1, 1]], [33, [16, 1, 1, 1, 1]], [35, [8, 3, 3]], [62, 0], [68, 1], [74, 1], [101, 4]]",[1.1036433358648187e-05]
layer_6,403,"[[31, [13, 1, 1, 1, 1]], [33, [8, 2, 1, 1, 1]], [35, [8, 9, 1]], [62, 1], [68, 1], [74, 1], [101, 3]]",[1.0806039995949777e-05]
layer_6,404,"[[31, [13, 1, 1, 1, 1]], [33, [4, 4, 1, 1, 1]], [35, [8, 3, 3]], [62, 0], [68, 1], [74, 1], [101, 3]]",[1.0858833016897666e-05]
layer_6,405,"[[31, [13, 1, 1, 1, 1]], [33, [4, 4, 1, 1, 1]], [35, [8, 9, 1]], [62, 0], [68, 1], [74, 1], [101, 3]]",[1.0858917781518562e-05]
layer_6,406,"[[31, [1, 13, 1, 1, 1]], [33, [16, 1, 1, 1, 1]], [35, [8, 3, 3]], [62, 2], [68, 1], [74, 1], [101, 4]]",[1.0861019845154401e-05]
layer_6,407,"[[31, [1, 13, 1, 1, 1]], [33, [16, 1, 1, 1, 1]], [35, [8, 9, 1]], [62, 2], [68, 1], [74, 1], [101, 4]]",[1.0860244532199271e-05]
layer_6,408,"[[31, [1, 13, 1, 1, 1]], [33, [16, 1, 1, 1, 1]], [35, [8, 3, 3]], [62, 0], [68, 1], [74, 1], [101, 3]]",[1.1037485000949307e-05]
layer_6,409,"[[31, [13, 1, 1, 1, 1]], [33, [16, 1, 1, 1, 1]], [35, [8, 9, 1]], [62, 2], [68, 1], [74, 1], [101, 3]]",[1.0947779096259729e-05]
layer_6,410,"[[31, [13, 1, 1, 1, 1]], [33, [4, 4, 1, 1, 1]], [35, [4, 9, 2]], [62, 2], [68, 0], [74, 2], [101, 3]]",[1.1205942790603484e-05]
layer_6,411,"[[31, [13, 1, 1, 1, 1]], [33, [4, 4, 1, 1, 1]], [35, [4, 18, 1]], [62, 2], [68, 0], [74, 2], [101, 3]]",[1.1205478718876355e-05]
layer_6,412,"[[31, [13, 1, 1, 1, 1]], [33, [2, 8, 1, 1, 1]], [35, [8, 3, 3]], [62, 2], [68, 1], [74, 1], [101, 3]]",[1.070796449591798e-05]
layer_6,413,"[[31, [13, 1, 1, 1, 1]], [33, [1, 16, 1, 1, 1]], [35, [8, 9, 1]], [62, 2], [68, 1], [74, 1], [101, 3]]",[1.0826152580828134e-05]
layer_6,414,"[[31, [13, 1, 1, 1, 1]], [33, [1, 16, 1, 1, 1]], [35, [8, 3, 3]], [62, 2], [68, 1], [74, 1], [101, 3]]",[1.0825684747798238e-05]
layer_6,415,"[[31, [13, 1, 1, 1, 1]], [33, [1, 16, 1, 1, 1]], [35, [8, 9, 1]], [62, 2], [68, 1], [74, 1], [101, 4]]",[1.0824151235935147e-05]
layer_6,416,"[[31, [13, 1, 1, 1, 1]], [33, [4, 4, 1, 1, 1]], [35, [4, 18, 1]], [62, 1], [68, 0], [74, 2], [101, 3]]",[1.119893201032304e-05]
layer_6,417,"[[31, [13, 1, 1, 1, 1]], [33, [16, 1, 1, 1, 1]], [35, [8, 9, 1]], [62, 1], [68, 1], [74, 1], [101, 3]]",[1.0958666318587432e-05]
layer_6,418,"[[31, [13, 1, 1, 1, 1]], [33, [4, 4, 1, 1, 1]], [35, [4, 18, 1]], [62, 0], [68, 0], [74, 2], [101, 3]]",[1.1330685114866149e-05]
layer_6,419,"[[31, [13, 1, 1, 1, 1]], [33, [8, 2, 1, 1, 1]], [35, [4, 18, 1]], [62, 1], [68, 0], [74, 2], [101, 3]]",[1.1309782798143412e-05]
layer_6,420,"[[31, [13, 1, 1, 1, 1]], [33, [8, 2, 1, 1, 1]], [35, [4, 6, 3]], [62, 1], [68, 0], [74, 2], [101, 3]]",[1.1310230457675174e-05]
layer_6,421,"[[31, [13, 1, 1, 1, 1]], [33, [8, 2, 1, 1, 1]], [35, [4, 18, 1]], [62, 0], [68, 0], [74, 2], [101, 3]]",[1.1356711421628189e-05]
layer_6,422,"[[31, [1, 13, 1, 1, 1]], [33, [16, 1, 1, 1, 1]], [35, [4, 6, 3]], [62, 2], [68, 0], [74, 2], [101, 3]]",[1.1405836814125689e-05]
layer_6,423,"[[31, [1, 13, 1, 1, 1]], [33, [16, 1, 1, 1, 1]], [35, [4, 18, 1]], [62, 2], [68, 0], [74, 2], [101, 3]]",[1.1391052496677425e-05]
layer_6,424,"[[31, [1, 13, 1, 1, 1]], [33, [16, 1, 1, 1, 1]], [35, [4, 6, 3]], [62, 1], [68, 0], [74, 2], [101, 3]]",[1.1674498341713919e-05]
layer_6,425,"[[31, [1, 13, 1, 1, 1]], [33, [16, 1, 1, 1, 1]], [35, [4, 6, 3]], [62, 0], [68, 0], [74, 2], [101, 3]]",[1.1891548498376623e-05]
layer_6,426,"[[31, [13, 1, 1, 1, 1]], [33, [1, 16, 1, 1, 1]], [35, [4, 9, 2]], [62, 0], [68, 0], [74, 2], [101, 3]]",[1.1575787881670313e-05]
layer_6,427,"[[31, [13, 1, 1, 1, 1]], [33, [16, 1, 1, 1, 1]], [35, [4, 6, 3]], [62, 0], [68, 0], [74, 2], [101, 3]]",[1.1195273115625592e-05]
layer_6,428,"[[31, [13, 1, 1, 1, 1]], [33, [4, 4, 1, 1, 1]], [35, [4, 6, 3]], [62, 2], [68, 0], [74, 1], [101, 3]]",[1.2842166305957398e-05]
layer_6,429,"[[31, [13, 1, 1, 1, 1]], [33, [16, 1, 1, 1, 1]], [35, [8, 3, 3]], [62, 1], [68, 1], [74, 3], [101, 3]]",[1.4172351634582526e-05]
layer_6,430,"[[31, [13, 1, 1, 1, 1]], [33, [16, 1, 1, 1, 1]], [35, [8, 9, 1]], [62, 1], [68, 1], [74, 3], [101, 3]]",[1.417256149796602e-05]
layer_6,431,"[[31, [13, 1, 1, 1, 1]], [33, [4, 4, 1, 1, 1]], [35, [4, 9, 2]], [62, 0], [68, 0], [74, 1], [101, 3]]",[1.2965745992469068e-05]
layer_6,432,"[[31, [13, 1, 1, 1, 1]], [33, [16, 1, 1, 1, 1]], [35, [8, 9, 1]], [62, 0], [68, 1], [74, 3], [101, 3]]",[1.426306094464195e-05]
layer_6,433,"[[31, [13, 1, 1, 1, 1]], [33, [1, 16, 1, 1, 1]], [35, [8, 3, 3]], [62, 1], [68, 1], [74, 3], [101, 3]]",[1.5550234371045305e-05]
layer_6,434,"[[31, [13, 1, 1, 1, 1]], [33, [8, 2, 1, 1, 1]], [35, [4, 6, 3]], [62, 0], [68, 0], [74, 1], [101, 3]]",[1.3028765838583145e-05]
layer_6,435,"[[31, [13, 1, 1, 1, 1]], [33, [1, 16, 1, 1, 1]], [35, [8, 3, 3]], [62, 2], [68, 1], [74, 3], [101, 3]]",[1.4142230103390238e-05]
layer_6,436,"[[31, [13, 1, 1, 1, 1]], [33, [16, 1, 1, 1, 1]], [35, [4, 18, 1]], [62, 2], [68, 0], [74, 1], [101, 3]]",[1.2625784804039432e-05]
layer_6,437,"[[31, [13, 1, 1, 1, 1]], [33, [1, 16, 1, 1, 1]], [35, [8, 9, 1]], [62, 0], [68, 2], [74, 1], [101, 3]]",[1.2373848046474541e-05]
layer_6,438,"[[31, [13, 1, 1, 1, 1]], [33, [1, 16, 1, 1, 1]], [35, [8, 3, 3]], [62, 2], [68, 3], [74, 2], [101, 3]]",[1.278078300161377e-05]
layer_6,439,"[[31, [13, 1, 1, 1, 1]], [33, [16, 1, 1, 1, 1]], [35, [8, 3, 3]], [62, 2], [68, 2], [74, 2], [101, 3]]",[1.1172445625759416e-05]
layer_6,440,"[[31, [13, 1, 1, 1, 1]], [33, [16, 1, 1, 1, 1]], [35, [8, 9, 1]], [62, 2], [68, 2], [74, 2], [101, 3]]",[1.112980801944107e-05]
layer_6,441,"[[31, [13, 1, 1, 1, 1]], [33, [1, 16, 1, 1, 1]], [35, [4, 6, 3]], [62, 2], [68, 0], [74, 1], [101, 3]]",[1.2737039806347499e-05]
layer_6,442,"[[31, [13, 1, 1, 1, 1]], [33, [1, 16, 1, 1, 1]], [35, [8, 3, 3]], [62, 2], [68, 2], [74, 1], [101, 3]]",[1.368331993799189e-05]
layer_6,443,"[[31, [13, 1, 1, 1, 1]], [33, [1, 16, 1, 1, 1]], [35, [8, 9, 1]], [62, 2], [68, 2], [74, 1], [101, 3]]",[1.3678525121032814e-05]
layer_6,444,"[[31, [1, 13, 1, 1, 1]], [33, [16, 1, 1, 1, 1]], [35, [8, 3, 3]], [62, 2], [68, 3], [74, 2], [101, 3]]",[1.2769648735879506e-05]
layer_6,445,"[[31, [13, 1, 1, 1, 1]], [33, [1, 8, 1, 1, 2]], [35, [36, 1, 2]], [62, 2], [68, 1], [74, 0], [101, 3]]",[5.4340418502202644e-05]
layer_6,446,"[[31, [1, 1, 13, 1, 1]], [33, [4, 1, 2, 2, 1]], [35, [24, 1, 3]], [62, 1], [68, 2], [74, 0], [101, 1]]",[5.502865741074649e-05]
layer_6,447,"[[31, [1, 1, 1, 13, 1]], [33, [1, 4, 2, 2, 1]], [35, [24, 3, 1]], [62, 2], [68, 1], [74, 2], [101, 4]]",[0.00019269167607361963]
layer_6,448,"[[31, [13, 1, 1, 1, 1]], [33, [8, 2, 1, 1, 1]], [35, [8, 3, 3]], [62, 2], [68, 1], [74, 1], [101, 3]]",[1.1383549412717699e-05]
layer_6,449,"[[31, [1, 13, 1, 1, 1]], [33, [16, 1, 1, 1, 1]], [35, [8, 3, 3]], [62, 2], [68, 1], [74, 1], [101, 3]]",[1.0834725175621795e-05]
layer_6,450,"[[31, [1, 13, 1, 1, 1]], [33, [16, 1, 1, 1, 1]], [35, [8, 9, 1]], [62, 2], [68, 1], [74, 1], [101, 3]]",[1.0835894694208182e-05]
layer_6,451,"[[31, [13, 1, 1, 1, 1]], [33, [1, 16, 1, 1, 1]], [35, [8, 3, 3]], [62, 0], [68, 1], [74, 2], [101, 3]]",[1.0446396473819439e-05]
layer_6,452,"[[31, [1, 13, 1, 1, 1]], [33, [16, 1, 1, 1, 1]], [35, [8, 9, 1]], [62, 1], [68, 1], [74, 2], [101, 3]]",[1.1011912014381305e-05]
layer_6,453,"[[31, [1, 13, 1, 1, 1]], [33, [16, 1, 1, 1, 1]], [35, [8, 3, 3]], [62, 1], [68, 1], [74, 2], [101, 3]]",[1.1016142641977497e-05]
layer_6,454,"[[31, [13, 1, 1, 1, 1]], [33, [1, 16, 1, 1, 1]], [35, [8, 3, 3]], [62, 2], [68, 1], [74, 2], [101, 3]]",[1.0125127974081199e-05]
layer_6,455,"[[31, [13, 1, 1, 1, 1]], [33, [4, 4, 1, 1, 1]], [35, [8, 9, 1]], [62, 1], [68, 1], [74, 1], [101, 3]]",[1.0756206534199463e-05]
layer_6,456,"[[31, [1, 13, 1, 1, 1]], [33, [16, 1, 1, 1, 1]], [35, [8, 3, 3]], [62, 0], [68, 1], [74, 2], [101, 3]]",[1.0585368426048985e-05]
layer_6,457,"[[31, [1, 13, 1, 1, 1]], [33, [16, 1, 1, 1, 1]], [35, [8, 9, 1]], [62, 0], [68, 1], [74, 2], [101, 3]]",[1.0713298746914751e-05]
layer_6,458,"[[31, [13, 1, 1, 1, 1]], [33, [1, 16, 1, 1, 1]], [35, [8, 9, 1]], [62, 1], [68, 1], [74, 2], [101, 3]]",[1.1022607746100053e-05]
layer_6,459,"[[31, [13, 1, 1, 1, 1]], [33, [1, 16, 1, 1, 1]], [35, [8, 3, 3]], [62, 1], [68, 1], [74, 2], [101, 3]]",[1.1210428231713117e-05]
layer_6,460,"[[31, [13, 1, 1, 1, 1]], [33, [4, 4, 1, 1, 1]], [35, [8, 3, 3]], [62, 0], [68, 1], [74, 1], [101, 4]]",[1.084265307884136e-05]
layer_6,461,"[[31, [1, 13, 1, 1, 1]], [33, [16, 1, 1, 1, 1]], [35, [8, 3, 3]], [62, 1], [68, 1], [74, 1], [101, 3]]",[1.0894343184616842e-05]
layer_6,462,"[[31, [1, 13, 1, 1, 1]], [33, [16, 1, 1, 1, 1]], [35, [8, 9, 1]], [62, 1], [68, 1], [74, 1], [101, 3]]",[1.0894577353164695e-05]
layer_6,463,"[[31, [13, 1, 1, 1, 1]], [33, [8, 2, 1, 1, 1]], [35, [8, 9, 1]], [62, 0], [68, 1], [74, 1], [101, 3]]",[1.0851368805771785e-05]
layer_6,464,"[[31, [1, 13, 1, 1, 1]], [33, [16, 1, 1, 1, 1]], [35, [8, 9, 1]], [62, 0], [68, 1], [74, 1], [101, 3]]",[1.1045960318967154e-05]
layer_6,465,"[[31, [1, 13, 1, 1, 1]], [33, [16, 1, 1, 1, 1]], [35, [8, 9, 1]], [62, 0], [68, 1], [74, 1], [101, 4]]",[1.10462513511119e-05]
layer_6,466,"[[31, [13, 1, 1, 1, 1]], [33, [1, 16, 1, 1, 1]], [35, [8, 9, 1]], [62, 1], [68, 1], [74, 1], [101, 3]]",[1.0856307816929932e-05]
layer_6,467,"[[31, [13, 1, 1, 1, 1]], [33, [1, 16, 1, 1, 1]], [35, [8, 3, 3]], [62, 1], [68, 1], [74, 1], [101, 3]]",[1.0856162990855298e-05]
layer_6,468,"[[31, [13, 1, 1, 1, 1]], [33, [4, 4, 1, 1, 1]], [35, [4, 9, 2]], [62, 1], [68, 0], [74, 2], [101, 3]]",[1.1190315549648756e-05]
layer_6,469,"[[31, [13, 1, 1, 1, 1]], [33, [4, 4, 1, 1, 1]], [35, [4, 6, 3]], [62, 0], [68, 0], [74, 2], [101, 3]]",[1.1322682665046577e-05]
layer_6,470,"[[31, [13, 1, 1, 1, 1]], [33, [4, 4, 1, 1, 1]], [35, [4, 9, 2]], [62, 0], [68, 0], [74, 2], [101, 3]]",[1.1322877301766253e-05]
layer_6,471,"[[31, [13, 1, 1, 1, 1]], [33, [8, 2, 1, 1, 1]], [35, [4, 9, 2]], [62, 0], [68, 0], [74, 2], [101, 3]]",[1.1352547488861888e-05]
layer_6,472,"[[31, [13, 1, 1, 1, 1]], [33, [8, 2, 1, 1, 1]], [35, [4, 6, 3]], [62, 0], [68, 0], [74, 2], [101, 3]]",[1.135348076144188e-05]
layer_6,473,"[[31, [1, 13, 1, 1, 1]], [33, [16, 1, 1, 1, 1]], [35, [4, 18, 1]], [62, 0], [68, 0], [74, 2], [101, 3]]",[1.1881860641731535e-05]
layer_6,474,"[[31, [13, 1, 1, 1, 1]], [33, [4, 4, 1, 1, 1]], [35, [8, 3, 3]], [62, 2], [68, 2], [74, 1], [101, 3]]",[1.175545875682037e-05]
layer_6,475,"[[31, [13, 1, 1, 1, 1]], [33, [16, 1, 1, 1, 1]], [35, [8, 9, 1]], [62, 0], [68, 2], [74, 2], [101, 3]]",[1.1646058526089294e-05]
layer_6,476,"[[31, [13, 1, 1, 1, 1]], [33, [4, 4, 1, 1, 1]], [35, [8, 3, 3]], [62, 1], [68, 2], [74, 1], [101, 3]]",[1.1748834143377887e-05]
layer_6,477,"[[31, [13, 1, 1, 1, 1]], [33, [8, 2, 1, 1, 1]], [35, [8, 9, 1]], [62, 2], [68, 2], [74, 1], [101, 3]]",[1.1716799506360358e-05]
layer_6,478,"[[31, [13, 1, 1, 1, 1]], [33, [4, 4, 1, 1, 1]], [35, [8, 9, 1]], [62, 0], [68, 2], [74, 1], [101, 3]]",[1.2552360131828622e-05]
layer_6,479,"[[31, [1, 13, 1, 1, 1]], [33, [16, 1, 1, 1, 1]], [35, [8, 9, 1]], [62, 2], [68, 2], [74, 2], [101, 3]]",[1.1562902794653705e-05]
layer_6,480,"[[31, [13, 1, 1, 1, 1]], [33, [16, 1, 1, 1, 1]], [35, [4, 9, 2]], [62, 2], [68, 0], [74, 1], [101, 3]]",[1.2622025927918235e-05]
layer_6,481,"[[31, [13, 1, 1, 1, 1]], [33, [16, 1, 1, 1, 1]], [35, [8, 9, 1]], [62, 2], [68, 3], [74, 2], [101, 3]]",[1.2591839913932221e-05]
layer_6,482,"[[31, [13, 1, 1, 1, 1]], [33, [16, 1, 1, 1, 1]], [35, [8, 3, 3]], [62, 2], [68, 3], [74, 2], [101, 3]]",[1.2072259207365892e-05]
layer_6,483,"[[31, [13, 1, 1, 1, 1]], [33, [8, 2, 1, 1, 1]], [35, [8, 9, 1]], [62, 1], [68, 2], [74, 1], [101, 3]]",[1.1757987735341581e-05]
layer_6,484,"[[31, [1, 13, 1, 1, 1]], [33, [16, 1, 1, 1, 1]], [35, [4, 18, 1]], [62, 2], [68, 0], [74, 1], [101, 3]]",[1.244884314147391e-05]
layer_6,485,"[[31, [1, 13, 1, 1, 1]], [33, [16, 1, 1, 1, 1]], [35, [4, 6, 3]], [62, 2], [68, 0], [74, 1], [101, 3]]",[1.2442013232920924e-05]
layer_6,486,"[[31, [13, 1, 1, 1, 1]], [33, [1, 16, 1, 1, 1]], [35, [8, 3, 3]], [62, 2], [68, 2], [74, 2], [101, 3]]",[1.131837911443773e-05]
layer_6,487,"[[31, [13, 1, 1, 1, 1]], [33, [1, 16, 1, 1, 1]], [35, [8, 9, 1]], [62, 1], [68, 1], [74, 2], [101, 3]]",[1.3123107813033094e-05]
layer_6,488,"[[31, [13, 1, 1, 1, 1]], [33, [8, 2, 1, 1, 1]], [35, [8, 9, 1]], [62, 0], [68, 2], [74, 1], [101, 3]]",[1.2577512700763185e-05]
layer_6,489,"[[31, [1, 13, 1, 1, 1]], [33, [16, 1, 1, 1, 1]], [35, [8, 9, 1]], [62, 2], [68, 3], [74, 2], [101, 3]]",[1.265664e-05]
layer_6,490,"[[31, [13, 1, 1, 1, 1]], [33, [4, 4, 1, 1, 1]], [35, [4, 18, 1]], [62, 2], [68, 0], [74, 1], [101, 3]]",[1.2828037654653038e-05]
layer_6,491,"[[31, [13, 1, 1, 1, 1]], [33, [4, 4, 1, 1, 1]], [35, [4, 9, 2]], [62, 2], [68, 0], [74, 1], [101, 3]]",[1.282898541975168e-05]
layer_6,492,"[[31, [13, 1, 1, 1, 1]], [33, [16, 1, 1, 1, 1]], [35, [4, 9, 2]], [62, 1], [68, 0], [74, 1], [101, 3]]",[1.2726628877133926e-05]
layer_6,493,"[[31, [13, 1, 1, 1, 1]], [33, [16, 1, 1, 1, 1]], [35, [4, 6, 3]], [62, 1], [68, 0], [74, 1], [101, 3]]",[1.2725309361839974e-05]
layer_6,494,"[[31, [13, 1, 1, 1, 1]], [33, [4, 4, 1, 1, 1]], [35, [4, 6, 3]], [62, 2], [68, 1], [74, 2], [101, 3]]",[1.4071265375854216e-05]
layer_6,495,"[[31, [13, 1, 1, 1, 1]], [33, [4, 4, 1, 1, 1]], [35, [4, 9, 2]], [62, 2], [68, 1], [74, 2], [101, 3]]",[1.40713735168486e-05]
layer_6,496,"[[31, [13, 1, 1, 1, 1]], [33, [4, 4, 1, 1, 1]], [35, [4, 18, 1]], [62, 2], [68, 1], [74, 2], [101, 3]]",[1.4070774905205103e-05]
layer_6,497,"[[31, [13, 1, 1, 1, 1]], [33, [16, 1, 1, 1, 1]], [35, [8, 9, 1]], [62, 0], [68, 3], [74, 2], [101, 3]]",[1.2700562364734025e-05]
layer_6,498,"[[31, [1, 13, 1, 1, 1]], [33, [16, 1, 1, 1, 1]], [35, [4, 6, 3]], [62, 1], [68, 0], [74, 1], [101, 3]]",[1.260265862761987e-05]
layer_6,499,"[[31, [13, 1, 1, 1, 1]], [33, [8, 2, 1, 1, 1]], [35, [4, 18, 1]], [62, 1], [68, 0], [74, 1], [101, 3]]",[1.271485594926515e-05]
layer_6,500,"[[31, [13, 1, 1, 1, 1]], [33, [4, 4, 1, 1, 1]], [35, [4, 6, 3]], [62, 1], [68, 0], [74, 1], [101, 3]]",[1.267420622845596e-05]
layer_6,501,"[[31, [13, 1, 1, 1, 1]], [33, [4, 4, 1, 1, 1]], [35, [4, 18, 1]], [62, 1], [68, 0], [74, 1], [101, 3]]",[1.2672690056703117e-05]
layer_6,502,"[[31, [13, 1, 1, 1, 1]], [33, [16, 1, 1, 1, 1]], [35, [8, 9, 1]], [62, 1], [68, 3], [74, 2], [101, 3]]",[1.2766894997310382e-05]
layer_6,503,"[[31, [1, 13, 1, 1, 1]], [33, [16, 1, 1, 1, 1]], [35, [4, 18, 1]], [62, 0], [68, 0], [74, 1], [101, 3]]",[1.2610841602431875e-05]
layer_6,504,"[[31, [1, 13, 1, 1, 1]], [33, [16, 1, 1, 1, 1]], [35, [8, 3, 3]], [62, 2], [68, 3], [74, 1], [101, 3]]",[1.2784636731219408e-05]
layer_6,505,"[[31, [13, 1, 1, 1, 1]], [33, [16, 1, 1, 1, 1]], [35, [8, 9, 1]], [62, 0], [68, 2], [74, 1], [101, 3]]",[1.2546340123934935e-05]
layer_6,506,"[[31, [13, 1, 1, 1, 1]], [33, [2, 8, 1, 1, 1]], [35, [8, 9, 1]], [62, 0], [68, 2], [74, 1], [101, 3]]",[1.2543378088294856e-05]
layer_6,507,"[[31, [13, 1, 1, 1, 1]], [33, [4, 4, 1, 1, 1]], [35, [8, 9, 1]], [62, 2], [68, 3], [74, 1], [101, 3]]",[1.2951763044000962e-05]
layer_6,508,"[[31, [13, 1, 1, 1, 1]], [33, [8, 2, 1, 1, 1]], [35, [8, 9, 1]], [62, 2], [68, 3], [74, 1], [101, 3]]",[1.3142020987916048e-05]
layer_6,509,"[[31, [13, 1, 1, 1, 1]], [33, [8, 1, 2, 1, 1]], [35, [6, 3, 4]], [62, 2], [68, 1], [74, 1], [101, 4]]",[4.18674384279476e-05]
layer_6,510,"[[31, [13, 1, 1, 1, 1]], [33, [1, 4, 4, 1, 1]], [35, [6, 12, 1]], [62, 0], [68, 1], [74, 0], [101, 1]]",[5.188717995127045e-05]
layer_6,511,"[[31, [13, 1, 1, 1, 1]], [33, [2, 4, 2, 1, 1]], [35, [9, 2, 4]], [62, 0], [68, 1], [74, 2], [101, 0]]",[2.38657790182527e-05]
layer_6,512,"[[31, [13, 1, 1, 1, 1]], [33, [16, 1, 1, 1, 1]], [35, [8, 9, 1]], [62, 1], [68, 1], [74, 2], [101, 3]]",[1.1788027136492507e-05]
layer_6,513,"[[31, [13, 1, 1, 1, 1]], [33, [8, 2, 1, 1, 1]], [35, [8, 3, 3]], [62, 0], [68, 1], [74, 1], [101, 3]]",[1.082343294372002e-05]
layer_6,514,"[[31, [13, 1, 1, 1, 1]], [33, [16, 1, 1, 1, 1]], [35, [4, 9, 2]], [62, 2], [68, 0], [74, 2], [101, 3]]",[1.115478361787838e-05]
layer_6,515,"[[31, [1, 13, 1, 1, 1]], [33, [16, 1, 1, 1, 1]], [35, [8, 3, 3]], [62, 2], [68, 2], [74, 2], [101, 3]]",[1.1329518986140118e-05]
layer_6,516,"[[31, [1, 13, 1, 1, 1]], [33, [16, 1, 1, 1, 1]], [35, [8, 9, 1]], [62, 1], [68, 2], [74, 2], [101, 3]]",[1.1481636188740381e-05]
layer_6,517,"[[31, [1, 13, 1, 1, 1]], [33, [16, 1, 1, 1, 1]], [35, [8, 3, 3]], [62, 1], [68, 2], [74, 2], [101, 3]]",[1.1265248528574141e-05]
layer_6,518,"[[31, [1, 13, 1, 1, 1]], [33, [16, 1, 1, 1, 1]], [35, [8, 9, 1]], [62, 2], [68, 2], [74, 1], [101, 3]]",[1.3595515063168122e-05]
layer_6,519,"[[31, [1, 13, 1, 1, 1]], [33, [16, 1, 1, 1, 1]], [35, [8, 3, 3]], [62, 2], [68, 2], [74, 1], [101, 3]]",[1.3594901661129568e-05]
layer_6,520,"[[31, [13, 1, 1, 1, 1]], [33, [16, 1, 1, 1, 1]], [35, [8, 3, 3]], [62, 1], [68, 2], [74, 2], [101, 3]]",[1.1655753093060785e-05]
layer_6,521,"[[31, [13, 1, 1, 1, 1]], [33, [16, 1, 1, 1, 1]], [35, [8, 3, 3]], [62, 0], [68, 2], [74, 2], [101, 3]]",[1.1679364621304171e-05]
layer_6,522,"[[31, [1, 13, 1, 1, 1]], [33, [16, 1, 1, 1, 1]], [35, [8, 3, 3]], [62, 1], [68, 2], [74, 1], [101, 3]]",[1.3449928886498118e-05]
layer_6,523,"[[31, [1, 13, 1, 1, 1]], [33, [16, 1, 1, 1, 1]], [35, [8, 9, 1]], [62, 1], [68, 2], [74, 1], [101, 3]]",[1.3450617937004087e-05]
layer_6,524,"[[31, [13, 1, 1, 1, 1]], [33, [1, 16, 1, 1, 1]], [35, [8, 9, 1]], [62, 0], [68, 2], [74, 2], [101, 3]]",[1.1615183778857837e-05]
layer_6,525,"[[31, [13, 1, 1, 1, 1]], [33, [1, 16, 1, 1, 1]], [35, [8, 9, 1]], [62, 2], [68, 2], [74, 2], [101, 3]]",[1.1639004081632654e-05]
layer_6,526,"[[31, [13, 1, 1, 1, 1]], [33, [4, 4, 1, 1, 1]], [35, [8, 3, 3]], [62, 0], [68, 2], [74, 1], [101, 3]]",[1.2545349542764929e-05]
layer_6,527,"[[31, [1, 13, 1, 1, 1]], [33, [16, 1, 1, 1, 1]], [35, [8, 3, 3]], [62, 0], [68, 2], [74, 1], [101, 3]]",[1.2551533035883804e-05]
layer_6,528,"[[31, [1, 13, 1, 1, 1]], [33, [16, 1, 1, 1, 1]], [35, [8, 9, 1]], [62, 0], [68, 2], [74, 1], [101, 3]]",[1.2553448405724328e-05]
layer_6,529,"[[31, [13, 1, 1, 1, 1]], [33, [1, 16, 1, 1, 1]], [35, [8, 9, 1]], [62, 1], [68, 2], [74, 2], [101, 3]]",[1.1566687408574321e-05]
layer_6,530,"[[31, [13, 1, 1, 1, 1]], [33, [16, 1, 1, 1, 1]], [35, [8, 3, 3]], [62, 0], [68, 2], [74, 1], [101, 3]]",[1.2532680365788058e-05]
layer_6,531,"[[31, [13, 1, 1, 1, 1]], [33, [16, 1, 1, 1, 1]], [35, [4, 6, 3]], [62, 2], [68, 0], [74, 1], [101, 3]]",[1.2629147145508132e-05]
layer_6,532,"[[31, [13, 1, 1, 1, 1]], [33, [8, 2, 1, 1, 1]], [35, [4, 6, 3]], [62, 2], [68, 0], [74, 1], [101, 3]]",[1.2891140392240917e-05]
layer_6,533,"[[31, [13, 1, 1, 1, 1]], [33, [16, 1, 1, 1, 1]], [35, [8, 3, 3]], [62, 0], [68, 3], [74, 2], [101, 3]]",[1.2245552899647e-05]
layer_6,534,"[[31, [13, 1, 1, 1, 1]], [33, [1, 16, 1, 1, 1]], [35, [8, 9, 1]], [62, 1], [68, 2], [74, 1], [101, 3]]",[1.3616446064472035e-05]
layer_6,535,"[[31, [13, 1, 1, 1, 1]], [33, [1, 16, 1, 1, 1]], [35, [8, 3, 3]], [62, 1], [68, 2], [74, 1], [101, 3]]",[1.3592374072081765e-05]
layer_6,536,"[[31, [1, 13, 1, 1, 1]], [33, [16, 1, 1, 1, 1]], [35, [8, 9, 1]], [62, 1], [68, 3], [74, 2], [101, 3]]",[1.2814060324026198e-05]
layer_6,537,"[[31, [13, 1, 1, 1, 1]], [33, [4, 4, 1, 1, 1]], [35, [4, 6, 3]], [62, 0], [68, 0], [74, 1], [101, 3]]",[1.295836449704142e-05]
layer_6,538,"[[31, [1, 13, 1, 1, 1]], [33, [16, 1, 1, 1, 1]], [35, [8, 9, 1]], [62, 0], [68, 3], [74, 2], [101, 3]]",[1.2769098009682626e-05]
layer_6,539,"[[31, [1, 13, 1, 1, 1]], [33, [16, 1, 1, 1, 1]], [35, [8, 3, 3]], [62, 0], [68, 3], [74, 2], [101, 3]]",[1.2833238639095937e-05]
layer_6,540,"[[31, [13, 1, 1, 1, 1]], [33, [4, 4, 1, 1, 1]], [35, [8, 3, 3]], [62, 2], [68, 3], [74, 1], [101, 3]]",[1.2955169876277569e-05]
layer_6,541,"[[31, [13, 1, 1, 1, 1]], [33, [1, 16, 1, 1, 1]], [35, [8, 9, 1]], [62, 0], [68, 3], [74, 2], [101, 3]]",[1.2721598816568047e-05]
layer_6,542,"[[31, [13, 1, 1, 1, 1]], [33, [4, 4, 1, 1, 1]], [35, [8, 9, 1]], [62, 2], [68, 3], [74, 1], [101, 4]]",[1.2955852849242607e-05]
layer_6,543,"[[31, [13, 1, 1, 1, 1]], [33, [4, 4, 1, 1, 1]], [35, [8, 3, 3]], [62, 2], [68, 3], [74, 1], [101, 4]]",[1.2958915223238301e-05]
layer_6,544,"[[31, [13, 1, 1, 1, 1]], [33, [4, 4, 1, 1, 1]], [35, [8, 9, 1]], [62, 1], [68, 3], [74, 1], [101, 4]]",[1.2953351458080193e-05]
layer_6,545,"[[31, [13, 1, 1, 1, 1]], [33, [8, 2, 1, 1, 1]], [35, [8, 9, 1]], [62, 1], [68, 3], [74, 1], [101, 4]]",[1.3137514188422248e-05]
layer_6,546,"[[31, [1, 13, 1, 1, 1]], [33, [16, 1, 1, 1, 1]], [35, [8, 9, 1]], [62, 2], [68, 3], [74, 1], [101, 4]]",[1.2772763982230322e-05]
layer_6,547,"[[31, [13, 1, 1, 1, 1]], [33, [1, 16, 1, 1, 1]], [35, [8, 9, 1]], [62, 2], [68, 2], [74, 1], [101, 4]]",[1.3677010459245011e-05]
layer_6,548,"[[31, [1, 13, 1, 1, 1]], [33, [16, 1, 1, 1, 1]], [35, [8, 9, 1]], [62, 2], [68, 3], [74, 1], [101, 3]]",[1.2774934839666781e-05]
layer_6,549,"[[31, [13, 1, 1, 1, 1]], [33, [4, 4, 1, 1, 1]], [35, [8, 3, 3]], [62, 1], [68, 3], [74, 1], [101, 3]]",[1.2946250540995432e-05]
layer_6,550,"[[31, [1, 13, 1, 1, 1]], [33, [16, 1, 1, 1, 1]], [35, [8, 3, 3]], [62, 1], [68, 3], [74, 1], [101, 4]]",[1.2774914337788578e-05]
layer_6,551,"[[31, [13, 1, 1, 1, 1]], [33, [1, 16, 1, 1, 1]], [35, [8, 9, 1]], [62, 1], [68, 3], [74, 2], [101, 3]]",[1.2815440482970726e-05]
layer_6,552,"[[31, [13, 1, 1, 1, 1]], [33, [16, 1, 1, 1, 1]], [35, [8, 3, 3]], [62, 2], [68, 3], [74, 1], [101, 4]]",[1.2818523302830388e-05]
layer_6,553,"[[31, [13, 1, 1, 1, 1]], [33, [16, 1, 1, 1, 1]], [35, [8, 9, 1]], [62, 2], [68, 3], [74, 1], [101, 4]]",[1.2818870595382745e-05]
layer_6,554,"[[31, [13, 1, 1, 1, 1]], [33, [4, 4, 1, 1, 1]], [35, [8, 9, 1]], [62, 0], [68, 3], [74, 1], [101, 4]]",[1.3518695479682616e-05]
layer_6,555,"[[31, [13, 1, 1, 1, 1]], [33, [4, 4, 1, 1, 1]], [35, [8, 3, 3]], [62, 0], [68, 3], [74, 1], [101, 4]]",[1.3518232275416891e-05]
layer_6,556,"[[31, [13, 1, 1, 1, 1]], [33, [4, 4, 1, 1, 1]], [35, [8, 9, 1]], [62, 0], [68, 3], [74, 1], [101, 3]]",[1.3518696105554372e-05]
layer_6,557,"[[31, [13, 1, 1, 1, 1]], [33, [16, 1, 1, 1, 1]], [35, [8, 9, 1]], [62, 1], [68, 3], [74, 1], [101, 4]]",[1.2836912959846116e-05]
layer_6,558,"[[31, [1, 13, 1, 1, 1]], [33, [16, 1, 1, 1, 1]], [35, [8, 9, 1]], [62, 1], [68, 3], [74, 1], [101, 3]]",[1.2775823723041998e-05]
layer_6,559,"[[31, [13, 1, 1, 1, 1]], [33, [16, 1, 1, 1, 1]], [35, [8, 9, 1]], [62, 0], [68, 3], [74, 1], [101, 4]]",[1.3872011300793458e-05]
layer_6,560,"[[31, [13, 1, 1, 1, 1]], [33, [16, 1, 1, 1, 1]], [35, [8, 9, 1]], [62, 2], [68, 3], [74, 1], [101, 3]]",[1.2823014861737118e-05]
layer_6,561,"[[31, [13, 1, 1, 1, 1]], [33, [16, 1, 1, 1, 1]], [35, [8, 3, 3]], [62, 2], [68, 3], [74, 1], [101, 3]]",[1.2823079935449167e-05]
layer_6,562,"[[31, [1, 13, 1, 1, 1]], [33, [16, 1, 1, 1, 1]], [35, [8, 9, 1]], [62, 0], [68, 3], [74, 1], [101, 3]]",[1.4006836541747353e-05]
layer_6,563,"[[31, [13, 1, 1, 1, 1]], [33, [16, 1, 1, 1, 1]], [35, [8, 9, 1]], [62, 1], [68, 3], [74, 1], [101, 3]]",[1.2846962130177514e-05]
layer_6,564,"[[31, [13, 1, 1, 1, 1]], [33, [16, 1, 1, 1, 1]], [35, [8, 3, 3]], [62, 0], [68, 3], [74, 1], [101, 3]]",[1.386954938271605e-05]
layer_6,565,"[[31, [13, 1, 1, 1, 1]], [33, [16, 1, 1, 1, 1]], [35, [8, 9, 1]], [62, 0], [68, 3], [74, 1], [101, 3]]",[1.3871558086560365e-05]
layer_6,566,"[[31, [13, 1, 1, 1, 1]], [33, [2, 8, 1, 1, 1]], [35, [4, 9, 2]], [62, 2], [68, 0], [74, 1], [101, 3]]",[1.3156647858599593e-05]
layer_6,567,"[[31, [13, 1, 1, 1, 1]], [33, [1, 16, 1, 1, 1]], [35, [8, 9, 1]], [62, 0], [68, 3], [74, 1], [101, 3]]",[1.385310582070851e-05]
layer_6,568,"[[31, [13, 1, 1, 1, 1]], [33, [1, 16, 1, 1, 1]], [35, [8, 3, 3]], [62, 0], [68, 3], [74, 1], [101, 3]]",[1.385403485590614e-05]
layer_6,569,"[[31, [13, 1, 1, 1, 1]], [33, [1, 16, 1, 1, 1]], [35, [8, 3, 3]], [62, 2], [68, 3], [74, 1], [101, 3]]",[1.2814638494830488e-05]
layer_6,570,"[[31, [13, 1, 1, 1, 1]], [33, [1, 16, 1, 1, 1]], [35, [8, 9, 1]], [62, 2], [68, 3], [74, 1], [101, 3]]",[1.2815478536847767e-05]
layer_6,571,"[[31, [13, 1, 1, 1, 1]], [33, [1, 16, 1, 1, 1]], [35, [4, 9, 2]], [62, 2], [68, 1], [74, 2], [101, 3]]",[1.376544604626143e-05]
layer_6,572,"[[31, [13, 1, 1, 1, 1]], [33, [1, 16, 1, 1, 1]], [35, [4, 6, 3]], [62, 2], [68, 1], [74, 2], [101, 3]]",[1.3764416446261121e-05]
layer_6,573,"[[31, [13, 1, 1, 1, 1]], [33, [1, 1, 4, 1, 4]], [35, [36, 2, 1]], [62, 2], [68, 0], [74, 0], [101, 0]]",[4.847873950131233e-05]
layer_6,574,"[[31, [1, 13, 1, 1, 1]], [33, [2, 1, 1, 4, 2]], [35, [18, 1, 4]], [62, 0], [68, 2], [74, 3], [101, 2]]",[3.97738929249119e-05]
layer_6,575,"[[31, [1, 1, 13, 1, 1]], [33, [2, 2, 1, 1, 4]], [35, [18, 4, 1]], [62, 0], [68, 1], [74, 0], [101, 0]]",[5.723468085106382e-05]
layer_6,576,"[[31, [13, 1, 1, 1, 1]], [33, [8, 2, 1, 1, 1]], [35, [4, 18, 1]], [62, 2], [68, 0], [74, 2], [101, 3]]",[1.1617257189145404e-05]
layer_6,577,"[[31, [13, 1, 1, 1, 1]], [33, [8, 2, 1, 1, 1]], [35, [4, 9, 2]], [62, 1], [68, 0], [74, 2], [101, 3]]",[1.1275249401966864e-05]
layer_6,578,"[[31, [13, 1, 1, 1, 1]], [33, [4, 4, 1, 1, 1]], [35, [8, 9, 1]], [62, 2], [68, 2], [74, 1], [101, 3]]",[1.1742786194327372e-05]
layer_6,579,"[[31, [13, 1, 1, 1, 1]], [33, [4, 4, 1, 1, 1]], [35, [8, 9, 1]], [62, 1], [68, 2], [74, 1], [101, 3]]",[1.1730020220239225e-05]
layer_6,580,"[[31, [13, 1, 1, 1, 1]], [33, [1, 16, 1, 1, 1]], [35, [8, 3, 3]], [62, 1], [68, 2], [74, 2], [101, 3]]",[1.125933383961118e-05]
layer_6,581,"[[31, [13, 1, 1, 1, 1]], [33, [4, 4, 1, 1, 1]], [35, [8, 9, 1]], [62, 1], [68, 1], [74, 2], [101, 3]]",[1.058110034175052e-05]
layer_6,582,"[[31, [13, 1, 1, 1, 1]], [33, [8, 2, 1, 1, 1]], [35, [8, 3, 3]], [62, 2], [68, 1], [74, 2], [101, 3]]",[1.0219573916565412e-05]
layer_6,583,"[[31, [13, 1, 1, 1, 1]], [33, [8, 2, 1, 1, 1]], [35, [8, 9, 1]], [62, 2], [68, 1], [74, 2], [101, 3]]",[1.0479717201442946e-05]
layer_6,584,"[[31, [13, 1, 1, 1, 1]], [33, [8, 2, 1, 1, 1]], [35, [8, 9, 1]], [62, 1], [68, 1], [74, 2], [101, 3]]",[1.0642404313487242e-05]
layer_6,585,"[[31, [13, 1, 1, 1, 1]], [33, [4, 4, 1, 1, 1]], [35, [8, 3, 3]], [62, 0], [68, 1], [74, 2], [101, 3]]",[1.0830905022276226e-05]
layer_6,586,"[[31, [13, 1, 1, 1, 1]], [33, [4, 4, 1, 1, 1]], [35, [8, 9, 1]], [62, 0], [68, 1], [74, 2], [101, 3]]",[1.0606515814654027e-05]
layer_6,587,"[[31, [13, 1, 1, 1, 1]], [33, [8, 2, 1, 1, 1]], [35, [8, 3, 3]], [62, 0], [68, 1], [74, 2], [101, 3]]",[1.0310476267324852e-05]
layer_6,588,"[[31, [13, 1, 1, 1, 1]], [33, [8, 2, 1, 1, 1]], [35, [8, 9, 1]], [62, 0], [68, 1], [74, 2], [101, 3]]",[1.0688814315549648e-05]
layer_6,589,"[[31, [13, 1, 1, 1, 1]], [33, [16, 1, 1, 1, 1]], [35, [8, 9, 1]], [62, 1], [68, 2], [74, 1], [101, 3]]",[1.3756756008657022e-05]
layer_6,590,"[[31, [1, 13, 1, 1, 1]], [33, [16, 1, 1, 1, 1]], [35, [8, 3, 3]], [62, 1], [68, 3], [74, 2], [101, 3]]",[1.3287287219578518e-05]
layer_6,591,"[[31, [13, 1, 1, 1, 1]], [33, [1, 16, 1, 1, 1]], [35, [8, 3, 3]], [62, 0], [68, 3], [74, 2], [101, 3]]",[1.287351316322398e-05]
layer_6,592,"[[31, [13, 1, 1, 1, 1]], [33, [1, 16, 1, 1, 1]], [35, [8, 3, 3]], [62, 0], [68, 2], [74, 1], [101, 3]]",[1.234844846091535e-05]
layer_6,593,"[[31, [13, 1, 1, 1, 1]], [33, [16, 1, 1, 1, 1]], [35, [4, 6, 3]], [62, 0], [68, 0], [74, 1], [101, 3]]",[1.2771748947197927e-05]
layer_6,594,"[[31, [13, 1, 1, 1, 1]], [33, [1, 16, 1, 1, 1]], [35, [8, 3, 3]], [62, 1], [68, 3], [74, 2], [101, 3]]",[1.3381612939970383e-05]
layer_6,595,"[[31, [13, 1, 1, 1, 1]], [33, [2, 8, 1, 1, 1]], [35, [8, 3, 3]], [62, 2], [68, 1], [74, 2], [101, 3]]",[1.0590643036197732e-05]
layer_6,596,"[[31, [13, 1, 1, 1, 1]], [33, [2, 8, 1, 1, 1]], [35, [8, 9, 1]], [62, 2], [68, 1], [74, 2], [101, 3]]",[1.1241811563385986e-05]
layer_6,597,"[[31, [13, 1, 1, 1, 1]], [33, [4, 4, 1, 1, 1]], [35, [4, 18, 1]], [62, 0], [68, 0], [74, 1], [101, 3]]",[1.297119680796991e-05]
layer_6,598,"[[31, [13, 1, 1, 1, 1]], [33, [8, 2, 1, 1, 1]], [35, [8, 3, 3]], [62, 2], [68, 3], [74, 1], [101, 3]]",[1.3144546315223237e-05]
layer_6,599,"[[31, [13, 1, 1, 1, 1]], [33, [8, 2, 1, 1, 1]], [35, [8, 9, 1]], [62, 2], [68, 3], [74, 1], [101, 4]]",[1.314476902081201e-05]
layer_6,600,"[[31, [13, 1, 1, 1, 1]], [33, [16, 1, 1, 1, 1]], [35, [8, 3, 3]], [62, 1], [68, 3], [74, 1], [101, 4]]",[1.2842595215195962e-05]
layer_6,601,"[[31, [13, 1, 1, 1, 1]], [33, [2, 8, 1, 1, 1]], [35, [8, 3, 3]], [62, 1], [68, 1], [74, 2], [101, 3]]",[1.156665876873228e-05]
layer_6,602,"[[31, [13, 1, 1, 1, 1]], [33, [2, 8, 1, 1, 1]], [35, [8, 9, 1]], [62, 1], [68, 1], [74, 2], [101, 3]]",[1.0932808728230053e-05]
layer_6,603,"[[31, [13, 1, 1, 1, 1]], [33, [16, 1, 1, 1, 1]], [35, [8, 3, 3]], [62, 0], [68, 3], [74, 1], [101, 4]]",[1.3876417435674735e-05]
layer_6,604,"[[31, [13, 1, 1, 1, 1]], [33, [4, 4, 1, 1, 1]], [35, [8, 9, 1]], [62, 1], [68, 3], [74, 1], [101, 3]]",[1.2959132759548144e-05]
layer_6,605,"[[31, [13, 1, 1, 1, 1]], [33, [8, 2, 1, 1, 1]], [35, [8, 9, 1]], [62, 0], [68, 3], [74, 1], [101, 4]]",[1.3565493491124262e-05]
layer_6,606,"[[31, [13, 1, 1, 1, 1]], [33, [1, 16, 1, 1, 1]], [35, [8, 9, 1]], [62, 0], [68, 3], [74, 1], [101, 4]]",[1.3858817291263241e-05]
layer_6,607,"[[31, [13, 1, 1, 1, 1]], [33, [1, 16, 1, 1, 1]], [35, [8, 3, 3]], [62, 2], [68, 3], [74, 1], [101, 4]]",[1.2823536654515998e-05]
layer_6,608,"[[31, [13, 1, 1, 1, 1]], [33, [1, 16, 1, 1, 1]], [35, [8, 9, 1]], [62, 2], [68, 3], [74, 1], [101, 4]]",[1.281949250708789e-05]
layer_6,609,"[[31, [1, 13, 1, 1, 1]], [33, [16, 1, 1, 1, 1]], [35, [8, 9, 1]], [62, 0], [68, 3], [74, 1], [101, 4]]",[1.3995571382463688e-05]
layer_6,610,"[[31, [13, 1, 1, 1, 1]], [33, [1, 16, 1, 1, 1]], [35, [4, 6, 3]], [62, 2], [68, 0], [74, 1], [101, 4]]",[1.2741556643356643e-05]
layer_6,611,"[[31, [13, 1, 1, 1, 1]], [33, [8, 2, 1, 1, 1]], [35, [8, 3, 3]], [62, 0], [68, 3], [74, 1], [101, 3]]",[1.3565732472791698e-05]
layer_6,612,"[[31, [13, 1, 1, 1, 1]], [33, [8, 2, 1, 1, 1]], [35, [8, 9, 1]], [62, 0], [68, 3], [74, 1], [101, 3]]",[1.3564296958651326e-05]
layer_6,613,"[[31, [13, 1, 1, 1, 1]], [33, [4, 4, 1, 1, 1]], [35, [4, 18, 1]], [62, 2], [68, 0], [74, 1], [101, 3]]",[1.3098192519133341e-05]
layer_6,614,"[[31, [13, 1, 1, 1, 1]], [33, [4, 4, 1, 1, 1]], [35, [4, 6, 3]], [62, 2], [68, 0], [74, 1], [101, 3]]",[1.3093362707381582e-05]
layer_6,615,"[[31, [13, 1, 1, 1, 1]], [33, [16, 1, 1, 1, 1]], [35, [4, 6, 3]], [62, 0], [68, 0], [74, 1], [101, 4]]",[1.2762378052716515e-05]
layer_6,616,"[[31, [13, 1, 1, 1, 1]], [33, [16, 1, 1, 1, 1]], [35, [4, 18, 1]], [62, 0], [68, 0], [74, 1], [101, 4]]",[1.276226810112964e-05]
layer_6,617,"[[31, [13, 1, 1, 1, 1]], [33, [1, 16, 1, 1, 1]], [35, [8, 3, 3]], [62, 1], [68, 3], [74, 1], [101, 4]]",[1.2809598340947344e-05]
layer_6,618,"[[31, [13, 1, 1, 1, 1]], [33, [1, 16, 1, 1, 1]], [35, [4, 18, 1]], [62, 1], [68, 0], [74, 1], [101, 4]]",[1.2639705214723925e-05]
layer_6,619,"[[31, [13, 1, 1, 1, 1]], [33, [2, 8, 1, 1, 1]], [35, [8, 9, 1]], [62, 0], [68, 1], [74, 2], [101, 3]]",[1.0731788737753258e-05]
layer_6,620,"[[31, [13, 1, 1, 1, 1]], [33, [2, 8, 1, 1, 1]], [35, [8, 3, 3]], [62, 0], [68, 1], [74, 2], [101, 3]]",[1.0908484047217537e-05]
layer_6,621,"[[31, [13, 1, 1, 1, 1]], [33, [4, 4, 1, 1, 1]], [35, [8, 3, 3]], [62, 0], [68, 3], [74, 1], [101, 3]]",[1.3513605486820871e-05]
layer_6,622,"[[31, [1, 13, 1, 1, 1]], [33, [16, 1, 1, 1, 1]], [35, [8, 3, 3]], [62, 1], [68, 3], [74, 1], [101, 3]]",[1.2778097372173557e-05]
layer_6,623,"[[31, [13, 1, 1, 1, 1]], [33, [2, 8, 1, 1, 1]], [35, [8, 9, 1]], [62, 0], [68, 3], [74, 1], [101, 3]]",[1.3539935233996771e-05]
layer_6,624,"[[31, [13, 1, 1, 1, 1]], [33, [1, 16, 1, 1, 1]], [35, [8, 3, 3]], [62, 1], [68, 3], [74, 1], [101, 3]]",[1.2816249939889397e-05]
layer_6,625,"[[31, [13, 1, 1, 1, 1]], [33, [1, 16, 1, 1, 1]], [35, [8, 9, 1]], [62, 1], [68, 3], [74, 1], [101, 3]]",[1.2820215384615383e-05]
layer_6,626,"[[31, [1, 13, 1, 1, 1]], [33, [16, 1, 1, 1, 1]], [35, [8, 3, 3]], [62, 0], [68, 3], [74, 1], [101, 3]]",[1.3995405057523636e-05]
layer_6,627,"[[31, [13, 1, 1, 1, 1]], [33, [4, 4, 1, 1, 1]], [35, [8, 9, 1]], [62, 1], [68, 2], [74, 2], [101, 3]]",[1.1368941553242594e-05]
layer_6,628,"[[31, [13, 1, 1, 1, 1]], [33, [16, 1, 1, 1, 1]], [35, [4, 18, 1]], [62, 2], [68, 0], [74, 2], [101, 3]]",[1.9121638371917084e-05]
layer_6,629,"[[31, [1, 13, 1, 1, 1]], [33, [16, 1, 1, 1, 1]], [35, [8, 9, 1]], [62, 2], [68, 1], [74, 3], [101, 3]]",[1.4288684763351051e-05]
layer_6,630,"[[31, [1, 13, 1, 1, 1]], [33, [16, 1, 1, 1, 1]], [35, [8, 3, 3]], [62, 2], [68, 1], [74, 3], [101, 3]]",[1.4287865592690553e-05]
layer_6,631,"[[31, [13, 1, 1, 1, 1]], [33, [16, 1, 1, 1, 1]], [35, [4, 18, 1]], [62, 2], [68, 1], [74, 2], [101, 3]]",[1.4086582356105433e-05]
layer_6,632,"[[31, [13, 1, 1, 1, 1]], [33, [16, 1, 1, 1, 1]], [35, [4, 9, 2]], [62, 2], [68, 1], [74, 2], [101, 3]]",[1.4084212579617835e-05]
layer_6,633,"[[31, [13, 1, 1, 1, 1]], [33, [4, 4, 1, 1, 1]], [35, [8, 9, 1]], [62, 2], [68, 1], [74, 3], [101, 3]]",[1.4198245813874018e-05]
layer_6,634,"[[31, [13, 1, 1, 1, 1]], [33, [4, 4, 1, 1, 1]], [35, [8, 3, 3]], [62, 2], [68, 1], [74, 3], [101, 3]]",[1.4200840546697039e-05]
layer_6,635,"[[31, [13, 1, 1, 1, 1]], [33, [16, 1, 1, 1, 1]], [35, [8, 3, 3]], [62, 2], [68, 1], [74, 3], [101, 3]]",[1.4158850084154845e-05]
layer_6,636,"[[31, [13, 1, 1, 1, 1]], [33, [16, 1, 1, 1, 1]], [35, [8, 9, 1]], [62, 2], [68, 1], [74, 3], [101, 3]]",[1.4158584034623708e-05]
layer_6,637,"[[31, [1, 13, 1, 1, 1]], [33, [2, 2, 1, 4, 1]], [35, [12, 2, 3]], [62, 2], [68, 0], [74, 0], [101, 4]]",[3.462465019901662e-05]
layer_6,638,"[[31, [13, 1, 1, 1, 1]], [33, [1, 2, 2, 4, 1]], [35, [12, 2, 3]], [62, 2], [68, 1], [74, 2], [101, 4]]",[7.843604037755637e-05]
layer_6,639,"[[31, [1, 13, 1, 1, 1]], [33, [1, 1, 4, 4, 1]], [35, [18, 2, 2]], [62, 0], [68, 2], [74, 3], [101, 0]]",[4.346543280047365e-05]
layer_6,640,"[[31, [13, 1, 1, 1, 1]], [33, [4, 4, 1, 1, 1]], [35, [8, 9, 1]], [62, 2], [68, 1], [74, 2], [101, 3]]",[1.1965436816524908e-05]
layer_6,641,"[[31, [13, 1, 1, 1, 1]], [33, [4, 4, 1, 1, 1]], [35, [8, 3, 3]], [62, 2], [68, 1], [74, 2], [101, 3]]",[1.0580293789315142e-05]
layer_6,642,"[[31, [13, 1, 1, 1, 1]], [33, [8, 2, 1, 1, 1]], [35, [8, 3, 3]], [62, 1], [68, 1], [74, 2], [101, 3]]",[1.1626732748475447e-05]
layer_6,643,"[[31, [13, 1, 1, 1, 1]], [33, [4, 4, 1, 1, 1]], [35, [8, 3, 3]], [62, 1], [68, 1], [74, 2], [101, 3]]",[1.0893730966394532e-05]
layer_6,644,"[[31, [13, 1, 1, 1, 1]], [33, [8, 2, 1, 1, 1]], [35, [8, 3, 3]], [62, 1], [68, 1], [74, 1], [101, 3]]",[1.0779127112208088e-05]
layer_6,645,"[[31, [13, 1, 1, 1, 1]], [33, [8, 2, 1, 1, 1]], [35, [4, 9, 2]], [62, 2], [68, 0], [74, 2], [101, 3]]",[1.1144821625213595e-05]
layer_6,646,"[[31, [13, 1, 1, 1, 1]], [33, [4, 4, 1, 1, 1]], [35, [8, 3, 3]], [62, 1], [68, 2], [74, 2], [101, 3]]",[1.1263377987039287e-05]
layer_6,647,"[[31, [13, 1, 1, 1, 1]], [33, [4, 4, 1, 1, 1]], [35, [8, 9, 1]], [62, 0], [68, 2], [74, 2], [101, 3]]",[1.1363930985380672e-05]
layer_6,648,"[[31, [13, 1, 1, 1, 1]], [33, [8, 2, 1, 1, 1]], [35, [8, 3, 3]], [62, 2], [68, 2], [74, 1], [101, 3]]",[1.1695296197960918e-05]
layer_6,649,"[[31, [1, 13, 1, 1, 1]], [33, [16, 1, 1, 1, 1]], [35, [8, 3, 3]], [62, 0], [68, 2], [74, 2], [101, 3]]",[1.1316941094100075e-05]
layer_6,650,"[[31, [1, 13, 1, 1, 1]], [33, [16, 1, 1, 1, 1]], [35, [8, 9, 1]], [62, 0], [68, 2], [74, 2], [101, 3]]",[1.1544676792223572e-05]
layer_6,651,"[[31, [13, 1, 1, 1, 1]], [33, [2, 8, 1, 1, 1]], [35, [8, 3, 3]], [62, 1], [68, 2], [74, 2], [101, 3]]",[1.1319214923106132e-05]
layer_6,652,"[[31, [13, 1, 1, 1, 1]], [33, [8, 2, 1, 1, 1]], [35, [8, 3, 3]], [62, 0], [68, 2], [74, 1], [101, 3]]",[1.2567938031591738e-05]
layer_6,653,"[[31, [13, 1, 1, 1, 1]], [33, [2, 8, 1, 1, 1]], [35, [8, 3, 3]], [62, 0], [68, 2], [74, 2], [101, 3]]",[1.1367498646345132e-05]
layer_6,654,"[[31, [13, 1, 1, 1, 1]], [33, [8, 2, 1, 1, 1]], [35, [8, 9, 1]], [62, 2], [68, 3], [74, 2], [101, 3]]",[1.2447805386687188e-05]
layer_6,655,"[[31, [13, 1, 1, 1, 1]], [33, [8, 2, 1, 1, 1]], [35, [8, 3, 3]], [62, 2], [68, 3], [74, 2], [101, 3]]",[1.3023101923076923e-05]
layer_6,656,"[[31, [13, 1, 1, 1, 1]], [33, [4, 4, 1, 1, 1]], [35, [8, 3, 3]], [62, 2], [68, 3], [74, 2], [101, 3]]",[1.3028895535233997e-05]
layer_6,657,"[[31, [13, 1, 1, 1, 1]], [33, [8, 2, 1, 1, 1]], [35, [8, 9, 1]], [62, 1], [68, 3], [74, 2], [101, 3]]",[1.2446546733042937e-05]
layer_6,658,"[[31, [13, 1, 1, 1, 1]], [33, [4, 4, 1, 1, 1]], [35, [8, 9, 1]], [62, 1], [68, 3], [74, 2], [101, 3]]",[1.221733337340707e-05]
layer_6,659,"[[31, [13, 1, 1, 1, 1]], [33, [2, 8, 1, 1, 1]], [35, [8, 3, 3]], [62, 2], [68, 3], [74, 2], [101, 3]]",[1.3045631125961928e-05]
layer_6,660,"[[31, [13, 1, 1, 1, 1]], [33, [8, 2, 1, 1, 1]], [35, [4, 6, 3]], [62, 1], [68, 0], [74, 1], [101, 3]]",[1.269759677245831e-05]
layer_6,661,"[[31, [13, 1, 1, 1, 1]], [33, [8, 2, 1, 1, 1]], [35, [4, 9, 2]], [62, 2], [68, 0], [74, 1], [101, 3]]",[1.2841992912110167e-05]
layer_6,662,"[[31, [13, 1, 1, 1, 1]], [33, [8, 2, 1, 1, 1]], [35, [8, 9, 1]], [62, 0], [68, 3], [74, 2], [101, 3]]",[1.2607248379910895e-05]
layer_6,663,"[[31, [13, 1, 1, 1, 1]], [33, [4, 4, 1, 1, 1]], [35, [8, 9, 1]], [62, 0], [68, 3], [74, 2], [101, 3]]",[1.2552880293679506e-05]
layer_6,664,"[[31, [13, 1, 1, 1, 1]], [33, [4, 4, 1, 1, 1]], [35, [8, 3, 3]], [62, 1], [68, 3], [74, 1], [101, 4]]",[1.2925252632644797e-05]
layer_6,665,"[[31, [13, 1, 1, 1, 1]], [33, [4, 4, 1, 1, 1]], [35, [4, 9, 2]], [62, 1], [68, 0], [74, 1], [101, 3]]",[1.3097175147928994e-05]
layer_6,666,"[[31, [13, 1, 1, 1, 1]], [33, [8, 2, 1, 1, 1]], [35, [8, 3, 3]], [62, 2], [68, 3], [74, 1], [101, 4]]",[1.3123395909275012e-05]
layer_6,667,"[[31, [13, 1, 1, 1, 1]], [33, [8, 2, 1, 1, 1]], [35, [8, 3, 3]], [62, 1], [68, 3], [74, 1], [101, 4]]",[1.3160510166756321e-05]
layer_6,668,"[[31, [13, 1, 1, 1, 1]], [33, [8, 2, 1, 1, 1]], [35, [8, 3, 3]], [62, 1], [68, 3], [74, 1], [101, 3]]",[1.3134328474975887e-05]
layer_6,669,"[[31, [13, 1, 1, 1, 1]], [33, [1, 16, 1, 1, 1]], [35, [8, 9, 1]], [62, 1], [68, 3], [74, 1], [101, 4]]",[1.2812434523809524e-05]
layer_6,670,"[[31, [13, 1, 1, 1, 1]], [33, [8, 2, 1, 1, 1]], [35, [4, 18, 1]], [62, 1], [68, 0], [74, 1], [101, 3]]",[1.3154649960132134e-05]
layer_6,671,"[[31, [13, 1, 1, 1, 1]], [33, [1, 16, 1, 1, 1]], [35, [8, 3, 3]], [62, 0], [68, 3], [74, 1], [101, 4]]",[1.3922326245999085e-05]
layer_6,672,"[[31, [13, 1, 1, 1, 1]], [33, [2, 8, 1, 1, 1]], [35, [8, 3, 3]], [62, 0], [68, 3], [74, 1], [101, 3]]",[1.355393988863579e-05]
layer_6,673,"[[31, [13, 1, 1, 1, 1]], [33, [8, 2, 1, 1, 1]], [35, [4, 9, 2]], [62, 2], [68, 1], [74, 2], [101, 3]]",[1.3869302716999278e-05]
layer_6,674,"[[31, [13, 1, 1, 1, 1]], [33, [4, 4, 1, 1, 1]], [35, [8, 9, 1]], [62, 2], [68, 1], [74, 3], [101, 4]]",[6.751112516585581e-05]
layer_6,675,"[[31, [13, 1, 1, 1, 1]], [33, [4, 4, 1, 1, 1]], [35, [8, 3, 3]], [62, 2], [68, 1], [74, 3], [101, 4]]",[6.746644609340899e-05]
layer_6,676,"[[31, [13, 1, 1, 1, 1]], [33, [4, 4, 1, 1, 1]], [35, [8, 9, 1]], [62, 1], [68, 1], [74, 3], [101, 4]]",[6.739940331732868e-05]
layer_6,677,"[[31, [13, 1, 1, 1, 1]], [33, [8, 2, 1, 1, 1]], [35, [8, 9, 1]], [62, 2], [68, 1], [74, 3], [101, 4]]",[6.736132949512843e-05]
layer_6,678,"[[31, [13, 1, 1, 1, 1]], [33, [8, 2, 1, 1, 1]], [35, [8, 3, 3]], [62, 1], [68, 1], [74, 3], [101, 4]]",[6.736566970387245e-05]
layer_6,679,"[[31, [13, 1, 1, 1, 1]], [33, [8, 2, 1, 1, 1]], [35, [8, 9, 1]], [62, 2], [68, 1], [74, 3], [101, 3]]",[1.41052046317388e-05]
layer_6,680,"[[31, [13, 1, 1, 1, 1]], [33, [4, 4, 1, 1, 1]], [35, [8, 3, 3]], [62, 1], [68, 1], [74, 3], [101, 3]]",[1.4376716116248348e-05]
layer_6,681,"[[31, [13, 1, 1, 1, 1]], [33, [16, 1, 1, 1, 1]], [35, [4, 18, 1]], [62, 1], [68, 1], [74, 2], [101, 3]]",[1.4543498690055816e-05]
layer_6,682,"[[31, [13, 1, 1, 1, 1]], [33, [8, 2, 1, 1, 1]], [35, [8, 9, 1]], [62, 0], [68, 1], [74, 3], [101, 4]]",[6.74731863493489e-05]
layer_6,683,"[[31, [13, 1, 1, 1, 1]], [33, [8, 2, 1, 1, 1]], [35, [8, 3, 3]], [62, 0], [68, 1], [74, 3], [101, 4]]",[6.747969663418955e-05]
layer_6,684,"[[31, [13, 1, 1, 1, 1]], [33, [4, 4, 1, 1, 1]], [35, [8, 9, 1]], [62, 0], [68, 1], [74, 3], [101, 4]]",[6.741714819944598e-05]
layer_6,685,"[[31, [13, 1, 1, 1, 1]], [33, [4, 4, 1, 1, 1]], [35, [8, 3, 3]], [62, 0], [68, 1], [74, 3], [101, 4]]",[6.744943097345133e-05]
layer_6,686,"[[31, [13, 1, 1, 1, 1]], [33, [1, 16, 1, 1, 1]], [35, [8, 3, 3]], [62, 2], [68, 1], [74, 3], [101, 4]]",[6.735991037306643e-05]
layer_6,687,"[[31, [13, 1, 1, 1, 1]], [33, [1, 16, 1, 1, 1]], [35, [8, 9, 1]], [62, 2], [68, 1], [74, 3], [101, 4]]",[6.733467115902965e-05]
layer_6,688,"[[31, [13, 1, 1, 1, 1]], [33, [8, 2, 1, 1, 1]], [35, [8, 9, 1]], [62, 0], [68, 1], [74, 3], [101, 3]]",[1.4148789839389451e-05]
layer_6,689,"[[31, [13, 1, 1, 1, 1]], [33, [16, 1, 1, 1, 1]], [35, [8, 3, 3]], [62, 0], [68, 1], [74, 3], [101, 3]]",[1.4238188596019366e-05]
layer_6,690,"[[31, [13, 1, 1, 1, 1]], [33, [1, 16, 1, 1, 1]], [35, [8, 9, 1]], [62, 1], [68, 1], [74, 3], [101, 4]]",[6.749375287865367e-05]
layer_6,691,"[[31, [13, 1, 1, 1, 1]], [33, [1, 16, 1, 1, 1]], [35, [8, 9, 1]], [62, 2], [68, 1], [74, 3], [101, 3]]",[1.411179805063592e-05]
layer_6,692,"[[31, [1, 13, 1, 1, 1]], [33, [16, 1, 1, 1, 1]], [35, [8, 3, 3]], [62, 1], [68, 1], [74, 3], [101, 3]]",[1.5719250631229237e-05]
layer_6,693,"[[31, [13, 1, 1, 1, 1]], [33, [2, 8, 1, 1, 1]], [35, [8, 9, 1]], [62, 2], [68, 1], [74, 3], [101, 3]]",[1.4176914523809525e-05]
layer_6,694,"[[31, [13, 1, 1, 1, 1]], [33, [2, 8, 1, 1, 1]], [35, [8, 3, 3]], [62, 2], [68, 1], [74, 3], [101, 3]]",[1.4178154719577933e-05]
layer_6,695,"[[31, [13, 1, 1, 1, 1]], [33, [1, 16, 1, 1, 1]], [35, [8, 9, 1]], [62, 0], [68, 1], [74, 3], [101, 3]]",[1.5610492280435333e-05]
layer_6,696,"[[31, [13, 1, 1, 1, 1]], [33, [1, 16, 1, 1, 1]], [35, [8, 9, 1]], [62, 1], [68, 1], [74, 3], [101, 3]]",[1.5547860302957442e-05]
layer_6,697,"[[31, [1, 13, 1, 1, 1]], [33, [16, 1, 1, 1, 1]], [35, [8, 9, 1]], [62, 0], [68, 1], [74, 3], [101, 4]]",[6.731805412483632e-05]
layer_6,698,"[[31, [1, 13, 1, 1, 1]], [33, [16, 1, 1, 1, 1]], [35, [8, 9, 1]], [62, 0], [68, 1], [74, 3], [101, 3]]",[1.5813944697544925e-05]
layer_6,699,"[[31, [13, 1, 1, 1, 1]], [33, [2, 8, 1, 1, 1]], [35, [8, 9, 1]], [62, 1], [68, 1], [74, 3], [101, 4]]",[6.852795507637017e-05]
layer_6,700,"[[31, [13, 1, 1, 1, 1]], [33, [2, 8, 1, 1, 1]], [35, [8, 3, 3]], [62, 2], [68, 1], [74, 3], [101, 4]]",[6.85179617312073e-05]
layer_6,701,"[[31, [1, 1, 13, 1, 1]], [33, [4, 1, 1, 2, 2]], [35, [36, 1, 2]], [62, 1], [68, 3], [74, 0], [101, 1]]",[0.00010321273588709678]
layer_6,702,"[[31, [1, 1, 13, 1, 1]], [33, [4, 1, 1, 4, 1]], [35, [24, 1, 3]], [62, 0], [68, 1], [74, 0], [101, 3]]",[5.727519134396355e-05]
layer_6,703,"[[31, [1, 1, 1, 13, 1]], [33, [1, 2, 1, 4, 2]], [35, [24, 3, 1]], [62, 1], [68, 3], [74, 1], [101, 2]]",[0.0014670196454545457]
layer_6,704,"[[31, [13, 1, 1, 1, 1]], [33, [4, 4, 1, 1, 1]], [35, [8, 3, 3]], [62, 2], [68, 2], [74, 2], [101, 3]]",[1.2086614754926732e-05]
layer_6,705,"[[31, [13, 1, 1, 1, 1]], [33, [4, 4, 1, 1, 1]], [35, [8, 9, 1]], [62, 2], [68, 2], [74, 2], [101, 3]]",[1.1495426387201296e-05]
layer_6,706,"[[31, [13, 1, 1, 1, 1]], [33, [8, 2, 1, 1, 1]], [35, [8, 9, 1]], [62, 2], [68, 2], [74, 2], [101, 3]]",[1.12417853381936e-05]
layer_6,707,"[[31, [13, 1, 1, 1, 1]], [33, [8, 2, 1, 1, 1]], [35, [8, 3, 3]], [62, 2], [68, 2], [74, 2], [101, 3]]",[1.1362181127776723e-05]
layer_6,708,"[[31, [13, 1, 1, 1, 1]], [33, [4, 4, 1, 1, 1]], [35, [8, 3, 3]], [62, 0], [68, 2], [74, 2], [101, 3]]",[1.1302985824220331e-05]
layer_6,709,"[[31, [13, 1, 1, 1, 1]], [33, [8, 2, 1, 1, 1]], [35, [8, 9, 1]], [62, 1], [68, 2], [74, 2], [101, 3]]",[1.126451669188099e-05]
layer_6,710,"[[31, [13, 1, 1, 1, 1]], [33, [2, 8, 1, 1, 1]], [35, [8, 9, 1]], [62, 2], [68, 2], [74, 2], [101, 3]]",[1.1222232796892342e-05]
layer_6,711,"[[31, [13, 1, 1, 1, 1]], [33, [1, 16, 1, 1, 1]], [35, [8, 3, 3]], [62, 0], [68, 2], [74, 2], [101, 3]]",[1.129594198055893e-05]
layer_6,712,"[[31, [13, 1, 1, 1, 1]], [33, [2, 8, 1, 1, 1]], [35, [8, 9, 1]], [62, 1], [68, 2], [74, 2], [101, 3]]",[1.1225509923045768e-05]
layer_6,713,"[[31, [13, 1, 1, 1, 1]], [33, [1, 16, 1, 1, 1]], [35, [8, 9, 1]], [62, 2], [68, 3], [74, 2], [101, 3]]",[1.259747860062515e-05]
layer_6,714,"[[31, [13, 1, 1, 1, 1]], [33, [16, 1, 1, 1, 1]], [35, [8, 3, 3]], [62, 1], [68, 3], [74, 2], [101, 3]]",[1.340629564281872e-05]
layer_6,715,"[[31, [13, 1, 1, 1, 1]], [33, [4, 4, 1, 1, 1]], [35, [8, 3, 3]], [62, 0], [68, 3], [74, 2], [101, 3]]",[1.3151707046799354e-05]
layer_6,716,"[[31, [13, 1, 1, 1, 1]], [33, [2, 8, 1, 1, 1]], [35, [8, 3, 3]], [62, 1], [68, 3], [74, 2], [101, 3]]",[1.2244608953183734e-05]
layer_6,717,"[[31, [1, 13, 1, 1, 1]], [33, [16, 1, 1, 1, 1]], [35, [8, 9, 1]], [62, 1], [68, 3], [74, 1], [101, 4]]",[1.2748381934161066e-05]
layer_6,718,"[[31, [1, 13, 1, 1, 1]], [33, [16, 1, 1, 1, 1]], [35, [8, 3, 3]], [62, 2], [68, 3], [74, 1], [101, 4]]",[1.2796199354491664e-05]
layer_6,719,"[[31, [13, 1, 1, 1, 1]], [33, [2, 8, 1, 1, 1]], [35, [8, 3, 3]], [62, 0], [68, 3], [74, 2], [101, 3]]",[1.3207428602501359e-05]
layer_6,720,"[[31, [13, 1, 1, 1, 1]], [33, [2, 8, 1, 1, 1]], [35, [8, 9, 1]], [62, 0], [68, 3], [74, 2], [101, 3]]",[1.2672438927626833e-05]
layer_6,721,"[[31, [1, 13, 1, 1, 1]], [33, [16, 1, 1, 1, 1]], [35, [8, 3, 3]], [62, 0], [68, 3], [74, 1], [101, 4]]",[1.399400934047158e-05]
layer_6,722,"[[31, [13, 1, 1, 1, 1]], [33, [16, 1, 1, 1, 1]], [35, [8, 3, 3]], [62, 1], [68, 3], [74, 1], [101, 3]]",[1.2839825282409897e-05]
layer_6,723,"[[31, [13, 1, 1, 1, 1]], [33, [1, 16, 1, 1, 1]], [35, [12, 6, 1]], [62, 0], [68, 1], [74, 1], [101, 4]]",[2.2114625376572747e-05]
layer_6,724,"[[31, [13, 1, 1, 1, 1]], [33, [2, 8, 1, 1, 1]], [35, [4, 9, 2]], [62, 1], [68, 1], [74, 2], [101, 3]]",[1.4305552097769938e-05]
layer_6,725,"[[31, [13, 1, 1, 1, 1]], [33, [16, 1, 1, 1, 1]], [35, [8, 9, 1]], [62, 2], [68, 2], [74, 1], [101, 4]]",[1.364063242524917e-05]
layer_6,726,"[[31, [13, 1, 1, 1, 1]], [33, [16, 1, 1, 1, 1]], [35, [8, 3, 3]], [62, 1], [68, 2], [74, 1], [101, 4]]",[1.374305491166873e-05]
layer_6,727,"[[31, [13, 1, 1, 1, 1]], [33, [8, 2, 1, 1, 1]], [35, [8, 9, 1]], [62, 1], [68, 1], [74, 3], [101, 3]]",[1.409396753616585e-05]
layer_6,728,"[[31, [13, 1, 1, 1, 1]], [33, [8, 2, 1, 1, 1]], [35, [8, 3, 3]], [62, 1], [68, 1], [74, 3], [101, 3]]",[1.4093788534548216e-05]
layer_6,729,"[[31, [13, 1, 1, 1, 1]], [33, [4, 4, 1, 1, 1]], [35, [8, 9, 1]], [62, 1], [68, 1], [74, 3], [101, 3]]",[1.4357556669324524e-05]
layer_6,730,"[[31, [13, 1, 1, 1, 1]], [33, [4, 4, 1, 1, 1]], [35, [8, 9, 1]], [62, 0], [68, 1], [74, 3], [101, 3]]",[1.4449258913315866e-05]
layer_6,731,"[[31, [13, 1, 1, 1, 1]], [33, [4, 4, 1, 1, 1]], [35, [8, 3, 3]], [62, 0], [68, 1], [74, 3], [101, 3]]",[1.4452525686296844e-05]
layer_6,732,"[[31, [13, 1, 1, 1, 1]], [33, [1, 16, 1, 1, 1]], [35, [4, 6, 3]], [62, 0], [68, 0], [74, 1], [101, 4]]",[1.2711015723981901e-05]
layer_6,733,"[[31, [1, 13, 1, 1, 1]], [33, [16, 1, 1, 1, 1]], [35, [8, 3, 3]], [62, 2], [68, 0], [74, 2], [101, 3]]",[1.948134654517844e-05]
layer_6,734,"[[31, [1, 13, 1, 1, 1]], [33, [16, 1, 1, 1, 1]], [35, [8, 9, 1]], [62, 2], [68, 0], [74, 2], [101, 3]]",[1.948030509461427e-05]
layer_6,735,"[[31, [13, 1, 1, 1, 1]], [33, [4, 4, 1, 1, 1]], [35, [24, 3, 1]], [62, 1], [68, 1], [74, 1], [101, 3]]",[3.631984924753503e-05]
layer_6,736,"[[31, [13, 1, 1, 1, 1]], [33, [4, 4, 1, 1, 1]], [35, [24, 3, 1]], [62, 1], [68, 1], [74, 1], [101, 4]]",[3.6317400911161736e-05]
layer_6,737,"[[31, [13, 1, 1, 1, 1]], [33, [4, 4, 1, 1, 1]], [35, [24, 1, 3]], [62, 1], [68, 1], [74, 1], [101, 4]]",[2.1044397927135677e-05]
layer_6,738,"[[31, [1, 13, 1, 1, 1]], [33, [16, 1, 1, 1, 1]], [35, [8, 9, 1]], [62, 1], [68, 0], [74, 2], [101, 3]]",[2.004549851924975e-05]
layer_6,739,"[[31, [13, 1, 1, 1, 1]], [33, [2, 8, 1, 1, 1]], [35, [8, 3, 3]], [62, 1], [68, 1], [74, 3], [101, 3]]",[1.4186394082840238e-05]
layer_6,740,"[[31, [13, 1, 1, 1, 1]], [33, [2, 8, 1, 1, 1]], [35, [8, 9, 1]], [62, 1], [68, 1], [74, 3], [101, 3]]",[1.4190470252824099e-05]
layer_6,741,"[[31, [13, 1, 1, 1, 1]], [33, [4, 4, 1, 1, 1]], [35, [24, 3, 1]], [62, 1], [68, 1], [74, 2], [101, 3]]",[2.356956158071948e-05]
layer_6,742,"[[31, [13, 1, 1, 1, 1]], [33, [4, 4, 1, 1, 1]], [35, [24, 1, 3]], [62, 1], [68, 1], [74, 2], [101, 3]]",[2.3208074399337204e-05]
layer_6,743,"[[31, [1, 13, 1, 1, 1]], [33, [16, 1, 1, 1, 1]], [35, [8, 9, 1]], [62, 0], [68, 0], [74, 2], [101, 3]]",[1.9517372948417354e-05]
layer_6,744,"[[31, [1, 13, 1, 1, 1]], [33, [16, 1, 1, 1, 1]], [35, [8, 3, 3]], [62, 0], [68, 0], [74, 2], [101, 3]]",[1.9509880127554715e-05]
layer_6,745,"[[31, [13, 1, 1, 1, 1]], [33, [2, 8, 1, 1, 1]], [35, [8, 3, 3]], [62, 0], [68, 1], [74, 3], [101, 3]]",[1.4264102308247175e-05]
layer_6,746,"[[31, [13, 1, 1, 1, 1]], [33, [4, 4, 1, 1, 1]], [35, [24, 3, 1]], [62, 2], [68, 1], [74, 2], [101, 3]]",[2.314299931961218e-05]
layer_6,747,"[[31, [1, 13, 1, 1, 1]], [33, [1, 4, 4, 1, 1]], [35, [24, 3, 1]], [62, 1], [68, 3], [74, 1], [101, 3]]",[6.131495821501014e-05]
layer_6,748,"[[31, [13, 1, 1, 1, 1]], [33, [4, 4, 1, 1, 1]], [35, [24, 1, 3]], [62, 0], [68, 1], [74, 2], [101, 3]]",[2.32823515037594e-05]
layer_6,749,"[[31, [1, 13, 1, 1, 1]], [33, [16, 1, 1, 1, 1]], [35, [8, 3, 3]], [62, 2], [68, 1], [74, 0], [101, 3]]",[3.8995848476605004e-05]
layer_6,750,"[[31, [1, 13, 1, 1, 1]], [33, [16, 1, 1, 1, 1]], [35, [8, 9, 1]], [62, 2], [68, 1], [74, 0], [101, 3]]",[3.899487248908297e-05]
layer_6,751,"[[31, [1, 13, 1, 1, 1]], [33, [16, 1, 1, 1, 1]], [35, [8, 9, 1]], [62, 1], [68, 1], [74, 3], [101, 3]]",[1.5728158061250316e-05]
layer_6,752,"[[31, [13, 1, 1, 1, 1]], [33, [2, 8, 1, 1, 1]], [35, [4, 9, 2]], [62, 1], [68, 3], [74, 2], [101, 3]]",[2.7168743191446438e-05]
layer_6,753,"[[31, [13, 1, 1, 1, 1]], [33, [2, 8, 1, 1, 1]], [35, [8, 3, 3]], [62, 2], [68, 0], [74, 2], [101, 3]]",[2.1932267357683443e-05]
layer_6,754,"[[31, [13, 1, 1, 1, 1]], [33, [1, 16, 1, 1, 1]], [35, [24, 3, 1]], [62, 2], [68, 1], [74, 1], [101, 4]]",[3.6738856253243384e-05]
layer_6,755,"[[31, [13, 1, 1, 1, 1]], [33, [1, 16, 1, 1, 1]], [35, [24, 1, 3]], [62, 2], [68, 1], [74, 1], [101, 4]]",[2.0573786584401205e-05]
layer_6,756,"[[31, [13, 1, 1, 1, 1]], [33, [1, 16, 1, 1, 1]], [35, [4, 6, 3]], [62, 1], [68, 1], [74, 0], [101, 3]]",[1.4460784717607973e-05]
layer_6,757,"[[31, [13, 1, 1, 1, 1]], [33, [1, 16, 1, 1, 1]], [35, [24, 1, 3]], [62, 0], [68, 1], [74, 1], [101, 3]]",[2.1246063672260613e-05]
layer_6,758,"[[31, [13, 1, 1, 1, 1]], [33, [4, 4, 1, 1, 1]], [35, [36, 1, 2]], [62, 2], [68, 1], [74, 0], [101, 3]]",[1.6338008871638482e-05]
layer_6,759,"[[31, [13, 1, 1, 1, 1]], [33, [1, 16, 1, 1, 1]], [35, [24, 3, 1]], [62, 1], [68, 1], [74, 1], [101, 4]]",[3.681262591748924e-05]
layer_6,760,"[[31, [13, 1, 1, 1, 1]], [33, [1, 16, 1, 1, 1]], [35, [8, 3, 3]], [62, 0], [68, 1], [74, 3], [101, 3]]",[1.5636256172467784e-05]
layer_6,761,"[[31, [13, 1, 1, 1, 1]], [33, [16, 1, 1, 1, 1]], [35, [8, 3, 3]], [62, 2], [68, 0], [74, 2], [101, 3]]",[2.2177231326094115e-05]
layer_6,762,"[[31, [1, 13, 1, 1, 1]], [33, [16, 1, 1, 1, 1]], [35, [4, 18, 1]], [62, 2], [68, 0], [74, 2], [101, 3]]",[1.920252665148064e-05]
layer_6,763,"[[31, [13, 1, 1, 1, 1]], [33, [4, 4, 1, 1, 1]], [35, [12, 3, 2]], [62, 1], [68, 1], [74, 1], [101, 3]]",[2.03823141907926e-05]
layer_6,764,"[[31, [13, 1, 1, 1, 1]], [33, [2, 8, 1, 1, 1]], [35, [4, 9, 2]], [62, 2], [68, 1], [74, 0], [101, 3]]",[1.4627578063352496e-05]
layer_6,765,"[[31, [1, 13, 1, 1, 1]], [33, [1, 1, 8, 2, 1]], [35, [72, 1, 1]], [62, 0], [68, 1], [74, 1], [101, 1]]",[0.00014209352641165755]
layer_6,766,"[[31, [1, 13, 1, 1, 1]], [33, [2, 8, 1, 1, 1]], [35, [12, 6, 1]], [62, 0], [68, 3], [74, 2], [101, 0]]",[0.00012186143364197532]
layer_6,767,"[[31, [1, 1, 13, 1, 1]], [33, [1, 8, 1, 1, 2]], [35, [24, 3, 1]], [62, 1], [68, 1], [74, 0], [101, 3]]",[5.138235719178082e-05]
layer_6,768,"[[31, [13, 1, 1, 1, 1]], [33, [2, 8, 1, 1, 1]], [35, [8, 3, 3]], [62, 2], [68, 2], [74, 2], [101, 3]]",[1.2127376869284562e-05]
layer_6,769,"[[31, [13, 1, 1, 1, 1]], [33, [2, 8, 1, 1, 1]], [35, [8, 9, 1]], [62, 0], [68, 2], [74, 2], [101, 3]]",[1.1256223673552047e-05]
layer_6,770,"[[31, [13, 1, 1, 1, 1]], [33, [1, 16, 1, 1, 1]], [35, [4, 18, 1]], [62, 1], [68, 0], [74, 0], [101, 3]]",[1.1028754034554774e-05]
layer_6,771,"[[31, [13, 1, 1, 1, 1]], [33, [1, 16, 1, 1, 1]], [35, [4, 18, 1]], [62, 1], [68, 0], [74, 1], [101, 3]]",[1.2631821486431754e-05]
layer_6,772,"[[31, [13, 1, 1, 1, 1]], [33, [2, 8, 1, 1, 1]], [35, [8, 9, 1]], [62, 2], [68, 3], [74, 2], [101, 3]]",[1.2477744937221547e-05]
layer_6,773,"[[31, [13, 1, 1, 1, 1]], [33, [4, 4, 1, 1, 1]], [35, [8, 9, 1]], [62, 2], [68, 3], [74, 2], [101, 3]]",[1.2464156966110812e-05]
layer_6,774,"[[31, [13, 1, 1, 1, 1]], [33, [4, 4, 1, 1, 1]], [35, [8, 3, 3]], [62, 1], [68, 3], [74, 2], [101, 3]]",[1.2248602400600148e-05]
layer_6,775,"[[31, [1, 13, 1, 1, 1]], [33, [16, 1, 1, 1, 1]], [35, [4, 6, 3]], [62, 2], [68, 0], [74, 1], [101, 3]]",[1.2556626722861374e-05]
layer_6,776,"[[31, [13, 1, 1, 1, 1]], [33, [8, 2, 1, 1, 1]], [35, [8, 9, 1]], [62, 1], [68, 3], [74, 1], [101, 3]]",[1.3169580248319855e-05]
layer_6,777,"[[31, [1, 13, 1, 1, 1]], [33, [16, 1, 1, 1, 1]], [35, [8, 3, 3]], [62, 2], [68, 2], [74, 1], [101, 4]]",[1.36171615922539e-05]
layer_6,778,"[[31, [13, 1, 1, 1, 1]], [33, [16, 1, 1, 1, 1]], [35, [8, 3, 3]], [62, 2], [68, 2], [74, 1], [101, 4]]",[1.3638130538785738e-05]
layer_6,779,"[[31, [13, 1, 1, 1, 1]], [33, [8, 2, 1, 1, 1]], [35, [8, 3, 3]], [62, 2], [68, 2], [74, 1], [101, 4]]",[1.1723844257305196e-05]
layer_6,780,"[[31, [13, 1, 1, 1, 1]], [33, [8, 2, 1, 1, 1]], [35, [8, 9, 1]], [62, 2], [68, 2], [74, 1], [101, 4]]",[1.1723394626922346e-05]
layer_6,781,"[[31, [13, 1, 1, 1, 1]], [33, [16, 1, 1, 1, 1]], [35, [8, 3, 3]], [62, 0], [68, 2], [74, 1], [101, 4]]",[1.2529681854425333e-05]
layer_6,782,"[[31, [13, 1, 1, 1, 1]], [33, [8, 2, 1, 1, 1]], [35, [8, 9, 1]], [62, 1], [68, 2], [74, 1], [101, 4]]",[1.175995534001279e-05]
layer_6,783,"[[31, [1, 13, 1, 1, 1]], [33, [16, 1, 1, 1, 1]], [35, [8, 9, 1]], [62, 0], [68, 2], [74, 1], [101, 4]]",[1.2546696030781693e-05]
layer_6,784,"[[31, [1, 13, 1, 1, 1]], [33, [16, 1, 1, 1, 1]], [35, [8, 3, 3]], [62, 0], [68, 2], [74, 1], [101, 4]]",[1.2546245130424878e-05]
layer_6,785,"[[31, [13, 1, 1, 1, 1]], [33, [4, 4, 1, 1, 1]], [35, [8, 9, 1]], [62, 1], [68, 2], [74, 1], [101, 4]]",[1.1750817233697853e-05]
layer_6,786,"[[31, [13, 1, 1, 1, 1]], [33, [4, 4, 1, 1, 1]], [35, [8, 3, 3]], [62, 2], [68, 2], [74, 1], [101, 4]]",[1.1759177397783722e-05]
layer_6,787,"[[31, [13, 1, 1, 1, 1]], [33, [4, 4, 1, 1, 1]], [35, [8, 9, 1]], [62, 2], [68, 2], [74, 1], [101, 4]]",[1.1757918834250997e-05]
layer_6,788,"[[31, [13, 1, 1, 1, 1]], [33, [8, 2, 1, 1, 1]], [35, [8, 9, 1]], [62, 0], [68, 2], [74, 1], [101, 4]]",[1.2589409955575806e-05]
layer_6,789,"[[31, [13, 1, 1, 1, 1]], [33, [8, 2, 1, 1, 1]], [35, [8, 3, 3]], [62, 2], [68, 1], [74, 3], [101, 3]]",[1.4110647177929639e-05]
layer_6,790,"[[31, [13, 1, 1, 1, 1]], [33, [8, 2, 1, 1, 1]], [35, [8, 3, 3]], [62, 0], [68, 1], [74, 3], [101, 3]]",[1.4216709786006251e-05]
layer_6,791,"[[31, [13, 1, 1, 1, 1]], [33, [2, 8, 1, 1, 1]], [35, [8, 9, 1]], [62, 0], [68, 1], [74, 3], [101, 3]]",[1.4310086054163502e-05]
layer_6,792,"[[31, [13, 1, 1, 1, 1]], [33, [8, 2, 1, 1, 1]], [35, [4, 9, 2]], [62, 0], [68, 0], [74, 1], [101, 4]]",[1.3250547898393894e-05]
layer_6,793,"[[31, [13, 1, 1, 1, 1]], [33, [1, 16, 1, 1, 1]], [35, [4, 18, 1]], [62, 1], [68, 1], [74, 0], [101, 3]]",[1.4480101240192359e-05]
layer_6,794,"[[31, [1, 13, 1, 1, 1]], [33, [16, 1, 1, 1, 1]], [35, [8, 3, 3]], [62, 0], [68, 1], [74, 3], [101, 3]]",[1.5831392252405898e-05]
layer_6,795,"[[31, [13, 1, 1, 1, 1]], [33, [1, 16, 1, 1, 1]], [35, [4, 18, 1]], [62, 2], [68, 1], [74, 1], [101, 3]]",[1.703051388704319e-05]
layer_6,796,"[[31, [13, 1, 1, 1, 1]], [33, [1, 16, 1, 1, 1]], [35, [4, 9, 2]], [62, 2], [68, 1], [74, 1], [101, 3]]",[1.7030148908296946e-05]
layer_6,797,"[[31, [13, 1, 1, 1, 1]], [33, [16, 1, 1, 1, 1]], [35, [4, 9, 2]], [62, 2], [68, 0], [74, 0], [101, 3]]",[1.6849392558139533e-05]
layer_6,798,"[[31, [13, 1, 1, 1, 1]], [33, [1, 16, 1, 1, 1]], [35, [8, 9, 1]], [62, 2], [68, 0], [74, 2], [101, 3]]",[1.961326288285673e-05]
layer_6,799,"[[31, [13, 1, 1, 1, 1]], [33, [1, 16, 1, 1, 1]], [35, [8, 3, 3]], [62, 2], [68, 0], [74, 2], [101, 3]]",[1.9614303113135915e-05]
layer_6,800,"[[31, [13, 1, 1, 1, 1]], [33, [1, 16, 1, 1, 1]], [35, [4, 9, 2]], [62, 0], [68, 1], [74, 1], [101, 3]]",[1.6781895040369088e-05]
layer_6,801,"[[31, [13, 1, 1, 1, 1]], [33, [1, 16, 1, 1, 1]], [35, [4, 18, 1]], [62, 0], [68, 1], [74, 1], [101, 3]]",[1.678178006789525e-05]
layer_6,802,"[[31, [1, 13, 1, 1, 1]], [33, [16, 1, 1, 1, 1]], [35, [4, 6, 3]], [62, 0], [68, 1], [74, 0], [101, 3]]",[1.4670062877320877e-05]
layer_6,803,"[[31, [13, 1, 1, 1, 1]], [33, [1, 16, 1, 1, 1]], [35, [8, 9, 1]], [62, 1], [68, 0], [74, 2], [101, 3]]",[1.9207199177345357e-05]
layer_6,804,"[[31, [13, 1, 1, 1, 1]], [33, [4, 4, 1, 1, 1]], [35, [8, 3, 3]], [62, 2], [68, 2], [74, 3], [101, 3]]",[1.1252964549064096e-05]
layer_6,805,"[[31, [13, 1, 1, 1, 1]], [33, [4, 4, 1, 1, 1]], [35, [8, 9, 1]], [62, 2], [68, 2], [74, 3], [101, 3]]",[1.1518684281720626e-05]
layer_6,806,"[[31, [13, 1, 1, 1, 1]], [33, [1, 16, 1, 1, 1]], [35, [4, 18, 1]], [62, 2], [68, 2], [74, 2], [101, 3]]",[1.5945551096345516e-05]
layer_6,807,"[[31, [13, 1, 1, 1, 1]], [33, [4, 4, 1, 1, 1]], [35, [8, 9, 1]], [62, 2], [68, 0], [74, 2], [101, 3]]",[2.301994772284246e-05]
layer_6,808,"[[31, [13, 1, 1, 1, 1]], [33, [4, 4, 1, 1, 1]], [35, [8, 3, 3]], [62, 2], [68, 0], [74, 2], [101, 3]]",[2.2061278278753364e-05]
layer_6,809,"[[31, [13, 1, 1, 1, 1]], [33, [4, 4, 1, 1, 1]], [35, [8, 3, 3]], [62, 1], [68, 0], [74, 2], [101, 3]]",[2.0712409044368602e-05]
layer_6,810,"[[31, [13, 1, 1, 1, 1]], [33, [1, 16, 1, 1, 1]], [35, [6, 4, 3]], [62, 2], [68, 1], [74, 2], [101, 3]]",[2.0544379072063176e-05]
layer_6,811,"[[31, [13, 1, 1, 1, 1]], [33, [2, 8, 1, 1, 1]], [35, [8, 3, 3]], [62, 0], [68, 0], [74, 2], [101, 3]]",[2.2106801297263088e-05]
layer_6,812,"[[31, [13, 1, 1, 1, 1]], [33, [2, 8, 1, 1, 1]], [35, [8, 9, 1]], [62, 0], [68, 0], [74, 2], [101, 3]]",[2.3085455254297358e-05]
layer_6,813,"[[31, [13, 1, 1, 1, 1]], [33, [2, 8, 1, 1, 1]], [35, [4, 6, 3]], [62, 2], [68, 2], [74, 2], [101, 3]]",[1.6763351091703055e-05]
layer_6,814,"[[31, [13, 1, 1, 1, 1]], [33, [2, 8, 1, 1, 1]], [35, [8, 3, 3]], [62, 1], [68, 2], [74, 3], [101, 3]]",[1.1140343581111012e-05]
layer_6,815,"[[31, [13, 1, 1, 1, 1]], [33, [1, 8, 1, 2, 1]], [35, [8, 3, 3]], [62, 0], [68, 1], [74, 0], [101, 3]]",[6.64022937581842e-05]
layer_6,816,"[[31, [13, 1, 1, 1, 1]], [33, [16, 1, 1, 1, 1]], [35, [8, 9, 1]], [62, 2], [68, 2], [74, 3], [101, 3]]",[1.1468939628659301e-05]
layer_6,817,"[[31, [13, 1, 1, 1, 1]], [33, [4, 2, 1, 2, 1]], [35, [8, 9, 1]], [62, 2], [68, 1], [74, 0], [101, 4]]",[7.484126838772528e-05]
layer_6,818,"[[31, [1, 13, 1, 1, 1]], [33, [16, 1, 1, 1, 1]], [35, [4, 18, 1]], [62, 2], [68, 1], [74, 1], [101, 3]]",[1.7075008637873757e-05]
layer_6,819,"[[31, [1, 13, 1, 1, 1]], [33, [16, 1, 1, 1, 1]], [35, [4, 6, 3]], [62, 2], [68, 1], [74, 1], [101, 3]]",[1.7053400291120814e-05]
layer_6,820,"[[31, [13, 1, 1, 1, 1]], [33, [2, 8, 1, 1, 1]], [35, [8, 3, 3]], [62, 0], [68, 2], [74, 3], [101, 3]]",[1.1250501661129567e-05]
layer_6,821,"[[31, [13, 1, 1, 1, 1]], [33, [2, 8, 1, 1, 1]], [35, [8, 9, 1]], [62, 0], [68, 2], [74, 3], [101, 3]]",[1.1457684993924666e-05]
layer_6,822,"[[31, [13, 1, 1, 1, 1]], [33, [4, 4, 1, 1, 1]], [35, [8, 9, 1]], [62, 2], [68, 0], [74, 1], [101, 3]]",[2.054495911894273e-05]
layer_6,823,"[[31, [13, 1, 1, 1, 1]], [33, [4, 4, 1, 1, 1]], [35, [8, 9, 1]], [62, 1], [68, 0], [74, 1], [101, 3]]",[2.0434168960607496e-05]
layer_6,824,"[[31, [13, 1, 1, 1, 1]], [33, [4, 4, 1, 1, 1]], [35, [8, 3, 3]], [62, 1], [68, 0], [74, 1], [101, 3]]",[2.0559320512820512e-05]
layer_6,825,"[[31, [13, 1, 1, 1, 1]], [33, [4, 4, 1, 1, 1]], [35, [4, 6, 3]], [62, 2], [68, 1], [74, 1], [101, 3]]",[1.7744115866084425e-05]
layer_6,826,"[[31, [13, 1, 1, 1, 1]], [33, [1, 16, 1, 1, 1]], [35, [8, 9, 1]], [62, 2], [68, 0], [74, 1], [101, 3]]",[2.1242280334092637e-05]
layer_6,827,"[[31, [13, 1, 1, 1, 1]], [33, [1, 16, 1, 1, 1]], [35, [8, 3, 3]], [62, 2], [68, 0], [74, 1], [101, 3]]",[2.0980711911813096e-05]
layer_6,828,"[[31, [13, 1, 1, 1, 1]], [33, [4, 4, 1, 1, 1]], [35, [4, 6, 3]], [62, 1], [68, 1], [74, 1], [101, 3]]",[1.7747926378737543e-05]
layer_6,829,"[[31, [13, 1, 1, 1, 1]], [33, [2, 8, 1, 1, 1]], [35, [18, 1, 4]], [62, 1], [68, 0], [74, 3], [101, 2]]",[5.699879917879806e-05]
layer_6,830,"[[31, [1, 1, 1, 13, 1]], [33, [1, 2, 2, 4, 1]], [35, [18, 4, 1]], [62, 2], [68, 3], [74, 0], [101, 3]]",[0.00019038946420047733]
layer_6,831,"[[31, [13, 1, 1, 1, 1]], [33, [4, 1, 1, 1, 4]], [35, [24, 1, 3]], [62, 0], [68, 2], [74, 2], [101, 4]]",[7.507127725703009e-05]
layer_6,832,"[[31, [13, 1, 1, 1, 1]], [33, [1, 16, 1, 1, 1]], [35, [4, 18, 1]], [62, 2], [68, 0], [74, 0], [101, 3]]",[1.1773384771162415e-05]
layer_6,833,"[[31, [13, 1, 1, 1, 1]], [33, [1, 16, 1, 1, 1]], [35, [4, 9, 2]], [62, 2], [68, 0], [74, 0], [101, 3]]",[1.1016448413125336e-05]
layer_6,834,"[[31, [13, 1, 1, 1, 1]], [33, [8, 2, 1, 1, 1]], [35, [8, 3, 3]], [62, 0], [68, 2], [74, 2], [101, 3]]",[1.1386361322881993e-05]
layer_6,835,"[[31, [13, 1, 1, 1, 1]], [33, [8, 2, 1, 1, 1]], [35, [8, 9, 1]], [62, 0], [68, 2], [74, 2], [101, 3]]",[1.1336327438963126e-05]
layer_6,836,"[[31, [13, 1, 1, 1, 1]], [33, [4, 4, 1, 1, 1]], [35, [8, 3, 3]], [62, 1], [68, 2], [74, 1], [101, 4]]",[1.1711196233292831e-05]
layer_6,837,"[[31, [13, 1, 1, 1, 1]], [33, [8, 2, 1, 1, 1]], [35, [8, 3, 3]], [62, 1], [68, 2], [74, 1], [101, 3]]",[1.1763450992304576e-05]
layer_6,838,"[[31, [13, 1, 1, 1, 1]], [33, [4, 4, 1, 1, 1]], [35, [8, 3, 3]], [62, 0], [68, 2], [74, 1], [101, 4]]",[1.2547715040845746e-05]
layer_6,839,"[[31, [13, 1, 1, 1, 1]], [33, [8, 2, 1, 1, 1]], [35, [8, 3, 3]], [62, 1], [68, 2], [74, 1], [101, 4]]",[1.1762925678412312e-05]
layer_6,840,"[[31, [13, 1, 1, 1, 1]], [33, [8, 2, 1, 1, 1]], [35, [8, 3, 3]], [62, 0], [68, 2], [74, 1], [101, 4]]",[1.2580883828099882e-05]
layer_6,841,"[[31, [13, 1, 1, 1, 1]], [33, [8, 2, 1, 1, 1]], [35, [8, 3, 3]], [62, 1], [68, 3], [74, 2], [101, 3]]",[1.223962738440028e-05]
layer_6,842,"[[31, [13, 1, 1, 1, 1]], [33, [8, 2, 1, 1, 1]], [35, [8, 3, 3]], [62, 0], [68, 3], [74, 2], [101, 3]]",[1.3146085314685315e-05]
layer_6,843,"[[31, [1, 13, 1, 1, 1]], [33, [16, 1, 1, 1, 1]], [35, [8, 3, 3]], [62, 1], [68, 2], [74, 1], [101, 4]]",[1.3468354558144528e-05]
layer_6,844,"[[31, [13, 1, 1, 1, 1]], [33, [2, 8, 1, 1, 1]], [35, [8, 9, 1]], [62, 1], [68, 3], [74, 2], [101, 3]]",[1.3073108039692183e-05]
layer_6,845,"[[31, [13, 1, 1, 1, 1]], [33, [2, 8, 1, 1, 1]], [35, [8, 3, 3]], [62, 2], [68, 2], [74, 3], [101, 3]]",[1.1269817258401368e-05]
layer_6,846,"[[31, [13, 1, 1, 1, 1]], [33, [2, 8, 1, 1, 1]], [35, [8, 9, 1]], [62, 2], [68, 2], [74, 3], [101, 3]]",[1.1514156464885582e-05]
layer_6,847,"[[31, [13, 1, 1, 1, 1]], [33, [16, 1, 1, 1, 1]], [35, [4, 6, 3]], [62, 1], [68, 0], [74, 1], [101, 4]]",[1.2836960623991393e-05]
layer_6,848,"[[31, [13, 1, 1, 1, 1]], [33, [1, 16, 1, 1, 1]], [35, [4, 18, 1]], [62, 2], [68, 1], [74, 0], [101, 3]]",[1.4192157681599595e-05]
layer_6,849,"[[31, [13, 1, 1, 1, 1]], [33, [16, 1, 1, 1, 1]], [35, [8, 3, 3]], [62, 2], [68, 2], [74, 3], [101, 3]]",[1.1218786654515997e-05]
layer_6,850,"[[31, [13, 1, 1, 1, 1]], [33, [16, 1, 1, 1, 1]], [35, [8, 3, 3]], [62, 0], [68, 2], [74, 3], [101, 3]]",[1.1270429875077523e-05]
layer_6,851,"[[31, [1, 13, 1, 1, 1]], [33, [1, 16, 1, 1, 1]], [35, [4, 6, 3]], [62, 2], [68, 0], [74, 2], [101, 3]]",[1.1189944507468331e-05]
layer_6,852,"[[31, [1, 13, 1, 1, 1]], [33, [1, 16, 1, 1, 1]], [35, [4, 6, 3]], [62, 1], [68, 0], [74, 2], [101, 3]]",[1.1140925273390035e-05]
layer_6,853,"[[31, [1, 13, 1, 1, 1]], [33, [1, 16, 1, 1, 1]], [35, [4, 6, 3]], [62, 0], [68, 0], [74, 2], [101, 3]]",[1.1206454232482786e-05]
layer_6,854,"[[31, [1, 13, 1, 1, 1]], [33, [1, 16, 1, 1, 1]], [35, [4, 9, 2]], [62, 0], [68, 0], [74, 2], [101, 3]]",[1.1206595838952033e-05]
layer_6,855,"[[31, [13, 1, 1, 1, 1]], [33, [2, 8, 1, 1, 1]], [35, [8, 3, 3]], [62, 1], [68, 3], [74, 3], [101, 3]]",[1.251099528453542e-05]
layer_6,856,"[[31, [1, 13, 1, 1, 1]], [33, [8, 2, 1, 1, 1]], [35, [3, 24, 1]], [62, 2], [68, 0], [74, 2], [101, 3]]",[1.633339415176414e-05]
layer_6,857,"[[31, [1, 13, 1, 1, 1]], [33, [16, 1, 1, 1, 1]], [35, [9, 2, 4]], [62, 1], [68, 1], [74, 2], [101, 3]]",[5.095824849344204e-05]
layer_6,858,"[[31, [13, 1, 1, 1, 1]], [33, [1, 16, 1, 1, 1]], [35, [4, 9, 2]], [62, 2], [68, 0], [74, 3], [101, 3]]",[1.946054935834156e-05]
layer_6,859,"[[31, [13, 1, 1, 1, 1]], [33, [16, 1, 1, 1, 1]], [35, [8, 3, 3]], [62, 2], [68, 2], [74, 2], [101, 1]]",[9.205100721587493e-05]
layer_6,860,"[[31, [13, 1, 1, 1, 1]], [33, [4, 4, 1, 1, 1]], [35, [8, 3, 3]], [62, 1], [68, 3], [74, 3], [101, 3]]",[1.2490046046261431e-05]
layer_6,861,"[[31, [13, 1, 1, 1, 1]], [33, [16, 1, 1, 1, 1]], [35, [8, 3, 3]], [62, 1], [68, 2], [74, 2], [101, 1]]",[9.214830426939265e-05]
layer_6,862,"[[31, [13, 1, 1, 1, 1]], [33, [1, 16, 1, 1, 1]], [35, [4, 9, 2]], [62, 2], [68, 0], [74, 2], [101, 3]]",[1.916132096069869e-05]
layer_6,863,"[[31, [1, 13, 1, 1, 1]], [33, [1, 16, 1, 1, 1]], [35, [24, 3, 1]], [62, 2], [68, 0], [74, 0], [101, 3]]",[2.2102092300098716e-05]
layer_6,864,"[[31, [13, 1, 1, 1, 1]], [33, [1, 16, 1, 1, 1]], [35, [4, 18, 1]], [62, 1], [68, 0], [74, 2], [101, 3]]",[2.1560869617224883e-05]
layer_6,865,"[[31, [13, 1, 1, 1, 1]], [33, [1, 16, 1, 1, 1]], [35, [4, 9, 2]], [62, 1], [68, 0], [74, 2], [101, 3]]",[2.1559247333751568e-05]
layer_6,866,"[[31, [1, 13, 1, 1, 1]], [33, [8, 2, 1, 1, 1]], [35, [8, 3, 3]], [62, 1], [68, 2], [74, 2], [101, 3]]",[1.0870978648002127e-05]
layer_6,867,"[[31, [1, 13, 1, 1, 1]], [33, [8, 2, 1, 1, 1]], [35, [8, 3, 3]], [62, 2], [68, 1], [74, 1], [101, 4]]",[1.0464944370609455e-05]
layer_6,868,"[[31, [13, 1, 1, 1, 1]], [33, [16, 1, 1, 1, 1]], [35, [4, 9, 2]], [62, 2], [68, 1], [74, 1], [101, 3]]",[1.7501769627942293e-05]
layer_6,869,"[[31, [1, 13, 1, 1, 1]], [33, [8, 2, 1, 1, 1]], [35, [8, 3, 3]], [62, 1], [68, 1], [74, 1], [101, 4]]",[1.054346027374395e-05]
layer_6,870,"[[31, [13, 1, 1, 1, 1]], [33, [1, 16, 1, 1, 1]], [35, [4, 6, 3]], [62, 0], [68, 1], [74, 1], [101, 4]]",[1.676175747508306e-05]
layer_6,871,"[[31, [13, 1, 1, 1, 1]], [33, [1, 16, 1, 1, 1]], [35, [4, 6, 3]], [62, 0], [68, 1], [74, 1], [101, 3]]",[1.67640471613482e-05]
layer_6,872,"[[31, [1, 13, 1, 1, 1]], [33, [2, 8, 1, 1, 1]], [35, [8, 3, 3]], [62, 2], [68, 1], [74, 1], [101, 4]]",[1.0814019176001519e-05]
layer_6,873,"[[31, [1, 13, 1, 1, 1]], [33, [8, 2, 1, 1, 1]], [35, [8, 9, 1]], [62, 2], [68, 1], [74, 2], [101, 3]]",[1.0607446372983681e-05]
layer_6,874,"[[31, [13, 1, 1, 1, 1]], [33, [8, 2, 1, 1, 1]], [35, [4, 9, 2]], [62, 0], [68, 1], [74, 1], [101, 3]]",[1.8025613768666158e-05]
layer_6,875,"[[31, [13, 1, 1, 1, 1]], [33, [8, 2, 1, 1, 1]], [35, [4, 18, 1]], [62, 0], [68, 1], [74, 1], [101, 3]]",[1.802636410470621e-05]
layer_6,876,"[[31, [1, 13, 1, 1, 1]], [33, [16, 1, 1, 1, 1]], [35, [4, 18, 1]], [62, 2], [68, 1], [74, 1], [101, 4]]",[1.7048416318574212e-05]
layer_6,877,"[[31, [1, 13, 1, 1, 1]], [33, [16, 1, 1, 1, 1]], [35, [4, 6, 3]], [62, 2], [68, 1], [74, 1], [101, 4]]",[1.7048702032859925e-05]
layer_6,878,"[[31, [13, 1, 1, 1, 1]], [33, [4, 4, 1, 1, 1]], [35, [4, 18, 1]], [62, 1], [68, 0], [74, 2], [101, 3]]",[2.3063972488038278e-05]
layer_6,879,"[[31, [13, 1, 1, 1, 1]], [33, [4, 4, 1, 1, 1]], [35, [4, 9, 2]], [62, 1], [68, 0], [74, 2], [101, 3]]",[2.3064598552155314e-05]
layer_6,880,"[[31, [13, 1, 1, 1, 1]], [33, [16, 1, 1, 1, 1]], [35, [4, 18, 1]], [62, 0], [68, 1], [74, 1], [101, 3]]",[1.7625784700206755e-05]
layer_6,881,"[[31, [1, 13, 1, 1, 1]], [33, [16, 1, 1, 1, 1]], [35, [4, 9, 2]], [62, 0], [68, 1], [74, 1], [101, 4]]",[1.6825114654517843e-05]
layer_6,882,"[[31, [13, 1, 1, 1, 1]], [33, [4, 4, 1, 1, 1]], [35, [4, 9, 2]], [62, 2], [68, 1], [74, 1], [101, 3]]",[1.7746053130423173e-05]
layer_6,883,"[[31, [1, 13, 1, 1, 1]], [33, [1, 16, 1, 1, 1]], [35, [8, 3, 3]], [62, 2], [68, 1], [74, 2], [101, 3]]",[1.0164309437019038e-05]
layer_6,884,"[[31, [1, 13, 1, 1, 1]], [33, [1, 16, 1, 1, 1]], [35, [8, 9, 1]], [62, 2], [68, 1], [74, 2], [101, 3]]",[1.069611371000405e-05]
layer_6,885,"[[31, [1, 13, 1, 1, 1]], [33, [16, 1, 1, 1, 1]], [35, [4, 6, 3]], [62, 1], [68, 1], [74, 1], [101, 4]]",[1.6674122259136212e-05]
layer_6,886,"[[31, [1, 13, 1, 1, 1]], [33, [16, 1, 1, 1, 1]], [35, [4, 18, 1]], [62, 1], [68, 1], [74, 1], [101, 4]]",[1.6695350697674417e-05]
layer_6,887,"[[31, [13, 1, 1, 1, 1]], [33, [4, 4, 1, 1, 1]], [35, [4, 18, 1]], [62, 1], [68, 1], [74, 1], [101, 3]]",[1.7746565714285715e-05]
layer_6,888,"[[31, [1, 13, 1, 1, 1]], [33, [8, 2, 1, 1, 1]], [35, [8, 3, 3]], [62, 1], [68, 1], [74, 2], [101, 3]]",[1.1111969661108123e-05]
layer_6,889,"[[31, [13, 1, 1, 1, 1]], [33, [1, 16, 1, 1, 1]], [35, [8, 3, 3]], [62, 2], [68, 2], [74, 3], [101, 3]]",[1.1256160139545352e-05]
layer_6,890,"[[31, [1, 13, 1, 1, 1]], [33, [4, 4, 1, 1, 1]], [35, [8, 3, 3]], [62, 2], [68, 1], [74, 2], [101, 3]]",[1.0581444757609921e-05]
layer_6,891,"[[31, [1, 13, 1, 1, 1]], [33, [2, 8, 1, 1, 1]], [35, [8, 9, 1]], [62, 2], [68, 1], [74, 2], [101, 3]]",[1.0428974558572242e-05]
layer_6,892,"[[31, [1, 13, 1, 1, 1]], [33, [8, 2, 1, 1, 1]], [35, [8, 3, 3]], [62, 0], [68, 1], [74, 2], [101, 3]]",[1.0394397910496874e-05]
layer_6,893,"[[31, [1, 13, 1, 1, 1]], [33, [2, 4, 1, 2, 1]], [35, [12, 6, 1]], [62, 2], [68, 1], [74, 1], [101, 0]]",[0.00012743036623164762]
layer_6,894,"[[31, [1, 13, 1, 1, 1]], [33, [4, 1, 2, 1, 2]], [35, [18, 2, 2]], [62, 0], [68, 3], [74, 1], [101, 1]]",[6.0877581796783046e-05]
layer_6,895,"[[31, [13, 1, 1, 1, 1]], [33, [2, 1, 2, 1, 4]], [35, [12, 3, 2]], [62, 2], [68, 3], [74, 0], [101, 1]]",[0.00017868626440677968]
layer_6,896,"[[31, [1, 13, 1, 1, 1]], [33, [2, 8, 1, 1, 1]], [35, [8, 3, 3]], [62, 2], [68, 1], [74, 2], [101, 3]]",[1.0691434658278525e-05]
layer_6,897,"[[31, [1, 13, 1, 1, 1]], [33, [2, 8, 1, 1, 1]], [35, [8, 3, 3]], [62, 2], [68, 1], [74, 1], [101, 3]]",[1.0795088842385618e-05]
layer_6,898,"[[31, [1, 13, 1, 1, 1]], [33, [2, 8, 1, 1, 1]], [35, [8, 9, 1]], [62, 2], [68, 1], [74, 1], [101, 3]]",[1.0806825802164419e-05]
layer_6,899,"[[31, [1, 13, 1, 1, 1]], [33, [1, 16, 1, 1, 1]], [35, [8, 3, 3]], [62, 0], [68, 1], [74, 2], [101, 3]]",[1.0492548984241503e-05]
layer_6,900,"[[31, [1, 13, 1, 1, 1]], [33, [1, 16, 1, 1, 1]], [35, [8, 9, 1]], [62, 1], [68, 1], [74, 2], [101, 3]]",[1.1043311780527166e-05]
layer_6,901,"[[31, [1, 13, 1, 1, 1]], [33, [1, 16, 1, 1, 1]], [35, [8, 3, 3]], [62, 1], [68, 1], [74, 2], [101, 3]]",[1.1348474463641543e-05]
layer_6,902,"[[31, [1, 13, 1, 1, 1]], [33, [4, 4, 1, 1, 1]], [35, [8, 9, 1]], [62, 2], [68, 1], [74, 2], [101, 3]]",[1.135461786148238e-05]
layer_6,903,"[[31, [1, 13, 1, 1, 1]], [33, [1, 16, 1, 1, 1]], [35, [8, 9, 1]], [62, 2], [68, 1], [74, 1], [101, 3]]",[1.0877594361116386e-05]
layer_6,904,"[[31, [1, 13, 1, 1, 1]], [33, [8, 2, 1, 1, 1]], [35, [8, 3, 3]], [62, 2], [68, 1], [74, 1], [101, 3]]",[1.0449679798746914e-05]
layer_6,905,"[[31, [1, 13, 1, 1, 1]], [33, [8, 2, 1, 1, 1]], [35, [8, 9, 1]], [62, 2], [68, 1], [74, 1], [101, 3]]",[1.044939027199433e-05]
layer_6,906,"[[31, [1, 13, 1, 1, 1]], [33, [8, 2, 1, 1, 1]], [35, [8, 9, 1]], [62, 1], [68, 1], [74, 1], [101, 4]]",[1.0518410766374968e-05]
layer_6,907,"[[31, [1, 13, 1, 1, 1]], [33, [4, 4, 1, 1, 1]], [35, [8, 9, 1]], [62, 2], [68, 1], [74, 1], [101, 3]]",[1.0680560550830296e-05]
layer_6,908,"[[31, [1, 13, 1, 1, 1]], [33, [4, 4, 1, 1, 1]], [35, [8, 3, 3]], [62, 2], [68, 1], [74, 1], [101, 3]]",[1.1011885824246312e-05]
layer_6,909,"[[31, [1, 13, 1, 1, 1]], [33, [8, 2, 1, 1, 1]], [35, [8, 9, 1]], [62, 1], [68, 1], [74, 1], [101, 3]]",[1.0571449287598945e-05]
layer_6,910,"[[31, [1, 13, 1, 1, 1]], [33, [8, 2, 1, 1, 1]], [35, [8, 3, 3]], [62, 0], [68, 1], [74, 1], [101, 4]]",[1.1038475033225746e-05]
layer_6,911,"[[31, [1, 13, 1, 1, 1]], [33, [8, 2, 1, 1, 1]], [35, [8, 9, 1]], [62, 0], [68, 1], [74, 1], [101, 4]]",[1.0720347473886165e-05]
layer_6,912,"[[31, [1, 13, 1, 1, 1]], [33, [8, 2, 1, 1, 1]], [35, [8, 9, 1]], [62, 0], [68, 1], [74, 2], [101, 3]]",[1.0679782703626354e-05]
layer_6,913,"[[31, [1, 13, 1, 1, 1]], [33, [1, 16, 1, 1, 1]], [35, [8, 3, 3]], [62, 2], [68, 2], [74, 2], [101, 3]]",[1.1172343649136131e-05]
layer_6,914,"[[31, [1, 13, 1, 1, 1]], [33, [1, 16, 1, 1, 1]], [35, [8, 9, 1]], [62, 2], [68, 2], [74, 2], [101, 3]]",[1.113238230300609e-05]
layer_6,915,"[[31, [1, 13, 1, 1, 1]], [33, [2, 8, 1, 1, 1]], [35, [8, 3, 3]], [62, 0], [68, 1], [74, 2], [101, 3]]",[1.0399378743007568e-05]
layer_6,916,"[[31, [1, 13, 1, 1, 1]], [33, [8, 2, 1, 1, 1]], [35, [8, 9, 1]], [62, 2], [68, 1], [74, 1], [101, 4]]",[1.0482451300550598e-05]
layer_6,917,"[[31, [1, 13, 1, 1, 1]], [33, [2, 8, 1, 1, 1]], [35, [8, 3, 3]], [62, 2], [68, 2], [74, 2], [101, 3]]",[1.1424536251854993e-05]
layer_6,918,"[[31, [1, 13, 1, 1, 1]], [33, [2, 8, 1, 1, 1]], [35, [8, 9, 1]], [62, 1], [68, 1], [74, 2], [101, 3]]",[1.0968536717166842e-05]
layer_6,919,"[[31, [1, 13, 1, 1, 1]], [33, [1, 16, 1, 1, 1]], [35, [8, 9, 1]], [62, 1], [68, 1], [74, 1], [101, 3]]",[1.0938275930101465e-05]
layer_6,920,"[[31, [1, 13, 1, 1, 1]], [33, [2, 8, 1, 1, 1]], [35, [8, 9, 1]], [62, 0], [68, 1], [74, 1], [101, 3]]",[1.0987828745016138e-05]
layer_6,921,"[[31, [1, 13, 1, 1, 1]], [33, [2, 8, 1, 1, 1]], [35, [8, 9, 1]], [62, 2], [68, 2], [74, 1], [101, 3]]",[1.1891625525410776e-05]
layer_6,922,"[[31, [1, 13, 1, 1, 1]], [33, [4, 4, 1, 1, 1]], [35, [8, 3, 3]], [62, 2], [68, 1], [74, 1], [101, 4]]",[1.0717854729125692e-05]
layer_6,923,"[[31, [1, 13, 1, 1, 1]], [33, [2, 8, 1, 1, 1]], [35, [8, 9, 1]], [62, 2], [68, 1], [74, 1], [101, 4]]",[1.0832356622114217e-05]
layer_6,924,"[[31, [1, 13, 1, 1, 1]], [33, [1, 16, 1, 1, 1]], [35, [8, 3, 3]], [62, 0], [68, 2], [74, 2], [101, 3]]",[1.1716313556104044e-05]
layer_6,925,"[[31, [1, 13, 1, 1, 1]], [33, [1, 16, 1, 1, 1]], [35, [8, 3, 3]], [62, 2], [68, 2], [74, 1], [101, 3]]",[1.3640347533887686e-05]
layer_6,926,"[[31, [1, 13, 1, 1, 1]], [33, [4, 4, 1, 1, 1]], [35, [8, 9, 1]], [62, 0], [68, 1], [74, 2], [101, 3]]",[1.0545283319621554e-05]
layer_6,927,"[[31, [1, 13, 1, 1, 1]], [33, [4, 4, 1, 1, 1]], [35, [8, 3, 3]], [62, 0], [68, 1], [74, 2], [101, 3]]",[1.0853564986267387e-05]
layer_6,928,"[[31, [1, 13, 1, 1, 1]], [33, [4, 4, 1, 1, 1]], [35, [8, 9, 1]], [62, 1], [68, 1], [74, 2], [101, 3]]",[1.0763299990527611e-05]
layer_6,929,"[[31, [1, 13, 1, 1, 1]], [33, [1, 16, 1, 1, 1]], [35, [8, 3, 3]], [62, 1], [68, 1], [74, 1], [101, 4]]",[1.0937286249493722e-05]
layer_6,930,"[[31, [1, 13, 1, 1, 1]], [33, [1, 16, 1, 1, 1]], [35, [8, 9, 1]], [62, 0], [68, 1], [74, 1], [101, 4]]",[1.1028213167181296e-05]
layer_6,931,"[[31, [1, 13, 1, 1, 1]], [33, [4, 4, 1, 1, 1]], [35, [8, 3, 3]], [62, 1], [68, 1], [74, 1], [101, 4]]",[1.0723615192787263e-05]
layer_6,932,"[[31, [1, 13, 1, 1, 1]], [33, [4, 4, 1, 1, 1]], [35, [8, 9, 1]], [62, 1], [68, 1], [74, 1], [101, 4]]",[1.0728463649250708e-05]
layer_6,933,"[[31, [1, 13, 1, 1, 1]], [33, [4, 4, 1, 1, 1]], [35, [8, 9, 1]], [62, 2], [68, 2], [74, 2], [101, 3]]",[1.1697452249857604e-05]
layer_6,934,"[[31, [1, 13, 1, 1, 1]], [33, [4, 4, 1, 1, 1]], [35, [8, 9, 1]], [62, 0], [68, 1], [74, 1], [101, 3]]",[1.0933229505045651e-05]
layer_6,935,"[[31, [1, 13, 1, 1, 1]], [33, [4, 4, 1, 1, 1]], [35, [8, 3, 3]], [62, 0], [68, 1], [74, 1], [101, 3]]",[1.0937195462312511e-05]
layer_6,936,"[[31, [1, 13, 1, 1, 1]], [33, [4, 4, 1, 1, 1]], [35, [8, 9, 1]], [62, 1], [68, 1], [74, 1], [101, 3]]",[1.0729969278466743e-05]
layer_6,937,"[[31, [1, 13, 1, 1, 1]], [33, [4, 4, 1, 1, 1]], [35, [8, 3, 3]], [62, 1], [68, 1], [74, 1], [101, 3]]",[1.0729837829675861e-05]
layer_6,938,"[[31, [1, 13, 1, 1, 1]], [33, [2, 8, 1, 1, 1]], [35, [8, 3, 3]], [62, 0], [68, 2], [74, 2], [101, 3]]",[1.1438672109360168e-05]
layer_6,939,"[[31, [1, 13, 1, 1, 1]], [33, [2, 8, 1, 1, 1]], [35, [8, 3, 3]], [62, 1], [68, 2], [74, 2], [101, 3]]",[1.1373769259676813e-05]
layer_6,940,"[[31, [1, 13, 1, 1, 1]], [33, [1, 16, 1, 1, 1]], [35, [8, 3, 3]], [62, 1], [68, 2], [74, 1], [101, 3]]",[1.373692687094202e-05]
layer_6,941,"[[31, [1, 13, 1, 1, 1]], [33, [2, 8, 1, 1, 1]], [35, [8, 3, 3]], [62, 0], [68, 1], [74, 1], [101, 4]]",[1.0985800974969533e-05]
layer_6,942,"[[31, [1, 13, 1, 1, 1]], [33, [2, 8, 1, 1, 1]], [35, [8, 3, 3]], [62, 1], [68, 2], [74, 1], [101, 3]]",[1.1934431753746456e-05]
layer_6,943,"[[31, [1, 13, 1, 1, 1]], [33, [4, 4, 1, 1, 1]], [35, [8, 3, 3]], [62, 2], [68, 2], [74, 1], [101, 3]]",[1.1770330179182607e-05]
layer_6,944,"[[31, [1, 13, 1, 1, 1]], [33, [8, 2, 1, 1, 1]], [35, [8, 3, 3]], [62, 2], [68, 2], [74, 1], [101, 3]]",[1.1680619177804779e-05]
layer_6,945,"[[31, [1, 13, 1, 1, 1]], [33, [8, 2, 1, 1, 1]], [35, [8, 9, 1]], [62, 2], [68, 2], [74, 1], [101, 3]]",[1.168000937888793e-05]
layer_6,946,"[[31, [1, 13, 1, 1, 1]], [33, [8, 2, 1, 1, 1]], [35, [8, 9, 1]], [62, 2], [68, 2], [74, 2], [101, 3]]",[1.0933003417505221e-05]
layer_6,947,"[[31, [1, 13, 1, 1, 1]], [33, [8, 2, 1, 1, 1]], [35, [8, 9, 1]], [62, 1], [68, 2], [74, 1], [101, 3]]",[1.1630769982912474e-05]
layer_6,948,"[[31, [1, 13, 1, 1, 1]], [33, [8, 2, 1, 1, 1]], [35, [8, 3, 3]], [62, 1], [68, 2], [74, 1], [101, 3]]",[1.1631874814500741e-05]
layer_6,949,"[[31, [1, 13, 1, 1, 1]], [33, [8, 2, 1, 1, 1]], [35, [8, 3, 3]], [62, 0], [68, 2], [74, 2], [101, 3]]",[1.0996283515593358e-05]
layer_6,950,"[[31, [1, 13, 1, 1, 1]], [33, [1, 16, 1, 1, 1]], [35, [4, 9, 2]], [62, 2], [68, 0], [74, 0], [101, 3]]",[1.1132905217859065e-05]
layer_6,951,"[[31, [1, 13, 1, 1, 1]], [33, [1, 16, 1, 1, 1]], [35, [4, 18, 1]], [62, 1], [68, 0], [74, 0], [101, 3]]",[1.1199662183969876e-05]
layer_6,952,"[[31, [1, 13, 1, 1, 1]], [33, [4, 4, 1, 1, 1]], [35, [8, 9, 1]], [62, 1], [68, 2], [74, 2], [101, 3]]",[1.1392463077250479e-05]
layer_6,953,"[[31, [1, 13, 1, 1, 1]], [33, [4, 4, 1, 1, 1]], [35, [8, 3, 3]], [62, 0], [68, 2], [74, 1], [101, 3]]",[1.2706768526989936e-05]
layer_6,954,"[[31, [1, 13, 1, 1, 1]], [33, [4, 4, 1, 1, 1]], [35, [8, 9, 1]], [62, 1], [68, 2], [74, 1], [101, 3]]",[1.1749515960842733e-05]
layer_6,955,"[[31, [1, 13, 1, 1, 1]], [33, [2, 8, 1, 1, 1]], [35, [8, 3, 3]], [62, 2], [68, 2], [74, 1], [101, 4]]",[1.1891279101936582e-05]
layer_6,956,"[[31, [13, 1, 1, 1, 1]], [33, [8, 2, 1, 1, 1]], [35, [8, 3, 3]], [62, 1], [68, 2], [74, 2], [101, 3]]",[1.1353315276120973e-05]
layer_6,957,"[[31, [1, 1, 13, 1, 1]], [33, [8, 2, 1, 1, 1]], [35, [12, 2, 3]], [62, 0], [68, 3], [74, 0], [101, 3]]",[8.5547020589872e-05]
layer_6,958,"[[31, [1, 13, 1, 1, 1]], [33, [2, 1, 1, 2, 4]], [35, [8, 3, 3]], [62, 0], [68, 1], [74, 0], [101, 3]]",[0.0001530409119070668]
layer_6,959,"[[31, [13, 1, 1, 1, 1]], [33, [1, 4, 1, 1, 4]], [35, [9, 2, 4]], [62, 1], [68, 1], [74, 2], [101, 3]]",[7.545291362955567e-05]
layer_6,960,"[[31, [1, 13, 1, 1, 1]], [33, [8, 2, 1, 1, 1]], [35, [8, 3, 3]], [62, 2], [68, 1], [74, 2], [101, 3]]",[1.0788064457945699e-05]
layer_6,961,"[[31, [1, 13, 1, 1, 1]], [33, [1, 16, 1, 1, 1]], [35, [8, 9, 1]], [62, 0], [68, 1], [74, 2], [101, 3]]",[1.092362312999522e-05]
layer_6,962,"[[31, [1, 13, 1, 1, 1]], [33, [2, 8, 1, 1, 1]], [35, [8, 9, 1]], [62, 0], [68, 1], [74, 2], [101, 3]]",[1.0519767514714258e-05]
layer_6,963,"[[31, [1, 13, 1, 1, 1]], [33, [2, 8, 1, 1, 1]], [35, [8, 3, 3]], [62, 1], [68, 1], [74, 2], [101, 3]]",[1.1973143302850996e-05]
layer_6,964,"[[31, [1, 13, 1, 1, 1]], [33, [4, 4, 1, 1, 1]], [35, [8, 3, 3]], [62, 1], [68, 1], [74, 2], [101, 3]]",[1.0960610214543383e-05]
layer_6,965,"[[31, [1, 13, 1, 1, 1]], [33, [4, 4, 1, 1, 1]], [35, [8, 9, 1]], [62, 2], [68, 1], [74, 1], [101, 4]]",[1.0679633472136086e-05]
layer_6,966,"[[31, [1, 13, 1, 1, 1]], [33, [8, 2, 1, 1, 1]], [35, [8, 3, 3]], [62, 1], [68, 1], [74, 1], [101, 3]]",[1.0513995053742986e-05]
layer_6,967,"[[31, [1, 13, 1, 1, 1]], [33, [8, 2, 1, 1, 1]], [35, [8, 3, 3]], [62, 0], [68, 1], [74, 1], [101, 3]]",[1.0719203331266057e-05]
layer_6,968,"[[31, [1, 13, 1, 1, 1]], [33, [8, 2, 1, 1, 1]], [35, [8, 9, 1]], [62, 0], [68, 1], [74, 1], [101, 3]]",[1.0719143535219289e-05]
layer_6,969,"[[31, [1, 13, 1, 1, 1]], [33, [4, 4, 1, 1, 1]], [35, [8, 3, 3]], [62, 0], [68, 1], [74, 1], [101, 4]]",[1.0913171170372996e-05]
layer_6,970,"[[31, [1, 13, 1, 1, 1]], [33, [2, 8, 1, 1, 1]], [35, [8, 3, 3]], [62, 1], [68, 1], [74, 1], [101, 4]]",[1.0857862899959497e-05]
layer_6,971,"[[31, [1, 13, 1, 1, 1]], [33, [2, 8, 1, 1, 1]], [35, [8, 9, 1]], [62, 1], [68, 1], [74, 1], [101, 4]]",[1.0857194117125897e-05]
layer_6,972,"[[31, [1, 13, 1, 1, 1]], [33, [2, 8, 1, 1, 1]], [35, [8, 9, 1]], [62, 0], [68, 1], [74, 1], [101, 4]]",[1.0980416939842296e-05]
layer_6,973,"[[31, [1, 13, 1, 1, 1]], [33, [1, 16, 1, 1, 1]], [35, [8, 3, 3]], [62, 2], [68, 1], [74, 1], [101, 4]]",[1.0901950368689733e-05]
layer_6,974,"[[31, [1, 13, 1, 1, 1]], [33, [1, 16, 1, 1, 1]], [35, [8, 9, 1]], [62, 2], [68, 1], [74, 1], [101, 4]]",[1.0902768274159863e-05]
layer_6,975,"[[31, [1, 13, 1, 1, 1]], [33, [2, 8, 1, 1, 1]], [35, [8, 3, 3]], [62, 0], [68, 1], [74, 1], [101, 3]]",[1.0980730356419604e-05]
layer_6,976,"[[31, [1, 13, 1, 1, 1]], [33, [2, 8, 1, 1, 1]], [35, [8, 3, 3]], [62, 1], [68, 1], [74, 1], [101, 3]]",[1.0856719522073715e-05]
layer_6,977,"[[31, [1, 13, 1, 1, 1]], [33, [2, 8, 1, 1, 1]], [35, [8, 9, 1]], [62, 1], [68, 1], [74, 1], [101, 3]]",[1.0856377602551607e-05]
layer_6,978,"[[31, [1, 13, 1, 1, 1]], [33, [1, 16, 1, 1, 1]], [35, [8, 3, 3]], [62, 0], [68, 1], [74, 1], [101, 4]]",[1.1010478640592367e-05]
layer_6,979,"[[31, [1, 13, 1, 1, 1]], [33, [1, 16, 1, 1, 1]], [35, [8, 3, 3]], [62, 0], [68, 1], [74, 1], [101, 3]]",[1.1011132541862319e-05]
layer_6,980,"[[31, [1, 13, 1, 1, 1]], [33, [1, 16, 1, 1, 1]], [35, [8, 9, 1]], [62, 0], [68, 1], [74, 1], [101, 3]]",[1.101038507492912e-05]
layer_6,981,"[[31, [1, 13, 1, 1, 1]], [33, [8, 2, 1, 1, 1]], [35, [8, 3, 3]], [62, 2], [68, 1], [74, 3], [101, 3]]",[1.4045591488338543e-05]
layer_6,982,"[[31, [1, 13, 1, 1, 1]], [33, [1, 16, 1, 1, 1]], [35, [8, 3, 3]], [62, 2], [68, 1], [74, 3], [101, 3]]",[1.4138583754706831e-05]
layer_6,983,"[[31, [13, 1, 1, 1, 1]], [33, [16, 1, 1, 1, 1]], [35, [8, 9, 1]], [62, 1], [68, 2], [74, 2], [101, 3]]",[1.1588589912747392e-05]
layer_6,984,"[[31, [1, 13, 1, 1, 1]], [33, [4, 4, 1, 1, 1]], [35, [8, 3, 3]], [62, 1], [68, 2], [74, 2], [101, 3]]",[1.1290227091911507e-05]
layer_6,985,"[[31, [1, 13, 1, 1, 1]], [33, [8, 2, 1, 1, 1]], [35, [8, 3, 3]], [62, 2], [68, 3], [74, 2], [101, 3]]",[1.2757520494889725e-05]
layer_6,986,"[[31, [1, 13, 1, 1, 1]], [33, [1, 16, 1, 1, 1]], [35, [8, 9, 1]], [62, 0], [68, 2], [74, 2], [101, 3]]",[1.1653109198493814e-05]
layer_6,987,"[[31, [1, 13, 1, 1, 1]], [33, [4, 4, 1, 1, 1]], [35, [8, 3, 3]], [62, 0], [68, 2], [74, 2], [101, 3]]",[1.1392051842851356e-05]
layer_6,988,"[[31, [1, 13, 1, 1, 1]], [33, [8, 2, 1, 1, 1]], [35, [8, 3, 3]], [62, 1], [68, 1], [74, 3], [101, 3]]",[1.4210560119047619e-05]
layer_6,989,"[[31, [1, 13, 1, 1, 1]], [33, [1, 16, 1, 1, 1]], [35, [8, 3, 3]], [62, 1], [68, 2], [74, 2], [101, 3]]",[1.169440713749866e-05]
layer_6,990,"[[31, [1, 13, 1, 1, 1]], [33, [8, 2, 1, 1, 1]], [35, [8, 3, 3]], [62, 1], [68, 2], [74, 1], [101, 4]]",[1.1638457019903173e-05]
layer_6,991,"[[31, [1, 13, 1, 1, 1]], [33, [8, 2, 1, 1, 1]], [35, [8, 9, 1]], [62, 1], [68, 2], [74, 1], [101, 4]]",[1.1637688349202952e-05]
layer_6,992,"[[31, [1, 13, 1, 1, 1]], [33, [8, 2, 1, 1, 1]], [35, [8, 3, 3]], [62, 0], [68, 1], [74, 3], [101, 3]]",[1.4291421918501644e-05]
layer_6,993,"[[31, [1, 13, 1, 1, 1]], [33, [8, 2, 1, 1, 1]], [35, [8, 9, 1]], [62, 0], [68, 1], [74, 3], [101, 3]]",[1.4285797738095238e-05]
layer_6,994,"[[31, [1, 13, 1, 1, 1]], [33, [1, 16, 1, 1, 1]], [35, [8, 9, 1]], [62, 2], [68, 3], [74, 2], [101, 3]]",[1.2576416245293168e-05]
layer_6,995,"[[31, [1, 13, 1, 1, 1]], [33, [1, 16, 1, 1, 1]], [35, [8, 3, 3]], [62, 2], [68, 3], [74, 2], [101, 3]]",[1.208077643894567e-05]
layer_6,996,"[[31, [1, 13, 1, 1, 1]], [33, [2, 8, 1, 1, 1]], [35, [8, 3, 3]], [62, 1], [68, 1], [74, 3], [101, 3]]",[1.4236970725595171e-05]
layer_6,997,"[[31, [1, 13, 1, 1, 1]], [33, [2, 8, 1, 1, 1]], [35, [8, 9, 1]], [62, 1], [68, 1], [74, 3], [101, 3]]",[1.4237437407449597e-05]
layer_6,998,"[[31, [1, 1, 1, 13, 1]], [33, [2, 2, 1, 1, 4]], [35, [18, 4, 1]], [62, 2], [68, 0], [74, 2], [101, 2]]",[0.0007707569375]
layer_6,999,"[[31, [1, 13, 1, 1, 1]], [33, [1, 8, 2, 1, 1]], [35, [12, 3, 2]], [62, 1], [68, 1], [74, 0], [101, 4]]",[2.8079251667320515e-05]
