layer,trial_index,tile_size,execution_time
layer_4,0,"[[25, [1, 7, 7, 1, 1]], [27, [8, 1, 1, 1, 1]], [29, [1, 2, 2]], [56, 2], [62, 1], [68, 0], [95, 3]]",[5.24543597273204e-06]
layer_4,1,"[[25, [7, 1, 7, 1, 1]], [27, [1, 1, 4, 1, 2]], [29, [1, 1, 4]], [56, 0], [62, 1], [68, 3], [95, 4]]",[1.1126074274852155e-05]
layer_4,2,"[[25, [1, 7, 1, 7, 1]], [27, [1, 4, 2, 1, 1]], [29, [1, 4, 1]], [56, 1], [62, 2], [68, 2], [95, 1]]",[4.52631332381832e-06]
layer_4,3,"[[25, [7, 1, 7, 1, 1]], [27, [4, 1, 1, 1, 2]], [29, [2, 1, 2]], [56, 1], [62, 0], [68, 2], [95, 1]]",[5.614897715151856e-06]
layer_4,4,"[[25, [1, 49, 1, 1, 1]], [27, [1, 1, 2, 2, 2]], [29, [2, 1, 2]], [56, 0], [62, 0], [68, 1], [95, 0]]",[7.421979721049735e-06]
layer_4,5,"[[25, [1, 7, 7, 1, 1]], [27, [2, 1, 2, 2, 1]], [29, [1, 4, 1]], [56, 3], [62, 0], [68, 0], [95, 4]]",[10000000000]
layer_4,6,"[[25, [7, 7, 1, 1, 1]], [27, [2, 4, 1, 1, 1]], [29, [4, 1, 1]], [56, 0], [62, 1], [68, 0], [95, 4]]",[3.948882973479247e-06]
layer_4,7,"[[25, [1, 7, 7, 1, 1]], [27, [1, 2, 1, 1, 4]], [29, [2, 2, 1]], [56, 3], [62, 1], [68, 0], [95, 1]]",[10000000000]
layer_4,8,"[[25, [7, 1, 1, 7, 1]], [27, [1, 1, 1, 4, 2]], [29, [1, 2, 2]], [56, 1], [62, 1], [68, 0], [95, 1]]",[1.2257789839389452e-05]
layer_4,9,"[[25, [1, 49, 1, 1, 1]], [27, [1, 8, 1, 1, 1]], [29, [2, 1, 2]], [56, 1], [62, 1], [68, 0], [95, 2]]",[3.84864913020065e-06]
layer_4,10,"[[25, [1, 7, 7, 1, 1]], [27, [1, 1, 1, 4, 2]], [29, [4, 1, 1]], [56, 2], [62, 0], [68, 2], [95, 2]]",[5.640247332821979e-06]
layer_4,11,"[[25, [1, 49, 1, 1, 1]], [27, [2, 4, 1, 1, 1]], [29, [4, 1, 1]], [56, 2], [62, 2], [68, 2], [95, 3]]",[3.138382504442495e-06]
layer_4,12,"[[25, [7, 7, 1, 1, 1]], [27, [4, 1, 2, 1, 1]], [29, [1, 2, 2]], [56, 2], [62, 1], [68, 3], [95, 4]]",[3.4570584745409888e-06]
layer_4,13,"[[25, [7, 7, 1, 1, 1]], [27, [1, 1, 1, 2, 4]], [29, [2, 2, 1]], [56, 2], [62, 2], [68, 0], [95, 4]]",[7.951163958080195e-06]
layer_4,14,"[[25, [1, 7, 1, 7, 1]], [27, [1, 4, 1, 2, 1]], [29, [2, 1, 2]], [56, 1], [62, 0], [68, 0], [95, 0]]",[6.783198708541238e-06]
layer_4,15,"[[25, [1, 7, 7, 1, 1]], [27, [2, 4, 1, 1, 1]], [29, [1, 1, 4]], [56, 0], [62, 0], [68, 2], [95, 3]]",[5.978814109907979e-06]
layer_4,16,"[[25, [49, 1, 1, 1, 1]], [27, [2, 1, 2, 1, 2]], [29, [2, 1, 2]], [56, 0], [62, 1], [68, 0], [95, 0]]",[5.4316328282005315e-06]
layer_4,17,"[[25, [1, 7, 7, 1, 1]], [27, [1, 2, 2, 2, 1]], [29, [1, 4, 1]], [56, 3], [62, 0], [68, 1], [95, 2]]",[10000000000]
layer_4,18,"[[25, [1, 49, 1, 1, 1]], [27, [4, 1, 2, 1, 1]], [29, [1, 4, 1]], [56, 2], [62, 2], [68, 2], [95, 1]]",[3.025619071345529e-06]
layer_4,19,"[[25, [7, 1, 1, 7, 1]], [27, [1, 2, 4, 1, 1]], [29, [1, 4, 1]], [56, 1], [62, 2], [68, 2], [95, 1]]",[5.613676798942719e-06]
layer_4,20,"[[25, [1, 49, 1, 1, 1]], [27, [2, 2, 1, 2, 1]], [29, [2, 1, 2]], [56, 0], [62, 1], [68, 3], [95, 4]]",[3.3518598020049083e-06]
layer_4,21,"[[25, [49, 1, 1, 1, 1]], [27, [2, 1, 4, 1, 1]], [29, [1, 2, 2]], [56, 0], [62, 0], [68, 0], [95, 4]]",[3.560741658596707e-06]
layer_4,22,"[[25, [7, 1, 1, 7, 1]], [27, [4, 1, 2, 1, 1]], [29, [4, 1, 1]], [56, 0], [62, 2], [68, 2], [95, 0]]",[5.9469232523914646e-06]
layer_4,23,"[[25, [1, 7, 7, 1, 1]], [27, [1, 2, 2, 2, 1]], [29, [4, 1, 1]], [56, 2], [62, 2], [68, 1], [95, 2]]",[4.951997337006428e-06]
layer_4,24,"[[25, [7, 7, 1, 1, 1]], [27, [1, 4, 1, 1, 2]], [29, [1, 1, 4]], [56, 2], [62, 1], [68, 1], [95, 1]]",[3.235196526204501e-06]
layer_4,25,"[[25, [7, 1, 7, 1, 1]], [27, [1, 1, 2, 1, 4]], [29, [4, 1, 1]], [56, 0], [62, 0], [68, 0], [95, 2]]",[1.2802588596019365e-05]
layer_4,26,"[[25, [1, 7, 7, 1, 1]], [27, [1, 2, 1, 1, 4]], [29, [2, 2, 1]], [56, 3], [62, 1], [68, 1], [95, 1]]",[10000000000]
layer_4,27,"[[25, [7, 1, 1, 7, 1]], [27, [2, 1, 1, 2, 2]], [29, [2, 2, 1]], [56, 1], [62, 2], [68, 3], [95, 3]]",[5.812776550185339e-06]
layer_4,28,"[[25, [7, 1, 1, 7, 1]], [27, [1, 4, 1, 2, 1]], [29, [1, 4, 1]], [56, 0], [62, 0], [68, 1], [95, 2]]",[8.054512454434994e-06]
layer_4,29,"[[25, [49, 1, 1, 1, 1]], [27, [1, 1, 2, 4, 1]], [29, [2, 2, 1]], [56, 2], [62, 1], [68, 0], [95, 4]]",[3.687855279475596e-06]
layer_4,30,"[[25, [1, 49, 1, 1, 1]], [27, [1, 1, 2, 2, 2]], [29, [2, 1, 2]], [56, 1], [62, 0], [68, 1], [95, 0]]",[6.687148435410537e-06]
layer_4,31,"[[25, [1, 7, 1, 7, 1]], [27, [2, 1, 2, 1, 2]], [29, [1, 1, 4]], [56, 2], [62, 0], [68, 1], [95, 4]]",[8.63762898350462e-06]
layer_4,32,"[[25, [1, 7, 1, 7, 1]], [27, [4, 1, 1, 1, 2]], [29, [2, 2, 1]], [56, 2], [62, 2], [68, 0], [95, 4]]",[5.795130389429764e-06]
layer_4,33,"[[25, [7, 1, 1, 7, 1]], [27, [4, 1, 2, 1, 1]], [29, [2, 1, 2]], [56, 0], [62, 1], [68, 0], [95, 1]]",[6.78640034400302e-06]
layer_4,34,"[[25, [1, 49, 1, 1, 1]], [27, [1, 2, 4, 1, 1]], [29, [4, 1, 1]], [56, 0], [62, 2], [68, 1], [95, 1]]",[4.625946906450138e-06]
layer_4,35,"[[25, [1, 7, 7, 1, 1]], [27, [1, 1, 2, 4, 1]], [29, [1, 4, 1]], [56, 2], [62, 0], [68, 0], [95, 3]]",[1.0576336383043612e-05]
layer_4,36,"[[25, [1, 7, 7, 1, 1]], [27, [1, 2, 1, 1, 4]], [29, [2, 2, 1]], [56, 3], [62, 2], [68, 1], [95, 1]]",[10000000000]
layer_4,37,"[[25, [1, 7, 7, 1, 1]], [27, [2, 2, 2, 1, 1]], [29, [1, 4, 1]], [56, 2], [62, 1], [68, 1], [95, 2]]",[5.449655080359575e-06]
layer_4,38,"[[25, [1, 49, 1, 1, 1]], [27, [1, 2, 4, 1, 1]], [29, [2, 1, 2]], [56, 0], [62, 2], [68, 1], [95, 3]]",[4.7269974949189395e-06]
layer_4,39,"[[25, [1, 7, 7, 1, 1]], [27, [1, 1, 4, 1, 2]], [29, [2, 2, 1]], [56, 0], [62, 0], [68, 3], [95, 3]]",[1.1373174932759548e-05]
layer_4,40,"[[25, [7, 7, 1, 1, 1]], [27, [4, 1, 1, 1, 2]], [29, [1, 1, 4]], [56, 2], [62, 2], [68, 3], [95, 3]]",[2.930624950470272e-06]
layer_4,41,"[[25, [1, 49, 1, 1, 1]], [27, [1, 1, 2, 1, 4]], [29, [4, 1, 1]], [56, 1], [62, 0], [68, 1], [95, 2]]",[6.949968035577791e-06]
layer_4,42,"[[25, [49, 1, 1, 1, 1]], [27, [1, 4, 1, 2, 1]], [29, [2, 1, 2]], [56, 1], [62, 1], [68, 2], [95, 3]]",[3.0545330144509403e-06]
layer_4,43,"[[25, [7, 7, 1, 1, 1]], [27, [2, 1, 2, 1, 2]], [29, [2, 2, 1]], [56, 0], [62, 1], [68, 0], [95, 0]]",[5.263539622641509e-06]
layer_4,44,"[[25, [1, 49, 1, 1, 1]], [27, [4, 1, 2, 1, 1]], [29, [4, 1, 1]], [56, 2], [62, 1], [68, 1], [95, 1]]",[3.2199803690317675e-06]
layer_4,45,"[[25, [49, 1, 1, 1, 1]], [27, [2, 1, 4, 1, 1]], [29, [1, 1, 4]], [56, 0], [62, 1], [68, 2], [95, 4]]",[4.16288098869725e-06]
layer_4,46,"[[25, [49, 1, 1, 1, 1]], [27, [2, 1, 2, 2, 1]], [29, [4, 1, 1]], [56, 2], [62, 1], [68, 1], [95, 1]]",[6.5351717965005485e-06]
layer_4,47,"[[25, [1, 49, 1, 1, 1]], [27, [1, 4, 1, 2, 1]], [29, [4, 1, 1]], [56, 2], [62, 0], [68, 2], [95, 2]]",[3.108597238658777e-06]
layer_4,48,"[[25, [1, 49, 1, 1, 1]], [27, [2, 2, 2, 1, 1]], [29, [1, 2, 2]], [56, 0], [62, 2], [68, 0], [95, 2]]",[3.786589606237985e-06]
layer_4,49,"[[25, [7, 1, 7, 1, 1]], [27, [2, 2, 1, 1, 2]], [29, [4, 1, 1]], [56, 2], [62, 0], [68, 1], [95, 4]]",[3.820295777336591e-06]
layer_4,50,"[[25, [7, 1, 7, 1, 1]], [27, [2, 1, 1, 1, 4]], [29, [2, 2, 1]], [56, 0], [62, 0], [68, 0], [95, 4]]",[9.195204217241073e-06]
layer_4,51,"[[25, [1, 7, 1, 7, 1]], [27, [2, 1, 2, 1, 2]], [29, [4, 1, 1]], [56, 0], [62, 2], [68, 0], [95, 2]]",[8.589025590382139e-06]
layer_4,52,"[[25, [7, 7, 1, 1, 1]], [27, [1, 2, 2, 2, 1]], [29, [2, 2, 1]], [56, 1], [62, 0], [68, 3], [95, 1]]",[3.524361367368869e-06]
layer_4,53,"[[25, [1, 49, 1, 1, 1]], [27, [1, 2, 2, 1, 2]], [29, [4, 1, 1]], [56, 1], [62, 0], [68, 1], [95, 2]]",[4.288373370497428e-06]
layer_4,54,"[[25, [7, 1, 7, 1, 1]], [27, [1, 1, 1, 2, 4]], [29, [1, 4, 1]], [56, 1], [62, 0], [68, 2], [95, 3]]",[8.512993239859789e-06]
layer_4,55,"[[25, [7, 7, 1, 1, 1]], [27, [8, 1, 1, 1, 1]], [29, [1, 2, 2]], [56, 1], [62, 1], [68, 3], [95, 0]]",[5.0841817072550715e-06]
layer_4,56,"[[25, [1, 49, 1, 1, 1]], [27, [2, 4, 1, 1, 1]], [29, [2, 1, 2]], [56, 2], [62, 1], [68, 0], [95, 1]]",[3.930069866399675e-06]
layer_4,57,"[[25, [49, 1, 1, 1, 1]], [27, [4, 1, 1, 1, 2]], [29, [4, 1, 1]], [56, 2], [62, 0], [68, 3], [95, 1]]",[3.457776302329621e-06]
layer_4,58,"[[25, [49, 1, 1, 1, 1]], [27, [2, 1, 2, 1, 2]], [29, [1, 1, 4]], [56, 2], [62, 0], [68, 3], [95, 1]]",[3.405812331768388e-06]
layer_4,59,"[[25, [7, 1, 1, 7, 1]], [27, [2, 2, 1, 2, 1]], [29, [1, 2, 2]], [56, 1], [62, 2], [68, 0], [95, 1]]",[5.236609057591623e-06]
layer_4,60,"[[25, [49, 1, 1, 1, 1]], [27, [1, 4, 1, 2, 1]], [29, [4, 1, 1]], [56, 1], [62, 1], [68, 2], [95, 3]]",[3.628519769424373e-06]
layer_4,61,"[[25, [1, 49, 1, 1, 1]], [27, [2, 4, 1, 1, 1]], [29, [1, 4, 1]], [56, 0], [62, 1], [68, 2], [95, 2]]",[5.4647291765182735e-06]
layer_4,62,"[[25, [7, 1, 7, 1, 1]], [27, [1, 2, 1, 2, 2]], [29, [4, 1, 1]], [56, 1], [62, 1], [68, 1], [95, 3]]",[4.300549400600728e-06]
layer_4,63,"[[25, [1, 7, 7, 1, 1]], [27, [8, 1, 1, 1, 1]], [29, [2, 2, 1]], [56, 2], [62, 1], [68, 2], [95, 3]]",[3.415895002558417e-06]
layer_4,64,"[[25, [1, 49, 1, 1, 1]], [27, [2, 1, 2, 2, 1]], [29, [2, 1, 2]], [56, 1], [62, 1], [68, 2], [95, 4]]",[3.286317620946505e-06]
layer_4,65,"[[25, [1, 49, 1, 1, 1]], [27, [1, 2, 1, 4, 1]], [29, [4, 1, 1]], [56, 1], [62, 1], [68, 1], [95, 2]]",[3.6099330807569193e-06]
layer_4,66,"[[25, [7, 7, 1, 1, 1]], [27, [1, 1, 4, 1, 2]], [29, [2, 1, 2]], [56, 2], [62, 1], [68, 2], [95, 1]]",[5.5511226132326815e-06]
layer_4,67,"[[25, [1, 7, 7, 1, 1]], [27, [1, 1, 1, 2, 4]], [29, [1, 1, 4]], [56, 3], [62, 0], [68, 3], [95, 0]]",[10000000000]
layer_4,68,"[[25, [49, 1, 1, 1, 1]], [27, [4, 2, 1, 1, 1]], [29, [4, 1, 1]], [56, 2], [62, 2], [68, 2], [95, 1]]",[3.47623688411903e-06]
layer_4,69,"[[25, [1, 49, 1, 1, 1]], [27, [2, 1, 2, 2, 1]], [29, [1, 1, 4]], [56, 1], [62, 1], [68, 2], [95, 3]]",[3.326637539914848e-06]
layer_4,70,"[[25, [7, 7, 1, 1, 1]], [27, [8, 1, 1, 1, 1]], [29, [2, 2, 1]], [56, 0], [62, 2], [68, 1], [95, 0]]",[3.963000056692556e-06]
layer_4,71,"[[25, [1, 7, 7, 1, 1]], [27, [1, 4, 1, 2, 1]], [29, [2, 1, 2]], [56, 3], [62, 1], [68, 0], [95, 2]]",[10000000000]
layer_4,72,"[[25, [7, 7, 1, 1, 1]], [27, [4, 1, 1, 1, 2]], [29, [4, 1, 1]], [56, 1], [62, 2], [68, 2], [95, 1]]",[3.146515873264596e-06]
layer_4,73,"[[25, [7, 7, 1, 1, 1]], [27, [1, 2, 1, 4, 1]], [29, [4, 1, 1]], [56, 2], [62, 0], [68, 2], [95, 0]]",[3.866057802233026e-06]
layer_4,74,"[[25, [1, 49, 1, 1, 1]], [27, [1, 2, 2, 1, 2]], [29, [1, 1, 4]], [56, 1], [62, 0], [68, 1], [95, 2]]",[4.35616636128476e-06]
layer_4,75,"[[25, [7, 7, 1, 1, 1]], [27, [4, 1, 1, 1, 2]], [29, [1, 1, 4]], [56, 2], [62, 2], [68, 2], [95, 0]]",[2.991395013776213e-06]
layer_4,76,"[[25, [1, 7, 7, 1, 1]], [27, [1, 1, 2, 1, 4]], [29, [1, 4, 1]], [56, 1], [62, 2], [68, 1], [95, 3]]",[6.915714703102174e-06]
layer_4,77,"[[25, [1, 7, 1, 7, 1]], [27, [2, 1, 2, 2, 1]], [29, [1, 2, 2]], [56, 2], [62, 2], [68, 1], [95, 0]]",[6.448564361172016e-06]
layer_4,78,"[[25, [7, 7, 1, 1, 1]], [27, [1, 1, 4, 2, 1]], [29, [4, 1, 1]], [56, 2], [62, 1], [68, 2], [95, 2]]",[5.3875021549402e-06]
layer_4,79,"[[25, [7, 1, 7, 1, 1]], [27, [1, 2, 1, 4, 1]], [29, [1, 4, 1]], [56, 0], [62, 1], [68, 2], [95, 3]]",[8.359121874354205e-06]
layer_4,80,"[[25, [7, 7, 1, 1, 1]], [27, [1, 2, 2, 1, 2]], [29, [1, 2, 2]], [56, 0], [62, 2], [68, 1], [95, 3]]",[5.019616573809165e-06]
layer_4,81,"[[25, [7, 1, 7, 1, 1]], [27, [1, 2, 4, 1, 1]], [29, [1, 1, 4]], [56, 1], [62, 0], [68, 2], [95, 1]]",[6.352208283046433e-06]
layer_4,82,"[[25, [7, 1, 1, 7, 1]], [27, [1, 2, 2, 1, 2]], [29, [1, 4, 1]], [56, 0], [62, 0], [68, 0], [95, 4]]",[1.0885856749572813e-05]
layer_4,83,"[[25, [7, 1, 1, 7, 1]], [27, [1, 4, 2, 1, 1]], [29, [2, 2, 1]], [56, 1], [62, 1], [68, 1], [95, 1]]",[5.514601963163118e-06]
layer_4,84,"[[25, [49, 1, 1, 1, 1]], [27, [4, 2, 1, 1, 1]], [29, [1, 4, 1]], [56, 2], [62, 2], [68, 2], [95, 1]]",[3.2047273347797466e-06]
layer_4,85,"[[25, [7, 1, 7, 1, 1]], [27, [2, 1, 1, 4, 1]], [29, [1, 4, 1]], [56, 0], [62, 0], [68, 2], [95, 0]]",[8.016843980159327e-06]
layer_4,86,"[[25, [7, 7, 1, 1, 1]], [27, [2, 1, 2, 1, 2]], [29, [1, 2, 2]], [56, 2], [62, 2], [68, 1], [95, 0]]",[4.378812422192152e-06]
layer_4,87,"[[25, [7, 7, 1, 1, 1]], [27, [4, 1, 2, 1, 1]], [29, [1, 2, 2]], [56, 2], [62, 0], [68, 0], [95, 1]]",[4.798383864459083e-06]
layer_4,88,"[[25, [7, 7, 1, 1, 1]], [27, [2, 2, 1, 2, 1]], [29, [2, 1, 2]], [56, 1], [62, 0], [68, 1], [95, 1]]",[2.985105250346403e-06]
layer_4,89,"[[25, [7, 1, 1, 7, 1]], [27, [1, 2, 2, 1, 2]], [29, [4, 1, 1]], [56, 0], [62, 0], [68, 0], [95, 2]]",[9.01910124324023e-06]
layer_4,90,"[[25, [7, 7, 1, 1, 1]], [27, [4, 1, 1, 2, 1]], [29, [2, 1, 2]], [56, 1], [62, 1], [68, 2], [95, 1]]",[5.629995259613681e-06]
layer_4,91,"[[25, [1, 49, 1, 1, 1]], [27, [1, 1, 2, 2, 2]], [29, [2, 1, 2]], [56, 0], [62, 0], [68, 1], [95, 3]]",[7.591343657481212e-06]
layer_4,92,"[[25, [7, 1, 1, 7, 1]], [27, [2, 1, 2, 1, 2]], [29, [1, 1, 4]], [56, 0], [62, 1], [68, 0], [95, 2]]",[9.756986355984761e-06]
layer_4,93,"[[25, [1, 7, 1, 7, 1]], [27, [2, 1, 2, 1, 2]], [29, [1, 2, 2]], [56, 2], [62, 1], [68, 0], [95, 3]]",[6.351713197002414e-06]
layer_4,94,"[[25, [1, 49, 1, 1, 1]], [27, [4, 1, 2, 1, 1]], [29, [1, 4, 1]], [56, 0], [62, 2], [68, 0], [95, 1]]",[3.5642536389311315e-06]
layer_4,95,"[[25, [49, 1, 1, 1, 1]], [27, [2, 2, 1, 1, 2]], [29, [4, 1, 1]], [56, 2], [62, 0], [68, 1], [95, 4]]",[2.9525243343325694e-06]
layer_4,96,"[[25, [7, 1, 7, 1, 1]], [27, [2, 4, 1, 1, 1]], [29, [1, 1, 4]], [56, 1], [62, 2], [68, 1], [95, 0]]",[3.718296055322155e-06]
layer_4,97,"[[25, [7, 7, 1, 1, 1]], [27, [2, 1, 1, 2, 2]], [29, [1, 2, 2]], [56, 1], [62, 1], [68, 1], [95, 1]]",[2.9734503314648444e-06]
layer_4,98,"[[25, [7, 1, 1, 7, 1]], [27, [1, 2, 1, 1, 4]], [29, [1, 4, 1]], [56, 0], [62, 0], [68, 1], [95, 1]]",[1.154602480761442e-05]
layer_4,99,"[[25, [7, 1, 7, 1, 1]], [27, [1, 2, 1, 4, 1]], [29, [2, 2, 1]], [56, 0], [62, 1], [68, 1], [95, 3]]",[7.901257606094643e-06]
layer_4,100,"[[25, [7, 1, 1, 7, 1]], [27, [1, 1, 2, 1, 4]], [29, [1, 1, 4]], [56, 1], [62, 0], [68, 2], [95, 4]]",[1.1692944714459296e-05]
layer_4,101,"[[25, [49, 1, 1, 1, 1]], [27, [1, 8, 1, 1, 1]], [29, [2, 2, 1]], [56, 1], [62, 1], [68, 2], [95, 0]]",[3.3651817426005985e-06]
layer_4,102,"[[25, [1, 7, 7, 1, 1]], [27, [1, 4, 1, 2, 1]], [29, [4, 1, 1]], [56, 1], [62, 2], [68, 0], [95, 2]]",[3.39475810180137e-06]
layer_4,103,"[[25, [7, 1, 7, 1, 1]], [27, [4, 2, 1, 1, 1]], [29, [2, 1, 2]], [56, 2], [62, 2], [68, 1], [95, 0]]",[3.029052327899613e-06]
layer_4,104,"[[25, [1, 49, 1, 1, 1]], [27, [1, 1, 2, 2, 2]], [29, [4, 1, 1]], [56, 0], [62, 0], [68, 1], [95, 3]]",[7.214820372240658e-06]
layer_4,105,"[[25, [7, 1, 1, 7, 1]], [27, [1, 1, 8, 1, 1]], [29, [4, 1, 1]], [56, 1], [62, 1], [68, 0], [95, 4]]",[6.104539798004088e-06]
layer_4,106,"[[25, [1, 7, 7, 1, 1]], [27, [1, 2, 2, 2, 1]], [29, [2, 1, 2]], [56, 3], [62, 2], [68, 0], [95, 2]]",[10000000000]
layer_4,107,"[[25, [1, 7, 7, 1, 1]], [27, [4, 1, 2, 1, 1]], [29, [1, 1, 4]], [56, 1], [62, 0], [68, 1], [95, 4]]",[6.537642458777885e-06]
layer_4,108,"[[25, [7, 1, 1, 7, 1]], [27, [1, 1, 4, 2, 1]], [29, [2, 2, 1]], [56, 2], [62, 1], [68, 0], [95, 4]]",[6.072122417750574e-06]
layer_4,109,"[[25, [7, 1, 1, 7, 1]], [27, [1, 4, 1, 1, 2]], [29, [1, 2, 2]], [56, 1], [62, 2], [68, 3], [95, 4]]",[4.688886382090245e-06]
layer_4,110,"[[25, [7, 7, 1, 1, 1]], [27, [1, 2, 1, 4, 1]], [29, [1, 4, 1]], [56, 2], [62, 2], [68, 2], [95, 1]]",[3.233957264129628e-06]
layer_4,111,"[[25, [1, 49, 1, 1, 1]], [27, [1, 2, 4, 1, 1]], [29, [2, 2, 1]], [56, 1], [62, 1], [68, 3], [95, 1]]",[3.077899975603806e-06]
layer_4,112,"[[25, [1, 7, 7, 1, 1]], [27, [1, 2, 2, 2, 1]], [29, [2, 2, 1]], [56, 1], [62, 2], [68, 0], [95, 2]]",[4.5296743502128614e-06]
layer_4,113,"[[25, [7, 1, 1, 7, 1]], [27, [4, 1, 2, 1, 1]], [29, [1, 1, 4]], [56, 1], [62, 0], [68, 2], [95, 2]]",[5.796133914331283e-06]
layer_4,114,"[[25, [1, 7, 7, 1, 1]], [27, [1, 4, 1, 2, 1]], [29, [1, 1, 4]], [56, 3], [62, 2], [68, 1], [95, 4]]",[10000000000]
layer_4,115,"[[25, [7, 7, 1, 1, 1]], [27, [2, 1, 2, 1, 2]], [29, [1, 1, 4]], [56, 2], [62, 0], [68, 1], [95, 1]]",[2.9811805294853744e-06]
layer_4,116,"[[25, [1, 49, 1, 1, 1]], [27, [8, 1, 1, 1, 1]], [29, [1, 4, 1]], [56, 0], [62, 1], [68, 1], [95, 1]]",[6.334970036741416e-06]
layer_4,117,"[[25, [1, 7, 7, 1, 1]], [27, [1, 2, 2, 2, 1]], [29, [2, 1, 2]], [56, 3], [62, 2], [68, 2], [95, 2]]",[10000000000]
layer_4,118,"[[25, [7, 1, 7, 1, 1]], [27, [2, 2, 1, 2, 1]], [29, [4, 1, 1]], [56, 0], [62, 1], [68, 0], [95, 1]]",[4.345272993989802e-06]
layer_4,119,"[[25, [7, 7, 1, 1, 1]], [27, [1, 4, 2, 1, 1]], [29, [1, 4, 1]], [56, 0], [62, 2], [68, 1], [95, 4]]",[3.844036358046044e-06]
layer_4,120,"[[25, [7, 7, 1, 1, 1]], [27, [1, 1, 1, 2, 4]], [29, [2, 2, 1]], [56, 2], [62, 2], [68, 3], [95, 2]]",[3.1712193660855782e-06]
layer_4,121,"[[25, [7, 1, 7, 1, 1]], [27, [1, 2, 2, 1, 2]], [29, [2, 1, 2]], [56, 0], [62, 2], [68, 2], [95, 3]]",[6.627462727563078e-06]
layer_4,122,"[[25, [1, 7, 1, 7, 1]], [27, [1, 4, 1, 1, 2]], [29, [1, 2, 2]], [56, 1], [62, 2], [68, 3], [95, 4]]",[4.9564183032568396e-06]
layer_4,123,"[[25, [1, 7, 7, 1, 1]], [27, [2, 4, 1, 1, 1]], [29, [1, 1, 4]], [56, 0], [62, 1], [68, 2], [95, 4]]",[6.024339281057925e-06]
layer_4,124,"[[25, [7, 1, 1, 7, 1]], [27, [2, 1, 1, 2, 2]], [29, [2, 2, 1]], [56, 1], [62, 2], [68, 3], [95, 0]]",[5.372242079043507e-06]
layer_4,125,"[[25, [7, 7, 1, 1, 1]], [27, [2, 1, 2, 2, 1]], [29, [1, 4, 1]], [56, 2], [62, 0], [68, 0], [95, 2]]",[3.1263883052041532e-06]
layer_4,126,"[[25, [1, 7, 1, 7, 1]], [27, [2, 2, 2, 1, 1]], [29, [1, 4, 1]], [56, 1], [62, 1], [68, 2], [95, 1]]",[6.273300841431619e-06]
layer_4,127,"[[25, [7, 1, 7, 1, 1]], [27, [1, 2, 2, 2, 1]], [29, [1, 1, 4]], [56, 3], [62, 2], [68, 0], [95, 1]]",[10000000000]
layer_4,128,"[[25, [49, 1, 1, 1, 1]], [27, [1, 4, 1, 2, 1]], [29, [1, 2, 2]], [56, 1], [62, 1], [68, 2], [95, 2]]",[3.2295410047785095e-06]
layer_4,129,"[[25, [49, 1, 1, 1, 1]], [27, [1, 4, 1, 2, 1]], [29, [1, 2, 2]], [56, 1], [62, 1], [68, 2], [95, 3]]",[3.3925769280723176e-06]
layer_4,130,"[[25, [7, 7, 1, 1, 1]], [27, [2, 1, 1, 2, 2]], [29, [1, 1, 4]], [56, 2], [62, 2], [68, 1], [95, 3]]",[3.627996866385038e-06]
layer_4,131,"[[25, [7, 7, 1, 1, 1]], [27, [2, 1, 1, 2, 2]], [29, [1, 1, 4]], [56, 1], [62, 2], [68, 1], [95, 3]]",[3.297791596567072e-06]
layer_4,132,"[[25, [7, 7, 1, 1, 1]], [27, [2, 1, 1, 2, 2]], [29, [1, 1, 4]], [56, 2], [62, 2], [68, 3], [95, 3]]",[3.3154764082672383e-06]
layer_4,133,"[[25, [7, 7, 1, 1, 1]], [27, [4, 1, 1, 1, 2]], [29, [1, 1, 4]], [56, 2], [62, 2], [68, 1], [95, 3]]",[2.999331569664903e-06]
layer_4,134,"[[25, [49, 1, 1, 1, 1]], [27, [1, 4, 1, 1, 2]], [29, [1, 4, 1]], [56, 2], [62, 1], [68, 1], [95, 3]]",[2.9584028745644598e-06]
layer_4,135,"[[25, [49, 1, 1, 1, 1]], [27, [1, 4, 1, 1, 2]], [29, [1, 4, 1]], [56, 2], [62, 1], [68, 1], [95, 2]]",[2.9934030146298212e-06]
layer_4,136,"[[25, [7, 7, 1, 1, 1]], [27, [4, 1, 1, 1, 2]], [29, [1, 1, 4]], [56, 2], [62, 0], [68, 1], [95, 3]]",[3.6587406221753536e-06]
layer_4,137,"[[25, [7, 7, 1, 1, 1]], [27, [4, 1, 1, 2, 1]], [29, [1, 1, 4]], [56, 2], [62, 2], [68, 3], [95, 3]]",[3.1919924181219316e-06]
layer_4,138,"[[25, [7, 7, 1, 1, 1]], [27, [4, 1, 1, 1, 2]], [29, [1, 1, 4]], [56, 2], [62, 2], [68, 2], [95, 3]]",[3.346586663023928e-06]
layer_4,139,"[[25, [49, 1, 1, 1, 1]], [27, [1, 2, 1, 2, 2]], [29, [2, 1, 2]], [56, 1], [62, 1], [68, 3], [95, 3]]",[3.44652599572673e-06]
layer_4,140,"[[25, [49, 1, 1, 1, 1]], [27, [1, 2, 1, 4, 1]], [29, [2, 1, 2]], [56, 1], [62, 1], [68, 2], [95, 3]]",[3.4734611144397846e-06]
layer_4,141,"[[25, [7, 7, 1, 1, 1]], [27, [2, 1, 2, 2, 1]], [29, [1, 4, 1]], [56, 1], [62, 0], [68, 2], [95, 2]]",[3.2403717115982013e-06]
layer_4,142,"[[25, [49, 1, 1, 1, 1]], [27, [1, 2, 1, 1, 4]], [29, [1, 4, 1]], [56, 2], [62, 0], [68, 2], [95, 4]]",[3.6184117613732935e-06]
layer_4,143,"[[25, [7, 7, 1, 1, 1]], [27, [2, 1, 2, 1, 2]], [29, [1, 1, 4]], [56, 1], [62, 0], [68, 2], [95, 1]]",[3.243607666763388e-06]
layer_4,144,"[[25, [7, 7, 1, 1, 1]], [27, [4, 1, 1, 1, 2]], [29, [1, 1, 4]], [56, 1], [62, 2], [68, 3], [95, 2]]",[2.978321200031089e-06]
layer_4,145,"[[25, [7, 7, 1, 1, 1]], [27, [4, 1, 1, 1, 2]], [29, [1, 1, 4]], [56, 2], [62, 2], [68, 0], [95, 3]]",[3.198812595107105e-06]
layer_4,146,"[[25, [49, 1, 1, 1, 1]], [27, [1, 4, 1, 2, 1]], [29, [1, 2, 2]], [56, 1], [62, 1], [68, 2], [95, 1]]",[3.3818563993328383e-06]
layer_4,147,"[[25, [7, 7, 1, 1, 1]], [27, [4, 1, 1, 1, 2]], [29, [1, 1, 4]], [56, 2], [62, 2], [68, 0], [95, 2]]",[3.2605125383115073e-06]
layer_4,148,"[[25, [49, 1, 1, 1, 1]], [27, [1, 4, 1, 2, 1]], [29, [1, 2, 2]], [56, 0], [62, 1], [68, 2], [95, 3]]",[3.7414174650541856e-06]
layer_4,149,"[[25, [7, 7, 1, 1, 1]], [27, [4, 1, 1, 1, 2]], [29, [1, 1, 4]], [56, 1], [62, 2], [68, 3], [95, 3]]",[3.2787214642191617e-06]
layer_4,150,"[[25, [7, 7, 1, 1, 1]], [27, [2, 1, 1, 2, 2]], [29, [1, 2, 2]], [56, 1], [62, 1], [68, 3], [95, 4]]",[3.1612485827724582e-06]
layer_4,151,"[[25, [7, 7, 1, 1, 1]], [27, [2, 1, 2, 2, 1]], [29, [1, 1, 4]], [56, 1], [62, 0], [68, 0], [95, 2]]",[3.8772759124941505e-06]
layer_4,152,"[[25, [7, 7, 1, 1, 1]], [27, [2, 1, 2, 2, 1]], [29, [1, 4, 1]], [56, 1], [62, 0], [68, 0], [95, 2]]",[3.4184274798004046e-06]
layer_4,153,"[[25, [49, 1, 1, 1, 1]], [27, [1, 2, 2, 1, 2]], [29, [1, 1, 4]], [56, 1], [62, 0], [68, 2], [95, 1]]",[3.4006965719579988e-06]
layer_4,154,"[[25, [49, 1, 1, 1, 1]], [27, [2, 2, 1, 2, 1]], [29, [1, 4, 1]], [56, 1], [62, 0], [68, 3], [95, 0]]",[3.276866775456919e-06]
layer_4,155,"[[25, [7, 7, 1, 1, 1]], [27, [2, 1, 1, 2, 2]], [29, [1, 2, 2]], [56, 1], [62, 1], [68, 3], [95, 1]]",[3.249025560552625e-06]
layer_4,156,"[[25, [7, 7, 1, 1, 1]], [27, [2, 2, 1, 1, 2]], [29, [1, 2, 2]], [56, 1], [62, 0], [68, 1], [95, 0]]",[3.233468260904108e-06]
layer_4,157,"[[25, [7, 7, 1, 1, 1]], [27, [2, 2, 1, 1, 2]], [29, [1, 1, 4]], [56, 1], [62, 2], [68, 3], [95, 3]]",[3.1280587716438804e-06]
layer_4,158,"[[25, [7, 7, 1, 1, 1]], [27, [2, 1, 1, 2, 2]], [29, [1, 2, 2]], [56, 1], [62, 1], [68, 1], [95, 0]]",[3.1972173913043476e-06]
layer_4,159,"[[25, [7, 7, 1, 1, 1]], [27, [2, 2, 1, 2, 1]], [29, [1, 1, 4]], [56, 2], [62, 2], [68, 1], [95, 3]]",[3.0345398597395163e-06]
layer_4,160,"[[25, [7, 7, 1, 1, 1]], [27, [2, 2, 1, 1, 2]], [29, [1, 2, 2]], [56, 1], [62, 2], [68, 1], [95, 0]]",[3.4157767897513186e-06]
layer_4,161,"[[25, [7, 7, 1, 1, 1]], [27, [2, 2, 1, 2, 1]], [29, [1, 2, 2]], [56, 2], [62, 0], [68, 0], [95, 3]]",[3.755696172902119e-06]
layer_4,162,"[[25, [7, 7, 1, 1, 1]], [27, [2, 2, 1, 2, 1]], [29, [2, 1, 2]], [56, 2], [62, 0], [68, 1], [95, 3]]",[3.3268529512476995e-06]
layer_4,163,"[[25, [7, 7, 1, 1, 1]], [27, [2, 2, 1, 2, 1]], [29, [2, 1, 2]], [56, 1], [62, 0], [68, 1], [95, 3]]",[3.491981565578818e-06]
layer_4,164,"[[25, [7, 7, 1, 1, 1]], [27, [2, 2, 1, 2, 1]], [29, [2, 1, 2]], [56, 1], [62, 0], [68, 1], [95, 2]]",[3.723336080604534e-06]
layer_4,165,"[[25, [7, 7, 1, 1, 1]], [27, [2, 2, 1, 2, 1]], [29, [2, 1, 2]], [56, 2], [62, 0], [68, 1], [95, 1]]",[3.34203038827177e-06]
layer_4,166,"[[25, [49, 1, 1, 1, 1]], [27, [1, 2, 2, 1, 2]], [29, [1, 1, 4]], [56, 1], [62, 0], [68, 2], [95, 1]]",[3.7480002750740584e-06]
layer_4,167,"[[25, [49, 1, 1, 1, 1]], [27, [1, 2, 2, 1, 2]], [29, [1, 4, 1]], [56, 1], [62, 0], [68, 2], [95, 1]]",[3.7662864647648545e-06]
layer_4,168,"[[25, [7, 7, 1, 1, 1]], [27, [2, 2, 1, 2, 1]], [29, [1, 1, 4]], [56, 1], [62, 2], [68, 0], [95, 2]]",[3.016203841424138e-06]
layer_4,169,"[[25, [7, 7, 1, 1, 1]], [27, [2, 2, 1, 1, 2]], [29, [1, 2, 2]], [56, 1], [62, 1], [68, 1], [95, 0]]",[3.3925750560281986e-06]
layer_4,170,"[[25, [7, 7, 1, 1, 1]], [27, [2, 2, 1, 1, 2]], [29, [1, 2, 2]], [56, 1], [62, 1], [68, 1], [95, 1]]",[3.743096840152617e-06]
layer_4,171,"[[25, [7, 7, 1, 1, 1]], [27, [4, 1, 1, 1, 2]], [29, [1, 1, 4]], [56, 2], [62, 2], [68, 3], [95, 0]]",[3.2358109308613364e-06]
layer_4,172,"[[25, [49, 1, 1, 1, 1]], [27, [1, 2, 1, 2, 2]], [29, [2, 1, 2]], [56, 0], [62, 0], [68, 2], [95, 3]]",[3.954002440877795e-06]
layer_4,173,"[[25, [49, 1, 1, 1, 1]], [27, [2, 2, 1, 2, 1]], [29, [1, 2, 2]], [56, 0], [62, 1], [68, 2], [95, 3]]",[3.678126709810266e-06]
layer_4,174,"[[25, [49, 1, 1, 1, 1]], [27, [2, 2, 1, 2, 1]], [29, [1, 2, 2]], [56, 0], [62, 1], [68, 3], [95, 3]]",[3.637861192832308e-06]
layer_4,175,"[[25, [49, 1, 1, 1, 1]], [27, [2, 2, 1, 2, 1]], [29, [2, 1, 2]], [56, 1], [62, 1], [68, 3], [95, 3]]",[3.6896273372270787e-06]
layer_4,176,"[[25, [49, 1, 1, 1, 1]], [27, [2, 2, 1, 1, 2]], [29, [2, 1, 2]], [56, 1], [62, 1], [68, 2], [95, 3]]",[3.0032922411778454e-06]
layer_4,177,"[[25, [49, 1, 1, 1, 1]], [27, [2, 2, 1, 1, 2]], [29, [2, 1, 2]], [56, 1], [62, 1], [68, 3], [95, 3]]",[3.3183520641426997e-06]
layer_4,178,"[[25, [49, 1, 1, 1, 1]], [27, [2, 2, 1, 2, 1]], [29, [2, 1, 2]], [56, 1], [62, 1], [68, 2], [95, 3]]",[3.3232128823331954e-06]
layer_4,179,"[[25, [7, 7, 1, 1, 1]], [27, [2, 2, 1, 2, 1]], [29, [2, 2, 1]], [56, 1], [62, 2], [68, 3], [95, 2]]",[3.550370738787969e-06]
layer_4,180,"[[25, [7, 7, 1, 1, 1]], [27, [2, 2, 1, 2, 1]], [29, [2, 1, 2]], [56, 1], [62, 2], [68, 3], [95, 2]]",[3.103591721106541e-06]
layer_4,181,"[[25, [49, 1, 1, 1, 1]], [27, [1, 4, 1, 2, 1]], [29, [1, 4, 1]], [56, 1], [62, 0], [68, 2], [95, 3]]",[3.464686901967864e-06]
layer_4,182,"[[25, [49, 1, 1, 1, 1]], [27, [1, 4, 1, 2, 1]], [29, [1, 1, 4]], [56, 1], [62, 0], [68, 2], [95, 3]]",[3.528262545403251e-06]
layer_4,183,"[[25, [7, 7, 1, 1, 1]], [27, [4, 1, 1, 2, 1]], [29, [1, 2, 2]], [56, 2], [62, 2], [68, 3], [95, 4]]",[3.003969971368049e-06]
layer_4,184,"[[25, [7, 7, 1, 1, 1]], [27, [4, 1, 1, 1, 2]], [29, [1, 1, 4]], [56, 2], [62, 2], [68, 1], [95, 1]]",[2.882823110589911e-06]
layer_4,185,"[[25, [49, 1, 1, 1, 1]], [27, [1, 2, 1, 4, 1]], [29, [1, 4, 1]], [56, 2], [62, 2], [68, 1], [95, 1]]",[3.07084127543544e-06]
layer_4,186,"[[25, [49, 1, 1, 1, 1]], [27, [2, 2, 2, 1, 1]], [29, [2, 2, 1]], [56, 1], [62, 1], [68, 0], [95, 4]]",[4.182147185361808e-06]
layer_4,187,"[[25, [7, 7, 1, 1, 1]], [27, [4, 1, 1, 1, 2]], [29, [1, 1, 4]], [56, 2], [62, 2], [68, 1], [95, 4]]",[2.9657612033785704e-06]
layer_4,188,"[[25, [7, 1, 7, 1, 1]], [27, [4, 2, 1, 1, 1]], [29, [2, 1, 2]], [56, 2], [62, 1], [68, 1], [95, 0]]",[3.816716556598308e-06]
layer_4,189,"[[25, [1, 7, 1, 7, 1]], [27, [2, 4, 1, 1, 1]], [29, [1, 1, 4]], [56, 2], [62, 0], [68, 2], [95, 2]]",[5.562184573462351e-06]
layer_4,190,"[[25, [1, 7, 7, 1, 1]], [27, [1, 4, 1, 1, 2]], [29, [1, 4, 1]], [56, 2], [62, 2], [68, 2], [95, 1]]",[3.7622921115215303e-06]
layer_4,191,"[[25, [1, 49, 1, 1, 1]], [27, [1, 1, 4, 2, 1]], [29, [4, 1, 1]], [56, 2], [62, 2], [68, 1], [95, 1]]",[5.5185140981073765e-06]
layer_4,192,"[[25, [7, 7, 1, 1, 1]], [27, [2, 1, 2, 1, 2]], [29, [1, 4, 1]], [56, 2], [62, 0], [68, 1], [95, 1]]",[3.1841518343300904e-06]
layer_4,193,"[[25, [49, 1, 1, 1, 1]], [27, [1, 4, 1, 1, 2]], [29, [1, 4, 1]], [56, 2], [62, 1], [68, 1], [95, 4]]",[3.069812984310397e-06]
layer_4,194,"[[25, [49, 1, 1, 1, 1]], [27, [2, 2, 1, 2, 1]], [29, [4, 1, 1]], [56, 2], [62, 0], [68, 1], [95, 4]]",[3.8027447554424657e-06]
layer_4,195,"[[25, [1, 49, 1, 1, 1]], [27, [4, 1, 2, 1, 1]], [29, [1, 4, 1]], [56, 2], [62, 2], [68, 1], [95, 2]]",[3.1422764387323136e-06]
layer_4,196,"[[25, [7, 7, 1, 1, 1]], [27, [4, 1, 1, 1, 2]], [29, [1, 1, 4]], [56, 1], [62, 2], [68, 1], [95, 1]]",[3.1721152094141467e-06]
layer_4,197,"[[25, [1, 49, 1, 1, 1]], [27, [4, 1, 2, 1, 1]], [29, [1, 4, 1]], [56, 2], [62, 2], [68, 1], [95, 1]]",[3.042589530449291e-06]
layer_4,198,"[[25, [49, 1, 1, 1, 1]], [27, [1, 2, 1, 4, 1]], [29, [1, 4, 1]], [56, 2], [62, 1], [68, 1], [95, 1]]",[3.1817297493178713e-06]
layer_4,199,"[[25, [49, 1, 1, 1, 1]], [27, [1, 4, 1, 1, 2]], [29, [1, 1, 4]], [56, 2], [62, 1], [68, 1], [95, 1]]",[2.951574904897047e-06]
layer_4,200,"[[25, [49, 1, 1, 1, 1]], [27, [1, 4, 1, 1, 2]], [29, [1, 4, 1]], [56, 2], [62, 2], [68, 1], [95, 3]]",[3.1009167471333735e-06]
layer_4,201,"[[25, [1, 49, 1, 1, 1]], [27, [4, 1, 2, 1, 1]], [29, [1, 2, 2]], [56, 2], [62, 2], [68, 2], [95, 1]]",[3.0059998515329223e-06]
layer_4,202,"[[25, [7, 7, 1, 1, 1]], [27, [4, 1, 1, 1, 2]], [29, [1, 1, 4]], [56, 2], [62, 2], [68, 2], [95, 1]]",[2.9810611437940014e-06]
layer_4,203,"[[25, [49, 1, 1, 1, 1]], [27, [1, 2, 1, 4, 1]], [29, [1, 4, 1]], [56, 1], [62, 2], [68, 1], [95, 1]]",[3.0714771286980028e-06]
layer_4,204,"[[25, [7, 7, 1, 1, 1]], [27, [1, 4, 1, 2, 1]], [29, [4, 1, 1]], [56, 1], [62, 0], [68, 2], [95, 1]]",[3.1883788595453947e-06]
layer_4,205,"[[25, [1, 49, 1, 1, 1]], [27, [1, 4, 1, 2, 1]], [29, [4, 1, 1]], [56, 1], [62, 0], [68, 2], [95, 1]]",[3.3583885321385066e-06]
layer_4,206,"[[25, [7, 7, 1, 1, 1]], [27, [4, 1, 1, 1, 2]], [29, [1, 1, 4]], [56, 2], [62, 2], [68, 3], [95, 2]]",[3.177158652714472e-06]
layer_4,207,"[[25, [7, 7, 1, 1, 1]], [27, [4, 1, 1, 1, 2]], [29, [1, 1, 4]], [56, 2], [62, 2], [68, 0], [95, 1]]",[3.8651783529411765e-06]
layer_4,208,"[[25, [49, 1, 1, 1, 1]], [27, [1, 4, 1, 2, 1]], [29, [1, 2, 2]], [56, 1], [62, 1], [68, 1], [95, 4]]",[3.2903804085886108e-06]
layer_4,209,"[[25, [7, 7, 1, 1, 1]], [27, [2, 2, 1, 1, 2]], [29, [1, 1, 4]], [56, 1], [62, 2], [68, 2], [95, 2]]",[3.308044646448395e-06]
layer_4,210,"[[25, [7, 7, 1, 1, 1]], [27, [2, 2, 1, 2, 1]], [29, [1, 4, 1]], [56, 1], [62, 2], [68, 2], [95, 2]]",[3.3678102881379014e-06]
layer_4,211,"[[25, [7, 7, 1, 1, 1]], [27, [2, 2, 1, 2, 1]], [29, [1, 1, 4]], [56, 1], [62, 2], [68, 2], [95, 2]]",[3.1888619296427137e-06]
layer_4,212,"[[25, [7, 7, 1, 1, 1]], [27, [4, 1, 1, 1, 2]], [29, [1, 4, 1]], [56, 1], [62, 2], [68, 3], [95, 2]]",[3.201007115352419e-06]
layer_4,213,"[[25, [7, 7, 1, 1, 1]], [27, [1, 4, 1, 2, 1]], [29, [4, 1, 1]], [56, 2], [62, 0], [68, 2], [95, 1]]",[3.0256296059266155e-06]
layer_4,214,"[[25, [7, 7, 1, 1, 1]], [27, [2, 2, 1, 2, 1]], [29, [1, 2, 2]], [56, 1], [62, 2], [68, 3], [95, 2]]",[3.4907804677882638e-06]
layer_4,215,"[[25, [7, 7, 1, 1, 1]], [27, [2, 2, 1, 2, 1]], [29, [1, 1, 4]], [56, 1], [62, 2], [68, 3], [95, 2]]",[3.0174383743490248e-06]
layer_4,216,"[[25, [7, 7, 1, 1, 1]], [27, [2, 2, 1, 1, 2]], [29, [1, 1, 4]], [56, 1], [62, 2], [68, 3], [95, 2]]",[3.2187076299797433e-06]
layer_4,217,"[[25, [49, 1, 1, 1, 1]], [27, [2, 2, 1, 1, 2]], [29, [4, 1, 1]], [56, 1], [62, 0], [68, 1], [95, 4]]",[5.373232589048378e-06]
layer_4,218,"[[25, [7, 7, 1, 1, 1]], [27, [2, 2, 1, 1, 2]], [29, [1, 2, 2]], [56, 2], [62, 2], [68, 2], [95, 4]]",[3.1936983766062084e-06]
layer_4,219,"[[25, [7, 7, 1, 1, 1]], [27, [2, 2, 1, 1, 2]], [29, [1, 1, 4]], [56, 1], [62, 2], [68, 2], [95, 4]]",[3.766847049869987e-06]
layer_4,220,"[[25, [7, 7, 1, 1, 1]], [27, [2, 1, 2, 1, 2]], [29, [1, 4, 1]], [56, 2], [62, 0], [68, 1], [95, 2]]",[3.714054847125117e-06]
layer_4,221,"[[25, [1, 49, 1, 1, 1]], [27, [4, 1, 2, 1, 1]], [29, [1, 1, 4]], [56, 1], [62, 2], [68, 3], [95, 3]]",[3.474772986183274e-06]
layer_4,222,"[[25, [7, 7, 1, 1, 1]], [27, [2, 2, 1, 2, 1]], [29, [1, 1, 4]], [56, 2], [62, 2], [68, 3], [95, 2]]",[3.0659571393806655e-06]
layer_4,223,"[[25, [49, 1, 1, 1, 1]], [27, [2, 2, 1, 1, 2]], [29, [4, 1, 1]], [56, 2], [62, 0], [68, 1], [95, 3]]",[3.097475026313272e-06]
layer_4,224,"[[25, [49, 1, 1, 1, 1]], [27, [1, 4, 1, 2, 1]], [29, [1, 2, 2]], [56, 1], [62, 1], [68, 1], [95, 1]]",[3.405799589561998e-06]
layer_4,225,"[[25, [7, 7, 1, 1, 1]], [27, [1, 4, 1, 1, 2]], [29, [1, 1, 4]], [56, 2], [62, 2], [68, 1], [95, 1]]",[2.9636799479758047e-06]
layer_4,226,"[[25, [7, 7, 1, 1, 1]], [27, [2, 1, 2, 2, 1]], [29, [1, 4, 1]], [56, 2], [62, 0], [68, 2], [95, 2]]",[3.162404534441665e-06]
layer_4,227,"[[25, [49, 1, 1, 1, 1]], [27, [1, 4, 1, 2, 1]], [29, [2, 1, 2]], [56, 2], [62, 1], [68, 2], [95, 3]]",[3.1233951839590234e-06]
layer_4,228,"[[25, [7, 7, 1, 1, 1]], [27, [4, 1, 1, 2, 1]], [29, [1, 2, 2]], [56, 2], [62, 2], [68, 1], [95, 3]]",[3.7496585056287255e-06]
layer_4,229,"[[25, [7, 7, 1, 1, 1]], [27, [4, 1, 1, 1, 2]], [29, [1, 1, 4]], [56, 2], [62, 2], [68, 1], [95, 0]]",[3.206786141340224e-06]
layer_4,230,"[[25, [7, 7, 1, 1, 1]], [27, [2, 1, 1, 4, 1]], [29, [1, 2, 2]], [56, 1], [62, 1], [68, 1], [95, 2]]",[3.7728297837076323e-06]
layer_4,231,"[[25, [7, 7, 1, 1, 1]], [27, [4, 1, 1, 2, 1]], [29, [1, 2, 2]], [56, 2], [62, 2], [68, 0], [95, 4]]",[2.934484075098483e-06]
layer_4,232,"[[25, [7, 7, 1, 1, 1]], [27, [4, 1, 1, 1, 2]], [29, [1, 2, 2]], [56, 2], [62, 2], [68, 3], [95, 3]]",[3.419021116168613e-06]
layer_4,233,"[[25, [1, 49, 1, 1, 1]], [27, [1, 4, 1, 1, 2]], [29, [4, 1, 1]], [56, 2], [62, 2], [68, 3], [95, 3]]",[3.693616914643696e-06]
layer_4,234,"[[25, [1, 49, 1, 1, 1]], [27, [1, 4, 1, 2, 1]], [29, [4, 1, 1]], [56, 2], [62, 0], [68, 0], [95, 2]]",[2.8704357589691492e-06]
layer_4,235,"[[25, [1, 49, 1, 1, 1]], [27, [2, 2, 1, 1, 2]], [29, [4, 1, 1]], [56, 2], [62, 0], [68, 1], [95, 4]]",[3.6207711530398317e-06]
layer_4,236,"[[25, [1, 49, 1, 1, 1]], [27, [4, 1, 1, 2, 1]], [29, [4, 1, 1]], [56, 1], [62, 0], [68, 0], [95, 1]]",[3.3818103458527404e-06]
layer_4,237,"[[25, [1, 49, 1, 1, 1]], [27, [1, 2, 4, 1, 1]], [29, [2, 2, 1]], [56, 1], [62, 1], [68, 3], [95, 4]]",[3.059135024154589e-06]
layer_4,238,"[[25, [7, 7, 1, 1, 1]], [27, [2, 1, 1, 4, 1]], [29, [1, 2, 2]], [56, 1], [62, 1], [68, 1], [95, 1]]",[3.4838941100043307e-06]
layer_4,239,"[[25, [7, 7, 1, 1, 1]], [27, [2, 1, 1, 2, 2]], [29, [1, 1, 4]], [56, 1], [62, 1], [68, 1], [95, 1]]",[3.0094997749437357e-06]
layer_4,240,"[[25, [7, 7, 1, 1, 1]], [27, [2, 1, 1, 2, 2]], [29, [1, 1, 4]], [56, 1], [62, 1], [68, 3], [95, 2]]",[3.2235963824455437e-06]
layer_4,241,"[[25, [7, 7, 1, 1, 1]], [27, [2, 2, 1, 1, 2]], [29, [1, 4, 1]], [56, 2], [62, 2], [68, 3], [95, 3]]",[3.012749364894348e-06]
layer_4,242,"[[25, [49, 1, 1, 1, 1]], [27, [2, 2, 1, 2, 1]], [29, [4, 1, 1]], [56, 2], [62, 0], [68, 1], [95, 1]]",[2.891734091152815e-06]
layer_4,243,"[[25, [1, 49, 1, 1, 1]], [27, [1, 2, 4, 1, 1]], [29, [2, 2, 1]], [56, 1], [62, 1], [68, 2], [95, 1]]",[3.3555747503151367e-06]
layer_4,244,"[[25, [1, 49, 1, 1, 1]], [27, [4, 1, 1, 2, 1]], [29, [4, 1, 1]], [56, 2], [62, 0], [68, 0], [95, 2]]",[3.130783053606729e-06]
layer_4,245,"[[25, [49, 1, 1, 1, 1]], [27, [2, 2, 1, 2, 1]], [29, [2, 1, 2]], [56, 2], [62, 0], [68, 1], [95, 1]]",[3.2520988600997418e-06]
layer_4,246,"[[25, [1, 49, 1, 1, 1]], [27, [1, 2, 4, 1, 1]], [29, [2, 2, 1]], [56, 1], [62, 1], [68, 2], [95, 3]]",[3.0011603500266067e-06]
layer_4,247,"[[25, [1, 49, 1, 1, 1]], [27, [2, 2, 1, 2, 1]], [29, [2, 1, 2]], [56, 2], [62, 1], [68, 2], [95, 4]]",[3.1388097717378516e-06]
layer_4,248,"[[25, [7, 1, 7, 1, 1]], [27, [4, 2, 1, 1, 1]], [29, [2, 1, 2]], [56, 2], [62, 2], [68, 1], [95, 2]]",[2.9081474357579585e-06]
layer_4,249,"[[25, [49, 1, 1, 1, 1]], [27, [1, 4, 1, 2, 1]], [29, [1, 1, 4]], [56, 2], [62, 2], [68, 3], [95, 2]]",[3.0453403850159184e-06]
layer_4,250,"[[25, [7, 7, 1, 1, 1]], [27, [4, 1, 1, 1, 2]], [29, [1, 2, 2]], [56, 1], [62, 2], [68, 3], [95, 3]]",[3.0354155851940657e-06]
layer_4,251,"[[25, [7, 7, 1, 1, 1]], [27, [4, 1, 1, 1, 2]], [29, [1, 4, 1]], [56, 1], [62, 2], [68, 3], [95, 3]]",[3.060119696835124e-06]
layer_4,252,"[[25, [7, 7, 1, 1, 1]], [27, [2, 2, 1, 2, 1]], [29, [1, 1, 4]], [56, 1], [62, 2], [68, 1], [95, 2]]",[3.3866825638919846e-06]
layer_4,253,"[[25, [7, 1, 1, 7, 1]], [27, [1, 1, 2, 2, 2]], [29, [1, 4, 1]], [56, 2], [62, 0], [68, 2], [95, 0]]",[1.0426564119352727e-05]
layer_4,254,"[[25, [7, 7, 1, 1, 1]], [27, [1, 1, 2, 4, 1]], [29, [2, 1, 2]], [56, 0], [62, 2], [68, 1], [95, 2]]",[4.053533851529269e-06]
layer_4,255,"[[25, [1, 7, 7, 1, 1]], [27, [1, 4, 2, 1, 1]], [29, [2, 1, 2]], [56, 3], [62, 1], [68, 2], [95, 1]]",[10000000000]
layer_4,256,"[[25, [7, 1, 7, 1, 1]], [27, [4, 2, 1, 1, 1]], [29, [2, 1, 2]], [56, 2], [62, 2], [68, 1], [95, 1]]",[3.5921695041416955e-06]
layer_4,257,"[[25, [7, 7, 1, 1, 1]], [27, [8, 1, 1, 1, 1]], [29, [1, 4, 1]], [56, 2], [62, 2], [68, 0], [95, 4]]",[3.505214140564782e-06]
layer_4,258,"[[25, [49, 1, 1, 1, 1]], [27, [2, 2, 1, 2, 1]], [29, [4, 1, 1]], [56, 2], [62, 0], [68, 1], [95, 0]]",[3.0968948226218285e-06]
layer_4,259,"[[25, [49, 1, 1, 1, 1]], [27, [1, 4, 1, 1, 2]], [29, [1, 2, 2]], [56, 2], [62, 2], [68, 1], [95, 1]]",[3.5417719119055214e-06]
layer_4,260,"[[25, [1, 49, 1, 1, 1]], [27, [2, 2, 1, 1, 2]], [29, [1, 1, 4]], [56, 2], [62, 2], [68, 3], [95, 2]]",[3.137995355808406e-06]
layer_4,261,"[[25, [7, 1, 7, 1, 1]], [27, [4, 2, 1, 1, 1]], [29, [2, 1, 2]], [56, 2], [62, 2], [68, 3], [95, 4]]",[3.7010767468499427e-06]
layer_4,262,"[[25, [49, 1, 1, 1, 1]], [27, [2, 2, 1, 1, 2]], [29, [2, 1, 2]], [56, 2], [62, 2], [68, 2], [95, 3]]",[3.2697184617820526e-06]
layer_4,263,"[[25, [1, 49, 1, 1, 1]], [27, [4, 1, 2, 1, 1]], [29, [1, 4, 1]], [56, 2], [62, 2], [68, 3], [95, 1]]",[3.038869562605143e-06]
layer_4,264,"[[25, [7, 7, 1, 1, 1]], [27, [1, 4, 1, 2, 1]], [29, [1, 1, 4]], [56, 2], [62, 2], [68, 1], [95, 1]]",[3.7296747190163684e-06]
layer_4,265,"[[25, [7, 7, 1, 1, 1]], [27, [1, 4, 1, 1, 2]], [29, [1, 2, 2]], [56, 2], [62, 2], [68, 1], [95, 1]]",[3.218524076891756e-06]
layer_4,266,"[[25, [49, 1, 1, 1, 1]], [27, [2, 2, 1, 2, 1]], [29, [4, 1, 1]], [56, 2], [62, 0], [68, 3], [95, 1]]",[3.64599870311879e-06]
layer_4,267,"[[25, [1, 49, 1, 1, 1]], [27, [4, 1, 1, 2, 1]], [29, [1, 4, 1]], [56, 2], [62, 2], [68, 1], [95, 1]]",[3.239639778543149e-06]
layer_4,268,"[[25, [1, 49, 1, 1, 1]], [27, [4, 1, 1, 2, 1]], [29, [1, 1, 4]], [56, 2], [62, 2], [68, 1], [95, 1]]",[3.05649617049617e-06]
layer_4,269,"[[25, [49, 1, 1, 1, 1]], [27, [1, 4, 1, 2, 1]], [29, [1, 4, 1]], [56, 2], [62, 2], [68, 1], [95, 3]]",[3.259723238590873e-06]
layer_4,270,"[[25, [7, 7, 1, 1, 1]], [27, [4, 1, 1, 2, 1]], [29, [1, 4, 1]], [56, 2], [62, 2], [68, 1], [95, 4]]",[2.9964340417952982e-06]
layer_4,271,"[[25, [7, 7, 1, 1, 1]], [27, [4, 1, 1, 2, 1]], [29, [1, 2, 2]], [56, 2], [62, 2], [68, 1], [95, 4]]",[3.1347643906194477e-06]
layer_4,272,"[[25, [49, 1, 1, 1, 1]], [27, [1, 4, 1, 1, 2]], [29, [1, 2, 2]], [56, 2], [62, 2], [68, 3], [95, 1]]",[2.9644929710816093e-06]
layer_4,273,"[[25, [7, 7, 1, 1, 1]], [27, [1, 4, 1, 1, 2]], [29, [1, 1, 4]], [56, 2], [62, 2], [68, 2], [95, 1]]",[3.022576759436356e-06]
layer_4,274,"[[25, [7, 7, 1, 1, 1]], [27, [1, 4, 1, 2, 1]], [29, [1, 4, 1]], [56, 2], [62, 2], [68, 2], [95, 1]]",[3.4523921486781952e-06]
layer_4,275,"[[25, [49, 1, 1, 1, 1]], [27, [2, 2, 1, 2, 1]], [29, [4, 1, 1]], [56, 2], [62, 0], [68, 2], [95, 1]]",[3.2462578004415527e-06]
layer_4,276,"[[25, [1, 49, 1, 1, 1]], [27, [2, 1, 4, 1, 1]], [29, [1, 4, 1]], [56, 2], [62, 2], [68, 2], [95, 1]]",[3.1960694575712084e-06]
layer_4,277,"[[25, [1, 49, 1, 1, 1]], [27, [2, 1, 4, 1, 1]], [29, [1, 1, 4]], [56, 2], [62, 2], [68, 2], [95, 1]]",[3.053468698492613e-06]
layer_4,278,"[[25, [7, 7, 1, 1, 1]], [27, [2, 2, 1, 1, 2]], [29, [4, 1, 1]], [56, 2], [62, 2], [68, 1], [95, 0]]",[2.95145770550812e-06]
layer_4,279,"[[25, [7, 7, 1, 1, 1]], [27, [1, 4, 1, 2, 1]], [29, [1, 4, 1]], [56, 2], [62, 2], [68, 3], [95, 3]]",[3.214953175112251e-06]
layer_4,280,"[[25, [7, 7, 1, 1, 1]], [27, [1, 4, 1, 1, 2]], [29, [1, 4, 1]], [56, 2], [62, 2], [68, 3], [95, 3]]",[3.1866742039255915e-06]
layer_4,281,"[[25, [7, 7, 1, 1, 1]], [27, [4, 1, 1, 2, 1]], [29, [1, 4, 1]], [56, 2], [62, 2], [68, 1], [95, 1]]",[3.073945863024545e-06]
layer_4,282,"[[25, [49, 1, 1, 1, 1]], [27, [2, 2, 1, 1, 2]], [29, [2, 2, 1]], [56, 2], [62, 1], [68, 2], [95, 3]]",[3.3685063751101934e-06]
layer_4,283,"[[25, [1, 49, 1, 1, 1]], [27, [4, 1, 1, 2, 1]], [29, [1, 1, 4]], [56, 2], [62, 2], [68, 1], [95, 2]]",[3.0185326687484988e-06]
layer_4,284,"[[25, [1, 49, 1, 1, 1]], [27, [2, 2, 2, 1, 1]], [29, [2, 1, 2]], [56, 2], [62, 2], [68, 2], [95, 4]]",[3.0349030425109732e-06]
layer_4,285,"[[25, [7, 7, 1, 1, 1]], [27, [4, 1, 1, 2, 1]], [29, [1, 1, 4]], [56, 2], [62, 2], [68, 3], [95, 1]]",[3.037245144896848e-06]
layer_4,286,"[[25, [7, 7, 1, 1, 1]], [27, [2, 2, 1, 1, 2]], [29, [1, 1, 4]], [56, 2], [62, 2], [68, 0], [95, 2]]",[3.0345432852594116e-06]
layer_4,287,"[[25, [49, 1, 1, 1, 1]], [27, [1, 4, 1, 1, 2]], [29, [1, 1, 4]], [56, 2], [62, 1], [68, 1], [95, 3]]",[3.3912398799975005e-06]
layer_4,288,"[[25, [7, 7, 1, 1, 1]], [27, [1, 4, 1, 1, 2]], [29, [4, 1, 1]], [56, 2], [62, 0], [68, 1], [95, 1]]",[3.017646723524622e-06]
layer_4,289,"[[25, [49, 1, 1, 1, 1]], [27, [1, 4, 1, 1, 2]], [29, [1, 2, 2]], [56, 2], [62, 1], [68, 1], [95, 1]]",[3.585741501226627e-06]
layer_4,290,"[[25, [7, 7, 1, 1, 1]], [27, [1, 4, 1, 1, 2]], [29, [1, 2, 2]], [56, 2], [62, 2], [68, 1], [95, 2]]",[3.4838362384000354e-06]
layer_4,291,"[[25, [49, 1, 1, 1, 1]], [27, [2, 2, 1, 2, 1]], [29, [1, 1, 4]], [56, 2], [62, 0], [68, 1], [95, 1]]",[3.0401692798541474e-06]
layer_4,292,"[[25, [49, 1, 1, 1, 1]], [27, [2, 2, 1, 2, 1]], [29, [2, 2, 1]], [56, 2], [62, 2], [68, 2], [95, 1]]",[3.2350967429861335e-06]
layer_4,293,"[[25, [1, 49, 1, 1, 1]], [27, [4, 1, 1, 2, 1]], [29, [1, 1, 4]], [56, 2], [62, 2], [68, 2], [95, 2]]",[3.0398395991347446e-06]
layer_4,294,"[[25, [1, 49, 1, 1, 1]], [27, [4, 1, 1, 2, 1]], [29, [2, 2, 1]], [56, 2], [62, 2], [68, 0], [95, 4]]",[2.858825935834098e-06]
layer_4,295,"[[25, [49, 1, 1, 1, 1]], [27, [1, 4, 1, 2, 1]], [29, [4, 1, 1]], [56, 2], [62, 0], [68, 1], [95, 1]]",[3.256948070147341e-06]
layer_4,296,"[[25, [1, 49, 1, 1, 1]], [27, [4, 1, 1, 2, 1]], [29, [1, 2, 2]], [56, 2], [62, 2], [68, 2], [95, 1]]",[3.4268237706481517e-06]
layer_4,297,"[[25, [1, 49, 1, 1, 1]], [27, [4, 1, 1, 2, 1]], [29, [1, 4, 1]], [56, 2], [62, 2], [68, 2], [95, 1]]",[3.5055479832203936e-06]
layer_4,298,"[[25, [7, 7, 1, 1, 1]], [27, [4, 1, 1, 2, 1]], [29, [1, 1, 4]], [56, 2], [62, 2], [68, 2], [95, 1]]",[2.9210767769477057e-06]
layer_4,299,"[[25, [1, 49, 1, 1, 1]], [27, [1, 4, 1, 2, 1]], [29, [4, 1, 1]], [56, 2], [62, 1], [68, 0], [95, 2]]",[3.0568268994270973e-06]
layer_4,300,"[[25, [1, 49, 1, 1, 1]], [27, [4, 1, 2, 1, 1]], [29, [1, 4, 1]], [56, 2], [62, 1], [68, 1], [95, 1]]",[2.9300354957160342e-06]
layer_4,301,"[[25, [1, 49, 1, 1, 1]], [27, [4, 1, 2, 1, 1]], [29, [1, 2, 2]], [56, 2], [62, 1], [68, 2], [95, 1]]",[3.186033406342253e-06]
layer_4,302,"[[25, [49, 1, 1, 1, 1]], [27, [2, 2, 1, 1, 2]], [29, [4, 1, 1]], [56, 2], [62, 0], [68, 3], [95, 0]]",[6.0514850252819914e-06]
layer_4,303,"[[25, [1, 49, 1, 1, 1]], [27, [1, 2, 4, 1, 1]], [29, [2, 2, 1]], [56, 2], [62, 1], [68, 2], [95, 0]]",[3.4181311094063205e-06]
layer_4,304,"[[25, [7, 7, 1, 1, 1]], [27, [4, 1, 1, 2, 1]], [29, [1, 2, 2]], [56, 2], [62, 1], [68, 3], [95, 4]]",[3.0744265152256927e-06]
layer_4,305,"[[25, [7, 7, 1, 1, 1]], [27, [1, 4, 1, 2, 1]], [29, [4, 1, 1]], [56, 2], [62, 0], [68, 2], [95, 1]]",[3.250150887252666e-06]
layer_4,306,"[[25, [7, 7, 1, 1, 1]], [27, [2, 2, 1, 1, 2]], [29, [1, 1, 4]], [56, 2], [62, 2], [68, 3], [95, 3]]",[3.717849118458402e-06]
layer_4,307,"[[25, [7, 7, 1, 1, 1]], [27, [2, 2, 1, 2, 1]], [29, [1, 1, 4]], [56, 2], [62, 2], [68, 3], [95, 3]]",[3.341689952685778e-06]
layer_4,308,"[[25, [7, 7, 1, 1, 1]], [27, [2, 2, 1, 2, 1]], [29, [1, 4, 1]], [56, 2], [62, 2], [68, 3], [95, 1]]",[3.730994513410567e-06]
layer_4,309,"[[25, [7, 7, 1, 1, 1]], [27, [2, 2, 1, 2, 1]], [29, [4, 1, 1]], [56, 2], [62, 0], [68, 2], [95, 1]]",[3.553746408358729e-06]
layer_4,310,"[[25, [1, 49, 1, 1, 1]], [27, [1, 2, 4, 1, 1]], [29, [2, 1, 2]], [56, 1], [62, 1], [68, 1], [95, 4]]",[3.23782805043562e-06]
layer_4,311,"[[25, [1, 49, 1, 1, 1]], [27, [1, 2, 4, 1, 1]], [29, [2, 2, 1]], [56, 1], [62, 1], [68, 1], [95, 4]]",[2.9926634838975203e-06]
layer_4,312,"[[25, [7, 7, 1, 1, 1]], [27, [4, 1, 1, 1, 2]], [29, [1, 1, 4]], [56, 2], [62, 2], [68, 2], [95, 4]]",[3.4807449785288817e-06]
layer_4,313,"[[25, [7, 7, 1, 1, 1]], [27, [2, 2, 1, 1, 2]], [29, [4, 1, 1]], [56, 2], [62, 0], [68, 3], [95, 0]]",[3.218982703084322e-06]
layer_4,314,"[[25, [49, 1, 1, 1, 1]], [27, [2, 2, 1, 2, 1]], [29, [2, 2, 1]], [56, 2], [62, 0], [68, 2], [95, 1]]",[3.3027224806493532e-06]
layer_4,315,"[[25, [49, 1, 1, 1, 1]], [27, [1, 4, 1, 2, 1]], [29, [4, 1, 1]], [56, 2], [62, 0], [68, 1], [95, 0]]",[3.0396482322025803e-06]
layer_4,316,"[[25, [49, 1, 1, 1, 1]], [27, [1, 2, 1, 4, 1]], [29, [1, 1, 4]], [56, 2], [62, 2], [68, 1], [95, 1]]",[3.01088234797535e-06]
layer_4,317,"[[25, [49, 1, 1, 1, 1]], [27, [1, 8, 1, 1, 1]], [29, [2, 2, 1]], [56, 2], [62, 1], [68, 1], [95, 2]]",[3.2564645351753945e-06]
layer_4,318,"[[25, [1, 7, 1, 7, 1]], [27, [1, 2, 2, 2, 1]], [29, [2, 1, 2]], [56, 1], [62, 0], [68, 1], [95, 3]]",[6.626782794462018e-06]
layer_4,319,"[[25, [1, 7, 7, 1, 1]], [27, [2, 1, 4, 1, 1]], [29, [1, 1, 4]], [56, 1], [62, 1], [68, 1], [95, 0]]",[7.766648852396044e-06]
layer_4,320,"[[25, [1, 49, 1, 1, 1]], [27, [4, 1, 1, 1, 2]], [29, [2, 2, 1]], [56, 2], [62, 2], [68, 0], [95, 4]]",[3.434033538999908e-06]
layer_4,321,"[[25, [49, 1, 1, 1, 1]], [27, [1, 2, 4, 1, 1]], [29, [1, 4, 1]], [56, 2], [62, 1], [68, 2], [95, 2]]",[3.417056296897965e-06]
layer_4,322,"[[25, [1, 49, 1, 1, 1]], [27, [4, 1, 2, 1, 1]], [29, [2, 2, 1]], [56, 2], [62, 2], [68, 0], [95, 1]]",[3.3832250000000005e-06]
layer_4,323,"[[25, [1, 49, 1, 1, 1]], [27, [4, 1, 2, 1, 1]], [29, [1, 4, 1]], [56, 2], [62, 1], [68, 1], [95, 4]]",[2.9894148710739985e-06]
layer_4,324,"[[25, [1, 49, 1, 1, 1]], [27, [4, 1, 1, 1, 2]], [29, [1, 2, 2]], [56, 2], [62, 2], [68, 0], [95, 4]]",[3.41367436609587e-06]
layer_4,325,"[[25, [1, 49, 1, 1, 1]], [27, [4, 1, 1, 2, 1]], [29, [1, 2, 2]], [56, 2], [62, 2], [68, 0], [95, 4]]",[3.217652080472808e-06]
layer_4,326,"[[25, [7, 7, 1, 1, 1]], [27, [2, 2, 1, 1, 2]], [29, [4, 1, 1]], [56, 2], [62, 0], [68, 1], [95, 0]]",[3.0052140910943764e-06]
layer_4,327,"[[25, [7, 7, 1, 1, 1]], [27, [2, 2, 1, 2, 1]], [29, [4, 1, 1]], [56, 2], [62, 0], [68, 1], [95, 0]]",[3.5454452373391114e-06]
layer_4,328,"[[25, [1, 49, 1, 1, 1]], [27, [4, 1, 2, 1, 1]], [29, [1, 1, 4]], [56, 2], [62, 2], [68, 1], [95, 1]]",[3.3526110222564793e-06]
layer_4,329,"[[25, [1, 49, 1, 1, 1]], [27, [4, 1, 2, 1, 1]], [29, [1, 2, 2]], [56, 2], [62, 2], [68, 1], [95, 1]]",[3.4252307934567147e-06]
layer_4,330,"[[25, [1, 49, 1, 1, 1]], [27, [4, 1, 2, 1, 1]], [29, [1, 1, 4]], [56, 2], [62, 1], [68, 1], [95, 1]]",[3.41169006712482e-06]
layer_4,331,"[[25, [7, 7, 1, 1, 1]], [27, [4, 1, 1, 2, 1]], [29, [1, 4, 1]], [56, 2], [62, 2], [68, 3], [95, 1]]",[3.4998137868020303e-06]
layer_4,332,"[[25, [7, 7, 1, 1, 1]], [27, [4, 1, 1, 1, 2]], [29, [1, 2, 2]], [56, 2], [62, 2], [68, 3], [95, 1]]",[3.161126529802638e-06]
layer_4,333,"[[25, [7, 7, 1, 1, 1]], [27, [4, 1, 1, 2, 1]], [29, [1, 2, 2]], [56, 2], [62, 2], [68, 3], [95, 1]]",[2.959729613978986e-06]
layer_4,334,"[[25, [49, 1, 1, 1, 1]], [27, [2, 2, 1, 2, 1]], [29, [4, 1, 1]], [56, 2], [62, 2], [68, 1], [95, 1]]",[3.1145511536126292e-06]
layer_4,335,"[[25, [7, 7, 1, 1, 1]], [27, [4, 1, 1, 1, 2]], [29, [1, 2, 2]], [56, 2], [62, 2], [68, 0], [95, 4]]",[3.155662787841572e-06]
layer_4,336,"[[25, [7, 7, 1, 1, 1]], [27, [4, 1, 1, 1, 2]], [29, [1, 4, 1]], [56, 2], [62, 2], [68, 0], [95, 4]]",[3.03454825204103e-06]
layer_4,337,"[[25, [7, 7, 1, 1, 1]], [27, [4, 1, 1, 2, 1]], [29, [1, 4, 1]], [56, 2], [62, 2], [68, 0], [95, 4]]",[3.5117211062698472e-06]
layer_4,338,"[[25, [1, 49, 1, 1, 1]], [27, [1, 4, 1, 2, 1]], [29, [4, 1, 1]], [56, 1], [62, 0], [68, 0], [95, 2]]",[3.2424409387660855e-06]
layer_4,339,"[[25, [49, 1, 1, 1, 1]], [27, [1, 2, 4, 1, 1]], [29, [2, 2, 1]], [56, 2], [62, 1], [68, 2], [95, 2]]",[3.138947204566092e-06]
layer_4,340,"[[25, [49, 1, 1, 1, 1]], [27, [1, 2, 4, 1, 1]], [29, [1, 1, 4]], [56, 2], [62, 2], [68, 2], [95, 1]]",[3.304174382272318e-06]
layer_4,341,"[[25, [49, 1, 1, 1, 1]], [27, [1, 2, 1, 4, 1]], [29, [1, 1, 4]], [56, 2], [62, 2], [68, 1], [95, 2]]",[3.5138938505844488e-06]
layer_4,342,"[[25, [1, 49, 1, 1, 1]], [27, [4, 1, 1, 1, 2]], [29, [1, 1, 4]], [56, 2], [62, 2], [68, 3], [95, 4]]",[3.0319252690255463e-06]
layer_4,343,"[[25, [49, 1, 1, 1, 1]], [27, [1, 4, 1, 1, 2]], [29, [1, 4, 1]], [56, 2], [62, 2], [68, 3], [95, 2]]",[3.3590090272904855e-06]
layer_4,344,"[[25, [1, 49, 1, 1, 1]], [27, [4, 1, 1, 2, 1]], [29, [1, 1, 4]], [56, 2], [62, 2], [68, 1], [95, 4]]",[3.369970812619974e-06]
layer_4,345,"[[25, [1, 49, 1, 1, 1]], [27, [4, 1, 1, 1, 2]], [29, [1, 2, 2]], [56, 2], [62, 2], [68, 1], [95, 4]]",[2.96676432229073e-06]
layer_4,346,"[[25, [1, 49, 1, 1, 1]], [27, [4, 1, 1, 1, 2]], [29, [1, 1, 4]], [56, 2], [62, 2], [68, 1], [95, 4]]",[3.127746185509579e-06]
layer_4,347,"[[25, [7, 7, 1, 1, 1]], [27, [4, 1, 1, 2, 1]], [29, [1, 4, 1]], [56, 2], [62, 2], [68, 3], [95, 4]]",[3.011947691332776e-06]
layer_4,348,"[[25, [49, 1, 1, 1, 1]], [27, [1, 2, 4, 1, 1]], [29, [1, 4, 1]], [56, 1], [62, 1], [68, 2], [95, 2]]",[3.2951375267140297e-06]
layer_4,349,"[[25, [7, 7, 1, 1, 1]], [27, [4, 1, 1, 2, 1]], [29, [1, 4, 1]], [56, 2], [62, 2], [68, 2], [95, 1]]",[3.1122655778503654e-06]
layer_4,350,"[[25, [7, 7, 1, 1, 1]], [27, [4, 1, 1, 2, 1]], [29, [1, 2, 2]], [56, 2], [62, 2], [68, 2], [95, 1]]",[3.1078118011585612e-06]
layer_4,351,"[[25, [7, 7, 1, 1, 1]], [27, [4, 1, 1, 1, 2]], [29, [1, 4, 1]], [56, 2], [62, 2], [68, 2], [95, 1]]",[3.288693255927922e-06]
layer_4,352,"[[25, [7, 7, 1, 1, 1]], [27, [4, 1, 1, 1, 2]], [29, [1, 2, 2]], [56, 2], [62, 2], [68, 3], [95, 2]]",[2.8960149952785647e-06]
layer_4,353,"[[25, [49, 1, 1, 1, 1]], [27, [1, 2, 1, 1, 4]], [29, [2, 1, 2]], [56, 2], [62, 2], [68, 3], [95, 2]]",[2.9951556534945356e-06]
layer_4,354,"[[25, [49, 1, 1, 1, 1]], [27, [1, 2, 1, 1, 4]], [29, [2, 2, 1]], [56, 2], [62, 2], [68, 3], [95, 2]]",[3.7290841700756167e-06]
layer_4,355,"[[25, [1, 49, 1, 1, 1]], [27, [2, 2, 1, 1, 2]], [29, [4, 1, 1]], [56, 2], [62, 2], [68, 1], [95, 0]]",[3.1593079290967687e-06]
layer_4,356,"[[25, [7, 7, 1, 1, 1]], [27, [1, 4, 1, 2, 1]], [29, [4, 1, 1]], [56, 2], [62, 2], [68, 0], [95, 2]]",[3.3024357882945952e-06]
layer_4,357,"[[25, [7, 7, 1, 1, 1]], [27, [2, 1, 4, 1, 1]], [29, [1, 4, 1]], [56, 2], [62, 0], [68, 1], [95, 1]]",[3.2307552171236818e-06]
layer_4,358,"[[25, [49, 1, 1, 1, 1]], [27, [1, 4, 1, 1, 2]], [29, [1, 4, 1]], [56, 2], [62, 1], [68, 3], [95, 2]]",[3.093864615999201e-06]
layer_4,359,"[[25, [49, 1, 1, 1, 1]], [27, [1, 4, 1, 1, 2]], [29, [1, 1, 4]], [56, 2], [62, 1], [68, 3], [95, 2]]",[3.083333357341784e-06]
layer_4,360,"[[25, [49, 1, 1, 1, 1]], [27, [1, 4, 2, 1, 1]], [29, [1, 1, 4]], [56, 2], [62, 2], [68, 3], [95, 2]]",[3.2454238690848447e-06]
layer_4,361,"[[25, [7, 7, 1, 1, 1]], [27, [4, 1, 1, 2, 1]], [29, [1, 1, 4]], [56, 2], [62, 2], [68, 1], [95, 4]]",[3.3173921666235246e-06]
layer_4,362,"[[25, [1, 49, 1, 1, 1]], [27, [4, 1, 2, 1, 1]], [29, [1, 1, 4]], [56, 2], [62, 1], [68, 1], [95, 2]]",[3.3092160566485433e-06]
layer_4,363,"[[25, [7, 1, 7, 1, 1]], [27, [4, 2, 1, 1, 1]], [29, [2, 1, 2]], [56, 1], [62, 2], [68, 1], [95, 2]]",[3.410421285336985e-06]
layer_4,364,"[[25, [7, 7, 1, 1, 1]], [27, [2, 2, 1, 2, 1]], [29, [1, 4, 1]], [56, 2], [62, 2], [68, 0], [95, 2]]",[3.425736748558338e-06]
layer_4,365,"[[25, [7, 7, 1, 1, 1]], [27, [2, 2, 1, 2, 1]], [29, [1, 1, 4]], [56, 2], [62, 2], [68, 0], [95, 2]]",[2.960383819879447e-06]
layer_4,366,"[[25, [1, 49, 1, 1, 1]], [27, [1, 4, 1, 2, 1]], [29, [4, 1, 1]], [56, 2], [62, 1], [68, 0], [95, 3]]",[3.2201077117870503e-06]
layer_4,367,"[[25, [7, 7, 1, 1, 1]], [27, [2, 2, 1, 1, 2]], [29, [4, 1, 1]], [56, 2], [62, 0], [68, 1], [95, 1]]",[3.477786425208557e-06]
layer_4,368,"[[25, [1, 49, 1, 1, 1]], [27, [1, 2, 1, 4, 1]], [29, [1, 4, 1]], [56, 2], [62, 2], [68, 3], [95, 2]]",[3.3524892708814025e-06]
layer_4,369,"[[25, [49, 1, 1, 1, 1]], [27, [1, 4, 1, 1, 2]], [29, [1, 2, 2]], [56, 2], [62, 1], [68, 3], [95, 4]]",[3.0264044570031462e-06]
layer_4,370,"[[25, [49, 1, 1, 1, 1]], [27, [1, 4, 1, 1, 2]], [29, [1, 4, 1]], [56, 2], [62, 1], [68, 3], [95, 4]]",[2.974768314698346e-06]
layer_4,371,"[[25, [49, 1, 1, 1, 1]], [27, [1, 4, 1, 1, 2]], [29, [1, 1, 4]], [56, 2], [62, 1], [68, 3], [95, 4]]",[2.8804739019909823e-06]
layer_4,372,"[[25, [1, 49, 1, 1, 1]], [27, [4, 1, 2, 1, 1]], [29, [1, 4, 1]], [56, 2], [62, 1], [68, 2], [95, 1]]",[2.8667317338072667e-06]
layer_4,373,"[[25, [49, 1, 1, 1, 1]], [27, [1, 4, 1, 2, 1]], [29, [1, 1, 4]], [56, 2], [62, 2], [68, 3], [95, 1]]",[3.2556953748875744e-06]
layer_4,374,"[[25, [49, 1, 1, 1, 1]], [27, [1, 2, 2, 1, 2]], [29, [1, 2, 2]], [56, 2], [62, 1], [68, 3], [95, 2]]",[3.0567921021568837e-06]
layer_4,375,"[[25, [49, 1, 1, 1, 1]], [27, [1, 4, 1, 1, 2]], [29, [1, 4, 1]], [56, 2], [62, 2], [68, 1], [95, 2]]",[3.4077645248903153e-06]
layer_4,376,"[[25, [1, 49, 1, 1, 1]], [27, [4, 1, 1, 2, 1]], [29, [4, 1, 1]], [56, 2], [62, 2], [68, 0], [95, 2]]",[3.1100497659419534e-06]
layer_4,377,"[[25, [1, 49, 1, 1, 1]], [27, [4, 1, 2, 1, 1]], [29, [1, 4, 1]], [56, 2], [62, 1], [68, 3], [95, 1]]",[3.1993263471177943e-06]
layer_4,378,"[[25, [49, 1, 1, 1, 1]], [27, [1, 4, 1, 1, 2]], [29, [1, 4, 1]], [56, 2], [62, 1], [68, 0], [95, 4]]",[3.230699444958372e-06]
layer_4,379,"[[25, [7, 7, 1, 1, 1]], [27, [4, 1, 1, 1, 2]], [29, [1, 2, 2]], [56, 2], [62, 2], [68, 2], [95, 0]]",[3.444287004466227e-06]
layer_4,380,"[[25, [7, 7, 1, 1, 1]], [27, [1, 4, 1, 2, 1]], [29, [1, 1, 4]], [56, 2], [62, 2], [68, 3], [95, 2]]",[2.975402131026057e-06]
layer_4,381,"[[25, [49, 1, 1, 1, 1]], [27, [1, 1, 1, 2, 4]], [29, [2, 2, 1]], [56, 2], [62, 2], [68, 3], [95, 4]]",[3.414606863856539e-06]
layer_4,382,"[[25, [7, 1, 1, 7, 1]], [27, [1, 2, 1, 4, 1]], [29, [1, 2, 2]], [56, 1], [62, 0], [68, 1], [95, 2]]",[1.1483813892264075e-05]
layer_4,383,"[[25, [7, 1, 1, 7, 1]], [27, [2, 1, 1, 2, 2]], [29, [1, 4, 1]], [56, 1], [62, 0], [68, 1], [95, 2]]",[7.938284024272091e-06]
layer_4,384,"[[25, [49, 1, 1, 1, 1]], [27, [1, 4, 1, 1, 2]], [29, [1, 1, 4]], [56, 2], [62, 2], [68, 3], [95, 4]]",[2.9534754079013367e-06]
layer_4,385,"[[25, [49, 1, 1, 1, 1]], [27, [1, 4, 1, 1, 2]], [29, [1, 2, 2]], [56, 2], [62, 2], [68, 3], [95, 4]]",[2.9784585177317523e-06]
layer_4,386,"[[25, [7, 7, 1, 1, 1]], [27, [4, 1, 1, 2, 1]], [29, [4, 1, 1]], [56, 2], [62, 2], [68, 1], [95, 0]]",[2.9612762739804573e-06]
layer_4,387,"[[25, [7, 7, 1, 1, 1]], [27, [4, 1, 1, 1, 2]], [29, [4, 1, 1]], [56, 2], [62, 2], [68, 1], [95, 0]]",[2.9711449576955726e-06]
layer_4,388,"[[25, [7, 7, 1, 1, 1]], [27, [4, 1, 1, 1, 2]], [29, [1, 1, 4]], [56, 2], [62, 2], [68, 3], [95, 4]]",[3.0280049015158396e-06]
layer_4,389,"[[25, [1, 49, 1, 1, 1]], [27, [4, 1, 1, 1, 2]], [29, [1, 2, 2]], [56, 2], [62, 2], [68, 3], [95, 2]]",[2.9263256634702454e-06]
layer_4,390,"[[25, [1, 49, 1, 1, 1]], [27, [1, 2, 2, 1, 2]], [29, [2, 2, 1]], [56, 1], [62, 1], [68, 0], [95, 4]]",[3.033827960101098e-06]
layer_4,391,"[[25, [49, 1, 1, 1, 1]], [27, [2, 2, 1, 2, 1]], [29, [1, 4, 1]], [56, 2], [62, 0], [68, 1], [95, 1]]",[3.031077378057085e-06]
layer_4,392,"[[25, [49, 1, 1, 1, 1]], [27, [1, 4, 1, 1, 2]], [29, [1, 1, 4]], [56, 2], [62, 1], [68, 1], [95, 4]]",[3.0424535874372905e-06]
layer_4,393,"[[25, [1, 49, 1, 1, 1]], [27, [1, 4, 1, 2, 1]], [29, [2, 1, 2]], [56, 2], [62, 0], [68, 0], [95, 2]]",[3.158131132710107e-06]
layer_4,394,"[[25, [49, 1, 1, 1, 1]], [27, [1, 4, 1, 1, 2]], [29, [2, 1, 2]], [56, 2], [62, 1], [68, 3], [95, 4]]",[4.072444254573338e-06]
layer_4,395,"[[25, [1, 49, 1, 1, 1]], [27, [4, 1, 1, 2, 1]], [29, [2, 2, 1]], [56, 2], [62, 0], [68, 0], [95, 2]]",[3.325796060183667e-06]
layer_4,396,"[[25, [7, 7, 1, 1, 1]], [27, [2, 2, 1, 1, 2]], [29, [4, 1, 1]], [56, 1], [62, 2], [68, 1], [95, 0]]",[3.4650941817215726e-06]
layer_4,397,"[[25, [49, 1, 1, 1, 1]], [27, [1, 4, 1, 1, 2]], [29, [1, 4, 1]], [56, 2], [62, 2], [68, 1], [95, 4]]",[3.3234328996004526e-06]
layer_4,398,"[[25, [49, 1, 1, 1, 1]], [27, [1, 4, 1, 1, 2]], [29, [1, 2, 2]], [56, 2], [62, 2], [68, 1], [95, 4]]",[3.0240783125554826e-06]
layer_4,399,"[[25, [49, 1, 1, 1, 1]], [27, [1, 2, 1, 2, 2]], [29, [1, 4, 1]], [56, 2], [62, 2], [68, 1], [95, 1]]",[3.030170206677965e-06]
layer_4,400,"[[25, [1, 49, 1, 1, 1]], [27, [1, 2, 2, 1, 2]], [29, [2, 2, 1]], [56, 1], [62, 1], [68, 3], [95, 4]]",[3.283184332514078e-06]
layer_4,401,"[[25, [7, 7, 1, 1, 1]], [27, [1, 4, 1, 2, 1]], [29, [1, 2, 2]], [56, 2], [62, 2], [68, 3], [95, 2]]",[2.946752961049675e-06]
layer_4,402,"[[25, [7, 7, 1, 1, 1]], [27, [1, 4, 1, 1, 2]], [29, [1, 1, 4]], [56, 2], [62, 2], [68, 3], [95, 2]]",[2.992520253089705e-06]
layer_4,403,"[[25, [49, 1, 1, 1, 1]], [27, [1, 4, 1, 1, 2]], [29, [1, 4, 1]], [56, 2], [62, 1], [68, 2], [95, 4]]",[3.140272464856492e-06]
layer_4,404,"[[25, [49, 1, 1, 1, 1]], [27, [1, 4, 1, 1, 2]], [29, [1, 1, 4]], [56, 2], [62, 1], [68, 2], [95, 4]]",[3.6989118076361683e-06]
layer_4,405,"[[25, [1, 49, 1, 1, 1]], [27, [4, 1, 2, 1, 1]], [29, [1, 2, 2]], [56, 2], [62, 2], [68, 3], [95, 1]]",[3.5139022650330487e-06]
layer_4,406,"[[25, [1, 49, 1, 1, 1]], [27, [4, 1, 1, 1, 2]], [29, [4, 1, 1]], [56, 2], [62, 2], [68, 0], [95, 2]]",[3.3742026190234494e-06]
layer_4,407,"[[25, [7, 7, 1, 1, 1]], [27, [4, 1, 1, 2, 1]], [29, [1, 1, 4]], [56, 2], [62, 1], [68, 3], [95, 4]]",[2.975517645320613e-06]
layer_4,408,"[[25, [49, 1, 1, 1, 1]], [27, [1, 2, 2, 1, 2]], [29, [1, 2, 2]], [56, 2], [62, 2], [68, 3], [95, 2]]",[3.965972600570161e-06]
layer_4,409,"[[25, [49, 1, 1, 1, 1]], [27, [1, 4, 1, 2, 1]], [29, [1, 2, 2]], [56, 2], [62, 1], [68, 3], [95, 2]]",[3.6693301914100665e-06]
layer_4,410,"[[25, [49, 1, 1, 1, 1]], [27, [1, 4, 1, 2, 1]], [29, [1, 4, 1]], [56, 2], [62, 1], [68, 3], [95, 2]]",[3.1648414453060547e-06]
layer_4,411,"[[25, [49, 1, 1, 1, 1]], [27, [1, 4, 1, 2, 1]], [29, [1, 1, 4]], [56, 2], [62, 1], [68, 3], [95, 2]]",[2.967363579373104e-06]
layer_4,412,"[[25, [1, 49, 1, 1, 1]], [27, [4, 1, 1, 1, 2]], [29, [1, 2, 2]], [56, 2], [62, 1], [68, 1], [95, 4]]",[3.094156419085096e-06]
layer_4,413,"[[25, [1, 49, 1, 1, 1]], [27, [4, 1, 1, 1, 2]], [29, [1, 1, 4]], [56, 2], [62, 1], [68, 1], [95, 4]]",[3.084097212099125e-06]
layer_4,414,"[[25, [1, 49, 1, 1, 1]], [27, [4, 1, 1, 1, 2]], [29, [1, 2, 2]], [56, 2], [62, 2], [68, 2], [95, 2]]",[3.3208189879137016e-06]
layer_4,415,"[[25, [1, 49, 1, 1, 1]], [27, [4, 1, 1, 2, 1]], [29, [1, 4, 1]], [56, 2], [62, 2], [68, 2], [95, 2]]",[2.8715030537821434e-06]
layer_4,416,"[[25, [1, 49, 1, 1, 1]], [27, [1, 2, 4, 1, 1]], [29, [1, 2, 2]], [56, 1], [62, 1], [68, 3], [95, 1]]",[3.2573387209853153e-06]
layer_4,417,"[[25, [49, 1, 1, 1, 1]], [27, [1, 4, 1, 1, 2]], [29, [1, 4, 1]], [56, 2], [62, 2], [68, 2], [95, 4]]",[3.065927191995377e-06]
layer_4,418,"[[25, [1, 49, 1, 1, 1]], [27, [1, 4, 1, 2, 1]], [29, [4, 1, 1]], [56, 2], [62, 2], [68, 0], [95, 2]]",[3.5691628367743723e-06]
layer_4,419,"[[25, [1, 49, 1, 1, 1]], [27, [2, 2, 1, 2, 1]], [29, [1, 1, 4]], [56, 2], [62, 2], [68, 3], [95, 2]]",[3.6816329026531214e-06]
layer_4,420,"[[25, [49, 1, 1, 1, 1]], [27, [1, 4, 1, 1, 2]], [29, [2, 1, 2]], [56, 2], [62, 2], [68, 0], [95, 2]]",[3.340722412114433e-06]
layer_4,421,"[[25, [7, 7, 1, 1, 1]], [27, [4, 1, 1, 1, 2]], [29, [1, 1, 4]], [56, 2], [62, 2], [68, 3], [95, 1]]",[2.916302265964752e-06]
layer_4,422,"[[25, [1, 49, 1, 1, 1]], [27, [4, 1, 1, 2, 1]], [29, [1, 1, 4]], [56, 2], [62, 1], [68, 1], [95, 2]]",[3.0167060897339323e-06]
layer_4,423,"[[25, [49, 1, 1, 1, 1]], [27, [2, 2, 1, 2, 1]], [29, [1, 4, 1]], [56, 2], [62, 2], [68, 1], [95, 1]]",[3.0197874048774642e-06]
layer_4,424,"[[25, [7, 7, 1, 1, 1]], [27, [4, 1, 1, 2, 1]], [29, [1, 1, 4]], [56, 2], [62, 2], [68, 1], [95, 1]]",[3.5722897254483155e-06]
layer_4,425,"[[25, [7, 7, 1, 1, 1]], [27, [4, 1, 1, 2, 1]], [29, [2, 1, 2]], [56, 2], [62, 2], [68, 3], [95, 2]]",[3.554930479068181e-06]
layer_4,426,"[[25, [1, 49, 1, 1, 1]], [27, [1, 2, 4, 1, 1]], [29, [2, 2, 1]], [56, 1], [62, 2], [68, 3], [95, 4]]",[2.9532702369779446e-06]
layer_4,427,"[[25, [49, 1, 1, 1, 1]], [27, [1, 4, 1, 1, 2]], [29, [1, 2, 2]], [56, 2], [62, 1], [68, 3], [95, 0]]",[3.511404545287795e-06]
layer_4,428,"[[25, [1, 49, 1, 1, 1]], [27, [1, 2, 2, 1, 2]], [29, [1, 2, 2]], [56, 2], [62, 1], [68, 3], [95, 4]]",[3.2446494937796537e-06]
layer_4,429,"[[25, [1, 49, 1, 1, 1]], [27, [1, 2, 2, 1, 2]], [29, [1, 1, 4]], [56, 2], [62, 1], [68, 3], [95, 4]]",[2.9958508014796546e-06]
layer_4,430,"[[25, [49, 1, 1, 1, 1]], [27, [2, 2, 1, 2, 1]], [29, [1, 1, 4]], [56, 2], [62, 0], [68, 2], [95, 1]]",[2.964279161981417e-06]
layer_4,431,"[[25, [49, 1, 1, 1, 1]], [27, [2, 2, 1, 2, 1]], [29, [1, 4, 1]], [56, 2], [62, 0], [68, 2], [95, 1]]",[2.987293372569089e-06]
layer_4,432,"[[25, [1, 49, 1, 1, 1]], [27, [1, 2, 4, 1, 1]], [29, [2, 2, 1]], [56, 1], [62, 1], [68, 1], [95, 3]]",[3.0722089130835946e-06]
layer_4,433,"[[25, [1, 49, 1, 1, 1]], [27, [2, 1, 2, 2, 1]], [29, [1, 2, 2]], [56, 1], [62, 1], [68, 3], [95, 4]]",[3.096980817551097e-06]
layer_4,434,"[[25, [7, 1, 7, 1, 1]], [27, [4, 2, 1, 1, 1]], [29, [2, 1, 2]], [56, 2], [62, 2], [68, 2], [95, 2]]",[3.495504506555853e-06]
layer_4,435,"[[25, [49, 1, 1, 1, 1]], [27, [2, 2, 1, 2, 1]], [29, [4, 1, 1]], [56, 2], [62, 0], [68, 1], [95, 2]]",[3.029774356968579e-06]
layer_4,436,"[[25, [7, 7, 1, 1, 1]], [27, [4, 1, 1, 2, 1]], [29, [4, 1, 1]], [56, 2], [62, 2], [68, 0], [95, 0]]",[2.9804362728598674e-06]
layer_4,437,"[[25, [49, 1, 1, 1, 1]], [27, [1, 4, 1, 1, 2]], [29, [1, 2, 2]], [56, 2], [62, 1], [68, 3], [95, 1]]",[2.9389951644867216e-06]
layer_4,438,"[[25, [49, 1, 1, 1, 1]], [27, [1, 4, 1, 1, 2]], [29, [1, 1, 4]], [56, 2], [62, 1], [68, 3], [95, 1]]",[3.011451913176861e-06]
layer_4,439,"[[25, [49, 1, 1, 1, 1]], [27, [1, 4, 1, 1, 2]], [29, [1, 1, 4]], [56, 2], [62, 0], [68, 3], [95, 4]]",[2.9746489032827916e-06]
layer_4,440,"[[25, [49, 1, 1, 1, 1]], [27, [1, 4, 1, 1, 2]], [29, [1, 2, 2]], [56, 2], [62, 0], [68, 3], [95, 4]]",[2.982189696163765e-06]
layer_4,441,"[[25, [49, 1, 1, 1, 1]], [27, [1, 2, 2, 2, 1]], [29, [1, 1, 4]], [56, 2], [62, 0], [68, 3], [95, 2]]",[2.989491049248847e-06]
layer_4,442,"[[25, [1, 49, 1, 1, 1]], [27, [1, 2, 2, 1, 2]], [29, [1, 4, 1]], [56, 1], [62, 1], [68, 3], [95, 1]]",[2.9673001715265862e-06]
layer_4,443,"[[25, [1, 49, 1, 1, 1]], [27, [1, 2, 2, 1, 2]], [29, [1, 2, 2]], [56, 1], [62, 1], [68, 3], [95, 1]]",[3.3975763251342457e-06]
layer_4,444,"[[25, [1, 49, 1, 1, 1]], [27, [4, 1, 1, 2, 1]], [29, [1, 2, 2]], [56, 2], [62, 2], [68, 1], [95, 4]]",[3.056640226023213e-06]
layer_4,445,"[[25, [49, 1, 1, 1, 1]], [27, [1, 1, 2, 4, 1]], [29, [1, 1, 4]], [56, 0], [62, 1], [68, 0], [95, 3]]",[4.269634768150749e-06]
layer_4,446,"[[25, [1, 7, 1, 7, 1]], [27, [1, 4, 1, 2, 1]], [29, [2, 2, 1]], [56, 1], [62, 2], [68, 0], [95, 2]]",[6.639133698370268e-06]
layer_4,447,"[[25, [1, 7, 1, 7, 1]], [27, [2, 1, 2, 2, 1]], [29, [1, 1, 4]], [56, 0], [62, 1], [68, 1], [95, 2]]",[7.996441802995107e-06]
layer_4,448,"[[25, [1, 49, 1, 1, 1]], [27, [4, 1, 1, 2, 1]], [29, [1, 1, 4]], [56, 2], [62, 2], [68, 3], [95, 2]]",[3.248211163895487e-06]
layer_4,449,"[[25, [1, 49, 1, 1, 1]], [27, [4, 1, 1, 1, 2]], [29, [1, 4, 1]], [56, 2], [62, 2], [68, 3], [95, 2]]",[3.066391420091184e-06]
layer_4,450,"[[25, [1, 49, 1, 1, 1]], [27, [4, 1, 1, 2, 1]], [29, [1, 4, 1]], [56, 2], [62, 2], [68, 3], [95, 2]]",[3.0071734727506966e-06]
layer_4,451,"[[25, [1, 49, 1, 1, 1]], [27, [4, 1, 1, 1, 2]], [29, [1, 2, 2]], [56, 2], [62, 1], [68, 3], [95, 2]]",[3.052920547274508e-06]
layer_4,452,"[[25, [49, 1, 1, 1, 1]], [27, [1, 4, 1, 1, 2]], [29, [1, 4, 1]], [56, 2], [62, 2], [68, 3], [95, 4]]",[3.5111613689621286e-06]
layer_4,453,"[[25, [49, 1, 1, 1, 1]], [27, [1, 4, 1, 2, 1]], [29, [1, 4, 1]], [56, 2], [62, 2], [68, 3], [95, 4]]",[3.202825140146615e-06]
layer_4,454,"[[25, [7, 7, 1, 1, 1]], [27, [1, 4, 1, 1, 2]], [29, [1, 2, 2]], [56, 2], [62, 2], [68, 3], [95, 2]]",[3.0350399228257643e-06]
layer_4,455,"[[25, [7, 7, 1, 1, 1]], [27, [1, 4, 1, 1, 2]], [29, [1, 4, 1]], [56, 2], [62, 2], [68, 3], [95, 2]]",[3.2255479154547217e-06]
layer_4,456,"[[25, [49, 1, 1, 1, 1]], [27, [1, 4, 1, 1, 2]], [29, [1, 4, 1]], [56, 2], [62, 0], [68, 3], [95, 4]]",[3.367888579006904e-06]
layer_4,457,"[[25, [1, 49, 1, 1, 1]], [27, [1, 2, 4, 1, 1]], [29, [2, 1, 2]], [56, 2], [62, 2], [68, 0], [95, 4]]",[3.0963441564265853e-06]
layer_4,458,"[[25, [1, 49, 1, 1, 1]], [27, [1, 2, 4, 1, 1]], [29, [2, 2, 1]], [56, 2], [62, 2], [68, 0], [95, 4]]",[3.43220275733191e-06]
layer_4,459,"[[25, [1, 49, 1, 1, 1]], [27, [4, 1, 1, 2, 1]], [29, [1, 2, 2]], [56, 2], [62, 2], [68, 3], [95, 4]]",[3.1276794089696825e-06]
layer_4,460,"[[25, [1, 49, 1, 1, 1]], [27, [4, 1, 1, 2, 1]], [29, [1, 4, 1]], [56, 2], [62, 2], [68, 3], [95, 4]]",[3.1318422035660646e-06]
layer_4,461,"[[25, [49, 1, 1, 1, 1]], [27, [2, 2, 1, 1, 2]], [29, [4, 1, 1]], [56, 2], [62, 0], [68, 1], [95, 2]]",[3.2397420815355147e-06]
layer_4,462,"[[25, [7, 7, 1, 1, 1]], [27, [4, 1, 1, 2, 1]], [29, [1, 4, 1]], [56, 2], [62, 1], [68, 3], [95, 4]]",[3.025650653646243e-06]
layer_4,463,"[[25, [7, 7, 1, 1, 1]], [27, [4, 1, 1, 2, 1]], [29, [1, 2, 2]], [56, 2], [62, 2], [68, 3], [95, 2]]",[3.707543238279362e-06]
layer_4,464,"[[25, [49, 1, 1, 1, 1]], [27, [2, 2, 1, 2, 1]], [29, [1, 4, 1]], [56, 2], [62, 2], [68, 2], [95, 1]]",[3.255337665211531e-06]
layer_4,465,"[[25, [49, 1, 1, 1, 1]], [27, [2, 2, 1, 2, 1]], [29, [1, 1, 4]], [56, 2], [62, 2], [68, 2], [95, 1]]",[3.3070130813093146e-06]
layer_4,466,"[[25, [49, 1, 1, 1, 1]], [27, [1, 4, 1, 2, 1]], [29, [1, 1, 4]], [56, 2], [62, 0], [68, 3], [95, 1]]",[3.458436797752809e-06]
layer_4,467,"[[25, [7, 7, 1, 1, 1]], [27, [4, 1, 1, 2, 1]], [29, [1, 2, 2]], [56, 2], [62, 0], [68, 3], [95, 1]]",[2.9755927200688373e-06]
layer_4,468,"[[25, [7, 7, 1, 1, 1]], [27, [4, 1, 1, 2, 1]], [29, [1, 1, 4]], [56, 2], [62, 0], [68, 3], [95, 1]]",[3.3595538923271944e-06]
layer_4,469,"[[25, [7, 7, 1, 1, 1]], [27, [4, 1, 1, 1, 2]], [29, [1, 1, 4]], [56, 2], [62, 0], [68, 3], [95, 1]]",[3.4707425300698463e-06]
layer_4,470,"[[25, [1, 49, 1, 1, 1]], [27, [2, 1, 2, 1, 2]], [29, [1, 1, 4]], [56, 2], [62, 1], [68, 3], [95, 4]]",[3.4644553818351083e-06]
layer_4,471,"[[25, [49, 1, 1, 1, 1]], [27, [1, 2, 2, 1, 2]], [29, [1, 1, 4]], [56, 2], [62, 1], [68, 3], [95, 4]]",[2.9954157679434734e-06]
layer_4,472,"[[25, [7, 7, 1, 1, 1]], [27, [1, 4, 1, 2, 1]], [29, [1, 1, 4]], [56, 1], [62, 2], [68, 3], [95, 2]]",[3.272875449178645e-06]
layer_4,473,"[[25, [7, 7, 1, 1, 1]], [27, [1, 4, 1, 2, 1]], [29, [1, 2, 2]], [56, 1], [62, 2], [68, 3], [95, 2]]",[3.0990818075334447e-06]
layer_4,474,"[[25, [1, 49, 1, 1, 1]], [27, [4, 1, 1, 1, 2]], [29, [1, 4, 1]], [56, 2], [62, 2], [68, 2], [95, 2]]",[3.1144669745528934e-06]
layer_4,475,"[[25, [1, 49, 1, 1, 1]], [27, [1, 2, 2, 1, 2]], [29, [2, 2, 1]], [56, 1], [62, 1], [68, 0], [95, 2]]",[3.596317469879518e-06]
layer_4,476,"[[25, [1, 49, 1, 1, 1]], [27, [2, 1, 2, 2, 1]], [29, [1, 4, 1]], [56, 2], [62, 1], [68, 1], [95, 1]]",[3.095990998657363e-06]
layer_4,477,"[[25, [1, 49, 1, 1, 1]], [27, [1, 2, 2, 2, 1]], [29, [2, 2, 1]], [56, 1], [62, 1], [68, 0], [95, 4]]",[3.0238198343019667e-06]
layer_4,478,"[[25, [1, 49, 1, 1, 1]], [27, [1, 2, 4, 1, 1]], [29, [2, 2, 1]], [56, 2], [62, 2], [68, 3], [95, 4]]",[3.4544328450972673e-06]
layer_4,479,"[[25, [1, 49, 1, 1, 1]], [27, [4, 1, 2, 1, 1]], [29, [1, 4, 1]], [56, 2], [62, 2], [68, 1], [95, 4]]",[3.2861715516678633e-06]
layer_4,480,"[[25, [1, 49, 1, 1, 1]], [27, [4, 1, 2, 1, 1]], [29, [1, 1, 4]], [56, 2], [62, 2], [68, 2], [95, 1]]",[3.544114322700702e-06]
layer_4,481,"[[25, [1, 49, 1, 1, 1]], [27, [4, 2, 1, 1, 1]], [29, [2, 2, 1]], [56, 2], [62, 2], [68, 3], [95, 2]]",[3.76922892137658e-06]
layer_4,482,"[[25, [1, 49, 1, 1, 1]], [27, [1, 2, 4, 1, 1]], [29, [1, 4, 1]], [56, 1], [62, 1], [68, 2], [95, 4]]",[2.9369187271718965e-06]
layer_4,483,"[[25, [1, 49, 1, 1, 1]], [27, [2, 1, 4, 1, 1]], [29, [1, 1, 4]], [56, 1], [62, 2], [68, 2], [95, 4]]",[3.0045236167743087e-06]
layer_4,484,"[[25, [1, 49, 1, 1, 1]], [27, [1, 8, 1, 1, 1]], [29, [2, 2, 1]], [56, 2], [62, 2], [68, 2], [95, 2]]",[3.261984858220422e-06]
layer_4,485,"[[25, [7, 7, 1, 1, 1]], [27, [4, 1, 1, 1, 2]], [29, [1, 2, 2]], [56, 1], [62, 2], [68, 3], [95, 2]]",[3.1469879779266854e-06]
layer_4,486,"[[25, [49, 1, 1, 1, 1]], [27, [2, 2, 1, 2, 1]], [29, [1, 1, 4]], [56, 2], [62, 0], [68, 3], [95, 1]]",[3.0330176888100255e-06]
layer_4,487,"[[25, [49, 1, 1, 1, 1]], [27, [1, 2, 2, 1, 2]], [29, [1, 1, 4]], [56, 2], [62, 0], [68, 3], [95, 4]]",[2.984415382451629e-06]
layer_4,488,"[[25, [1, 49, 1, 1, 1]], [27, [1, 2, 2, 2, 1]], [29, [2, 2, 1]], [56, 1], [62, 2], [68, 0], [95, 4]]",[3.5678221462002594e-06]
layer_4,489,"[[25, [1, 49, 1, 1, 1]], [27, [1, 2, 4, 1, 1]], [29, [1, 4, 1]], [56, 1], [62, 2], [68, 2], [95, 3]]",[3.589918913369335e-06]
layer_4,490,"[[25, [49, 1, 1, 1, 1]], [27, [2, 2, 1, 2, 1]], [29, [4, 1, 1]], [56, 2], [62, 0], [68, 0], [95, 2]]",[3.8415513321795615e-06]
layer_4,491,"[[25, [7, 7, 1, 1, 1]], [27, [1, 4, 1, 2, 1]], [29, [1, 2, 2]], [56, 2], [62, 2], [68, 2], [95, 2]]",[3.0910524600246002e-06]
layer_4,492,"[[25, [1, 49, 1, 1, 1]], [27, [4, 2, 1, 1, 1]], [29, [2, 2, 1]], [56, 2], [62, 2], [68, 3], [95, 4]]",[3.554947361386895e-06]
layer_4,493,"[[25, [1, 49, 1, 1, 1]], [27, [1, 2, 2, 1, 2]], [29, [2, 2, 1]], [56, 2], [62, 2], [68, 0], [95, 4]]",[3.2963006085776555e-06]
layer_4,494,"[[25, [1, 49, 1, 1, 1]], [27, [2, 1, 4, 1, 1]], [29, [2, 1, 2]], [56, 2], [62, 2], [68, 2], [95, 4]]",[3.5169518963186766e-06]
layer_4,495,"[[25, [1, 49, 1, 1, 1]], [27, [2, 1, 4, 1, 1]], [29, [1, 1, 4]], [56, 2], [62, 2], [68, 2], [95, 4]]",[3.5750065043077715e-06]
layer_4,496,"[[25, [7, 7, 1, 1, 1]], [27, [2, 2, 1, 1, 2]], [29, [1, 1, 4]], [56, 2], [62, 2], [68, 3], [95, 4]]",[3.207958520803873e-06]
layer_4,497,"[[25, [7, 7, 1, 1, 1]], [27, [1, 4, 1, 1, 2]], [29, [1, 1, 4]], [56, 2], [62, 2], [68, 3], [95, 1]]",[3.72594461704985e-06]
layer_4,498,"[[25, [7, 7, 1, 1, 1]], [27, [2, 2, 1, 1, 2]], [29, [1, 2, 2]], [56, 2], [62, 2], [68, 0], [95, 2]]",[3.1862720452627297e-06]
layer_4,499,"[[25, [1, 49, 1, 1, 1]], [27, [1, 2, 4, 1, 1]], [29, [1, 4, 1]], [56, 2], [62, 1], [68, 2], [95, 3]]",[3.1874802928712124e-06]
layer_4,500,"[[25, [1, 49, 1, 1, 1]], [27, [1, 2, 4, 1, 1]], [29, [1, 4, 1]], [56, 1], [62, 1], [68, 1], [95, 4]]",[3.215452364003085e-06]
layer_4,501,"[[25, [7, 7, 1, 1, 1]], [27, [4, 1, 1, 1, 2]], [29, [4, 1, 1]], [56, 2], [62, 2], [68, 1], [95, 1]]",[3.0239651376941916e-06]
layer_4,502,"[[25, [49, 1, 1, 1, 1]], [27, [1, 4, 1, 1, 2]], [29, [1, 1, 4]], [56, 2], [62, 2], [68, 3], [95, 1]]",[2.859427602905569e-06]
layer_4,503,"[[25, [49, 1, 1, 1, 1]], [27, [1, 4, 1, 2, 1]], [29, [1, 2, 2]], [56, 2], [62, 2], [68, 3], [95, 1]]",[3.5080806955414517e-06]
layer_4,504,"[[25, [1, 49, 1, 1, 1]], [27, [1, 2, 4, 1, 1]], [29, [1, 4, 1]], [56, 2], [62, 1], [68, 2], [95, 4]]",[3.214240026286246e-06]
layer_4,505,"[[25, [1, 49, 1, 1, 1]], [27, [4, 1, 2, 1, 1]], [29, [1, 4, 1]], [56, 2], [62, 1], [68, 3], [95, 4]]",[3.018600223606453e-06]
layer_4,506,"[[25, [49, 1, 1, 1, 1]], [27, [1, 2, 4, 1, 1]], [29, [2, 1, 2]], [56, 1], [62, 0], [68, 0], [95, 3]]",[3.6024218773607302e-06]
layer_4,507,"[[25, [1, 49, 1, 1, 1]], [27, [1, 2, 2, 1, 2]], [29, [1, 4, 1]], [56, 2], [62, 1], [68, 3], [95, 4]]",[2.9006532502081516e-06]
layer_4,508,"[[25, [1, 49, 1, 1, 1]], [27, [1, 2, 2, 2, 1]], [29, [1, 1, 4]], [56, 2], [62, 1], [68, 3], [95, 4]]",[3.114603921270613e-06]
layer_4,509,"[[25, [1, 7, 1, 7, 1]], [27, [1, 1, 8, 1, 1]], [29, [1, 4, 1]], [56, 0], [62, 2], [68, 1], [95, 0]]",[9.449341366173473e-06]
layer_4,510,"[[25, [7, 7, 1, 1, 1]], [27, [2, 1, 2, 2, 1]], [29, [1, 4, 1]], [56, 0], [62, 0], [68, 1], [95, 2]]",[5.223966460068436e-06]
layer_4,511,"[[25, [49, 1, 1, 1, 1]], [27, [1, 1, 2, 4, 1]], [29, [1, 4, 1]], [56, 0], [62, 0], [68, 2], [95, 3]]",[4.040278926485447e-06]
layer_4,512,"[[25, [49, 1, 1, 1, 1]], [27, [1, 2, 2, 1, 2]], [29, [1, 4, 1]], [56, 2], [62, 1], [68, 3], [95, 4]]",[3.313890120671049e-06]
layer_4,513,"[[25, [49, 1, 1, 1, 1]], [27, [2, 2, 1, 1, 2]], [29, [1, 4, 1]], [56, 2], [62, 0], [68, 1], [95, 1]]",[2.9997040028013044e-06]
layer_4,514,"[[25, [7, 7, 1, 1, 1]], [27, [4, 1, 1, 2, 1]], [29, [1, 1, 4]], [56, 2], [62, 2], [68, 3], [95, 4]]",[2.9385088131838235e-06]
layer_4,515,"[[25, [49, 1, 1, 1, 1]], [27, [2, 2, 1, 1, 2]], [29, [1, 4, 1]], [56, 1], [62, 0], [68, 1], [95, 1]]",[3.5715181254639195e-06]
layer_4,516,"[[25, [49, 1, 1, 1, 1]], [27, [2, 2, 1, 2, 1]], [29, [1, 4, 1]], [56, 1], [62, 0], [68, 1], [95, 1]]",[3.7604454493099845e-06]
layer_4,517,"[[25, [49, 1, 1, 1, 1]], [27, [2, 2, 1, 1, 2]], [29, [1, 1, 4]], [56, 2], [62, 0], [68, 3], [95, 4]]",[3.048924483751372e-06]
layer_4,518,"[[25, [49, 1, 1, 1, 1]], [27, [2, 2, 1, 2, 1]], [29, [1, 4, 1]], [56, 2], [62, 0], [68, 3], [95, 1]]",[3.3298411179478983e-06]
layer_4,519,"[[25, [1, 49, 1, 1, 1]], [27, [1, 2, 4, 1, 1]], [29, [2, 2, 1]], [56, 1], [62, 1], [68, 2], [95, 4]]",[3.5199615153337344e-06]
layer_4,520,"[[25, [1, 49, 1, 1, 1]], [27, [1, 2, 4, 1, 1]], [29, [2, 2, 1]], [56, 1], [62, 1], [68, 0], [95, 4]]",[3.5356297241975987e-06]
layer_4,521,"[[25, [49, 1, 1, 1, 1]], [27, [2, 2, 1, 2, 1]], [29, [1, 1, 4]], [56, 1], [62, 0], [68, 3], [95, 1]]",[3.0772136254811043e-06]
layer_4,522,"[[25, [49, 1, 1, 1, 1]], [27, [2, 2, 1, 1, 2]], [29, [1, 4, 1]], [56, 1], [62, 0], [68, 3], [95, 1]]",[3.152987906312191e-06]
layer_4,523,"[[25, [1, 49, 1, 1, 1]], [27, [1, 2, 4, 1, 1]], [29, [1, 1, 4]], [56, 1], [62, 1], [68, 2], [95, 4]]",[3.0333689270287835e-06]
layer_4,524,"[[25, [1, 49, 1, 1, 1]], [27, [4, 1, 1, 2, 1]], [29, [1, 4, 1]], [56, 2], [62, 1], [68, 3], [95, 4]]",[4.3209900216584156e-06]
layer_4,525,"[[25, [49, 1, 1, 1, 1]], [27, [2, 2, 1, 2, 1]], [29, [1, 2, 2]], [56, 2], [62, 0], [68, 2], [95, 1]]",[3.0062719738276988e-06]
layer_4,526,"[[25, [49, 1, 1, 1, 1]], [27, [2, 2, 1, 1, 2]], [29, [1, 2, 2]], [56, 2], [62, 0], [68, 2], [95, 1]]",[3.0975898108001576e-06]
layer_4,527,"[[25, [1, 49, 1, 1, 1]], [27, [1, 2, 4, 1, 1]], [29, [1, 1, 4]], [56, 1], [62, 1], [68, 3], [95, 4]]",[3.123855930628678e-06]
layer_4,528,"[[25, [1, 49, 1, 1, 1]], [27, [1, 2, 4, 1, 1]], [29, [1, 4, 1]], [56, 1], [62, 1], [68, 3], [95, 4]]",[3.1033556122605835e-06]
layer_4,529,"[[25, [49, 1, 1, 1, 1]], [27, [1, 4, 1, 2, 1]], [29, [1, 1, 4]], [56, 2], [62, 1], [68, 3], [95, 4]]",[3.1521268919503304e-06]
layer_4,530,"[[25, [1, 49, 1, 1, 1]], [27, [1, 4, 1, 2, 1]], [29, [2, 2, 1]], [56, 2], [62, 0], [68, 0], [95, 4]]",[3.350699387947269e-06]
layer_4,531,"[[25, [1, 49, 1, 1, 1]], [27, [4, 1, 1, 1, 2]], [29, [1, 1, 4]], [56, 2], [62, 2], [68, 3], [95, 2]]",[3.545336524652944e-06]
layer_4,532,"[[25, [49, 1, 1, 1, 1]], [27, [2, 2, 1, 2, 1]], [29, [1, 1, 4]], [56, 2], [62, 2], [68, 3], [95, 4]]",[3.3170422317341922e-06]
layer_4,533,"[[25, [1, 49, 1, 1, 1]], [27, [4, 1, 1, 1, 2]], [29, [1, 2, 2]], [56, 2], [62, 2], [68, 1], [95, 2]]",[3.554190825378764e-06]
layer_4,534,"[[25, [1, 49, 1, 1, 1]], [27, [4, 1, 1, 1, 2]], [29, [1, 4, 1]], [56, 2], [62, 1], [68, 2], [95, 2]]",[2.9975214224999422e-06]
layer_4,535,"[[25, [1, 49, 1, 1, 1]], [27, [4, 1, 1, 1, 2]], [29, [1, 2, 2]], [56, 2], [62, 1], [68, 2], [95, 2]]",[2.9932871946485097e-06]
layer_4,536,"[[25, [49, 1, 1, 1, 1]], [27, [1, 2, 1, 4, 1]], [29, [1, 2, 2]], [56, 2], [62, 2], [68, 3], [95, 1]]",[3.5618413976969765e-06]
layer_4,537,"[[25, [49, 1, 1, 1, 1]], [27, [1, 2, 1, 2, 2]], [29, [1, 2, 2]], [56, 2], [62, 2], [68, 3], [95, 1]]",[2.972872657000961e-06]
layer_4,538,"[[25, [1, 49, 1, 1, 1]], [27, [4, 1, 2, 1, 1]], [29, [1, 4, 1]], [56, 2], [62, 1], [68, 2], [95, 4]]",[2.8500652321148675e-06]
layer_4,539,"[[25, [49, 1, 1, 1, 1]], [27, [1, 2, 1, 2, 2]], [29, [1, 2, 2]], [56, 2], [62, 2], [68, 1], [95, 1]]",[2.9743465256885825e-06]
layer_4,540,"[[25, [1, 49, 1, 1, 1]], [27, [1, 2, 2, 1, 2]], [29, [1, 1, 4]], [56, 1], [62, 1], [68, 3], [95, 4]]",[3.0573455083607956e-06]
layer_4,541,"[[25, [1, 49, 1, 1, 1]], [27, [1, 4, 1, 1, 2]], [29, [1, 4, 1]], [56, 2], [62, 0], [68, 3], [95, 4]]",[3.3202108942939055e-06]
layer_4,542,"[[25, [1, 49, 1, 1, 1]], [27, [4, 1, 2, 1, 1]], [29, [1, 4, 1]], [56, 2], [62, 1], [68, 2], [95, 0]]",[3.231713801595487e-06]
layer_4,543,"[[25, [1, 49, 1, 1, 1]], [27, [4, 1, 2, 1, 1]], [29, [1, 2, 2]], [56, 2], [62, 1], [68, 2], [95, 0]]",[3.3461356225008733e-06]
layer_4,544,"[[25, [49, 1, 1, 1, 1]], [27, [1, 2, 1, 1, 4]], [29, [1, 4, 1]], [56, 2], [62, 1], [68, 1], [95, 1]]",[3.3407294703595727e-06]
layer_4,545,"[[25, [49, 1, 1, 1, 1]], [27, [1, 2, 2, 1, 2]], [29, [1, 1, 4]], [56, 2], [62, 0], [68, 0], [95, 4]]",[3.61571441640619e-06]
layer_4,546,"[[25, [49, 1, 1, 1, 1]], [27, [2, 2, 1, 2, 1]], [29, [1, 4, 1]], [56, 2], [62, 1], [68, 1], [95, 1]]",[2.9741131870071787e-06]
layer_4,547,"[[25, [1, 49, 1, 1, 1]], [27, [4, 1, 1, 1, 2]], [29, [1, 2, 2]], [56, 1], [62, 1], [68, 3], [95, 2]]",[3.622589566829937e-06]
layer_4,548,"[[25, [7, 7, 1, 1, 1]], [27, [4, 1, 1, 1, 2]], [29, [4, 1, 1]], [56, 2], [62, 2], [68, 1], [95, 3]]",[3.0655310473051485e-06]
layer_4,549,"[[25, [49, 1, 1, 1, 1]], [27, [2, 2, 1, 2, 1]], [29, [1, 4, 1]], [56, 1], [62, 1], [68, 1], [95, 1]]",[3.3379017458207094e-06]
layer_4,550,"[[25, [49, 1, 1, 1, 1]], [27, [2, 2, 1, 2, 1]], [29, [1, 1, 4]], [56, 1], [62, 1], [68, 1], [95, 1]]",[3.2746783829565445e-06]
layer_4,551,"[[25, [1, 49, 1, 1, 1]], [27, [4, 1, 1, 1, 2]], [29, [1, 1, 4]], [56, 1], [62, 2], [68, 3], [95, 2]]",[3.3446614372281497e-06]
layer_4,552,"[[25, [1, 49, 1, 1, 1]], [27, [4, 1, 1, 2, 1]], [29, [1, 4, 1]], [56, 1], [62, 2], [68, 3], [95, 2]]",[2.983121772412778e-06]
layer_4,553,"[[25, [1, 49, 1, 1, 1]], [27, [4, 1, 1, 1, 2]], [29, [1, 2, 2]], [56, 1], [62, 1], [68, 1], [95, 2]]",[3.1573018054064605e-06]
layer_4,554,"[[25, [7, 7, 1, 1, 1]], [27, [4, 1, 1, 2, 1]], [29, [1, 1, 4]], [56, 2], [62, 2], [68, 3], [95, 2]]",[3.062777767040952e-06]
layer_4,555,"[[25, [49, 1, 1, 1, 1]], [27, [1, 2, 2, 1, 2]], [29, [1, 1, 4]], [56, 2], [62, 1], [68, 2], [95, 4]]",[3.0591337922327763e-06]
layer_4,556,"[[25, [7, 7, 1, 1, 1]], [27, [4, 1, 1, 1, 2]], [29, [4, 1, 1]], [56, 2], [62, 2], [68, 2], [95, 1]]",[4.432186554818117e-06]
layer_4,557,"[[25, [49, 1, 1, 1, 1]], [27, [2, 2, 1, 2, 1]], [29, [1, 1, 4]], [56, 2], [62, 2], [68, 1], [95, 1]]",[4.058138555847772e-06]
layer_4,558,"[[25, [49, 1, 1, 1, 1]], [27, [2, 2, 1, 1, 2]], [29, [1, 4, 1]], [56, 2], [62, 2], [68, 1], [95, 1]]",[3.070381928381108e-06]
layer_4,559,"[[25, [7, 7, 1, 1, 1]], [27, [2, 1, 2, 1, 2]], [29, [1, 2, 2]], [56, 2], [62, 0], [68, 1], [95, 1]]",[3.6700919076139996e-06]
layer_4,560,"[[25, [49, 1, 1, 1, 1]], [27, [1, 2, 2, 1, 2]], [29, [1, 1, 4]], [56, 2], [62, 0], [68, 1], [95, 4]]",[2.972844433808749e-06]
layer_4,561,"[[25, [7, 7, 1, 1, 1]], [27, [4, 1, 1, 1, 2]], [29, [1, 4, 1]], [56, 2], [62, 2], [68, 1], [95, 4]]",[3.063718078960563e-06]
layer_4,562,"[[25, [7, 7, 1, 1, 1]], [27, [1, 4, 1, 2, 1]], [29, [1, 1, 4]], [56, 2], [62, 2], [68, 2], [95, 2]]",[3.124753821762023e-06]
layer_4,563,"[[25, [7, 7, 1, 1, 1]], [27, [1, 4, 1, 1, 2]], [29, [1, 1, 4]], [56, 1], [62, 2], [68, 3], [95, 2]]",[3.3514425064984023e-06]
layer_4,564,"[[25, [1, 49, 1, 1, 1]], [27, [1, 4, 1, 2, 1]], [29, [1, 1, 4]], [56, 1], [62, 0], [68, 0], [95, 2]]",[3.61274142704541e-06]
layer_4,565,"[[25, [1, 49, 1, 1, 1]], [27, [4, 1, 1, 2, 1]], [29, [1, 4, 1]], [56, 2], [62, 0], [68, 2], [95, 2]]",[3.1984390996180323e-06]
layer_4,566,"[[25, [7, 7, 1, 1, 1]], [27, [1, 4, 1, 1, 2]], [29, [4, 1, 1]], [56, 2], [62, 0], [68, 1], [95, 2]]",[2.964499712494181e-06]
layer_4,567,"[[25, [1, 49, 1, 1, 1]], [27, [1, 2, 2, 1, 2]], [29, [2, 1, 2]], [56, 2], [62, 1], [68, 0], [95, 4]]",[3.6282108901921517e-06]
layer_4,568,"[[25, [1, 49, 1, 1, 1]], [27, [1, 2, 2, 1, 2]], [29, [2, 2, 1]], [56, 2], [62, 1], [68, 0], [95, 4]]",[3.470638838032467e-06]
layer_4,569,"[[25, [1, 49, 1, 1, 1]], [27, [1, 4, 1, 1, 2]], [29, [1, 4, 1]], [56, 2], [62, 0], [68, 0], [95, 4]]",[3.973946308724832e-06]
layer_4,570,"[[25, [1, 49, 1, 1, 1]], [27, [4, 1, 1, 1, 2]], [29, [1, 2, 2]], [56, 2], [62, 0], [68, 3], [95, 4]]",[3.7530046436129773e-06]
layer_4,571,"[[25, [1, 49, 1, 1, 1]], [27, [1, 4, 1, 1, 2]], [29, [1, 1, 4]], [56, 2], [62, 0], [68, 2], [95, 4]]",[2.98327743902439e-06]
layer_4,572,"[[25, [7, 7, 1, 1, 1]], [27, [4, 1, 1, 1, 2]], [29, [1, 4, 1]], [56, 1], [62, 2], [68, 3], [95, 1]]",[3.4482862038908035e-06]
layer_4,573,"[[25, [7, 7, 1, 1, 1]], [27, [1, 2, 1, 2, 2]], [29, [2, 1, 2]], [56, 2], [62, 0], [68, 0], [95, 0]]",[5.1827761310048184e-06]
layer_4,574,"[[25, [7, 7, 1, 1, 1]], [27, [1, 1, 1, 2, 4]], [29, [1, 1, 4]], [56, 0], [62, 0], [68, 2], [95, 0]]",[9.25009851077606e-06]
layer_4,575,"[[25, [7, 1, 1, 7, 1]], [27, [1, 1, 1, 8, 1]], [29, [1, 2, 2]], [56, 1], [62, 0], [68, 0], [95, 1]]",[1.2257253039268424e-05]
layer_4,576,"[[25, [1, 49, 1, 1, 1]], [27, [4, 1, 2, 1, 1]], [29, [1, 2, 2]], [56, 2], [62, 1], [68, 3], [95, 4]]",[3.09935237030828e-06]
layer_4,577,"[[25, [7, 7, 1, 1, 1]], [27, [4, 1, 1, 2, 1]], [29, [4, 1, 1]], [56, 2], [62, 0], [68, 1], [95, 0]]",[3.356271505898083e-06]
layer_4,578,"[[25, [49, 1, 1, 1, 1]], [27, [1, 2, 2, 1, 2]], [29, [1, 1, 4]], [56, 2], [62, 1], [68, 1], [95, 4]]",[3.1752606571221746e-06]
layer_4,579,"[[25, [7, 7, 1, 1, 1]], [27, [4, 1, 1, 1, 2]], [29, [4, 1, 1]], [56, 2], [62, 2], [68, 0], [95, 0]]",[3.513053293795433e-06]
layer_4,580,"[[25, [7, 7, 1, 1, 1]], [27, [4, 1, 1, 1, 2]], [29, [2, 1, 2]], [56, 2], [62, 2], [68, 1], [95, 0]]",[3.4546094850241742e-06]
layer_4,581,"[[25, [7, 7, 1, 1, 1]], [27, [4, 1, 1, 1, 2]], [29, [2, 2, 1]], [56, 2], [62, 2], [68, 1], [95, 0]]",[2.9306586245041197e-06]
layer_4,582,"[[25, [7, 7, 1, 1, 1]], [27, [4, 1, 1, 2, 1]], [29, [2, 2, 1]], [56, 2], [62, 2], [68, 1], [95, 0]]",[3.5107518609454766e-06]
layer_4,583,"[[25, [7, 7, 1, 1, 1]], [27, [4, 1, 1, 1, 2]], [29, [1, 4, 1]], [56, 2], [62, 2], [68, 3], [95, 4]]",[3.0956820546750473e-06]
layer_4,584,"[[25, [7, 7, 1, 1, 1]], [27, [4, 1, 1, 1, 2]], [29, [1, 4, 1]], [56, 2], [62, 1], [68, 3], [95, 4]]",[2.9307820164870007e-06]
layer_4,585,"[[25, [49, 1, 1, 1, 1]], [27, [2, 2, 1, 2, 1]], [29, [4, 1, 1]], [56, 2], [62, 1], [68, 1], [95, 1]]",[2.9150913349476113e-06]
layer_4,586,"[[25, [49, 1, 1, 1, 1]], [27, [2, 2, 1, 1, 2]], [29, [1, 2, 2]], [56, 2], [62, 0], [68, 3], [95, 1]]",[2.9102062241917617e-06]
layer_4,587,"[[25, [49, 1, 1, 1, 1]], [27, [2, 2, 1, 1, 2]], [29, [1, 1, 4]], [56, 2], [62, 0], [68, 3], [95, 1]]",[3.30697689927546e-06]
layer_4,588,"[[25, [49, 1, 1, 1, 1]], [27, [2, 2, 1, 2, 1]], [29, [1, 2, 2]], [56, 2], [62, 1], [68, 2], [95, 1]]",[3.706676781370868e-06]
layer_4,589,"[[25, [49, 1, 1, 1, 1]], [27, [2, 2, 1, 2, 1]], [29, [1, 4, 1]], [56, 2], [62, 1], [68, 2], [95, 1]]",[3.220680345257904e-06]
layer_4,590,"[[25, [49, 1, 1, 1, 1]], [27, [1, 2, 1, 4, 1]], [29, [1, 2, 2]], [56, 2], [62, 2], [68, 1], [95, 1]]",[3.0299921889191644e-06]
layer_4,591,"[[25, [49, 1, 1, 1, 1]], [27, [1, 2, 2, 2, 1]], [29, [1, 1, 4]], [56, 2], [62, 0], [68, 3], [95, 4]]",[3.07209291057206e-06]
layer_4,592,"[[25, [7, 7, 1, 1, 1]], [27, [1, 4, 1, 1, 2]], [29, [4, 1, 1]], [56, 2], [62, 0], [68, 0], [95, 2]]",[3.4374956770716365e-06]
layer_4,593,"[[25, [7, 7, 1, 1, 1]], [27, [1, 4, 1, 1, 2]], [29, [4, 1, 1]], [56, 1], [62, 0], [68, 1], [95, 2]]",[3.6046900300849235e-06]
layer_4,594,"[[25, [7, 7, 1, 1, 1]], [27, [4, 1, 1, 2, 1]], [29, [4, 1, 1]], [56, 2], [62, 0], [68, 0], [95, 0]]",[3.0317594416091265e-06]
layer_4,595,"[[25, [7, 7, 1, 1, 1]], [27, [4, 1, 1, 1, 2]], [29, [1, 2, 2]], [56, 2], [62, 2], [68, 1], [95, 4]]",[3.433501314285714e-06]
layer_4,596,"[[25, [49, 1, 1, 1, 1]], [27, [2, 2, 1, 2, 1]], [29, [1, 1, 4]], [56, 2], [62, 0], [68, 3], [95, 2]]",[3.1943400522730877e-06]
layer_4,597,"[[25, [49, 1, 1, 1, 1]], [27, [1, 2, 1, 2, 2]], [29, [1, 2, 2]], [56, 1], [62, 2], [68, 1], [95, 1]]",[2.924860459084425e-06]
layer_4,598,"[[25, [7, 7, 1, 1, 1]], [27, [4, 1, 1, 1, 2]], [29, [1, 4, 1]], [56, 2], [62, 2], [68, 3], [95, 1]]",[3.152729821272607e-06]
layer_4,599,"[[25, [1, 49, 1, 1, 1]], [27, [4, 1, 1, 2, 1]], [29, [1, 2, 2]], [56, 2], [62, 2], [68, 1], [95, 2]]",[3.161867721120554e-06]
layer_4,600,"[[25, [7, 7, 1, 1, 1]], [27, [4, 1, 1, 2, 1]], [29, [1, 2, 2]], [56, 2], [62, 1], [68, 1], [95, 4]]",[3.1208165647934693e-06]
layer_4,601,"[[25, [7, 7, 1, 1, 1]], [27, [4, 1, 1, 1, 2]], [29, [1, 4, 1]], [56, 2], [62, 1], [68, 1], [95, 4]]",[3.4270186085265933e-06]
layer_4,602,"[[25, [1, 49, 1, 1, 1]], [27, [1, 4, 2, 1, 1]], [29, [1, 4, 1]], [56, 2], [62, 1], [68, 1], [95, 1]]",[2.8731003545584606e-06]
layer_4,603,"[[25, [1, 49, 1, 1, 1]], [27, [1, 4, 2, 1, 1]], [29, [1, 1, 4]], [56, 2], [62, 1], [68, 1], [95, 1]]",[2.8610892829900836e-06]
layer_4,604,"[[25, [1, 49, 1, 1, 1]], [27, [1, 4, 2, 1, 1]], [29, [1, 2, 2]], [56, 2], [62, 1], [68, 1], [95, 1]]",[3.210384025176083e-06]
layer_4,605,"[[25, [7, 7, 1, 1, 1]], [27, [1, 4, 1, 2, 1]], [29, [1, 1, 4]], [56, 2], [62, 1], [68, 3], [95, 2]]",[3.155814311301008e-06]
layer_4,606,"[[25, [1, 49, 1, 1, 1]], [27, [4, 1, 1, 2, 1]], [29, [1, 2, 2]], [56, 2], [62, 2], [68, 3], [95, 2]]",[4.2060634630895275e-06]
layer_4,607,"[[25, [7, 7, 1, 1, 1]], [27, [2, 2, 1, 2, 1]], [29, [1, 2, 2]], [56, 2], [62, 2], [68, 0], [95, 2]]",[3.1630891512595105e-06]
layer_4,608,"[[25, [7, 7, 1, 1, 1]], [27, [1, 4, 1, 2, 1]], [29, [4, 1, 1]], [56, 1], [62, 0], [68, 1], [95, 1]]",[3.3382104763351823e-06]
layer_4,609,"[[25, [1, 49, 1, 1, 1]], [27, [4, 1, 1, 1, 2]], [29, [1, 4, 1]], [56, 2], [62, 2], [68, 1], [95, 3]]",[3.0551407031910052e-06]
layer_4,610,"[[25, [1, 49, 1, 1, 1]], [27, [1, 4, 2, 1, 1]], [29, [4, 1, 1]], [56, 2], [62, 1], [68, 1], [95, 1]]",[3.396145356075697e-06]
layer_4,611,"[[25, [49, 1, 1, 1, 1]], [27, [1, 4, 1, 1, 2]], [29, [1, 4, 1]], [56, 2], [62, 1], [68, 3], [95, 1]]",[3.1186084775185517e-06]
layer_4,612,"[[25, [49, 1, 1, 1, 1]], [27, [1, 4, 1, 2, 1]], [29, [1, 2, 2]], [56, 2], [62, 1], [68, 3], [95, 1]]",[3.5945278841602476e-06]
layer_4,613,"[[25, [49, 1, 1, 1, 1]], [27, [1, 4, 1, 2, 1]], [29, [1, 4, 1]], [56, 2], [62, 1], [68, 3], [95, 1]]",[3.2665923950127163e-06]
layer_4,614,"[[25, [1, 49, 1, 1, 1]], [27, [1, 4, 1, 1, 2]], [29, [1, 2, 2]], [56, 2], [62, 0], [68, 2], [95, 2]]",[3.499286261045759e-06]
layer_4,615,"[[25, [1, 49, 1, 1, 1]], [27, [4, 1, 2, 1, 1]], [29, [2, 2, 1]], [56, 2], [62, 1], [68, 2], [95, 4]]",[3.4838542916257398e-06]
layer_4,616,"[[25, [1, 49, 1, 1, 1]], [27, [4, 1, 1, 2, 1]], [29, [2, 1, 2]], [56, 2], [62, 2], [68, 0], [95, 4]]",[3.400939221145778e-06]
layer_4,617,"[[25, [7, 7, 1, 1, 1]], [27, [4, 1, 1, 1, 2]], [29, [1, 4, 1]], [56, 2], [62, 2], [68, 3], [95, 3]]",[3.1801969056851283e-06]
layer_4,618,"[[25, [7, 7, 1, 1, 1]], [27, [1, 4, 1, 2, 1]], [29, [1, 2, 2]], [56, 2], [62, 0], [68, 3], [95, 2]]",[2.965354109729936e-06]
layer_4,619,"[[25, [7, 7, 1, 1, 1]], [27, [1, 4, 1, 1, 2]], [29, [1, 1, 4]], [56, 2], [62, 0], [68, 3], [95, 2]]",[3.7211991730557465e-06]
layer_4,620,"[[25, [1, 49, 1, 1, 1]], [27, [1, 2, 4, 1, 1]], [29, [2, 2, 1]], [56, 1], [62, 2], [68, 1], [95, 4]]",[3.0706597017645094e-06]
layer_4,621,"[[25, [7, 7, 1, 1, 1]], [27, [2, 1, 1, 4, 1]], [29, [1, 2, 2]], [56, 2], [62, 2], [68, 1], [95, 1]]",[3.0852029725820843e-06]
layer_4,622,"[[25, [1, 49, 1, 1, 1]], [27, [1, 2, 4, 1, 1]], [29, [1, 1, 4]], [56, 2], [62, 1], [68, 2], [95, 4]]",[3.0207565093068653e-06]
layer_4,623,"[[25, [49, 1, 1, 1, 1]], [27, [2, 2, 1, 1, 2]], [29, [1, 2, 2]], [56, 2], [62, 0], [68, 1], [95, 4]]",[3.342603425356888e-06]
layer_4,624,"[[25, [49, 1, 1, 1, 1]], [27, [2, 2, 1, 1, 2]], [29, [1, 4, 1]], [56, 2], [62, 0], [68, 1], [95, 4]]",[2.972397220312142e-06]
layer_4,625,"[[25, [1, 49, 1, 1, 1]], [27, [1, 4, 2, 1, 1]], [29, [1, 4, 1]], [56, 2], [62, 1], [68, 2], [95, 1]]",[3.3826424528482894e-06]
layer_4,626,"[[25, [49, 1, 1, 1, 1]], [27, [2, 2, 1, 2, 1]], [29, [1, 2, 2]], [56, 2], [62, 0], [68, 1], [95, 1]]",[3.729748650168729e-06]
layer_4,627,"[[25, [49, 1, 1, 1, 1]], [27, [2, 2, 1, 1, 2]], [29, [1, 1, 4]], [56, 2], [62, 0], [68, 1], [95, 1]]",[3.099788749976358e-06]
layer_4,628,"[[25, [7, 7, 1, 1, 1]], [27, [4, 1, 1, 1, 2]], [29, [4, 1, 1]], [56, 2], [62, 1], [68, 0], [95, 0]]",[3.167369393969158e-06]
layer_4,629,"[[25, [1, 49, 1, 1, 1]], [27, [4, 1, 2, 1, 1]], [29, [1, 2, 2]], [56, 2], [62, 1], [68, 1], [95, 1]]",[3.0362551506946083e-06]
layer_4,630,"[[25, [7, 7, 1, 1, 1]], [27, [4, 1, 1, 2, 1]], [29, [1, 2, 2]], [56, 2], [62, 1], [68, 3], [95, 1]]",[2.9476937831015196e-06]
layer_4,631,"[[25, [7, 7, 1, 1, 1]], [27, [4, 1, 1, 1, 2]], [29, [1, 2, 2]], [56, 2], [62, 1], [68, 3], [95, 1]]",[3.4748060186760426e-06]
layer_4,632,"[[25, [7, 7, 1, 1, 1]], [27, [4, 1, 1, 1, 2]], [29, [1, 1, 4]], [56, 2], [62, 1], [68, 3], [95, 1]]",[2.982203982745376e-06]
layer_4,633,"[[25, [49, 1, 1, 1, 1]], [27, [1, 2, 1, 2, 2]], [29, [1, 2, 2]], [56, 2], [62, 2], [68, 2], [95, 1]]",[2.974389654730912e-06]
layer_4,634,"[[25, [1, 49, 1, 1, 1]], [27, [1, 4, 2, 1, 1]], [29, [1, 2, 2]], [56, 2], [62, 2], [68, 1], [95, 1]]",[3.217611539034011e-06]
layer_4,635,"[[25, [7, 7, 1, 1, 1]], [27, [4, 1, 1, 1, 2]], [29, [1, 1, 4]], [56, 2], [62, 1], [68, 2], [95, 1]]",[2.9354610418612205e-06]
layer_4,636,"[[25, [49, 1, 1, 1, 1]], [27, [1, 4, 1, 1, 2]], [29, [1, 4, 1]], [56, 2], [62, 2], [68, 3], [95, 1]]",[3.3145043190624707e-06]
layer_4,637,"[[25, [1, 7, 1, 7, 1]], [27, [2, 1, 4, 1, 1]], [29, [2, 1, 2]], [56, 1], [62, 1], [68, 3], [95, 0]]",[4.8090404905025245e-06]
layer_4,638,"[[25, [1, 49, 1, 1, 1]], [27, [1, 1, 1, 4, 2]], [29, [1, 4, 1]], [56, 2], [62, 1], [68, 2], [95, 4]]",[3.417058021990196e-06]
layer_4,639,"[[25, [7, 1, 1, 7, 1]], [27, [2, 1, 2, 2, 1]], [29, [4, 1, 1]], [56, 2], [62, 1], [68, 3], [95, 0]]",[4.387829272263526e-06]
layer_4,640,"[[25, [1, 49, 1, 1, 1]], [27, [1, 2, 2, 1, 2]], [29, [1, 4, 1]], [56, 1], [62, 1], [68, 3], [95, 4]]",[2.960718921442745e-06]
layer_4,641,"[[25, [1, 49, 1, 1, 1]], [27, [4, 1, 2, 1, 1]], [29, [1, 1, 4]], [56, 2], [62, 1], [68, 1], [95, 4]]",[3.822056693038603e-06]
layer_4,642,"[[25, [49, 1, 1, 1, 1]], [27, [1, 2, 1, 1, 4]], [29, [1, 2, 2]], [56, 2], [62, 2], [68, 1], [95, 1]]",[3.2929101150115868e-06]
layer_4,643,"[[25, [49, 1, 1, 1, 1]], [27, [1, 2, 1, 1, 4]], [29, [1, 1, 4]], [56, 2], [62, 2], [68, 1], [95, 1]]",[3.4589957458177484e-06]
layer_4,644,"[[25, [49, 1, 1, 1, 1]], [27, [1, 2, 1, 1, 4]], [29, [1, 4, 1]], [56, 2], [62, 2], [68, 1], [95, 1]]",[3.826287747917589e-06]
layer_4,645,"[[25, [49, 1, 1, 1, 1]], [27, [1, 2, 2, 1, 2]], [29, [1, 4, 1]], [56, 2], [62, 0], [68, 1], [95, 4]]",[3.176481771144279e-06]
layer_4,646,"[[25, [7, 7, 1, 1, 1]], [27, [4, 1, 1, 2, 1]], [29, [4, 1, 1]], [56, 2], [62, 1], [68, 1], [95, 0]]",[3.4132314820245142e-06]
layer_4,647,"[[25, [49, 1, 1, 1, 1]], [27, [1, 2, 2, 1, 2]], [29, [1, 4, 1]], [56, 2], [62, 0], [68, 3], [95, 4]]",[3.1477675503841214e-06]
layer_4,648,"[[25, [1, 49, 1, 1, 1]], [27, [4, 1, 2, 1, 1]], [29, [1, 1, 4]], [56, 2], [62, 2], [68, 2], [95, 4]]",[3.302946281854234e-06]
layer_4,649,"[[25, [1, 49, 1, 1, 1]], [27, [1, 4, 1, 1, 2]], [29, [1, 4, 1]], [56, 2], [62, 1], [68, 2], [95, 4]]",[2.929354326977749e-06]
layer_4,650,"[[25, [1, 49, 1, 1, 1]], [27, [4, 1, 1, 1, 2]], [29, [1, 2, 2]], [56, 2], [62, 2], [68, 2], [95, 4]]",[3.03949995500225e-06]
layer_4,651,"[[25, [1, 49, 1, 1, 1]], [27, [1, 2, 2, 2, 1]], [29, [1, 4, 1]], [56, 2], [62, 1], [68, 3], [95, 4]]",[3.0068397166526595e-06]
layer_4,652,"[[25, [49, 1, 1, 1, 1]], [27, [1, 2, 2, 1, 2]], [29, [1, 4, 1]], [56, 2], [62, 0], [68, 2], [95, 4]]",[2.9326752202844877e-06]
layer_4,653,"[[25, [1, 49, 1, 1, 1]], [27, [4, 1, 1, 1, 2]], [29, [1, 1, 4]], [56, 2], [62, 1], [68, 2], [95, 2]]",[3.043005115397346e-06]
layer_4,654,"[[25, [7, 7, 1, 1, 1]], [27, [4, 1, 1, 1, 2]], [29, [4, 1, 1]], [56, 2], [62, 2], [68, 1], [95, 2]]",[3.879069384282179e-06]
layer_4,655,"[[25, [1, 49, 1, 1, 1]], [27, [4, 1, 1, 2, 1]], [29, [1, 4, 1]], [56, 2], [62, 2], [68, 1], [95, 4]]",[3.526727020870529e-06]
layer_4,656,"[[25, [49, 1, 1, 1, 1]], [27, [1, 4, 1, 2, 1]], [29, [1, 2, 2]], [56, 2], [62, 1], [68, 3], [95, 4]]",[3.726534994324187e-06]
layer_4,657,"[[25, [1, 49, 1, 1, 1]], [27, [4, 1, 2, 1, 1]], [29, [1, 1, 4]], [56, 2], [62, 1], [68, 2], [95, 1]]",[3.1541598872245185e-06]
layer_4,658,"[[25, [7, 7, 1, 1, 1]], [27, [4, 1, 1, 1, 2]], [29, [4, 1, 1]], [56, 2], [62, 0], [68, 1], [95, 0]]",[3.7114768098545817e-06]
layer_4,659,"[[25, [1, 49, 1, 1, 1]], [27, [1, 2, 2, 1, 2]], [29, [1, 4, 1]], [56, 1], [62, 1], [68, 1], [95, 4]]",[3.826572073897014e-06]
layer_4,660,"[[25, [49, 1, 1, 1, 1]], [27, [1, 2, 2, 1, 2]], [29, [1, 4, 1]], [56, 1], [62, 0], [68, 3], [95, 4]]",[3.268698377236631e-06]
layer_4,661,"[[25, [49, 1, 1, 1, 1]], [27, [2, 2, 1, 1, 2]], [29, [1, 4, 1]], [56, 2], [62, 0], [68, 3], [95, 4]]",[3.1662133629520996e-06]
layer_4,662,"[[25, [1, 49, 1, 1, 1]], [27, [4, 1, 1, 2, 1]], [29, [1, 2, 2]], [56, 2], [62, 2], [68, 2], [95, 2]]",[3.2487322827902194e-06]
layer_4,663,"[[25, [7, 7, 1, 1, 1]], [27, [1, 4, 1, 2, 1]], [29, [1, 2, 2]], [56, 2], [62, 2], [68, 3], [95, 4]]",[3.0588826682008115e-06]
layer_4,664,"[[25, [7, 7, 1, 1, 1]], [27, [1, 4, 1, 1, 2]], [29, [1, 1, 4]], [56, 2], [62, 2], [68, 3], [95, 4]]",[3.1319843367250803e-06]
layer_4,665,"[[25, [7, 7, 1, 1, 1]], [27, [4, 1, 1, 2, 1]], [29, [1, 4, 1]], [56, 2], [62, 2], [68, 3], [95, 2]]",[3.7815980727448292e-06]
layer_4,666,"[[25, [7, 7, 1, 1, 1]], [27, [4, 1, 1, 1, 2]], [29, [1, 2, 2]], [56, 2], [62, 1], [68, 1], [95, 1]]",[3.21011094844714e-06]
layer_4,667,"[[25, [7, 7, 1, 1, 1]], [27, [4, 1, 1, 1, 2]], [29, [1, 1, 4]], [56, 2], [62, 1], [68, 1], [95, 1]]",[3.183488643485402e-06]
layer_4,668,"[[25, [49, 1, 1, 1, 1]], [27, [2, 2, 1, 2, 1]], [29, [4, 1, 1]], [56, 2], [62, 0], [68, 1], [95, 3]]",[3.3172101253057945e-06]
layer_4,669,"[[25, [7, 7, 1, 1, 1]], [27, [4, 1, 1, 1, 2]], [29, [1, 4, 1]], [56, 2], [62, 1], [68, 3], [95, 1]]",[3.625283534528005e-06]
layer_4,670,"[[25, [7, 7, 1, 1, 1]], [27, [4, 1, 1, 2, 1]], [29, [1, 4, 1]], [56, 2], [62, 1], [68, 3], [95, 1]]",[3.336996715106161e-06]
layer_4,671,"[[25, [1, 49, 1, 1, 1]], [27, [1, 4, 1, 1, 2]], [29, [1, 4, 1]], [56, 2], [62, 0], [68, 2], [95, 4]]",[2.9242599011939064e-06]
layer_4,672,"[[25, [1, 49, 1, 1, 1]], [27, [1, 4, 1, 1, 2]], [29, [1, 2, 2]], [56, 2], [62, 0], [68, 2], [95, 4]]",[3.012456241329437e-06]
layer_4,673,"[[25, [1, 49, 1, 1, 1]], [27, [4, 1, 1, 1, 2]], [29, [1, 2, 2]], [56, 2], [62, 2], [68, 1], [95, 3]]",[3.5304951860997216e-06]
layer_4,674,"[[25, [7, 7, 1, 1, 1]], [27, [4, 1, 1, 1, 2]], [29, [4, 1, 1]], [56, 1], [62, 2], [68, 1], [95, 3]]",[3.490637825962365e-06]
layer_4,675,"[[25, [1, 49, 1, 1, 1]], [27, [4, 1, 1, 1, 2]], [29, [1, 2, 2]], [56, 2], [62, 1], [68, 1], [95, 2]]",[3.16846117274168e-06]
layer_4,676,"[[25, [7, 7, 1, 1, 1]], [27, [4, 1, 1, 1, 2]], [29, [1, 2, 2]], [56, 2], [62, 1], [68, 3], [95, 2]]",[3.2307200793650796e-06]
layer_4,677,"[[25, [7, 7, 1, 1, 1]], [27, [4, 1, 1, 2, 1]], [29, [4, 1, 1]], [56, 2], [62, 0], [68, 1], [95, 1]]",[3.3250879897361264e-06]
layer_4,678,"[[25, [7, 7, 1, 1, 1]], [27, [4, 1, 1, 1, 2]], [29, [4, 1, 1]], [56, 1], [62, 2], [68, 1], [95, 0]]",[3.6635197961734444e-06]
layer_4,679,"[[25, [7, 7, 1, 1, 1]], [27, [2, 1, 1, 2, 2]], [29, [1, 1, 4]], [56, 2], [62, 1], [68, 1], [95, 1]]",[2.922285311199901e-06]
layer_4,680,"[[25, [7, 7, 1, 1, 1]], [27, [4, 1, 1, 1, 2]], [29, [1, 2, 2]], [56, 2], [62, 2], [68, 2], [95, 2]]",[3.303686318925758e-06]
layer_4,681,"[[25, [7, 7, 1, 1, 1]], [27, [4, 1, 1, 2, 1]], [29, [1, 2, 2]], [56, 2], [62, 2], [68, 2], [95, 2]]",[3.158916209305226e-06]
layer_4,682,"[[25, [49, 1, 1, 1, 1]], [27, [2, 2, 1, 1, 2]], [29, [1, 1, 4]], [56, 2], [62, 0], [68, 1], [95, 4]]",[3.084087205125995e-06]
layer_4,683,"[[25, [7, 7, 1, 1, 1]], [27, [1, 4, 1, 2, 1]], [29, [1, 2, 2]], [56, 2], [62, 1], [68, 3], [95, 4]]",[3.5532954579107136e-06]
layer_4,684,"[[25, [7, 7, 1, 1, 1]], [27, [1, 4, 1, 1, 2]], [29, [1, 1, 4]], [56, 2], [62, 1], [68, 3], [95, 4]]",[3.132866561291128e-06]
layer_4,685,"[[25, [49, 1, 1, 1, 1]], [27, [2, 2, 1, 1, 2]], [29, [1, 1, 4]], [56, 2], [62, 0], [68, 2], [95, 4]]",[3.5316899197631847e-06]
layer_4,686,"[[25, [7, 7, 1, 1, 1]], [27, [4, 1, 1, 2, 1]], [29, [4, 1, 1]], [56, 2], [62, 2], [68, 1], [95, 1]]",[2.9584875278888864e-06]
layer_4,687,"[[25, [7, 7, 1, 1, 1]], [27, [4, 1, 1, 2, 1]], [29, [1, 4, 1]], [56, 1], [62, 2], [68, 3], [95, 2]]",[3.425079212070411e-06]
layer_4,688,"[[25, [49, 1, 1, 1, 1]], [27, [1, 2, 2, 2, 1]], [29, [1, 1, 4]], [56, 2], [62, 0], [68, 2], [95, 2]]",[3.675077195003277e-06]
layer_4,689,"[[25, [7, 7, 1, 1, 1]], [27, [4, 1, 1, 2, 1]], [29, [4, 1, 1]], [56, 2], [62, 1], [68, 0], [95, 0]]",[3.2620202556220675e-06]
layer_4,690,"[[25, [7, 7, 1, 1, 1]], [27, [4, 1, 1, 2, 1]], [29, [1, 1, 4]], [56, 2], [62, 2], [68, 0], [95, 4]]",[6.005945175660626e-06]
layer_4,691,"[[25, [7, 7, 1, 1, 1]], [27, [4, 1, 1, 1, 2]], [29, [1, 1, 4]], [56, 2], [62, 2], [68, 0], [95, 4]]",[3.298785773574465e-06]
layer_4,692,"[[25, [7, 7, 1, 1, 1]], [27, [4, 1, 1, 1, 2]], [29, [1, 1, 4]], [56, 2], [62, 1], [68, 3], [95, 3]]",[3.5404052234619464e-06]
layer_4,693,"[[25, [7, 7, 1, 1, 1]], [27, [4, 1, 1, 1, 2]], [29, [1, 1, 4]], [56, 1], [62, 2], [68, 3], [95, 4]]",[3.503899569768188e-06]
layer_4,694,"[[25, [7, 7, 1, 1, 1]], [27, [4, 1, 1, 2, 1]], [29, [1, 1, 4]], [56, 1], [62, 2], [68, 3], [95, 4]]",[3.2977554467256857e-06]
layer_4,695,"[[25, [7, 7, 1, 1, 1]], [27, [4, 1, 1, 2, 1]], [29, [1, 4, 1]], [56, 1], [62, 2], [68, 3], [95, 4]]",[3.2517271762649795e-06]
layer_4,696,"[[25, [7, 7, 1, 1, 1]], [27, [4, 1, 1, 2, 1]], [29, [1, 4, 1]], [56, 2], [62, 1], [68, 0], [95, 4]]",[3.225504543207999e-06]
layer_4,697,"[[25, [49, 1, 1, 1, 1]], [27, [1, 4, 1, 1, 2]], [29, [4, 1, 1]], [56, 2], [62, 0], [68, 1], [95, 1]]",[3.3812922921735004e-06]
layer_4,698,"[[25, [1, 49, 1, 1, 1]], [27, [4, 1, 2, 1, 1]], [29, [1, 2, 2]], [56, 2], [62, 1], [68, 2], [95, 2]]",[3.096732115794118e-06]
layer_4,699,"[[25, [1, 49, 1, 1, 1]], [27, [4, 1, 2, 1, 1]], [29, [1, 1, 4]], [56, 2], [62, 1], [68, 2], [95, 2]]",[3.5349496620732033e-06]
layer_4,700,"[[25, [1, 49, 1, 1, 1]], [27, [4, 1, 2, 1, 1]], [29, [1, 4, 1]], [56, 2], [62, 1], [68, 2], [95, 2]]",[3.1726756291473644e-06]
layer_4,701,"[[25, [7, 7, 1, 1, 1]], [27, [2, 2, 1, 1, 2]], [29, [1, 4, 1]], [56, 0], [62, 1], [68, 2], [95, 4]]",[4.010831132868516e-06]
layer_4,702,"[[25, [1, 7, 7, 1, 1]], [27, [1, 4, 1, 2, 1]], [29, [1, 4, 1]], [56, 2], [62, 1], [68, 2], [95, 0]]",[4.967849726775956e-06]
layer_4,703,"[[25, [7, 1, 7, 1, 1]], [27, [1, 1, 1, 4, 2]], [29, [1, 2, 2]], [56, 2], [62, 0], [68, 1], [95, 3]]",[1.0313003987089426e-05]
layer_4,704,"[[25, [1, 49, 1, 1, 1]], [27, [1, 4, 1, 1, 2]], [29, [1, 4, 1]], [56, 2], [62, 2], [68, 2], [95, 4]]",[2.9866441197483354e-06]
layer_4,705,"[[25, [1, 49, 1, 1, 1]], [27, [1, 4, 1, 1, 2]], [29, [1, 1, 4]], [56, 2], [62, 2], [68, 2], [95, 4]]",[3.1976938740556076e-06]
layer_4,706,"[[25, [1, 49, 1, 1, 1]], [27, [1, 4, 1, 1, 2]], [29, [1, 1, 4]], [56, 2], [62, 1], [68, 2], [95, 4]]",[3.432798232410945e-06]
layer_4,707,"[[25, [1, 49, 1, 1, 1]], [27, [1, 4, 2, 1, 1]], [29, [1, 4, 1]], [56, 1], [62, 1], [68, 1], [95, 1]]",[3.671779999579027e-06]
layer_4,708,"[[25, [1, 49, 1, 1, 1]], [27, [1, 2, 2, 2, 1]], [29, [1, 1, 4]], [56, 2], [62, 1], [68, 2], [95, 4]]",[3.346722410742167e-06]
layer_4,709,"[[25, [1, 49, 1, 1, 1]], [27, [1, 2, 2, 1, 2]], [29, [1, 2, 2]], [56, 2], [62, 1], [68, 2], [95, 4]]",[3.081424223048903e-06]
layer_4,710,"[[25, [1, 49, 1, 1, 1]], [27, [1, 2, 2, 1, 2]], [29, [1, 4, 1]], [56, 2], [62, 1], [68, 2], [95, 4]]",[3.635401042785448e-06]
layer_4,711,"[[25, [1, 49, 1, 1, 1]], [27, [1, 2, 2, 1, 2]], [29, [1, 1, 4]], [56, 2], [62, 1], [68, 2], [95, 4]]",[3.452908323599231e-06]
layer_4,712,"[[25, [1, 49, 1, 1, 1]], [27, [2, 2, 2, 1, 1]], [29, [1, 4, 1]], [56, 2], [62, 1], [68, 2], [95, 4]]",[3.226988905708481e-06]
layer_4,713,"[[25, [1, 49, 1, 1, 1]], [27, [1, 2, 2, 1, 2]], [29, [1, 2, 2]], [56, 1], [62, 1], [68, 3], [95, 4]]",[2.884320954274354e-06]
layer_4,714,"[[25, [1, 49, 1, 1, 1]], [27, [1, 4, 1, 1, 2]], [29, [2, 1, 2]], [56, 2], [62, 1], [68, 2], [95, 4]]",[3.5657005896608974e-06]
layer_4,715,"[[25, [49, 1, 1, 1, 1]], [27, [1, 2, 2, 1, 2]], [29, [1, 1, 4]], [56, 2], [62, 0], [68, 2], [95, 4]]",[3.2472259062409167e-06]
layer_4,716,"[[25, [1, 49, 1, 1, 1]], [27, [2, 1, 4, 1, 1]], [29, [1, 2, 2]], [56, 1], [62, 1], [68, 2], [95, 4]]",[2.9005138241491606e-06]
layer_4,717,"[[25, [1, 49, 1, 1, 1]], [27, [1, 2, 2, 2, 1]], [29, [1, 2, 2]], [56, 2], [62, 1], [68, 3], [95, 4]]",[3.0222849830883893e-06]
layer_4,718,"[[25, [1, 49, 1, 1, 1]], [27, [4, 1, 2, 1, 1]], [29, [1, 1, 4]], [56, 2], [62, 1], [68, 2], [95, 4]]",[3.113519081370516e-06]
layer_4,719,"[[25, [1, 49, 1, 1, 1]], [27, [2, 1, 4, 1, 1]], [29, [1, 1, 4]], [56, 1], [62, 1], [68, 3], [95, 4]]",[3.405331813123666e-06]
layer_4,720,"[[25, [1, 49, 1, 1, 1]], [27, [2, 1, 4, 1, 1]], [29, [1, 2, 2]], [56, 1], [62, 1], [68, 3], [95, 4]]",[3.634991297767688e-06]
layer_4,721,"[[25, [49, 1, 1, 1, 1]], [27, [1, 2, 2, 2, 1]], [29, [1, 4, 1]], [56, 2], [62, 1], [68, 2], [95, 4]]",[3.155192388247262e-06]
layer_4,722,"[[25, [1, 49, 1, 1, 1]], [27, [1, 4, 2, 1, 1]], [29, [1, 4, 1]], [56, 2], [62, 1], [68, 1], [95, 2]]",[3.066327045639249e-06]
layer_4,723,"[[25, [49, 1, 1, 1, 1]], [27, [1, 2, 2, 2, 1]], [29, [1, 4, 1]], [56, 2], [62, 1], [68, 3], [95, 4]]",[3.1392045870999268e-06]
layer_4,724,"[[25, [1, 49, 1, 1, 1]], [27, [2, 2, 2, 1, 1]], [29, [1, 2, 2]], [56, 2], [62, 1], [68, 3], [95, 4]]",[3.5045632381607615e-06]
layer_4,725,"[[25, [7, 1, 7, 1, 1]], [27, [2, 4, 1, 1, 1]], [29, [2, 1, 2]], [56, 2], [62, 2], [68, 1], [95, 2]]",[3.357929504680187e-06]
layer_4,726,"[[25, [49, 1, 1, 1, 1]], [27, [2, 2, 1, 1, 2]], [29, [1, 4, 1]], [56, 2], [62, 0], [68, 3], [95, 1]]",[3.4826567358256043e-06]
layer_4,727,"[[25, [1, 49, 1, 1, 1]], [27, [4, 1, 1, 2, 1]], [29, [1, 2, 2]], [56, 2], [62, 1], [68, 2], [95, 2]]",[3.527979447381886e-06]
layer_4,728,"[[25, [1, 49, 1, 1, 1]], [27, [4, 1, 1, 2, 1]], [29, [1, 1, 4]], [56, 2], [62, 1], [68, 2], [95, 2]]",[3.323345539112051e-06]
layer_4,729,"[[25, [7, 7, 1, 1, 1]], [27, [1, 4, 1, 1, 2]], [29, [1, 4, 1]], [56, 2], [62, 2], [68, 2], [95, 4]]",[3.210508725447229e-06]
layer_4,730,"[[25, [7, 7, 1, 1, 1]], [27, [2, 1, 1, 4, 1]], [29, [1, 2, 2]], [56, 2], [62, 2], [68, 3], [95, 4]]",[3.483210611188533e-06]
layer_4,731,"[[25, [1, 49, 1, 1, 1]], [27, [1, 2, 2, 2, 1]], [29, [2, 2, 1]], [56, 1], [62, 1], [68, 1], [95, 4]]",[3.837334581510422e-06]
layer_4,732,"[[25, [49, 1, 1, 1, 1]], [27, [2, 2, 1, 1, 2]], [29, [1, 4, 1]], [56, 2], [62, 0], [68, 2], [95, 1]]",[3.3362155268022183e-06]
layer_4,733,"[[25, [1, 49, 1, 1, 1]], [27, [1, 2, 4, 1, 1]], [29, [2, 1, 2]], [56, 1], [62, 2], [68, 3], [95, 4]]",[2.996103827143059e-06]
layer_4,734,"[[25, [7, 1, 7, 1, 1]], [27, [4, 2, 1, 1, 1]], [29, [2, 2, 1]], [56, 2], [62, 2], [68, 1], [95, 2]]",[3.2067318513503343e-06]
layer_4,735,"[[25, [7, 7, 1, 1, 1]], [27, [2, 1, 1, 2, 2]], [29, [1, 4, 1]], [56, 1], [62, 1], [68, 1], [95, 1]]",[2.959156471761187e-06]
layer_4,736,"[[25, [7, 7, 1, 1, 1]], [27, [2, 1, 1, 2, 2]], [29, [1, 2, 2]], [56, 1], [62, 2], [68, 1], [95, 1]]",[3.1696576768971054e-06]
layer_4,737,"[[25, [7, 7, 1, 1, 1]], [27, [2, 1, 1, 2, 2]], [29, [1, 2, 2]], [56, 1], [62, 1], [68, 2], [95, 1]]",[3.2572192366607097e-06]
layer_4,738,"[[25, [49, 1, 1, 1, 1]], [27, [1, 4, 1, 1, 2]], [29, [1, 1, 4]], [56, 2], [62, 2], [68, 1], [95, 4]]",[3.6282008563789007e-06]
layer_4,739,"[[25, [1, 49, 1, 1, 1]], [27, [2, 1, 4, 1, 1]], [29, [1, 1, 4]], [56, 1], [62, 2], [68, 2], [95, 2]]",[3.0664031600015395e-06]
layer_4,740,"[[25, [7, 7, 1, 1, 1]], [27, [2, 1, 1, 1, 4]], [29, [1, 4, 1]], [56, 2], [62, 1], [68, 3], [95, 4]]",[2.867140991900769e-06]
layer_4,741,"[[25, [49, 1, 1, 1, 1]], [27, [1, 2, 1, 2, 2]], [29, [1, 4, 1]], [56, 2], [62, 2], [68, 2], [95, 1]]",[3.3107062086453506e-06]
layer_4,742,"[[25, [1, 49, 1, 1, 1]], [27, [2, 1, 4, 1, 1]], [29, [1, 1, 4]], [56, 1], [62, 2], [68, 3], [95, 4]]",[3.2978137082601058e-06]
layer_4,743,"[[25, [1, 49, 1, 1, 1]], [27, [1, 4, 1, 2, 1]], [29, [2, 2, 1]], [56, 2], [62, 1], [68, 3], [95, 4]]",[3.149618405096914e-06]
layer_4,744,"[[25, [49, 1, 1, 1, 1]], [27, [1, 2, 1, 2, 2]], [29, [1, 2, 2]], [56, 1], [62, 2], [68, 1], [95, 0]]",[3.254799221158527e-06]
layer_4,745,"[[25, [1, 49, 1, 1, 1]], [27, [2, 1, 1, 2, 2]], [29, [1, 1, 4]], [56, 2], [62, 2], [68, 2], [95, 2]]",[2.8794957637997436e-06]
layer_4,746,"[[25, [49, 1, 1, 1, 1]], [27, [2, 2, 1, 2, 1]], [29, [2, 1, 2]], [56, 2], [62, 1], [68, 1], [95, 1]]",[3.028340673703389e-06]
layer_4,747,"[[25, [1, 49, 1, 1, 1]], [27, [4, 1, 2, 1, 1]], [29, [1, 4, 1]], [56, 1], [62, 1], [68, 2], [95, 1]]",[2.989570343384234e-06]
layer_4,748,"[[25, [7, 7, 1, 1, 1]], [27, [4, 1, 1, 2, 1]], [29, [4, 1, 1]], [56, 2], [62, 2], [68, 0], [95, 1]]",[3.304776860892781e-06]
layer_4,749,"[[25, [7, 7, 1, 1, 1]], [27, [4, 1, 1, 2, 1]], [29, [1, 2, 2]], [56, 2], [62, 1], [68, 2], [95, 1]]",[2.9930217911241034e-06]
layer_4,750,"[[25, [7, 7, 1, 1, 1]], [27, [2, 1, 1, 2, 2]], [29, [1, 2, 2]], [56, 2], [62, 2], [68, 3], [95, 1]]",[3.514229468415864e-06]
layer_4,751,"[[25, [49, 1, 1, 1, 1]], [27, [1, 2, 1, 2, 2]], [29, [1, 1, 4]], [56, 2], [62, 2], [68, 1], [95, 1]]",[3.0898221723028355e-06]
layer_4,752,"[[25, [1, 49, 1, 1, 1]], [27, [4, 1, 1, 1, 2]], [29, [1, 4, 1]], [56, 2], [62, 1], [68, 1], [95, 2]]",[3.0541999807284643e-06]
layer_4,753,"[[25, [49, 1, 1, 1, 1]], [27, [1, 2, 1, 2, 2]], [29, [1, 4, 1]], [56, 2], [62, 2], [68, 3], [95, 1]]",[3.095993165990497e-06]
layer_4,754,"[[25, [49, 1, 1, 1, 1]], [27, [1, 2, 1, 2, 2]], [29, [1, 1, 4]], [56, 2], [62, 2], [68, 3], [95, 1]]",[3.0678380680102276e-06]
layer_4,755,"[[25, [1, 49, 1, 1, 1]], [27, [1, 4, 2, 1, 1]], [29, [2, 1, 2]], [56, 2], [62, 1], [68, 2], [95, 4]]",[2.909936091621553e-06]
layer_4,756,"[[25, [1, 49, 1, 1, 1]], [27, [4, 1, 1, 1, 2]], [29, [1, 1, 4]], [56, 1], [62, 1], [68, 2], [95, 2]]",[3.016901290468644e-06]
layer_4,757,"[[25, [1, 49, 1, 1, 1]], [27, [4, 1, 2, 1, 1]], [29, [1, 2, 2]], [56, 1], [62, 1], [68, 1], [95, 1]]",[3.039611121038837e-06]
layer_4,758,"[[25, [7, 7, 1, 1, 1]], [27, [4, 1, 1, 2, 1]], [29, [1, 1, 4]], [56, 2], [62, 1], [68, 3], [95, 1]]",[3.3163016317722336e-06]
layer_4,759,"[[25, [1, 49, 1, 1, 1]], [27, [1, 2, 2, 1, 2]], [29, [1, 2, 2]], [56, 2], [62, 2], [68, 2], [95, 4]]",[2.908386257649397e-06]
layer_4,760,"[[25, [7, 7, 1, 1, 1]], [27, [2, 1, 1, 1, 4]], [29, [1, 1, 4]], [56, 2], [62, 1], [68, 1], [95, 0]]",[3.1753115330793747e-06]
layer_4,761,"[[25, [7, 7, 1, 1, 1]], [27, [4, 1, 1, 2, 1]], [29, [1, 4, 1]], [56, 2], [62, 2], [68, 2], [95, 4]]",[3.859217806590203e-06]
layer_4,762,"[[25, [7, 7, 1, 1, 1]], [27, [4, 1, 1, 2, 1]], [29, [1, 2, 2]], [56, 2], [62, 2], [68, 2], [95, 4]]",[4.66383286662933e-06]
layer_4,763,"[[25, [7, 7, 1, 1, 1]], [27, [4, 1, 1, 2, 1]], [29, [1, 1, 4]], [56, 2], [62, 2], [68, 2], [95, 4]]",[3.205261838835641e-06]
layer_4,764,"[[25, [1, 49, 1, 1, 1]], [27, [1, 4, 1, 1, 2]], [29, [2, 1, 2]], [56, 2], [62, 0], [68, 2], [95, 4]]",[3.352270993950248e-06]
layer_4,765,"[[25, [1, 7, 1, 7, 1]], [27, [2, 4, 1, 1, 1]], [29, [1, 4, 1]], [56, 0], [62, 1], [68, 2], [95, 0]]",[6.699029331011853e-06]
layer_4,766,"[[25, [1, 7, 1, 7, 1]], [27, [4, 1, 1, 1, 2]], [29, [2, 1, 2]], [56, 1], [62, 1], [68, 0], [95, 0]]",[4.814436530849132e-06]
layer_4,767,"[[25, [1, 49, 1, 1, 1]], [27, [2, 1, 2, 2, 1]], [29, [1, 4, 1]], [56, 2], [62, 2], [68, 1], [95, 1]]",[4.013828561116458e-06]
layer_4,768,"[[25, [1, 49, 1, 1, 1]], [27, [1, 2, 2, 1, 2]], [29, [1, 2, 2]], [56, 1], [62, 2], [68, 3], [95, 4]]",[2.968898819511908e-06]
layer_4,769,"[[25, [1, 49, 1, 1, 1]], [27, [1, 2, 2, 1, 2]], [29, [1, 4, 1]], [56, 2], [62, 2], [68, 3], [95, 4]]",[2.9873257492172355e-06]
layer_4,770,"[[25, [1, 49, 1, 1, 1]], [27, [1, 4, 2, 1, 1]], [29, [1, 2, 2]], [56, 2], [62, 1], [68, 1], [95, 4]]",[3.1664632634295375e-06]
layer_4,771,"[[25, [49, 1, 1, 1, 1]], [27, [2, 2, 1, 1, 2]], [29, [4, 1, 1]], [56, 2], [62, 0], [68, 1], [95, 1]]",[2.976305235577377e-06]
layer_4,772,"[[25, [1, 49, 1, 1, 1]], [27, [2, 1, 4, 1, 1]], [29, [1, 2, 2]], [56, 1], [62, 1], [68, 2], [95, 1]]",[2.9795838733540463e-06]
layer_4,773,"[[25, [1, 49, 1, 1, 1]], [27, [2, 1, 4, 1, 1]], [29, [1, 4, 1]], [56, 1], [62, 1], [68, 2], [95, 1]]",[2.9723683851447555e-06]
layer_4,774,"[[25, [1, 49, 1, 1, 1]], [27, [4, 1, 2, 1, 1]], [29, [1, 2, 2]], [56, 2], [62, 1], [68, 2], [95, 4]]",[3.1344793773607897e-06]
layer_4,775,"[[25, [1, 49, 1, 1, 1]], [27, [1, 4, 1, 2, 1]], [29, [1, 2, 2]], [56, 2], [62, 2], [68, 2], [95, 4]]",[3.193615986198965e-06]
layer_4,776,"[[25, [7, 7, 1, 1, 1]], [27, [4, 1, 1, 1, 2]], [29, [1, 1, 4]], [56, 2], [62, 1], [68, 3], [95, 4]]",[2.9976596124581514e-06]
layer_4,777,"[[25, [7, 7, 1, 1, 1]], [27, [4, 1, 1, 1, 2]], [29, [1, 2, 2]], [56, 2], [62, 1], [68, 3], [95, 4]]",[3.571991498324557e-06]
layer_4,778,"[[25, [1, 49, 1, 1, 1]], [27, [2, 1, 1, 2, 2]], [29, [1, 1, 4]], [56, 2], [62, 2], [68, 1], [95, 2]]",[3.0755619140542143e-06]
layer_4,779,"[[25, [1, 49, 1, 1, 1]], [27, [1, 4, 2, 1, 1]], [29, [1, 4, 1]], [56, 2], [62, 1], [68, 1], [95, 0]]",[3.043469217566885e-06]
layer_4,780,"[[25, [1, 49, 1, 1, 1]], [27, [2, 1, 1, 2, 2]], [29, [1, 1, 4]], [56, 2], [62, 1], [68, 1], [95, 1]]",[3.065520479701091e-06]
layer_4,781,"[[25, [1, 49, 1, 1, 1]], [27, [2, 1, 1, 2, 2]], [29, [1, 4, 1]], [56, 2], [62, 1], [68, 1], [95, 1]]",[3.3916218487394957e-06]
layer_4,782,"[[25, [1, 49, 1, 1, 1]], [27, [2, 1, 1, 2, 2]], [29, [1, 1, 4]], [56, 2], [62, 2], [68, 0], [95, 2]]",[2.980798682524069e-06]
layer_4,783,"[[25, [7, 7, 1, 1, 1]], [27, [2, 1, 1, 2, 2]], [29, [1, 2, 2]], [56, 2], [62, 1], [68, 1], [95, 1]]",[3.2427743340666043e-06]
layer_4,784,"[[25, [49, 1, 1, 1, 1]], [27, [1, 2, 2, 1, 2]], [29, [1, 2, 2]], [56, 2], [62, 0], [68, 3], [95, 4]]",[3.08075937008826e-06]
layer_4,785,"[[25, [1, 49, 1, 1, 1]], [27, [1, 4, 1, 2, 1]], [29, [1, 2, 2]], [56, 2], [62, 0], [68, 2], [95, 4]]",[3.3248343326756193e-06]
layer_4,786,"[[25, [1, 49, 1, 1, 1]], [27, [1, 4, 1, 2, 1]], [29, [1, 1, 4]], [56, 2], [62, 0], [68, 2], [95, 4]]",[3.2166501595062756e-06]
layer_4,787,"[[25, [1, 49, 1, 1, 1]], [27, [1, 2, 2, 1, 2]], [29, [1, 4, 1]], [56, 2], [62, 2], [68, 2], [95, 4]]",[3.7610558438781655e-06]
layer_4,788,"[[25, [49, 1, 1, 1, 1]], [27, [2, 2, 1, 2, 1]], [29, [2, 1, 2]], [56, 2], [62, 2], [68, 1], [95, 1]]",[3.1083833006616028e-06]
layer_4,789,"[[25, [49, 1, 1, 1, 1]], [27, [1, 2, 1, 2, 2]], [29, [1, 2, 2]], [56, 1], [62, 2], [68, 3], [95, 1]]",[3.717252776803461e-06]
layer_4,790,"[[25, [1, 49, 1, 1, 1]], [27, [2, 1, 1, 2, 2]], [29, [1, 4, 1]], [56, 1], [62, 1], [68, 1], [95, 1]]",[3.228784284404035e-06]
layer_4,791,"[[25, [49, 1, 1, 1, 1]], [27, [1, 2, 2, 1, 2]], [29, [1, 2, 2]], [56, 2], [62, 1], [68, 3], [95, 4]]",[3.4237074041727313e-06]
layer_4,792,"[[25, [49, 1, 1, 1, 1]], [27, [1, 2, 2, 2, 1]], [29, [1, 2, 2]], [56, 2], [62, 1], [68, 3], [95, 4]]",[3.5632470792700593e-06]
layer_4,793,"[[25, [1, 49, 1, 1, 1]], [27, [2, 1, 2, 1, 2]], [29, [1, 4, 1]], [56, 2], [62, 1], [68, 2], [95, 1]]",[3.236710858732182e-06]
layer_4,794,"[[25, [49, 1, 1, 1, 1]], [27, [1, 2, 1, 2, 2]], [29, [1, 4, 1]], [56, 1], [62, 2], [68, 1], [95, 1]]",[3.1680473139477574e-06]
layer_4,795,"[[25, [7, 7, 1, 1, 1]], [27, [2, 2, 1, 1, 2]], [29, [2, 2, 1]], [56, 2], [62, 2], [68, 1], [95, 0]]",[3.5535424662265894e-06]
layer_4,796,"[[25, [1, 49, 1, 1, 1]], [27, [1, 2, 1, 2, 2]], [29, [1, 2, 2]], [56, 2], [62, 2], [68, 2], [95, 4]]",[3.258863244203721e-06]
layer_4,797,"[[25, [49, 1, 1, 1, 1]], [27, [1, 4, 1, 2, 1]], [29, [1, 2, 2]], [56, 2], [62, 2], [68, 3], [95, 4]]",[3.6217141487886458e-06]
layer_4,798,"[[25, [7, 7, 1, 1, 1]], [27, [4, 1, 1, 1, 2]], [29, [1, 2, 2]], [56, 2], [62, 1], [68, 2], [95, 1]]",[3.0966891156866235e-06]
layer_4,799,"[[25, [7, 7, 1, 1, 1]], [27, [4, 1, 1, 2, 1]], [29, [1, 1, 4]], [56, 2], [62, 1], [68, 2], [95, 1]]",[3.874423608269519e-06]
layer_4,800,"[[25, [7, 7, 1, 1, 1]], [27, [4, 1, 1, 2, 1]], [29, [1, 4, 1]], [56, 2], [62, 1], [68, 2], [95, 1]]",[3.1018570209052625e-06]
layer_4,801,"[[25, [1, 49, 1, 1, 1]], [27, [2, 1, 2, 1, 2]], [29, [1, 4, 1]], [56, 1], [62, 1], [68, 3], [95, 1]]",[3.1392426229508197e-06]
layer_4,802,"[[25, [49, 1, 1, 1, 1]], [27, [1, 2, 4, 1, 1]], [29, [1, 1, 4]], [56, 1], [62, 1], [68, 1], [95, 4]]",[3.5936096051911794e-06]
layer_4,803,"[[25, [49, 1, 1, 1, 1]], [27, [1, 2, 1, 2, 2]], [29, [1, 2, 2]], [56, 1], [62, 1], [68, 3], [95, 1]]",[3.5919465309898244e-06]
layer_4,804,"[[25, [1, 49, 1, 1, 1]], [27, [4, 1, 1, 2, 1]], [29, [4, 1, 1]], [56, 2], [62, 2], [68, 0], [95, 0]]",[3.1249177992983638e-06]
layer_4,805,"[[25, [1, 49, 1, 1, 1]], [27, [1, 2, 1, 2, 2]], [29, [1, 2, 2]], [56, 1], [62, 2], [68, 2], [95, 4]]",[3.452627671093629e-06]
layer_4,806,"[[25, [1, 49, 1, 1, 1]], [27, [4, 1, 1, 2, 1]], [29, [1, 4, 1]], [56, 2], [62, 2], [68, 1], [95, 2]]",[3.2108008599376545e-06]
layer_4,807,"[[25, [49, 1, 1, 1, 1]], [27, [2, 2, 1, 2, 1]], [29, [1, 2, 2]], [56, 2], [62, 0], [68, 3], [95, 1]]",[3.290931418405693e-06]
layer_4,808,"[[25, [49, 1, 1, 1, 1]], [27, [1, 4, 1, 1, 2]], [29, [1, 2, 2]], [56, 2], [62, 1], [68, 1], [95, 4]]",[3.0213670853423812e-06]
layer_4,809,"[[25, [1, 49, 1, 1, 1]], [27, [4, 1, 2, 1, 1]], [29, [1, 4, 1]], [56, 2], [62, 2], [68, 2], [95, 4]]",[3.372268560953254e-06]
layer_4,810,"[[25, [49, 1, 1, 1, 1]], [27, [1, 2, 4, 1, 1]], [29, [1, 1, 4]], [56, 1], [62, 1], [68, 2], [95, 4]]",[2.973475628734462e-06]
layer_4,811,"[[25, [49, 1, 1, 1, 1]], [27, [1, 2, 4, 1, 1]], [29, [1, 2, 2]], [56, 1], [62, 1], [68, 2], [95, 4]]",[3.0750787316457974e-06]
layer_4,812,"[[25, [49, 1, 1, 1, 1]], [27, [1, 2, 4, 1, 1]], [29, [1, 4, 1]], [56, 1], [62, 1], [68, 2], [95, 4]]",[3.936985320538996e-06]
layer_4,813,"[[25, [7, 7, 1, 1, 1]], [27, [2, 2, 1, 1, 2]], [29, [2, 2, 1]], [56, 2], [62, 0], [68, 1], [95, 0]]",[3.2908887064369055e-06]
layer_4,814,"[[25, [49, 1, 1, 1, 1]], [27, [2, 2, 1, 2, 1]], [29, [2, 2, 1]], [56, 2], [62, 1], [68, 2], [95, 1]]",[3.6208287645590683e-06]
layer_4,815,"[[25, [49, 1, 1, 1, 1]], [27, [1, 2, 2, 1, 2]], [29, [1, 1, 4]], [56, 0], [62, 0], [68, 3], [95, 4]]",[3.574929348210705e-06]
layer_4,816,"[[25, [1, 49, 1, 1, 1]], [27, [2, 1, 1, 2, 2]], [29, [1, 1, 4]], [56, 1], [62, 2], [68, 1], [95, 2]]",[3.0583358397942887e-06]
layer_4,817,"[[25, [1, 49, 1, 1, 1]], [27, [1, 4, 2, 1, 1]], [29, [4, 1, 1]], [56, 2], [62, 1], [68, 2], [95, 4]]",[3.8498877086494685e-06]
layer_4,818,"[[25, [49, 1, 1, 1, 1]], [27, [1, 2, 1, 2, 2]], [29, [1, 1, 4]], [56, 2], [62, 1], [68, 3], [95, 4]]",[3.828513687927431e-06]
layer_4,819,"[[25, [1, 49, 1, 1, 1]], [27, [1, 2, 2, 1, 2]], [29, [1, 4, 1]], [56, 2], [62, 1], [68, 3], [95, 2]]",[3.5311792588739043e-06]
layer_4,820,"[[25, [1, 49, 1, 1, 1]], [27, [1, 2, 1, 1, 4]], [29, [1, 4, 1]], [56, 2], [62, 2], [68, 3], [95, 4]]",[3.266711040632659e-06]
layer_4,821,"[[25, [1, 49, 1, 1, 1]], [27, [1, 4, 1, 1, 2]], [29, [1, 4, 1]], [56, 2], [62, 2], [68, 3], [95, 4]]",[3.2009024435054197e-06]
layer_4,822,"[[25, [7, 7, 1, 1, 1]], [27, [4, 1, 1, 2, 1]], [29, [1, 4, 1]], [56, 2], [62, 1], [68, 1], [95, 4]]",[2.9641714232661773e-06]
layer_4,823,"[[25, [7, 7, 1, 1, 1]], [27, [4, 1, 1, 2, 1]], [29, [1, 1, 4]], [56, 2], [62, 1], [68, 1], [95, 4]]",[2.9719817603897457e-06]
layer_4,824,"[[25, [49, 1, 1, 1, 1]], [27, [1, 4, 1, 2, 1]], [29, [1, 4, 1]], [56, 2], [62, 1], [68, 0], [95, 2]]",[3.622865733051487e-06]
layer_4,825,"[[25, [49, 1, 1, 1, 1]], [27, [2, 2, 1, 1, 2]], [29, [2, 1, 2]], [56, 2], [62, 0], [68, 1], [95, 1]]",[2.8944566731575797e-06]
layer_4,826,"[[25, [49, 1, 1, 1, 1]], [27, [2, 2, 1, 1, 2]], [29, [2, 2, 1]], [56, 2], [62, 0], [68, 1], [95, 1]]",[3.536849129017233e-06]
layer_4,827,"[[25, [7, 7, 1, 1, 1]], [27, [4, 1, 1, 2, 1]], [29, [1, 4, 1]], [56, 2], [62, 2], [68, 3], [95, 3]]",[3.0020521973901304e-06]
layer_4,828,"[[25, [7, 7, 1, 1, 1]], [27, [4, 1, 1, 2, 1]], [29, [1, 2, 2]], [56, 2], [62, 2], [68, 3], [95, 3]]",[3.209670581202515e-06]
layer_4,829,"[[25, [7, 7, 1, 1, 1]], [27, [2, 1, 2, 1, 2]], [29, [4, 1, 1]], [56, 2], [62, 1], [68, 1], [95, 1]]",[3.288640820980616e-06]
layer_4,830,"[[25, [7, 7, 1, 1, 1]], [27, [1, 4, 2, 1, 1]], [29, [1, 2, 2]], [56, 1], [62, 1], [68, 3], [95, 2]]",[2.8643517003544403e-06]
layer_4,831,"[[25, [1, 7, 7, 1, 1]], [27, [1, 2, 4, 1, 1]], [29, [2, 1, 2]], [56, 2], [62, 2], [68, 2], [95, 0]]",[4.390667969492169e-06]
layer_4,832,"[[25, [1, 49, 1, 1, 1]], [27, [2, 1, 4, 1, 1]], [29, [1, 1, 4]], [56, 1], [62, 1], [68, 2], [95, 1]]",[3.486216102071663e-06]
layer_4,833,"[[25, [1, 49, 1, 1, 1]], [27, [2, 1, 4, 1, 1]], [29, [1, 2, 2]], [56, 1], [62, 1], [68, 2], [95, 2]]",[3.0132581274577496e-06]
layer_4,834,"[[25, [1, 49, 1, 1, 1]], [27, [2, 1, 4, 1, 1]], [29, [1, 4, 1]], [56, 1], [62, 1], [68, 2], [95, 2]]",[3.321842889929655e-06]
layer_4,835,"[[25, [1, 49, 1, 1, 1]], [27, [2, 1, 1, 2, 2]], [29, [1, 4, 1]], [56, 2], [62, 2], [68, 2], [95, 2]]",[3.1672533814839132e-06]
layer_4,836,"[[25, [1, 49, 1, 1, 1]], [27, [1, 4, 2, 1, 1]], [29, [2, 2, 1]], [56, 2], [62, 1], [68, 1], [95, 1]]",[3.4812980299242565e-06]
layer_4,837,"[[25, [1, 49, 1, 1, 1]], [27, [2, 1, 4, 1, 1]], [29, [1, 1, 4]], [56, 1], [62, 2], [68, 2], [95, 1]]",[3.4286013872147853e-06]
layer_4,838,"[[25, [1, 49, 1, 1, 1]], [27, [2, 1, 4, 1, 1]], [29, [1, 4, 1]], [56, 1], [62, 2], [68, 2], [95, 1]]",[2.966847118091569e-06]
layer_4,839,"[[25, [1, 49, 1, 1, 1]], [27, [4, 1, 2, 1, 1]], [29, [1, 1, 4]], [56, 1], [62, 1], [68, 2], [95, 1]]",[3.153885491353859e-06]
layer_4,840,"[[25, [1, 49, 1, 1, 1]], [27, [1, 2, 2, 1, 2]], [29, [1, 1, 4]], [56, 1], [62, 2], [68, 3], [95, 4]]",[3.4337384705931812e-06]
layer_4,841,"[[25, [1, 49, 1, 1, 1]], [27, [2, 1, 4, 1, 1]], [29, [1, 2, 2]], [56, 1], [62, 2], [68, 2], [95, 2]]",[3.5968419857505933e-06]
layer_4,842,"[[25, [1, 49, 1, 1, 1]], [27, [2, 1, 2, 2, 1]], [29, [1, 4, 1]], [56, 1], [62, 1], [68, 2], [95, 1]]",[3.2347308963803673e-06]
layer_4,843,"[[25, [7, 7, 1, 1, 1]], [27, [1, 4, 2, 1, 1]], [29, [1, 1, 4]], [56, 1], [62, 2], [68, 1], [95, 1]]",[3.3744908021839564e-06]
layer_4,844,"[[25, [1, 49, 1, 1, 1]], [27, [1, 2, 4, 1, 1]], [29, [1, 4, 1]], [56, 2], [62, 1], [68, 3], [95, 4]]",[3.3073210633946834e-06]
layer_4,845,"[[25, [7, 7, 1, 1, 1]], [27, [1, 4, 2, 1, 1]], [29, [1, 1, 4]], [56, 1], [62, 2], [68, 1], [95, 4]]",[3.147960337164137e-06]
layer_4,846,"[[25, [1, 49, 1, 1, 1]], [27, [1, 2, 4, 1, 1]], [29, [1, 2, 2]], [56, 1], [62, 2], [68, 3], [95, 4]]",[2.9401247193533906e-06]
layer_4,847,"[[25, [1, 49, 1, 1, 1]], [27, [1, 4, 1, 2, 1]], [29, [4, 1, 1]], [56, 2], [62, 1], [68, 0], [95, 0]]",[3.267615421494207e-06]
layer_4,848,"[[25, [7, 7, 1, 1, 1]], [27, [2, 1, 1, 4, 1]], [29, [1, 1, 4]], [56, 2], [62, 1], [68, 1], [95, 1]]",[3.411854200472046e-06]
layer_4,849,"[[25, [1, 49, 1, 1, 1]], [27, [2, 1, 4, 1, 1]], [29, [1, 2, 2]], [56, 1], [62, 1], [68, 3], [95, 1]]",[3.172995727473869e-06]
layer_4,850,"[[25, [1, 49, 1, 1, 1]], [27, [2, 1, 4, 1, 1]], [29, [1, 4, 1]], [56, 1], [62, 1], [68, 3], [95, 1]]",[3.477368630839011e-06]
layer_4,851,"[[25, [1, 49, 1, 1, 1]], [27, [4, 1, 2, 1, 1]], [29, [1, 2, 2]], [56, 1], [62, 1], [68, 3], [95, 1]]",[3.4769430698812463e-06]
layer_4,852,"[[25, [1, 49, 1, 1, 1]], [27, [4, 1, 2, 1, 1]], [29, [1, 4, 1]], [56, 1], [62, 1], [68, 3], [95, 1]]",[3.564431971896388e-06]
layer_4,853,"[[25, [1, 49, 1, 1, 1]], [27, [2, 1, 1, 1, 4]], [29, [1, 2, 2]], [56, 1], [62, 2], [68, 3], [95, 2]]",[2.9743342643213692e-06]
layer_4,854,"[[25, [7, 7, 1, 1, 1]], [27, [1, 4, 2, 1, 1]], [29, [4, 1, 1]], [56, 1], [62, 2], [68, 1], [95, 1]]",[3.0910772941034608e-06]
layer_4,855,"[[25, [49, 1, 1, 1, 1]], [27, [1, 2, 2, 2, 1]], [29, [1, 1, 4]], [56, 2], [62, 0], [68, 1], [95, 4]]",[3.2993758757542625e-06]
layer_4,856,"[[25, [1, 49, 1, 1, 1]], [27, [2, 1, 4, 1, 1]], [29, [1, 2, 2]], [56, 1], [62, 1], [68, 2], [95, 0]]",[3.2277498078325482e-06]
layer_4,857,"[[25, [7, 7, 1, 1, 1]], [27, [2, 1, 1, 1, 4]], [29, [1, 1, 4]], [56, 2], [62, 1], [68, 0], [95, 4]]",[3.137734971134538e-06]
layer_4,858,"[[25, [1, 49, 1, 1, 1]], [27, [4, 1, 2, 1, 1]], [29, [1, 2, 2]], [56, 1], [62, 1], [68, 3], [95, 4]]",[2.914068512039515e-06]
layer_4,859,"[[25, [1, 49, 1, 1, 1]], [27, [1, 4, 1, 1, 2]], [29, [1, 2, 2]], [56, 2], [62, 2], [68, 2], [95, 4]]",[3.2147841606425705e-06]
layer_4,860,"[[25, [1, 49, 1, 1, 1]], [27, [1, 4, 1, 2, 1]], [29, [1, 4, 1]], [56, 2], [62, 2], [68, 2], [95, 4]]",[3.244265456842839e-06]
layer_4,861,"[[25, [1, 49, 1, 1, 1]], [27, [2, 1, 1, 2, 2]], [29, [1, 1, 4]], [56, 2], [62, 2], [68, 2], [95, 1]]",[3.45460754545634e-06]
layer_4,862,"[[25, [1, 49, 1, 1, 1]], [27, [1, 4, 1, 2, 1]], [29, [2, 1, 2]], [56, 2], [62, 0], [68, 0], [95, 0]]",[3.7802437537477514e-06]
layer_4,863,"[[25, [1, 49, 1, 1, 1]], [27, [2, 1, 2, 2, 1]], [29, [1, 2, 2]], [56, 1], [62, 1], [68, 3], [95, 1]]",[3.0488355243501643e-06]
layer_4,864,"[[25, [7, 7, 1, 1, 1]], [27, [2, 1, 4, 1, 1]], [29, [1, 2, 2]], [56, 2], [62, 1], [68, 2], [95, 1]]",[3.3648861741818565e-06]
layer_4,865,"[[25, [7, 7, 1, 1, 1]], [27, [2, 2, 1, 2, 1]], [29, [4, 1, 1]], [56, 2], [62, 2], [68, 0], [95, 0]]",[3.2059424800259125e-06]
layer_4,866,"[[25, [7, 7, 1, 1, 1]], [27, [4, 1, 1, 1, 2]], [29, [1, 2, 2]], [56, 2], [62, 2], [68, 3], [95, 4]]",[3.3726926814576845e-06]
layer_4,867,"[[25, [1, 49, 1, 1, 1]], [27, [1, 4, 1, 2, 1]], [29, [1, 4, 1]], [56, 2], [62, 0], [68, 2], [95, 4]]",[3.687806595422452e-06]
layer_4,868,"[[25, [7, 7, 1, 1, 1]], [27, [1, 8, 1, 1, 1]], [29, [4, 1, 1]], [56, 2], [62, 2], [68, 1], [95, 0]]",[3.235772816156435e-06]
layer_4,869,"[[25, [1, 49, 1, 1, 1]], [27, [4, 1, 2, 1, 1]], [29, [1, 2, 2]], [56, 2], [62, 1], [68, 3], [95, 1]]",[3.5784833975719848e-06]
layer_4,870,"[[25, [1, 49, 1, 1, 1]], [27, [4, 1, 1, 1, 2]], [29, [1, 4, 1]], [56, 2], [62, 2], [68, 1], [95, 2]]",[3.1849828071735583e-06]
layer_4,871,"[[25, [1, 49, 1, 1, 1]], [27, [4, 1, 1, 2, 1]], [29, [1, 4, 1]], [56, 2], [62, 1], [68, 2], [95, 2]]",[3.0990298445349425e-06]
layer_4,872,"[[25, [49, 1, 1, 1, 1]], [27, [2, 2, 1, 2, 1]], [29, [2, 2, 1]], [56, 2], [62, 1], [68, 1], [95, 1]]",[3.66159671370578e-06]
layer_4,873,"[[25, [7, 7, 1, 1, 1]], [27, [2, 1, 1, 4, 1]], [29, [1, 4, 1]], [56, 2], [62, 1], [68, 2], [95, 1]]",[3.5009851540794468e-06]
layer_4,874,"[[25, [7, 7, 1, 1, 1]], [27, [2, 1, 1, 4, 1]], [29, [1, 1, 4]], [56, 2], [62, 1], [68, 2], [95, 1]]",[3.7608048567718896e-06]
layer_4,875,"[[25, [7, 7, 1, 1, 1]], [27, [4, 2, 1, 1, 1]], [29, [4, 1, 1]], [56, 2], [62, 2], [68, 0], [95, 0]]",[3.419581789788748e-06]
layer_4,876,"[[25, [7, 7, 1, 1, 1]], [27, [2, 2, 1, 2, 1]], [29, [4, 1, 1]], [56, 2], [62, 2], [68, 1], [95, 0]]",[3.4697028404812017e-06]
layer_4,877,"[[25, [49, 1, 1, 1, 1]], [27, [1, 4, 1, 2, 1]], [29, [1, 2, 2]], [56, 2], [62, 0], [68, 3], [95, 4]]",[3.263641682211294e-06]
layer_4,878,"[[25, [49, 1, 1, 1, 1]], [27, [1, 4, 1, 2, 1]], [29, [1, 1, 4]], [56, 2], [62, 0], [68, 3], [95, 4]]",[3.0037090088485066e-06]
layer_4,879,"[[25, [7, 7, 1, 1, 1]], [27, [4, 1, 1, 2, 1]], [29, [1, 2, 2]], [56, 2], [62, 2], [68, 1], [95, 1]]",[2.92599147012653e-06]
layer_4,880,"[[25, [7, 7, 1, 1, 1]], [27, [4, 1, 1, 1, 2]], [29, [1, 4, 1]], [56, 2], [62, 2], [68, 1], [95, 1]]",[2.9073535591064167e-06]
layer_4,881,"[[25, [49, 1, 1, 1, 1]], [27, [1, 4, 1, 1, 2]], [29, [1, 1, 4]], [56, 2], [62, 0], [68, 1], [95, 4]]",[2.90371635059702e-06]
layer_4,882,"[[25, [1, 49, 1, 1, 1]], [27, [2, 1, 4, 1, 1]], [29, [1, 2, 2]], [56, 1], [62, 1], [68, 3], [95, 2]]",[2.9034132877752465e-06]
layer_4,883,"[[25, [1, 49, 1, 1, 1]], [27, [2, 1, 1, 4, 1]], [29, [1, 1, 4]], [56, 1], [62, 2], [68, 2], [95, 1]]",[2.871881366662191e-06]
layer_4,884,"[[25, [1, 49, 1, 1, 1]], [27, [1, 4, 1, 1, 2]], [29, [1, 4, 1]], [56, 2], [62, 1], [68, 1], [95, 4]]",[2.952876072751643e-06]
layer_4,885,"[[25, [49, 1, 1, 1, 1]], [27, [2, 2, 1, 1, 2]], [29, [1, 1, 4]], [56, 2], [62, 1], [68, 1], [95, 4]]",[3.0235826215537873e-06]
layer_4,886,"[[25, [7, 7, 1, 1, 1]], [27, [2, 1, 2, 1, 2]], [29, [1, 1, 4]], [56, 2], [62, 0], [68, 2], [95, 1]]",[2.967171369176982e-06]
layer_4,887,"[[25, [1, 49, 1, 1, 1]], [27, [4, 1, 1, 2, 1]], [29, [1, 4, 1]], [56, 2], [62, 2], [68, 2], [95, 4]]",[2.8783388894235393e-06]
layer_4,888,"[[25, [1, 49, 1, 1, 1]], [27, [4, 1, 1, 2, 1]], [29, [1, 1, 4]], [56, 2], [62, 2], [68, 2], [95, 4]]",[3.10117985675126e-06]
layer_4,889,"[[25, [49, 1, 1, 1, 1]], [27, [1, 4, 1, 2, 1]], [29, [1, 1, 4]], [56, 2], [62, 2], [68, 3], [95, 4]]",[3.0255649247227814e-06]
layer_4,890,"[[25, [49, 1, 1, 1, 1]], [27, [1, 4, 1, 1, 2]], [29, [1, 1, 4]], [56, 2], [62, 1], [68, 1], [95, 2]]",[3.5220667795490213e-06]
layer_4,891,"[[25, [7, 7, 1, 1, 1]], [27, [1, 8, 1, 1, 1]], [29, [1, 2, 2]], [56, 2], [62, 2], [68, 3], [95, 2]]",[3.2055919679924283e-06]
layer_4,892,"[[25, [1, 49, 1, 1, 1]], [27, [1, 2, 2, 1, 2]], [29, [1, 4, 1]], [56, 1], [62, 1], [68, 2], [95, 4]]",[3.055069518879416e-06]
layer_4,893,"[[25, [49, 1, 1, 1, 1]], [27, [2, 1, 2, 1, 2]], [29, [2, 2, 1]], [56, 1], [62, 0], [68, 2], [95, 1]]",[2.8182172013857507e-06]
layer_4,894,"[[25, [7, 1, 1, 7, 1]], [27, [1, 1, 2, 1, 4]], [29, [2, 2, 1]], [56, 2], [62, 1], [68, 2], [95, 4]]",[8.778063374932175e-06]
layer_4,895,"[[25, [49, 1, 1, 1, 1]], [27, [2, 2, 2, 1, 1]], [29, [1, 2, 2]], [56, 0], [62, 0], [68, 2], [95, 4]]",[3.455327310008971e-06]
layer_4,896,"[[25, [49, 1, 1, 1, 1]], [27, [2, 1, 2, 1, 2]], [29, [2, 2, 1]], [56, 1], [62, 0], [68, 3], [95, 1]]",[3.074811629611532e-06]
layer_4,897,"[[25, [1, 49, 1, 1, 1]], [27, [2, 1, 1, 2, 2]], [29, [1, 1, 4]], [56, 1], [62, 2], [68, 0], [95, 2]]",[3.1097502181500874e-06]
layer_4,898,"[[25, [49, 1, 1, 1, 1]], [27, [2, 2, 1, 1, 2]], [29, [4, 1, 1]], [56, 2], [62, 2], [68, 1], [95, 1]]",[3.0511918839183574e-06]
layer_4,899,"[[25, [49, 1, 1, 1, 1]], [27, [2, 2, 1, 1, 2]], [29, [4, 1, 1]], [56, 2], [62, 2], [68, 1], [95, 0]]",[3.123889404392492e-06]
layer_4,900,"[[25, [1, 49, 1, 1, 1]], [27, [2, 1, 1, 1, 4]], [29, [1, 2, 2]], [56, 2], [62, 2], [68, 3], [95, 2]]",[3.33961031680925e-06]
layer_4,901,"[[25, [1, 49, 1, 1, 1]], [27, [2, 1, 1, 1, 4]], [29, [1, 4, 1]], [56, 2], [62, 2], [68, 3], [95, 2]]",[6.479062325581395e-06]
layer_4,902,"[[25, [1, 49, 1, 1, 1]], [27, [2, 1, 1, 2, 2]], [29, [1, 1, 4]], [56, 2], [62, 2], [68, 3], [95, 2]]",[3.6153340109082856e-06]
layer_4,903,"[[25, [7, 7, 1, 1, 1]], [27, [1, 4, 2, 1, 1]], [29, [1, 2, 2]], [56, 1], [62, 2], [68, 3], [95, 2]]",[3.498300457283294e-06]
layer_4,904,"[[25, [1, 49, 1, 1, 1]], [27, [1, 2, 4, 1, 1]], [29, [1, 2, 2]], [56, 1], [62, 1], [68, 2], [95, 4]]",[3.368545316976716e-06]
layer_4,905,"[[25, [1, 49, 1, 1, 1]], [27, [2, 1, 1, 2, 2]], [29, [1, 1, 4]], [56, 2], [62, 1], [68, 0], [95, 2]]",[3.7373644845430234e-06]
layer_4,906,"[[25, [1, 49, 1, 1, 1]], [27, [1, 2, 4, 1, 1]], [29, [1, 2, 2]], [56, 1], [62, 2], [68, 2], [95, 4]]",[3.168095053100109e-06]
layer_4,907,"[[25, [1, 49, 1, 1, 1]], [27, [1, 2, 4, 1, 1]], [29, [1, 1, 4]], [56, 1], [62, 2], [68, 2], [95, 4]]",[3.2719528840125394e-06]
layer_4,908,"[[25, [1, 49, 1, 1, 1]], [27, [1, 2, 2, 2, 1]], [29, [1, 2, 2]], [56, 1], [62, 2], [68, 3], [95, 4]]",[3.5473236524118797e-06]
layer_4,909,"[[25, [7, 7, 1, 1, 1]], [27, [1, 4, 2, 1, 1]], [29, [1, 2, 2]], [56, 2], [62, 2], [68, 3], [95, 2]]",[2.964094126123072e-06]
layer_4,910,"[[25, [1, 49, 1, 1, 1]], [27, [2, 1, 1, 4, 1]], [29, [1, 2, 2]], [56, 1], [62, 2], [68, 2], [95, 1]]",[3.221751949610078e-06]
layer_4,911,"[[25, [1, 49, 1, 1, 1]], [27, [2, 1, 1, 4, 1]], [29, [1, 4, 1]], [56, 1], [62, 2], [68, 2], [95, 1]]",[3.6181135852210627e-06]
layer_4,912,"[[25, [1, 49, 1, 1, 1]], [27, [1, 2, 4, 1, 1]], [29, [1, 1, 4]], [56, 1], [62, 2], [68, 3], [95, 4]]",[3.5102818723836106e-06]
layer_4,913,"[[25, [1, 49, 1, 1, 1]], [27, [1, 2, 4, 1, 1]], [29, [1, 4, 1]], [56, 1], [62, 2], [68, 3], [95, 4]]",[3.629478819938112e-06]
layer_4,914,"[[25, [1, 49, 1, 1, 1]], [27, [2, 2, 2, 1, 1]], [29, [2, 2, 1]], [56, 1], [62, 1], [68, 2], [95, 4]]",[3.4185758337773044e-06]
layer_4,915,"[[25, [1, 49, 1, 1, 1]], [27, [2, 1, 1, 1, 4]], [29, [1, 2, 2]], [56, 1], [62, 2], [68, 1], [95, 2]]",[3.0072064464333506e-06]
layer_4,916,"[[25, [1, 49, 1, 1, 1]], [27, [2, 1, 1, 2, 2]], [29, [1, 1, 4]], [56, 2], [62, 1], [68, 2], [95, 2]]",[3.213538321337574e-06]
layer_4,917,"[[25, [49, 1, 1, 1, 1]], [27, [1, 4, 1, 1, 2]], [29, [1, 4, 1]], [56, 2], [62, 0], [68, 1], [95, 4]]",[3.462943417284367e-06]
layer_4,918,"[[25, [1, 49, 1, 1, 1]], [27, [2, 1, 1, 1, 4]], [29, [1, 2, 2]], [56, 2], [62, 2], [68, 1], [95, 2]]",[3.247731081624447e-06]
layer_4,919,"[[25, [1, 49, 1, 1, 1]], [27, [2, 1, 1, 1, 4]], [29, [1, 2, 2]], [56, 1], [62, 1], [68, 3], [95, 2]]",[3.492434486274214e-06]
layer_4,920,"[[25, [7, 7, 1, 1, 1]], [27, [4, 1, 1, 1, 2]], [29, [1, 2, 2]], [56, 2], [62, 2], [68, 1], [95, 1]]",[3.1978438023369975e-06]
layer_4,921,"[[25, [1, 49, 1, 1, 1]], [27, [2, 1, 1, 4, 1]], [29, [1, 1, 4]], [56, 1], [62, 2], [68, 3], [95, 1]]",[2.8912337307059297e-06]
layer_4,922,"[[25, [1, 49, 1, 1, 1]], [27, [2, 1, 1, 4, 1]], [29, [1, 1, 4]], [56, 1], [62, 2], [68, 1], [95, 1]]",[3.137509029857519e-06]
layer_4,923,"[[25, [49, 1, 1, 1, 1]], [27, [2, 1, 2, 1, 2]], [29, [1, 1, 4]], [56, 1], [62, 0], [68, 2], [95, 1]]",[3.548779616954729e-06]
layer_4,924,"[[25, [1, 49, 1, 1, 1]], [27, [1, 2, 2, 1, 2]], [29, [1, 2, 2]], [56, 2], [62, 2], [68, 3], [95, 4]]",[3.538252758768178e-06]
layer_4,925,"[[25, [1, 49, 1, 1, 1]], [27, [2, 2, 2, 1, 1]], [29, [2, 2, 1]], [56, 1], [62, 1], [68, 3], [95, 4]]",[3.261206830454677e-06]
layer_4,926,"[[25, [1, 49, 1, 1, 1]], [27, [2, 2, 2, 1, 1]], [29, [2, 1, 2]], [56, 1], [62, 1], [68, 3], [95, 4]]",[3.5711478768909758e-06]
layer_4,927,"[[25, [1, 49, 1, 1, 1]], [27, [1, 4, 1, 1, 2]], [29, [1, 4, 1]], [56, 2], [62, 2], [68, 1], [95, 4]]",[3.1134814779362496e-06]
layer_4,928,"[[25, [7, 7, 1, 1, 1]], [27, [1, 4, 2, 1, 1]], [29, [2, 1, 2]], [56, 1], [62, 1], [68, 3], [95, 2]]",[3.1658096816371214e-06]
layer_4,929,"[[25, [1, 49, 1, 1, 1]], [27, [2, 1, 1, 2, 2]], [29, [1, 4, 1]], [56, 2], [62, 2], [68, 2], [95, 4]]",[3.838025315025145e-06]
layer_4,930,"[[25, [1, 49, 1, 1, 1]], [27, [2, 1, 1, 2, 2]], [29, [1, 1, 4]], [56, 1], [62, 1], [68, 2], [95, 1]]",[3.688267388849387e-06]
layer_4,931,"[[25, [1, 49, 1, 1, 1]], [27, [2, 1, 1, 1, 4]], [29, [1, 4, 1]], [56, 2], [62, 1], [68, 2], [95, 3]]",[3.0735948792109314e-06]
layer_4,932,"[[25, [49, 1, 1, 1, 1]], [27, [2, 2, 1, 1, 2]], [29, [1, 4, 1]], [56, 2], [62, 1], [68, 1], [95, 4]]",[3.0916636018825583e-06]
layer_4,933,"[[25, [49, 1, 1, 1, 1]], [27, [1, 2, 4, 1, 1]], [29, [1, 4, 1]], [56, 2], [62, 0], [68, 2], [95, 4]]",[2.9987343126924106e-06]
layer_4,934,"[[25, [7, 7, 1, 1, 1]], [27, [1, 4, 2, 1, 1]], [29, [2, 2, 1]], [56, 2], [62, 2], [68, 2], [95, 2]]",[2.988326231298138e-06]
layer_4,935,"[[25, [1, 49, 1, 1, 1]], [27, [1, 4, 2, 1, 1]], [29, [2, 1, 2]], [56, 2], [62, 0], [68, 2], [95, 4]]",[3.1804666685246082e-06]
layer_4,936,"[[25, [7, 7, 1, 1, 1]], [27, [1, 4, 1, 2, 1]], [29, [1, 4, 1]], [56, 2], [62, 2], [68, 2], [95, 2]]",[3.7362309506233592e-06]
layer_4,937,"[[25, [1, 49, 1, 1, 1]], [27, [2, 1, 1, 1, 4]], [29, [1, 2, 2]], [56, 1], [62, 1], [68, 1], [95, 2]]",[2.99908422113138e-06]
layer_4,938,"[[25, [1, 49, 1, 1, 1]], [27, [2, 1, 4, 1, 1]], [29, [1, 2, 2]], [56, 1], [62, 2], [68, 2], [95, 1]]",[3.7012432864130975e-06]
layer_4,939,"[[25, [1, 49, 1, 1, 1]], [27, [4, 1, 2, 1, 1]], [29, [1, 2, 2]], [56, 1], [62, 2], [68, 3], [95, 4]]",[3.1069429995417043e-06]
layer_4,940,"[[25, [1, 49, 1, 1, 1]], [27, [2, 1, 1, 2, 2]], [29, [1, 1, 4]], [56, 1], [62, 1], [68, 1], [95, 1]]",[3.0553802109945603e-06]
layer_4,941,"[[25, [1, 49, 1, 1, 1]], [27, [1, 4, 1, 1, 2]], [29, [1, 4, 1]], [56, 2], [62, 1], [68, 3], [95, 4]]",[3.046428022578834e-06]
layer_4,942,"[[25, [1, 49, 1, 1, 1]], [27, [1, 4, 1, 1, 2]], [29, [1, 2, 2]], [56, 2], [62, 1], [68, 3], [95, 4]]",[3.841307727109922e-06]
layer_4,943,"[[25, [1, 49, 1, 1, 1]], [27, [1, 4, 1, 1, 2]], [29, [1, 1, 4]], [56, 2], [62, 1], [68, 3], [95, 4]]",[3.3670770612896785e-06]
layer_4,944,"[[25, [1, 49, 1, 1, 1]], [27, [1, 4, 1, 2, 1]], [29, [1, 4, 1]], [56, 2], [62, 1], [68, 3], [95, 4]]",[2.9231034422910037e-06]
layer_4,945,"[[25, [1, 49, 1, 1, 1]], [27, [1, 4, 2, 1, 1]], [29, [1, 4, 1]], [56, 2], [62, 1], [68, 1], [95, 3]]",[3.238132306307851e-06]
layer_4,946,"[[25, [7, 7, 1, 1, 1]], [27, [4, 1, 1, 1, 2]], [29, [1, 2, 2]], [56, 2], [62, 0], [68, 1], [95, 1]]",[3.443135094110504e-06]
layer_4,947,"[[25, [7, 7, 1, 1, 1]], [27, [4, 1, 1, 1, 2]], [29, [1, 1, 4]], [56, 2], [62, 0], [68, 1], [95, 1]]",[3.587909502549671e-06]
layer_4,948,"[[25, [7, 7, 1, 1, 1]], [27, [4, 1, 1, 2, 1]], [29, [1, 2, 2]], [56, 2], [62, 0], [68, 1], [95, 1]]",[3.171987827715356e-06]
layer_4,949,"[[25, [1, 49, 1, 1, 1]], [27, [2, 1, 1, 1, 4]], [29, [1, 4, 1]], [56, 2], [62, 1], [68, 3], [95, 3]]",[3.0558046326068838e-06]
layer_4,950,"[[25, [7, 7, 1, 1, 1]], [27, [4, 1, 1, 2, 1]], [29, [2, 2, 1]], [56, 2], [62, 2], [68, 1], [95, 1]]",[3.5622229868073877e-06]
layer_4,951,"[[25, [7, 7, 1, 1, 1]], [27, [4, 1, 1, 1, 2]], [29, [2, 2, 1]], [56, 2], [62, 2], [68, 1], [95, 1]]",[2.8938960105573037e-06]
layer_4,952,"[[25, [7, 7, 1, 1, 1]], [27, [4, 1, 1, 1, 2]], [29, [2, 1, 2]], [56, 2], [62, 2], [68, 1], [95, 1]]",[3.1295876615399734e-06]
layer_4,953,"[[25, [49, 1, 1, 1, 1]], [27, [2, 2, 1, 2, 1]], [29, [4, 1, 1]], [56, 1], [62, 1], [68, 1], [95, 1]]",[3.472236314065473e-06]
layer_4,954,"[[25, [1, 49, 1, 1, 1]], [27, [1, 4, 1, 2, 1]], [29, [4, 1, 1]], [56, 2], [62, 0], [68, 1], [95, 2]]",[3.1278762837850617e-06]
layer_4,955,"[[25, [7, 7, 1, 1, 1]], [27, [1, 4, 1, 1, 2]], [29, [1, 1, 4]], [56, 2], [62, 1], [68, 3], [95, 2]]",[3.1687589231814063e-06]
layer_4,956,"[[25, [1, 49, 1, 1, 1]], [27, [2, 1, 1, 4, 1]], [29, [1, 1, 4]], [56, 2], [62, 2], [68, 3], [95, 1]]",[3.0127280615815254e-06]
layer_4,957,"[[25, [1, 7, 7, 1, 1]], [27, [1, 2, 1, 1, 4]], [29, [1, 1, 4]], [56, 0], [62, 2], [68, 1], [95, 3]]",[7.875321400833156e-06]
layer_4,958,"[[25, [7, 7, 1, 1, 1]], [27, [2, 4, 1, 1, 1]], [29, [2, 1, 2]], [56, 2], [62, 2], [68, 0], [95, 4]]",[3.660713804713805e-06]
layer_4,959,"[[25, [49, 1, 1, 1, 1]], [27, [1, 2, 4, 1, 1]], [29, [1, 4, 1]], [56, 1], [62, 1], [68, 0], [95, 2]]",[4.037462050332716e-06]
layer_4,960,"[[25, [49, 1, 1, 1, 1]], [27, [2, 1, 2, 1, 2]], [29, [2, 1, 2]], [56, 1], [62, 0], [68, 2], [95, 1]]",[2.955416217331094e-06]
layer_4,961,"[[25, [7, 7, 1, 1, 1]], [27, [1, 4, 2, 1, 1]], [29, [1, 2, 2]], [56, 1], [62, 1], [68, 3], [95, 4]]",[3.3212299555279e-06]
layer_4,962,"[[25, [7, 7, 1, 1, 1]], [27, [1, 4, 2, 1, 1]], [29, [1, 4, 1]], [56, 2], [62, 1], [68, 3], [95, 1]]",[3.1059778728012845e-06]
layer_4,963,"[[25, [1, 49, 1, 1, 1]], [27, [4, 1, 2, 1, 1]], [29, [1, 4, 1]], [56, 1], [62, 1], [68, 3], [95, 4]]",[3.0693088711087794e-06]
layer_4,964,"[[25, [7, 7, 1, 1, 1]], [27, [1, 4, 2, 1, 1]], [29, [1, 4, 1]], [56, 2], [62, 1], [68, 1], [95, 1]]",[3.6573230350472864e-06]
layer_4,965,"[[25, [1, 49, 1, 1, 1]], [27, [4, 1, 2, 1, 1]], [29, [1, 2, 2]], [56, 1], [62, 1], [68, 2], [95, 4]]",[3.0741333207062735e-06]
layer_4,966,"[[25, [7, 7, 1, 1, 1]], [27, [1, 4, 2, 1, 1]], [29, [1, 2, 2]], [56, 1], [62, 1], [68, 3], [95, 1]]",[3.251440820820821e-06]
layer_4,967,"[[25, [7, 7, 1, 1, 1]], [27, [1, 4, 2, 1, 1]], [29, [1, 4, 1]], [56, 1], [62, 1], [68, 1], [95, 1]]",[3.4844447274681104e-06]
layer_4,968,"[[25, [7, 7, 1, 1, 1]], [27, [1, 4, 2, 1, 1]], [29, [4, 1, 1]], [56, 2], [62, 2], [68, 1], [95, 1]]",[3.5951331006104104e-06]
layer_4,969,"[[25, [1, 49, 1, 1, 1]], [27, [1, 4, 1, 1, 2]], [29, [1, 1, 4]], [56, 2], [62, 1], [68, 1], [95, 4]]",[3.125941072194958e-06]
layer_4,970,"[[25, [7, 7, 1, 1, 1]], [27, [2, 1, 1, 1, 4]], [29, [1, 4, 1]], [56, 1], [62, 1], [68, 3], [95, 4]]",[3.157508669860826e-06]
layer_4,971,"[[25, [7, 7, 1, 1, 1]], [27, [2, 1, 1, 4, 1]], [29, [1, 4, 1]], [56, 1], [62, 1], [68, 3], [95, 4]]",[3.5492363576657847e-06]
layer_4,972,"[[25, [7, 7, 1, 1, 1]], [27, [2, 1, 1, 1, 4]], [29, [1, 2, 2]], [56, 1], [62, 1], [68, 3], [95, 4]]",[3.305148193868259e-06]
layer_4,973,"[[25, [1, 49, 1, 1, 1]], [27, [4, 1, 2, 1, 1]], [29, [1, 4, 1]], [56, 1], [62, 1], [68, 1], [95, 4]]",[3.276199670461354e-06]
layer_4,974,"[[25, [1, 49, 1, 1, 1]], [27, [2, 1, 4, 1, 1]], [29, [1, 4, 1]], [56, 1], [62, 1], [68, 1], [95, 2]]",[3.2448531064565567e-06]
layer_4,975,"[[25, [49, 1, 1, 1, 1]], [27, [2, 1, 1, 4, 1]], [29, [2, 2, 1]], [56, 2], [62, 0], [68, 3], [95, 2]]",[3.1976592886311183e-06]
layer_4,976,"[[25, [7, 7, 1, 1, 1]], [27, [1, 4, 2, 1, 1]], [29, [2, 1, 2]], [56, 1], [62, 2], [68, 3], [95, 2]]",[2.881574647231801e-06]
layer_4,977,"[[25, [7, 7, 1, 1, 1]], [27, [4, 1, 1, 1, 2]], [29, [1, 1, 4]], [56, 2], [62, 1], [68, 1], [95, 4]]",[2.9688606281369788e-06]
layer_4,978,"[[25, [7, 7, 1, 1, 1]], [27, [1, 4, 1, 1, 2]], [29, [1, 2, 2]], [56, 2], [62, 2], [68, 3], [95, 4]]",[3.1778508949934884e-06]
layer_4,979,"[[25, [1, 49, 1, 1, 1]], [27, [4, 1, 2, 1, 1]], [29, [1, 4, 1]], [56, 1], [62, 2], [68, 3], [95, 4]]",[2.878692605086609e-06]
layer_4,980,"[[25, [7, 7, 1, 1, 1]], [27, [4, 1, 1, 1, 2]], [29, [1, 4, 1]], [56, 2], [62, 1], [68, 1], [95, 1]]",[3.440107927586698e-06]
layer_4,981,"[[25, [7, 7, 1, 1, 1]], [27, [1, 4, 2, 1, 1]], [29, [2, 2, 1]], [56, 1], [62, 1], [68, 3], [95, 2]]",[3.040855720345357e-06]
layer_4,982,"[[25, [1, 49, 1, 1, 1]], [27, [2, 1, 4, 1, 1]], [29, [1, 4, 1]], [56, 2], [62, 1], [68, 1], [95, 2]]",[3.6234648919395234e-06]
layer_4,983,"[[25, [1, 49, 1, 1, 1]], [27, [2, 1, 4, 1, 1]], [29, [1, 4, 1]], [56, 2], [62, 1], [68, 2], [95, 2]]",[3.2360941994016017e-06]
layer_4,984,"[[25, [7, 7, 1, 1, 1]], [27, [2, 1, 1, 1, 4]], [29, [1, 2, 2]], [56, 1], [62, 1], [68, 2], [95, 4]]",[3.2590773963925917e-06]
layer_4,985,"[[25, [49, 1, 1, 1, 1]], [27, [1, 2, 2, 1, 2]], [29, [2, 2, 1]], [56, 2], [62, 0], [68, 2], [95, 4]]",[3.071811893612463e-06]
layer_4,986,"[[25, [1, 49, 1, 1, 1]], [27, [4, 1, 2, 1, 1]], [29, [1, 4, 1]], [56, 1], [62, 2], [68, 2], [95, 4]]",[3.5730629845144905e-06]
layer_4,987,"[[25, [1, 49, 1, 1, 1]], [27, [4, 1, 2, 1, 1]], [29, [1, 2, 2]], [56, 1], [62, 2], [68, 2], [95, 4]]",[3.2378750000000003e-06]
layer_4,988,"[[25, [1, 49, 1, 1, 1]], [27, [1, 4, 1, 1, 2]], [29, [1, 4, 1]], [56, 2], [62, 0], [68, 1], [95, 4]]",[3.2462700312017204e-06]
layer_4,989,"[[25, [1, 49, 1, 1, 1]], [27, [1, 4, 1, 2, 1]], [29, [1, 4, 1]], [56, 2], [62, 0], [68, 1], [95, 4]]",[3.4258290174472e-06]
layer_4,990,"[[25, [49, 1, 1, 1, 1]], [27, [2, 2, 1, 1, 2]], [29, [1, 2, 2]], [56, 2], [62, 0], [68, 1], [95, 1]]",[3.2352097777242815e-06]
layer_4,991,"[[25, [1, 49, 1, 1, 1]], [27, [2, 1, 2, 1, 2]], [29, [1, 2, 2]], [56, 1], [62, 1], [68, 2], [95, 4]]",[3.7138668071020163e-06]
layer_4,992,"[[25, [1, 49, 1, 1, 1]], [27, [1, 4, 2, 1, 1]], [29, [1, 1, 4]], [56, 2], [62, 2], [68, 1], [95, 1]]",[3.5371154160486726e-06]
layer_4,993,"[[25, [49, 1, 1, 1, 1]], [27, [1, 4, 2, 1, 1]], [29, [1, 4, 1]], [56, 2], [62, 1], [68, 3], [95, 4]]",[3.3312243442381376e-06]
layer_4,994,"[[25, [7, 7, 1, 1, 1]], [27, [1, 4, 2, 1, 1]], [29, [1, 4, 1]], [56, 2], [62, 2], [68, 1], [95, 2]]",[3.739048428011377e-06]
layer_4,995,"[[25, [7, 7, 1, 1, 1]], [27, [1, 4, 2, 1, 1]], [29, [1, 2, 2]], [56, 2], [62, 2], [68, 1], [95, 2]]",[2.989733561888153e-06]
layer_4,996,"[[25, [1, 49, 1, 1, 1]], [27, [2, 1, 1, 2, 2]], [29, [1, 1, 4]], [56, 1], [62, 2], [68, 2], [95, 3]]",[3.3113141514521226e-06]
layer_4,997,"[[25, [7, 7, 1, 1, 1]], [27, [4, 1, 1, 2, 1]], [29, [1, 4, 1]], [56, 1], [62, 2], [68, 3], [95, 3]]",[3.352424042727312e-06]
layer_4,998,"[[25, [7, 7, 1, 1, 1]], [27, [2, 1, 1, 1, 4]], [29, [1, 2, 2]], [56, 1], [62, 0], [68, 2], [95, 0]]",[3.0654571428571426e-06]
layer_4,999,"[[25, [7, 1, 7, 1, 1]], [27, [2, 1, 1, 4, 1]], [29, [4, 1, 1]], [56, 1], [62, 2], [68, 1], [95, 3]]",[5.797686074860174e-06]
