2025-10-07 10:52:51 [INFO] [task_scheduler.cc:160] Initializing Task #0: "main"
2025-10-07 10:52:51 [INFO] [task_scheduler.cc:35] 
# from tvm.script import ir as I
# from tvm.script import tir as T

@I.ir_module
class Module:
    @T.prim_func
    def main(A: T.Buffer((1, 256, 14, 14), "float16"), W: T.Buffer((256, 256, 3, 3), "float16"), conv2d_nchw: T.Buffer((1, 256, 14, 14), "float16")):
        T.func_attr({"tir.noalias": T.bool(True)})
        # with T.block("root"):
        pad_temp = T.alloc_buffer((1, 256, 16, 16), "float16")
        for i0, i1, i2, i3 in T.grid(1, 256, 16, 16):
            with T.block("pad_temp"):
                v_i0, v_i1, v_i2, v_i3 = T.axis.remap("SSSS", [i0, i1, i2, i3])
                T.reads(A[v_i0, v_i1, v_i2 - 1, v_i3 - 1])
                T.writes(pad_temp[v_i0, v_i1, v_i2, v_i3])
                pad_temp[v_i0, v_i1, v_i2, v_i3] = T.if_then_else(1 <= v_i2 and v_i2 < 15 and 1 <= v_i3 and v_i3 < 15, A[v_i0, v_i1, v_i2 - 1, v_i3 - 1], T.float16(0.0))
        for nn, ff, yy, xx, rc, ry, rx in T.grid(1, 256, 14, 14, 256, 3, 3):
            with T.block("conv2d_nchw"):
                v_nn, v_ff, v_yy, v_xx, v_rc, v_ry, v_rx = T.axis.remap("SSSSRRR", [nn, ff, yy, xx, rc, ry, rx])
                T.reads(pad_temp[v_nn, v_rc, v_yy + v_ry, v_xx + v_rx], W[v_ff, v_rc, v_ry, v_rx])
                T.writes(conv2d_nchw[v_nn, v_ff, v_yy, v_xx])
                with T.init():
                    conv2d_nchw[v_nn, v_ff, v_yy, v_xx] = T.float16(0.0)
                conv2d_nchw[v_nn, v_ff, v_yy, v_xx] = conv2d_nchw[v_nn, v_ff, v_yy, v_xx] + pad_temp[v_nn, v_rc, v_yy + v_ry, v_xx + v_rx] * W[v_ff, v_rc, v_ry, v_rx]
2025-10-07 10:52:51 [INFO] [multi_level_tiling_tensor_core.cc:237] Sketch 0: tensorizing with wmma_sync_16x16x16_f16f16f16_trans
2025-10-07 10:52:51 [INFO] [multi_level_tiling_tensor_core.cc:237] Sketch 1: tensorizing with wmma_sync_16x16x16_f16f16f16
2025-10-07 10:52:51 [INFO] [task_scheduler.cc:164] Total 2 design space(s) generated
2025-10-07 10:52:51 [INFO] [task_scheduler.cc:170] Design space #0:
# from tvm.script import ir as I
# from tvm.script import tir as T

@I.ir_module
class Module:
    @T.prim_func
    def main(A: T.Buffer((1, 256, 14, 14), "float16"), W: T.Buffer((256, 256, 3, 3), "float16"), conv2d_nchw: T.Buffer((1, 256, 14, 14), "float16")):
        T.func_attr({"tir.noalias": T.bool(True)})
        with T.block("root"):
            T.reads()
            T.writes()
            T.block_attr({"meta_schedule.unroll_explicit": 1024})
            conv2d_nchw_reindex_pad_shared_dyn = T.alloc_buffer((13, 2, 1, 8, 16, 16), "float16", scope="shared.dyn")
            conv2d_nchw_reindex_pad_shared_dyn_wmma_accumulator = T.alloc_buffer((13, 2, 1, 8, 16, 16), "float16", scope="wmma.accumulator")
            pad_temp_reindex_pad_shared_dyn = T.alloc_buffer((208, 2304), "float16", scope="shared.dyn")
            W_reindex_shared_dyn = T.alloc_buffer((256, 2304), "float16", scope="shared.dyn")
            pad_temp_reindex_pad_shared_dyn_wmma_matrix_a = T.alloc_buffer((208, 2304), "float16", scope="wmma.matrix_a")
            W_reindex_shared_dyn_wmma_matrix_b = T.alloc_buffer((256, 2304), "float16", scope="wmma.matrix_b")
            for ax0_0_0_ax1_0_0_fused in T.thread_binding(13, thread="blockIdx.y"):
                for ax0_0_1_ax1_0_1_fused in T.thread_binding(2, thread="blockIdx.x"):
                    for ax0_0_2_ax1_0_2_fused in T.thread_binding(1, thread="threadIdx.y"):
                        for ax2_0_0 in range(36):
                            for ax0_ax1_fused in range(1024):
                                with T.block("pad_temp_reindex_pad_shared.dyn"):
                                    v0 = T.axis.spatial(208, ax0_0_0_ax1_0_0_fused * 16 + ax0_ax1_fused // 64)
                                    v1 = T.axis.spatial(2304, ax2_0_0 * 64 + ax0_ax1_fused % 64)
                                    T.reads(A[0, v1 // 9, v0 // 14 + v1 % 9 // 3 - 1, v0 % 14 + v1 % 3 - 1])
                                    T.writes(pad_temp_reindex_pad_shared_dyn[v0, v1])
                                    T.block_attr({"buffer_dim_align": [[0, 0, 32, 8]], "meta_schedule.cooperative_fetch": 2})
                                    pad_temp_reindex_pad_shared_dyn[v0, v1] = T.if_then_else(v0 < 196, T.if_then_else(1 <= v0 // 14 + v1 % 9 // 3 and v0 // 14 + v1 % 9 // 3 < 15 and 1 <= v0 % 14 + v1 % 3 and v0 % 14 + v1 % 3 < 15, A[0, v1 // 9, v0 // 14 + v1 % 9 // 3 - 1, v0 % 14 + v1 % 3 - 1], T.float16(0.0)), T.float16(0.0))
                            for ax0_ax1_fused in range(8192):
                                with T.block("W_reindex_shared.dyn"):
                                    v0 = T.axis.spatial(256, ax0_0_1_ax1_0_1_fused * 128 + ax0_ax1_fused // 64)
                                    v1 = T.axis.spatial(2304, ax2_0_0 * 64 + ax0_ax1_fused % 64)
                                    T.reads(W[v0, v1 // 9, v1 % 9 // 3, v1 % 3])
                                    T.writes(W_reindex_shared_dyn[v0, v1])
                                    T.block_attr({"buffer_dim_align": [[0, 0, 32, 8]], "meta_schedule.cooperative_fetch": 8})
                                    W_reindex_shared_dyn[v0, v1] = W[v0, v1 // 9, v1 % 9 // 3, v1 % 3]
                            for ax2_0_1 in range(1):
                                for ax0_0, ax1_0 in T.grid(1, 4):
                                    with T.block("pad_temp_reindex_pad_shared.dyn_wmma.matrix_a_o"):
                                        v0_o = T.axis.spatial(13, ax0_0_0_ax1_0_0_fused + ax0_0)
                                        v1_o = T.axis.spatial(144, ax2_0_0 * 4 + ax1_0)
                                        T.reads(pad_temp_reindex_pad_shared_dyn[v0_o * 16:v0_o * 16 + 16, v1_o * 16:v1_o * 16 + 16])
                                        T.writes(pad_temp_reindex_pad_shared_dyn_wmma_matrix_a[v0_o * 16:v0_o * 16 + 16, v1_o * 16:v1_o * 16 + 16])
                                        T.block_attr({"meta_schedule.auto_tensorize": "wmma_load_16x16x16_f16_a_shared_dyn"})
                                        for ax0_1, ax1_1 in T.grid(16, 16):
                                            with T.block("pad_temp_reindex_pad_shared.dyn_wmma.matrix_a"):
                                                v0_i, v1_i = T.axis.remap("SS", [ax0_1, ax1_1])
                                                T.reads(pad_temp_reindex_pad_shared_dyn[v0_o * 16 + v0_i, v1_o * 16 + v1_i])
                                                T.writes(pad_temp_reindex_pad_shared_dyn_wmma_matrix_a[v0_o * 16 + v0_i, v1_o * 16 + v1_i])
                                                pad_temp_reindex_pad_shared_dyn_wmma_matrix_a[v0_o * 16 + v0_i, v1_o * 16 + v1_i] = pad_temp_reindex_pad_shared_dyn[v0_o * 16 + v0_i, v1_o * 16 + v1_i]
                                for ax0_0, ax1_0 in T.grid(8, 4):
                                    with T.block("W_reindex_shared.dyn_wmma.matrix_b_o"):
                                        v0_o = T.axis.spatial(16, ax0_0_1_ax1_0_1_fused * 8 + ax0_0)
                                        v1_o = T.axis.spatial(144, ax2_0_0 * 4 + ax1_0)
                                        T.reads(W_reindex_shared_dyn[v0_o * 16:v0_o * 16 + 16, v1_o * 16:v1_o * 16 + 16])
                                        T.writes(W_reindex_shared_dyn_wmma_matrix_b[v0_o * 16:v0_o * 16 + 16, v1_o * 16:v1_o * 16 + 16])
                                        T.block_attr({"meta_schedule.auto_tensorize": "wmma_load_16x16x16_f16_b_trans_shared_dyn"})
                                        for ax0_1, ax1_1 in T.grid(16, 16):
                                            with T.block("W_reindex_shared.dyn_wmma.matrix_b"):
                                                v0_i, v1_i = T.axis.remap("SS", [ax0_1, ax1_1])
                                                T.reads(W_reindex_shared_dyn[v0_o * 16 + v0_i, v1_o * 16 + v1_i])
                                                T.writes(W_reindex_shared_dyn_wmma_matrix_b[v0_o * 16 + v0_i, v1_o * 16 + v1_i])
                                                W_reindex_shared_dyn_wmma_matrix_b[v0_o * 16 + v0_i, v1_o * 16 + v1_i] = W_reindex_shared_dyn[v0_o * 16 + v0_i, v1_o * 16 + v1_i]
                                for ax0_0_3, ax1_0_3, ax2_0_2, ax0_0_4, ax1_0_4 in T.grid(1, 8, 4, 1, 1):
                                    with T.block("conv2d_nchw_o"):
                                        v0_o = T.axis.spatial(13, ax0_0_0_ax1_0_0_fused + ax0_0_3 + ax0_0_4)
                                        v1_o = T.axis.spatial(16, ax0_0_1_ax1_0_1_fused * 8 + ax1_0_3 + ax1_0_4)
                                        v2_o = T.axis.reduce(144, ax2_0_0 * 4 + ax2_0_1 * 4 + ax2_0_2)
                                        T.reads(pad_temp_reindex_pad_shared_dyn_wmma_matrix_a[v0_o * 16:v0_o * 16 + 16, v2_o * 16:v2_o * 16 + 16], W_reindex_shared_dyn_wmma_matrix_b[v1_o * 16:v1_o * 16 + 16, v2_o * 16:v2_o * 16 + 16])
                                        T.writes(conv2d_nchw_reindex_pad_shared_dyn_wmma_accumulator[v0_o, v1_o // 8, 0, v1_o % 8, 0:16, 0:16])
                                        T.block_attr({"meta_schedule.auto_tensorize": "wmma_sync_16x16x16_f16f16f16_trans", "meta_schedule.auto_tensorize_init": "wmma_fill_16x16x16_f16", "meta_schedule.thread_extent_high_inclusive": 1024, "meta_schedule.thread_extent_low_inclusive": 32, "warp_execution": 1})
                                        with T.init():
                                            for ax0_1, ax1_1 in T.grid(16, 16):
                                                with T.block("conv2d_nchw_init"):
                                                    v0_i_init, v1_i_init = T.axis.remap("SS", [ax0_1, ax1_1])
                                                    T.reads()
                                                    T.writes(conv2d_nchw_reindex_pad_shared_dyn_wmma_accumulator[v0_o, v1_o // 8, 0, v1_o % 8, v0_i_init, v1_i_init])
                                                    conv2d_nchw_reindex_pad_shared_dyn_wmma_accumulator[v0_o, v1_o // 8, 0, v1_o % 8, v0_i_init, v1_i_init] = T.float16(0.0)
                                        for ax0_1, ax1_1, ax2_1 in T.grid(16, 16, 16):
                                            with T.block("conv2d_nchw"):
                                                v0_i, v1_i, v2_i = T.axis.remap("SSR", [ax0_1, ax1_1, ax2_1])
                                                T.reads(conv2d_nchw_reindex_pad_shared_dyn_wmma_accumulator[v0_o, v1_o // 8, 0, v1_o % 8, v0_i, v1_i], pad_temp_reindex_pad_shared_dyn_wmma_matrix_a[v0_o * 16 + v0_i, v2_o * 16 + v2_i], W_reindex_shared_dyn_wmma_matrix_b[v1_o * 16 + v1_i, v2_o * 16 + v2_i])
                                                T.writes(conv2d_nchw_reindex_pad_shared_dyn_wmma_accumulator[v0_o, v1_o // 8, 0, v1_o % 8, v0_i, v1_i])
                                                T.block_attr({"meta_schedule.tiling_structure": "SSSRRSRS"})
                                                conv2d_nchw_reindex_pad_shared_dyn_wmma_accumulator[v0_o, v1_o // 8, 0, v1_o % 8, v0_i, v1_i] = conv2d_nchw_reindex_pad_shared_dyn_wmma_accumulator[v0_o, v1_o // 8, 0, v1_o % 8, v0_i, v1_i] + pad_temp_reindex_pad_shared_dyn_wmma_matrix_a[v0_o * 16 + v0_i, v2_o * 16 + v2_i] * W_reindex_shared_dyn_wmma_matrix_b[v1_o * 16 + v1_i, v2_o * 16 + v2_i]
                    for ax2 in range(1):
                        for ax0_ax1_fused in T.thread_binding(1, thread="threadIdx.y"):
                            for ax2_1, ax3 in T.grid(1, 8):
                                with T.block("conv2d_nchw_reindex_pad_shared.dyn_wmma.accumulator_o"):
                                    v0_o, v1_o, v2_o, v3_o = T.axis.remap("SSSS", [ax0_0_0_ax1_0_0_fused, ax0_0_1_ax1_0_1_fused, ax2_1, ax3])
                                    v4_o = T.axis.spatial(1, 0)
                                    v5_o = T.axis.spatial(1, 0)
                                    T.reads(conv2d_nchw_reindex_pad_shared_dyn_wmma_accumulator[v0_o, v1_o, v2_o, v3_o, 0:16, 0:16])
                                    T.writes(conv2d_nchw_reindex_pad_shared_dyn[v0_o, v1_o, v2_o, v3_o, 0:16, 0:16])
                                    T.block_attr({"meta_schedule.auto_tensorize": "wmma_store_16x16x16_f16_shared_dyn"})
                                    for ax4, ax5 in T.grid(16, 16):
                                        with T.block("conv2d_nchw_reindex_pad_shared.dyn_wmma.accumulator"):
                                            v4_i, v5_i = T.axis.remap("SS", [ax4, ax5])
                                            T.reads(conv2d_nchw_reindex_pad_shared_dyn_wmma_accumulator[v0_o, v1_o, v2_o, v3_o, v4_i, v5_i])
                                            T.writes(conv2d_nchw_reindex_pad_shared_dyn[v0_o, v1_o, v2_o, v3_o, v4_i, v5_i])
                                            conv2d_nchw_reindex_pad_shared_dyn[v0_o, v1_o, v2_o, v3_o, v4_i, v5_i] = conv2d_nchw_reindex_pad_shared_dyn_wmma_accumulator[v0_o, v1_o, v2_o, v3_o, v4_i, v5_i]
                        for ax0_ax1_ax3_ax4_ax5_fused in range(2048):
                            with T.block("conv2d_nchw_reindex_pad_shared.dyn"):
                                v0, v1, v2 = T.axis.remap("SSS", [ax0_0_0_ax1_0_0_fused, ax0_0_1_ax1_0_1_fused, ax2])
                                v3 = T.axis.spatial(8, ax0_ax1_ax3_ax4_ax5_fused // 256)
                                v4 = T.axis.spatial(16, ax0_ax1_ax3_ax4_ax5_fused % 256 // 16)
                                v5 = T.axis.spatial(16, ax0_ax1_ax3_ax4_ax5_fused % 16)
                                T.where(ax0_0_0_ax1_0_0_fused * 16 + T.Mul(0, 16) + ax0_ax1_ax3_ax4_ax5_fused % 256 // 16 < 196)
                                T.reads(conv2d_nchw_reindex_pad_shared_dyn[v0, v1, v2, v3, v4, v5])
                                T.writes(conv2d_nchw[0, v5 + v3 * 16 + v1 * 128, (v4 + v0 * 16) // 14, (v4 + v0 * 16) % 14])
                                T.block_attr({"meta_schedule.cooperative_fetch": 8})
                                conv2d_nchw[0, v5 + v3 * 16 + v1 * 128, (v4 + v0 * 16) // 14, (v4 + v0 * 16) % 14] = conv2d_nchw_reindex_pad_shared_dyn[v0, v1, v2, v3, v4, v5]
b0 = sch.get_block(name="pad_temp", func_name="main")
b1 = sch.get_block(name="conv2d_nchw", func_name="main")
b2 = sch.get_block(name="root", func_name="main")
sch.annotate(block_or_loop=b1, ann_key="meta_schedule.tiling_structure", ann_val="SSSRRSRS")
b3 = sch.reindex(block=b1, buffer=("write", 0))
b4 = sch.reindex(block=b1, buffer=("read", 0))
b5 = sch.reindex(block=b1, buffer=("read", 1))
sch.transform_layout(block=b1, buffer=("read", 0), index_map=lambda v_nn, v_yy, v_xx, v_rc, v_ry, v_rx: (v_nn * 196 + v_yy * 14 + v_xx, v_rc * 9 + v_ry * 3 + v_rx,), pad_value=None, assume_injective_transform=True)
sch.transform_layout(block=b1, buffer=("read", 1), index_map=lambda v_ff, v_rc, v_ry, v_rx: (v_ff, v_rc * 9 + v_ry * 3 + v_rx,), pad_value=None, assume_injective_transform=True)
sch.transform_layout(block=b1, buffer=("write", 0), index_map=lambda v_nn, v_ff, v_yy, v_xx: (v_nn * 196 + v_yy * 14 + v_xx, v_ff,), pad_value=None, assume_injective_transform=True)
sch.transform_block_layout(block=b3, index_map=lambda v_nn, v_ff, v_yy, v_xx: (v_nn * 196 + v_yy * 14 + v_xx, v_ff,))
sch.transform_block_layout(block=b4, index_map=lambda v_nn, v_yy, v_xx, v_rc, v_ry, v_rx: (v_nn * 196 + v_yy * 14 + v_xx, v_rc * 9 + v_ry * 3 + v_rx,))
sch.transform_block_layout(block=b5, index_map=lambda v_ff, v_rc, v_ry, v_rx: (v_ff, v_rc * 9 + v_ry * 3 + v_rx,))
sch.transform_block_layout(block=b1, index_map=lambda v_nn, v_ff, v_yy, v_xx, v_rc, v_ry, v_rx: (v_nn * 196 + v_yy * 14 + v_xx, v_ff, v_rc * 9 + v_ry * 3 + v_rx,))
sch.pad_einsum(block=b1, padding=[16, 1, 1])
b6, b7 = sch.get_producers(block=b1)
b8, = sch.get_producers(block=b6)
b9, = sch.get_consumers(block=b1)
sch.compute_inline(block=b8)
sch.compute_inline(block=b9)
l10, l11, l12 = sch.get_loops(block=b1)
l13, l14 = sch.split(loop=l12, factors=[None, 16], preserve_unit_iters=True, disable_predication=False)
l15, l16 = sch.split(loop=l11, factors=[None, 16], preserve_unit_iters=True, disable_predication=False)
l17, l18 = sch.split(loop=l10, factors=[None, 16], preserve_unit_iters=True, disable_predication=False)
l19, l20, l21, l22, l23, l24 = sch.get_loops(block=b1)
sch.reorder(l21, l23, l18, l16, l14)
b25 = sch.blockize(target=l18, preserve_unit_iters=True)
sch.annotate(block_or_loop=b25, ann_key="meta_schedule.auto_tensorize", ann_val="wmma_sync_16x16x16_f16f16f16_trans")
sch.annotate(block_or_loop=b25, ann_key="meta_schedule.auto_tensorize_init", ann_val="wmma_fill_16x16x16_f16")
sch.annotate(block_or_loop=b25, ann_key="warp_execution", ann_val=1)
l26, l27, l28 = sch.get_loops(block=b25)
v29, v30, v31, v32, v33 = sch.sample_perfect_tile(loop=l26, n=5, max_innermost_factor=4, decision=[13, 1, 1, 1, 1])
l34, l35, l36, l37, l38 = sch.split(loop=l26, factors=[v29, v30, v31, v32, v33], preserve_unit_iters=True, disable_predication=False)
v39, v40, v41, v42, v43 = sch.sample_perfect_tile(loop=l27, n=5, max_innermost_factor=4, decision=[1, 2, 1, 8, 1])
l44, l45, l46, l47, l48 = sch.split(loop=l27, factors=[v39, v40, v41, v42, v43], preserve_unit_iters=True, disable_predication=False)
v49, v50, v51 = sch.sample_perfect_tile(loop=l28, n=3, max_innermost_factor=4, decision=[36, 1, 4])
l52, l53, l54 = sch.split(loop=l28, factors=[v49, v50, v51], preserve_unit_iters=True, disable_predication=False)
sch.reorder(l34, l44, l35, l45, l36, l46, l52, l53, l37, l47, l54, l38, l48)
l55 = sch.fuse(l34, l44, preserve_unit_iters=True)
sch.bind(loop=l55, thread_axis="blockIdx.y")
l56 = sch.fuse(l35, l45, preserve_unit_iters=True)
sch.bind(loop=l56, thread_axis="blockIdx.x")
l57 = sch.fuse(l36, l46, preserve_unit_iters=True)
sch.bind(loop=l57, thread_axis="threadIdx.y")
sch.annotate(block_or_loop=b25, ann_key="meta_schedule.thread_extent_low_inclusive", ann_val=32)
sch.annotate(block_or_loop=b25, ann_key="meta_schedule.thread_extent_high_inclusive", ann_val=1024)
sch.transform_layout(block=b25, buffer=("write", 0), index_map=lambda i0, i1: (i0 // 16 // (v32 * v33), i1 // 16 // (v42 * v43), i0 // 16 % (v32 * v33), i1 // 16 % (v42 * v43), i0 % 16, i1 % 16,), pad_value=None, assume_injective_transform=True)
b58 = sch.cache_write(block=b25, write_buffer_index=0, storage_scope="shared.dyn")
sch.reverse_compute_at(block=b58, loop=l56, preserve_unit_loops=True, index=-1)
b59 = sch.cache_write(block=b25, write_buffer_index=0, storage_scope="wmma.accumulator")
l60, l61, l62, l63, l64, l65, l66, l67 = sch.get_loops(block=b58)
sch.reorder(l64, l62, l63, l65)
sch.compute_at(block=b59, loop=l64, preserve_unit_loops=True, index=-1)
l68, l69, l70, l71, l72, l73, l74, l75, l76 = sch.get_loops(block=b59)
l77 = sch.fuse(l71, l72, preserve_unit_iters=True)
sch.bind(loop=l77, thread_axis="threadIdx.y")
sch.reverse_compute_inline(block=b3)
l78, l79, l80, l81, l82, l83, l84, l85 = sch.get_loops(block=b59)
b86 = sch.blockize(target=l84, preserve_unit_iters=True)
sch.annotate(block_or_loop=b86, ann_key="meta_schedule.auto_tensorize", ann_val="wmma_store_16x16x16_f16_shared_dyn")
l87, l88, l89, l90, l91, l92, l93, l94 = sch.get_loops(block=b58)
l95 = sch.fuse(l90, l91, l92, l93, l94, preserve_unit_iters=True)
v96 = sch.sample_categorical(candidates=[1, 2, 4, 8], probs=[0.25, 0.25, 0.25, 0.25], decision=3)
sch.annotate(block_or_loop=b58, ann_key="meta_schedule.cooperative_fetch", ann_val=v96)
b97 = sch.cache_read(block=b25, read_buffer_index=0, storage_scope="shared.dyn", consumer_blocks=[b25])
sch.compute_at(block=b97, loop=l52, preserve_unit_loops=True, index=-1)
l98, l99, l100, l101, l102, l103 = sch.get_loops(block=b97)
l104 = sch.fuse(l102, l103, preserve_unit_iters=True)
v105 = sch.sample_categorical(candidates=[1, 2, 4, 8], probs=[0.25, 0.25, 0.25, 0.25], decision=1)
sch.annotate(block_or_loop=b97, ann_key="meta_schedule.cooperative_fetch", ann_val=v105)
b106 = sch.cache_read(block=b25, read_buffer_index=1, storage_scope="shared.dyn", consumer_blocks=[b25])
sch.compute_at(block=b106, loop=l52, preserve_unit_loops=True, index=-1)
l107, l108, l109, l110, l111, l112 = sch.get_loops(block=b106)
l113 = sch.fuse(l111, l112, preserve_unit_iters=True)
v114 = sch.sample_categorical(candidates=[1, 2, 4, 8], probs=[0.25, 0.25, 0.25, 0.25], decision=3)
sch.annotate(block_or_loop=b106, ann_key="meta_schedule.cooperative_fetch", ann_val=v114)
b115 = sch.cache_read(block=b25, read_buffer_index=0, storage_scope="wmma.matrix_a")
sch.compute_at(block=b115, loop=l53, preserve_unit_loops=True, index=-1)
l116, l117, l118, l119, l120, l121, l122 = sch.get_loops(block=b115)
l123, l124 = sch.split(loop=l122, factors=[None, 16], preserve_unit_iters=True, disable_predication=False)
l125, l126 = sch.split(loop=l121, factors=[None, 16], preserve_unit_iters=True, disable_predication=False)
l127, l128, l129, l130, l131, l132, l133, l134, l135 = sch.get_loops(block=b115)
sch.reorder(l134, l126, l124)
b136 = sch.blockize(target=l126, preserve_unit_iters=True)
sch.annotate(block_or_loop=b136, ann_key="meta_schedule.auto_tensorize", ann_val="wmma_load_16x16x16_f16_a_shared_dyn")
b137 = sch.cache_read(block=b25, read_buffer_index=1, storage_scope="wmma.matrix_b")
sch.compute_at(block=b137, loop=l53, preserve_unit_loops=True, index=-1)
l138, l139, l140, l141, l142, l143, l144 = sch.get_loops(block=b137)
l145, l146 = sch.split(loop=l144, factors=[None, 16], preserve_unit_iters=True, disable_predication=False)
l147, l148 = sch.split(loop=l143, factors=[None, 16], preserve_unit_iters=True, disable_predication=False)
l149, l150, l151, l152, l153, l154, l155, l156, l157 = sch.get_loops(block=b137)
sch.reorder(l156, l148, l146)
b158 = sch.blockize(target=l148, preserve_unit_iters=True)
sch.annotate(block_or_loop=b158, ann_key="meta_schedule.auto_tensorize", ann_val="wmma_load_16x16x16_f16_b_trans_shared_dyn")
b159, = sch.get_producers(block=b97)
sch.compute_inline(block=b159)
sch.storage_align(block=b97, buffer_index=0, axis=-2, factor=32, offset=8)
b160, = sch.get_producers(block=b106)
sch.compute_inline(block=b160)
sch.storage_align(block=b106, buffer_index=0, axis=-2, factor=32, offset=8)
sch.compute_inline(block=b0)
v161 = sch.sample_categorical(candidates=[0, 16, 64, 512, 1024], probs=[0.20000000000000001, 0.20000000000000001, 0.20000000000000001, 0.20000000000000001, 0.20000000000000001], decision=4)
sch.annotate(block_or_loop=b2, ann_key="meta_schedule.unroll_explicit", ann_val=v161)
2025-10-07 10:52:51 [INFO] [task_scheduler.cc:170] Design space #1:
# from tvm.script import ir as I
# from tvm.script import tir as T

@I.ir_module
class Module:
    @T.prim_func
    def main(A: T.Buffer((1, 256, 14, 14), "float16"), W: T.Buffer((256, 256, 3, 3), "float16"), conv2d_nchw: T.Buffer((1, 256, 14, 14), "float16")):
        T.func_attr({"tir.noalias": T.bool(True)})
        with T.block("root"):
            T.reads()
            T.writes()
            T.block_attr({"meta_schedule.unroll_explicit": 64})
            conv2d_nchw_reindex_pad_shared_dyn = T.alloc_buffer((13, 4, 1, 4, 16, 16), "float16", scope="shared.dyn")
            conv2d_nchw_reindex_pad_shared_dyn_wmma_accumulator = T.alloc_buffer((13, 4, 1, 4, 16, 16), "float16", scope="wmma.accumulator")
            pad_temp_reindex_pad_shared_dyn = T.alloc_buffer((208, 2304), "float16", scope="shared.dyn")
            W_reindex_shared_dyn = T.alloc_buffer((2304, 256), "float16", scope="shared.dyn")
            pad_temp_reindex_pad_shared_dyn_wmma_matrix_a = T.alloc_buffer((208, 2304), "float16", scope="wmma.matrix_a")
            W_reindex_shared_dyn_wmma_matrix_b = T.alloc_buffer((2304, 256), "float16", scope="wmma.matrix_b")
            for ax0_0_0_ax1_0_0_fused in T.thread_binding(1, thread="blockIdx.y"):
                for ax0_0_1_ax1_0_1_fused in T.thread_binding(1, thread="blockIdx.x"):
                    for ax0_0_2_ax1_0_2_fused in T.thread_binding(52, thread="threadIdx.y"):
                        for ax2_0_0 in range(1):
                            for ax0_ax1_fused in range(479232):
                                with T.block("pad_temp_reindex_pad_shared.dyn"):
                                    v0 = T.axis.spatial(208, ax0_ax1_fused // 2304)
                                    v1 = T.axis.spatial(2304, ax0_ax1_fused % 2304)
                                    T.reads(A[0, v1 // 9, v0 // 14 + v1 % 9 // 3 - 1, v0 % 14 + v1 % 3 - 1])
                                    T.writes(pad_temp_reindex_pad_shared_dyn[v0, v1])
                                    T.block_attr({"buffer_dim_align": [[0, 0, 32, 8]], "meta_schedule.cooperative_fetch": 4})
                                    pad_temp_reindex_pad_shared_dyn[v0, v1] = T.if_then_else(v0 < 196, T.if_then_else(1 <= v0 // 14 + v1 % 9 // 3 and v0 // 14 + v1 % 9 // 3 < 15 and 1 <= v0 % 14 + v1 % 3 and v0 % 14 + v1 % 3 < 15, A[0, v1 // 9, v0 // 14 + v1 % 9 // 3 - 1, v0 % 14 + v1 % 3 - 1], T.float16(0.0)), T.float16(0.0))
                            for ax0_ax1_fused in range(589824):
                                with T.block("W_reindex_shared.dyn"):
                                    v0 = T.axis.spatial(2304, ax0_ax1_fused // 256)
                                    v1 = T.axis.spatial(256, ax0_ax1_fused % 256)
                                    T.reads(W[v1, v0 // 9, v0 % 9 // 3, v0 % 3])
                                    T.writes(W_reindex_shared_dyn[v0, v1])
                                    T.block_attr({"buffer_dim_align": [[0, 0, 32, 8]], "meta_schedule.cooperative_fetch": 1})
                                    W_reindex_shared_dyn[v0, v1] = W[v1, v0 // 9, v0 % 9 // 3, v0 % 3]
                            for ax2_0_1 in range(48):
                                for ax0_0, ax1_0 in T.grid(1, 3):
                                    with T.block("pad_temp_reindex_pad_shared.dyn_wmma.matrix_a_o"):
                                        v0_o = T.axis.spatial(13, ax0_0_2_ax1_0_2_fused // 4 + ax0_0)
                                        v1_o = T.axis.spatial(144, ax2_0_1 * 3 + ax1_0)
                                        T.reads(pad_temp_reindex_pad_shared_dyn[v0_o * 16:v0_o * 16 + 16, v1_o * 16:v1_o * 16 + 16])
                                        T.writes(pad_temp_reindex_pad_shared_dyn_wmma_matrix_a[v0_o * 16:v0_o * 16 + 16, v1_o * 16:v1_o * 16 + 16])
                                        T.block_attr({"meta_schedule.auto_tensorize": "wmma_load_16x16x16_f16_a_shared_dyn"})
                                        for ax0_1, ax1_1 in T.grid(16, 16):
                                            with T.block("pad_temp_reindex_pad_shared.dyn_wmma.matrix_a"):
                                                v0_i, v1_i = T.axis.remap("SS", [ax0_1, ax1_1])
                                                T.reads(pad_temp_reindex_pad_shared_dyn[v0_o * 16 + v0_i, v1_o * 16 + v1_i])
                                                T.writes(pad_temp_reindex_pad_shared_dyn_wmma_matrix_a[v0_o * 16 + v0_i, v1_o * 16 + v1_i])
                                                pad_temp_reindex_pad_shared_dyn_wmma_matrix_a[v0_o * 16 + v0_i, v1_o * 16 + v1_i] = pad_temp_reindex_pad_shared_dyn[v0_o * 16 + v0_i, v1_o * 16 + v1_i]
                                for ax0_0, ax1_0 in T.grid(3, 4):
                                    with T.block("W_reindex_shared.dyn_wmma.matrix_b_o"):
                                        v0_o = T.axis.spatial(144, ax2_0_1 * 3 + ax0_0)
                                        v1_o = T.axis.spatial(16, ax0_0_2_ax1_0_2_fused % 4 * 4 + ax1_0)
                                        T.reads(W_reindex_shared_dyn[v0_o * 16:v0_o * 16 + 16, v1_o * 16:v1_o * 16 + 16])
                                        T.writes(W_reindex_shared_dyn_wmma_matrix_b[v0_o * 16:v0_o * 16 + 16, v1_o * 16:v1_o * 16 + 16])
                                        T.block_attr({"meta_schedule.auto_tensorize": "wmma_load_16x16x16_f16_b_shared_dyn"})
                                        for ax0_1, ax1_1 in T.grid(16, 16):
                                            with T.block("W_reindex_shared.dyn_wmma.matrix_b"):
                                                v0_i, v1_i = T.axis.remap("SS", [ax0_1, ax1_1])
                                                T.reads(W_reindex_shared_dyn[v0_o * 16 + v0_i, v1_o * 16 + v1_i])
                                                T.writes(W_reindex_shared_dyn_wmma_matrix_b[v0_o * 16 + v0_i, v1_o * 16 + v1_i])
                                                W_reindex_shared_dyn_wmma_matrix_b[v0_o * 16 + v0_i, v1_o * 16 + v1_i] = W_reindex_shared_dyn[v0_o * 16 + v0_i, v1_o * 16 + v1_i]
                                for ax0_0_3, ax1_0_3, ax2_0_2, ax0_0_4, ax1_0_4 in T.grid(1, 1, 3, 1, 4):
                                    with T.block("conv2d_nchw_o"):
                                        v0_o = T.axis.spatial(13, ax0_0_2_ax1_0_2_fused // 4 + ax0_0_3 + ax0_0_4)
                                        v1_o = T.axis.spatial(16, ax0_0_2_ax1_0_2_fused % 4 * 4 + ax1_0_3 * 4 + ax1_0_4)
                                        v2_o = T.axis.reduce(144, ax2_0_0 * 144 + ax2_0_1 * 3 + ax2_0_2)
                                        T.reads(pad_temp_reindex_pad_shared_dyn_wmma_matrix_a[v0_o * 16:v0_o * 16 + 16, v2_o * 16:v2_o * 16 + 16], W_reindex_shared_dyn_wmma_matrix_b[v2_o * 16:v2_o * 16 + 16, v1_o * 16:v1_o * 16 + 16])
                                        T.writes(conv2d_nchw_reindex_pad_shared_dyn_wmma_accumulator[v0_o, v1_o // 4, 0, v1_o % 4, 0:16, 0:16])
                                        T.block_attr({"meta_schedule.auto_tensorize": "wmma_sync_16x16x16_f16f16f16", "meta_schedule.auto_tensorize_init": "wmma_fill_16x16x16_f16", "meta_schedule.thread_extent_high_inclusive": 1024, "meta_schedule.thread_extent_low_inclusive": 32, "warp_execution": 1})
                                        with T.init():
                                            for ax0_1, ax1_1 in T.grid(16, 16):
                                                with T.block("conv2d_nchw_init"):
                                                    v0_i_init, v1_i_init = T.axis.remap("SS", [ax0_1, ax1_1])
                                                    T.reads()
                                                    T.writes(conv2d_nchw_reindex_pad_shared_dyn_wmma_accumulator[v0_o, v1_o // 4, 0, v1_o % 4, v0_i_init, v1_i_init])
                                                    conv2d_nchw_reindex_pad_shared_dyn_wmma_accumulator[v0_o, v1_o // 4, 0, v1_o % 4, v0_i_init, v1_i_init] = T.float16(0.0)
                                        for ax0_1, ax1_1, ax2_1 in T.grid(16, 16, 16):
                                            with T.block("conv2d_nchw"):
                                                v0_i, v1_i, v2_i = T.axis.remap("SSR", [ax0_1, ax1_1, ax2_1])
                                                T.reads(conv2d_nchw_reindex_pad_shared_dyn_wmma_accumulator[v0_o, v1_o // 4, 0, v1_o % 4, v0_i, v1_i], pad_temp_reindex_pad_shared_dyn_wmma_matrix_a[v0_o * 16 + v0_i, v2_o * 16 + v2_i], W_reindex_shared_dyn_wmma_matrix_b[v2_o * 16 + v2_i, v1_o * 16 + v1_i])
                                                T.writes(conv2d_nchw_reindex_pad_shared_dyn_wmma_accumulator[v0_o, v1_o // 4, 0, v1_o % 4, v0_i, v1_i])
                                                T.block_attr({"meta_schedule.tiling_structure": "SSSRRSRS"})
                                                conv2d_nchw_reindex_pad_shared_dyn_wmma_accumulator[v0_o, v1_o // 4, 0, v1_o % 4, v0_i, v1_i] = conv2d_nchw_reindex_pad_shared_dyn_wmma_accumulator[v0_o, v1_o // 4, 0, v1_o % 4, v0_i, v1_i] + pad_temp_reindex_pad_shared_dyn_wmma_matrix_a[v0_o * 16 + v0_i, v2_o * 16 + v2_i] * W_reindex_shared_dyn_wmma_matrix_b[v2_o * 16 + v2_i, v1_o * 16 + v1_i]
                    for ax2 in range(1):
                        for ax0_ax1_fused in T.thread_binding(52, thread="threadIdx.y"):
                            for ax2_1, ax3 in T.grid(1, 4):
                                with T.block("conv2d_nchw_reindex_pad_shared.dyn_wmma.accumulator_o"):
                                    v0_o = T.axis.spatial(13, ax0_ax1_fused // 4)
                                    v1_o = T.axis.spatial(4, ax0_ax1_fused % 4)
                                    v2_o, v3_o = T.axis.remap("SS", [ax2_1, ax3])
                                    v4_o = T.axis.spatial(1, 0)
                                    v5_o = T.axis.spatial(1, 0)
                                    T.reads(conv2d_nchw_reindex_pad_shared_dyn_wmma_accumulator[v0_o, v1_o, v2_o, v3_o, 0:16, 0:16])
                                    T.writes(conv2d_nchw_reindex_pad_shared_dyn[v0_o, v1_o, v2_o, v3_o, 0:16, 0:16])
                                    T.block_attr({"meta_schedule.auto_tensorize": "wmma_store_16x16x16_f16_shared_dyn"})
                                    for ax4, ax5 in T.grid(16, 16):
                                        with T.block("conv2d_nchw_reindex_pad_shared.dyn_wmma.accumulator"):
                                            v4_i, v5_i = T.axis.remap("SS", [ax4, ax5])
                                            T.reads(conv2d_nchw_reindex_pad_shared_dyn_wmma_accumulator[v0_o, v1_o, v2_o, v3_o, v4_i, v5_i])
                                            T.writes(conv2d_nchw_reindex_pad_shared_dyn[v0_o, v1_o, v2_o, v3_o, v4_i, v5_i])
                                            conv2d_nchw_reindex_pad_shared_dyn[v0_o, v1_o, v2_o, v3_o, v4_i, v5_i] = conv2d_nchw_reindex_pad_shared_dyn_wmma_accumulator[v0_o, v1_o, v2_o, v3_o, v4_i, v5_i]
                        for ax0_ax1_ax3_ax4_ax5_fused in range(53248):
                            with T.block("conv2d_nchw_reindex_pad_shared.dyn"):
                                v0 = T.axis.spatial(13, ax0_ax1_ax3_ax4_ax5_fused // 4096)
                                v1 = T.axis.spatial(4, ax0_ax1_ax3_ax4_ax5_fused % 4096 // 1024)
                                v2 = T.axis.spatial(1, ax2)
                                v3 = T.axis.spatial(4, ax0_ax1_ax3_ax4_ax5_fused % 1024 // 256)
                                v4 = T.axis.spatial(16, ax0_ax1_ax3_ax4_ax5_fused % 256 // 16)
                                v5 = T.axis.spatial(16, ax0_ax1_ax3_ax4_ax5_fused % 16)
                                T.where(ax0_ax1_ax3_ax4_ax5_fused // 4096 * 16 + ax0_ax1_ax3_ax4_ax5_fused % 256 // 16 < 196)
                                T.reads(conv2d_nchw_reindex_pad_shared_dyn[v0, v1, v2, v3, v4, v5])
                                T.writes(conv2d_nchw[0, v5 + v3 * 16 + v1 * 64, (v4 + v0 * 16) // 14, (v4 + v0 * 16) % 14])
                                T.block_attr({"meta_schedule.cooperative_fetch": 1})
                                conv2d_nchw[0, v5 + v3 * 16 + v1 * 64, (v4 + v0 * 16) // 14, (v4 + v0 * 16) % 14] = conv2d_nchw_reindex_pad_shared_dyn[v0, v1, v2, v3, v4, v5]
b0 = sch.get_block(name="pad_temp", func_name="main")
b1 = sch.get_block(name="conv2d_nchw", func_name="main")
b2 = sch.get_block(name="root", func_name="main")
sch.annotate(block_or_loop=b1, ann_key="meta_schedule.tiling_structure", ann_val="SSSRRSRS")
b3 = sch.reindex(block=b1, buffer=("write", 0))
b4 = sch.reindex(block=b1, buffer=("read", 0))
b5 = sch.reindex(block=b1, buffer=("read", 1))
sch.transform_layout(block=b1, buffer=("read", 0), index_map=lambda v_nn, v_yy, v_xx, v_rc, v_ry, v_rx: (v_nn * 196 + v_yy * 14 + v_xx, v_rc * 9 + v_ry * 3 + v_rx,), pad_value=None, assume_injective_transform=True)
sch.transform_layout(block=b1, buffer=("read", 1), index_map=lambda v_ff, v_rc, v_ry, v_rx: (v_rc * 9 + v_ry * 3 + v_rx, v_ff,), pad_value=None, assume_injective_transform=True)
sch.transform_layout(block=b1, buffer=("write", 0), index_map=lambda v_nn, v_ff, v_yy, v_xx: (v_nn * 196 + v_yy * 14 + v_xx, v_ff,), pad_value=None, assume_injective_transform=True)
sch.transform_block_layout(block=b3, index_map=lambda v_nn, v_ff, v_yy, v_xx: (v_nn * 196 + v_yy * 14 + v_xx, v_ff,))
sch.transform_block_layout(block=b4, index_map=lambda v_nn, v_yy, v_xx, v_rc, v_ry, v_rx: (v_nn * 196 + v_yy * 14 + v_xx, v_rc * 9 + v_ry * 3 + v_rx,))
sch.transform_block_layout(block=b5, index_map=lambda v_ff, v_rc, v_ry, v_rx: (v_rc * 9 + v_ry * 3 + v_rx, v_ff,))
sch.transform_block_layout(block=b1, index_map=lambda v_nn, v_ff, v_yy, v_xx, v_rc, v_ry, v_rx: (v_nn * 196 + v_yy * 14 + v_xx, v_ff, v_rc * 9 + v_ry * 3 + v_rx,))
sch.pad_einsum(block=b1, padding=[16, 1, 1])
b6, b7 = sch.get_producers(block=b1)
b8, = sch.get_producers(block=b6)
b9, = sch.get_consumers(block=b1)
sch.compute_inline(block=b8)
sch.compute_inline(block=b9)
l10, l11, l12 = sch.get_loops(block=b1)
l13, l14 = sch.split(loop=l12, factors=[None, 16], preserve_unit_iters=True, disable_predication=False)
l15, l16 = sch.split(loop=l11, factors=[None, 16], preserve_unit_iters=True, disable_predication=False)
l17, l18 = sch.split(loop=l10, factors=[None, 16], preserve_unit_iters=True, disable_predication=False)
l19, l20, l21, l22, l23, l24 = sch.get_loops(block=b1)
sch.reorder(l21, l23, l18, l16, l14)
b25 = sch.blockize(target=l18, preserve_unit_iters=True)
sch.annotate(block_or_loop=b25, ann_key="meta_schedule.auto_tensorize", ann_val="wmma_sync_16x16x16_f16f16f16")
sch.annotate(block_or_loop=b25, ann_key="meta_schedule.auto_tensorize_init", ann_val="wmma_fill_16x16x16_f16")
sch.annotate(block_or_loop=b25, ann_key="warp_execution", ann_val=1)
l26, l27, l28 = sch.get_loops(block=b25)
v29, v30, v31, v32, v33 = sch.sample_perfect_tile(loop=l26, n=5, max_innermost_factor=4, decision=[1, 1, 13, 1, 1])
l34, l35, l36, l37, l38 = sch.split(loop=l26, factors=[v29, v30, v31, v32, v33], preserve_unit_iters=True, disable_predication=False)
v39, v40, v41, v42, v43 = sch.sample_perfect_tile(loop=l27, n=5, max_innermost_factor=4, decision=[1, 1, 4, 1, 4])
l44, l45, l46, l47, l48 = sch.split(loop=l27, factors=[v39, v40, v41, v42, v43], preserve_unit_iters=True, disable_predication=False)
v49, v50, v51 = sch.sample_perfect_tile(loop=l28, n=3, max_innermost_factor=4, decision=[1, 48, 3])
l52, l53, l54 = sch.split(loop=l28, factors=[v49, v50, v51], preserve_unit_iters=True, disable_predication=False)
sch.reorder(l34, l44, l35, l45, l36, l46, l52, l53, l37, l47, l54, l38, l48)
l55 = sch.fuse(l34, l44, preserve_unit_iters=True)
sch.bind(loop=l55, thread_axis="blockIdx.y")
l56 = sch.fuse(l35, l45, preserve_unit_iters=True)
sch.bind(loop=l56, thread_axis="blockIdx.x")
l57 = sch.fuse(l36, l46, preserve_unit_iters=True)
sch.bind(loop=l57, thread_axis="threadIdx.y")
sch.annotate(block_or_loop=b25, ann_key="meta_schedule.thread_extent_low_inclusive", ann_val=32)
sch.annotate(block_or_loop=b25, ann_key="meta_schedule.thread_extent_high_inclusive", ann_val=1024)
sch.transform_layout(block=b25, buffer=("write", 0), index_map=lambda i0, i1: (i0 // 16 // (v32 * v33), i1 // 16 // (v42 * v43), i0 // 16 % (v32 * v33), i1 // 16 % (v42 * v43), i0 % 16, i1 % 16,), pad_value=None, assume_injective_transform=True)
b58 = sch.cache_write(block=b25, write_buffer_index=0, storage_scope="shared.dyn")
sch.reverse_compute_at(block=b58, loop=l56, preserve_unit_loops=True, index=-1)
b59 = sch.cache_write(block=b25, write_buffer_index=0, storage_scope="wmma.accumulator")
l60, l61, l62, l63, l64, l65, l66, l67 = sch.get_loops(block=b58)
sch.reorder(l64, l62, l63, l65)
sch.compute_at(block=b59, loop=l64, preserve_unit_loops=True, index=-1)
l68, l69, l70, l71, l72, l73, l74, l75, l76 = sch.get_loops(block=b59)
l77 = sch.fuse(l71, l72, preserve_unit_iters=True)
sch.bind(loop=l77, thread_axis="threadIdx.y")
sch.reverse_compute_inline(block=b3)
l78, l79, l80, l81, l82, l83, l84, l85 = sch.get_loops(block=b59)
b86 = sch.blockize(target=l84, preserve_unit_iters=True)
sch.annotate(block_or_loop=b86, ann_key="meta_schedule.auto_tensorize", ann_val="wmma_store_16x16x16_f16_shared_dyn")
l87, l88, l89, l90, l91, l92, l93, l94 = sch.get_loops(block=b58)
l95 = sch.fuse(l90, l91, l92, l93, l94, preserve_unit_iters=True)
v96 = sch.sample_categorical(candidates=[1, 2, 4, 8], probs=[0.25, 0.25, 0.25, 0.25], decision=0)
sch.annotate(block_or_loop=b58, ann_key="meta_schedule.cooperative_fetch", ann_val=v96)
b97 = sch.cache_read(block=b25, read_buffer_index=0, storage_scope="shared.dyn", consumer_blocks=[b25])
sch.compute_at(block=b97, loop=l52, preserve_unit_loops=True, index=-1)
l98, l99, l100, l101, l102, l103 = sch.get_loops(block=b97)
l104 = sch.fuse(l102, l103, preserve_unit_iters=True)
v105 = sch.sample_categorical(candidates=[1, 2, 4, 8], probs=[0.25, 0.25, 0.25, 0.25], decision=2)
sch.annotate(block_or_loop=b97, ann_key="meta_schedule.cooperative_fetch", ann_val=v105)
b106 = sch.cache_read(block=b25, read_buffer_index=1, storage_scope="shared.dyn", consumer_blocks=[b25])
sch.compute_at(block=b106, loop=l52, preserve_unit_loops=True, index=-1)
l107, l108, l109, l110, l111, l112 = sch.get_loops(block=b106)
l113 = sch.fuse(l111, l112, preserve_unit_iters=True)
v114 = sch.sample_categorical(candidates=[1, 2, 4, 8], probs=[0.25, 0.25, 0.25, 0.25], decision=0)
sch.annotate(block_or_loop=b106, ann_key="meta_schedule.cooperative_fetch", ann_val=v114)
b115 = sch.cache_read(block=b25, read_buffer_index=0, storage_scope="wmma.matrix_a")
sch.compute_at(block=b115, loop=l53, preserve_unit_loops=True, index=-1)
l116, l117, l118, l119, l120, l121, l122 = sch.get_loops(block=b115)
l123, l124 = sch.split(loop=l122, factors=[None, 16], preserve_unit_iters=True, disable_predication=False)
l125, l126 = sch.split(loop=l121, factors=[None, 16], preserve_unit_iters=True, disable_predication=False)
l127, l128, l129, l130, l131, l132, l133, l134, l135 = sch.get_loops(block=b115)
sch.reorder(l134, l126, l124)
b136 = sch.blockize(target=l126, preserve_unit_iters=True)
sch.annotate(block_or_loop=b136, ann_key="meta_schedule.auto_tensorize", ann_val="wmma_load_16x16x16_f16_a_shared_dyn")
b137 = sch.cache_read(block=b25, read_buffer_index=1, storage_scope="wmma.matrix_b")
sch.compute_at(block=b137, loop=l53, preserve_unit_loops=True, index=-1)
l138, l139, l140, l141, l142, l143, l144 = sch.get_loops(block=b137)
l145, l146 = sch.split(loop=l144, factors=[None, 16], preserve_unit_iters=True, disable_predication=False)
l147, l148 = sch.split(loop=l143, factors=[None, 16], preserve_unit_iters=True, disable_predication=False)
l149, l150, l151, l152, l153, l154, l155, l156, l157 = sch.get_loops(block=b137)
sch.reorder(l156, l148, l146)
b158 = sch.blockize(target=l148, preserve_unit_iters=True)
sch.annotate(block_or_loop=b158, ann_key="meta_schedule.auto_tensorize", ann_val="wmma_load_16x16x16_f16_b_shared_dyn")
b159, = sch.get_producers(block=b97)
sch.compute_inline(block=b159)
sch.storage_align(block=b97, buffer_index=0, axis=-2, factor=32, offset=8)
b160, = sch.get_producers(block=b106)
sch.compute_inline(block=b160)
sch.storage_align(block=b106, buffer_index=0, axis=-2, factor=32, offset=8)
sch.compute_inline(block=b0)
v161 = sch.sample_categorical(candidates=[0, 16, 64, 512, 1024], probs=[0.20000000000000001, 0.20000000000000001, 0.20000000000000001, 0.20000000000000001, 0.20000000000000001], decision=2)
sch.annotate(block_or_loop=b2, ann_key="meta_schedule.unroll_explicit", ann_val=v161)
2025-10-07 10:52:51 [INFO] [evolutionary_search.cc:713] Generating candidates......
2025-10-07 10:52:51 [INFO] [evolutionary_search.cc:715] Picked top 0 candidate(s) from database
2025-10-07 10:53:01 [INFO] [evolutionary_search.cc:533] Sample-Init-Population summary:
Postproc #0 [meta_schedule.DisallowDynamicLoop(0x10966348)]: 0 failure(s)
Postproc #1 [meta_schedule.RewriteCooperativeFetch(0x10d195d8)]: 0 failure(s)
Postproc #2 [meta_schedule.RewriteUnboundBlock(0x10b2d658)]: 0 failure(s)
Postproc #3 [meta_schedule.RewriteParallelVectorizeUnroll(0x10c03278)]: 0 failure(s)
Postproc #4 [meta_schedule.RewriteReductionBlock(0x109facd8)]: 0 failure(s)
Postproc #5 [meta_schedule.VerifyGPUCode(0x1082ac68)]: 418 failure(s)
Postproc #6 [meta_schedule.RewriteTensorize(0x109da9c8)]: 0 failure(s)
2025-10-07 10:53:01 [INFO] [evolutionary_search.cc:723] Sampled 94 candidate(s)
2025-10-07 10:53:13 [INFO] [evolutionary_search.cc:621] Evolve iter #0 done. Summary:
Postproc #0 [meta_schedule.DisallowDynamicLoop(0x10966348)]: 0 failure(s)
Postproc #1 [meta_schedule.RewriteCooperativeFetch(0x10d195d8)]: 0 failure(s)
Postproc #2 [meta_schedule.RewriteUnboundBlock(0x10b2d658)]: 0 failure(s)
Postproc #3 [meta_schedule.RewriteParallelVectorizeUnroll(0x10c03278)]: 0 failure(s)
Postproc #4 [meta_schedule.RewriteReductionBlock(0x109facd8)]: 0 failure(s)
Postproc #5 [meta_schedule.VerifyGPUCode(0x1082ac68)]: 117 failure(s)
Postproc #6 [meta_schedule.RewriteTensorize(0x109da9c8)]: 0 failure(s)
2025-10-07 10:53:25 [INFO] [evolutionary_search.cc:621] Evolve iter #1 done. Summary:
Postproc #0 [meta_schedule.DisallowDynamicLoop(0x10966348)]: 0 failure(s)
Postproc #1 [meta_schedule.RewriteCooperativeFetch(0x10d195d8)]: 0 failure(s)
Postproc #2 [meta_schedule.RewriteUnboundBlock(0x10b2d658)]: 0 failure(s)
Postproc #3 [meta_schedule.RewriteParallelVectorizeUnroll(0x10c03278)]: 0 failure(s)
Postproc #4 [meta_schedule.RewriteReductionBlock(0x109facd8)]: 0 failure(s)
Postproc #5 [meta_schedule.VerifyGPUCode(0x1082ac68)]: 108 failure(s)
Postproc #6 [meta_schedule.RewriteTensorize(0x109da9c8)]: 0 failure(s)
2025-10-07 10:53:37 [INFO] [evolutionary_search.cc:621] Evolve iter #2 done. Summary:
Postproc #0 [meta_schedule.DisallowDynamicLoop(0x10966348)]: 0 failure(s)
Postproc #1 [meta_schedule.RewriteCooperativeFetch(0x10d195d8)]: 0 failure(s)
Postproc #2 [meta_schedule.RewriteUnboundBlock(0x10b2d658)]: 0 failure(s)
Postproc #3 [meta_schedule.RewriteParallelVectorizeUnroll(0x10c03278)]: 0 failure(s)
Postproc #4 [meta_schedule.RewriteReductionBlock(0x109facd8)]: 0 failure(s)
Postproc #5 [meta_schedule.VerifyGPUCode(0x1082ac68)]: 76 failure(s)
Postproc #6 [meta_schedule.RewriteTensorize(0x109da9c8)]: 0 failure(s)
2025-10-07 10:53:49 [INFO] [evolutionary_search.cc:621] Evolve iter #3 done. Summary:
Postproc #0 [meta_schedule.DisallowDynamicLoop(0x10966348)]: 0 failure(s)
Postproc #1 [meta_schedule.RewriteCooperativeFetch(0x10d195d8)]: 0 failure(s)
Postproc #2 [meta_schedule.RewriteUnboundBlock(0x10b2d658)]: 0 failure(s)
Postproc #3 [meta_schedule.RewriteParallelVectorizeUnroll(0x10c03278)]: 0 failure(s)
Postproc #4 [meta_schedule.RewriteReductionBlock(0x109facd8)]: 0 failure(s)
Postproc #5 [meta_schedule.VerifyGPUCode(0x1082ac68)]: 88 failure(s)
Postproc #6 [meta_schedule.RewriteTensorize(0x109da9c8)]: 0 failure(s)
2025-10-07 10:53:49 [INFO] [evolutionary_search.cc:649] Scores of the best 64 candidates:
[1 : 16]:	0.9991  0.9987  0.9986  0.9982  0.9970  0.9969  0.9963  0.9951  0.9950  0.9948  0.9939  0.9938  0.9931  0.9926  0.9919  0.9916
[17 : 32]:	0.9907  0.9895  0.9895  0.9893  0.9890  0.9888  0.9885  0.9878  0.9878  0.9876  0.9876  0.9873  0.9873  0.9865  0.9854  0.9844
[33 : 48]:	0.9844  0.9836  0.9831  0.9817  0.9816  0.9808  0.9803  0.9801  0.9785  0.9783  0.9783  0.9782  0.9781  0.9779  0.9773  0.9773
[49 : 64]:	0.9763  0.9750  0.9748  0.9747  0.9740  0.9735  0.9709  0.9705  0.9692  0.9690  0.9689  0.9688  0.9667  0.9663  0.9657  0.9636
2025-10-07 10:53:50 [INFO] [evolutionary_search.cc:727] Got 64 candidate(s) with evolutionary search
2025-10-07 10:53:50 [INFO] [evolutionary_search.cc:730] Sending 64 candidates(s) for measurement
2025-10-07 10:54:18 [INFO] [task_scheduler.cc:131] [Task #0: main] Trial #1: GFLOPs: 550.1418. Time: 420.2753 us. Best GFLOPs: 550.1418
2025-10-07 10:54:18 [INFO] [task_scheduler.cc:131] [Task #0: main] Trial #2: GFLOPs: 1905.3672. Time: 121.3472 us. Best GFLOPs: 1905.3672
2025-10-07 10:54:18 [INFO] [task_scheduler.cc:131] [Task #0: main] Trial #3: GFLOPs: 1978.4492. Time: 116.8648 us. Best GFLOPs: 1978.4492
2025-10-07 10:54:18 [INFO] [task_scheduler.cc:121] [Task #0: main] Trial #4: Error in building:
LocalBuilder: An exception occurred
Traceback (most recent call last):
  File "/workspace/tvm-dev/python/tvm/exec/popen_worker.py", line 87, in main
    result = fn(*args, **kwargs)
             ^^^^^^^^^^^^^^^^^^^
  File "/workspace/tvm-dev/python/tvm/meta_schedule/builder/local_builder.py", line 165, in <lambda>
    lambda x: _worker_func(*x),
              ^^^^^^^^^^^^^^^^
  File "/workspace/tvm-dev/python/tvm/meta_schedule/builder/local_builder.py", line 231, in _worker_func
    rt_mod: Module = f_build(mod, target, _deserialize_params(params))
                     ^^^^^^^^^^^^^^^^^^^^^^^^^^^^^^^^^^^^^^^^^^^^^^^^^
  File "/workspace/tvm-dev/python/tvm/_ffi/_ctypes/packed_func.py", line 245, in __call__
    raise_last_ffi_error()
  File "/workspace/tvm-dev/python/tvm/_ffi/base.py", line 481, in raise_last_ffi_error
    raise py_err
  File "/workspace/tvm-dev/python/tvm/meta_schedule/builder/local_builder.py", line 261, in default_build
    return tvm_build(mod, target=target)
           ^^^^^^^^^^^^^^^^^^^^^^^^^^^^^
  File "/workspace/tvm-dev/python/tvm/driver/build_module.py", line 297, in build
    rt_mod_host = _driver_ffi.tir_to_runtime(annotated_mods, target_host)
                  ^^^^^^^^^^^^^^^^^^^^^^^^^^^^^^^^^^^^^^^^^^^^^^^^^^^^^^^
  File "/workspace/tvm-dev/python/tvm/_ffi/_ctypes/packed_func.py", line 245, in __call__
    raise_last_ffi_error()
  File "/workspace/tvm-dev/python/tvm/_ffi/base.py", line 481, in raise_last_ffi_error
    raise py_err
ValueError: Traceback (most recent call last):
  33: tvm::runtime::PackedFuncObj::Extractor<tvm::runtime::PackedFuncSubObj<tvm::runtime::TypedPackedFunc<tvm::runtime::Module (tvm::runtime::Map<tvm::Target, tvm::IRModule, void, void> const&, tvm::Target)>::AssignTypedLambda<tvm::__mk_TVM24::{lambda(tvm::runtime::Map<tvm::Target, tvm::IRModule, void, void> const&, tvm::Target)#1}>(tvm::__mk_TVM24::{lambda(tvm::runtime::Map<tvm::Target, tvm::IRModule, void, void> const&, tvm::Target)#1}, std::__cxx11::basic_string<char, std::char_traits<char>, std::allocator<char> >)::{lambda(tvm::runtime::TVMArgs const&, tvm::runtime::TVMRetValue*)#1}> >::Call(tvm::runtime::PackedFuncObj const*, std::__cxx11::basic_string<char, std::char_traits<char>, std::allocator<char> >, tvm::runtime::TVMRetValue)
  32: tvm::TIRToRuntime(tvm::runtime::Map<tvm::Target, tvm::IRModule, void, void> const&, tvm::Target const&)
  31: tvm::codegen::Build(tvm::IRModule, tvm::Target)
  30: _ZN3tvm7runtime13PackedFuncObj
  29: tvm::runtime::TypedPackedFunc<tvm::runtime::Module (tvm::IRModule, tvm::Target)>::AssignTypedLambda<tvm::runtime::Module (*)(tvm::IRModule, tvm::Target)>(tvm::runtime::Module (*)(tvm::IRModule, tvm::Target), std::__cxx11::basic_string<char, std::char_traits<char>, std::allocator<char> >)::{lambda(tvm::runtime::TVMArgs const&, tvm::runtime::TVMRetValue*)#1}::operator()(tvm::runtime::TVMArgs const&, tvm::runtime::TVMRetValue*) const
  28: tvm::codegen::BuildCUDA(tvm::IRModule, tvm::Target)
  27: tvm::codegen::CodeGenC::AddFunction(tvm::GlobalVar const&, tvm::tir::PrimFunc const&)
  26: tvm::codegen::CodeGenCUDA::VisitStmt_(tvm::tir::AllocateNode const*)
  25: tvm::codegen::CodeGenCUDA::VisitStmt_(tvm::tir::AllocateNode const*)
  24: tvm::codegen::CodeGenCUDA::VisitStmt_(tvm::tir::AllocateNode const*)
  23: tvm::codegen::CodeGenCUDA::VisitStmt_(tvm::tir::AllocateNode const*)
  22: tvm::codegen::CodeGenC::VisitStmt_(tvm::tir::SeqStmtNode const*)
  21: tvm::codegen::CodeGenC::VisitStmt_(tvm::tir::ForNode const*)
  20: tvm::codegen::CodeGenC::VisitStmt_(tvm::tir::SeqStmtNode const*)
  19: tvm::codegen::CodeGenC::VisitStmt_(tvm::tir::BufferStoreNode const*)
  18: tvm::codegen::CodeGenC::PrintExpr[abi:cxx11](tvm::PrimExpr const&)
  17: tvm::codegen::CodeGenC::VisitExpr_(tvm::tir::BufferLoadNode const*, std::ostream&)
  16: tvm::codegen::CodeGenC::PrintExpr[abi:cxx11](tvm::PrimExpr const&)
  15: void tvm::codegen::PrintBinaryExpr<tvm::tir::AddNode>(tvm::tir::AddNode const*, char const*, std::ostream&, tvm::codegen::CodeGenC*)
  14: tvm::codegen::CodeGenCUDA::PrintVecBinaryOp(std::__cxx11::basic_string<char, std::char_traits<char>, std::allocator<char> > const&, tvm::runtime::DataType, tvm::PrimExpr, tvm::PrimExpr, std::ostream&)
  13: tvm::codegen::CodeGenC::PrintExpr[abi:cxx11](tvm::PrimExpr const&)
  12: void tvm::codegen::PrintBinaryExpr<tvm::tir::AddNode>(tvm::tir::AddNode const*, char const*, std::ostream&, tvm::codegen::CodeGenC*)
  11: tvm::codegen::CodeGenCUDA::PrintVecBinaryOp(std::__cxx11::basic_string<char, std::char_traits<char>, std::allocator<char> > const&, tvm::runtime::DataType, tvm::PrimExpr, tvm::PrimExpr, std::ostream&)
  10: tvm::codegen::CodeGenC::PrintExpr[abi:cxx11](tvm::PrimExpr const&)
  9: void tvm::codegen::PrintBinaryExpr<tvm::tir::AddNode>(tvm::tir::AddNode const*, char const*, std::ostream&, tvm::codegen::CodeGenC*)
  8: tvm::codegen::CodeGenCUDA::PrintVecBinaryOp(std::__cxx11::basic_string<char, std::char_traits<char>, std::allocator<char> > const&, tvm::runtime::DataType, tvm::PrimExpr, tvm::PrimExpr, std::ostream&)
  7: tvm::codegen::CodeGenC::PrintExpr[abi:cxx11](tvm::PrimExpr const&)
  6: void tvm::codegen::PrintBinaryExpr<tvm::tir::MulNode>(tvm::tir::MulNode const*, char const*, std::ostream&, tvm::codegen::CodeGenC*)
  5: tvm::codegen::CodeGenCUDA::PrintVecBinaryOp(std::__cxx11::basic_string<char, std::char_traits<char>, std::allocator<char> > const&, tvm::runtime::DataType, tvm::PrimExpr, tvm::PrimExpr, std::ostream&)
  4: tvm::codegen::CodeGenC::PrintExpr[abi:cxx11](tvm::PrimExpr const&)
  3: void tvm::codegen::PrintBinaryExpr<tvm::tir::DivNode>(tvm::tir::DivNode const*, char const*, std::ostream&, tvm::codegen::CodeGenC*)
  2: tvm::codegen::CodeGenCUDA::PrintVecBinaryOp(std::__cxx11::basic_string<char, std::char_traits<char>, std::allocator<char> > const&, tvm::runtime::DataType, tvm::PrimExpr, tvm::PrimExpr, std::ostream&)
  1: tvm::codegen::CodeGenC::PrintExpr[abi:cxx11](tvm::PrimExpr const&)
  0: tvm::codegen::CodeGenCUDA::VisitExpr_(tvm::tir::RampNode const*, std::ostream&)
  File "/workspace/tvm-dev/src/target/source/codegen_cuda.cc", line 1204
ValueError: Check failed: lanes <= 4 (8 vs. 4) : Ramp of more than 4 lanes is not allowed.

# from tvm.script import ir as I
# from tvm.script import tir as T

@I.ir_module
class Module:
    @T.prim_func
    def main(A: T.Buffer((1, 256, 14, 14), "float16"), W: T.Buffer((256, 256, 3, 3), "float16"), conv2d_nchw: T.Buffer((1, 256, 14, 14), "float16")):
        T.func_attr({"tir.noalias": T.bool(True)})
        # with T.block("root"):
        conv2d_nchw_reindex_pad_shared_dyn = T.alloc_buffer((13, 16, 1, 1, 16, 16), "float16", scope="shared.dyn")
        conv2d_nchw_reindex_pad_shared_dyn_wmma_accumulator = T.alloc_buffer((13, 16, 1, 1, 16, 16), "float16", scope="wmma.accumulator")
        pad_temp_reindex_pad_shared_dyn = T.alloc_buffer((208, 2304), "float16", scope="shared.dyn")
        W_reindex_shared_dyn = T.alloc_buffer((256, 2304), "float16", scope="shared.dyn")
        pad_temp_reindex_pad_shared_dyn_wmma_matrix_a = T.alloc_buffer((208, 2304), "float16", scope="wmma.matrix_a")
        W_reindex_shared_dyn_wmma_matrix_b = T.alloc_buffer((256, 2304), "float16", scope="wmma.matrix_b")
        for ax0_0_0_ax1_0_0_fused in T.thread_binding(8, thread="blockIdx.y", annotations={"pragma_auto_unroll_max_step": 1024, "pragma_unroll_explicit": 1}):
            for ax0_0_1_ax1_0_1_fused in T.thread_binding(13, thread="blockIdx.x"):
                for ax0_0_2_ax1_0_2_fused in T.thread_binding(2, thread="threadIdx.y"):
                    for ax0_0_3_init, ax1_0_3_init, ax0_0_4_init, ax1_0_4_init in T.grid(1, 1, 1, 1):
                        with T.block("conv2d_nchw_o_init"):
                            v0_o = T.axis.spatial(13, ax0_0_1_ax1_0_1_fused + ax0_0_3_init + ax0_0_4_init)
                            v1_o = T.axis.spatial(16, ax0_0_0_ax1_0_0_fused * 2 + ax0_0_2_ax1_0_2_fused + ax1_0_3_init + ax1_0_4_init)
                            T.reads()
                            T.writes(conv2d_nchw_reindex_pad_shared_dyn_wmma_accumulator[v0_o, v1_o, 0, 0, 0:16, 0:16])
                            T.block_attr({"meta_schedule.thread_extent_high_inclusive": 1024, "meta_schedule.thread_extent_low_inclusive": 32, "warp_execution": 1})
                            C = T.match_buffer(conv2d_nchw_reindex_pad_shared_dyn_wmma_accumulator[v0_o, v1_o, 0, 0, 0:16, 0:16], (16, 16), "float16", strides=("C_s0", "C_s1"), scope="wmma.accumulator", offset_factor=16)
                            T.tvm_fill_fragment(C.data, 16, 16, 16, C.elem_offset // C.strides[0] // 16 * (C.strides[0] // 16) + C.elem_offset % C.strides[0] // 16, T.float32(0.0))
                    for ax2_0_0 in range(12):
                        for ax0_ax1_fused_0 in range(6):
                            for ax0_ax1_fused_1 in T.thread_binding(2, thread="threadIdx.y"):
                                for ax0_ax1_fused_2 in T.thread_binding(32, thread="threadIdx.x"):
                                    for ax0_ax1_fused_3 in T.vectorized(8):
                                        with T.block("pad_temp_reindex_pad_shared.dyn"):
                                            v0 = T.axis.spatial(208, ax0_0_1_ax1_0_1_fused * 16 + (ax0_ax1_fused_0 * 512 + ax0_ax1_fused_1 * 256 + ax0_ax1_fused_2 * 8 + ax0_ax1_fused_3) // 192)
                                            v1 = T.axis.spatial(2304, ax2_0_0 * 192 + (ax0_ax1_fused_0 * 512 + ax0_ax1_fused_1 * 256 + ax0_ax1_fused_2 * 8 + ax0_ax1_fused_3) % 192)
                                            T.reads(A[0, v1 // 9, v0 // 14 + v1 % 9 // 3 - 1, v0 % 14 + v1 % 3 - 1])
                                            T.writes(pad_temp_reindex_pad_shared_dyn[v0, v1])
                                            T.block_attr({"buffer_dim_align": [[0, 0, 32, 8]]})
                                            pad_temp_reindex_pad_shared_dyn[v0, v1] = T.if_then_else(v0 < 196, T.if_then_else(1 <= v0 // 14 + v1 % 9 // 3 and v0 // 14 + v1 % 9 // 3 < 15 and 1 <= v0 % 14 + v1 % 3 and v0 % 14 + v1 % 3 < 15, A[0, v1 // 9, v0 // 14 + v1 % 9 // 3 - 1, v0 % 14 + v1 % 3 - 1], T.float16(0.0)), T.float16(0.0))
                        for ax0_ax1_fused_0 in range(12):
                            for ax0_ax1_fused_1 in T.thread_binding(2, thread="threadIdx.y"):
                                for ax0_ax1_fused_2 in T.thread_binding(32, thread="threadIdx.x"):
                                    for ax0_ax1_fused_3 in T.vectorized(8):
                                        with T.block("W_reindex_shared.dyn"):
                                            v0 = T.axis.spatial(256, ax0_0_0_ax1_0_0_fused * 32 + (ax0_ax1_fused_0 * 512 + ax0_ax1_fused_1 * 256 + ax0_ax1_fused_2 * 8 + ax0_ax1_fused_3) // 192)
                                            v1 = T.axis.spatial(2304, ax2_0_0 * 192 + (ax0_ax1_fused_0 * 512 + ax0_ax1_fused_1 * 256 + ax0_ax1_fused_2 * 8 + ax0_ax1_fused_3) % 192)
                                            T.reads(W[v0, v1 // 9, v1 % 9 // 3, v1 % 3])
                                            T.writes(W_reindex_shared_dyn[v0, v1])
                                            T.block_attr({"buffer_dim_align": [[0, 0, 32, 8]]})
                                            W_reindex_shared_dyn[v0, v1] = W[v0, v1 // 9, v1 % 9 // 3, v1 % 3]
                        for ax2_0_1 in range(4):
                            for ax0_0, ax1_0 in T.grid(1, 3):
                                with T.block("pad_temp_reindex_pad_shared.dyn_wmma.matrix_a_o"):
                                    v0_o = T.axis.spatial(13, ax0_0_1_ax1_0_1_fused + ax0_0)
                                    v1_o = T.axis.spatial(144, ax2_0_0 * 12 + ax2_0_1 * 3 + ax1_0)
                                    T.reads(pad_temp_reindex_pad_shared_dyn[v0_o * 16:v0_o * 16 + 16, v1_o * 16:v1_o * 16 + 16])
                                    T.writes(pad_temp_reindex_pad_shared_dyn_wmma_matrix_a[v0_o * 16:v0_o * 16 + 16, v1_o * 16:v1_o * 16 + 16])
                                    A_1 = T.match_buffer(pad_temp_reindex_pad_shared_dyn[v0_o * 16:v0_o * 16 + 16, v1_o * 16:v1_o * 16 + 16], (16, 16), "float16", strides=("A_s0", "A_s1"), scope="shared.dyn", offset_factor=16)
                                    C = T.match_buffer(pad_temp_reindex_pad_shared_dyn_wmma_matrix_a[v0_o * 16:v0_o * 16 + 16, v1_o * 16:v1_o * 16 + 16], (16, 16), "float16", strides=("C_s0", "C_s1"), scope="wmma.matrix_a", offset_factor=16)
                                    T.tvm_load_matrix_sync(C.data, 16, 16, 16, C.elem_offset // C.strides[0] // 16 * (C.strides[0] // 16) + C.elem_offset % C.strides[0] // 16, T.tvm_access_ptr(T.type_annotation("float16"), A_1.data, A_1.elem_offset, A_1.strides[0] * 16, 1), A_1.strides[0], "row_major")
                            for ax0_0, ax1_0 in T.grid(1, 3):
                                with T.block("W_reindex_shared.dyn_wmma.matrix_b_o"):
                                    v0_o = T.axis.spatial(16, ax0_0_0_ax1_0_0_fused * 2 + ax0_0_2_ax1_0_2_fused + ax0_0)
                                    v1_o = T.axis.spatial(144, ax2_0_0 * 12 + ax2_0_1 * 3 + ax1_0)
                                    T.reads(W_reindex_shared_dyn[v0_o * 16:v0_o * 16 + 16, v1_o * 16:v1_o * 16 + 16])
                                    T.writes(W_reindex_shared_dyn_wmma_matrix_b[v0_o * 16:v0_o * 16 + 16, v1_o * 16:v1_o * 16 + 16])
                                    A_1 = T.match_buffer(W_reindex_shared_dyn[v0_o * 16:v0_o * 16 + 16, v1_o * 16:v1_o * 16 + 16], (16, 16), "float16", strides=("A_s0", "A_s1"), scope="shared.dyn", offset_factor=16)
                                    C = T.match_buffer(W_reindex_shared_dyn_wmma_matrix_b[v0_o * 16:v0_o * 16 + 16, v1_o * 16:v1_o * 16 + 16], (16, 16), "float16", strides=("C_s0", "C_s1"), scope="wmma.matrix_b", offset_factor=16)
                                    T.tvm_load_matrix_sync(C.data, 16, 16, 16, C.elem_offset // C.strides[0] // 16 * (C.strides[0] // 16) + C.elem_offset % C.strides[0] // 16, T.tvm_access_ptr(T.type_annotation("float16"), A_1.data, A_1.elem_offset, A_1.strides[0] * 16, 1), A_1.strides[0], "col_major")
                            for ax0_0_3, ax1_0_3, ax2_0_2, ax0_0_4, ax1_0_4 in T.grid(1, 1, 3, 1, 1):
                                with T.block("conv2d_nchw_o_update"):
                                    v0_o = T.axis.spatial(13, ax0_0_1_ax1_0_1_fused + ax0_0_3 + ax0_0_4)
                                    v1_o = T.axis.spatial(16, ax0_0_0_ax1_0_0_fused * 2 + ax0_0_2_ax1_0_2_fused + ax1_0_3 + ax1_0_4)
                                    v2_o = T.axis.reduce(144, ax2_0_0 * 12 + ax2_0_1 * 3 + ax2_0_2)
                                    T.reads(conv2d_nchw_reindex_pad_shared_dyn_wmma_accumulator[v0_o, v1_o, 0, 0, 0:16, 0:16], pad_temp_reindex_pad_shared_dyn_wmma_matrix_a[v0_o * 16:v0_o * 16 + 16, v2_o * 16:v2_o * 16 + 16], W_reindex_shared_dyn_wmma_matrix_b[v1_o * 16:v1_o * 16 + 16, v2_o * 16:v2_o * 16 + 16])
                                    T.writes(conv2d_nchw_reindex_pad_shared_dyn_wmma_accumulator[v0_o, v1_o, 0, 0, 0:16, 0:16])
                                    T.block_attr({"meta_schedule.thread_extent_high_inclusive": 1024, "meta_schedule.thread_extent_low_inclusive": 32, "warp_execution": 1})
                                    A_1 = T.match_buffer(pad_temp_reindex_pad_shared_dyn_wmma_matrix_a[v0_o * 16:v0_o * 16 + 16, v2_o * 16:v2_o * 16 + 16], (16, 16), "float16", strides=("A_s0", "A_s1"), scope="wmma.matrix_a", offset_factor=16)
                                    B = T.match_buffer(W_reindex_shared_dyn_wmma_matrix_b[v1_o * 16:v1_o * 16 + 16, v2_o * 16:v2_o * 16 + 16], (16, 16), "float16", strides=("B_s0", "B_s1"), scope="wmma.matrix_b", offset_factor=16)
                                    C = T.match_buffer(conv2d_nchw_reindex_pad_shared_dyn_wmma_accumulator[v0_o, v1_o, 0, 0, 0:16, 0:16], (16, 16), "float16", strides=("C_s0", "C_s1"), scope="wmma.accumulator", offset_factor=16)
                                    T.tvm_mma_sync(C.data, C.elem_offset // C.strides[0] // 16 * (C.strides[0] // 16) + C.elem_offset % C.strides[0] // 16, A_1.data, A_1.elem_offset // A_1.strides[0] // 16 * (A_1.strides[0] // 16) + A_1.elem_offset % A_1.strides[0] // 16, B.data, B.elem_offset // B.strides[0] // 16 * (B.strides[0] // 16) + B.elem_offset % B.strides[0] // 16, C.data, C.elem_offset // C.strides[0] // 16 * (C.strides[0] // 16) + C.elem_offset % C.strides[0] // 16)
                for ax2 in range(1):
                    for ax0_ax1_fused in T.thread_binding(2, thread="threadIdx.y"):
                        for ax2_1, ax3 in T.grid(1, 1):
                            with T.block("conv2d_nchw_reindex_pad_shared.dyn_wmma.accumulator_o"):
                                v0_o = T.axis.spatial(13, ax0_0_1_ax1_0_1_fused)
                                v1_o = T.axis.spatial(16, ax0_0_0_ax1_0_0_fused * 2 + ax0_ax1_fused)
                                v2_o, v3_o = T.axis.remap("SS", [ax2_1, ax3])
                                v4_o = T.axis.spatial(1, 0)
                                v5_o = T.axis.spatial(1, 0)
                                T.reads(conv2d_nchw_reindex_pad_shared_dyn_wmma_accumulator[v0_o, v1_o, v2_o, v3_o, 0:16, 0:16])
                                T.writes(conv2d_nchw_reindex_pad_shared_dyn[v0_o, v1_o, v2_o, v3_o, 0:16, 0:16])
                                A_1 = T.match_buffer(conv2d_nchw_reindex_pad_shared_dyn_wmma_accumulator[v0_o, v1_o, v2_o, v3_o, 0:16, 0:16], (16, 16), "float16", strides=("A_s0", "A_s1"), scope="wmma.accumulator", offset_factor=16)
                                C = T.match_buffer(conv2d_nchw_reindex_pad_shared_dyn[v0_o, v1_o, v2_o, v3_o, 0:16, 0:16], (16, 16), "float16", strides=("C_s0", "C_s1"), scope="shared.dyn", offset_factor=16)
                                T.tvm_store_matrix_sync(A_1.data, 16, 16, 16, A_1.elem_offset // A_1.strides[0] // 16 * (A_1.strides[0] // 16) + A_1.elem_offset % A_1.strides[0] // 16, T.tvm_access_ptr(T.type_annotation("float16"), C.data, C.elem_offset, C.strides[0] * 16, 2), C.strides[0], "row_major")
                    for ax0_ax1_ax3_ax4_ax5_fused_0 in range(8):
                        for ax0_ax1_ax3_ax4_ax5_fused_1 in T.thread_binding(2, thread="threadIdx.y"):
                            for ax0_ax1_ax3_ax4_ax5_fused_2 in T.thread_binding(32, thread="threadIdx.x"):
                                with T.block("conv2d_nchw_reindex_pad_shared.dyn"):
                                    v0 = T.axis.spatial(13, ax0_0_1_ax1_0_1_fused)
                                    v1 = T.axis.spatial(16, ax0_0_0_ax1_0_0_fused * 2 + (ax0_ax1_ax3_ax4_ax5_fused_0 * 64 + ax0_ax1_ax3_ax4_ax5_fused_1 * 32 + ax0_ax1_ax3_ax4_ax5_fused_2) // 256)
                                    v2 = T.axis.spatial(1, ax2)
                                    v3 = T.axis.spatial(1, 0)
                                    v4 = T.axis.spatial(16, (ax0_ax1_ax3_ax4_ax5_fused_0 * 64 + ax0_ax1_ax3_ax4_ax5_fused_1 * 32 + ax0_ax1_ax3_ax4_ax5_fused_2) % 256 // 16)
                                    v5 = T.axis.spatial(16, (ax0_ax1_ax3_ax4_ax5_fused_0 * 64 + ax0_ax1_ax3_ax4_ax5_fused_1 * 32 + ax0_ax1_ax3_ax4_ax5_fused_2) % 16)
                                    T.where(ax0_0_1_ax1_0_1_fused * 16 + T.Mul(0, 16) + ((ax0_ax1_ax3_ax4_ax5_fused_0 * 2 + ax0_ax1_ax3_ax4_ax5_fused_1) * 32 + ax0_ax1_ax3_ax4_ax5_fused_2) % 256 // 16 < 196)
                                    T.reads(conv2d_nchw_reindex_pad_shared_dyn[v0, v1, v2, v3, v4, v5])
                                    T.writes(conv2d_nchw[0, v5 + v1 * 16, (v4 + v0 * 16) // 14, (v4 + v0 * 16) % 14])
                                    conv2d_nchw[0, v5 + v1 * 16, (v4 + v0 * 16) // 14, (v4 + v0 * 16) % 14] = conv2d_nchw_reindex_pad_shared_dyn[v0, v1, v2, v3, v4, v5]
b0 = sch.get_block(name="pad_temp", func_name="main")
b1 = sch.get_block(name="conv2d_nchw", func_name="main")
b2 = sch.get_block(name="root", func_name="main")
sch.annotate(block_or_loop=b1, ann_key="meta_schedule.tiling_structure", ann_val="SSSRRSRS")
b3 = sch.reindex(block=b1, buffer=("write", 0))
b4 = sch.reindex(block=b1, buffer=("read", 0))
b5 = sch.reindex(block=b1, buffer=("read", 1))
sch.transform_layout(block=b1, buffer=("read", 0), index_map=lambda v_nn, v_yy, v_xx, v_rc, v_ry, v_rx: (v_nn * 196 + v_yy * 14 + v_xx, v_rc * 9 + v_ry * 3 + v_rx,), pad_value=None, assume_injective_transform=True)
sch.transform_layout(block=b1, buffer=("read", 1), index_map=lambda v_ff, v_rc, v_ry, v_rx: (v_ff, v_rc * 9 + v_ry * 3 + v_rx,), pad_value=None, assume_injective_transform=True)
sch.transform_layout(block=b1, buffer=("write", 0), index_map=lambda v_nn, v_ff, v_yy, v_xx: (v_nn * 196 + v_yy * 14 + v_xx, v_ff,), pad_value=None, assume_injective_transform=True)
sch.transform_block_layout(block=b3, index_map=lambda v_nn, v_ff, v_yy, v_xx: (v_nn * 196 + v_yy * 14 + v_xx, v_ff,))
sch.transform_block_layout(block=b4, index_map=lambda v_nn, v_yy, v_xx, v_rc, v_ry, v_rx: (v_nn * 196 + v_yy * 14 + v_xx, v_rc * 9 + v_ry * 3 + v_rx,))
sch.transform_block_layout(block=b5, index_map=lambda v_ff, v_rc, v_ry, v_rx: (v_ff, v_rc * 9 + v_ry * 3 + v_rx,))
sch.transform_block_layout(block=b1, index_map=lambda v_nn, v_ff, v_yy, v_xx, v_rc, v_ry, v_rx: (v_nn * 196 + v_yy * 14 + v_xx, v_ff, v_rc * 9 + v_ry * 3 + v_rx,))
sch.pad_einsum(block=b1, padding=[16, 1, 1])
b6, b7 = sch.get_producers(block=b1)
b8, = sch.get_producers(block=b6)
b9, = sch.get_consumers(block=b1)
sch.compute_inline(block=b8)
sch.compute_inline(block=b9)
l10, l11, l12 = sch.get_loops(block=b1)
l13, l14 = sch.split(loop=l12, factors=[None, 16], preserve_unit_iters=True, disable_predication=False)
l15, l16 = sch.split(loop=l11, factors=[None, 16], preserve_unit_iters=True, disable_predication=False)
l17, l18 = sch.split(loop=l10, factors=[None, 16], preserve_unit_iters=True, disable_predication=False)
l19, l20, l21, l22, l23, l24 = sch.get_loops(block=b1)
sch.reorder(l21, l23, l18, l16, l14)
b25 = sch.blockize(target=l18, preserve_unit_iters=True)
sch.annotate(block_or_loop=b25, ann_key="meta_schedule.auto_tensorize", ann_val="wmma_sync_16x16x16_f16f16f16_trans")
sch.annotate(block_or_loop=b25, ann_key="meta_schedule.auto_tensorize_init", ann_val="wmma_fill_16x16x16_f16")
sch.annotate(block_or_loop=b25, ann_key="warp_execution", ann_val=1)
l26, l27, l28 = sch.get_loops(block=b25)
v29, v30, v31, v32, v33 = sch.sample_perfect_tile(loop=l26, n=5, max_innermost_factor=4, decision=[1, 13, 1, 1, 1])
l34, l35, l36, l37, l38 = sch.split(loop=l26, factors=[v29, v30, v31, v32, v33], preserve_unit_iters=True, disable_predication=False)
v39, v40, v41, v42, v43 = sch.sample_perfect_tile(loop=l27, n=5, max_innermost_factor=4, decision=[8, 1, 2, 1, 1])
l44, l45, l46, l47, l48 = sch.split(loop=l27, factors=[v39, v40, v41, v42, v43], preserve_unit_iters=True, disable_predication=False)
v49, v50, v51 = sch.sample_perfect_tile(loop=l28, n=3, max_innermost_factor=4, decision=[12, 4, 3])
l52, l53, l54 = sch.split(loop=l28, factors=[v49, v50, v51], preserve_unit_iters=True, disable_predication=False)
sch.reorder(l34, l44, l35, l45, l36, l46, l52, l53, l37, l47, l54, l38, l48)
l55 = sch.fuse(l34, l44, preserve_unit_iters=True)
sch.bind(loop=l55, thread_axis="blockIdx.y")
l56 = sch.fuse(l35, l45, preserve_unit_iters=True)
sch.bind(loop=l56, thread_axis="blockIdx.x")
l57 = sch.fuse(l36, l46, preserve_unit_iters=True)
sch.bind(loop=l57, thread_axis="threadIdx.y")
sch.annotate(block_or_loop=b25, ann_key="meta_schedule.thread_extent_low_inclusive", ann_val=32)
sch.annotate(block_or_loop=b25, ann_key="meta_schedule.thread_extent_high_inclusive", ann_val=1024)
sch.transform_layout(block=b25, buffer=("write", 0), index_map=lambda i0, i1: (i0 // 16 // (v32 * v33), i1 // 16 // (v42 * v43), i0 // 16 % (v32 * v33), i1 // 16 % (v42 * v43), i0 % 16, i1 % 16,), pad_value=None, assume_injective_transform=True)
b58 = sch.cache_write(block=b25, write_buffer_index=0, storage_scope="shared.dyn")
sch.reverse_compute_at(block=b58, loop=l56, preserve_unit_loops=True, index=-1)
b59 = sch.cache_write(block=b25, write_buffer_index=0, storage_scope="wmma.accumulator")
l60, l61, l62, l63, l64, l65, l66, l67 = sch.get_loops(block=b58)
sch.reorder(l64, l62, l63, l65)
sch.compute_at(block=b59, loop=l64, preserve_unit_loops=True, index=-1)
l68, l69, l70, l71, l72, l73, l74, l75, l76 = sch.get_loops(block=b59)
l77 = sch.fuse(l71, l72, preserve_unit_iters=True)
sch.bind(loop=l77, thread_axis="threadIdx.y")
sch.reverse_compute_inline(block=b3)
l78, l79, l80, l81, l82, l83, l84, l85 = sch.get_loops(block=b59)
b86 = sch.blockize(target=l84, preserve_unit_iters=True)
sch.annotate(block_or_loop=b86, ann_key="meta_schedule.auto_tensorize", ann_val="wmma_store_16x16x16_f16_shared_dyn")
l87, l88, l89, l90, l91, l92, l93, l94 = sch.get_loops(block=b58)
l95 = sch.fuse(l90, l91, l92, l93, l94, preserve_unit_iters=True)
v96 = sch.sample_categorical(candidates=[1, 2, 4, 8], probs=[0.25, 0.25, 0.25, 0.25], decision=0)
sch.annotate(block_or_loop=b58, ann_key="meta_schedule.cooperative_fetch", ann_val=v96)
b97 = sch.cache_read(block=b25, read_buffer_index=0, storage_scope="shared.dyn", consumer_blocks=[b25])
sch.compute_at(block=b97, loop=l52, preserve_unit_loops=True, index=-1)
l98, l99, l100, l101, l102, l103 = sch.get_loops(block=b97)
l104 = sch.fuse(l102, l103, preserve_unit_iters=True)
v105 = sch.sample_categorical(candidates=[1, 2, 4, 8], probs=[0.25, 0.25, 0.25, 0.25], decision=3)
sch.annotate(block_or_loop=b97, ann_key="meta_schedule.cooperative_fetch", ann_val=v105)
b106 = sch.cache_read(block=b25, read_buffer_index=1, storage_scope="shared.dyn", consumer_blocks=[b25])
sch.compute_at(block=b106, loop=l52, preserve_unit_loops=True, index=-1)
l107, l108, l109, l110, l111, l112 = sch.get_loops(block=b106)
l113 = sch.fuse(l111, l112, preserve_unit_iters=True)
v114 = sch.sample_categorical(candidates=[1, 2, 4, 8], probs=[0.25, 0.25, 0.25, 0.25], decision=3)
sch.annotate(block_or_loop=b106, ann_key="meta_schedule.cooperative_fetch", ann_val=v114)
b115 = sch.cache_read(block=b25, read_buffer_index=0, storage_scope="wmma.matrix_a")
sch.compute_at(block=b115, loop=l53, preserve_unit_loops=True, index=-1)
l116, l117, l118, l119, l120, l121, l122 = sch.get_loops(block=b115)
l123, l124 = sch.split(loop=l122, factors=[None, 16], preserve_unit_iters=True, disable_predication=False)
l125, l126 = sch.split(loop=l121, factors=[None, 16], preserve_unit_iters=True, disable_predication=False)
l127, l128, l129, l130, l131, l132, l133, l134, l135 = sch.get_loops(block=b115)
sch.reorder(l134, l126, l124)
b136 = sch.blockize(target=l126, preserve_unit_iters=True)
sch.annotate(block_or_loop=b136, ann_key="meta_schedule.auto_tensorize", ann_val="wmma_load_16x16x16_f16_a_shared_dyn")
b137 = sch.cache_read(block=b25, read_buffer_index=1, storage_scope="wmma.matrix_b")
sch.compute_at(block=b137, loop=l53, preserve_unit_loops=True, index=-1)
l138, l139, l140, l141, l142, l143, l144 = sch.get_loops(block=b137)
l145, l146 = sch.split(loop=l144, factors=[None, 16], preserve_unit_iters=True, disable_predication=False)
l147, l148 = sch.split(loop=l143, factors=[None, 16], preserve_unit_iters=True, disable_predication=False)
l149, l150, l151, l152, l153, l154, l155, l156, l157 = sch.get_loops(block=b137)
sch.reorder(l156, l148, l146)
b158 = sch.blockize(target=l148, preserve_unit_iters=True)
sch.annotate(block_or_loop=b158, ann_key="meta_schedule.auto_tensorize", ann_val="wmma_load_16x16x16_f16_b_trans_shared_dyn")
b159, = sch.get_producers(block=b97)
sch.compute_inline(block=b159)
sch.storage_align(block=b97, buffer_index=0, axis=-2, factor=32, offset=8)
b160, = sch.get_producers(block=b106)
sch.compute_inline(block=b160)
sch.storage_align(block=b106, buffer_index=0, axis=-2, factor=32, offset=8)
sch.compute_inline(block=b0)
v161 = sch.sample_categorical(candidates=[0, 16, 64, 512, 1024], probs=[0.20000000000000001, 0.20000000000000001, 0.20000000000000001, 0.20000000000000001, 0.20000000000000001], decision=4)
sch.annotate(block_or_loop=b2, ann_key="meta_schedule.unroll_explicit", ann_val=v161)
sch.enter_postproc()
sch.unannotate(block_or_loop=b58, ann_key="meta_schedule.cooperative_fetch")
l162, l163, l164, l165 = sch.get_loops(block=b58)
l166, l167, l168 = sch.split(loop=l165, factors=[None, 2, 32], preserve_unit_iters=True, disable_predication=False)
sch.bind(loop=l168, thread_axis="threadIdx.x")
sch.bind(loop=l167, thread_axis="threadIdx.y")
sch.unannotate(block_or_loop=b97, ann_key="meta_schedule.cooperative_fetch")
l169, l170, l171, l172, l173 = sch.get_loops(block=b97)
l174, l175, l176, l177 = sch.split(loop=l173, factors=[None, 2, 32, 8], preserve_unit_iters=True, disable_predication=False)
sch.vectorize(loop=l177)
sch.bind(loop=l176, thread_axis="threadIdx.x")
sch.bind(loop=l175, thread_axis="threadIdx.y")
sch.unannotate(block_or_loop=b106, ann_key="meta_schedule.cooperative_fetch")
l178, l179, l180, l181, l182 = sch.get_loops(block=b106)
l183, l184, l185, l186 = sch.split(loop=l182, factors=[None, 2, 32, 8], preserve_unit_iters=True, disable_predication=False)
sch.vectorize(loop=l186)
sch.bind(loop=l185, thread_axis="threadIdx.x")
sch.bind(loop=l184, thread_axis="threadIdx.y")
b187 = sch.get_block(name="root", func_name="main")
sch.unannotate(block_or_loop=b187, ann_key="meta_schedule.unroll_explicit")
b188, b189, b190, b191, b192, b193, b194 = sch.get_child_blocks(b187)
l195, l196, l197, l198, l199, l200, l201, l202 = sch.get_loops(block=b188)
l203, l204, l205, l206, l207, l208, l209, l210 = sch.get_loops(block=b189)
l211, l212, l213, l214, l215, l216, l217 = sch.get_loops(block=b190)
l218, l219, l220, l221, l222, l223, l224 = sch.get_loops(block=b191)
l225, l226, l227, l228, l229, l230, l231, l232, l233, l234 = sch.get_loops(block=b192)
sch.annotate(block_or_loop=l225, ann_key="pragma_auto_unroll_max_step", ann_val=1024)
sch.annotate(block_or_loop=l225, ann_key="pragma_unroll_explicit", ann_val=1)
l235, l236, l237, l238, l239, l240 = sch.get_loops(block=b193)
l241, l242, l243, l244, l245, l246 = sch.get_loops(block=b194)
b247 = sch.get_block(name="conv2d_nchw_o", func_name="main")
l248, l249, l250, l251, l252, l253, l254, l255, l256, l257 = sch.get_loops(block=b247)
b258 = sch.decompose_reduction(block=b247, loop=l251)
sch.unannotate(block_or_loop=b258, ann_key="meta_schedule.auto_tensorize")
sch.annotate(block_or_loop=b258, ann_key="meta_schedule.auto_tensorize", ann_val="wmma_fill_16x16x16_f16")
sch.unannotate(block_or_loop=b247, ann_key="meta_schedule.auto_tensorize_init")
sch.unannotate(block_or_loop=b258, ann_key="meta_schedule.auto_tensorize_init")
b259 = sch.get_block(name="conv2d_nchw_o_init", func_name="main")
sch.unannotate(block_or_loop=b259, ann_key="meta_schedule.auto_tensorize")
sch.tensorize(block_or_loop=b259, tensor_intrin="wmma_fill_16x16x16_f16", preserve_unit_iters=True)
b260 = sch.get_block(name="pad_temp_reindex_pad_shared.dyn_wmma.matrix_a_o", func_name="main")
sch.unannotate(block_or_loop=b260, ann_key="meta_schedule.auto_tensorize")
sch.tensorize(block_or_loop=b260, tensor_intrin="wmma_load_16x16x16_f16_a_shared_dyn", preserve_unit_iters=True)
b261 = sch.get_block(name="W_reindex_shared.dyn_wmma.matrix_b_o", func_name="main")
sch.unannotate(block_or_loop=b261, ann_key="meta_schedule.auto_tensorize")
sch.tensorize(block_or_loop=b261, tensor_intrin="wmma_load_16x16x16_f16_b_trans_shared_dyn", preserve_unit_iters=True)
b262 = sch.get_block(name="conv2d_nchw_o_update", func_name="main")
sch.unannotate(block_or_loop=b262, ann_key="meta_schedule.auto_tensorize")
sch.tensorize(block_or_loop=b262, tensor_intrin="wmma_sync_16x16x16_f16f16f16_trans", preserve_unit_iters=True)
b263 = sch.get_block(name="conv2d_nchw_reindex_pad_shared.dyn_wmma.accumulator_o", func_name="main")
sch.unannotate(block_or_loop=b263, ann_key="meta_schedule.auto_tensorize")
sch.tensorize(block_or_loop=b263, tensor_intrin="wmma_store_16x16x16_f16_shared_dyn", preserve_unit_iters=True)
2025-10-07 10:54:18 [INFO] [task_scheduler.cc:131] [Task #0: main] Trial #5: GFLOPs: 2766.7696. Time: 83.5671 us. Best GFLOPs: 2766.7696
2025-10-07 10:54:18 [INFO] [task_scheduler.cc:131] [Task #0: main] Trial #6: GFLOPs: 1127.6072. Time: 205.0457 us. Best GFLOPs: 2766.7696
2025-10-07 10:54:18 [INFO] [task_scheduler.cc:131] [Task #0: main] Trial #7: GFLOPs: 3047.7896. Time: 75.8619 us. Best GFLOPs: 3047.7896
2025-10-07 10:54:18 [INFO] [task_scheduler.cc:131] [Task #0: main] Trial #8: GFLOPs: 2138.9841. Time: 108.0938 us. Best GFLOPs: 3047.7896
2025-10-07 10:54:18 [INFO] [task_scheduler.cc:131] [Task #0: main] Trial #9: GFLOPs: 361.8899. Time: 638.8988 us. Best GFLOPs: 3047.7896
2025-10-07 10:54:18 [INFO] [task_scheduler.cc:131] [Task #0: main] Trial #10: GFLOPs: 2526.1318. Time: 91.5277 us. Best GFLOPs: 3047.7896
2025-10-07 10:54:18 [INFO] [task_scheduler.cc:131] [Task #0: main] Trial #11: GFLOPs: 2517.0255. Time: 91.8588 us. Best GFLOPs: 3047.7896
2025-10-07 10:54:18 [INFO] [task_scheduler.cc:131] [Task #0: main] Trial #12: GFLOPs: 1020.6849. Time: 226.5254 us. Best GFLOPs: 3047.7896
2025-10-07 10:54:18 [INFO] [task_scheduler.cc:131] [Task #0: main] Trial #13: GFLOPs: 2958.5494. Time: 78.1501 us. Best GFLOPs: 3047.7896
2025-10-07 10:54:18 [INFO] [task_scheduler.cc:131] [Task #0: main] Trial #14: GFLOPs: 1116.8882. Time: 207.0136 us. Best GFLOPs: 3047.7896
2025-10-07 10:54:18 [INFO] [task_scheduler.cc:131] [Task #0: main] Trial #15: GFLOPs: 1159.8479. Time: 199.3460 us. Best GFLOPs: 3047.7896
2025-10-07 10:54:18 [INFO] [task_scheduler.cc:131] [Task #0: main] Trial #16: GFLOPs: 1387.9745. Time: 166.5816 us. Best GFLOPs: 3047.7896
2025-10-07 10:54:18 [INFO] [task_scheduler.cc:131] [Task #0: main] Trial #17: GFLOPs: 715.3503. Time: 323.2137 us. Best GFLOPs: 3047.7896
2025-10-07 10:54:18 [INFO] [task_scheduler.cc:131] [Task #0: main] Trial #18: GFLOPs: 829.7825. Time: 278.6405 us. Best GFLOPs: 3047.7896
2025-10-07 10:54:18 [INFO] [task_scheduler.cc:131] [Task #0: main] Trial #19: GFLOPs: 2010.1397. Time: 115.0224 us. Best GFLOPs: 3047.7896
2025-10-07 10:54:18 [INFO] [task_scheduler.cc:131] [Task #0: main] Trial #20: GFLOPs: 2412.3524. Time: 95.8446 us. Best GFLOPs: 3047.7896
2025-10-07 10:54:18 [INFO] [task_scheduler.cc:131] [Task #0: main] Trial #21: GFLOPs: 1036.5636. Time: 223.0553 us. Best GFLOPs: 3047.7896
2025-10-07 10:54:18 [INFO] [task_scheduler.cc:131] [Task #0: main] Trial #22: GFLOPs: 961.1387. Time: 240.5594 us. Best GFLOPs: 3047.7896
2025-10-07 10:54:18 [INFO] [task_scheduler.cc:131] [Task #0: main] Trial #23: GFLOPs: 2837.1894. Time: 81.4930 us. Best GFLOPs: 3047.7896
2025-10-07 10:54:18 [INFO] [task_scheduler.cc:131] [Task #0: main] Trial #24: GFLOPs: 1426.3560. Time: 162.0991 us. Best GFLOPs: 3047.7896
2025-10-07 10:54:18 [INFO] [task_scheduler.cc:131] [Task #0: main] Trial #25: GFLOPs: 5185.2967. Time: 44.5897 us. Best GFLOPs: 5185.2967
2025-10-07 10:54:18 [INFO] [task_scheduler.cc:131] [Task #0: main] Trial #26: GFLOPs: 1119.5146. Time: 206.5279 us. Best GFLOPs: 5185.2967
2025-10-07 10:54:18 [INFO] [task_scheduler.cc:131] [Task #0: main] Trial #27: GFLOPs: 4828.6921. Time: 47.8827 us. Best GFLOPs: 5185.2967
2025-10-07 10:54:18 [INFO] [task_scheduler.cc:131] [Task #0: main] Trial #28: GFLOPs: 2078.6379. Time: 111.2320 us. Best GFLOPs: 5185.2967
2025-10-07 10:54:18 [INFO] [task_scheduler.cc:121] [Task #0: main] Trial #29: Error in building:
LocalBuilder: An exception occurred
Traceback (most recent call last):
  File "/workspace/tvm-dev/python/tvm/exec/popen_worker.py", line 87, in main
    result = fn(*args, **kwargs)
             ^^^^^^^^^^^^^^^^^^^
  File "/workspace/tvm-dev/python/tvm/meta_schedule/builder/local_builder.py", line 165, in <lambda>
    lambda x: _worker_func(*x),
              ^^^^^^^^^^^^^^^^
  File "/workspace/tvm-dev/python/tvm/meta_schedule/builder/local_builder.py", line 231, in _worker_func
    rt_mod: Module = f_build(mod, target, _deserialize_params(params))
                     ^^^^^^^^^^^^^^^^^^^^^^^^^^^^^^^^^^^^^^^^^^^^^^^^^
  File "/workspace/tvm-dev/python/tvm/_ffi/_ctypes/packed_func.py", line 245, in __call__
    raise_last_ffi_error()
  File "/workspace/tvm-dev/python/tvm/_ffi/base.py", line 481, in raise_last_ffi_error
    raise py_err
  File "/workspace/tvm-dev/python/tvm/meta_schedule/builder/local_builder.py", line 261, in default_build
    return tvm_build(mod, target=target)
           ^^^^^^^^^^^^^^^^^^^^^^^^^^^^^
  File "/workspace/tvm-dev/python/tvm/driver/build_module.py", line 297, in build
    rt_mod_host = _driver_ffi.tir_to_runtime(annotated_mods, target_host)
                  ^^^^^^^^^^^^^^^^^^^^^^^^^^^^^^^^^^^^^^^^^^^^^^^^^^^^^^^
  File "/workspace/tvm-dev/python/tvm/_ffi/_ctypes/packed_func.py", line 245, in __call__
    raise_last_ffi_error()
  File "/workspace/tvm-dev/python/tvm/_ffi/base.py", line 481, in raise_last_ffi_error
    raise py_err
ValueError: Traceback (most recent call last):
  33: tvm::runtime::PackedFuncObj::Extractor<tvm::runtime::PackedFuncSubObj<tvm::runtime::TypedPackedFunc<tvm::runtime::Module (tvm::runtime::Map<tvm::Target, tvm::IRModule, void, void> const&, tvm::Target)>::AssignTypedLambda<tvm::__mk_TVM24::{lambda(tvm::runtime::Map<tvm::Target, tvm::IRModule, void, void> const&, tvm::Target)#1}>(tvm::__mk_TVM24::{lambda(tvm::runtime::Map<tvm::Target, tvm::IRModule, void, void> const&, tvm::Target)#1}, std::__cxx11::basic_string<char, std::char_traits<char>, std::allocator<char> >)::{lambda(tvm::runtime::TVMArgs const&, tvm::runtime::TVMRetValue*)#1}> >::Call(tvm::runtime::PackedFuncObj const*, std::__cxx11::basic_string<char, std::char_traits<char>, std::allocator<char> >, tvm::runtime::TVMRetValue)
  32: tvm::TIRToRuntime(tvm::runtime::Map<tvm::Target, tvm::IRModule, void, void> const&, tvm::Target const&)
  31: tvm::codegen::Build(tvm::IRModule, tvm::Target)
  30: _ZN3tvm7runtime13PackedFuncObj
  29: tvm::runtime::TypedPackedFunc<tvm::runtime::Module (tvm::IRModule, tvm::Target)>::AssignTypedLambda<tvm::runtime::Module (*)(tvm::IRModule, tvm::Target)>(tvm::runtime::Module (*)(tvm::IRModule, tvm::Target), std::__cxx11::basic_string<char, std::char_traits<char>, std::allocator<char> >)::{lambda(tvm::runtime::TVMArgs const&, tvm::runtime::TVMRetValue*)#1}::operator()(tvm::runtime::TVMArgs const&, tvm::runtime::TVMRetValue*) const
  28: tvm::codegen::BuildCUDA(tvm::IRModule, tvm::Target)
  27: tvm::codegen::CodeGenC::AddFunction(tvm::GlobalVar const&, tvm::tir::PrimFunc const&)
  26: tvm::codegen::CodeGenCUDA::VisitStmt_(tvm::tir::AllocateNode const*)
  25: tvm::codegen::CodeGenCUDA::VisitStmt_(tvm::tir::AllocateNode const*)
  24: tvm::codegen::CodeGenCUDA::VisitStmt_(tvm::tir::AllocateNode const*)
  23: tvm::codegen::CodeGenCUDA::VisitStmt_(tvm::tir::AllocateNode const*)
  22: tvm::codegen::CodeGenC::VisitStmt_(tvm::tir::SeqStmtNode const*)
  21: tvm::codegen::CodeGenC::VisitStmt_(tvm::tir::ForNode const*)
  20: tvm::codegen::CodeGenC::VisitStmt_(tvm::tir::SeqStmtNode const*)
  19: tvm::codegen::CodeGenC::VisitStmt_(tvm::tir::BufferStoreNode const*)
  18: tvm::codegen::CodeGenC::PrintExpr[abi:cxx11](tvm::PrimExpr const&)
  17: tvm::codegen::CodeGenC::VisitExpr_(tvm::tir::BufferLoadNode const*, std::ostream&)
  16: tvm::codegen::CodeGenC::PrintExpr[abi:cxx11](tvm::PrimExpr const&)
  15: void tvm::codegen::PrintBinaryExpr<tvm::tir::AddNode>(tvm::tir::AddNode const*, char const*, std::ostream&, tvm::codegen::CodeGenC*)
  14: tvm::codegen::CodeGenCUDA::PrintVecBinaryOp(std::__cxx11::basic_string<char, std::char_traits<char>, std::allocator<char> > const&, tvm::runtime::DataType, tvm::PrimExpr, tvm::PrimExpr, std::ostream&)
  13: tvm::codegen::CodeGenC::PrintExpr[abi:cxx11](tvm::PrimExpr const&)
  12: void tvm::codegen::PrintBinaryExpr<tvm::tir::AddNode>(tvm::tir::AddNode const*, char const*, std::ostream&, tvm::codegen::CodeGenC*)
  11: tvm::codegen::CodeGenCUDA::PrintVecBinaryOp(std::__cxx11::basic_string<char, std::char_traits<char>, std::allocator<char> > const&, tvm::runtime::DataType, tvm::PrimExpr, tvm::PrimExpr, std::ostream&)
  10: tvm::codegen::CodeGenC::PrintExpr[abi:cxx11](tvm::PrimExpr const&)
  9: void tvm::codegen::PrintBinaryExpr<tvm::tir::AddNode>(tvm::tir::AddNode const*, char const*, std::ostream&, tvm::codegen::CodeGenC*)
  8: tvm::codegen::CodeGenCUDA::PrintVecBinaryOp(std::__cxx11::basic_string<char, std::char_traits<char>, std::allocator<char> > const&, tvm::runtime::DataType, tvm::PrimExpr, tvm::PrimExpr, std::ostream&)
  7: tvm::codegen::CodeGenC::PrintExpr[abi:cxx11](tvm::PrimExpr const&)
  6: void tvm::codegen::PrintBinaryExpr<tvm::tir::MulNode>(tvm::tir::MulNode const*, char const*, std::ostream&, tvm::codegen::CodeGenC*)
  5: tvm::codegen::CodeGenCUDA::PrintVecBinaryOp(std::__cxx11::basic_string<char, std::char_traits<char>, std::allocator<char> > const&, tvm::runtime::DataType, tvm::PrimExpr, tvm::PrimExpr, std::ostream&)
  4: tvm::codegen::CodeGenC::PrintExpr[abi:cxx11](tvm::PrimExpr const&)
  3: void tvm::codegen::PrintBinaryExpr<tvm::tir::DivNode>(tvm::tir::DivNode const*, char const*, std::ostream&, tvm::codegen::CodeGenC*)
  2: tvm::codegen::CodeGenCUDA::PrintVecBinaryOp(std::__cxx11::basic_string<char, std::char_traits<char>, std::allocator<char> > const&, tvm::runtime::DataType, tvm::PrimExpr, tvm::PrimExpr, std::ostream&)
  1: tvm::codegen::CodeGenC::PrintExpr[abi:cxx11](tvm::PrimExpr const&)
  0: tvm::codegen::CodeGenCUDA::VisitExpr_(tvm::tir::RampNode const*, std::ostream&)
  File "/workspace/tvm-dev/src/target/source/codegen_cuda.cc", line 1204
ValueError: Check failed: lanes <= 4 (8 vs. 4) : Ramp of more than 4 lanes is not allowed.

# from tvm.script import ir as I
# from tvm.script import tir as T

@I.ir_module
class Module:
    @T.prim_func
    def main(A: T.Buffer((1, 256, 14, 14), "float16"), W: T.Buffer((256, 256, 3, 3), "float16"), conv2d_nchw: T.Buffer((1, 256, 14, 14), "float16")):
        T.func_attr({"tir.noalias": T.bool(True)})
        # with T.block("root"):
        conv2d_nchw_reindex_pad_shared_dyn = T.alloc_buffer((13, 16, 1, 1, 16, 16), "float16", scope="shared.dyn")
        conv2d_nchw_reindex_pad_shared_dyn_wmma_accumulator = T.alloc_buffer((13, 16, 1, 1, 16, 16), "float16", scope="wmma.accumulator")
        pad_temp_reindex_pad_shared_dyn = T.alloc_buffer((208, 2304), "float16", scope="shared.dyn")
        W_reindex_shared_dyn = T.alloc_buffer((256, 2304), "float16", scope="shared.dyn")
        pad_temp_reindex_pad_shared_dyn_wmma_matrix_a = T.alloc_buffer((208, 2304), "float16", scope="wmma.matrix_a")
        W_reindex_shared_dyn_wmma_matrix_b = T.alloc_buffer((256, 2304), "float16", scope="wmma.matrix_b")
        for ax0_0_0_ax1_0_0_fused in T.thread_binding(26, thread="blockIdx.y", annotations={"pragma_auto_unroll_max_step": 16, "pragma_unroll_explicit": 1}):
            for ax0_0_1_ax1_0_1_fused in T.thread_binding(4, thread="blockIdx.x"):
                for ax0_0_2_ax1_0_2_fused in T.thread_binding(2, thread="threadIdx.y"):
                    for ax0_0_3_init, ax1_0_3_init, ax0_0_4_init, ax1_0_4_init in T.grid(1, 1, 1, 1):
                        with T.block("conv2d_nchw_o_init"):
                            v0_o = T.axis.spatial(13, ax0_0_0_ax1_0_0_fused // 2 + ax0_0_3_init + ax0_0_4_init)
                            v1_o = T.axis.spatial(16, ax0_0_0_ax1_0_0_fused % 2 * 8 + ax0_0_1_ax1_0_1_fused * 2 + ax0_0_2_ax1_0_2_fused + ax1_0_3_init + ax1_0_4_init)
                            T.reads()
                            T.writes(conv2d_nchw_reindex_pad_shared_dyn_wmma_accumulator[v0_o, v1_o, 0, 0, 0:16, 0:16])
                            T.block_attr({"meta_schedule.thread_extent_high_inclusive": 1024, "meta_schedule.thread_extent_low_inclusive": 32, "warp_execution": 1})
                            C = T.match_buffer(conv2d_nchw_reindex_pad_shared_dyn_wmma_accumulator[v0_o, v1_o, 0, 0, 0:16, 0:16], (16, 16), "float16", strides=("C_s0", "C_s1"), scope="wmma.accumulator", offset_factor=16)
                            T.tvm_fill_fragment(C.data, 16, 16, 16, C.elem_offset // C.strides[0] // 16 * (C.strides[0] // 16) + C.elem_offset % C.strides[0] // 16, T.float32(0.0))
                    for ax2_0_0 in range(48):
                        for ax0_ax1_fused_0 in range(12):
                            for ax0_ax1_fused_1 in T.thread_binding(2, thread="threadIdx.y"):
                                for ax0_ax1_fused_2 in T.thread_binding(32, thread="threadIdx.x"):
                                    with T.block("pad_temp_reindex_pad_shared.dyn"):
                                        v0 = T.axis.spatial(208, ax0_0_0_ax1_0_0_fused // 2 * 16 + (ax0_ax1_fused_0 * 64 + ax0_ax1_fused_1 * 32 + ax0_ax1_fused_2) // 48)
                                        v1 = T.axis.spatial(2304, ax2_0_0 * 48 + (ax0_ax1_fused_0 * 64 + ax0_ax1_fused_1 * 32 + ax0_ax1_fused_2) % 48)
                                        T.reads(A[0, v1 // 9, v0 // 14 + v1 % 9 // 3 - 1, v0 % 14 + v1 % 3 - 1])
                                        T.writes(pad_temp_reindex_pad_shared_dyn[v0, v1])
                                        T.block_attr({"buffer_dim_align": [[0, 0, 32, 8]]})
                                        pad_temp_reindex_pad_shared_dyn[v0, v1] = T.if_then_else(v0 < 196, T.if_then_else(1 <= v0 // 14 + v1 % 9 // 3 and v0 // 14 + v1 % 9 // 3 < 15 and 1 <= v0 % 14 + v1 % 3 and v0 % 14 + v1 % 3 < 15, A[0, v1 // 9, v0 // 14 + v1 % 9 // 3 - 1, v0 % 14 + v1 % 3 - 1], T.float16(0.0)), T.float16(0.0))
                        for ax0_ax1_fused_0 in range(3):
                            for ax0_ax1_fused_1 in T.thread_binding(2, thread="threadIdx.y"):
                                for ax0_ax1_fused_2 in T.thread_binding(32, thread="threadIdx.x"):
                                    for ax0_ax1_fused_3 in T.vectorized(8):
                                        with T.block("W_reindex_shared.dyn"):
                                            v0 = T.axis.spatial(256, ax0_0_0_ax1_0_0_fused % 2 * 128 + ax0_0_1_ax1_0_1_fused * 32 + (ax0_ax1_fused_0 * 512 + ax0_ax1_fused_1 * 256 + ax0_ax1_fused_2 * 8 + ax0_ax1_fused_3) // 48)
                                            v1 = T.axis.spatial(2304, ax2_0_0 * 48 + (ax0_ax1_fused_0 * 512 + ax0_ax1_fused_1 * 256 + ax0_ax1_fused_2 * 8 + ax0_ax1_fused_3) % 48)
                                            T.reads(W[v0, v1 // 9, v1 % 9 // 3, v1 % 3])
                                            T.writes(W_reindex_shared_dyn[v0, v1])
                                            T.block_attr({"buffer_dim_align": [[0, 0, 32, 8]]})
                                            W_reindex_shared_dyn[v0, v1] = W[v0, v1 // 9, v1 % 9 // 3, v1 % 3]
                        for ax2_0_1 in range(3):
                            for ax0_0, ax1_0 in T.grid(1, 1):
                                with T.block("pad_temp_reindex_pad_shared.dyn_wmma.matrix_a_o"):
                                    v0_o = T.axis.spatial(13, ax0_0_0_ax1_0_0_fused // 2 + ax0_0)
                                    v1_o = T.axis.spatial(144, ax2_0_0 * 3 + ax2_0_1 + ax1_0)
                                    T.reads(pad_temp_reindex_pad_shared_dyn[v0_o * 16:v0_o * 16 + 16, v1_o * 16:v1_o * 16 + 16])
                                    T.writes(pad_temp_reindex_pad_shared_dyn_wmma_matrix_a[v0_o * 16:v0_o * 16 + 16, v1_o * 16:v1_o * 16 + 16])
                                    A_1 = T.match_buffer(pad_temp_reindex_pad_shared_dyn[v0_o * 16:v0_o * 16 + 16, v1_o * 16:v1_o * 16 + 16], (16, 16), "float16", strides=("A_s0", "A_s1"), scope="shared.dyn", offset_factor=16)
                                    C = T.match_buffer(pad_temp_reindex_pad_shared_dyn_wmma_matrix_a[v0_o * 16:v0_o * 16 + 16, v1_o * 16:v1_o * 16 + 16], (16, 16), "float16", strides=("C_s0", "C_s1"), scope="wmma.matrix_a", offset_factor=16)
                                    T.tvm_load_matrix_sync(C.data, 16, 16, 16, C.elem_offset // C.strides[0] // 16 * (C.strides[0] // 16) + C.elem_offset % C.strides[0] // 16, T.tvm_access_ptr(T.type_annotation("float16"), A_1.data, A_1.elem_offset, A_1.strides[0] * 16, 1), A_1.strides[0], "row_major")
                            for ax0_0, ax1_0 in T.grid(1, 1):
                                with T.block("W_reindex_shared.dyn_wmma.matrix_b_o"):
                                    v0_o = T.axis.spatial(16, ax0_0_0_ax1_0_0_fused % 2 * 8 + ax0_0_1_ax1_0_1_fused * 2 + ax0_0_2_ax1_0_2_fused + ax0_0)
                                    v1_o = T.axis.spatial(144, ax2_0_0 * 3 + ax2_0_1 + ax1_0)
                                    T.reads(W_reindex_shared_dyn[v0_o * 16:v0_o * 16 + 16, v1_o * 16:v1_o * 16 + 16])
                                    T.writes(W_reindex_shared_dyn_wmma_matrix_b[v0_o * 16:v0_o * 16 + 16, v1_o * 16:v1_o * 16 + 16])
                                    A_1 = T.match_buffer(W_reindex_shared_dyn[v0_o * 16:v0_o * 16 + 16, v1_o * 16:v1_o * 16 + 16], (16, 16), "float16", strides=("A_s0", "A_s1"), scope="shared.dyn", offset_factor=16)
                                    C = T.match_buffer(W_reindex_shared_dyn_wmma_matrix_b[v0_o * 16:v0_o * 16 + 16, v1_o * 16:v1_o * 16 + 16], (16, 16), "float16", strides=("C_s0", "C_s1"), scope="wmma.matrix_b", offset_factor=16)
                                    T.tvm_load_matrix_sync(C.data, 16, 16, 16, C.elem_offset // C.strides[0] // 16 * (C.strides[0] // 16) + C.elem_offset % C.strides[0] // 16, T.tvm_access_ptr(T.type_annotation("float16"), A_1.data, A_1.elem_offset, A_1.strides[0] * 16, 1), A_1.strides[0], "col_major")
                            for ax0_0_3, ax1_0_3, ax2_0_2, ax0_0_4, ax1_0_4 in T.grid(1, 1, 1, 1, 1):
                                with T.block("conv2d_nchw_o_update"):
                                    v0_o = T.axis.spatial(13, ax0_0_0_ax1_0_0_fused // 2 + ax0_0_3 + ax0_0_4)
                                    v1_o = T.axis.spatial(16, ax0_0_0_ax1_0_0_fused % 2 * 8 + ax0_0_1_ax1_0_1_fused * 2 + ax0_0_2_ax1_0_2_fused + ax1_0_3 + ax1_0_4)
                                    v2_o = T.axis.reduce(144, ax2_0_0 * 3 + ax2_0_1 + ax2_0_2)
                                    T.reads(conv2d_nchw_reindex_pad_shared_dyn_wmma_accumulator[v0_o, v1_o, 0, 0, 0:16, 0:16], pad_temp_reindex_pad_shared_dyn_wmma_matrix_a[v0_o * 16:v0_o * 16 + 16, v2_o * 16:v2_o * 16 + 16], W_reindex_shared_dyn_wmma_matrix_b[v1_o * 16:v1_o * 16 + 16, v2_o * 16:v2_o * 16 + 16])
                                    T.writes(conv2d_nchw_reindex_pad_shared_dyn_wmma_accumulator[v0_o, v1_o, 0, 0, 0:16, 0:16])
                                    T.block_attr({"meta_schedule.thread_extent_high_inclusive": 1024, "meta_schedule.thread_extent_low_inclusive": 32, "warp_execution": 1})
                                    A_1 = T.match_buffer(pad_temp_reindex_pad_shared_dyn_wmma_matrix_a[v0_o * 16:v0_o * 16 + 16, v2_o * 16:v2_o * 16 + 16], (16, 16), "float16", strides=("A_s0", "A_s1"), scope="wmma.matrix_a", offset_factor=16)
                                    B = T.match_buffer(W_reindex_shared_dyn_wmma_matrix_b[v1_o * 16:v1_o * 16 + 16, v2_o * 16:v2_o * 16 + 16], (16, 16), "float16", strides=("B_s0", "B_s1"), scope="wmma.matrix_b", offset_factor=16)
                                    C = T.match_buffer(conv2d_nchw_reindex_pad_shared_dyn_wmma_accumulator[v0_o, v1_o, 0, 0, 0:16, 0:16], (16, 16), "float16", strides=("C_s0", "C_s1"), scope="wmma.accumulator", offset_factor=16)
                                    T.tvm_mma_sync(C.data, C.elem_offset // C.strides[0] // 16 * (C.strides[0] // 16) + C.elem_offset % C.strides[0] // 16, A_1.data, A_1.elem_offset // A_1.strides[0] // 16 * (A_1.strides[0] // 16) + A_1.elem_offset % A_1.strides[0] // 16, B.data, B.elem_offset // B.strides[0] // 16 * (B.strides[0] // 16) + B.elem_offset % B.strides[0] // 16, C.data, C.elem_offset // C.strides[0] // 16 * (C.strides[0] // 16) + C.elem_offset % C.strides[0] // 16)
                for ax2 in range(1):
                    for ax0_ax1_fused in T.thread_binding(2, thread="threadIdx.y"):
                        for ax2_1, ax3 in T.grid(1, 1):
                            with T.block("conv2d_nchw_reindex_pad_shared.dyn_wmma.accumulator_o"):
                                v0_o = T.axis.spatial(13, ax0_0_0_ax1_0_0_fused // 2)
                                v1_o = T.axis.spatial(16, ax0_0_0_ax1_0_0_fused % 2 * 8 + ax0_0_1_ax1_0_1_fused * 2 + ax0_ax1_fused)
                                v2_o, v3_o = T.axis.remap("SS", [ax2_1, ax3])
                                v4_o = T.axis.spatial(1, 0)
                                v5_o = T.axis.spatial(1, 0)
                                T.reads(conv2d_nchw_reindex_pad_shared_dyn_wmma_accumulator[v0_o, v1_o, v2_o, v3_o, 0:16, 0:16])
                                T.writes(conv2d_nchw_reindex_pad_shared_dyn[v0_o, v1_o, v2_o, v3_o, 0:16, 0:16])
                                A_1 = T.match_buffer(conv2d_nchw_reindex_pad_shared_dyn_wmma_accumulator[v0_o, v1_o, v2_o, v3_o, 0:16, 0:16], (16, 16), "float16", strides=("A_s0", "A_s1"), scope="wmma.accumulator", offset_factor=16)
                                C = T.match_buffer(conv2d_nchw_reindex_pad_shared_dyn[v0_o, v1_o, v2_o, v3_o, 0:16, 0:16], (16, 16), "float16", strides=("C_s0", "C_s1"), scope="shared.dyn", offset_factor=16)
                                T.tvm_store_matrix_sync(A_1.data, 16, 16, 16, A_1.elem_offset // A_1.strides[0] // 16 * (A_1.strides[0] // 16) + A_1.elem_offset % A_1.strides[0] // 16, T.tvm_access_ptr(T.type_annotation("float16"), C.data, C.elem_offset, C.strides[0] * 16, 2), C.strides[0], "row_major")
                    for ax0_ax1_ax3_ax4_ax5_fused_0 in range(8):
                        for ax0_ax1_ax3_ax4_ax5_fused_1 in T.thread_binding(2, thread="threadIdx.y"):
                            for ax0_ax1_ax3_ax4_ax5_fused_2 in T.thread_binding(32, thread="threadIdx.x"):
                                with T.block("conv2d_nchw_reindex_pad_shared.dyn"):
                                    v0 = T.axis.spatial(13, ax0_0_0_ax1_0_0_fused // 2)
                                    v1 = T.axis.spatial(16, ax0_0_0_ax1_0_0_fused % 2 * 8 + ax0_0_1_ax1_0_1_fused * 2 + (ax0_ax1_ax3_ax4_ax5_fused_0 * 64 + ax0_ax1_ax3_ax4_ax5_fused_1 * 32 + ax0_ax1_ax3_ax4_ax5_fused_2) // 256)
                                    v2 = T.axis.spatial(1, ax2)
                                    v3 = T.axis.spatial(1, 0)
                                    v4 = T.axis.spatial(16, (ax0_ax1_ax3_ax4_ax5_fused_0 * 64 + ax0_ax1_ax3_ax4_ax5_fused_1 * 32 + ax0_ax1_ax3_ax4_ax5_fused_2) % 256 // 16)
                                    v5 = T.axis.spatial(16, (ax0_ax1_ax3_ax4_ax5_fused_0 * 64 + ax0_ax1_ax3_ax4_ax5_fused_1 * 32 + ax0_ax1_ax3_ax4_ax5_fused_2) % 16)
                                    T.where(ax0_0_0_ax1_0_0_fused // 2 * 16 + T.Mul(0, 16) + ((ax0_ax1_ax3_ax4_ax5_fused_0 * 2 + ax0_ax1_ax3_ax4_ax5_fused_1) * 32 + ax0_ax1_ax3_ax4_ax5_fused_2) % 256 // 16 < 196)
                                    T.reads(conv2d_nchw_reindex_pad_shared_dyn[v0, v1, v2, v3, v4, v5])
                                    T.writes(conv2d_nchw[0, v5 + v1 * 16, (v4 + v0 * 16) // 14, (v4 + v0 * 16) % 14])
                                    conv2d_nchw[0, v5 + v1 * 16, (v4 + v0 * 16) // 14, (v4 + v0 * 16) % 14] = conv2d_nchw_reindex_pad_shared_dyn[v0, v1, v2, v3, v4, v5]
b0 = sch.get_block(name="pad_temp", func_name="main")
b1 = sch.get_block(name="conv2d_nchw", func_name="main")
b2 = sch.get_block(name="root", func_name="main")
sch.annotate(block_or_loop=b1, ann_key="meta_schedule.tiling_structure", ann_val="SSSRRSRS")
b3 = sch.reindex(block=b1, buffer=("write", 0))
b4 = sch.reindex(block=b1, buffer=("read", 0))
b5 = sch.reindex(block=b1, buffer=("read", 1))
sch.transform_layout(block=b1, buffer=("read", 0), index_map=lambda v_nn, v_yy, v_xx, v_rc, v_ry, v_rx: (v_nn * 196 + v_yy * 14 + v_xx, v_rc * 9 + v_ry * 3 + v_rx,), pad_value=None, assume_injective_transform=True)
sch.transform_layout(block=b1, buffer=("read", 1), index_map=lambda v_ff, v_rc, v_ry, v_rx: (v_ff, v_rc * 9 + v_ry * 3 + v_rx,), pad_value=None, assume_injective_transform=True)
sch.transform_layout(block=b1, buffer=("write", 0), index_map=lambda v_nn, v_ff, v_yy, v_xx: (v_nn * 196 + v_yy * 14 + v_xx, v_ff,), pad_value=None, assume_injective_transform=True)
sch.transform_block_layout(block=b3, index_map=lambda v_nn, v_ff, v_yy, v_xx: (v_nn * 196 + v_yy * 14 + v_xx, v_ff,))
sch.transform_block_layout(block=b4, index_map=lambda v_nn, v_yy, v_xx, v_rc, v_ry, v_rx: (v_nn * 196 + v_yy * 14 + v_xx, v_rc * 9 + v_ry * 3 + v_rx,))
sch.transform_block_layout(block=b5, index_map=lambda v_ff, v_rc, v_ry, v_rx: (v_ff, v_rc * 9 + v_ry * 3 + v_rx,))
sch.transform_block_layout(block=b1, index_map=lambda v_nn, v_ff, v_yy, v_xx, v_rc, v_ry, v_rx: (v_nn * 196 + v_yy * 14 + v_xx, v_ff, v_rc * 9 + v_ry * 3 + v_rx,))
sch.pad_einsum(block=b1, padding=[16, 1, 1])
b6, b7 = sch.get_producers(block=b1)
b8, = sch.get_producers(block=b6)
b9, = sch.get_consumers(block=b1)
sch.compute_inline(block=b8)
sch.compute_inline(block=b9)
l10, l11, l12 = sch.get_loops(block=b1)
l13, l14 = sch.split(loop=l12, factors=[None, 16], preserve_unit_iters=True, disable_predication=False)
l15, l16 = sch.split(loop=l11, factors=[None, 16], preserve_unit_iters=True, disable_predication=False)
l17, l18 = sch.split(loop=l10, factors=[None, 16], preserve_unit_iters=True, disable_predication=False)
l19, l20, l21, l22, l23, l24 = sch.get_loops(block=b1)
sch.reorder(l21, l23, l18, l16, l14)
b25 = sch.blockize(target=l18, preserve_unit_iters=True)
sch.annotate(block_or_loop=b25, ann_key="meta_schedule.auto_tensorize", ann_val="wmma_sync_16x16x16_f16f16f16_trans")
sch.annotate(block_or_loop=b25, ann_key="meta_schedule.auto_tensorize_init", ann_val="wmma_fill_16x16x16_f16")
sch.annotate(block_or_loop=b25, ann_key="warp_execution", ann_val=1)
l26, l27, l28 = sch.get_loops(block=b25)
v29, v30, v31, v32, v33 = sch.sample_perfect_tile(loop=l26, n=5, max_innermost_factor=4, decision=[13, 1, 1, 1, 1])
l34, l35, l36, l37, l38 = sch.split(loop=l26, factors=[v29, v30, v31, v32, v33], preserve_unit_iters=True, disable_predication=False)
v39, v40, v41, v42, v43 = sch.sample_perfect_tile(loop=l27, n=5, max_innermost_factor=4, decision=[2, 4, 2, 1, 1])
l44, l45, l46, l47, l48 = sch.split(loop=l27, factors=[v39, v40, v41, v42, v43], preserve_unit_iters=True, disable_predication=False)
v49, v50, v51 = sch.sample_perfect_tile(loop=l28, n=3, max_innermost_factor=4, decision=[48, 3, 1])
l52, l53, l54 = sch.split(loop=l28, factors=[v49, v50, v51], preserve_unit_iters=True, disable_predication=False)
sch.reorder(l34, l44, l35, l45, l36, l46, l52, l53, l37, l47, l54, l38, l48)
l55 = sch.fuse(l34, l44, preserve_unit_iters=True)
sch.bind(loop=l55, thread_axis="blockIdx.y")
l56 = sch.fuse(l35, l45, preserve_unit_iters=True)
sch.bind(loop=l56, thread_axis="blockIdx.x")
l57 = sch.fuse(l36, l46, preserve_unit_iters=True)
sch.bind(loop=l57, thread_axis="threadIdx.y")
sch.annotate(block_or_loop=b25, ann_key="meta_schedule.thread_extent_low_inclusive", ann_val=32)
sch.annotate(block_or_loop=b25, ann_key="meta_schedule.thread_extent_high_inclusive", ann_val=1024)
sch.transform_layout(block=b25, buffer=("write", 0), index_map=lambda i0, i1: (i0 // 16 // (v32 * v33), i1 // 16 // (v42 * v43), i0 // 16 % (v32 * v33), i1 // 16 % (v42 * v43), i0 % 16, i1 % 16,), pad_value=None, assume_injective_transform=True)
b58 = sch.cache_write(block=b25, write_buffer_index=0, storage_scope="shared.dyn")
sch.reverse_compute_at(block=b58, loop=l56, preserve_unit_loops=True, index=-1)
b59 = sch.cache_write(block=b25, write_buffer_index=0, storage_scope="wmma.accumulator")
l60, l61, l62, l63, l64, l65, l66, l67 = sch.get_loops(block=b58)
sch.reorder(l64, l62, l63, l65)
sch.compute_at(block=b59, loop=l64, preserve_unit_loops=True, index=-1)
l68, l69, l70, l71, l72, l73, l74, l75, l76 = sch.get_loops(block=b59)
l77 = sch.fuse(l71, l72, preserve_unit_iters=True)
sch.bind(loop=l77, thread_axis="threadIdx.y")
sch.reverse_compute_inline(block=b3)
l78, l79, l80, l81, l82, l83, l84, l85 = sch.get_loops(block=b59)
b86 = sch.blockize(target=l84, preserve_unit_iters=True)
sch.annotate(block_or_loop=b86, ann_key="meta_schedule.auto_tensorize", ann_val="wmma_store_16x16x16_f16_shared_dyn")
l87, l88, l89, l90, l91, l92, l93, l94 = sch.get_loops(block=b58)
l95 = sch.fuse(l90, l91, l92, l93, l94, preserve_unit_iters=True)
v96 = sch.sample_categorical(candidates=[1, 2, 4, 8], probs=[0.25, 0.25, 0.25, 0.25], decision=0)
sch.annotate(block_or_loop=b58, ann_key="meta_schedule.cooperative_fetch", ann_val=v96)
b97 = sch.cache_read(block=b25, read_buffer_index=0, storage_scope="shared.dyn", consumer_blocks=[b25])
sch.compute_at(block=b97, loop=l52, preserve_unit_loops=True, index=-1)
l98, l99, l100, l101, l102, l103 = sch.get_loops(block=b97)
l104 = sch.fuse(l102, l103, preserve_unit_iters=True)
v105 = sch.sample_categorical(candidates=[1, 2, 4, 8], probs=[0.25, 0.25, 0.25, 0.25], decision=0)
sch.annotate(block_or_loop=b97, ann_key="meta_schedule.cooperative_fetch", ann_val=v105)
b106 = sch.cache_read(block=b25, read_buffer_index=1, storage_scope="shared.dyn", consumer_blocks=[b25])
sch.compute_at(block=b106, loop=l52, preserve_unit_loops=True, index=-1)
l107, l108, l109, l110, l111, l112 = sch.get_loops(block=b106)
l113 = sch.fuse(l111, l112, preserve_unit_iters=True)
v114 = sch.sample_categorical(candidates=[1, 2, 4, 8], probs=[0.25, 0.25, 0.25, 0.25], decision=3)
sch.annotate(block_or_loop=b106, ann_key="meta_schedule.cooperative_fetch", ann_val=v114)
b115 = sch.cache_read(block=b25, read_buffer_index=0, storage_scope="wmma.matrix_a")
sch.compute_at(block=b115, loop=l53, preserve_unit_loops=True, index=-1)
l116, l117, l118, l119, l120, l121, l122 = sch.get_loops(block=b115)
l123, l124 = sch.split(loop=l122, factors=[None, 16], preserve_unit_iters=True, disable_predication=False)
l125, l126 = sch.split(loop=l121, factors=[None, 16], preserve_unit_iters=True, disable_predication=False)
l127, l128, l129, l130, l131, l132, l133, l134, l135 = sch.get_loops(block=b115)
sch.reorder(l134, l126, l124)
b136 = sch.blockize(target=l126, preserve_unit_iters=True)
sch.annotate(block_or_loop=b136, ann_key="meta_schedule.auto_tensorize", ann_val="wmma_load_16x16x16_f16_a_shared_dyn")
b137 = sch.cache_read(block=b25, read_buffer_index=1, storage_scope="wmma.matrix_b")
sch.compute_at(block=b137, loop=l53, preserve_unit_loops=True, index=-1)
l138, l139, l140, l141, l142, l143, l144 = sch.get_loops(block=b137)
l145, l146 = sch.split(loop=l144, factors=[None, 16], preserve_unit_iters=True, disable_predication=False)
l147, l148 = sch.split(loop=l143, factors=[None, 16], preserve_unit_iters=True, disable_predication=False)
l149, l150, l151, l152, l153, l154, l155, l156, l157 = sch.get_loops(block=b137)
sch.reorder(l156, l148, l146)
b158 = sch.blockize(target=l148, preserve_unit_iters=True)
sch.annotate(block_or_loop=b158, ann_key="meta_schedule.auto_tensorize", ann_val="wmma_load_16x16x16_f16_b_trans_shared_dyn")
b159, = sch.get_producers(block=b97)
sch.compute_inline(block=b159)
sch.storage_align(block=b97, buffer_index=0, axis=-2, factor=32, offset=8)
b160, = sch.get_producers(block=b106)
sch.compute_inline(block=b160)
sch.storage_align(block=b106, buffer_index=0, axis=-2, factor=32, offset=8)
sch.compute_inline(block=b0)
v161 = sch.sample_categorical(candidates=[0, 16, 64, 512, 1024], probs=[0.20000000000000001, 0.20000000000000001, 0.20000000000000001, 0.20000000000000001, 0.20000000000000001], decision=1)
sch.annotate(block_or_loop=b2, ann_key="meta_schedule.unroll_explicit", ann_val=v161)
sch.enter_postproc()
sch.unannotate(block_or_loop=b58, ann_key="meta_schedule.cooperative_fetch")
l162, l163, l164, l165 = sch.get_loops(block=b58)
l166, l167, l168 = sch.split(loop=l165, factors=[None, 2, 32], preserve_unit_iters=True, disable_predication=False)
sch.bind(loop=l168, thread_axis="threadIdx.x")
sch.bind(loop=l167, thread_axis="threadIdx.y")
sch.unannotate(block_or_loop=b97, ann_key="meta_schedule.cooperative_fetch")
l169, l170, l171, l172, l173 = sch.get_loops(block=b97)
l174, l175, l176 = sch.split(loop=l173, factors=[None, 2, 32], preserve_unit_iters=True, disable_predication=False)
sch.bind(loop=l176, thread_axis="threadIdx.x")
sch.bind(loop=l175, thread_axis="threadIdx.y")
sch.unannotate(block_or_loop=b106, ann_key="meta_schedule.cooperative_fetch")
l177, l178, l179, l180, l181 = sch.get_loops(block=b106)
l182, l183, l184, l185 = sch.split(loop=l181, factors=[None, 2, 32, 8], preserve_unit_iters=True, disable_predication=False)
sch.vectorize(loop=l185)
sch.bind(loop=l184, thread_axis="threadIdx.x")
sch.bind(loop=l183, thread_axis="threadIdx.y")
b186 = sch.get_block(name="root", func_name="main")
sch.unannotate(block_or_loop=b186, ann_key="meta_schedule.unroll_explicit")
b187, b188, b189, b190, b191, b192, b193 = sch.get_child_blocks(b186)
l194, l195, l196, l197, l198, l199, l200 = sch.get_loops(block=b187)
l201, l202, l203, l204, l205, l206, l207, l208 = sch.get_loops(block=b188)
l209, l210, l211, l212, l213, l214, l215 = sch.get_loops(block=b189)
l216, l217, l218, l219, l220, l221, l222 = sch.get_loops(block=b190)
l223, l224, l225, l226, l227, l228, l229, l230, l231, l232 = sch.get_loops(block=b191)
sch.annotate(block_or_loop=l223, ann_key="pragma_auto_unroll_max_step", ann_val=16)
sch.annotate(block_or_loop=l223, ann_key="pragma_unroll_explicit", ann_val=1)
l233, l234, l235, l236, l237, l238 = sch.get_loops(block=b192)
l239, l240, l241, l242, l243, l244 = sch.get_loops(block=b193)
b245 = sch.get_block(name="conv2d_nchw_o", func_name="main")
l246, l247, l248, l249, l250, l251, l252, l253, l254, l255 = sch.get_loops(block=b245)
b256 = sch.decompose_reduction(block=b245, loop=l249)
sch.unannotate(block_or_loop=b256, ann_key="meta_schedule.auto_tensorize")
sch.annotate(block_or_loop=b256, ann_key="meta_schedule.auto_tensorize", ann_val="wmma_fill_16x16x16_f16")
sch.unannotate(block_or_loop=b245, ann_key="meta_schedule.auto_tensorize_init")
sch.unannotate(block_or_loop=b256, ann_key="meta_schedule.auto_tensorize_init")
b257 = sch.get_block(name="conv2d_nchw_o_init", func_name="main")
sch.unannotate(block_or_loop=b257, ann_key="meta_schedule.auto_tensorize")
sch.tensorize(block_or_loop=b257, tensor_intrin="wmma_fill_16x16x16_f16", preserve_unit_iters=True)
b258 = sch.get_block(name="pad_temp_reindex_pad_shared.dyn_wmma.matrix_a_o", func_name="main")
sch.unannotate(block_or_loop=b258, ann_key="meta_schedule.auto_tensorize")
sch.tensorize(block_or_loop=b258, tensor_intrin="wmma_load_16x16x16_f16_a_shared_dyn", preserve_unit_iters=True)
b259 = sch.get_block(name="W_reindex_shared.dyn_wmma.matrix_b_o", func_name="main")
sch.unannotate(block_or_loop=b259, ann_key="meta_schedule.auto_tensorize")
sch.tensorize(block_or_loop=b259, tensor_intrin="wmma_load_16x16x16_f16_b_trans_shared_dyn", preserve_unit_iters=True)
b260 = sch.get_block(name="conv2d_nchw_o_update", func_name="main")
sch.unannotate(block_or_loop=b260, ann_key="meta_schedule.auto_tensorize")
sch.tensorize(block_or_loop=b260, tensor_intrin="wmma_sync_16x16x16_f16f16f16_trans", preserve_unit_iters=True)
b261 = sch.get_block(name="conv2d_nchw_reindex_pad_shared.dyn_wmma.accumulator_o", func_name="main")
sch.unannotate(block_or_loop=b261, ann_key="meta_schedule.auto_tensorize")
sch.tensorize(block_or_loop=b261, tensor_intrin="wmma_store_16x16x16_f16_shared_dyn", preserve_unit_iters=True)
2025-10-07 10:54:18 [INFO] [task_scheduler.cc:131] [Task #0: main] Trial #30: GFLOPs: 4873.1293. Time: 47.4461 us. Best GFLOPs: 5185.2967
2025-10-07 10:54:18 [INFO] [task_scheduler.cc:131] [Task #0: main] Trial #31: GFLOPs: 256.2041. Time: 902.4484 us. Best GFLOPs: 5185.2967
2025-10-07 10:54:18 [INFO] [task_scheduler.cc:131] [Task #0: main] Trial #32: GFLOPs: 1808.9199. Time: 127.8172 us. Best GFLOPs: 5185.2967
2025-10-07 10:54:18 [INFO] [task_scheduler.cc:131] [Task #0: main] Trial #33: GFLOPs: 1279.7716. Time: 180.6658 us. Best GFLOPs: 5185.2967
2025-10-07 10:54:18 [INFO] [task_scheduler.cc:131] [Task #0: main] Trial #34: GFLOPs: 4957.9324. Time: 46.6346 us. Best GFLOPs: 5185.2967
2025-10-07 10:54:18 [INFO] [task_scheduler.cc:131] [Task #0: main] Trial #35: GFLOPs: 1405.3840. Time: 164.5180 us. Best GFLOPs: 5185.2967
2025-10-07 10:54:18 [INFO] [task_scheduler.cc:131] [Task #0: main] Trial #36: GFLOPs: 2008.8604. Time: 115.0956 us. Best GFLOPs: 5185.2967
2025-10-07 10:54:18 [INFO] [task_scheduler.cc:131] [Task #0: main] Trial #37: GFLOPs: 3053.4030. Time: 75.7224 us. Best GFLOPs: 5185.2967
2025-10-07 10:54:18 [INFO] [task_scheduler.cc:121] [Task #0: main] Trial #38: Error in building:
LocalBuilder: An exception occurred
Traceback (most recent call last):
  File "/workspace/tvm-dev/python/tvm/exec/popen_worker.py", line 87, in main
    result = fn(*args, **kwargs)
             ^^^^^^^^^^^^^^^^^^^
  File "/workspace/tvm-dev/python/tvm/meta_schedule/builder/local_builder.py", line 165, in <lambda>
    lambda x: _worker_func(*x),
              ^^^^^^^^^^^^^^^^
  File "/workspace/tvm-dev/python/tvm/meta_schedule/builder/local_builder.py", line 231, in _worker_func
    rt_mod: Module = f_build(mod, target, _deserialize_params(params))
                     ^^^^^^^^^^^^^^^^^^^^^^^^^^^^^^^^^^^^^^^^^^^^^^^^^
  File "/workspace/tvm-dev/python/tvm/_ffi/_ctypes/packed_func.py", line 245, in __call__
    raise_last_ffi_error()
  File "/workspace/tvm-dev/python/tvm/_ffi/base.py", line 481, in raise_last_ffi_error
    raise py_err
  File "/workspace/tvm-dev/python/tvm/meta_schedule/builder/local_builder.py", line 261, in default_build
    return tvm_build(mod, target=target)
           ^^^^^^^^^^^^^^^^^^^^^^^^^^^^^
  File "/workspace/tvm-dev/python/tvm/driver/build_module.py", line 297, in build
    rt_mod_host = _driver_ffi.tir_to_runtime(annotated_mods, target_host)
                  ^^^^^^^^^^^^^^^^^^^^^^^^^^^^^^^^^^^^^^^^^^^^^^^^^^^^^^^
  File "/workspace/tvm-dev/python/tvm/_ffi/_ctypes/packed_func.py", line 245, in __call__
    raise_last_ffi_error()
  File "/workspace/tvm-dev/python/tvm/_ffi/base.py", line 481, in raise_last_ffi_error
    raise py_err
ValueError: Traceback (most recent call last):
  33: tvm::runtime::PackedFuncObj::Extractor<tvm::runtime::PackedFuncSubObj<tvm::runtime::TypedPackedFunc<tvm::runtime::Module (tvm::runtime::Map<tvm::Target, tvm::IRModule, void, void> const&, tvm::Target)>::AssignTypedLambda<tvm::__mk_TVM24::{lambda(tvm::runtime::Map<tvm::Target, tvm::IRModule, void, void> const&, tvm::Target)#1}>(tvm::__mk_TVM24::{lambda(tvm::runtime::Map<tvm::Target, tvm::IRModule, void, void> const&, tvm::Target)#1}, std::__cxx11::basic_string<char, std::char_traits<char>, std::allocator<char> >)::{lambda(tvm::runtime::TVMArgs const&, tvm::runtime::TVMRetValue*)#1}> >::Call(tvm::runtime::PackedFuncObj const*, std::__cxx11::basic_string<char, std::char_traits<char>, std::allocator<char> >, tvm::runtime::TVMRetValue)
  32: tvm::TIRToRuntime(tvm::runtime::Map<tvm::Target, tvm::IRModule, void, void> const&, tvm::Target const&)
  31: tvm::codegen::Build(tvm::IRModule, tvm::Target)
  30: _ZN3tvm7runtime13PackedFuncObj
  29: tvm::runtime::TypedPackedFunc<tvm::runtime::Module (tvm::IRModule, tvm::Target)>::AssignTypedLambda<tvm::runtime::Module (*)(tvm::IRModule, tvm::Target)>(tvm::runtime::Module (*)(tvm::IRModule, tvm::Target), std::__cxx11::basic_string<char, std::char_traits<char>, std::allocator<char> >)::{lambda(tvm::runtime::TVMArgs const&, tvm::runtime::TVMRetValue*)#1}::operator()(tvm::runtime::TVMArgs const&, tvm::runtime::TVMRetValue*) const
  28: tvm::codegen::BuildCUDA(tvm::IRModule, tvm::Target)
  27: tvm::codegen::CodeGenC::AddFunction(tvm::GlobalVar const&, tvm::tir::PrimFunc const&)
  26: tvm::codegen::CodeGenCUDA::VisitStmt_(tvm::tir::AllocateNode const*)
  25: tvm::codegen::CodeGenCUDA::VisitStmt_(tvm::tir::AllocateNode const*)
  24: tvm::codegen::CodeGenCUDA::VisitStmt_(tvm::tir::AllocateNode const*)
  23: tvm::codegen::CodeGenCUDA::VisitStmt_(tvm::tir::AllocateNode const*)
  22: tvm::codegen::CodeGenC::VisitStmt_(tvm::tir::SeqStmtNode const*)
  21: tvm::codegen::CodeGenC::VisitStmt_(tvm::tir::ForNode const*)
  20: tvm::codegen::CodeGenC::VisitStmt_(tvm::tir::SeqStmtNode const*)
  19: tvm::codegen::CodeGenC::VisitStmt_(tvm::tir::BufferStoreNode const*)
  18: tvm::codegen::CodeGenC::PrintExpr[abi:cxx11](tvm::PrimExpr const&)
  17: tvm::codegen::CodeGenC::VisitExpr_(tvm::tir::BufferLoadNode const*, std::ostream&)
  16: tvm::codegen::CodeGenC::PrintExpr[abi:cxx11](tvm::PrimExpr const&)
  15: void tvm::codegen::PrintBinaryExpr<tvm::tir::AddNode>(tvm::tir::AddNode const*, char const*, std::ostream&, tvm::codegen::CodeGenC*)
  14: tvm::codegen::CodeGenCUDA::PrintVecBinaryOp(std::__cxx11::basic_string<char, std::char_traits<char>, std::allocator<char> > const&, tvm::runtime::DataType, tvm::PrimExpr, tvm::PrimExpr, std::ostream&)
  13: tvm::codegen::CodeGenC::PrintExpr[abi:cxx11](tvm::PrimExpr const&)
  12: void tvm::codegen::PrintBinaryExpr<tvm::tir::AddNode>(tvm::tir::AddNode const*, char const*, std::ostream&, tvm::codegen::CodeGenC*)
  11: tvm::codegen::CodeGenCUDA::PrintVecBinaryOp(std::__cxx11::basic_string<char, std::char_traits<char>, std::allocator<char> > const&, tvm::runtime::DataType, tvm::PrimExpr, tvm::PrimExpr, std::ostream&)
  10: tvm::codegen::CodeGenC::PrintExpr[abi:cxx11](tvm::PrimExpr const&)
  9: void tvm::codegen::PrintBinaryExpr<tvm::tir::AddNode>(tvm::tir::AddNode const*, char const*, std::ostream&, tvm::codegen::CodeGenC*)
  8: tvm::codegen::CodeGenCUDA::PrintVecBinaryOp(std::__cxx11::basic_string<char, std::char_traits<char>, std::allocator<char> > const&, tvm::runtime::DataType, tvm::PrimExpr, tvm::PrimExpr, std::ostream&)
  7: tvm::codegen::CodeGenC::PrintExpr[abi:cxx11](tvm::PrimExpr const&)
  6: void tvm::codegen::PrintBinaryExpr<tvm::tir::MulNode>(tvm::tir::MulNode const*, char const*, std::ostream&, tvm::codegen::CodeGenC*)
  5: tvm::codegen::CodeGenCUDA::PrintVecBinaryOp(std::__cxx11::basic_string<char, std::char_traits<char>, std::allocator<char> > const&, tvm::runtime::DataType, tvm::PrimExpr, tvm::PrimExpr, std::ostream&)
  4: tvm::codegen::CodeGenC::PrintExpr[abi:cxx11](tvm::PrimExpr const&)
  3: void tvm::codegen::PrintBinaryExpr<tvm::tir::DivNode>(tvm::tir::DivNode const*, char const*, std::ostream&, tvm::codegen::CodeGenC*)
  2: tvm::codegen::CodeGenCUDA::PrintVecBinaryOp(std::__cxx11::basic_string<char, std::char_traits<char>, std::allocator<char> > const&, tvm::runtime::DataType, tvm::PrimExpr, tvm::PrimExpr, std::ostream&)
  1: tvm::codegen::CodeGenC::PrintExpr[abi:cxx11](tvm::PrimExpr const&)
  0: tvm::codegen::CodeGenCUDA::VisitExpr_(tvm::tir::RampNode const*, std::ostream&)
  File "/workspace/tvm-dev/src/target/source/codegen_cuda.cc", line 1204
ValueError: Check failed: lanes <= 4 (8 vs. 4) : Ramp of more than 4 lanes is not allowed.

# from tvm.script import ir as I
# from tvm.script import tir as T

@I.ir_module
class Module:
    @T.prim_func
    def main(A: T.Buffer((1, 256, 14, 14), "float16"), W: T.Buffer((256, 256, 3, 3), "float16"), conv2d_nchw: T.Buffer((1, 256, 14, 14), "float16")):
        T.func_attr({"tir.noalias": T.bool(True)})
        # with T.block("root"):
        conv2d_nchw_reindex_pad_shared_dyn = T.alloc_buffer((13, 4, 1, 4, 16, 16), "float16", scope="shared.dyn")
        conv2d_nchw_reindex_pad_shared_dyn_wmma_accumulator = T.alloc_buffer((13, 4, 1, 4, 16, 16), "float16", scope="wmma.accumulator")
        pad_temp_reindex_pad_shared_dyn = T.alloc_buffer((208, 2304), "float16", scope="shared.dyn")
        W_reindex_shared_dyn = T.alloc_buffer((256, 2304), "float16", scope="shared.dyn")
        pad_temp_reindex_pad_shared_dyn_wmma_matrix_a = T.alloc_buffer((208, 2304), "float16", scope="wmma.matrix_a")
        W_reindex_shared_dyn_wmma_matrix_b = T.alloc_buffer((256, 2304), "float16", scope="wmma.matrix_b")
        for ax0_0_0_ax1_0_0_fused in T.thread_binding(13, thread="blockIdx.y", annotations={"pragma_auto_unroll_max_step": 1024, "pragma_unroll_explicit": 1}):
            for ax0_0_1_ax1_0_1_fused in T.thread_binding(4, thread="blockIdx.x"):
                for ax0_0_2_ax1_0_2_fused in T.thread_binding(1, thread="threadIdx.y"):
                    for ax0_0_3_init, ax1_0_3_init, ax0_0_4_init, ax1_0_4_init in T.grid(1, 1, 1, 4):
                        with T.block("conv2d_nchw_o_init"):
                            v0_o = T.axis.spatial(13, ax0_0_0_ax1_0_0_fused + ax0_0_3_init + ax0_0_4_init)
                            v1_o = T.axis.spatial(16, ax0_0_1_ax1_0_1_fused * 4 + ax1_0_3_init * 4 + ax1_0_4_init)
                            T.reads()
                            T.writes(conv2d_nchw_reindex_pad_shared_dyn_wmma_accumulator[v0_o, v1_o // 4, 0, v1_o % 4, 0:16, 0:16])
                            T.block_attr({"meta_schedule.thread_extent_high_inclusive": 1024, "meta_schedule.thread_extent_low_inclusive": 32, "warp_execution": 1})
                            C = T.match_buffer(conv2d_nchw_reindex_pad_shared_dyn_wmma_accumulator[v0_o, v1_o // 4, 0, v1_o % 4, 0:16, 0:16], (16, 16), "float16", strides=("C_s0", "C_s1"), scope="wmma.accumulator", offset_factor=16)
                            T.tvm_fill_fragment(C.data, 16, 16, 16, C.elem_offset // C.strides[0] // 16 * (C.strides[0] // 16) + C.elem_offset % C.strides[0] // 16, T.float32(0.0))
                    for ax2_0_0 in range(144):
                        for ax0_ax1_fused_0 in range(8):
                            for ax0_ax1_fused_1 in T.thread_binding(1, thread="threadIdx.y"):
                                for ax0_ax1_fused_2 in T.thread_binding(32, thread="threadIdx.x"):
                                    with T.block("pad_temp_reindex_pad_shared.dyn"):
                                        v0 = T.axis.spatial(208, ax0_0_0_ax1_0_0_fused * 16 + (ax0_ax1_fused_0 * 32 + ax0_ax1_fused_1 * 32 + ax0_ax1_fused_2) // 16)
                                        v1 = T.axis.spatial(2304, ax2_0_0 * 16 + (ax0_ax1_fused_0 * 32 + ax0_ax1_fused_1 * 32 + ax0_ax1_fused_2) % 16)
                                        T.reads(A[0, v1 // 9, v0 // 14 + v1 % 9 // 3 - 1, v0 % 14 + v1 % 3 - 1])
                                        T.writes(pad_temp_reindex_pad_shared_dyn[v0, v1])
                                        T.block_attr({"buffer_dim_align": [[0, 0, 32, 8]]})
                                        pad_temp_reindex_pad_shared_dyn[v0, v1] = T.if_then_else(v0 < 196, T.if_then_else(1 <= v0 // 14 + v1 % 9 // 3 and v0 // 14 + v1 % 9 // 3 < 15 and 1 <= v0 % 14 + v1 % 3 and v0 % 14 + v1 % 3 < 15, A[0, v1 // 9, v0 // 14 + v1 % 9 // 3 - 1, v0 % 14 + v1 % 3 - 1], T.float16(0.0)), T.float16(0.0))
                        for ax0_ax1_fused_0 in range(4):
                            for ax0_ax1_fused_1 in T.thread_binding(1, thread="threadIdx.y"):
                                for ax0_ax1_fused_2 in T.thread_binding(32, thread="threadIdx.x"):
                                    for ax0_ax1_fused_3 in T.vectorized(8):
                                        with T.block("W_reindex_shared.dyn"):
                                            v0 = T.axis.spatial(256, ax0_0_1_ax1_0_1_fused * 64 + (ax0_ax1_fused_0 * 256 + ax0_ax1_fused_1 * 256 + ax0_ax1_fused_2 * 8 + ax0_ax1_fused_3) // 16)
                                            v1 = T.axis.spatial(2304, ax2_0_0 * 16 + (ax0_ax1_fused_0 * 256 + ax0_ax1_fused_1 * 256 + ax0_ax1_fused_2 * 8 + ax0_ax1_fused_3) % 16)
                                            T.reads(W[v0, v1 // 9, v1 % 9 // 3, v1 % 3])
                                            T.writes(W_reindex_shared_dyn[v0, v1])
                                            T.block_attr({"buffer_dim_align": [[0, 0, 32, 8]]})
                                            W_reindex_shared_dyn[v0, v1] = W[v0, v1 // 9, v1 % 9 // 3, v1 % 3]
                        for ax2_0_1 in range(1):
                            for ax0_0, ax1_0 in T.grid(1, 1):
                                with T.block("pad_temp_reindex_pad_shared.dyn_wmma.matrix_a_o"):
                                    v0_o = T.axis.spatial(13, ax0_0_0_ax1_0_0_fused + ax0_0)
                                    v1_o = T.axis.spatial(144, ax2_0_0 + ax1_0)
                                    T.reads(pad_temp_reindex_pad_shared_dyn[v0_o * 16:v0_o * 16 + 16, v1_o * 16:v1_o * 16 + 16])
                                    T.writes(pad_temp_reindex_pad_shared_dyn_wmma_matrix_a[v0_o * 16:v0_o * 16 + 16, v1_o * 16:v1_o * 16 + 16])
                                    A_1 = T.match_buffer(pad_temp_reindex_pad_shared_dyn[v0_o * 16:v0_o * 16 + 16, v1_o * 16:v1_o * 16 + 16], (16, 16), "float16", strides=("A_s0", "A_s1"), scope="shared.dyn", offset_factor=16)
                                    C = T.match_buffer(pad_temp_reindex_pad_shared_dyn_wmma_matrix_a[v0_o * 16:v0_o * 16 + 16, v1_o * 16:v1_o * 16 + 16], (16, 16), "float16", strides=("C_s0", "C_s1"), scope="wmma.matrix_a", offset_factor=16)
                                    T.tvm_load_matrix_sync(C.data, 16, 16, 16, C.elem_offset // C.strides[0] // 16 * (C.strides[0] // 16) + C.elem_offset % C.strides[0] // 16, T.tvm_access_ptr(T.type_annotation("float16"), A_1.data, A_1.elem_offset, A_1.strides[0] * 16, 1), A_1.strides[0], "row_major")
                            for ax0_0, ax1_0 in T.grid(4, 1):
                                with T.block("W_reindex_shared.dyn_wmma.matrix_b_o"):
                                    v0_o = T.axis.spatial(16, ax0_0_1_ax1_0_1_fused * 4 + ax0_0)
                                    v1_o = T.axis.spatial(144, ax2_0_0 + ax1_0)
                                    T.reads(W_reindex_shared_dyn[v0_o * 16:v0_o * 16 + 16, v1_o * 16:v1_o * 16 + 16])
                                    T.writes(W_reindex_shared_dyn_wmma_matrix_b[v0_o * 16:v0_o * 16 + 16, v1_o * 16:v1_o * 16 + 16])
                                    A_1 = T.match_buffer(W_reindex_shared_dyn[v0_o * 16:v0_o * 16 + 16, v1_o * 16:v1_o * 16 + 16], (16, 16), "float16", strides=("A_s0", "A_s1"), scope="shared.dyn", offset_factor=16)
                                    C = T.match_buffer(W_reindex_shared_dyn_wmma_matrix_b[v0_o * 16:v0_o * 16 + 16, v1_o * 16:v1_o * 16 + 16], (16, 16), "float16", strides=("C_s0", "C_s1"), scope="wmma.matrix_b", offset_factor=16)
                                    T.tvm_load_matrix_sync(C.data, 16, 16, 16, C.elem_offset // C.strides[0] // 16 * (C.strides[0] // 16) + C.elem_offset % C.strides[0] // 16, T.tvm_access_ptr(T.type_annotation("float16"), A_1.data, A_1.elem_offset, A_1.strides[0] * 16, 1), A_1.strides[0], "col_major")
                            for ax0_0_3, ax1_0_3, ax2_0_2, ax0_0_4, ax1_0_4 in T.grid(1, 1, 1, 1, 4):
                                with T.block("conv2d_nchw_o_update"):
                                    v0_o = T.axis.spatial(13, ax0_0_0_ax1_0_0_fused + ax0_0_3 + ax0_0_4)
                                    v1_o = T.axis.spatial(16, ax0_0_1_ax1_0_1_fused * 4 + ax1_0_3 * 4 + ax1_0_4)
                                    v2_o = T.axis.reduce(144, ax2_0_0 + ax2_0_1 + ax2_0_2)
                                    T.reads(conv2d_nchw_reindex_pad_shared_dyn_wmma_accumulator[v0_o, v1_o // 4, 0, v1_o % 4, 0:16, 0:16], pad_temp_reindex_pad_shared_dyn_wmma_matrix_a[v0_o * 16:v0_o * 16 + 16, v2_o * 16:v2_o * 16 + 16], W_reindex_shared_dyn_wmma_matrix_b[v1_o * 16:v1_o * 16 + 16, v2_o * 16:v2_o * 16 + 16])
                                    T.writes(conv2d_nchw_reindex_pad_shared_dyn_wmma_accumulator[v0_o, v1_o // 4, 0, v1_o % 4, 0:16, 0:16])
                                    T.block_attr({"meta_schedule.thread_extent_high_inclusive": 1024, "meta_schedule.thread_extent_low_inclusive": 32, "warp_execution": 1})
                                    A_1 = T.match_buffer(pad_temp_reindex_pad_shared_dyn_wmma_matrix_a[v0_o * 16:v0_o * 16 + 16, v2_o * 16:v2_o * 16 + 16], (16, 16), "float16", strides=("A_s0", "A_s1"), scope="wmma.matrix_a", offset_factor=16)
                                    B = T.match_buffer(W_reindex_shared_dyn_wmma_matrix_b[v1_o * 16:v1_o * 16 + 16, v2_o * 16:v2_o * 16 + 16], (16, 16), "float16", strides=("B_s0", "B_s1"), scope="wmma.matrix_b", offset_factor=16)
                                    C = T.match_buffer(conv2d_nchw_reindex_pad_shared_dyn_wmma_accumulator[v0_o, v1_o // 4, 0, v1_o % 4, 0:16, 0:16], (16, 16), "float16", strides=("C_s0", "C_s1"), scope="wmma.accumulator", offset_factor=16)
                                    T.tvm_mma_sync(C.data, C.elem_offset // C.strides[0] // 16 * (C.strides[0] // 16) + C.elem_offset % C.strides[0] // 16, A_1.data, A_1.elem_offset // A_1.strides[0] // 16 * (A_1.strides[0] // 16) + A_1.elem_offset % A_1.strides[0] // 16, B.data, B.elem_offset // B.strides[0] // 16 * (B.strides[0] // 16) + B.elem_offset % B.strides[0] // 16, C.data, C.elem_offset // C.strides[0] // 16 * (C.strides[0] // 16) + C.elem_offset % C.strides[0] // 16)
                for ax2 in range(1):
                    for ax0_ax1_fused in T.thread_binding(1, thread="threadIdx.y"):
                        for ax2_1, ax3 in T.grid(1, 4):
                            with T.block("conv2d_nchw_reindex_pad_shared.dyn_wmma.accumulator_o"):
                                v0_o, v1_o, v2_o, v3_o = T.axis.remap("SSSS", [ax0_0_0_ax1_0_0_fused, ax0_0_1_ax1_0_1_fused, ax2_1, ax3])
                                v4_o = T.axis.spatial(1, 0)
                                v5_o = T.axis.spatial(1, 0)
                                T.reads(conv2d_nchw_reindex_pad_shared_dyn_wmma_accumulator[v0_o, v1_o, v2_o, v3_o, 0:16, 0:16])
                                T.writes(conv2d_nchw_reindex_pad_shared_dyn[v0_o, v1_o, v2_o, v3_o, 0:16, 0:16])
                                A_1 = T.match_buffer(conv2d_nchw_reindex_pad_shared_dyn_wmma_accumulator[v0_o, v1_o, v2_o, v3_o, 0:16, 0:16], (16, 16), "float16", strides=("A_s0", "A_s1"), scope="wmma.accumulator", offset_factor=16)
                                C = T.match_buffer(conv2d_nchw_reindex_pad_shared_dyn[v0_o, v1_o, v2_o, v3_o, 0:16, 0:16], (16, 16), "float16", strides=("C_s0", "C_s1"), scope="shared.dyn", offset_factor=16)
                                T.tvm_store_matrix_sync(A_1.data, 16, 16, 16, A_1.elem_offset // A_1.strides[0] // 16 * (A_1.strides[0] // 16) + A_1.elem_offset % A_1.strides[0] // 16, T.tvm_access_ptr(T.type_annotation("float16"), C.data, C.elem_offset, C.strides[0] * 16, 2), C.strides[0], "row_major")
                    for ax0_ax1_ax3_ax4_ax5_fused_0 in range(32):
                        for ax0_ax1_ax3_ax4_ax5_fused_1 in T.thread_binding(1, thread="threadIdx.y"):
                            for ax0_ax1_ax3_ax4_ax5_fused_2 in T.thread_binding(32, thread="threadIdx.x"):
                                with T.block("conv2d_nchw_reindex_pad_shared.dyn"):
                                    v0, v1, v2 = T.axis.remap("SSS", [ax0_0_0_ax1_0_0_fused, ax0_0_1_ax1_0_1_fused, ax2])
                                    v3 = T.axis.spatial(4, (ax0_ax1_ax3_ax4_ax5_fused_0 * 32 + ax0_ax1_ax3_ax4_ax5_fused_1 * 32 + ax0_ax1_ax3_ax4_ax5_fused_2) // 256)
                                    v4 = T.axis.spatial(16, (ax0_ax1_ax3_ax4_ax5_fused_0 * 32 + ax0_ax1_ax3_ax4_ax5_fused_1 * 32 + ax0_ax1_ax3_ax4_ax5_fused_2) % 256 // 16)
                                    v5 = T.axis.spatial(16, (ax0_ax1_ax3_ax4_ax5_fused_0 * 32 + ax0_ax1_ax3_ax4_ax5_fused_1 * 32 + ax0_ax1_ax3_ax4_ax5_fused_2) % 16)
                                    T.where(ax0_0_0_ax1_0_0_fused * 16 + T.Mul(0, 16) + ((ax0_ax1_ax3_ax4_ax5_fused_0 + ax0_ax1_ax3_ax4_ax5_fused_1) * 32 + ax0_ax1_ax3_ax4_ax5_fused_2) % 256 // 16 < 196)
                                    T.reads(conv2d_nchw_reindex_pad_shared_dyn[v0, v1, v2, v3, v4, v5])
                                    T.writes(conv2d_nchw[0, v5 + v3 * 16 + v1 * 64, (v4 + v0 * 16) // 14, (v4 + v0 * 16) % 14])
                                    conv2d_nchw[0, v5 + v3 * 16 + v1 * 64, (v4 + v0 * 16) // 14, (v4 + v0 * 16) % 14] = conv2d_nchw_reindex_pad_shared_dyn[v0, v1, v2, v3, v4, v5]
b0 = sch.get_block(name="pad_temp", func_name="main")
b1 = sch.get_block(name="conv2d_nchw", func_name="main")
b2 = sch.get_block(name="root", func_name="main")
sch.annotate(block_or_loop=b1, ann_key="meta_schedule.tiling_structure", ann_val="SSSRRSRS")
b3 = sch.reindex(block=b1, buffer=("write", 0))
b4 = sch.reindex(block=b1, buffer=("read", 0))
b5 = sch.reindex(block=b1, buffer=("read", 1))
sch.transform_layout(block=b1, buffer=("read", 0), index_map=lambda v_nn, v_yy, v_xx, v_rc, v_ry, v_rx: (v_nn * 196 + v_yy * 14 + v_xx, v_rc * 9 + v_ry * 3 + v_rx,), pad_value=None, assume_injective_transform=True)
sch.transform_layout(block=b1, buffer=("read", 1), index_map=lambda v_ff, v_rc, v_ry, v_rx: (v_ff, v_rc * 9 + v_ry * 3 + v_rx,), pad_value=None, assume_injective_transform=True)
sch.transform_layout(block=b1, buffer=("write", 0), index_map=lambda v_nn, v_ff, v_yy, v_xx: (v_nn * 196 + v_yy * 14 + v_xx, v_ff,), pad_value=None, assume_injective_transform=True)
sch.transform_block_layout(block=b3, index_map=lambda v_nn, v_ff, v_yy, v_xx: (v_nn * 196 + v_yy * 14 + v_xx, v_ff,))
sch.transform_block_layout(block=b4, index_map=lambda v_nn, v_yy, v_xx, v_rc, v_ry, v_rx: (v_nn * 196 + v_yy * 14 + v_xx, v_rc * 9 + v_ry * 3 + v_rx,))
sch.transform_block_layout(block=b5, index_map=lambda v_ff, v_rc, v_ry, v_rx: (v_ff, v_rc * 9 + v_ry * 3 + v_rx,))
sch.transform_block_layout(block=b1, index_map=lambda v_nn, v_ff, v_yy, v_xx, v_rc, v_ry, v_rx: (v_nn * 196 + v_yy * 14 + v_xx, v_ff, v_rc * 9 + v_ry * 3 + v_rx,))
sch.pad_einsum(block=b1, padding=[16, 1, 1])
b6, b7 = sch.get_producers(block=b1)
b8, = sch.get_producers(block=b6)
b9, = sch.get_consumers(block=b1)
sch.compute_inline(block=b8)
sch.compute_inline(block=b9)
l10, l11, l12 = sch.get_loops(block=b1)
l13, l14 = sch.split(loop=l12, factors=[None, 16], preserve_unit_iters=True, disable_predication=False)
l15, l16 = sch.split(loop=l11, factors=[None, 16], preserve_unit_iters=True, disable_predication=False)
l17, l18 = sch.split(loop=l10, factors=[None, 16], preserve_unit_iters=True, disable_predication=False)
l19, l20, l21, l22, l23, l24 = sch.get_loops(block=b1)
sch.reorder(l21, l23, l18, l16, l14)
b25 = sch.blockize(target=l18, preserve_unit_iters=True)
sch.annotate(block_or_loop=b25, ann_key="meta_schedule.auto_tensorize", ann_val="wmma_sync_16x16x16_f16f16f16_trans")
sch.annotate(block_or_loop=b25, ann_key="meta_schedule.auto_tensorize_init", ann_val="wmma_fill_16x16x16_f16")
sch.annotate(block_or_loop=b25, ann_key="warp_execution", ann_val=1)
l26, l27, l28 = sch.get_loops(block=b25)
v29, v30, v31, v32, v33 = sch.sample_perfect_tile(loop=l26, n=5, max_innermost_factor=4, decision=[13, 1, 1, 1, 1])
l34, l35, l36, l37, l38 = sch.split(loop=l26, factors=[v29, v30, v31, v32, v33], preserve_unit_iters=True, disable_predication=False)
v39, v40, v41, v42, v43 = sch.sample_perfect_tile(loop=l27, n=5, max_innermost_factor=4, decision=[1, 4, 1, 1, 4])
l44, l45, l46, l47, l48 = sch.split(loop=l27, factors=[v39, v40, v41, v42, v43], preserve_unit_iters=True, disable_predication=False)
v49, v50, v51 = sch.sample_perfect_tile(loop=l28, n=3, max_innermost_factor=4, decision=[144, 1, 1])
l52, l53, l54 = sch.split(loop=l28, factors=[v49, v50, v51], preserve_unit_iters=True, disable_predication=False)
sch.reorder(l34, l44, l35, l45, l36, l46, l52, l53, l37, l47, l54, l38, l48)
l55 = sch.fuse(l34, l44, preserve_unit_iters=True)
sch.bind(loop=l55, thread_axis="blockIdx.y")
l56 = sch.fuse(l35, l45, preserve_unit_iters=True)
sch.bind(loop=l56, thread_axis="blockIdx.x")
l57 = sch.fuse(l36, l46, preserve_unit_iters=True)
sch.bind(loop=l57, thread_axis="threadIdx.y")
sch.annotate(block_or_loop=b25, ann_key="meta_schedule.thread_extent_low_inclusive", ann_val=32)
sch.annotate(block_or_loop=b25, ann_key="meta_schedule.thread_extent_high_inclusive", ann_val=1024)
sch.transform_layout(block=b25, buffer=("write", 0), index_map=lambda i0, i1: (i0 // 16 // (v32 * v33), i1 // 16 // (v42 * v43), i0 // 16 % (v32 * v33), i1 // 16 % (v42 * v43), i0 % 16, i1 % 16,), pad_value=None, assume_injective_transform=True)
b58 = sch.cache_write(block=b25, write_buffer_index=0, storage_scope="shared.dyn")
sch.reverse_compute_at(block=b58, loop=l56, preserve_unit_loops=True, index=-1)
b59 = sch.cache_write(block=b25, write_buffer_index=0, storage_scope="wmma.accumulator")
l60, l61, l62, l63, l64, l65, l66, l67 = sch.get_loops(block=b58)
sch.reorder(l64, l62, l63, l65)
sch.compute_at(block=b59, loop=l64, preserve_unit_loops=True, index=-1)
l68, l69, l70, l71, l72, l73, l74, l75, l76 = sch.get_loops(block=b59)
l77 = sch.fuse(l71, l72, preserve_unit_iters=True)
sch.bind(loop=l77, thread_axis="threadIdx.y")
sch.reverse_compute_inline(block=b3)
l78, l79, l80, l81, l82, l83, l84, l85 = sch.get_loops(block=b59)
b86 = sch.blockize(target=l84, preserve_unit_iters=True)
sch.annotate(block_or_loop=b86, ann_key="meta_schedule.auto_tensorize", ann_val="wmma_store_16x16x16_f16_shared_dyn")
l87, l88, l89, l90, l91, l92, l93, l94 = sch.get_loops(block=b58)
l95 = sch.fuse(l90, l91, l92, l93, l94, preserve_unit_iters=True)
v96 = sch.sample_categorical(candidates=[1, 2, 4, 8], probs=[0.25, 0.25, 0.25, 0.25], decision=0)
sch.annotate(block_or_loop=b58, ann_key="meta_schedule.cooperative_fetch", ann_val=v96)
b97 = sch.cache_read(block=b25, read_buffer_index=0, storage_scope="shared.dyn", consumer_blocks=[b25])
sch.compute_at(block=b97, loop=l52, preserve_unit_loops=True, index=-1)
l98, l99, l100, l101, l102, l103 = sch.get_loops(block=b97)
l104 = sch.fuse(l102, l103, preserve_unit_iters=True)
v105 = sch.sample_categorical(candidates=[1, 2, 4, 8], probs=[0.25, 0.25, 0.25, 0.25], decision=0)
sch.annotate(block_or_loop=b97, ann_key="meta_schedule.cooperative_fetch", ann_val=v105)
b106 = sch.cache_read(block=b25, read_buffer_index=1, storage_scope="shared.dyn", consumer_blocks=[b25])
sch.compute_at(block=b106, loop=l52, preserve_unit_loops=True, index=-1)
l107, l108, l109, l110, l111, l112 = sch.get_loops(block=b106)
l113 = sch.fuse(l111, l112, preserve_unit_iters=True)
v114 = sch.sample_categorical(candidates=[1, 2, 4, 8], probs=[0.25, 0.25, 0.25, 0.25], decision=3)
sch.annotate(block_or_loop=b106, ann_key="meta_schedule.cooperative_fetch", ann_val=v114)
b115 = sch.cache_read(block=b25, read_buffer_index=0, storage_scope="wmma.matrix_a")
sch.compute_at(block=b115, loop=l53, preserve_unit_loops=True, index=-1)
l116, l117, l118, l119, l120, l121, l122 = sch.get_loops(block=b115)
l123, l124 = sch.split(loop=l122, factors=[None, 16], preserve_unit_iters=True, disable_predication=False)
l125, l126 = sch.split(loop=l121, factors=[None, 16], preserve_unit_iters=True, disable_predication=False)
l127, l128, l129, l130, l131, l132, l133, l134, l135 = sch.get_loops(block=b115)
sch.reorder(l134, l126, l124)
b136 = sch.blockize(target=l126, preserve_unit_iters=True)
sch.annotate(block_or_loop=b136, ann_key="meta_schedule.auto_tensorize", ann_val="wmma_load_16x16x16_f16_a_shared_dyn")
b137 = sch.cache_read(block=b25, read_buffer_index=1, storage_scope="wmma.matrix_b")
sch.compute_at(block=b137, loop=l53, preserve_unit_loops=True, index=-1)
l138, l139, l140, l141, l142, l143, l144 = sch.get_loops(block=b137)
l145, l146 = sch.split(loop=l144, factors=[None, 16], preserve_unit_iters=True, disable_predication=False)
l147, l148 = sch.split(loop=l143, factors=[None, 16], preserve_unit_iters=True, disable_predication=False)
l149, l150, l151, l152, l153, l154, l155, l156, l157 = sch.get_loops(block=b137)
sch.reorder(l156, l148, l146)
b158 = sch.blockize(target=l148, preserve_unit_iters=True)
sch.annotate(block_or_loop=b158, ann_key="meta_schedule.auto_tensorize", ann_val="wmma_load_16x16x16_f16_b_trans_shared_dyn")
b159, = sch.get_producers(block=b97)
sch.compute_inline(block=b159)
sch.storage_align(block=b97, buffer_index=0, axis=-2, factor=32, offset=8)
b160, = sch.get_producers(block=b106)
sch.compute_inline(block=b160)
sch.storage_align(block=b106, buffer_index=0, axis=-2, factor=32, offset=8)
sch.compute_inline(block=b0)
v161 = sch.sample_categorical(candidates=[0, 16, 64, 512, 1024], probs=[0.20000000000000001, 0.20000000000000001, 0.20000000000000001, 0.20000000000000001, 0.20000000000000001], decision=4)
sch.annotate(block_or_loop=b2, ann_key="meta_schedule.unroll_explicit", ann_val=v161)
sch.enter_postproc()
sch.unannotate(block_or_loop=b58, ann_key="meta_schedule.cooperative_fetch")
l162, l163, l164, l165 = sch.get_loops(block=b58)
l166, l167, l168 = sch.split(loop=l165, factors=[None, 1, 32], preserve_unit_iters=True, disable_predication=False)
sch.bind(loop=l168, thread_axis="threadIdx.x")
sch.bind(loop=l167, thread_axis="threadIdx.y")
sch.unannotate(block_or_loop=b97, ann_key="meta_schedule.cooperative_fetch")
l169, l170, l171, l172, l173 = sch.get_loops(block=b97)
l174, l175, l176 = sch.split(loop=l173, factors=[None, 1, 32], preserve_unit_iters=True, disable_predication=False)
sch.bind(loop=l176, thread_axis="threadIdx.x")
sch.bind(loop=l175, thread_axis="threadIdx.y")
sch.unannotate(block_or_loop=b106, ann_key="meta_schedule.cooperative_fetch")
l177, l178, l179, l180, l181 = sch.get_loops(block=b106)
l182, l183, l184, l185 = sch.split(loop=l181, factors=[None, 1, 32, 8], preserve_unit_iters=True, disable_predication=False)
sch.vectorize(loop=l185)
sch.bind(loop=l184, thread_axis="threadIdx.x")
sch.bind(loop=l183, thread_axis="threadIdx.y")
b186 = sch.get_block(name="root", func_name="main")
sch.unannotate(block_or_loop=b186, ann_key="meta_schedule.unroll_explicit")
b187, b188, b189, b190, b191, b192, b193 = sch.get_child_blocks(b186)
l194, l195, l196, l197, l198, l199, l200 = sch.get_loops(block=b187)
l201, l202, l203, l204, l205, l206, l207, l208 = sch.get_loops(block=b188)
l209, l210, l211, l212, l213, l214, l215 = sch.get_loops(block=b189)
l216, l217, l218, l219, l220, l221, l222 = sch.get_loops(block=b190)
l223, l224, l225, l226, l227, l228, l229, l230, l231, l232 = sch.get_loops(block=b191)
sch.annotate(block_or_loop=l223, ann_key="pragma_auto_unroll_max_step", ann_val=1024)
sch.annotate(block_or_loop=l223, ann_key="pragma_unroll_explicit", ann_val=1)
l233, l234, l235, l236, l237, l238 = sch.get_loops(block=b192)
l239, l240, l241, l242, l243, l244 = sch.get_loops(block=b193)
b245 = sch.get_block(name="conv2d_nchw_o", func_name="main")
l246, l247, l248, l249, l250, l251, l252, l253, l254, l255 = sch.get_loops(block=b245)
b256 = sch.decompose_reduction(block=b245, loop=l249)
sch.unannotate(block_or_loop=b256, ann_key="meta_schedule.auto_tensorize")
sch.annotate(block_or_loop=b256, ann_key="meta_schedule.auto_tensorize", ann_val="wmma_fill_16x16x16_f16")
sch.unannotate(block_or_loop=b245, ann_key="meta_schedule.auto_tensorize_init")
sch.unannotate(block_or_loop=b256, ann_key="meta_schedule.auto_tensorize_init")
b257 = sch.get_block(name="conv2d_nchw_o_init", func_name="main")
sch.unannotate(block_or_loop=b257, ann_key="meta_schedule.auto_tensorize")
sch.tensorize(block_or_loop=b257, tensor_intrin="wmma_fill_16x16x16_f16", preserve_unit_iters=True)
b258 = sch.get_block(name="pad_temp_reindex_pad_shared.dyn_wmma.matrix_a_o", func_name="main")
sch.unannotate(block_or_loop=b258, ann_key="meta_schedule.auto_tensorize")
sch.tensorize(block_or_loop=b258, tensor_intrin="wmma_load_16x16x16_f16_a_shared_dyn", preserve_unit_iters=True)
b259 = sch.get_block(name="W_reindex_shared.dyn_wmma.matrix_b_o", func_name="main")
sch.unannotate(block_or_loop=b259, ann_key="meta_schedule.auto_tensorize")
sch.tensorize(block_or_loop=b259, tensor_intrin="wmma_load_16x16x16_f16_b_trans_shared_dyn", preserve_unit_iters=True)
b260 = sch.get_block(name="conv2d_nchw_o_update", func_name="main")
sch.unannotate(block_or_loop=b260, ann_key="meta_schedule.auto_tensorize")
sch.tensorize(block_or_loop=b260, tensor_intrin="wmma_sync_16x16x16_f16f16f16_trans", preserve_unit_iters=True)
b261 = sch.get_block(name="conv2d_nchw_reindex_pad_shared.dyn_wmma.accumulator_o", func_name="main")
sch.unannotate(block_or_loop=b261, ann_key="meta_schedule.auto_tensorize")
sch.tensorize(block_or_loop=b261, tensor_intrin="wmma_store_16x16x16_f16_shared_dyn", preserve_unit_iters=True)
2025-10-07 10:54:18 [INFO] [task_scheduler.cc:131] [Task #0: main] Trial #39: GFLOPs: 5624.2730. Time: 41.1095 us. Best GFLOPs: 5624.2730
2025-10-07 10:54:18 [INFO] [task_scheduler.cc:131] [Task #0: main] Trial #40: GFLOPs: 2017.9786. Time: 114.5755 us. Best GFLOPs: 5624.2730
2025-10-07 10:54:18 [INFO] [task_scheduler.cc:131] [Task #0: main] Trial #41: GFLOPs: 4878.2935. Time: 47.3959 us. Best GFLOPs: 5624.2730
2025-10-07 10:54:18 [INFO] [task_scheduler.cc:131] [Task #0: main] Trial #42: GFLOPs: 121.1036. Time: 1909.1997 us. Best GFLOPs: 5624.2730
2025-10-07 10:54:18 [INFO] [task_scheduler.cc:131] [Task #0: main] Trial #43: GFLOPs: 4592.7089. Time: 50.3431 us. Best GFLOPs: 5624.2730
2025-10-07 10:54:18 [INFO] [task_scheduler.cc:131] [Task #0: main] Trial #44: GFLOPs: 3139.0581. Time: 73.6562 us. Best GFLOPs: 5624.2730
2025-10-07 10:54:18 [INFO] [task_scheduler.cc:131] [Task #0: main] Trial #45: GFLOPs: 1339.1945. Time: 172.6493 us. Best GFLOPs: 5624.2730
2025-10-07 10:54:18 [INFO] [task_scheduler.cc:131] [Task #0: main] Trial #46: GFLOPs: 8474.7906. Time: 27.2822 us. Best GFLOPs: 8474.7906
2025-10-07 10:54:18 [INFO] [task_scheduler.cc:121] [Task #0: main] Trial #47: Error in building:
LocalBuilder: An exception occurred
Traceback (most recent call last):
  File "/workspace/tvm-dev/python/tvm/exec/popen_worker.py", line 87, in main
    result = fn(*args, **kwargs)
             ^^^^^^^^^^^^^^^^^^^
  File "/workspace/tvm-dev/python/tvm/meta_schedule/builder/local_builder.py", line 165, in <lambda>
    lambda x: _worker_func(*x),
              ^^^^^^^^^^^^^^^^
  File "/workspace/tvm-dev/python/tvm/meta_schedule/builder/local_builder.py", line 231, in _worker_func
    rt_mod: Module = f_build(mod, target, _deserialize_params(params))
                     ^^^^^^^^^^^^^^^^^^^^^^^^^^^^^^^^^^^^^^^^^^^^^^^^^
  File "/workspace/tvm-dev/python/tvm/_ffi/_ctypes/packed_func.py", line 245, in __call__
    raise_last_ffi_error()
  File "/workspace/tvm-dev/python/tvm/_ffi/base.py", line 481, in raise_last_ffi_error
    raise py_err
  File "/workspace/tvm-dev/python/tvm/meta_schedule/builder/local_builder.py", line 261, in default_build
    return tvm_build(mod, target=target)
           ^^^^^^^^^^^^^^^^^^^^^^^^^^^^^
  File "/workspace/tvm-dev/python/tvm/driver/build_module.py", line 297, in build
    rt_mod_host = _driver_ffi.tir_to_runtime(annotated_mods, target_host)
                  ^^^^^^^^^^^^^^^^^^^^^^^^^^^^^^^^^^^^^^^^^^^^^^^^^^^^^^^
  File "/workspace/tvm-dev/python/tvm/_ffi/_ctypes/packed_func.py", line 245, in __call__
    raise_last_ffi_error()
  File "/workspace/tvm-dev/python/tvm/_ffi/base.py", line 481, in raise_last_ffi_error
    raise py_err
ValueError: Traceback (most recent call last):
  33: tvm::runtime::PackedFuncObj::Extractor<tvm::runtime::PackedFuncSubObj<tvm::runtime::TypedPackedFunc<tvm::runtime::Module (tvm::runtime::Map<tvm::Target, tvm::IRModule, void, void> const&, tvm::Target)>::AssignTypedLambda<tvm::__mk_TVM24::{lambda(tvm::runtime::Map<tvm::Target, tvm::IRModule, void, void> const&, tvm::Target)#1}>(tvm::__mk_TVM24::{lambda(tvm::runtime::Map<tvm::Target, tvm::IRModule, void, void> const&, tvm::Target)#1}, std::__cxx11::basic_string<char, std::char_traits<char>, std::allocator<char> >)::{lambda(tvm::runtime::TVMArgs const&, tvm::runtime::TVMRetValue*)#1}> >::Call(tvm::runtime::PackedFuncObj const*, std::__cxx11::basic_string<char, std::char_traits<char>, std::allocator<char> >, tvm::runtime::TVMRetValue)
  32: tvm::TIRToRuntime(tvm::runtime::Map<tvm::Target, tvm::IRModule, void, void> const&, tvm::Target const&)
  31: tvm::codegen::Build(tvm::IRModule, tvm::Target)
  30: _ZN3tvm7runtime13PackedFuncObj
  29: tvm::runtime::TypedPackedFunc<tvm::runtime::Module (tvm::IRModule, tvm::Target)>::AssignTypedLambda<tvm::runtime::Module (*)(tvm::IRModule, tvm::Target)>(tvm::runtime::Module (*)(tvm::IRModule, tvm::Target), std::__cxx11::basic_string<char, std::char_traits<char>, std::allocator<char> >)::{lambda(tvm::runtime::TVMArgs const&, tvm::runtime::TVMRetValue*)#1}::operator()(tvm::runtime::TVMArgs const&, tvm::runtime::TVMRetValue*) const
  28: tvm::codegen::BuildCUDA(tvm::IRModule, tvm::Target)
  27: tvm::codegen::CodeGenC::AddFunction(tvm::GlobalVar const&, tvm::tir::PrimFunc const&)
  26: tvm::codegen::CodeGenCUDA::VisitStmt_(tvm::tir::AllocateNode const*)
  25: tvm::codegen::CodeGenCUDA::VisitStmt_(tvm::tir::AllocateNode const*)
  24: tvm::codegen::CodeGenCUDA::VisitStmt_(tvm::tir::AllocateNode const*)
  23: tvm::codegen::CodeGenCUDA::VisitStmt_(tvm::tir::AllocateNode const*)
  22: tvm::codegen::CodeGenC::VisitStmt_(tvm::tir::SeqStmtNode const*)
  21: tvm::codegen::CodeGenC::VisitStmt_(tvm::tir::ForNode const*)
  20: tvm::codegen::CodeGenC::VisitStmt_(tvm::tir::SeqStmtNode const*)
  19: tvm::codegen::CodeGenC::VisitStmt_(tvm::tir::BufferStoreNode const*)
  18: tvm::codegen::CodeGenC::PrintExpr[abi:cxx11](tvm::PrimExpr const&)
  17: tvm::codegen::CodeGenC::VisitExpr_(tvm::tir::BufferLoadNode const*, std::ostream&)
  16: tvm::codegen::CodeGenC::PrintExpr[abi:cxx11](tvm::PrimExpr const&)
  15: void tvm::codegen::PrintBinaryExpr<tvm::tir::AddNode>(tvm::tir::AddNode const*, char const*, std::ostream&, tvm::codegen::CodeGenC*)
  14: tvm::codegen::CodeGenCUDA::PrintVecBinaryOp(std::__cxx11::basic_string<char, std::char_traits<char>, std::allocator<char> > const&, tvm::runtime::DataType, tvm::PrimExpr, tvm::PrimExpr, std::ostream&)
  13: tvm::codegen::CodeGenC::PrintExpr[abi:cxx11](tvm::PrimExpr const&)
  12: void tvm::codegen::PrintBinaryExpr<tvm::tir::AddNode>(tvm::tir::AddNode const*, char const*, std::ostream&, tvm::codegen::CodeGenC*)
  11: tvm::codegen::CodeGenCUDA::PrintVecBinaryOp(std::__cxx11::basic_string<char, std::char_traits<char>, std::allocator<char> > const&, tvm::runtime::DataType, tvm::PrimExpr, tvm::PrimExpr, std::ostream&)
  10: tvm::codegen::CodeGenC::PrintExpr[abi:cxx11](tvm::PrimExpr const&)
  9: void tvm::codegen::PrintBinaryExpr<tvm::tir::AddNode>(tvm::tir::AddNode const*, char const*, std::ostream&, tvm::codegen::CodeGenC*)
  8: tvm::codegen::CodeGenCUDA::PrintVecBinaryOp(std::__cxx11::basic_string<char, std::char_traits<char>, std::allocator<char> > const&, tvm::runtime::DataType, tvm::PrimExpr, tvm::PrimExpr, std::ostream&)
  7: tvm::codegen::CodeGenC::PrintExpr[abi:cxx11](tvm::PrimExpr const&)
  6: void tvm::codegen::PrintBinaryExpr<tvm::tir::MulNode>(tvm::tir::MulNode const*, char const*, std::ostream&, tvm::codegen::CodeGenC*)
  5: tvm::codegen::CodeGenCUDA::PrintVecBinaryOp(std::__cxx11::basic_string<char, std::char_traits<char>, std::allocator<char> > const&, tvm::runtime::DataType, tvm::PrimExpr, tvm::PrimExpr, std::ostream&)
  4: tvm::codegen::CodeGenC::PrintExpr[abi:cxx11](tvm::PrimExpr const&)
  3: void tvm::codegen::PrintBinaryExpr<tvm::tir::DivNode>(tvm::tir::DivNode const*, char const*, std::ostream&, tvm::codegen::CodeGenC*)
  2: tvm::codegen::CodeGenCUDA::PrintVecBinaryOp(std::__cxx11::basic_string<char, std::char_traits<char>, std::allocator<char> > const&, tvm::runtime::DataType, tvm::PrimExpr, tvm::PrimExpr, std::ostream&)
  1: tvm::codegen::CodeGenC::PrintExpr[abi:cxx11](tvm::PrimExpr const&)
  0: tvm::codegen::CodeGenCUDA::VisitExpr_(tvm::tir::RampNode const*, std::ostream&)
  File "/workspace/tvm-dev/src/target/source/codegen_cuda.cc", line 1204
ValueError: Check failed: lanes <= 4 (8 vs. 4) : Ramp of more than 4 lanes is not allowed.

# from tvm.script import ir as I
# from tvm.script import tir as T

@I.ir_module
class Module:
    @T.prim_func
    def main(A: T.Buffer((1, 256, 14, 14), "float16"), W: T.Buffer((256, 256, 3, 3), "float16"), conv2d_nchw: T.Buffer((1, 256, 14, 14), "float16")):
        T.func_attr({"tir.noalias": T.bool(True)})
        # with T.block("root"):
        conv2d_nchw_reindex_pad_shared_dyn = T.alloc_buffer((1, 16, 13, 1, 16, 16), "float16", scope="shared.dyn")
        conv2d_nchw_reindex_pad_shared_dyn_wmma_accumulator = T.alloc_buffer((1, 16, 13, 1, 16, 16), "float16", scope="wmma.accumulator")
        pad_temp_reindex_pad_shared_dyn = T.alloc_buffer((208, 2304), "float16", scope="shared.dyn")
        W_reindex_shared_dyn = T.alloc_buffer((256, 2304), "float16", scope="shared.dyn")
        pad_temp_reindex_pad_shared_dyn_wmma_matrix_a = T.alloc_buffer((208, 2304), "float16", scope="wmma.matrix_a")
        W_reindex_shared_dyn_wmma_matrix_b = T.alloc_buffer((256, 2304), "float16", scope="wmma.matrix_b")
        for ax0_0_0_ax1_0_0_fused in T.thread_binding(2, thread="blockIdx.y", annotations={"pragma_auto_unroll_max_step": 1024, "pragma_unroll_explicit": 1}):
            for ax0_0_1_ax1_0_1_fused in T.thread_binding(4, thread="blockIdx.x"):
                for ax0_0_2_ax1_0_2_fused in T.thread_binding(2, thread="threadIdx.y"):
                    for ax0_0_3_init, ax1_0_3_init, ax0_0_4_init, ax1_0_4_init in T.grid(13, 1, 1, 1):
                        with T.block("conv2d_nchw_o_init"):
                            v0_o = T.axis.spatial(13, ax0_0_3_init + ax0_0_4_init)
                            v1_o = T.axis.spatial(16, ax0_0_0_ax1_0_0_fused * 8 + ax0_0_1_ax1_0_1_fused * 2 + ax0_0_2_ax1_0_2_fused + ax1_0_3_init + ax1_0_4_init)
                            T.reads()
                            T.writes(conv2d_nchw_reindex_pad_shared_dyn_wmma_accumulator[0, v1_o, v0_o, 0, 0:16, 0:16])
                            T.block_attr({"meta_schedule.thread_extent_high_inclusive": 1024, "meta_schedule.thread_extent_low_inclusive": 32, "warp_execution": 1})
                            C = T.match_buffer(conv2d_nchw_reindex_pad_shared_dyn_wmma_accumulator[0, v1_o, v0_o, 0, 0:16, 0:16], (16, 16), "float16", strides=("C_s0", "C_s1"), scope="wmma.accumulator", offset_factor=16)
                            T.tvm_fill_fragment(C.data, 16, 16, 16, C.elem_offset // C.strides[0] // 16 * (C.strides[0] // 16) + C.elem_offset % C.strides[0] // 16, T.float32(0.0))
                    for ax2_0_0 in range(72):
                        for ax0_ax1_fused_0 in range(52):
                            for ax0_ax1_fused_1 in T.thread_binding(2, thread="threadIdx.y"):
                                for ax0_ax1_fused_2 in T.thread_binding(32, thread="threadIdx.x"):
                                    for ax0_ax1_fused_3 in T.vectorized(2):
                                        with T.block("pad_temp_reindex_pad_shared.dyn"):
                                            v0 = T.axis.spatial(208, (ax0_ax1_fused_0 * 128 + ax0_ax1_fused_1 * 64 + ax0_ax1_fused_2 * 2 + ax0_ax1_fused_3) // 32)
                                            v1 = T.axis.spatial(2304, ax2_0_0 * 32 + (ax0_ax1_fused_0 * 128 + ax0_ax1_fused_1 * 64 + ax0_ax1_fused_2 * 2 + ax0_ax1_fused_3) % 32)
                                            T.reads(A[0, v1 // 9, v0 // 14 + v1 % 9 // 3 - 1, v0 % 14 + v1 % 3 - 1])
                                            T.writes(pad_temp_reindex_pad_shared_dyn[v0, v1])
                                            T.block_attr({"buffer_dim_align": [[0, 0, 32, 8]]})
                                            pad_temp_reindex_pad_shared_dyn[v0, v1] = T.if_then_else(v0 < 196, T.if_then_else(1 <= v0 // 14 + v1 % 9 // 3 and v0 // 14 + v1 % 9 // 3 < 15 and 1 <= v0 % 14 + v1 % 3 and v0 % 14 + v1 % 3 < 15, A[0, v1 // 9, v0 // 14 + v1 % 9 // 3 - 1, v0 % 14 + v1 % 3 - 1], T.float16(0.0)), T.float16(0.0))
                        for ax0_ax1_fused_0 in range(2):
                            for ax0_ax1_fused_1 in T.thread_binding(2, thread="threadIdx.y"):
                                for ax0_ax1_fused_2 in T.thread_binding(32, thread="threadIdx.x"):
                                    for ax0_ax1_fused_3 in T.vectorized(8):
                                        with T.block("W_reindex_shared.dyn"):
                                            v0 = T.axis.spatial(256, ax0_0_0_ax1_0_0_fused * 128 + ax0_0_1_ax1_0_1_fused * 32 + (ax0_ax1_fused_0 * 512 + ax0_ax1_fused_1 * 256 + ax0_ax1_fused_2 * 8 + ax0_ax1_fused_3) // 32)
                                            v1 = T.axis.spatial(2304, ax2_0_0 * 32 + (ax0_ax1_fused_0 * 512 + ax0_ax1_fused_1 * 256 + ax0_ax1_fused_2 * 8 + ax0_ax1_fused_3) % 32)
                                            T.reads(W[v0, v1 // 9, v1 % 9 // 3, v1 % 3])
                                            T.writes(W_reindex_shared_dyn[v0, v1])
                                            T.block_attr({"buffer_dim_align": [[0, 0, 32, 8]]})
                                            W_reindex_shared_dyn[v0, v1] = W[v0, v1 // 9, v1 % 9 // 3, v1 % 3]
                        for ax2_0_1 in range(2):
                            for ax0_0, ax1_0 in T.grid(13, 1):
                                with T.block("pad_temp_reindex_pad_shared.dyn_wmma.matrix_a_o"):
                                    v0_o = T.axis.spatial(13, ax0_0)
                                    v1_o = T.axis.spatial(144, ax2_0_0 * 2 + ax2_0_1 + ax1_0)
                                    T.reads(pad_temp_reindex_pad_shared_dyn[v0_o * 16:v0_o * 16 + 16, v1_o * 16:v1_o * 16 + 16])
                                    T.writes(pad_temp_reindex_pad_shared_dyn_wmma_matrix_a[v0_o * 16:v0_o * 16 + 16, v1_o * 16:v1_o * 16 + 16])
                                    A_1 = T.match_buffer(pad_temp_reindex_pad_shared_dyn[v0_o * 16:v0_o * 16 + 16, v1_o * 16:v1_o * 16 + 16], (16, 16), "float16", strides=("A_s0", "A_s1"), scope="shared.dyn", offset_factor=16)
                                    C = T.match_buffer(pad_temp_reindex_pad_shared_dyn_wmma_matrix_a[v0_o * 16:v0_o * 16 + 16, v1_o * 16:v1_o * 16 + 16], (16, 16), "float16", strides=("C_s0", "C_s1"), scope="wmma.matrix_a", offset_factor=16)
                                    T.tvm_load_matrix_sync(C.data, 16, 16, 16, C.elem_offset // C.strides[0] // 16 * (C.strides[0] // 16) + C.elem_offset % C.strides[0] // 16, T.tvm_access_ptr(T.type_annotation("float16"), A_1.data, A_1.elem_offset, A_1.strides[0] * 16, 1), A_1.strides[0], "row_major")
                            for ax0_0, ax1_0 in T.grid(1, 1):
                                with T.block("W_reindex_shared.dyn_wmma.matrix_b_o"):
                                    v0_o = T.axis.spatial(16, ax0_0_0_ax1_0_0_fused * 8 + ax0_0_1_ax1_0_1_fused * 2 + ax0_0_2_ax1_0_2_fused + ax0_0)
                                    v1_o = T.axis.spatial(144, ax2_0_0 * 2 + ax2_0_1 + ax1_0)
                                    T.reads(W_reindex_shared_dyn[v0_o * 16:v0_o * 16 + 16, v1_o * 16:v1_o * 16 + 16])
                                    T.writes(W_reindex_shared_dyn_wmma_matrix_b[v0_o * 16:v0_o * 16 + 16, v1_o * 16:v1_o * 16 + 16])
                                    A_1 = T.match_buffer(W_reindex_shared_dyn[v0_o * 16:v0_o * 16 + 16, v1_o * 16:v1_o * 16 + 16], (16, 16), "float16", strides=("A_s0", "A_s1"), scope="shared.dyn", offset_factor=16)
                                    C = T.match_buffer(W_reindex_shared_dyn_wmma_matrix_b[v0_o * 16:v0_o * 16 + 16, v1_o * 16:v1_o * 16 + 16], (16, 16), "float16", strides=("C_s0", "C_s1"), scope="wmma.matrix_b", offset_factor=16)
                                    T.tvm_load_matrix_sync(C.data, 16, 16, 16, C.elem_offset // C.strides[0] // 16 * (C.strides[0] // 16) + C.elem_offset % C.strides[0] // 16, T.tvm_access_ptr(T.type_annotation("float16"), A_1.data, A_1.elem_offset, A_1.strides[0] * 16, 1), A_1.strides[0], "col_major")
                            for ax0_0_3, ax1_0_3, ax2_0_2, ax0_0_4, ax1_0_4 in T.grid(13, 1, 1, 1, 1):
                                with T.block("conv2d_nchw_o_update"):
                                    v0_o = T.axis.spatial(13, ax0_0_3 + ax0_0_4)
                                    v1_o = T.axis.spatial(16, ax0_0_0_ax1_0_0_fused * 8 + ax0_0_1_ax1_0_1_fused * 2 + ax0_0_2_ax1_0_2_fused + ax1_0_3 + ax1_0_4)
                                    v2_o = T.axis.reduce(144, ax2_0_0 * 2 + ax2_0_1 + ax2_0_2)
                                    T.reads(conv2d_nchw_reindex_pad_shared_dyn_wmma_accumulator[0, v1_o, v0_o, 0, 0:16, 0:16], pad_temp_reindex_pad_shared_dyn_wmma_matrix_a[v0_o * 16:v0_o * 16 + 16, v2_o * 16:v2_o * 16 + 16], W_reindex_shared_dyn_wmma_matrix_b[v1_o * 16:v1_o * 16 + 16, v2_o * 16:v2_o * 16 + 16])
                                    T.writes(conv2d_nchw_reindex_pad_shared_dyn_wmma_accumulator[0, v1_o, v0_o, 0, 0:16, 0:16])
                                    T.block_attr({"meta_schedule.thread_extent_high_inclusive": 1024, "meta_schedule.thread_extent_low_inclusive": 32, "warp_execution": 1})
                                    A_1 = T.match_buffer(pad_temp_reindex_pad_shared_dyn_wmma_matrix_a[v0_o * 16:v0_o * 16 + 16, v2_o * 16:v2_o * 16 + 16], (16, 16), "float16", strides=("A_s0", "A_s1"), scope="wmma.matrix_a", offset_factor=16)
                                    B = T.match_buffer(W_reindex_shared_dyn_wmma_matrix_b[v1_o * 16:v1_o * 16 + 16, v2_o * 16:v2_o * 16 + 16], (16, 16), "float16", strides=("B_s0", "B_s1"), scope="wmma.matrix_b", offset_factor=16)
                                    C = T.match_buffer(conv2d_nchw_reindex_pad_shared_dyn_wmma_accumulator[0, v1_o, v0_o, 0, 0:16, 0:16], (16, 16), "float16", strides=("C_s0", "C_s1"), scope="wmma.accumulator", offset_factor=16)
                                    T.tvm_mma_sync(C.data, C.elem_offset // C.strides[0] // 16 * (C.strides[0] // 16) + C.elem_offset % C.strides[0] // 16, A_1.data, A_1.elem_offset // A_1.strides[0] // 16 * (A_1.strides[0] // 16) + A_1.elem_offset % A_1.strides[0] // 16, B.data, B.elem_offset // B.strides[0] // 16 * (B.strides[0] // 16) + B.elem_offset % B.strides[0] // 16, C.data, C.elem_offset // C.strides[0] // 16 * (C.strides[0] // 16) + C.elem_offset % C.strides[0] // 16)
                for ax2 in range(13):
                    for ax0_ax1_fused in T.thread_binding(2, thread="threadIdx.y"):
                        for ax2_1, ax3 in T.grid(1, 1):
                            with T.block("conv2d_nchw_reindex_pad_shared.dyn_wmma.accumulator_o"):
                                v0_o = T.axis.spatial(1, 0)
                                v1_o = T.axis.spatial(16, ax0_0_0_ax1_0_0_fused * 8 + ax0_0_1_ax1_0_1_fused * 2 + ax0_ax1_fused)
                                v2_o = T.axis.spatial(13, ax2 + ax2_1)
                                v3_o = T.axis.spatial(1, ax3)
                                v4_o = T.axis.spatial(1, 0)
                                v5_o = T.axis.spatial(1, 0)
                                T.reads(conv2d_nchw_reindex_pad_shared_dyn_wmma_accumulator[v0_o, v1_o, v2_o, v3_o, 0:16, 0:16])
                                T.writes(conv2d_nchw_reindex_pad_shared_dyn[v0_o, v1_o, v2_o, v3_o, 0:16, 0:16])
                                A_1 = T.match_buffer(conv2d_nchw_reindex_pad_shared_dyn_wmma_accumulator[v0_o, v1_o, v2_o, v3_o, 0:16, 0:16], (16, 16), "float16", strides=("A_s0", "A_s1"), scope="wmma.accumulator", offset_factor=16)
                                C = T.match_buffer(conv2d_nchw_reindex_pad_shared_dyn[v0_o, v1_o, v2_o, v3_o, 0:16, 0:16], (16, 16), "float16", strides=("C_s0", "C_s1"), scope="shared.dyn", offset_factor=16)
                                T.tvm_store_matrix_sync(A_1.data, 16, 16, 16, A_1.elem_offset // A_1.strides[0] // 16 * (A_1.strides[0] // 16) + A_1.elem_offset % A_1.strides[0] // 16, T.tvm_access_ptr(T.type_annotation("float16"), C.data, C.elem_offset, C.strides[0] * 16, 2), C.strides[0], "row_major")
                    for ax0_ax1_ax3_ax4_ax5_fused_0 in range(4):
                        for ax0_ax1_ax3_ax4_ax5_fused_1 in T.thread_binding(2, thread="threadIdx.y"):
                            for ax0_ax1_ax3_ax4_ax5_fused_2 in T.thread_binding(32, thread="threadIdx.x"):
                                for ax0_ax1_ax3_ax4_ax5_fused_3 in T.vectorized(2):
                                    with T.block("conv2d_nchw_reindex_pad_shared.dyn"):
                                        v0 = T.axis.spatial(1, 0)
                                        v1 = T.axis.spatial(16, ax0_0_0_ax1_0_0_fused * 8 + ax0_0_1_ax1_0_1_fused * 2 + (ax0_ax1_ax3_ax4_ax5_fused_0 * 128 + ax0_ax1_ax3_ax4_ax5_fused_1 * 64 + ax0_ax1_ax3_ax4_ax5_fused_2 * 2 + ax0_ax1_ax3_ax4_ax5_fused_3) // 256)
                                        v2 = T.axis.spatial(13, ax2)
                                        v3 = T.axis.spatial(1, 0)
                                        v4 = T.axis.spatial(16, (ax0_ax1_ax3_ax4_ax5_fused_0 * 128 + ax0_ax1_ax3_ax4_ax5_fused_1 * 64 + ax0_ax1_ax3_ax4_ax5_fused_2 * 2 + ax0_ax1_ax3_ax4_ax5_fused_3) % 256 // 16)
                                        v5 = T.axis.spatial(16, (ax0_ax1_ax3_ax4_ax5_fused_0 * 128 + ax0_ax1_ax3_ax4_ax5_fused_1 * 64 + ax0_ax1_ax3_ax4_ax5_fused_2 * 2 + ax0_ax1_ax3_ax4_ax5_fused_3) % 16)
                                        T.where(ax2 * 16 + (((ax0_ax1_ax3_ax4_ax5_fused_0 * 2 + ax0_ax1_ax3_ax4_ax5_fused_1) * 32 + ax0_ax1_ax3_ax4_ax5_fused_2) * 2 + ax0_ax1_ax3_ax4_ax5_fused_3) % 256 // 16 < 196)
                                        T.reads(conv2d_nchw_reindex_pad_shared_dyn[v0, v1, v2, v3, v4, v5])
                                        T.writes(conv2d_nchw[0, v5 + v1 * 16, (v4 + v2 * 16 + v0 * 208) // 14, (v4 + v2 * 16 + v0 * 208) % 14])
                                        conv2d_nchw[0, v5 + v1 * 16, (v4 + v2 * 16 + v0 * 208) // 14, (v4 + v2 * 16 + v0 * 208) % 14] = conv2d_nchw_reindex_pad_shared_dyn[v0, v1, v2, v3, v4, v5]
b0 = sch.get_block(name="pad_temp", func_name="main")
b1 = sch.get_block(name="conv2d_nchw", func_name="main")
b2 = sch.get_block(name="root", func_name="main")
sch.annotate(block_or_loop=b1, ann_key="meta_schedule.tiling_structure", ann_val="SSSRRSRS")
b3 = sch.reindex(block=b1, buffer=("write", 0))
b4 = sch.reindex(block=b1, buffer=("read", 0))
b5 = sch.reindex(block=b1, buffer=("read", 1))
sch.transform_layout(block=b1, buffer=("read", 0), index_map=lambda v_nn, v_yy, v_xx, v_rc, v_ry, v_rx: (v_nn * 196 + v_yy * 14 + v_xx, v_rc * 9 + v_ry * 3 + v_rx,), pad_value=None, assume_injective_transform=True)
sch.transform_layout(block=b1, buffer=("read", 1), index_map=lambda v_ff, v_rc, v_ry, v_rx: (v_ff, v_rc * 9 + v_ry * 3 + v_rx,), pad_value=None, assume_injective_transform=True)
sch.transform_layout(block=b1, buffer=("write", 0), index_map=lambda v_nn, v_ff, v_yy, v_xx: (v_nn * 196 + v_yy * 14 + v_xx, v_ff,), pad_value=None, assume_injective_transform=True)
sch.transform_block_layout(block=b3, index_map=lambda v_nn, v_ff, v_yy, v_xx: (v_nn * 196 + v_yy * 14 + v_xx, v_ff,))
sch.transform_block_layout(block=b4, index_map=lambda v_nn, v_yy, v_xx, v_rc, v_ry, v_rx: (v_nn * 196 + v_yy * 14 + v_xx, v_rc * 9 + v_ry * 3 + v_rx,))
sch.transform_block_layout(block=b5, index_map=lambda v_ff, v_rc, v_ry, v_rx: (v_ff, v_rc * 9 + v_ry * 3 + v_rx,))
sch.transform_block_layout(block=b1, index_map=lambda v_nn, v_ff, v_yy, v_xx, v_rc, v_ry, v_rx: (v_nn * 196 + v_yy * 14 + v_xx, v_ff, v_rc * 9 + v_ry * 3 + v_rx,))
sch.pad_einsum(block=b1, padding=[16, 1, 1])
b6, b7 = sch.get_producers(block=b1)
b8, = sch.get_producers(block=b6)
b9, = sch.get_consumers(block=b1)
sch.compute_inline(block=b8)
sch.compute_inline(block=b9)
l10, l11, l12 = sch.get_loops(block=b1)
l13, l14 = sch.split(loop=l12, factors=[None, 16], preserve_unit_iters=True, disable_predication=False)
l15, l16 = sch.split(loop=l11, factors=[None, 16], preserve_unit_iters=True, disable_predication=False)
l17, l18 = sch.split(loop=l10, factors=[None, 16], preserve_unit_iters=True, disable_predication=False)
l19, l20, l21, l22, l23, l24 = sch.get_loops(block=b1)
sch.reorder(l21, l23, l18, l16, l14)
b25 = sch.blockize(target=l18, preserve_unit_iters=True)
sch.annotate(block_or_loop=b25, ann_key="meta_schedule.auto_tensorize", ann_val="wmma_sync_16x16x16_f16f16f16_trans")
sch.annotate(block_or_loop=b25, ann_key="meta_schedule.auto_tensorize_init", ann_val="wmma_fill_16x16x16_f16")
sch.annotate(block_or_loop=b25, ann_key="warp_execution", ann_val=1)
l26, l27, l28 = sch.get_loops(block=b25)
v29, v30, v31, v32, v33 = sch.sample_perfect_tile(loop=l26, n=5, max_innermost_factor=4, decision=[1, 1, 1, 13, 1])
l34, l35, l36, l37, l38 = sch.split(loop=l26, factors=[v29, v30, v31, v32, v33], preserve_unit_iters=True, disable_predication=False)
v39, v40, v41, v42, v43 = sch.sample_perfect_tile(loop=l27, n=5, max_innermost_factor=4, decision=[2, 4, 2, 1, 1])
l44, l45, l46, l47, l48 = sch.split(loop=l27, factors=[v39, v40, v41, v42, v43], preserve_unit_iters=True, disable_predication=False)
v49, v50, v51 = sch.sample_perfect_tile(loop=l28, n=3, max_innermost_factor=4, decision=[72, 2, 1])
l52, l53, l54 = sch.split(loop=l28, factors=[v49, v50, v51], preserve_unit_iters=True, disable_predication=False)
sch.reorder(l34, l44, l35, l45, l36, l46, l52, l53, l37, l47, l54, l38, l48)
l55 = sch.fuse(l34, l44, preserve_unit_iters=True)
sch.bind(loop=l55, thread_axis="blockIdx.y")
l56 = sch.fuse(l35, l45, preserve_unit_iters=True)
sch.bind(loop=l56, thread_axis="blockIdx.x")
l57 = sch.fuse(l36, l46, preserve_unit_iters=True)
sch.bind(loop=l57, thread_axis="threadIdx.y")
sch.annotate(block_or_loop=b25, ann_key="meta_schedule.thread_extent_low_inclusive", ann_val=32)
sch.annotate(block_or_loop=b25, ann_key="meta_schedule.thread_extent_high_inclusive", ann_val=1024)
sch.transform_layout(block=b25, buffer=("write", 0), index_map=lambda i0, i1: (i0 // 16 // (v32 * v33), i1 // 16 // (v42 * v43), i0 // 16 % (v32 * v33), i1 // 16 % (v42 * v43), i0 % 16, i1 % 16,), pad_value=None, assume_injective_transform=True)
b58 = sch.cache_write(block=b25, write_buffer_index=0, storage_scope="shared.dyn")
sch.reverse_compute_at(block=b58, loop=l56, preserve_unit_loops=True, index=-1)
b59 = sch.cache_write(block=b25, write_buffer_index=0, storage_scope="wmma.accumulator")
l60, l61, l62, l63, l64, l65, l66, l67 = sch.get_loops(block=b58)
sch.reorder(l64, l62, l63, l65)
sch.compute_at(block=b59, loop=l64, preserve_unit_loops=True, index=-1)
l68, l69, l70, l71, l72, l73, l74, l75, l76 = sch.get_loops(block=b59)
l77 = sch.fuse(l71, l72, preserve_unit_iters=True)
sch.bind(loop=l77, thread_axis="threadIdx.y")
sch.reverse_compute_inline(block=b3)
l78, l79, l80, l81, l82, l83, l84, l85 = sch.get_loops(block=b59)
b86 = sch.blockize(target=l84, preserve_unit_iters=True)
sch.annotate(block_or_loop=b86, ann_key="meta_schedule.auto_tensorize", ann_val="wmma_store_16x16x16_f16_shared_dyn")
l87, l88, l89, l90, l91, l92, l93, l94 = sch.get_loops(block=b58)
l95 = sch.fuse(l90, l91, l92, l93, l94, preserve_unit_iters=True)
v96 = sch.sample_categorical(candidates=[1, 2, 4, 8], probs=[0.25, 0.25, 0.25, 0.25], decision=1)
sch.annotate(block_or_loop=b58, ann_key="meta_schedule.cooperative_fetch", ann_val=v96)
b97 = sch.cache_read(block=b25, read_buffer_index=0, storage_scope="shared.dyn", consumer_blocks=[b25])
sch.compute_at(block=b97, loop=l52, preserve_unit_loops=True, index=-1)
l98, l99, l100, l101, l102, l103 = sch.get_loops(block=b97)
l104 = sch.fuse(l102, l103, preserve_unit_iters=True)
v105 = sch.sample_categorical(candidates=[1, 2, 4, 8], probs=[0.25, 0.25, 0.25, 0.25], decision=1)
sch.annotate(block_or_loop=b97, ann_key="meta_schedule.cooperative_fetch", ann_val=v105)
b106 = sch.cache_read(block=b25, read_buffer_index=1, storage_scope="shared.dyn", consumer_blocks=[b25])
sch.compute_at(block=b106, loop=l52, preserve_unit_loops=True, index=-1)
l107, l108, l109, l110, l111, l112 = sch.get_loops(block=b106)
l113 = sch.fuse(l111, l112, preserve_unit_iters=True)
v114 = sch.sample_categorical(candidates=[1, 2, 4, 8], probs=[0.25, 0.25, 0.25, 0.25], decision=3)
sch.annotate(block_or_loop=b106, ann_key="meta_schedule.cooperative_fetch", ann_val=v114)
b115 = sch.cache_read(block=b25, read_buffer_index=0, storage_scope="wmma.matrix_a")
sch.compute_at(block=b115, loop=l53, preserve_unit_loops=True, index=-1)
l116, l117, l118, l119, l120, l121, l122 = sch.get_loops(block=b115)
l123, l124 = sch.split(loop=l122, factors=[None, 16], preserve_unit_iters=True, disable_predication=False)
l125, l126 = sch.split(loop=l121, factors=[None, 16], preserve_unit_iters=True, disable_predication=False)
l127, l128, l129, l130, l131, l132, l133, l134, l135 = sch.get_loops(block=b115)
sch.reorder(l134, l126, l124)
b136 = sch.blockize(target=l126, preserve_unit_iters=True)
sch.annotate(block_or_loop=b136, ann_key="meta_schedule.auto_tensorize", ann_val="wmma_load_16x16x16_f16_a_shared_dyn")
b137 = sch.cache_read(block=b25, read_buffer_index=1, storage_scope="wmma.matrix_b")
sch.compute_at(block=b137, loop=l53, preserve_unit_loops=True, index=-1)
l138, l139, l140, l141, l142, l143, l144 = sch.get_loops(block=b137)
l145, l146 = sch.split(loop=l144, factors=[None, 16], preserve_unit_iters=True, disable_predication=False)
l147, l148 = sch.split(loop=l143, factors=[None, 16], preserve_unit_iters=True, disable_predication=False)
l149, l150, l151, l152, l153, l154, l155, l156, l157 = sch.get_loops(block=b137)
sch.reorder(l156, l148, l146)
b158 = sch.blockize(target=l148, preserve_unit_iters=True)
sch.annotate(block_or_loop=b158, ann_key="meta_schedule.auto_tensorize", ann_val="wmma_load_16x16x16_f16_b_trans_shared_dyn")
b159, = sch.get_producers(block=b97)
sch.compute_inline(block=b159)
sch.storage_align(block=b97, buffer_index=0, axis=-2, factor=32, offset=8)
b160, = sch.get_producers(block=b106)
sch.compute_inline(block=b160)
sch.storage_align(block=b106, buffer_index=0, axis=-2, factor=32, offset=8)
sch.compute_inline(block=b0)
v161 = sch.sample_categorical(candidates=[0, 16, 64, 512, 1024], probs=[0.20000000000000001, 0.20000000000000001, 0.20000000000000001, 0.20000000000000001, 0.20000000000000001], decision=4)
sch.annotate(block_or_loop=b2, ann_key="meta_schedule.unroll_explicit", ann_val=v161)
sch.enter_postproc()
sch.unannotate(block_or_loop=b58, ann_key="meta_schedule.cooperative_fetch")
l162, l163, l164, l165 = sch.get_loops(block=b58)
l166, l167, l168, l169 = sch.split(loop=l165, factors=[None, 2, 32, 2], preserve_unit_iters=True, disable_predication=False)
sch.vectorize(loop=l169)
sch.bind(loop=l168, thread_axis="threadIdx.x")
sch.bind(loop=l167, thread_axis="threadIdx.y")
sch.unannotate(block_or_loop=b97, ann_key="meta_schedule.cooperative_fetch")
l170, l171, l172, l173, l174 = sch.get_loops(block=b97)
l175, l176, l177, l178 = sch.split(loop=l174, factors=[None, 2, 32, 2], preserve_unit_iters=True, disable_predication=False)
sch.vectorize(loop=l178)
sch.bind(loop=l177, thread_axis="threadIdx.x")
sch.bind(loop=l176, thread_axis="threadIdx.y")
sch.unannotate(block_or_loop=b106, ann_key="meta_schedule.cooperative_fetch")
l179, l180, l181, l182, l183 = sch.get_loops(block=b106)
l184, l185, l186, l187 = sch.split(loop=l183, factors=[None, 2, 32, 8], preserve_unit_iters=True, disable_predication=False)
sch.vectorize(loop=l187)
sch.bind(loop=l186, thread_axis="threadIdx.x")
sch.bind(loop=l185, thread_axis="threadIdx.y")
b188 = sch.get_block(name="root", func_name="main")
sch.unannotate(block_or_loop=b188, ann_key="meta_schedule.unroll_explicit")
b189, b190, b191, b192, b193, b194, b195 = sch.get_child_blocks(b188)
l196, l197, l198, l199, l200, l201, l202, l203 = sch.get_loops(block=b189)
l204, l205, l206, l207, l208, l209, l210, l211 = sch.get_loops(block=b190)
l212, l213, l214, l215, l216, l217, l218 = sch.get_loops(block=b191)
l219, l220, l221, l222, l223, l224, l225 = sch.get_loops(block=b192)
l226, l227, l228, l229, l230, l231, l232, l233, l234, l235 = sch.get_loops(block=b193)
sch.annotate(block_or_loop=l226, ann_key="pragma_auto_unroll_max_step", ann_val=1024)
sch.annotate(block_or_loop=l226, ann_key="pragma_unroll_explicit", ann_val=1)
l236, l237, l238, l239, l240, l241 = sch.get_loops(block=b194)
l242, l243, l244, l245, l246, l247, l248 = sch.get_loops(block=b195)
b249 = sch.get_block(name="conv2d_nchw_o", func_name="main")
l250, l251, l252, l253, l254, l255, l256, l257, l258, l259 = sch.get_loops(block=b249)
b260 = sch.decompose_reduction(block=b249, loop=l253)
sch.unannotate(block_or_loop=b260, ann_key="meta_schedule.auto_tensorize")
sch.annotate(block_or_loop=b260, ann_key="meta_schedule.auto_tensorize", ann_val="wmma_fill_16x16x16_f16")
sch.unannotate(block_or_loop=b249, ann_key="meta_schedule.auto_tensorize_init")
sch.unannotate(block_or_loop=b260, ann_key="meta_schedule.auto_tensorize_init")
b261 = sch.get_block(name="conv2d_nchw_o_init", func_name="main")
sch.unannotate(block_or_loop=b261, ann_key="meta_schedule.auto_tensorize")
sch.tensorize(block_or_loop=b261, tensor_intrin="wmma_fill_16x16x16_f16", preserve_unit_iters=True)
b262 = sch.get_block(name="pad_temp_reindex_pad_shared.dyn_wmma.matrix_a_o", func_name="main")
sch.unannotate(block_or_loop=b262, ann_key="meta_schedule.auto_tensorize")
sch.tensorize(block_or_loop=b262, tensor_intrin="wmma_load_16x16x16_f16_a_shared_dyn", preserve_unit_iters=True)
b263 = sch.get_block(name="W_reindex_shared.dyn_wmma.matrix_b_o", func_name="main")
sch.unannotate(block_or_loop=b263, ann_key="meta_schedule.auto_tensorize")
sch.tensorize(block_or_loop=b263, tensor_intrin="wmma_load_16x16x16_f16_b_trans_shared_dyn", preserve_unit_iters=True)
b264 = sch.get_block(name="conv2d_nchw_o_update", func_name="main")
sch.unannotate(block_or_loop=b264, ann_key="meta_schedule.auto_tensorize")
sch.tensorize(block_or_loop=b264, tensor_intrin="wmma_sync_16x16x16_f16f16f16_trans", preserve_unit_iters=True)
b265 = sch.get_block(name="conv2d_nchw_reindex_pad_shared.dyn_wmma.accumulator_o", func_name="main")
sch.unannotate(block_or_loop=b265, ann_key="meta_schedule.auto_tensorize")
sch.tensorize(block_or_loop=b265, tensor_intrin="wmma_store_16x16x16_f16_shared_dyn", preserve_unit_iters=True)
2025-10-07 10:54:18 [INFO] [task_scheduler.cc:131] [Task #0: main] Trial #48: GFLOPs: 3061.0638. Time: 75.5329 us. Best GFLOPs: 8474.7906
2025-10-07 10:54:18 [INFO] [task_scheduler.cc:131] [Task #0: main] Trial #49: GFLOPs: 1787.1943. Time: 129.3709 us. Best GFLOPs: 8474.7906
2025-10-07 10:54:18 [INFO] [task_scheduler.cc:131] [Task #0: main] Trial #50: GFLOPs: 224.7733. Time: 1028.6408 us. Best GFLOPs: 8474.7906
2025-10-07 10:54:18 [INFO] [task_scheduler.cc:121] [Task #0: main] Trial #51: Error in building:
LocalBuilder: An exception occurred
Traceback (most recent call last):
  File "/workspace/tvm-dev/python/tvm/exec/popen_worker.py", line 87, in main
    result = fn(*args, **kwargs)
             ^^^^^^^^^^^^^^^^^^^
  File "/workspace/tvm-dev/python/tvm/meta_schedule/builder/local_builder.py", line 165, in <lambda>
    lambda x: _worker_func(*x),
              ^^^^^^^^^^^^^^^^
  File "/workspace/tvm-dev/python/tvm/meta_schedule/builder/local_builder.py", line 231, in _worker_func
    rt_mod: Module = f_build(mod, target, _deserialize_params(params))
                     ^^^^^^^^^^^^^^^^^^^^^^^^^^^^^^^^^^^^^^^^^^^^^^^^^
  File "/workspace/tvm-dev/python/tvm/_ffi/_ctypes/packed_func.py", line 245, in __call__
    raise_last_ffi_error()
  File "/workspace/tvm-dev/python/tvm/_ffi/base.py", line 481, in raise_last_ffi_error
    raise py_err
  File "/workspace/tvm-dev/python/tvm/meta_schedule/builder/local_builder.py", line 261, in default_build
    return tvm_build(mod, target=target)
           ^^^^^^^^^^^^^^^^^^^^^^^^^^^^^
  File "/workspace/tvm-dev/python/tvm/driver/build_module.py", line 297, in build
    rt_mod_host = _driver_ffi.tir_to_runtime(annotated_mods, target_host)
                  ^^^^^^^^^^^^^^^^^^^^^^^^^^^^^^^^^^^^^^^^^^^^^^^^^^^^^^^
  File "/workspace/tvm-dev/python/tvm/_ffi/_ctypes/packed_func.py", line 245, in __call__
    raise_last_ffi_error()
  File "/workspace/tvm-dev/python/tvm/_ffi/base.py", line 481, in raise_last_ffi_error
    raise py_err
ValueError: Traceback (most recent call last):
  33: tvm::runtime::PackedFuncObj::Extractor<tvm::runtime::PackedFuncSubObj<tvm::runtime::TypedPackedFunc<tvm::runtime::Module (tvm::runtime::Map<tvm::Target, tvm::IRModule, void, void> const&, tvm::Target)>::AssignTypedLambda<tvm::__mk_TVM24::{lambda(tvm::runtime::Map<tvm::Target, tvm::IRModule, void, void> const&, tvm::Target)#1}>(tvm::__mk_TVM24::{lambda(tvm::runtime::Map<tvm::Target, tvm::IRModule, void, void> const&, tvm::Target)#1}, std::__cxx11::basic_string<char, std::char_traits<char>, std::allocator<char> >)::{lambda(tvm::runtime::TVMArgs const&, tvm::runtime::TVMRetValue*)#1}> >::Call(tvm::runtime::PackedFuncObj const*, std::__cxx11::basic_string<char, std::char_traits<char>, std::allocator<char> >, tvm::runtime::TVMRetValue)
  32: tvm::TIRToRuntime(tvm::runtime::Map<tvm::Target, tvm::IRModule, void, void> const&, tvm::Target const&)
  31: tvm::codegen::Build(tvm::IRModule, tvm::Target)
  30: _ZN3tvm7runtime13PackedFuncObj
  29: tvm::runtime::TypedPackedFunc<tvm::runtime::Module (tvm::IRModule, tvm::Target)>::AssignTypedLambda<tvm::runtime::Module (*)(tvm::IRModule, tvm::Target)>(tvm::runtime::Module (*)(tvm::IRModule, tvm::Target), std::__cxx11::basic_string<char, std::char_traits<char>, std::allocator<char> >)::{lambda(tvm::runtime::TVMArgs const&, tvm::runtime::TVMRetValue*)#1}::operator()(tvm::runtime::TVMArgs const&, tvm::runtime::TVMRetValue*) const
  28: tvm::codegen::BuildCUDA(tvm::IRModule, tvm::Target)
  27: tvm::codegen::CodeGenC::AddFunction(tvm::GlobalVar const&, tvm::tir::PrimFunc const&)
  26: tvm::codegen::CodeGenCUDA::VisitStmt_(tvm::tir::AllocateNode const*)
  25: tvm::codegen::CodeGenCUDA::VisitStmt_(tvm::tir::AllocateNode const*)
  24: tvm::codegen::CodeGenCUDA::VisitStmt_(tvm::tir::AllocateNode const*)
  23: tvm::codegen::CodeGenCUDA::VisitStmt_(tvm::tir::AllocateNode const*)
  22: tvm::codegen::CodeGenC::VisitStmt_(tvm::tir::SeqStmtNode const*)
  21: tvm::codegen::CodeGenC::VisitStmt_(tvm::tir::ForNode const*)
  20: tvm::codegen::CodeGenC::VisitStmt_(tvm::tir::SeqStmtNode const*)
  19: tvm::codegen::CodeGenC::VisitStmt_(tvm::tir::BufferStoreNode const*)
  18: tvm::codegen::CodeGenC::PrintExpr[abi:cxx11](tvm::PrimExpr const&)
  17: tvm::codegen::CodeGenC::VisitExpr_(tvm::tir::BufferLoadNode const*, std::ostream&)
  16: tvm::codegen::CodeGenC::PrintExpr[abi:cxx11](tvm::PrimExpr const&)
  15: void tvm::codegen::PrintBinaryExpr<tvm::tir::AddNode>(tvm::tir::AddNode const*, char const*, std::ostream&, tvm::codegen::CodeGenC*)
  14: tvm::codegen::CodeGenCUDA::PrintVecBinaryOp(std::__cxx11::basic_string<char, std::char_traits<char>, std::allocator<char> > const&, tvm::runtime::DataType, tvm::PrimExpr, tvm::PrimExpr, std::ostream&)
  13: tvm::codegen::CodeGenC::PrintExpr[abi:cxx11](tvm::PrimExpr const&)
  12: void tvm::codegen::PrintBinaryExpr<tvm::tir::AddNode>(tvm::tir::AddNode const*, char const*, std::ostream&, tvm::codegen::CodeGenC*)
  11: tvm::codegen::CodeGenCUDA::PrintVecBinaryOp(std::__cxx11::basic_string<char, std::char_traits<char>, std::allocator<char> > const&, tvm::runtime::DataType, tvm::PrimExpr, tvm::PrimExpr, std::ostream&)
  10: tvm::codegen::CodeGenC::PrintExpr[abi:cxx11](tvm::PrimExpr const&)
  9: void tvm::codegen::PrintBinaryExpr<tvm::tir::AddNode>(tvm::tir::AddNode const*, char const*, std::ostream&, tvm::codegen::CodeGenC*)
  8: tvm::codegen::CodeGenCUDA::PrintVecBinaryOp(std::__cxx11::basic_string<char, std::char_traits<char>, std::allocator<char> > const&, tvm::runtime::DataType, tvm::PrimExpr, tvm::PrimExpr, std::ostream&)
  7: tvm::codegen::CodeGenC::PrintExpr[abi:cxx11](tvm::PrimExpr const&)
  6: void tvm::codegen::PrintBinaryExpr<tvm::tir::MulNode>(tvm::tir::MulNode const*, char const*, std::ostream&, tvm::codegen::CodeGenC*)
  5: tvm::codegen::CodeGenCUDA::PrintVecBinaryOp(std::__cxx11::basic_string<char, std::char_traits<char>, std::allocator<char> > const&, tvm::runtime::DataType, tvm::PrimExpr, tvm::PrimExpr, std::ostream&)
  4: tvm::codegen::CodeGenC::PrintExpr[abi:cxx11](tvm::PrimExpr const&)
  3: void tvm::codegen::PrintBinaryExpr<tvm::tir::DivNode>(tvm::tir::DivNode const*, char const*, std::ostream&, tvm::codegen::CodeGenC*)
  2: tvm::codegen::CodeGenCUDA::PrintVecBinaryOp(std::__cxx11::basic_string<char, std::char_traits<char>, std::allocator<char> > const&, tvm::runtime::DataType, tvm::PrimExpr, tvm::PrimExpr, std::ostream&)
  1: tvm::codegen::CodeGenC::PrintExpr[abi:cxx11](tvm::PrimExpr const&)
  0: tvm::codegen::CodeGenCUDA::VisitExpr_(tvm::tir::RampNode const*, std::ostream&)
  File "/workspace/tvm-dev/src/target/source/codegen_cuda.cc", line 1204
ValueError: Check failed: lanes <= 4 (8 vs. 4) : Ramp of more than 4 lanes is not allowed.

# from tvm.script import ir as I
# from tvm.script import tir as T

@I.ir_module
class Module:
    @T.prim_func
    def main(A: T.Buffer((1, 256, 14, 14), "float16"), W: T.Buffer((256, 256, 3, 3), "float16"), conv2d_nchw: T.Buffer((1, 256, 14, 14), "float16")):
        T.func_attr({"tir.noalias": T.bool(True)})
        # with T.block("root"):
        conv2d_nchw_reindex_pad_shared_dyn = T.alloc_buffer((13, 8, 1, 2, 16, 16), "float16", scope="shared.dyn")
        conv2d_nchw_reindex_pad_shared_dyn_wmma_accumulator = T.alloc_buffer((13, 8, 1, 2, 16, 16), "float16", scope="wmma.accumulator")
        pad_temp_reindex_pad_shared_dyn = T.alloc_buffer((208, 2304), "float16", scope="shared.dyn")
        W_reindex_shared_dyn = T.alloc_buffer((256, 2304), "float16", scope="shared.dyn")
        pad_temp_reindex_pad_shared_dyn_wmma_matrix_a = T.alloc_buffer((208, 2304), "float16", scope="wmma.matrix_a")
        W_reindex_shared_dyn_wmma_matrix_b = T.alloc_buffer((256, 2304), "float16", scope="wmma.matrix_b")
        for ax0_0_0_ax1_0_0_fused in T.thread_binding(1, thread="blockIdx.y", annotations={"pragma_auto_unroll_max_step": 512, "pragma_unroll_explicit": 1}):
            for ax0_0_1_ax1_0_1_fused in T.thread_binding(104, thread="blockIdx.x"):
                for ax0_0_2_ax1_0_2_fused in T.thread_binding(1, thread="threadIdx.y"):
                    for ax0_0_3_init, ax1_0_3_init, ax0_0_4_init, ax1_0_4_init in T.grid(1, 1, 1, 2):
                        with T.block("conv2d_nchw_o_init"):
                            v0_o = T.axis.spatial(13, ax0_0_1_ax1_0_1_fused // 8 + ax0_0_3_init + ax0_0_4_init)
                            v1_o = T.axis.spatial(16, ax0_0_1_ax1_0_1_fused % 8 * 2 + ax1_0_3_init * 2 + ax1_0_4_init)
                            T.reads()
                            T.writes(conv2d_nchw_reindex_pad_shared_dyn_wmma_accumulator[v0_o, v1_o // 2, 0, v1_o % 2, 0:16, 0:16])
                            T.block_attr({"meta_schedule.thread_extent_high_inclusive": 1024, "meta_schedule.thread_extent_low_inclusive": 32, "warp_execution": 1})
                            C = T.match_buffer(conv2d_nchw_reindex_pad_shared_dyn_wmma_accumulator[v0_o, v1_o // 2, 0, v1_o % 2, 0:16, 0:16], (16, 16), "float16", strides=("C_s0", "C_s1"), scope="wmma.accumulator", offset_factor=16)
                            T.tvm_fill_fragment(C.data, 16, 16, 16, C.elem_offset // C.strides[0] // 16 * (C.strides[0] // 16) + C.elem_offset % C.strides[0] // 16, T.float32(0.0))
                    for ax2_0_0 in range(12):
                        for ax0_ax1_fused_0 in range(48):
                            for ax0_ax1_fused_1 in T.thread_binding(1, thread="threadIdx.y"):
                                for ax0_ax1_fused_2 in T.thread_binding(32, thread="threadIdx.x"):
                                    for ax0_ax1_fused_3 in T.vectorized(2):
                                        with T.block("pad_temp_reindex_pad_shared.dyn"):
                                            v0 = T.axis.spatial(208, ax0_0_1_ax1_0_1_fused // 8 * 16 + (ax0_ax1_fused_0 * 64 + ax0_ax1_fused_1 * 64 + ax0_ax1_fused_2 * 2 + ax0_ax1_fused_3) // 192)
                                            v1 = T.axis.spatial(2304, ax2_0_0 * 192 + (ax0_ax1_fused_0 * 64 + ax0_ax1_fused_1 * 64 + ax0_ax1_fused_2 * 2 + ax0_ax1_fused_3) % 192)
                                            T.reads(A[0, v1 // 9, v0 // 14 + v1 % 9 // 3 - 1, v0 % 14 + v1 % 3 - 1])
                                            T.writes(pad_temp_reindex_pad_shared_dyn[v0, v1])
                                            T.block_attr({"buffer_dim_align": [[0, 0, 32, 8]]})
                                            pad_temp_reindex_pad_shared_dyn[v0, v1] = T.if_then_else(v0 < 196, T.if_then_else(1 <= v0 // 14 + v1 % 9 // 3 and v0 // 14 + v1 % 9 // 3 < 15 and 1 <= v0 % 14 + v1 % 3 and v0 % 14 + v1 % 3 < 15, A[0, v1 // 9, v0 // 14 + v1 % 9 // 3 - 1, v0 % 14 + v1 % 3 - 1], T.float16(0.0)), T.float16(0.0))
                        for ax0_ax1_fused_0 in range(24):
                            for ax0_ax1_fused_1 in T.thread_binding(1, thread="threadIdx.y"):
                                for ax0_ax1_fused_2 in T.thread_binding(32, thread="threadIdx.x"):
                                    for ax0_ax1_fused_3 in T.vectorized(8):
                                        with T.block("W_reindex_shared.dyn"):
                                            v0 = T.axis.spatial(256, ax0_0_1_ax1_0_1_fused % 8 * 32 + (ax0_ax1_fused_0 * 256 + ax0_ax1_fused_1 * 256 + ax0_ax1_fused_2 * 8 + ax0_ax1_fused_3) // 192)
                                            v1 = T.axis.spatial(2304, ax2_0_0 * 192 + (ax0_ax1_fused_0 * 256 + ax0_ax1_fused_1 * 256 + ax0_ax1_fused_2 * 8 + ax0_ax1_fused_3) % 192)
                                            T.reads(W[v0, v1 // 9, v1 % 9 // 3, v1 % 3])
                                            T.writes(W_reindex_shared_dyn[v0, v1])
                                            T.block_attr({"buffer_dim_align": [[0, 0, 32, 8]]})
                                            W_reindex_shared_dyn[v0, v1] = W[v0, v1 // 9, v1 % 9 // 3, v1 % 3]
                        for ax2_0_1 in range(12):
                            for ax0_0, ax1_0 in T.grid(1, 1):
                                with T.block("pad_temp_reindex_pad_shared.dyn_wmma.matrix_a_o"):
                                    v0_o = T.axis.spatial(13, ax0_0_1_ax1_0_1_fused // 8 + ax0_0)
                                    v1_o = T.axis.spatial(144, ax2_0_0 * 12 + ax2_0_1 + ax1_0)
                                    T.reads(pad_temp_reindex_pad_shared_dyn[v0_o * 16:v0_o * 16 + 16, v1_o * 16:v1_o * 16 + 16])
                                    T.writes(pad_temp_reindex_pad_shared_dyn_wmma_matrix_a[v0_o * 16:v0_o * 16 + 16, v1_o * 16:v1_o * 16 + 16])
                                    A_1 = T.match_buffer(pad_temp_reindex_pad_shared_dyn[v0_o * 16:v0_o * 16 + 16, v1_o * 16:v1_o * 16 + 16], (16, 16), "float16", strides=("A_s0", "A_s1"), scope="shared.dyn", offset_factor=16)
                                    C = T.match_buffer(pad_temp_reindex_pad_shared_dyn_wmma_matrix_a[v0_o * 16:v0_o * 16 + 16, v1_o * 16:v1_o * 16 + 16], (16, 16), "float16", strides=("C_s0", "C_s1"), scope="wmma.matrix_a", offset_factor=16)
                                    T.tvm_load_matrix_sync(C.data, 16, 16, 16, C.elem_offset // C.strides[0] // 16 * (C.strides[0] // 16) + C.elem_offset % C.strides[0] // 16, T.tvm_access_ptr(T.type_annotation("float16"), A_1.data, A_1.elem_offset, A_1.strides[0] * 16, 1), A_1.strides[0], "row_major")
                            for ax0_0, ax1_0 in T.grid(2, 1):
                                with T.block("W_reindex_shared.dyn_wmma.matrix_b_o"):
                                    v0_o = T.axis.spatial(16, ax0_0_1_ax1_0_1_fused % 8 * 2 + ax0_0)
                                    v1_o = T.axis.spatial(144, ax2_0_0 * 12 + ax2_0_1 + ax1_0)
                                    T.reads(W_reindex_shared_dyn[v0_o * 16:v0_o * 16 + 16, v1_o * 16:v1_o * 16 + 16])
                                    T.writes(W_reindex_shared_dyn_wmma_matrix_b[v0_o * 16:v0_o * 16 + 16, v1_o * 16:v1_o * 16 + 16])
                                    A_1 = T.match_buffer(W_reindex_shared_dyn[v0_o * 16:v0_o * 16 + 16, v1_o * 16:v1_o * 16 + 16], (16, 16), "float16", strides=("A_s0", "A_s1"), scope="shared.dyn", offset_factor=16)
                                    C = T.match_buffer(W_reindex_shared_dyn_wmma_matrix_b[v0_o * 16:v0_o * 16 + 16, v1_o * 16:v1_o * 16 + 16], (16, 16), "float16", strides=("C_s0", "C_s1"), scope="wmma.matrix_b", offset_factor=16)
                                    T.tvm_load_matrix_sync(C.data, 16, 16, 16, C.elem_offset // C.strides[0] // 16 * (C.strides[0] // 16) + C.elem_offset % C.strides[0] // 16, T.tvm_access_ptr(T.type_annotation("float16"), A_1.data, A_1.elem_offset, A_1.strides[0] * 16, 1), A_1.strides[0], "col_major")
                            for ax0_0_3, ax1_0_3, ax2_0_2, ax0_0_4, ax1_0_4 in T.grid(1, 1, 1, 1, 2):
                                with T.block("conv2d_nchw_o_update"):
                                    v0_o = T.axis.spatial(13, ax0_0_1_ax1_0_1_fused // 8 + ax0_0_3 + ax0_0_4)
                                    v1_o = T.axis.spatial(16, ax0_0_1_ax1_0_1_fused % 8 * 2 + ax1_0_3 * 2 + ax1_0_4)
                                    v2_o = T.axis.reduce(144, ax2_0_0 * 12 + ax2_0_1 + ax2_0_2)
                                    T.reads(conv2d_nchw_reindex_pad_shared_dyn_wmma_accumulator[v0_o, v1_o // 2, 0, v1_o % 2, 0:16, 0:16], pad_temp_reindex_pad_shared_dyn_wmma_matrix_a[v0_o * 16:v0_o * 16 + 16, v2_o * 16:v2_o * 16 + 16], W_reindex_shared_dyn_wmma_matrix_b[v1_o * 16:v1_o * 16 + 16, v2_o * 16:v2_o * 16 + 16])
                                    T.writes(conv2d_nchw_reindex_pad_shared_dyn_wmma_accumulator[v0_o, v1_o // 2, 0, v1_o % 2, 0:16, 0:16])
                                    T.block_attr({"meta_schedule.thread_extent_high_inclusive": 1024, "meta_schedule.thread_extent_low_inclusive": 32, "warp_execution": 1})
                                    A_1 = T.match_buffer(pad_temp_reindex_pad_shared_dyn_wmma_matrix_a[v0_o * 16:v0_o * 16 + 16, v2_o * 16:v2_o * 16 + 16], (16, 16), "float16", strides=("A_s0", "A_s1"), scope="wmma.matrix_a", offset_factor=16)
                                    B = T.match_buffer(W_reindex_shared_dyn_wmma_matrix_b[v1_o * 16:v1_o * 16 + 16, v2_o * 16:v2_o * 16 + 16], (16, 16), "float16", strides=("B_s0", "B_s1"), scope="wmma.matrix_b", offset_factor=16)
                                    C = T.match_buffer(conv2d_nchw_reindex_pad_shared_dyn_wmma_accumulator[v0_o, v1_o // 2, 0, v1_o % 2, 0:16, 0:16], (16, 16), "float16", strides=("C_s0", "C_s1"), scope="wmma.accumulator", offset_factor=16)
                                    T.tvm_mma_sync(C.data, C.elem_offset // C.strides[0] // 16 * (C.strides[0] // 16) + C.elem_offset % C.strides[0] // 16, A_1.data, A_1.elem_offset // A_1.strides[0] // 16 * (A_1.strides[0] // 16) + A_1.elem_offset % A_1.strides[0] // 16, B.data, B.elem_offset // B.strides[0] // 16 * (B.strides[0] // 16) + B.elem_offset % B.strides[0] // 16, C.data, C.elem_offset // C.strides[0] // 16 * (C.strides[0] // 16) + C.elem_offset % C.strides[0] // 16)
                for ax2 in range(1):
                    for ax0_ax1_fused in T.thread_binding(1, thread="threadIdx.y"):
                        for ax2_1, ax3 in T.grid(1, 2):
                            with T.block("conv2d_nchw_reindex_pad_shared.dyn_wmma.accumulator_o"):
                                v0_o = T.axis.spatial(13, ax0_0_1_ax1_0_1_fused // 8)
                                v1_o = T.axis.spatial(8, ax0_0_1_ax1_0_1_fused % 8)
                                v2_o, v3_o = T.axis.remap("SS", [ax2_1, ax3])
                                v4_o = T.axis.spatial(1, 0)
                                v5_o = T.axis.spatial(1, 0)
                                T.reads(conv2d_nchw_reindex_pad_shared_dyn_wmma_accumulator[v0_o, v1_o, v2_o, v3_o, 0:16, 0:16])
                                T.writes(conv2d_nchw_reindex_pad_shared_dyn[v0_o, v1_o, v2_o, v3_o, 0:16, 0:16])
                                A_1 = T.match_buffer(conv2d_nchw_reindex_pad_shared_dyn_wmma_accumulator[v0_o, v1_o, v2_o, v3_o, 0:16, 0:16], (16, 16), "float16", strides=("A_s0", "A_s1"), scope="wmma.accumulator", offset_factor=16)
                                C = T.match_buffer(conv2d_nchw_reindex_pad_shared_dyn[v0_o, v1_o, v2_o, v3_o, 0:16, 0:16], (16, 16), "float16", strides=("C_s0", "C_s1"), scope="shared.dyn", offset_factor=16)
                                T.tvm_store_matrix_sync(A_1.data, 16, 16, 16, A_1.elem_offset // A_1.strides[0] // 16 * (A_1.strides[0] // 16) + A_1.elem_offset % A_1.strides[0] // 16, T.tvm_access_ptr(T.type_annotation("float16"), C.data, C.elem_offset, C.strides[0] * 16, 2), C.strides[0], "row_major")
                    for ax0_ax1_ax3_ax4_ax5_fused_0 in range(16):
                        for ax0_ax1_ax3_ax4_ax5_fused_1 in T.thread_binding(1, thread="threadIdx.y"):
                            for ax0_ax1_ax3_ax4_ax5_fused_2 in T.thread_binding(32, thread="threadIdx.x"):
                                with T.block("conv2d_nchw_reindex_pad_shared.dyn"):
                                    v0 = T.axis.spatial(13, ax0_0_1_ax1_0_1_fused // 8)
                                    v1 = T.axis.spatial(8, ax0_0_1_ax1_0_1_fused % 8)
                                    v2 = T.axis.spatial(1, ax2)
                                    v3 = T.axis.spatial(2, (ax0_ax1_ax3_ax4_ax5_fused_0 * 32 + ax0_ax1_ax3_ax4_ax5_fused_1 * 32 + ax0_ax1_ax3_ax4_ax5_fused_2) // 256)
                                    v4 = T.axis.spatial(16, (ax0_ax1_ax3_ax4_ax5_fused_0 * 32 + ax0_ax1_ax3_ax4_ax5_fused_1 * 32 + ax0_ax1_ax3_ax4_ax5_fused_2) % 256 // 16)
                                    v5 = T.axis.spatial(16, (ax0_ax1_ax3_ax4_ax5_fused_0 * 32 + ax0_ax1_ax3_ax4_ax5_fused_1 * 32 + ax0_ax1_ax3_ax4_ax5_fused_2) % 16)
                                    T.where(ax0_0_1_ax1_0_1_fused // 8 * 16 + T.Mul(0, 16) + ((ax0_ax1_ax3_ax4_ax5_fused_0 + ax0_ax1_ax3_ax4_ax5_fused_1) * 32 + ax0_ax1_ax3_ax4_ax5_fused_2) % 256 // 16 < 196)
                                    T.reads(conv2d_nchw_reindex_pad_shared_dyn[v0, v1, v2, v3, v4, v5])
                                    T.writes(conv2d_nchw[0, v5 + v3 * 16 + v1 * 32, (v4 + v0 * 16) // 14, (v4 + v0 * 16) % 14])
                                    conv2d_nchw[0, v5 + v3 * 16 + v1 * 32, (v4 + v0 * 16) // 14, (v4 + v0 * 16) % 14] = conv2d_nchw_reindex_pad_shared_dyn[v0, v1, v2, v3, v4, v5]
b0 = sch.get_block(name="pad_temp", func_name="main")
b1 = sch.get_block(name="conv2d_nchw", func_name="main")
b2 = sch.get_block(name="root", func_name="main")
sch.annotate(block_or_loop=b1, ann_key="meta_schedule.tiling_structure", ann_val="SSSRRSRS")
b3 = sch.reindex(block=b1, buffer=("write", 0))
b4 = sch.reindex(block=b1, buffer=("read", 0))
b5 = sch.reindex(block=b1, buffer=("read", 1))
sch.transform_layout(block=b1, buffer=("read", 0), index_map=lambda v_nn, v_yy, v_xx, v_rc, v_ry, v_rx: (v_nn * 196 + v_yy * 14 + v_xx, v_rc * 9 + v_ry * 3 + v_rx,), pad_value=None, assume_injective_transform=True)
sch.transform_layout(block=b1, buffer=("read", 1), index_map=lambda v_ff, v_rc, v_ry, v_rx: (v_ff, v_rc * 9 + v_ry * 3 + v_rx,), pad_value=None, assume_injective_transform=True)
sch.transform_layout(block=b1, buffer=("write", 0), index_map=lambda v_nn, v_ff, v_yy, v_xx: (v_nn * 196 + v_yy * 14 + v_xx, v_ff,), pad_value=None, assume_injective_transform=True)
sch.transform_block_layout(block=b3, index_map=lambda v_nn, v_ff, v_yy, v_xx: (v_nn * 196 + v_yy * 14 + v_xx, v_ff,))
sch.transform_block_layout(block=b4, index_map=lambda v_nn, v_yy, v_xx, v_rc, v_ry, v_rx: (v_nn * 196 + v_yy * 14 + v_xx, v_rc * 9 + v_ry * 3 + v_rx,))
sch.transform_block_layout(block=b5, index_map=lambda v_ff, v_rc, v_ry, v_rx: (v_ff, v_rc * 9 + v_ry * 3 + v_rx,))
sch.transform_block_layout(block=b1, index_map=lambda v_nn, v_ff, v_yy, v_xx, v_rc, v_ry, v_rx: (v_nn * 196 + v_yy * 14 + v_xx, v_ff, v_rc * 9 + v_ry * 3 + v_rx,))
sch.pad_einsum(block=b1, padding=[16, 1, 1])
b6, b7 = sch.get_producers(block=b1)
b8, = sch.get_producers(block=b6)
b9, = sch.get_consumers(block=b1)
sch.compute_inline(block=b8)
sch.compute_inline(block=b9)
l10, l11, l12 = sch.get_loops(block=b1)
l13, l14 = sch.split(loop=l12, factors=[None, 16], preserve_unit_iters=True, disable_predication=False)
l15, l16 = sch.split(loop=l11, factors=[None, 16], preserve_unit_iters=True, disable_predication=False)
l17, l18 = sch.split(loop=l10, factors=[None, 16], preserve_unit_iters=True, disable_predication=False)
l19, l20, l21, l22, l23, l24 = sch.get_loops(block=b1)
sch.reorder(l21, l23, l18, l16, l14)
b25 = sch.blockize(target=l18, preserve_unit_iters=True)
sch.annotate(block_or_loop=b25, ann_key="meta_schedule.auto_tensorize", ann_val="wmma_sync_16x16x16_f16f16f16_trans")
sch.annotate(block_or_loop=b25, ann_key="meta_schedule.auto_tensorize_init", ann_val="wmma_fill_16x16x16_f16")
sch.annotate(block_or_loop=b25, ann_key="warp_execution", ann_val=1)
l26, l27, l28 = sch.get_loops(block=b25)
v29, v30, v31, v32, v33 = sch.sample_perfect_tile(loop=l26, n=5, max_innermost_factor=4, decision=[1, 13, 1, 1, 1])
l34, l35, l36, l37, l38 = sch.split(loop=l26, factors=[v29, v30, v31, v32, v33], preserve_unit_iters=True, disable_predication=False)
v39, v40, v41, v42, v43 = sch.sample_perfect_tile(loop=l27, n=5, max_innermost_factor=4, decision=[1, 8, 1, 1, 2])
l44, l45, l46, l47, l48 = sch.split(loop=l27, factors=[v39, v40, v41, v42, v43], preserve_unit_iters=True, disable_predication=False)
v49, v50, v51 = sch.sample_perfect_tile(loop=l28, n=3, max_innermost_factor=4, decision=[12, 12, 1])
l52, l53, l54 = sch.split(loop=l28, factors=[v49, v50, v51], preserve_unit_iters=True, disable_predication=False)
sch.reorder(l34, l44, l35, l45, l36, l46, l52, l53, l37, l47, l54, l38, l48)
l55 = sch.fuse(l34, l44, preserve_unit_iters=True)
sch.bind(loop=l55, thread_axis="blockIdx.y")
l56 = sch.fuse(l35, l45, preserve_unit_iters=True)
sch.bind(loop=l56, thread_axis="blockIdx.x")
l57 = sch.fuse(l36, l46, preserve_unit_iters=True)
sch.bind(loop=l57, thread_axis="threadIdx.y")
sch.annotate(block_or_loop=b25, ann_key="meta_schedule.thread_extent_low_inclusive", ann_val=32)
sch.annotate(block_or_loop=b25, ann_key="meta_schedule.thread_extent_high_inclusive", ann_val=1024)
sch.transform_layout(block=b25, buffer=("write", 0), index_map=lambda i0, i1: (i0 // 16 // (v32 * v33), i1 // 16 // (v42 * v43), i0 // 16 % (v32 * v33), i1 // 16 % (v42 * v43), i0 % 16, i1 % 16,), pad_value=None, assume_injective_transform=True)
b58 = sch.cache_write(block=b25, write_buffer_index=0, storage_scope="shared.dyn")
sch.reverse_compute_at(block=b58, loop=l56, preserve_unit_loops=True, index=-1)
b59 = sch.cache_write(block=b25, write_buffer_index=0, storage_scope="wmma.accumulator")
l60, l61, l62, l63, l64, l65, l66, l67 = sch.get_loops(block=b58)
sch.reorder(l64, l62, l63, l65)
sch.compute_at(block=b59, loop=l64, preserve_unit_loops=True, index=-1)
l68, l69, l70, l71, l72, l73, l74, l75, l76 = sch.get_loops(block=b59)
l77 = sch.fuse(l71, l72, preserve_unit_iters=True)
sch.bind(loop=l77, thread_axis="threadIdx.y")
sch.reverse_compute_inline(block=b3)
l78, l79, l80, l81, l82, l83, l84, l85 = sch.get_loops(block=b59)
b86 = sch.blockize(target=l84, preserve_unit_iters=True)
sch.annotate(block_or_loop=b86, ann_key="meta_schedule.auto_tensorize", ann_val="wmma_store_16x16x16_f16_shared_dyn")
l87, l88, l89, l90, l91, l92, l93, l94 = sch.get_loops(block=b58)
l95 = sch.fuse(l90, l91, l92, l93, l94, preserve_unit_iters=True)
v96 = sch.sample_categorical(candidates=[1, 2, 4, 8], probs=[0.25, 0.25, 0.25, 0.25], decision=0)
sch.annotate(block_or_loop=b58, ann_key="meta_schedule.cooperative_fetch", ann_val=v96)
b97 = sch.cache_read(block=b25, read_buffer_index=0, storage_scope="shared.dyn", consumer_blocks=[b25])
sch.compute_at(block=b97, loop=l52, preserve_unit_loops=True, index=-1)
l98, l99, l100, l101, l102, l103 = sch.get_loops(block=b97)
l104 = sch.fuse(l102, l103, preserve_unit_iters=True)
v105 = sch.sample_categorical(candidates=[1, 2, 4, 8], probs=[0.25, 0.25, 0.25, 0.25], decision=1)
sch.annotate(block_or_loop=b97, ann_key="meta_schedule.cooperative_fetch", ann_val=v105)
b106 = sch.cache_read(block=b25, read_buffer_index=1, storage_scope="shared.dyn", consumer_blocks=[b25])
sch.compute_at(block=b106, loop=l52, preserve_unit_loops=True, index=-1)
l107, l108, l109, l110, l111, l112 = sch.get_loops(block=b106)
l113 = sch.fuse(l111, l112, preserve_unit_iters=True)
v114 = sch.sample_categorical(candidates=[1, 2, 4, 8], probs=[0.25, 0.25, 0.25, 0.25], decision=3)
sch.annotate(block_or_loop=b106, ann_key="meta_schedule.cooperative_fetch", ann_val=v114)
b115 = sch.cache_read(block=b25, read_buffer_index=0, storage_scope="wmma.matrix_a")
sch.compute_at(block=b115, loop=l53, preserve_unit_loops=True, index=-1)
l116, l117, l118, l119, l120, l121, l122 = sch.get_loops(block=b115)
l123, l124 = sch.split(loop=l122, factors=[None, 16], preserve_unit_iters=True, disable_predication=False)
l125, l126 = sch.split(loop=l121, factors=[None, 16], preserve_unit_iters=True, disable_predication=False)
l127, l128, l129, l130, l131, l132, l133, l134, l135 = sch.get_loops(block=b115)
sch.reorder(l134, l126, l124)
b136 = sch.blockize(target=l126, preserve_unit_iters=True)
sch.annotate(block_or_loop=b136, ann_key="meta_schedule.auto_tensorize", ann_val="wmma_load_16x16x16_f16_a_shared_dyn")
b137 = sch.cache_read(block=b25, read_buffer_index=1, storage_scope="wmma.matrix_b")
sch.compute_at(block=b137, loop=l53, preserve_unit_loops=True, index=-1)
l138, l139, l140, l141, l142, l143, l144 = sch.get_loops(block=b137)
l145, l146 = sch.split(loop=l144, factors=[None, 16], preserve_unit_iters=True, disable_predication=False)
l147, l148 = sch.split(loop=l143, factors=[None, 16], preserve_unit_iters=True, disable_predication=False)
l149, l150, l151, l152, l153, l154, l155, l156, l157 = sch.get_loops(block=b137)
sch.reorder(l156, l148, l146)
b158 = sch.blockize(target=l148, preserve_unit_iters=True)
sch.annotate(block_or_loop=b158, ann_key="meta_schedule.auto_tensorize", ann_val="wmma_load_16x16x16_f16_b_trans_shared_dyn")
b159, = sch.get_producers(block=b97)
sch.compute_inline(block=b159)
sch.storage_align(block=b97, buffer_index=0, axis=-2, factor=32, offset=8)
b160, = sch.get_producers(block=b106)
sch.compute_inline(block=b160)
sch.storage_align(block=b106, buffer_index=0, axis=-2, factor=32, offset=8)
sch.compute_inline(block=b0)
v161 = sch.sample_categorical(candidates=[0, 16, 64, 512, 1024], probs=[0.20000000000000001, 0.20000000000000001, 0.20000000000000001, 0.20000000000000001, 0.20000000000000001], decision=3)
sch.annotate(block_or_loop=b2, ann_key="meta_schedule.unroll_explicit", ann_val=v161)
sch.enter_postproc()
sch.unannotate(block_or_loop=b58, ann_key="meta_schedule.cooperative_fetch")
l162, l163, l164, l165 = sch.get_loops(block=b58)
l166, l167, l168 = sch.split(loop=l165, factors=[None, 1, 32], preserve_unit_iters=True, disable_predication=False)
sch.bind(loop=l168, thread_axis="threadIdx.x")
sch.bind(loop=l167, thread_axis="threadIdx.y")
sch.unannotate(block_or_loop=b97, ann_key="meta_schedule.cooperative_fetch")
l169, l170, l171, l172, l173 = sch.get_loops(block=b97)
l174, l175, l176, l177 = sch.split(loop=l173, factors=[None, 1, 32, 2], preserve_unit_iters=True, disable_predication=False)
sch.vectorize(loop=l177)
sch.bind(loop=l176, thread_axis="threadIdx.x")
sch.bind(loop=l175, thread_axis="threadIdx.y")
sch.unannotate(block_or_loop=b106, ann_key="meta_schedule.cooperative_fetch")
l178, l179, l180, l181, l182 = sch.get_loops(block=b106)
l183, l184, l185, l186 = sch.split(loop=l182, factors=[None, 1, 32, 8], preserve_unit_iters=True, disable_predication=False)
sch.vectorize(loop=l186)
sch.bind(loop=l185, thread_axis="threadIdx.x")
sch.bind(loop=l184, thread_axis="threadIdx.y")
b187 = sch.get_block(name="root", func_name="main")
sch.unannotate(block_or_loop=b187, ann_key="meta_schedule.unroll_explicit")
b188, b189, b190, b191, b192, b193, b194 = sch.get_child_blocks(b187)
l195, l196, l197, l198, l199, l200, l201, l202 = sch.get_loops(block=b188)
l203, l204, l205, l206, l207, l208, l209, l210 = sch.get_loops(block=b189)
l211, l212, l213, l214, l215, l216, l217 = sch.get_loops(block=b190)
l218, l219, l220, l221, l222, l223, l224 = sch.get_loops(block=b191)
l225, l226, l227, l228, l229, l230, l231, l232, l233, l234 = sch.get_loops(block=b192)
sch.annotate(block_or_loop=l225, ann_key="pragma_auto_unroll_max_step", ann_val=512)
sch.annotate(block_or_loop=l225, ann_key="pragma_unroll_explicit", ann_val=1)
l235, l236, l237, l238, l239, l240 = sch.get_loops(block=b193)
l241, l242, l243, l244, l245, l246 = sch.get_loops(block=b194)
b247 = sch.get_block(name="conv2d_nchw_o", func_name="main")
l248, l249, l250, l251, l252, l253, l254, l255, l256, l257 = sch.get_loops(block=b247)
b258 = sch.decompose_reduction(block=b247, loop=l251)
sch.unannotate(block_or_loop=b258, ann_key="meta_schedule.auto_tensorize")
sch.annotate(block_or_loop=b258, ann_key="meta_schedule.auto_tensorize", ann_val="wmma_fill_16x16x16_f16")
sch.unannotate(block_or_loop=b247, ann_key="meta_schedule.auto_tensorize_init")
sch.unannotate(block_or_loop=b258, ann_key="meta_schedule.auto_tensorize_init")
b259 = sch.get_block(name="conv2d_nchw_o_init", func_name="main")
sch.unannotate(block_or_loop=b259, ann_key="meta_schedule.auto_tensorize")
sch.tensorize(block_or_loop=b259, tensor_intrin="wmma_fill_16x16x16_f16", preserve_unit_iters=True)
b260 = sch.get_block(name="pad_temp_reindex_pad_shared.dyn_wmma.matrix_a_o", func_name="main")
sch.unannotate(block_or_loop=b260, ann_key="meta_schedule.auto_tensorize")
sch.tensorize(block_or_loop=b260, tensor_intrin="wmma_load_16x16x16_f16_a_shared_dyn", preserve_unit_iters=True)
b261 = sch.get_block(name="W_reindex_shared.dyn_wmma.matrix_b_o", func_name="main")
sch.unannotate(block_or_loop=b261, ann_key="meta_schedule.auto_tensorize")
sch.tensorize(block_or_loop=b261, tensor_intrin="wmma_load_16x16x16_f16_b_trans_shared_dyn", preserve_unit_iters=True)
b262 = sch.get_block(name="conv2d_nchw_o_update", func_name="main")
sch.unannotate(block_or_loop=b262, ann_key="meta_schedule.auto_tensorize")
sch.tensorize(block_or_loop=b262, tensor_intrin="wmma_sync_16x16x16_f16f16f16_trans", preserve_unit_iters=True)
b263 = sch.get_block(name="conv2d_nchw_reindex_pad_shared.dyn_wmma.accumulator_o", func_name="main")
sch.unannotate(block_or_loop=b263, ann_key="meta_schedule.auto_tensorize")
sch.tensorize(block_or_loop=b263, tensor_intrin="wmma_store_16x16x16_f16_shared_dyn", preserve_unit_iters=True)
2025-10-07 10:54:18 [INFO] [task_scheduler.cc:121] [Task #0: main] Trial #52: Error in building:
LocalBuilder: An exception occurred
Traceback (most recent call last):
  File "/workspace/tvm-dev/python/tvm/exec/popen_worker.py", line 87, in main
    result = fn(*args, **kwargs)
             ^^^^^^^^^^^^^^^^^^^
  File "/workspace/tvm-dev/python/tvm/meta_schedule/builder/local_builder.py", line 165, in <lambda>
    lambda x: _worker_func(*x),
              ^^^^^^^^^^^^^^^^
  File "/workspace/tvm-dev/python/tvm/meta_schedule/builder/local_builder.py", line 231, in _worker_func
    rt_mod: Module = f_build(mod, target, _deserialize_params(params))
                     ^^^^^^^^^^^^^^^^^^^^^^^^^^^^^^^^^^^^^^^^^^^^^^^^^
  File "/workspace/tvm-dev/python/tvm/_ffi/_ctypes/packed_func.py", line 245, in __call__
    raise_last_ffi_error()
  File "/workspace/tvm-dev/python/tvm/_ffi/base.py", line 481, in raise_last_ffi_error
    raise py_err
  File "/workspace/tvm-dev/python/tvm/meta_schedule/builder/local_builder.py", line 261, in default_build
    return tvm_build(mod, target=target)
           ^^^^^^^^^^^^^^^^^^^^^^^^^^^^^
  File "/workspace/tvm-dev/python/tvm/driver/build_module.py", line 297, in build
    rt_mod_host = _driver_ffi.tir_to_runtime(annotated_mods, target_host)
                  ^^^^^^^^^^^^^^^^^^^^^^^^^^^^^^^^^^^^^^^^^^^^^^^^^^^^^^^
  File "/workspace/tvm-dev/python/tvm/_ffi/_ctypes/packed_func.py", line 245, in __call__
    raise_last_ffi_error()
  File "/workspace/tvm-dev/python/tvm/_ffi/base.py", line 481, in raise_last_ffi_error
    raise py_err
ValueError: Traceback (most recent call last):
  33: tvm::runtime::PackedFuncObj::Extractor<tvm::runtime::PackedFuncSubObj<tvm::runtime::TypedPackedFunc<tvm::runtime::Module (tvm::runtime::Map<tvm::Target, tvm::IRModule, void, void> const&, tvm::Target)>::AssignTypedLambda<tvm::__mk_TVM24::{lambda(tvm::runtime::Map<tvm::Target, tvm::IRModule, void, void> const&, tvm::Target)#1}>(tvm::__mk_TVM24::{lambda(tvm::runtime::Map<tvm::Target, tvm::IRModule, void, void> const&, tvm::Target)#1}, std::__cxx11::basic_string<char, std::char_traits<char>, std::allocator<char> >)::{lambda(tvm::runtime::TVMArgs const&, tvm::runtime::TVMRetValue*)#1}> >::Call(tvm::runtime::PackedFuncObj const*, std::__cxx11::basic_string<char, std::char_traits<char>, std::allocator<char> >, tvm::runtime::TVMRetValue)
  32: tvm::TIRToRuntime(tvm::runtime::Map<tvm::Target, tvm::IRModule, void, void> const&, tvm::Target const&)
  31: tvm::codegen::Build(tvm::IRModule, tvm::Target)
  30: _ZN3tvm7runtime13PackedFuncObj
  29: tvm::runtime::TypedPackedFunc<tvm::runtime::Module (tvm::IRModule, tvm::Target)>::AssignTypedLambda<tvm::runtime::Module (*)(tvm::IRModule, tvm::Target)>(tvm::runtime::Module (*)(tvm::IRModule, tvm::Target), std::__cxx11::basic_string<char, std::char_traits<char>, std::allocator<char> >)::{lambda(tvm::runtime::TVMArgs const&, tvm::runtime::TVMRetValue*)#1}::operator()(tvm::runtime::TVMArgs const&, tvm::runtime::TVMRetValue*) const
  28: tvm::codegen::BuildCUDA(tvm::IRModule, tvm::Target)
  27: tvm::codegen::CodeGenC::AddFunction(tvm::GlobalVar const&, tvm::tir::PrimFunc const&)
  26: tvm::codegen::CodeGenCUDA::VisitStmt_(tvm::tir::AllocateNode const*)
  25: tvm::codegen::CodeGenCUDA::VisitStmt_(tvm::tir::AllocateNode const*)
  24: tvm::codegen::CodeGenCUDA::VisitStmt_(tvm::tir::AllocateNode const*)
  23: tvm::codegen::CodeGenCUDA::VisitStmt_(tvm::tir::AllocateNode const*)
  22: tvm::codegen::CodeGenC::VisitStmt_(tvm::tir::SeqStmtNode const*)
  21: tvm::codegen::CodeGenC::VisitStmt_(tvm::tir::ForNode const*)
  20: tvm::codegen::CodeGenC::VisitStmt_(tvm::tir::SeqStmtNode const*)
  19: tvm::codegen::CodeGenC::VisitStmt_(tvm::tir::BufferStoreNode const*)
  18: tvm::codegen::CodeGenC::PrintExpr[abi:cxx11](tvm::PrimExpr const&)
  17: tvm::codegen::CodeGenC::VisitExpr_(tvm::tir::BufferLoadNode const*, std::ostream&)
  16: tvm::codegen::CodeGenC::PrintExpr[abi:cxx11](tvm::PrimExpr const&)
  15: void tvm::codegen::PrintBinaryExpr<tvm::tir::AddNode>(tvm::tir::AddNode const*, char const*, std::ostream&, tvm::codegen::CodeGenC*)
  14: tvm::codegen::CodeGenCUDA::PrintVecBinaryOp(std::__cxx11::basic_string<char, std::char_traits<char>, std::allocator<char> > const&, tvm::runtime::DataType, tvm::PrimExpr, tvm::PrimExpr, std::ostream&)
  13: tvm::codegen::CodeGenC::PrintExpr[abi:cxx11](tvm::PrimExpr const&)
  12: void tvm::codegen::PrintBinaryExpr<tvm::tir::AddNode>(tvm::tir::AddNode const*, char const*, std::ostream&, tvm::codegen::CodeGenC*)
  11: tvm::codegen::CodeGenCUDA::PrintVecBinaryOp(std::__cxx11::basic_string<char, std::char_traits<char>, std::allocator<char> > const&, tvm::runtime::DataType, tvm::PrimExpr, tvm::PrimExpr, std::ostream&)
  10: tvm::codegen::CodeGenC::PrintExpr[abi:cxx11](tvm::PrimExpr const&)
  9: void tvm::codegen::PrintBinaryExpr<tvm::tir::AddNode>(tvm::tir::AddNode const*, char const*, std::ostream&, tvm::codegen::CodeGenC*)
  8: tvm::codegen::CodeGenCUDA::PrintVecBinaryOp(std::__cxx11::basic_string<char, std::char_traits<char>, std::allocator<char> > const&, tvm::runtime::DataType, tvm::PrimExpr, tvm::PrimExpr, std::ostream&)
  7: tvm::codegen::CodeGenC::PrintExpr[abi:cxx11](tvm::PrimExpr const&)
  6: void tvm::codegen::PrintBinaryExpr<tvm::tir::MulNode>(tvm::tir::MulNode const*, char const*, std::ostream&, tvm::codegen::CodeGenC*)
  5: tvm::codegen::CodeGenCUDA::PrintVecBinaryOp(std::__cxx11::basic_string<char, std::char_traits<char>, std::allocator<char> > const&, tvm::runtime::DataType, tvm::PrimExpr, tvm::PrimExpr, std::ostream&)
  4: tvm::codegen::CodeGenC::PrintExpr[abi:cxx11](tvm::PrimExpr const&)
  3: void tvm::codegen::PrintBinaryExpr<tvm::tir::DivNode>(tvm::tir::DivNode const*, char const*, std::ostream&, tvm::codegen::CodeGenC*)
  2: tvm::codegen::CodeGenCUDA::PrintVecBinaryOp(std::__cxx11::basic_string<char, std::char_traits<char>, std::allocator<char> > const&, tvm::runtime::DataType, tvm::PrimExpr, tvm::PrimExpr, std::ostream&)
  1: tvm::codegen::CodeGenC::PrintExpr[abi:cxx11](tvm::PrimExpr const&)
  0: tvm::codegen::CodeGenCUDA::VisitExpr_(tvm::tir::RampNode const*, std::ostream&)
  File "/workspace/tvm-dev/src/target/source/codegen_cuda.cc", line 1204
ValueError: Check failed: lanes <= 4 (8 vs. 4) : Ramp of more than 4 lanes is not allowed.

# from tvm.script import ir as I
# from tvm.script import tir as T

@I.ir_module
class Module:
    @T.prim_func
    def main(A: T.Buffer((1, 256, 14, 14), "float16"), W: T.Buffer((256, 256, 3, 3), "float16"), conv2d_nchw: T.Buffer((1, 256, 14, 14), "float16")):
        T.func_attr({"tir.noalias": T.bool(True)})
        # with T.block("root"):
        conv2d_nchw_reindex_pad_shared_dyn = T.alloc_buffer((13, 1, 1, 16, 16, 16), "float16", scope="shared.dyn")
        conv2d_nchw_reindex_pad_shared_dyn_wmma_accumulator = T.alloc_buffer((13, 1, 1, 16, 16, 16), "float16", scope="wmma.accumulator")
        pad_temp_reindex_pad_shared_dyn = T.alloc_buffer((208, 2304), "float16", scope="shared.dyn")
        W_reindex_shared_dyn = T.alloc_buffer((256, 2304), "float16", scope="shared.dyn")
        pad_temp_reindex_pad_shared_dyn_wmma_matrix_a = T.alloc_buffer((208, 2304), "float16", scope="wmma.matrix_a")
        W_reindex_shared_dyn_wmma_matrix_b = T.alloc_buffer((256, 2304), "float16", scope="wmma.matrix_b")
        for ax0_0_0_ax1_0_0_fused in T.thread_binding(1, thread="blockIdx.y", annotations={"pragma_auto_unroll_max_step": 512, "pragma_unroll_explicit": 1}):
            for ax0_0_1_ax1_0_1_fused in T.thread_binding(13, thread="blockIdx.x"):
                for ax0_0_2_ax1_0_2_fused in T.thread_binding(1, thread="threadIdx.y"):
                    for ax0_0_3_init, ax1_0_3_init, ax0_0_4_init, ax1_0_4_init in T.grid(1, 16, 1, 1):
                        with T.block("conv2d_nchw_o_init"):
                            v0_o = T.axis.spatial(13, ax0_0_1_ax1_0_1_fused + ax0_0_3_init + ax0_0_4_init)
                            v1_o = T.axis.spatial(16, ax1_0_3_init + ax1_0_4_init)
                            T.reads()
                            T.writes(conv2d_nchw_reindex_pad_shared_dyn_wmma_accumulator[v0_o, 0, 0, v1_o, 0:16, 0:16])
                            T.block_attr({"meta_schedule.thread_extent_high_inclusive": 1024, "meta_schedule.thread_extent_low_inclusive": 32, "warp_execution": 1})
                            C = T.match_buffer(conv2d_nchw_reindex_pad_shared_dyn_wmma_accumulator[v0_o, 0, 0, v1_o, 0:16, 0:16], (16, 16), "float16", strides=("C_s0", "C_s1"), scope="wmma.accumulator", offset_factor=16)
                            T.tvm_fill_fragment(C.data, 16, 16, 16, C.elem_offset // C.strides[0] // 16 * (C.strides[0] // 16) + C.elem_offset % C.strides[0] // 16, T.float32(0.0))
                    for ax2_0_0 in range(72):
                        for ax0_ax1_fused_0 in range(8):
                            for ax0_ax1_fused_1 in T.thread_binding(1, thread="threadIdx.y"):
                                for ax0_ax1_fused_2 in T.thread_binding(32, thread="threadIdx.x"):
                                    for ax0_ax1_fused_3 in T.vectorized(2):
                                        with T.block("pad_temp_reindex_pad_shared.dyn"):
                                            v0 = T.axis.spatial(208, ax0_0_1_ax1_0_1_fused * 16 + (ax0_ax1_fused_0 * 64 + ax0_ax1_fused_1 * 64 + ax0_ax1_fused_2 * 2 + ax0_ax1_fused_3) // 32)
                                            v1 = T.axis.spatial(2304, ax2_0_0 * 32 + (ax0_ax1_fused_0 * 64 + ax0_ax1_fused_1 * 64 + ax0_ax1_fused_2 * 2 + ax0_ax1_fused_3) % 32)
                                            T.reads(A[0, v1 // 9, v0 // 14 + v1 % 9 // 3 - 1, v0 % 14 + v1 % 3 - 1])
                                            T.writes(pad_temp_reindex_pad_shared_dyn[v0, v1])
                                            T.block_attr({"buffer_dim_align": [[0, 0, 32, 8]]})
                                            pad_temp_reindex_pad_shared_dyn[v0, v1] = T.if_then_else(v0 < 196, T.if_then_else(1 <= v0 // 14 + v1 % 9 // 3 and v0 // 14 + v1 % 9 // 3 < 15 and 1 <= v0 % 14 + v1 % 3 and v0 % 14 + v1 % 3 < 15, A[0, v1 // 9, v0 // 14 + v1 % 9 // 3 - 1, v0 % 14 + v1 % 3 - 1], T.float16(0.0)), T.float16(0.0))
                        for ax0_ax1_fused_0 in range(32):
                            for ax0_ax1_fused_1 in T.thread_binding(1, thread="threadIdx.y"):
                                for ax0_ax1_fused_2 in T.thread_binding(32, thread="threadIdx.x"):
                                    for ax0_ax1_fused_3 in T.vectorized(8):
                                        with T.block("W_reindex_shared.dyn"):
                                            v0 = T.axis.spatial(256, (ax0_ax1_fused_0 * 256 + ax0_ax1_fused_1 * 256 + ax0_ax1_fused_2 * 8 + ax0_ax1_fused_3) // 32)
                                            v1 = T.axis.spatial(2304, ax2_0_0 * 32 + (ax0_ax1_fused_0 * 256 + ax0_ax1_fused_1 * 256 + ax0_ax1_fused_2 * 8 + ax0_ax1_fused_3) % 32)
                                            T.reads(W[v0, v1 // 9, v1 % 9 // 3, v1 % 3])
                                            T.writes(W_reindex_shared_dyn[v0, v1])
                                            T.block_attr({"buffer_dim_align": [[0, 0, 32, 8]]})
                                            W_reindex_shared_dyn[v0, v1] = W[v0, v1 // 9, v1 % 9 // 3, v1 % 3]
                        for ax2_0_1 in range(2):
                            for ax0_0, ax1_0 in T.grid(1, 1):
                                with T.block("pad_temp_reindex_pad_shared.dyn_wmma.matrix_a_o"):
                                    v0_o = T.axis.spatial(13, ax0_0_1_ax1_0_1_fused + ax0_0)
                                    v1_o = T.axis.spatial(144, ax2_0_0 * 2 + ax2_0_1 + ax1_0)
                                    T.reads(pad_temp_reindex_pad_shared_dyn[v0_o * 16:v0_o * 16 + 16, v1_o * 16:v1_o * 16 + 16])
                                    T.writes(pad_temp_reindex_pad_shared_dyn_wmma_matrix_a[v0_o * 16:v0_o * 16 + 16, v1_o * 16:v1_o * 16 + 16])
                                    A_1 = T.match_buffer(pad_temp_reindex_pad_shared_dyn[v0_o * 16:v0_o * 16 + 16, v1_o * 16:v1_o * 16 + 16], (16, 16), "float16", strides=("A_s0", "A_s1"), scope="shared.dyn", offset_factor=16)
                                    C = T.match_buffer(pad_temp_reindex_pad_shared_dyn_wmma_matrix_a[v0_o * 16:v0_o * 16 + 16, v1_o * 16:v1_o * 16 + 16], (16, 16), "float16", strides=("C_s0", "C_s1"), scope="wmma.matrix_a", offset_factor=16)
                                    T.tvm_load_matrix_sync(C.data, 16, 16, 16, C.elem_offset // C.strides[0] // 16 * (C.strides[0] // 16) + C.elem_offset % C.strides[0] // 16, T.tvm_access_ptr(T.type_annotation("float16"), A_1.data, A_1.elem_offset, A_1.strides[0] * 16, 1), A_1.strides[0], "row_major")
                            for ax0_0, ax1_0 in T.grid(16, 1):
                                with T.block("W_reindex_shared.dyn_wmma.matrix_b_o"):
                                    v0_o = T.axis.spatial(16, ax0_0)
                                    v1_o = T.axis.spatial(144, ax2_0_0 * 2 + ax2_0_1 + ax1_0)
                                    T.reads(W_reindex_shared_dyn[v0_o * 16:v0_o * 16 + 16, v1_o * 16:v1_o * 16 + 16])
                                    T.writes(W_reindex_shared_dyn_wmma_matrix_b[v0_o * 16:v0_o * 16 + 16, v1_o * 16:v1_o * 16 + 16])
                                    A_1 = T.match_buffer(W_reindex_shared_dyn[v0_o * 16:v0_o * 16 + 16, v1_o * 16:v1_o * 16 + 16], (16, 16), "float16", strides=("A_s0", "A_s1"), scope="shared.dyn", offset_factor=16)
                                    C = T.match_buffer(W_reindex_shared_dyn_wmma_matrix_b[v0_o * 16:v0_o * 16 + 16, v1_o * 16:v1_o * 16 + 16], (16, 16), "float16", strides=("C_s0", "C_s1"), scope="wmma.matrix_b", offset_factor=16)
                                    T.tvm_load_matrix_sync(C.data, 16, 16, 16, C.elem_offset // C.strides[0] // 16 * (C.strides[0] // 16) + C.elem_offset % C.strides[0] // 16, T.tvm_access_ptr(T.type_annotation("float16"), A_1.data, A_1.elem_offset, A_1.strides[0] * 16, 1), A_1.strides[0], "col_major")
                            for ax0_0_3, ax1_0_3, ax2_0_2, ax0_0_4, ax1_0_4 in T.grid(1, 16, 1, 1, 1):
                                with T.block("conv2d_nchw_o_update"):
                                    v0_o = T.axis.spatial(13, ax0_0_1_ax1_0_1_fused + ax0_0_3 + ax0_0_4)
                                    v1_o = T.axis.spatial(16, ax1_0_3 + ax1_0_4)
                                    v2_o = T.axis.reduce(144, ax2_0_0 * 2 + ax2_0_1 + ax2_0_2)
                                    T.reads(conv2d_nchw_reindex_pad_shared_dyn_wmma_accumulator[v0_o, 0, 0, v1_o, 0:16, 0:16], pad_temp_reindex_pad_shared_dyn_wmma_matrix_a[v0_o * 16:v0_o * 16 + 16, v2_o * 16:v2_o * 16 + 16], W_reindex_shared_dyn_wmma_matrix_b[v1_o * 16:v1_o * 16 + 16, v2_o * 16:v2_o * 16 + 16])
                                    T.writes(conv2d_nchw_reindex_pad_shared_dyn_wmma_accumulator[v0_o, 0, 0, v1_o, 0:16, 0:16])
                                    T.block_attr({"meta_schedule.thread_extent_high_inclusive": 1024, "meta_schedule.thread_extent_low_inclusive": 32, "warp_execution": 1})
                                    A_1 = T.match_buffer(pad_temp_reindex_pad_shared_dyn_wmma_matrix_a[v0_o * 16:v0_o * 16 + 16, v2_o * 16:v2_o * 16 + 16], (16, 16), "float16", strides=("A_s0", "A_s1"), scope="wmma.matrix_a", offset_factor=16)
                                    B = T.match_buffer(W_reindex_shared_dyn_wmma_matrix_b[v1_o * 16:v1_o * 16 + 16, v2_o * 16:v2_o * 16 + 16], (16, 16), "float16", strides=("B_s0", "B_s1"), scope="wmma.matrix_b", offset_factor=16)
                                    C = T.match_buffer(conv2d_nchw_reindex_pad_shared_dyn_wmma_accumulator[v0_o, 0, 0, v1_o, 0:16, 0:16], (16, 16), "float16", strides=("C_s0", "C_s1"), scope="wmma.accumulator", offset_factor=16)
                                    T.tvm_mma_sync(C.data, C.elem_offset // C.strides[0] // 16 * (C.strides[0] // 16) + C.elem_offset % C.strides[0] // 16, A_1.data, A_1.elem_offset // A_1.strides[0] // 16 * (A_1.strides[0] // 16) + A_1.elem_offset % A_1.strides[0] // 16, B.data, B.elem_offset // B.strides[0] // 16 * (B.strides[0] // 16) + B.elem_offset % B.strides[0] // 16, C.data, C.elem_offset // C.strides[0] // 16 * (C.strides[0] // 16) + C.elem_offset % C.strides[0] // 16)
                for ax2 in range(1):
                    for ax0_ax1_fused in T.thread_binding(1, thread="threadIdx.y"):
                        for ax2_1, ax3 in T.grid(1, 16):
                            with T.block("conv2d_nchw_reindex_pad_shared.dyn_wmma.accumulator_o"):
                                v0_o = T.axis.spatial(13, ax0_0_1_ax1_0_1_fused)
                                v1_o = T.axis.spatial(1, 0)
                                v2_o, v3_o = T.axis.remap("SS", [ax2_1, ax3])
                                v4_o = T.axis.spatial(1, 0)
                                v5_o = T.axis.spatial(1, 0)
                                T.reads(conv2d_nchw_reindex_pad_shared_dyn_wmma_accumulator[v0_o, v1_o, v2_o, v3_o, 0:16, 0:16])
                                T.writes(conv2d_nchw_reindex_pad_shared_dyn[v0_o, v1_o, v2_o, v3_o, 0:16, 0:16])
                                A_1 = T.match_buffer(conv2d_nchw_reindex_pad_shared_dyn_wmma_accumulator[v0_o, v1_o, v2_o, v3_o, 0:16, 0:16], (16, 16), "float16", strides=("A_s0", "A_s1"), scope="wmma.accumulator", offset_factor=16)
                                C = T.match_buffer(conv2d_nchw_reindex_pad_shared_dyn[v0_o, v1_o, v2_o, v3_o, 0:16, 0:16], (16, 16), "float16", strides=("C_s0", "C_s1"), scope="shared.dyn", offset_factor=16)
                                T.tvm_store_matrix_sync(A_1.data, 16, 16, 16, A_1.elem_offset // A_1.strides[0] // 16 * (A_1.strides[0] // 16) + A_1.elem_offset % A_1.strides[0] // 16, T.tvm_access_ptr(T.type_annotation("float16"), C.data, C.elem_offset, C.strides[0] * 16, 2), C.strides[0], "row_major")
                    for ax0_ax1_ax3_ax4_ax5_fused_0 in range(32):
                        for ax0_ax1_ax3_ax4_ax5_fused_1 in T.thread_binding(1, thread="threadIdx.y"):
                            for ax0_ax1_ax3_ax4_ax5_fused_2 in T.thread_binding(32, thread="threadIdx.x"):
                                for ax0_ax1_ax3_ax4_ax5_fused_3 in T.vectorized(4):
                                    with T.block("conv2d_nchw_reindex_pad_shared.dyn"):
                                        v0 = T.axis.spatial(13, ax0_0_1_ax1_0_1_fused)
                                        v1 = T.axis.spatial(1, 0)
                                        v2 = T.axis.spatial(1, ax2)
                                        v3 = T.axis.spatial(16, (ax0_ax1_ax3_ax4_ax5_fused_0 * 128 + ax0_ax1_ax3_ax4_ax5_fused_1 * 128 + ax0_ax1_ax3_ax4_ax5_fused_2 * 4 + ax0_ax1_ax3_ax4_ax5_fused_3) // 256)
                                        v4 = T.axis.spatial(16, (ax0_ax1_ax3_ax4_ax5_fused_0 * 128 + ax0_ax1_ax3_ax4_ax5_fused_1 * 128 + ax0_ax1_ax3_ax4_ax5_fused_2 * 4 + ax0_ax1_ax3_ax4_ax5_fused_3) % 256 // 16)
                                        v5 = T.axis.spatial(16, (ax0_ax1_ax3_ax4_ax5_fused_0 * 128 + ax0_ax1_ax3_ax4_ax5_fused_1 * 128 + ax0_ax1_ax3_ax4_ax5_fused_2 * 4 + ax0_ax1_ax3_ax4_ax5_fused_3) % 16)
                                        T.where(ax0_0_1_ax1_0_1_fused * 16 + T.Mul(0, 16) + (((ax0_ax1_ax3_ax4_ax5_fused_0 + ax0_ax1_ax3_ax4_ax5_fused_1) * 32 + ax0_ax1_ax3_ax4_ax5_fused_2) * 4 + ax0_ax1_ax3_ax4_ax5_fused_3) % 256 // 16 < 196)
                                        T.reads(conv2d_nchw_reindex_pad_shared_dyn[v0, v1, v2, v3, v4, v5])
                                        T.writes(conv2d_nchw[0, v5 + v3 * 16 + v1 * 256, (v4 + v0 * 16) // 14, (v4 + v0 * 16) % 14])
                                        conv2d_nchw[0, v5 + v3 * 16 + v1 * 256, (v4 + v0 * 16) // 14, (v4 + v0 * 16) % 14] = conv2d_nchw_reindex_pad_shared_dyn[v0, v1, v2, v3, v4, v5]
b0 = sch.get_block(name="pad_temp", func_name="main")
b1 = sch.get_block(name="conv2d_nchw", func_name="main")
b2 = sch.get_block(name="root", func_name="main")
sch.annotate(block_or_loop=b1, ann_key="meta_schedule.tiling_structure", ann_val="SSSRRSRS")
b3 = sch.reindex(block=b1, buffer=("write", 0))
b4 = sch.reindex(block=b1, buffer=("read", 0))
b5 = sch.reindex(block=b1, buffer=("read", 1))
sch.transform_layout(block=b1, buffer=("read", 0), index_map=lambda v_nn, v_yy, v_xx, v_rc, v_ry, v_rx: (v_nn * 196 + v_yy * 14 + v_xx, v_rc * 9 + v_ry * 3 + v_rx,), pad_value=None, assume_injective_transform=True)
sch.transform_layout(block=b1, buffer=("read", 1), index_map=lambda v_ff, v_rc, v_ry, v_rx: (v_ff, v_rc * 9 + v_ry * 3 + v_rx,), pad_value=None, assume_injective_transform=True)
sch.transform_layout(block=b1, buffer=("write", 0), index_map=lambda v_nn, v_ff, v_yy, v_xx: (v_nn * 196 + v_yy * 14 + v_xx, v_ff,), pad_value=None, assume_injective_transform=True)
sch.transform_block_layout(block=b3, index_map=lambda v_nn, v_ff, v_yy, v_xx: (v_nn * 196 + v_yy * 14 + v_xx, v_ff,))
sch.transform_block_layout(block=b4, index_map=lambda v_nn, v_yy, v_xx, v_rc, v_ry, v_rx: (v_nn * 196 + v_yy * 14 + v_xx, v_rc * 9 + v_ry * 3 + v_rx,))
sch.transform_block_layout(block=b5, index_map=lambda v_ff, v_rc, v_ry, v_rx: (v_ff, v_rc * 9 + v_ry * 3 + v_rx,))
sch.transform_block_layout(block=b1, index_map=lambda v_nn, v_ff, v_yy, v_xx, v_rc, v_ry, v_rx: (v_nn * 196 + v_yy * 14 + v_xx, v_ff, v_rc * 9 + v_ry * 3 + v_rx,))
sch.pad_einsum(block=b1, padding=[16, 1, 1])
b6, b7 = sch.get_producers(block=b1)
b8, = sch.get_producers(block=b6)
b9, = sch.get_consumers(block=b1)
sch.compute_inline(block=b8)
sch.compute_inline(block=b9)
l10, l11, l12 = sch.get_loops(block=b1)
l13, l14 = sch.split(loop=l12, factors=[None, 16], preserve_unit_iters=True, disable_predication=False)
l15, l16 = sch.split(loop=l11, factors=[None, 16], preserve_unit_iters=True, disable_predication=False)
l17, l18 = sch.split(loop=l10, factors=[None, 16], preserve_unit_iters=True, disable_predication=False)
l19, l20, l21, l22, l23, l24 = sch.get_loops(block=b1)
sch.reorder(l21, l23, l18, l16, l14)
b25 = sch.blockize(target=l18, preserve_unit_iters=True)
sch.annotate(block_or_loop=b25, ann_key="meta_schedule.auto_tensorize", ann_val="wmma_sync_16x16x16_f16f16f16_trans")
sch.annotate(block_or_loop=b25, ann_key="meta_schedule.auto_tensorize_init", ann_val="wmma_fill_16x16x16_f16")
sch.annotate(block_or_loop=b25, ann_key="warp_execution", ann_val=1)
l26, l27, l28 = sch.get_loops(block=b25)
v29, v30, v31, v32, v33 = sch.sample_perfect_tile(loop=l26, n=5, max_innermost_factor=4, decision=[1, 13, 1, 1, 1])
l34, l35, l36, l37, l38 = sch.split(loop=l26, factors=[v29, v30, v31, v32, v33], preserve_unit_iters=True, disable_predication=False)
v39, v40, v41, v42, v43 = sch.sample_perfect_tile(loop=l27, n=5, max_innermost_factor=4, decision=[1, 1, 1, 16, 1])
l44, l45, l46, l47, l48 = sch.split(loop=l27, factors=[v39, v40, v41, v42, v43], preserve_unit_iters=True, disable_predication=False)
v49, v50, v51 = sch.sample_perfect_tile(loop=l28, n=3, max_innermost_factor=4, decision=[72, 2, 1])
l52, l53, l54 = sch.split(loop=l28, factors=[v49, v50, v51], preserve_unit_iters=True, disable_predication=False)
sch.reorder(l34, l44, l35, l45, l36, l46, l52, l53, l37, l47, l54, l38, l48)
l55 = sch.fuse(l34, l44, preserve_unit_iters=True)
sch.bind(loop=l55, thread_axis="blockIdx.y")
l56 = sch.fuse(l35, l45, preserve_unit_iters=True)
sch.bind(loop=l56, thread_axis="blockIdx.x")
l57 = sch.fuse(l36, l46, preserve_unit_iters=True)
sch.bind(loop=l57, thread_axis="threadIdx.y")
sch.annotate(block_or_loop=b25, ann_key="meta_schedule.thread_extent_low_inclusive", ann_val=32)
sch.annotate(block_or_loop=b25, ann_key="meta_schedule.thread_extent_high_inclusive", ann_val=1024)
sch.transform_layout(block=b25, buffer=("write", 0), index_map=lambda i0, i1: (i0 // 16 // (v32 * v33), i1 // 16 // (v42 * v43), i0 // 16 % (v32 * v33), i1 // 16 % (v42 * v43), i0 % 16, i1 % 16,), pad_value=None, assume_injective_transform=True)
b58 = sch.cache_write(block=b25, write_buffer_index=0, storage_scope="shared.dyn")
sch.reverse_compute_at(block=b58, loop=l56, preserve_unit_loops=True, index=-1)
b59 = sch.cache_write(block=b25, write_buffer_index=0, storage_scope="wmma.accumulator")
l60, l61, l62, l63, l64, l65, l66, l67 = sch.get_loops(block=b58)
sch.reorder(l64, l62, l63, l65)
sch.compute_at(block=b59, loop=l64, preserve_unit_loops=True, index=-1)
l68, l69, l70, l71, l72, l73, l74, l75, l76 = sch.get_loops(block=b59)
l77 = sch.fuse(l71, l72, preserve_unit_iters=True)
sch.bind(loop=l77, thread_axis="threadIdx.y")
sch.reverse_compute_inline(block=b3)
l78, l79, l80, l81, l82, l83, l84, l85 = sch.get_loops(block=b59)
b86 = sch.blockize(target=l84, preserve_unit_iters=True)
sch.annotate(block_or_loop=b86, ann_key="meta_schedule.auto_tensorize", ann_val="wmma_store_16x16x16_f16_shared_dyn")
l87, l88, l89, l90, l91, l92, l93, l94 = sch.get_loops(block=b58)
l95 = sch.fuse(l90, l91, l92, l93, l94, preserve_unit_iters=True)
v96 = sch.sample_categorical(candidates=[1, 2, 4, 8], probs=[0.25, 0.25, 0.25, 0.25], decision=2)
sch.annotate(block_or_loop=b58, ann_key="meta_schedule.cooperative_fetch", ann_val=v96)
b97 = sch.cache_read(block=b25, read_buffer_index=0, storage_scope="shared.dyn", consumer_blocks=[b25])
sch.compute_at(block=b97, loop=l52, preserve_unit_loops=True, index=-1)
l98, l99, l100, l101, l102, l103 = sch.get_loops(block=b97)
l104 = sch.fuse(l102, l103, preserve_unit_iters=True)
v105 = sch.sample_categorical(candidates=[1, 2, 4, 8], probs=[0.25, 0.25, 0.25, 0.25], decision=1)
sch.annotate(block_or_loop=b97, ann_key="meta_schedule.cooperative_fetch", ann_val=v105)
b106 = sch.cache_read(block=b25, read_buffer_index=1, storage_scope="shared.dyn", consumer_blocks=[b25])
sch.compute_at(block=b106, loop=l52, preserve_unit_loops=True, index=-1)
l107, l108, l109, l110, l111, l112 = sch.get_loops(block=b106)
l113 = sch.fuse(l111, l112, preserve_unit_iters=True)
v114 = sch.sample_categorical(candidates=[1, 2, 4, 8], probs=[0.25, 0.25, 0.25, 0.25], decision=3)
sch.annotate(block_or_loop=b106, ann_key="meta_schedule.cooperative_fetch", ann_val=v114)
b115 = sch.cache_read(block=b25, read_buffer_index=0, storage_scope="wmma.matrix_a")
sch.compute_at(block=b115, loop=l53, preserve_unit_loops=True, index=-1)
l116, l117, l118, l119, l120, l121, l122 = sch.get_loops(block=b115)
l123, l124 = sch.split(loop=l122, factors=[None, 16], preserve_unit_iters=True, disable_predication=False)
l125, l126 = sch.split(loop=l121, factors=[None, 16], preserve_unit_iters=True, disable_predication=False)
l127, l128, l129, l130, l131, l132, l133, l134, l135 = sch.get_loops(block=b115)
sch.reorder(l134, l126, l124)
b136 = sch.blockize(target=l126, preserve_unit_iters=True)
sch.annotate(block_or_loop=b136, ann_key="meta_schedule.auto_tensorize", ann_val="wmma_load_16x16x16_f16_a_shared_dyn")
b137 = sch.cache_read(block=b25, read_buffer_index=1, storage_scope="wmma.matrix_b")
sch.compute_at(block=b137, loop=l53, preserve_unit_loops=True, index=-1)
l138, l139, l140, l141, l142, l143, l144 = sch.get_loops(block=b137)
l145, l146 = sch.split(loop=l144, factors=[None, 16], preserve_unit_iters=True, disable_predication=False)
l147, l148 = sch.split(loop=l143, factors=[None, 16], preserve_unit_iters=True, disable_predication=False)
l149, l150, l151, l152, l153, l154, l155, l156, l157 = sch.get_loops(block=b137)
sch.reorder(l156, l148, l146)
b158 = sch.blockize(target=l148, preserve_unit_iters=True)
sch.annotate(block_or_loop=b158, ann_key="meta_schedule.auto_tensorize", ann_val="wmma_load_16x16x16_f16_b_trans_shared_dyn")
b159, = sch.get_producers(block=b97)
sch.compute_inline(block=b159)
sch.storage_align(block=b97, buffer_index=0, axis=-2, factor=32, offset=8)
b160, = sch.get_producers(block=b106)
sch.compute_inline(block=b160)
sch.storage_align(block=b106, buffer_index=0, axis=-2, factor=32, offset=8)
sch.compute_inline(block=b0)
v161 = sch.sample_categorical(candidates=[0, 16, 64, 512, 1024], probs=[0.20000000000000001, 0.20000000000000001, 0.20000000000000001, 0.20000000000000001, 0.20000000000000001], decision=3)
sch.annotate(block_or_loop=b2, ann_key="meta_schedule.unroll_explicit", ann_val=v161)
sch.enter_postproc()
sch.unannotate(block_or_loop=b58, ann_key="meta_schedule.cooperative_fetch")
l162, l163, l164, l165 = sch.get_loops(block=b58)
l166, l167, l168, l169 = sch.split(loop=l165, factors=[None, 1, 32, 4], preserve_unit_iters=True, disable_predication=False)
sch.vectorize(loop=l169)
sch.bind(loop=l168, thread_axis="threadIdx.x")
sch.bind(loop=l167, thread_axis="threadIdx.y")
sch.unannotate(block_or_loop=b97, ann_key="meta_schedule.cooperative_fetch")
l170, l171, l172, l173, l174 = sch.get_loops(block=b97)
l175, l176, l177, l178 = sch.split(loop=l174, factors=[None, 1, 32, 2], preserve_unit_iters=True, disable_predication=False)
sch.vectorize(loop=l178)
sch.bind(loop=l177, thread_axis="threadIdx.x")
sch.bind(loop=l176, thread_axis="threadIdx.y")
sch.unannotate(block_or_loop=b106, ann_key="meta_schedule.cooperative_fetch")
l179, l180, l181, l182, l183 = sch.get_loops(block=b106)
l184, l185, l186, l187 = sch.split(loop=l183, factors=[None, 1, 32, 8], preserve_unit_iters=True, disable_predication=False)
sch.vectorize(loop=l187)
sch.bind(loop=l186, thread_axis="threadIdx.x")
sch.bind(loop=l185, thread_axis="threadIdx.y")
b188 = sch.get_block(name="root", func_name="main")
sch.unannotate(block_or_loop=b188, ann_key="meta_schedule.unroll_explicit")
b189, b190, b191, b192, b193, b194, b195 = sch.get_child_blocks(b188)
l196, l197, l198, l199, l200, l201, l202, l203 = sch.get_loops(block=b189)
l204, l205, l206, l207, l208, l209, l210, l211 = sch.get_loops(block=b190)
l212, l213, l214, l215, l216, l217, l218 = sch.get_loops(block=b191)
l219, l220, l221, l222, l223, l224, l225 = sch.get_loops(block=b192)
l226, l227, l228, l229, l230, l231, l232, l233, l234, l235 = sch.get_loops(block=b193)
sch.annotate(block_or_loop=l226, ann_key="pragma_auto_unroll_max_step", ann_val=512)
sch.annotate(block_or_loop=l226, ann_key="pragma_unroll_explicit", ann_val=1)
l236, l237, l238, l239, l240, l241 = sch.get_loops(block=b194)
l242, l243, l244, l245, l246, l247, l248 = sch.get_loops(block=b195)
b249 = sch.get_block(name="conv2d_nchw_o", func_name="main")
l250, l251, l252, l253, l254, l255, l256, l257, l258, l259 = sch.get_loops(block=b249)
b260 = sch.decompose_reduction(block=b249, loop=l253)
sch.unannotate(block_or_loop=b260, ann_key="meta_schedule.auto_tensorize")
sch.annotate(block_or_loop=b260, ann_key="meta_schedule.auto_tensorize", ann_val="wmma_fill_16x16x16_f16")
sch.unannotate(block_or_loop=b249, ann_key="meta_schedule.auto_tensorize_init")
sch.unannotate(block_or_loop=b260, ann_key="meta_schedule.auto_tensorize_init")
b261 = sch.get_block(name="conv2d_nchw_o_init", func_name="main")
sch.unannotate(block_or_loop=b261, ann_key="meta_schedule.auto_tensorize")
sch.tensorize(block_or_loop=b261, tensor_intrin="wmma_fill_16x16x16_f16", preserve_unit_iters=True)
b262 = sch.get_block(name="pad_temp_reindex_pad_shared.dyn_wmma.matrix_a_o", func_name="main")
sch.unannotate(block_or_loop=b262, ann_key="meta_schedule.auto_tensorize")
sch.tensorize(block_or_loop=b262, tensor_intrin="wmma_load_16x16x16_f16_a_shared_dyn", preserve_unit_iters=True)
b263 = sch.get_block(name="W_reindex_shared.dyn_wmma.matrix_b_o", func_name="main")
sch.unannotate(block_or_loop=b263, ann_key="meta_schedule.auto_tensorize")
sch.tensorize(block_or_loop=b263, tensor_intrin="wmma_load_16x16x16_f16_b_trans_shared_dyn", preserve_unit_iters=True)
b264 = sch.get_block(name="conv2d_nchw_o_update", func_name="main")
sch.unannotate(block_or_loop=b264, ann_key="meta_schedule.auto_tensorize")
sch.tensorize(block_or_loop=b264, tensor_intrin="wmma_sync_16x16x16_f16f16f16_trans", preserve_unit_iters=True)
b265 = sch.get_block(name="conv2d_nchw_reindex_pad_shared.dyn_wmma.accumulator_o", func_name="main")
sch.unannotate(block_or_loop=b265, ann_key="meta_schedule.auto_tensorize")
sch.tensorize(block_or_loop=b265, tensor_intrin="wmma_store_16x16x16_f16_shared_dyn", preserve_unit_iters=True)
2025-10-07 10:54:18 [INFO] [task_scheduler.cc:131] [Task #0: main] Trial #53: GFLOPs: 5547.1134. Time: 41.6813 us. Best GFLOPs: 8474.7906
2025-10-07 10:54:18 [INFO] [task_scheduler.cc:131] [Task #0: main] Trial #54: GFLOPs: 119.5190. Time: 1934.5132 us. Best GFLOPs: 8474.7906
2025-10-07 10:54:18 [INFO] [task_scheduler.cc:131] [Task #0: main] Trial #55: GFLOPs: 406.4339. Time: 568.8772 us. Best GFLOPs: 8474.7906
2025-10-07 10:54:18 [INFO] [task_scheduler.cc:131] [Task #0: main] Trial #56: GFLOPs: 6273.1440. Time: 36.8573 us. Best GFLOPs: 8474.7906
2025-10-07 10:54:18 [INFO] [task_scheduler.cc:131] [Task #0: main] Trial #57: GFLOPs: 1883.5067. Time: 122.7556 us. Best GFLOPs: 8474.7906
2025-10-07 10:54:18 [INFO] [task_scheduler.cc:131] [Task #0: main] Trial #58: GFLOPs: 457.5760. Time: 505.2953 us. Best GFLOPs: 8474.7906
2025-10-07 10:54:18 [INFO] [task_scheduler.cc:131] [Task #0: main] Trial #59: GFLOPs: 2176.2797. Time: 106.2414 us. Best GFLOPs: 8474.7906
2025-10-07 10:54:18 [INFO] [task_scheduler.cc:131] [Task #0: main] Trial #60: GFLOPs: 168.6739. Time: 1370.7572 us. Best GFLOPs: 8474.7906
2025-10-07 10:54:18 [INFO] [task_scheduler.cc:131] [Task #0: main] Trial #61: GFLOPs: 1581.7454. Time: 146.1746 us. Best GFLOPs: 8474.7906
2025-10-07 10:54:18 [INFO] [task_scheduler.cc:131] [Task #0: main] Trial #62: GFLOPs: 3265.4099. Time: 70.8061 us. Best GFLOPs: 8474.7906
2025-10-07 10:54:18 [INFO] [task_scheduler.cc:131] [Task #0: main] Trial #63: GFLOPs: 2248.0661. Time: 102.8488 us. Best GFLOPs: 8474.7906
2025-10-07 10:54:18 [INFO] [task_scheduler.cc:131] [Task #0: main] Trial #64: GFLOPs: 1111.8201. Time: 207.9572 us. Best GFLOPs: 8474.7906
2025-10-07 10:54:18 [INFO] [evolutionary_search.cc:713] Generating candidates......
2025-10-07 10:54:19 [INFO] [evolutionary_search.cc:715] Picked top 58 candidate(s) from database
2025-10-07 10:54:28 [INFO] [evolutionary_search.cc:533] Sample-Init-Population summary:
Postproc #0 [meta_schedule.DisallowDynamicLoop(0x10966348)]: 0 failure(s)
Postproc #1 [meta_schedule.RewriteCooperativeFetch(0x10d195d8)]: 0 failure(s)
Postproc #2 [meta_schedule.RewriteUnboundBlock(0x10b2d658)]: 0 failure(s)
Postproc #3 [meta_schedule.RewriteParallelVectorizeUnroll(0x10c03278)]: 0 failure(s)
Postproc #4 [meta_schedule.RewriteReductionBlock(0x109facd8)]: 0 failure(s)
Postproc #5 [meta_schedule.VerifyGPUCode(0x1082ac68)]: 366 failure(s)
Postproc #6 [meta_schedule.RewriteTensorize(0x109da9c8)]: 0 failure(s)
2025-10-07 10:54:28 [INFO] [evolutionary_search.cc:723] Sampled 88 candidate(s)
2025-10-07 10:54:40 [INFO] [evolutionary_search.cc:621] Evolve iter #0 done. Summary:
Postproc #0 [meta_schedule.DisallowDynamicLoop(0x10966348)]: 0 failure(s)
Postproc #1 [meta_schedule.RewriteCooperativeFetch(0x10d195d8)]: 0 failure(s)
Postproc #2 [meta_schedule.RewriteUnboundBlock(0x10b2d658)]: 0 failure(s)
Postproc #3 [meta_schedule.RewriteParallelVectorizeUnroll(0x10c03278)]: 0 failure(s)
Postproc #4 [meta_schedule.RewriteReductionBlock(0x109facd8)]: 0 failure(s)
Postproc #5 [meta_schedule.VerifyGPUCode(0x1082ac68)]: 92 failure(s)
Postproc #6 [meta_schedule.RewriteTensorize(0x109da9c8)]: 0 failure(s)
2025-10-07 10:54:51 [INFO] [evolutionary_search.cc:621] Evolve iter #1 done. Summary:
Postproc #0 [meta_schedule.DisallowDynamicLoop(0x10966348)]: 0 failure(s)
Postproc #1 [meta_schedule.RewriteCooperativeFetch(0x10d195d8)]: 0 failure(s)
Postproc #2 [meta_schedule.RewriteUnboundBlock(0x10b2d658)]: 0 failure(s)
Postproc #3 [meta_schedule.RewriteParallelVectorizeUnroll(0x10c03278)]: 0 failure(s)
Postproc #4 [meta_schedule.RewriteReductionBlock(0x109facd8)]: 0 failure(s)
Postproc #5 [meta_schedule.VerifyGPUCode(0x1082ac68)]: 109 failure(s)
Postproc #6 [meta_schedule.RewriteTensorize(0x109da9c8)]: 0 failure(s)
2025-10-07 10:55:03 [INFO] [evolutionary_search.cc:621] Evolve iter #2 done. Summary:
Postproc #0 [meta_schedule.DisallowDynamicLoop(0x10966348)]: 0 failure(s)
Postproc #1 [meta_schedule.RewriteCooperativeFetch(0x10d195d8)]: 0 failure(s)
Postproc #2 [meta_schedule.RewriteUnboundBlock(0x10b2d658)]: 0 failure(s)
Postproc #3 [meta_schedule.RewriteParallelVectorizeUnroll(0x10c03278)]: 0 failure(s)
Postproc #4 [meta_schedule.RewriteReductionBlock(0x109facd8)]: 0 failure(s)
Postproc #5 [meta_schedule.VerifyGPUCode(0x1082ac68)]: 94 failure(s)
Postproc #6 [meta_schedule.RewriteTensorize(0x109da9c8)]: 0 failure(s)
2025-10-07 10:55:15 [INFO] [evolutionary_search.cc:621] Evolve iter #3 done. Summary:
Postproc #0 [meta_schedule.DisallowDynamicLoop(0x10966348)]: 0 failure(s)
Postproc #1 [meta_schedule.RewriteCooperativeFetch(0x10d195d8)]: 0 failure(s)
Postproc #2 [meta_schedule.RewriteUnboundBlock(0x10b2d658)]: 0 failure(s)
Postproc #3 [meta_schedule.RewriteParallelVectorizeUnroll(0x10c03278)]: 0 failure(s)
Postproc #4 [meta_schedule.RewriteReductionBlock(0x109facd8)]: 0 failure(s)
Postproc #5 [meta_schedule.VerifyGPUCode(0x1082ac68)]: 86 failure(s)
Postproc #6 [meta_schedule.RewriteTensorize(0x109da9c8)]: 0 failure(s)
2025-10-07 10:55:15 [INFO] [evolutionary_search.cc:649] Scores of the best 64 candidates:
[1 : 16]:	0.9980  0.9979  0.9957  0.9956  0.9955  0.9951  0.9948  0.9946  0.9939  0.9938  0.9929  0.9925  0.9924  0.9923  0.9923  0.9918
[17 : 32]:	0.9913  0.9913  0.9907  0.9898  0.9896  0.9891  0.9888  0.9887  0.9884  0.9882  0.9879  0.9878  0.9867  0.9859  0.9848  0.9847
[33 : 48]:	0.9843  0.9834  0.9827  0.9818  0.9809  0.9795  0.9790  0.9778  0.9776  0.9776  0.9772  0.9772  0.9761  0.9756  0.9747  0.9737
[49 : 64]:	0.9728  0.9726  0.9726  0.9719  0.9707  0.9689  0.9686  0.9686  0.9685  0.9680  0.9678  0.9673  0.9663  0.9659  0.9655  0.9651
2025-10-07 10:55:15 [INFO] [evolutionary_search.cc:727] Got 64 candidate(s) with evolutionary search
2025-10-07 10:55:15 [INFO] [evolutionary_search.cc:730] Sending 64 candidates(s) for measurement
2025-10-07 10:55:53 [INFO] [task_scheduler.cc:131] [Task #0: main] Trial #65: GFLOPs: 3541.3080. Time: 65.2897 us. Best GFLOPs: 8474.7906
2025-10-07 10:55:53 [INFO] [task_scheduler.cc:121] [Task #0: main] Trial #66: Error in building:
LocalBuilder: An exception occurred
Traceback (most recent call last):
  File "/workspace/tvm-dev/python/tvm/exec/popen_worker.py", line 87, in main
    result = fn(*args, **kwargs)
             ^^^^^^^^^^^^^^^^^^^
  File "/workspace/tvm-dev/python/tvm/meta_schedule/builder/local_builder.py", line 165, in <lambda>
    lambda x: _worker_func(*x),
              ^^^^^^^^^^^^^^^^
  File "/workspace/tvm-dev/python/tvm/meta_schedule/builder/local_builder.py", line 231, in _worker_func
    rt_mod: Module = f_build(mod, target, _deserialize_params(params))
                     ^^^^^^^^^^^^^^^^^^^^^^^^^^^^^^^^^^^^^^^^^^^^^^^^^
  File "/workspace/tvm-dev/python/tvm/_ffi/_ctypes/packed_func.py", line 245, in __call__
    raise_last_ffi_error()
  File "/workspace/tvm-dev/python/tvm/_ffi/base.py", line 481, in raise_last_ffi_error
    raise py_err
  File "/workspace/tvm-dev/python/tvm/meta_schedule/builder/local_builder.py", line 261, in default_build
    return tvm_build(mod, target=target)
           ^^^^^^^^^^^^^^^^^^^^^^^^^^^^^
  File "/workspace/tvm-dev/python/tvm/driver/build_module.py", line 297, in build
    rt_mod_host = _driver_ffi.tir_to_runtime(annotated_mods, target_host)
                  ^^^^^^^^^^^^^^^^^^^^^^^^^^^^^^^^^^^^^^^^^^^^^^^^^^^^^^^
  File "/workspace/tvm-dev/python/tvm/_ffi/_ctypes/packed_func.py", line 245, in __call__
    raise_last_ffi_error()
  File "/workspace/tvm-dev/python/tvm/_ffi/base.py", line 481, in raise_last_ffi_error
    raise py_err
ValueError: Traceback (most recent call last):
  34: tvm::runtime::PackedFuncObj::Extractor<tvm::runtime::PackedFuncSubObj<tvm::runtime::TypedPackedFunc<tvm::runtime::Module (tvm::runtime::Map<tvm::Target, tvm::IRModule, void, void> const&, tvm::Target)>::AssignTypedLambda<tvm::__mk_TVM24::{lambda(tvm::runtime::Map<tvm::Target, tvm::IRModule, void, void> const&, tvm::Target)#1}>(tvm::__mk_TVM24::{lambda(tvm::runtime::Map<tvm::Target, tvm::IRModule, void, void> const&, tvm::Target)#1}, std::__cxx11::basic_string<char, std::char_traits<char>, std::allocator<char> >)::{lambda(tvm::runtime::TVMArgs const&, tvm::runtime::TVMRetValue*)#1}> >::Call(tvm::runtime::PackedFuncObj const*, std::__cxx11::basic_string<char, std::char_traits<char>, std::allocator<char> >, tvm::runtime::TVMRetValue)
  33: tvm::TIRToRuntime(tvm::runtime::Map<tvm::Target, tvm::IRModule, void, void> const&, tvm::Target const&)
  32: tvm::codegen::Build(tvm::IRModule, tvm::Target)
  31: _ZN3tvm7runtime13PackedFuncObj
  30: tvm::runtime::TypedPackedFunc<tvm::runtime::Module (tvm::IRModule, tvm::Target)>::AssignTypedLambda<tvm::runtime::Module (*)(tvm::IRModule, tvm::Target)>(tvm::runtime::Module (*)(tvm::IRModule, tvm::Target), std::__cxx11::basic_string<char, std::char_traits<char>, std::allocator<char> >)::{lambda(tvm::runtime::TVMArgs const&, tvm::runtime::TVMRetValue*)#1}::operator()(tvm::runtime::TVMArgs const&, tvm::runtime::TVMRetValue*) const
  29: tvm::codegen::BuildCUDA(tvm::IRModule, tvm::Target)
  28: tvm::codegen::CodeGenC::AddFunction(tvm::GlobalVar const&, tvm::tir::PrimFunc const&)
  27: tvm::codegen::CodeGenCUDA::VisitStmt_(tvm::tir::AllocateNode const*)
  26: tvm::codegen::CodeGenCUDA::VisitStmt_(tvm::tir::AllocateNode const*)
  25: tvm::codegen::CodeGenCUDA::VisitStmt_(tvm::tir::AllocateNode const*)
  24: tvm::codegen::CodeGenCUDA::VisitStmt_(tvm::tir::AllocateNode const*)
  23: tvm::codegen::CodeGenC::VisitStmt_(tvm::tir::SeqStmtNode const*)
  22: tvm::codegen::CodeGenC::VisitStmt_(tvm::tir::ForNode const*)
  21: tvm::codegen::CodeGenC::VisitStmt_(tvm::tir::SeqStmtNode const*)
  20: tvm::codegen::CodeGenC::VisitStmt_(tvm::tir::ForNode const*)
  19: tvm::codegen::CodeGenC::VisitStmt_(tvm::tir::BufferStoreNode const*)
  18: tvm::codegen::CodeGenC::PrintExpr[abi:cxx11](tvm::PrimExpr const&)
  17: tvm::codegen::CodeGenC::VisitExpr_(tvm::tir::BufferLoadNode const*, std::ostream&)
  16: tvm::codegen::CodeGenC::PrintExpr[abi:cxx11](tvm::PrimExpr const&)
  15: void tvm::codegen::PrintBinaryExpr<tvm::tir::AddNode>(tvm::tir::AddNode const*, char const*, std::ostream&, tvm::codegen::CodeGenC*)
  14: tvm::codegen::CodeGenCUDA::PrintVecBinaryOp(std::__cxx11::basic_string<char, std::char_traits<char>, std::allocator<char> > const&, tvm::runtime::DataType, tvm::PrimExpr, tvm::PrimExpr, std::ostream&)
  13: tvm::codegen::CodeGenC::PrintExpr[abi:cxx11](tvm::PrimExpr const&)
  12: void tvm::codegen::PrintBinaryExpr<tvm::tir::AddNode>(tvm::tir::AddNode const*, char const*, std::ostream&, tvm::codegen::CodeGenC*)
  11: tvm::codegen::CodeGenCUDA::PrintVecBinaryOp(std::__cxx11::basic_string<char, std::char_traits<char>, std::allocator<char> > const&, tvm::runtime::DataType, tvm::PrimExpr, tvm::PrimExpr, std::ostream&)
  10: tvm::codegen::CodeGenC::PrintExpr[abi:cxx11](tvm::PrimExpr const&)
  9: void tvm::codegen::PrintBinaryExpr<tvm::tir::AddNode>(tvm::tir::AddNode const*, char const*, std::ostream&, tvm::codegen::CodeGenC*)
  8: tvm::codegen::CodeGenCUDA::PrintVecBinaryOp(std::__cxx11::basic_string<char, std::char_traits<char>, std::allocator<char> > const&, tvm::runtime::DataType, tvm::PrimExpr, tvm::PrimExpr, std::ostream&)
  7: tvm::codegen::CodeGenC::PrintExpr[abi:cxx11](tvm::PrimExpr const&)
  6: void tvm::codegen::PrintBinaryExpr<tvm::tir::MulNode>(tvm::tir::MulNode const*, char const*, std::ostream&, tvm::codegen::CodeGenC*)
  5: tvm::codegen::CodeGenCUDA::PrintVecBinaryOp(std::__cxx11::basic_string<char, std::char_traits<char>, std::allocator<char> > const&, tvm::runtime::DataType, tvm::PrimExpr, tvm::PrimExpr, std::ostream&)
  4: tvm::codegen::CodeGenC::PrintExpr[abi:cxx11](tvm::PrimExpr const&)
  3: void tvm::codegen::PrintBinaryExpr<tvm::tir::DivNode>(tvm::tir::DivNode const*, char const*, std::ostream&, tvm::codegen::CodeGenC*)
  2: tvm::codegen::CodeGenCUDA::PrintVecBinaryOp(std::__cxx11::basic_string<char, std::char_traits<char>, std::allocator<char> > const&, tvm::runtime::DataType, tvm::PrimExpr, tvm::PrimExpr, std::ostream&)
  1: tvm::codegen::CodeGenC::PrintExpr[abi:cxx11](tvm::PrimExpr const&)
  0: tvm::codegen::CodeGenCUDA::VisitExpr_(tvm::tir::RampNode const*, std::ostream&)
  File "/workspace/tvm-dev/src/target/source/codegen_cuda.cc", line 1204
ValueError: Check failed: lanes <= 4 (8 vs. 4) : Ramp of more than 4 lanes is not allowed.

# from tvm.script import ir as I
# from tvm.script import tir as T

@I.ir_module
class Module:
    @T.prim_func
    def main(A: T.Buffer((1, 256, 14, 14), "float16"), W: T.Buffer((256, 256, 3, 3), "float16"), conv2d_nchw: T.Buffer((1, 256, 14, 14), "float16")):
        T.func_attr({"tir.noalias": T.bool(True)})
        # with T.block("root"):
        conv2d_nchw_reindex_pad_shared_dyn = T.alloc_buffer((13, 8, 1, 2, 16, 16), "float16", scope="shared.dyn")
        conv2d_nchw_reindex_pad_shared_dyn_wmma_accumulator = T.alloc_buffer((13, 8, 1, 2, 16, 16), "float16", scope="wmma.accumulator")
        pad_temp_reindex_pad_shared_dyn = T.alloc_buffer((208, 2304), "float16", scope="shared.dyn")
        W_reindex_shared_dyn = T.alloc_buffer((256, 2304), "float16", scope="shared.dyn")
        pad_temp_reindex_pad_shared_dyn_wmma_matrix_a = T.alloc_buffer((208, 2304), "float16", scope="wmma.matrix_a")
        W_reindex_shared_dyn_wmma_matrix_b = T.alloc_buffer((256, 2304), "float16", scope="wmma.matrix_b")
        for ax0_0_0_ax1_0_0_fused in T.thread_binding(4, thread="blockIdx.y"):
            for ax0_0_1_ax1_0_1_fused in T.thread_binding(13, thread="blockIdx.x"):
                for ax0_0_2_ax1_0_2_fused in T.thread_binding(2, thread="threadIdx.y"):
                    for ax0_0_3_init, ax1_0_3_init, ax0_0_4_init, ax1_0_4_init in T.grid(1, 2, 1, 1):
                        with T.block("conv2d_nchw_o_init"):
                            v0_o = T.axis.spatial(13, ax0_0_1_ax1_0_1_fused + ax0_0_3_init + ax0_0_4_init)
                            v1_o = T.axis.spatial(16, ax0_0_0_ax1_0_0_fused * 4 + ax0_0_2_ax1_0_2_fused * 2 + ax1_0_3_init + ax1_0_4_init)
                            T.reads()
                            T.writes(conv2d_nchw_reindex_pad_shared_dyn_wmma_accumulator[v0_o, v1_o // 2, 0, v1_o % 2, 0:16, 0:16])
                            T.block_attr({"meta_schedule.thread_extent_high_inclusive": 1024, "meta_schedule.thread_extent_low_inclusive": 32, "warp_execution": 1})
                            C = T.match_buffer(conv2d_nchw_reindex_pad_shared_dyn_wmma_accumulator[v0_o, v1_o // 2, 0, v1_o % 2, 0:16, 0:16], (16, 16), "float16", strides=("C_s0", "C_s1"), scope="wmma.accumulator", offset_factor=16)
                            T.tvm_fill_fragment(C.data, 16, 16, 16, C.elem_offset // C.strides[0] // 16 * (C.strides[0] // 16) + C.elem_offset % C.strides[0] // 16, T.float32(0.0))
                    for ax2_0_0 in range(72):
                        for ax0_ax1_fused_0 in range(8):
                            for ax0_ax1_fused_1 in T.thread_binding(2, thread="threadIdx.y"):
                                for ax0_ax1_fused_2 in T.thread_binding(32, thread="threadIdx.x"):
                                    with T.block("pad_temp_reindex_pad_shared.dyn"):
                                        v0 = T.axis.spatial(208, ax0_0_1_ax1_0_1_fused * 16 + (ax0_ax1_fused_0 * 64 + ax0_ax1_fused_1 * 32 + ax0_ax1_fused_2) // 32)
                                        v1 = T.axis.spatial(2304, ax2_0_0 * 32 + (ax0_ax1_fused_0 * 64 + ax0_ax1_fused_1 * 32 + ax0_ax1_fused_2) % 32)
                                        T.reads(A[0, v1 // 9, v0 // 14 + v1 % 9 // 3 - 1, v0 % 14 + v1 % 3 - 1])
                                        T.writes(pad_temp_reindex_pad_shared_dyn[v0, v1])
                                        T.block_attr({"buffer_dim_align": [[0, 0, 32, 8]]})
                                        pad_temp_reindex_pad_shared_dyn[v0, v1] = T.if_then_else(v0 < 196, T.if_then_else(1 <= v0 // 14 + v1 % 9 // 3 and v0 // 14 + v1 % 9 // 3 < 15 and 1 <= v0 % 14 + v1 % 3 and v0 % 14 + v1 % 3 < 15, A[0, v1 // 9, v0 // 14 + v1 % 9 // 3 - 1, v0 % 14 + v1 % 3 - 1], T.float16(0.0)), T.float16(0.0))
                        for ax0_ax1_fused_0 in range(4):
                            for ax0_ax1_fused_1 in T.thread_binding(2, thread="threadIdx.y"):
                                for ax0_ax1_fused_2 in T.thread_binding(32, thread="threadIdx.x"):
                                    for ax0_ax1_fused_3 in T.vectorized(8):
                                        with T.block("W_reindex_shared.dyn"):
                                            v0 = T.axis.spatial(256, ax0_0_0_ax1_0_0_fused * 64 + (ax0_ax1_fused_0 * 512 + ax0_ax1_fused_1 * 256 + ax0_ax1_fused_2 * 8 + ax0_ax1_fused_3) // 32)
                                            v1 = T.axis.spatial(2304, ax2_0_0 * 32 + (ax0_ax1_fused_0 * 512 + ax0_ax1_fused_1 * 256 + ax0_ax1_fused_2 * 8 + ax0_ax1_fused_3) % 32)
                                            T.reads(W[v0, v1 // 9, v1 % 9 // 3, v1 % 3])
                                            T.writes(W_reindex_shared_dyn[v0, v1])
                                            T.block_attr({"buffer_dim_align": [[0, 0, 32, 8]]})
                                            W_reindex_shared_dyn[v0, v1] = W[v0, v1 // 9, v1 % 9 // 3, v1 % 3]
                        for ax2_0_1 in range(2):
                            for ax0_0, ax1_0 in T.grid(1, 1):
                                with T.block("pad_temp_reindex_pad_shared.dyn_wmma.matrix_a_o"):
                                    v0_o = T.axis.spatial(13, ax0_0_1_ax1_0_1_fused + ax0_0)
                                    v1_o = T.axis.spatial(144, ax2_0_0 * 2 + ax2_0_1 + ax1_0)
                                    T.reads(pad_temp_reindex_pad_shared_dyn[v0_o * 16:v0_o * 16 + 16, v1_o * 16:v1_o * 16 + 16])
                                    T.writes(pad_temp_reindex_pad_shared_dyn_wmma_matrix_a[v0_o * 16:v0_o * 16 + 16, v1_o * 16:v1_o * 16 + 16])
                                    A_1 = T.match_buffer(pad_temp_reindex_pad_shared_dyn[v0_o * 16:v0_o * 16 + 16, v1_o * 16:v1_o * 16 + 16], (16, 16), "float16", strides=("A_s0", "A_s1"), scope="shared.dyn", offset_factor=16)
                                    C = T.match_buffer(pad_temp_reindex_pad_shared_dyn_wmma_matrix_a[v0_o * 16:v0_o * 16 + 16, v1_o * 16:v1_o * 16 + 16], (16, 16), "float16", strides=("C_s0", "C_s1"), scope="wmma.matrix_a", offset_factor=16)
                                    T.tvm_load_matrix_sync(C.data, 16, 16, 16, C.elem_offset // C.strides[0] // 16 * (C.strides[0] // 16) + C.elem_offset % C.strides[0] // 16, T.tvm_access_ptr(T.type_annotation("float16"), A_1.data, A_1.elem_offset, A_1.strides[0] * 16, 1), A_1.strides[0], "row_major")
                            for ax0_0, ax1_0 in T.grid(2, 1):
                                with T.block("W_reindex_shared.dyn_wmma.matrix_b_o"):
                                    v0_o = T.axis.spatial(16, ax0_0_0_ax1_0_0_fused * 4 + ax0_0_2_ax1_0_2_fused * 2 + ax0_0)
                                    v1_o = T.axis.spatial(144, ax2_0_0 * 2 + ax2_0_1 + ax1_0)
                                    T.reads(W_reindex_shared_dyn[v0_o * 16:v0_o * 16 + 16, v1_o * 16:v1_o * 16 + 16])
                                    T.writes(W_reindex_shared_dyn_wmma_matrix_b[v0_o * 16:v0_o * 16 + 16, v1_o * 16:v1_o * 16 + 16])
                                    A_1 = T.match_buffer(W_reindex_shared_dyn[v0_o * 16:v0_o * 16 + 16, v1_o * 16:v1_o * 16 + 16], (16, 16), "float16", strides=("A_s0", "A_s1"), scope="shared.dyn", offset_factor=16)
                                    C = T.match_buffer(W_reindex_shared_dyn_wmma_matrix_b[v0_o * 16:v0_o * 16 + 16, v1_o * 16:v1_o * 16 + 16], (16, 16), "float16", strides=("C_s0", "C_s1"), scope="wmma.matrix_b", offset_factor=16)
                                    T.tvm_load_matrix_sync(C.data, 16, 16, 16, C.elem_offset // C.strides[0] // 16 * (C.strides[0] // 16) + C.elem_offset % C.strides[0] // 16, T.tvm_access_ptr(T.type_annotation("float16"), A_1.data, A_1.elem_offset, A_1.strides[0] * 16, 1), A_1.strides[0], "col_major")
                            for ax0_0_3, ax1_0_3, ax2_0_2, ax0_0_4, ax1_0_4 in T.grid(1, 2, 1, 1, 1):
                                with T.block("conv2d_nchw_o_update"):
                                    v0_o = T.axis.spatial(13, ax0_0_1_ax1_0_1_fused + ax0_0_3 + ax0_0_4)
                                    v1_o = T.axis.spatial(16, ax0_0_0_ax1_0_0_fused * 4 + ax0_0_2_ax1_0_2_fused * 2 + ax1_0_3 + ax1_0_4)
                                    v2_o = T.axis.reduce(144, ax2_0_0 * 2 + ax2_0_1 + ax2_0_2)
                                    T.reads(conv2d_nchw_reindex_pad_shared_dyn_wmma_accumulator[v0_o, v1_o // 2, 0, v1_o % 2, 0:16, 0:16], pad_temp_reindex_pad_shared_dyn_wmma_matrix_a[v0_o * 16:v0_o * 16 + 16, v2_o * 16:v2_o * 16 + 16], W_reindex_shared_dyn_wmma_matrix_b[v1_o * 16:v1_o * 16 + 16, v2_o * 16:v2_o * 16 + 16])
                                    T.writes(conv2d_nchw_reindex_pad_shared_dyn_wmma_accumulator[v0_o, v1_o // 2, 0, v1_o % 2, 0:16, 0:16])
                                    T.block_attr({"meta_schedule.thread_extent_high_inclusive": 1024, "meta_schedule.thread_extent_low_inclusive": 32, "warp_execution": 1})
                                    A_1 = T.match_buffer(pad_temp_reindex_pad_shared_dyn_wmma_matrix_a[v0_o * 16:v0_o * 16 + 16, v2_o * 16:v2_o * 16 + 16], (16, 16), "float16", strides=("A_s0", "A_s1"), scope="wmma.matrix_a", offset_factor=16)
                                    B = T.match_buffer(W_reindex_shared_dyn_wmma_matrix_b[v1_o * 16:v1_o * 16 + 16, v2_o * 16:v2_o * 16 + 16], (16, 16), "float16", strides=("B_s0", "B_s1"), scope="wmma.matrix_b", offset_factor=16)
                                    C = T.match_buffer(conv2d_nchw_reindex_pad_shared_dyn_wmma_accumulator[v0_o, v1_o // 2, 0, v1_o % 2, 0:16, 0:16], (16, 16), "float16", strides=("C_s0", "C_s1"), scope="wmma.accumulator", offset_factor=16)
                                    T.tvm_mma_sync(C.data, C.elem_offset // C.strides[0] // 16 * (C.strides[0] // 16) + C.elem_offset % C.strides[0] // 16, A_1.data, A_1.elem_offset // A_1.strides[0] // 16 * (A_1.strides[0] // 16) + A_1.elem_offset % A_1.strides[0] // 16, B.data, B.elem_offset // B.strides[0] // 16 * (B.strides[0] // 16) + B.elem_offset % B.strides[0] // 16, C.data, C.elem_offset // C.strides[0] // 16 * (C.strides[0] // 16) + C.elem_offset % C.strides[0] // 16)
                for ax2 in range(1):
                    for ax0_ax1_fused in T.thread_binding(2, thread="threadIdx.y"):
                        for ax2_1, ax3 in T.grid(1, 2):
                            with T.block("conv2d_nchw_reindex_pad_shared.dyn_wmma.accumulator_o"):
                                v0_o = T.axis.spatial(13, ax0_0_1_ax1_0_1_fused)
                                v1_o = T.axis.spatial(8, ax0_0_0_ax1_0_0_fused * 2 + ax0_ax1_fused)
                                v2_o, v3_o = T.axis.remap("SS", [ax2_1, ax3])
                                v4_o = T.axis.spatial(1, 0)
                                v5_o = T.axis.spatial(1, 0)
                                T.reads(conv2d_nchw_reindex_pad_shared_dyn_wmma_accumulator[v0_o, v1_o, v2_o, v3_o, 0:16, 0:16])
                                T.writes(conv2d_nchw_reindex_pad_shared_dyn[v0_o, v1_o, v2_o, v3_o, 0:16, 0:16])
                                A_1 = T.match_buffer(conv2d_nchw_reindex_pad_shared_dyn_wmma_accumulator[v0_o, v1_o, v2_o, v3_o, 0:16, 0:16], (16, 16), "float16", strides=("A_s0", "A_s1"), scope="wmma.accumulator", offset_factor=16)
                                C = T.match_buffer(conv2d_nchw_reindex_pad_shared_dyn[v0_o, v1_o, v2_o, v3_o, 0:16, 0:16], (16, 16), "float16", strides=("C_s0", "C_s1"), scope="shared.dyn", offset_factor=16)
                                T.tvm_store_matrix_sync(A_1.data, 16, 16, 16, A_1.elem_offset // A_1.strides[0] // 16 * (A_1.strides[0] // 16) + A_1.elem_offset % A_1.strides[0] // 16, T.tvm_access_ptr(T.type_annotation("float16"), C.data, C.elem_offset, C.strides[0] * 16, 2), C.strides[0], "row_major")
                    for ax0_ax1_ax3_ax4_ax5_fused_0 in range(16):
                        for ax0_ax1_ax3_ax4_ax5_fused_1 in T.thread_binding(2, thread="threadIdx.y"):
                            for ax0_ax1_ax3_ax4_ax5_fused_2 in T.thread_binding(32, thread="threadIdx.x"):
                                with T.block("conv2d_nchw_reindex_pad_shared.dyn"):
                                    v0 = T.axis.spatial(13, ax0_0_1_ax1_0_1_fused)
                                    v1 = T.axis.spatial(8, ax0_0_0_ax1_0_0_fused * 2 + (ax0_ax1_ax3_ax4_ax5_fused_0 * 64 + ax0_ax1_ax3_ax4_ax5_fused_1 * 32 + ax0_ax1_ax3_ax4_ax5_fused_2) // 512)
                                    v2 = T.axis.spatial(1, ax2)
                                    v3 = T.axis.spatial(2, (ax0_ax1_ax3_ax4_ax5_fused_0 * 64 + ax0_ax1_ax3_ax4_ax5_fused_1 * 32 + ax0_ax1_ax3_ax4_ax5_fused_2) % 512 // 256)
                                    v4 = T.axis.spatial(16, (ax0_ax1_ax3_ax4_ax5_fused_0 * 64 + ax0_ax1_ax3_ax4_ax5_fused_1 * 32 + ax0_ax1_ax3_ax4_ax5_fused_2) % 256 // 16)
                                    v5 = T.axis.spatial(16, (ax0_ax1_ax3_ax4_ax5_fused_0 * 64 + ax0_ax1_ax3_ax4_ax5_fused_1 * 32 + ax0_ax1_ax3_ax4_ax5_fused_2) % 16)
                                    T.where(ax0_0_1_ax1_0_1_fused * 16 + T.Mul(0, 16) + ((ax0_ax1_ax3_ax4_ax5_fused_0 * 2 + ax0_ax1_ax3_ax4_ax5_fused_1) * 32 + ax0_ax1_ax3_ax4_ax5_fused_2) % 256 // 16 < 196)
                                    T.reads(conv2d_nchw_reindex_pad_shared_dyn[v0, v1, v2, v3, v4, v5])
                                    T.writes(conv2d_nchw[0, v5 + v3 * 16 + v1 * 32, (v4 + v0 * 16) // 14, (v4 + v0 * 16) % 14])
                                    conv2d_nchw[0, v5 + v3 * 16 + v1 * 32, (v4 + v0 * 16) // 14, (v4 + v0 * 16) % 14] = conv2d_nchw_reindex_pad_shared_dyn[v0, v1, v2, v3, v4, v5]
b0 = sch.get_block(name="pad_temp", func_name="main")
b1 = sch.get_block(name="conv2d_nchw", func_name="main")
b2 = sch.get_block(name="root", func_name="main")
sch.annotate(block_or_loop=b1, ann_key="meta_schedule.tiling_structure", ann_val="SSSRRSRS")
b3 = sch.reindex(block=b1, buffer=("write", 0))
b4 = sch.reindex(block=b1, buffer=("read", 0))
b5 = sch.reindex(block=b1, buffer=("read", 1))
sch.transform_layout(block=b1, buffer=("read", 0), index_map=lambda v_nn, v_yy, v_xx, v_rc, v_ry, v_rx: (v_nn * 196 + v_yy * 14 + v_xx, v_rc * 9 + v_ry * 3 + v_rx,), pad_value=None, assume_injective_transform=True)
sch.transform_layout(block=b1, buffer=("read", 1), index_map=lambda v_ff, v_rc, v_ry, v_rx: (v_ff, v_rc * 9 + v_ry * 3 + v_rx,), pad_value=None, assume_injective_transform=True)
sch.transform_layout(block=b1, buffer=("write", 0), index_map=lambda v_nn, v_ff, v_yy, v_xx: (v_nn * 196 + v_yy * 14 + v_xx, v_ff,), pad_value=None, assume_injective_transform=True)
sch.transform_block_layout(block=b3, index_map=lambda v_nn, v_ff, v_yy, v_xx: (v_nn * 196 + v_yy * 14 + v_xx, v_ff,))
sch.transform_block_layout(block=b4, index_map=lambda v_nn, v_yy, v_xx, v_rc, v_ry, v_rx: (v_nn * 196 + v_yy * 14 + v_xx, v_rc * 9 + v_ry * 3 + v_rx,))
sch.transform_block_layout(block=b5, index_map=lambda v_ff, v_rc, v_ry, v_rx: (v_ff, v_rc * 9 + v_ry * 3 + v_rx,))
sch.transform_block_layout(block=b1, index_map=lambda v_nn, v_ff, v_yy, v_xx, v_rc, v_ry, v_rx: (v_nn * 196 + v_yy * 14 + v_xx, v_ff, v_rc * 9 + v_ry * 3 + v_rx,))
sch.pad_einsum(block=b1, padding=[16, 1, 1])
b6, b7 = sch.get_producers(block=b1)
b8, = sch.get_producers(block=b6)
b9, = sch.get_consumers(block=b1)
sch.compute_inline(block=b8)
sch.compute_inline(block=b9)
l10, l11, l12 = sch.get_loops(block=b1)
l13, l14 = sch.split(loop=l12, factors=[None, 16], preserve_unit_iters=True, disable_predication=False)
l15, l16 = sch.split(loop=l11, factors=[None, 16], preserve_unit_iters=True, disable_predication=False)
l17, l18 = sch.split(loop=l10, factors=[None, 16], preserve_unit_iters=True, disable_predication=False)
l19, l20, l21, l22, l23, l24 = sch.get_loops(block=b1)
sch.reorder(l21, l23, l18, l16, l14)
b25 = sch.blockize(target=l18, preserve_unit_iters=True)
sch.annotate(block_or_loop=b25, ann_key="meta_schedule.auto_tensorize", ann_val="wmma_sync_16x16x16_f16f16f16_trans")
sch.annotate(block_or_loop=b25, ann_key="meta_schedule.auto_tensorize_init", ann_val="wmma_fill_16x16x16_f16")
sch.annotate(block_or_loop=b25, ann_key="warp_execution", ann_val=1)
l26, l27, l28 = sch.get_loops(block=b25)
v29, v30, v31, v32, v33 = sch.sample_perfect_tile(loop=l26, n=5, max_innermost_factor=4, decision=[1, 13, 1, 1, 1])
l34, l35, l36, l37, l38 = sch.split(loop=l26, factors=[v29, v30, v31, v32, v33], preserve_unit_iters=True, disable_predication=False)
v39, v40, v41, v42, v43 = sch.sample_perfect_tile(loop=l27, n=5, max_innermost_factor=4, decision=[4, 1, 2, 2, 1])
l44, l45, l46, l47, l48 = sch.split(loop=l27, factors=[v39, v40, v41, v42, v43], preserve_unit_iters=True, disable_predication=False)
v49, v50, v51 = sch.sample_perfect_tile(loop=l28, n=3, max_innermost_factor=4, decision=[72, 2, 1])
l52, l53, l54 = sch.split(loop=l28, factors=[v49, v50, v51], preserve_unit_iters=True, disable_predication=False)
sch.reorder(l34, l44, l35, l45, l36, l46, l52, l53, l37, l47, l54, l38, l48)
l55 = sch.fuse(l34, l44, preserve_unit_iters=True)
sch.bind(loop=l55, thread_axis="blockIdx.y")
l56 = sch.fuse(l35, l45, preserve_unit_iters=True)
sch.bind(loop=l56, thread_axis="blockIdx.x")
l57 = sch.fuse(l36, l46, preserve_unit_iters=True)
sch.bind(loop=l57, thread_axis="threadIdx.y")
sch.annotate(block_or_loop=b25, ann_key="meta_schedule.thread_extent_low_inclusive", ann_val=32)
sch.annotate(block_or_loop=b25, ann_key="meta_schedule.thread_extent_high_inclusive", ann_val=1024)
sch.transform_layout(block=b25, buffer=("write", 0), index_map=lambda i0, i1: (i0 // 16 // (v32 * v33), i1 // 16 // (v42 * v43), i0 // 16 % (v32 * v33), i1 // 16 % (v42 * v43), i0 % 16, i1 % 16,), pad_value=None, assume_injective_transform=True)
b58 = sch.cache_write(block=b25, write_buffer_index=0, storage_scope="shared.dyn")
sch.reverse_compute_at(block=b58, loop=l56, preserve_unit_loops=True, index=-1)
b59 = sch.cache_write(block=b25, write_buffer_index=0, storage_scope="wmma.accumulator")
l60, l61, l62, l63, l64, l65, l66, l67 = sch.get_loops(block=b58)
sch.reorder(l64, l62, l63, l65)
sch.compute_at(block=b59, loop=l64, preserve_unit_loops=True, index=-1)
l68, l69, l70, l71, l72, l73, l74, l75, l76 = sch.get_loops(block=b59)
l77 = sch.fuse(l71, l72, preserve_unit_iters=True)
sch.bind(loop=l77, thread_axis="threadIdx.y")
sch.reverse_compute_inline(block=b3)
l78, l79, l80, l81, l82, l83, l84, l85 = sch.get_loops(block=b59)
b86 = sch.blockize(target=l84, preserve_unit_iters=True)
sch.annotate(block_or_loop=b86, ann_key="meta_schedule.auto_tensorize", ann_val="wmma_store_16x16x16_f16_shared_dyn")
l87, l88, l89, l90, l91, l92, l93, l94 = sch.get_loops(block=b58)
l95 = sch.fuse(l90, l91, l92, l93, l94, preserve_unit_iters=True)
v96 = sch.sample_categorical(candidates=[1, 2, 4, 8], probs=[0.25, 0.25, 0.25, 0.25], decision=0)
sch.annotate(block_or_loop=b58, ann_key="meta_schedule.cooperative_fetch", ann_val=v96)
b97 = sch.cache_read(block=b25, read_buffer_index=0, storage_scope="shared.dyn", consumer_blocks=[b25])
sch.compute_at(block=b97, loop=l52, preserve_unit_loops=True, index=-1)
l98, l99, l100, l101, l102, l103 = sch.get_loops(block=b97)
l104 = sch.fuse(l102, l103, preserve_unit_iters=True)
v105 = sch.sample_categorical(candidates=[1, 2, 4, 8], probs=[0.25, 0.25, 0.25, 0.25], decision=0)
sch.annotate(block_or_loop=b97, ann_key="meta_schedule.cooperative_fetch", ann_val=v105)
b106 = sch.cache_read(block=b25, read_buffer_index=1, storage_scope="shared.dyn", consumer_blocks=[b25])
sch.compute_at(block=b106, loop=l52, preserve_unit_loops=True, index=-1)
l107, l108, l109, l110, l111, l112 = sch.get_loops(block=b106)
l113 = sch.fuse(l111, l112, preserve_unit_iters=True)
v114 = sch.sample_categorical(candidates=[1, 2, 4, 8], probs=[0.25, 0.25, 0.25, 0.25], decision=3)
sch.annotate(block_or_loop=b106, ann_key="meta_schedule.cooperative_fetch", ann_val=v114)
b115 = sch.cache_read(block=b25, read_buffer_index=0, storage_scope="wmma.matrix_a")
sch.compute_at(block=b115, loop=l53, preserve_unit_loops=True, index=-1)
l116, l117, l118, l119, l120, l121, l122 = sch.get_loops(block=b115)
l123, l124 = sch.split(loop=l122, factors=[None, 16], preserve_unit_iters=True, disable_predication=False)
l125, l126 = sch.split(loop=l121, factors=[None, 16], preserve_unit_iters=True, disable_predication=False)
l127, l128, l129, l130, l131, l132, l133, l134, l135 = sch.get_loops(block=b115)
sch.reorder(l134, l126, l124)
b136 = sch.blockize(target=l126, preserve_unit_iters=True)
sch.annotate(block_or_loop=b136, ann_key="meta_schedule.auto_tensorize", ann_val="wmma_load_16x16x16_f16_a_shared_dyn")
b137 = sch.cache_read(block=b25, read_buffer_index=1, storage_scope="wmma.matrix_b")
sch.compute_at(block=b137, loop=l53, preserve_unit_loops=True, index=-1)
l138, l139, l140, l141, l142, l143, l144 = sch.get_loops(block=b137)
l145, l146 = sch.split(loop=l144, factors=[None, 16], preserve_unit_iters=True, disable_predication=False)
l147, l148 = sch.split(loop=l143, factors=[None, 16], preserve_unit_iters=True, disable_predication=False)
l149, l150, l151, l152, l153, l154, l155, l156, l157 = sch.get_loops(block=b137)
sch.reorder(l156, l148, l146)
b158 = sch.blockize(target=l148, preserve_unit_iters=True)
sch.annotate(block_or_loop=b158, ann_key="meta_schedule.auto_tensorize", ann_val="wmma_load_16x16x16_f16_b_trans_shared_dyn")
b159, = sch.get_producers(block=b97)
sch.compute_inline(block=b159)
sch.storage_align(block=b97, buffer_index=0, axis=-2, factor=32, offset=8)
b160, = sch.get_producers(block=b106)
sch.compute_inline(block=b160)
sch.storage_align(block=b106, buffer_index=0, axis=-2, factor=32, offset=8)
sch.compute_inline(block=b0)
v161 = sch.sample_categorical(candidates=[0, 16, 64, 512, 1024], probs=[0.20000000000000001, 0.20000000000000001, 0.20000000000000001, 0.20000000000000001, 0.20000000000000001], decision=0)
sch.annotate(block_or_loop=b2, ann_key="meta_schedule.unroll_explicit", ann_val=v161)
sch.enter_postproc()
sch.unannotate(block_or_loop=b58, ann_key="meta_schedule.cooperative_fetch")
l162, l163, l164, l165 = sch.get_loops(block=b58)
l166, l167, l168 = sch.split(loop=l165, factors=[None, 2, 32], preserve_unit_iters=True, disable_predication=False)
sch.bind(loop=l168, thread_axis="threadIdx.x")
sch.bind(loop=l167, thread_axis="threadIdx.y")
sch.unannotate(block_or_loop=b97, ann_key="meta_schedule.cooperative_fetch")
l169, l170, l171, l172, l173 = sch.get_loops(block=b97)
l174, l175, l176 = sch.split(loop=l173, factors=[None, 2, 32], preserve_unit_iters=True, disable_predication=False)
sch.bind(loop=l176, thread_axis="threadIdx.x")
sch.bind(loop=l175, thread_axis="threadIdx.y")
sch.unannotate(block_or_loop=b106, ann_key="meta_schedule.cooperative_fetch")
l177, l178, l179, l180, l181 = sch.get_loops(block=b106)
l182, l183, l184, l185 = sch.split(loop=l181, factors=[None, 2, 32, 8], preserve_unit_iters=True, disable_predication=False)
sch.vectorize(loop=l185)
sch.bind(loop=l184, thread_axis="threadIdx.x")
sch.bind(loop=l183, thread_axis="threadIdx.y")
b186 = sch.get_block(name="root", func_name="main")
sch.unannotate(block_or_loop=b186, ann_key="meta_schedule.unroll_explicit")
b187, b188, b189, b190, b191, b192, b193 = sch.get_child_blocks(b186)
l194, l195, l196, l197, l198, l199, l200 = sch.get_loops(block=b187)
l201, l202, l203, l204, l205, l206, l207, l208 = sch.get_loops(block=b188)
l209, l210, l211, l212, l213, l214, l215 = sch.get_loops(block=b189)
l216, l217, l218, l219, l220, l221, l222 = sch.get_loops(block=b190)
l223, l224, l225, l226, l227, l228, l229, l230, l231, l232 = sch.get_loops(block=b191)
l233, l234, l235, l236, l237, l238 = sch.get_loops(block=b192)
l239, l240, l241, l242, l243, l244 = sch.get_loops(block=b193)
b245 = sch.get_block(name="conv2d_nchw_o", func_name="main")
l246, l247, l248, l249, l250, l251, l252, l253, l254, l255 = sch.get_loops(block=b245)
b256 = sch.decompose_reduction(block=b245, loop=l249)
sch.unannotate(block_or_loop=b256, ann_key="meta_schedule.auto_tensorize")
sch.annotate(block_or_loop=b256, ann_key="meta_schedule.auto_tensorize", ann_val="wmma_fill_16x16x16_f16")
sch.unannotate(block_or_loop=b245, ann_key="meta_schedule.auto_tensorize_init")
sch.unannotate(block_or_loop=b256, ann_key="meta_schedule.auto_tensorize_init")
b257 = sch.get_block(name="conv2d_nchw_o_init", func_name="main")
sch.unannotate(block_or_loop=b257, ann_key="meta_schedule.auto_tensorize")
sch.tensorize(block_or_loop=b257, tensor_intrin="wmma_fill_16x16x16_f16", preserve_unit_iters=True)
b258 = sch.get_block(name="pad_temp_reindex_pad_shared.dyn_wmma.matrix_a_o", func_name="main")
sch.unannotate(block_or_loop=b258, ann_key="meta_schedule.auto_tensorize")
sch.tensorize(block_or_loop=b258, tensor_intrin="wmma_load_16x16x16_f16_a_shared_dyn", preserve_unit_iters=True)
b259 = sch.get_block(name="W_reindex_shared.dyn_wmma.matrix_b_o", func_name="main")
sch.unannotate(block_or_loop=b259, ann_key="meta_schedule.auto_tensorize")
sch.tensorize(block_or_loop=b259, tensor_intrin="wmma_load_16x16x16_f16_b_trans_shared_dyn", preserve_unit_iters=True)
b260 = sch.get_block(name="conv2d_nchw_o_update", func_name="main")
sch.unannotate(block_or_loop=b260, ann_key="meta_schedule.auto_tensorize")
sch.tensorize(block_or_loop=b260, tensor_intrin="wmma_sync_16x16x16_f16f16f16_trans", preserve_unit_iters=True)
b261 = sch.get_block(name="conv2d_nchw_reindex_pad_shared.dyn_wmma.accumulator_o", func_name="main")
sch.unannotate(block_or_loop=b261, ann_key="meta_schedule.auto_tensorize")
sch.tensorize(block_or_loop=b261, tensor_intrin="wmma_store_16x16x16_f16_shared_dyn", preserve_unit_iters=True)
2025-10-07 10:55:53 [INFO] [task_scheduler.cc:131] [Task #0: main] Trial #67: GFLOPs: 1446.9918. Time: 159.7874 us. Best GFLOPs: 8474.7906
2025-10-07 10:55:53 [INFO] [task_scheduler.cc:131] [Task #0: main] Trial #68: GFLOPs: 3224.8976. Time: 71.6956 us. Best GFLOPs: 8474.7906
2025-10-07 10:55:53 [INFO] [task_scheduler.cc:131] [Task #0: main] Trial #69: GFLOPs: 1335.4110. Time: 173.1385 us. Best GFLOPs: 8474.7906
2025-10-07 10:55:53 [INFO] [task_scheduler.cc:131] [Task #0: main] Trial #70: GFLOPs: 15013.0315. Time: 15.4007 us. Best GFLOPs: 15013.0315
2025-10-07 10:55:53 [INFO] [task_scheduler.cc:131] [Task #0: main] Trial #71: GFLOPs: 3678.5889. Time: 62.8532 us. Best GFLOPs: 15013.0315
2025-10-07 10:55:53 [INFO] [task_scheduler.cc:131] [Task #0: main] Trial #72: GFLOPs: 1689.4855. Time: 136.8529 us. Best GFLOPs: 15013.0315
2025-10-07 10:55:53 [INFO] [task_scheduler.cc:131] [Task #0: main] Trial #73: GFLOPs: 1377.4589. Time: 167.8533 us. Best GFLOPs: 15013.0315
2025-10-07 10:55:53 [INFO] [task_scheduler.cc:131] [Task #0: main] Trial #74: GFLOPs: 1061.5085. Time: 217.8136 us. Best GFLOPs: 15013.0315
2025-10-07 10:55:53 [INFO] [task_scheduler.cc:131] [Task #0: main] Trial #75: GFLOPs: 249.9797. Time: 924.9192 us. Best GFLOPs: 15013.0315
2025-10-07 10:55:53 [INFO] [task_scheduler.cc:131] [Task #0: main] Trial #76: GFLOPs: 2214.1262. Time: 104.4254 us. Best GFLOPs: 15013.0315
2025-10-07 10:55:53 [INFO] [task_scheduler.cc:121] [Task #0: main] Trial #77: Error in building:
LocalBuilder: An exception occurred
Traceback (most recent call last):
  File "/workspace/tvm-dev/python/tvm/exec/popen_worker.py", line 87, in main
    result = fn(*args, **kwargs)
             ^^^^^^^^^^^^^^^^^^^
  File "/workspace/tvm-dev/python/tvm/meta_schedule/builder/local_builder.py", line 165, in <lambda>
    lambda x: _worker_func(*x),
              ^^^^^^^^^^^^^^^^
  File "/workspace/tvm-dev/python/tvm/meta_schedule/builder/local_builder.py", line 231, in _worker_func
    rt_mod: Module = f_build(mod, target, _deserialize_params(params))
                     ^^^^^^^^^^^^^^^^^^^^^^^^^^^^^^^^^^^^^^^^^^^^^^^^^
  File "/workspace/tvm-dev/python/tvm/_ffi/_ctypes/packed_func.py", line 245, in __call__
    raise_last_ffi_error()
  File "/workspace/tvm-dev/python/tvm/_ffi/base.py", line 481, in raise_last_ffi_error
    raise py_err
  File "/workspace/tvm-dev/python/tvm/meta_schedule/builder/local_builder.py", line 261, in default_build
    return tvm_build(mod, target=target)
           ^^^^^^^^^^^^^^^^^^^^^^^^^^^^^
  File "/workspace/tvm-dev/python/tvm/driver/build_module.py", line 297, in build
    rt_mod_host = _driver_ffi.tir_to_runtime(annotated_mods, target_host)
                  ^^^^^^^^^^^^^^^^^^^^^^^^^^^^^^^^^^^^^^^^^^^^^^^^^^^^^^^
  File "/workspace/tvm-dev/python/tvm/_ffi/_ctypes/packed_func.py", line 245, in __call__
    raise_last_ffi_error()
  File "/workspace/tvm-dev/python/tvm/_ffi/base.py", line 481, in raise_last_ffi_error
    raise py_err
ValueError: Traceback (most recent call last):
  33: tvm::runtime::PackedFuncObj::Extractor<tvm::runtime::PackedFuncSubObj<tvm::runtime::TypedPackedFunc<tvm::runtime::Module (tvm::runtime::Map<tvm::Target, tvm::IRModule, void, void> const&, tvm::Target)>::AssignTypedLambda<tvm::__mk_TVM24::{lambda(tvm::runtime::Map<tvm::Target, tvm::IRModule, void, void> const&, tvm::Target)#1}>(tvm::__mk_TVM24::{lambda(tvm::runtime::Map<tvm::Target, tvm::IRModule, void, void> const&, tvm::Target)#1}, std::__cxx11::basic_string<char, std::char_traits<char>, std::allocator<char> >)::{lambda(tvm::runtime::TVMArgs const&, tvm::runtime::TVMRetValue*)#1}> >::Call(tvm::runtime::PackedFuncObj const*, std::__cxx11::basic_string<char, std::char_traits<char>, std::allocator<char> >, tvm::runtime::TVMRetValue)
  32: tvm::TIRToRuntime(tvm::runtime::Map<tvm::Target, tvm::IRModule, void, void> const&, tvm::Target const&)
  31: tvm::codegen::Build(tvm::IRModule, tvm::Target)
  30: _ZN3tvm7runtime13PackedFuncObj
  29: tvm::runtime::TypedPackedFunc<tvm::runtime::Module (tvm::IRModule, tvm::Target)>::AssignTypedLambda<tvm::runtime::Module (*)(tvm::IRModule, tvm::Target)>(tvm::runtime::Module (*)(tvm::IRModule, tvm::Target), std::__cxx11::basic_string<char, std::char_traits<char>, std::allocator<char> >)::{lambda(tvm::runtime::TVMArgs const&, tvm::runtime::TVMRetValue*)#1}::operator()(tvm::runtime::TVMArgs const&, tvm::runtime::TVMRetValue*) const
  28: tvm::codegen::BuildCUDA(tvm::IRModule, tvm::Target)
  27: tvm::codegen::CodeGenC::AddFunction(tvm::GlobalVar const&, tvm::tir::PrimFunc const&)
  26: tvm::codegen::CodeGenCUDA::VisitStmt_(tvm::tir::AllocateNode const*)
  25: tvm::codegen::CodeGenCUDA::VisitStmt_(tvm::tir::AllocateNode const*)
  24: tvm::codegen::CodeGenCUDA::VisitStmt_(tvm::tir::AllocateNode const*)
  23: tvm::codegen::CodeGenCUDA::VisitStmt_(tvm::tir::AllocateNode const*)
  22: tvm::codegen::CodeGenC::VisitStmt_(tvm::tir::SeqStmtNode const*)
  21: tvm::codegen::CodeGenC::VisitStmt_(tvm::tir::ForNode const*)
  20: tvm::codegen::CodeGenC::VisitStmt_(tvm::tir::SeqStmtNode const*)
  19: tvm::codegen::CodeGenC::VisitStmt_(tvm::tir::BufferStoreNode const*)
  18: tvm::codegen::CodeGenC::PrintExpr[abi:cxx11](tvm::PrimExpr const&)
  17: tvm::codegen::CodeGenC::VisitExpr_(tvm::tir::BufferLoadNode const*, std::ostream&)
  16: tvm::codegen::CodeGenC::PrintExpr[abi:cxx11](tvm::PrimExpr const&)
  15: void tvm::codegen::PrintBinaryExpr<tvm::tir::AddNode>(tvm::tir::AddNode const*, char const*, std::ostream&, tvm::codegen::CodeGenC*)
  14: tvm::codegen::CodeGenCUDA::PrintVecBinaryOp(std::__cxx11::basic_string<char, std::char_traits<char>, std::allocator<char> > const&, tvm::runtime::DataType, tvm::PrimExpr, tvm::PrimExpr, std::ostream&)
  13: tvm::codegen::CodeGenC::PrintExpr[abi:cxx11](tvm::PrimExpr const&)
  12: void tvm::codegen::PrintBinaryExpr<tvm::tir::AddNode>(tvm::tir::AddNode const*, char const*, std::ostream&, tvm::codegen::CodeGenC*)
  11: tvm::codegen::CodeGenCUDA::PrintVecBinaryOp(std::__cxx11::basic_string<char, std::char_traits<char>, std::allocator<char> > const&, tvm::runtime::DataType, tvm::PrimExpr, tvm::PrimExpr, std::ostream&)
  10: tvm::codegen::CodeGenC::PrintExpr[abi:cxx11](tvm::PrimExpr const&)
  9: void tvm::codegen::PrintBinaryExpr<tvm::tir::AddNode>(tvm::tir::AddNode const*, char const*, std::ostream&, tvm::codegen::CodeGenC*)
  8: tvm::codegen::CodeGenCUDA::PrintVecBinaryOp(std::__cxx11::basic_string<char, std::char_traits<char>, std::allocator<char> > const&, tvm::runtime::DataType, tvm::PrimExpr, tvm::PrimExpr, std::ostream&)
  7: tvm::codegen::CodeGenC::PrintExpr[abi:cxx11](tvm::PrimExpr const&)
  6: void tvm::codegen::PrintBinaryExpr<tvm::tir::MulNode>(tvm::tir::MulNode const*, char const*, std::ostream&, tvm::codegen::CodeGenC*)
  5: tvm::codegen::CodeGenCUDA::PrintVecBinaryOp(std::__cxx11::basic_string<char, std::char_traits<char>, std::allocator<char> > const&, tvm::runtime::DataType, tvm::PrimExpr, tvm::PrimExpr, std::ostream&)
  4: tvm::codegen::CodeGenC::PrintExpr[abi:cxx11](tvm::PrimExpr const&)
  3: void tvm::codegen::PrintBinaryExpr<tvm::tir::DivNode>(tvm::tir::DivNode const*, char const*, std::ostream&, tvm::codegen::CodeGenC*)
  2: tvm::codegen::CodeGenCUDA::PrintVecBinaryOp(std::__cxx11::basic_string<char, std::char_traits<char>, std::allocator<char> > const&, tvm::runtime::DataType, tvm::PrimExpr, tvm::PrimExpr, std::ostream&)
  1: tvm::codegen::CodeGenC::PrintExpr[abi:cxx11](tvm::PrimExpr const&)
  0: tvm::codegen::CodeGenCUDA::VisitExpr_(tvm::tir::RampNode const*, std::ostream&)
  File "/workspace/tvm-dev/src/target/source/codegen_cuda.cc", line 1204
ValueError: Check failed: lanes <= 4 (8 vs. 4) : Ramp of more than 4 lanes is not allowed.

# from tvm.script import ir as I
# from tvm.script import tir as T

@I.ir_module
class Module:
    @T.prim_func
    def main(A: T.Buffer((1, 256, 14, 14), "float16"), W: T.Buffer((256, 256, 3, 3), "float16"), conv2d_nchw: T.Buffer((1, 256, 14, 14), "float16")):
        T.func_attr({"tir.noalias": T.bool(True)})
        # with T.block("root"):
        conv2d_nchw_reindex_pad_shared_dyn = T.alloc_buffer((13, 4, 1, 4, 16, 16), "float16", scope="shared.dyn")
        conv2d_nchw_reindex_pad_shared_dyn_wmma_accumulator = T.alloc_buffer((13, 4, 1, 4, 16, 16), "float16", scope="wmma.accumulator")
        pad_temp_reindex_pad_shared_dyn = T.alloc_buffer((208, 2304), "float16", scope="shared.dyn")
        W_reindex_shared_dyn = T.alloc_buffer((256, 2304), "float16", scope="shared.dyn")
        pad_temp_reindex_pad_shared_dyn_wmma_matrix_a = T.alloc_buffer((208, 2304), "float16", scope="wmma.matrix_a")
        W_reindex_shared_dyn_wmma_matrix_b = T.alloc_buffer((256, 2304), "float16", scope="wmma.matrix_b")
        for ax0_0_0_ax1_0_0_fused in T.thread_binding(52, thread="blockIdx.y", annotations={"pragma_auto_unroll_max_step": 512, "pragma_unroll_explicit": 1}):
            for ax0_0_1_ax1_0_1_fused in T.thread_binding(1, thread="blockIdx.x"):
                for ax0_0_2_ax1_0_2_fused in T.thread_binding(1, thread="threadIdx.y"):
                    for ax0_0_3_init, ax1_0_3_init, ax0_0_4_init, ax1_0_4_init in T.grid(1, 2, 1, 2):
                        with T.block("conv2d_nchw_o_init"):
                            v0_o = T.axis.spatial(13, ax0_0_0_ax1_0_0_fused // 4 + ax0_0_3_init + ax0_0_4_init)
                            v1_o = T.axis.spatial(16, ax0_0_0_ax1_0_0_fused % 4 * 4 + ax1_0_3_init * 2 + ax1_0_4_init)
                            T.reads()
                            T.writes(conv2d_nchw_reindex_pad_shared_dyn_wmma_accumulator[v0_o, v1_o // 4, 0, v1_o % 4, 0:16, 0:16])
                            T.block_attr({"meta_schedule.thread_extent_high_inclusive": 1024, "meta_schedule.thread_extent_low_inclusive": 32, "warp_execution": 1})
                            C = T.match_buffer(conv2d_nchw_reindex_pad_shared_dyn_wmma_accumulator[v0_o, v1_o // 4, 0, v1_o % 4, 0:16, 0:16], (16, 16), "float16", strides=("C_s0", "C_s1"), scope="wmma.accumulator", offset_factor=16)
                            T.tvm_fill_fragment(C.data, 16, 16, 16, C.elem_offset // C.strides[0] // 16 * (C.strides[0] // 16) + C.elem_offset % C.strides[0] // 16, T.float32(0.0))
                    for ax2_0_0 in range(24):
                        for ax0_ax1_fused_0 in range(48):
                            for ax0_ax1_fused_1 in T.thread_binding(1, thread="threadIdx.y"):
                                for ax0_ax1_fused_2 in T.thread_binding(32, thread="threadIdx.x"):
                                    with T.block("pad_temp_reindex_pad_shared.dyn"):
                                        v0 = T.axis.spatial(208, ax0_0_0_ax1_0_0_fused // 4 * 16 + (ax0_ax1_fused_0 * 32 + ax0_ax1_fused_1 * 32 + ax0_ax1_fused_2) // 96)
                                        v1 = T.axis.spatial(2304, ax2_0_0 * 96 + (ax0_ax1_fused_0 * 32 + ax0_ax1_fused_1 * 32 + ax0_ax1_fused_2) % 96)
                                        T.reads(A[0, v1 // 9, v0 // 14 + v1 % 9 // 3 - 1, v0 % 14 + v1 % 3 - 1])
                                        T.writes(pad_temp_reindex_pad_shared_dyn[v0, v1])
                                        T.block_attr({"buffer_dim_align": [[0, 0, 32, 8]]})
                                        pad_temp_reindex_pad_shared_dyn[v0, v1] = T.if_then_else(v0 < 196, T.if_then_else(1 <= v0 // 14 + v1 % 9 // 3 and v0 // 14 + v1 % 9 // 3 < 15 and 1 <= v0 % 14 + v1 % 3 and v0 % 14 + v1 % 3 < 15, A[0, v1 // 9, v0 // 14 + v1 % 9 // 3 - 1, v0 % 14 + v1 % 3 - 1], T.float16(0.0)), T.float16(0.0))
                        for ax0_ax1_fused_0 in range(24):
                            for ax0_ax1_fused_1 in T.thread_binding(1, thread="threadIdx.y"):
                                for ax0_ax1_fused_2 in T.thread_binding(32, thread="threadIdx.x"):
                                    for ax0_ax1_fused_3 in T.vectorized(8):
                                        with T.block("W_reindex_shared.dyn"):
                                            v0 = T.axis.spatial(256, ax0_0_0_ax1_0_0_fused % 4 * 64 + (ax0_ax1_fused_0 * 256 + ax0_ax1_fused_1 * 256 + ax0_ax1_fused_2 * 8 + ax0_ax1_fused_3) // 96)
                                            v1 = T.axis.spatial(2304, ax2_0_0 * 96 + (ax0_ax1_fused_0 * 256 + ax0_ax1_fused_1 * 256 + ax0_ax1_fused_2 * 8 + ax0_ax1_fused_3) % 96)
                                            T.reads(W[v0, v1 // 9, v1 % 9 // 3, v1 % 3])
                                            T.writes(W_reindex_shared_dyn[v0, v1])
                                            T.block_attr({"buffer_dim_align": [[0, 0, 32, 8]]})
                                            W_reindex_shared_dyn[v0, v1] = W[v0, v1 // 9, v1 % 9 // 3, v1 % 3]
                        for ax2_0_1 in range(6):
                            for ax0_0, ax1_0 in T.grid(1, 1):
                                with T.block("pad_temp_reindex_pad_shared.dyn_wmma.matrix_a_o"):
                                    v0_o = T.axis.spatial(13, ax0_0_0_ax1_0_0_fused // 4 + ax0_0)
                                    v1_o = T.axis.spatial(144, ax2_0_0 * 6 + ax2_0_1 + ax1_0)
                                    T.reads(pad_temp_reindex_pad_shared_dyn[v0_o * 16:v0_o * 16 + 16, v1_o * 16:v1_o * 16 + 16])
                                    T.writes(pad_temp_reindex_pad_shared_dyn_wmma_matrix_a[v0_o * 16:v0_o * 16 + 16, v1_o * 16:v1_o * 16 + 16])
                                    A_1 = T.match_buffer(pad_temp_reindex_pad_shared_dyn[v0_o * 16:v0_o * 16 + 16, v1_o * 16:v1_o * 16 + 16], (16, 16), "float16", strides=("A_s0", "A_s1"), scope="shared.dyn", offset_factor=16)
                                    C = T.match_buffer(pad_temp_reindex_pad_shared_dyn_wmma_matrix_a[v0_o * 16:v0_o * 16 + 16, v1_o * 16:v1_o * 16 + 16], (16, 16), "float16", strides=("C_s0", "C_s1"), scope="wmma.matrix_a", offset_factor=16)
                                    T.tvm_load_matrix_sync(C.data, 16, 16, 16, C.elem_offset // C.strides[0] // 16 * (C.strides[0] // 16) + C.elem_offset % C.strides[0] // 16, T.tvm_access_ptr(T.type_annotation("float16"), A_1.data, A_1.elem_offset, A_1.strides[0] * 16, 1), A_1.strides[0], "row_major")
                            for ax0_0, ax1_0 in T.grid(4, 1):
                                with T.block("W_reindex_shared.dyn_wmma.matrix_b_o"):
                                    v0_o = T.axis.spatial(16, ax0_0_0_ax1_0_0_fused % 4 * 4 + ax0_0)
                                    v1_o = T.axis.spatial(144, ax2_0_0 * 6 + ax2_0_1 + ax1_0)
                                    T.reads(W_reindex_shared_dyn[v0_o * 16:v0_o * 16 + 16, v1_o * 16:v1_o * 16 + 16])
                                    T.writes(W_reindex_shared_dyn_wmma_matrix_b[v0_o * 16:v0_o * 16 + 16, v1_o * 16:v1_o * 16 + 16])
                                    A_1 = T.match_buffer(W_reindex_shared_dyn[v0_o * 16:v0_o * 16 + 16, v1_o * 16:v1_o * 16 + 16], (16, 16), "float16", strides=("A_s0", "A_s1"), scope="shared.dyn", offset_factor=16)
                                    C = T.match_buffer(W_reindex_shared_dyn_wmma_matrix_b[v0_o * 16:v0_o * 16 + 16, v1_o * 16:v1_o * 16 + 16], (16, 16), "float16", strides=("C_s0", "C_s1"), scope="wmma.matrix_b", offset_factor=16)
                                    T.tvm_load_matrix_sync(C.data, 16, 16, 16, C.elem_offset // C.strides[0] // 16 * (C.strides[0] // 16) + C.elem_offset % C.strides[0] // 16, T.tvm_access_ptr(T.type_annotation("float16"), A_1.data, A_1.elem_offset, A_1.strides[0] * 16, 1), A_1.strides[0], "col_major")
                            for ax0_0_3, ax1_0_3, ax2_0_2, ax0_0_4, ax1_0_4 in T.grid(1, 2, 1, 1, 2):
                                with T.block("conv2d_nchw_o_update"):
                                    v0_o = T.axis.spatial(13, ax0_0_0_ax1_0_0_fused // 4 + ax0_0_3 + ax0_0_4)
                                    v1_o = T.axis.spatial(16, ax0_0_0_ax1_0_0_fused % 4 * 4 + ax1_0_3 * 2 + ax1_0_4)
                                    v2_o = T.axis.reduce(144, ax2_0_0 * 6 + ax2_0_1 + ax2_0_2)
                                    T.reads(conv2d_nchw_reindex_pad_shared_dyn_wmma_accumulator[v0_o, v1_o // 4, 0, v1_o % 4, 0:16, 0:16], pad_temp_reindex_pad_shared_dyn_wmma_matrix_a[v0_o * 16:v0_o * 16 + 16, v2_o * 16:v2_o * 16 + 16], W_reindex_shared_dyn_wmma_matrix_b[v1_o * 16:v1_o * 16 + 16, v2_o * 16:v2_o * 16 + 16])
                                    T.writes(conv2d_nchw_reindex_pad_shared_dyn_wmma_accumulator[v0_o, v1_o // 4, 0, v1_o % 4, 0:16, 0:16])
                                    T.block_attr({"meta_schedule.thread_extent_high_inclusive": 1024, "meta_schedule.thread_extent_low_inclusive": 32, "warp_execution": 1})
                                    A_1 = T.match_buffer(pad_temp_reindex_pad_shared_dyn_wmma_matrix_a[v0_o * 16:v0_o * 16 + 16, v2_o * 16:v2_o * 16 + 16], (16, 16), "float16", strides=("A_s0", "A_s1"), scope="wmma.matrix_a", offset_factor=16)
                                    B = T.match_buffer(W_reindex_shared_dyn_wmma_matrix_b[v1_o * 16:v1_o * 16 + 16, v2_o * 16:v2_o * 16 + 16], (16, 16), "float16", strides=("B_s0", "B_s1"), scope="wmma.matrix_b", offset_factor=16)
                                    C = T.match_buffer(conv2d_nchw_reindex_pad_shared_dyn_wmma_accumulator[v0_o, v1_o // 4, 0, v1_o % 4, 0:16, 0:16], (16, 16), "float16", strides=("C_s0", "C_s1"), scope="wmma.accumulator", offset_factor=16)
                                    T.tvm_mma_sync(C.data, C.elem_offset // C.strides[0] // 16 * (C.strides[0] // 16) + C.elem_offset % C.strides[0] // 16, A_1.data, A_1.elem_offset // A_1.strides[0] // 16 * (A_1.strides[0] // 16) + A_1.elem_offset % A_1.strides[0] // 16, B.data, B.elem_offset // B.strides[0] // 16 * (B.strides[0] // 16) + B.elem_offset % B.strides[0] // 16, C.data, C.elem_offset // C.strides[0] // 16 * (C.strides[0] // 16) + C.elem_offset % C.strides[0] // 16)
                for ax2 in range(1):
                    for ax0_ax1_fused in T.thread_binding(1, thread="threadIdx.y"):
                        for ax2_1, ax3 in T.grid(1, 4):
                            with T.block("conv2d_nchw_reindex_pad_shared.dyn_wmma.accumulator_o"):
                                v0_o = T.axis.spatial(13, ax0_0_0_ax1_0_0_fused // 4)
                                v1_o = T.axis.spatial(4, ax0_0_0_ax1_0_0_fused % 4)
                                v2_o, v3_o = T.axis.remap("SS", [ax2_1, ax3])
                                v4_o = T.axis.spatial(1, 0)
                                v5_o = T.axis.spatial(1, 0)
                                T.reads(conv2d_nchw_reindex_pad_shared_dyn_wmma_accumulator[v0_o, v1_o, v2_o, v3_o, 0:16, 0:16])
                                T.writes(conv2d_nchw_reindex_pad_shared_dyn[v0_o, v1_o, v2_o, v3_o, 0:16, 0:16])
                                A_1 = T.match_buffer(conv2d_nchw_reindex_pad_shared_dyn_wmma_accumulator[v0_o, v1_o, v2_o, v3_o, 0:16, 0:16], (16, 16), "float16", strides=("A_s0", "A_s1"), scope="wmma.accumulator", offset_factor=16)
                                C = T.match_buffer(conv2d_nchw_reindex_pad_shared_dyn[v0_o, v1_o, v2_o, v3_o, 0:16, 0:16], (16, 16), "float16", strides=("C_s0", "C_s1"), scope="shared.dyn", offset_factor=16)
                                T.tvm_store_matrix_sync(A_1.data, 16, 16, 16, A_1.elem_offset // A_1.strides[0] // 16 * (A_1.strides[0] // 16) + A_1.elem_offset % A_1.strides[0] // 16, T.tvm_access_ptr(T.type_annotation("float16"), C.data, C.elem_offset, C.strides[0] * 16, 2), C.strides[0], "row_major")
                    for ax0_ax1_ax3_ax4_ax5_fused_0 in range(8):
                        for ax0_ax1_ax3_ax4_ax5_fused_1 in T.thread_binding(1, thread="threadIdx.y"):
                            for ax0_ax1_ax3_ax4_ax5_fused_2 in T.thread_binding(32, thread="threadIdx.x"):
                                for ax0_ax1_ax3_ax4_ax5_fused_3 in T.vectorized(4):
                                    with T.block("conv2d_nchw_reindex_pad_shared.dyn"):
                                        v0 = T.axis.spatial(13, ax0_0_0_ax1_0_0_fused // 4)
                                        v1 = T.axis.spatial(4, ax0_0_0_ax1_0_0_fused % 4)
                                        v2 = T.axis.spatial(1, ax2)
                                        v3 = T.axis.spatial(4, (ax0_ax1_ax3_ax4_ax5_fused_0 * 128 + ax0_ax1_ax3_ax4_ax5_fused_1 * 128 + ax0_ax1_ax3_ax4_ax5_fused_2 * 4 + ax0_ax1_ax3_ax4_ax5_fused_3) // 256)
                                        v4 = T.axis.spatial(16, (ax0_ax1_ax3_ax4_ax5_fused_0 * 128 + ax0_ax1_ax3_ax4_ax5_fused_1 * 128 + ax0_ax1_ax3_ax4_ax5_fused_2 * 4 + ax0_ax1_ax3_ax4_ax5_fused_3) % 256 // 16)
                                        v5 = T.axis.spatial(16, (ax0_ax1_ax3_ax4_ax5_fused_0 * 128 + ax0_ax1_ax3_ax4_ax5_fused_1 * 128 + ax0_ax1_ax3_ax4_ax5_fused_2 * 4 + ax0_ax1_ax3_ax4_ax5_fused_3) % 16)
                                        T.where(ax0_0_0_ax1_0_0_fused // 4 * 16 + T.Mul(0, 16) + (((ax0_ax1_ax3_ax4_ax5_fused_0 + ax0_ax1_ax3_ax4_ax5_fused_1) * 32 + ax0_ax1_ax3_ax4_ax5_fused_2) * 4 + ax0_ax1_ax3_ax4_ax5_fused_3) % 256 // 16 < 196)
                                        T.reads(conv2d_nchw_reindex_pad_shared_dyn[v0, v1, v2, v3, v4, v5])
                                        T.writes(conv2d_nchw[0, v5 + v3 * 16 + v1 * 64, (v4 + v0 * 16) // 14, (v4 + v0 * 16) % 14])
                                        conv2d_nchw[0, v5 + v3 * 16 + v1 * 64, (v4 + v0 * 16) // 14, (v4 + v0 * 16) % 14] = conv2d_nchw_reindex_pad_shared_dyn[v0, v1, v2, v3, v4, v5]
b0 = sch.get_block(name="pad_temp", func_name="main")
b1 = sch.get_block(name="conv2d_nchw", func_name="main")
b2 = sch.get_block(name="root", func_name="main")
sch.annotate(block_or_loop=b1, ann_key="meta_schedule.tiling_structure", ann_val="SSSRRSRS")
b3 = sch.reindex(block=b1, buffer=("write", 0))
b4 = sch.reindex(block=b1, buffer=("read", 0))
b5 = sch.reindex(block=b1, buffer=("read", 1))
sch.transform_layout(block=b1, buffer=("read", 0), index_map=lambda v_nn, v_yy, v_xx, v_rc, v_ry, v_rx: (v_nn * 196 + v_yy * 14 + v_xx, v_rc * 9 + v_ry * 3 + v_rx,), pad_value=None, assume_injective_transform=True)
sch.transform_layout(block=b1, buffer=("read", 1), index_map=lambda v_ff, v_rc, v_ry, v_rx: (v_ff, v_rc * 9 + v_ry * 3 + v_rx,), pad_value=None, assume_injective_transform=True)
sch.transform_layout(block=b1, buffer=("write", 0), index_map=lambda v_nn, v_ff, v_yy, v_xx: (v_nn * 196 + v_yy * 14 + v_xx, v_ff,), pad_value=None, assume_injective_transform=True)
sch.transform_block_layout(block=b3, index_map=lambda v_nn, v_ff, v_yy, v_xx: (v_nn * 196 + v_yy * 14 + v_xx, v_ff,))
sch.transform_block_layout(block=b4, index_map=lambda v_nn, v_yy, v_xx, v_rc, v_ry, v_rx: (v_nn * 196 + v_yy * 14 + v_xx, v_rc * 9 + v_ry * 3 + v_rx,))
sch.transform_block_layout(block=b5, index_map=lambda v_ff, v_rc, v_ry, v_rx: (v_ff, v_rc * 9 + v_ry * 3 + v_rx,))
sch.transform_block_layout(block=b1, index_map=lambda v_nn, v_ff, v_yy, v_xx, v_rc, v_ry, v_rx: (v_nn * 196 + v_yy * 14 + v_xx, v_ff, v_rc * 9 + v_ry * 3 + v_rx,))
sch.pad_einsum(block=b1, padding=[16, 1, 1])
b6, b7 = sch.get_producers(block=b1)
b8, = sch.get_producers(block=b6)
b9, = sch.get_consumers(block=b1)
sch.compute_inline(block=b8)
sch.compute_inline(block=b9)
l10, l11, l12 = sch.get_loops(block=b1)
l13, l14 = sch.split(loop=l12, factors=[None, 16], preserve_unit_iters=True, disable_predication=False)
l15, l16 = sch.split(loop=l11, factors=[None, 16], preserve_unit_iters=True, disable_predication=False)
l17, l18 = sch.split(loop=l10, factors=[None, 16], preserve_unit_iters=True, disable_predication=False)
l19, l20, l21, l22, l23, l24 = sch.get_loops(block=b1)
sch.reorder(l21, l23, l18, l16, l14)
b25 = sch.blockize(target=l18, preserve_unit_iters=True)
sch.annotate(block_or_loop=b25, ann_key="meta_schedule.auto_tensorize", ann_val="wmma_sync_16x16x16_f16f16f16_trans")
sch.annotate(block_or_loop=b25, ann_key="meta_schedule.auto_tensorize_init", ann_val="wmma_fill_16x16x16_f16")
sch.annotate(block_or_loop=b25, ann_key="warp_execution", ann_val=1)
l26, l27, l28 = sch.get_loops(block=b25)
v29, v30, v31, v32, v33 = sch.sample_perfect_tile(loop=l26, n=5, max_innermost_factor=4, decision=[13, 1, 1, 1, 1])
l34, l35, l36, l37, l38 = sch.split(loop=l26, factors=[v29, v30, v31, v32, v33], preserve_unit_iters=True, disable_predication=False)
v39, v40, v41, v42, v43 = sch.sample_perfect_tile(loop=l27, n=5, max_innermost_factor=4, decision=[4, 1, 1, 2, 2])
l44, l45, l46, l47, l48 = sch.split(loop=l27, factors=[v39, v40, v41, v42, v43], preserve_unit_iters=True, disable_predication=False)
v49, v50, v51 = sch.sample_perfect_tile(loop=l28, n=3, max_innermost_factor=4, decision=[24, 6, 1])
l52, l53, l54 = sch.split(loop=l28, factors=[v49, v50, v51], preserve_unit_iters=True, disable_predication=False)
sch.reorder(l34, l44, l35, l45, l36, l46, l52, l53, l37, l47, l54, l38, l48)
l55 = sch.fuse(l34, l44, preserve_unit_iters=True)
sch.bind(loop=l55, thread_axis="blockIdx.y")
l56 = sch.fuse(l35, l45, preserve_unit_iters=True)
sch.bind(loop=l56, thread_axis="blockIdx.x")
l57 = sch.fuse(l36, l46, preserve_unit_iters=True)
sch.bind(loop=l57, thread_axis="threadIdx.y")
sch.annotate(block_or_loop=b25, ann_key="meta_schedule.thread_extent_low_inclusive", ann_val=32)
sch.annotate(block_or_loop=b25, ann_key="meta_schedule.thread_extent_high_inclusive", ann_val=1024)
sch.transform_layout(block=b25, buffer=("write", 0), index_map=lambda i0, i1: (i0 // 16 // (v32 * v33), i1 // 16 // (v42 * v43), i0 // 16 % (v32 * v33), i1 // 16 % (v42 * v43), i0 % 16, i1 % 16,), pad_value=None, assume_injective_transform=True)
b58 = sch.cache_write(block=b25, write_buffer_index=0, storage_scope="shared.dyn")
sch.reverse_compute_at(block=b58, loop=l56, preserve_unit_loops=True, index=-1)
b59 = sch.cache_write(block=b25, write_buffer_index=0, storage_scope="wmma.accumulator")
l60, l61, l62, l63, l64, l65, l66, l67 = sch.get_loops(block=b58)
sch.reorder(l64, l62, l63, l65)
sch.compute_at(block=b59, loop=l64, preserve_unit_loops=True, index=-1)
l68, l69, l70, l71, l72, l73, l74, l75, l76 = sch.get_loops(block=b59)
l77 = sch.fuse(l71, l72, preserve_unit_iters=True)
sch.bind(loop=l77, thread_axis="threadIdx.y")
sch.reverse_compute_inline(block=b3)
l78, l79, l80, l81, l82, l83, l84, l85 = sch.get_loops(block=b59)
b86 = sch.blockize(target=l84, preserve_unit_iters=True)
sch.annotate(block_or_loop=b86, ann_key="meta_schedule.auto_tensorize", ann_val="wmma_store_16x16x16_f16_shared_dyn")
l87, l88, l89, l90, l91, l92, l93, l94 = sch.get_loops(block=b58)
l95 = sch.fuse(l90, l91, l92, l93, l94, preserve_unit_iters=True)
v96 = sch.sample_categorical(candidates=[1, 2, 4, 8], probs=[0.25, 0.25, 0.25, 0.25], decision=2)
sch.annotate(block_or_loop=b58, ann_key="meta_schedule.cooperative_fetch", ann_val=v96)
b97 = sch.cache_read(block=b25, read_buffer_index=0, storage_scope="shared.dyn", consumer_blocks=[b25])
sch.compute_at(block=b97, loop=l52, preserve_unit_loops=True, index=-1)
l98, l99, l100, l101, l102, l103 = sch.get_loops(block=b97)
l104 = sch.fuse(l102, l103, preserve_unit_iters=True)
v105 = sch.sample_categorical(candidates=[1, 2, 4, 8], probs=[0.25, 0.25, 0.25, 0.25], decision=0)
sch.annotate(block_or_loop=b97, ann_key="meta_schedule.cooperative_fetch", ann_val=v105)
b106 = sch.cache_read(block=b25, read_buffer_index=1, storage_scope="shared.dyn", consumer_blocks=[b25])
sch.compute_at(block=b106, loop=l52, preserve_unit_loops=True, index=-1)
l107, l108, l109, l110, l111, l112 = sch.get_loops(block=b106)
l113 = sch.fuse(l111, l112, preserve_unit_iters=True)
v114 = sch.sample_categorical(candidates=[1, 2, 4, 8], probs=[0.25, 0.25, 0.25, 0.25], decision=3)
sch.annotate(block_or_loop=b106, ann_key="meta_schedule.cooperative_fetch", ann_val=v114)
b115 = sch.cache_read(block=b25, read_buffer_index=0, storage_scope="wmma.matrix_a")
sch.compute_at(block=b115, loop=l53, preserve_unit_loops=True, index=-1)
l116, l117, l118, l119, l120, l121, l122 = sch.get_loops(block=b115)
l123, l124 = sch.split(loop=l122, factors=[None, 16], preserve_unit_iters=True, disable_predication=False)
l125, l126 = sch.split(loop=l121, factors=[None, 16], preserve_unit_iters=True, disable_predication=False)
l127, l128, l129, l130, l131, l132, l133, l134, l135 = sch.get_loops(block=b115)
sch.reorder(l134, l126, l124)
b136 = sch.blockize(target=l126, preserve_unit_iters=True)
sch.annotate(block_or_loop=b136, ann_key="meta_schedule.auto_tensorize", ann_val="wmma_load_16x16x16_f16_a_shared_dyn")
b137 = sch.cache_read(block=b25, read_buffer_index=1, storage_scope="wmma.matrix_b")
sch.compute_at(block=b137, loop=l53, preserve_unit_loops=True, index=-1)
l138, l139, l140, l141, l142, l143, l144 = sch.get_loops(block=b137)
l145, l146 = sch.split(loop=l144, factors=[None, 16], preserve_unit_iters=True, disable_predication=False)
l147, l148 = sch.split(loop=l143, factors=[None, 16], preserve_unit_iters=True, disable_predication=False)
l149, l150, l151, l152, l153, l154, l155, l156, l157 = sch.get_loops(block=b137)
sch.reorder(l156, l148, l146)
b158 = sch.blockize(target=l148, preserve_unit_iters=True)
sch.annotate(block_or_loop=b158, ann_key="meta_schedule.auto_tensorize", ann_val="wmma_load_16x16x16_f16_b_trans_shared_dyn")
b159, = sch.get_producers(block=b97)
sch.compute_inline(block=b159)
sch.storage_align(block=b97, buffer_index=0, axis=-2, factor=32, offset=8)
b160, = sch.get_producers(block=b106)
sch.compute_inline(block=b160)
sch.storage_align(block=b106, buffer_index=0, axis=-2, factor=32, offset=8)
sch.compute_inline(block=b0)
v161 = sch.sample_categorical(candidates=[0, 16, 64, 512, 1024], probs=[0.20000000000000001, 0.20000000000000001, 0.20000000000000001, 0.20000000000000001, 0.20000000000000001], decision=3)
sch.annotate(block_or_loop=b2, ann_key="meta_schedule.unroll_explicit", ann_val=v161)
sch.enter_postproc()
sch.unannotate(block_or_loop=b58, ann_key="meta_schedule.cooperative_fetch")
l162, l163, l164, l165 = sch.get_loops(block=b58)
l166, l167, l168, l169 = sch.split(loop=l165, factors=[None, 1, 32, 4], preserve_unit_iters=True, disable_predication=False)
sch.vectorize(loop=l169)
sch.bind(loop=l168, thread_axis="threadIdx.x")
sch.bind(loop=l167, thread_axis="threadIdx.y")
sch.unannotate(block_or_loop=b97, ann_key="meta_schedule.cooperative_fetch")
l170, l171, l172, l173, l174 = sch.get_loops(block=b97)
l175, l176, l177 = sch.split(loop=l174, factors=[None, 1, 32], preserve_unit_iters=True, disable_predication=False)
sch.bind(loop=l177, thread_axis="threadIdx.x")
sch.bind(loop=l176, thread_axis="threadIdx.y")
sch.unannotate(block_or_loop=b106, ann_key="meta_schedule.cooperative_fetch")
l178, l179, l180, l181, l182 = sch.get_loops(block=b106)
l183, l184, l185, l186 = sch.split(loop=l182, factors=[None, 1, 32, 8], preserve_unit_iters=True, disable_predication=False)
sch.vectorize(loop=l186)
sch.bind(loop=l185, thread_axis="threadIdx.x")
sch.bind(loop=l184, thread_axis="threadIdx.y")
b187 = sch.get_block(name="root", func_name="main")
sch.unannotate(block_or_loop=b187, ann_key="meta_schedule.unroll_explicit")
b188, b189, b190, b191, b192, b193, b194 = sch.get_child_blocks(b187)
l195, l196, l197, l198, l199, l200, l201 = sch.get_loops(block=b188)
l202, l203, l204, l205, l206, l207, l208, l209 = sch.get_loops(block=b189)
l210, l211, l212, l213, l214, l215, l216 = sch.get_loops(block=b190)
l217, l218, l219, l220, l221, l222, l223 = sch.get_loops(block=b191)
l224, l225, l226, l227, l228, l229, l230, l231, l232, l233 = sch.get_loops(block=b192)
sch.annotate(block_or_loop=l224, ann_key="pragma_auto_unroll_max_step", ann_val=512)
sch.annotate(block_or_loop=l224, ann_key="pragma_unroll_explicit", ann_val=1)
l234, l235, l236, l237, l238, l239 = sch.get_loops(block=b193)
l240, l241, l242, l243, l244, l245, l246 = sch.get_loops(block=b194)
b247 = sch.get_block(name="conv2d_nchw_o", func_name="main")
l248, l249, l250, l251, l252, l253, l254, l255, l256, l257 = sch.get_loops(block=b247)
b258 = sch.decompose_reduction(block=b247, loop=l251)
sch.unannotate(block_or_loop=b258, ann_key="meta_schedule.auto_tensorize")
sch.annotate(block_or_loop=b258, ann_key="meta_schedule.auto_tensorize", ann_val="wmma_fill_16x16x16_f16")
sch.unannotate(block_or_loop=b247, ann_key="meta_schedule.auto_tensorize_init")
sch.unannotate(block_or_loop=b258, ann_key="meta_schedule.auto_tensorize_init")
b259 = sch.get_block(name="conv2d_nchw_o_init", func_name="main")
sch.unannotate(block_or_loop=b259, ann_key="meta_schedule.auto_tensorize")
sch.tensorize(block_or_loop=b259, tensor_intrin="wmma_fill_16x16x16_f16", preserve_unit_iters=True)
b260 = sch.get_block(name="pad_temp_reindex_pad_shared.dyn_wmma.matrix_a_o", func_name="main")
sch.unannotate(block_or_loop=b260, ann_key="meta_schedule.auto_tensorize")
sch.tensorize(block_or_loop=b260, tensor_intrin="wmma_load_16x16x16_f16_a_shared_dyn", preserve_unit_iters=True)
b261 = sch.get_block(name="W_reindex_shared.dyn_wmma.matrix_b_o", func_name="main")
sch.unannotate(block_or_loop=b261, ann_key="meta_schedule.auto_tensorize")
sch.tensorize(block_or_loop=b261, tensor_intrin="wmma_load_16x16x16_f16_b_trans_shared_dyn", preserve_unit_iters=True)
b262 = sch.get_block(name="conv2d_nchw_o_update", func_name="main")
sch.unannotate(block_or_loop=b262, ann_key="meta_schedule.auto_tensorize")
sch.tensorize(block_or_loop=b262, tensor_intrin="wmma_sync_16x16x16_f16f16f16_trans", preserve_unit_iters=True)
b263 = sch.get_block(name="conv2d_nchw_reindex_pad_shared.dyn_wmma.accumulator_o", func_name="main")
sch.unannotate(block_or_loop=b263, ann_key="meta_schedule.auto_tensorize")
sch.tensorize(block_or_loop=b263, tensor_intrin="wmma_store_16x16x16_f16_shared_dyn", preserve_unit_iters=True)
2025-10-07 10:55:53 [INFO] [task_scheduler.cc:131] [Task #0: main] Trial #78: GFLOPs: 6888.3179. Time: 33.5657 us. Best GFLOPs: 15013.0315
2025-10-07 10:55:53 [INFO] [task_scheduler.cc:131] [Task #0: main] Trial #79: GFLOPs: 1293.2942. Time: 178.7768 us. Best GFLOPs: 15013.0315
2025-10-07 10:55:53 [INFO] [task_scheduler.cc:131] [Task #0: main] Trial #80: GFLOPs: 1970.8650. Time: 117.3145 us. Best GFLOPs: 15013.0315
2025-10-07 10:55:53 [INFO] [task_scheduler.cc:131] [Task #0: main] Trial #81: GFLOPs: 1476.2529. Time: 156.6202 us. Best GFLOPs: 15013.0315
2025-10-07 10:55:53 [INFO] [task_scheduler.cc:131] [Task #0: main] Trial #82: GFLOPs: 688.7136. Time: 335.7143 us. Best GFLOPs: 15013.0315
2025-10-07 10:55:53 [INFO] [task_scheduler.cc:131] [Task #0: main] Trial #83: GFLOPs: 6544.1937. Time: 35.3307 us. Best GFLOPs: 15013.0315
2025-10-07 10:55:53 [INFO] [task_scheduler.cc:131] [Task #0: main] Trial #84: GFLOPs: 1021.0643. Time: 226.4412 us. Best GFLOPs: 15013.0315
2025-10-07 10:55:53 [INFO] [task_scheduler.cc:131] [Task #0: main] Trial #85: GFLOPs: 1517.1546. Time: 152.3978 us. Best GFLOPs: 15013.0315
2025-10-07 10:55:53 [INFO] [task_scheduler.cc:131] [Task #0: main] Trial #86: GFLOPs: 1283.6279. Time: 180.1231 us. Best GFLOPs: 15013.0315
2025-10-07 10:55:53 [INFO] [task_scheduler.cc:131] [Task #0: main] Trial #87: GFLOPs: 1417.3645. Time: 163.1274 us. Best GFLOPs: 15013.0315
2025-10-07 10:55:53 [INFO] [task_scheduler.cc:131] [Task #0: main] Trial #88: GFLOPs: 778.8716. Time: 296.8538 us. Best GFLOPs: 15013.0315
2025-10-07 10:55:53 [INFO] [task_scheduler.cc:131] [Task #0: main] Trial #89: GFLOPs: 687.0158. Time: 336.5439 us. Best GFLOPs: 15013.0315
2025-10-07 10:55:53 [INFO] [task_scheduler.cc:131] [Task #0: main] Trial #90: GFLOPs: 7859.7142. Time: 29.4172 us. Best GFLOPs: 15013.0315
2025-10-07 10:55:53 [INFO] [task_scheduler.cc:131] [Task #0: main] Trial #91: GFLOPs: 7611.9538. Time: 30.3747 us. Best GFLOPs: 15013.0315
2025-10-07 10:55:53 [INFO] [task_scheduler.cc:131] [Task #0: main] Trial #92: GFLOPs: 752.9344. Time: 307.0799 us. Best GFLOPs: 15013.0315
2025-10-07 10:55:53 [INFO] [task_scheduler.cc:131] [Task #0: main] Trial #93: GFLOPs: 2817.6411. Time: 82.0584 us. Best GFLOPs: 15013.0315
2025-10-07 10:55:53 [INFO] [task_scheduler.cc:131] [Task #0: main] Trial #94: GFLOPs: 386.1096. Time: 598.8222 us. Best GFLOPs: 15013.0315
2025-10-07 10:55:53 [INFO] [task_scheduler.cc:121] [Task #0: main] Trial #95: Error in building:
LocalBuilder: An exception occurred
Traceback (most recent call last):
  File "/workspace/tvm-dev/python/tvm/exec/popen_worker.py", line 87, in main
    result = fn(*args, **kwargs)
             ^^^^^^^^^^^^^^^^^^^
  File "/workspace/tvm-dev/python/tvm/meta_schedule/builder/local_builder.py", line 165, in <lambda>
    lambda x: _worker_func(*x),
              ^^^^^^^^^^^^^^^^
  File "/workspace/tvm-dev/python/tvm/meta_schedule/builder/local_builder.py", line 231, in _worker_func
    rt_mod: Module = f_build(mod, target, _deserialize_params(params))
                     ^^^^^^^^^^^^^^^^^^^^^^^^^^^^^^^^^^^^^^^^^^^^^^^^^
  File "/workspace/tvm-dev/python/tvm/_ffi/_ctypes/packed_func.py", line 245, in __call__
    raise_last_ffi_error()
  File "/workspace/tvm-dev/python/tvm/_ffi/base.py", line 481, in raise_last_ffi_error
    raise py_err
  File "/workspace/tvm-dev/python/tvm/meta_schedule/builder/local_builder.py", line 261, in default_build
    return tvm_build(mod, target=target)
           ^^^^^^^^^^^^^^^^^^^^^^^^^^^^^
  File "/workspace/tvm-dev/python/tvm/driver/build_module.py", line 297, in build
    rt_mod_host = _driver_ffi.tir_to_runtime(annotated_mods, target_host)
                  ^^^^^^^^^^^^^^^^^^^^^^^^^^^^^^^^^^^^^^^^^^^^^^^^^^^^^^^
  File "/workspace/tvm-dev/python/tvm/_ffi/_ctypes/packed_func.py", line 245, in __call__
    raise_last_ffi_error()
  File "/workspace/tvm-dev/python/tvm/_ffi/base.py", line 481, in raise_last_ffi_error
    raise py_err
ValueError: Traceback (most recent call last):
  34: tvm::runtime::PackedFuncObj::Extractor<tvm::runtime::PackedFuncSubObj<tvm::runtime::TypedPackedFunc<tvm::runtime::Module (tvm::runtime::Map<tvm::Target, tvm::IRModule, void, void> const&, tvm::Target)>::AssignTypedLambda<tvm::__mk_TVM24::{lambda(tvm::runtime::Map<tvm::Target, tvm::IRModule, void, void> const&, tvm::Target)#1}>(tvm::__mk_TVM24::{lambda(tvm::runtime::Map<tvm::Target, tvm::IRModule, void, void> const&, tvm::Target)#1}, std::__cxx11::basic_string<char, std::char_traits<char>, std::allocator<char> >)::{lambda(tvm::runtime::TVMArgs const&, tvm::runtime::TVMRetValue*)#1}> >::Call(tvm::runtime::PackedFuncObj const*, std::__cxx11::basic_string<char, std::char_traits<char>, std::allocator<char> >, tvm::runtime::TVMRetValue)
  33: tvm::TIRToRuntime(tvm::runtime::Map<tvm::Target, tvm::IRModule, void, void> const&, tvm::Target const&)
  32: tvm::codegen::Build(tvm::IRModule, tvm::Target)
  31: _ZN3tvm7runtime13PackedFuncObj
  30: tvm::runtime::TypedPackedFunc<tvm::runtime::Module (tvm::IRModule, tvm::Target)>::AssignTypedLambda<tvm::runtime::Module (*)(tvm::IRModule, tvm::Target)>(tvm::runtime::Module (*)(tvm::IRModule, tvm::Target), std::__cxx11::basic_string<char, std::char_traits<char>, std::allocator<char> >)::{lambda(tvm::runtime::TVMArgs const&, tvm::runtime::TVMRetValue*)#1}::operator()(tvm::runtime::TVMArgs const&, tvm::runtime::TVMRetValue*) const
  29: tvm::codegen::BuildCUDA(tvm::IRModule, tvm::Target)
  28: tvm::codegen::CodeGenC::AddFunction(tvm::GlobalVar const&, tvm::tir::PrimFunc const&)
  27: tvm::codegen::CodeGenCUDA::VisitStmt_(tvm::tir::AllocateNode const*)
  26: tvm::codegen::CodeGenCUDA::VisitStmt_(tvm::tir::AllocateNode const*)
  25: tvm::codegen::CodeGenCUDA::VisitStmt_(tvm::tir::AllocateNode const*)
  24: tvm::codegen::CodeGenCUDA::VisitStmt_(tvm::tir::AllocateNode const*)
  23: tvm::codegen::CodeGenC::VisitStmt_(tvm::tir::SeqStmtNode const*)
  22: tvm::codegen::CodeGenC::VisitStmt_(tvm::tir::ForNode const*)
  21: tvm::codegen::CodeGenC::VisitStmt_(tvm::tir::SeqStmtNode const*)
  20: tvm::codegen::CodeGenC::VisitStmt_(tvm::tir::IfThenElseNode const*)
  19: tvm::codegen::CodeGenC::VisitStmt_(tvm::tir::BufferStoreNode const*)
  18: tvm::codegen::CodeGenC::PrintExpr[abi:cxx11](tvm::PrimExpr const&)
  17: tvm::codegen::CodeGenC::VisitExpr_(tvm::tir::BufferLoadNode const*, std::ostream&)
  16: tvm::codegen::CodeGenC::PrintExpr[abi:cxx11](tvm::PrimExpr const&)
  15: void tvm::codegen::PrintBinaryExpr<tvm::tir::AddNode>(tvm::tir::AddNode const*, char const*, std::ostream&, tvm::codegen::CodeGenC*)
  14: tvm::codegen::CodeGenCUDA::PrintVecBinaryOp(std::__cxx11::basic_string<char, std::char_traits<char>, std::allocator<char> > const&, tvm::runtime::DataType, tvm::PrimExpr, tvm::PrimExpr, std::ostream&)
  13: tvm::codegen::CodeGenC::PrintExpr[abi:cxx11](tvm::PrimExpr const&)
  12: void tvm::codegen::PrintBinaryExpr<tvm::tir::AddNode>(tvm::tir::AddNode const*, char const*, std::ostream&, tvm::codegen::CodeGenC*)
  11: tvm::codegen::CodeGenCUDA::PrintVecBinaryOp(std::__cxx11::basic_string<char, std::char_traits<char>, std::allocator<char> > const&, tvm::runtime::DataType, tvm::PrimExpr, tvm::PrimExpr, std::ostream&)
  10: tvm::codegen::CodeGenC::PrintExpr[abi:cxx11](tvm::PrimExpr const&)
  9: void tvm::codegen::PrintBinaryExpr<tvm::tir::AddNode>(tvm::tir::AddNode const*, char const*, std::ostream&, tvm::codegen::CodeGenC*)
  8: tvm::codegen::CodeGenCUDA::PrintVecBinaryOp(std::__cxx11::basic_string<char, std::char_traits<char>, std::allocator<char> > const&, tvm::runtime::DataType, tvm::PrimExpr, tvm::PrimExpr, std::ostream&)
  7: tvm::codegen::CodeGenC::PrintExpr[abi:cxx11](tvm::PrimExpr const&)
  6: void tvm::codegen::PrintBinaryExpr<tvm::tir::MulNode>(tvm::tir::MulNode const*, char const*, std::ostream&, tvm::codegen::CodeGenC*)
  5: tvm::codegen::CodeGenCUDA::PrintVecBinaryOp(std::__cxx11::basic_string<char, std::char_traits<char>, std::allocator<char> > const&, tvm::runtime::DataType, tvm::PrimExpr, tvm::PrimExpr, std::ostream&)
  4: tvm::codegen::CodeGenC::PrintExpr[abi:cxx11](tvm::PrimExpr const&)
  3: void tvm::codegen::PrintBinaryExpr<tvm::tir::DivNode>(tvm::tir::DivNode const*, char const*, std::ostream&, tvm::codegen::CodeGenC*)
  2: tvm::codegen::CodeGenCUDA::PrintVecBinaryOp(std::__cxx11::basic_string<char, std::char_traits<char>, std::allocator<char> > const&, tvm::runtime::DataType, tvm::PrimExpr, tvm::PrimExpr, std::ostream&)
  1: tvm::codegen::CodeGenC::PrintExpr[abi:cxx11](tvm::PrimExpr const&)
  0: tvm::codegen::CodeGenCUDA::VisitExpr_(tvm::tir::RampNode const*, std::ostream&)
  File "/workspace/tvm-dev/src/target/source/codegen_cuda.cc", line 1204
ValueError: Check failed: lanes <= 4 (8 vs. 4) : Ramp of more than 4 lanes is not allowed.

# from tvm.script import ir as I
# from tvm.script import tir as T

@I.ir_module
class Module:
    @T.prim_func
    def main(A: T.Buffer((1, 256, 14, 14), "float16"), W: T.Buffer((256, 256, 3, 3), "float16"), conv2d_nchw: T.Buffer((1, 256, 14, 14), "float16")):
        T.func_attr({"tir.noalias": T.bool(True)})
        # with T.block("root"):
        conv2d_nchw_reindex_pad_shared_dyn = T.alloc_buffer((13, 8, 1, 2, 16, 16), "float16", scope="shared.dyn")
        conv2d_nchw_reindex_pad_shared_dyn_wmma_accumulator = T.alloc_buffer((13, 8, 1, 2, 16, 16), "float16", scope="wmma.accumulator")
        pad_temp_reindex_pad_shared_dyn = T.alloc_buffer((208, 2304), "float16", scope="shared.dyn")
        W_reindex_shared_dyn = T.alloc_buffer((256, 2304), "float16", scope="shared.dyn")
        pad_temp_reindex_pad_shared_dyn_wmma_matrix_a = T.alloc_buffer((208, 2304), "float16", scope="wmma.matrix_a")
        W_reindex_shared_dyn_wmma_matrix_b = T.alloc_buffer((256, 2304), "float16", scope="wmma.matrix_b")
        for ax0_0_0_ax1_0_0_fused in T.thread_binding(4, thread="blockIdx.y"):
            for ax0_0_1_ax1_0_1_fused in T.thread_binding(1, thread="blockIdx.x"):
                for ax0_0_2_ax1_0_2_fused in T.thread_binding(26, thread="threadIdx.y"):
                    for ax0_0_3_init, ax1_0_3_init, ax0_0_4_init, ax1_0_4_init in T.grid(1, 1, 1, 2):
                        with T.block("conv2d_nchw_o_init"):
                            v0_o = T.axis.spatial(13, ax0_0_2_ax1_0_2_fused // 2 + ax0_0_3_init + ax0_0_4_init)
                            v1_o = T.axis.spatial(16, ax0_0_0_ax1_0_0_fused * 4 + ax0_0_2_ax1_0_2_fused % 2 * 2 + ax1_0_3_init * 2 + ax1_0_4_init)
                            T.reads()
                            T.writes(conv2d_nchw_reindex_pad_shared_dyn_wmma_accumulator[v0_o, v1_o // 2, 0, v1_o % 2, 0:16, 0:16])
                            T.block_attr({"meta_schedule.thread_extent_high_inclusive": 1024, "meta_schedule.thread_extent_low_inclusive": 32, "warp_execution": 1})
                            C = T.match_buffer(conv2d_nchw_reindex_pad_shared_dyn_wmma_accumulator[v0_o, v1_o // 2, 0, v1_o % 2, 0:16, 0:16], (16, 16), "float16", strides=("C_s0", "C_s1"), scope="wmma.accumulator", offset_factor=16)
                            T.tvm_fill_fragment(C.data, 16, 16, 16, C.elem_offset // C.strides[0] // 16 * (C.strides[0] // 16) + C.elem_offset % C.strides[0] // 16, T.float32(0.0))
                    for ax2_0_0 in range(48):
                        for ax0_ax1_fused_0 in range(12):
                            for ax0_ax1_fused_1 in T.thread_binding(26, thread="threadIdx.y"):
                                for ax0_ax1_fused_2 in T.thread_binding(32, thread="threadIdx.x"):
                                    with T.block("pad_temp_reindex_pad_shared.dyn"):
                                        v0 = T.axis.spatial(208, (ax0_ax1_fused_0 * 832 + ax0_ax1_fused_1 * 32 + ax0_ax1_fused_2) // 48)
                                        v1 = T.axis.spatial(2304, ax2_0_0 * 48 + (ax0_ax1_fused_0 * 832 + ax0_ax1_fused_1 * 32 + ax0_ax1_fused_2) % 48)
                                        T.reads(A[0, v1 // 9, v0 // 14 + v1 % 9 // 3 - 1, v0 % 14 + v1 % 3 - 1])
                                        T.writes(pad_temp_reindex_pad_shared_dyn[v0, v1])
                                        T.block_attr({"buffer_dim_align": [[0, 0, 32, 8]]})
                                        pad_temp_reindex_pad_shared_dyn[v0, v1] = T.if_then_else(v0 < 196, T.if_then_else(1 <= v0 // 14 + v1 % 9 // 3 and v0 // 14 + v1 % 9 // 3 < 15 and 1 <= v0 % 14 + v1 % 3 and v0 % 14 + v1 % 3 < 15, A[0, v1 // 9, v0 // 14 + v1 % 9 // 3 - 1, v0 % 14 + v1 % 3 - 1], T.float16(0.0)), T.float16(0.0))
                        for ax0_ax1_fused_0 in range(1):
                            for ax0_ax1_fused_1 in T.thread_binding(26, thread="threadIdx.y"):
                                for ax0_ax1_fused_2 in T.thread_binding(32, thread="threadIdx.x"):
                                    for ax0_ax1_fused_3 in T.vectorized(8):
                                        with T.block("W_reindex_shared.dyn"):
                                            v0 = T.axis.spatial(256, ax0_0_0_ax1_0_0_fused * 64 + (ax0_ax1_fused_0 * 6656 + ax0_ax1_fused_1 * 256 + ax0_ax1_fused_2 * 8 + ax0_ax1_fused_3) // 48)
                                            v1 = T.axis.spatial(2304, ax2_0_0 * 48 + (ax0_ax1_fused_0 * 6656 + ax0_ax1_fused_1 * 256 + ax0_ax1_fused_2 * 8 + ax0_ax1_fused_3) % 48)
                                            T.where(((ax0_ax1_fused_0 * 26 + ax0_ax1_fused_1) * 32 + ax0_ax1_fused_2) * 8 + ax0_ax1_fused_3 < 3072)
                                            T.reads(W[v0, v1 // 9, v1 % 9 // 3, v1 % 3])
                                            T.writes(W_reindex_shared_dyn[v0, v1])
                                            T.block_attr({"buffer_dim_align": [[0, 0, 32, 8]]})
                                            W_reindex_shared_dyn[v0, v1] = W[v0, v1 // 9, v1 % 9 // 3, v1 % 3]
                        for ax2_0_1 in range(1):
                            for ax0_0, ax1_0 in T.grid(1, 3):
                                with T.block("pad_temp_reindex_pad_shared.dyn_wmma.matrix_a_o"):
                                    v0_o = T.axis.spatial(13, ax0_0_2_ax1_0_2_fused // 2 + ax0_0)
                                    v1_o = T.axis.spatial(144, ax2_0_0 * 3 + ax1_0)
                                    T.reads(pad_temp_reindex_pad_shared_dyn[v0_o * 16:v0_o * 16 + 16, v1_o * 16:v1_o * 16 + 16])
                                    T.writes(pad_temp_reindex_pad_shared_dyn_wmma_matrix_a[v0_o * 16:v0_o * 16 + 16, v1_o * 16:v1_o * 16 + 16])
                                    A_1 = T.match_buffer(pad_temp_reindex_pad_shared_dyn[v0_o * 16:v0_o * 16 + 16, v1_o * 16:v1_o * 16 + 16], (16, 16), "float16", strides=("A_s0", "A_s1"), scope="shared.dyn", offset_factor=16)
                                    C = T.match_buffer(pad_temp_reindex_pad_shared_dyn_wmma_matrix_a[v0_o * 16:v0_o * 16 + 16, v1_o * 16:v1_o * 16 + 16], (16, 16), "float16", strides=("C_s0", "C_s1"), scope="wmma.matrix_a", offset_factor=16)
                                    T.tvm_load_matrix_sync(C.data, 16, 16, 16, C.elem_offset // C.strides[0] // 16 * (C.strides[0] // 16) + C.elem_offset % C.strides[0] // 16, T.tvm_access_ptr(T.type_annotation("float16"), A_1.data, A_1.elem_offset, A_1.strides[0] * 16, 1), A_1.strides[0], "row_major")
                            for ax0_0, ax1_0 in T.grid(2, 3):
                                with T.block("W_reindex_shared.dyn_wmma.matrix_b_o"):
                                    v0_o = T.axis.spatial(16, ax0_0_0_ax1_0_0_fused * 4 + ax0_0_2_ax1_0_2_fused % 2 * 2 + ax0_0)
                                    v1_o = T.axis.spatial(144, ax2_0_0 * 3 + ax1_0)
                                    T.reads(W_reindex_shared_dyn[v0_o * 16:v0_o * 16 + 16, v1_o * 16:v1_o * 16 + 16])
                                    T.writes(W_reindex_shared_dyn_wmma_matrix_b[v0_o * 16:v0_o * 16 + 16, v1_o * 16:v1_o * 16 + 16])
                                    A_1 = T.match_buffer(W_reindex_shared_dyn[v0_o * 16:v0_o * 16 + 16, v1_o * 16:v1_o * 16 + 16], (16, 16), "float16", strides=("A_s0", "A_s1"), scope="shared.dyn", offset_factor=16)
                                    C = T.match_buffer(W_reindex_shared_dyn_wmma_matrix_b[v0_o * 16:v0_o * 16 + 16, v1_o * 16:v1_o * 16 + 16], (16, 16), "float16", strides=("C_s0", "C_s1"), scope="wmma.matrix_b", offset_factor=16)
                                    T.tvm_load_matrix_sync(C.data, 16, 16, 16, C.elem_offset // C.strides[0] // 16 * (C.strides[0] // 16) + C.elem_offset % C.strides[0] // 16, T.tvm_access_ptr(T.type_annotation("float16"), A_1.data, A_1.elem_offset, A_1.strides[0] * 16, 1), A_1.strides[0], "col_major")
                            for ax0_0_3, ax1_0_3, ax2_0_2, ax0_0_4, ax1_0_4 in T.grid(1, 1, 3, 1, 2):
                                with T.block("conv2d_nchw_o_update"):
                                    v0_o = T.axis.spatial(13, ax0_0_2_ax1_0_2_fused // 2 + ax0_0_3 + ax0_0_4)
                                    v1_o = T.axis.spatial(16, ax0_0_0_ax1_0_0_fused * 4 + ax0_0_2_ax1_0_2_fused % 2 * 2 + ax1_0_3 * 2 + ax1_0_4)
                                    v2_o = T.axis.reduce(144, ax2_0_0 * 3 + ax2_0_1 * 3 + ax2_0_2)
                                    T.reads(conv2d_nchw_reindex_pad_shared_dyn_wmma_accumulator[v0_o, v1_o // 2, 0, v1_o % 2, 0:16, 0:16], pad_temp_reindex_pad_shared_dyn_wmma_matrix_a[v0_o * 16:v0_o * 16 + 16, v2_o * 16:v2_o * 16 + 16], W_reindex_shared_dyn_wmma_matrix_b[v1_o * 16:v1_o * 16 + 16, v2_o * 16:v2_o * 16 + 16])
                                    T.writes(conv2d_nchw_reindex_pad_shared_dyn_wmma_accumulator[v0_o, v1_o // 2, 0, v1_o % 2, 0:16, 0:16])
                                    T.block_attr({"meta_schedule.thread_extent_high_inclusive": 1024, "meta_schedule.thread_extent_low_inclusive": 32, "warp_execution": 1})
                                    A_1 = T.match_buffer(pad_temp_reindex_pad_shared_dyn_wmma_matrix_a[v0_o * 16:v0_o * 16 + 16, v2_o * 16:v2_o * 16 + 16], (16, 16), "float16", strides=("A_s0", "A_s1"), scope="wmma.matrix_a", offset_factor=16)
                                    B = T.match_buffer(W_reindex_shared_dyn_wmma_matrix_b[v1_o * 16:v1_o * 16 + 16, v2_o * 16:v2_o * 16 + 16], (16, 16), "float16", strides=("B_s0", "B_s1"), scope="wmma.matrix_b", offset_factor=16)
                                    C = T.match_buffer(conv2d_nchw_reindex_pad_shared_dyn_wmma_accumulator[v0_o, v1_o // 2, 0, v1_o % 2, 0:16, 0:16], (16, 16), "float16", strides=("C_s0", "C_s1"), scope="wmma.accumulator", offset_factor=16)
                                    T.tvm_mma_sync(C.data, C.elem_offset // C.strides[0] // 16 * (C.strides[0] // 16) + C.elem_offset % C.strides[0] // 16, A_1.data, A_1.elem_offset // A_1.strides[0] // 16 * (A_1.strides[0] // 16) + A_1.elem_offset % A_1.strides[0] // 16, B.data, B.elem_offset // B.strides[0] // 16 * (B.strides[0] // 16) + B.elem_offset % B.strides[0] // 16, C.data, C.elem_offset // C.strides[0] // 16 * (C.strides[0] // 16) + C.elem_offset % C.strides[0] // 16)
                for ax2 in range(1):
                    for ax0_ax1_fused in T.thread_binding(26, thread="threadIdx.y"):
                        for ax2_1, ax3 in T.grid(1, 2):
                            with T.block("conv2d_nchw_reindex_pad_shared.dyn_wmma.accumulator_o"):
                                v0_o = T.axis.spatial(13, ax0_ax1_fused // 2)
                                v1_o = T.axis.spatial(8, ax0_0_0_ax1_0_0_fused * 2 + ax0_ax1_fused % 2)
                                v2_o, v3_o = T.axis.remap("SS", [ax2_1, ax3])
                                v4_o = T.axis.spatial(1, 0)
                                v5_o = T.axis.spatial(1, 0)
                                T.reads(conv2d_nchw_reindex_pad_shared_dyn_wmma_accumulator[v0_o, v1_o, v2_o, v3_o, 0:16, 0:16])
                                T.writes(conv2d_nchw_reindex_pad_shared_dyn[v0_o, v1_o, v2_o, v3_o, 0:16, 0:16])
                                A_1 = T.match_buffer(conv2d_nchw_reindex_pad_shared_dyn_wmma_accumulator[v0_o, v1_o, v2_o, v3_o, 0:16, 0:16], (16, 16), "float16", strides=("A_s0", "A_s1"), scope="wmma.accumulator", offset_factor=16)
                                C = T.match_buffer(conv2d_nchw_reindex_pad_shared_dyn[v0_o, v1_o, v2_o, v3_o, 0:16, 0:16], (16, 16), "float16", strides=("C_s0", "C_s1"), scope="shared.dyn", offset_factor=16)
                                T.tvm_store_matrix_sync(A_1.data, 16, 16, 16, A_1.elem_offset // A_1.strides[0] // 16 * (A_1.strides[0] // 16) + A_1.elem_offset % A_1.strides[0] // 16, T.tvm_access_ptr(T.type_annotation("float16"), C.data, C.elem_offset, C.strides[0] * 16, 2), C.strides[0], "row_major")
                    for ax0_ax1_ax3_ax4_ax5_fused_0 in range(4):
                        for ax0_ax1_ax3_ax4_ax5_fused_1 in T.thread_binding(26, thread="threadIdx.y"):
                            for ax0_ax1_ax3_ax4_ax5_fused_2 in T.thread_binding(32, thread="threadIdx.x"):
                                for ax0_ax1_ax3_ax4_ax5_fused_3 in T.vectorized(4):
                                    with T.block("conv2d_nchw_reindex_pad_shared.dyn"):
                                        v0 = T.axis.spatial(13, (ax0_ax1_ax3_ax4_ax5_fused_0 * 3328 + ax0_ax1_ax3_ax4_ax5_fused_1 * 128 + ax0_ax1_ax3_ax4_ax5_fused_2 * 4 + ax0_ax1_ax3_ax4_ax5_fused_3) // 1024)
                                        v1 = T.axis.spatial(8, ax0_0_0_ax1_0_0_fused * 2 + (ax0_ax1_ax3_ax4_ax5_fused_0 * 3328 + ax0_ax1_ax3_ax4_ax5_fused_1 * 128 + ax0_ax1_ax3_ax4_ax5_fused_2 * 4 + ax0_ax1_ax3_ax4_ax5_fused_3) % 1024 // 512)
                                        v2 = T.axis.spatial(1, ax2)
                                        v3 = T.axis.spatial(2, (ax0_ax1_ax3_ax4_ax5_fused_0 * 3328 + ax0_ax1_ax3_ax4_ax5_fused_1 * 128 + ax0_ax1_ax3_ax4_ax5_fused_2 * 4 + ax0_ax1_ax3_ax4_ax5_fused_3) % 512 // 256)
                                        v4 = T.axis.spatial(16, (ax0_ax1_ax3_ax4_ax5_fused_0 * 3328 + ax0_ax1_ax3_ax4_ax5_fused_1 * 128 + ax0_ax1_ax3_ax4_ax5_fused_2 * 4 + ax0_ax1_ax3_ax4_ax5_fused_3) % 256 // 16)
                                        v5 = T.axis.spatial(16, (ax0_ax1_ax3_ax4_ax5_fused_0 * 3328 + ax0_ax1_ax3_ax4_ax5_fused_1 * 128 + ax0_ax1_ax3_ax4_ax5_fused_2 * 4 + ax0_ax1_ax3_ax4_ax5_fused_3) % 16)
                                        T.where((((ax0_ax1_ax3_ax4_ax5_fused_0 * 26 + ax0_ax1_ax3_ax4_ax5_fused_1) * 32 + ax0_ax1_ax3_ax4_ax5_fused_2) * 4 + ax0_ax1_ax3_ax4_ax5_fused_3) // 1024 * 16 + (((ax0_ax1_ax3_ax4_ax5_fused_0 * 26 + ax0_ax1_ax3_ax4_ax5_fused_1) * 32 + ax0_ax1_ax3_ax4_ax5_fused_2) * 4 + ax0_ax1_ax3_ax4_ax5_fused_3) % 256 // 16 < 196)
                                        T.reads(conv2d_nchw_reindex_pad_shared_dyn[v0, v1, v2, v3, v4, v5])
                                        T.writes(conv2d_nchw[0, v5 + v3 * 16 + v1 * 32, (v4 + v0 * 16) // 14, (v4 + v0 * 16) % 14])
                                        conv2d_nchw[0, v5 + v3 * 16 + v1 * 32, (v4 + v0 * 16) // 14, (v4 + v0 * 16) % 14] = conv2d_nchw_reindex_pad_shared_dyn[v0, v1, v2, v3, v4, v5]
b0 = sch.get_block(name="pad_temp", func_name="main")
b1 = sch.get_block(name="conv2d_nchw", func_name="main")
b2 = sch.get_block(name="root", func_name="main")
sch.annotate(block_or_loop=b1, ann_key="meta_schedule.tiling_structure", ann_val="SSSRRSRS")
b3 = sch.reindex(block=b1, buffer=("write", 0))
b4 = sch.reindex(block=b1, buffer=("read", 0))
b5 = sch.reindex(block=b1, buffer=("read", 1))
sch.transform_layout(block=b1, buffer=("read", 0), index_map=lambda v_nn, v_yy, v_xx, v_rc, v_ry, v_rx: (v_nn * 196 + v_yy * 14 + v_xx, v_rc * 9 + v_ry * 3 + v_rx,), pad_value=None, assume_injective_transform=True)
sch.transform_layout(block=b1, buffer=("read", 1), index_map=lambda v_ff, v_rc, v_ry, v_rx: (v_ff, v_rc * 9 + v_ry * 3 + v_rx,), pad_value=None, assume_injective_transform=True)
sch.transform_layout(block=b1, buffer=("write", 0), index_map=lambda v_nn, v_ff, v_yy, v_xx: (v_nn * 196 + v_yy * 14 + v_xx, v_ff,), pad_value=None, assume_injective_transform=True)
sch.transform_block_layout(block=b3, index_map=lambda v_nn, v_ff, v_yy, v_xx: (v_nn * 196 + v_yy * 14 + v_xx, v_ff,))
sch.transform_block_layout(block=b4, index_map=lambda v_nn, v_yy, v_xx, v_rc, v_ry, v_rx: (v_nn * 196 + v_yy * 14 + v_xx, v_rc * 9 + v_ry * 3 + v_rx,))
sch.transform_block_layout(block=b5, index_map=lambda v_ff, v_rc, v_ry, v_rx: (v_ff, v_rc * 9 + v_ry * 3 + v_rx,))
sch.transform_block_layout(block=b1, index_map=lambda v_nn, v_ff, v_yy, v_xx, v_rc, v_ry, v_rx: (v_nn * 196 + v_yy * 14 + v_xx, v_ff, v_rc * 9 + v_ry * 3 + v_rx,))
sch.pad_einsum(block=b1, padding=[16, 1, 1])
b6, b7 = sch.get_producers(block=b1)
b8, = sch.get_producers(block=b6)
b9, = sch.get_consumers(block=b1)
sch.compute_inline(block=b8)
sch.compute_inline(block=b9)
l10, l11, l12 = sch.get_loops(block=b1)
l13, l14 = sch.split(loop=l12, factors=[None, 16], preserve_unit_iters=True, disable_predication=False)
l15, l16 = sch.split(loop=l11, factors=[None, 16], preserve_unit_iters=True, disable_predication=False)
l17, l18 = sch.split(loop=l10, factors=[None, 16], preserve_unit_iters=True, disable_predication=False)
l19, l20, l21, l22, l23, l24 = sch.get_loops(block=b1)
sch.reorder(l21, l23, l18, l16, l14)
b25 = sch.blockize(target=l18, preserve_unit_iters=True)
sch.annotate(block_or_loop=b25, ann_key="meta_schedule.auto_tensorize", ann_val="wmma_sync_16x16x16_f16f16f16_trans")
sch.annotate(block_or_loop=b25, ann_key="meta_schedule.auto_tensorize_init", ann_val="wmma_fill_16x16x16_f16")
sch.annotate(block_or_loop=b25, ann_key="warp_execution", ann_val=1)
l26, l27, l28 = sch.get_loops(block=b25)
v29, v30, v31, v32, v33 = sch.sample_perfect_tile(loop=l26, n=5, max_innermost_factor=4, decision=[1, 1, 13, 1, 1])
l34, l35, l36, l37, l38 = sch.split(loop=l26, factors=[v29, v30, v31, v32, v33], preserve_unit_iters=True, disable_predication=False)
v39, v40, v41, v42, v43 = sch.sample_perfect_tile(loop=l27, n=5, max_innermost_factor=4, decision=[4, 1, 2, 1, 2])
l44, l45, l46, l47, l48 = sch.split(loop=l27, factors=[v39, v40, v41, v42, v43], preserve_unit_iters=True, disable_predication=False)
v49, v50, v51 = sch.sample_perfect_tile(loop=l28, n=3, max_innermost_factor=4, decision=[48, 1, 3])
l52, l53, l54 = sch.split(loop=l28, factors=[v49, v50, v51], preserve_unit_iters=True, disable_predication=False)
sch.reorder(l34, l44, l35, l45, l36, l46, l52, l53, l37, l47, l54, l38, l48)
l55 = sch.fuse(l34, l44, preserve_unit_iters=True)
sch.bind(loop=l55, thread_axis="blockIdx.y")
l56 = sch.fuse(l35, l45, preserve_unit_iters=True)
sch.bind(loop=l56, thread_axis="blockIdx.x")
l57 = sch.fuse(l36, l46, preserve_unit_iters=True)
sch.bind(loop=l57, thread_axis="threadIdx.y")
sch.annotate(block_or_loop=b25, ann_key="meta_schedule.thread_extent_low_inclusive", ann_val=32)
sch.annotate(block_or_loop=b25, ann_key="meta_schedule.thread_extent_high_inclusive", ann_val=1024)
sch.transform_layout(block=b25, buffer=("write", 0), index_map=lambda i0, i1: (i0 // 16 // (v32 * v33), i1 // 16 // (v42 * v43), i0 // 16 % (v32 * v33), i1 // 16 % (v42 * v43), i0 % 16, i1 % 16,), pad_value=None, assume_injective_transform=True)
b58 = sch.cache_write(block=b25, write_buffer_index=0, storage_scope="shared.dyn")
sch.reverse_compute_at(block=b58, loop=l56, preserve_unit_loops=True, index=-1)
b59 = sch.cache_write(block=b25, write_buffer_index=0, storage_scope="wmma.accumulator")
l60, l61, l62, l63, l64, l65, l66, l67 = sch.get_loops(block=b58)
sch.reorder(l64, l62, l63, l65)
sch.compute_at(block=b59, loop=l64, preserve_unit_loops=True, index=-1)
l68, l69, l70, l71, l72, l73, l74, l75, l76 = sch.get_loops(block=b59)
l77 = sch.fuse(l71, l72, preserve_unit_iters=True)
sch.bind(loop=l77, thread_axis="threadIdx.y")
sch.reverse_compute_inline(block=b3)
l78, l79, l80, l81, l82, l83, l84, l85 = sch.get_loops(block=b59)
b86 = sch.blockize(target=l84, preserve_unit_iters=True)
sch.annotate(block_or_loop=b86, ann_key="meta_schedule.auto_tensorize", ann_val="wmma_store_16x16x16_f16_shared_dyn")
l87, l88, l89, l90, l91, l92, l93, l94 = sch.get_loops(block=b58)
l95 = sch.fuse(l90, l91, l92, l93, l94, preserve_unit_iters=True)
v96 = sch.sample_categorical(candidates=[1, 2, 4, 8], probs=[0.25, 0.25, 0.25, 0.25], decision=2)
sch.annotate(block_or_loop=b58, ann_key="meta_schedule.cooperative_fetch", ann_val=v96)
b97 = sch.cache_read(block=b25, read_buffer_index=0, storage_scope="shared.dyn", consumer_blocks=[b25])
sch.compute_at(block=b97, loop=l52, preserve_unit_loops=True, index=-1)
l98, l99, l100, l101, l102, l103 = sch.get_loops(block=b97)
l104 = sch.fuse(l102, l103, preserve_unit_iters=True)
v105 = sch.sample_categorical(candidates=[1, 2, 4, 8], probs=[0.25, 0.25, 0.25, 0.25], decision=0)
sch.annotate(block_or_loop=b97, ann_key="meta_schedule.cooperative_fetch", ann_val=v105)
b106 = sch.cache_read(block=b25, read_buffer_index=1, storage_scope="shared.dyn", consumer_blocks=[b25])
sch.compute_at(block=b106, loop=l52, preserve_unit_loops=True, index=-1)
l107, l108, l109, l110, l111, l112 = sch.get_loops(block=b106)
l113 = sch.fuse(l111, l112, preserve_unit_iters=True)
v114 = sch.sample_categorical(candidates=[1, 2, 4, 8], probs=[0.25, 0.25, 0.25, 0.25], decision=3)
sch.annotate(block_or_loop=b106, ann_key="meta_schedule.cooperative_fetch", ann_val=v114)
b115 = sch.cache_read(block=b25, read_buffer_index=0, storage_scope="wmma.matrix_a")
sch.compute_at(block=b115, loop=l53, preserve_unit_loops=True, index=-1)
l116, l117, l118, l119, l120, l121, l122 = sch.get_loops(block=b115)
l123, l124 = sch.split(loop=l122, factors=[None, 16], preserve_unit_iters=True, disable_predication=False)
l125, l126 = sch.split(loop=l121, factors=[None, 16], preserve_unit_iters=True, disable_predication=False)
l127, l128, l129, l130, l131, l132, l133, l134, l135 = sch.get_loops(block=b115)
sch.reorder(l134, l126, l124)
b136 = sch.blockize(target=l126, preserve_unit_iters=True)
sch.annotate(block_or_loop=b136, ann_key="meta_schedule.auto_tensorize", ann_val="wmma_load_16x16x16_f16_a_shared_dyn")
b137 = sch.cache_read(block=b25, read_buffer_index=1, storage_scope="wmma.matrix_b")
sch.compute_at(block=b137, loop=l53, preserve_unit_loops=True, index=-1)
l138, l139, l140, l141, l142, l143, l144 = sch.get_loops(block=b137)
l145, l146 = sch.split(loop=l144, factors=[None, 16], preserve_unit_iters=True, disable_predication=False)
l147, l148 = sch.split(loop=l143, factors=[None, 16], preserve_unit_iters=True, disable_predication=False)
l149, l150, l151, l152, l153, l154, l155, l156, l157 = sch.get_loops(block=b137)
sch.reorder(l156, l148, l146)
b158 = sch.blockize(target=l148, preserve_unit_iters=True)
sch.annotate(block_or_loop=b158, ann_key="meta_schedule.auto_tensorize", ann_val="wmma_load_16x16x16_f16_b_trans_shared_dyn")
b159, = sch.get_producers(block=b97)
sch.compute_inline(block=b159)
sch.storage_align(block=b97, buffer_index=0, axis=-2, factor=32, offset=8)
b160, = sch.get_producers(block=b106)
sch.compute_inline(block=b160)
sch.storage_align(block=b106, buffer_index=0, axis=-2, factor=32, offset=8)
sch.compute_inline(block=b0)
v161 = sch.sample_categorical(candidates=[0, 16, 64, 512, 1024], probs=[0.20000000000000001, 0.20000000000000001, 0.20000000000000001, 0.20000000000000001, 0.20000000000000001], decision=0)
sch.annotate(block_or_loop=b2, ann_key="meta_schedule.unroll_explicit", ann_val=v161)
sch.enter_postproc()
sch.unannotate(block_or_loop=b58, ann_key="meta_schedule.cooperative_fetch")
l162, l163, l164, l165 = sch.get_loops(block=b58)
l166, l167, l168, l169 = sch.split(loop=l165, factors=[None, 26, 32, 4], preserve_unit_iters=True, disable_predication=False)
sch.vectorize(loop=l169)
sch.bind(loop=l168, thread_axis="threadIdx.x")
sch.bind(loop=l167, thread_axis="threadIdx.y")
sch.unannotate(block_or_loop=b97, ann_key="meta_schedule.cooperative_fetch")
l170, l171, l172, l173, l174 = sch.get_loops(block=b97)
l175, l176, l177 = sch.split(loop=l174, factors=[None, 26, 32], preserve_unit_iters=True, disable_predication=False)
sch.bind(loop=l177, thread_axis="threadIdx.x")
sch.bind(loop=l176, thread_axis="threadIdx.y")
sch.unannotate(block_or_loop=b106, ann_key="meta_schedule.cooperative_fetch")
l178, l179, l180, l181, l182 = sch.get_loops(block=b106)
l183, l184, l185, l186 = sch.split(loop=l182, factors=[None, 26, 32, 8], preserve_unit_iters=True, disable_predication=False)
sch.vectorize(loop=l186)
sch.bind(loop=l185, thread_axis="threadIdx.x")
sch.bind(loop=l184, thread_axis="threadIdx.y")
b187 = sch.get_block(name="root", func_name="main")
sch.unannotate(block_or_loop=b187, ann_key="meta_schedule.unroll_explicit")
b188, b189, b190, b191, b192, b193, b194 = sch.get_child_blocks(b187)
l195, l196, l197, l198, l199, l200, l201 = sch.get_loops(block=b188)
l202, l203, l204, l205, l206, l207, l208, l209 = sch.get_loops(block=b189)
l210, l211, l212, l213, l214, l215, l216 = sch.get_loops(block=b190)
l217, l218, l219, l220, l221, l222, l223 = sch.get_loops(block=b191)
l224, l225, l226, l227, l228, l229, l230, l231, l232, l233 = sch.get_loops(block=b192)
l234, l235, l236, l237, l238, l239 = sch.get_loops(block=b193)
l240, l241, l242, l243, l244, l245, l246 = sch.get_loops(block=b194)
b247 = sch.get_block(name="conv2d_nchw_o", func_name="main")
l248, l249, l250, l251, l252, l253, l254, l255, l256, l257 = sch.get_loops(block=b247)
b258 = sch.decompose_reduction(block=b247, loop=l251)
sch.unannotate(block_or_loop=b258, ann_key="meta_schedule.auto_tensorize")
sch.annotate(block_or_loop=b258, ann_key="meta_schedule.auto_tensorize", ann_val="wmma_fill_16x16x16_f16")
sch.unannotate(block_or_loop=b247, ann_key="meta_schedule.auto_tensorize_init")
sch.unannotate(block_or_loop=b258, ann_key="meta_schedule.auto_tensorize_init")
b259 = sch.get_block(name="conv2d_nchw_o_init", func_name="main")
sch.unannotate(block_or_loop=b259, ann_key="meta_schedule.auto_tensorize")
sch.tensorize(block_or_loop=b259, tensor_intrin="wmma_fill_16x16x16_f16", preserve_unit_iters=True)
b260 = sch.get_block(name="pad_temp_reindex_pad_shared.dyn_wmma.matrix_a_o", func_name="main")
sch.unannotate(block_or_loop=b260, ann_key="meta_schedule.auto_tensorize")
sch.tensorize(block_or_loop=b260, tensor_intrin="wmma_load_16x16x16_f16_a_shared_dyn", preserve_unit_iters=True)
b261 = sch.get_block(name="W_reindex_shared.dyn_wmma.matrix_b_o", func_name="main")
sch.unannotate(block_or_loop=b261, ann_key="meta_schedule.auto_tensorize")
sch.tensorize(block_or_loop=b261, tensor_intrin="wmma_load_16x16x16_f16_b_trans_shared_dyn", preserve_unit_iters=True)
b262 = sch.get_block(name="conv2d_nchw_o_update", func_name="main")
sch.unannotate(block_or_loop=b262, ann_key="meta_schedule.auto_tensorize")
sch.tensorize(block_or_loop=b262, tensor_intrin="wmma_sync_16x16x16_f16f16f16_trans", preserve_unit_iters=True)
b263 = sch.get_block(name="conv2d_nchw_reindex_pad_shared.dyn_wmma.accumulator_o", func_name="main")
sch.unannotate(block_or_loop=b263, ann_key="meta_schedule.auto_tensorize")
sch.tensorize(block_or_loop=b263, tensor_intrin="wmma_store_16x16x16_f16_shared_dyn", preserve_unit_iters=True)
2025-10-07 10:55:53 [INFO] [task_scheduler.cc:131] [Task #0: main] Trial #96: GFLOPs: 954.3847. Time: 242.2619 us. Best GFLOPs: 15013.0315
2025-10-07 10:55:53 [INFO] [task_scheduler.cc:131] [Task #0: main] Trial #97: GFLOPs: 178.0947. Time: 1298.2473 us. Best GFLOPs: 15013.0315
2025-10-07 10:55:53 [INFO] [task_scheduler.cc:131] [Task #0: main] Trial #98: GFLOPs: 2637.2521. Time: 87.6712 us. Best GFLOPs: 15013.0315
2025-10-07 10:55:53 [INFO] [task_scheduler.cc:131] [Task #0: main] Trial #99: GFLOPs: 1599.7483. Time: 144.5296 us. Best GFLOPs: 15013.0315
2025-10-07 10:55:53 [INFO] [task_scheduler.cc:131] [Task #0: main] Trial #100: GFLOPs: 7203.1270. Time: 32.0987 us. Best GFLOPs: 15013.0315
2025-10-07 10:55:53 [INFO] [task_scheduler.cc:131] [Task #0: main] Trial #101: GFLOPs: 1206.5573. Time: 191.6287 us. Best GFLOPs: 15013.0315
2025-10-07 10:55:53 [INFO] [task_scheduler.cc:131] [Task #0: main] Trial #102: GFLOPs: 3157.9405. Time: 73.2158 us. Best GFLOPs: 15013.0315
2025-10-07 10:55:53 [INFO] [task_scheduler.cc:131] [Task #0: main] Trial #103: GFLOPs: 1978.9060. Time: 116.8378 us. Best GFLOPs: 15013.0315
2025-10-07 10:55:53 [INFO] [task_scheduler.cc:131] [Task #0: main] Trial #104: GFLOPs: 4402.1798. Time: 52.5219 us. Best GFLOPs: 15013.0315
2025-10-07 10:55:53 [INFO] [task_scheduler.cc:131] [Task #0: main] Trial #105: GFLOPs: 1191.4163. Time: 194.0640 us. Best GFLOPs: 15013.0315
2025-10-07 10:55:53 [INFO] [task_scheduler.cc:131] [Task #0: main] Trial #106: GFLOPs: 2833.3545. Time: 81.6033 us. Best GFLOPs: 15013.0315
2025-10-07 10:55:53 [INFO] [task_scheduler.cc:131] [Task #0: main] Trial #107: GFLOPs: 1547.0980. Time: 149.4482 us. Best GFLOPs: 15013.0315
2025-10-07 10:55:53 [INFO] [task_scheduler.cc:131] [Task #0: main] Trial #108: GFLOPs: 1191.8673. Time: 193.9906 us. Best GFLOPs: 15013.0315
2025-10-07 10:55:53 [INFO] [task_scheduler.cc:131] [Task #0: main] Trial #109: GFLOPs: 2756.3081. Time: 83.8843 us. Best GFLOPs: 15013.0315
2025-10-07 10:55:53 [INFO] [task_scheduler.cc:131] [Task #0: main] Trial #110: GFLOPs: 1412.6655. Time: 163.6700 us. Best GFLOPs: 15013.0315
2025-10-07 10:55:53 [INFO] [task_scheduler.cc:131] [Task #0: main] Trial #111: GFLOPs: 725.4447. Time: 318.7162 us. Best GFLOPs: 15013.0315
2025-10-07 10:55:53 [INFO] [task_scheduler.cc:131] [Task #0: main] Trial #112: GFLOPs: 1459.9980. Time: 158.3639 us. Best GFLOPs: 15013.0315
2025-10-07 10:55:53 [INFO] [task_scheduler.cc:131] [Task #0: main] Trial #113: GFLOPs: 4991.5275. Time: 46.3207 us. Best GFLOPs: 15013.0315
2025-10-07 10:55:53 [INFO] [task_scheduler.cc:131] [Task #0: main] Trial #114: GFLOPs: 793.5791. Time: 291.3522 us. Best GFLOPs: 15013.0315
2025-10-07 10:55:53 [INFO] [task_scheduler.cc:131] [Task #0: main] Trial #115: GFLOPs: 988.8658. Time: 233.8143 us. Best GFLOPs: 15013.0315
2025-10-07 10:55:53 [INFO] [task_scheduler.cc:131] [Task #0: main] Trial #116: GFLOPs: 1098.6907. Time: 210.4423 us. Best GFLOPs: 15013.0315
2025-10-07 10:55:53 [INFO] [task_scheduler.cc:131] [Task #0: main] Trial #117: GFLOPs: 1043.3702. Time: 221.6002 us. Best GFLOPs: 15013.0315
2025-10-07 10:55:53 [INFO] [task_scheduler.cc:131] [Task #0: main] Trial #118: GFLOPs: 929.7438. Time: 248.6825 us. Best GFLOPs: 15013.0315
2025-10-07 10:55:53 [INFO] [task_scheduler.cc:131] [Task #0: main] Trial #119: GFLOPs: 4207.2664. Time: 54.9552 us. Best GFLOPs: 15013.0315
2025-10-07 10:55:53 [INFO] [task_scheduler.cc:131] [Task #0: main] Trial #120: GFLOPs: 559.0918. Time: 413.5475 us. Best GFLOPs: 15013.0315
2025-10-07 10:55:53 [INFO] [task_scheduler.cc:131] [Task #0: main] Trial #121: GFLOPs: 2806.6039. Time: 82.3811 us. Best GFLOPs: 15013.0315
2025-10-07 10:55:53 [INFO] [task_scheduler.cc:131] [Task #0: main] Trial #122: GFLOPs: 1400.9170. Time: 165.0426 us. Best GFLOPs: 15013.0315
2025-10-07 10:55:53 [INFO] [task_scheduler.cc:131] [Task #0: main] Trial #123: GFLOPs: 1834.0892. Time: 126.0631 us. Best GFLOPs: 15013.0315
2025-10-07 10:55:53 [INFO] [task_scheduler.cc:131] [Task #0: main] Trial #124: GFLOPs: 723.3175. Time: 319.6536 us. Best GFLOPs: 15013.0315
2025-10-07 10:55:53 [INFO] [task_scheduler.cc:121] [Task #0: main] Trial #125: Error in building:
LocalBuilder: An exception occurred
Traceback (most recent call last):
  File "/workspace/tvm-dev/python/tvm/exec/popen_worker.py", line 87, in main
    result = fn(*args, **kwargs)
             ^^^^^^^^^^^^^^^^^^^
  File "/workspace/tvm-dev/python/tvm/meta_schedule/builder/local_builder.py", line 165, in <lambda>
    lambda x: _worker_func(*x),
              ^^^^^^^^^^^^^^^^
  File "/workspace/tvm-dev/python/tvm/meta_schedule/builder/local_builder.py", line 231, in _worker_func
    rt_mod: Module = f_build(mod, target, _deserialize_params(params))
                     ^^^^^^^^^^^^^^^^^^^^^^^^^^^^^^^^^^^^^^^^^^^^^^^^^
  File "/workspace/tvm-dev/python/tvm/_ffi/_ctypes/packed_func.py", line 245, in __call__
    raise_last_ffi_error()
  File "/workspace/tvm-dev/python/tvm/_ffi/base.py", line 481, in raise_last_ffi_error
    raise py_err
  File "/workspace/tvm-dev/python/tvm/meta_schedule/builder/local_builder.py", line 261, in default_build
    return tvm_build(mod, target=target)
           ^^^^^^^^^^^^^^^^^^^^^^^^^^^^^
  File "/workspace/tvm-dev/python/tvm/driver/build_module.py", line 297, in build
    rt_mod_host = _driver_ffi.tir_to_runtime(annotated_mods, target_host)
                  ^^^^^^^^^^^^^^^^^^^^^^^^^^^^^^^^^^^^^^^^^^^^^^^^^^^^^^^
  File "/workspace/tvm-dev/python/tvm/_ffi/_ctypes/packed_func.py", line 245, in __call__
    raise_last_ffi_error()
  File "/workspace/tvm-dev/python/tvm/_ffi/base.py", line 481, in raise_last_ffi_error
    raise py_err
ValueError: Traceback (most recent call last):
  33: tvm::runtime::PackedFuncObj::Extractor<tvm::runtime::PackedFuncSubObj<tvm::runtime::TypedPackedFunc<tvm::runtime::Module (tvm::runtime::Map<tvm::Target, tvm::IRModule, void, void> const&, tvm::Target)>::AssignTypedLambda<tvm::__mk_TVM24::{lambda(tvm::runtime::Map<tvm::Target, tvm::IRModule, void, void> const&, tvm::Target)#1}>(tvm::__mk_TVM24::{lambda(tvm::runtime::Map<tvm::Target, tvm::IRModule, void, void> const&, tvm::Target)#1}, std::__cxx11::basic_string<char, std::char_traits<char>, std::allocator<char> >)::{lambda(tvm::runtime::TVMArgs const&, tvm::runtime::TVMRetValue*)#1}> >::Call(tvm::runtime::PackedFuncObj const*, std::__cxx11::basic_string<char, std::char_traits<char>, std::allocator<char> >, tvm::runtime::TVMRetValue)
  32: tvm::TIRToRuntime(tvm::runtime::Map<tvm::Target, tvm::IRModule, void, void> const&, tvm::Target const&)
  31: tvm::codegen::Build(tvm::IRModule, tvm::Target)
  30: _ZN3tvm7runtime13PackedFuncObj
  29: tvm::runtime::TypedPackedFunc<tvm::runtime::Module (tvm::IRModule, tvm::Target)>::AssignTypedLambda<tvm::runtime::Module (*)(tvm::IRModule, tvm::Target)>(tvm::runtime::Module (*)(tvm::IRModule, tvm::Target), std::__cxx11::basic_string<char, std::char_traits<char>, std::allocator<char> >)::{lambda(tvm::runtime::TVMArgs const&, tvm::runtime::TVMRetValue*)#1}::operator()(tvm::runtime::TVMArgs const&, tvm::runtime::TVMRetValue*) const
  28: tvm::codegen::BuildCUDA(tvm::IRModule, tvm::Target)
  27: tvm::codegen::CodeGenC::AddFunction(tvm::GlobalVar const&, tvm::tir::PrimFunc const&)
  26: tvm::codegen::CodeGenCUDA::VisitStmt_(tvm::tir::AllocateNode const*)
  25: tvm::codegen::CodeGenCUDA::VisitStmt_(tvm::tir::AllocateNode const*)
  24: tvm::codegen::CodeGenCUDA::VisitStmt_(tvm::tir::AllocateNode const*)
  23: tvm::codegen::CodeGenCUDA::VisitStmt_(tvm::tir::AllocateNode const*)
  22: tvm::codegen::CodeGenC::VisitStmt_(tvm::tir::SeqStmtNode const*)
  21: tvm::codegen::CodeGenC::VisitStmt_(tvm::tir::ForNode const*)
  20: tvm::codegen::CodeGenC::VisitStmt_(tvm::tir::SeqStmtNode const*)
  19: tvm::codegen::CodeGenC::VisitStmt_(tvm::tir::BufferStoreNode const*)
  18: tvm::codegen::CodeGenC::PrintExpr[abi:cxx11](tvm::PrimExpr const&)
  17: tvm::codegen::CodeGenC::VisitExpr_(tvm::tir::BufferLoadNode const*, std::ostream&)
  16: tvm::codegen::CodeGenC::PrintExpr[abi:cxx11](tvm::PrimExpr const&)
  15: void tvm::codegen::PrintBinaryExpr<tvm::tir::AddNode>(tvm::tir::AddNode const*, char const*, std::ostream&, tvm::codegen::CodeGenC*)
  14: tvm::codegen::CodeGenCUDA::PrintVecBinaryOp(std::__cxx11::basic_string<char, std::char_traits<char>, std::allocator<char> > const&, tvm::runtime::DataType, tvm::PrimExpr, tvm::PrimExpr, std::ostream&)
  13: tvm::codegen::CodeGenC::PrintExpr[abi:cxx11](tvm::PrimExpr const&)
  12: void tvm::codegen::PrintBinaryExpr<tvm::tir::AddNode>(tvm::tir::AddNode const*, char const*, std::ostream&, tvm::codegen::CodeGenC*)
  11: tvm::codegen::CodeGenCUDA::PrintVecBinaryOp(std::__cxx11::basic_string<char, std::char_traits<char>, std::allocator<char> > const&, tvm::runtime::DataType, tvm::PrimExpr, tvm::PrimExpr, std::ostream&)
  10: tvm::codegen::CodeGenC::PrintExpr[abi:cxx11](tvm::PrimExpr const&)
  9: void tvm::codegen::PrintBinaryExpr<tvm::tir::AddNode>(tvm::tir::AddNode const*, char const*, std::ostream&, tvm::codegen::CodeGenC*)
  8: tvm::codegen::CodeGenCUDA::PrintVecBinaryOp(std::__cxx11::basic_string<char, std::char_traits<char>, std::allocator<char> > const&, tvm::runtime::DataType, tvm::PrimExpr, tvm::PrimExpr, std::ostream&)
  7: tvm::codegen::CodeGenC::PrintExpr[abi:cxx11](tvm::PrimExpr const&)
  6: void tvm::codegen::PrintBinaryExpr<tvm::tir::MulNode>(tvm::tir::MulNode const*, char const*, std::ostream&, tvm::codegen::CodeGenC*)
  5: tvm::codegen::CodeGenCUDA::PrintVecBinaryOp(std::__cxx11::basic_string<char, std::char_traits<char>, std::allocator<char> > const&, tvm::runtime::DataType, tvm::PrimExpr, tvm::PrimExpr, std::ostream&)
  4: tvm::codegen::CodeGenC::PrintExpr[abi:cxx11](tvm::PrimExpr const&)
  3: void tvm::codegen::PrintBinaryExpr<tvm::tir::DivNode>(tvm::tir::DivNode const*, char const*, std::ostream&, tvm::codegen::CodeGenC*)
  2: tvm::codegen::CodeGenCUDA::PrintVecBinaryOp(std::__cxx11::basic_string<char, std::char_traits<char>, std::allocator<char> > const&, tvm::runtime::DataType, tvm::PrimExpr, tvm::PrimExpr, std::ostream&)
  1: tvm::codegen::CodeGenC::PrintExpr[abi:cxx11](tvm::PrimExpr const&)
  0: tvm::codegen::CodeGenCUDA::VisitExpr_(tvm::tir::RampNode const*, std::ostream&)
  File "/workspace/tvm-dev/src/target/source/codegen_cuda.cc", line 1204
ValueError: Check failed: lanes <= 4 (8 vs. 4) : Ramp of more than 4 lanes is not allowed.

# from tvm.script import ir as I
# from tvm.script import tir as T

@I.ir_module
class Module:
    @T.prim_func
    def main(A: T.Buffer((1, 256, 14, 14), "float16"), W: T.Buffer((256, 256, 3, 3), "float16"), conv2d_nchw: T.Buffer((1, 256, 14, 14), "float16")):
        T.func_attr({"tir.noalias": T.bool(True)})
        # with T.block("root"):
        conv2d_nchw_reindex_pad_shared_dyn = T.alloc_buffer((1, 8, 13, 2, 16, 16), "float16", scope="shared.dyn")
        conv2d_nchw_reindex_pad_shared_dyn_wmma_accumulator = T.alloc_buffer((1, 8, 13, 2, 16, 16), "float16", scope="wmma.accumulator")
        pad_temp_reindex_pad_shared_dyn = T.alloc_buffer((208, 2304), "float16", scope="shared.dyn")
        W_reindex_shared_dyn = T.alloc_buffer((256, 2304), "float16", scope="shared.dyn")
        pad_temp_reindex_pad_shared_dyn_wmma_matrix_a = T.alloc_buffer((208, 2304), "float16", scope="wmma.matrix_a")
        W_reindex_shared_dyn_wmma_matrix_b = T.alloc_buffer((256, 2304), "float16", scope="wmma.matrix_b")
        for ax0_0_0_ax1_0_0_fused in T.thread_binding(4, thread="blockIdx.y", annotations={"pragma_auto_unroll_max_step": 512, "pragma_unroll_explicit": 1}):
            for ax0_0_1_ax1_0_1_fused in T.thread_binding(1, thread="blockIdx.x"):
                for ax0_0_2_ax1_0_2_fused in T.thread_binding(2, thread="threadIdx.y"):
                    for ax0_0_3_init, ax1_0_3_init, ax0_0_4_init, ax1_0_4_init in T.grid(13, 1, 1, 2):
                        with T.block("conv2d_nchw_o_init"):
                            v0_o = T.axis.spatial(13, ax0_0_3_init + ax0_0_4_init)
                            v1_o = T.axis.spatial(16, ax0_0_0_ax1_0_0_fused * 4 + ax0_0_2_ax1_0_2_fused * 2 + ax1_0_3_init * 2 + ax1_0_4_init)
                            T.reads()
                            T.writes(conv2d_nchw_reindex_pad_shared_dyn_wmma_accumulator[0, v1_o // 2, v0_o, v1_o % 2, 0:16, 0:16])
                            T.block_attr({"meta_schedule.thread_extent_high_inclusive": 1024, "meta_schedule.thread_extent_low_inclusive": 32, "warp_execution": 1})
                            C = T.match_buffer(conv2d_nchw_reindex_pad_shared_dyn_wmma_accumulator[0, v1_o // 2, v0_o, v1_o % 2, 0:16, 0:16], (16, 16), "float16", strides=("C_s0", "C_s1"), scope="wmma.accumulator", offset_factor=16)
                            T.tvm_fill_fragment(C.data, 16, 16, 16, C.elem_offset // C.strides[0] // 16 * (C.strides[0] // 16) + C.elem_offset % C.strides[0] // 16, T.float32(0.0))
                    for ax2_0_0 in range(48):
                        for ax0_ax1_fused_0 in range(78):
                            for ax0_ax1_fused_1 in T.thread_binding(2, thread="threadIdx.y"):
                                for ax0_ax1_fused_2 in T.thread_binding(32, thread="threadIdx.x"):
                                    for ax0_ax1_fused_3 in T.vectorized(2):
                                        with T.block("pad_temp_reindex_pad_shared.dyn"):
                                            v0 = T.axis.spatial(208, (ax0_ax1_fused_0 * 128 + ax0_ax1_fused_1 * 64 + ax0_ax1_fused_2 * 2 + ax0_ax1_fused_3) // 48)
                                            v1 = T.axis.spatial(2304, ax2_0_0 * 48 + (ax0_ax1_fused_0 * 128 + ax0_ax1_fused_1 * 64 + ax0_ax1_fused_2 * 2 + ax0_ax1_fused_3) % 48)
                                            T.reads(A[0, v1 // 9, v0 // 14 + v1 % 9 // 3 - 1, v0 % 14 + v1 % 3 - 1])
                                            T.writes(pad_temp_reindex_pad_shared_dyn[v0, v1])
                                            T.block_attr({"buffer_dim_align": [[0, 0, 32, 8]]})
                                            pad_temp_reindex_pad_shared_dyn[v0, v1] = T.if_then_else(v0 < 196, T.if_then_else(1 <= v0 // 14 + v1 % 9 // 3 and v0 // 14 + v1 % 9 // 3 < 15 and 1 <= v0 % 14 + v1 % 3 and v0 % 14 + v1 % 3 < 15, A[0, v1 // 9, v0 // 14 + v1 % 9 // 3 - 1, v0 % 14 + v1 % 3 - 1], T.float16(0.0)), T.float16(0.0))
                        for ax0_ax1_fused_0 in range(6):
                            for ax0_ax1_fused_1 in T.thread_binding(2, thread="threadIdx.y"):
                                for ax0_ax1_fused_2 in T.thread_binding(32, thread="threadIdx.x"):
                                    for ax0_ax1_fused_3 in T.vectorized(8):
                                        with T.block("W_reindex_shared.dyn"):
                                            v0 = T.axis.spatial(256, ax0_0_0_ax1_0_0_fused * 64 + (ax0_ax1_fused_0 * 512 + ax0_ax1_fused_1 * 256 + ax0_ax1_fused_2 * 8 + ax0_ax1_fused_3) // 48)
                                            v1 = T.axis.spatial(2304, ax2_0_0 * 48 + (ax0_ax1_fused_0 * 512 + ax0_ax1_fused_1 * 256 + ax0_ax1_fused_2 * 8 + ax0_ax1_fused_3) % 48)
                                            T.reads(W[v0, v1 // 9, v1 % 9 // 3, v1 % 3])
                                            T.writes(W_reindex_shared_dyn[v0, v1])
                                            T.block_attr({"buffer_dim_align": [[0, 0, 32, 8]]})
                                            W_reindex_shared_dyn[v0, v1] = W[v0, v1 // 9, v1 % 9 // 3, v1 % 3]
                        for ax2_0_1 in range(1):
                            for ax0_0, ax1_0 in T.grid(13, 3):
                                with T.block("pad_temp_reindex_pad_shared.dyn_wmma.matrix_a_o"):
                                    v0_o = T.axis.spatial(13, ax0_0)
                                    v1_o = T.axis.spatial(144, ax2_0_0 * 3 + ax1_0)
                                    T.reads(pad_temp_reindex_pad_shared_dyn[v0_o * 16:v0_o * 16 + 16, v1_o * 16:v1_o * 16 + 16])
                                    T.writes(pad_temp_reindex_pad_shared_dyn_wmma_matrix_a[v0_o * 16:v0_o * 16 + 16, v1_o * 16:v1_o * 16 + 16])
                                    A_1 = T.match_buffer(pad_temp_reindex_pad_shared_dyn[v0_o * 16:v0_o * 16 + 16, v1_o * 16:v1_o * 16 + 16], (16, 16), "float16", strides=("A_s0", "A_s1"), scope="shared.dyn", offset_factor=16)
                                    C = T.match_buffer(pad_temp_reindex_pad_shared_dyn_wmma_matrix_a[v0_o * 16:v0_o * 16 + 16, v1_o * 16:v1_o * 16 + 16], (16, 16), "float16", strides=("C_s0", "C_s1"), scope="wmma.matrix_a", offset_factor=16)
                                    T.tvm_load_matrix_sync(C.data, 16, 16, 16, C.elem_offset // C.strides[0] // 16 * (C.strides[0] // 16) + C.elem_offset % C.strides[0] // 16, T.tvm_access_ptr(T.type_annotation("float16"), A_1.data, A_1.elem_offset, A_1.strides[0] * 16, 1), A_1.strides[0], "row_major")
                            for ax0_0, ax1_0 in T.grid(2, 3):
                                with T.block("W_reindex_shared.dyn_wmma.matrix_b_o"):
                                    v0_o = T.axis.spatial(16, ax0_0_0_ax1_0_0_fused * 4 + ax0_0_2_ax1_0_2_fused * 2 + ax0_0)
                                    v1_o = T.axis.spatial(144, ax2_0_0 * 3 + ax1_0)
                                    T.reads(W_reindex_shared_dyn[v0_o * 16:v0_o * 16 + 16, v1_o * 16:v1_o * 16 + 16])
                                    T.writes(W_reindex_shared_dyn_wmma_matrix_b[v0_o * 16:v0_o * 16 + 16, v1_o * 16:v1_o * 16 + 16])
                                    A_1 = T.match_buffer(W_reindex_shared_dyn[v0_o * 16:v0_o * 16 + 16, v1_o * 16:v1_o * 16 + 16], (16, 16), "float16", strides=("A_s0", "A_s1"), scope="shared.dyn", offset_factor=16)
                                    C = T.match_buffer(W_reindex_shared_dyn_wmma_matrix_b[v0_o * 16:v0_o * 16 + 16, v1_o * 16:v1_o * 16 + 16], (16, 16), "float16", strides=("C_s0", "C_s1"), scope="wmma.matrix_b", offset_factor=16)
                                    T.tvm_load_matrix_sync(C.data, 16, 16, 16, C.elem_offset // C.strides[0] // 16 * (C.strides[0] // 16) + C.elem_offset % C.strides[0] // 16, T.tvm_access_ptr(T.type_annotation("float16"), A_1.data, A_1.elem_offset, A_1.strides[0] * 16, 1), A_1.strides[0], "col_major")
                            for ax0_0_3, ax1_0_3, ax2_0_2, ax0_0_4, ax1_0_4 in T.grid(13, 1, 3, 1, 2):
                                with T.block("conv2d_nchw_o_update"):
                                    v0_o = T.axis.spatial(13, ax0_0_3 + ax0_0_4)
                                    v1_o = T.axis.spatial(16, ax0_0_0_ax1_0_0_fused * 4 + ax0_0_2_ax1_0_2_fused * 2 + ax1_0_3 * 2 + ax1_0_4)
                                    v2_o = T.axis.reduce(144, ax2_0_0 * 3 + ax2_0_1 * 3 + ax2_0_2)
                                    T.reads(conv2d_nchw_reindex_pad_shared_dyn_wmma_accumulator[0, v1_o // 2, v0_o, v1_o % 2, 0:16, 0:16], pad_temp_reindex_pad_shared_dyn_wmma_matrix_a[v0_o * 16:v0_o * 16 + 16, v2_o * 16:v2_o * 16 + 16], W_reindex_shared_dyn_wmma_matrix_b[v1_o * 16:v1_o * 16 + 16, v2_o * 16:v2_o * 16 + 16])
                                    T.writes(conv2d_nchw_reindex_pad_shared_dyn_wmma_accumulator[0, v1_o // 2, v0_o, v1_o % 2, 0:16, 0:16])
                                    T.block_attr({"meta_schedule.thread_extent_high_inclusive": 1024, "meta_schedule.thread_extent_low_inclusive": 32, "warp_execution": 1})
                                    A_1 = T.match_buffer(pad_temp_reindex_pad_shared_dyn_wmma_matrix_a[v0_o * 16:v0_o * 16 + 16, v2_o * 16:v2_o * 16 + 16], (16, 16), "float16", strides=("A_s0", "A_s1"), scope="wmma.matrix_a", offset_factor=16)
                                    B = T.match_buffer(W_reindex_shared_dyn_wmma_matrix_b[v1_o * 16:v1_o * 16 + 16, v2_o * 16:v2_o * 16 + 16], (16, 16), "float16", strides=("B_s0", "B_s1"), scope="wmma.matrix_b", offset_factor=16)
                                    C = T.match_buffer(conv2d_nchw_reindex_pad_shared_dyn_wmma_accumulator[0, v1_o // 2, v0_o, v1_o % 2, 0:16, 0:16], (16, 16), "float16", strides=("C_s0", "C_s1"), scope="wmma.accumulator", offset_factor=16)
                                    T.tvm_mma_sync(C.data, C.elem_offset // C.strides[0] // 16 * (C.strides[0] // 16) + C.elem_offset % C.strides[0] // 16, A_1.data, A_1.elem_offset // A_1.strides[0] // 16 * (A_1.strides[0] // 16) + A_1.elem_offset % A_1.strides[0] // 16, B.data, B.elem_offset // B.strides[0] // 16 * (B.strides[0] // 16) + B.elem_offset % B.strides[0] // 16, C.data, C.elem_offset // C.strides[0] // 16 * (C.strides[0] // 16) + C.elem_offset % C.strides[0] // 16)
                for ax2 in range(13):
                    for ax0_ax1_fused in T.thread_binding(2, thread="threadIdx.y"):
                        for ax2_1, ax3 in T.grid(1, 2):
                            with T.block("conv2d_nchw_reindex_pad_shared.dyn_wmma.accumulator_o"):
                                v0_o = T.axis.spatial(1, 0)
                                v1_o = T.axis.spatial(8, ax0_0_0_ax1_0_0_fused * 2 + ax0_ax1_fused)
                                v2_o = T.axis.spatial(13, ax2 + ax2_1)
                                v3_o = T.axis.spatial(2, ax3)
                                v4_o = T.axis.spatial(1, 0)
                                v5_o = T.axis.spatial(1, 0)
                                T.reads(conv2d_nchw_reindex_pad_shared_dyn_wmma_accumulator[v0_o, v1_o, v2_o, v3_o, 0:16, 0:16])
                                T.writes(conv2d_nchw_reindex_pad_shared_dyn[v0_o, v1_o, v2_o, v3_o, 0:16, 0:16])
                                A_1 = T.match_buffer(conv2d_nchw_reindex_pad_shared_dyn_wmma_accumulator[v0_o, v1_o, v2_o, v3_o, 0:16, 0:16], (16, 16), "float16", strides=("A_s0", "A_s1"), scope="wmma.accumulator", offset_factor=16)
                                C = T.match_buffer(conv2d_nchw_reindex_pad_shared_dyn[v0_o, v1_o, v2_o, v3_o, 0:16, 0:16], (16, 16), "float16", strides=("C_s0", "C_s1"), scope="shared.dyn", offset_factor=16)
                                T.tvm_store_matrix_sync(A_1.data, 16, 16, 16, A_1.elem_offset // A_1.strides[0] // 16 * (A_1.strides[0] // 16) + A_1.elem_offset % A_1.strides[0] // 16, T.tvm_access_ptr(T.type_annotation("float16"), C.data, C.elem_offset, C.strides[0] * 16, 2), C.strides[0], "row_major")
                    for ax0_ax1_ax3_ax4_ax5_fused_0 in range(4):
                        for ax0_ax1_ax3_ax4_ax5_fused_1 in T.thread_binding(2, thread="threadIdx.y"):
                            for ax0_ax1_ax3_ax4_ax5_fused_2 in T.thread_binding(32, thread="threadIdx.x"):
                                for ax0_ax1_ax3_ax4_ax5_fused_3 in T.vectorized(4):
                                    with T.block("conv2d_nchw_reindex_pad_shared.dyn"):
                                        v0 = T.axis.spatial(1, 0)
                                        v1 = T.axis.spatial(8, ax0_0_0_ax1_0_0_fused * 2 + (ax0_ax1_ax3_ax4_ax5_fused_0 * 256 + ax0_ax1_ax3_ax4_ax5_fused_1 * 128 + ax0_ax1_ax3_ax4_ax5_fused_2 * 4 + ax0_ax1_ax3_ax4_ax5_fused_3) // 512)
                                        v2 = T.axis.spatial(13, ax2)
                                        v3 = T.axis.spatial(2, (ax0_ax1_ax3_ax4_ax5_fused_0 * 256 + ax0_ax1_ax3_ax4_ax5_fused_1 * 128 + ax0_ax1_ax3_ax4_ax5_fused_2 * 4 + ax0_ax1_ax3_ax4_ax5_fused_3) % 512 // 256)
                                        v4 = T.axis.spatial(16, (ax0_ax1_ax3_ax4_ax5_fused_0 * 256 + ax0_ax1_ax3_ax4_ax5_fused_1 * 128 + ax0_ax1_ax3_ax4_ax5_fused_2 * 4 + ax0_ax1_ax3_ax4_ax5_fused_3) % 256 // 16)
                                        v5 = T.axis.spatial(16, (ax0_ax1_ax3_ax4_ax5_fused_0 * 256 + ax0_ax1_ax3_ax4_ax5_fused_1 * 128 + ax0_ax1_ax3_ax4_ax5_fused_2 * 4 + ax0_ax1_ax3_ax4_ax5_fused_3) % 16)
                                        T.where(ax2 * 16 + (((ax0_ax1_ax3_ax4_ax5_fused_0 * 2 + ax0_ax1_ax3_ax4_ax5_fused_1) * 32 + ax0_ax1_ax3_ax4_ax5_fused_2) * 4 + ax0_ax1_ax3_ax4_ax5_fused_3) % 256 // 16 < 196)
                                        T.reads(conv2d_nchw_reindex_pad_shared_dyn[v0, v1, v2, v3, v4, v5])
                                        T.writes(conv2d_nchw[0, v5 + v3 * 16 + v1 * 32, (v4 + v2 * 16 + v0 * 208) // 14, (v4 + v2 * 16 + v0 * 208) % 14])
                                        conv2d_nchw[0, v5 + v3 * 16 + v1 * 32, (v4 + v2 * 16 + v0 * 208) // 14, (v4 + v2 * 16 + v0 * 208) % 14] = conv2d_nchw_reindex_pad_shared_dyn[v0, v1, v2, v3, v4, v5]
b0 = sch.get_block(name="pad_temp", func_name="main")
b1 = sch.get_block(name="conv2d_nchw", func_name="main")
b2 = sch.get_block(name="root", func_name="main")
sch.annotate(block_or_loop=b1, ann_key="meta_schedule.tiling_structure", ann_val="SSSRRSRS")
b3 = sch.reindex(block=b1, buffer=("write", 0))
b4 = sch.reindex(block=b1, buffer=("read", 0))
b5 = sch.reindex(block=b1, buffer=("read", 1))
sch.transform_layout(block=b1, buffer=("read", 0), index_map=lambda v_nn, v_yy, v_xx, v_rc, v_ry, v_rx: (v_nn * 196 + v_yy * 14 + v_xx, v_rc * 9 + v_ry * 3 + v_rx,), pad_value=None, assume_injective_transform=True)
sch.transform_layout(block=b1, buffer=("read", 1), index_map=lambda v_ff, v_rc, v_ry, v_rx: (v_ff, v_rc * 9 + v_ry * 3 + v_rx,), pad_value=None, assume_injective_transform=True)
sch.transform_layout(block=b1, buffer=("write", 0), index_map=lambda v_nn, v_ff, v_yy, v_xx: (v_nn * 196 + v_yy * 14 + v_xx, v_ff,), pad_value=None, assume_injective_transform=True)
sch.transform_block_layout(block=b3, index_map=lambda v_nn, v_ff, v_yy, v_xx: (v_nn * 196 + v_yy * 14 + v_xx, v_ff,))
sch.transform_block_layout(block=b4, index_map=lambda v_nn, v_yy, v_xx, v_rc, v_ry, v_rx: (v_nn * 196 + v_yy * 14 + v_xx, v_rc * 9 + v_ry * 3 + v_rx,))
sch.transform_block_layout(block=b5, index_map=lambda v_ff, v_rc, v_ry, v_rx: (v_ff, v_rc * 9 + v_ry * 3 + v_rx,))
sch.transform_block_layout(block=b1, index_map=lambda v_nn, v_ff, v_yy, v_xx, v_rc, v_ry, v_rx: (v_nn * 196 + v_yy * 14 + v_xx, v_ff, v_rc * 9 + v_ry * 3 + v_rx,))
sch.pad_einsum(block=b1, padding=[16, 1, 1])
b6, b7 = sch.get_producers(block=b1)
b8, = sch.get_producers(block=b6)
b9, = sch.get_consumers(block=b1)
sch.compute_inline(block=b8)
sch.compute_inline(block=b9)
l10, l11, l12 = sch.get_loops(block=b1)
l13, l14 = sch.split(loop=l12, factors=[None, 16], preserve_unit_iters=True, disable_predication=False)
l15, l16 = sch.split(loop=l11, factors=[None, 16], preserve_unit_iters=True, disable_predication=False)
l17, l18 = sch.split(loop=l10, factors=[None, 16], preserve_unit_iters=True, disable_predication=False)
l19, l20, l21, l22, l23, l24 = sch.get_loops(block=b1)
sch.reorder(l21, l23, l18, l16, l14)
b25 = sch.blockize(target=l18, preserve_unit_iters=True)
sch.annotate(block_or_loop=b25, ann_key="meta_schedule.auto_tensorize", ann_val="wmma_sync_16x16x16_f16f16f16_trans")
sch.annotate(block_or_loop=b25, ann_key="meta_schedule.auto_tensorize_init", ann_val="wmma_fill_16x16x16_f16")
sch.annotate(block_or_loop=b25, ann_key="warp_execution", ann_val=1)
l26, l27, l28 = sch.get_loops(block=b25)
v29, v30, v31, v32, v33 = sch.sample_perfect_tile(loop=l26, n=5, max_innermost_factor=4, decision=[1, 1, 1, 13, 1])
l34, l35, l36, l37, l38 = sch.split(loop=l26, factors=[v29, v30, v31, v32, v33], preserve_unit_iters=True, disable_predication=False)
v39, v40, v41, v42, v43 = sch.sample_perfect_tile(loop=l27, n=5, max_innermost_factor=4, decision=[4, 1, 2, 1, 2])
l44, l45, l46, l47, l48 = sch.split(loop=l27, factors=[v39, v40, v41, v42, v43], preserve_unit_iters=True, disable_predication=False)
v49, v50, v51 = sch.sample_perfect_tile(loop=l28, n=3, max_innermost_factor=4, decision=[48, 1, 3])
l52, l53, l54 = sch.split(loop=l28, factors=[v49, v50, v51], preserve_unit_iters=True, disable_predication=False)
sch.reorder(l34, l44, l35, l45, l36, l46, l52, l53, l37, l47, l54, l38, l48)
l55 = sch.fuse(l34, l44, preserve_unit_iters=True)
sch.bind(loop=l55, thread_axis="blockIdx.y")
l56 = sch.fuse(l35, l45, preserve_unit_iters=True)
sch.bind(loop=l56, thread_axis="blockIdx.x")
l57 = sch.fuse(l36, l46, preserve_unit_iters=True)
sch.bind(loop=l57, thread_axis="threadIdx.y")
sch.annotate(block_or_loop=b25, ann_key="meta_schedule.thread_extent_low_inclusive", ann_val=32)
sch.annotate(block_or_loop=b25, ann_key="meta_schedule.thread_extent_high_inclusive", ann_val=1024)
sch.transform_layout(block=b25, buffer=("write", 0), index_map=lambda i0, i1: (i0 // 16 // (v32 * v33), i1 // 16 // (v42 * v43), i0 // 16 % (v32 * v33), i1 // 16 % (v42 * v43), i0 % 16, i1 % 16,), pad_value=None, assume_injective_transform=True)
b58 = sch.cache_write(block=b25, write_buffer_index=0, storage_scope="shared.dyn")
sch.reverse_compute_at(block=b58, loop=l56, preserve_unit_loops=True, index=-1)
b59 = sch.cache_write(block=b25, write_buffer_index=0, storage_scope="wmma.accumulator")
l60, l61, l62, l63, l64, l65, l66, l67 = sch.get_loops(block=b58)
sch.reorder(l64, l62, l63, l65)
sch.compute_at(block=b59, loop=l64, preserve_unit_loops=True, index=-1)
l68, l69, l70, l71, l72, l73, l74, l75, l76 = sch.get_loops(block=b59)
l77 = sch.fuse(l71, l72, preserve_unit_iters=True)
sch.bind(loop=l77, thread_axis="threadIdx.y")
sch.reverse_compute_inline(block=b3)
l78, l79, l80, l81, l82, l83, l84, l85 = sch.get_loops(block=b59)
b86 = sch.blockize(target=l84, preserve_unit_iters=True)
sch.annotate(block_or_loop=b86, ann_key="meta_schedule.auto_tensorize", ann_val="wmma_store_16x16x16_f16_shared_dyn")
l87, l88, l89, l90, l91, l92, l93, l94 = sch.get_loops(block=b58)
l95 = sch.fuse(l90, l91, l92, l93, l94, preserve_unit_iters=True)
v96 = sch.sample_categorical(candidates=[1, 2, 4, 8], probs=[0.25, 0.25, 0.25, 0.25], decision=2)
sch.annotate(block_or_loop=b58, ann_key="meta_schedule.cooperative_fetch", ann_val=v96)
b97 = sch.cache_read(block=b25, read_buffer_index=0, storage_scope="shared.dyn", consumer_blocks=[b25])
sch.compute_at(block=b97, loop=l52, preserve_unit_loops=True, index=-1)
l98, l99, l100, l101, l102, l103 = sch.get_loops(block=b97)
l104 = sch.fuse(l102, l103, preserve_unit_iters=True)
v105 = sch.sample_categorical(candidates=[1, 2, 4, 8], probs=[0.25, 0.25, 0.25, 0.25], decision=1)
sch.annotate(block_or_loop=b97, ann_key="meta_schedule.cooperative_fetch", ann_val=v105)
b106 = sch.cache_read(block=b25, read_buffer_index=1, storage_scope="shared.dyn", consumer_blocks=[b25])
sch.compute_at(block=b106, loop=l52, preserve_unit_loops=True, index=-1)
l107, l108, l109, l110, l111, l112 = sch.get_loops(block=b106)
l113 = sch.fuse(l111, l112, preserve_unit_iters=True)
v114 = sch.sample_categorical(candidates=[1, 2, 4, 8], probs=[0.25, 0.25, 0.25, 0.25], decision=3)
sch.annotate(block_or_loop=b106, ann_key="meta_schedule.cooperative_fetch", ann_val=v114)
b115 = sch.cache_read(block=b25, read_buffer_index=0, storage_scope="wmma.matrix_a")
sch.compute_at(block=b115, loop=l53, preserve_unit_loops=True, index=-1)
l116, l117, l118, l119, l120, l121, l122 = sch.get_loops(block=b115)
l123, l124 = sch.split(loop=l122, factors=[None, 16], preserve_unit_iters=True, disable_predication=False)
l125, l126 = sch.split(loop=l121, factors=[None, 16], preserve_unit_iters=True, disable_predication=False)
l127, l128, l129, l130, l131, l132, l133, l134, l135 = sch.get_loops(block=b115)
sch.reorder(l134, l126, l124)
b136 = sch.blockize(target=l126, preserve_unit_iters=True)
sch.annotate(block_or_loop=b136, ann_key="meta_schedule.auto_tensorize", ann_val="wmma_load_16x16x16_f16_a_shared_dyn")
b137 = sch.cache_read(block=b25, read_buffer_index=1, storage_scope="wmma.matrix_b")
sch.compute_at(block=b137, loop=l53, preserve_unit_loops=True, index=-1)
l138, l139, l140, l141, l142, l143, l144 = sch.get_loops(block=b137)
l145, l146 = sch.split(loop=l144, factors=[None, 16], preserve_unit_iters=True, disable_predication=False)
l147, l148 = sch.split(loop=l143, factors=[None, 16], preserve_unit_iters=True, disable_predication=False)
l149, l150, l151, l152, l153, l154, l155, l156, l157 = sch.get_loops(block=b137)
sch.reorder(l156, l148, l146)
b158 = sch.blockize(target=l148, preserve_unit_iters=True)
sch.annotate(block_or_loop=b158, ann_key="meta_schedule.auto_tensorize", ann_val="wmma_load_16x16x16_f16_b_trans_shared_dyn")
b159, = sch.get_producers(block=b97)
sch.compute_inline(block=b159)
sch.storage_align(block=b97, buffer_index=0, axis=-2, factor=32, offset=8)
b160, = sch.get_producers(block=b106)
sch.compute_inline(block=b160)
sch.storage_align(block=b106, buffer_index=0, axis=-2, factor=32, offset=8)
sch.compute_inline(block=b0)
v161 = sch.sample_categorical(candidates=[0, 16, 64, 512, 1024], probs=[0.20000000000000001, 0.20000000000000001, 0.20000000000000001, 0.20000000000000001, 0.20000000000000001], decision=3)
sch.annotate(block_or_loop=b2, ann_key="meta_schedule.unroll_explicit", ann_val=v161)
sch.enter_postproc()
sch.unannotate(block_or_loop=b58, ann_key="meta_schedule.cooperative_fetch")
l162, l163, l164, l165 = sch.get_loops(block=b58)
l166, l167, l168, l169 = sch.split(loop=l165, factors=[None, 2, 32, 4], preserve_unit_iters=True, disable_predication=False)
sch.vectorize(loop=l169)
sch.bind(loop=l168, thread_axis="threadIdx.x")
sch.bind(loop=l167, thread_axis="threadIdx.y")
sch.unannotate(block_or_loop=b97, ann_key="meta_schedule.cooperative_fetch")
l170, l171, l172, l173, l174 = sch.get_loops(block=b97)
l175, l176, l177, l178 = sch.split(loop=l174, factors=[None, 2, 32, 2], preserve_unit_iters=True, disable_predication=False)
sch.vectorize(loop=l178)
sch.bind(loop=l177, thread_axis="threadIdx.x")
sch.bind(loop=l176, thread_axis="threadIdx.y")
sch.unannotate(block_or_loop=b106, ann_key="meta_schedule.cooperative_fetch")
l179, l180, l181, l182, l183 = sch.get_loops(block=b106)
l184, l185, l186, l187 = sch.split(loop=l183, factors=[None, 2, 32, 8], preserve_unit_iters=True, disable_predication=False)
sch.vectorize(loop=l187)
sch.bind(loop=l186, thread_axis="threadIdx.x")
sch.bind(loop=l185, thread_axis="threadIdx.y")
b188 = sch.get_block(name="root", func_name="main")
sch.unannotate(block_or_loop=b188, ann_key="meta_schedule.unroll_explicit")
b189, b190, b191, b192, b193, b194, b195 = sch.get_child_blocks(b188)
l196, l197, l198, l199, l200, l201, l202, l203 = sch.get_loops(block=b189)
l204, l205, l206, l207, l208, l209, l210, l211 = sch.get_loops(block=b190)
l212, l213, l214, l215, l216, l217, l218 = sch.get_loops(block=b191)
l219, l220, l221, l222, l223, l224, l225 = sch.get_loops(block=b192)
l226, l227, l228, l229, l230, l231, l232, l233, l234, l235 = sch.get_loops(block=b193)
sch.annotate(block_or_loop=l226, ann_key="pragma_auto_unroll_max_step", ann_val=512)
sch.annotate(block_or_loop=l226, ann_key="pragma_unroll_explicit", ann_val=1)
l236, l237, l238, l239, l240, l241 = sch.get_loops(block=b194)
l242, l243, l244, l245, l246, l247, l248 = sch.get_loops(block=b195)
b249 = sch.get_block(name="conv2d_nchw_o", func_name="main")
l250, l251, l252, l253, l254, l255, l256, l257, l258, l259 = sch.get_loops(block=b249)
b260 = sch.decompose_reduction(block=b249, loop=l253)
sch.unannotate(block_or_loop=b260, ann_key="meta_schedule.auto_tensorize")
sch.annotate(block_or_loop=b260, ann_key="meta_schedule.auto_tensorize", ann_val="wmma_fill_16x16x16_f16")
sch.unannotate(block_or_loop=b249, ann_key="meta_schedule.auto_tensorize_init")
sch.unannotate(block_or_loop=b260, ann_key="meta_schedule.auto_tensorize_init")
b261 = sch.get_block(name="conv2d_nchw_o_init", func_name="main")
sch.unannotate(block_or_loop=b261, ann_key="meta_schedule.auto_tensorize")
sch.tensorize(block_or_loop=b261, tensor_intrin="wmma_fill_16x16x16_f16", preserve_unit_iters=True)
b262 = sch.get_block(name="pad_temp_reindex_pad_shared.dyn_wmma.matrix_a_o", func_name="main")
sch.unannotate(block_or_loop=b262, ann_key="meta_schedule.auto_tensorize")
sch.tensorize(block_or_loop=b262, tensor_intrin="wmma_load_16x16x16_f16_a_shared_dyn", preserve_unit_iters=True)
b263 = sch.get_block(name="W_reindex_shared.dyn_wmma.matrix_b_o", func_name="main")
sch.unannotate(block_or_loop=b263, ann_key="meta_schedule.auto_tensorize")
sch.tensorize(block_or_loop=b263, tensor_intrin="wmma_load_16x16x16_f16_b_trans_shared_dyn", preserve_unit_iters=True)
b264 = sch.get_block(name="conv2d_nchw_o_update", func_name="main")
sch.unannotate(block_or_loop=b264, ann_key="meta_schedule.auto_tensorize")
sch.tensorize(block_or_loop=b264, tensor_intrin="wmma_sync_16x16x16_f16f16f16_trans", preserve_unit_iters=True)
b265 = sch.get_block(name="conv2d_nchw_reindex_pad_shared.dyn_wmma.accumulator_o", func_name="main")
sch.unannotate(block_or_loop=b265, ann_key="meta_schedule.auto_tensorize")
sch.tensorize(block_or_loop=b265, tensor_intrin="wmma_store_16x16x16_f16_shared_dyn", preserve_unit_iters=True)
2025-10-07 10:55:53 [INFO] [task_scheduler.cc:131] [Task #0: main] Trial #126: GFLOPs: 1326.1345. Time: 174.3496 us. Best GFLOPs: 15013.0315
2025-10-07 10:55:53 [INFO] [task_scheduler.cc:131] [Task #0: main] Trial #127: GFLOPs: 3205.0551. Time: 72.1395 us. Best GFLOPs: 15013.0315
2025-10-07 10:55:53 [INFO] [task_scheduler.cc:131] [Task #0: main] Trial #128: GFLOPs: 1797.6218. Time: 128.6205 us. Best GFLOPs: 15013.0315
2025-10-07 10:55:53 [INFO] [evolutionary_search.cc:713] Generating candidates......
2025-10-07 10:55:55 [INFO] [evolutionary_search.cc:715] Picked top 102 candidate(s) from database
2025-10-07 10:56:03 [INFO] [evolutionary_search.cc:533] Sample-Init-Population summary:
Postproc #0 [meta_schedule.DisallowDynamicLoop(0x10966348)]: 0 failure(s)
Postproc #1 [meta_schedule.RewriteCooperativeFetch(0x10d195d8)]: 0 failure(s)
Postproc #2 [meta_schedule.RewriteUnboundBlock(0x10b2d658)]: 0 failure(s)
Postproc #3 [meta_schedule.RewriteParallelVectorizeUnroll(0x10c03278)]: 0 failure(s)
Postproc #4 [meta_schedule.RewriteReductionBlock(0x109facd8)]: 0 failure(s)
Postproc #5 [meta_schedule.VerifyGPUCode(0x1082ac68)]: 338 failure(s)
Postproc #6 [meta_schedule.RewriteTensorize(0x109da9c8)]: 0 failure(s)
2025-10-07 10:56:03 [INFO] [evolutionary_search.cc:723] Sampled 72 candidate(s)
2025-10-07 10:56:17 [INFO] [evolutionary_search.cc:621] Evolve iter #0 done. Summary:
Postproc #0 [meta_schedule.DisallowDynamicLoop(0x10966348)]: 0 failure(s)
Postproc #1 [meta_schedule.RewriteCooperativeFetch(0x10d195d8)]: 0 failure(s)
Postproc #2 [meta_schedule.RewriteUnboundBlock(0x10b2d658)]: 0 failure(s)
Postproc #3 [meta_schedule.RewriteParallelVectorizeUnroll(0x10c03278)]: 0 failure(s)
Postproc #4 [meta_schedule.RewriteReductionBlock(0x109facd8)]: 0 failure(s)
Postproc #5 [meta_schedule.VerifyGPUCode(0x1082ac68)]: 85 failure(s)
Postproc #6 [meta_schedule.RewriteTensorize(0x109da9c8)]: 0 failure(s)
2025-10-07 10:56:33 [INFO] [evolutionary_search.cc:621] Evolve iter #1 done. Summary:
Postproc #0 [meta_schedule.DisallowDynamicLoop(0x10966348)]: 0 failure(s)
Postproc #1 [meta_schedule.RewriteCooperativeFetch(0x10d195d8)]: 0 failure(s)
Postproc #2 [meta_schedule.RewriteUnboundBlock(0x10b2d658)]: 0 failure(s)
Postproc #3 [meta_schedule.RewriteParallelVectorizeUnroll(0x10c03278)]: 0 failure(s)
Postproc #4 [meta_schedule.RewriteReductionBlock(0x109facd8)]: 0 failure(s)
Postproc #5 [meta_schedule.VerifyGPUCode(0x1082ac68)]: 99 failure(s)
Postproc #6 [meta_schedule.RewriteTensorize(0x109da9c8)]: 0 failure(s)
2025-10-07 10:56:51 [INFO] [evolutionary_search.cc:621] Evolve iter #2 done. Summary:
Postproc #0 [meta_schedule.DisallowDynamicLoop(0x10966348)]: 0 failure(s)
Postproc #1 [meta_schedule.RewriteCooperativeFetch(0x10d195d8)]: 0 failure(s)
Postproc #2 [meta_schedule.RewriteUnboundBlock(0x10b2d658)]: 0 failure(s)
Postproc #3 [meta_schedule.RewriteParallelVectorizeUnroll(0x10c03278)]: 0 failure(s)
Postproc #4 [meta_schedule.RewriteReductionBlock(0x109facd8)]: 0 failure(s)
Postproc #5 [meta_schedule.VerifyGPUCode(0x1082ac68)]: 97 failure(s)
Postproc #6 [meta_schedule.RewriteTensorize(0x109da9c8)]: 0 failure(s)
2025-10-07 10:57:08 [INFO] [evolutionary_search.cc:621] Evolve iter #3 done. Summary:
Postproc #0 [meta_schedule.DisallowDynamicLoop(0x10966348)]: 0 failure(s)
Postproc #1 [meta_schedule.RewriteCooperativeFetch(0x10d195d8)]: 0 failure(s)
Postproc #2 [meta_schedule.RewriteUnboundBlock(0x10b2d658)]: 0 failure(s)
Postproc #3 [meta_schedule.RewriteParallelVectorizeUnroll(0x10c03278)]: 0 failure(s)
Postproc #4 [meta_schedule.RewriteReductionBlock(0x109facd8)]: 0 failure(s)
Postproc #5 [meta_schedule.VerifyGPUCode(0x1082ac68)]: 94 failure(s)
Postproc #6 [meta_schedule.RewriteTensorize(0x109da9c8)]: 0 failure(s)
2025-10-07 10:57:13 [INFO] [evolutionary_search.cc:649] Scores of the best 64 candidates:
[1 : 16]:	0.9857  0.9855  0.9566  0.9566  0.9088  0.9088  0.8562  0.8562  0.8475  0.8472  0.8472  0.8414  0.8310  0.8310  0.8307  0.8307
[17 : 32]:	0.8307  0.8273  0.7924  0.7922  0.7922  0.7922  0.7922  0.7812  0.7810  0.7810  0.7648  0.7321  0.7306  0.7303  0.7121  0.7113
[33 : 48]:	0.7111  0.7032  0.7017  0.6990  0.6990  0.6988  0.6988  0.6927  0.6879  0.6879  0.6866  0.6812  0.6812  0.6629  0.6553  0.6553
[49 : 64]:	0.6542  0.6539  0.6538  0.6535  0.6535  0.6535  0.6535  0.6517  0.6493  0.6439  0.6309  0.6262  0.6258  0.6209  0.6209  0.6192
2025-10-07 10:57:14 [INFO] [evolutionary_search.cc:727] Got 64 candidate(s) with evolutionary search
2025-10-07 10:57:14 [INFO] [evolutionary_search.cc:730] Sending 64 candidates(s) for measurement
2025-10-07 10:57:52 [INFO] [task_scheduler.cc:131] [Task #0: main] Trial #129: GFLOPs: 15141.4457. Time: 15.2701 us. Best GFLOPs: 15141.4457
2025-10-07 10:57:52 [INFO] [task_scheduler.cc:131] [Task #0: main] Trial #130: GFLOPs: 15825.5393. Time: 14.6100 us. Best GFLOPs: 15825.5393
2025-10-07 10:57:52 [INFO] [task_scheduler.cc:131] [Task #0: main] Trial #131: GFLOPs: 12910.6758. Time: 17.9085 us. Best GFLOPs: 15825.5393
2025-10-07 10:57:52 [INFO] [task_scheduler.cc:131] [Task #0: main] Trial #132: GFLOPs: 12913.1405. Time: 17.9051 us. Best GFLOPs: 15825.5393
2025-10-07 10:57:52 [INFO] [task_scheduler.cc:131] [Task #0: main] Trial #133: GFLOPs: 13550.2788. Time: 17.0632 us. Best GFLOPs: 15825.5393
2025-10-07 10:57:52 [INFO] [task_scheduler.cc:131] [Task #0: main] Trial #134: GFLOPs: 12426.8331. Time: 18.6058 us. Best GFLOPs: 15825.5393
2025-10-07 10:57:52 [INFO] [task_scheduler.cc:131] [Task #0: main] Trial #135: GFLOPs: 15059.2798. Time: 15.3534 us. Best GFLOPs: 15825.5393
2025-10-07 10:57:52 [INFO] [task_scheduler.cc:131] [Task #0: main] Trial #136: GFLOPs: 15670.4587. Time: 14.7546 us. Best GFLOPs: 15825.5393
2025-10-07 10:57:52 [INFO] [task_scheduler.cc:131] [Task #0: main] Trial #137: GFLOPs: 15826.2926. Time: 14.6093 us. Best GFLOPs: 15826.2926
2025-10-07 10:57:52 [INFO] [task_scheduler.cc:131] [Task #0: main] Trial #138: GFLOPs: 15467.9820. Time: 14.9477 us. Best GFLOPs: 15826.2926
2025-10-07 10:57:52 [INFO] [task_scheduler.cc:131] [Task #0: main] Trial #139: GFLOPs: 14819.6515. Time: 15.6016 us. Best GFLOPs: 15826.2926
2025-10-07 10:57:52 [INFO] [task_scheduler.cc:131] [Task #0: main] Trial #140: GFLOPs: 13708.8884. Time: 16.8658 us. Best GFLOPs: 15826.2926
2025-10-07 10:57:52 [INFO] [task_scheduler.cc:131] [Task #0: main] Trial #141: GFLOPs: 13578.2320. Time: 17.0281 us. Best GFLOPs: 15826.2926
2025-10-07 10:57:52 [INFO] [task_scheduler.cc:131] [Task #0: main] Trial #142: GFLOPs: 13578.0051. Time: 17.0283 us. Best GFLOPs: 15826.2926
2025-10-07 10:57:52 [INFO] [task_scheduler.cc:131] [Task #0: main] Trial #143: GFLOPs: 11690.2112. Time: 19.7782 us. Best GFLOPs: 15826.2926
2025-10-07 10:57:52 [INFO] [task_scheduler.cc:131] [Task #0: main] Trial #144: GFLOPs: 11691.7322. Time: 19.7756 us. Best GFLOPs: 15826.2926
2025-10-07 10:57:52 [INFO] [task_scheduler.cc:131] [Task #0: main] Trial #145: GFLOPs: 13402.0624. Time: 17.2519 us. Best GFLOPs: 15826.2926
2025-10-07 10:57:52 [INFO] [task_scheduler.cc:131] [Task #0: main] Trial #146: GFLOPs: 12785.0548. Time: 18.0845 us. Best GFLOPs: 15826.2926
2025-10-07 10:57:52 [INFO] [task_scheduler.cc:131] [Task #0: main] Trial #147: GFLOPs: 16260.4323. Time: 14.2192 us. Best GFLOPs: 16260.4323
2025-10-07 10:57:52 [INFO] [task_scheduler.cc:131] [Task #0: main] Trial #148: GFLOPs: 5406.0530. Time: 42.7689 us. Best GFLOPs: 16260.4323
2025-10-07 10:57:52 [INFO] [task_scheduler.cc:131] [Task #0: main] Trial #149: GFLOPs: 15507.7744. Time: 14.9094 us. Best GFLOPs: 16260.4323
2025-10-07 10:57:52 [INFO] [task_scheduler.cc:131] [Task #0: main] Trial #150: GFLOPs: 16448.2981. Time: 14.0568 us. Best GFLOPs: 16448.2981
2025-10-07 10:57:52 [INFO] [task_scheduler.cc:131] [Task #0: main] Trial #151: GFLOPs: 15508.0112. Time: 14.9091 us. Best GFLOPs: 16448.2981
2025-10-07 10:57:52 [INFO] [task_scheduler.cc:131] [Task #0: main] Trial #152: GFLOPs: 16944.9735. Time: 13.6448 us. Best GFLOPs: 16944.9735
2025-10-07 10:57:52 [INFO] [task_scheduler.cc:131] [Task #0: main] Trial #153: GFLOPs: 14817.6705. Time: 15.6037 us. Best GFLOPs: 16944.9735
2025-10-07 10:57:52 [INFO] [task_scheduler.cc:131] [Task #0: main] Trial #154: GFLOPs: 14819.4093. Time: 15.6019 us. Best GFLOPs: 16944.9735
2025-10-07 10:57:52 [INFO] [task_scheduler.cc:131] [Task #0: main] Trial #155: GFLOPs: 12503.9772. Time: 18.4910 us. Best GFLOPs: 16944.9735
2025-10-07 10:57:52 [INFO] [task_scheduler.cc:131] [Task #0: main] Trial #156: GFLOPs: 8430.2305. Time: 27.4264 us. Best GFLOPs: 16944.9735
2025-10-07 10:57:52 [INFO] [task_scheduler.cc:131] [Task #0: main] Trial #157: GFLOPs: 3079.2342. Time: 75.0872 us. Best GFLOPs: 16944.9735
2025-10-07 10:57:52 [INFO] [task_scheduler.cc:131] [Task #0: main] Trial #158: GFLOPs: 4650.0081. Time: 49.7227 us. Best GFLOPs: 16944.9735
2025-10-07 10:57:52 [INFO] [task_scheduler.cc:131] [Task #0: main] Trial #159: GFLOPs: 13585.4813. Time: 17.0190 us. Best GFLOPs: 16944.9735
2025-10-07 10:57:52 [INFO] [task_scheduler.cc:131] [Task #0: main] Trial #160: GFLOPs: 10203.6842. Time: 22.6596 us. Best GFLOPs: 16944.9735
2025-10-07 10:57:52 [INFO] [task_scheduler.cc:131] [Task #0: main] Trial #161: GFLOPs: 6861.5190. Time: 33.6968 us. Best GFLOPs: 16944.9735
2025-10-07 10:57:52 [INFO] [task_scheduler.cc:131] [Task #0: main] Trial #162: GFLOPs: 12630.0718. Time: 18.3064 us. Best GFLOPs: 16944.9735
2025-10-07 10:57:52 [INFO] [task_scheduler.cc:131] [Task #0: main] Trial #163: GFLOPs: 13525.8073. Time: 17.0941 us. Best GFLOPs: 16944.9735
2025-10-07 10:57:52 [INFO] [task_scheduler.cc:131] [Task #0: main] Trial #164: GFLOPs: 14013.3547. Time: 16.4993 us. Best GFLOPs: 16944.9735
2025-10-07 10:57:52 [INFO] [task_scheduler.cc:131] [Task #0: main] Trial #165: GFLOPs: 15831.2270. Time: 14.6047 us. Best GFLOPs: 16944.9735
2025-10-07 10:57:52 [INFO] [task_scheduler.cc:131] [Task #0: main] Trial #166: GFLOPs: 12952.8990. Time: 17.8501 us. Best GFLOPs: 16944.9735
2025-10-07 10:57:52 [INFO] [task_scheduler.cc:131] [Task #0: main] Trial #167: GFLOPs: 11364.5003. Time: 20.3450 us. Best GFLOPs: 16944.9735
2025-10-07 10:57:52 [INFO] [task_scheduler.cc:131] [Task #0: main] Trial #168: GFLOPs: 13339.2324. Time: 17.3332 us. Best GFLOPs: 16944.9735
2025-10-07 10:57:52 [INFO] [task_scheduler.cc:131] [Task #0: main] Trial #169: GFLOPs: 2613.4887. Time: 88.4683 us. Best GFLOPs: 16944.9735
2025-10-07 10:57:52 [INFO] [task_scheduler.cc:131] [Task #0: main] Trial #170: GFLOPs: 2613.4344. Time: 88.4702 us. Best GFLOPs: 16944.9735
2025-10-07 10:57:52 [INFO] [task_scheduler.cc:131] [Task #0: main] Trial #171: GFLOPs: 11014.9374. Time: 20.9907 us. Best GFLOPs: 16944.9735
2025-10-07 10:57:52 [INFO] [task_scheduler.cc:131] [Task #0: main] Trial #172: GFLOPs: 3410.3355. Time: 67.7971 us. Best GFLOPs: 16944.9735
2025-10-07 10:57:52 [INFO] [task_scheduler.cc:131] [Task #0: main] Trial #173: GFLOPs: 3410.4083. Time: 67.7957 us. Best GFLOPs: 16944.9735
2025-10-07 10:57:52 [INFO] [task_scheduler.cc:131] [Task #0: main] Trial #174: GFLOPs: 16420.1935. Time: 14.0809 us. Best GFLOPs: 16944.9735
2025-10-07 10:57:52 [INFO] [task_scheduler.cc:121] [Task #0: main] Trial #175: Error in building:
LocalBuilder: An exception occurred
Traceback (most recent call last):
  File "/workspace/tvm-dev/python/tvm/exec/popen_worker.py", line 87, in main
    result = fn(*args, **kwargs)
             ^^^^^^^^^^^^^^^^^^^
  File "/workspace/tvm-dev/python/tvm/meta_schedule/builder/local_builder.py", line 165, in <lambda>
    lambda x: _worker_func(*x),
              ^^^^^^^^^^^^^^^^
  File "/workspace/tvm-dev/python/tvm/meta_schedule/builder/local_builder.py", line 231, in _worker_func
    rt_mod: Module = f_build(mod, target, _deserialize_params(params))
                     ^^^^^^^^^^^^^^^^^^^^^^^^^^^^^^^^^^^^^^^^^^^^^^^^^
  File "/workspace/tvm-dev/python/tvm/_ffi/_ctypes/packed_func.py", line 245, in __call__
    raise_last_ffi_error()
  File "/workspace/tvm-dev/python/tvm/_ffi/base.py", line 481, in raise_last_ffi_error
    raise py_err
  File "/workspace/tvm-dev/python/tvm/meta_schedule/builder/local_builder.py", line 261, in default_build
    return tvm_build(mod, target=target)
           ^^^^^^^^^^^^^^^^^^^^^^^^^^^^^
  File "/workspace/tvm-dev/python/tvm/driver/build_module.py", line 297, in build
    rt_mod_host = _driver_ffi.tir_to_runtime(annotated_mods, target_host)
                  ^^^^^^^^^^^^^^^^^^^^^^^^^^^^^^^^^^^^^^^^^^^^^^^^^^^^^^^
  File "/workspace/tvm-dev/python/tvm/_ffi/_ctypes/packed_func.py", line 245, in __call__
    raise_last_ffi_error()
  File "/workspace/tvm-dev/python/tvm/_ffi/base.py", line 481, in raise_last_ffi_error
    raise py_err
ValueError: Traceback (most recent call last):
  33: tvm::runtime::PackedFuncObj::Extractor<tvm::runtime::PackedFuncSubObj<tvm::runtime::TypedPackedFunc<tvm::runtime::Module (tvm::runtime::Map<tvm::Target, tvm::IRModule, void, void> const&, tvm::Target)>::AssignTypedLambda<tvm::__mk_TVM24::{lambda(tvm::runtime::Map<tvm::Target, tvm::IRModule, void, void> const&, tvm::Target)#1}>(tvm::__mk_TVM24::{lambda(tvm::runtime::Map<tvm::Target, tvm::IRModule, void, void> const&, tvm::Target)#1}, std::__cxx11::basic_string<char, std::char_traits<char>, std::allocator<char> >)::{lambda(tvm::runtime::TVMArgs const&, tvm::runtime::TVMRetValue*)#1}> >::Call(tvm::runtime::PackedFuncObj const*, std::__cxx11::basic_string<char, std::char_traits<char>, std::allocator<char> >, tvm::runtime::TVMRetValue)
  32: tvm::TIRToRuntime(tvm::runtime::Map<tvm::Target, tvm::IRModule, void, void> const&, tvm::Target const&)
  31: tvm::codegen::Build(tvm::IRModule, tvm::Target)
  30: _ZN3tvm7runtime13PackedFuncObj
  29: tvm::runtime::TypedPackedFunc<tvm::runtime::Module (tvm::IRModule, tvm::Target)>::AssignTypedLambda<tvm::runtime::Module (*)(tvm::IRModule, tvm::Target)>(tvm::runtime::Module (*)(tvm::IRModule, tvm::Target), std::__cxx11::basic_string<char, std::char_traits<char>, std::allocator<char> >)::{lambda(tvm::runtime::TVMArgs const&, tvm::runtime::TVMRetValue*)#1}::operator()(tvm::runtime::TVMArgs const&, tvm::runtime::TVMRetValue*) const
  28: tvm::codegen::BuildCUDA(tvm::IRModule, tvm::Target)
  27: tvm::codegen::CodeGenC::AddFunction(tvm::GlobalVar const&, tvm::tir::PrimFunc const&)
  26: tvm::codegen::CodeGenCUDA::VisitStmt_(tvm::tir::AllocateNode const*)
  25: tvm::codegen::CodeGenCUDA::VisitStmt_(tvm::tir::AllocateNode const*)
  24: tvm::codegen::CodeGenCUDA::VisitStmt_(tvm::tir::AllocateNode const*)
  23: tvm::codegen::CodeGenCUDA::VisitStmt_(tvm::tir::AllocateNode const*)
  22: tvm::codegen::CodeGenC::VisitStmt_(tvm::tir::SeqStmtNode const*)
  21: tvm::codegen::CodeGenC::VisitStmt_(tvm::tir::ForNode const*)
  20: tvm::codegen::CodeGenC::VisitStmt_(tvm::tir::SeqStmtNode const*)
  19: tvm::codegen::CodeGenC::VisitStmt_(tvm::tir::BufferStoreNode const*)
  18: tvm::codegen::CodeGenC::PrintExpr[abi:cxx11](tvm::PrimExpr const&)
  17: tvm::codegen::CodeGenC::VisitExpr_(tvm::tir::BufferLoadNode const*, std::ostream&)
  16: tvm::codegen::CodeGenC::PrintExpr[abi:cxx11](tvm::PrimExpr const&)
  15: void tvm::codegen::PrintBinaryExpr<tvm::tir::AddNode>(tvm::tir::AddNode const*, char const*, std::ostream&, tvm::codegen::CodeGenC*)
  14: tvm::codegen::CodeGenCUDA::PrintVecBinaryOp(std::__cxx11::basic_string<char, std::char_traits<char>, std::allocator<char> > const&, tvm::runtime::DataType, tvm::PrimExpr, tvm::PrimExpr, std::ostream&)
  13: tvm::codegen::CodeGenC::PrintExpr[abi:cxx11](tvm::PrimExpr const&)
  12: void tvm::codegen::PrintBinaryExpr<tvm::tir::AddNode>(tvm::tir::AddNode const*, char const*, std::ostream&, tvm::codegen::CodeGenC*)
  11: tvm::codegen::CodeGenCUDA::PrintVecBinaryOp(std::__cxx11::basic_string<char, std::char_traits<char>, std::allocator<char> > const&, tvm::runtime::DataType, tvm::PrimExpr, tvm::PrimExpr, std::ostream&)
  10: tvm::codegen::CodeGenC::PrintExpr[abi:cxx11](tvm::PrimExpr const&)
  9: void tvm::codegen::PrintBinaryExpr<tvm::tir::AddNode>(tvm::tir::AddNode const*, char const*, std::ostream&, tvm::codegen::CodeGenC*)
  8: tvm::codegen::CodeGenCUDA::PrintVecBinaryOp(std::__cxx11::basic_string<char, std::char_traits<char>, std::allocator<char> > const&, tvm::runtime::DataType, tvm::PrimExpr, tvm::PrimExpr, std::ostream&)
  7: tvm::codegen::CodeGenC::PrintExpr[abi:cxx11](tvm::PrimExpr const&)
  6: void tvm::codegen::PrintBinaryExpr<tvm::tir::MulNode>(tvm::tir::MulNode const*, char const*, std::ostream&, tvm::codegen::CodeGenC*)
  5: tvm::codegen::CodeGenCUDA::PrintVecBinaryOp(std::__cxx11::basic_string<char, std::char_traits<char>, std::allocator<char> > const&, tvm::runtime::DataType, tvm::PrimExpr, tvm::PrimExpr, std::ostream&)
  4: tvm::codegen::CodeGenC::PrintExpr[abi:cxx11](tvm::PrimExpr const&)
  3: void tvm::codegen::PrintBinaryExpr<tvm::tir::DivNode>(tvm::tir::DivNode const*, char const*, std::ostream&, tvm::codegen::CodeGenC*)
  2: tvm::codegen::CodeGenCUDA::PrintVecBinaryOp(std::__cxx11::basic_string<char, std::char_traits<char>, std::allocator<char> > const&, tvm::runtime::DataType, tvm::PrimExpr, tvm::PrimExpr, std::ostream&)
  1: tvm::codegen::CodeGenC::PrintExpr[abi:cxx11](tvm::PrimExpr const&)
  0: tvm::codegen::CodeGenCUDA::VisitExpr_(tvm::tir::RampNode const*, std::ostream&)
  File "/workspace/tvm-dev/src/target/source/codegen_cuda.cc", line 1204
ValueError: Check failed: lanes <= 4 (8 vs. 4) : Ramp of more than 4 lanes is not allowed.

# from tvm.script import ir as I
# from tvm.script import tir as T

@I.ir_module
class Module:
    @T.prim_func
    def main(A: T.Buffer((1, 256, 14, 14), "float16"), W: T.Buffer((256, 256, 3, 3), "float16"), conv2d_nchw: T.Buffer((1, 256, 14, 14), "float16")):
        T.func_attr({"tir.noalias": T.bool(True)})
        # with T.block("root"):
        conv2d_nchw_reindex_pad_shared_dyn = T.alloc_buffer((13, 16, 1, 1, 16, 16), "float16", scope="shared.dyn")
        conv2d_nchw_reindex_pad_shared_dyn_wmma_accumulator = T.alloc_buffer((13, 16, 1, 1, 16, 16), "float16", scope="wmma.accumulator")
        pad_temp_reindex_pad_shared_dyn = T.alloc_buffer((208, 2304), "float16", scope="shared.dyn")
        W_reindex_shared_dyn = T.alloc_buffer((256, 2304), "float16", scope="shared.dyn")
        pad_temp_reindex_pad_shared_dyn_wmma_matrix_a = T.alloc_buffer((208, 2304), "float16", scope="wmma.matrix_a")
        W_reindex_shared_dyn_wmma_matrix_b = T.alloc_buffer((256, 2304), "float16", scope="wmma.matrix_b")
        for ax0_0_0_ax1_0_0_fused in T.thread_binding(8, thread="blockIdx.y", annotations={"pragma_auto_unroll_max_step": 512, "pragma_unroll_explicit": 1}):
            for ax0_0_1_ax1_0_1_fused in T.thread_binding(13, thread="blockIdx.x"):
                for ax0_0_2_ax1_0_2_fused in T.thread_binding(2, thread="threadIdx.y"):
                    for ax0_0_3_init, ax1_0_3_init, ax0_0_4_init, ax1_0_4_init in T.grid(1, 1, 1, 1):
                        with T.block("conv2d_nchw_o_init"):
                            v0_o = T.axis.spatial(13, ax0_0_1_ax1_0_1_fused + ax0_0_3_init + ax0_0_4_init)
                            v1_o = T.axis.spatial(16, ax0_0_0_ax1_0_0_fused * 2 + ax0_0_2_ax1_0_2_fused + ax1_0_3_init + ax1_0_4_init)
                            T.reads()
                            T.writes(conv2d_nchw_reindex_pad_shared_dyn_wmma_accumulator[v0_o, v1_o, 0, 0, 0:16, 0:16])
                            T.block_attr({"meta_schedule.thread_extent_high_inclusive": 1024, "meta_schedule.thread_extent_low_inclusive": 32, "warp_execution": 1})
                            C = T.match_buffer(conv2d_nchw_reindex_pad_shared_dyn_wmma_accumulator[v0_o, v1_o, 0, 0, 0:16, 0:16], (16, 16), "float16", strides=("C_s0", "C_s1"), scope="wmma.accumulator", offset_factor=16)
                            T.tvm_fill_fragment(C.data, 16, 16, 16, C.elem_offset // C.strides[0] // 16 * (C.strides[0] // 16) + C.elem_offset % C.strides[0] // 16, T.float32(0.0))
                    for ax2_0_0 in range(24):
                        for ax0_ax1_fused_0 in range(12):
                            for ax0_ax1_fused_1 in T.thread_binding(2, thread="threadIdx.y"):
                                for ax0_ax1_fused_2 in T.thread_binding(32, thread="threadIdx.x"):
                                    for ax0_ax1_fused_3 in T.vectorized(2):
                                        with T.block("pad_temp_reindex_pad_shared.dyn"):
                                            v0 = T.axis.spatial(208, ax0_0_1_ax1_0_1_fused * 16 + (ax0_ax1_fused_0 * 128 + ax0_ax1_fused_1 * 64 + ax0_ax1_fused_2 * 2 + ax0_ax1_fused_3) // 96)
                                            v1 = T.axis.spatial(2304, ax2_0_0 * 96 + (ax0_ax1_fused_0 * 128 + ax0_ax1_fused_1 * 64 + ax0_ax1_fused_2 * 2 + ax0_ax1_fused_3) % 96)
                                            T.reads(A[0, v1 // 9, v0 // 14 + v1 % 9 // 3 - 1, v0 % 14 + v1 % 3 - 1])
                                            T.writes(pad_temp_reindex_pad_shared_dyn[v0, v1])
                                            T.block_attr({"buffer_dim_align": [[0, 0, 32, 8]]})
                                            pad_temp_reindex_pad_shared_dyn[v0, v1] = T.if_then_else(v0 < 196, T.if_then_else(1 <= v0 // 14 + v1 % 9 // 3 and v0 // 14 + v1 % 9 // 3 < 15 and 1 <= v0 % 14 + v1 % 3 and v0 % 14 + v1 % 3 < 15, A[0, v1 // 9, v0 // 14 + v1 % 9 // 3 - 1, v0 % 14 + v1 % 3 - 1], T.float16(0.0)), T.float16(0.0))
                        for ax0_ax1_fused_0 in range(6):
                            for ax0_ax1_fused_1 in T.thread_binding(2, thread="threadIdx.y"):
                                for ax0_ax1_fused_2 in T.thread_binding(32, thread="threadIdx.x"):
                                    for ax0_ax1_fused_3 in T.vectorized(8):
                                        with T.block("W_reindex_shared.dyn"):
                                            v0 = T.axis.spatial(256, ax0_0_0_ax1_0_0_fused * 32 + (ax0_ax1_fused_0 * 512 + ax0_ax1_fused_1 * 256 + ax0_ax1_fused_2 * 8 + ax0_ax1_fused_3) // 96)
                                            v1 = T.axis.spatial(2304, ax2_0_0 * 96 + (ax0_ax1_fused_0 * 512 + ax0_ax1_fused_1 * 256 + ax0_ax1_fused_2 * 8 + ax0_ax1_fused_3) % 96)
                                            T.reads(W[v0, v1 // 9, v1 % 9 // 3, v1 % 3])
                                            T.writes(W_reindex_shared_dyn[v0, v1])
                                            T.block_attr({"buffer_dim_align": [[0, 0, 32, 8]]})
                                            W_reindex_shared_dyn[v0, v1] = W[v0, v1 // 9, v1 % 9 // 3, v1 % 3]
                        for ax2_0_1 in range(6):
                            for ax0_0, ax1_0 in T.grid(1, 1):
                                with T.block("pad_temp_reindex_pad_shared.dyn_wmma.matrix_a_o"):
                                    v0_o = T.axis.spatial(13, ax0_0_1_ax1_0_1_fused + ax0_0)
                                    v1_o = T.axis.spatial(144, ax2_0_0 * 6 + ax2_0_1 + ax1_0)
                                    T.reads(pad_temp_reindex_pad_shared_dyn[v0_o * 16:v0_o * 16 + 16, v1_o * 16:v1_o * 16 + 16])
                                    T.writes(pad_temp_reindex_pad_shared_dyn_wmma_matrix_a[v0_o * 16:v0_o * 16 + 16, v1_o * 16:v1_o * 16 + 16])
                                    A_1 = T.match_buffer(pad_temp_reindex_pad_shared_dyn[v0_o * 16:v0_o * 16 + 16, v1_o * 16:v1_o * 16 + 16], (16, 16), "float16", strides=("A_s0", "A_s1"), scope="shared.dyn", offset_factor=16)
                                    C = T.match_buffer(pad_temp_reindex_pad_shared_dyn_wmma_matrix_a[v0_o * 16:v0_o * 16 + 16, v1_o * 16:v1_o * 16 + 16], (16, 16), "float16", strides=("C_s0", "C_s1"), scope="wmma.matrix_a", offset_factor=16)
                                    T.tvm_load_matrix_sync(C.data, 16, 16, 16, C.elem_offset // C.strides[0] // 16 * (C.strides[0] // 16) + C.elem_offset % C.strides[0] // 16, T.tvm_access_ptr(T.type_annotation("float16"), A_1.data, A_1.elem_offset, A_1.strides[0] * 16, 1), A_1.strides[0], "row_major")
                            for ax0_0, ax1_0 in T.grid(1, 1):
                                with T.block("W_reindex_shared.dyn_wmma.matrix_b_o"):
                                    v0_o = T.axis.spatial(16, ax0_0_0_ax1_0_0_fused * 2 + ax0_0_2_ax1_0_2_fused + ax0_0)
                                    v1_o = T.axis.spatial(144, ax2_0_0 * 6 + ax2_0_1 + ax1_0)
                                    T.reads(W_reindex_shared_dyn[v0_o * 16:v0_o * 16 + 16, v1_o * 16:v1_o * 16 + 16])
                                    T.writes(W_reindex_shared_dyn_wmma_matrix_b[v0_o * 16:v0_o * 16 + 16, v1_o * 16:v1_o * 16 + 16])
                                    A_1 = T.match_buffer(W_reindex_shared_dyn[v0_o * 16:v0_o * 16 + 16, v1_o * 16:v1_o * 16 + 16], (16, 16), "float16", strides=("A_s0", "A_s1"), scope="shared.dyn", offset_factor=16)
                                    C = T.match_buffer(W_reindex_shared_dyn_wmma_matrix_b[v0_o * 16:v0_o * 16 + 16, v1_o * 16:v1_o * 16 + 16], (16, 16), "float16", strides=("C_s0", "C_s1"), scope="wmma.matrix_b", offset_factor=16)
                                    T.tvm_load_matrix_sync(C.data, 16, 16, 16, C.elem_offset // C.strides[0] // 16 * (C.strides[0] // 16) + C.elem_offset % C.strides[0] // 16, T.tvm_access_ptr(T.type_annotation("float16"), A_1.data, A_1.elem_offset, A_1.strides[0] * 16, 1), A_1.strides[0], "col_major")
                            for ax0_0_3, ax1_0_3, ax2_0_2, ax0_0_4, ax1_0_4 in T.grid(1, 1, 1, 1, 1):
                                with T.block("conv2d_nchw_o_update"):
                                    v0_o = T.axis.spatial(13, ax0_0_1_ax1_0_1_fused + ax0_0_3 + ax0_0_4)
                                    v1_o = T.axis.spatial(16, ax0_0_0_ax1_0_0_fused * 2 + ax0_0_2_ax1_0_2_fused + ax1_0_3 + ax1_0_4)
                                    v2_o = T.axis.reduce(144, ax2_0_0 * 6 + ax2_0_1 + ax2_0_2)
                                    T.reads(conv2d_nchw_reindex_pad_shared_dyn_wmma_accumulator[v0_o, v1_o, 0, 0, 0:16, 0:16], pad_temp_reindex_pad_shared_dyn_wmma_matrix_a[v0_o * 16:v0_o * 16 + 16, v2_o * 16:v2_o * 16 + 16], W_reindex_shared_dyn_wmma_matrix_b[v1_o * 16:v1_o * 16 + 16, v2_o * 16:v2_o * 16 + 16])
                                    T.writes(conv2d_nchw_reindex_pad_shared_dyn_wmma_accumulator[v0_o, v1_o, 0, 0, 0:16, 0:16])
                                    T.block_attr({"meta_schedule.thread_extent_high_inclusive": 1024, "meta_schedule.thread_extent_low_inclusive": 32, "warp_execution": 1})
                                    A_1 = T.match_buffer(pad_temp_reindex_pad_shared_dyn_wmma_matrix_a[v0_o * 16:v0_o * 16 + 16, v2_o * 16:v2_o * 16 + 16], (16, 16), "float16", strides=("A_s0", "A_s1"), scope="wmma.matrix_a", offset_factor=16)
                                    B = T.match_buffer(W_reindex_shared_dyn_wmma_matrix_b[v1_o * 16:v1_o * 16 + 16, v2_o * 16:v2_o * 16 + 16], (16, 16), "float16", strides=("B_s0", "B_s1"), scope="wmma.matrix_b", offset_factor=16)
                                    C = T.match_buffer(conv2d_nchw_reindex_pad_shared_dyn_wmma_accumulator[v0_o, v1_o, 0, 0, 0:16, 0:16], (16, 16), "float16", strides=("C_s0", "C_s1"), scope="wmma.accumulator", offset_factor=16)
                                    T.tvm_mma_sync(C.data, C.elem_offset // C.strides[0] // 16 * (C.strides[0] // 16) + C.elem_offset % C.strides[0] // 16, A_1.data, A_1.elem_offset // A_1.strides[0] // 16 * (A_1.strides[0] // 16) + A_1.elem_offset % A_1.strides[0] // 16, B.data, B.elem_offset // B.strides[0] // 16 * (B.strides[0] // 16) + B.elem_offset % B.strides[0] // 16, C.data, C.elem_offset // C.strides[0] // 16 * (C.strides[0] // 16) + C.elem_offset % C.strides[0] // 16)
                for ax2 in range(1):
                    for ax0_ax1_fused in T.thread_binding(2, thread="threadIdx.y"):
                        for ax2_1, ax3 in T.grid(1, 1):
                            with T.block("conv2d_nchw_reindex_pad_shared.dyn_wmma.accumulator_o"):
                                v0_o = T.axis.spatial(13, ax0_0_1_ax1_0_1_fused)
                                v1_o = T.axis.spatial(16, ax0_0_0_ax1_0_0_fused * 2 + ax0_ax1_fused)
                                v2_o, v3_o = T.axis.remap("SS", [ax2_1, ax3])
                                v4_o = T.axis.spatial(1, 0)
                                v5_o = T.axis.spatial(1, 0)
                                T.reads(conv2d_nchw_reindex_pad_shared_dyn_wmma_accumulator[v0_o, v1_o, v2_o, v3_o, 0:16, 0:16])
                                T.writes(conv2d_nchw_reindex_pad_shared_dyn[v0_o, v1_o, v2_o, v3_o, 0:16, 0:16])
                                A_1 = T.match_buffer(conv2d_nchw_reindex_pad_shared_dyn_wmma_accumulator[v0_o, v1_o, v2_o, v3_o, 0:16, 0:16], (16, 16), "float16", strides=("A_s0", "A_s1"), scope="wmma.accumulator", offset_factor=16)
                                C = T.match_buffer(conv2d_nchw_reindex_pad_shared_dyn[v0_o, v1_o, v2_o, v3_o, 0:16, 0:16], (16, 16), "float16", strides=("C_s0", "C_s1"), scope="shared.dyn", offset_factor=16)
                                T.tvm_store_matrix_sync(A_1.data, 16, 16, 16, A_1.elem_offset // A_1.strides[0] // 16 * (A_1.strides[0] // 16) + A_1.elem_offset % A_1.strides[0] // 16, T.tvm_access_ptr(T.type_annotation("float16"), C.data, C.elem_offset, C.strides[0] * 16, 2), C.strides[0], "row_major")
                    for ax0_ax1_ax3_ax4_ax5_fused_0 in range(8):
                        for ax0_ax1_ax3_ax4_ax5_fused_1 in T.thread_binding(2, thread="threadIdx.y"):
                            for ax0_ax1_ax3_ax4_ax5_fused_2 in T.thread_binding(32, thread="threadIdx.x"):
                                with T.block("conv2d_nchw_reindex_pad_shared.dyn"):
                                    v0 = T.axis.spatial(13, ax0_0_1_ax1_0_1_fused)
                                    v1 = T.axis.spatial(16, ax0_0_0_ax1_0_0_fused * 2 + (ax0_ax1_ax3_ax4_ax5_fused_0 * 64 + ax0_ax1_ax3_ax4_ax5_fused_1 * 32 + ax0_ax1_ax3_ax4_ax5_fused_2) // 256)
                                    v2 = T.axis.spatial(1, ax2)
                                    v3 = T.axis.spatial(1, 0)
                                    v4 = T.axis.spatial(16, (ax0_ax1_ax3_ax4_ax5_fused_0 * 64 + ax0_ax1_ax3_ax4_ax5_fused_1 * 32 + ax0_ax1_ax3_ax4_ax5_fused_2) % 256 // 16)
                                    v5 = T.axis.spatial(16, (ax0_ax1_ax3_ax4_ax5_fused_0 * 64 + ax0_ax1_ax3_ax4_ax5_fused_1 * 32 + ax0_ax1_ax3_ax4_ax5_fused_2) % 16)
                                    T.where(ax0_0_1_ax1_0_1_fused * 16 + T.Mul(0, 16) + ((ax0_ax1_ax3_ax4_ax5_fused_0 * 2 + ax0_ax1_ax3_ax4_ax5_fused_1) * 32 + ax0_ax1_ax3_ax4_ax5_fused_2) % 256 // 16 < 196)
                                    T.reads(conv2d_nchw_reindex_pad_shared_dyn[v0, v1, v2, v3, v4, v5])
                                    T.writes(conv2d_nchw[0, v5 + v1 * 16, (v4 + v0 * 16) // 14, (v4 + v0 * 16) % 14])
                                    conv2d_nchw[0, v5 + v1 * 16, (v4 + v0 * 16) // 14, (v4 + v0 * 16) % 14] = conv2d_nchw_reindex_pad_shared_dyn[v0, v1, v2, v3, v4, v5]
b0 = sch.get_block(name="pad_temp", func_name="main")
b1 = sch.get_block(name="conv2d_nchw", func_name="main")
b2 = sch.get_block(name="root", func_name="main")
sch.annotate(block_or_loop=b1, ann_key="meta_schedule.tiling_structure", ann_val="SSSRRSRS")
b3 = sch.reindex(block=b1, buffer=("write", 0))
b4 = sch.reindex(block=b1, buffer=("read", 0))
b5 = sch.reindex(block=b1, buffer=("read", 1))
sch.transform_layout(block=b1, buffer=("read", 0), index_map=lambda v_nn, v_yy, v_xx, v_rc, v_ry, v_rx: (v_nn * 196 + v_yy * 14 + v_xx, v_rc * 9 + v_ry * 3 + v_rx,), pad_value=None, assume_injective_transform=True)
sch.transform_layout(block=b1, buffer=("read", 1), index_map=lambda v_ff, v_rc, v_ry, v_rx: (v_ff, v_rc * 9 + v_ry * 3 + v_rx,), pad_value=None, assume_injective_transform=True)
sch.transform_layout(block=b1, buffer=("write", 0), index_map=lambda v_nn, v_ff, v_yy, v_xx: (v_nn * 196 + v_yy * 14 + v_xx, v_ff,), pad_value=None, assume_injective_transform=True)
sch.transform_block_layout(block=b3, index_map=lambda v_nn, v_ff, v_yy, v_xx: (v_nn * 196 + v_yy * 14 + v_xx, v_ff,))
sch.transform_block_layout(block=b4, index_map=lambda v_nn, v_yy, v_xx, v_rc, v_ry, v_rx: (v_nn * 196 + v_yy * 14 + v_xx, v_rc * 9 + v_ry * 3 + v_rx,))
sch.transform_block_layout(block=b5, index_map=lambda v_ff, v_rc, v_ry, v_rx: (v_ff, v_rc * 9 + v_ry * 3 + v_rx,))
sch.transform_block_layout(block=b1, index_map=lambda v_nn, v_ff, v_yy, v_xx, v_rc, v_ry, v_rx: (v_nn * 196 + v_yy * 14 + v_xx, v_ff, v_rc * 9 + v_ry * 3 + v_rx,))
sch.pad_einsum(block=b1, padding=[16, 1, 1])
b6, b7 = sch.get_producers(block=b1)
b8, = sch.get_producers(block=b6)
b9, = sch.get_consumers(block=b1)
sch.compute_inline(block=b8)
sch.compute_inline(block=b9)
l10, l11, l12 = sch.get_loops(block=b1)
l13, l14 = sch.split(loop=l12, factors=[None, 16], preserve_unit_iters=True, disable_predication=False)
l15, l16 = sch.split(loop=l11, factors=[None, 16], preserve_unit_iters=True, disable_predication=False)
l17, l18 = sch.split(loop=l10, factors=[None, 16], preserve_unit_iters=True, disable_predication=False)
l19, l20, l21, l22, l23, l24 = sch.get_loops(block=b1)
sch.reorder(l21, l23, l18, l16, l14)
b25 = sch.blockize(target=l18, preserve_unit_iters=True)
sch.annotate(block_or_loop=b25, ann_key="meta_schedule.auto_tensorize", ann_val="wmma_sync_16x16x16_f16f16f16_trans")
sch.annotate(block_or_loop=b25, ann_key="meta_schedule.auto_tensorize_init", ann_val="wmma_fill_16x16x16_f16")
sch.annotate(block_or_loop=b25, ann_key="warp_execution", ann_val=1)
l26, l27, l28 = sch.get_loops(block=b25)
v29, v30, v31, v32, v33 = sch.sample_perfect_tile(loop=l26, n=5, max_innermost_factor=4, decision=[1, 13, 1, 1, 1])
l34, l35, l36, l37, l38 = sch.split(loop=l26, factors=[v29, v30, v31, v32, v33], preserve_unit_iters=True, disable_predication=False)
v39, v40, v41, v42, v43 = sch.sample_perfect_tile(loop=l27, n=5, max_innermost_factor=4, decision=[8, 1, 2, 1, 1])
l44, l45, l46, l47, l48 = sch.split(loop=l27, factors=[v39, v40, v41, v42, v43], preserve_unit_iters=True, disable_predication=False)
v49, v50, v51 = sch.sample_perfect_tile(loop=l28, n=3, max_innermost_factor=4, decision=[24, 6, 1])
l52, l53, l54 = sch.split(loop=l28, factors=[v49, v50, v51], preserve_unit_iters=True, disable_predication=False)
sch.reorder(l34, l44, l35, l45, l36, l46, l52, l53, l37, l47, l54, l38, l48)
l55 = sch.fuse(l34, l44, preserve_unit_iters=True)
sch.bind(loop=l55, thread_axis="blockIdx.y")
l56 = sch.fuse(l35, l45, preserve_unit_iters=True)
sch.bind(loop=l56, thread_axis="blockIdx.x")
l57 = sch.fuse(l36, l46, preserve_unit_iters=True)
sch.bind(loop=l57, thread_axis="threadIdx.y")
sch.annotate(block_or_loop=b25, ann_key="meta_schedule.thread_extent_low_inclusive", ann_val=32)
sch.annotate(block_or_loop=b25, ann_key="meta_schedule.thread_extent_high_inclusive", ann_val=1024)
sch.transform_layout(block=b25, buffer=("write", 0), index_map=lambda i0, i1: (i0 // 16 // (v32 * v33), i1 // 16 // (v42 * v43), i0 // 16 % (v32 * v33), i1 // 16 % (v42 * v43), i0 % 16, i1 % 16,), pad_value=None, assume_injective_transform=True)
b58 = sch.cache_write(block=b25, write_buffer_index=0, storage_scope="shared.dyn")
sch.reverse_compute_at(block=b58, loop=l56, preserve_unit_loops=True, index=-1)
b59 = sch.cache_write(block=b25, write_buffer_index=0, storage_scope="wmma.accumulator")
l60, l61, l62, l63, l64, l65, l66, l67 = sch.get_loops(block=b58)
sch.reorder(l64, l62, l63, l65)
sch.compute_at(block=b59, loop=l64, preserve_unit_loops=True, index=-1)
l68, l69, l70, l71, l72, l73, l74, l75, l76 = sch.get_loops(block=b59)
l77 = sch.fuse(l71, l72, preserve_unit_iters=True)
sch.bind(loop=l77, thread_axis="threadIdx.y")
sch.reverse_compute_inline(block=b3)
l78, l79, l80, l81, l82, l83, l84, l85 = sch.get_loops(block=b59)
b86 = sch.blockize(target=l84, preserve_unit_iters=True)
sch.annotate(block_or_loop=b86, ann_key="meta_schedule.auto_tensorize", ann_val="wmma_store_16x16x16_f16_shared_dyn")
l87, l88, l89, l90, l91, l92, l93, l94 = sch.get_loops(block=b58)
l95 = sch.fuse(l90, l91, l92, l93, l94, preserve_unit_iters=True)
v96 = sch.sample_categorical(candidates=[1, 2, 4, 8], probs=[0.25, 0.25, 0.25, 0.25], decision=0)
sch.annotate(block_or_loop=b58, ann_key="meta_schedule.cooperative_fetch", ann_val=v96)
b97 = sch.cache_read(block=b25, read_buffer_index=0, storage_scope="shared.dyn", consumer_blocks=[b25])
sch.compute_at(block=b97, loop=l52, preserve_unit_loops=True, index=-1)
l98, l99, l100, l101, l102, l103 = sch.get_loops(block=b97)
l104 = sch.fuse(l102, l103, preserve_unit_iters=True)
v105 = sch.sample_categorical(candidates=[1, 2, 4, 8], probs=[0.25, 0.25, 0.25, 0.25], decision=1)
sch.annotate(block_or_loop=b97, ann_key="meta_schedule.cooperative_fetch", ann_val=v105)
b106 = sch.cache_read(block=b25, read_buffer_index=1, storage_scope="shared.dyn", consumer_blocks=[b25])
sch.compute_at(block=b106, loop=l52, preserve_unit_loops=True, index=-1)
l107, l108, l109, l110, l111, l112 = sch.get_loops(block=b106)
l113 = sch.fuse(l111, l112, preserve_unit_iters=True)
v114 = sch.sample_categorical(candidates=[1, 2, 4, 8], probs=[0.25, 0.25, 0.25, 0.25], decision=3)
sch.annotate(block_or_loop=b106, ann_key="meta_schedule.cooperative_fetch", ann_val=v114)
b115 = sch.cache_read(block=b25, read_buffer_index=0, storage_scope="wmma.matrix_a")
sch.compute_at(block=b115, loop=l53, preserve_unit_loops=True, index=-1)
l116, l117, l118, l119, l120, l121, l122 = sch.get_loops(block=b115)
l123, l124 = sch.split(loop=l122, factors=[None, 16], preserve_unit_iters=True, disable_predication=False)
l125, l126 = sch.split(loop=l121, factors=[None, 16], preserve_unit_iters=True, disable_predication=False)
l127, l128, l129, l130, l131, l132, l133, l134, l135 = sch.get_loops(block=b115)
sch.reorder(l134, l126, l124)
b136 = sch.blockize(target=l126, preserve_unit_iters=True)
sch.annotate(block_or_loop=b136, ann_key="meta_schedule.auto_tensorize", ann_val="wmma_load_16x16x16_f16_a_shared_dyn")
b137 = sch.cache_read(block=b25, read_buffer_index=1, storage_scope="wmma.matrix_b")
sch.compute_at(block=b137, loop=l53, preserve_unit_loops=True, index=-1)
l138, l139, l140, l141, l142, l143, l144 = sch.get_loops(block=b137)
l145, l146 = sch.split(loop=l144, factors=[None, 16], preserve_unit_iters=True, disable_predication=False)
l147, l148 = sch.split(loop=l143, factors=[None, 16], preserve_unit_iters=True, disable_predication=False)
l149, l150, l151, l152, l153, l154, l155, l156, l157 = sch.get_loops(block=b137)
sch.reorder(l156, l148, l146)
b158 = sch.blockize(target=l148, preserve_unit_iters=True)
sch.annotate(block_or_loop=b158, ann_key="meta_schedule.auto_tensorize", ann_val="wmma_load_16x16x16_f16_b_trans_shared_dyn")
b159, = sch.get_producers(block=b97)
sch.compute_inline(block=b159)
sch.storage_align(block=b97, buffer_index=0, axis=-2, factor=32, offset=8)
b160, = sch.get_producers(block=b106)
sch.compute_inline(block=b160)
sch.storage_align(block=b106, buffer_index=0, axis=-2, factor=32, offset=8)
sch.compute_inline(block=b0)
v161 = sch.sample_categorical(candidates=[0, 16, 64, 512, 1024], probs=[0.20000000000000001, 0.20000000000000001, 0.20000000000000001, 0.20000000000000001, 0.20000000000000001], decision=3)
sch.annotate(block_or_loop=b2, ann_key="meta_schedule.unroll_explicit", ann_val=v161)
sch.enter_postproc()
sch.unannotate(block_or_loop=b58, ann_key="meta_schedule.cooperative_fetch")
l162, l163, l164, l165 = sch.get_loops(block=b58)
l166, l167, l168 = sch.split(loop=l165, factors=[None, 2, 32], preserve_unit_iters=True, disable_predication=False)
sch.bind(loop=l168, thread_axis="threadIdx.x")
sch.bind(loop=l167, thread_axis="threadIdx.y")
sch.unannotate(block_or_loop=b97, ann_key="meta_schedule.cooperative_fetch")
l169, l170, l171, l172, l173 = sch.get_loops(block=b97)
l174, l175, l176, l177 = sch.split(loop=l173, factors=[None, 2, 32, 2], preserve_unit_iters=True, disable_predication=False)
sch.vectorize(loop=l177)
sch.bind(loop=l176, thread_axis="threadIdx.x")
sch.bind(loop=l175, thread_axis="threadIdx.y")
sch.unannotate(block_or_loop=b106, ann_key="meta_schedule.cooperative_fetch")
l178, l179, l180, l181, l182 = sch.get_loops(block=b106)
l183, l184, l185, l186 = sch.split(loop=l182, factors=[None, 2, 32, 8], preserve_unit_iters=True, disable_predication=False)
sch.vectorize(loop=l186)
sch.bind(loop=l185, thread_axis="threadIdx.x")
sch.bind(loop=l184, thread_axis="threadIdx.y")
b187 = sch.get_block(name="root", func_name="main")
sch.unannotate(block_or_loop=b187, ann_key="meta_schedule.unroll_explicit")
b188, b189, b190, b191, b192, b193, b194 = sch.get_child_blocks(b187)
l195, l196, l197, l198, l199, l200, l201, l202 = sch.get_loops(block=b188)
l203, l204, l205, l206, l207, l208, l209, l210 = sch.get_loops(block=b189)
l211, l212, l213, l214, l215, l216, l217 = sch.get_loops(block=b190)
l218, l219, l220, l221, l222, l223, l224 = sch.get_loops(block=b191)
l225, l226, l227, l228, l229, l230, l231, l232, l233, l234 = sch.get_loops(block=b192)
sch.annotate(block_or_loop=l225, ann_key="pragma_auto_unroll_max_step", ann_val=512)
sch.annotate(block_or_loop=l225, ann_key="pragma_unroll_explicit", ann_val=1)
l235, l236, l237, l238, l239, l240 = sch.get_loops(block=b193)
l241, l242, l243, l244, l245, l246 = sch.get_loops(block=b194)
b247 = sch.get_block(name="conv2d_nchw_o", func_name="main")
l248, l249, l250, l251, l252, l253, l254, l255, l256, l257 = sch.get_loops(block=b247)
b258 = sch.decompose_reduction(block=b247, loop=l251)
sch.unannotate(block_or_loop=b258, ann_key="meta_schedule.auto_tensorize")
sch.annotate(block_or_loop=b258, ann_key="meta_schedule.auto_tensorize", ann_val="wmma_fill_16x16x16_f16")
sch.unannotate(block_or_loop=b247, ann_key="meta_schedule.auto_tensorize_init")
sch.unannotate(block_or_loop=b258, ann_key="meta_schedule.auto_tensorize_init")
b259 = sch.get_block(name="conv2d_nchw_o_init", func_name="main")
sch.unannotate(block_or_loop=b259, ann_key="meta_schedule.auto_tensorize")
sch.tensorize(block_or_loop=b259, tensor_intrin="wmma_fill_16x16x16_f16", preserve_unit_iters=True)
b260 = sch.get_block(name="pad_temp_reindex_pad_shared.dyn_wmma.matrix_a_o", func_name="main")
sch.unannotate(block_or_loop=b260, ann_key="meta_schedule.auto_tensorize")
sch.tensorize(block_or_loop=b260, tensor_intrin="wmma_load_16x16x16_f16_a_shared_dyn", preserve_unit_iters=True)
b261 = sch.get_block(name="W_reindex_shared.dyn_wmma.matrix_b_o", func_name="main")
sch.unannotate(block_or_loop=b261, ann_key="meta_schedule.auto_tensorize")
sch.tensorize(block_or_loop=b261, tensor_intrin="wmma_load_16x16x16_f16_b_trans_shared_dyn", preserve_unit_iters=True)
b262 = sch.get_block(name="conv2d_nchw_o_update", func_name="main")
sch.unannotate(block_or_loop=b262, ann_key="meta_schedule.auto_tensorize")
sch.tensorize(block_or_loop=b262, tensor_intrin="wmma_sync_16x16x16_f16f16f16_trans", preserve_unit_iters=True)
b263 = sch.get_block(name="conv2d_nchw_reindex_pad_shared.dyn_wmma.accumulator_o", func_name="main")
sch.unannotate(block_or_loop=b263, ann_key="meta_schedule.auto_tensorize")
sch.tensorize(block_or_loop=b263, tensor_intrin="wmma_store_16x16x16_f16_shared_dyn", preserve_unit_iters=True)
2025-10-07 10:57:52 [INFO] [task_scheduler.cc:131] [Task #0: main] Trial #176: GFLOPs: 8369.6595. Time: 27.6249 us. Best GFLOPs: 16944.9735
2025-10-07 10:57:52 [INFO] [task_scheduler.cc:131] [Task #0: main] Trial #177: GFLOPs: 15837.1717. Time: 14.5993 us. Best GFLOPs: 16944.9735
2025-10-07 10:57:52 [INFO] [task_scheduler.cc:131] [Task #0: main] Trial #178: GFLOPs: 15472.8250. Time: 14.9430 us. Best GFLOPs: 16944.9735
2025-10-07 10:57:52 [INFO] [task_scheduler.cc:131] [Task #0: main] Trial #179: GFLOPs: 4796.6902. Time: 48.2022 us. Best GFLOPs: 16944.9735
2025-10-07 10:57:52 [INFO] [task_scheduler.cc:131] [Task #0: main] Trial #180: GFLOPs: 2989.8726. Time: 77.3314 us. Best GFLOPs: 16944.9735
2025-10-07 10:57:52 [INFO] [task_scheduler.cc:121] [Task #0: main] Trial #181: Error in building:
LocalBuilder: An exception occurred
Traceback (most recent call last):
  File "/workspace/tvm-dev/python/tvm/exec/popen_worker.py", line 87, in main
    result = fn(*args, **kwargs)
             ^^^^^^^^^^^^^^^^^^^
  File "/workspace/tvm-dev/python/tvm/meta_schedule/builder/local_builder.py", line 165, in <lambda>
    lambda x: _worker_func(*x),
              ^^^^^^^^^^^^^^^^
  File "/workspace/tvm-dev/python/tvm/meta_schedule/builder/local_builder.py", line 231, in _worker_func
    rt_mod: Module = f_build(mod, target, _deserialize_params(params))
                     ^^^^^^^^^^^^^^^^^^^^^^^^^^^^^^^^^^^^^^^^^^^^^^^^^
  File "/workspace/tvm-dev/python/tvm/_ffi/_ctypes/packed_func.py", line 245, in __call__
    raise_last_ffi_error()
  File "/workspace/tvm-dev/python/tvm/_ffi/base.py", line 481, in raise_last_ffi_error
    raise py_err
  File "/workspace/tvm-dev/python/tvm/meta_schedule/builder/local_builder.py", line 261, in default_build
    return tvm_build(mod, target=target)
           ^^^^^^^^^^^^^^^^^^^^^^^^^^^^^
  File "/workspace/tvm-dev/python/tvm/driver/build_module.py", line 297, in build
    rt_mod_host = _driver_ffi.tir_to_runtime(annotated_mods, target_host)
                  ^^^^^^^^^^^^^^^^^^^^^^^^^^^^^^^^^^^^^^^^^^^^^^^^^^^^^^^
  File "/workspace/tvm-dev/python/tvm/_ffi/_ctypes/packed_func.py", line 245, in __call__
    raise_last_ffi_error()
  File "/workspace/tvm-dev/python/tvm/_ffi/base.py", line 481, in raise_last_ffi_error
    raise py_err
ValueError: Traceback (most recent call last):
  33: tvm::runtime::PackedFuncObj::Extractor<tvm::runtime::PackedFuncSubObj<tvm::runtime::TypedPackedFunc<tvm::runtime::Module (tvm::runtime::Map<tvm::Target, tvm::IRModule, void, void> const&, tvm::Target)>::AssignTypedLambda<tvm::__mk_TVM24::{lambda(tvm::runtime::Map<tvm::Target, tvm::IRModule, void, void> const&, tvm::Target)#1}>(tvm::__mk_TVM24::{lambda(tvm::runtime::Map<tvm::Target, tvm::IRModule, void, void> const&, tvm::Target)#1}, std::__cxx11::basic_string<char, std::char_traits<char>, std::allocator<char> >)::{lambda(tvm::runtime::TVMArgs const&, tvm::runtime::TVMRetValue*)#1}> >::Call(tvm::runtime::PackedFuncObj const*, std::__cxx11::basic_string<char, std::char_traits<char>, std::allocator<char> >, tvm::runtime::TVMRetValue)
  32: tvm::TIRToRuntime(tvm::runtime::Map<tvm::Target, tvm::IRModule, void, void> const&, tvm::Target const&)
  31: tvm::codegen::Build(tvm::IRModule, tvm::Target)
  30: _ZN3tvm7runtime13PackedFuncObj
  29: tvm::runtime::TypedPackedFunc<tvm::runtime::Module (tvm::IRModule, tvm::Target)>::AssignTypedLambda<tvm::runtime::Module (*)(tvm::IRModule, tvm::Target)>(tvm::runtime::Module (*)(tvm::IRModule, tvm::Target), std::__cxx11::basic_string<char, std::char_traits<char>, std::allocator<char> >)::{lambda(tvm::runtime::TVMArgs const&, tvm::runtime::TVMRetValue*)#1}::operator()(tvm::runtime::TVMArgs const&, tvm::runtime::TVMRetValue*) const
  28: tvm::codegen::BuildCUDA(tvm::IRModule, tvm::Target)
  27: tvm::codegen::CodeGenC::AddFunction(tvm::GlobalVar const&, tvm::tir::PrimFunc const&)
  26: tvm::codegen::CodeGenCUDA::VisitStmt_(tvm::tir::AllocateNode const*)
  25: tvm::codegen::CodeGenCUDA::VisitStmt_(tvm::tir::AllocateNode const*)
  24: tvm::codegen::CodeGenCUDA::VisitStmt_(tvm::tir::AllocateNode const*)
  23: tvm::codegen::CodeGenCUDA::VisitStmt_(tvm::tir::AllocateNode const*)
  22: tvm::codegen::CodeGenC::VisitStmt_(tvm::tir::SeqStmtNode const*)
  21: tvm::codegen::CodeGenC::VisitStmt_(tvm::tir::ForNode const*)
  20: tvm::codegen::CodeGenC::VisitStmt_(tvm::tir::SeqStmtNode const*)
  19: tvm::codegen::CodeGenC::VisitStmt_(tvm::tir::BufferStoreNode const*)
  18: tvm::codegen::CodeGenC::PrintExpr[abi:cxx11](tvm::PrimExpr const&)
  17: tvm::codegen::CodeGenC::VisitExpr_(tvm::tir::BufferLoadNode const*, std::ostream&)
  16: tvm::codegen::CodeGenC::PrintExpr[abi:cxx11](tvm::PrimExpr const&)
  15: void tvm::codegen::PrintBinaryExpr<tvm::tir::AddNode>(tvm::tir::AddNode const*, char const*, std::ostream&, tvm::codegen::CodeGenC*)
  14: tvm::codegen::CodeGenCUDA::PrintVecBinaryOp(std::__cxx11::basic_string<char, std::char_traits<char>, std::allocator<char> > const&, tvm::runtime::DataType, tvm::PrimExpr, tvm::PrimExpr, std::ostream&)
  13: tvm::codegen::CodeGenC::PrintExpr[abi:cxx11](tvm::PrimExpr const&)
  12: void tvm::codegen::PrintBinaryExpr<tvm::tir::AddNode>(tvm::tir::AddNode const*, char const*, std::ostream&, tvm::codegen::CodeGenC*)
  11: tvm::codegen::CodeGenCUDA::PrintVecBinaryOp(std::__cxx11::basic_string<char, std::char_traits<char>, std::allocator<char> > const&, tvm::runtime::DataType, tvm::PrimExpr, tvm::PrimExpr, std::ostream&)
  10: tvm::codegen::CodeGenC::PrintExpr[abi:cxx11](tvm::PrimExpr const&)
  9: void tvm::codegen::PrintBinaryExpr<tvm::tir::AddNode>(tvm::tir::AddNode const*, char const*, std::ostream&, tvm::codegen::CodeGenC*)
  8: tvm::codegen::CodeGenCUDA::PrintVecBinaryOp(std::__cxx11::basic_string<char, std::char_traits<char>, std::allocator<char> > const&, tvm::runtime::DataType, tvm::PrimExpr, tvm::PrimExpr, std::ostream&)
  7: tvm::codegen::CodeGenC::PrintExpr[abi:cxx11](tvm::PrimExpr const&)
  6: void tvm::codegen::PrintBinaryExpr<tvm::tir::MulNode>(tvm::tir::MulNode const*, char const*, std::ostream&, tvm::codegen::CodeGenC*)
  5: tvm::codegen::CodeGenCUDA::PrintVecBinaryOp(std::__cxx11::basic_string<char, std::char_traits<char>, std::allocator<char> > const&, tvm::runtime::DataType, tvm::PrimExpr, tvm::PrimExpr, std::ostream&)
  4: tvm::codegen::CodeGenC::PrintExpr[abi:cxx11](tvm::PrimExpr const&)
  3: void tvm::codegen::PrintBinaryExpr<tvm::tir::DivNode>(tvm::tir::DivNode const*, char const*, std::ostream&, tvm::codegen::CodeGenC*)
  2: tvm::codegen::CodeGenCUDA::PrintVecBinaryOp(std::__cxx11::basic_string<char, std::char_traits<char>, std::allocator<char> > const&, tvm::runtime::DataType, tvm::PrimExpr, tvm::PrimExpr, std::ostream&)
  1: tvm::codegen::CodeGenC::PrintExpr[abi:cxx11](tvm::PrimExpr const&)
  0: tvm::codegen::CodeGenCUDA::VisitExpr_(tvm::tir::RampNode const*, std::ostream&)
  File "/workspace/tvm-dev/src/target/source/codegen_cuda.cc", line 1204
ValueError: Check failed: lanes <= 4 (8 vs. 4) : Ramp of more than 4 lanes is not allowed.

# from tvm.script import ir as I
# from tvm.script import tir as T

@I.ir_module
class Module:
    @T.prim_func
    def main(A: T.Buffer((1, 256, 14, 14), "float16"), W: T.Buffer((256, 256, 3, 3), "float16"), conv2d_nchw: T.Buffer((1, 256, 14, 14), "float16")):
        T.func_attr({"tir.noalias": T.bool(True)})
        # with T.block("root"):
        conv2d_nchw_reindex_pad_shared_dyn = T.alloc_buffer((13, 16, 1, 1, 16, 16), "float16", scope="shared.dyn")
        conv2d_nchw_reindex_pad_shared_dyn_wmma_accumulator = T.alloc_buffer((13, 16, 1, 1, 16, 16), "float16", scope="wmma.accumulator")
        pad_temp_reindex_pad_shared_dyn = T.alloc_buffer((208, 2304), "float16", scope="shared.dyn")
        W_reindex_shared_dyn = T.alloc_buffer((256, 2304), "float16", scope="shared.dyn")
        pad_temp_reindex_pad_shared_dyn_wmma_matrix_a = T.alloc_buffer((208, 2304), "float16", scope="wmma.matrix_a")
        W_reindex_shared_dyn_wmma_matrix_b = T.alloc_buffer((256, 2304), "float16", scope="wmma.matrix_b")
        for ax0_0_0_ax1_0_0_fused in T.thread_binding(8, thread="blockIdx.y", annotations={"pragma_auto_unroll_max_step": 1024, "pragma_unroll_explicit": 1}):
            for ax0_0_1_ax1_0_1_fused in T.thread_binding(13, thread="blockIdx.x"):
                for ax0_0_2_ax1_0_2_fused in T.thread_binding(2, thread="threadIdx.y"):
                    for ax0_0_3_init, ax1_0_3_init, ax0_0_4_init, ax1_0_4_init in T.grid(1, 1, 1, 1):
                        with T.block("conv2d_nchw_o_init"):
                            v0_o = T.axis.spatial(13, ax0_0_1_ax1_0_1_fused + ax0_0_3_init + ax0_0_4_init)
                            v1_o = T.axis.spatial(16, ax0_0_0_ax1_0_0_fused * 2 + ax0_0_2_ax1_0_2_fused + ax1_0_3_init + ax1_0_4_init)
                            T.reads()
                            T.writes(conv2d_nchw_reindex_pad_shared_dyn_wmma_accumulator[v0_o, v1_o, 0, 0, 0:16, 0:16])
                            T.block_attr({"meta_schedule.thread_extent_high_inclusive": 1024, "meta_schedule.thread_extent_low_inclusive": 32, "warp_execution": 1})
                            C = T.match_buffer(conv2d_nchw_reindex_pad_shared_dyn_wmma_accumulator[v0_o, v1_o, 0, 0, 0:16, 0:16], (16, 16), "float16", strides=("C_s0", "C_s1"), scope="wmma.accumulator", offset_factor=16)
                            T.tvm_fill_fragment(C.data, 16, 16, 16, C.elem_offset // C.strides[0] // 16 * (C.strides[0] // 16) + C.elem_offset % C.strides[0] // 16, T.float32(0.0))
                    for ax2_0_0 in range(24):
                        for ax0_ax1_fused_0 in range(6):
                            for ax0_ax1_fused_1 in T.thread_binding(2, thread="threadIdx.y"):
                                for ax0_ax1_fused_2 in T.thread_binding(32, thread="threadIdx.x"):
                                    for ax0_ax1_fused_3 in T.vectorized(4):
                                        with T.block("pad_temp_reindex_pad_shared.dyn"):
                                            v0 = T.axis.spatial(208, ax0_0_1_ax1_0_1_fused * 16 + (ax0_ax1_fused_0 * 256 + ax0_ax1_fused_1 * 128 + ax0_ax1_fused_2 * 4 + ax0_ax1_fused_3) // 96)
                                            v1 = T.axis.spatial(2304, ax2_0_0 * 96 + (ax0_ax1_fused_0 * 256 + ax0_ax1_fused_1 * 128 + ax0_ax1_fused_2 * 4 + ax0_ax1_fused_3) % 96)
                                            T.reads(A[0, v1 // 9, v0 // 14 + v1 % 9 // 3 - 1, v0 % 14 + v1 % 3 - 1])
                                            T.writes(pad_temp_reindex_pad_shared_dyn[v0, v1])
                                            T.block_attr({"buffer_dim_align": [[0, 0, 32, 8]]})
                                            pad_temp_reindex_pad_shared_dyn[v0, v1] = T.if_then_else(v0 < 196, T.if_then_else(1 <= v0 // 14 + v1 % 9 // 3 and v0 // 14 + v1 % 9 // 3 < 15 and 1 <= v0 % 14 + v1 % 3 and v0 % 14 + v1 % 3 < 15, A[0, v1 // 9, v0 // 14 + v1 % 9 // 3 - 1, v0 % 14 + v1 % 3 - 1], T.float16(0.0)), T.float16(0.0))
                        for ax0_ax1_fused_0 in range(6):
                            for ax0_ax1_fused_1 in T.thread_binding(2, thread="threadIdx.y"):
                                for ax0_ax1_fused_2 in T.thread_binding(32, thread="threadIdx.x"):
                                    for ax0_ax1_fused_3 in T.vectorized(8):
                                        with T.block("W_reindex_shared.dyn"):
                                            v0 = T.axis.spatial(256, ax0_0_0_ax1_0_0_fused * 32 + (ax0_ax1_fused_0 * 512 + ax0_ax1_fused_1 * 256 + ax0_ax1_fused_2 * 8 + ax0_ax1_fused_3) // 96)
                                            v1 = T.axis.spatial(2304, ax2_0_0 * 96 + (ax0_ax1_fused_0 * 512 + ax0_ax1_fused_1 * 256 + ax0_ax1_fused_2 * 8 + ax0_ax1_fused_3) % 96)
                                            T.reads(W[v0, v1 // 9, v1 % 9 // 3, v1 % 3])
                                            T.writes(W_reindex_shared_dyn[v0, v1])
                                            T.block_attr({"buffer_dim_align": [[0, 0, 32, 8]]})
                                            W_reindex_shared_dyn[v0, v1] = W[v0, v1 // 9, v1 % 9 // 3, v1 % 3]
                        for ax2_0_1 in range(6):
                            for ax0_0, ax1_0 in T.grid(1, 1):
                                with T.block("pad_temp_reindex_pad_shared.dyn_wmma.matrix_a_o"):
                                    v0_o = T.axis.spatial(13, ax0_0_1_ax1_0_1_fused + ax0_0)
                                    v1_o = T.axis.spatial(144, ax2_0_0 * 6 + ax2_0_1 + ax1_0)
                                    T.reads(pad_temp_reindex_pad_shared_dyn[v0_o * 16:v0_o * 16 + 16, v1_o * 16:v1_o * 16 + 16])
                                    T.writes(pad_temp_reindex_pad_shared_dyn_wmma_matrix_a[v0_o * 16:v0_o * 16 + 16, v1_o * 16:v1_o * 16 + 16])
                                    A_1 = T.match_buffer(pad_temp_reindex_pad_shared_dyn[v0_o * 16:v0_o * 16 + 16, v1_o * 16:v1_o * 16 + 16], (16, 16), "float16", strides=("A_s0", "A_s1"), scope="shared.dyn", offset_factor=16)
                                    C = T.match_buffer(pad_temp_reindex_pad_shared_dyn_wmma_matrix_a[v0_o * 16:v0_o * 16 + 16, v1_o * 16:v1_o * 16 + 16], (16, 16), "float16", strides=("C_s0", "C_s1"), scope="wmma.matrix_a", offset_factor=16)
                                    T.tvm_load_matrix_sync(C.data, 16, 16, 16, C.elem_offset // C.strides[0] // 16 * (C.strides[0] // 16) + C.elem_offset % C.strides[0] // 16, T.tvm_access_ptr(T.type_annotation("float16"), A_1.data, A_1.elem_offset, A_1.strides[0] * 16, 1), A_1.strides[0], "row_major")
                            for ax0_0, ax1_0 in T.grid(1, 1):
                                with T.block("W_reindex_shared.dyn_wmma.matrix_b_o"):
                                    v0_o = T.axis.spatial(16, ax0_0_0_ax1_0_0_fused * 2 + ax0_0_2_ax1_0_2_fused + ax0_0)
                                    v1_o = T.axis.spatial(144, ax2_0_0 * 6 + ax2_0_1 + ax1_0)
                                    T.reads(W_reindex_shared_dyn[v0_o * 16:v0_o * 16 + 16, v1_o * 16:v1_o * 16 + 16])
                                    T.writes(W_reindex_shared_dyn_wmma_matrix_b[v0_o * 16:v0_o * 16 + 16, v1_o * 16:v1_o * 16 + 16])
                                    A_1 = T.match_buffer(W_reindex_shared_dyn[v0_o * 16:v0_o * 16 + 16, v1_o * 16:v1_o * 16 + 16], (16, 16), "float16", strides=("A_s0", "A_s1"), scope="shared.dyn", offset_factor=16)
                                    C = T.match_buffer(W_reindex_shared_dyn_wmma_matrix_b[v0_o * 16:v0_o * 16 + 16, v1_o * 16:v1_o * 16 + 16], (16, 16), "float16", strides=("C_s0", "C_s1"), scope="wmma.matrix_b", offset_factor=16)
                                    T.tvm_load_matrix_sync(C.data, 16, 16, 16, C.elem_offset // C.strides[0] // 16 * (C.strides[0] // 16) + C.elem_offset % C.strides[0] // 16, T.tvm_access_ptr(T.type_annotation("float16"), A_1.data, A_1.elem_offset, A_1.strides[0] * 16, 1), A_1.strides[0], "col_major")
                            for ax0_0_3, ax1_0_3, ax2_0_2, ax0_0_4, ax1_0_4 in T.grid(1, 1, 1, 1, 1):
                                with T.block("conv2d_nchw_o_update"):
                                    v0_o = T.axis.spatial(13, ax0_0_1_ax1_0_1_fused + ax0_0_3 + ax0_0_4)
                                    v1_o = T.axis.spatial(16, ax0_0_0_ax1_0_0_fused * 2 + ax0_0_2_ax1_0_2_fused + ax1_0_3 + ax1_0_4)
                                    v2_o = T.axis.reduce(144, ax2_0_0 * 6 + ax2_0_1 + ax2_0_2)
                                    T.reads(conv2d_nchw_reindex_pad_shared_dyn_wmma_accumulator[v0_o, v1_o, 0, 0, 0:16, 0:16], pad_temp_reindex_pad_shared_dyn_wmma_matrix_a[v0_o * 16:v0_o * 16 + 16, v2_o * 16:v2_o * 16 + 16], W_reindex_shared_dyn_wmma_matrix_b[v1_o * 16:v1_o * 16 + 16, v2_o * 16:v2_o * 16 + 16])
                                    T.writes(conv2d_nchw_reindex_pad_shared_dyn_wmma_accumulator[v0_o, v1_o, 0, 0, 0:16, 0:16])
                                    T.block_attr({"meta_schedule.thread_extent_high_inclusive": 1024, "meta_schedule.thread_extent_low_inclusive": 32, "warp_execution": 1})
                                    A_1 = T.match_buffer(pad_temp_reindex_pad_shared_dyn_wmma_matrix_a[v0_o * 16:v0_o * 16 + 16, v2_o * 16:v2_o * 16 + 16], (16, 16), "float16", strides=("A_s0", "A_s1"), scope="wmma.matrix_a", offset_factor=16)
                                    B = T.match_buffer(W_reindex_shared_dyn_wmma_matrix_b[v1_o * 16:v1_o * 16 + 16, v2_o * 16:v2_o * 16 + 16], (16, 16), "float16", strides=("B_s0", "B_s1"), scope="wmma.matrix_b", offset_factor=16)
                                    C = T.match_buffer(conv2d_nchw_reindex_pad_shared_dyn_wmma_accumulator[v0_o, v1_o, 0, 0, 0:16, 0:16], (16, 16), "float16", strides=("C_s0", "C_s1"), scope="wmma.accumulator", offset_factor=16)
                                    T.tvm_mma_sync(C.data, C.elem_offset // C.strides[0] // 16 * (C.strides[0] // 16) + C.elem_offset % C.strides[0] // 16, A_1.data, A_1.elem_offset // A_1.strides[0] // 16 * (A_1.strides[0] // 16) + A_1.elem_offset % A_1.strides[0] // 16, B.data, B.elem_offset // B.strides[0] // 16 * (B.strides[0] // 16) + B.elem_offset % B.strides[0] // 16, C.data, C.elem_offset // C.strides[0] // 16 * (C.strides[0] // 16) + C.elem_offset % C.strides[0] // 16)
                for ax2 in range(1):
                    for ax0_ax1_fused in T.thread_binding(2, thread="threadIdx.y"):
                        for ax2_1, ax3 in T.grid(1, 1):
                            with T.block("conv2d_nchw_reindex_pad_shared.dyn_wmma.accumulator_o"):
                                v0_o = T.axis.spatial(13, ax0_0_1_ax1_0_1_fused)
                                v1_o = T.axis.spatial(16, ax0_0_0_ax1_0_0_fused * 2 + ax0_ax1_fused)
                                v2_o, v3_o = T.axis.remap("SS", [ax2_1, ax3])
                                v4_o = T.axis.spatial(1, 0)
                                v5_o = T.axis.spatial(1, 0)
                                T.reads(conv2d_nchw_reindex_pad_shared_dyn_wmma_accumulator[v0_o, v1_o, v2_o, v3_o, 0:16, 0:16])
                                T.writes(conv2d_nchw_reindex_pad_shared_dyn[v0_o, v1_o, v2_o, v3_o, 0:16, 0:16])
                                A_1 = T.match_buffer(conv2d_nchw_reindex_pad_shared_dyn_wmma_accumulator[v0_o, v1_o, v2_o, v3_o, 0:16, 0:16], (16, 16), "float16", strides=("A_s0", "A_s1"), scope="wmma.accumulator", offset_factor=16)
                                C = T.match_buffer(conv2d_nchw_reindex_pad_shared_dyn[v0_o, v1_o, v2_o, v3_o, 0:16, 0:16], (16, 16), "float16", strides=("C_s0", "C_s1"), scope="shared.dyn", offset_factor=16)
                                T.tvm_store_matrix_sync(A_1.data, 16, 16, 16, A_1.elem_offset // A_1.strides[0] // 16 * (A_1.strides[0] // 16) + A_1.elem_offset % A_1.strides[0] // 16, T.tvm_access_ptr(T.type_annotation("float16"), C.data, C.elem_offset, C.strides[0] * 16, 2), C.strides[0], "row_major")
                    for ax0_ax1_ax3_ax4_ax5_fused_0 in range(8):
                        for ax0_ax1_ax3_ax4_ax5_fused_1 in T.thread_binding(2, thread="threadIdx.y"):
                            for ax0_ax1_ax3_ax4_ax5_fused_2 in T.thread_binding(32, thread="threadIdx.x"):
                                with T.block("conv2d_nchw_reindex_pad_shared.dyn"):
                                    v0 = T.axis.spatial(13, ax0_0_1_ax1_0_1_fused)
                                    v1 = T.axis.spatial(16, ax0_0_0_ax1_0_0_fused * 2 + (ax0_ax1_ax3_ax4_ax5_fused_0 * 64 + ax0_ax1_ax3_ax4_ax5_fused_1 * 32 + ax0_ax1_ax3_ax4_ax5_fused_2) // 256)
                                    v2 = T.axis.spatial(1, ax2)
                                    v3 = T.axis.spatial(1, 0)
                                    v4 = T.axis.spatial(16, (ax0_ax1_ax3_ax4_ax5_fused_0 * 64 + ax0_ax1_ax3_ax4_ax5_fused_1 * 32 + ax0_ax1_ax3_ax4_ax5_fused_2) % 256 // 16)
                                    v5 = T.axis.spatial(16, (ax0_ax1_ax3_ax4_ax5_fused_0 * 64 + ax0_ax1_ax3_ax4_ax5_fused_1 * 32 + ax0_ax1_ax3_ax4_ax5_fused_2) % 16)
                                    T.where(ax0_0_1_ax1_0_1_fused * 16 + T.Mul(0, 16) + ((ax0_ax1_ax3_ax4_ax5_fused_0 * 2 + ax0_ax1_ax3_ax4_ax5_fused_1) * 32 + ax0_ax1_ax3_ax4_ax5_fused_2) % 256 // 16 < 196)
                                    T.reads(conv2d_nchw_reindex_pad_shared_dyn[v0, v1, v2, v3, v4, v5])
                                    T.writes(conv2d_nchw[0, v5 + v1 * 16, (v4 + v0 * 16) // 14, (v4 + v0 * 16) % 14])
                                    conv2d_nchw[0, v5 + v1 * 16, (v4 + v0 * 16) // 14, (v4 + v0 * 16) % 14] = conv2d_nchw_reindex_pad_shared_dyn[v0, v1, v2, v3, v4, v5]
b0 = sch.get_block(name="pad_temp", func_name="main")
b1 = sch.get_block(name="conv2d_nchw", func_name="main")
b2 = sch.get_block(name="root", func_name="main")
sch.annotate(block_or_loop=b1, ann_key="meta_schedule.tiling_structure", ann_val="SSSRRSRS")
b3 = sch.reindex(block=b1, buffer=("write", 0))
b4 = sch.reindex(block=b1, buffer=("read", 0))
b5 = sch.reindex(block=b1, buffer=("read", 1))
sch.transform_layout(block=b1, buffer=("read", 0), index_map=lambda v_nn, v_yy, v_xx, v_rc, v_ry, v_rx: (v_nn * 196 + v_yy * 14 + v_xx, v_rc * 9 + v_ry * 3 + v_rx,), pad_value=None, assume_injective_transform=True)
sch.transform_layout(block=b1, buffer=("read", 1), index_map=lambda v_ff, v_rc, v_ry, v_rx: (v_ff, v_rc * 9 + v_ry * 3 + v_rx,), pad_value=None, assume_injective_transform=True)
sch.transform_layout(block=b1, buffer=("write", 0), index_map=lambda v_nn, v_ff, v_yy, v_xx: (v_nn * 196 + v_yy * 14 + v_xx, v_ff,), pad_value=None, assume_injective_transform=True)
sch.transform_block_layout(block=b3, index_map=lambda v_nn, v_ff, v_yy, v_xx: (v_nn * 196 + v_yy * 14 + v_xx, v_ff,))
sch.transform_block_layout(block=b4, index_map=lambda v_nn, v_yy, v_xx, v_rc, v_ry, v_rx: (v_nn * 196 + v_yy * 14 + v_xx, v_rc * 9 + v_ry * 3 + v_rx,))
sch.transform_block_layout(block=b5, index_map=lambda v_ff, v_rc, v_ry, v_rx: (v_ff, v_rc * 9 + v_ry * 3 + v_rx,))
sch.transform_block_layout(block=b1, index_map=lambda v_nn, v_ff, v_yy, v_xx, v_rc, v_ry, v_rx: (v_nn * 196 + v_yy * 14 + v_xx, v_ff, v_rc * 9 + v_ry * 3 + v_rx,))
sch.pad_einsum(block=b1, padding=[16, 1, 1])
b6, b7 = sch.get_producers(block=b1)
b8, = sch.get_producers(block=b6)
b9, = sch.get_consumers(block=b1)
sch.compute_inline(block=b8)
sch.compute_inline(block=b9)
l10, l11, l12 = sch.get_loops(block=b1)
l13, l14 = sch.split(loop=l12, factors=[None, 16], preserve_unit_iters=True, disable_predication=False)
l15, l16 = sch.split(loop=l11, factors=[None, 16], preserve_unit_iters=True, disable_predication=False)
l17, l18 = sch.split(loop=l10, factors=[None, 16], preserve_unit_iters=True, disable_predication=False)
l19, l20, l21, l22, l23, l24 = sch.get_loops(block=b1)
sch.reorder(l21, l23, l18, l16, l14)
b25 = sch.blockize(target=l18, preserve_unit_iters=True)
sch.annotate(block_or_loop=b25, ann_key="meta_schedule.auto_tensorize", ann_val="wmma_sync_16x16x16_f16f16f16_trans")
sch.annotate(block_or_loop=b25, ann_key="meta_schedule.auto_tensorize_init", ann_val="wmma_fill_16x16x16_f16")
sch.annotate(block_or_loop=b25, ann_key="warp_execution", ann_val=1)
l26, l27, l28 = sch.get_loops(block=b25)
v29, v30, v31, v32, v33 = sch.sample_perfect_tile(loop=l26, n=5, max_innermost_factor=4, decision=[1, 13, 1, 1, 1])
l34, l35, l36, l37, l38 = sch.split(loop=l26, factors=[v29, v30, v31, v32, v33], preserve_unit_iters=True, disable_predication=False)
v39, v40, v41, v42, v43 = sch.sample_perfect_tile(loop=l27, n=5, max_innermost_factor=4, decision=[8, 1, 2, 1, 1])
l44, l45, l46, l47, l48 = sch.split(loop=l27, factors=[v39, v40, v41, v42, v43], preserve_unit_iters=True, disable_predication=False)
v49, v50, v51 = sch.sample_perfect_tile(loop=l28, n=3, max_innermost_factor=4, decision=[24, 6, 1])
l52, l53, l54 = sch.split(loop=l28, factors=[v49, v50, v51], preserve_unit_iters=True, disable_predication=False)
sch.reorder(l34, l44, l35, l45, l36, l46, l52, l53, l37, l47, l54, l38, l48)
l55 = sch.fuse(l34, l44, preserve_unit_iters=True)
sch.bind(loop=l55, thread_axis="blockIdx.y")
l56 = sch.fuse(l35, l45, preserve_unit_iters=True)
sch.bind(loop=l56, thread_axis="blockIdx.x")
l57 = sch.fuse(l36, l46, preserve_unit_iters=True)
sch.bind(loop=l57, thread_axis="threadIdx.y")
sch.annotate(block_or_loop=b25, ann_key="meta_schedule.thread_extent_low_inclusive", ann_val=32)
sch.annotate(block_or_loop=b25, ann_key="meta_schedule.thread_extent_high_inclusive", ann_val=1024)
sch.transform_layout(block=b25, buffer=("write", 0), index_map=lambda i0, i1: (i0 // 16 // (v32 * v33), i1 // 16 // (v42 * v43), i0 // 16 % (v32 * v33), i1 // 16 % (v42 * v43), i0 % 16, i1 % 16,), pad_value=None, assume_injective_transform=True)
b58 = sch.cache_write(block=b25, write_buffer_index=0, storage_scope="shared.dyn")
sch.reverse_compute_at(block=b58, loop=l56, preserve_unit_loops=True, index=-1)
b59 = sch.cache_write(block=b25, write_buffer_index=0, storage_scope="wmma.accumulator")
l60, l61, l62, l63, l64, l65, l66, l67 = sch.get_loops(block=b58)
sch.reorder(l64, l62, l63, l65)
sch.compute_at(block=b59, loop=l64, preserve_unit_loops=True, index=-1)
l68, l69, l70, l71, l72, l73, l74, l75, l76 = sch.get_loops(block=b59)
l77 = sch.fuse(l71, l72, preserve_unit_iters=True)
sch.bind(loop=l77, thread_axis="threadIdx.y")
sch.reverse_compute_inline(block=b3)
l78, l79, l80, l81, l82, l83, l84, l85 = sch.get_loops(block=b59)
b86 = sch.blockize(target=l84, preserve_unit_iters=True)
sch.annotate(block_or_loop=b86, ann_key="meta_schedule.auto_tensorize", ann_val="wmma_store_16x16x16_f16_shared_dyn")
l87, l88, l89, l90, l91, l92, l93, l94 = sch.get_loops(block=b58)
l95 = sch.fuse(l90, l91, l92, l93, l94, preserve_unit_iters=True)
v96 = sch.sample_categorical(candidates=[1, 2, 4, 8], probs=[0.25, 0.25, 0.25, 0.25], decision=0)
sch.annotate(block_or_loop=b58, ann_key="meta_schedule.cooperative_fetch", ann_val=v96)
b97 = sch.cache_read(block=b25, read_buffer_index=0, storage_scope="shared.dyn", consumer_blocks=[b25])
sch.compute_at(block=b97, loop=l52, preserve_unit_loops=True, index=-1)
l98, l99, l100, l101, l102, l103 = sch.get_loops(block=b97)
l104 = sch.fuse(l102, l103, preserve_unit_iters=True)
v105 = sch.sample_categorical(candidates=[1, 2, 4, 8], probs=[0.25, 0.25, 0.25, 0.25], decision=2)
sch.annotate(block_or_loop=b97, ann_key="meta_schedule.cooperative_fetch", ann_val=v105)
b106 = sch.cache_read(block=b25, read_buffer_index=1, storage_scope="shared.dyn", consumer_blocks=[b25])
sch.compute_at(block=b106, loop=l52, preserve_unit_loops=True, index=-1)
l107, l108, l109, l110, l111, l112 = sch.get_loops(block=b106)
l113 = sch.fuse(l111, l112, preserve_unit_iters=True)
v114 = sch.sample_categorical(candidates=[1, 2, 4, 8], probs=[0.25, 0.25, 0.25, 0.25], decision=3)
sch.annotate(block_or_loop=b106, ann_key="meta_schedule.cooperative_fetch", ann_val=v114)
b115 = sch.cache_read(block=b25, read_buffer_index=0, storage_scope="wmma.matrix_a")
sch.compute_at(block=b115, loop=l53, preserve_unit_loops=True, index=-1)
l116, l117, l118, l119, l120, l121, l122 = sch.get_loops(block=b115)
l123, l124 = sch.split(loop=l122, factors=[None, 16], preserve_unit_iters=True, disable_predication=False)
l125, l126 = sch.split(loop=l121, factors=[None, 16], preserve_unit_iters=True, disable_predication=False)
l127, l128, l129, l130, l131, l132, l133, l134, l135 = sch.get_loops(block=b115)
sch.reorder(l134, l126, l124)
b136 = sch.blockize(target=l126, preserve_unit_iters=True)
sch.annotate(block_or_loop=b136, ann_key="meta_schedule.auto_tensorize", ann_val="wmma_load_16x16x16_f16_a_shared_dyn")
b137 = sch.cache_read(block=b25, read_buffer_index=1, storage_scope="wmma.matrix_b")
sch.compute_at(block=b137, loop=l53, preserve_unit_loops=True, index=-1)
l138, l139, l140, l141, l142, l143, l144 = sch.get_loops(block=b137)
l145, l146 = sch.split(loop=l144, factors=[None, 16], preserve_unit_iters=True, disable_predication=False)
l147, l148 = sch.split(loop=l143, factors=[None, 16], preserve_unit_iters=True, disable_predication=False)
l149, l150, l151, l152, l153, l154, l155, l156, l157 = sch.get_loops(block=b137)
sch.reorder(l156, l148, l146)
b158 = sch.blockize(target=l148, preserve_unit_iters=True)
sch.annotate(block_or_loop=b158, ann_key="meta_schedule.auto_tensorize", ann_val="wmma_load_16x16x16_f16_b_trans_shared_dyn")
b159, = sch.get_producers(block=b97)
sch.compute_inline(block=b159)
sch.storage_align(block=b97, buffer_index=0, axis=-2, factor=32, offset=8)
b160, = sch.get_producers(block=b106)
sch.compute_inline(block=b160)
sch.storage_align(block=b106, buffer_index=0, axis=-2, factor=32, offset=8)
sch.compute_inline(block=b0)
v161 = sch.sample_categorical(candidates=[0, 16, 64, 512, 1024], probs=[0.20000000000000001, 0.20000000000000001, 0.20000000000000001, 0.20000000000000001, 0.20000000000000001], decision=4)
sch.annotate(block_or_loop=b2, ann_key="meta_schedule.unroll_explicit", ann_val=v161)
sch.enter_postproc()
sch.unannotate(block_or_loop=b58, ann_key="meta_schedule.cooperative_fetch")
l162, l163, l164, l165 = sch.get_loops(block=b58)
l166, l167, l168 = sch.split(loop=l165, factors=[None, 2, 32], preserve_unit_iters=True, disable_predication=False)
sch.bind(loop=l168, thread_axis="threadIdx.x")
sch.bind(loop=l167, thread_axis="threadIdx.y")
sch.unannotate(block_or_loop=b97, ann_key="meta_schedule.cooperative_fetch")
l169, l170, l171, l172, l173 = sch.get_loops(block=b97)
l174, l175, l176, l177 = sch.split(loop=l173, factors=[None, 2, 32, 4], preserve_unit_iters=True, disable_predication=False)
sch.vectorize(loop=l177)
sch.bind(loop=l176, thread_axis="threadIdx.x")
sch.bind(loop=l175, thread_axis="threadIdx.y")
sch.unannotate(block_or_loop=b106, ann_key="meta_schedule.cooperative_fetch")
l178, l179, l180, l181, l182 = sch.get_loops(block=b106)
l183, l184, l185, l186 = sch.split(loop=l182, factors=[None, 2, 32, 8], preserve_unit_iters=True, disable_predication=False)
sch.vectorize(loop=l186)
sch.bind(loop=l185, thread_axis="threadIdx.x")
sch.bind(loop=l184, thread_axis="threadIdx.y")
b187 = sch.get_block(name="root", func_name="main")
sch.unannotate(block_or_loop=b187, ann_key="meta_schedule.unroll_explicit")
b188, b189, b190, b191, b192, b193, b194 = sch.get_child_blocks(b187)
l195, l196, l197, l198, l199, l200, l201, l202 = sch.get_loops(block=b188)
l203, l204, l205, l206, l207, l208, l209, l210 = sch.get_loops(block=b189)
l211, l212, l213, l214, l215, l216, l217 = sch.get_loops(block=b190)
l218, l219, l220, l221, l222, l223, l224 = sch.get_loops(block=b191)
l225, l226, l227, l228, l229, l230, l231, l232, l233, l234 = sch.get_loops(block=b192)
sch.annotate(block_or_loop=l225, ann_key="pragma_auto_unroll_max_step", ann_val=1024)
sch.annotate(block_or_loop=l225, ann_key="pragma_unroll_explicit", ann_val=1)
l235, l236, l237, l238, l239, l240 = sch.get_loops(block=b193)
l241, l242, l243, l244, l245, l246 = sch.get_loops(block=b194)
b247 = sch.get_block(name="conv2d_nchw_o", func_name="main")
l248, l249, l250, l251, l252, l253, l254, l255, l256, l257 = sch.get_loops(block=b247)
b258 = sch.decompose_reduction(block=b247, loop=l251)
sch.unannotate(block_or_loop=b258, ann_key="meta_schedule.auto_tensorize")
sch.annotate(block_or_loop=b258, ann_key="meta_schedule.auto_tensorize", ann_val="wmma_fill_16x16x16_f16")
sch.unannotate(block_or_loop=b247, ann_key="meta_schedule.auto_tensorize_init")
sch.unannotate(block_or_loop=b258, ann_key="meta_schedule.auto_tensorize_init")
b259 = sch.get_block(name="conv2d_nchw_o_init", func_name="main")
sch.unannotate(block_or_loop=b259, ann_key="meta_schedule.auto_tensorize")
sch.tensorize(block_or_loop=b259, tensor_intrin="wmma_fill_16x16x16_f16", preserve_unit_iters=True)
b260 = sch.get_block(name="pad_temp_reindex_pad_shared.dyn_wmma.matrix_a_o", func_name="main")
sch.unannotate(block_or_loop=b260, ann_key="meta_schedule.auto_tensorize")
sch.tensorize(block_or_loop=b260, tensor_intrin="wmma_load_16x16x16_f16_a_shared_dyn", preserve_unit_iters=True)
b261 = sch.get_block(name="W_reindex_shared.dyn_wmma.matrix_b_o", func_name="main")
sch.unannotate(block_or_loop=b261, ann_key="meta_schedule.auto_tensorize")
sch.tensorize(block_or_loop=b261, tensor_intrin="wmma_load_16x16x16_f16_b_trans_shared_dyn", preserve_unit_iters=True)
b262 = sch.get_block(name="conv2d_nchw_o_update", func_name="main")
sch.unannotate(block_or_loop=b262, ann_key="meta_schedule.auto_tensorize")
sch.tensorize(block_or_loop=b262, tensor_intrin="wmma_sync_16x16x16_f16f16f16_trans", preserve_unit_iters=True)
b263 = sch.get_block(name="conv2d_nchw_reindex_pad_shared.dyn_wmma.accumulator_o", func_name="main")
sch.unannotate(block_or_loop=b263, ann_key="meta_schedule.auto_tensorize")
sch.tensorize(block_or_loop=b263, tensor_intrin="wmma_store_16x16x16_f16_shared_dyn", preserve_unit_iters=True)
2025-10-07 10:57:52 [INFO] [task_scheduler.cc:131] [Task #0: main] Trial #182: GFLOPs: 4619.7006. Time: 50.0489 us. Best GFLOPs: 16944.9735
2025-10-07 10:57:52 [INFO] [task_scheduler.cc:121] [Task #0: main] Trial #183: Error in building:
LocalBuilder: An exception occurred
Traceback (most recent call last):
  File "/workspace/tvm-dev/python/tvm/exec/popen_worker.py", line 87, in main
    result = fn(*args, **kwargs)
             ^^^^^^^^^^^^^^^^^^^
  File "/workspace/tvm-dev/python/tvm/meta_schedule/builder/local_builder.py", line 165, in <lambda>
    lambda x: _worker_func(*x),
              ^^^^^^^^^^^^^^^^
  File "/workspace/tvm-dev/python/tvm/meta_schedule/builder/local_builder.py", line 231, in _worker_func
    rt_mod: Module = f_build(mod, target, _deserialize_params(params))
                     ^^^^^^^^^^^^^^^^^^^^^^^^^^^^^^^^^^^^^^^^^^^^^^^^^
  File "/workspace/tvm-dev/python/tvm/_ffi/_ctypes/packed_func.py", line 245, in __call__
    raise_last_ffi_error()
  File "/workspace/tvm-dev/python/tvm/_ffi/base.py", line 481, in raise_last_ffi_error
    raise py_err
  File "/workspace/tvm-dev/python/tvm/meta_schedule/builder/local_builder.py", line 261, in default_build
    return tvm_build(mod, target=target)
           ^^^^^^^^^^^^^^^^^^^^^^^^^^^^^
  File "/workspace/tvm-dev/python/tvm/driver/build_module.py", line 297, in build
    rt_mod_host = _driver_ffi.tir_to_runtime(annotated_mods, target_host)
                  ^^^^^^^^^^^^^^^^^^^^^^^^^^^^^^^^^^^^^^^^^^^^^^^^^^^^^^^
  File "/workspace/tvm-dev/python/tvm/_ffi/_ctypes/packed_func.py", line 245, in __call__
    raise_last_ffi_error()
  File "/workspace/tvm-dev/python/tvm/_ffi/base.py", line 481, in raise_last_ffi_error
    raise py_err
ValueError: Traceback (most recent call last):
  33: tvm::runtime::PackedFuncObj::Extractor<tvm::runtime::PackedFuncSubObj<tvm::runtime::TypedPackedFunc<tvm::runtime::Module (tvm::runtime::Map<tvm::Target, tvm::IRModule, void, void> const&, tvm::Target)>::AssignTypedLambda<tvm::__mk_TVM24::{lambda(tvm::runtime::Map<tvm::Target, tvm::IRModule, void, void> const&, tvm::Target)#1}>(tvm::__mk_TVM24::{lambda(tvm::runtime::Map<tvm::Target, tvm::IRModule, void, void> const&, tvm::Target)#1}, std::__cxx11::basic_string<char, std::char_traits<char>, std::allocator<char> >)::{lambda(tvm::runtime::TVMArgs const&, tvm::runtime::TVMRetValue*)#1}> >::Call(tvm::runtime::PackedFuncObj const*, std::__cxx11::basic_string<char, std::char_traits<char>, std::allocator<char> >, tvm::runtime::TVMRetValue)
  32: tvm::TIRToRuntime(tvm::runtime::Map<tvm::Target, tvm::IRModule, void, void> const&, tvm::Target const&)
  31: tvm::codegen::Build(tvm::IRModule, tvm::Target)
  30: _ZN3tvm7runtime13PackedFuncObj
  29: tvm::runtime::TypedPackedFunc<tvm::runtime::Module (tvm::IRModule, tvm::Target)>::AssignTypedLambda<tvm::runtime::Module (*)(tvm::IRModule, tvm::Target)>(tvm::runtime::Module (*)(tvm::IRModule, tvm::Target), std::__cxx11::basic_string<char, std::char_traits<char>, std::allocator<char> >)::{lambda(tvm::runtime::TVMArgs const&, tvm::runtime::TVMRetValue*)#1}::operator()(tvm::runtime::TVMArgs const&, tvm::runtime::TVMRetValue*) const
  28: tvm::codegen::BuildCUDA(tvm::IRModule, tvm::Target)
  27: tvm::codegen::CodeGenC::AddFunction(tvm::GlobalVar const&, tvm::tir::PrimFunc const&)
  26: tvm::codegen::CodeGenCUDA::VisitStmt_(tvm::tir::AllocateNode const*)
  25: tvm::codegen::CodeGenCUDA::VisitStmt_(tvm::tir::AllocateNode const*)
  24: tvm::codegen::CodeGenCUDA::VisitStmt_(tvm::tir::AllocateNode const*)
  23: tvm::codegen::CodeGenCUDA::VisitStmt_(tvm::tir::AllocateNode const*)
  22: tvm::codegen::CodeGenC::VisitStmt_(tvm::tir::SeqStmtNode const*)
  21: tvm::codegen::CodeGenC::VisitStmt_(tvm::tir::ForNode const*)
  20: tvm::codegen::CodeGenC::VisitStmt_(tvm::tir::SeqStmtNode const*)
  19: tvm::codegen::CodeGenC::VisitStmt_(tvm::tir::BufferStoreNode const*)
  18: tvm::codegen::CodeGenC::PrintExpr[abi:cxx11](tvm::PrimExpr const&)
  17: tvm::codegen::CodeGenC::VisitExpr_(tvm::tir::BufferLoadNode const*, std::ostream&)
  16: tvm::codegen::CodeGenC::PrintExpr[abi:cxx11](tvm::PrimExpr const&)
  15: void tvm::codegen::PrintBinaryExpr<tvm::tir::AddNode>(tvm::tir::AddNode const*, char const*, std::ostream&, tvm::codegen::CodeGenC*)
  14: tvm::codegen::CodeGenCUDA::PrintVecBinaryOp(std::__cxx11::basic_string<char, std::char_traits<char>, std::allocator<char> > const&, tvm::runtime::DataType, tvm::PrimExpr, tvm::PrimExpr, std::ostream&)
  13: tvm::codegen::CodeGenC::PrintExpr[abi:cxx11](tvm::PrimExpr const&)
  12: void tvm::codegen::PrintBinaryExpr<tvm::tir::AddNode>(tvm::tir::AddNode const*, char const*, std::ostream&, tvm::codegen::CodeGenC*)
  11: tvm::codegen::CodeGenCUDA::PrintVecBinaryOp(std::__cxx11::basic_string<char, std::char_traits<char>, std::allocator<char> > const&, tvm::runtime::DataType, tvm::PrimExpr, tvm::PrimExpr, std::ostream&)
  10: tvm::codegen::CodeGenC::PrintExpr[abi:cxx11](tvm::PrimExpr const&)
  9: void tvm::codegen::PrintBinaryExpr<tvm::tir::AddNode>(tvm::tir::AddNode const*, char const*, std::ostream&, tvm::codegen::CodeGenC*)
  8: tvm::codegen::CodeGenCUDA::PrintVecBinaryOp(std::__cxx11::basic_string<char, std::char_traits<char>, std::allocator<char> > const&, tvm::runtime::DataType, tvm::PrimExpr, tvm::PrimExpr, std::ostream&)
  7: tvm::codegen::CodeGenC::PrintExpr[abi:cxx11](tvm::PrimExpr const&)
  6: void tvm::codegen::PrintBinaryExpr<tvm::tir::MulNode>(tvm::tir::MulNode const*, char const*, std::ostream&, tvm::codegen::CodeGenC*)
  5: tvm::codegen::CodeGenCUDA::PrintVecBinaryOp(std::__cxx11::basic_string<char, std::char_traits<char>, std::allocator<char> > const&, tvm::runtime::DataType, tvm::PrimExpr, tvm::PrimExpr, std::ostream&)
  4: tvm::codegen::CodeGenC::PrintExpr[abi:cxx11](tvm::PrimExpr const&)
  3: void tvm::codegen::PrintBinaryExpr<tvm::tir::DivNode>(tvm::tir::DivNode const*, char const*, std::ostream&, tvm::codegen::CodeGenC*)
  2: tvm::codegen::CodeGenCUDA::PrintVecBinaryOp(std::__cxx11::basic_string<char, std::char_traits<char>, std::allocator<char> > const&, tvm::runtime::DataType, tvm::PrimExpr, tvm::PrimExpr, std::ostream&)
  1: tvm::codegen::CodeGenC::PrintExpr[abi:cxx11](tvm::PrimExpr const&)
  0: tvm::codegen::CodeGenCUDA::VisitExpr_(tvm::tir::RampNode const*, std::ostream&)
  File "/workspace/tvm-dev/src/target/source/codegen_cuda.cc", line 1204
ValueError: Check failed: lanes <= 4 (8 vs. 4) : Ramp of more than 4 lanes is not allowed.

# from tvm.script import ir as I
# from tvm.script import tir as T

@I.ir_module
class Module:
    @T.prim_func
    def main(A: T.Buffer((1, 256, 14, 14), "float16"), W: T.Buffer((256, 256, 3, 3), "float16"), conv2d_nchw: T.Buffer((1, 256, 14, 14), "float16")):
        T.func_attr({"tir.noalias": T.bool(True)})
        # with T.block("root"):
        conv2d_nchw_reindex_pad_shared_dyn = T.alloc_buffer((13, 16, 1, 1, 16, 16), "float16", scope="shared.dyn")
        conv2d_nchw_reindex_pad_shared_dyn_wmma_accumulator = T.alloc_buffer((13, 16, 1, 1, 16, 16), "float16", scope="wmma.accumulator")
        pad_temp_reindex_pad_shared_dyn = T.alloc_buffer((208, 2304), "float16", scope="shared.dyn")
        W_reindex_shared_dyn = T.alloc_buffer((256, 2304), "float16", scope="shared.dyn")
        pad_temp_reindex_pad_shared_dyn_wmma_matrix_a = T.alloc_buffer((208, 2304), "float16", scope="wmma.matrix_a")
        W_reindex_shared_dyn_wmma_matrix_b = T.alloc_buffer((256, 2304), "float16", scope="wmma.matrix_b")
        for ax0_0_0_ax1_0_0_fused in T.thread_binding(8, thread="blockIdx.y", annotations={"pragma_auto_unroll_max_step": 512, "pragma_unroll_explicit": 1}):
            for ax0_0_1_ax1_0_1_fused in T.thread_binding(13, thread="blockIdx.x"):
                for ax0_0_2_ax1_0_2_fused in T.thread_binding(2, thread="threadIdx.y"):
                    for ax0_0_3_init, ax1_0_3_init, ax0_0_4_init, ax1_0_4_init in T.grid(1, 1, 1, 1):
                        with T.block("conv2d_nchw_o_init"):
                            v0_o = T.axis.spatial(13, ax0_0_1_ax1_0_1_fused + ax0_0_3_init + ax0_0_4_init)
                            v1_o = T.axis.spatial(16, ax0_0_0_ax1_0_0_fused * 2 + ax0_0_2_ax1_0_2_fused + ax1_0_3_init + ax1_0_4_init)
                            T.reads()
                            T.writes(conv2d_nchw_reindex_pad_shared_dyn_wmma_accumulator[v0_o, v1_o, 0, 0, 0:16, 0:16])
                            T.block_attr({"meta_schedule.thread_extent_high_inclusive": 1024, "meta_schedule.thread_extent_low_inclusive": 32, "warp_execution": 1})
                            C = T.match_buffer(conv2d_nchw_reindex_pad_shared_dyn_wmma_accumulator[v0_o, v1_o, 0, 0, 0:16, 0:16], (16, 16), "float16", strides=("C_s0", "C_s1"), scope="wmma.accumulator", offset_factor=16)
                            T.tvm_fill_fragment(C.data, 16, 16, 16, C.elem_offset // C.strides[0] // 16 * (C.strides[0] // 16) + C.elem_offset % C.strides[0] // 16, T.float32(0.0))
                    for ax2_0_0 in range(24):
                        for ax0_ax1_fused_0 in range(6):
                            for ax0_ax1_fused_1 in T.thread_binding(2, thread="threadIdx.y"):
                                for ax0_ax1_fused_2 in T.thread_binding(32, thread="threadIdx.x"):
                                    for ax0_ax1_fused_3 in T.vectorized(4):
                                        with T.block("pad_temp_reindex_pad_shared.dyn"):
                                            v0 = T.axis.spatial(208, ax0_0_1_ax1_0_1_fused * 16 + (ax0_ax1_fused_0 * 256 + ax0_ax1_fused_1 * 128 + ax0_ax1_fused_2 * 4 + ax0_ax1_fused_3) // 96)
                                            v1 = T.axis.spatial(2304, ax2_0_0 * 96 + (ax0_ax1_fused_0 * 256 + ax0_ax1_fused_1 * 128 + ax0_ax1_fused_2 * 4 + ax0_ax1_fused_3) % 96)
                                            T.reads(A[0, v1 // 9, v0 // 14 + v1 % 9 // 3 - 1, v0 % 14 + v1 % 3 - 1])
                                            T.writes(pad_temp_reindex_pad_shared_dyn[v0, v1])
                                            T.block_attr({"buffer_dim_align": [[0, 0, 32, 8]]})
                                            pad_temp_reindex_pad_shared_dyn[v0, v1] = T.if_then_else(v0 < 196, T.if_then_else(1 <= v0 // 14 + v1 % 9 // 3 and v0 // 14 + v1 % 9 // 3 < 15 and 1 <= v0 % 14 + v1 % 3 and v0 % 14 + v1 % 3 < 15, A[0, v1 // 9, v0 // 14 + v1 % 9 // 3 - 1, v0 % 14 + v1 % 3 - 1], T.float16(0.0)), T.float16(0.0))
                        for ax0_ax1_fused_0 in range(6):
                            for ax0_ax1_fused_1 in T.thread_binding(2, thread="threadIdx.y"):
                                for ax0_ax1_fused_2 in T.thread_binding(32, thread="threadIdx.x"):
                                    for ax0_ax1_fused_3 in T.vectorized(8):
                                        with T.block("W_reindex_shared.dyn"):
                                            v0 = T.axis.spatial(256, ax0_0_0_ax1_0_0_fused * 32 + (ax0_ax1_fused_0 * 512 + ax0_ax1_fused_1 * 256 + ax0_ax1_fused_2 * 8 + ax0_ax1_fused_3) // 96)
                                            v1 = T.axis.spatial(2304, ax2_0_0 * 96 + (ax0_ax1_fused_0 * 512 + ax0_ax1_fused_1 * 256 + ax0_ax1_fused_2 * 8 + ax0_ax1_fused_3) % 96)
                                            T.reads(W[v0, v1 // 9, v1 % 9 // 3, v1 % 3])
                                            T.writes(W_reindex_shared_dyn[v0, v1])
                                            T.block_attr({"buffer_dim_align": [[0, 0, 32, 8]]})
                                            W_reindex_shared_dyn[v0, v1] = W[v0, v1 // 9, v1 % 9 // 3, v1 % 3]
                        for ax2_0_1 in range(6):
                            for ax0_0, ax1_0 in T.grid(1, 1):
                                with T.block("pad_temp_reindex_pad_shared.dyn_wmma.matrix_a_o"):
                                    v0_o = T.axis.spatial(13, ax0_0_1_ax1_0_1_fused + ax0_0)
                                    v1_o = T.axis.spatial(144, ax2_0_0 * 6 + ax2_0_1 + ax1_0)
                                    T.reads(pad_temp_reindex_pad_shared_dyn[v0_o * 16:v0_o * 16 + 16, v1_o * 16:v1_o * 16 + 16])
                                    T.writes(pad_temp_reindex_pad_shared_dyn_wmma_matrix_a[v0_o * 16:v0_o * 16 + 16, v1_o * 16:v1_o * 16 + 16])
                                    A_1 = T.match_buffer(pad_temp_reindex_pad_shared_dyn[v0_o * 16:v0_o * 16 + 16, v1_o * 16:v1_o * 16 + 16], (16, 16), "float16", strides=("A_s0", "A_s1"), scope="shared.dyn", offset_factor=16)
                                    C = T.match_buffer(pad_temp_reindex_pad_shared_dyn_wmma_matrix_a[v0_o * 16:v0_o * 16 + 16, v1_o * 16:v1_o * 16 + 16], (16, 16), "float16", strides=("C_s0", "C_s1"), scope="wmma.matrix_a", offset_factor=16)
                                    T.tvm_load_matrix_sync(C.data, 16, 16, 16, C.elem_offset // C.strides[0] // 16 * (C.strides[0] // 16) + C.elem_offset % C.strides[0] // 16, T.tvm_access_ptr(T.type_annotation("float16"), A_1.data, A_1.elem_offset, A_1.strides[0] * 16, 1), A_1.strides[0], "row_major")
                            for ax0_0, ax1_0 in T.grid(1, 1):
                                with T.block("W_reindex_shared.dyn_wmma.matrix_b_o"):
                                    v0_o = T.axis.spatial(16, ax0_0_0_ax1_0_0_fused * 2 + ax0_0_2_ax1_0_2_fused + ax0_0)
                                    v1_o = T.axis.spatial(144, ax2_0_0 * 6 + ax2_0_1 + ax1_0)
                                    T.reads(W_reindex_shared_dyn[v0_o * 16:v0_o * 16 + 16, v1_o * 16:v1_o * 16 + 16])
                                    T.writes(W_reindex_shared_dyn_wmma_matrix_b[v0_o * 16:v0_o * 16 + 16, v1_o * 16:v1_o * 16 + 16])
                                    A_1 = T.match_buffer(W_reindex_shared_dyn[v0_o * 16:v0_o * 16 + 16, v1_o * 16:v1_o * 16 + 16], (16, 16), "float16", strides=("A_s0", "A_s1"), scope="shared.dyn", offset_factor=16)
                                    C = T.match_buffer(W_reindex_shared_dyn_wmma_matrix_b[v0_o * 16:v0_o * 16 + 16, v1_o * 16:v1_o * 16 + 16], (16, 16), "float16", strides=("C_s0", "C_s1"), scope="wmma.matrix_b", offset_factor=16)
                                    T.tvm_load_matrix_sync(C.data, 16, 16, 16, C.elem_offset // C.strides[0] // 16 * (C.strides[0] // 16) + C.elem_offset % C.strides[0] // 16, T.tvm_access_ptr(T.type_annotation("float16"), A_1.data, A_1.elem_offset, A_1.strides[0] * 16, 1), A_1.strides[0], "col_major")
                            for ax0_0_3, ax1_0_3, ax2_0_2, ax0_0_4, ax1_0_4 in T.grid(1, 1, 1, 1, 1):
                                with T.block("conv2d_nchw_o_update"):
                                    v0_o = T.axis.spatial(13, ax0_0_1_ax1_0_1_fused + ax0_0_3 + ax0_0_4)
                                    v1_o = T.axis.spatial(16, ax0_0_0_ax1_0_0_fused * 2 + ax0_0_2_ax1_0_2_fused + ax1_0_3 + ax1_0_4)
                                    v2_o = T.axis.reduce(144, ax2_0_0 * 6 + ax2_0_1 + ax2_0_2)
                                    T.reads(conv2d_nchw_reindex_pad_shared_dyn_wmma_accumulator[v0_o, v1_o, 0, 0, 0:16, 0:16], pad_temp_reindex_pad_shared_dyn_wmma_matrix_a[v0_o * 16:v0_o * 16 + 16, v2_o * 16:v2_o * 16 + 16], W_reindex_shared_dyn_wmma_matrix_b[v1_o * 16:v1_o * 16 + 16, v2_o * 16:v2_o * 16 + 16])
                                    T.writes(conv2d_nchw_reindex_pad_shared_dyn_wmma_accumulator[v0_o, v1_o, 0, 0, 0:16, 0:16])
                                    T.block_attr({"meta_schedule.thread_extent_high_inclusive": 1024, "meta_schedule.thread_extent_low_inclusive": 32, "warp_execution": 1})
                                    A_1 = T.match_buffer(pad_temp_reindex_pad_shared_dyn_wmma_matrix_a[v0_o * 16:v0_o * 16 + 16, v2_o * 16:v2_o * 16 + 16], (16, 16), "float16", strides=("A_s0", "A_s1"), scope="wmma.matrix_a", offset_factor=16)
                                    B = T.match_buffer(W_reindex_shared_dyn_wmma_matrix_b[v1_o * 16:v1_o * 16 + 16, v2_o * 16:v2_o * 16 + 16], (16, 16), "float16", strides=("B_s0", "B_s1"), scope="wmma.matrix_b", offset_factor=16)
                                    C = T.match_buffer(conv2d_nchw_reindex_pad_shared_dyn_wmma_accumulator[v0_o, v1_o, 0, 0, 0:16, 0:16], (16, 16), "float16", strides=("C_s0", "C_s1"), scope="wmma.accumulator", offset_factor=16)
                                    T.tvm_mma_sync(C.data, C.elem_offset // C.strides[0] // 16 * (C.strides[0] // 16) + C.elem_offset % C.strides[0] // 16, A_1.data, A_1.elem_offset // A_1.strides[0] // 16 * (A_1.strides[0] // 16) + A_1.elem_offset % A_1.strides[0] // 16, B.data, B.elem_offset // B.strides[0] // 16 * (B.strides[0] // 16) + B.elem_offset % B.strides[0] // 16, C.data, C.elem_offset // C.strides[0] // 16 * (C.strides[0] // 16) + C.elem_offset % C.strides[0] // 16)
                for ax2 in range(1):
                    for ax0_ax1_fused in T.thread_binding(2, thread="threadIdx.y"):
                        for ax2_1, ax3 in T.grid(1, 1):
                            with T.block("conv2d_nchw_reindex_pad_shared.dyn_wmma.accumulator_o"):
                                v0_o = T.axis.spatial(13, ax0_0_1_ax1_0_1_fused)
                                v1_o = T.axis.spatial(16, ax0_0_0_ax1_0_0_fused * 2 + ax0_ax1_fused)
                                v2_o, v3_o = T.axis.remap("SS", [ax2_1, ax3])
                                v4_o = T.axis.spatial(1, 0)
                                v5_o = T.axis.spatial(1, 0)
                                T.reads(conv2d_nchw_reindex_pad_shared_dyn_wmma_accumulator[v0_o, v1_o, v2_o, v3_o, 0:16, 0:16])
                                T.writes(conv2d_nchw_reindex_pad_shared_dyn[v0_o, v1_o, v2_o, v3_o, 0:16, 0:16])
                                A_1 = T.match_buffer(conv2d_nchw_reindex_pad_shared_dyn_wmma_accumulator[v0_o, v1_o, v2_o, v3_o, 0:16, 0:16], (16, 16), "float16", strides=("A_s0", "A_s1"), scope="wmma.accumulator", offset_factor=16)
                                C = T.match_buffer(conv2d_nchw_reindex_pad_shared_dyn[v0_o, v1_o, v2_o, v3_o, 0:16, 0:16], (16, 16), "float16", strides=("C_s0", "C_s1"), scope="shared.dyn", offset_factor=16)
                                T.tvm_store_matrix_sync(A_1.data, 16, 16, 16, A_1.elem_offset // A_1.strides[0] // 16 * (A_1.strides[0] // 16) + A_1.elem_offset % A_1.strides[0] // 16, T.tvm_access_ptr(T.type_annotation("float16"), C.data, C.elem_offset, C.strides[0] * 16, 2), C.strides[0], "row_major")
                    for ax0_ax1_ax3_ax4_ax5_fused_0 in range(8):
                        for ax0_ax1_ax3_ax4_ax5_fused_1 in T.thread_binding(2, thread="threadIdx.y"):
                            for ax0_ax1_ax3_ax4_ax5_fused_2 in T.thread_binding(32, thread="threadIdx.x"):
                                with T.block("conv2d_nchw_reindex_pad_shared.dyn"):
                                    v0 = T.axis.spatial(13, ax0_0_1_ax1_0_1_fused)
                                    v1 = T.axis.spatial(16, ax0_0_0_ax1_0_0_fused * 2 + (ax0_ax1_ax3_ax4_ax5_fused_0 * 64 + ax0_ax1_ax3_ax4_ax5_fused_1 * 32 + ax0_ax1_ax3_ax4_ax5_fused_2) // 256)
                                    v2 = T.axis.spatial(1, ax2)
                                    v3 = T.axis.spatial(1, 0)
                                    v4 = T.axis.spatial(16, (ax0_ax1_ax3_ax4_ax5_fused_0 * 64 + ax0_ax1_ax3_ax4_ax5_fused_1 * 32 + ax0_ax1_ax3_ax4_ax5_fused_2) % 256 // 16)
                                    v5 = T.axis.spatial(16, (ax0_ax1_ax3_ax4_ax5_fused_0 * 64 + ax0_ax1_ax3_ax4_ax5_fused_1 * 32 + ax0_ax1_ax3_ax4_ax5_fused_2) % 16)
                                    T.where(ax0_0_1_ax1_0_1_fused * 16 + T.Mul(0, 16) + ((ax0_ax1_ax3_ax4_ax5_fused_0 * 2 + ax0_ax1_ax3_ax4_ax5_fused_1) * 32 + ax0_ax1_ax3_ax4_ax5_fused_2) % 256 // 16 < 196)
                                    T.reads(conv2d_nchw_reindex_pad_shared_dyn[v0, v1, v2, v3, v4, v5])
                                    T.writes(conv2d_nchw[0, v5 + v1 * 16, (v4 + v0 * 16) // 14, (v4 + v0 * 16) % 14])
                                    conv2d_nchw[0, v5 + v1 * 16, (v4 + v0 * 16) // 14, (v4 + v0 * 16) % 14] = conv2d_nchw_reindex_pad_shared_dyn[v0, v1, v2, v3, v4, v5]
b0 = sch.get_block(name="pad_temp", func_name="main")
b1 = sch.get_block(name="conv2d_nchw", func_name="main")
b2 = sch.get_block(name="root", func_name="main")
sch.annotate(block_or_loop=b1, ann_key="meta_schedule.tiling_structure", ann_val="SSSRRSRS")
b3 = sch.reindex(block=b1, buffer=("write", 0))
b4 = sch.reindex(block=b1, buffer=("read", 0))
b5 = sch.reindex(block=b1, buffer=("read", 1))
sch.transform_layout(block=b1, buffer=("read", 0), index_map=lambda v_nn, v_yy, v_xx, v_rc, v_ry, v_rx: (v_nn * 196 + v_yy * 14 + v_xx, v_rc * 9 + v_ry * 3 + v_rx,), pad_value=None, assume_injective_transform=True)
sch.transform_layout(block=b1, buffer=("read", 1), index_map=lambda v_ff, v_rc, v_ry, v_rx: (v_ff, v_rc * 9 + v_ry * 3 + v_rx,), pad_value=None, assume_injective_transform=True)
sch.transform_layout(block=b1, buffer=("write", 0), index_map=lambda v_nn, v_ff, v_yy, v_xx: (v_nn * 196 + v_yy * 14 + v_xx, v_ff,), pad_value=None, assume_injective_transform=True)
sch.transform_block_layout(block=b3, index_map=lambda v_nn, v_ff, v_yy, v_xx: (v_nn * 196 + v_yy * 14 + v_xx, v_ff,))
sch.transform_block_layout(block=b4, index_map=lambda v_nn, v_yy, v_xx, v_rc, v_ry, v_rx: (v_nn * 196 + v_yy * 14 + v_xx, v_rc * 9 + v_ry * 3 + v_rx,))
sch.transform_block_layout(block=b5, index_map=lambda v_ff, v_rc, v_ry, v_rx: (v_ff, v_rc * 9 + v_ry * 3 + v_rx,))
sch.transform_block_layout(block=b1, index_map=lambda v_nn, v_ff, v_yy, v_xx, v_rc, v_ry, v_rx: (v_nn * 196 + v_yy * 14 + v_xx, v_ff, v_rc * 9 + v_ry * 3 + v_rx,))
sch.pad_einsum(block=b1, padding=[16, 1, 1])
b6, b7 = sch.get_producers(block=b1)
b8, = sch.get_producers(block=b6)
b9, = sch.get_consumers(block=b1)
sch.compute_inline(block=b8)
sch.compute_inline(block=b9)
l10, l11, l12 = sch.get_loops(block=b1)
l13, l14 = sch.split(loop=l12, factors=[None, 16], preserve_unit_iters=True, disable_predication=False)
l15, l16 = sch.split(loop=l11, factors=[None, 16], preserve_unit_iters=True, disable_predication=False)
l17, l18 = sch.split(loop=l10, factors=[None, 16], preserve_unit_iters=True, disable_predication=False)
l19, l20, l21, l22, l23, l24 = sch.get_loops(block=b1)
sch.reorder(l21, l23, l18, l16, l14)
b25 = sch.blockize(target=l18, preserve_unit_iters=True)
sch.annotate(block_or_loop=b25, ann_key="meta_schedule.auto_tensorize", ann_val="wmma_sync_16x16x16_f16f16f16_trans")
sch.annotate(block_or_loop=b25, ann_key="meta_schedule.auto_tensorize_init", ann_val="wmma_fill_16x16x16_f16")
sch.annotate(block_or_loop=b25, ann_key="warp_execution", ann_val=1)
l26, l27, l28 = sch.get_loops(block=b25)
v29, v30, v31, v32, v33 = sch.sample_perfect_tile(loop=l26, n=5, max_innermost_factor=4, decision=[1, 13, 1, 1, 1])
l34, l35, l36, l37, l38 = sch.split(loop=l26, factors=[v29, v30, v31, v32, v33], preserve_unit_iters=True, disable_predication=False)
v39, v40, v41, v42, v43 = sch.sample_perfect_tile(loop=l27, n=5, max_innermost_factor=4, decision=[8, 1, 2, 1, 1])
l44, l45, l46, l47, l48 = sch.split(loop=l27, factors=[v39, v40, v41, v42, v43], preserve_unit_iters=True, disable_predication=False)
v49, v50, v51 = sch.sample_perfect_tile(loop=l28, n=3, max_innermost_factor=4, decision=[24, 6, 1])
l52, l53, l54 = sch.split(loop=l28, factors=[v49, v50, v51], preserve_unit_iters=True, disable_predication=False)
sch.reorder(l34, l44, l35, l45, l36, l46, l52, l53, l37, l47, l54, l38, l48)
l55 = sch.fuse(l34, l44, preserve_unit_iters=True)
sch.bind(loop=l55, thread_axis="blockIdx.y")
l56 = sch.fuse(l35, l45, preserve_unit_iters=True)
sch.bind(loop=l56, thread_axis="blockIdx.x")
l57 = sch.fuse(l36, l46, preserve_unit_iters=True)
sch.bind(loop=l57, thread_axis="threadIdx.y")
sch.annotate(block_or_loop=b25, ann_key="meta_schedule.thread_extent_low_inclusive", ann_val=32)
sch.annotate(block_or_loop=b25, ann_key="meta_schedule.thread_extent_high_inclusive", ann_val=1024)
sch.transform_layout(block=b25, buffer=("write", 0), index_map=lambda i0, i1: (i0 // 16 // (v32 * v33), i1 // 16 // (v42 * v43), i0 // 16 % (v32 * v33), i1 // 16 % (v42 * v43), i0 % 16, i1 % 16,), pad_value=None, assume_injective_transform=True)
b58 = sch.cache_write(block=b25, write_buffer_index=0, storage_scope="shared.dyn")
sch.reverse_compute_at(block=b58, loop=l56, preserve_unit_loops=True, index=-1)
b59 = sch.cache_write(block=b25, write_buffer_index=0, storage_scope="wmma.accumulator")
l60, l61, l62, l63, l64, l65, l66, l67 = sch.get_loops(block=b58)
sch.reorder(l64, l62, l63, l65)
sch.compute_at(block=b59, loop=l64, preserve_unit_loops=True, index=-1)
l68, l69, l70, l71, l72, l73, l74, l75, l76 = sch.get_loops(block=b59)
l77 = sch.fuse(l71, l72, preserve_unit_iters=True)
sch.bind(loop=l77, thread_axis="threadIdx.y")
sch.reverse_compute_inline(block=b3)
l78, l79, l80, l81, l82, l83, l84, l85 = sch.get_loops(block=b59)
b86 = sch.blockize(target=l84, preserve_unit_iters=True)
sch.annotate(block_or_loop=b86, ann_key="meta_schedule.auto_tensorize", ann_val="wmma_store_16x16x16_f16_shared_dyn")
l87, l88, l89, l90, l91, l92, l93, l94 = sch.get_loops(block=b58)
l95 = sch.fuse(l90, l91, l92, l93, l94, preserve_unit_iters=True)
v96 = sch.sample_categorical(candidates=[1, 2, 4, 8], probs=[0.25, 0.25, 0.25, 0.25], decision=0)
sch.annotate(block_or_loop=b58, ann_key="meta_schedule.cooperative_fetch", ann_val=v96)
b97 = sch.cache_read(block=b25, read_buffer_index=0, storage_scope="shared.dyn", consumer_blocks=[b25])
sch.compute_at(block=b97, loop=l52, preserve_unit_loops=True, index=-1)
l98, l99, l100, l101, l102, l103 = sch.get_loops(block=b97)
l104 = sch.fuse(l102, l103, preserve_unit_iters=True)
v105 = sch.sample_categorical(candidates=[1, 2, 4, 8], probs=[0.25, 0.25, 0.25, 0.25], decision=2)
sch.annotate(block_or_loop=b97, ann_key="meta_schedule.cooperative_fetch", ann_val=v105)
b106 = sch.cache_read(block=b25, read_buffer_index=1, storage_scope="shared.dyn", consumer_blocks=[b25])
sch.compute_at(block=b106, loop=l52, preserve_unit_loops=True, index=-1)
l107, l108, l109, l110, l111, l112 = sch.get_loops(block=b106)
l113 = sch.fuse(l111, l112, preserve_unit_iters=True)
v114 = sch.sample_categorical(candidates=[1, 2, 4, 8], probs=[0.25, 0.25, 0.25, 0.25], decision=3)
sch.annotate(block_or_loop=b106, ann_key="meta_schedule.cooperative_fetch", ann_val=v114)
b115 = sch.cache_read(block=b25, read_buffer_index=0, storage_scope="wmma.matrix_a")
sch.compute_at(block=b115, loop=l53, preserve_unit_loops=True, index=-1)
l116, l117, l118, l119, l120, l121, l122 = sch.get_loops(block=b115)
l123, l124 = sch.split(loop=l122, factors=[None, 16], preserve_unit_iters=True, disable_predication=False)
l125, l126 = sch.split(loop=l121, factors=[None, 16], preserve_unit_iters=True, disable_predication=False)
l127, l128, l129, l130, l131, l132, l133, l134, l135 = sch.get_loops(block=b115)
sch.reorder(l134, l126, l124)
b136 = sch.blockize(target=l126, preserve_unit_iters=True)
sch.annotate(block_or_loop=b136, ann_key="meta_schedule.auto_tensorize", ann_val="wmma_load_16x16x16_f16_a_shared_dyn")
b137 = sch.cache_read(block=b25, read_buffer_index=1, storage_scope="wmma.matrix_b")
sch.compute_at(block=b137, loop=l53, preserve_unit_loops=True, index=-1)
l138, l139, l140, l141, l142, l143, l144 = sch.get_loops(block=b137)
l145, l146 = sch.split(loop=l144, factors=[None, 16], preserve_unit_iters=True, disable_predication=False)
l147, l148 = sch.split(loop=l143, factors=[None, 16], preserve_unit_iters=True, disable_predication=False)
l149, l150, l151, l152, l153, l154, l155, l156, l157 = sch.get_loops(block=b137)
sch.reorder(l156, l148, l146)
b158 = sch.blockize(target=l148, preserve_unit_iters=True)
sch.annotate(block_or_loop=b158, ann_key="meta_schedule.auto_tensorize", ann_val="wmma_load_16x16x16_f16_b_trans_shared_dyn")
b159, = sch.get_producers(block=b97)
sch.compute_inline(block=b159)
sch.storage_align(block=b97, buffer_index=0, axis=-2, factor=32, offset=8)
b160, = sch.get_producers(block=b106)
sch.compute_inline(block=b160)
sch.storage_align(block=b106, buffer_index=0, axis=-2, factor=32, offset=8)
sch.compute_inline(block=b0)
v161 = sch.sample_categorical(candidates=[0, 16, 64, 512, 1024], probs=[0.20000000000000001, 0.20000000000000001, 0.20000000000000001, 0.20000000000000001, 0.20000000000000001], decision=3)
sch.annotate(block_or_loop=b2, ann_key="meta_schedule.unroll_explicit", ann_val=v161)
sch.enter_postproc()
sch.unannotate(block_or_loop=b58, ann_key="meta_schedule.cooperative_fetch")
l162, l163, l164, l165 = sch.get_loops(block=b58)
l166, l167, l168 = sch.split(loop=l165, factors=[None, 2, 32], preserve_unit_iters=True, disable_predication=False)
sch.bind(loop=l168, thread_axis="threadIdx.x")
sch.bind(loop=l167, thread_axis="threadIdx.y")
sch.unannotate(block_or_loop=b97, ann_key="meta_schedule.cooperative_fetch")
l169, l170, l171, l172, l173 = sch.get_loops(block=b97)
l174, l175, l176, l177 = sch.split(loop=l173, factors=[None, 2, 32, 4], preserve_unit_iters=True, disable_predication=False)
sch.vectorize(loop=l177)
sch.bind(loop=l176, thread_axis="threadIdx.x")
sch.bind(loop=l175, thread_axis="threadIdx.y")
sch.unannotate(block_or_loop=b106, ann_key="meta_schedule.cooperative_fetch")
l178, l179, l180, l181, l182 = sch.get_loops(block=b106)
l183, l184, l185, l186 = sch.split(loop=l182, factors=[None, 2, 32, 8], preserve_unit_iters=True, disable_predication=False)
sch.vectorize(loop=l186)
sch.bind(loop=l185, thread_axis="threadIdx.x")
sch.bind(loop=l184, thread_axis="threadIdx.y")
b187 = sch.get_block(name="root", func_name="main")
sch.unannotate(block_or_loop=b187, ann_key="meta_schedule.unroll_explicit")
b188, b189, b190, b191, b192, b193, b194 = sch.get_child_blocks(b187)
l195, l196, l197, l198, l199, l200, l201, l202 = sch.get_loops(block=b188)
l203, l204, l205, l206, l207, l208, l209, l210 = sch.get_loops(block=b189)
l211, l212, l213, l214, l215, l216, l217 = sch.get_loops(block=b190)
l218, l219, l220, l221, l222, l223, l224 = sch.get_loops(block=b191)
l225, l226, l227, l228, l229, l230, l231, l232, l233, l234 = sch.get_loops(block=b192)
sch.annotate(block_or_loop=l225, ann_key="pragma_auto_unroll_max_step", ann_val=512)
sch.annotate(block_or_loop=l225, ann_key="pragma_unroll_explicit", ann_val=1)
l235, l236, l237, l238, l239, l240 = sch.get_loops(block=b193)
l241, l242, l243, l244, l245, l246 = sch.get_loops(block=b194)
b247 = sch.get_block(name="conv2d_nchw_o", func_name="main")
l248, l249, l250, l251, l252, l253, l254, l255, l256, l257 = sch.get_loops(block=b247)
b258 = sch.decompose_reduction(block=b247, loop=l251)
sch.unannotate(block_or_loop=b258, ann_key="meta_schedule.auto_tensorize")
sch.annotate(block_or_loop=b258, ann_key="meta_schedule.auto_tensorize", ann_val="wmma_fill_16x16x16_f16")
sch.unannotate(block_or_loop=b247, ann_key="meta_schedule.auto_tensorize_init")
sch.unannotate(block_or_loop=b258, ann_key="meta_schedule.auto_tensorize_init")
b259 = sch.get_block(name="conv2d_nchw_o_init", func_name="main")
sch.unannotate(block_or_loop=b259, ann_key="meta_schedule.auto_tensorize")
sch.tensorize(block_or_loop=b259, tensor_intrin="wmma_fill_16x16x16_f16", preserve_unit_iters=True)
b260 = sch.get_block(name="pad_temp_reindex_pad_shared.dyn_wmma.matrix_a_o", func_name="main")
sch.unannotate(block_or_loop=b260, ann_key="meta_schedule.auto_tensorize")
sch.tensorize(block_or_loop=b260, tensor_intrin="wmma_load_16x16x16_f16_a_shared_dyn", preserve_unit_iters=True)
b261 = sch.get_block(name="W_reindex_shared.dyn_wmma.matrix_b_o", func_name="main")
sch.unannotate(block_or_loop=b261, ann_key="meta_schedule.auto_tensorize")
sch.tensorize(block_or_loop=b261, tensor_intrin="wmma_load_16x16x16_f16_b_trans_shared_dyn", preserve_unit_iters=True)
b262 = sch.get_block(name="conv2d_nchw_o_update", func_name="main")
sch.unannotate(block_or_loop=b262, ann_key="meta_schedule.auto_tensorize")
sch.tensorize(block_or_loop=b262, tensor_intrin="wmma_sync_16x16x16_f16f16f16_trans", preserve_unit_iters=True)
b263 = sch.get_block(name="conv2d_nchw_reindex_pad_shared.dyn_wmma.accumulator_o", func_name="main")
sch.unannotate(block_or_loop=b263, ann_key="meta_schedule.auto_tensorize")
sch.tensorize(block_or_loop=b263, tensor_intrin="wmma_store_16x16x16_f16_shared_dyn", preserve_unit_iters=True)
2025-10-07 10:57:52 [INFO] [task_scheduler.cc:131] [Task #0: main] Trial #184: GFLOPs: 14778.8083. Time: 15.6448 us. Best GFLOPs: 16944.9735
2025-10-07 10:57:52 [INFO] [task_scheduler.cc:131] [Task #0: main] Trial #185: GFLOPs: 8088.1878. Time: 28.5863 us. Best GFLOPs: 16944.9735
2025-10-07 10:57:52 [INFO] [task_scheduler.cc:131] [Task #0: main] Trial #186: GFLOPs: 7992.7110. Time: 28.9277 us. Best GFLOPs: 16944.9735
2025-10-07 10:57:52 [INFO] [task_scheduler.cc:131] [Task #0: main] Trial #187: GFLOPs: 5707.8272. Time: 40.5077 us. Best GFLOPs: 16944.9735
2025-10-07 10:57:52 [INFO] [task_scheduler.cc:131] [Task #0: main] Trial #188: GFLOPs: 7560.5647. Time: 30.5812 us. Best GFLOPs: 16944.9735
2025-10-07 10:57:52 [INFO] [task_scheduler.cc:131] [Task #0: main] Trial #189: GFLOPs: 6525.4454. Time: 35.4322 us. Best GFLOPs: 16944.9735
2025-10-07 10:57:52 [INFO] [task_scheduler.cc:131] [Task #0: main] Trial #190: GFLOPs: 1488.3248. Time: 155.3498 us. Best GFLOPs: 16944.9735
2025-10-07 10:57:52 [INFO] [task_scheduler.cc:131] [Task #0: main] Trial #191: GFLOPs: 2647.6256. Time: 87.3277 us. Best GFLOPs: 16944.9735
2025-10-07 10:57:52 [INFO] [task_scheduler.cc:121] [Task #0: main] Trial #192: Error in building:
LocalBuilder: An exception occurred
Traceback (most recent call last):
  File "/workspace/tvm-dev/python/tvm/exec/popen_worker.py", line 87, in main
    result = fn(*args, **kwargs)
             ^^^^^^^^^^^^^^^^^^^
  File "/workspace/tvm-dev/python/tvm/meta_schedule/builder/local_builder.py", line 165, in <lambda>
    lambda x: _worker_func(*x),
              ^^^^^^^^^^^^^^^^
  File "/workspace/tvm-dev/python/tvm/meta_schedule/builder/local_builder.py", line 231, in _worker_func
    rt_mod: Module = f_build(mod, target, _deserialize_params(params))
                     ^^^^^^^^^^^^^^^^^^^^^^^^^^^^^^^^^^^^^^^^^^^^^^^^^
  File "/workspace/tvm-dev/python/tvm/_ffi/_ctypes/packed_func.py", line 245, in __call__
    raise_last_ffi_error()
  File "/workspace/tvm-dev/python/tvm/_ffi/base.py", line 481, in raise_last_ffi_error
    raise py_err
  File "/workspace/tvm-dev/python/tvm/meta_schedule/builder/local_builder.py", line 261, in default_build
    return tvm_build(mod, target=target)
           ^^^^^^^^^^^^^^^^^^^^^^^^^^^^^
  File "/workspace/tvm-dev/python/tvm/driver/build_module.py", line 297, in build
    rt_mod_host = _driver_ffi.tir_to_runtime(annotated_mods, target_host)
                  ^^^^^^^^^^^^^^^^^^^^^^^^^^^^^^^^^^^^^^^^^^^^^^^^^^^^^^^
  File "/workspace/tvm-dev/python/tvm/_ffi/_ctypes/packed_func.py", line 245, in __call__
    raise_last_ffi_error()
  File "/workspace/tvm-dev/python/tvm/_ffi/base.py", line 481, in raise_last_ffi_error
    raise py_err
ValueError: Traceback (most recent call last):
  33: tvm::runtime::PackedFuncObj::Extractor<tvm::runtime::PackedFuncSubObj<tvm::runtime::TypedPackedFunc<tvm::runtime::Module (tvm::runtime::Map<tvm::Target, tvm::IRModule, void, void> const&, tvm::Target)>::AssignTypedLambda<tvm::__mk_TVM24::{lambda(tvm::runtime::Map<tvm::Target, tvm::IRModule, void, void> const&, tvm::Target)#1}>(tvm::__mk_TVM24::{lambda(tvm::runtime::Map<tvm::Target, tvm::IRModule, void, void> const&, tvm::Target)#1}, std::__cxx11::basic_string<char, std::char_traits<char>, std::allocator<char> >)::{lambda(tvm::runtime::TVMArgs const&, tvm::runtime::TVMRetValue*)#1}> >::Call(tvm::runtime::PackedFuncObj const*, std::__cxx11::basic_string<char, std::char_traits<char>, std::allocator<char> >, tvm::runtime::TVMRetValue)
  32: tvm::TIRToRuntime(tvm::runtime::Map<tvm::Target, tvm::IRModule, void, void> const&, tvm::Target const&)
  31: tvm::codegen::Build(tvm::IRModule, tvm::Target)
  30: _ZN3tvm7runtime13PackedFuncObj
  29: tvm::runtime::TypedPackedFunc<tvm::runtime::Module (tvm::IRModule, tvm::Target)>::AssignTypedLambda<tvm::runtime::Module (*)(tvm::IRModule, tvm::Target)>(tvm::runtime::Module (*)(tvm::IRModule, tvm::Target), std::__cxx11::basic_string<char, std::char_traits<char>, std::allocator<char> >)::{lambda(tvm::runtime::TVMArgs const&, tvm::runtime::TVMRetValue*)#1}::operator()(tvm::runtime::TVMArgs const&, tvm::runtime::TVMRetValue*) const
  28: tvm::codegen::BuildCUDA(tvm::IRModule, tvm::Target)
  27: tvm::codegen::CodeGenC::AddFunction(tvm::GlobalVar const&, tvm::tir::PrimFunc const&)
  26: tvm::codegen::CodeGenCUDA::VisitStmt_(tvm::tir::AllocateNode const*)
  25: tvm::codegen::CodeGenCUDA::VisitStmt_(tvm::tir::AllocateNode const*)
  24: tvm::codegen::CodeGenCUDA::VisitStmt_(tvm::tir::AllocateNode const*)
  23: tvm::codegen::CodeGenCUDA::VisitStmt_(tvm::tir::AllocateNode const*)
  22: tvm::codegen::CodeGenC::VisitStmt_(tvm::tir::SeqStmtNode const*)
  21: tvm::codegen::CodeGenC::VisitStmt_(tvm::tir::ForNode const*)
  20: tvm::codegen::CodeGenC::VisitStmt_(tvm::tir::SeqStmtNode const*)
  19: tvm::codegen::CodeGenC::VisitStmt_(tvm::tir::BufferStoreNode const*)
  18: tvm::codegen::CodeGenC::PrintExpr[abi:cxx11](tvm::PrimExpr const&)
  17: tvm::codegen::CodeGenC::VisitExpr_(tvm::tir::BufferLoadNode const*, std::ostream&)
  16: tvm::codegen::CodeGenC::PrintExpr[abi:cxx11](tvm::PrimExpr const&)
  15: void tvm::codegen::PrintBinaryExpr<tvm::tir::AddNode>(tvm::tir::AddNode const*, char const*, std::ostream&, tvm::codegen::CodeGenC*)
  14: tvm::codegen::CodeGenCUDA::PrintVecBinaryOp(std::__cxx11::basic_string<char, std::char_traits<char>, std::allocator<char> > const&, tvm::runtime::DataType, tvm::PrimExpr, tvm::PrimExpr, std::ostream&)
  13: tvm::codegen::CodeGenC::PrintExpr[abi:cxx11](tvm::PrimExpr const&)
  12: void tvm::codegen::PrintBinaryExpr<tvm::tir::AddNode>(tvm::tir::AddNode const*, char const*, std::ostream&, tvm::codegen::CodeGenC*)
  11: tvm::codegen::CodeGenCUDA::PrintVecBinaryOp(std::__cxx11::basic_string<char, std::char_traits<char>, std::allocator<char> > const&, tvm::runtime::DataType, tvm::PrimExpr, tvm::PrimExpr, std::ostream&)
  10: tvm::codegen::CodeGenC::PrintExpr[abi:cxx11](tvm::PrimExpr const&)
  9: void tvm::codegen::PrintBinaryExpr<tvm::tir::AddNode>(tvm::tir::AddNode const*, char const*, std::ostream&, tvm::codegen::CodeGenC*)
  8: tvm::codegen::CodeGenCUDA::PrintVecBinaryOp(std::__cxx11::basic_string<char, std::char_traits<char>, std::allocator<char> > const&, tvm::runtime::DataType, tvm::PrimExpr, tvm::PrimExpr, std::ostream&)
  7: tvm::codegen::CodeGenC::PrintExpr[abi:cxx11](tvm::PrimExpr const&)
  6: void tvm::codegen::PrintBinaryExpr<tvm::tir::MulNode>(tvm::tir::MulNode const*, char const*, std::ostream&, tvm::codegen::CodeGenC*)
  5: tvm::codegen::CodeGenCUDA::PrintVecBinaryOp(std::__cxx11::basic_string<char, std::char_traits<char>, std::allocator<char> > const&, tvm::runtime::DataType, tvm::PrimExpr, tvm::PrimExpr, std::ostream&)
  4: tvm::codegen::CodeGenC::PrintExpr[abi:cxx11](tvm::PrimExpr const&)
  3: void tvm::codegen::PrintBinaryExpr<tvm::tir::DivNode>(tvm::tir::DivNode const*, char const*, std::ostream&, tvm::codegen::CodeGenC*)
  2: tvm::codegen::CodeGenCUDA::PrintVecBinaryOp(std::__cxx11::basic_string<char, std::char_traits<char>, std::allocator<char> > const&, tvm::runtime::DataType, tvm::PrimExpr, tvm::PrimExpr, std::ostream&)
  1: tvm::codegen::CodeGenC::PrintExpr[abi:cxx11](tvm::PrimExpr const&)
  0: tvm::codegen::CodeGenCUDA::VisitExpr_(tvm::tir::RampNode const*, std::ostream&)
  File "/workspace/tvm-dev/src/target/source/codegen_cuda.cc", line 1204
ValueError: Check failed: lanes <= 4 (8 vs. 4) : Ramp of more than 4 lanes is not allowed.

# from tvm.script import ir as I
# from tvm.script import tir as T

@I.ir_module
class Module:
    @T.prim_func
    def main(A: T.Buffer((1, 256, 14, 14), "float16"), W: T.Buffer((256, 256, 3, 3), "float16"), conv2d_nchw: T.Buffer((1, 256, 14, 14), "float16")):
        T.func_attr({"tir.noalias": T.bool(True)})
        # with T.block("root"):
        conv2d_nchw_reindex_pad_shared_dyn = T.alloc_buffer((13, 2, 1, 8, 16, 16), "float16", scope="shared.dyn")
        conv2d_nchw_reindex_pad_shared_dyn_wmma_accumulator = T.alloc_buffer((13, 2, 1, 8, 16, 16), "float16", scope="wmma.accumulator")
        pad_temp_reindex_pad_shared_dyn = T.alloc_buffer((208, 2304), "float16", scope="shared.dyn")
        W_reindex_shared_dyn = T.alloc_buffer((256, 2304), "float16", scope="shared.dyn")
        pad_temp_reindex_pad_shared_dyn_wmma_matrix_a = T.alloc_buffer((208, 2304), "float16", scope="wmma.matrix_a")
        W_reindex_shared_dyn_wmma_matrix_b = T.alloc_buffer((256, 2304), "float16", scope="wmma.matrix_b")
        for ax0_0_0_ax1_0_0_fused in T.thread_binding(26, thread="blockIdx.y", annotations={"pragma_auto_unroll_max_step": 1024, "pragma_unroll_explicit": 1}):
            for ax0_0_1_ax1_0_1_fused in T.thread_binding(1, thread="blockIdx.x"):
                for ax0_0_2_ax1_0_2_fused in T.thread_binding(1, thread="threadIdx.y"):
                    for ax0_0_3_init, ax1_0_3_init, ax0_0_4_init, ax1_0_4_init in T.grid(1, 4, 1, 2):
                        with T.block("conv2d_nchw_o_init"):
                            v0_o = T.axis.spatial(13, ax0_0_0_ax1_0_0_fused // 2 + ax0_0_3_init + ax0_0_4_init)
                            v1_o = T.axis.spatial(16, ax0_0_0_ax1_0_0_fused % 2 * 8 + ax1_0_3_init * 2 + ax1_0_4_init)
                            T.reads()
                            T.writes(conv2d_nchw_reindex_pad_shared_dyn_wmma_accumulator[v0_o, v1_o // 8, 0, v1_o % 8, 0:16, 0:16])
                            T.block_attr({"meta_schedule.thread_extent_high_inclusive": 1024, "meta_schedule.thread_extent_low_inclusive": 32, "warp_execution": 1})
                            C = T.match_buffer(conv2d_nchw_reindex_pad_shared_dyn_wmma_accumulator[v0_o, v1_o // 8, 0, v1_o % 8, 0:16, 0:16], (16, 16), "float16", strides=("C_s0", "C_s1"), scope="wmma.accumulator", offset_factor=16)
                            T.tvm_fill_fragment(C.data, 16, 16, 16, C.elem_offset // C.strides[0] // 16 * (C.strides[0] // 16) + C.elem_offset % C.strides[0] // 16, T.float32(0.0))
                    for ax2_0_0 in range(144):
                        for ax0_ax1_fused_0 in range(8):
                            for ax0_ax1_fused_1 in T.thread_binding(1, thread="threadIdx.y"):
                                for ax0_ax1_fused_2 in T.thread_binding(32, thread="threadIdx.x"):
                                    with T.block("pad_temp_reindex_pad_shared.dyn"):
                                        v0 = T.axis.spatial(208, ax0_0_0_ax1_0_0_fused // 2 * 16 + (ax0_ax1_fused_0 * 32 + ax0_ax1_fused_1 * 32 + ax0_ax1_fused_2) // 16)
                                        v1 = T.axis.spatial(2304, ax2_0_0 * 16 + (ax0_ax1_fused_0 * 32 + ax0_ax1_fused_1 * 32 + ax0_ax1_fused_2) % 16)
                                        T.reads(A[0, v1 // 9, v0 // 14 + v1 % 9 // 3 - 1, v0 % 14 + v1 % 3 - 1])
                                        T.writes(pad_temp_reindex_pad_shared_dyn[v0, v1])
                                        T.block_attr({"buffer_dim_align": [[0, 0, 32, 8]]})
                                        pad_temp_reindex_pad_shared_dyn[v0, v1] = T.if_then_else(v0 < 196, T.if_then_else(1 <= v0 // 14 + v1 % 9 // 3 and v0 // 14 + v1 % 9 // 3 < 15 and 1 <= v0 % 14 + v1 % 3 and v0 % 14 + v1 % 3 < 15, A[0, v1 // 9, v0 // 14 + v1 % 9 // 3 - 1, v0 % 14 + v1 % 3 - 1], T.float16(0.0)), T.float16(0.0))
                        for ax0_ax1_fused_0 in range(8):
                            for ax0_ax1_fused_1 in T.thread_binding(1, thread="threadIdx.y"):
                                for ax0_ax1_fused_2 in T.thread_binding(32, thread="threadIdx.x"):
                                    for ax0_ax1_fused_3 in T.vectorized(8):
                                        with T.block("W_reindex_shared.dyn"):
                                            v0 = T.axis.spatial(256, ax0_0_0_ax1_0_0_fused % 2 * 128 + (ax0_ax1_fused_0 * 256 + ax0_ax1_fused_1 * 256 + ax0_ax1_fused_2 * 8 + ax0_ax1_fused_3) // 16)
                                            v1 = T.axis.spatial(2304, ax2_0_0 * 16 + (ax0_ax1_fused_0 * 256 + ax0_ax1_fused_1 * 256 + ax0_ax1_fused_2 * 8 + ax0_ax1_fused_3) % 16)
                                            T.reads(W[v0, v1 // 9, v1 % 9 // 3, v1 % 3])
                                            T.writes(W_reindex_shared_dyn[v0, v1])
                                            T.block_attr({"buffer_dim_align": [[0, 0, 32, 8]]})
                                            W_reindex_shared_dyn[v0, v1] = W[v0, v1 // 9, v1 % 9 // 3, v1 % 3]
                        for ax2_0_1 in range(1):
                            for ax0_0, ax1_0 in T.grid(1, 1):
                                with T.block("pad_temp_reindex_pad_shared.dyn_wmma.matrix_a_o"):
                                    v0_o = T.axis.spatial(13, ax0_0_0_ax1_0_0_fused // 2 + ax0_0)
                                    v1_o = T.axis.spatial(144, ax2_0_0 + ax1_0)
                                    T.reads(pad_temp_reindex_pad_shared_dyn[v0_o * 16:v0_o * 16 + 16, v1_o * 16:v1_o * 16 + 16])
                                    T.writes(pad_temp_reindex_pad_shared_dyn_wmma_matrix_a[v0_o * 16:v0_o * 16 + 16, v1_o * 16:v1_o * 16 + 16])
                                    A_1 = T.match_buffer(pad_temp_reindex_pad_shared_dyn[v0_o * 16:v0_o * 16 + 16, v1_o * 16:v1_o * 16 + 16], (16, 16), "float16", strides=("A_s0", "A_s1"), scope="shared.dyn", offset_factor=16)
                                    C = T.match_buffer(pad_temp_reindex_pad_shared_dyn_wmma_matrix_a[v0_o * 16:v0_o * 16 + 16, v1_o * 16:v1_o * 16 + 16], (16, 16), "float16", strides=("C_s0", "C_s1"), scope="wmma.matrix_a", offset_factor=16)
                                    T.tvm_load_matrix_sync(C.data, 16, 16, 16, C.elem_offset // C.strides[0] // 16 * (C.strides[0] // 16) + C.elem_offset % C.strides[0] // 16, T.tvm_access_ptr(T.type_annotation("float16"), A_1.data, A_1.elem_offset, A_1.strides[0] * 16, 1), A_1.strides[0], "row_major")
                            for ax0_0, ax1_0 in T.grid(8, 1):
                                with T.block("W_reindex_shared.dyn_wmma.matrix_b_o"):
                                    v0_o = T.axis.spatial(16, ax0_0_0_ax1_0_0_fused % 2 * 8 + ax0_0)
                                    v1_o = T.axis.spatial(144, ax2_0_0 + ax1_0)
                                    T.reads(W_reindex_shared_dyn[v0_o * 16:v0_o * 16 + 16, v1_o * 16:v1_o * 16 + 16])
                                    T.writes(W_reindex_shared_dyn_wmma_matrix_b[v0_o * 16:v0_o * 16 + 16, v1_o * 16:v1_o * 16 + 16])
                                    A_1 = T.match_buffer(W_reindex_shared_dyn[v0_o * 16:v0_o * 16 + 16, v1_o * 16:v1_o * 16 + 16], (16, 16), "float16", strides=("A_s0", "A_s1"), scope="shared.dyn", offset_factor=16)
                                    C = T.match_buffer(W_reindex_shared_dyn_wmma_matrix_b[v0_o * 16:v0_o * 16 + 16, v1_o * 16:v1_o * 16 + 16], (16, 16), "float16", strides=("C_s0", "C_s1"), scope="wmma.matrix_b", offset_factor=16)
                                    T.tvm_load_matrix_sync(C.data, 16, 16, 16, C.elem_offset // C.strides[0] // 16 * (C.strides[0] // 16) + C.elem_offset % C.strides[0] // 16, T.tvm_access_ptr(T.type_annotation("float16"), A_1.data, A_1.elem_offset, A_1.strides[0] * 16, 1), A_1.strides[0], "col_major")
                            for ax0_0_3, ax1_0_3, ax2_0_2, ax0_0_4, ax1_0_4 in T.grid(1, 4, 1, 1, 2):
                                with T.block("conv2d_nchw_o_update"):
                                    v0_o = T.axis.spatial(13, ax0_0_0_ax1_0_0_fused // 2 + ax0_0_3 + ax0_0_4)
                                    v1_o = T.axis.spatial(16, ax0_0_0_ax1_0_0_fused % 2 * 8 + ax1_0_3 * 2 + ax1_0_4)
                                    v2_o = T.axis.reduce(144, ax2_0_0 + ax2_0_1 + ax2_0_2)
                                    T.reads(conv2d_nchw_reindex_pad_shared_dyn_wmma_accumulator[v0_o, v1_o // 8, 0, v1_o % 8, 0:16, 0:16], pad_temp_reindex_pad_shared_dyn_wmma_matrix_a[v0_o * 16:v0_o * 16 + 16, v2_o * 16:v2_o * 16 + 16], W_reindex_shared_dyn_wmma_matrix_b[v1_o * 16:v1_o * 16 + 16, v2_o * 16:v2_o * 16 + 16])
                                    T.writes(conv2d_nchw_reindex_pad_shared_dyn_wmma_accumulator[v0_o, v1_o // 8, 0, v1_o % 8, 0:16, 0:16])
                                    T.block_attr({"meta_schedule.thread_extent_high_inclusive": 1024, "meta_schedule.thread_extent_low_inclusive": 32, "warp_execution": 1})
                                    A_1 = T.match_buffer(pad_temp_reindex_pad_shared_dyn_wmma_matrix_a[v0_o * 16:v0_o * 16 + 16, v2_o * 16:v2_o * 16 + 16], (16, 16), "float16", strides=("A_s0", "A_s1"), scope="wmma.matrix_a", offset_factor=16)
                                    B = T.match_buffer(W_reindex_shared_dyn_wmma_matrix_b[v1_o * 16:v1_o * 16 + 16, v2_o * 16:v2_o * 16 + 16], (16, 16), "float16", strides=("B_s0", "B_s1"), scope="wmma.matrix_b", offset_factor=16)
                                    C = T.match_buffer(conv2d_nchw_reindex_pad_shared_dyn_wmma_accumulator[v0_o, v1_o // 8, 0, v1_o % 8, 0:16, 0:16], (16, 16), "float16", strides=("C_s0", "C_s1"), scope="wmma.accumulator", offset_factor=16)
                                    T.tvm_mma_sync(C.data, C.elem_offset // C.strides[0] // 16 * (C.strides[0] // 16) + C.elem_offset % C.strides[0] // 16, A_1.data, A_1.elem_offset // A_1.strides[0] // 16 * (A_1.strides[0] // 16) + A_1.elem_offset % A_1.strides[0] // 16, B.data, B.elem_offset // B.strides[0] // 16 * (B.strides[0] // 16) + B.elem_offset % B.strides[0] // 16, C.data, C.elem_offset // C.strides[0] // 16 * (C.strides[0] // 16) + C.elem_offset % C.strides[0] // 16)
                for ax2 in range(1):
                    for ax0_ax1_fused in T.thread_binding(1, thread="threadIdx.y"):
                        for ax2_1, ax3 in T.grid(1, 8):
                            with T.block("conv2d_nchw_reindex_pad_shared.dyn_wmma.accumulator_o"):
                                v0_o = T.axis.spatial(13, ax0_0_0_ax1_0_0_fused // 2)
                                v1_o = T.axis.spatial(2, ax0_0_0_ax1_0_0_fused % 2)
                                v2_o, v3_o = T.axis.remap("SS", [ax2_1, ax3])
                                v4_o = T.axis.spatial(1, 0)
                                v5_o = T.axis.spatial(1, 0)
                                T.reads(conv2d_nchw_reindex_pad_shared_dyn_wmma_accumulator[v0_o, v1_o, v2_o, v3_o, 0:16, 0:16])
                                T.writes(conv2d_nchw_reindex_pad_shared_dyn[v0_o, v1_o, v2_o, v3_o, 0:16, 0:16])
                                A_1 = T.match_buffer(conv2d_nchw_reindex_pad_shared_dyn_wmma_accumulator[v0_o, v1_o, v2_o, v3_o, 0:16, 0:16], (16, 16), "float16", strides=("A_s0", "A_s1"), scope="wmma.accumulator", offset_factor=16)
                                C = T.match_buffer(conv2d_nchw_reindex_pad_shared_dyn[v0_o, v1_o, v2_o, v3_o, 0:16, 0:16], (16, 16), "float16", strides=("C_s0", "C_s1"), scope="shared.dyn", offset_factor=16)
                                T.tvm_store_matrix_sync(A_1.data, 16, 16, 16, A_1.elem_offset // A_1.strides[0] // 16 * (A_1.strides[0] // 16) + A_1.elem_offset % A_1.strides[0] // 16, T.tvm_access_ptr(T.type_annotation("float16"), C.data, C.elem_offset, C.strides[0] * 16, 2), C.strides[0], "row_major")
                    for ax0_ax1_ax3_ax4_ax5_fused_0 in range(16):
                        for ax0_ax1_ax3_ax4_ax5_fused_1 in T.thread_binding(1, thread="threadIdx.y"):
                            for ax0_ax1_ax3_ax4_ax5_fused_2 in T.thread_binding(32, thread="threadIdx.x"):
                                for ax0_ax1_ax3_ax4_ax5_fused_3 in T.vectorized(4):
                                    with T.block("conv2d_nchw_reindex_pad_shared.dyn"):
                                        v0 = T.axis.spatial(13, ax0_0_0_ax1_0_0_fused // 2)
                                        v1 = T.axis.spatial(2, ax0_0_0_ax1_0_0_fused % 2)
                                        v2 = T.axis.spatial(1, ax2)
                                        v3 = T.axis.spatial(8, (ax0_ax1_ax3_ax4_ax5_fused_0 * 128 + ax0_ax1_ax3_ax4_ax5_fused_1 * 128 + ax0_ax1_ax3_ax4_ax5_fused_2 * 4 + ax0_ax1_ax3_ax4_ax5_fused_3) // 256)
                                        v4 = T.axis.spatial(16, (ax0_ax1_ax3_ax4_ax5_fused_0 * 128 + ax0_ax1_ax3_ax4_ax5_fused_1 * 128 + ax0_ax1_ax3_ax4_ax5_fused_2 * 4 + ax0_ax1_ax3_ax4_ax5_fused_3) % 256 // 16)
                                        v5 = T.axis.spatial(16, (ax0_ax1_ax3_ax4_ax5_fused_0 * 128 + ax0_ax1_ax3_ax4_ax5_fused_1 * 128 + ax0_ax1_ax3_ax4_ax5_fused_2 * 4 + ax0_ax1_ax3_ax4_ax5_fused_3) % 16)
                                        T.where(ax0_0_0_ax1_0_0_fused // 2 * 16 + T.Mul(0, 16) + (((ax0_ax1_ax3_ax4_ax5_fused_0 + ax0_ax1_ax3_ax4_ax5_fused_1) * 32 + ax0_ax1_ax3_ax4_ax5_fused_2) * 4 + ax0_ax1_ax3_ax4_ax5_fused_3) % 256 // 16 < 196)
                                        T.reads(conv2d_nchw_reindex_pad_shared_dyn[v0, v1, v2, v3, v4, v5])
                                        T.writes(conv2d_nchw[0, v5 + v3 * 16 + v1 * 128, (v4 + v0 * 16) // 14, (v4 + v0 * 16) % 14])
                                        conv2d_nchw[0, v5 + v3 * 16 + v1 * 128, (v4 + v0 * 16) // 14, (v4 + v0 * 16) % 14] = conv2d_nchw_reindex_pad_shared_dyn[v0, v1, v2, v3, v4, v5]
b0 = sch.get_block(name="pad_temp", func_name="main")
b1 = sch.get_block(name="conv2d_nchw", func_name="main")
b2 = sch.get_block(name="root", func_name="main")
sch.annotate(block_or_loop=b1, ann_key="meta_schedule.tiling_structure", ann_val="SSSRRSRS")
b3 = sch.reindex(block=b1, buffer=("write", 0))
b4 = sch.reindex(block=b1, buffer=("read", 0))
b5 = sch.reindex(block=b1, buffer=("read", 1))
sch.transform_layout(block=b1, buffer=("read", 0), index_map=lambda v_nn, v_yy, v_xx, v_rc, v_ry, v_rx: (v_nn * 196 + v_yy * 14 + v_xx, v_rc * 9 + v_ry * 3 + v_rx,), pad_value=None, assume_injective_transform=True)
sch.transform_layout(block=b1, buffer=("read", 1), index_map=lambda v_ff, v_rc, v_ry, v_rx: (v_ff, v_rc * 9 + v_ry * 3 + v_rx,), pad_value=None, assume_injective_transform=True)
sch.transform_layout(block=b1, buffer=("write", 0), index_map=lambda v_nn, v_ff, v_yy, v_xx: (v_nn * 196 + v_yy * 14 + v_xx, v_ff,), pad_value=None, assume_injective_transform=True)
sch.transform_block_layout(block=b3, index_map=lambda v_nn, v_ff, v_yy, v_xx: (v_nn * 196 + v_yy * 14 + v_xx, v_ff,))
sch.transform_block_layout(block=b4, index_map=lambda v_nn, v_yy, v_xx, v_rc, v_ry, v_rx: (v_nn * 196 + v_yy * 14 + v_xx, v_rc * 9 + v_ry * 3 + v_rx,))
sch.transform_block_layout(block=b5, index_map=lambda v_ff, v_rc, v_ry, v_rx: (v_ff, v_rc * 9 + v_ry * 3 + v_rx,))
sch.transform_block_layout(block=b1, index_map=lambda v_nn, v_ff, v_yy, v_xx, v_rc, v_ry, v_rx: (v_nn * 196 + v_yy * 14 + v_xx, v_ff, v_rc * 9 + v_ry * 3 + v_rx,))
sch.pad_einsum(block=b1, padding=[16, 1, 1])
b6, b7 = sch.get_producers(block=b1)
b8, = sch.get_producers(block=b6)
b9, = sch.get_consumers(block=b1)
sch.compute_inline(block=b8)
sch.compute_inline(block=b9)
l10, l11, l12 = sch.get_loops(block=b1)
l13, l14 = sch.split(loop=l12, factors=[None, 16], preserve_unit_iters=True, disable_predication=False)
l15, l16 = sch.split(loop=l11, factors=[None, 16], preserve_unit_iters=True, disable_predication=False)
l17, l18 = sch.split(loop=l10, factors=[None, 16], preserve_unit_iters=True, disable_predication=False)
l19, l20, l21, l22, l23, l24 = sch.get_loops(block=b1)
sch.reorder(l21, l23, l18, l16, l14)
b25 = sch.blockize(target=l18, preserve_unit_iters=True)
sch.annotate(block_or_loop=b25, ann_key="meta_schedule.auto_tensorize", ann_val="wmma_sync_16x16x16_f16f16f16_trans")
sch.annotate(block_or_loop=b25, ann_key="meta_schedule.auto_tensorize_init", ann_val="wmma_fill_16x16x16_f16")
sch.annotate(block_or_loop=b25, ann_key="warp_execution", ann_val=1)
l26, l27, l28 = sch.get_loops(block=b25)
v29, v30, v31, v32, v33 = sch.sample_perfect_tile(loop=l26, n=5, max_innermost_factor=4, decision=[13, 1, 1, 1, 1])
l34, l35, l36, l37, l38 = sch.split(loop=l26, factors=[v29, v30, v31, v32, v33], preserve_unit_iters=True, disable_predication=False)
v39, v40, v41, v42, v43 = sch.sample_perfect_tile(loop=l27, n=5, max_innermost_factor=4, decision=[2, 1, 1, 4, 2])
l44, l45, l46, l47, l48 = sch.split(loop=l27, factors=[v39, v40, v41, v42, v43], preserve_unit_iters=True, disable_predication=False)
v49, v50, v51 = sch.sample_perfect_tile(loop=l28, n=3, max_innermost_factor=4, decision=[144, 1, 1])
l52, l53, l54 = sch.split(loop=l28, factors=[v49, v50, v51], preserve_unit_iters=True, disable_predication=False)
sch.reorder(l34, l44, l35, l45, l36, l46, l52, l53, l37, l47, l54, l38, l48)
l55 = sch.fuse(l34, l44, preserve_unit_iters=True)
sch.bind(loop=l55, thread_axis="blockIdx.y")
l56 = sch.fuse(l35, l45, preserve_unit_iters=True)
sch.bind(loop=l56, thread_axis="blockIdx.x")
l57 = sch.fuse(l36, l46, preserve_unit_iters=True)
sch.bind(loop=l57, thread_axis="threadIdx.y")
sch.annotate(block_or_loop=b25, ann_key="meta_schedule.thread_extent_low_inclusive", ann_val=32)
sch.annotate(block_or_loop=b25, ann_key="meta_schedule.thread_extent_high_inclusive", ann_val=1024)
sch.transform_layout(block=b25, buffer=("write", 0), index_map=lambda i0, i1: (i0 // 16 // (v32 * v33), i1 // 16 // (v42 * v43), i0 // 16 % (v32 * v33), i1 // 16 % (v42 * v43), i0 % 16, i1 % 16,), pad_value=None, assume_injective_transform=True)
b58 = sch.cache_write(block=b25, write_buffer_index=0, storage_scope="shared.dyn")
sch.reverse_compute_at(block=b58, loop=l56, preserve_unit_loops=True, index=-1)
b59 = sch.cache_write(block=b25, write_buffer_index=0, storage_scope="wmma.accumulator")
l60, l61, l62, l63, l64, l65, l66, l67 = sch.get_loops(block=b58)
sch.reorder(l64, l62, l63, l65)
sch.compute_at(block=b59, loop=l64, preserve_unit_loops=True, index=-1)
l68, l69, l70, l71, l72, l73, l74, l75, l76 = sch.get_loops(block=b59)
l77 = sch.fuse(l71, l72, preserve_unit_iters=True)
sch.bind(loop=l77, thread_axis="threadIdx.y")
sch.reverse_compute_inline(block=b3)
l78, l79, l80, l81, l82, l83, l84, l85 = sch.get_loops(block=b59)
b86 = sch.blockize(target=l84, preserve_unit_iters=True)
sch.annotate(block_or_loop=b86, ann_key="meta_schedule.auto_tensorize", ann_val="wmma_store_16x16x16_f16_shared_dyn")
l87, l88, l89, l90, l91, l92, l93, l94 = sch.get_loops(block=b58)
l95 = sch.fuse(l90, l91, l92, l93, l94, preserve_unit_iters=True)
v96 = sch.sample_categorical(candidates=[1, 2, 4, 8], probs=[0.25, 0.25, 0.25, 0.25], decision=2)
sch.annotate(block_or_loop=b58, ann_key="meta_schedule.cooperative_fetch", ann_val=v96)
b97 = sch.cache_read(block=b25, read_buffer_index=0, storage_scope="shared.dyn", consumer_blocks=[b25])
sch.compute_at(block=b97, loop=l52, preserve_unit_loops=True, index=-1)
l98, l99, l100, l101, l102, l103 = sch.get_loops(block=b97)
l104 = sch.fuse(l102, l103, preserve_unit_iters=True)
v105 = sch.sample_categorical(candidates=[1, 2, 4, 8], probs=[0.25, 0.25, 0.25, 0.25], decision=0)
sch.annotate(block_or_loop=b97, ann_key="meta_schedule.cooperative_fetch", ann_val=v105)
b106 = sch.cache_read(block=b25, read_buffer_index=1, storage_scope="shared.dyn", consumer_blocks=[b25])
sch.compute_at(block=b106, loop=l52, preserve_unit_loops=True, index=-1)
l107, l108, l109, l110, l111, l112 = sch.get_loops(block=b106)
l113 = sch.fuse(l111, l112, preserve_unit_iters=True)
v114 = sch.sample_categorical(candidates=[1, 2, 4, 8], probs=[0.25, 0.25, 0.25, 0.25], decision=3)
sch.annotate(block_or_loop=b106, ann_key="meta_schedule.cooperative_fetch", ann_val=v114)
b115 = sch.cache_read(block=b25, read_buffer_index=0, storage_scope="wmma.matrix_a")
sch.compute_at(block=b115, loop=l53, preserve_unit_loops=True, index=-1)
l116, l117, l118, l119, l120, l121, l122 = sch.get_loops(block=b115)
l123, l124 = sch.split(loop=l122, factors=[None, 16], preserve_unit_iters=True, disable_predication=False)
l125, l126 = sch.split(loop=l121, factors=[None, 16], preserve_unit_iters=True, disable_predication=False)
l127, l128, l129, l130, l131, l132, l133, l134, l135 = sch.get_loops(block=b115)
sch.reorder(l134, l126, l124)
b136 = sch.blockize(target=l126, preserve_unit_iters=True)
sch.annotate(block_or_loop=b136, ann_key="meta_schedule.auto_tensorize", ann_val="wmma_load_16x16x16_f16_a_shared_dyn")
b137 = sch.cache_read(block=b25, read_buffer_index=1, storage_scope="wmma.matrix_b")
sch.compute_at(block=b137, loop=l53, preserve_unit_loops=True, index=-1)
l138, l139, l140, l141, l142, l143, l144 = sch.get_loops(block=b137)
l145, l146 = sch.split(loop=l144, factors=[None, 16], preserve_unit_iters=True, disable_predication=False)
l147, l148 = sch.split(loop=l143, factors=[None, 16], preserve_unit_iters=True, disable_predication=False)
l149, l150, l151, l152, l153, l154, l155, l156, l157 = sch.get_loops(block=b137)
sch.reorder(l156, l148, l146)
b158 = sch.blockize(target=l148, preserve_unit_iters=True)
sch.annotate(block_or_loop=b158, ann_key="meta_schedule.auto_tensorize", ann_val="wmma_load_16x16x16_f16_b_trans_shared_dyn")
b159, = sch.get_producers(block=b97)
sch.compute_inline(block=b159)
sch.storage_align(block=b97, buffer_index=0, axis=-2, factor=32, offset=8)
b160, = sch.get_producers(block=b106)
sch.compute_inline(block=b160)
sch.storage_align(block=b106, buffer_index=0, axis=-2, factor=32, offset=8)
sch.compute_inline(block=b0)
v161 = sch.sample_categorical(candidates=[0, 16, 64, 512, 1024], probs=[0.20000000000000001, 0.20000000000000001, 0.20000000000000001, 0.20000000000000001, 0.20000000000000001], decision=4)
sch.annotate(block_or_loop=b2, ann_key="meta_schedule.unroll_explicit", ann_val=v161)
sch.enter_postproc()
sch.unannotate(block_or_loop=b58, ann_key="meta_schedule.cooperative_fetch")
l162, l163, l164, l165 = sch.get_loops(block=b58)
l166, l167, l168, l169 = sch.split(loop=l165, factors=[None, 1, 32, 4], preserve_unit_iters=True, disable_predication=False)
sch.vectorize(loop=l169)
sch.bind(loop=l168, thread_axis="threadIdx.x")
sch.bind(loop=l167, thread_axis="threadIdx.y")
sch.unannotate(block_or_loop=b97, ann_key="meta_schedule.cooperative_fetch")
l170, l171, l172, l173, l174 = sch.get_loops(block=b97)
l175, l176, l177 = sch.split(loop=l174, factors=[None, 1, 32], preserve_unit_iters=True, disable_predication=False)
sch.bind(loop=l177, thread_axis="threadIdx.x")
sch.bind(loop=l176, thread_axis="threadIdx.y")
sch.unannotate(block_or_loop=b106, ann_key="meta_schedule.cooperative_fetch")
l178, l179, l180, l181, l182 = sch.get_loops(block=b106)
l183, l184, l185, l186 = sch.split(loop=l182, factors=[None, 1, 32, 8], preserve_unit_iters=True, disable_predication=False)
sch.vectorize(loop=l186)
sch.bind(loop=l185, thread_axis="threadIdx.x")
sch.bind(loop=l184, thread_axis="threadIdx.y")
b187 = sch.get_block(name="root", func_name="main")
sch.unannotate(block_or_loop=b187, ann_key="meta_schedule.unroll_explicit")
b188, b189, b190, b191, b192, b193, b194 = sch.get_child_blocks(b187)
l195, l196, l197, l198, l199, l200, l201 = sch.get_loops(block=b188)
l202, l203, l204, l205, l206, l207, l208, l209 = sch.get_loops(block=b189)
l210, l211, l212, l213, l214, l215, l216 = sch.get_loops(block=b190)
l217, l218, l219, l220, l221, l222, l223 = sch.get_loops(block=b191)
l224, l225, l226, l227, l228, l229, l230, l231, l232, l233 = sch.get_loops(block=b192)
sch.annotate(block_or_loop=l224, ann_key="pragma_auto_unroll_max_step", ann_val=1024)
sch.annotate(block_or_loop=l224, ann_key="pragma_unroll_explicit", ann_val=1)
l234, l235, l236, l237, l238, l239 = sch.get_loops(block=b193)
l240, l241, l242, l243, l244, l245, l246 = sch.get_loops(block=b194)
b247 = sch.get_block(name="conv2d_nchw_o", func_name="main")
l248, l249, l250, l251, l252, l253, l254, l255, l256, l257 = sch.get_loops(block=b247)
b258 = sch.decompose_reduction(block=b247, loop=l251)
sch.unannotate(block_or_loop=b258, ann_key="meta_schedule.auto_tensorize")
sch.annotate(block_or_loop=b258, ann_key="meta_schedule.auto_tensorize", ann_val="wmma_fill_16x16x16_f16")
sch.unannotate(block_or_loop=b247, ann_key="meta_schedule.auto_tensorize_init")
sch.unannotate(block_or_loop=b258, ann_key="meta_schedule.auto_tensorize_init")
b259 = sch.get_block(name="conv2d_nchw_o_init", func_name="main")
sch.unannotate(block_or_loop=b259, ann_key="meta_schedule.auto_tensorize")
sch.tensorize(block_or_loop=b259, tensor_intrin="wmma_fill_16x16x16_f16", preserve_unit_iters=True)
b260 = sch.get_block(name="pad_temp_reindex_pad_shared.dyn_wmma.matrix_a_o", func_name="main")
sch.unannotate(block_or_loop=b260, ann_key="meta_schedule.auto_tensorize")
sch.tensorize(block_or_loop=b260, tensor_intrin="wmma_load_16x16x16_f16_a_shared_dyn", preserve_unit_iters=True)
b261 = sch.get_block(name="W_reindex_shared.dyn_wmma.matrix_b_o", func_name="main")
sch.unannotate(block_or_loop=b261, ann_key="meta_schedule.auto_tensorize")
sch.tensorize(block_or_loop=b261, tensor_intrin="wmma_load_16x16x16_f16_b_trans_shared_dyn", preserve_unit_iters=True)
b262 = sch.get_block(name="conv2d_nchw_o_update", func_name="main")
sch.unannotate(block_or_loop=b262, ann_key="meta_schedule.auto_tensorize")
sch.tensorize(block_or_loop=b262, tensor_intrin="wmma_sync_16x16x16_f16f16f16_trans", preserve_unit_iters=True)
b263 = sch.get_block(name="conv2d_nchw_reindex_pad_shared.dyn_wmma.accumulator_o", func_name="main")
sch.unannotate(block_or_loop=b263, ann_key="meta_schedule.auto_tensorize")
sch.tensorize(block_or_loop=b263, tensor_intrin="wmma_store_16x16x16_f16_shared_dyn", preserve_unit_iters=True)
2025-10-07 10:57:52 [INFO] [evolutionary_search.cc:713] Generating candidates......
2025-10-07 10:57:55 [INFO] [evolutionary_search.cc:715] Picked top 102 candidate(s) from database
2025-10-07 10:58:03 [INFO] [evolutionary_search.cc:533] Sample-Init-Population summary:
Postproc #0 [meta_schedule.DisallowDynamicLoop(0x10966348)]: 0 failure(s)
Postproc #1 [meta_schedule.RewriteCooperativeFetch(0x10d195d8)]: 0 failure(s)
Postproc #2 [meta_schedule.RewriteUnboundBlock(0x10b2d658)]: 0 failure(s)
Postproc #3 [meta_schedule.RewriteParallelVectorizeUnroll(0x10c03278)]: 0 failure(s)
Postproc #4 [meta_schedule.RewriteReductionBlock(0x109facd8)]: 0 failure(s)
Postproc #5 [meta_schedule.VerifyGPUCode(0x1082ac68)]: 323 failure(s)
Postproc #6 [meta_schedule.RewriteTensorize(0x109da9c8)]: 0 failure(s)
2025-10-07 10:58:03 [INFO] [evolutionary_search.cc:723] Sampled 87 candidate(s)
2025-10-07 10:58:17 [INFO] [evolutionary_search.cc:621] Evolve iter #0 done. Summary:
Postproc #0 [meta_schedule.DisallowDynamicLoop(0x10966348)]: 0 failure(s)
Postproc #1 [meta_schedule.RewriteCooperativeFetch(0x10d195d8)]: 0 failure(s)
Postproc #2 [meta_schedule.RewriteUnboundBlock(0x10b2d658)]: 0 failure(s)
Postproc #3 [meta_schedule.RewriteParallelVectorizeUnroll(0x10c03278)]: 0 failure(s)
Postproc #4 [meta_schedule.RewriteReductionBlock(0x109facd8)]: 0 failure(s)
Postproc #5 [meta_schedule.VerifyGPUCode(0x1082ac68)]: 120 failure(s)
Postproc #6 [meta_schedule.RewriteTensorize(0x109da9c8)]: 0 failure(s)
2025-10-07 10:58:35 [INFO] [evolutionary_search.cc:621] Evolve iter #1 done. Summary:
Postproc #0 [meta_schedule.DisallowDynamicLoop(0x10966348)]: 0 failure(s)
Postproc #1 [meta_schedule.RewriteCooperativeFetch(0x10d195d8)]: 0 failure(s)
Postproc #2 [meta_schedule.RewriteUnboundBlock(0x10b2d658)]: 0 failure(s)
Postproc #3 [meta_schedule.RewriteParallelVectorizeUnroll(0x10c03278)]: 0 failure(s)
Postproc #4 [meta_schedule.RewriteReductionBlock(0x109facd8)]: 0 failure(s)
Postproc #5 [meta_schedule.VerifyGPUCode(0x1082ac68)]: 128 failure(s)
Postproc #6 [meta_schedule.RewriteTensorize(0x109da9c8)]: 0 failure(s)
2025-10-07 10:58:53 [INFO] [evolutionary_search.cc:621] Evolve iter #2 done. Summary:
Postproc #0 [meta_schedule.DisallowDynamicLoop(0x10966348)]: 0 failure(s)
Postproc #1 [meta_schedule.RewriteCooperativeFetch(0x10d195d8)]: 0 failure(s)
Postproc #2 [meta_schedule.RewriteUnboundBlock(0x10b2d658)]: 0 failure(s)
Postproc #3 [meta_schedule.RewriteParallelVectorizeUnroll(0x10c03278)]: 0 failure(s)
Postproc #4 [meta_schedule.RewriteReductionBlock(0x109facd8)]: 0 failure(s)
Postproc #5 [meta_schedule.VerifyGPUCode(0x1082ac68)]: 107 failure(s)
Postproc #6 [meta_schedule.RewriteTensorize(0x109da9c8)]: 0 failure(s)
2025-10-07 10:59:11 [INFO] [evolutionary_search.cc:621] Evolve iter #3 done. Summary:
Postproc #0 [meta_schedule.DisallowDynamicLoop(0x10966348)]: 0 failure(s)
Postproc #1 [meta_schedule.RewriteCooperativeFetch(0x10d195d8)]: 0 failure(s)
Postproc #2 [meta_schedule.RewriteUnboundBlock(0x10b2d658)]: 0 failure(s)
Postproc #3 [meta_schedule.RewriteParallelVectorizeUnroll(0x10c03278)]: 0 failure(s)
Postproc #4 [meta_schedule.RewriteReductionBlock(0x109facd8)]: 0 failure(s)
Postproc #5 [meta_schedule.VerifyGPUCode(0x1082ac68)]: 125 failure(s)
Postproc #6 [meta_schedule.RewriteTensorize(0x109da9c8)]: 0 failure(s)
2025-10-07 10:59:18 [INFO] [evolutionary_search.cc:649] Scores of the best 64 candidates:
[1 : 16]:	0.9627  0.9618  0.9575  0.9572  0.9570  0.9550  0.9548  0.9548  0.9514  0.9514  0.9492  0.9229  0.9145  0.9143  0.9123  0.9121
[17 : 32]:	0.9087  0.9065  0.8991  0.8805  0.8804  0.8802  0.8796  0.8779  0.8763  0.8759  0.8746  0.8734  0.8725  0.8696  0.8687  0.8687
[33 : 48]:	0.8682  0.8675  0.8675  0.8666  0.8644  0.8623  0.8578  0.8578  0.8569  0.8569  0.8551  0.8547  0.8543  0.8526  0.8410  0.8410
[49 : 64]:	0.8390  0.8390  0.8388  0.8388  0.8331  0.8331  0.8331  0.8305  0.8253  0.8190  0.8132  0.8132  0.8093  0.8059  0.8059  0.8011
2025-10-07 10:59:18 [INFO] [evolutionary_search.cc:727] Got 64 candidate(s) with evolutionary search
2025-10-07 10:59:18 [INFO] [evolutionary_search.cc:730] Sending 64 candidates(s) for measurement
2025-10-07 10:59:49 [INFO] [task_scheduler.cc:131] [Task #0: main] Trial #193: GFLOPs: 16303.1683. Time: 14.1820 us. Best GFLOPs: 16944.9735
2025-10-07 10:59:49 [INFO] [task_scheduler.cc:131] [Task #0: main] Trial #194: GFLOPs: 16941.9639. Time: 13.6472 us. Best GFLOPs: 16944.9735
2025-10-07 10:59:49 [INFO] [task_scheduler.cc:131] [Task #0: main] Trial #195: GFLOPs: 16482.7630. Time: 14.0274 us. Best GFLOPs: 16944.9735
2025-10-07 10:59:49 [INFO] [task_scheduler.cc:131] [Task #0: main] Trial #196: GFLOPs: 16523.3856. Time: 13.9930 us. Best GFLOPs: 16944.9735
2025-10-07 10:59:49 [INFO] [task_scheduler.cc:131] [Task #0: main] Trial #197: GFLOPs: 16412.4331. Time: 14.0876 us. Best GFLOPs: 16944.9735
2025-10-07 10:59:49 [INFO] [task_scheduler.cc:131] [Task #0: main] Trial #198: GFLOPs: 16224.0061. Time: 14.2512 us. Best GFLOPs: 16944.9735
2025-10-07 10:59:49 [INFO] [task_scheduler.cc:131] [Task #0: main] Trial #199: GFLOPs: 16048.4755. Time: 14.4070 us. Best GFLOPs: 16944.9735
2025-10-07 10:59:49 [INFO] [task_scheduler.cc:131] [Task #0: main] Trial #200: GFLOPs: 16045.1026. Time: 14.4101 us. Best GFLOPs: 16944.9735
2025-10-07 10:59:49 [INFO] [task_scheduler.cc:131] [Task #0: main] Trial #201: GFLOPs: 15481.0598. Time: 14.9351 us. Best GFLOPs: 16944.9735
2025-10-07 10:59:49 [INFO] [task_scheduler.cc:131] [Task #0: main] Trial #202: GFLOPs: 15480.3772. Time: 14.9357 us. Best GFLOPs: 16944.9735
2025-10-07 10:59:49 [INFO] [task_scheduler.cc:131] [Task #0: main] Trial #203: GFLOPs: 15855.5689. Time: 14.5823 us. Best GFLOPs: 16944.9735
2025-10-07 10:59:49 [INFO] [task_scheduler.cc:131] [Task #0: main] Trial #204: GFLOPs: 15455.9366. Time: 14.9594 us. Best GFLOPs: 16944.9735
2025-10-07 10:59:49 [INFO] [task_scheduler.cc:131] [Task #0: main] Trial #205: GFLOPs: 15827.6270. Time: 14.6081 us. Best GFLOPs: 16944.9735
2025-10-07 10:59:49 [INFO] [task_scheduler.cc:131] [Task #0: main] Trial #206: GFLOPs: 15733.2210. Time: 14.6957 us. Best GFLOPs: 16944.9735
2025-10-07 10:59:49 [INFO] [task_scheduler.cc:131] [Task #0: main] Trial #207: GFLOPs: 16199.4376. Time: 14.2728 us. Best GFLOPs: 16944.9735
2025-10-07 10:59:49 [INFO] [task_scheduler.cc:131] [Task #0: main] Trial #208: GFLOPs: 16106.5303. Time: 14.3551 us. Best GFLOPs: 16944.9735
2025-10-07 10:59:49 [INFO] [task_scheduler.cc:131] [Task #0: main] Trial #209: GFLOPs: 15491.2392. Time: 14.9253 us. Best GFLOPs: 16944.9735
2025-10-07 10:59:49 [INFO] [task_scheduler.cc:131] [Task #0: main] Trial #210: GFLOPs: 15870.5204. Time: 14.5686 us. Best GFLOPs: 16944.9735
2025-10-07 10:59:49 [INFO] [task_scheduler.cc:131] [Task #0: main] Trial #211: GFLOPs: 9111.2724. Time: 25.3764 us. Best GFLOPs: 16944.9735
2025-10-07 10:59:49 [INFO] [task_scheduler.cc:131] [Task #0: main] Trial #212: GFLOPs: 12672.7934. Time: 18.2447 us. Best GFLOPs: 16944.9735
2025-10-07 10:59:49 [INFO] [task_scheduler.cc:131] [Task #0: main] Trial #213: GFLOPs: 15150.7833. Time: 15.2607 us. Best GFLOPs: 16944.9735
2025-10-07 10:59:49 [INFO] [task_scheduler.cc:131] [Task #0: main] Trial #214: GFLOPs: 15079.2678. Time: 15.3330 us. Best GFLOPs: 16944.9735
2025-10-07 10:59:49 [INFO] [task_scheduler.cc:131] [Task #0: main] Trial #215: GFLOPs: 12621.9893. Time: 18.3181 us. Best GFLOPs: 16944.9735
2025-10-07 10:59:49 [INFO] [task_scheduler.cc:131] [Task #0: main] Trial #216: GFLOPs: 15902.6707. Time: 14.5391 us. Best GFLOPs: 16944.9735
2025-10-07 10:59:49 [INFO] [task_scheduler.cc:131] [Task #0: main] Trial #217: GFLOPs: 9075.8529. Time: 25.4754 us. Best GFLOPs: 16944.9735
2025-10-07 10:59:49 [INFO] [task_scheduler.cc:131] [Task #0: main] Trial #218: GFLOPs: 9156.8874. Time: 25.2500 us. Best GFLOPs: 16944.9735
2025-10-07 10:59:49 [INFO] [task_scheduler.cc:131] [Task #0: main] Trial #219: GFLOPs: 14867.6596. Time: 15.5513 us. Best GFLOPs: 16944.9735
2025-10-07 10:59:49 [INFO] [task_scheduler.cc:131] [Task #0: main] Trial #220: GFLOPs: 14850.4542. Time: 15.5693 us. Best GFLOPs: 16944.9735
2025-10-07 10:59:49 [INFO] [task_scheduler.cc:131] [Task #0: main] Trial #221: GFLOPs: 14801.1813. Time: 15.6211 us. Best GFLOPs: 16944.9735
2025-10-07 10:59:49 [INFO] [task_scheduler.cc:131] [Task #0: main] Trial #222: GFLOPs: 13069.0000. Time: 17.6916 us. Best GFLOPs: 16944.9735
2025-10-07 10:59:49 [INFO] [task_scheduler.cc:131] [Task #0: main] Trial #223: GFLOPs: 12337.1022. Time: 18.7411 us. Best GFLOPs: 16944.9735
2025-10-07 10:59:49 [INFO] [task_scheduler.cc:131] [Task #0: main] Trial #224: GFLOPs: 12337.6622. Time: 18.7403 us. Best GFLOPs: 16944.9735
2025-10-07 10:59:49 [INFO] [task_scheduler.cc:131] [Task #0: main] Trial #225: GFLOPs: 14661.5531. Time: 15.7699 us. Best GFLOPs: 16944.9735
2025-10-07 10:59:49 [INFO] [task_scheduler.cc:131] [Task #0: main] Trial #226: GFLOPs: 14981.8071. Time: 15.4328 us. Best GFLOPs: 16944.9735
2025-10-07 10:59:49 [INFO] [task_scheduler.cc:131] [Task #0: main] Trial #227: GFLOPs: 14981.8359. Time: 15.4328 us. Best GFLOPs: 16944.9735
2025-10-07 10:59:49 [INFO] [task_scheduler.cc:131] [Task #0: main] Trial #228: GFLOPs: 14307.2449. Time: 16.1604 us. Best GFLOPs: 16944.9735
2025-10-07 10:59:49 [INFO] [task_scheduler.cc:131] [Task #0: main] Trial #229: GFLOPs: 12706.6641. Time: 18.1960 us. Best GFLOPs: 16944.9735
2025-10-07 10:59:49 [INFO] [task_scheduler.cc:131] [Task #0: main] Trial #230: GFLOPs: 14715.7873. Time: 15.7118 us. Best GFLOPs: 16944.9735
2025-10-07 10:59:49 [INFO] [task_scheduler.cc:131] [Task #0: main] Trial #231: GFLOPs: 16450.2762. Time: 14.0551 us. Best GFLOPs: 16944.9735
2025-10-07 10:59:49 [INFO] [task_scheduler.cc:131] [Task #0: main] Trial #232: GFLOPs: 16448.7658. Time: 14.0564 us. Best GFLOPs: 16944.9735
2025-10-07 10:59:49 [INFO] [task_scheduler.cc:131] [Task #0: main] Trial #233: GFLOPs: 15749.8434. Time: 14.6802 us. Best GFLOPs: 16944.9735
2025-10-07 10:59:49 [INFO] [task_scheduler.cc:131] [Task #0: main] Trial #234: GFLOPs: 15748.3953. Time: 14.6816 us. Best GFLOPs: 16944.9735
2025-10-07 10:59:49 [INFO] [task_scheduler.cc:131] [Task #0: main] Trial #235: GFLOPs: 15182.5150. Time: 15.2288 us. Best GFLOPs: 16944.9735
2025-10-07 10:59:49 [INFO] [task_scheduler.cc:131] [Task #0: main] Trial #236: GFLOPs: 16032.4366. Time: 14.4215 us. Best GFLOPs: 16944.9735
2025-10-07 10:59:49 [INFO] [task_scheduler.cc:131] [Task #0: main] Trial #237: GFLOPs: 6335.0505. Time: 36.4971 us. Best GFLOPs: 16944.9735
2025-10-07 10:59:49 [INFO] [task_scheduler.cc:131] [Task #0: main] Trial #238: GFLOPs: 15744.7273. Time: 14.6850 us. Best GFLOPs: 16944.9735
2025-10-07 10:59:49 [INFO] [task_scheduler.cc:131] [Task #0: main] Trial #239: GFLOPs: 14013.2448. Time: 16.4995 us. Best GFLOPs: 16944.9735
2025-10-07 10:59:49 [INFO] [task_scheduler.cc:131] [Task #0: main] Trial #240: GFLOPs: 14013.7844. Time: 16.4988 us. Best GFLOPs: 16944.9735
2025-10-07 10:59:49 [INFO] [task_scheduler.cc:131] [Task #0: main] Trial #241: GFLOPs: 14396.5351. Time: 16.0602 us. Best GFLOPs: 16944.9735
2025-10-07 10:59:49 [INFO] [task_scheduler.cc:131] [Task #0: main] Trial #242: GFLOPs: 14394.5347. Time: 16.0624 us. Best GFLOPs: 16944.9735
2025-10-07 10:59:49 [INFO] [task_scheduler.cc:131] [Task #0: main] Trial #243: GFLOPs: 14293.4683. Time: 16.1760 us. Best GFLOPs: 16944.9735
2025-10-07 10:59:49 [INFO] [task_scheduler.cc:131] [Task #0: main] Trial #244: GFLOPs: 14294.1364. Time: 16.1752 us. Best GFLOPs: 16944.9735
2025-10-07 10:59:49 [INFO] [task_scheduler.cc:131] [Task #0: main] Trial #245: GFLOPs: 13871.1807. Time: 16.6684 us. Best GFLOPs: 16944.9735
2025-10-07 10:59:49 [INFO] [task_scheduler.cc:131] [Task #0: main] Trial #246: GFLOPs: 13871.6007. Time: 16.6679 us. Best GFLOPs: 16944.9735
2025-10-07 10:59:49 [INFO] [task_scheduler.cc:131] [Task #0: main] Trial #247: GFLOPs: 10980.0262. Time: 21.0574 us. Best GFLOPs: 16944.9735
2025-10-07 10:59:49 [INFO] [task_scheduler.cc:131] [Task #0: main] Trial #248: GFLOPs: 8074.3783. Time: 28.6351 us. Best GFLOPs: 16944.9735
2025-10-07 10:59:49 [INFO] [task_scheduler.cc:131] [Task #0: main] Trial #249: GFLOPs: 7740.8185. Time: 29.8691 us. Best GFLOPs: 16944.9735
2025-10-07 10:59:49 [INFO] [task_scheduler.cc:131] [Task #0: main] Trial #250: GFLOPs: 9622.0234. Time: 24.0294 us. Best GFLOPs: 16944.9735
2025-10-07 10:59:49 [INFO] [task_scheduler.cc:131] [Task #0: main] Trial #251: GFLOPs: 14610.9245. Time: 15.8245 us. Best GFLOPs: 16944.9735
2025-10-07 10:59:49 [INFO] [task_scheduler.cc:131] [Task #0: main] Trial #252: GFLOPs: 14611.3146. Time: 15.8241 us. Best GFLOPs: 16944.9735
2025-10-07 10:59:49 [INFO] [task_scheduler.cc:131] [Task #0: main] Trial #253: GFLOPs: 13340.7251. Time: 17.3312 us. Best GFLOPs: 16944.9735
2025-10-07 10:59:49 [INFO] [task_scheduler.cc:131] [Task #0: main] Trial #254: GFLOPs: 1739.9684. Time: 132.8823 us. Best GFLOPs: 16944.9735
2025-10-07 10:59:49 [INFO] [task_scheduler.cc:131] [Task #0: main] Trial #255: GFLOPs: 4110.8791. Time: 56.2437 us. Best GFLOPs: 16944.9735
2025-10-07 10:59:49 [INFO] [task_scheduler.cc:131] [Task #0: main] Trial #256: GFLOPs: 449.9395. Time: 513.8713 us. Best GFLOPs: 16944.9735
2025-10-07 10:59:49 [INFO] [evolutionary_search.cc:713] Generating candidates......
2025-10-07 10:59:51 [INFO] [evolutionary_search.cc:715] Picked top 102 candidate(s) from database
2025-10-07 10:59:59 [INFO] [evolutionary_search.cc:533] Sample-Init-Population summary:
Postproc #0 [meta_schedule.DisallowDynamicLoop(0x10966348)]: 0 failure(s)
Postproc #1 [meta_schedule.RewriteCooperativeFetch(0x10d195d8)]: 0 failure(s)
Postproc #2 [meta_schedule.RewriteUnboundBlock(0x10b2d658)]: 0 failure(s)
Postproc #3 [meta_schedule.RewriteParallelVectorizeUnroll(0x10c03278)]: 0 failure(s)
Postproc #4 [meta_schedule.RewriteReductionBlock(0x109facd8)]: 0 failure(s)
Postproc #5 [meta_schedule.VerifyGPUCode(0x1082ac68)]: 327 failure(s)
Postproc #6 [meta_schedule.RewriteTensorize(0x109da9c8)]: 0 failure(s)
2025-10-07 10:59:59 [INFO] [evolutionary_search.cc:723] Sampled 83 candidate(s)
2025-10-07 11:00:14 [INFO] [evolutionary_search.cc:621] Evolve iter #0 done. Summary:
Postproc #0 [meta_schedule.DisallowDynamicLoop(0x10966348)]: 0 failure(s)
Postproc #1 [meta_schedule.RewriteCooperativeFetch(0x10d195d8)]: 0 failure(s)
Postproc #2 [meta_schedule.RewriteUnboundBlock(0x10b2d658)]: 0 failure(s)
Postproc #3 [meta_schedule.RewriteParallelVectorizeUnroll(0x10c03278)]: 0 failure(s)
Postproc #4 [meta_schedule.RewriteReductionBlock(0x109facd8)]: 0 failure(s)
Postproc #5 [meta_schedule.VerifyGPUCode(0x1082ac68)]: 133 failure(s)
Postproc #6 [meta_schedule.RewriteTensorize(0x109da9c8)]: 0 failure(s)
2025-10-07 11:00:31 [INFO] [evolutionary_search.cc:621] Evolve iter #1 done. Summary:
Postproc #0 [meta_schedule.DisallowDynamicLoop(0x10966348)]: 0 failure(s)
Postproc #1 [meta_schedule.RewriteCooperativeFetch(0x10d195d8)]: 0 failure(s)
Postproc #2 [meta_schedule.RewriteUnboundBlock(0x10b2d658)]: 0 failure(s)
Postproc #3 [meta_schedule.RewriteParallelVectorizeUnroll(0x10c03278)]: 0 failure(s)
Postproc #4 [meta_schedule.RewriteReductionBlock(0x109facd8)]: 0 failure(s)
Postproc #5 [meta_schedule.VerifyGPUCode(0x1082ac68)]: 107 failure(s)
Postproc #6 [meta_schedule.RewriteTensorize(0x109da9c8)]: 0 failure(s)
2025-10-07 11:00:49 [INFO] [evolutionary_search.cc:621] Evolve iter #2 done. Summary:
Postproc #0 [meta_schedule.DisallowDynamicLoop(0x10966348)]: 0 failure(s)
Postproc #1 [meta_schedule.RewriteCooperativeFetch(0x10d195d8)]: 0 failure(s)
Postproc #2 [meta_schedule.RewriteUnboundBlock(0x10b2d658)]: 0 failure(s)
Postproc #3 [meta_schedule.RewriteParallelVectorizeUnroll(0x10c03278)]: 0 failure(s)
Postproc #4 [meta_schedule.RewriteReductionBlock(0x109facd8)]: 0 failure(s)
Postproc #5 [meta_schedule.VerifyGPUCode(0x1082ac68)]: 127 failure(s)
Postproc #6 [meta_schedule.RewriteTensorize(0x109da9c8)]: 0 failure(s)
2025-10-07 11:01:08 [INFO] [evolutionary_search.cc:621] Evolve iter #3 done. Summary:
Postproc #0 [meta_schedule.DisallowDynamicLoop(0x10966348)]: 0 failure(s)
Postproc #1 [meta_schedule.RewriteCooperativeFetch(0x10d195d8)]: 0 failure(s)
Postproc #2 [meta_schedule.RewriteUnboundBlock(0x10b2d658)]: 0 failure(s)
Postproc #3 [meta_schedule.RewriteParallelVectorizeUnroll(0x10c03278)]: 0 failure(s)
Postproc #4 [meta_schedule.RewriteReductionBlock(0x109facd8)]: 0 failure(s)
Postproc #5 [meta_schedule.VerifyGPUCode(0x1082ac68)]: 125 failure(s)
Postproc #6 [meta_schedule.RewriteTensorize(0x109da9c8)]: 0 failure(s)
2025-10-07 11:01:14 [INFO] [evolutionary_search.cc:649] Scores of the best 64 candidates:
[1 : 16]:	0.9675  0.9608  0.9608  0.9349  0.9284  0.9214  0.9208  0.9188  0.9084  0.9056  0.8952  0.8883  0.8874  0.8874  0.8807  0.8523
[17 : 32]:	0.8520  0.8456  0.8456  0.8416  0.8398  0.8295  0.8295  0.8284  0.8284  0.8284  0.8123  0.8073  0.8056  0.8056  0.8037  0.7963
[33 : 48]:	0.7916  0.7903  0.7903  0.7877  0.7877  0.7843  0.7843  0.7818  0.7818  0.7806  0.7784  0.7781  0.7776  0.7775  0.7731  0.7731
[49 : 64]:	0.7731  0.7730  0.7722  0.7722  0.7715  0.7715  0.7708  0.7708  0.7693  0.7693  0.7688  0.7672  0.7655  0.7655  0.7639  0.7639
2025-10-07 11:01:14 [INFO] [evolutionary_search.cc:727] Got 64 candidate(s) with evolutionary search
2025-10-07 11:01:14 [INFO] [evolutionary_search.cc:730] Sending 64 candidates(s) for measurement
2025-10-07 11:01:46 [INFO] [task_scheduler.cc:131] [Task #0: main] Trial #257: GFLOPs: 16066.4670. Time: 14.3909 us. Best GFLOPs: 16944.9735
2025-10-07 11:01:46 [INFO] [task_scheduler.cc:131] [Task #0: main] Trial #258: GFLOPs: 16314.9016. Time: 14.1718 us. Best GFLOPs: 16944.9735
2025-10-07 11:01:46 [INFO] [task_scheduler.cc:131] [Task #0: main] Trial #259: GFLOPs: 16331.0565. Time: 14.1577 us. Best GFLOPs: 16944.9735
2025-10-07 11:01:46 [INFO] [task_scheduler.cc:131] [Task #0: main] Trial #260: GFLOPs: 16112.2689. Time: 14.3500 us. Best GFLOPs: 16944.9735
2025-10-07 11:01:46 [INFO] [task_scheduler.cc:131] [Task #0: main] Trial #261: GFLOPs: 16495.7424. Time: 14.0164 us. Best GFLOPs: 16944.9735
2025-10-07 11:01:46 [INFO] [task_scheduler.cc:131] [Task #0: main] Trial #262: GFLOPs: 15449.5328. Time: 14.9656 us. Best GFLOPs: 16944.9735
2025-10-07 11:01:46 [INFO] [task_scheduler.cc:131] [Task #0: main] Trial #263: GFLOPs: 15737.3591. Time: 14.6919 us. Best GFLOPs: 16944.9735
2025-10-07 11:01:46 [INFO] [task_scheduler.cc:131] [Task #0: main] Trial #264: GFLOPs: 16071.2923. Time: 14.3866 us. Best GFLOPs: 16944.9735
2025-10-07 11:01:46 [INFO] [task_scheduler.cc:131] [Task #0: main] Trial #265: GFLOPs: 15216.1699. Time: 15.1951 us. Best GFLOPs: 16944.9735
2025-10-07 11:01:46 [INFO] [task_scheduler.cc:131] [Task #0: main] Trial #266: GFLOPs: 15546.8636. Time: 14.8719 us. Best GFLOPs: 16944.9735
2025-10-07 11:01:46 [INFO] [task_scheduler.cc:131] [Task #0: main] Trial #267: GFLOPs: 15909.2296. Time: 14.5331 us. Best GFLOPs: 16944.9735
2025-10-07 11:01:46 [INFO] [task_scheduler.cc:131] [Task #0: main] Trial #268: GFLOPs: 14723.2564. Time: 15.7038 us. Best GFLOPs: 16944.9735
2025-10-07 11:01:46 [INFO] [task_scheduler.cc:131] [Task #0: main] Trial #269: GFLOPs: 14313.9859. Time: 16.1528 us. Best GFLOPs: 16944.9735
2025-10-07 11:01:46 [INFO] [task_scheduler.cc:131] [Task #0: main] Trial #270: GFLOPs: 14715.2424. Time: 15.7123 us. Best GFLOPs: 16944.9735
2025-10-07 11:01:46 [INFO] [task_scheduler.cc:131] [Task #0: main] Trial #271: GFLOPs: 14456.7322. Time: 15.9933 us. Best GFLOPs: 16944.9735
2025-10-07 11:01:46 [INFO] [task_scheduler.cc:131] [Task #0: main] Trial #272: GFLOPs: 14793.7287. Time: 15.6290 us. Best GFLOPs: 16944.9735
2025-10-07 11:01:46 [INFO] [task_scheduler.cc:131] [Task #0: main] Trial #273: GFLOPs: 14410.3928. Time: 16.0447 us. Best GFLOPs: 16944.9735
2025-10-07 11:01:46 [INFO] [task_scheduler.cc:131] [Task #0: main] Trial #274: GFLOPs: 14655.4113. Time: 15.7765 us. Best GFLOPs: 16944.9735
2025-10-07 11:01:46 [INFO] [task_scheduler.cc:131] [Task #0: main] Trial #275: GFLOPs: 14654.8689. Time: 15.7771 us. Best GFLOPs: 16944.9735
2025-10-07 11:01:46 [INFO] [task_scheduler.cc:131] [Task #0: main] Trial #276: GFLOPs: 14675.6633. Time: 15.7547 us. Best GFLOPs: 16944.9735
2025-10-07 11:01:46 [INFO] [task_scheduler.cc:131] [Task #0: main] Trial #277: GFLOPs: 14365.6465. Time: 16.0947 us. Best GFLOPs: 16944.9735
2025-10-07 11:01:46 [INFO] [task_scheduler.cc:131] [Task #0: main] Trial #278: GFLOPs: 14864.9039. Time: 15.5542 us. Best GFLOPs: 16944.9735
2025-10-07 11:01:46 [INFO] [task_scheduler.cc:131] [Task #0: main] Trial #279: GFLOPs: 14864.2334. Time: 15.5549 us. Best GFLOPs: 16944.9735
2025-10-07 11:01:46 [INFO] [task_scheduler.cc:131] [Task #0: main] Trial #280: GFLOPs: 14541.3517. Time: 15.9002 us. Best GFLOPs: 16944.9735
2025-10-07 11:01:46 [INFO] [task_scheduler.cc:131] [Task #0: main] Trial #281: GFLOPs: 14538.8555. Time: 15.9030 us. Best GFLOPs: 16944.9735
2025-10-07 11:01:46 [INFO] [task_scheduler.cc:131] [Task #0: main] Trial #282: GFLOPs: 14540.6298. Time: 15.9010 us. Best GFLOPs: 16944.9735
2025-10-07 11:01:46 [INFO] [task_scheduler.cc:131] [Task #0: main] Trial #283: GFLOPs: 12808.4916. Time: 18.0514 us. Best GFLOPs: 16944.9735
2025-10-07 11:01:46 [INFO] [task_scheduler.cc:131] [Task #0: main] Trial #284: GFLOPs: 12890.8101. Time: 17.9361 us. Best GFLOPs: 16944.9735
2025-10-07 11:01:46 [INFO] [task_scheduler.cc:131] [Task #0: main] Trial #285: GFLOPs: 12733.6177. Time: 18.1575 us. Best GFLOPs: 16944.9735
2025-10-07 11:01:46 [INFO] [task_scheduler.cc:131] [Task #0: main] Trial #286: GFLOPs: 12732.3735. Time: 18.1593 us. Best GFLOPs: 16944.9735
2025-10-07 11:01:46 [INFO] [task_scheduler.cc:131] [Task #0: main] Trial #287: GFLOPs: 12888.0637. Time: 17.9399 us. Best GFLOPs: 16944.9735
2025-10-07 11:01:46 [INFO] [task_scheduler.cc:131] [Task #0: main] Trial #288: GFLOPs: 13550.1846. Time: 17.0633 us. Best GFLOPs: 16944.9735
2025-10-07 11:01:46 [INFO] [task_scheduler.cc:131] [Task #0: main] Trial #289: GFLOPs: 12980.0249. Time: 17.8128 us. Best GFLOPs: 16944.9735
2025-10-07 11:01:46 [INFO] [task_scheduler.cc:131] [Task #0: main] Trial #290: GFLOPs: 12285.8832. Time: 18.8192 us. Best GFLOPs: 16944.9735
2025-10-07 11:01:46 [INFO] [task_scheduler.cc:131] [Task #0: main] Trial #291: GFLOPs: 12284.3705. Time: 18.8216 us. Best GFLOPs: 16944.9735
2025-10-07 11:01:46 [INFO] [task_scheduler.cc:131] [Task #0: main] Trial #292: GFLOPs: 13348.5111. Time: 17.3211 us. Best GFLOPs: 16944.9735
2025-10-07 11:01:46 [INFO] [task_scheduler.cc:131] [Task #0: main] Trial #293: GFLOPs: 13347.9591. Time: 17.3218 us. Best GFLOPs: 16944.9735
2025-10-07 11:01:46 [INFO] [task_scheduler.cc:131] [Task #0: main] Trial #294: GFLOPs: 12438.9518. Time: 18.5877 us. Best GFLOPs: 16944.9735
2025-10-07 11:01:46 [INFO] [task_scheduler.cc:131] [Task #0: main] Trial #295: GFLOPs: 12445.7084. Time: 18.5776 us. Best GFLOPs: 16944.9735
2025-10-07 11:01:46 [INFO] [task_scheduler.cc:131] [Task #0: main] Trial #296: GFLOPs: 13533.1756. Time: 17.0848 us. Best GFLOPs: 16944.9735
2025-10-07 11:01:46 [INFO] [task_scheduler.cc:131] [Task #0: main] Trial #297: GFLOPs: 13533.1968. Time: 17.0847 us. Best GFLOPs: 16944.9735
2025-10-07 11:01:46 [INFO] [task_scheduler.cc:131] [Task #0: main] Trial #298: GFLOPs: 12484.5065. Time: 18.5198 us. Best GFLOPs: 16944.9735
2025-10-07 11:01:46 [INFO] [task_scheduler.cc:131] [Task #0: main] Trial #299: GFLOPs: 12679.5329. Time: 18.2350 us. Best GFLOPs: 16944.9735
2025-10-07 11:01:46 [INFO] [task_scheduler.cc:131] [Task #0: main] Trial #300: GFLOPs: 13582.1714. Time: 17.0231 us. Best GFLOPs: 16944.9735
2025-10-07 11:01:46 [INFO] [task_scheduler.cc:131] [Task #0: main] Trial #301: GFLOPs: 11468.2858. Time: 20.1609 us. Best GFLOPs: 16944.9735
2025-10-07 11:01:46 [INFO] [task_scheduler.cc:131] [Task #0: main] Trial #302: GFLOPs: 12611.5144. Time: 18.3333 us. Best GFLOPs: 16944.9735
2025-10-07 11:01:46 [INFO] [task_scheduler.cc:131] [Task #0: main] Trial #303: GFLOPs: 11755.6381. Time: 19.6681 us. Best GFLOPs: 16944.9735
2025-10-07 11:01:46 [INFO] [task_scheduler.cc:131] [Task #0: main] Trial #304: GFLOPs: 11754.6533. Time: 19.6697 us. Best GFLOPs: 16944.9735
2025-10-07 11:01:46 [INFO] [task_scheduler.cc:131] [Task #0: main] Trial #305: GFLOPs: 11757.4106. Time: 19.6651 us. Best GFLOPs: 16944.9735
2025-10-07 11:01:46 [INFO] [task_scheduler.cc:131] [Task #0: main] Trial #306: GFLOPs: 13751.8700. Time: 16.8131 us. Best GFLOPs: 16944.9735
2025-10-07 11:01:46 [INFO] [task_scheduler.cc:131] [Task #0: main] Trial #307: GFLOPs: 11731.6284. Time: 19.7083 us. Best GFLOPs: 16944.9735
2025-10-07 11:01:46 [INFO] [task_scheduler.cc:131] [Task #0: main] Trial #308: GFLOPs: 11730.6633. Time: 19.7100 us. Best GFLOPs: 16944.9735
2025-10-07 11:01:46 [INFO] [task_scheduler.cc:131] [Task #0: main] Trial #309: GFLOPs: 13369.6723. Time: 17.2937 us. Best GFLOPs: 16944.9735
2025-10-07 11:01:46 [INFO] [task_scheduler.cc:131] [Task #0: main] Trial #310: GFLOPs: 13370.1463. Time: 17.2931 us. Best GFLOPs: 16944.9735
2025-10-07 11:01:46 [INFO] [task_scheduler.cc:131] [Task #0: main] Trial #311: GFLOPs: 13131.8298. Time: 17.6069 us. Best GFLOPs: 16944.9735
2025-10-07 11:01:46 [INFO] [task_scheduler.cc:131] [Task #0: main] Trial #312: GFLOPs: 13132.2685. Time: 17.6063 us. Best GFLOPs: 16944.9735
2025-10-07 11:01:46 [INFO] [task_scheduler.cc:131] [Task #0: main] Trial #313: GFLOPs: 13186.4923. Time: 17.5339 us. Best GFLOPs: 16944.9735
2025-10-07 11:01:46 [INFO] [task_scheduler.cc:131] [Task #0: main] Trial #314: GFLOPs: 13211.8803. Time: 17.5002 us. Best GFLOPs: 16944.9735
2025-10-07 11:01:46 [INFO] [task_scheduler.cc:131] [Task #0: main] Trial #315: GFLOPs: 13444.0778. Time: 17.1980 us. Best GFLOPs: 16944.9735
2025-10-07 11:01:46 [INFO] [task_scheduler.cc:131] [Task #0: main] Trial #316: GFLOPs: 13530.1150. Time: 17.0886 us. Best GFLOPs: 16944.9735
2025-10-07 11:01:46 [INFO] [task_scheduler.cc:131] [Task #0: main] Trial #317: GFLOPs: 11604.1046. Time: 19.9249 us. Best GFLOPs: 16944.9735
2025-10-07 11:01:46 [INFO] [task_scheduler.cc:131] [Task #0: main] Trial #318: GFLOPs: 1418.8497. Time: 162.9567 us. Best GFLOPs: 16944.9735
2025-10-07 11:01:46 [INFO] [task_scheduler.cc:131] [Task #0: main] Trial #319: GFLOPs: 829.7864. Time: 278.6392 us. Best GFLOPs: 16944.9735
2025-10-07 11:01:46 [INFO] [task_scheduler.cc:131] [Task #0: main] Trial #320: GFLOPs: 13014.2221. Time: 17.7660 us. Best GFLOPs: 16944.9735
2025-10-07 11:01:46 [INFO] [evolutionary_search.cc:713] Generating candidates......
2025-10-07 11:01:48 [INFO] [evolutionary_search.cc:715] Picked top 102 candidate(s) from database
2025-10-07 11:01:56 [INFO] [evolutionary_search.cc:533] Sample-Init-Population summary:
Postproc #0 [meta_schedule.DisallowDynamicLoop(0x10966348)]: 0 failure(s)
Postproc #1 [meta_schedule.RewriteCooperativeFetch(0x10d195d8)]: 0 failure(s)
Postproc #2 [meta_schedule.RewriteUnboundBlock(0x10b2d658)]: 0 failure(s)
Postproc #3 [meta_schedule.RewriteParallelVectorizeUnroll(0x10c03278)]: 0 failure(s)
Postproc #4 [meta_schedule.RewriteReductionBlock(0x109facd8)]: 0 failure(s)
Postproc #5 [meta_schedule.VerifyGPUCode(0x1082ac68)]: 324 failure(s)
Postproc #6 [meta_schedule.RewriteTensorize(0x109da9c8)]: 0 failure(s)
2025-10-07 11:01:56 [INFO] [evolutionary_search.cc:723] Sampled 86 candidate(s)
2025-10-07 11:02:11 [INFO] [evolutionary_search.cc:621] Evolve iter #0 done. Summary:
Postproc #0 [meta_schedule.DisallowDynamicLoop(0x10966348)]: 0 failure(s)
Postproc #1 [meta_schedule.RewriteCooperativeFetch(0x10d195d8)]: 0 failure(s)
Postproc #2 [meta_schedule.RewriteUnboundBlock(0x10b2d658)]: 0 failure(s)
Postproc #3 [meta_schedule.RewriteParallelVectorizeUnroll(0x10c03278)]: 0 failure(s)
Postproc #4 [meta_schedule.RewriteReductionBlock(0x109facd8)]: 0 failure(s)
Postproc #5 [meta_schedule.VerifyGPUCode(0x1082ac68)]: 141 failure(s)
Postproc #6 [meta_schedule.RewriteTensorize(0x109da9c8)]: 0 failure(s)
2025-10-07 11:02:29 [INFO] [evolutionary_search.cc:621] Evolve iter #1 done. Summary:
Postproc #0 [meta_schedule.DisallowDynamicLoop(0x10966348)]: 0 failure(s)
Postproc #1 [meta_schedule.RewriteCooperativeFetch(0x10d195d8)]: 0 failure(s)
Postproc #2 [meta_schedule.RewriteUnboundBlock(0x10b2d658)]: 0 failure(s)
Postproc #3 [meta_schedule.RewriteParallelVectorizeUnroll(0x10c03278)]: 0 failure(s)
Postproc #4 [meta_schedule.RewriteReductionBlock(0x109facd8)]: 0 failure(s)
Postproc #5 [meta_schedule.VerifyGPUCode(0x1082ac68)]: 149 failure(s)
Postproc #6 [meta_schedule.RewriteTensorize(0x109da9c8)]: 0 failure(s)
2025-10-07 11:02:47 [INFO] [evolutionary_search.cc:621] Evolve iter #2 done. Summary:
Postproc #0 [meta_schedule.DisallowDynamicLoop(0x10966348)]: 0 failure(s)
Postproc #1 [meta_schedule.RewriteCooperativeFetch(0x10d195d8)]: 0 failure(s)
Postproc #2 [meta_schedule.RewriteUnboundBlock(0x10b2d658)]: 0 failure(s)
Postproc #3 [meta_schedule.RewriteParallelVectorizeUnroll(0x10c03278)]: 0 failure(s)
Postproc #4 [meta_schedule.RewriteReductionBlock(0x109facd8)]: 0 failure(s)
Postproc #5 [meta_schedule.VerifyGPUCode(0x1082ac68)]: 127 failure(s)
Postproc #6 [meta_schedule.RewriteTensorize(0x109da9c8)]: 0 failure(s)
2025-10-07 11:03:05 [INFO] [evolutionary_search.cc:621] Evolve iter #3 done. Summary:
Postproc #0 [meta_schedule.DisallowDynamicLoop(0x10966348)]: 0 failure(s)
Postproc #1 [meta_schedule.RewriteCooperativeFetch(0x10d195d8)]: 0 failure(s)
Postproc #2 [meta_schedule.RewriteUnboundBlock(0x10b2d658)]: 0 failure(s)
Postproc #3 [meta_schedule.RewriteParallelVectorizeUnroll(0x10c03278)]: 0 failure(s)
Postproc #4 [meta_schedule.RewriteReductionBlock(0x109facd8)]: 0 failure(s)
Postproc #5 [meta_schedule.VerifyGPUCode(0x1082ac68)]: 129 failure(s)
Postproc #6 [meta_schedule.RewriteTensorize(0x109da9c8)]: 0 failure(s)
2025-10-07 11:03:11 [INFO] [evolutionary_search.cc:649] Scores of the best 64 candidates:
[1 : 16]:	0.9819  0.9791  0.9320  0.9278  0.9133  0.8732  0.8732  0.8574  0.8563  0.8563  0.8413  0.8374  0.8214  0.8214  0.8195  0.8195
[17 : 32]:	0.8195  0.8195  0.8170  0.8169  0.8160  0.8126  0.8126  0.8083  0.7931  0.7904  0.7903  0.7883  0.7861  0.7835  0.7819  0.7819
[33 : 48]:	0.7800  0.7800  0.7786  0.7759  0.7725  0.7717  0.7614  0.7604  0.7604  0.7584  0.7562  0.7559  0.7547  0.7547  0.7498  0.7478
[49 : 64]:	0.7467  0.7467  0.7452  0.7452  0.7432  0.7432  0.7415  0.7408  0.7408  0.7405  0.7388  0.7387  0.7381  0.7369  0.7369  0.7360
2025-10-07 11:03:11 [INFO] [evolutionary_search.cc:727] Got 64 candidate(s) with evolutionary search
2025-10-07 11:03:11 [INFO] [evolutionary_search.cc:730] Sending 64 candidates(s) for measurement
2025-10-07 11:03:44 [INFO] [task_scheduler.cc:131] [Task #0: main] Trial #321: GFLOPs: 15880.3555. Time: 14.5596 us. Best GFLOPs: 16944.9735
2025-10-07 11:03:44 [INFO] [task_scheduler.cc:131] [Task #0: main] Trial #322: GFLOPs: 16926.4498. Time: 13.6597 us. Best GFLOPs: 16944.9735
2025-10-07 11:03:44 [INFO] [task_scheduler.cc:131] [Task #0: main] Trial #323: GFLOPs: 15790.4969. Time: 14.6424 us. Best GFLOPs: 16944.9735
2025-10-07 11:03:44 [INFO] [task_scheduler.cc:131] [Task #0: main] Trial #324: GFLOPs: 15722.5296. Time: 14.7057 us. Best GFLOPs: 16944.9735
2025-10-07 11:03:44 [INFO] [task_scheduler.cc:131] [Task #0: main] Trial #325: GFLOPs: 15218.7741. Time: 15.1925 us. Best GFLOPs: 16944.9735
2025-10-07 11:03:44 [INFO] [task_scheduler.cc:131] [Task #0: main] Trial #326: GFLOPs: 14406.0877. Time: 16.0495 us. Best GFLOPs: 16944.9735
2025-10-07 11:03:44 [INFO] [task_scheduler.cc:131] [Task #0: main] Trial #327: GFLOPs: 14405.6402. Time: 16.0500 us. Best GFLOPs: 16944.9735
2025-10-07 11:03:44 [INFO] [task_scheduler.cc:131] [Task #0: main] Trial #328: GFLOPs: 14709.9559. Time: 15.7180 us. Best GFLOPs: 16944.9735
2025-10-07 11:03:44 [INFO] [task_scheduler.cc:131] [Task #0: main] Trial #329: GFLOPs: 14777.1540. Time: 15.6465 us. Best GFLOPs: 16944.9735
2025-10-07 11:03:44 [INFO] [task_scheduler.cc:131] [Task #0: main] Trial #330: GFLOPs: 14776.8512. Time: 15.6468 us. Best GFLOPs: 16944.9735
2025-10-07 11:03:44 [INFO] [task_scheduler.cc:131] [Task #0: main] Trial #331: GFLOPs: 16477.6472. Time: 14.0318 us. Best GFLOPs: 16944.9735
2025-10-07 11:03:44 [INFO] [task_scheduler.cc:131] [Task #0: main] Trial #332: GFLOPs: 14357.6650. Time: 16.1037 us. Best GFLOPs: 16944.9735
2025-10-07 11:03:44 [INFO] [task_scheduler.cc:131] [Task #0: main] Trial #333: GFLOPs: 11223.8733. Time: 20.5999 us. Best GFLOPs: 16944.9735
2025-10-07 11:03:44 [INFO] [task_scheduler.cc:131] [Task #0: main] Trial #334: GFLOPs: 11222.8671. Time: 20.6018 us. Best GFLOPs: 16944.9735
2025-10-07 11:03:44 [INFO] [task_scheduler.cc:131] [Task #0: main] Trial #335: GFLOPs: 10903.6342. Time: 21.2049 us. Best GFLOPs: 16944.9735
2025-10-07 11:03:44 [INFO] [task_scheduler.cc:131] [Task #0: main] Trial #336: GFLOPs: 10904.1394. Time: 21.2040 us. Best GFLOPs: 16944.9735
2025-10-07 11:03:44 [INFO] [task_scheduler.cc:131] [Task #0: main] Trial #337: GFLOPs: 10894.8951. Time: 21.2220 us. Best GFLOPs: 16944.9735
2025-10-07 11:03:44 [INFO] [task_scheduler.cc:131] [Task #0: main] Trial #338: GFLOPs: 14075.7202. Time: 16.4262 us. Best GFLOPs: 16944.9735
2025-10-07 11:03:44 [INFO] [task_scheduler.cc:131] [Task #0: main] Trial #339: GFLOPs: 11202.2449. Time: 20.6397 us. Best GFLOPs: 16944.9735
2025-10-07 11:03:44 [INFO] [task_scheduler.cc:131] [Task #0: main] Trial #340: GFLOPs: 15576.8189. Time: 14.8433 us. Best GFLOPs: 16944.9735
2025-10-07 11:03:44 [INFO] [task_scheduler.cc:131] [Task #0: main] Trial #341: GFLOPs: 15576.8189. Time: 14.8433 us. Best GFLOPs: 16944.9735
2025-10-07 11:03:44 [INFO] [task_scheduler.cc:131] [Task #0: main] Trial #342: GFLOPs: 15450.2951. Time: 14.9648 us. Best GFLOPs: 16944.9735
2025-10-07 11:03:44 [INFO] [task_scheduler.cc:131] [Task #0: main] Trial #343: GFLOPs: 15450.1681. Time: 14.9650 us. Best GFLOPs: 16944.9735
2025-10-07 11:03:44 [INFO] [task_scheduler.cc:131] [Task #0: main] Trial #344: GFLOPs: 15568.3765. Time: 14.8513 us. Best GFLOPs: 16944.9735
2025-10-07 11:03:44 [INFO] [task_scheduler.cc:131] [Task #0: main] Trial #345: GFLOPs: 12911.5730. Time: 17.9073 us. Best GFLOPs: 16944.9735
2025-10-07 11:03:44 [INFO] [task_scheduler.cc:131] [Task #0: main] Trial #346: GFLOPs: 13755.6633. Time: 16.8084 us. Best GFLOPs: 16944.9735
2025-10-07 11:03:44 [INFO] [task_scheduler.cc:131] [Task #0: main] Trial #347: GFLOPs: 12808.4240. Time: 18.0515 us. Best GFLOPs: 16944.9735
2025-10-07 11:03:44 [INFO] [task_scheduler.cc:131] [Task #0: main] Trial #348: GFLOPs: 15091.3884. Time: 15.3207 us. Best GFLOPs: 16944.9735
2025-10-07 11:03:44 [INFO] [task_scheduler.cc:131] [Task #0: main] Trial #349: GFLOPs: 12732.1200. Time: 18.1597 us. Best GFLOPs: 16944.9735
2025-10-07 11:03:44 [INFO] [task_scheduler.cc:131] [Task #0: main] Trial #350: GFLOPs: 13390.1325. Time: 17.2673 us. Best GFLOPs: 16944.9735
2025-10-07 11:03:44 [INFO] [task_scheduler.cc:131] [Task #0: main] Trial #351: GFLOPs: 10862.4968. Time: 21.2853 us. Best GFLOPs: 16944.9735
2025-10-07 11:03:44 [INFO] [task_scheduler.cc:131] [Task #0: main] Trial #352: GFLOPs: 10861.1687. Time: 21.2879 us. Best GFLOPs: 16944.9735
2025-10-07 11:03:44 [INFO] [task_scheduler.cc:131] [Task #0: main] Trial #353: GFLOPs: 3253.5001. Time: 71.0653 us. Best GFLOPs: 16944.9735
2025-10-07 11:03:44 [INFO] [task_scheduler.cc:131] [Task #0: main] Trial #354: GFLOPs: 10142.6676. Time: 22.7959 us. Best GFLOPs: 16944.9735
2025-10-07 11:03:44 [INFO] [task_scheduler.cc:131] [Task #0: main] Trial #355: GFLOPs: 12678.9530. Time: 18.2358 us. Best GFLOPs: 16944.9735
2025-10-07 11:03:44 [INFO] [task_scheduler.cc:131] [Task #0: main] Trial #356: GFLOPs: 12621.8586. Time: 18.3183 us. Best GFLOPs: 16944.9735
2025-10-07 11:03:44 [INFO] [task_scheduler.cc:131] [Task #0: main] Trial #357: GFLOPs: 13593.7414. Time: 17.0086 us. Best GFLOPs: 16944.9735
2025-10-07 11:03:44 [INFO] [task_scheduler.cc:131] [Task #0: main] Trial #358: GFLOPs: 13106.2783. Time: 17.6412 us. Best GFLOPs: 16944.9735
2025-10-07 11:03:44 [INFO] [task_scheduler.cc:131] [Task #0: main] Trial #359: GFLOPs: 11406.2390. Time: 20.2706 us. Best GFLOPs: 16944.9735
2025-10-07 11:03:44 [INFO] [task_scheduler.cc:131] [Task #0: main] Trial #360: GFLOPs: 8794.9647. Time: 26.2890 us. Best GFLOPs: 16944.9735
2025-10-07 11:03:44 [INFO] [task_scheduler.cc:131] [Task #0: main] Trial #361: GFLOPs: 8964.5646. Time: 25.7917 us. Best GFLOPs: 16944.9735
2025-10-07 11:03:44 [INFO] [task_scheduler.cc:131] [Task #0: main] Trial #362: GFLOPs: 8673.6691. Time: 26.6567 us. Best GFLOPs: 16944.9735
2025-10-07 11:03:44 [INFO] [task_scheduler.cc:131] [Task #0: main] Trial #363: GFLOPs: 12495.6591. Time: 18.5033 us. Best GFLOPs: 16944.9735
2025-10-07 11:03:44 [INFO] [task_scheduler.cc:131] [Task #0: main] Trial #364: GFLOPs: 8923.5279. Time: 25.9103 us. Best GFLOPs: 16944.9735
2025-10-07 11:03:44 [INFO] [task_scheduler.cc:131] [Task #0: main] Trial #365: GFLOPs: 13070.4542. Time: 17.6896 us. Best GFLOPs: 16944.9735
2025-10-07 11:03:44 [INFO] [task_scheduler.cc:131] [Task #0: main] Trial #366: GFLOPs: 13070.9893. Time: 17.6889 us. Best GFLOPs: 16944.9735
2025-10-07 11:03:44 [INFO] [task_scheduler.cc:131] [Task #0: main] Trial #367: GFLOPs: 12408.4733. Time: 18.6333 us. Best GFLOPs: 16944.9735
2025-10-07 11:03:44 [INFO] [task_scheduler.cc:131] [Task #0: main] Trial #368: GFLOPs: 11804.7628. Time: 19.5862 us. Best GFLOPs: 16944.9735
2025-10-07 11:03:44 [INFO] [task_scheduler.cc:131] [Task #0: main] Trial #369: GFLOPs: 11762.3155. Time: 19.6569 us. Best GFLOPs: 16944.9735
2025-10-07 11:03:44 [INFO] [task_scheduler.cc:131] [Task #0: main] Trial #370: GFLOPs: 11760.5585. Time: 19.6599 us. Best GFLOPs: 16944.9735
2025-10-07 11:03:44 [INFO] [task_scheduler.cc:131] [Task #0: main] Trial #371: GFLOPs: 12705.2903. Time: 18.1980 us. Best GFLOPs: 16944.9735
2025-10-07 11:03:44 [INFO] [task_scheduler.cc:131] [Task #0: main] Trial #372: GFLOPs: 12706.3725. Time: 18.1965 us. Best GFLOPs: 16944.9735
2025-10-07 11:03:44 [INFO] [task_scheduler.cc:131] [Task #0: main] Trial #373: GFLOPs: 16514.9394. Time: 14.0001 us. Best GFLOPs: 16944.9735
2025-10-07 11:03:44 [INFO] [task_scheduler.cc:131] [Task #0: main] Trial #374: GFLOPs: 16514.8255. Time: 14.0002 us. Best GFLOPs: 16944.9735
2025-10-07 11:03:44 [INFO] [task_scheduler.cc:131] [Task #0: main] Trial #375: GFLOPs: 15874.7288. Time: 14.5647 us. Best GFLOPs: 16944.9735
2025-10-07 11:03:44 [INFO] [task_scheduler.cc:131] [Task #0: main] Trial #376: GFLOPs: 11637.8397. Time: 19.8672 us. Best GFLOPs: 16944.9735
2025-10-07 11:03:44 [INFO] [task_scheduler.cc:131] [Task #0: main] Trial #377: GFLOPs: 11638.1857. Time: 19.8666 us. Best GFLOPs: 16944.9735
2025-10-07 11:03:44 [INFO] [task_scheduler.cc:131] [Task #0: main] Trial #378: GFLOPs: 11468.0502. Time: 20.1613 us. Best GFLOPs: 16944.9735
2025-10-07 11:03:44 [INFO] [task_scheduler.cc:131] [Task #0: main] Trial #379: GFLOPs: 16193.1728. Time: 14.2783 us. Best GFLOPs: 16944.9735
2025-10-07 11:03:44 [INFO] [task_scheduler.cc:131] [Task #0: main] Trial #380: GFLOPs: 16781.1363. Time: 13.7780 us. Best GFLOPs: 16944.9735
2025-10-07 11:03:44 [INFO] [task_scheduler.cc:131] [Task #0: main] Trial #381: GFLOPs: 13454.7135. Time: 17.1844 us. Best GFLOPs: 16944.9735
2025-10-07 11:03:44 [INFO] [task_scheduler.cc:131] [Task #0: main] Trial #382: GFLOPs: 598.1860. Time: 386.5202 us. Best GFLOPs: 16944.9735
2025-10-07 11:03:44 [INFO] [task_scheduler.cc:131] [Task #0: main] Trial #383: GFLOPs: 849.4217. Time: 272.1981 us. Best GFLOPs: 16944.9735
2025-10-07 11:03:44 [INFO] [task_scheduler.cc:131] [Task #0: main] Trial #384: GFLOPs: 2439.0603. Time: 94.7951 us. Best GFLOPs: 16944.9735
2025-10-07 11:03:44 [INFO] [evolutionary_search.cc:713] Generating candidates......
2025-10-07 11:03:46 [INFO] [evolutionary_search.cc:715] Picked top 102 candidate(s) from database
2025-10-07 11:03:54 [INFO] [evolutionary_search.cc:533] Sample-Init-Population summary:
Postproc #0 [meta_schedule.DisallowDynamicLoop(0x10966348)]: 0 failure(s)
Postproc #1 [meta_schedule.RewriteCooperativeFetch(0x10d195d8)]: 0 failure(s)
Postproc #2 [meta_schedule.RewriteUnboundBlock(0x10b2d658)]: 0 failure(s)
Postproc #3 [meta_schedule.RewriteParallelVectorizeUnroll(0x10c03278)]: 0 failure(s)
Postproc #4 [meta_schedule.RewriteReductionBlock(0x109facd8)]: 0 failure(s)
Postproc #5 [meta_schedule.VerifyGPUCode(0x1082ac68)]: 346 failure(s)
Postproc #6 [meta_schedule.RewriteTensorize(0x109da9c8)]: 0 failure(s)
2025-10-07 11:03:54 [INFO] [evolutionary_search.cc:723] Sampled 64 candidate(s)
2025-10-07 11:04:08 [INFO] [evolutionary_search.cc:621] Evolve iter #0 done. Summary:
Postproc #0 [meta_schedule.DisallowDynamicLoop(0x10966348)]: 0 failure(s)
Postproc #1 [meta_schedule.RewriteCooperativeFetch(0x10d195d8)]: 0 failure(s)
Postproc #2 [meta_schedule.RewriteUnboundBlock(0x10b2d658)]: 0 failure(s)
Postproc #3 [meta_schedule.RewriteParallelVectorizeUnroll(0x10c03278)]: 0 failure(s)
Postproc #4 [meta_schedule.RewriteReductionBlock(0x109facd8)]: 0 failure(s)
Postproc #5 [meta_schedule.VerifyGPUCode(0x1082ac68)]: 121 failure(s)
Postproc #6 [meta_schedule.RewriteTensorize(0x109da9c8)]: 0 failure(s)
2025-10-07 11:04:25 [INFO] [evolutionary_search.cc:621] Evolve iter #1 done. Summary:
Postproc #0 [meta_schedule.DisallowDynamicLoop(0x10966348)]: 0 failure(s)
Postproc #1 [meta_schedule.RewriteCooperativeFetch(0x10d195d8)]: 0 failure(s)
Postproc #2 [meta_schedule.RewriteUnboundBlock(0x10b2d658)]: 0 failure(s)
Postproc #3 [meta_schedule.RewriteParallelVectorizeUnroll(0x10c03278)]: 0 failure(s)
Postproc #4 [meta_schedule.RewriteReductionBlock(0x109facd8)]: 0 failure(s)
Postproc #5 [meta_schedule.VerifyGPUCode(0x1082ac68)]: 99 failure(s)
Postproc #6 [meta_schedule.RewriteTensorize(0x109da9c8)]: 0 failure(s)
2025-10-07 11:04:43 [INFO] [evolutionary_search.cc:621] Evolve iter #2 done. Summary:
Postproc #0 [meta_schedule.DisallowDynamicLoop(0x10966348)]: 0 failure(s)
Postproc #1 [meta_schedule.RewriteCooperativeFetch(0x10d195d8)]: 0 failure(s)
Postproc #2 [meta_schedule.RewriteUnboundBlock(0x10b2d658)]: 0 failure(s)
Postproc #3 [meta_schedule.RewriteParallelVectorizeUnroll(0x10c03278)]: 0 failure(s)
Postproc #4 [meta_schedule.RewriteReductionBlock(0x109facd8)]: 0 failure(s)
Postproc #5 [meta_schedule.VerifyGPUCode(0x1082ac68)]: 110 failure(s)
Postproc #6 [meta_schedule.RewriteTensorize(0x109da9c8)]: 0 failure(s)
2025-10-07 11:05:02 [INFO] [evolutionary_search.cc:621] Evolve iter #3 done. Summary:
Postproc #0 [meta_schedule.DisallowDynamicLoop(0x10966348)]: 0 failure(s)
Postproc #1 [meta_schedule.RewriteCooperativeFetch(0x10d195d8)]: 0 failure(s)
Postproc #2 [meta_schedule.RewriteUnboundBlock(0x10b2d658)]: 0 failure(s)
Postproc #3 [meta_schedule.RewriteParallelVectorizeUnroll(0x10c03278)]: 0 failure(s)
Postproc #4 [meta_schedule.RewriteReductionBlock(0x109facd8)]: 0 failure(s)
Postproc #5 [meta_schedule.VerifyGPUCode(0x1082ac68)]: 135 failure(s)
Postproc #6 [meta_schedule.RewriteTensorize(0x109da9c8)]: 0 failure(s)
2025-10-07 11:05:08 [INFO] [evolutionary_search.cc:649] Scores of the best 64 candidates:
[1 : 16]:	0.9917  0.9685  0.9685  0.9566  0.9566  0.9556  0.9549  0.9516  0.9513  0.9506  0.9506  0.9506  0.9451  0.9394  0.9389  0.9389
[17 : 32]:	0.9389  0.9345  0.9334  0.9332  0.9276  0.9270  0.9270  0.9244  0.9210  0.9210  0.9205  0.9171  0.9171  0.9162  0.9155  0.9126
[33 : 48]:	0.9102  0.9100  0.8994  0.8993  0.8993  0.8939  0.8932  0.8932  0.8925  0.8925  0.8900  0.8900  0.8820  0.8812  0.8809  0.8809
[49 : 64]:	0.8794  0.8768  0.8768  0.8751  0.8712  0.8709  0.8702  0.8663  0.8660  0.8657  0.8656  0.8619  0.8618  0.8556  0.8538  0.8516
2025-10-07 11:05:08 [INFO] [evolutionary_search.cc:727] Got 64 candidate(s) with evolutionary search
2025-10-07 11:05:08 [INFO] [evolutionary_search.cc:730] Sending 64 candidates(s) for measurement
2025-10-07 11:05:39 [INFO] [task_scheduler.cc:131] [Task #0: main] Trial #385: GFLOPs: 16108.7723. Time: 14.3531 us. Best GFLOPs: 16944.9735
2025-10-07 11:05:39 [INFO] [task_scheduler.cc:131] [Task #0: main] Trial #386: GFLOPs: 16484.6224. Time: 14.0259 us. Best GFLOPs: 16944.9735
2025-10-07 11:05:39 [INFO] [task_scheduler.cc:131] [Task #0: main] Trial #387: GFLOPs: 16483.1273. Time: 14.0271 us. Best GFLOPs: 16944.9735
2025-10-07 11:05:39 [INFO] [task_scheduler.cc:131] [Task #0: main] Trial #388: GFLOPs: 15730.3246. Time: 14.6984 us. Best GFLOPs: 16944.9735
2025-10-07 11:05:39 [INFO] [task_scheduler.cc:131] [Task #0: main] Trial #389: GFLOPs: 15731.3446. Time: 14.6975 us. Best GFLOPs: 16944.9735
2025-10-07 11:05:39 [INFO] [task_scheduler.cc:131] [Task #0: main] Trial #390: GFLOPs: 16517.0840. Time: 13.9983 us. Best GFLOPs: 16944.9735
2025-10-07 11:05:39 [INFO] [task_scheduler.cc:131] [Task #0: main] Trial #391: GFLOPs: 16198.3301. Time: 14.2738 us. Best GFLOPs: 16944.9735
2025-10-07 11:05:39 [INFO] [task_scheduler.cc:131] [Task #0: main] Trial #392: GFLOPs: 17111.3395. Time: 13.5122 us. Best GFLOPs: 17111.3395
2025-10-07 11:05:39 [INFO] [task_scheduler.cc:131] [Task #0: main] Trial #393: GFLOPs: 15472.9522. Time: 14.9429 us. Best GFLOPs: 17111.3395
2025-10-07 11:05:39 [INFO] [task_scheduler.cc:131] [Task #0: main] Trial #394: GFLOPs: 16495.1517. Time: 14.0169 us. Best GFLOPs: 17111.3395
2025-10-07 11:05:39 [INFO] [task_scheduler.cc:131] [Task #0: main] Trial #395: GFLOPs: 16494.7893. Time: 14.0172 us. Best GFLOPs: 17111.3395
2025-10-07 11:05:39 [INFO] [task_scheduler.cc:131] [Task #0: main] Trial #396: GFLOPs: 15822.2471. Time: 14.6130 us. Best GFLOPs: 17111.3395
2025-10-07 11:05:39 [INFO] [task_scheduler.cc:131] [Task #0: main] Trial #397: GFLOPs: 16446.4306. Time: 14.0584 us. Best GFLOPs: 17111.3395
2025-10-07 11:05:39 [INFO] [task_scheduler.cc:131] [Task #0: main] Trial #398: GFLOPs: 15794.3386. Time: 14.6389 us. Best GFLOPs: 17111.3395
2025-10-07 11:05:39 [INFO] [task_scheduler.cc:131] [Task #0: main] Trial #399: GFLOPs: 16210.1685. Time: 14.2633 us. Best GFLOPs: 17111.3395
2025-10-07 11:05:39 [INFO] [task_scheduler.cc:131] [Task #0: main] Trial #400: GFLOPs: 14896.9755. Time: 15.5207 us. Best GFLOPs: 17111.3395
2025-10-07 11:05:39 [INFO] [task_scheduler.cc:131] [Task #0: main] Trial #401: GFLOPs: 15105.8245. Time: 15.3061 us. Best GFLOPs: 17111.3395
2025-10-07 11:05:39 [INFO] [task_scheduler.cc:131] [Task #0: main] Trial #402: GFLOPs: 15512.0909. Time: 14.9052 us. Best GFLOPs: 17111.3395
2025-10-07 11:05:39 [INFO] [task_scheduler.cc:131] [Task #0: main] Trial #403: GFLOPs: 16069.6945. Time: 14.3880 us. Best GFLOPs: 17111.3395
2025-10-07 11:05:39 [INFO] [task_scheduler.cc:131] [Task #0: main] Trial #404: GFLOPs: 15424.2831. Time: 14.9901 us. Best GFLOPs: 17111.3395
2025-10-07 11:05:39 [INFO] [task_scheduler.cc:131] [Task #0: main] Trial #405: GFLOPs: 16508.6065. Time: 14.0055 us. Best GFLOPs: 17111.3395
2025-10-07 11:05:39 [INFO] [task_scheduler.cc:131] [Task #0: main] Trial #406: GFLOPs: 15837.3701. Time: 14.5991 us. Best GFLOPs: 17111.3395
2025-10-07 11:05:39 [INFO] [task_scheduler.cc:131] [Task #0: main] Trial #407: GFLOPs: 15839.3981. Time: 14.5972 us. Best GFLOPs: 17111.3395
2025-10-07 11:05:39 [INFO] [task_scheduler.cc:131] [Task #0: main] Trial #408: GFLOPs: 15519.4919. Time: 14.8981 us. Best GFLOPs: 17111.3395
2025-10-07 11:05:39 [INFO] [task_scheduler.cc:131] [Task #0: main] Trial #409: GFLOPs: 14784.9911. Time: 15.6382 us. Best GFLOPs: 17111.3395
2025-10-07 11:05:39 [INFO] [task_scheduler.cc:131] [Task #0: main] Trial #410: GFLOPs: 14923.6121. Time: 15.4930 us. Best GFLOPs: 17111.3395
2025-10-07 11:05:39 [INFO] [task_scheduler.cc:131] [Task #0: main] Trial #411: GFLOPs: 15819.3610. Time: 14.6157 us. Best GFLOPs: 17111.3395
2025-10-07 11:05:39 [INFO] [task_scheduler.cc:131] [Task #0: main] Trial #412: GFLOPs: 15516.9316. Time: 14.9006 us. Best GFLOPs: 17111.3395
2025-10-07 11:05:39 [INFO] [task_scheduler.cc:131] [Task #0: main] Trial #413: GFLOPs: 15517.5701. Time: 14.8999 us. Best GFLOPs: 17111.3395
2025-10-07 11:05:39 [INFO] [task_scheduler.cc:131] [Task #0: main] Trial #414: GFLOPs: 16598.7940. Time: 13.9294 us. Best GFLOPs: 17111.3395
2025-10-07 11:05:39 [INFO] [task_scheduler.cc:131] [Task #0: main] Trial #415: GFLOPs: 15652.0556. Time: 14.7719 us. Best GFLOPs: 17111.3395
2025-10-07 11:05:39 [INFO] [task_scheduler.cc:131] [Task #0: main] Trial #416: GFLOPs: 12773.4365. Time: 18.1009 us. Best GFLOPs: 17111.3395
2025-10-07 11:05:39 [INFO] [task_scheduler.cc:131] [Task #0: main] Trial #417: GFLOPs: 16925.4321. Time: 13.6606 us. Best GFLOPs: 17111.3395
2025-10-07 11:05:39 [INFO] [task_scheduler.cc:131] [Task #0: main] Trial #418: GFLOPs: 15522.1858. Time: 14.8955 us. Best GFLOPs: 17111.3395
2025-10-07 11:05:39 [INFO] [task_scheduler.cc:131] [Task #0: main] Trial #419: GFLOPs: 15146.9003. Time: 15.2646 us. Best GFLOPs: 17111.3395
2025-10-07 11:05:39 [INFO] [task_scheduler.cc:131] [Task #0: main] Trial #420: GFLOPs: 16114.5282. Time: 14.3480 us. Best GFLOPs: 17111.3395
2025-10-07 11:05:39 [INFO] [task_scheduler.cc:131] [Task #0: main] Trial #421: GFLOPs: 16110.2919. Time: 14.3518 us. Best GFLOPs: 17111.3395
2025-10-07 11:05:39 [INFO] [task_scheduler.cc:131] [Task #0: main] Trial #422: GFLOPs: 15081.5560. Time: 15.3307 us. Best GFLOPs: 17111.3395
2025-10-07 11:05:39 [INFO] [task_scheduler.cc:131] [Task #0: main] Trial #423: GFLOPs: 15650.3660. Time: 14.7735 us. Best GFLOPs: 17111.3395
2025-10-07 11:05:39 [INFO] [task_scheduler.cc:131] [Task #0: main] Trial #424: GFLOPs: 15650.7533. Time: 14.7732 us. Best GFLOPs: 17111.3395
2025-10-07 11:05:39 [INFO] [task_scheduler.cc:131] [Task #0: main] Trial #425: GFLOPs: 15925.4755. Time: 14.5183 us. Best GFLOPs: 17111.3395
2025-10-07 11:05:39 [INFO] [task_scheduler.cc:131] [Task #0: main] Trial #426: GFLOPs: 15946.0296. Time: 14.4996 us. Best GFLOPs: 17111.3395
2025-10-07 11:05:39 [INFO] [task_scheduler.cc:131] [Task #0: main] Trial #427: GFLOPs: 15651.5398. Time: 14.7724 us. Best GFLOPs: 17111.3395
2025-10-07 11:05:39 [INFO] [task_scheduler.cc:131] [Task #0: main] Trial #428: GFLOPs: 15648.9175. Time: 14.7749 us. Best GFLOPs: 17111.3395
2025-10-07 11:05:39 [INFO] [task_scheduler.cc:131] [Task #0: main] Trial #429: GFLOPs: 15653.5595. Time: 14.7705 us. Best GFLOPs: 17111.3395
2025-10-07 11:05:39 [INFO] [task_scheduler.cc:131] [Task #0: main] Trial #430: GFLOPs: 14727.9510. Time: 15.6988 us. Best GFLOPs: 17111.3395
2025-10-07 11:05:39 [INFO] [task_scheduler.cc:131] [Task #0: main] Trial #431: GFLOPs: 15206.9871. Time: 15.2043 us. Best GFLOPs: 17111.3395
2025-10-07 11:05:39 [INFO] [task_scheduler.cc:131] [Task #0: main] Trial #432: GFLOPs: 15207.3003. Time: 15.2039 us. Best GFLOPs: 17111.3395
2025-10-07 11:05:39 [INFO] [task_scheduler.cc:131] [Task #0: main] Trial #433: GFLOPs: 13952.8023. Time: 16.5709 us. Best GFLOPs: 17111.3395
2025-10-07 11:05:39 [INFO] [task_scheduler.cc:131] [Task #0: main] Trial #434: GFLOPs: 14642.5953. Time: 15.7903 us. Best GFLOPs: 17111.3395
2025-10-07 11:05:39 [INFO] [task_scheduler.cc:131] [Task #0: main] Trial #435: GFLOPs: 14642.2944. Time: 15.7906 us. Best GFLOPs: 17111.3395
2025-10-07 11:05:39 [INFO] [task_scheduler.cc:131] [Task #0: main] Trial #436: GFLOPs: 14811.0376. Time: 15.6107 us. Best GFLOPs: 17111.3395
2025-10-07 11:05:39 [INFO] [task_scheduler.cc:131] [Task #0: main] Trial #437: GFLOPs: 14523.7429. Time: 15.9195 us. Best GFLOPs: 17111.3395
2025-10-07 11:05:39 [INFO] [task_scheduler.cc:131] [Task #0: main] Trial #438: GFLOPs: 13220.6772. Time: 17.4886 us. Best GFLOPs: 17111.3395
2025-10-07 11:05:39 [INFO] [task_scheduler.cc:131] [Task #0: main] Trial #439: GFLOPs: 13342.2066. Time: 17.3293 us. Best GFLOPs: 17111.3395
2025-10-07 11:05:39 [INFO] [task_scheduler.cc:131] [Task #0: main] Trial #440: GFLOPs: 15127.1206. Time: 15.2845 us. Best GFLOPs: 17111.3395
2025-10-07 11:05:39 [INFO] [task_scheduler.cc:131] [Task #0: main] Trial #441: GFLOPs: 14068.7912. Time: 16.4343 us. Best GFLOPs: 17111.3395
2025-10-07 11:05:39 [INFO] [task_scheduler.cc:131] [Task #0: main] Trial #442: GFLOPs: 14450.8931. Time: 15.9998 us. Best GFLOPs: 17111.3395
2025-10-07 11:05:39 [INFO] [task_scheduler.cc:131] [Task #0: main] Trial #443: GFLOPs: 13313.7232. Time: 17.3664 us. Best GFLOPs: 17111.3395
2025-10-07 11:05:39 [INFO] [task_scheduler.cc:131] [Task #0: main] Trial #444: GFLOPs: 15873.1887. Time: 14.5661 us. Best GFLOPs: 17111.3395
2025-10-07 11:05:39 [INFO] [task_scheduler.cc:131] [Task #0: main] Trial #445: GFLOPs: 14640.8340. Time: 15.7922 us. Best GFLOPs: 17111.3395
2025-10-07 11:05:39 [INFO] [task_scheduler.cc:131] [Task #0: main] Trial #446: GFLOPs: 1444.0570. Time: 160.1121 us. Best GFLOPs: 17111.3395
2025-10-07 11:05:39 [INFO] [task_scheduler.cc:131] [Task #0: main] Trial #447: GFLOPs: 1455.2408. Time: 158.8816 us. Best GFLOPs: 17111.3395
2025-10-07 11:05:39 [INFO] [task_scheduler.cc:131] [Task #0: main] Trial #448: GFLOPs: 754.4030. Time: 306.4821 us. Best GFLOPs: 17111.3395
2025-10-07 11:05:39 [INFO] [evolutionary_search.cc:713] Generating candidates......
2025-10-07 11:05:41 [INFO] [evolutionary_search.cc:715] Picked top 102 candidate(s) from database
2025-10-07 11:05:49 [INFO] [evolutionary_search.cc:533] Sample-Init-Population summary:
Postproc #0 [meta_schedule.DisallowDynamicLoop(0x10966348)]: 0 failure(s)
Postproc #1 [meta_schedule.RewriteCooperativeFetch(0x10d195d8)]: 0 failure(s)
Postproc #2 [meta_schedule.RewriteUnboundBlock(0x10b2d658)]: 0 failure(s)
Postproc #3 [meta_schedule.RewriteParallelVectorizeUnroll(0x10c03278)]: 0 failure(s)
Postproc #4 [meta_schedule.RewriteReductionBlock(0x109facd8)]: 0 failure(s)
Postproc #5 [meta_schedule.VerifyGPUCode(0x1082ac68)]: 333 failure(s)
Postproc #6 [meta_schedule.RewriteTensorize(0x109da9c8)]: 0 failure(s)
2025-10-07 11:05:49 [INFO] [evolutionary_search.cc:723] Sampled 77 candidate(s)
2025-10-07 11:06:03 [INFO] [evolutionary_search.cc:621] Evolve iter #0 done. Summary:
Postproc #0 [meta_schedule.DisallowDynamicLoop(0x10966348)]: 0 failure(s)
Postproc #1 [meta_schedule.RewriteCooperativeFetch(0x10d195d8)]: 0 failure(s)
Postproc #2 [meta_schedule.RewriteUnboundBlock(0x10b2d658)]: 0 failure(s)
Postproc #3 [meta_schedule.RewriteParallelVectorizeUnroll(0x10c03278)]: 0 failure(s)
Postproc #4 [meta_schedule.RewriteReductionBlock(0x109facd8)]: 0 failure(s)
Postproc #5 [meta_schedule.VerifyGPUCode(0x1082ac68)]: 127 failure(s)
Postproc #6 [meta_schedule.RewriteTensorize(0x109da9c8)]: 0 failure(s)
2025-10-07 11:06:21 [INFO] [evolutionary_search.cc:621] Evolve iter #1 done. Summary:
Postproc #0 [meta_schedule.DisallowDynamicLoop(0x10966348)]: 0 failure(s)
Postproc #1 [meta_schedule.RewriteCooperativeFetch(0x10d195d8)]: 0 failure(s)
Postproc #2 [meta_schedule.RewriteUnboundBlock(0x10b2d658)]: 0 failure(s)
Postproc #3 [meta_schedule.RewriteParallelVectorizeUnroll(0x10c03278)]: 0 failure(s)
Postproc #4 [meta_schedule.RewriteReductionBlock(0x109facd8)]: 0 failure(s)
Postproc #5 [meta_schedule.VerifyGPUCode(0x1082ac68)]: 113 failure(s)
Postproc #6 [meta_schedule.RewriteTensorize(0x109da9c8)]: 0 failure(s)
2025-10-07 11:06:40 [INFO] [evolutionary_search.cc:621] Evolve iter #2 done. Summary:
Postproc #0 [meta_schedule.DisallowDynamicLoop(0x10966348)]: 0 failure(s)
Postproc #1 [meta_schedule.RewriteCooperativeFetch(0x10d195d8)]: 0 failure(s)
Postproc #2 [meta_schedule.RewriteUnboundBlock(0x10b2d658)]: 0 failure(s)
Postproc #3 [meta_schedule.RewriteParallelVectorizeUnroll(0x10c03278)]: 0 failure(s)
Postproc #4 [meta_schedule.RewriteReductionBlock(0x109facd8)]: 0 failure(s)
Postproc #5 [meta_schedule.VerifyGPUCode(0x1082ac68)]: 135 failure(s)
Postproc #6 [meta_schedule.RewriteTensorize(0x109da9c8)]: 0 failure(s)
2025-10-07 11:06:58 [INFO] [evolutionary_search.cc:621] Evolve iter #3 done. Summary:
Postproc #0 [meta_schedule.DisallowDynamicLoop(0x10966348)]: 0 failure(s)
Postproc #1 [meta_schedule.RewriteCooperativeFetch(0x10d195d8)]: 0 failure(s)
Postproc #2 [meta_schedule.RewriteUnboundBlock(0x10b2d658)]: 0 failure(s)
Postproc #3 [meta_schedule.RewriteParallelVectorizeUnroll(0x10c03278)]: 0 failure(s)
Postproc #4 [meta_schedule.RewriteReductionBlock(0x109facd8)]: 0 failure(s)
Postproc #5 [meta_schedule.VerifyGPUCode(0x1082ac68)]: 118 failure(s)
Postproc #6 [meta_schedule.RewriteTensorize(0x109da9c8)]: 0 failure(s)
2025-10-07 11:07:04 [INFO] [evolutionary_search.cc:649] Scores of the best 64 candidates:
[1 : 16]:	0.9684  0.9529  0.9496  0.9418  0.9380  0.9363  0.9361  0.9345  0.9336  0.9307  0.9283  0.9283  0.9254  0.9242  0.9242  0.9230
[17 : 32]:	0.9217  0.9201  0.9201  0.9198  0.9172  0.9172  0.9147  0.9147  0.9112  0.9066  0.9042  0.9042  0.9041  0.9041  0.9033  0.9016
[33 : 48]:	0.8980  0.8963  0.8878  0.8878  0.8867  0.8863  0.8847  0.8708  0.8640  0.8640  0.8632  0.8587  0.8580  0.8579  0.8558  0.8537
[49 : 64]:	0.8537  0.8494  0.8477  0.8466  0.8463  0.8463  0.8463  0.8456  0.8454  0.8454  0.8448  0.8448  0.8448  0.8439  0.8439  0.8431
2025-10-07 11:07:04 [INFO] [evolutionary_search.cc:727] Got 64 candidate(s) with evolutionary search
2025-10-07 11:07:04 [INFO] [evolutionary_search.cc:730] Sending 64 candidates(s) for measurement
2025-10-07 11:07:36 [INFO] [task_scheduler.cc:131] [Task #0: main] Trial #449: GFLOPs: 15893.8077. Time: 14.5472 us. Best GFLOPs: 17111.3395
2025-10-07 11:07:36 [INFO] [task_scheduler.cc:131] [Task #0: main] Trial #450: GFLOPs: 16816.6848. Time: 13.7489 us. Best GFLOPs: 17111.3395
2025-10-07 11:07:36 [INFO] [task_scheduler.cc:131] [Task #0: main] Trial #451: GFLOPs: 16510.6836. Time: 14.0037 us. Best GFLOPs: 17111.3395
2025-10-07 11:07:36 [INFO] [task_scheduler.cc:131] [Task #0: main] Trial #452: GFLOPs: 16242.2354. Time: 14.2352 us. Best GFLOPs: 17111.3395
2025-10-07 11:07:36 [INFO] [task_scheduler.cc:131] [Task #0: main] Trial #453: GFLOPs: 16116.5919. Time: 14.3461 us. Best GFLOPs: 17111.3395
2025-10-07 11:07:36 [INFO] [task_scheduler.cc:131] [Task #0: main] Trial #454: GFLOPs: 16157.5446. Time: 14.3098 us. Best GFLOPs: 17111.3395
2025-10-07 11:07:36 [INFO] [task_scheduler.cc:131] [Task #0: main] Trial #455: GFLOPs: 16521.7495. Time: 13.9943 us. Best GFLOPs: 17111.3395
2025-10-07 11:07:36 [INFO] [task_scheduler.cc:131] [Task #0: main] Trial #456: GFLOPs: 16794.1213. Time: 13.7674 us. Best GFLOPs: 17111.3395
2025-10-07 11:07:36 [INFO] [task_scheduler.cc:131] [Task #0: main] Trial #457: GFLOPs: 16494.7030. Time: 14.0173 us. Best GFLOPs: 17111.3395
2025-10-07 11:07:36 [INFO] [task_scheduler.cc:131] [Task #0: main] Trial #458: GFLOPs: 15462.2513. Time: 14.9533 us. Best GFLOPs: 17111.3395
2025-10-07 11:07:36 [INFO] [task_scheduler.cc:131] [Task #0: main] Trial #459: GFLOPs: 17354.7706. Time: 13.3226 us. Best GFLOPs: 17354.7706
2025-10-07 11:07:36 [INFO] [task_scheduler.cc:131] [Task #0: main] Trial #460: GFLOPs: 15870.3936. Time: 14.5687 us. Best GFLOPs: 17354.7706
2025-10-07 11:07:36 [INFO] [task_scheduler.cc:131] [Task #0: main] Trial #461: GFLOPs: 16651.3610. Time: 13.8854 us. Best GFLOPs: 17354.7706
2025-10-07 11:07:36 [INFO] [task_scheduler.cc:131] [Task #0: main] Trial #462: GFLOPs: 15273.9911. Time: 15.1376 us. Best GFLOPs: 17354.7706
2025-10-07 11:07:36 [INFO] [task_scheduler.cc:131] [Task #0: main] Trial #463: GFLOPs: 15275.2507. Time: 15.1363 us. Best GFLOPs: 17354.7706
2025-10-07 11:07:36 [INFO] [task_scheduler.cc:131] [Task #0: main] Trial #464: GFLOPs: 15574.3491. Time: 14.8456 us. Best GFLOPs: 17354.7706
2025-10-07 11:07:36 [INFO] [task_scheduler.cc:131] [Task #0: main] Trial #465: GFLOPs: 15677.9416. Time: 14.7475 us. Best GFLOPs: 17354.7706
2025-10-07 11:07:36 [INFO] [task_scheduler.cc:131] [Task #0: main] Trial #466: GFLOPs: 13446.8093. Time: 17.1945 us. Best GFLOPs: 17354.7706
2025-10-07 11:07:36 [INFO] [task_scheduler.cc:131] [Task #0: main] Trial #467: GFLOPs: 13445.8491. Time: 17.1957 us. Best GFLOPs: 17354.7706
2025-10-07 11:07:36 [INFO] [task_scheduler.cc:131] [Task #0: main] Trial #468: GFLOPs: 15559.6066. Time: 14.8597 us. Best GFLOPs: 17354.7706
2025-10-07 11:07:36 [INFO] [task_scheduler.cc:131] [Task #0: main] Trial #469: GFLOPs: 15571.8624. Time: 14.8480 us. Best GFLOPs: 17354.7706
2025-10-07 11:07:36 [INFO] [task_scheduler.cc:131] [Task #0: main] Trial #470: GFLOPs: 15571.3460. Time: 14.8485 us. Best GFLOPs: 17354.7706
2025-10-07 11:07:36 [INFO] [task_scheduler.cc:131] [Task #0: main] Trial #471: GFLOPs: 15508.9152. Time: 14.9083 us. Best GFLOPs: 17354.7706
2025-10-07 11:07:36 [INFO] [task_scheduler.cc:131] [Task #0: main] Trial #472: GFLOPs: 15510.5119. Time: 14.9067 us. Best GFLOPs: 17354.7706
2025-10-07 11:07:36 [INFO] [task_scheduler.cc:131] [Task #0: main] Trial #473: GFLOPs: 15734.1095. Time: 14.6949 us. Best GFLOPs: 17354.7706
2025-10-07 11:07:36 [INFO] [task_scheduler.cc:131] [Task #0: main] Trial #474: GFLOPs: 15145.6813. Time: 15.2658 us. Best GFLOPs: 17354.7706
2025-10-07 11:07:36 [INFO] [task_scheduler.cc:131] [Task #0: main] Trial #475: GFLOPs: 13427.9379. Time: 17.2187 us. Best GFLOPs: 17354.7706
2025-10-07 11:07:36 [INFO] [task_scheduler.cc:131] [Task #0: main] Trial #476: GFLOPs: 13426.8304. Time: 17.2201 us. Best GFLOPs: 17354.7706
2025-10-07 11:07:36 [INFO] [task_scheduler.cc:131] [Task #0: main] Trial #477: GFLOPs: 15061.1291. Time: 15.3515 us. Best GFLOPs: 17354.7706
2025-10-07 11:07:36 [INFO] [task_scheduler.cc:131] [Task #0: main] Trial #478: GFLOPs: 15063.0812. Time: 15.3495 us. Best GFLOPs: 17354.7706
2025-10-07 11:07:36 [INFO] [task_scheduler.cc:131] [Task #0: main] Trial #479: GFLOPs: 14834.7071. Time: 15.5858 us. Best GFLOPs: 17354.7706
2025-10-07 11:07:36 [INFO] [task_scheduler.cc:131] [Task #0: main] Trial #480: GFLOPs: 15150.6830. Time: 15.2608 us. Best GFLOPs: 17354.7706
2025-10-07 11:07:36 [INFO] [task_scheduler.cc:131] [Task #0: main] Trial #481: GFLOPs: 16076.1013. Time: 14.3823 us. Best GFLOPs: 17354.7706
2025-10-07 11:07:36 [INFO] [task_scheduler.cc:131] [Task #0: main] Trial #482: GFLOPs: 14999.3799. Time: 15.4147 us. Best GFLOPs: 17354.7706
2025-10-07 11:07:36 [INFO] [task_scheduler.cc:131] [Task #0: main] Trial #483: GFLOPs: 13963.0326. Time: 16.5588 us. Best GFLOPs: 17354.7706
2025-10-07 11:07:36 [INFO] [task_scheduler.cc:131] [Task #0: main] Trial #484: GFLOPs: 13963.8822. Time: 16.5578 us. Best GFLOPs: 17354.7706
2025-10-07 11:07:36 [INFO] [task_scheduler.cc:131] [Task #0: main] Trial #485: GFLOPs: 15122.2865. Time: 15.2894 us. Best GFLOPs: 17354.7706
2025-10-07 11:07:36 [INFO] [task_scheduler.cc:131] [Task #0: main] Trial #486: GFLOPs: 12780.0742. Time: 18.0915 us. Best GFLOPs: 17354.7706
2025-10-07 11:07:36 [INFO] [task_scheduler.cc:131] [Task #0: main] Trial #487: GFLOPs: 14804.3230. Time: 15.6178 us. Best GFLOPs: 17354.7706
2025-10-07 11:07:36 [INFO] [task_scheduler.cc:131] [Task #0: main] Trial #488: GFLOPs: 12882.4809. Time: 17.9477 us. Best GFLOPs: 17354.7706
2025-10-07 11:07:36 [INFO] [task_scheduler.cc:131] [Task #0: main] Trial #489: GFLOPs: 14960.4241. Time: 15.4548 us. Best GFLOPs: 17354.7706
2025-10-07 11:07:36 [INFO] [task_scheduler.cc:131] [Task #0: main] Trial #490: GFLOPs: 14958.0616. Time: 15.4573 us. Best GFLOPs: 17354.7706
2025-10-07 11:07:36 [INFO] [task_scheduler.cc:131] [Task #0: main] Trial #491: GFLOPs: 14762.6042. Time: 15.6619 us. Best GFLOPs: 17354.7706
2025-10-07 11:07:36 [INFO] [task_scheduler.cc:131] [Task #0: main] Trial #492: GFLOPs: 12472.1465. Time: 18.5382 us. Best GFLOPs: 17354.7706
2025-10-07 11:07:36 [INFO] [task_scheduler.cc:131] [Task #0: main] Trial #493: GFLOPs: 12729.4092. Time: 18.1635 us. Best GFLOPs: 17354.7706
2025-10-07 11:07:36 [INFO] [task_scheduler.cc:131] [Task #0: main] Trial #494: GFLOPs: 14959.9974. Time: 15.4553 us. Best GFLOPs: 17354.7706
2025-10-07 11:07:36 [INFO] [task_scheduler.cc:131] [Task #0: main] Trial #495: GFLOPs: 12516.9105. Time: 18.4719 us. Best GFLOPs: 17354.7706
2025-10-07 11:07:36 [INFO] [task_scheduler.cc:131] [Task #0: main] Trial #496: GFLOPs: 14854.0523. Time: 15.5655 us. Best GFLOPs: 17354.7706
2025-10-07 11:07:36 [INFO] [task_scheduler.cc:131] [Task #0: main] Trial #497: GFLOPs: 14854.9510. Time: 15.5646 us. Best GFLOPs: 17354.7706
2025-10-07 11:07:36 [INFO] [task_scheduler.cc:131] [Task #0: main] Trial #498: GFLOPs: 14509.1163. Time: 15.9356 us. Best GFLOPs: 17354.7706
2025-10-07 11:07:36 [INFO] [task_scheduler.cc:131] [Task #0: main] Trial #499: GFLOPs: 12497.2265. Time: 18.5010 us. Best GFLOPs: 17354.7706
2025-10-07 11:07:36 [INFO] [task_scheduler.cc:131] [Task #0: main] Trial #500: GFLOPs: 15112.9368. Time: 15.2989 us. Best GFLOPs: 17354.7706
2025-10-07 11:07:36 [INFO] [task_scheduler.cc:131] [Task #0: main] Trial #501: GFLOPs: 12707.3391. Time: 18.1951 us. Best GFLOPs: 17354.7706
2025-10-07 11:07:36 [INFO] [task_scheduler.cc:131] [Task #0: main] Trial #502: GFLOPs: 12715.7393. Time: 18.1831 us. Best GFLOPs: 17354.7706
2025-10-07 11:07:36 [INFO] [task_scheduler.cc:131] [Task #0: main] Trial #503: GFLOPs: 12716.0215. Time: 18.1827 us. Best GFLOPs: 17354.7706
2025-10-07 11:07:36 [INFO] [task_scheduler.cc:131] [Task #0: main] Trial #504: GFLOPs: 14450.5417. Time: 16.0002 us. Best GFLOPs: 17354.7706
2025-10-07 11:07:36 [INFO] [task_scheduler.cc:131] [Task #0: main] Trial #505: GFLOPs: 14590.6934. Time: 15.8465 us. Best GFLOPs: 17354.7706
2025-10-07 11:07:36 [INFO] [task_scheduler.cc:131] [Task #0: main] Trial #506: GFLOPs: 14603.4408. Time: 15.8326 us. Best GFLOPs: 17354.7706
2025-10-07 11:07:36 [INFO] [task_scheduler.cc:131] [Task #0: main] Trial #507: GFLOPs: 11098.8513. Time: 20.8320 us. Best GFLOPs: 17354.7706
2025-10-07 11:07:36 [INFO] [task_scheduler.cc:131] [Task #0: main] Trial #508: GFLOPs: 11111.2793. Time: 20.8087 us. Best GFLOPs: 17354.7706
2025-10-07 11:07:36 [INFO] [task_scheduler.cc:131] [Task #0: main] Trial #509: GFLOPs: 11111.8014. Time: 20.8077 us. Best GFLOPs: 17354.7706
2025-10-07 11:07:36 [INFO] [task_scheduler.cc:131] [Task #0: main] Trial #510: GFLOPs: 10852.8098. Time: 21.3043 us. Best GFLOPs: 17354.7706
2025-10-07 11:07:36 [INFO] [task_scheduler.cc:131] [Task #0: main] Trial #511: GFLOPs: 3733.2764. Time: 61.9325 us. Best GFLOPs: 17354.7706
2025-10-07 11:07:36 [INFO] [task_scheduler.cc:131] [Task #0: main] Trial #512: GFLOPs: 414.2550. Time: 558.1369 us. Best GFLOPs: 17354.7706
2025-10-07 11:07:36 [INFO] [evolutionary_search.cc:713] Generating candidates......
2025-10-07 11:07:39 [INFO] [evolutionary_search.cc:715] Picked top 102 candidate(s) from database
2025-10-07 11:07:47 [INFO] [evolutionary_search.cc:533] Sample-Init-Population summary:
Postproc #0 [meta_schedule.DisallowDynamicLoop(0x10966348)]: 0 failure(s)
Postproc #1 [meta_schedule.RewriteCooperativeFetch(0x10d195d8)]: 0 failure(s)
Postproc #2 [meta_schedule.RewriteUnboundBlock(0x10b2d658)]: 0 failure(s)
Postproc #3 [meta_schedule.RewriteParallelVectorizeUnroll(0x10c03278)]: 0 failure(s)
Postproc #4 [meta_schedule.RewriteReductionBlock(0x109facd8)]: 0 failure(s)
Postproc #5 [meta_schedule.VerifyGPUCode(0x1082ac68)]: 324 failure(s)
Postproc #6 [meta_schedule.RewriteTensorize(0x109da9c8)]: 0 failure(s)
2025-10-07 11:07:47 [INFO] [evolutionary_search.cc:723] Sampled 86 candidate(s)
2025-10-07 11:08:02 [INFO] [evolutionary_search.cc:621] Evolve iter #0 done. Summary:
Postproc #0 [meta_schedule.DisallowDynamicLoop(0x10966348)]: 0 failure(s)
Postproc #1 [meta_schedule.RewriteCooperativeFetch(0x10d195d8)]: 0 failure(s)
Postproc #2 [meta_schedule.RewriteUnboundBlock(0x10b2d658)]: 0 failure(s)
Postproc #3 [meta_schedule.RewriteParallelVectorizeUnroll(0x10c03278)]: 0 failure(s)
Postproc #4 [meta_schedule.RewriteReductionBlock(0x109facd8)]: 0 failure(s)
Postproc #5 [meta_schedule.VerifyGPUCode(0x1082ac68)]: 157 failure(s)
Postproc #6 [meta_schedule.RewriteTensorize(0x109da9c8)]: 0 failure(s)
2025-10-07 11:08:20 [INFO] [evolutionary_search.cc:621] Evolve iter #1 done. Summary:
Postproc #0 [meta_schedule.DisallowDynamicLoop(0x10966348)]: 0 failure(s)
Postproc #1 [meta_schedule.RewriteCooperativeFetch(0x10d195d8)]: 0 failure(s)
Postproc #2 [meta_schedule.RewriteUnboundBlock(0x10b2d658)]: 0 failure(s)
Postproc #3 [meta_schedule.RewriteParallelVectorizeUnroll(0x10c03278)]: 0 failure(s)
Postproc #4 [meta_schedule.RewriteReductionBlock(0x109facd8)]: 0 failure(s)
Postproc #5 [meta_schedule.VerifyGPUCode(0x1082ac68)]: 130 failure(s)
Postproc #6 [meta_schedule.RewriteTensorize(0x109da9c8)]: 0 failure(s)
2025-10-07 11:08:38 [INFO] [evolutionary_search.cc:621] Evolve iter #2 done. Summary:
Postproc #0 [meta_schedule.DisallowDynamicLoop(0x10966348)]: 0 failure(s)
Postproc #1 [meta_schedule.RewriteCooperativeFetch(0x10d195d8)]: 0 failure(s)
Postproc #2 [meta_schedule.RewriteUnboundBlock(0x10b2d658)]: 0 failure(s)
Postproc #3 [meta_schedule.RewriteParallelVectorizeUnroll(0x10c03278)]: 0 failure(s)
Postproc #4 [meta_schedule.RewriteReductionBlock(0x109facd8)]: 0 failure(s)
Postproc #5 [meta_schedule.VerifyGPUCode(0x1082ac68)]: 130 failure(s)
Postproc #6 [meta_schedule.RewriteTensorize(0x109da9c8)]: 0 failure(s)
2025-10-07 11:08:56 [INFO] [evolutionary_search.cc:621] Evolve iter #3 done. Summary:
Postproc #0 [meta_schedule.DisallowDynamicLoop(0x10966348)]: 0 failure(s)
Postproc #1 [meta_schedule.RewriteCooperativeFetch(0x10d195d8)]: 0 failure(s)
Postproc #2 [meta_schedule.RewriteUnboundBlock(0x10b2d658)]: 0 failure(s)
Postproc #3 [meta_schedule.RewriteParallelVectorizeUnroll(0x10c03278)]: 0 failure(s)
Postproc #4 [meta_schedule.RewriteReductionBlock(0x109facd8)]: 0 failure(s)
Postproc #5 [meta_schedule.VerifyGPUCode(0x1082ac68)]: 142 failure(s)
Postproc #6 [meta_schedule.RewriteTensorize(0x109da9c8)]: 0 failure(s)
2025-10-07 11:09:02 [INFO] [evolutionary_search.cc:649] Scores of the best 64 candidates:
[1 : 16]:	0.9773  0.9649  0.9649  0.9569  0.9541  0.9339  0.9329  0.9108  0.8959  0.8912  0.8912  0.8912  0.8788  0.8619  0.8590  0.8520
[17 : 32]:	0.8466  0.8466  0.8371  0.8371  0.8368  0.8368  0.8366  0.8335  0.8335  0.8312  0.8306  0.8306  0.8288  0.8247  0.8226  0.8204
[33 : 48]:	0.8204  0.8202  0.8195  0.8156  0.8127  0.8127  0.8123  0.8123  0.8121  0.8121  0.8119  0.8119  0.8096  0.8086  0.8080  0.8074
[49 : 64]:	0.8074  0.8057  0.8057  0.8015  0.8012  0.7955  0.7923  0.7920  0.7918  0.7918  0.7918  0.7918  0.7887  0.7887  0.7870  0.7853
2025-10-07 11:09:03 [INFO] [evolutionary_search.cc:727] Got 64 candidate(s) with evolutionary search
2025-10-07 11:09:03 [INFO] [evolutionary_search.cc:730] Sending 64 candidates(s) for measurement
2025-10-07 11:09:33 [INFO] [task_scheduler.cc:131] [Task #0: main] Trial #513: GFLOPs: 16244.4173. Time: 14.2333 us. Best GFLOPs: 17354.7706
2025-10-07 11:09:33 [INFO] [task_scheduler.cc:131] [Task #0: main] Trial #514: GFLOPs: 17229.5929. Time: 13.4194 us. Best GFLOPs: 17354.7706
2025-10-07 11:09:33 [INFO] [task_scheduler.cc:131] [Task #0: main] Trial #515: GFLOPs: 17227.4706. Time: 13.4211 us. Best GFLOPs: 17354.7706
2025-10-07 11:09:33 [INFO] [task_scheduler.cc:131] [Task #0: main] Trial #516: GFLOPs: 17152.7913. Time: 13.4795 us. Best GFLOPs: 17354.7706
2025-10-07 11:09:33 [INFO] [task_scheduler.cc:131] [Task #0: main] Trial #517: GFLOPs: 16794.0238. Time: 13.7675 us. Best GFLOPs: 17354.7706
2025-10-07 11:09:33 [INFO] [task_scheduler.cc:131] [Task #0: main] Trial #518: GFLOPs: 15802.9564. Time: 14.6309 us. Best GFLOPs: 17354.7706
2025-10-07 11:09:33 [INFO] [task_scheduler.cc:131] [Task #0: main] Trial #519: GFLOPs: 17354.3881. Time: 13.3229 us. Best GFLOPs: 17354.7706
2025-10-07 11:09:33 [INFO] [task_scheduler.cc:131] [Task #0: main] Trial #520: GFLOPs: 15738.7411. Time: 14.6906 us. Best GFLOPs: 17354.7706
2025-10-07 11:09:33 [INFO] [task_scheduler.cc:131] [Task #0: main] Trial #521: GFLOPs: 15818.3412. Time: 14.6166 us. Best GFLOPs: 17354.7706
2025-10-07 11:09:33 [INFO] [task_scheduler.cc:131] [Task #0: main] Trial #522: GFLOPs: 15249.2053. Time: 15.1622 us. Best GFLOPs: 17354.7706
2025-10-07 11:09:33 [INFO] [task_scheduler.cc:131] [Task #0: main] Trial #523: GFLOPs: 15248.0957. Time: 15.1633 us. Best GFLOPs: 17354.7706
2025-10-07 11:09:33 [INFO] [task_scheduler.cc:131] [Task #0: main] Trial #524: GFLOPs: 15111.7195. Time: 15.3001 us. Best GFLOPs: 17354.7706
2025-10-07 11:09:33 [INFO] [task_scheduler.cc:131] [Task #0: main] Trial #525: GFLOPs: 14930.2395. Time: 15.4861 us. Best GFLOPs: 17354.7706
2025-10-07 11:09:33 [INFO] [task_scheduler.cc:131] [Task #0: main] Trial #526: GFLOPs: 14976.3579. Time: 15.4384 us. Best GFLOPs: 17354.7706
2025-10-07 11:09:33 [INFO] [task_scheduler.cc:131] [Task #0: main] Trial #527: GFLOPs: 14803.3918. Time: 15.6188 us. Best GFLOPs: 17354.7706
2025-10-07 11:09:33 [INFO] [task_scheduler.cc:131] [Task #0: main] Trial #528: GFLOPs: 15710.6474. Time: 14.7168 us. Best GFLOPs: 17354.7706
2025-10-07 11:09:33 [INFO] [task_scheduler.cc:131] [Task #0: main] Trial #529: GFLOPs: 14746.0485. Time: 15.6795 us. Best GFLOPs: 17354.7706
2025-10-07 11:09:33 [INFO] [task_scheduler.cc:131] [Task #0: main] Trial #530: GFLOPs: 14745.0323. Time: 15.6806 us. Best GFLOPs: 17354.7706
2025-10-07 11:09:33 [INFO] [task_scheduler.cc:131] [Task #0: main] Trial #531: GFLOPs: 12465.9165. Time: 18.5475 us. Best GFLOPs: 17354.7706
2025-10-07 11:09:33 [INFO] [task_scheduler.cc:131] [Task #0: main] Trial #532: GFLOPs: 12465.9765. Time: 18.5474 us. Best GFLOPs: 17354.7706
2025-10-07 11:09:33 [INFO] [task_scheduler.cc:131] [Task #0: main] Trial #533: GFLOPs: 14879.1911. Time: 15.5392 us. Best GFLOPs: 17354.7706
2025-10-07 11:09:33 [INFO] [task_scheduler.cc:131] [Task #0: main] Trial #534: GFLOPs: 14879.6866. Time: 15.5387 us. Best GFLOPs: 17354.7706
2025-10-07 11:09:33 [INFO] [task_scheduler.cc:131] [Task #0: main] Trial #535: GFLOPs: 14668.3087. Time: 15.7626 us. Best GFLOPs: 17354.7706
2025-10-07 11:09:33 [INFO] [task_scheduler.cc:131] [Task #0: main] Trial #536: GFLOPs: 14497.2732. Time: 15.9486 us. Best GFLOPs: 17354.7706
2025-10-07 11:09:33 [INFO] [task_scheduler.cc:131] [Task #0: main] Trial #537: GFLOPs: 14481.1896. Time: 15.9663 us. Best GFLOPs: 17354.7706
2025-10-07 11:09:33 [INFO] [task_scheduler.cc:131] [Task #0: main] Trial #538: GFLOPs: 12414.6834. Time: 18.6240 us. Best GFLOPs: 17354.7706
2025-10-07 11:09:33 [INFO] [task_scheduler.cc:131] [Task #0: main] Trial #539: GFLOPs: 13555.9008. Time: 17.0561 us. Best GFLOPs: 17354.7706
2025-10-07 11:09:33 [INFO] [task_scheduler.cc:131] [Task #0: main] Trial #540: GFLOPs: 13556.5641. Time: 17.0553 us. Best GFLOPs: 17354.7706
2025-10-07 11:09:33 [INFO] [task_scheduler.cc:131] [Task #0: main] Trial #541: GFLOPs: 14362.8463. Time: 16.0979 us. Best GFLOPs: 17354.7706
2025-10-07 11:09:33 [INFO] [task_scheduler.cc:131] [Task #0: main] Trial #542: GFLOPs: 13501.4147. Time: 17.1249 us. Best GFLOPs: 17354.7706
2025-10-07 11:09:33 [INFO] [task_scheduler.cc:131] [Task #0: main] Trial #543: GFLOPs: 13961.7068. Time: 16.5604 us. Best GFLOPs: 17354.7706
2025-10-07 11:09:33 [INFO] [task_scheduler.cc:131] [Task #0: main] Trial #544: GFLOPs: 13577.6232. Time: 17.0288 us. Best GFLOPs: 17354.7706
2025-10-07 11:09:33 [INFO] [task_scheduler.cc:131] [Task #0: main] Trial #545: GFLOPs: 13575.3059. Time: 17.0317 us. Best GFLOPs: 17354.7706
2025-10-07 11:09:33 [INFO] [task_scheduler.cc:131] [Task #0: main] Trial #546: GFLOPs: 14067.9377. Time: 16.4353 us. Best GFLOPs: 17354.7706
2025-10-07 11:09:33 [INFO] [task_scheduler.cc:131] [Task #0: main] Trial #547: GFLOPs: 14046.7248. Time: 16.4601 us. Best GFLOPs: 17354.7706
2025-10-07 11:09:33 [INFO] [task_scheduler.cc:131] [Task #0: main] Trial #548: GFLOPs: 12892.1609. Time: 17.9342 us. Best GFLOPs: 17354.7706
2025-10-07 11:09:33 [INFO] [task_scheduler.cc:131] [Task #0: main] Trial #549: GFLOPs: 14993.4893. Time: 15.4208 us. Best GFLOPs: 17354.7706
2025-10-07 11:09:33 [INFO] [task_scheduler.cc:131] [Task #0: main] Trial #550: GFLOPs: 14996.0926. Time: 15.4181 us. Best GFLOPs: 17354.7706
2025-10-07 11:09:33 [INFO] [task_scheduler.cc:131] [Task #0: main] Trial #551: GFLOPs: 12542.3115. Time: 18.4345 us. Best GFLOPs: 17354.7706
2025-10-07 11:09:33 [INFO] [task_scheduler.cc:131] [Task #0: main] Trial #552: GFLOPs: 12544.7177. Time: 18.4309 us. Best GFLOPs: 17354.7706
2025-10-07 11:09:33 [INFO] [task_scheduler.cc:131] [Task #0: main] Trial #553: GFLOPs: 13979.3537. Time: 16.5395 us. Best GFLOPs: 17354.7706
2025-10-07 11:09:33 [INFO] [task_scheduler.cc:131] [Task #0: main] Trial #554: GFLOPs: 13983.3796. Time: 16.5347 us. Best GFLOPs: 17354.7706
2025-10-07 11:09:33 [INFO] [task_scheduler.cc:131] [Task #0: main] Trial #555: GFLOPs: 13522.9801. Time: 17.0976 us. Best GFLOPs: 17354.7706
2025-10-07 11:09:33 [INFO] [task_scheduler.cc:131] [Task #0: main] Trial #556: GFLOPs: 13521.3674. Time: 17.0997 us. Best GFLOPs: 17354.7706
2025-10-07 11:09:33 [INFO] [task_scheduler.cc:131] [Task #0: main] Trial #557: GFLOPs: 12975.9672. Time: 17.8184 us. Best GFLOPs: 17354.7706
2025-10-07 11:09:33 [INFO] [task_scheduler.cc:131] [Task #0: main] Trial #558: GFLOPs: 12897.6401. Time: 17.9266 us. Best GFLOPs: 17354.7706
2025-10-07 11:09:33 [INFO] [task_scheduler.cc:131] [Task #0: main] Trial #559: GFLOPs: 12209.5676. Time: 18.9369 us. Best GFLOPs: 17354.7706
2025-10-07 11:09:33 [INFO] [task_scheduler.cc:131] [Task #0: main] Trial #560: GFLOPs: 12788.1539. Time: 18.0801 us. Best GFLOPs: 17354.7706
2025-10-07 11:09:33 [INFO] [task_scheduler.cc:131] [Task #0: main] Trial #561: GFLOPs: 12789.5740. Time: 18.0781 us. Best GFLOPs: 17354.7706
2025-10-07 11:09:33 [INFO] [task_scheduler.cc:131] [Task #0: main] Trial #562: GFLOPs: 12694.9563. Time: 18.2128 us. Best GFLOPs: 17354.7706
2025-10-07 11:09:33 [INFO] [task_scheduler.cc:131] [Task #0: main] Trial #563: GFLOPs: 12681.0626. Time: 18.2328 us. Best GFLOPs: 17354.7706
2025-10-07 11:09:33 [INFO] [task_scheduler.cc:131] [Task #0: main] Trial #564: GFLOPs: 13264.4893. Time: 17.4308 us. Best GFLOPs: 17354.7706
2025-10-07 11:09:33 [INFO] [task_scheduler.cc:131] [Task #0: main] Trial #565: GFLOPs: 12976.2551. Time: 17.8180 us. Best GFLOPs: 17354.7706
2025-10-07 11:09:33 [INFO] [task_scheduler.cc:131] [Task #0: main] Trial #566: GFLOPs: 12438.5545. Time: 18.5883 us. Best GFLOPs: 17354.7706
2025-10-07 11:09:33 [INFO] [task_scheduler.cc:131] [Task #0: main] Trial #567: GFLOPs: 13414.2476. Time: 17.2362 us. Best GFLOPs: 17354.7706
2025-10-07 11:09:33 [INFO] [task_scheduler.cc:131] [Task #0: main] Trial #568: GFLOPs: 12742.5202. Time: 18.1448 us. Best GFLOPs: 17354.7706
2025-10-07 11:09:33 [INFO] [task_scheduler.cc:131] [Task #0: main] Trial #569: GFLOPs: 13464.7104. Time: 17.1716 us. Best GFLOPs: 17354.7706
2025-10-07 11:09:33 [INFO] [task_scheduler.cc:131] [Task #0: main] Trial #570: GFLOPs: 13465.3496. Time: 17.1708 us. Best GFLOPs: 17354.7706
2025-10-07 11:09:33 [INFO] [task_scheduler.cc:131] [Task #0: main] Trial #571: GFLOPs: 12785.4090. Time: 18.0840 us. Best GFLOPs: 17354.7706
2025-10-07 11:09:33 [INFO] [task_scheduler.cc:131] [Task #0: main] Trial #572: GFLOPs: 12785.5156. Time: 18.0838 us. Best GFLOPs: 17354.7706
2025-10-07 11:09:33 [INFO] [task_scheduler.cc:131] [Task #0: main] Trial #573: GFLOPs: 13466.3091. Time: 17.1696 us. Best GFLOPs: 17354.7706
2025-10-07 11:09:33 [INFO] [task_scheduler.cc:131] [Task #0: main] Trial #574: GFLOPs: 2568.4747. Time: 90.0188 us. Best GFLOPs: 17354.7706
2025-10-07 11:09:33 [INFO] [task_scheduler.cc:131] [Task #0: main] Trial #575: GFLOPs: 955.3695. Time: 242.0121 us. Best GFLOPs: 17354.7706
2025-10-07 11:09:33 [INFO] [task_scheduler.cc:131] [Task #0: main] Trial #576: GFLOPs: 5049.6227. Time: 45.7878 us. Best GFLOPs: 17354.7706
2025-10-07 11:09:33 [INFO] [evolutionary_search.cc:713] Generating candidates......
2025-10-07 11:09:35 [INFO] [evolutionary_search.cc:715] Picked top 102 candidate(s) from database
2025-10-07 11:09:43 [INFO] [evolutionary_search.cc:533] Sample-Init-Population summary:
Postproc #0 [meta_schedule.DisallowDynamicLoop(0x10966348)]: 0 failure(s)
Postproc #1 [meta_schedule.RewriteCooperativeFetch(0x10d195d8)]: 0 failure(s)
Postproc #2 [meta_schedule.RewriteUnboundBlock(0x10b2d658)]: 0 failure(s)
Postproc #3 [meta_schedule.RewriteParallelVectorizeUnroll(0x10c03278)]: 0 failure(s)
Postproc #4 [meta_schedule.RewriteReductionBlock(0x109facd8)]: 0 failure(s)
Postproc #5 [meta_schedule.VerifyGPUCode(0x1082ac68)]: 344 failure(s)
Postproc #6 [meta_schedule.RewriteTensorize(0x109da9c8)]: 0 failure(s)
2025-10-07 11:09:43 [INFO] [evolutionary_search.cc:723] Sampled 66 candidate(s)
2025-10-07 11:09:57 [INFO] [evolutionary_search.cc:621] Evolve iter #0 done. Summary:
Postproc #0 [meta_schedule.DisallowDynamicLoop(0x10966348)]: 0 failure(s)
Postproc #1 [meta_schedule.RewriteCooperativeFetch(0x10d195d8)]: 0 failure(s)
Postproc #2 [meta_schedule.RewriteUnboundBlock(0x10b2d658)]: 0 failure(s)
Postproc #3 [meta_schedule.RewriteParallelVectorizeUnroll(0x10c03278)]: 0 failure(s)
Postproc #4 [meta_schedule.RewriteReductionBlock(0x109facd8)]: 0 failure(s)
Postproc #5 [meta_schedule.VerifyGPUCode(0x1082ac68)]: 126 failure(s)
Postproc #6 [meta_schedule.RewriteTensorize(0x109da9c8)]: 0 failure(s)
2025-10-07 11:10:15 [INFO] [evolutionary_search.cc:621] Evolve iter #1 done. Summary:
Postproc #0 [meta_schedule.DisallowDynamicLoop(0x10966348)]: 0 failure(s)
Postproc #1 [meta_schedule.RewriteCooperativeFetch(0x10d195d8)]: 0 failure(s)
Postproc #2 [meta_schedule.RewriteUnboundBlock(0x10b2d658)]: 0 failure(s)
Postproc #3 [meta_schedule.RewriteParallelVectorizeUnroll(0x10c03278)]: 0 failure(s)
Postproc #4 [meta_schedule.RewriteReductionBlock(0x109facd8)]: 0 failure(s)
Postproc #5 [meta_schedule.VerifyGPUCode(0x1082ac68)]: 103 failure(s)
Postproc #6 [meta_schedule.RewriteTensorize(0x109da9c8)]: 0 failure(s)
2025-10-07 11:10:33 [INFO] [evolutionary_search.cc:621] Evolve iter #2 done. Summary:
Postproc #0 [meta_schedule.DisallowDynamicLoop(0x10966348)]: 0 failure(s)
Postproc #1 [meta_schedule.RewriteCooperativeFetch(0x10d195d8)]: 0 failure(s)
Postproc #2 [meta_schedule.RewriteUnboundBlock(0x10b2d658)]: 0 failure(s)
Postproc #3 [meta_schedule.RewriteParallelVectorizeUnroll(0x10c03278)]: 0 failure(s)
Postproc #4 [meta_schedule.RewriteReductionBlock(0x109facd8)]: 0 failure(s)
Postproc #5 [meta_schedule.VerifyGPUCode(0x1082ac68)]: 134 failure(s)
Postproc #6 [meta_schedule.RewriteTensorize(0x109da9c8)]: 0 failure(s)
2025-10-07 11:10:52 [INFO] [evolutionary_search.cc:621] Evolve iter #3 done. Summary:
Postproc #0 [meta_schedule.DisallowDynamicLoop(0x10966348)]: 0 failure(s)
Postproc #1 [meta_schedule.RewriteCooperativeFetch(0x10d195d8)]: 0 failure(s)
Postproc #2 [meta_schedule.RewriteUnboundBlock(0x10b2d658)]: 0 failure(s)
Postproc #3 [meta_schedule.RewriteParallelVectorizeUnroll(0x10c03278)]: 0 failure(s)
Postproc #4 [meta_schedule.RewriteReductionBlock(0x109facd8)]: 0 failure(s)
Postproc #5 [meta_schedule.VerifyGPUCode(0x1082ac68)]: 146 failure(s)
Postproc #6 [meta_schedule.RewriteTensorize(0x109da9c8)]: 0 failure(s)
2025-10-07 11:10:58 [INFO] [evolutionary_search.cc:649] Scores of the best 64 candidates:
[1 : 16]:	0.9740  0.9627  0.9536  0.9233  0.9233  0.8950  0.8829  0.8775  0.8703  0.8703  0.8622  0.8387  0.8354  0.8250  0.8170  0.8170
[17 : 32]:	0.8127  0.8043  0.8043  0.8000  0.7980  0.7972  0.7972  0.7959  0.7913  0.7848  0.7848  0.7847  0.7837  0.7807  0.7795  0.7767
[33 : 48]:	0.7721  0.7721  0.7711  0.7682  0.7651  0.7639  0.7638  0.7618  0.7609  0.7606  0.7579  0.7568  0.7568  0.7541  0.7541  0.7541
[49 : 64]:	0.7538  0.7538  0.7498  0.7491  0.7453  0.7453  0.7430  0.7421  0.7416  0.7416  0.7414  0.7413  0.7408  0.7405  0.7405  0.7391
2025-10-07 11:10:58 [INFO] [evolutionary_search.cc:727] Got 64 candidate(s) with evolutionary search
2025-10-07 11:10:58 [INFO] [evolutionary_search.cc:730] Sending 64 candidates(s) for measurement
2025-10-07 11:11:27 [INFO] [task_scheduler.cc:131] [Task #0: main] Trial #577: GFLOPs: 16676.4624. Time: 13.8645 us. Best GFLOPs: 17354.7706
2025-10-07 11:11:27 [INFO] [task_scheduler.cc:131] [Task #0: main] Trial #578: GFLOPs: 17122.7596. Time: 13.5031 us. Best GFLOPs: 17354.7706
2025-10-07 11:11:27 [INFO] [task_scheduler.cc:131] [Task #0: main] Trial #579: GFLOPs: 17371.5070. Time: 13.3098 us. Best GFLOPs: 17371.5070
2025-10-07 11:11:27 [INFO] [task_scheduler.cc:131] [Task #0: main] Trial #580: GFLOPs: 15874.7780. Time: 14.5647 us. Best GFLOPs: 17371.5070
2025-10-07 11:11:27 [INFO] [task_scheduler.cc:131] [Task #0: main] Trial #581: GFLOPs: 15716.7506. Time: 14.7111 us. Best GFLOPs: 17371.5070
2025-10-07 11:11:27 [INFO] [task_scheduler.cc:131] [Task #0: main] Trial #582: GFLOPs: 15811.9712. Time: 14.6225 us. Best GFLOPs: 17371.5070
2025-10-07 11:11:27 [INFO] [task_scheduler.cc:131] [Task #0: main] Trial #583: GFLOPs: 15441.5255. Time: 14.9733 us. Best GFLOPs: 17371.5070
2025-10-07 11:11:27 [INFO] [task_scheduler.cc:131] [Task #0: main] Trial #584: GFLOPs: 14847.2917. Time: 15.5726 us. Best GFLOPs: 17371.5070
2025-10-07 11:11:27 [INFO] [task_scheduler.cc:131] [Task #0: main] Trial #585: GFLOPs: 15113.1686. Time: 15.2986 us. Best GFLOPs: 17371.5070
2025-10-07 11:11:27 [INFO] [task_scheduler.cc:131] [Task #0: main] Trial #586: GFLOPs: 15040.8802. Time: 15.3722 us. Best GFLOPs: 17371.5070
2025-10-07 11:11:27 [INFO] [task_scheduler.cc:131] [Task #0: main] Trial #587: GFLOPs: 14818.4696. Time: 15.6029 us. Best GFLOPs: 17371.5070
2025-10-07 11:11:27 [INFO] [task_scheduler.cc:131] [Task #0: main] Trial #588: GFLOPs: 14835.2478. Time: 15.5852 us. Best GFLOPs: 17371.5070
2025-10-07 11:11:27 [INFO] [task_scheduler.cc:131] [Task #0: main] Trial #589: GFLOPs: 13981.5101. Time: 16.5369 us. Best GFLOPs: 17371.5070
2025-10-07 11:11:27 [INFO] [task_scheduler.cc:131] [Task #0: main] Trial #590: GFLOPs: 14749.0492. Time: 15.6763 us. Best GFLOPs: 17371.5070
2025-10-07 11:11:27 [INFO] [task_scheduler.cc:131] [Task #0: main] Trial #591: GFLOPs: 13644.6619. Time: 16.9452 us. Best GFLOPs: 17371.5070
2025-10-07 11:11:27 [INFO] [task_scheduler.cc:131] [Task #0: main] Trial #592: GFLOPs: 13643.8665. Time: 16.9461 us. Best GFLOPs: 17371.5070
2025-10-07 11:11:27 [INFO] [task_scheduler.cc:131] [Task #0: main] Trial #593: GFLOPs: 14670.2188. Time: 15.7606 us. Best GFLOPs: 17371.5070
2025-10-07 11:11:27 [INFO] [task_scheduler.cc:131] [Task #0: main] Trial #594: GFLOPs: 13576.6933. Time: 17.0300 us. Best GFLOPs: 17371.5070
2025-10-07 11:11:27 [INFO] [task_scheduler.cc:131] [Task #0: main] Trial #595: GFLOPs: 13577.4169. Time: 17.0291 us. Best GFLOPs: 17371.5070
2025-10-07 11:11:27 [INFO] [task_scheduler.cc:131] [Task #0: main] Trial #596: GFLOPs: 12792.7584. Time: 18.0736 us. Best GFLOPs: 17371.5070
2025-10-07 11:11:27 [INFO] [task_scheduler.cc:131] [Task #0: main] Trial #597: GFLOPs: 13371.9432. Time: 17.2908 us. Best GFLOPs: 17371.5070
2025-10-07 11:11:27 [INFO] [task_scheduler.cc:131] [Task #0: main] Trial #598: GFLOPs: 13530.1575. Time: 17.0886 us. Best GFLOPs: 17371.5070
2025-10-07 11:11:27 [INFO] [task_scheduler.cc:131] [Task #0: main] Trial #599: GFLOPs: 13530.4665. Time: 17.0882 us. Best GFLOPs: 17371.5070
2025-10-07 11:11:27 [INFO] [task_scheduler.cc:131] [Task #0: main] Trial #600: GFLOPs: 13407.7050. Time: 17.2446 us. Best GFLOPs: 17371.5070
2025-10-07 11:11:27 [INFO] [task_scheduler.cc:131] [Task #0: main] Trial #601: GFLOPs: 12973.4045. Time: 17.8219 us. Best GFLOPs: 17371.5070
2025-10-07 11:11:27 [INFO] [task_scheduler.cc:131] [Task #0: main] Trial #602: GFLOPs: 12895.9641. Time: 17.9289 us. Best GFLOPs: 17371.5070
2025-10-07 11:11:27 [INFO] [task_scheduler.cc:131] [Task #0: main] Trial #603: GFLOPs: 12896.3233. Time: 17.9284 us. Best GFLOPs: 17371.5070
2025-10-07 11:11:27 [INFO] [task_scheduler.cc:131] [Task #0: main] Trial #604: GFLOPs: 12643.7222. Time: 18.2866 us. Best GFLOPs: 17371.5070
2025-10-07 11:11:27 [INFO] [task_scheduler.cc:131] [Task #0: main] Trial #605: GFLOPs: 13236.6941. Time: 17.4674 us. Best GFLOPs: 17371.5070
2025-10-07 11:11:27 [INFO] [task_scheduler.cc:131] [Task #0: main] Trial #606: GFLOPs: 13499.4780. Time: 17.1274 us. Best GFLOPs: 17371.5070
2025-10-07 11:11:27 [INFO] [task_scheduler.cc:131] [Task #0: main] Trial #607: GFLOPs: 13748.2635. Time: 16.8175 us. Best GFLOPs: 17371.5070
2025-10-07 11:11:27 [INFO] [task_scheduler.cc:131] [Task #0: main] Trial #608: GFLOPs: 12414.2951. Time: 18.6246 us. Best GFLOPs: 17371.5070
2025-10-07 11:11:27 [INFO] [task_scheduler.cc:131] [Task #0: main] Trial #609: GFLOPs: 12689.3368. Time: 18.2209 us. Best GFLOPs: 17371.5070
2025-10-07 11:11:27 [INFO] [task_scheduler.cc:131] [Task #0: main] Trial #610: GFLOPs: 12684.5068. Time: 18.2278 us. Best GFLOPs: 17371.5070
2025-10-07 11:11:27 [INFO] [task_scheduler.cc:131] [Task #0: main] Trial #611: GFLOPs: 12778.6019. Time: 18.0936 us. Best GFLOPs: 17371.5070
2025-10-07 11:11:27 [INFO] [task_scheduler.cc:131] [Task #0: main] Trial #612: GFLOPs: 12203.6281. Time: 18.9461 us. Best GFLOPs: 17371.5070
2025-10-07 11:11:27 [INFO] [task_scheduler.cc:131] [Task #0: main] Trial #613: GFLOPs: 12781.1004. Time: 18.0901 us. Best GFLOPs: 17371.5070
2025-10-07 11:11:27 [INFO] [task_scheduler.cc:131] [Task #0: main] Trial #614: GFLOPs: 10961.5220. Time: 21.0930 us. Best GFLOPs: 17371.5070
2025-10-07 11:11:27 [INFO] [task_scheduler.cc:131] [Task #0: main] Trial #615: GFLOPs: 11600.8986. Time: 19.9304 us. Best GFLOPs: 17371.5070
2025-10-07 11:11:27 [INFO] [task_scheduler.cc:131] [Task #0: main] Trial #616: GFLOPs: 13450.5968. Time: 17.1896 us. Best GFLOPs: 17371.5070
2025-10-07 11:11:27 [INFO] [task_scheduler.cc:131] [Task #0: main] Trial #617: GFLOPs: 12740.0144. Time: 18.1484 us. Best GFLOPs: 17371.5070
2025-10-07 11:11:27 [INFO] [task_scheduler.cc:131] [Task #0: main] Trial #618: GFLOPs: 12785.4415. Time: 18.0839 us. Best GFLOPs: 17371.5070
2025-10-07 11:11:27 [INFO] [task_scheduler.cc:131] [Task #0: main] Trial #619: GFLOPs: 11860.7091. Time: 19.4939 us. Best GFLOPs: 17371.5070
2025-10-07 11:11:27 [INFO] [task_scheduler.cc:131] [Task #0: main] Trial #620: GFLOPs: 13084.9030. Time: 17.6701 us. Best GFLOPs: 17371.5070
2025-10-07 11:11:27 [INFO] [task_scheduler.cc:131] [Task #0: main] Trial #621: GFLOPs: 13092.4794. Time: 17.6598 us. Best GFLOPs: 17371.5070
2025-10-07 11:11:27 [INFO] [task_scheduler.cc:131] [Task #0: main] Trial #622: GFLOPs: 12544.5705. Time: 18.4312 us. Best GFLOPs: 17371.5070
2025-10-07 11:11:27 [INFO] [task_scheduler.cc:131] [Task #0: main] Trial #623: GFLOPs: 12541.6818. Time: 18.4354 us. Best GFLOPs: 17371.5070
2025-10-07 11:11:27 [INFO] [task_scheduler.cc:131] [Task #0: main] Trial #624: GFLOPs: 12540.6763. Time: 18.4369 us. Best GFLOPs: 17371.5070
2025-10-07 11:11:27 [INFO] [task_scheduler.cc:131] [Task #0: main] Trial #625: GFLOPs: 11682.1470. Time: 19.7918 us. Best GFLOPs: 17371.5070
2025-10-07 11:11:27 [INFO] [task_scheduler.cc:131] [Task #0: main] Trial #626: GFLOPs: 11681.1687. Time: 19.7935 us. Best GFLOPs: 17371.5070
2025-10-07 11:11:27 [INFO] [task_scheduler.cc:131] [Task #0: main] Trial #627: GFLOPs: 13414.3529. Time: 17.2361 us. Best GFLOPs: 17371.5070
2025-10-07 11:11:27 [INFO] [task_scheduler.cc:131] [Task #0: main] Trial #628: GFLOPs: 13384.8083. Time: 17.2741 us. Best GFLOPs: 17371.5070
2025-10-07 11:11:27 [INFO] [task_scheduler.cc:131] [Task #0: main] Trial #629: GFLOPs: 11669.1450. Time: 19.8139 us. Best GFLOPs: 17371.5070
2025-10-07 11:11:27 [INFO] [task_scheduler.cc:131] [Task #0: main] Trial #630: GFLOPs: 11670.0228. Time: 19.8124 us. Best GFLOPs: 17371.5070
2025-10-07 11:11:27 [INFO] [task_scheduler.cc:131] [Task #0: main] Trial #631: GFLOPs: 11748.2551. Time: 19.6805 us. Best GFLOPs: 17371.5070
2025-10-07 11:11:27 [INFO] [task_scheduler.cc:131] [Task #0: main] Trial #632: GFLOPs: 12889.4273. Time: 17.9380 us. Best GFLOPs: 17371.5070
2025-10-07 11:11:27 [INFO] [task_scheduler.cc:131] [Task #0: main] Trial #633: GFLOPs: 11729.6523. Time: 19.7117 us. Best GFLOPs: 17371.5070
2025-10-07 11:11:27 [INFO] [task_scheduler.cc:131] [Task #0: main] Trial #634: GFLOPs: 11730.2972. Time: 19.7106 us. Best GFLOPs: 17371.5070
2025-10-07 11:11:27 [INFO] [task_scheduler.cc:131] [Task #0: main] Trial #635: GFLOPs: 12437.2534. Time: 18.5902 us. Best GFLOPs: 17371.5070
2025-10-07 11:11:27 [INFO] [task_scheduler.cc:131] [Task #0: main] Trial #636: GFLOPs: 13246.7804. Time: 17.4541 us. Best GFLOPs: 17371.5070
2025-10-07 11:11:27 [INFO] [task_scheduler.cc:131] [Task #0: main] Trial #637: GFLOPs: 11007.6711. Time: 21.0045 us. Best GFLOPs: 17371.5070
2025-10-07 11:11:27 [INFO] [task_scheduler.cc:131] [Task #0: main] Trial #638: GFLOPs: 5901.2038. Time: 39.1803 us. Best GFLOPs: 17371.5070
2025-10-07 11:11:27 [INFO] [task_scheduler.cc:121] [Task #0: main] Trial #639: Error in building:
LocalBuilder: An exception occurred
Traceback (most recent call last):
  File "/workspace/tvm-dev/python/tvm/exec/popen_worker.py", line 87, in main
    result = fn(*args, **kwargs)
             ^^^^^^^^^^^^^^^^^^^
  File "/workspace/tvm-dev/python/tvm/meta_schedule/builder/local_builder.py", line 165, in <lambda>
    lambda x: _worker_func(*x),
              ^^^^^^^^^^^^^^^^
  File "/workspace/tvm-dev/python/tvm/meta_schedule/builder/local_builder.py", line 231, in _worker_func
    rt_mod: Module = f_build(mod, target, _deserialize_params(params))
                     ^^^^^^^^^^^^^^^^^^^^^^^^^^^^^^^^^^^^^^^^^^^^^^^^^
  File "/workspace/tvm-dev/python/tvm/_ffi/_ctypes/packed_func.py", line 245, in __call__
    raise_last_ffi_error()
  File "/workspace/tvm-dev/python/tvm/_ffi/base.py", line 481, in raise_last_ffi_error
    raise py_err
  File "/workspace/tvm-dev/python/tvm/meta_schedule/builder/local_builder.py", line 261, in default_build
    return tvm_build(mod, target=target)
           ^^^^^^^^^^^^^^^^^^^^^^^^^^^^^
  File "/workspace/tvm-dev/python/tvm/driver/build_module.py", line 297, in build
    rt_mod_host = _driver_ffi.tir_to_runtime(annotated_mods, target_host)
                  ^^^^^^^^^^^^^^^^^^^^^^^^^^^^^^^^^^^^^^^^^^^^^^^^^^^^^^^
  File "/workspace/tvm-dev/python/tvm/_ffi/_ctypes/packed_func.py", line 245, in __call__
    raise_last_ffi_error()
  File "/workspace/tvm-dev/python/tvm/_ffi/base.py", line 481, in raise_last_ffi_error
    raise py_err
ValueError: Traceback (most recent call last):
  33: tvm::runtime::PackedFuncObj::Extractor<tvm::runtime::PackedFuncSubObj<tvm::runtime::TypedPackedFunc<tvm::runtime::Module (tvm::runtime::Map<tvm::Target, tvm::IRModule, void, void> const&, tvm::Target)>::AssignTypedLambda<tvm::__mk_TVM24::{lambda(tvm::runtime::Map<tvm::Target, tvm::IRModule, void, void> const&, tvm::Target)#1}>(tvm::__mk_TVM24::{lambda(tvm::runtime::Map<tvm::Target, tvm::IRModule, void, void> const&, tvm::Target)#1}, std::__cxx11::basic_string<char, std::char_traits<char>, std::allocator<char> >)::{lambda(tvm::runtime::TVMArgs const&, tvm::runtime::TVMRetValue*)#1}> >::Call(tvm::runtime::PackedFuncObj const*, std::__cxx11::basic_string<char, std::char_traits<char>, std::allocator<char> >, tvm::runtime::TVMRetValue)
  32: tvm::TIRToRuntime(tvm::runtime::Map<tvm::Target, tvm::IRModule, void, void> const&, tvm::Target const&)
  31: tvm::codegen::Build(tvm::IRModule, tvm::Target)
  30: _ZN3tvm7runtime13PackedFuncObj
  29: tvm::runtime::TypedPackedFunc<tvm::runtime::Module (tvm::IRModule, tvm::Target)>::AssignTypedLambda<tvm::runtime::Module (*)(tvm::IRModule, tvm::Target)>(tvm::runtime::Module (*)(tvm::IRModule, tvm::Target), std::__cxx11::basic_string<char, std::char_traits<char>, std::allocator<char> >)::{lambda(tvm::runtime::TVMArgs const&, tvm::runtime::TVMRetValue*)#1}::operator()(tvm::runtime::TVMArgs const&, tvm::runtime::TVMRetValue*) const
  28: tvm::codegen::BuildCUDA(tvm::IRModule, tvm::Target)
  27: tvm::codegen::CodeGenC::AddFunction(tvm::GlobalVar const&, tvm::tir::PrimFunc const&)
  26: tvm::codegen::CodeGenCUDA::VisitStmt_(tvm::tir::AllocateNode const*)
  25: tvm::codegen::CodeGenCUDA::VisitStmt_(tvm::tir::AllocateNode const*)
  24: tvm::codegen::CodeGenCUDA::VisitStmt_(tvm::tir::AllocateNode const*)
  23: tvm::codegen::CodeGenCUDA::VisitStmt_(tvm::tir::AllocateNode const*)
  22: tvm::codegen::CodeGenC::VisitStmt_(tvm::tir::SeqStmtNode const*)
  21: tvm::codegen::CodeGenC::VisitStmt_(tvm::tir::ForNode const*)
  20: tvm::codegen::CodeGenC::VisitStmt_(tvm::tir::SeqStmtNode const*)
  19: tvm::codegen::CodeGenC::VisitStmt_(tvm::tir::BufferStoreNode const*)
  18: tvm::codegen::CodeGenC::PrintExpr[abi:cxx11](tvm::PrimExpr const&)
  17: tvm::codegen::CodeGenC::VisitExpr_(tvm::tir::BufferLoadNode const*, std::ostream&)
  16: tvm::codegen::CodeGenC::PrintExpr[abi:cxx11](tvm::PrimExpr const&)
  15: void tvm::codegen::PrintBinaryExpr<tvm::tir::AddNode>(tvm::tir::AddNode const*, char const*, std::ostream&, tvm::codegen::CodeGenC*)
  14: tvm::codegen::CodeGenCUDA::PrintVecBinaryOp(std::__cxx11::basic_string<char, std::char_traits<char>, std::allocator<char> > const&, tvm::runtime::DataType, tvm::PrimExpr, tvm::PrimExpr, std::ostream&)
  13: tvm::codegen::CodeGenC::PrintExpr[abi:cxx11](tvm::PrimExpr const&)
  12: void tvm::codegen::PrintBinaryExpr<tvm::tir::AddNode>(tvm::tir::AddNode const*, char const*, std::ostream&, tvm::codegen::CodeGenC*)
  11: tvm::codegen::CodeGenCUDA::PrintVecBinaryOp(std::__cxx11::basic_string<char, std::char_traits<char>, std::allocator<char> > const&, tvm::runtime::DataType, tvm::PrimExpr, tvm::PrimExpr, std::ostream&)
  10: tvm::codegen::CodeGenC::PrintExpr[abi:cxx11](tvm::PrimExpr const&)
  9: void tvm::codegen::PrintBinaryExpr<tvm::tir::AddNode>(tvm::tir::AddNode const*, char const*, std::ostream&, tvm::codegen::CodeGenC*)
  8: tvm::codegen::CodeGenCUDA::PrintVecBinaryOp(std::__cxx11::basic_string<char, std::char_traits<char>, std::allocator<char> > const&, tvm::runtime::DataType, tvm::PrimExpr, tvm::PrimExpr, std::ostream&)
  7: tvm::codegen::CodeGenC::PrintExpr[abi:cxx11](tvm::PrimExpr const&)
  6: void tvm::codegen::PrintBinaryExpr<tvm::tir::MulNode>(tvm::tir::MulNode const*, char const*, std::ostream&, tvm::codegen::CodeGenC*)
  5: tvm::codegen::CodeGenCUDA::PrintVecBinaryOp(std::__cxx11::basic_string<char, std::char_traits<char>, std::allocator<char> > const&, tvm::runtime::DataType, tvm::PrimExpr, tvm::PrimExpr, std::ostream&)
  4: tvm::codegen::CodeGenC::PrintExpr[abi:cxx11](tvm::PrimExpr const&)
  3: void tvm::codegen::PrintBinaryExpr<tvm::tir::DivNode>(tvm::tir::DivNode const*, char const*, std::ostream&, tvm::codegen::CodeGenC*)
  2: tvm::codegen::CodeGenCUDA::PrintVecBinaryOp(std::__cxx11::basic_string<char, std::char_traits<char>, std::allocator<char> > const&, tvm::runtime::DataType, tvm::PrimExpr, tvm::PrimExpr, std::ostream&)
  1: tvm::codegen::CodeGenC::PrintExpr[abi:cxx11](tvm::PrimExpr const&)
  0: tvm::codegen::CodeGenCUDA::VisitExpr_(tvm::tir::RampNode const*, std::ostream&)
  File "/workspace/tvm-dev/src/target/source/codegen_cuda.cc", line 1204
ValueError: Check failed: lanes <= 4 (8 vs. 4) : Ramp of more than 4 lanes is not allowed.

# from tvm.script import ir as I
# from tvm.script import tir as T

@I.ir_module
class Module:
    @T.prim_func
    def main(A: T.Buffer((1, 256, 14, 14), "float16"), W: T.Buffer((256, 256, 3, 3), "float16"), conv2d_nchw: T.Buffer((1, 256, 14, 14), "float16")):
        T.func_attr({"tir.noalias": T.bool(True)})
        # with T.block("root"):
        conv2d_nchw_reindex_pad_shared_dyn = T.alloc_buffer((13, 8, 1, 2, 16, 16), "float16", scope="shared.dyn")
        conv2d_nchw_reindex_pad_shared_dyn_wmma_accumulator = T.alloc_buffer((13, 8, 1, 2, 16, 16), "float16", scope="wmma.accumulator")
        pad_temp_reindex_pad_shared_dyn = T.alloc_buffer((208, 2304), "float16", scope="shared.dyn")
        W_reindex_shared_dyn = T.alloc_buffer((256, 2304), "float16", scope="shared.dyn")
        pad_temp_reindex_pad_shared_dyn_wmma_matrix_a = T.alloc_buffer((208, 2304), "float16", scope="wmma.matrix_a")
        W_reindex_shared_dyn_wmma_matrix_b = T.alloc_buffer((256, 2304), "float16", scope="wmma.matrix_b")
        for ax0_0_0_ax1_0_0_fused in T.thread_binding(2, thread="blockIdx.y", annotations={"pragma_auto_unroll_max_step": 64, "pragma_unroll_explicit": 1}):
            for ax0_0_1_ax1_0_1_fused in T.thread_binding(26, thread="blockIdx.x"):
                for ax0_0_2_ax1_0_2_fused in T.thread_binding(2, thread="threadIdx.y"):
                    for ax0_0_3_init, ax1_0_3_init, ax0_0_4_init, ax1_0_4_init in T.grid(1, 2, 1, 1):
                        with T.block("conv2d_nchw_o_init"):
                            v0_o = T.axis.spatial(13, ax0_0_1_ax1_0_1_fused // 2 + ax0_0_3_init + ax0_0_4_init)
                            v1_o = T.axis.spatial(16, ax0_0_0_ax1_0_0_fused * 8 + ax0_0_1_ax1_0_1_fused % 2 * 4 + ax0_0_2_ax1_0_2_fused * 2 + ax1_0_3_init + ax1_0_4_init)
                            T.reads()
                            T.writes(conv2d_nchw_reindex_pad_shared_dyn_wmma_accumulator[v0_o, v1_o // 2, 0, v1_o % 2, 0:16, 0:16])
                            T.block_attr({"meta_schedule.thread_extent_high_inclusive": 1024, "meta_schedule.thread_extent_low_inclusive": 32, "warp_execution": 1})
                            C = T.match_buffer(conv2d_nchw_reindex_pad_shared_dyn_wmma_accumulator[v0_o, v1_o // 2, 0, v1_o % 2, 0:16, 0:16], (16, 16), "float16", strides=("C_s0", "C_s1"), scope="wmma.accumulator", offset_factor=16)
                            T.tvm_fill_fragment(C.data, 16, 16, 16, C.elem_offset // C.strides[0] // 16 * (C.strides[0] // 16) + C.elem_offset % C.strides[0] // 16, T.float32(0.0))
                    for ax2_0_0 in range(12):
                        for ax0_ax1_fused_0 in range(6):
                            for ax0_ax1_fused_1 in T.thread_binding(2, thread="threadIdx.y"):
                                for ax0_ax1_fused_2 in T.thread_binding(32, thread="threadIdx.x"):
                                    for ax0_ax1_fused_3 in T.vectorized(8):
                                        with T.block("pad_temp_reindex_pad_shared.dyn"):
                                            v0 = T.axis.spatial(208, ax0_0_1_ax1_0_1_fused // 2 * 16 + (ax0_ax1_fused_0 * 512 + ax0_ax1_fused_1 * 256 + ax0_ax1_fused_2 * 8 + ax0_ax1_fused_3) // 192)
                                            v1 = T.axis.spatial(2304, ax2_0_0 * 192 + (ax0_ax1_fused_0 * 512 + ax0_ax1_fused_1 * 256 + ax0_ax1_fused_2 * 8 + ax0_ax1_fused_3) % 192)
                                            T.reads(A[0, v1 // 9, v0 // 14 + v1 % 9 // 3 - 1, v0 % 14 + v1 % 3 - 1])
                                            T.writes(pad_temp_reindex_pad_shared_dyn[v0, v1])
                                            T.block_attr({"buffer_dim_align": [[0, 0, 32, 8]]})
                                            pad_temp_reindex_pad_shared_dyn[v0, v1] = T.if_then_else(v0 < 196, T.if_then_else(1 <= v0 // 14 + v1 % 9 // 3 and v0 // 14 + v1 % 9 // 3 < 15 and 1 <= v0 % 14 + v1 % 3 and v0 % 14 + v1 % 3 < 15, A[0, v1 // 9, v0 // 14 + v1 % 9 // 3 - 1, v0 % 14 + v1 % 3 - 1], T.float16(0.0)), T.float16(0.0))
                        for ax0_ax1_fused_0 in range(24):
                            for ax0_ax1_fused_1 in T.thread_binding(2, thread="threadIdx.y"):
                                for ax0_ax1_fused_2 in T.thread_binding(32, thread="threadIdx.x"):
                                    for ax0_ax1_fused_3 in T.vectorized(8):
                                        with T.block("W_reindex_shared.dyn"):
                                            v0 = T.axis.spatial(256, ax0_0_0_ax1_0_0_fused * 128 + ax0_0_1_ax1_0_1_fused % 2 * 64 + (ax0_ax1_fused_0 * 512 + ax0_ax1_fused_1 * 256 + ax0_ax1_fused_2 * 8 + ax0_ax1_fused_3) // 192)
                                            v1 = T.axis.spatial(2304, ax2_0_0 * 192 + (ax0_ax1_fused_0 * 512 + ax0_ax1_fused_1 * 256 + ax0_ax1_fused_2 * 8 + ax0_ax1_fused_3) % 192)
                                            T.reads(W[v0, v1 // 9, v1 % 9 // 3, v1 % 3])
                                            T.writes(W_reindex_shared_dyn[v0, v1])
                                            T.block_attr({"buffer_dim_align": [[0, 0, 32, 8]]})
                                            W_reindex_shared_dyn[v0, v1] = W[v0, v1 // 9, v1 % 9 // 3, v1 % 3]
                        for ax2_0_1 in range(6):
                            for ax0_0, ax1_0 in T.grid(1, 2):
                                with T.block("pad_temp_reindex_pad_shared.dyn_wmma.matrix_a_o"):
                                    v0_o = T.axis.spatial(13, ax0_0_1_ax1_0_1_fused // 2 + ax0_0)
                                    v1_o = T.axis.spatial(144, ax2_0_0 * 12 + ax2_0_1 * 2 + ax1_0)
                                    T.reads(pad_temp_reindex_pad_shared_dyn[v0_o * 16:v0_o * 16 + 16, v1_o * 16:v1_o * 16 + 16])
                                    T.writes(pad_temp_reindex_pad_shared_dyn_wmma_matrix_a[v0_o * 16:v0_o * 16 + 16, v1_o * 16:v1_o * 16 + 16])
                                    A_1 = T.match_buffer(pad_temp_reindex_pad_shared_dyn[v0_o * 16:v0_o * 16 + 16, v1_o * 16:v1_o * 16 + 16], (16, 16), "float16", strides=("A_s0", "A_s1"), scope="shared.dyn", offset_factor=16)
                                    C = T.match_buffer(pad_temp_reindex_pad_shared_dyn_wmma_matrix_a[v0_o * 16:v0_o * 16 + 16, v1_o * 16:v1_o * 16 + 16], (16, 16), "float16", strides=("C_s0", "C_s1"), scope="wmma.matrix_a", offset_factor=16)
                                    T.tvm_load_matrix_sync(C.data, 16, 16, 16, C.elem_offset // C.strides[0] // 16 * (C.strides[0] // 16) + C.elem_offset % C.strides[0] // 16, T.tvm_access_ptr(T.type_annotation("float16"), A_1.data, A_1.elem_offset, A_1.strides[0] * 16, 1), A_1.strides[0], "row_major")
                            for ax0_0, ax1_0 in T.grid(2, 2):
                                with T.block("W_reindex_shared.dyn_wmma.matrix_b_o"):
                                    v0_o = T.axis.spatial(16, ax0_0_0_ax1_0_0_fused * 8 + ax0_0_1_ax1_0_1_fused % 2 * 4 + ax0_0_2_ax1_0_2_fused * 2 + ax0_0)
                                    v1_o = T.axis.spatial(144, ax2_0_0 * 12 + ax2_0_1 * 2 + ax1_0)
                                    T.reads(W_reindex_shared_dyn[v0_o * 16:v0_o * 16 + 16, v1_o * 16:v1_o * 16 + 16])
                                    T.writes(W_reindex_shared_dyn_wmma_matrix_b[v0_o * 16:v0_o * 16 + 16, v1_o * 16:v1_o * 16 + 16])
                                    A_1 = T.match_buffer(W_reindex_shared_dyn[v0_o * 16:v0_o * 16 + 16, v1_o * 16:v1_o * 16 + 16], (16, 16), "float16", strides=("A_s0", "A_s1"), scope="shared.dyn", offset_factor=16)
                                    C = T.match_buffer(W_reindex_shared_dyn_wmma_matrix_b[v0_o * 16:v0_o * 16 + 16, v1_o * 16:v1_o * 16 + 16], (16, 16), "float16", strides=("C_s0", "C_s1"), scope="wmma.matrix_b", offset_factor=16)
                                    T.tvm_load_matrix_sync(C.data, 16, 16, 16, C.elem_offset // C.strides[0] // 16 * (C.strides[0] // 16) + C.elem_offset % C.strides[0] // 16, T.tvm_access_ptr(T.type_annotation("float16"), A_1.data, A_1.elem_offset, A_1.strides[0] * 16, 1), A_1.strides[0], "col_major")
                            for ax0_0_3, ax1_0_3, ax2_0_2, ax0_0_4, ax1_0_4 in T.grid(1, 2, 2, 1, 1):
                                with T.block("conv2d_nchw_o_update"):
                                    v0_o = T.axis.spatial(13, ax0_0_1_ax1_0_1_fused // 2 + ax0_0_3 + ax0_0_4)
                                    v1_o = T.axis.spatial(16, ax0_0_0_ax1_0_0_fused * 8 + ax0_0_1_ax1_0_1_fused % 2 * 4 + ax0_0_2_ax1_0_2_fused * 2 + ax1_0_3 + ax1_0_4)
                                    v2_o = T.axis.reduce(144, ax2_0_0 * 12 + ax2_0_1 * 2 + ax2_0_2)
                                    T.reads(conv2d_nchw_reindex_pad_shared_dyn_wmma_accumulator[v0_o, v1_o // 2, 0, v1_o % 2, 0:16, 0:16], pad_temp_reindex_pad_shared_dyn_wmma_matrix_a[v0_o * 16:v0_o * 16 + 16, v2_o * 16:v2_o * 16 + 16], W_reindex_shared_dyn_wmma_matrix_b[v1_o * 16:v1_o * 16 + 16, v2_o * 16:v2_o * 16 + 16])
                                    T.writes(conv2d_nchw_reindex_pad_shared_dyn_wmma_accumulator[v0_o, v1_o // 2, 0, v1_o % 2, 0:16, 0:16])
                                    T.block_attr({"meta_schedule.thread_extent_high_inclusive": 1024, "meta_schedule.thread_extent_low_inclusive": 32, "warp_execution": 1})
                                    A_1 = T.match_buffer(pad_temp_reindex_pad_shared_dyn_wmma_matrix_a[v0_o * 16:v0_o * 16 + 16, v2_o * 16:v2_o * 16 + 16], (16, 16), "float16", strides=("A_s0", "A_s1"), scope="wmma.matrix_a", offset_factor=16)
                                    B = T.match_buffer(W_reindex_shared_dyn_wmma_matrix_b[v1_o * 16:v1_o * 16 + 16, v2_o * 16:v2_o * 16 + 16], (16, 16), "float16", strides=("B_s0", "B_s1"), scope="wmma.matrix_b", offset_factor=16)
                                    C = T.match_buffer(conv2d_nchw_reindex_pad_shared_dyn_wmma_accumulator[v0_o, v1_o // 2, 0, v1_o % 2, 0:16, 0:16], (16, 16), "float16", strides=("C_s0", "C_s1"), scope="wmma.accumulator", offset_factor=16)
                                    T.tvm_mma_sync(C.data, C.elem_offset // C.strides[0] // 16 * (C.strides[0] // 16) + C.elem_offset % C.strides[0] // 16, A_1.data, A_1.elem_offset // A_1.strides[0] // 16 * (A_1.strides[0] // 16) + A_1.elem_offset % A_1.strides[0] // 16, B.data, B.elem_offset // B.strides[0] // 16 * (B.strides[0] // 16) + B.elem_offset % B.strides[0] // 16, C.data, C.elem_offset // C.strides[0] // 16 * (C.strides[0] // 16) + C.elem_offset % C.strides[0] // 16)
                for ax2 in range(1):
                    for ax0_ax1_fused in T.thread_binding(2, thread="threadIdx.y"):
                        for ax2_1, ax3 in T.grid(1, 2):
                            with T.block("conv2d_nchw_reindex_pad_shared.dyn_wmma.accumulator_o"):
                                v0_o = T.axis.spatial(13, ax0_0_1_ax1_0_1_fused // 2)
                                v1_o = T.axis.spatial(8, ax0_0_0_ax1_0_0_fused * 4 + ax0_0_1_ax1_0_1_fused % 2 * 2 + ax0_ax1_fused)
                                v2_o, v3_o = T.axis.remap("SS", [ax2_1, ax3])
                                v4_o = T.axis.spatial(1, 0)
                                v5_o = T.axis.spatial(1, 0)
                                T.reads(conv2d_nchw_reindex_pad_shared_dyn_wmma_accumulator[v0_o, v1_o, v2_o, v3_o, 0:16, 0:16])
                                T.writes(conv2d_nchw_reindex_pad_shared_dyn[v0_o, v1_o, v2_o, v3_o, 0:16, 0:16])
                                A_1 = T.match_buffer(conv2d_nchw_reindex_pad_shared_dyn_wmma_accumulator[v0_o, v1_o, v2_o, v3_o, 0:16, 0:16], (16, 16), "float16", strides=("A_s0", "A_s1"), scope="wmma.accumulator", offset_factor=16)
                                C = T.match_buffer(conv2d_nchw_reindex_pad_shared_dyn[v0_o, v1_o, v2_o, v3_o, 0:16, 0:16], (16, 16), "float16", strides=("C_s0", "C_s1"), scope="shared.dyn", offset_factor=16)
                                T.tvm_store_matrix_sync(A_1.data, 16, 16, 16, A_1.elem_offset // A_1.strides[0] // 16 * (A_1.strides[0] // 16) + A_1.elem_offset % A_1.strides[0] // 16, T.tvm_access_ptr(T.type_annotation("float16"), C.data, C.elem_offset, C.strides[0] * 16, 2), C.strides[0], "row_major")
                    for ax0_ax1_ax3_ax4_ax5_fused_0 in range(16):
                        for ax0_ax1_ax3_ax4_ax5_fused_1 in T.thread_binding(2, thread="threadIdx.y"):
                            for ax0_ax1_ax3_ax4_ax5_fused_2 in T.thread_binding(32, thread="threadIdx.x"):
                                with T.block("conv2d_nchw_reindex_pad_shared.dyn"):
                                    v0 = T.axis.spatial(13, ax0_0_1_ax1_0_1_fused // 2)
                                    v1 = T.axis.spatial(8, ax0_0_0_ax1_0_0_fused * 4 + ax0_0_1_ax1_0_1_fused % 2 * 2 + (ax0_ax1_ax3_ax4_ax5_fused_0 * 64 + ax0_ax1_ax3_ax4_ax5_fused_1 * 32 + ax0_ax1_ax3_ax4_ax5_fused_2) // 512)
                                    v2 = T.axis.spatial(1, ax2)
                                    v3 = T.axis.spatial(2, (ax0_ax1_ax3_ax4_ax5_fused_0 * 64 + ax0_ax1_ax3_ax4_ax5_fused_1 * 32 + ax0_ax1_ax3_ax4_ax5_fused_2) % 512 // 256)
                                    v4 = T.axis.spatial(16, (ax0_ax1_ax3_ax4_ax5_fused_0 * 64 + ax0_ax1_ax3_ax4_ax5_fused_1 * 32 + ax0_ax1_ax3_ax4_ax5_fused_2) % 256 // 16)
                                    v5 = T.axis.spatial(16, (ax0_ax1_ax3_ax4_ax5_fused_0 * 64 + ax0_ax1_ax3_ax4_ax5_fused_1 * 32 + ax0_ax1_ax3_ax4_ax5_fused_2) % 16)
                                    T.where(ax0_0_1_ax1_0_1_fused // 2 * 16 + T.Mul(0, 16) + ((ax0_ax1_ax3_ax4_ax5_fused_0 * 2 + ax0_ax1_ax3_ax4_ax5_fused_1) * 32 + ax0_ax1_ax3_ax4_ax5_fused_2) % 256 // 16 < 196)
                                    T.reads(conv2d_nchw_reindex_pad_shared_dyn[v0, v1, v2, v3, v4, v5])
                                    T.writes(conv2d_nchw[0, v5 + v3 * 16 + v1 * 32, (v4 + v0 * 16) // 14, (v4 + v0 * 16) % 14])
                                    conv2d_nchw[0, v5 + v3 * 16 + v1 * 32, (v4 + v0 * 16) // 14, (v4 + v0 * 16) % 14] = conv2d_nchw_reindex_pad_shared_dyn[v0, v1, v2, v3, v4, v5]
b0 = sch.get_block(name="pad_temp", func_name="main")
b1 = sch.get_block(name="conv2d_nchw", func_name="main")
b2 = sch.get_block(name="root", func_name="main")
sch.annotate(block_or_loop=b1, ann_key="meta_schedule.tiling_structure", ann_val="SSSRRSRS")
b3 = sch.reindex(block=b1, buffer=("write", 0))
b4 = sch.reindex(block=b1, buffer=("read", 0))
b5 = sch.reindex(block=b1, buffer=("read", 1))
sch.transform_layout(block=b1, buffer=("read", 0), index_map=lambda v_nn, v_yy, v_xx, v_rc, v_ry, v_rx: (v_nn * 196 + v_yy * 14 + v_xx, v_rc * 9 + v_ry * 3 + v_rx,), pad_value=None, assume_injective_transform=True)
sch.transform_layout(block=b1, buffer=("read", 1), index_map=lambda v_ff, v_rc, v_ry, v_rx: (v_ff, v_rc * 9 + v_ry * 3 + v_rx,), pad_value=None, assume_injective_transform=True)
sch.transform_layout(block=b1, buffer=("write", 0), index_map=lambda v_nn, v_ff, v_yy, v_xx: (v_nn * 196 + v_yy * 14 + v_xx, v_ff,), pad_value=None, assume_injective_transform=True)
sch.transform_block_layout(block=b3, index_map=lambda v_nn, v_ff, v_yy, v_xx: (v_nn * 196 + v_yy * 14 + v_xx, v_ff,))
sch.transform_block_layout(block=b4, index_map=lambda v_nn, v_yy, v_xx, v_rc, v_ry, v_rx: (v_nn * 196 + v_yy * 14 + v_xx, v_rc * 9 + v_ry * 3 + v_rx,))
sch.transform_block_layout(block=b5, index_map=lambda v_ff, v_rc, v_ry, v_rx: (v_ff, v_rc * 9 + v_ry * 3 + v_rx,))
sch.transform_block_layout(block=b1, index_map=lambda v_nn, v_ff, v_yy, v_xx, v_rc, v_ry, v_rx: (v_nn * 196 + v_yy * 14 + v_xx, v_ff, v_rc * 9 + v_ry * 3 + v_rx,))
sch.pad_einsum(block=b1, padding=[16, 1, 1])
b6, b7 = sch.get_producers(block=b1)
b8, = sch.get_producers(block=b6)
b9, = sch.get_consumers(block=b1)
sch.compute_inline(block=b8)
sch.compute_inline(block=b9)
l10, l11, l12 = sch.get_loops(block=b1)
l13, l14 = sch.split(loop=l12, factors=[None, 16], preserve_unit_iters=True, disable_predication=False)
l15, l16 = sch.split(loop=l11, factors=[None, 16], preserve_unit_iters=True, disable_predication=False)
l17, l18 = sch.split(loop=l10, factors=[None, 16], preserve_unit_iters=True, disable_predication=False)
l19, l20, l21, l22, l23, l24 = sch.get_loops(block=b1)
sch.reorder(l21, l23, l18, l16, l14)
b25 = sch.blockize(target=l18, preserve_unit_iters=True)
sch.annotate(block_or_loop=b25, ann_key="meta_schedule.auto_tensorize", ann_val="wmma_sync_16x16x16_f16f16f16_trans")
sch.annotate(block_or_loop=b25, ann_key="meta_schedule.auto_tensorize_init", ann_val="wmma_fill_16x16x16_f16")
sch.annotate(block_or_loop=b25, ann_key="warp_execution", ann_val=1)
l26, l27, l28 = sch.get_loops(block=b25)
v29, v30, v31, v32, v33 = sch.sample_perfect_tile(loop=l26, n=5, max_innermost_factor=4, decision=[1, 13, 1, 1, 1])
l34, l35, l36, l37, l38 = sch.split(loop=l26, factors=[v29, v30, v31, v32, v33], preserve_unit_iters=True, disable_predication=False)
v39, v40, v41, v42, v43 = sch.sample_perfect_tile(loop=l27, n=5, max_innermost_factor=4, decision=[2, 2, 2, 2, 1])
l44, l45, l46, l47, l48 = sch.split(loop=l27, factors=[v39, v40, v41, v42, v43], preserve_unit_iters=True, disable_predication=False)
v49, v50, v51 = sch.sample_perfect_tile(loop=l28, n=3, max_innermost_factor=4, decision=[12, 6, 2])
l52, l53, l54 = sch.split(loop=l28, factors=[v49, v50, v51], preserve_unit_iters=True, disable_predication=False)
sch.reorder(l34, l44, l35, l45, l36, l46, l52, l53, l37, l47, l54, l38, l48)
l55 = sch.fuse(l34, l44, preserve_unit_iters=True)
sch.bind(loop=l55, thread_axis="blockIdx.y")
l56 = sch.fuse(l35, l45, preserve_unit_iters=True)
sch.bind(loop=l56, thread_axis="blockIdx.x")
l57 = sch.fuse(l36, l46, preserve_unit_iters=True)
sch.bind(loop=l57, thread_axis="threadIdx.y")
sch.annotate(block_or_loop=b25, ann_key="meta_schedule.thread_extent_low_inclusive", ann_val=32)
sch.annotate(block_or_loop=b25, ann_key="meta_schedule.thread_extent_high_inclusive", ann_val=1024)
sch.transform_layout(block=b25, buffer=("write", 0), index_map=lambda i0, i1: (i0 // 16 // (v32 * v33), i1 // 16 // (v42 * v43), i0 // 16 % (v32 * v33), i1 // 16 % (v42 * v43), i0 % 16, i1 % 16,), pad_value=None, assume_injective_transform=True)
b58 = sch.cache_write(block=b25, write_buffer_index=0, storage_scope="shared.dyn")
sch.reverse_compute_at(block=b58, loop=l56, preserve_unit_loops=True, index=-1)
b59 = sch.cache_write(block=b25, write_buffer_index=0, storage_scope="wmma.accumulator")
l60, l61, l62, l63, l64, l65, l66, l67 = sch.get_loops(block=b58)
sch.reorder(l64, l62, l63, l65)
sch.compute_at(block=b59, loop=l64, preserve_unit_loops=True, index=-1)
l68, l69, l70, l71, l72, l73, l74, l75, l76 = sch.get_loops(block=b59)
l77 = sch.fuse(l71, l72, preserve_unit_iters=True)
sch.bind(loop=l77, thread_axis="threadIdx.y")
sch.reverse_compute_inline(block=b3)
l78, l79, l80, l81, l82, l83, l84, l85 = sch.get_loops(block=b59)
b86 = sch.blockize(target=l84, preserve_unit_iters=True)
sch.annotate(block_or_loop=b86, ann_key="meta_schedule.auto_tensorize", ann_val="wmma_store_16x16x16_f16_shared_dyn")
l87, l88, l89, l90, l91, l92, l93, l94 = sch.get_loops(block=b58)
l95 = sch.fuse(l90, l91, l92, l93, l94, preserve_unit_iters=True)
v96 = sch.sample_categorical(candidates=[1, 2, 4, 8], probs=[0.25, 0.25, 0.25, 0.25], decision=0)
sch.annotate(block_or_loop=b58, ann_key="meta_schedule.cooperative_fetch", ann_val=v96)
b97 = sch.cache_read(block=b25, read_buffer_index=0, storage_scope="shared.dyn", consumer_blocks=[b25])
sch.compute_at(block=b97, loop=l52, preserve_unit_loops=True, index=-1)
l98, l99, l100, l101, l102, l103 = sch.get_loops(block=b97)
l104 = sch.fuse(l102, l103, preserve_unit_iters=True)
v105 = sch.sample_categorical(candidates=[1, 2, 4, 8], probs=[0.25, 0.25, 0.25, 0.25], decision=3)
sch.annotate(block_or_loop=b97, ann_key="meta_schedule.cooperative_fetch", ann_val=v105)
b106 = sch.cache_read(block=b25, read_buffer_index=1, storage_scope="shared.dyn", consumer_blocks=[b25])
sch.compute_at(block=b106, loop=l52, preserve_unit_loops=True, index=-1)
l107, l108, l109, l110, l111, l112 = sch.get_loops(block=b106)
l113 = sch.fuse(l111, l112, preserve_unit_iters=True)
v114 = sch.sample_categorical(candidates=[1, 2, 4, 8], probs=[0.25, 0.25, 0.25, 0.25], decision=3)
sch.annotate(block_or_loop=b106, ann_key="meta_schedule.cooperative_fetch", ann_val=v114)
b115 = sch.cache_read(block=b25, read_buffer_index=0, storage_scope="wmma.matrix_a")
sch.compute_at(block=b115, loop=l53, preserve_unit_loops=True, index=-1)
l116, l117, l118, l119, l120, l121, l122 = sch.get_loops(block=b115)
l123, l124 = sch.split(loop=l122, factors=[None, 16], preserve_unit_iters=True, disable_predication=False)
l125, l126 = sch.split(loop=l121, factors=[None, 16], preserve_unit_iters=True, disable_predication=False)
l127, l128, l129, l130, l131, l132, l133, l134, l135 = sch.get_loops(block=b115)
sch.reorder(l134, l126, l124)
b136 = sch.blockize(target=l126, preserve_unit_iters=True)
sch.annotate(block_or_loop=b136, ann_key="meta_schedule.auto_tensorize", ann_val="wmma_load_16x16x16_f16_a_shared_dyn")
b137 = sch.cache_read(block=b25, read_buffer_index=1, storage_scope="wmma.matrix_b")
sch.compute_at(block=b137, loop=l53, preserve_unit_loops=True, index=-1)
l138, l139, l140, l141, l142, l143, l144 = sch.get_loops(block=b137)
l145, l146 = sch.split(loop=l144, factors=[None, 16], preserve_unit_iters=True, disable_predication=False)
l147, l148 = sch.split(loop=l143, factors=[None, 16], preserve_unit_iters=True, disable_predication=False)
l149, l150, l151, l152, l153, l154, l155, l156, l157 = sch.get_loops(block=b137)
sch.reorder(l156, l148, l146)
b158 = sch.blockize(target=l148, preserve_unit_iters=True)
sch.annotate(block_or_loop=b158, ann_key="meta_schedule.auto_tensorize", ann_val="wmma_load_16x16x16_f16_b_trans_shared_dyn")
b159, = sch.get_producers(block=b97)
sch.compute_inline(block=b159)
sch.storage_align(block=b97, buffer_index=0, axis=-2, factor=32, offset=8)
b160, = sch.get_producers(block=b106)
sch.compute_inline(block=b160)
sch.storage_align(block=b106, buffer_index=0, axis=-2, factor=32, offset=8)
sch.compute_inline(block=b0)
v161 = sch.sample_categorical(candidates=[0, 16, 64, 512, 1024], probs=[0.20000000000000001, 0.20000000000000001, 0.20000000000000001, 0.20000000000000001, 0.20000000000000001], decision=2)
sch.annotate(block_or_loop=b2, ann_key="meta_schedule.unroll_explicit", ann_val=v161)
sch.enter_postproc()
sch.unannotate(block_or_loop=b58, ann_key="meta_schedule.cooperative_fetch")
l162, l163, l164, l165 = sch.get_loops(block=b58)
l166, l167, l168 = sch.split(loop=l165, factors=[None, 2, 32], preserve_unit_iters=True, disable_predication=False)
sch.bind(loop=l168, thread_axis="threadIdx.x")
sch.bind(loop=l167, thread_axis="threadIdx.y")
sch.unannotate(block_or_loop=b97, ann_key="meta_schedule.cooperative_fetch")
l169, l170, l171, l172, l173 = sch.get_loops(block=b97)
l174, l175, l176, l177 = sch.split(loop=l173, factors=[None, 2, 32, 8], preserve_unit_iters=True, disable_predication=False)
sch.vectorize(loop=l177)
sch.bind(loop=l176, thread_axis="threadIdx.x")
sch.bind(loop=l175, thread_axis="threadIdx.y")
sch.unannotate(block_or_loop=b106, ann_key="meta_schedule.cooperative_fetch")
l178, l179, l180, l181, l182 = sch.get_loops(block=b106)
l183, l184, l185, l186 = sch.split(loop=l182, factors=[None, 2, 32, 8], preserve_unit_iters=True, disable_predication=False)
sch.vectorize(loop=l186)
sch.bind(loop=l185, thread_axis="threadIdx.x")
sch.bind(loop=l184, thread_axis="threadIdx.y")
b187 = sch.get_block(name="root", func_name="main")
sch.unannotate(block_or_loop=b187, ann_key="meta_schedule.unroll_explicit")
b188, b189, b190, b191, b192, b193, b194 = sch.get_child_blocks(b187)
l195, l196, l197, l198, l199, l200, l201, l202 = sch.get_loops(block=b188)
l203, l204, l205, l206, l207, l208, l209, l210 = sch.get_loops(block=b189)
l211, l212, l213, l214, l215, l216, l217 = sch.get_loops(block=b190)
l218, l219, l220, l221, l222, l223, l224 = sch.get_loops(block=b191)
l225, l226, l227, l228, l229, l230, l231, l232, l233, l234 = sch.get_loops(block=b192)
sch.annotate(block_or_loop=l225, ann_key="pragma_auto_unroll_max_step", ann_val=64)
sch.annotate(block_or_loop=l225, ann_key="pragma_unroll_explicit", ann_val=1)
l235, l236, l237, l238, l239, l240 = sch.get_loops(block=b193)
l241, l242, l243, l244, l245, l246 = sch.get_loops(block=b194)
b247 = sch.get_block(name="conv2d_nchw_o", func_name="main")
l248, l249, l250, l251, l252, l253, l254, l255, l256, l257 = sch.get_loops(block=b247)
b258 = sch.decompose_reduction(block=b247, loop=l251)
sch.unannotate(block_or_loop=b258, ann_key="meta_schedule.auto_tensorize")
sch.annotate(block_or_loop=b258, ann_key="meta_schedule.auto_tensorize", ann_val="wmma_fill_16x16x16_f16")
sch.unannotate(block_or_loop=b247, ann_key="meta_schedule.auto_tensorize_init")
sch.unannotate(block_or_loop=b258, ann_key="meta_schedule.auto_tensorize_init")
b259 = sch.get_block(name="conv2d_nchw_o_init", func_name="main")
sch.unannotate(block_or_loop=b259, ann_key="meta_schedule.auto_tensorize")
sch.tensorize(block_or_loop=b259, tensor_intrin="wmma_fill_16x16x16_f16", preserve_unit_iters=True)
b260 = sch.get_block(name="pad_temp_reindex_pad_shared.dyn_wmma.matrix_a_o", func_name="main")
sch.unannotate(block_or_loop=b260, ann_key="meta_schedule.auto_tensorize")
sch.tensorize(block_or_loop=b260, tensor_intrin="wmma_load_16x16x16_f16_a_shared_dyn", preserve_unit_iters=True)
b261 = sch.get_block(name="W_reindex_shared.dyn_wmma.matrix_b_o", func_name="main")
sch.unannotate(block_or_loop=b261, ann_key="meta_schedule.auto_tensorize")
sch.tensorize(block_or_loop=b261, tensor_intrin="wmma_load_16x16x16_f16_b_trans_shared_dyn", preserve_unit_iters=True)
b262 = sch.get_block(name="conv2d_nchw_o_update", func_name="main")
sch.unannotate(block_or_loop=b262, ann_key="meta_schedule.auto_tensorize")
sch.tensorize(block_or_loop=b262, tensor_intrin="wmma_sync_16x16x16_f16f16f16_trans", preserve_unit_iters=True)
b263 = sch.get_block(name="conv2d_nchw_reindex_pad_shared.dyn_wmma.accumulator_o", func_name="main")
sch.unannotate(block_or_loop=b263, ann_key="meta_schedule.auto_tensorize")
sch.tensorize(block_or_loop=b263, tensor_intrin="wmma_store_16x16x16_f16_shared_dyn", preserve_unit_iters=True)
2025-10-07 11:11:27 [INFO] [task_scheduler.cc:121] [Task #0: main] Trial #640: Error in building:
LocalBuilder: An exception occurred
Traceback (most recent call last):
  File "/workspace/tvm-dev/python/tvm/exec/popen_worker.py", line 87, in main
    result = fn(*args, **kwargs)
             ^^^^^^^^^^^^^^^^^^^
  File "/workspace/tvm-dev/python/tvm/meta_schedule/builder/local_builder.py", line 165, in <lambda>
    lambda x: _worker_func(*x),
              ^^^^^^^^^^^^^^^^
  File "/workspace/tvm-dev/python/tvm/meta_schedule/builder/local_builder.py", line 231, in _worker_func
    rt_mod: Module = f_build(mod, target, _deserialize_params(params))
                     ^^^^^^^^^^^^^^^^^^^^^^^^^^^^^^^^^^^^^^^^^^^^^^^^^
  File "/workspace/tvm-dev/python/tvm/_ffi/_ctypes/packed_func.py", line 245, in __call__
    raise_last_ffi_error()
  File "/workspace/tvm-dev/python/tvm/_ffi/base.py", line 481, in raise_last_ffi_error
    raise py_err
  File "/workspace/tvm-dev/python/tvm/meta_schedule/builder/local_builder.py", line 261, in default_build
    return tvm_build(mod, target=target)
           ^^^^^^^^^^^^^^^^^^^^^^^^^^^^^
  File "/workspace/tvm-dev/python/tvm/driver/build_module.py", line 297, in build
    rt_mod_host = _driver_ffi.tir_to_runtime(annotated_mods, target_host)
                  ^^^^^^^^^^^^^^^^^^^^^^^^^^^^^^^^^^^^^^^^^^^^^^^^^^^^^^^
  File "/workspace/tvm-dev/python/tvm/_ffi/_ctypes/packed_func.py", line 245, in __call__
    raise_last_ffi_error()
  File "/workspace/tvm-dev/python/tvm/_ffi/base.py", line 481, in raise_last_ffi_error
    raise py_err
ValueError: Traceback (most recent call last):
  34: tvm::runtime::PackedFuncObj::Extractor<tvm::runtime::PackedFuncSubObj<tvm::runtime::TypedPackedFunc<tvm::runtime::Module (tvm::runtime::Map<tvm::Target, tvm::IRModule, void, void> const&, tvm::Target)>::AssignTypedLambda<tvm::__mk_TVM24::{lambda(tvm::runtime::Map<tvm::Target, tvm::IRModule, void, void> const&, tvm::Target)#1}>(tvm::__mk_TVM24::{lambda(tvm::runtime::Map<tvm::Target, tvm::IRModule, void, void> const&, tvm::Target)#1}, std::__cxx11::basic_string<char, std::char_traits<char>, std::allocator<char> >)::{lambda(tvm::runtime::TVMArgs const&, tvm::runtime::TVMRetValue*)#1}> >::Call(tvm::runtime::PackedFuncObj const*, std::__cxx11::basic_string<char, std::char_traits<char>, std::allocator<char> >, tvm::runtime::TVMRetValue)
  33: tvm::TIRToRuntime(tvm::runtime::Map<tvm::Target, tvm::IRModule, void, void> const&, tvm::Target const&)
  32: tvm::codegen::Build(tvm::IRModule, tvm::Target)
  31: _ZN3tvm7runtime13PackedFuncObj
  30: tvm::runtime::TypedPackedFunc<tvm::runtime::Module (tvm::IRModule, tvm::Target)>::AssignTypedLambda<tvm::runtime::Module (*)(tvm::IRModule, tvm::Target)>(tvm::runtime::Module (*)(tvm::IRModule, tvm::Target), std::__cxx11::basic_string<char, std::char_traits<char>, std::allocator<char> >)::{lambda(tvm::runtime::TVMArgs const&, tvm::runtime::TVMRetValue*)#1}::operator()(tvm::runtime::TVMArgs const&, tvm::runtime::TVMRetValue*) const
  29: tvm::codegen::BuildCUDA(tvm::IRModule, tvm::Target)
  28: tvm::codegen::CodeGenC::AddFunction(tvm::GlobalVar const&, tvm::tir::PrimFunc const&)
  27: tvm::codegen::CodeGenCUDA::VisitStmt_(tvm::tir::AllocateNode const*)
  26: tvm::codegen::CodeGenCUDA::VisitStmt_(tvm::tir::AllocateNode const*)
  25: tvm::codegen::CodeGenCUDA::VisitStmt_(tvm::tir::AllocateNode const*)
  24: tvm::codegen::CodeGenCUDA::VisitStmt_(tvm::tir::AllocateNode const*)
  23: tvm::codegen::CodeGenC::VisitStmt_(tvm::tir::SeqStmtNode const*)
  22: tvm::codegen::CodeGenC::VisitStmt_(tvm::tir::ForNode const*)
  21: tvm::codegen::CodeGenC::VisitStmt_(tvm::tir::SeqStmtNode const*)
  20: tvm::codegen::CodeGenC::VisitStmt_(tvm::tir::ForNode const*)
  19: tvm::codegen::CodeGenC::VisitStmt_(tvm::tir::BufferStoreNode const*)
  18: tvm::codegen::CodeGenC::PrintExpr[abi:cxx11](tvm::PrimExpr const&)
  17: tvm::codegen::CodeGenC::VisitExpr_(tvm::tir::BufferLoadNode const*, std::ostream&)
  16: tvm::codegen::CodeGenC::PrintExpr[abi:cxx11](tvm::PrimExpr const&)
  15: void tvm::codegen::PrintBinaryExpr<tvm::tir::AddNode>(tvm::tir::AddNode const*, char const*, std::ostream&, tvm::codegen::CodeGenC*)
  14: tvm::codegen::CodeGenCUDA::PrintVecBinaryOp(std::__cxx11::basic_string<char, std::char_traits<char>, std::allocator<char> > const&, tvm::runtime::DataType, tvm::PrimExpr, tvm::PrimExpr, std::ostream&)
  13: tvm::codegen::CodeGenC::PrintExpr[abi:cxx11](tvm::PrimExpr const&)
  12: void tvm::codegen::PrintBinaryExpr<tvm::tir::AddNode>(tvm::tir::AddNode const*, char const*, std::ostream&, tvm::codegen::CodeGenC*)
  11: tvm::codegen::CodeGenCUDA::PrintVecBinaryOp(std::__cxx11::basic_string<char, std::char_traits<char>, std::allocator<char> > const&, tvm::runtime::DataType, tvm::PrimExpr, tvm::PrimExpr, std::ostream&)
  10: tvm::codegen::CodeGenC::PrintExpr[abi:cxx11](tvm::PrimExpr const&)
  9: void tvm::codegen::PrintBinaryExpr<tvm::tir::AddNode>(tvm::tir::AddNode const*, char const*, std::ostream&, tvm::codegen::CodeGenC*)
  8: tvm::codegen::CodeGenCUDA::PrintVecBinaryOp(std::__cxx11::basic_string<char, std::char_traits<char>, std::allocator<char> > const&, tvm::runtime::DataType, tvm::PrimExpr, tvm::PrimExpr, std::ostream&)
  7: tvm::codegen::CodeGenC::PrintExpr[abi:cxx11](tvm::PrimExpr const&)
  6: void tvm::codegen::PrintBinaryExpr<tvm::tir::MulNode>(tvm::tir::MulNode const*, char const*, std::ostream&, tvm::codegen::CodeGenC*)
  5: tvm::codegen::CodeGenCUDA::PrintVecBinaryOp(std::__cxx11::basic_string<char, std::char_traits<char>, std::allocator<char> > const&, tvm::runtime::DataType, tvm::PrimExpr, tvm::PrimExpr, std::ostream&)
  4: tvm::codegen::CodeGenC::PrintExpr[abi:cxx11](tvm::PrimExpr const&)
  3: void tvm::codegen::PrintBinaryExpr<tvm::tir::DivNode>(tvm::tir::DivNode const*, char const*, std::ostream&, tvm::codegen::CodeGenC*)
  2: tvm::codegen::CodeGenCUDA::PrintVecBinaryOp(std::__cxx11::basic_string<char, std::char_traits<char>, std::allocator<char> > const&, tvm::runtime::DataType, tvm::PrimExpr, tvm::PrimExpr, std::ostream&)
  1: tvm::codegen::CodeGenC::PrintExpr[abi:cxx11](tvm::PrimExpr const&)
  0: tvm::codegen::CodeGenCUDA::VisitExpr_(tvm::tir::RampNode const*, std::ostream&)
  File "/workspace/tvm-dev/src/target/source/codegen_cuda.cc", line 1204
ValueError: Check failed: lanes <= 4 (8 vs. 4) : Ramp of more than 4 lanes is not allowed.

# from tvm.script import ir as I
# from tvm.script import tir as T

@I.ir_module
class Module:
    @T.prim_func
    def main(A: T.Buffer((1, 256, 14, 14), "float16"), W: T.Buffer((256, 256, 3, 3), "float16"), conv2d_nchw: T.Buffer((1, 256, 14, 14), "float16")):
        T.func_attr({"tir.noalias": T.bool(True)})
        # with T.block("root"):
        conv2d_nchw_reindex_pad_shared_dyn = T.alloc_buffer((13, 4, 1, 4, 16, 16), "float16", scope="shared.dyn")
        conv2d_nchw_reindex_pad_shared_dyn_wmma_accumulator = T.alloc_buffer((13, 4, 1, 4, 16, 16), "float16", scope="wmma.accumulator")
        pad_temp_reindex_pad_shared_dyn = T.alloc_buffer((208, 2304), "float16", scope="shared.dyn")
        W_reindex_shared_dyn = T.alloc_buffer((256, 2304), "float16", scope="shared.dyn")
        pad_temp_reindex_pad_shared_dyn_wmma_matrix_a = T.alloc_buffer((208, 2304), "float16", scope="wmma.matrix_a")
        W_reindex_shared_dyn_wmma_matrix_b = T.alloc_buffer((256, 2304), "float16", scope="wmma.matrix_b")
        for ax0_0_0_ax1_0_0_fused in T.thread_binding(4, thread="blockIdx.y"):
            for ax0_0_1_ax1_0_1_fused in T.thread_binding(13, thread="blockIdx.x"):
                for ax0_0_2_ax1_0_2_fused in T.thread_binding(1, thread="threadIdx.y"):
                    for ax0_0_3_init, ax1_0_3_init, ax0_0_4_init, ax1_0_4_init in T.grid(1, 4, 1, 1):
                        with T.block("conv2d_nchw_o_init"):
                            v0_o = T.axis.spatial(13, ax0_0_1_ax1_0_1_fused + ax0_0_3_init + ax0_0_4_init)
                            v1_o = T.axis.spatial(16, ax0_0_0_ax1_0_0_fused * 4 + ax1_0_3_init + ax1_0_4_init)
                            T.reads()
                            T.writes(conv2d_nchw_reindex_pad_shared_dyn_wmma_accumulator[v0_o, v1_o // 4, 0, v1_o % 4, 0:16, 0:16])
                            T.block_attr({"meta_schedule.thread_extent_high_inclusive": 1024, "meta_schedule.thread_extent_low_inclusive": 32, "warp_execution": 1})
                            C = T.match_buffer(conv2d_nchw_reindex_pad_shared_dyn_wmma_accumulator[v0_o, v1_o // 4, 0, v1_o % 4, 0:16, 0:16], (16, 16), "float16", strides=("C_s0", "C_s1"), scope="wmma.accumulator", offset_factor=16)
                            T.tvm_fill_fragment(C.data, 16, 16, 16, C.elem_offset // C.strides[0] // 16 * (C.strides[0] // 16) + C.elem_offset % C.strides[0] // 16, T.float32(0.0))
                    for ax2_0_0 in range(72):
                        for ax0_ax1_fused_0 in range(16):
                            for ax0_ax1_fused_1 in T.thread_binding(1, thread="threadIdx.y"):
                                for ax0_ax1_fused_2 in T.thread_binding(32, thread="threadIdx.x"):
                                    with T.block("pad_temp_reindex_pad_shared.dyn"):
                                        v0 = T.axis.spatial(208, ax0_0_1_ax1_0_1_fused * 16 + (ax0_ax1_fused_0 * 32 + ax0_ax1_fused_1 * 32 + ax0_ax1_fused_2) // 32)
                                        v1 = T.axis.spatial(2304, ax2_0_0 * 32 + (ax0_ax1_fused_0 * 32 + ax0_ax1_fused_1 * 32 + ax0_ax1_fused_2) % 32)
                                        T.reads(A[0, v1 // 9, v0 // 14 + v1 % 9 // 3 - 1, v0 % 14 + v1 % 3 - 1])
                                        T.writes(pad_temp_reindex_pad_shared_dyn[v0, v1])
                                        T.block_attr({"buffer_dim_align": [[0, 0, 32, 8]]})
                                        pad_temp_reindex_pad_shared_dyn[v0, v1] = T.if_then_else(v0 < 196, T.if_then_else(1 <= v0 // 14 + v1 % 9 // 3 and v0 // 14 + v1 % 9 // 3 < 15 and 1 <= v0 % 14 + v1 % 3 and v0 % 14 + v1 % 3 < 15, A[0, v1 // 9, v0 // 14 + v1 % 9 // 3 - 1, v0 % 14 + v1 % 3 - 1], T.float16(0.0)), T.float16(0.0))
                        for ax0_ax1_fused_0 in range(8):
                            for ax0_ax1_fused_1 in T.thread_binding(1, thread="threadIdx.y"):
                                for ax0_ax1_fused_2 in T.thread_binding(32, thread="threadIdx.x"):
                                    for ax0_ax1_fused_3 in T.vectorized(8):
                                        with T.block("W_reindex_shared.dyn"):
                                            v0 = T.axis.spatial(256, ax0_0_0_ax1_0_0_fused * 64 + (ax0_ax1_fused_0 * 256 + ax0_ax1_fused_1 * 256 + ax0_ax1_fused_2 * 8 + ax0_ax1_fused_3) // 32)
                                            v1 = T.axis.spatial(2304, ax2_0_0 * 32 + (ax0_ax1_fused_0 * 256 + ax0_ax1_fused_1 * 256 + ax0_ax1_fused_2 * 8 + ax0_ax1_fused_3) % 32)
                                            T.reads(W[v0, v1 // 9, v1 % 9 // 3, v1 % 3])
                                            T.writes(W_reindex_shared_dyn[v0, v1])
                                            T.block_attr({"buffer_dim_align": [[0, 0, 32, 8]]})
                                            W_reindex_shared_dyn[v0, v1] = W[v0, v1 // 9, v1 % 9 // 3, v1 % 3]
                        for ax2_0_1 in range(1):
                            for ax0_0, ax1_0 in T.grid(1, 2):
                                with T.block("pad_temp_reindex_pad_shared.dyn_wmma.matrix_a_o"):
                                    v0_o = T.axis.spatial(13, ax0_0_1_ax1_0_1_fused + ax0_0)
                                    v1_o = T.axis.spatial(144, ax2_0_0 * 2 + ax1_0)
                                    T.reads(pad_temp_reindex_pad_shared_dyn[v0_o * 16:v0_o * 16 + 16, v1_o * 16:v1_o * 16 + 16])
                                    T.writes(pad_temp_reindex_pad_shared_dyn_wmma_matrix_a[v0_o * 16:v0_o * 16 + 16, v1_o * 16:v1_o * 16 + 16])
                                    A_1 = T.match_buffer(pad_temp_reindex_pad_shared_dyn[v0_o * 16:v0_o * 16 + 16, v1_o * 16:v1_o * 16 + 16], (16, 16), "float16", strides=("A_s0", "A_s1"), scope="shared.dyn", offset_factor=16)
                                    C = T.match_buffer(pad_temp_reindex_pad_shared_dyn_wmma_matrix_a[v0_o * 16:v0_o * 16 + 16, v1_o * 16:v1_o * 16 + 16], (16, 16), "float16", strides=("C_s0", "C_s1"), scope="wmma.matrix_a", offset_factor=16)
                                    T.tvm_load_matrix_sync(C.data, 16, 16, 16, C.elem_offset // C.strides[0] // 16 * (C.strides[0] // 16) + C.elem_offset % C.strides[0] // 16, T.tvm_access_ptr(T.type_annotation("float16"), A_1.data, A_1.elem_offset, A_1.strides[0] * 16, 1), A_1.strides[0], "row_major")
                            for ax0_0, ax1_0 in T.grid(4, 2):
                                with T.block("W_reindex_shared.dyn_wmma.matrix_b_o"):
                                    v0_o = T.axis.spatial(16, ax0_0_0_ax1_0_0_fused * 4 + ax0_0)
                                    v1_o = T.axis.spatial(144, ax2_0_0 * 2 + ax1_0)
                                    T.reads(W_reindex_shared_dyn[v0_o * 16:v0_o * 16 + 16, v1_o * 16:v1_o * 16 + 16])
                                    T.writes(W_reindex_shared_dyn_wmma_matrix_b[v0_o * 16:v0_o * 16 + 16, v1_o * 16:v1_o * 16 + 16])
                                    A_1 = T.match_buffer(W_reindex_shared_dyn[v0_o * 16:v0_o * 16 + 16, v1_o * 16:v1_o * 16 + 16], (16, 16), "float16", strides=("A_s0", "A_s1"), scope="shared.dyn", offset_factor=16)
                                    C = T.match_buffer(W_reindex_shared_dyn_wmma_matrix_b[v0_o * 16:v0_o * 16 + 16, v1_o * 16:v1_o * 16 + 16], (16, 16), "float16", strides=("C_s0", "C_s1"), scope="wmma.matrix_b", offset_factor=16)
                                    T.tvm_load_matrix_sync(C.data, 16, 16, 16, C.elem_offset // C.strides[0] // 16 * (C.strides[0] // 16) + C.elem_offset % C.strides[0] // 16, T.tvm_access_ptr(T.type_annotation("float16"), A_1.data, A_1.elem_offset, A_1.strides[0] * 16, 1), A_1.strides[0], "col_major")
                            for ax0_0_3, ax1_0_3, ax2_0_2, ax0_0_4, ax1_0_4 in T.grid(1, 4, 2, 1, 1):
                                with T.block("conv2d_nchw_o_update"):
                                    v0_o = T.axis.spatial(13, ax0_0_1_ax1_0_1_fused + ax0_0_3 + ax0_0_4)
                                    v1_o = T.axis.spatial(16, ax0_0_0_ax1_0_0_fused * 4 + ax1_0_3 + ax1_0_4)
                                    v2_o = T.axis.reduce(144, ax2_0_0 * 2 + ax2_0_1 * 2 + ax2_0_2)
                                    T.reads(conv2d_nchw_reindex_pad_shared_dyn_wmma_accumulator[v0_o, v1_o // 4, 0, v1_o % 4, 0:16, 0:16], pad_temp_reindex_pad_shared_dyn_wmma_matrix_a[v0_o * 16:v0_o * 16 + 16, v2_o * 16:v2_o * 16 + 16], W_reindex_shared_dyn_wmma_matrix_b[v1_o * 16:v1_o * 16 + 16, v2_o * 16:v2_o * 16 + 16])
                                    T.writes(conv2d_nchw_reindex_pad_shared_dyn_wmma_accumulator[v0_o, v1_o // 4, 0, v1_o % 4, 0:16, 0:16])
                                    T.block_attr({"meta_schedule.thread_extent_high_inclusive": 1024, "meta_schedule.thread_extent_low_inclusive": 32, "warp_execution": 1})
                                    A_1 = T.match_buffer(pad_temp_reindex_pad_shared_dyn_wmma_matrix_a[v0_o * 16:v0_o * 16 + 16, v2_o * 16:v2_o * 16 + 16], (16, 16), "float16", strides=("A_s0", "A_s1"), scope="wmma.matrix_a", offset_factor=16)
                                    B = T.match_buffer(W_reindex_shared_dyn_wmma_matrix_b[v1_o * 16:v1_o * 16 + 16, v2_o * 16:v2_o * 16 + 16], (16, 16), "float16", strides=("B_s0", "B_s1"), scope="wmma.matrix_b", offset_factor=16)
                                    C = T.match_buffer(conv2d_nchw_reindex_pad_shared_dyn_wmma_accumulator[v0_o, v1_o // 4, 0, v1_o % 4, 0:16, 0:16], (16, 16), "float16", strides=("C_s0", "C_s1"), scope="wmma.accumulator", offset_factor=16)
                                    T.tvm_mma_sync(C.data, C.elem_offset // C.strides[0] // 16 * (C.strides[0] // 16) + C.elem_offset % C.strides[0] // 16, A_1.data, A_1.elem_offset // A_1.strides[0] // 16 * (A_1.strides[0] // 16) + A_1.elem_offset % A_1.strides[0] // 16, B.data, B.elem_offset // B.strides[0] // 16 * (B.strides[0] // 16) + B.elem_offset % B.strides[0] // 16, C.data, C.elem_offset // C.strides[0] // 16 * (C.strides[0] // 16) + C.elem_offset % C.strides[0] // 16)
                for ax2 in range(1):
                    for ax0_ax1_fused in T.thread_binding(1, thread="threadIdx.y"):
                        for ax2_1, ax3 in T.grid(1, 4):
                            with T.block("conv2d_nchw_reindex_pad_shared.dyn_wmma.accumulator_o"):
                                v0_o, v1_o, v2_o, v3_o = T.axis.remap("SSSS", [ax0_0_1_ax1_0_1_fused, ax0_0_0_ax1_0_0_fused, ax2_1, ax3])
                                v4_o = T.axis.spatial(1, 0)
                                v5_o = T.axis.spatial(1, 0)
                                T.reads(conv2d_nchw_reindex_pad_shared_dyn_wmma_accumulator[v0_o, v1_o, v2_o, v3_o, 0:16, 0:16])
                                T.writes(conv2d_nchw_reindex_pad_shared_dyn[v0_o, v1_o, v2_o, v3_o, 0:16, 0:16])
                                A_1 = T.match_buffer(conv2d_nchw_reindex_pad_shared_dyn_wmma_accumulator[v0_o, v1_o, v2_o, v3_o, 0:16, 0:16], (16, 16), "float16", strides=("A_s0", "A_s1"), scope="wmma.accumulator", offset_factor=16)
                                C = T.match_buffer(conv2d_nchw_reindex_pad_shared_dyn[v0_o, v1_o, v2_o, v3_o, 0:16, 0:16], (16, 16), "float16", strides=("C_s0", "C_s1"), scope="shared.dyn", offset_factor=16)
                                T.tvm_store_matrix_sync(A_1.data, 16, 16, 16, A_1.elem_offset // A_1.strides[0] // 16 * (A_1.strides[0] // 16) + A_1.elem_offset % A_1.strides[0] // 16, T.tvm_access_ptr(T.type_annotation("float16"), C.data, C.elem_offset, C.strides[0] * 16, 2), C.strides[0], "row_major")
                    for ax0_ax1_ax3_ax4_ax5_fused_0 in range(32):
                        for ax0_ax1_ax3_ax4_ax5_fused_1 in T.thread_binding(1, thread="threadIdx.y"):
                            for ax0_ax1_ax3_ax4_ax5_fused_2 in T.thread_binding(32, thread="threadIdx.x"):
                                with T.block("conv2d_nchw_reindex_pad_shared.dyn"):
                                    v0, v1, v2 = T.axis.remap("SSS", [ax0_0_1_ax1_0_1_fused, ax0_0_0_ax1_0_0_fused, ax2])
                                    v3 = T.axis.spatial(4, (ax0_ax1_ax3_ax4_ax5_fused_0 * 32 + ax0_ax1_ax3_ax4_ax5_fused_1 * 32 + ax0_ax1_ax3_ax4_ax5_fused_2) // 256)
                                    v4 = T.axis.spatial(16, (ax0_ax1_ax3_ax4_ax5_fused_0 * 32 + ax0_ax1_ax3_ax4_ax5_fused_1 * 32 + ax0_ax1_ax3_ax4_ax5_fused_2) % 256 // 16)
                                    v5 = T.axis.spatial(16, (ax0_ax1_ax3_ax4_ax5_fused_0 * 32 + ax0_ax1_ax3_ax4_ax5_fused_1 * 32 + ax0_ax1_ax3_ax4_ax5_fused_2) % 16)
                                    T.where(ax0_0_1_ax1_0_1_fused * 16 + T.Mul(0, 16) + ((ax0_ax1_ax3_ax4_ax5_fused_0 + ax0_ax1_ax3_ax4_ax5_fused_1) * 32 + ax0_ax1_ax3_ax4_ax5_fused_2) % 256 // 16 < 196)
                                    T.reads(conv2d_nchw_reindex_pad_shared_dyn[v0, v1, v2, v3, v4, v5])
                                    T.writes(conv2d_nchw[0, v5 + v3 * 16 + v1 * 64, (v4 + v0 * 16) // 14, (v4 + v0 * 16) % 14])
                                    conv2d_nchw[0, v5 + v3 * 16 + v1 * 64, (v4 + v0 * 16) // 14, (v4 + v0 * 16) % 14] = conv2d_nchw_reindex_pad_shared_dyn[v0, v1, v2, v3, v4, v5]
b0 = sch.get_block(name="pad_temp", func_name="main")
b1 = sch.get_block(name="conv2d_nchw", func_name="main")
b2 = sch.get_block(name="root", func_name="main")
sch.annotate(block_or_loop=b1, ann_key="meta_schedule.tiling_structure", ann_val="SSSRRSRS")
b3 = sch.reindex(block=b1, buffer=("write", 0))
b4 = sch.reindex(block=b1, buffer=("read", 0))
b5 = sch.reindex(block=b1, buffer=("read", 1))
sch.transform_layout(block=b1, buffer=("read", 0), index_map=lambda v_nn, v_yy, v_xx, v_rc, v_ry, v_rx: (v_nn * 196 + v_yy * 14 + v_xx, v_rc * 9 + v_ry * 3 + v_rx,), pad_value=None, assume_injective_transform=True)
sch.transform_layout(block=b1, buffer=("read", 1), index_map=lambda v_ff, v_rc, v_ry, v_rx: (v_ff, v_rc * 9 + v_ry * 3 + v_rx,), pad_value=None, assume_injective_transform=True)
sch.transform_layout(block=b1, buffer=("write", 0), index_map=lambda v_nn, v_ff, v_yy, v_xx: (v_nn * 196 + v_yy * 14 + v_xx, v_ff,), pad_value=None, assume_injective_transform=True)
sch.transform_block_layout(block=b3, index_map=lambda v_nn, v_ff, v_yy, v_xx: (v_nn * 196 + v_yy * 14 + v_xx, v_ff,))
sch.transform_block_layout(block=b4, index_map=lambda v_nn, v_yy, v_xx, v_rc, v_ry, v_rx: (v_nn * 196 + v_yy * 14 + v_xx, v_rc * 9 + v_ry * 3 + v_rx,))
sch.transform_block_layout(block=b5, index_map=lambda v_ff, v_rc, v_ry, v_rx: (v_ff, v_rc * 9 + v_ry * 3 + v_rx,))
sch.transform_block_layout(block=b1, index_map=lambda v_nn, v_ff, v_yy, v_xx, v_rc, v_ry, v_rx: (v_nn * 196 + v_yy * 14 + v_xx, v_ff, v_rc * 9 + v_ry * 3 + v_rx,))
sch.pad_einsum(block=b1, padding=[16, 1, 1])
b6, b7 = sch.get_producers(block=b1)
b8, = sch.get_producers(block=b6)
b9, = sch.get_consumers(block=b1)
sch.compute_inline(block=b8)
sch.compute_inline(block=b9)
l10, l11, l12 = sch.get_loops(block=b1)
l13, l14 = sch.split(loop=l12, factors=[None, 16], preserve_unit_iters=True, disable_predication=False)
l15, l16 = sch.split(loop=l11, factors=[None, 16], preserve_unit_iters=True, disable_predication=False)
l17, l18 = sch.split(loop=l10, factors=[None, 16], preserve_unit_iters=True, disable_predication=False)
l19, l20, l21, l22, l23, l24 = sch.get_loops(block=b1)
sch.reorder(l21, l23, l18, l16, l14)
b25 = sch.blockize(target=l18, preserve_unit_iters=True)
sch.annotate(block_or_loop=b25, ann_key="meta_schedule.auto_tensorize", ann_val="wmma_sync_16x16x16_f16f16f16_trans")
sch.annotate(block_or_loop=b25, ann_key="meta_schedule.auto_tensorize_init", ann_val="wmma_fill_16x16x16_f16")
sch.annotate(block_or_loop=b25, ann_key="warp_execution", ann_val=1)
l26, l27, l28 = sch.get_loops(block=b25)
v29, v30, v31, v32, v33 = sch.sample_perfect_tile(loop=l26, n=5, max_innermost_factor=4, decision=[1, 13, 1, 1, 1])
l34, l35, l36, l37, l38 = sch.split(loop=l26, factors=[v29, v30, v31, v32, v33], preserve_unit_iters=True, disable_predication=False)
v39, v40, v41, v42, v43 = sch.sample_perfect_tile(loop=l27, n=5, max_innermost_factor=4, decision=[4, 1, 1, 4, 1])
l44, l45, l46, l47, l48 = sch.split(loop=l27, factors=[v39, v40, v41, v42, v43], preserve_unit_iters=True, disable_predication=False)
v49, v50, v51 = sch.sample_perfect_tile(loop=l28, n=3, max_innermost_factor=4, decision=[72, 1, 2])
l52, l53, l54 = sch.split(loop=l28, factors=[v49, v50, v51], preserve_unit_iters=True, disable_predication=False)
sch.reorder(l34, l44, l35, l45, l36, l46, l52, l53, l37, l47, l54, l38, l48)
l55 = sch.fuse(l34, l44, preserve_unit_iters=True)
sch.bind(loop=l55, thread_axis="blockIdx.y")
l56 = sch.fuse(l35, l45, preserve_unit_iters=True)
sch.bind(loop=l56, thread_axis="blockIdx.x")
l57 = sch.fuse(l36, l46, preserve_unit_iters=True)
sch.bind(loop=l57, thread_axis="threadIdx.y")
sch.annotate(block_or_loop=b25, ann_key="meta_schedule.thread_extent_low_inclusive", ann_val=32)
sch.annotate(block_or_loop=b25, ann_key="meta_schedule.thread_extent_high_inclusive", ann_val=1024)
sch.transform_layout(block=b25, buffer=("write", 0), index_map=lambda i0, i1: (i0 // 16 // (v32 * v33), i1 // 16 // (v42 * v43), i0 // 16 % (v32 * v33), i1 // 16 % (v42 * v43), i0 % 16, i1 % 16,), pad_value=None, assume_injective_transform=True)
b58 = sch.cache_write(block=b25, write_buffer_index=0, storage_scope="shared.dyn")
sch.reverse_compute_at(block=b58, loop=l56, preserve_unit_loops=True, index=-1)
b59 = sch.cache_write(block=b25, write_buffer_index=0, storage_scope="wmma.accumulator")
l60, l61, l62, l63, l64, l65, l66, l67 = sch.get_loops(block=b58)
sch.reorder(l64, l62, l63, l65)
sch.compute_at(block=b59, loop=l64, preserve_unit_loops=True, index=-1)
l68, l69, l70, l71, l72, l73, l74, l75, l76 = sch.get_loops(block=b59)
l77 = sch.fuse(l71, l72, preserve_unit_iters=True)
sch.bind(loop=l77, thread_axis="threadIdx.y")
sch.reverse_compute_inline(block=b3)
l78, l79, l80, l81, l82, l83, l84, l85 = sch.get_loops(block=b59)
b86 = sch.blockize(target=l84, preserve_unit_iters=True)
sch.annotate(block_or_loop=b86, ann_key="meta_schedule.auto_tensorize", ann_val="wmma_store_16x16x16_f16_shared_dyn")
l87, l88, l89, l90, l91, l92, l93, l94 = sch.get_loops(block=b58)
l95 = sch.fuse(l90, l91, l92, l93, l94, preserve_unit_iters=True)
v96 = sch.sample_categorical(candidates=[1, 2, 4, 8], probs=[0.25, 0.25, 0.25, 0.25], decision=0)
sch.annotate(block_or_loop=b58, ann_key="meta_schedule.cooperative_fetch", ann_val=v96)
b97 = sch.cache_read(block=b25, read_buffer_index=0, storage_scope="shared.dyn", consumer_blocks=[b25])
sch.compute_at(block=b97, loop=l52, preserve_unit_loops=True, index=-1)
l98, l99, l100, l101, l102, l103 = sch.get_loops(block=b97)
l104 = sch.fuse(l102, l103, preserve_unit_iters=True)
v105 = sch.sample_categorical(candidates=[1, 2, 4, 8], probs=[0.25, 0.25, 0.25, 0.25], decision=0)
sch.annotate(block_or_loop=b97, ann_key="meta_schedule.cooperative_fetch", ann_val=v105)
b106 = sch.cache_read(block=b25, read_buffer_index=1, storage_scope="shared.dyn", consumer_blocks=[b25])
sch.compute_at(block=b106, loop=l52, preserve_unit_loops=True, index=-1)
l107, l108, l109, l110, l111, l112 = sch.get_loops(block=b106)
l113 = sch.fuse(l111, l112, preserve_unit_iters=True)
v114 = sch.sample_categorical(candidates=[1, 2, 4, 8], probs=[0.25, 0.25, 0.25, 0.25], decision=3)
sch.annotate(block_or_loop=b106, ann_key="meta_schedule.cooperative_fetch", ann_val=v114)
b115 = sch.cache_read(block=b25, read_buffer_index=0, storage_scope="wmma.matrix_a")
sch.compute_at(block=b115, loop=l53, preserve_unit_loops=True, index=-1)
l116, l117, l118, l119, l120, l121, l122 = sch.get_loops(block=b115)
l123, l124 = sch.split(loop=l122, factors=[None, 16], preserve_unit_iters=True, disable_predication=False)
l125, l126 = sch.split(loop=l121, factors=[None, 16], preserve_unit_iters=True, disable_predication=False)
l127, l128, l129, l130, l131, l132, l133, l134, l135 = sch.get_loops(block=b115)
sch.reorder(l134, l126, l124)
b136 = sch.blockize(target=l126, preserve_unit_iters=True)
sch.annotate(block_or_loop=b136, ann_key="meta_schedule.auto_tensorize", ann_val="wmma_load_16x16x16_f16_a_shared_dyn")
b137 = sch.cache_read(block=b25, read_buffer_index=1, storage_scope="wmma.matrix_b")
sch.compute_at(block=b137, loop=l53, preserve_unit_loops=True, index=-1)
l138, l139, l140, l141, l142, l143, l144 = sch.get_loops(block=b137)
l145, l146 = sch.split(loop=l144, factors=[None, 16], preserve_unit_iters=True, disable_predication=False)
l147, l148 = sch.split(loop=l143, factors=[None, 16], preserve_unit_iters=True, disable_predication=False)
l149, l150, l151, l152, l153, l154, l155, l156, l157 = sch.get_loops(block=b137)
sch.reorder(l156, l148, l146)
b158 = sch.blockize(target=l148, preserve_unit_iters=True)
sch.annotate(block_or_loop=b158, ann_key="meta_schedule.auto_tensorize", ann_val="wmma_load_16x16x16_f16_b_trans_shared_dyn")
b159, = sch.get_producers(block=b97)
sch.compute_inline(block=b159)
sch.storage_align(block=b97, buffer_index=0, axis=-2, factor=32, offset=8)
b160, = sch.get_producers(block=b106)
sch.compute_inline(block=b160)
sch.storage_align(block=b106, buffer_index=0, axis=-2, factor=32, offset=8)
sch.compute_inline(block=b0)
v161 = sch.sample_categorical(candidates=[0, 16, 64, 512, 1024], probs=[0.20000000000000001, 0.20000000000000001, 0.20000000000000001, 0.20000000000000001, 0.20000000000000001], decision=0)
sch.annotate(block_or_loop=b2, ann_key="meta_schedule.unroll_explicit", ann_val=v161)
sch.enter_postproc()
sch.unannotate(block_or_loop=b58, ann_key="meta_schedule.cooperative_fetch")
l162, l163, l164, l165 = sch.get_loops(block=b58)
l166, l167, l168 = sch.split(loop=l165, factors=[None, 1, 32], preserve_unit_iters=True, disable_predication=False)
sch.bind(loop=l168, thread_axis="threadIdx.x")
sch.bind(loop=l167, thread_axis="threadIdx.y")
sch.unannotate(block_or_loop=b97, ann_key="meta_schedule.cooperative_fetch")
l169, l170, l171, l172, l173 = sch.get_loops(block=b97)
l174, l175, l176 = sch.split(loop=l173, factors=[None, 1, 32], preserve_unit_iters=True, disable_predication=False)
sch.bind(loop=l176, thread_axis="threadIdx.x")
sch.bind(loop=l175, thread_axis="threadIdx.y")
sch.unannotate(block_or_loop=b106, ann_key="meta_schedule.cooperative_fetch")
l177, l178, l179, l180, l181 = sch.get_loops(block=b106)
l182, l183, l184, l185 = sch.split(loop=l181, factors=[None, 1, 32, 8], preserve_unit_iters=True, disable_predication=False)
sch.vectorize(loop=l185)
sch.bind(loop=l184, thread_axis="threadIdx.x")
sch.bind(loop=l183, thread_axis="threadIdx.y")
b186 = sch.get_block(name="root", func_name="main")
sch.unannotate(block_or_loop=b186, ann_key="meta_schedule.unroll_explicit")
b187, b188, b189, b190, b191, b192, b193 = sch.get_child_blocks(b186)
l194, l195, l196, l197, l198, l199, l200 = sch.get_loops(block=b187)
l201, l202, l203, l204, l205, l206, l207, l208 = sch.get_loops(block=b188)
l209, l210, l211, l212, l213, l214, l215 = sch.get_loops(block=b189)
l216, l217, l218, l219, l220, l221, l222 = sch.get_loops(block=b190)
l223, l224, l225, l226, l227, l228, l229, l230, l231, l232 = sch.get_loops(block=b191)
l233, l234, l235, l236, l237, l238 = sch.get_loops(block=b192)
l239, l240, l241, l242, l243, l244 = sch.get_loops(block=b193)
b245 = sch.get_block(name="conv2d_nchw_o", func_name="main")
l246, l247, l248, l249, l250, l251, l252, l253, l254, l255 = sch.get_loops(block=b245)
b256 = sch.decompose_reduction(block=b245, loop=l249)
sch.unannotate(block_or_loop=b256, ann_key="meta_schedule.auto_tensorize")
sch.annotate(block_or_loop=b256, ann_key="meta_schedule.auto_tensorize", ann_val="wmma_fill_16x16x16_f16")
sch.unannotate(block_or_loop=b245, ann_key="meta_schedule.auto_tensorize_init")
sch.unannotate(block_or_loop=b256, ann_key="meta_schedule.auto_tensorize_init")
b257 = sch.get_block(name="conv2d_nchw_o_init", func_name="main")
sch.unannotate(block_or_loop=b257, ann_key="meta_schedule.auto_tensorize")
sch.tensorize(block_or_loop=b257, tensor_intrin="wmma_fill_16x16x16_f16", preserve_unit_iters=True)
b258 = sch.get_block(name="pad_temp_reindex_pad_shared.dyn_wmma.matrix_a_o", func_name="main")
sch.unannotate(block_or_loop=b258, ann_key="meta_schedule.auto_tensorize")
sch.tensorize(block_or_loop=b258, tensor_intrin="wmma_load_16x16x16_f16_a_shared_dyn", preserve_unit_iters=True)
b259 = sch.get_block(name="W_reindex_shared.dyn_wmma.matrix_b_o", func_name="main")
sch.unannotate(block_or_loop=b259, ann_key="meta_schedule.auto_tensorize")
sch.tensorize(block_or_loop=b259, tensor_intrin="wmma_load_16x16x16_f16_b_trans_shared_dyn", preserve_unit_iters=True)
b260 = sch.get_block(name="conv2d_nchw_o_update", func_name="main")
sch.unannotate(block_or_loop=b260, ann_key="meta_schedule.auto_tensorize")
sch.tensorize(block_or_loop=b260, tensor_intrin="wmma_sync_16x16x16_f16f16f16_trans", preserve_unit_iters=True)
b261 = sch.get_block(name="conv2d_nchw_reindex_pad_shared.dyn_wmma.accumulator_o", func_name="main")
sch.unannotate(block_or_loop=b261, ann_key="meta_schedule.auto_tensorize")
sch.tensorize(block_or_loop=b261, tensor_intrin="wmma_store_16x16x16_f16_shared_dyn", preserve_unit_iters=True)
2025-10-07 11:11:27 [INFO] [evolutionary_search.cc:713] Generating candidates......
2025-10-07 11:11:30 [INFO] [evolutionary_search.cc:715] Picked top 102 candidate(s) from database
2025-10-07 11:11:38 [INFO] [evolutionary_search.cc:533] Sample-Init-Population summary:
Postproc #0 [meta_schedule.DisallowDynamicLoop(0x10966348)]: 0 failure(s)
Postproc #1 [meta_schedule.RewriteCooperativeFetch(0x10d195d8)]: 0 failure(s)
Postproc #2 [meta_schedule.RewriteUnboundBlock(0x10b2d658)]: 0 failure(s)
Postproc #3 [meta_schedule.RewriteParallelVectorizeUnroll(0x10c03278)]: 0 failure(s)
Postproc #4 [meta_schedule.RewriteReductionBlock(0x109facd8)]: 0 failure(s)
Postproc #5 [meta_schedule.VerifyGPUCode(0x1082ac68)]: 338 failure(s)
Postproc #6 [meta_schedule.RewriteTensorize(0x109da9c8)]: 0 failure(s)
2025-10-07 11:11:38 [INFO] [evolutionary_search.cc:723] Sampled 72 candidate(s)
2025-10-07 11:11:52 [INFO] [evolutionary_search.cc:621] Evolve iter #0 done. Summary:
Postproc #0 [meta_schedule.DisallowDynamicLoop(0x10966348)]: 0 failure(s)
Postproc #1 [meta_schedule.RewriteCooperativeFetch(0x10d195d8)]: 0 failure(s)
Postproc #2 [meta_schedule.RewriteUnboundBlock(0x10b2d658)]: 0 failure(s)
Postproc #3 [meta_schedule.RewriteParallelVectorizeUnroll(0x10c03278)]: 0 failure(s)
Postproc #4 [meta_schedule.RewriteReductionBlock(0x109facd8)]: 0 failure(s)
Postproc #5 [meta_schedule.VerifyGPUCode(0x1082ac68)]: 108 failure(s)
Postproc #6 [meta_schedule.RewriteTensorize(0x109da9c8)]: 0 failure(s)
2025-10-07 11:12:10 [INFO] [evolutionary_search.cc:621] Evolve iter #1 done. Summary:
Postproc #0 [meta_schedule.DisallowDynamicLoop(0x10966348)]: 0 failure(s)
Postproc #1 [meta_schedule.RewriteCooperativeFetch(0x10d195d8)]: 0 failure(s)
Postproc #2 [meta_schedule.RewriteUnboundBlock(0x10b2d658)]: 0 failure(s)
Postproc #3 [meta_schedule.RewriteParallelVectorizeUnroll(0x10c03278)]: 0 failure(s)
Postproc #4 [meta_schedule.RewriteReductionBlock(0x109facd8)]: 0 failure(s)
Postproc #5 [meta_schedule.VerifyGPUCode(0x1082ac68)]: 128 failure(s)
Postproc #6 [meta_schedule.RewriteTensorize(0x109da9c8)]: 0 failure(s)
2025-10-07 11:12:29 [INFO] [evolutionary_search.cc:621] Evolve iter #2 done. Summary:
Postproc #0 [meta_schedule.DisallowDynamicLoop(0x10966348)]: 0 failure(s)
Postproc #1 [meta_schedule.RewriteCooperativeFetch(0x10d195d8)]: 0 failure(s)
Postproc #2 [meta_schedule.RewriteUnboundBlock(0x10b2d658)]: 0 failure(s)
Postproc #3 [meta_schedule.RewriteParallelVectorizeUnroll(0x10c03278)]: 0 failure(s)
Postproc #4 [meta_schedule.RewriteReductionBlock(0x109facd8)]: 0 failure(s)
Postproc #5 [meta_schedule.VerifyGPUCode(0x1082ac68)]: 157 failure(s)
Postproc #6 [meta_schedule.RewriteTensorize(0x109da9c8)]: 0 failure(s)
2025-10-07 11:12:47 [INFO] [evolutionary_search.cc:621] Evolve iter #3 done. Summary:
Postproc #0 [meta_schedule.DisallowDynamicLoop(0x10966348)]: 0 failure(s)
Postproc #1 [meta_schedule.RewriteCooperativeFetch(0x10d195d8)]: 0 failure(s)
Postproc #2 [meta_schedule.RewriteUnboundBlock(0x10b2d658)]: 0 failure(s)
Postproc #3 [meta_schedule.RewriteParallelVectorizeUnroll(0x10c03278)]: 0 failure(s)
Postproc #4 [meta_schedule.RewriteReductionBlock(0x109facd8)]: 0 failure(s)
Postproc #5 [meta_schedule.VerifyGPUCode(0x1082ac68)]: 104 failure(s)
Postproc #6 [meta_schedule.RewriteTensorize(0x109da9c8)]: 0 failure(s)
2025-10-07 11:12:53 [INFO] [evolutionary_search.cc:649] Scores of the best 64 candidates:
[1 : 16]:	0.9594  0.9136  0.9009  0.8678  0.8548  0.8206  0.8024  0.7903  0.7903  0.7860  0.7860  0.7827  0.7800  0.7766  0.7766  0.7743
[17 : 32]:	0.7732  0.7711  0.7709  0.7678  0.7675  0.7675  0.7669  0.7658  0.7637  0.7583  0.7574  0.7571  0.7571  0.7553  0.7553  0.7550
[33 : 48]:	0.7501  0.7454  0.7425  0.7425  0.7424  0.7421  0.7421  0.7410  0.7406  0.7398  0.7398  0.7395  0.7380  0.7380  0.7322  0.7289
[49 : 64]:	0.7289  0.7281  0.7281  0.7281  0.7279  0.7268  0.7216  0.7203  0.7165  0.7155  0.7140  0.7132  0.7126  0.7122  0.7121  0.7119
2025-10-07 11:12:54 [INFO] [evolutionary_search.cc:727] Got 64 candidate(s) with evolutionary search
2025-10-07 11:12:54 [INFO] [evolutionary_search.cc:730] Sending 64 candidates(s) for measurement
2025-10-07 11:13:28 [INFO] [task_scheduler.cc:131] [Task #0: main] Trial #641: GFLOPs: 15382.1332. Time: 15.0311 us. Best GFLOPs: 17371.5070
2025-10-07 11:13:28 [INFO] [task_scheduler.cc:131] [Task #0: main] Trial #642: GFLOPs: 16503.5718. Time: 14.0098 us. Best GFLOPs: 17371.5070
2025-10-07 11:13:28 [INFO] [task_scheduler.cc:131] [Task #0: main] Trial #643: GFLOPs: 15729.3067. Time: 14.6994 us. Best GFLOPs: 17371.5070
2025-10-07 11:13:28 [INFO] [task_scheduler.cc:131] [Task #0: main] Trial #644: GFLOPs: 14926.8239. Time: 15.4896 us. Best GFLOPs: 17371.5070
2025-10-07 11:13:28 [INFO] [task_scheduler.cc:131] [Task #0: main] Trial #645: GFLOPs: 14959.0301. Time: 15.4563 us. Best GFLOPs: 17371.5070
2025-10-07 11:13:28 [INFO] [task_scheduler.cc:131] [Task #0: main] Trial #646: GFLOPs: 14747.6119. Time: 15.6779 us. Best GFLOPs: 17371.5070
2025-10-07 11:13:28 [INFO] [task_scheduler.cc:131] [Task #0: main] Trial #647: GFLOPs: 16034.5069. Time: 14.4196 us. Best GFLOPs: 17371.5070
2025-10-07 11:13:28 [INFO] [task_scheduler.cc:131] [Task #0: main] Trial #648: GFLOPs: 16237.8128. Time: 14.2390 us. Best GFLOPs: 17371.5070
2025-10-07 11:13:28 [INFO] [task_scheduler.cc:131] [Task #0: main] Trial #649: GFLOPs: 16240.2433. Time: 14.2369 us. Best GFLOPs: 17371.5070
2025-10-07 11:13:28 [INFO] [task_scheduler.cc:131] [Task #0: main] Trial #650: GFLOPs: 16197.1856. Time: 14.2748 us. Best GFLOPs: 17371.5070
2025-10-07 11:13:28 [INFO] [task_scheduler.cc:131] [Task #0: main] Trial #651: GFLOPs: 16199.0486. Time: 14.2731 us. Best GFLOPs: 17371.5070
2025-10-07 11:13:28 [INFO] [task_scheduler.cc:131] [Task #0: main] Trial #652: GFLOPs: 13404.1835. Time: 17.2492 us. Best GFLOPs: 17371.5070
2025-10-07 11:13:28 [INFO] [task_scheduler.cc:131] [Task #0: main] Trial #653: GFLOPs: 15067.2911. Time: 15.3452 us. Best GFLOPs: 17371.5070
2025-10-07 11:13:28 [INFO] [task_scheduler.cc:131] [Task #0: main] Trial #654: GFLOPs: 16657.5028. Time: 13.8803 us. Best GFLOPs: 17371.5070
2025-10-07 11:13:28 [INFO] [task_scheduler.cc:131] [Task #0: main] Trial #655: GFLOPs: 16862.8759. Time: 13.7112 us. Best GFLOPs: 17371.5070
2025-10-07 11:13:28 [INFO] [task_scheduler.cc:131] [Task #0: main] Trial #656: GFLOPs: 16240.7404. Time: 14.2365 us. Best GFLOPs: 17371.5070
2025-10-07 11:13:28 [INFO] [task_scheduler.cc:131] [Task #0: main] Trial #657: GFLOPs: 16143.2360. Time: 14.3225 us. Best GFLOPs: 17371.5070
2025-10-07 11:13:28 [INFO] [task_scheduler.cc:131] [Task #0: main] Trial #658: GFLOPs: 14482.7404. Time: 15.9646 us. Best GFLOPs: 17371.5070
2025-10-07 11:13:28 [INFO] [task_scheduler.cc:131] [Task #0: main] Trial #659: GFLOPs: 12868.2477. Time: 17.9676 us. Best GFLOPs: 17371.5070
2025-10-07 11:13:28 [INFO] [task_scheduler.cc:131] [Task #0: main] Trial #660: GFLOPs: 12170.9768. Time: 18.9969 us. Best GFLOPs: 17371.5070
2025-10-07 11:13:28 [INFO] [task_scheduler.cc:131] [Task #0: main] Trial #661: GFLOPs: 16940.3236. Time: 13.6486 us. Best GFLOPs: 17371.5070
2025-10-07 11:13:28 [INFO] [task_scheduler.cc:131] [Task #0: main] Trial #662: GFLOPs: 16940.1779. Time: 13.6487 us. Best GFLOPs: 17371.5070
2025-10-07 11:13:28 [INFO] [task_scheduler.cc:131] [Task #0: main] Trial #663: GFLOPs: 13379.1878. Time: 17.2814 us. Best GFLOPs: 17371.5070
2025-10-07 11:13:28 [INFO] [task_scheduler.cc:131] [Task #0: main] Trial #664: GFLOPs: 13424.6252. Time: 17.2229 us. Best GFLOPs: 17371.5070
2025-10-07 11:13:28 [INFO] [task_scheduler.cc:131] [Task #0: main] Trial #665: GFLOPs: 14548.5963. Time: 15.8923 us. Best GFLOPs: 17371.5070
2025-10-07 11:13:28 [INFO] [task_scheduler.cc:131] [Task #0: main] Trial #666: GFLOPs: 12643.7238. Time: 18.2866 us. Best GFLOPs: 17371.5070
2025-10-07 11:13:28 [INFO] [task_scheduler.cc:131] [Task #0: main] Trial #667: GFLOPs: 12727.9988. Time: 18.1655 us. Best GFLOPs: 17371.5070
2025-10-07 11:13:28 [INFO] [task_scheduler.cc:131] [Task #0: main] Trial #668: GFLOPs: 16507.4179. Time: 14.0065 us. Best GFLOPs: 17371.5070
2025-10-07 11:13:28 [INFO] [task_scheduler.cc:131] [Task #0: main] Trial #669: GFLOPs: 16508.9756. Time: 14.0052 us. Best GFLOPs: 17371.5070
2025-10-07 11:13:28 [INFO] [task_scheduler.cc:131] [Task #0: main] Trial #670: GFLOPs: 12778.8896. Time: 18.0932 us. Best GFLOPs: 17371.5070
2025-10-07 11:13:28 [INFO] [task_scheduler.cc:131] [Task #0: main] Trial #671: GFLOPs: 12778.4685. Time: 18.0938 us. Best GFLOPs: 17371.5070
2025-10-07 11:13:28 [INFO] [task_scheduler.cc:131] [Task #0: main] Trial #672: GFLOPs: 12782.8965. Time: 18.0875 us. Best GFLOPs: 17371.5070
2025-10-07 11:13:28 [INFO] [task_scheduler.cc:131] [Task #0: main] Trial #673: GFLOPs: 12520.0047. Time: 18.4673 us. Best GFLOPs: 17371.5070
2025-10-07 11:13:28 [INFO] [task_scheduler.cc:131] [Task #0: main] Trial #674: GFLOPs: 11157.5667. Time: 20.7224 us. Best GFLOPs: 17371.5070
2025-10-07 11:13:28 [INFO] [task_scheduler.cc:131] [Task #0: main] Trial #675: GFLOPs: 12977.4439. Time: 17.8164 us. Best GFLOPs: 17371.5070
2025-10-07 11:13:28 [INFO] [task_scheduler.cc:131] [Task #0: main] Trial #676: GFLOPs: 12976.7498. Time: 17.8173 us. Best GFLOPs: 17371.5070
2025-10-07 11:13:28 [INFO] [task_scheduler.cc:131] [Task #0: main] Trial #677: GFLOPs: 10667.5381. Time: 21.6743 us. Best GFLOPs: 17371.5070
2025-10-07 11:13:28 [INFO] [task_scheduler.cc:131] [Task #0: main] Trial #678: GFLOPs: 11530.3867. Time: 20.0523 us. Best GFLOPs: 17371.5070
2025-10-07 11:13:28 [INFO] [task_scheduler.cc:131] [Task #0: main] Trial #679: GFLOPs: 12299.0203. Time: 18.7991 us. Best GFLOPs: 17371.5070
2025-10-07 11:13:28 [INFO] [task_scheduler.cc:131] [Task #0: main] Trial #680: GFLOPs: 15572.5355. Time: 14.8474 us. Best GFLOPs: 17371.5070
2025-10-07 11:13:28 [INFO] [task_scheduler.cc:131] [Task #0: main] Trial #681: GFLOPs: 13262.5984. Time: 17.4333 us. Best GFLOPs: 17371.5070
2025-10-07 11:13:28 [INFO] [task_scheduler.cc:131] [Task #0: main] Trial #682: GFLOPs: 5646.3264. Time: 40.9489 us. Best GFLOPs: 17371.5070
2025-10-07 11:13:28 [INFO] [task_scheduler.cc:131] [Task #0: main] Trial #683: GFLOPs: 5570.4979. Time: 41.5063 us. Best GFLOPs: 17371.5070
2025-10-07 11:13:28 [INFO] [task_scheduler.cc:131] [Task #0: main] Trial #684: GFLOPs: 11746.6497. Time: 19.6831 us. Best GFLOPs: 17371.5070
2025-10-07 11:13:28 [INFO] [task_scheduler.cc:131] [Task #0: main] Trial #685: GFLOPs: 15811.1046. Time: 14.6233 us. Best GFLOPs: 17371.5070
2025-10-07 11:13:28 [INFO] [task_scheduler.cc:131] [Task #0: main] Trial #686: GFLOPs: 15786.8465. Time: 14.6458 us. Best GFLOPs: 17371.5070
2025-10-07 11:13:28 [INFO] [task_scheduler.cc:131] [Task #0: main] Trial #687: GFLOPs: 10468.4841. Time: 22.0864 us. Best GFLOPs: 17371.5070
2025-10-07 11:13:28 [INFO] [task_scheduler.cc:131] [Task #0: main] Trial #688: GFLOPs: 16437.5633. Time: 14.0660 us. Best GFLOPs: 17371.5070
2025-10-07 11:13:28 [INFO] [task_scheduler.cc:131] [Task #0: main] Trial #689: GFLOPs: 16462.2801. Time: 14.0449 us. Best GFLOPs: 17371.5070
2025-10-07 11:13:28 [INFO] [task_scheduler.cc:131] [Task #0: main] Trial #690: GFLOPs: 12113.0485. Time: 19.0878 us. Best GFLOPs: 17371.5070
2025-10-07 11:13:28 [INFO] [task_scheduler.cc:131] [Task #0: main] Trial #691: GFLOPs: 12111.6291. Time: 19.0900 us. Best GFLOPs: 17371.5070
2025-10-07 11:13:28 [INFO] [task_scheduler.cc:131] [Task #0: main] Trial #692: GFLOPs: 12108.3706. Time: 19.0951 us. Best GFLOPs: 17371.5070
2025-10-07 11:13:28 [INFO] [task_scheduler.cc:131] [Task #0: main] Trial #693: GFLOPs: 15561.3384. Time: 14.8580 us. Best GFLOPs: 17371.5070
2025-10-07 11:13:28 [INFO] [task_scheduler.cc:131] [Task #0: main] Trial #694: GFLOPs: 12771.2117. Time: 18.1041 us. Best GFLOPs: 17371.5070
2025-10-07 11:13:28 [INFO] [task_scheduler.cc:131] [Task #0: main] Trial #695: GFLOPs: 11880.2042. Time: 19.4619 us. Best GFLOPs: 17371.5070
2025-10-07 11:13:28 [INFO] [task_scheduler.cc:131] [Task #0: main] Trial #696: GFLOPs: 11427.0742. Time: 20.2336 us. Best GFLOPs: 17371.5070
2025-10-07 11:13:28 [INFO] [task_scheduler.cc:131] [Task #0: main] Trial #697: GFLOPs: 12538.9624. Time: 18.4394 us. Best GFLOPs: 17371.5070
2025-10-07 11:13:28 [INFO] [task_scheduler.cc:131] [Task #0: main] Trial #698: GFLOPs: 13812.8028. Time: 16.7389 us. Best GFLOPs: 17371.5070
2025-10-07 11:13:28 [INFO] [task_scheduler.cc:131] [Task #0: main] Trial #699: GFLOPs: 12387.0331. Time: 18.6656 us. Best GFLOPs: 17371.5070
2025-10-07 11:13:28 [INFO] [task_scheduler.cc:131] [Task #0: main] Trial #700: GFLOPs: 12551.9519. Time: 18.4203 us. Best GFLOPs: 17371.5070
2025-10-07 11:13:28 [INFO] [task_scheduler.cc:131] [Task #0: main] Trial #701: GFLOPs: 13418.8367. Time: 17.2303 us. Best GFLOPs: 17371.5070
2025-10-07 11:13:28 [INFO] [task_scheduler.cc:131] [Task #0: main] Trial #702: GFLOPs: 133.7136. Time: 1729.1515 us. Best GFLOPs: 17371.5070
2025-10-07 11:13:28 [INFO] [task_scheduler.cc:131] [Task #0: main] Trial #703: GFLOPs: 1457.1076. Time: 158.6781 us. Best GFLOPs: 17371.5070
2025-10-07 11:13:28 [INFO] [task_scheduler.cc:131] [Task #0: main] Trial #704: GFLOPs: 3379.7703. Time: 68.4103 us. Best GFLOPs: 17371.5070
2025-10-07 11:13:28 [INFO] [evolutionary_search.cc:713] Generating candidates......
2025-10-07 11:13:31 [INFO] [evolutionary_search.cc:715] Picked top 102 candidate(s) from database
2025-10-07 11:13:38 [INFO] [evolutionary_search.cc:533] Sample-Init-Population summary:
Postproc #0 [meta_schedule.DisallowDynamicLoop(0x10966348)]: 0 failure(s)
Postproc #1 [meta_schedule.RewriteCooperativeFetch(0x10d195d8)]: 0 failure(s)
Postproc #2 [meta_schedule.RewriteUnboundBlock(0x10b2d658)]: 0 failure(s)
Postproc #3 [meta_schedule.RewriteParallelVectorizeUnroll(0x10c03278)]: 0 failure(s)
Postproc #4 [meta_schedule.RewriteReductionBlock(0x109facd8)]: 0 failure(s)
Postproc #5 [meta_schedule.VerifyGPUCode(0x1082ac68)]: 333 failure(s)
Postproc #6 [meta_schedule.RewriteTensorize(0x109da9c8)]: 0 failure(s)
2025-10-07 11:13:38 [INFO] [evolutionary_search.cc:723] Sampled 77 candidate(s)
2025-10-07 11:13:54 [INFO] [evolutionary_search.cc:621] Evolve iter #0 done. Summary:
Postproc #0 [meta_schedule.DisallowDynamicLoop(0x10966348)]: 0 failure(s)
Postproc #1 [meta_schedule.RewriteCooperativeFetch(0x10d195d8)]: 0 failure(s)
Postproc #2 [meta_schedule.RewriteUnboundBlock(0x10b2d658)]: 0 failure(s)
Postproc #3 [meta_schedule.RewriteParallelVectorizeUnroll(0x10c03278)]: 0 failure(s)
Postproc #4 [meta_schedule.RewriteReductionBlock(0x109facd8)]: 0 failure(s)
Postproc #5 [meta_schedule.VerifyGPUCode(0x1082ac68)]: 157 failure(s)
Postproc #6 [meta_schedule.RewriteTensorize(0x109da9c8)]: 0 failure(s)
2025-10-07 11:14:11 [INFO] [evolutionary_search.cc:621] Evolve iter #1 done. Summary:
Postproc #0 [meta_schedule.DisallowDynamicLoop(0x10966348)]: 0 failure(s)
Postproc #1 [meta_schedule.RewriteCooperativeFetch(0x10d195d8)]: 0 failure(s)
Postproc #2 [meta_schedule.RewriteUnboundBlock(0x10b2d658)]: 0 failure(s)
Postproc #3 [meta_schedule.RewriteParallelVectorizeUnroll(0x10c03278)]: 0 failure(s)
Postproc #4 [meta_schedule.RewriteReductionBlock(0x109facd8)]: 0 failure(s)
Postproc #5 [meta_schedule.VerifyGPUCode(0x1082ac68)]: 123 failure(s)
Postproc #6 [meta_schedule.RewriteTensorize(0x109da9c8)]: 0 failure(s)
2025-10-07 11:14:29 [INFO] [evolutionary_search.cc:621] Evolve iter #2 done. Summary:
Postproc #0 [meta_schedule.DisallowDynamicLoop(0x10966348)]: 0 failure(s)
Postproc #1 [meta_schedule.RewriteCooperativeFetch(0x10d195d8)]: 0 failure(s)
Postproc #2 [meta_schedule.RewriteUnboundBlock(0x10b2d658)]: 0 failure(s)
Postproc #3 [meta_schedule.RewriteParallelVectorizeUnroll(0x10c03278)]: 0 failure(s)
Postproc #4 [meta_schedule.RewriteReductionBlock(0x109facd8)]: 0 failure(s)
Postproc #5 [meta_schedule.VerifyGPUCode(0x1082ac68)]: 129 failure(s)
Postproc #6 [meta_schedule.RewriteTensorize(0x109da9c8)]: 0 failure(s)
2025-10-07 11:14:48 [INFO] [evolutionary_search.cc:621] Evolve iter #3 done. Summary:
Postproc #0 [meta_schedule.DisallowDynamicLoop(0x10966348)]: 0 failure(s)
Postproc #1 [meta_schedule.RewriteCooperativeFetch(0x10d195d8)]: 0 failure(s)
Postproc #2 [meta_schedule.RewriteUnboundBlock(0x10b2d658)]: 0 failure(s)
Postproc #3 [meta_schedule.RewriteParallelVectorizeUnroll(0x10c03278)]: 0 failure(s)
Postproc #4 [meta_schedule.RewriteReductionBlock(0x109facd8)]: 0 failure(s)
Postproc #5 [meta_schedule.VerifyGPUCode(0x1082ac68)]: 142 failure(s)
Postproc #6 [meta_schedule.RewriteTensorize(0x109da9c8)]: 0 failure(s)
2025-10-07 11:14:54 [INFO] [evolutionary_search.cc:649] Scores of the best 64 candidates:
[1 : 16]:	0.9737  0.9635  0.9473  0.9473  0.9399  0.9399  0.9379  0.9379  0.9363  0.9225  0.9225  0.9183  0.9134  0.9084  0.9073  0.8996
[17 : 32]:	0.8996  0.8987  0.8981  0.8963  0.8946  0.8946  0.8863  0.8811  0.8811  0.8807  0.8752  0.8730  0.8730  0.8692  0.8650  0.8650
[33 : 48]:	0.8624  0.8584  0.8579  0.8547  0.8547  0.8522  0.8514  0.8488  0.8487  0.8478  0.8307  0.8307  0.8297  0.8257  0.8232  0.8232
[49 : 64]:	0.8227  0.8167  0.8140  0.8117  0.8115  0.8092  0.8082  0.8004  0.7980  0.7892  0.7890  0.7870  0.7870  0.7818  0.7818  0.7805
2025-10-07 11:14:54 [INFO] [evolutionary_search.cc:727] Got 64 candidate(s) with evolutionary search
2025-10-07 11:14:54 [INFO] [evolutionary_search.cc:730] Sending 64 candidates(s) for measurement
2025-10-07 11:15:24 [INFO] [task_scheduler.cc:131] [Task #0: main] Trial #705: GFLOPs: 15910.7755. Time: 14.5317 us. Best GFLOPs: 17371.5070
2025-10-07 11:15:24 [INFO] [task_scheduler.cc:131] [Task #0: main] Trial #706: GFLOPs: 16929.6175. Time: 13.6572 us. Best GFLOPs: 17371.5070
2025-10-07 11:15:24 [INFO] [task_scheduler.cc:131] [Task #0: main] Trial #707: GFLOPs: 16470.5144. Time: 14.0379 us. Best GFLOPs: 17371.5070
2025-10-07 11:15:24 [INFO] [task_scheduler.cc:131] [Task #0: main] Trial #708: GFLOPs: 16240.8235. Time: 14.2364 us. Best GFLOPs: 17371.5070
2025-10-07 11:15:24 [INFO] [task_scheduler.cc:131] [Task #0: main] Trial #709: GFLOPs: 16404.6902. Time: 14.0942 us. Best GFLOPs: 17371.5070
2025-10-07 11:15:24 [INFO] [task_scheduler.cc:131] [Task #0: main] Trial #710: GFLOPs: 16406.7277. Time: 14.0925 us. Best GFLOPs: 17371.5070
2025-10-07 11:15:24 [INFO] [task_scheduler.cc:131] [Task #0: main] Trial #711: GFLOPs: 16305.1660. Time: 14.1802 us. Best GFLOPs: 17371.5070
2025-10-07 11:15:24 [INFO] [task_scheduler.cc:131] [Task #0: main] Trial #712: GFLOPs: 16304.8205. Time: 14.1805 us. Best GFLOPs: 17371.5070
2025-10-07 11:15:24 [INFO] [task_scheduler.cc:131] [Task #0: main] Trial #713: GFLOPs: 16034.5891. Time: 14.4195 us. Best GFLOPs: 17371.5070
2025-10-07 11:15:24 [INFO] [task_scheduler.cc:131] [Task #0: main] Trial #714: GFLOPs: 15484.7582. Time: 14.9315 us. Best GFLOPs: 17371.5070
2025-10-07 11:15:24 [INFO] [task_scheduler.cc:131] [Task #0: main] Trial #715: GFLOPs: 15485.5515. Time: 14.9308 us. Best GFLOPs: 17371.5070
2025-10-07 11:15:24 [INFO] [task_scheduler.cc:131] [Task #0: main] Trial #716: GFLOPs: 15522.1608. Time: 14.8955 us. Best GFLOPs: 17371.5070
2025-10-07 11:15:24 [INFO] [task_scheduler.cc:131] [Task #0: main] Trial #717: GFLOPs: 16211.4980. Time: 14.2622 us. Best GFLOPs: 17371.5070
2025-10-07 11:15:24 [INFO] [task_scheduler.cc:131] [Task #0: main] Trial #718: GFLOPs: 14240.0832. Time: 16.2366 us. Best GFLOPs: 17371.5070
2025-10-07 11:15:24 [INFO] [task_scheduler.cc:131] [Task #0: main] Trial #719: GFLOPs: 15831.2293. Time: 14.6047 us. Best GFLOPs: 17371.5070
2025-10-07 11:15:24 [INFO] [task_scheduler.cc:131] [Task #0: main] Trial #720: GFLOPs: 15150.9022. Time: 15.2605 us. Best GFLOPs: 17371.5070
2025-10-07 11:15:24 [INFO] [task_scheduler.cc:131] [Task #0: main] Trial #721: GFLOPs: 15151.7568. Time: 15.2597 us. Best GFLOPs: 17371.5070
2025-10-07 11:15:24 [INFO] [task_scheduler.cc:131] [Task #0: main] Trial #722: GFLOPs: 15066.1964. Time: 15.3463 us. Best GFLOPs: 17371.5070
2025-10-07 11:15:24 [INFO] [task_scheduler.cc:131] [Task #0: main] Trial #723: GFLOPs: 15520.8436. Time: 14.8968 us. Best GFLOPs: 17371.5070
2025-10-07 11:15:24 [INFO] [task_scheduler.cc:131] [Task #0: main] Trial #724: GFLOPs: 14581.1714. Time: 15.8568 us. Best GFLOPs: 17371.5070
2025-10-07 11:15:24 [INFO] [task_scheduler.cc:131] [Task #0: main] Trial #725: GFLOPs: 15865.5535. Time: 14.5731 us. Best GFLOPs: 17371.5070
2025-10-07 11:15:24 [INFO] [task_scheduler.cc:131] [Task #0: main] Trial #726: GFLOPs: 15866.0740. Time: 14.5727 us. Best GFLOPs: 17371.5070
2025-10-07 11:15:24 [INFO] [task_scheduler.cc:131] [Task #0: main] Trial #727: GFLOPs: 14059.4702. Time: 16.4452 us. Best GFLOPs: 17371.5070
2025-10-07 11:15:24 [INFO] [task_scheduler.cc:131] [Task #0: main] Trial #728: GFLOPs: 14793.4311. Time: 15.6293 us. Best GFLOPs: 17371.5070
2025-10-07 11:15:24 [INFO] [task_scheduler.cc:131] [Task #0: main] Trial #729: GFLOPs: 14944.4982. Time: 15.4713 us. Best GFLOPs: 17371.5070
2025-10-07 11:15:24 [INFO] [task_scheduler.cc:131] [Task #0: main] Trial #730: GFLOPs: 15554.7100. Time: 14.8644 us. Best GFLOPs: 17371.5070
2025-10-07 11:15:24 [INFO] [task_scheduler.cc:131] [Task #0: main] Trial #731: GFLOPs: 14911.6466. Time: 15.5054 us. Best GFLOPs: 17371.5070
2025-10-07 11:15:24 [INFO] [task_scheduler.cc:131] [Task #0: main] Trial #732: GFLOPs: 15872.8080. Time: 14.5665 us. Best GFLOPs: 17371.5070
2025-10-07 11:15:24 [INFO] [task_scheduler.cc:131] [Task #0: main] Trial #733: GFLOPs: 15873.9301. Time: 14.5655 us. Best GFLOPs: 17371.5070
2025-10-07 11:15:24 [INFO] [task_scheduler.cc:131] [Task #0: main] Trial #734: GFLOPs: 15370.5177. Time: 15.0425 us. Best GFLOPs: 17371.5070
2025-10-07 11:15:24 [INFO] [task_scheduler.cc:131] [Task #0: main] Trial #735: GFLOPs: 14832.2083. Time: 15.5884 us. Best GFLOPs: 17371.5070
2025-10-07 11:15:24 [INFO] [task_scheduler.cc:131] [Task #0: main] Trial #736: GFLOPs: 14863.3253. Time: 15.5558 us. Best GFLOPs: 17371.5070
2025-10-07 11:15:24 [INFO] [task_scheduler.cc:131] [Task #0: main] Trial #737: GFLOPs: 12433.1165. Time: 18.5964 us. Best GFLOPs: 17371.5070
2025-10-07 11:15:24 [INFO] [task_scheduler.cc:131] [Task #0: main] Trial #738: GFLOPs: 12397.0987. Time: 18.6504 us. Best GFLOPs: 17371.5070
2025-10-07 11:15:24 [INFO] [task_scheduler.cc:131] [Task #0: main] Trial #739: GFLOPs: 16060.0523. Time: 14.3967 us. Best GFLOPs: 17371.5070
2025-10-07 11:15:24 [INFO] [task_scheduler.cc:131] [Task #0: main] Trial #740: GFLOPs: 14342.9892. Time: 16.1201 us. Best GFLOPs: 17371.5070
2025-10-07 11:15:24 [INFO] [task_scheduler.cc:131] [Task #0: main] Trial #741: GFLOPs: 14753.5829. Time: 15.6715 us. Best GFLOPs: 17371.5070
2025-10-07 11:15:24 [INFO] [task_scheduler.cc:131] [Task #0: main] Trial #742: GFLOPs: 16112.3997. Time: 14.3499 us. Best GFLOPs: 17371.5070
2025-10-07 11:15:24 [INFO] [task_scheduler.cc:131] [Task #0: main] Trial #743: GFLOPs: 14586.9117. Time: 15.8506 us. Best GFLOPs: 17371.5070
2025-10-07 11:15:24 [INFO] [task_scheduler.cc:131] [Task #0: main] Trial #744: GFLOPs: 14626.8008. Time: 15.8074 us. Best GFLOPs: 17371.5070
2025-10-07 11:15:24 [INFO] [task_scheduler.cc:131] [Task #0: main] Trial #745: GFLOPs: 12380.9046. Time: 18.6748 us. Best GFLOPs: 17371.5070
2025-10-07 11:15:24 [INFO] [task_scheduler.cc:131] [Task #0: main] Trial #746: GFLOPs: 11290.4882. Time: 20.4784 us. Best GFLOPs: 17371.5070
2025-10-07 11:15:24 [INFO] [task_scheduler.cc:131] [Task #0: main] Trial #747: GFLOPs: 14423.0495. Time: 16.0307 us. Best GFLOPs: 17371.5070
2025-10-07 11:15:24 [INFO] [task_scheduler.cc:131] [Task #0: main] Trial #748: GFLOPs: 14396.1156. Time: 16.0607 us. Best GFLOPs: 17371.5070
2025-10-07 11:15:24 [INFO] [task_scheduler.cc:131] [Task #0: main] Trial #749: GFLOPs: 13226.9793. Time: 17.4803 us. Best GFLOPs: 17371.5070
2025-10-07 11:15:24 [INFO] [task_scheduler.cc:131] [Task #0: main] Trial #750: GFLOPs: 14778.5839. Time: 15.6450 us. Best GFLOPs: 17371.5070
2025-10-07 11:15:24 [INFO] [task_scheduler.cc:131] [Task #0: main] Trial #751: GFLOPs: 12213.4304. Time: 18.9309 us. Best GFLOPs: 17371.5070
2025-10-07 11:15:24 [INFO] [task_scheduler.cc:131] [Task #0: main] Trial #752: GFLOPs: 12201.8043. Time: 18.9489 us. Best GFLOPs: 17371.5070
2025-10-07 11:15:24 [INFO] [task_scheduler.cc:131] [Task #0: main] Trial #753: GFLOPs: 15207.4315. Time: 15.2038 us. Best GFLOPs: 17371.5070
2025-10-07 11:15:24 [INFO] [task_scheduler.cc:131] [Task #0: main] Trial #754: GFLOPs: 14329.3222. Time: 16.1355 us. Best GFLOPs: 17371.5070
2025-10-07 11:15:24 [INFO] [task_scheduler.cc:131] [Task #0: main] Trial #755: GFLOPs: 12197.0780. Time: 18.9563 us. Best GFLOPs: 17371.5070
2025-10-07 11:15:24 [INFO] [task_scheduler.cc:131] [Task #0: main] Trial #756: GFLOPs: 13985.5029. Time: 16.5322 us. Best GFLOPs: 17371.5070
2025-10-07 11:15:24 [INFO] [task_scheduler.cc:131] [Task #0: main] Trial #757: GFLOPs: 12403.0502. Time: 18.6415 us. Best GFLOPs: 17371.5070
2025-10-07 11:15:24 [INFO] [task_scheduler.cc:131] [Task #0: main] Trial #758: GFLOPs: 13780.4519. Time: 16.7782 us. Best GFLOPs: 17371.5070
2025-10-07 11:15:24 [INFO] [task_scheduler.cc:131] [Task #0: main] Trial #759: GFLOPs: 12654.1059. Time: 18.2716 us. Best GFLOPs: 17371.5070
2025-10-07 11:15:24 [INFO] [task_scheduler.cc:131] [Task #0: main] Trial #760: GFLOPs: 13266.7447. Time: 17.4279 us. Best GFLOPs: 17371.5070
2025-10-07 11:15:24 [INFO] [task_scheduler.cc:131] [Task #0: main] Trial #761: GFLOPs: 12620.5459. Time: 18.3202 us. Best GFLOPs: 17371.5070
2025-10-07 11:15:24 [INFO] [task_scheduler.cc:131] [Task #0: main] Trial #762: GFLOPs: 13664.0329. Time: 16.9211 us. Best GFLOPs: 17371.5070
2025-10-07 11:15:24 [INFO] [task_scheduler.cc:131] [Task #0: main] Trial #763: GFLOPs: 13407.4396. Time: 17.2450 us. Best GFLOPs: 17371.5070
2025-10-07 11:15:24 [INFO] [task_scheduler.cc:131] [Task #0: main] Trial #764: GFLOPs: 13234.0872. Time: 17.4709 us. Best GFLOPs: 17371.5070
2025-10-07 11:15:24 [INFO] [task_scheduler.cc:131] [Task #0: main] Trial #765: GFLOPs: 13233.3252. Time: 17.4719 us. Best GFLOPs: 17371.5070
2025-10-07 11:15:24 [INFO] [task_scheduler.cc:121] [Task #0: main] Trial #766: Error in building:
LocalBuilder: An exception occurred
Traceback (most recent call last):
  File "/workspace/tvm-dev/python/tvm/exec/popen_worker.py", line 87, in main
    result = fn(*args, **kwargs)
             ^^^^^^^^^^^^^^^^^^^
  File "/workspace/tvm-dev/python/tvm/meta_schedule/builder/local_builder.py", line 165, in <lambda>
    lambda x: _worker_func(*x),
              ^^^^^^^^^^^^^^^^
  File "/workspace/tvm-dev/python/tvm/meta_schedule/builder/local_builder.py", line 231, in _worker_func
    rt_mod: Module = f_build(mod, target, _deserialize_params(params))
                     ^^^^^^^^^^^^^^^^^^^^^^^^^^^^^^^^^^^^^^^^^^^^^^^^^
  File "/workspace/tvm-dev/python/tvm/_ffi/_ctypes/packed_func.py", line 245, in __call__
    raise_last_ffi_error()
  File "/workspace/tvm-dev/python/tvm/_ffi/base.py", line 481, in raise_last_ffi_error
    raise py_err
  File "/workspace/tvm-dev/python/tvm/meta_schedule/builder/local_builder.py", line 261, in default_build
    return tvm_build(mod, target=target)
           ^^^^^^^^^^^^^^^^^^^^^^^^^^^^^
  File "/workspace/tvm-dev/python/tvm/driver/build_module.py", line 297, in build
    rt_mod_host = _driver_ffi.tir_to_runtime(annotated_mods, target_host)
                  ^^^^^^^^^^^^^^^^^^^^^^^^^^^^^^^^^^^^^^^^^^^^^^^^^^^^^^^
  File "/workspace/tvm-dev/python/tvm/_ffi/_ctypes/packed_func.py", line 245, in __call__
    raise_last_ffi_error()
  File "/workspace/tvm-dev/python/tvm/_ffi/base.py", line 481, in raise_last_ffi_error
    raise py_err
ValueError: Traceback (most recent call last):
  33: tvm::runtime::PackedFuncObj::Extractor<tvm::runtime::PackedFuncSubObj<tvm::runtime::TypedPackedFunc<tvm::runtime::Module (tvm::runtime::Map<tvm::Target, tvm::IRModule, void, void> const&, tvm::Target)>::AssignTypedLambda<tvm::__mk_TVM24::{lambda(tvm::runtime::Map<tvm::Target, tvm::IRModule, void, void> const&, tvm::Target)#1}>(tvm::__mk_TVM24::{lambda(tvm::runtime::Map<tvm::Target, tvm::IRModule, void, void> const&, tvm::Target)#1}, std::__cxx11::basic_string<char, std::char_traits<char>, std::allocator<char> >)::{lambda(tvm::runtime::TVMArgs const&, tvm::runtime::TVMRetValue*)#1}> >::Call(tvm::runtime::PackedFuncObj const*, std::__cxx11::basic_string<char, std::char_traits<char>, std::allocator<char> >, tvm::runtime::TVMRetValue)
  32: tvm::TIRToRuntime(tvm::runtime::Map<tvm::Target, tvm::IRModule, void, void> const&, tvm::Target const&)
  31: tvm::codegen::Build(tvm::IRModule, tvm::Target)
  30: _ZN3tvm7runtime13PackedFuncObj
  29: tvm::runtime::TypedPackedFunc<tvm::runtime::Module (tvm::IRModule, tvm::Target)>::AssignTypedLambda<tvm::runtime::Module (*)(tvm::IRModule, tvm::Target)>(tvm::runtime::Module (*)(tvm::IRModule, tvm::Target), std::__cxx11::basic_string<char, std::char_traits<char>, std::allocator<char> >)::{lambda(tvm::runtime::TVMArgs const&, tvm::runtime::TVMRetValue*)#1}::operator()(tvm::runtime::TVMArgs const&, tvm::runtime::TVMRetValue*) const
  28: tvm::codegen::BuildCUDA(tvm::IRModule, tvm::Target)
  27: tvm::codegen::CodeGenC::AddFunction(tvm::GlobalVar const&, tvm::tir::PrimFunc const&)
  26: tvm::codegen::CodeGenCUDA::VisitStmt_(tvm::tir::AllocateNode const*)
  25: tvm::codegen::CodeGenCUDA::VisitStmt_(tvm::tir::AllocateNode const*)
  24: tvm::codegen::CodeGenCUDA::VisitStmt_(tvm::tir::AllocateNode const*)
  23: tvm::codegen::CodeGenCUDA::VisitStmt_(tvm::tir::AllocateNode const*)
  22: tvm::codegen::CodeGenC::VisitStmt_(tvm::tir::SeqStmtNode const*)
  21: tvm::codegen::CodeGenC::VisitStmt_(tvm::tir::ForNode const*)
  20: tvm::codegen::CodeGenC::VisitStmt_(tvm::tir::SeqStmtNode const*)
  19: tvm::codegen::CodeGenC::VisitStmt_(tvm::tir::BufferStoreNode const*)
  18: tvm::codegen::CodeGenC::PrintExpr[abi:cxx11](tvm::PrimExpr const&)
  17: tvm::codegen::CodeGenC::VisitExpr_(tvm::tir::BufferLoadNode const*, std::ostream&)
  16: tvm::codegen::CodeGenC::PrintExpr[abi:cxx11](tvm::PrimExpr const&)
  15: void tvm::codegen::PrintBinaryExpr<tvm::tir::AddNode>(tvm::tir::AddNode const*, char const*, std::ostream&, tvm::codegen::CodeGenC*)
  14: tvm::codegen::CodeGenCUDA::PrintVecBinaryOp(std::__cxx11::basic_string<char, std::char_traits<char>, std::allocator<char> > const&, tvm::runtime::DataType, tvm::PrimExpr, tvm::PrimExpr, std::ostream&)
  13: tvm::codegen::CodeGenC::PrintExpr[abi:cxx11](tvm::PrimExpr const&)
  12: void tvm::codegen::PrintBinaryExpr<tvm::tir::AddNode>(tvm::tir::AddNode const*, char const*, std::ostream&, tvm::codegen::CodeGenC*)
  11: tvm::codegen::CodeGenCUDA::PrintVecBinaryOp(std::__cxx11::basic_string<char, std::char_traits<char>, std::allocator<char> > const&, tvm::runtime::DataType, tvm::PrimExpr, tvm::PrimExpr, std::ostream&)
  10: tvm::codegen::CodeGenC::PrintExpr[abi:cxx11](tvm::PrimExpr const&)
  9: void tvm::codegen::PrintBinaryExpr<tvm::tir::AddNode>(tvm::tir::AddNode const*, char const*, std::ostream&, tvm::codegen::CodeGenC*)
  8: tvm::codegen::CodeGenCUDA::PrintVecBinaryOp(std::__cxx11::basic_string<char, std::char_traits<char>, std::allocator<char> > const&, tvm::runtime::DataType, tvm::PrimExpr, tvm::PrimExpr, std::ostream&)
  7: tvm::codegen::CodeGenC::PrintExpr[abi:cxx11](tvm::PrimExpr const&)
  6: void tvm::codegen::PrintBinaryExpr<tvm::tir::MulNode>(tvm::tir::MulNode const*, char const*, std::ostream&, tvm::codegen::CodeGenC*)
  5: tvm::codegen::CodeGenCUDA::PrintVecBinaryOp(std::__cxx11::basic_string<char, std::char_traits<char>, std::allocator<char> > const&, tvm::runtime::DataType, tvm::PrimExpr, tvm::PrimExpr, std::ostream&)
  4: tvm::codegen::CodeGenC::PrintExpr[abi:cxx11](tvm::PrimExpr const&)
  3: void tvm::codegen::PrintBinaryExpr<tvm::tir::DivNode>(tvm::tir::DivNode const*, char const*, std::ostream&, tvm::codegen::CodeGenC*)
  2: tvm::codegen::CodeGenCUDA::PrintVecBinaryOp(std::__cxx11::basic_string<char, std::char_traits<char>, std::allocator<char> > const&, tvm::runtime::DataType, tvm::PrimExpr, tvm::PrimExpr, std::ostream&)
  1: tvm::codegen::CodeGenC::PrintExpr[abi:cxx11](tvm::PrimExpr const&)
  0: tvm::codegen::CodeGenCUDA::VisitExpr_(tvm::tir::RampNode const*, std::ostream&)
  File "/workspace/tvm-dev/src/target/source/codegen_cuda.cc", line 1204
ValueError: Check failed: lanes <= 4 (8 vs. 4) : Ramp of more than 4 lanes is not allowed.

# from tvm.script import ir as I
# from tvm.script import tir as T

@I.ir_module
class Module:
    @T.prim_func
    def main(A: T.Buffer((1, 256, 14, 14), "float16"), W: T.Buffer((256, 256, 3, 3), "float16"), conv2d_nchw: T.Buffer((1, 256, 14, 14), "float16")):
        T.func_attr({"tir.noalias": T.bool(True)})
        # with T.block("root"):
        conv2d_nchw_reindex_pad_shared_dyn = T.alloc_buffer((13, 8, 1, 2, 16, 16), "float16", scope="shared.dyn")
        conv2d_nchw_reindex_pad_shared_dyn_wmma_accumulator = T.alloc_buffer((13, 8, 1, 2, 16, 16), "float16", scope="wmma.accumulator")
        pad_temp_reindex_pad_shared_dyn = T.alloc_buffer((208, 2304), "float16", scope="shared.dyn")
        W_reindex_shared_dyn = T.alloc_buffer((256, 2304), "float16", scope="shared.dyn")
        pad_temp_reindex_pad_shared_dyn_wmma_matrix_a = T.alloc_buffer((208, 2304), "float16", scope="wmma.matrix_a")
        W_reindex_shared_dyn_wmma_matrix_b = T.alloc_buffer((256, 2304), "float16", scope="wmma.matrix_b")
        for ax0_0_0_ax1_0_0_fused in T.thread_binding(4, thread="blockIdx.y", annotations={"pragma_auto_unroll_max_step": 64, "pragma_unroll_explicit": 1}):
            for ax0_0_1_ax1_0_1_fused in T.thread_binding(26, thread="blockIdx.x"):
                for ax0_0_2_ax1_0_2_fused in T.thread_binding(1, thread="threadIdx.y"):
                    for ax0_0_3_init, ax1_0_3_init, ax0_0_4_init, ax1_0_4_init in T.grid(1, 2, 1, 1):
                        with T.block("conv2d_nchw_o_init"):
                            v0_o = T.axis.spatial(13, ax0_0_1_ax1_0_1_fused // 2 + ax0_0_3_init + ax0_0_4_init)
                            v1_o = T.axis.spatial(16, ax0_0_0_ax1_0_0_fused * 4 + ax0_0_1_ax1_0_1_fused % 2 * 2 + ax1_0_3_init + ax1_0_4_init)
                            T.reads()
                            T.writes(conv2d_nchw_reindex_pad_shared_dyn_wmma_accumulator[v0_o, v1_o // 2, 0, v1_o % 2, 0:16, 0:16])
                            T.block_attr({"meta_schedule.thread_extent_high_inclusive": 1024, "meta_schedule.thread_extent_low_inclusive": 32, "warp_execution": 1})
                            C = T.match_buffer(conv2d_nchw_reindex_pad_shared_dyn_wmma_accumulator[v0_o, v1_o // 2, 0, v1_o % 2, 0:16, 0:16], (16, 16), "float16", strides=("C_s0", "C_s1"), scope="wmma.accumulator", offset_factor=16)
                            T.tvm_fill_fragment(C.data, 16, 16, 16, C.elem_offset // C.strides[0] // 16 * (C.strides[0] // 16) + C.elem_offset % C.strides[0] // 16, T.float32(0.0))
                    for ax2_0_0 in range(24):
                        for ax0_ax1_fused_0 in range(12):
                            for ax0_ax1_fused_1 in T.thread_binding(1, thread="threadIdx.y"):
                                for ax0_ax1_fused_2 in T.thread_binding(32, thread="threadIdx.x"):
                                    for ax0_ax1_fused_3 in T.vectorized(4):
                                        with T.block("pad_temp_reindex_pad_shared.dyn"):
                                            v0 = T.axis.spatial(208, ax0_0_1_ax1_0_1_fused // 2 * 16 + (ax0_ax1_fused_0 * 128 + ax0_ax1_fused_1 * 128 + ax0_ax1_fused_2 * 4 + ax0_ax1_fused_3) // 96)
                                            v1 = T.axis.spatial(2304, ax2_0_0 * 96 + (ax0_ax1_fused_0 * 128 + ax0_ax1_fused_1 * 128 + ax0_ax1_fused_2 * 4 + ax0_ax1_fused_3) % 96)
                                            T.reads(A[0, v1 // 9, v0 // 14 + v1 % 9 // 3 - 1, v0 % 14 + v1 % 3 - 1])
                                            T.writes(pad_temp_reindex_pad_shared_dyn[v0, v1])
                                            T.block_attr({"buffer_dim_align": [[0, 0, 32, 8]]})
                                            pad_temp_reindex_pad_shared_dyn[v0, v1] = T.if_then_else(v0 < 196, T.if_then_else(1 <= v0 // 14 + v1 % 9 // 3 and v0 // 14 + v1 % 9 // 3 < 15 and 1 <= v0 % 14 + v1 % 3 and v0 % 14 + v1 % 3 < 15, A[0, v1 // 9, v0 // 14 + v1 % 9 // 3 - 1, v0 % 14 + v1 % 3 - 1], T.float16(0.0)), T.float16(0.0))
                        for ax0_ax1_fused_0 in range(12):
                            for ax0_ax1_fused_1 in T.thread_binding(1, thread="threadIdx.y"):
                                for ax0_ax1_fused_2 in T.thread_binding(32, thread="threadIdx.x"):
                                    for ax0_ax1_fused_3 in T.vectorized(8):
                                        with T.block("W_reindex_shared.dyn"):
                                            v0 = T.axis.spatial(256, ax0_0_0_ax1_0_0_fused * 64 + ax0_0_1_ax1_0_1_fused % 2 * 32 + (ax0_ax1_fused_0 * 256 + ax0_ax1_fused_1 * 256 + ax0_ax1_fused_2 * 8 + ax0_ax1_fused_3) // 96)
                                            v1 = T.axis.spatial(2304, ax2_0_0 * 96 + (ax0_ax1_fused_0 * 256 + ax0_ax1_fused_1 * 256 + ax0_ax1_fused_2 * 8 + ax0_ax1_fused_3) % 96)
                                            T.reads(W[v0, v1 // 9, v1 % 9 // 3, v1 % 3])
                                            T.writes(W_reindex_shared_dyn[v0, v1])
                                            T.block_attr({"buffer_dim_align": [[0, 0, 32, 8]]})
                                            W_reindex_shared_dyn[v0, v1] = W[v0, v1 // 9, v1 % 9 // 3, v1 % 3]
                        for ax2_0_1 in range(2):
                            for ax0_0, ax1_0 in T.grid(1, 3):
                                with T.block("pad_temp_reindex_pad_shared.dyn_wmma.matrix_a_o"):
                                    v0_o = T.axis.spatial(13, ax0_0_1_ax1_0_1_fused // 2 + ax0_0)
                                    v1_o = T.axis.spatial(144, ax2_0_0 * 6 + ax2_0_1 * 3 + ax1_0)
                                    T.reads(pad_temp_reindex_pad_shared_dyn[v0_o * 16:v0_o * 16 + 16, v1_o * 16:v1_o * 16 + 16])
                                    T.writes(pad_temp_reindex_pad_shared_dyn_wmma_matrix_a[v0_o * 16:v0_o * 16 + 16, v1_o * 16:v1_o * 16 + 16])
                                    A_1 = T.match_buffer(pad_temp_reindex_pad_shared_dyn[v0_o * 16:v0_o * 16 + 16, v1_o * 16:v1_o * 16 + 16], (16, 16), "float16", strides=("A_s0", "A_s1"), scope="shared.dyn", offset_factor=16)
                                    C = T.match_buffer(pad_temp_reindex_pad_shared_dyn_wmma_matrix_a[v0_o * 16:v0_o * 16 + 16, v1_o * 16:v1_o * 16 + 16], (16, 16), "float16", strides=("C_s0", "C_s1"), scope="wmma.matrix_a", offset_factor=16)
                                    T.tvm_load_matrix_sync(C.data, 16, 16, 16, C.elem_offset // C.strides[0] // 16 * (C.strides[0] // 16) + C.elem_offset % C.strides[0] // 16, T.tvm_access_ptr(T.type_annotation("float16"), A_1.data, A_1.elem_offset, A_1.strides[0] * 16, 1), A_1.strides[0], "row_major")
                            for ax0_0, ax1_0 in T.grid(2, 3):
                                with T.block("W_reindex_shared.dyn_wmma.matrix_b_o"):
                                    v0_o = T.axis.spatial(16, ax0_0_0_ax1_0_0_fused * 4 + ax0_0_1_ax1_0_1_fused % 2 * 2 + ax0_0)
                                    v1_o = T.axis.spatial(144, ax2_0_0 * 6 + ax2_0_1 * 3 + ax1_0)
                                    T.reads(W_reindex_shared_dyn[v0_o * 16:v0_o * 16 + 16, v1_o * 16:v1_o * 16 + 16])
                                    T.writes(W_reindex_shared_dyn_wmma_matrix_b[v0_o * 16:v0_o * 16 + 16, v1_o * 16:v1_o * 16 + 16])
                                    A_1 = T.match_buffer(W_reindex_shared_dyn[v0_o * 16:v0_o * 16 + 16, v1_o * 16:v1_o * 16 + 16], (16, 16), "float16", strides=("A_s0", "A_s1"), scope="shared.dyn", offset_factor=16)
                                    C = T.match_buffer(W_reindex_shared_dyn_wmma_matrix_b[v0_o * 16:v0_o * 16 + 16, v1_o * 16:v1_o * 16 + 16], (16, 16), "float16", strides=("C_s0", "C_s1"), scope="wmma.matrix_b", offset_factor=16)
                                    T.tvm_load_matrix_sync(C.data, 16, 16, 16, C.elem_offset // C.strides[0] // 16 * (C.strides[0] // 16) + C.elem_offset % C.strides[0] // 16, T.tvm_access_ptr(T.type_annotation("float16"), A_1.data, A_1.elem_offset, A_1.strides[0] * 16, 1), A_1.strides[0], "col_major")
                            for ax0_0_3, ax1_0_3, ax2_0_2, ax0_0_4, ax1_0_4 in T.grid(1, 2, 3, 1, 1):
                                with T.block("conv2d_nchw_o_update"):
                                    v0_o = T.axis.spatial(13, ax0_0_1_ax1_0_1_fused // 2 + ax0_0_3 + ax0_0_4)
                                    v1_o = T.axis.spatial(16, ax0_0_0_ax1_0_0_fused * 4 + ax0_0_1_ax1_0_1_fused % 2 * 2 + ax1_0_3 + ax1_0_4)
                                    v2_o = T.axis.reduce(144, ax2_0_0 * 6 + ax2_0_1 * 3 + ax2_0_2)
                                    T.reads(conv2d_nchw_reindex_pad_shared_dyn_wmma_accumulator[v0_o, v1_o // 2, 0, v1_o % 2, 0:16, 0:16], pad_temp_reindex_pad_shared_dyn_wmma_matrix_a[v0_o * 16:v0_o * 16 + 16, v2_o * 16:v2_o * 16 + 16], W_reindex_shared_dyn_wmma_matrix_b[v1_o * 16:v1_o * 16 + 16, v2_o * 16:v2_o * 16 + 16])
                                    T.writes(conv2d_nchw_reindex_pad_shared_dyn_wmma_accumulator[v0_o, v1_o // 2, 0, v1_o % 2, 0:16, 0:16])
                                    T.block_attr({"meta_schedule.thread_extent_high_inclusive": 1024, "meta_schedule.thread_extent_low_inclusive": 32, "warp_execution": 1})
                                    A_1 = T.match_buffer(pad_temp_reindex_pad_shared_dyn_wmma_matrix_a[v0_o * 16:v0_o * 16 + 16, v2_o * 16:v2_o * 16 + 16], (16, 16), "float16", strides=("A_s0", "A_s1"), scope="wmma.matrix_a", offset_factor=16)
                                    B = T.match_buffer(W_reindex_shared_dyn_wmma_matrix_b[v1_o * 16:v1_o * 16 + 16, v2_o * 16:v2_o * 16 + 16], (16, 16), "float16", strides=("B_s0", "B_s1"), scope="wmma.matrix_b", offset_factor=16)
                                    C = T.match_buffer(conv2d_nchw_reindex_pad_shared_dyn_wmma_accumulator[v0_o, v1_o // 2, 0, v1_o % 2, 0:16, 0:16], (16, 16), "float16", strides=("C_s0", "C_s1"), scope="wmma.accumulator", offset_factor=16)
                                    T.tvm_mma_sync(C.data, C.elem_offset // C.strides[0] // 16 * (C.strides[0] // 16) + C.elem_offset % C.strides[0] // 16, A_1.data, A_1.elem_offset // A_1.strides[0] // 16 * (A_1.strides[0] // 16) + A_1.elem_offset % A_1.strides[0] // 16, B.data, B.elem_offset // B.strides[0] // 16 * (B.strides[0] // 16) + B.elem_offset % B.strides[0] // 16, C.data, C.elem_offset // C.strides[0] // 16 * (C.strides[0] // 16) + C.elem_offset % C.strides[0] // 16)
                for ax2 in range(1):
                    for ax0_ax1_fused in T.thread_binding(1, thread="threadIdx.y"):
                        for ax2_1, ax3 in T.grid(1, 2):
                            with T.block("conv2d_nchw_reindex_pad_shared.dyn_wmma.accumulator_o"):
                                v0_o = T.axis.spatial(13, ax0_0_1_ax1_0_1_fused // 2)
                                v1_o = T.axis.spatial(8, ax0_0_0_ax1_0_0_fused * 2 + ax0_0_1_ax1_0_1_fused % 2)
                                v2_o, v3_o = T.axis.remap("SS", [ax2_1, ax3])
                                v4_o = T.axis.spatial(1, 0)
                                v5_o = T.axis.spatial(1, 0)
                                T.reads(conv2d_nchw_reindex_pad_shared_dyn_wmma_accumulator[v0_o, v1_o, v2_o, v3_o, 0:16, 0:16])
                                T.writes(conv2d_nchw_reindex_pad_shared_dyn[v0_o, v1_o, v2_o, v3_o, 0:16, 0:16])
                                A_1 = T.match_buffer(conv2d_nchw_reindex_pad_shared_dyn_wmma_accumulator[v0_o, v1_o, v2_o, v3_o, 0:16, 0:16], (16, 16), "float16", strides=("A_s0", "A_s1"), scope="wmma.accumulator", offset_factor=16)
                                C = T.match_buffer(conv2d_nchw_reindex_pad_shared_dyn[v0_o, v1_o, v2_o, v3_o, 0:16, 0:16], (16, 16), "float16", strides=("C_s0", "C_s1"), scope="shared.dyn", offset_factor=16)
                                T.tvm_store_matrix_sync(A_1.data, 16, 16, 16, A_1.elem_offset // A_1.strides[0] // 16 * (A_1.strides[0] // 16) + A_1.elem_offset % A_1.strides[0] // 16, T.tvm_access_ptr(T.type_annotation("float16"), C.data, C.elem_offset, C.strides[0] * 16, 2), C.strides[0], "row_major")
                    for ax0_ax1_ax3_ax4_ax5_fused_0 in range(4):
                        for ax0_ax1_ax3_ax4_ax5_fused_1 in T.thread_binding(1, thread="threadIdx.y"):
                            for ax0_ax1_ax3_ax4_ax5_fused_2 in T.thread_binding(32, thread="threadIdx.x"):
                                for ax0_ax1_ax3_ax4_ax5_fused_3 in T.vectorized(4):
                                    with T.block("conv2d_nchw_reindex_pad_shared.dyn"):
                                        v0 = T.axis.spatial(13, ax0_0_1_ax1_0_1_fused // 2)
                                        v1 = T.axis.spatial(8, ax0_0_0_ax1_0_0_fused * 2 + ax0_0_1_ax1_0_1_fused % 2)
                                        v2 = T.axis.spatial(1, ax2)
                                        v3 = T.axis.spatial(2, (ax0_ax1_ax3_ax4_ax5_fused_0 * 128 + ax0_ax1_ax3_ax4_ax5_fused_1 * 128 + ax0_ax1_ax3_ax4_ax5_fused_2 * 4 + ax0_ax1_ax3_ax4_ax5_fused_3) // 256)
                                        v4 = T.axis.spatial(16, (ax0_ax1_ax3_ax4_ax5_fused_0 * 128 + ax0_ax1_ax3_ax4_ax5_fused_1 * 128 + ax0_ax1_ax3_ax4_ax5_fused_2 * 4 + ax0_ax1_ax3_ax4_ax5_fused_3) % 256 // 16)
                                        v5 = T.axis.spatial(16, (ax0_ax1_ax3_ax4_ax5_fused_0 * 128 + ax0_ax1_ax3_ax4_ax5_fused_1 * 128 + ax0_ax1_ax3_ax4_ax5_fused_2 * 4 + ax0_ax1_ax3_ax4_ax5_fused_3) % 16)
                                        T.where(ax0_0_1_ax1_0_1_fused // 2 * 16 + T.Mul(0, 16) + (((ax0_ax1_ax3_ax4_ax5_fused_0 + ax0_ax1_ax3_ax4_ax5_fused_1) * 32 + ax0_ax1_ax3_ax4_ax5_fused_2) * 4 + ax0_ax1_ax3_ax4_ax5_fused_3) % 256 // 16 < 196)
                                        T.reads(conv2d_nchw_reindex_pad_shared_dyn[v0, v1, v2, v3, v4, v5])
                                        T.writes(conv2d_nchw[0, v5 + v3 * 16 + v1 * 32, (v4 + v0 * 16) // 14, (v4 + v0 * 16) % 14])
                                        conv2d_nchw[0, v5 + v3 * 16 + v1 * 32, (v4 + v0 * 16) // 14, (v4 + v0 * 16) % 14] = conv2d_nchw_reindex_pad_shared_dyn[v0, v1, v2, v3, v4, v5]
b0 = sch.get_block(name="pad_temp", func_name="main")
b1 = sch.get_block(name="conv2d_nchw", func_name="main")
b2 = sch.get_block(name="root", func_name="main")
sch.annotate(block_or_loop=b1, ann_key="meta_schedule.tiling_structure", ann_val="SSSRRSRS")
b3 = sch.reindex(block=b1, buffer=("write", 0))
b4 = sch.reindex(block=b1, buffer=("read", 0))
b5 = sch.reindex(block=b1, buffer=("read", 1))
sch.transform_layout(block=b1, buffer=("read", 0), index_map=lambda v_nn, v_yy, v_xx, v_rc, v_ry, v_rx: (v_nn * 196 + v_yy * 14 + v_xx, v_rc * 9 + v_ry * 3 + v_rx,), pad_value=None, assume_injective_transform=True)
sch.transform_layout(block=b1, buffer=("read", 1), index_map=lambda v_ff, v_rc, v_ry, v_rx: (v_ff, v_rc * 9 + v_ry * 3 + v_rx,), pad_value=None, assume_injective_transform=True)
sch.transform_layout(block=b1, buffer=("write", 0), index_map=lambda v_nn, v_ff, v_yy, v_xx: (v_nn * 196 + v_yy * 14 + v_xx, v_ff,), pad_value=None, assume_injective_transform=True)
sch.transform_block_layout(block=b3, index_map=lambda v_nn, v_ff, v_yy, v_xx: (v_nn * 196 + v_yy * 14 + v_xx, v_ff,))
sch.transform_block_layout(block=b4, index_map=lambda v_nn, v_yy, v_xx, v_rc, v_ry, v_rx: (v_nn * 196 + v_yy * 14 + v_xx, v_rc * 9 + v_ry * 3 + v_rx,))
sch.transform_block_layout(block=b5, index_map=lambda v_ff, v_rc, v_ry, v_rx: (v_ff, v_rc * 9 + v_ry * 3 + v_rx,))
sch.transform_block_layout(block=b1, index_map=lambda v_nn, v_ff, v_yy, v_xx, v_rc, v_ry, v_rx: (v_nn * 196 + v_yy * 14 + v_xx, v_ff, v_rc * 9 + v_ry * 3 + v_rx,))
sch.pad_einsum(block=b1, padding=[16, 1, 1])
b6, b7 = sch.get_producers(block=b1)
b8, = sch.get_producers(block=b6)
b9, = sch.get_consumers(block=b1)
sch.compute_inline(block=b8)
sch.compute_inline(block=b9)
l10, l11, l12 = sch.get_loops(block=b1)
l13, l14 = sch.split(loop=l12, factors=[None, 16], preserve_unit_iters=True, disable_predication=False)
l15, l16 = sch.split(loop=l11, factors=[None, 16], preserve_unit_iters=True, disable_predication=False)
l17, l18 = sch.split(loop=l10, factors=[None, 16], preserve_unit_iters=True, disable_predication=False)
l19, l20, l21, l22, l23, l24 = sch.get_loops(block=b1)
sch.reorder(l21, l23, l18, l16, l14)
b25 = sch.blockize(target=l18, preserve_unit_iters=True)
sch.annotate(block_or_loop=b25, ann_key="meta_schedule.auto_tensorize", ann_val="wmma_sync_16x16x16_f16f16f16_trans")
sch.annotate(block_or_loop=b25, ann_key="meta_schedule.auto_tensorize_init", ann_val="wmma_fill_16x16x16_f16")
sch.annotate(block_or_loop=b25, ann_key="warp_execution", ann_val=1)
l26, l27, l28 = sch.get_loops(block=b25)
v29, v30, v31, v32, v33 = sch.sample_perfect_tile(loop=l26, n=5, max_innermost_factor=4, decision=[1, 13, 1, 1, 1])
l34, l35, l36, l37, l38 = sch.split(loop=l26, factors=[v29, v30, v31, v32, v33], preserve_unit_iters=True, disable_predication=False)
v39, v40, v41, v42, v43 = sch.sample_perfect_tile(loop=l27, n=5, max_innermost_factor=4, decision=[4, 2, 1, 2, 1])
l44, l45, l46, l47, l48 = sch.split(loop=l27, factors=[v39, v40, v41, v42, v43], preserve_unit_iters=True, disable_predication=False)
v49, v50, v51 = sch.sample_perfect_tile(loop=l28, n=3, max_innermost_factor=4, decision=[24, 2, 3])
l52, l53, l54 = sch.split(loop=l28, factors=[v49, v50, v51], preserve_unit_iters=True, disable_predication=False)
sch.reorder(l34, l44, l35, l45, l36, l46, l52, l53, l37, l47, l54, l38, l48)
l55 = sch.fuse(l34, l44, preserve_unit_iters=True)
sch.bind(loop=l55, thread_axis="blockIdx.y")
l56 = sch.fuse(l35, l45, preserve_unit_iters=True)
sch.bind(loop=l56, thread_axis="blockIdx.x")
l57 = sch.fuse(l36, l46, preserve_unit_iters=True)
sch.bind(loop=l57, thread_axis="threadIdx.y")
sch.annotate(block_or_loop=b25, ann_key="meta_schedule.thread_extent_low_inclusive", ann_val=32)
sch.annotate(block_or_loop=b25, ann_key="meta_schedule.thread_extent_high_inclusive", ann_val=1024)
sch.transform_layout(block=b25, buffer=("write", 0), index_map=lambda i0, i1: (i0 // 16 // (v32 * v33), i1 // 16 // (v42 * v43), i0 // 16 % (v32 * v33), i1 // 16 % (v42 * v43), i0 % 16, i1 % 16,), pad_value=None, assume_injective_transform=True)
b58 = sch.cache_write(block=b25, write_buffer_index=0, storage_scope="shared.dyn")
sch.reverse_compute_at(block=b58, loop=l56, preserve_unit_loops=True, index=-1)
b59 = sch.cache_write(block=b25, write_buffer_index=0, storage_scope="wmma.accumulator")
l60, l61, l62, l63, l64, l65, l66, l67 = sch.get_loops(block=b58)
sch.reorder(l64, l62, l63, l65)
sch.compute_at(block=b59, loop=l64, preserve_unit_loops=True, index=-1)
l68, l69, l70, l71, l72, l73, l74, l75, l76 = sch.get_loops(block=b59)
l77 = sch.fuse(l71, l72, preserve_unit_iters=True)
sch.bind(loop=l77, thread_axis="threadIdx.y")
sch.reverse_compute_inline(block=b3)
l78, l79, l80, l81, l82, l83, l84, l85 = sch.get_loops(block=b59)
b86 = sch.blockize(target=l84, preserve_unit_iters=True)
sch.annotate(block_or_loop=b86, ann_key="meta_schedule.auto_tensorize", ann_val="wmma_store_16x16x16_f16_shared_dyn")
l87, l88, l89, l90, l91, l92, l93, l94 = sch.get_loops(block=b58)
l95 = sch.fuse(l90, l91, l92, l93, l94, preserve_unit_iters=True)
v96 = sch.sample_categorical(candidates=[1, 2, 4, 8], probs=[0.25, 0.25, 0.25, 0.25], decision=2)
sch.annotate(block_or_loop=b58, ann_key="meta_schedule.cooperative_fetch", ann_val=v96)
b97 = sch.cache_read(block=b25, read_buffer_index=0, storage_scope="shared.dyn", consumer_blocks=[b25])
sch.compute_at(block=b97, loop=l52, preserve_unit_loops=True, index=-1)
l98, l99, l100, l101, l102, l103 = sch.get_loops(block=b97)
l104 = sch.fuse(l102, l103, preserve_unit_iters=True)
v105 = sch.sample_categorical(candidates=[1, 2, 4, 8], probs=[0.25, 0.25, 0.25, 0.25], decision=2)
sch.annotate(block_or_loop=b97, ann_key="meta_schedule.cooperative_fetch", ann_val=v105)
b106 = sch.cache_read(block=b25, read_buffer_index=1, storage_scope="shared.dyn", consumer_blocks=[b25])
sch.compute_at(block=b106, loop=l52, preserve_unit_loops=True, index=-1)
l107, l108, l109, l110, l111, l112 = sch.get_loops(block=b106)
l113 = sch.fuse(l111, l112, preserve_unit_iters=True)
v114 = sch.sample_categorical(candidates=[1, 2, 4, 8], probs=[0.25, 0.25, 0.25, 0.25], decision=3)
sch.annotate(block_or_loop=b106, ann_key="meta_schedule.cooperative_fetch", ann_val=v114)
b115 = sch.cache_read(block=b25, read_buffer_index=0, storage_scope="wmma.matrix_a")
sch.compute_at(block=b115, loop=l53, preserve_unit_loops=True, index=-1)
l116, l117, l118, l119, l120, l121, l122 = sch.get_loops(block=b115)
l123, l124 = sch.split(loop=l122, factors=[None, 16], preserve_unit_iters=True, disable_predication=False)
l125, l126 = sch.split(loop=l121, factors=[None, 16], preserve_unit_iters=True, disable_predication=False)
l127, l128, l129, l130, l131, l132, l133, l134, l135 = sch.get_loops(block=b115)
sch.reorder(l134, l126, l124)
b136 = sch.blockize(target=l126, preserve_unit_iters=True)
sch.annotate(block_or_loop=b136, ann_key="meta_schedule.auto_tensorize", ann_val="wmma_load_16x16x16_f16_a_shared_dyn")
b137 = sch.cache_read(block=b25, read_buffer_index=1, storage_scope="wmma.matrix_b")
sch.compute_at(block=b137, loop=l53, preserve_unit_loops=True, index=-1)
l138, l139, l140, l141, l142, l143, l144 = sch.get_loops(block=b137)
l145, l146 = sch.split(loop=l144, factors=[None, 16], preserve_unit_iters=True, disable_predication=False)
l147, l148 = sch.split(loop=l143, factors=[None, 16], preserve_unit_iters=True, disable_predication=False)
l149, l150, l151, l152, l153, l154, l155, l156, l157 = sch.get_loops(block=b137)
sch.reorder(l156, l148, l146)
b158 = sch.blockize(target=l148, preserve_unit_iters=True)
sch.annotate(block_or_loop=b158, ann_key="meta_schedule.auto_tensorize", ann_val="wmma_load_16x16x16_f16_b_trans_shared_dyn")
b159, = sch.get_producers(block=b97)
sch.compute_inline(block=b159)
sch.storage_align(block=b97, buffer_index=0, axis=-2, factor=32, offset=8)
b160, = sch.get_producers(block=b106)
sch.compute_inline(block=b160)
sch.storage_align(block=b106, buffer_index=0, axis=-2, factor=32, offset=8)
sch.compute_inline(block=b0)
v161 = sch.sample_categorical(candidates=[0, 16, 64, 512, 1024], probs=[0.20000000000000001, 0.20000000000000001, 0.20000000000000001, 0.20000000000000001, 0.20000000000000001], decision=2)
sch.annotate(block_or_loop=b2, ann_key="meta_schedule.unroll_explicit", ann_val=v161)
sch.enter_postproc()
sch.unannotate(block_or_loop=b58, ann_key="meta_schedule.cooperative_fetch")
l162, l163, l164, l165 = sch.get_loops(block=b58)
l166, l167, l168, l169 = sch.split(loop=l165, factors=[None, 1, 32, 4], preserve_unit_iters=True, disable_predication=False)
sch.vectorize(loop=l169)
sch.bind(loop=l168, thread_axis="threadIdx.x")
sch.bind(loop=l167, thread_axis="threadIdx.y")
sch.unannotate(block_or_loop=b97, ann_key="meta_schedule.cooperative_fetch")
l170, l171, l172, l173, l174 = sch.get_loops(block=b97)
l175, l176, l177, l178 = sch.split(loop=l174, factors=[None, 1, 32, 4], preserve_unit_iters=True, disable_predication=False)
sch.vectorize(loop=l178)
sch.bind(loop=l177, thread_axis="threadIdx.x")
sch.bind(loop=l176, thread_axis="threadIdx.y")
sch.unannotate(block_or_loop=b106, ann_key="meta_schedule.cooperative_fetch")
l179, l180, l181, l182, l183 = sch.get_loops(block=b106)
l184, l185, l186, l187 = sch.split(loop=l183, factors=[None, 1, 32, 8], preserve_unit_iters=True, disable_predication=False)
sch.vectorize(loop=l187)
sch.bind(loop=l186, thread_axis="threadIdx.x")
sch.bind(loop=l185, thread_axis="threadIdx.y")
b188 = sch.get_block(name="root", func_name="main")
sch.unannotate(block_or_loop=b188, ann_key="meta_schedule.unroll_explicit")
b189, b190, b191, b192, b193, b194, b195 = sch.get_child_blocks(b188)
l196, l197, l198, l199, l200, l201, l202, l203 = sch.get_loops(block=b189)
l204, l205, l206, l207, l208, l209, l210, l211 = sch.get_loops(block=b190)
l212, l213, l214, l215, l216, l217, l218 = sch.get_loops(block=b191)
l219, l220, l221, l222, l223, l224, l225 = sch.get_loops(block=b192)
l226, l227, l228, l229, l230, l231, l232, l233, l234, l235 = sch.get_loops(block=b193)
sch.annotate(block_or_loop=l226, ann_key="pragma_auto_unroll_max_step", ann_val=64)
sch.annotate(block_or_loop=l226, ann_key="pragma_unroll_explicit", ann_val=1)
l236, l237, l238, l239, l240, l241 = sch.get_loops(block=b194)
l242, l243, l244, l245, l246, l247, l248 = sch.get_loops(block=b195)
b249 = sch.get_block(name="conv2d_nchw_o", func_name="main")
l250, l251, l252, l253, l254, l255, l256, l257, l258, l259 = sch.get_loops(block=b249)
b260 = sch.decompose_reduction(block=b249, loop=l253)
sch.unannotate(block_or_loop=b260, ann_key="meta_schedule.auto_tensorize")
sch.annotate(block_or_loop=b260, ann_key="meta_schedule.auto_tensorize", ann_val="wmma_fill_16x16x16_f16")
sch.unannotate(block_or_loop=b249, ann_key="meta_schedule.auto_tensorize_init")
sch.unannotate(block_or_loop=b260, ann_key="meta_schedule.auto_tensorize_init")
b261 = sch.get_block(name="conv2d_nchw_o_init", func_name="main")
sch.unannotate(block_or_loop=b261, ann_key="meta_schedule.auto_tensorize")
sch.tensorize(block_or_loop=b261, tensor_intrin="wmma_fill_16x16x16_f16", preserve_unit_iters=True)
b262 = sch.get_block(name="pad_temp_reindex_pad_shared.dyn_wmma.matrix_a_o", func_name="main")
sch.unannotate(block_or_loop=b262, ann_key="meta_schedule.auto_tensorize")
sch.tensorize(block_or_loop=b262, tensor_intrin="wmma_load_16x16x16_f16_a_shared_dyn", preserve_unit_iters=True)
b263 = sch.get_block(name="W_reindex_shared.dyn_wmma.matrix_b_o", func_name="main")
sch.unannotate(block_or_loop=b263, ann_key="meta_schedule.auto_tensorize")
sch.tensorize(block_or_loop=b263, tensor_intrin="wmma_load_16x16x16_f16_b_trans_shared_dyn", preserve_unit_iters=True)
b264 = sch.get_block(name="conv2d_nchw_o_update", func_name="main")
sch.unannotate(block_or_loop=b264, ann_key="meta_schedule.auto_tensorize")
sch.tensorize(block_or_loop=b264, tensor_intrin="wmma_sync_16x16x16_f16f16f16_trans", preserve_unit_iters=True)
b265 = sch.get_block(name="conv2d_nchw_reindex_pad_shared.dyn_wmma.accumulator_o", func_name="main")
sch.unannotate(block_or_loop=b265, ann_key="meta_schedule.auto_tensorize")
sch.tensorize(block_or_loop=b265, tensor_intrin="wmma_store_16x16x16_f16_shared_dyn", preserve_unit_iters=True)
2025-10-07 11:15:24 [INFO] [task_scheduler.cc:131] [Task #0: main] Trial #767: GFLOPs: 1412.1473. Time: 163.7301 us. Best GFLOPs: 17371.5070
2025-10-07 11:15:24 [INFO] [task_scheduler.cc:131] [Task #0: main] Trial #768: GFLOPs: 453.4709. Time: 509.8695 us. Best GFLOPs: 17371.5070
2025-10-07 11:15:24 [INFO] [evolutionary_search.cc:713] Generating candidates......
2025-10-07 11:15:27 [INFO] [evolutionary_search.cc:715] Picked top 102 candidate(s) from database
2025-10-07 11:15:35 [INFO] [evolutionary_search.cc:533] Sample-Init-Population summary:
Postproc #0 [meta_schedule.DisallowDynamicLoop(0x10966348)]: 0 failure(s)
Postproc #1 [meta_schedule.RewriteCooperativeFetch(0x10d195d8)]: 0 failure(s)
Postproc #2 [meta_schedule.RewriteUnboundBlock(0x10b2d658)]: 0 failure(s)
Postproc #3 [meta_schedule.RewriteParallelVectorizeUnroll(0x10c03278)]: 0 failure(s)
Postproc #4 [meta_schedule.RewriteReductionBlock(0x109facd8)]: 0 failure(s)
Postproc #5 [meta_schedule.VerifyGPUCode(0x1082ac68)]: 328 failure(s)
Postproc #6 [meta_schedule.RewriteTensorize(0x109da9c8)]: 0 failure(s)
2025-10-07 11:15:35 [INFO] [evolutionary_search.cc:723] Sampled 82 candidate(s)
2025-10-07 11:15:49 [INFO] [evolutionary_search.cc:621] Evolve iter #0 done. Summary:
Postproc #0 [meta_schedule.DisallowDynamicLoop(0x10966348)]: 0 failure(s)
Postproc #1 [meta_schedule.RewriteCooperativeFetch(0x10d195d8)]: 0 failure(s)
Postproc #2 [meta_schedule.RewriteUnboundBlock(0x10b2d658)]: 0 failure(s)
Postproc #3 [meta_schedule.RewriteParallelVectorizeUnroll(0x10c03278)]: 0 failure(s)
Postproc #4 [meta_schedule.RewriteReductionBlock(0x109facd8)]: 0 failure(s)
Postproc #5 [meta_schedule.VerifyGPUCode(0x1082ac68)]: 140 failure(s)
Postproc #6 [meta_schedule.RewriteTensorize(0x109da9c8)]: 0 failure(s)
2025-10-07 11:16:07 [INFO] [evolutionary_search.cc:621] Evolve iter #1 done. Summary:
Postproc #0 [meta_schedule.DisallowDynamicLoop(0x10966348)]: 0 failure(s)
Postproc #1 [meta_schedule.RewriteCooperativeFetch(0x10d195d8)]: 0 failure(s)
Postproc #2 [meta_schedule.RewriteUnboundBlock(0x10b2d658)]: 0 failure(s)
Postproc #3 [meta_schedule.RewriteParallelVectorizeUnroll(0x10c03278)]: 0 failure(s)
Postproc #4 [meta_schedule.RewriteReductionBlock(0x109facd8)]: 0 failure(s)
Postproc #5 [meta_schedule.VerifyGPUCode(0x1082ac68)]: 130 failure(s)
Postproc #6 [meta_schedule.RewriteTensorize(0x109da9c8)]: 0 failure(s)
2025-10-07 11:16:25 [INFO] [evolutionary_search.cc:621] Evolve iter #2 done. Summary:
Postproc #0 [meta_schedule.DisallowDynamicLoop(0x10966348)]: 0 failure(s)
Postproc #1 [meta_schedule.RewriteCooperativeFetch(0x10d195d8)]: 0 failure(s)
Postproc #2 [meta_schedule.RewriteUnboundBlock(0x10b2d658)]: 0 failure(s)
Postproc #3 [meta_schedule.RewriteParallelVectorizeUnroll(0x10c03278)]: 0 failure(s)
Postproc #4 [meta_schedule.RewriteReductionBlock(0x109facd8)]: 0 failure(s)
Postproc #5 [meta_schedule.VerifyGPUCode(0x1082ac68)]: 114 failure(s)
Postproc #6 [meta_schedule.RewriteTensorize(0x109da9c8)]: 0 failure(s)
2025-10-07 11:16:44 [INFO] [evolutionary_search.cc:621] Evolve iter #3 done. Summary:
Postproc #0 [meta_schedule.DisallowDynamicLoop(0x10966348)]: 0 failure(s)
Postproc #1 [meta_schedule.RewriteCooperativeFetch(0x10d195d8)]: 0 failure(s)
Postproc #2 [meta_schedule.RewriteUnboundBlock(0x10b2d658)]: 0 failure(s)
Postproc #3 [meta_schedule.RewriteParallelVectorizeUnroll(0x10c03278)]: 0 failure(s)
Postproc #4 [meta_schedule.RewriteReductionBlock(0x109facd8)]: 0 failure(s)
Postproc #5 [meta_schedule.VerifyGPUCode(0x1082ac68)]: 126 failure(s)
Postproc #6 [meta_schedule.RewriteTensorize(0x109da9c8)]: 0 failure(s)
2025-10-07 11:16:50 [INFO] [evolutionary_search.cc:649] Scores of the best 64 candidates:
[1 : 16]:	0.9276  0.9238  0.9223  0.9155  0.9133  0.9096  0.9093  0.9081  0.9069  0.9042  0.9034  0.8963  0.8912  0.8912  0.8874  0.8874
[17 : 32]:	0.8693  0.8579  0.8579  0.8579  0.8538  0.8530  0.8527  0.8527  0.8491  0.8459  0.8409  0.8409  0.8386  0.8325  0.8321  0.8319
[33 : 48]:	0.8267  0.8262  0.8224  0.8188  0.8149  0.8055  0.7934  0.7897  0.7897  0.7867  0.7847  0.7782  0.7782  0.7751  0.7748  0.7748
[49 : 64]:	0.7735  0.7697  0.7697  0.7694  0.7686  0.7684  0.7681  0.7641  0.7622  0.7610  0.7595  0.7590  0.7590  0.7570  0.7560  0.7558
2025-10-07 11:16:50 [INFO] [evolutionary_search.cc:727] Got 64 candidate(s) with evolutionary search
2025-10-07 11:16:50 [INFO] [evolutionary_search.cc:730] Sending 64 candidates(s) for measurement
2025-10-07 11:17:22 [INFO] [task_scheduler.cc:131] [Task #0: main] Trial #769: GFLOPs: 15439.4308. Time: 14.9754 us. Best GFLOPs: 17371.5070
2025-10-07 11:17:22 [INFO] [task_scheduler.cc:131] [Task #0: main] Trial #770: GFLOPs: 16191.5419. Time: 14.2797 us. Best GFLOPs: 17371.5070
2025-10-07 11:17:22 [INFO] [task_scheduler.cc:131] [Task #0: main] Trial #771: GFLOPs: 16318.1258. Time: 14.1690 us. Best GFLOPs: 17371.5070
2025-10-07 11:17:22 [INFO] [task_scheduler.cc:131] [Task #0: main] Trial #772: GFLOPs: 15828.1607. Time: 14.6076 us. Best GFLOPs: 17371.5070
2025-10-07 11:17:22 [INFO] [task_scheduler.cc:131] [Task #0: main] Trial #773: GFLOPs: 16142.9717. Time: 14.3227 us. Best GFLOPs: 17371.5070
2025-10-07 11:17:22 [INFO] [task_scheduler.cc:131] [Task #0: main] Trial #774: GFLOPs: 15518.8584. Time: 14.8987 us. Best GFLOPs: 17371.5070
2025-10-07 11:17:22 [INFO] [task_scheduler.cc:131] [Task #0: main] Trial #775: GFLOPs: 15511.8467. Time: 14.9054 us. Best GFLOPs: 17371.5070
2025-10-07 11:17:22 [INFO] [task_scheduler.cc:131] [Task #0: main] Trial #776: GFLOPs: 16282.7379. Time: 14.1998 us. Best GFLOPs: 17371.5070
2025-10-07 11:17:22 [INFO] [task_scheduler.cc:131] [Task #0: main] Trial #777: GFLOPs: 15600.7228. Time: 14.8205 us. Best GFLOPs: 17371.5070
2025-10-07 11:17:22 [INFO] [task_scheduler.cc:131] [Task #0: main] Trial #778: GFLOPs: 15742.4369. Time: 14.6871 us. Best GFLOPs: 17371.5070
2025-10-07 11:17:22 [INFO] [task_scheduler.cc:131] [Task #0: main] Trial #779: GFLOPs: 15573.7991. Time: 14.8462 us. Best GFLOPs: 17371.5070
2025-10-07 11:17:22 [INFO] [task_scheduler.cc:131] [Task #0: main] Trial #780: GFLOPs: 15074.8869. Time: 15.3375 us. Best GFLOPs: 17371.5070
2025-10-07 11:17:22 [INFO] [task_scheduler.cc:131] [Task #0: main] Trial #781: GFLOPs: 15250.6871. Time: 15.1607 us. Best GFLOPs: 17371.5070
2025-10-07 11:17:22 [INFO] [task_scheduler.cc:131] [Task #0: main] Trial #782: GFLOPs: 15250.1368. Time: 15.1612 us. Best GFLOPs: 17371.5070
2025-10-07 11:17:22 [INFO] [task_scheduler.cc:131] [Task #0: main] Trial #783: GFLOPs: 15124.8052. Time: 15.2869 us. Best GFLOPs: 17371.5070
2025-10-07 11:17:22 [INFO] [task_scheduler.cc:131] [Task #0: main] Trial #784: GFLOPs: 15125.5285. Time: 15.2861 us. Best GFLOPs: 17371.5070
2025-10-07 11:17:22 [INFO] [task_scheduler.cc:131] [Task #0: main] Trial #785: GFLOPs: 14866.9185. Time: 15.5520 us. Best GFLOPs: 17371.5070
2025-10-07 11:17:22 [INFO] [task_scheduler.cc:131] [Task #0: main] Trial #786: GFLOPs: 13691.2555. Time: 16.8875 us. Best GFLOPs: 17371.5070
2025-10-07 11:17:22 [INFO] [task_scheduler.cc:131] [Task #0: main] Trial #787: GFLOPs: 13693.2417. Time: 16.8850 us. Best GFLOPs: 17371.5070
2025-10-07 11:17:22 [INFO] [task_scheduler.cc:131] [Task #0: main] Trial #788: GFLOPs: 13692.1347. Time: 16.8864 us. Best GFLOPs: 17371.5070
2025-10-07 11:17:22 [INFO] [task_scheduler.cc:131] [Task #0: main] Trial #789: GFLOPs: 14333.2992. Time: 16.1310 us. Best GFLOPs: 17371.5070
2025-10-07 11:17:22 [INFO] [task_scheduler.cc:131] [Task #0: main] Trial #790: GFLOPs: 14911.0633. Time: 15.5060 us. Best GFLOPs: 17371.5070
2025-10-07 11:17:22 [INFO] [task_scheduler.cc:131] [Task #0: main] Trial #791: GFLOPs: 9105.1928. Time: 25.3933 us. Best GFLOPs: 17371.5070
2025-10-07 11:17:22 [INFO] [task_scheduler.cc:131] [Task #0: main] Trial #792: GFLOPs: 9105.6707. Time: 25.3920 us. Best GFLOPs: 17371.5070
2025-10-07 11:17:22 [INFO] [task_scheduler.cc:131] [Task #0: main] Trial #793: GFLOPs: 14240.7359. Time: 16.2359 us. Best GFLOPs: 17371.5070
2025-10-07 11:17:22 [INFO] [task_scheduler.cc:131] [Task #0: main] Trial #794: GFLOPs: 14115.5934. Time: 16.3798 us. Best GFLOPs: 17371.5070
2025-10-07 11:17:22 [INFO] [task_scheduler.cc:131] [Task #0: main] Trial #795: GFLOPs: 14627.6698. Time: 15.8064 us. Best GFLOPs: 17371.5070
2025-10-07 11:17:22 [INFO] [task_scheduler.cc:131] [Task #0: main] Trial #796: GFLOPs: 14627.3083. Time: 15.8068 us. Best GFLOPs: 17371.5070
2025-10-07 11:17:22 [INFO] [task_scheduler.cc:131] [Task #0: main] Trial #797: GFLOPs: 14582.2271. Time: 15.8557 us. Best GFLOPs: 17371.5070
2025-10-07 11:17:22 [INFO] [task_scheduler.cc:131] [Task #0: main] Trial #798: GFLOPs: 14573.4133. Time: 15.8653 us. Best GFLOPs: 17371.5070
2025-10-07 11:17:22 [INFO] [task_scheduler.cc:131] [Task #0: main] Trial #799: GFLOPs: 9948.7609. Time: 23.2402 us. Best GFLOPs: 17371.5070
2025-10-07 11:17:22 [INFO] [task_scheduler.cc:131] [Task #0: main] Trial #800: GFLOPs: 14080.4824. Time: 16.4207 us. Best GFLOPs: 17371.5070
2025-10-07 11:17:22 [INFO] [task_scheduler.cc:131] [Task #0: main] Trial #801: GFLOPs: 8870.9655. Time: 26.0638 us. Best GFLOPs: 17371.5070
2025-10-07 11:17:22 [INFO] [task_scheduler.cc:131] [Task #0: main] Trial #802: GFLOPs: 14314.1048. Time: 16.1527 us. Best GFLOPs: 17371.5070
2025-10-07 11:17:22 [INFO] [task_scheduler.cc:131] [Task #0: main] Trial #803: GFLOPs: 12925.9292. Time: 17.8874 us. Best GFLOPs: 17371.5070
2025-10-07 11:17:22 [INFO] [task_scheduler.cc:131] [Task #0: main] Trial #804: GFLOPs: 14599.3846. Time: 15.8370 us. Best GFLOPs: 17371.5070
2025-10-07 11:17:22 [INFO] [task_scheduler.cc:131] [Task #0: main] Trial #805: GFLOPs: 14067.5789. Time: 16.4357 us. Best GFLOPs: 17371.5070
2025-10-07 11:17:22 [INFO] [task_scheduler.cc:131] [Task #0: main] Trial #806: GFLOPs: 12835.5084. Time: 18.0134 us. Best GFLOPs: 17371.5070
2025-10-07 11:17:22 [INFO] [task_scheduler.cc:131] [Task #0: main] Trial #807: GFLOPs: 13518.7204. Time: 17.1030 us. Best GFLOPs: 17371.5070
2025-10-07 11:17:22 [INFO] [task_scheduler.cc:131] [Task #0: main] Trial #808: GFLOPs: 12928.2694. Time: 17.8841 us. Best GFLOPs: 17371.5070
2025-10-07 11:17:22 [INFO] [task_scheduler.cc:131] [Task #0: main] Trial #809: GFLOPs: 12631.8457. Time: 18.3038 us. Best GFLOPs: 17371.5070
2025-10-07 11:17:22 [INFO] [task_scheduler.cc:131] [Task #0: main] Trial #810: GFLOPs: 13616.7460. Time: 16.9799 us. Best GFLOPs: 17371.5070
2025-10-07 11:17:22 [INFO] [task_scheduler.cc:131] [Task #0: main] Trial #811: GFLOPs: 13692.0274. Time: 16.8865 us. Best GFLOPs: 17371.5070
2025-10-07 11:17:22 [INFO] [task_scheduler.cc:131] [Task #0: main] Trial #812: GFLOPs: 13445.9669. Time: 17.1956 us. Best GFLOPs: 17371.5070
2025-10-07 11:17:22 [INFO] [task_scheduler.cc:131] [Task #0: main] Trial #813: GFLOPs: 13444.5602. Time: 17.1974 us. Best GFLOPs: 17371.5070
2025-10-07 11:17:22 [INFO] [task_scheduler.cc:131] [Task #0: main] Trial #814: GFLOPs: 16228.9869. Time: 14.2468 us. Best GFLOPs: 17371.5070
2025-10-07 11:17:22 [INFO] [task_scheduler.cc:131] [Task #0: main] Trial #815: GFLOPs: 13443.7216. Time: 17.1984 us. Best GFLOPs: 17371.5070
2025-10-07 11:17:22 [INFO] [task_scheduler.cc:131] [Task #0: main] Trial #816: GFLOPs: 13443.0980. Time: 17.1992 us. Best GFLOPs: 17371.5070
2025-10-07 11:17:22 [INFO] [task_scheduler.cc:131] [Task #0: main] Trial #817: GFLOPs: 13260.0119. Time: 17.4367 us. Best GFLOPs: 17371.5070
2025-10-07 11:17:22 [INFO] [task_scheduler.cc:131] [Task #0: main] Trial #818: GFLOPs: 13171.2722. Time: 17.5542 us. Best GFLOPs: 17371.5070
2025-10-07 11:17:22 [INFO] [task_scheduler.cc:131] [Task #0: main] Trial #819: GFLOPs: 12771.7123. Time: 18.1034 us. Best GFLOPs: 17371.5070
2025-10-07 11:17:22 [INFO] [task_scheduler.cc:131] [Task #0: main] Trial #820: GFLOPs: 13513.2208. Time: 17.1100 us. Best GFLOPs: 17371.5070
2025-10-07 11:17:22 [INFO] [task_scheduler.cc:131] [Task #0: main] Trial #821: GFLOPs: 11243.9737. Time: 20.5631 us. Best GFLOPs: 17371.5070
2025-10-07 11:17:22 [INFO] [task_scheduler.cc:131] [Task #0: main] Trial #822: GFLOPs: 12871.6600. Time: 17.9628 us. Best GFLOPs: 17371.5070
2025-10-07 11:17:22 [INFO] [task_scheduler.cc:131] [Task #0: main] Trial #823: GFLOPs: 13556.9035. Time: 17.0549 us. Best GFLOPs: 17371.5070
2025-10-07 11:17:22 [INFO] [task_scheduler.cc:131] [Task #0: main] Trial #824: GFLOPs: 13551.7387. Time: 17.0614 us. Best GFLOPs: 17371.5070
2025-10-07 11:17:22 [INFO] [task_scheduler.cc:131] [Task #0: main] Trial #825: GFLOPs: 12384.4002. Time: 18.6695 us. Best GFLOPs: 17371.5070
2025-10-07 11:17:22 [INFO] [task_scheduler.cc:131] [Task #0: main] Trial #826: GFLOPs: 13450.9302. Time: 17.1892 us. Best GFLOPs: 17371.5070
2025-10-07 11:17:22 [INFO] [task_scheduler.cc:131] [Task #0: main] Trial #827: GFLOPs: 13394.3310. Time: 17.2619 us. Best GFLOPs: 17371.5070
2025-10-07 11:17:22 [INFO] [task_scheduler.cc:131] [Task #0: main] Trial #828: GFLOPs: 12648.0991. Time: 18.2803 us. Best GFLOPs: 17371.5070
2025-10-07 11:17:22 [INFO] [task_scheduler.cc:131] [Task #0: main] Trial #829: GFLOPs: 12656.4199. Time: 18.2683 us. Best GFLOPs: 17371.5070
2025-10-07 11:17:22 [INFO] [task_scheduler.cc:131] [Task #0: main] Trial #830: GFLOPs: 1526.1934. Time: 151.4952 us. Best GFLOPs: 17371.5070
2025-10-07 11:17:22 [INFO] [task_scheduler.cc:131] [Task #0: main] Trial #831: GFLOPs: 4824.3300. Time: 47.9260 us. Best GFLOPs: 17371.5070
2025-10-07 11:17:22 [INFO] [task_scheduler.cc:131] [Task #0: main] Trial #832: GFLOPs: 2556.0622. Time: 90.4559 us. Best GFLOPs: 17371.5070
2025-10-07 11:17:22 [INFO] [evolutionary_search.cc:713] Generating candidates......
2025-10-07 11:17:25 [INFO] [evolutionary_search.cc:715] Picked top 102 candidate(s) from database
2025-10-07 11:17:33 [INFO] [evolutionary_search.cc:533] Sample-Init-Population summary:
Postproc #0 [meta_schedule.DisallowDynamicLoop(0x10966348)]: 0 failure(s)
Postproc #1 [meta_schedule.RewriteCooperativeFetch(0x10d195d8)]: 0 failure(s)
Postproc #2 [meta_schedule.RewriteUnboundBlock(0x10b2d658)]: 0 failure(s)
Postproc #3 [meta_schedule.RewriteParallelVectorizeUnroll(0x10c03278)]: 0 failure(s)
Postproc #4 [meta_schedule.RewriteReductionBlock(0x109facd8)]: 0 failure(s)
Postproc #5 [meta_schedule.VerifyGPUCode(0x1082ac68)]: 327 failure(s)
Postproc #6 [meta_schedule.RewriteTensorize(0x109da9c8)]: 0 failure(s)
2025-10-07 11:17:33 [INFO] [evolutionary_search.cc:723] Sampled 83 candidate(s)
2025-10-07 11:17:47 [INFO] [evolutionary_search.cc:621] Evolve iter #0 done. Summary:
Postproc #0 [meta_schedule.DisallowDynamicLoop(0x10966348)]: 0 failure(s)
Postproc #1 [meta_schedule.RewriteCooperativeFetch(0x10d195d8)]: 0 failure(s)
Postproc #2 [meta_schedule.RewriteUnboundBlock(0x10b2d658)]: 0 failure(s)
Postproc #3 [meta_schedule.RewriteParallelVectorizeUnroll(0x10c03278)]: 0 failure(s)
Postproc #4 [meta_schedule.RewriteReductionBlock(0x109facd8)]: 0 failure(s)
Postproc #5 [meta_schedule.VerifyGPUCode(0x1082ac68)]: 116 failure(s)
Postproc #6 [meta_schedule.RewriteTensorize(0x109da9c8)]: 0 failure(s)
2025-10-07 11:18:05 [INFO] [evolutionary_search.cc:621] Evolve iter #1 done. Summary:
Postproc #0 [meta_schedule.DisallowDynamicLoop(0x10966348)]: 0 failure(s)
Postproc #1 [meta_schedule.RewriteCooperativeFetch(0x10d195d8)]: 0 failure(s)
Postproc #2 [meta_schedule.RewriteUnboundBlock(0x10b2d658)]: 0 failure(s)
Postproc #3 [meta_schedule.RewriteParallelVectorizeUnroll(0x10c03278)]: 0 failure(s)
Postproc #4 [meta_schedule.RewriteReductionBlock(0x109facd8)]: 0 failure(s)
Postproc #5 [meta_schedule.VerifyGPUCode(0x1082ac68)]: 125 failure(s)
Postproc #6 [meta_schedule.RewriteTensorize(0x109da9c8)]: 0 failure(s)
2025-10-07 11:18:23 [INFO] [evolutionary_search.cc:621] Evolve iter #2 done. Summary:
Postproc #0 [meta_schedule.DisallowDynamicLoop(0x10966348)]: 0 failure(s)
Postproc #1 [meta_schedule.RewriteCooperativeFetch(0x10d195d8)]: 0 failure(s)
Postproc #2 [meta_schedule.RewriteUnboundBlock(0x10b2d658)]: 0 failure(s)
Postproc #3 [meta_schedule.RewriteParallelVectorizeUnroll(0x10c03278)]: 0 failure(s)
Postproc #4 [meta_schedule.RewriteReductionBlock(0x109facd8)]: 0 failure(s)
Postproc #5 [meta_schedule.VerifyGPUCode(0x1082ac68)]: 152 failure(s)
Postproc #6 [meta_schedule.RewriteTensorize(0x109da9c8)]: 0 failure(s)
2025-10-07 11:18:42 [INFO] [evolutionary_search.cc:621] Evolve iter #3 done. Summary:
Postproc #0 [meta_schedule.DisallowDynamicLoop(0x10966348)]: 0 failure(s)
Postproc #1 [meta_schedule.RewriteCooperativeFetch(0x10d195d8)]: 0 failure(s)
Postproc #2 [meta_schedule.RewriteUnboundBlock(0x10b2d658)]: 0 failure(s)
Postproc #3 [meta_schedule.RewriteParallelVectorizeUnroll(0x10c03278)]: 0 failure(s)
Postproc #4 [meta_schedule.RewriteReductionBlock(0x109facd8)]: 0 failure(s)
Postproc #5 [meta_schedule.VerifyGPUCode(0x1082ac68)]: 137 failure(s)
Postproc #6 [meta_schedule.RewriteTensorize(0x109da9c8)]: 0 failure(s)
2025-10-07 11:18:48 [INFO] [evolutionary_search.cc:649] Scores of the best 64 candidates:
[1 : 16]:	0.9378  0.9364  0.9364  0.9216  0.9191  0.9152  0.9038  0.8848  0.8813  0.8762  0.8578  0.8487  0.8442  0.8352  0.8294  0.8193
[17 : 32]:	0.8137  0.8132  0.8114  0.8053  0.7930  0.7925  0.7902  0.7883  0.7883  0.7831  0.7730  0.7648  0.7644  0.7641  0.7573  0.7573
[33 : 48]:	0.7573  0.7558  0.7558  0.7555  0.7554  0.7554  0.7549  0.7536  0.7516  0.7504  0.7486  0.7486  0.7476  0.7459  0.7427  0.7416
[49 : 64]:	0.7416  0.7412  0.7409  0.7407  0.7407  0.7389  0.7386  0.7374  0.7374  0.7373  0.7360  0.7353  0.7341  0.7341  0.7341  0.7335
2025-10-07 11:18:48 [INFO] [evolutionary_search.cc:727] Got 64 candidate(s) with evolutionary search
2025-10-07 11:18:48 [INFO] [evolutionary_search.cc:730] Sending 64 candidates(s) for measurement
2025-10-07 11:19:19 [INFO] [task_scheduler.cc:131] [Task #0: main] Trial #833: GFLOPs: 14513.4293. Time: 15.9308 us. Best GFLOPs: 17371.5070
2025-10-07 11:19:19 [INFO] [task_scheduler.cc:131] [Task #0: main] Trial #834: GFLOPs: 16298.4025. Time: 14.1861 us. Best GFLOPs: 17371.5070
2025-10-07 11:19:19 [INFO] [task_scheduler.cc:131] [Task #0: main] Trial #835: GFLOPs: 16277.9410. Time: 14.2039 us. Best GFLOPs: 17371.5070
2025-10-07 11:19:19 [INFO] [task_scheduler.cc:131] [Task #0: main] Trial #836: GFLOPs: 15811.7400. Time: 14.6227 us. Best GFLOPs: 17371.5070
2025-10-07 11:19:19 [INFO] [task_scheduler.cc:131] [Task #0: main] Trial #837: GFLOPs: 16209.6420. Time: 14.2638 us. Best GFLOPs: 17371.5070
2025-10-07 11:19:19 [INFO] [task_scheduler.cc:131] [Task #0: main] Trial #838: GFLOPs: 16231.5379. Time: 14.2446 us. Best GFLOPs: 17371.5070
2025-10-07 11:19:19 [INFO] [task_scheduler.cc:131] [Task #0: main] Trial #839: GFLOPs: 16198.9429. Time: 14.2732 us. Best GFLOPs: 17371.5070
2025-10-07 11:19:19 [INFO] [task_scheduler.cc:131] [Task #0: main] Trial #840: GFLOPs: 16065.1241. Time: 14.3921 us. Best GFLOPs: 17371.5070
2025-10-07 11:19:19 [INFO] [task_scheduler.cc:131] [Task #0: main] Trial #841: GFLOPs: 15556.1081. Time: 14.8630 us. Best GFLOPs: 17371.5070
2025-10-07 11:19:19 [INFO] [task_scheduler.cc:131] [Task #0: main] Trial #842: GFLOPs: 16528.4965. Time: 13.9886 us. Best GFLOPs: 17371.5070
2025-10-07 11:19:19 [INFO] [task_scheduler.cc:131] [Task #0: main] Trial #843: GFLOPs: 14331.5667. Time: 16.1330 us. Best GFLOPs: 17371.5070
2025-10-07 11:19:19 [INFO] [task_scheduler.cc:131] [Task #0: main] Trial #844: GFLOPs: 14863.6421. Time: 15.5555 us. Best GFLOPs: 17371.5070
2025-10-07 11:19:19 [INFO] [task_scheduler.cc:131] [Task #0: main] Trial #845: GFLOPs: 14982.4325. Time: 15.4321 us. Best GFLOPs: 17371.5070
2025-10-07 11:19:19 [INFO] [task_scheduler.cc:131] [Task #0: main] Trial #846: GFLOPs: 14911.1814. Time: 15.5059 us. Best GFLOPs: 17371.5070
2025-10-07 11:19:19 [INFO] [task_scheduler.cc:131] [Task #0: main] Trial #847: GFLOPs: 14616.4165. Time: 15.8186 us. Best GFLOPs: 17371.5070
2025-10-07 11:19:19 [INFO] [task_scheduler.cc:131] [Task #0: main] Trial #848: GFLOPs: 14986.9689. Time: 15.4275 us. Best GFLOPs: 17371.5070
2025-10-07 11:19:19 [INFO] [task_scheduler.cc:131] [Task #0: main] Trial #849: GFLOPs: 14328.3443. Time: 16.1366 us. Best GFLOPs: 17371.5070
2025-10-07 11:19:19 [INFO] [task_scheduler.cc:131] [Task #0: main] Trial #850: GFLOPs: 15126.7997. Time: 15.2849 us. Best GFLOPs: 17371.5070
2025-10-07 11:19:19 [INFO] [task_scheduler.cc:131] [Task #0: main] Trial #851: GFLOPs: 15701.7872. Time: 14.7251 us. Best GFLOPs: 17371.5070
2025-10-07 11:19:19 [INFO] [task_scheduler.cc:131] [Task #0: main] Trial #852: GFLOPs: 14088.7137. Time: 16.4111 us. Best GFLOPs: 17371.5070
2025-10-07 11:19:19 [INFO] [task_scheduler.cc:131] [Task #0: main] Trial #853: GFLOPs: 12923.0575. Time: 17.8914 us. Best GFLOPs: 17371.5070
2025-10-07 11:19:19 [INFO] [task_scheduler.cc:131] [Task #0: main] Trial #854: GFLOPs: 13519.5980. Time: 17.1019 us. Best GFLOPs: 17371.5070
2025-10-07 11:19:19 [INFO] [task_scheduler.cc:131] [Task #0: main] Trial #855: GFLOPs: 16507.1665. Time: 14.0067 us. Best GFLOPs: 17371.5070
2025-10-07 11:19:19 [INFO] [task_scheduler.cc:131] [Task #0: main] Trial #856: GFLOPs: 13917.4911. Time: 16.6130 us. Best GFLOPs: 17371.5070
2025-10-07 11:19:19 [INFO] [task_scheduler.cc:131] [Task #0: main] Trial #857: GFLOPs: 13872.8352. Time: 16.6665 us. Best GFLOPs: 17371.5070
2025-10-07 11:19:19 [INFO] [task_scheduler.cc:131] [Task #0: main] Trial #858: GFLOPs: 17024.0070. Time: 13.5815 us. Best GFLOPs: 17371.5070
2025-10-07 11:19:19 [INFO] [task_scheduler.cc:131] [Task #0: main] Trial #859: GFLOPs: 13474.9087. Time: 17.1586 us. Best GFLOPs: 17371.5070
2025-10-07 11:19:19 [INFO] [task_scheduler.cc:131] [Task #0: main] Trial #860: GFLOPs: 13282.6438. Time: 17.4070 us. Best GFLOPs: 17371.5070
2025-10-07 11:19:19 [INFO] [task_scheduler.cc:131] [Task #0: main] Trial #861: GFLOPs: 18110.4852. Time: 12.7667 us. Best GFLOPs: 18110.4852
2025-10-07 11:19:19 [INFO] [task_scheduler.cc:131] [Task #0: main] Trial #862: GFLOPs: 12755.4135. Time: 18.1265 us. Best GFLOPs: 18110.4852
2025-10-07 11:19:19 [INFO] [task_scheduler.cc:131] [Task #0: main] Trial #863: GFLOPs: 13231.5405. Time: 17.4742 us. Best GFLOPs: 18110.4852
2025-10-07 11:19:19 [INFO] [task_scheduler.cc:131] [Task #0: main] Trial #864: GFLOPs: 12625.2066. Time: 18.3134 us. Best GFLOPs: 18110.4852
2025-10-07 11:19:19 [INFO] [task_scheduler.cc:131] [Task #0: main] Trial #865: GFLOPs: 12626.3542. Time: 18.3118 us. Best GFLOPs: 18110.4852
2025-10-07 11:19:19 [INFO] [task_scheduler.cc:131] [Task #0: main] Trial #866: GFLOPs: 16144.6830. Time: 14.3212 us. Best GFLOPs: 18110.4852
2025-10-07 11:19:19 [INFO] [task_scheduler.cc:131] [Task #0: main] Trial #867: GFLOPs: 16146.0885. Time: 14.3199 us. Best GFLOPs: 18110.4852
2025-10-07 11:19:19 [INFO] [task_scheduler.cc:131] [Task #0: main] Trial #868: GFLOPs: 13410.9506. Time: 17.2405 us. Best GFLOPs: 18110.4852
2025-10-07 11:19:19 [INFO] [task_scheduler.cc:131] [Task #0: main] Trial #869: GFLOPs: 12530.7241. Time: 18.4515 us. Best GFLOPs: 18110.4852
2025-10-07 11:19:19 [INFO] [task_scheduler.cc:131] [Task #0: main] Trial #870: GFLOPs: 12530.1398. Time: 18.4524 us. Best GFLOPs: 18110.4852
2025-10-07 11:19:19 [INFO] [task_scheduler.cc:131] [Task #0: main] Trial #871: GFLOPs: 12179.7688. Time: 18.9832 us. Best GFLOPs: 18110.4852
2025-10-07 11:19:19 [INFO] [task_scheduler.cc:131] [Task #0: main] Trial #872: GFLOPs: 12397.2342. Time: 18.6502 us. Best GFLOPs: 18110.4852
2025-10-07 11:19:19 [INFO] [task_scheduler.cc:131] [Task #0: main] Trial #873: GFLOPs: 16321.6275. Time: 14.1659 us. Best GFLOPs: 18110.4852
2025-10-07 11:19:19 [INFO] [task_scheduler.cc:131] [Task #0: main] Trial #874: GFLOPs: 12649.4811. Time: 18.2783 us. Best GFLOPs: 18110.4852
2025-10-07 11:19:19 [INFO] [task_scheduler.cc:131] [Task #0: main] Trial #875: GFLOPs: 13180.7610. Time: 17.5416 us. Best GFLOPs: 18110.4852
2025-10-07 11:19:19 [INFO] [task_scheduler.cc:131] [Task #0: main] Trial #876: GFLOPs: 13180.9602. Time: 17.5413 us. Best GFLOPs: 18110.4852
2025-10-07 11:19:19 [INFO] [task_scheduler.cc:131] [Task #0: main] Trial #877: GFLOPs: 16521.9722. Time: 13.9942 us. Best GFLOPs: 18110.4852
2025-10-07 11:19:19 [INFO] [task_scheduler.cc:131] [Task #0: main] Trial #878: GFLOPs: 12906.2220. Time: 17.9147 us. Best GFLOPs: 18110.4852
2025-10-07 11:19:19 [INFO] [task_scheduler.cc:131] [Task #0: main] Trial #879: GFLOPs: 11823.3100. Time: 19.5555 us. Best GFLOPs: 18110.4852
2025-10-07 11:19:19 [INFO] [task_scheduler.cc:131] [Task #0: main] Trial #880: GFLOPs: 12338.3233. Time: 18.7393 us. Best GFLOPs: 18110.4852
2025-10-07 11:19:19 [INFO] [task_scheduler.cc:131] [Task #0: main] Trial #881: GFLOPs: 12322.1972. Time: 18.7638 us. Best GFLOPs: 18110.4852
2025-10-07 11:19:19 [INFO] [task_scheduler.cc:131] [Task #0: main] Trial #882: GFLOPs: 16597.8206. Time: 13.9302 us. Best GFLOPs: 18110.4852
2025-10-07 11:19:19 [INFO] [task_scheduler.cc:131] [Task #0: main] Trial #883: GFLOPs: 12853.8312. Time: 17.9877 us. Best GFLOPs: 18110.4852
2025-10-07 11:19:19 [INFO] [task_scheduler.cc:131] [Task #0: main] Trial #884: GFLOPs: 16410.3539. Time: 14.0893 us. Best GFLOPs: 18110.4852
2025-10-07 11:19:19 [INFO] [task_scheduler.cc:131] [Task #0: main] Trial #885: GFLOPs: 16413.6912. Time: 14.0865 us. Best GFLOPs: 18110.4852
2025-10-07 11:19:19 [INFO] [task_scheduler.cc:131] [Task #0: main] Trial #886: GFLOPs: 16748.2973. Time: 13.8050 us. Best GFLOPs: 18110.4852
2025-10-07 11:19:19 [INFO] [task_scheduler.cc:131] [Task #0: main] Trial #887: GFLOPs: 12056.6079. Time: 19.1771 us. Best GFLOPs: 18110.4852
2025-10-07 11:19:19 [INFO] [task_scheduler.cc:131] [Task #0: main] Trial #888: GFLOPs: 15796.4764. Time: 14.6369 us. Best GFLOPs: 18110.4852
2025-10-07 11:19:19 [INFO] [task_scheduler.cc:131] [Task #0: main] Trial #889: GFLOPs: 16444.9877. Time: 14.0597 us. Best GFLOPs: 18110.4852
2025-10-07 11:19:19 [INFO] [task_scheduler.cc:131] [Task #0: main] Trial #890: GFLOPs: 15471.9993. Time: 14.9438 us. Best GFLOPs: 18110.4852
2025-10-07 11:19:19 [INFO] [task_scheduler.cc:131] [Task #0: main] Trial #891: GFLOPs: 12381.1849. Time: 18.6744 us. Best GFLOPs: 18110.4852
2025-10-07 11:19:19 [INFO] [task_scheduler.cc:131] [Task #0: main] Trial #892: GFLOPs: 17294.5066. Time: 13.3690 us. Best GFLOPs: 18110.4852
2025-10-07 11:19:19 [INFO] [task_scheduler.cc:131] [Task #0: main] Trial #893: GFLOPs: 11649.5138. Time: 19.8473 us. Best GFLOPs: 18110.4852
2025-10-07 11:19:19 [INFO] [task_scheduler.cc:131] [Task #0: main] Trial #894: GFLOPs: 1128.0382. Time: 204.9674 us. Best GFLOPs: 18110.4852
2025-10-07 11:19:19 [INFO] [task_scheduler.cc:131] [Task #0: main] Trial #895: GFLOPs: 3711.4946. Time: 62.2959 us. Best GFLOPs: 18110.4852
2025-10-07 11:19:19 [INFO] [task_scheduler.cc:131] [Task #0: main] Trial #896: GFLOPs: 1362.8899. Time: 169.6476 us. Best GFLOPs: 18110.4852
2025-10-07 11:19:19 [INFO] [evolutionary_search.cc:713] Generating candidates......
2025-10-07 11:19:21 [INFO] [evolutionary_search.cc:715] Picked top 102 candidate(s) from database
2025-10-07 11:19:29 [INFO] [evolutionary_search.cc:533] Sample-Init-Population summary:
Postproc #0 [meta_schedule.DisallowDynamicLoop(0x10966348)]: 0 failure(s)
Postproc #1 [meta_schedule.RewriteCooperativeFetch(0x10d195d8)]: 0 failure(s)
Postproc #2 [meta_schedule.RewriteUnboundBlock(0x10b2d658)]: 0 failure(s)
Postproc #3 [meta_schedule.RewriteParallelVectorizeUnroll(0x10c03278)]: 0 failure(s)
Postproc #4 [meta_schedule.RewriteReductionBlock(0x109facd8)]: 0 failure(s)
Postproc #5 [meta_schedule.VerifyGPUCode(0x1082ac68)]: 336 failure(s)
Postproc #6 [meta_schedule.RewriteTensorize(0x109da9c8)]: 0 failure(s)
2025-10-07 11:19:29 [INFO] [evolutionary_search.cc:723] Sampled 74 candidate(s)
2025-10-07 11:19:44 [INFO] [evolutionary_search.cc:621] Evolve iter #0 done. Summary:
Postproc #0 [meta_schedule.DisallowDynamicLoop(0x10966348)]: 0 failure(s)
Postproc #1 [meta_schedule.RewriteCooperativeFetch(0x10d195d8)]: 0 failure(s)
Postproc #2 [meta_schedule.RewriteUnboundBlock(0x10b2d658)]: 0 failure(s)
Postproc #3 [meta_schedule.RewriteParallelVectorizeUnroll(0x10c03278)]: 0 failure(s)
Postproc #4 [meta_schedule.RewriteReductionBlock(0x109facd8)]: 0 failure(s)
Postproc #5 [meta_schedule.VerifyGPUCode(0x1082ac68)]: 141 failure(s)
Postproc #6 [meta_schedule.RewriteTensorize(0x109da9c8)]: 0 failure(s)
2025-10-07 11:20:02 [INFO] [evolutionary_search.cc:621] Evolve iter #1 done. Summary:
Postproc #0 [meta_schedule.DisallowDynamicLoop(0x10966348)]: 0 failure(s)
Postproc #1 [meta_schedule.RewriteCooperativeFetch(0x10d195d8)]: 0 failure(s)
Postproc #2 [meta_schedule.RewriteUnboundBlock(0x10b2d658)]: 0 failure(s)
Postproc #3 [meta_schedule.RewriteParallelVectorizeUnroll(0x10c03278)]: 0 failure(s)
Postproc #4 [meta_schedule.RewriteReductionBlock(0x109facd8)]: 0 failure(s)
Postproc #5 [meta_schedule.VerifyGPUCode(0x1082ac68)]: 131 failure(s)
Postproc #6 [meta_schedule.RewriteTensorize(0x109da9c8)]: 0 failure(s)
2025-10-07 11:20:21 [INFO] [evolutionary_search.cc:621] Evolve iter #2 done. Summary:
Postproc #0 [meta_schedule.DisallowDynamicLoop(0x10966348)]: 0 failure(s)
Postproc #1 [meta_schedule.RewriteCooperativeFetch(0x10d195d8)]: 0 failure(s)
Postproc #2 [meta_schedule.RewriteUnboundBlock(0x10b2d658)]: 0 failure(s)
Postproc #3 [meta_schedule.RewriteParallelVectorizeUnroll(0x10c03278)]: 0 failure(s)
Postproc #4 [meta_schedule.RewriteReductionBlock(0x109facd8)]: 0 failure(s)
Postproc #5 [meta_schedule.VerifyGPUCode(0x1082ac68)]: 125 failure(s)
Postproc #6 [meta_schedule.RewriteTensorize(0x109da9c8)]: 0 failure(s)
2025-10-07 11:20:40 [INFO] [evolutionary_search.cc:621] Evolve iter #3 done. Summary:
Postproc #0 [meta_schedule.DisallowDynamicLoop(0x10966348)]: 0 failure(s)
Postproc #1 [meta_schedule.RewriteCooperativeFetch(0x10d195d8)]: 0 failure(s)
Postproc #2 [meta_schedule.RewriteUnboundBlock(0x10b2d658)]: 0 failure(s)
Postproc #3 [meta_schedule.RewriteParallelVectorizeUnroll(0x10c03278)]: 0 failure(s)
Postproc #4 [meta_schedule.RewriteReductionBlock(0x109facd8)]: 0 failure(s)
Postproc #5 [meta_schedule.VerifyGPUCode(0x1082ac68)]: 142 failure(s)
Postproc #6 [meta_schedule.RewriteTensorize(0x109da9c8)]: 0 failure(s)
2025-10-07 11:20:45 [INFO] [evolutionary_search.cc:649] Scores of the best 64 candidates:
[1 : 16]:	0.9692  0.9692  0.9692  0.9691  0.9489  0.9359  0.9308  0.9286  0.9286  0.9153  0.9135  0.9132  0.9059  0.9059  0.9059  0.9039
[17 : 32]:	0.8999  0.8909  0.8909  0.8902  0.8902  0.8887  0.8887  0.8871  0.8867  0.8867  0.8819  0.8819  0.8803  0.8803  0.8782  0.8770
[33 : 48]:	0.8769  0.8769  0.8676  0.8676  0.8673  0.8660  0.8629  0.8629  0.8609  0.8563  0.8563  0.8493  0.8464  0.8464  0.8464  0.8450
[49 : 64]:	0.8396  0.8369  0.8359  0.8359  0.8343  0.8343  0.8273  0.8270  0.8270  0.8253  0.8238  0.8238  0.8224  0.8224  0.8207  0.8179
2025-10-07 11:20:46 [INFO] [evolutionary_search.cc:727] Got 64 candidate(s) with evolutionary search
2025-10-07 11:20:46 [INFO] [evolutionary_search.cc:730] Sending 64 candidates(s) for measurement
2025-10-07 11:21:18 [INFO] [task_scheduler.cc:131] [Task #0: main] Trial #897: GFLOPs: 16075.1081. Time: 14.3832 us. Best GFLOPs: 18110.4852
2025-10-07 11:21:18 [INFO] [task_scheduler.cc:131] [Task #0: main] Trial #898: GFLOPs: 17270.2500. Time: 13.3878 us. Best GFLOPs: 18110.4852
2025-10-07 11:21:18 [INFO] [task_scheduler.cc:131] [Task #0: main] Trial #899: GFLOPs: 17179.6650. Time: 13.4584 us. Best GFLOPs: 18110.4852
2025-10-07 11:21:18 [INFO] [task_scheduler.cc:131] [Task #0: main] Trial #900: GFLOPs: 18114.7317. Time: 12.7637 us. Best GFLOPs: 18114.7317
2025-10-07 11:21:18 [INFO] [task_scheduler.cc:131] [Task #0: main] Trial #901: GFLOPs: 17352.9620. Time: 13.3240 us. Best GFLOPs: 18114.7317
2025-10-07 11:21:18 [INFO] [task_scheduler.cc:131] [Task #0: main] Trial #902: GFLOPs: 16832.2061. Time: 13.7362 us. Best GFLOPs: 18114.7317
2025-10-07 11:21:18 [INFO] [task_scheduler.cc:131] [Task #0: main] Trial #903: GFLOPs: 15720.1137. Time: 14.7080 us. Best GFLOPs: 18114.7317
2025-10-07 11:21:18 [INFO] [task_scheduler.cc:131] [Task #0: main] Trial #904: GFLOPs: 16645.5431. Time: 13.8903 us. Best GFLOPs: 18114.7317
2025-10-07 11:21:18 [INFO] [task_scheduler.cc:131] [Task #0: main] Trial #905: GFLOPs: 16418.1869. Time: 14.0826 us. Best GFLOPs: 18114.7317
2025-10-07 11:21:18 [INFO] [task_scheduler.cc:131] [Task #0: main] Trial #906: GFLOPs: 16510.2310. Time: 14.0041 us. Best GFLOPs: 18114.7317
2025-10-07 11:21:18 [INFO] [task_scheduler.cc:131] [Task #0: main] Trial #907: GFLOPs: 15063.8173. Time: 15.3488 us. Best GFLOPs: 18114.7317
2025-10-07 11:21:18 [INFO] [task_scheduler.cc:131] [Task #0: main] Trial #908: GFLOPs: 15942.6633. Time: 14.5027 us. Best GFLOPs: 18114.7317
2025-10-07 11:21:18 [INFO] [task_scheduler.cc:131] [Task #0: main] Trial #909: GFLOPs: 14903.0183. Time: 15.5144 us. Best GFLOPs: 18114.7317
2025-10-07 11:21:18 [INFO] [task_scheduler.cc:131] [Task #0: main] Trial #910: GFLOPs: 15113.4050. Time: 15.2984 us. Best GFLOPs: 18114.7317
2025-10-07 11:21:18 [INFO] [task_scheduler.cc:131] [Task #0: main] Trial #911: GFLOPs: 15006.5331. Time: 15.4074 us. Best GFLOPs: 18114.7317
2025-10-07 11:21:18 [INFO] [task_scheduler.cc:131] [Task #0: main] Trial #912: GFLOPs: 16528.1385. Time: 13.9889 us. Best GFLOPs: 18114.7317
2025-10-07 11:21:18 [INFO] [task_scheduler.cc:131] [Task #0: main] Trial #913: GFLOPs: 16521.2375. Time: 13.9948 us. Best GFLOPs: 18114.7317
2025-10-07 11:21:18 [INFO] [task_scheduler.cc:131] [Task #0: main] Trial #914: GFLOPs: 16118.8786. Time: 14.3441 us. Best GFLOPs: 18114.7317
2025-10-07 11:21:18 [INFO] [task_scheduler.cc:131] [Task #0: main] Trial #915: GFLOPs: 16116.5919. Time: 14.3461 us. Best GFLOPs: 18114.7317
2025-10-07 11:21:18 [INFO] [task_scheduler.cc:131] [Task #0: main] Trial #916: GFLOPs: 15778.3004. Time: 14.6537 us. Best GFLOPs: 18114.7317
2025-10-07 11:21:18 [INFO] [task_scheduler.cc:131] [Task #0: main] Trial #917: GFLOPs: 15573.1535. Time: 14.8468 us. Best GFLOPs: 18114.7317
2025-10-07 11:21:18 [INFO] [task_scheduler.cc:131] [Task #0: main] Trial #918: GFLOPs: 15600.1879. Time: 14.8210 us. Best GFLOPs: 18114.7317
2025-10-07 11:21:18 [INFO] [task_scheduler.cc:131] [Task #0: main] Trial #919: GFLOPs: 15599.1722. Time: 14.8220 us. Best GFLOPs: 18114.7317
2025-10-07 11:21:18 [INFO] [task_scheduler.cc:131] [Task #0: main] Trial #920: GFLOPs: 16200.6292. Time: 14.2717 us. Best GFLOPs: 18114.7317
2025-10-07 11:21:18 [INFO] [task_scheduler.cc:131] [Task #0: main] Trial #921: GFLOPs: 16449.2052. Time: 14.0561 us. Best GFLOPs: 18114.7317
2025-10-07 11:21:18 [INFO] [task_scheduler.cc:131] [Task #0: main] Trial #922: GFLOPs: 16503.8502. Time: 14.0095 us. Best GFLOPs: 18114.7317
2025-10-07 11:21:18 [INFO] [task_scheduler.cc:131] [Task #0: main] Trial #923: GFLOPs: 16662.7410. Time: 13.8759 us. Best GFLOPs: 18114.7317
2025-10-07 11:21:18 [INFO] [task_scheduler.cc:131] [Task #0: main] Trial #924: GFLOPs: 16635.0026. Time: 13.8991 us. Best GFLOPs: 18114.7317
2025-10-07 11:21:18 [INFO] [task_scheduler.cc:131] [Task #0: main] Trial #925: GFLOPs: 11167.5316. Time: 20.7039 us. Best GFLOPs: 18114.7317
2025-10-07 11:21:18 [INFO] [task_scheduler.cc:131] [Task #0: main] Trial #926: GFLOPs: 11167.0756. Time: 20.7047 us. Best GFLOPs: 18114.7317
2025-10-07 11:21:18 [INFO] [task_scheduler.cc:131] [Task #0: main] Trial #927: GFLOPs: 15712.5515. Time: 14.7151 us. Best GFLOPs: 18114.7317
2025-10-07 11:21:18 [INFO] [task_scheduler.cc:131] [Task #0: main] Trial #928: GFLOPs: 16201.7347. Time: 14.2708 us. Best GFLOPs: 18114.7317
2025-10-07 11:21:18 [INFO] [task_scheduler.cc:131] [Task #0: main] Trial #929: GFLOPs: 15481.1973. Time: 14.9350 us. Best GFLOPs: 18114.7317
2025-10-07 11:21:18 [INFO] [task_scheduler.cc:131] [Task #0: main] Trial #930: GFLOPs: 15480.3290. Time: 14.9358 us. Best GFLOPs: 18114.7317
2025-10-07 11:21:18 [INFO] [task_scheduler.cc:131] [Task #0: main] Trial #931: GFLOPs: 15662.9953. Time: 14.7616 us. Best GFLOPs: 18114.7317
2025-10-07 11:21:18 [INFO] [task_scheduler.cc:131] [Task #0: main] Trial #932: GFLOPs: 14916.5109. Time: 15.5003 us. Best GFLOPs: 18114.7317
2025-10-07 11:21:18 [INFO] [task_scheduler.cc:131] [Task #0: main] Trial #933: GFLOPs: 15791.4247. Time: 14.6416 us. Best GFLOPs: 18114.7317
2025-10-07 11:21:18 [INFO] [task_scheduler.cc:131] [Task #0: main] Trial #934: GFLOPs: 16523.6871. Time: 13.9927 us. Best GFLOPs: 18114.7317
2025-10-07 11:21:18 [INFO] [task_scheduler.cc:131] [Task #0: main] Trial #935: GFLOPs: 15447.4594. Time: 14.9676 us. Best GFLOPs: 18114.7317
2025-10-07 11:21:18 [INFO] [task_scheduler.cc:131] [Task #0: main] Trial #936: GFLOPs: 15466.7559. Time: 14.9489 us. Best GFLOPs: 18114.7317
2025-10-07 11:21:18 [INFO] [task_scheduler.cc:131] [Task #0: main] Trial #937: GFLOPs: 17110.0350. Time: 13.5132 us. Best GFLOPs: 18114.7317
2025-10-07 11:21:18 [INFO] [task_scheduler.cc:131] [Task #0: main] Trial #938: GFLOPs: 15225.2700. Time: 15.1860 us. Best GFLOPs: 18114.7317
2025-10-07 11:21:18 [INFO] [task_scheduler.cc:131] [Task #0: main] Trial #939: GFLOPs: 15225.8791. Time: 15.1854 us. Best GFLOPs: 18114.7317
2025-10-07 11:21:18 [INFO] [task_scheduler.cc:131] [Task #0: main] Trial #940: GFLOPs: 15024.0637. Time: 15.3894 us. Best GFLOPs: 18114.7317
2025-10-07 11:21:18 [INFO] [task_scheduler.cc:131] [Task #0: main] Trial #941: GFLOPs: 13929.6828. Time: 16.5984 us. Best GFLOPs: 18114.7317
2025-10-07 11:21:18 [INFO] [task_scheduler.cc:131] [Task #0: main] Trial #942: GFLOPs: 13928.6521. Time: 16.5997 us. Best GFLOPs: 18114.7317
2025-10-07 11:21:18 [INFO] [task_scheduler.cc:131] [Task #0: main] Trial #943: GFLOPs: 13929.3346. Time: 16.5989 us. Best GFLOPs: 18114.7317
2025-10-07 11:21:18 [INFO] [task_scheduler.cc:131] [Task #0: main] Trial #944: GFLOPs: 15818.1945. Time: 14.6168 us. Best GFLOPs: 18114.7317
2025-10-07 11:21:18 [INFO] [task_scheduler.cc:131] [Task #0: main] Trial #945: GFLOPs: 14121.9985. Time: 16.3724 us. Best GFLOPs: 18114.7317
2025-10-07 11:21:18 [INFO] [task_scheduler.cc:131] [Task #0: main] Trial #946: GFLOPs: 14939.8852. Time: 15.4761 us. Best GFLOPs: 18114.7317
2025-10-07 11:21:18 [INFO] [task_scheduler.cc:131] [Task #0: main] Trial #947: GFLOPs: 13664.3925. Time: 16.9207 us. Best GFLOPs: 18114.7317
2025-10-07 11:21:18 [INFO] [task_scheduler.cc:131] [Task #0: main] Trial #948: GFLOPs: 13664.8290. Time: 16.9202 us. Best GFLOPs: 18114.7317
2025-10-07 11:21:18 [INFO] [task_scheduler.cc:131] [Task #0: main] Trial #949: GFLOPs: 15200.9040. Time: 15.2103 us. Best GFLOPs: 18114.7317
2025-10-07 11:21:18 [INFO] [task_scheduler.cc:131] [Task #0: main] Trial #950: GFLOPs: 15199.3334. Time: 15.2119 us. Best GFLOPs: 18114.7317
2025-10-07 11:21:18 [INFO] [task_scheduler.cc:131] [Task #0: main] Trial #951: GFLOPs: 14810.6419. Time: 15.6111 us. Best GFLOPs: 18114.7317
2025-10-07 11:21:18 [INFO] [task_scheduler.cc:131] [Task #0: main] Trial #952: GFLOPs: 14915.6358. Time: 15.5013 us. Best GFLOPs: 18114.7317
2025-10-07 11:21:18 [INFO] [task_scheduler.cc:131] [Task #0: main] Trial #953: GFLOPs: 14916.9784. Time: 15.4999 us. Best GFLOPs: 18114.7317
2025-10-07 11:21:18 [INFO] [task_scheduler.cc:131] [Task #0: main] Trial #954: GFLOPs: 14258.9519. Time: 16.2151 us. Best GFLOPs: 18114.7317
2025-10-07 11:21:18 [INFO] [task_scheduler.cc:131] [Task #0: main] Trial #955: GFLOPs: 15927.2390. Time: 14.5167 us. Best GFLOPs: 18114.7317
2025-10-07 11:21:18 [INFO] [task_scheduler.cc:131] [Task #0: main] Trial #956: GFLOPs: 15927.6627. Time: 14.5163 us. Best GFLOPs: 18114.7317
2025-10-07 11:21:18 [INFO] [task_scheduler.cc:131] [Task #0: main] Trial #957: GFLOPs: 14793.5720. Time: 15.6292 us. Best GFLOPs: 18114.7317
2025-10-07 11:21:18 [INFO] [task_scheduler.cc:131] [Task #0: main] Trial #958: GFLOPs: 2606.0526. Time: 88.7208 us. Best GFLOPs: 18114.7317
2025-10-07 11:21:18 [INFO] [task_scheduler.cc:131] [Task #0: main] Trial #959: GFLOPs: 1788.8477. Time: 129.2514 us. Best GFLOPs: 18114.7317
2025-10-07 11:21:18 [INFO] [task_scheduler.cc:131] [Task #0: main] Trial #960: GFLOPs: 1732.3784. Time: 133.4645 us. Best GFLOPs: 18114.7317
2025-10-07 11:21:18 [INFO] [evolutionary_search.cc:713] Generating candidates......
2025-10-07 11:21:20 [INFO] [evolutionary_search.cc:715] Picked top 102 candidate(s) from database
2025-10-07 11:21:28 [INFO] [evolutionary_search.cc:533] Sample-Init-Population summary:
Postproc #0 [meta_schedule.DisallowDynamicLoop(0x10966348)]: 0 failure(s)
Postproc #1 [meta_schedule.RewriteCooperativeFetch(0x10d195d8)]: 0 failure(s)
Postproc #2 [meta_schedule.RewriteUnboundBlock(0x10b2d658)]: 0 failure(s)
Postproc #3 [meta_schedule.RewriteParallelVectorizeUnroll(0x10c03278)]: 0 failure(s)
Postproc #4 [meta_schedule.RewriteReductionBlock(0x109facd8)]: 0 failure(s)
Postproc #5 [meta_schedule.VerifyGPUCode(0x1082ac68)]: 316 failure(s)
Postproc #6 [meta_schedule.RewriteTensorize(0x109da9c8)]: 0 failure(s)
2025-10-07 11:21:28 [INFO] [evolutionary_search.cc:723] Sampled 94 candidate(s)
2025-10-07 11:21:43 [INFO] [evolutionary_search.cc:621] Evolve iter #0 done. Summary:
Postproc #0 [meta_schedule.DisallowDynamicLoop(0x10966348)]: 0 failure(s)
Postproc #1 [meta_schedule.RewriteCooperativeFetch(0x10d195d8)]: 0 failure(s)
Postproc #2 [meta_schedule.RewriteUnboundBlock(0x10b2d658)]: 0 failure(s)
Postproc #3 [meta_schedule.RewriteParallelVectorizeUnroll(0x10c03278)]: 0 failure(s)
Postproc #4 [meta_schedule.RewriteReductionBlock(0x109facd8)]: 0 failure(s)
Postproc #5 [meta_schedule.VerifyGPUCode(0x1082ac68)]: 123 failure(s)
Postproc #6 [meta_schedule.RewriteTensorize(0x109da9c8)]: 0 failure(s)
2025-10-07 11:22:01 [INFO] [evolutionary_search.cc:621] Evolve iter #1 done. Summary:
Postproc #0 [meta_schedule.DisallowDynamicLoop(0x10966348)]: 0 failure(s)
Postproc #1 [meta_schedule.RewriteCooperativeFetch(0x10d195d8)]: 0 failure(s)
Postproc #2 [meta_schedule.RewriteUnboundBlock(0x10b2d658)]: 0 failure(s)
Postproc #3 [meta_schedule.RewriteParallelVectorizeUnroll(0x10c03278)]: 0 failure(s)
Postproc #4 [meta_schedule.RewriteReductionBlock(0x109facd8)]: 0 failure(s)
Postproc #5 [meta_schedule.VerifyGPUCode(0x1082ac68)]: 152 failure(s)
Postproc #6 [meta_schedule.RewriteTensorize(0x109da9c8)]: 0 failure(s)
2025-10-07 11:22:19 [INFO] [evolutionary_search.cc:621] Evolve iter #2 done. Summary:
Postproc #0 [meta_schedule.DisallowDynamicLoop(0x10966348)]: 0 failure(s)
Postproc #1 [meta_schedule.RewriteCooperativeFetch(0x10d195d8)]: 0 failure(s)
Postproc #2 [meta_schedule.RewriteUnboundBlock(0x10b2d658)]: 0 failure(s)
Postproc #3 [meta_schedule.RewriteParallelVectorizeUnroll(0x10c03278)]: 0 failure(s)
Postproc #4 [meta_schedule.RewriteReductionBlock(0x109facd8)]: 0 failure(s)
Postproc #5 [meta_schedule.VerifyGPUCode(0x1082ac68)]: 108 failure(s)
Postproc #6 [meta_schedule.RewriteTensorize(0x109da9c8)]: 0 failure(s)
2025-10-07 11:22:37 [INFO] [evolutionary_search.cc:621] Evolve iter #3 done. Summary:
Postproc #0 [meta_schedule.DisallowDynamicLoop(0x10966348)]: 0 failure(s)
Postproc #1 [meta_schedule.RewriteCooperativeFetch(0x10d195d8)]: 0 failure(s)
Postproc #2 [meta_schedule.RewriteUnboundBlock(0x10b2d658)]: 0 failure(s)
Postproc #3 [meta_schedule.RewriteParallelVectorizeUnroll(0x10c03278)]: 0 failure(s)
Postproc #4 [meta_schedule.RewriteReductionBlock(0x109facd8)]: 0 failure(s)
Postproc #5 [meta_schedule.VerifyGPUCode(0x1082ac68)]: 147 failure(s)
Postproc #6 [meta_schedule.RewriteTensorize(0x109da9c8)]: 0 failure(s)
2025-10-07 11:22:43 [INFO] [evolutionary_search.cc:649] Scores of the best 40 candidates:
[1 : 16]:	0.9645  0.9645  0.9538  0.9538  0.9487  0.9371  0.9351  0.9351  0.9349  0.9288  0.9243  0.9220  0.9074  0.9074  0.9065  0.9065
[17 : 32]:	0.8956  0.8890  0.8890  0.8877  0.8821  0.8808  0.8780  0.8777  0.8775  0.8775  0.8760  0.8700  0.8681  0.8666  0.8663  0.8653
[33 : 40]:	0.8652  0.8646  0.8646  0.8640  0.8640  0.8610  0.8610  0.8610
2025-10-07 11:22:43 [INFO] [evolutionary_search.cc:727] Got 40 candidate(s) with evolutionary search
2025-10-07 11:22:43 [INFO] [evolutionary_search.cc:730] Sending 40 candidates(s) for measurement
2025-10-07 11:23:04 [INFO] [task_scheduler.cc:131] [Task #0: main] Trial #961: GFLOPs: 12672.1769. Time: 18.2456 us. Best GFLOPs: 18114.7317
2025-10-07 11:23:04 [INFO] [task_scheduler.cc:131] [Task #0: main] Trial #962: GFLOPs: 13607.5892. Time: 16.9913 us. Best GFLOPs: 18114.7317
2025-10-07 11:23:04 [INFO] [task_scheduler.cc:131] [Task #0: main] Trial #963: GFLOPs: 13523.1024. Time: 17.0975 us. Best GFLOPs: 18114.7317
2025-10-07 11:23:04 [INFO] [task_scheduler.cc:131] [Task #0: main] Trial #964: GFLOPs: 13525.2683. Time: 17.0947 us. Best GFLOPs: 18114.7317
2025-10-07 11:23:04 [INFO] [task_scheduler.cc:131] [Task #0: main] Trial #965: GFLOPs: 17165.2496. Time: 13.4697 us. Best GFLOPs: 18114.7317
2025-10-07 11:23:04 [INFO] [task_scheduler.cc:131] [Task #0: main] Trial #966: GFLOPs: 17356.7623. Time: 13.3211 us. Best GFLOPs: 18114.7317
2025-10-07 11:23:04 [INFO] [task_scheduler.cc:131] [Task #0: main] Trial #967: GFLOPs: 16652.9335. Time: 13.8841 us. Best GFLOPs: 18114.7317
2025-10-07 11:23:04 [INFO] [task_scheduler.cc:131] [Task #0: main] Trial #968: GFLOPs: 16653.2589. Time: 13.8838 us. Best GFLOPs: 18114.7317
2025-10-07 11:23:04 [INFO] [task_scheduler.cc:131] [Task #0: main] Trial #969: GFLOPs: 16494.6494. Time: 14.0173 us. Best GFLOPs: 18114.7317
2025-10-07 11:23:04 [INFO] [task_scheduler.cc:131] [Task #0: main] Trial #970: GFLOPs: 17352.5312. Time: 13.3243 us. Best GFLOPs: 18114.7317
2025-10-07 11:23:04 [INFO] [task_scheduler.cc:131] [Task #0: main] Trial #971: GFLOPs: 16544.7157. Time: 13.9749 us. Best GFLOPs: 18114.7317
2025-10-07 11:23:04 [INFO] [task_scheduler.cc:131] [Task #0: main] Trial #972: GFLOPs: 16610.4997. Time: 13.9196 us. Best GFLOPs: 18114.7317
2025-10-07 11:23:04 [INFO] [task_scheduler.cc:131] [Task #0: main] Trial #973: GFLOPs: 16985.2516. Time: 13.6125 us. Best GFLOPs: 18114.7317
2025-10-07 11:23:04 [INFO] [task_scheduler.cc:131] [Task #0: main] Trial #974: GFLOPs: 16799.2185. Time: 13.7632 us. Best GFLOPs: 18114.7317
2025-10-07 11:23:04 [INFO] [task_scheduler.cc:131] [Task #0: main] Trial #975: GFLOPs: 15875.3501. Time: 14.5642 us. Best GFLOPs: 18114.7317
2025-10-07 11:23:04 [INFO] [task_scheduler.cc:131] [Task #0: main] Trial #976: GFLOPs: 15874.4445. Time: 14.5650 us. Best GFLOPs: 18114.7317
2025-10-07 11:23:04 [INFO] [task_scheduler.cc:131] [Task #0: main] Trial #977: GFLOPs: 16557.4666. Time: 13.9642 us. Best GFLOPs: 18114.7317
2025-10-07 11:23:04 [INFO] [task_scheduler.cc:131] [Task #0: main] Trial #978: GFLOPs: 16521.5734. Time: 13.9945 us. Best GFLOPs: 18114.7317
2025-10-07 11:23:04 [INFO] [task_scheduler.cc:131] [Task #0: main] Trial #979: GFLOPs: 16522.8345. Time: 13.9934 us. Best GFLOPs: 18114.7317
2025-10-07 11:23:04 [INFO] [task_scheduler.cc:131] [Task #0: main] Trial #980: GFLOPs: 17127.3706. Time: 13.4995 us. Best GFLOPs: 18114.7317
2025-10-07 11:23:04 [INFO] [task_scheduler.cc:131] [Task #0: main] Trial #981: GFLOPs: 15826.1719. Time: 14.6094 us. Best GFLOPs: 18114.7317
2025-10-07 11:23:04 [INFO] [task_scheduler.cc:131] [Task #0: main] Trial #982: GFLOPs: 16493.4309. Time: 14.0184 us. Best GFLOPs: 18114.7317
2025-10-07 11:23:04 [INFO] [task_scheduler.cc:131] [Task #0: main] Trial #983: GFLOPs: 15571.1444. Time: 14.8487 us. Best GFLOPs: 18114.7317
2025-10-07 11:23:04 [INFO] [task_scheduler.cc:131] [Task #0: main] Trial #984: GFLOPs: 15901.1856. Time: 14.5405 us. Best GFLOPs: 18114.7317
2025-10-07 11:23:04 [INFO] [task_scheduler.cc:131] [Task #0: main] Trial #985: GFLOPs: 16497.5318. Time: 14.0149 us. Best GFLOPs: 18114.7317
2025-10-07 11:23:04 [INFO] [task_scheduler.cc:131] [Task #0: main] Trial #986: GFLOPs: 16496.5192. Time: 14.0157 us. Best GFLOPs: 18114.7317
2025-10-07 11:23:04 [INFO] [task_scheduler.cc:131] [Task #0: main] Trial #987: GFLOPs: 15715.2706. Time: 14.7125 us. Best GFLOPs: 18114.7317
2025-10-07 11:23:04 [INFO] [task_scheduler.cc:131] [Task #0: main] Trial #988: GFLOPs: 15543.8308. Time: 14.8748 us. Best GFLOPs: 18114.7317
2025-10-07 11:23:04 [INFO] [task_scheduler.cc:131] [Task #0: main] Trial #989: GFLOPs: 15866.7999. Time: 14.5720 us. Best GFLOPs: 18114.7317
2025-10-07 11:23:04 [INFO] [task_scheduler.cc:131] [Task #0: main] Trial #990: GFLOPs: 15932.9506. Time: 14.5115 us. Best GFLOPs: 18114.7317
2025-10-07 11:23:04 [INFO] [task_scheduler.cc:131] [Task #0: main] Trial #991: GFLOPs: 16826.5246. Time: 13.7409 us. Best GFLOPs: 18114.7317
2025-10-07 11:23:04 [INFO] [task_scheduler.cc:131] [Task #0: main] Trial #992: GFLOPs: 16126.3889. Time: 14.3374 us. Best GFLOPs: 18114.7317
2025-10-07 11:23:04 [INFO] [task_scheduler.cc:131] [Task #0: main] Trial #993: GFLOPs: 16328.7604. Time: 14.1597 us. Best GFLOPs: 18114.7317
2025-10-07 11:23:04 [INFO] [task_scheduler.cc:131] [Task #0: main] Trial #994: GFLOPs: 16702.6506. Time: 13.8428 us. Best GFLOPs: 18114.7317
2025-10-07 11:23:04 [INFO] [task_scheduler.cc:131] [Task #0: main] Trial #995: GFLOPs: 16690.1534. Time: 13.8531 us. Best GFLOPs: 18114.7317
2025-10-07 11:23:04 [INFO] [task_scheduler.cc:131] [Task #0: main] Trial #996: GFLOPs: 15467.4719. Time: 14.9482 us. Best GFLOPs: 18114.7317
2025-10-07 11:23:04 [INFO] [task_scheduler.cc:131] [Task #0: main] Trial #997: GFLOPs: 15466.9863. Time: 14.9487 us. Best GFLOPs: 18114.7317
2025-10-07 11:23:04 [INFO] [task_scheduler.cc:131] [Task #0: main] Trial #998: GFLOPs: 16178.5699. Time: 14.2912 us. Best GFLOPs: 18114.7317
2025-10-07 11:23:04 [INFO] [task_scheduler.cc:131] [Task #0: main] Trial #999: GFLOPs: 467.7679. Time: 494.2858 us. Best GFLOPs: 18114.7317
2025-10-07 11:23:04 [INFO] [task_scheduler.cc:131] [Task #0: main] Trial #1000: GFLOPs: 1751.6389. Time: 131.9970 us. Best GFLOPs: 18114.7317
