2025-10-11 01:46:57 [INFO] [task_scheduler.cc:160] Initializing Task #0: "main"
2025-10-11 01:46:57 [INFO] [task_scheduler.cc:35] 
# from tvm.script import ir as I
# from tvm.script import tir as T

@I.ir_module
class Module:
    @T.prim_func
    def main(A: T.Buffer((1, 256, 14, 14), "float16"), W: T.Buffer((512, 256, 1, 1), "float16"), conv2d_nchw: T.Buffer((1, 512, 7, 7), "float16")):
        T.func_attr({"tir.noalias": T.bool(True)})
        # with T.block("root"):
        pad_temp = T.alloc_buffer((1, 256, 14, 14), "float16")
        for i0, i1, i2, i3 in T.grid(1, 256, 14, 14):
            with T.block("pad_temp"):
                v_i0, v_i1, v_i2, v_i3 = T.axis.remap("SSSS", [i0, i1, i2, i3])
                T.reads(A[v_i0, v_i1, v_i2, v_i3])
                T.writes(pad_temp[v_i0, v_i1, v_i2, v_i3])
                pad_temp[v_i0, v_i1, v_i2, v_i3] = A[v_i0, v_i1, v_i2, v_i3]
        for nn, ff, yy, xx, rc, ry, rx in T.grid(1, 512, 7, 7, 256, 1, 1):
            with T.block("conv2d_nchw"):
                v_nn, v_ff, v_yy, v_xx, v_rc, v_ry, v_rx = T.axis.remap("SSSSRRR", [nn, ff, yy, xx, rc, ry, rx])
                T.reads(pad_temp[v_nn, v_rc, v_yy * 2 + v_ry, v_xx * 2 + v_rx], W[v_ff, v_rc, v_ry, v_rx])
                T.writes(conv2d_nchw[v_nn, v_ff, v_yy, v_xx])
                with T.init():
                    conv2d_nchw[v_nn, v_ff, v_yy, v_xx] = T.float16(0.0)
                conv2d_nchw[v_nn, v_ff, v_yy, v_xx] = conv2d_nchw[v_nn, v_ff, v_yy, v_xx] + pad_temp[v_nn, v_rc, v_yy * 2 + v_ry, v_xx * 2 + v_rx] * W[v_ff, v_rc, v_ry, v_rx]
2025-10-11 01:46:57 [INFO] [multi_level_tiling_tensor_core.cc:237] Sketch 0: tensorizing with wmma_sync_16x16x16_f16f16f16_trans
2025-10-11 01:46:57 [INFO] [multi_level_tiling_tensor_core.cc:237] Sketch 1: tensorizing with wmma_sync_16x16x16_f16f16f16
2025-10-11 01:46:57 [INFO] [task_scheduler.cc:164] Total 2 design space(s) generated
2025-10-11 01:46:57 [INFO] [task_scheduler.cc:170] Design space #0:
# from tvm.script import ir as I
# from tvm.script import tir as T

@I.ir_module
class Module:
    @T.prim_func
    def main(A: T.Buffer((1, 256, 14, 14), "float16"), W: T.Buffer((512, 256, 1, 1), "float16"), conv2d_nchw: T.Buffer((1, 512, 7, 7), "float16")):
        T.func_attr({"tir.noalias": T.bool(True)})
        with T.block("root"):
            T.reads()
            T.writes()
            T.block_attr({"meta_schedule.unroll_explicit": 0})
            conv2d_nchw_reindex_pad_shared_dyn = T.alloc_buffer((2, 1, 2, 32, 16, 16), "float16", scope="shared.dyn")
            conv2d_nchw_reindex_pad_shared_dyn_wmma_accumulator = T.alloc_buffer((2, 1, 2, 32, 16, 16), "float16", scope="wmma.accumulator")
            pad_temp_reindex_pad_shared_dyn = T.alloc_buffer((64, 256), "float16", scope="shared.dyn")
            W_reindex_shared_dyn = T.alloc_buffer((1, 1, 512, 256), "float16", scope="shared.dyn")
            pad_temp_reindex_pad_shared_dyn_wmma_matrix_a = T.alloc_buffer((64, 256), "float16", scope="wmma.matrix_a")
            W_reindex_shared_dyn_wmma_matrix_b = T.alloc_buffer((1, 1, 512, 256), "float16", scope="wmma.matrix_b")
            for ax0_ax1_ax2_0_0_ax3_0_0_fused in T.thread_binding(1, thread="blockIdx.y"):
                for ax2_0_1_ax3_0_1_fused in T.thread_binding(2, thread="blockIdx.x"):
                    for ax2_0_2_ax3_0_2_fused in T.thread_binding(1, thread="threadIdx.y"):
                        for ax4_0_0 in range(1):
                            for ax0_ax1_fused in range(8192):
                                with T.block("pad_temp_reindex_pad_shared.dyn"):
                                    v0 = T.axis.spatial(64, ax2_0_1_ax3_0_1_fused * 32 + ax0_ax1_fused // 256)
                                    v1 = T.axis.spatial(256, ax0_ax1_fused % 256)
                                    T.reads(A[0, v1, v0 // 7 * 2, v0 % 7 * 2])
                                    T.writes(pad_temp_reindex_pad_shared_dyn[v0, v1])
                                    T.block_attr({"buffer_dim_align": [[0, 0, 32, 8]], "meta_schedule.cooperative_fetch": 8})
                                    pad_temp_reindex_pad_shared_dyn[v0, v1] = T.if_then_else(v0 < 49, A[0, v1, v0 // 7 * 2, v0 % 7 * 2], T.float16(0.0))
                            for ax0_ax1_ax2_ax3_fused in range(131072):
                                with T.block("W_reindex_shared.dyn"):
                                    v0 = T.axis.spatial(1, 0)
                                    v1 = T.axis.spatial(1, 0)
                                    v2 = T.axis.spatial(512, ax0_ax1_ax2_ax3_fused // 256)
                                    v3 = T.axis.spatial(256, ax0_ax1_ax2_ax3_fused % 256)
                                    T.reads(W[v2, v3, v0, v1])
                                    T.writes(W_reindex_shared_dyn[v0, v1, v2, v3])
                                    T.block_attr({"buffer_dim_align": [[0, 2, 32, 8]], "meta_schedule.cooperative_fetch": 4})
                                    W_reindex_shared_dyn[v0, v1, v2, v3] = W[v2, v3, v0, v1]
                            for ax4_0_1 in range(8):
                                for ax0_0, ax1_0 in T.grid(2, 2):
                                    with T.block("pad_temp_reindex_pad_shared.dyn_wmma.matrix_a_o"):
                                        v0_o = T.axis.spatial(4, ax2_0_1_ax3_0_1_fused * 2 + ax0_0)
                                        v1_o = T.axis.spatial(16, ax4_0_1 * 2 + ax1_0)
                                        T.reads(pad_temp_reindex_pad_shared_dyn[v0_o * 16:v0_o * 16 + 16, v1_o * 16:v1_o * 16 + 16])
                                        T.writes(pad_temp_reindex_pad_shared_dyn_wmma_matrix_a[v0_o * 16:v0_o * 16 + 16, v1_o * 16:v1_o * 16 + 16])
                                        T.block_attr({"meta_schedule.auto_tensorize": "wmma_load_16x16x16_f16_a_shared_dyn"})
                                        for ax0_1, ax1_1 in T.grid(16, 16):
                                            with T.block("pad_temp_reindex_pad_shared.dyn_wmma.matrix_a"):
                                                v0_i, v1_i = T.axis.remap("SS", [ax0_1, ax1_1])
                                                T.reads(pad_temp_reindex_pad_shared_dyn[v0_o * 16 + v0_i, v1_o * 16 + v1_i])
                                                T.writes(pad_temp_reindex_pad_shared_dyn_wmma_matrix_a[v0_o * 16 + v0_i, v1_o * 16 + v1_i])
                                                pad_temp_reindex_pad_shared_dyn_wmma_matrix_a[v0_o * 16 + v0_i, v1_o * 16 + v1_i] = pad_temp_reindex_pad_shared_dyn[v0_o * 16 + v0_i, v1_o * 16 + v1_i]
                                for ax0, ax1, ax2_0, ax3_0 in T.grid(1, 1, 32, 2):
                                    with T.block("W_reindex_shared.dyn_wmma.matrix_b_o"):
                                        v0_o, v1_o, v2_o = T.axis.remap("SSS", [ax0, ax1, ax2_0])
                                        v3_o = T.axis.spatial(16, ax4_0_1 * 2 + ax3_0)
                                        T.reads(W_reindex_shared_dyn[v0_o, v1_o, v2_o * 16:v2_o * 16 + 16, v3_o * 16:v3_o * 16 + 16])
                                        T.writes(W_reindex_shared_dyn_wmma_matrix_b[v0_o, v1_o, v2_o * 16:v2_o * 16 + 16, v3_o * 16:v3_o * 16 + 16])
                                        T.block_attr({"meta_schedule.auto_tensorize": "wmma_load_16x16x16_f16_b_trans_shared_dyn"})
                                        for ax2_1, ax3_1 in T.grid(16, 16):
                                            with T.block("W_reindex_shared.dyn_wmma.matrix_b"):
                                                v2_i, v3_i = T.axis.remap("SS", [ax2_1, ax3_1])
                                                T.reads(W_reindex_shared_dyn[v0_o, v1_o, v2_o * 16 + v2_i, v3_o * 16 + v3_i])
                                                T.writes(W_reindex_shared_dyn_wmma_matrix_b[v0_o, v1_o, v2_o * 16 + v2_i, v3_o * 16 + v3_i])
                                                W_reindex_shared_dyn_wmma_matrix_b[v0_o, v1_o, v2_o * 16 + v2_i, v3_o * 16 + v3_i] = W_reindex_shared_dyn[v0_o, v1_o, v2_o * 16 + v2_i, v3_o * 16 + v3_i]
                                for ax2_0_3, ax3_0_3, ax4_0_2, ax2_0_4, ax3_0_4 in T.grid(2, 32, 2, 1, 1):
                                    with T.block("conv2d_nchw_o"):
                                        v0_o = T.axis.spatial(1, 0)
                                        v1_o = T.axis.spatial(1, 0)
                                        v2_o = T.axis.spatial(4, ax2_0_1_ax3_0_1_fused * 2 + ax2_0_3 + ax2_0_4)
                                        v3_o = T.axis.spatial(32, ax3_0_3 + ax3_0_4)
                                        v4_o = T.axis.reduce(16, ax4_0_0 * 16 + ax4_0_1 * 2 + ax4_0_2)
                                        T.reads(pad_temp_reindex_pad_shared_dyn_wmma_matrix_a[v2_o * 16:v2_o * 16 + 16, v4_o * 16:v4_o * 16 + 16], W_reindex_shared_dyn_wmma_matrix_b[v0_o, v1_o, v3_o * 16:v3_o * 16 + 16, v4_o * 16:v4_o * 16 + 16])
                                        T.writes(conv2d_nchw_reindex_pad_shared_dyn_wmma_accumulator[v2_o // 2, 0, v2_o % 2, v3_o, 0:16, 0:16])
                                        T.block_attr({"meta_schedule.auto_tensorize": "wmma_sync_16x16x16_f16f16f16_trans", "meta_schedule.auto_tensorize_init": "wmma_fill_16x16x16_f16", "meta_schedule.thread_extent_high_inclusive": 1024, "meta_schedule.thread_extent_low_inclusive": 32, "warp_execution": 1})
                                        with T.init():
                                            for ax2_1, ax3_1 in T.grid(16, 16):
                                                with T.block("conv2d_nchw_init"):
                                                    v2_i_init, v3_i_init = T.axis.remap("SS", [ax2_1, ax3_1])
                                                    T.reads()
                                                    T.writes(conv2d_nchw_reindex_pad_shared_dyn_wmma_accumulator[v2_o // 2, 0, v2_o % 2, v3_o, v2_i_init, v3_i_init])
                                                    conv2d_nchw_reindex_pad_shared_dyn_wmma_accumulator[v2_o // 2, 0, v2_o % 2, v3_o, v2_i_init, v3_i_init] = T.float16(0.0)
                                        for ax2_1, ax3_1, ax4_1 in T.grid(16, 16, 16):
                                            with T.block("conv2d_nchw"):
                                                v2_i, v3_i, v4_i = T.axis.remap("SSR", [ax2_1, ax3_1, ax4_1])
                                                T.reads(conv2d_nchw_reindex_pad_shared_dyn_wmma_accumulator[v2_o // 2, 0, v2_o % 2, v3_o, v2_i, v3_i], pad_temp_reindex_pad_shared_dyn_wmma_matrix_a[v2_o * 16 + v2_i, v4_o * 16 + v4_i], W_reindex_shared_dyn_wmma_matrix_b[v0_o, v1_o, v3_o * 16 + v3_i, v4_o * 16 + v4_i])
                                                T.writes(conv2d_nchw_reindex_pad_shared_dyn_wmma_accumulator[v2_o // 2, 0, v2_o % 2, v3_o, v2_i, v3_i])
                                                T.block_attr({"meta_schedule.tiling_structure": "SSSRRSRS"})
                                                conv2d_nchw_reindex_pad_shared_dyn_wmma_accumulator[v2_o // 2, 0, v2_o % 2, v3_o, v2_i, v3_i] = conv2d_nchw_reindex_pad_shared_dyn_wmma_accumulator[v2_o // 2, 0, v2_o % 2, v3_o, v2_i, v3_i] + pad_temp_reindex_pad_shared_dyn_wmma_matrix_a[v2_o * 16 + v2_i, v4_o * 16 + v4_i] * W_reindex_shared_dyn_wmma_matrix_b[v0_o, v1_o, v3_o * 16 + v3_i, v4_o * 16 + v4_i]
                    for ax2 in range(2):
                        for ax0_ax1_fused in T.thread_binding(1, thread="threadIdx.y"):
                            for ax2_1, ax3 in T.grid(1, 32):
                                with T.block("conv2d_nchw_reindex_pad_shared.dyn_wmma.accumulator_o"):
                                    v0_o = T.axis.spatial(2, ax2_0_1_ax3_0_1_fused)
                                    v1_o = T.axis.spatial(1, 0)
                                    v2_o = T.axis.spatial(2, ax2 + ax2_1)
                                    v3_o = T.axis.spatial(32, ax3)
                                    v4_o = T.axis.spatial(1, 0)
                                    v5_o = T.axis.spatial(1, 0)
                                    T.reads(conv2d_nchw_reindex_pad_shared_dyn_wmma_accumulator[v0_o, v1_o, v2_o, v3_o, 0:16, 0:16])
                                    T.writes(conv2d_nchw_reindex_pad_shared_dyn[v0_o, v1_o, v2_o, v3_o, 0:16, 0:16])
                                    T.block_attr({"meta_schedule.auto_tensorize": "wmma_store_16x16x16_f16_shared_dyn"})
                                    for ax4, ax5 in T.grid(16, 16):
                                        with T.block("conv2d_nchw_reindex_pad_shared.dyn_wmma.accumulator"):
                                            v4_i, v5_i = T.axis.remap("SS", [ax4, ax5])
                                            T.reads(conv2d_nchw_reindex_pad_shared_dyn_wmma_accumulator[v0_o, v1_o, v2_o, v3_o, v4_i, v5_i])
                                            T.writes(conv2d_nchw_reindex_pad_shared_dyn[v0_o, v1_o, v2_o, v3_o, v4_i, v5_i])
                                            conv2d_nchw_reindex_pad_shared_dyn[v0_o, v1_o, v2_o, v3_o, v4_i, v5_i] = conv2d_nchw_reindex_pad_shared_dyn_wmma_accumulator[v0_o, v1_o, v2_o, v3_o, v4_i, v5_i]
                        for ax0_ax1_ax3_ax4_ax5_fused in range(8192):
                            with T.block("conv2d_nchw_reindex_pad_shared.dyn"):
                                v0 = T.axis.spatial(2, ax2_0_1_ax3_0_1_fused)
                                v1 = T.axis.spatial(1, 0)
                                v2 = T.axis.spatial(2, ax2)
                                v3 = T.axis.spatial(32, ax0_ax1_ax3_ax4_ax5_fused // 256)
                                v4 = T.axis.spatial(16, ax0_ax1_ax3_ax4_ax5_fused % 256 // 16)
                                v5 = T.axis.spatial(16, ax0_ax1_ax3_ax4_ax5_fused % 16)
                                T.where(ax2_0_1_ax3_0_1_fused * 32 + T.Mul(0, 32) + ax2 * 16 + ax0_ax1_ax3_ax4_ax5_fused % 256 // 16 < 49)
                                T.reads(conv2d_nchw_reindex_pad_shared_dyn[v0, v1, v2, v3, v4, v5])
                                T.writes(conv2d_nchw[0, v5 + v3 * 16 + v1 * 512, (v4 + v2 * 16 + v0 * 32) // 7, (v4 + v2 * 16 + v0 * 32) % 7])
                                T.block_attr({"meta_schedule.cooperative_fetch": 8})
                                conv2d_nchw[0, v5 + v3 * 16 + v1 * 512, (v4 + v2 * 16 + v0 * 32) // 7, (v4 + v2 * 16 + v0 * 32) % 7] = conv2d_nchw_reindex_pad_shared_dyn[v0, v1, v2, v3, v4, v5]
b0 = sch.get_block(name="pad_temp", func_name="main")
b1 = sch.get_block(name="conv2d_nchw", func_name="main")
b2 = sch.get_block(name="root", func_name="main")
sch.annotate(block_or_loop=b1, ann_key="meta_schedule.tiling_structure", ann_val="SSSRRSRS")
b3 = sch.reindex(block=b1, buffer=("write", 0))
b4 = sch.reindex(block=b1, buffer=("read", 0))
b5 = sch.reindex(block=b1, buffer=("read", 1))
sch.transform_layout(block=b1, buffer=("read", 0), index_map=lambda v_nn, v_yy, v_xx, v_rc: (v_nn * 49 + v_yy * 7 + v_xx, v_rc,), pad_value=None, assume_injective_transform=True)
sch.transform_layout(block=b1, buffer=("read", 1), index_map=lambda v_ff, v_rc, v_ry, v_rx: (v_ry, v_rx, v_ff, v_rc,), pad_value=None, assume_injective_transform=True)
sch.transform_layout(block=b1, buffer=("write", 0), index_map=lambda v_nn, v_ff, v_yy, v_xx: (v_nn * 49 + v_yy * 7 + v_xx, v_ff,), pad_value=None, assume_injective_transform=True)
sch.transform_block_layout(block=b3, index_map=lambda v_nn, v_ff, v_yy, v_xx: (v_nn * 49 + v_yy * 7 + v_xx, v_ff,))
sch.transform_block_layout(block=b4, index_map=lambda v_nn, v_yy, v_xx, v_rc: (v_nn * 49 + v_yy * 7 + v_xx, v_rc,))
sch.transform_block_layout(block=b5, index_map=lambda v_ff, v_rc, v_ry, v_rx: (v_ry, v_rx, v_ff, v_rc,))
sch.transform_block_layout(block=b1, index_map=lambda v_nn, v_ff, v_yy, v_xx, v_rc, v_ry, v_rx: (v_ry, v_rx, v_nn * 49 + v_yy * 7 + v_xx, v_ff, v_rc,))
sch.pad_einsum(block=b1, padding=[1, 1, 16, 1, 1])
b6, b7 = sch.get_producers(block=b1)
b8, = sch.get_producers(block=b6)
b9, = sch.get_consumers(block=b1)
sch.compute_inline(block=b8)
sch.compute_inline(block=b9)
l10, l11, l12, l13, l14 = sch.get_loops(block=b1)
l15, l16 = sch.split(loop=l14, factors=[None, 16], preserve_unit_iters=True, disable_predication=False)
l17, l18 = sch.split(loop=l13, factors=[None, 16], preserve_unit_iters=True, disable_predication=False)
l19, l20 = sch.split(loop=l12, factors=[None, 16], preserve_unit_iters=True, disable_predication=False)
l21, l22, l23, l24, l25, l26, l27, l28 = sch.get_loops(block=b1)
sch.reorder(l25, l27, l20, l18, l16)
b29 = sch.blockize(target=l20, preserve_unit_iters=True)
sch.annotate(block_or_loop=b29, ann_key="meta_schedule.auto_tensorize", ann_val="wmma_sync_16x16x16_f16f16f16_trans")
sch.annotate(block_or_loop=b29, ann_key="meta_schedule.auto_tensorize_init", ann_val="wmma_fill_16x16x16_f16")
sch.annotate(block_or_loop=b29, ann_key="warp_execution", ann_val=1)
l30, l31, l32, l33, l34 = sch.get_loops(block=b29)
v35, v36, v37, v38, v39 = sch.sample_perfect_tile(loop=l32, n=5, max_innermost_factor=4, decision=[1, 2, 1, 2, 1])
l40, l41, l42, l43, l44 = sch.split(loop=l32, factors=[v35, v36, v37, v38, v39], preserve_unit_iters=True, disable_predication=False)
v45, v46, v47, v48, v49 = sch.sample_perfect_tile(loop=l33, n=5, max_innermost_factor=4, decision=[1, 1, 1, 32, 1])
l50, l51, l52, l53, l54 = sch.split(loop=l33, factors=[v45, v46, v47, v48, v49], preserve_unit_iters=True, disable_predication=False)
v55, v56, v57 = sch.sample_perfect_tile(loop=l34, n=3, max_innermost_factor=4, decision=[1, 8, 2])
l58, l59, l60 = sch.split(loop=l34, factors=[v55, v56, v57], preserve_unit_iters=True, disable_predication=False)
sch.reorder(l40, l50, l41, l51, l42, l52, l58, l59, l43, l53, l60, l44, l54)
l61 = sch.fuse(l30, l31, l40, l50, preserve_unit_iters=True)
sch.bind(loop=l61, thread_axis="blockIdx.y")
l62 = sch.fuse(l41, l51, preserve_unit_iters=True)
sch.bind(loop=l62, thread_axis="blockIdx.x")
l63 = sch.fuse(l42, l52, preserve_unit_iters=True)
sch.bind(loop=l63, thread_axis="threadIdx.y")
sch.annotate(block_or_loop=b29, ann_key="meta_schedule.thread_extent_low_inclusive", ann_val=32)
sch.annotate(block_or_loop=b29, ann_key="meta_schedule.thread_extent_high_inclusive", ann_val=1024)
sch.transform_layout(block=b29, buffer=("write", 0), index_map=lambda i0, i1: (i0 // 16 // (v38 * v39), i1 // 16 // (v48 * v49), i0 // 16 % (v38 * v39), i1 // 16 % (v48 * v49), i0 % 16, i1 % 16,), pad_value=None, assume_injective_transform=True)
b64 = sch.cache_write(block=b29, write_buffer_index=0, storage_scope="shared.dyn")
sch.reverse_compute_at(block=b64, loop=l62, preserve_unit_loops=True, index=-1)
b65 = sch.cache_write(block=b29, write_buffer_index=0, storage_scope="wmma.accumulator")
l66, l67, l68, l69, l70, l71, l72, l73 = sch.get_loops(block=b64)
sch.reorder(l70, l68, l69, l71)
sch.compute_at(block=b65, loop=l70, preserve_unit_loops=True, index=-1)
l74, l75, l76, l77, l78, l79, l80, l81, l82 = sch.get_loops(block=b65)
l83 = sch.fuse(l77, l78, preserve_unit_iters=True)
sch.bind(loop=l83, thread_axis="threadIdx.y")
sch.reverse_compute_inline(block=b3)
l84, l85, l86, l87, l88, l89, l90, l91 = sch.get_loops(block=b65)
b92 = sch.blockize(target=l90, preserve_unit_iters=True)
sch.annotate(block_or_loop=b92, ann_key="meta_schedule.auto_tensorize", ann_val="wmma_store_16x16x16_f16_shared_dyn")
l93, l94, l95, l96, l97, l98, l99, l100 = sch.get_loops(block=b64)
l101 = sch.fuse(l96, l97, l98, l99, l100, preserve_unit_iters=True)
v102 = sch.sample_categorical(candidates=[1, 2, 4, 8], probs=[0.25, 0.25, 0.25, 0.25], decision=3)
sch.annotate(block_or_loop=b64, ann_key="meta_schedule.cooperative_fetch", ann_val=v102)
b103 = sch.cache_read(block=b29, read_buffer_index=0, storage_scope="shared.dyn", consumer_blocks=[b29])
sch.compute_at(block=b103, loop=l58, preserve_unit_loops=True, index=-1)
l104, l105, l106, l107, l108, l109 = sch.get_loops(block=b103)
l110 = sch.fuse(l108, l109, preserve_unit_iters=True)
v111 = sch.sample_categorical(candidates=[1, 2, 4, 8], probs=[0.25, 0.25, 0.25, 0.25], decision=3)
sch.annotate(block_or_loop=b103, ann_key="meta_schedule.cooperative_fetch", ann_val=v111)
b112 = sch.cache_read(block=b29, read_buffer_index=1, storage_scope="shared.dyn", consumer_blocks=[b29])
sch.compute_at(block=b112, loop=l58, preserve_unit_loops=True, index=-1)
l113, l114, l115, l116, l117, l118, l119, l120 = sch.get_loops(block=b112)
l121 = sch.fuse(l117, l118, l119, l120, preserve_unit_iters=True)
v122 = sch.sample_categorical(candidates=[1, 2, 4, 8], probs=[0.25, 0.25, 0.25, 0.25], decision=2)
sch.annotate(block_or_loop=b112, ann_key="meta_schedule.cooperative_fetch", ann_val=v122)
b123 = sch.cache_read(block=b29, read_buffer_index=0, storage_scope="wmma.matrix_a")
sch.compute_at(block=b123, loop=l59, preserve_unit_loops=True, index=-1)
l124, l125, l126, l127, l128, l129, l130 = sch.get_loops(block=b123)
l131, l132 = sch.split(loop=l130, factors=[None, 16], preserve_unit_iters=True, disable_predication=False)
l133, l134 = sch.split(loop=l129, factors=[None, 16], preserve_unit_iters=True, disable_predication=False)
l135, l136, l137, l138, l139, l140, l141, l142, l143 = sch.get_loops(block=b123)
sch.reorder(l142, l134, l132)
b144 = sch.blockize(target=l134, preserve_unit_iters=True)
sch.annotate(block_or_loop=b144, ann_key="meta_schedule.auto_tensorize", ann_val="wmma_load_16x16x16_f16_a_shared_dyn")
b145 = sch.cache_read(block=b29, read_buffer_index=1, storage_scope="wmma.matrix_b")
sch.compute_at(block=b145, loop=l59, preserve_unit_loops=True, index=-1)
l146, l147, l148, l149, l150, l151, l152, l153, l154 = sch.get_loops(block=b145)
l155, l156 = sch.split(loop=l154, factors=[None, 16], preserve_unit_iters=True, disable_predication=False)
l157, l158 = sch.split(loop=l153, factors=[None, 16], preserve_unit_iters=True, disable_predication=False)
l159, l160, l161, l162, l163, l164, l165, l166, l167, l168, l169 = sch.get_loops(block=b145)
sch.reorder(l168, l158, l156)
b170 = sch.blockize(target=l158, preserve_unit_iters=True)
sch.annotate(block_or_loop=b170, ann_key="meta_schedule.auto_tensorize", ann_val="wmma_load_16x16x16_f16_b_trans_shared_dyn")
b171, = sch.get_producers(block=b103)
sch.compute_inline(block=b171)
sch.storage_align(block=b103, buffer_index=0, axis=-2, factor=32, offset=8)
b172, = sch.get_producers(block=b112)
sch.compute_inline(block=b172)
sch.storage_align(block=b112, buffer_index=0, axis=-2, factor=32, offset=8)
sch.compute_inline(block=b0)
v173 = sch.sample_categorical(candidates=[0, 16, 64, 512, 1024], probs=[0.20000000000000001, 0.20000000000000001, 0.20000000000000001, 0.20000000000000001, 0.20000000000000001], decision=0)
sch.annotate(block_or_loop=b2, ann_key="meta_schedule.unroll_explicit", ann_val=v173)
2025-10-11 01:46:57 [INFO] [task_scheduler.cc:170] Design space #1:
# from tvm.script import ir as I
# from tvm.script import tir as T

@I.ir_module
class Module:
    @T.prim_func
    def main(A: T.Buffer((1, 256, 14, 14), "float16"), W: T.Buffer((512, 256, 1, 1), "float16"), conv2d_nchw: T.Buffer((1, 512, 7, 7), "float16")):
        T.func_attr({"tir.noalias": T.bool(True)})
        with T.block("root"):
            T.reads()
            T.writes()
            T.block_attr({"meta_schedule.unroll_explicit": 512})
            conv2d_nchw_reindex_pad_shared_dyn = T.alloc_buffer((2, 16, 2, 2, 16, 16), "float16", scope="shared.dyn")
            conv2d_nchw_reindex_pad_shared_dyn_wmma_accumulator = T.alloc_buffer((2, 16, 2, 2, 16, 16), "float16", scope="wmma.accumulator")
            pad_temp_reindex_pad_shared_dyn = T.alloc_buffer((64, 256), "float16", scope="shared.dyn")
            W_reindex_shared_dyn = T.alloc_buffer((1, 1, 256, 512), "float16", scope="shared.dyn")
            pad_temp_reindex_pad_shared_dyn_wmma_matrix_a = T.alloc_buffer((64, 256), "float16", scope="wmma.matrix_a")
            W_reindex_shared_dyn_wmma_matrix_b = T.alloc_buffer((1, 1, 256, 512), "float16", scope="wmma.matrix_b")
            for ax0_ax1_ax2_0_0_ax3_0_0_fused in T.thread_binding(1, thread="blockIdx.y"):
                for ax2_0_1_ax3_0_1_fused in T.thread_binding(2, thread="blockIdx.x"):
                    for ax2_0_2_ax3_0_2_fused in T.thread_binding(16, thread="threadIdx.y"):
                        for ax4_0_0 in range(16):
                            for ax0_ax1_fused in range(1024):
                                with T.block("pad_temp_reindex_pad_shared.dyn"):
                                    v0 = T.axis.spatial(64, ax0_ax1_fused // 16)
                                    v1 = T.axis.spatial(256, ax4_0_0 * 16 + ax0_ax1_fused % 16)
                                    T.reads(A[0, v1, v0 // 7 * 2, v0 % 7 * 2])
                                    T.writes(pad_temp_reindex_pad_shared_dyn[v0, v1])
                                    T.block_attr({"buffer_dim_align": [[0, 0, 32, 8]], "meta_schedule.cooperative_fetch": 2})
                                    pad_temp_reindex_pad_shared_dyn[v0, v1] = T.if_then_else(v0 < 49, A[0, v1, v0 // 7 * 2, v0 % 7 * 2], T.float16(0.0))
                            for ax0_ax1_ax2_ax3_fused in range(4096):
                                with T.block("W_reindex_shared.dyn"):
                                    v0 = T.axis.spatial(1, 0)
                                    v1 = T.axis.spatial(1, 0)
                                    v2 = T.axis.spatial(256, ax4_0_0 * 16 + ax0_ax1_ax2_ax3_fused // 256)
                                    v3 = T.axis.spatial(512, ax2_0_1_ax3_0_1_fused * 256 + ax0_ax1_ax2_ax3_fused % 256)
                                    T.reads(W[v3, v2, v0, v1])
                                    T.writes(W_reindex_shared_dyn[v0, v1, v2, v3])
                                    T.block_attr({"buffer_dim_align": [[0, 2, 32, 8]], "meta_schedule.cooperative_fetch": 8})
                                    W_reindex_shared_dyn[v0, v1, v2, v3] = W[v3, v2, v0, v1]
                            for ax4_0_1 in range(1):
                                for ax0_0, ax1_0 in T.grid(2, 1):
                                    with T.block("pad_temp_reindex_pad_shared.dyn_wmma.matrix_a_o"):
                                        v0_o = T.axis.spatial(4, ax2_0_2_ax3_0_2_fused // 8 * 2 + ax0_0)
                                        v1_o = T.axis.spatial(16, ax4_0_0 + ax1_0)
                                        T.reads(pad_temp_reindex_pad_shared_dyn[v0_o * 16:v0_o * 16 + 16, v1_o * 16:v1_o * 16 + 16])
                                        T.writes(pad_temp_reindex_pad_shared_dyn_wmma_matrix_a[v0_o * 16:v0_o * 16 + 16, v1_o * 16:v1_o * 16 + 16])
                                        T.block_attr({"meta_schedule.auto_tensorize": "wmma_load_16x16x16_f16_a_shared_dyn"})
                                        for ax0_1, ax1_1 in T.grid(16, 16):
                                            with T.block("pad_temp_reindex_pad_shared.dyn_wmma.matrix_a"):
                                                v0_i, v1_i = T.axis.remap("SS", [ax0_1, ax1_1])
                                                T.reads(pad_temp_reindex_pad_shared_dyn[v0_o * 16 + v0_i, v1_o * 16 + v1_i])
                                                T.writes(pad_temp_reindex_pad_shared_dyn_wmma_matrix_a[v0_o * 16 + v0_i, v1_o * 16 + v1_i])
                                                pad_temp_reindex_pad_shared_dyn_wmma_matrix_a[v0_o * 16 + v0_i, v1_o * 16 + v1_i] = pad_temp_reindex_pad_shared_dyn[v0_o * 16 + v0_i, v1_o * 16 + v1_i]
                                for ax0, ax1, ax2_0, ax3_0 in T.grid(1, 1, 1, 2):
                                    with T.block("W_reindex_shared.dyn_wmma.matrix_b_o"):
                                        v0_o, v1_o = T.axis.remap("SS", [ax0, ax1])
                                        v2_o = T.axis.spatial(16, ax4_0_0 + ax2_0)
                                        v3_o = T.axis.spatial(32, ax2_0_1_ax3_0_1_fused * 16 + ax2_0_2_ax3_0_2_fused % 8 * 2 + ax3_0)
                                        T.reads(W_reindex_shared_dyn[v0_o, v1_o, v2_o * 16:v2_o * 16 + 16, v3_o * 16:v3_o * 16 + 16])
                                        T.writes(W_reindex_shared_dyn_wmma_matrix_b[v0_o, v1_o, v2_o * 16:v2_o * 16 + 16, v3_o * 16:v3_o * 16 + 16])
                                        T.block_attr({"meta_schedule.auto_tensorize": "wmma_load_16x16x16_f16_b_shared_dyn"})
                                        for ax2_1, ax3_1 in T.grid(16, 16):
                                            with T.block("W_reindex_shared.dyn_wmma.matrix_b"):
                                                v2_i, v3_i = T.axis.remap("SS", [ax2_1, ax3_1])
                                                T.reads(W_reindex_shared_dyn[v0_o, v1_o, v2_o * 16 + v2_i, v3_o * 16 + v3_i])
                                                T.writes(W_reindex_shared_dyn_wmma_matrix_b[v0_o, v1_o, v2_o * 16 + v2_i, v3_o * 16 + v3_i])
                                                W_reindex_shared_dyn_wmma_matrix_b[v0_o, v1_o, v2_o * 16 + v2_i, v3_o * 16 + v3_i] = W_reindex_shared_dyn[v0_o, v1_o, v2_o * 16 + v2_i, v3_o * 16 + v3_i]
                                for ax2_0_3, ax3_0_3, ax4_0_2, ax2_0_4, ax3_0_4 in T.grid(2, 2, 1, 1, 1):
                                    with T.block("conv2d_nchw_o"):
                                        v0_o = T.axis.spatial(1, 0)
                                        v1_o = T.axis.spatial(1, 0)
                                        v2_o = T.axis.spatial(4, ax2_0_2_ax3_0_2_fused // 8 * 2 + ax2_0_3 + ax2_0_4)
                                        v3_o = T.axis.spatial(32, ax2_0_1_ax3_0_1_fused * 16 + ax2_0_2_ax3_0_2_fused % 8 * 2 + ax3_0_3 + ax3_0_4)
                                        v4_o = T.axis.reduce(16, ax4_0_0 + ax4_0_1 + ax4_0_2)
                                        T.reads(pad_temp_reindex_pad_shared_dyn_wmma_matrix_a[v2_o * 16:v2_o * 16 + 16, v4_o * 16:v4_o * 16 + 16], W_reindex_shared_dyn_wmma_matrix_b[v0_o, v1_o, v4_o * 16:v4_o * 16 + 16, v3_o * 16:v3_o * 16 + 16])
                                        T.writes(conv2d_nchw_reindex_pad_shared_dyn_wmma_accumulator[v2_o // 2, v3_o // 2, v2_o % 2, v3_o % 2, 0:16, 0:16])
                                        T.block_attr({"meta_schedule.auto_tensorize": "wmma_sync_16x16x16_f16f16f16", "meta_schedule.auto_tensorize_init": "wmma_fill_16x16x16_f16", "meta_schedule.thread_extent_high_inclusive": 1024, "meta_schedule.thread_extent_low_inclusive": 32, "warp_execution": 1})
                                        with T.init():
                                            for ax2_1, ax3_1 in T.grid(16, 16):
                                                with T.block("conv2d_nchw_init"):
                                                    v2_i_init, v3_i_init = T.axis.remap("SS", [ax2_1, ax3_1])
                                                    T.reads()
                                                    T.writes(conv2d_nchw_reindex_pad_shared_dyn_wmma_accumulator[v2_o // 2, v3_o // 2, v2_o % 2, v3_o % 2, v2_i_init, v3_i_init])
                                                    conv2d_nchw_reindex_pad_shared_dyn_wmma_accumulator[v2_o // 2, v3_o // 2, v2_o % 2, v3_o % 2, v2_i_init, v3_i_init] = T.float16(0.0)
                                        for ax2_1, ax3_1, ax4_1 in T.grid(16, 16, 16):
                                            with T.block("conv2d_nchw"):
                                                v2_i, v3_i, v4_i = T.axis.remap("SSR", [ax2_1, ax3_1, ax4_1])
                                                T.reads(conv2d_nchw_reindex_pad_shared_dyn_wmma_accumulator[v2_o // 2, v3_o // 2, v2_o % 2, v3_o % 2, v2_i, v3_i], pad_temp_reindex_pad_shared_dyn_wmma_matrix_a[v2_o * 16 + v2_i, v4_o * 16 + v4_i], W_reindex_shared_dyn_wmma_matrix_b[v0_o, v1_o, v4_o * 16 + v4_i, v3_o * 16 + v3_i])
                                                T.writes(conv2d_nchw_reindex_pad_shared_dyn_wmma_accumulator[v2_o // 2, v3_o // 2, v2_o % 2, v3_o % 2, v2_i, v3_i])
                                                T.block_attr({"meta_schedule.tiling_structure": "SSSRRSRS"})
                                                conv2d_nchw_reindex_pad_shared_dyn_wmma_accumulator[v2_o // 2, v3_o // 2, v2_o % 2, v3_o % 2, v2_i, v3_i] = conv2d_nchw_reindex_pad_shared_dyn_wmma_accumulator[v2_o // 2, v3_o // 2, v2_o % 2, v3_o % 2, v2_i, v3_i] + pad_temp_reindex_pad_shared_dyn_wmma_matrix_a[v2_o * 16 + v2_i, v4_o * 16 + v4_i] * W_reindex_shared_dyn_wmma_matrix_b[v0_o, v1_o, v4_o * 16 + v4_i, v3_o * 16 + v3_i]
                    for ax2 in range(2):
                        for ax0_ax1_fused in T.thread_binding(16, thread="threadIdx.y"):
                            for ax2_1, ax3 in T.grid(1, 2):
                                with T.block("conv2d_nchw_reindex_pad_shared.dyn_wmma.accumulator_o"):
                                    v0_o = T.axis.spatial(2, ax0_ax1_fused // 8)
                                    v1_o = T.axis.spatial(16, ax2_0_1_ax3_0_1_fused * 8 + ax0_ax1_fused % 8)
                                    v2_o = T.axis.spatial(2, ax2 + ax2_1)
                                    v3_o = T.axis.spatial(2, ax3)
                                    v4_o = T.axis.spatial(1, 0)
                                    v5_o = T.axis.spatial(1, 0)
                                    T.reads(conv2d_nchw_reindex_pad_shared_dyn_wmma_accumulator[v0_o, v1_o, v2_o, v3_o, 0:16, 0:16])
                                    T.writes(conv2d_nchw_reindex_pad_shared_dyn[v0_o, v1_o, v2_o, v3_o, 0:16, 0:16])
                                    T.block_attr({"meta_schedule.auto_tensorize": "wmma_store_16x16x16_f16_shared_dyn"})
                                    for ax4, ax5 in T.grid(16, 16):
                                        with T.block("conv2d_nchw_reindex_pad_shared.dyn_wmma.accumulator"):
                                            v4_i, v5_i = T.axis.remap("SS", [ax4, ax5])
                                            T.reads(conv2d_nchw_reindex_pad_shared_dyn_wmma_accumulator[v0_o, v1_o, v2_o, v3_o, v4_i, v5_i])
                                            T.writes(conv2d_nchw_reindex_pad_shared_dyn[v0_o, v1_o, v2_o, v3_o, v4_i, v5_i])
                                            conv2d_nchw_reindex_pad_shared_dyn[v0_o, v1_o, v2_o, v3_o, v4_i, v5_i] = conv2d_nchw_reindex_pad_shared_dyn_wmma_accumulator[v0_o, v1_o, v2_o, v3_o, v4_i, v5_i]
                        for ax0_ax1_ax3_ax4_ax5_fused in range(8192):
                            with T.block("conv2d_nchw_reindex_pad_shared.dyn"):
                                v0 = T.axis.spatial(2, ax0_ax1_ax3_ax4_ax5_fused // 4096)
                                v1 = T.axis.spatial(16, ax2_0_1_ax3_0_1_fused * 8 + ax0_ax1_ax3_ax4_ax5_fused % 4096 // 512)
                                v2 = T.axis.spatial(2, ax2)
                                v3 = T.axis.spatial(2, ax0_ax1_ax3_ax4_ax5_fused % 512 // 256)
                                v4 = T.axis.spatial(16, ax0_ax1_ax3_ax4_ax5_fused % 256 // 16)
                                v5 = T.axis.spatial(16, ax0_ax1_ax3_ax4_ax5_fused % 16)
                                T.where(ax0_ax1_ax3_ax4_ax5_fused // 4096 * 32 + ax2 * 16 + ax0_ax1_ax3_ax4_ax5_fused % 256 // 16 < 49)
                                T.reads(conv2d_nchw_reindex_pad_shared_dyn[v0, v1, v2, v3, v4, v5])
                                T.writes(conv2d_nchw[0, v5 + v3 * 16 + v1 * 32, (v4 + v2 * 16 + v0 * 32) // 7, (v4 + v2 * 16 + v0 * 32) % 7])
                                T.block_attr({"meta_schedule.cooperative_fetch": 8})
                                conv2d_nchw[0, v5 + v3 * 16 + v1 * 32, (v4 + v2 * 16 + v0 * 32) // 7, (v4 + v2 * 16 + v0 * 32) % 7] = conv2d_nchw_reindex_pad_shared_dyn[v0, v1, v2, v3, v4, v5]
b0 = sch.get_block(name="pad_temp", func_name="main")
b1 = sch.get_block(name="conv2d_nchw", func_name="main")
b2 = sch.get_block(name="root", func_name="main")
sch.annotate(block_or_loop=b1, ann_key="meta_schedule.tiling_structure", ann_val="SSSRRSRS")
b3 = sch.reindex(block=b1, buffer=("write", 0))
b4 = sch.reindex(block=b1, buffer=("read", 0))
b5 = sch.reindex(block=b1, buffer=("read", 1))
sch.transform_layout(block=b1, buffer=("read", 0), index_map=lambda v_nn, v_yy, v_xx, v_rc: (v_nn * 49 + v_yy * 7 + v_xx, v_rc,), pad_value=None, assume_injective_transform=True)
sch.transform_layout(block=b1, buffer=("read", 1), index_map=lambda v_ff, v_rc, v_ry, v_rx: (v_ry, v_rx, v_rc, v_ff,), pad_value=None, assume_injective_transform=True)
sch.transform_layout(block=b1, buffer=("write", 0), index_map=lambda v_nn, v_ff, v_yy, v_xx: (v_nn * 49 + v_yy * 7 + v_xx, v_ff,), pad_value=None, assume_injective_transform=True)
sch.transform_block_layout(block=b3, index_map=lambda v_nn, v_ff, v_yy, v_xx: (v_nn * 49 + v_yy * 7 + v_xx, v_ff,))
sch.transform_block_layout(block=b4, index_map=lambda v_nn, v_yy, v_xx, v_rc: (v_nn * 49 + v_yy * 7 + v_xx, v_rc,))
sch.transform_block_layout(block=b5, index_map=lambda v_ff, v_rc, v_ry, v_rx: (v_ry, v_rx, v_rc, v_ff,))
sch.transform_block_layout(block=b1, index_map=lambda v_nn, v_ff, v_yy, v_xx, v_rc, v_ry, v_rx: (v_ry, v_rx, v_nn * 49 + v_yy * 7 + v_xx, v_ff, v_rc,))
sch.pad_einsum(block=b1, padding=[1, 1, 16, 1, 1])
b6, b7 = sch.get_producers(block=b1)
b8, = sch.get_producers(block=b6)
b9, = sch.get_consumers(block=b1)
sch.compute_inline(block=b8)
sch.compute_inline(block=b9)
l10, l11, l12, l13, l14 = sch.get_loops(block=b1)
l15, l16 = sch.split(loop=l14, factors=[None, 16], preserve_unit_iters=True, disable_predication=False)
l17, l18 = sch.split(loop=l13, factors=[None, 16], preserve_unit_iters=True, disable_predication=False)
l19, l20 = sch.split(loop=l12, factors=[None, 16], preserve_unit_iters=True, disable_predication=False)
l21, l22, l23, l24, l25, l26, l27, l28 = sch.get_loops(block=b1)
sch.reorder(l25, l27, l20, l18, l16)
b29 = sch.blockize(target=l20, preserve_unit_iters=True)
sch.annotate(block_or_loop=b29, ann_key="meta_schedule.auto_tensorize", ann_val="wmma_sync_16x16x16_f16f16f16")
sch.annotate(block_or_loop=b29, ann_key="meta_schedule.auto_tensorize_init", ann_val="wmma_fill_16x16x16_f16")
sch.annotate(block_or_loop=b29, ann_key="warp_execution", ann_val=1)
l30, l31, l32, l33, l34 = sch.get_loops(block=b29)
v35, v36, v37, v38, v39 = sch.sample_perfect_tile(loop=l32, n=5, max_innermost_factor=4, decision=[1, 1, 2, 2, 1])
l40, l41, l42, l43, l44 = sch.split(loop=l32, factors=[v35, v36, v37, v38, v39], preserve_unit_iters=True, disable_predication=False)
v45, v46, v47, v48, v49 = sch.sample_perfect_tile(loop=l33, n=5, max_innermost_factor=4, decision=[1, 2, 8, 2, 1])
l50, l51, l52, l53, l54 = sch.split(loop=l33, factors=[v45, v46, v47, v48, v49], preserve_unit_iters=True, disable_predication=False)
v55, v56, v57 = sch.sample_perfect_tile(loop=l34, n=3, max_innermost_factor=4, decision=[16, 1, 1])
l58, l59, l60 = sch.split(loop=l34, factors=[v55, v56, v57], preserve_unit_iters=True, disable_predication=False)
sch.reorder(l40, l50, l41, l51, l42, l52, l58, l59, l43, l53, l60, l44, l54)
l61 = sch.fuse(l30, l31, l40, l50, preserve_unit_iters=True)
sch.bind(loop=l61, thread_axis="blockIdx.y")
l62 = sch.fuse(l41, l51, preserve_unit_iters=True)
sch.bind(loop=l62, thread_axis="blockIdx.x")
l63 = sch.fuse(l42, l52, preserve_unit_iters=True)
sch.bind(loop=l63, thread_axis="threadIdx.y")
sch.annotate(block_or_loop=b29, ann_key="meta_schedule.thread_extent_low_inclusive", ann_val=32)
sch.annotate(block_or_loop=b29, ann_key="meta_schedule.thread_extent_high_inclusive", ann_val=1024)
sch.transform_layout(block=b29, buffer=("write", 0), index_map=lambda i0, i1: (i0 // 16 // (v38 * v39), i1 // 16 // (v48 * v49), i0 // 16 % (v38 * v39), i1 // 16 % (v48 * v49), i0 % 16, i1 % 16,), pad_value=None, assume_injective_transform=True)
b64 = sch.cache_write(block=b29, write_buffer_index=0, storage_scope="shared.dyn")
sch.reverse_compute_at(block=b64, loop=l62, preserve_unit_loops=True, index=-1)
b65 = sch.cache_write(block=b29, write_buffer_index=0, storage_scope="wmma.accumulator")
l66, l67, l68, l69, l70, l71, l72, l73 = sch.get_loops(block=b64)
sch.reorder(l70, l68, l69, l71)
sch.compute_at(block=b65, loop=l70, preserve_unit_loops=True, index=-1)
l74, l75, l76, l77, l78, l79, l80, l81, l82 = sch.get_loops(block=b65)
l83 = sch.fuse(l77, l78, preserve_unit_iters=True)
sch.bind(loop=l83, thread_axis="threadIdx.y")
sch.reverse_compute_inline(block=b3)
l84, l85, l86, l87, l88, l89, l90, l91 = sch.get_loops(block=b65)
b92 = sch.blockize(target=l90, preserve_unit_iters=True)
sch.annotate(block_or_loop=b92, ann_key="meta_schedule.auto_tensorize", ann_val="wmma_store_16x16x16_f16_shared_dyn")
l93, l94, l95, l96, l97, l98, l99, l100 = sch.get_loops(block=b64)
l101 = sch.fuse(l96, l97, l98, l99, l100, preserve_unit_iters=True)
v102 = sch.sample_categorical(candidates=[1, 2, 4, 8], probs=[0.25, 0.25, 0.25, 0.25], decision=3)
sch.annotate(block_or_loop=b64, ann_key="meta_schedule.cooperative_fetch", ann_val=v102)
b103 = sch.cache_read(block=b29, read_buffer_index=0, storage_scope="shared.dyn", consumer_blocks=[b29])
sch.compute_at(block=b103, loop=l58, preserve_unit_loops=True, index=-1)
l104, l105, l106, l107, l108, l109 = sch.get_loops(block=b103)
l110 = sch.fuse(l108, l109, preserve_unit_iters=True)
v111 = sch.sample_categorical(candidates=[1, 2, 4, 8], probs=[0.25, 0.25, 0.25, 0.25], decision=1)
sch.annotate(block_or_loop=b103, ann_key="meta_schedule.cooperative_fetch", ann_val=v111)
b112 = sch.cache_read(block=b29, read_buffer_index=1, storage_scope="shared.dyn", consumer_blocks=[b29])
sch.compute_at(block=b112, loop=l58, preserve_unit_loops=True, index=-1)
l113, l114, l115, l116, l117, l118, l119, l120 = sch.get_loops(block=b112)
l121 = sch.fuse(l117, l118, l119, l120, preserve_unit_iters=True)
v122 = sch.sample_categorical(candidates=[1, 2, 4, 8], probs=[0.25, 0.25, 0.25, 0.25], decision=3)
sch.annotate(block_or_loop=b112, ann_key="meta_schedule.cooperative_fetch", ann_val=v122)
b123 = sch.cache_read(block=b29, read_buffer_index=0, storage_scope="wmma.matrix_a")
sch.compute_at(block=b123, loop=l59, preserve_unit_loops=True, index=-1)
l124, l125, l126, l127, l128, l129, l130 = sch.get_loops(block=b123)
l131, l132 = sch.split(loop=l130, factors=[None, 16], preserve_unit_iters=True, disable_predication=False)
l133, l134 = sch.split(loop=l129, factors=[None, 16], preserve_unit_iters=True, disable_predication=False)
l135, l136, l137, l138, l139, l140, l141, l142, l143 = sch.get_loops(block=b123)
sch.reorder(l142, l134, l132)
b144 = sch.blockize(target=l134, preserve_unit_iters=True)
sch.annotate(block_or_loop=b144, ann_key="meta_schedule.auto_tensorize", ann_val="wmma_load_16x16x16_f16_a_shared_dyn")
b145 = sch.cache_read(block=b29, read_buffer_index=1, storage_scope="wmma.matrix_b")
sch.compute_at(block=b145, loop=l59, preserve_unit_loops=True, index=-1)
l146, l147, l148, l149, l150, l151, l152, l153, l154 = sch.get_loops(block=b145)
l155, l156 = sch.split(loop=l154, factors=[None, 16], preserve_unit_iters=True, disable_predication=False)
l157, l158 = sch.split(loop=l153, factors=[None, 16], preserve_unit_iters=True, disable_predication=False)
l159, l160, l161, l162, l163, l164, l165, l166, l167, l168, l169 = sch.get_loops(block=b145)
sch.reorder(l168, l158, l156)
b170 = sch.blockize(target=l158, preserve_unit_iters=True)
sch.annotate(block_or_loop=b170, ann_key="meta_schedule.auto_tensorize", ann_val="wmma_load_16x16x16_f16_b_shared_dyn")
b171, = sch.get_producers(block=b103)
sch.compute_inline(block=b171)
sch.storage_align(block=b103, buffer_index=0, axis=-2, factor=32, offset=8)
b172, = sch.get_producers(block=b112)
sch.compute_inline(block=b172)
sch.storage_align(block=b112, buffer_index=0, axis=-2, factor=32, offset=8)
sch.compute_inline(block=b0)
v173 = sch.sample_categorical(candidates=[0, 16, 64, 512, 1024], probs=[0.20000000000000001, 0.20000000000000001, 0.20000000000000001, 0.20000000000000001, 0.20000000000000001], decision=3)
sch.annotate(block_or_loop=b2, ann_key="meta_schedule.unroll_explicit", ann_val=v173)
2025-10-11 01:46:58 [INFO] [evolutionary_search.cc:713] Generating candidates......
2025-10-11 01:46:58 [INFO] [evolutionary_search.cc:715] Picked top 0 candidate(s) from database
2025-10-11 01:47:03 [INFO] [evolutionary_search.cc:533] Sample-Init-Population summary:
Postproc #0 [meta_schedule.DisallowDynamicLoop(0x10355778)]: 0 failure(s)
Postproc #1 [meta_schedule.RewriteCooperativeFetch(0x1037dc28)]: 0 failure(s)
Postproc #2 [meta_schedule.RewriteUnboundBlock(0x1023d0f8)]: 0 failure(s)
Postproc #3 [meta_schedule.RewriteParallelVectorizeUnroll(0x10146428)]: 0 failure(s)
Postproc #4 [meta_schedule.RewriteReductionBlock(0xffcfb08)]: 0 failure(s)
Postproc #5 [meta_schedule.VerifyGPUCode(0x10241ed8)]: 324 failure(s)
Postproc #6 [meta_schedule.RewriteTensorize(0x1003a7e8)]: 0 failure(s)
2025-10-11 01:47:03 [INFO] [evolutionary_search.cc:723] Sampled 188 candidate(s)
2025-10-11 01:47:11 [INFO] [evolutionary_search.cc:621] Evolve iter #0 done. Summary:
Postproc #0 [meta_schedule.DisallowDynamicLoop(0x10355778)]: 0 failure(s)
Postproc #1 [meta_schedule.RewriteCooperativeFetch(0x1037dc28)]: 0 failure(s)
Postproc #2 [meta_schedule.RewriteUnboundBlock(0x1023d0f8)]: 0 failure(s)
Postproc #3 [meta_schedule.RewriteParallelVectorizeUnroll(0x10146428)]: 0 failure(s)
Postproc #4 [meta_schedule.RewriteReductionBlock(0xffcfb08)]: 0 failure(s)
Postproc #5 [meta_schedule.VerifyGPUCode(0x10241ed8)]: 105 failure(s)
Postproc #6 [meta_schedule.RewriteTensorize(0x1003a7e8)]: 0 failure(s)
2025-10-11 01:47:18 [INFO] [evolutionary_search.cc:621] Evolve iter #1 done. Summary:
Postproc #0 [meta_schedule.DisallowDynamicLoop(0x10355778)]: 0 failure(s)
Postproc #1 [meta_schedule.RewriteCooperativeFetch(0x1037dc28)]: 0 failure(s)
Postproc #2 [meta_schedule.RewriteUnboundBlock(0x1023d0f8)]: 0 failure(s)
Postproc #3 [meta_schedule.RewriteParallelVectorizeUnroll(0x10146428)]: 0 failure(s)
Postproc #4 [meta_schedule.RewriteReductionBlock(0xffcfb08)]: 0 failure(s)
Postproc #5 [meta_schedule.VerifyGPUCode(0x10241ed8)]: 93 failure(s)
Postproc #6 [meta_schedule.RewriteTensorize(0x1003a7e8)]: 0 failure(s)
2025-10-11 01:47:25 [INFO] [evolutionary_search.cc:621] Evolve iter #2 done. Summary:
Postproc #0 [meta_schedule.DisallowDynamicLoop(0x10355778)]: 0 failure(s)
Postproc #1 [meta_schedule.RewriteCooperativeFetch(0x1037dc28)]: 0 failure(s)
Postproc #2 [meta_schedule.RewriteUnboundBlock(0x1023d0f8)]: 0 failure(s)
Postproc #3 [meta_schedule.RewriteParallelVectorizeUnroll(0x10146428)]: 0 failure(s)
Postproc #4 [meta_schedule.RewriteReductionBlock(0xffcfb08)]: 0 failure(s)
Postproc #5 [meta_schedule.VerifyGPUCode(0x10241ed8)]: 91 failure(s)
Postproc #6 [meta_schedule.RewriteTensorize(0x1003a7e8)]: 0 failure(s)
2025-10-11 01:47:32 [INFO] [evolutionary_search.cc:621] Evolve iter #3 done. Summary:
Postproc #0 [meta_schedule.DisallowDynamicLoop(0x10355778)]: 0 failure(s)
Postproc #1 [meta_schedule.RewriteCooperativeFetch(0x1037dc28)]: 0 failure(s)
Postproc #2 [meta_schedule.RewriteUnboundBlock(0x1023d0f8)]: 0 failure(s)
Postproc #3 [meta_schedule.RewriteParallelVectorizeUnroll(0x10146428)]: 0 failure(s)
Postproc #4 [meta_schedule.RewriteReductionBlock(0xffcfb08)]: 0 failure(s)
Postproc #5 [meta_schedule.VerifyGPUCode(0x10241ed8)]: 104 failure(s)
Postproc #6 [meta_schedule.RewriteTensorize(0x1003a7e8)]: 0 failure(s)
2025-10-11 01:47:33 [INFO] [evolutionary_search.cc:649] Scores of the best 64 candidates:
[1 : 16]:	0.9985  0.9983  0.9977  0.9968  0.9968  0.9964  0.9962  0.9951  0.9949  0.9947  0.9946  0.9944  0.9938  0.9924  0.9914  0.9911
[17 : 32]:	0.9889  0.9888  0.9880  0.9878  0.9873  0.9867  0.9859  0.9857  0.9855  0.9855  0.9848  0.9844  0.9842  0.9828  0.9823  0.9809
[33 : 48]:	0.9800  0.9794  0.9792  0.9788  0.9786  0.9783  0.9780  0.9776  0.9770  0.9761  0.9761  0.9758  0.9751  0.9728  0.9722  0.9721
[49 : 64]:	0.9715  0.9710  0.9704  0.9698  0.9686  0.9684  0.9678  0.9676  0.9673  0.9672  0.9670  0.9669  0.9668  0.9652  0.9652  0.9650
2025-10-11 01:47:33 [INFO] [evolutionary_search.cc:727] Got 64 candidate(s) with evolutionary search
2025-10-11 01:47:33 [INFO] [evolutionary_search.cc:730] Sending 64 candidates(s) for measurement
2025-10-11 01:47:53 [INFO] [task_scheduler.cc:131] [Task #0: main] Trial #1: GFLOPs: 2019.6087. Time: 6.3602 us. Best GFLOPs: 2019.6087
2025-10-11 01:47:53 [INFO] [task_scheduler.cc:131] [Task #0: main] Trial #2: GFLOPs: 1596.7849. Time: 8.0443 us. Best GFLOPs: 2019.6087
2025-10-11 01:47:53 [INFO] [task_scheduler.cc:131] [Task #0: main] Trial #3: GFLOPs: 1492.3888. Time: 8.6070 us. Best GFLOPs: 2019.6087
2025-10-11 01:47:53 [INFO] [task_scheduler.cc:131] [Task #0: main] Trial #4: GFLOPs: 1350.9823. Time: 9.5079 us. Best GFLOPs: 2019.6087
2025-10-11 01:47:53 [INFO] [task_scheduler.cc:131] [Task #0: main] Trial #5: GFLOPs: 1029.8579. Time: 12.4726 us. Best GFLOPs: 2019.6087
2025-10-11 01:47:53 [INFO] [task_scheduler.cc:131] [Task #0: main] Trial #6: GFLOPs: 1717.5331. Time: 7.4788 us. Best GFLOPs: 2019.6087
2025-10-11 01:47:53 [INFO] [task_scheduler.cc:131] [Task #0: main] Trial #7: GFLOPs: 1817.8712. Time: 7.0660 us. Best GFLOPs: 2019.6087
2025-10-11 01:47:53 [INFO] [task_scheduler.cc:131] [Task #0: main] Trial #8: GFLOPs: 2523.2627. Time: 5.0907 us. Best GFLOPs: 2523.2627
2025-10-11 01:47:53 [INFO] [task_scheduler.cc:131] [Task #0: main] Trial #9: GFLOPs: 809.9816. Time: 15.8585 us. Best GFLOPs: 2523.2627
2025-10-11 01:47:53 [INFO] [task_scheduler.cc:131] [Task #0: main] Trial #10: GFLOPs: 395.1221. Time: 32.5091 us. Best GFLOPs: 2523.2627
2025-10-11 01:47:53 [INFO] [task_scheduler.cc:121] [Task #0: main] Trial #11: Error in building:
LocalBuilder: An exception occurred
Traceback (most recent call last):
  File "/workspace/tvm-dev/python/tvm/exec/popen_worker.py", line 87, in main
    result = fn(*args, **kwargs)
             ^^^^^^^^^^^^^^^^^^^
  File "/workspace/tvm-dev/python/tvm/meta_schedule/builder/local_builder.py", line 165, in <lambda>
    lambda x: _worker_func(*x),
              ^^^^^^^^^^^^^^^^
  File "/workspace/tvm-dev/python/tvm/meta_schedule/builder/local_builder.py", line 231, in _worker_func
    rt_mod: Module = f_build(mod, target, _deserialize_params(params))
                     ^^^^^^^^^^^^^^^^^^^^^^^^^^^^^^^^^^^^^^^^^^^^^^^^^
  File "/workspace/tvm-dev/python/tvm/_ffi/_ctypes/packed_func.py", line 245, in __call__
    raise_last_ffi_error()
  File "/workspace/tvm-dev/python/tvm/_ffi/base.py", line 481, in raise_last_ffi_error
    raise py_err
  File "/workspace/tvm-dev/python/tvm/meta_schedule/builder/local_builder.py", line 261, in default_build
    return tvm_build(mod, target=target)
           ^^^^^^^^^^^^^^^^^^^^^^^^^^^^^
  File "/workspace/tvm-dev/python/tvm/driver/build_module.py", line 297, in build
    rt_mod_host = _driver_ffi.tir_to_runtime(annotated_mods, target_host)
                  ^^^^^^^^^^^^^^^^^^^^^^^^^^^^^^^^^^^^^^^^^^^^^^^^^^^^^^^
  File "/workspace/tvm-dev/python/tvm/_ffi/_ctypes/packed_func.py", line 245, in __call__
    raise_last_ffi_error()
  File "/workspace/tvm-dev/python/tvm/_ffi/base.py", line 481, in raise_last_ffi_error
    raise py_err
ValueError: Traceback (most recent call last):
  16: tvm::runtime::PackedFuncObj::Extractor<tvm::runtime::PackedFuncSubObj<tvm::runtime::TypedPackedFunc<tvm::runtime::Module (tvm::runtime::Map<tvm::Target, tvm::IRModule, void, void> const&, tvm::Target)>::AssignTypedLambda<tvm::__mk_TVM24::{lambda(tvm::runtime::Map<tvm::Target, tvm::IRModule, void, void> const&, tvm::Target)#1}>(tvm::__mk_TVM24::{lambda(tvm::runtime::Map<tvm::Target, tvm::IRModule, void, void> const&, tvm::Target)#1}, std::__cxx11::basic_string<char, std::char_traits<char>, std::allocator<char> >)::{lambda(tvm::runtime::TVMArgs const&, tvm::runtime::TVMRetValue*)#1}> >::Call(tvm::runtime::PackedFuncObj const*, std::__cxx11::basic_string<char, std::char_traits<char>, std::allocator<char> >, tvm::runtime::TVMRetValue)
  15: tvm::TIRToRuntime(tvm::runtime::Map<tvm::Target, tvm::IRModule, void, void> const&, tvm::Target const&)
  14: tvm::codegen::Build(tvm::IRModule, tvm::Target)
  13: _ZN3tvm7runtime13PackedFuncObj
  12: tvm::runtime::TypedPackedFunc<tvm::runtime::Module (tvm::IRModule, tvm::Target)>::AssignTypedLambda<tvm::runtime::Module (*)(tvm::IRModule, tvm::Target)>(tvm::runtime::Module (*)(tvm::IRModule, tvm::Target), std::__cxx11::basic_string<char, std::char_traits<char>, std::allocator<char> >)::{lambda(tvm::runtime::TVMArgs const&, tvm::runtime::TVMRetValue*)#1}::operator()(tvm::runtime::TVMArgs const&, tvm::runtime::TVMRetValue*) const
  11: tvm::codegen::BuildCUDA(tvm::IRModule, tvm::Target)
  10: tvm::codegen::CodeGenC::AddFunction(tvm::GlobalVar const&, tvm::tir::PrimFunc const&)
  9: tvm::codegen::CodeGenCUDA::VisitStmt_(tvm::tir::AllocateNode const*)
  8: tvm::codegen::CodeGenCUDA::VisitStmt_(tvm::tir::AllocateNode const*)
  7: tvm::codegen::CodeGenCUDA::VisitStmt_(tvm::tir::AllocateNode const*)
  6: tvm::codegen::CodeGenCUDA::VisitStmt_(tvm::tir::AllocateNode const*)
  5: tvm::codegen::CodeGenC::VisitStmt_(tvm::tir::SeqStmtNode const*)
  4: tvm::codegen::CodeGenC::VisitStmt_(tvm::tir::ForNode const*)
  3: tvm::codegen::CodeGenC::VisitStmt_(tvm::tir::IfThenElseNode const*)
  2: tvm::codegen::CodeGenC::VisitStmt_(tvm::tir::BufferStoreNode const*)
  1: tvm::codegen::CodeGenC::PrintExpr[abi:cxx11](tvm::PrimExpr const&)
  0: tvm::codegen::CodeGenCUDA::VisitExpr_(tvm::tir::RampNode const*, std::ostream&)
  File "/workspace/tvm-dev/src/target/source/codegen_cuda.cc", line 1204
ValueError: Check failed: lanes <= 4 (8 vs. 4) : Ramp of more than 4 lanes is not allowed.

# from tvm.script import ir as I
# from tvm.script import tir as T

@I.ir_module
class Module:
    @T.prim_func
    def main(A: T.Buffer((1, 256, 14, 14), "float16"), W: T.Buffer((512, 256, 1, 1), "float16"), conv2d_nchw: T.Buffer((1, 512, 7, 7), "float16")):
        T.func_attr({"tir.noalias": T.bool(True)})
        # with T.block("root"):
        conv2d_nchw_reindex_pad_shared_dyn = T.alloc_buffer((4, 16, 1, 2, 16, 16), "float16", scope="shared.dyn")
        conv2d_nchw_reindex_pad_shared_dyn_wmma_accumulator = T.alloc_buffer((4, 16, 1, 2, 16, 16), "float16", scope="wmma.accumulator")
        pad_temp_reindex_pad_shared_dyn = T.alloc_buffer((64, 256), "float16", scope="shared.dyn")
        W_reindex_shared_dyn = T.alloc_buffer((1, 1, 512, 256), "float16", scope="shared.dyn")
        pad_temp_reindex_pad_shared_dyn_wmma_matrix_a = T.alloc_buffer((64, 256), "float16", scope="wmma.matrix_a")
        W_reindex_shared_dyn_wmma_matrix_b = T.alloc_buffer((1, 1, 512, 256), "float16", scope="wmma.matrix_b")
        for ax0_ax1_ax2_0_0_ax3_0_0_fused in T.thread_binding(2, thread="blockIdx.y"):
            for ax2_0_1_ax3_0_1_fused in T.thread_binding(1, thread="blockIdx.x"):
                for ax2_0_2_ax3_0_2_fused in T.thread_binding(32, thread="threadIdx.y"):
                    for ax2_0_3_init, ax3_0_3_init, ax2_0_4_init, ax3_0_4_init in T.grid(1, 2, 1, 1):
                        with T.block("conv2d_nchw_o_init"):
                            v0_o = T.axis.spatial(1, 0)
                            v1_o = T.axis.spatial(1, 0)
                            v2_o = T.axis.spatial(4, ax2_0_2_ax3_0_2_fused // 8 + ax2_0_3_init + ax2_0_4_init)
                            v3_o = T.axis.spatial(32, ax0_ax1_ax2_0_0_ax3_0_0_fused * 16 + ax2_0_2_ax3_0_2_fused % 8 * 2 + ax3_0_3_init + ax3_0_4_init)
                            T.reads()
                            T.writes(conv2d_nchw_reindex_pad_shared_dyn_wmma_accumulator[v2_o, v3_o // 2, 0, v3_o % 2, 0:16, 0:16])
                            T.block_attr({"meta_schedule.thread_extent_high_inclusive": 1024, "meta_schedule.thread_extent_low_inclusive": 32, "warp_execution": 1})
                            C = T.match_buffer(conv2d_nchw_reindex_pad_shared_dyn_wmma_accumulator[v2_o, v3_o // 2, 0, v3_o % 2, 0:16, 0:16], (16, 16), "float16", strides=("C_s0", "C_s1"), scope="wmma.accumulator", offset_factor=16)
                            T.tvm_fill_fragment(C.data, 16, 16, 16, C.elem_offset // C.strides[0] // 16 * (C.strides[0] // 16) + C.elem_offset % C.strides[0] // 16, T.float32(0.0))
                    for ax4_0_0 in range(16):
                        for ax0_ax1_fused_0 in range(1):
                            for ax0_ax1_fused_1 in T.thread_binding(32, thread="threadIdx.y"):
                                for ax0_ax1_fused_2 in T.thread_binding(32, thread="threadIdx.x"):
                                    for ax0_ax1_fused_3 in T.vectorized(2):
                                        with T.block("pad_temp_reindex_pad_shared.dyn"):
                                            v0 = T.axis.spatial(64, (ax0_ax1_fused_0 * 2048 + ax0_ax1_fused_1 * 64 + ax0_ax1_fused_2 * 2 + ax0_ax1_fused_3) // 16)
                                            v1 = T.axis.spatial(256, ax4_0_0 * 16 + (ax0_ax1_fused_0 * 2048 + ax0_ax1_fused_1 * 64 + ax0_ax1_fused_2 * 2 + ax0_ax1_fused_3) % 16)
                                            T.where(((ax0_ax1_fused_0 * 32 + ax0_ax1_fused_1) * 32 + ax0_ax1_fused_2) * 2 + ax0_ax1_fused_3 < 1024)
                                            T.reads(A[0, v1, v0 // 7 * 2, v0 % 7 * 2])
                                            T.writes(pad_temp_reindex_pad_shared_dyn[v0, v1])
                                            T.block_attr({"buffer_dim_align": [[0, 0, 32, 8]]})
                                            pad_temp_reindex_pad_shared_dyn[v0, v1] = T.if_then_else(v0 < 49, A[0, v1, v0 // 7 * 2, v0 % 7 * 2], T.float16(0.0))
                        for ax0_ax1_ax2_ax3_fused_0 in range(4):
                            for ax0_ax1_ax2_ax3_fused_1 in T.thread_binding(32, thread="threadIdx.y"):
                                for ax0_ax1_ax2_ax3_fused_2 in T.thread_binding(32, thread="threadIdx.x"):
                                    with T.block("W_reindex_shared.dyn"):
                                        v0 = T.axis.spatial(1, 0)
                                        v1 = T.axis.spatial(1, 0)
                                        v2 = T.axis.spatial(512, ax0_ax1_ax2_0_0_ax3_0_0_fused * 256 + (ax0_ax1_ax2_ax3_fused_0 * 1024 + ax0_ax1_ax2_ax3_fused_1 * 32 + ax0_ax1_ax2_ax3_fused_2) // 16)
                                        v3 = T.axis.spatial(256, ax4_0_0 * 16 + (ax0_ax1_ax2_ax3_fused_0 * 1024 + ax0_ax1_ax2_ax3_fused_1 * 32 + ax0_ax1_ax2_ax3_fused_2) % 16)
                                        T.reads(W[v2, v3, v0, v1])
                                        T.writes(W_reindex_shared_dyn[v0, v1, v2, v3])
                                        T.block_attr({"buffer_dim_align": [[0, 2, 32, 8]]})
                                        W_reindex_shared_dyn[v0, v1, v2, v3] = W[v2, v3, v0, v1]
                        for ax4_0_1 in range(1):
                            for ax0_0, ax1_0 in T.grid(1, 1):
                                with T.block("pad_temp_reindex_pad_shared.dyn_wmma.matrix_a_o"):
                                    v0_o = T.axis.spatial(4, ax2_0_2_ax3_0_2_fused // 8 + ax0_0)
                                    v1_o = T.axis.spatial(16, ax4_0_0 + ax1_0)
                                    T.reads(pad_temp_reindex_pad_shared_dyn[v0_o * 16:v0_o * 16 + 16, v1_o * 16:v1_o * 16 + 16])
                                    T.writes(pad_temp_reindex_pad_shared_dyn_wmma_matrix_a[v0_o * 16:v0_o * 16 + 16, v1_o * 16:v1_o * 16 + 16])
                                    A_1 = T.match_buffer(pad_temp_reindex_pad_shared_dyn[v0_o * 16:v0_o * 16 + 16, v1_o * 16:v1_o * 16 + 16], (16, 16), "float16", strides=("A_s0", "A_s1"), scope="shared.dyn", offset_factor=16)
                                    C = T.match_buffer(pad_temp_reindex_pad_shared_dyn_wmma_matrix_a[v0_o * 16:v0_o * 16 + 16, v1_o * 16:v1_o * 16 + 16], (16, 16), "float16", strides=("C_s0", "C_s1"), scope="wmma.matrix_a", offset_factor=16)
                                    T.tvm_load_matrix_sync(C.data, 16, 16, 16, C.elem_offset // C.strides[0] // 16 * (C.strides[0] // 16) + C.elem_offset % C.strides[0] // 16, T.tvm_access_ptr(T.type_annotation("float16"), A_1.data, A_1.elem_offset, A_1.strides[0] * 16, 1), A_1.strides[0], "row_major")
                            for ax0, ax1, ax2_0, ax3_0 in T.grid(1, 1, 2, 1):
                                with T.block("W_reindex_shared.dyn_wmma.matrix_b_o"):
                                    v0_o, v1_o = T.axis.remap("SS", [ax0, ax1])
                                    v2_o = T.axis.spatial(32, ax0_ax1_ax2_0_0_ax3_0_0_fused * 16 + ax2_0_2_ax3_0_2_fused % 8 * 2 + ax2_0)
                                    v3_o = T.axis.spatial(16, ax4_0_0 + ax3_0)
                                    T.reads(W_reindex_shared_dyn[v0_o, v1_o, v2_o * 16:v2_o * 16 + 16, v3_o * 16:v3_o * 16 + 16])
                                    T.writes(W_reindex_shared_dyn_wmma_matrix_b[v0_o, v1_o, v2_o * 16:v2_o * 16 + 16, v3_o * 16:v3_o * 16 + 16])
                                    A_1 = T.match_buffer(W_reindex_shared_dyn[v0_o, v1_o, v2_o * 16:v2_o * 16 + 16, v3_o * 16:v3_o * 16 + 16], (16, 16), "float16", strides=("A_s0", "A_s1"), scope="shared.dyn", offset_factor=16)
                                    C = T.match_buffer(W_reindex_shared_dyn_wmma_matrix_b[v0_o, v1_o, v2_o * 16:v2_o * 16 + 16, v3_o * 16:v3_o * 16 + 16], (16, 16), "float16", strides=("C_s0", "C_s1"), scope="wmma.matrix_b", offset_factor=16)
                                    T.tvm_load_matrix_sync(C.data, 16, 16, 16, C.elem_offset // C.strides[0] // 16 * (C.strides[0] // 16) + C.elem_offset % C.strides[0] // 16, T.tvm_access_ptr(T.type_annotation("float16"), A_1.data, A_1.elem_offset, A_1.strides[0] * 16, 1), A_1.strides[0], "col_major")
                            for ax2_0_3, ax3_0_3, ax4_0_2, ax2_0_4, ax3_0_4 in T.grid(1, 2, 1, 1, 1):
                                with T.block("conv2d_nchw_o_update"):
                                    v0_o = T.axis.spatial(1, 0)
                                    v1_o = T.axis.spatial(1, 0)
                                    v2_o = T.axis.spatial(4, ax2_0_2_ax3_0_2_fused // 8 + ax2_0_3 + ax2_0_4)
                                    v3_o = T.axis.spatial(32, ax0_ax1_ax2_0_0_ax3_0_0_fused * 16 + ax2_0_2_ax3_0_2_fused % 8 * 2 + ax3_0_3 + ax3_0_4)
                                    v4_o = T.axis.reduce(16, ax4_0_0 + ax4_0_1 + ax4_0_2)
                                    T.reads(conv2d_nchw_reindex_pad_shared_dyn_wmma_accumulator[v2_o, v3_o // 2, 0, v3_o % 2, 0:16, 0:16], pad_temp_reindex_pad_shared_dyn_wmma_matrix_a[v2_o * 16:v2_o * 16 + 16, v4_o * 16:v4_o * 16 + 16], W_reindex_shared_dyn_wmma_matrix_b[v0_o, v1_o, v3_o * 16:v3_o * 16 + 16, v4_o * 16:v4_o * 16 + 16])
                                    T.writes(conv2d_nchw_reindex_pad_shared_dyn_wmma_accumulator[v2_o, v3_o // 2, 0, v3_o % 2, 0:16, 0:16])
                                    T.block_attr({"meta_schedule.thread_extent_high_inclusive": 1024, "meta_schedule.thread_extent_low_inclusive": 32, "warp_execution": 1})
                                    A_1 = T.match_buffer(pad_temp_reindex_pad_shared_dyn_wmma_matrix_a[v2_o * 16:v2_o * 16 + 16, v4_o * 16:v4_o * 16 + 16], (16, 16), "float16", strides=("A_s0", "A_s1"), scope="wmma.matrix_a", offset_factor=16)
                                    B = T.match_buffer(W_reindex_shared_dyn_wmma_matrix_b[v0_o, v1_o, v3_o * 16:v3_o * 16 + 16, v4_o * 16:v4_o * 16 + 16], (16, 16), "float16", strides=("B_s0", "B_s1"), scope="wmma.matrix_b", offset_factor=16)
                                    C = T.match_buffer(conv2d_nchw_reindex_pad_shared_dyn_wmma_accumulator[v2_o, v3_o // 2, 0, v3_o % 2, 0:16, 0:16], (16, 16), "float16", strides=("C_s0", "C_s1"), scope="wmma.accumulator", offset_factor=16)
                                    T.tvm_mma_sync(C.data, C.elem_offset // C.strides[0] // 16 * (C.strides[0] // 16) + C.elem_offset % C.strides[0] // 16, A_1.data, A_1.elem_offset // A_1.strides[0] // 16 * (A_1.strides[0] // 16) + A_1.elem_offset % A_1.strides[0] // 16, B.data, B.elem_offset // B.strides[0] // 16 * (B.strides[0] // 16) + B.elem_offset % B.strides[0] // 16, C.data, C.elem_offset // C.strides[0] // 16 * (C.strides[0] // 16) + C.elem_offset % C.strides[0] // 16)
                for ax2 in range(1):
                    for ax0_ax1_fused in T.thread_binding(32, thread="threadIdx.y"):
                        for ax2_1, ax3 in T.grid(1, 2):
                            with T.block("conv2d_nchw_reindex_pad_shared.dyn_wmma.accumulator_o"):
                                v0_o = T.axis.spatial(4, ax0_ax1_fused // 8)
                                v1_o = T.axis.spatial(16, ax0_ax1_ax2_0_0_ax3_0_0_fused * 8 + ax0_ax1_fused % 8)
                                v2_o, v3_o = T.axis.remap("SS", [ax2_1, ax3])
                                v4_o = T.axis.spatial(1, 0)
                                v5_o = T.axis.spatial(1, 0)
                                T.reads(conv2d_nchw_reindex_pad_shared_dyn_wmma_accumulator[v0_o, v1_o, v2_o, v3_o, 0:16, 0:16])
                                T.writes(conv2d_nchw_reindex_pad_shared_dyn[v0_o, v1_o, v2_o, v3_o, 0:16, 0:16])
                                A_1 = T.match_buffer(conv2d_nchw_reindex_pad_shared_dyn_wmma_accumulator[v0_o, v1_o, v2_o, v3_o, 0:16, 0:16], (16, 16), "float16", strides=("A_s0", "A_s1"), scope="wmma.accumulator", offset_factor=16)
                                C = T.match_buffer(conv2d_nchw_reindex_pad_shared_dyn[v0_o, v1_o, v2_o, v3_o, 0:16, 0:16], (16, 16), "float16", strides=("C_s0", "C_s1"), scope="shared.dyn", offset_factor=16)
                                T.tvm_store_matrix_sync(A_1.data, 16, 16, 16, A_1.elem_offset // A_1.strides[0] // 16 * (A_1.strides[0] // 16) + A_1.elem_offset % A_1.strides[0] // 16, T.tvm_access_ptr(T.type_annotation("float16"), C.data, C.elem_offset, C.strides[0] * 16, 2), C.strides[0], "row_major")
                    for ax0_ax1_ax3_ax4_ax5_fused_0 in range(2):
                        for ax0_ax1_ax3_ax4_ax5_fused_1 in T.thread_binding(32, thread="threadIdx.y"):
                            for ax0_ax1_ax3_ax4_ax5_fused_2 in T.thread_binding(32, thread="threadIdx.x"):
                                for ax0_ax1_ax3_ax4_ax5_fused_3 in T.vectorized(8):
                                    with T.block("conv2d_nchw_reindex_pad_shared.dyn"):
                                        v0 = T.axis.spatial(4, (ax0_ax1_ax3_ax4_ax5_fused_0 * 8192 + ax0_ax1_ax3_ax4_ax5_fused_1 * 256 + ax0_ax1_ax3_ax4_ax5_fused_2 * 8 + ax0_ax1_ax3_ax4_ax5_fused_3) // 4096)
                                        v1 = T.axis.spatial(16, ax0_ax1_ax2_0_0_ax3_0_0_fused * 8 + (ax0_ax1_ax3_ax4_ax5_fused_0 * 8192 + ax0_ax1_ax3_ax4_ax5_fused_1 * 256 + ax0_ax1_ax3_ax4_ax5_fused_2 * 8 + ax0_ax1_ax3_ax4_ax5_fused_3) % 4096 // 512)
                                        v2 = T.axis.spatial(1, ax2)
                                        v3 = T.axis.spatial(2, (ax0_ax1_ax3_ax4_ax5_fused_0 * 8192 + ax0_ax1_ax3_ax4_ax5_fused_1 * 256 + ax0_ax1_ax3_ax4_ax5_fused_2 * 8 + ax0_ax1_ax3_ax4_ax5_fused_3) % 512 // 256)
                                        v4 = T.axis.spatial(16, (ax0_ax1_ax3_ax4_ax5_fused_0 * 8192 + ax0_ax1_ax3_ax4_ax5_fused_1 * 256 + ax0_ax1_ax3_ax4_ax5_fused_2 * 8 + ax0_ax1_ax3_ax4_ax5_fused_3) % 256 // 16)
                                        v5 = T.axis.spatial(16, (ax0_ax1_ax3_ax4_ax5_fused_0 * 8192 + ax0_ax1_ax3_ax4_ax5_fused_1 * 256 + ax0_ax1_ax3_ax4_ax5_fused_2 * 8 + ax0_ax1_ax3_ax4_ax5_fused_3) % 16)
                                        T.where((((ax0_ax1_ax3_ax4_ax5_fused_0 * 32 + ax0_ax1_ax3_ax4_ax5_fused_1) * 32 + ax0_ax1_ax3_ax4_ax5_fused_2) * 8 + ax0_ax1_ax3_ax4_ax5_fused_3) // 4096 * 16 + (((ax0_ax1_ax3_ax4_ax5_fused_0 * 32 + ax0_ax1_ax3_ax4_ax5_fused_1) * 32 + ax0_ax1_ax3_ax4_ax5_fused_2) * 8 + ax0_ax1_ax3_ax4_ax5_fused_3) % 256 // 16 < 49)
                                        T.reads(conv2d_nchw_reindex_pad_shared_dyn[v0, v1, v2, v3, v4, v5])
                                        T.writes(conv2d_nchw[0, v5 + v3 * 16 + v1 * 32, (v4 + v0 * 16) // 7, (v4 + v0 * 16) % 7])
                                        conv2d_nchw[0, v5 + v3 * 16 + v1 * 32, (v4 + v0 * 16) // 7, (v4 + v0 * 16) % 7] = conv2d_nchw_reindex_pad_shared_dyn[v0, v1, v2, v3, v4, v5]
b0 = sch.get_block(name="pad_temp", func_name="main")
b1 = sch.get_block(name="conv2d_nchw", func_name="main")
b2 = sch.get_block(name="root", func_name="main")
sch.annotate(block_or_loop=b1, ann_key="meta_schedule.tiling_structure", ann_val="SSSRRSRS")
b3 = sch.reindex(block=b1, buffer=("write", 0))
b4 = sch.reindex(block=b1, buffer=("read", 0))
b5 = sch.reindex(block=b1, buffer=("read", 1))
sch.transform_layout(block=b1, buffer=("read", 0), index_map=lambda v_nn, v_yy, v_xx, v_rc: (v_nn * 49 + v_yy * 7 + v_xx, v_rc,), pad_value=None, assume_injective_transform=True)
sch.transform_layout(block=b1, buffer=("read", 1), index_map=lambda v_ff, v_rc, v_ry, v_rx: (v_ry, v_rx, v_ff, v_rc,), pad_value=None, assume_injective_transform=True)
sch.transform_layout(block=b1, buffer=("write", 0), index_map=lambda v_nn, v_ff, v_yy, v_xx: (v_nn * 49 + v_yy * 7 + v_xx, v_ff,), pad_value=None, assume_injective_transform=True)
sch.transform_block_layout(block=b3, index_map=lambda v_nn, v_ff, v_yy, v_xx: (v_nn * 49 + v_yy * 7 + v_xx, v_ff,))
sch.transform_block_layout(block=b4, index_map=lambda v_nn, v_yy, v_xx, v_rc: (v_nn * 49 + v_yy * 7 + v_xx, v_rc,))
sch.transform_block_layout(block=b5, index_map=lambda v_ff, v_rc, v_ry, v_rx: (v_ry, v_rx, v_ff, v_rc,))
sch.transform_block_layout(block=b1, index_map=lambda v_nn, v_ff, v_yy, v_xx, v_rc, v_ry, v_rx: (v_ry, v_rx, v_nn * 49 + v_yy * 7 + v_xx, v_ff, v_rc,))
sch.pad_einsum(block=b1, padding=[1, 1, 16, 1, 1])
b6, b7 = sch.get_producers(block=b1)
b8, = sch.get_producers(block=b6)
b9, = sch.get_consumers(block=b1)
sch.compute_inline(block=b8)
sch.compute_inline(block=b9)
l10, l11, l12, l13, l14 = sch.get_loops(block=b1)
l15, l16 = sch.split(loop=l14, factors=[None, 16], preserve_unit_iters=True, disable_predication=False)
l17, l18 = sch.split(loop=l13, factors=[None, 16], preserve_unit_iters=True, disable_predication=False)
l19, l20 = sch.split(loop=l12, factors=[None, 16], preserve_unit_iters=True, disable_predication=False)
l21, l22, l23, l24, l25, l26, l27, l28 = sch.get_loops(block=b1)
sch.reorder(l25, l27, l20, l18, l16)
b29 = sch.blockize(target=l20, preserve_unit_iters=True)
sch.annotate(block_or_loop=b29, ann_key="meta_schedule.auto_tensorize", ann_val="wmma_sync_16x16x16_f16f16f16_trans")
sch.annotate(block_or_loop=b29, ann_key="meta_schedule.auto_tensorize_init", ann_val="wmma_fill_16x16x16_f16")
sch.annotate(block_or_loop=b29, ann_key="warp_execution", ann_val=1)
l30, l31, l32, l33, l34 = sch.get_loops(block=b29)
v35, v36, v37, v38, v39 = sch.sample_perfect_tile(loop=l32, n=5, max_innermost_factor=4, decision=[1, 1, 4, 1, 1])
l40, l41, l42, l43, l44 = sch.split(loop=l32, factors=[v35, v36, v37, v38, v39], preserve_unit_iters=True, disable_predication=False)
v45, v46, v47, v48, v49 = sch.sample_perfect_tile(loop=l33, n=5, max_innermost_factor=4, decision=[2, 1, 8, 2, 1])
l50, l51, l52, l53, l54 = sch.split(loop=l33, factors=[v45, v46, v47, v48, v49], preserve_unit_iters=True, disable_predication=False)
v55, v56, v57 = sch.sample_perfect_tile(loop=l34, n=3, max_innermost_factor=4, decision=[16, 1, 1])
l58, l59, l60 = sch.split(loop=l34, factors=[v55, v56, v57], preserve_unit_iters=True, disable_predication=False)
sch.reorder(l40, l50, l41, l51, l42, l52, l58, l59, l43, l53, l60, l44, l54)
l61 = sch.fuse(l30, l31, l40, l50, preserve_unit_iters=True)
sch.bind(loop=l61, thread_axis="blockIdx.y")
l62 = sch.fuse(l41, l51, preserve_unit_iters=True)
sch.bind(loop=l62, thread_axis="blockIdx.x")
l63 = sch.fuse(l42, l52, preserve_unit_iters=True)
sch.bind(loop=l63, thread_axis="threadIdx.y")
sch.annotate(block_or_loop=b29, ann_key="meta_schedule.thread_extent_low_inclusive", ann_val=32)
sch.annotate(block_or_loop=b29, ann_key="meta_schedule.thread_extent_high_inclusive", ann_val=1024)
sch.transform_layout(block=b29, buffer=("write", 0), index_map=lambda i0, i1: (i0 // 16 // (v38 * v39), i1 // 16 // (v48 * v49), i0 // 16 % (v38 * v39), i1 // 16 % (v48 * v49), i0 % 16, i1 % 16,), pad_value=None, assume_injective_transform=True)
b64 = sch.cache_write(block=b29, write_buffer_index=0, storage_scope="shared.dyn")
sch.reverse_compute_at(block=b64, loop=l62, preserve_unit_loops=True, index=-1)
b65 = sch.cache_write(block=b29, write_buffer_index=0, storage_scope="wmma.accumulator")
l66, l67, l68, l69, l70, l71, l72, l73 = sch.get_loops(block=b64)
sch.reorder(l70, l68, l69, l71)
sch.compute_at(block=b65, loop=l70, preserve_unit_loops=True, index=-1)
l74, l75, l76, l77, l78, l79, l80, l81, l82 = sch.get_loops(block=b65)
l83 = sch.fuse(l77, l78, preserve_unit_iters=True)
sch.bind(loop=l83, thread_axis="threadIdx.y")
sch.reverse_compute_inline(block=b3)
l84, l85, l86, l87, l88, l89, l90, l91 = sch.get_loops(block=b65)
b92 = sch.blockize(target=l90, preserve_unit_iters=True)
sch.annotate(block_or_loop=b92, ann_key="meta_schedule.auto_tensorize", ann_val="wmma_store_16x16x16_f16_shared_dyn")
l93, l94, l95, l96, l97, l98, l99, l100 = sch.get_loops(block=b64)
l101 = sch.fuse(l96, l97, l98, l99, l100, preserve_unit_iters=True)
v102 = sch.sample_categorical(candidates=[1, 2, 4, 8], probs=[0.25, 0.25, 0.25, 0.25], decision=3)
sch.annotate(block_or_loop=b64, ann_key="meta_schedule.cooperative_fetch", ann_val=v102)
b103 = sch.cache_read(block=b29, read_buffer_index=0, storage_scope="shared.dyn", consumer_blocks=[b29])
sch.compute_at(block=b103, loop=l58, preserve_unit_loops=True, index=-1)
l104, l105, l106, l107, l108, l109 = sch.get_loops(block=b103)
l110 = sch.fuse(l108, l109, preserve_unit_iters=True)
v111 = sch.sample_categorical(candidates=[1, 2, 4, 8], probs=[0.25, 0.25, 0.25, 0.25], decision=1)
sch.annotate(block_or_loop=b103, ann_key="meta_schedule.cooperative_fetch", ann_val=v111)
b112 = sch.cache_read(block=b29, read_buffer_index=1, storage_scope="shared.dyn", consumer_blocks=[b29])
sch.compute_at(block=b112, loop=l58, preserve_unit_loops=True, index=-1)
l113, l114, l115, l116, l117, l118, l119, l120 = sch.get_loops(block=b112)
l121 = sch.fuse(l117, l118, l119, l120, preserve_unit_iters=True)
v122 = sch.sample_categorical(candidates=[1, 2, 4, 8], probs=[0.25, 0.25, 0.25, 0.25], decision=0)
sch.annotate(block_or_loop=b112, ann_key="meta_schedule.cooperative_fetch", ann_val=v122)
b123 = sch.cache_read(block=b29, read_buffer_index=0, storage_scope="wmma.matrix_a")
sch.compute_at(block=b123, loop=l59, preserve_unit_loops=True, index=-1)
l124, l125, l126, l127, l128, l129, l130 = sch.get_loops(block=b123)
l131, l132 = sch.split(loop=l130, factors=[None, 16], preserve_unit_iters=True, disable_predication=False)
l133, l134 = sch.split(loop=l129, factors=[None, 16], preserve_unit_iters=True, disable_predication=False)
l135, l136, l137, l138, l139, l140, l141, l142, l143 = sch.get_loops(block=b123)
sch.reorder(l142, l134, l132)
b144 = sch.blockize(target=l134, preserve_unit_iters=True)
sch.annotate(block_or_loop=b144, ann_key="meta_schedule.auto_tensorize", ann_val="wmma_load_16x16x16_f16_a_shared_dyn")
b145 = sch.cache_read(block=b29, read_buffer_index=1, storage_scope="wmma.matrix_b")
sch.compute_at(block=b145, loop=l59, preserve_unit_loops=True, index=-1)
l146, l147, l148, l149, l150, l151, l152, l153, l154 = sch.get_loops(block=b145)
l155, l156 = sch.split(loop=l154, factors=[None, 16], preserve_unit_iters=True, disable_predication=False)
l157, l158 = sch.split(loop=l153, factors=[None, 16], preserve_unit_iters=True, disable_predication=False)
l159, l160, l161, l162, l163, l164, l165, l166, l167, l168, l169 = sch.get_loops(block=b145)
sch.reorder(l168, l158, l156)
b170 = sch.blockize(target=l158, preserve_unit_iters=True)
sch.annotate(block_or_loop=b170, ann_key="meta_schedule.auto_tensorize", ann_val="wmma_load_16x16x16_f16_b_trans_shared_dyn")
b171, = sch.get_producers(block=b103)
sch.compute_inline(block=b171)
sch.storage_align(block=b103, buffer_index=0, axis=-2, factor=32, offset=8)
b172, = sch.get_producers(block=b112)
sch.compute_inline(block=b172)
sch.storage_align(block=b112, buffer_index=0, axis=-2, factor=32, offset=8)
sch.compute_inline(block=b0)
v173 = sch.sample_categorical(candidates=[0, 16, 64, 512, 1024], probs=[0.20000000000000001, 0.20000000000000001, 0.20000000000000001, 0.20000000000000001, 0.20000000000000001], decision=0)
sch.annotate(block_or_loop=b2, ann_key="meta_schedule.unroll_explicit", ann_val=v173)
sch.enter_postproc()
sch.unannotate(block_or_loop=b64, ann_key="meta_schedule.cooperative_fetch")
l174, l175, l176, l177 = sch.get_loops(block=b64)
l178, l179, l180, l181 = sch.split(loop=l177, factors=[None, 32, 32, 8], preserve_unit_iters=True, disable_predication=False)
sch.vectorize(loop=l181)
sch.bind(loop=l180, thread_axis="threadIdx.x")
sch.bind(loop=l179, thread_axis="threadIdx.y")
sch.unannotate(block_or_loop=b103, ann_key="meta_schedule.cooperative_fetch")
l182, l183, l184, l185, l186 = sch.get_loops(block=b103)
l187, l188, l189, l190 = sch.split(loop=l186, factors=[None, 32, 32, 2], preserve_unit_iters=True, disable_predication=False)
sch.vectorize(loop=l190)
sch.bind(loop=l189, thread_axis="threadIdx.x")
sch.bind(loop=l188, thread_axis="threadIdx.y")
sch.unannotate(block_or_loop=b112, ann_key="meta_schedule.cooperative_fetch")
l191, l192, l193, l194, l195 = sch.get_loops(block=b112)
l196, l197, l198 = sch.split(loop=l195, factors=[None, 32, 32], preserve_unit_iters=True, disable_predication=False)
sch.bind(loop=l198, thread_axis="threadIdx.x")
sch.bind(loop=l197, thread_axis="threadIdx.y")
b199 = sch.get_block(name="root", func_name="main")
sch.unannotate(block_or_loop=b199, ann_key="meta_schedule.unroll_explicit")
b200, b201, b202, b203, b204, b205, b206 = sch.get_child_blocks(b199)
l207, l208, l209, l210, l211, l212, l213, l214 = sch.get_loops(block=b200)
l215, l216, l217, l218, l219, l220, l221 = sch.get_loops(block=b201)
l222, l223, l224, l225, l226, l227, l228 = sch.get_loops(block=b202)
l229, l230, l231, l232, l233, l234, l235, l236, l237 = sch.get_loops(block=b203)
l238, l239, l240, l241, l242, l243, l244, l245, l246, l247 = sch.get_loops(block=b204)
l248, l249, l250, l251, l252, l253 = sch.get_loops(block=b205)
l254, l255, l256, l257, l258, l259, l260 = sch.get_loops(block=b206)
b261 = sch.get_block(name="conv2d_nchw_o", func_name="main")
l262, l263, l264, l265, l266, l267, l268, l269, l270, l271 = sch.get_loops(block=b261)
b272 = sch.decompose_reduction(block=b261, loop=l265)
sch.unannotate(block_or_loop=b272, ann_key="meta_schedule.auto_tensorize")
sch.annotate(block_or_loop=b272, ann_key="meta_schedule.auto_tensorize", ann_val="wmma_fill_16x16x16_f16")
sch.unannotate(block_or_loop=b261, ann_key="meta_schedule.auto_tensorize_init")
sch.unannotate(block_or_loop=b272, ann_key="meta_schedule.auto_tensorize_init")
b273 = sch.get_block(name="conv2d_nchw_o_init", func_name="main")
sch.unannotate(block_or_loop=b273, ann_key="meta_schedule.auto_tensorize")
sch.tensorize(block_or_loop=b273, tensor_intrin="wmma_fill_16x16x16_f16", preserve_unit_iters=True)
b274 = sch.get_block(name="pad_temp_reindex_pad_shared.dyn_wmma.matrix_a_o", func_name="main")
sch.unannotate(block_or_loop=b274, ann_key="meta_schedule.auto_tensorize")
sch.tensorize(block_or_loop=b274, tensor_intrin="wmma_load_16x16x16_f16_a_shared_dyn", preserve_unit_iters=True)
b275 = sch.get_block(name="W_reindex_shared.dyn_wmma.matrix_b_o", func_name="main")
sch.unannotate(block_or_loop=b275, ann_key="meta_schedule.auto_tensorize")
sch.tensorize(block_or_loop=b275, tensor_intrin="wmma_load_16x16x16_f16_b_trans_shared_dyn", preserve_unit_iters=True)
b276 = sch.get_block(name="conv2d_nchw_o_update", func_name="main")
sch.unannotate(block_or_loop=b276, ann_key="meta_schedule.auto_tensorize")
sch.tensorize(block_or_loop=b276, tensor_intrin="wmma_sync_16x16x16_f16f16f16_trans", preserve_unit_iters=True)
b277 = sch.get_block(name="conv2d_nchw_reindex_pad_shared.dyn_wmma.accumulator_o", func_name="main")
sch.unannotate(block_or_loop=b277, ann_key="meta_schedule.auto_tensorize")
sch.tensorize(block_or_loop=b277, tensor_intrin="wmma_store_16x16x16_f16_shared_dyn", preserve_unit_iters=True)
2025-10-11 01:47:53 [INFO] [task_scheduler.cc:131] [Task #0: main] Trial #12: GFLOPs: 836.3773. Time: 15.3580 us. Best GFLOPs: 2523.2627
2025-10-11 01:47:53 [INFO] [task_scheduler.cc:131] [Task #0: main] Trial #13: GFLOPs: 1200.3279. Time: 10.7013 us. Best GFLOPs: 2523.2627
2025-10-11 01:47:53 [INFO] [task_scheduler.cc:131] [Task #0: main] Trial #14: GFLOPs: 942.7024. Time: 13.6258 us. Best GFLOPs: 2523.2627
2025-10-11 01:47:53 [INFO] [task_scheduler.cc:131] [Task #0: main] Trial #15: GFLOPs: 1816.6250. Time: 7.0708 us. Best GFLOPs: 2523.2627
2025-10-11 01:47:53 [INFO] [task_scheduler.cc:131] [Task #0: main] Trial #16: GFLOPs: 1043.8624. Time: 12.3053 us. Best GFLOPs: 2523.2627
2025-10-11 01:47:53 [INFO] [task_scheduler.cc:131] [Task #0: main] Trial #17: GFLOPs: 863.0180. Time: 14.8839 us. Best GFLOPs: 2523.2627
2025-10-11 01:47:53 [INFO] [task_scheduler.cc:131] [Task #0: main] Trial #18: GFLOPs: 1110.5167. Time: 11.5667 us. Best GFLOPs: 2523.2627
2025-10-11 01:47:53 [INFO] [task_scheduler.cc:131] [Task #0: main] Trial #19: GFLOPs: 639.2654. Time: 20.0935 us. Best GFLOPs: 2523.2627
2025-10-11 01:47:53 [INFO] [task_scheduler.cc:131] [Task #0: main] Trial #20: GFLOPs: 2302.9675. Time: 5.5776 us. Best GFLOPs: 2523.2627
2025-10-11 01:47:53 [INFO] [task_scheduler.cc:131] [Task #0: main] Trial #21: GFLOPs: 1154.1184. Time: 11.1298 us. Best GFLOPs: 2523.2627
2025-10-11 01:47:53 [INFO] [task_scheduler.cc:131] [Task #0: main] Trial #22: GFLOPs: 345.9869. Time: 37.1258 us. Best GFLOPs: 2523.2627
2025-10-11 01:47:53 [INFO] [task_scheduler.cc:121] [Task #0: main] Trial #23: Error in building:
LocalBuilder: An exception occurred
Traceback (most recent call last):
  File "/workspace/tvm-dev/python/tvm/exec/popen_worker.py", line 87, in main
    result = fn(*args, **kwargs)
             ^^^^^^^^^^^^^^^^^^^
  File "/workspace/tvm-dev/python/tvm/meta_schedule/builder/local_builder.py", line 165, in <lambda>
    lambda x: _worker_func(*x),
              ^^^^^^^^^^^^^^^^
  File "/workspace/tvm-dev/python/tvm/meta_schedule/builder/local_builder.py", line 231, in _worker_func
    rt_mod: Module = f_build(mod, target, _deserialize_params(params))
                     ^^^^^^^^^^^^^^^^^^^^^^^^^^^^^^^^^^^^^^^^^^^^^^^^^
  File "/workspace/tvm-dev/python/tvm/_ffi/_ctypes/packed_func.py", line 245, in __call__
    raise_last_ffi_error()
  File "/workspace/tvm-dev/python/tvm/_ffi/base.py", line 481, in raise_last_ffi_error
    raise py_err
  File "/workspace/tvm-dev/python/tvm/meta_schedule/builder/local_builder.py", line 261, in default_build
    return tvm_build(mod, target=target)
           ^^^^^^^^^^^^^^^^^^^^^^^^^^^^^
  File "/workspace/tvm-dev/python/tvm/driver/build_module.py", line 297, in build
    rt_mod_host = _driver_ffi.tir_to_runtime(annotated_mods, target_host)
                  ^^^^^^^^^^^^^^^^^^^^^^^^^^^^^^^^^^^^^^^^^^^^^^^^^^^^^^^
  File "/workspace/tvm-dev/python/tvm/_ffi/_ctypes/packed_func.py", line 245, in __call__
    raise_last_ffi_error()
  File "/workspace/tvm-dev/python/tvm/_ffi/base.py", line 481, in raise_last_ffi_error
    raise py_err
ValueError: Traceback (most recent call last):
  16: tvm::runtime::PackedFuncObj::Extractor<tvm::runtime::PackedFuncSubObj<tvm::runtime::TypedPackedFunc<tvm::runtime::Module (tvm::runtime::Map<tvm::Target, tvm::IRModule, void, void> const&, tvm::Target)>::AssignTypedLambda<tvm::__mk_TVM24::{lambda(tvm::runtime::Map<tvm::Target, tvm::IRModule, void, void> const&, tvm::Target)#1}>(tvm::__mk_TVM24::{lambda(tvm::runtime::Map<tvm::Target, tvm::IRModule, void, void> const&, tvm::Target)#1}, std::__cxx11::basic_string<char, std::char_traits<char>, std::allocator<char> >)::{lambda(tvm::runtime::TVMArgs const&, tvm::runtime::TVMRetValue*)#1}> >::Call(tvm::runtime::PackedFuncObj const*, std::__cxx11::basic_string<char, std::char_traits<char>, std::allocator<char> >, tvm::runtime::TVMRetValue)
  15: tvm::TIRToRuntime(tvm::runtime::Map<tvm::Target, tvm::IRModule, void, void> const&, tvm::Target const&)
  14: tvm::codegen::Build(tvm::IRModule, tvm::Target)
  13: _ZN3tvm7runtime13PackedFuncObj
  12: tvm::runtime::TypedPackedFunc<tvm::runtime::Module (tvm::IRModule, tvm::Target)>::AssignTypedLambda<tvm::runtime::Module (*)(tvm::IRModule, tvm::Target)>(tvm::runtime::Module (*)(tvm::IRModule, tvm::Target), std::__cxx11::basic_string<char, std::char_traits<char>, std::allocator<char> >)::{lambda(tvm::runtime::TVMArgs const&, tvm::runtime::TVMRetValue*)#1}::operator()(tvm::runtime::TVMArgs const&, tvm::runtime::TVMRetValue*) const
  11: tvm::codegen::BuildCUDA(tvm::IRModule, tvm::Target)
  10: tvm::codegen::CodeGenC::AddFunction(tvm::GlobalVar const&, tvm::tir::PrimFunc const&)
  9: tvm::codegen::CodeGenCUDA::VisitStmt_(tvm::tir::AllocateNode const*)
  8: tvm::codegen::CodeGenCUDA::VisitStmt_(tvm::tir::AllocateNode const*)
  7: tvm::codegen::CodeGenCUDA::VisitStmt_(tvm::tir::AllocateNode const*)
  6: tvm::codegen::CodeGenCUDA::VisitStmt_(tvm::tir::AllocateNode const*)
  5: tvm::codegen::CodeGenC::VisitStmt_(tvm::tir::SeqStmtNode const*)
  4: tvm::codegen::CodeGenC::VisitStmt_(tvm::tir::ForNode const*)
  3: tvm::codegen::CodeGenC::VisitStmt_(tvm::tir::IfThenElseNode const*)
  2: tvm::codegen::CodeGenC::VisitStmt_(tvm::tir::BufferStoreNode const*)
  1: tvm::codegen::CodeGenC::PrintExpr[abi:cxx11](tvm::PrimExpr const&)
  0: tvm::codegen::CodeGenCUDA::VisitExpr_(tvm::tir::RampNode const*, std::ostream&)
  File "/workspace/tvm-dev/src/target/source/codegen_cuda.cc", line 1204
ValueError: Check failed: lanes <= 4 (8 vs. 4) : Ramp of more than 4 lanes is not allowed.

# from tvm.script import ir as I
# from tvm.script import tir as T

@I.ir_module
class Module:
    @T.prim_func
    def main(A: T.Buffer((1, 256, 14, 14), "float16"), W: T.Buffer((512, 256, 1, 1), "float16"), conv2d_nchw: T.Buffer((1, 512, 7, 7), "float16")):
        T.func_attr({"tir.noalias": T.bool(True)})
        # with T.block("root"):
        conv2d_nchw_reindex_pad_shared_dyn = T.alloc_buffer((4, 16, 1, 2, 16, 16), "float16", scope="shared.dyn")
        conv2d_nchw_reindex_pad_shared_dyn_wmma_accumulator = T.alloc_buffer((4, 16, 1, 2, 16, 16), "float16", scope="wmma.accumulator")
        pad_temp_reindex_pad_shared_dyn = T.alloc_buffer((64, 256), "float16", scope="shared.dyn")
        W_reindex_shared_dyn = T.alloc_buffer((1, 1, 512, 256), "float16", scope="shared.dyn")
        pad_temp_reindex_pad_shared_dyn_wmma_matrix_a = T.alloc_buffer((64, 256), "float16", scope="wmma.matrix_a")
        W_reindex_shared_dyn_wmma_matrix_b = T.alloc_buffer((1, 1, 512, 256), "float16", scope="wmma.matrix_b")
        for ax0_ax1_ax2_0_0_ax3_0_0_fused in T.thread_binding(2, thread="blockIdx.y"):
            for ax2_0_1_ax3_0_1_fused in T.thread_binding(8, thread="blockIdx.x"):
                for ax2_0_2_ax3_0_2_fused in T.thread_binding(4, thread="threadIdx.y"):
                    for ax2_0_3_init, ax3_0_3_init, ax2_0_4_init, ax3_0_4_init in T.grid(1, 1, 1, 2):
                        with T.block("conv2d_nchw_o_init"):
                            v0_o = T.axis.spatial(1, 0)
                            v1_o = T.axis.spatial(1, 0)
                            v2_o = T.axis.spatial(4, ax2_0_2_ax3_0_2_fused + ax2_0_3_init + ax2_0_4_init)
                            v3_o = T.axis.spatial(32, ax0_ax1_ax2_0_0_ax3_0_0_fused * 16 + ax2_0_1_ax3_0_1_fused * 2 + ax3_0_3_init * 2 + ax3_0_4_init)
                            T.reads()
                            T.writes(conv2d_nchw_reindex_pad_shared_dyn_wmma_accumulator[v2_o, v3_o // 2, 0, v3_o % 2, 0:16, 0:16])
                            T.block_attr({"meta_schedule.thread_extent_high_inclusive": 1024, "meta_schedule.thread_extent_low_inclusive": 32, "warp_execution": 1})
                            C = T.match_buffer(conv2d_nchw_reindex_pad_shared_dyn_wmma_accumulator[v2_o, v3_o // 2, 0, v3_o % 2, 0:16, 0:16], (16, 16), "float16", strides=("C_s0", "C_s1"), scope="wmma.accumulator", offset_factor=16)
                            T.tvm_fill_fragment(C.data, 16, 16, 16, C.elem_offset // C.strides[0] // 16 * (C.strides[0] // 16) + C.elem_offset % C.strides[0] // 16, T.float32(0.0))
                    for ax4_0_0 in range(8):
                        for ax0_ax1_fused_0 in range(4):
                            for ax0_ax1_fused_1 in T.thread_binding(4, thread="threadIdx.y"):
                                for ax0_ax1_fused_2 in T.thread_binding(32, thread="threadIdx.x"):
                                    for ax0_ax1_fused_3 in T.vectorized(4):
                                        with T.block("pad_temp_reindex_pad_shared.dyn"):
                                            v0 = T.axis.spatial(64, (ax0_ax1_fused_0 * 512 + ax0_ax1_fused_1 * 128 + ax0_ax1_fused_2 * 4 + ax0_ax1_fused_3) // 32)
                                            v1 = T.axis.spatial(256, ax4_0_0 * 32 + (ax0_ax1_fused_0 * 512 + ax0_ax1_fused_1 * 128 + ax0_ax1_fused_2 * 4 + ax0_ax1_fused_3) % 32)
                                            T.reads(A[0, v1, v0 // 7 * 2, v0 % 7 * 2])
                                            T.writes(pad_temp_reindex_pad_shared_dyn[v0, v1])
                                            T.block_attr({"buffer_dim_align": [[0, 0, 32, 8]]})
                                            pad_temp_reindex_pad_shared_dyn[v0, v1] = T.if_then_else(v0 < 49, A[0, v1, v0 // 7 * 2, v0 % 7 * 2], T.float16(0.0))
                        for ax0_ax1_ax2_ax3_fused_0 in range(4):
                            for ax0_ax1_ax2_ax3_fused_1 in T.thread_binding(4, thread="threadIdx.y"):
                                for ax0_ax1_ax2_ax3_fused_2 in T.thread_binding(32, thread="threadIdx.x"):
                                    for ax0_ax1_ax2_ax3_fused_3 in T.vectorized(2):
                                        with T.block("W_reindex_shared.dyn"):
                                            v0 = T.axis.spatial(1, 0)
                                            v1 = T.axis.spatial(1, 0)
                                            v2 = T.axis.spatial(512, ax0_ax1_ax2_0_0_ax3_0_0_fused * 256 + ax2_0_1_ax3_0_1_fused * 32 + (ax0_ax1_ax2_ax3_fused_0 * 256 + ax0_ax1_ax2_ax3_fused_1 * 64 + ax0_ax1_ax2_ax3_fused_2 * 2 + ax0_ax1_ax2_ax3_fused_3) // 32)
                                            v3 = T.axis.spatial(256, ax4_0_0 * 32 + (ax0_ax1_ax2_ax3_fused_0 * 256 + ax0_ax1_ax2_ax3_fused_1 * 64 + ax0_ax1_ax2_ax3_fused_2 * 2 + ax0_ax1_ax2_ax3_fused_3) % 32)
                                            T.reads(W[v2, v3, v0, v1])
                                            T.writes(W_reindex_shared_dyn[v0, v1, v2, v3])
                                            T.block_attr({"buffer_dim_align": [[0, 2, 32, 8]]})
                                            W_reindex_shared_dyn[v0, v1, v2, v3] = W[v2, v3, v0, v1]
                        for ax4_0_1 in range(2):
                            for ax0_0, ax1_0 in T.grid(1, 1):
                                with T.block("pad_temp_reindex_pad_shared.dyn_wmma.matrix_a_o"):
                                    v0_o = T.axis.spatial(4, ax2_0_2_ax3_0_2_fused + ax0_0)
                                    v1_o = T.axis.spatial(16, ax4_0_0 * 2 + ax4_0_1 + ax1_0)
                                    T.reads(pad_temp_reindex_pad_shared_dyn[v0_o * 16:v0_o * 16 + 16, v1_o * 16:v1_o * 16 + 16])
                                    T.writes(pad_temp_reindex_pad_shared_dyn_wmma_matrix_a[v0_o * 16:v0_o * 16 + 16, v1_o * 16:v1_o * 16 + 16])
                                    A_1 = T.match_buffer(pad_temp_reindex_pad_shared_dyn[v0_o * 16:v0_o * 16 + 16, v1_o * 16:v1_o * 16 + 16], (16, 16), "float16", strides=("A_s0", "A_s1"), scope="shared.dyn", offset_factor=16)
                                    C = T.match_buffer(pad_temp_reindex_pad_shared_dyn_wmma_matrix_a[v0_o * 16:v0_o * 16 + 16, v1_o * 16:v1_o * 16 + 16], (16, 16), "float16", strides=("C_s0", "C_s1"), scope="wmma.matrix_a", offset_factor=16)
                                    T.tvm_load_matrix_sync(C.data, 16, 16, 16, C.elem_offset // C.strides[0] // 16 * (C.strides[0] // 16) + C.elem_offset % C.strides[0] // 16, T.tvm_access_ptr(T.type_annotation("float16"), A_1.data, A_1.elem_offset, A_1.strides[0] * 16, 1), A_1.strides[0], "row_major")
                            for ax0, ax1, ax2_0, ax3_0 in T.grid(1, 1, 2, 1):
                                with T.block("W_reindex_shared.dyn_wmma.matrix_b_o"):
                                    v0_o, v1_o = T.axis.remap("SS", [ax0, ax1])
                                    v2_o = T.axis.spatial(32, ax0_ax1_ax2_0_0_ax3_0_0_fused * 16 + ax2_0_1_ax3_0_1_fused * 2 + ax2_0)
                                    v3_o = T.axis.spatial(16, ax4_0_0 * 2 + ax4_0_1 + ax3_0)
                                    T.reads(W_reindex_shared_dyn[v0_o, v1_o, v2_o * 16:v2_o * 16 + 16, v3_o * 16:v3_o * 16 + 16])
                                    T.writes(W_reindex_shared_dyn_wmma_matrix_b[v0_o, v1_o, v2_o * 16:v2_o * 16 + 16, v3_o * 16:v3_o * 16 + 16])
                                    A_1 = T.match_buffer(W_reindex_shared_dyn[v0_o, v1_o, v2_o * 16:v2_o * 16 + 16, v3_o * 16:v3_o * 16 + 16], (16, 16), "float16", strides=("A_s0", "A_s1"), scope="shared.dyn", offset_factor=16)
                                    C = T.match_buffer(W_reindex_shared_dyn_wmma_matrix_b[v0_o, v1_o, v2_o * 16:v2_o * 16 + 16, v3_o * 16:v3_o * 16 + 16], (16, 16), "float16", strides=("C_s0", "C_s1"), scope="wmma.matrix_b", offset_factor=16)
                                    T.tvm_load_matrix_sync(C.data, 16, 16, 16, C.elem_offset // C.strides[0] // 16 * (C.strides[0] // 16) + C.elem_offset % C.strides[0] // 16, T.tvm_access_ptr(T.type_annotation("float16"), A_1.data, A_1.elem_offset, A_1.strides[0] * 16, 1), A_1.strides[0], "col_major")
                            for ax2_0_3, ax3_0_3, ax4_0_2, ax2_0_4, ax3_0_4 in T.grid(1, 1, 1, 1, 2):
                                with T.block("conv2d_nchw_o_update"):
                                    v0_o = T.axis.spatial(1, 0)
                                    v1_o = T.axis.spatial(1, 0)
                                    v2_o = T.axis.spatial(4, ax2_0_2_ax3_0_2_fused + ax2_0_3 + ax2_0_4)
                                    v3_o = T.axis.spatial(32, ax0_ax1_ax2_0_0_ax3_0_0_fused * 16 + ax2_0_1_ax3_0_1_fused * 2 + ax3_0_3 * 2 + ax3_0_4)
                                    v4_o = T.axis.reduce(16, ax4_0_0 * 2 + ax4_0_1 + ax4_0_2)
                                    T.reads(conv2d_nchw_reindex_pad_shared_dyn_wmma_accumulator[v2_o, v3_o // 2, 0, v3_o % 2, 0:16, 0:16], pad_temp_reindex_pad_shared_dyn_wmma_matrix_a[v2_o * 16:v2_o * 16 + 16, v4_o * 16:v4_o * 16 + 16], W_reindex_shared_dyn_wmma_matrix_b[v0_o, v1_o, v3_o * 16:v3_o * 16 + 16, v4_o * 16:v4_o * 16 + 16])
                                    T.writes(conv2d_nchw_reindex_pad_shared_dyn_wmma_accumulator[v2_o, v3_o // 2, 0, v3_o % 2, 0:16, 0:16])
                                    T.block_attr({"meta_schedule.thread_extent_high_inclusive": 1024, "meta_schedule.thread_extent_low_inclusive": 32, "warp_execution": 1})
                                    A_1 = T.match_buffer(pad_temp_reindex_pad_shared_dyn_wmma_matrix_a[v2_o * 16:v2_o * 16 + 16, v4_o * 16:v4_o * 16 + 16], (16, 16), "float16", strides=("A_s0", "A_s1"), scope="wmma.matrix_a", offset_factor=16)
                                    B = T.match_buffer(W_reindex_shared_dyn_wmma_matrix_b[v0_o, v1_o, v3_o * 16:v3_o * 16 + 16, v4_o * 16:v4_o * 16 + 16], (16, 16), "float16", strides=("B_s0", "B_s1"), scope="wmma.matrix_b", offset_factor=16)
                                    C = T.match_buffer(conv2d_nchw_reindex_pad_shared_dyn_wmma_accumulator[v2_o, v3_o // 2, 0, v3_o % 2, 0:16, 0:16], (16, 16), "float16", strides=("C_s0", "C_s1"), scope="wmma.accumulator", offset_factor=16)
                                    T.tvm_mma_sync(C.data, C.elem_offset // C.strides[0] // 16 * (C.strides[0] // 16) + C.elem_offset % C.strides[0] // 16, A_1.data, A_1.elem_offset // A_1.strides[0] // 16 * (A_1.strides[0] // 16) + A_1.elem_offset % A_1.strides[0] // 16, B.data, B.elem_offset // B.strides[0] // 16 * (B.strides[0] // 16) + B.elem_offset % B.strides[0] // 16, C.data, C.elem_offset // C.strides[0] // 16 * (C.strides[0] // 16) + C.elem_offset % C.strides[0] // 16)
                for ax2 in range(1):
                    for ax0_ax1_fused in T.thread_binding(4, thread="threadIdx.y"):
                        for ax2_1, ax3 in T.grid(1, 2):
                            with T.block("conv2d_nchw_reindex_pad_shared.dyn_wmma.accumulator_o"):
                                v0_o = T.axis.spatial(4, ax0_ax1_fused)
                                v1_o = T.axis.spatial(16, ax0_ax1_ax2_0_0_ax3_0_0_fused * 8 + ax2_0_1_ax3_0_1_fused)
                                v2_o, v3_o = T.axis.remap("SS", [ax2_1, ax3])
                                v4_o = T.axis.spatial(1, 0)
                                v5_o = T.axis.spatial(1, 0)
                                T.reads(conv2d_nchw_reindex_pad_shared_dyn_wmma_accumulator[v0_o, v1_o, v2_o, v3_o, 0:16, 0:16])
                                T.writes(conv2d_nchw_reindex_pad_shared_dyn[v0_o, v1_o, v2_o, v3_o, 0:16, 0:16])
                                A_1 = T.match_buffer(conv2d_nchw_reindex_pad_shared_dyn_wmma_accumulator[v0_o, v1_o, v2_o, v3_o, 0:16, 0:16], (16, 16), "float16", strides=("A_s0", "A_s1"), scope="wmma.accumulator", offset_factor=16)
                                C = T.match_buffer(conv2d_nchw_reindex_pad_shared_dyn[v0_o, v1_o, v2_o, v3_o, 0:16, 0:16], (16, 16), "float16", strides=("C_s0", "C_s1"), scope="shared.dyn", offset_factor=16)
                                T.tvm_store_matrix_sync(A_1.data, 16, 16, 16, A_1.elem_offset // A_1.strides[0] // 16 * (A_1.strides[0] // 16) + A_1.elem_offset % A_1.strides[0] // 16, T.tvm_access_ptr(T.type_annotation("float16"), C.data, C.elem_offset, C.strides[0] * 16, 2), C.strides[0], "row_major")
                    for ax0_ax1_ax3_ax4_ax5_fused_0 in range(2):
                        for ax0_ax1_ax3_ax4_ax5_fused_1 in T.thread_binding(4, thread="threadIdx.y"):
                            for ax0_ax1_ax3_ax4_ax5_fused_2 in T.thread_binding(32, thread="threadIdx.x"):
                                for ax0_ax1_ax3_ax4_ax5_fused_3 in T.vectorized(8):
                                    with T.block("conv2d_nchw_reindex_pad_shared.dyn"):
                                        v0 = T.axis.spatial(4, (ax0_ax1_ax3_ax4_ax5_fused_0 * 1024 + ax0_ax1_ax3_ax4_ax5_fused_1 * 256 + ax0_ax1_ax3_ax4_ax5_fused_2 * 8 + ax0_ax1_ax3_ax4_ax5_fused_3) // 512)
                                        v1 = T.axis.spatial(16, ax0_ax1_ax2_0_0_ax3_0_0_fused * 8 + ax2_0_1_ax3_0_1_fused)
                                        v2 = T.axis.spatial(1, ax2)
                                        v3 = T.axis.spatial(2, (ax0_ax1_ax3_ax4_ax5_fused_0 * 1024 + ax0_ax1_ax3_ax4_ax5_fused_1 * 256 + ax0_ax1_ax3_ax4_ax5_fused_2 * 8 + ax0_ax1_ax3_ax4_ax5_fused_3) % 512 // 256)
                                        v4 = T.axis.spatial(16, (ax0_ax1_ax3_ax4_ax5_fused_0 * 1024 + ax0_ax1_ax3_ax4_ax5_fused_1 * 256 + ax0_ax1_ax3_ax4_ax5_fused_2 * 8 + ax0_ax1_ax3_ax4_ax5_fused_3) % 256 // 16)
                                        v5 = T.axis.spatial(16, (ax0_ax1_ax3_ax4_ax5_fused_0 * 1024 + ax0_ax1_ax3_ax4_ax5_fused_1 * 256 + ax0_ax1_ax3_ax4_ax5_fused_2 * 8 + ax0_ax1_ax3_ax4_ax5_fused_3) % 16)
                                        T.where((((ax0_ax1_ax3_ax4_ax5_fused_0 * 4 + ax0_ax1_ax3_ax4_ax5_fused_1) * 32 + ax0_ax1_ax3_ax4_ax5_fused_2) * 8 + ax0_ax1_ax3_ax4_ax5_fused_3) // 512 * 16 + (((ax0_ax1_ax3_ax4_ax5_fused_0 * 4 + ax0_ax1_ax3_ax4_ax5_fused_1) * 32 + ax0_ax1_ax3_ax4_ax5_fused_2) * 8 + ax0_ax1_ax3_ax4_ax5_fused_3) % 256 // 16 < 49)
                                        T.reads(conv2d_nchw_reindex_pad_shared_dyn[v0, v1, v2, v3, v4, v5])
                                        T.writes(conv2d_nchw[0, v5 + v3 * 16 + v1 * 32, (v4 + v0 * 16) // 7, (v4 + v0 * 16) % 7])
                                        conv2d_nchw[0, v5 + v3 * 16 + v1 * 32, (v4 + v0 * 16) // 7, (v4 + v0 * 16) % 7] = conv2d_nchw_reindex_pad_shared_dyn[v0, v1, v2, v3, v4, v5]
b0 = sch.get_block(name="pad_temp", func_name="main")
b1 = sch.get_block(name="conv2d_nchw", func_name="main")
b2 = sch.get_block(name="root", func_name="main")
sch.annotate(block_or_loop=b1, ann_key="meta_schedule.tiling_structure", ann_val="SSSRRSRS")
b3 = sch.reindex(block=b1, buffer=("write", 0))
b4 = sch.reindex(block=b1, buffer=("read", 0))
b5 = sch.reindex(block=b1, buffer=("read", 1))
sch.transform_layout(block=b1, buffer=("read", 0), index_map=lambda v_nn, v_yy, v_xx, v_rc: (v_nn * 49 + v_yy * 7 + v_xx, v_rc,), pad_value=None, assume_injective_transform=True)
sch.transform_layout(block=b1, buffer=("read", 1), index_map=lambda v_ff, v_rc, v_ry, v_rx: (v_ry, v_rx, v_ff, v_rc,), pad_value=None, assume_injective_transform=True)
sch.transform_layout(block=b1, buffer=("write", 0), index_map=lambda v_nn, v_ff, v_yy, v_xx: (v_nn * 49 + v_yy * 7 + v_xx, v_ff,), pad_value=None, assume_injective_transform=True)
sch.transform_block_layout(block=b3, index_map=lambda v_nn, v_ff, v_yy, v_xx: (v_nn * 49 + v_yy * 7 + v_xx, v_ff,))
sch.transform_block_layout(block=b4, index_map=lambda v_nn, v_yy, v_xx, v_rc: (v_nn * 49 + v_yy * 7 + v_xx, v_rc,))
sch.transform_block_layout(block=b5, index_map=lambda v_ff, v_rc, v_ry, v_rx: (v_ry, v_rx, v_ff, v_rc,))
sch.transform_block_layout(block=b1, index_map=lambda v_nn, v_ff, v_yy, v_xx, v_rc, v_ry, v_rx: (v_ry, v_rx, v_nn * 49 + v_yy * 7 + v_xx, v_ff, v_rc,))
sch.pad_einsum(block=b1, padding=[1, 1, 16, 1, 1])
b6, b7 = sch.get_producers(block=b1)
b8, = sch.get_producers(block=b6)
b9, = sch.get_consumers(block=b1)
sch.compute_inline(block=b8)
sch.compute_inline(block=b9)
l10, l11, l12, l13, l14 = sch.get_loops(block=b1)
l15, l16 = sch.split(loop=l14, factors=[None, 16], preserve_unit_iters=True, disable_predication=False)
l17, l18 = sch.split(loop=l13, factors=[None, 16], preserve_unit_iters=True, disable_predication=False)
l19, l20 = sch.split(loop=l12, factors=[None, 16], preserve_unit_iters=True, disable_predication=False)
l21, l22, l23, l24, l25, l26, l27, l28 = sch.get_loops(block=b1)
sch.reorder(l25, l27, l20, l18, l16)
b29 = sch.blockize(target=l20, preserve_unit_iters=True)
sch.annotate(block_or_loop=b29, ann_key="meta_schedule.auto_tensorize", ann_val="wmma_sync_16x16x16_f16f16f16_trans")
sch.annotate(block_or_loop=b29, ann_key="meta_schedule.auto_tensorize_init", ann_val="wmma_fill_16x16x16_f16")
sch.annotate(block_or_loop=b29, ann_key="warp_execution", ann_val=1)
l30, l31, l32, l33, l34 = sch.get_loops(block=b29)
v35, v36, v37, v38, v39 = sch.sample_perfect_tile(loop=l32, n=5, max_innermost_factor=4, decision=[1, 1, 4, 1, 1])
l40, l41, l42, l43, l44 = sch.split(loop=l32, factors=[v35, v36, v37, v38, v39], preserve_unit_iters=True, disable_predication=False)
v45, v46, v47, v48, v49 = sch.sample_perfect_tile(loop=l33, n=5, max_innermost_factor=4, decision=[2, 8, 1, 1, 2])
l50, l51, l52, l53, l54 = sch.split(loop=l33, factors=[v45, v46, v47, v48, v49], preserve_unit_iters=True, disable_predication=False)
v55, v56, v57 = sch.sample_perfect_tile(loop=l34, n=3, max_innermost_factor=4, decision=[8, 2, 1])
l58, l59, l60 = sch.split(loop=l34, factors=[v55, v56, v57], preserve_unit_iters=True, disable_predication=False)
sch.reorder(l40, l50, l41, l51, l42, l52, l58, l59, l43, l53, l60, l44, l54)
l61 = sch.fuse(l30, l31, l40, l50, preserve_unit_iters=True)
sch.bind(loop=l61, thread_axis="blockIdx.y")
l62 = sch.fuse(l41, l51, preserve_unit_iters=True)
sch.bind(loop=l62, thread_axis="blockIdx.x")
l63 = sch.fuse(l42, l52, preserve_unit_iters=True)
sch.bind(loop=l63, thread_axis="threadIdx.y")
sch.annotate(block_or_loop=b29, ann_key="meta_schedule.thread_extent_low_inclusive", ann_val=32)
sch.annotate(block_or_loop=b29, ann_key="meta_schedule.thread_extent_high_inclusive", ann_val=1024)
sch.transform_layout(block=b29, buffer=("write", 0), index_map=lambda i0, i1: (i0 // 16 // (v38 * v39), i1 // 16 // (v48 * v49), i0 // 16 % (v38 * v39), i1 // 16 % (v48 * v49), i0 % 16, i1 % 16,), pad_value=None, assume_injective_transform=True)
b64 = sch.cache_write(block=b29, write_buffer_index=0, storage_scope="shared.dyn")
sch.reverse_compute_at(block=b64, loop=l62, preserve_unit_loops=True, index=-1)
b65 = sch.cache_write(block=b29, write_buffer_index=0, storage_scope="wmma.accumulator")
l66, l67, l68, l69, l70, l71, l72, l73 = sch.get_loops(block=b64)
sch.reorder(l70, l68, l69, l71)
sch.compute_at(block=b65, loop=l70, preserve_unit_loops=True, index=-1)
l74, l75, l76, l77, l78, l79, l80, l81, l82 = sch.get_loops(block=b65)
l83 = sch.fuse(l77, l78, preserve_unit_iters=True)
sch.bind(loop=l83, thread_axis="threadIdx.y")
sch.reverse_compute_inline(block=b3)
l84, l85, l86, l87, l88, l89, l90, l91 = sch.get_loops(block=b65)
b92 = sch.blockize(target=l90, preserve_unit_iters=True)
sch.annotate(block_or_loop=b92, ann_key="meta_schedule.auto_tensorize", ann_val="wmma_store_16x16x16_f16_shared_dyn")
l93, l94, l95, l96, l97, l98, l99, l100 = sch.get_loops(block=b64)
l101 = sch.fuse(l96, l97, l98, l99, l100, preserve_unit_iters=True)
v102 = sch.sample_categorical(candidates=[1, 2, 4, 8], probs=[0.25, 0.25, 0.25, 0.25], decision=3)
sch.annotate(block_or_loop=b64, ann_key="meta_schedule.cooperative_fetch", ann_val=v102)
b103 = sch.cache_read(block=b29, read_buffer_index=0, storage_scope="shared.dyn", consumer_blocks=[b29])
sch.compute_at(block=b103, loop=l58, preserve_unit_loops=True, index=-1)
l104, l105, l106, l107, l108, l109 = sch.get_loops(block=b103)
l110 = sch.fuse(l108, l109, preserve_unit_iters=True)
v111 = sch.sample_categorical(candidates=[1, 2, 4, 8], probs=[0.25, 0.25, 0.25, 0.25], decision=2)
sch.annotate(block_or_loop=b103, ann_key="meta_schedule.cooperative_fetch", ann_val=v111)
b112 = sch.cache_read(block=b29, read_buffer_index=1, storage_scope="shared.dyn", consumer_blocks=[b29])
sch.compute_at(block=b112, loop=l58, preserve_unit_loops=True, index=-1)
l113, l114, l115, l116, l117, l118, l119, l120 = sch.get_loops(block=b112)
l121 = sch.fuse(l117, l118, l119, l120, preserve_unit_iters=True)
v122 = sch.sample_categorical(candidates=[1, 2, 4, 8], probs=[0.25, 0.25, 0.25, 0.25], decision=1)
sch.annotate(block_or_loop=b112, ann_key="meta_schedule.cooperative_fetch", ann_val=v122)
b123 = sch.cache_read(block=b29, read_buffer_index=0, storage_scope="wmma.matrix_a")
sch.compute_at(block=b123, loop=l59, preserve_unit_loops=True, index=-1)
l124, l125, l126, l127, l128, l129, l130 = sch.get_loops(block=b123)
l131, l132 = sch.split(loop=l130, factors=[None, 16], preserve_unit_iters=True, disable_predication=False)
l133, l134 = sch.split(loop=l129, factors=[None, 16], preserve_unit_iters=True, disable_predication=False)
l135, l136, l137, l138, l139, l140, l141, l142, l143 = sch.get_loops(block=b123)
sch.reorder(l142, l134, l132)
b144 = sch.blockize(target=l134, preserve_unit_iters=True)
sch.annotate(block_or_loop=b144, ann_key="meta_schedule.auto_tensorize", ann_val="wmma_load_16x16x16_f16_a_shared_dyn")
b145 = sch.cache_read(block=b29, read_buffer_index=1, storage_scope="wmma.matrix_b")
sch.compute_at(block=b145, loop=l59, preserve_unit_loops=True, index=-1)
l146, l147, l148, l149, l150, l151, l152, l153, l154 = sch.get_loops(block=b145)
l155, l156 = sch.split(loop=l154, factors=[None, 16], preserve_unit_iters=True, disable_predication=False)
l157, l158 = sch.split(loop=l153, factors=[None, 16], preserve_unit_iters=True, disable_predication=False)
l159, l160, l161, l162, l163, l164, l165, l166, l167, l168, l169 = sch.get_loops(block=b145)
sch.reorder(l168, l158, l156)
b170 = sch.blockize(target=l158, preserve_unit_iters=True)
sch.annotate(block_or_loop=b170, ann_key="meta_schedule.auto_tensorize", ann_val="wmma_load_16x16x16_f16_b_trans_shared_dyn")
b171, = sch.get_producers(block=b103)
sch.compute_inline(block=b171)
sch.storage_align(block=b103, buffer_index=0, axis=-2, factor=32, offset=8)
b172, = sch.get_producers(block=b112)
sch.compute_inline(block=b172)
sch.storage_align(block=b112, buffer_index=0, axis=-2, factor=32, offset=8)
sch.compute_inline(block=b0)
v173 = sch.sample_categorical(candidates=[0, 16, 64, 512, 1024], probs=[0.20000000000000001, 0.20000000000000001, 0.20000000000000001, 0.20000000000000001, 0.20000000000000001], decision=0)
sch.annotate(block_or_loop=b2, ann_key="meta_schedule.unroll_explicit", ann_val=v173)
sch.enter_postproc()
sch.unannotate(block_or_loop=b64, ann_key="meta_schedule.cooperative_fetch")
l174, l175, l176, l177 = sch.get_loops(block=b64)
l178, l179, l180, l181 = sch.split(loop=l177, factors=[None, 4, 32, 8], preserve_unit_iters=True, disable_predication=False)
sch.vectorize(loop=l181)
sch.bind(loop=l180, thread_axis="threadIdx.x")
sch.bind(loop=l179, thread_axis="threadIdx.y")
sch.unannotate(block_or_loop=b103, ann_key="meta_schedule.cooperative_fetch")
l182, l183, l184, l185, l186 = sch.get_loops(block=b103)
l187, l188, l189, l190 = sch.split(loop=l186, factors=[None, 4, 32, 4], preserve_unit_iters=True, disable_predication=False)
sch.vectorize(loop=l190)
sch.bind(loop=l189, thread_axis="threadIdx.x")
sch.bind(loop=l188, thread_axis="threadIdx.y")
sch.unannotate(block_or_loop=b112, ann_key="meta_schedule.cooperative_fetch")
l191, l192, l193, l194, l195 = sch.get_loops(block=b112)
l196, l197, l198, l199 = sch.split(loop=l195, factors=[None, 4, 32, 2], preserve_unit_iters=True, disable_predication=False)
sch.vectorize(loop=l199)
sch.bind(loop=l198, thread_axis="threadIdx.x")
sch.bind(loop=l197, thread_axis="threadIdx.y")
b200 = sch.get_block(name="root", func_name="main")
sch.unannotate(block_or_loop=b200, ann_key="meta_schedule.unroll_explicit")
b201, b202, b203, b204, b205, b206, b207 = sch.get_child_blocks(b200)
l208, l209, l210, l211, l212, l213, l214, l215 = sch.get_loops(block=b201)
l216, l217, l218, l219, l220, l221, l222, l223 = sch.get_loops(block=b202)
l224, l225, l226, l227, l228, l229, l230 = sch.get_loops(block=b203)
l231, l232, l233, l234, l235, l236, l237, l238, l239 = sch.get_loops(block=b204)
l240, l241, l242, l243, l244, l245, l246, l247, l248, l249 = sch.get_loops(block=b205)
l250, l251, l252, l253, l254, l255 = sch.get_loops(block=b206)
l256, l257, l258, l259, l260, l261, l262 = sch.get_loops(block=b207)
b263 = sch.get_block(name="conv2d_nchw_o", func_name="main")
l264, l265, l266, l267, l268, l269, l270, l271, l272, l273 = sch.get_loops(block=b263)
b274 = sch.decompose_reduction(block=b263, loop=l267)
sch.unannotate(block_or_loop=b274, ann_key="meta_schedule.auto_tensorize")
sch.annotate(block_or_loop=b274, ann_key="meta_schedule.auto_tensorize", ann_val="wmma_fill_16x16x16_f16")
sch.unannotate(block_or_loop=b263, ann_key="meta_schedule.auto_tensorize_init")
sch.unannotate(block_or_loop=b274, ann_key="meta_schedule.auto_tensorize_init")
b275 = sch.get_block(name="conv2d_nchw_o_init", func_name="main")
sch.unannotate(block_or_loop=b275, ann_key="meta_schedule.auto_tensorize")
sch.tensorize(block_or_loop=b275, tensor_intrin="wmma_fill_16x16x16_f16", preserve_unit_iters=True)
b276 = sch.get_block(name="pad_temp_reindex_pad_shared.dyn_wmma.matrix_a_o", func_name="main")
sch.unannotate(block_or_loop=b276, ann_key="meta_schedule.auto_tensorize")
sch.tensorize(block_or_loop=b276, tensor_intrin="wmma_load_16x16x16_f16_a_shared_dyn", preserve_unit_iters=True)
b277 = sch.get_block(name="W_reindex_shared.dyn_wmma.matrix_b_o", func_name="main")
sch.unannotate(block_or_loop=b277, ann_key="meta_schedule.auto_tensorize")
sch.tensorize(block_or_loop=b277, tensor_intrin="wmma_load_16x16x16_f16_b_trans_shared_dyn", preserve_unit_iters=True)
b278 = sch.get_block(name="conv2d_nchw_o_update", func_name="main")
sch.unannotate(block_or_loop=b278, ann_key="meta_schedule.auto_tensorize")
sch.tensorize(block_or_loop=b278, tensor_intrin="wmma_sync_16x16x16_f16f16f16_trans", preserve_unit_iters=True)
b279 = sch.get_block(name="conv2d_nchw_reindex_pad_shared.dyn_wmma.accumulator_o", func_name="main")
sch.unannotate(block_or_loop=b279, ann_key="meta_schedule.auto_tensorize")
sch.tensorize(block_or_loop=b279, tensor_intrin="wmma_store_16x16x16_f16_shared_dyn", preserve_unit_iters=True)
2025-10-11 01:47:53 [INFO] [task_scheduler.cc:131] [Task #0: main] Trial #24: GFLOPs: 1598.6507. Time: 8.0349 us. Best GFLOPs: 2523.2627
2025-10-11 01:47:53 [INFO] [task_scheduler.cc:131] [Task #0: main] Trial #25: GFLOPs: 2321.6073. Time: 5.5328 us. Best GFLOPs: 2523.2627
2025-10-11 01:47:53 [INFO] [task_scheduler.cc:121] [Task #0: main] Trial #26: Error in building:
LocalBuilder: An exception occurred
Traceback (most recent call last):
  File "/workspace/tvm-dev/python/tvm/exec/popen_worker.py", line 87, in main
    result = fn(*args, **kwargs)
             ^^^^^^^^^^^^^^^^^^^
  File "/workspace/tvm-dev/python/tvm/meta_schedule/builder/local_builder.py", line 165, in <lambda>
    lambda x: _worker_func(*x),
              ^^^^^^^^^^^^^^^^
  File "/workspace/tvm-dev/python/tvm/meta_schedule/builder/local_builder.py", line 231, in _worker_func
    rt_mod: Module = f_build(mod, target, _deserialize_params(params))
                     ^^^^^^^^^^^^^^^^^^^^^^^^^^^^^^^^^^^^^^^^^^^^^^^^^
  File "/workspace/tvm-dev/python/tvm/_ffi/_ctypes/packed_func.py", line 245, in __call__
    raise_last_ffi_error()
  File "/workspace/tvm-dev/python/tvm/_ffi/base.py", line 481, in raise_last_ffi_error
    raise py_err
  File "/workspace/tvm-dev/python/tvm/meta_schedule/builder/local_builder.py", line 261, in default_build
    return tvm_build(mod, target=target)
           ^^^^^^^^^^^^^^^^^^^^^^^^^^^^^
  File "/workspace/tvm-dev/python/tvm/driver/build_module.py", line 297, in build
    rt_mod_host = _driver_ffi.tir_to_runtime(annotated_mods, target_host)
                  ^^^^^^^^^^^^^^^^^^^^^^^^^^^^^^^^^^^^^^^^^^^^^^^^^^^^^^^
  File "/workspace/tvm-dev/python/tvm/_ffi/_ctypes/packed_func.py", line 245, in __call__
    raise_last_ffi_error()
  File "/workspace/tvm-dev/python/tvm/_ffi/base.py", line 481, in raise_last_ffi_error
    raise py_err
ValueError: Traceback (most recent call last):
  15: tvm::runtime::PackedFuncObj::Extractor<tvm::runtime::PackedFuncSubObj<tvm::runtime::TypedPackedFunc<tvm::runtime::Module (tvm::runtime::Map<tvm::Target, tvm::IRModule, void, void> const&, tvm::Target)>::AssignTypedLambda<tvm::__mk_TVM24::{lambda(tvm::runtime::Map<tvm::Target, tvm::IRModule, void, void> const&, tvm::Target)#1}>(tvm::__mk_TVM24::{lambda(tvm::runtime::Map<tvm::Target, tvm::IRModule, void, void> const&, tvm::Target)#1}, std::__cxx11::basic_string<char, std::char_traits<char>, std::allocator<char> >)::{lambda(tvm::runtime::TVMArgs const&, tvm::runtime::TVMRetValue*)#1}> >::Call(tvm::runtime::PackedFuncObj const*, std::__cxx11::basic_string<char, std::char_traits<char>, std::allocator<char> >, tvm::runtime::TVMRetValue)
  14: tvm::TIRToRuntime(tvm::runtime::Map<tvm::Target, tvm::IRModule, void, void> const&, tvm::Target const&)
  13: tvm::codegen::Build(tvm::IRModule, tvm::Target)
  12: _ZN3tvm7runtime13PackedFuncObj
  11: tvm::runtime::TypedPackedFunc<tvm::runtime::Module (tvm::IRModule, tvm::Target)>::AssignTypedLambda<tvm::runtime::Module (*)(tvm::IRModule, tvm::Target)>(tvm::runtime::Module (*)(tvm::IRModule, tvm::Target), std::__cxx11::basic_string<char, std::char_traits<char>, std::allocator<char> >)::{lambda(tvm::runtime::TVMArgs const&, tvm::runtime::TVMRetValue*)#1}::operator()(tvm::runtime::TVMArgs const&, tvm::runtime::TVMRetValue*) const
  10: tvm::codegen::BuildCUDA(tvm::IRModule, tvm::Target)
  9: tvm::codegen::CodeGenC::AddFunction(tvm::GlobalVar const&, tvm::tir::PrimFunc const&)
  8: tvm::codegen::CodeGenCUDA::VisitStmt_(tvm::tir::AllocateNode const*)
  7: tvm::codegen::CodeGenCUDA::VisitStmt_(tvm::tir::AllocateNode const*)
  6: tvm::codegen::CodeGenCUDA::VisitStmt_(tvm::tir::AllocateNode const*)
  5: tvm::codegen::CodeGenCUDA::VisitStmt_(tvm::tir::AllocateNode const*)
  4: tvm::codegen::CodeGenC::VisitStmt_(tvm::tir::SeqStmtNode const*)
  3: tvm::codegen::CodeGenC::VisitStmt_(tvm::tir::IfThenElseNode const*)
  2: tvm::codegen::CodeGenC::VisitStmt_(tvm::tir::BufferStoreNode const*)
  1: tvm::codegen::CodeGenC::PrintExpr[abi:cxx11](tvm::PrimExpr const&)
  0: tvm::codegen::CodeGenCUDA::VisitExpr_(tvm::tir::RampNode const*, std::ostream&)
  File "/workspace/tvm-dev/src/target/source/codegen_cuda.cc", line 1204
ValueError: Check failed: lanes <= 4 (8 vs. 4) : Ramp of more than 4 lanes is not allowed.

# from tvm.script import ir as I
# from tvm.script import tir as T

@I.ir_module
class Module:
    @T.prim_func
    def main(A: T.Buffer((1, 256, 14, 14), "float16"), W: T.Buffer((512, 256, 1, 1), "float16"), conv2d_nchw: T.Buffer((1, 512, 7, 7), "float16")):
        T.func_attr({"tir.noalias": T.bool(True)})
        # with T.block("root"):
        conv2d_nchw_reindex_pad_shared_dyn = T.alloc_buffer((4, 32, 1, 1, 16, 16), "float16", scope="shared.dyn")
        conv2d_nchw_reindex_pad_shared_dyn_wmma_accumulator = T.alloc_buffer((4, 32, 1, 1, 16, 16), "float16", scope="wmma.accumulator")
        pad_temp_reindex_pad_shared_dyn = T.alloc_buffer((64, 256), "float16", scope="shared.dyn")
        W_reindex_shared_dyn = T.alloc_buffer((1, 1, 256, 512), "float16", scope="shared.dyn")
        pad_temp_reindex_pad_shared_dyn_wmma_matrix_a = T.alloc_buffer((64, 256), "float16", scope="wmma.matrix_a")
        W_reindex_shared_dyn_wmma_matrix_b = T.alloc_buffer((1, 1, 256, 512), "float16", scope="wmma.matrix_b")
        for ax0_ax1_ax2_0_0_ax3_0_0_fused in T.thread_binding(4, thread="blockIdx.y", annotations={"pragma_auto_unroll_max_step": 64, "pragma_unroll_explicit": 1}):
            for ax2_0_1_ax3_0_1_fused in T.thread_binding(2, thread="blockIdx.x"):
                for ax2_0_2_ax3_0_2_fused in T.thread_binding(16, thread="threadIdx.y"):
                    for ax2_0_3_init, ax3_0_3_init, ax2_0_4_init, ax3_0_4_init in T.grid(1, 1, 1, 1):
                        with T.block("conv2d_nchw_o_init"):
                            v0_o = T.axis.spatial(1, 0)
                            v1_o = T.axis.spatial(1, 0)
                            v2_o = T.axis.spatial(4, ax2_0_1_ax3_0_1_fused * 2 + ax2_0_2_ax3_0_2_fused // 8 + ax2_0_3_init + ax2_0_4_init)
                            v3_o = T.axis.spatial(32, ax0_ax1_ax2_0_0_ax3_0_0_fused * 8 + ax2_0_2_ax3_0_2_fused % 8 + ax3_0_3_init + ax3_0_4_init)
                            T.reads()
                            T.writes(conv2d_nchw_reindex_pad_shared_dyn_wmma_accumulator[v2_o, v3_o, 0, 0, 0:16, 0:16])
                            T.block_attr({"meta_schedule.thread_extent_high_inclusive": 1024, "meta_schedule.thread_extent_low_inclusive": 32, "warp_execution": 1})
                            C = T.match_buffer(conv2d_nchw_reindex_pad_shared_dyn_wmma_accumulator[v2_o, v3_o, 0, 0, 0:16, 0:16], (16, 16), "float16", strides=("C_s0", "C_s1"), scope="wmma.accumulator", offset_factor=16)
                            T.tvm_fill_fragment(C.data, 16, 16, 16, C.elem_offset // C.strides[0] // 16 * (C.strides[0] // 16) + C.elem_offset % C.strides[0] // 16, T.float32(0.0))
                    for ax4_0_0 in range(16):
                        for ax0_ax1_fused_0 in range(1):
                            for ax0_ax1_fused_1 in T.thread_binding(16, thread="threadIdx.y"):
                                for ax0_ax1_fused_2 in T.thread_binding(32, thread="threadIdx.x"):
                                    for ax0_ax1_fused_3 in T.vectorized(2):
                                        with T.block("pad_temp_reindex_pad_shared.dyn"):
                                            v0 = T.axis.spatial(64, ax2_0_1_ax3_0_1_fused * 32 + (ax0_ax1_fused_0 * 1024 + ax0_ax1_fused_1 * 64 + ax0_ax1_fused_2 * 2 + ax0_ax1_fused_3) // 16)
                                            v1 = T.axis.spatial(256, ax4_0_0 * 16 + (ax0_ax1_fused_0 * 1024 + ax0_ax1_fused_1 * 64 + ax0_ax1_fused_2 * 2 + ax0_ax1_fused_3) % 16)
                                            T.where(((ax0_ax1_fused_0 * 16 + ax0_ax1_fused_1) * 32 + ax0_ax1_fused_2) * 2 + ax0_ax1_fused_3 < 512)
                                            T.reads(A[0, v1, v0 // 7 * 2, v0 % 7 * 2])
                                            T.writes(pad_temp_reindex_pad_shared_dyn[v0, v1])
                                            T.block_attr({"buffer_dim_align": [[0, 0, 32, 8]]})
                                            pad_temp_reindex_pad_shared_dyn[v0, v1] = T.if_then_else(v0 < 49, A[0, v1, v0 // 7 * 2, v0 % 7 * 2], T.float16(0.0))
                        for ax0_ax1_ax2_ax3_fused_0 in range(2):
                            for ax0_ax1_ax2_ax3_fused_1 in T.thread_binding(16, thread="threadIdx.y"):
                                for ax0_ax1_ax2_ax3_fused_2 in T.thread_binding(32, thread="threadIdx.x"):
                                    for ax0_ax1_ax2_ax3_fused_3 in T.vectorized(2):
                                        with T.block("W_reindex_shared.dyn"):
                                            v0 = T.axis.spatial(1, 0)
                                            v1 = T.axis.spatial(1, 0)
                                            v2 = T.axis.spatial(256, ax4_0_0 * 16 + (ax0_ax1_ax2_ax3_fused_0 * 1024 + ax0_ax1_ax2_ax3_fused_1 * 64 + ax0_ax1_ax2_ax3_fused_2 * 2 + ax0_ax1_ax2_ax3_fused_3) // 128)
                                            v3 = T.axis.spatial(512, ax0_ax1_ax2_0_0_ax3_0_0_fused * 128 + (ax0_ax1_ax2_ax3_fused_0 * 1024 + ax0_ax1_ax2_ax3_fused_1 * 64 + ax0_ax1_ax2_ax3_fused_2 * 2 + ax0_ax1_ax2_ax3_fused_3) % 128)
                                            T.reads(W[v3, v2, v0, v1])
                                            T.writes(W_reindex_shared_dyn[v0, v1, v2, v3])
                                            T.block_attr({"buffer_dim_align": [[0, 2, 32, 8]]})
                                            W_reindex_shared_dyn[v0, v1, v2, v3] = W[v3, v2, v0, v1]
                        for ax4_0_1 in range(1):
                            for ax0_0, ax1_0 in T.grid(1, 1):
                                with T.block("pad_temp_reindex_pad_shared.dyn_wmma.matrix_a_o"):
                                    v0_o = T.axis.spatial(4, ax2_0_1_ax3_0_1_fused * 2 + ax2_0_2_ax3_0_2_fused // 8 + ax0_0)
                                    v1_o = T.axis.spatial(16, ax4_0_0 + ax1_0)
                                    T.reads(pad_temp_reindex_pad_shared_dyn[v0_o * 16:v0_o * 16 + 16, v1_o * 16:v1_o * 16 + 16])
                                    T.writes(pad_temp_reindex_pad_shared_dyn_wmma_matrix_a[v0_o * 16:v0_o * 16 + 16, v1_o * 16:v1_o * 16 + 16])
                                    A_1 = T.match_buffer(pad_temp_reindex_pad_shared_dyn[v0_o * 16:v0_o * 16 + 16, v1_o * 16:v1_o * 16 + 16], (16, 16), "float16", strides=("A_s0", "A_s1"), scope="shared.dyn", offset_factor=16)
                                    C = T.match_buffer(pad_temp_reindex_pad_shared_dyn_wmma_matrix_a[v0_o * 16:v0_o * 16 + 16, v1_o * 16:v1_o * 16 + 16], (16, 16), "float16", strides=("C_s0", "C_s1"), scope="wmma.matrix_a", offset_factor=16)
                                    T.tvm_load_matrix_sync(C.data, 16, 16, 16, C.elem_offset // C.strides[0] // 16 * (C.strides[0] // 16) + C.elem_offset % C.strides[0] // 16, T.tvm_access_ptr(T.type_annotation("float16"), A_1.data, A_1.elem_offset, A_1.strides[0] * 16, 1), A_1.strides[0], "row_major")
                            for ax0, ax1, ax2_0, ax3_0 in T.grid(1, 1, 1, 1):
                                with T.block("W_reindex_shared.dyn_wmma.matrix_b_o"):
                                    v0_o, v1_o = T.axis.remap("SS", [ax0, ax1])
                                    v2_o = T.axis.spatial(16, ax4_0_0 + ax2_0)
                                    v3_o = T.axis.spatial(32, ax0_ax1_ax2_0_0_ax3_0_0_fused * 8 + ax2_0_2_ax3_0_2_fused % 8 + ax3_0)
                                    T.reads(W_reindex_shared_dyn[v0_o, v1_o, v2_o * 16:v2_o * 16 + 16, v3_o * 16:v3_o * 16 + 16])
                                    T.writes(W_reindex_shared_dyn_wmma_matrix_b[v0_o, v1_o, v2_o * 16:v2_o * 16 + 16, v3_o * 16:v3_o * 16 + 16])
                                    A_1 = T.match_buffer(W_reindex_shared_dyn[v0_o, v1_o, v2_o * 16:v2_o * 16 + 16, v3_o * 16:v3_o * 16 + 16], (16, 16), "float16", strides=("A_s0", "A_s1"), scope="shared.dyn", offset_factor=16)
                                    C = T.match_buffer(W_reindex_shared_dyn_wmma_matrix_b[v0_o, v1_o, v2_o * 16:v2_o * 16 + 16, v3_o * 16:v3_o * 16 + 16], (16, 16), "float16", strides=("C_s0", "C_s1"), scope="wmma.matrix_b", offset_factor=16)
                                    T.tvm_load_matrix_sync(C.data, 16, 16, 16, C.elem_offset // C.strides[0] // 16 * (C.strides[0] // 16) + C.elem_offset % C.strides[0] // 16, T.tvm_access_ptr(T.type_annotation("float16"), A_1.data, A_1.elem_offset, A_1.strides[0] * 16, 1), A_1.strides[0], "row_major")
                            for ax2_0_3, ax3_0_3, ax4_0_2, ax2_0_4, ax3_0_4 in T.grid(1, 1, 1, 1, 1):
                                with T.block("conv2d_nchw_o_update"):
                                    v0_o = T.axis.spatial(1, 0)
                                    v1_o = T.axis.spatial(1, 0)
                                    v2_o = T.axis.spatial(4, ax2_0_1_ax3_0_1_fused * 2 + ax2_0_2_ax3_0_2_fused // 8 + ax2_0_3 + ax2_0_4)
                                    v3_o = T.axis.spatial(32, ax0_ax1_ax2_0_0_ax3_0_0_fused * 8 + ax2_0_2_ax3_0_2_fused % 8 + ax3_0_3 + ax3_0_4)
                                    v4_o = T.axis.reduce(16, ax4_0_0 + ax4_0_1 + ax4_0_2)
                                    T.reads(conv2d_nchw_reindex_pad_shared_dyn_wmma_accumulator[v2_o, v3_o, 0, 0, 0:16, 0:16], pad_temp_reindex_pad_shared_dyn_wmma_matrix_a[v2_o * 16:v2_o * 16 + 16, v4_o * 16:v4_o * 16 + 16], W_reindex_shared_dyn_wmma_matrix_b[v0_o, v1_o, v4_o * 16:v4_o * 16 + 16, v3_o * 16:v3_o * 16 + 16])
                                    T.writes(conv2d_nchw_reindex_pad_shared_dyn_wmma_accumulator[v2_o, v3_o, 0, 0, 0:16, 0:16])
                                    T.block_attr({"meta_schedule.thread_extent_high_inclusive": 1024, "meta_schedule.thread_extent_low_inclusive": 32, "warp_execution": 1})
                                    A_1 = T.match_buffer(pad_temp_reindex_pad_shared_dyn_wmma_matrix_a[v2_o * 16:v2_o * 16 + 16, v4_o * 16:v4_o * 16 + 16], (16, 16), "float16", strides=("A_s0", "A_s1"), scope="wmma.matrix_a", offset_factor=16)
                                    B = T.match_buffer(W_reindex_shared_dyn_wmma_matrix_b[v0_o, v1_o, v4_o * 16:v4_o * 16 + 16, v3_o * 16:v3_o * 16 + 16], (16, 16), "float16", strides=("B_s0", "B_s1"), scope="wmma.matrix_b", offset_factor=16)
                                    C = T.match_buffer(conv2d_nchw_reindex_pad_shared_dyn_wmma_accumulator[v2_o, v3_o, 0, 0, 0:16, 0:16], (16, 16), "float16", strides=("C_s0", "C_s1"), scope="wmma.accumulator", offset_factor=16)
                                    T.tvm_mma_sync(C.data, C.elem_offset // C.strides[0] // 16 * (C.strides[0] // 16) + C.elem_offset % C.strides[0] // 16, A_1.data, A_1.elem_offset // A_1.strides[0] // 16 * (A_1.strides[0] // 16) + A_1.elem_offset % A_1.strides[0] // 16, B.data, B.elem_offset // B.strides[0] // 16 * (B.strides[0] // 16) + B.elem_offset % B.strides[0] // 16, C.data, C.elem_offset // C.strides[0] // 16 * (C.strides[0] // 16) + C.elem_offset % C.strides[0] // 16)
                for ax2 in range(1):
                    for ax0_ax1_fused in T.thread_binding(16, thread="threadIdx.y"):
                        for ax2_1, ax3 in T.grid(1, 1):
                            with T.block("conv2d_nchw_reindex_pad_shared.dyn_wmma.accumulator_o"):
                                v0_o = T.axis.spatial(4, ax2_0_1_ax3_0_1_fused * 2 + ax0_ax1_fused // 8)
                                v1_o = T.axis.spatial(32, ax0_ax1_ax2_0_0_ax3_0_0_fused * 8 + ax0_ax1_fused % 8)
                                v2_o, v3_o = T.axis.remap("SS", [ax2_1, ax3])
                                v4_o = T.axis.spatial(1, 0)
                                v5_o = T.axis.spatial(1, 0)
                                T.reads(conv2d_nchw_reindex_pad_shared_dyn_wmma_accumulator[v0_o, v1_o, v2_o, v3_o, 0:16, 0:16])
                                T.writes(conv2d_nchw_reindex_pad_shared_dyn[v0_o, v1_o, v2_o, v3_o, 0:16, 0:16])
                                A_1 = T.match_buffer(conv2d_nchw_reindex_pad_shared_dyn_wmma_accumulator[v0_o, v1_o, v2_o, v3_o, 0:16, 0:16], (16, 16), "float16", strides=("A_s0", "A_s1"), scope="wmma.accumulator", offset_factor=16)
                                C = T.match_buffer(conv2d_nchw_reindex_pad_shared_dyn[v0_o, v1_o, v2_o, v3_o, 0:16, 0:16], (16, 16), "float16", strides=("C_s0", "C_s1"), scope="shared.dyn", offset_factor=16)
                                T.tvm_store_matrix_sync(A_1.data, 16, 16, 16, A_1.elem_offset // A_1.strides[0] // 16 * (A_1.strides[0] // 16) + A_1.elem_offset % A_1.strides[0] // 16, T.tvm_access_ptr(T.type_annotation("float16"), C.data, C.elem_offset, C.strides[0] * 16, 2), C.strides[0], "row_major")
                    for ax0_ax1_ax3_ax4_ax5_fused_0 in range(1):
                        for ax0_ax1_ax3_ax4_ax5_fused_1 in T.thread_binding(16, thread="threadIdx.y"):
                            for ax0_ax1_ax3_ax4_ax5_fused_2 in T.thread_binding(32, thread="threadIdx.x"):
                                for ax0_ax1_ax3_ax4_ax5_fused_3 in T.vectorized(8):
                                    with T.block("conv2d_nchw_reindex_pad_shared.dyn"):
                                        v0 = T.axis.spatial(4, ax2_0_1_ax3_0_1_fused * 2 + (ax0_ax1_ax3_ax4_ax5_fused_0 * 4096 + ax0_ax1_ax3_ax4_ax5_fused_1 * 256 + ax0_ax1_ax3_ax4_ax5_fused_2 * 8 + ax0_ax1_ax3_ax4_ax5_fused_3) // 2048)
                                        v1 = T.axis.spatial(32, ax0_ax1_ax2_0_0_ax3_0_0_fused * 8 + (ax0_ax1_ax3_ax4_ax5_fused_0 * 4096 + ax0_ax1_ax3_ax4_ax5_fused_1 * 256 + ax0_ax1_ax3_ax4_ax5_fused_2 * 8 + ax0_ax1_ax3_ax4_ax5_fused_3) % 2048 // 256)
                                        v2 = T.axis.spatial(1, ax2)
                                        v3 = T.axis.spatial(1, 0)
                                        v4 = T.axis.spatial(16, (ax0_ax1_ax3_ax4_ax5_fused_0 * 4096 + ax0_ax1_ax3_ax4_ax5_fused_1 * 256 + ax0_ax1_ax3_ax4_ax5_fused_2 * 8 + ax0_ax1_ax3_ax4_ax5_fused_3) % 256 // 16)
                                        v5 = T.axis.spatial(16, (ax0_ax1_ax3_ax4_ax5_fused_0 * 4096 + ax0_ax1_ax3_ax4_ax5_fused_1 * 256 + ax0_ax1_ax3_ax4_ax5_fused_2 * 8 + ax0_ax1_ax3_ax4_ax5_fused_3) % 16)
                                        T.where(ax2_0_1_ax3_0_1_fused * 32 + (((ax0_ax1_ax3_ax4_ax5_fused_0 * 16 + ax0_ax1_ax3_ax4_ax5_fused_1) * 32 + ax0_ax1_ax3_ax4_ax5_fused_2) * 8 + ax0_ax1_ax3_ax4_ax5_fused_3) // 2048 * 16 + (((ax0_ax1_ax3_ax4_ax5_fused_0 * 16 + ax0_ax1_ax3_ax4_ax5_fused_1) * 32 + ax0_ax1_ax3_ax4_ax5_fused_2) * 8 + ax0_ax1_ax3_ax4_ax5_fused_3) % 256 // 16 < 49)
                                        T.reads(conv2d_nchw_reindex_pad_shared_dyn[v0, v1, v2, v3, v4, v5])
                                        T.writes(conv2d_nchw[0, v5 + v1 * 16, (v4 + v0 * 16) // 7, (v4 + v0 * 16) % 7])
                                        conv2d_nchw[0, v5 + v1 * 16, (v4 + v0 * 16) // 7, (v4 + v0 * 16) % 7] = conv2d_nchw_reindex_pad_shared_dyn[v0, v1, v2, v3, v4, v5]
b0 = sch.get_block(name="pad_temp", func_name="main")
b1 = sch.get_block(name="conv2d_nchw", func_name="main")
b2 = sch.get_block(name="root", func_name="main")
sch.annotate(block_or_loop=b1, ann_key="meta_schedule.tiling_structure", ann_val="SSSRRSRS")
b3 = sch.reindex(block=b1, buffer=("write", 0))
b4 = sch.reindex(block=b1, buffer=("read", 0))
b5 = sch.reindex(block=b1, buffer=("read", 1))
sch.transform_layout(block=b1, buffer=("read", 0), index_map=lambda v_nn, v_yy, v_xx, v_rc: (v_nn * 49 + v_yy * 7 + v_xx, v_rc,), pad_value=None, assume_injective_transform=True)
sch.transform_layout(block=b1, buffer=("read", 1), index_map=lambda v_ff, v_rc, v_ry, v_rx: (v_ry, v_rx, v_rc, v_ff,), pad_value=None, assume_injective_transform=True)
sch.transform_layout(block=b1, buffer=("write", 0), index_map=lambda v_nn, v_ff, v_yy, v_xx: (v_nn * 49 + v_yy * 7 + v_xx, v_ff,), pad_value=None, assume_injective_transform=True)
sch.transform_block_layout(block=b3, index_map=lambda v_nn, v_ff, v_yy, v_xx: (v_nn * 49 + v_yy * 7 + v_xx, v_ff,))
sch.transform_block_layout(block=b4, index_map=lambda v_nn, v_yy, v_xx, v_rc: (v_nn * 49 + v_yy * 7 + v_xx, v_rc,))
sch.transform_block_layout(block=b5, index_map=lambda v_ff, v_rc, v_ry, v_rx: (v_ry, v_rx, v_rc, v_ff,))
sch.transform_block_layout(block=b1, index_map=lambda v_nn, v_ff, v_yy, v_xx, v_rc, v_ry, v_rx: (v_ry, v_rx, v_nn * 49 + v_yy * 7 + v_xx, v_ff, v_rc,))
sch.pad_einsum(block=b1, padding=[1, 1, 16, 1, 1])
b6, b7 = sch.get_producers(block=b1)
b8, = sch.get_producers(block=b6)
b9, = sch.get_consumers(block=b1)
sch.compute_inline(block=b8)
sch.compute_inline(block=b9)
l10, l11, l12, l13, l14 = sch.get_loops(block=b1)
l15, l16 = sch.split(loop=l14, factors=[None, 16], preserve_unit_iters=True, disable_predication=False)
l17, l18 = sch.split(loop=l13, factors=[None, 16], preserve_unit_iters=True, disable_predication=False)
l19, l20 = sch.split(loop=l12, factors=[None, 16], preserve_unit_iters=True, disable_predication=False)
l21, l22, l23, l24, l25, l26, l27, l28 = sch.get_loops(block=b1)
sch.reorder(l25, l27, l20, l18, l16)
b29 = sch.blockize(target=l20, preserve_unit_iters=True)
sch.annotate(block_or_loop=b29, ann_key="meta_schedule.auto_tensorize", ann_val="wmma_sync_16x16x16_f16f16f16")
sch.annotate(block_or_loop=b29, ann_key="meta_schedule.auto_tensorize_init", ann_val="wmma_fill_16x16x16_f16")
sch.annotate(block_or_loop=b29, ann_key="warp_execution", ann_val=1)
l30, l31, l32, l33, l34 = sch.get_loops(block=b29)
v35, v36, v37, v38, v39 = sch.sample_perfect_tile(loop=l32, n=5, max_innermost_factor=4, decision=[1, 2, 2, 1, 1])
l40, l41, l42, l43, l44 = sch.split(loop=l32, factors=[v35, v36, v37, v38, v39], preserve_unit_iters=True, disable_predication=False)
v45, v46, v47, v48, v49 = sch.sample_perfect_tile(loop=l33, n=5, max_innermost_factor=4, decision=[4, 1, 8, 1, 1])
l50, l51, l52, l53, l54 = sch.split(loop=l33, factors=[v45, v46, v47, v48, v49], preserve_unit_iters=True, disable_predication=False)
v55, v56, v57 = sch.sample_perfect_tile(loop=l34, n=3, max_innermost_factor=4, decision=[16, 1, 1])
l58, l59, l60 = sch.split(loop=l34, factors=[v55, v56, v57], preserve_unit_iters=True, disable_predication=False)
sch.reorder(l40, l50, l41, l51, l42, l52, l58, l59, l43, l53, l60, l44, l54)
l61 = sch.fuse(l30, l31, l40, l50, preserve_unit_iters=True)
sch.bind(loop=l61, thread_axis="blockIdx.y")
l62 = sch.fuse(l41, l51, preserve_unit_iters=True)
sch.bind(loop=l62, thread_axis="blockIdx.x")
l63 = sch.fuse(l42, l52, preserve_unit_iters=True)
sch.bind(loop=l63, thread_axis="threadIdx.y")
sch.annotate(block_or_loop=b29, ann_key="meta_schedule.thread_extent_low_inclusive", ann_val=32)
sch.annotate(block_or_loop=b29, ann_key="meta_schedule.thread_extent_high_inclusive", ann_val=1024)
sch.transform_layout(block=b29, buffer=("write", 0), index_map=lambda i0, i1: (i0 // 16 // (v38 * v39), i1 // 16 // (v48 * v49), i0 // 16 % (v38 * v39), i1 // 16 % (v48 * v49), i0 % 16, i1 % 16,), pad_value=None, assume_injective_transform=True)
b64 = sch.cache_write(block=b29, write_buffer_index=0, storage_scope="shared.dyn")
sch.reverse_compute_at(block=b64, loop=l62, preserve_unit_loops=True, index=-1)
b65 = sch.cache_write(block=b29, write_buffer_index=0, storage_scope="wmma.accumulator")
l66, l67, l68, l69, l70, l71, l72, l73 = sch.get_loops(block=b64)
sch.reorder(l70, l68, l69, l71)
sch.compute_at(block=b65, loop=l70, preserve_unit_loops=True, index=-1)
l74, l75, l76, l77, l78, l79, l80, l81, l82 = sch.get_loops(block=b65)
l83 = sch.fuse(l77, l78, preserve_unit_iters=True)
sch.bind(loop=l83, thread_axis="threadIdx.y")
sch.reverse_compute_inline(block=b3)
l84, l85, l86, l87, l88, l89, l90, l91 = sch.get_loops(block=b65)
b92 = sch.blockize(target=l90, preserve_unit_iters=True)
sch.annotate(block_or_loop=b92, ann_key="meta_schedule.auto_tensorize", ann_val="wmma_store_16x16x16_f16_shared_dyn")
l93, l94, l95, l96, l97, l98, l99, l100 = sch.get_loops(block=b64)
l101 = sch.fuse(l96, l97, l98, l99, l100, preserve_unit_iters=True)
v102 = sch.sample_categorical(candidates=[1, 2, 4, 8], probs=[0.25, 0.25, 0.25, 0.25], decision=3)
sch.annotate(block_or_loop=b64, ann_key="meta_schedule.cooperative_fetch", ann_val=v102)
b103 = sch.cache_read(block=b29, read_buffer_index=0, storage_scope="shared.dyn", consumer_blocks=[b29])
sch.compute_at(block=b103, loop=l58, preserve_unit_loops=True, index=-1)
l104, l105, l106, l107, l108, l109 = sch.get_loops(block=b103)
l110 = sch.fuse(l108, l109, preserve_unit_iters=True)
v111 = sch.sample_categorical(candidates=[1, 2, 4, 8], probs=[0.25, 0.25, 0.25, 0.25], decision=1)
sch.annotate(block_or_loop=b103, ann_key="meta_schedule.cooperative_fetch", ann_val=v111)
b112 = sch.cache_read(block=b29, read_buffer_index=1, storage_scope="shared.dyn", consumer_blocks=[b29])
sch.compute_at(block=b112, loop=l58, preserve_unit_loops=True, index=-1)
l113, l114, l115, l116, l117, l118, l119, l120 = sch.get_loops(block=b112)
l121 = sch.fuse(l117, l118, l119, l120, preserve_unit_iters=True)
v122 = sch.sample_categorical(candidates=[1, 2, 4, 8], probs=[0.25, 0.25, 0.25, 0.25], decision=1)
sch.annotate(block_or_loop=b112, ann_key="meta_schedule.cooperative_fetch", ann_val=v122)
b123 = sch.cache_read(block=b29, read_buffer_index=0, storage_scope="wmma.matrix_a")
sch.compute_at(block=b123, loop=l59, preserve_unit_loops=True, index=-1)
l124, l125, l126, l127, l128, l129, l130 = sch.get_loops(block=b123)
l131, l132 = sch.split(loop=l130, factors=[None, 16], preserve_unit_iters=True, disable_predication=False)
l133, l134 = sch.split(loop=l129, factors=[None, 16], preserve_unit_iters=True, disable_predication=False)
l135, l136, l137, l138, l139, l140, l141, l142, l143 = sch.get_loops(block=b123)
sch.reorder(l142, l134, l132)
b144 = sch.blockize(target=l134, preserve_unit_iters=True)
sch.annotate(block_or_loop=b144, ann_key="meta_schedule.auto_tensorize", ann_val="wmma_load_16x16x16_f16_a_shared_dyn")
b145 = sch.cache_read(block=b29, read_buffer_index=1, storage_scope="wmma.matrix_b")
sch.compute_at(block=b145, loop=l59, preserve_unit_loops=True, index=-1)
l146, l147, l148, l149, l150, l151, l152, l153, l154 = sch.get_loops(block=b145)
l155, l156 = sch.split(loop=l154, factors=[None, 16], preserve_unit_iters=True, disable_predication=False)
l157, l158 = sch.split(loop=l153, factors=[None, 16], preserve_unit_iters=True, disable_predication=False)
l159, l160, l161, l162, l163, l164, l165, l166, l167, l168, l169 = sch.get_loops(block=b145)
sch.reorder(l168, l158, l156)
b170 = sch.blockize(target=l158, preserve_unit_iters=True)
sch.annotate(block_or_loop=b170, ann_key="meta_schedule.auto_tensorize", ann_val="wmma_load_16x16x16_f16_b_shared_dyn")
b171, = sch.get_producers(block=b103)
sch.compute_inline(block=b171)
sch.storage_align(block=b103, buffer_index=0, axis=-2, factor=32, offset=8)
b172, = sch.get_producers(block=b112)
sch.compute_inline(block=b172)
sch.storage_align(block=b112, buffer_index=0, axis=-2, factor=32, offset=8)
sch.compute_inline(block=b0)
v173 = sch.sample_categorical(candidates=[0, 16, 64, 512, 1024], probs=[0.20000000000000001, 0.20000000000000001, 0.20000000000000001, 0.20000000000000001, 0.20000000000000001], decision=2)
sch.annotate(block_or_loop=b2, ann_key="meta_schedule.unroll_explicit", ann_val=v173)
sch.enter_postproc()
sch.unannotate(block_or_loop=b64, ann_key="meta_schedule.cooperative_fetch")
l174, l175, l176, l177 = sch.get_loops(block=b64)
l178, l179, l180, l181 = sch.split(loop=l177, factors=[None, 16, 32, 8], preserve_unit_iters=True, disable_predication=False)
sch.vectorize(loop=l181)
sch.bind(loop=l180, thread_axis="threadIdx.x")
sch.bind(loop=l179, thread_axis="threadIdx.y")
sch.unannotate(block_or_loop=b103, ann_key="meta_schedule.cooperative_fetch")
l182, l183, l184, l185, l186 = sch.get_loops(block=b103)
l187, l188, l189, l190 = sch.split(loop=l186, factors=[None, 16, 32, 2], preserve_unit_iters=True, disable_predication=False)
sch.vectorize(loop=l190)
sch.bind(loop=l189, thread_axis="threadIdx.x")
sch.bind(loop=l188, thread_axis="threadIdx.y")
sch.unannotate(block_or_loop=b112, ann_key="meta_schedule.cooperative_fetch")
l191, l192, l193, l194, l195 = sch.get_loops(block=b112)
l196, l197, l198, l199 = sch.split(loop=l195, factors=[None, 16, 32, 2], preserve_unit_iters=True, disable_predication=False)
sch.vectorize(loop=l199)
sch.bind(loop=l198, thread_axis="threadIdx.x")
sch.bind(loop=l197, thread_axis="threadIdx.y")
b200 = sch.get_block(name="root", func_name="main")
sch.unannotate(block_or_loop=b200, ann_key="meta_schedule.unroll_explicit")
b201, b202, b203, b204, b205, b206, b207 = sch.get_child_blocks(b200)
l208, l209, l210, l211, l212, l213, l214, l215 = sch.get_loops(block=b201)
l216, l217, l218, l219, l220, l221, l222, l223 = sch.get_loops(block=b202)
l224, l225, l226, l227, l228, l229, l230 = sch.get_loops(block=b203)
l231, l232, l233, l234, l235, l236, l237, l238, l239 = sch.get_loops(block=b204)
l240, l241, l242, l243, l244, l245, l246, l247, l248, l249 = sch.get_loops(block=b205)
sch.annotate(block_or_loop=l240, ann_key="pragma_auto_unroll_max_step", ann_val=64)
sch.annotate(block_or_loop=l240, ann_key="pragma_unroll_explicit", ann_val=1)
l250, l251, l252, l253, l254, l255 = sch.get_loops(block=b206)
l256, l257, l258, l259, l260, l261, l262 = sch.get_loops(block=b207)
b263 = sch.get_block(name="conv2d_nchw_o", func_name="main")
l264, l265, l266, l267, l268, l269, l270, l271, l272, l273 = sch.get_loops(block=b263)
b274 = sch.decompose_reduction(block=b263, loop=l267)
sch.unannotate(block_or_loop=b274, ann_key="meta_schedule.auto_tensorize")
sch.annotate(block_or_loop=b274, ann_key="meta_schedule.auto_tensorize", ann_val="wmma_fill_16x16x16_f16")
sch.unannotate(block_or_loop=b263, ann_key="meta_schedule.auto_tensorize_init")
sch.unannotate(block_or_loop=b274, ann_key="meta_schedule.auto_tensorize_init")
b275 = sch.get_block(name="conv2d_nchw_o_init", func_name="main")
sch.unannotate(block_or_loop=b275, ann_key="meta_schedule.auto_tensorize")
sch.tensorize(block_or_loop=b275, tensor_intrin="wmma_fill_16x16x16_f16", preserve_unit_iters=True)
b276 = sch.get_block(name="pad_temp_reindex_pad_shared.dyn_wmma.matrix_a_o", func_name="main")
sch.unannotate(block_or_loop=b276, ann_key="meta_schedule.auto_tensorize")
sch.tensorize(block_or_loop=b276, tensor_intrin="wmma_load_16x16x16_f16_a_shared_dyn", preserve_unit_iters=True)
b277 = sch.get_block(name="W_reindex_shared.dyn_wmma.matrix_b_o", func_name="main")
sch.unannotate(block_or_loop=b277, ann_key="meta_schedule.auto_tensorize")
sch.tensorize(block_or_loop=b277, tensor_intrin="wmma_load_16x16x16_f16_b_shared_dyn", preserve_unit_iters=True)
b278 = sch.get_block(name="conv2d_nchw_o_update", func_name="main")
sch.unannotate(block_or_loop=b278, ann_key="meta_schedule.auto_tensorize")
sch.tensorize(block_or_loop=b278, tensor_intrin="wmma_sync_16x16x16_f16f16f16", preserve_unit_iters=True)
b279 = sch.get_block(name="conv2d_nchw_reindex_pad_shared.dyn_wmma.accumulator_o", func_name="main")
sch.unannotate(block_or_loop=b279, ann_key="meta_schedule.auto_tensorize")
sch.tensorize(block_or_loop=b279, tensor_intrin="wmma_store_16x16x16_f16_shared_dyn", preserve_unit_iters=True)
2025-10-11 01:47:53 [INFO] [task_scheduler.cc:131] [Task #0: main] Trial #27: GFLOPs: 334.5453. Time: 38.3956 us. Best GFLOPs: 2523.2627
2025-10-11 01:47:53 [INFO] [task_scheduler.cc:121] [Task #0: main] Trial #28: Error in building:
LocalBuilder: An exception occurred
Traceback (most recent call last):
  File "/workspace/tvm-dev/python/tvm/exec/popen_worker.py", line 87, in main
    result = fn(*args, **kwargs)
             ^^^^^^^^^^^^^^^^^^^
  File "/workspace/tvm-dev/python/tvm/meta_schedule/builder/local_builder.py", line 165, in <lambda>
    lambda x: _worker_func(*x),
              ^^^^^^^^^^^^^^^^
  File "/workspace/tvm-dev/python/tvm/meta_schedule/builder/local_builder.py", line 231, in _worker_func
    rt_mod: Module = f_build(mod, target, _deserialize_params(params))
                     ^^^^^^^^^^^^^^^^^^^^^^^^^^^^^^^^^^^^^^^^^^^^^^^^^
  File "/workspace/tvm-dev/python/tvm/_ffi/_ctypes/packed_func.py", line 245, in __call__
    raise_last_ffi_error()
  File "/workspace/tvm-dev/python/tvm/_ffi/base.py", line 481, in raise_last_ffi_error
    raise py_err
  File "/workspace/tvm-dev/python/tvm/meta_schedule/builder/local_builder.py", line 261, in default_build
    return tvm_build(mod, target=target)
           ^^^^^^^^^^^^^^^^^^^^^^^^^^^^^
  File "/workspace/tvm-dev/python/tvm/driver/build_module.py", line 297, in build
    rt_mod_host = _driver_ffi.tir_to_runtime(annotated_mods, target_host)
                  ^^^^^^^^^^^^^^^^^^^^^^^^^^^^^^^^^^^^^^^^^^^^^^^^^^^^^^^
  File "/workspace/tvm-dev/python/tvm/_ffi/_ctypes/packed_func.py", line 245, in __call__
    raise_last_ffi_error()
  File "/workspace/tvm-dev/python/tvm/_ffi/base.py", line 481, in raise_last_ffi_error
    raise py_err
ValueError: Traceback (most recent call last):
  19: tvm::runtime::PackedFuncObj::Extractor<tvm::runtime::PackedFuncSubObj<tvm::runtime::TypedPackedFunc<tvm::runtime::Module (tvm::runtime::Map<tvm::Target, tvm::IRModule, void, void> const&, tvm::Target)>::AssignTypedLambda<tvm::__mk_TVM24::{lambda(tvm::runtime::Map<tvm::Target, tvm::IRModule, void, void> const&, tvm::Target)#1}>(tvm::__mk_TVM24::{lambda(tvm::runtime::Map<tvm::Target, tvm::IRModule, void, void> const&, tvm::Target)#1}, std::__cxx11::basic_string<char, std::char_traits<char>, std::allocator<char> >)::{lambda(tvm::runtime::TVMArgs const&, tvm::runtime::TVMRetValue*)#1}> >::Call(tvm::runtime::PackedFuncObj const*, std::__cxx11::basic_string<char, std::char_traits<char>, std::allocator<char> >, tvm::runtime::TVMRetValue)
  18: tvm::TIRToRuntime(tvm::runtime::Map<tvm::Target, tvm::IRModule, void, void> const&, tvm::Target const&)
  17: tvm::codegen::Build(tvm::IRModule, tvm::Target)
  16: _ZN3tvm7runtime13PackedFuncObj
  15: tvm::runtime::TypedPackedFunc<tvm::runtime::Module (tvm::IRModule, tvm::Target)>::AssignTypedLambda<tvm::runtime::Module (*)(tvm::IRModule, tvm::Target)>(tvm::runtime::Module (*)(tvm::IRModule, tvm::Target), std::__cxx11::basic_string<char, std::char_traits<char>, std::allocator<char> >)::{lambda(tvm::runtime::TVMArgs const&, tvm::runtime::TVMRetValue*)#1}::operator()(tvm::runtime::TVMArgs const&, tvm::runtime::TVMRetValue*) const
  14: tvm::codegen::BuildCUDA(tvm::IRModule, tvm::Target)
  13: tvm::codegen::CodeGenC::AddFunction(tvm::GlobalVar const&, tvm::tir::PrimFunc const&)
  12: tvm::codegen::CodeGenCUDA::VisitStmt_(tvm::tir::AllocateNode const*)
  11: tvm::codegen::CodeGenCUDA::VisitStmt_(tvm::tir::AllocateNode const*)
  10: tvm::codegen::CodeGenCUDA::VisitStmt_(tvm::tir::AllocateNode const*)
  9: tvm::codegen::CodeGenCUDA::VisitStmt_(tvm::tir::AllocateNode const*)
  8: tvm::codegen::CodeGenC::VisitStmt_(tvm::tir::SeqStmtNode const*)
  7: tvm::codegen::CodeGenC::VisitStmt_(tvm::tir::ForNode const*)
  6: tvm::codegen::CodeGenC::VisitStmt_(tvm::tir::SeqStmtNode const*)
  5: tvm::codegen::CodeGenC::VisitStmt_(tvm::tir::ForNode const*)
  4: tvm::codegen::CodeGenC::VisitStmt_(tvm::tir::BufferStoreNode const*)
  3: tvm::codegen::CodeGenC::PrintExpr[abi:cxx11](tvm::PrimExpr const&)
  2: tvm::codegen::CodeGenC::VisitExpr_(tvm::tir::BufferLoadNode const*, std::ostream&)
  1: tvm::codegen::CodeGenC::PrintExpr[abi:cxx11](tvm::PrimExpr const&)
  0: tvm::codegen::CodeGenCUDA::VisitExpr_(tvm::tir::RampNode const*, std::ostream&)
  File "/workspace/tvm-dev/src/target/source/codegen_cuda.cc", line 1204
ValueError: Check failed: lanes <= 4 (8 vs. 4) : Ramp of more than 4 lanes is not allowed.

# from tvm.script import ir as I
# from tvm.script import tir as T

@I.ir_module
class Module:
    @T.prim_func
    def main(A: T.Buffer((1, 256, 14, 14), "float16"), W: T.Buffer((512, 256, 1, 1), "float16"), conv2d_nchw: T.Buffer((1, 512, 7, 7), "float16")):
        T.func_attr({"tir.noalias": T.bool(True)})
        # with T.block("root"):
        conv2d_nchw_reindex_pad_shared_dyn = T.alloc_buffer((4, 16, 1, 2, 16, 16), "float16", scope="shared.dyn")
        conv2d_nchw_reindex_pad_shared_dyn_wmma_accumulator = T.alloc_buffer((4, 16, 1, 2, 16, 16), "float16", scope="wmma.accumulator")
        pad_temp_reindex_pad_shared_dyn = T.alloc_buffer((64, 256), "float16", scope="shared.dyn")
        W_reindex_shared_dyn = T.alloc_buffer((1, 1, 256, 512), "float16", scope="shared.dyn")
        pad_temp_reindex_pad_shared_dyn_wmma_matrix_a = T.alloc_buffer((64, 256), "float16", scope="wmma.matrix_a")
        W_reindex_shared_dyn_wmma_matrix_b = T.alloc_buffer((1, 1, 256, 512), "float16", scope="wmma.matrix_b")
        for ax0_ax1_ax2_0_0_ax3_0_0_fused in T.thread_binding(1, thread="blockIdx.y"):
            for ax2_0_1_ax3_0_1_fused in T.thread_binding(4, thread="blockIdx.x"):
                for ax2_0_2_ax3_0_2_fused in T.thread_binding(16, thread="threadIdx.y"):
                    for ax2_0_3_init, ax3_0_3_init, ax2_0_4_init, ax3_0_4_init in T.grid(1, 2, 1, 1):
                        with T.block("conv2d_nchw_o_init"):
                            v0_o = T.axis.spatial(1, 0)
                            v1_o = T.axis.spatial(1, 0)
                            v2_o = T.axis.spatial(4, ax2_0_1_ax3_0_1_fused + ax2_0_3_init + ax2_0_4_init)
                            v3_o = T.axis.spatial(32, ax2_0_2_ax3_0_2_fused * 2 + ax3_0_3_init + ax3_0_4_init)
                            T.reads()
                            T.writes(conv2d_nchw_reindex_pad_shared_dyn_wmma_accumulator[v2_o, v3_o // 2, 0, v3_o % 2, 0:16, 0:16])
                            T.block_attr({"meta_schedule.thread_extent_high_inclusive": 1024, "meta_schedule.thread_extent_low_inclusive": 32, "warp_execution": 1})
                            C = T.match_buffer(conv2d_nchw_reindex_pad_shared_dyn_wmma_accumulator[v2_o, v3_o // 2, 0, v3_o % 2, 0:16, 0:16], (16, 16), "float16", strides=("C_s0", "C_s1"), scope="wmma.accumulator", offset_factor=16)
                            T.tvm_fill_fragment(C.data, 16, 16, 16, C.elem_offset // C.strides[0] // 16 * (C.strides[0] // 16) + C.elem_offset % C.strides[0] // 16, T.float32(0.0))
                    for ax4_0_0 in range(16):
                        for ax0_ax1_fused_0 in range(1):
                            for ax0_ax1_fused_1 in T.thread_binding(16, thread="threadIdx.y"):
                                for ax0_ax1_fused_2 in T.thread_binding(32, thread="threadIdx.x"):
                                    for ax0_ax1_fused_3 in T.vectorized(4):
                                        with T.block("pad_temp_reindex_pad_shared.dyn"):
                                            v0 = T.axis.spatial(64, ax2_0_1_ax3_0_1_fused * 16 + (ax0_ax1_fused_0 * 2048 + ax0_ax1_fused_1 * 128 + ax0_ax1_fused_2 * 4 + ax0_ax1_fused_3) // 16)
                                            v1 = T.axis.spatial(256, ax4_0_0 * 16 + (ax0_ax1_fused_0 * 2048 + ax0_ax1_fused_1 * 128 + ax0_ax1_fused_2 * 4 + ax0_ax1_fused_3) % 16)
                                            T.where(((ax0_ax1_fused_0 * 16 + ax0_ax1_fused_1) * 32 + ax0_ax1_fused_2) * 4 + ax0_ax1_fused_3 < 256)
                                            T.reads(A[0, v1, v0 // 7 * 2, v0 % 7 * 2])
                                            T.writes(pad_temp_reindex_pad_shared_dyn[v0, v1])
                                            T.block_attr({"buffer_dim_align": [[0, 0, 32, 8]]})
                                            pad_temp_reindex_pad_shared_dyn[v0, v1] = T.if_then_else(v0 < 49, A[0, v1, v0 // 7 * 2, v0 % 7 * 2], T.float16(0.0))
                        for ax0_ax1_ax2_ax3_fused_0 in range(2):
                            for ax0_ax1_ax2_ax3_fused_1 in T.thread_binding(16, thread="threadIdx.y"):
                                for ax0_ax1_ax2_ax3_fused_2 in T.thread_binding(32, thread="threadIdx.x"):
                                    for ax0_ax1_ax2_ax3_fused_3 in T.vectorized(8):
                                        with T.block("W_reindex_shared.dyn"):
                                            v0 = T.axis.spatial(1, 0)
                                            v1 = T.axis.spatial(1, 0)
                                            v2 = T.axis.spatial(256, ax4_0_0 * 16 + (ax0_ax1_ax2_ax3_fused_0 * 4096 + ax0_ax1_ax2_ax3_fused_1 * 256 + ax0_ax1_ax2_ax3_fused_2 * 8 + ax0_ax1_ax2_ax3_fused_3) // 512)
                                            v3 = T.axis.spatial(512, (ax0_ax1_ax2_ax3_fused_0 * 4096 + ax0_ax1_ax2_ax3_fused_1 * 256 + ax0_ax1_ax2_ax3_fused_2 * 8 + ax0_ax1_ax2_ax3_fused_3) % 512)
                                            T.reads(W[v3, v2, v0, v1])
                                            T.writes(W_reindex_shared_dyn[v0, v1, v2, v3])
                                            T.block_attr({"buffer_dim_align": [[0, 2, 32, 8]]})
                                            W_reindex_shared_dyn[v0, v1, v2, v3] = W[v3, v2, v0, v1]
                        for ax4_0_1 in range(1):
                            for ax0_0, ax1_0 in T.grid(1, 1):
                                with T.block("pad_temp_reindex_pad_shared.dyn_wmma.matrix_a_o"):
                                    v0_o = T.axis.spatial(4, ax2_0_1_ax3_0_1_fused + ax0_0)
                                    v1_o = T.axis.spatial(16, ax4_0_0 + ax1_0)
                                    T.reads(pad_temp_reindex_pad_shared_dyn[v0_o * 16:v0_o * 16 + 16, v1_o * 16:v1_o * 16 + 16])
                                    T.writes(pad_temp_reindex_pad_shared_dyn_wmma_matrix_a[v0_o * 16:v0_o * 16 + 16, v1_o * 16:v1_o * 16 + 16])
                                    A_1 = T.match_buffer(pad_temp_reindex_pad_shared_dyn[v0_o * 16:v0_o * 16 + 16, v1_o * 16:v1_o * 16 + 16], (16, 16), "float16", strides=("A_s0", "A_s1"), scope="shared.dyn", offset_factor=16)
                                    C = T.match_buffer(pad_temp_reindex_pad_shared_dyn_wmma_matrix_a[v0_o * 16:v0_o * 16 + 16, v1_o * 16:v1_o * 16 + 16], (16, 16), "float16", strides=("C_s0", "C_s1"), scope="wmma.matrix_a", offset_factor=16)
                                    T.tvm_load_matrix_sync(C.data, 16, 16, 16, C.elem_offset // C.strides[0] // 16 * (C.strides[0] // 16) + C.elem_offset % C.strides[0] // 16, T.tvm_access_ptr(T.type_annotation("float16"), A_1.data, A_1.elem_offset, A_1.strides[0] * 16, 1), A_1.strides[0], "row_major")
                            for ax0, ax1, ax2_0, ax3_0 in T.grid(1, 1, 1, 2):
                                with T.block("W_reindex_shared.dyn_wmma.matrix_b_o"):
                                    v0_o, v1_o = T.axis.remap("SS", [ax0, ax1])
                                    v2_o = T.axis.spatial(16, ax4_0_0 + ax2_0)
                                    v3_o = T.axis.spatial(32, ax2_0_2_ax3_0_2_fused * 2 + ax3_0)
                                    T.reads(W_reindex_shared_dyn[v0_o, v1_o, v2_o * 16:v2_o * 16 + 16, v3_o * 16:v3_o * 16 + 16])
                                    T.writes(W_reindex_shared_dyn_wmma_matrix_b[v0_o, v1_o, v2_o * 16:v2_o * 16 + 16, v3_o * 16:v3_o * 16 + 16])
                                    A_1 = T.match_buffer(W_reindex_shared_dyn[v0_o, v1_o, v2_o * 16:v2_o * 16 + 16, v3_o * 16:v3_o * 16 + 16], (16, 16), "float16", strides=("A_s0", "A_s1"), scope="shared.dyn", offset_factor=16)
                                    C = T.match_buffer(W_reindex_shared_dyn_wmma_matrix_b[v0_o, v1_o, v2_o * 16:v2_o * 16 + 16, v3_o * 16:v3_o * 16 + 16], (16, 16), "float16", strides=("C_s0", "C_s1"), scope="wmma.matrix_b", offset_factor=16)
                                    T.tvm_load_matrix_sync(C.data, 16, 16, 16, C.elem_offset // C.strides[0] // 16 * (C.strides[0] // 16) + C.elem_offset % C.strides[0] // 16, T.tvm_access_ptr(T.type_annotation("float16"), A_1.data, A_1.elem_offset, A_1.strides[0] * 16, 1), A_1.strides[0], "row_major")
                            for ax2_0_3, ax3_0_3, ax4_0_2, ax2_0_4, ax3_0_4 in T.grid(1, 2, 1, 1, 1):
                                with T.block("conv2d_nchw_o_update"):
                                    v0_o = T.axis.spatial(1, 0)
                                    v1_o = T.axis.spatial(1, 0)
                                    v2_o = T.axis.spatial(4, ax2_0_1_ax3_0_1_fused + ax2_0_3 + ax2_0_4)
                                    v3_o = T.axis.spatial(32, ax2_0_2_ax3_0_2_fused * 2 + ax3_0_3 + ax3_0_4)
                                    v4_o = T.axis.reduce(16, ax4_0_0 + ax4_0_1 + ax4_0_2)
                                    T.reads(conv2d_nchw_reindex_pad_shared_dyn_wmma_accumulator[v2_o, v3_o // 2, 0, v3_o % 2, 0:16, 0:16], pad_temp_reindex_pad_shared_dyn_wmma_matrix_a[v2_o * 16:v2_o * 16 + 16, v4_o * 16:v4_o * 16 + 16], W_reindex_shared_dyn_wmma_matrix_b[v0_o, v1_o, v4_o * 16:v4_o * 16 + 16, v3_o * 16:v3_o * 16 + 16])
                                    T.writes(conv2d_nchw_reindex_pad_shared_dyn_wmma_accumulator[v2_o, v3_o // 2, 0, v3_o % 2, 0:16, 0:16])
                                    T.block_attr({"meta_schedule.thread_extent_high_inclusive": 1024, "meta_schedule.thread_extent_low_inclusive": 32, "warp_execution": 1})
                                    A_1 = T.match_buffer(pad_temp_reindex_pad_shared_dyn_wmma_matrix_a[v2_o * 16:v2_o * 16 + 16, v4_o * 16:v4_o * 16 + 16], (16, 16), "float16", strides=("A_s0", "A_s1"), scope="wmma.matrix_a", offset_factor=16)
                                    B = T.match_buffer(W_reindex_shared_dyn_wmma_matrix_b[v0_o, v1_o, v4_o * 16:v4_o * 16 + 16, v3_o * 16:v3_o * 16 + 16], (16, 16), "float16", strides=("B_s0", "B_s1"), scope="wmma.matrix_b", offset_factor=16)
                                    C = T.match_buffer(conv2d_nchw_reindex_pad_shared_dyn_wmma_accumulator[v2_o, v3_o // 2, 0, v3_o % 2, 0:16, 0:16], (16, 16), "float16", strides=("C_s0", "C_s1"), scope="wmma.accumulator", offset_factor=16)
                                    T.tvm_mma_sync(C.data, C.elem_offset // C.strides[0] // 16 * (C.strides[0] // 16) + C.elem_offset % C.strides[0] // 16, A_1.data, A_1.elem_offset // A_1.strides[0] // 16 * (A_1.strides[0] // 16) + A_1.elem_offset % A_1.strides[0] // 16, B.data, B.elem_offset // B.strides[0] // 16 * (B.strides[0] // 16) + B.elem_offset % B.strides[0] // 16, C.data, C.elem_offset // C.strides[0] // 16 * (C.strides[0] // 16) + C.elem_offset % C.strides[0] // 16)
                for ax2 in range(1):
                    for ax0_ax1_fused in T.thread_binding(16, thread="threadIdx.y"):
                        for ax2_1, ax3 in T.grid(1, 2):
                            with T.block("conv2d_nchw_reindex_pad_shared.dyn_wmma.accumulator_o"):
                                v0_o, v1_o, v2_o, v3_o = T.axis.remap("SSSS", [ax2_0_1_ax3_0_1_fused, ax0_ax1_fused, ax2_1, ax3])
                                v4_o = T.axis.spatial(1, 0)
                                v5_o = T.axis.spatial(1, 0)
                                T.reads(conv2d_nchw_reindex_pad_shared_dyn_wmma_accumulator[v0_o, v1_o, v2_o, v3_o, 0:16, 0:16])
                                T.writes(conv2d_nchw_reindex_pad_shared_dyn[v0_o, v1_o, v2_o, v3_o, 0:16, 0:16])
                                A_1 = T.match_buffer(conv2d_nchw_reindex_pad_shared_dyn_wmma_accumulator[v0_o, v1_o, v2_o, v3_o, 0:16, 0:16], (16, 16), "float16", strides=("A_s0", "A_s1"), scope="wmma.accumulator", offset_factor=16)
                                C = T.match_buffer(conv2d_nchw_reindex_pad_shared_dyn[v0_o, v1_o, v2_o, v3_o, 0:16, 0:16], (16, 16), "float16", strides=("C_s0", "C_s1"), scope="shared.dyn", offset_factor=16)
                                T.tvm_store_matrix_sync(A_1.data, 16, 16, 16, A_1.elem_offset // A_1.strides[0] // 16 * (A_1.strides[0] // 16) + A_1.elem_offset % A_1.strides[0] // 16, T.tvm_access_ptr(T.type_annotation("float16"), C.data, C.elem_offset, C.strides[0] * 16, 2), C.strides[0], "row_major")
                    for ax0_ax1_ax3_ax4_ax5_fused_0 in range(8):
                        for ax0_ax1_ax3_ax4_ax5_fused_1 in T.thread_binding(16, thread="threadIdx.y"):
                            for ax0_ax1_ax3_ax4_ax5_fused_2 in T.thread_binding(32, thread="threadIdx.x"):
                                for ax0_ax1_ax3_ax4_ax5_fused_3 in T.vectorized(2):
                                    with T.block("conv2d_nchw_reindex_pad_shared.dyn"):
                                        v0 = T.axis.spatial(4, ax2_0_1_ax3_0_1_fused)
                                        v1 = T.axis.spatial(16, (ax0_ax1_ax3_ax4_ax5_fused_0 * 1024 + ax0_ax1_ax3_ax4_ax5_fused_1 * 64 + ax0_ax1_ax3_ax4_ax5_fused_2 * 2 + ax0_ax1_ax3_ax4_ax5_fused_3) // 512)
                                        v2 = T.axis.spatial(1, ax2)
                                        v3 = T.axis.spatial(2, (ax0_ax1_ax3_ax4_ax5_fused_0 * 1024 + ax0_ax1_ax3_ax4_ax5_fused_1 * 64 + ax0_ax1_ax3_ax4_ax5_fused_2 * 2 + ax0_ax1_ax3_ax4_ax5_fused_3) % 512 // 256)
                                        v4 = T.axis.spatial(16, (ax0_ax1_ax3_ax4_ax5_fused_0 * 1024 + ax0_ax1_ax3_ax4_ax5_fused_1 * 64 + ax0_ax1_ax3_ax4_ax5_fused_2 * 2 + ax0_ax1_ax3_ax4_ax5_fused_3) % 256 // 16)
                                        v5 = T.axis.spatial(16, (ax0_ax1_ax3_ax4_ax5_fused_0 * 1024 + ax0_ax1_ax3_ax4_ax5_fused_1 * 64 + ax0_ax1_ax3_ax4_ax5_fused_2 * 2 + ax0_ax1_ax3_ax4_ax5_fused_3) % 16)
                                        T.where(ax2_0_1_ax3_0_1_fused * 16 + T.Mul(0, 16) + (((ax0_ax1_ax3_ax4_ax5_fused_0 * 16 + ax0_ax1_ax3_ax4_ax5_fused_1) * 32 + ax0_ax1_ax3_ax4_ax5_fused_2) * 2 + ax0_ax1_ax3_ax4_ax5_fused_3) % 256 // 16 < 49)
                                        T.reads(conv2d_nchw_reindex_pad_shared_dyn[v0, v1, v2, v3, v4, v5])
                                        T.writes(conv2d_nchw[0, v5 + v3 * 16 + v1 * 32, (v4 + v0 * 16) // 7, (v4 + v0 * 16) % 7])
                                        conv2d_nchw[0, v5 + v3 * 16 + v1 * 32, (v4 + v0 * 16) // 7, (v4 + v0 * 16) % 7] = conv2d_nchw_reindex_pad_shared_dyn[v0, v1, v2, v3, v4, v5]
b0 = sch.get_block(name="pad_temp", func_name="main")
b1 = sch.get_block(name="conv2d_nchw", func_name="main")
b2 = sch.get_block(name="root", func_name="main")
sch.annotate(block_or_loop=b1, ann_key="meta_schedule.tiling_structure", ann_val="SSSRRSRS")
b3 = sch.reindex(block=b1, buffer=("write", 0))
b4 = sch.reindex(block=b1, buffer=("read", 0))
b5 = sch.reindex(block=b1, buffer=("read", 1))
sch.transform_layout(block=b1, buffer=("read", 0), index_map=lambda v_nn, v_yy, v_xx, v_rc: (v_nn * 49 + v_yy * 7 + v_xx, v_rc,), pad_value=None, assume_injective_transform=True)
sch.transform_layout(block=b1, buffer=("read", 1), index_map=lambda v_ff, v_rc, v_ry, v_rx: (v_ry, v_rx, v_rc, v_ff,), pad_value=None, assume_injective_transform=True)
sch.transform_layout(block=b1, buffer=("write", 0), index_map=lambda v_nn, v_ff, v_yy, v_xx: (v_nn * 49 + v_yy * 7 + v_xx, v_ff,), pad_value=None, assume_injective_transform=True)
sch.transform_block_layout(block=b3, index_map=lambda v_nn, v_ff, v_yy, v_xx: (v_nn * 49 + v_yy * 7 + v_xx, v_ff,))
sch.transform_block_layout(block=b4, index_map=lambda v_nn, v_yy, v_xx, v_rc: (v_nn * 49 + v_yy * 7 + v_xx, v_rc,))
sch.transform_block_layout(block=b5, index_map=lambda v_ff, v_rc, v_ry, v_rx: (v_ry, v_rx, v_rc, v_ff,))
sch.transform_block_layout(block=b1, index_map=lambda v_nn, v_ff, v_yy, v_xx, v_rc, v_ry, v_rx: (v_ry, v_rx, v_nn * 49 + v_yy * 7 + v_xx, v_ff, v_rc,))
sch.pad_einsum(block=b1, padding=[1, 1, 16, 1, 1])
b6, b7 = sch.get_producers(block=b1)
b8, = sch.get_producers(block=b6)
b9, = sch.get_consumers(block=b1)
sch.compute_inline(block=b8)
sch.compute_inline(block=b9)
l10, l11, l12, l13, l14 = sch.get_loops(block=b1)
l15, l16 = sch.split(loop=l14, factors=[None, 16], preserve_unit_iters=True, disable_predication=False)
l17, l18 = sch.split(loop=l13, factors=[None, 16], preserve_unit_iters=True, disable_predication=False)
l19, l20 = sch.split(loop=l12, factors=[None, 16], preserve_unit_iters=True, disable_predication=False)
l21, l22, l23, l24, l25, l26, l27, l28 = sch.get_loops(block=b1)
sch.reorder(l25, l27, l20, l18, l16)
b29 = sch.blockize(target=l20, preserve_unit_iters=True)
sch.annotate(block_or_loop=b29, ann_key="meta_schedule.auto_tensorize", ann_val="wmma_sync_16x16x16_f16f16f16")
sch.annotate(block_or_loop=b29, ann_key="meta_schedule.auto_tensorize_init", ann_val="wmma_fill_16x16x16_f16")
sch.annotate(block_or_loop=b29, ann_key="warp_execution", ann_val=1)
l30, l31, l32, l33, l34 = sch.get_loops(block=b29)
v35, v36, v37, v38, v39 = sch.sample_perfect_tile(loop=l32, n=5, max_innermost_factor=4, decision=[1, 4, 1, 1, 1])
l40, l41, l42, l43, l44 = sch.split(loop=l32, factors=[v35, v36, v37, v38, v39], preserve_unit_iters=True, disable_predication=False)
v45, v46, v47, v48, v49 = sch.sample_perfect_tile(loop=l33, n=5, max_innermost_factor=4, decision=[1, 1, 16, 2, 1])
l50, l51, l52, l53, l54 = sch.split(loop=l33, factors=[v45, v46, v47, v48, v49], preserve_unit_iters=True, disable_predication=False)
v55, v56, v57 = sch.sample_perfect_tile(loop=l34, n=3, max_innermost_factor=4, decision=[16, 1, 1])
l58, l59, l60 = sch.split(loop=l34, factors=[v55, v56, v57], preserve_unit_iters=True, disable_predication=False)
sch.reorder(l40, l50, l41, l51, l42, l52, l58, l59, l43, l53, l60, l44, l54)
l61 = sch.fuse(l30, l31, l40, l50, preserve_unit_iters=True)
sch.bind(loop=l61, thread_axis="blockIdx.y")
l62 = sch.fuse(l41, l51, preserve_unit_iters=True)
sch.bind(loop=l62, thread_axis="blockIdx.x")
l63 = sch.fuse(l42, l52, preserve_unit_iters=True)
sch.bind(loop=l63, thread_axis="threadIdx.y")
sch.annotate(block_or_loop=b29, ann_key="meta_schedule.thread_extent_low_inclusive", ann_val=32)
sch.annotate(block_or_loop=b29, ann_key="meta_schedule.thread_extent_high_inclusive", ann_val=1024)
sch.transform_layout(block=b29, buffer=("write", 0), index_map=lambda i0, i1: (i0 // 16 // (v38 * v39), i1 // 16 // (v48 * v49), i0 // 16 % (v38 * v39), i1 // 16 % (v48 * v49), i0 % 16, i1 % 16,), pad_value=None, assume_injective_transform=True)
b64 = sch.cache_write(block=b29, write_buffer_index=0, storage_scope="shared.dyn")
sch.reverse_compute_at(block=b64, loop=l62, preserve_unit_loops=True, index=-1)
b65 = sch.cache_write(block=b29, write_buffer_index=0, storage_scope="wmma.accumulator")
l66, l67, l68, l69, l70, l71, l72, l73 = sch.get_loops(block=b64)
sch.reorder(l70, l68, l69, l71)
sch.compute_at(block=b65, loop=l70, preserve_unit_loops=True, index=-1)
l74, l75, l76, l77, l78, l79, l80, l81, l82 = sch.get_loops(block=b65)
l83 = sch.fuse(l77, l78, preserve_unit_iters=True)
sch.bind(loop=l83, thread_axis="threadIdx.y")
sch.reverse_compute_inline(block=b3)
l84, l85, l86, l87, l88, l89, l90, l91 = sch.get_loops(block=b65)
b92 = sch.blockize(target=l90, preserve_unit_iters=True)
sch.annotate(block_or_loop=b92, ann_key="meta_schedule.auto_tensorize", ann_val="wmma_store_16x16x16_f16_shared_dyn")
l93, l94, l95, l96, l97, l98, l99, l100 = sch.get_loops(block=b64)
l101 = sch.fuse(l96, l97, l98, l99, l100, preserve_unit_iters=True)
v102 = sch.sample_categorical(candidates=[1, 2, 4, 8], probs=[0.25, 0.25, 0.25, 0.25], decision=1)
sch.annotate(block_or_loop=b64, ann_key="meta_schedule.cooperative_fetch", ann_val=v102)
b103 = sch.cache_read(block=b29, read_buffer_index=0, storage_scope="shared.dyn", consumer_blocks=[b29])
sch.compute_at(block=b103, loop=l58, preserve_unit_loops=True, index=-1)
l104, l105, l106, l107, l108, l109 = sch.get_loops(block=b103)
l110 = sch.fuse(l108, l109, preserve_unit_iters=True)
v111 = sch.sample_categorical(candidates=[1, 2, 4, 8], probs=[0.25, 0.25, 0.25, 0.25], decision=2)
sch.annotate(block_or_loop=b103, ann_key="meta_schedule.cooperative_fetch", ann_val=v111)
b112 = sch.cache_read(block=b29, read_buffer_index=1, storage_scope="shared.dyn", consumer_blocks=[b29])
sch.compute_at(block=b112, loop=l58, preserve_unit_loops=True, index=-1)
l113, l114, l115, l116, l117, l118, l119, l120 = sch.get_loops(block=b112)
l121 = sch.fuse(l117, l118, l119, l120, preserve_unit_iters=True)
v122 = sch.sample_categorical(candidates=[1, 2, 4, 8], probs=[0.25, 0.25, 0.25, 0.25], decision=3)
sch.annotate(block_or_loop=b112, ann_key="meta_schedule.cooperative_fetch", ann_val=v122)
b123 = sch.cache_read(block=b29, read_buffer_index=0, storage_scope="wmma.matrix_a")
sch.compute_at(block=b123, loop=l59, preserve_unit_loops=True, index=-1)
l124, l125, l126, l127, l128, l129, l130 = sch.get_loops(block=b123)
l131, l132 = sch.split(loop=l130, factors=[None, 16], preserve_unit_iters=True, disable_predication=False)
l133, l134 = sch.split(loop=l129, factors=[None, 16], preserve_unit_iters=True, disable_predication=False)
l135, l136, l137, l138, l139, l140, l141, l142, l143 = sch.get_loops(block=b123)
sch.reorder(l142, l134, l132)
b144 = sch.blockize(target=l134, preserve_unit_iters=True)
sch.annotate(block_or_loop=b144, ann_key="meta_schedule.auto_tensorize", ann_val="wmma_load_16x16x16_f16_a_shared_dyn")
b145 = sch.cache_read(block=b29, read_buffer_index=1, storage_scope="wmma.matrix_b")
sch.compute_at(block=b145, loop=l59, preserve_unit_loops=True, index=-1)
l146, l147, l148, l149, l150, l151, l152, l153, l154 = sch.get_loops(block=b145)
l155, l156 = sch.split(loop=l154, factors=[None, 16], preserve_unit_iters=True, disable_predication=False)
l157, l158 = sch.split(loop=l153, factors=[None, 16], preserve_unit_iters=True, disable_predication=False)
l159, l160, l161, l162, l163, l164, l165, l166, l167, l168, l169 = sch.get_loops(block=b145)
sch.reorder(l168, l158, l156)
b170 = sch.blockize(target=l158, preserve_unit_iters=True)
sch.annotate(block_or_loop=b170, ann_key="meta_schedule.auto_tensorize", ann_val="wmma_load_16x16x16_f16_b_shared_dyn")
b171, = sch.get_producers(block=b103)
sch.compute_inline(block=b171)
sch.storage_align(block=b103, buffer_index=0, axis=-2, factor=32, offset=8)
b172, = sch.get_producers(block=b112)
sch.compute_inline(block=b172)
sch.storage_align(block=b112, buffer_index=0, axis=-2, factor=32, offset=8)
sch.compute_inline(block=b0)
v173 = sch.sample_categorical(candidates=[0, 16, 64, 512, 1024], probs=[0.20000000000000001, 0.20000000000000001, 0.20000000000000001, 0.20000000000000001, 0.20000000000000001], decision=0)
sch.annotate(block_or_loop=b2, ann_key="meta_schedule.unroll_explicit", ann_val=v173)
sch.enter_postproc()
sch.unannotate(block_or_loop=b64, ann_key="meta_schedule.cooperative_fetch")
l174, l175, l176, l177 = sch.get_loops(block=b64)
l178, l179, l180, l181 = sch.split(loop=l177, factors=[None, 16, 32, 2], preserve_unit_iters=True, disable_predication=False)
sch.vectorize(loop=l181)
sch.bind(loop=l180, thread_axis="threadIdx.x")
sch.bind(loop=l179, thread_axis="threadIdx.y")
sch.unannotate(block_or_loop=b103, ann_key="meta_schedule.cooperative_fetch")
l182, l183, l184, l185, l186 = sch.get_loops(block=b103)
l187, l188, l189, l190 = sch.split(loop=l186, factors=[None, 16, 32, 4], preserve_unit_iters=True, disable_predication=False)
sch.vectorize(loop=l190)
sch.bind(loop=l189, thread_axis="threadIdx.x")
sch.bind(loop=l188, thread_axis="threadIdx.y")
sch.unannotate(block_or_loop=b112, ann_key="meta_schedule.cooperative_fetch")
l191, l192, l193, l194, l195 = sch.get_loops(block=b112)
l196, l197, l198, l199 = sch.split(loop=l195, factors=[None, 16, 32, 8], preserve_unit_iters=True, disable_predication=False)
sch.vectorize(loop=l199)
sch.bind(loop=l198, thread_axis="threadIdx.x")
sch.bind(loop=l197, thread_axis="threadIdx.y")
b200 = sch.get_block(name="root", func_name="main")
sch.unannotate(block_or_loop=b200, ann_key="meta_schedule.unroll_explicit")
b201, b202, b203, b204, b205, b206, b207 = sch.get_child_blocks(b200)
l208, l209, l210, l211, l212, l213, l214, l215 = sch.get_loops(block=b201)
l216, l217, l218, l219, l220, l221, l222, l223 = sch.get_loops(block=b202)
l224, l225, l226, l227, l228, l229, l230 = sch.get_loops(block=b203)
l231, l232, l233, l234, l235, l236, l237, l238, l239 = sch.get_loops(block=b204)
l240, l241, l242, l243, l244, l245, l246, l247, l248, l249 = sch.get_loops(block=b205)
l250, l251, l252, l253, l254, l255 = sch.get_loops(block=b206)
l256, l257, l258, l259, l260, l261, l262 = sch.get_loops(block=b207)
b263 = sch.get_block(name="conv2d_nchw_o", func_name="main")
l264, l265, l266, l267, l268, l269, l270, l271, l272, l273 = sch.get_loops(block=b263)
b274 = sch.decompose_reduction(block=b263, loop=l267)
sch.unannotate(block_or_loop=b274, ann_key="meta_schedule.auto_tensorize")
sch.annotate(block_or_loop=b274, ann_key="meta_schedule.auto_tensorize", ann_val="wmma_fill_16x16x16_f16")
sch.unannotate(block_or_loop=b263, ann_key="meta_schedule.auto_tensorize_init")
sch.unannotate(block_or_loop=b274, ann_key="meta_schedule.auto_tensorize_init")
b275 = sch.get_block(name="conv2d_nchw_o_init", func_name="main")
sch.unannotate(block_or_loop=b275, ann_key="meta_schedule.auto_tensorize")
sch.tensorize(block_or_loop=b275, tensor_intrin="wmma_fill_16x16x16_f16", preserve_unit_iters=True)
b276 = sch.get_block(name="pad_temp_reindex_pad_shared.dyn_wmma.matrix_a_o", func_name="main")
sch.unannotate(block_or_loop=b276, ann_key="meta_schedule.auto_tensorize")
sch.tensorize(block_or_loop=b276, tensor_intrin="wmma_load_16x16x16_f16_a_shared_dyn", preserve_unit_iters=True)
b277 = sch.get_block(name="W_reindex_shared.dyn_wmma.matrix_b_o", func_name="main")
sch.unannotate(block_or_loop=b277, ann_key="meta_schedule.auto_tensorize")
sch.tensorize(block_or_loop=b277, tensor_intrin="wmma_load_16x16x16_f16_b_shared_dyn", preserve_unit_iters=True)
b278 = sch.get_block(name="conv2d_nchw_o_update", func_name="main")
sch.unannotate(block_or_loop=b278, ann_key="meta_schedule.auto_tensorize")
sch.tensorize(block_or_loop=b278, tensor_intrin="wmma_sync_16x16x16_f16f16f16", preserve_unit_iters=True)
b279 = sch.get_block(name="conv2d_nchw_reindex_pad_shared.dyn_wmma.accumulator_o", func_name="main")
sch.unannotate(block_or_loop=b279, ann_key="meta_schedule.auto_tensorize")
sch.tensorize(block_or_loop=b279, tensor_intrin="wmma_store_16x16x16_f16_shared_dyn", preserve_unit_iters=True)
2025-10-11 01:47:53 [INFO] [task_scheduler.cc:131] [Task #0: main] Trial #29: GFLOPs: 399.5829. Time: 32.1462 us. Best GFLOPs: 2523.2627
2025-10-11 01:47:53 [INFO] [task_scheduler.cc:131] [Task #0: main] Trial #30: GFLOPs: 1184.1110. Time: 10.8478 us. Best GFLOPs: 2523.2627
2025-10-11 01:47:53 [INFO] [task_scheduler.cc:131] [Task #0: main] Trial #31: GFLOPs: 187.8476. Time: 68.3802 us. Best GFLOPs: 2523.2627
2025-10-11 01:47:53 [INFO] [task_scheduler.cc:131] [Task #0: main] Trial #32: GFLOPs: 903.0806. Time: 14.2236 us. Best GFLOPs: 2523.2627
2025-10-11 01:47:53 [INFO] [task_scheduler.cc:131] [Task #0: main] Trial #33: GFLOPs: 1747.5028. Time: 7.3505 us. Best GFLOPs: 2523.2627
2025-10-11 01:47:53 [INFO] [task_scheduler.cc:131] [Task #0: main] Trial #34: GFLOPs: 188.2033. Time: 68.2509 us. Best GFLOPs: 2523.2627
2025-10-11 01:47:53 [INFO] [task_scheduler.cc:131] [Task #0: main] Trial #35: GFLOPs: 396.4797. Time: 32.3978 us. Best GFLOPs: 2523.2627
2025-10-11 01:47:53 [INFO] [task_scheduler.cc:131] [Task #0: main] Trial #36: GFLOPs: 844.2716. Time: 15.2144 us. Best GFLOPs: 2523.2627
2025-10-11 01:47:53 [INFO] [task_scheduler.cc:131] [Task #0: main] Trial #37: GFLOPs: 670.2738. Time: 19.1639 us. Best GFLOPs: 2523.2627
2025-10-11 01:47:53 [INFO] [task_scheduler.cc:131] [Task #0: main] Trial #38: GFLOPs: 980.5253. Time: 13.1002 us. Best GFLOPs: 2523.2627
2025-10-11 01:47:53 [INFO] [task_scheduler.cc:131] [Task #0: main] Trial #39: GFLOPs: 1373.8545. Time: 9.3496 us. Best GFLOPs: 2523.2627
2025-10-11 01:47:53 [INFO] [task_scheduler.cc:131] [Task #0: main] Trial #40: GFLOPs: 1035.6785. Time: 12.4026 us. Best GFLOPs: 2523.2627
2025-10-11 01:47:53 [INFO] [task_scheduler.cc:131] [Task #0: main] Trial #41: GFLOPs: 1945.5067. Time: 6.6024 us. Best GFLOPs: 2523.2627
2025-10-11 01:47:53 [INFO] [task_scheduler.cc:131] [Task #0: main] Trial #42: GFLOPs: 296.8375. Time: 43.2730 us. Best GFLOPs: 2523.2627
2025-10-11 01:47:53 [INFO] [task_scheduler.cc:131] [Task #0: main] Trial #43: GFLOPs: 1587.9086. Time: 8.0893 us. Best GFLOPs: 2523.2627
2025-10-11 01:47:53 [INFO] [task_scheduler.cc:131] [Task #0: main] Trial #44: GFLOPs: 1729.6668. Time: 7.4263 us. Best GFLOPs: 2523.2627
2025-10-11 01:47:53 [INFO] [task_scheduler.cc:121] [Task #0: main] Trial #45: Error in building:
LocalBuilder: An exception occurred
Traceback (most recent call last):
  File "/workspace/tvm-dev/python/tvm/exec/popen_worker.py", line 87, in main
    result = fn(*args, **kwargs)
             ^^^^^^^^^^^^^^^^^^^
  File "/workspace/tvm-dev/python/tvm/meta_schedule/builder/local_builder.py", line 165, in <lambda>
    lambda x: _worker_func(*x),
              ^^^^^^^^^^^^^^^^
  File "/workspace/tvm-dev/python/tvm/meta_schedule/builder/local_builder.py", line 231, in _worker_func
    rt_mod: Module = f_build(mod, target, _deserialize_params(params))
                     ^^^^^^^^^^^^^^^^^^^^^^^^^^^^^^^^^^^^^^^^^^^^^^^^^
  File "/workspace/tvm-dev/python/tvm/_ffi/_ctypes/packed_func.py", line 245, in __call__
    raise_last_ffi_error()
  File "/workspace/tvm-dev/python/tvm/_ffi/base.py", line 481, in raise_last_ffi_error
    raise py_err
  File "/workspace/tvm-dev/python/tvm/meta_schedule/builder/local_builder.py", line 261, in default_build
    return tvm_build(mod, target=target)
           ^^^^^^^^^^^^^^^^^^^^^^^^^^^^^
  File "/workspace/tvm-dev/python/tvm/driver/build_module.py", line 297, in build
    rt_mod_host = _driver_ffi.tir_to_runtime(annotated_mods, target_host)
                  ^^^^^^^^^^^^^^^^^^^^^^^^^^^^^^^^^^^^^^^^^^^^^^^^^^^^^^^
  File "/workspace/tvm-dev/python/tvm/_ffi/_ctypes/packed_func.py", line 245, in __call__
    raise_last_ffi_error()
  File "/workspace/tvm-dev/python/tvm/_ffi/base.py", line 481, in raise_last_ffi_error
    raise py_err
ValueError: Traceback (most recent call last):
  14: tvm::runtime::PackedFuncObj::Extractor<tvm::runtime::PackedFuncSubObj<tvm::runtime::TypedPackedFunc<tvm::runtime::Module (tvm::runtime::Map<tvm::Target, tvm::IRModule, void, void> const&, tvm::Target)>::AssignTypedLambda<tvm::__mk_TVM24::{lambda(tvm::runtime::Map<tvm::Target, tvm::IRModule, void, void> const&, tvm::Target)#1}>(tvm::__mk_TVM24::{lambda(tvm::runtime::Map<tvm::Target, tvm::IRModule, void, void> const&, tvm::Target)#1}, std::__cxx11::basic_string<char, std::char_traits<char>, std::allocator<char> >)::{lambda(tvm::runtime::TVMArgs const&, tvm::runtime::TVMRetValue*)#1}> >::Call(tvm::runtime::PackedFuncObj const*, std::__cxx11::basic_string<char, std::char_traits<char>, std::allocator<char> >, tvm::runtime::TVMRetValue)
  13: tvm::TIRToRuntime(tvm::runtime::Map<tvm::Target, tvm::IRModule, void, void> const&, tvm::Target const&)
  12: tvm::codegen::Build(tvm::IRModule, tvm::Target)
  11: _ZN3tvm7runtime13PackedFuncObj
  10: tvm::runtime::TypedPackedFunc<tvm::runtime::Module (tvm::IRModule, tvm::Target)>::AssignTypedLambda<tvm::runtime::Module (*)(tvm::IRModule, tvm::Target)>(tvm::runtime::Module (*)(tvm::IRModule, tvm::Target), std::__cxx11::basic_string<char, std::char_traits<char>, std::allocator<char> >)::{lambda(tvm::runtime::TVMArgs const&, tvm::runtime::TVMRetValue*)#1}::operator()(tvm::runtime::TVMArgs const&, tvm::runtime::TVMRetValue*) const
  9: tvm::codegen::BuildCUDA(tvm::IRModule, tvm::Target)
  8: tvm::codegen::CodeGenC::AddFunction(tvm::GlobalVar const&, tvm::tir::PrimFunc const&)
  7: tvm::codegen::CodeGenCUDA::VisitStmt_(tvm::tir::AllocateNode const*)
  6: tvm::codegen::CodeGenCUDA::VisitStmt_(tvm::tir::AllocateNode const*)
  5: tvm::codegen::CodeGenCUDA::VisitStmt_(tvm::tir::AllocateNode const*)
  4: tvm::codegen::CodeGenCUDA::VisitStmt_(tvm::tir::AllocateNode const*)
  3: tvm::codegen::CodeGenC::VisitStmt_(tvm::tir::SeqStmtNode const*)
  2: tvm::codegen::CodeGenC::VisitStmt_(tvm::tir::BufferStoreNode const*)
  1: tvm::codegen::CodeGenC::PrintExpr[abi:cxx11](tvm::PrimExpr const&)
  0: tvm::codegen::CodeGenCUDA::VisitExpr_(tvm::tir::RampNode const*, std::ostream&)
  File "/workspace/tvm-dev/src/target/source/codegen_cuda.cc", line 1204
ValueError: Check failed: lanes <= 4 (8 vs. 4) : Ramp of more than 4 lanes is not allowed.

# from tvm.script import ir as I
# from tvm.script import tir as T

@I.ir_module
class Module:
    @T.prim_func
    def main(A: T.Buffer((1, 256, 14, 14), "float16"), W: T.Buffer((512, 256, 1, 1), "float16"), conv2d_nchw: T.Buffer((1, 512, 7, 7), "float16")):
        T.func_attr({"tir.noalias": T.bool(True)})
        # with T.block("root"):
        conv2d_nchw_reindex_pad_shared_dyn = T.alloc_buffer((2, 32, 2, 1, 16, 16), "float16", scope="shared.dyn")
        conv2d_nchw_reindex_pad_shared_dyn_wmma_accumulator = T.alloc_buffer((2, 32, 2, 1, 16, 16), "float16", scope="wmma.accumulator")
        pad_temp_reindex_pad_shared_dyn = T.alloc_buffer((64, 256), "float16", scope="shared.dyn")
        W_reindex_shared_dyn = T.alloc_buffer((1, 1, 512, 256), "float16", scope="shared.dyn")
        pad_temp_reindex_pad_shared_dyn_wmma_matrix_a = T.alloc_buffer((64, 256), "float16", scope="wmma.matrix_a")
        W_reindex_shared_dyn_wmma_matrix_b = T.alloc_buffer((1, 1, 512, 256), "float16", scope="wmma.matrix_b")
        for ax0_ax1_ax2_0_0_ax3_0_0_fused in T.thread_binding(1, thread="blockIdx.y", annotations={"pragma_auto_unroll_max_step": 512, "pragma_unroll_explicit": 1}):
            for ax2_0_1_ax3_0_1_fused in T.thread_binding(8, thread="blockIdx.x"):
                for ax2_0_2_ax3_0_2_fused in T.thread_binding(8, thread="threadIdx.y"):
                    for ax2_0_3_init, ax3_0_3_init, ax2_0_4_init, ax3_0_4_init in T.grid(2, 1, 1, 1):
                        with T.block("conv2d_nchw_o_init"):
                            v0_o = T.axis.spatial(1, 0)
                            v1_o = T.axis.spatial(1, 0)
                            v2_o = T.axis.spatial(4, ax2_0_2_ax3_0_2_fused // 4 * 2 + ax2_0_3_init + ax2_0_4_init)
                            v3_o = T.axis.spatial(32, ax2_0_1_ax3_0_1_fused * 4 + ax2_0_2_ax3_0_2_fused % 4 + ax3_0_3_init + ax3_0_4_init)
                            T.reads()
                            T.writes(conv2d_nchw_reindex_pad_shared_dyn_wmma_accumulator[v2_o // 2, v3_o, v2_o % 2, 0, 0:16, 0:16])
                            T.block_attr({"meta_schedule.thread_extent_high_inclusive": 1024, "meta_schedule.thread_extent_low_inclusive": 32, "warp_execution": 1})
                            C = T.match_buffer(conv2d_nchw_reindex_pad_shared_dyn_wmma_accumulator[v2_o // 2, v3_o, v2_o % 2, 0, 0:16, 0:16], (16, 16), "float16", strides=("C_s0", "C_s1"), scope="wmma.accumulator", offset_factor=16)
                            T.tvm_fill_fragment(C.data, 16, 16, 16, C.elem_offset // C.strides[0] // 16 * (C.strides[0] // 16) + C.elem_offset % C.strides[0] // 16, T.float32(0.0))
                    for ax4_0_0 in range(4):
                        for ax0_ax1_fused_0 in range(16):
                            for ax0_ax1_fused_1 in T.thread_binding(8, thread="threadIdx.y"):
                                for ax0_ax1_fused_2 in T.thread_binding(32, thread="threadIdx.x"):
                                    with T.block("pad_temp_reindex_pad_shared.dyn"):
                                        v0 = T.axis.spatial(64, (ax0_ax1_fused_0 * 256 + ax0_ax1_fused_1 * 32 + ax0_ax1_fused_2) // 64)
                                        v1 = T.axis.spatial(256, ax4_0_0 * 64 + (ax0_ax1_fused_0 * 256 + ax0_ax1_fused_1 * 32 + ax0_ax1_fused_2) % 64)
                                        T.reads(A[0, v1, v0 // 7 * 2, v0 % 7 * 2])
                                        T.writes(pad_temp_reindex_pad_shared_dyn[v0, v1])
                                        T.block_attr({"buffer_dim_align": [[0, 0, 32, 8]]})
                                        pad_temp_reindex_pad_shared_dyn[v0, v1] = T.if_then_else(v0 < 49, A[0, v1, v0 // 7 * 2, v0 % 7 * 2], T.float16(0.0))
                        for ax0_ax1_ax2_ax3_fused_0 in range(16):
                            for ax0_ax1_ax2_ax3_fused_1 in T.thread_binding(8, thread="threadIdx.y"):
                                for ax0_ax1_ax2_ax3_fused_2 in T.thread_binding(32, thread="threadIdx.x"):
                                    with T.block("W_reindex_shared.dyn"):
                                        v0 = T.axis.spatial(1, 0)
                                        v1 = T.axis.spatial(1, 0)
                                        v2 = T.axis.spatial(512, ax2_0_1_ax3_0_1_fused * 64 + (ax0_ax1_ax2_ax3_fused_0 * 256 + ax0_ax1_ax2_ax3_fused_1 * 32 + ax0_ax1_ax2_ax3_fused_2) // 64)
                                        v3 = T.axis.spatial(256, ax4_0_0 * 64 + (ax0_ax1_ax2_ax3_fused_0 * 256 + ax0_ax1_ax2_ax3_fused_1 * 32 + ax0_ax1_ax2_ax3_fused_2) % 64)
                                        T.reads(W[v2, v3, v0, v1])
                                        T.writes(W_reindex_shared_dyn[v0, v1, v2, v3])
                                        T.block_attr({"buffer_dim_align": [[0, 2, 32, 8]]})
                                        W_reindex_shared_dyn[v0, v1, v2, v3] = W[v2, v3, v0, v1]
                        for ax4_0_1 in range(2):
                            for ax0_0, ax1_0 in T.grid(2, 2):
                                with T.block("pad_temp_reindex_pad_shared.dyn_wmma.matrix_a_o"):
                                    v0_o = T.axis.spatial(4, ax2_0_2_ax3_0_2_fused // 4 * 2 + ax0_0)
                                    v1_o = T.axis.spatial(16, ax4_0_0 * 4 + ax4_0_1 * 2 + ax1_0)
                                    T.reads(pad_temp_reindex_pad_shared_dyn[v0_o * 16:v0_o * 16 + 16, v1_o * 16:v1_o * 16 + 16])
                                    T.writes(pad_temp_reindex_pad_shared_dyn_wmma_matrix_a[v0_o * 16:v0_o * 16 + 16, v1_o * 16:v1_o * 16 + 16])
                                    A_1 = T.match_buffer(pad_temp_reindex_pad_shared_dyn[v0_o * 16:v0_o * 16 + 16, v1_o * 16:v1_o * 16 + 16], (16, 16), "float16", strides=("A_s0", "A_s1"), scope="shared.dyn", offset_factor=16)
                                    C = T.match_buffer(pad_temp_reindex_pad_shared_dyn_wmma_matrix_a[v0_o * 16:v0_o * 16 + 16, v1_o * 16:v1_o * 16 + 16], (16, 16), "float16", strides=("C_s0", "C_s1"), scope="wmma.matrix_a", offset_factor=16)
                                    T.tvm_load_matrix_sync(C.data, 16, 16, 16, C.elem_offset // C.strides[0] // 16 * (C.strides[0] // 16) + C.elem_offset % C.strides[0] // 16, T.tvm_access_ptr(T.type_annotation("float16"), A_1.data, A_1.elem_offset, A_1.strides[0] * 16, 1), A_1.strides[0], "row_major")
                            for ax0, ax1, ax2_0, ax3_0 in T.grid(1, 1, 1, 2):
                                with T.block("W_reindex_shared.dyn_wmma.matrix_b_o"):
                                    v0_o, v1_o = T.axis.remap("SS", [ax0, ax1])
                                    v2_o = T.axis.spatial(32, ax2_0_1_ax3_0_1_fused * 4 + ax2_0_2_ax3_0_2_fused % 4 + ax2_0)
                                    v3_o = T.axis.spatial(16, ax4_0_0 * 4 + ax4_0_1 * 2 + ax3_0)
                                    T.reads(W_reindex_shared_dyn[v0_o, v1_o, v2_o * 16:v2_o * 16 + 16, v3_o * 16:v3_o * 16 + 16])
                                    T.writes(W_reindex_shared_dyn_wmma_matrix_b[v0_o, v1_o, v2_o * 16:v2_o * 16 + 16, v3_o * 16:v3_o * 16 + 16])
                                    A_1 = T.match_buffer(W_reindex_shared_dyn[v0_o, v1_o, v2_o * 16:v2_o * 16 + 16, v3_o * 16:v3_o * 16 + 16], (16, 16), "float16", strides=("A_s0", "A_s1"), scope="shared.dyn", offset_factor=16)
                                    C = T.match_buffer(W_reindex_shared_dyn_wmma_matrix_b[v0_o, v1_o, v2_o * 16:v2_o * 16 + 16, v3_o * 16:v3_o * 16 + 16], (16, 16), "float16", strides=("C_s0", "C_s1"), scope="wmma.matrix_b", offset_factor=16)
                                    T.tvm_load_matrix_sync(C.data, 16, 16, 16, C.elem_offset // C.strides[0] // 16 * (C.strides[0] // 16) + C.elem_offset % C.strides[0] // 16, T.tvm_access_ptr(T.type_annotation("float16"), A_1.data, A_1.elem_offset, A_1.strides[0] * 16, 1), A_1.strides[0], "col_major")
                            for ax2_0_3, ax3_0_3, ax4_0_2, ax2_0_4, ax3_0_4 in T.grid(2, 1, 2, 1, 1):
                                with T.block("conv2d_nchw_o_update"):
                                    v0_o = T.axis.spatial(1, 0)
                                    v1_o = T.axis.spatial(1, 0)
                                    v2_o = T.axis.spatial(4, ax2_0_2_ax3_0_2_fused // 4 * 2 + ax2_0_3 + ax2_0_4)
                                    v3_o = T.axis.spatial(32, ax2_0_1_ax3_0_1_fused * 4 + ax2_0_2_ax3_0_2_fused % 4 + ax3_0_3 + ax3_0_4)
                                    v4_o = T.axis.reduce(16, ax4_0_0 * 4 + ax4_0_1 * 2 + ax4_0_2)
                                    T.reads(conv2d_nchw_reindex_pad_shared_dyn_wmma_accumulator[v2_o // 2, v3_o, v2_o % 2, 0, 0:16, 0:16], pad_temp_reindex_pad_shared_dyn_wmma_matrix_a[v2_o * 16:v2_o * 16 + 16, v4_o * 16:v4_o * 16 + 16], W_reindex_shared_dyn_wmma_matrix_b[v0_o, v1_o, v3_o * 16:v3_o * 16 + 16, v4_o * 16:v4_o * 16 + 16])
                                    T.writes(conv2d_nchw_reindex_pad_shared_dyn_wmma_accumulator[v2_o // 2, v3_o, v2_o % 2, 0, 0:16, 0:16])
                                    T.block_attr({"meta_schedule.thread_extent_high_inclusive": 1024, "meta_schedule.thread_extent_low_inclusive": 32, "warp_execution": 1})
                                    A_1 = T.match_buffer(pad_temp_reindex_pad_shared_dyn_wmma_matrix_a[v2_o * 16:v2_o * 16 + 16, v4_o * 16:v4_o * 16 + 16], (16, 16), "float16", strides=("A_s0", "A_s1"), scope="wmma.matrix_a", offset_factor=16)
                                    B = T.match_buffer(W_reindex_shared_dyn_wmma_matrix_b[v0_o, v1_o, v3_o * 16:v3_o * 16 + 16, v4_o * 16:v4_o * 16 + 16], (16, 16), "float16", strides=("B_s0", "B_s1"), scope="wmma.matrix_b", offset_factor=16)
                                    C = T.match_buffer(conv2d_nchw_reindex_pad_shared_dyn_wmma_accumulator[v2_o // 2, v3_o, v2_o % 2, 0, 0:16, 0:16], (16, 16), "float16", strides=("C_s0", "C_s1"), scope="wmma.accumulator", offset_factor=16)
                                    T.tvm_mma_sync(C.data, C.elem_offset // C.strides[0] // 16 * (C.strides[0] // 16) + C.elem_offset % C.strides[0] // 16, A_1.data, A_1.elem_offset // A_1.strides[0] // 16 * (A_1.strides[0] // 16) + A_1.elem_offset % A_1.strides[0] // 16, B.data, B.elem_offset // B.strides[0] // 16 * (B.strides[0] // 16) + B.elem_offset % B.strides[0] // 16, C.data, C.elem_offset // C.strides[0] // 16 * (C.strides[0] // 16) + C.elem_offset % C.strides[0] // 16)
                for ax2 in range(2):
                    for ax0_ax1_fused in T.thread_binding(8, thread="threadIdx.y"):
                        for ax2_1, ax3 in T.grid(1, 1):
                            with T.block("conv2d_nchw_reindex_pad_shared.dyn_wmma.accumulator_o"):
                                v0_o = T.axis.spatial(2, ax0_ax1_fused // 4)
                                v1_o = T.axis.spatial(32, ax2_0_1_ax3_0_1_fused * 4 + ax0_ax1_fused % 4)
                                v2_o = T.axis.spatial(2, ax2 + ax2_1)
                                v3_o = T.axis.spatial(1, ax3)
                                v4_o = T.axis.spatial(1, 0)
                                v5_o = T.axis.spatial(1, 0)
                                T.reads(conv2d_nchw_reindex_pad_shared_dyn_wmma_accumulator[v0_o, v1_o, v2_o, v3_o, 0:16, 0:16])
                                T.writes(conv2d_nchw_reindex_pad_shared_dyn[v0_o, v1_o, v2_o, v3_o, 0:16, 0:16])
                                A_1 = T.match_buffer(conv2d_nchw_reindex_pad_shared_dyn_wmma_accumulator[v0_o, v1_o, v2_o, v3_o, 0:16, 0:16], (16, 16), "float16", strides=("A_s0", "A_s1"), scope="wmma.accumulator", offset_factor=16)
                                C = T.match_buffer(conv2d_nchw_reindex_pad_shared_dyn[v0_o, v1_o, v2_o, v3_o, 0:16, 0:16], (16, 16), "float16", strides=("C_s0", "C_s1"), scope="shared.dyn", offset_factor=16)
                                T.tvm_store_matrix_sync(A_1.data, 16, 16, 16, A_1.elem_offset // A_1.strides[0] // 16 * (A_1.strides[0] // 16) + A_1.elem_offset % A_1.strides[0] // 16, T.tvm_access_ptr(T.type_annotation("float16"), C.data, C.elem_offset, C.strides[0] * 16, 2), C.strides[0], "row_major")
                    for ax0_ax1_ax3_ax4_ax5_fused_0 in range(1):
                        for ax0_ax1_ax3_ax4_ax5_fused_1 in T.thread_binding(8, thread="threadIdx.y"):
                            for ax0_ax1_ax3_ax4_ax5_fused_2 in T.thread_binding(32, thread="threadIdx.x"):
                                for ax0_ax1_ax3_ax4_ax5_fused_3 in T.vectorized(8):
                                    with T.block("conv2d_nchw_reindex_pad_shared.dyn"):
                                        v0 = T.axis.spatial(2, (ax0_ax1_ax3_ax4_ax5_fused_0 * 2048 + ax0_ax1_ax3_ax4_ax5_fused_1 * 256 + ax0_ax1_ax3_ax4_ax5_fused_2 * 8 + ax0_ax1_ax3_ax4_ax5_fused_3) // 1024)
                                        v1 = T.axis.spatial(32, ax2_0_1_ax3_0_1_fused * 4 + (ax0_ax1_ax3_ax4_ax5_fused_0 * 2048 + ax0_ax1_ax3_ax4_ax5_fused_1 * 256 + ax0_ax1_ax3_ax4_ax5_fused_2 * 8 + ax0_ax1_ax3_ax4_ax5_fused_3) % 1024 // 256)
                                        v2 = T.axis.spatial(2, ax2)
                                        v3 = T.axis.spatial(1, 0)
                                        v4 = T.axis.spatial(16, (ax0_ax1_ax3_ax4_ax5_fused_0 * 2048 + ax0_ax1_ax3_ax4_ax5_fused_1 * 256 + ax0_ax1_ax3_ax4_ax5_fused_2 * 8 + ax0_ax1_ax3_ax4_ax5_fused_3) % 256 // 16)
                                        v5 = T.axis.spatial(16, (ax0_ax1_ax3_ax4_ax5_fused_0 * 2048 + ax0_ax1_ax3_ax4_ax5_fused_1 * 256 + ax0_ax1_ax3_ax4_ax5_fused_2 * 8 + ax0_ax1_ax3_ax4_ax5_fused_3) % 16)
                                        T.where((((ax0_ax1_ax3_ax4_ax5_fused_0 * 8 + ax0_ax1_ax3_ax4_ax5_fused_1) * 32 + ax0_ax1_ax3_ax4_ax5_fused_2) * 8 + ax0_ax1_ax3_ax4_ax5_fused_3) // 1024 * 32 + ax2 * 16 + (((ax0_ax1_ax3_ax4_ax5_fused_0 * 8 + ax0_ax1_ax3_ax4_ax5_fused_1) * 32 + ax0_ax1_ax3_ax4_ax5_fused_2) * 8 + ax0_ax1_ax3_ax4_ax5_fused_3) % 256 // 16 < 49)
                                        T.reads(conv2d_nchw_reindex_pad_shared_dyn[v0, v1, v2, v3, v4, v5])
                                        T.writes(conv2d_nchw[0, v5 + v1 * 16, (v4 + v2 * 16 + v0 * 32) // 7, (v4 + v2 * 16 + v0 * 32) % 7])
                                        conv2d_nchw[0, v5 + v1 * 16, (v4 + v2 * 16 + v0 * 32) // 7, (v4 + v2 * 16 + v0 * 32) % 7] = conv2d_nchw_reindex_pad_shared_dyn[v0, v1, v2, v3, v4, v5]
b0 = sch.get_block(name="pad_temp", func_name="main")
b1 = sch.get_block(name="conv2d_nchw", func_name="main")
b2 = sch.get_block(name="root", func_name="main")
sch.annotate(block_or_loop=b1, ann_key="meta_schedule.tiling_structure", ann_val="SSSRRSRS")
b3 = sch.reindex(block=b1, buffer=("write", 0))
b4 = sch.reindex(block=b1, buffer=("read", 0))
b5 = sch.reindex(block=b1, buffer=("read", 1))
sch.transform_layout(block=b1, buffer=("read", 0), index_map=lambda v_nn, v_yy, v_xx, v_rc: (v_nn * 49 + v_yy * 7 + v_xx, v_rc,), pad_value=None, assume_injective_transform=True)
sch.transform_layout(block=b1, buffer=("read", 1), index_map=lambda v_ff, v_rc, v_ry, v_rx: (v_ry, v_rx, v_ff, v_rc,), pad_value=None, assume_injective_transform=True)
sch.transform_layout(block=b1, buffer=("write", 0), index_map=lambda v_nn, v_ff, v_yy, v_xx: (v_nn * 49 + v_yy * 7 + v_xx, v_ff,), pad_value=None, assume_injective_transform=True)
sch.transform_block_layout(block=b3, index_map=lambda v_nn, v_ff, v_yy, v_xx: (v_nn * 49 + v_yy * 7 + v_xx, v_ff,))
sch.transform_block_layout(block=b4, index_map=lambda v_nn, v_yy, v_xx, v_rc: (v_nn * 49 + v_yy * 7 + v_xx, v_rc,))
sch.transform_block_layout(block=b5, index_map=lambda v_ff, v_rc, v_ry, v_rx: (v_ry, v_rx, v_ff, v_rc,))
sch.transform_block_layout(block=b1, index_map=lambda v_nn, v_ff, v_yy, v_xx, v_rc, v_ry, v_rx: (v_ry, v_rx, v_nn * 49 + v_yy * 7 + v_xx, v_ff, v_rc,))
sch.pad_einsum(block=b1, padding=[1, 1, 16, 1, 1])
b6, b7 = sch.get_producers(block=b1)
b8, = sch.get_producers(block=b6)
b9, = sch.get_consumers(block=b1)
sch.compute_inline(block=b8)
sch.compute_inline(block=b9)
l10, l11, l12, l13, l14 = sch.get_loops(block=b1)
l15, l16 = sch.split(loop=l14, factors=[None, 16], preserve_unit_iters=True, disable_predication=False)
l17, l18 = sch.split(loop=l13, factors=[None, 16], preserve_unit_iters=True, disable_predication=False)
l19, l20 = sch.split(loop=l12, factors=[None, 16], preserve_unit_iters=True, disable_predication=False)
l21, l22, l23, l24, l25, l26, l27, l28 = sch.get_loops(block=b1)
sch.reorder(l25, l27, l20, l18, l16)
b29 = sch.blockize(target=l20, preserve_unit_iters=True)
sch.annotate(block_or_loop=b29, ann_key="meta_schedule.auto_tensorize", ann_val="wmma_sync_16x16x16_f16f16f16_trans")
sch.annotate(block_or_loop=b29, ann_key="meta_schedule.auto_tensorize_init", ann_val="wmma_fill_16x16x16_f16")
sch.annotate(block_or_loop=b29, ann_key="warp_execution", ann_val=1)
l30, l31, l32, l33, l34 = sch.get_loops(block=b29)
v35, v36, v37, v38, v39 = sch.sample_perfect_tile(loop=l32, n=5, max_innermost_factor=4, decision=[1, 1, 2, 2, 1])
l40, l41, l42, l43, l44 = sch.split(loop=l32, factors=[v35, v36, v37, v38, v39], preserve_unit_iters=True, disable_predication=False)
v45, v46, v47, v48, v49 = sch.sample_perfect_tile(loop=l33, n=5, max_innermost_factor=4, decision=[1, 8, 4, 1, 1])
l50, l51, l52, l53, l54 = sch.split(loop=l33, factors=[v45, v46, v47, v48, v49], preserve_unit_iters=True, disable_predication=False)
v55, v56, v57 = sch.sample_perfect_tile(loop=l34, n=3, max_innermost_factor=4, decision=[4, 2, 2])
l58, l59, l60 = sch.split(loop=l34, factors=[v55, v56, v57], preserve_unit_iters=True, disable_predication=False)
sch.reorder(l40, l50, l41, l51, l42, l52, l58, l59, l43, l53, l60, l44, l54)
l61 = sch.fuse(l30, l31, l40, l50, preserve_unit_iters=True)
sch.bind(loop=l61, thread_axis="blockIdx.y")
l62 = sch.fuse(l41, l51, preserve_unit_iters=True)
sch.bind(loop=l62, thread_axis="blockIdx.x")
l63 = sch.fuse(l42, l52, preserve_unit_iters=True)
sch.bind(loop=l63, thread_axis="threadIdx.y")
sch.annotate(block_or_loop=b29, ann_key="meta_schedule.thread_extent_low_inclusive", ann_val=32)
sch.annotate(block_or_loop=b29, ann_key="meta_schedule.thread_extent_high_inclusive", ann_val=1024)
sch.transform_layout(block=b29, buffer=("write", 0), index_map=lambda i0, i1: (i0 // 16 // (v38 * v39), i1 // 16 // (v48 * v49), i0 // 16 % (v38 * v39), i1 // 16 % (v48 * v49), i0 % 16, i1 % 16,), pad_value=None, assume_injective_transform=True)
b64 = sch.cache_write(block=b29, write_buffer_index=0, storage_scope="shared.dyn")
sch.reverse_compute_at(block=b64, loop=l62, preserve_unit_loops=True, index=-1)
b65 = sch.cache_write(block=b29, write_buffer_index=0, storage_scope="wmma.accumulator")
l66, l67, l68, l69, l70, l71, l72, l73 = sch.get_loops(block=b64)
sch.reorder(l70, l68, l69, l71)
sch.compute_at(block=b65, loop=l70, preserve_unit_loops=True, index=-1)
l74, l75, l76, l77, l78, l79, l80, l81, l82 = sch.get_loops(block=b65)
l83 = sch.fuse(l77, l78, preserve_unit_iters=True)
sch.bind(loop=l83, thread_axis="threadIdx.y")
sch.reverse_compute_inline(block=b3)
l84, l85, l86, l87, l88, l89, l90, l91 = sch.get_loops(block=b65)
b92 = sch.blockize(target=l90, preserve_unit_iters=True)
sch.annotate(block_or_loop=b92, ann_key="meta_schedule.auto_tensorize", ann_val="wmma_store_16x16x16_f16_shared_dyn")
l93, l94, l95, l96, l97, l98, l99, l100 = sch.get_loops(block=b64)
l101 = sch.fuse(l96, l97, l98, l99, l100, preserve_unit_iters=True)
v102 = sch.sample_categorical(candidates=[1, 2, 4, 8], probs=[0.25, 0.25, 0.25, 0.25], decision=3)
sch.annotate(block_or_loop=b64, ann_key="meta_schedule.cooperative_fetch", ann_val=v102)
b103 = sch.cache_read(block=b29, read_buffer_index=0, storage_scope="shared.dyn", consumer_blocks=[b29])
sch.compute_at(block=b103, loop=l58, preserve_unit_loops=True, index=-1)
l104, l105, l106, l107, l108, l109 = sch.get_loops(block=b103)
l110 = sch.fuse(l108, l109, preserve_unit_iters=True)
v111 = sch.sample_categorical(candidates=[1, 2, 4, 8], probs=[0.25, 0.25, 0.25, 0.25], decision=0)
sch.annotate(block_or_loop=b103, ann_key="meta_schedule.cooperative_fetch", ann_val=v111)
b112 = sch.cache_read(block=b29, read_buffer_index=1, storage_scope="shared.dyn", consumer_blocks=[b29])
sch.compute_at(block=b112, loop=l58, preserve_unit_loops=True, index=-1)
l113, l114, l115, l116, l117, l118, l119, l120 = sch.get_loops(block=b112)
l121 = sch.fuse(l117, l118, l119, l120, preserve_unit_iters=True)
v122 = sch.sample_categorical(candidates=[1, 2, 4, 8], probs=[0.25, 0.25, 0.25, 0.25], decision=0)
sch.annotate(block_or_loop=b112, ann_key="meta_schedule.cooperative_fetch", ann_val=v122)
b123 = sch.cache_read(block=b29, read_buffer_index=0, storage_scope="wmma.matrix_a")
sch.compute_at(block=b123, loop=l59, preserve_unit_loops=True, index=-1)
l124, l125, l126, l127, l128, l129, l130 = sch.get_loops(block=b123)
l131, l132 = sch.split(loop=l130, factors=[None, 16], preserve_unit_iters=True, disable_predication=False)
l133, l134 = sch.split(loop=l129, factors=[None, 16], preserve_unit_iters=True, disable_predication=False)
l135, l136, l137, l138, l139, l140, l141, l142, l143 = sch.get_loops(block=b123)
sch.reorder(l142, l134, l132)
b144 = sch.blockize(target=l134, preserve_unit_iters=True)
sch.annotate(block_or_loop=b144, ann_key="meta_schedule.auto_tensorize", ann_val="wmma_load_16x16x16_f16_a_shared_dyn")
b145 = sch.cache_read(block=b29, read_buffer_index=1, storage_scope="wmma.matrix_b")
sch.compute_at(block=b145, loop=l59, preserve_unit_loops=True, index=-1)
l146, l147, l148, l149, l150, l151, l152, l153, l154 = sch.get_loops(block=b145)
l155, l156 = sch.split(loop=l154, factors=[None, 16], preserve_unit_iters=True, disable_predication=False)
l157, l158 = sch.split(loop=l153, factors=[None, 16], preserve_unit_iters=True, disable_predication=False)
l159, l160, l161, l162, l163, l164, l165, l166, l167, l168, l169 = sch.get_loops(block=b145)
sch.reorder(l168, l158, l156)
b170 = sch.blockize(target=l158, preserve_unit_iters=True)
sch.annotate(block_or_loop=b170, ann_key="meta_schedule.auto_tensorize", ann_val="wmma_load_16x16x16_f16_b_trans_shared_dyn")
b171, = sch.get_producers(block=b103)
sch.compute_inline(block=b171)
sch.storage_align(block=b103, buffer_index=0, axis=-2, factor=32, offset=8)
b172, = sch.get_producers(block=b112)
sch.compute_inline(block=b172)
sch.storage_align(block=b112, buffer_index=0, axis=-2, factor=32, offset=8)
sch.compute_inline(block=b0)
v173 = sch.sample_categorical(candidates=[0, 16, 64, 512, 1024], probs=[0.20000000000000001, 0.20000000000000001, 0.20000000000000001, 0.20000000000000001, 0.20000000000000001], decision=3)
sch.annotate(block_or_loop=b2, ann_key="meta_schedule.unroll_explicit", ann_val=v173)
sch.enter_postproc()
sch.unannotate(block_or_loop=b64, ann_key="meta_schedule.cooperative_fetch")
l174, l175, l176, l177 = sch.get_loops(block=b64)
l178, l179, l180, l181 = sch.split(loop=l177, factors=[None, 8, 32, 8], preserve_unit_iters=True, disable_predication=False)
sch.vectorize(loop=l181)
sch.bind(loop=l180, thread_axis="threadIdx.x")
sch.bind(loop=l179, thread_axis="threadIdx.y")
sch.unannotate(block_or_loop=b103, ann_key="meta_schedule.cooperative_fetch")
l182, l183, l184, l185, l186 = sch.get_loops(block=b103)
l187, l188, l189 = sch.split(loop=l186, factors=[None, 8, 32], preserve_unit_iters=True, disable_predication=False)
sch.bind(loop=l189, thread_axis="threadIdx.x")
sch.bind(loop=l188, thread_axis="threadIdx.y")
sch.unannotate(block_or_loop=b112, ann_key="meta_schedule.cooperative_fetch")
l190, l191, l192, l193, l194 = sch.get_loops(block=b112)
l195, l196, l197 = sch.split(loop=l194, factors=[None, 8, 32], preserve_unit_iters=True, disable_predication=False)
sch.bind(loop=l197, thread_axis="threadIdx.x")
sch.bind(loop=l196, thread_axis="threadIdx.y")
b198 = sch.get_block(name="root", func_name="main")
sch.unannotate(block_or_loop=b198, ann_key="meta_schedule.unroll_explicit")
b199, b200, b201, b202, b203, b204, b205 = sch.get_child_blocks(b198)
l206, l207, l208, l209, l210, l211, l212 = sch.get_loops(block=b199)
l213, l214, l215, l216, l217, l218, l219 = sch.get_loops(block=b200)
l220, l221, l222, l223, l224, l225, l226 = sch.get_loops(block=b201)
l227, l228, l229, l230, l231, l232, l233, l234, l235 = sch.get_loops(block=b202)
l236, l237, l238, l239, l240, l241, l242, l243, l244, l245 = sch.get_loops(block=b203)
sch.annotate(block_or_loop=l236, ann_key="pragma_auto_unroll_max_step", ann_val=512)
sch.annotate(block_or_loop=l236, ann_key="pragma_unroll_explicit", ann_val=1)
l246, l247, l248, l249, l250, l251 = sch.get_loops(block=b204)
l252, l253, l254, l255, l256, l257, l258 = sch.get_loops(block=b205)
b259 = sch.get_block(name="conv2d_nchw_o", func_name="main")
l260, l261, l262, l263, l264, l265, l266, l267, l268, l269 = sch.get_loops(block=b259)
b270 = sch.decompose_reduction(block=b259, loop=l263)
sch.unannotate(block_or_loop=b270, ann_key="meta_schedule.auto_tensorize")
sch.annotate(block_or_loop=b270, ann_key="meta_schedule.auto_tensorize", ann_val="wmma_fill_16x16x16_f16")
sch.unannotate(block_or_loop=b259, ann_key="meta_schedule.auto_tensorize_init")
sch.unannotate(block_or_loop=b270, ann_key="meta_schedule.auto_tensorize_init")
b271 = sch.get_block(name="conv2d_nchw_o_init", func_name="main")
sch.unannotate(block_or_loop=b271, ann_key="meta_schedule.auto_tensorize")
sch.tensorize(block_or_loop=b271, tensor_intrin="wmma_fill_16x16x16_f16", preserve_unit_iters=True)
b272 = sch.get_block(name="pad_temp_reindex_pad_shared.dyn_wmma.matrix_a_o", func_name="main")
sch.unannotate(block_or_loop=b272, ann_key="meta_schedule.auto_tensorize")
sch.tensorize(block_or_loop=b272, tensor_intrin="wmma_load_16x16x16_f16_a_shared_dyn", preserve_unit_iters=True)
b273 = sch.get_block(name="W_reindex_shared.dyn_wmma.matrix_b_o", func_name="main")
sch.unannotate(block_or_loop=b273, ann_key="meta_schedule.auto_tensorize")
sch.tensorize(block_or_loop=b273, tensor_intrin="wmma_load_16x16x16_f16_b_trans_shared_dyn", preserve_unit_iters=True)
b274 = sch.get_block(name="conv2d_nchw_o_update", func_name="main")
sch.unannotate(block_or_loop=b274, ann_key="meta_schedule.auto_tensorize")
sch.tensorize(block_or_loop=b274, tensor_intrin="wmma_sync_16x16x16_f16f16f16_trans", preserve_unit_iters=True)
b275 = sch.get_block(name="conv2d_nchw_reindex_pad_shared.dyn_wmma.accumulator_o", func_name="main")
sch.unannotate(block_or_loop=b275, ann_key="meta_schedule.auto_tensorize")
sch.tensorize(block_or_loop=b275, tensor_intrin="wmma_store_16x16x16_f16_shared_dyn", preserve_unit_iters=True)
2025-10-11 01:47:53 [INFO] [task_scheduler.cc:131] [Task #0: main] Trial #46: GFLOPs: 828.9845. Time: 15.4949 us. Best GFLOPs: 2523.2627
2025-10-11 01:47:53 [INFO] [task_scheduler.cc:131] [Task #0: main] Trial #47: GFLOPs: 2053.3503. Time: 6.2557 us. Best GFLOPs: 2523.2627
2025-10-11 01:47:53 [INFO] [task_scheduler.cc:131] [Task #0: main] Trial #48: GFLOPs: 2090.0888. Time: 6.1457 us. Best GFLOPs: 2523.2627
2025-10-11 01:47:53 [INFO] [task_scheduler.cc:131] [Task #0: main] Trial #49: GFLOPs: 1695.5275. Time: 7.5758 us. Best GFLOPs: 2523.2627
2025-10-11 01:47:53 [INFO] [task_scheduler.cc:131] [Task #0: main] Trial #50: GFLOPs: 2452.7734. Time: 5.2370 us. Best GFLOPs: 2523.2627
2025-10-11 01:47:53 [INFO] [task_scheduler.cc:131] [Task #0: main] Trial #51: GFLOPs: 1459.6183. Time: 8.8003 us. Best GFLOPs: 2523.2627
2025-10-11 01:47:53 [INFO] [task_scheduler.cc:131] [Task #0: main] Trial #52: GFLOPs: 1861.2765. Time: 6.9012 us. Best GFLOPs: 2523.2627
2025-10-11 01:47:53 [INFO] [task_scheduler.cc:131] [Task #0: main] Trial #53: GFLOPs: 518.8666. Time: 24.7560 us. Best GFLOPs: 2523.2627
2025-10-11 01:47:53 [INFO] [task_scheduler.cc:131] [Task #0: main] Trial #54: GFLOPs: 1424.4912. Time: 9.0173 us. Best GFLOPs: 2523.2627
2025-10-11 01:47:53 [INFO] [task_scheduler.cc:131] [Task #0: main] Trial #55: GFLOPs: 1706.3241. Time: 7.5279 us. Best GFLOPs: 2523.2627
2025-10-11 01:47:53 [INFO] [task_scheduler.cc:121] [Task #0: main] Trial #56: Error in building:
LocalBuilder: An exception occurred
Traceback (most recent call last):
  File "/workspace/tvm-dev/python/tvm/exec/popen_worker.py", line 87, in main
    result = fn(*args, **kwargs)
             ^^^^^^^^^^^^^^^^^^^
  File "/workspace/tvm-dev/python/tvm/meta_schedule/builder/local_builder.py", line 165, in <lambda>
    lambda x: _worker_func(*x),
              ^^^^^^^^^^^^^^^^
  File "/workspace/tvm-dev/python/tvm/meta_schedule/builder/local_builder.py", line 231, in _worker_func
    rt_mod: Module = f_build(mod, target, _deserialize_params(params))
                     ^^^^^^^^^^^^^^^^^^^^^^^^^^^^^^^^^^^^^^^^^^^^^^^^^
  File "/workspace/tvm-dev/python/tvm/_ffi/_ctypes/packed_func.py", line 245, in __call__
    raise_last_ffi_error()
  File "/workspace/tvm-dev/python/tvm/_ffi/base.py", line 481, in raise_last_ffi_error
    raise py_err
  File "/workspace/tvm-dev/python/tvm/meta_schedule/builder/local_builder.py", line 261, in default_build
    return tvm_build(mod, target=target)
           ^^^^^^^^^^^^^^^^^^^^^^^^^^^^^
  File "/workspace/tvm-dev/python/tvm/driver/build_module.py", line 297, in build
    rt_mod_host = _driver_ffi.tir_to_runtime(annotated_mods, target_host)
                  ^^^^^^^^^^^^^^^^^^^^^^^^^^^^^^^^^^^^^^^^^^^^^^^^^^^^^^^
  File "/workspace/tvm-dev/python/tvm/_ffi/_ctypes/packed_func.py", line 245, in __call__
    raise_last_ffi_error()
  File "/workspace/tvm-dev/python/tvm/_ffi/base.py", line 481, in raise_last_ffi_error
    raise py_err
ValueError: Traceback (most recent call last):
  16: tvm::runtime::PackedFuncObj::Extractor<tvm::runtime::PackedFuncSubObj<tvm::runtime::TypedPackedFunc<tvm::runtime::Module (tvm::runtime::Map<tvm::Target, tvm::IRModule, void, void> const&, tvm::Target)>::AssignTypedLambda<tvm::__mk_TVM24::{lambda(tvm::runtime::Map<tvm::Target, tvm::IRModule, void, void> const&, tvm::Target)#1}>(tvm::__mk_TVM24::{lambda(tvm::runtime::Map<tvm::Target, tvm::IRModule, void, void> const&, tvm::Target)#1}, std::__cxx11::basic_string<char, std::char_traits<char>, std::allocator<char> >)::{lambda(tvm::runtime::TVMArgs const&, tvm::runtime::TVMRetValue*)#1}> >::Call(tvm::runtime::PackedFuncObj const*, std::__cxx11::basic_string<char, std::char_traits<char>, std::allocator<char> >, tvm::runtime::TVMRetValue)
  15: tvm::TIRToRuntime(tvm::runtime::Map<tvm::Target, tvm::IRModule, void, void> const&, tvm::Target const&)
  14: tvm::codegen::Build(tvm::IRModule, tvm::Target)
  13: _ZN3tvm7runtime13PackedFuncObj
  12: tvm::runtime::TypedPackedFunc<tvm::runtime::Module (tvm::IRModule, tvm::Target)>::AssignTypedLambda<tvm::runtime::Module (*)(tvm::IRModule, tvm::Target)>(tvm::runtime::Module (*)(tvm::IRModule, tvm::Target), std::__cxx11::basic_string<char, std::char_traits<char>, std::allocator<char> >)::{lambda(tvm::runtime::TVMArgs const&, tvm::runtime::TVMRetValue*)#1}::operator()(tvm::runtime::TVMArgs const&, tvm::runtime::TVMRetValue*) const
  11: tvm::codegen::BuildCUDA(tvm::IRModule, tvm::Target)
  10: tvm::codegen::CodeGenC::AddFunction(tvm::GlobalVar const&, tvm::tir::PrimFunc const&)
  9: tvm::codegen::CodeGenCUDA::VisitStmt_(tvm::tir::AllocateNode const*)
  8: tvm::codegen::CodeGenCUDA::VisitStmt_(tvm::tir::AllocateNode const*)
  7: tvm::codegen::CodeGenCUDA::VisitStmt_(tvm::tir::AllocateNode const*)
  6: tvm::codegen::CodeGenCUDA::VisitStmt_(tvm::tir::AllocateNode const*)
  5: tvm::codegen::CodeGenC::VisitStmt_(tvm::tir::SeqStmtNode const*)
  4: tvm::codegen::CodeGenC::VisitStmt_(tvm::tir::BufferStoreNode const*)
  3: tvm::codegen::CodeGenC::PrintExpr[abi:cxx11](tvm::PrimExpr const&)
  2: tvm::codegen::CodeGenC::VisitExpr_(tvm::tir::BufferLoadNode const*, std::ostream&)
  1: tvm::codegen::CodeGenC::PrintExpr[abi:cxx11](tvm::PrimExpr const&)
  0: tvm::codegen::CodeGenCUDA::VisitExpr_(tvm::tir::RampNode const*, std::ostream&)
  File "/workspace/tvm-dev/src/target/source/codegen_cuda.cc", line 1204
ValueError: Check failed: lanes <= 4 (8 vs. 4) : Ramp of more than 4 lanes is not allowed.

# from tvm.script import ir as I
# from tvm.script import tir as T

@I.ir_module
class Module:
    @T.prim_func
    def main(A: T.Buffer((1, 256, 14, 14), "float16"), W: T.Buffer((512, 256, 1, 1), "float16"), conv2d_nchw: T.Buffer((1, 512, 7, 7), "float16")):
        T.func_attr({"tir.noalias": T.bool(True)})
        # with T.block("root"):
        conv2d_nchw_reindex_pad_shared_dyn = T.alloc_buffer((2, 16, 2, 2, 16, 16), "float16", scope="shared.dyn")
        conv2d_nchw_reindex_pad_shared_dyn_wmma_accumulator = T.alloc_buffer((2, 16, 2, 2, 16, 16), "float16", scope="wmma.accumulator")
        pad_temp_reindex_pad_shared_dyn = T.alloc_buffer((64, 256), "float16", scope="shared.dyn")
        W_reindex_shared_dyn = T.alloc_buffer((1, 1, 256, 512), "float16", scope="shared.dyn")
        pad_temp_reindex_pad_shared_dyn_wmma_matrix_a = T.alloc_buffer((64, 256), "float16", scope="wmma.matrix_a")
        W_reindex_shared_dyn_wmma_matrix_b = T.alloc_buffer((1, 1, 256, 512), "float16", scope="wmma.matrix_b")
        for ax0_ax1_ax2_0_0_ax3_0_0_fused in T.thread_binding(2, thread="blockIdx.y", annotations={"pragma_auto_unroll_max_step": 512, "pragma_unroll_explicit": 1}):
            for ax2_0_1_ax3_0_1_fused in T.thread_binding(1, thread="blockIdx.x"):
                for ax2_0_2_ax3_0_2_fused in T.thread_binding(16, thread="threadIdx.y"):
                    for ax2_0_3_init, ax3_0_3_init, ax2_0_4_init, ax3_0_4_init in T.grid(2, 1, 1, 2):
                        with T.block("conv2d_nchw_o_init"):
                            v0_o = T.axis.spatial(1, 0)
                            v1_o = T.axis.spatial(1, 0)
                            v2_o = T.axis.spatial(4, ax0_ax1_ax2_0_0_ax3_0_0_fused * 2 + ax2_0_3_init + ax2_0_4_init)
                            v3_o = T.axis.spatial(32, ax2_0_2_ax3_0_2_fused * 2 + ax3_0_3_init * 2 + ax3_0_4_init)
                            T.reads()
                            T.writes(conv2d_nchw_reindex_pad_shared_dyn_wmma_accumulator[v2_o // 2, v3_o // 2, v2_o % 2, v3_o % 2, 0:16, 0:16])
                            T.block_attr({"meta_schedule.thread_extent_high_inclusive": 1024, "meta_schedule.thread_extent_low_inclusive": 32, "warp_execution": 1})
                            C = T.match_buffer(conv2d_nchw_reindex_pad_shared_dyn_wmma_accumulator[v2_o // 2, v3_o // 2, v2_o % 2, v3_o % 2, 0:16, 0:16], (16, 16), "float16", strides=("C_s0", "C_s1"), scope="wmma.accumulator", offset_factor=16)
                            T.tvm_fill_fragment(C.data, 16, 16, 16, C.elem_offset // C.strides[0] // 16 * (C.strides[0] // 16) + C.elem_offset % C.strides[0] // 16, T.float32(0.0))
                    for ax4_0_0 in range(16):
                        for ax0_ax1_fused_0 in range(1):
                            for ax0_ax1_fused_1 in T.thread_binding(16, thread="threadIdx.y"):
                                for ax0_ax1_fused_2 in T.thread_binding(32, thread="threadIdx.x"):
                                    for ax0_ax1_fused_3 in T.vectorized(2):
                                        with T.block("pad_temp_reindex_pad_shared.dyn"):
                                            v0 = T.axis.spatial(64, ax0_ax1_ax2_0_0_ax3_0_0_fused * 32 + (ax0_ax1_fused_0 * 1024 + ax0_ax1_fused_1 * 64 + ax0_ax1_fused_2 * 2 + ax0_ax1_fused_3) // 16)
                                            v1 = T.axis.spatial(256, ax4_0_0 * 16 + (ax0_ax1_fused_0 * 1024 + ax0_ax1_fused_1 * 64 + ax0_ax1_fused_2 * 2 + ax0_ax1_fused_3) % 16)
                                            T.where(((ax0_ax1_fused_0 * 16 + ax0_ax1_fused_1) * 32 + ax0_ax1_fused_2) * 2 + ax0_ax1_fused_3 < 512)
                                            T.reads(A[0, v1, v0 // 7 * 2, v0 % 7 * 2])
                                            T.writes(pad_temp_reindex_pad_shared_dyn[v0, v1])
                                            T.block_attr({"buffer_dim_align": [[0, 0, 32, 8]]})
                                            pad_temp_reindex_pad_shared_dyn[v0, v1] = T.if_then_else(v0 < 49, A[0, v1, v0 // 7 * 2, v0 % 7 * 2], T.float16(0.0))
                        for ax0_ax1_ax2_ax3_fused_0 in range(2):
                            for ax0_ax1_ax2_ax3_fused_1 in T.thread_binding(16, thread="threadIdx.y"):
                                for ax0_ax1_ax2_ax3_fused_2 in T.thread_binding(32, thread="threadIdx.x"):
                                    for ax0_ax1_ax2_ax3_fused_3 in T.vectorized(8):
                                        with T.block("W_reindex_shared.dyn"):
                                            v0 = T.axis.spatial(1, 0)
                                            v1 = T.axis.spatial(1, 0)
                                            v2 = T.axis.spatial(256, ax4_0_0 * 16 + (ax0_ax1_ax2_ax3_fused_0 * 4096 + ax0_ax1_ax2_ax3_fused_1 * 256 + ax0_ax1_ax2_ax3_fused_2 * 8 + ax0_ax1_ax2_ax3_fused_3) // 512)
                                            v3 = T.axis.spatial(512, (ax0_ax1_ax2_ax3_fused_0 * 4096 + ax0_ax1_ax2_ax3_fused_1 * 256 + ax0_ax1_ax2_ax3_fused_2 * 8 + ax0_ax1_ax2_ax3_fused_3) % 512)
                                            T.reads(W[v3, v2, v0, v1])
                                            T.writes(W_reindex_shared_dyn[v0, v1, v2, v3])
                                            T.block_attr({"buffer_dim_align": [[0, 2, 32, 8]]})
                                            W_reindex_shared_dyn[v0, v1, v2, v3] = W[v3, v2, v0, v1]
                        for ax4_0_1 in range(1):
                            for ax0_0, ax1_0 in T.grid(2, 1):
                                with T.block("pad_temp_reindex_pad_shared.dyn_wmma.matrix_a_o"):
                                    v0_o = T.axis.spatial(4, ax0_ax1_ax2_0_0_ax3_0_0_fused * 2 + ax0_0)
                                    v1_o = T.axis.spatial(16, ax4_0_0 + ax1_0)
                                    T.reads(pad_temp_reindex_pad_shared_dyn[v0_o * 16:v0_o * 16 + 16, v1_o * 16:v1_o * 16 + 16])
                                    T.writes(pad_temp_reindex_pad_shared_dyn_wmma_matrix_a[v0_o * 16:v0_o * 16 + 16, v1_o * 16:v1_o * 16 + 16])
                                    A_1 = T.match_buffer(pad_temp_reindex_pad_shared_dyn[v0_o * 16:v0_o * 16 + 16, v1_o * 16:v1_o * 16 + 16], (16, 16), "float16", strides=("A_s0", "A_s1"), scope="shared.dyn", offset_factor=16)
                                    C = T.match_buffer(pad_temp_reindex_pad_shared_dyn_wmma_matrix_a[v0_o * 16:v0_o * 16 + 16, v1_o * 16:v1_o * 16 + 16], (16, 16), "float16", strides=("C_s0", "C_s1"), scope="wmma.matrix_a", offset_factor=16)
                                    T.tvm_load_matrix_sync(C.data, 16, 16, 16, C.elem_offset // C.strides[0] // 16 * (C.strides[0] // 16) + C.elem_offset % C.strides[0] // 16, T.tvm_access_ptr(T.type_annotation("float16"), A_1.data, A_1.elem_offset, A_1.strides[0] * 16, 1), A_1.strides[0], "row_major")
                            for ax0, ax1, ax2_0, ax3_0 in T.grid(1, 1, 1, 2):
                                with T.block("W_reindex_shared.dyn_wmma.matrix_b_o"):
                                    v0_o, v1_o = T.axis.remap("SS", [ax0, ax1])
                                    v2_o = T.axis.spatial(16, ax4_0_0 + ax2_0)
                                    v3_o = T.axis.spatial(32, ax2_0_2_ax3_0_2_fused * 2 + ax3_0)
                                    T.reads(W_reindex_shared_dyn[v0_o, v1_o, v2_o * 16:v2_o * 16 + 16, v3_o * 16:v3_o * 16 + 16])
                                    T.writes(W_reindex_shared_dyn_wmma_matrix_b[v0_o, v1_o, v2_o * 16:v2_o * 16 + 16, v3_o * 16:v3_o * 16 + 16])
                                    A_1 = T.match_buffer(W_reindex_shared_dyn[v0_o, v1_o, v2_o * 16:v2_o * 16 + 16, v3_o * 16:v3_o * 16 + 16], (16, 16), "float16", strides=("A_s0", "A_s1"), scope="shared.dyn", offset_factor=16)
                                    C = T.match_buffer(W_reindex_shared_dyn_wmma_matrix_b[v0_o, v1_o, v2_o * 16:v2_o * 16 + 16, v3_o * 16:v3_o * 16 + 16], (16, 16), "float16", strides=("C_s0", "C_s1"), scope="wmma.matrix_b", offset_factor=16)
                                    T.tvm_load_matrix_sync(C.data, 16, 16, 16, C.elem_offset // C.strides[0] // 16 * (C.strides[0] // 16) + C.elem_offset % C.strides[0] // 16, T.tvm_access_ptr(T.type_annotation("float16"), A_1.data, A_1.elem_offset, A_1.strides[0] * 16, 1), A_1.strides[0], "row_major")
                            for ax2_0_3, ax3_0_3, ax4_0_2, ax2_0_4, ax3_0_4 in T.grid(2, 1, 1, 1, 2):
                                with T.block("conv2d_nchw_o_update"):
                                    v0_o = T.axis.spatial(1, 0)
                                    v1_o = T.axis.spatial(1, 0)
                                    v2_o = T.axis.spatial(4, ax0_ax1_ax2_0_0_ax3_0_0_fused * 2 + ax2_0_3 + ax2_0_4)
                                    v3_o = T.axis.spatial(32, ax2_0_2_ax3_0_2_fused * 2 + ax3_0_3 * 2 + ax3_0_4)
                                    v4_o = T.axis.reduce(16, ax4_0_0 + ax4_0_1 + ax4_0_2)
                                    T.reads(conv2d_nchw_reindex_pad_shared_dyn_wmma_accumulator[v2_o // 2, v3_o // 2, v2_o % 2, v3_o % 2, 0:16, 0:16], pad_temp_reindex_pad_shared_dyn_wmma_matrix_a[v2_o * 16:v2_o * 16 + 16, v4_o * 16:v4_o * 16 + 16], W_reindex_shared_dyn_wmma_matrix_b[v0_o, v1_o, v4_o * 16:v4_o * 16 + 16, v3_o * 16:v3_o * 16 + 16])
                                    T.writes(conv2d_nchw_reindex_pad_shared_dyn_wmma_accumulator[v2_o // 2, v3_o // 2, v2_o % 2, v3_o % 2, 0:16, 0:16])
                                    T.block_attr({"meta_schedule.thread_extent_high_inclusive": 1024, "meta_schedule.thread_extent_low_inclusive": 32, "warp_execution": 1})
                                    A_1 = T.match_buffer(pad_temp_reindex_pad_shared_dyn_wmma_matrix_a[v2_o * 16:v2_o * 16 + 16, v4_o * 16:v4_o * 16 + 16], (16, 16), "float16", strides=("A_s0", "A_s1"), scope="wmma.matrix_a", offset_factor=16)
                                    B = T.match_buffer(W_reindex_shared_dyn_wmma_matrix_b[v0_o, v1_o, v4_o * 16:v4_o * 16 + 16, v3_o * 16:v3_o * 16 + 16], (16, 16), "float16", strides=("B_s0", "B_s1"), scope="wmma.matrix_b", offset_factor=16)
                                    C = T.match_buffer(conv2d_nchw_reindex_pad_shared_dyn_wmma_accumulator[v2_o // 2, v3_o // 2, v2_o % 2, v3_o % 2, 0:16, 0:16], (16, 16), "float16", strides=("C_s0", "C_s1"), scope="wmma.accumulator", offset_factor=16)
                                    T.tvm_mma_sync(C.data, C.elem_offset // C.strides[0] // 16 * (C.strides[0] // 16) + C.elem_offset % C.strides[0] // 16, A_1.data, A_1.elem_offset // A_1.strides[0] // 16 * (A_1.strides[0] // 16) + A_1.elem_offset % A_1.strides[0] // 16, B.data, B.elem_offset // B.strides[0] // 16 * (B.strides[0] // 16) + B.elem_offset % B.strides[0] // 16, C.data, C.elem_offset // C.strides[0] // 16 * (C.strides[0] // 16) + C.elem_offset % C.strides[0] // 16)
                for ax2 in range(2):
                    for ax0_ax1_fused in T.thread_binding(16, thread="threadIdx.y"):
                        for ax2_1, ax3 in T.grid(1, 2):
                            with T.block("conv2d_nchw_reindex_pad_shared.dyn_wmma.accumulator_o"):
                                v0_o, v1_o = T.axis.remap("SS", [ax0_ax1_ax2_0_0_ax3_0_0_fused, ax0_ax1_fused])
                                v2_o = T.axis.spatial(2, ax2 + ax2_1)
                                v3_o = T.axis.spatial(2, ax3)
                                v4_o = T.axis.spatial(1, 0)
                                v5_o = T.axis.spatial(1, 0)
                                T.reads(conv2d_nchw_reindex_pad_shared_dyn_wmma_accumulator[v0_o, v1_o, v2_o, v3_o, 0:16, 0:16])
                                T.writes(conv2d_nchw_reindex_pad_shared_dyn[v0_o, v1_o, v2_o, v3_o, 0:16, 0:16])
                                A_1 = T.match_buffer(conv2d_nchw_reindex_pad_shared_dyn_wmma_accumulator[v0_o, v1_o, v2_o, v3_o, 0:16, 0:16], (16, 16), "float16", strides=("A_s0", "A_s1"), scope="wmma.accumulator", offset_factor=16)
                                C = T.match_buffer(conv2d_nchw_reindex_pad_shared_dyn[v0_o, v1_o, v2_o, v3_o, 0:16, 0:16], (16, 16), "float16", strides=("C_s0", "C_s1"), scope="shared.dyn", offset_factor=16)
                                T.tvm_store_matrix_sync(A_1.data, 16, 16, 16, A_1.elem_offset // A_1.strides[0] // 16 * (A_1.strides[0] // 16) + A_1.elem_offset % A_1.strides[0] // 16, T.tvm_access_ptr(T.type_annotation("float16"), C.data, C.elem_offset, C.strides[0] * 16, 2), C.strides[0], "row_major")
                    for ax0_ax1_ax3_ax4_ax5_fused_0 in range(8):
                        for ax0_ax1_ax3_ax4_ax5_fused_1 in T.thread_binding(16, thread="threadIdx.y"):
                            for ax0_ax1_ax3_ax4_ax5_fused_2 in T.thread_binding(32, thread="threadIdx.x"):
                                for ax0_ax1_ax3_ax4_ax5_fused_3 in T.vectorized(2):
                                    with T.block("conv2d_nchw_reindex_pad_shared.dyn"):
                                        v0 = T.axis.spatial(2, ax0_ax1_ax2_0_0_ax3_0_0_fused)
                                        v1 = T.axis.spatial(16, (ax0_ax1_ax3_ax4_ax5_fused_0 * 1024 + ax0_ax1_ax3_ax4_ax5_fused_1 * 64 + ax0_ax1_ax3_ax4_ax5_fused_2 * 2 + ax0_ax1_ax3_ax4_ax5_fused_3) // 512)
                                        v2 = T.axis.spatial(2, ax2)
                                        v3 = T.axis.spatial(2, (ax0_ax1_ax3_ax4_ax5_fused_0 * 1024 + ax0_ax1_ax3_ax4_ax5_fused_1 * 64 + ax0_ax1_ax3_ax4_ax5_fused_2 * 2 + ax0_ax1_ax3_ax4_ax5_fused_3) % 512 // 256)
                                        v4 = T.axis.spatial(16, (ax0_ax1_ax3_ax4_ax5_fused_0 * 1024 + ax0_ax1_ax3_ax4_ax5_fused_1 * 64 + ax0_ax1_ax3_ax4_ax5_fused_2 * 2 + ax0_ax1_ax3_ax4_ax5_fused_3) % 256 // 16)
                                        v5 = T.axis.spatial(16, (ax0_ax1_ax3_ax4_ax5_fused_0 * 1024 + ax0_ax1_ax3_ax4_ax5_fused_1 * 64 + ax0_ax1_ax3_ax4_ax5_fused_2 * 2 + ax0_ax1_ax3_ax4_ax5_fused_3) % 16)
                                        T.where(ax0_ax1_ax2_0_0_ax3_0_0_fused * 32 + T.Mul(0, 32) + ax2 * 16 + (((ax0_ax1_ax3_ax4_ax5_fused_0 * 16 + ax0_ax1_ax3_ax4_ax5_fused_1) * 32 + ax0_ax1_ax3_ax4_ax5_fused_2) * 2 + ax0_ax1_ax3_ax4_ax5_fused_3) % 256 // 16 < 49)
                                        T.reads(conv2d_nchw_reindex_pad_shared_dyn[v0, v1, v2, v3, v4, v5])
                                        T.writes(conv2d_nchw[0, v5 + v3 * 16 + v1 * 32, (v4 + v2 * 16 + v0 * 32) // 7, (v4 + v2 * 16 + v0 * 32) % 7])
                                        conv2d_nchw[0, v5 + v3 * 16 + v1 * 32, (v4 + v2 * 16 + v0 * 32) // 7, (v4 + v2 * 16 + v0 * 32) % 7] = conv2d_nchw_reindex_pad_shared_dyn[v0, v1, v2, v3, v4, v5]
b0 = sch.get_block(name="pad_temp", func_name="main")
b1 = sch.get_block(name="conv2d_nchw", func_name="main")
b2 = sch.get_block(name="root", func_name="main")
sch.annotate(block_or_loop=b1, ann_key="meta_schedule.tiling_structure", ann_val="SSSRRSRS")
b3 = sch.reindex(block=b1, buffer=("write", 0))
b4 = sch.reindex(block=b1, buffer=("read", 0))
b5 = sch.reindex(block=b1, buffer=("read", 1))
sch.transform_layout(block=b1, buffer=("read", 0), index_map=lambda v_nn, v_yy, v_xx, v_rc: (v_nn * 49 + v_yy * 7 + v_xx, v_rc,), pad_value=None, assume_injective_transform=True)
sch.transform_layout(block=b1, buffer=("read", 1), index_map=lambda v_ff, v_rc, v_ry, v_rx: (v_ry, v_rx, v_rc, v_ff,), pad_value=None, assume_injective_transform=True)
sch.transform_layout(block=b1, buffer=("write", 0), index_map=lambda v_nn, v_ff, v_yy, v_xx: (v_nn * 49 + v_yy * 7 + v_xx, v_ff,), pad_value=None, assume_injective_transform=True)
sch.transform_block_layout(block=b3, index_map=lambda v_nn, v_ff, v_yy, v_xx: (v_nn * 49 + v_yy * 7 + v_xx, v_ff,))
sch.transform_block_layout(block=b4, index_map=lambda v_nn, v_yy, v_xx, v_rc: (v_nn * 49 + v_yy * 7 + v_xx, v_rc,))
sch.transform_block_layout(block=b5, index_map=lambda v_ff, v_rc, v_ry, v_rx: (v_ry, v_rx, v_rc, v_ff,))
sch.transform_block_layout(block=b1, index_map=lambda v_nn, v_ff, v_yy, v_xx, v_rc, v_ry, v_rx: (v_ry, v_rx, v_nn * 49 + v_yy * 7 + v_xx, v_ff, v_rc,))
sch.pad_einsum(block=b1, padding=[1, 1, 16, 1, 1])
b6, b7 = sch.get_producers(block=b1)
b8, = sch.get_producers(block=b6)
b9, = sch.get_consumers(block=b1)
sch.compute_inline(block=b8)
sch.compute_inline(block=b9)
l10, l11, l12, l13, l14 = sch.get_loops(block=b1)
l15, l16 = sch.split(loop=l14, factors=[None, 16], preserve_unit_iters=True, disable_predication=False)
l17, l18 = sch.split(loop=l13, factors=[None, 16], preserve_unit_iters=True, disable_predication=False)
l19, l20 = sch.split(loop=l12, factors=[None, 16], preserve_unit_iters=True, disable_predication=False)
l21, l22, l23, l24, l25, l26, l27, l28 = sch.get_loops(block=b1)
sch.reorder(l25, l27, l20, l18, l16)
b29 = sch.blockize(target=l20, preserve_unit_iters=True)
sch.annotate(block_or_loop=b29, ann_key="meta_schedule.auto_tensorize", ann_val="wmma_sync_16x16x16_f16f16f16")
sch.annotate(block_or_loop=b29, ann_key="meta_schedule.auto_tensorize_init", ann_val="wmma_fill_16x16x16_f16")
sch.annotate(block_or_loop=b29, ann_key="warp_execution", ann_val=1)
l30, l31, l32, l33, l34 = sch.get_loops(block=b29)
v35, v36, v37, v38, v39 = sch.sample_perfect_tile(loop=l32, n=5, max_innermost_factor=4, decision=[2, 1, 1, 2, 1])
l40, l41, l42, l43, l44 = sch.split(loop=l32, factors=[v35, v36, v37, v38, v39], preserve_unit_iters=True, disable_predication=False)
v45, v46, v47, v48, v49 = sch.sample_perfect_tile(loop=l33, n=5, max_innermost_factor=4, decision=[1, 1, 16, 1, 2])
l50, l51, l52, l53, l54 = sch.split(loop=l33, factors=[v45, v46, v47, v48, v49], preserve_unit_iters=True, disable_predication=False)
v55, v56, v57 = sch.sample_perfect_tile(loop=l34, n=3, max_innermost_factor=4, decision=[16, 1, 1])
l58, l59, l60 = sch.split(loop=l34, factors=[v55, v56, v57], preserve_unit_iters=True, disable_predication=False)
sch.reorder(l40, l50, l41, l51, l42, l52, l58, l59, l43, l53, l60, l44, l54)
l61 = sch.fuse(l30, l31, l40, l50, preserve_unit_iters=True)
sch.bind(loop=l61, thread_axis="blockIdx.y")
l62 = sch.fuse(l41, l51, preserve_unit_iters=True)
sch.bind(loop=l62, thread_axis="blockIdx.x")
l63 = sch.fuse(l42, l52, preserve_unit_iters=True)
sch.bind(loop=l63, thread_axis="threadIdx.y")
sch.annotate(block_or_loop=b29, ann_key="meta_schedule.thread_extent_low_inclusive", ann_val=32)
sch.annotate(block_or_loop=b29, ann_key="meta_schedule.thread_extent_high_inclusive", ann_val=1024)
sch.transform_layout(block=b29, buffer=("write", 0), index_map=lambda i0, i1: (i0 // 16 // (v38 * v39), i1 // 16 // (v48 * v49), i0 // 16 % (v38 * v39), i1 // 16 % (v48 * v49), i0 % 16, i1 % 16,), pad_value=None, assume_injective_transform=True)
b64 = sch.cache_write(block=b29, write_buffer_index=0, storage_scope="shared.dyn")
sch.reverse_compute_at(block=b64, loop=l62, preserve_unit_loops=True, index=-1)
b65 = sch.cache_write(block=b29, write_buffer_index=0, storage_scope="wmma.accumulator")
l66, l67, l68, l69, l70, l71, l72, l73 = sch.get_loops(block=b64)
sch.reorder(l70, l68, l69, l71)
sch.compute_at(block=b65, loop=l70, preserve_unit_loops=True, index=-1)
l74, l75, l76, l77, l78, l79, l80, l81, l82 = sch.get_loops(block=b65)
l83 = sch.fuse(l77, l78, preserve_unit_iters=True)
sch.bind(loop=l83, thread_axis="threadIdx.y")
sch.reverse_compute_inline(block=b3)
l84, l85, l86, l87, l88, l89, l90, l91 = sch.get_loops(block=b65)
b92 = sch.blockize(target=l90, preserve_unit_iters=True)
sch.annotate(block_or_loop=b92, ann_key="meta_schedule.auto_tensorize", ann_val="wmma_store_16x16x16_f16_shared_dyn")
l93, l94, l95, l96, l97, l98, l99, l100 = sch.get_loops(block=b64)
l101 = sch.fuse(l96, l97, l98, l99, l100, preserve_unit_iters=True)
v102 = sch.sample_categorical(candidates=[1, 2, 4, 8], probs=[0.25, 0.25, 0.25, 0.25], decision=1)
sch.annotate(block_or_loop=b64, ann_key="meta_schedule.cooperative_fetch", ann_val=v102)
b103 = sch.cache_read(block=b29, read_buffer_index=0, storage_scope="shared.dyn", consumer_blocks=[b29])
sch.compute_at(block=b103, loop=l58, preserve_unit_loops=True, index=-1)
l104, l105, l106, l107, l108, l109 = sch.get_loops(block=b103)
l110 = sch.fuse(l108, l109, preserve_unit_iters=True)
v111 = sch.sample_categorical(candidates=[1, 2, 4, 8], probs=[0.25, 0.25, 0.25, 0.25], decision=1)
sch.annotate(block_or_loop=b103, ann_key="meta_schedule.cooperative_fetch", ann_val=v111)
b112 = sch.cache_read(block=b29, read_buffer_index=1, storage_scope="shared.dyn", consumer_blocks=[b29])
sch.compute_at(block=b112, loop=l58, preserve_unit_loops=True, index=-1)
l113, l114, l115, l116, l117, l118, l119, l120 = sch.get_loops(block=b112)
l121 = sch.fuse(l117, l118, l119, l120, preserve_unit_iters=True)
v122 = sch.sample_categorical(candidates=[1, 2, 4, 8], probs=[0.25, 0.25, 0.25, 0.25], decision=3)
sch.annotate(block_or_loop=b112, ann_key="meta_schedule.cooperative_fetch", ann_val=v122)
b123 = sch.cache_read(block=b29, read_buffer_index=0, storage_scope="wmma.matrix_a")
sch.compute_at(block=b123, loop=l59, preserve_unit_loops=True, index=-1)
l124, l125, l126, l127, l128, l129, l130 = sch.get_loops(block=b123)
l131, l132 = sch.split(loop=l130, factors=[None, 16], preserve_unit_iters=True, disable_predication=False)
l133, l134 = sch.split(loop=l129, factors=[None, 16], preserve_unit_iters=True, disable_predication=False)
l135, l136, l137, l138, l139, l140, l141, l142, l143 = sch.get_loops(block=b123)
sch.reorder(l142, l134, l132)
b144 = sch.blockize(target=l134, preserve_unit_iters=True)
sch.annotate(block_or_loop=b144, ann_key="meta_schedule.auto_tensorize", ann_val="wmma_load_16x16x16_f16_a_shared_dyn")
b145 = sch.cache_read(block=b29, read_buffer_index=1, storage_scope="wmma.matrix_b")
sch.compute_at(block=b145, loop=l59, preserve_unit_loops=True, index=-1)
l146, l147, l148, l149, l150, l151, l152, l153, l154 = sch.get_loops(block=b145)
l155, l156 = sch.split(loop=l154, factors=[None, 16], preserve_unit_iters=True, disable_predication=False)
l157, l158 = sch.split(loop=l153, factors=[None, 16], preserve_unit_iters=True, disable_predication=False)
l159, l160, l161, l162, l163, l164, l165, l166, l167, l168, l169 = sch.get_loops(block=b145)
sch.reorder(l168, l158, l156)
b170 = sch.blockize(target=l158, preserve_unit_iters=True)
sch.annotate(block_or_loop=b170, ann_key="meta_schedule.auto_tensorize", ann_val="wmma_load_16x16x16_f16_b_shared_dyn")
b171, = sch.get_producers(block=b103)
sch.compute_inline(block=b171)
sch.storage_align(block=b103, buffer_index=0, axis=-2, factor=32, offset=8)
b172, = sch.get_producers(block=b112)
sch.compute_inline(block=b172)
sch.storage_align(block=b112, buffer_index=0, axis=-2, factor=32, offset=8)
sch.compute_inline(block=b0)
v173 = sch.sample_categorical(candidates=[0, 16, 64, 512, 1024], probs=[0.20000000000000001, 0.20000000000000001, 0.20000000000000001, 0.20000000000000001, 0.20000000000000001], decision=3)
sch.annotate(block_or_loop=b2, ann_key="meta_schedule.unroll_explicit", ann_val=v173)
sch.enter_postproc()
sch.unannotate(block_or_loop=b64, ann_key="meta_schedule.cooperative_fetch")
l174, l175, l176, l177 = sch.get_loops(block=b64)
l178, l179, l180, l181 = sch.split(loop=l177, factors=[None, 16, 32, 2], preserve_unit_iters=True, disable_predication=False)
sch.vectorize(loop=l181)
sch.bind(loop=l180, thread_axis="threadIdx.x")
sch.bind(loop=l179, thread_axis="threadIdx.y")
sch.unannotate(block_or_loop=b103, ann_key="meta_schedule.cooperative_fetch")
l182, l183, l184, l185, l186 = sch.get_loops(block=b103)
l187, l188, l189, l190 = sch.split(loop=l186, factors=[None, 16, 32, 2], preserve_unit_iters=True, disable_predication=False)
sch.vectorize(loop=l190)
sch.bind(loop=l189, thread_axis="threadIdx.x")
sch.bind(loop=l188, thread_axis="threadIdx.y")
sch.unannotate(block_or_loop=b112, ann_key="meta_schedule.cooperative_fetch")
l191, l192, l193, l194, l195 = sch.get_loops(block=b112)
l196, l197, l198, l199 = sch.split(loop=l195, factors=[None, 16, 32, 8], preserve_unit_iters=True, disable_predication=False)
sch.vectorize(loop=l199)
sch.bind(loop=l198, thread_axis="threadIdx.x")
sch.bind(loop=l197, thread_axis="threadIdx.y")
b200 = sch.get_block(name="root", func_name="main")
sch.unannotate(block_or_loop=b200, ann_key="meta_schedule.unroll_explicit")
b201, b202, b203, b204, b205, b206, b207 = sch.get_child_blocks(b200)
l208, l209, l210, l211, l212, l213, l214, l215 = sch.get_loops(block=b201)
l216, l217, l218, l219, l220, l221, l222, l223 = sch.get_loops(block=b202)
l224, l225, l226, l227, l228, l229, l230 = sch.get_loops(block=b203)
l231, l232, l233, l234, l235, l236, l237, l238, l239 = sch.get_loops(block=b204)
l240, l241, l242, l243, l244, l245, l246, l247, l248, l249 = sch.get_loops(block=b205)
sch.annotate(block_or_loop=l240, ann_key="pragma_auto_unroll_max_step", ann_val=512)
sch.annotate(block_or_loop=l240, ann_key="pragma_unroll_explicit", ann_val=1)
l250, l251, l252, l253, l254, l255 = sch.get_loops(block=b206)
l256, l257, l258, l259, l260, l261, l262 = sch.get_loops(block=b207)
b263 = sch.get_block(name="conv2d_nchw_o", func_name="main")
l264, l265, l266, l267, l268, l269, l270, l271, l272, l273 = sch.get_loops(block=b263)
b274 = sch.decompose_reduction(block=b263, loop=l267)
sch.unannotate(block_or_loop=b274, ann_key="meta_schedule.auto_tensorize")
sch.annotate(block_or_loop=b274, ann_key="meta_schedule.auto_tensorize", ann_val="wmma_fill_16x16x16_f16")
sch.unannotate(block_or_loop=b263, ann_key="meta_schedule.auto_tensorize_init")
sch.unannotate(block_or_loop=b274, ann_key="meta_schedule.auto_tensorize_init")
b275 = sch.get_block(name="conv2d_nchw_o_init", func_name="main")
sch.unannotate(block_or_loop=b275, ann_key="meta_schedule.auto_tensorize")
sch.tensorize(block_or_loop=b275, tensor_intrin="wmma_fill_16x16x16_f16", preserve_unit_iters=True)
b276 = sch.get_block(name="pad_temp_reindex_pad_shared.dyn_wmma.matrix_a_o", func_name="main")
sch.unannotate(block_or_loop=b276, ann_key="meta_schedule.auto_tensorize")
sch.tensorize(block_or_loop=b276, tensor_intrin="wmma_load_16x16x16_f16_a_shared_dyn", preserve_unit_iters=True)
b277 = sch.get_block(name="W_reindex_shared.dyn_wmma.matrix_b_o", func_name="main")
sch.unannotate(block_or_loop=b277, ann_key="meta_schedule.auto_tensorize")
sch.tensorize(block_or_loop=b277, tensor_intrin="wmma_load_16x16x16_f16_b_shared_dyn", preserve_unit_iters=True)
b278 = sch.get_block(name="conv2d_nchw_o_update", func_name="main")
sch.unannotate(block_or_loop=b278, ann_key="meta_schedule.auto_tensorize")
sch.tensorize(block_or_loop=b278, tensor_intrin="wmma_sync_16x16x16_f16f16f16", preserve_unit_iters=True)
b279 = sch.get_block(name="conv2d_nchw_reindex_pad_shared.dyn_wmma.accumulator_o", func_name="main")
sch.unannotate(block_or_loop=b279, ann_key="meta_schedule.auto_tensorize")
sch.tensorize(block_or_loop=b279, tensor_intrin="wmma_store_16x16x16_f16_shared_dyn", preserve_unit_iters=True)
2025-10-11 01:47:53 [INFO] [task_scheduler.cc:131] [Task #0: main] Trial #57: GFLOPs: 1559.1492. Time: 8.2385 us. Best GFLOPs: 2523.2627
2025-10-11 01:47:53 [INFO] [task_scheduler.cc:131] [Task #0: main] Trial #58: GFLOPs: 2421.8772. Time: 5.3038 us. Best GFLOPs: 2523.2627
2025-10-11 01:47:53 [INFO] [task_scheduler.cc:131] [Task #0: main] Trial #59: GFLOPs: 1275.2380. Time: 10.0727 us. Best GFLOPs: 2523.2627
2025-10-11 01:47:53 [INFO] [task_scheduler.cc:131] [Task #0: main] Trial #60: GFLOPs: 2371.8785. Time: 5.4156 us. Best GFLOPs: 2523.2627
2025-10-11 01:47:53 [INFO] [task_scheduler.cc:131] [Task #0: main] Trial #61: GFLOPs: 380.8873. Time: 33.7240 us. Best GFLOPs: 2523.2627
2025-10-11 01:47:53 [INFO] [task_scheduler.cc:131] [Task #0: main] Trial #62: GFLOPs: 625.1583. Time: 20.5469 us. Best GFLOPs: 2523.2627
2025-10-11 01:47:53 [INFO] [task_scheduler.cc:131] [Task #0: main] Trial #63: GFLOPs: 1267.0039. Time: 10.1381 us. Best GFLOPs: 2523.2627
2025-10-11 01:47:53 [INFO] [task_scheduler.cc:131] [Task #0: main] Trial #64: GFLOPs: 2733.9088. Time: 4.6984 us. Best GFLOPs: 2733.9088
2025-10-11 01:47:53 [INFO] [evolutionary_search.cc:713] Generating candidates......
2025-10-11 01:47:54 [INFO] [evolutionary_search.cc:715] Picked top 58 candidate(s) from database
2025-10-11 01:47:59 [INFO] [evolutionary_search.cc:533] Sample-Init-Population summary:
Postproc #0 [meta_schedule.DisallowDynamicLoop(0x10355778)]: 0 failure(s)
Postproc #1 [meta_schedule.RewriteCooperativeFetch(0x1037dc28)]: 0 failure(s)
Postproc #2 [meta_schedule.RewriteUnboundBlock(0x1023d0f8)]: 0 failure(s)
Postproc #3 [meta_schedule.RewriteParallelVectorizeUnroll(0x10146428)]: 0 failure(s)
Postproc #4 [meta_schedule.RewriteReductionBlock(0xffcfb08)]: 0 failure(s)
Postproc #5 [meta_schedule.VerifyGPUCode(0x10241ed8)]: 293 failure(s)
Postproc #6 [meta_schedule.RewriteTensorize(0x1003a7e8)]: 0 failure(s)
2025-10-11 01:47:59 [INFO] [evolutionary_search.cc:723] Sampled 161 candidate(s)
2025-10-11 01:48:06 [INFO] [evolutionary_search.cc:621] Evolve iter #0 done. Summary:
Postproc #0 [meta_schedule.DisallowDynamicLoop(0x10355778)]: 0 failure(s)
Postproc #1 [meta_schedule.RewriteCooperativeFetch(0x1037dc28)]: 0 failure(s)
Postproc #2 [meta_schedule.RewriteUnboundBlock(0x1023d0f8)]: 0 failure(s)
Postproc #3 [meta_schedule.RewriteParallelVectorizeUnroll(0x10146428)]: 0 failure(s)
Postproc #4 [meta_schedule.RewriteReductionBlock(0xffcfb08)]: 0 failure(s)
Postproc #5 [meta_schedule.VerifyGPUCode(0x10241ed8)]: 93 failure(s)
Postproc #6 [meta_schedule.RewriteTensorize(0x1003a7e8)]: 0 failure(s)
2025-10-11 01:48:13 [INFO] [evolutionary_search.cc:621] Evolve iter #1 done. Summary:
Postproc #0 [meta_schedule.DisallowDynamicLoop(0x10355778)]: 0 failure(s)
Postproc #1 [meta_schedule.RewriteCooperativeFetch(0x1037dc28)]: 0 failure(s)
Postproc #2 [meta_schedule.RewriteUnboundBlock(0x1023d0f8)]: 0 failure(s)
Postproc #3 [meta_schedule.RewriteParallelVectorizeUnroll(0x10146428)]: 0 failure(s)
Postproc #4 [meta_schedule.RewriteReductionBlock(0xffcfb08)]: 0 failure(s)
Postproc #5 [meta_schedule.VerifyGPUCode(0x10241ed8)]: 82 failure(s)
Postproc #6 [meta_schedule.RewriteTensorize(0x1003a7e8)]: 0 failure(s)
2025-10-11 01:48:20 [INFO] [evolutionary_search.cc:621] Evolve iter #2 done. Summary:
Postproc #0 [meta_schedule.DisallowDynamicLoop(0x10355778)]: 0 failure(s)
Postproc #1 [meta_schedule.RewriteCooperativeFetch(0x1037dc28)]: 0 failure(s)
Postproc #2 [meta_schedule.RewriteUnboundBlock(0x1023d0f8)]: 0 failure(s)
Postproc #3 [meta_schedule.RewriteParallelVectorizeUnroll(0x10146428)]: 0 failure(s)
Postproc #4 [meta_schedule.RewriteReductionBlock(0xffcfb08)]: 0 failure(s)
Postproc #5 [meta_schedule.VerifyGPUCode(0x10241ed8)]: 83 failure(s)
Postproc #6 [meta_schedule.RewriteTensorize(0x1003a7e8)]: 0 failure(s)
2025-10-11 01:48:27 [INFO] [evolutionary_search.cc:621] Evolve iter #3 done. Summary:
Postproc #0 [meta_schedule.DisallowDynamicLoop(0x10355778)]: 0 failure(s)
Postproc #1 [meta_schedule.RewriteCooperativeFetch(0x1037dc28)]: 0 failure(s)
Postproc #2 [meta_schedule.RewriteUnboundBlock(0x1023d0f8)]: 0 failure(s)
Postproc #3 [meta_schedule.RewriteParallelVectorizeUnroll(0x10146428)]: 0 failure(s)
Postproc #4 [meta_schedule.RewriteReductionBlock(0xffcfb08)]: 0 failure(s)
Postproc #5 [meta_schedule.VerifyGPUCode(0x10241ed8)]: 67 failure(s)
Postproc #6 [meta_schedule.RewriteTensorize(0x1003a7e8)]: 0 failure(s)
2025-10-11 01:48:28 [INFO] [evolutionary_search.cc:649] Scores of the best 64 candidates:
[1 : 16]:	0.9997  0.9985  0.9975  0.9971  0.9963  0.9957  0.9953  0.9952  0.9952  0.9951  0.9926  0.9918  0.9918  0.9909  0.9878  0.9867
[17 : 32]:	0.9864  0.9858  0.9853  0.9847  0.9833  0.9828  0.9824  0.9823  0.9822  0.9821  0.9816  0.9809  0.9807  0.9804  0.9798  0.9792
[33 : 48]:	0.9792  0.9781  0.9760  0.9754  0.9751  0.9750  0.9745  0.9742  0.9737  0.9726  0.9723  0.9722  0.9721  0.9709  0.9703  0.9702
[49 : 64]:	0.9699  0.9698  0.9696  0.9695  0.9686  0.9675  0.9662  0.9651  0.9648  0.9639  0.9629  0.9627  0.9627  0.9620  0.9601  0.9597
2025-10-11 01:48:29 [INFO] [evolutionary_search.cc:727] Got 64 candidate(s) with evolutionary search
2025-10-11 01:48:29 [INFO] [evolutionary_search.cc:730] Sending 64 candidates(s) for measurement
2025-10-11 01:48:52 [INFO] [task_scheduler.cc:131] [Task #0: main] Trial #65: GFLOPs: 2878.9090. Time: 4.4618 us. Best GFLOPs: 2878.9090
2025-10-11 01:48:52 [INFO] [task_scheduler.cc:131] [Task #0: main] Trial #66: GFLOPs: 337.3973. Time: 38.0710 us. Best GFLOPs: 2878.9090
2025-10-11 01:48:52 [INFO] [task_scheduler.cc:131] [Task #0: main] Trial #67: GFLOPs: 2513.0421. Time: 5.1114 us. Best GFLOPs: 2878.9090
2025-10-11 01:48:52 [INFO] [task_scheduler.cc:131] [Task #0: main] Trial #68: GFLOPs: 259.1043. Time: 49.5748 us. Best GFLOPs: 2878.9090
2025-10-11 01:48:52 [INFO] [task_scheduler.cc:131] [Task #0: main] Trial #69: GFLOPs: 3249.0709. Time: 3.9535 us. Best GFLOPs: 3249.0709
2025-10-11 01:48:52 [INFO] [task_scheduler.cc:131] [Task #0: main] Trial #70: GFLOPs: 402.5125. Time: 31.9122 us. Best GFLOPs: 3249.0709
2025-10-11 01:48:52 [INFO] [task_scheduler.cc:131] [Task #0: main] Trial #71: GFLOPs: 921.6415. Time: 13.9371 us. Best GFLOPs: 3249.0709
2025-10-11 01:48:52 [INFO] [task_scheduler.cc:131] [Task #0: main] Trial #72: GFLOPs: 354.9270. Time: 36.1907 us. Best GFLOPs: 3249.0709
2025-10-11 01:48:52 [INFO] [task_scheduler.cc:131] [Task #0: main] Trial #73: GFLOPs: 2732.6579. Time: 4.7006 us. Best GFLOPs: 3249.0709
2025-10-11 01:48:52 [INFO] [task_scheduler.cc:131] [Task #0: main] Trial #74: GFLOPs: 1006.6868. Time: 12.7597 us. Best GFLOPs: 3249.0709
2025-10-11 01:48:52 [INFO] [task_scheduler.cc:131] [Task #0: main] Trial #75: GFLOPs: 915.4029. Time: 14.0321 us. Best GFLOPs: 3249.0709
2025-10-11 01:48:52 [INFO] [task_scheduler.cc:131] [Task #0: main] Trial #76: GFLOPs: 2097.8380. Time: 6.1230 us. Best GFLOPs: 3249.0709
2025-10-11 01:48:52 [INFO] [task_scheduler.cc:131] [Task #0: main] Trial #77: GFLOPs: 1508.5630. Time: 8.5148 us. Best GFLOPs: 3249.0709
2025-10-11 01:48:52 [INFO] [task_scheduler.cc:131] [Task #0: main] Trial #78: GFLOPs: 1558.9878. Time: 8.2394 us. Best GFLOPs: 3249.0709
2025-10-11 01:48:52 [INFO] [task_scheduler.cc:131] [Task #0: main] Trial #79: GFLOPs: 128.8797. Time: 99.6670 us. Best GFLOPs: 3249.0709
2025-10-11 01:48:52 [INFO] [task_scheduler.cc:131] [Task #0: main] Trial #80: GFLOPs: 577.9753. Time: 22.2242 us. Best GFLOPs: 3249.0709
2025-10-11 01:48:52 [INFO] [task_scheduler.cc:131] [Task #0: main] Trial #81: GFLOPs: 994.3772. Time: 12.9177 us. Best GFLOPs: 3249.0709
2025-10-11 01:48:52 [INFO] [task_scheduler.cc:131] [Task #0: main] Trial #82: GFLOPs: 1043.5003. Time: 12.3096 us. Best GFLOPs: 3249.0709
2025-10-11 01:48:52 [INFO] [task_scheduler.cc:131] [Task #0: main] Trial #83: GFLOPs: 1921.3813. Time: 6.6853 us. Best GFLOPs: 3249.0709
2025-10-11 01:48:52 [INFO] [task_scheduler.cc:131] [Task #0: main] Trial #84: GFLOPs: 765.0911. Time: 16.7889 us. Best GFLOPs: 3249.0709
2025-10-11 01:48:52 [INFO] [task_scheduler.cc:131] [Task #0: main] Trial #85: GFLOPs: 645.0960. Time: 19.9119 us. Best GFLOPs: 3249.0709
2025-10-11 01:48:52 [INFO] [task_scheduler.cc:131] [Task #0: main] Trial #86: GFLOPs: 1645.0492. Time: 7.8083 us. Best GFLOPs: 3249.0709
2025-10-11 01:48:52 [INFO] [task_scheduler.cc:131] [Task #0: main] Trial #87: GFLOPs: 1883.9054. Time: 6.8183 us. Best GFLOPs: 3249.0709
2025-10-11 01:48:52 [INFO] [task_scheduler.cc:131] [Task #0: main] Trial #88: GFLOPs: 346.1640. Time: 37.1068 us. Best GFLOPs: 3249.0709
2025-10-11 01:48:52 [INFO] [task_scheduler.cc:131] [Task #0: main] Trial #89: GFLOPs: 1649.5291. Time: 7.7871 us. Best GFLOPs: 3249.0709
2025-10-11 01:48:52 [INFO] [task_scheduler.cc:131] [Task #0: main] Trial #90: GFLOPs: 485.5349. Time: 26.4555 us. Best GFLOPs: 3249.0709
2025-10-11 01:48:52 [INFO] [task_scheduler.cc:131] [Task #0: main] Trial #91: GFLOPs: 1866.5642. Time: 6.8817 us. Best GFLOPs: 3249.0709
2025-10-11 01:48:52 [INFO] [task_scheduler.cc:131] [Task #0: main] Trial #92: GFLOPs: 878.2184. Time: 14.6263 us. Best GFLOPs: 3249.0709
2025-10-11 01:48:52 [INFO] [task_scheduler.cc:131] [Task #0: main] Trial #93: GFLOPs: 973.4771. Time: 13.1950 us. Best GFLOPs: 3249.0709
2025-10-11 01:48:52 [INFO] [task_scheduler.cc:131] [Task #0: main] Trial #94: GFLOPs: 394.4917. Time: 32.5610 us. Best GFLOPs: 3249.0709
2025-10-11 01:48:52 [INFO] [task_scheduler.cc:131] [Task #0: main] Trial #95: GFLOPs: 2741.4903. Time: 4.6854 us. Best GFLOPs: 3249.0709
2025-10-11 01:48:52 [INFO] [task_scheduler.cc:131] [Task #0: main] Trial #96: GFLOPs: 526.7844. Time: 24.3839 us. Best GFLOPs: 3249.0709
2025-10-11 01:48:52 [INFO] [task_scheduler.cc:131] [Task #0: main] Trial #97: GFLOPs: 1873.0339. Time: 6.8579 us. Best GFLOPs: 3249.0709
2025-10-11 01:48:52 [INFO] [task_scheduler.cc:131] [Task #0: main] Trial #98: GFLOPs: 1085.4013. Time: 11.8344 us. Best GFLOPs: 3249.0709
2025-10-11 01:48:52 [INFO] [task_scheduler.cc:131] [Task #0: main] Trial #99: GFLOPs: 1229.4927. Time: 10.4474 us. Best GFLOPs: 3249.0709
2025-10-11 01:48:52 [INFO] [task_scheduler.cc:131] [Task #0: main] Trial #100: GFLOPs: 964.5789. Time: 13.3168 us. Best GFLOPs: 3249.0709
2025-10-11 01:48:52 [INFO] [task_scheduler.cc:131] [Task #0: main] Trial #101: GFLOPs: 199.8342. Time: 64.2786 us. Best GFLOPs: 3249.0709
2025-10-11 01:48:52 [INFO] [task_scheduler.cc:131] [Task #0: main] Trial #102: GFLOPs: 2267.8361. Time: 5.6640 us. Best GFLOPs: 3249.0709
2025-10-11 01:48:52 [INFO] [task_scheduler.cc:131] [Task #0: main] Trial #103: GFLOPs: 1323.6615. Time: 9.7042 us. Best GFLOPs: 3249.0709
2025-10-11 01:48:52 [INFO] [task_scheduler.cc:131] [Task #0: main] Trial #104: GFLOPs: 1615.5302. Time: 7.9510 us. Best GFLOPs: 3249.0709
2025-10-11 01:48:52 [INFO] [task_scheduler.cc:131] [Task #0: main] Trial #105: GFLOPs: 1593.7394. Time: 8.0597 us. Best GFLOPs: 3249.0709
2025-10-11 01:48:52 [INFO] [task_scheduler.cc:131] [Task #0: main] Trial #106: GFLOPs: 409.0678. Time: 31.4008 us. Best GFLOPs: 3249.0709
2025-10-11 01:48:52 [INFO] [task_scheduler.cc:131] [Task #0: main] Trial #107: GFLOPs: 1415.0467. Time: 9.0775 us. Best GFLOPs: 3249.0709
2025-10-11 01:48:52 [INFO] [task_scheduler.cc:131] [Task #0: main] Trial #108: GFLOPs: 1799.1574. Time: 7.1395 us. Best GFLOPs: 3249.0709
2025-10-11 01:48:52 [INFO] [task_scheduler.cc:121] [Task #0: main] Trial #109: Error in building:
LocalBuilder: An exception occurred
Traceback (most recent call last):
  File "/workspace/tvm-dev/python/tvm/exec/popen_worker.py", line 87, in main
    result = fn(*args, **kwargs)
             ^^^^^^^^^^^^^^^^^^^
  File "/workspace/tvm-dev/python/tvm/meta_schedule/builder/local_builder.py", line 165, in <lambda>
    lambda x: _worker_func(*x),
              ^^^^^^^^^^^^^^^^
  File "/workspace/tvm-dev/python/tvm/meta_schedule/builder/local_builder.py", line 231, in _worker_func
    rt_mod: Module = f_build(mod, target, _deserialize_params(params))
                     ^^^^^^^^^^^^^^^^^^^^^^^^^^^^^^^^^^^^^^^^^^^^^^^^^
  File "/workspace/tvm-dev/python/tvm/_ffi/_ctypes/packed_func.py", line 245, in __call__
    raise_last_ffi_error()
  File "/workspace/tvm-dev/python/tvm/_ffi/base.py", line 481, in raise_last_ffi_error
    raise py_err
  File "/workspace/tvm-dev/python/tvm/meta_schedule/builder/local_builder.py", line 261, in default_build
    return tvm_build(mod, target=target)
           ^^^^^^^^^^^^^^^^^^^^^^^^^^^^^
  File "/workspace/tvm-dev/python/tvm/driver/build_module.py", line 297, in build
    rt_mod_host = _driver_ffi.tir_to_runtime(annotated_mods, target_host)
                  ^^^^^^^^^^^^^^^^^^^^^^^^^^^^^^^^^^^^^^^^^^^^^^^^^^^^^^^
  File "/workspace/tvm-dev/python/tvm/_ffi/_ctypes/packed_func.py", line 245, in __call__
    raise_last_ffi_error()
  File "/workspace/tvm-dev/python/tvm/_ffi/base.py", line 481, in raise_last_ffi_error
    raise py_err
ValueError: Traceback (most recent call last):
  15: tvm::runtime::PackedFuncObj::Extractor<tvm::runtime::PackedFuncSubObj<tvm::runtime::TypedPackedFunc<tvm::runtime::Module (tvm::runtime::Map<tvm::Target, tvm::IRModule, void, void> const&, tvm::Target)>::AssignTypedLambda<tvm::__mk_TVM24::{lambda(tvm::runtime::Map<tvm::Target, tvm::IRModule, void, void> const&, tvm::Target)#1}>(tvm::__mk_TVM24::{lambda(tvm::runtime::Map<tvm::Target, tvm::IRModule, void, void> const&, tvm::Target)#1}, std::__cxx11::basic_string<char, std::char_traits<char>, std::allocator<char> >)::{lambda(tvm::runtime::TVMArgs const&, tvm::runtime::TVMRetValue*)#1}> >::Call(tvm::runtime::PackedFuncObj const*, std::__cxx11::basic_string<char, std::char_traits<char>, std::allocator<char> >, tvm::runtime::TVMRetValue)
  14: tvm::TIRToRuntime(tvm::runtime::Map<tvm::Target, tvm::IRModule, void, void> const&, tvm::Target const&)
  13: tvm::codegen::Build(tvm::IRModule, tvm::Target)
  12: _ZN3tvm7runtime13PackedFuncObj
  11: tvm::runtime::TypedPackedFunc<tvm::runtime::Module (tvm::IRModule, tvm::Target)>::AssignTypedLambda<tvm::runtime::Module (*)(tvm::IRModule, tvm::Target)>(tvm::runtime::Module (*)(tvm::IRModule, tvm::Target), std::__cxx11::basic_string<char, std::char_traits<char>, std::allocator<char> >)::{lambda(tvm::runtime::TVMArgs const&, tvm::runtime::TVMRetValue*)#1}::operator()(tvm::runtime::TVMArgs const&, tvm::runtime::TVMRetValue*) const
  10: tvm::codegen::BuildCUDA(tvm::IRModule, tvm::Target)
  9: tvm::codegen::CodeGenC::AddFunction(tvm::GlobalVar const&, tvm::tir::PrimFunc const&)
  8: tvm::codegen::CodeGenCUDA::VisitStmt_(tvm::tir::AllocateNode const*)
  7: tvm::codegen::CodeGenCUDA::VisitStmt_(tvm::tir::AllocateNode const*)
  6: tvm::codegen::CodeGenCUDA::VisitStmt_(tvm::tir::AllocateNode const*)
  5: tvm::codegen::CodeGenCUDA::VisitStmt_(tvm::tir::AllocateNode const*)
  4: tvm::codegen::CodeGenC::VisitStmt_(tvm::tir::SeqStmtNode const*)
  3: tvm::codegen::CodeGenC::VisitStmt_(tvm::tir::IfThenElseNode const*)
  2: tvm::codegen::CodeGenC::VisitStmt_(tvm::tir::BufferStoreNode const*)
  1: tvm::codegen::CodeGenC::PrintExpr[abi:cxx11](tvm::PrimExpr const&)
  0: tvm::codegen::CodeGenCUDA::VisitExpr_(tvm::tir::RampNode const*, std::ostream&)
  File "/workspace/tvm-dev/src/target/source/codegen_cuda.cc", line 1204
ValueError: Check failed: lanes <= 4 (8 vs. 4) : Ramp of more than 4 lanes is not allowed.

# from tvm.script import ir as I
# from tvm.script import tir as T

@I.ir_module
class Module:
    @T.prim_func
    def main(A: T.Buffer((1, 256, 14, 14), "float16"), W: T.Buffer((512, 256, 1, 1), "float16"), conv2d_nchw: T.Buffer((1, 512, 7, 7), "float16")):
        T.func_attr({"tir.noalias": T.bool(True)})
        # with T.block("root"):
        conv2d_nchw_reindex_pad_shared_dyn = T.alloc_buffer((4, 32, 1, 1, 16, 16), "float16", scope="shared.dyn")
        conv2d_nchw_reindex_pad_shared_dyn_wmma_accumulator = T.alloc_buffer((4, 32, 1, 1, 16, 16), "float16", scope="wmma.accumulator")
        pad_temp_reindex_pad_shared_dyn = T.alloc_buffer((64, 256), "float16", scope="shared.dyn")
        W_reindex_shared_dyn = T.alloc_buffer((1, 1, 256, 512), "float16", scope="shared.dyn")
        pad_temp_reindex_pad_shared_dyn_wmma_matrix_a = T.alloc_buffer((64, 256), "float16", scope="wmma.matrix_a")
        W_reindex_shared_dyn_wmma_matrix_b = T.alloc_buffer((1, 1, 256, 512), "float16", scope="wmma.matrix_b")
        for ax0_ax1_ax2_0_0_ax3_0_0_fused in T.thread_binding(1, thread="blockIdx.y"):
            for ax2_0_1_ax3_0_1_fused in T.thread_binding(32, thread="blockIdx.x"):
                for ax2_0_2_ax3_0_2_fused in T.thread_binding(4, thread="threadIdx.y"):
                    for ax2_0_3_init, ax3_0_3_init, ax2_0_4_init, ax3_0_4_init in T.grid(1, 1, 1, 1):
                        with T.block("conv2d_nchw_o_init"):
                            v0_o = T.axis.spatial(1, 0)
                            v1_o = T.axis.spatial(1, 0)
                            v2_o = T.axis.spatial(4, ax2_0_1_ax3_0_1_fused // 16 * 2 + ax2_0_2_ax3_0_2_fused // 2 + ax2_0_3_init + ax2_0_4_init)
                            v3_o = T.axis.spatial(32, ax2_0_1_ax3_0_1_fused % 16 * 2 + ax2_0_2_ax3_0_2_fused % 2 + ax3_0_3_init + ax3_0_4_init)
                            T.reads()
                            T.writes(conv2d_nchw_reindex_pad_shared_dyn_wmma_accumulator[v2_o, v3_o, 0, 0, 0:16, 0:16])
                            T.block_attr({"meta_schedule.thread_extent_high_inclusive": 1024, "meta_schedule.thread_extent_low_inclusive": 32, "warp_execution": 1})
                            C = T.match_buffer(conv2d_nchw_reindex_pad_shared_dyn_wmma_accumulator[v2_o, v3_o, 0, 0, 0:16, 0:16], (16, 16), "float16", strides=("C_s0", "C_s1"), scope="wmma.accumulator", offset_factor=16)
                            T.tvm_fill_fragment(C.data, 16, 16, 16, C.elem_offset // C.strides[0] // 16 * (C.strides[0] // 16) + C.elem_offset % C.strides[0] // 16, T.float32(0.0))
                    for ax4_0_0 in range(8):
                        for ax0_ax1_fused_0 in range(8):
                            for ax0_ax1_fused_1 in T.thread_binding(4, thread="threadIdx.y"):
                                for ax0_ax1_fused_2 in T.thread_binding(32, thread="threadIdx.x"):
                                    with T.block("pad_temp_reindex_pad_shared.dyn"):
                                        v0 = T.axis.spatial(64, ax2_0_1_ax3_0_1_fused // 16 * 32 + (ax0_ax1_fused_0 * 128 + ax0_ax1_fused_1 * 32 + ax0_ax1_fused_2) // 32)
                                        v1 = T.axis.spatial(256, ax4_0_0 * 32 + (ax0_ax1_fused_0 * 128 + ax0_ax1_fused_1 * 32 + ax0_ax1_fused_2) % 32)
                                        T.reads(A[0, v1, v0 // 7 * 2, v0 % 7 * 2])
                                        T.writes(pad_temp_reindex_pad_shared_dyn[v0, v1])
                                        T.block_attr({"buffer_dim_align": [[0, 0, 32, 8]]})
                                        pad_temp_reindex_pad_shared_dyn[v0, v1] = T.if_then_else(v0 < 49, A[0, v1, v0 // 7 * 2, v0 % 7 * 2], T.float16(0.0))
                        for ax0_ax1_ax2_ax3_fused_0 in range(4):
                            for ax0_ax1_ax2_ax3_fused_1 in T.thread_binding(4, thread="threadIdx.y"):
                                for ax0_ax1_ax2_ax3_fused_2 in T.thread_binding(32, thread="threadIdx.x"):
                                    for ax0_ax1_ax2_ax3_fused_3 in T.vectorized(2):
                                        with T.block("W_reindex_shared.dyn"):
                                            v0 = T.axis.spatial(1, 0)
                                            v1 = T.axis.spatial(1, 0)
                                            v2 = T.axis.spatial(256, ax4_0_0 * 32 + (ax0_ax1_ax2_ax3_fused_0 * 256 + ax0_ax1_ax2_ax3_fused_1 * 64 + ax0_ax1_ax2_ax3_fused_2 * 2 + ax0_ax1_ax2_ax3_fused_3) // 32)
                                            v3 = T.axis.spatial(512, ax2_0_1_ax3_0_1_fused % 16 * 32 + (ax0_ax1_ax2_ax3_fused_0 * 256 + ax0_ax1_ax2_ax3_fused_1 * 64 + ax0_ax1_ax2_ax3_fused_2 * 2 + ax0_ax1_ax2_ax3_fused_3) % 32)
                                            T.reads(W[v3, v2, v0, v1])
                                            T.writes(W_reindex_shared_dyn[v0, v1, v2, v3])
                                            T.block_attr({"buffer_dim_align": [[0, 2, 32, 8]]})
                                            W_reindex_shared_dyn[v0, v1, v2, v3] = W[v3, v2, v0, v1]
                        for ax4_0_1 in range(2):
                            for ax0_0, ax1_0 in T.grid(1, 1):
                                with T.block("pad_temp_reindex_pad_shared.dyn_wmma.matrix_a_o"):
                                    v0_o = T.axis.spatial(4, ax2_0_1_ax3_0_1_fused // 16 * 2 + ax2_0_2_ax3_0_2_fused // 2 + ax0_0)
                                    v1_o = T.axis.spatial(16, ax4_0_0 * 2 + ax4_0_1 + ax1_0)
                                    T.reads(pad_temp_reindex_pad_shared_dyn[v0_o * 16:v0_o * 16 + 16, v1_o * 16:v1_o * 16 + 16])
                                    T.writes(pad_temp_reindex_pad_shared_dyn_wmma_matrix_a[v0_o * 16:v0_o * 16 + 16, v1_o * 16:v1_o * 16 + 16])
                                    A_1 = T.match_buffer(pad_temp_reindex_pad_shared_dyn[v0_o * 16:v0_o * 16 + 16, v1_o * 16:v1_o * 16 + 16], (16, 16), "float16", strides=("A_s0", "A_s1"), scope="shared.dyn", offset_factor=16)
                                    C = T.match_buffer(pad_temp_reindex_pad_shared_dyn_wmma_matrix_a[v0_o * 16:v0_o * 16 + 16, v1_o * 16:v1_o * 16 + 16], (16, 16), "float16", strides=("C_s0", "C_s1"), scope="wmma.matrix_a", offset_factor=16)
                                    T.tvm_load_matrix_sync(C.data, 16, 16, 16, C.elem_offset // C.strides[0] // 16 * (C.strides[0] // 16) + C.elem_offset % C.strides[0] // 16, T.tvm_access_ptr(T.type_annotation("float16"), A_1.data, A_1.elem_offset, A_1.strides[0] * 16, 1), A_1.strides[0], "row_major")
                            for ax0, ax1, ax2_0, ax3_0 in T.grid(1, 1, 1, 1):
                                with T.block("W_reindex_shared.dyn_wmma.matrix_b_o"):
                                    v0_o, v1_o = T.axis.remap("SS", [ax0, ax1])
                                    v2_o = T.axis.spatial(16, ax4_0_0 * 2 + ax4_0_1 + ax2_0)
                                    v3_o = T.axis.spatial(32, ax2_0_1_ax3_0_1_fused % 16 * 2 + ax2_0_2_ax3_0_2_fused % 2 + ax3_0)
                                    T.reads(W_reindex_shared_dyn[v0_o, v1_o, v2_o * 16:v2_o * 16 + 16, v3_o * 16:v3_o * 16 + 16])
                                    T.writes(W_reindex_shared_dyn_wmma_matrix_b[v0_o, v1_o, v2_o * 16:v2_o * 16 + 16, v3_o * 16:v3_o * 16 + 16])
                                    A_1 = T.match_buffer(W_reindex_shared_dyn[v0_o, v1_o, v2_o * 16:v2_o * 16 + 16, v3_o * 16:v3_o * 16 + 16], (16, 16), "float16", strides=("A_s0", "A_s1"), scope="shared.dyn", offset_factor=16)
                                    C = T.match_buffer(W_reindex_shared_dyn_wmma_matrix_b[v0_o, v1_o, v2_o * 16:v2_o * 16 + 16, v3_o * 16:v3_o * 16 + 16], (16, 16), "float16", strides=("C_s0", "C_s1"), scope="wmma.matrix_b", offset_factor=16)
                                    T.tvm_load_matrix_sync(C.data, 16, 16, 16, C.elem_offset // C.strides[0] // 16 * (C.strides[0] // 16) + C.elem_offset % C.strides[0] // 16, T.tvm_access_ptr(T.type_annotation("float16"), A_1.data, A_1.elem_offset, A_1.strides[0] * 16, 1), A_1.strides[0], "row_major")
                            for ax2_0_3, ax3_0_3, ax4_0_2, ax2_0_4, ax3_0_4 in T.grid(1, 1, 1, 1, 1):
                                with T.block("conv2d_nchw_o_update"):
                                    v0_o = T.axis.spatial(1, 0)
                                    v1_o = T.axis.spatial(1, 0)
                                    v2_o = T.axis.spatial(4, ax2_0_1_ax3_0_1_fused // 16 * 2 + ax2_0_2_ax3_0_2_fused // 2 + ax2_0_3 + ax2_0_4)
                                    v3_o = T.axis.spatial(32, ax2_0_1_ax3_0_1_fused % 16 * 2 + ax2_0_2_ax3_0_2_fused % 2 + ax3_0_3 + ax3_0_4)
                                    v4_o = T.axis.reduce(16, ax4_0_0 * 2 + ax4_0_1 + ax4_0_2)
                                    T.reads(conv2d_nchw_reindex_pad_shared_dyn_wmma_accumulator[v2_o, v3_o, 0, 0, 0:16, 0:16], pad_temp_reindex_pad_shared_dyn_wmma_matrix_a[v2_o * 16:v2_o * 16 + 16, v4_o * 16:v4_o * 16 + 16], W_reindex_shared_dyn_wmma_matrix_b[v0_o, v1_o, v4_o * 16:v4_o * 16 + 16, v3_o * 16:v3_o * 16 + 16])
                                    T.writes(conv2d_nchw_reindex_pad_shared_dyn_wmma_accumulator[v2_o, v3_o, 0, 0, 0:16, 0:16])
                                    T.block_attr({"meta_schedule.thread_extent_high_inclusive": 1024, "meta_schedule.thread_extent_low_inclusive": 32, "warp_execution": 1})
                                    A_1 = T.match_buffer(pad_temp_reindex_pad_shared_dyn_wmma_matrix_a[v2_o * 16:v2_o * 16 + 16, v4_o * 16:v4_o * 16 + 16], (16, 16), "float16", strides=("A_s0", "A_s1"), scope="wmma.matrix_a", offset_factor=16)
                                    B = T.match_buffer(W_reindex_shared_dyn_wmma_matrix_b[v0_o, v1_o, v4_o * 16:v4_o * 16 + 16, v3_o * 16:v3_o * 16 + 16], (16, 16), "float16", strides=("B_s0", "B_s1"), scope="wmma.matrix_b", offset_factor=16)
                                    C = T.match_buffer(conv2d_nchw_reindex_pad_shared_dyn_wmma_accumulator[v2_o, v3_o, 0, 0, 0:16, 0:16], (16, 16), "float16", strides=("C_s0", "C_s1"), scope="wmma.accumulator", offset_factor=16)
                                    T.tvm_mma_sync(C.data, C.elem_offset // C.strides[0] // 16 * (C.strides[0] // 16) + C.elem_offset % C.strides[0] // 16, A_1.data, A_1.elem_offset // A_1.strides[0] // 16 * (A_1.strides[0] // 16) + A_1.elem_offset % A_1.strides[0] // 16, B.data, B.elem_offset // B.strides[0] // 16 * (B.strides[0] // 16) + B.elem_offset % B.strides[0] // 16, C.data, C.elem_offset // C.strides[0] // 16 * (C.strides[0] // 16) + C.elem_offset % C.strides[0] // 16)
                for ax2 in range(1):
                    for ax0_ax1_fused in T.thread_binding(4, thread="threadIdx.y"):
                        for ax2_1, ax3 in T.grid(1, 1):
                            with T.block("conv2d_nchw_reindex_pad_shared.dyn_wmma.accumulator_o"):
                                v0_o = T.axis.spatial(4, ax2_0_1_ax3_0_1_fused // 16 * 2 + ax0_ax1_fused // 2)
                                v1_o = T.axis.spatial(32, ax2_0_1_ax3_0_1_fused % 16 * 2 + ax0_ax1_fused % 2)
                                v2_o, v3_o = T.axis.remap("SS", [ax2_1, ax3])
                                v4_o = T.axis.spatial(1, 0)
                                v5_o = T.axis.spatial(1, 0)
                                T.reads(conv2d_nchw_reindex_pad_shared_dyn_wmma_accumulator[v0_o, v1_o, v2_o, v3_o, 0:16, 0:16])
                                T.writes(conv2d_nchw_reindex_pad_shared_dyn[v0_o, v1_o, v2_o, v3_o, 0:16, 0:16])
                                A_1 = T.match_buffer(conv2d_nchw_reindex_pad_shared_dyn_wmma_accumulator[v0_o, v1_o, v2_o, v3_o, 0:16, 0:16], (16, 16), "float16", strides=("A_s0", "A_s1"), scope="wmma.accumulator", offset_factor=16)
                                C = T.match_buffer(conv2d_nchw_reindex_pad_shared_dyn[v0_o, v1_o, v2_o, v3_o, 0:16, 0:16], (16, 16), "float16", strides=("C_s0", "C_s1"), scope="shared.dyn", offset_factor=16)
                                T.tvm_store_matrix_sync(A_1.data, 16, 16, 16, A_1.elem_offset // A_1.strides[0] // 16 * (A_1.strides[0] // 16) + A_1.elem_offset % A_1.strides[0] // 16, T.tvm_access_ptr(T.type_annotation("float16"), C.data, C.elem_offset, C.strides[0] * 16, 2), C.strides[0], "row_major")
                    for ax0_ax1_ax3_ax4_ax5_fused_0 in range(1):
                        for ax0_ax1_ax3_ax4_ax5_fused_1 in T.thread_binding(4, thread="threadIdx.y"):
                            for ax0_ax1_ax3_ax4_ax5_fused_2 in T.thread_binding(32, thread="threadIdx.x"):
                                for ax0_ax1_ax3_ax4_ax5_fused_3 in T.vectorized(8):
                                    with T.block("conv2d_nchw_reindex_pad_shared.dyn"):
                                        v0 = T.axis.spatial(4, ax2_0_1_ax3_0_1_fused // 16 * 2 + (ax0_ax1_ax3_ax4_ax5_fused_0 * 1024 + ax0_ax1_ax3_ax4_ax5_fused_1 * 256 + ax0_ax1_ax3_ax4_ax5_fused_2 * 8 + ax0_ax1_ax3_ax4_ax5_fused_3) // 512)
                                        v1 = T.axis.spatial(32, ax2_0_1_ax3_0_1_fused % 16 * 2 + (ax0_ax1_ax3_ax4_ax5_fused_0 * 1024 + ax0_ax1_ax3_ax4_ax5_fused_1 * 256 + ax0_ax1_ax3_ax4_ax5_fused_2 * 8 + ax0_ax1_ax3_ax4_ax5_fused_3) % 512 // 256)
                                        v2 = T.axis.spatial(1, ax2)
                                        v3 = T.axis.spatial(1, 0)
                                        v4 = T.axis.spatial(16, (ax0_ax1_ax3_ax4_ax5_fused_0 * 1024 + ax0_ax1_ax3_ax4_ax5_fused_1 * 256 + ax0_ax1_ax3_ax4_ax5_fused_2 * 8 + ax0_ax1_ax3_ax4_ax5_fused_3) % 256 // 16)
                                        v5 = T.axis.spatial(16, (ax0_ax1_ax3_ax4_ax5_fused_0 * 1024 + ax0_ax1_ax3_ax4_ax5_fused_1 * 256 + ax0_ax1_ax3_ax4_ax5_fused_2 * 8 + ax0_ax1_ax3_ax4_ax5_fused_3) % 16)
                                        T.where(ax2_0_1_ax3_0_1_fused // 16 * 32 + (((ax0_ax1_ax3_ax4_ax5_fused_0 * 4 + ax0_ax1_ax3_ax4_ax5_fused_1) * 32 + ax0_ax1_ax3_ax4_ax5_fused_2) * 8 + ax0_ax1_ax3_ax4_ax5_fused_3) // 512 * 16 + (((ax0_ax1_ax3_ax4_ax5_fused_0 * 4 + ax0_ax1_ax3_ax4_ax5_fused_1) * 32 + ax0_ax1_ax3_ax4_ax5_fused_2) * 8 + ax0_ax1_ax3_ax4_ax5_fused_3) % 256 // 16 < 49)
                                        T.reads(conv2d_nchw_reindex_pad_shared_dyn[v0, v1, v2, v3, v4, v5])
                                        T.writes(conv2d_nchw[0, v5 + v1 * 16, (v4 + v0 * 16) // 7, (v4 + v0 * 16) % 7])
                                        conv2d_nchw[0, v5 + v1 * 16, (v4 + v0 * 16) // 7, (v4 + v0 * 16) % 7] = conv2d_nchw_reindex_pad_shared_dyn[v0, v1, v2, v3, v4, v5]
b0 = sch.get_block(name="pad_temp", func_name="main")
b1 = sch.get_block(name="conv2d_nchw", func_name="main")
b2 = sch.get_block(name="root", func_name="main")
sch.annotate(block_or_loop=b1, ann_key="meta_schedule.tiling_structure", ann_val="SSSRRSRS")
b3 = sch.reindex(block=b1, buffer=("write", 0))
b4 = sch.reindex(block=b1, buffer=("read", 0))
b5 = sch.reindex(block=b1, buffer=("read", 1))
sch.transform_layout(block=b1, buffer=("read", 0), index_map=lambda v_nn, v_yy, v_xx, v_rc: (v_nn * 49 + v_yy * 7 + v_xx, v_rc,), pad_value=None, assume_injective_transform=True)
sch.transform_layout(block=b1, buffer=("read", 1), index_map=lambda v_ff, v_rc, v_ry, v_rx: (v_ry, v_rx, v_rc, v_ff,), pad_value=None, assume_injective_transform=True)
sch.transform_layout(block=b1, buffer=("write", 0), index_map=lambda v_nn, v_ff, v_yy, v_xx: (v_nn * 49 + v_yy * 7 + v_xx, v_ff,), pad_value=None, assume_injective_transform=True)
sch.transform_block_layout(block=b3, index_map=lambda v_nn, v_ff, v_yy, v_xx: (v_nn * 49 + v_yy * 7 + v_xx, v_ff,))
sch.transform_block_layout(block=b4, index_map=lambda v_nn, v_yy, v_xx, v_rc: (v_nn * 49 + v_yy * 7 + v_xx, v_rc,))
sch.transform_block_layout(block=b5, index_map=lambda v_ff, v_rc, v_ry, v_rx: (v_ry, v_rx, v_rc, v_ff,))
sch.transform_block_layout(block=b1, index_map=lambda v_nn, v_ff, v_yy, v_xx, v_rc, v_ry, v_rx: (v_ry, v_rx, v_nn * 49 + v_yy * 7 + v_xx, v_ff, v_rc,))
sch.pad_einsum(block=b1, padding=[1, 1, 16, 1, 1])
b6, b7 = sch.get_producers(block=b1)
b8, = sch.get_producers(block=b6)
b9, = sch.get_consumers(block=b1)
sch.compute_inline(block=b8)
sch.compute_inline(block=b9)
l10, l11, l12, l13, l14 = sch.get_loops(block=b1)
l15, l16 = sch.split(loop=l14, factors=[None, 16], preserve_unit_iters=True, disable_predication=False)
l17, l18 = sch.split(loop=l13, factors=[None, 16], preserve_unit_iters=True, disable_predication=False)
l19, l20 = sch.split(loop=l12, factors=[None, 16], preserve_unit_iters=True, disable_predication=False)
l21, l22, l23, l24, l25, l26, l27, l28 = sch.get_loops(block=b1)
sch.reorder(l25, l27, l20, l18, l16)
b29 = sch.blockize(target=l20, preserve_unit_iters=True)
sch.annotate(block_or_loop=b29, ann_key="meta_schedule.auto_tensorize", ann_val="wmma_sync_16x16x16_f16f16f16")
sch.annotate(block_or_loop=b29, ann_key="meta_schedule.auto_tensorize_init", ann_val="wmma_fill_16x16x16_f16")
sch.annotate(block_or_loop=b29, ann_key="warp_execution", ann_val=1)
l30, l31, l32, l33, l34 = sch.get_loops(block=b29)
v35, v36, v37, v38, v39 = sch.sample_perfect_tile(loop=l32, n=5, max_innermost_factor=4, decision=[1, 2, 2, 1, 1])
l40, l41, l42, l43, l44 = sch.split(loop=l32, factors=[v35, v36, v37, v38, v39], preserve_unit_iters=True, disable_predication=False)
v45, v46, v47, v48, v49 = sch.sample_perfect_tile(loop=l33, n=5, max_innermost_factor=4, decision=[1, 16, 2, 1, 1])
l50, l51, l52, l53, l54 = sch.split(loop=l33, factors=[v45, v46, v47, v48, v49], preserve_unit_iters=True, disable_predication=False)
v55, v56, v57 = sch.sample_perfect_tile(loop=l34, n=3, max_innermost_factor=4, decision=[8, 2, 1])
l58, l59, l60 = sch.split(loop=l34, factors=[v55, v56, v57], preserve_unit_iters=True, disable_predication=False)
sch.reorder(l40, l50, l41, l51, l42, l52, l58, l59, l43, l53, l60, l44, l54)
l61 = sch.fuse(l30, l31, l40, l50, preserve_unit_iters=True)
sch.bind(loop=l61, thread_axis="blockIdx.y")
l62 = sch.fuse(l41, l51, preserve_unit_iters=True)
sch.bind(loop=l62, thread_axis="blockIdx.x")
l63 = sch.fuse(l42, l52, preserve_unit_iters=True)
sch.bind(loop=l63, thread_axis="threadIdx.y")
sch.annotate(block_or_loop=b29, ann_key="meta_schedule.thread_extent_low_inclusive", ann_val=32)
sch.annotate(block_or_loop=b29, ann_key="meta_schedule.thread_extent_high_inclusive", ann_val=1024)
sch.transform_layout(block=b29, buffer=("write", 0), index_map=lambda i0, i1: (i0 // 16 // (v38 * v39), i1 // 16 // (v48 * v49), i0 // 16 % (v38 * v39), i1 // 16 % (v48 * v49), i0 % 16, i1 % 16,), pad_value=None, assume_injective_transform=True)
b64 = sch.cache_write(block=b29, write_buffer_index=0, storage_scope="shared.dyn")
sch.reverse_compute_at(block=b64, loop=l62, preserve_unit_loops=True, index=-1)
b65 = sch.cache_write(block=b29, write_buffer_index=0, storage_scope="wmma.accumulator")
l66, l67, l68, l69, l70, l71, l72, l73 = sch.get_loops(block=b64)
sch.reorder(l70, l68, l69, l71)
sch.compute_at(block=b65, loop=l70, preserve_unit_loops=True, index=-1)
l74, l75, l76, l77, l78, l79, l80, l81, l82 = sch.get_loops(block=b65)
l83 = sch.fuse(l77, l78, preserve_unit_iters=True)
sch.bind(loop=l83, thread_axis="threadIdx.y")
sch.reverse_compute_inline(block=b3)
l84, l85, l86, l87, l88, l89, l90, l91 = sch.get_loops(block=b65)
b92 = sch.blockize(target=l90, preserve_unit_iters=True)
sch.annotate(block_or_loop=b92, ann_key="meta_schedule.auto_tensorize", ann_val="wmma_store_16x16x16_f16_shared_dyn")
l93, l94, l95, l96, l97, l98, l99, l100 = sch.get_loops(block=b64)
l101 = sch.fuse(l96, l97, l98, l99, l100, preserve_unit_iters=True)
v102 = sch.sample_categorical(candidates=[1, 2, 4, 8], probs=[0.25, 0.25, 0.25, 0.25], decision=3)
sch.annotate(block_or_loop=b64, ann_key="meta_schedule.cooperative_fetch", ann_val=v102)
b103 = sch.cache_read(block=b29, read_buffer_index=0, storage_scope="shared.dyn", consumer_blocks=[b29])
sch.compute_at(block=b103, loop=l58, preserve_unit_loops=True, index=-1)
l104, l105, l106, l107, l108, l109 = sch.get_loops(block=b103)
l110 = sch.fuse(l108, l109, preserve_unit_iters=True)
v111 = sch.sample_categorical(candidates=[1, 2, 4, 8], probs=[0.25, 0.25, 0.25, 0.25], decision=0)
sch.annotate(block_or_loop=b103, ann_key="meta_schedule.cooperative_fetch", ann_val=v111)
b112 = sch.cache_read(block=b29, read_buffer_index=1, storage_scope="shared.dyn", consumer_blocks=[b29])
sch.compute_at(block=b112, loop=l58, preserve_unit_loops=True, index=-1)
l113, l114, l115, l116, l117, l118, l119, l120 = sch.get_loops(block=b112)
l121 = sch.fuse(l117, l118, l119, l120, preserve_unit_iters=True)
v122 = sch.sample_categorical(candidates=[1, 2, 4, 8], probs=[0.25, 0.25, 0.25, 0.25], decision=1)
sch.annotate(block_or_loop=b112, ann_key="meta_schedule.cooperative_fetch", ann_val=v122)
b123 = sch.cache_read(block=b29, read_buffer_index=0, storage_scope="wmma.matrix_a")
sch.compute_at(block=b123, loop=l59, preserve_unit_loops=True, index=-1)
l124, l125, l126, l127, l128, l129, l130 = sch.get_loops(block=b123)
l131, l132 = sch.split(loop=l130, factors=[None, 16], preserve_unit_iters=True, disable_predication=False)
l133, l134 = sch.split(loop=l129, factors=[None, 16], preserve_unit_iters=True, disable_predication=False)
l135, l136, l137, l138, l139, l140, l141, l142, l143 = sch.get_loops(block=b123)
sch.reorder(l142, l134, l132)
b144 = sch.blockize(target=l134, preserve_unit_iters=True)
sch.annotate(block_or_loop=b144, ann_key="meta_schedule.auto_tensorize", ann_val="wmma_load_16x16x16_f16_a_shared_dyn")
b145 = sch.cache_read(block=b29, read_buffer_index=1, storage_scope="wmma.matrix_b")
sch.compute_at(block=b145, loop=l59, preserve_unit_loops=True, index=-1)
l146, l147, l148, l149, l150, l151, l152, l153, l154 = sch.get_loops(block=b145)
l155, l156 = sch.split(loop=l154, factors=[None, 16], preserve_unit_iters=True, disable_predication=False)
l157, l158 = sch.split(loop=l153, factors=[None, 16], preserve_unit_iters=True, disable_predication=False)
l159, l160, l161, l162, l163, l164, l165, l166, l167, l168, l169 = sch.get_loops(block=b145)
sch.reorder(l168, l158, l156)
b170 = sch.blockize(target=l158, preserve_unit_iters=True)
sch.annotate(block_or_loop=b170, ann_key="meta_schedule.auto_tensorize", ann_val="wmma_load_16x16x16_f16_b_shared_dyn")
b171, = sch.get_producers(block=b103)
sch.compute_inline(block=b171)
sch.storage_align(block=b103, buffer_index=0, axis=-2, factor=32, offset=8)
b172, = sch.get_producers(block=b112)
sch.compute_inline(block=b172)
sch.storage_align(block=b112, buffer_index=0, axis=-2, factor=32, offset=8)
sch.compute_inline(block=b0)
v173 = sch.sample_categorical(candidates=[0, 16, 64, 512, 1024], probs=[0.20000000000000001, 0.20000000000000001, 0.20000000000000001, 0.20000000000000001, 0.20000000000000001], decision=0)
sch.annotate(block_or_loop=b2, ann_key="meta_schedule.unroll_explicit", ann_val=v173)
sch.enter_postproc()
sch.unannotate(block_or_loop=b64, ann_key="meta_schedule.cooperative_fetch")
l174, l175, l176, l177 = sch.get_loops(block=b64)
l178, l179, l180, l181 = sch.split(loop=l177, factors=[None, 4, 32, 8], preserve_unit_iters=True, disable_predication=False)
sch.vectorize(loop=l181)
sch.bind(loop=l180, thread_axis="threadIdx.x")
sch.bind(loop=l179, thread_axis="threadIdx.y")
sch.unannotate(block_or_loop=b103, ann_key="meta_schedule.cooperative_fetch")
l182, l183, l184, l185, l186 = sch.get_loops(block=b103)
l187, l188, l189 = sch.split(loop=l186, factors=[None, 4, 32], preserve_unit_iters=True, disable_predication=False)
sch.bind(loop=l189, thread_axis="threadIdx.x")
sch.bind(loop=l188, thread_axis="threadIdx.y")
sch.unannotate(block_or_loop=b112, ann_key="meta_schedule.cooperative_fetch")
l190, l191, l192, l193, l194 = sch.get_loops(block=b112)
l195, l196, l197, l198 = sch.split(loop=l194, factors=[None, 4, 32, 2], preserve_unit_iters=True, disable_predication=False)
sch.vectorize(loop=l198)
sch.bind(loop=l197, thread_axis="threadIdx.x")
sch.bind(loop=l196, thread_axis="threadIdx.y")
b199 = sch.get_block(name="root", func_name="main")
sch.unannotate(block_or_loop=b199, ann_key="meta_schedule.unroll_explicit")
b200, b201, b202, b203, b204, b205, b206 = sch.get_child_blocks(b199)
l207, l208, l209, l210, l211, l212, l213 = sch.get_loops(block=b200)
l214, l215, l216, l217, l218, l219, l220, l221 = sch.get_loops(block=b201)
l222, l223, l224, l225, l226, l227, l228 = sch.get_loops(block=b202)
l229, l230, l231, l232, l233, l234, l235, l236, l237 = sch.get_loops(block=b203)
l238, l239, l240, l241, l242, l243, l244, l245, l246, l247 = sch.get_loops(block=b204)
l248, l249, l250, l251, l252, l253 = sch.get_loops(block=b205)
l254, l255, l256, l257, l258, l259, l260 = sch.get_loops(block=b206)
b261 = sch.get_block(name="conv2d_nchw_o", func_name="main")
l262, l263, l264, l265, l266, l267, l268, l269, l270, l271 = sch.get_loops(block=b261)
b272 = sch.decompose_reduction(block=b261, loop=l265)
sch.unannotate(block_or_loop=b272, ann_key="meta_schedule.auto_tensorize")
sch.annotate(block_or_loop=b272, ann_key="meta_schedule.auto_tensorize", ann_val="wmma_fill_16x16x16_f16")
sch.unannotate(block_or_loop=b261, ann_key="meta_schedule.auto_tensorize_init")
sch.unannotate(block_or_loop=b272, ann_key="meta_schedule.auto_tensorize_init")
b273 = sch.get_block(name="conv2d_nchw_o_init", func_name="main")
sch.unannotate(block_or_loop=b273, ann_key="meta_schedule.auto_tensorize")
sch.tensorize(block_or_loop=b273, tensor_intrin="wmma_fill_16x16x16_f16", preserve_unit_iters=True)
b274 = sch.get_block(name="pad_temp_reindex_pad_shared.dyn_wmma.matrix_a_o", func_name="main")
sch.unannotate(block_or_loop=b274, ann_key="meta_schedule.auto_tensorize")
sch.tensorize(block_or_loop=b274, tensor_intrin="wmma_load_16x16x16_f16_a_shared_dyn", preserve_unit_iters=True)
b275 = sch.get_block(name="W_reindex_shared.dyn_wmma.matrix_b_o", func_name="main")
sch.unannotate(block_or_loop=b275, ann_key="meta_schedule.auto_tensorize")
sch.tensorize(block_or_loop=b275, tensor_intrin="wmma_load_16x16x16_f16_b_shared_dyn", preserve_unit_iters=True)
b276 = sch.get_block(name="conv2d_nchw_o_update", func_name="main")
sch.unannotate(block_or_loop=b276, ann_key="meta_schedule.auto_tensorize")
sch.tensorize(block_or_loop=b276, tensor_intrin="wmma_sync_16x16x16_f16f16f16", preserve_unit_iters=True)
b277 = sch.get_block(name="conv2d_nchw_reindex_pad_shared.dyn_wmma.accumulator_o", func_name="main")
sch.unannotate(block_or_loop=b277, ann_key="meta_schedule.auto_tensorize")
sch.tensorize(block_or_loop=b277, tensor_intrin="wmma_store_16x16x16_f16_shared_dyn", preserve_unit_iters=True)
2025-10-11 01:48:52 [INFO] [task_scheduler.cc:131] [Task #0: main] Trial #110: GFLOPs: 470.0358. Time: 27.3278 us. Best GFLOPs: 3249.0709
2025-10-11 01:48:52 [INFO] [task_scheduler.cc:131] [Task #0: main] Trial #111: GFLOPs: 611.6691. Time: 21.0000 us. Best GFLOPs: 3249.0709
2025-10-11 01:48:52 [INFO] [task_scheduler.cc:131] [Task #0: main] Trial #112: GFLOPs: 645.9100. Time: 19.8868 us. Best GFLOPs: 3249.0709
2025-10-11 01:48:52 [INFO] [task_scheduler.cc:131] [Task #0: main] Trial #113: GFLOPs: 156.2189. Time: 82.2247 us. Best GFLOPs: 3249.0709
2025-10-11 01:48:52 [INFO] [task_scheduler.cc:131] [Task #0: main] Trial #114: GFLOPs: 2856.1488. Time: 4.4973 us. Best GFLOPs: 3249.0709
2025-10-11 01:48:52 [INFO] [task_scheduler.cc:131] [Task #0: main] Trial #115: GFLOPs: 319.4913. Time: 40.2047 us. Best GFLOPs: 3249.0709
2025-10-11 01:48:52 [INFO] [task_scheduler.cc:131] [Task #0: main] Trial #116: GFLOPs: 729.0635. Time: 17.6186 us. Best GFLOPs: 3249.0709
2025-10-11 01:48:52 [INFO] [task_scheduler.cc:131] [Task #0: main] Trial #117: GFLOPs: 1278.6663. Time: 10.0457 us. Best GFLOPs: 3249.0709
2025-10-11 01:48:52 [INFO] [task_scheduler.cc:131] [Task #0: main] Trial #118: GFLOPs: 1617.2258. Time: 7.9426 us. Best GFLOPs: 3249.0709
2025-10-11 01:48:52 [INFO] [task_scheduler.cc:131] [Task #0: main] Trial #119: GFLOPs: 2094.7037. Time: 6.1322 us. Best GFLOPs: 3249.0709
2025-10-11 01:48:52 [INFO] [task_scheduler.cc:131] [Task #0: main] Trial #120: GFLOPs: 137.8648. Time: 93.1714 us. Best GFLOPs: 3249.0709
2025-10-11 01:48:52 [INFO] [task_scheduler.cc:131] [Task #0: main] Trial #121: GFLOPs: 1435.8789. Time: 8.9458 us. Best GFLOPs: 3249.0709
2025-10-11 01:48:52 [INFO] [task_scheduler.cc:131] [Task #0: main] Trial #122: GFLOPs: 751.7854. Time: 17.0861 us. Best GFLOPs: 3249.0709
2025-10-11 01:48:52 [INFO] [task_scheduler.cc:131] [Task #0: main] Trial #123: GFLOPs: 2690.1214. Time: 4.7749 us. Best GFLOPs: 3249.0709
2025-10-11 01:48:52 [INFO] [task_scheduler.cc:131] [Task #0: main] Trial #124: GFLOPs: 1307.0391. Time: 9.8276 us. Best GFLOPs: 3249.0709
2025-10-11 01:48:52 [INFO] [task_scheduler.cc:131] [Task #0: main] Trial #125: GFLOPs: 1892.9111. Time: 6.7859 us. Best GFLOPs: 3249.0709
2025-10-11 01:48:52 [INFO] [task_scheduler.cc:131] [Task #0: main] Trial #126: GFLOPs: 1402.9082. Time: 9.1560 us. Best GFLOPs: 3249.0709
2025-10-11 01:48:52 [INFO] [task_scheduler.cc:131] [Task #0: main] Trial #127: GFLOPs: 157.4831. Time: 81.5647 us. Best GFLOPs: 3249.0709
2025-10-11 01:48:52 [INFO] [task_scheduler.cc:131] [Task #0: main] Trial #128: GFLOPs: 77.6458. Time: 165.4314 us. Best GFLOPs: 3249.0709
2025-10-11 01:48:52 [INFO] [evolutionary_search.cc:713] Generating candidates......
2025-10-11 01:48:53 [INFO] [evolutionary_search.cc:715] Picked top 102 candidate(s) from database
2025-10-11 01:48:58 [INFO] [evolutionary_search.cc:533] Sample-Init-Population summary:
Postproc #0 [meta_schedule.DisallowDynamicLoop(0x10355778)]: 0 failure(s)
Postproc #1 [meta_schedule.RewriteCooperativeFetch(0x1037dc28)]: 0 failure(s)
Postproc #2 [meta_schedule.RewriteUnboundBlock(0x1023d0f8)]: 0 failure(s)
Postproc #3 [meta_schedule.RewriteParallelVectorizeUnroll(0x10146428)]: 0 failure(s)
Postproc #4 [meta_schedule.RewriteReductionBlock(0xffcfb08)]: 0 failure(s)
Postproc #5 [meta_schedule.VerifyGPUCode(0x10241ed8)]: 268 failure(s)
Postproc #6 [meta_schedule.RewriteTensorize(0x1003a7e8)]: 0 failure(s)
2025-10-11 01:48:58 [INFO] [evolutionary_search.cc:723] Sampled 142 candidate(s)
2025-10-11 01:49:05 [INFO] [evolutionary_search.cc:621] Evolve iter #0 done. Summary:
Postproc #0 [meta_schedule.DisallowDynamicLoop(0x10355778)]: 0 failure(s)
Postproc #1 [meta_schedule.RewriteCooperativeFetch(0x1037dc28)]: 0 failure(s)
Postproc #2 [meta_schedule.RewriteUnboundBlock(0x1023d0f8)]: 0 failure(s)
Postproc #3 [meta_schedule.RewriteParallelVectorizeUnroll(0x10146428)]: 0 failure(s)
Postproc #4 [meta_schedule.RewriteReductionBlock(0xffcfb08)]: 0 failure(s)
Postproc #5 [meta_schedule.VerifyGPUCode(0x10241ed8)]: 91 failure(s)
Postproc #6 [meta_schedule.RewriteTensorize(0x1003a7e8)]: 0 failure(s)
2025-10-11 01:49:14 [INFO] [evolutionary_search.cc:621] Evolve iter #1 done. Summary:
Postproc #0 [meta_schedule.DisallowDynamicLoop(0x10355778)]: 0 failure(s)
Postproc #1 [meta_schedule.RewriteCooperativeFetch(0x1037dc28)]: 0 failure(s)
Postproc #2 [meta_schedule.RewriteUnboundBlock(0x1023d0f8)]: 0 failure(s)
Postproc #3 [meta_schedule.RewriteParallelVectorizeUnroll(0x10146428)]: 0 failure(s)
Postproc #4 [meta_schedule.RewriteReductionBlock(0xffcfb08)]: 0 failure(s)
Postproc #5 [meta_schedule.VerifyGPUCode(0x10241ed8)]: 66 failure(s)
Postproc #6 [meta_schedule.RewriteTensorize(0x1003a7e8)]: 0 failure(s)
2025-10-11 01:49:22 [INFO] [evolutionary_search.cc:621] Evolve iter #2 done. Summary:
Postproc #0 [meta_schedule.DisallowDynamicLoop(0x10355778)]: 0 failure(s)
Postproc #1 [meta_schedule.RewriteCooperativeFetch(0x1037dc28)]: 0 failure(s)
Postproc #2 [meta_schedule.RewriteUnboundBlock(0x1023d0f8)]: 0 failure(s)
Postproc #3 [meta_schedule.RewriteParallelVectorizeUnroll(0x10146428)]: 0 failure(s)
Postproc #4 [meta_schedule.RewriteReductionBlock(0xffcfb08)]: 0 failure(s)
Postproc #5 [meta_schedule.VerifyGPUCode(0x10241ed8)]: 50 failure(s)
Postproc #6 [meta_schedule.RewriteTensorize(0x1003a7e8)]: 0 failure(s)
2025-10-11 01:49:30 [INFO] [evolutionary_search.cc:621] Evolve iter #3 done. Summary:
Postproc #0 [meta_schedule.DisallowDynamicLoop(0x10355778)]: 0 failure(s)
Postproc #1 [meta_schedule.RewriteCooperativeFetch(0x1037dc28)]: 0 failure(s)
Postproc #2 [meta_schedule.RewriteUnboundBlock(0x1023d0f8)]: 0 failure(s)
Postproc #3 [meta_schedule.RewriteParallelVectorizeUnroll(0x10146428)]: 0 failure(s)
Postproc #4 [meta_schedule.RewriteReductionBlock(0xffcfb08)]: 0 failure(s)
Postproc #5 [meta_schedule.VerifyGPUCode(0x10241ed8)]: 67 failure(s)
Postproc #6 [meta_schedule.RewriteTensorize(0x1003a7e8)]: 0 failure(s)
2025-10-11 01:49:32 [INFO] [evolutionary_search.cc:649] Scores of the best 64 candidates:
[1 : 16]:	1.0017  0.9970  0.9910  0.9868  0.9811  0.9811  0.9802  0.9802  0.9662  0.9440  0.9339  0.9330  0.9327  0.9318  0.9273  0.9117
[17 : 32]:	0.9105  0.8926  0.8925  0.8922  0.8919  0.8903  0.8903  0.8878  0.8815  0.8716  0.8653  0.8651  0.8608  0.8589  0.8547  0.8540
[33 : 48]:	0.8534  0.8516  0.8503  0.8502  0.8490  0.8489  0.8484  0.8470  0.8466  0.8463  0.8425  0.8423  0.8419  0.8419  0.8418  0.8414
[49 : 64]:	0.8414  0.8413  0.8413  0.8413  0.8399  0.8392  0.8374  0.8371  0.8371  0.8356  0.8351  0.8351  0.8349  0.8349  0.8343  0.8333
2025-10-11 01:49:33 [INFO] [evolutionary_search.cc:727] Got 64 candidate(s) with evolutionary search
2025-10-11 01:49:33 [INFO] [evolutionary_search.cc:730] Sending 64 candidates(s) for measurement
2025-10-11 01:50:00 [INFO] [task_scheduler.cc:131] [Task #0: main] Trial #129: GFLOPs: 3043.8647. Time: 4.2200 us. Best GFLOPs: 3249.0709
2025-10-11 01:50:00 [INFO] [task_scheduler.cc:131] [Task #0: main] Trial #130: GFLOPs: 2987.3587. Time: 4.2998 us. Best GFLOPs: 3249.0709
2025-10-11 01:50:00 [INFO] [task_scheduler.cc:131] [Task #0: main] Trial #131: GFLOPs: 2896.7248. Time: 4.4343 us. Best GFLOPs: 3249.0709
2025-10-11 01:50:00 [INFO] [task_scheduler.cc:131] [Task #0: main] Trial #132: GFLOPs: 3215.6122. Time: 3.9946 us. Best GFLOPs: 3249.0709
2025-10-11 01:50:00 [INFO] [task_scheduler.cc:131] [Task #0: main] Trial #133: GFLOPs: 3256.3288. Time: 3.9446 us. Best GFLOPs: 3256.3288
2025-10-11 01:50:00 [INFO] [task_scheduler.cc:131] [Task #0: main] Trial #134: GFLOPs: 3068.5004. Time: 4.1861 us. Best GFLOPs: 3256.3288
2025-10-11 01:50:00 [INFO] [task_scheduler.cc:131] [Task #0: main] Trial #135: GFLOPs: 3152.2389. Time: 4.0749 us. Best GFLOPs: 3256.3288
2025-10-11 01:50:00 [INFO] [task_scheduler.cc:131] [Task #0: main] Trial #136: GFLOPs: 3388.9533. Time: 3.7903 us. Best GFLOPs: 3388.9533
2025-10-11 01:50:00 [INFO] [task_scheduler.cc:131] [Task #0: main] Trial #137: GFLOPs: 3248.9219. Time: 3.9536 us. Best GFLOPs: 3388.9533
2025-10-11 01:50:00 [INFO] [task_scheduler.cc:131] [Task #0: main] Trial #138: GFLOPs: 2924.2397. Time: 4.3926 us. Best GFLOPs: 3388.9533
2025-10-11 01:50:00 [INFO] [task_scheduler.cc:131] [Task #0: main] Trial #139: GFLOPs: 3002.3765. Time: 4.2783 us. Best GFLOPs: 3388.9533
2025-10-11 01:50:00 [INFO] [task_scheduler.cc:131] [Task #0: main] Trial #140: GFLOPs: 3043.6123. Time: 4.2203 us. Best GFLOPs: 3388.9533
2025-10-11 01:50:00 [INFO] [task_scheduler.cc:131] [Task #0: main] Trial #141: GFLOPs: 2914.1926. Time: 4.4078 us. Best GFLOPs: 3388.9533
2025-10-11 01:50:00 [INFO] [task_scheduler.cc:131] [Task #0: main] Trial #142: GFLOPs: 3039.9260. Time: 4.2255 us. Best GFLOPs: 3388.9533
2025-10-11 01:50:00 [INFO] [task_scheduler.cc:131] [Task #0: main] Trial #143: GFLOPs: 3211.1464. Time: 4.0001 us. Best GFLOPs: 3388.9533
2025-10-11 01:50:00 [INFO] [task_scheduler.cc:131] [Task #0: main] Trial #144: GFLOPs: 3195.7741. Time: 4.0194 us. Best GFLOPs: 3388.9533
2025-10-11 01:50:00 [INFO] [task_scheduler.cc:131] [Task #0: main] Trial #145: GFLOPs: 2707.2032. Time: 4.7448 us. Best GFLOPs: 3388.9533
2025-10-11 01:50:00 [INFO] [task_scheduler.cc:131] [Task #0: main] Trial #146: GFLOPs: 2805.7088. Time: 4.5782 us. Best GFLOPs: 3388.9533
2025-10-11 01:50:00 [INFO] [task_scheduler.cc:131] [Task #0: main] Trial #147: GFLOPs: 2412.0085. Time: 5.3255 us. Best GFLOPs: 3388.9533
2025-10-11 01:50:00 [INFO] [task_scheduler.cc:131] [Task #0: main] Trial #148: GFLOPs: 2292.7509. Time: 5.6025 us. Best GFLOPs: 3388.9533
2025-10-11 01:50:00 [INFO] [task_scheduler.cc:131] [Task #0: main] Trial #149: GFLOPs: 2958.3064. Time: 4.3420 us. Best GFLOPs: 3388.9533
2025-10-11 01:50:00 [INFO] [task_scheduler.cc:131] [Task #0: main] Trial #150: GFLOPs: 1902.3994. Time: 6.7520 us. Best GFLOPs: 3388.9533
2025-10-11 01:50:00 [INFO] [task_scheduler.cc:131] [Task #0: main] Trial #151: GFLOPs: 1902.5209. Time: 6.7516 us. Best GFLOPs: 3388.9533
2025-10-11 01:50:00 [INFO] [task_scheduler.cc:131] [Task #0: main] Trial #152: GFLOPs: 2782.5248. Time: 4.6163 us. Best GFLOPs: 3388.9533
2025-10-11 01:50:00 [INFO] [task_scheduler.cc:131] [Task #0: main] Trial #153: GFLOPs: 2186.4628. Time: 5.8748 us. Best GFLOPs: 3388.9533
2025-10-11 01:50:00 [INFO] [task_scheduler.cc:131] [Task #0: main] Trial #154: GFLOPs: 2733.2834. Time: 4.6995 us. Best GFLOPs: 3388.9533
2025-10-11 01:50:00 [INFO] [task_scheduler.cc:131] [Task #0: main] Trial #155: GFLOPs: 2630.5188. Time: 4.8831 us. Best GFLOPs: 3388.9533
2025-10-11 01:50:00 [INFO] [task_scheduler.cc:131] [Task #0: main] Trial #156: GFLOPs: 2420.5037. Time: 5.3068 us. Best GFLOPs: 3388.9533
2025-10-11 01:50:00 [INFO] [task_scheduler.cc:131] [Task #0: main] Trial #157: GFLOPs: 2653.3550. Time: 4.8411 us. Best GFLOPs: 3388.9533
2025-10-11 01:50:00 [INFO] [task_scheduler.cc:131] [Task #0: main] Trial #158: GFLOPs: 2918.2010. Time: 4.4017 us. Best GFLOPs: 3388.9533
2025-10-11 01:50:00 [INFO] [task_scheduler.cc:131] [Task #0: main] Trial #159: GFLOPs: 2315.7775. Time: 5.5468 us. Best GFLOPs: 3388.9533
2025-10-11 01:50:00 [INFO] [task_scheduler.cc:131] [Task #0: main] Trial #160: GFLOPs: 2315.5627. Time: 5.5473 us. Best GFLOPs: 3388.9533
2025-10-11 01:50:00 [INFO] [task_scheduler.cc:131] [Task #0: main] Trial #161: GFLOPs: 2684.2287. Time: 4.7854 us. Best GFLOPs: 3388.9533
2025-10-11 01:50:00 [INFO] [task_scheduler.cc:131] [Task #0: main] Trial #162: GFLOPs: 2256.0392. Time: 5.6936 us. Best GFLOPs: 3388.9533
2025-10-11 01:50:00 [INFO] [task_scheduler.cc:131] [Task #0: main] Trial #163: GFLOPs: 2947.7591. Time: 4.3576 us. Best GFLOPs: 3388.9533
2025-10-11 01:50:00 [INFO] [task_scheduler.cc:131] [Task #0: main] Trial #164: GFLOPs: 2739.1193. Time: 4.6895 us. Best GFLOPs: 3388.9533
2025-10-11 01:50:00 [INFO] [task_scheduler.cc:131] [Task #0: main] Trial #165: GFLOPs: 2653.1878. Time: 4.8414 us. Best GFLOPs: 3388.9533
2025-10-11 01:50:00 [INFO] [task_scheduler.cc:131] [Task #0: main] Trial #166: GFLOPs: 2799.4315. Time: 4.5885 us. Best GFLOPs: 3388.9533
2025-10-11 01:50:00 [INFO] [task_scheduler.cc:131] [Task #0: main] Trial #167: GFLOPs: 2202.1186. Time: 5.8330 us. Best GFLOPs: 3388.9533
2025-10-11 01:50:00 [INFO] [task_scheduler.cc:131] [Task #0: main] Trial #168: GFLOPs: 2941.6019. Time: 4.3667 us. Best GFLOPs: 3388.9533
2025-10-11 01:50:00 [INFO] [task_scheduler.cc:131] [Task #0: main] Trial #169: GFLOPs: 2257.0286. Time: 5.6911 us. Best GFLOPs: 3388.9533
2025-10-11 01:50:00 [INFO] [task_scheduler.cc:131] [Task #0: main] Trial #170: GFLOPs: 2315.7202. Time: 5.5469 us. Best GFLOPs: 3388.9533
2025-10-11 01:50:00 [INFO] [task_scheduler.cc:131] [Task #0: main] Trial #171: GFLOPs: 2440.0565. Time: 5.2642 us. Best GFLOPs: 3388.9533
2025-10-11 01:50:00 [INFO] [task_scheduler.cc:131] [Task #0: main] Trial #172: GFLOPs: 2460.6833. Time: 5.2201 us. Best GFLOPs: 3388.9533
2025-10-11 01:50:00 [INFO] [task_scheduler.cc:131] [Task #0: main] Trial #173: GFLOPs: 2343.7540. Time: 5.4805 us. Best GFLOPs: 3388.9533
2025-10-11 01:50:00 [INFO] [task_scheduler.cc:131] [Task #0: main] Trial #174: GFLOPs: 2343.3718. Time: 5.4814 us. Best GFLOPs: 3388.9533
2025-10-11 01:50:00 [INFO] [task_scheduler.cc:131] [Task #0: main] Trial #175: GFLOPs: 2860.1877. Time: 4.4910 us. Best GFLOPs: 3388.9533
2025-10-11 01:50:00 [INFO] [task_scheduler.cc:131] [Task #0: main] Trial #176: GFLOPs: 2717.8645. Time: 4.7262 us. Best GFLOPs: 3388.9533
2025-10-11 01:50:00 [INFO] [task_scheduler.cc:131] [Task #0: main] Trial #177: GFLOPs: 2717.8370. Time: 4.7262 us. Best GFLOPs: 3388.9533
2025-10-11 01:50:00 [INFO] [task_scheduler.cc:131] [Task #0: main] Trial #178: GFLOPs: 2523.9677. Time: 5.0892 us. Best GFLOPs: 3388.9533
2025-10-11 01:50:00 [INFO] [task_scheduler.cc:131] [Task #0: main] Trial #179: GFLOPs: 2861.3681. Time: 4.4891 us. Best GFLOPs: 3388.9533
2025-10-11 01:50:00 [INFO] [task_scheduler.cc:131] [Task #0: main] Trial #180: GFLOPs: 3093.0879. Time: 4.1528 us. Best GFLOPs: 3388.9533
2025-10-11 01:50:00 [INFO] [task_scheduler.cc:131] [Task #0: main] Trial #181: GFLOPs: 2900.2929. Time: 4.4289 us. Best GFLOPs: 3388.9533
2025-10-11 01:50:00 [INFO] [task_scheduler.cc:131] [Task #0: main] Trial #182: GFLOPs: 1956.3487. Time: 6.5658 us. Best GFLOPs: 3388.9533
2025-10-11 01:50:00 [INFO] [task_scheduler.cc:131] [Task #0: main] Trial #183: GFLOPs: 3456.6819. Time: 3.7160 us. Best GFLOPs: 3456.6819
2025-10-11 01:50:00 [INFO] [task_scheduler.cc:131] [Task #0: main] Trial #184: GFLOPs: 2652.3202. Time: 4.8430 us. Best GFLOPs: 3456.6819
2025-10-11 01:50:00 [INFO] [task_scheduler.cc:131] [Task #0: main] Trial #185: GFLOPs: 2652.3561. Time: 4.8429 us. Best GFLOPs: 3456.6819
2025-10-11 01:50:00 [INFO] [task_scheduler.cc:131] [Task #0: main] Trial #186: GFLOPs: 2731.8372. Time: 4.7020 us. Best GFLOPs: 3456.6819
2025-10-11 01:50:00 [INFO] [task_scheduler.cc:131] [Task #0: main] Trial #187: GFLOPs: 2759.4459. Time: 4.6549 us. Best GFLOPs: 3456.6819
2025-10-11 01:50:00 [INFO] [task_scheduler.cc:131] [Task #0: main] Trial #188: GFLOPs: 3116.9019. Time: 4.1211 us. Best GFLOPs: 3456.6819
2025-10-11 01:50:00 [INFO] [task_scheduler.cc:131] [Task #0: main] Trial #189: GFLOPs: 2302.5250. Time: 5.5787 us. Best GFLOPs: 3456.6819
2025-10-11 01:50:00 [INFO] [task_scheduler.cc:131] [Task #0: main] Trial #190: GFLOPs: 2803.7370. Time: 4.5814 us. Best GFLOPs: 3456.6819
2025-10-11 01:50:00 [INFO] [task_scheduler.cc:131] [Task #0: main] Trial #191: GFLOPs: 897.0875. Time: 14.3186 us. Best GFLOPs: 3456.6819
2025-10-11 01:50:00 [INFO] [task_scheduler.cc:131] [Task #0: main] Trial #192: GFLOPs: 624.8970. Time: 20.5555 us. Best GFLOPs: 3456.6819
2025-10-11 01:50:00 [INFO] [evolutionary_search.cc:713] Generating candidates......
2025-10-11 01:50:01 [INFO] [evolutionary_search.cc:715] Picked top 102 candidate(s) from database
2025-10-11 01:50:05 [INFO] [evolutionary_search.cc:533] Sample-Init-Population summary:
Postproc #0 [meta_schedule.DisallowDynamicLoop(0x10355778)]: 0 failure(s)
Postproc #1 [meta_schedule.RewriteCooperativeFetch(0x1037dc28)]: 0 failure(s)
Postproc #2 [meta_schedule.RewriteUnboundBlock(0x1023d0f8)]: 0 failure(s)
Postproc #3 [meta_schedule.RewriteParallelVectorizeUnroll(0x10146428)]: 0 failure(s)
Postproc #4 [meta_schedule.RewriteReductionBlock(0xffcfb08)]: 0 failure(s)
Postproc #5 [meta_schedule.VerifyGPUCode(0x10241ed8)]: 266 failure(s)
Postproc #6 [meta_schedule.RewriteTensorize(0x1003a7e8)]: 0 failure(s)
2025-10-11 01:50:05 [INFO] [evolutionary_search.cc:723] Sampled 144 candidate(s)
2025-10-11 01:50:13 [INFO] [evolutionary_search.cc:621] Evolve iter #0 done. Summary:
Postproc #0 [meta_schedule.DisallowDynamicLoop(0x10355778)]: 0 failure(s)
Postproc #1 [meta_schedule.RewriteCooperativeFetch(0x1037dc28)]: 0 failure(s)
Postproc #2 [meta_schedule.RewriteUnboundBlock(0x1023d0f8)]: 0 failure(s)
Postproc #3 [meta_schedule.RewriteParallelVectorizeUnroll(0x10146428)]: 0 failure(s)
Postproc #4 [meta_schedule.RewriteReductionBlock(0xffcfb08)]: 0 failure(s)
Postproc #5 [meta_schedule.VerifyGPUCode(0x10241ed8)]: 83 failure(s)
Postproc #6 [meta_schedule.RewriteTensorize(0x1003a7e8)]: 0 failure(s)
2025-10-11 01:50:21 [INFO] [evolutionary_search.cc:621] Evolve iter #1 done. Summary:
Postproc #0 [meta_schedule.DisallowDynamicLoop(0x10355778)]: 0 failure(s)
Postproc #1 [meta_schedule.RewriteCooperativeFetch(0x1037dc28)]: 0 failure(s)
Postproc #2 [meta_schedule.RewriteUnboundBlock(0x1023d0f8)]: 0 failure(s)
Postproc #3 [meta_schedule.RewriteParallelVectorizeUnroll(0x10146428)]: 0 failure(s)
Postproc #4 [meta_schedule.RewriteReductionBlock(0xffcfb08)]: 0 failure(s)
Postproc #5 [meta_schedule.VerifyGPUCode(0x10241ed8)]: 85 failure(s)
Postproc #6 [meta_schedule.RewriteTensorize(0x1003a7e8)]: 0 failure(s)
2025-10-11 01:50:30 [INFO] [evolutionary_search.cc:621] Evolve iter #2 done. Summary:
Postproc #0 [meta_schedule.DisallowDynamicLoop(0x10355778)]: 0 failure(s)
Postproc #1 [meta_schedule.RewriteCooperativeFetch(0x1037dc28)]: 0 failure(s)
Postproc #2 [meta_schedule.RewriteUnboundBlock(0x1023d0f8)]: 0 failure(s)
Postproc #3 [meta_schedule.RewriteParallelVectorizeUnroll(0x10146428)]: 0 failure(s)
Postproc #4 [meta_schedule.RewriteReductionBlock(0xffcfb08)]: 0 failure(s)
Postproc #5 [meta_schedule.VerifyGPUCode(0x10241ed8)]: 58 failure(s)
Postproc #6 [meta_schedule.RewriteTensorize(0x1003a7e8)]: 0 failure(s)
2025-10-11 01:50:38 [INFO] [evolutionary_search.cc:621] Evolve iter #3 done. Summary:
Postproc #0 [meta_schedule.DisallowDynamicLoop(0x10355778)]: 0 failure(s)
Postproc #1 [meta_schedule.RewriteCooperativeFetch(0x1037dc28)]: 0 failure(s)
Postproc #2 [meta_schedule.RewriteUnboundBlock(0x1023d0f8)]: 0 failure(s)
Postproc #3 [meta_schedule.RewriteParallelVectorizeUnroll(0x10146428)]: 0 failure(s)
Postproc #4 [meta_schedule.RewriteReductionBlock(0xffcfb08)]: 0 failure(s)
Postproc #5 [meta_schedule.VerifyGPUCode(0x10241ed8)]: 52 failure(s)
Postproc #6 [meta_schedule.RewriteTensorize(0x1003a7e8)]: 0 failure(s)
2025-10-11 01:50:40 [INFO] [evolutionary_search.cc:649] Scores of the best 64 candidates:
[1 : 16]:	0.9710  0.9661  0.9498  0.9490  0.9316  0.9293  0.9260  0.9255  0.9241  0.9171  0.9146  0.9111  0.9103  0.9096  0.9094  0.9079
[17 : 32]:	0.9078  0.9073  0.9062  0.9056  0.9054  0.9051  0.9033  0.9022  0.8989  0.8988  0.8982  0.8979  0.8976  0.8964  0.8951  0.8951
[33 : 48]:	0.8945  0.8945  0.8944  0.8939  0.8933  0.8929  0.8929  0.8922  0.8920  0.8909  0.8903  0.8896  0.8879  0.8879  0.8858  0.8858
[49 : 64]:	0.8825  0.8825  0.8824  0.8824  0.8814  0.8784  0.8784  0.8781  0.8781  0.8774  0.8770  0.8769  0.8768  0.8753  0.8753  0.8751
2025-10-11 01:50:41 [INFO] [evolutionary_search.cc:727] Got 64 candidate(s) with evolutionary search
2025-10-11 01:50:41 [INFO] [evolutionary_search.cc:730] Sending 64 candidates(s) for measurement
2025-10-11 01:51:08 [INFO] [task_scheduler.cc:131] [Task #0: main] Trial #193: GFLOPs: 3249.7317. Time: 3.9527 us. Best GFLOPs: 3456.6819
2025-10-11 01:51:08 [INFO] [task_scheduler.cc:131] [Task #0: main] Trial #194: GFLOPs: 2309.2383. Time: 5.5625 us. Best GFLOPs: 3456.6819
2025-10-11 01:51:08 [INFO] [task_scheduler.cc:131] [Task #0: main] Trial #195: GFLOPs: 2932.9135. Time: 4.3796 us. Best GFLOPs: 3456.6819
2025-10-11 01:51:08 [INFO] [task_scheduler.cc:131] [Task #0: main] Trial #196: GFLOPs: 3504.4923. Time: 3.6653 us. Best GFLOPs: 3504.4923
2025-10-11 01:51:08 [INFO] [task_scheduler.cc:131] [Task #0: main] Trial #197: GFLOPs: 3091.9154. Time: 4.1544 us. Best GFLOPs: 3504.4923
2025-10-11 01:51:08 [INFO] [task_scheduler.cc:131] [Task #0: main] Trial #198: GFLOPs: 3108.0214. Time: 4.1329 us. Best GFLOPs: 3504.4923
2025-10-11 01:51:08 [INFO] [task_scheduler.cc:131] [Task #0: main] Trial #199: GFLOPs: 2933.4586. Time: 4.3788 us. Best GFLOPs: 3504.4923
2025-10-11 01:51:08 [INFO] [task_scheduler.cc:131] [Task #0: main] Trial #200: GFLOPs: 3256.2192. Time: 3.9448 us. Best GFLOPs: 3504.4923
2025-10-11 01:51:08 [INFO] [task_scheduler.cc:131] [Task #0: main] Trial #201: GFLOPs: 3133.8619. Time: 4.0988 us. Best GFLOPs: 3504.4923
2025-10-11 01:51:08 [INFO] [task_scheduler.cc:131] [Task #0: main] Trial #202: GFLOPs: 3262.3386. Time: 3.9374 us. Best GFLOPs: 3504.4923
2025-10-11 01:51:08 [INFO] [task_scheduler.cc:131] [Task #0: main] Trial #203: GFLOPs: 2991.5208. Time: 4.2938 us. Best GFLOPs: 3504.4923
2025-10-11 01:51:08 [INFO] [task_scheduler.cc:131] [Task #0: main] Trial #204: GFLOPs: 2978.6505. Time: 4.3124 us. Best GFLOPs: 3504.4923
2025-10-11 01:51:08 [INFO] [task_scheduler.cc:131] [Task #0: main] Trial #205: GFLOPs: 3259.2960. Time: 3.9411 us. Best GFLOPs: 3504.4923
2025-10-11 01:51:08 [INFO] [task_scheduler.cc:131] [Task #0: main] Trial #206: GFLOPs: 2955.1648. Time: 4.3466 us. Best GFLOPs: 3504.4923
2025-10-11 01:51:08 [INFO] [task_scheduler.cc:131] [Task #0: main] Trial #207: GFLOPs: 3017.5443. Time: 4.2568 us. Best GFLOPs: 3504.4923
2025-10-11 01:51:08 [INFO] [task_scheduler.cc:131] [Task #0: main] Trial #208: GFLOPs: 3253.9102. Time: 3.9476 us. Best GFLOPs: 3504.4923
2025-10-11 01:51:08 [INFO] [task_scheduler.cc:131] [Task #0: main] Trial #209: GFLOPs: 3080.7625. Time: 4.1694 us. Best GFLOPs: 3504.4923
2025-10-11 01:51:08 [INFO] [task_scheduler.cc:131] [Task #0: main] Trial #210: GFLOPs: 3014.3351. Time: 4.2613 us. Best GFLOPs: 3504.4923
2025-10-11 01:51:08 [INFO] [task_scheduler.cc:131] [Task #0: main] Trial #211: GFLOPs: 3044.4962. Time: 4.2191 us. Best GFLOPs: 3504.4923
2025-10-11 01:51:08 [INFO] [task_scheduler.cc:131] [Task #0: main] Trial #212: GFLOPs: 3135.4511. Time: 4.0967 us. Best GFLOPs: 3504.4923
2025-10-11 01:51:08 [INFO] [task_scheduler.cc:131] [Task #0: main] Trial #213: GFLOPs: 3039.3413. Time: 4.2263 us. Best GFLOPs: 3504.4923
2025-10-11 01:51:08 [INFO] [task_scheduler.cc:131] [Task #0: main] Trial #214: GFLOPs: 2492.2635. Time: 5.1540 us. Best GFLOPs: 3504.4923
2025-10-11 01:51:08 [INFO] [task_scheduler.cc:131] [Task #0: main] Trial #215: GFLOPs: 3317.6964. Time: 3.8717 us. Best GFLOPs: 3504.4923
2025-10-11 01:51:08 [INFO] [task_scheduler.cc:131] [Task #0: main] Trial #216: GFLOPs: 2267.4042. Time: 5.6651 us. Best GFLOPs: 3504.4923
2025-10-11 01:51:08 [INFO] [task_scheduler.cc:131] [Task #0: main] Trial #217: GFLOPs: 3119.7915. Time: 4.1173 us. Best GFLOPs: 3504.4923
2025-10-11 01:51:08 [INFO] [task_scheduler.cc:131] [Task #0: main] Trial #218: GFLOPs: 3354.3838. Time: 3.8293 us. Best GFLOPs: 3504.4923
2025-10-11 01:51:08 [INFO] [task_scheduler.cc:131] [Task #0: main] Trial #219: GFLOPs: 2158.4279. Time: 5.9511 us. Best GFLOPs: 3504.4923
2025-10-11 01:51:08 [INFO] [task_scheduler.cc:131] [Task #0: main] Trial #220: GFLOPs: 2385.6774. Time: 5.3842 us. Best GFLOPs: 3504.4923
2025-10-11 01:51:08 [INFO] [task_scheduler.cc:131] [Task #0: main] Trial #221: GFLOPs: 3008.3996. Time: 4.2697 us. Best GFLOPs: 3504.4923
2025-10-11 01:51:08 [INFO] [task_scheduler.cc:131] [Task #0: main] Trial #222: GFLOPs: 2815.9059. Time: 4.5616 us. Best GFLOPs: 3504.4923
2025-10-11 01:51:08 [INFO] [task_scheduler.cc:131] [Task #0: main] Trial #223: GFLOPs: 3265.4972. Time: 3.9336 us. Best GFLOPs: 3504.4923
2025-10-11 01:51:08 [INFO] [task_scheduler.cc:131] [Task #0: main] Trial #224: GFLOPs: 3206.9827. Time: 4.0053 us. Best GFLOPs: 3504.4923
2025-10-11 01:51:08 [INFO] [task_scheduler.cc:131] [Task #0: main] Trial #225: GFLOPs: 2882.6838. Time: 4.4559 us. Best GFLOPs: 3504.4923
2025-10-11 01:51:08 [INFO] [task_scheduler.cc:131] [Task #0: main] Trial #226: GFLOPs: 2892.0946. Time: 4.4414 us. Best GFLOPs: 3504.4923
2025-10-11 01:51:08 [INFO] [task_scheduler.cc:131] [Task #0: main] Trial #227: GFLOPs: 3004.8820. Time: 4.2747 us. Best GFLOPs: 3504.4923
2025-10-11 01:51:08 [INFO] [task_scheduler.cc:131] [Task #0: main] Trial #228: GFLOPs: 2972.2105. Time: 4.3217 us. Best GFLOPs: 3504.4923
2025-10-11 01:51:08 [INFO] [task_scheduler.cc:131] [Task #0: main] Trial #229: GFLOPs: 2925.1074. Time: 4.3913 us. Best GFLOPs: 3504.4923
2025-10-11 01:51:08 [INFO] [task_scheduler.cc:131] [Task #0: main] Trial #230: GFLOPs: 3347.9008. Time: 3.8367 us. Best GFLOPs: 3504.4923
2025-10-11 01:51:08 [INFO] [task_scheduler.cc:131] [Task #0: main] Trial #231: GFLOPs: 3229.1968. Time: 3.9778 us. Best GFLOPs: 3504.4923
2025-10-11 01:51:08 [INFO] [task_scheduler.cc:131] [Task #0: main] Trial #232: GFLOPs: 3204.5415. Time: 4.0084 us. Best GFLOPs: 3504.4923
2025-10-11 01:51:08 [INFO] [task_scheduler.cc:131] [Task #0: main] Trial #233: GFLOPs: 3096.4105. Time: 4.1484 us. Best GFLOPs: 3504.4923
2025-10-11 01:51:08 [INFO] [task_scheduler.cc:131] [Task #0: main] Trial #234: GFLOPs: 2943.0064. Time: 4.3646 us. Best GFLOPs: 3504.4923
2025-10-11 01:51:08 [INFO] [task_scheduler.cc:131] [Task #0: main] Trial #235: GFLOPs: 3058.0872. Time: 4.2004 us. Best GFLOPs: 3504.4923
2025-10-11 01:51:08 [INFO] [task_scheduler.cc:131] [Task #0: main] Trial #236: GFLOPs: 2557.6925. Time: 5.0221 us. Best GFLOPs: 3504.4923
2025-10-11 01:51:08 [INFO] [task_scheduler.cc:131] [Task #0: main] Trial #237: GFLOPs: 3379.6162. Time: 3.8007 us. Best GFLOPs: 3504.4923
2025-10-11 01:51:08 [INFO] [task_scheduler.cc:131] [Task #0: main] Trial #238: GFLOPs: 3035.9275. Time: 4.2310 us. Best GFLOPs: 3504.4923
2025-10-11 01:51:08 [INFO] [task_scheduler.cc:131] [Task #0: main] Trial #239: GFLOPs: 3027.9956. Time: 4.2421 us. Best GFLOPs: 3504.4923
2025-10-11 01:51:08 [INFO] [task_scheduler.cc:131] [Task #0: main] Trial #240: GFLOPs: 2915.6615. Time: 4.4055 us. Best GFLOPs: 3504.4923
2025-10-11 01:51:08 [INFO] [task_scheduler.cc:131] [Task #0: main] Trial #241: GFLOPs: 3173.9437. Time: 4.0470 us. Best GFLOPs: 3504.4923
2025-10-11 01:51:08 [INFO] [task_scheduler.cc:131] [Task #0: main] Trial #242: GFLOPs: 3316.0330. Time: 3.8736 us. Best GFLOPs: 3504.4923
2025-10-11 01:51:08 [INFO] [task_scheduler.cc:131] [Task #0: main] Trial #243: GFLOPs: 3116.1588. Time: 4.1221 us. Best GFLOPs: 3504.4923
2025-10-11 01:51:08 [INFO] [task_scheduler.cc:131] [Task #0: main] Trial #244: GFLOPs: 3115.8341. Time: 4.1225 us. Best GFLOPs: 3504.4923
2025-10-11 01:51:08 [INFO] [task_scheduler.cc:131] [Task #0: main] Trial #245: GFLOPs: 2521.0249. Time: 5.0952 us. Best GFLOPs: 3504.4923
2025-10-11 01:51:08 [INFO] [task_scheduler.cc:131] [Task #0: main] Trial #246: GFLOPs: 3072.0923. Time: 4.1812 us. Best GFLOPs: 3504.4923
2025-10-11 01:51:08 [INFO] [task_scheduler.cc:131] [Task #0: main] Trial #247: GFLOPs: 2715.9797. Time: 4.7294 us. Best GFLOPs: 3504.4923
2025-10-11 01:51:08 [INFO] [task_scheduler.cc:131] [Task #0: main] Trial #248: GFLOPs: 3091.6334. Time: 4.1548 us. Best GFLOPs: 3504.4923
2025-10-11 01:51:08 [INFO] [task_scheduler.cc:131] [Task #0: main] Trial #249: GFLOPs: 2983.9267. Time: 4.3047 us. Best GFLOPs: 3504.4923
2025-10-11 01:51:08 [INFO] [task_scheduler.cc:131] [Task #0: main] Trial #250: GFLOPs: 3113.2660. Time: 4.1259 us. Best GFLOPs: 3504.4923
2025-10-11 01:51:08 [INFO] [task_scheduler.cc:131] [Task #0: main] Trial #251: GFLOPs: 2517.7395. Time: 5.1018 us. Best GFLOPs: 3504.4923
2025-10-11 01:51:08 [INFO] [task_scheduler.cc:131] [Task #0: main] Trial #252: GFLOPs: 3290.1495. Time: 3.9041 us. Best GFLOPs: 3504.4923
2025-10-11 01:51:08 [INFO] [task_scheduler.cc:131] [Task #0: main] Trial #253: GFLOPs: 3513.1460. Time: 3.6563 us. Best GFLOPs: 3513.1460
2025-10-11 01:51:08 [INFO] [task_scheduler.cc:131] [Task #0: main] Trial #254: GFLOPs: 2214.5105. Time: 5.8004 us. Best GFLOPs: 3513.1460
2025-10-11 01:51:08 [INFO] [task_scheduler.cc:131] [Task #0: main] Trial #255: GFLOPs: 1528.0785. Time: 8.4060 us. Best GFLOPs: 3513.1460
2025-10-11 01:51:08 [INFO] [task_scheduler.cc:131] [Task #0: main] Trial #256: GFLOPs: 940.9339. Time: 13.6514 us. Best GFLOPs: 3513.1460
2025-10-11 01:51:08 [INFO] [evolutionary_search.cc:713] Generating candidates......
2025-10-11 01:51:10 [INFO] [evolutionary_search.cc:715] Picked top 102 candidate(s) from database
2025-10-11 01:51:14 [INFO] [evolutionary_search.cc:533] Sample-Init-Population summary:
Postproc #0 [meta_schedule.DisallowDynamicLoop(0x10355778)]: 0 failure(s)
Postproc #1 [meta_schedule.RewriteCooperativeFetch(0x1037dc28)]: 0 failure(s)
Postproc #2 [meta_schedule.RewriteUnboundBlock(0x1023d0f8)]: 0 failure(s)
Postproc #3 [meta_schedule.RewriteParallelVectorizeUnroll(0x10146428)]: 0 failure(s)
Postproc #4 [meta_schedule.RewriteReductionBlock(0xffcfb08)]: 0 failure(s)
Postproc #5 [meta_schedule.VerifyGPUCode(0x10241ed8)]: 263 failure(s)
Postproc #6 [meta_schedule.RewriteTensorize(0x1003a7e8)]: 0 failure(s)
2025-10-11 01:51:14 [INFO] [evolutionary_search.cc:723] Sampled 147 candidate(s)
2025-10-11 01:51:22 [INFO] [evolutionary_search.cc:621] Evolve iter #0 done. Summary:
Postproc #0 [meta_schedule.DisallowDynamicLoop(0x10355778)]: 0 failure(s)
Postproc #1 [meta_schedule.RewriteCooperativeFetch(0x1037dc28)]: 0 failure(s)
Postproc #2 [meta_schedule.RewriteUnboundBlock(0x1023d0f8)]: 0 failure(s)
Postproc #3 [meta_schedule.RewriteParallelVectorizeUnroll(0x10146428)]: 0 failure(s)
Postproc #4 [meta_schedule.RewriteReductionBlock(0xffcfb08)]: 0 failure(s)
Postproc #5 [meta_schedule.VerifyGPUCode(0x10241ed8)]: 68 failure(s)
Postproc #6 [meta_schedule.RewriteTensorize(0x1003a7e8)]: 0 failure(s)
2025-10-11 01:51:30 [INFO] [evolutionary_search.cc:621] Evolve iter #1 done. Summary:
Postproc #0 [meta_schedule.DisallowDynamicLoop(0x10355778)]: 0 failure(s)
Postproc #1 [meta_schedule.RewriteCooperativeFetch(0x1037dc28)]: 0 failure(s)
Postproc #2 [meta_schedule.RewriteUnboundBlock(0x1023d0f8)]: 0 failure(s)
Postproc #3 [meta_schedule.RewriteParallelVectorizeUnroll(0x10146428)]: 0 failure(s)
Postproc #4 [meta_schedule.RewriteReductionBlock(0xffcfb08)]: 0 failure(s)
Postproc #5 [meta_schedule.VerifyGPUCode(0x10241ed8)]: 53 failure(s)
Postproc #6 [meta_schedule.RewriteTensorize(0x1003a7e8)]: 0 failure(s)
2025-10-11 01:51:38 [INFO] [evolutionary_search.cc:621] Evolve iter #2 done. Summary:
Postproc #0 [meta_schedule.DisallowDynamicLoop(0x10355778)]: 0 failure(s)
Postproc #1 [meta_schedule.RewriteCooperativeFetch(0x1037dc28)]: 0 failure(s)
Postproc #2 [meta_schedule.RewriteUnboundBlock(0x1023d0f8)]: 0 failure(s)
Postproc #3 [meta_schedule.RewriteParallelVectorizeUnroll(0x10146428)]: 0 failure(s)
Postproc #4 [meta_schedule.RewriteReductionBlock(0xffcfb08)]: 0 failure(s)
Postproc #5 [meta_schedule.VerifyGPUCode(0x10241ed8)]: 68 failure(s)
Postproc #6 [meta_schedule.RewriteTensorize(0x1003a7e8)]: 0 failure(s)
2025-10-11 01:51:46 [INFO] [evolutionary_search.cc:621] Evolve iter #3 done. Summary:
Postproc #0 [meta_schedule.DisallowDynamicLoop(0x10355778)]: 0 failure(s)
Postproc #1 [meta_schedule.RewriteCooperativeFetch(0x1037dc28)]: 0 failure(s)
Postproc #2 [meta_schedule.RewriteUnboundBlock(0x1023d0f8)]: 0 failure(s)
Postproc #3 [meta_schedule.RewriteParallelVectorizeUnroll(0x10146428)]: 0 failure(s)
Postproc #4 [meta_schedule.RewriteReductionBlock(0xffcfb08)]: 0 failure(s)
Postproc #5 [meta_schedule.VerifyGPUCode(0x10241ed8)]: 64 failure(s)
Postproc #6 [meta_schedule.RewriteTensorize(0x1003a7e8)]: 0 failure(s)
2025-10-11 01:51:48 [INFO] [evolutionary_search.cc:649] Scores of the best 64 candidates:
[1 : 16]:	0.9667  0.9658  0.9657  0.9619  0.9598  0.9494  0.9494  0.9483  0.9423  0.9423  0.9423  0.9417  0.9372  0.9363  0.9349  0.9349
[17 : 32]:	0.9349  0.9347  0.9313  0.9295  0.9295  0.9282  0.9277  0.9270  0.9268  0.9250  0.9242  0.9242  0.9242  0.9217  0.9217  0.9212
[33 : 48]:	0.9211  0.9196  0.9194  0.9186  0.9182  0.9182  0.9174  0.9174  0.9173  0.9164  0.9149  0.9149  0.9142  0.9141  0.9140  0.9114
[49 : 64]:	0.9112  0.9110  0.9100  0.9080  0.9078  0.9065  0.9056  0.9016  0.9003  0.9003  0.8995  0.8988  0.8985  0.8985  0.8985  0.8983
2025-10-11 01:51:49 [INFO] [evolutionary_search.cc:727] Got 64 candidate(s) with evolutionary search
2025-10-11 01:51:49 [INFO] [evolutionary_search.cc:730] Sending 64 candidates(s) for measurement
2025-10-11 01:52:17 [INFO] [task_scheduler.cc:131] [Task #0: main] Trial #257: GFLOPs: 3120.4456. Time: 4.1164 us. Best GFLOPs: 3513.1460
2025-10-11 01:52:17 [INFO] [task_scheduler.cc:131] [Task #0: main] Trial #258: GFLOPs: 3114.1107. Time: 4.1248 us. Best GFLOPs: 3513.1460
2025-10-11 01:52:17 [INFO] [task_scheduler.cc:131] [Task #0: main] Trial #259: GFLOPs: 3616.7679. Time: 3.5515 us. Best GFLOPs: 3616.7679
2025-10-11 01:52:17 [INFO] [task_scheduler.cc:131] [Task #0: main] Trial #260: GFLOPs: 3134.6703. Time: 4.0977 us. Best GFLOPs: 3616.7679
2025-10-11 01:52:17 [INFO] [task_scheduler.cc:131] [Task #0: main] Trial #261: GFLOPs: 3113.9162. Time: 4.1250 us. Best GFLOPs: 3616.7679
2025-10-11 01:52:17 [INFO] [task_scheduler.cc:131] [Task #0: main] Trial #262: GFLOPs: 3213.1222. Time: 3.9977 us. Best GFLOPs: 3616.7679
2025-10-11 01:52:17 [INFO] [task_scheduler.cc:131] [Task #0: main] Trial #263: GFLOPs: 3124.4809. Time: 4.1111 us. Best GFLOPs: 3616.7679
2025-10-11 01:52:17 [INFO] [task_scheduler.cc:131] [Task #0: main] Trial #264: GFLOPs: 3120.1828. Time: 4.1168 us. Best GFLOPs: 3616.7679
2025-10-11 01:52:17 [INFO] [task_scheduler.cc:131] [Task #0: main] Trial #265: GFLOPs: 2946.6279. Time: 4.3592 us. Best GFLOPs: 3616.7679
2025-10-11 01:52:17 [INFO] [task_scheduler.cc:131] [Task #0: main] Trial #266: GFLOPs: 3189.1767. Time: 4.0277 us. Best GFLOPs: 3616.7679
2025-10-11 01:52:17 [INFO] [task_scheduler.cc:131] [Task #0: main] Trial #267: GFLOPs: 3106.2246. Time: 4.1353 us. Best GFLOPs: 3616.7679
2025-10-11 01:52:17 [INFO] [task_scheduler.cc:131] [Task #0: main] Trial #268: GFLOPs: 3277.0428. Time: 3.9197 us. Best GFLOPs: 3616.7679
2025-10-11 01:52:17 [INFO] [task_scheduler.cc:131] [Task #0: main] Trial #269: GFLOPs: 3036.8148. Time: 4.2298 us. Best GFLOPs: 3616.7679
2025-10-11 01:52:17 [INFO] [task_scheduler.cc:131] [Task #0: main] Trial #270: GFLOPs: 2608.9895. Time: 4.9234 us. Best GFLOPs: 3616.7679
2025-10-11 01:52:17 [INFO] [task_scheduler.cc:131] [Task #0: main] Trial #271: GFLOPs: 3087.8318. Time: 4.1599 us. Best GFLOPs: 3616.7679
2025-10-11 01:52:17 [INFO] [task_scheduler.cc:131] [Task #0: main] Trial #272: GFLOPs: 3228.3550. Time: 3.9788 us. Best GFLOPs: 3616.7679
2025-10-11 01:52:17 [INFO] [task_scheduler.cc:131] [Task #0: main] Trial #273: GFLOPs: 3205.3596. Time: 4.0074 us. Best GFLOPs: 3616.7679
2025-10-11 01:52:17 [INFO] [task_scheduler.cc:131] [Task #0: main] Trial #274: GFLOPs: 3119.2533. Time: 4.1180 us. Best GFLOPs: 3616.7679
2025-10-11 01:52:17 [INFO] [task_scheduler.cc:131] [Task #0: main] Trial #275: GFLOPs: 3147.0601. Time: 4.0816 us. Best GFLOPs: 3616.7679
2025-10-11 01:52:17 [INFO] [task_scheduler.cc:131] [Task #0: main] Trial #276: GFLOPs: 3244.6016. Time: 3.9589 us. Best GFLOPs: 3616.7679
2025-10-11 01:52:17 [INFO] [task_scheduler.cc:131] [Task #0: main] Trial #277: GFLOPs: 3333.7560. Time: 3.8530 us. Best GFLOPs: 3616.7679
2025-10-11 01:52:17 [INFO] [task_scheduler.cc:131] [Task #0: main] Trial #278: GFLOPs: 3235.7988. Time: 3.9697 us. Best GFLOPs: 3616.7679
2025-10-11 01:52:17 [INFO] [task_scheduler.cc:131] [Task #0: main] Trial #279: GFLOPs: 3335.1606. Time: 3.8514 us. Best GFLOPs: 3616.7679
2025-10-11 01:52:17 [INFO] [task_scheduler.cc:131] [Task #0: main] Trial #280: GFLOPs: 3170.1744. Time: 4.0518 us. Best GFLOPs: 3616.7679
2025-10-11 01:52:17 [INFO] [task_scheduler.cc:131] [Task #0: main] Trial #281: GFLOPs: 3297.8093. Time: 3.8950 us. Best GFLOPs: 3616.7679
2025-10-11 01:52:17 [INFO] [task_scheduler.cc:131] [Task #0: main] Trial #282: GFLOPs: 3424.0405. Time: 3.7514 us. Best GFLOPs: 3616.7679
2025-10-11 01:52:17 [INFO] [task_scheduler.cc:131] [Task #0: main] Trial #283: GFLOPs: 3118.1497. Time: 4.1194 us. Best GFLOPs: 3616.7679
2025-10-11 01:52:17 [INFO] [task_scheduler.cc:131] [Task #0: main] Trial #284: GFLOPs: 3567.8234. Time: 3.6002 us. Best GFLOPs: 3616.7679
2025-10-11 01:52:17 [INFO] [task_scheduler.cc:131] [Task #0: main] Trial #285: GFLOPs: 3370.1670. Time: 3.8114 us. Best GFLOPs: 3616.7679
2025-10-11 01:52:17 [INFO] [task_scheduler.cc:131] [Task #0: main] Trial #286: GFLOPs: 3204.5924. Time: 4.0083 us. Best GFLOPs: 3616.7679
2025-10-11 01:52:17 [INFO] [task_scheduler.cc:131] [Task #0: main] Trial #287: GFLOPs: 3136.3781. Time: 4.0955 us. Best GFLOPs: 3616.7679
2025-10-11 01:52:17 [INFO] [task_scheduler.cc:131] [Task #0: main] Trial #288: GFLOPs: 3370.7672. Time: 3.8107 us. Best GFLOPs: 3616.7679
2025-10-11 01:52:17 [INFO] [task_scheduler.cc:131] [Task #0: main] Trial #289: GFLOPs: 3180.0177. Time: 4.0393 us. Best GFLOPs: 3616.7679
2025-10-11 01:52:17 [INFO] [task_scheduler.cc:131] [Task #0: main] Trial #290: GFLOPs: 3078.6927. Time: 4.1722 us. Best GFLOPs: 3616.7679
2025-10-11 01:52:17 [INFO] [task_scheduler.cc:131] [Task #0: main] Trial #291: GFLOPs: 3499.4274. Time: 3.6706 us. Best GFLOPs: 3616.7679
2025-10-11 01:52:17 [INFO] [task_scheduler.cc:131] [Task #0: main] Trial #292: GFLOPs: 3360.2171. Time: 3.8227 us. Best GFLOPs: 3616.7679
2025-10-11 01:52:17 [INFO] [task_scheduler.cc:131] [Task #0: main] Trial #293: GFLOPs: 3261.1199. Time: 3.9388 us. Best GFLOPs: 3616.7679
2025-10-11 01:52:17 [INFO] [task_scheduler.cc:131] [Task #0: main] Trial #294: GFLOPs: 3169.1507. Time: 4.0532 us. Best GFLOPs: 3616.7679
2025-10-11 01:52:17 [INFO] [task_scheduler.cc:131] [Task #0: main] Trial #295: GFLOPs: 3203.5701. Time: 4.0096 us. Best GFLOPs: 3616.7679
2025-10-11 01:52:17 [INFO] [task_scheduler.cc:131] [Task #0: main] Trial #296: GFLOPs: 3176.0377. Time: 4.0444 us. Best GFLOPs: 3616.7679
2025-10-11 01:52:17 [INFO] [task_scheduler.cc:131] [Task #0: main] Trial #297: GFLOPs: 3302.2626. Time: 3.8898 us. Best GFLOPs: 3616.7679
2025-10-11 01:52:17 [INFO] [task_scheduler.cc:131] [Task #0: main] Trial #298: GFLOPs: 3200.7207. Time: 4.0132 us. Best GFLOPs: 3616.7679
2025-10-11 01:52:17 [INFO] [task_scheduler.cc:131] [Task #0: main] Trial #299: GFLOPs: 3242.8183. Time: 3.9611 us. Best GFLOPs: 3616.7679
2025-10-11 01:52:17 [INFO] [task_scheduler.cc:131] [Task #0: main] Trial #300: GFLOPs: 3384.1499. Time: 3.7957 us. Best GFLOPs: 3616.7679
2025-10-11 01:52:17 [INFO] [task_scheduler.cc:131] [Task #0: main] Trial #301: GFLOPs: 3128.9974. Time: 4.1052 us. Best GFLOPs: 3616.7679
2025-10-11 01:52:17 [INFO] [task_scheduler.cc:131] [Task #0: main] Trial #302: GFLOPs: 3374.1730. Time: 3.8069 us. Best GFLOPs: 3616.7679
2025-10-11 01:52:17 [INFO] [task_scheduler.cc:131] [Task #0: main] Trial #303: GFLOPs: 2738.8934. Time: 4.6899 us. Best GFLOPs: 3616.7679
2025-10-11 01:52:17 [INFO] [task_scheduler.cc:131] [Task #0: main] Trial #304: GFLOPs: 3082.1142. Time: 4.1676 us. Best GFLOPs: 3616.7679
2025-10-11 01:52:17 [INFO] [task_scheduler.cc:131] [Task #0: main] Trial #305: GFLOPs: 2909.9063. Time: 4.4143 us. Best GFLOPs: 3616.7679
2025-10-11 01:52:17 [INFO] [task_scheduler.cc:131] [Task #0: main] Trial #306: GFLOPs: 3468.2643. Time: 3.7036 us. Best GFLOPs: 3616.7679
2025-10-11 01:52:17 [INFO] [task_scheduler.cc:131] [Task #0: main] Trial #307: GFLOPs: 3177.4385. Time: 4.0426 us. Best GFLOPs: 3616.7679
2025-10-11 01:52:17 [INFO] [task_scheduler.cc:131] [Task #0: main] Trial #308: GFLOPs: 3017.6112. Time: 4.2567 us. Best GFLOPs: 3616.7679
2025-10-11 01:52:17 [INFO] [task_scheduler.cc:131] [Task #0: main] Trial #309: GFLOPs: 3227.4013. Time: 3.9800 us. Best GFLOPs: 3616.7679
2025-10-11 01:52:17 [INFO] [task_scheduler.cc:131] [Task #0: main] Trial #310: GFLOPs: 3455.2278. Time: 3.7176 us. Best GFLOPs: 3616.7679
2025-10-11 01:52:17 [INFO] [task_scheduler.cc:131] [Task #0: main] Trial #311: GFLOPs: 3040.9504. Time: 4.2240 us. Best GFLOPs: 3616.7679
2025-10-11 01:52:17 [INFO] [task_scheduler.cc:131] [Task #0: main] Trial #312: GFLOPs: 2501.5579. Time: 5.1348 us. Best GFLOPs: 3616.7679
2025-10-11 01:52:17 [INFO] [task_scheduler.cc:131] [Task #0: main] Trial #313: GFLOPs: 3354.3292. Time: 3.8294 us. Best GFLOPs: 3616.7679
2025-10-11 01:52:17 [INFO] [task_scheduler.cc:131] [Task #0: main] Trial #314: GFLOPs: 2743.7001. Time: 4.6817 us. Best GFLOPs: 3616.7679
2025-10-11 01:52:17 [INFO] [task_scheduler.cc:131] [Task #0: main] Trial #315: GFLOPs: 3026.6181. Time: 4.2440 us. Best GFLOPs: 3616.7679
2025-10-11 01:52:17 [INFO] [task_scheduler.cc:131] [Task #0: main] Trial #316: GFLOPs: 3340.9201. Time: 3.8448 us. Best GFLOPs: 3616.7679
2025-10-11 01:52:17 [INFO] [task_scheduler.cc:131] [Task #0: main] Trial #317: GFLOPs: 2921.8349. Time: 4.3962 us. Best GFLOPs: 3616.7679
2025-10-11 01:52:17 [INFO] [task_scheduler.cc:131] [Task #0: main] Trial #318: GFLOPs: 1754.1073. Time: 7.3228 us. Best GFLOPs: 3616.7679
2025-10-11 01:52:17 [INFO] [task_scheduler.cc:131] [Task #0: main] Trial #319: GFLOPs: 772.2859. Time: 16.6325 us. Best GFLOPs: 3616.7679
2025-10-11 01:52:17 [INFO] [task_scheduler.cc:131] [Task #0: main] Trial #320: GFLOPs: 1359.8418. Time: 9.4460 us. Best GFLOPs: 3616.7679
2025-10-11 01:52:17 [INFO] [evolutionary_search.cc:713] Generating candidates......
2025-10-11 01:52:18 [INFO] [evolutionary_search.cc:715] Picked top 102 candidate(s) from database
2025-10-11 01:52:23 [INFO] [evolutionary_search.cc:533] Sample-Init-Population summary:
Postproc #0 [meta_schedule.DisallowDynamicLoop(0x10355778)]: 0 failure(s)
Postproc #1 [meta_schedule.RewriteCooperativeFetch(0x1037dc28)]: 0 failure(s)
Postproc #2 [meta_schedule.RewriteUnboundBlock(0x1023d0f8)]: 0 failure(s)
Postproc #3 [meta_schedule.RewriteParallelVectorizeUnroll(0x10146428)]: 0 failure(s)
Postproc #4 [meta_schedule.RewriteReductionBlock(0xffcfb08)]: 0 failure(s)
Postproc #5 [meta_schedule.VerifyGPUCode(0x10241ed8)]: 260 failure(s)
Postproc #6 [meta_schedule.RewriteTensorize(0x1003a7e8)]: 0 failure(s)
2025-10-11 01:52:23 [INFO] [evolutionary_search.cc:723] Sampled 150 candidate(s)
2025-10-11 01:52:30 [INFO] [evolutionary_search.cc:621] Evolve iter #0 done. Summary:
Postproc #0 [meta_schedule.DisallowDynamicLoop(0x10355778)]: 0 failure(s)
Postproc #1 [meta_schedule.RewriteCooperativeFetch(0x1037dc28)]: 0 failure(s)
Postproc #2 [meta_schedule.RewriteUnboundBlock(0x1023d0f8)]: 0 failure(s)
Postproc #3 [meta_schedule.RewriteParallelVectorizeUnroll(0x10146428)]: 0 failure(s)
Postproc #4 [meta_schedule.RewriteReductionBlock(0xffcfb08)]: 0 failure(s)
Postproc #5 [meta_schedule.VerifyGPUCode(0x10241ed8)]: 70 failure(s)
Postproc #6 [meta_schedule.RewriteTensorize(0x1003a7e8)]: 0 failure(s)
2025-10-11 01:52:39 [INFO] [evolutionary_search.cc:621] Evolve iter #1 done. Summary:
Postproc #0 [meta_schedule.DisallowDynamicLoop(0x10355778)]: 0 failure(s)
Postproc #1 [meta_schedule.RewriteCooperativeFetch(0x1037dc28)]: 0 failure(s)
Postproc #2 [meta_schedule.RewriteUnboundBlock(0x1023d0f8)]: 0 failure(s)
Postproc #3 [meta_schedule.RewriteParallelVectorizeUnroll(0x10146428)]: 0 failure(s)
Postproc #4 [meta_schedule.RewriteReductionBlock(0xffcfb08)]: 0 failure(s)
Postproc #5 [meta_schedule.VerifyGPUCode(0x10241ed8)]: 62 failure(s)
Postproc #6 [meta_schedule.RewriteTensorize(0x1003a7e8)]: 0 failure(s)
2025-10-11 01:52:47 [INFO] [evolutionary_search.cc:621] Evolve iter #2 done. Summary:
Postproc #0 [meta_schedule.DisallowDynamicLoop(0x10355778)]: 0 failure(s)
Postproc #1 [meta_schedule.RewriteCooperativeFetch(0x1037dc28)]: 0 failure(s)
Postproc #2 [meta_schedule.RewriteUnboundBlock(0x1023d0f8)]: 0 failure(s)
Postproc #3 [meta_schedule.RewriteParallelVectorizeUnroll(0x10146428)]: 0 failure(s)
Postproc #4 [meta_schedule.RewriteReductionBlock(0xffcfb08)]: 0 failure(s)
Postproc #5 [meta_schedule.VerifyGPUCode(0x10241ed8)]: 61 failure(s)
Postproc #6 [meta_schedule.RewriteTensorize(0x1003a7e8)]: 0 failure(s)
2025-10-11 01:52:55 [INFO] [evolutionary_search.cc:621] Evolve iter #3 done. Summary:
Postproc #0 [meta_schedule.DisallowDynamicLoop(0x10355778)]: 0 failure(s)
Postproc #1 [meta_schedule.RewriteCooperativeFetch(0x1037dc28)]: 0 failure(s)
Postproc #2 [meta_schedule.RewriteUnboundBlock(0x1023d0f8)]: 0 failure(s)
Postproc #3 [meta_schedule.RewriteParallelVectorizeUnroll(0x10146428)]: 0 failure(s)
Postproc #4 [meta_schedule.RewriteReductionBlock(0xffcfb08)]: 0 failure(s)
Postproc #5 [meta_schedule.VerifyGPUCode(0x10241ed8)]: 58 failure(s)
Postproc #6 [meta_schedule.RewriteTensorize(0x1003a7e8)]: 0 failure(s)
2025-10-11 01:52:57 [INFO] [evolutionary_search.cc:649] Scores of the best 64 candidates:
[1 : 16]:	0.9610  0.9485  0.9485  0.9393  0.9393  0.9393  0.9380  0.9318  0.9318  0.9285  0.9244  0.9218  0.9216  0.9215  0.9180  0.9174
[17 : 32]:	0.9174  0.9163  0.9123  0.9093  0.9086  0.9077  0.9064  0.9047  0.9033  0.9029  0.9020  0.9020  0.9013  0.9013  0.9003  0.8996
[33 : 48]:	0.8993  0.8992  0.8992  0.8985  0.8970  0.8963  0.8950  0.8945  0.8915  0.8909  0.8909  0.8909  0.8902  0.8902  0.8899  0.8895
[49 : 64]:	0.8894  0.8891  0.8891  0.8887  0.8884  0.8875  0.8875  0.8875  0.8867  0.8864  0.8862  0.8862  0.8862  0.8833  0.8831  0.8831
2025-10-11 01:52:57 [INFO] [evolutionary_search.cc:727] Got 64 candidate(s) with evolutionary search
2025-10-11 01:52:57 [INFO] [evolutionary_search.cc:730] Sending 64 candidates(s) for measurement
2025-10-11 01:53:26 [INFO] [task_scheduler.cc:131] [Task #0: main] Trial #321: GFLOPs: 3616.4588. Time: 3.5518 us. Best GFLOPs: 3616.7679
2025-10-11 01:53:26 [INFO] [task_scheduler.cc:131] [Task #0: main] Trial #322: GFLOPs: 3480.2913. Time: 3.6908 us. Best GFLOPs: 3616.7679
2025-10-11 01:53:26 [INFO] [task_scheduler.cc:131] [Task #0: main] Trial #323: GFLOPs: 3050.7071. Time: 4.2105 us. Best GFLOPs: 3616.7679
2025-10-11 01:53:26 [INFO] [task_scheduler.cc:131] [Task #0: main] Trial #324: GFLOPs: 3247.0474. Time: 3.9559 us. Best GFLOPs: 3616.7679
2025-10-11 01:53:26 [INFO] [task_scheduler.cc:131] [Task #0: main] Trial #325: GFLOPs: 3322.3650. Time: 3.8662 us. Best GFLOPs: 3616.7679
2025-10-11 01:53:26 [INFO] [task_scheduler.cc:131] [Task #0: main] Trial #326: GFLOPs: 3321.9829. Time: 3.8667 us. Best GFLOPs: 3616.7679
2025-10-11 01:53:26 [INFO] [task_scheduler.cc:131] [Task #0: main] Trial #327: GFLOPs: 3209.4871. Time: 4.0022 us. Best GFLOPs: 3616.7679
2025-10-11 01:53:26 [INFO] [task_scheduler.cc:131] [Task #0: main] Trial #328: GFLOPs: 3565.8306. Time: 3.6023 us. Best GFLOPs: 3616.7679
2025-10-11 01:53:26 [INFO] [task_scheduler.cc:131] [Task #0: main] Trial #329: GFLOPs: 3356.8823. Time: 3.8265 us. Best GFLOPs: 3616.7679
2025-10-11 01:53:26 [INFO] [task_scheduler.cc:131] [Task #0: main] Trial #330: GFLOPs: 3356.2516. Time: 3.8272 us. Best GFLOPs: 3616.7679
2025-10-11 01:53:26 [INFO] [task_scheduler.cc:131] [Task #0: main] Trial #331: GFLOPs: 3375.0364. Time: 3.8059 us. Best GFLOPs: 3616.7679
2025-10-11 01:53:26 [INFO] [task_scheduler.cc:131] [Task #0: main] Trial #332: GFLOPs: 3475.5580. Time: 3.6958 us. Best GFLOPs: 3616.7679
2025-10-11 01:53:26 [INFO] [task_scheduler.cc:131] [Task #0: main] Trial #333: GFLOPs: 3545.5661. Time: 3.6229 us. Best GFLOPs: 3616.7679
2025-10-11 01:53:26 [INFO] [task_scheduler.cc:131] [Task #0: main] Trial #334: GFLOPs: 3210.5083. Time: 4.0009 us. Best GFLOPs: 3616.7679
2025-10-11 01:53:26 [INFO] [task_scheduler.cc:131] [Task #0: main] Trial #335: GFLOPs: 3478.0921. Time: 3.6931 us. Best GFLOPs: 3616.7679
2025-10-11 01:53:26 [INFO] [task_scheduler.cc:131] [Task #0: main] Trial #336: GFLOPs: 3447.8437. Time: 3.7255 us. Best GFLOPs: 3616.7679
2025-10-11 01:53:26 [INFO] [task_scheduler.cc:131] [Task #0: main] Trial #337: GFLOPs: 3376.5123. Time: 3.8042 us. Best GFLOPs: 3616.7679
2025-10-11 01:53:26 [INFO] [task_scheduler.cc:131] [Task #0: main] Trial #338: GFLOPs: 1842.3258. Time: 6.9722 us. Best GFLOPs: 3616.7679
2025-10-11 01:53:26 [INFO] [task_scheduler.cc:131] [Task #0: main] Trial #339: GFLOPs: 3331.8188. Time: 3.8553 us. Best GFLOPs: 3616.7679
2025-10-11 01:53:26 [INFO] [task_scheduler.cc:131] [Task #0: main] Trial #340: GFLOPs: 3470.6888. Time: 3.7010 us. Best GFLOPs: 3616.7679
2025-10-11 01:53:26 [INFO] [task_scheduler.cc:131] [Task #0: main] Trial #341: GFLOPs: 3196.4780. Time: 4.0185 us. Best GFLOPs: 3616.7679
2025-10-11 01:53:26 [INFO] [task_scheduler.cc:131] [Task #0: main] Trial #342: GFLOPs: 3360.1061. Time: 3.8228 us. Best GFLOPs: 3616.7679
2025-10-11 01:53:26 [INFO] [task_scheduler.cc:131] [Task #0: main] Trial #343: GFLOPs: 3471.2598. Time: 3.7004 us. Best GFLOPs: 3616.7679
2025-10-11 01:53:26 [INFO] [task_scheduler.cc:131] [Task #0: main] Trial #344: GFLOPs: 2948.0018. Time: 4.3572 us. Best GFLOPs: 3616.7679
2025-10-11 01:53:26 [INFO] [task_scheduler.cc:131] [Task #0: main] Trial #345: GFLOPs: 3193.5167. Time: 4.0222 us. Best GFLOPs: 3616.7679
2025-10-11 01:53:26 [INFO] [task_scheduler.cc:131] [Task #0: main] Trial #346: GFLOPs: 3370.6416. Time: 3.8109 us. Best GFLOPs: 3616.7679
2025-10-11 01:53:26 [INFO] [task_scheduler.cc:131] [Task #0: main] Trial #347: GFLOPs: 2990.8972. Time: 4.2947 us. Best GFLOPs: 3616.7679
2025-10-11 01:53:26 [INFO] [task_scheduler.cc:131] [Task #0: main] Trial #348: GFLOPs: 3158.6759. Time: 4.0666 us. Best GFLOPs: 3616.7679
2025-10-11 01:53:26 [INFO] [task_scheduler.cc:131] [Task #0: main] Trial #349: GFLOPs: 3230.8601. Time: 3.9757 us. Best GFLOPs: 3616.7679
2025-10-11 01:53:26 [INFO] [task_scheduler.cc:131] [Task #0: main] Trial #350: GFLOPs: 3637.9556. Time: 3.5308 us. Best GFLOPs: 3637.9556
2025-10-11 01:53:26 [INFO] [task_scheduler.cc:131] [Task #0: main] Trial #351: GFLOPs: 3141.1170. Time: 4.0893 us. Best GFLOPs: 3637.9556
2025-10-11 01:53:26 [INFO] [task_scheduler.cc:131] [Task #0: main] Trial #352: GFLOPs: 3312.8966. Time: 3.8773 us. Best GFLOPs: 3637.9556
2025-10-11 01:53:26 [INFO] [task_scheduler.cc:131] [Task #0: main] Trial #353: GFLOPs: 3239.0146. Time: 3.9657 us. Best GFLOPs: 3637.9556
2025-10-11 01:53:26 [INFO] [task_scheduler.cc:131] [Task #0: main] Trial #354: GFLOPs: 3273.8309. Time: 3.9236 us. Best GFLOPs: 3637.9556
2025-10-11 01:53:26 [INFO] [task_scheduler.cc:131] [Task #0: main] Trial #355: GFLOPs: 3222.1434. Time: 3.9865 us. Best GFLOPs: 3637.9556
2025-10-11 01:53:26 [INFO] [task_scheduler.cc:131] [Task #0: main] Trial #356: GFLOPs: 3314.8249. Time: 3.8750 us. Best GFLOPs: 3637.9556
2025-10-11 01:53:26 [INFO] [task_scheduler.cc:131] [Task #0: main] Trial #357: GFLOPs: 3213.3661. Time: 3.9974 us. Best GFLOPs: 3637.9556
2025-10-11 01:53:26 [INFO] [task_scheduler.cc:131] [Task #0: main] Trial #358: GFLOPs: 3430.1744. Time: 3.7447 us. Best GFLOPs: 3637.9556
2025-10-11 01:53:26 [INFO] [task_scheduler.cc:131] [Task #0: main] Trial #359: GFLOPs: 3303.4560. Time: 3.8884 us. Best GFLOPs: 3637.9556
2025-10-11 01:53:26 [INFO] [task_scheduler.cc:131] [Task #0: main] Trial #360: GFLOPs: 3351.6604. Time: 3.8324 us. Best GFLOPs: 3637.9556
2025-10-11 01:53:26 [INFO] [task_scheduler.cc:131] [Task #0: main] Trial #361: GFLOPs: 3228.2455. Time: 3.9790 us. Best GFLOPs: 3637.9556
2025-10-11 01:53:26 [INFO] [task_scheduler.cc:131] [Task #0: main] Trial #362: GFLOPs: 3388.7028. Time: 3.7906 us. Best GFLOPs: 3637.9556
2025-10-11 01:53:26 [INFO] [task_scheduler.cc:131] [Task #0: main] Trial #363: GFLOPs: 3317.9869. Time: 3.8713 us. Best GFLOPs: 3637.9556
2025-10-11 01:53:26 [INFO] [task_scheduler.cc:131] [Task #0: main] Trial #364: GFLOPs: 3324.2536. Time: 3.8640 us. Best GFLOPs: 3637.9556
2025-10-11 01:53:26 [INFO] [task_scheduler.cc:131] [Task #0: main] Trial #365: GFLOPs: 3730.4208. Time: 3.4433 us. Best GFLOPs: 3730.4208
2025-10-11 01:53:26 [INFO] [task_scheduler.cc:131] [Task #0: main] Trial #366: GFLOPs: 3040.2097. Time: 4.2251 us. Best GFLOPs: 3730.4208
2025-10-11 01:53:26 [INFO] [task_scheduler.cc:131] [Task #0: main] Trial #367: GFLOPs: 3466.8055. Time: 3.7052 us. Best GFLOPs: 3730.4208
2025-10-11 01:53:26 [INFO] [task_scheduler.cc:131] [Task #0: main] Trial #368: GFLOPs: 3392.2347. Time: 3.7866 us. Best GFLOPs: 3730.4208
2025-10-11 01:53:26 [INFO] [task_scheduler.cc:131] [Task #0: main] Trial #369: GFLOPs: 3268.8353. Time: 3.9296 us. Best GFLOPs: 3730.4208
2025-10-11 01:53:26 [INFO] [task_scheduler.cc:131] [Task #0: main] Trial #370: GFLOPs: 3237.0376. Time: 3.9682 us. Best GFLOPs: 3730.4208
2025-10-11 01:53:26 [INFO] [task_scheduler.cc:131] [Task #0: main] Trial #371: GFLOPs: 3528.0627. Time: 3.6408 us. Best GFLOPs: 3730.4208
2025-10-11 01:53:26 [INFO] [task_scheduler.cc:131] [Task #0: main] Trial #372: GFLOPs: 3056.8316. Time: 4.2021 us. Best GFLOPs: 3730.4208
2025-10-11 01:53:26 [INFO] [task_scheduler.cc:131] [Task #0: main] Trial #373: GFLOPs: 3354.5996. Time: 3.8291 us. Best GFLOPs: 3730.4208
2025-10-11 01:53:26 [INFO] [task_scheduler.cc:131] [Task #0: main] Trial #374: GFLOPs: 3617.3559. Time: 3.5510 us. Best GFLOPs: 3730.4208
2025-10-11 01:53:26 [INFO] [task_scheduler.cc:131] [Task #0: main] Trial #375: GFLOPs: 3142.4550. Time: 4.0876 us. Best GFLOPs: 3730.4208
2025-10-11 01:53:26 [INFO] [task_scheduler.cc:131] [Task #0: main] Trial #376: GFLOPs: 3225.6676. Time: 3.9821 us. Best GFLOPs: 3730.4208
2025-10-11 01:53:26 [INFO] [task_scheduler.cc:131] [Task #0: main] Trial #377: GFLOPs: 3228.6264. Time: 3.9785 us. Best GFLOPs: 3730.4208
2025-10-11 01:53:26 [INFO] [task_scheduler.cc:131] [Task #0: main] Trial #378: GFLOPs: 3328.0130. Time: 3.8597 us. Best GFLOPs: 3730.4208
2025-10-11 01:53:26 [INFO] [task_scheduler.cc:131] [Task #0: main] Trial #379: GFLOPs: 3481.5852. Time: 3.6894 us. Best GFLOPs: 3730.4208
2025-10-11 01:53:26 [INFO] [task_scheduler.cc:131] [Task #0: main] Trial #380: GFLOPs: 3488.2946. Time: 3.6823 us. Best GFLOPs: 3730.4208
2025-10-11 01:53:26 [INFO] [task_scheduler.cc:131] [Task #0: main] Trial #381: GFLOPs: 3283.2277. Time: 3.9123 us. Best GFLOPs: 3730.4208
2025-10-11 01:53:26 [INFO] [task_scheduler.cc:131] [Task #0: main] Trial #382: GFLOPs: 2161.1377. Time: 5.9437 us. Best GFLOPs: 3730.4208
2025-10-11 01:53:26 [INFO] [task_scheduler.cc:131] [Task #0: main] Trial #383: GFLOPs: 294.2717. Time: 43.6503 us. Best GFLOPs: 3730.4208
2025-10-11 01:53:26 [INFO] [task_scheduler.cc:131] [Task #0: main] Trial #384: GFLOPs: 1397.5691. Time: 9.1910 us. Best GFLOPs: 3730.4208
2025-10-11 01:53:26 [INFO] [evolutionary_search.cc:713] Generating candidates......
2025-10-11 01:53:27 [INFO] [evolutionary_search.cc:715] Picked top 102 candidate(s) from database
2025-10-11 01:53:32 [INFO] [evolutionary_search.cc:533] Sample-Init-Population summary:
Postproc #0 [meta_schedule.DisallowDynamicLoop(0x10355778)]: 0 failure(s)
Postproc #1 [meta_schedule.RewriteCooperativeFetch(0x1037dc28)]: 0 failure(s)
Postproc #2 [meta_schedule.RewriteUnboundBlock(0x1023d0f8)]: 0 failure(s)
Postproc #3 [meta_schedule.RewriteParallelVectorizeUnroll(0x10146428)]: 0 failure(s)
Postproc #4 [meta_schedule.RewriteReductionBlock(0xffcfb08)]: 0 failure(s)
Postproc #5 [meta_schedule.VerifyGPUCode(0x10241ed8)]: 284 failure(s)
Postproc #6 [meta_schedule.RewriteTensorize(0x1003a7e8)]: 0 failure(s)
2025-10-11 01:53:32 [INFO] [evolutionary_search.cc:723] Sampled 126 candidate(s)
2025-10-11 01:53:39 [INFO] [evolutionary_search.cc:621] Evolve iter #0 done. Summary:
Postproc #0 [meta_schedule.DisallowDynamicLoop(0x10355778)]: 0 failure(s)
Postproc #1 [meta_schedule.RewriteCooperativeFetch(0x1037dc28)]: 0 failure(s)
Postproc #2 [meta_schedule.RewriteUnboundBlock(0x1023d0f8)]: 0 failure(s)
Postproc #3 [meta_schedule.RewriteParallelVectorizeUnroll(0x10146428)]: 0 failure(s)
Postproc #4 [meta_schedule.RewriteReductionBlock(0xffcfb08)]: 0 failure(s)
Postproc #5 [meta_schedule.VerifyGPUCode(0x10241ed8)]: 74 failure(s)
Postproc #6 [meta_schedule.RewriteTensorize(0x1003a7e8)]: 0 failure(s)
2025-10-11 01:53:48 [INFO] [evolutionary_search.cc:621] Evolve iter #1 done. Summary:
Postproc #0 [meta_schedule.DisallowDynamicLoop(0x10355778)]: 0 failure(s)
Postproc #1 [meta_schedule.RewriteCooperativeFetch(0x1037dc28)]: 0 failure(s)
Postproc #2 [meta_schedule.RewriteUnboundBlock(0x1023d0f8)]: 0 failure(s)
Postproc #3 [meta_schedule.RewriteParallelVectorizeUnroll(0x10146428)]: 0 failure(s)
Postproc #4 [meta_schedule.RewriteReductionBlock(0xffcfb08)]: 0 failure(s)
Postproc #5 [meta_schedule.VerifyGPUCode(0x10241ed8)]: 72 failure(s)
Postproc #6 [meta_schedule.RewriteTensorize(0x1003a7e8)]: 0 failure(s)
2025-10-11 01:53:56 [INFO] [evolutionary_search.cc:621] Evolve iter #2 done. Summary:
Postproc #0 [meta_schedule.DisallowDynamicLoop(0x10355778)]: 0 failure(s)
Postproc #1 [meta_schedule.RewriteCooperativeFetch(0x1037dc28)]: 0 failure(s)
Postproc #2 [meta_schedule.RewriteUnboundBlock(0x1023d0f8)]: 0 failure(s)
Postproc #3 [meta_schedule.RewriteParallelVectorizeUnroll(0x10146428)]: 0 failure(s)
Postproc #4 [meta_schedule.RewriteReductionBlock(0xffcfb08)]: 0 failure(s)
Postproc #5 [meta_schedule.VerifyGPUCode(0x10241ed8)]: 55 failure(s)
Postproc #6 [meta_schedule.RewriteTensorize(0x1003a7e8)]: 0 failure(s)
2025-10-11 01:54:04 [INFO] [evolutionary_search.cc:621] Evolve iter #3 done. Summary:
Postproc #0 [meta_schedule.DisallowDynamicLoop(0x10355778)]: 0 failure(s)
Postproc #1 [meta_schedule.RewriteCooperativeFetch(0x1037dc28)]: 0 failure(s)
Postproc #2 [meta_schedule.RewriteUnboundBlock(0x1023d0f8)]: 0 failure(s)
Postproc #3 [meta_schedule.RewriteParallelVectorizeUnroll(0x10146428)]: 0 failure(s)
Postproc #4 [meta_schedule.RewriteReductionBlock(0xffcfb08)]: 0 failure(s)
Postproc #5 [meta_schedule.VerifyGPUCode(0x10241ed8)]: 65 failure(s)
Postproc #6 [meta_schedule.RewriteTensorize(0x1003a7e8)]: 0 failure(s)
2025-10-11 01:54:06 [INFO] [evolutionary_search.cc:649] Scores of the best 64 candidates:
[1 : 16]:	0.9510  0.9301  0.9282  0.9277  0.9202  0.9165  0.9165  0.9034  0.9012  0.9006  0.8999  0.8998  0.8985  0.8980  0.8965  0.8960
[17 : 32]:	0.8941  0.8927  0.8911  0.8835  0.8819  0.8819  0.8816  0.8806  0.8805  0.8804  0.8794  0.8790  0.8787  0.8787  0.8764  0.8764
[33 : 48]:	0.8756  0.8754  0.8752  0.8746  0.8726  0.8721  0.8682  0.8680  0.8680  0.8670  0.8645  0.8637  0.8631  0.8628  0.8617  0.8606
[49 : 64]:	0.8604  0.8602  0.8602  0.8600  0.8598  0.8598  0.8597  0.8597  0.8594  0.8589  0.8588  0.8586  0.8578  0.8575  0.8572  0.8572
2025-10-11 01:54:06 [INFO] [evolutionary_search.cc:727] Got 64 candidate(s) with evolutionary search
2025-10-11 01:54:06 [INFO] [evolutionary_search.cc:730] Sending 64 candidates(s) for measurement
2025-10-11 01:54:36 [INFO] [task_scheduler.cc:131] [Task #0: main] Trial #385: GFLOPs: 3222.6701. Time: 3.9858 us. Best GFLOPs: 3730.4208
2025-10-11 01:54:36 [INFO] [task_scheduler.cc:131] [Task #0: main] Trial #386: GFLOPs: 3263.0044. Time: 3.9366 us. Best GFLOPs: 3730.4208
2025-10-11 01:54:36 [INFO] [task_scheduler.cc:131] [Task #0: main] Trial #387: GFLOPs: 3441.6054. Time: 3.7323 us. Best GFLOPs: 3730.4208
2025-10-11 01:54:36 [INFO] [task_scheduler.cc:131] [Task #0: main] Trial #388: GFLOPs: 3580.2833. Time: 3.5877 us. Best GFLOPs: 3730.4208
2025-10-11 01:54:36 [INFO] [task_scheduler.cc:131] [Task #0: main] Trial #389: GFLOPs: 3437.4744. Time: 3.7368 us. Best GFLOPs: 3730.4208
2025-10-11 01:54:36 [INFO] [task_scheduler.cc:131] [Task #0: main] Trial #390: GFLOPs: 3330.3248. Time: 3.8570 us. Best GFLOPs: 3730.4208
2025-10-11 01:54:36 [INFO] [task_scheduler.cc:131] [Task #0: main] Trial #391: GFLOPs: 3255.4920. Time: 3.9457 us. Best GFLOPs: 3730.4208
2025-10-11 01:54:36 [INFO] [task_scheduler.cc:131] [Task #0: main] Trial #392: GFLOPs: 3169.1558. Time: 4.0531 us. Best GFLOPs: 3730.4208
2025-10-11 01:54:36 [INFO] [task_scheduler.cc:131] [Task #0: main] Trial #393: GFLOPs: 3467.7839. Time: 3.7041 us. Best GFLOPs: 3730.4208
2025-10-11 01:54:36 [INFO] [task_scheduler.cc:131] [Task #0: main] Trial #394: GFLOPs: 3237.8587. Time: 3.9671 us. Best GFLOPs: 3730.4208
2025-10-11 01:54:36 [INFO] [task_scheduler.cc:131] [Task #0: main] Trial #395: GFLOPs: 3635.5805. Time: 3.5332 us. Best GFLOPs: 3730.4208
2025-10-11 01:54:36 [INFO] [task_scheduler.cc:131] [Task #0: main] Trial #396: GFLOPs: 3439.3888. Time: 3.7347 us. Best GFLOPs: 3730.4208
2025-10-11 01:54:36 [INFO] [task_scheduler.cc:131] [Task #0: main] Trial #397: GFLOPs: 3299.7971. Time: 3.8927 us. Best GFLOPs: 3730.4208
2025-10-11 01:54:36 [INFO] [task_scheduler.cc:131] [Task #0: main] Trial #398: GFLOPs: 3457.8043. Time: 3.7148 us. Best GFLOPs: 3730.4208
2025-10-11 01:54:36 [INFO] [task_scheduler.cc:131] [Task #0: main] Trial #399: GFLOPs: 3258.0575. Time: 3.9426 us. Best GFLOPs: 3730.4208
2025-10-11 01:54:36 [INFO] [task_scheduler.cc:131] [Task #0: main] Trial #400: GFLOPs: 3355.4478. Time: 3.8281 us. Best GFLOPs: 3730.4208
2025-10-11 01:54:36 [INFO] [task_scheduler.cc:131] [Task #0: main] Trial #401: GFLOPs: 3500.6071. Time: 3.6694 us. Best GFLOPs: 3730.4208
2025-10-11 01:54:36 [INFO] [task_scheduler.cc:131] [Task #0: main] Trial #402: GFLOPs: 3200.8754. Time: 4.0130 us. Best GFLOPs: 3730.4208
2025-10-11 01:54:36 [INFO] [task_scheduler.cc:131] [Task #0: main] Trial #403: GFLOPs: 3163.2916. Time: 4.0607 us. Best GFLOPs: 3730.4208
2025-10-11 01:54:36 [INFO] [task_scheduler.cc:131] [Task #0: main] Trial #404: GFLOPs: 3444.1860. Time: 3.7295 us. Best GFLOPs: 3730.4208
2025-10-11 01:54:36 [INFO] [task_scheduler.cc:131] [Task #0: main] Trial #405: GFLOPs: 3270.8497. Time: 3.9271 us. Best GFLOPs: 3730.4208
2025-10-11 01:54:36 [INFO] [task_scheduler.cc:131] [Task #0: main] Trial #406: GFLOPs: 3258.7411. Time: 3.9417 us. Best GFLOPs: 3730.4208
2025-10-11 01:54:36 [INFO] [task_scheduler.cc:131] [Task #0: main] Trial #407: GFLOPs: 3445.8707. Time: 3.7277 us. Best GFLOPs: 3730.4208
2025-10-11 01:54:36 [INFO] [task_scheduler.cc:131] [Task #0: main] Trial #408: GFLOPs: 3331.6124. Time: 3.8555 us. Best GFLOPs: 3730.4208
2025-10-11 01:54:36 [INFO] [task_scheduler.cc:131] [Task #0: main] Trial #409: GFLOPs: 3290.1331. Time: 3.9041 us. Best GFLOPs: 3730.4208
2025-10-11 01:54:36 [INFO] [task_scheduler.cc:131] [Task #0: main] Trial #410: GFLOPs: 3349.1461. Time: 3.8353 us. Best GFLOPs: 3730.4208
2025-10-11 01:54:36 [INFO] [task_scheduler.cc:131] [Task #0: main] Trial #411: GFLOPs: 3493.0629. Time: 3.6773 us. Best GFLOPs: 3730.4208
2025-10-11 01:54:36 [INFO] [task_scheduler.cc:131] [Task #0: main] Trial #412: GFLOPs: 3160.8836. Time: 4.0638 us. Best GFLOPs: 3730.4208
2025-10-11 01:54:36 [INFO] [task_scheduler.cc:131] [Task #0: main] Trial #413: GFLOPs: 2919.7838. Time: 4.3993 us. Best GFLOPs: 3730.4208
2025-10-11 01:54:36 [INFO] [task_scheduler.cc:131] [Task #0: main] Trial #414: GFLOPs: 2926.9204. Time: 4.3886 us. Best GFLOPs: 3730.4208
2025-10-11 01:54:36 [INFO] [task_scheduler.cc:131] [Task #0: main] Trial #415: GFLOPs: 3232.9284. Time: 3.9732 us. Best GFLOPs: 3730.4208
2025-10-11 01:54:36 [INFO] [task_scheduler.cc:131] [Task #0: main] Trial #416: GFLOPs: 3350.8763. Time: 3.8333 us. Best GFLOPs: 3730.4208
2025-10-11 01:54:36 [INFO] [task_scheduler.cc:131] [Task #0: main] Trial #417: GFLOPs: 3174.2680. Time: 4.0466 us. Best GFLOPs: 3730.4208
2025-10-11 01:54:36 [INFO] [task_scheduler.cc:131] [Task #0: main] Trial #418: GFLOPs: 3219.4694. Time: 3.9898 us. Best GFLOPs: 3730.4208
2025-10-11 01:54:36 [INFO] [task_scheduler.cc:131] [Task #0: main] Trial #419: GFLOPs: 3171.1283. Time: 4.0506 us. Best GFLOPs: 3730.4208
2025-10-11 01:54:36 [INFO] [task_scheduler.cc:131] [Task #0: main] Trial #420: GFLOPs: 3178.4537. Time: 4.0413 us. Best GFLOPs: 3730.4208
2025-10-11 01:54:36 [INFO] [task_scheduler.cc:131] [Task #0: main] Trial #421: GFLOPs: 3251.3993. Time: 3.9506 us. Best GFLOPs: 3730.4208
2025-10-11 01:54:36 [INFO] [task_scheduler.cc:131] [Task #0: main] Trial #422: GFLOPs: 3423.3075. Time: 3.7522 us. Best GFLOPs: 3730.4208
2025-10-11 01:54:36 [INFO] [task_scheduler.cc:131] [Task #0: main] Trial #423: GFLOPs: 3168.2208. Time: 4.0543 us. Best GFLOPs: 3730.4208
2025-10-11 01:54:36 [INFO] [task_scheduler.cc:131] [Task #0: main] Trial #424: GFLOPs: 3064.7011. Time: 4.1913 us. Best GFLOPs: 3730.4208
2025-10-11 01:54:36 [INFO] [task_scheduler.cc:131] [Task #0: main] Trial #425: GFLOPs: 3140.7538. Time: 4.0898 us. Best GFLOPs: 3730.4208
2025-10-11 01:54:36 [INFO] [task_scheduler.cc:131] [Task #0: main] Trial #426: GFLOPs: 3164.2083. Time: 4.0595 us. Best GFLOPs: 3730.4208
2025-10-11 01:54:36 [INFO] [task_scheduler.cc:131] [Task #0: main] Trial #427: GFLOPs: 3351.1148. Time: 3.8331 us. Best GFLOPs: 3730.4208
2025-10-11 01:54:36 [INFO] [task_scheduler.cc:131] [Task #0: main] Trial #428: GFLOPs: 3198.6805. Time: 4.0157 us. Best GFLOPs: 3730.4208
2025-10-11 01:54:36 [INFO] [task_scheduler.cc:131] [Task #0: main] Trial #429: GFLOPs: 3013.9266. Time: 4.2619 us. Best GFLOPs: 3730.4208
2025-10-11 01:54:36 [INFO] [task_scheduler.cc:131] [Task #0: main] Trial #430: GFLOPs: 3063.3372. Time: 4.1932 us. Best GFLOPs: 3730.4208
2025-10-11 01:54:36 [INFO] [task_scheduler.cc:131] [Task #0: main] Trial #431: GFLOPs: 3337.2077. Time: 3.8490 us. Best GFLOPs: 3730.4208
2025-10-11 01:54:36 [INFO] [task_scheduler.cc:131] [Task #0: main] Trial #432: GFLOPs: 3197.8028. Time: 4.0168 us. Best GFLOPs: 3730.4208
2025-10-11 01:54:36 [INFO] [task_scheduler.cc:131] [Task #0: main] Trial #433: GFLOPs: 3231.0175. Time: 3.9755 us. Best GFLOPs: 3730.4208
2025-10-11 01:54:36 [INFO] [task_scheduler.cc:131] [Task #0: main] Trial #434: GFLOPs: 3216.9313. Time: 3.9930 us. Best GFLOPs: 3730.4208
2025-10-11 01:54:36 [INFO] [task_scheduler.cc:131] [Task #0: main] Trial #435: GFLOPs: 3034.6328. Time: 4.2328 us. Best GFLOPs: 3730.4208
2025-10-11 01:54:36 [INFO] [task_scheduler.cc:131] [Task #0: main] Trial #436: GFLOPs: 3492.9553. Time: 3.6774 us. Best GFLOPs: 3730.4208
2025-10-11 01:54:36 [INFO] [task_scheduler.cc:131] [Task #0: main] Trial #437: GFLOPs: 3216.0684. Time: 3.9940 us. Best GFLOPs: 3730.4208
2025-10-11 01:54:36 [INFO] [task_scheduler.cc:131] [Task #0: main] Trial #438: GFLOPs: 3183.3974. Time: 4.0350 us. Best GFLOPs: 3730.4208
2025-10-11 01:54:36 [INFO] [task_scheduler.cc:131] [Task #0: main] Trial #439: GFLOPs: 3783.5286. Time: 3.3950 us. Best GFLOPs: 3783.5286
2025-10-11 01:54:36 [INFO] [task_scheduler.cc:131] [Task #0: main] Trial #440: GFLOPs: 3420.9237. Time: 3.7549 us. Best GFLOPs: 3783.5286
2025-10-11 01:54:36 [INFO] [task_scheduler.cc:131] [Task #0: main] Trial #441: GFLOPs: 3274.1544. Time: 3.9232 us. Best GFLOPs: 3783.5286
2025-10-11 01:54:36 [INFO] [task_scheduler.cc:131] [Task #0: main] Trial #442: GFLOPs: 3182.1686. Time: 4.0366 us. Best GFLOPs: 3783.5286
2025-10-11 01:54:36 [INFO] [task_scheduler.cc:131] [Task #0: main] Trial #443: GFLOPs: 3341.4976. Time: 3.8441 us. Best GFLOPs: 3783.5286
2025-10-11 01:54:36 [INFO] [task_scheduler.cc:131] [Task #0: main] Trial #444: GFLOPs: 3230.4569. Time: 3.9762 us. Best GFLOPs: 3783.5286
2025-10-11 01:54:36 [INFO] [task_scheduler.cc:131] [Task #0: main] Trial #445: GFLOPs: 3204.4702. Time: 4.0085 us. Best GFLOPs: 3783.5286
2025-10-11 01:54:36 [INFO] [task_scheduler.cc:131] [Task #0: main] Trial #446: GFLOPs: 456.8410. Time: 28.1171 us. Best GFLOPs: 3783.5286
2025-10-11 01:54:36 [INFO] [task_scheduler.cc:131] [Task #0: main] Trial #447: GFLOPs: 1332.4445. Time: 9.6402 us. Best GFLOPs: 3783.5286
2025-10-11 01:54:36 [INFO] [task_scheduler.cc:131] [Task #0: main] Trial #448: GFLOPs: 579.1381. Time: 22.1796 us. Best GFLOPs: 3783.5286
2025-10-11 01:54:36 [INFO] [evolutionary_search.cc:713] Generating candidates......
2025-10-11 01:54:37 [INFO] [evolutionary_search.cc:715] Picked top 102 candidate(s) from database
2025-10-11 01:54:42 [INFO] [evolutionary_search.cc:533] Sample-Init-Population summary:
Postproc #0 [meta_schedule.DisallowDynamicLoop(0x10355778)]: 0 failure(s)
Postproc #1 [meta_schedule.RewriteCooperativeFetch(0x1037dc28)]: 0 failure(s)
Postproc #2 [meta_schedule.RewriteUnboundBlock(0x1023d0f8)]: 0 failure(s)
Postproc #3 [meta_schedule.RewriteParallelVectorizeUnroll(0x10146428)]: 0 failure(s)
Postproc #4 [meta_schedule.RewriteReductionBlock(0xffcfb08)]: 0 failure(s)
Postproc #5 [meta_schedule.VerifyGPUCode(0x10241ed8)]: 264 failure(s)
Postproc #6 [meta_schedule.RewriteTensorize(0x1003a7e8)]: 0 failure(s)
2025-10-11 01:54:42 [INFO] [evolutionary_search.cc:723] Sampled 146 candidate(s)
2025-10-11 01:54:49 [INFO] [evolutionary_search.cc:621] Evolve iter #0 done. Summary:
Postproc #0 [meta_schedule.DisallowDynamicLoop(0x10355778)]: 0 failure(s)
Postproc #1 [meta_schedule.RewriteCooperativeFetch(0x1037dc28)]: 0 failure(s)
Postproc #2 [meta_schedule.RewriteUnboundBlock(0x1023d0f8)]: 0 failure(s)
Postproc #3 [meta_schedule.RewriteParallelVectorizeUnroll(0x10146428)]: 0 failure(s)
Postproc #4 [meta_schedule.RewriteReductionBlock(0xffcfb08)]: 0 failure(s)
Postproc #5 [meta_schedule.VerifyGPUCode(0x10241ed8)]: 64 failure(s)
Postproc #6 [meta_schedule.RewriteTensorize(0x1003a7e8)]: 0 failure(s)
2025-10-11 01:54:57 [INFO] [evolutionary_search.cc:621] Evolve iter #1 done. Summary:
Postproc #0 [meta_schedule.DisallowDynamicLoop(0x10355778)]: 0 failure(s)
Postproc #1 [meta_schedule.RewriteCooperativeFetch(0x1037dc28)]: 0 failure(s)
Postproc #2 [meta_schedule.RewriteUnboundBlock(0x1023d0f8)]: 0 failure(s)
Postproc #3 [meta_schedule.RewriteParallelVectorizeUnroll(0x10146428)]: 0 failure(s)
Postproc #4 [meta_schedule.RewriteReductionBlock(0xffcfb08)]: 0 failure(s)
Postproc #5 [meta_schedule.VerifyGPUCode(0x10241ed8)]: 80 failure(s)
Postproc #6 [meta_schedule.RewriteTensorize(0x1003a7e8)]: 0 failure(s)
2025-10-11 01:55:05 [INFO] [evolutionary_search.cc:621] Evolve iter #2 done. Summary:
Postproc #0 [meta_schedule.DisallowDynamicLoop(0x10355778)]: 0 failure(s)
Postproc #1 [meta_schedule.RewriteCooperativeFetch(0x1037dc28)]: 0 failure(s)
Postproc #2 [meta_schedule.RewriteUnboundBlock(0x1023d0f8)]: 0 failure(s)
Postproc #3 [meta_schedule.RewriteParallelVectorizeUnroll(0x10146428)]: 0 failure(s)
Postproc #4 [meta_schedule.RewriteReductionBlock(0xffcfb08)]: 0 failure(s)
Postproc #5 [meta_schedule.VerifyGPUCode(0x10241ed8)]: 63 failure(s)
Postproc #6 [meta_schedule.RewriteTensorize(0x1003a7e8)]: 0 failure(s)
2025-10-11 01:55:13 [INFO] [evolutionary_search.cc:621] Evolve iter #3 done. Summary:
Postproc #0 [meta_schedule.DisallowDynamicLoop(0x10355778)]: 0 failure(s)
Postproc #1 [meta_schedule.RewriteCooperativeFetch(0x1037dc28)]: 0 failure(s)
Postproc #2 [meta_schedule.RewriteUnboundBlock(0x1023d0f8)]: 0 failure(s)
Postproc #3 [meta_schedule.RewriteParallelVectorizeUnroll(0x10146428)]: 0 failure(s)
Postproc #4 [meta_schedule.RewriteReductionBlock(0xffcfb08)]: 0 failure(s)
Postproc #5 [meta_schedule.VerifyGPUCode(0x10241ed8)]: 50 failure(s)
Postproc #6 [meta_schedule.RewriteTensorize(0x1003a7e8)]: 0 failure(s)
2025-10-11 01:55:15 [INFO] [evolutionary_search.cc:649] Scores of the best 64 candidates:
[1 : 16]:	0.9233  0.9233  0.9220  0.9108  0.9007  0.8975  0.8968  0.8967  0.8964  0.8915  0.8898  0.8874  0.8874  0.8851  0.8840  0.8807
[17 : 32]:	0.8785  0.8756  0.8746  0.8738  0.8726  0.8707  0.8706  0.8690  0.8687  0.8684  0.8681  0.8669  0.8658  0.8652  0.8642  0.8628
[33 : 48]:	0.8628  0.8580  0.8579  0.8568  0.8568  0.8563  0.8540  0.8533  0.8528  0.8527  0.8527  0.8519  0.8518  0.8518  0.8506  0.8495
[49 : 64]:	0.8488  0.8486  0.8486  0.8478  0.8476  0.8468  0.8468  0.8467  0.8467  0.8467  0.8462  0.8459  0.8455  0.8455  0.8450  0.8450
2025-10-11 01:55:16 [INFO] [evolutionary_search.cc:727] Got 64 candidate(s) with evolutionary search
2025-10-11 01:55:16 [INFO] [evolutionary_search.cc:730] Sending 64 candidates(s) for measurement
2025-10-11 01:55:43 [INFO] [task_scheduler.cc:131] [Task #0: main] Trial #449: GFLOPs: 3401.6470. Time: 3.7761 us. Best GFLOPs: 3783.5286
2025-10-11 01:55:43 [INFO] [task_scheduler.cc:131] [Task #0: main] Trial #450: GFLOPs: 3427.1492. Time: 3.7480 us. Best GFLOPs: 3783.5286
2025-10-11 01:55:43 [INFO] [task_scheduler.cc:131] [Task #0: main] Trial #451: GFLOPs: 3536.2086. Time: 3.6324 us. Best GFLOPs: 3783.5286
2025-10-11 01:55:43 [INFO] [task_scheduler.cc:131] [Task #0: main] Trial #452: GFLOPs: 3463.2303. Time: 3.7090 us. Best GFLOPs: 3783.5286
2025-10-11 01:55:43 [INFO] [task_scheduler.cc:131] [Task #0: main] Trial #453: GFLOPs: 3677.2229. Time: 3.4931 us. Best GFLOPs: 3783.5286
2025-10-11 01:55:43 [INFO] [task_scheduler.cc:131] [Task #0: main] Trial #454: GFLOPs: 3520.4748. Time: 3.6487 us. Best GFLOPs: 3783.5286
2025-10-11 01:55:43 [INFO] [task_scheduler.cc:131] [Task #0: main] Trial #455: GFLOPs: 3434.1355. Time: 3.7404 us. Best GFLOPs: 3783.5286
2025-10-11 01:55:43 [INFO] [task_scheduler.cc:131] [Task #0: main] Trial #456: GFLOPs: 3480.7298. Time: 3.6903 us. Best GFLOPs: 3783.5286
2025-10-11 01:55:43 [INFO] [task_scheduler.cc:131] [Task #0: main] Trial #457: GFLOPs: 3258.1119. Time: 3.9425 us. Best GFLOPs: 3783.5286
2025-10-11 01:55:43 [INFO] [task_scheduler.cc:131] [Task #0: main] Trial #458: GFLOPs: 3431.4223. Time: 3.7434 us. Best GFLOPs: 3783.5286
2025-10-11 01:55:43 [INFO] [task_scheduler.cc:131] [Task #0: main] Trial #459: GFLOPs: 3334.9402. Time: 3.8517 us. Best GFLOPs: 3783.5286
2025-10-11 01:55:43 [INFO] [task_scheduler.cc:131] [Task #0: main] Trial #460: GFLOPs: 3528.7709. Time: 3.6401 us. Best GFLOPs: 3783.5286
2025-10-11 01:55:43 [INFO] [task_scheduler.cc:131] [Task #0: main] Trial #461: GFLOPs: 3422.3403. Time: 3.7533 us. Best GFLOPs: 3783.5286
2025-10-11 01:55:43 [INFO] [task_scheduler.cc:131] [Task #0: main] Trial #462: GFLOPs: 3217.7548. Time: 3.9919 us. Best GFLOPs: 3783.5286
2025-10-11 01:55:43 [INFO] [task_scheduler.cc:131] [Task #0: main] Trial #463: GFLOPs: 3391.0317. Time: 3.7879 us. Best GFLOPs: 3783.5286
2025-10-11 01:55:43 [INFO] [task_scheduler.cc:131] [Task #0: main] Trial #464: GFLOPs: 3331.6483. Time: 3.8555 us. Best GFLOPs: 3783.5286
2025-10-11 01:55:43 [INFO] [task_scheduler.cc:131] [Task #0: main] Trial #465: GFLOPs: 3337.6514. Time: 3.8485 us. Best GFLOPs: 3783.5286
2025-10-11 01:55:43 [INFO] [task_scheduler.cc:131] [Task #0: main] Trial #466: GFLOPs: 3125.5931. Time: 4.1096 us. Best GFLOPs: 3783.5286
2025-10-11 01:55:43 [INFO] [task_scheduler.cc:131] [Task #0: main] Trial #467: GFLOPs: 3259.8070. Time: 3.9404 us. Best GFLOPs: 3783.5286
2025-10-11 01:55:43 [INFO] [task_scheduler.cc:131] [Task #0: main] Trial #468: GFLOPs: 3204.3031. Time: 4.0087 us. Best GFLOPs: 3783.5286
2025-10-11 01:55:43 [INFO] [task_scheduler.cc:131] [Task #0: main] Trial #469: GFLOPs: 3349.3426. Time: 3.8351 us. Best GFLOPs: 3783.5286
2025-10-11 01:55:43 [INFO] [task_scheduler.cc:131] [Task #0: main] Trial #470: GFLOPs: 3394.9014. Time: 3.7836 us. Best GFLOPs: 3783.5286
2025-10-11 01:55:43 [INFO] [task_scheduler.cc:131] [Task #0: main] Trial #471: GFLOPs: 3173.5556. Time: 4.0475 us. Best GFLOPs: 3783.5286
2025-10-11 01:55:43 [INFO] [task_scheduler.cc:131] [Task #0: main] Trial #472: GFLOPs: 2959.2922. Time: 4.3406 us. Best GFLOPs: 3783.5286
2025-10-11 01:55:43 [INFO] [task_scheduler.cc:131] [Task #0: main] Trial #473: GFLOPs: 3208.6031. Time: 4.0033 us. Best GFLOPs: 3783.5286
2025-10-11 01:55:43 [INFO] [task_scheduler.cc:131] [Task #0: main] Trial #474: GFLOPs: 3262.5029. Time: 3.9372 us. Best GFLOPs: 3783.5286
2025-10-11 01:55:43 [INFO] [task_scheduler.cc:131] [Task #0: main] Trial #475: GFLOPs: 3397.0352. Time: 3.7813 us. Best GFLOPs: 3783.5286
2025-10-11 01:55:43 [INFO] [task_scheduler.cc:131] [Task #0: main] Trial #476: GFLOPs: 3409.7467. Time: 3.7672 us. Best GFLOPs: 3783.5286
2025-10-11 01:55:43 [INFO] [task_scheduler.cc:131] [Task #0: main] Trial #477: GFLOPs: 3148.2562. Time: 4.0801 us. Best GFLOPs: 3783.5286
2025-10-11 01:55:43 [INFO] [task_scheduler.cc:131] [Task #0: main] Trial #478: GFLOPs: 3259.1092. Time: 3.9413 us. Best GFLOPs: 3783.5286
2025-10-11 01:55:43 [INFO] [task_scheduler.cc:131] [Task #0: main] Trial #479: GFLOPs: 3365.5510. Time: 3.8166 us. Best GFLOPs: 3783.5286
2025-10-11 01:55:43 [INFO] [task_scheduler.cc:131] [Task #0: main] Trial #480: GFLOPs: 3334.0368. Time: 3.8527 us. Best GFLOPs: 3783.5286
2025-10-11 01:55:43 [INFO] [task_scheduler.cc:131] [Task #0: main] Trial #481: GFLOPs: 3246.7506. Time: 3.9563 us. Best GFLOPs: 3783.5286
2025-10-11 01:55:43 [INFO] [task_scheduler.cc:131] [Task #0: main] Trial #482: GFLOPs: 3356.4078. Time: 3.8270 us. Best GFLOPs: 3783.5286
2025-10-11 01:55:43 [INFO] [task_scheduler.cc:131] [Task #0: main] Trial #483: GFLOPs: 3148.6989. Time: 4.0795 us. Best GFLOPs: 3783.5286
2025-10-11 01:55:43 [INFO] [task_scheduler.cc:131] [Task #0: main] Trial #484: GFLOPs: 3182.0148. Time: 4.0368 us. Best GFLOPs: 3783.5286
2025-10-11 01:55:43 [INFO] [task_scheduler.cc:131] [Task #0: main] Trial #485: GFLOPs: 3084.3524. Time: 4.1646 us. Best GFLOPs: 3783.5286
2025-10-11 01:55:43 [INFO] [task_scheduler.cc:131] [Task #0: main] Trial #486: GFLOPs: 3221.1188. Time: 3.9878 us. Best GFLOPs: 3783.5286
2025-10-11 01:55:43 [INFO] [task_scheduler.cc:131] [Task #0: main] Trial #487: GFLOPs: 3069.4959. Time: 4.1847 us. Best GFLOPs: 3783.5286
2025-10-11 01:55:43 [INFO] [task_scheduler.cc:131] [Task #0: main] Trial #488: GFLOPs: 3286.5415. Time: 3.9084 us. Best GFLOPs: 3783.5286
2025-10-11 01:55:43 [INFO] [task_scheduler.cc:131] [Task #0: main] Trial #489: GFLOPs: 3285.6481. Time: 3.9094 us. Best GFLOPs: 3783.5286
2025-10-11 01:55:43 [INFO] [task_scheduler.cc:131] [Task #0: main] Trial #490: GFLOPs: 3314.8763. Time: 3.8750 us. Best GFLOPs: 3783.5286
2025-10-11 01:55:43 [INFO] [task_scheduler.cc:131] [Task #0: main] Trial #491: GFLOPs: 3010.1512. Time: 4.2672 us. Best GFLOPs: 3783.5286
2025-10-11 01:55:43 [INFO] [task_scheduler.cc:131] [Task #0: main] Trial #492: GFLOPs: 3024.1485. Time: 4.2475 us. Best GFLOPs: 3783.5286
2025-10-11 01:55:43 [INFO] [task_scheduler.cc:131] [Task #0: main] Trial #493: GFLOPs: 3445.3128. Time: 3.7283 us. Best GFLOPs: 3783.5286
2025-10-11 01:55:43 [INFO] [task_scheduler.cc:131] [Task #0: main] Trial #494: GFLOPs: 3319.1043. Time: 3.8700 us. Best GFLOPs: 3783.5286
2025-10-11 01:55:43 [INFO] [task_scheduler.cc:131] [Task #0: main] Trial #495: GFLOPs: 3106.5683. Time: 4.1348 us. Best GFLOPs: 3783.5286
2025-10-11 01:55:43 [INFO] [task_scheduler.cc:131] [Task #0: main] Trial #496: GFLOPs: 3021.3305. Time: 4.2515 us. Best GFLOPs: 3783.5286
2025-10-11 01:55:43 [INFO] [task_scheduler.cc:131] [Task #0: main] Trial #497: GFLOPs: 3533.3411. Time: 3.6354 us. Best GFLOPs: 3783.5286
2025-10-11 01:55:43 [INFO] [task_scheduler.cc:131] [Task #0: main] Trial #498: GFLOPs: 3224.7529. Time: 3.9833 us. Best GFLOPs: 3783.5286
2025-10-11 01:55:43 [INFO] [task_scheduler.cc:131] [Task #0: main] Trial #499: GFLOPs: 3248.1239. Time: 3.9546 us. Best GFLOPs: 3783.5286
2025-10-11 01:55:43 [INFO] [task_scheduler.cc:131] [Task #0: main] Trial #500: GFLOPs: 3904.9288. Time: 3.2894 us. Best GFLOPs: 3904.9288
2025-10-11 01:55:43 [INFO] [task_scheduler.cc:131] [Task #0: main] Trial #501: GFLOPs: 2233.1274. Time: 5.7520 us. Best GFLOPs: 3904.9288
2025-10-11 01:55:43 [INFO] [task_scheduler.cc:131] [Task #0: main] Trial #502: GFLOPs: 3323.3485. Time: 3.8651 us. Best GFLOPs: 3904.9288
2025-10-11 01:55:43 [INFO] [task_scheduler.cc:131] [Task #0: main] Trial #503: GFLOPs: 3093.0104. Time: 4.1529 us. Best GFLOPs: 3904.9288
2025-10-11 01:55:43 [INFO] [task_scheduler.cc:131] [Task #0: main] Trial #504: GFLOPs: 3443.2146. Time: 3.7305 us. Best GFLOPs: 3904.9288
2025-10-11 01:55:43 [INFO] [task_scheduler.cc:131] [Task #0: main] Trial #505: GFLOPs: 3427.9475. Time: 3.7472 us. Best GFLOPs: 3904.9288
2025-10-11 01:55:43 [INFO] [task_scheduler.cc:131] [Task #0: main] Trial #506: GFLOPs: 3615.1794. Time: 3.5531 us. Best GFLOPs: 3904.9288
2025-10-11 01:55:43 [INFO] [task_scheduler.cc:131] [Task #0: main] Trial #507: GFLOPs: 3322.7417. Time: 3.8658 us. Best GFLOPs: 3904.9288
2025-10-11 01:55:43 [INFO] [task_scheduler.cc:131] [Task #0: main] Trial #508: GFLOPs: 3234.4434. Time: 3.9713 us. Best GFLOPs: 3904.9288
2025-10-11 01:55:43 [INFO] [task_scheduler.cc:131] [Task #0: main] Trial #509: GFLOPs: 2981.8793. Time: 4.3077 us. Best GFLOPs: 3904.9288
2025-10-11 01:55:43 [INFO] [task_scheduler.cc:131] [Task #0: main] Trial #510: GFLOPs: 1168.1601. Time: 10.9960 us. Best GFLOPs: 3904.9288
2025-10-11 01:55:43 [INFO] [task_scheduler.cc:131] [Task #0: main] Trial #511: GFLOPs: 2519.5605. Time: 5.0981 us. Best GFLOPs: 3904.9288
2025-10-11 01:55:43 [INFO] [task_scheduler.cc:131] [Task #0: main] Trial #512: GFLOPs: 1510.3408. Time: 8.5047 us. Best GFLOPs: 3904.9288
2025-10-11 01:55:43 [INFO] [evolutionary_search.cc:713] Generating candidates......
2025-10-11 01:55:44 [INFO] [evolutionary_search.cc:715] Picked top 102 candidate(s) from database
2025-10-11 01:55:49 [INFO] [evolutionary_search.cc:533] Sample-Init-Population summary:
Postproc #0 [meta_schedule.DisallowDynamicLoop(0x10355778)]: 0 failure(s)
Postproc #1 [meta_schedule.RewriteCooperativeFetch(0x1037dc28)]: 0 failure(s)
Postproc #2 [meta_schedule.RewriteUnboundBlock(0x1023d0f8)]: 0 failure(s)
Postproc #3 [meta_schedule.RewriteParallelVectorizeUnroll(0x10146428)]: 0 failure(s)
Postproc #4 [meta_schedule.RewriteReductionBlock(0xffcfb08)]: 0 failure(s)
Postproc #5 [meta_schedule.VerifyGPUCode(0x10241ed8)]: 272 failure(s)
Postproc #6 [meta_schedule.RewriteTensorize(0x1003a7e8)]: 0 failure(s)
2025-10-11 01:55:49 [INFO] [evolutionary_search.cc:723] Sampled 138 candidate(s)
2025-10-11 01:55:56 [INFO] [evolutionary_search.cc:621] Evolve iter #0 done. Summary:
Postproc #0 [meta_schedule.DisallowDynamicLoop(0x10355778)]: 0 failure(s)
Postproc #1 [meta_schedule.RewriteCooperativeFetch(0x1037dc28)]: 0 failure(s)
Postproc #2 [meta_schedule.RewriteUnboundBlock(0x1023d0f8)]: 0 failure(s)
Postproc #3 [meta_schedule.RewriteParallelVectorizeUnroll(0x10146428)]: 0 failure(s)
Postproc #4 [meta_schedule.RewriteReductionBlock(0xffcfb08)]: 0 failure(s)
Postproc #5 [meta_schedule.VerifyGPUCode(0x10241ed8)]: 74 failure(s)
Postproc #6 [meta_schedule.RewriteTensorize(0x1003a7e8)]: 0 failure(s)
2025-10-11 01:56:04 [INFO] [evolutionary_search.cc:621] Evolve iter #1 done. Summary:
Postproc #0 [meta_schedule.DisallowDynamicLoop(0x10355778)]: 0 failure(s)
Postproc #1 [meta_schedule.RewriteCooperativeFetch(0x1037dc28)]: 0 failure(s)
Postproc #2 [meta_schedule.RewriteUnboundBlock(0x1023d0f8)]: 0 failure(s)
Postproc #3 [meta_schedule.RewriteParallelVectorizeUnroll(0x10146428)]: 0 failure(s)
Postproc #4 [meta_schedule.RewriteReductionBlock(0xffcfb08)]: 0 failure(s)
Postproc #5 [meta_schedule.VerifyGPUCode(0x10241ed8)]: 64 failure(s)
Postproc #6 [meta_schedule.RewriteTensorize(0x1003a7e8)]: 0 failure(s)
2025-10-11 01:56:13 [INFO] [evolutionary_search.cc:621] Evolve iter #2 done. Summary:
Postproc #0 [meta_schedule.DisallowDynamicLoop(0x10355778)]: 0 failure(s)
Postproc #1 [meta_schedule.RewriteCooperativeFetch(0x1037dc28)]: 0 failure(s)
Postproc #2 [meta_schedule.RewriteUnboundBlock(0x1023d0f8)]: 0 failure(s)
Postproc #3 [meta_schedule.RewriteParallelVectorizeUnroll(0x10146428)]: 0 failure(s)
Postproc #4 [meta_schedule.RewriteReductionBlock(0xffcfb08)]: 0 failure(s)
Postproc #5 [meta_schedule.VerifyGPUCode(0x10241ed8)]: 68 failure(s)
Postproc #6 [meta_schedule.RewriteTensorize(0x1003a7e8)]: 0 failure(s)
2025-10-11 01:56:21 [INFO] [evolutionary_search.cc:621] Evolve iter #3 done. Summary:
Postproc #0 [meta_schedule.DisallowDynamicLoop(0x10355778)]: 0 failure(s)
Postproc #1 [meta_schedule.RewriteCooperativeFetch(0x1037dc28)]: 0 failure(s)
Postproc #2 [meta_schedule.RewriteUnboundBlock(0x1023d0f8)]: 0 failure(s)
Postproc #3 [meta_schedule.RewriteParallelVectorizeUnroll(0x10146428)]: 0 failure(s)
Postproc #4 [meta_schedule.RewriteReductionBlock(0xffcfb08)]: 0 failure(s)
Postproc #5 [meta_schedule.VerifyGPUCode(0x10241ed8)]: 55 failure(s)
Postproc #6 [meta_schedule.RewriteTensorize(0x1003a7e8)]: 0 failure(s)
2025-10-11 01:56:23 [INFO] [evolutionary_search.cc:649] Scores of the best 64 candidates:
[1 : 16]:	0.9534  0.9231  0.9231  0.9162  0.9162  0.9036  0.9011  0.9003  0.8982  0.8980  0.8979  0.8979  0.8978  0.8860  0.8834  0.8777
[17 : 32]:	0.8777  0.8761  0.8759  0.8698  0.8698  0.8690  0.8683  0.8641  0.8639  0.8637  0.8629  0.8592  0.8586  0.8582  0.8576  0.8553
[33 : 48]:	0.8544  0.8539  0.8530  0.8527  0.8517  0.8517  0.8514  0.8509  0.8509  0.8508  0.8486  0.8471  0.8451  0.8449  0.8436  0.8432
[49 : 64]:	0.8404  0.8394  0.8390  0.8389  0.8385  0.8384  0.8383  0.8376  0.8371  0.8371  0.8366  0.8358  0.8351  0.8351  0.8347  0.8344
2025-10-11 01:56:23 [INFO] [evolutionary_search.cc:727] Got 64 candidate(s) with evolutionary search
2025-10-11 01:56:23 [INFO] [evolutionary_search.cc:730] Sending 64 candidates(s) for measurement
2025-10-11 01:56:52 [INFO] [task_scheduler.cc:131] [Task #0: main] Trial #513: GFLOPs: 3374.2418. Time: 3.8068 us. Best GFLOPs: 3904.9288
2025-10-11 01:56:52 [INFO] [task_scheduler.cc:131] [Task #0: main] Trial #514: GFLOPs: 3361.6307. Time: 3.8211 us. Best GFLOPs: 3904.9288
2025-10-11 01:56:52 [INFO] [task_scheduler.cc:131] [Task #0: main] Trial #515: GFLOPs: 3338.9623. Time: 3.8470 us. Best GFLOPs: 3904.9288
2025-10-11 01:56:52 [INFO] [task_scheduler.cc:131] [Task #0: main] Trial #516: GFLOPs: 3447.8170. Time: 3.7256 us. Best GFLOPs: 3904.9288
2025-10-11 01:56:52 [INFO] [task_scheduler.cc:131] [Task #0: main] Trial #517: GFLOPs: 3373.6673. Time: 3.8074 us. Best GFLOPs: 3904.9288
2025-10-11 01:56:52 [INFO] [task_scheduler.cc:131] [Task #0: main] Trial #518: GFLOPs: 3195.3623. Time: 4.0199 us. Best GFLOPs: 3904.9288
2025-10-11 01:56:52 [INFO] [task_scheduler.cc:131] [Task #0: main] Trial #519: GFLOPs: 3187.8879. Time: 4.0293 us. Best GFLOPs: 3904.9288
2025-10-11 01:56:52 [INFO] [task_scheduler.cc:131] [Task #0: main] Trial #520: GFLOPs: 3356.6168. Time: 3.8268 us. Best GFLOPs: 3904.9288
2025-10-11 01:56:52 [INFO] [task_scheduler.cc:131] [Task #0: main] Trial #521: GFLOPs: 3309.2404. Time: 3.8816 us. Best GFLOPs: 3904.9288
2025-10-11 01:56:52 [INFO] [task_scheduler.cc:131] [Task #0: main] Trial #522: GFLOPs: 3676.7243. Time: 3.4936 us. Best GFLOPs: 3904.9288
2025-10-11 01:56:52 [INFO] [task_scheduler.cc:131] [Task #0: main] Trial #523: GFLOPs: 2980.2512. Time: 4.3101 us. Best GFLOPs: 3904.9288
2025-10-11 01:56:52 [INFO] [task_scheduler.cc:131] [Task #0: main] Trial #524: GFLOPs: 3021.7836. Time: 4.2508 us. Best GFLOPs: 3904.9288
2025-10-11 01:56:52 [INFO] [task_scheduler.cc:131] [Task #0: main] Trial #525: GFLOPs: 3161.0683. Time: 4.0635 us. Best GFLOPs: 3904.9288
2025-10-11 01:56:52 [INFO] [task_scheduler.cc:131] [Task #0: main] Trial #526: GFLOPs: 3103.2275. Time: 4.1393 us. Best GFLOPs: 3904.9288
2025-10-11 01:56:52 [INFO] [task_scheduler.cc:131] [Task #0: main] Trial #527: GFLOPs: 3395.6684. Time: 3.7828 us. Best GFLOPs: 3904.9288
2025-10-11 01:56:52 [INFO] [task_scheduler.cc:131] [Task #0: main] Trial #528: GFLOPs: 3510.6136. Time: 3.6589 us. Best GFLOPs: 3904.9288
2025-10-11 01:56:52 [INFO] [task_scheduler.cc:131] [Task #0: main] Trial #529: GFLOPs: 3301.6206. Time: 3.8905 us. Best GFLOPs: 3904.9288
2025-10-11 01:56:52 [INFO] [task_scheduler.cc:131] [Task #0: main] Trial #530: GFLOPs: 2904.3602. Time: 4.4227 us. Best GFLOPs: 3904.9288
2025-10-11 01:56:52 [INFO] [task_scheduler.cc:131] [Task #0: main] Trial #531: GFLOPs: 3226.7743. Time: 3.9808 us. Best GFLOPs: 3904.9288
2025-10-11 01:56:52 [INFO] [task_scheduler.cc:131] [Task #0: main] Trial #532: GFLOPs: 3585.6375. Time: 3.5824 us. Best GFLOPs: 3904.9288
2025-10-11 01:56:52 [INFO] [task_scheduler.cc:131] [Task #0: main] Trial #533: GFLOPs: 3652.6457. Time: 3.5166 us. Best GFLOPs: 3904.9288
2025-10-11 01:56:52 [INFO] [task_scheduler.cc:131] [Task #0: main] Trial #534: GFLOPs: 3190.9201. Time: 4.0255 us. Best GFLOPs: 3904.9288
2025-10-11 01:56:52 [INFO] [task_scheduler.cc:131] [Task #0: main] Trial #535: GFLOPs: 3126.5664. Time: 4.1084 us. Best GFLOPs: 3904.9288
2025-10-11 01:56:52 [INFO] [task_scheduler.cc:131] [Task #0: main] Trial #536: GFLOPs: 3468.1182. Time: 3.7038 us. Best GFLOPs: 3904.9288
2025-10-11 01:56:52 [INFO] [task_scheduler.cc:131] [Task #0: main] Trial #537: GFLOPs: 3274.8826. Time: 3.9223 us. Best GFLOPs: 3904.9288
2025-10-11 01:56:52 [INFO] [task_scheduler.cc:131] [Task #0: main] Trial #538: GFLOPs: 3544.7525. Time: 3.6237 us. Best GFLOPs: 3904.9288
2025-10-11 01:56:52 [INFO] [task_scheduler.cc:131] [Task #0: main] Trial #539: GFLOPs: 3170.2235. Time: 4.0518 us. Best GFLOPs: 3904.9288
2025-10-11 01:56:52 [INFO] [task_scheduler.cc:131] [Task #0: main] Trial #540: GFLOPs: 3249.2301. Time: 3.9533 us. Best GFLOPs: 3904.9288
2025-10-11 01:56:52 [INFO] [task_scheduler.cc:131] [Task #0: main] Trial #541: GFLOPs: 3213.3412. Time: 3.9974 us. Best GFLOPs: 3904.9288
2025-10-11 01:56:52 [INFO] [task_scheduler.cc:131] [Task #0: main] Trial #542: GFLOPs: 3210.5723. Time: 4.0009 us. Best GFLOPs: 3904.9288
2025-10-11 01:56:52 [INFO] [task_scheduler.cc:131] [Task #0: main] Trial #543: GFLOPs: 3389.0889. Time: 3.7901 us. Best GFLOPs: 3904.9288
2025-10-11 01:56:52 [INFO] [task_scheduler.cc:131] [Task #0: main] Trial #544: GFLOPs: 3181.6144. Time: 4.0373 us. Best GFLOPs: 3904.9288
2025-10-11 01:56:52 [INFO] [task_scheduler.cc:131] [Task #0: main] Trial #545: GFLOPs: 3374.6599. Time: 3.8063 us. Best GFLOPs: 3904.9288
2025-10-11 01:56:52 [INFO] [task_scheduler.cc:131] [Task #0: main] Trial #546: GFLOPs: 3115.6983. Time: 4.1227 us. Best GFLOPs: 3904.9288
2025-10-11 01:56:52 [INFO] [task_scheduler.cc:131] [Task #0: main] Trial #547: GFLOPs: 3457.4825. Time: 3.7151 us. Best GFLOPs: 3904.9288
2025-10-11 01:56:52 [INFO] [task_scheduler.cc:131] [Task #0: main] Trial #548: GFLOPs: 3107.1709. Time: 4.1340 us. Best GFLOPs: 3904.9288
2025-10-11 01:56:52 [INFO] [task_scheduler.cc:131] [Task #0: main] Trial #549: GFLOPs: 3143.3856. Time: 4.0864 us. Best GFLOPs: 3904.9288
2025-10-11 01:56:52 [INFO] [task_scheduler.cc:131] [Task #0: main] Trial #550: GFLOPs: 3345.5904. Time: 3.8394 us. Best GFLOPs: 3904.9288
2025-10-11 01:56:52 [INFO] [task_scheduler.cc:131] [Task #0: main] Trial #551: GFLOPs: 3226.4742. Time: 3.9811 us. Best GFLOPs: 3904.9288
2025-10-11 01:56:52 [INFO] [task_scheduler.cc:131] [Task #0: main] Trial #552: GFLOPs: 3497.0694. Time: 3.6731 us. Best GFLOPs: 3904.9288
2025-10-11 01:56:52 [INFO] [task_scheduler.cc:131] [Task #0: main] Trial #553: GFLOPs: 3397.9774. Time: 3.7802 us. Best GFLOPs: 3904.9288
2025-10-11 01:56:52 [INFO] [task_scheduler.cc:131] [Task #0: main] Trial #554: GFLOPs: 3185.7358. Time: 4.0321 us. Best GFLOPs: 3904.9288
2025-10-11 01:56:52 [INFO] [task_scheduler.cc:131] [Task #0: main] Trial #555: GFLOPs: 3301.8368. Time: 3.8903 us. Best GFLOPs: 3904.9288
2025-10-11 01:56:52 [INFO] [task_scheduler.cc:131] [Task #0: main] Trial #556: GFLOPs: 3444.1179. Time: 3.7296 us. Best GFLOPs: 3904.9288
2025-10-11 01:56:52 [INFO] [task_scheduler.cc:131] [Task #0: main] Trial #557: GFLOPs: 2328.2790. Time: 5.5170 us. Best GFLOPs: 3904.9288
2025-10-11 01:56:52 [INFO] [task_scheduler.cc:131] [Task #0: main] Trial #558: GFLOPs: 3352.1933. Time: 3.8318 us. Best GFLOPs: 3904.9288
2025-10-11 01:56:52 [INFO] [task_scheduler.cc:131] [Task #0: main] Trial #559: GFLOPs: 3042.3852. Time: 4.2220 us. Best GFLOPs: 3904.9288
2025-10-11 01:56:52 [INFO] [task_scheduler.cc:131] [Task #0: main] Trial #560: GFLOPs: 3110.5358. Time: 4.1295 us. Best GFLOPs: 3904.9288
2025-10-11 01:56:52 [INFO] [task_scheduler.cc:131] [Task #0: main] Trial #561: GFLOPs: 3042.5508. Time: 4.2218 us. Best GFLOPs: 3904.9288
2025-10-11 01:56:52 [INFO] [task_scheduler.cc:131] [Task #0: main] Trial #562: GFLOPs: 3267.6939. Time: 3.9309 us. Best GFLOPs: 3904.9288
2025-10-11 01:56:52 [INFO] [task_scheduler.cc:131] [Task #0: main] Trial #563: GFLOPs: 3060.4955. Time: 4.1971 us. Best GFLOPs: 3904.9288
2025-10-11 01:56:52 [INFO] [task_scheduler.cc:131] [Task #0: main] Trial #564: GFLOPs: 2706.0094. Time: 4.7469 us. Best GFLOPs: 3904.9288
2025-10-11 01:56:52 [INFO] [task_scheduler.cc:131] [Task #0: main] Trial #565: GFLOPs: 3190.0037. Time: 4.0267 us. Best GFLOPs: 3904.9288
2025-10-11 01:56:52 [INFO] [task_scheduler.cc:131] [Task #0: main] Trial #566: GFLOPs: 3241.7963. Time: 3.9623 us. Best GFLOPs: 3904.9288
2025-10-11 01:56:52 [INFO] [task_scheduler.cc:131] [Task #0: main] Trial #567: GFLOPs: 3185.5830. Time: 4.0322 us. Best GFLOPs: 3904.9288
2025-10-11 01:56:52 [INFO] [task_scheduler.cc:131] [Task #0: main] Trial #568: GFLOPs: 3255.0691. Time: 3.9462 us. Best GFLOPs: 3904.9288
2025-10-11 01:56:52 [INFO] [task_scheduler.cc:131] [Task #0: main] Trial #569: GFLOPs: 2860.7492. Time: 4.4901 us. Best GFLOPs: 3904.9288
2025-10-11 01:56:52 [INFO] [task_scheduler.cc:131] [Task #0: main] Trial #570: GFLOPs: 2860.4463. Time: 4.4906 us. Best GFLOPs: 3904.9288
2025-10-11 01:56:52 [INFO] [task_scheduler.cc:131] [Task #0: main] Trial #571: GFLOPs: 3256.7067. Time: 3.9442 us. Best GFLOPs: 3904.9288
2025-10-11 01:56:52 [INFO] [task_scheduler.cc:131] [Task #0: main] Trial #572: GFLOPs: 3192.0207. Time: 4.0241 us. Best GFLOPs: 3904.9288
2025-10-11 01:56:52 [INFO] [task_scheduler.cc:131] [Task #0: main] Trial #573: GFLOPs: 3001.4051. Time: 4.2797 us. Best GFLOPs: 3904.9288
2025-10-11 01:56:52 [INFO] [task_scheduler.cc:131] [Task #0: main] Trial #574: GFLOPs: 1929.1926. Time: 6.6583 us. Best GFLOPs: 3904.9288
2025-10-11 01:56:52 [INFO] [task_scheduler.cc:131] [Task #0: main] Trial #575: GFLOPs: 1321.3403. Time: 9.7212 us. Best GFLOPs: 3904.9288
2025-10-11 01:56:52 [INFO] [task_scheduler.cc:131] [Task #0: main] Trial #576: GFLOPs: 1097.8467. Time: 11.7002 us. Best GFLOPs: 3904.9288
2025-10-11 01:56:52 [INFO] [evolutionary_search.cc:713] Generating candidates......
2025-10-11 01:56:53 [INFO] [evolutionary_search.cc:715] Picked top 102 candidate(s) from database
2025-10-11 01:56:58 [INFO] [evolutionary_search.cc:533] Sample-Init-Population summary:
Postproc #0 [meta_schedule.DisallowDynamicLoop(0x10355778)]: 0 failure(s)
Postproc #1 [meta_schedule.RewriteCooperativeFetch(0x1037dc28)]: 0 failure(s)
Postproc #2 [meta_schedule.RewriteUnboundBlock(0x1023d0f8)]: 0 failure(s)
Postproc #3 [meta_schedule.RewriteParallelVectorizeUnroll(0x10146428)]: 0 failure(s)
Postproc #4 [meta_schedule.RewriteReductionBlock(0xffcfb08)]: 0 failure(s)
Postproc #5 [meta_schedule.VerifyGPUCode(0x10241ed8)]: 278 failure(s)
Postproc #6 [meta_schedule.RewriteTensorize(0x1003a7e8)]: 0 failure(s)
2025-10-11 01:56:58 [INFO] [evolutionary_search.cc:723] Sampled 132 candidate(s)
2025-10-11 01:57:05 [INFO] [evolutionary_search.cc:621] Evolve iter #0 done. Summary:
Postproc #0 [meta_schedule.DisallowDynamicLoop(0x10355778)]: 0 failure(s)
Postproc #1 [meta_schedule.RewriteCooperativeFetch(0x1037dc28)]: 0 failure(s)
Postproc #2 [meta_schedule.RewriteUnboundBlock(0x1023d0f8)]: 0 failure(s)
Postproc #3 [meta_schedule.RewriteParallelVectorizeUnroll(0x10146428)]: 0 failure(s)
Postproc #4 [meta_schedule.RewriteReductionBlock(0xffcfb08)]: 0 failure(s)
Postproc #5 [meta_schedule.VerifyGPUCode(0x10241ed8)]: 58 failure(s)
Postproc #6 [meta_schedule.RewriteTensorize(0x1003a7e8)]: 0 failure(s)
2025-10-11 01:57:13 [INFO] [evolutionary_search.cc:621] Evolve iter #1 done. Summary:
Postproc #0 [meta_schedule.DisallowDynamicLoop(0x10355778)]: 0 failure(s)
Postproc #1 [meta_schedule.RewriteCooperativeFetch(0x1037dc28)]: 0 failure(s)
Postproc #2 [meta_schedule.RewriteUnboundBlock(0x1023d0f8)]: 0 failure(s)
Postproc #3 [meta_schedule.RewriteParallelVectorizeUnroll(0x10146428)]: 0 failure(s)
Postproc #4 [meta_schedule.RewriteReductionBlock(0xffcfb08)]: 0 failure(s)
Postproc #5 [meta_schedule.VerifyGPUCode(0x10241ed8)]: 60 failure(s)
Postproc #6 [meta_schedule.RewriteTensorize(0x1003a7e8)]: 0 failure(s)
2025-10-11 01:57:21 [INFO] [evolutionary_search.cc:621] Evolve iter #2 done. Summary:
Postproc #0 [meta_schedule.DisallowDynamicLoop(0x10355778)]: 0 failure(s)
Postproc #1 [meta_schedule.RewriteCooperativeFetch(0x1037dc28)]: 0 failure(s)
Postproc #2 [meta_schedule.RewriteUnboundBlock(0x1023d0f8)]: 0 failure(s)
Postproc #3 [meta_schedule.RewriteParallelVectorizeUnroll(0x10146428)]: 0 failure(s)
Postproc #4 [meta_schedule.RewriteReductionBlock(0xffcfb08)]: 0 failure(s)
Postproc #5 [meta_schedule.VerifyGPUCode(0x10241ed8)]: 76 failure(s)
Postproc #6 [meta_schedule.RewriteTensorize(0x1003a7e8)]: 0 failure(s)
2025-10-11 01:57:29 [INFO] [evolutionary_search.cc:621] Evolve iter #3 done. Summary:
Postproc #0 [meta_schedule.DisallowDynamicLoop(0x10355778)]: 0 failure(s)
Postproc #1 [meta_schedule.RewriteCooperativeFetch(0x1037dc28)]: 0 failure(s)
Postproc #2 [meta_schedule.RewriteUnboundBlock(0x1023d0f8)]: 0 failure(s)
Postproc #3 [meta_schedule.RewriteParallelVectorizeUnroll(0x10146428)]: 0 failure(s)
Postproc #4 [meta_schedule.RewriteReductionBlock(0xffcfb08)]: 0 failure(s)
Postproc #5 [meta_schedule.VerifyGPUCode(0x10241ed8)]: 57 failure(s)
Postproc #6 [meta_schedule.RewriteTensorize(0x1003a7e8)]: 0 failure(s)
2025-10-11 01:57:31 [INFO] [evolutionary_search.cc:649] Scores of the best 64 candidates:
[1 : 16]:	0.9003  0.8950  0.8833  0.8833  0.8829  0.8754  0.8714  0.8677  0.8677  0.8645  0.8640  0.8626  0.8615  0.8607  0.8601  0.8587
[17 : 32]:	0.8587  0.8561  0.8531  0.8508  0.8504  0.8462  0.8444  0.8443  0.8439  0.8433  0.8432  0.8423  0.8423  0.8411  0.8411  0.8407
[33 : 48]:	0.8400  0.8400  0.8396  0.8396  0.8375  0.8368  0.8368  0.8359  0.8349  0.8347  0.8343  0.8335  0.8334  0.8334  0.8332  0.8331
[49 : 64]:	0.8326  0.8325  0.8325  0.8324  0.8324  0.8301  0.8300  0.8300  0.8279  0.8278  0.8278  0.8277  0.8273  0.8269  0.8269  0.8252
2025-10-11 01:57:32 [INFO] [evolutionary_search.cc:727] Got 64 candidate(s) with evolutionary search
2025-10-11 01:57:32 [INFO] [evolutionary_search.cc:730] Sending 64 candidates(s) for measurement
2025-10-11 01:57:59 [INFO] [task_scheduler.cc:131] [Task #0: main] Trial #577: GFLOPs: 3198.2625. Time: 4.0163 us. Best GFLOPs: 3904.9288
2025-10-11 01:57:59 [INFO] [task_scheduler.cc:131] [Task #0: main] Trial #578: GFLOPs: 3620.3666. Time: 3.5480 us. Best GFLOPs: 3904.9288
2025-10-11 01:57:59 [INFO] [task_scheduler.cc:131] [Task #0: main] Trial #579: GFLOPs: 3582.7506. Time: 3.5852 us. Best GFLOPs: 3904.9288
2025-10-11 01:57:59 [INFO] [task_scheduler.cc:131] [Task #0: main] Trial #580: GFLOPs: 3476.4726. Time: 3.6949 us. Best GFLOPs: 3904.9288
2025-10-11 01:57:59 [INFO] [task_scheduler.cc:131] [Task #0: main] Trial #581: GFLOPs: 3469.6322. Time: 3.7021 us. Best GFLOPs: 3904.9288
2025-10-11 01:57:59 [INFO] [task_scheduler.cc:131] [Task #0: main] Trial #582: GFLOPs: 3528.5614. Time: 3.6403 us. Best GFLOPs: 3904.9288
2025-10-11 01:57:59 [INFO] [task_scheduler.cc:131] [Task #0: main] Trial #583: GFLOPs: 3614.4601. Time: 3.5538 us. Best GFLOPs: 3904.9288
2025-10-11 01:57:59 [INFO] [task_scheduler.cc:131] [Task #0: main] Trial #584: GFLOPs: 3479.8787. Time: 3.6912 us. Best GFLOPs: 3904.9288
2025-10-11 01:57:59 [INFO] [task_scheduler.cc:131] [Task #0: main] Trial #585: GFLOPs: 3760.1080. Time: 3.4161 us. Best GFLOPs: 3904.9288
2025-10-11 01:57:59 [INFO] [task_scheduler.cc:131] [Task #0: main] Trial #586: GFLOPs: 3482.0310. Time: 3.6890 us. Best GFLOPs: 3904.9288
2025-10-11 01:57:59 [INFO] [task_scheduler.cc:131] [Task #0: main] Trial #587: GFLOPs: 3189.0277. Time: 4.0279 us. Best GFLOPs: 3904.9288
2025-10-11 01:57:59 [INFO] [task_scheduler.cc:131] [Task #0: main] Trial #588: GFLOPs: 3163.6719. Time: 4.0602 us. Best GFLOPs: 3904.9288
2025-10-11 01:57:59 [INFO] [task_scheduler.cc:131] [Task #0: main] Trial #589: GFLOPs: 3474.7747. Time: 3.6967 us. Best GFLOPs: 3904.9288
2025-10-11 01:57:59 [INFO] [task_scheduler.cc:131] [Task #0: main] Trial #590: GFLOPs: 3470.0754. Time: 3.7017 us. Best GFLOPs: 3904.9288
2025-10-11 01:57:59 [INFO] [task_scheduler.cc:131] [Task #0: main] Trial #591: GFLOPs: 3256.2952. Time: 3.9447 us. Best GFLOPs: 3904.9288
2025-10-11 01:57:59 [INFO] [task_scheduler.cc:131] [Task #0: main] Trial #592: GFLOPs: 3353.5360. Time: 3.8303 us. Best GFLOPs: 3904.9288
2025-10-11 01:57:59 [INFO] [task_scheduler.cc:131] [Task #0: main] Trial #593: GFLOPs: 3334.5133. Time: 3.8522 us. Best GFLOPs: 3904.9288
2025-10-11 01:57:59 [INFO] [task_scheduler.cc:131] [Task #0: main] Trial #594: GFLOPs: 3315.2655. Time: 3.8745 us. Best GFLOPs: 3904.9288
2025-10-11 01:57:59 [INFO] [task_scheduler.cc:131] [Task #0: main] Trial #595: GFLOPs: 3314.0179. Time: 3.8760 us. Best GFLOPs: 3904.9288
2025-10-11 01:57:59 [INFO] [task_scheduler.cc:131] [Task #0: main] Trial #596: GFLOPs: 3821.0458. Time: 3.3617 us. Best GFLOPs: 3904.9288
2025-10-11 01:57:59 [INFO] [task_scheduler.cc:131] [Task #0: main] Trial #597: GFLOPs: 3498.3670. Time: 3.6717 us. Best GFLOPs: 3904.9288
2025-10-11 01:57:59 [INFO] [task_scheduler.cc:131] [Task #0: main] Trial #598: GFLOPs: 3333.1599. Time: 3.8537 us. Best GFLOPs: 3904.9288
2025-10-11 01:57:59 [INFO] [task_scheduler.cc:131] [Task #0: main] Trial #599: GFLOPs: 3223.2909. Time: 3.9851 us. Best GFLOPs: 3904.9288
2025-10-11 01:57:59 [INFO] [task_scheduler.cc:131] [Task #0: main] Trial #600: GFLOPs: 3432.6108. Time: 3.7421 us. Best GFLOPs: 3904.9288
2025-10-11 01:57:59 [INFO] [task_scheduler.cc:131] [Task #0: main] Trial #601: GFLOPs: 3132.1185. Time: 4.1011 us. Best GFLOPs: 3904.9288
2025-10-11 01:57:59 [INFO] [task_scheduler.cc:131] [Task #0: main] Trial #602: GFLOPs: 3438.8963. Time: 3.7352 us. Best GFLOPs: 3904.9288
2025-10-11 01:57:59 [INFO] [task_scheduler.cc:131] [Task #0: main] Trial #603: GFLOPs: 3384.8398. Time: 3.7949 us. Best GFLOPs: 3904.9288
2025-10-11 01:57:59 [INFO] [task_scheduler.cc:131] [Task #0: main] Trial #604: GFLOPs: 3068.4987. Time: 4.1861 us. Best GFLOPs: 3904.9288
2025-10-11 01:57:59 [INFO] [task_scheduler.cc:131] [Task #0: main] Trial #605: GFLOPs: 3187.1567. Time: 4.0303 us. Best GFLOPs: 3904.9288
2025-10-11 01:57:59 [INFO] [task_scheduler.cc:131] [Task #0: main] Trial #606: GFLOPs: 3252.0408. Time: 3.9498 us. Best GFLOPs: 3904.9288
2025-10-11 01:57:59 [INFO] [task_scheduler.cc:131] [Task #0: main] Trial #607: GFLOPs: 3106.9712. Time: 4.1343 us. Best GFLOPs: 3904.9288
2025-10-11 01:57:59 [INFO] [task_scheduler.cc:131] [Task #0: main] Trial #608: GFLOPs: 3125.4176. Time: 4.1099 us. Best GFLOPs: 3904.9288
2025-10-11 01:57:59 [INFO] [task_scheduler.cc:131] [Task #0: main] Trial #609: GFLOPs: 3347.9257. Time: 3.8367 us. Best GFLOPs: 3904.9288
2025-10-11 01:57:59 [INFO] [task_scheduler.cc:131] [Task #0: main] Trial #610: GFLOPs: 3008.7440. Time: 4.2692 us. Best GFLOPs: 3904.9288
2025-10-11 01:57:59 [INFO] [task_scheduler.cc:131] [Task #0: main] Trial #611: GFLOPs: 3286.5704. Time: 3.9083 us. Best GFLOPs: 3904.9288
2025-10-11 01:57:59 [INFO] [task_scheduler.cc:131] [Task #0: main] Trial #612: GFLOPs: 3302.8845. Time: 3.8890 us. Best GFLOPs: 3904.9288
2025-10-11 01:57:59 [INFO] [task_scheduler.cc:131] [Task #0: main] Trial #613: GFLOPs: 3221.6962. Time: 3.9870 us. Best GFLOPs: 3904.9288
2025-10-11 01:57:59 [INFO] [task_scheduler.cc:131] [Task #0: main] Trial #614: GFLOPs: 3295.8487. Time: 3.8973 us. Best GFLOPs: 3904.9288
2025-10-11 01:57:59 [INFO] [task_scheduler.cc:131] [Task #0: main] Trial #615: GFLOPs: 3325.4366. Time: 3.8627 us. Best GFLOPs: 3904.9288
2025-10-11 01:57:59 [INFO] [task_scheduler.cc:131] [Task #0: main] Trial #616: GFLOPs: 3136.9616. Time: 4.0947 us. Best GFLOPs: 3904.9288
2025-10-11 01:57:59 [INFO] [task_scheduler.cc:131] [Task #0: main] Trial #617: GFLOPs: 3102.8379. Time: 4.1398 us. Best GFLOPs: 3904.9288
2025-10-11 01:57:59 [INFO] [task_scheduler.cc:121] [Task #0: main] Trial #618: Error in building:
LocalBuilder: An exception occurred
Traceback (most recent call last):
  File "/workspace/tvm-dev/python/tvm/exec/popen_worker.py", line 87, in main
    result = fn(*args, **kwargs)
             ^^^^^^^^^^^^^^^^^^^
  File "/workspace/tvm-dev/python/tvm/meta_schedule/builder/local_builder.py", line 165, in <lambda>
    lambda x: _worker_func(*x),
              ^^^^^^^^^^^^^^^^
  File "/workspace/tvm-dev/python/tvm/meta_schedule/builder/local_builder.py", line 231, in _worker_func
    rt_mod: Module = f_build(mod, target, _deserialize_params(params))
                     ^^^^^^^^^^^^^^^^^^^^^^^^^^^^^^^^^^^^^^^^^^^^^^^^^
  File "/workspace/tvm-dev/python/tvm/_ffi/_ctypes/packed_func.py", line 245, in __call__
    raise_last_ffi_error()
  File "/workspace/tvm-dev/python/tvm/_ffi/base.py", line 481, in raise_last_ffi_error
    raise py_err
  File "/workspace/tvm-dev/python/tvm/meta_schedule/builder/local_builder.py", line 261, in default_build
    return tvm_build(mod, target=target)
           ^^^^^^^^^^^^^^^^^^^^^^^^^^^^^
  File "/workspace/tvm-dev/python/tvm/driver/build_module.py", line 297, in build
    rt_mod_host = _driver_ffi.tir_to_runtime(annotated_mods, target_host)
                  ^^^^^^^^^^^^^^^^^^^^^^^^^^^^^^^^^^^^^^^^^^^^^^^^^^^^^^^
  File "/workspace/tvm-dev/python/tvm/_ffi/_ctypes/packed_func.py", line 245, in __call__
    raise_last_ffi_error()
  File "/workspace/tvm-dev/python/tvm/_ffi/base.py", line 481, in raise_last_ffi_error
    raise py_err
ValueError: Traceback (most recent call last):
  15: tvm::runtime::PackedFuncObj::Extractor<tvm::runtime::PackedFuncSubObj<tvm::runtime::TypedPackedFunc<tvm::runtime::Module (tvm::runtime::Map<tvm::Target, tvm::IRModule, void, void> const&, tvm::Target)>::AssignTypedLambda<tvm::__mk_TVM24::{lambda(tvm::runtime::Map<tvm::Target, tvm::IRModule, void, void> const&, tvm::Target)#1}>(tvm::__mk_TVM24::{lambda(tvm::runtime::Map<tvm::Target, tvm::IRModule, void, void> const&, tvm::Target)#1}, std::__cxx11::basic_string<char, std::char_traits<char>, std::allocator<char> >)::{lambda(tvm::runtime::TVMArgs const&, tvm::runtime::TVMRetValue*)#1}> >::Call(tvm::runtime::PackedFuncObj const*, std::__cxx11::basic_string<char, std::char_traits<char>, std::allocator<char> >, tvm::runtime::TVMRetValue)
  14: tvm::TIRToRuntime(tvm::runtime::Map<tvm::Target, tvm::IRModule, void, void> const&, tvm::Target const&)
  13: tvm::codegen::Build(tvm::IRModule, tvm::Target)
  12: _ZN3tvm7runtime13PackedFuncObj
  11: tvm::runtime::TypedPackedFunc<tvm::runtime::Module (tvm::IRModule, tvm::Target)>::AssignTypedLambda<tvm::runtime::Module (*)(tvm::IRModule, tvm::Target)>(tvm::runtime::Module (*)(tvm::IRModule, tvm::Target), std::__cxx11::basic_string<char, std::char_traits<char>, std::allocator<char> >)::{lambda(tvm::runtime::TVMArgs const&, tvm::runtime::TVMRetValue*)#1}::operator()(tvm::runtime::TVMArgs const&, tvm::runtime::TVMRetValue*) const
  10: tvm::codegen::BuildCUDA(tvm::IRModule, tvm::Target)
  9: tvm::codegen::CodeGenC::AddFunction(tvm::GlobalVar const&, tvm::tir::PrimFunc const&)
  8: tvm::codegen::CodeGenCUDA::VisitStmt_(tvm::tir::AllocateNode const*)
  7: tvm::codegen::CodeGenCUDA::VisitStmt_(tvm::tir::AllocateNode const*)
  6: tvm::codegen::CodeGenCUDA::VisitStmt_(tvm::tir::AllocateNode const*)
  5: tvm::codegen::CodeGenCUDA::VisitStmt_(tvm::tir::AllocateNode const*)
  4: tvm::codegen::CodeGenC::VisitStmt_(tvm::tir::SeqStmtNode const*)
  3: tvm::codegen::CodeGenC::VisitStmt_(tvm::tir::IfThenElseNode const*)
  2: tvm::codegen::CodeGenC::VisitStmt_(tvm::tir::BufferStoreNode const*)
  1: tvm::codegen::CodeGenC::PrintExpr[abi:cxx11](tvm::PrimExpr const&)
  0: tvm::codegen::CodeGenCUDA::VisitExpr_(tvm::tir::RampNode const*, std::ostream&)
  File "/workspace/tvm-dev/src/target/source/codegen_cuda.cc", line 1204
ValueError: Check failed: lanes <= 4 (8 vs. 4) : Ramp of more than 4 lanes is not allowed.

# from tvm.script import ir as I
# from tvm.script import tir as T

@I.ir_module
class Module:
    @T.prim_func
    def main(A: T.Buffer((1, 256, 14, 14), "float16"), W: T.Buffer((512, 256, 1, 1), "float16"), conv2d_nchw: T.Buffer((1, 512, 7, 7), "float16")):
        T.func_attr({"tir.noalias": T.bool(True)})
        # with T.block("root"):
        conv2d_nchw_reindex_pad_shared_dyn = T.alloc_buffer((4, 32, 1, 1, 16, 16), "float16", scope="shared.dyn")
        conv2d_nchw_reindex_pad_shared_dyn_wmma_accumulator = T.alloc_buffer((4, 32, 1, 1, 16, 16), "float16", scope="wmma.accumulator")
        pad_temp_reindex_pad_shared_dyn = T.alloc_buffer((64, 256), "float16", scope="shared.dyn")
        W_reindex_shared_dyn = T.alloc_buffer((1, 1, 512, 256), "float16", scope="shared.dyn")
        pad_temp_reindex_pad_shared_dyn_wmma_matrix_a = T.alloc_buffer((64, 256), "float16", scope="wmma.matrix_a")
        W_reindex_shared_dyn_wmma_matrix_b = T.alloc_buffer((1, 1, 512, 256), "float16", scope="wmma.matrix_b")
        for ax0_ax1_ax2_0_0_ax3_0_0_fused in T.thread_binding(1, thread="blockIdx.y", annotations={"pragma_auto_unroll_max_step": 64, "pragma_unroll_explicit": 1}):
            for ax2_0_1_ax3_0_1_fused in T.thread_binding(32, thread="blockIdx.x"):
                for ax2_0_2_ax3_0_2_fused in T.thread_binding(4, thread="threadIdx.y"):
                    for ax2_0_3_init, ax3_0_3_init, ax2_0_4_init, ax3_0_4_init in T.grid(1, 1, 1, 1):
                        with T.block("conv2d_nchw_o_init"):
                            v0_o = T.axis.spatial(1, 0)
                            v1_o = T.axis.spatial(1, 0)
                            v2_o = T.axis.spatial(4, ax2_0_1_ax3_0_1_fused // 16 * 2 + ax2_0_2_ax3_0_2_fused // 2 + ax2_0_3_init + ax2_0_4_init)
                            v3_o = T.axis.spatial(32, ax2_0_1_ax3_0_1_fused % 16 * 2 + ax2_0_2_ax3_0_2_fused % 2 + ax3_0_3_init + ax3_0_4_init)
                            T.reads()
                            T.writes(conv2d_nchw_reindex_pad_shared_dyn_wmma_accumulator[v2_o, v3_o, 0, 0, 0:16, 0:16])
                            T.block_attr({"meta_schedule.thread_extent_high_inclusive": 1024, "meta_schedule.thread_extent_low_inclusive": 32, "warp_execution": 1})
                            C = T.match_buffer(conv2d_nchw_reindex_pad_shared_dyn_wmma_accumulator[v2_o, v3_o, 0, 0, 0:16, 0:16], (16, 16), "float16", strides=("C_s0", "C_s1"), scope="wmma.accumulator", offset_factor=16)
                            T.tvm_fill_fragment(C.data, 16, 16, 16, C.elem_offset // C.strides[0] // 16 * (C.strides[0] // 16) + C.elem_offset % C.strides[0] // 16, T.float32(0.0))
                    for ax4_0_0 in range(16):
                        for ax0_ax1_fused_0 in range(1):
                            for ax0_ax1_fused_1 in T.thread_binding(4, thread="threadIdx.y"):
                                for ax0_ax1_fused_2 in T.thread_binding(32, thread="threadIdx.x"):
                                    for ax0_ax1_fused_3 in T.vectorized(4):
                                        with T.block("pad_temp_reindex_pad_shared.dyn"):
                                            v0 = T.axis.spatial(64, ax2_0_1_ax3_0_1_fused // 16 * 32 + (ax0_ax1_fused_0 * 512 + ax0_ax1_fused_1 * 128 + ax0_ax1_fused_2 * 4 + ax0_ax1_fused_3) // 16)
                                            v1 = T.axis.spatial(256, ax4_0_0 * 16 + (ax0_ax1_fused_0 * 512 + ax0_ax1_fused_1 * 128 + ax0_ax1_fused_2 * 4 + ax0_ax1_fused_3) % 16)
                                            T.reads(A[0, v1, v0 // 7 * 2, v0 % 7 * 2])
                                            T.writes(pad_temp_reindex_pad_shared_dyn[v0, v1])
                                            T.block_attr({"buffer_dim_align": [[0, 0, 32, 8]]})
                                            pad_temp_reindex_pad_shared_dyn[v0, v1] = T.if_then_else(v0 < 49, A[0, v1, v0 // 7 * 2, v0 % 7 * 2], T.float16(0.0))
                        for ax0_ax1_ax2_ax3_fused_0 in range(1):
                            for ax0_ax1_ax2_ax3_fused_1 in T.thread_binding(4, thread="threadIdx.y"):
                                for ax0_ax1_ax2_ax3_fused_2 in T.thread_binding(32, thread="threadIdx.x"):
                                    for ax0_ax1_ax2_ax3_fused_3 in T.vectorized(4):
                                        with T.block("W_reindex_shared.dyn"):
                                            v0 = T.axis.spatial(1, 0)
                                            v1 = T.axis.spatial(1, 0)
                                            v2 = T.axis.spatial(512, ax2_0_1_ax3_0_1_fused % 16 * 32 + (ax0_ax1_ax2_ax3_fused_0 * 512 + ax0_ax1_ax2_ax3_fused_1 * 128 + ax0_ax1_ax2_ax3_fused_2 * 4 + ax0_ax1_ax2_ax3_fused_3) // 16)
                                            v3 = T.axis.spatial(256, ax4_0_0 * 16 + (ax0_ax1_ax2_ax3_fused_0 * 512 + ax0_ax1_ax2_ax3_fused_1 * 128 + ax0_ax1_ax2_ax3_fused_2 * 4 + ax0_ax1_ax2_ax3_fused_3) % 16)
                                            T.reads(W[v2, v3, v0, v1])
                                            T.writes(W_reindex_shared_dyn[v0, v1, v2, v3])
                                            T.block_attr({"buffer_dim_align": [[0, 2, 32, 8]]})
                                            W_reindex_shared_dyn[v0, v1, v2, v3] = W[v2, v3, v0, v1]
                        for ax4_0_1 in range(1):
                            for ax0_0, ax1_0 in T.grid(1, 1):
                                with T.block("pad_temp_reindex_pad_shared.dyn_wmma.matrix_a_o"):
                                    v0_o = T.axis.spatial(4, ax2_0_1_ax3_0_1_fused // 16 * 2 + ax2_0_2_ax3_0_2_fused // 2 + ax0_0)
                                    v1_o = T.axis.spatial(16, ax4_0_0 + ax1_0)
                                    T.reads(pad_temp_reindex_pad_shared_dyn[v0_o * 16:v0_o * 16 + 16, v1_o * 16:v1_o * 16 + 16])
                                    T.writes(pad_temp_reindex_pad_shared_dyn_wmma_matrix_a[v0_o * 16:v0_o * 16 + 16, v1_o * 16:v1_o * 16 + 16])
                                    A_1 = T.match_buffer(pad_temp_reindex_pad_shared_dyn[v0_o * 16:v0_o * 16 + 16, v1_o * 16:v1_o * 16 + 16], (16, 16), "float16", strides=("A_s0", "A_s1"), scope="shared.dyn", offset_factor=16)
                                    C = T.match_buffer(pad_temp_reindex_pad_shared_dyn_wmma_matrix_a[v0_o * 16:v0_o * 16 + 16, v1_o * 16:v1_o * 16 + 16], (16, 16), "float16", strides=("C_s0", "C_s1"), scope="wmma.matrix_a", offset_factor=16)
                                    T.tvm_load_matrix_sync(C.data, 16, 16, 16, C.elem_offset // C.strides[0] // 16 * (C.strides[0] // 16) + C.elem_offset % C.strides[0] // 16, T.tvm_access_ptr(T.type_annotation("float16"), A_1.data, A_1.elem_offset, A_1.strides[0] * 16, 1), A_1.strides[0], "row_major")
                            for ax0, ax1, ax2_0, ax3_0 in T.grid(1, 1, 1, 1):
                                with T.block("W_reindex_shared.dyn_wmma.matrix_b_o"):
                                    v0_o, v1_o = T.axis.remap("SS", [ax0, ax1])
                                    v2_o = T.axis.spatial(32, ax2_0_1_ax3_0_1_fused % 16 * 2 + ax2_0_2_ax3_0_2_fused % 2 + ax2_0)
                                    v3_o = T.axis.spatial(16, ax4_0_0 + ax3_0)
                                    T.reads(W_reindex_shared_dyn[v0_o, v1_o, v2_o * 16:v2_o * 16 + 16, v3_o * 16:v3_o * 16 + 16])
                                    T.writes(W_reindex_shared_dyn_wmma_matrix_b[v0_o, v1_o, v2_o * 16:v2_o * 16 + 16, v3_o * 16:v3_o * 16 + 16])
                                    A_1 = T.match_buffer(W_reindex_shared_dyn[v0_o, v1_o, v2_o * 16:v2_o * 16 + 16, v3_o * 16:v3_o * 16 + 16], (16, 16), "float16", strides=("A_s0", "A_s1"), scope="shared.dyn", offset_factor=16)
                                    C = T.match_buffer(W_reindex_shared_dyn_wmma_matrix_b[v0_o, v1_o, v2_o * 16:v2_o * 16 + 16, v3_o * 16:v3_o * 16 + 16], (16, 16), "float16", strides=("C_s0", "C_s1"), scope="wmma.matrix_b", offset_factor=16)
                                    T.tvm_load_matrix_sync(C.data, 16, 16, 16, C.elem_offset // C.strides[0] // 16 * (C.strides[0] // 16) + C.elem_offset % C.strides[0] // 16, T.tvm_access_ptr(T.type_annotation("float16"), A_1.data, A_1.elem_offset, A_1.strides[0] * 16, 1), A_1.strides[0], "col_major")
                            for ax2_0_3, ax3_0_3, ax4_0_2, ax2_0_4, ax3_0_4 in T.grid(1, 1, 1, 1, 1):
                                with T.block("conv2d_nchw_o_update"):
                                    v0_o = T.axis.spatial(1, 0)
                                    v1_o = T.axis.spatial(1, 0)
                                    v2_o = T.axis.spatial(4, ax2_0_1_ax3_0_1_fused // 16 * 2 + ax2_0_2_ax3_0_2_fused // 2 + ax2_0_3 + ax2_0_4)
                                    v3_o = T.axis.spatial(32, ax2_0_1_ax3_0_1_fused % 16 * 2 + ax2_0_2_ax3_0_2_fused % 2 + ax3_0_3 + ax3_0_4)
                                    v4_o = T.axis.reduce(16, ax4_0_0 + ax4_0_1 + ax4_0_2)
                                    T.reads(conv2d_nchw_reindex_pad_shared_dyn_wmma_accumulator[v2_o, v3_o, 0, 0, 0:16, 0:16], pad_temp_reindex_pad_shared_dyn_wmma_matrix_a[v2_o * 16:v2_o * 16 + 16, v4_o * 16:v4_o * 16 + 16], W_reindex_shared_dyn_wmma_matrix_b[v0_o, v1_o, v3_o * 16:v3_o * 16 + 16, v4_o * 16:v4_o * 16 + 16])
                                    T.writes(conv2d_nchw_reindex_pad_shared_dyn_wmma_accumulator[v2_o, v3_o, 0, 0, 0:16, 0:16])
                                    T.block_attr({"meta_schedule.thread_extent_high_inclusive": 1024, "meta_schedule.thread_extent_low_inclusive": 32, "warp_execution": 1})
                                    A_1 = T.match_buffer(pad_temp_reindex_pad_shared_dyn_wmma_matrix_a[v2_o * 16:v2_o * 16 + 16, v4_o * 16:v4_o * 16 + 16], (16, 16), "float16", strides=("A_s0", "A_s1"), scope="wmma.matrix_a", offset_factor=16)
                                    B = T.match_buffer(W_reindex_shared_dyn_wmma_matrix_b[v0_o, v1_o, v3_o * 16:v3_o * 16 + 16, v4_o * 16:v4_o * 16 + 16], (16, 16), "float16", strides=("B_s0", "B_s1"), scope="wmma.matrix_b", offset_factor=16)
                                    C = T.match_buffer(conv2d_nchw_reindex_pad_shared_dyn_wmma_accumulator[v2_o, v3_o, 0, 0, 0:16, 0:16], (16, 16), "float16", strides=("C_s0", "C_s1"), scope="wmma.accumulator", offset_factor=16)
                                    T.tvm_mma_sync(C.data, C.elem_offset // C.strides[0] // 16 * (C.strides[0] // 16) + C.elem_offset % C.strides[0] // 16, A_1.data, A_1.elem_offset // A_1.strides[0] // 16 * (A_1.strides[0] // 16) + A_1.elem_offset % A_1.strides[0] // 16, B.data, B.elem_offset // B.strides[0] // 16 * (B.strides[0] // 16) + B.elem_offset % B.strides[0] // 16, C.data, C.elem_offset // C.strides[0] // 16 * (C.strides[0] // 16) + C.elem_offset % C.strides[0] // 16)
                for ax2 in range(1):
                    for ax0_ax1_fused in T.thread_binding(4, thread="threadIdx.y"):
                        for ax2_1, ax3 in T.grid(1, 1):
                            with T.block("conv2d_nchw_reindex_pad_shared.dyn_wmma.accumulator_o"):
                                v0_o = T.axis.spatial(4, ax2_0_1_ax3_0_1_fused // 16 * 2 + ax0_ax1_fused // 2)
                                v1_o = T.axis.spatial(32, ax2_0_1_ax3_0_1_fused % 16 * 2 + ax0_ax1_fused % 2)
                                v2_o, v3_o = T.axis.remap("SS", [ax2_1, ax3])
                                v4_o = T.axis.spatial(1, 0)
                                v5_o = T.axis.spatial(1, 0)
                                T.reads(conv2d_nchw_reindex_pad_shared_dyn_wmma_accumulator[v0_o, v1_o, v2_o, v3_o, 0:16, 0:16])
                                T.writes(conv2d_nchw_reindex_pad_shared_dyn[v0_o, v1_o, v2_o, v3_o, 0:16, 0:16])
                                A_1 = T.match_buffer(conv2d_nchw_reindex_pad_shared_dyn_wmma_accumulator[v0_o, v1_o, v2_o, v3_o, 0:16, 0:16], (16, 16), "float16", strides=("A_s0", "A_s1"), scope="wmma.accumulator", offset_factor=16)
                                C = T.match_buffer(conv2d_nchw_reindex_pad_shared_dyn[v0_o, v1_o, v2_o, v3_o, 0:16, 0:16], (16, 16), "float16", strides=("C_s0", "C_s1"), scope="shared.dyn", offset_factor=16)
                                T.tvm_store_matrix_sync(A_1.data, 16, 16, 16, A_1.elem_offset // A_1.strides[0] // 16 * (A_1.strides[0] // 16) + A_1.elem_offset % A_1.strides[0] // 16, T.tvm_access_ptr(T.type_annotation("float16"), C.data, C.elem_offset, C.strides[0] * 16, 2), C.strides[0], "row_major")
                    for ax0_ax1_ax3_ax4_ax5_fused_0 in range(1):
                        for ax0_ax1_ax3_ax4_ax5_fused_1 in T.thread_binding(4, thread="threadIdx.y"):
                            for ax0_ax1_ax3_ax4_ax5_fused_2 in T.thread_binding(32, thread="threadIdx.x"):
                                for ax0_ax1_ax3_ax4_ax5_fused_3 in T.vectorized(8):
                                    with T.block("conv2d_nchw_reindex_pad_shared.dyn"):
                                        v0 = T.axis.spatial(4, ax2_0_1_ax3_0_1_fused // 16 * 2 + (ax0_ax1_ax3_ax4_ax5_fused_0 * 1024 + ax0_ax1_ax3_ax4_ax5_fused_1 * 256 + ax0_ax1_ax3_ax4_ax5_fused_2 * 8 + ax0_ax1_ax3_ax4_ax5_fused_3) // 512)
                                        v1 = T.axis.spatial(32, ax2_0_1_ax3_0_1_fused % 16 * 2 + (ax0_ax1_ax3_ax4_ax5_fused_0 * 1024 + ax0_ax1_ax3_ax4_ax5_fused_1 * 256 + ax0_ax1_ax3_ax4_ax5_fused_2 * 8 + ax0_ax1_ax3_ax4_ax5_fused_3) % 512 // 256)
                                        v2 = T.axis.spatial(1, ax2)
                                        v3 = T.axis.spatial(1, 0)
                                        v4 = T.axis.spatial(16, (ax0_ax1_ax3_ax4_ax5_fused_0 * 1024 + ax0_ax1_ax3_ax4_ax5_fused_1 * 256 + ax0_ax1_ax3_ax4_ax5_fused_2 * 8 + ax0_ax1_ax3_ax4_ax5_fused_3) % 256 // 16)
                                        v5 = T.axis.spatial(16, (ax0_ax1_ax3_ax4_ax5_fused_0 * 1024 + ax0_ax1_ax3_ax4_ax5_fused_1 * 256 + ax0_ax1_ax3_ax4_ax5_fused_2 * 8 + ax0_ax1_ax3_ax4_ax5_fused_3) % 16)
                                        T.where(ax2_0_1_ax3_0_1_fused // 16 * 32 + (((ax0_ax1_ax3_ax4_ax5_fused_0 * 4 + ax0_ax1_ax3_ax4_ax5_fused_1) * 32 + ax0_ax1_ax3_ax4_ax5_fused_2) * 8 + ax0_ax1_ax3_ax4_ax5_fused_3) // 512 * 16 + (((ax0_ax1_ax3_ax4_ax5_fused_0 * 4 + ax0_ax1_ax3_ax4_ax5_fused_1) * 32 + ax0_ax1_ax3_ax4_ax5_fused_2) * 8 + ax0_ax1_ax3_ax4_ax5_fused_3) % 256 // 16 < 49)
                                        T.reads(conv2d_nchw_reindex_pad_shared_dyn[v0, v1, v2, v3, v4, v5])
                                        T.writes(conv2d_nchw[0, v5 + v1 * 16, (v4 + v0 * 16) // 7, (v4 + v0 * 16) % 7])
                                        conv2d_nchw[0, v5 + v1 * 16, (v4 + v0 * 16) // 7, (v4 + v0 * 16) % 7] = conv2d_nchw_reindex_pad_shared_dyn[v0, v1, v2, v3, v4, v5]
b0 = sch.get_block(name="pad_temp", func_name="main")
b1 = sch.get_block(name="conv2d_nchw", func_name="main")
b2 = sch.get_block(name="root", func_name="main")
sch.annotate(block_or_loop=b1, ann_key="meta_schedule.tiling_structure", ann_val="SSSRRSRS")
b3 = sch.reindex(block=b1, buffer=("write", 0))
b4 = sch.reindex(block=b1, buffer=("read", 0))
b5 = sch.reindex(block=b1, buffer=("read", 1))
sch.transform_layout(block=b1, buffer=("read", 0), index_map=lambda v_nn, v_yy, v_xx, v_rc: (v_nn * 49 + v_yy * 7 + v_xx, v_rc,), pad_value=None, assume_injective_transform=True)
sch.transform_layout(block=b1, buffer=("read", 1), index_map=lambda v_ff, v_rc, v_ry, v_rx: (v_ry, v_rx, v_ff, v_rc,), pad_value=None, assume_injective_transform=True)
sch.transform_layout(block=b1, buffer=("write", 0), index_map=lambda v_nn, v_ff, v_yy, v_xx: (v_nn * 49 + v_yy * 7 + v_xx, v_ff,), pad_value=None, assume_injective_transform=True)
sch.transform_block_layout(block=b3, index_map=lambda v_nn, v_ff, v_yy, v_xx: (v_nn * 49 + v_yy * 7 + v_xx, v_ff,))
sch.transform_block_layout(block=b4, index_map=lambda v_nn, v_yy, v_xx, v_rc: (v_nn * 49 + v_yy * 7 + v_xx, v_rc,))
sch.transform_block_layout(block=b5, index_map=lambda v_ff, v_rc, v_ry, v_rx: (v_ry, v_rx, v_ff, v_rc,))
sch.transform_block_layout(block=b1, index_map=lambda v_nn, v_ff, v_yy, v_xx, v_rc, v_ry, v_rx: (v_ry, v_rx, v_nn * 49 + v_yy * 7 + v_xx, v_ff, v_rc,))
sch.pad_einsum(block=b1, padding=[1, 1, 16, 1, 1])
b6, b7 = sch.get_producers(block=b1)
b8, = sch.get_producers(block=b6)
b9, = sch.get_consumers(block=b1)
sch.compute_inline(block=b8)
sch.compute_inline(block=b9)
l10, l11, l12, l13, l14 = sch.get_loops(block=b1)
l15, l16 = sch.split(loop=l14, factors=[None, 16], preserve_unit_iters=True, disable_predication=False)
l17, l18 = sch.split(loop=l13, factors=[None, 16], preserve_unit_iters=True, disable_predication=False)
l19, l20 = sch.split(loop=l12, factors=[None, 16], preserve_unit_iters=True, disable_predication=False)
l21, l22, l23, l24, l25, l26, l27, l28 = sch.get_loops(block=b1)
sch.reorder(l25, l27, l20, l18, l16)
b29 = sch.blockize(target=l20, preserve_unit_iters=True)
sch.annotate(block_or_loop=b29, ann_key="meta_schedule.auto_tensorize", ann_val="wmma_sync_16x16x16_f16f16f16_trans")
sch.annotate(block_or_loop=b29, ann_key="meta_schedule.auto_tensorize_init", ann_val="wmma_fill_16x16x16_f16")
sch.annotate(block_or_loop=b29, ann_key="warp_execution", ann_val=1)
l30, l31, l32, l33, l34 = sch.get_loops(block=b29)
v35, v36, v37, v38, v39 = sch.sample_perfect_tile(loop=l32, n=5, max_innermost_factor=4, decision=[1, 2, 2, 1, 1])
l40, l41, l42, l43, l44 = sch.split(loop=l32, factors=[v35, v36, v37, v38, v39], preserve_unit_iters=True, disable_predication=False)
v45, v46, v47, v48, v49 = sch.sample_perfect_tile(loop=l33, n=5, max_innermost_factor=4, decision=[1, 16, 2, 1, 1])
l50, l51, l52, l53, l54 = sch.split(loop=l33, factors=[v45, v46, v47, v48, v49], preserve_unit_iters=True, disable_predication=False)
v55, v56, v57 = sch.sample_perfect_tile(loop=l34, n=3, max_innermost_factor=4, decision=[16, 1, 1])
l58, l59, l60 = sch.split(loop=l34, factors=[v55, v56, v57], preserve_unit_iters=True, disable_predication=False)
sch.reorder(l40, l50, l41, l51, l42, l52, l58, l59, l43, l53, l60, l44, l54)
l61 = sch.fuse(l30, l31, l40, l50, preserve_unit_iters=True)
sch.bind(loop=l61, thread_axis="blockIdx.y")
l62 = sch.fuse(l41, l51, preserve_unit_iters=True)
sch.bind(loop=l62, thread_axis="blockIdx.x")
l63 = sch.fuse(l42, l52, preserve_unit_iters=True)
sch.bind(loop=l63, thread_axis="threadIdx.y")
sch.annotate(block_or_loop=b29, ann_key="meta_schedule.thread_extent_low_inclusive", ann_val=32)
sch.annotate(block_or_loop=b29, ann_key="meta_schedule.thread_extent_high_inclusive", ann_val=1024)
sch.transform_layout(block=b29, buffer=("write", 0), index_map=lambda i0, i1: (i0 // 16 // (v38 * v39), i1 // 16 // (v48 * v49), i0 // 16 % (v38 * v39), i1 // 16 % (v48 * v49), i0 % 16, i1 % 16,), pad_value=None, assume_injective_transform=True)
b64 = sch.cache_write(block=b29, write_buffer_index=0, storage_scope="shared.dyn")
sch.reverse_compute_at(block=b64, loop=l62, preserve_unit_loops=True, index=-1)
b65 = sch.cache_write(block=b29, write_buffer_index=0, storage_scope="wmma.accumulator")
l66, l67, l68, l69, l70, l71, l72, l73 = sch.get_loops(block=b64)
sch.reorder(l70, l68, l69, l71)
sch.compute_at(block=b65, loop=l70, preserve_unit_loops=True, index=-1)
l74, l75, l76, l77, l78, l79, l80, l81, l82 = sch.get_loops(block=b65)
l83 = sch.fuse(l77, l78, preserve_unit_iters=True)
sch.bind(loop=l83, thread_axis="threadIdx.y")
sch.reverse_compute_inline(block=b3)
l84, l85, l86, l87, l88, l89, l90, l91 = sch.get_loops(block=b65)
b92 = sch.blockize(target=l90, preserve_unit_iters=True)
sch.annotate(block_or_loop=b92, ann_key="meta_schedule.auto_tensorize", ann_val="wmma_store_16x16x16_f16_shared_dyn")
l93, l94, l95, l96, l97, l98, l99, l100 = sch.get_loops(block=b64)
l101 = sch.fuse(l96, l97, l98, l99, l100, preserve_unit_iters=True)
v102 = sch.sample_categorical(candidates=[1, 2, 4, 8], probs=[0.25, 0.25, 0.25, 0.25], decision=3)
sch.annotate(block_or_loop=b64, ann_key="meta_schedule.cooperative_fetch", ann_val=v102)
b103 = sch.cache_read(block=b29, read_buffer_index=0, storage_scope="shared.dyn", consumer_blocks=[b29])
sch.compute_at(block=b103, loop=l58, preserve_unit_loops=True, index=-1)
l104, l105, l106, l107, l108, l109 = sch.get_loops(block=b103)
l110 = sch.fuse(l108, l109, preserve_unit_iters=True)
v111 = sch.sample_categorical(candidates=[1, 2, 4, 8], probs=[0.25, 0.25, 0.25, 0.25], decision=2)
sch.annotate(block_or_loop=b103, ann_key="meta_schedule.cooperative_fetch", ann_val=v111)
b112 = sch.cache_read(block=b29, read_buffer_index=1, storage_scope="shared.dyn", consumer_blocks=[b29])
sch.compute_at(block=b112, loop=l58, preserve_unit_loops=True, index=-1)
l113, l114, l115, l116, l117, l118, l119, l120 = sch.get_loops(block=b112)
l121 = sch.fuse(l117, l118, l119, l120, preserve_unit_iters=True)
v122 = sch.sample_categorical(candidates=[1, 2, 4, 8], probs=[0.25, 0.25, 0.25, 0.25], decision=2)
sch.annotate(block_or_loop=b112, ann_key="meta_schedule.cooperative_fetch", ann_val=v122)
b123 = sch.cache_read(block=b29, read_buffer_index=0, storage_scope="wmma.matrix_a")
sch.compute_at(block=b123, loop=l59, preserve_unit_loops=True, index=-1)
l124, l125, l126, l127, l128, l129, l130 = sch.get_loops(block=b123)
l131, l132 = sch.split(loop=l130, factors=[None, 16], preserve_unit_iters=True, disable_predication=False)
l133, l134 = sch.split(loop=l129, factors=[None, 16], preserve_unit_iters=True, disable_predication=False)
l135, l136, l137, l138, l139, l140, l141, l142, l143 = sch.get_loops(block=b123)
sch.reorder(l142, l134, l132)
b144 = sch.blockize(target=l134, preserve_unit_iters=True)
sch.annotate(block_or_loop=b144, ann_key="meta_schedule.auto_tensorize", ann_val="wmma_load_16x16x16_f16_a_shared_dyn")
b145 = sch.cache_read(block=b29, read_buffer_index=1, storage_scope="wmma.matrix_b")
sch.compute_at(block=b145, loop=l59, preserve_unit_loops=True, index=-1)
l146, l147, l148, l149, l150, l151, l152, l153, l154 = sch.get_loops(block=b145)
l155, l156 = sch.split(loop=l154, factors=[None, 16], preserve_unit_iters=True, disable_predication=False)
l157, l158 = sch.split(loop=l153, factors=[None, 16], preserve_unit_iters=True, disable_predication=False)
l159, l160, l161, l162, l163, l164, l165, l166, l167, l168, l169 = sch.get_loops(block=b145)
sch.reorder(l168, l158, l156)
b170 = sch.blockize(target=l158, preserve_unit_iters=True)
sch.annotate(block_or_loop=b170, ann_key="meta_schedule.auto_tensorize", ann_val="wmma_load_16x16x16_f16_b_trans_shared_dyn")
b171, = sch.get_producers(block=b103)
sch.compute_inline(block=b171)
sch.storage_align(block=b103, buffer_index=0, axis=-2, factor=32, offset=8)
b172, = sch.get_producers(block=b112)
sch.compute_inline(block=b172)
sch.storage_align(block=b112, buffer_index=0, axis=-2, factor=32, offset=8)
sch.compute_inline(block=b0)
v173 = sch.sample_categorical(candidates=[0, 16, 64, 512, 1024], probs=[0.20000000000000001, 0.20000000000000001, 0.20000000000000001, 0.20000000000000001, 0.20000000000000001], decision=2)
sch.annotate(block_or_loop=b2, ann_key="meta_schedule.unroll_explicit", ann_val=v173)
sch.enter_postproc()
sch.unannotate(block_or_loop=b64, ann_key="meta_schedule.cooperative_fetch")
l174, l175, l176, l177 = sch.get_loops(block=b64)
l178, l179, l180, l181 = sch.split(loop=l177, factors=[None, 4, 32, 8], preserve_unit_iters=True, disable_predication=False)
sch.vectorize(loop=l181)
sch.bind(loop=l180, thread_axis="threadIdx.x")
sch.bind(loop=l179, thread_axis="threadIdx.y")
sch.unannotate(block_or_loop=b103, ann_key="meta_schedule.cooperative_fetch")
l182, l183, l184, l185, l186 = sch.get_loops(block=b103)
l187, l188, l189, l190 = sch.split(loop=l186, factors=[None, 4, 32, 4], preserve_unit_iters=True, disable_predication=False)
sch.vectorize(loop=l190)
sch.bind(loop=l189, thread_axis="threadIdx.x")
sch.bind(loop=l188, thread_axis="threadIdx.y")
sch.unannotate(block_or_loop=b112, ann_key="meta_schedule.cooperative_fetch")
l191, l192, l193, l194, l195 = sch.get_loops(block=b112)
l196, l197, l198, l199 = sch.split(loop=l195, factors=[None, 4, 32, 4], preserve_unit_iters=True, disable_predication=False)
sch.vectorize(loop=l199)
sch.bind(loop=l198, thread_axis="threadIdx.x")
sch.bind(loop=l197, thread_axis="threadIdx.y")
b200 = sch.get_block(name="root", func_name="main")
sch.unannotate(block_or_loop=b200, ann_key="meta_schedule.unroll_explicit")
b201, b202, b203, b204, b205, b206, b207 = sch.get_child_blocks(b200)
l208, l209, l210, l211, l212, l213, l214, l215 = sch.get_loops(block=b201)
l216, l217, l218, l219, l220, l221, l222, l223 = sch.get_loops(block=b202)
l224, l225, l226, l227, l228, l229, l230 = sch.get_loops(block=b203)
l231, l232, l233, l234, l235, l236, l237, l238, l239 = sch.get_loops(block=b204)
l240, l241, l242, l243, l244, l245, l246, l247, l248, l249 = sch.get_loops(block=b205)
sch.annotate(block_or_loop=l240, ann_key="pragma_auto_unroll_max_step", ann_val=64)
sch.annotate(block_or_loop=l240, ann_key="pragma_unroll_explicit", ann_val=1)
l250, l251, l252, l253, l254, l255 = sch.get_loops(block=b206)
l256, l257, l258, l259, l260, l261, l262 = sch.get_loops(block=b207)
b263 = sch.get_block(name="conv2d_nchw_o", func_name="main")
l264, l265, l266, l267, l268, l269, l270, l271, l272, l273 = sch.get_loops(block=b263)
b274 = sch.decompose_reduction(block=b263, loop=l267)
sch.unannotate(block_or_loop=b274, ann_key="meta_schedule.auto_tensorize")
sch.annotate(block_or_loop=b274, ann_key="meta_schedule.auto_tensorize", ann_val="wmma_fill_16x16x16_f16")
sch.unannotate(block_or_loop=b263, ann_key="meta_schedule.auto_tensorize_init")
sch.unannotate(block_or_loop=b274, ann_key="meta_schedule.auto_tensorize_init")
b275 = sch.get_block(name="conv2d_nchw_o_init", func_name="main")
sch.unannotate(block_or_loop=b275, ann_key="meta_schedule.auto_tensorize")
sch.tensorize(block_or_loop=b275, tensor_intrin="wmma_fill_16x16x16_f16", preserve_unit_iters=True)
b276 = sch.get_block(name="pad_temp_reindex_pad_shared.dyn_wmma.matrix_a_o", func_name="main")
sch.unannotate(block_or_loop=b276, ann_key="meta_schedule.auto_tensorize")
sch.tensorize(block_or_loop=b276, tensor_intrin="wmma_load_16x16x16_f16_a_shared_dyn", preserve_unit_iters=True)
b277 = sch.get_block(name="W_reindex_shared.dyn_wmma.matrix_b_o", func_name="main")
sch.unannotate(block_or_loop=b277, ann_key="meta_schedule.auto_tensorize")
sch.tensorize(block_or_loop=b277, tensor_intrin="wmma_load_16x16x16_f16_b_trans_shared_dyn", preserve_unit_iters=True)
b278 = sch.get_block(name="conv2d_nchw_o_update", func_name="main")
sch.unannotate(block_or_loop=b278, ann_key="meta_schedule.auto_tensorize")
sch.tensorize(block_or_loop=b278, tensor_intrin="wmma_sync_16x16x16_f16f16f16_trans", preserve_unit_iters=True)
b279 = sch.get_block(name="conv2d_nchw_reindex_pad_shared.dyn_wmma.accumulator_o", func_name="main")
sch.unannotate(block_or_loop=b279, ann_key="meta_schedule.auto_tensorize")
sch.tensorize(block_or_loop=b279, tensor_intrin="wmma_store_16x16x16_f16_shared_dyn", preserve_unit_iters=True)
2025-10-11 01:57:59 [INFO] [task_scheduler.cc:131] [Task #0: main] Trial #619: GFLOPs: 3209.4309. Time: 4.0023 us. Best GFLOPs: 3904.9288
2025-10-11 01:57:59 [INFO] [task_scheduler.cc:131] [Task #0: main] Trial #620: GFLOPs: 3273.7197. Time: 3.9237 us. Best GFLOPs: 3904.9288
2025-10-11 01:57:59 [INFO] [task_scheduler.cc:131] [Task #0: main] Trial #621: GFLOPs: 3326.4654. Time: 3.8615 us. Best GFLOPs: 3904.9288
2025-10-11 01:57:59 [INFO] [task_scheduler.cc:131] [Task #0: main] Trial #622: GFLOPs: 3104.9699. Time: 4.1369 us. Best GFLOPs: 3904.9288
2025-10-11 01:57:59 [INFO] [task_scheduler.cc:131] [Task #0: main] Trial #623: GFLOPs: 3422.3094. Time: 3.7533 us. Best GFLOPs: 3904.9288
2025-10-11 01:57:59 [INFO] [task_scheduler.cc:131] [Task #0: main] Trial #624: GFLOPs: 3236.1738. Time: 3.9692 us. Best GFLOPs: 3904.9288
2025-10-11 01:57:59 [INFO] [task_scheduler.cc:131] [Task #0: main] Trial #625: GFLOPs: 3236.1858. Time: 3.9692 us. Best GFLOPs: 3904.9288
2025-10-11 01:57:59 [INFO] [task_scheduler.cc:131] [Task #0: main] Trial #626: GFLOPs: 3466.6443. Time: 3.7053 us. Best GFLOPs: 3904.9288
2025-10-11 01:57:59 [INFO] [task_scheduler.cc:131] [Task #0: main] Trial #627: GFLOPs: 3431.5799. Time: 3.7432 us. Best GFLOPs: 3904.9288
2025-10-11 01:57:59 [INFO] [task_scheduler.cc:131] [Task #0: main] Trial #628: GFLOPs: 3385.5748. Time: 3.7941 us. Best GFLOPs: 3904.9288
2025-10-11 01:57:59 [INFO] [task_scheduler.cc:131] [Task #0: main] Trial #629: GFLOPs: 3601.9094. Time: 3.5662 us. Best GFLOPs: 3904.9288
2025-10-11 01:57:59 [INFO] [task_scheduler.cc:131] [Task #0: main] Trial #630: GFLOPs: 2990.4682. Time: 4.2953 us. Best GFLOPs: 3904.9288
2025-10-11 01:57:59 [INFO] [task_scheduler.cc:131] [Task #0: main] Trial #631: GFLOPs: 3220.6423. Time: 3.9884 us. Best GFLOPs: 3904.9288
2025-10-11 01:57:59 [INFO] [task_scheduler.cc:131] [Task #0: main] Trial #632: GFLOPs: 3294.1309. Time: 3.8994 us. Best GFLOPs: 3904.9288
2025-10-11 01:57:59 [INFO] [task_scheduler.cc:131] [Task #0: main] Trial #633: GFLOPs: 3481.1347. Time: 3.6899 us. Best GFLOPs: 3904.9288
2025-10-11 01:57:59 [INFO] [task_scheduler.cc:131] [Task #0: main] Trial #634: GFLOPs: 2988.5793. Time: 4.2980 us. Best GFLOPs: 3904.9288
2025-10-11 01:57:59 [INFO] [task_scheduler.cc:131] [Task #0: main] Trial #635: GFLOPs: 3232.7888. Time: 3.9734 us. Best GFLOPs: 3904.9288
2025-10-11 01:57:59 [INFO] [task_scheduler.cc:131] [Task #0: main] Trial #636: GFLOPs: 3208.2098. Time: 4.0038 us. Best GFLOPs: 3904.9288
2025-10-11 01:57:59 [INFO] [task_scheduler.cc:131] [Task #0: main] Trial #637: GFLOPs: 2972.8941. Time: 4.3207 us. Best GFLOPs: 3904.9288
2025-10-11 01:57:59 [INFO] [task_scheduler.cc:131] [Task #0: main] Trial #638: GFLOPs: 1624.1024. Time: 7.9090 us. Best GFLOPs: 3904.9288
2025-10-11 01:57:59 [INFO] [task_scheduler.cc:131] [Task #0: main] Trial #639: GFLOPs: 2478.9366. Time: 5.1817 us. Best GFLOPs: 3904.9288
2025-10-11 01:57:59 [INFO] [task_scheduler.cc:131] [Task #0: main] Trial #640: GFLOPs: 1086.4868. Time: 11.8226 us. Best GFLOPs: 3904.9288
2025-10-11 01:57:59 [INFO] [evolutionary_search.cc:713] Generating candidates......
2025-10-11 01:58:00 [INFO] [evolutionary_search.cc:715] Picked top 102 candidate(s) from database
2025-10-11 01:58:04 [INFO] [evolutionary_search.cc:533] Sample-Init-Population summary:
Postproc #0 [meta_schedule.DisallowDynamicLoop(0x10355778)]: 0 failure(s)
Postproc #1 [meta_schedule.RewriteCooperativeFetch(0x1037dc28)]: 0 failure(s)
Postproc #2 [meta_schedule.RewriteUnboundBlock(0x1023d0f8)]: 0 failure(s)
Postproc #3 [meta_schedule.RewriteParallelVectorizeUnroll(0x10146428)]: 0 failure(s)
Postproc #4 [meta_schedule.RewriteReductionBlock(0xffcfb08)]: 0 failure(s)
Postproc #5 [meta_schedule.VerifyGPUCode(0x10241ed8)]: 281 failure(s)
Postproc #6 [meta_schedule.RewriteTensorize(0x1003a7e8)]: 0 failure(s)
2025-10-11 01:58:04 [INFO] [evolutionary_search.cc:723] Sampled 129 candidate(s)
2025-10-11 01:58:11 [INFO] [evolutionary_search.cc:621] Evolve iter #0 done. Summary:
Postproc #0 [meta_schedule.DisallowDynamicLoop(0x10355778)]: 0 failure(s)
Postproc #1 [meta_schedule.RewriteCooperativeFetch(0x1037dc28)]: 0 failure(s)
Postproc #2 [meta_schedule.RewriteUnboundBlock(0x1023d0f8)]: 0 failure(s)
Postproc #3 [meta_schedule.RewriteParallelVectorizeUnroll(0x10146428)]: 0 failure(s)
Postproc #4 [meta_schedule.RewriteReductionBlock(0xffcfb08)]: 0 failure(s)
Postproc #5 [meta_schedule.VerifyGPUCode(0x10241ed8)]: 59 failure(s)
Postproc #6 [meta_schedule.RewriteTensorize(0x1003a7e8)]: 0 failure(s)
2025-10-11 01:58:19 [INFO] [evolutionary_search.cc:621] Evolve iter #1 done. Summary:
Postproc #0 [meta_schedule.DisallowDynamicLoop(0x10355778)]: 0 failure(s)
Postproc #1 [meta_schedule.RewriteCooperativeFetch(0x1037dc28)]: 0 failure(s)
Postproc #2 [meta_schedule.RewriteUnboundBlock(0x1023d0f8)]: 0 failure(s)
Postproc #3 [meta_schedule.RewriteParallelVectorizeUnroll(0x10146428)]: 0 failure(s)
Postproc #4 [meta_schedule.RewriteReductionBlock(0xffcfb08)]: 0 failure(s)
Postproc #5 [meta_schedule.VerifyGPUCode(0x10241ed8)]: 58 failure(s)
Postproc #6 [meta_schedule.RewriteTensorize(0x1003a7e8)]: 0 failure(s)
2025-10-11 01:58:27 [INFO] [evolutionary_search.cc:621] Evolve iter #2 done. Summary:
Postproc #0 [meta_schedule.DisallowDynamicLoop(0x10355778)]: 0 failure(s)
Postproc #1 [meta_schedule.RewriteCooperativeFetch(0x1037dc28)]: 0 failure(s)
Postproc #2 [meta_schedule.RewriteUnboundBlock(0x1023d0f8)]: 0 failure(s)
Postproc #3 [meta_schedule.RewriteParallelVectorizeUnroll(0x10146428)]: 0 failure(s)
Postproc #4 [meta_schedule.RewriteReductionBlock(0xffcfb08)]: 0 failure(s)
Postproc #5 [meta_schedule.VerifyGPUCode(0x10241ed8)]: 58 failure(s)
Postproc #6 [meta_schedule.RewriteTensorize(0x1003a7e8)]: 0 failure(s)
2025-10-11 01:58:35 [INFO] [evolutionary_search.cc:621] Evolve iter #3 done. Summary:
Postproc #0 [meta_schedule.DisallowDynamicLoop(0x10355778)]: 0 failure(s)
Postproc #1 [meta_schedule.RewriteCooperativeFetch(0x1037dc28)]: 0 failure(s)
Postproc #2 [meta_schedule.RewriteUnboundBlock(0x1023d0f8)]: 0 failure(s)
Postproc #3 [meta_schedule.RewriteParallelVectorizeUnroll(0x10146428)]: 0 failure(s)
Postproc #4 [meta_schedule.RewriteReductionBlock(0xffcfb08)]: 0 failure(s)
Postproc #5 [meta_schedule.VerifyGPUCode(0x10241ed8)]: 71 failure(s)
Postproc #6 [meta_schedule.RewriteTensorize(0x1003a7e8)]: 0 failure(s)
2025-10-11 01:58:38 [INFO] [evolutionary_search.cc:649] Scores of the best 64 candidates:
[1 : 16]:	0.8909  0.8732  0.8729  0.8682  0.8680  0.8666  0.8626  0.8613  0.8612  0.8589  0.8574  0.8568  0.8555  0.8482  0.8474  0.8462
[17 : 32]:	0.8451  0.8417  0.8397  0.8389  0.8361  0.8361  0.8358  0.8334  0.8333  0.8332  0.8304  0.8300  0.8300  0.8294  0.8285  0.8285
[33 : 48]:	0.8283  0.8283  0.8280  0.8263  0.8263  0.8251  0.8248  0.8245  0.8229  0.8216  0.8213  0.8203  0.8202  0.8191  0.8190  0.8180
[49 : 64]:	0.8178  0.8177  0.8163  0.8158  0.8156  0.8156  0.8154  0.8152  0.8139  0.8135  0.8134  0.8134  0.8134  0.8133  0.8127  0.8123
2025-10-11 01:58:38 [INFO] [evolutionary_search.cc:727] Got 64 candidate(s) with evolutionary search
2025-10-11 01:58:38 [INFO] [evolutionary_search.cc:730] Sending 64 candidates(s) for measurement
2025-10-11 01:59:06 [INFO] [task_scheduler.cc:131] [Task #0: main] Trial #641: GFLOPs: 3429.6567. Time: 3.7453 us. Best GFLOPs: 3904.9288
2025-10-11 01:59:06 [INFO] [task_scheduler.cc:131] [Task #0: main] Trial #642: GFLOPs: 3476.3970. Time: 3.6949 us. Best GFLOPs: 3904.9288
2025-10-11 01:59:06 [INFO] [task_scheduler.cc:131] [Task #0: main] Trial #643: GFLOPs: 3329.5318. Time: 3.8579 us. Best GFLOPs: 3904.9288
2025-10-11 01:59:06 [INFO] [task_scheduler.cc:131] [Task #0: main] Trial #644: GFLOPs: 3466.9475. Time: 3.7050 us. Best GFLOPs: 3904.9288
2025-10-11 01:59:06 [INFO] [task_scheduler.cc:131] [Task #0: main] Trial #645: GFLOPs: 3238.5948. Time: 3.9662 us. Best GFLOPs: 3904.9288
2025-10-11 01:59:06 [INFO] [task_scheduler.cc:131] [Task #0: main] Trial #646: GFLOPs: 3373.2587. Time: 3.8079 us. Best GFLOPs: 3904.9288
2025-10-11 01:59:06 [INFO] [task_scheduler.cc:131] [Task #0: main] Trial #647: GFLOPs: 3449.1192. Time: 3.7242 us. Best GFLOPs: 3904.9288
2025-10-11 01:59:06 [INFO] [task_scheduler.cc:131] [Task #0: main] Trial #648: GFLOPs: 3105.1763. Time: 4.1367 us. Best GFLOPs: 3904.9288
2025-10-11 01:59:06 [INFO] [task_scheduler.cc:131] [Task #0: main] Trial #649: GFLOPs: 3592.7252. Time: 3.5753 us. Best GFLOPs: 3904.9288
2025-10-11 01:59:06 [INFO] [task_scheduler.cc:131] [Task #0: main] Trial #650: GFLOPs: 3421.6829. Time: 3.7540 us. Best GFLOPs: 3904.9288
2025-10-11 01:59:06 [INFO] [task_scheduler.cc:131] [Task #0: main] Trial #651: GFLOPs: 3303.5354. Time: 3.8883 us. Best GFLOPs: 3904.9288
2025-10-11 01:59:06 [INFO] [task_scheduler.cc:131] [Task #0: main] Trial #652: GFLOPs: 3406.5045. Time: 3.7707 us. Best GFLOPs: 3904.9288
2025-10-11 01:59:06 [INFO] [task_scheduler.cc:131] [Task #0: main] Trial #653: GFLOPs: 3426.8982. Time: 3.7483 us. Best GFLOPs: 3904.9288
2025-10-11 01:59:06 [INFO] [task_scheduler.cc:131] [Task #0: main] Trial #654: GFLOPs: 3482.8872. Time: 3.6880 us. Best GFLOPs: 3904.9288
2025-10-11 01:59:06 [INFO] [task_scheduler.cc:131] [Task #0: main] Trial #655: GFLOPs: 3458.9811. Time: 3.7135 us. Best GFLOPs: 3904.9288
2025-10-11 01:59:06 [INFO] [task_scheduler.cc:131] [Task #0: main] Trial #656: GFLOPs: 3356.2255. Time: 3.8272 us. Best GFLOPs: 3904.9288
2025-10-11 01:59:06 [INFO] [task_scheduler.cc:131] [Task #0: main] Trial #657: GFLOPs: 2741.2171. Time: 4.6859 us. Best GFLOPs: 3904.9288
2025-10-11 01:59:06 [INFO] [task_scheduler.cc:131] [Task #0: main] Trial #658: GFLOPs: 3181.3701. Time: 4.0376 us. Best GFLOPs: 3904.9288
2025-10-11 01:59:06 [INFO] [task_scheduler.cc:131] [Task #0: main] Trial #659: GFLOPs: 3277.2352. Time: 3.9195 us. Best GFLOPs: 3904.9288
2025-10-11 01:59:06 [INFO] [task_scheduler.cc:131] [Task #0: main] Trial #660: GFLOPs: 3180.3622. Time: 4.0389 us. Best GFLOPs: 3904.9288
2025-10-11 01:59:06 [INFO] [task_scheduler.cc:131] [Task #0: main] Trial #661: GFLOPs: 3171.0750. Time: 4.0507 us. Best GFLOPs: 3904.9288
2025-10-11 01:59:06 [INFO] [task_scheduler.cc:131] [Task #0: main] Trial #662: GFLOPs: 3221.5127. Time: 3.9873 us. Best GFLOPs: 3904.9288
2025-10-11 01:59:06 [INFO] [task_scheduler.cc:131] [Task #0: main] Trial #663: GFLOPs: 3232.6059. Time: 3.9736 us. Best GFLOPs: 3904.9288
2025-10-11 01:59:06 [INFO] [task_scheduler.cc:131] [Task #0: main] Trial #664: GFLOPs: 3437.2305. Time: 3.7370 us. Best GFLOPs: 3904.9288
2025-10-11 01:59:06 [INFO] [task_scheduler.cc:131] [Task #0: main] Trial #665: GFLOPs: 3091.6444. Time: 4.1548 us. Best GFLOPs: 3904.9288
2025-10-11 01:59:06 [INFO] [task_scheduler.cc:131] [Task #0: main] Trial #666: GFLOPs: 3546.1650. Time: 3.6222 us. Best GFLOPs: 3904.9288
2025-10-11 01:59:06 [INFO] [task_scheduler.cc:131] [Task #0: main] Trial #667: GFLOPs: 3068.0324. Time: 4.1867 us. Best GFLOPs: 3904.9288
2025-10-11 01:59:06 [INFO] [task_scheduler.cc:131] [Task #0: main] Trial #668: GFLOPs: 3065.4763. Time: 4.1902 us. Best GFLOPs: 3904.9288
2025-10-11 01:59:06 [INFO] [task_scheduler.cc:131] [Task #0: main] Trial #669: GFLOPs: 3317.4315. Time: 3.8720 us. Best GFLOPs: 3904.9288
2025-10-11 01:59:06 [INFO] [task_scheduler.cc:131] [Task #0: main] Trial #670: GFLOPs: 3304.1969. Time: 3.8875 us. Best GFLOPs: 3904.9288
2025-10-11 01:59:06 [INFO] [task_scheduler.cc:131] [Task #0: main] Trial #671: GFLOPs: 3120.6322. Time: 4.1162 us. Best GFLOPs: 3904.9288
2025-10-11 01:59:06 [INFO] [task_scheduler.cc:131] [Task #0: main] Trial #672: GFLOPs: 2920.1224. Time: 4.3988 us. Best GFLOPs: 3904.9288
2025-10-11 01:59:06 [INFO] [task_scheduler.cc:131] [Task #0: main] Trial #673: GFLOPs: 3329.8589. Time: 3.8575 us. Best GFLOPs: 3904.9288
2025-10-11 01:59:06 [INFO] [task_scheduler.cc:131] [Task #0: main] Trial #674: GFLOPs: 3119.7634. Time: 4.1173 us. Best GFLOPs: 3904.9288
2025-10-11 01:59:06 [INFO] [task_scheduler.cc:131] [Task #0: main] Trial #675: GFLOPs: 3365.0911. Time: 3.8171 us. Best GFLOPs: 3904.9288
2025-10-11 01:59:06 [INFO] [task_scheduler.cc:131] [Task #0: main] Trial #676: GFLOPs: 3178.2358. Time: 4.0416 us. Best GFLOPs: 3904.9288
2025-10-11 01:59:06 [INFO] [task_scheduler.cc:131] [Task #0: main] Trial #677: GFLOPs: 3263.9506. Time: 3.9354 us. Best GFLOPs: 3904.9288
2025-10-11 01:59:06 [INFO] [task_scheduler.cc:131] [Task #0: main] Trial #678: GFLOPs: 2986.9617. Time: 4.3004 us. Best GFLOPs: 3904.9288
2025-10-11 01:59:06 [INFO] [task_scheduler.cc:131] [Task #0: main] Trial #679: GFLOPs: 3153.5808. Time: 4.0732 us. Best GFLOPs: 3904.9288
2025-10-11 01:59:06 [INFO] [task_scheduler.cc:131] [Task #0: main] Trial #680: GFLOPs: 3306.3731. Time: 3.8849 us. Best GFLOPs: 3904.9288
2025-10-11 01:59:06 [INFO] [task_scheduler.cc:131] [Task #0: main] Trial #681: GFLOPs: 3182.8823. Time: 4.0357 us. Best GFLOPs: 3904.9288
2025-10-11 01:59:06 [INFO] [task_scheduler.cc:131] [Task #0: main] Trial #682: GFLOPs: 3173.2371. Time: 4.0479 us. Best GFLOPs: 3904.9288
2025-10-11 01:59:06 [INFO] [task_scheduler.cc:131] [Task #0: main] Trial #683: GFLOPs: 3302.6812. Time: 3.8893 us. Best GFLOPs: 3904.9288
2025-10-11 01:59:06 [INFO] [task_scheduler.cc:131] [Task #0: main] Trial #684: GFLOPs: 3136.5365. Time: 4.0953 us. Best GFLOPs: 3904.9288
2025-10-11 01:59:06 [INFO] [task_scheduler.cc:131] [Task #0: main] Trial #685: GFLOPs: 2914.7777. Time: 4.4069 us. Best GFLOPs: 3904.9288
2025-10-11 01:59:06 [INFO] [task_scheduler.cc:131] [Task #0: main] Trial #686: GFLOPs: 3212.6779. Time: 3.9982 us. Best GFLOPs: 3904.9288
2025-10-11 01:59:06 [INFO] [task_scheduler.cc:131] [Task #0: main] Trial #687: GFLOPs: 3329.9221. Time: 3.8575 us. Best GFLOPs: 3904.9288
2025-10-11 01:59:06 [INFO] [task_scheduler.cc:131] [Task #0: main] Trial #688: GFLOPs: 3220.9948. Time: 3.9879 us. Best GFLOPs: 3904.9288
2025-10-11 01:59:06 [INFO] [task_scheduler.cc:131] [Task #0: main] Trial #689: GFLOPs: 3317.1630. Time: 3.8723 us. Best GFLOPs: 3904.9288
2025-10-11 01:59:06 [INFO] [task_scheduler.cc:131] [Task #0: main] Trial #690: GFLOPs: 3112.8886. Time: 4.1264 us. Best GFLOPs: 3904.9288
2025-10-11 01:59:06 [INFO] [task_scheduler.cc:131] [Task #0: main] Trial #691: GFLOPs: 3063.7138. Time: 4.1926 us. Best GFLOPs: 3904.9288
2025-10-11 01:59:06 [INFO] [task_scheduler.cc:131] [Task #0: main] Trial #692: GFLOPs: 3176.0340. Time: 4.0444 us. Best GFLOPs: 3904.9288
2025-10-11 01:59:06 [INFO] [task_scheduler.cc:131] [Task #0: main] Trial #693: GFLOPs: 3142.9789. Time: 4.0869 us. Best GFLOPs: 3904.9288
2025-10-11 01:59:06 [INFO] [task_scheduler.cc:131] [Task #0: main] Trial #694: GFLOPs: 3252.3970. Time: 3.9494 us. Best GFLOPs: 3904.9288
2025-10-11 01:59:06 [INFO] [task_scheduler.cc:131] [Task #0: main] Trial #695: GFLOPs: 3059.2623. Time: 4.1987 us. Best GFLOPs: 3904.9288
2025-10-11 01:59:06 [INFO] [task_scheduler.cc:131] [Task #0: main] Trial #696: GFLOPs: 3076.3825. Time: 4.1754 us. Best GFLOPs: 3904.9288
2025-10-11 01:59:06 [INFO] [task_scheduler.cc:131] [Task #0: main] Trial #697: GFLOPs: 3158.6561. Time: 4.0666 us. Best GFLOPs: 3904.9288
2025-10-11 01:59:06 [INFO] [task_scheduler.cc:131] [Task #0: main] Trial #698: GFLOPs: 3364.9389. Time: 3.8173 us. Best GFLOPs: 3904.9288
2025-10-11 01:59:06 [INFO] [task_scheduler.cc:131] [Task #0: main] Trial #699: GFLOPs: 2654.0518. Time: 4.8398 us. Best GFLOPs: 3904.9288
2025-10-11 01:59:06 [INFO] [task_scheduler.cc:131] [Task #0: main] Trial #700: GFLOPs: 3126.0669. Time: 4.1090 us. Best GFLOPs: 3904.9288
2025-10-11 01:59:06 [INFO] [task_scheduler.cc:131] [Task #0: main] Trial #701: GFLOPs: 3072.7035. Time: 4.1804 us. Best GFLOPs: 3904.9288
2025-10-11 01:59:06 [INFO] [task_scheduler.cc:131] [Task #0: main] Trial #702: GFLOPs: 558.1688. Time: 23.0129 us. Best GFLOPs: 3904.9288
2025-10-11 01:59:06 [INFO] [task_scheduler.cc:131] [Task #0: main] Trial #703: GFLOPs: 1102.9645. Time: 11.6459 us. Best GFLOPs: 3904.9288
2025-10-11 01:59:06 [INFO] [task_scheduler.cc:131] [Task #0: main] Trial #704: GFLOPs: 616.5604. Time: 20.8334 us. Best GFLOPs: 3904.9288
2025-10-11 01:59:06 [INFO] [evolutionary_search.cc:713] Generating candidates......
2025-10-11 01:59:08 [INFO] [evolutionary_search.cc:715] Picked top 102 candidate(s) from database
2025-10-11 01:59:12 [INFO] [evolutionary_search.cc:533] Sample-Init-Population summary:
Postproc #0 [meta_schedule.DisallowDynamicLoop(0x10355778)]: 0 failure(s)
Postproc #1 [meta_schedule.RewriteCooperativeFetch(0x1037dc28)]: 0 failure(s)
Postproc #2 [meta_schedule.RewriteUnboundBlock(0x1023d0f8)]: 0 failure(s)
Postproc #3 [meta_schedule.RewriteParallelVectorizeUnroll(0x10146428)]: 0 failure(s)
Postproc #4 [meta_schedule.RewriteReductionBlock(0xffcfb08)]: 0 failure(s)
Postproc #5 [meta_schedule.VerifyGPUCode(0x10241ed8)]: 277 failure(s)
Postproc #6 [meta_schedule.RewriteTensorize(0x1003a7e8)]: 0 failure(s)
2025-10-11 01:59:12 [INFO] [evolutionary_search.cc:723] Sampled 133 candidate(s)
2025-10-11 01:59:20 [INFO] [evolutionary_search.cc:621] Evolve iter #0 done. Summary:
Postproc #0 [meta_schedule.DisallowDynamicLoop(0x10355778)]: 0 failure(s)
Postproc #1 [meta_schedule.RewriteCooperativeFetch(0x1037dc28)]: 0 failure(s)
Postproc #2 [meta_schedule.RewriteUnboundBlock(0x1023d0f8)]: 0 failure(s)
Postproc #3 [meta_schedule.RewriteParallelVectorizeUnroll(0x10146428)]: 0 failure(s)
Postproc #4 [meta_schedule.RewriteReductionBlock(0xffcfb08)]: 0 failure(s)
Postproc #5 [meta_schedule.VerifyGPUCode(0x10241ed8)]: 74 failure(s)
Postproc #6 [meta_schedule.RewriteTensorize(0x1003a7e8)]: 0 failure(s)
2025-10-11 01:59:28 [INFO] [evolutionary_search.cc:621] Evolve iter #1 done. Summary:
Postproc #0 [meta_schedule.DisallowDynamicLoop(0x10355778)]: 0 failure(s)
Postproc #1 [meta_schedule.RewriteCooperativeFetch(0x1037dc28)]: 0 failure(s)
Postproc #2 [meta_schedule.RewriteUnboundBlock(0x1023d0f8)]: 0 failure(s)
Postproc #3 [meta_schedule.RewriteParallelVectorizeUnroll(0x10146428)]: 0 failure(s)
Postproc #4 [meta_schedule.RewriteReductionBlock(0xffcfb08)]: 0 failure(s)
Postproc #5 [meta_schedule.VerifyGPUCode(0x10241ed8)]: 85 failure(s)
Postproc #6 [meta_schedule.RewriteTensorize(0x1003a7e8)]: 0 failure(s)
2025-10-11 01:59:36 [INFO] [evolutionary_search.cc:621] Evolve iter #2 done. Summary:
Postproc #0 [meta_schedule.DisallowDynamicLoop(0x10355778)]: 0 failure(s)
Postproc #1 [meta_schedule.RewriteCooperativeFetch(0x1037dc28)]: 0 failure(s)
Postproc #2 [meta_schedule.RewriteUnboundBlock(0x1023d0f8)]: 0 failure(s)
Postproc #3 [meta_schedule.RewriteParallelVectorizeUnroll(0x10146428)]: 0 failure(s)
Postproc #4 [meta_schedule.RewriteReductionBlock(0xffcfb08)]: 0 failure(s)
Postproc #5 [meta_schedule.VerifyGPUCode(0x10241ed8)]: 51 failure(s)
Postproc #6 [meta_schedule.RewriteTensorize(0x1003a7e8)]: 0 failure(s)
2025-10-11 01:59:44 [INFO] [evolutionary_search.cc:621] Evolve iter #3 done. Summary:
Postproc #0 [meta_schedule.DisallowDynamicLoop(0x10355778)]: 0 failure(s)
Postproc #1 [meta_schedule.RewriteCooperativeFetch(0x1037dc28)]: 0 failure(s)
Postproc #2 [meta_schedule.RewriteUnboundBlock(0x1023d0f8)]: 0 failure(s)
Postproc #3 [meta_schedule.RewriteParallelVectorizeUnroll(0x10146428)]: 0 failure(s)
Postproc #4 [meta_schedule.RewriteReductionBlock(0xffcfb08)]: 0 failure(s)
Postproc #5 [meta_schedule.VerifyGPUCode(0x10241ed8)]: 60 failure(s)
Postproc #6 [meta_schedule.RewriteTensorize(0x1003a7e8)]: 0 failure(s)
2025-10-11 01:59:46 [INFO] [evolutionary_search.cc:649] Scores of the best 64 candidates:
[1 : 16]:	0.9068  0.9005  0.8919  0.8897  0.8838  0.8833  0.8749  0.8749  0.8746  0.8746  0.8669  0.8659  0.8630  0.8610  0.8610  0.8584
[17 : 32]:	0.8575  0.8523  0.8518  0.8507  0.8495  0.8487  0.8479  0.8472  0.8440  0.8427  0.8418  0.8411  0.8410  0.8399  0.8398  0.8396
[33 : 48]:	0.8374  0.8364  0.8347  0.8343  0.8329  0.8322  0.8322  0.8321  0.8295  0.8284  0.8281  0.8281  0.8281  0.8281  0.8271  0.8263
[49 : 64]:	0.8263  0.8254  0.8236  0.8229  0.8211  0.8205  0.8199  0.8185  0.8183  0.8178  0.8173  0.8172  0.8169  0.8165  0.8165  0.8164
2025-10-11 01:59:46 [INFO] [evolutionary_search.cc:727] Got 64 candidate(s) with evolutionary search
2025-10-11 01:59:47 [INFO] [evolutionary_search.cc:730] Sending 64 candidates(s) for measurement
2025-10-11 02:00:15 [INFO] [task_scheduler.cc:131] [Task #0: main] Trial #705: GFLOPs: 3220.6879. Time: 3.9883 us. Best GFLOPs: 3904.9288
2025-10-11 02:00:15 [INFO] [task_scheduler.cc:131] [Task #0: main] Trial #706: GFLOPs: 3208.7012. Time: 4.0032 us. Best GFLOPs: 3904.9288
2025-10-11 02:00:15 [INFO] [task_scheduler.cc:131] [Task #0: main] Trial #707: GFLOPs: 3476.5315. Time: 3.6948 us. Best GFLOPs: 3904.9288
2025-10-11 02:00:15 [INFO] [task_scheduler.cc:131] [Task #0: main] Trial #708: GFLOPs: 3566.2881. Time: 3.6018 us. Best GFLOPs: 3904.9288
2025-10-11 02:00:15 [INFO] [task_scheduler.cc:131] [Task #0: main] Trial #709: GFLOPs: 3266.3583. Time: 3.9325 us. Best GFLOPs: 3904.9288
2025-10-11 02:00:15 [INFO] [task_scheduler.cc:131] [Task #0: main] Trial #710: GFLOPs: 3465.7999. Time: 3.7062 us. Best GFLOPs: 3904.9288
2025-10-11 02:00:15 [INFO] [task_scheduler.cc:131] [Task #0: main] Trial #711: GFLOPs: 3244.7164. Time: 3.9588 us. Best GFLOPs: 3904.9288
2025-10-11 02:00:15 [INFO] [task_scheduler.cc:131] [Task #0: main] Trial #712: GFLOPs: 3574.7163. Time: 3.5933 us. Best GFLOPs: 3904.9288
2025-10-11 02:00:15 [INFO] [task_scheduler.cc:131] [Task #0: main] Trial #713: GFLOPs: 3471.9802. Time: 3.6996 us. Best GFLOPs: 3904.9288
2025-10-11 02:00:15 [INFO] [task_scheduler.cc:131] [Task #0: main] Trial #714: GFLOPs: 3257.6996. Time: 3.9430 us. Best GFLOPs: 3904.9288
2025-10-11 02:00:15 [INFO] [task_scheduler.cc:131] [Task #0: main] Trial #715: GFLOPs: 3472.0842. Time: 3.6995 us. Best GFLOPs: 3904.9288
2025-10-11 02:00:15 [INFO] [task_scheduler.cc:131] [Task #0: main] Trial #716: GFLOPs: 3406.4931. Time: 3.7708 us. Best GFLOPs: 3904.9288
2025-10-11 02:00:15 [INFO] [task_scheduler.cc:131] [Task #0: main] Trial #717: GFLOPs: 3309.7126. Time: 3.8810 us. Best GFLOPs: 3904.9288
2025-10-11 02:00:15 [INFO] [task_scheduler.cc:131] [Task #0: main] Trial #718: GFLOPs: 3625.3138. Time: 3.5432 us. Best GFLOPs: 3904.9288
2025-10-11 02:00:15 [INFO] [task_scheduler.cc:131] [Task #0: main] Trial #719: GFLOPs: 3384.7542. Time: 3.7950 us. Best GFLOPs: 3904.9288
2025-10-11 02:00:15 [INFO] [task_scheduler.cc:131] [Task #0: main] Trial #720: GFLOPs: 3475.1222. Time: 3.6963 us. Best GFLOPs: 3904.9288
2025-10-11 02:00:15 [INFO] [task_scheduler.cc:131] [Task #0: main] Trial #721: GFLOPs: 3099.7148. Time: 4.1439 us. Best GFLOPs: 3904.9288
2025-10-11 02:00:15 [INFO] [task_scheduler.cc:131] [Task #0: main] Trial #722: GFLOPs: 3327.4120. Time: 3.8604 us. Best GFLOPs: 3904.9288
2025-10-11 02:00:15 [INFO] [task_scheduler.cc:131] [Task #0: main] Trial #723: GFLOPs: 3291.7166. Time: 3.9022 us. Best GFLOPs: 3904.9288
2025-10-11 02:00:15 [INFO] [task_scheduler.cc:131] [Task #0: main] Trial #724: GFLOPs: 3348.2632. Time: 3.8363 us. Best GFLOPs: 3904.9288
2025-10-11 02:00:15 [INFO] [task_scheduler.cc:131] [Task #0: main] Trial #725: GFLOPs: 3340.9412. Time: 3.8447 us. Best GFLOPs: 3904.9288
2025-10-11 02:00:15 [INFO] [task_scheduler.cc:131] [Task #0: main] Trial #726: GFLOPs: 3157.5750. Time: 4.0680 us. Best GFLOPs: 3904.9288
2025-10-11 02:00:15 [INFO] [task_scheduler.cc:131] [Task #0: main] Trial #727: GFLOPs: 3345.2391. Time: 3.8398 us. Best GFLOPs: 3904.9288
2025-10-11 02:00:15 [INFO] [task_scheduler.cc:131] [Task #0: main] Trial #728: GFLOPs: 3230.5702. Time: 3.9761 us. Best GFLOPs: 3904.9288
2025-10-11 02:00:15 [INFO] [task_scheduler.cc:131] [Task #0: main] Trial #729: GFLOPs: 3279.7131. Time: 3.9165 us. Best GFLOPs: 3904.9288
2025-10-11 02:00:15 [INFO] [task_scheduler.cc:131] [Task #0: main] Trial #730: GFLOPs: 3322.4434. Time: 3.8661 us. Best GFLOPs: 3904.9288
2025-10-11 02:00:15 [INFO] [task_scheduler.cc:131] [Task #0: main] Trial #731: GFLOPs: 3567.0634. Time: 3.6010 us. Best GFLOPs: 3904.9288
2025-10-11 02:00:15 [INFO] [task_scheduler.cc:131] [Task #0: main] Trial #732: GFLOPs: 3296.8142. Time: 3.8962 us. Best GFLOPs: 3904.9288
2025-10-11 02:00:15 [INFO] [task_scheduler.cc:131] [Task #0: main] Trial #733: GFLOPs: 3337.4903. Time: 3.8487 us. Best GFLOPs: 3904.9288
2025-10-11 02:00:15 [INFO] [task_scheduler.cc:131] [Task #0: main] Trial #734: GFLOPs: 3131.3571. Time: 4.1021 us. Best GFLOPs: 3904.9288
2025-10-11 02:00:15 [INFO] [task_scheduler.cc:131] [Task #0: main] Trial #735: GFLOPs: 3275.8041. Time: 3.9212 us. Best GFLOPs: 3904.9288
2025-10-11 02:00:15 [INFO] [task_scheduler.cc:131] [Task #0: main] Trial #736: GFLOPs: 3213.7496. Time: 3.9969 us. Best GFLOPs: 3904.9288
2025-10-11 02:00:15 [INFO] [task_scheduler.cc:131] [Task #0: main] Trial #737: GFLOPs: 3365.6196. Time: 3.8166 us. Best GFLOPs: 3904.9288
2025-10-11 02:00:15 [INFO] [task_scheduler.cc:131] [Task #0: main] Trial #738: GFLOPs: 3112.3298. Time: 4.1272 us. Best GFLOPs: 3904.9288
2025-10-11 02:00:15 [INFO] [task_scheduler.cc:131] [Task #0: main] Trial #739: GFLOPs: 3233.0802. Time: 3.9730 us. Best GFLOPs: 3904.9288
2025-10-11 02:00:15 [INFO] [task_scheduler.cc:131] [Task #0: main] Trial #740: GFLOPs: 3097.5564. Time: 4.1468 us. Best GFLOPs: 3904.9288
2025-10-11 02:00:15 [INFO] [task_scheduler.cc:131] [Task #0: main] Trial #741: GFLOPs: 3216.4248. Time: 3.9936 us. Best GFLOPs: 3904.9288
2025-10-11 02:00:15 [INFO] [task_scheduler.cc:131] [Task #0: main] Trial #742: GFLOPs: 3130.3812. Time: 4.1034 us. Best GFLOPs: 3904.9288
2025-10-11 02:00:15 [INFO] [task_scheduler.cc:131] [Task #0: main] Trial #743: GFLOPs: 3050.2880. Time: 4.2111 us. Best GFLOPs: 3904.9288
2025-10-11 02:00:15 [INFO] [task_scheduler.cc:131] [Task #0: main] Trial #744: GFLOPs: 3351.9776. Time: 3.8321 us. Best GFLOPs: 3904.9288
2025-10-11 02:00:15 [INFO] [task_scheduler.cc:131] [Task #0: main] Trial #745: GFLOPs: 3134.7014. Time: 4.0977 us. Best GFLOPs: 3904.9288
2025-10-11 02:00:15 [INFO] [task_scheduler.cc:131] [Task #0: main] Trial #746: GFLOPs: 2907.0969. Time: 4.4185 us. Best GFLOPs: 3904.9288
2025-10-11 02:00:15 [INFO] [task_scheduler.cc:131] [Task #0: main] Trial #747: GFLOPs: 3125.3944. Time: 4.1099 us. Best GFLOPs: 3904.9288
2025-10-11 02:00:15 [INFO] [task_scheduler.cc:131] [Task #0: main] Trial #748: GFLOPs: 3058.2292. Time: 4.2002 us. Best GFLOPs: 3904.9288
2025-10-11 02:00:15 [INFO] [task_scheduler.cc:131] [Task #0: main] Trial #749: GFLOPs: 3016.7926. Time: 4.2579 us. Best GFLOPs: 3904.9288
2025-10-11 02:00:15 [INFO] [task_scheduler.cc:131] [Task #0: main] Trial #750: GFLOPs: 3329.8060. Time: 3.8576 us. Best GFLOPs: 3904.9288
2025-10-11 02:00:15 [INFO] [task_scheduler.cc:131] [Task #0: main] Trial #751: GFLOPs: 3055.8499. Time: 4.2034 us. Best GFLOPs: 3904.9288
2025-10-11 02:00:15 [INFO] [task_scheduler.cc:131] [Task #0: main] Trial #752: GFLOPs: 3268.8419. Time: 3.9295 us. Best GFLOPs: 3904.9288
2025-10-11 02:00:15 [INFO] [task_scheduler.cc:131] [Task #0: main] Trial #753: GFLOPs: 3093.4633. Time: 4.1523 us. Best GFLOPs: 3904.9288
2025-10-11 02:00:15 [INFO] [task_scheduler.cc:131] [Task #0: main] Trial #754: GFLOPs: 2830.6137. Time: 4.5379 us. Best GFLOPs: 3904.9288
2025-10-11 02:00:15 [INFO] [task_scheduler.cc:131] [Task #0: main] Trial #755: GFLOPs: 3138.1372. Time: 4.0932 us. Best GFLOPs: 3904.9288
2025-10-11 02:00:15 [INFO] [task_scheduler.cc:131] [Task #0: main] Trial #756: GFLOPs: 2373.8382. Time: 5.4111 us. Best GFLOPs: 3904.9288
2025-10-11 02:00:15 [INFO] [task_scheduler.cc:131] [Task #0: main] Trial #757: GFLOPs: 3311.3184. Time: 3.8791 us. Best GFLOPs: 3904.9288
2025-10-11 02:00:15 [INFO] [task_scheduler.cc:131] [Task #0: main] Trial #758: GFLOPs: 3349.0381. Time: 3.8354 us. Best GFLOPs: 3904.9288
2025-10-11 02:00:15 [INFO] [task_scheduler.cc:131] [Task #0: main] Trial #759: GFLOPs: 3115.7652. Time: 4.1226 us. Best GFLOPs: 3904.9288
2025-10-11 02:00:15 [INFO] [task_scheduler.cc:131] [Task #0: main] Trial #760: GFLOPs: 3499.0586. Time: 3.6710 us. Best GFLOPs: 3904.9288
2025-10-11 02:00:15 [INFO] [task_scheduler.cc:131] [Task #0: main] Trial #761: GFLOPs: 3104.6489. Time: 4.1374 us. Best GFLOPs: 3904.9288
2025-10-11 02:00:15 [INFO] [task_scheduler.cc:131] [Task #0: main] Trial #762: GFLOPs: 3228.2975. Time: 3.9789 us. Best GFLOPs: 3904.9288
2025-10-11 02:00:15 [INFO] [task_scheduler.cc:131] [Task #0: main] Trial #763: GFLOPs: 3107.3563. Time: 4.1338 us. Best GFLOPs: 3904.9288
2025-10-11 02:00:15 [INFO] [task_scheduler.cc:131] [Task #0: main] Trial #764: GFLOPs: 3212.1343. Time: 3.9989 us. Best GFLOPs: 3904.9288
2025-10-11 02:00:15 [INFO] [task_scheduler.cc:131] [Task #0: main] Trial #765: GFLOPs: 3062.0728. Time: 4.1949 us. Best GFLOPs: 3904.9288
2025-10-11 02:00:15 [INFO] [task_scheduler.cc:131] [Task #0: main] Trial #766: GFLOPs: 1684.3969. Time: 7.6259 us. Best GFLOPs: 3904.9288
2025-10-11 02:00:15 [INFO] [task_scheduler.cc:131] [Task #0: main] Trial #767: GFLOPs: 502.7024. Time: 25.5520 us. Best GFLOPs: 3904.9288
2025-10-11 02:00:15 [INFO] [task_scheduler.cc:131] [Task #0: main] Trial #768: GFLOPs: 1011.0778. Time: 12.7043 us. Best GFLOPs: 3904.9288
2025-10-11 02:00:15 [INFO] [evolutionary_search.cc:713] Generating candidates......
2025-10-11 02:00:16 [INFO] [evolutionary_search.cc:715] Picked top 102 candidate(s) from database
2025-10-11 02:00:21 [INFO] [evolutionary_search.cc:533] Sample-Init-Population summary:
Postproc #0 [meta_schedule.DisallowDynamicLoop(0x10355778)]: 0 failure(s)
Postproc #1 [meta_schedule.RewriteCooperativeFetch(0x1037dc28)]: 0 failure(s)
Postproc #2 [meta_schedule.RewriteUnboundBlock(0x1023d0f8)]: 0 failure(s)
Postproc #3 [meta_schedule.RewriteParallelVectorizeUnroll(0x10146428)]: 0 failure(s)
Postproc #4 [meta_schedule.RewriteReductionBlock(0xffcfb08)]: 0 failure(s)
Postproc #5 [meta_schedule.VerifyGPUCode(0x10241ed8)]: 282 failure(s)
Postproc #6 [meta_schedule.RewriteTensorize(0x1003a7e8)]: 0 failure(s)
2025-10-11 02:00:21 [INFO] [evolutionary_search.cc:723] Sampled 128 candidate(s)
2025-10-11 02:00:28 [INFO] [evolutionary_search.cc:621] Evolve iter #0 done. Summary:
Postproc #0 [meta_schedule.DisallowDynamicLoop(0x10355778)]: 0 failure(s)
Postproc #1 [meta_schedule.RewriteCooperativeFetch(0x1037dc28)]: 0 failure(s)
Postproc #2 [meta_schedule.RewriteUnboundBlock(0x1023d0f8)]: 0 failure(s)
Postproc #3 [meta_schedule.RewriteParallelVectorizeUnroll(0x10146428)]: 0 failure(s)
Postproc #4 [meta_schedule.RewriteReductionBlock(0xffcfb08)]: 0 failure(s)
Postproc #5 [meta_schedule.VerifyGPUCode(0x10241ed8)]: 53 failure(s)
Postproc #6 [meta_schedule.RewriteTensorize(0x1003a7e8)]: 0 failure(s)
2025-10-11 02:00:36 [INFO] [evolutionary_search.cc:621] Evolve iter #1 done. Summary:
Postproc #0 [meta_schedule.DisallowDynamicLoop(0x10355778)]: 0 failure(s)
Postproc #1 [meta_schedule.RewriteCooperativeFetch(0x1037dc28)]: 0 failure(s)
Postproc #2 [meta_schedule.RewriteUnboundBlock(0x1023d0f8)]: 0 failure(s)
Postproc #3 [meta_schedule.RewriteParallelVectorizeUnroll(0x10146428)]: 0 failure(s)
Postproc #4 [meta_schedule.RewriteReductionBlock(0xffcfb08)]: 0 failure(s)
Postproc #5 [meta_schedule.VerifyGPUCode(0x10241ed8)]: 63 failure(s)
Postproc #6 [meta_schedule.RewriteTensorize(0x1003a7e8)]: 0 failure(s)
2025-10-11 02:00:44 [INFO] [evolutionary_search.cc:621] Evolve iter #2 done. Summary:
Postproc #0 [meta_schedule.DisallowDynamicLoop(0x10355778)]: 0 failure(s)
Postproc #1 [meta_schedule.RewriteCooperativeFetch(0x1037dc28)]: 0 failure(s)
Postproc #2 [meta_schedule.RewriteUnboundBlock(0x1023d0f8)]: 0 failure(s)
Postproc #3 [meta_schedule.RewriteParallelVectorizeUnroll(0x10146428)]: 0 failure(s)
Postproc #4 [meta_schedule.RewriteReductionBlock(0xffcfb08)]: 0 failure(s)
Postproc #5 [meta_schedule.VerifyGPUCode(0x10241ed8)]: 70 failure(s)
Postproc #6 [meta_schedule.RewriteTensorize(0x1003a7e8)]: 0 failure(s)
2025-10-11 02:00:52 [INFO] [evolutionary_search.cc:621] Evolve iter #3 done. Summary:
Postproc #0 [meta_schedule.DisallowDynamicLoop(0x10355778)]: 0 failure(s)
Postproc #1 [meta_schedule.RewriteCooperativeFetch(0x1037dc28)]: 0 failure(s)
Postproc #2 [meta_schedule.RewriteUnboundBlock(0x1023d0f8)]: 0 failure(s)
Postproc #3 [meta_schedule.RewriteParallelVectorizeUnroll(0x10146428)]: 0 failure(s)
Postproc #4 [meta_schedule.RewriteReductionBlock(0xffcfb08)]: 0 failure(s)
Postproc #5 [meta_schedule.VerifyGPUCode(0x10241ed8)]: 56 failure(s)
Postproc #6 [meta_schedule.RewriteTensorize(0x1003a7e8)]: 0 failure(s)
2025-10-11 02:00:54 [INFO] [evolutionary_search.cc:649] Scores of the best 64 candidates:
[1 : 16]:	0.8780  0.8777  0.8776  0.8660  0.8658  0.8616  0.8588  0.8588  0.8571  0.8566  0.8562  0.8527  0.8505  0.8496  0.8493  0.8480
[17 : 32]:	0.8480  0.8479  0.8390  0.8356  0.8349  0.8342  0.8342  0.8342  0.8261  0.8261  0.8250  0.8250  0.8249  0.8247  0.8247  0.8237
[33 : 48]:	0.8220  0.8182  0.8180  0.8179  0.8175  0.8173  0.8168  0.8154  0.8154  0.8153  0.8140  0.8139  0.8138  0.8127  0.8124  0.8122
[49 : 64]:	0.8118  0.8117  0.8112  0.8096  0.8090  0.8090  0.8088  0.8084  0.8081  0.8078  0.8076  0.8068  0.8066  0.8055  0.8050  0.8047
2025-10-11 02:00:55 [INFO] [evolutionary_search.cc:727] Got 64 candidate(s) with evolutionary search
2025-10-11 02:00:55 [INFO] [evolutionary_search.cc:730] Sending 64 candidates(s) for measurement
2025-10-11 02:01:23 [INFO] [task_scheduler.cc:131] [Task #0: main] Trial #769: GFLOPs: 3411.6558. Time: 3.7651 us. Best GFLOPs: 3904.9288
2025-10-11 02:01:23 [INFO] [task_scheduler.cc:131] [Task #0: main] Trial #770: GFLOPs: 3204.2007. Time: 4.0088 us. Best GFLOPs: 3904.9288
2025-10-11 02:01:23 [INFO] [task_scheduler.cc:131] [Task #0: main] Trial #771: GFLOPs: 3467.3201. Time: 3.7046 us. Best GFLOPs: 3904.9288
2025-10-11 02:01:23 [INFO] [task_scheduler.cc:131] [Task #0: main] Trial #772: GFLOPs: 3443.5817. Time: 3.7301 us. Best GFLOPs: 3904.9288
2025-10-11 02:01:23 [INFO] [task_scheduler.cc:131] [Task #0: main] Trial #773: GFLOPs: 2710.7513. Time: 4.7386 us. Best GFLOPs: 3904.9288
2025-10-11 02:01:23 [INFO] [task_scheduler.cc:131] [Task #0: main] Trial #774: GFLOPs: 3652.2379. Time: 3.5170 us. Best GFLOPs: 3904.9288
2025-10-11 02:01:23 [INFO] [task_scheduler.cc:131] [Task #0: main] Trial #775: GFLOPs: 3600.4139. Time: 3.5677 us. Best GFLOPs: 3904.9288
2025-10-11 02:01:23 [INFO] [task_scheduler.cc:131] [Task #0: main] Trial #776: GFLOPs: 3314.0344. Time: 3.8760 us. Best GFLOPs: 3904.9288
2025-10-11 02:01:23 [INFO] [task_scheduler.cc:131] [Task #0: main] Trial #777: GFLOPs: 3045.2613. Time: 4.2180 us. Best GFLOPs: 3904.9288
2025-10-11 02:01:23 [INFO] [task_scheduler.cc:131] [Task #0: main] Trial #778: GFLOPs: 3364.9799. Time: 3.8173 us. Best GFLOPs: 3904.9288
2025-10-11 02:01:23 [INFO] [task_scheduler.cc:131] [Task #0: main] Trial #779: GFLOPs: 3121.1985. Time: 4.1154 us. Best GFLOPs: 3904.9288
2025-10-11 02:01:23 [INFO] [task_scheduler.cc:131] [Task #0: main] Trial #780: GFLOPs: 3277.9983. Time: 3.9186 us. Best GFLOPs: 3904.9288
2025-10-11 02:01:23 [INFO] [task_scheduler.cc:131] [Task #0: main] Trial #781: GFLOPs: 3251.6688. Time: 3.9503 us. Best GFLOPs: 3904.9288
2025-10-11 02:01:23 [INFO] [task_scheduler.cc:131] [Task #0: main] Trial #782: GFLOPs: 3249.7160. Time: 3.9527 us. Best GFLOPs: 3904.9288
2025-10-11 02:01:23 [INFO] [task_scheduler.cc:131] [Task #0: main] Trial #783: GFLOPs: 3403.2547. Time: 3.7743 us. Best GFLOPs: 3904.9288
2025-10-11 02:01:23 [INFO] [task_scheduler.cc:131] [Task #0: main] Trial #784: GFLOPs: 3088.0210. Time: 4.1596 us. Best GFLOPs: 3904.9288
2025-10-11 02:01:23 [INFO] [task_scheduler.cc:131] [Task #0: main] Trial #785: GFLOPs: 3242.4169. Time: 3.9616 us. Best GFLOPs: 3904.9288
2025-10-11 02:01:23 [INFO] [task_scheduler.cc:131] [Task #0: main] Trial #786: GFLOPs: 3496.1359. Time: 3.6741 us. Best GFLOPs: 3904.9288
2025-10-11 02:01:23 [INFO] [task_scheduler.cc:131] [Task #0: main] Trial #787: GFLOPs: 3320.9587. Time: 3.8679 us. Best GFLOPs: 3904.9288
2025-10-11 02:01:23 [INFO] [task_scheduler.cc:131] [Task #0: main] Trial #788: GFLOPs: 3181.4783. Time: 4.0374 us. Best GFLOPs: 3904.9288
2025-10-11 02:01:23 [INFO] [task_scheduler.cc:131] [Task #0: main] Trial #789: GFLOPs: 3210.3390. Time: 4.0012 us. Best GFLOPs: 3904.9288
2025-10-11 02:01:23 [INFO] [task_scheduler.cc:131] [Task #0: main] Trial #790: GFLOPs: 3075.7289. Time: 4.1763 us. Best GFLOPs: 3904.9288
2025-10-11 02:01:23 [INFO] [task_scheduler.cc:131] [Task #0: main] Trial #791: GFLOPs: 3179.6470. Time: 4.0398 us. Best GFLOPs: 3904.9288
2025-10-11 02:01:23 [INFO] [task_scheduler.cc:131] [Task #0: main] Trial #792: GFLOPs: 3394.0508. Time: 3.7846 us. Best GFLOPs: 3904.9288
2025-10-11 02:01:23 [INFO] [task_scheduler.cc:131] [Task #0: main] Trial #793: GFLOPs: 3063.7363. Time: 4.1926 us. Best GFLOPs: 3904.9288
2025-10-11 02:01:23 [INFO] [task_scheduler.cc:131] [Task #0: main] Trial #794: GFLOPs: 3206.2947. Time: 4.0062 us. Best GFLOPs: 3904.9288
2025-10-11 02:01:23 [INFO] [task_scheduler.cc:131] [Task #0: main] Trial #795: GFLOPs: 3014.3732. Time: 4.2613 us. Best GFLOPs: 3904.9288
2025-10-11 02:01:23 [INFO] [task_scheduler.cc:131] [Task #0: main] Trial #796: GFLOPs: 3014.1250. Time: 4.2616 us. Best GFLOPs: 3904.9288
2025-10-11 02:01:23 [INFO] [task_scheduler.cc:131] [Task #0: main] Trial #797: GFLOPs: 3221.5361. Time: 3.9872 us. Best GFLOPs: 3904.9288
2025-10-11 02:01:23 [INFO] [task_scheduler.cc:131] [Task #0: main] Trial #798: GFLOPs: 3092.6116. Time: 4.1535 us. Best GFLOPs: 3904.9288
2025-10-11 02:01:23 [INFO] [task_scheduler.cc:131] [Task #0: main] Trial #799: GFLOPs: 2963.6417. Time: 4.3342 us. Best GFLOPs: 3904.9288
2025-10-11 02:01:23 [INFO] [task_scheduler.cc:131] [Task #0: main] Trial #800: GFLOPs: 3111.5319. Time: 4.1282 us. Best GFLOPs: 3904.9288
2025-10-11 02:01:23 [INFO] [task_scheduler.cc:131] [Task #0: main] Trial #801: GFLOPs: 3276.2037. Time: 3.9207 us. Best GFLOPs: 3904.9288
2025-10-11 02:01:23 [INFO] [task_scheduler.cc:131] [Task #0: main] Trial #802: GFLOPs: 2956.9597. Time: 4.3440 us. Best GFLOPs: 3904.9288
2025-10-11 02:01:23 [INFO] [task_scheduler.cc:131] [Task #0: main] Trial #803: GFLOPs: 3391.2887. Time: 3.7877 us. Best GFLOPs: 3904.9288
2025-10-11 02:01:23 [INFO] [task_scheduler.cc:131] [Task #0: main] Trial #804: GFLOPs: 3107.7749. Time: 4.1332 us. Best GFLOPs: 3904.9288
2025-10-11 02:01:23 [INFO] [task_scheduler.cc:131] [Task #0: main] Trial #805: GFLOPs: 3265.4248. Time: 3.9337 us. Best GFLOPs: 3904.9288
2025-10-11 02:01:23 [INFO] [task_scheduler.cc:131] [Task #0: main] Trial #806: GFLOPs: 3099.8403. Time: 4.1438 us. Best GFLOPs: 3904.9288
2025-10-11 02:01:23 [INFO] [task_scheduler.cc:131] [Task #0: main] Trial #807: GFLOPs: 3073.9248. Time: 4.1787 us. Best GFLOPs: 3904.9288
2025-10-11 02:01:23 [INFO] [task_scheduler.cc:131] [Task #0: main] Trial #808: GFLOPs: 3382.7627. Time: 3.7972 us. Best GFLOPs: 3904.9288
2025-10-11 02:01:23 [INFO] [task_scheduler.cc:131] [Task #0: main] Trial #809: GFLOPs: 3048.2112. Time: 4.2140 us. Best GFLOPs: 3904.9288
2025-10-11 02:01:23 [INFO] [task_scheduler.cc:131] [Task #0: main] Trial #810: GFLOPs: 3108.7616. Time: 4.1319 us. Best GFLOPs: 3904.9288
2025-10-11 02:01:23 [INFO] [task_scheduler.cc:131] [Task #0: main] Trial #811: GFLOPs: 3306.0360. Time: 3.8853 us. Best GFLOPs: 3904.9288
2025-10-11 02:01:23 [INFO] [task_scheduler.cc:131] [Task #0: main] Trial #812: GFLOPs: 3063.2495. Time: 4.1933 us. Best GFLOPs: 3904.9288
2025-10-11 02:01:23 [INFO] [task_scheduler.cc:131] [Task #0: main] Trial #813: GFLOPs: 2505.2560. Time: 5.1272 us. Best GFLOPs: 3904.9288
2025-10-11 02:01:23 [INFO] [task_scheduler.cc:131] [Task #0: main] Trial #814: GFLOPs: 3430.9246. Time: 3.7439 us. Best GFLOPs: 3904.9288
2025-10-11 02:01:23 [INFO] [task_scheduler.cc:131] [Task #0: main] Trial #815: GFLOPs: 3058.7569. Time: 4.1994 us. Best GFLOPs: 3904.9288
2025-10-11 02:01:23 [INFO] [task_scheduler.cc:131] [Task #0: main] Trial #816: GFLOPs: 3471.9811. Time: 3.6996 us. Best GFLOPs: 3904.9288
2025-10-11 02:01:23 [INFO] [task_scheduler.cc:131] [Task #0: main] Trial #817: GFLOPs: 3006.4730. Time: 4.2725 us. Best GFLOPs: 3904.9288
2025-10-11 02:01:23 [INFO] [task_scheduler.cc:131] [Task #0: main] Trial #818: GFLOPs: 3329.2229. Time: 3.8583 us. Best GFLOPs: 3904.9288
2025-10-11 02:01:23 [INFO] [task_scheduler.cc:131] [Task #0: main] Trial #819: GFLOPs: 3292.4191. Time: 3.9014 us. Best GFLOPs: 3904.9288
2025-10-11 02:01:23 [INFO] [task_scheduler.cc:131] [Task #0: main] Trial #820: GFLOPs: 3246.1504. Time: 3.9570 us. Best GFLOPs: 3904.9288
2025-10-11 02:01:23 [INFO] [task_scheduler.cc:131] [Task #0: main] Trial #821: GFLOPs: 3347.1213. Time: 3.8376 us. Best GFLOPs: 3904.9288
2025-10-11 02:01:23 [INFO] [task_scheduler.cc:131] [Task #0: main] Trial #822: GFLOPs: 3207.3262. Time: 4.0049 us. Best GFLOPs: 3904.9288
2025-10-11 02:01:23 [INFO] [task_scheduler.cc:131] [Task #0: main] Trial #823: GFLOPs: 2974.9722. Time: 4.3177 us. Best GFLOPs: 3904.9288
2025-10-11 02:01:23 [INFO] [task_scheduler.cc:131] [Task #0: main] Trial #824: GFLOPs: 2993.8794. Time: 4.2904 us. Best GFLOPs: 3904.9288
2025-10-11 02:01:23 [INFO] [task_scheduler.cc:131] [Task #0: main] Trial #825: GFLOPs: 3322.4047. Time: 3.8662 us. Best GFLOPs: 3904.9288
2025-10-11 02:01:23 [INFO] [task_scheduler.cc:131] [Task #0: main] Trial #826: GFLOPs: 2833.3978. Time: 4.5334 us. Best GFLOPs: 3904.9288
2025-10-11 02:01:23 [INFO] [task_scheduler.cc:131] [Task #0: main] Trial #827: GFLOPs: 3004.0177. Time: 4.2760 us. Best GFLOPs: 3904.9288
2025-10-11 02:01:23 [INFO] [task_scheduler.cc:131] [Task #0: main] Trial #828: GFLOPs: 2972.3527. Time: 4.3215 us. Best GFLOPs: 3904.9288
2025-10-11 02:01:23 [INFO] [task_scheduler.cc:131] [Task #0: main] Trial #829: GFLOPs: 2933.8503. Time: 4.3782 us. Best GFLOPs: 3904.9288
2025-10-11 02:01:23 [INFO] [task_scheduler.cc:131] [Task #0: main] Trial #830: GFLOPs: 1721.3834. Time: 7.4621 us. Best GFLOPs: 3904.9288
2025-10-11 02:01:23 [INFO] [task_scheduler.cc:131] [Task #0: main] Trial #831: GFLOPs: 1072.8600. Time: 11.9727 us. Best GFLOPs: 3904.9288
2025-10-11 02:01:23 [INFO] [task_scheduler.cc:131] [Task #0: main] Trial #832: GFLOPs: 391.3089. Time: 32.8259 us. Best GFLOPs: 3904.9288
2025-10-11 02:01:23 [INFO] [evolutionary_search.cc:713] Generating candidates......
2025-10-11 02:01:24 [INFO] [evolutionary_search.cc:715] Picked top 102 candidate(s) from database
2025-10-11 02:01:29 [INFO] [evolutionary_search.cc:533] Sample-Init-Population summary:
Postproc #0 [meta_schedule.DisallowDynamicLoop(0x10355778)]: 0 failure(s)
Postproc #1 [meta_schedule.RewriteCooperativeFetch(0x1037dc28)]: 0 failure(s)
Postproc #2 [meta_schedule.RewriteUnboundBlock(0x1023d0f8)]: 0 failure(s)
Postproc #3 [meta_schedule.RewriteParallelVectorizeUnroll(0x10146428)]: 0 failure(s)
Postproc #4 [meta_schedule.RewriteReductionBlock(0xffcfb08)]: 0 failure(s)
Postproc #5 [meta_schedule.VerifyGPUCode(0x10241ed8)]: 265 failure(s)
Postproc #6 [meta_schedule.RewriteTensorize(0x1003a7e8)]: 0 failure(s)
2025-10-11 02:01:29 [INFO] [evolutionary_search.cc:723] Sampled 145 candidate(s)
2025-10-11 02:01:36 [INFO] [evolutionary_search.cc:621] Evolve iter #0 done. Summary:
Postproc #0 [meta_schedule.DisallowDynamicLoop(0x10355778)]: 0 failure(s)
Postproc #1 [meta_schedule.RewriteCooperativeFetch(0x1037dc28)]: 0 failure(s)
Postproc #2 [meta_schedule.RewriteUnboundBlock(0x1023d0f8)]: 0 failure(s)
Postproc #3 [meta_schedule.RewriteParallelVectorizeUnroll(0x10146428)]: 0 failure(s)
Postproc #4 [meta_schedule.RewriteReductionBlock(0xffcfb08)]: 0 failure(s)
Postproc #5 [meta_schedule.VerifyGPUCode(0x10241ed8)]: 65 failure(s)
Postproc #6 [meta_schedule.RewriteTensorize(0x1003a7e8)]: 0 failure(s)
2025-10-11 02:01:44 [INFO] [evolutionary_search.cc:621] Evolve iter #1 done. Summary:
Postproc #0 [meta_schedule.DisallowDynamicLoop(0x10355778)]: 0 failure(s)
Postproc #1 [meta_schedule.RewriteCooperativeFetch(0x1037dc28)]: 0 failure(s)
Postproc #2 [meta_schedule.RewriteUnboundBlock(0x1023d0f8)]: 0 failure(s)
Postproc #3 [meta_schedule.RewriteParallelVectorizeUnroll(0x10146428)]: 0 failure(s)
Postproc #4 [meta_schedule.RewriteReductionBlock(0xffcfb08)]: 0 failure(s)
Postproc #5 [meta_schedule.VerifyGPUCode(0x10241ed8)]: 70 failure(s)
Postproc #6 [meta_schedule.RewriteTensorize(0x1003a7e8)]: 0 failure(s)
2025-10-11 02:01:52 [INFO] [evolutionary_search.cc:621] Evolve iter #2 done. Summary:
Postproc #0 [meta_schedule.DisallowDynamicLoop(0x10355778)]: 0 failure(s)
Postproc #1 [meta_schedule.RewriteCooperativeFetch(0x1037dc28)]: 0 failure(s)
Postproc #2 [meta_schedule.RewriteUnboundBlock(0x1023d0f8)]: 0 failure(s)
Postproc #3 [meta_schedule.RewriteParallelVectorizeUnroll(0x10146428)]: 0 failure(s)
Postproc #4 [meta_schedule.RewriteReductionBlock(0xffcfb08)]: 0 failure(s)
Postproc #5 [meta_schedule.VerifyGPUCode(0x10241ed8)]: 61 failure(s)
Postproc #6 [meta_schedule.RewriteTensorize(0x1003a7e8)]: 0 failure(s)
2025-10-11 02:02:00 [INFO] [evolutionary_search.cc:621] Evolve iter #3 done. Summary:
Postproc #0 [meta_schedule.DisallowDynamicLoop(0x10355778)]: 0 failure(s)
Postproc #1 [meta_schedule.RewriteCooperativeFetch(0x1037dc28)]: 0 failure(s)
Postproc #2 [meta_schedule.RewriteUnboundBlock(0x1023d0f8)]: 0 failure(s)
Postproc #3 [meta_schedule.RewriteParallelVectorizeUnroll(0x10146428)]: 0 failure(s)
Postproc #4 [meta_schedule.RewriteReductionBlock(0xffcfb08)]: 0 failure(s)
Postproc #5 [meta_schedule.VerifyGPUCode(0x10241ed8)]: 56 failure(s)
Postproc #6 [meta_schedule.RewriteTensorize(0x1003a7e8)]: 0 failure(s)
2025-10-11 02:02:02 [INFO] [evolutionary_search.cc:649] Scores of the best 64 candidates:
[1 : 16]:	0.8846  0.8809  0.8806  0.8801  0.8801  0.8790  0.8789  0.8784  0.8774  0.8764  0.8720  0.8714  0.8711  0.8710  0.8677  0.8676
[17 : 32]:	0.8668  0.8654  0.8647  0.8642  0.8616  0.8587  0.8453  0.8406  0.8401  0.8396  0.8395  0.8395  0.8328  0.8317  0.8312  0.8310
[33 : 48]:	0.8307  0.8287  0.8285  0.8270  0.8231  0.8219  0.8219  0.8219  0.8214  0.8210  0.8210  0.8197  0.8194  0.8179  0.8174  0.8167
[49 : 64]:	0.8153  0.8153  0.8151  0.8150  0.8150  0.8144  0.8143  0.8134  0.8129  0.8121  0.8119  0.8113  0.8110  0.8099  0.8095  0.8076
2025-10-11 02:02:03 [INFO] [evolutionary_search.cc:727] Got 64 candidate(s) with evolutionary search
2025-10-11 02:02:03 [INFO] [evolutionary_search.cc:730] Sending 64 candidates(s) for measurement
2025-10-11 02:02:31 [INFO] [task_scheduler.cc:131] [Task #0: main] Trial #833: GFLOPs: 3237.0146. Time: 3.9682 us. Best GFLOPs: 3904.9288
2025-10-11 02:02:31 [INFO] [task_scheduler.cc:131] [Task #0: main] Trial #834: GFLOPs: 3326.2037. Time: 3.8618 us. Best GFLOPs: 3904.9288
2025-10-11 02:02:31 [INFO] [task_scheduler.cc:131] [Task #0: main] Trial #835: GFLOPs: 3689.9636. Time: 3.4811 us. Best GFLOPs: 3904.9288
2025-10-11 02:02:31 [INFO] [task_scheduler.cc:131] [Task #0: main] Trial #836: GFLOPs: 3382.8718. Time: 3.7971 us. Best GFLOPs: 3904.9288
2025-10-11 02:02:31 [INFO] [task_scheduler.cc:131] [Task #0: main] Trial #837: GFLOPs: 3470.0354. Time: 3.7017 us. Best GFLOPs: 3904.9288
2025-10-11 02:02:31 [INFO] [task_scheduler.cc:131] [Task #0: main] Trial #838: GFLOPs: 3562.5266. Time: 3.6056 us. Best GFLOPs: 3904.9288
2025-10-11 02:02:31 [INFO] [task_scheduler.cc:131] [Task #0: main] Trial #839: GFLOPs: 2035.4687. Time: 6.3106 us. Best GFLOPs: 3904.9288
2025-10-11 02:02:31 [INFO] [task_scheduler.cc:131] [Task #0: main] Trial #840: GFLOPs: 3623.8419. Time: 3.5446 us. Best GFLOPs: 3904.9288
2025-10-11 02:02:31 [INFO] [task_scheduler.cc:131] [Task #0: main] Trial #841: GFLOPs: 3401.8291. Time: 3.7759 us. Best GFLOPs: 3904.9288
2025-10-11 02:02:31 [INFO] [task_scheduler.cc:131] [Task #0: main] Trial #842: GFLOPs: 3339.1436. Time: 3.8468 us. Best GFLOPs: 3904.9288
2025-10-11 02:02:31 [INFO] [task_scheduler.cc:131] [Task #0: main] Trial #843: GFLOPs: 3462.2058. Time: 3.7101 us. Best GFLOPs: 3904.9288
2025-10-11 02:02:31 [INFO] [task_scheduler.cc:131] [Task #0: main] Trial #844: GFLOPs: 3585.0275. Time: 3.5830 us. Best GFLOPs: 3904.9288
2025-10-11 02:02:31 [INFO] [task_scheduler.cc:131] [Task #0: main] Trial #845: GFLOPs: 3212.2351. Time: 3.9988 us. Best GFLOPs: 3904.9288
2025-10-11 02:02:31 [INFO] [task_scheduler.cc:131] [Task #0: main] Trial #846: GFLOPs: 3235.7011. Time: 3.9698 us. Best GFLOPs: 3904.9288
2025-10-11 02:02:31 [INFO] [task_scheduler.cc:131] [Task #0: main] Trial #847: GFLOPs: 3390.5135. Time: 3.7885 us. Best GFLOPs: 3904.9288
2025-10-11 02:02:31 [INFO] [task_scheduler.cc:131] [Task #0: main] Trial #848: GFLOPs: 3181.9101. Time: 4.0369 us. Best GFLOPs: 3904.9288
2025-10-11 02:02:31 [INFO] [task_scheduler.cc:131] [Task #0: main] Trial #849: GFLOPs: 3421.7763. Time: 3.7539 us. Best GFLOPs: 3904.9288
2025-10-11 02:02:31 [INFO] [task_scheduler.cc:131] [Task #0: main] Trial #850: GFLOPs: 3164.5048. Time: 4.0591 us. Best GFLOPs: 3904.9288
2025-10-11 02:02:31 [INFO] [task_scheduler.cc:131] [Task #0: main] Trial #851: GFLOPs: 3445.8252. Time: 3.7277 us. Best GFLOPs: 3904.9288
2025-10-11 02:02:31 [INFO] [task_scheduler.cc:131] [Task #0: main] Trial #852: GFLOPs: 3207.7960. Time: 4.0043 us. Best GFLOPs: 3904.9288
2025-10-11 02:02:31 [INFO] [task_scheduler.cc:131] [Task #0: main] Trial #853: GFLOPs: 3364.5529. Time: 3.8178 us. Best GFLOPs: 3904.9288
2025-10-11 02:02:31 [INFO] [task_scheduler.cc:131] [Task #0: main] Trial #854: GFLOPs: 3446.0821. Time: 3.7274 us. Best GFLOPs: 3904.9288
2025-10-11 02:02:31 [INFO] [task_scheduler.cc:131] [Task #0: main] Trial #855: GFLOPs: 3254.4717. Time: 3.9469 us. Best GFLOPs: 3904.9288
2025-10-11 02:02:31 [INFO] [task_scheduler.cc:131] [Task #0: main] Trial #856: GFLOPs: 3342.9450. Time: 3.8424 us. Best GFLOPs: 3904.9288
2025-10-11 02:02:31 [INFO] [task_scheduler.cc:131] [Task #0: main] Trial #857: GFLOPs: 3069.2427. Time: 4.1851 us. Best GFLOPs: 3904.9288
2025-10-11 02:02:31 [INFO] [task_scheduler.cc:131] [Task #0: main] Trial #858: GFLOPs: 3435.8819. Time: 3.7385 us. Best GFLOPs: 3904.9288
2025-10-11 02:02:31 [INFO] [task_scheduler.cc:131] [Task #0: main] Trial #859: GFLOPs: 3232.7134. Time: 3.9735 us. Best GFLOPs: 3904.9288
2025-10-11 02:02:31 [INFO] [task_scheduler.cc:131] [Task #0: main] Trial #860: GFLOPs: 3434.6818. Time: 3.7398 us. Best GFLOPs: 3904.9288
2025-10-11 02:02:31 [INFO] [task_scheduler.cc:131] [Task #0: main] Trial #861: GFLOPs: 3288.2184. Time: 3.9064 us. Best GFLOPs: 3904.9288
2025-10-11 02:02:31 [INFO] [task_scheduler.cc:131] [Task #0: main] Trial #862: GFLOPs: 3114.7082. Time: 4.1240 us. Best GFLOPs: 3904.9288
2025-10-11 02:02:31 [INFO] [task_scheduler.cc:131] [Task #0: main] Trial #863: GFLOPs: 3198.2118. Time: 4.0163 us. Best GFLOPs: 3904.9288
2025-10-11 02:02:31 [INFO] [task_scheduler.cc:131] [Task #0: main] Trial #864: GFLOPs: 3372.9601. Time: 3.8082 us. Best GFLOPs: 3904.9288
2025-10-11 02:02:31 [INFO] [task_scheduler.cc:131] [Task #0: main] Trial #865: GFLOPs: 3510.7001. Time: 3.6588 us. Best GFLOPs: 3904.9288
2025-10-11 02:02:31 [INFO] [task_scheduler.cc:131] [Task #0: main] Trial #866: GFLOPs: 3008.3782. Time: 4.2698 us. Best GFLOPs: 3904.9288
2025-10-11 02:02:31 [INFO] [task_scheduler.cc:131] [Task #0: main] Trial #867: GFLOPs: 3275.2311. Time: 3.9219 us. Best GFLOPs: 3904.9288
2025-10-11 02:02:31 [INFO] [task_scheduler.cc:131] [Task #0: main] Trial #868: GFLOPs: 3127.0384. Time: 4.1077 us. Best GFLOPs: 3904.9288
2025-10-11 02:02:31 [INFO] [task_scheduler.cc:131] [Task #0: main] Trial #869: GFLOPs: 3236.1176. Time: 3.9693 us. Best GFLOPs: 3904.9288
2025-10-11 02:02:31 [INFO] [task_scheduler.cc:131] [Task #0: main] Trial #870: GFLOPs: 3247.0934. Time: 3.9559 us. Best GFLOPs: 3904.9288
2025-10-11 02:02:31 [INFO] [task_scheduler.cc:131] [Task #0: main] Trial #871: GFLOPs: 3045.4520. Time: 4.2178 us. Best GFLOPs: 3904.9288
2025-10-11 02:02:31 [INFO] [task_scheduler.cc:131] [Task #0: main] Trial #872: GFLOPs: 3108.2658. Time: 4.1325 us. Best GFLOPs: 3904.9288
2025-10-11 02:02:31 [INFO] [task_scheduler.cc:131] [Task #0: main] Trial #873: GFLOPs: 3335.9358. Time: 3.8505 us. Best GFLOPs: 3904.9288
2025-10-11 02:02:31 [INFO] [task_scheduler.cc:131] [Task #0: main] Trial #874: GFLOPs: 3064.7102. Time: 4.1913 us. Best GFLOPs: 3904.9288
2025-10-11 02:02:31 [INFO] [task_scheduler.cc:131] [Task #0: main] Trial #875: GFLOPs: 3088.9084. Time: 4.1584 us. Best GFLOPs: 3904.9288
2025-10-11 02:02:31 [INFO] [task_scheduler.cc:131] [Task #0: main] Trial #876: GFLOPs: 3217.1421. Time: 3.9927 us. Best GFLOPs: 3904.9288
2025-10-11 02:02:31 [INFO] [task_scheduler.cc:131] [Task #0: main] Trial #877: GFLOPs: 3210.4264. Time: 4.0010 us. Best GFLOPs: 3904.9288
2025-10-11 02:02:31 [INFO] [task_scheduler.cc:131] [Task #0: main] Trial #878: GFLOPs: 2723.8633. Time: 4.7157 us. Best GFLOPs: 3904.9288
2025-10-11 02:02:31 [INFO] [task_scheduler.cc:131] [Task #0: main] Trial #879: GFLOPs: 3113.1757. Time: 4.1260 us. Best GFLOPs: 3904.9288
2025-10-11 02:02:31 [INFO] [task_scheduler.cc:131] [Task #0: main] Trial #880: GFLOPs: 3227.7907. Time: 3.9795 us. Best GFLOPs: 3904.9288
2025-10-11 02:02:31 [INFO] [task_scheduler.cc:131] [Task #0: main] Trial #881: GFLOPs: 3147.6016. Time: 4.0809 us. Best GFLOPs: 3904.9288
2025-10-11 02:02:31 [INFO] [task_scheduler.cc:131] [Task #0: main] Trial #882: GFLOPs: 3106.6559. Time: 4.1347 us. Best GFLOPs: 3904.9288
2025-10-11 02:02:31 [INFO] [task_scheduler.cc:131] [Task #0: main] Trial #883: GFLOPs: 3070.3666. Time: 4.1836 us. Best GFLOPs: 3904.9288
2025-10-11 02:02:31 [INFO] [task_scheduler.cc:131] [Task #0: main] Trial #884: GFLOPs: 3354.0908. Time: 3.8297 us. Best GFLOPs: 3904.9288
2025-10-11 02:02:31 [INFO] [task_scheduler.cc:131] [Task #0: main] Trial #885: GFLOPs: 2739.4425. Time: 4.6889 us. Best GFLOPs: 3904.9288
2025-10-11 02:02:31 [INFO] [task_scheduler.cc:131] [Task #0: main] Trial #886: GFLOPs: 3612.5052. Time: 3.5557 us. Best GFLOPs: 3904.9288
2025-10-11 02:02:31 [INFO] [task_scheduler.cc:131] [Task #0: main] Trial #887: GFLOPs: 3226.3830. Time: 3.9813 us. Best GFLOPs: 3904.9288
2025-10-11 02:02:31 [INFO] [task_scheduler.cc:131] [Task #0: main] Trial #888: GFLOPs: 3252.2147. Time: 3.9496 us. Best GFLOPs: 3904.9288
2025-10-11 02:02:31 [INFO] [task_scheduler.cc:131] [Task #0: main] Trial #889: GFLOPs: 3214.7442. Time: 3.9957 us. Best GFLOPs: 3904.9288
2025-10-11 02:02:31 [INFO] [task_scheduler.cc:131] [Task #0: main] Trial #890: GFLOPs: 3350.8906. Time: 3.8333 us. Best GFLOPs: 3904.9288
2025-10-11 02:02:31 [INFO] [task_scheduler.cc:131] [Task #0: main] Trial #891: GFLOPs: 3195.1223. Time: 4.0202 us. Best GFLOPs: 3904.9288
2025-10-11 02:02:31 [INFO] [task_scheduler.cc:131] [Task #0: main] Trial #892: GFLOPs: 3141.9332. Time: 4.0883 us. Best GFLOPs: 3904.9288
2025-10-11 02:02:31 [INFO] [task_scheduler.cc:131] [Task #0: main] Trial #893: GFLOPs: 3266.1269. Time: 3.9328 us. Best GFLOPs: 3904.9288
2025-10-11 02:02:31 [INFO] [task_scheduler.cc:131] [Task #0: main] Trial #894: GFLOPs: 1135.1111. Time: 11.3161 us. Best GFLOPs: 3904.9288
2025-10-11 02:02:31 [INFO] [task_scheduler.cc:131] [Task #0: main] Trial #895: GFLOPs: 2668.4579. Time: 4.8137 us. Best GFLOPs: 3904.9288
2025-10-11 02:02:31 [INFO] [task_scheduler.cc:131] [Task #0: main] Trial #896: GFLOPs: 391.9275. Time: 32.7741 us. Best GFLOPs: 3904.9288
2025-10-11 02:02:31 [INFO] [evolutionary_search.cc:713] Generating candidates......
2025-10-11 02:02:32 [INFO] [evolutionary_search.cc:715] Picked top 102 candidate(s) from database
2025-10-11 02:02:37 [INFO] [evolutionary_search.cc:533] Sample-Init-Population summary:
Postproc #0 [meta_schedule.DisallowDynamicLoop(0x10355778)]: 0 failure(s)
Postproc #1 [meta_schedule.RewriteCooperativeFetch(0x1037dc28)]: 0 failure(s)
Postproc #2 [meta_schedule.RewriteUnboundBlock(0x1023d0f8)]: 0 failure(s)
Postproc #3 [meta_schedule.RewriteParallelVectorizeUnroll(0x10146428)]: 0 failure(s)
Postproc #4 [meta_schedule.RewriteReductionBlock(0xffcfb08)]: 0 failure(s)
Postproc #5 [meta_schedule.VerifyGPUCode(0x10241ed8)]: 272 failure(s)
Postproc #6 [meta_schedule.RewriteTensorize(0x1003a7e8)]: 0 failure(s)
2025-10-11 02:02:37 [INFO] [evolutionary_search.cc:723] Sampled 138 candidate(s)
2025-10-11 02:02:44 [INFO] [evolutionary_search.cc:621] Evolve iter #0 done. Summary:
Postproc #0 [meta_schedule.DisallowDynamicLoop(0x10355778)]: 0 failure(s)
Postproc #1 [meta_schedule.RewriteCooperativeFetch(0x1037dc28)]: 0 failure(s)
Postproc #2 [meta_schedule.RewriteUnboundBlock(0x1023d0f8)]: 0 failure(s)
Postproc #3 [meta_schedule.RewriteParallelVectorizeUnroll(0x10146428)]: 0 failure(s)
Postproc #4 [meta_schedule.RewriteReductionBlock(0xffcfb08)]: 0 failure(s)
Postproc #5 [meta_schedule.VerifyGPUCode(0x10241ed8)]: 62 failure(s)
Postproc #6 [meta_schedule.RewriteTensorize(0x1003a7e8)]: 0 failure(s)
2025-10-11 02:02:52 [INFO] [evolutionary_search.cc:621] Evolve iter #1 done. Summary:
Postproc #0 [meta_schedule.DisallowDynamicLoop(0x10355778)]: 0 failure(s)
Postproc #1 [meta_schedule.RewriteCooperativeFetch(0x1037dc28)]: 0 failure(s)
Postproc #2 [meta_schedule.RewriteUnboundBlock(0x1023d0f8)]: 0 failure(s)
Postproc #3 [meta_schedule.RewriteParallelVectorizeUnroll(0x10146428)]: 0 failure(s)
Postproc #4 [meta_schedule.RewriteReductionBlock(0xffcfb08)]: 0 failure(s)
Postproc #5 [meta_schedule.VerifyGPUCode(0x10241ed8)]: 47 failure(s)
Postproc #6 [meta_schedule.RewriteTensorize(0x1003a7e8)]: 0 failure(s)
2025-10-11 02:03:01 [INFO] [evolutionary_search.cc:621] Evolve iter #2 done. Summary:
Postproc #0 [meta_schedule.DisallowDynamicLoop(0x10355778)]: 0 failure(s)
Postproc #1 [meta_schedule.RewriteCooperativeFetch(0x1037dc28)]: 0 failure(s)
Postproc #2 [meta_schedule.RewriteUnboundBlock(0x1023d0f8)]: 0 failure(s)
Postproc #3 [meta_schedule.RewriteParallelVectorizeUnroll(0x10146428)]: 0 failure(s)
Postproc #4 [meta_schedule.RewriteReductionBlock(0xffcfb08)]: 0 failure(s)
Postproc #5 [meta_schedule.VerifyGPUCode(0x10241ed8)]: 63 failure(s)
Postproc #6 [meta_schedule.RewriteTensorize(0x1003a7e8)]: 0 failure(s)
2025-10-11 02:03:09 [INFO] [evolutionary_search.cc:621] Evolve iter #3 done. Summary:
Postproc #0 [meta_schedule.DisallowDynamicLoop(0x10355778)]: 0 failure(s)
Postproc #1 [meta_schedule.RewriteCooperativeFetch(0x1037dc28)]: 0 failure(s)
Postproc #2 [meta_schedule.RewriteUnboundBlock(0x1023d0f8)]: 0 failure(s)
Postproc #3 [meta_schedule.RewriteParallelVectorizeUnroll(0x10146428)]: 0 failure(s)
Postproc #4 [meta_schedule.RewriteReductionBlock(0xffcfb08)]: 0 failure(s)
Postproc #5 [meta_schedule.VerifyGPUCode(0x10241ed8)]: 55 failure(s)
Postproc #6 [meta_schedule.RewriteTensorize(0x1003a7e8)]: 0 failure(s)
2025-10-11 02:03:11 [INFO] [evolutionary_search.cc:649] Scores of the best 64 candidates:
[1 : 16]:	0.8851  0.8851  0.8748  0.8710  0.8705  0.8691  0.8628  0.8628  0.8579  0.8579  0.8540  0.8536  0.8525  0.8504  0.8492  0.8492
[17 : 32]:	0.8417  0.8417  0.8390  0.8375  0.8349  0.8334  0.8314  0.8302  0.8290  0.8289  0.8281  0.8276  0.8274  0.8270  0.8267  0.8258
[33 : 48]:	0.8256  0.8256  0.8250  0.8239  0.8224  0.8222  0.8218  0.8211  0.8210  0.8203  0.8189  0.8189  0.8177  0.8176  0.8161  0.8161
[49 : 64]:	0.8149  0.8139  0.8131  0.8127  0.8127  0.8116  0.8111  0.8111  0.8108  0.8107  0.8105  0.8102  0.8098  0.8098  0.8090  0.8090
2025-10-11 02:03:11 [INFO] [evolutionary_search.cc:727] Got 64 candidate(s) with evolutionary search
2025-10-11 02:03:11 [INFO] [evolutionary_search.cc:730] Sending 64 candidates(s) for measurement
2025-10-11 02:03:43 [INFO] [task_scheduler.cc:131] [Task #0: main] Trial #897: GFLOPs: 3015.1500. Time: 4.2602 us. Best GFLOPs: 3904.9288
2025-10-11 02:03:43 [INFO] [task_scheduler.cc:131] [Task #0: main] Trial #898: GFLOPs: 3358.5580. Time: 3.8246 us. Best GFLOPs: 3904.9288
2025-10-11 02:03:43 [INFO] [task_scheduler.cc:131] [Task #0: main] Trial #899: GFLOPs: 3570.2747. Time: 3.5978 us. Best GFLOPs: 3904.9288
2025-10-11 02:03:43 [INFO] [task_scheduler.cc:131] [Task #0: main] Trial #900: GFLOPs: 3460.0787. Time: 3.7124 us. Best GFLOPs: 3904.9288
2025-10-11 02:03:43 [INFO] [task_scheduler.cc:131] [Task #0: main] Trial #901: GFLOPs: 3475.7136. Time: 3.6957 us. Best GFLOPs: 3904.9288
2025-10-11 02:03:43 [INFO] [task_scheduler.cc:131] [Task #0: main] Trial #902: GFLOPs: 3585.6677. Time: 3.5823 us. Best GFLOPs: 3904.9288
2025-10-11 02:03:43 [INFO] [task_scheduler.cc:131] [Task #0: main] Trial #903: GFLOPs: 3248.2125. Time: 3.9545 us. Best GFLOPs: 3904.9288
2025-10-11 02:03:43 [INFO] [task_scheduler.cc:131] [Task #0: main] Trial #904: GFLOPs: 3426.6645. Time: 3.7486 us. Best GFLOPs: 3904.9288
2025-10-11 02:03:43 [INFO] [task_scheduler.cc:131] [Task #0: main] Trial #905: GFLOPs: 3591.1539. Time: 3.5769 us. Best GFLOPs: 3904.9288
2025-10-11 02:03:43 [INFO] [task_scheduler.cc:131] [Task #0: main] Trial #906: GFLOPs: 3591.5096. Time: 3.5765 us. Best GFLOPs: 3904.9288
2025-10-11 02:03:43 [INFO] [task_scheduler.cc:131] [Task #0: main] Trial #907: GFLOPs: 3440.7697. Time: 3.7332 us. Best GFLOPs: 3904.9288
2025-10-11 02:03:43 [INFO] [task_scheduler.cc:131] [Task #0: main] Trial #908: GFLOPs: 3474.3582. Time: 3.6971 us. Best GFLOPs: 3904.9288
2025-10-11 02:03:43 [INFO] [task_scheduler.cc:131] [Task #0: main] Trial #909: GFLOPs: 3365.8617. Time: 3.8163 us. Best GFLOPs: 3904.9288
2025-10-11 02:03:43 [INFO] [task_scheduler.cc:131] [Task #0: main] Trial #910: GFLOPs: 3370.8373. Time: 3.8106 us. Best GFLOPs: 3904.9288
2025-10-11 02:03:43 [INFO] [task_scheduler.cc:131] [Task #0: main] Trial #911: GFLOPs: 3184.0110. Time: 4.0342 us. Best GFLOPs: 3904.9288
2025-10-11 02:03:43 [INFO] [task_scheduler.cc:131] [Task #0: main] Trial #912: GFLOPs: 3355.8309. Time: 3.8277 us. Best GFLOPs: 3904.9288
2025-10-11 02:03:43 [INFO] [task_scheduler.cc:131] [Task #0: main] Trial #913: GFLOPs: 3326.8295. Time: 3.8611 us. Best GFLOPs: 3904.9288
2025-10-11 02:03:43 [INFO] [task_scheduler.cc:131] [Task #0: main] Trial #914: GFLOPs: 3328.2524. Time: 3.8594 us. Best GFLOPs: 3904.9288
2025-10-11 02:03:43 [INFO] [task_scheduler.cc:131] [Task #0: main] Trial #915: GFLOPs: 3259.1981. Time: 3.9412 us. Best GFLOPs: 3904.9288
2025-10-11 02:03:43 [INFO] [task_scheduler.cc:131] [Task #0: main] Trial #916: GFLOPs: 3204.8383. Time: 4.0080 us. Best GFLOPs: 3904.9288
2025-10-11 02:03:43 [INFO] [task_scheduler.cc:131] [Task #0: main] Trial #917: GFLOPs: 3430.3052. Time: 3.7446 us. Best GFLOPs: 3904.9288
2025-10-11 02:03:43 [INFO] [task_scheduler.cc:131] [Task #0: main] Trial #918: GFLOPs: 3459.1441. Time: 3.7134 us. Best GFLOPs: 3904.9288
2025-10-11 02:03:43 [INFO] [task_scheduler.cc:131] [Task #0: main] Trial #919: GFLOPs: 3277.2200. Time: 3.9195 us. Best GFLOPs: 3904.9288
2025-10-11 02:03:43 [INFO] [task_scheduler.cc:131] [Task #0: main] Trial #920: GFLOPs: 3191.0275. Time: 4.0254 us. Best GFLOPs: 3904.9288
2025-10-11 02:03:43 [INFO] [task_scheduler.cc:131] [Task #0: main] Trial #921: GFLOPs: 3006.7161. Time: 4.2721 us. Best GFLOPs: 3904.9288
2025-10-11 02:03:43 [INFO] [task_scheduler.cc:131] [Task #0: main] Trial #922: GFLOPs: 2998.5898. Time: 4.2837 us. Best GFLOPs: 3904.9288
2025-10-11 02:03:43 [INFO] [task_scheduler.cc:131] [Task #0: main] Trial #923: GFLOPs: 3263.2300. Time: 3.9363 us. Best GFLOPs: 3904.9288
2025-10-11 02:03:43 [INFO] [task_scheduler.cc:131] [Task #0: main] Trial #924: GFLOPs: 3219.3411. Time: 3.9900 us. Best GFLOPs: 3904.9288
2025-10-11 02:03:43 [INFO] [task_scheduler.cc:131] [Task #0: main] Trial #925: GFLOPs: 3382.1220. Time: 3.7979 us. Best GFLOPs: 3904.9288
2025-10-11 02:03:43 [INFO] [task_scheduler.cc:131] [Task #0: main] Trial #926: GFLOPs: 3339.3591. Time: 3.8466 us. Best GFLOPs: 3904.9288
2025-10-11 02:03:43 [INFO] [task_scheduler.cc:131] [Task #0: main] Trial #927: GFLOPs: 3007.0902. Time: 4.2716 us. Best GFLOPs: 3904.9288
2025-10-11 02:03:43 [INFO] [task_scheduler.cc:131] [Task #0: main] Trial #928: GFLOPs: 3157.8246. Time: 4.0677 us. Best GFLOPs: 3904.9288
2025-10-11 02:03:43 [INFO] [task_scheduler.cc:131] [Task #0: main] Trial #929: GFLOPs: 3254.9999. Time: 3.9463 us. Best GFLOPs: 3904.9288
2025-10-11 02:03:43 [INFO] [task_scheduler.cc:131] [Task #0: main] Trial #930: GFLOPs: 3186.7541. Time: 4.0308 us. Best GFLOPs: 3904.9288
2025-10-11 02:03:43 [INFO] [task_scheduler.cc:131] [Task #0: main] Trial #931: GFLOPs: 3073.7332. Time: 4.1790 us. Best GFLOPs: 3904.9288
2025-10-11 02:03:43 [INFO] [task_scheduler.cc:131] [Task #0: main] Trial #932: GFLOPs: 3177.4911. Time: 4.0425 us. Best GFLOPs: 3904.9288
2025-10-11 02:03:43 [INFO] [task_scheduler.cc:131] [Task #0: main] Trial #933: GFLOPs: 3138.2074. Time: 4.0931 us. Best GFLOPs: 3904.9288
2025-10-11 02:03:43 [INFO] [task_scheduler.cc:131] [Task #0: main] Trial #934: GFLOPs: 3243.3672. Time: 3.9604 us. Best GFLOPs: 3904.9288
2025-10-11 02:03:43 [INFO] [task_scheduler.cc:131] [Task #0: main] Trial #935: GFLOPs: 3183.6254. Time: 4.0347 us. Best GFLOPs: 3904.9288
2025-10-11 02:03:43 [INFO] [task_scheduler.cc:131] [Task #0: main] Trial #936: GFLOPs: 3114.0404. Time: 4.1249 us. Best GFLOPs: 3904.9288
2025-10-11 02:03:43 [INFO] [task_scheduler.cc:131] [Task #0: main] Trial #937: GFLOPs: 3202.9766. Time: 4.0103 us. Best GFLOPs: 3904.9288
2025-10-11 02:03:43 [INFO] [task_scheduler.cc:131] [Task #0: main] Trial #938: GFLOPs: 3196.3849. Time: 4.0186 us. Best GFLOPs: 3904.9288
2025-10-11 02:03:43 [INFO] [task_scheduler.cc:131] [Task #0: main] Trial #939: GFLOPs: 3301.5338. Time: 3.8906 us. Best GFLOPs: 3904.9288
2025-10-11 02:03:43 [INFO] [task_scheduler.cc:131] [Task #0: main] Trial #940: GFLOPs: 3130.5780. Time: 4.1031 us. Best GFLOPs: 3904.9288
2025-10-11 02:03:43 [INFO] [task_scheduler.cc:131] [Task #0: main] Trial #941: GFLOPs: 3368.8756. Time: 3.8129 us. Best GFLOPs: 3904.9288
2025-10-11 02:03:43 [INFO] [task_scheduler.cc:131] [Task #0: main] Trial #942: GFLOPs: 3202.0829. Time: 4.0115 us. Best GFLOPs: 3904.9288
2025-10-11 02:03:43 [INFO] [task_scheduler.cc:131] [Task #0: main] Trial #943: GFLOPs: 3329.6113. Time: 3.8578 us. Best GFLOPs: 3904.9288
2025-10-11 02:03:43 [INFO] [task_scheduler.cc:131] [Task #0: main] Trial #944: GFLOPs: 3167.1306. Time: 4.0557 us. Best GFLOPs: 3904.9288
2025-10-11 02:03:43 [INFO] [task_scheduler.cc:131] [Task #0: main] Trial #945: GFLOPs: 3178.3517. Time: 4.0414 us. Best GFLOPs: 3904.9288
2025-10-11 02:03:43 [INFO] [task_scheduler.cc:131] [Task #0: main] Trial #946: GFLOPs: 3127.4203. Time: 4.1072 us. Best GFLOPs: 3904.9288
2025-10-11 02:03:43 [INFO] [task_scheduler.cc:131] [Task #0: main] Trial #947: GFLOPs: 3110.4610. Time: 4.1296 us. Best GFLOPs: 3904.9288
2025-10-11 02:03:43 [INFO] [task_scheduler.cc:131] [Task #0: main] Trial #948: GFLOPs: 3313.4345. Time: 3.8767 us. Best GFLOPs: 3904.9288
2025-10-11 02:03:43 [INFO] [task_scheduler.cc:131] [Task #0: main] Trial #949: GFLOPs: 3003.4581. Time: 4.2768 us. Best GFLOPs: 3904.9288
2025-10-11 02:03:43 [INFO] [task_scheduler.cc:131] [Task #0: main] Trial #950: GFLOPs: 3093.7175. Time: 4.1520 us. Best GFLOPs: 3904.9288
2025-10-11 02:03:43 [INFO] [task_scheduler.cc:131] [Task #0: main] Trial #951: GFLOPs: 3070.1265. Time: 4.1839 us. Best GFLOPs: 3904.9288
2025-10-11 02:03:43 [INFO] [task_scheduler.cc:131] [Task #0: main] Trial #952: GFLOPs: 3026.2794. Time: 4.2445 us. Best GFLOPs: 3904.9288
2025-10-11 02:03:43 [INFO] [task_scheduler.cc:131] [Task #0: main] Trial #953: GFLOPs: 3110.2746. Time: 4.1299 us. Best GFLOPs: 3904.9288
2025-10-11 02:03:43 [INFO] [task_scheduler.cc:131] [Task #0: main] Trial #954: GFLOPs: 3126.7661. Time: 4.1081 us. Best GFLOPs: 3904.9288
2025-10-11 02:03:43 [INFO] [task_scheduler.cc:131] [Task #0: main] Trial #955: GFLOPs: 3228.3730. Time: 3.9788 us. Best GFLOPs: 3904.9288
2025-10-11 02:03:43 [INFO] [task_scheduler.cc:131] [Task #0: main] Trial #956: GFLOPs: 3195.8390. Time: 4.0193 us. Best GFLOPs: 3904.9288
2025-10-11 02:03:43 [INFO] [task_scheduler.cc:131] [Task #0: main] Trial #957: GFLOPs: 3113.3250. Time: 4.1258 us. Best GFLOPs: 3904.9288
2025-10-11 02:03:43 [INFO] [task_scheduler.cc:131] [Task #0: main] Trial #958: GFLOPs: 1034.8963. Time: 12.4119 us. Best GFLOPs: 3904.9288
2025-10-11 02:03:43 [INFO] [task_scheduler.cc:131] [Task #0: main] Trial #959: GFLOPs: 1842.6394. Time: 6.9710 us. Best GFLOPs: 3904.9288
2025-10-11 02:03:43 [INFO] [task_scheduler.cc:131] [Task #0: main] Trial #960: GFLOPs: 1225.9451. Time: 10.4777 us. Best GFLOPs: 3904.9288
2025-10-11 02:03:43 [INFO] [evolutionary_search.cc:713] Generating candidates......
2025-10-11 02:03:44 [INFO] [evolutionary_search.cc:715] Picked top 102 candidate(s) from database
2025-10-11 02:03:49 [INFO] [evolutionary_search.cc:533] Sample-Init-Population summary:
Postproc #0 [meta_schedule.DisallowDynamicLoop(0x10355778)]: 0 failure(s)
Postproc #1 [meta_schedule.RewriteCooperativeFetch(0x1037dc28)]: 0 failure(s)
Postproc #2 [meta_schedule.RewriteUnboundBlock(0x1023d0f8)]: 0 failure(s)
Postproc #3 [meta_schedule.RewriteParallelVectorizeUnroll(0x10146428)]: 0 failure(s)
Postproc #4 [meta_schedule.RewriteReductionBlock(0xffcfb08)]: 0 failure(s)
Postproc #5 [meta_schedule.VerifyGPUCode(0x10241ed8)]: 270 failure(s)
Postproc #6 [meta_schedule.RewriteTensorize(0x1003a7e8)]: 0 failure(s)
2025-10-11 02:03:49 [INFO] [evolutionary_search.cc:723] Sampled 140 candidate(s)
2025-10-11 02:03:56 [INFO] [evolutionary_search.cc:621] Evolve iter #0 done. Summary:
Postproc #0 [meta_schedule.DisallowDynamicLoop(0x10355778)]: 0 failure(s)
Postproc #1 [meta_schedule.RewriteCooperativeFetch(0x1037dc28)]: 0 failure(s)
Postproc #2 [meta_schedule.RewriteUnboundBlock(0x1023d0f8)]: 0 failure(s)
Postproc #3 [meta_schedule.RewriteParallelVectorizeUnroll(0x10146428)]: 0 failure(s)
Postproc #4 [meta_schedule.RewriteReductionBlock(0xffcfb08)]: 0 failure(s)
Postproc #5 [meta_schedule.VerifyGPUCode(0x10241ed8)]: 60 failure(s)
Postproc #6 [meta_schedule.RewriteTensorize(0x1003a7e8)]: 0 failure(s)
2025-10-11 02:04:04 [INFO] [evolutionary_search.cc:621] Evolve iter #1 done. Summary:
Postproc #0 [meta_schedule.DisallowDynamicLoop(0x10355778)]: 0 failure(s)
Postproc #1 [meta_schedule.RewriteCooperativeFetch(0x1037dc28)]: 0 failure(s)
Postproc #2 [meta_schedule.RewriteUnboundBlock(0x1023d0f8)]: 0 failure(s)
Postproc #3 [meta_schedule.RewriteParallelVectorizeUnroll(0x10146428)]: 0 failure(s)
Postproc #4 [meta_schedule.RewriteReductionBlock(0xffcfb08)]: 0 failure(s)
Postproc #5 [meta_schedule.VerifyGPUCode(0x10241ed8)]: 45 failure(s)
Postproc #6 [meta_schedule.RewriteTensorize(0x1003a7e8)]: 0 failure(s)
2025-10-11 02:04:12 [INFO] [evolutionary_search.cc:621] Evolve iter #2 done. Summary:
Postproc #0 [meta_schedule.DisallowDynamicLoop(0x10355778)]: 0 failure(s)
Postproc #1 [meta_schedule.RewriteCooperativeFetch(0x1037dc28)]: 0 failure(s)
Postproc #2 [meta_schedule.RewriteUnboundBlock(0x1023d0f8)]: 0 failure(s)
Postproc #3 [meta_schedule.RewriteParallelVectorizeUnroll(0x10146428)]: 0 failure(s)
Postproc #4 [meta_schedule.RewriteReductionBlock(0xffcfb08)]: 0 failure(s)
Postproc #5 [meta_schedule.VerifyGPUCode(0x10241ed8)]: 51 failure(s)
Postproc #6 [meta_schedule.RewriteTensorize(0x1003a7e8)]: 0 failure(s)
2025-10-11 02:04:20 [INFO] [evolutionary_search.cc:621] Evolve iter #3 done. Summary:
Postproc #0 [meta_schedule.DisallowDynamicLoop(0x10355778)]: 0 failure(s)
Postproc #1 [meta_schedule.RewriteCooperativeFetch(0x1037dc28)]: 0 failure(s)
Postproc #2 [meta_schedule.RewriteUnboundBlock(0x1023d0f8)]: 0 failure(s)
Postproc #3 [meta_schedule.RewriteParallelVectorizeUnroll(0x10146428)]: 0 failure(s)
Postproc #4 [meta_schedule.RewriteReductionBlock(0xffcfb08)]: 0 failure(s)
Postproc #5 [meta_schedule.VerifyGPUCode(0x10241ed8)]: 69 failure(s)
Postproc #6 [meta_schedule.RewriteTensorize(0x1003a7e8)]: 0 failure(s)
2025-10-11 02:04:22 [INFO] [evolutionary_search.cc:649] Scores of the best 40 candidates:
[1 : 16]:	0.8813  0.8704  0.8464  0.8447  0.8411  0.8379  0.8360  0.8341  0.8309  0.8295  0.8275  0.8254  0.8252  0.8252  0.8238  0.8237
[17 : 32]:	0.8230  0.8218  0.8218  0.8211  0.8202  0.8188  0.8188  0.8169  0.8169  0.8166  0.8166  0.8166  0.8163  0.8163  0.8161  0.8137
[33 : 40]:	0.8137  0.8137  0.8127  0.8126  0.8123  0.8113  0.8103  0.8103
2025-10-11 02:04:23 [INFO] [evolutionary_search.cc:727] Got 40 candidate(s) with evolutionary search
2025-10-11 02:04:23 [INFO] [evolutionary_search.cc:730] Sending 40 candidates(s) for measurement
2025-10-11 02:04:43 [INFO] [task_scheduler.cc:131] [Task #0: main] Trial #961: GFLOPs: 3393.6623. Time: 3.7850 us. Best GFLOPs: 3904.9288
2025-10-11 02:04:43 [INFO] [task_scheduler.cc:131] [Task #0: main] Trial #962: GFLOPs: 3302.2842. Time: 3.8897 us. Best GFLOPs: 3904.9288
2025-10-11 02:04:43 [INFO] [task_scheduler.cc:131] [Task #0: main] Trial #963: GFLOPs: 3160.9397. Time: 4.0637 us. Best GFLOPs: 3904.9288
2025-10-11 02:04:43 [INFO] [task_scheduler.cc:131] [Task #0: main] Trial #964: GFLOPs: 3490.4777. Time: 3.6800 us. Best GFLOPs: 3904.9288
2025-10-11 02:04:43 [INFO] [task_scheduler.cc:131] [Task #0: main] Trial #965: GFLOPs: 3232.2748. Time: 3.9740 us. Best GFLOPs: 3904.9288
2025-10-11 02:04:43 [INFO] [task_scheduler.cc:131] [Task #0: main] Trial #966: GFLOPs: 3260.8556. Time: 3.9392 us. Best GFLOPs: 3904.9288
2025-10-11 02:04:43 [INFO] [task_scheduler.cc:131] [Task #0: main] Trial #967: GFLOPs: 3184.1090. Time: 4.0341 us. Best GFLOPs: 3904.9288
2025-10-11 02:04:43 [INFO] [task_scheduler.cc:131] [Task #0: main] Trial #968: GFLOPs: 3399.9121. Time: 3.7781 us. Best GFLOPs: 3904.9288
2025-10-11 02:04:43 [INFO] [task_scheduler.cc:131] [Task #0: main] Trial #969: GFLOPs: 3285.8982. Time: 3.9091 us. Best GFLOPs: 3904.9288
2025-10-11 02:04:43 [INFO] [task_scheduler.cc:131] [Task #0: main] Trial #970: GFLOPs: 3210.8294. Time: 4.0005 us. Best GFLOPs: 3904.9288
2025-10-11 02:04:43 [INFO] [task_scheduler.cc:131] [Task #0: main] Trial #971: GFLOPs: 3255.6689. Time: 3.9454 us. Best GFLOPs: 3904.9288
2025-10-11 02:04:43 [INFO] [task_scheduler.cc:131] [Task #0: main] Trial #972: GFLOPs: 3298.8989. Time: 3.8937 us. Best GFLOPs: 3904.9288
2025-10-11 02:04:43 [INFO] [task_scheduler.cc:131] [Task #0: main] Trial #973: GFLOPs: 3267.2339. Time: 3.9315 us. Best GFLOPs: 3904.9288
2025-10-11 02:04:43 [INFO] [task_scheduler.cc:131] [Task #0: main] Trial #974: GFLOPs: 3151.1262. Time: 4.0763 us. Best GFLOPs: 3904.9288
2025-10-11 02:04:43 [INFO] [task_scheduler.cc:131] [Task #0: main] Trial #975: GFLOPs: 3233.6644. Time: 3.9723 us. Best GFLOPs: 3904.9288
2025-10-11 02:04:43 [INFO] [task_scheduler.cc:131] [Task #0: main] Trial #976: GFLOPs: 3306.4984. Time: 3.8848 us. Best GFLOPs: 3904.9288
2025-10-11 02:04:43 [INFO] [task_scheduler.cc:131] [Task #0: main] Trial #977: GFLOPs: 3068.7140. Time: 4.1858 us. Best GFLOPs: 3904.9288
2025-10-11 02:04:43 [INFO] [task_scheduler.cc:131] [Task #0: main] Trial #978: GFLOPs: 3458.2757. Time: 3.7143 us. Best GFLOPs: 3904.9288
2025-10-11 02:04:43 [INFO] [task_scheduler.cc:131] [Task #0: main] Trial #979: GFLOPs: 3226.7445. Time: 3.9808 us. Best GFLOPs: 3904.9288
2025-10-11 02:04:43 [INFO] [task_scheduler.cc:131] [Task #0: main] Trial #980: GFLOPs: 3068.8333. Time: 4.1856 us. Best GFLOPs: 3904.9288
2025-10-11 02:04:43 [INFO] [task_scheduler.cc:131] [Task #0: main] Trial #981: GFLOPs: 3275.8472. Time: 3.9211 us. Best GFLOPs: 3904.9288
2025-10-11 02:04:43 [INFO] [task_scheduler.cc:131] [Task #0: main] Trial #982: GFLOPs: 3113.2056. Time: 4.1260 us. Best GFLOPs: 3904.9288
2025-10-11 02:04:43 [INFO] [task_scheduler.cc:131] [Task #0: main] Trial #983: GFLOPs: 3300.9543. Time: 3.8913 us. Best GFLOPs: 3904.9288
2025-10-11 02:04:43 [INFO] [task_scheduler.cc:131] [Task #0: main] Trial #984: GFLOPs: 3300.7980. Time: 3.8915 us. Best GFLOPs: 3904.9288
2025-10-11 02:04:43 [INFO] [task_scheduler.cc:131] [Task #0: main] Trial #985: GFLOPs: 3125.1679. Time: 4.1102 us. Best GFLOPs: 3904.9288
2025-10-11 02:04:43 [INFO] [task_scheduler.cc:131] [Task #0: main] Trial #986: GFLOPs: 3307.9628. Time: 3.8831 us. Best GFLOPs: 3904.9288
2025-10-11 02:04:43 [INFO] [task_scheduler.cc:131] [Task #0: main] Trial #987: GFLOPs: 3265.1576. Time: 3.9340 us. Best GFLOPs: 3904.9288
2025-10-11 02:04:43 [INFO] [task_scheduler.cc:131] [Task #0: main] Trial #988: GFLOPs: 3055.2042. Time: 4.2043 us. Best GFLOPs: 3904.9288
2025-10-11 02:04:43 [INFO] [task_scheduler.cc:131] [Task #0: main] Trial #989: GFLOPs: 3253.0229. Time: 3.9487 us. Best GFLOPs: 3904.9288
2025-10-11 02:04:43 [INFO] [task_scheduler.cc:131] [Task #0: main] Trial #990: GFLOPs: 3254.7213. Time: 3.9466 us. Best GFLOPs: 3904.9288
2025-10-11 02:04:43 [INFO] [task_scheduler.cc:131] [Task #0: main] Trial #991: GFLOPs: 3285.4159. Time: 3.9097 us. Best GFLOPs: 3904.9288
2025-10-11 02:04:43 [INFO] [task_scheduler.cc:131] [Task #0: main] Trial #992: GFLOPs: 3053.0968. Time: 4.2072 us. Best GFLOPs: 3904.9288
2025-10-11 02:04:43 [INFO] [task_scheduler.cc:131] [Task #0: main] Trial #993: GFLOPs: 3179.6207. Time: 4.0398 us. Best GFLOPs: 3904.9288
2025-10-11 02:04:43 [INFO] [task_scheduler.cc:131] [Task #0: main] Trial #994: GFLOPs: 3275.3730. Time: 3.9217 us. Best GFLOPs: 3904.9288
2025-10-11 02:04:43 [INFO] [task_scheduler.cc:131] [Task #0: main] Trial #995: GFLOPs: 3121.6244. Time: 4.1149 us. Best GFLOPs: 3904.9288
2025-10-11 02:04:43 [INFO] [task_scheduler.cc:131] [Task #0: main] Trial #996: GFLOPs: 3224.0848. Time: 3.9841 us. Best GFLOPs: 3904.9288
2025-10-11 02:04:43 [INFO] [task_scheduler.cc:131] [Task #0: main] Trial #997: GFLOPs: 3075.7451. Time: 4.1762 us. Best GFLOPs: 3904.9288
2025-10-11 02:04:43 [INFO] [task_scheduler.cc:131] [Task #0: main] Trial #998: GFLOPs: 3202.3734. Time: 4.0111 us. Best GFLOPs: 3904.9288
2025-10-11 02:04:43 [INFO] [task_scheduler.cc:131] [Task #0: main] Trial #999: GFLOPs: 1654.2256. Time: 7.7650 us. Best GFLOPs: 3904.9288
2025-10-11 02:04:43 [INFO] [task_scheduler.cc:131] [Task #0: main] Trial #1000: GFLOPs: 1772.2206. Time: 7.2480 us. Best GFLOPs: 3904.9288
