2025-10-07 09:25:01 [INFO] [task_scheduler.cc:160] Initializing Task #0: "main"
2025-10-07 09:25:01 [INFO] [task_scheduler.cc:35] 
# from tvm.script import ir as I
# from tvm.script import tir as T

@I.ir_module
class Module:
    @T.prim_func
    def main(A: T.Buffer((1, 64, 56, 56), "float16"), W: T.Buffer((128, 64, 1, 1), "float16"), conv2d_nchw: T.Buffer((1, 128, 28, 28), "float16")):
        T.func_attr({"tir.noalias": T.bool(True)})
        # with T.block("root"):
        pad_temp = T.alloc_buffer((1, 64, 56, 56), "float16")
        for i0, i1, i2, i3 in T.grid(1, 64, 56, 56):
            with T.block("pad_temp"):
                v_i0, v_i1, v_i2, v_i3 = T.axis.remap("SSSS", [i0, i1, i2, i3])
                T.reads(A[v_i0, v_i1, v_i2, v_i3])
                T.writes(pad_temp[v_i0, v_i1, v_i2, v_i3])
                pad_temp[v_i0, v_i1, v_i2, v_i3] = A[v_i0, v_i1, v_i2, v_i3]
        for nn, ff, yy, xx, rc, ry, rx in T.grid(1, 128, 28, 28, 64, 1, 1):
            with T.block("conv2d_nchw"):
                v_nn, v_ff, v_yy, v_xx, v_rc, v_ry, v_rx = T.axis.remap("SSSSRRR", [nn, ff, yy, xx, rc, ry, rx])
                T.reads(pad_temp[v_nn, v_rc, v_yy * 2 + v_ry, v_xx * 2 + v_rx], W[v_ff, v_rc, v_ry, v_rx])
                T.writes(conv2d_nchw[v_nn, v_ff, v_yy, v_xx])
                with T.init():
                    conv2d_nchw[v_nn, v_ff, v_yy, v_xx] = T.float16(0.0)
                conv2d_nchw[v_nn, v_ff, v_yy, v_xx] = conv2d_nchw[v_nn, v_ff, v_yy, v_xx] + pad_temp[v_nn, v_rc, v_yy * 2 + v_ry, v_xx * 2 + v_rx] * W[v_ff, v_rc, v_ry, v_rx]
2025-10-07 09:25:01 [INFO] [multi_level_tiling_tensor_core.cc:237] Sketch 0: tensorizing with wmma_sync_16x16x16_f16f16f16_trans
2025-10-07 09:25:01 [INFO] [multi_level_tiling_tensor_core.cc:237] Sketch 1: tensorizing with wmma_sync_16x16x16_f16f16f16
2025-10-07 09:25:01 [INFO] [task_scheduler.cc:164] Total 2 design space(s) generated
2025-10-07 09:25:01 [INFO] [task_scheduler.cc:170] Design space #0:
# from tvm.script import ir as I
# from tvm.script import tir as T

@I.ir_module
class Module:
    @T.prim_func
    def main(A: T.Buffer((1, 64, 56, 56), "float16"), W: T.Buffer((128, 64, 1, 1), "float16"), conv2d_nchw: T.Buffer((1, 128, 28, 28), "float16")):
        T.func_attr({"tir.noalias": T.bool(True)})
        with T.block("root"):
            T.reads()
            T.writes()
            T.block_attr({"meta_schedule.unroll_explicit": 1024})
            conv2d_nchw_reindex_shared_dyn = T.alloc_buffer((49, 2, 1, 4, 16, 16), "float16", scope="shared.dyn")
            conv2d_nchw_reindex_shared_dyn_wmma_accumulator = T.alloc_buffer((49, 2, 1, 4, 16, 16), "float16", scope="wmma.accumulator")
            pad_temp_reindex_shared_dyn = T.alloc_buffer((784, 64), "float16", scope="shared.dyn")
            W_reindex_shared_dyn = T.alloc_buffer((1, 1, 128, 64), "float16", scope="shared.dyn")
            pad_temp_reindex_shared_dyn_wmma_matrix_a = T.alloc_buffer((784, 64), "float16", scope="wmma.matrix_a")
            W_reindex_shared_dyn_wmma_matrix_b = T.alloc_buffer((1, 1, 128, 64), "float16", scope="wmma.matrix_b")
            for ax0_ax1_ax2_0_0_ax3_0_0_fused in T.thread_binding(1, thread="blockIdx.y"):
                for ax2_0_1_ax3_0_1_fused in T.thread_binding(1, thread="blockIdx.x"):
                    for ax2_0_2_ax3_0_2_fused in T.thread_binding(98, thread="threadIdx.y"):
                        for ax4_0_0 in range(1):
                            for ax0_ax1_fused in range(50176):
                                with T.block("pad_temp_reindex_shared.dyn"):
                                    v0 = T.axis.spatial(784, ax0_ax1_fused // 64)
                                    v1 = T.axis.spatial(64, ax0_ax1_fused % 64)
                                    T.reads(A[0, v1, v0 // 28 * 2, v0 % 28 * 2])
                                    T.writes(pad_temp_reindex_shared_dyn[v0, v1])
                                    T.block_attr({"buffer_dim_align": [[0, 0, 32, 8]], "meta_schedule.cooperative_fetch": 1})
                                    pad_temp_reindex_shared_dyn[v0, v1] = A[0, v1, v0 // 28 * 2, v0 % 28 * 2]
                            for ax0_ax1_ax2_ax3_fused in range(8192):
                                with T.block("W_reindex_shared.dyn"):
                                    v0 = T.axis.spatial(1, 0)
                                    v1 = T.axis.spatial(1, 0)
                                    v2 = T.axis.spatial(128, ax0_ax1_ax2_ax3_fused // 64)
                                    v3 = T.axis.spatial(64, ax0_ax1_ax2_ax3_fused % 64)
                                    T.reads(W[v2, v3, v0, v1])
                                    T.writes(W_reindex_shared_dyn[v0, v1, v2, v3])
                                    T.block_attr({"buffer_dim_align": [[0, 2, 32, 8]], "meta_schedule.cooperative_fetch": 1})
                                    W_reindex_shared_dyn[v0, v1, v2, v3] = W[v2, v3, v0, v1]
                            for ax4_0_1 in range(1):
                                for ax0_0, ax1_0 in T.grid(1, 4):
                                    with T.block("pad_temp_reindex_shared.dyn_wmma.matrix_a_o"):
                                        v0_o = T.axis.spatial(49, ax2_0_2_ax3_0_2_fused // 2 + ax0_0)
                                        v1_o = T.axis.spatial(4, ax1_0)
                                        T.reads(pad_temp_reindex_shared_dyn[v0_o * 16:v0_o * 16 + 16, v1_o * 16:v1_o * 16 + 16])
                                        T.writes(pad_temp_reindex_shared_dyn_wmma_matrix_a[v0_o * 16:v0_o * 16 + 16, v1_o * 16:v1_o * 16 + 16])
                                        T.block_attr({"meta_schedule.auto_tensorize": "wmma_load_16x16x16_f16_a_shared_dyn"})
                                        for ax0_1, ax1_1 in T.grid(16, 16):
                                            with T.block("pad_temp_reindex_shared.dyn_wmma.matrix_a"):
                                                v0_i, v1_i = T.axis.remap("SS", [ax0_1, ax1_1])
                                                T.reads(pad_temp_reindex_shared_dyn[v0_o * 16 + v0_i, v1_o * 16 + v1_i])
                                                T.writes(pad_temp_reindex_shared_dyn_wmma_matrix_a[v0_o * 16 + v0_i, v1_o * 16 + v1_i])
                                                pad_temp_reindex_shared_dyn_wmma_matrix_a[v0_o * 16 + v0_i, v1_o * 16 + v1_i] = pad_temp_reindex_shared_dyn[v0_o * 16 + v0_i, v1_o * 16 + v1_i]
                                for ax0, ax1, ax2_0, ax3_0 in T.grid(1, 1, 4, 4):
                                    with T.block("W_reindex_shared.dyn_wmma.matrix_b_o"):
                                        v0_o, v1_o = T.axis.remap("SS", [ax0, ax1])
                                        v2_o = T.axis.spatial(8, ax2_0_2_ax3_0_2_fused % 2 * 4 + ax2_0)
                                        v3_o = T.axis.spatial(4, ax3_0)
                                        T.reads(W_reindex_shared_dyn[v0_o, v1_o, v2_o * 16:v2_o * 16 + 16, v3_o * 16:v3_o * 16 + 16])
                                        T.writes(W_reindex_shared_dyn_wmma_matrix_b[v0_o, v1_o, v2_o * 16:v2_o * 16 + 16, v3_o * 16:v3_o * 16 + 16])
                                        T.block_attr({"meta_schedule.auto_tensorize": "wmma_load_16x16x16_f16_b_trans_shared_dyn"})
                                        for ax2_1, ax3_1 in T.grid(16, 16):
                                            with T.block("W_reindex_shared.dyn_wmma.matrix_b"):
                                                v2_i, v3_i = T.axis.remap("SS", [ax2_1, ax3_1])
                                                T.reads(W_reindex_shared_dyn[v0_o, v1_o, v2_o * 16 + v2_i, v3_o * 16 + v3_i])
                                                T.writes(W_reindex_shared_dyn_wmma_matrix_b[v0_o, v1_o, v2_o * 16 + v2_i, v3_o * 16 + v3_i])
                                                W_reindex_shared_dyn_wmma_matrix_b[v0_o, v1_o, v2_o * 16 + v2_i, v3_o * 16 + v3_i] = W_reindex_shared_dyn[v0_o, v1_o, v2_o * 16 + v2_i, v3_o * 16 + v3_i]
                                for ax2_0_3, ax3_0_3, ax4_0_2, ax2_0_4, ax3_0_4 in T.grid(1, 1, 4, 1, 4):
                                    with T.block("conv2d_nchw_o"):
                                        v0_o = T.axis.spatial(1, 0)
                                        v1_o = T.axis.spatial(1, 0)
                                        v2_o = T.axis.spatial(49, ax2_0_2_ax3_0_2_fused // 2 + ax2_0_3 + ax2_0_4)
                                        v3_o = T.axis.spatial(8, ax2_0_2_ax3_0_2_fused % 2 * 4 + ax3_0_3 * 4 + ax3_0_4)
                                        v4_o = T.axis.reduce(4, ax4_0_0 * 4 + ax4_0_1 * 4 + ax4_0_2)
                                        T.reads(pad_temp_reindex_shared_dyn_wmma_matrix_a[v2_o * 16:v2_o * 16 + 16, v4_o * 16:v4_o * 16 + 16], W_reindex_shared_dyn_wmma_matrix_b[v0_o, v1_o, v3_o * 16:v3_o * 16 + 16, v4_o * 16:v4_o * 16 + 16])
                                        T.writes(conv2d_nchw_reindex_shared_dyn_wmma_accumulator[v2_o, v3_o // 4, 0, v3_o % 4, 0:16, 0:16])
                                        T.block_attr({"meta_schedule.auto_tensorize": "wmma_sync_16x16x16_f16f16f16_trans", "meta_schedule.auto_tensorize_init": "wmma_fill_16x16x16_f16", "meta_schedule.thread_extent_high_inclusive": 1024, "meta_schedule.thread_extent_low_inclusive": 32, "warp_execution": 1})
                                        with T.init():
                                            for ax2_1, ax3_1 in T.grid(16, 16):
                                                with T.block("conv2d_nchw_init"):
                                                    v2_i_init, v3_i_init = T.axis.remap("SS", [ax2_1, ax3_1])
                                                    T.reads()
                                                    T.writes(conv2d_nchw_reindex_shared_dyn_wmma_accumulator[v2_o, v3_o // 4, 0, v3_o % 4, v2_i_init, v3_i_init])
                                                    conv2d_nchw_reindex_shared_dyn_wmma_accumulator[v2_o, v3_o // 4, 0, v3_o % 4, v2_i_init, v3_i_init] = T.float16(0.0)
                                        for ax2_1, ax3_1, ax4_1 in T.grid(16, 16, 16):
                                            with T.block("conv2d_nchw"):
                                                v2_i, v3_i, v4_i = T.axis.remap("SSR", [ax2_1, ax3_1, ax4_1])
                                                T.reads(conv2d_nchw_reindex_shared_dyn_wmma_accumulator[v2_o, v3_o // 4, 0, v3_o % 4, v2_i, v3_i], pad_temp_reindex_shared_dyn_wmma_matrix_a[v2_o * 16 + v2_i, v4_o * 16 + v4_i], W_reindex_shared_dyn_wmma_matrix_b[v0_o, v1_o, v3_o * 16 + v3_i, v4_o * 16 + v4_i])
                                                T.writes(conv2d_nchw_reindex_shared_dyn_wmma_accumulator[v2_o, v3_o // 4, 0, v3_o % 4, v2_i, v3_i])
                                                T.block_attr({"meta_schedule.tiling_structure": "SSSRRSRS"})
                                                conv2d_nchw_reindex_shared_dyn_wmma_accumulator[v2_o, v3_o // 4, 0, v3_o % 4, v2_i, v3_i] = conv2d_nchw_reindex_shared_dyn_wmma_accumulator[v2_o, v3_o // 4, 0, v3_o % 4, v2_i, v3_i] + pad_temp_reindex_shared_dyn_wmma_matrix_a[v2_o * 16 + v2_i, v4_o * 16 + v4_i] * W_reindex_shared_dyn_wmma_matrix_b[v0_o, v1_o, v3_o * 16 + v3_i, v4_o * 16 + v4_i]
                    for ax2 in range(1):
                        for ax0_ax1_fused in T.thread_binding(98, thread="threadIdx.y"):
                            for ax2_1, ax3 in T.grid(1, 4):
                                with T.block("conv2d_nchw_reindex_shared.dyn_wmma.accumulator_o"):
                                    v0_o = T.axis.spatial(49, ax0_ax1_fused // 2)
                                    v1_o = T.axis.spatial(2, ax0_ax1_fused % 2)
                                    v2_o, v3_o = T.axis.remap("SS", [ax2_1, ax3])
                                    v4_o = T.axis.spatial(1, 0)
                                    v5_o = T.axis.spatial(1, 0)
                                    T.reads(conv2d_nchw_reindex_shared_dyn_wmma_accumulator[v0_o, v1_o, v2_o, v3_o, 0:16, 0:16])
                                    T.writes(conv2d_nchw_reindex_shared_dyn[v0_o, v1_o, v2_o, v3_o, 0:16, 0:16])
                                    T.block_attr({"meta_schedule.auto_tensorize": "wmma_store_16x16x16_f16_shared_dyn"})
                                    for ax4, ax5 in T.grid(16, 16):
                                        with T.block("conv2d_nchw_reindex_shared.dyn_wmma.accumulator"):
                                            v4_i, v5_i = T.axis.remap("SS", [ax4, ax5])
                                            T.reads(conv2d_nchw_reindex_shared_dyn_wmma_accumulator[v0_o, v1_o, v2_o, v3_o, v4_i, v5_i])
                                            T.writes(conv2d_nchw_reindex_shared_dyn[v0_o, v1_o, v2_o, v3_o, v4_i, v5_i])
                                            conv2d_nchw_reindex_shared_dyn[v0_o, v1_o, v2_o, v3_o, v4_i, v5_i] = conv2d_nchw_reindex_shared_dyn_wmma_accumulator[v0_o, v1_o, v2_o, v3_o, v4_i, v5_i]
                        for ax0_ax1_ax3_ax4_ax5_fused in range(100352):
                            with T.block("conv2d_nchw_reindex_shared.dyn"):
                                v0 = T.axis.spatial(49, ax0_ax1_ax3_ax4_ax5_fused // 2048)
                                v1 = T.axis.spatial(2, ax0_ax1_ax3_ax4_ax5_fused % 2048 // 1024)
                                v2 = T.axis.spatial(1, ax2)
                                v3 = T.axis.spatial(4, ax0_ax1_ax3_ax4_ax5_fused % 1024 // 256)
                                v4 = T.axis.spatial(16, ax0_ax1_ax3_ax4_ax5_fused % 256 // 16)
                                v5 = T.axis.spatial(16, ax0_ax1_ax3_ax4_ax5_fused % 16)
                                T.reads(conv2d_nchw_reindex_shared_dyn[v0, v1, v2, v3, v4, v5])
                                T.writes(conv2d_nchw[0, v5 + v3 * 16 + v1 * 64, (v4 + v0 * 16) // 28, (v4 + v0 * 16) % 28])
                                T.block_attr({"meta_schedule.cooperative_fetch": 1})
                                conv2d_nchw[0, v5 + v3 * 16 + v1 * 64, (v4 + v0 * 16) // 28, (v4 + v0 * 16) % 28] = conv2d_nchw_reindex_shared_dyn[v0, v1, v2, v3, v4, v5]
b0 = sch.get_block(name="pad_temp", func_name="main")
b1 = sch.get_block(name="conv2d_nchw", func_name="main")
b2 = sch.get_block(name="root", func_name="main")
sch.annotate(block_or_loop=b1, ann_key="meta_schedule.tiling_structure", ann_val="SSSRRSRS")
b3 = sch.reindex(block=b1, buffer=("write", 0))
b4 = sch.reindex(block=b1, buffer=("read", 0))
b5 = sch.reindex(block=b1, buffer=("read", 1))
sch.transform_layout(block=b1, buffer=("read", 0), index_map=lambda v_nn, v_yy, v_xx, v_rc: (v_nn * 784 + v_yy * 28 + v_xx, v_rc,), pad_value=None, assume_injective_transform=True)
sch.transform_layout(block=b1, buffer=("read", 1), index_map=lambda v_ff, v_rc, v_ry, v_rx: (v_ry, v_rx, v_ff, v_rc,), pad_value=None, assume_injective_transform=True)
sch.transform_layout(block=b1, buffer=("write", 0), index_map=lambda v_nn, v_ff, v_yy, v_xx: (v_nn * 784 + v_yy * 28 + v_xx, v_ff,), pad_value=None, assume_injective_transform=True)
sch.transform_block_layout(block=b3, index_map=lambda v_nn, v_ff, v_yy, v_xx: (v_nn * 784 + v_yy * 28 + v_xx, v_ff,))
sch.transform_block_layout(block=b4, index_map=lambda v_nn, v_yy, v_xx, v_rc: (v_nn * 784 + v_yy * 28 + v_xx, v_rc,))
sch.transform_block_layout(block=b5, index_map=lambda v_ff, v_rc, v_ry, v_rx: (v_ry, v_rx, v_ff, v_rc,))
sch.transform_block_layout(block=b1, index_map=lambda v_nn, v_ff, v_yy, v_xx, v_rc, v_ry, v_rx: (v_ry, v_rx, v_nn * 784 + v_yy * 28 + v_xx, v_ff, v_rc,))
l6, l7, l8, l9, l10 = sch.get_loops(block=b1)
l11, l12 = sch.split(loop=l10, factors=[None, 16], preserve_unit_iters=True, disable_predication=False)
l13, l14 = sch.split(loop=l9, factors=[None, 16], preserve_unit_iters=True, disable_predication=False)
l15, l16 = sch.split(loop=l8, factors=[None, 16], preserve_unit_iters=True, disable_predication=False)
l17, l18, l19, l20, l21, l22, l23, l24 = sch.get_loops(block=b1)
sch.reorder(l21, l23, l16, l14, l12)
b25 = sch.blockize(target=l16, preserve_unit_iters=True)
sch.annotate(block_or_loop=b25, ann_key="meta_schedule.auto_tensorize", ann_val="wmma_sync_16x16x16_f16f16f16_trans")
sch.annotate(block_or_loop=b25, ann_key="meta_schedule.auto_tensorize_init", ann_val="wmma_fill_16x16x16_f16")
sch.annotate(block_or_loop=b25, ann_key="warp_execution", ann_val=1)
l26, l27, l28, l29, l30 = sch.get_loops(block=b25)
v31, v32, v33, v34, v35 = sch.sample_perfect_tile(loop=l28, n=5, max_innermost_factor=4, decision=[1, 1, 49, 1, 1])
l36, l37, l38, l39, l40 = sch.split(loop=l28, factors=[v31, v32, v33, v34, v35], preserve_unit_iters=True, disable_predication=False)
v41, v42, v43, v44, v45 = sch.sample_perfect_tile(loop=l29, n=5, max_innermost_factor=4, decision=[1, 1, 2, 1, 4])
l46, l47, l48, l49, l50 = sch.split(loop=l29, factors=[v41, v42, v43, v44, v45], preserve_unit_iters=True, disable_predication=False)
v51, v52, v53 = sch.sample_perfect_tile(loop=l30, n=3, max_innermost_factor=4, decision=[1, 1, 4])
l54, l55, l56 = sch.split(loop=l30, factors=[v51, v52, v53], preserve_unit_iters=True, disable_predication=False)
sch.reorder(l36, l46, l37, l47, l38, l48, l54, l55, l39, l49, l56, l40, l50)
l57 = sch.fuse(l26, l27, l36, l46, preserve_unit_iters=True)
sch.bind(loop=l57, thread_axis="blockIdx.y")
l58 = sch.fuse(l37, l47, preserve_unit_iters=True)
sch.bind(loop=l58, thread_axis="blockIdx.x")
l59 = sch.fuse(l38, l48, preserve_unit_iters=True)
sch.bind(loop=l59, thread_axis="threadIdx.y")
sch.annotate(block_or_loop=b25, ann_key="meta_schedule.thread_extent_low_inclusive", ann_val=32)
sch.annotate(block_or_loop=b25, ann_key="meta_schedule.thread_extent_high_inclusive", ann_val=1024)
sch.transform_layout(block=b25, buffer=("write", 0), index_map=lambda i0, i1: (i0 // 16 // (v34 * v35), i1 // 16 // (v44 * v45), i0 // 16 % (v34 * v35), i1 // 16 % (v44 * v45), i0 % 16, i1 % 16,), pad_value=None, assume_injective_transform=True)
b60 = sch.cache_write(block=b25, write_buffer_index=0, storage_scope="shared.dyn")
sch.reverse_compute_at(block=b60, loop=l58, preserve_unit_loops=True, index=-1)
b61 = sch.cache_write(block=b25, write_buffer_index=0, storage_scope="wmma.accumulator")
l62, l63, l64, l65, l66, l67, l68, l69 = sch.get_loops(block=b60)
sch.reorder(l66, l64, l65, l67)
sch.compute_at(block=b61, loop=l66, preserve_unit_loops=True, index=-1)
l70, l71, l72, l73, l74, l75, l76, l77, l78 = sch.get_loops(block=b61)
l79 = sch.fuse(l73, l74, preserve_unit_iters=True)
sch.bind(loop=l79, thread_axis="threadIdx.y")
sch.reverse_compute_inline(block=b3)
l80, l81, l82, l83, l84, l85, l86, l87 = sch.get_loops(block=b61)
b88 = sch.blockize(target=l86, preserve_unit_iters=True)
sch.annotate(block_or_loop=b88, ann_key="meta_schedule.auto_tensorize", ann_val="wmma_store_16x16x16_f16_shared_dyn")
l89, l90, l91, l92, l93, l94, l95, l96 = sch.get_loops(block=b60)
l97 = sch.fuse(l92, l93, l94, l95, l96, preserve_unit_iters=True)
v98 = sch.sample_categorical(candidates=[1, 2, 4, 8], probs=[0.25, 0.25, 0.25, 0.25], decision=0)
sch.annotate(block_or_loop=b60, ann_key="meta_schedule.cooperative_fetch", ann_val=v98)
b99 = sch.cache_read(block=b25, read_buffer_index=0, storage_scope="shared.dyn", consumer_blocks=[b25])
sch.compute_at(block=b99, loop=l54, preserve_unit_loops=True, index=-1)
l100, l101, l102, l103, l104, l105 = sch.get_loops(block=b99)
l106 = sch.fuse(l104, l105, preserve_unit_iters=True)
v107 = sch.sample_categorical(candidates=[1, 2, 4, 8], probs=[0.25, 0.25, 0.25, 0.25], decision=0)
sch.annotate(block_or_loop=b99, ann_key="meta_schedule.cooperative_fetch", ann_val=v107)
b108 = sch.cache_read(block=b25, read_buffer_index=1, storage_scope="shared.dyn", consumer_blocks=[b25])
sch.compute_at(block=b108, loop=l54, preserve_unit_loops=True, index=-1)
l109, l110, l111, l112, l113, l114, l115, l116 = sch.get_loops(block=b108)
l117 = sch.fuse(l113, l114, l115, l116, preserve_unit_iters=True)
v118 = sch.sample_categorical(candidates=[1, 2, 4, 8], probs=[0.25, 0.25, 0.25, 0.25], decision=0)
sch.annotate(block_or_loop=b108, ann_key="meta_schedule.cooperative_fetch", ann_val=v118)
b119 = sch.cache_read(block=b25, read_buffer_index=0, storage_scope="wmma.matrix_a")
sch.compute_at(block=b119, loop=l55, preserve_unit_loops=True, index=-1)
l120, l121, l122, l123, l124, l125, l126 = sch.get_loops(block=b119)
l127, l128 = sch.split(loop=l126, factors=[None, 16], preserve_unit_iters=True, disable_predication=False)
l129, l130 = sch.split(loop=l125, factors=[None, 16], preserve_unit_iters=True, disable_predication=False)
l131, l132, l133, l134, l135, l136, l137, l138, l139 = sch.get_loops(block=b119)
sch.reorder(l138, l130, l128)
b140 = sch.blockize(target=l130, preserve_unit_iters=True)
sch.annotate(block_or_loop=b140, ann_key="meta_schedule.auto_tensorize", ann_val="wmma_load_16x16x16_f16_a_shared_dyn")
b141 = sch.cache_read(block=b25, read_buffer_index=1, storage_scope="wmma.matrix_b")
sch.compute_at(block=b141, loop=l55, preserve_unit_loops=True, index=-1)
l142, l143, l144, l145, l146, l147, l148, l149, l150 = sch.get_loops(block=b141)
l151, l152 = sch.split(loop=l150, factors=[None, 16], preserve_unit_iters=True, disable_predication=False)
l153, l154 = sch.split(loop=l149, factors=[None, 16], preserve_unit_iters=True, disable_predication=False)
l155, l156, l157, l158, l159, l160, l161, l162, l163, l164, l165 = sch.get_loops(block=b141)
sch.reorder(l164, l154, l152)
b166 = sch.blockize(target=l154, preserve_unit_iters=True)
sch.annotate(block_or_loop=b166, ann_key="meta_schedule.auto_tensorize", ann_val="wmma_load_16x16x16_f16_b_trans_shared_dyn")
b167, = sch.get_producers(block=b99)
sch.compute_inline(block=b167)
sch.storage_align(block=b99, buffer_index=0, axis=-2, factor=32, offset=8)
b168, = sch.get_producers(block=b108)
sch.compute_inline(block=b168)
sch.storage_align(block=b108, buffer_index=0, axis=-2, factor=32, offset=8)
sch.compute_inline(block=b0)
v169 = sch.sample_categorical(candidates=[0, 16, 64, 512, 1024], probs=[0.20000000000000001, 0.20000000000000001, 0.20000000000000001, 0.20000000000000001, 0.20000000000000001], decision=4)
sch.annotate(block_or_loop=b2, ann_key="meta_schedule.unroll_explicit", ann_val=v169)
2025-10-07 09:25:01 [INFO] [task_scheduler.cc:170] Design space #1:
# from tvm.script import ir as I
# from tvm.script import tir as T

@I.ir_module
class Module:
    @T.prim_func
    def main(A: T.Buffer((1, 64, 56, 56), "float16"), W: T.Buffer((128, 64, 1, 1), "float16"), conv2d_nchw: T.Buffer((1, 128, 28, 28), "float16")):
        T.func_attr({"tir.noalias": T.bool(True)})
        with T.block("root"):
            T.reads()
            T.writes()
            T.block_attr({"meta_schedule.unroll_explicit": 64})
            conv2d_nchw_reindex_shared_dyn = T.alloc_buffer((49, 2, 1, 4, 16, 16), "float16", scope="shared.dyn")
            conv2d_nchw_reindex_shared_dyn_wmma_accumulator = T.alloc_buffer((49, 2, 1, 4, 16, 16), "float16", scope="wmma.accumulator")
            pad_temp_reindex_shared_dyn = T.alloc_buffer((784, 64), "float16", scope="shared.dyn")
            W_reindex_shared_dyn = T.alloc_buffer((1, 1, 64, 128), "float16", scope="shared.dyn")
            pad_temp_reindex_shared_dyn_wmma_matrix_a = T.alloc_buffer((784, 64), "float16", scope="wmma.matrix_a")
            W_reindex_shared_dyn_wmma_matrix_b = T.alloc_buffer((1, 1, 64, 128), "float16", scope="wmma.matrix_b")
            for ax0_ax1_ax2_0_0_ax3_0_0_fused in T.thread_binding(1, thread="blockIdx.y"):
                for ax2_0_1_ax3_0_1_fused in T.thread_binding(98, thread="blockIdx.x"):
                    for ax2_0_2_ax3_0_2_fused in T.thread_binding(1, thread="threadIdx.y"):
                        for ax4_0_0 in range(4):
                            for ax0_ax1_fused in range(256):
                                with T.block("pad_temp_reindex_shared.dyn"):
                                    v0 = T.axis.spatial(784, ax2_0_1_ax3_0_1_fused // 2 * 16 + ax0_ax1_fused // 16)
                                    v1 = T.axis.spatial(64, ax4_0_0 * 16 + ax0_ax1_fused % 16)
                                    T.reads(A[0, v1, v0 // 28 * 2, v0 % 28 * 2])
                                    T.writes(pad_temp_reindex_shared_dyn[v0, v1])
                                    T.block_attr({"buffer_dim_align": [[0, 0, 32, 8]], "meta_schedule.cooperative_fetch": 1})
                                    pad_temp_reindex_shared_dyn[v0, v1] = A[0, v1, v0 // 28 * 2, v0 % 28 * 2]
                            for ax0_ax1_ax2_ax3_fused in range(1024):
                                with T.block("W_reindex_shared.dyn"):
                                    v0 = T.axis.spatial(1, 0)
                                    v1 = T.axis.spatial(1, 0)
                                    v2 = T.axis.spatial(64, ax4_0_0 * 16 + ax0_ax1_ax2_ax3_fused // 64)
                                    v3 = T.axis.spatial(128, ax2_0_1_ax3_0_1_fused % 2 * 64 + ax0_ax1_ax2_ax3_fused % 64)
                                    T.reads(W[v3, v2, v0, v1])
                                    T.writes(W_reindex_shared_dyn[v0, v1, v2, v3])
                                    T.block_attr({"buffer_dim_align": [[0, 2, 32, 8]], "meta_schedule.cooperative_fetch": 4})
                                    W_reindex_shared_dyn[v0, v1, v2, v3] = W[v3, v2, v0, v1]
                            for ax4_0_1 in range(1):
                                for ax0_0, ax1_0 in T.grid(1, 1):
                                    with T.block("pad_temp_reindex_shared.dyn_wmma.matrix_a_o"):
                                        v0_o = T.axis.spatial(49, ax2_0_1_ax3_0_1_fused // 2 + ax0_0)
                                        v1_o = T.axis.spatial(4, ax4_0_0 + ax1_0)
                                        T.reads(pad_temp_reindex_shared_dyn[v0_o * 16:v0_o * 16 + 16, v1_o * 16:v1_o * 16 + 16])
                                        T.writes(pad_temp_reindex_shared_dyn_wmma_matrix_a[v0_o * 16:v0_o * 16 + 16, v1_o * 16:v1_o * 16 + 16])
                                        T.block_attr({"meta_schedule.auto_tensorize": "wmma_load_16x16x16_f16_a_shared_dyn"})
                                        for ax0_1, ax1_1 in T.grid(16, 16):
                                            with T.block("pad_temp_reindex_shared.dyn_wmma.matrix_a"):
                                                v0_i, v1_i = T.axis.remap("SS", [ax0_1, ax1_1])
                                                T.reads(pad_temp_reindex_shared_dyn[v0_o * 16 + v0_i, v1_o * 16 + v1_i])
                                                T.writes(pad_temp_reindex_shared_dyn_wmma_matrix_a[v0_o * 16 + v0_i, v1_o * 16 + v1_i])
                                                pad_temp_reindex_shared_dyn_wmma_matrix_a[v0_o * 16 + v0_i, v1_o * 16 + v1_i] = pad_temp_reindex_shared_dyn[v0_o * 16 + v0_i, v1_o * 16 + v1_i]
                                for ax0, ax1, ax2_0, ax3_0 in T.grid(1, 1, 1, 4):
                                    with T.block("W_reindex_shared.dyn_wmma.matrix_b_o"):
                                        v0_o, v1_o = T.axis.remap("SS", [ax0, ax1])
                                        v2_o = T.axis.spatial(4, ax4_0_0 + ax2_0)
                                        v3_o = T.axis.spatial(8, ax2_0_1_ax3_0_1_fused % 2 * 4 + ax3_0)
                                        T.reads(W_reindex_shared_dyn[v0_o, v1_o, v2_o * 16:v2_o * 16 + 16, v3_o * 16:v3_o * 16 + 16])
                                        T.writes(W_reindex_shared_dyn_wmma_matrix_b[v0_o, v1_o, v2_o * 16:v2_o * 16 + 16, v3_o * 16:v3_o * 16 + 16])
                                        T.block_attr({"meta_schedule.auto_tensorize": "wmma_load_16x16x16_f16_b_shared_dyn"})
                                        for ax2_1, ax3_1 in T.grid(16, 16):
                                            with T.block("W_reindex_shared.dyn_wmma.matrix_b"):
                                                v2_i, v3_i = T.axis.remap("SS", [ax2_1, ax3_1])
                                                T.reads(W_reindex_shared_dyn[v0_o, v1_o, v2_o * 16 + v2_i, v3_o * 16 + v3_i])
                                                T.writes(W_reindex_shared_dyn_wmma_matrix_b[v0_o, v1_o, v2_o * 16 + v2_i, v3_o * 16 + v3_i])
                                                W_reindex_shared_dyn_wmma_matrix_b[v0_o, v1_o, v2_o * 16 + v2_i, v3_o * 16 + v3_i] = W_reindex_shared_dyn[v0_o, v1_o, v2_o * 16 + v2_i, v3_o * 16 + v3_i]
                                for ax2_0_3, ax3_0_3, ax4_0_2, ax2_0_4, ax3_0_4 in T.grid(1, 2, 1, 1, 2):
                                    with T.block("conv2d_nchw_o"):
                                        v0_o = T.axis.spatial(1, 0)
                                        v1_o = T.axis.spatial(1, 0)
                                        v2_o = T.axis.spatial(49, ax2_0_1_ax3_0_1_fused // 2 + ax2_0_3 + ax2_0_4)
                                        v3_o = T.axis.spatial(8, ax2_0_1_ax3_0_1_fused % 2 * 4 + ax3_0_3 * 2 + ax3_0_4)
                                        v4_o = T.axis.reduce(4, ax4_0_0 + ax4_0_1 + ax4_0_2)
                                        T.reads(pad_temp_reindex_shared_dyn_wmma_matrix_a[v2_o * 16:v2_o * 16 + 16, v4_o * 16:v4_o * 16 + 16], W_reindex_shared_dyn_wmma_matrix_b[v0_o, v1_o, v4_o * 16:v4_o * 16 + 16, v3_o * 16:v3_o * 16 + 16])
                                        T.writes(conv2d_nchw_reindex_shared_dyn_wmma_accumulator[v2_o, v3_o // 4, 0, v3_o % 4, 0:16, 0:16])
                                        T.block_attr({"meta_schedule.auto_tensorize": "wmma_sync_16x16x16_f16f16f16", "meta_schedule.auto_tensorize_init": "wmma_fill_16x16x16_f16", "meta_schedule.thread_extent_high_inclusive": 1024, "meta_schedule.thread_extent_low_inclusive": 32, "warp_execution": 1})
                                        with T.init():
                                            for ax2_1, ax3_1 in T.grid(16, 16):
                                                with T.block("conv2d_nchw_init"):
                                                    v2_i_init, v3_i_init = T.axis.remap("SS", [ax2_1, ax3_1])
                                                    T.reads()
                                                    T.writes(conv2d_nchw_reindex_shared_dyn_wmma_accumulator[v2_o, v3_o // 4, 0, v3_o % 4, v2_i_init, v3_i_init])
                                                    conv2d_nchw_reindex_shared_dyn_wmma_accumulator[v2_o, v3_o // 4, 0, v3_o % 4, v2_i_init, v3_i_init] = T.float16(0.0)
                                        for ax2_1, ax3_1, ax4_1 in T.grid(16, 16, 16):
                                            with T.block("conv2d_nchw"):
                                                v2_i, v3_i, v4_i = T.axis.remap("SSR", [ax2_1, ax3_1, ax4_1])
                                                T.reads(conv2d_nchw_reindex_shared_dyn_wmma_accumulator[v2_o, v3_o // 4, 0, v3_o % 4, v2_i, v3_i], pad_temp_reindex_shared_dyn_wmma_matrix_a[v2_o * 16 + v2_i, v4_o * 16 + v4_i], W_reindex_shared_dyn_wmma_matrix_b[v0_o, v1_o, v4_o * 16 + v4_i, v3_o * 16 + v3_i])
                                                T.writes(conv2d_nchw_reindex_shared_dyn_wmma_accumulator[v2_o, v3_o // 4, 0, v3_o % 4, v2_i, v3_i])
                                                T.block_attr({"meta_schedule.tiling_structure": "SSSRRSRS"})
                                                conv2d_nchw_reindex_shared_dyn_wmma_accumulator[v2_o, v3_o // 4, 0, v3_o % 4, v2_i, v3_i] = conv2d_nchw_reindex_shared_dyn_wmma_accumulator[v2_o, v3_o // 4, 0, v3_o % 4, v2_i, v3_i] + pad_temp_reindex_shared_dyn_wmma_matrix_a[v2_o * 16 + v2_i, v4_o * 16 + v4_i] * W_reindex_shared_dyn_wmma_matrix_b[v0_o, v1_o, v4_o * 16 + v4_i, v3_o * 16 + v3_i]
                    for ax2 in range(1):
                        for ax0_ax1_fused in T.thread_binding(1, thread="threadIdx.y"):
                            for ax2_1, ax3 in T.grid(1, 4):
                                with T.block("conv2d_nchw_reindex_shared.dyn_wmma.accumulator_o"):
                                    v0_o = T.axis.spatial(49, ax2_0_1_ax3_0_1_fused // 2)
                                    v1_o = T.axis.spatial(2, ax2_0_1_ax3_0_1_fused % 2)
                                    v2_o, v3_o = T.axis.remap("SS", [ax2_1, ax3])
                                    v4_o = T.axis.spatial(1, 0)
                                    v5_o = T.axis.spatial(1, 0)
                                    T.reads(conv2d_nchw_reindex_shared_dyn_wmma_accumulator[v0_o, v1_o, v2_o, v3_o, 0:16, 0:16])
                                    T.writes(conv2d_nchw_reindex_shared_dyn[v0_o, v1_o, v2_o, v3_o, 0:16, 0:16])
                                    T.block_attr({"meta_schedule.auto_tensorize": "wmma_store_16x16x16_f16_shared_dyn"})
                                    for ax4, ax5 in T.grid(16, 16):
                                        with T.block("conv2d_nchw_reindex_shared.dyn_wmma.accumulator"):
                                            v4_i, v5_i = T.axis.remap("SS", [ax4, ax5])
                                            T.reads(conv2d_nchw_reindex_shared_dyn_wmma_accumulator[v0_o, v1_o, v2_o, v3_o, v4_i, v5_i])
                                            T.writes(conv2d_nchw_reindex_shared_dyn[v0_o, v1_o, v2_o, v3_o, v4_i, v5_i])
                                            conv2d_nchw_reindex_shared_dyn[v0_o, v1_o, v2_o, v3_o, v4_i, v5_i] = conv2d_nchw_reindex_shared_dyn_wmma_accumulator[v0_o, v1_o, v2_o, v3_o, v4_i, v5_i]
                        for ax0_ax1_ax3_ax4_ax5_fused in range(1024):
                            with T.block("conv2d_nchw_reindex_shared.dyn"):
                                v0 = T.axis.spatial(49, ax2_0_1_ax3_0_1_fused // 2)
                                v1 = T.axis.spatial(2, ax2_0_1_ax3_0_1_fused % 2)
                                v2 = T.axis.spatial(1, ax2)
                                v3 = T.axis.spatial(4, ax0_ax1_ax3_ax4_ax5_fused // 256)
                                v4 = T.axis.spatial(16, ax0_ax1_ax3_ax4_ax5_fused % 256 // 16)
                                v5 = T.axis.spatial(16, ax0_ax1_ax3_ax4_ax5_fused % 16)
                                T.reads(conv2d_nchw_reindex_shared_dyn[v0, v1, v2, v3, v4, v5])
                                T.writes(conv2d_nchw[0, v5 + v3 * 16 + v1 * 64, (v4 + v0 * 16) // 28, (v4 + v0 * 16) % 28])
                                T.block_attr({"meta_schedule.cooperative_fetch": 8})
                                conv2d_nchw[0, v5 + v3 * 16 + v1 * 64, (v4 + v0 * 16) // 28, (v4 + v0 * 16) % 28] = conv2d_nchw_reindex_shared_dyn[v0, v1, v2, v3, v4, v5]
b0 = sch.get_block(name="pad_temp", func_name="main")
b1 = sch.get_block(name="conv2d_nchw", func_name="main")
b2 = sch.get_block(name="root", func_name="main")
sch.annotate(block_or_loop=b1, ann_key="meta_schedule.tiling_structure", ann_val="SSSRRSRS")
b3 = sch.reindex(block=b1, buffer=("write", 0))
b4 = sch.reindex(block=b1, buffer=("read", 0))
b5 = sch.reindex(block=b1, buffer=("read", 1))
sch.transform_layout(block=b1, buffer=("read", 0), index_map=lambda v_nn, v_yy, v_xx, v_rc: (v_nn * 784 + v_yy * 28 + v_xx, v_rc,), pad_value=None, assume_injective_transform=True)
sch.transform_layout(block=b1, buffer=("read", 1), index_map=lambda v_ff, v_rc, v_ry, v_rx: (v_ry, v_rx, v_rc, v_ff,), pad_value=None, assume_injective_transform=True)
sch.transform_layout(block=b1, buffer=("write", 0), index_map=lambda v_nn, v_ff, v_yy, v_xx: (v_nn * 784 + v_yy * 28 + v_xx, v_ff,), pad_value=None, assume_injective_transform=True)
sch.transform_block_layout(block=b3, index_map=lambda v_nn, v_ff, v_yy, v_xx: (v_nn * 784 + v_yy * 28 + v_xx, v_ff,))
sch.transform_block_layout(block=b4, index_map=lambda v_nn, v_yy, v_xx, v_rc: (v_nn * 784 + v_yy * 28 + v_xx, v_rc,))
sch.transform_block_layout(block=b5, index_map=lambda v_ff, v_rc, v_ry, v_rx: (v_ry, v_rx, v_rc, v_ff,))
sch.transform_block_layout(block=b1, index_map=lambda v_nn, v_ff, v_yy, v_xx, v_rc, v_ry, v_rx: (v_ry, v_rx, v_nn * 784 + v_yy * 28 + v_xx, v_ff, v_rc,))
l6, l7, l8, l9, l10 = sch.get_loops(block=b1)
l11, l12 = sch.split(loop=l10, factors=[None, 16], preserve_unit_iters=True, disable_predication=False)
l13, l14 = sch.split(loop=l9, factors=[None, 16], preserve_unit_iters=True, disable_predication=False)
l15, l16 = sch.split(loop=l8, factors=[None, 16], preserve_unit_iters=True, disable_predication=False)
l17, l18, l19, l20, l21, l22, l23, l24 = sch.get_loops(block=b1)
sch.reorder(l21, l23, l16, l14, l12)
b25 = sch.blockize(target=l16, preserve_unit_iters=True)
sch.annotate(block_or_loop=b25, ann_key="meta_schedule.auto_tensorize", ann_val="wmma_sync_16x16x16_f16f16f16")
sch.annotate(block_or_loop=b25, ann_key="meta_schedule.auto_tensorize_init", ann_val="wmma_fill_16x16x16_f16")
sch.annotate(block_or_loop=b25, ann_key="warp_execution", ann_val=1)
l26, l27, l28, l29, l30 = sch.get_loops(block=b25)
v31, v32, v33, v34, v35 = sch.sample_perfect_tile(loop=l28, n=5, max_innermost_factor=4, decision=[1, 49, 1, 1, 1])
l36, l37, l38, l39, l40 = sch.split(loop=l28, factors=[v31, v32, v33, v34, v35], preserve_unit_iters=True, disable_predication=False)
v41, v42, v43, v44, v45 = sch.sample_perfect_tile(loop=l29, n=5, max_innermost_factor=4, decision=[1, 2, 1, 2, 2])
l46, l47, l48, l49, l50 = sch.split(loop=l29, factors=[v41, v42, v43, v44, v45], preserve_unit_iters=True, disable_predication=False)
v51, v52, v53 = sch.sample_perfect_tile(loop=l30, n=3, max_innermost_factor=4, decision=[4, 1, 1])
l54, l55, l56 = sch.split(loop=l30, factors=[v51, v52, v53], preserve_unit_iters=True, disable_predication=False)
sch.reorder(l36, l46, l37, l47, l38, l48, l54, l55, l39, l49, l56, l40, l50)
l57 = sch.fuse(l26, l27, l36, l46, preserve_unit_iters=True)
sch.bind(loop=l57, thread_axis="blockIdx.y")
l58 = sch.fuse(l37, l47, preserve_unit_iters=True)
sch.bind(loop=l58, thread_axis="blockIdx.x")
l59 = sch.fuse(l38, l48, preserve_unit_iters=True)
sch.bind(loop=l59, thread_axis="threadIdx.y")
sch.annotate(block_or_loop=b25, ann_key="meta_schedule.thread_extent_low_inclusive", ann_val=32)
sch.annotate(block_or_loop=b25, ann_key="meta_schedule.thread_extent_high_inclusive", ann_val=1024)
sch.transform_layout(block=b25, buffer=("write", 0), index_map=lambda i0, i1: (i0 // 16 // (v34 * v35), i1 // 16 // (v44 * v45), i0 // 16 % (v34 * v35), i1 // 16 % (v44 * v45), i0 % 16, i1 % 16,), pad_value=None, assume_injective_transform=True)
b60 = sch.cache_write(block=b25, write_buffer_index=0, storage_scope="shared.dyn")
sch.reverse_compute_at(block=b60, loop=l58, preserve_unit_loops=True, index=-1)
b61 = sch.cache_write(block=b25, write_buffer_index=0, storage_scope="wmma.accumulator")
l62, l63, l64, l65, l66, l67, l68, l69 = sch.get_loops(block=b60)
sch.reorder(l66, l64, l65, l67)
sch.compute_at(block=b61, loop=l66, preserve_unit_loops=True, index=-1)
l70, l71, l72, l73, l74, l75, l76, l77, l78 = sch.get_loops(block=b61)
l79 = sch.fuse(l73, l74, preserve_unit_iters=True)
sch.bind(loop=l79, thread_axis="threadIdx.y")
sch.reverse_compute_inline(block=b3)
l80, l81, l82, l83, l84, l85, l86, l87 = sch.get_loops(block=b61)
b88 = sch.blockize(target=l86, preserve_unit_iters=True)
sch.annotate(block_or_loop=b88, ann_key="meta_schedule.auto_tensorize", ann_val="wmma_store_16x16x16_f16_shared_dyn")
l89, l90, l91, l92, l93, l94, l95, l96 = sch.get_loops(block=b60)
l97 = sch.fuse(l92, l93, l94, l95, l96, preserve_unit_iters=True)
v98 = sch.sample_categorical(candidates=[1, 2, 4, 8], probs=[0.25, 0.25, 0.25, 0.25], decision=3)
sch.annotate(block_or_loop=b60, ann_key="meta_schedule.cooperative_fetch", ann_val=v98)
b99 = sch.cache_read(block=b25, read_buffer_index=0, storage_scope="shared.dyn", consumer_blocks=[b25])
sch.compute_at(block=b99, loop=l54, preserve_unit_loops=True, index=-1)
l100, l101, l102, l103, l104, l105 = sch.get_loops(block=b99)
l106 = sch.fuse(l104, l105, preserve_unit_iters=True)
v107 = sch.sample_categorical(candidates=[1, 2, 4, 8], probs=[0.25, 0.25, 0.25, 0.25], decision=0)
sch.annotate(block_or_loop=b99, ann_key="meta_schedule.cooperative_fetch", ann_val=v107)
b108 = sch.cache_read(block=b25, read_buffer_index=1, storage_scope="shared.dyn", consumer_blocks=[b25])
sch.compute_at(block=b108, loop=l54, preserve_unit_loops=True, index=-1)
l109, l110, l111, l112, l113, l114, l115, l116 = sch.get_loops(block=b108)
l117 = sch.fuse(l113, l114, l115, l116, preserve_unit_iters=True)
v118 = sch.sample_categorical(candidates=[1, 2, 4, 8], probs=[0.25, 0.25, 0.25, 0.25], decision=2)
sch.annotate(block_or_loop=b108, ann_key="meta_schedule.cooperative_fetch", ann_val=v118)
b119 = sch.cache_read(block=b25, read_buffer_index=0, storage_scope="wmma.matrix_a")
sch.compute_at(block=b119, loop=l55, preserve_unit_loops=True, index=-1)
l120, l121, l122, l123, l124, l125, l126 = sch.get_loops(block=b119)
l127, l128 = sch.split(loop=l126, factors=[None, 16], preserve_unit_iters=True, disable_predication=False)
l129, l130 = sch.split(loop=l125, factors=[None, 16], preserve_unit_iters=True, disable_predication=False)
l131, l132, l133, l134, l135, l136, l137, l138, l139 = sch.get_loops(block=b119)
sch.reorder(l138, l130, l128)
b140 = sch.blockize(target=l130, preserve_unit_iters=True)
sch.annotate(block_or_loop=b140, ann_key="meta_schedule.auto_tensorize", ann_val="wmma_load_16x16x16_f16_a_shared_dyn")
b141 = sch.cache_read(block=b25, read_buffer_index=1, storage_scope="wmma.matrix_b")
sch.compute_at(block=b141, loop=l55, preserve_unit_loops=True, index=-1)
l142, l143, l144, l145, l146, l147, l148, l149, l150 = sch.get_loops(block=b141)
l151, l152 = sch.split(loop=l150, factors=[None, 16], preserve_unit_iters=True, disable_predication=False)
l153, l154 = sch.split(loop=l149, factors=[None, 16], preserve_unit_iters=True, disable_predication=False)
l155, l156, l157, l158, l159, l160, l161, l162, l163, l164, l165 = sch.get_loops(block=b141)
sch.reorder(l164, l154, l152)
b166 = sch.blockize(target=l154, preserve_unit_iters=True)
sch.annotate(block_or_loop=b166, ann_key="meta_schedule.auto_tensorize", ann_val="wmma_load_16x16x16_f16_b_shared_dyn")
b167, = sch.get_producers(block=b99)
sch.compute_inline(block=b167)
sch.storage_align(block=b99, buffer_index=0, axis=-2, factor=32, offset=8)
b168, = sch.get_producers(block=b108)
sch.compute_inline(block=b168)
sch.storage_align(block=b108, buffer_index=0, axis=-2, factor=32, offset=8)
sch.compute_inline(block=b0)
v169 = sch.sample_categorical(candidates=[0, 16, 64, 512, 1024], probs=[0.20000000000000001, 0.20000000000000001, 0.20000000000000001, 0.20000000000000001, 0.20000000000000001], decision=2)
sch.annotate(block_or_loop=b2, ann_key="meta_schedule.unroll_explicit", ann_val=v169)
2025-10-07 09:25:01 [INFO] [evolutionary_search.cc:713] Generating candidates......
2025-10-07 09:25:01 [INFO] [evolutionary_search.cc:715] Picked top 0 candidate(s) from database
2025-10-07 09:25:06 [INFO] [evolutionary_search.cc:533] Sample-Init-Population summary:
Postproc #0 [meta_schedule.DisallowDynamicLoop(0x1078b738)]: 0 failure(s)
Postproc #1 [meta_schedule.RewriteCooperativeFetch(0x10c5e018)]: 0 failure(s)
Postproc #2 [meta_schedule.RewriteUnboundBlock(0x1096b2a8)]: 0 failure(s)
Postproc #3 [meta_schedule.RewriteParallelVectorizeUnroll(0x106bee48)]: 0 failure(s)
Postproc #4 [meta_schedule.RewriteReductionBlock(0xe624028)]: 0 failure(s)
Postproc #5 [meta_schedule.VerifyGPUCode(0x1118ae28)]: 312 failure(s)
Postproc #6 [meta_schedule.RewriteTensorize(0x109d42a8)]: 0 failure(s)
2025-10-07 09:25:06 [INFO] [evolutionary_search.cc:723] Sampled 200 candidate(s)
2025-10-07 09:25:11 [INFO] [evolutionary_search.cc:621] Evolve iter #0 done. Summary:
Postproc #0 [meta_schedule.DisallowDynamicLoop(0x1078b738)]: 0 failure(s)
Postproc #1 [meta_schedule.RewriteCooperativeFetch(0x10c5e018)]: 0 failure(s)
Postproc #2 [meta_schedule.RewriteUnboundBlock(0x1096b2a8)]: 0 failure(s)
Postproc #3 [meta_schedule.RewriteParallelVectorizeUnroll(0x106bee48)]: 0 failure(s)
Postproc #4 [meta_schedule.RewriteReductionBlock(0xe624028)]: 0 failure(s)
Postproc #5 [meta_schedule.VerifyGPUCode(0x1118ae28)]: 80 failure(s)
Postproc #6 [meta_schedule.RewriteTensorize(0x109d42a8)]: 0 failure(s)
2025-10-07 09:25:17 [INFO] [evolutionary_search.cc:621] Evolve iter #1 done. Summary:
Postproc #0 [meta_schedule.DisallowDynamicLoop(0x1078b738)]: 0 failure(s)
Postproc #1 [meta_schedule.RewriteCooperativeFetch(0x10c5e018)]: 0 failure(s)
Postproc #2 [meta_schedule.RewriteUnboundBlock(0x1096b2a8)]: 0 failure(s)
Postproc #3 [meta_schedule.RewriteParallelVectorizeUnroll(0x106bee48)]: 0 failure(s)
Postproc #4 [meta_schedule.RewriteReductionBlock(0xe624028)]: 0 failure(s)
Postproc #5 [meta_schedule.VerifyGPUCode(0x1118ae28)]: 73 failure(s)
Postproc #6 [meta_schedule.RewriteTensorize(0x109d42a8)]: 0 failure(s)
2025-10-07 09:25:23 [INFO] [evolutionary_search.cc:621] Evolve iter #2 done. Summary:
Postproc #0 [meta_schedule.DisallowDynamicLoop(0x1078b738)]: 0 failure(s)
Postproc #1 [meta_schedule.RewriteCooperativeFetch(0x10c5e018)]: 0 failure(s)
Postproc #2 [meta_schedule.RewriteUnboundBlock(0x1096b2a8)]: 0 failure(s)
Postproc #3 [meta_schedule.RewriteParallelVectorizeUnroll(0x106bee48)]: 0 failure(s)
Postproc #4 [meta_schedule.RewriteReductionBlock(0xe624028)]: 0 failure(s)
Postproc #5 [meta_schedule.VerifyGPUCode(0x1118ae28)]: 61 failure(s)
Postproc #6 [meta_schedule.RewriteTensorize(0x109d42a8)]: 0 failure(s)
2025-10-07 09:25:29 [INFO] [evolutionary_search.cc:621] Evolve iter #3 done. Summary:
Postproc #0 [meta_schedule.DisallowDynamicLoop(0x1078b738)]: 0 failure(s)
Postproc #1 [meta_schedule.RewriteCooperativeFetch(0x10c5e018)]: 0 failure(s)
Postproc #2 [meta_schedule.RewriteUnboundBlock(0x1096b2a8)]: 0 failure(s)
Postproc #3 [meta_schedule.RewriteParallelVectorizeUnroll(0x106bee48)]: 0 failure(s)
Postproc #4 [meta_schedule.RewriteReductionBlock(0xe624028)]: 0 failure(s)
Postproc #5 [meta_schedule.VerifyGPUCode(0x1118ae28)]: 78 failure(s)
Postproc #6 [meta_schedule.RewriteTensorize(0x109d42a8)]: 0 failure(s)
2025-10-07 09:25:30 [INFO] [evolutionary_search.cc:649] Scores of the best 64 candidates:
[1 : 16]:	0.9983  0.9981  0.9968  0.9966  0.9964  0.9963  0.9956  0.9947  0.9944  0.9942  0.9941  0.9918  0.9914  0.9905  0.9896  0.9891
[17 : 32]:	0.9886  0.9874  0.9856  0.9849  0.9847  0.9816  0.9804  0.9797  0.9793  0.9781  0.9769  0.9760  0.9759  0.9755  0.9755  0.9745
[33 : 48]:	0.9732  0.9731  0.9726  0.9725  0.9724  0.9721  0.9696  0.9689  0.9679  0.9678  0.9676  0.9669  0.9659  0.9641  0.9639  0.9618
[49 : 64]:	0.9610  0.9609  0.9608  0.9607  0.9586  0.9583  0.9582  0.9575  0.9567  0.9549  0.9541  0.9540  0.9536  0.9534  0.9522  0.9512
2025-10-07 09:25:30 [INFO] [evolutionary_search.cc:727] Got 64 candidate(s) with evolutionary search
2025-10-07 09:25:30 [INFO] [evolutionary_search.cc:730] Sending 64 candidates(s) for measurement
2025-10-07 09:25:52 [INFO] [task_scheduler.cc:131] [Task #0: main] Trial #1: GFLOPs: 2448.8062. Time: 5.2454 us. Best GFLOPs: 2448.8062
2025-10-07 09:25:52 [INFO] [task_scheduler.cc:131] [Task #0: main] Trial #2: GFLOPs: 1154.5003. Time: 11.1261 us. Best GFLOPs: 2448.8062
2025-10-07 09:25:52 [INFO] [task_scheduler.cc:131] [Task #0: main] Trial #3: GFLOPs: 2837.8628. Time: 4.5263 us. Best GFLOPs: 2837.8628
2025-10-07 09:25:52 [INFO] [task_scheduler.cc:131] [Task #0: main] Trial #4: GFLOPs: 2287.6741. Time: 5.6149 us. Best GFLOPs: 2837.8628
2025-10-07 09:25:52 [INFO] [task_scheduler.cc:131] [Task #0: main] Trial #5: GFLOPs: 1730.6779. Time: 7.4220 us. Best GFLOPs: 2837.8628
2025-10-07 09:25:52 [INFO] [task_scheduler.cc:121] [Task #0: main] Trial #6: Error in building:
LocalBuilder: An exception occurred
Traceback (most recent call last):
  File "/workspace/tvm-dev/python/tvm/exec/popen_worker.py", line 87, in main
    result = fn(*args, **kwargs)
             ^^^^^^^^^^^^^^^^^^^
  File "/workspace/tvm-dev/python/tvm/meta_schedule/builder/local_builder.py", line 165, in <lambda>
    lambda x: _worker_func(*x),
              ^^^^^^^^^^^^^^^^
  File "/workspace/tvm-dev/python/tvm/meta_schedule/builder/local_builder.py", line 231, in _worker_func
    rt_mod: Module = f_build(mod, target, _deserialize_params(params))
                     ^^^^^^^^^^^^^^^^^^^^^^^^^^^^^^^^^^^^^^^^^^^^^^^^^
  File "/workspace/tvm-dev/python/tvm/_ffi/_ctypes/packed_func.py", line 245, in __call__
    raise_last_ffi_error()
  File "/workspace/tvm-dev/python/tvm/_ffi/base.py", line 481, in raise_last_ffi_error
    raise py_err
  File "/workspace/tvm-dev/python/tvm/meta_schedule/builder/local_builder.py", line 261, in default_build
    return tvm_build(mod, target=target)
           ^^^^^^^^^^^^^^^^^^^^^^^^^^^^^
  File "/workspace/tvm-dev/python/tvm/driver/build_module.py", line 297, in build
    rt_mod_host = _driver_ffi.tir_to_runtime(annotated_mods, target_host)
                  ^^^^^^^^^^^^^^^^^^^^^^^^^^^^^^^^^^^^^^^^^^^^^^^^^^^^^^^
  File "/workspace/tvm-dev/python/tvm/_ffi/_ctypes/packed_func.py", line 245, in __call__
    raise_last_ffi_error()
  File "/workspace/tvm-dev/python/tvm/_ffi/base.py", line 481, in raise_last_ffi_error
    raise py_err
ValueError: Traceback (most recent call last):
  14: tvm::runtime::PackedFuncObj::Extractor<tvm::runtime::PackedFuncSubObj<tvm::runtime::TypedPackedFunc<tvm::runtime::Module (tvm::runtime::Map<tvm::Target, tvm::IRModule, void, void> const&, tvm::Target)>::AssignTypedLambda<tvm::__mk_TVM24::{lambda(tvm::runtime::Map<tvm::Target, tvm::IRModule, void, void> const&, tvm::Target)#1}>(tvm::__mk_TVM24::{lambda(tvm::runtime::Map<tvm::Target, tvm::IRModule, void, void> const&, tvm::Target)#1}, std::__cxx11::basic_string<char, std::char_traits<char>, std::allocator<char> >)::{lambda(tvm::runtime::TVMArgs const&, tvm::runtime::TVMRetValue*)#1}> >::Call(tvm::runtime::PackedFuncObj const*, std::__cxx11::basic_string<char, std::char_traits<char>, std::allocator<char> >, tvm::runtime::TVMRetValue)
  13: tvm::TIRToRuntime(tvm::runtime::Map<tvm::Target, tvm::IRModule, void, void> const&, tvm::Target const&)
  12: tvm::codegen::Build(tvm::IRModule, tvm::Target)
  11: _ZN3tvm7runtime13PackedFuncObj
  10: tvm::runtime::TypedPackedFunc<tvm::runtime::Module (tvm::IRModule, tvm::Target)>::AssignTypedLambda<tvm::runtime::Module (*)(tvm::IRModule, tvm::Target)>(tvm::runtime::Module (*)(tvm::IRModule, tvm::Target), std::__cxx11::basic_string<char, std::char_traits<char>, std::allocator<char> >)::{lambda(tvm::runtime::TVMArgs const&, tvm::runtime::TVMRetValue*)#1}::operator()(tvm::runtime::TVMArgs const&, tvm::runtime::TVMRetValue*) const
  9: tvm::codegen::BuildCUDA(tvm::IRModule, tvm::Target)
  8: tvm::codegen::CodeGenC::AddFunction(tvm::GlobalVar const&, tvm::tir::PrimFunc const&)
  7: tvm::codegen::CodeGenCUDA::VisitStmt_(tvm::tir::AllocateNode const*)
  6: tvm::codegen::CodeGenCUDA::VisitStmt_(tvm::tir::AllocateNode const*)
  5: tvm::codegen::CodeGenCUDA::VisitStmt_(tvm::tir::AllocateNode const*)
  4: tvm::codegen::CodeGenCUDA::VisitStmt_(tvm::tir::AllocateNode const*)
  3: tvm::codegen::CodeGenC::VisitStmt_(tvm::tir::SeqStmtNode const*)
  2: tvm::codegen::CodeGenC::VisitStmt_(tvm::tir::BufferStoreNode const*)
  1: tvm::codegen::CodeGenC::PrintExpr[abi:cxx11](tvm::PrimExpr const&)
  0: tvm::codegen::CodeGenCUDA::VisitExpr_(tvm::tir::RampNode const*, std::ostream&)
  File "/workspace/tvm-dev/src/target/source/codegen_cuda.cc", line 1204
ValueError: Check failed: lanes <= 4 (8 vs. 4) : Ramp of more than 4 lanes is not allowed.

# from tvm.script import ir as I
# from tvm.script import tir as T

@I.ir_module
class Module:
    @T.prim_func
    def main(A: T.Buffer((1, 64, 56, 56), "float16"), W: T.Buffer((128, 64, 1, 1), "float16"), conv2d_nchw: T.Buffer((1, 128, 28, 28), "float16")):
        T.func_attr({"tir.noalias": T.bool(True)})
        # with T.block("root"):
        conv2d_nchw_reindex_shared_dyn = T.alloc_buffer((49, 4, 1, 2, 16, 16), "float16", scope="shared.dyn")
        conv2d_nchw_reindex_shared_dyn_wmma_accumulator = T.alloc_buffer((49, 4, 1, 2, 16, 16), "float16", scope="wmma.accumulator")
        pad_temp_reindex_shared_dyn = T.alloc_buffer((784, 64), "float16", scope="shared.dyn")
        W_reindex_shared_dyn = T.alloc_buffer((1, 1, 128, 64), "float16", scope="shared.dyn")
        pad_temp_reindex_shared_dyn_wmma_matrix_a = T.alloc_buffer((784, 64), "float16", scope="wmma.matrix_a")
        W_reindex_shared_dyn_wmma_matrix_b = T.alloc_buffer((1, 1, 128, 64), "float16", scope="wmma.matrix_b")
        for ax0_ax1_ax2_0_0_ax3_0_0_fused in T.thread_binding(2, thread="blockIdx.y", annotations={"pragma_auto_unroll_max_step": 1024, "pragma_unroll_explicit": 1}):
            for ax2_0_1_ax3_0_1_fused in T.thread_binding(7, thread="blockIdx.x"):
                for ax2_0_2_ax3_0_2_fused in T.thread_binding(14, thread="threadIdx.y"):
                    for ax2_0_3_init, ax3_0_3_init, ax2_0_4_init, ax3_0_4_init in T.grid(1, 2, 1, 1):
                        with T.block("conv2d_nchw_o_init"):
                            v0_o = T.axis.spatial(1, 0)
                            v1_o = T.axis.spatial(1, 0)
                            v2_o = T.axis.spatial(49, ax2_0_1_ax3_0_1_fused * 7 + ax2_0_2_ax3_0_2_fused // 2 + ax2_0_3_init + ax2_0_4_init)
                            v3_o = T.axis.spatial(8, ax0_ax1_ax2_0_0_ax3_0_0_fused * 4 + ax2_0_2_ax3_0_2_fused % 2 * 2 + ax3_0_3_init + ax3_0_4_init)
                            T.reads()
                            T.writes(conv2d_nchw_reindex_shared_dyn_wmma_accumulator[v2_o, v3_o // 2, 0, v3_o % 2, 0:16, 0:16])
                            T.block_attr({"meta_schedule.thread_extent_high_inclusive": 1024, "meta_schedule.thread_extent_low_inclusive": 32, "warp_execution": 1})
                            C = T.match_buffer(conv2d_nchw_reindex_shared_dyn_wmma_accumulator[v2_o, v3_o // 2, 0, v3_o % 2, 0:16, 0:16], (16, 16), "float16", strides=("C_s0", "C_s1"), scope="wmma.accumulator", offset_factor=16)
                            T.tvm_fill_fragment(C.data, 16, 16, 16, C.elem_offset // C.strides[0] // 16 * (C.strides[0] // 16) + C.elem_offset % C.strides[0] // 16, T.float32(0.0))
                    for ax4_0_0 in range(1):
                        for ax0_ax1_fused_0 in range(16):
                            for ax0_ax1_fused_1 in T.thread_binding(14, thread="threadIdx.y"):
                                for ax0_ax1_fused_2 in T.thread_binding(32, thread="threadIdx.x"):
                                    with T.block("pad_temp_reindex_shared.dyn"):
                                        v0 = T.axis.spatial(784, ax2_0_1_ax3_0_1_fused * 112 + (ax0_ax1_fused_0 * 448 + ax0_ax1_fused_1 * 32 + ax0_ax1_fused_2) // 64)
                                        v1 = T.axis.spatial(64, (ax0_ax1_fused_0 * 448 + ax0_ax1_fused_1 * 32 + ax0_ax1_fused_2) % 64)
                                        T.reads(A[0, v1, v0 // 28 * 2, v0 % 28 * 2])
                                        T.writes(pad_temp_reindex_shared_dyn[v0, v1])
                                        T.block_attr({"buffer_dim_align": [[0, 0, 32, 8]]})
                                        pad_temp_reindex_shared_dyn[v0, v1] = A[0, v1, v0 // 28 * 2, v0 % 28 * 2]
                        for ax0_ax1_ax2_ax3_fused_0 in range(10):
                            for ax0_ax1_ax2_ax3_fused_1 in T.thread_binding(14, thread="threadIdx.y"):
                                for ax0_ax1_ax2_ax3_fused_2 in T.thread_binding(32, thread="threadIdx.x"):
                                    with T.block("W_reindex_shared.dyn"):
                                        v0 = T.axis.spatial(1, 0)
                                        v1 = T.axis.spatial(1, 0)
                                        v2 = T.axis.spatial(128, ax0_ax1_ax2_0_0_ax3_0_0_fused * 64 + (ax0_ax1_ax2_ax3_fused_0 * 448 + ax0_ax1_ax2_ax3_fused_1 * 32 + ax0_ax1_ax2_ax3_fused_2) // 64)
                                        v3 = T.axis.spatial(64, (ax0_ax1_ax2_ax3_fused_0 * 448 + ax0_ax1_ax2_ax3_fused_1 * 32 + ax0_ax1_ax2_ax3_fused_2) % 64)
                                        T.where((ax0_ax1_ax2_ax3_fused_0 * 14 + ax0_ax1_ax2_ax3_fused_1) * 32 + ax0_ax1_ax2_ax3_fused_2 < 4096)
                                        T.reads(W[v2, v3, v0, v1])
                                        T.writes(W_reindex_shared_dyn[v0, v1, v2, v3])
                                        T.block_attr({"buffer_dim_align": [[0, 2, 32, 8]]})
                                        W_reindex_shared_dyn[v0, v1, v2, v3] = W[v2, v3, v0, v1]
                        for ax4_0_1 in range(4):
                            for ax0_0, ax1_0 in T.grid(1, 1):
                                with T.block("pad_temp_reindex_shared.dyn_wmma.matrix_a_o"):
                                    v0_o = T.axis.spatial(49, ax2_0_1_ax3_0_1_fused * 7 + ax2_0_2_ax3_0_2_fused // 2 + ax0_0)
                                    v1_o = T.axis.spatial(4, ax4_0_1 + ax1_0)
                                    T.reads(pad_temp_reindex_shared_dyn[v0_o * 16:v0_o * 16 + 16, v1_o * 16:v1_o * 16 + 16])
                                    T.writes(pad_temp_reindex_shared_dyn_wmma_matrix_a[v0_o * 16:v0_o * 16 + 16, v1_o * 16:v1_o * 16 + 16])
                                    A_1 = T.match_buffer(pad_temp_reindex_shared_dyn[v0_o * 16:v0_o * 16 + 16, v1_o * 16:v1_o * 16 + 16], (16, 16), "float16", strides=("A_s0", "A_s1"), scope="shared.dyn", offset_factor=16)
                                    C = T.match_buffer(pad_temp_reindex_shared_dyn_wmma_matrix_a[v0_o * 16:v0_o * 16 + 16, v1_o * 16:v1_o * 16 + 16], (16, 16), "float16", strides=("C_s0", "C_s1"), scope="wmma.matrix_a", offset_factor=16)
                                    T.tvm_load_matrix_sync(C.data, 16, 16, 16, C.elem_offset // C.strides[0] // 16 * (C.strides[0] // 16) + C.elem_offset % C.strides[0] // 16, T.tvm_access_ptr(T.type_annotation("float16"), A_1.data, A_1.elem_offset, A_1.strides[0] * 16, 1), A_1.strides[0], "row_major")
                            for ax0, ax1, ax2_0, ax3_0 in T.grid(1, 1, 2, 1):
                                with T.block("W_reindex_shared.dyn_wmma.matrix_b_o"):
                                    v0_o, v1_o = T.axis.remap("SS", [ax0, ax1])
                                    v2_o = T.axis.spatial(8, ax0_ax1_ax2_0_0_ax3_0_0_fused * 4 + ax2_0_2_ax3_0_2_fused % 2 * 2 + ax2_0)
                                    v3_o = T.axis.spatial(4, ax4_0_1 + ax3_0)
                                    T.reads(W_reindex_shared_dyn[v0_o, v1_o, v2_o * 16:v2_o * 16 + 16, v3_o * 16:v3_o * 16 + 16])
                                    T.writes(W_reindex_shared_dyn_wmma_matrix_b[v0_o, v1_o, v2_o * 16:v2_o * 16 + 16, v3_o * 16:v3_o * 16 + 16])
                                    A_1 = T.match_buffer(W_reindex_shared_dyn[v0_o, v1_o, v2_o * 16:v2_o * 16 + 16, v3_o * 16:v3_o * 16 + 16], (16, 16), "float16", strides=("A_s0", "A_s1"), scope="shared.dyn", offset_factor=16)
                                    C = T.match_buffer(W_reindex_shared_dyn_wmma_matrix_b[v0_o, v1_o, v2_o * 16:v2_o * 16 + 16, v3_o * 16:v3_o * 16 + 16], (16, 16), "float16", strides=("C_s0", "C_s1"), scope="wmma.matrix_b", offset_factor=16)
                                    T.tvm_load_matrix_sync(C.data, 16, 16, 16, C.elem_offset // C.strides[0] // 16 * (C.strides[0] // 16) + C.elem_offset % C.strides[0] // 16, T.tvm_access_ptr(T.type_annotation("float16"), A_1.data, A_1.elem_offset, A_1.strides[0] * 16, 1), A_1.strides[0], "col_major")
                            for ax2_0_3, ax3_0_3, ax4_0_2, ax2_0_4, ax3_0_4 in T.grid(1, 2, 1, 1, 1):
                                with T.block("conv2d_nchw_o_update"):
                                    v0_o = T.axis.spatial(1, 0)
                                    v1_o = T.axis.spatial(1, 0)
                                    v2_o = T.axis.spatial(49, ax2_0_1_ax3_0_1_fused * 7 + ax2_0_2_ax3_0_2_fused // 2 + ax2_0_3 + ax2_0_4)
                                    v3_o = T.axis.spatial(8, ax0_ax1_ax2_0_0_ax3_0_0_fused * 4 + ax2_0_2_ax3_0_2_fused % 2 * 2 + ax3_0_3 + ax3_0_4)
                                    v4_o = T.axis.reduce(4, ax4_0_0 * 4 + ax4_0_1 + ax4_0_2)
                                    T.reads(conv2d_nchw_reindex_shared_dyn_wmma_accumulator[v2_o, v3_o // 2, 0, v3_o % 2, 0:16, 0:16], pad_temp_reindex_shared_dyn_wmma_matrix_a[v2_o * 16:v2_o * 16 + 16, v4_o * 16:v4_o * 16 + 16], W_reindex_shared_dyn_wmma_matrix_b[v0_o, v1_o, v3_o * 16:v3_o * 16 + 16, v4_o * 16:v4_o * 16 + 16])
                                    T.writes(conv2d_nchw_reindex_shared_dyn_wmma_accumulator[v2_o, v3_o // 2, 0, v3_o % 2, 0:16, 0:16])
                                    T.block_attr({"meta_schedule.thread_extent_high_inclusive": 1024, "meta_schedule.thread_extent_low_inclusive": 32, "warp_execution": 1})
                                    A_1 = T.match_buffer(pad_temp_reindex_shared_dyn_wmma_matrix_a[v2_o * 16:v2_o * 16 + 16, v4_o * 16:v4_o * 16 + 16], (16, 16), "float16", strides=("A_s0", "A_s1"), scope="wmma.matrix_a", offset_factor=16)
                                    B = T.match_buffer(W_reindex_shared_dyn_wmma_matrix_b[v0_o, v1_o, v3_o * 16:v3_o * 16 + 16, v4_o * 16:v4_o * 16 + 16], (16, 16), "float16", strides=("B_s0", "B_s1"), scope="wmma.matrix_b", offset_factor=16)
                                    C = T.match_buffer(conv2d_nchw_reindex_shared_dyn_wmma_accumulator[v2_o, v3_o // 2, 0, v3_o % 2, 0:16, 0:16], (16, 16), "float16", strides=("C_s0", "C_s1"), scope="wmma.accumulator", offset_factor=16)
                                    T.tvm_mma_sync(C.data, C.elem_offset // C.strides[0] // 16 * (C.strides[0] // 16) + C.elem_offset % C.strides[0] // 16, A_1.data, A_1.elem_offset // A_1.strides[0] // 16 * (A_1.strides[0] // 16) + A_1.elem_offset % A_1.strides[0] // 16, B.data, B.elem_offset // B.strides[0] // 16 * (B.strides[0] // 16) + B.elem_offset % B.strides[0] // 16, C.data, C.elem_offset // C.strides[0] // 16 * (C.strides[0] // 16) + C.elem_offset % C.strides[0] // 16)
                for ax2 in range(1):
                    for ax0_ax1_fused in T.thread_binding(14, thread="threadIdx.y"):
                        for ax2_1, ax3 in T.grid(1, 2):
                            with T.block("conv2d_nchw_reindex_shared.dyn_wmma.accumulator_o"):
                                v0_o = T.axis.spatial(49, ax2_0_1_ax3_0_1_fused * 7 + ax0_ax1_fused // 2)
                                v1_o = T.axis.spatial(4, ax0_ax1_ax2_0_0_ax3_0_0_fused * 2 + ax0_ax1_fused % 2)
                                v2_o, v3_o = T.axis.remap("SS", [ax2_1, ax3])
                                v4_o = T.axis.spatial(1, 0)
                                v5_o = T.axis.spatial(1, 0)
                                T.reads(conv2d_nchw_reindex_shared_dyn_wmma_accumulator[v0_o, v1_o, v2_o, v3_o, 0:16, 0:16])
                                T.writes(conv2d_nchw_reindex_shared_dyn[v0_o, v1_o, v2_o, v3_o, 0:16, 0:16])
                                A_1 = T.match_buffer(conv2d_nchw_reindex_shared_dyn_wmma_accumulator[v0_o, v1_o, v2_o, v3_o, 0:16, 0:16], (16, 16), "float16", strides=("A_s0", "A_s1"), scope="wmma.accumulator", offset_factor=16)
                                C = T.match_buffer(conv2d_nchw_reindex_shared_dyn[v0_o, v1_o, v2_o, v3_o, 0:16, 0:16], (16, 16), "float16", strides=("C_s0", "C_s1"), scope="shared.dyn", offset_factor=16)
                                T.tvm_store_matrix_sync(A_1.data, 16, 16, 16, A_1.elem_offset // A_1.strides[0] // 16 * (A_1.strides[0] // 16) + A_1.elem_offset % A_1.strides[0] // 16, T.tvm_access_ptr(T.type_annotation("float16"), C.data, C.elem_offset, C.strides[0] * 16, 2), C.strides[0], "row_major")
                    for ax0_ax1_ax3_ax4_ax5_fused_0 in range(2):
                        for ax0_ax1_ax3_ax4_ax5_fused_1 in T.thread_binding(14, thread="threadIdx.y"):
                            for ax0_ax1_ax3_ax4_ax5_fused_2 in T.thread_binding(32, thread="threadIdx.x"):
                                for ax0_ax1_ax3_ax4_ax5_fused_3 in T.vectorized(8):
                                    with T.block("conv2d_nchw_reindex_shared.dyn"):
                                        v0 = T.axis.spatial(49, ax2_0_1_ax3_0_1_fused * 7 + (ax0_ax1_ax3_ax4_ax5_fused_0 * 3584 + ax0_ax1_ax3_ax4_ax5_fused_1 * 256 + ax0_ax1_ax3_ax4_ax5_fused_2 * 8 + ax0_ax1_ax3_ax4_ax5_fused_3) // 1024)
                                        v1 = T.axis.spatial(4, ax0_ax1_ax2_0_0_ax3_0_0_fused * 2 + (ax0_ax1_ax3_ax4_ax5_fused_0 * 3584 + ax0_ax1_ax3_ax4_ax5_fused_1 * 256 + ax0_ax1_ax3_ax4_ax5_fused_2 * 8 + ax0_ax1_ax3_ax4_ax5_fused_3) % 1024 // 512)
                                        v2 = T.axis.spatial(1, ax2)
                                        v3 = T.axis.spatial(2, (ax0_ax1_ax3_ax4_ax5_fused_0 * 3584 + ax0_ax1_ax3_ax4_ax5_fused_1 * 256 + ax0_ax1_ax3_ax4_ax5_fused_2 * 8 + ax0_ax1_ax3_ax4_ax5_fused_3) % 512 // 256)
                                        v4 = T.axis.spatial(16, (ax0_ax1_ax3_ax4_ax5_fused_0 * 3584 + ax0_ax1_ax3_ax4_ax5_fused_1 * 256 + ax0_ax1_ax3_ax4_ax5_fused_2 * 8 + ax0_ax1_ax3_ax4_ax5_fused_3) % 256 // 16)
                                        v5 = T.axis.spatial(16, (ax0_ax1_ax3_ax4_ax5_fused_0 * 3584 + ax0_ax1_ax3_ax4_ax5_fused_1 * 256 + ax0_ax1_ax3_ax4_ax5_fused_2 * 8 + ax0_ax1_ax3_ax4_ax5_fused_3) % 16)
                                        T.reads(conv2d_nchw_reindex_shared_dyn[v0, v1, v2, v3, v4, v5])
                                        T.writes(conv2d_nchw[0, v5 + v3 * 16 + v1 * 32, (v4 + v0 * 16) // 28, (v4 + v0 * 16) % 28])
                                        conv2d_nchw[0, v5 + v3 * 16 + v1 * 32, (v4 + v0 * 16) // 28, (v4 + v0 * 16) % 28] = conv2d_nchw_reindex_shared_dyn[v0, v1, v2, v3, v4, v5]
b0 = sch.get_block(name="pad_temp", func_name="main")
b1 = sch.get_block(name="conv2d_nchw", func_name="main")
b2 = sch.get_block(name="root", func_name="main")
sch.annotate(block_or_loop=b1, ann_key="meta_schedule.tiling_structure", ann_val="SSSRRSRS")
b3 = sch.reindex(block=b1, buffer=("write", 0))
b4 = sch.reindex(block=b1, buffer=("read", 0))
b5 = sch.reindex(block=b1, buffer=("read", 1))
sch.transform_layout(block=b1, buffer=("read", 0), index_map=lambda v_nn, v_yy, v_xx, v_rc: (v_nn * 784 + v_yy * 28 + v_xx, v_rc,), pad_value=None, assume_injective_transform=True)
sch.transform_layout(block=b1, buffer=("read", 1), index_map=lambda v_ff, v_rc, v_ry, v_rx: (v_ry, v_rx, v_ff, v_rc,), pad_value=None, assume_injective_transform=True)
sch.transform_layout(block=b1, buffer=("write", 0), index_map=lambda v_nn, v_ff, v_yy, v_xx: (v_nn * 784 + v_yy * 28 + v_xx, v_ff,), pad_value=None, assume_injective_transform=True)
sch.transform_block_layout(block=b3, index_map=lambda v_nn, v_ff, v_yy, v_xx: (v_nn * 784 + v_yy * 28 + v_xx, v_ff,))
sch.transform_block_layout(block=b4, index_map=lambda v_nn, v_yy, v_xx, v_rc: (v_nn * 784 + v_yy * 28 + v_xx, v_rc,))
sch.transform_block_layout(block=b5, index_map=lambda v_ff, v_rc, v_ry, v_rx: (v_ry, v_rx, v_ff, v_rc,))
sch.transform_block_layout(block=b1, index_map=lambda v_nn, v_ff, v_yy, v_xx, v_rc, v_ry, v_rx: (v_ry, v_rx, v_nn * 784 + v_yy * 28 + v_xx, v_ff, v_rc,))
l6, l7, l8, l9, l10 = sch.get_loops(block=b1)
l11, l12 = sch.split(loop=l10, factors=[None, 16], preserve_unit_iters=True, disable_predication=False)
l13, l14 = sch.split(loop=l9, factors=[None, 16], preserve_unit_iters=True, disable_predication=False)
l15, l16 = sch.split(loop=l8, factors=[None, 16], preserve_unit_iters=True, disable_predication=False)
l17, l18, l19, l20, l21, l22, l23, l24 = sch.get_loops(block=b1)
sch.reorder(l21, l23, l16, l14, l12)
b25 = sch.blockize(target=l16, preserve_unit_iters=True)
sch.annotate(block_or_loop=b25, ann_key="meta_schedule.auto_tensorize", ann_val="wmma_sync_16x16x16_f16f16f16_trans")
sch.annotate(block_or_loop=b25, ann_key="meta_schedule.auto_tensorize_init", ann_val="wmma_fill_16x16x16_f16")
sch.annotate(block_or_loop=b25, ann_key="warp_execution", ann_val=1)
l26, l27, l28, l29, l30 = sch.get_loops(block=b25)
v31, v32, v33, v34, v35 = sch.sample_perfect_tile(loop=l28, n=5, max_innermost_factor=4, decision=[1, 7, 7, 1, 1])
l36, l37, l38, l39, l40 = sch.split(loop=l28, factors=[v31, v32, v33, v34, v35], preserve_unit_iters=True, disable_predication=False)
v41, v42, v43, v44, v45 = sch.sample_perfect_tile(loop=l29, n=5, max_innermost_factor=4, decision=[2, 1, 2, 2, 1])
l46, l47, l48, l49, l50 = sch.split(loop=l29, factors=[v41, v42, v43, v44, v45], preserve_unit_iters=True, disable_predication=False)
v51, v52, v53 = sch.sample_perfect_tile(loop=l30, n=3, max_innermost_factor=4, decision=[1, 4, 1])
l54, l55, l56 = sch.split(loop=l30, factors=[v51, v52, v53], preserve_unit_iters=True, disable_predication=False)
sch.reorder(l36, l46, l37, l47, l38, l48, l54, l55, l39, l49, l56, l40, l50)
l57 = sch.fuse(l26, l27, l36, l46, preserve_unit_iters=True)
sch.bind(loop=l57, thread_axis="blockIdx.y")
l58 = sch.fuse(l37, l47, preserve_unit_iters=True)
sch.bind(loop=l58, thread_axis="blockIdx.x")
l59 = sch.fuse(l38, l48, preserve_unit_iters=True)
sch.bind(loop=l59, thread_axis="threadIdx.y")
sch.annotate(block_or_loop=b25, ann_key="meta_schedule.thread_extent_low_inclusive", ann_val=32)
sch.annotate(block_or_loop=b25, ann_key="meta_schedule.thread_extent_high_inclusive", ann_val=1024)
sch.transform_layout(block=b25, buffer=("write", 0), index_map=lambda i0, i1: (i0 // 16 // (v34 * v35), i1 // 16 // (v44 * v45), i0 // 16 % (v34 * v35), i1 // 16 % (v44 * v45), i0 % 16, i1 % 16,), pad_value=None, assume_injective_transform=True)
b60 = sch.cache_write(block=b25, write_buffer_index=0, storage_scope="shared.dyn")
sch.reverse_compute_at(block=b60, loop=l58, preserve_unit_loops=True, index=-1)
b61 = sch.cache_write(block=b25, write_buffer_index=0, storage_scope="wmma.accumulator")
l62, l63, l64, l65, l66, l67, l68, l69 = sch.get_loops(block=b60)
sch.reorder(l66, l64, l65, l67)
sch.compute_at(block=b61, loop=l66, preserve_unit_loops=True, index=-1)
l70, l71, l72, l73, l74, l75, l76, l77, l78 = sch.get_loops(block=b61)
l79 = sch.fuse(l73, l74, preserve_unit_iters=True)
sch.bind(loop=l79, thread_axis="threadIdx.y")
sch.reverse_compute_inline(block=b3)
l80, l81, l82, l83, l84, l85, l86, l87 = sch.get_loops(block=b61)
b88 = sch.blockize(target=l86, preserve_unit_iters=True)
sch.annotate(block_or_loop=b88, ann_key="meta_schedule.auto_tensorize", ann_val="wmma_store_16x16x16_f16_shared_dyn")
l89, l90, l91, l92, l93, l94, l95, l96 = sch.get_loops(block=b60)
l97 = sch.fuse(l92, l93, l94, l95, l96, preserve_unit_iters=True)
v98 = sch.sample_categorical(candidates=[1, 2, 4, 8], probs=[0.25, 0.25, 0.25, 0.25], decision=3)
sch.annotate(block_or_loop=b60, ann_key="meta_schedule.cooperative_fetch", ann_val=v98)
b99 = sch.cache_read(block=b25, read_buffer_index=0, storage_scope="shared.dyn", consumer_blocks=[b25])
sch.compute_at(block=b99, loop=l54, preserve_unit_loops=True, index=-1)
l100, l101, l102, l103, l104, l105 = sch.get_loops(block=b99)
l106 = sch.fuse(l104, l105, preserve_unit_iters=True)
v107 = sch.sample_categorical(candidates=[1, 2, 4, 8], probs=[0.25, 0.25, 0.25, 0.25], decision=0)
sch.annotate(block_or_loop=b99, ann_key="meta_schedule.cooperative_fetch", ann_val=v107)
b108 = sch.cache_read(block=b25, read_buffer_index=1, storage_scope="shared.dyn", consumer_blocks=[b25])
sch.compute_at(block=b108, loop=l54, preserve_unit_loops=True, index=-1)
l109, l110, l111, l112, l113, l114, l115, l116 = sch.get_loops(block=b108)
l117 = sch.fuse(l113, l114, l115, l116, preserve_unit_iters=True)
v118 = sch.sample_categorical(candidates=[1, 2, 4, 8], probs=[0.25, 0.25, 0.25, 0.25], decision=0)
sch.annotate(block_or_loop=b108, ann_key="meta_schedule.cooperative_fetch", ann_val=v118)
b119 = sch.cache_read(block=b25, read_buffer_index=0, storage_scope="wmma.matrix_a")
sch.compute_at(block=b119, loop=l55, preserve_unit_loops=True, index=-1)
l120, l121, l122, l123, l124, l125, l126 = sch.get_loops(block=b119)
l127, l128 = sch.split(loop=l126, factors=[None, 16], preserve_unit_iters=True, disable_predication=False)
l129, l130 = sch.split(loop=l125, factors=[None, 16], preserve_unit_iters=True, disable_predication=False)
l131, l132, l133, l134, l135, l136, l137, l138, l139 = sch.get_loops(block=b119)
sch.reorder(l138, l130, l128)
b140 = sch.blockize(target=l130, preserve_unit_iters=True)
sch.annotate(block_or_loop=b140, ann_key="meta_schedule.auto_tensorize", ann_val="wmma_load_16x16x16_f16_a_shared_dyn")
b141 = sch.cache_read(block=b25, read_buffer_index=1, storage_scope="wmma.matrix_b")
sch.compute_at(block=b141, loop=l55, preserve_unit_loops=True, index=-1)
l142, l143, l144, l145, l146, l147, l148, l149, l150 = sch.get_loops(block=b141)
l151, l152 = sch.split(loop=l150, factors=[None, 16], preserve_unit_iters=True, disable_predication=False)
l153, l154 = sch.split(loop=l149, factors=[None, 16], preserve_unit_iters=True, disable_predication=False)
l155, l156, l157, l158, l159, l160, l161, l162, l163, l164, l165 = sch.get_loops(block=b141)
sch.reorder(l164, l154, l152)
b166 = sch.blockize(target=l154, preserve_unit_iters=True)
sch.annotate(block_or_loop=b166, ann_key="meta_schedule.auto_tensorize", ann_val="wmma_load_16x16x16_f16_b_trans_shared_dyn")
b167, = sch.get_producers(block=b99)
sch.compute_inline(block=b167)
sch.storage_align(block=b99, buffer_index=0, axis=-2, factor=32, offset=8)
b168, = sch.get_producers(block=b108)
sch.compute_inline(block=b168)
sch.storage_align(block=b108, buffer_index=0, axis=-2, factor=32, offset=8)
sch.compute_inline(block=b0)
v169 = sch.sample_categorical(candidates=[0, 16, 64, 512, 1024], probs=[0.20000000000000001, 0.20000000000000001, 0.20000000000000001, 0.20000000000000001, 0.20000000000000001], decision=4)
sch.annotate(block_or_loop=b2, ann_key="meta_schedule.unroll_explicit", ann_val=v169)
sch.enter_postproc()
sch.unannotate(block_or_loop=b60, ann_key="meta_schedule.cooperative_fetch")
l170, l171, l172, l173 = sch.get_loops(block=b60)
l174, l175, l176, l177 = sch.split(loop=l173, factors=[None, 14, 32, 8], preserve_unit_iters=True, disable_predication=False)
sch.vectorize(loop=l177)
sch.bind(loop=l176, thread_axis="threadIdx.x")
sch.bind(loop=l175, thread_axis="threadIdx.y")
sch.unannotate(block_or_loop=b99, ann_key="meta_schedule.cooperative_fetch")
l178, l179, l180, l181, l182 = sch.get_loops(block=b99)
l183, l184, l185 = sch.split(loop=l182, factors=[None, 14, 32], preserve_unit_iters=True, disable_predication=False)
sch.bind(loop=l185, thread_axis="threadIdx.x")
sch.bind(loop=l184, thread_axis="threadIdx.y")
sch.unannotate(block_or_loop=b108, ann_key="meta_schedule.cooperative_fetch")
l186, l187, l188, l189, l190 = sch.get_loops(block=b108)
l191, l192, l193 = sch.split(loop=l190, factors=[None, 14, 32], preserve_unit_iters=True, disable_predication=False)
sch.bind(loop=l193, thread_axis="threadIdx.x")
sch.bind(loop=l192, thread_axis="threadIdx.y")
b194 = sch.get_block(name="root", func_name="main")
sch.unannotate(block_or_loop=b194, ann_key="meta_schedule.unroll_explicit")
b195, b196, b197, b198, b199, b200, b201 = sch.get_child_blocks(b194)
l202, l203, l204, l205, l206, l207, l208 = sch.get_loops(block=b195)
l209, l210, l211, l212, l213, l214, l215 = sch.get_loops(block=b196)
l216, l217, l218, l219, l220, l221, l222 = sch.get_loops(block=b197)
l223, l224, l225, l226, l227, l228, l229, l230, l231 = sch.get_loops(block=b198)
l232, l233, l234, l235, l236, l237, l238, l239, l240, l241 = sch.get_loops(block=b199)
sch.annotate(block_or_loop=l232, ann_key="pragma_auto_unroll_max_step", ann_val=1024)
sch.annotate(block_or_loop=l232, ann_key="pragma_unroll_explicit", ann_val=1)
l242, l243, l244, l245, l246, l247 = sch.get_loops(block=b200)
l248, l249, l250, l251, l252, l253, l254 = sch.get_loops(block=b201)
b255 = sch.get_block(name="conv2d_nchw_o", func_name="main")
l256, l257, l258, l259, l260, l261, l262, l263, l264, l265 = sch.get_loops(block=b255)
b266 = sch.decompose_reduction(block=b255, loop=l259)
sch.unannotate(block_or_loop=b266, ann_key="meta_schedule.auto_tensorize")
sch.annotate(block_or_loop=b266, ann_key="meta_schedule.auto_tensorize", ann_val="wmma_fill_16x16x16_f16")
sch.unannotate(block_or_loop=b255, ann_key="meta_schedule.auto_tensorize_init")
sch.unannotate(block_or_loop=b266, ann_key="meta_schedule.auto_tensorize_init")
b267 = sch.get_block(name="conv2d_nchw_o_init", func_name="main")
sch.unannotate(block_or_loop=b267, ann_key="meta_schedule.auto_tensorize")
sch.tensorize(block_or_loop=b267, tensor_intrin="wmma_fill_16x16x16_f16", preserve_unit_iters=True)
b268 = sch.get_block(name="pad_temp_reindex_shared.dyn_wmma.matrix_a_o", func_name="main")
sch.unannotate(block_or_loop=b268, ann_key="meta_schedule.auto_tensorize")
sch.tensorize(block_or_loop=b268, tensor_intrin="wmma_load_16x16x16_f16_a_shared_dyn", preserve_unit_iters=True)
b269 = sch.get_block(name="W_reindex_shared.dyn_wmma.matrix_b_o", func_name="main")
sch.unannotate(block_or_loop=b269, ann_key="meta_schedule.auto_tensorize")
sch.tensorize(block_or_loop=b269, tensor_intrin="wmma_load_16x16x16_f16_b_trans_shared_dyn", preserve_unit_iters=True)
b270 = sch.get_block(name="conv2d_nchw_o_update", func_name="main")
sch.unannotate(block_or_loop=b270, ann_key="meta_schedule.auto_tensorize")
sch.tensorize(block_or_loop=b270, tensor_intrin="wmma_sync_16x16x16_f16f16f16_trans", preserve_unit_iters=True)
b271 = sch.get_block(name="conv2d_nchw_reindex_shared.dyn_wmma.accumulator_o", func_name="main")
sch.unannotate(block_or_loop=b271, ann_key="meta_schedule.auto_tensorize")
sch.tensorize(block_or_loop=b271, tensor_intrin="wmma_store_16x16x16_f16_shared_dyn", preserve_unit_iters=True)
2025-10-07 09:25:52 [INFO] [task_scheduler.cc:131] [Task #0: main] Trial #7: GFLOPs: 3252.8328. Time: 3.9489 us. Best GFLOPs: 3252.8328
2025-10-07 09:25:52 [INFO] [task_scheduler.cc:121] [Task #0: main] Trial #8: Error in building:
LocalBuilder: An exception occurred
Traceback (most recent call last):
  File "/workspace/tvm-dev/python/tvm/exec/popen_worker.py", line 87, in main
    result = fn(*args, **kwargs)
             ^^^^^^^^^^^^^^^^^^^
  File "/workspace/tvm-dev/python/tvm/meta_schedule/builder/local_builder.py", line 165, in <lambda>
    lambda x: _worker_func(*x),
              ^^^^^^^^^^^^^^^^
  File "/workspace/tvm-dev/python/tvm/meta_schedule/builder/local_builder.py", line 231, in _worker_func
    rt_mod: Module = f_build(mod, target, _deserialize_params(params))
                     ^^^^^^^^^^^^^^^^^^^^^^^^^^^^^^^^^^^^^^^^^^^^^^^^^
  File "/workspace/tvm-dev/python/tvm/_ffi/_ctypes/packed_func.py", line 245, in __call__
    raise_last_ffi_error()
  File "/workspace/tvm-dev/python/tvm/_ffi/base.py", line 481, in raise_last_ffi_error
    raise py_err
  File "/workspace/tvm-dev/python/tvm/meta_schedule/builder/local_builder.py", line 261, in default_build
    return tvm_build(mod, target=target)
           ^^^^^^^^^^^^^^^^^^^^^^^^^^^^^
  File "/workspace/tvm-dev/python/tvm/driver/build_module.py", line 297, in build
    rt_mod_host = _driver_ffi.tir_to_runtime(annotated_mods, target_host)
                  ^^^^^^^^^^^^^^^^^^^^^^^^^^^^^^^^^^^^^^^^^^^^^^^^^^^^^^^
  File "/workspace/tvm-dev/python/tvm/_ffi/_ctypes/packed_func.py", line 245, in __call__
    raise_last_ffi_error()
  File "/workspace/tvm-dev/python/tvm/_ffi/base.py", line 481, in raise_last_ffi_error
    raise py_err
ValueError: Traceback (most recent call last):
  14: tvm::runtime::PackedFuncObj::Extractor<tvm::runtime::PackedFuncSubObj<tvm::runtime::TypedPackedFunc<tvm::runtime::Module (tvm::runtime::Map<tvm::Target, tvm::IRModule, void, void> const&, tvm::Target)>::AssignTypedLambda<tvm::__mk_TVM24::{lambda(tvm::runtime::Map<tvm::Target, tvm::IRModule, void, void> const&, tvm::Target)#1}>(tvm::__mk_TVM24::{lambda(tvm::runtime::Map<tvm::Target, tvm::IRModule, void, void> const&, tvm::Target)#1}, std::__cxx11::basic_string<char, std::char_traits<char>, std::allocator<char> >)::{lambda(tvm::runtime::TVMArgs const&, tvm::runtime::TVMRetValue*)#1}> >::Call(tvm::runtime::PackedFuncObj const*, std::__cxx11::basic_string<char, std::char_traits<char>, std::allocator<char> >, tvm::runtime::TVMRetValue)
  13: tvm::TIRToRuntime(tvm::runtime::Map<tvm::Target, tvm::IRModule, void, void> const&, tvm::Target const&)
  12: tvm::codegen::Build(tvm::IRModule, tvm::Target)
  11: _ZN3tvm7runtime13PackedFuncObj
  10: tvm::runtime::TypedPackedFunc<tvm::runtime::Module (tvm::IRModule, tvm::Target)>::AssignTypedLambda<tvm::runtime::Module (*)(tvm::IRModule, tvm::Target)>(tvm::runtime::Module (*)(tvm::IRModule, tvm::Target), std::__cxx11::basic_string<char, std::char_traits<char>, std::allocator<char> >)::{lambda(tvm::runtime::TVMArgs const&, tvm::runtime::TVMRetValue*)#1}::operator()(tvm::runtime::TVMArgs const&, tvm::runtime::TVMRetValue*) const
  9: tvm::codegen::BuildCUDA(tvm::IRModule, tvm::Target)
  8: tvm::codegen::CodeGenC::AddFunction(tvm::GlobalVar const&, tvm::tir::PrimFunc const&)
  7: tvm::codegen::CodeGenCUDA::VisitStmt_(tvm::tir::AllocateNode const*)
  6: tvm::codegen::CodeGenCUDA::VisitStmt_(tvm::tir::AllocateNode const*)
  5: tvm::codegen::CodeGenCUDA::VisitStmt_(tvm::tir::AllocateNode const*)
  4: tvm::codegen::CodeGenCUDA::VisitStmt_(tvm::tir::AllocateNode const*)
  3: tvm::codegen::CodeGenC::VisitStmt_(tvm::tir::SeqStmtNode const*)
  2: tvm::codegen::CodeGenC::VisitStmt_(tvm::tir::BufferStoreNode const*)
  1: tvm::codegen::CodeGenC::PrintExpr[abi:cxx11](tvm::PrimExpr const&)
  0: tvm::codegen::CodeGenCUDA::VisitExpr_(tvm::tir::RampNode const*, std::ostream&)
  File "/workspace/tvm-dev/src/target/source/codegen_cuda.cc", line 1204
ValueError: Check failed: lanes <= 4 (8 vs. 4) : Ramp of more than 4 lanes is not allowed.

# from tvm.script import ir as I
# from tvm.script import tir as T

@I.ir_module
class Module:
    @T.prim_func
    def main(A: T.Buffer((1, 64, 56, 56), "float16"), W: T.Buffer((128, 64, 1, 1), "float16"), conv2d_nchw: T.Buffer((1, 128, 28, 28), "float16")):
        T.func_attr({"tir.noalias": T.bool(True)})
        # with T.block("root"):
        conv2d_nchw_reindex_shared_dyn = T.alloc_buffer((49, 2, 1, 4, 16, 16), "float16", scope="shared.dyn")
        conv2d_nchw_reindex_shared_dyn_wmma_accumulator = T.alloc_buffer((49, 2, 1, 4, 16, 16), "float16", scope="wmma.accumulator")
        pad_temp_reindex_shared_dyn = T.alloc_buffer((784, 64), "float16", scope="shared.dyn")
        W_reindex_shared_dyn = T.alloc_buffer((1, 1, 64, 128), "float16", scope="shared.dyn")
        pad_temp_reindex_shared_dyn_wmma_matrix_a = T.alloc_buffer((784, 64), "float16", scope="wmma.matrix_a")
        W_reindex_shared_dyn_wmma_matrix_b = T.alloc_buffer((1, 1, 64, 128), "float16", scope="wmma.matrix_b")
        for ax0_ax1_ax2_0_0_ax3_0_0_fused in T.thread_binding(1, thread="blockIdx.y", annotations={"pragma_auto_unroll_max_step": 16, "pragma_unroll_explicit": 1}):
            for ax2_0_1_ax3_0_1_fused in T.thread_binding(14, thread="blockIdx.x"):
                for ax2_0_2_ax3_0_2_fused in T.thread_binding(7, thread="threadIdx.y"):
                    for ax2_0_3_init, ax3_0_3_init, ax2_0_4_init, ax3_0_4_init in T.grid(1, 1, 1, 4):
                        with T.block("conv2d_nchw_o_init"):
                            v0_o = T.axis.spatial(1, 0)
                            v1_o = T.axis.spatial(1, 0)
                            v2_o = T.axis.spatial(49, ax2_0_1_ax3_0_1_fused // 2 * 7 + ax2_0_2_ax3_0_2_fused + ax2_0_3_init + ax2_0_4_init)
                            v3_o = T.axis.spatial(8, ax2_0_1_ax3_0_1_fused % 2 * 4 + ax3_0_3_init * 4 + ax3_0_4_init)
                            T.reads()
                            T.writes(conv2d_nchw_reindex_shared_dyn_wmma_accumulator[v2_o, v3_o // 4, 0, v3_o % 4, 0:16, 0:16])
                            T.block_attr({"meta_schedule.thread_extent_high_inclusive": 1024, "meta_schedule.thread_extent_low_inclusive": 32, "warp_execution": 1})
                            C = T.match_buffer(conv2d_nchw_reindex_shared_dyn_wmma_accumulator[v2_o, v3_o // 4, 0, v3_o % 4, 0:16, 0:16], (16, 16), "float16", strides=("C_s0", "C_s1"), scope="wmma.accumulator", offset_factor=16)
                            T.tvm_fill_fragment(C.data, 16, 16, 16, C.elem_offset // C.strides[0] // 16 * (C.strides[0] // 16) + C.elem_offset % C.strides[0] // 16, T.float32(0.0))
                    for ax4_0_0 in range(2):
                        for ax0_ax1_fused_0 in range(8):
                            for ax0_ax1_fused_1 in T.thread_binding(7, thread="threadIdx.y"):
                                for ax0_ax1_fused_2 in T.thread_binding(32, thread="threadIdx.x"):
                                    for ax0_ax1_fused_3 in T.vectorized(2):
                                        with T.block("pad_temp_reindex_shared.dyn"):
                                            v0 = T.axis.spatial(784, ax2_0_1_ax3_0_1_fused // 2 * 112 + (ax0_ax1_fused_0 * 448 + ax0_ax1_fused_1 * 64 + ax0_ax1_fused_2 * 2 + ax0_ax1_fused_3) // 32)
                                            v1 = T.axis.spatial(64, ax4_0_0 * 32 + (ax0_ax1_fused_0 * 448 + ax0_ax1_fused_1 * 64 + ax0_ax1_fused_2 * 2 + ax0_ax1_fused_3) % 32)
                                            T.reads(A[0, v1, v0 // 28 * 2, v0 % 28 * 2])
                                            T.writes(pad_temp_reindex_shared_dyn[v0, v1])
                                            T.block_attr({"buffer_dim_align": [[0, 0, 32, 8]]})
                                            pad_temp_reindex_shared_dyn[v0, v1] = A[0, v1, v0 // 28 * 2, v0 % 28 * 2]
                        for ax0_ax1_ax2_ax3_fused_0 in range(10):
                            for ax0_ax1_ax2_ax3_fused_1 in T.thread_binding(7, thread="threadIdx.y"):
                                for ax0_ax1_ax2_ax3_fused_2 in T.thread_binding(32, thread="threadIdx.x"):
                                    with T.block("W_reindex_shared.dyn"):
                                        v0 = T.axis.spatial(1, 0)
                                        v1 = T.axis.spatial(1, 0)
                                        v2 = T.axis.spatial(64, ax4_0_0 * 32 + (ax0_ax1_ax2_ax3_fused_0 * 224 + ax0_ax1_ax2_ax3_fused_1 * 32 + ax0_ax1_ax2_ax3_fused_2) // 64)
                                        v3 = T.axis.spatial(128, ax2_0_1_ax3_0_1_fused % 2 * 64 + (ax0_ax1_ax2_ax3_fused_0 * 224 + ax0_ax1_ax2_ax3_fused_1 * 32 + ax0_ax1_ax2_ax3_fused_2) % 64)
                                        T.where((ax0_ax1_ax2_ax3_fused_0 * 7 + ax0_ax1_ax2_ax3_fused_1) * 32 + ax0_ax1_ax2_ax3_fused_2 < 2048)
                                        T.reads(W[v3, v2, v0, v1])
                                        T.writes(W_reindex_shared_dyn[v0, v1, v2, v3])
                                        T.block_attr({"buffer_dim_align": [[0, 2, 32, 8]]})
                                        W_reindex_shared_dyn[v0, v1, v2, v3] = W[v3, v2, v0, v1]
                        for ax4_0_1 in range(2):
                            for ax0_0, ax1_0 in T.grid(1, 1):
                                with T.block("pad_temp_reindex_shared.dyn_wmma.matrix_a_o"):
                                    v0_o = T.axis.spatial(49, ax2_0_1_ax3_0_1_fused // 2 * 7 + ax2_0_2_ax3_0_2_fused + ax0_0)
                                    v1_o = T.axis.spatial(4, ax4_0_0 * 2 + ax4_0_1 + ax1_0)
                                    T.reads(pad_temp_reindex_shared_dyn[v0_o * 16:v0_o * 16 + 16, v1_o * 16:v1_o * 16 + 16])
                                    T.writes(pad_temp_reindex_shared_dyn_wmma_matrix_a[v0_o * 16:v0_o * 16 + 16, v1_o * 16:v1_o * 16 + 16])
                                    A_1 = T.match_buffer(pad_temp_reindex_shared_dyn[v0_o * 16:v0_o * 16 + 16, v1_o * 16:v1_o * 16 + 16], (16, 16), "float16", strides=("A_s0", "A_s1"), scope="shared.dyn", offset_factor=16)
                                    C = T.match_buffer(pad_temp_reindex_shared_dyn_wmma_matrix_a[v0_o * 16:v0_o * 16 + 16, v1_o * 16:v1_o * 16 + 16], (16, 16), "float16", strides=("C_s0", "C_s1"), scope="wmma.matrix_a", offset_factor=16)
                                    T.tvm_load_matrix_sync(C.data, 16, 16, 16, C.elem_offset // C.strides[0] // 16 * (C.strides[0] // 16) + C.elem_offset % C.strides[0] // 16, T.tvm_access_ptr(T.type_annotation("float16"), A_1.data, A_1.elem_offset, A_1.strides[0] * 16, 1), A_1.strides[0], "row_major")
                            for ax0, ax1, ax2_0, ax3_0 in T.grid(1, 1, 1, 4):
                                with T.block("W_reindex_shared.dyn_wmma.matrix_b_o"):
                                    v0_o, v1_o = T.axis.remap("SS", [ax0, ax1])
                                    v2_o = T.axis.spatial(4, ax4_0_0 * 2 + ax4_0_1 + ax2_0)
                                    v3_o = T.axis.spatial(8, ax2_0_1_ax3_0_1_fused % 2 * 4 + ax3_0)
                                    T.reads(W_reindex_shared_dyn[v0_o, v1_o, v2_o * 16:v2_o * 16 + 16, v3_o * 16:v3_o * 16 + 16])
                                    T.writes(W_reindex_shared_dyn_wmma_matrix_b[v0_o, v1_o, v2_o * 16:v2_o * 16 + 16, v3_o * 16:v3_o * 16 + 16])
                                    A_1 = T.match_buffer(W_reindex_shared_dyn[v0_o, v1_o, v2_o * 16:v2_o * 16 + 16, v3_o * 16:v3_o * 16 + 16], (16, 16), "float16", strides=("A_s0", "A_s1"), scope="shared.dyn", offset_factor=16)
                                    C = T.match_buffer(W_reindex_shared_dyn_wmma_matrix_b[v0_o, v1_o, v2_o * 16:v2_o * 16 + 16, v3_o * 16:v3_o * 16 + 16], (16, 16), "float16", strides=("C_s0", "C_s1"), scope="wmma.matrix_b", offset_factor=16)
                                    T.tvm_load_matrix_sync(C.data, 16, 16, 16, C.elem_offset // C.strides[0] // 16 * (C.strides[0] // 16) + C.elem_offset % C.strides[0] // 16, T.tvm_access_ptr(T.type_annotation("float16"), A_1.data, A_1.elem_offset, A_1.strides[0] * 16, 1), A_1.strides[0], "row_major")
                            for ax2_0_3, ax3_0_3, ax4_0_2, ax2_0_4, ax3_0_4 in T.grid(1, 1, 1, 1, 4):
                                with T.block("conv2d_nchw_o_update"):
                                    v0_o = T.axis.spatial(1, 0)
                                    v1_o = T.axis.spatial(1, 0)
                                    v2_o = T.axis.spatial(49, ax2_0_1_ax3_0_1_fused // 2 * 7 + ax2_0_2_ax3_0_2_fused + ax2_0_3 + ax2_0_4)
                                    v3_o = T.axis.spatial(8, ax2_0_1_ax3_0_1_fused % 2 * 4 + ax3_0_3 * 4 + ax3_0_4)
                                    v4_o = T.axis.reduce(4, ax4_0_0 * 2 + ax4_0_1 + ax4_0_2)
                                    T.reads(conv2d_nchw_reindex_shared_dyn_wmma_accumulator[v2_o, v3_o // 4, 0, v3_o % 4, 0:16, 0:16], pad_temp_reindex_shared_dyn_wmma_matrix_a[v2_o * 16:v2_o * 16 + 16, v4_o * 16:v4_o * 16 + 16], W_reindex_shared_dyn_wmma_matrix_b[v0_o, v1_o, v4_o * 16:v4_o * 16 + 16, v3_o * 16:v3_o * 16 + 16])
                                    T.writes(conv2d_nchw_reindex_shared_dyn_wmma_accumulator[v2_o, v3_o // 4, 0, v3_o % 4, 0:16, 0:16])
                                    T.block_attr({"meta_schedule.thread_extent_high_inclusive": 1024, "meta_schedule.thread_extent_low_inclusive": 32, "warp_execution": 1})
                                    A_1 = T.match_buffer(pad_temp_reindex_shared_dyn_wmma_matrix_a[v2_o * 16:v2_o * 16 + 16, v4_o * 16:v4_o * 16 + 16], (16, 16), "float16", strides=("A_s0", "A_s1"), scope="wmma.matrix_a", offset_factor=16)
                                    B = T.match_buffer(W_reindex_shared_dyn_wmma_matrix_b[v0_o, v1_o, v4_o * 16:v4_o * 16 + 16, v3_o * 16:v3_o * 16 + 16], (16, 16), "float16", strides=("B_s0", "B_s1"), scope="wmma.matrix_b", offset_factor=16)
                                    C = T.match_buffer(conv2d_nchw_reindex_shared_dyn_wmma_accumulator[v2_o, v3_o // 4, 0, v3_o % 4, 0:16, 0:16], (16, 16), "float16", strides=("C_s0", "C_s1"), scope="wmma.accumulator", offset_factor=16)
                                    T.tvm_mma_sync(C.data, C.elem_offset // C.strides[0] // 16 * (C.strides[0] // 16) + C.elem_offset % C.strides[0] // 16, A_1.data, A_1.elem_offset // A_1.strides[0] // 16 * (A_1.strides[0] // 16) + A_1.elem_offset % A_1.strides[0] // 16, B.data, B.elem_offset // B.strides[0] // 16 * (B.strides[0] // 16) + B.elem_offset % B.strides[0] // 16, C.data, C.elem_offset // C.strides[0] // 16 * (C.strides[0] // 16) + C.elem_offset % C.strides[0] // 16)
                for ax2 in range(1):
                    for ax0_ax1_fused in T.thread_binding(7, thread="threadIdx.y"):
                        for ax2_1, ax3 in T.grid(1, 4):
                            with T.block("conv2d_nchw_reindex_shared.dyn_wmma.accumulator_o"):
                                v0_o = T.axis.spatial(49, ax2_0_1_ax3_0_1_fused // 2 * 7 + ax0_ax1_fused)
                                v1_o = T.axis.spatial(2, ax2_0_1_ax3_0_1_fused % 2)
                                v2_o, v3_o = T.axis.remap("SS", [ax2_1, ax3])
                                v4_o = T.axis.spatial(1, 0)
                                v5_o = T.axis.spatial(1, 0)
                                T.reads(conv2d_nchw_reindex_shared_dyn_wmma_accumulator[v0_o, v1_o, v2_o, v3_o, 0:16, 0:16])
                                T.writes(conv2d_nchw_reindex_shared_dyn[v0_o, v1_o, v2_o, v3_o, 0:16, 0:16])
                                A_1 = T.match_buffer(conv2d_nchw_reindex_shared_dyn_wmma_accumulator[v0_o, v1_o, v2_o, v3_o, 0:16, 0:16], (16, 16), "float16", strides=("A_s0", "A_s1"), scope="wmma.accumulator", offset_factor=16)
                                C = T.match_buffer(conv2d_nchw_reindex_shared_dyn[v0_o, v1_o, v2_o, v3_o, 0:16, 0:16], (16, 16), "float16", strides=("C_s0", "C_s1"), scope="shared.dyn", offset_factor=16)
                                T.tvm_store_matrix_sync(A_1.data, 16, 16, 16, A_1.elem_offset // A_1.strides[0] // 16 * (A_1.strides[0] // 16) + A_1.elem_offset % A_1.strides[0] // 16, T.tvm_access_ptr(T.type_annotation("float16"), C.data, C.elem_offset, C.strides[0] * 16, 2), C.strides[0], "row_major")
                    for ax0_ax1_ax3_ax4_ax5_fused_0 in range(4):
                        for ax0_ax1_ax3_ax4_ax5_fused_1 in T.thread_binding(7, thread="threadIdx.y"):
                            for ax0_ax1_ax3_ax4_ax5_fused_2 in T.thread_binding(32, thread="threadIdx.x"):
                                for ax0_ax1_ax3_ax4_ax5_fused_3 in T.vectorized(8):
                                    with T.block("conv2d_nchw_reindex_shared.dyn"):
                                        v0 = T.axis.spatial(49, ax2_0_1_ax3_0_1_fused // 2 * 7 + (ax0_ax1_ax3_ax4_ax5_fused_0 * 1792 + ax0_ax1_ax3_ax4_ax5_fused_1 * 256 + ax0_ax1_ax3_ax4_ax5_fused_2 * 8 + ax0_ax1_ax3_ax4_ax5_fused_3) // 1024)
                                        v1 = T.axis.spatial(2, ax2_0_1_ax3_0_1_fused % 2)
                                        v2 = T.axis.spatial(1, ax2)
                                        v3 = T.axis.spatial(4, (ax0_ax1_ax3_ax4_ax5_fused_0 * 1792 + ax0_ax1_ax3_ax4_ax5_fused_1 * 256 + ax0_ax1_ax3_ax4_ax5_fused_2 * 8 + ax0_ax1_ax3_ax4_ax5_fused_3) % 1024 // 256)
                                        v4 = T.axis.spatial(16, (ax0_ax1_ax3_ax4_ax5_fused_0 * 1792 + ax0_ax1_ax3_ax4_ax5_fused_1 * 256 + ax0_ax1_ax3_ax4_ax5_fused_2 * 8 + ax0_ax1_ax3_ax4_ax5_fused_3) % 256 // 16)
                                        v5 = T.axis.spatial(16, (ax0_ax1_ax3_ax4_ax5_fused_0 * 1792 + ax0_ax1_ax3_ax4_ax5_fused_1 * 256 + ax0_ax1_ax3_ax4_ax5_fused_2 * 8 + ax0_ax1_ax3_ax4_ax5_fused_3) % 16)
                                        T.reads(conv2d_nchw_reindex_shared_dyn[v0, v1, v2, v3, v4, v5])
                                        T.writes(conv2d_nchw[0, v5 + v3 * 16 + v1 * 64, (v4 + v0 * 16) // 28, (v4 + v0 * 16) % 28])
                                        conv2d_nchw[0, v5 + v3 * 16 + v1 * 64, (v4 + v0 * 16) // 28, (v4 + v0 * 16) % 28] = conv2d_nchw_reindex_shared_dyn[v0, v1, v2, v3, v4, v5]
b0 = sch.get_block(name="pad_temp", func_name="main")
b1 = sch.get_block(name="conv2d_nchw", func_name="main")
b2 = sch.get_block(name="root", func_name="main")
sch.annotate(block_or_loop=b1, ann_key="meta_schedule.tiling_structure", ann_val="SSSRRSRS")
b3 = sch.reindex(block=b1, buffer=("write", 0))
b4 = sch.reindex(block=b1, buffer=("read", 0))
b5 = sch.reindex(block=b1, buffer=("read", 1))
sch.transform_layout(block=b1, buffer=("read", 0), index_map=lambda v_nn, v_yy, v_xx, v_rc: (v_nn * 784 + v_yy * 28 + v_xx, v_rc,), pad_value=None, assume_injective_transform=True)
sch.transform_layout(block=b1, buffer=("read", 1), index_map=lambda v_ff, v_rc, v_ry, v_rx: (v_ry, v_rx, v_rc, v_ff,), pad_value=None, assume_injective_transform=True)
sch.transform_layout(block=b1, buffer=("write", 0), index_map=lambda v_nn, v_ff, v_yy, v_xx: (v_nn * 784 + v_yy * 28 + v_xx, v_ff,), pad_value=None, assume_injective_transform=True)
sch.transform_block_layout(block=b3, index_map=lambda v_nn, v_ff, v_yy, v_xx: (v_nn * 784 + v_yy * 28 + v_xx, v_ff,))
sch.transform_block_layout(block=b4, index_map=lambda v_nn, v_yy, v_xx, v_rc: (v_nn * 784 + v_yy * 28 + v_xx, v_rc,))
sch.transform_block_layout(block=b5, index_map=lambda v_ff, v_rc, v_ry, v_rx: (v_ry, v_rx, v_rc, v_ff,))
sch.transform_block_layout(block=b1, index_map=lambda v_nn, v_ff, v_yy, v_xx, v_rc, v_ry, v_rx: (v_ry, v_rx, v_nn * 784 + v_yy * 28 + v_xx, v_ff, v_rc,))
l6, l7, l8, l9, l10 = sch.get_loops(block=b1)
l11, l12 = sch.split(loop=l10, factors=[None, 16], preserve_unit_iters=True, disable_predication=False)
l13, l14 = sch.split(loop=l9, factors=[None, 16], preserve_unit_iters=True, disable_predication=False)
l15, l16 = sch.split(loop=l8, factors=[None, 16], preserve_unit_iters=True, disable_predication=False)
l17, l18, l19, l20, l21, l22, l23, l24 = sch.get_loops(block=b1)
sch.reorder(l21, l23, l16, l14, l12)
b25 = sch.blockize(target=l16, preserve_unit_iters=True)
sch.annotate(block_or_loop=b25, ann_key="meta_schedule.auto_tensorize", ann_val="wmma_sync_16x16x16_f16f16f16")
sch.annotate(block_or_loop=b25, ann_key="meta_schedule.auto_tensorize_init", ann_val="wmma_fill_16x16x16_f16")
sch.annotate(block_or_loop=b25, ann_key="warp_execution", ann_val=1)
l26, l27, l28, l29, l30 = sch.get_loops(block=b25)
v31, v32, v33, v34, v35 = sch.sample_perfect_tile(loop=l28, n=5, max_innermost_factor=4, decision=[1, 7, 7, 1, 1])
l36, l37, l38, l39, l40 = sch.split(loop=l28, factors=[v31, v32, v33, v34, v35], preserve_unit_iters=True, disable_predication=False)
v41, v42, v43, v44, v45 = sch.sample_perfect_tile(loop=l29, n=5, max_innermost_factor=4, decision=[1, 2, 1, 1, 4])
l46, l47, l48, l49, l50 = sch.split(loop=l29, factors=[v41, v42, v43, v44, v45], preserve_unit_iters=True, disable_predication=False)
v51, v52, v53 = sch.sample_perfect_tile(loop=l30, n=3, max_innermost_factor=4, decision=[2, 2, 1])
l54, l55, l56 = sch.split(loop=l30, factors=[v51, v52, v53], preserve_unit_iters=True, disable_predication=False)
sch.reorder(l36, l46, l37, l47, l38, l48, l54, l55, l39, l49, l56, l40, l50)
l57 = sch.fuse(l26, l27, l36, l46, preserve_unit_iters=True)
sch.bind(loop=l57, thread_axis="blockIdx.y")
l58 = sch.fuse(l37, l47, preserve_unit_iters=True)
sch.bind(loop=l58, thread_axis="blockIdx.x")
l59 = sch.fuse(l38, l48, preserve_unit_iters=True)
sch.bind(loop=l59, thread_axis="threadIdx.y")
sch.annotate(block_or_loop=b25, ann_key="meta_schedule.thread_extent_low_inclusive", ann_val=32)
sch.annotate(block_or_loop=b25, ann_key="meta_schedule.thread_extent_high_inclusive", ann_val=1024)
sch.transform_layout(block=b25, buffer=("write", 0), index_map=lambda i0, i1: (i0 // 16 // (v34 * v35), i1 // 16 // (v44 * v45), i0 // 16 % (v34 * v35), i1 // 16 % (v44 * v45), i0 % 16, i1 % 16,), pad_value=None, assume_injective_transform=True)
b60 = sch.cache_write(block=b25, write_buffer_index=0, storage_scope="shared.dyn")
sch.reverse_compute_at(block=b60, loop=l58, preserve_unit_loops=True, index=-1)
b61 = sch.cache_write(block=b25, write_buffer_index=0, storage_scope="wmma.accumulator")
l62, l63, l64, l65, l66, l67, l68, l69 = sch.get_loops(block=b60)
sch.reorder(l66, l64, l65, l67)
sch.compute_at(block=b61, loop=l66, preserve_unit_loops=True, index=-1)
l70, l71, l72, l73, l74, l75, l76, l77, l78 = sch.get_loops(block=b61)
l79 = sch.fuse(l73, l74, preserve_unit_iters=True)
sch.bind(loop=l79, thread_axis="threadIdx.y")
sch.reverse_compute_inline(block=b3)
l80, l81, l82, l83, l84, l85, l86, l87 = sch.get_loops(block=b61)
b88 = sch.blockize(target=l86, preserve_unit_iters=True)
sch.annotate(block_or_loop=b88, ann_key="meta_schedule.auto_tensorize", ann_val="wmma_store_16x16x16_f16_shared_dyn")
l89, l90, l91, l92, l93, l94, l95, l96 = sch.get_loops(block=b60)
l97 = sch.fuse(l92, l93, l94, l95, l96, preserve_unit_iters=True)
v98 = sch.sample_categorical(candidates=[1, 2, 4, 8], probs=[0.25, 0.25, 0.25, 0.25], decision=3)
sch.annotate(block_or_loop=b60, ann_key="meta_schedule.cooperative_fetch", ann_val=v98)
b99 = sch.cache_read(block=b25, read_buffer_index=0, storage_scope="shared.dyn", consumer_blocks=[b25])
sch.compute_at(block=b99, loop=l54, preserve_unit_loops=True, index=-1)
l100, l101, l102, l103, l104, l105 = sch.get_loops(block=b99)
l106 = sch.fuse(l104, l105, preserve_unit_iters=True)
v107 = sch.sample_categorical(candidates=[1, 2, 4, 8], probs=[0.25, 0.25, 0.25, 0.25], decision=1)
sch.annotate(block_or_loop=b99, ann_key="meta_schedule.cooperative_fetch", ann_val=v107)
b108 = sch.cache_read(block=b25, read_buffer_index=1, storage_scope="shared.dyn", consumer_blocks=[b25])
sch.compute_at(block=b108, loop=l54, preserve_unit_loops=True, index=-1)
l109, l110, l111, l112, l113, l114, l115, l116 = sch.get_loops(block=b108)
l117 = sch.fuse(l113, l114, l115, l116, preserve_unit_iters=True)
v118 = sch.sample_categorical(candidates=[1, 2, 4, 8], probs=[0.25, 0.25, 0.25, 0.25], decision=0)
sch.annotate(block_or_loop=b108, ann_key="meta_schedule.cooperative_fetch", ann_val=v118)
b119 = sch.cache_read(block=b25, read_buffer_index=0, storage_scope="wmma.matrix_a")
sch.compute_at(block=b119, loop=l55, preserve_unit_loops=True, index=-1)
l120, l121, l122, l123, l124, l125, l126 = sch.get_loops(block=b119)
l127, l128 = sch.split(loop=l126, factors=[None, 16], preserve_unit_iters=True, disable_predication=False)
l129, l130 = sch.split(loop=l125, factors=[None, 16], preserve_unit_iters=True, disable_predication=False)
l131, l132, l133, l134, l135, l136, l137, l138, l139 = sch.get_loops(block=b119)
sch.reorder(l138, l130, l128)
b140 = sch.blockize(target=l130, preserve_unit_iters=True)
sch.annotate(block_or_loop=b140, ann_key="meta_schedule.auto_tensorize", ann_val="wmma_load_16x16x16_f16_a_shared_dyn")
b141 = sch.cache_read(block=b25, read_buffer_index=1, storage_scope="wmma.matrix_b")
sch.compute_at(block=b141, loop=l55, preserve_unit_loops=True, index=-1)
l142, l143, l144, l145, l146, l147, l148, l149, l150 = sch.get_loops(block=b141)
l151, l152 = sch.split(loop=l150, factors=[None, 16], preserve_unit_iters=True, disable_predication=False)
l153, l154 = sch.split(loop=l149, factors=[None, 16], preserve_unit_iters=True, disable_predication=False)
l155, l156, l157, l158, l159, l160, l161, l162, l163, l164, l165 = sch.get_loops(block=b141)
sch.reorder(l164, l154, l152)
b166 = sch.blockize(target=l154, preserve_unit_iters=True)
sch.annotate(block_or_loop=b166, ann_key="meta_schedule.auto_tensorize", ann_val="wmma_load_16x16x16_f16_b_shared_dyn")
b167, = sch.get_producers(block=b99)
sch.compute_inline(block=b167)
sch.storage_align(block=b99, buffer_index=0, axis=-2, factor=32, offset=8)
b168, = sch.get_producers(block=b108)
sch.compute_inline(block=b168)
sch.storage_align(block=b108, buffer_index=0, axis=-2, factor=32, offset=8)
sch.compute_inline(block=b0)
v169 = sch.sample_categorical(candidates=[0, 16, 64, 512, 1024], probs=[0.20000000000000001, 0.20000000000000001, 0.20000000000000001, 0.20000000000000001, 0.20000000000000001], decision=1)
sch.annotate(block_or_loop=b2, ann_key="meta_schedule.unroll_explicit", ann_val=v169)
sch.enter_postproc()
sch.unannotate(block_or_loop=b60, ann_key="meta_schedule.cooperative_fetch")
l170, l171, l172, l173 = sch.get_loops(block=b60)
l174, l175, l176, l177 = sch.split(loop=l173, factors=[None, 7, 32, 8], preserve_unit_iters=True, disable_predication=False)
sch.vectorize(loop=l177)
sch.bind(loop=l176, thread_axis="threadIdx.x")
sch.bind(loop=l175, thread_axis="threadIdx.y")
sch.unannotate(block_or_loop=b99, ann_key="meta_schedule.cooperative_fetch")
l178, l179, l180, l181, l182 = sch.get_loops(block=b99)
l183, l184, l185, l186 = sch.split(loop=l182, factors=[None, 7, 32, 2], preserve_unit_iters=True, disable_predication=False)
sch.vectorize(loop=l186)
sch.bind(loop=l185, thread_axis="threadIdx.x")
sch.bind(loop=l184, thread_axis="threadIdx.y")
sch.unannotate(block_or_loop=b108, ann_key="meta_schedule.cooperative_fetch")
l187, l188, l189, l190, l191 = sch.get_loops(block=b108)
l192, l193, l194 = sch.split(loop=l191, factors=[None, 7, 32], preserve_unit_iters=True, disable_predication=False)
sch.bind(loop=l194, thread_axis="threadIdx.x")
sch.bind(loop=l193, thread_axis="threadIdx.y")
b195 = sch.get_block(name="root", func_name="main")
sch.unannotate(block_or_loop=b195, ann_key="meta_schedule.unroll_explicit")
b196, b197, b198, b199, b200, b201, b202 = sch.get_child_blocks(b195)
l203, l204, l205, l206, l207, l208, l209, l210 = sch.get_loops(block=b196)
l211, l212, l213, l214, l215, l216, l217 = sch.get_loops(block=b197)
l218, l219, l220, l221, l222, l223, l224 = sch.get_loops(block=b198)
l225, l226, l227, l228, l229, l230, l231, l232, l233 = sch.get_loops(block=b199)
l234, l235, l236, l237, l238, l239, l240, l241, l242, l243 = sch.get_loops(block=b200)
sch.annotate(block_or_loop=l234, ann_key="pragma_auto_unroll_max_step", ann_val=16)
sch.annotate(block_or_loop=l234, ann_key="pragma_unroll_explicit", ann_val=1)
l244, l245, l246, l247, l248, l249 = sch.get_loops(block=b201)
l250, l251, l252, l253, l254, l255, l256 = sch.get_loops(block=b202)
b257 = sch.get_block(name="conv2d_nchw_o", func_name="main")
l258, l259, l260, l261, l262, l263, l264, l265, l266, l267 = sch.get_loops(block=b257)
b268 = sch.decompose_reduction(block=b257, loop=l261)
sch.unannotate(block_or_loop=b268, ann_key="meta_schedule.auto_tensorize")
sch.annotate(block_or_loop=b268, ann_key="meta_schedule.auto_tensorize", ann_val="wmma_fill_16x16x16_f16")
sch.unannotate(block_or_loop=b257, ann_key="meta_schedule.auto_tensorize_init")
sch.unannotate(block_or_loop=b268, ann_key="meta_schedule.auto_tensorize_init")
b269 = sch.get_block(name="conv2d_nchw_o_init", func_name="main")
sch.unannotate(block_or_loop=b269, ann_key="meta_schedule.auto_tensorize")
sch.tensorize(block_or_loop=b269, tensor_intrin="wmma_fill_16x16x16_f16", preserve_unit_iters=True)
b270 = sch.get_block(name="pad_temp_reindex_shared.dyn_wmma.matrix_a_o", func_name="main")
sch.unannotate(block_or_loop=b270, ann_key="meta_schedule.auto_tensorize")
sch.tensorize(block_or_loop=b270, tensor_intrin="wmma_load_16x16x16_f16_a_shared_dyn", preserve_unit_iters=True)
b271 = sch.get_block(name="W_reindex_shared.dyn_wmma.matrix_b_o", func_name="main")
sch.unannotate(block_or_loop=b271, ann_key="meta_schedule.auto_tensorize")
sch.tensorize(block_or_loop=b271, tensor_intrin="wmma_load_16x16x16_f16_b_shared_dyn", preserve_unit_iters=True)
b272 = sch.get_block(name="conv2d_nchw_o_update", func_name="main")
sch.unannotate(block_or_loop=b272, ann_key="meta_schedule.auto_tensorize")
sch.tensorize(block_or_loop=b272, tensor_intrin="wmma_sync_16x16x16_f16f16f16", preserve_unit_iters=True)
b273 = sch.get_block(name="conv2d_nchw_reindex_shared.dyn_wmma.accumulator_o", func_name="main")
sch.unannotate(block_or_loop=b273, ann_key="meta_schedule.auto_tensorize")
sch.tensorize(block_or_loop=b273, tensor_intrin="wmma_store_16x16x16_f16_shared_dyn", preserve_unit_iters=True)
2025-10-07 09:25:52 [INFO] [task_scheduler.cc:131] [Task #0: main] Trial #9: GFLOPs: 1047.9096. Time: 12.2578 us. Best GFLOPs: 3252.8328
2025-10-07 09:25:52 [INFO] [task_scheduler.cc:131] [Task #0: main] Trial #10: GFLOPs: 3337.5492. Time: 3.8486 us. Best GFLOPs: 3337.5492
2025-10-07 09:25:52 [INFO] [task_scheduler.cc:131] [Task #0: main] Trial #11: GFLOPs: 2277.3923. Time: 5.6402 us. Best GFLOPs: 3337.5492
2025-10-07 09:25:52 [INFO] [task_scheduler.cc:131] [Task #0: main] Trial #12: GFLOPs: 4092.8905. Time: 3.1384 us. Best GFLOPs: 4092.8905
2025-10-07 09:25:52 [INFO] [task_scheduler.cc:131] [Task #0: main] Trial #13: GFLOPs: 3715.6028. Time: 3.4571 us. Best GFLOPs: 4092.8905
2025-10-07 09:25:52 [INFO] [task_scheduler.cc:131] [Task #0: main] Trial #14: GFLOPs: 1615.4938. Time: 7.9512 us. Best GFLOPs: 4092.8905
2025-10-07 09:25:52 [INFO] [task_scheduler.cc:131] [Task #0: main] Trial #15: GFLOPs: 1893.6576. Time: 6.7832 us. Best GFLOPs: 4092.8905
2025-10-07 09:25:52 [INFO] [task_scheduler.cc:131] [Task #0: main] Trial #16: GFLOPs: 2148.4287. Time: 5.9788 us. Best GFLOPs: 4092.8905
2025-10-07 09:25:52 [INFO] [task_scheduler.cc:131] [Task #0: main] Trial #17: GFLOPs: 2364.8609. Time: 5.4316 us. Best GFLOPs: 4092.8905
2025-10-07 09:25:52 [INFO] [task_scheduler.cc:121] [Task #0: main] Trial #18: Error in building:
LocalBuilder: An exception occurred
Traceback (most recent call last):
  File "/workspace/tvm-dev/python/tvm/exec/popen_worker.py", line 87, in main
    result = fn(*args, **kwargs)
             ^^^^^^^^^^^^^^^^^^^
  File "/workspace/tvm-dev/python/tvm/meta_schedule/builder/local_builder.py", line 165, in <lambda>
    lambda x: _worker_func(*x),
              ^^^^^^^^^^^^^^^^
  File "/workspace/tvm-dev/python/tvm/meta_schedule/builder/local_builder.py", line 231, in _worker_func
    rt_mod: Module = f_build(mod, target, _deserialize_params(params))
                     ^^^^^^^^^^^^^^^^^^^^^^^^^^^^^^^^^^^^^^^^^^^^^^^^^
  File "/workspace/tvm-dev/python/tvm/_ffi/_ctypes/packed_func.py", line 245, in __call__
    raise_last_ffi_error()
  File "/workspace/tvm-dev/python/tvm/_ffi/base.py", line 481, in raise_last_ffi_error
    raise py_err
  File "/workspace/tvm-dev/python/tvm/meta_schedule/builder/local_builder.py", line 261, in default_build
    return tvm_build(mod, target=target)
           ^^^^^^^^^^^^^^^^^^^^^^^^^^^^^
  File "/workspace/tvm-dev/python/tvm/driver/build_module.py", line 297, in build
    rt_mod_host = _driver_ffi.tir_to_runtime(annotated_mods, target_host)
                  ^^^^^^^^^^^^^^^^^^^^^^^^^^^^^^^^^^^^^^^^^^^^^^^^^^^^^^^
  File "/workspace/tvm-dev/python/tvm/_ffi/_ctypes/packed_func.py", line 245, in __call__
    raise_last_ffi_error()
  File "/workspace/tvm-dev/python/tvm/_ffi/base.py", line 481, in raise_last_ffi_error
    raise py_err
ValueError: Traceback (most recent call last):
  14: tvm::runtime::PackedFuncObj::Extractor<tvm::runtime::PackedFuncSubObj<tvm::runtime::TypedPackedFunc<tvm::runtime::Module (tvm::runtime::Map<tvm::Target, tvm::IRModule, void, void> const&, tvm::Target)>::AssignTypedLambda<tvm::__mk_TVM24::{lambda(tvm::runtime::Map<tvm::Target, tvm::IRModule, void, void> const&, tvm::Target)#1}>(tvm::__mk_TVM24::{lambda(tvm::runtime::Map<tvm::Target, tvm::IRModule, void, void> const&, tvm::Target)#1}, std::__cxx11::basic_string<char, std::char_traits<char>, std::allocator<char> >)::{lambda(tvm::runtime::TVMArgs const&, tvm::runtime::TVMRetValue*)#1}> >::Call(tvm::runtime::PackedFuncObj const*, std::__cxx11::basic_string<char, std::char_traits<char>, std::allocator<char> >, tvm::runtime::TVMRetValue)
  13: tvm::TIRToRuntime(tvm::runtime::Map<tvm::Target, tvm::IRModule, void, void> const&, tvm::Target const&)
  12: tvm::codegen::Build(tvm::IRModule, tvm::Target)
  11: _ZN3tvm7runtime13PackedFuncObj
  10: tvm::runtime::TypedPackedFunc<tvm::runtime::Module (tvm::IRModule, tvm::Target)>::AssignTypedLambda<tvm::runtime::Module (*)(tvm::IRModule, tvm::Target)>(tvm::runtime::Module (*)(tvm::IRModule, tvm::Target), std::__cxx11::basic_string<char, std::char_traits<char>, std::allocator<char> >)::{lambda(tvm::runtime::TVMArgs const&, tvm::runtime::TVMRetValue*)#1}::operator()(tvm::runtime::TVMArgs const&, tvm::runtime::TVMRetValue*) const
  9: tvm::codegen::BuildCUDA(tvm::IRModule, tvm::Target)
  8: tvm::codegen::CodeGenC::AddFunction(tvm::GlobalVar const&, tvm::tir::PrimFunc const&)
  7: tvm::codegen::CodeGenCUDA::VisitStmt_(tvm::tir::AllocateNode const*)
  6: tvm::codegen::CodeGenCUDA::VisitStmt_(tvm::tir::AllocateNode const*)
  5: tvm::codegen::CodeGenCUDA::VisitStmt_(tvm::tir::AllocateNode const*)
  4: tvm::codegen::CodeGenCUDA::VisitStmt_(tvm::tir::AllocateNode const*)
  3: tvm::codegen::CodeGenC::VisitStmt_(tvm::tir::SeqStmtNode const*)
  2: tvm::codegen::CodeGenC::VisitStmt_(tvm::tir::BufferStoreNode const*)
  1: tvm::codegen::CodeGenC::PrintExpr[abi:cxx11](tvm::PrimExpr const&)
  0: tvm::codegen::CodeGenCUDA::VisitExpr_(tvm::tir::RampNode const*, std::ostream&)
  File "/workspace/tvm-dev/src/target/source/codegen_cuda.cc", line 1204
ValueError: Check failed: lanes <= 4 (8 vs. 4) : Ramp of more than 4 lanes is not allowed.

# from tvm.script import ir as I
# from tvm.script import tir as T

@I.ir_module
class Module:
    @T.prim_func
    def main(A: T.Buffer((1, 64, 56, 56), "float16"), W: T.Buffer((128, 64, 1, 1), "float16"), conv2d_nchw: T.Buffer((1, 128, 28, 28), "float16")):
        T.func_attr({"tir.noalias": T.bool(True)})
        # with T.block("root"):
        conv2d_nchw_reindex_shared_dyn = T.alloc_buffer((49, 4, 1, 2, 16, 16), "float16", scope="shared.dyn")
        conv2d_nchw_reindex_shared_dyn_wmma_accumulator = T.alloc_buffer((49, 4, 1, 2, 16, 16), "float16", scope="wmma.accumulator")
        pad_temp_reindex_shared_dyn = T.alloc_buffer((784, 64), "float16", scope="shared.dyn")
        W_reindex_shared_dyn = T.alloc_buffer((1, 1, 64, 128), "float16", scope="shared.dyn")
        pad_temp_reindex_shared_dyn_wmma_matrix_a = T.alloc_buffer((784, 64), "float16", scope="wmma.matrix_a")
        W_reindex_shared_dyn_wmma_matrix_b = T.alloc_buffer((1, 1, 64, 128), "float16", scope="wmma.matrix_b")
        for ax0_ax1_ax2_0_0_ax3_0_0_fused in T.thread_binding(1, thread="blockIdx.y", annotations={"pragma_auto_unroll_max_step": 64, "pragma_unroll_explicit": 1}):
            for ax2_0_1_ax3_0_1_fused in T.thread_binding(14, thread="blockIdx.x"):
                for ax2_0_2_ax3_0_2_fused in T.thread_binding(14, thread="threadIdx.y"):
                    for ax2_0_3_init, ax3_0_3_init, ax2_0_4_init, ax3_0_4_init in T.grid(1, 2, 1, 1):
                        with T.block("conv2d_nchw_o_init"):
                            v0_o = T.axis.spatial(1, 0)
                            v1_o = T.axis.spatial(1, 0)
                            v2_o = T.axis.spatial(49, ax2_0_1_ax3_0_1_fused // 2 * 7 + ax2_0_2_ax3_0_2_fused // 2 + ax2_0_3_init + ax2_0_4_init)
                            v3_o = T.axis.spatial(8, ax2_0_1_ax3_0_1_fused % 2 * 4 + ax2_0_2_ax3_0_2_fused % 2 * 2 + ax3_0_3_init + ax3_0_4_init)
                            T.reads()
                            T.writes(conv2d_nchw_reindex_shared_dyn_wmma_accumulator[v2_o, v3_o // 2, 0, v3_o % 2, 0:16, 0:16])
                            T.block_attr({"meta_schedule.thread_extent_high_inclusive": 1024, "meta_schedule.thread_extent_low_inclusive": 32, "warp_execution": 1})
                            C = T.match_buffer(conv2d_nchw_reindex_shared_dyn_wmma_accumulator[v2_o, v3_o // 2, 0, v3_o % 2, 0:16, 0:16], (16, 16), "float16", strides=("C_s0", "C_s1"), scope="wmma.accumulator", offset_factor=16)
                            T.tvm_fill_fragment(C.data, 16, 16, 16, C.elem_offset // C.strides[0] // 16 * (C.strides[0] // 16) + C.elem_offset % C.strides[0] // 16, T.float32(0.0))
                    for ax4_0_0 in range(1):
                        for ax0_ax1_fused_0 in range(16):
                            for ax0_ax1_fused_1 in T.thread_binding(14, thread="threadIdx.y"):
                                for ax0_ax1_fused_2 in T.thread_binding(32, thread="threadIdx.x"):
                                    with T.block("pad_temp_reindex_shared.dyn"):
                                        v0 = T.axis.spatial(784, ax2_0_1_ax3_0_1_fused // 2 * 112 + (ax0_ax1_fused_0 * 448 + ax0_ax1_fused_1 * 32 + ax0_ax1_fused_2) // 64)
                                        v1 = T.axis.spatial(64, (ax0_ax1_fused_0 * 448 + ax0_ax1_fused_1 * 32 + ax0_ax1_fused_2) % 64)
                                        T.reads(A[0, v1, v0 // 28 * 2, v0 % 28 * 2])
                                        T.writes(pad_temp_reindex_shared_dyn[v0, v1])
                                        T.block_attr({"buffer_dim_align": [[0, 0, 32, 8]]})
                                        pad_temp_reindex_shared_dyn[v0, v1] = A[0, v1, v0 // 28 * 2, v0 % 28 * 2]
                        for ax0_ax1_ax2_ax3_fused_0 in range(5):
                            for ax0_ax1_ax2_ax3_fused_1 in T.thread_binding(14, thread="threadIdx.y"):
                                for ax0_ax1_ax2_ax3_fused_2 in T.thread_binding(32, thread="threadIdx.x"):
                                    for ax0_ax1_ax2_ax3_fused_3 in T.vectorized(2):
                                        with T.block("W_reindex_shared.dyn"):
                                            v0 = T.axis.spatial(1, 0)
                                            v1 = T.axis.spatial(1, 0)
                                            v2 = T.axis.spatial(64, (ax0_ax1_ax2_ax3_fused_0 * 896 + ax0_ax1_ax2_ax3_fused_1 * 64 + ax0_ax1_ax2_ax3_fused_2 * 2 + ax0_ax1_ax2_ax3_fused_3) // 64)
                                            v3 = T.axis.spatial(128, ax2_0_1_ax3_0_1_fused % 2 * 64 + (ax0_ax1_ax2_ax3_fused_0 * 896 + ax0_ax1_ax2_ax3_fused_1 * 64 + ax0_ax1_ax2_ax3_fused_2 * 2 + ax0_ax1_ax2_ax3_fused_3) % 64)
                                            T.where(((ax0_ax1_ax2_ax3_fused_0 * 14 + ax0_ax1_ax2_ax3_fused_1) * 32 + ax0_ax1_ax2_ax3_fused_2) * 2 + ax0_ax1_ax2_ax3_fused_3 < 4096)
                                            T.reads(W[v3, v2, v0, v1])
                                            T.writes(W_reindex_shared_dyn[v0, v1, v2, v3])
                                            T.block_attr({"buffer_dim_align": [[0, 2, 32, 8]]})
                                            W_reindex_shared_dyn[v0, v1, v2, v3] = W[v3, v2, v0, v1]
                        for ax4_0_1 in range(4):
                            for ax0_0, ax1_0 in T.grid(1, 1):
                                with T.block("pad_temp_reindex_shared.dyn_wmma.matrix_a_o"):
                                    v0_o = T.axis.spatial(49, ax2_0_1_ax3_0_1_fused // 2 * 7 + ax2_0_2_ax3_0_2_fused // 2 + ax0_0)
                                    v1_o = T.axis.spatial(4, ax4_0_1 + ax1_0)
                                    T.reads(pad_temp_reindex_shared_dyn[v0_o * 16:v0_o * 16 + 16, v1_o * 16:v1_o * 16 + 16])
                                    T.writes(pad_temp_reindex_shared_dyn_wmma_matrix_a[v0_o * 16:v0_o * 16 + 16, v1_o * 16:v1_o * 16 + 16])
                                    A_1 = T.match_buffer(pad_temp_reindex_shared_dyn[v0_o * 16:v0_o * 16 + 16, v1_o * 16:v1_o * 16 + 16], (16, 16), "float16", strides=("A_s0", "A_s1"), scope="shared.dyn", offset_factor=16)
                                    C = T.match_buffer(pad_temp_reindex_shared_dyn_wmma_matrix_a[v0_o * 16:v0_o * 16 + 16, v1_o * 16:v1_o * 16 + 16], (16, 16), "float16", strides=("C_s0", "C_s1"), scope="wmma.matrix_a", offset_factor=16)
                                    T.tvm_load_matrix_sync(C.data, 16, 16, 16, C.elem_offset // C.strides[0] // 16 * (C.strides[0] // 16) + C.elem_offset % C.strides[0] // 16, T.tvm_access_ptr(T.type_annotation("float16"), A_1.data, A_1.elem_offset, A_1.strides[0] * 16, 1), A_1.strides[0], "row_major")
                            for ax0, ax1, ax2_0, ax3_0 in T.grid(1, 1, 1, 2):
                                with T.block("W_reindex_shared.dyn_wmma.matrix_b_o"):
                                    v0_o, v1_o = T.axis.remap("SS", [ax0, ax1])
                                    v2_o = T.axis.spatial(4, ax4_0_1 + ax2_0)
                                    v3_o = T.axis.spatial(8, ax2_0_1_ax3_0_1_fused % 2 * 4 + ax2_0_2_ax3_0_2_fused % 2 * 2 + ax3_0)
                                    T.reads(W_reindex_shared_dyn[v0_o, v1_o, v2_o * 16:v2_o * 16 + 16, v3_o * 16:v3_o * 16 + 16])
                                    T.writes(W_reindex_shared_dyn_wmma_matrix_b[v0_o, v1_o, v2_o * 16:v2_o * 16 + 16, v3_o * 16:v3_o * 16 + 16])
                                    A_1 = T.match_buffer(W_reindex_shared_dyn[v0_o, v1_o, v2_o * 16:v2_o * 16 + 16, v3_o * 16:v3_o * 16 + 16], (16, 16), "float16", strides=("A_s0", "A_s1"), scope="shared.dyn", offset_factor=16)
                                    C = T.match_buffer(W_reindex_shared_dyn_wmma_matrix_b[v0_o, v1_o, v2_o * 16:v2_o * 16 + 16, v3_o * 16:v3_o * 16 + 16], (16, 16), "float16", strides=("C_s0", "C_s1"), scope="wmma.matrix_b", offset_factor=16)
                                    T.tvm_load_matrix_sync(C.data, 16, 16, 16, C.elem_offset // C.strides[0] // 16 * (C.strides[0] // 16) + C.elem_offset % C.strides[0] // 16, T.tvm_access_ptr(T.type_annotation("float16"), A_1.data, A_1.elem_offset, A_1.strides[0] * 16, 1), A_1.strides[0], "row_major")
                            for ax2_0_3, ax3_0_3, ax4_0_2, ax2_0_4, ax3_0_4 in T.grid(1, 2, 1, 1, 1):
                                with T.block("conv2d_nchw_o_update"):
                                    v0_o = T.axis.spatial(1, 0)
                                    v1_o = T.axis.spatial(1, 0)
                                    v2_o = T.axis.spatial(49, ax2_0_1_ax3_0_1_fused // 2 * 7 + ax2_0_2_ax3_0_2_fused // 2 + ax2_0_3 + ax2_0_4)
                                    v3_o = T.axis.spatial(8, ax2_0_1_ax3_0_1_fused % 2 * 4 + ax2_0_2_ax3_0_2_fused % 2 * 2 + ax3_0_3 + ax3_0_4)
                                    v4_o = T.axis.reduce(4, ax4_0_0 * 4 + ax4_0_1 + ax4_0_2)
                                    T.reads(conv2d_nchw_reindex_shared_dyn_wmma_accumulator[v2_o, v3_o // 2, 0, v3_o % 2, 0:16, 0:16], pad_temp_reindex_shared_dyn_wmma_matrix_a[v2_o * 16:v2_o * 16 + 16, v4_o * 16:v4_o * 16 + 16], W_reindex_shared_dyn_wmma_matrix_b[v0_o, v1_o, v4_o * 16:v4_o * 16 + 16, v3_o * 16:v3_o * 16 + 16])
                                    T.writes(conv2d_nchw_reindex_shared_dyn_wmma_accumulator[v2_o, v3_o // 2, 0, v3_o % 2, 0:16, 0:16])
                                    T.block_attr({"meta_schedule.thread_extent_high_inclusive": 1024, "meta_schedule.thread_extent_low_inclusive": 32, "warp_execution": 1})
                                    A_1 = T.match_buffer(pad_temp_reindex_shared_dyn_wmma_matrix_a[v2_o * 16:v2_o * 16 + 16, v4_o * 16:v4_o * 16 + 16], (16, 16), "float16", strides=("A_s0", "A_s1"), scope="wmma.matrix_a", offset_factor=16)
                                    B = T.match_buffer(W_reindex_shared_dyn_wmma_matrix_b[v0_o, v1_o, v4_o * 16:v4_o * 16 + 16, v3_o * 16:v3_o * 16 + 16], (16, 16), "float16", strides=("B_s0", "B_s1"), scope="wmma.matrix_b", offset_factor=16)
                                    C = T.match_buffer(conv2d_nchw_reindex_shared_dyn_wmma_accumulator[v2_o, v3_o // 2, 0, v3_o % 2, 0:16, 0:16], (16, 16), "float16", strides=("C_s0", "C_s1"), scope="wmma.accumulator", offset_factor=16)
                                    T.tvm_mma_sync(C.data, C.elem_offset // C.strides[0] // 16 * (C.strides[0] // 16) + C.elem_offset % C.strides[0] // 16, A_1.data, A_1.elem_offset // A_1.strides[0] // 16 * (A_1.strides[0] // 16) + A_1.elem_offset % A_1.strides[0] // 16, B.data, B.elem_offset // B.strides[0] // 16 * (B.strides[0] // 16) + B.elem_offset % B.strides[0] // 16, C.data, C.elem_offset // C.strides[0] // 16 * (C.strides[0] // 16) + C.elem_offset % C.strides[0] // 16)
                for ax2 in range(1):
                    for ax0_ax1_fused in T.thread_binding(14, thread="threadIdx.y"):
                        for ax2_1, ax3 in T.grid(1, 2):
                            with T.block("conv2d_nchw_reindex_shared.dyn_wmma.accumulator_o"):
                                v0_o = T.axis.spatial(49, ax2_0_1_ax3_0_1_fused // 2 * 7 + ax0_ax1_fused // 2)
                                v1_o = T.axis.spatial(4, ax2_0_1_ax3_0_1_fused % 2 * 2 + ax0_ax1_fused % 2)
                                v2_o, v3_o = T.axis.remap("SS", [ax2_1, ax3])
                                v4_o = T.axis.spatial(1, 0)
                                v5_o = T.axis.spatial(1, 0)
                                T.reads(conv2d_nchw_reindex_shared_dyn_wmma_accumulator[v0_o, v1_o, v2_o, v3_o, 0:16, 0:16])
                                T.writes(conv2d_nchw_reindex_shared_dyn[v0_o, v1_o, v2_o, v3_o, 0:16, 0:16])
                                A_1 = T.match_buffer(conv2d_nchw_reindex_shared_dyn_wmma_accumulator[v0_o, v1_o, v2_o, v3_o, 0:16, 0:16], (16, 16), "float16", strides=("A_s0", "A_s1"), scope="wmma.accumulator", offset_factor=16)
                                C = T.match_buffer(conv2d_nchw_reindex_shared_dyn[v0_o, v1_o, v2_o, v3_o, 0:16, 0:16], (16, 16), "float16", strides=("C_s0", "C_s1"), scope="shared.dyn", offset_factor=16)
                                T.tvm_store_matrix_sync(A_1.data, 16, 16, 16, A_1.elem_offset // A_1.strides[0] // 16 * (A_1.strides[0] // 16) + A_1.elem_offset % A_1.strides[0] // 16, T.tvm_access_ptr(T.type_annotation("float16"), C.data, C.elem_offset, C.strides[0] * 16, 2), C.strides[0], "row_major")
                    for ax0_ax1_ax3_ax4_ax5_fused_0 in range(2):
                        for ax0_ax1_ax3_ax4_ax5_fused_1 in T.thread_binding(14, thread="threadIdx.y"):
                            for ax0_ax1_ax3_ax4_ax5_fused_2 in T.thread_binding(32, thread="threadIdx.x"):
                                for ax0_ax1_ax3_ax4_ax5_fused_3 in T.vectorized(8):
                                    with T.block("conv2d_nchw_reindex_shared.dyn"):
                                        v0 = T.axis.spatial(49, ax2_0_1_ax3_0_1_fused // 2 * 7 + (ax0_ax1_ax3_ax4_ax5_fused_0 * 3584 + ax0_ax1_ax3_ax4_ax5_fused_1 * 256 + ax0_ax1_ax3_ax4_ax5_fused_2 * 8 + ax0_ax1_ax3_ax4_ax5_fused_3) // 1024)
                                        v1 = T.axis.spatial(4, ax2_0_1_ax3_0_1_fused % 2 * 2 + (ax0_ax1_ax3_ax4_ax5_fused_0 * 3584 + ax0_ax1_ax3_ax4_ax5_fused_1 * 256 + ax0_ax1_ax3_ax4_ax5_fused_2 * 8 + ax0_ax1_ax3_ax4_ax5_fused_3) % 1024 // 512)
                                        v2 = T.axis.spatial(1, ax2)
                                        v3 = T.axis.spatial(2, (ax0_ax1_ax3_ax4_ax5_fused_0 * 3584 + ax0_ax1_ax3_ax4_ax5_fused_1 * 256 + ax0_ax1_ax3_ax4_ax5_fused_2 * 8 + ax0_ax1_ax3_ax4_ax5_fused_3) % 512 // 256)
                                        v4 = T.axis.spatial(16, (ax0_ax1_ax3_ax4_ax5_fused_0 * 3584 + ax0_ax1_ax3_ax4_ax5_fused_1 * 256 + ax0_ax1_ax3_ax4_ax5_fused_2 * 8 + ax0_ax1_ax3_ax4_ax5_fused_3) % 256 // 16)
                                        v5 = T.axis.spatial(16, (ax0_ax1_ax3_ax4_ax5_fused_0 * 3584 + ax0_ax1_ax3_ax4_ax5_fused_1 * 256 + ax0_ax1_ax3_ax4_ax5_fused_2 * 8 + ax0_ax1_ax3_ax4_ax5_fused_3) % 16)
                                        T.reads(conv2d_nchw_reindex_shared_dyn[v0, v1, v2, v3, v4, v5])
                                        T.writes(conv2d_nchw[0, v5 + v3 * 16 + v1 * 32, (v4 + v0 * 16) // 28, (v4 + v0 * 16) % 28])
                                        conv2d_nchw[0, v5 + v3 * 16 + v1 * 32, (v4 + v0 * 16) // 28, (v4 + v0 * 16) % 28] = conv2d_nchw_reindex_shared_dyn[v0, v1, v2, v3, v4, v5]
b0 = sch.get_block(name="pad_temp", func_name="main")
b1 = sch.get_block(name="conv2d_nchw", func_name="main")
b2 = sch.get_block(name="root", func_name="main")
sch.annotate(block_or_loop=b1, ann_key="meta_schedule.tiling_structure", ann_val="SSSRRSRS")
b3 = sch.reindex(block=b1, buffer=("write", 0))
b4 = sch.reindex(block=b1, buffer=("read", 0))
b5 = sch.reindex(block=b1, buffer=("read", 1))
sch.transform_layout(block=b1, buffer=("read", 0), index_map=lambda v_nn, v_yy, v_xx, v_rc: (v_nn * 784 + v_yy * 28 + v_xx, v_rc,), pad_value=None, assume_injective_transform=True)
sch.transform_layout(block=b1, buffer=("read", 1), index_map=lambda v_ff, v_rc, v_ry, v_rx: (v_ry, v_rx, v_rc, v_ff,), pad_value=None, assume_injective_transform=True)
sch.transform_layout(block=b1, buffer=("write", 0), index_map=lambda v_nn, v_ff, v_yy, v_xx: (v_nn * 784 + v_yy * 28 + v_xx, v_ff,), pad_value=None, assume_injective_transform=True)
sch.transform_block_layout(block=b3, index_map=lambda v_nn, v_ff, v_yy, v_xx: (v_nn * 784 + v_yy * 28 + v_xx, v_ff,))
sch.transform_block_layout(block=b4, index_map=lambda v_nn, v_yy, v_xx, v_rc: (v_nn * 784 + v_yy * 28 + v_xx, v_rc,))
sch.transform_block_layout(block=b5, index_map=lambda v_ff, v_rc, v_ry, v_rx: (v_ry, v_rx, v_rc, v_ff,))
sch.transform_block_layout(block=b1, index_map=lambda v_nn, v_ff, v_yy, v_xx, v_rc, v_ry, v_rx: (v_ry, v_rx, v_nn * 784 + v_yy * 28 + v_xx, v_ff, v_rc,))
l6, l7, l8, l9, l10 = sch.get_loops(block=b1)
l11, l12 = sch.split(loop=l10, factors=[None, 16], preserve_unit_iters=True, disable_predication=False)
l13, l14 = sch.split(loop=l9, factors=[None, 16], preserve_unit_iters=True, disable_predication=False)
l15, l16 = sch.split(loop=l8, factors=[None, 16], preserve_unit_iters=True, disable_predication=False)
l17, l18, l19, l20, l21, l22, l23, l24 = sch.get_loops(block=b1)
sch.reorder(l21, l23, l16, l14, l12)
b25 = sch.blockize(target=l16, preserve_unit_iters=True)
sch.annotate(block_or_loop=b25, ann_key="meta_schedule.auto_tensorize", ann_val="wmma_sync_16x16x16_f16f16f16")
sch.annotate(block_or_loop=b25, ann_key="meta_schedule.auto_tensorize_init", ann_val="wmma_fill_16x16x16_f16")
sch.annotate(block_or_loop=b25, ann_key="warp_execution", ann_val=1)
l26, l27, l28, l29, l30 = sch.get_loops(block=b25)
v31, v32, v33, v34, v35 = sch.sample_perfect_tile(loop=l28, n=5, max_innermost_factor=4, decision=[1, 7, 7, 1, 1])
l36, l37, l38, l39, l40 = sch.split(loop=l28, factors=[v31, v32, v33, v34, v35], preserve_unit_iters=True, disable_predication=False)
v41, v42, v43, v44, v45 = sch.sample_perfect_tile(loop=l29, n=5, max_innermost_factor=4, decision=[1, 2, 2, 2, 1])
l46, l47, l48, l49, l50 = sch.split(loop=l29, factors=[v41, v42, v43, v44, v45], preserve_unit_iters=True, disable_predication=False)
v51, v52, v53 = sch.sample_perfect_tile(loop=l30, n=3, max_innermost_factor=4, decision=[1, 4, 1])
l54, l55, l56 = sch.split(loop=l30, factors=[v51, v52, v53], preserve_unit_iters=True, disable_predication=False)
sch.reorder(l36, l46, l37, l47, l38, l48, l54, l55, l39, l49, l56, l40, l50)
l57 = sch.fuse(l26, l27, l36, l46, preserve_unit_iters=True)
sch.bind(loop=l57, thread_axis="blockIdx.y")
l58 = sch.fuse(l37, l47, preserve_unit_iters=True)
sch.bind(loop=l58, thread_axis="blockIdx.x")
l59 = sch.fuse(l38, l48, preserve_unit_iters=True)
sch.bind(loop=l59, thread_axis="threadIdx.y")
sch.annotate(block_or_loop=b25, ann_key="meta_schedule.thread_extent_low_inclusive", ann_val=32)
sch.annotate(block_or_loop=b25, ann_key="meta_schedule.thread_extent_high_inclusive", ann_val=1024)
sch.transform_layout(block=b25, buffer=("write", 0), index_map=lambda i0, i1: (i0 // 16 // (v34 * v35), i1 // 16 // (v44 * v45), i0 // 16 % (v34 * v35), i1 // 16 % (v44 * v45), i0 % 16, i1 % 16,), pad_value=None, assume_injective_transform=True)
b60 = sch.cache_write(block=b25, write_buffer_index=0, storage_scope="shared.dyn")
sch.reverse_compute_at(block=b60, loop=l58, preserve_unit_loops=True, index=-1)
b61 = sch.cache_write(block=b25, write_buffer_index=0, storage_scope="wmma.accumulator")
l62, l63, l64, l65, l66, l67, l68, l69 = sch.get_loops(block=b60)
sch.reorder(l66, l64, l65, l67)
sch.compute_at(block=b61, loop=l66, preserve_unit_loops=True, index=-1)
l70, l71, l72, l73, l74, l75, l76, l77, l78 = sch.get_loops(block=b61)
l79 = sch.fuse(l73, l74, preserve_unit_iters=True)
sch.bind(loop=l79, thread_axis="threadIdx.y")
sch.reverse_compute_inline(block=b3)
l80, l81, l82, l83, l84, l85, l86, l87 = sch.get_loops(block=b61)
b88 = sch.blockize(target=l86, preserve_unit_iters=True)
sch.annotate(block_or_loop=b88, ann_key="meta_schedule.auto_tensorize", ann_val="wmma_store_16x16x16_f16_shared_dyn")
l89, l90, l91, l92, l93, l94, l95, l96 = sch.get_loops(block=b60)
l97 = sch.fuse(l92, l93, l94, l95, l96, preserve_unit_iters=True)
v98 = sch.sample_categorical(candidates=[1, 2, 4, 8], probs=[0.25, 0.25, 0.25, 0.25], decision=3)
sch.annotate(block_or_loop=b60, ann_key="meta_schedule.cooperative_fetch", ann_val=v98)
b99 = sch.cache_read(block=b25, read_buffer_index=0, storage_scope="shared.dyn", consumer_blocks=[b25])
sch.compute_at(block=b99, loop=l54, preserve_unit_loops=True, index=-1)
l100, l101, l102, l103, l104, l105 = sch.get_loops(block=b99)
l106 = sch.fuse(l104, l105, preserve_unit_iters=True)
v107 = sch.sample_categorical(candidates=[1, 2, 4, 8], probs=[0.25, 0.25, 0.25, 0.25], decision=0)
sch.annotate(block_or_loop=b99, ann_key="meta_schedule.cooperative_fetch", ann_val=v107)
b108 = sch.cache_read(block=b25, read_buffer_index=1, storage_scope="shared.dyn", consumer_blocks=[b25])
sch.compute_at(block=b108, loop=l54, preserve_unit_loops=True, index=-1)
l109, l110, l111, l112, l113, l114, l115, l116 = sch.get_loops(block=b108)
l117 = sch.fuse(l113, l114, l115, l116, preserve_unit_iters=True)
v118 = sch.sample_categorical(candidates=[1, 2, 4, 8], probs=[0.25, 0.25, 0.25, 0.25], decision=1)
sch.annotate(block_or_loop=b108, ann_key="meta_schedule.cooperative_fetch", ann_val=v118)
b119 = sch.cache_read(block=b25, read_buffer_index=0, storage_scope="wmma.matrix_a")
sch.compute_at(block=b119, loop=l55, preserve_unit_loops=True, index=-1)
l120, l121, l122, l123, l124, l125, l126 = sch.get_loops(block=b119)
l127, l128 = sch.split(loop=l126, factors=[None, 16], preserve_unit_iters=True, disable_predication=False)
l129, l130 = sch.split(loop=l125, factors=[None, 16], preserve_unit_iters=True, disable_predication=False)
l131, l132, l133, l134, l135, l136, l137, l138, l139 = sch.get_loops(block=b119)
sch.reorder(l138, l130, l128)
b140 = sch.blockize(target=l130, preserve_unit_iters=True)
sch.annotate(block_or_loop=b140, ann_key="meta_schedule.auto_tensorize", ann_val="wmma_load_16x16x16_f16_a_shared_dyn")
b141 = sch.cache_read(block=b25, read_buffer_index=1, storage_scope="wmma.matrix_b")
sch.compute_at(block=b141, loop=l55, preserve_unit_loops=True, index=-1)
l142, l143, l144, l145, l146, l147, l148, l149, l150 = sch.get_loops(block=b141)
l151, l152 = sch.split(loop=l150, factors=[None, 16], preserve_unit_iters=True, disable_predication=False)
l153, l154 = sch.split(loop=l149, factors=[None, 16], preserve_unit_iters=True, disable_predication=False)
l155, l156, l157, l158, l159, l160, l161, l162, l163, l164, l165 = sch.get_loops(block=b141)
sch.reorder(l164, l154, l152)
b166 = sch.blockize(target=l154, preserve_unit_iters=True)
sch.annotate(block_or_loop=b166, ann_key="meta_schedule.auto_tensorize", ann_val="wmma_load_16x16x16_f16_b_shared_dyn")
b167, = sch.get_producers(block=b99)
sch.compute_inline(block=b167)
sch.storage_align(block=b99, buffer_index=0, axis=-2, factor=32, offset=8)
b168, = sch.get_producers(block=b108)
sch.compute_inline(block=b168)
sch.storage_align(block=b108, buffer_index=0, axis=-2, factor=32, offset=8)
sch.compute_inline(block=b0)
v169 = sch.sample_categorical(candidates=[0, 16, 64, 512, 1024], probs=[0.20000000000000001, 0.20000000000000001, 0.20000000000000001, 0.20000000000000001, 0.20000000000000001], decision=2)
sch.annotate(block_or_loop=b2, ann_key="meta_schedule.unroll_explicit", ann_val=v169)
sch.enter_postproc()
sch.unannotate(block_or_loop=b60, ann_key="meta_schedule.cooperative_fetch")
l170, l171, l172, l173 = sch.get_loops(block=b60)
l174, l175, l176, l177 = sch.split(loop=l173, factors=[None, 14, 32, 8], preserve_unit_iters=True, disable_predication=False)
sch.vectorize(loop=l177)
sch.bind(loop=l176, thread_axis="threadIdx.x")
sch.bind(loop=l175, thread_axis="threadIdx.y")
sch.unannotate(block_or_loop=b99, ann_key="meta_schedule.cooperative_fetch")
l178, l179, l180, l181, l182 = sch.get_loops(block=b99)
l183, l184, l185 = sch.split(loop=l182, factors=[None, 14, 32], preserve_unit_iters=True, disable_predication=False)
sch.bind(loop=l185, thread_axis="threadIdx.x")
sch.bind(loop=l184, thread_axis="threadIdx.y")
sch.unannotate(block_or_loop=b108, ann_key="meta_schedule.cooperative_fetch")
l186, l187, l188, l189, l190 = sch.get_loops(block=b108)
l191, l192, l193, l194 = sch.split(loop=l190, factors=[None, 14, 32, 2], preserve_unit_iters=True, disable_predication=False)
sch.vectorize(loop=l194)
sch.bind(loop=l193, thread_axis="threadIdx.x")
sch.bind(loop=l192, thread_axis="threadIdx.y")
b195 = sch.get_block(name="root", func_name="main")
sch.unannotate(block_or_loop=b195, ann_key="meta_schedule.unroll_explicit")
b196, b197, b198, b199, b200, b201, b202 = sch.get_child_blocks(b195)
l203, l204, l205, l206, l207, l208, l209 = sch.get_loops(block=b196)
l210, l211, l212, l213, l214, l215, l216, l217 = sch.get_loops(block=b197)
l218, l219, l220, l221, l222, l223, l224 = sch.get_loops(block=b198)
l225, l226, l227, l228, l229, l230, l231, l232, l233 = sch.get_loops(block=b199)
l234, l235, l236, l237, l238, l239, l240, l241, l242, l243 = sch.get_loops(block=b200)
sch.annotate(block_or_loop=l234, ann_key="pragma_auto_unroll_max_step", ann_val=64)
sch.annotate(block_or_loop=l234, ann_key="pragma_unroll_explicit", ann_val=1)
l244, l245, l246, l247, l248, l249 = sch.get_loops(block=b201)
l250, l251, l252, l253, l254, l255, l256 = sch.get_loops(block=b202)
b257 = sch.get_block(name="conv2d_nchw_o", func_name="main")
l258, l259, l260, l261, l262, l263, l264, l265, l266, l267 = sch.get_loops(block=b257)
b268 = sch.decompose_reduction(block=b257, loop=l261)
sch.unannotate(block_or_loop=b268, ann_key="meta_schedule.auto_tensorize")
sch.annotate(block_or_loop=b268, ann_key="meta_schedule.auto_tensorize", ann_val="wmma_fill_16x16x16_f16")
sch.unannotate(block_or_loop=b257, ann_key="meta_schedule.auto_tensorize_init")
sch.unannotate(block_or_loop=b268, ann_key="meta_schedule.auto_tensorize_init")
b269 = sch.get_block(name="conv2d_nchw_o_init", func_name="main")
sch.unannotate(block_or_loop=b269, ann_key="meta_schedule.auto_tensorize")
sch.tensorize(block_or_loop=b269, tensor_intrin="wmma_fill_16x16x16_f16", preserve_unit_iters=True)
b270 = sch.get_block(name="pad_temp_reindex_shared.dyn_wmma.matrix_a_o", func_name="main")
sch.unannotate(block_or_loop=b270, ann_key="meta_schedule.auto_tensorize")
sch.tensorize(block_or_loop=b270, tensor_intrin="wmma_load_16x16x16_f16_a_shared_dyn", preserve_unit_iters=True)
b271 = sch.get_block(name="W_reindex_shared.dyn_wmma.matrix_b_o", func_name="main")
sch.unannotate(block_or_loop=b271, ann_key="meta_schedule.auto_tensorize")
sch.tensorize(block_or_loop=b271, tensor_intrin="wmma_load_16x16x16_f16_b_shared_dyn", preserve_unit_iters=True)
b272 = sch.get_block(name="conv2d_nchw_o_update", func_name="main")
sch.unannotate(block_or_loop=b272, ann_key="meta_schedule.auto_tensorize")
sch.tensorize(block_or_loop=b272, tensor_intrin="wmma_sync_16x16x16_f16f16f16", preserve_unit_iters=True)
b273 = sch.get_block(name="conv2d_nchw_reindex_shared.dyn_wmma.accumulator_o", func_name="main")
sch.unannotate(block_or_loop=b273, ann_key="meta_schedule.auto_tensorize")
sch.tensorize(block_or_loop=b273, tensor_intrin="wmma_store_16x16x16_f16_shared_dyn", preserve_unit_iters=True)
2025-10-07 09:25:52 [INFO] [task_scheduler.cc:131] [Task #0: main] Trial #19: GFLOPs: 4245.4307. Time: 3.0256 us. Best GFLOPs: 4245.4307
2025-10-07 09:25:52 [INFO] [task_scheduler.cc:131] [Task #0: main] Trial #20: GFLOPs: 2288.1716. Time: 5.6137 us. Best GFLOPs: 4245.4307
2025-10-07 09:25:52 [INFO] [task_scheduler.cc:131] [Task #0: main] Trial #21: GFLOPs: 3832.2176. Time: 3.3519 us. Best GFLOPs: 4245.4307
2025-10-07 09:25:52 [INFO] [task_scheduler.cc:131] [Task #0: main] Trial #22: GFLOPs: 3607.4103. Time: 3.5607 us. Best GFLOPs: 4245.4307
2025-10-07 09:25:52 [INFO] [task_scheduler.cc:131] [Task #0: main] Trial #23: GFLOPs: 2159.9499. Time: 5.9469 us. Best GFLOPs: 4245.4307
2025-10-07 09:25:52 [INFO] [task_scheduler.cc:131] [Task #0: main] Trial #24: GFLOPs: 2593.9142. Time: 4.9520 us. Best GFLOPs: 4245.4307
2025-10-07 09:25:52 [INFO] [task_scheduler.cc:131] [Task #0: main] Trial #25: GFLOPs: 3970.4098. Time: 3.2352 us. Best GFLOPs: 4245.4307
2025-10-07 09:25:52 [INFO] [task_scheduler.cc:131] [Task #0: main] Trial #26: GFLOPs: 1003.3171. Time: 12.8026 us. Best GFLOPs: 4245.4307
2025-10-07 09:25:52 [INFO] [task_scheduler.cc:121] [Task #0: main] Trial #27: Error in building:
LocalBuilder: An exception occurred
Traceback (most recent call last):
  File "/workspace/tvm-dev/python/tvm/exec/popen_worker.py", line 87, in main
    result = fn(*args, **kwargs)
             ^^^^^^^^^^^^^^^^^^^
  File "/workspace/tvm-dev/python/tvm/meta_schedule/builder/local_builder.py", line 165, in <lambda>
    lambda x: _worker_func(*x),
              ^^^^^^^^^^^^^^^^
  File "/workspace/tvm-dev/python/tvm/meta_schedule/builder/local_builder.py", line 231, in _worker_func
    rt_mod: Module = f_build(mod, target, _deserialize_params(params))
                     ^^^^^^^^^^^^^^^^^^^^^^^^^^^^^^^^^^^^^^^^^^^^^^^^^
  File "/workspace/tvm-dev/python/tvm/_ffi/_ctypes/packed_func.py", line 245, in __call__
    raise_last_ffi_error()
  File "/workspace/tvm-dev/python/tvm/_ffi/base.py", line 481, in raise_last_ffi_error
    raise py_err
  File "/workspace/tvm-dev/python/tvm/meta_schedule/builder/local_builder.py", line 261, in default_build
    return tvm_build(mod, target=target)
           ^^^^^^^^^^^^^^^^^^^^^^^^^^^^^
  File "/workspace/tvm-dev/python/tvm/driver/build_module.py", line 297, in build
    rt_mod_host = _driver_ffi.tir_to_runtime(annotated_mods, target_host)
                  ^^^^^^^^^^^^^^^^^^^^^^^^^^^^^^^^^^^^^^^^^^^^^^^^^^^^^^^
  File "/workspace/tvm-dev/python/tvm/_ffi/_ctypes/packed_func.py", line 245, in __call__
    raise_last_ffi_error()
  File "/workspace/tvm-dev/python/tvm/_ffi/base.py", line 481, in raise_last_ffi_error
    raise py_err
ValueError: Traceback (most recent call last):
  14: tvm::runtime::PackedFuncObj::Extractor<tvm::runtime::PackedFuncSubObj<tvm::runtime::TypedPackedFunc<tvm::runtime::Module (tvm::runtime::Map<tvm::Target, tvm::IRModule, void, void> const&, tvm::Target)>::AssignTypedLambda<tvm::__mk_TVM24::{lambda(tvm::runtime::Map<tvm::Target, tvm::IRModule, void, void> const&, tvm::Target)#1}>(tvm::__mk_TVM24::{lambda(tvm::runtime::Map<tvm::Target, tvm::IRModule, void, void> const&, tvm::Target)#1}, std::__cxx11::basic_string<char, std::char_traits<char>, std::allocator<char> >)::{lambda(tvm::runtime::TVMArgs const&, tvm::runtime::TVMRetValue*)#1}> >::Call(tvm::runtime::PackedFuncObj const*, std::__cxx11::basic_string<char, std::char_traits<char>, std::allocator<char> >, tvm::runtime::TVMRetValue)
  13: tvm::TIRToRuntime(tvm::runtime::Map<tvm::Target, tvm::IRModule, void, void> const&, tvm::Target const&)
  12: tvm::codegen::Build(tvm::IRModule, tvm::Target)
  11: _ZN3tvm7runtime13PackedFuncObj
  10: tvm::runtime::TypedPackedFunc<tvm::runtime::Module (tvm::IRModule, tvm::Target)>::AssignTypedLambda<tvm::runtime::Module (*)(tvm::IRModule, tvm::Target)>(tvm::runtime::Module (*)(tvm::IRModule, tvm::Target), std::__cxx11::basic_string<char, std::char_traits<char>, std::allocator<char> >)::{lambda(tvm::runtime::TVMArgs const&, tvm::runtime::TVMRetValue*)#1}::operator()(tvm::runtime::TVMArgs const&, tvm::runtime::TVMRetValue*) const
  9: tvm::codegen::BuildCUDA(tvm::IRModule, tvm::Target)
  8: tvm::codegen::CodeGenC::AddFunction(tvm::GlobalVar const&, tvm::tir::PrimFunc const&)
  7: tvm::codegen::CodeGenCUDA::VisitStmt_(tvm::tir::AllocateNode const*)
  6: tvm::codegen::CodeGenCUDA::VisitStmt_(tvm::tir::AllocateNode const*)
  5: tvm::codegen::CodeGenCUDA::VisitStmt_(tvm::tir::AllocateNode const*)
  4: tvm::codegen::CodeGenCUDA::VisitStmt_(tvm::tir::AllocateNode const*)
  3: tvm::codegen::CodeGenC::VisitStmt_(tvm::tir::SeqStmtNode const*)
  2: tvm::codegen::CodeGenC::VisitStmt_(tvm::tir::BufferStoreNode const*)
  1: tvm::codegen::CodeGenC::PrintExpr[abi:cxx11](tvm::PrimExpr const&)
  0: tvm::codegen::CodeGenCUDA::VisitExpr_(tvm::tir::RampNode const*, std::ostream&)
  File "/workspace/tvm-dev/src/target/source/codegen_cuda.cc", line 1204
ValueError: Check failed: lanes <= 4 (8 vs. 4) : Ramp of more than 4 lanes is not allowed.

# from tvm.script import ir as I
# from tvm.script import tir as T

@I.ir_module
class Module:
    @T.prim_func
    def main(A: T.Buffer((1, 64, 56, 56), "float16"), W: T.Buffer((128, 64, 1, 1), "float16"), conv2d_nchw: T.Buffer((1, 128, 28, 28), "float16")):
        T.func_attr({"tir.noalias": T.bool(True)})
        # with T.block("root"):
        conv2d_nchw_reindex_shared_dyn = T.alloc_buffer((49, 2, 1, 4, 16, 16), "float16", scope="shared.dyn")
        conv2d_nchw_reindex_shared_dyn_wmma_accumulator = T.alloc_buffer((49, 2, 1, 4, 16, 16), "float16", scope="wmma.accumulator")
        pad_temp_reindex_shared_dyn = T.alloc_buffer((784, 64), "float16", scope="shared.dyn")
        W_reindex_shared_dyn = T.alloc_buffer((1, 1, 64, 128), "float16", scope="shared.dyn")
        pad_temp_reindex_shared_dyn_wmma_matrix_a = T.alloc_buffer((784, 64), "float16", scope="wmma.matrix_a")
        W_reindex_shared_dyn_wmma_matrix_b = T.alloc_buffer((1, 1, 64, 128), "float16", scope="wmma.matrix_b")
        for ax0_ax1_ax2_0_0_ax3_0_0_fused in T.thread_binding(1, thread="blockIdx.y", annotations={"pragma_auto_unroll_max_step": 16, "pragma_unroll_explicit": 1}):
            for ax2_0_1_ax3_0_1_fused in T.thread_binding(14, thread="blockIdx.x"):
                for ax2_0_2_ax3_0_2_fused in T.thread_binding(7, thread="threadIdx.y"):
                    for ax2_0_3_init, ax3_0_3_init, ax2_0_4_init, ax3_0_4_init in T.grid(1, 1, 1, 4):
                        with T.block("conv2d_nchw_o_init"):
                            v0_o = T.axis.spatial(1, 0)
                            v1_o = T.axis.spatial(1, 0)
                            v2_o = T.axis.spatial(49, ax2_0_1_ax3_0_1_fused // 2 * 7 + ax2_0_2_ax3_0_2_fused + ax2_0_3_init + ax2_0_4_init)
                            v3_o = T.axis.spatial(8, ax2_0_1_ax3_0_1_fused % 2 * 4 + ax3_0_3_init * 4 + ax3_0_4_init)
                            T.reads()
                            T.writes(conv2d_nchw_reindex_shared_dyn_wmma_accumulator[v2_o, v3_o // 4, 0, v3_o % 4, 0:16, 0:16])
                            T.block_attr({"meta_schedule.thread_extent_high_inclusive": 1024, "meta_schedule.thread_extent_low_inclusive": 32, "warp_execution": 1})
                            C = T.match_buffer(conv2d_nchw_reindex_shared_dyn_wmma_accumulator[v2_o, v3_o // 4, 0, v3_o % 4, 0:16, 0:16], (16, 16), "float16", strides=("C_s0", "C_s1"), scope="wmma.accumulator", offset_factor=16)
                            T.tvm_fill_fragment(C.data, 16, 16, 16, C.elem_offset // C.strides[0] // 16 * (C.strides[0] // 16) + C.elem_offset % C.strides[0] // 16, T.float32(0.0))
                    for ax4_0_0 in range(2):
                        for ax0_ax1_fused_0 in range(8):
                            for ax0_ax1_fused_1 in T.thread_binding(7, thread="threadIdx.y"):
                                for ax0_ax1_fused_2 in T.thread_binding(32, thread="threadIdx.x"):
                                    for ax0_ax1_fused_3 in T.vectorized(2):
                                        with T.block("pad_temp_reindex_shared.dyn"):
                                            v0 = T.axis.spatial(784, ax2_0_1_ax3_0_1_fused // 2 * 112 + (ax0_ax1_fused_0 * 448 + ax0_ax1_fused_1 * 64 + ax0_ax1_fused_2 * 2 + ax0_ax1_fused_3) // 32)
                                            v1 = T.axis.spatial(64, ax4_0_0 * 32 + (ax0_ax1_fused_0 * 448 + ax0_ax1_fused_1 * 64 + ax0_ax1_fused_2 * 2 + ax0_ax1_fused_3) % 32)
                                            T.reads(A[0, v1, v0 // 28 * 2, v0 % 28 * 2])
                                            T.writes(pad_temp_reindex_shared_dyn[v0, v1])
                                            T.block_attr({"buffer_dim_align": [[0, 0, 32, 8]]})
                                            pad_temp_reindex_shared_dyn[v0, v1] = A[0, v1, v0 // 28 * 2, v0 % 28 * 2]
                        for ax0_ax1_ax2_ax3_fused_0 in range(5):
                            for ax0_ax1_ax2_ax3_fused_1 in T.thread_binding(7, thread="threadIdx.y"):
                                for ax0_ax1_ax2_ax3_fused_2 in T.thread_binding(32, thread="threadIdx.x"):
                                    for ax0_ax1_ax2_ax3_fused_3 in T.vectorized(2):
                                        with T.block("W_reindex_shared.dyn"):
                                            v0 = T.axis.spatial(1, 0)
                                            v1 = T.axis.spatial(1, 0)
                                            v2 = T.axis.spatial(64, ax4_0_0 * 32 + (ax0_ax1_ax2_ax3_fused_0 * 448 + ax0_ax1_ax2_ax3_fused_1 * 64 + ax0_ax1_ax2_ax3_fused_2 * 2 + ax0_ax1_ax2_ax3_fused_3) // 64)
                                            v3 = T.axis.spatial(128, ax2_0_1_ax3_0_1_fused % 2 * 64 + (ax0_ax1_ax2_ax3_fused_0 * 448 + ax0_ax1_ax2_ax3_fused_1 * 64 + ax0_ax1_ax2_ax3_fused_2 * 2 + ax0_ax1_ax2_ax3_fused_3) % 64)
                                            T.where(((ax0_ax1_ax2_ax3_fused_0 * 7 + ax0_ax1_ax2_ax3_fused_1) * 32 + ax0_ax1_ax2_ax3_fused_2) * 2 + ax0_ax1_ax2_ax3_fused_3 < 2048)
                                            T.reads(W[v3, v2, v0, v1])
                                            T.writes(W_reindex_shared_dyn[v0, v1, v2, v3])
                                            T.block_attr({"buffer_dim_align": [[0, 2, 32, 8]]})
                                            W_reindex_shared_dyn[v0, v1, v2, v3] = W[v3, v2, v0, v1]
                        for ax4_0_1 in range(2):
                            for ax0_0, ax1_0 in T.grid(1, 1):
                                with T.block("pad_temp_reindex_shared.dyn_wmma.matrix_a_o"):
                                    v0_o = T.axis.spatial(49, ax2_0_1_ax3_0_1_fused // 2 * 7 + ax2_0_2_ax3_0_2_fused + ax0_0)
                                    v1_o = T.axis.spatial(4, ax4_0_0 * 2 + ax4_0_1 + ax1_0)
                                    T.reads(pad_temp_reindex_shared_dyn[v0_o * 16:v0_o * 16 + 16, v1_o * 16:v1_o * 16 + 16])
                                    T.writes(pad_temp_reindex_shared_dyn_wmma_matrix_a[v0_o * 16:v0_o * 16 + 16, v1_o * 16:v1_o * 16 + 16])
                                    A_1 = T.match_buffer(pad_temp_reindex_shared_dyn[v0_o * 16:v0_o * 16 + 16, v1_o * 16:v1_o * 16 + 16], (16, 16), "float16", strides=("A_s0", "A_s1"), scope="shared.dyn", offset_factor=16)
                                    C = T.match_buffer(pad_temp_reindex_shared_dyn_wmma_matrix_a[v0_o * 16:v0_o * 16 + 16, v1_o * 16:v1_o * 16 + 16], (16, 16), "float16", strides=("C_s0", "C_s1"), scope="wmma.matrix_a", offset_factor=16)
                                    T.tvm_load_matrix_sync(C.data, 16, 16, 16, C.elem_offset // C.strides[0] // 16 * (C.strides[0] // 16) + C.elem_offset % C.strides[0] // 16, T.tvm_access_ptr(T.type_annotation("float16"), A_1.data, A_1.elem_offset, A_1.strides[0] * 16, 1), A_1.strides[0], "row_major")
                            for ax0, ax1, ax2_0, ax3_0 in T.grid(1, 1, 1, 4):
                                with T.block("W_reindex_shared.dyn_wmma.matrix_b_o"):
                                    v0_o, v1_o = T.axis.remap("SS", [ax0, ax1])
                                    v2_o = T.axis.spatial(4, ax4_0_0 * 2 + ax4_0_1 + ax2_0)
                                    v3_o = T.axis.spatial(8, ax2_0_1_ax3_0_1_fused % 2 * 4 + ax3_0)
                                    T.reads(W_reindex_shared_dyn[v0_o, v1_o, v2_o * 16:v2_o * 16 + 16, v3_o * 16:v3_o * 16 + 16])
                                    T.writes(W_reindex_shared_dyn_wmma_matrix_b[v0_o, v1_o, v2_o * 16:v2_o * 16 + 16, v3_o * 16:v3_o * 16 + 16])
                                    A_1 = T.match_buffer(W_reindex_shared_dyn[v0_o, v1_o, v2_o * 16:v2_o * 16 + 16, v3_o * 16:v3_o * 16 + 16], (16, 16), "float16", strides=("A_s0", "A_s1"), scope="shared.dyn", offset_factor=16)
                                    C = T.match_buffer(W_reindex_shared_dyn_wmma_matrix_b[v0_o, v1_o, v2_o * 16:v2_o * 16 + 16, v3_o * 16:v3_o * 16 + 16], (16, 16), "float16", strides=("C_s0", "C_s1"), scope="wmma.matrix_b", offset_factor=16)
                                    T.tvm_load_matrix_sync(C.data, 16, 16, 16, C.elem_offset // C.strides[0] // 16 * (C.strides[0] // 16) + C.elem_offset % C.strides[0] // 16, T.tvm_access_ptr(T.type_annotation("float16"), A_1.data, A_1.elem_offset, A_1.strides[0] * 16, 1), A_1.strides[0], "row_major")
                            for ax2_0_3, ax3_0_3, ax4_0_2, ax2_0_4, ax3_0_4 in T.grid(1, 1, 1, 1, 4):
                                with T.block("conv2d_nchw_o_update"):
                                    v0_o = T.axis.spatial(1, 0)
                                    v1_o = T.axis.spatial(1, 0)
                                    v2_o = T.axis.spatial(49, ax2_0_1_ax3_0_1_fused // 2 * 7 + ax2_0_2_ax3_0_2_fused + ax2_0_3 + ax2_0_4)
                                    v3_o = T.axis.spatial(8, ax2_0_1_ax3_0_1_fused % 2 * 4 + ax3_0_3 * 4 + ax3_0_4)
                                    v4_o = T.axis.reduce(4, ax4_0_0 * 2 + ax4_0_1 + ax4_0_2)
                                    T.reads(conv2d_nchw_reindex_shared_dyn_wmma_accumulator[v2_o, v3_o // 4, 0, v3_o % 4, 0:16, 0:16], pad_temp_reindex_shared_dyn_wmma_matrix_a[v2_o * 16:v2_o * 16 + 16, v4_o * 16:v4_o * 16 + 16], W_reindex_shared_dyn_wmma_matrix_b[v0_o, v1_o, v4_o * 16:v4_o * 16 + 16, v3_o * 16:v3_o * 16 + 16])
                                    T.writes(conv2d_nchw_reindex_shared_dyn_wmma_accumulator[v2_o, v3_o // 4, 0, v3_o % 4, 0:16, 0:16])
                                    T.block_attr({"meta_schedule.thread_extent_high_inclusive": 1024, "meta_schedule.thread_extent_low_inclusive": 32, "warp_execution": 1})
                                    A_1 = T.match_buffer(pad_temp_reindex_shared_dyn_wmma_matrix_a[v2_o * 16:v2_o * 16 + 16, v4_o * 16:v4_o * 16 + 16], (16, 16), "float16", strides=("A_s0", "A_s1"), scope="wmma.matrix_a", offset_factor=16)
                                    B = T.match_buffer(W_reindex_shared_dyn_wmma_matrix_b[v0_o, v1_o, v4_o * 16:v4_o * 16 + 16, v3_o * 16:v3_o * 16 + 16], (16, 16), "float16", strides=("B_s0", "B_s1"), scope="wmma.matrix_b", offset_factor=16)
                                    C = T.match_buffer(conv2d_nchw_reindex_shared_dyn_wmma_accumulator[v2_o, v3_o // 4, 0, v3_o % 4, 0:16, 0:16], (16, 16), "float16", strides=("C_s0", "C_s1"), scope="wmma.accumulator", offset_factor=16)
                                    T.tvm_mma_sync(C.data, C.elem_offset // C.strides[0] // 16 * (C.strides[0] // 16) + C.elem_offset % C.strides[0] // 16, A_1.data, A_1.elem_offset // A_1.strides[0] // 16 * (A_1.strides[0] // 16) + A_1.elem_offset % A_1.strides[0] // 16, B.data, B.elem_offset // B.strides[0] // 16 * (B.strides[0] // 16) + B.elem_offset % B.strides[0] // 16, C.data, C.elem_offset // C.strides[0] // 16 * (C.strides[0] // 16) + C.elem_offset % C.strides[0] // 16)
                for ax2 in range(1):
                    for ax0_ax1_fused in T.thread_binding(7, thread="threadIdx.y"):
                        for ax2_1, ax3 in T.grid(1, 4):
                            with T.block("conv2d_nchw_reindex_shared.dyn_wmma.accumulator_o"):
                                v0_o = T.axis.spatial(49, ax2_0_1_ax3_0_1_fused // 2 * 7 + ax0_ax1_fused)
                                v1_o = T.axis.spatial(2, ax2_0_1_ax3_0_1_fused % 2)
                                v2_o, v3_o = T.axis.remap("SS", [ax2_1, ax3])
                                v4_o = T.axis.spatial(1, 0)
                                v5_o = T.axis.spatial(1, 0)
                                T.reads(conv2d_nchw_reindex_shared_dyn_wmma_accumulator[v0_o, v1_o, v2_o, v3_o, 0:16, 0:16])
                                T.writes(conv2d_nchw_reindex_shared_dyn[v0_o, v1_o, v2_o, v3_o, 0:16, 0:16])
                                A_1 = T.match_buffer(conv2d_nchw_reindex_shared_dyn_wmma_accumulator[v0_o, v1_o, v2_o, v3_o, 0:16, 0:16], (16, 16), "float16", strides=("A_s0", "A_s1"), scope="wmma.accumulator", offset_factor=16)
                                C = T.match_buffer(conv2d_nchw_reindex_shared_dyn[v0_o, v1_o, v2_o, v3_o, 0:16, 0:16], (16, 16), "float16", strides=("C_s0", "C_s1"), scope="shared.dyn", offset_factor=16)
                                T.tvm_store_matrix_sync(A_1.data, 16, 16, 16, A_1.elem_offset // A_1.strides[0] // 16 * (A_1.strides[0] // 16) + A_1.elem_offset % A_1.strides[0] // 16, T.tvm_access_ptr(T.type_annotation("float16"), C.data, C.elem_offset, C.strides[0] * 16, 2), C.strides[0], "row_major")
                    for ax0_ax1_ax3_ax4_ax5_fused_0 in range(4):
                        for ax0_ax1_ax3_ax4_ax5_fused_1 in T.thread_binding(7, thread="threadIdx.y"):
                            for ax0_ax1_ax3_ax4_ax5_fused_2 in T.thread_binding(32, thread="threadIdx.x"):
                                for ax0_ax1_ax3_ax4_ax5_fused_3 in T.vectorized(8):
                                    with T.block("conv2d_nchw_reindex_shared.dyn"):
                                        v0 = T.axis.spatial(49, ax2_0_1_ax3_0_1_fused // 2 * 7 + (ax0_ax1_ax3_ax4_ax5_fused_0 * 1792 + ax0_ax1_ax3_ax4_ax5_fused_1 * 256 + ax0_ax1_ax3_ax4_ax5_fused_2 * 8 + ax0_ax1_ax3_ax4_ax5_fused_3) // 1024)
                                        v1 = T.axis.spatial(2, ax2_0_1_ax3_0_1_fused % 2)
                                        v2 = T.axis.spatial(1, ax2)
                                        v3 = T.axis.spatial(4, (ax0_ax1_ax3_ax4_ax5_fused_0 * 1792 + ax0_ax1_ax3_ax4_ax5_fused_1 * 256 + ax0_ax1_ax3_ax4_ax5_fused_2 * 8 + ax0_ax1_ax3_ax4_ax5_fused_3) % 1024 // 256)
                                        v4 = T.axis.spatial(16, (ax0_ax1_ax3_ax4_ax5_fused_0 * 1792 + ax0_ax1_ax3_ax4_ax5_fused_1 * 256 + ax0_ax1_ax3_ax4_ax5_fused_2 * 8 + ax0_ax1_ax3_ax4_ax5_fused_3) % 256 // 16)
                                        v5 = T.axis.spatial(16, (ax0_ax1_ax3_ax4_ax5_fused_0 * 1792 + ax0_ax1_ax3_ax4_ax5_fused_1 * 256 + ax0_ax1_ax3_ax4_ax5_fused_2 * 8 + ax0_ax1_ax3_ax4_ax5_fused_3) % 16)
                                        T.reads(conv2d_nchw_reindex_shared_dyn[v0, v1, v2, v3, v4, v5])
                                        T.writes(conv2d_nchw[0, v5 + v3 * 16 + v1 * 64, (v4 + v0 * 16) // 28, (v4 + v0 * 16) % 28])
                                        conv2d_nchw[0, v5 + v3 * 16 + v1 * 64, (v4 + v0 * 16) // 28, (v4 + v0 * 16) % 28] = conv2d_nchw_reindex_shared_dyn[v0, v1, v2, v3, v4, v5]
b0 = sch.get_block(name="pad_temp", func_name="main")
b1 = sch.get_block(name="conv2d_nchw", func_name="main")
b2 = sch.get_block(name="root", func_name="main")
sch.annotate(block_or_loop=b1, ann_key="meta_schedule.tiling_structure", ann_val="SSSRRSRS")
b3 = sch.reindex(block=b1, buffer=("write", 0))
b4 = sch.reindex(block=b1, buffer=("read", 0))
b5 = sch.reindex(block=b1, buffer=("read", 1))
sch.transform_layout(block=b1, buffer=("read", 0), index_map=lambda v_nn, v_yy, v_xx, v_rc: (v_nn * 784 + v_yy * 28 + v_xx, v_rc,), pad_value=None, assume_injective_transform=True)
sch.transform_layout(block=b1, buffer=("read", 1), index_map=lambda v_ff, v_rc, v_ry, v_rx: (v_ry, v_rx, v_rc, v_ff,), pad_value=None, assume_injective_transform=True)
sch.transform_layout(block=b1, buffer=("write", 0), index_map=lambda v_nn, v_ff, v_yy, v_xx: (v_nn * 784 + v_yy * 28 + v_xx, v_ff,), pad_value=None, assume_injective_transform=True)
sch.transform_block_layout(block=b3, index_map=lambda v_nn, v_ff, v_yy, v_xx: (v_nn * 784 + v_yy * 28 + v_xx, v_ff,))
sch.transform_block_layout(block=b4, index_map=lambda v_nn, v_yy, v_xx, v_rc: (v_nn * 784 + v_yy * 28 + v_xx, v_rc,))
sch.transform_block_layout(block=b5, index_map=lambda v_ff, v_rc, v_ry, v_rx: (v_ry, v_rx, v_rc, v_ff,))
sch.transform_block_layout(block=b1, index_map=lambda v_nn, v_ff, v_yy, v_xx, v_rc, v_ry, v_rx: (v_ry, v_rx, v_nn * 784 + v_yy * 28 + v_xx, v_ff, v_rc,))
l6, l7, l8, l9, l10 = sch.get_loops(block=b1)
l11, l12 = sch.split(loop=l10, factors=[None, 16], preserve_unit_iters=True, disable_predication=False)
l13, l14 = sch.split(loop=l9, factors=[None, 16], preserve_unit_iters=True, disable_predication=False)
l15, l16 = sch.split(loop=l8, factors=[None, 16], preserve_unit_iters=True, disable_predication=False)
l17, l18, l19, l20, l21, l22, l23, l24 = sch.get_loops(block=b1)
sch.reorder(l21, l23, l16, l14, l12)
b25 = sch.blockize(target=l16, preserve_unit_iters=True)
sch.annotate(block_or_loop=b25, ann_key="meta_schedule.auto_tensorize", ann_val="wmma_sync_16x16x16_f16f16f16")
sch.annotate(block_or_loop=b25, ann_key="meta_schedule.auto_tensorize_init", ann_val="wmma_fill_16x16x16_f16")
sch.annotate(block_or_loop=b25, ann_key="warp_execution", ann_val=1)
l26, l27, l28, l29, l30 = sch.get_loops(block=b25)
v31, v32, v33, v34, v35 = sch.sample_perfect_tile(loop=l28, n=5, max_innermost_factor=4, decision=[1, 7, 7, 1, 1])
l36, l37, l38, l39, l40 = sch.split(loop=l28, factors=[v31, v32, v33, v34, v35], preserve_unit_iters=True, disable_predication=False)
v41, v42, v43, v44, v45 = sch.sample_perfect_tile(loop=l29, n=5, max_innermost_factor=4, decision=[1, 2, 1, 1, 4])
l46, l47, l48, l49, l50 = sch.split(loop=l29, factors=[v41, v42, v43, v44, v45], preserve_unit_iters=True, disable_predication=False)
v51, v52, v53 = sch.sample_perfect_tile(loop=l30, n=3, max_innermost_factor=4, decision=[2, 2, 1])
l54, l55, l56 = sch.split(loop=l30, factors=[v51, v52, v53], preserve_unit_iters=True, disable_predication=False)
sch.reorder(l36, l46, l37, l47, l38, l48, l54, l55, l39, l49, l56, l40, l50)
l57 = sch.fuse(l26, l27, l36, l46, preserve_unit_iters=True)
sch.bind(loop=l57, thread_axis="blockIdx.y")
l58 = sch.fuse(l37, l47, preserve_unit_iters=True)
sch.bind(loop=l58, thread_axis="blockIdx.x")
l59 = sch.fuse(l38, l48, preserve_unit_iters=True)
sch.bind(loop=l59, thread_axis="threadIdx.y")
sch.annotate(block_or_loop=b25, ann_key="meta_schedule.thread_extent_low_inclusive", ann_val=32)
sch.annotate(block_or_loop=b25, ann_key="meta_schedule.thread_extent_high_inclusive", ann_val=1024)
sch.transform_layout(block=b25, buffer=("write", 0), index_map=lambda i0, i1: (i0 // 16 // (v34 * v35), i1 // 16 // (v44 * v45), i0 // 16 % (v34 * v35), i1 // 16 % (v44 * v45), i0 % 16, i1 % 16,), pad_value=None, assume_injective_transform=True)
b60 = sch.cache_write(block=b25, write_buffer_index=0, storage_scope="shared.dyn")
sch.reverse_compute_at(block=b60, loop=l58, preserve_unit_loops=True, index=-1)
b61 = sch.cache_write(block=b25, write_buffer_index=0, storage_scope="wmma.accumulator")
l62, l63, l64, l65, l66, l67, l68, l69 = sch.get_loops(block=b60)
sch.reorder(l66, l64, l65, l67)
sch.compute_at(block=b61, loop=l66, preserve_unit_loops=True, index=-1)
l70, l71, l72, l73, l74, l75, l76, l77, l78 = sch.get_loops(block=b61)
l79 = sch.fuse(l73, l74, preserve_unit_iters=True)
sch.bind(loop=l79, thread_axis="threadIdx.y")
sch.reverse_compute_inline(block=b3)
l80, l81, l82, l83, l84, l85, l86, l87 = sch.get_loops(block=b61)
b88 = sch.blockize(target=l86, preserve_unit_iters=True)
sch.annotate(block_or_loop=b88, ann_key="meta_schedule.auto_tensorize", ann_val="wmma_store_16x16x16_f16_shared_dyn")
l89, l90, l91, l92, l93, l94, l95, l96 = sch.get_loops(block=b60)
l97 = sch.fuse(l92, l93, l94, l95, l96, preserve_unit_iters=True)
v98 = sch.sample_categorical(candidates=[1, 2, 4, 8], probs=[0.25, 0.25, 0.25, 0.25], decision=3)
sch.annotate(block_or_loop=b60, ann_key="meta_schedule.cooperative_fetch", ann_val=v98)
b99 = sch.cache_read(block=b25, read_buffer_index=0, storage_scope="shared.dyn", consumer_blocks=[b25])
sch.compute_at(block=b99, loop=l54, preserve_unit_loops=True, index=-1)
l100, l101, l102, l103, l104, l105 = sch.get_loops(block=b99)
l106 = sch.fuse(l104, l105, preserve_unit_iters=True)
v107 = sch.sample_categorical(candidates=[1, 2, 4, 8], probs=[0.25, 0.25, 0.25, 0.25], decision=1)
sch.annotate(block_or_loop=b99, ann_key="meta_schedule.cooperative_fetch", ann_val=v107)
b108 = sch.cache_read(block=b25, read_buffer_index=1, storage_scope="shared.dyn", consumer_blocks=[b25])
sch.compute_at(block=b108, loop=l54, preserve_unit_loops=True, index=-1)
l109, l110, l111, l112, l113, l114, l115, l116 = sch.get_loops(block=b108)
l117 = sch.fuse(l113, l114, l115, l116, preserve_unit_iters=True)
v118 = sch.sample_categorical(candidates=[1, 2, 4, 8], probs=[0.25, 0.25, 0.25, 0.25], decision=1)
sch.annotate(block_or_loop=b108, ann_key="meta_schedule.cooperative_fetch", ann_val=v118)
b119 = sch.cache_read(block=b25, read_buffer_index=0, storage_scope="wmma.matrix_a")
sch.compute_at(block=b119, loop=l55, preserve_unit_loops=True, index=-1)
l120, l121, l122, l123, l124, l125, l126 = sch.get_loops(block=b119)
l127, l128 = sch.split(loop=l126, factors=[None, 16], preserve_unit_iters=True, disable_predication=False)
l129, l130 = sch.split(loop=l125, factors=[None, 16], preserve_unit_iters=True, disable_predication=False)
l131, l132, l133, l134, l135, l136, l137, l138, l139 = sch.get_loops(block=b119)
sch.reorder(l138, l130, l128)
b140 = sch.blockize(target=l130, preserve_unit_iters=True)
sch.annotate(block_or_loop=b140, ann_key="meta_schedule.auto_tensorize", ann_val="wmma_load_16x16x16_f16_a_shared_dyn")
b141 = sch.cache_read(block=b25, read_buffer_index=1, storage_scope="wmma.matrix_b")
sch.compute_at(block=b141, loop=l55, preserve_unit_loops=True, index=-1)
l142, l143, l144, l145, l146, l147, l148, l149, l150 = sch.get_loops(block=b141)
l151, l152 = sch.split(loop=l150, factors=[None, 16], preserve_unit_iters=True, disable_predication=False)
l153, l154 = sch.split(loop=l149, factors=[None, 16], preserve_unit_iters=True, disable_predication=False)
l155, l156, l157, l158, l159, l160, l161, l162, l163, l164, l165 = sch.get_loops(block=b141)
sch.reorder(l164, l154, l152)
b166 = sch.blockize(target=l154, preserve_unit_iters=True)
sch.annotate(block_or_loop=b166, ann_key="meta_schedule.auto_tensorize", ann_val="wmma_load_16x16x16_f16_b_shared_dyn")
b167, = sch.get_producers(block=b99)
sch.compute_inline(block=b167)
sch.storage_align(block=b99, buffer_index=0, axis=-2, factor=32, offset=8)
b168, = sch.get_producers(block=b108)
sch.compute_inline(block=b168)
sch.storage_align(block=b108, buffer_index=0, axis=-2, factor=32, offset=8)
sch.compute_inline(block=b0)
v169 = sch.sample_categorical(candidates=[0, 16, 64, 512, 1024], probs=[0.20000000000000001, 0.20000000000000001, 0.20000000000000001, 0.20000000000000001, 0.20000000000000001], decision=1)
sch.annotate(block_or_loop=b2, ann_key="meta_schedule.unroll_explicit", ann_val=v169)
sch.enter_postproc()
sch.unannotate(block_or_loop=b60, ann_key="meta_schedule.cooperative_fetch")
l170, l171, l172, l173 = sch.get_loops(block=b60)
l174, l175, l176, l177 = sch.split(loop=l173, factors=[None, 7, 32, 8], preserve_unit_iters=True, disable_predication=False)
sch.vectorize(loop=l177)
sch.bind(loop=l176, thread_axis="threadIdx.x")
sch.bind(loop=l175, thread_axis="threadIdx.y")
sch.unannotate(block_or_loop=b99, ann_key="meta_schedule.cooperative_fetch")
l178, l179, l180, l181, l182 = sch.get_loops(block=b99)
l183, l184, l185, l186 = sch.split(loop=l182, factors=[None, 7, 32, 2], preserve_unit_iters=True, disable_predication=False)
sch.vectorize(loop=l186)
sch.bind(loop=l185, thread_axis="threadIdx.x")
sch.bind(loop=l184, thread_axis="threadIdx.y")
sch.unannotate(block_or_loop=b108, ann_key="meta_schedule.cooperative_fetch")
l187, l188, l189, l190, l191 = sch.get_loops(block=b108)
l192, l193, l194, l195 = sch.split(loop=l191, factors=[None, 7, 32, 2], preserve_unit_iters=True, disable_predication=False)
sch.vectorize(loop=l195)
sch.bind(loop=l194, thread_axis="threadIdx.x")
sch.bind(loop=l193, thread_axis="threadIdx.y")
b196 = sch.get_block(name="root", func_name="main")
sch.unannotate(block_or_loop=b196, ann_key="meta_schedule.unroll_explicit")
b197, b198, b199, b200, b201, b202, b203 = sch.get_child_blocks(b196)
l204, l205, l206, l207, l208, l209, l210, l211 = sch.get_loops(block=b197)
l212, l213, l214, l215, l216, l217, l218, l219 = sch.get_loops(block=b198)
l220, l221, l222, l223, l224, l225, l226 = sch.get_loops(block=b199)
l227, l228, l229, l230, l231, l232, l233, l234, l235 = sch.get_loops(block=b200)
l236, l237, l238, l239, l240, l241, l242, l243, l244, l245 = sch.get_loops(block=b201)
sch.annotate(block_or_loop=l236, ann_key="pragma_auto_unroll_max_step", ann_val=16)
sch.annotate(block_or_loop=l236, ann_key="pragma_unroll_explicit", ann_val=1)
l246, l247, l248, l249, l250, l251 = sch.get_loops(block=b202)
l252, l253, l254, l255, l256, l257, l258 = sch.get_loops(block=b203)
b259 = sch.get_block(name="conv2d_nchw_o", func_name="main")
l260, l261, l262, l263, l264, l265, l266, l267, l268, l269 = sch.get_loops(block=b259)
b270 = sch.decompose_reduction(block=b259, loop=l263)
sch.unannotate(block_or_loop=b270, ann_key="meta_schedule.auto_tensorize")
sch.annotate(block_or_loop=b270, ann_key="meta_schedule.auto_tensorize", ann_val="wmma_fill_16x16x16_f16")
sch.unannotate(block_or_loop=b259, ann_key="meta_schedule.auto_tensorize_init")
sch.unannotate(block_or_loop=b270, ann_key="meta_schedule.auto_tensorize_init")
b271 = sch.get_block(name="conv2d_nchw_o_init", func_name="main")
sch.unannotate(block_or_loop=b271, ann_key="meta_schedule.auto_tensorize")
sch.tensorize(block_or_loop=b271, tensor_intrin="wmma_fill_16x16x16_f16", preserve_unit_iters=True)
b272 = sch.get_block(name="pad_temp_reindex_shared.dyn_wmma.matrix_a_o", func_name="main")
sch.unannotate(block_or_loop=b272, ann_key="meta_schedule.auto_tensorize")
sch.tensorize(block_or_loop=b272, tensor_intrin="wmma_load_16x16x16_f16_a_shared_dyn", preserve_unit_iters=True)
b273 = sch.get_block(name="W_reindex_shared.dyn_wmma.matrix_b_o", func_name="main")
sch.unannotate(block_or_loop=b273, ann_key="meta_schedule.auto_tensorize")
sch.tensorize(block_or_loop=b273, tensor_intrin="wmma_load_16x16x16_f16_b_shared_dyn", preserve_unit_iters=True)
b274 = sch.get_block(name="conv2d_nchw_o_update", func_name="main")
sch.unannotate(block_or_loop=b274, ann_key="meta_schedule.auto_tensorize")
sch.tensorize(block_or_loop=b274, tensor_intrin="wmma_sync_16x16x16_f16f16f16", preserve_unit_iters=True)
b275 = sch.get_block(name="conv2d_nchw_reindex_shared.dyn_wmma.accumulator_o", func_name="main")
sch.unannotate(block_or_loop=b275, ann_key="meta_schedule.auto_tensorize")
sch.tensorize(block_or_loop=b275, tensor_intrin="wmma_store_16x16x16_f16_shared_dyn", preserve_unit_iters=True)
2025-10-07 09:25:52 [INFO] [task_scheduler.cc:131] [Task #0: main] Trial #28: GFLOPs: 2209.7970. Time: 5.8128 us. Best GFLOPs: 4245.4307
2025-10-07 09:25:52 [INFO] [task_scheduler.cc:131] [Task #0: main] Trial #29: GFLOPs: 1594.7652. Time: 8.0545 us. Best GFLOPs: 4245.4307
2025-10-07 09:25:52 [INFO] [task_scheduler.cc:131] [Task #0: main] Trial #30: GFLOPs: 3483.0694. Time: 3.6879 us. Best GFLOPs: 4245.4307
2025-10-07 09:25:52 [INFO] [task_scheduler.cc:131] [Task #0: main] Trial #31: GFLOPs: 1920.8570. Time: 6.6871 us. Best GFLOPs: 4245.4307
2025-10-07 09:25:52 [INFO] [task_scheduler.cc:131] [Task #0: main] Trial #32: GFLOPs: 1487.1044. Time: 8.6376 us. Best GFLOPs: 4245.4307
2025-10-07 09:25:52 [INFO] [task_scheduler.cc:131] [Task #0: main] Trial #33: GFLOPs: 2216.5258. Time: 5.7951 us. Best GFLOPs: 4245.4307
2025-10-07 09:25:52 [INFO] [task_scheduler.cc:131] [Task #0: main] Trial #34: GFLOPs: 1892.7643. Time: 6.7864 us. Best GFLOPs: 4245.4307
2025-10-07 09:25:52 [INFO] [task_scheduler.cc:131] [Task #0: main] Trial #35: GFLOPs: 2776.7409. Time: 4.6259 us. Best GFLOPs: 4245.4307
2025-10-07 09:25:52 [INFO] [task_scheduler.cc:131] [Task #0: main] Trial #36: GFLOPs: 1214.5090. Time: 10.5763 us. Best GFLOPs: 4245.4307
2025-10-07 09:25:52 [INFO] [task_scheduler.cc:121] [Task #0: main] Trial #37: Error in building:
LocalBuilder: An exception occurred
Traceback (most recent call last):
  File "/workspace/tvm-dev/python/tvm/exec/popen_worker.py", line 87, in main
    result = fn(*args, **kwargs)
             ^^^^^^^^^^^^^^^^^^^
  File "/workspace/tvm-dev/python/tvm/meta_schedule/builder/local_builder.py", line 165, in <lambda>
    lambda x: _worker_func(*x),
              ^^^^^^^^^^^^^^^^
  File "/workspace/tvm-dev/python/tvm/meta_schedule/builder/local_builder.py", line 231, in _worker_func
    rt_mod: Module = f_build(mod, target, _deserialize_params(params))
                     ^^^^^^^^^^^^^^^^^^^^^^^^^^^^^^^^^^^^^^^^^^^^^^^^^
  File "/workspace/tvm-dev/python/tvm/_ffi/_ctypes/packed_func.py", line 245, in __call__
    raise_last_ffi_error()
  File "/workspace/tvm-dev/python/tvm/_ffi/base.py", line 481, in raise_last_ffi_error
    raise py_err
  File "/workspace/tvm-dev/python/tvm/meta_schedule/builder/local_builder.py", line 261, in default_build
    return tvm_build(mod, target=target)
           ^^^^^^^^^^^^^^^^^^^^^^^^^^^^^
  File "/workspace/tvm-dev/python/tvm/driver/build_module.py", line 297, in build
    rt_mod_host = _driver_ffi.tir_to_runtime(annotated_mods, target_host)
                  ^^^^^^^^^^^^^^^^^^^^^^^^^^^^^^^^^^^^^^^^^^^^^^^^^^^^^^^
  File "/workspace/tvm-dev/python/tvm/_ffi/_ctypes/packed_func.py", line 245, in __call__
    raise_last_ffi_error()
  File "/workspace/tvm-dev/python/tvm/_ffi/base.py", line 481, in raise_last_ffi_error
    raise py_err
ValueError: Traceback (most recent call last):
  14: tvm::runtime::PackedFuncObj::Extractor<tvm::runtime::PackedFuncSubObj<tvm::runtime::TypedPackedFunc<tvm::runtime::Module (tvm::runtime::Map<tvm::Target, tvm::IRModule, void, void> const&, tvm::Target)>::AssignTypedLambda<tvm::__mk_TVM24::{lambda(tvm::runtime::Map<tvm::Target, tvm::IRModule, void, void> const&, tvm::Target)#1}>(tvm::__mk_TVM24::{lambda(tvm::runtime::Map<tvm::Target, tvm::IRModule, void, void> const&, tvm::Target)#1}, std::__cxx11::basic_string<char, std::char_traits<char>, std::allocator<char> >)::{lambda(tvm::runtime::TVMArgs const&, tvm::runtime::TVMRetValue*)#1}> >::Call(tvm::runtime::PackedFuncObj const*, std::__cxx11::basic_string<char, std::char_traits<char>, std::allocator<char> >, tvm::runtime::TVMRetValue)
  13: tvm::TIRToRuntime(tvm::runtime::Map<tvm::Target, tvm::IRModule, void, void> const&, tvm::Target const&)
  12: tvm::codegen::Build(tvm::IRModule, tvm::Target)
  11: _ZN3tvm7runtime13PackedFuncObj
  10: tvm::runtime::TypedPackedFunc<tvm::runtime::Module (tvm::IRModule, tvm::Target)>::AssignTypedLambda<tvm::runtime::Module (*)(tvm::IRModule, tvm::Target)>(tvm::runtime::Module (*)(tvm::IRModule, tvm::Target), std::__cxx11::basic_string<char, std::char_traits<char>, std::allocator<char> >)::{lambda(tvm::runtime::TVMArgs const&, tvm::runtime::TVMRetValue*)#1}::operator()(tvm::runtime::TVMArgs const&, tvm::runtime::TVMRetValue*) const
  9: tvm::codegen::BuildCUDA(tvm::IRModule, tvm::Target)
  8: tvm::codegen::CodeGenC::AddFunction(tvm::GlobalVar const&, tvm::tir::PrimFunc const&)
  7: tvm::codegen::CodeGenCUDA::VisitStmt_(tvm::tir::AllocateNode const*)
  6: tvm::codegen::CodeGenCUDA::VisitStmt_(tvm::tir::AllocateNode const*)
  5: tvm::codegen::CodeGenCUDA::VisitStmt_(tvm::tir::AllocateNode const*)
  4: tvm::codegen::CodeGenCUDA::VisitStmt_(tvm::tir::AllocateNode const*)
  3: tvm::codegen::CodeGenC::VisitStmt_(tvm::tir::SeqStmtNode const*)
  2: tvm::codegen::CodeGenC::VisitStmt_(tvm::tir::BufferStoreNode const*)
  1: tvm::codegen::CodeGenC::PrintExpr[abi:cxx11](tvm::PrimExpr const&)
  0: tvm::codegen::CodeGenCUDA::VisitExpr_(tvm::tir::RampNode const*, std::ostream&)
  File "/workspace/tvm-dev/src/target/source/codegen_cuda.cc", line 1204
ValueError: Check failed: lanes <= 4 (8 vs. 4) : Ramp of more than 4 lanes is not allowed.

# from tvm.script import ir as I
# from tvm.script import tir as T

@I.ir_module
class Module:
    @T.prim_func
    def main(A: T.Buffer((1, 64, 56, 56), "float16"), W: T.Buffer((128, 64, 1, 1), "float16"), conv2d_nchw: T.Buffer((1, 128, 28, 28), "float16")):
        T.func_attr({"tir.noalias": T.bool(True)})
        # with T.block("root"):
        conv2d_nchw_reindex_shared_dyn = T.alloc_buffer((49, 2, 1, 4, 16, 16), "float16", scope="shared.dyn")
        conv2d_nchw_reindex_shared_dyn_wmma_accumulator = T.alloc_buffer((49, 2, 1, 4, 16, 16), "float16", scope="wmma.accumulator")
        pad_temp_reindex_shared_dyn = T.alloc_buffer((784, 64), "float16", scope="shared.dyn")
        W_reindex_shared_dyn = T.alloc_buffer((1, 1, 64, 128), "float16", scope="shared.dyn")
        pad_temp_reindex_shared_dyn_wmma_matrix_a = T.alloc_buffer((784, 64), "float16", scope="wmma.matrix_a")
        W_reindex_shared_dyn_wmma_matrix_b = T.alloc_buffer((1, 1, 64, 128), "float16", scope="wmma.matrix_b")
        for ax0_ax1_ax2_0_0_ax3_0_0_fused in T.thread_binding(1, thread="blockIdx.y", annotations={"pragma_auto_unroll_max_step": 16, "pragma_unroll_explicit": 1}):
            for ax2_0_1_ax3_0_1_fused in T.thread_binding(14, thread="blockIdx.x"):
                for ax2_0_2_ax3_0_2_fused in T.thread_binding(7, thread="threadIdx.y"):
                    for ax2_0_3_init, ax3_0_3_init, ax2_0_4_init, ax3_0_4_init in T.grid(1, 1, 1, 4):
                        with T.block("conv2d_nchw_o_init"):
                            v0_o = T.axis.spatial(1, 0)
                            v1_o = T.axis.spatial(1, 0)
                            v2_o = T.axis.spatial(49, ax2_0_1_ax3_0_1_fused // 2 * 7 + ax2_0_2_ax3_0_2_fused + ax2_0_3_init + ax2_0_4_init)
                            v3_o = T.axis.spatial(8, ax2_0_1_ax3_0_1_fused % 2 * 4 + ax3_0_3_init * 4 + ax3_0_4_init)
                            T.reads()
                            T.writes(conv2d_nchw_reindex_shared_dyn_wmma_accumulator[v2_o, v3_o // 4, 0, v3_o % 4, 0:16, 0:16])
                            T.block_attr({"meta_schedule.thread_extent_high_inclusive": 1024, "meta_schedule.thread_extent_low_inclusive": 32, "warp_execution": 1})
                            C = T.match_buffer(conv2d_nchw_reindex_shared_dyn_wmma_accumulator[v2_o, v3_o // 4, 0, v3_o % 4, 0:16, 0:16], (16, 16), "float16", strides=("C_s0", "C_s1"), scope="wmma.accumulator", offset_factor=16)
                            T.tvm_fill_fragment(C.data, 16, 16, 16, C.elem_offset // C.strides[0] // 16 * (C.strides[0] // 16) + C.elem_offset % C.strides[0] // 16, T.float32(0.0))
                    for ax4_0_0 in range(2):
                        for ax0_ax1_fused_0 in range(4):
                            for ax0_ax1_fused_1 in T.thread_binding(7, thread="threadIdx.y"):
                                for ax0_ax1_fused_2 in T.thread_binding(32, thread="threadIdx.x"):
                                    for ax0_ax1_fused_3 in T.vectorized(4):
                                        with T.block("pad_temp_reindex_shared.dyn"):
                                            v0 = T.axis.spatial(784, ax2_0_1_ax3_0_1_fused // 2 * 112 + (ax0_ax1_fused_0 * 896 + ax0_ax1_fused_1 * 128 + ax0_ax1_fused_2 * 4 + ax0_ax1_fused_3) // 32)
                                            v1 = T.axis.spatial(64, ax4_0_0 * 32 + (ax0_ax1_fused_0 * 896 + ax0_ax1_fused_1 * 128 + ax0_ax1_fused_2 * 4 + ax0_ax1_fused_3) % 32)
                                            T.reads(A[0, v1, v0 // 28 * 2, v0 % 28 * 2])
                                            T.writes(pad_temp_reindex_shared_dyn[v0, v1])
                                            T.block_attr({"buffer_dim_align": [[0, 0, 32, 8]]})
                                            pad_temp_reindex_shared_dyn[v0, v1] = A[0, v1, v0 // 28 * 2, v0 % 28 * 2]
                        for ax0_ax1_ax2_ax3_fused_0 in range(5):
                            for ax0_ax1_ax2_ax3_fused_1 in T.thread_binding(7, thread="threadIdx.y"):
                                for ax0_ax1_ax2_ax3_fused_2 in T.thread_binding(32, thread="threadIdx.x"):
                                    for ax0_ax1_ax2_ax3_fused_3 in T.vectorized(2):
                                        with T.block("W_reindex_shared.dyn"):
                                            v0 = T.axis.spatial(1, 0)
                                            v1 = T.axis.spatial(1, 0)
                                            v2 = T.axis.spatial(64, ax4_0_0 * 32 + (ax0_ax1_ax2_ax3_fused_0 * 448 + ax0_ax1_ax2_ax3_fused_1 * 64 + ax0_ax1_ax2_ax3_fused_2 * 2 + ax0_ax1_ax2_ax3_fused_3) // 64)
                                            v3 = T.axis.spatial(128, ax2_0_1_ax3_0_1_fused % 2 * 64 + (ax0_ax1_ax2_ax3_fused_0 * 448 + ax0_ax1_ax2_ax3_fused_1 * 64 + ax0_ax1_ax2_ax3_fused_2 * 2 + ax0_ax1_ax2_ax3_fused_3) % 64)
                                            T.where(((ax0_ax1_ax2_ax3_fused_0 * 7 + ax0_ax1_ax2_ax3_fused_1) * 32 + ax0_ax1_ax2_ax3_fused_2) * 2 + ax0_ax1_ax2_ax3_fused_3 < 2048)
                                            T.reads(W[v3, v2, v0, v1])
                                            T.writes(W_reindex_shared_dyn[v0, v1, v2, v3])
                                            T.block_attr({"buffer_dim_align": [[0, 2, 32, 8]]})
                                            W_reindex_shared_dyn[v0, v1, v2, v3] = W[v3, v2, v0, v1]
                        for ax4_0_1 in range(2):
                            for ax0_0, ax1_0 in T.grid(1, 1):
                                with T.block("pad_temp_reindex_shared.dyn_wmma.matrix_a_o"):
                                    v0_o = T.axis.spatial(49, ax2_0_1_ax3_0_1_fused // 2 * 7 + ax2_0_2_ax3_0_2_fused + ax0_0)
                                    v1_o = T.axis.spatial(4, ax4_0_0 * 2 + ax4_0_1 + ax1_0)
                                    T.reads(pad_temp_reindex_shared_dyn[v0_o * 16:v0_o * 16 + 16, v1_o * 16:v1_o * 16 + 16])
                                    T.writes(pad_temp_reindex_shared_dyn_wmma_matrix_a[v0_o * 16:v0_o * 16 + 16, v1_o * 16:v1_o * 16 + 16])
                                    A_1 = T.match_buffer(pad_temp_reindex_shared_dyn[v0_o * 16:v0_o * 16 + 16, v1_o * 16:v1_o * 16 + 16], (16, 16), "float16", strides=("A_s0", "A_s1"), scope="shared.dyn", offset_factor=16)
                                    C = T.match_buffer(pad_temp_reindex_shared_dyn_wmma_matrix_a[v0_o * 16:v0_o * 16 + 16, v1_o * 16:v1_o * 16 + 16], (16, 16), "float16", strides=("C_s0", "C_s1"), scope="wmma.matrix_a", offset_factor=16)
                                    T.tvm_load_matrix_sync(C.data, 16, 16, 16, C.elem_offset // C.strides[0] // 16 * (C.strides[0] // 16) + C.elem_offset % C.strides[0] // 16, T.tvm_access_ptr(T.type_annotation("float16"), A_1.data, A_1.elem_offset, A_1.strides[0] * 16, 1), A_1.strides[0], "row_major")
                            for ax0, ax1, ax2_0, ax3_0 in T.grid(1, 1, 1, 4):
                                with T.block("W_reindex_shared.dyn_wmma.matrix_b_o"):
                                    v0_o, v1_o = T.axis.remap("SS", [ax0, ax1])
                                    v2_o = T.axis.spatial(4, ax4_0_0 * 2 + ax4_0_1 + ax2_0)
                                    v3_o = T.axis.spatial(8, ax2_0_1_ax3_0_1_fused % 2 * 4 + ax3_0)
                                    T.reads(W_reindex_shared_dyn[v0_o, v1_o, v2_o * 16:v2_o * 16 + 16, v3_o * 16:v3_o * 16 + 16])
                                    T.writes(W_reindex_shared_dyn_wmma_matrix_b[v0_o, v1_o, v2_o * 16:v2_o * 16 + 16, v3_o * 16:v3_o * 16 + 16])
                                    A_1 = T.match_buffer(W_reindex_shared_dyn[v0_o, v1_o, v2_o * 16:v2_o * 16 + 16, v3_o * 16:v3_o * 16 + 16], (16, 16), "float16", strides=("A_s0", "A_s1"), scope="shared.dyn", offset_factor=16)
                                    C = T.match_buffer(W_reindex_shared_dyn_wmma_matrix_b[v0_o, v1_o, v2_o * 16:v2_o * 16 + 16, v3_o * 16:v3_o * 16 + 16], (16, 16), "float16", strides=("C_s0", "C_s1"), scope="wmma.matrix_b", offset_factor=16)
                                    T.tvm_load_matrix_sync(C.data, 16, 16, 16, C.elem_offset // C.strides[0] // 16 * (C.strides[0] // 16) + C.elem_offset % C.strides[0] // 16, T.tvm_access_ptr(T.type_annotation("float16"), A_1.data, A_1.elem_offset, A_1.strides[0] * 16, 1), A_1.strides[0], "row_major")
                            for ax2_0_3, ax3_0_3, ax4_0_2, ax2_0_4, ax3_0_4 in T.grid(1, 1, 1, 1, 4):
                                with T.block("conv2d_nchw_o_update"):
                                    v0_o = T.axis.spatial(1, 0)
                                    v1_o = T.axis.spatial(1, 0)
                                    v2_o = T.axis.spatial(49, ax2_0_1_ax3_0_1_fused // 2 * 7 + ax2_0_2_ax3_0_2_fused + ax2_0_3 + ax2_0_4)
                                    v3_o = T.axis.spatial(8, ax2_0_1_ax3_0_1_fused % 2 * 4 + ax3_0_3 * 4 + ax3_0_4)
                                    v4_o = T.axis.reduce(4, ax4_0_0 * 2 + ax4_0_1 + ax4_0_2)
                                    T.reads(conv2d_nchw_reindex_shared_dyn_wmma_accumulator[v2_o, v3_o // 4, 0, v3_o % 4, 0:16, 0:16], pad_temp_reindex_shared_dyn_wmma_matrix_a[v2_o * 16:v2_o * 16 + 16, v4_o * 16:v4_o * 16 + 16], W_reindex_shared_dyn_wmma_matrix_b[v0_o, v1_o, v4_o * 16:v4_o * 16 + 16, v3_o * 16:v3_o * 16 + 16])
                                    T.writes(conv2d_nchw_reindex_shared_dyn_wmma_accumulator[v2_o, v3_o // 4, 0, v3_o % 4, 0:16, 0:16])
                                    T.block_attr({"meta_schedule.thread_extent_high_inclusive": 1024, "meta_schedule.thread_extent_low_inclusive": 32, "warp_execution": 1})
                                    A_1 = T.match_buffer(pad_temp_reindex_shared_dyn_wmma_matrix_a[v2_o * 16:v2_o * 16 + 16, v4_o * 16:v4_o * 16 + 16], (16, 16), "float16", strides=("A_s0", "A_s1"), scope="wmma.matrix_a", offset_factor=16)
                                    B = T.match_buffer(W_reindex_shared_dyn_wmma_matrix_b[v0_o, v1_o, v4_o * 16:v4_o * 16 + 16, v3_o * 16:v3_o * 16 + 16], (16, 16), "float16", strides=("B_s0", "B_s1"), scope="wmma.matrix_b", offset_factor=16)
                                    C = T.match_buffer(conv2d_nchw_reindex_shared_dyn_wmma_accumulator[v2_o, v3_o // 4, 0, v3_o % 4, 0:16, 0:16], (16, 16), "float16", strides=("C_s0", "C_s1"), scope="wmma.accumulator", offset_factor=16)
                                    T.tvm_mma_sync(C.data, C.elem_offset // C.strides[0] // 16 * (C.strides[0] // 16) + C.elem_offset % C.strides[0] // 16, A_1.data, A_1.elem_offset // A_1.strides[0] // 16 * (A_1.strides[0] // 16) + A_1.elem_offset % A_1.strides[0] // 16, B.data, B.elem_offset // B.strides[0] // 16 * (B.strides[0] // 16) + B.elem_offset % B.strides[0] // 16, C.data, C.elem_offset // C.strides[0] // 16 * (C.strides[0] // 16) + C.elem_offset % C.strides[0] // 16)
                for ax2 in range(1):
                    for ax0_ax1_fused in T.thread_binding(7, thread="threadIdx.y"):
                        for ax2_1, ax3 in T.grid(1, 4):
                            with T.block("conv2d_nchw_reindex_shared.dyn_wmma.accumulator_o"):
                                v0_o = T.axis.spatial(49, ax2_0_1_ax3_0_1_fused // 2 * 7 + ax0_ax1_fused)
                                v1_o = T.axis.spatial(2, ax2_0_1_ax3_0_1_fused % 2)
                                v2_o, v3_o = T.axis.remap("SS", [ax2_1, ax3])
                                v4_o = T.axis.spatial(1, 0)
                                v5_o = T.axis.spatial(1, 0)
                                T.reads(conv2d_nchw_reindex_shared_dyn_wmma_accumulator[v0_o, v1_o, v2_o, v3_o, 0:16, 0:16])
                                T.writes(conv2d_nchw_reindex_shared_dyn[v0_o, v1_o, v2_o, v3_o, 0:16, 0:16])
                                A_1 = T.match_buffer(conv2d_nchw_reindex_shared_dyn_wmma_accumulator[v0_o, v1_o, v2_o, v3_o, 0:16, 0:16], (16, 16), "float16", strides=("A_s0", "A_s1"), scope="wmma.accumulator", offset_factor=16)
                                C = T.match_buffer(conv2d_nchw_reindex_shared_dyn[v0_o, v1_o, v2_o, v3_o, 0:16, 0:16], (16, 16), "float16", strides=("C_s0", "C_s1"), scope="shared.dyn", offset_factor=16)
                                T.tvm_store_matrix_sync(A_1.data, 16, 16, 16, A_1.elem_offset // A_1.strides[0] // 16 * (A_1.strides[0] // 16) + A_1.elem_offset % A_1.strides[0] // 16, T.tvm_access_ptr(T.type_annotation("float16"), C.data, C.elem_offset, C.strides[0] * 16, 2), C.strides[0], "row_major")
                    for ax0_ax1_ax3_ax4_ax5_fused_0 in range(4):
                        for ax0_ax1_ax3_ax4_ax5_fused_1 in T.thread_binding(7, thread="threadIdx.y"):
                            for ax0_ax1_ax3_ax4_ax5_fused_2 in T.thread_binding(32, thread="threadIdx.x"):
                                for ax0_ax1_ax3_ax4_ax5_fused_3 in T.vectorized(8):
                                    with T.block("conv2d_nchw_reindex_shared.dyn"):
                                        v0 = T.axis.spatial(49, ax2_0_1_ax3_0_1_fused // 2 * 7 + (ax0_ax1_ax3_ax4_ax5_fused_0 * 1792 + ax0_ax1_ax3_ax4_ax5_fused_1 * 256 + ax0_ax1_ax3_ax4_ax5_fused_2 * 8 + ax0_ax1_ax3_ax4_ax5_fused_3) // 1024)
                                        v1 = T.axis.spatial(2, ax2_0_1_ax3_0_1_fused % 2)
                                        v2 = T.axis.spatial(1, ax2)
                                        v3 = T.axis.spatial(4, (ax0_ax1_ax3_ax4_ax5_fused_0 * 1792 + ax0_ax1_ax3_ax4_ax5_fused_1 * 256 + ax0_ax1_ax3_ax4_ax5_fused_2 * 8 + ax0_ax1_ax3_ax4_ax5_fused_3) % 1024 // 256)
                                        v4 = T.axis.spatial(16, (ax0_ax1_ax3_ax4_ax5_fused_0 * 1792 + ax0_ax1_ax3_ax4_ax5_fused_1 * 256 + ax0_ax1_ax3_ax4_ax5_fused_2 * 8 + ax0_ax1_ax3_ax4_ax5_fused_3) % 256 // 16)
                                        v5 = T.axis.spatial(16, (ax0_ax1_ax3_ax4_ax5_fused_0 * 1792 + ax0_ax1_ax3_ax4_ax5_fused_1 * 256 + ax0_ax1_ax3_ax4_ax5_fused_2 * 8 + ax0_ax1_ax3_ax4_ax5_fused_3) % 16)
                                        T.reads(conv2d_nchw_reindex_shared_dyn[v0, v1, v2, v3, v4, v5])
                                        T.writes(conv2d_nchw[0, v5 + v3 * 16 + v1 * 64, (v4 + v0 * 16) // 28, (v4 + v0 * 16) % 28])
                                        conv2d_nchw[0, v5 + v3 * 16 + v1 * 64, (v4 + v0 * 16) // 28, (v4 + v0 * 16) % 28] = conv2d_nchw_reindex_shared_dyn[v0, v1, v2, v3, v4, v5]
b0 = sch.get_block(name="pad_temp", func_name="main")
b1 = sch.get_block(name="conv2d_nchw", func_name="main")
b2 = sch.get_block(name="root", func_name="main")
sch.annotate(block_or_loop=b1, ann_key="meta_schedule.tiling_structure", ann_val="SSSRRSRS")
b3 = sch.reindex(block=b1, buffer=("write", 0))
b4 = sch.reindex(block=b1, buffer=("read", 0))
b5 = sch.reindex(block=b1, buffer=("read", 1))
sch.transform_layout(block=b1, buffer=("read", 0), index_map=lambda v_nn, v_yy, v_xx, v_rc: (v_nn * 784 + v_yy * 28 + v_xx, v_rc,), pad_value=None, assume_injective_transform=True)
sch.transform_layout(block=b1, buffer=("read", 1), index_map=lambda v_ff, v_rc, v_ry, v_rx: (v_ry, v_rx, v_rc, v_ff,), pad_value=None, assume_injective_transform=True)
sch.transform_layout(block=b1, buffer=("write", 0), index_map=lambda v_nn, v_ff, v_yy, v_xx: (v_nn * 784 + v_yy * 28 + v_xx, v_ff,), pad_value=None, assume_injective_transform=True)
sch.transform_block_layout(block=b3, index_map=lambda v_nn, v_ff, v_yy, v_xx: (v_nn * 784 + v_yy * 28 + v_xx, v_ff,))
sch.transform_block_layout(block=b4, index_map=lambda v_nn, v_yy, v_xx, v_rc: (v_nn * 784 + v_yy * 28 + v_xx, v_rc,))
sch.transform_block_layout(block=b5, index_map=lambda v_ff, v_rc, v_ry, v_rx: (v_ry, v_rx, v_rc, v_ff,))
sch.transform_block_layout(block=b1, index_map=lambda v_nn, v_ff, v_yy, v_xx, v_rc, v_ry, v_rx: (v_ry, v_rx, v_nn * 784 + v_yy * 28 + v_xx, v_ff, v_rc,))
l6, l7, l8, l9, l10 = sch.get_loops(block=b1)
l11, l12 = sch.split(loop=l10, factors=[None, 16], preserve_unit_iters=True, disable_predication=False)
l13, l14 = sch.split(loop=l9, factors=[None, 16], preserve_unit_iters=True, disable_predication=False)
l15, l16 = sch.split(loop=l8, factors=[None, 16], preserve_unit_iters=True, disable_predication=False)
l17, l18, l19, l20, l21, l22, l23, l24 = sch.get_loops(block=b1)
sch.reorder(l21, l23, l16, l14, l12)
b25 = sch.blockize(target=l16, preserve_unit_iters=True)
sch.annotate(block_or_loop=b25, ann_key="meta_schedule.auto_tensorize", ann_val="wmma_sync_16x16x16_f16f16f16")
sch.annotate(block_or_loop=b25, ann_key="meta_schedule.auto_tensorize_init", ann_val="wmma_fill_16x16x16_f16")
sch.annotate(block_or_loop=b25, ann_key="warp_execution", ann_val=1)
l26, l27, l28, l29, l30 = sch.get_loops(block=b25)
v31, v32, v33, v34, v35 = sch.sample_perfect_tile(loop=l28, n=5, max_innermost_factor=4, decision=[1, 7, 7, 1, 1])
l36, l37, l38, l39, l40 = sch.split(loop=l28, factors=[v31, v32, v33, v34, v35], preserve_unit_iters=True, disable_predication=False)
v41, v42, v43, v44, v45 = sch.sample_perfect_tile(loop=l29, n=5, max_innermost_factor=4, decision=[1, 2, 1, 1, 4])
l46, l47, l48, l49, l50 = sch.split(loop=l29, factors=[v41, v42, v43, v44, v45], preserve_unit_iters=True, disable_predication=False)
v51, v52, v53 = sch.sample_perfect_tile(loop=l30, n=3, max_innermost_factor=4, decision=[2, 2, 1])
l54, l55, l56 = sch.split(loop=l30, factors=[v51, v52, v53], preserve_unit_iters=True, disable_predication=False)
sch.reorder(l36, l46, l37, l47, l38, l48, l54, l55, l39, l49, l56, l40, l50)
l57 = sch.fuse(l26, l27, l36, l46, preserve_unit_iters=True)
sch.bind(loop=l57, thread_axis="blockIdx.y")
l58 = sch.fuse(l37, l47, preserve_unit_iters=True)
sch.bind(loop=l58, thread_axis="blockIdx.x")
l59 = sch.fuse(l38, l48, preserve_unit_iters=True)
sch.bind(loop=l59, thread_axis="threadIdx.y")
sch.annotate(block_or_loop=b25, ann_key="meta_schedule.thread_extent_low_inclusive", ann_val=32)
sch.annotate(block_or_loop=b25, ann_key="meta_schedule.thread_extent_high_inclusive", ann_val=1024)
sch.transform_layout(block=b25, buffer=("write", 0), index_map=lambda i0, i1: (i0 // 16 // (v34 * v35), i1 // 16 // (v44 * v45), i0 // 16 % (v34 * v35), i1 // 16 % (v44 * v45), i0 % 16, i1 % 16,), pad_value=None, assume_injective_transform=True)
b60 = sch.cache_write(block=b25, write_buffer_index=0, storage_scope="shared.dyn")
sch.reverse_compute_at(block=b60, loop=l58, preserve_unit_loops=True, index=-1)
b61 = sch.cache_write(block=b25, write_buffer_index=0, storage_scope="wmma.accumulator")
l62, l63, l64, l65, l66, l67, l68, l69 = sch.get_loops(block=b60)
sch.reorder(l66, l64, l65, l67)
sch.compute_at(block=b61, loop=l66, preserve_unit_loops=True, index=-1)
l70, l71, l72, l73, l74, l75, l76, l77, l78 = sch.get_loops(block=b61)
l79 = sch.fuse(l73, l74, preserve_unit_iters=True)
sch.bind(loop=l79, thread_axis="threadIdx.y")
sch.reverse_compute_inline(block=b3)
l80, l81, l82, l83, l84, l85, l86, l87 = sch.get_loops(block=b61)
b88 = sch.blockize(target=l86, preserve_unit_iters=True)
sch.annotate(block_or_loop=b88, ann_key="meta_schedule.auto_tensorize", ann_val="wmma_store_16x16x16_f16_shared_dyn")
l89, l90, l91, l92, l93, l94, l95, l96 = sch.get_loops(block=b60)
l97 = sch.fuse(l92, l93, l94, l95, l96, preserve_unit_iters=True)
v98 = sch.sample_categorical(candidates=[1, 2, 4, 8], probs=[0.25, 0.25, 0.25, 0.25], decision=3)
sch.annotate(block_or_loop=b60, ann_key="meta_schedule.cooperative_fetch", ann_val=v98)
b99 = sch.cache_read(block=b25, read_buffer_index=0, storage_scope="shared.dyn", consumer_blocks=[b25])
sch.compute_at(block=b99, loop=l54, preserve_unit_loops=True, index=-1)
l100, l101, l102, l103, l104, l105 = sch.get_loops(block=b99)
l106 = sch.fuse(l104, l105, preserve_unit_iters=True)
v107 = sch.sample_categorical(candidates=[1, 2, 4, 8], probs=[0.25, 0.25, 0.25, 0.25], decision=2)
sch.annotate(block_or_loop=b99, ann_key="meta_schedule.cooperative_fetch", ann_val=v107)
b108 = sch.cache_read(block=b25, read_buffer_index=1, storage_scope="shared.dyn", consumer_blocks=[b25])
sch.compute_at(block=b108, loop=l54, preserve_unit_loops=True, index=-1)
l109, l110, l111, l112, l113, l114, l115, l116 = sch.get_loops(block=b108)
l117 = sch.fuse(l113, l114, l115, l116, preserve_unit_iters=True)
v118 = sch.sample_categorical(candidates=[1, 2, 4, 8], probs=[0.25, 0.25, 0.25, 0.25], decision=1)
sch.annotate(block_or_loop=b108, ann_key="meta_schedule.cooperative_fetch", ann_val=v118)
b119 = sch.cache_read(block=b25, read_buffer_index=0, storage_scope="wmma.matrix_a")
sch.compute_at(block=b119, loop=l55, preserve_unit_loops=True, index=-1)
l120, l121, l122, l123, l124, l125, l126 = sch.get_loops(block=b119)
l127, l128 = sch.split(loop=l126, factors=[None, 16], preserve_unit_iters=True, disable_predication=False)
l129, l130 = sch.split(loop=l125, factors=[None, 16], preserve_unit_iters=True, disable_predication=False)
l131, l132, l133, l134, l135, l136, l137, l138, l139 = sch.get_loops(block=b119)
sch.reorder(l138, l130, l128)
b140 = sch.blockize(target=l130, preserve_unit_iters=True)
sch.annotate(block_or_loop=b140, ann_key="meta_schedule.auto_tensorize", ann_val="wmma_load_16x16x16_f16_a_shared_dyn")
b141 = sch.cache_read(block=b25, read_buffer_index=1, storage_scope="wmma.matrix_b")
sch.compute_at(block=b141, loop=l55, preserve_unit_loops=True, index=-1)
l142, l143, l144, l145, l146, l147, l148, l149, l150 = sch.get_loops(block=b141)
l151, l152 = sch.split(loop=l150, factors=[None, 16], preserve_unit_iters=True, disable_predication=False)
l153, l154 = sch.split(loop=l149, factors=[None, 16], preserve_unit_iters=True, disable_predication=False)
l155, l156, l157, l158, l159, l160, l161, l162, l163, l164, l165 = sch.get_loops(block=b141)
sch.reorder(l164, l154, l152)
b166 = sch.blockize(target=l154, preserve_unit_iters=True)
sch.annotate(block_or_loop=b166, ann_key="meta_schedule.auto_tensorize", ann_val="wmma_load_16x16x16_f16_b_shared_dyn")
b167, = sch.get_producers(block=b99)
sch.compute_inline(block=b167)
sch.storage_align(block=b99, buffer_index=0, axis=-2, factor=32, offset=8)
b168, = sch.get_producers(block=b108)
sch.compute_inline(block=b168)
sch.storage_align(block=b108, buffer_index=0, axis=-2, factor=32, offset=8)
sch.compute_inline(block=b0)
v169 = sch.sample_categorical(candidates=[0, 16, 64, 512, 1024], probs=[0.20000000000000001, 0.20000000000000001, 0.20000000000000001, 0.20000000000000001, 0.20000000000000001], decision=1)
sch.annotate(block_or_loop=b2, ann_key="meta_schedule.unroll_explicit", ann_val=v169)
sch.enter_postproc()
sch.unannotate(block_or_loop=b60, ann_key="meta_schedule.cooperative_fetch")
l170, l171, l172, l173 = sch.get_loops(block=b60)
l174, l175, l176, l177 = sch.split(loop=l173, factors=[None, 7, 32, 8], preserve_unit_iters=True, disable_predication=False)
sch.vectorize(loop=l177)
sch.bind(loop=l176, thread_axis="threadIdx.x")
sch.bind(loop=l175, thread_axis="threadIdx.y")
sch.unannotate(block_or_loop=b99, ann_key="meta_schedule.cooperative_fetch")
l178, l179, l180, l181, l182 = sch.get_loops(block=b99)
l183, l184, l185, l186 = sch.split(loop=l182, factors=[None, 7, 32, 4], preserve_unit_iters=True, disable_predication=False)
sch.vectorize(loop=l186)
sch.bind(loop=l185, thread_axis="threadIdx.x")
sch.bind(loop=l184, thread_axis="threadIdx.y")
sch.unannotate(block_or_loop=b108, ann_key="meta_schedule.cooperative_fetch")
l187, l188, l189, l190, l191 = sch.get_loops(block=b108)
l192, l193, l194, l195 = sch.split(loop=l191, factors=[None, 7, 32, 2], preserve_unit_iters=True, disable_predication=False)
sch.vectorize(loop=l195)
sch.bind(loop=l194, thread_axis="threadIdx.x")
sch.bind(loop=l193, thread_axis="threadIdx.y")
b196 = sch.get_block(name="root", func_name="main")
sch.unannotate(block_or_loop=b196, ann_key="meta_schedule.unroll_explicit")
b197, b198, b199, b200, b201, b202, b203 = sch.get_child_blocks(b196)
l204, l205, l206, l207, l208, l209, l210, l211 = sch.get_loops(block=b197)
l212, l213, l214, l215, l216, l217, l218, l219 = sch.get_loops(block=b198)
l220, l221, l222, l223, l224, l225, l226 = sch.get_loops(block=b199)
l227, l228, l229, l230, l231, l232, l233, l234, l235 = sch.get_loops(block=b200)
l236, l237, l238, l239, l240, l241, l242, l243, l244, l245 = sch.get_loops(block=b201)
sch.annotate(block_or_loop=l236, ann_key="pragma_auto_unroll_max_step", ann_val=16)
sch.annotate(block_or_loop=l236, ann_key="pragma_unroll_explicit", ann_val=1)
l246, l247, l248, l249, l250, l251 = sch.get_loops(block=b202)
l252, l253, l254, l255, l256, l257, l258 = sch.get_loops(block=b203)
b259 = sch.get_block(name="conv2d_nchw_o", func_name="main")
l260, l261, l262, l263, l264, l265, l266, l267, l268, l269 = sch.get_loops(block=b259)
b270 = sch.decompose_reduction(block=b259, loop=l263)
sch.unannotate(block_or_loop=b270, ann_key="meta_schedule.auto_tensorize")
sch.annotate(block_or_loop=b270, ann_key="meta_schedule.auto_tensorize", ann_val="wmma_fill_16x16x16_f16")
sch.unannotate(block_or_loop=b259, ann_key="meta_schedule.auto_tensorize_init")
sch.unannotate(block_or_loop=b270, ann_key="meta_schedule.auto_tensorize_init")
b271 = sch.get_block(name="conv2d_nchw_o_init", func_name="main")
sch.unannotate(block_or_loop=b271, ann_key="meta_schedule.auto_tensorize")
sch.tensorize(block_or_loop=b271, tensor_intrin="wmma_fill_16x16x16_f16", preserve_unit_iters=True)
b272 = sch.get_block(name="pad_temp_reindex_shared.dyn_wmma.matrix_a_o", func_name="main")
sch.unannotate(block_or_loop=b272, ann_key="meta_schedule.auto_tensorize")
sch.tensorize(block_or_loop=b272, tensor_intrin="wmma_load_16x16x16_f16_a_shared_dyn", preserve_unit_iters=True)
b273 = sch.get_block(name="W_reindex_shared.dyn_wmma.matrix_b_o", func_name="main")
sch.unannotate(block_or_loop=b273, ann_key="meta_schedule.auto_tensorize")
sch.tensorize(block_or_loop=b273, tensor_intrin="wmma_load_16x16x16_f16_b_shared_dyn", preserve_unit_iters=True)
b274 = sch.get_block(name="conv2d_nchw_o_update", func_name="main")
sch.unannotate(block_or_loop=b274, ann_key="meta_schedule.auto_tensorize")
sch.tensorize(block_or_loop=b274, tensor_intrin="wmma_sync_16x16x16_f16f16f16", preserve_unit_iters=True)
b275 = sch.get_block(name="conv2d_nchw_reindex_shared.dyn_wmma.accumulator_o", func_name="main")
sch.unannotate(block_or_loop=b275, ann_key="meta_schedule.auto_tensorize")
sch.tensorize(block_or_loop=b275, tensor_intrin="wmma_store_16x16x16_f16_shared_dyn", preserve_unit_iters=True)
2025-10-07 09:25:52 [INFO] [task_scheduler.cc:131] [Task #0: main] Trial #38: GFLOPs: 2357.0402. Time: 5.4497 us. Best GFLOPs: 4245.4307
2025-10-07 09:25:52 [INFO] [task_scheduler.cc:131] [Task #0: main] Trial #39: GFLOPs: 2717.3816. Time: 4.7270 us. Best GFLOPs: 4245.4307
2025-10-07 09:25:52 [INFO] [task_scheduler.cc:131] [Task #0: main] Trial #40: GFLOPs: 1129.4169. Time: 11.3732 us. Best GFLOPs: 4245.4307
2025-10-07 09:25:52 [INFO] [task_scheduler.cc:131] [Task #0: main] Trial #41: GFLOPs: 4383.0433. Time: 2.9306 us. Best GFLOPs: 4383.0433
2025-10-07 09:25:52 [INFO] [task_scheduler.cc:131] [Task #0: main] Trial #42: GFLOPs: 1848.2180. Time: 6.9500 us. Best GFLOPs: 4383.0433
2025-10-07 09:25:52 [INFO] [task_scheduler.cc:131] [Task #0: main] Trial #43: GFLOPs: 4205.2438. Time: 3.0545 us. Best GFLOPs: 4383.0433
2025-10-07 09:25:52 [INFO] [task_scheduler.cc:131] [Task #0: main] Trial #44: GFLOPs: 2440.3836. Time: 5.2635 us. Best GFLOPs: 4383.0433
2025-10-07 09:25:52 [INFO] [task_scheduler.cc:131] [Task #0: main] Trial #45: GFLOPs: 3989.1721. Time: 3.2200 us. Best GFLOPs: 4383.0433
2025-10-07 09:25:52 [INFO] [task_scheduler.cc:131] [Task #0: main] Trial #46: GFLOPs: 3085.6169. Time: 4.1629 us. Best GFLOPs: 4383.0433
2025-10-07 09:25:52 [INFO] [task_scheduler.cc:131] [Task #0: main] Trial #47: GFLOPs: 1965.5269. Time: 6.5352 us. Best GFLOPs: 4383.0433
2025-10-07 09:25:52 [INFO] [task_scheduler.cc:131] [Task #0: main] Trial #48: GFLOPs: 4132.1069. Time: 3.1086 us. Best GFLOPs: 4383.0433
2025-10-07 09:25:52 [INFO] [task_scheduler.cc:131] [Task #0: main] Trial #49: GFLOPs: 3392.2493. Time: 3.7866 us. Best GFLOPs: 4383.0433
2025-10-07 09:25:52 [INFO] [task_scheduler.cc:131] [Task #0: main] Trial #50: GFLOPs: 3362.3198. Time: 3.8203 us. Best GFLOPs: 4383.0433
2025-10-07 09:25:52 [INFO] [task_scheduler.cc:131] [Task #0: main] Trial #51: GFLOPs: 1396.9299. Time: 9.1952 us. Best GFLOPs: 4383.0433
2025-10-07 09:25:52 [INFO] [task_scheduler.cc:131] [Task #0: main] Trial #52: GFLOPs: 1495.5196. Time: 8.5890 us. Best GFLOPs: 4383.0433
2025-10-07 09:25:52 [INFO] [task_scheduler.cc:131] [Task #0: main] Trial #53: GFLOPs: 3644.6478. Time: 3.5244 us. Best GFLOPs: 4383.0433
2025-10-07 09:25:52 [INFO] [task_scheduler.cc:131] [Task #0: main] Trial #54: GFLOPs: 2995.3213. Time: 4.2884 us. Best GFLOPs: 4383.0433
2025-10-07 09:25:52 [INFO] [task_scheduler.cc:131] [Task #0: main] Trial #55: GFLOPs: 1508.8766. Time: 8.5130 us. Best GFLOPs: 4383.0433
2025-10-07 09:25:52 [INFO] [task_scheduler.cc:131] [Task #0: main] Trial #56: GFLOPs: 2526.4746. Time: 5.0842 us. Best GFLOPs: 4383.0433
2025-10-07 09:25:52 [INFO] [task_scheduler.cc:131] [Task #0: main] Trial #57: GFLOPs: 3268.4040. Time: 3.9301 us. Best GFLOPs: 4383.0433
2025-10-07 09:25:52 [INFO] [task_scheduler.cc:131] [Task #0: main] Trial #58: GFLOPs: 3714.8314. Time: 3.4578 us. Best GFLOPs: 4383.0433
2025-10-07 09:25:52 [INFO] [task_scheduler.cc:131] [Task #0: main] Trial #59: GFLOPs: 3771.5102. Time: 3.4058 us. Best GFLOPs: 4383.0433
2025-10-07 09:25:52 [INFO] [task_scheduler.cc:131] [Task #0: main] Trial #60: GFLOPs: 2452.9339. Time: 5.2366 us. Best GFLOPs: 4383.0433
2025-10-07 09:25:52 [INFO] [task_scheduler.cc:131] [Task #0: main] Trial #61: GFLOPs: 3540.0265. Time: 3.6285 us. Best GFLOPs: 4383.0433
2025-10-07 09:25:52 [INFO] [task_scheduler.cc:131] [Task #0: main] Trial #62: GFLOPs: 2350.5384. Time: 5.4647 us. Best GFLOPs: 4383.0433
2025-10-07 09:25:52 [INFO] [task_scheduler.cc:131] [Task #0: main] Trial #63: GFLOPs: 2986.8407. Time: 4.3005 us. Best GFLOPs: 4383.0433
2025-10-07 09:25:52 [INFO] [task_scheduler.cc:131] [Task #0: main] Trial #64: GFLOPs: 3760.3779. Time: 3.4159 us. Best GFLOPs: 4383.0433
2025-10-07 09:25:52 [INFO] [evolutionary_search.cc:713] Generating candidates......
2025-10-07 09:25:52 [INFO] [evolutionary_search.cc:715] Picked top 59 candidate(s) from database
2025-10-07 09:25:56 [INFO] [evolutionary_search.cc:533] Sample-Init-Population summary:
Postproc #0 [meta_schedule.DisallowDynamicLoop(0x1078b738)]: 0 failure(s)
Postproc #1 [meta_schedule.RewriteCooperativeFetch(0x10c5e018)]: 0 failure(s)
Postproc #2 [meta_schedule.RewriteUnboundBlock(0x1096b2a8)]: 0 failure(s)
Postproc #3 [meta_schedule.RewriteParallelVectorizeUnroll(0x106bee48)]: 0 failure(s)
Postproc #4 [meta_schedule.RewriteReductionBlock(0xe624028)]: 0 failure(s)
Postproc #5 [meta_schedule.VerifyGPUCode(0x1118ae28)]: 302 failure(s)
Postproc #6 [meta_schedule.RewriteTensorize(0x109d42a8)]: 0 failure(s)
2025-10-07 09:25:56 [INFO] [evolutionary_search.cc:723] Sampled 151 candidate(s)
2025-10-07 09:26:02 [INFO] [evolutionary_search.cc:621] Evolve iter #0 done. Summary:
Postproc #0 [meta_schedule.DisallowDynamicLoop(0x1078b738)]: 0 failure(s)
Postproc #1 [meta_schedule.RewriteCooperativeFetch(0x10c5e018)]: 0 failure(s)
Postproc #2 [meta_schedule.RewriteUnboundBlock(0x1096b2a8)]: 0 failure(s)
Postproc #3 [meta_schedule.RewriteParallelVectorizeUnroll(0x106bee48)]: 0 failure(s)
Postproc #4 [meta_schedule.RewriteReductionBlock(0xe624028)]: 0 failure(s)
Postproc #5 [meta_schedule.VerifyGPUCode(0x1118ae28)]: 98 failure(s)
Postproc #6 [meta_schedule.RewriteTensorize(0x109d42a8)]: 0 failure(s)
2025-10-07 09:26:08 [INFO] [evolutionary_search.cc:621] Evolve iter #1 done. Summary:
Postproc #0 [meta_schedule.DisallowDynamicLoop(0x1078b738)]: 0 failure(s)
Postproc #1 [meta_schedule.RewriteCooperativeFetch(0x10c5e018)]: 0 failure(s)
Postproc #2 [meta_schedule.RewriteUnboundBlock(0x1096b2a8)]: 0 failure(s)
Postproc #3 [meta_schedule.RewriteParallelVectorizeUnroll(0x106bee48)]: 0 failure(s)
Postproc #4 [meta_schedule.RewriteReductionBlock(0xe624028)]: 0 failure(s)
Postproc #5 [meta_schedule.VerifyGPUCode(0x1118ae28)]: 93 failure(s)
Postproc #6 [meta_schedule.RewriteTensorize(0x109d42a8)]: 0 failure(s)
2025-10-07 09:26:14 [INFO] [evolutionary_search.cc:621] Evolve iter #2 done. Summary:
Postproc #0 [meta_schedule.DisallowDynamicLoop(0x1078b738)]: 0 failure(s)
Postproc #1 [meta_schedule.RewriteCooperativeFetch(0x10c5e018)]: 0 failure(s)
Postproc #2 [meta_schedule.RewriteUnboundBlock(0x1096b2a8)]: 0 failure(s)
Postproc #3 [meta_schedule.RewriteParallelVectorizeUnroll(0x106bee48)]: 0 failure(s)
Postproc #4 [meta_schedule.RewriteReductionBlock(0xe624028)]: 0 failure(s)
Postproc #5 [meta_schedule.VerifyGPUCode(0x1118ae28)]: 85 failure(s)
Postproc #6 [meta_schedule.RewriteTensorize(0x109d42a8)]: 0 failure(s)
2025-10-07 09:26:20 [INFO] [evolutionary_search.cc:621] Evolve iter #3 done. Summary:
Postproc #0 [meta_schedule.DisallowDynamicLoop(0x1078b738)]: 0 failure(s)
Postproc #1 [meta_schedule.RewriteCooperativeFetch(0x10c5e018)]: 0 failure(s)
Postproc #2 [meta_schedule.RewriteUnboundBlock(0x1096b2a8)]: 0 failure(s)
Postproc #3 [meta_schedule.RewriteParallelVectorizeUnroll(0x106bee48)]: 0 failure(s)
Postproc #4 [meta_schedule.RewriteReductionBlock(0xe624028)]: 0 failure(s)
Postproc #5 [meta_schedule.VerifyGPUCode(0x1118ae28)]: 72 failure(s)
Postproc #6 [meta_schedule.RewriteTensorize(0x109d42a8)]: 0 failure(s)
2025-10-07 09:26:21 [INFO] [evolutionary_search.cc:649] Scores of the best 64 candidates:
[1 : 16]:	0.9993  0.9986  0.9973  0.9972  0.9964  0.9960  0.9958  0.9952  0.9949  0.9949  0.9943  0.9938  0.9934  0.9923  0.9917  0.9914
[17 : 32]:	0.9905  0.9900  0.9894  0.9886  0.9885  0.9884  0.9877  0.9875  0.9873  0.9869  0.9869  0.9867  0.9866  0.9866  0.9859  0.9853
[33 : 48]:	0.9845  0.9844  0.9842  0.9839  0.9835  0.9832  0.9827  0.9826  0.9809  0.9807  0.9803  0.9796  0.9789  0.9784  0.9780  0.9778
[49 : 64]:	0.9766  0.9764  0.9757  0.9749  0.9747  0.9744  0.9730  0.9723  0.9717  0.9707  0.9706  0.9704  0.9700  0.9689  0.9685  0.9663
2025-10-07 09:26:21 [INFO] [evolutionary_search.cc:727] Got 64 candidate(s) with evolutionary search
2025-10-07 09:26:21 [INFO] [evolutionary_search.cc:730] Sending 64 candidates(s) for measurement
2025-10-07 09:26:43 [INFO] [task_scheduler.cc:131] [Task #0: main] Trial #65: GFLOPs: 3908.6471. Time: 3.2863 us. Best GFLOPs: 4383.0433
2025-10-07 09:26:43 [INFO] [task_scheduler.cc:131] [Task #0: main] Trial #66: GFLOPs: 3558.2532. Time: 3.6099 us. Best GFLOPs: 4383.0433
2025-10-07 09:26:43 [INFO] [task_scheduler.cc:131] [Task #0: main] Trial #67: GFLOPs: 2313.9565. Time: 5.5511 us. Best GFLOPs: 4383.0433
2025-10-07 09:26:43 [INFO] [task_scheduler.cc:121] [Task #0: main] Trial #68: Error in building:
LocalBuilder: An exception occurred
Traceback (most recent call last):
  File "/workspace/tvm-dev/python/tvm/exec/popen_worker.py", line 87, in main
    result = fn(*args, **kwargs)
             ^^^^^^^^^^^^^^^^^^^
  File "/workspace/tvm-dev/python/tvm/meta_schedule/builder/local_builder.py", line 165, in <lambda>
    lambda x: _worker_func(*x),
              ^^^^^^^^^^^^^^^^
  File "/workspace/tvm-dev/python/tvm/meta_schedule/builder/local_builder.py", line 231, in _worker_func
    rt_mod: Module = f_build(mod, target, _deserialize_params(params))
                     ^^^^^^^^^^^^^^^^^^^^^^^^^^^^^^^^^^^^^^^^^^^^^^^^^
  File "/workspace/tvm-dev/python/tvm/_ffi/_ctypes/packed_func.py", line 245, in __call__
    raise_last_ffi_error()
  File "/workspace/tvm-dev/python/tvm/_ffi/base.py", line 481, in raise_last_ffi_error
    raise py_err
  File "/workspace/tvm-dev/python/tvm/meta_schedule/builder/local_builder.py", line 261, in default_build
    return tvm_build(mod, target=target)
           ^^^^^^^^^^^^^^^^^^^^^^^^^^^^^
  File "/workspace/tvm-dev/python/tvm/driver/build_module.py", line 297, in build
    rt_mod_host = _driver_ffi.tir_to_runtime(annotated_mods, target_host)
                  ^^^^^^^^^^^^^^^^^^^^^^^^^^^^^^^^^^^^^^^^^^^^^^^^^^^^^^^
  File "/workspace/tvm-dev/python/tvm/_ffi/_ctypes/packed_func.py", line 245, in __call__
    raise_last_ffi_error()
  File "/workspace/tvm-dev/python/tvm/_ffi/base.py", line 481, in raise_last_ffi_error
    raise py_err
ValueError: Traceback (most recent call last):
  15: tvm::runtime::PackedFuncObj::Extractor<tvm::runtime::PackedFuncSubObj<tvm::runtime::TypedPackedFunc<tvm::runtime::Module (tvm::runtime::Map<tvm::Target, tvm::IRModule, void, void> const&, tvm::Target)>::AssignTypedLambda<tvm::__mk_TVM24::{lambda(tvm::runtime::Map<tvm::Target, tvm::IRModule, void, void> const&, tvm::Target)#1}>(tvm::__mk_TVM24::{lambda(tvm::runtime::Map<tvm::Target, tvm::IRModule, void, void> const&, tvm::Target)#1}, std::__cxx11::basic_string<char, std::char_traits<char>, std::allocator<char> >)::{lambda(tvm::runtime::TVMArgs const&, tvm::runtime::TVMRetValue*)#1}> >::Call(tvm::runtime::PackedFuncObj const*, std::__cxx11::basic_string<char, std::char_traits<char>, std::allocator<char> >, tvm::runtime::TVMRetValue)
  14: tvm::TIRToRuntime(tvm::runtime::Map<tvm::Target, tvm::IRModule, void, void> const&, tvm::Target const&)
  13: tvm::codegen::Build(tvm::IRModule, tvm::Target)
  12: _ZN3tvm7runtime13PackedFuncObj
  11: tvm::runtime::TypedPackedFunc<tvm::runtime::Module (tvm::IRModule, tvm::Target)>::AssignTypedLambda<tvm::runtime::Module (*)(tvm::IRModule, tvm::Target)>(tvm::runtime::Module (*)(tvm::IRModule, tvm::Target), std::__cxx11::basic_string<char, std::char_traits<char>, std::allocator<char> >)::{lambda(tvm::runtime::TVMArgs const&, tvm::runtime::TVMRetValue*)#1}::operator()(tvm::runtime::TVMArgs const&, tvm::runtime::TVMRetValue*) const
  10: tvm::codegen::BuildCUDA(tvm::IRModule, tvm::Target)
  9: tvm::codegen::CodeGenC::AddFunction(tvm::GlobalVar const&, tvm::tir::PrimFunc const&)
  8: tvm::codegen::CodeGenCUDA::VisitStmt_(tvm::tir::AllocateNode const*)
  7: tvm::codegen::CodeGenCUDA::VisitStmt_(tvm::tir::AllocateNode const*)
  6: tvm::codegen::CodeGenCUDA::VisitStmt_(tvm::tir::AllocateNode const*)
  5: tvm::codegen::CodeGenCUDA::VisitStmt_(tvm::tir::AllocateNode const*)
  4: tvm::codegen::CodeGenC::VisitStmt_(tvm::tir::SeqStmtNode const*)
  3: tvm::codegen::CodeGenC::VisitStmt_(tvm::tir::ForNode const*)
  2: tvm::codegen::CodeGenC::VisitStmt_(tvm::tir::BufferStoreNode const*)
  1: tvm::codegen::CodeGenC::PrintExpr[abi:cxx11](tvm::PrimExpr const&)
  0: tvm::codegen::CodeGenCUDA::VisitExpr_(tvm::tir::RampNode const*, std::ostream&)
  File "/workspace/tvm-dev/src/target/source/codegen_cuda.cc", line 1204
ValueError: Check failed: lanes <= 4 (8 vs. 4) : Ramp of more than 4 lanes is not allowed.

# from tvm.script import ir as I
# from tvm.script import tir as T

@I.ir_module
class Module:
    @T.prim_func
    def main(A: T.Buffer((1, 64, 56, 56), "float16"), W: T.Buffer((128, 64, 1, 1), "float16"), conv2d_nchw: T.Buffer((1, 128, 28, 28), "float16")):
        T.func_attr({"tir.noalias": T.bool(True)})
        # with T.block("root"):
        conv2d_nchw_reindex_shared_dyn = T.alloc_buffer((49, 1, 1, 8, 16, 16), "float16", scope="shared.dyn")
        conv2d_nchw_reindex_shared_dyn_wmma_accumulator = T.alloc_buffer((49, 1, 1, 8, 16, 16), "float16", scope="wmma.accumulator")
        pad_temp_reindex_shared_dyn = T.alloc_buffer((784, 64), "float16", scope="shared.dyn")
        W_reindex_shared_dyn = T.alloc_buffer((1, 1, 128, 64), "float16", scope="shared.dyn")
        pad_temp_reindex_shared_dyn_wmma_matrix_a = T.alloc_buffer((784, 64), "float16", scope="wmma.matrix_a")
        W_reindex_shared_dyn_wmma_matrix_b = T.alloc_buffer((1, 1, 128, 64), "float16", scope="wmma.matrix_b")
        for ax0_ax1_ax2_0_0_ax3_0_0_fused in T.thread_binding(1, thread="blockIdx.y"):
            for ax2_0_1_ax3_0_1_fused in T.thread_binding(7, thread="blockIdx.x"):
                for ax2_0_2_ax3_0_2_fused in T.thread_binding(7, thread="threadIdx.y"):
                    for ax2_0_3_init, ax3_0_3_init, ax2_0_4_init, ax3_0_4_init in T.grid(1, 2, 1, 4):
                        with T.block("conv2d_nchw_o_init"):
                            v0_o = T.axis.spatial(1, 0)
                            v1_o = T.axis.spatial(1, 0)
                            v2_o = T.axis.spatial(49, ax2_0_1_ax3_0_1_fused * 7 + ax2_0_2_ax3_0_2_fused + ax2_0_3_init + ax2_0_4_init)
                            v3_o = T.axis.spatial(8, ax3_0_3_init * 4 + ax3_0_4_init)
                            T.reads()
                            T.writes(conv2d_nchw_reindex_shared_dyn_wmma_accumulator[v2_o, 0, 0, v3_o, 0:16, 0:16])
                            T.block_attr({"meta_schedule.thread_extent_high_inclusive": 1024, "meta_schedule.thread_extent_low_inclusive": 32, "warp_execution": 1})
                            C = T.match_buffer(conv2d_nchw_reindex_shared_dyn_wmma_accumulator[v2_o, 0, 0, v3_o, 0:16, 0:16], (16, 16), "float16", strides=("C_s0", "C_s1"), scope="wmma.accumulator", offset_factor=16)
                            T.tvm_fill_fragment(C.data, 16, 16, 16, C.elem_offset // C.strides[0] // 16 * (C.strides[0] // 16) + C.elem_offset % C.strides[0] // 16, T.float32(0.0))
                    for ax4_0_0 in range(1):
                        for ax0_ax1_fused_0 in range(32):
                            for ax0_ax1_fused_1 in T.thread_binding(7, thread="threadIdx.y"):
                                for ax0_ax1_fused_2 in T.thread_binding(32, thread="threadIdx.x"):
                                    with T.block("pad_temp_reindex_shared.dyn"):
                                        v0 = T.axis.spatial(784, ax2_0_1_ax3_0_1_fused * 112 + (ax0_ax1_fused_0 * 224 + ax0_ax1_fused_1 * 32 + ax0_ax1_fused_2) // 64)
                                        v1 = T.axis.spatial(64, (ax0_ax1_fused_0 * 224 + ax0_ax1_fused_1 * 32 + ax0_ax1_fused_2) % 64)
                                        T.reads(A[0, v1, v0 // 28 * 2, v0 % 28 * 2])
                                        T.writes(pad_temp_reindex_shared_dyn[v0, v1])
                                        T.block_attr({"buffer_dim_align": [[0, 0, 32, 8]]})
                                        pad_temp_reindex_shared_dyn[v0, v1] = A[0, v1, v0 // 28 * 2, v0 % 28 * 2]
                        for ax0_ax1_ax2_ax3_fused_0 in range(5):
                            for ax0_ax1_ax2_ax3_fused_1 in T.thread_binding(7, thread="threadIdx.y"):
                                for ax0_ax1_ax2_ax3_fused_2 in T.thread_binding(32, thread="threadIdx.x"):
                                    for ax0_ax1_ax2_ax3_fused_3 in T.vectorized(8):
                                        with T.block("W_reindex_shared.dyn"):
                                            v0 = T.axis.spatial(1, 0)
                                            v1 = T.axis.spatial(1, 0)
                                            v2 = T.axis.spatial(128, (ax0_ax1_ax2_ax3_fused_0 * 1792 + ax0_ax1_ax2_ax3_fused_1 * 256 + ax0_ax1_ax2_ax3_fused_2 * 8 + ax0_ax1_ax2_ax3_fused_3) // 64)
                                            v3 = T.axis.spatial(64, (ax0_ax1_ax2_ax3_fused_0 * 1792 + ax0_ax1_ax2_ax3_fused_1 * 256 + ax0_ax1_ax2_ax3_fused_2 * 8 + ax0_ax1_ax2_ax3_fused_3) % 64)
                                            T.where(((ax0_ax1_ax2_ax3_fused_0 * 7 + ax0_ax1_ax2_ax3_fused_1) * 32 + ax0_ax1_ax2_ax3_fused_2) * 8 + ax0_ax1_ax2_ax3_fused_3 < 8192)
                                            T.reads(W[v2, v3, v0, v1])
                                            T.writes(W_reindex_shared_dyn[v0, v1, v2, v3])
                                            T.block_attr({"buffer_dim_align": [[0, 2, 32, 8]]})
                                            W_reindex_shared_dyn[v0, v1, v2, v3] = W[v2, v3, v0, v1]
                        for ax4_0_1 in range(1):
                            for ax0_0, ax1_0 in T.grid(1, 4):
                                with T.block("pad_temp_reindex_shared.dyn_wmma.matrix_a_o"):
                                    v0_o = T.axis.spatial(49, ax2_0_1_ax3_0_1_fused * 7 + ax2_0_2_ax3_0_2_fused + ax0_0)
                                    v1_o = T.axis.spatial(4, ax1_0)
                                    T.reads(pad_temp_reindex_shared_dyn[v0_o * 16:v0_o * 16 + 16, v1_o * 16:v1_o * 16 + 16])
                                    T.writes(pad_temp_reindex_shared_dyn_wmma_matrix_a[v0_o * 16:v0_o * 16 + 16, v1_o * 16:v1_o * 16 + 16])
                                    A_1 = T.match_buffer(pad_temp_reindex_shared_dyn[v0_o * 16:v0_o * 16 + 16, v1_o * 16:v1_o * 16 + 16], (16, 16), "float16", strides=("A_s0", "A_s1"), scope="shared.dyn", offset_factor=16)
                                    C = T.match_buffer(pad_temp_reindex_shared_dyn_wmma_matrix_a[v0_o * 16:v0_o * 16 + 16, v1_o * 16:v1_o * 16 + 16], (16, 16), "float16", strides=("C_s0", "C_s1"), scope="wmma.matrix_a", offset_factor=16)
                                    T.tvm_load_matrix_sync(C.data, 16, 16, 16, C.elem_offset // C.strides[0] // 16 * (C.strides[0] // 16) + C.elem_offset % C.strides[0] // 16, T.tvm_access_ptr(T.type_annotation("float16"), A_1.data, A_1.elem_offset, A_1.strides[0] * 16, 1), A_1.strides[0], "row_major")
                            for ax0, ax1, ax2_0, ax3_0 in T.grid(1, 1, 8, 4):
                                with T.block("W_reindex_shared.dyn_wmma.matrix_b_o"):
                                    v0_o, v1_o, v2_o, v3_o = T.axis.remap("SSSS", [ax0, ax1, ax2_0, ax3_0])
                                    T.reads(W_reindex_shared_dyn[v0_o, v1_o, v2_o * 16:v2_o * 16 + 16, v3_o * 16:v3_o * 16 + 16])
                                    T.writes(W_reindex_shared_dyn_wmma_matrix_b[v0_o, v1_o, v2_o * 16:v2_o * 16 + 16, v3_o * 16:v3_o * 16 + 16])
                                    A_1 = T.match_buffer(W_reindex_shared_dyn[v0_o, v1_o, v2_o * 16:v2_o * 16 + 16, v3_o * 16:v3_o * 16 + 16], (16, 16), "float16", strides=("A_s0", "A_s1"), scope="shared.dyn", offset_factor=16)
                                    C = T.match_buffer(W_reindex_shared_dyn_wmma_matrix_b[v0_o, v1_o, v2_o * 16:v2_o * 16 + 16, v3_o * 16:v3_o * 16 + 16], (16, 16), "float16", strides=("C_s0", "C_s1"), scope="wmma.matrix_b", offset_factor=16)
                                    T.tvm_load_matrix_sync(C.data, 16, 16, 16, C.elem_offset // C.strides[0] // 16 * (C.strides[0] // 16) + C.elem_offset % C.strides[0] // 16, T.tvm_access_ptr(T.type_annotation("float16"), A_1.data, A_1.elem_offset, A_1.strides[0] * 16, 1), A_1.strides[0], "col_major")
                            for ax2_0_3, ax3_0_3, ax4_0_2, ax2_0_4, ax3_0_4 in T.grid(1, 2, 4, 1, 4):
                                with T.block("conv2d_nchw_o_update"):
                                    v0_o = T.axis.spatial(1, 0)
                                    v1_o = T.axis.spatial(1, 0)
                                    v2_o = T.axis.spatial(49, ax2_0_1_ax3_0_1_fused * 7 + ax2_0_2_ax3_0_2_fused + ax2_0_3 + ax2_0_4)
                                    v3_o = T.axis.spatial(8, ax3_0_3 * 4 + ax3_0_4)
                                    v4_o = T.axis.reduce(4, ax4_0_0 * 4 + ax4_0_1 * 4 + ax4_0_2)
                                    T.reads(conv2d_nchw_reindex_shared_dyn_wmma_accumulator[v2_o, 0, 0, v3_o, 0:16, 0:16], pad_temp_reindex_shared_dyn_wmma_matrix_a[v2_o * 16:v2_o * 16 + 16, v4_o * 16:v4_o * 16 + 16], W_reindex_shared_dyn_wmma_matrix_b[v0_o, v1_o, v3_o * 16:v3_o * 16 + 16, v4_o * 16:v4_o * 16 + 16])
                                    T.writes(conv2d_nchw_reindex_shared_dyn_wmma_accumulator[v2_o, 0, 0, v3_o, 0:16, 0:16])
                                    T.block_attr({"meta_schedule.thread_extent_high_inclusive": 1024, "meta_schedule.thread_extent_low_inclusive": 32, "warp_execution": 1})
                                    A_1 = T.match_buffer(pad_temp_reindex_shared_dyn_wmma_matrix_a[v2_o * 16:v2_o * 16 + 16, v4_o * 16:v4_o * 16 + 16], (16, 16), "float16", strides=("A_s0", "A_s1"), scope="wmma.matrix_a", offset_factor=16)
                                    B = T.match_buffer(W_reindex_shared_dyn_wmma_matrix_b[v0_o, v1_o, v3_o * 16:v3_o * 16 + 16, v4_o * 16:v4_o * 16 + 16], (16, 16), "float16", strides=("B_s0", "B_s1"), scope="wmma.matrix_b", offset_factor=16)
                                    C = T.match_buffer(conv2d_nchw_reindex_shared_dyn_wmma_accumulator[v2_o, 0, 0, v3_o, 0:16, 0:16], (16, 16), "float16", strides=("C_s0", "C_s1"), scope="wmma.accumulator", offset_factor=16)
                                    T.tvm_mma_sync(C.data, C.elem_offset // C.strides[0] // 16 * (C.strides[0] // 16) + C.elem_offset % C.strides[0] // 16, A_1.data, A_1.elem_offset // A_1.strides[0] // 16 * (A_1.strides[0] // 16) + A_1.elem_offset % A_1.strides[0] // 16, B.data, B.elem_offset // B.strides[0] // 16 * (B.strides[0] // 16) + B.elem_offset % B.strides[0] // 16, C.data, C.elem_offset // C.strides[0] // 16 * (C.strides[0] // 16) + C.elem_offset % C.strides[0] // 16)
                for ax2 in range(1):
                    for ax0_ax1_fused in T.thread_binding(7, thread="threadIdx.y"):
                        for ax2_1, ax3 in T.grid(1, 8):
                            with T.block("conv2d_nchw_reindex_shared.dyn_wmma.accumulator_o"):
                                v0_o = T.axis.spatial(49, ax2_0_1_ax3_0_1_fused * 7 + ax0_ax1_fused)
                                v1_o = T.axis.spatial(1, 0)
                                v2_o, v3_o = T.axis.remap("SS", [ax2_1, ax3])
                                v4_o = T.axis.spatial(1, 0)
                                v5_o = T.axis.spatial(1, 0)
                                T.reads(conv2d_nchw_reindex_shared_dyn_wmma_accumulator[v0_o, v1_o, v2_o, v3_o, 0:16, 0:16])
                                T.writes(conv2d_nchw_reindex_shared_dyn[v0_o, v1_o, v2_o, v3_o, 0:16, 0:16])
                                A_1 = T.match_buffer(conv2d_nchw_reindex_shared_dyn_wmma_accumulator[v0_o, v1_o, v2_o, v3_o, 0:16, 0:16], (16, 16), "float16", strides=("A_s0", "A_s1"), scope="wmma.accumulator", offset_factor=16)
                                C = T.match_buffer(conv2d_nchw_reindex_shared_dyn[v0_o, v1_o, v2_o, v3_o, 0:16, 0:16], (16, 16), "float16", strides=("C_s0", "C_s1"), scope="shared.dyn", offset_factor=16)
                                T.tvm_store_matrix_sync(A_1.data, 16, 16, 16, A_1.elem_offset // A_1.strides[0] // 16 * (A_1.strides[0] // 16) + A_1.elem_offset % A_1.strides[0] // 16, T.tvm_access_ptr(T.type_annotation("float16"), C.data, C.elem_offset, C.strides[0] * 16, 2), C.strides[0], "row_major")
                    for ax0_ax1_ax3_ax4_ax5_fused_0 in range(8):
                        for ax0_ax1_ax3_ax4_ax5_fused_1 in T.thread_binding(7, thread="threadIdx.y"):
                            for ax0_ax1_ax3_ax4_ax5_fused_2 in T.thread_binding(32, thread="threadIdx.x"):
                                for ax0_ax1_ax3_ax4_ax5_fused_3 in T.vectorized(8):
                                    with T.block("conv2d_nchw_reindex_shared.dyn"):
                                        v0 = T.axis.spatial(49, ax2_0_1_ax3_0_1_fused * 7 + (ax0_ax1_ax3_ax4_ax5_fused_0 * 1792 + ax0_ax1_ax3_ax4_ax5_fused_1 * 256 + ax0_ax1_ax3_ax4_ax5_fused_2 * 8 + ax0_ax1_ax3_ax4_ax5_fused_3) // 2048)
                                        v1 = T.axis.spatial(1, 0)
                                        v2 = T.axis.spatial(1, ax2)
                                        v3 = T.axis.spatial(8, (ax0_ax1_ax3_ax4_ax5_fused_0 * 1792 + ax0_ax1_ax3_ax4_ax5_fused_1 * 256 + ax0_ax1_ax3_ax4_ax5_fused_2 * 8 + ax0_ax1_ax3_ax4_ax5_fused_3) % 2048 // 256)
                                        v4 = T.axis.spatial(16, (ax0_ax1_ax3_ax4_ax5_fused_0 * 1792 + ax0_ax1_ax3_ax4_ax5_fused_1 * 256 + ax0_ax1_ax3_ax4_ax5_fused_2 * 8 + ax0_ax1_ax3_ax4_ax5_fused_3) % 256 // 16)
                                        v5 = T.axis.spatial(16, (ax0_ax1_ax3_ax4_ax5_fused_0 * 1792 + ax0_ax1_ax3_ax4_ax5_fused_1 * 256 + ax0_ax1_ax3_ax4_ax5_fused_2 * 8 + ax0_ax1_ax3_ax4_ax5_fused_3) % 16)
                                        T.reads(conv2d_nchw_reindex_shared_dyn[v0, v1, v2, v3, v4, v5])
                                        T.writes(conv2d_nchw[0, v5 + v3 * 16, (v4 + v0 * 16) // 28, (v4 + v0 * 16) % 28])
                                        conv2d_nchw[0, v5 + v3 * 16, (v4 + v0 * 16) // 28, (v4 + v0 * 16) % 28] = conv2d_nchw_reindex_shared_dyn[v0, v1, v2, v3, v4, v5]
b0 = sch.get_block(name="pad_temp", func_name="main")
b1 = sch.get_block(name="conv2d_nchw", func_name="main")
b2 = sch.get_block(name="root", func_name="main")
sch.annotate(block_or_loop=b1, ann_key="meta_schedule.tiling_structure", ann_val="SSSRRSRS")
b3 = sch.reindex(block=b1, buffer=("write", 0))
b4 = sch.reindex(block=b1, buffer=("read", 0))
b5 = sch.reindex(block=b1, buffer=("read", 1))
sch.transform_layout(block=b1, buffer=("read", 0), index_map=lambda v_nn, v_yy, v_xx, v_rc: (v_nn * 784 + v_yy * 28 + v_xx, v_rc,), pad_value=None, assume_injective_transform=True)
sch.transform_layout(block=b1, buffer=("read", 1), index_map=lambda v_ff, v_rc, v_ry, v_rx: (v_ry, v_rx, v_ff, v_rc,), pad_value=None, assume_injective_transform=True)
sch.transform_layout(block=b1, buffer=("write", 0), index_map=lambda v_nn, v_ff, v_yy, v_xx: (v_nn * 784 + v_yy * 28 + v_xx, v_ff,), pad_value=None, assume_injective_transform=True)
sch.transform_block_layout(block=b3, index_map=lambda v_nn, v_ff, v_yy, v_xx: (v_nn * 784 + v_yy * 28 + v_xx, v_ff,))
sch.transform_block_layout(block=b4, index_map=lambda v_nn, v_yy, v_xx, v_rc: (v_nn * 784 + v_yy * 28 + v_xx, v_rc,))
sch.transform_block_layout(block=b5, index_map=lambda v_ff, v_rc, v_ry, v_rx: (v_ry, v_rx, v_ff, v_rc,))
sch.transform_block_layout(block=b1, index_map=lambda v_nn, v_ff, v_yy, v_xx, v_rc, v_ry, v_rx: (v_ry, v_rx, v_nn * 784 + v_yy * 28 + v_xx, v_ff, v_rc,))
l6, l7, l8, l9, l10 = sch.get_loops(block=b1)
l11, l12 = sch.split(loop=l10, factors=[None, 16], preserve_unit_iters=True, disable_predication=False)
l13, l14 = sch.split(loop=l9, factors=[None, 16], preserve_unit_iters=True, disable_predication=False)
l15, l16 = sch.split(loop=l8, factors=[None, 16], preserve_unit_iters=True, disable_predication=False)
l17, l18, l19, l20, l21, l22, l23, l24 = sch.get_loops(block=b1)
sch.reorder(l21, l23, l16, l14, l12)
b25 = sch.blockize(target=l16, preserve_unit_iters=True)
sch.annotate(block_or_loop=b25, ann_key="meta_schedule.auto_tensorize", ann_val="wmma_sync_16x16x16_f16f16f16_trans")
sch.annotate(block_or_loop=b25, ann_key="meta_schedule.auto_tensorize_init", ann_val="wmma_fill_16x16x16_f16")
sch.annotate(block_or_loop=b25, ann_key="warp_execution", ann_val=1)
l26, l27, l28, l29, l30 = sch.get_loops(block=b25)
v31, v32, v33, v34, v35 = sch.sample_perfect_tile(loop=l28, n=5, max_innermost_factor=4, decision=[1, 7, 7, 1, 1])
l36, l37, l38, l39, l40 = sch.split(loop=l28, factors=[v31, v32, v33, v34, v35], preserve_unit_iters=True, disable_predication=False)
v41, v42, v43, v44, v45 = sch.sample_perfect_tile(loop=l29, n=5, max_innermost_factor=4, decision=[1, 1, 1, 2, 4])
l46, l47, l48, l49, l50 = sch.split(loop=l29, factors=[v41, v42, v43, v44, v45], preserve_unit_iters=True, disable_predication=False)
v51, v52, v53 = sch.sample_perfect_tile(loop=l30, n=3, max_innermost_factor=4, decision=[1, 1, 4])
l54, l55, l56 = sch.split(loop=l30, factors=[v51, v52, v53], preserve_unit_iters=True, disable_predication=False)
sch.reorder(l36, l46, l37, l47, l38, l48, l54, l55, l39, l49, l56, l40, l50)
l57 = sch.fuse(l26, l27, l36, l46, preserve_unit_iters=True)
sch.bind(loop=l57, thread_axis="blockIdx.y")
l58 = sch.fuse(l37, l47, preserve_unit_iters=True)
sch.bind(loop=l58, thread_axis="blockIdx.x")
l59 = sch.fuse(l38, l48, preserve_unit_iters=True)
sch.bind(loop=l59, thread_axis="threadIdx.y")
sch.annotate(block_or_loop=b25, ann_key="meta_schedule.thread_extent_low_inclusive", ann_val=32)
sch.annotate(block_or_loop=b25, ann_key="meta_schedule.thread_extent_high_inclusive", ann_val=1024)
sch.transform_layout(block=b25, buffer=("write", 0), index_map=lambda i0, i1: (i0 // 16 // (v34 * v35), i1 // 16 // (v44 * v45), i0 // 16 % (v34 * v35), i1 // 16 % (v44 * v45), i0 % 16, i1 % 16,), pad_value=None, assume_injective_transform=True)
b60 = sch.cache_write(block=b25, write_buffer_index=0, storage_scope="shared.dyn")
sch.reverse_compute_at(block=b60, loop=l58, preserve_unit_loops=True, index=-1)
b61 = sch.cache_write(block=b25, write_buffer_index=0, storage_scope="wmma.accumulator")
l62, l63, l64, l65, l66, l67, l68, l69 = sch.get_loops(block=b60)
sch.reorder(l66, l64, l65, l67)
sch.compute_at(block=b61, loop=l66, preserve_unit_loops=True, index=-1)
l70, l71, l72, l73, l74, l75, l76, l77, l78 = sch.get_loops(block=b61)
l79 = sch.fuse(l73, l74, preserve_unit_iters=True)
sch.bind(loop=l79, thread_axis="threadIdx.y")
sch.reverse_compute_inline(block=b3)
l80, l81, l82, l83, l84, l85, l86, l87 = sch.get_loops(block=b61)
b88 = sch.blockize(target=l86, preserve_unit_iters=True)
sch.annotate(block_or_loop=b88, ann_key="meta_schedule.auto_tensorize", ann_val="wmma_store_16x16x16_f16_shared_dyn")
l89, l90, l91, l92, l93, l94, l95, l96 = sch.get_loops(block=b60)
l97 = sch.fuse(l92, l93, l94, l95, l96, preserve_unit_iters=True)
v98 = sch.sample_categorical(candidates=[1, 2, 4, 8], probs=[0.25, 0.25, 0.25, 0.25], decision=3)
sch.annotate(block_or_loop=b60, ann_key="meta_schedule.cooperative_fetch", ann_val=v98)
b99 = sch.cache_read(block=b25, read_buffer_index=0, storage_scope="shared.dyn", consumer_blocks=[b25])
sch.compute_at(block=b99, loop=l54, preserve_unit_loops=True, index=-1)
l100, l101, l102, l103, l104, l105 = sch.get_loops(block=b99)
l106 = sch.fuse(l104, l105, preserve_unit_iters=True)
v107 = sch.sample_categorical(candidates=[1, 2, 4, 8], probs=[0.25, 0.25, 0.25, 0.25], decision=0)
sch.annotate(block_or_loop=b99, ann_key="meta_schedule.cooperative_fetch", ann_val=v107)
b108 = sch.cache_read(block=b25, read_buffer_index=1, storage_scope="shared.dyn", consumer_blocks=[b25])
sch.compute_at(block=b108, loop=l54, preserve_unit_loops=True, index=-1)
l109, l110, l111, l112, l113, l114, l115, l116 = sch.get_loops(block=b108)
l117 = sch.fuse(l113, l114, l115, l116, preserve_unit_iters=True)
v118 = sch.sample_categorical(candidates=[1, 2, 4, 8], probs=[0.25, 0.25, 0.25, 0.25], decision=3)
sch.annotate(block_or_loop=b108, ann_key="meta_schedule.cooperative_fetch", ann_val=v118)
b119 = sch.cache_read(block=b25, read_buffer_index=0, storage_scope="wmma.matrix_a")
sch.compute_at(block=b119, loop=l55, preserve_unit_loops=True, index=-1)
l120, l121, l122, l123, l124, l125, l126 = sch.get_loops(block=b119)
l127, l128 = sch.split(loop=l126, factors=[None, 16], preserve_unit_iters=True, disable_predication=False)
l129, l130 = sch.split(loop=l125, factors=[None, 16], preserve_unit_iters=True, disable_predication=False)
l131, l132, l133, l134, l135, l136, l137, l138, l139 = sch.get_loops(block=b119)
sch.reorder(l138, l130, l128)
b140 = sch.blockize(target=l130, preserve_unit_iters=True)
sch.annotate(block_or_loop=b140, ann_key="meta_schedule.auto_tensorize", ann_val="wmma_load_16x16x16_f16_a_shared_dyn")
b141 = sch.cache_read(block=b25, read_buffer_index=1, storage_scope="wmma.matrix_b")
sch.compute_at(block=b141, loop=l55, preserve_unit_loops=True, index=-1)
l142, l143, l144, l145, l146, l147, l148, l149, l150 = sch.get_loops(block=b141)
l151, l152 = sch.split(loop=l150, factors=[None, 16], preserve_unit_iters=True, disable_predication=False)
l153, l154 = sch.split(loop=l149, factors=[None, 16], preserve_unit_iters=True, disable_predication=False)
l155, l156, l157, l158, l159, l160, l161, l162, l163, l164, l165 = sch.get_loops(block=b141)
sch.reorder(l164, l154, l152)
b166 = sch.blockize(target=l154, preserve_unit_iters=True)
sch.annotate(block_or_loop=b166, ann_key="meta_schedule.auto_tensorize", ann_val="wmma_load_16x16x16_f16_b_trans_shared_dyn")
b167, = sch.get_producers(block=b99)
sch.compute_inline(block=b167)
sch.storage_align(block=b99, buffer_index=0, axis=-2, factor=32, offset=8)
b168, = sch.get_producers(block=b108)
sch.compute_inline(block=b168)
sch.storage_align(block=b108, buffer_index=0, axis=-2, factor=32, offset=8)
sch.compute_inline(block=b0)
v169 = sch.sample_categorical(candidates=[0, 16, 64, 512, 1024], probs=[0.20000000000000001, 0.20000000000000001, 0.20000000000000001, 0.20000000000000001, 0.20000000000000001], decision=0)
sch.annotate(block_or_loop=b2, ann_key="meta_schedule.unroll_explicit", ann_val=v169)
sch.enter_postproc()
sch.unannotate(block_or_loop=b60, ann_key="meta_schedule.cooperative_fetch")
l170, l171, l172, l173 = sch.get_loops(block=b60)
l174, l175, l176, l177 = sch.split(loop=l173, factors=[None, 7, 32, 8], preserve_unit_iters=True, disable_predication=False)
sch.vectorize(loop=l177)
sch.bind(loop=l176, thread_axis="threadIdx.x")
sch.bind(loop=l175, thread_axis="threadIdx.y")
sch.unannotate(block_or_loop=b99, ann_key="meta_schedule.cooperative_fetch")
l178, l179, l180, l181, l182 = sch.get_loops(block=b99)
l183, l184, l185 = sch.split(loop=l182, factors=[None, 7, 32], preserve_unit_iters=True, disable_predication=False)
sch.bind(loop=l185, thread_axis="threadIdx.x")
sch.bind(loop=l184, thread_axis="threadIdx.y")
sch.unannotate(block_or_loop=b108, ann_key="meta_schedule.cooperative_fetch")
l186, l187, l188, l189, l190 = sch.get_loops(block=b108)
l191, l192, l193, l194 = sch.split(loop=l190, factors=[None, 7, 32, 8], preserve_unit_iters=True, disable_predication=False)
sch.vectorize(loop=l194)
sch.bind(loop=l193, thread_axis="threadIdx.x")
sch.bind(loop=l192, thread_axis="threadIdx.y")
b195 = sch.get_block(name="root", func_name="main")
sch.unannotate(block_or_loop=b195, ann_key="meta_schedule.unroll_explicit")
b196, b197, b198, b199, b200, b201, b202 = sch.get_child_blocks(b195)
l203, l204, l205, l206, l207, l208, l209 = sch.get_loops(block=b196)
l210, l211, l212, l213, l214, l215, l216, l217 = sch.get_loops(block=b197)
l218, l219, l220, l221, l222, l223, l224 = sch.get_loops(block=b198)
l225, l226, l227, l228, l229, l230, l231, l232, l233 = sch.get_loops(block=b199)
l234, l235, l236, l237, l238, l239, l240, l241, l242, l243 = sch.get_loops(block=b200)
l244, l245, l246, l247, l248, l249 = sch.get_loops(block=b201)
l250, l251, l252, l253, l254, l255, l256 = sch.get_loops(block=b202)
b257 = sch.get_block(name="conv2d_nchw_o", func_name="main")
l258, l259, l260, l261, l262, l263, l264, l265, l266, l267 = sch.get_loops(block=b257)
b268 = sch.decompose_reduction(block=b257, loop=l261)
sch.unannotate(block_or_loop=b268, ann_key="meta_schedule.auto_tensorize")
sch.annotate(block_or_loop=b268, ann_key="meta_schedule.auto_tensorize", ann_val="wmma_fill_16x16x16_f16")
sch.unannotate(block_or_loop=b257, ann_key="meta_schedule.auto_tensorize_init")
sch.unannotate(block_or_loop=b268, ann_key="meta_schedule.auto_tensorize_init")
b269 = sch.get_block(name="conv2d_nchw_o_init", func_name="main")
sch.unannotate(block_or_loop=b269, ann_key="meta_schedule.auto_tensorize")
sch.tensorize(block_or_loop=b269, tensor_intrin="wmma_fill_16x16x16_f16", preserve_unit_iters=True)
b270 = sch.get_block(name="pad_temp_reindex_shared.dyn_wmma.matrix_a_o", func_name="main")
sch.unannotate(block_or_loop=b270, ann_key="meta_schedule.auto_tensorize")
sch.tensorize(block_or_loop=b270, tensor_intrin="wmma_load_16x16x16_f16_a_shared_dyn", preserve_unit_iters=True)
b271 = sch.get_block(name="W_reindex_shared.dyn_wmma.matrix_b_o", func_name="main")
sch.unannotate(block_or_loop=b271, ann_key="meta_schedule.auto_tensorize")
sch.tensorize(block_or_loop=b271, tensor_intrin="wmma_load_16x16x16_f16_b_trans_shared_dyn", preserve_unit_iters=True)
b272 = sch.get_block(name="conv2d_nchw_o_update", func_name="main")
sch.unannotate(block_or_loop=b272, ann_key="meta_schedule.auto_tensorize")
sch.tensorize(block_or_loop=b272, tensor_intrin="wmma_sync_16x16x16_f16f16f16_trans", preserve_unit_iters=True)
b273 = sch.get_block(name="conv2d_nchw_reindex_shared.dyn_wmma.accumulator_o", func_name="main")
sch.unannotate(block_or_loop=b273, ann_key="meta_schedule.auto_tensorize")
sch.tensorize(block_or_loop=b273, tensor_intrin="wmma_store_16x16x16_f16_shared_dyn", preserve_unit_iters=True)
2025-10-07 09:26:43 [INFO] [task_scheduler.cc:131] [Task #0: main] Trial #69: GFLOPs: 3695.1038. Time: 3.4762 us. Best GFLOPs: 4383.0433
2025-10-07 09:26:43 [INFO] [task_scheduler.cc:131] [Task #0: main] Trial #70: GFLOPs: 3861.2731. Time: 3.3266 us. Best GFLOPs: 4383.0433
2025-10-07 09:26:43 [INFO] [task_scheduler.cc:131] [Task #0: main] Trial #71: GFLOPs: 3241.2455. Time: 3.9630 us. Best GFLOPs: 4383.0433
2025-10-07 09:26:43 [INFO] [task_scheduler.cc:121] [Task #0: main] Trial #72: Error in building:
LocalBuilder: An exception occurred
Traceback (most recent call last):
  File "/workspace/tvm-dev/python/tvm/exec/popen_worker.py", line 87, in main
    result = fn(*args, **kwargs)
             ^^^^^^^^^^^^^^^^^^^
  File "/workspace/tvm-dev/python/tvm/meta_schedule/builder/local_builder.py", line 165, in <lambda>
    lambda x: _worker_func(*x),
              ^^^^^^^^^^^^^^^^
  File "/workspace/tvm-dev/python/tvm/meta_schedule/builder/local_builder.py", line 231, in _worker_func
    rt_mod: Module = f_build(mod, target, _deserialize_params(params))
                     ^^^^^^^^^^^^^^^^^^^^^^^^^^^^^^^^^^^^^^^^^^^^^^^^^
  File "/workspace/tvm-dev/python/tvm/_ffi/_ctypes/packed_func.py", line 245, in __call__
    raise_last_ffi_error()
  File "/workspace/tvm-dev/python/tvm/_ffi/base.py", line 481, in raise_last_ffi_error
    raise py_err
  File "/workspace/tvm-dev/python/tvm/meta_schedule/builder/local_builder.py", line 261, in default_build
    return tvm_build(mod, target=target)
           ^^^^^^^^^^^^^^^^^^^^^^^^^^^^^
  File "/workspace/tvm-dev/python/tvm/driver/build_module.py", line 297, in build
    rt_mod_host = _driver_ffi.tir_to_runtime(annotated_mods, target_host)
                  ^^^^^^^^^^^^^^^^^^^^^^^^^^^^^^^^^^^^^^^^^^^^^^^^^^^^^^^
  File "/workspace/tvm-dev/python/tvm/_ffi/_ctypes/packed_func.py", line 245, in __call__
    raise_last_ffi_error()
  File "/workspace/tvm-dev/python/tvm/_ffi/base.py", line 481, in raise_last_ffi_error
    raise py_err
ValueError: Traceback (most recent call last):
  14: tvm::runtime::PackedFuncObj::Extractor<tvm::runtime::PackedFuncSubObj<tvm::runtime::TypedPackedFunc<tvm::runtime::Module (tvm::runtime::Map<tvm::Target, tvm::IRModule, void, void> const&, tvm::Target)>::AssignTypedLambda<tvm::__mk_TVM24::{lambda(tvm::runtime::Map<tvm::Target, tvm::IRModule, void, void> const&, tvm::Target)#1}>(tvm::__mk_TVM24::{lambda(tvm::runtime::Map<tvm::Target, tvm::IRModule, void, void> const&, tvm::Target)#1}, std::__cxx11::basic_string<char, std::char_traits<char>, std::allocator<char> >)::{lambda(tvm::runtime::TVMArgs const&, tvm::runtime::TVMRetValue*)#1}> >::Call(tvm::runtime::PackedFuncObj const*, std::__cxx11::basic_string<char, std::char_traits<char>, std::allocator<char> >, tvm::runtime::TVMRetValue)
  13: tvm::TIRToRuntime(tvm::runtime::Map<tvm::Target, tvm::IRModule, void, void> const&, tvm::Target const&)
  12: tvm::codegen::Build(tvm::IRModule, tvm::Target)
  11: _ZN3tvm7runtime13PackedFuncObj
  10: tvm::runtime::TypedPackedFunc<tvm::runtime::Module (tvm::IRModule, tvm::Target)>::AssignTypedLambda<tvm::runtime::Module (*)(tvm::IRModule, tvm::Target)>(tvm::runtime::Module (*)(tvm::IRModule, tvm::Target), std::__cxx11::basic_string<char, std::char_traits<char>, std::allocator<char> >)::{lambda(tvm::runtime::TVMArgs const&, tvm::runtime::TVMRetValue*)#1}::operator()(tvm::runtime::TVMArgs const&, tvm::runtime::TVMRetValue*) const
  9: tvm::codegen::BuildCUDA(tvm::IRModule, tvm::Target)
  8: tvm::codegen::CodeGenC::AddFunction(tvm::GlobalVar const&, tvm::tir::PrimFunc const&)
  7: tvm::codegen::CodeGenCUDA::VisitStmt_(tvm::tir::AllocateNode const*)
  6: tvm::codegen::CodeGenCUDA::VisitStmt_(tvm::tir::AllocateNode const*)
  5: tvm::codegen::CodeGenCUDA::VisitStmt_(tvm::tir::AllocateNode const*)
  4: tvm::codegen::CodeGenCUDA::VisitStmt_(tvm::tir::AllocateNode const*)
  3: tvm::codegen::CodeGenC::VisitStmt_(tvm::tir::SeqStmtNode const*)
  2: tvm::codegen::CodeGenC::VisitStmt_(tvm::tir::BufferStoreNode const*)
  1: tvm::codegen::CodeGenC::PrintExpr[abi:cxx11](tvm::PrimExpr const&)
  0: tvm::codegen::CodeGenCUDA::VisitExpr_(tvm::tir::RampNode const*, std::ostream&)
  File "/workspace/tvm-dev/src/target/source/codegen_cuda.cc", line 1204
ValueError: Check failed: lanes <= 4 (8 vs. 4) : Ramp of more than 4 lanes is not allowed.

# from tvm.script import ir as I
# from tvm.script import tir as T

@I.ir_module
class Module:
    @T.prim_func
    def main(A: T.Buffer((1, 64, 56, 56), "float16"), W: T.Buffer((128, 64, 1, 1), "float16"), conv2d_nchw: T.Buffer((1, 128, 28, 28), "float16")):
        T.func_attr({"tir.noalias": T.bool(True)})
        # with T.block("root"):
        conv2d_nchw_reindex_shared_dyn = T.alloc_buffer((49, 4, 1, 2, 16, 16), "float16", scope="shared.dyn")
        conv2d_nchw_reindex_shared_dyn_wmma_accumulator = T.alloc_buffer((49, 4, 1, 2, 16, 16), "float16", scope="wmma.accumulator")
        pad_temp_reindex_shared_dyn = T.alloc_buffer((784, 64), "float16", scope="shared.dyn")
        W_reindex_shared_dyn = T.alloc_buffer((1, 1, 128, 64), "float16", scope="shared.dyn")
        pad_temp_reindex_shared_dyn_wmma_matrix_a = T.alloc_buffer((784, 64), "float16", scope="wmma.matrix_a")
        W_reindex_shared_dyn_wmma_matrix_b = T.alloc_buffer((1, 1, 128, 64), "float16", scope="wmma.matrix_b")
        for ax0_ax1_ax2_0_0_ax3_0_0_fused in T.thread_binding(1, thread="blockIdx.y", annotations={"pragma_auto_unroll_max_step": 64, "pragma_unroll_explicit": 1}):
            for ax2_0_1_ax3_0_1_fused in T.thread_binding(28, thread="blockIdx.x"):
                for ax2_0_2_ax3_0_2_fused in T.thread_binding(7, thread="threadIdx.y"):
                    for ax2_0_3_init, ax3_0_3_init, ax2_0_4_init, ax3_0_4_init in T.grid(1, 2, 1, 1):
                        with T.block("conv2d_nchw_o_init"):
                            v0_o = T.axis.spatial(1, 0)
                            v1_o = T.axis.spatial(1, 0)
                            v2_o = T.axis.spatial(49, ax2_0_1_ax3_0_1_fused // 4 * 7 + ax2_0_2_ax3_0_2_fused + ax2_0_3_init + ax2_0_4_init)
                            v3_o = T.axis.spatial(8, ax2_0_1_ax3_0_1_fused % 4 * 2 + ax3_0_3_init + ax3_0_4_init)
                            T.reads()
                            T.writes(conv2d_nchw_reindex_shared_dyn_wmma_accumulator[v2_o, v3_o // 2, 0, v3_o % 2, 0:16, 0:16])
                            T.block_attr({"meta_schedule.thread_extent_high_inclusive": 1024, "meta_schedule.thread_extent_low_inclusive": 32, "warp_execution": 1})
                            C = T.match_buffer(conv2d_nchw_reindex_shared_dyn_wmma_accumulator[v2_o, v3_o // 2, 0, v3_o % 2, 0:16, 0:16], (16, 16), "float16", strides=("C_s0", "C_s1"), scope="wmma.accumulator", offset_factor=16)
                            T.tvm_fill_fragment(C.data, 16, 16, 16, C.elem_offset // C.strides[0] // 16 * (C.strides[0] // 16) + C.elem_offset % C.strides[0] // 16, T.float32(0.0))
                    for ax4_0_0 in range(2):
                        for ax0_ax1_fused_0 in range(8):
                            for ax0_ax1_fused_1 in T.thread_binding(7, thread="threadIdx.y"):
                                for ax0_ax1_fused_2 in T.thread_binding(32, thread="threadIdx.x"):
                                    for ax0_ax1_fused_3 in T.vectorized(2):
                                        with T.block("pad_temp_reindex_shared.dyn"):
                                            v0 = T.axis.spatial(784, ax2_0_1_ax3_0_1_fused // 4 * 112 + (ax0_ax1_fused_0 * 448 + ax0_ax1_fused_1 * 64 + ax0_ax1_fused_2 * 2 + ax0_ax1_fused_3) // 32)
                                            v1 = T.axis.spatial(64, ax4_0_0 * 32 + (ax0_ax1_fused_0 * 448 + ax0_ax1_fused_1 * 64 + ax0_ax1_fused_2 * 2 + ax0_ax1_fused_3) % 32)
                                            T.reads(A[0, v1, v0 // 28 * 2, v0 % 28 * 2])
                                            T.writes(pad_temp_reindex_shared_dyn[v0, v1])
                                            T.block_attr({"buffer_dim_align": [[0, 0, 32, 8]]})
                                            pad_temp_reindex_shared_dyn[v0, v1] = A[0, v1, v0 // 28 * 2, v0 % 28 * 2]
                        for ax0_ax1_ax2_ax3_fused_0 in range(5):
                            for ax0_ax1_ax2_ax3_fused_1 in T.thread_binding(7, thread="threadIdx.y"):
                                for ax0_ax1_ax2_ax3_fused_2 in T.thread_binding(32, thread="threadIdx.x"):
                                    with T.block("W_reindex_shared.dyn"):
                                        v0 = T.axis.spatial(1, 0)
                                        v1 = T.axis.spatial(1, 0)
                                        v2 = T.axis.spatial(128, ax2_0_1_ax3_0_1_fused % 4 * 32 + (ax0_ax1_ax2_ax3_fused_0 * 224 + ax0_ax1_ax2_ax3_fused_1 * 32 + ax0_ax1_ax2_ax3_fused_2) // 32)
                                        v3 = T.axis.spatial(64, ax4_0_0 * 32 + (ax0_ax1_ax2_ax3_fused_0 * 224 + ax0_ax1_ax2_ax3_fused_1 * 32 + ax0_ax1_ax2_ax3_fused_2) % 32)
                                        T.where((ax0_ax1_ax2_ax3_fused_0 * 7 + ax0_ax1_ax2_ax3_fused_1) * 32 + ax0_ax1_ax2_ax3_fused_2 < 1024)
                                        T.reads(W[v2, v3, v0, v1])
                                        T.writes(W_reindex_shared_dyn[v0, v1, v2, v3])
                                        T.block_attr({"buffer_dim_align": [[0, 2, 32, 8]]})
                                        W_reindex_shared_dyn[v0, v1, v2, v3] = W[v2, v3, v0, v1]
                        for ax4_0_1 in range(1):
                            for ax0_0, ax1_0 in T.grid(1, 2):
                                with T.block("pad_temp_reindex_shared.dyn_wmma.matrix_a_o"):
                                    v0_o = T.axis.spatial(49, ax2_0_1_ax3_0_1_fused // 4 * 7 + ax2_0_2_ax3_0_2_fused + ax0_0)
                                    v1_o = T.axis.spatial(4, ax4_0_0 * 2 + ax1_0)
                                    T.reads(pad_temp_reindex_shared_dyn[v0_o * 16:v0_o * 16 + 16, v1_o * 16:v1_o * 16 + 16])
                                    T.writes(pad_temp_reindex_shared_dyn_wmma_matrix_a[v0_o * 16:v0_o * 16 + 16, v1_o * 16:v1_o * 16 + 16])
                                    A_1 = T.match_buffer(pad_temp_reindex_shared_dyn[v0_o * 16:v0_o * 16 + 16, v1_o * 16:v1_o * 16 + 16], (16, 16), "float16", strides=("A_s0", "A_s1"), scope="shared.dyn", offset_factor=16)
                                    C = T.match_buffer(pad_temp_reindex_shared_dyn_wmma_matrix_a[v0_o * 16:v0_o * 16 + 16, v1_o * 16:v1_o * 16 + 16], (16, 16), "float16", strides=("C_s0", "C_s1"), scope="wmma.matrix_a", offset_factor=16)
                                    T.tvm_load_matrix_sync(C.data, 16, 16, 16, C.elem_offset // C.strides[0] // 16 * (C.strides[0] // 16) + C.elem_offset % C.strides[0] // 16, T.tvm_access_ptr(T.type_annotation("float16"), A_1.data, A_1.elem_offset, A_1.strides[0] * 16, 1), A_1.strides[0], "row_major")
                            for ax0, ax1, ax2_0, ax3_0 in T.grid(1, 1, 2, 2):
                                with T.block("W_reindex_shared.dyn_wmma.matrix_b_o"):
                                    v0_o, v1_o = T.axis.remap("SS", [ax0, ax1])
                                    v2_o = T.axis.spatial(8, ax2_0_1_ax3_0_1_fused % 4 * 2 + ax2_0)
                                    v3_o = T.axis.spatial(4, ax4_0_0 * 2 + ax3_0)
                                    T.reads(W_reindex_shared_dyn[v0_o, v1_o, v2_o * 16:v2_o * 16 + 16, v3_o * 16:v3_o * 16 + 16])
                                    T.writes(W_reindex_shared_dyn_wmma_matrix_b[v0_o, v1_o, v2_o * 16:v2_o * 16 + 16, v3_o * 16:v3_o * 16 + 16])
                                    A_1 = T.match_buffer(W_reindex_shared_dyn[v0_o, v1_o, v2_o * 16:v2_o * 16 + 16, v3_o * 16:v3_o * 16 + 16], (16, 16), "float16", strides=("A_s0", "A_s1"), scope="shared.dyn", offset_factor=16)
                                    C = T.match_buffer(W_reindex_shared_dyn_wmma_matrix_b[v0_o, v1_o, v2_o * 16:v2_o * 16 + 16, v3_o * 16:v3_o * 16 + 16], (16, 16), "float16", strides=("C_s0", "C_s1"), scope="wmma.matrix_b", offset_factor=16)
                                    T.tvm_load_matrix_sync(C.data, 16, 16, 16, C.elem_offset // C.strides[0] // 16 * (C.strides[0] // 16) + C.elem_offset % C.strides[0] // 16, T.tvm_access_ptr(T.type_annotation("float16"), A_1.data, A_1.elem_offset, A_1.strides[0] * 16, 1), A_1.strides[0], "col_major")
                            for ax2_0_3, ax3_0_3, ax4_0_2, ax2_0_4, ax3_0_4 in T.grid(1, 2, 2, 1, 1):
                                with T.block("conv2d_nchw_o_update"):
                                    v0_o = T.axis.spatial(1, 0)
                                    v1_o = T.axis.spatial(1, 0)
                                    v2_o = T.axis.spatial(49, ax2_0_1_ax3_0_1_fused // 4 * 7 + ax2_0_2_ax3_0_2_fused + ax2_0_3 + ax2_0_4)
                                    v3_o = T.axis.spatial(8, ax2_0_1_ax3_0_1_fused % 4 * 2 + ax3_0_3 + ax3_0_4)
                                    v4_o = T.axis.reduce(4, ax4_0_0 * 2 + ax4_0_1 * 2 + ax4_0_2)
                                    T.reads(conv2d_nchw_reindex_shared_dyn_wmma_accumulator[v2_o, v3_o // 2, 0, v3_o % 2, 0:16, 0:16], pad_temp_reindex_shared_dyn_wmma_matrix_a[v2_o * 16:v2_o * 16 + 16, v4_o * 16:v4_o * 16 + 16], W_reindex_shared_dyn_wmma_matrix_b[v0_o, v1_o, v3_o * 16:v3_o * 16 + 16, v4_o * 16:v4_o * 16 + 16])
                                    T.writes(conv2d_nchw_reindex_shared_dyn_wmma_accumulator[v2_o, v3_o // 2, 0, v3_o % 2, 0:16, 0:16])
                                    T.block_attr({"meta_schedule.thread_extent_high_inclusive": 1024, "meta_schedule.thread_extent_low_inclusive": 32, "warp_execution": 1})
                                    A_1 = T.match_buffer(pad_temp_reindex_shared_dyn_wmma_matrix_a[v2_o * 16:v2_o * 16 + 16, v4_o * 16:v4_o * 16 + 16], (16, 16), "float16", strides=("A_s0", "A_s1"), scope="wmma.matrix_a", offset_factor=16)
                                    B = T.match_buffer(W_reindex_shared_dyn_wmma_matrix_b[v0_o, v1_o, v3_o * 16:v3_o * 16 + 16, v4_o * 16:v4_o * 16 + 16], (16, 16), "float16", strides=("B_s0", "B_s1"), scope="wmma.matrix_b", offset_factor=16)
                                    C = T.match_buffer(conv2d_nchw_reindex_shared_dyn_wmma_accumulator[v2_o, v3_o // 2, 0, v3_o % 2, 0:16, 0:16], (16, 16), "float16", strides=("C_s0", "C_s1"), scope="wmma.accumulator", offset_factor=16)
                                    T.tvm_mma_sync(C.data, C.elem_offset // C.strides[0] // 16 * (C.strides[0] // 16) + C.elem_offset % C.strides[0] // 16, A_1.data, A_1.elem_offset // A_1.strides[0] // 16 * (A_1.strides[0] // 16) + A_1.elem_offset % A_1.strides[0] // 16, B.data, B.elem_offset // B.strides[0] // 16 * (B.strides[0] // 16) + B.elem_offset % B.strides[0] // 16, C.data, C.elem_offset // C.strides[0] // 16 * (C.strides[0] // 16) + C.elem_offset % C.strides[0] // 16)
                for ax2 in range(1):
                    for ax0_ax1_fused in T.thread_binding(7, thread="threadIdx.y"):
                        for ax2_1, ax3 in T.grid(1, 2):
                            with T.block("conv2d_nchw_reindex_shared.dyn_wmma.accumulator_o"):
                                v0_o = T.axis.spatial(49, ax2_0_1_ax3_0_1_fused // 4 * 7 + ax0_ax1_fused)
                                v1_o = T.axis.spatial(4, ax2_0_1_ax3_0_1_fused % 4)
                                v2_o, v3_o = T.axis.remap("SS", [ax2_1, ax3])
                                v4_o = T.axis.spatial(1, 0)
                                v5_o = T.axis.spatial(1, 0)
                                T.reads(conv2d_nchw_reindex_shared_dyn_wmma_accumulator[v0_o, v1_o, v2_o, v3_o, 0:16, 0:16])
                                T.writes(conv2d_nchw_reindex_shared_dyn[v0_o, v1_o, v2_o, v3_o, 0:16, 0:16])
                                A_1 = T.match_buffer(conv2d_nchw_reindex_shared_dyn_wmma_accumulator[v0_o, v1_o, v2_o, v3_o, 0:16, 0:16], (16, 16), "float16", strides=("A_s0", "A_s1"), scope="wmma.accumulator", offset_factor=16)
                                C = T.match_buffer(conv2d_nchw_reindex_shared_dyn[v0_o, v1_o, v2_o, v3_o, 0:16, 0:16], (16, 16), "float16", strides=("C_s0", "C_s1"), scope="shared.dyn", offset_factor=16)
                                T.tvm_store_matrix_sync(A_1.data, 16, 16, 16, A_1.elem_offset // A_1.strides[0] // 16 * (A_1.strides[0] // 16) + A_1.elem_offset % A_1.strides[0] // 16, T.tvm_access_ptr(T.type_annotation("float16"), C.data, C.elem_offset, C.strides[0] * 16, 2), C.strides[0], "row_major")
                    for ax0_ax1_ax3_ax4_ax5_fused_0 in range(2):
                        for ax0_ax1_ax3_ax4_ax5_fused_1 in T.thread_binding(7, thread="threadIdx.y"):
                            for ax0_ax1_ax3_ax4_ax5_fused_2 in T.thread_binding(32, thread="threadIdx.x"):
                                for ax0_ax1_ax3_ax4_ax5_fused_3 in T.vectorized(8):
                                    with T.block("conv2d_nchw_reindex_shared.dyn"):
                                        v0 = T.axis.spatial(49, ax2_0_1_ax3_0_1_fused // 4 * 7 + (ax0_ax1_ax3_ax4_ax5_fused_0 * 1792 + ax0_ax1_ax3_ax4_ax5_fused_1 * 256 + ax0_ax1_ax3_ax4_ax5_fused_2 * 8 + ax0_ax1_ax3_ax4_ax5_fused_3) // 512)
                                        v1 = T.axis.spatial(4, ax2_0_1_ax3_0_1_fused % 4)
                                        v2 = T.axis.spatial(1, ax2)
                                        v3 = T.axis.spatial(2, (ax0_ax1_ax3_ax4_ax5_fused_0 * 1792 + ax0_ax1_ax3_ax4_ax5_fused_1 * 256 + ax0_ax1_ax3_ax4_ax5_fused_2 * 8 + ax0_ax1_ax3_ax4_ax5_fused_3) % 512 // 256)
                                        v4 = T.axis.spatial(16, (ax0_ax1_ax3_ax4_ax5_fused_0 * 1792 + ax0_ax1_ax3_ax4_ax5_fused_1 * 256 + ax0_ax1_ax3_ax4_ax5_fused_2 * 8 + ax0_ax1_ax3_ax4_ax5_fused_3) % 256 // 16)
                                        v5 = T.axis.spatial(16, (ax0_ax1_ax3_ax4_ax5_fused_0 * 1792 + ax0_ax1_ax3_ax4_ax5_fused_1 * 256 + ax0_ax1_ax3_ax4_ax5_fused_2 * 8 + ax0_ax1_ax3_ax4_ax5_fused_3) % 16)
                                        T.reads(conv2d_nchw_reindex_shared_dyn[v0, v1, v2, v3, v4, v5])
                                        T.writes(conv2d_nchw[0, v5 + v3 * 16 + v1 * 32, (v4 + v0 * 16) // 28, (v4 + v0 * 16) % 28])
                                        conv2d_nchw[0, v5 + v3 * 16 + v1 * 32, (v4 + v0 * 16) // 28, (v4 + v0 * 16) % 28] = conv2d_nchw_reindex_shared_dyn[v0, v1, v2, v3, v4, v5]
b0 = sch.get_block(name="pad_temp", func_name="main")
b1 = sch.get_block(name="conv2d_nchw", func_name="main")
b2 = sch.get_block(name="root", func_name="main")
sch.annotate(block_or_loop=b1, ann_key="meta_schedule.tiling_structure", ann_val="SSSRRSRS")
b3 = sch.reindex(block=b1, buffer=("write", 0))
b4 = sch.reindex(block=b1, buffer=("read", 0))
b5 = sch.reindex(block=b1, buffer=("read", 1))
sch.transform_layout(block=b1, buffer=("read", 0), index_map=lambda v_nn, v_yy, v_xx, v_rc: (v_nn * 784 + v_yy * 28 + v_xx, v_rc,), pad_value=None, assume_injective_transform=True)
sch.transform_layout(block=b1, buffer=("read", 1), index_map=lambda v_ff, v_rc, v_ry, v_rx: (v_ry, v_rx, v_ff, v_rc,), pad_value=None, assume_injective_transform=True)
sch.transform_layout(block=b1, buffer=("write", 0), index_map=lambda v_nn, v_ff, v_yy, v_xx: (v_nn * 784 + v_yy * 28 + v_xx, v_ff,), pad_value=None, assume_injective_transform=True)
sch.transform_block_layout(block=b3, index_map=lambda v_nn, v_ff, v_yy, v_xx: (v_nn * 784 + v_yy * 28 + v_xx, v_ff,))
sch.transform_block_layout(block=b4, index_map=lambda v_nn, v_yy, v_xx, v_rc: (v_nn * 784 + v_yy * 28 + v_xx, v_rc,))
sch.transform_block_layout(block=b5, index_map=lambda v_ff, v_rc, v_ry, v_rx: (v_ry, v_rx, v_ff, v_rc,))
sch.transform_block_layout(block=b1, index_map=lambda v_nn, v_ff, v_yy, v_xx, v_rc, v_ry, v_rx: (v_ry, v_rx, v_nn * 784 + v_yy * 28 + v_xx, v_ff, v_rc,))
l6, l7, l8, l9, l10 = sch.get_loops(block=b1)
l11, l12 = sch.split(loop=l10, factors=[None, 16], preserve_unit_iters=True, disable_predication=False)
l13, l14 = sch.split(loop=l9, factors=[None, 16], preserve_unit_iters=True, disable_predication=False)
l15, l16 = sch.split(loop=l8, factors=[None, 16], preserve_unit_iters=True, disable_predication=False)
l17, l18, l19, l20, l21, l22, l23, l24 = sch.get_loops(block=b1)
sch.reorder(l21, l23, l16, l14, l12)
b25 = sch.blockize(target=l16, preserve_unit_iters=True)
sch.annotate(block_or_loop=b25, ann_key="meta_schedule.auto_tensorize", ann_val="wmma_sync_16x16x16_f16f16f16_trans")
sch.annotate(block_or_loop=b25, ann_key="meta_schedule.auto_tensorize_init", ann_val="wmma_fill_16x16x16_f16")
sch.annotate(block_or_loop=b25, ann_key="warp_execution", ann_val=1)
l26, l27, l28, l29, l30 = sch.get_loops(block=b25)
v31, v32, v33, v34, v35 = sch.sample_perfect_tile(loop=l28, n=5, max_innermost_factor=4, decision=[1, 7, 7, 1, 1])
l36, l37, l38, l39, l40 = sch.split(loop=l28, factors=[v31, v32, v33, v34, v35], preserve_unit_iters=True, disable_predication=False)
v41, v42, v43, v44, v45 = sch.sample_perfect_tile(loop=l29, n=5, max_innermost_factor=4, decision=[1, 4, 1, 2, 1])
l46, l47, l48, l49, l50 = sch.split(loop=l29, factors=[v41, v42, v43, v44, v45], preserve_unit_iters=True, disable_predication=False)
v51, v52, v53 = sch.sample_perfect_tile(loop=l30, n=3, max_innermost_factor=4, decision=[2, 1, 2])
l54, l55, l56 = sch.split(loop=l30, factors=[v51, v52, v53], preserve_unit_iters=True, disable_predication=False)
sch.reorder(l36, l46, l37, l47, l38, l48, l54, l55, l39, l49, l56, l40, l50)
l57 = sch.fuse(l26, l27, l36, l46, preserve_unit_iters=True)
sch.bind(loop=l57, thread_axis="blockIdx.y")
l58 = sch.fuse(l37, l47, preserve_unit_iters=True)
sch.bind(loop=l58, thread_axis="blockIdx.x")
l59 = sch.fuse(l38, l48, preserve_unit_iters=True)
sch.bind(loop=l59, thread_axis="threadIdx.y")
sch.annotate(block_or_loop=b25, ann_key="meta_schedule.thread_extent_low_inclusive", ann_val=32)
sch.annotate(block_or_loop=b25, ann_key="meta_schedule.thread_extent_high_inclusive", ann_val=1024)
sch.transform_layout(block=b25, buffer=("write", 0), index_map=lambda i0, i1: (i0 // 16 // (v34 * v35), i1 // 16 // (v44 * v45), i0 // 16 % (v34 * v35), i1 // 16 % (v44 * v45), i0 % 16, i1 % 16,), pad_value=None, assume_injective_transform=True)
b60 = sch.cache_write(block=b25, write_buffer_index=0, storage_scope="shared.dyn")
sch.reverse_compute_at(block=b60, loop=l58, preserve_unit_loops=True, index=-1)
b61 = sch.cache_write(block=b25, write_buffer_index=0, storage_scope="wmma.accumulator")
l62, l63, l64, l65, l66, l67, l68, l69 = sch.get_loops(block=b60)
sch.reorder(l66, l64, l65, l67)
sch.compute_at(block=b61, loop=l66, preserve_unit_loops=True, index=-1)
l70, l71, l72, l73, l74, l75, l76, l77, l78 = sch.get_loops(block=b61)
l79 = sch.fuse(l73, l74, preserve_unit_iters=True)
sch.bind(loop=l79, thread_axis="threadIdx.y")
sch.reverse_compute_inline(block=b3)
l80, l81, l82, l83, l84, l85, l86, l87 = sch.get_loops(block=b61)
b88 = sch.blockize(target=l86, preserve_unit_iters=True)
sch.annotate(block_or_loop=b88, ann_key="meta_schedule.auto_tensorize", ann_val="wmma_store_16x16x16_f16_shared_dyn")
l89, l90, l91, l92, l93, l94, l95, l96 = sch.get_loops(block=b60)
l97 = sch.fuse(l92, l93, l94, l95, l96, preserve_unit_iters=True)
v98 = sch.sample_categorical(candidates=[1, 2, 4, 8], probs=[0.25, 0.25, 0.25, 0.25], decision=3)
sch.annotate(block_or_loop=b60, ann_key="meta_schedule.cooperative_fetch", ann_val=v98)
b99 = sch.cache_read(block=b25, read_buffer_index=0, storage_scope="shared.dyn", consumer_blocks=[b25])
sch.compute_at(block=b99, loop=l54, preserve_unit_loops=True, index=-1)
l100, l101, l102, l103, l104, l105 = sch.get_loops(block=b99)
l106 = sch.fuse(l104, l105, preserve_unit_iters=True)
v107 = sch.sample_categorical(candidates=[1, 2, 4, 8], probs=[0.25, 0.25, 0.25, 0.25], decision=1)
sch.annotate(block_or_loop=b99, ann_key="meta_schedule.cooperative_fetch", ann_val=v107)
b108 = sch.cache_read(block=b25, read_buffer_index=1, storage_scope="shared.dyn", consumer_blocks=[b25])
sch.compute_at(block=b108, loop=l54, preserve_unit_loops=True, index=-1)
l109, l110, l111, l112, l113, l114, l115, l116 = sch.get_loops(block=b108)
l117 = sch.fuse(l113, l114, l115, l116, preserve_unit_iters=True)
v118 = sch.sample_categorical(candidates=[1, 2, 4, 8], probs=[0.25, 0.25, 0.25, 0.25], decision=0)
sch.annotate(block_or_loop=b108, ann_key="meta_schedule.cooperative_fetch", ann_val=v118)
b119 = sch.cache_read(block=b25, read_buffer_index=0, storage_scope="wmma.matrix_a")
sch.compute_at(block=b119, loop=l55, preserve_unit_loops=True, index=-1)
l120, l121, l122, l123, l124, l125, l126 = sch.get_loops(block=b119)
l127, l128 = sch.split(loop=l126, factors=[None, 16], preserve_unit_iters=True, disable_predication=False)
l129, l130 = sch.split(loop=l125, factors=[None, 16], preserve_unit_iters=True, disable_predication=False)
l131, l132, l133, l134, l135, l136, l137, l138, l139 = sch.get_loops(block=b119)
sch.reorder(l138, l130, l128)
b140 = sch.blockize(target=l130, preserve_unit_iters=True)
sch.annotate(block_or_loop=b140, ann_key="meta_schedule.auto_tensorize", ann_val="wmma_load_16x16x16_f16_a_shared_dyn")
b141 = sch.cache_read(block=b25, read_buffer_index=1, storage_scope="wmma.matrix_b")
sch.compute_at(block=b141, loop=l55, preserve_unit_loops=True, index=-1)
l142, l143, l144, l145, l146, l147, l148, l149, l150 = sch.get_loops(block=b141)
l151, l152 = sch.split(loop=l150, factors=[None, 16], preserve_unit_iters=True, disable_predication=False)
l153, l154 = sch.split(loop=l149, factors=[None, 16], preserve_unit_iters=True, disable_predication=False)
l155, l156, l157, l158, l159, l160, l161, l162, l163, l164, l165 = sch.get_loops(block=b141)
sch.reorder(l164, l154, l152)
b166 = sch.blockize(target=l154, preserve_unit_iters=True)
sch.annotate(block_or_loop=b166, ann_key="meta_schedule.auto_tensorize", ann_val="wmma_load_16x16x16_f16_b_trans_shared_dyn")
b167, = sch.get_producers(block=b99)
sch.compute_inline(block=b167)
sch.storage_align(block=b99, buffer_index=0, axis=-2, factor=32, offset=8)
b168, = sch.get_producers(block=b108)
sch.compute_inline(block=b168)
sch.storage_align(block=b108, buffer_index=0, axis=-2, factor=32, offset=8)
sch.compute_inline(block=b0)
v169 = sch.sample_categorical(candidates=[0, 16, 64, 512, 1024], probs=[0.20000000000000001, 0.20000000000000001, 0.20000000000000001, 0.20000000000000001, 0.20000000000000001], decision=2)
sch.annotate(block_or_loop=b2, ann_key="meta_schedule.unroll_explicit", ann_val=v169)
sch.enter_postproc()
sch.unannotate(block_or_loop=b60, ann_key="meta_schedule.cooperative_fetch")
l170, l171, l172, l173 = sch.get_loops(block=b60)
l174, l175, l176, l177 = sch.split(loop=l173, factors=[None, 7, 32, 8], preserve_unit_iters=True, disable_predication=False)
sch.vectorize(loop=l177)
sch.bind(loop=l176, thread_axis="threadIdx.x")
sch.bind(loop=l175, thread_axis="threadIdx.y")
sch.unannotate(block_or_loop=b99, ann_key="meta_schedule.cooperative_fetch")
l178, l179, l180, l181, l182 = sch.get_loops(block=b99)
l183, l184, l185, l186 = sch.split(loop=l182, factors=[None, 7, 32, 2], preserve_unit_iters=True, disable_predication=False)
sch.vectorize(loop=l186)
sch.bind(loop=l185, thread_axis="threadIdx.x")
sch.bind(loop=l184, thread_axis="threadIdx.y")
sch.unannotate(block_or_loop=b108, ann_key="meta_schedule.cooperative_fetch")
l187, l188, l189, l190, l191 = sch.get_loops(block=b108)
l192, l193, l194 = sch.split(loop=l191, factors=[None, 7, 32], preserve_unit_iters=True, disable_predication=False)
sch.bind(loop=l194, thread_axis="threadIdx.x")
sch.bind(loop=l193, thread_axis="threadIdx.y")
b195 = sch.get_block(name="root", func_name="main")
sch.unannotate(block_or_loop=b195, ann_key="meta_schedule.unroll_explicit")
b196, b197, b198, b199, b200, b201, b202 = sch.get_child_blocks(b195)
l203, l204, l205, l206, l207, l208, l209, l210 = sch.get_loops(block=b196)
l211, l212, l213, l214, l215, l216, l217 = sch.get_loops(block=b197)
l218, l219, l220, l221, l222, l223, l224 = sch.get_loops(block=b198)
l225, l226, l227, l228, l229, l230, l231, l232, l233 = sch.get_loops(block=b199)
l234, l235, l236, l237, l238, l239, l240, l241, l242, l243 = sch.get_loops(block=b200)
sch.annotate(block_or_loop=l234, ann_key="pragma_auto_unroll_max_step", ann_val=64)
sch.annotate(block_or_loop=l234, ann_key="pragma_unroll_explicit", ann_val=1)
l244, l245, l246, l247, l248, l249 = sch.get_loops(block=b201)
l250, l251, l252, l253, l254, l255, l256 = sch.get_loops(block=b202)
b257 = sch.get_block(name="conv2d_nchw_o", func_name="main")
l258, l259, l260, l261, l262, l263, l264, l265, l266, l267 = sch.get_loops(block=b257)
b268 = sch.decompose_reduction(block=b257, loop=l261)
sch.unannotate(block_or_loop=b268, ann_key="meta_schedule.auto_tensorize")
sch.annotate(block_or_loop=b268, ann_key="meta_schedule.auto_tensorize", ann_val="wmma_fill_16x16x16_f16")
sch.unannotate(block_or_loop=b257, ann_key="meta_schedule.auto_tensorize_init")
sch.unannotate(block_or_loop=b268, ann_key="meta_schedule.auto_tensorize_init")
b269 = sch.get_block(name="conv2d_nchw_o_init", func_name="main")
sch.unannotate(block_or_loop=b269, ann_key="meta_schedule.auto_tensorize")
sch.tensorize(block_or_loop=b269, tensor_intrin="wmma_fill_16x16x16_f16", preserve_unit_iters=True)
b270 = sch.get_block(name="pad_temp_reindex_shared.dyn_wmma.matrix_a_o", func_name="main")
sch.unannotate(block_or_loop=b270, ann_key="meta_schedule.auto_tensorize")
sch.tensorize(block_or_loop=b270, tensor_intrin="wmma_load_16x16x16_f16_a_shared_dyn", preserve_unit_iters=True)
b271 = sch.get_block(name="W_reindex_shared.dyn_wmma.matrix_b_o", func_name="main")
sch.unannotate(block_or_loop=b271, ann_key="meta_schedule.auto_tensorize")
sch.tensorize(block_or_loop=b271, tensor_intrin="wmma_load_16x16x16_f16_b_trans_shared_dyn", preserve_unit_iters=True)
b272 = sch.get_block(name="conv2d_nchw_o_update", func_name="main")
sch.unannotate(block_or_loop=b272, ann_key="meta_schedule.auto_tensorize")
sch.tensorize(block_or_loop=b272, tensor_intrin="wmma_sync_16x16x16_f16f16f16_trans", preserve_unit_iters=True)
b273 = sch.get_block(name="conv2d_nchw_reindex_shared.dyn_wmma.accumulator_o", func_name="main")
sch.unannotate(block_or_loop=b273, ann_key="meta_schedule.auto_tensorize")
sch.tensorize(block_or_loop=b273, tensor_intrin="wmma_store_16x16x16_f16_shared_dyn", preserve_unit_iters=True)
2025-10-07 09:26:43 [INFO] [task_scheduler.cc:131] [Task #0: main] Trial #73: GFLOPs: 4082.3109. Time: 3.1465 us. Best GFLOPs: 4383.0433
2025-10-07 09:26:43 [INFO] [task_scheduler.cc:131] [Task #0: main] Trial #74: GFLOPs: 3322.5204. Time: 3.8661 us. Best GFLOPs: 4383.0433
2025-10-07 09:26:43 [INFO] [task_scheduler.cc:131] [Task #0: main] Trial #75: GFLOPs: 2948.7065. Time: 4.3562 us. Best GFLOPs: 4383.0433
2025-10-07 09:26:43 [INFO] [task_scheduler.cc:131] [Task #0: main] Trial #76: GFLOPs: 4294.0019. Time: 2.9914 us. Best GFLOPs: 4383.0433
2025-10-07 09:26:43 [INFO] [task_scheduler.cc:131] [Task #0: main] Trial #77: GFLOPs: 1857.3722. Time: 6.9157 us. Best GFLOPs: 4383.0433
2025-10-07 09:26:43 [INFO] [task_scheduler.cc:131] [Task #0: main] Trial #78: GFLOPs: 1991.9249. Time: 6.4486 us. Best GFLOPs: 4383.0433
2025-10-07 09:26:43 [INFO] [task_scheduler.cc:131] [Task #0: main] Trial #79: GFLOPs: 2384.2322. Time: 5.3875 us. Best GFLOPs: 4383.0433
2025-10-07 09:26:43 [INFO] [task_scheduler.cc:131] [Task #0: main] Trial #80: GFLOPs: 1536.6514. Time: 8.3591 us. Best GFLOPs: 4383.0433
2025-10-07 09:26:43 [INFO] [task_scheduler.cc:131] [Task #0: main] Trial #81: GFLOPs: 2558.9715. Time: 5.0196 us. Best GFLOPs: 4383.0433
2025-10-07 09:26:43 [INFO] [task_scheduler.cc:131] [Task #0: main] Trial #82: GFLOPs: 2022.1402. Time: 6.3522 us. Best GFLOPs: 4383.0433
2025-10-07 09:26:43 [INFO] [task_scheduler.cc:131] [Task #0: main] Trial #83: GFLOPs: 1179.9766. Time: 10.8859 us. Best GFLOPs: 4383.0433
2025-10-07 09:26:43 [INFO] [task_scheduler.cc:131] [Task #0: main] Trial #84: GFLOPs: 2329.2807. Time: 5.5146 us. Best GFLOPs: 4383.0433
2025-10-07 09:26:43 [INFO] [task_scheduler.cc:131] [Task #0: main] Trial #85: GFLOPs: 4008.1588. Time: 3.2047 us. Best GFLOPs: 4383.0433
2025-10-07 09:26:43 [INFO] [task_scheduler.cc:131] [Task #0: main] Trial #86: GFLOPs: 1602.2584. Time: 8.0168 us. Best GFLOPs: 4383.0433
2025-10-07 09:26:43 [INFO] [task_scheduler.cc:131] [Task #0: main] Trial #87: GFLOPs: 2933.4566. Time: 4.3788 us. Best GFLOPs: 4383.0433
2025-10-07 09:26:43 [INFO] [task_scheduler.cc:131] [Task #0: main] Trial #88: GFLOPs: 2676.9547. Time: 4.7984 us. Best GFLOPs: 4383.0433
2025-10-07 09:26:43 [INFO] [task_scheduler.cc:131] [Task #0: main] Trial #89: GFLOPs: 4303.0496. Time: 2.9851 us. Best GFLOPs: 4383.0433
2025-10-07 09:26:43 [INFO] [task_scheduler.cc:131] [Task #0: main] Trial #90: GFLOPs: 1424.2058. Time: 9.0191 us. Best GFLOPs: 4383.0433
2025-10-07 09:26:43 [INFO] [task_scheduler.cc:131] [Task #0: main] Trial #91: GFLOPs: 2281.5394. Time: 5.6300 us. Best GFLOPs: 4383.0433
2025-10-07 09:26:43 [INFO] [task_scheduler.cc:131] [Task #0: main] Trial #92: GFLOPs: 1692.0662. Time: 7.5913 us. Best GFLOPs: 4383.0433
2025-10-07 09:26:43 [INFO] [task_scheduler.cc:131] [Task #0: main] Trial #93: GFLOPs: 1316.4983. Time: 9.7570 us. Best GFLOPs: 4383.0433
2025-10-07 09:26:43 [INFO] [task_scheduler.cc:131] [Task #0: main] Trial #94: GFLOPs: 2022.2979. Time: 6.3517 us. Best GFLOPs: 4383.0433
2025-10-07 09:26:43 [INFO] [task_scheduler.cc:131] [Task #0: main] Trial #95: GFLOPs: 3603.8558. Time: 3.5643 us. Best GFLOPs: 4383.0433
2025-10-07 09:26:43 [INFO] [task_scheduler.cc:131] [Task #0: main] Trial #96: GFLOPs: 4350.5335. Time: 2.9525 us. Best GFLOPs: 4383.0433
2025-10-07 09:26:43 [INFO] [task_scheduler.cc:131] [Task #0: main] Trial #97: GFLOPs: 3454.5544. Time: 3.7183 us. Best GFLOPs: 4383.0433
2025-10-07 09:26:43 [INFO] [task_scheduler.cc:131] [Task #0: main] Trial #98: GFLOPs: 4319.9161. Time: 2.9735 us. Best GFLOPs: 4383.0433
2025-10-07 09:26:43 [INFO] [task_scheduler.cc:131] [Task #0: main] Trial #99: GFLOPs: 1112.5090. Time: 11.5460 us. Best GFLOPs: 4383.0433
2025-10-07 09:26:43 [INFO] [task_scheduler.cc:131] [Task #0: main] Trial #100: GFLOPs: 1625.6977. Time: 7.9013 us. Best GFLOPs: 4383.0433
2025-10-07 09:26:43 [INFO] [task_scheduler.cc:131] [Task #0: main] Trial #101: GFLOPs: 1098.5305. Time: 11.6929 us. Best GFLOPs: 4383.0433
2025-10-07 09:26:43 [INFO] [task_scheduler.cc:131] [Task #0: main] Trial #102: GFLOPs: 3817.0467. Time: 3.3652 us. Best GFLOPs: 4383.0433
2025-10-07 09:26:43 [INFO] [task_scheduler.cc:131] [Task #0: main] Trial #103: GFLOPs: 3783.7912. Time: 3.3948 us. Best GFLOPs: 4383.0433
2025-10-07 09:26:43 [INFO] [task_scheduler.cc:131] [Task #0: main] Trial #104: GFLOPs: 4240.6187. Time: 3.0291 us. Best GFLOPs: 4383.0433
2025-10-07 09:26:43 [INFO] [task_scheduler.cc:131] [Task #0: main] Trial #105: GFLOPs: 1780.3709. Time: 7.2148 us. Best GFLOPs: 4383.0433
2025-10-07 09:26:43 [INFO] [task_scheduler.cc:131] [Task #0: main] Trial #106: GFLOPs: 2104.1809. Time: 6.1045 us. Best GFLOPs: 4383.0433
2025-10-07 09:26:43 [INFO] [task_scheduler.cc:121] [Task #0: main] Trial #107: Error in building:
LocalBuilder: An exception occurred
Traceback (most recent call last):
  File "/workspace/tvm-dev/python/tvm/exec/popen_worker.py", line 87, in main
    result = fn(*args, **kwargs)
             ^^^^^^^^^^^^^^^^^^^
  File "/workspace/tvm-dev/python/tvm/meta_schedule/builder/local_builder.py", line 165, in <lambda>
    lambda x: _worker_func(*x),
              ^^^^^^^^^^^^^^^^
  File "/workspace/tvm-dev/python/tvm/meta_schedule/builder/local_builder.py", line 231, in _worker_func
    rt_mod: Module = f_build(mod, target, _deserialize_params(params))
                     ^^^^^^^^^^^^^^^^^^^^^^^^^^^^^^^^^^^^^^^^^^^^^^^^^
  File "/workspace/tvm-dev/python/tvm/_ffi/_ctypes/packed_func.py", line 245, in __call__
    raise_last_ffi_error()
  File "/workspace/tvm-dev/python/tvm/_ffi/base.py", line 481, in raise_last_ffi_error
    raise py_err
  File "/workspace/tvm-dev/python/tvm/meta_schedule/builder/local_builder.py", line 261, in default_build
    return tvm_build(mod, target=target)
           ^^^^^^^^^^^^^^^^^^^^^^^^^^^^^
  File "/workspace/tvm-dev/python/tvm/driver/build_module.py", line 297, in build
    rt_mod_host = _driver_ffi.tir_to_runtime(annotated_mods, target_host)
                  ^^^^^^^^^^^^^^^^^^^^^^^^^^^^^^^^^^^^^^^^^^^^^^^^^^^^^^^
  File "/workspace/tvm-dev/python/tvm/_ffi/_ctypes/packed_func.py", line 245, in __call__
    raise_last_ffi_error()
  File "/workspace/tvm-dev/python/tvm/_ffi/base.py", line 481, in raise_last_ffi_error
    raise py_err
ValueError: Traceback (most recent call last):
  14: tvm::runtime::PackedFuncObj::Extractor<tvm::runtime::PackedFuncSubObj<tvm::runtime::TypedPackedFunc<tvm::runtime::Module (tvm::runtime::Map<tvm::Target, tvm::IRModule, void, void> const&, tvm::Target)>::AssignTypedLambda<tvm::__mk_TVM24::{lambda(tvm::runtime::Map<tvm::Target, tvm::IRModule, void, void> const&, tvm::Target)#1}>(tvm::__mk_TVM24::{lambda(tvm::runtime::Map<tvm::Target, tvm::IRModule, void, void> const&, tvm::Target)#1}, std::__cxx11::basic_string<char, std::char_traits<char>, std::allocator<char> >)::{lambda(tvm::runtime::TVMArgs const&, tvm::runtime::TVMRetValue*)#1}> >::Call(tvm::runtime::PackedFuncObj const*, std::__cxx11::basic_string<char, std::char_traits<char>, std::allocator<char> >, tvm::runtime::TVMRetValue)
  13: tvm::TIRToRuntime(tvm::runtime::Map<tvm::Target, tvm::IRModule, void, void> const&, tvm::Target const&)
  12: tvm::codegen::Build(tvm::IRModule, tvm::Target)
  11: _ZN3tvm7runtime13PackedFuncObj
  10: tvm::runtime::TypedPackedFunc<tvm::runtime::Module (tvm::IRModule, tvm::Target)>::AssignTypedLambda<tvm::runtime::Module (*)(tvm::IRModule, tvm::Target)>(tvm::runtime::Module (*)(tvm::IRModule, tvm::Target), std::__cxx11::basic_string<char, std::char_traits<char>, std::allocator<char> >)::{lambda(tvm::runtime::TVMArgs const&, tvm::runtime::TVMRetValue*)#1}::operator()(tvm::runtime::TVMArgs const&, tvm::runtime::TVMRetValue*) const
  9: tvm::codegen::BuildCUDA(tvm::IRModule, tvm::Target)
  8: tvm::codegen::CodeGenC::AddFunction(tvm::GlobalVar const&, tvm::tir::PrimFunc const&)
  7: tvm::codegen::CodeGenCUDA::VisitStmt_(tvm::tir::AllocateNode const*)
  6: tvm::codegen::CodeGenCUDA::VisitStmt_(tvm::tir::AllocateNode const*)
  5: tvm::codegen::CodeGenCUDA::VisitStmt_(tvm::tir::AllocateNode const*)
  4: tvm::codegen::CodeGenCUDA::VisitStmt_(tvm::tir::AllocateNode const*)
  3: tvm::codegen::CodeGenC::VisitStmt_(tvm::tir::SeqStmtNode const*)
  2: tvm::codegen::CodeGenC::VisitStmt_(tvm::tir::BufferStoreNode const*)
  1: tvm::codegen::CodeGenC::PrintExpr[abi:cxx11](tvm::PrimExpr const&)
  0: tvm::codegen::CodeGenCUDA::VisitExpr_(tvm::tir::RampNode const*, std::ostream&)
  File "/workspace/tvm-dev/src/target/source/codegen_cuda.cc", line 1204
ValueError: Check failed: lanes <= 4 (8 vs. 4) : Ramp of more than 4 lanes is not allowed.

# from tvm.script import ir as I
# from tvm.script import tir as T

@I.ir_module
class Module:
    @T.prim_func
    def main(A: T.Buffer((1, 64, 56, 56), "float16"), W: T.Buffer((128, 64, 1, 1), "float16"), conv2d_nchw: T.Buffer((1, 128, 28, 28), "float16")):
        T.func_attr({"tir.noalias": T.bool(True)})
        # with T.block("root"):
        conv2d_nchw_reindex_shared_dyn = T.alloc_buffer((49, 4, 1, 2, 16, 16), "float16", scope="shared.dyn")
        conv2d_nchw_reindex_shared_dyn_wmma_accumulator = T.alloc_buffer((49, 4, 1, 2, 16, 16), "float16", scope="wmma.accumulator")
        pad_temp_reindex_shared_dyn = T.alloc_buffer((784, 64), "float16", scope="shared.dyn")
        W_reindex_shared_dyn = T.alloc_buffer((1, 1, 128, 64), "float16", scope="shared.dyn")
        pad_temp_reindex_shared_dyn_wmma_matrix_a = T.alloc_buffer((784, 64), "float16", scope="wmma.matrix_a")
        W_reindex_shared_dyn_wmma_matrix_b = T.alloc_buffer((1, 1, 128, 64), "float16", scope="wmma.matrix_b")
        for ax0_ax1_ax2_0_0_ax3_0_0_fused in T.thread_binding(1, thread="blockIdx.y", annotations={"pragma_auto_unroll_max_step": 64, "pragma_unroll_explicit": 1}):
            for ax2_0_1_ax3_0_1_fused in T.thread_binding(14, thread="blockIdx.x"):
                for ax2_0_2_ax3_0_2_fused in T.thread_binding(14, thread="threadIdx.y"):
                    for ax2_0_3_init, ax3_0_3_init, ax2_0_4_init, ax3_0_4_init in T.grid(1, 2, 1, 1):
                        with T.block("conv2d_nchw_o_init"):
                            v0_o = T.axis.spatial(1, 0)
                            v1_o = T.axis.spatial(1, 0)
                            v2_o = T.axis.spatial(49, ax2_0_1_ax3_0_1_fused // 2 * 7 + ax2_0_2_ax3_0_2_fused // 2 + ax2_0_3_init + ax2_0_4_init)
                            v3_o = T.axis.spatial(8, ax2_0_1_ax3_0_1_fused % 2 * 4 + ax2_0_2_ax3_0_2_fused % 2 * 2 + ax3_0_3_init + ax3_0_4_init)
                            T.reads()
                            T.writes(conv2d_nchw_reindex_shared_dyn_wmma_accumulator[v2_o, v3_o // 2, 0, v3_o % 2, 0:16, 0:16])
                            T.block_attr({"meta_schedule.thread_extent_high_inclusive": 1024, "meta_schedule.thread_extent_low_inclusive": 32, "warp_execution": 1})
                            C = T.match_buffer(conv2d_nchw_reindex_shared_dyn_wmma_accumulator[v2_o, v3_o // 2, 0, v3_o % 2, 0:16, 0:16], (16, 16), "float16", strides=("C_s0", "C_s1"), scope="wmma.accumulator", offset_factor=16)
                            T.tvm_fill_fragment(C.data, 16, 16, 16, C.elem_offset // C.strides[0] // 16 * (C.strides[0] // 16) + C.elem_offset % C.strides[0] // 16, T.float32(0.0))
                    for ax4_0_0 in range(2):
                        for ax0_ax1_fused_0 in range(2):
                            for ax0_ax1_fused_1 in T.thread_binding(14, thread="threadIdx.y"):
                                for ax0_ax1_fused_2 in T.thread_binding(32, thread="threadIdx.x"):
                                    for ax0_ax1_fused_3 in T.vectorized(4):
                                        with T.block("pad_temp_reindex_shared.dyn"):
                                            v0 = T.axis.spatial(784, ax2_0_1_ax3_0_1_fused // 2 * 112 + (ax0_ax1_fused_0 * 1792 + ax0_ax1_fused_1 * 128 + ax0_ax1_fused_2 * 4 + ax0_ax1_fused_3) // 32)
                                            v1 = T.axis.spatial(64, ax4_0_0 * 32 + (ax0_ax1_fused_0 * 1792 + ax0_ax1_fused_1 * 128 + ax0_ax1_fused_2 * 4 + ax0_ax1_fused_3) % 32)
                                            T.reads(A[0, v1, v0 // 28 * 2, v0 % 28 * 2])
                                            T.writes(pad_temp_reindex_shared_dyn[v0, v1])
                                            T.block_attr({"buffer_dim_align": [[0, 0, 32, 8]]})
                                            pad_temp_reindex_shared_dyn[v0, v1] = A[0, v1, v0 // 28 * 2, v0 % 28 * 2]
                        for ax0_ax1_ax2_ax3_fused_0 in range(5):
                            for ax0_ax1_ax2_ax3_fused_1 in T.thread_binding(14, thread="threadIdx.y"):
                                for ax0_ax1_ax2_ax3_fused_2 in T.thread_binding(32, thread="threadIdx.x"):
                                    with T.block("W_reindex_shared.dyn"):
                                        v0 = T.axis.spatial(1, 0)
                                        v1 = T.axis.spatial(1, 0)
                                        v2 = T.axis.spatial(128, ax2_0_1_ax3_0_1_fused % 2 * 64 + (ax0_ax1_ax2_ax3_fused_0 * 448 + ax0_ax1_ax2_ax3_fused_1 * 32 + ax0_ax1_ax2_ax3_fused_2) // 32)
                                        v3 = T.axis.spatial(64, ax4_0_0 * 32 + (ax0_ax1_ax2_ax3_fused_0 * 448 + ax0_ax1_ax2_ax3_fused_1 * 32 + ax0_ax1_ax2_ax3_fused_2) % 32)
                                        T.where((ax0_ax1_ax2_ax3_fused_0 * 14 + ax0_ax1_ax2_ax3_fused_1) * 32 + ax0_ax1_ax2_ax3_fused_2 < 2048)
                                        T.reads(W[v2, v3, v0, v1])
                                        T.writes(W_reindex_shared_dyn[v0, v1, v2, v3])
                                        T.block_attr({"buffer_dim_align": [[0, 2, 32, 8]]})
                                        W_reindex_shared_dyn[v0, v1, v2, v3] = W[v2, v3, v0, v1]
                        for ax4_0_1 in range(1):
                            for ax0_0, ax1_0 in T.grid(1, 2):
                                with T.block("pad_temp_reindex_shared.dyn_wmma.matrix_a_o"):
                                    v0_o = T.axis.spatial(49, ax2_0_1_ax3_0_1_fused // 2 * 7 + ax2_0_2_ax3_0_2_fused // 2 + ax0_0)
                                    v1_o = T.axis.spatial(4, ax4_0_0 * 2 + ax1_0)
                                    T.reads(pad_temp_reindex_shared_dyn[v0_o * 16:v0_o * 16 + 16, v1_o * 16:v1_o * 16 + 16])
                                    T.writes(pad_temp_reindex_shared_dyn_wmma_matrix_a[v0_o * 16:v0_o * 16 + 16, v1_o * 16:v1_o * 16 + 16])
                                    A_1 = T.match_buffer(pad_temp_reindex_shared_dyn[v0_o * 16:v0_o * 16 + 16, v1_o * 16:v1_o * 16 + 16], (16, 16), "float16", strides=("A_s0", "A_s1"), scope="shared.dyn", offset_factor=16)
                                    C = T.match_buffer(pad_temp_reindex_shared_dyn_wmma_matrix_a[v0_o * 16:v0_o * 16 + 16, v1_o * 16:v1_o * 16 + 16], (16, 16), "float16", strides=("C_s0", "C_s1"), scope="wmma.matrix_a", offset_factor=16)
                                    T.tvm_load_matrix_sync(C.data, 16, 16, 16, C.elem_offset // C.strides[0] // 16 * (C.strides[0] // 16) + C.elem_offset % C.strides[0] // 16, T.tvm_access_ptr(T.type_annotation("float16"), A_1.data, A_1.elem_offset, A_1.strides[0] * 16, 1), A_1.strides[0], "row_major")
                            for ax0, ax1, ax2_0, ax3_0 in T.grid(1, 1, 2, 2):
                                with T.block("W_reindex_shared.dyn_wmma.matrix_b_o"):
                                    v0_o, v1_o = T.axis.remap("SS", [ax0, ax1])
                                    v2_o = T.axis.spatial(8, ax2_0_1_ax3_0_1_fused % 2 * 4 + ax2_0_2_ax3_0_2_fused % 2 * 2 + ax2_0)
                                    v3_o = T.axis.spatial(4, ax4_0_0 * 2 + ax3_0)
                                    T.reads(W_reindex_shared_dyn[v0_o, v1_o, v2_o * 16:v2_o * 16 + 16, v3_o * 16:v3_o * 16 + 16])
                                    T.writes(W_reindex_shared_dyn_wmma_matrix_b[v0_o, v1_o, v2_o * 16:v2_o * 16 + 16, v3_o * 16:v3_o * 16 + 16])
                                    A_1 = T.match_buffer(W_reindex_shared_dyn[v0_o, v1_o, v2_o * 16:v2_o * 16 + 16, v3_o * 16:v3_o * 16 + 16], (16, 16), "float16", strides=("A_s0", "A_s1"), scope="shared.dyn", offset_factor=16)
                                    C = T.match_buffer(W_reindex_shared_dyn_wmma_matrix_b[v0_o, v1_o, v2_o * 16:v2_o * 16 + 16, v3_o * 16:v3_o * 16 + 16], (16, 16), "float16", strides=("C_s0", "C_s1"), scope="wmma.matrix_b", offset_factor=16)
                                    T.tvm_load_matrix_sync(C.data, 16, 16, 16, C.elem_offset // C.strides[0] // 16 * (C.strides[0] // 16) + C.elem_offset % C.strides[0] // 16, T.tvm_access_ptr(T.type_annotation("float16"), A_1.data, A_1.elem_offset, A_1.strides[0] * 16, 1), A_1.strides[0], "col_major")
                            for ax2_0_3, ax3_0_3, ax4_0_2, ax2_0_4, ax3_0_4 in T.grid(1, 2, 2, 1, 1):
                                with T.block("conv2d_nchw_o_update"):
                                    v0_o = T.axis.spatial(1, 0)
                                    v1_o = T.axis.spatial(1, 0)
                                    v2_o = T.axis.spatial(49, ax2_0_1_ax3_0_1_fused // 2 * 7 + ax2_0_2_ax3_0_2_fused // 2 + ax2_0_3 + ax2_0_4)
                                    v3_o = T.axis.spatial(8, ax2_0_1_ax3_0_1_fused % 2 * 4 + ax2_0_2_ax3_0_2_fused % 2 * 2 + ax3_0_3 + ax3_0_4)
                                    v4_o = T.axis.reduce(4, ax4_0_0 * 2 + ax4_0_1 * 2 + ax4_0_2)
                                    T.reads(conv2d_nchw_reindex_shared_dyn_wmma_accumulator[v2_o, v3_o // 2, 0, v3_o % 2, 0:16, 0:16], pad_temp_reindex_shared_dyn_wmma_matrix_a[v2_o * 16:v2_o * 16 + 16, v4_o * 16:v4_o * 16 + 16], W_reindex_shared_dyn_wmma_matrix_b[v0_o, v1_o, v3_o * 16:v3_o * 16 + 16, v4_o * 16:v4_o * 16 + 16])
                                    T.writes(conv2d_nchw_reindex_shared_dyn_wmma_accumulator[v2_o, v3_o // 2, 0, v3_o % 2, 0:16, 0:16])
                                    T.block_attr({"meta_schedule.thread_extent_high_inclusive": 1024, "meta_schedule.thread_extent_low_inclusive": 32, "warp_execution": 1})
                                    A_1 = T.match_buffer(pad_temp_reindex_shared_dyn_wmma_matrix_a[v2_o * 16:v2_o * 16 + 16, v4_o * 16:v4_o * 16 + 16], (16, 16), "float16", strides=("A_s0", "A_s1"), scope="wmma.matrix_a", offset_factor=16)
                                    B = T.match_buffer(W_reindex_shared_dyn_wmma_matrix_b[v0_o, v1_o, v3_o * 16:v3_o * 16 + 16, v4_o * 16:v4_o * 16 + 16], (16, 16), "float16", strides=("B_s0", "B_s1"), scope="wmma.matrix_b", offset_factor=16)
                                    C = T.match_buffer(conv2d_nchw_reindex_shared_dyn_wmma_accumulator[v2_o, v3_o // 2, 0, v3_o % 2, 0:16, 0:16], (16, 16), "float16", strides=("C_s0", "C_s1"), scope="wmma.accumulator", offset_factor=16)
                                    T.tvm_mma_sync(C.data, C.elem_offset // C.strides[0] // 16 * (C.strides[0] // 16) + C.elem_offset % C.strides[0] // 16, A_1.data, A_1.elem_offset // A_1.strides[0] // 16 * (A_1.strides[0] // 16) + A_1.elem_offset % A_1.strides[0] // 16, B.data, B.elem_offset // B.strides[0] // 16 * (B.strides[0] // 16) + B.elem_offset % B.strides[0] // 16, C.data, C.elem_offset // C.strides[0] // 16 * (C.strides[0] // 16) + C.elem_offset % C.strides[0] // 16)
                for ax2 in range(1):
                    for ax0_ax1_fused in T.thread_binding(14, thread="threadIdx.y"):
                        for ax2_1, ax3 in T.grid(1, 2):
                            with T.block("conv2d_nchw_reindex_shared.dyn_wmma.accumulator_o"):
                                v0_o = T.axis.spatial(49, ax2_0_1_ax3_0_1_fused // 2 * 7 + ax0_ax1_fused // 2)
                                v1_o = T.axis.spatial(4, ax2_0_1_ax3_0_1_fused % 2 * 2 + ax0_ax1_fused % 2)
                                v2_o, v3_o = T.axis.remap("SS", [ax2_1, ax3])
                                v4_o = T.axis.spatial(1, 0)
                                v5_o = T.axis.spatial(1, 0)
                                T.reads(conv2d_nchw_reindex_shared_dyn_wmma_accumulator[v0_o, v1_o, v2_o, v3_o, 0:16, 0:16])
                                T.writes(conv2d_nchw_reindex_shared_dyn[v0_o, v1_o, v2_o, v3_o, 0:16, 0:16])
                                A_1 = T.match_buffer(conv2d_nchw_reindex_shared_dyn_wmma_accumulator[v0_o, v1_o, v2_o, v3_o, 0:16, 0:16], (16, 16), "float16", strides=("A_s0", "A_s1"), scope="wmma.accumulator", offset_factor=16)
                                C = T.match_buffer(conv2d_nchw_reindex_shared_dyn[v0_o, v1_o, v2_o, v3_o, 0:16, 0:16], (16, 16), "float16", strides=("C_s0", "C_s1"), scope="shared.dyn", offset_factor=16)
                                T.tvm_store_matrix_sync(A_1.data, 16, 16, 16, A_1.elem_offset // A_1.strides[0] // 16 * (A_1.strides[0] // 16) + A_1.elem_offset % A_1.strides[0] // 16, T.tvm_access_ptr(T.type_annotation("float16"), C.data, C.elem_offset, C.strides[0] * 16, 2), C.strides[0], "row_major")
                    for ax0_ax1_ax3_ax4_ax5_fused_0 in range(2):
                        for ax0_ax1_ax3_ax4_ax5_fused_1 in T.thread_binding(14, thread="threadIdx.y"):
                            for ax0_ax1_ax3_ax4_ax5_fused_2 in T.thread_binding(32, thread="threadIdx.x"):
                                for ax0_ax1_ax3_ax4_ax5_fused_3 in T.vectorized(8):
                                    with T.block("conv2d_nchw_reindex_shared.dyn"):
                                        v0 = T.axis.spatial(49, ax2_0_1_ax3_0_1_fused // 2 * 7 + (ax0_ax1_ax3_ax4_ax5_fused_0 * 3584 + ax0_ax1_ax3_ax4_ax5_fused_1 * 256 + ax0_ax1_ax3_ax4_ax5_fused_2 * 8 + ax0_ax1_ax3_ax4_ax5_fused_3) // 1024)
                                        v1 = T.axis.spatial(4, ax2_0_1_ax3_0_1_fused % 2 * 2 + (ax0_ax1_ax3_ax4_ax5_fused_0 * 3584 + ax0_ax1_ax3_ax4_ax5_fused_1 * 256 + ax0_ax1_ax3_ax4_ax5_fused_2 * 8 + ax0_ax1_ax3_ax4_ax5_fused_3) % 1024 // 512)
                                        v2 = T.axis.spatial(1, ax2)
                                        v3 = T.axis.spatial(2, (ax0_ax1_ax3_ax4_ax5_fused_0 * 3584 + ax0_ax1_ax3_ax4_ax5_fused_1 * 256 + ax0_ax1_ax3_ax4_ax5_fused_2 * 8 + ax0_ax1_ax3_ax4_ax5_fused_3) % 512 // 256)
                                        v4 = T.axis.spatial(16, (ax0_ax1_ax3_ax4_ax5_fused_0 * 3584 + ax0_ax1_ax3_ax4_ax5_fused_1 * 256 + ax0_ax1_ax3_ax4_ax5_fused_2 * 8 + ax0_ax1_ax3_ax4_ax5_fused_3) % 256 // 16)
                                        v5 = T.axis.spatial(16, (ax0_ax1_ax3_ax4_ax5_fused_0 * 3584 + ax0_ax1_ax3_ax4_ax5_fused_1 * 256 + ax0_ax1_ax3_ax4_ax5_fused_2 * 8 + ax0_ax1_ax3_ax4_ax5_fused_3) % 16)
                                        T.reads(conv2d_nchw_reindex_shared_dyn[v0, v1, v2, v3, v4, v5])
                                        T.writes(conv2d_nchw[0, v5 + v3 * 16 + v1 * 32, (v4 + v0 * 16) // 28, (v4 + v0 * 16) % 28])
                                        conv2d_nchw[0, v5 + v3 * 16 + v1 * 32, (v4 + v0 * 16) // 28, (v4 + v0 * 16) % 28] = conv2d_nchw_reindex_shared_dyn[v0, v1, v2, v3, v4, v5]
b0 = sch.get_block(name="pad_temp", func_name="main")
b1 = sch.get_block(name="conv2d_nchw", func_name="main")
b2 = sch.get_block(name="root", func_name="main")
sch.annotate(block_or_loop=b1, ann_key="meta_schedule.tiling_structure", ann_val="SSSRRSRS")
b3 = sch.reindex(block=b1, buffer=("write", 0))
b4 = sch.reindex(block=b1, buffer=("read", 0))
b5 = sch.reindex(block=b1, buffer=("read", 1))
sch.transform_layout(block=b1, buffer=("read", 0), index_map=lambda v_nn, v_yy, v_xx, v_rc: (v_nn * 784 + v_yy * 28 + v_xx, v_rc,), pad_value=None, assume_injective_transform=True)
sch.transform_layout(block=b1, buffer=("read", 1), index_map=lambda v_ff, v_rc, v_ry, v_rx: (v_ry, v_rx, v_ff, v_rc,), pad_value=None, assume_injective_transform=True)
sch.transform_layout(block=b1, buffer=("write", 0), index_map=lambda v_nn, v_ff, v_yy, v_xx: (v_nn * 784 + v_yy * 28 + v_xx, v_ff,), pad_value=None, assume_injective_transform=True)
sch.transform_block_layout(block=b3, index_map=lambda v_nn, v_ff, v_yy, v_xx: (v_nn * 784 + v_yy * 28 + v_xx, v_ff,))
sch.transform_block_layout(block=b4, index_map=lambda v_nn, v_yy, v_xx, v_rc: (v_nn * 784 + v_yy * 28 + v_xx, v_rc,))
sch.transform_block_layout(block=b5, index_map=lambda v_ff, v_rc, v_ry, v_rx: (v_ry, v_rx, v_ff, v_rc,))
sch.transform_block_layout(block=b1, index_map=lambda v_nn, v_ff, v_yy, v_xx, v_rc, v_ry, v_rx: (v_ry, v_rx, v_nn * 784 + v_yy * 28 + v_xx, v_ff, v_rc,))
l6, l7, l8, l9, l10 = sch.get_loops(block=b1)
l11, l12 = sch.split(loop=l10, factors=[None, 16], preserve_unit_iters=True, disable_predication=False)
l13, l14 = sch.split(loop=l9, factors=[None, 16], preserve_unit_iters=True, disable_predication=False)
l15, l16 = sch.split(loop=l8, factors=[None, 16], preserve_unit_iters=True, disable_predication=False)
l17, l18, l19, l20, l21, l22, l23, l24 = sch.get_loops(block=b1)
sch.reorder(l21, l23, l16, l14, l12)
b25 = sch.blockize(target=l16, preserve_unit_iters=True)
sch.annotate(block_or_loop=b25, ann_key="meta_schedule.auto_tensorize", ann_val="wmma_sync_16x16x16_f16f16f16_trans")
sch.annotate(block_or_loop=b25, ann_key="meta_schedule.auto_tensorize_init", ann_val="wmma_fill_16x16x16_f16")
sch.annotate(block_or_loop=b25, ann_key="warp_execution", ann_val=1)
l26, l27, l28, l29, l30 = sch.get_loops(block=b25)
v31, v32, v33, v34, v35 = sch.sample_perfect_tile(loop=l28, n=5, max_innermost_factor=4, decision=[1, 7, 7, 1, 1])
l36, l37, l38, l39, l40 = sch.split(loop=l28, factors=[v31, v32, v33, v34, v35], preserve_unit_iters=True, disable_predication=False)
v41, v42, v43, v44, v45 = sch.sample_perfect_tile(loop=l29, n=5, max_innermost_factor=4, decision=[1, 2, 2, 2, 1])
l46, l47, l48, l49, l50 = sch.split(loop=l29, factors=[v41, v42, v43, v44, v45], preserve_unit_iters=True, disable_predication=False)
v51, v52, v53 = sch.sample_perfect_tile(loop=l30, n=3, max_innermost_factor=4, decision=[2, 1, 2])
l54, l55, l56 = sch.split(loop=l30, factors=[v51, v52, v53], preserve_unit_iters=True, disable_predication=False)
sch.reorder(l36, l46, l37, l47, l38, l48, l54, l55, l39, l49, l56, l40, l50)
l57 = sch.fuse(l26, l27, l36, l46, preserve_unit_iters=True)
sch.bind(loop=l57, thread_axis="blockIdx.y")
l58 = sch.fuse(l37, l47, preserve_unit_iters=True)
sch.bind(loop=l58, thread_axis="blockIdx.x")
l59 = sch.fuse(l38, l48, preserve_unit_iters=True)
sch.bind(loop=l59, thread_axis="threadIdx.y")
sch.annotate(block_or_loop=b25, ann_key="meta_schedule.thread_extent_low_inclusive", ann_val=32)
sch.annotate(block_or_loop=b25, ann_key="meta_schedule.thread_extent_high_inclusive", ann_val=1024)
sch.transform_layout(block=b25, buffer=("write", 0), index_map=lambda i0, i1: (i0 // 16 // (v34 * v35), i1 // 16 // (v44 * v45), i0 // 16 % (v34 * v35), i1 // 16 % (v44 * v45), i0 % 16, i1 % 16,), pad_value=None, assume_injective_transform=True)
b60 = sch.cache_write(block=b25, write_buffer_index=0, storage_scope="shared.dyn")
sch.reverse_compute_at(block=b60, loop=l58, preserve_unit_loops=True, index=-1)
b61 = sch.cache_write(block=b25, write_buffer_index=0, storage_scope="wmma.accumulator")
l62, l63, l64, l65, l66, l67, l68, l69 = sch.get_loops(block=b60)
sch.reorder(l66, l64, l65, l67)
sch.compute_at(block=b61, loop=l66, preserve_unit_loops=True, index=-1)
l70, l71, l72, l73, l74, l75, l76, l77, l78 = sch.get_loops(block=b61)
l79 = sch.fuse(l73, l74, preserve_unit_iters=True)
sch.bind(loop=l79, thread_axis="threadIdx.y")
sch.reverse_compute_inline(block=b3)
l80, l81, l82, l83, l84, l85, l86, l87 = sch.get_loops(block=b61)
b88 = sch.blockize(target=l86, preserve_unit_iters=True)
sch.annotate(block_or_loop=b88, ann_key="meta_schedule.auto_tensorize", ann_val="wmma_store_16x16x16_f16_shared_dyn")
l89, l90, l91, l92, l93, l94, l95, l96 = sch.get_loops(block=b60)
l97 = sch.fuse(l92, l93, l94, l95, l96, preserve_unit_iters=True)
v98 = sch.sample_categorical(candidates=[1, 2, 4, 8], probs=[0.25, 0.25, 0.25, 0.25], decision=3)
sch.annotate(block_or_loop=b60, ann_key="meta_schedule.cooperative_fetch", ann_val=v98)
b99 = sch.cache_read(block=b25, read_buffer_index=0, storage_scope="shared.dyn", consumer_blocks=[b25])
sch.compute_at(block=b99, loop=l54, preserve_unit_loops=True, index=-1)
l100, l101, l102, l103, l104, l105 = sch.get_loops(block=b99)
l106 = sch.fuse(l104, l105, preserve_unit_iters=True)
v107 = sch.sample_categorical(candidates=[1, 2, 4, 8], probs=[0.25, 0.25, 0.25, 0.25], decision=2)
sch.annotate(block_or_loop=b99, ann_key="meta_schedule.cooperative_fetch", ann_val=v107)
b108 = sch.cache_read(block=b25, read_buffer_index=1, storage_scope="shared.dyn", consumer_blocks=[b25])
sch.compute_at(block=b108, loop=l54, preserve_unit_loops=True, index=-1)
l109, l110, l111, l112, l113, l114, l115, l116 = sch.get_loops(block=b108)
l117 = sch.fuse(l113, l114, l115, l116, preserve_unit_iters=True)
v118 = sch.sample_categorical(candidates=[1, 2, 4, 8], probs=[0.25, 0.25, 0.25, 0.25], decision=0)
sch.annotate(block_or_loop=b108, ann_key="meta_schedule.cooperative_fetch", ann_val=v118)
b119 = sch.cache_read(block=b25, read_buffer_index=0, storage_scope="wmma.matrix_a")
sch.compute_at(block=b119, loop=l55, preserve_unit_loops=True, index=-1)
l120, l121, l122, l123, l124, l125, l126 = sch.get_loops(block=b119)
l127, l128 = sch.split(loop=l126, factors=[None, 16], preserve_unit_iters=True, disable_predication=False)
l129, l130 = sch.split(loop=l125, factors=[None, 16], preserve_unit_iters=True, disable_predication=False)
l131, l132, l133, l134, l135, l136, l137, l138, l139 = sch.get_loops(block=b119)
sch.reorder(l138, l130, l128)
b140 = sch.blockize(target=l130, preserve_unit_iters=True)
sch.annotate(block_or_loop=b140, ann_key="meta_schedule.auto_tensorize", ann_val="wmma_load_16x16x16_f16_a_shared_dyn")
b141 = sch.cache_read(block=b25, read_buffer_index=1, storage_scope="wmma.matrix_b")
sch.compute_at(block=b141, loop=l55, preserve_unit_loops=True, index=-1)
l142, l143, l144, l145, l146, l147, l148, l149, l150 = sch.get_loops(block=b141)
l151, l152 = sch.split(loop=l150, factors=[None, 16], preserve_unit_iters=True, disable_predication=False)
l153, l154 = sch.split(loop=l149, factors=[None, 16], preserve_unit_iters=True, disable_predication=False)
l155, l156, l157, l158, l159, l160, l161, l162, l163, l164, l165 = sch.get_loops(block=b141)
sch.reorder(l164, l154, l152)
b166 = sch.blockize(target=l154, preserve_unit_iters=True)
sch.annotate(block_or_loop=b166, ann_key="meta_schedule.auto_tensorize", ann_val="wmma_load_16x16x16_f16_b_trans_shared_dyn")
b167, = sch.get_producers(block=b99)
sch.compute_inline(block=b167)
sch.storage_align(block=b99, buffer_index=0, axis=-2, factor=32, offset=8)
b168, = sch.get_producers(block=b108)
sch.compute_inline(block=b168)
sch.storage_align(block=b108, buffer_index=0, axis=-2, factor=32, offset=8)
sch.compute_inline(block=b0)
v169 = sch.sample_categorical(candidates=[0, 16, 64, 512, 1024], probs=[0.20000000000000001, 0.20000000000000001, 0.20000000000000001, 0.20000000000000001, 0.20000000000000001], decision=2)
sch.annotate(block_or_loop=b2, ann_key="meta_schedule.unroll_explicit", ann_val=v169)
sch.enter_postproc()
sch.unannotate(block_or_loop=b60, ann_key="meta_schedule.cooperative_fetch")
l170, l171, l172, l173 = sch.get_loops(block=b60)
l174, l175, l176, l177 = sch.split(loop=l173, factors=[None, 14, 32, 8], preserve_unit_iters=True, disable_predication=False)
sch.vectorize(loop=l177)
sch.bind(loop=l176, thread_axis="threadIdx.x")
sch.bind(loop=l175, thread_axis="threadIdx.y")
sch.unannotate(block_or_loop=b99, ann_key="meta_schedule.cooperative_fetch")
l178, l179, l180, l181, l182 = sch.get_loops(block=b99)
l183, l184, l185, l186 = sch.split(loop=l182, factors=[None, 14, 32, 4], preserve_unit_iters=True, disable_predication=False)
sch.vectorize(loop=l186)
sch.bind(loop=l185, thread_axis="threadIdx.x")
sch.bind(loop=l184, thread_axis="threadIdx.y")
sch.unannotate(block_or_loop=b108, ann_key="meta_schedule.cooperative_fetch")
l187, l188, l189, l190, l191 = sch.get_loops(block=b108)
l192, l193, l194 = sch.split(loop=l191, factors=[None, 14, 32], preserve_unit_iters=True, disable_predication=False)
sch.bind(loop=l194, thread_axis="threadIdx.x")
sch.bind(loop=l193, thread_axis="threadIdx.y")
b195 = sch.get_block(name="root", func_name="main")
sch.unannotate(block_or_loop=b195, ann_key="meta_schedule.unroll_explicit")
b196, b197, b198, b199, b200, b201, b202 = sch.get_child_blocks(b195)
l203, l204, l205, l206, l207, l208, l209, l210 = sch.get_loops(block=b196)
l211, l212, l213, l214, l215, l216, l217 = sch.get_loops(block=b197)
l218, l219, l220, l221, l222, l223, l224 = sch.get_loops(block=b198)
l225, l226, l227, l228, l229, l230, l231, l232, l233 = sch.get_loops(block=b199)
l234, l235, l236, l237, l238, l239, l240, l241, l242, l243 = sch.get_loops(block=b200)
sch.annotate(block_or_loop=l234, ann_key="pragma_auto_unroll_max_step", ann_val=64)
sch.annotate(block_or_loop=l234, ann_key="pragma_unroll_explicit", ann_val=1)
l244, l245, l246, l247, l248, l249 = sch.get_loops(block=b201)
l250, l251, l252, l253, l254, l255, l256 = sch.get_loops(block=b202)
b257 = sch.get_block(name="conv2d_nchw_o", func_name="main")
l258, l259, l260, l261, l262, l263, l264, l265, l266, l267 = sch.get_loops(block=b257)
b268 = sch.decompose_reduction(block=b257, loop=l261)
sch.unannotate(block_or_loop=b268, ann_key="meta_schedule.auto_tensorize")
sch.annotate(block_or_loop=b268, ann_key="meta_schedule.auto_tensorize", ann_val="wmma_fill_16x16x16_f16")
sch.unannotate(block_or_loop=b257, ann_key="meta_schedule.auto_tensorize_init")
sch.unannotate(block_or_loop=b268, ann_key="meta_schedule.auto_tensorize_init")
b269 = sch.get_block(name="conv2d_nchw_o_init", func_name="main")
sch.unannotate(block_or_loop=b269, ann_key="meta_schedule.auto_tensorize")
sch.tensorize(block_or_loop=b269, tensor_intrin="wmma_fill_16x16x16_f16", preserve_unit_iters=True)
b270 = sch.get_block(name="pad_temp_reindex_shared.dyn_wmma.matrix_a_o", func_name="main")
sch.unannotate(block_or_loop=b270, ann_key="meta_schedule.auto_tensorize")
sch.tensorize(block_or_loop=b270, tensor_intrin="wmma_load_16x16x16_f16_a_shared_dyn", preserve_unit_iters=True)
b271 = sch.get_block(name="W_reindex_shared.dyn_wmma.matrix_b_o", func_name="main")
sch.unannotate(block_or_loop=b271, ann_key="meta_schedule.auto_tensorize")
sch.tensorize(block_or_loop=b271, tensor_intrin="wmma_load_16x16x16_f16_b_trans_shared_dyn", preserve_unit_iters=True)
b272 = sch.get_block(name="conv2d_nchw_o_update", func_name="main")
sch.unannotate(block_or_loop=b272, ann_key="meta_schedule.auto_tensorize")
sch.tensorize(block_or_loop=b272, tensor_intrin="wmma_sync_16x16x16_f16f16f16_trans", preserve_unit_iters=True)
b273 = sch.get_block(name="conv2d_nchw_reindex_shared.dyn_wmma.accumulator_o", func_name="main")
sch.unannotate(block_or_loop=b273, ann_key="meta_schedule.auto_tensorize")
sch.tensorize(block_or_loop=b273, tensor_intrin="wmma_store_16x16x16_f16_shared_dyn", preserve_unit_iters=True)
2025-10-07 09:26:43 [INFO] [task_scheduler.cc:131] [Task #0: main] Trial #108: GFLOPs: 1964.7841. Time: 6.5376 us. Best GFLOPs: 4383.0433
2025-10-07 09:26:43 [INFO] [task_scheduler.cc:131] [Task #0: main] Trial #109: GFLOPs: 2115.4145. Time: 6.0721 us. Best GFLOPs: 4383.0433
2025-10-07 09:26:43 [INFO] [task_scheduler.cc:131] [Task #0: main] Trial #110: GFLOPs: 2739.4684. Time: 4.6889 us. Best GFLOPs: 4383.0433
2025-10-07 09:26:43 [INFO] [task_scheduler.cc:131] [Task #0: main] Trial #111: GFLOPs: 3971.9313. Time: 3.2340 us. Best GFLOPs: 4383.0433
2025-10-07 09:26:43 [INFO] [task_scheduler.cc:131] [Task #0: main] Trial #112: GFLOPs: 4173.3182. Time: 3.0779 us. Best GFLOPs: 4383.0433
2025-10-07 09:26:43 [INFO] [task_scheduler.cc:131] [Task #0: main] Trial #113: GFLOPs: 2835.7571. Time: 4.5297 us. Best GFLOPs: 4383.0433
2025-10-07 09:26:43 [INFO] [task_scheduler.cc:131] [Task #0: main] Trial #114: GFLOPs: 2216.1420. Time: 5.7961 us. Best GFLOPs: 4383.0433
2025-10-07 09:26:43 [INFO] [task_scheduler.cc:121] [Task #0: main] Trial #115: Error in building:
LocalBuilder: An exception occurred
Traceback (most recent call last):
  File "/workspace/tvm-dev/python/tvm/exec/popen_worker.py", line 87, in main
    result = fn(*args, **kwargs)
             ^^^^^^^^^^^^^^^^^^^
  File "/workspace/tvm-dev/python/tvm/meta_schedule/builder/local_builder.py", line 165, in <lambda>
    lambda x: _worker_func(*x),
              ^^^^^^^^^^^^^^^^
  File "/workspace/tvm-dev/python/tvm/meta_schedule/builder/local_builder.py", line 231, in _worker_func
    rt_mod: Module = f_build(mod, target, _deserialize_params(params))
                     ^^^^^^^^^^^^^^^^^^^^^^^^^^^^^^^^^^^^^^^^^^^^^^^^^
  File "/workspace/tvm-dev/python/tvm/_ffi/_ctypes/packed_func.py", line 245, in __call__
    raise_last_ffi_error()
  File "/workspace/tvm-dev/python/tvm/_ffi/base.py", line 481, in raise_last_ffi_error
    raise py_err
  File "/workspace/tvm-dev/python/tvm/meta_schedule/builder/local_builder.py", line 261, in default_build
    return tvm_build(mod, target=target)
           ^^^^^^^^^^^^^^^^^^^^^^^^^^^^^
  File "/workspace/tvm-dev/python/tvm/driver/build_module.py", line 297, in build
    rt_mod_host = _driver_ffi.tir_to_runtime(annotated_mods, target_host)
                  ^^^^^^^^^^^^^^^^^^^^^^^^^^^^^^^^^^^^^^^^^^^^^^^^^^^^^^^
  File "/workspace/tvm-dev/python/tvm/_ffi/_ctypes/packed_func.py", line 245, in __call__
    raise_last_ffi_error()
  File "/workspace/tvm-dev/python/tvm/_ffi/base.py", line 481, in raise_last_ffi_error
    raise py_err
ValueError: Traceback (most recent call last):
  14: tvm::runtime::PackedFuncObj::Extractor<tvm::runtime::PackedFuncSubObj<tvm::runtime::TypedPackedFunc<tvm::runtime::Module (tvm::runtime::Map<tvm::Target, tvm::IRModule, void, void> const&, tvm::Target)>::AssignTypedLambda<tvm::__mk_TVM24::{lambda(tvm::runtime::Map<tvm::Target, tvm::IRModule, void, void> const&, tvm::Target)#1}>(tvm::__mk_TVM24::{lambda(tvm::runtime::Map<tvm::Target, tvm::IRModule, void, void> const&, tvm::Target)#1}, std::__cxx11::basic_string<char, std::char_traits<char>, std::allocator<char> >)::{lambda(tvm::runtime::TVMArgs const&, tvm::runtime::TVMRetValue*)#1}> >::Call(tvm::runtime::PackedFuncObj const*, std::__cxx11::basic_string<char, std::char_traits<char>, std::allocator<char> >, tvm::runtime::TVMRetValue)
  13: tvm::TIRToRuntime(tvm::runtime::Map<tvm::Target, tvm::IRModule, void, void> const&, tvm::Target const&)
  12: tvm::codegen::Build(tvm::IRModule, tvm::Target)
  11: _ZN3tvm7runtime13PackedFuncObj
  10: tvm::runtime::TypedPackedFunc<tvm::runtime::Module (tvm::IRModule, tvm::Target)>::AssignTypedLambda<tvm::runtime::Module (*)(tvm::IRModule, tvm::Target)>(tvm::runtime::Module (*)(tvm::IRModule, tvm::Target), std::__cxx11::basic_string<char, std::char_traits<char>, std::allocator<char> >)::{lambda(tvm::runtime::TVMArgs const&, tvm::runtime::TVMRetValue*)#1}::operator()(tvm::runtime::TVMArgs const&, tvm::runtime::TVMRetValue*) const
  9: tvm::codegen::BuildCUDA(tvm::IRModule, tvm::Target)
  8: tvm::codegen::CodeGenC::AddFunction(tvm::GlobalVar const&, tvm::tir::PrimFunc const&)
  7: tvm::codegen::CodeGenCUDA::VisitStmt_(tvm::tir::AllocateNode const*)
  6: tvm::codegen::CodeGenCUDA::VisitStmt_(tvm::tir::AllocateNode const*)
  5: tvm::codegen::CodeGenCUDA::VisitStmt_(tvm::tir::AllocateNode const*)
  4: tvm::codegen::CodeGenCUDA::VisitStmt_(tvm::tir::AllocateNode const*)
  3: tvm::codegen::CodeGenC::VisitStmt_(tvm::tir::SeqStmtNode const*)
  2: tvm::codegen::CodeGenC::VisitStmt_(tvm::tir::BufferStoreNode const*)
  1: tvm::codegen::CodeGenC::PrintExpr[abi:cxx11](tvm::PrimExpr const&)
  0: tvm::codegen::CodeGenCUDA::VisitExpr_(tvm::tir::RampNode const*, std::ostream&)
  File "/workspace/tvm-dev/src/target/source/codegen_cuda.cc", line 1204
ValueError: Check failed: lanes <= 4 (8 vs. 4) : Ramp of more than 4 lanes is not allowed.

# from tvm.script import ir as I
# from tvm.script import tir as T

@I.ir_module
class Module:
    @T.prim_func
    def main(A: T.Buffer((1, 64, 56, 56), "float16"), W: T.Buffer((128, 64, 1, 1), "float16"), conv2d_nchw: T.Buffer((1, 128, 28, 28), "float16")):
        T.func_attr({"tir.noalias": T.bool(True)})
        # with T.block("root"):
        conv2d_nchw_reindex_shared_dyn = T.alloc_buffer((49, 4, 1, 2, 16, 16), "float16", scope="shared.dyn")
        conv2d_nchw_reindex_shared_dyn_wmma_accumulator = T.alloc_buffer((49, 4, 1, 2, 16, 16), "float16", scope="wmma.accumulator")
        pad_temp_reindex_shared_dyn = T.alloc_buffer((784, 64), "float16", scope="shared.dyn")
        W_reindex_shared_dyn = T.alloc_buffer((1, 1, 128, 64), "float16", scope="shared.dyn")
        pad_temp_reindex_shared_dyn_wmma_matrix_a = T.alloc_buffer((784, 64), "float16", scope="wmma.matrix_a")
        W_reindex_shared_dyn_wmma_matrix_b = T.alloc_buffer((1, 1, 128, 64), "float16", scope="wmma.matrix_b")
        for ax0_ax1_ax2_0_0_ax3_0_0_fused in T.thread_binding(1, thread="blockIdx.y", annotations={"pragma_auto_unroll_max_step": 1024, "pragma_unroll_explicit": 1}):
            for ax2_0_1_ax3_0_1_fused in T.thread_binding(28, thread="blockIdx.x"):
                for ax2_0_2_ax3_0_2_fused in T.thread_binding(7, thread="threadIdx.y"):
                    for ax2_0_3_init, ax3_0_3_init, ax2_0_4_init, ax3_0_4_init in T.grid(1, 2, 1, 1):
                        with T.block("conv2d_nchw_o_init"):
                            v0_o = T.axis.spatial(1, 0)
                            v1_o = T.axis.spatial(1, 0)
                            v2_o = T.axis.spatial(49, ax2_0_1_ax3_0_1_fused // 4 * 7 + ax2_0_2_ax3_0_2_fused + ax2_0_3_init + ax2_0_4_init)
                            v3_o = T.axis.spatial(8, ax2_0_1_ax3_0_1_fused % 4 * 2 + ax3_0_3_init + ax3_0_4_init)
                            T.reads()
                            T.writes(conv2d_nchw_reindex_shared_dyn_wmma_accumulator[v2_o, v3_o // 2, 0, v3_o % 2, 0:16, 0:16])
                            T.block_attr({"meta_schedule.thread_extent_high_inclusive": 1024, "meta_schedule.thread_extent_low_inclusive": 32, "warp_execution": 1})
                            C = T.match_buffer(conv2d_nchw_reindex_shared_dyn_wmma_accumulator[v2_o, v3_o // 2, 0, v3_o % 2, 0:16, 0:16], (16, 16), "float16", strides=("C_s0", "C_s1"), scope="wmma.accumulator", offset_factor=16)
                            T.tvm_fill_fragment(C.data, 16, 16, 16, C.elem_offset // C.strides[0] // 16 * (C.strides[0] // 16) + C.elem_offset % C.strides[0] // 16, T.float32(0.0))
                    for ax4_0_0 in range(1):
                        for ax0_ax1_fused_0 in range(8):
                            for ax0_ax1_fused_1 in T.thread_binding(7, thread="threadIdx.y"):
                                for ax0_ax1_fused_2 in T.thread_binding(32, thread="threadIdx.x"):
                                    for ax0_ax1_fused_3 in T.vectorized(4):
                                        with T.block("pad_temp_reindex_shared.dyn"):
                                            v0 = T.axis.spatial(784, ax2_0_1_ax3_0_1_fused // 4 * 112 + (ax0_ax1_fused_0 * 896 + ax0_ax1_fused_1 * 128 + ax0_ax1_fused_2 * 4 + ax0_ax1_fused_3) // 64)
                                            v1 = T.axis.spatial(64, (ax0_ax1_fused_0 * 896 + ax0_ax1_fused_1 * 128 + ax0_ax1_fused_2 * 4 + ax0_ax1_fused_3) % 64)
                                            T.reads(A[0, v1, v0 // 28 * 2, v0 % 28 * 2])
                                            T.writes(pad_temp_reindex_shared_dyn[v0, v1])
                                            T.block_attr({"buffer_dim_align": [[0, 0, 32, 8]]})
                                            pad_temp_reindex_shared_dyn[v0, v1] = A[0, v1, v0 // 28 * 2, v0 % 28 * 2]
                        for ax0_ax1_ax2_ax3_fused_0 in range(5):
                            for ax0_ax1_ax2_ax3_fused_1 in T.thread_binding(7, thread="threadIdx.y"):
                                for ax0_ax1_ax2_ax3_fused_2 in T.thread_binding(32, thread="threadIdx.x"):
                                    for ax0_ax1_ax2_ax3_fused_3 in T.vectorized(2):
                                        with T.block("W_reindex_shared.dyn"):
                                            v0 = T.axis.spatial(1, 0)
                                            v1 = T.axis.spatial(1, 0)
                                            v2 = T.axis.spatial(128, ax2_0_1_ax3_0_1_fused % 4 * 32 + (ax0_ax1_ax2_ax3_fused_0 * 448 + ax0_ax1_ax2_ax3_fused_1 * 64 + ax0_ax1_ax2_ax3_fused_2 * 2 + ax0_ax1_ax2_ax3_fused_3) // 64)
                                            v3 = T.axis.spatial(64, (ax0_ax1_ax2_ax3_fused_0 * 448 + ax0_ax1_ax2_ax3_fused_1 * 64 + ax0_ax1_ax2_ax3_fused_2 * 2 + ax0_ax1_ax2_ax3_fused_3) % 64)
                                            T.where(((ax0_ax1_ax2_ax3_fused_0 * 7 + ax0_ax1_ax2_ax3_fused_1) * 32 + ax0_ax1_ax2_ax3_fused_2) * 2 + ax0_ax1_ax2_ax3_fused_3 < 2048)
                                            T.reads(W[v2, v3, v0, v1])
                                            T.writes(W_reindex_shared_dyn[v0, v1, v2, v3])
                                            T.block_attr({"buffer_dim_align": [[0, 2, 32, 8]]})
                                            W_reindex_shared_dyn[v0, v1, v2, v3] = W[v2, v3, v0, v1]
                        for ax4_0_1 in range(1):
                            for ax0_0, ax1_0 in T.grid(1, 4):
                                with T.block("pad_temp_reindex_shared.dyn_wmma.matrix_a_o"):
                                    v0_o = T.axis.spatial(49, ax2_0_1_ax3_0_1_fused // 4 * 7 + ax2_0_2_ax3_0_2_fused + ax0_0)
                                    v1_o = T.axis.spatial(4, ax1_0)
                                    T.reads(pad_temp_reindex_shared_dyn[v0_o * 16:v0_o * 16 + 16, v1_o * 16:v1_o * 16 + 16])
                                    T.writes(pad_temp_reindex_shared_dyn_wmma_matrix_a[v0_o * 16:v0_o * 16 + 16, v1_o * 16:v1_o * 16 + 16])
                                    A_1 = T.match_buffer(pad_temp_reindex_shared_dyn[v0_o * 16:v0_o * 16 + 16, v1_o * 16:v1_o * 16 + 16], (16, 16), "float16", strides=("A_s0", "A_s1"), scope="shared.dyn", offset_factor=16)
                                    C = T.match_buffer(pad_temp_reindex_shared_dyn_wmma_matrix_a[v0_o * 16:v0_o * 16 + 16, v1_o * 16:v1_o * 16 + 16], (16, 16), "float16", strides=("C_s0", "C_s1"), scope="wmma.matrix_a", offset_factor=16)
                                    T.tvm_load_matrix_sync(C.data, 16, 16, 16, C.elem_offset // C.strides[0] // 16 * (C.strides[0] // 16) + C.elem_offset % C.strides[0] // 16, T.tvm_access_ptr(T.type_annotation("float16"), A_1.data, A_1.elem_offset, A_1.strides[0] * 16, 1), A_1.strides[0], "row_major")
                            for ax0, ax1, ax2_0, ax3_0 in T.grid(1, 1, 2, 4):
                                with T.block("W_reindex_shared.dyn_wmma.matrix_b_o"):
                                    v0_o, v1_o = T.axis.remap("SS", [ax0, ax1])
                                    v2_o = T.axis.spatial(8, ax2_0_1_ax3_0_1_fused % 4 * 2 + ax2_0)
                                    v3_o = T.axis.spatial(4, ax3_0)
                                    T.reads(W_reindex_shared_dyn[v0_o, v1_o, v2_o * 16:v2_o * 16 + 16, v3_o * 16:v3_o * 16 + 16])
                                    T.writes(W_reindex_shared_dyn_wmma_matrix_b[v0_o, v1_o, v2_o * 16:v2_o * 16 + 16, v3_o * 16:v3_o * 16 + 16])
                                    A_1 = T.match_buffer(W_reindex_shared_dyn[v0_o, v1_o, v2_o * 16:v2_o * 16 + 16, v3_o * 16:v3_o * 16 + 16], (16, 16), "float16", strides=("A_s0", "A_s1"), scope="shared.dyn", offset_factor=16)
                                    C = T.match_buffer(W_reindex_shared_dyn_wmma_matrix_b[v0_o, v1_o, v2_o * 16:v2_o * 16 + 16, v3_o * 16:v3_o * 16 + 16], (16, 16), "float16", strides=("C_s0", "C_s1"), scope="wmma.matrix_b", offset_factor=16)
                                    T.tvm_load_matrix_sync(C.data, 16, 16, 16, C.elem_offset // C.strides[0] // 16 * (C.strides[0] // 16) + C.elem_offset % C.strides[0] // 16, T.tvm_access_ptr(T.type_annotation("float16"), A_1.data, A_1.elem_offset, A_1.strides[0] * 16, 1), A_1.strides[0], "col_major")
                            for ax2_0_3, ax3_0_3, ax4_0_2, ax2_0_4, ax3_0_4 in T.grid(1, 2, 4, 1, 1):
                                with T.block("conv2d_nchw_o_update"):
                                    v0_o = T.axis.spatial(1, 0)
                                    v1_o = T.axis.spatial(1, 0)
                                    v2_o = T.axis.spatial(49, ax2_0_1_ax3_0_1_fused // 4 * 7 + ax2_0_2_ax3_0_2_fused + ax2_0_3 + ax2_0_4)
                                    v3_o = T.axis.spatial(8, ax2_0_1_ax3_0_1_fused % 4 * 2 + ax3_0_3 + ax3_0_4)
                                    v4_o = T.axis.reduce(4, ax4_0_0 * 4 + ax4_0_1 * 4 + ax4_0_2)
                                    T.reads(conv2d_nchw_reindex_shared_dyn_wmma_accumulator[v2_o, v3_o // 2, 0, v3_o % 2, 0:16, 0:16], pad_temp_reindex_shared_dyn_wmma_matrix_a[v2_o * 16:v2_o * 16 + 16, v4_o * 16:v4_o * 16 + 16], W_reindex_shared_dyn_wmma_matrix_b[v0_o, v1_o, v3_o * 16:v3_o * 16 + 16, v4_o * 16:v4_o * 16 + 16])
                                    T.writes(conv2d_nchw_reindex_shared_dyn_wmma_accumulator[v2_o, v3_o // 2, 0, v3_o % 2, 0:16, 0:16])
                                    T.block_attr({"meta_schedule.thread_extent_high_inclusive": 1024, "meta_schedule.thread_extent_low_inclusive": 32, "warp_execution": 1})
                                    A_1 = T.match_buffer(pad_temp_reindex_shared_dyn_wmma_matrix_a[v2_o * 16:v2_o * 16 + 16, v4_o * 16:v4_o * 16 + 16], (16, 16), "float16", strides=("A_s0", "A_s1"), scope="wmma.matrix_a", offset_factor=16)
                                    B = T.match_buffer(W_reindex_shared_dyn_wmma_matrix_b[v0_o, v1_o, v3_o * 16:v3_o * 16 + 16, v4_o * 16:v4_o * 16 + 16], (16, 16), "float16", strides=("B_s0", "B_s1"), scope="wmma.matrix_b", offset_factor=16)
                                    C = T.match_buffer(conv2d_nchw_reindex_shared_dyn_wmma_accumulator[v2_o, v3_o // 2, 0, v3_o % 2, 0:16, 0:16], (16, 16), "float16", strides=("C_s0", "C_s1"), scope="wmma.accumulator", offset_factor=16)
                                    T.tvm_mma_sync(C.data, C.elem_offset // C.strides[0] // 16 * (C.strides[0] // 16) + C.elem_offset % C.strides[0] // 16, A_1.data, A_1.elem_offset // A_1.strides[0] // 16 * (A_1.strides[0] // 16) + A_1.elem_offset % A_1.strides[0] // 16, B.data, B.elem_offset // B.strides[0] // 16 * (B.strides[0] // 16) + B.elem_offset % B.strides[0] // 16, C.data, C.elem_offset // C.strides[0] // 16 * (C.strides[0] // 16) + C.elem_offset % C.strides[0] // 16)
                for ax2 in range(1):
                    for ax0_ax1_fused in T.thread_binding(7, thread="threadIdx.y"):
                        for ax2_1, ax3 in T.grid(1, 2):
                            with T.block("conv2d_nchw_reindex_shared.dyn_wmma.accumulator_o"):
                                v0_o = T.axis.spatial(49, ax2_0_1_ax3_0_1_fused // 4 * 7 + ax0_ax1_fused)
                                v1_o = T.axis.spatial(4, ax2_0_1_ax3_0_1_fused % 4)
                                v2_o, v3_o = T.axis.remap("SS", [ax2_1, ax3])
                                v4_o = T.axis.spatial(1, 0)
                                v5_o = T.axis.spatial(1, 0)
                                T.reads(conv2d_nchw_reindex_shared_dyn_wmma_accumulator[v0_o, v1_o, v2_o, v3_o, 0:16, 0:16])
                                T.writes(conv2d_nchw_reindex_shared_dyn[v0_o, v1_o, v2_o, v3_o, 0:16, 0:16])
                                A_1 = T.match_buffer(conv2d_nchw_reindex_shared_dyn_wmma_accumulator[v0_o, v1_o, v2_o, v3_o, 0:16, 0:16], (16, 16), "float16", strides=("A_s0", "A_s1"), scope="wmma.accumulator", offset_factor=16)
                                C = T.match_buffer(conv2d_nchw_reindex_shared_dyn[v0_o, v1_o, v2_o, v3_o, 0:16, 0:16], (16, 16), "float16", strides=("C_s0", "C_s1"), scope="shared.dyn", offset_factor=16)
                                T.tvm_store_matrix_sync(A_1.data, 16, 16, 16, A_1.elem_offset // A_1.strides[0] // 16 * (A_1.strides[0] // 16) + A_1.elem_offset % A_1.strides[0] // 16, T.tvm_access_ptr(T.type_annotation("float16"), C.data, C.elem_offset, C.strides[0] * 16, 2), C.strides[0], "row_major")
                    for ax0_ax1_ax3_ax4_ax5_fused_0 in range(2):
                        for ax0_ax1_ax3_ax4_ax5_fused_1 in T.thread_binding(7, thread="threadIdx.y"):
                            for ax0_ax1_ax3_ax4_ax5_fused_2 in T.thread_binding(32, thread="threadIdx.x"):
                                for ax0_ax1_ax3_ax4_ax5_fused_3 in T.vectorized(8):
                                    with T.block("conv2d_nchw_reindex_shared.dyn"):
                                        v0 = T.axis.spatial(49, ax2_0_1_ax3_0_1_fused // 4 * 7 + (ax0_ax1_ax3_ax4_ax5_fused_0 * 1792 + ax0_ax1_ax3_ax4_ax5_fused_1 * 256 + ax0_ax1_ax3_ax4_ax5_fused_2 * 8 + ax0_ax1_ax3_ax4_ax5_fused_3) // 512)
                                        v1 = T.axis.spatial(4, ax2_0_1_ax3_0_1_fused % 4)
                                        v2 = T.axis.spatial(1, ax2)
                                        v3 = T.axis.spatial(2, (ax0_ax1_ax3_ax4_ax5_fused_0 * 1792 + ax0_ax1_ax3_ax4_ax5_fused_1 * 256 + ax0_ax1_ax3_ax4_ax5_fused_2 * 8 + ax0_ax1_ax3_ax4_ax5_fused_3) % 512 // 256)
                                        v4 = T.axis.spatial(16, (ax0_ax1_ax3_ax4_ax5_fused_0 * 1792 + ax0_ax1_ax3_ax4_ax5_fused_1 * 256 + ax0_ax1_ax3_ax4_ax5_fused_2 * 8 + ax0_ax1_ax3_ax4_ax5_fused_3) % 256 // 16)
                                        v5 = T.axis.spatial(16, (ax0_ax1_ax3_ax4_ax5_fused_0 * 1792 + ax0_ax1_ax3_ax4_ax5_fused_1 * 256 + ax0_ax1_ax3_ax4_ax5_fused_2 * 8 + ax0_ax1_ax3_ax4_ax5_fused_3) % 16)
                                        T.reads(conv2d_nchw_reindex_shared_dyn[v0, v1, v2, v3, v4, v5])
                                        T.writes(conv2d_nchw[0, v5 + v3 * 16 + v1 * 32, (v4 + v0 * 16) // 28, (v4 + v0 * 16) % 28])
                                        conv2d_nchw[0, v5 + v3 * 16 + v1 * 32, (v4 + v0 * 16) // 28, (v4 + v0 * 16) % 28] = conv2d_nchw_reindex_shared_dyn[v0, v1, v2, v3, v4, v5]
b0 = sch.get_block(name="pad_temp", func_name="main")
b1 = sch.get_block(name="conv2d_nchw", func_name="main")
b2 = sch.get_block(name="root", func_name="main")
sch.annotate(block_or_loop=b1, ann_key="meta_schedule.tiling_structure", ann_val="SSSRRSRS")
b3 = sch.reindex(block=b1, buffer=("write", 0))
b4 = sch.reindex(block=b1, buffer=("read", 0))
b5 = sch.reindex(block=b1, buffer=("read", 1))
sch.transform_layout(block=b1, buffer=("read", 0), index_map=lambda v_nn, v_yy, v_xx, v_rc: (v_nn * 784 + v_yy * 28 + v_xx, v_rc,), pad_value=None, assume_injective_transform=True)
sch.transform_layout(block=b1, buffer=("read", 1), index_map=lambda v_ff, v_rc, v_ry, v_rx: (v_ry, v_rx, v_ff, v_rc,), pad_value=None, assume_injective_transform=True)
sch.transform_layout(block=b1, buffer=("write", 0), index_map=lambda v_nn, v_ff, v_yy, v_xx: (v_nn * 784 + v_yy * 28 + v_xx, v_ff,), pad_value=None, assume_injective_transform=True)
sch.transform_block_layout(block=b3, index_map=lambda v_nn, v_ff, v_yy, v_xx: (v_nn * 784 + v_yy * 28 + v_xx, v_ff,))
sch.transform_block_layout(block=b4, index_map=lambda v_nn, v_yy, v_xx, v_rc: (v_nn * 784 + v_yy * 28 + v_xx, v_rc,))
sch.transform_block_layout(block=b5, index_map=lambda v_ff, v_rc, v_ry, v_rx: (v_ry, v_rx, v_ff, v_rc,))
sch.transform_block_layout(block=b1, index_map=lambda v_nn, v_ff, v_yy, v_xx, v_rc, v_ry, v_rx: (v_ry, v_rx, v_nn * 784 + v_yy * 28 + v_xx, v_ff, v_rc,))
l6, l7, l8, l9, l10 = sch.get_loops(block=b1)
l11, l12 = sch.split(loop=l10, factors=[None, 16], preserve_unit_iters=True, disable_predication=False)
l13, l14 = sch.split(loop=l9, factors=[None, 16], preserve_unit_iters=True, disable_predication=False)
l15, l16 = sch.split(loop=l8, factors=[None, 16], preserve_unit_iters=True, disable_predication=False)
l17, l18, l19, l20, l21, l22, l23, l24 = sch.get_loops(block=b1)
sch.reorder(l21, l23, l16, l14, l12)
b25 = sch.blockize(target=l16, preserve_unit_iters=True)
sch.annotate(block_or_loop=b25, ann_key="meta_schedule.auto_tensorize", ann_val="wmma_sync_16x16x16_f16f16f16_trans")
sch.annotate(block_or_loop=b25, ann_key="meta_schedule.auto_tensorize_init", ann_val="wmma_fill_16x16x16_f16")
sch.annotate(block_or_loop=b25, ann_key="warp_execution", ann_val=1)
l26, l27, l28, l29, l30 = sch.get_loops(block=b25)
v31, v32, v33, v34, v35 = sch.sample_perfect_tile(loop=l28, n=5, max_innermost_factor=4, decision=[1, 7, 7, 1, 1])
l36, l37, l38, l39, l40 = sch.split(loop=l28, factors=[v31, v32, v33, v34, v35], preserve_unit_iters=True, disable_predication=False)
v41, v42, v43, v44, v45 = sch.sample_perfect_tile(loop=l29, n=5, max_innermost_factor=4, decision=[1, 4, 1, 2, 1])
l46, l47, l48, l49, l50 = sch.split(loop=l29, factors=[v41, v42, v43, v44, v45], preserve_unit_iters=True, disable_predication=False)
v51, v52, v53 = sch.sample_perfect_tile(loop=l30, n=3, max_innermost_factor=4, decision=[1, 1, 4])
l54, l55, l56 = sch.split(loop=l30, factors=[v51, v52, v53], preserve_unit_iters=True, disable_predication=False)
sch.reorder(l36, l46, l37, l47, l38, l48, l54, l55, l39, l49, l56, l40, l50)
l57 = sch.fuse(l26, l27, l36, l46, preserve_unit_iters=True)
sch.bind(loop=l57, thread_axis="blockIdx.y")
l58 = sch.fuse(l37, l47, preserve_unit_iters=True)
sch.bind(loop=l58, thread_axis="blockIdx.x")
l59 = sch.fuse(l38, l48, preserve_unit_iters=True)
sch.bind(loop=l59, thread_axis="threadIdx.y")
sch.annotate(block_or_loop=b25, ann_key="meta_schedule.thread_extent_low_inclusive", ann_val=32)
sch.annotate(block_or_loop=b25, ann_key="meta_schedule.thread_extent_high_inclusive", ann_val=1024)
sch.transform_layout(block=b25, buffer=("write", 0), index_map=lambda i0, i1: (i0 // 16 // (v34 * v35), i1 // 16 // (v44 * v45), i0 // 16 % (v34 * v35), i1 // 16 % (v44 * v45), i0 % 16, i1 % 16,), pad_value=None, assume_injective_transform=True)
b60 = sch.cache_write(block=b25, write_buffer_index=0, storage_scope="shared.dyn")
sch.reverse_compute_at(block=b60, loop=l58, preserve_unit_loops=True, index=-1)
b61 = sch.cache_write(block=b25, write_buffer_index=0, storage_scope="wmma.accumulator")
l62, l63, l64, l65, l66, l67, l68, l69 = sch.get_loops(block=b60)
sch.reorder(l66, l64, l65, l67)
sch.compute_at(block=b61, loop=l66, preserve_unit_loops=True, index=-1)
l70, l71, l72, l73, l74, l75, l76, l77, l78 = sch.get_loops(block=b61)
l79 = sch.fuse(l73, l74, preserve_unit_iters=True)
sch.bind(loop=l79, thread_axis="threadIdx.y")
sch.reverse_compute_inline(block=b3)
l80, l81, l82, l83, l84, l85, l86, l87 = sch.get_loops(block=b61)
b88 = sch.blockize(target=l86, preserve_unit_iters=True)
sch.annotate(block_or_loop=b88, ann_key="meta_schedule.auto_tensorize", ann_val="wmma_store_16x16x16_f16_shared_dyn")
l89, l90, l91, l92, l93, l94, l95, l96 = sch.get_loops(block=b60)
l97 = sch.fuse(l92, l93, l94, l95, l96, preserve_unit_iters=True)
v98 = sch.sample_categorical(candidates=[1, 2, 4, 8], probs=[0.25, 0.25, 0.25, 0.25], decision=3)
sch.annotate(block_or_loop=b60, ann_key="meta_schedule.cooperative_fetch", ann_val=v98)
b99 = sch.cache_read(block=b25, read_buffer_index=0, storage_scope="shared.dyn", consumer_blocks=[b25])
sch.compute_at(block=b99, loop=l54, preserve_unit_loops=True, index=-1)
l100, l101, l102, l103, l104, l105 = sch.get_loops(block=b99)
l106 = sch.fuse(l104, l105, preserve_unit_iters=True)
v107 = sch.sample_categorical(candidates=[1, 2, 4, 8], probs=[0.25, 0.25, 0.25, 0.25], decision=2)
sch.annotate(block_or_loop=b99, ann_key="meta_schedule.cooperative_fetch", ann_val=v107)
b108 = sch.cache_read(block=b25, read_buffer_index=1, storage_scope="shared.dyn", consumer_blocks=[b25])
sch.compute_at(block=b108, loop=l54, preserve_unit_loops=True, index=-1)
l109, l110, l111, l112, l113, l114, l115, l116 = sch.get_loops(block=b108)
l117 = sch.fuse(l113, l114, l115, l116, preserve_unit_iters=True)
v118 = sch.sample_categorical(candidates=[1, 2, 4, 8], probs=[0.25, 0.25, 0.25, 0.25], decision=1)
sch.annotate(block_or_loop=b108, ann_key="meta_schedule.cooperative_fetch", ann_val=v118)
b119 = sch.cache_read(block=b25, read_buffer_index=0, storage_scope="wmma.matrix_a")
sch.compute_at(block=b119, loop=l55, preserve_unit_loops=True, index=-1)
l120, l121, l122, l123, l124, l125, l126 = sch.get_loops(block=b119)
l127, l128 = sch.split(loop=l126, factors=[None, 16], preserve_unit_iters=True, disable_predication=False)
l129, l130 = sch.split(loop=l125, factors=[None, 16], preserve_unit_iters=True, disable_predication=False)
l131, l132, l133, l134, l135, l136, l137, l138, l139 = sch.get_loops(block=b119)
sch.reorder(l138, l130, l128)
b140 = sch.blockize(target=l130, preserve_unit_iters=True)
sch.annotate(block_or_loop=b140, ann_key="meta_schedule.auto_tensorize", ann_val="wmma_load_16x16x16_f16_a_shared_dyn")
b141 = sch.cache_read(block=b25, read_buffer_index=1, storage_scope="wmma.matrix_b")
sch.compute_at(block=b141, loop=l55, preserve_unit_loops=True, index=-1)
l142, l143, l144, l145, l146, l147, l148, l149, l150 = sch.get_loops(block=b141)
l151, l152 = sch.split(loop=l150, factors=[None, 16], preserve_unit_iters=True, disable_predication=False)
l153, l154 = sch.split(loop=l149, factors=[None, 16], preserve_unit_iters=True, disable_predication=False)
l155, l156, l157, l158, l159, l160, l161, l162, l163, l164, l165 = sch.get_loops(block=b141)
sch.reorder(l164, l154, l152)
b166 = sch.blockize(target=l154, preserve_unit_iters=True)
sch.annotate(block_or_loop=b166, ann_key="meta_schedule.auto_tensorize", ann_val="wmma_load_16x16x16_f16_b_trans_shared_dyn")
b167, = sch.get_producers(block=b99)
sch.compute_inline(block=b167)
sch.storage_align(block=b99, buffer_index=0, axis=-2, factor=32, offset=8)
b168, = sch.get_producers(block=b108)
sch.compute_inline(block=b168)
sch.storage_align(block=b108, buffer_index=0, axis=-2, factor=32, offset=8)
sch.compute_inline(block=b0)
v169 = sch.sample_categorical(candidates=[0, 16, 64, 512, 1024], probs=[0.20000000000000001, 0.20000000000000001, 0.20000000000000001, 0.20000000000000001, 0.20000000000000001], decision=4)
sch.annotate(block_or_loop=b2, ann_key="meta_schedule.unroll_explicit", ann_val=v169)
sch.enter_postproc()
sch.unannotate(block_or_loop=b60, ann_key="meta_schedule.cooperative_fetch")
l170, l171, l172, l173 = sch.get_loops(block=b60)
l174, l175, l176, l177 = sch.split(loop=l173, factors=[None, 7, 32, 8], preserve_unit_iters=True, disable_predication=False)
sch.vectorize(loop=l177)
sch.bind(loop=l176, thread_axis="threadIdx.x")
sch.bind(loop=l175, thread_axis="threadIdx.y")
sch.unannotate(block_or_loop=b99, ann_key="meta_schedule.cooperative_fetch")
l178, l179, l180, l181, l182 = sch.get_loops(block=b99)
l183, l184, l185, l186 = sch.split(loop=l182, factors=[None, 7, 32, 4], preserve_unit_iters=True, disable_predication=False)
sch.vectorize(loop=l186)
sch.bind(loop=l185, thread_axis="threadIdx.x")
sch.bind(loop=l184, thread_axis="threadIdx.y")
sch.unannotate(block_or_loop=b108, ann_key="meta_schedule.cooperative_fetch")
l187, l188, l189, l190, l191 = sch.get_loops(block=b108)
l192, l193, l194, l195 = sch.split(loop=l191, factors=[None, 7, 32, 2], preserve_unit_iters=True, disable_predication=False)
sch.vectorize(loop=l195)
sch.bind(loop=l194, thread_axis="threadIdx.x")
sch.bind(loop=l193, thread_axis="threadIdx.y")
b196 = sch.get_block(name="root", func_name="main")
sch.unannotate(block_or_loop=b196, ann_key="meta_schedule.unroll_explicit")
b197, b198, b199, b200, b201, b202, b203 = sch.get_child_blocks(b196)
l204, l205, l206, l207, l208, l209, l210, l211 = sch.get_loops(block=b197)
l212, l213, l214, l215, l216, l217, l218, l219 = sch.get_loops(block=b198)
l220, l221, l222, l223, l224, l225, l226 = sch.get_loops(block=b199)
l227, l228, l229, l230, l231, l232, l233, l234, l235 = sch.get_loops(block=b200)
l236, l237, l238, l239, l240, l241, l242, l243, l244, l245 = sch.get_loops(block=b201)
sch.annotate(block_or_loop=l236, ann_key="pragma_auto_unroll_max_step", ann_val=1024)
sch.annotate(block_or_loop=l236, ann_key="pragma_unroll_explicit", ann_val=1)
l246, l247, l248, l249, l250, l251 = sch.get_loops(block=b202)
l252, l253, l254, l255, l256, l257, l258 = sch.get_loops(block=b203)
b259 = sch.get_block(name="conv2d_nchw_o", func_name="main")
l260, l261, l262, l263, l264, l265, l266, l267, l268, l269 = sch.get_loops(block=b259)
b270 = sch.decompose_reduction(block=b259, loop=l263)
sch.unannotate(block_or_loop=b270, ann_key="meta_schedule.auto_tensorize")
sch.annotate(block_or_loop=b270, ann_key="meta_schedule.auto_tensorize", ann_val="wmma_fill_16x16x16_f16")
sch.unannotate(block_or_loop=b259, ann_key="meta_schedule.auto_tensorize_init")
sch.unannotate(block_or_loop=b270, ann_key="meta_schedule.auto_tensorize_init")
b271 = sch.get_block(name="conv2d_nchw_o_init", func_name="main")
sch.unannotate(block_or_loop=b271, ann_key="meta_schedule.auto_tensorize")
sch.tensorize(block_or_loop=b271, tensor_intrin="wmma_fill_16x16x16_f16", preserve_unit_iters=True)
b272 = sch.get_block(name="pad_temp_reindex_shared.dyn_wmma.matrix_a_o", func_name="main")
sch.unannotate(block_or_loop=b272, ann_key="meta_schedule.auto_tensorize")
sch.tensorize(block_or_loop=b272, tensor_intrin="wmma_load_16x16x16_f16_a_shared_dyn", preserve_unit_iters=True)
b273 = sch.get_block(name="W_reindex_shared.dyn_wmma.matrix_b_o", func_name="main")
sch.unannotate(block_or_loop=b273, ann_key="meta_schedule.auto_tensorize")
sch.tensorize(block_or_loop=b273, tensor_intrin="wmma_load_16x16x16_f16_b_trans_shared_dyn", preserve_unit_iters=True)
b274 = sch.get_block(name="conv2d_nchw_o_update", func_name="main")
sch.unannotate(block_or_loop=b274, ann_key="meta_schedule.auto_tensorize")
sch.tensorize(block_or_loop=b274, tensor_intrin="wmma_sync_16x16x16_f16f16f16_trans", preserve_unit_iters=True)
b275 = sch.get_block(name="conv2d_nchw_reindex_shared.dyn_wmma.accumulator_o", func_name="main")
sch.unannotate(block_or_loop=b275, ann_key="meta_schedule.auto_tensorize")
sch.tensorize(block_or_loop=b275, tensor_intrin="wmma_store_16x16x16_f16_shared_dyn", preserve_unit_iters=True)
2025-10-07 09:26:43 [INFO] [task_scheduler.cc:131] [Task #0: main] Trial #116: GFLOPs: 4308.7146. Time: 2.9812 us. Best GFLOPs: 4383.0433
2025-10-07 09:26:43 [INFO] [task_scheduler.cc:131] [Task #0: main] Trial #117: GFLOPs: 2027.6427. Time: 6.3350 us. Best GFLOPs: 4383.0433
2025-10-07 09:26:43 [INFO] [task_scheduler.cc:121] [Task #0: main] Trial #118: Error in building:
LocalBuilder: An exception occurred
Traceback (most recent call last):
  File "/workspace/tvm-dev/python/tvm/exec/popen_worker.py", line 87, in main
    result = fn(*args, **kwargs)
             ^^^^^^^^^^^^^^^^^^^
  File "/workspace/tvm-dev/python/tvm/meta_schedule/builder/local_builder.py", line 165, in <lambda>
    lambda x: _worker_func(*x),
              ^^^^^^^^^^^^^^^^
  File "/workspace/tvm-dev/python/tvm/meta_schedule/builder/local_builder.py", line 231, in _worker_func
    rt_mod: Module = f_build(mod, target, _deserialize_params(params))
                     ^^^^^^^^^^^^^^^^^^^^^^^^^^^^^^^^^^^^^^^^^^^^^^^^^
  File "/workspace/tvm-dev/python/tvm/_ffi/_ctypes/packed_func.py", line 245, in __call__
    raise_last_ffi_error()
  File "/workspace/tvm-dev/python/tvm/_ffi/base.py", line 481, in raise_last_ffi_error
    raise py_err
  File "/workspace/tvm-dev/python/tvm/meta_schedule/builder/local_builder.py", line 261, in default_build
    return tvm_build(mod, target=target)
           ^^^^^^^^^^^^^^^^^^^^^^^^^^^^^
  File "/workspace/tvm-dev/python/tvm/driver/build_module.py", line 297, in build
    rt_mod_host = _driver_ffi.tir_to_runtime(annotated_mods, target_host)
                  ^^^^^^^^^^^^^^^^^^^^^^^^^^^^^^^^^^^^^^^^^^^^^^^^^^^^^^^
  File "/workspace/tvm-dev/python/tvm/_ffi/_ctypes/packed_func.py", line 245, in __call__
    raise_last_ffi_error()
  File "/workspace/tvm-dev/python/tvm/_ffi/base.py", line 481, in raise_last_ffi_error
    raise py_err
ValueError: Traceback (most recent call last):
  14: tvm::runtime::PackedFuncObj::Extractor<tvm::runtime::PackedFuncSubObj<tvm::runtime::TypedPackedFunc<tvm::runtime::Module (tvm::runtime::Map<tvm::Target, tvm::IRModule, void, void> const&, tvm::Target)>::AssignTypedLambda<tvm::__mk_TVM24::{lambda(tvm::runtime::Map<tvm::Target, tvm::IRModule, void, void> const&, tvm::Target)#1}>(tvm::__mk_TVM24::{lambda(tvm::runtime::Map<tvm::Target, tvm::IRModule, void, void> const&, tvm::Target)#1}, std::__cxx11::basic_string<char, std::char_traits<char>, std::allocator<char> >)::{lambda(tvm::runtime::TVMArgs const&, tvm::runtime::TVMRetValue*)#1}> >::Call(tvm::runtime::PackedFuncObj const*, std::__cxx11::basic_string<char, std::char_traits<char>, std::allocator<char> >, tvm::runtime::TVMRetValue)
  13: tvm::TIRToRuntime(tvm::runtime::Map<tvm::Target, tvm::IRModule, void, void> const&, tvm::Target const&)
  12: tvm::codegen::Build(tvm::IRModule, tvm::Target)
  11: _ZN3tvm7runtime13PackedFuncObj
  10: tvm::runtime::TypedPackedFunc<tvm::runtime::Module (tvm::IRModule, tvm::Target)>::AssignTypedLambda<tvm::runtime::Module (*)(tvm::IRModule, tvm::Target)>(tvm::runtime::Module (*)(tvm::IRModule, tvm::Target), std::__cxx11::basic_string<char, std::char_traits<char>, std::allocator<char> >)::{lambda(tvm::runtime::TVMArgs const&, tvm::runtime::TVMRetValue*)#1}::operator()(tvm::runtime::TVMArgs const&, tvm::runtime::TVMRetValue*) const
  9: tvm::codegen::BuildCUDA(tvm::IRModule, tvm::Target)
  8: tvm::codegen::CodeGenC::AddFunction(tvm::GlobalVar const&, tvm::tir::PrimFunc const&)
  7: tvm::codegen::CodeGenCUDA::VisitStmt_(tvm::tir::AllocateNode const*)
  6: tvm::codegen::CodeGenCUDA::VisitStmt_(tvm::tir::AllocateNode const*)
  5: tvm::codegen::CodeGenCUDA::VisitStmt_(tvm::tir::AllocateNode const*)
  4: tvm::codegen::CodeGenCUDA::VisitStmt_(tvm::tir::AllocateNode const*)
  3: tvm::codegen::CodeGenC::VisitStmt_(tvm::tir::SeqStmtNode const*)
  2: tvm::codegen::CodeGenC::VisitStmt_(tvm::tir::BufferStoreNode const*)
  1: tvm::codegen::CodeGenC::PrintExpr[abi:cxx11](tvm::PrimExpr const&)
  0: tvm::codegen::CodeGenCUDA::VisitExpr_(tvm::tir::RampNode const*, std::ostream&)
  File "/workspace/tvm-dev/src/target/source/codegen_cuda.cc", line 1204
ValueError: Check failed: lanes <= 4 (8 vs. 4) : Ramp of more than 4 lanes is not allowed.

# from tvm.script import ir as I
# from tvm.script import tir as T

@I.ir_module
class Module:
    @T.prim_func
    def main(A: T.Buffer((1, 64, 56, 56), "float16"), W: T.Buffer((128, 64, 1, 1), "float16"), conv2d_nchw: T.Buffer((1, 128, 28, 28), "float16")):
        T.func_attr({"tir.noalias": T.bool(True)})
        # with T.block("root"):
        conv2d_nchw_reindex_shared_dyn = T.alloc_buffer((49, 4, 1, 2, 16, 16), "float16", scope="shared.dyn")
        conv2d_nchw_reindex_shared_dyn_wmma_accumulator = T.alloc_buffer((49, 4, 1, 2, 16, 16), "float16", scope="wmma.accumulator")
        pad_temp_reindex_shared_dyn = T.alloc_buffer((784, 64), "float16", scope="shared.dyn")
        W_reindex_shared_dyn = T.alloc_buffer((1, 1, 128, 64), "float16", scope="shared.dyn")
        pad_temp_reindex_shared_dyn_wmma_matrix_a = T.alloc_buffer((784, 64), "float16", scope="wmma.matrix_a")
        W_reindex_shared_dyn_wmma_matrix_b = T.alloc_buffer((1, 1, 128, 64), "float16", scope="wmma.matrix_b")
        for ax0_ax1_ax2_0_0_ax3_0_0_fused in T.thread_binding(1, thread="blockIdx.y", annotations={"pragma_auto_unroll_max_step": 64, "pragma_unroll_explicit": 1}):
            for ax2_0_1_ax3_0_1_fused in T.thread_binding(14, thread="blockIdx.x"):
                for ax2_0_2_ax3_0_2_fused in T.thread_binding(14, thread="threadIdx.y"):
                    for ax2_0_3_init, ax3_0_3_init, ax2_0_4_init, ax3_0_4_init in T.grid(1, 2, 1, 1):
                        with T.block("conv2d_nchw_o_init"):
                            v0_o = T.axis.spatial(1, 0)
                            v1_o = T.axis.spatial(1, 0)
                            v2_o = T.axis.spatial(49, ax2_0_1_ax3_0_1_fused // 2 * 7 + ax2_0_2_ax3_0_2_fused // 2 + ax2_0_3_init + ax2_0_4_init)
                            v3_o = T.axis.spatial(8, ax2_0_1_ax3_0_1_fused % 2 * 4 + ax2_0_2_ax3_0_2_fused % 2 * 2 + ax3_0_3_init + ax3_0_4_init)
                            T.reads()
                            T.writes(conv2d_nchw_reindex_shared_dyn_wmma_accumulator[v2_o, v3_o // 2, 0, v3_o % 2, 0:16, 0:16])
                            T.block_attr({"meta_schedule.thread_extent_high_inclusive": 1024, "meta_schedule.thread_extent_low_inclusive": 32, "warp_execution": 1})
                            C = T.match_buffer(conv2d_nchw_reindex_shared_dyn_wmma_accumulator[v2_o, v3_o // 2, 0, v3_o % 2, 0:16, 0:16], (16, 16), "float16", strides=("C_s0", "C_s1"), scope="wmma.accumulator", offset_factor=16)
                            T.tvm_fill_fragment(C.data, 16, 16, 16, C.elem_offset // C.strides[0] // 16 * (C.strides[0] // 16) + C.elem_offset % C.strides[0] // 16, T.float32(0.0))
                    for ax4_0_0 in range(2):
                        for ax0_ax1_fused_0 in range(2):
                            for ax0_ax1_fused_1 in T.thread_binding(14, thread="threadIdx.y"):
                                for ax0_ax1_fused_2 in T.thread_binding(32, thread="threadIdx.x"):
                                    for ax0_ax1_fused_3 in T.vectorized(4):
                                        with T.block("pad_temp_reindex_shared.dyn"):
                                            v0 = T.axis.spatial(784, ax2_0_1_ax3_0_1_fused // 2 * 112 + (ax0_ax1_fused_0 * 1792 + ax0_ax1_fused_1 * 128 + ax0_ax1_fused_2 * 4 + ax0_ax1_fused_3) // 32)
                                            v1 = T.axis.spatial(64, ax4_0_0 * 32 + (ax0_ax1_fused_0 * 1792 + ax0_ax1_fused_1 * 128 + ax0_ax1_fused_2 * 4 + ax0_ax1_fused_3) % 32)
                                            T.reads(A[0, v1, v0 // 28 * 2, v0 % 28 * 2])
                                            T.writes(pad_temp_reindex_shared_dyn[v0, v1])
                                            T.block_attr({"buffer_dim_align": [[0, 0, 32, 8]]})
                                            pad_temp_reindex_shared_dyn[v0, v1] = A[0, v1, v0 // 28 * 2, v0 % 28 * 2]
                        for ax0_ax1_ax2_ax3_fused_0 in range(2):
                            for ax0_ax1_ax2_ax3_fused_1 in T.thread_binding(14, thread="threadIdx.y"):
                                for ax0_ax1_ax2_ax3_fused_2 in T.thread_binding(32, thread="threadIdx.x"):
                                    for ax0_ax1_ax2_ax3_fused_3 in T.vectorized(4):
                                        with T.block("W_reindex_shared.dyn"):
                                            v0 = T.axis.spatial(1, 0)
                                            v1 = T.axis.spatial(1, 0)
                                            v2 = T.axis.spatial(128, ax2_0_1_ax3_0_1_fused % 2 * 64 + (ax0_ax1_ax2_ax3_fused_0 * 1792 + ax0_ax1_ax2_ax3_fused_1 * 128 + ax0_ax1_ax2_ax3_fused_2 * 4 + ax0_ax1_ax2_ax3_fused_3) // 32)
                                            v3 = T.axis.spatial(64, ax4_0_0 * 32 + (ax0_ax1_ax2_ax3_fused_0 * 1792 + ax0_ax1_ax2_ax3_fused_1 * 128 + ax0_ax1_ax2_ax3_fused_2 * 4 + ax0_ax1_ax2_ax3_fused_3) % 32)
                                            T.where(((ax0_ax1_ax2_ax3_fused_0 * 14 + ax0_ax1_ax2_ax3_fused_1) * 32 + ax0_ax1_ax2_ax3_fused_2) * 4 + ax0_ax1_ax2_ax3_fused_3 < 2048)
                                            T.reads(W[v2, v3, v0, v1])
                                            T.writes(W_reindex_shared_dyn[v0, v1, v2, v3])
                                            T.block_attr({"buffer_dim_align": [[0, 2, 32, 8]]})
                                            W_reindex_shared_dyn[v0, v1, v2, v3] = W[v2, v3, v0, v1]
                        for ax4_0_1 in range(1):
                            for ax0_0, ax1_0 in T.grid(1, 2):
                                with T.block("pad_temp_reindex_shared.dyn_wmma.matrix_a_o"):
                                    v0_o = T.axis.spatial(49, ax2_0_1_ax3_0_1_fused // 2 * 7 + ax2_0_2_ax3_0_2_fused // 2 + ax0_0)
                                    v1_o = T.axis.spatial(4, ax4_0_0 * 2 + ax1_0)
                                    T.reads(pad_temp_reindex_shared_dyn[v0_o * 16:v0_o * 16 + 16, v1_o * 16:v1_o * 16 + 16])
                                    T.writes(pad_temp_reindex_shared_dyn_wmma_matrix_a[v0_o * 16:v0_o * 16 + 16, v1_o * 16:v1_o * 16 + 16])
                                    A_1 = T.match_buffer(pad_temp_reindex_shared_dyn[v0_o * 16:v0_o * 16 + 16, v1_o * 16:v1_o * 16 + 16], (16, 16), "float16", strides=("A_s0", "A_s1"), scope="shared.dyn", offset_factor=16)
                                    C = T.match_buffer(pad_temp_reindex_shared_dyn_wmma_matrix_a[v0_o * 16:v0_o * 16 + 16, v1_o * 16:v1_o * 16 + 16], (16, 16), "float16", strides=("C_s0", "C_s1"), scope="wmma.matrix_a", offset_factor=16)
                                    T.tvm_load_matrix_sync(C.data, 16, 16, 16, C.elem_offset // C.strides[0] // 16 * (C.strides[0] // 16) + C.elem_offset % C.strides[0] // 16, T.tvm_access_ptr(T.type_annotation("float16"), A_1.data, A_1.elem_offset, A_1.strides[0] * 16, 1), A_1.strides[0], "row_major")
                            for ax0, ax1, ax2_0, ax3_0 in T.grid(1, 1, 2, 2):
                                with T.block("W_reindex_shared.dyn_wmma.matrix_b_o"):
                                    v0_o, v1_o = T.axis.remap("SS", [ax0, ax1])
                                    v2_o = T.axis.spatial(8, ax2_0_1_ax3_0_1_fused % 2 * 4 + ax2_0_2_ax3_0_2_fused % 2 * 2 + ax2_0)
                                    v3_o = T.axis.spatial(4, ax4_0_0 * 2 + ax3_0)
                                    T.reads(W_reindex_shared_dyn[v0_o, v1_o, v2_o * 16:v2_o * 16 + 16, v3_o * 16:v3_o * 16 + 16])
                                    T.writes(W_reindex_shared_dyn_wmma_matrix_b[v0_o, v1_o, v2_o * 16:v2_o * 16 + 16, v3_o * 16:v3_o * 16 + 16])
                                    A_1 = T.match_buffer(W_reindex_shared_dyn[v0_o, v1_o, v2_o * 16:v2_o * 16 + 16, v3_o * 16:v3_o * 16 + 16], (16, 16), "float16", strides=("A_s0", "A_s1"), scope="shared.dyn", offset_factor=16)
                                    C = T.match_buffer(W_reindex_shared_dyn_wmma_matrix_b[v0_o, v1_o, v2_o * 16:v2_o * 16 + 16, v3_o * 16:v3_o * 16 + 16], (16, 16), "float16", strides=("C_s0", "C_s1"), scope="wmma.matrix_b", offset_factor=16)
                                    T.tvm_load_matrix_sync(C.data, 16, 16, 16, C.elem_offset // C.strides[0] // 16 * (C.strides[0] // 16) + C.elem_offset % C.strides[0] // 16, T.tvm_access_ptr(T.type_annotation("float16"), A_1.data, A_1.elem_offset, A_1.strides[0] * 16, 1), A_1.strides[0], "col_major")
                            for ax2_0_3, ax3_0_3, ax4_0_2, ax2_0_4, ax3_0_4 in T.grid(1, 2, 2, 1, 1):
                                with T.block("conv2d_nchw_o_update"):
                                    v0_o = T.axis.spatial(1, 0)
                                    v1_o = T.axis.spatial(1, 0)
                                    v2_o = T.axis.spatial(49, ax2_0_1_ax3_0_1_fused // 2 * 7 + ax2_0_2_ax3_0_2_fused // 2 + ax2_0_3 + ax2_0_4)
                                    v3_o = T.axis.spatial(8, ax2_0_1_ax3_0_1_fused % 2 * 4 + ax2_0_2_ax3_0_2_fused % 2 * 2 + ax3_0_3 + ax3_0_4)
                                    v4_o = T.axis.reduce(4, ax4_0_0 * 2 + ax4_0_1 * 2 + ax4_0_2)
                                    T.reads(conv2d_nchw_reindex_shared_dyn_wmma_accumulator[v2_o, v3_o // 2, 0, v3_o % 2, 0:16, 0:16], pad_temp_reindex_shared_dyn_wmma_matrix_a[v2_o * 16:v2_o * 16 + 16, v4_o * 16:v4_o * 16 + 16], W_reindex_shared_dyn_wmma_matrix_b[v0_o, v1_o, v3_o * 16:v3_o * 16 + 16, v4_o * 16:v4_o * 16 + 16])
                                    T.writes(conv2d_nchw_reindex_shared_dyn_wmma_accumulator[v2_o, v3_o // 2, 0, v3_o % 2, 0:16, 0:16])
                                    T.block_attr({"meta_schedule.thread_extent_high_inclusive": 1024, "meta_schedule.thread_extent_low_inclusive": 32, "warp_execution": 1})
                                    A_1 = T.match_buffer(pad_temp_reindex_shared_dyn_wmma_matrix_a[v2_o * 16:v2_o * 16 + 16, v4_o * 16:v4_o * 16 + 16], (16, 16), "float16", strides=("A_s0", "A_s1"), scope="wmma.matrix_a", offset_factor=16)
                                    B = T.match_buffer(W_reindex_shared_dyn_wmma_matrix_b[v0_o, v1_o, v3_o * 16:v3_o * 16 + 16, v4_o * 16:v4_o * 16 + 16], (16, 16), "float16", strides=("B_s0", "B_s1"), scope="wmma.matrix_b", offset_factor=16)
                                    C = T.match_buffer(conv2d_nchw_reindex_shared_dyn_wmma_accumulator[v2_o, v3_o // 2, 0, v3_o % 2, 0:16, 0:16], (16, 16), "float16", strides=("C_s0", "C_s1"), scope="wmma.accumulator", offset_factor=16)
                                    T.tvm_mma_sync(C.data, C.elem_offset // C.strides[0] // 16 * (C.strides[0] // 16) + C.elem_offset % C.strides[0] // 16, A_1.data, A_1.elem_offset // A_1.strides[0] // 16 * (A_1.strides[0] // 16) + A_1.elem_offset % A_1.strides[0] // 16, B.data, B.elem_offset // B.strides[0] // 16 * (B.strides[0] // 16) + B.elem_offset % B.strides[0] // 16, C.data, C.elem_offset // C.strides[0] // 16 * (C.strides[0] // 16) + C.elem_offset % C.strides[0] // 16)
                for ax2 in range(1):
                    for ax0_ax1_fused in T.thread_binding(14, thread="threadIdx.y"):
                        for ax2_1, ax3 in T.grid(1, 2):
                            with T.block("conv2d_nchw_reindex_shared.dyn_wmma.accumulator_o"):
                                v0_o = T.axis.spatial(49, ax2_0_1_ax3_0_1_fused // 2 * 7 + ax0_ax1_fused // 2)
                                v1_o = T.axis.spatial(4, ax2_0_1_ax3_0_1_fused % 2 * 2 + ax0_ax1_fused % 2)
                                v2_o, v3_o = T.axis.remap("SS", [ax2_1, ax3])
                                v4_o = T.axis.spatial(1, 0)
                                v5_o = T.axis.spatial(1, 0)
                                T.reads(conv2d_nchw_reindex_shared_dyn_wmma_accumulator[v0_o, v1_o, v2_o, v3_o, 0:16, 0:16])
                                T.writes(conv2d_nchw_reindex_shared_dyn[v0_o, v1_o, v2_o, v3_o, 0:16, 0:16])
                                A_1 = T.match_buffer(conv2d_nchw_reindex_shared_dyn_wmma_accumulator[v0_o, v1_o, v2_o, v3_o, 0:16, 0:16], (16, 16), "float16", strides=("A_s0", "A_s1"), scope="wmma.accumulator", offset_factor=16)
                                C = T.match_buffer(conv2d_nchw_reindex_shared_dyn[v0_o, v1_o, v2_o, v3_o, 0:16, 0:16], (16, 16), "float16", strides=("C_s0", "C_s1"), scope="shared.dyn", offset_factor=16)
                                T.tvm_store_matrix_sync(A_1.data, 16, 16, 16, A_1.elem_offset // A_1.strides[0] // 16 * (A_1.strides[0] // 16) + A_1.elem_offset % A_1.strides[0] // 16, T.tvm_access_ptr(T.type_annotation("float16"), C.data, C.elem_offset, C.strides[0] * 16, 2), C.strides[0], "row_major")
                    for ax0_ax1_ax3_ax4_ax5_fused_0 in range(2):
                        for ax0_ax1_ax3_ax4_ax5_fused_1 in T.thread_binding(14, thread="threadIdx.y"):
                            for ax0_ax1_ax3_ax4_ax5_fused_2 in T.thread_binding(32, thread="threadIdx.x"):
                                for ax0_ax1_ax3_ax4_ax5_fused_3 in T.vectorized(8):
                                    with T.block("conv2d_nchw_reindex_shared.dyn"):
                                        v0 = T.axis.spatial(49, ax2_0_1_ax3_0_1_fused // 2 * 7 + (ax0_ax1_ax3_ax4_ax5_fused_0 * 3584 + ax0_ax1_ax3_ax4_ax5_fused_1 * 256 + ax0_ax1_ax3_ax4_ax5_fused_2 * 8 + ax0_ax1_ax3_ax4_ax5_fused_3) // 1024)
                                        v1 = T.axis.spatial(4, ax2_0_1_ax3_0_1_fused % 2 * 2 + (ax0_ax1_ax3_ax4_ax5_fused_0 * 3584 + ax0_ax1_ax3_ax4_ax5_fused_1 * 256 + ax0_ax1_ax3_ax4_ax5_fused_2 * 8 + ax0_ax1_ax3_ax4_ax5_fused_3) % 1024 // 512)
                                        v2 = T.axis.spatial(1, ax2)
                                        v3 = T.axis.spatial(2, (ax0_ax1_ax3_ax4_ax5_fused_0 * 3584 + ax0_ax1_ax3_ax4_ax5_fused_1 * 256 + ax0_ax1_ax3_ax4_ax5_fused_2 * 8 + ax0_ax1_ax3_ax4_ax5_fused_3) % 512 // 256)
                                        v4 = T.axis.spatial(16, (ax0_ax1_ax3_ax4_ax5_fused_0 * 3584 + ax0_ax1_ax3_ax4_ax5_fused_1 * 256 + ax0_ax1_ax3_ax4_ax5_fused_2 * 8 + ax0_ax1_ax3_ax4_ax5_fused_3) % 256 // 16)
                                        v5 = T.axis.spatial(16, (ax0_ax1_ax3_ax4_ax5_fused_0 * 3584 + ax0_ax1_ax3_ax4_ax5_fused_1 * 256 + ax0_ax1_ax3_ax4_ax5_fused_2 * 8 + ax0_ax1_ax3_ax4_ax5_fused_3) % 16)
                                        T.reads(conv2d_nchw_reindex_shared_dyn[v0, v1, v2, v3, v4, v5])
                                        T.writes(conv2d_nchw[0, v5 + v3 * 16 + v1 * 32, (v4 + v0 * 16) // 28, (v4 + v0 * 16) % 28])
                                        conv2d_nchw[0, v5 + v3 * 16 + v1 * 32, (v4 + v0 * 16) // 28, (v4 + v0 * 16) % 28] = conv2d_nchw_reindex_shared_dyn[v0, v1, v2, v3, v4, v5]
b0 = sch.get_block(name="pad_temp", func_name="main")
b1 = sch.get_block(name="conv2d_nchw", func_name="main")
b2 = sch.get_block(name="root", func_name="main")
sch.annotate(block_or_loop=b1, ann_key="meta_schedule.tiling_structure", ann_val="SSSRRSRS")
b3 = sch.reindex(block=b1, buffer=("write", 0))
b4 = sch.reindex(block=b1, buffer=("read", 0))
b5 = sch.reindex(block=b1, buffer=("read", 1))
sch.transform_layout(block=b1, buffer=("read", 0), index_map=lambda v_nn, v_yy, v_xx, v_rc: (v_nn * 784 + v_yy * 28 + v_xx, v_rc,), pad_value=None, assume_injective_transform=True)
sch.transform_layout(block=b1, buffer=("read", 1), index_map=lambda v_ff, v_rc, v_ry, v_rx: (v_ry, v_rx, v_ff, v_rc,), pad_value=None, assume_injective_transform=True)
sch.transform_layout(block=b1, buffer=("write", 0), index_map=lambda v_nn, v_ff, v_yy, v_xx: (v_nn * 784 + v_yy * 28 + v_xx, v_ff,), pad_value=None, assume_injective_transform=True)
sch.transform_block_layout(block=b3, index_map=lambda v_nn, v_ff, v_yy, v_xx: (v_nn * 784 + v_yy * 28 + v_xx, v_ff,))
sch.transform_block_layout(block=b4, index_map=lambda v_nn, v_yy, v_xx, v_rc: (v_nn * 784 + v_yy * 28 + v_xx, v_rc,))
sch.transform_block_layout(block=b5, index_map=lambda v_ff, v_rc, v_ry, v_rx: (v_ry, v_rx, v_ff, v_rc,))
sch.transform_block_layout(block=b1, index_map=lambda v_nn, v_ff, v_yy, v_xx, v_rc, v_ry, v_rx: (v_ry, v_rx, v_nn * 784 + v_yy * 28 + v_xx, v_ff, v_rc,))
l6, l7, l8, l9, l10 = sch.get_loops(block=b1)
l11, l12 = sch.split(loop=l10, factors=[None, 16], preserve_unit_iters=True, disable_predication=False)
l13, l14 = sch.split(loop=l9, factors=[None, 16], preserve_unit_iters=True, disable_predication=False)
l15, l16 = sch.split(loop=l8, factors=[None, 16], preserve_unit_iters=True, disable_predication=False)
l17, l18, l19, l20, l21, l22, l23, l24 = sch.get_loops(block=b1)
sch.reorder(l21, l23, l16, l14, l12)
b25 = sch.blockize(target=l16, preserve_unit_iters=True)
sch.annotate(block_or_loop=b25, ann_key="meta_schedule.auto_tensorize", ann_val="wmma_sync_16x16x16_f16f16f16_trans")
sch.annotate(block_or_loop=b25, ann_key="meta_schedule.auto_tensorize_init", ann_val="wmma_fill_16x16x16_f16")
sch.annotate(block_or_loop=b25, ann_key="warp_execution", ann_val=1)
l26, l27, l28, l29, l30 = sch.get_loops(block=b25)
v31, v32, v33, v34, v35 = sch.sample_perfect_tile(loop=l28, n=5, max_innermost_factor=4, decision=[1, 7, 7, 1, 1])
l36, l37, l38, l39, l40 = sch.split(loop=l28, factors=[v31, v32, v33, v34, v35], preserve_unit_iters=True, disable_predication=False)
v41, v42, v43, v44, v45 = sch.sample_perfect_tile(loop=l29, n=5, max_innermost_factor=4, decision=[1, 2, 2, 2, 1])
l46, l47, l48, l49, l50 = sch.split(loop=l29, factors=[v41, v42, v43, v44, v45], preserve_unit_iters=True, disable_predication=False)
v51, v52, v53 = sch.sample_perfect_tile(loop=l30, n=3, max_innermost_factor=4, decision=[2, 1, 2])
l54, l55, l56 = sch.split(loop=l30, factors=[v51, v52, v53], preserve_unit_iters=True, disable_predication=False)
sch.reorder(l36, l46, l37, l47, l38, l48, l54, l55, l39, l49, l56, l40, l50)
l57 = sch.fuse(l26, l27, l36, l46, preserve_unit_iters=True)
sch.bind(loop=l57, thread_axis="blockIdx.y")
l58 = sch.fuse(l37, l47, preserve_unit_iters=True)
sch.bind(loop=l58, thread_axis="blockIdx.x")
l59 = sch.fuse(l38, l48, preserve_unit_iters=True)
sch.bind(loop=l59, thread_axis="threadIdx.y")
sch.annotate(block_or_loop=b25, ann_key="meta_schedule.thread_extent_low_inclusive", ann_val=32)
sch.annotate(block_or_loop=b25, ann_key="meta_schedule.thread_extent_high_inclusive", ann_val=1024)
sch.transform_layout(block=b25, buffer=("write", 0), index_map=lambda i0, i1: (i0 // 16 // (v34 * v35), i1 // 16 // (v44 * v45), i0 // 16 % (v34 * v35), i1 // 16 % (v44 * v45), i0 % 16, i1 % 16,), pad_value=None, assume_injective_transform=True)
b60 = sch.cache_write(block=b25, write_buffer_index=0, storage_scope="shared.dyn")
sch.reverse_compute_at(block=b60, loop=l58, preserve_unit_loops=True, index=-1)
b61 = sch.cache_write(block=b25, write_buffer_index=0, storage_scope="wmma.accumulator")
l62, l63, l64, l65, l66, l67, l68, l69 = sch.get_loops(block=b60)
sch.reorder(l66, l64, l65, l67)
sch.compute_at(block=b61, loop=l66, preserve_unit_loops=True, index=-1)
l70, l71, l72, l73, l74, l75, l76, l77, l78 = sch.get_loops(block=b61)
l79 = sch.fuse(l73, l74, preserve_unit_iters=True)
sch.bind(loop=l79, thread_axis="threadIdx.y")
sch.reverse_compute_inline(block=b3)
l80, l81, l82, l83, l84, l85, l86, l87 = sch.get_loops(block=b61)
b88 = sch.blockize(target=l86, preserve_unit_iters=True)
sch.annotate(block_or_loop=b88, ann_key="meta_schedule.auto_tensorize", ann_val="wmma_store_16x16x16_f16_shared_dyn")
l89, l90, l91, l92, l93, l94, l95, l96 = sch.get_loops(block=b60)
l97 = sch.fuse(l92, l93, l94, l95, l96, preserve_unit_iters=True)
v98 = sch.sample_categorical(candidates=[1, 2, 4, 8], probs=[0.25, 0.25, 0.25, 0.25], decision=3)
sch.annotate(block_or_loop=b60, ann_key="meta_schedule.cooperative_fetch", ann_val=v98)
b99 = sch.cache_read(block=b25, read_buffer_index=0, storage_scope="shared.dyn", consumer_blocks=[b25])
sch.compute_at(block=b99, loop=l54, preserve_unit_loops=True, index=-1)
l100, l101, l102, l103, l104, l105 = sch.get_loops(block=b99)
l106 = sch.fuse(l104, l105, preserve_unit_iters=True)
v107 = sch.sample_categorical(candidates=[1, 2, 4, 8], probs=[0.25, 0.25, 0.25, 0.25], decision=2)
sch.annotate(block_or_loop=b99, ann_key="meta_schedule.cooperative_fetch", ann_val=v107)
b108 = sch.cache_read(block=b25, read_buffer_index=1, storage_scope="shared.dyn", consumer_blocks=[b25])
sch.compute_at(block=b108, loop=l54, preserve_unit_loops=True, index=-1)
l109, l110, l111, l112, l113, l114, l115, l116 = sch.get_loops(block=b108)
l117 = sch.fuse(l113, l114, l115, l116, preserve_unit_iters=True)
v118 = sch.sample_categorical(candidates=[1, 2, 4, 8], probs=[0.25, 0.25, 0.25, 0.25], decision=2)
sch.annotate(block_or_loop=b108, ann_key="meta_schedule.cooperative_fetch", ann_val=v118)
b119 = sch.cache_read(block=b25, read_buffer_index=0, storage_scope="wmma.matrix_a")
sch.compute_at(block=b119, loop=l55, preserve_unit_loops=True, index=-1)
l120, l121, l122, l123, l124, l125, l126 = sch.get_loops(block=b119)
l127, l128 = sch.split(loop=l126, factors=[None, 16], preserve_unit_iters=True, disable_predication=False)
l129, l130 = sch.split(loop=l125, factors=[None, 16], preserve_unit_iters=True, disable_predication=False)
l131, l132, l133, l134, l135, l136, l137, l138, l139 = sch.get_loops(block=b119)
sch.reorder(l138, l130, l128)
b140 = sch.blockize(target=l130, preserve_unit_iters=True)
sch.annotate(block_or_loop=b140, ann_key="meta_schedule.auto_tensorize", ann_val="wmma_load_16x16x16_f16_a_shared_dyn")
b141 = sch.cache_read(block=b25, read_buffer_index=1, storage_scope="wmma.matrix_b")
sch.compute_at(block=b141, loop=l55, preserve_unit_loops=True, index=-1)
l142, l143, l144, l145, l146, l147, l148, l149, l150 = sch.get_loops(block=b141)
l151, l152 = sch.split(loop=l150, factors=[None, 16], preserve_unit_iters=True, disable_predication=False)
l153, l154 = sch.split(loop=l149, factors=[None, 16], preserve_unit_iters=True, disable_predication=False)
l155, l156, l157, l158, l159, l160, l161, l162, l163, l164, l165 = sch.get_loops(block=b141)
sch.reorder(l164, l154, l152)
b166 = sch.blockize(target=l154, preserve_unit_iters=True)
sch.annotate(block_or_loop=b166, ann_key="meta_schedule.auto_tensorize", ann_val="wmma_load_16x16x16_f16_b_trans_shared_dyn")
b167, = sch.get_producers(block=b99)
sch.compute_inline(block=b167)
sch.storage_align(block=b99, buffer_index=0, axis=-2, factor=32, offset=8)
b168, = sch.get_producers(block=b108)
sch.compute_inline(block=b168)
sch.storage_align(block=b108, buffer_index=0, axis=-2, factor=32, offset=8)
sch.compute_inline(block=b0)
v169 = sch.sample_categorical(candidates=[0, 16, 64, 512, 1024], probs=[0.20000000000000001, 0.20000000000000001, 0.20000000000000001, 0.20000000000000001, 0.20000000000000001], decision=2)
sch.annotate(block_or_loop=b2, ann_key="meta_schedule.unroll_explicit", ann_val=v169)
sch.enter_postproc()
sch.unannotate(block_or_loop=b60, ann_key="meta_schedule.cooperative_fetch")
l170, l171, l172, l173 = sch.get_loops(block=b60)
l174, l175, l176, l177 = sch.split(loop=l173, factors=[None, 14, 32, 8], preserve_unit_iters=True, disable_predication=False)
sch.vectorize(loop=l177)
sch.bind(loop=l176, thread_axis="threadIdx.x")
sch.bind(loop=l175, thread_axis="threadIdx.y")
sch.unannotate(block_or_loop=b99, ann_key="meta_schedule.cooperative_fetch")
l178, l179, l180, l181, l182 = sch.get_loops(block=b99)
l183, l184, l185, l186 = sch.split(loop=l182, factors=[None, 14, 32, 4], preserve_unit_iters=True, disable_predication=False)
sch.vectorize(loop=l186)
sch.bind(loop=l185, thread_axis="threadIdx.x")
sch.bind(loop=l184, thread_axis="threadIdx.y")
sch.unannotate(block_or_loop=b108, ann_key="meta_schedule.cooperative_fetch")
l187, l188, l189, l190, l191 = sch.get_loops(block=b108)
l192, l193, l194, l195 = sch.split(loop=l191, factors=[None, 14, 32, 4], preserve_unit_iters=True, disable_predication=False)
sch.vectorize(loop=l195)
sch.bind(loop=l194, thread_axis="threadIdx.x")
sch.bind(loop=l193, thread_axis="threadIdx.y")
b196 = sch.get_block(name="root", func_name="main")
sch.unannotate(block_or_loop=b196, ann_key="meta_schedule.unroll_explicit")
b197, b198, b199, b200, b201, b202, b203 = sch.get_child_blocks(b196)
l204, l205, l206, l207, l208, l209, l210, l211 = sch.get_loops(block=b197)
l212, l213, l214, l215, l216, l217, l218, l219 = sch.get_loops(block=b198)
l220, l221, l222, l223, l224, l225, l226 = sch.get_loops(block=b199)
l227, l228, l229, l230, l231, l232, l233, l234, l235 = sch.get_loops(block=b200)
l236, l237, l238, l239, l240, l241, l242, l243, l244, l245 = sch.get_loops(block=b201)
sch.annotate(block_or_loop=l236, ann_key="pragma_auto_unroll_max_step", ann_val=64)
sch.annotate(block_or_loop=l236, ann_key="pragma_unroll_explicit", ann_val=1)
l246, l247, l248, l249, l250, l251 = sch.get_loops(block=b202)
l252, l253, l254, l255, l256, l257, l258 = sch.get_loops(block=b203)
b259 = sch.get_block(name="conv2d_nchw_o", func_name="main")
l260, l261, l262, l263, l264, l265, l266, l267, l268, l269 = sch.get_loops(block=b259)
b270 = sch.decompose_reduction(block=b259, loop=l263)
sch.unannotate(block_or_loop=b270, ann_key="meta_schedule.auto_tensorize")
sch.annotate(block_or_loop=b270, ann_key="meta_schedule.auto_tensorize", ann_val="wmma_fill_16x16x16_f16")
sch.unannotate(block_or_loop=b259, ann_key="meta_schedule.auto_tensorize_init")
sch.unannotate(block_or_loop=b270, ann_key="meta_schedule.auto_tensorize_init")
b271 = sch.get_block(name="conv2d_nchw_o_init", func_name="main")
sch.unannotate(block_or_loop=b271, ann_key="meta_schedule.auto_tensorize")
sch.tensorize(block_or_loop=b271, tensor_intrin="wmma_fill_16x16x16_f16", preserve_unit_iters=True)
b272 = sch.get_block(name="pad_temp_reindex_shared.dyn_wmma.matrix_a_o", func_name="main")
sch.unannotate(block_or_loop=b272, ann_key="meta_schedule.auto_tensorize")
sch.tensorize(block_or_loop=b272, tensor_intrin="wmma_load_16x16x16_f16_a_shared_dyn", preserve_unit_iters=True)
b273 = sch.get_block(name="W_reindex_shared.dyn_wmma.matrix_b_o", func_name="main")
sch.unannotate(block_or_loop=b273, ann_key="meta_schedule.auto_tensorize")
sch.tensorize(block_or_loop=b273, tensor_intrin="wmma_load_16x16x16_f16_b_trans_shared_dyn", preserve_unit_iters=True)
b274 = sch.get_block(name="conv2d_nchw_o_update", func_name="main")
sch.unannotate(block_or_loop=b274, ann_key="meta_schedule.auto_tensorize")
sch.tensorize(block_or_loop=b274, tensor_intrin="wmma_sync_16x16x16_f16f16f16_trans", preserve_unit_iters=True)
b275 = sch.get_block(name="conv2d_nchw_reindex_shared.dyn_wmma.accumulator_o", func_name="main")
sch.unannotate(block_or_loop=b275, ann_key="meta_schedule.auto_tensorize")
sch.tensorize(block_or_loop=b275, tensor_intrin="wmma_store_16x16x16_f16_shared_dyn", preserve_unit_iters=True)
2025-10-07 09:26:43 [INFO] [task_scheduler.cc:131] [Task #0: main] Trial #119: GFLOPs: 2956.0987. Time: 4.3453 us. Best GFLOPs: 4383.0433
2025-10-07 09:26:43 [INFO] [task_scheduler.cc:131] [Task #0: main] Trial #120: GFLOPs: 3341.5542. Time: 3.8440 us. Best GFLOPs: 4383.0433
2025-10-07 09:26:43 [INFO] [task_scheduler.cc:131] [Task #0: main] Trial #121: GFLOPs: 4050.5101. Time: 3.1712 us. Best GFLOPs: 4383.0433
2025-10-07 09:26:43 [INFO] [task_scheduler.cc:131] [Task #0: main] Trial #122: GFLOPs: 1938.1559. Time: 6.6275 us. Best GFLOPs: 4383.0433
2025-10-07 09:26:43 [INFO] [task_scheduler.cc:131] [Task #0: main] Trial #123: GFLOPs: 2591.6005. Time: 4.9564 us. Best GFLOPs: 4383.0433
2025-10-07 09:26:43 [INFO] [task_scheduler.cc:131] [Task #0: main] Trial #124: GFLOPs: 2132.1933. Time: 6.0243 us. Best GFLOPs: 4383.0433
2025-10-07 09:26:43 [INFO] [task_scheduler.cc:131] [Task #0: main] Trial #125: GFLOPs: 2391.0047. Time: 5.3722 us. Best GFLOPs: 4383.0433
2025-10-07 09:26:43 [INFO] [task_scheduler.cc:131] [Task #0: main] Trial #126: GFLOPs: 4108.5926. Time: 3.1264 us. Best GFLOPs: 4383.0433
2025-10-07 09:26:43 [INFO] [task_scheduler.cc:131] [Task #0: main] Trial #127: GFLOPs: 2047.5753. Time: 6.2733 us. Best GFLOPs: 4383.0433
2025-10-07 09:26:43 [INFO] [task_scheduler.cc:121] [Task #0: main] Trial #128: Error in building:
LocalBuilder: An exception occurred
Traceback (most recent call last):
  File "/workspace/tvm-dev/python/tvm/exec/popen_worker.py", line 87, in main
    result = fn(*args, **kwargs)
             ^^^^^^^^^^^^^^^^^^^
  File "/workspace/tvm-dev/python/tvm/meta_schedule/builder/local_builder.py", line 165, in <lambda>
    lambda x: _worker_func(*x),
              ^^^^^^^^^^^^^^^^
  File "/workspace/tvm-dev/python/tvm/meta_schedule/builder/local_builder.py", line 231, in _worker_func
    rt_mod: Module = f_build(mod, target, _deserialize_params(params))
                     ^^^^^^^^^^^^^^^^^^^^^^^^^^^^^^^^^^^^^^^^^^^^^^^^^
  File "/workspace/tvm-dev/python/tvm/_ffi/_ctypes/packed_func.py", line 245, in __call__
    raise_last_ffi_error()
  File "/workspace/tvm-dev/python/tvm/_ffi/base.py", line 481, in raise_last_ffi_error
    raise py_err
  File "/workspace/tvm-dev/python/tvm/meta_schedule/builder/local_builder.py", line 261, in default_build
    return tvm_build(mod, target=target)
           ^^^^^^^^^^^^^^^^^^^^^^^^^^^^^
  File "/workspace/tvm-dev/python/tvm/driver/build_module.py", line 297, in build
    rt_mod_host = _driver_ffi.tir_to_runtime(annotated_mods, target_host)
                  ^^^^^^^^^^^^^^^^^^^^^^^^^^^^^^^^^^^^^^^^^^^^^^^^^^^^^^^
  File "/workspace/tvm-dev/python/tvm/_ffi/_ctypes/packed_func.py", line 245, in __call__
    raise_last_ffi_error()
  File "/workspace/tvm-dev/python/tvm/_ffi/base.py", line 481, in raise_last_ffi_error
    raise py_err
ValueError: Traceback (most recent call last):
  14: tvm::runtime::PackedFuncObj::Extractor<tvm::runtime::PackedFuncSubObj<tvm::runtime::TypedPackedFunc<tvm::runtime::Module (tvm::runtime::Map<tvm::Target, tvm::IRModule, void, void> const&, tvm::Target)>::AssignTypedLambda<tvm::__mk_TVM24::{lambda(tvm::runtime::Map<tvm::Target, tvm::IRModule, void, void> const&, tvm::Target)#1}>(tvm::__mk_TVM24::{lambda(tvm::runtime::Map<tvm::Target, tvm::IRModule, void, void> const&, tvm::Target)#1}, std::__cxx11::basic_string<char, std::char_traits<char>, std::allocator<char> >)::{lambda(tvm::runtime::TVMArgs const&, tvm::runtime::TVMRetValue*)#1}> >::Call(tvm::runtime::PackedFuncObj const*, std::__cxx11::basic_string<char, std::char_traits<char>, std::allocator<char> >, tvm::runtime::TVMRetValue)
  13: tvm::TIRToRuntime(tvm::runtime::Map<tvm::Target, tvm::IRModule, void, void> const&, tvm::Target const&)
  12: tvm::codegen::Build(tvm::IRModule, tvm::Target)
  11: _ZN3tvm7runtime13PackedFuncObj
  10: tvm::runtime::TypedPackedFunc<tvm::runtime::Module (tvm::IRModule, tvm::Target)>::AssignTypedLambda<tvm::runtime::Module (*)(tvm::IRModule, tvm::Target)>(tvm::runtime::Module (*)(tvm::IRModule, tvm::Target), std::__cxx11::basic_string<char, std::char_traits<char>, std::allocator<char> >)::{lambda(tvm::runtime::TVMArgs const&, tvm::runtime::TVMRetValue*)#1}::operator()(tvm::runtime::TVMArgs const&, tvm::runtime::TVMRetValue*) const
  9: tvm::codegen::BuildCUDA(tvm::IRModule, tvm::Target)
  8: tvm::codegen::CodeGenC::AddFunction(tvm::GlobalVar const&, tvm::tir::PrimFunc const&)
  7: tvm::codegen::CodeGenCUDA::VisitStmt_(tvm::tir::AllocateNode const*)
  6: tvm::codegen::CodeGenCUDA::VisitStmt_(tvm::tir::AllocateNode const*)
  5: tvm::codegen::CodeGenCUDA::VisitStmt_(tvm::tir::AllocateNode const*)
  4: tvm::codegen::CodeGenCUDA::VisitStmt_(tvm::tir::AllocateNode const*)
  3: tvm::codegen::CodeGenC::VisitStmt_(tvm::tir::SeqStmtNode const*)
  2: tvm::codegen::CodeGenC::VisitStmt_(tvm::tir::BufferStoreNode const*)
  1: tvm::codegen::CodeGenC::PrintExpr[abi:cxx11](tvm::PrimExpr const&)
  0: tvm::codegen::CodeGenCUDA::VisitExpr_(tvm::tir::RampNode const*, std::ostream&)
  File "/workspace/tvm-dev/src/target/source/codegen_cuda.cc", line 1204
ValueError: Check failed: lanes <= 4 (8 vs. 4) : Ramp of more than 4 lanes is not allowed.

# from tvm.script import ir as I
# from tvm.script import tir as T

@I.ir_module
class Module:
    @T.prim_func
    def main(A: T.Buffer((1, 64, 56, 56), "float16"), W: T.Buffer((128, 64, 1, 1), "float16"), conv2d_nchw: T.Buffer((1, 128, 28, 28), "float16")):
        T.func_attr({"tir.noalias": T.bool(True)})
        # with T.block("root"):
        conv2d_nchw_reindex_shared_dyn = T.alloc_buffer((49, 4, 1, 2, 16, 16), "float16", scope="shared.dyn")
        conv2d_nchw_reindex_shared_dyn_wmma_accumulator = T.alloc_buffer((49, 4, 1, 2, 16, 16), "float16", scope="wmma.accumulator")
        pad_temp_reindex_shared_dyn = T.alloc_buffer((784, 64), "float16", scope="shared.dyn")
        W_reindex_shared_dyn = T.alloc_buffer((1, 1, 128, 64), "float16", scope="shared.dyn")
        pad_temp_reindex_shared_dyn_wmma_matrix_a = T.alloc_buffer((784, 64), "float16", scope="wmma.matrix_a")
        W_reindex_shared_dyn_wmma_matrix_b = T.alloc_buffer((1, 1, 128, 64), "float16", scope="wmma.matrix_b")
        for ax0_ax1_ax2_0_0_ax3_0_0_fused in T.thread_binding(7, thread="blockIdx.y", annotations={"pragma_auto_unroll_max_step": 16, "pragma_unroll_explicit": 1}):
            for ax2_0_1_ax3_0_1_fused in T.thread_binding(2, thread="blockIdx.x"):
                for ax2_0_2_ax3_0_2_fused in T.thread_binding(14, thread="threadIdx.y"):
                    for ax2_0_3_init, ax3_0_3_init, ax2_0_4_init, ax3_0_4_init in T.grid(1, 2, 1, 1):
                        with T.block("conv2d_nchw_o_init"):
                            v0_o = T.axis.spatial(1, 0)
                            v1_o = T.axis.spatial(1, 0)
                            v2_o = T.axis.spatial(49, ax0_ax1_ax2_0_0_ax3_0_0_fused * 7 + ax2_0_2_ax3_0_2_fused // 2 + ax2_0_3_init + ax2_0_4_init)
                            v3_o = T.axis.spatial(8, ax2_0_1_ax3_0_1_fused * 4 + ax2_0_2_ax3_0_2_fused % 2 * 2 + ax3_0_3_init + ax3_0_4_init)
                            T.reads()
                            T.writes(conv2d_nchw_reindex_shared_dyn_wmma_accumulator[v2_o, v3_o // 2, 0, v3_o % 2, 0:16, 0:16])
                            T.block_attr({"meta_schedule.thread_extent_high_inclusive": 1024, "meta_schedule.thread_extent_low_inclusive": 32, "warp_execution": 1})
                            C = T.match_buffer(conv2d_nchw_reindex_shared_dyn_wmma_accumulator[v2_o, v3_o // 2, 0, v3_o % 2, 0:16, 0:16], (16, 16), "float16", strides=("C_s0", "C_s1"), scope="wmma.accumulator", offset_factor=16)
                            T.tvm_fill_fragment(C.data, 16, 16, 16, C.elem_offset // C.strides[0] // 16 * (C.strides[0] // 16) + C.elem_offset % C.strides[0] // 16, T.float32(0.0))
                    for ax4_0_0 in range(1):
                        for ax0_ax1_fused_0 in range(4):
                            for ax0_ax1_fused_1 in T.thread_binding(14, thread="threadIdx.y"):
                                for ax0_ax1_fused_2 in T.thread_binding(32, thread="threadIdx.x"):
                                    for ax0_ax1_fused_3 in T.vectorized(4):
                                        with T.block("pad_temp_reindex_shared.dyn"):
                                            v0 = T.axis.spatial(784, ax0_ax1_ax2_0_0_ax3_0_0_fused * 112 + (ax0_ax1_fused_0 * 1792 + ax0_ax1_fused_1 * 128 + ax0_ax1_fused_2 * 4 + ax0_ax1_fused_3) // 64)
                                            v1 = T.axis.spatial(64, (ax0_ax1_fused_0 * 1792 + ax0_ax1_fused_1 * 128 + ax0_ax1_fused_2 * 4 + ax0_ax1_fused_3) % 64)
                                            T.reads(A[0, v1, v0 // 28 * 2, v0 % 28 * 2])
                                            T.writes(pad_temp_reindex_shared_dyn[v0, v1])
                                            T.block_attr({"buffer_dim_align": [[0, 0, 32, 8]]})
                                            pad_temp_reindex_shared_dyn[v0, v1] = A[0, v1, v0 // 28 * 2, v0 % 28 * 2]
                        for ax0_ax1_ax2_ax3_fused_0 in range(10):
                            for ax0_ax1_ax2_ax3_fused_1 in T.thread_binding(14, thread="threadIdx.y"):
                                for ax0_ax1_ax2_ax3_fused_2 in T.thread_binding(32, thread="threadIdx.x"):
                                    with T.block("W_reindex_shared.dyn"):
                                        v0 = T.axis.spatial(1, 0)
                                        v1 = T.axis.spatial(1, 0)
                                        v2 = T.axis.spatial(128, ax2_0_1_ax3_0_1_fused * 64 + (ax0_ax1_ax2_ax3_fused_0 * 448 + ax0_ax1_ax2_ax3_fused_1 * 32 + ax0_ax1_ax2_ax3_fused_2) // 64)
                                        v3 = T.axis.spatial(64, (ax0_ax1_ax2_ax3_fused_0 * 448 + ax0_ax1_ax2_ax3_fused_1 * 32 + ax0_ax1_ax2_ax3_fused_2) % 64)
                                        T.where((ax0_ax1_ax2_ax3_fused_0 * 14 + ax0_ax1_ax2_ax3_fused_1) * 32 + ax0_ax1_ax2_ax3_fused_2 < 4096)
                                        T.reads(W[v2, v3, v0, v1])
                                        T.writes(W_reindex_shared_dyn[v0, v1, v2, v3])
                                        T.block_attr({"buffer_dim_align": [[0, 2, 32, 8]]})
                                        W_reindex_shared_dyn[v0, v1, v2, v3] = W[v2, v3, v0, v1]
                        for ax4_0_1 in range(1):
                            for ax0_0, ax1_0 in T.grid(1, 4):
                                with T.block("pad_temp_reindex_shared.dyn_wmma.matrix_a_o"):
                                    v0_o = T.axis.spatial(49, ax0_ax1_ax2_0_0_ax3_0_0_fused * 7 + ax2_0_2_ax3_0_2_fused // 2 + ax0_0)
                                    v1_o = T.axis.spatial(4, ax1_0)
                                    T.reads(pad_temp_reindex_shared_dyn[v0_o * 16:v0_o * 16 + 16, v1_o * 16:v1_o * 16 + 16])
                                    T.writes(pad_temp_reindex_shared_dyn_wmma_matrix_a[v0_o * 16:v0_o * 16 + 16, v1_o * 16:v1_o * 16 + 16])
                                    A_1 = T.match_buffer(pad_temp_reindex_shared_dyn[v0_o * 16:v0_o * 16 + 16, v1_o * 16:v1_o * 16 + 16], (16, 16), "float16", strides=("A_s0", "A_s1"), scope="shared.dyn", offset_factor=16)
                                    C = T.match_buffer(pad_temp_reindex_shared_dyn_wmma_matrix_a[v0_o * 16:v0_o * 16 + 16, v1_o * 16:v1_o * 16 + 16], (16, 16), "float16", strides=("C_s0", "C_s1"), scope="wmma.matrix_a", offset_factor=16)
                                    T.tvm_load_matrix_sync(C.data, 16, 16, 16, C.elem_offset // C.strides[0] // 16 * (C.strides[0] // 16) + C.elem_offset % C.strides[0] // 16, T.tvm_access_ptr(T.type_annotation("float16"), A_1.data, A_1.elem_offset, A_1.strides[0] * 16, 1), A_1.strides[0], "row_major")
                            for ax0, ax1, ax2_0, ax3_0 in T.grid(1, 1, 2, 4):
                                with T.block("W_reindex_shared.dyn_wmma.matrix_b_o"):
                                    v0_o, v1_o = T.axis.remap("SS", [ax0, ax1])
                                    v2_o = T.axis.spatial(8, ax2_0_1_ax3_0_1_fused * 4 + ax2_0_2_ax3_0_2_fused % 2 * 2 + ax2_0)
                                    v3_o = T.axis.spatial(4, ax3_0)
                                    T.reads(W_reindex_shared_dyn[v0_o, v1_o, v2_o * 16:v2_o * 16 + 16, v3_o * 16:v3_o * 16 + 16])
                                    T.writes(W_reindex_shared_dyn_wmma_matrix_b[v0_o, v1_o, v2_o * 16:v2_o * 16 + 16, v3_o * 16:v3_o * 16 + 16])
                                    A_1 = T.match_buffer(W_reindex_shared_dyn[v0_o, v1_o, v2_o * 16:v2_o * 16 + 16, v3_o * 16:v3_o * 16 + 16], (16, 16), "float16", strides=("A_s0", "A_s1"), scope="shared.dyn", offset_factor=16)
                                    C = T.match_buffer(W_reindex_shared_dyn_wmma_matrix_b[v0_o, v1_o, v2_o * 16:v2_o * 16 + 16, v3_o * 16:v3_o * 16 + 16], (16, 16), "float16", strides=("C_s0", "C_s1"), scope="wmma.matrix_b", offset_factor=16)
                                    T.tvm_load_matrix_sync(C.data, 16, 16, 16, C.elem_offset // C.strides[0] // 16 * (C.strides[0] // 16) + C.elem_offset % C.strides[0] // 16, T.tvm_access_ptr(T.type_annotation("float16"), A_1.data, A_1.elem_offset, A_1.strides[0] * 16, 1), A_1.strides[0], "col_major")
                            for ax2_0_3, ax3_0_3, ax4_0_2, ax2_0_4, ax3_0_4 in T.grid(1, 2, 4, 1, 1):
                                with T.block("conv2d_nchw_o_update"):
                                    v0_o = T.axis.spatial(1, 0)
                                    v1_o = T.axis.spatial(1, 0)
                                    v2_o = T.axis.spatial(49, ax0_ax1_ax2_0_0_ax3_0_0_fused * 7 + ax2_0_2_ax3_0_2_fused // 2 + ax2_0_3 + ax2_0_4)
                                    v3_o = T.axis.spatial(8, ax2_0_1_ax3_0_1_fused * 4 + ax2_0_2_ax3_0_2_fused % 2 * 2 + ax3_0_3 + ax3_0_4)
                                    v4_o = T.axis.reduce(4, ax4_0_0 * 4 + ax4_0_1 * 4 + ax4_0_2)
                                    T.reads(conv2d_nchw_reindex_shared_dyn_wmma_accumulator[v2_o, v3_o // 2, 0, v3_o % 2, 0:16, 0:16], pad_temp_reindex_shared_dyn_wmma_matrix_a[v2_o * 16:v2_o * 16 + 16, v4_o * 16:v4_o * 16 + 16], W_reindex_shared_dyn_wmma_matrix_b[v0_o, v1_o, v3_o * 16:v3_o * 16 + 16, v4_o * 16:v4_o * 16 + 16])
                                    T.writes(conv2d_nchw_reindex_shared_dyn_wmma_accumulator[v2_o, v3_o // 2, 0, v3_o % 2, 0:16, 0:16])
                                    T.block_attr({"meta_schedule.thread_extent_high_inclusive": 1024, "meta_schedule.thread_extent_low_inclusive": 32, "warp_execution": 1})
                                    A_1 = T.match_buffer(pad_temp_reindex_shared_dyn_wmma_matrix_a[v2_o * 16:v2_o * 16 + 16, v4_o * 16:v4_o * 16 + 16], (16, 16), "float16", strides=("A_s0", "A_s1"), scope="wmma.matrix_a", offset_factor=16)
                                    B = T.match_buffer(W_reindex_shared_dyn_wmma_matrix_b[v0_o, v1_o, v3_o * 16:v3_o * 16 + 16, v4_o * 16:v4_o * 16 + 16], (16, 16), "float16", strides=("B_s0", "B_s1"), scope="wmma.matrix_b", offset_factor=16)
                                    C = T.match_buffer(conv2d_nchw_reindex_shared_dyn_wmma_accumulator[v2_o, v3_o // 2, 0, v3_o % 2, 0:16, 0:16], (16, 16), "float16", strides=("C_s0", "C_s1"), scope="wmma.accumulator", offset_factor=16)
                                    T.tvm_mma_sync(C.data, C.elem_offset // C.strides[0] // 16 * (C.strides[0] // 16) + C.elem_offset % C.strides[0] // 16, A_1.data, A_1.elem_offset // A_1.strides[0] // 16 * (A_1.strides[0] // 16) + A_1.elem_offset % A_1.strides[0] // 16, B.data, B.elem_offset // B.strides[0] // 16 * (B.strides[0] // 16) + B.elem_offset % B.strides[0] // 16, C.data, C.elem_offset // C.strides[0] // 16 * (C.strides[0] // 16) + C.elem_offset % C.strides[0] // 16)
                for ax2 in range(1):
                    for ax0_ax1_fused in T.thread_binding(14, thread="threadIdx.y"):
                        for ax2_1, ax3 in T.grid(1, 2):
                            with T.block("conv2d_nchw_reindex_shared.dyn_wmma.accumulator_o"):
                                v0_o = T.axis.spatial(49, ax0_ax1_ax2_0_0_ax3_0_0_fused * 7 + ax0_ax1_fused // 2)
                                v1_o = T.axis.spatial(4, ax2_0_1_ax3_0_1_fused * 2 + ax0_ax1_fused % 2)
                                v2_o, v3_o = T.axis.remap("SS", [ax2_1, ax3])
                                v4_o = T.axis.spatial(1, 0)
                                v5_o = T.axis.spatial(1, 0)
                                T.reads(conv2d_nchw_reindex_shared_dyn_wmma_accumulator[v0_o, v1_o, v2_o, v3_o, 0:16, 0:16])
                                T.writes(conv2d_nchw_reindex_shared_dyn[v0_o, v1_o, v2_o, v3_o, 0:16, 0:16])
                                A_1 = T.match_buffer(conv2d_nchw_reindex_shared_dyn_wmma_accumulator[v0_o, v1_o, v2_o, v3_o, 0:16, 0:16], (16, 16), "float16", strides=("A_s0", "A_s1"), scope="wmma.accumulator", offset_factor=16)
                                C = T.match_buffer(conv2d_nchw_reindex_shared_dyn[v0_o, v1_o, v2_o, v3_o, 0:16, 0:16], (16, 16), "float16", strides=("C_s0", "C_s1"), scope="shared.dyn", offset_factor=16)
                                T.tvm_store_matrix_sync(A_1.data, 16, 16, 16, A_1.elem_offset // A_1.strides[0] // 16 * (A_1.strides[0] // 16) + A_1.elem_offset % A_1.strides[0] // 16, T.tvm_access_ptr(T.type_annotation("float16"), C.data, C.elem_offset, C.strides[0] * 16, 2), C.strides[0], "row_major")
                    for ax0_ax1_ax3_ax4_ax5_fused_0 in range(2):
                        for ax0_ax1_ax3_ax4_ax5_fused_1 in T.thread_binding(14, thread="threadIdx.y"):
                            for ax0_ax1_ax3_ax4_ax5_fused_2 in T.thread_binding(32, thread="threadIdx.x"):
                                for ax0_ax1_ax3_ax4_ax5_fused_3 in T.vectorized(8):
                                    with T.block("conv2d_nchw_reindex_shared.dyn"):
                                        v0 = T.axis.spatial(49, ax0_ax1_ax2_0_0_ax3_0_0_fused * 7 + (ax0_ax1_ax3_ax4_ax5_fused_0 * 3584 + ax0_ax1_ax3_ax4_ax5_fused_1 * 256 + ax0_ax1_ax3_ax4_ax5_fused_2 * 8 + ax0_ax1_ax3_ax4_ax5_fused_3) // 1024)
                                        v1 = T.axis.spatial(4, ax2_0_1_ax3_0_1_fused * 2 + (ax0_ax1_ax3_ax4_ax5_fused_0 * 3584 + ax0_ax1_ax3_ax4_ax5_fused_1 * 256 + ax0_ax1_ax3_ax4_ax5_fused_2 * 8 + ax0_ax1_ax3_ax4_ax5_fused_3) % 1024 // 512)
                                        v2 = T.axis.spatial(1, ax2)
                                        v3 = T.axis.spatial(2, (ax0_ax1_ax3_ax4_ax5_fused_0 * 3584 + ax0_ax1_ax3_ax4_ax5_fused_1 * 256 + ax0_ax1_ax3_ax4_ax5_fused_2 * 8 + ax0_ax1_ax3_ax4_ax5_fused_3) % 512 // 256)
                                        v4 = T.axis.spatial(16, (ax0_ax1_ax3_ax4_ax5_fused_0 * 3584 + ax0_ax1_ax3_ax4_ax5_fused_1 * 256 + ax0_ax1_ax3_ax4_ax5_fused_2 * 8 + ax0_ax1_ax3_ax4_ax5_fused_3) % 256 // 16)
                                        v5 = T.axis.spatial(16, (ax0_ax1_ax3_ax4_ax5_fused_0 * 3584 + ax0_ax1_ax3_ax4_ax5_fused_1 * 256 + ax0_ax1_ax3_ax4_ax5_fused_2 * 8 + ax0_ax1_ax3_ax4_ax5_fused_3) % 16)
                                        T.reads(conv2d_nchw_reindex_shared_dyn[v0, v1, v2, v3, v4, v5])
                                        T.writes(conv2d_nchw[0, v5 + v3 * 16 + v1 * 32, (v4 + v0 * 16) // 28, (v4 + v0 * 16) % 28])
                                        conv2d_nchw[0, v5 + v3 * 16 + v1 * 32, (v4 + v0 * 16) // 28, (v4 + v0 * 16) % 28] = conv2d_nchw_reindex_shared_dyn[v0, v1, v2, v3, v4, v5]
b0 = sch.get_block(name="pad_temp", func_name="main")
b1 = sch.get_block(name="conv2d_nchw", func_name="main")
b2 = sch.get_block(name="root", func_name="main")
sch.annotate(block_or_loop=b1, ann_key="meta_schedule.tiling_structure", ann_val="SSSRRSRS")
b3 = sch.reindex(block=b1, buffer=("write", 0))
b4 = sch.reindex(block=b1, buffer=("read", 0))
b5 = sch.reindex(block=b1, buffer=("read", 1))
sch.transform_layout(block=b1, buffer=("read", 0), index_map=lambda v_nn, v_yy, v_xx, v_rc: (v_nn * 784 + v_yy * 28 + v_xx, v_rc,), pad_value=None, assume_injective_transform=True)
sch.transform_layout(block=b1, buffer=("read", 1), index_map=lambda v_ff, v_rc, v_ry, v_rx: (v_ry, v_rx, v_ff, v_rc,), pad_value=None, assume_injective_transform=True)
sch.transform_layout(block=b1, buffer=("write", 0), index_map=lambda v_nn, v_ff, v_yy, v_xx: (v_nn * 784 + v_yy * 28 + v_xx, v_ff,), pad_value=None, assume_injective_transform=True)
sch.transform_block_layout(block=b3, index_map=lambda v_nn, v_ff, v_yy, v_xx: (v_nn * 784 + v_yy * 28 + v_xx, v_ff,))
sch.transform_block_layout(block=b4, index_map=lambda v_nn, v_yy, v_xx, v_rc: (v_nn * 784 + v_yy * 28 + v_xx, v_rc,))
sch.transform_block_layout(block=b5, index_map=lambda v_ff, v_rc, v_ry, v_rx: (v_ry, v_rx, v_ff, v_rc,))
sch.transform_block_layout(block=b1, index_map=lambda v_nn, v_ff, v_yy, v_xx, v_rc, v_ry, v_rx: (v_ry, v_rx, v_nn * 784 + v_yy * 28 + v_xx, v_ff, v_rc,))
l6, l7, l8, l9, l10 = sch.get_loops(block=b1)
l11, l12 = sch.split(loop=l10, factors=[None, 16], preserve_unit_iters=True, disable_predication=False)
l13, l14 = sch.split(loop=l9, factors=[None, 16], preserve_unit_iters=True, disable_predication=False)
l15, l16 = sch.split(loop=l8, factors=[None, 16], preserve_unit_iters=True, disable_predication=False)
l17, l18, l19, l20, l21, l22, l23, l24 = sch.get_loops(block=b1)
sch.reorder(l21, l23, l16, l14, l12)
b25 = sch.blockize(target=l16, preserve_unit_iters=True)
sch.annotate(block_or_loop=b25, ann_key="meta_schedule.auto_tensorize", ann_val="wmma_sync_16x16x16_f16f16f16_trans")
sch.annotate(block_or_loop=b25, ann_key="meta_schedule.auto_tensorize_init", ann_val="wmma_fill_16x16x16_f16")
sch.annotate(block_or_loop=b25, ann_key="warp_execution", ann_val=1)
l26, l27, l28, l29, l30 = sch.get_loops(block=b25)
v31, v32, v33, v34, v35 = sch.sample_perfect_tile(loop=l28, n=5, max_innermost_factor=4, decision=[7, 1, 7, 1, 1])
l36, l37, l38, l39, l40 = sch.split(loop=l28, factors=[v31, v32, v33, v34, v35], preserve_unit_iters=True, disable_predication=False)
v41, v42, v43, v44, v45 = sch.sample_perfect_tile(loop=l29, n=5, max_innermost_factor=4, decision=[1, 2, 2, 2, 1])
l46, l47, l48, l49, l50 = sch.split(loop=l29, factors=[v41, v42, v43, v44, v45], preserve_unit_iters=True, disable_predication=False)
v51, v52, v53 = sch.sample_perfect_tile(loop=l30, n=3, max_innermost_factor=4, decision=[1, 1, 4])
l54, l55, l56 = sch.split(loop=l30, factors=[v51, v52, v53], preserve_unit_iters=True, disable_predication=False)
sch.reorder(l36, l46, l37, l47, l38, l48, l54, l55, l39, l49, l56, l40, l50)
l57 = sch.fuse(l26, l27, l36, l46, preserve_unit_iters=True)
sch.bind(loop=l57, thread_axis="blockIdx.y")
l58 = sch.fuse(l37, l47, preserve_unit_iters=True)
sch.bind(loop=l58, thread_axis="blockIdx.x")
l59 = sch.fuse(l38, l48, preserve_unit_iters=True)
sch.bind(loop=l59, thread_axis="threadIdx.y")
sch.annotate(block_or_loop=b25, ann_key="meta_schedule.thread_extent_low_inclusive", ann_val=32)
sch.annotate(block_or_loop=b25, ann_key="meta_schedule.thread_extent_high_inclusive", ann_val=1024)
sch.transform_layout(block=b25, buffer=("write", 0), index_map=lambda i0, i1: (i0 // 16 // (v34 * v35), i1 // 16 // (v44 * v45), i0 // 16 % (v34 * v35), i1 // 16 % (v44 * v45), i0 % 16, i1 % 16,), pad_value=None, assume_injective_transform=True)
b60 = sch.cache_write(block=b25, write_buffer_index=0, storage_scope="shared.dyn")
sch.reverse_compute_at(block=b60, loop=l58, preserve_unit_loops=True, index=-1)
b61 = sch.cache_write(block=b25, write_buffer_index=0, storage_scope="wmma.accumulator")
l62, l63, l64, l65, l66, l67, l68, l69 = sch.get_loops(block=b60)
sch.reorder(l66, l64, l65, l67)
sch.compute_at(block=b61, loop=l66, preserve_unit_loops=True, index=-1)
l70, l71, l72, l73, l74, l75, l76, l77, l78 = sch.get_loops(block=b61)
l79 = sch.fuse(l73, l74, preserve_unit_iters=True)
sch.bind(loop=l79, thread_axis="threadIdx.y")
sch.reverse_compute_inline(block=b3)
l80, l81, l82, l83, l84, l85, l86, l87 = sch.get_loops(block=b61)
b88 = sch.blockize(target=l86, preserve_unit_iters=True)
sch.annotate(block_or_loop=b88, ann_key="meta_schedule.auto_tensorize", ann_val="wmma_store_16x16x16_f16_shared_dyn")
l89, l90, l91, l92, l93, l94, l95, l96 = sch.get_loops(block=b60)
l97 = sch.fuse(l92, l93, l94, l95, l96, preserve_unit_iters=True)
v98 = sch.sample_categorical(candidates=[1, 2, 4, 8], probs=[0.25, 0.25, 0.25, 0.25], decision=3)
sch.annotate(block_or_loop=b60, ann_key="meta_schedule.cooperative_fetch", ann_val=v98)
b99 = sch.cache_read(block=b25, read_buffer_index=0, storage_scope="shared.dyn", consumer_blocks=[b25])
sch.compute_at(block=b99, loop=l54, preserve_unit_loops=True, index=-1)
l100, l101, l102, l103, l104, l105 = sch.get_loops(block=b99)
l106 = sch.fuse(l104, l105, preserve_unit_iters=True)
v107 = sch.sample_categorical(candidates=[1, 2, 4, 8], probs=[0.25, 0.25, 0.25, 0.25], decision=2)
sch.annotate(block_or_loop=b99, ann_key="meta_schedule.cooperative_fetch", ann_val=v107)
b108 = sch.cache_read(block=b25, read_buffer_index=1, storage_scope="shared.dyn", consumer_blocks=[b25])
sch.compute_at(block=b108, loop=l54, preserve_unit_loops=True, index=-1)
l109, l110, l111, l112, l113, l114, l115, l116 = sch.get_loops(block=b108)
l117 = sch.fuse(l113, l114, l115, l116, preserve_unit_iters=True)
v118 = sch.sample_categorical(candidates=[1, 2, 4, 8], probs=[0.25, 0.25, 0.25, 0.25], decision=0)
sch.annotate(block_or_loop=b108, ann_key="meta_schedule.cooperative_fetch", ann_val=v118)
b119 = sch.cache_read(block=b25, read_buffer_index=0, storage_scope="wmma.matrix_a")
sch.compute_at(block=b119, loop=l55, preserve_unit_loops=True, index=-1)
l120, l121, l122, l123, l124, l125, l126 = sch.get_loops(block=b119)
l127, l128 = sch.split(loop=l126, factors=[None, 16], preserve_unit_iters=True, disable_predication=False)
l129, l130 = sch.split(loop=l125, factors=[None, 16], preserve_unit_iters=True, disable_predication=False)
l131, l132, l133, l134, l135, l136, l137, l138, l139 = sch.get_loops(block=b119)
sch.reorder(l138, l130, l128)
b140 = sch.blockize(target=l130, preserve_unit_iters=True)
sch.annotate(block_or_loop=b140, ann_key="meta_schedule.auto_tensorize", ann_val="wmma_load_16x16x16_f16_a_shared_dyn")
b141 = sch.cache_read(block=b25, read_buffer_index=1, storage_scope="wmma.matrix_b")
sch.compute_at(block=b141, loop=l55, preserve_unit_loops=True, index=-1)
l142, l143, l144, l145, l146, l147, l148, l149, l150 = sch.get_loops(block=b141)
l151, l152 = sch.split(loop=l150, factors=[None, 16], preserve_unit_iters=True, disable_predication=False)
l153, l154 = sch.split(loop=l149, factors=[None, 16], preserve_unit_iters=True, disable_predication=False)
l155, l156, l157, l158, l159, l160, l161, l162, l163, l164, l165 = sch.get_loops(block=b141)
sch.reorder(l164, l154, l152)
b166 = sch.blockize(target=l154, preserve_unit_iters=True)
sch.annotate(block_or_loop=b166, ann_key="meta_schedule.auto_tensorize", ann_val="wmma_load_16x16x16_f16_b_trans_shared_dyn")
b167, = sch.get_producers(block=b99)
sch.compute_inline(block=b167)
sch.storage_align(block=b99, buffer_index=0, axis=-2, factor=32, offset=8)
b168, = sch.get_producers(block=b108)
sch.compute_inline(block=b168)
sch.storage_align(block=b108, buffer_index=0, axis=-2, factor=32, offset=8)
sch.compute_inline(block=b0)
v169 = sch.sample_categorical(candidates=[0, 16, 64, 512, 1024], probs=[0.20000000000000001, 0.20000000000000001, 0.20000000000000001, 0.20000000000000001, 0.20000000000000001], decision=1)
sch.annotate(block_or_loop=b2, ann_key="meta_schedule.unroll_explicit", ann_val=v169)
sch.enter_postproc()
sch.unannotate(block_or_loop=b60, ann_key="meta_schedule.cooperative_fetch")
l170, l171, l172, l173 = sch.get_loops(block=b60)
l174, l175, l176, l177 = sch.split(loop=l173, factors=[None, 14, 32, 8], preserve_unit_iters=True, disable_predication=False)
sch.vectorize(loop=l177)
sch.bind(loop=l176, thread_axis="threadIdx.x")
sch.bind(loop=l175, thread_axis="threadIdx.y")
sch.unannotate(block_or_loop=b99, ann_key="meta_schedule.cooperative_fetch")
l178, l179, l180, l181, l182 = sch.get_loops(block=b99)
l183, l184, l185, l186 = sch.split(loop=l182, factors=[None, 14, 32, 4], preserve_unit_iters=True, disable_predication=False)
sch.vectorize(loop=l186)
sch.bind(loop=l185, thread_axis="threadIdx.x")
sch.bind(loop=l184, thread_axis="threadIdx.y")
sch.unannotate(block_or_loop=b108, ann_key="meta_schedule.cooperative_fetch")
l187, l188, l189, l190, l191 = sch.get_loops(block=b108)
l192, l193, l194 = sch.split(loop=l191, factors=[None, 14, 32], preserve_unit_iters=True, disable_predication=False)
sch.bind(loop=l194, thread_axis="threadIdx.x")
sch.bind(loop=l193, thread_axis="threadIdx.y")
b195 = sch.get_block(name="root", func_name="main")
sch.unannotate(block_or_loop=b195, ann_key="meta_schedule.unroll_explicit")
b196, b197, b198, b199, b200, b201, b202 = sch.get_child_blocks(b195)
l203, l204, l205, l206, l207, l208, l209, l210 = sch.get_loops(block=b196)
l211, l212, l213, l214, l215, l216, l217 = sch.get_loops(block=b197)
l218, l219, l220, l221, l222, l223, l224 = sch.get_loops(block=b198)
l225, l226, l227, l228, l229, l230, l231, l232, l233 = sch.get_loops(block=b199)
l234, l235, l236, l237, l238, l239, l240, l241, l242, l243 = sch.get_loops(block=b200)
sch.annotate(block_or_loop=l234, ann_key="pragma_auto_unroll_max_step", ann_val=16)
sch.annotate(block_or_loop=l234, ann_key="pragma_unroll_explicit", ann_val=1)
l244, l245, l246, l247, l248, l249 = sch.get_loops(block=b201)
l250, l251, l252, l253, l254, l255, l256 = sch.get_loops(block=b202)
b257 = sch.get_block(name="conv2d_nchw_o", func_name="main")
l258, l259, l260, l261, l262, l263, l264, l265, l266, l267 = sch.get_loops(block=b257)
b268 = sch.decompose_reduction(block=b257, loop=l261)
sch.unannotate(block_or_loop=b268, ann_key="meta_schedule.auto_tensorize")
sch.annotate(block_or_loop=b268, ann_key="meta_schedule.auto_tensorize", ann_val="wmma_fill_16x16x16_f16")
sch.unannotate(block_or_loop=b257, ann_key="meta_schedule.auto_tensorize_init")
sch.unannotate(block_or_loop=b268, ann_key="meta_schedule.auto_tensorize_init")
b269 = sch.get_block(name="conv2d_nchw_o_init", func_name="main")
sch.unannotate(block_or_loop=b269, ann_key="meta_schedule.auto_tensorize")
sch.tensorize(block_or_loop=b269, tensor_intrin="wmma_fill_16x16x16_f16", preserve_unit_iters=True)
b270 = sch.get_block(name="pad_temp_reindex_shared.dyn_wmma.matrix_a_o", func_name="main")
sch.unannotate(block_or_loop=b270, ann_key="meta_schedule.auto_tensorize")
sch.tensorize(block_or_loop=b270, tensor_intrin="wmma_load_16x16x16_f16_a_shared_dyn", preserve_unit_iters=True)
b271 = sch.get_block(name="W_reindex_shared.dyn_wmma.matrix_b_o", func_name="main")
sch.unannotate(block_or_loop=b271, ann_key="meta_schedule.auto_tensorize")
sch.tensorize(block_or_loop=b271, tensor_intrin="wmma_load_16x16x16_f16_b_trans_shared_dyn", preserve_unit_iters=True)
b272 = sch.get_block(name="conv2d_nchw_o_update", func_name="main")
sch.unannotate(block_or_loop=b272, ann_key="meta_schedule.auto_tensorize")
sch.tensorize(block_or_loop=b272, tensor_intrin="wmma_sync_16x16x16_f16f16f16_trans", preserve_unit_iters=True)
b273 = sch.get_block(name="conv2d_nchw_reindex_shared.dyn_wmma.accumulator_o", func_name="main")
sch.unannotate(block_or_loop=b273, ann_key="meta_schedule.auto_tensorize")
sch.tensorize(block_or_loop=b273, tensor_intrin="wmma_store_16x16x16_f16_shared_dyn", preserve_unit_iters=True)
2025-10-07 09:26:43 [INFO] [evolutionary_search.cc:713] Generating candidates......
2025-10-07 09:26:44 [INFO] [evolutionary_search.cc:715] Picked top 102 candidate(s) from database
2025-10-07 09:26:48 [INFO] [evolutionary_search.cc:533] Sample-Init-Population summary:
Postproc #0 [meta_schedule.DisallowDynamicLoop(0x1078b738)]: 0 failure(s)
Postproc #1 [meta_schedule.RewriteCooperativeFetch(0x10c5e018)]: 0 failure(s)
Postproc #2 [meta_schedule.RewriteUnboundBlock(0x1096b2a8)]: 0 failure(s)
Postproc #3 [meta_schedule.RewriteParallelVectorizeUnroll(0x106bee48)]: 0 failure(s)
Postproc #4 [meta_schedule.RewriteReductionBlock(0xe624028)]: 0 failure(s)
Postproc #5 [meta_schedule.VerifyGPUCode(0x1118ae28)]: 250 failure(s)
Postproc #6 [meta_schedule.RewriteTensorize(0x109d42a8)]: 0 failure(s)
2025-10-07 09:26:48 [INFO] [evolutionary_search.cc:723] Sampled 160 candidate(s)
2025-10-07 09:26:54 [INFO] [evolutionary_search.cc:621] Evolve iter #0 done. Summary:
Postproc #0 [meta_schedule.DisallowDynamicLoop(0x1078b738)]: 0 failure(s)
Postproc #1 [meta_schedule.RewriteCooperativeFetch(0x10c5e018)]: 0 failure(s)
Postproc #2 [meta_schedule.RewriteUnboundBlock(0x1096b2a8)]: 0 failure(s)
Postproc #3 [meta_schedule.RewriteParallelVectorizeUnroll(0x106bee48)]: 0 failure(s)
Postproc #4 [meta_schedule.RewriteReductionBlock(0xe624028)]: 0 failure(s)
Postproc #5 [meta_schedule.VerifyGPUCode(0x1118ae28)]: 66 failure(s)
Postproc #6 [meta_schedule.RewriteTensorize(0x109d42a8)]: 0 failure(s)
2025-10-07 09:27:01 [INFO] [evolutionary_search.cc:621] Evolve iter #1 done. Summary:
Postproc #0 [meta_schedule.DisallowDynamicLoop(0x1078b738)]: 0 failure(s)
Postproc #1 [meta_schedule.RewriteCooperativeFetch(0x10c5e018)]: 0 failure(s)
Postproc #2 [meta_schedule.RewriteUnboundBlock(0x1096b2a8)]: 0 failure(s)
Postproc #3 [meta_schedule.RewriteParallelVectorizeUnroll(0x106bee48)]: 0 failure(s)
Postproc #4 [meta_schedule.RewriteReductionBlock(0xe624028)]: 0 failure(s)
Postproc #5 [meta_schedule.VerifyGPUCode(0x1118ae28)]: 74 failure(s)
Postproc #6 [meta_schedule.RewriteTensorize(0x109d42a8)]: 0 failure(s)
2025-10-07 09:27:07 [INFO] [evolutionary_search.cc:621] Evolve iter #2 done. Summary:
Postproc #0 [meta_schedule.DisallowDynamicLoop(0x1078b738)]: 0 failure(s)
Postproc #1 [meta_schedule.RewriteCooperativeFetch(0x10c5e018)]: 0 failure(s)
Postproc #2 [meta_schedule.RewriteUnboundBlock(0x1096b2a8)]: 0 failure(s)
Postproc #3 [meta_schedule.RewriteParallelVectorizeUnroll(0x106bee48)]: 0 failure(s)
Postproc #4 [meta_schedule.RewriteReductionBlock(0xe624028)]: 0 failure(s)
Postproc #5 [meta_schedule.VerifyGPUCode(0x1118ae28)]: 76 failure(s)
Postproc #6 [meta_schedule.RewriteTensorize(0x109d42a8)]: 0 failure(s)
2025-10-07 09:27:14 [INFO] [evolutionary_search.cc:621] Evolve iter #3 done. Summary:
Postproc #0 [meta_schedule.DisallowDynamicLoop(0x1078b738)]: 0 failure(s)
Postproc #1 [meta_schedule.RewriteCooperativeFetch(0x10c5e018)]: 0 failure(s)
Postproc #2 [meta_schedule.RewriteUnboundBlock(0x1096b2a8)]: 0 failure(s)
Postproc #3 [meta_schedule.RewriteParallelVectorizeUnroll(0x106bee48)]: 0 failure(s)
Postproc #4 [meta_schedule.RewriteReductionBlock(0xe624028)]: 0 failure(s)
Postproc #5 [meta_schedule.VerifyGPUCode(0x1118ae28)]: 61 failure(s)
Postproc #6 [meta_schedule.RewriteTensorize(0x109d42a8)]: 0 failure(s)
2025-10-07 09:27:16 [INFO] [evolutionary_search.cc:649] Scores of the best 64 candidates:
[1 : 16]:	1.0423  1.0355  1.0256  1.0255  1.0197  1.0120  1.0107  1.0088  1.0081  1.0061  1.0061  1.0051  1.0051  0.9968  0.9950  0.9921
[17 : 32]:	0.9918  0.9909  0.9894  0.9890  0.9874  0.9850  0.9843  0.9829  0.9829  0.9827  0.9825  0.9812  0.9802  0.9796  0.9791  0.9780
[33 : 48]:	0.9778  0.9778  0.9776  0.9769  0.9769  0.9728  0.9711  0.9711  0.9708  0.9701  0.9701  0.9677  0.9656  0.9648  0.9648  0.9638
[49 : 64]:	0.9638  0.9638  0.9638  0.9636  0.9636  0.9624  0.9624  0.9617  0.9608  0.9604  0.9597  0.9594  0.9587  0.9579  0.9571  0.9551
2025-10-07 09:27:17 [INFO] [evolutionary_search.cc:727] Got 64 candidate(s) with evolutionary search
2025-10-07 09:27:17 [INFO] [evolutionary_search.cc:730] Sending 64 candidates(s) for measurement
2025-10-07 09:27:43 [INFO] [task_scheduler.cc:131] [Task #0: main] Trial #129: GFLOPs: 3977.3627. Time: 3.2295 us. Best GFLOPs: 4383.0433
2025-10-07 09:27:43 [INFO] [task_scheduler.cc:131] [Task #0: main] Trial #130: GFLOPs: 3786.2239. Time: 3.3926 us. Best GFLOPs: 4383.0433
2025-10-07 09:27:43 [INFO] [task_scheduler.cc:131] [Task #0: main] Trial #131: GFLOPs: 3540.5367. Time: 3.6280 us. Best GFLOPs: 4383.0433
2025-10-07 09:27:43 [INFO] [task_scheduler.cc:131] [Task #0: main] Trial #132: GFLOPs: 3895.0478. Time: 3.2978 us. Best GFLOPs: 4383.0433
2025-10-07 09:27:43 [INFO] [task_scheduler.cc:131] [Task #0: main] Trial #133: GFLOPs: 3874.2716. Time: 3.3155 us. Best GFLOPs: 4383.0433
2025-10-07 09:27:43 [INFO] [task_scheduler.cc:131] [Task #0: main] Trial #134: GFLOPs: 4282.6395. Time: 2.9993 us. Best GFLOPs: 4383.0433
2025-10-07 09:27:43 [INFO] [task_scheduler.cc:131] [Task #0: main] Trial #135: GFLOPs: 4341.8887. Time: 2.9584 us. Best GFLOPs: 4383.0433
2025-10-07 09:27:43 [INFO] [task_scheduler.cc:131] [Task #0: main] Trial #136: GFLOPs: 4291.1215. Time: 2.9934 us. Best GFLOPs: 4383.0433
2025-10-07 09:27:43 [INFO] [task_scheduler.cc:131] [Task #0: main] Trial #137: GFLOPs: 3510.7862. Time: 3.6587 us. Best GFLOPs: 4383.0433
2025-10-07 09:27:43 [INFO] [task_scheduler.cc:131] [Task #0: main] Trial #138: GFLOPs: 4024.1499. Time: 3.1920 us. Best GFLOPs: 4383.0433
2025-10-07 09:27:43 [INFO] [task_scheduler.cc:131] [Task #0: main] Trial #139: GFLOPs: 3838.2559. Time: 3.3466 us. Best GFLOPs: 4383.0433
2025-10-07 09:27:43 [INFO] [task_scheduler.cc:131] [Task #0: main] Trial #140: GFLOPs: 3726.9575. Time: 3.4465 us. Best GFLOPs: 4383.0433
2025-10-07 09:27:43 [INFO] [task_scheduler.cc:131] [Task #0: main] Trial #141: GFLOPs: 3698.0567. Time: 3.4735 us. Best GFLOPs: 4383.0433
2025-10-07 09:27:43 [INFO] [task_scheduler.cc:131] [Task #0: main] Trial #142: GFLOPs: 3964.0687. Time: 3.2404 us. Best GFLOPs: 4383.0433
2025-10-07 09:27:43 [INFO] [task_scheduler.cc:131] [Task #0: main] Trial #143: GFLOPs: 3549.9155. Time: 3.6184 us. Best GFLOPs: 4383.0433
2025-10-07 09:27:43 [INFO] [task_scheduler.cc:131] [Task #0: main] Trial #144: GFLOPs: 3960.1140. Time: 3.2436 us. Best GFLOPs: 4383.0433
2025-10-07 09:27:43 [INFO] [task_scheduler.cc:131] [Task #0: main] Trial #145: GFLOPs: 4312.8511. Time: 2.9783 us. Best GFLOPs: 4383.0433
2025-10-07 09:27:43 [INFO] [task_scheduler.cc:131] [Task #0: main] Trial #146: GFLOPs: 4015.5700. Time: 3.1988 us. Best GFLOPs: 4383.0433
2025-10-07 09:27:43 [INFO] [task_scheduler.cc:131] [Task #0: main] Trial #147: GFLOPs: 3798.2263. Time: 3.3819 us. Best GFLOPs: 4383.0433
2025-10-07 09:27:43 [INFO] [task_scheduler.cc:131] [Task #0: main] Trial #148: GFLOPs: 3939.5818. Time: 3.2605 us. Best GFLOPs: 4383.0433
2025-10-07 09:27:43 [INFO] [task_scheduler.cc:131] [Task #0: main] Trial #149: GFLOPs: 3433.2058. Time: 3.7414 us. Best GFLOPs: 4383.0433
2025-10-07 09:27:43 [INFO] [task_scheduler.cc:131] [Task #0: main] Trial #150: GFLOPs: 3917.7027. Time: 3.2787 us. Best GFLOPs: 4383.0433
2025-10-07 09:27:43 [INFO] [task_scheduler.cc:131] [Task #0: main] Trial #151: GFLOPs: 4063.2856. Time: 3.1612 us. Best GFLOPs: 4383.0433
2025-10-07 09:27:43 [INFO] [task_scheduler.cc:131] [Task #0: main] Trial #152: GFLOPs: 3312.9074. Time: 3.8773 us. Best GFLOPs: 4383.0433
2025-10-07 09:27:43 [INFO] [task_scheduler.cc:131] [Task #0: main] Trial #153: GFLOPs: 3757.5921. Time: 3.4184 us. Best GFLOPs: 4383.0433
2025-10-07 09:27:43 [INFO] [task_scheduler.cc:131] [Task #0: main] Trial #154: GFLOPs: 3777.1838. Time: 3.4007 us. Best GFLOPs: 4383.0433
2025-10-07 09:27:43 [INFO] [task_scheduler.cc:131] [Task #0: main] Trial #155: GFLOPs: 3919.9201. Time: 3.2769 us. Best GFLOPs: 4383.0433
2025-10-07 09:27:43 [INFO] [task_scheduler.cc:131] [Task #0: main] Trial #156: GFLOPs: 3953.5103. Time: 3.2490 us. Best GFLOPs: 4383.0433
2025-10-07 09:27:43 [INFO] [task_scheduler.cc:131] [Task #0: main] Trial #157: GFLOPs: 3972.5320. Time: 3.2335 us. Best GFLOPs: 4383.0433
2025-10-07 09:27:43 [INFO] [task_scheduler.cc:131] [Task #0: main] Trial #158: GFLOPs: 4106.3985. Time: 3.1281 us. Best GFLOPs: 4383.0433
2025-10-07 09:27:43 [INFO] [task_scheduler.cc:131] [Task #0: main] Trial #159: GFLOPs: 4017.5735. Time: 3.1972 us. Best GFLOPs: 4383.0433
2025-10-07 09:27:43 [INFO] [task_scheduler.cc:131] [Task #0: main] Trial #160: GFLOPs: 4232.9502. Time: 3.0345 us. Best GFLOPs: 4383.0433
2025-10-07 09:27:43 [INFO] [task_scheduler.cc:131] [Task #0: main] Trial #161: GFLOPs: 3760.5080. Time: 3.4158 us. Best GFLOPs: 4383.0433
2025-10-07 09:27:43 [INFO] [task_scheduler.cc:131] [Task #0: main] Trial #162: GFLOPs: 3420.1531. Time: 3.7557 us. Best GFLOPs: 4383.0433
2025-10-07 09:27:43 [INFO] [task_scheduler.cc:131] [Task #0: main] Trial #163: GFLOPs: 3861.0231. Time: 3.3269 us. Best GFLOPs: 4383.0433
2025-10-07 09:27:43 [INFO] [task_scheduler.cc:131] [Task #0: main] Trial #164: GFLOPs: 3678.4432. Time: 3.4920 us. Best GFLOPs: 4383.0433
2025-10-07 09:27:43 [INFO] [task_scheduler.cc:131] [Task #0: main] Trial #165: GFLOPs: 3449.8782. Time: 3.7233 us. Best GFLOPs: 4383.0433
2025-10-07 09:27:43 [INFO] [task_scheduler.cc:131] [Task #0: main] Trial #166: GFLOPs: 3843.4887. Time: 3.3420 us. Best GFLOPs: 4383.0433
2025-10-07 09:27:43 [INFO] [task_scheduler.cc:131] [Task #0: main] Trial #167: GFLOPs: 3427.1758. Time: 3.7480 us. Best GFLOPs: 4383.0433
2025-10-07 09:27:43 [INFO] [task_scheduler.cc:131] [Task #0: main] Trial #168: GFLOPs: 3410.5361. Time: 3.7663 us. Best GFLOPs: 4383.0433
2025-10-07 09:27:43 [INFO] [task_scheduler.cc:131] [Task #0: main] Trial #169: GFLOPs: 4258.6830. Time: 3.0162 us. Best GFLOPs: 4383.0433
2025-10-07 09:27:43 [INFO] [task_scheduler.cc:131] [Task #0: main] Trial #170: GFLOPs: 3786.2260. Time: 3.3926 us. Best GFLOPs: 4383.0433
2025-10-07 09:27:43 [INFO] [task_scheduler.cc:131] [Task #0: main] Trial #171: GFLOPs: 3431.6654. Time: 3.7431 us. Best GFLOPs: 4383.0433
2025-10-07 09:27:43 [INFO] [task_scheduler.cc:131] [Task #0: main] Trial #172: GFLOPs: 3969.6559. Time: 3.2358 us. Best GFLOPs: 4383.0433
2025-10-07 09:27:43 [INFO] [task_scheduler.cc:131] [Task #0: main] Trial #173: GFLOPs: 3248.6212. Time: 3.9540 us. Best GFLOPs: 4383.0433
2025-10-07 09:27:43 [INFO] [task_scheduler.cc:131] [Task #0: main] Trial #174: GFLOPs: 3492.2821. Time: 3.6781 us. Best GFLOPs: 4383.0433
2025-10-07 09:27:43 [INFO] [task_scheduler.cc:131] [Task #0: main] Trial #175: GFLOPs: 3530.9363. Time: 3.6379 us. Best GFLOPs: 4383.0433
2025-10-07 09:27:43 [INFO] [task_scheduler.cc:131] [Task #0: main] Trial #176: GFLOPs: 3481.3966. Time: 3.6896 us. Best GFLOPs: 4383.0433
2025-10-07 09:27:43 [INFO] [task_scheduler.cc:131] [Task #0: main] Trial #177: GFLOPs: 4276.9917. Time: 3.0033 us. Best GFLOPs: 4383.0433
2025-10-07 09:27:43 [INFO] [task_scheduler.cc:131] [Task #0: main] Trial #178: GFLOPs: 3870.9142. Time: 3.3184 us. Best GFLOPs: 4383.0433
2025-10-07 09:27:43 [INFO] [task_scheduler.cc:131] [Task #0: main] Trial #179: GFLOPs: 3865.2522. Time: 3.3232 us. Best GFLOPs: 4383.0433
2025-10-07 09:27:43 [INFO] [task_scheduler.cc:131] [Task #0: main] Trial #180: GFLOPs: 3617.9478. Time: 3.5504 us. Best GFLOPs: 4383.0433
2025-10-07 09:27:43 [INFO] [task_scheduler.cc:131] [Task #0: main] Trial #181: GFLOPs: 4138.7712. Time: 3.1036 us. Best GFLOPs: 4383.0433
2025-10-07 09:27:43 [INFO] [task_scheduler.cc:131] [Task #0: main] Trial #182: GFLOPs: 3707.4219. Time: 3.4647 us. Best GFLOPs: 4383.0433
2025-10-07 09:27:43 [INFO] [task_scheduler.cc:131] [Task #0: main] Trial #183: GFLOPs: 3640.6180. Time: 3.5283 us. Best GFLOPs: 4383.0433
2025-10-07 09:27:43 [INFO] [task_scheduler.cc:131] [Task #0: main] Trial #184: GFLOPs: 4276.0268. Time: 3.0040 us. Best GFLOPs: 4383.0433
2025-10-07 09:27:43 [INFO] [task_scheduler.cc:131] [Task #0: main] Trial #185: GFLOPs: 4455.7212. Time: 2.8828 us. Best GFLOPs: 4455.7212
2025-10-07 09:27:43 [INFO] [task_scheduler.cc:131] [Task #0: main] Trial #186: GFLOPs: 4182.9111. Time: 3.0708 us. Best GFLOPs: 4455.7212
2025-10-07 09:27:43 [INFO] [task_scheduler.cc:131] [Task #0: main] Trial #187: GFLOPs: 3071.4022. Time: 4.1821 us. Best GFLOPs: 4455.7212
2025-10-07 09:27:43 [INFO] [task_scheduler.cc:131] [Task #0: main] Trial #188: GFLOPs: 4331.1161. Time: 2.9658 us. Best GFLOPs: 4455.7212
2025-10-07 09:27:43 [INFO] [task_scheduler.cc:131] [Task #0: main] Trial #189: GFLOPs: 3365.4729. Time: 3.8167 us. Best GFLOPs: 4455.7212
2025-10-07 09:27:43 [INFO] [task_scheduler.cc:131] [Task #0: main] Trial #190: GFLOPs: 2309.3545. Time: 5.5622 us. Best GFLOPs: 4455.7212
2025-10-07 09:27:43 [INFO] [task_scheduler.cc:131] [Task #0: main] Trial #191: GFLOPs: 3414.1570. Time: 3.7623 us. Best GFLOPs: 4455.7212
2025-10-07 09:27:43 [INFO] [task_scheduler.cc:131] [Task #0: main] Trial #192: GFLOPs: 2327.6295. Time: 5.5185 us. Best GFLOPs: 4455.7212
2025-10-07 09:27:43 [INFO] [evolutionary_search.cc:713] Generating candidates......
2025-10-07 09:27:44 [INFO] [evolutionary_search.cc:715] Picked top 102 candidate(s) from database
2025-10-07 09:27:48 [INFO] [evolutionary_search.cc:533] Sample-Init-Population summary:
Postproc #0 [meta_schedule.DisallowDynamicLoop(0x1078b738)]: 0 failure(s)
Postproc #1 [meta_schedule.RewriteCooperativeFetch(0x10c5e018)]: 0 failure(s)
Postproc #2 [meta_schedule.RewriteUnboundBlock(0x1096b2a8)]: 0 failure(s)
Postproc #3 [meta_schedule.RewriteParallelVectorizeUnroll(0x106bee48)]: 0 failure(s)
Postproc #4 [meta_schedule.RewriteReductionBlock(0xe624028)]: 0 failure(s)
Postproc #5 [meta_schedule.VerifyGPUCode(0x1118ae28)]: 256 failure(s)
Postproc #6 [meta_schedule.RewriteTensorize(0x109d42a8)]: 0 failure(s)
2025-10-07 09:27:48 [INFO] [evolutionary_search.cc:723] Sampled 154 candidate(s)
2025-10-07 09:27:54 [INFO] [evolutionary_search.cc:621] Evolve iter #0 done. Summary:
Postproc #0 [meta_schedule.DisallowDynamicLoop(0x1078b738)]: 0 failure(s)
Postproc #1 [meta_schedule.RewriteCooperativeFetch(0x10c5e018)]: 0 failure(s)
Postproc #2 [meta_schedule.RewriteUnboundBlock(0x1096b2a8)]: 0 failure(s)
Postproc #3 [meta_schedule.RewriteParallelVectorizeUnroll(0x106bee48)]: 0 failure(s)
Postproc #4 [meta_schedule.RewriteReductionBlock(0xe624028)]: 0 failure(s)
Postproc #5 [meta_schedule.VerifyGPUCode(0x1118ae28)]: 89 failure(s)
Postproc #6 [meta_schedule.RewriteTensorize(0x109d42a8)]: 0 failure(s)
2025-10-07 09:28:01 [INFO] [evolutionary_search.cc:621] Evolve iter #1 done. Summary:
Postproc #0 [meta_schedule.DisallowDynamicLoop(0x1078b738)]: 0 failure(s)
Postproc #1 [meta_schedule.RewriteCooperativeFetch(0x10c5e018)]: 0 failure(s)
Postproc #2 [meta_schedule.RewriteUnboundBlock(0x1096b2a8)]: 0 failure(s)
Postproc #3 [meta_schedule.RewriteParallelVectorizeUnroll(0x106bee48)]: 0 failure(s)
Postproc #4 [meta_schedule.RewriteReductionBlock(0xe624028)]: 0 failure(s)
Postproc #5 [meta_schedule.VerifyGPUCode(0x1118ae28)]: 74 failure(s)
Postproc #6 [meta_schedule.RewriteTensorize(0x109d42a8)]: 0 failure(s)
2025-10-07 09:28:08 [INFO] [evolutionary_search.cc:621] Evolve iter #2 done. Summary:
Postproc #0 [meta_schedule.DisallowDynamicLoop(0x1078b738)]: 0 failure(s)
Postproc #1 [meta_schedule.RewriteCooperativeFetch(0x10c5e018)]: 0 failure(s)
Postproc #2 [meta_schedule.RewriteUnboundBlock(0x1096b2a8)]: 0 failure(s)
Postproc #3 [meta_schedule.RewriteParallelVectorizeUnroll(0x106bee48)]: 0 failure(s)
Postproc #4 [meta_schedule.RewriteReductionBlock(0xe624028)]: 0 failure(s)
Postproc #5 [meta_schedule.VerifyGPUCode(0x1118ae28)]: 74 failure(s)
Postproc #6 [meta_schedule.RewriteTensorize(0x109d42a8)]: 0 failure(s)
2025-10-07 09:28:15 [INFO] [evolutionary_search.cc:621] Evolve iter #3 done. Summary:
Postproc #0 [meta_schedule.DisallowDynamicLoop(0x1078b738)]: 0 failure(s)
Postproc #1 [meta_schedule.RewriteCooperativeFetch(0x10c5e018)]: 0 failure(s)
Postproc #2 [meta_schedule.RewriteUnboundBlock(0x1096b2a8)]: 0 failure(s)
Postproc #3 [meta_schedule.RewriteParallelVectorizeUnroll(0x106bee48)]: 0 failure(s)
Postproc #4 [meta_schedule.RewriteReductionBlock(0xe624028)]: 0 failure(s)
Postproc #5 [meta_schedule.VerifyGPUCode(0x1118ae28)]: 78 failure(s)
Postproc #6 [meta_schedule.RewriteTensorize(0x109d42a8)]: 0 failure(s)
2025-10-07 09:28:17 [INFO] [evolutionary_search.cc:649] Scores of the best 64 candidates:
[1 : 16]:	0.9660  0.9656  0.9631  0.9549  0.9535  0.9529  0.9527  0.9506  0.9493  0.9476  0.9468  0.9452  0.9447  0.9445  0.9434  0.9425
[17 : 32]:	0.9400  0.9390  0.9390  0.9390  0.9375  0.9375  0.9374  0.9374  0.9374  0.9374  0.9373  0.9372  0.9365  0.9363  0.9356  0.9341
[33 : 48]:	0.9329  0.9329  0.9321  0.9308  0.9308  0.9307  0.9288  0.9280  0.9269  0.9268  0.9267  0.9263  0.9247  0.9245  0.9237  0.9237
[49 : 64]:	0.9233  0.9230  0.9221  0.9221  0.9221  0.9210  0.9209  0.9205  0.9205  0.9205  0.9203  0.9203  0.9202  0.9202  0.9200  0.9192
2025-10-07 09:28:17 [INFO] [evolutionary_search.cc:727] Got 64 candidate(s) with evolutionary search
2025-10-07 09:28:17 [INFO] [evolutionary_search.cc:730] Sending 64 candidates(s) for measurement
2025-10-07 09:28:43 [INFO] [task_scheduler.cc:131] [Task #0: main] Trial #193: GFLOPs: 4034.0589. Time: 3.1842 us. Best GFLOPs: 4455.7212
2025-10-07 09:28:43 [INFO] [task_scheduler.cc:131] [Task #0: main] Trial #194: GFLOPs: 4184.3122. Time: 3.0698 us. Best GFLOPs: 4455.7212
2025-10-07 09:28:43 [INFO] [task_scheduler.cc:131] [Task #0: main] Trial #195: GFLOPs: 3377.8381. Time: 3.8027 us. Best GFLOPs: 4455.7212
2025-10-07 09:28:43 [INFO] [task_scheduler.cc:131] [Task #0: main] Trial #196: GFLOPs: 4087.8186. Time: 3.1423 us. Best GFLOPs: 4455.7212
2025-10-07 09:28:43 [INFO] [task_scheduler.cc:131] [Task #0: main] Trial #197: GFLOPs: 4049.3662. Time: 3.1721 us. Best GFLOPs: 4455.7212
2025-10-07 09:28:43 [INFO] [task_scheduler.cc:131] [Task #0: main] Trial #198: GFLOPs: 4221.7512. Time: 3.0426 us. Best GFLOPs: 4455.7212
2025-10-07 09:28:43 [INFO] [task_scheduler.cc:131] [Task #0: main] Trial #199: GFLOPs: 4037.1298. Time: 3.1817 us. Best GFLOPs: 4455.7212
2025-10-07 09:28:43 [INFO] [task_scheduler.cc:131] [Task #0: main] Trial #200: GFLOPs: 4351.9329. Time: 2.9516 us. Best GFLOPs: 4455.7212
2025-10-07 09:28:43 [INFO] [task_scheduler.cc:131] [Task #0: main] Trial #201: GFLOPs: 4142.3415. Time: 3.1009 us. Best GFLOPs: 4455.7212
2025-10-07 09:28:43 [INFO] [task_scheduler.cc:131] [Task #0: main] Trial #202: GFLOPs: 4273.1393. Time: 3.0060 us. Best GFLOPs: 4455.7212
2025-10-07 09:28:43 [INFO] [task_scheduler.cc:131] [Task #0: main] Trial #203: GFLOPs: 4308.8871. Time: 2.9811 us. Best GFLOPs: 4455.7212
2025-10-07 09:28:43 [INFO] [task_scheduler.cc:131] [Task #0: main] Trial #204: GFLOPs: 4182.0451. Time: 3.0715 us. Best GFLOPs: 4455.7212
2025-10-07 09:28:43 [INFO] [task_scheduler.cc:131] [Task #0: main] Trial #205: GFLOPs: 4028.7107. Time: 3.1884 us. Best GFLOPs: 4455.7212
2025-10-07 09:28:43 [INFO] [task_scheduler.cc:131] [Task #0: main] Trial #206: GFLOPs: 3824.7677. Time: 3.3584 us. Best GFLOPs: 4455.7212
2025-10-07 09:28:43 [INFO] [task_scheduler.cc:131] [Task #0: main] Trial #207: GFLOPs: 4042.9382. Time: 3.1772 us. Best GFLOPs: 4455.7212
2025-10-07 09:28:43 [INFO] [task_scheduler.cc:131] [Task #0: main] Trial #208: GFLOPs: 3323.2764. Time: 3.8652 us. Best GFLOPs: 4455.7212
2025-10-07 09:28:43 [INFO] [task_scheduler.cc:131] [Task #0: main] Trial #209: GFLOPs: 3903.8210. Time: 3.2904 us. Best GFLOPs: 4455.7212
2025-10-07 09:28:43 [INFO] [task_scheduler.cc:131] [Task #0: main] Trial #210: GFLOPs: 3882.9754. Time: 3.3080 us. Best GFLOPs: 4455.7212
2025-10-07 09:28:43 [INFO] [task_scheduler.cc:131] [Task #0: main] Trial #211: GFLOPs: 3814.0676. Time: 3.3678 us. Best GFLOPs: 4455.7212
2025-10-07 09:28:43 [INFO] [task_scheduler.cc:131] [Task #0: main] Trial #212: GFLOPs: 4028.1004. Time: 3.1889 us. Best GFLOPs: 4455.7212
2025-10-07 09:28:43 [INFO] [task_scheduler.cc:131] [Task #0: main] Trial #213: GFLOPs: 4012.8171. Time: 3.2010 us. Best GFLOPs: 4455.7212
2025-10-07 09:28:43 [INFO] [task_scheduler.cc:131] [Task #0: main] Trial #214: GFLOPs: 4245.4159. Time: 3.0256 us. Best GFLOPs: 4455.7212
2025-10-07 09:28:43 [INFO] [task_scheduler.cc:131] [Task #0: main] Trial #215: GFLOPs: 3679.7089. Time: 3.4908 us. Best GFLOPs: 4455.7212
2025-10-07 09:28:43 [INFO] [task_scheduler.cc:131] [Task #0: main] Trial #216: GFLOPs: 4256.9406. Time: 3.0174 us. Best GFLOPs: 4455.7212
2025-10-07 09:28:43 [INFO] [task_scheduler.cc:131] [Task #0: main] Trial #217: GFLOPs: 3990.7495. Time: 3.2187 us. Best GFLOPs: 4455.7212
2025-10-07 09:28:43 [INFO] [task_scheduler.cc:131] [Task #0: main] Trial #218: GFLOPs: 2390.5639. Time: 5.3732 us. Best GFLOPs: 4455.7212
2025-10-07 09:28:43 [INFO] [task_scheduler.cc:131] [Task #0: main] Trial #219: GFLOPs: 4022.0004. Time: 3.1937 us. Best GFLOPs: 4455.7212
2025-10-07 09:28:43 [INFO] [task_scheduler.cc:131] [Task #0: main] Trial #220: GFLOPs: 3410.0286. Time: 3.7668 us. Best GFLOPs: 4455.7212
2025-10-07 09:28:43 [INFO] [task_scheduler.cc:131] [Task #0: main] Trial #221: GFLOPs: 3458.4993. Time: 3.7141 us. Best GFLOPs: 4455.7212
2025-10-07 09:28:43 [INFO] [task_scheduler.cc:131] [Task #0: main] Trial #222: GFLOPs: 3696.6605. Time: 3.4748 us. Best GFLOPs: 4455.7212
2025-10-07 09:28:43 [INFO] [task_scheduler.cc:131] [Task #0: main] Trial #223: GFLOPs: 4189.5745. Time: 3.0660 us. Best GFLOPs: 4455.7212
2025-10-07 09:28:43 [INFO] [task_scheduler.cc:131] [Task #0: main] Trial #224: GFLOPs: 4146.9442. Time: 3.0975 us. Best GFLOPs: 4455.7212
2025-10-07 09:28:43 [INFO] [task_scheduler.cc:131] [Task #0: main] Trial #225: GFLOPs: 3771.5243. Time: 3.4058 us. Best GFLOPs: 4455.7212
2025-10-07 09:28:43 [INFO] [task_scheduler.cc:131] [Task #0: main] Trial #226: GFLOPs: 4334.1576. Time: 2.9637 us. Best GFLOPs: 4455.7212
2025-10-07 09:28:43 [INFO] [task_scheduler.cc:131] [Task #0: main] Trial #227: GFLOPs: 4061.8004. Time: 3.1624 us. Best GFLOPs: 4455.7212
2025-10-07 09:28:43 [INFO] [task_scheduler.cc:131] [Task #0: main] Trial #228: GFLOPs: 4112.5299. Time: 3.1234 us. Best GFLOPs: 4455.7212
2025-10-07 09:28:43 [INFO] [task_scheduler.cc:131] [Task #0: main] Trial #229: GFLOPs: 3425.6602. Time: 3.7497 us. Best GFLOPs: 4455.7212
2025-10-07 09:28:43 [INFO] [task_scheduler.cc:131] [Task #0: main] Trial #230: GFLOPs: 4005.5855. Time: 3.2068 us. Best GFLOPs: 4455.7212
2025-10-07 09:28:43 [INFO] [task_scheduler.cc:131] [Task #0: main] Trial #231: GFLOPs: 3404.6211. Time: 3.7728 us. Best GFLOPs: 4455.7212
2025-10-07 09:28:43 [INFO] [task_scheduler.cc:131] [Task #0: main] Trial #232: GFLOPs: 4377.2792. Time: 2.9345 us. Best GFLOPs: 4455.7212
2025-10-07 09:28:43 [INFO] [task_scheduler.cc:131] [Task #0: main] Trial #233: GFLOPs: 3756.9397. Time: 3.4190 us. Best GFLOPs: 4455.7212
2025-10-07 09:28:43 [INFO] [task_scheduler.cc:131] [Task #0: main] Trial #234: GFLOPs: 3477.6362. Time: 3.6936 us. Best GFLOPs: 4455.7212
2025-10-07 09:28:43 [INFO] [task_scheduler.cc:131] [Task #0: main] Trial #235: GFLOPs: 4474.9498. Time: 2.8704 us. Best GFLOPs: 4474.9498
2025-10-07 09:28:43 [INFO] [task_scheduler.cc:131] [Task #0: main] Trial #236: GFLOPs: 3547.6023. Time: 3.6208 us. Best GFLOPs: 4474.9498
2025-10-07 09:28:43 [INFO] [task_scheduler.cc:131] [Task #0: main] Trial #237: GFLOPs: 3798.2780. Time: 3.3818 us. Best GFLOPs: 4474.9498
2025-10-07 09:28:43 [INFO] [task_scheduler.cc:131] [Task #0: main] Trial #238: GFLOPs: 4198.9176. Time: 3.0591 us. Best GFLOPs: 4474.9498
2025-10-07 09:28:43 [INFO] [task_scheduler.cc:131] [Task #0: main] Trial #239: GFLOPs: 3686.9823. Time: 3.4839 us. Best GFLOPs: 4474.9498
2025-10-07 09:28:43 [INFO] [task_scheduler.cc:131] [Task #0: main] Trial #240: GFLOPs: 4268.1698. Time: 3.0095 us. Best GFLOPs: 4474.9498
2025-10-07 09:28:43 [INFO] [task_scheduler.cc:131] [Task #0: main] Trial #241: GFLOPs: 3984.6974. Time: 3.2236 us. Best GFLOPs: 4474.9498
2025-10-07 09:28:43 [INFO] [task_scheduler.cc:131] [Task #0: main] Trial #242: GFLOPs: 4263.5661. Time: 3.0127 us. Best GFLOPs: 4474.9498
2025-10-07 09:28:43 [INFO] [task_scheduler.cc:131] [Task #0: main] Trial #243: GFLOPs: 4441.9907. Time: 2.8917 us. Best GFLOPs: 4474.9498
2025-10-07 09:28:43 [INFO] [task_scheduler.cc:131] [Task #0: main] Trial #244: GFLOPs: 3827.9749. Time: 3.3556 us. Best GFLOPs: 4474.9498
2025-10-07 09:28:43 [INFO] [task_scheduler.cc:131] [Task #0: main] Trial #245: GFLOPs: 4102.8253. Time: 3.1308 us. Best GFLOPs: 4474.9498
2025-10-07 09:28:43 [INFO] [task_scheduler.cc:131] [Task #0: main] Trial #246: GFLOPs: 3949.7741. Time: 3.2521 us. Best GFLOPs: 4474.9498
2025-10-07 09:28:43 [INFO] [task_scheduler.cc:131] [Task #0: main] Trial #247: GFLOPs: 4280.0299. Time: 3.0012 us. Best GFLOPs: 4474.9498
2025-10-07 09:28:43 [INFO] [task_scheduler.cc:131] [Task #0: main] Trial #248: GFLOPs: 4092.3334. Time: 3.1388 us. Best GFLOPs: 4474.9498
2025-10-07 09:28:43 [INFO] [task_scheduler.cc:131] [Task #0: main] Trial #249: GFLOPs: 4416.9205. Time: 2.9081 us. Best GFLOPs: 4474.9498
2025-10-07 09:28:43 [INFO] [task_scheduler.cc:131] [Task #0: main] Trial #250: GFLOPs: 4217.9377. Time: 3.0453 us. Best GFLOPs: 4474.9498
2025-10-07 09:28:43 [INFO] [task_scheduler.cc:131] [Task #0: main] Trial #251: GFLOPs: 4231.7289. Time: 3.0354 us. Best GFLOPs: 4474.9498
2025-10-07 09:28:43 [INFO] [task_scheduler.cc:131] [Task #0: main] Trial #252: GFLOPs: 4197.5665. Time: 3.0601 us. Best GFLOPs: 4474.9498
2025-10-07 09:28:43 [INFO] [task_scheduler.cc:131] [Task #0: main] Trial #253: GFLOPs: 3792.8137. Time: 3.3867 us. Best GFLOPs: 4474.9498
2025-10-07 09:28:43 [INFO] [task_scheduler.cc:131] [Task #0: main] Trial #254: GFLOPs: 1231.9548. Time: 10.4266 us. Best GFLOPs: 4474.9498
2025-10-07 09:28:43 [INFO] [task_scheduler.cc:131] [Task #0: main] Trial #255: GFLOPs: 3168.8538. Time: 4.0535 us. Best GFLOPs: 4474.9498
2025-10-07 09:28:43 [INFO] [task_scheduler.cc:121] [Task #0: main] Trial #256: Error in building:
LocalBuilder: An exception occurred
Traceback (most recent call last):
  File "/workspace/tvm-dev/python/tvm/exec/popen_worker.py", line 87, in main
    result = fn(*args, **kwargs)
             ^^^^^^^^^^^^^^^^^^^
  File "/workspace/tvm-dev/python/tvm/meta_schedule/builder/local_builder.py", line 165, in <lambda>
    lambda x: _worker_func(*x),
              ^^^^^^^^^^^^^^^^
  File "/workspace/tvm-dev/python/tvm/meta_schedule/builder/local_builder.py", line 231, in _worker_func
    rt_mod: Module = f_build(mod, target, _deserialize_params(params))
                     ^^^^^^^^^^^^^^^^^^^^^^^^^^^^^^^^^^^^^^^^^^^^^^^^^
  File "/workspace/tvm-dev/python/tvm/_ffi/_ctypes/packed_func.py", line 245, in __call__
    raise_last_ffi_error()
  File "/workspace/tvm-dev/python/tvm/_ffi/base.py", line 481, in raise_last_ffi_error
    raise py_err
  File "/workspace/tvm-dev/python/tvm/meta_schedule/builder/local_builder.py", line 261, in default_build
    return tvm_build(mod, target=target)
           ^^^^^^^^^^^^^^^^^^^^^^^^^^^^^
  File "/workspace/tvm-dev/python/tvm/driver/build_module.py", line 297, in build
    rt_mod_host = _driver_ffi.tir_to_runtime(annotated_mods, target_host)
                  ^^^^^^^^^^^^^^^^^^^^^^^^^^^^^^^^^^^^^^^^^^^^^^^^^^^^^^^
  File "/workspace/tvm-dev/python/tvm/_ffi/_ctypes/packed_func.py", line 245, in __call__
    raise_last_ffi_error()
  File "/workspace/tvm-dev/python/tvm/_ffi/base.py", line 481, in raise_last_ffi_error
    raise py_err
ValueError: Traceback (most recent call last):
  14: tvm::runtime::PackedFuncObj::Extractor<tvm::runtime::PackedFuncSubObj<tvm::runtime::TypedPackedFunc<tvm::runtime::Module (tvm::runtime::Map<tvm::Target, tvm::IRModule, void, void> const&, tvm::Target)>::AssignTypedLambda<tvm::__mk_TVM24::{lambda(tvm::runtime::Map<tvm::Target, tvm::IRModule, void, void> const&, tvm::Target)#1}>(tvm::__mk_TVM24::{lambda(tvm::runtime::Map<tvm::Target, tvm::IRModule, void, void> const&, tvm::Target)#1}, std::__cxx11::basic_string<char, std::char_traits<char>, std::allocator<char> >)::{lambda(tvm::runtime::TVMArgs const&, tvm::runtime::TVMRetValue*)#1}> >::Call(tvm::runtime::PackedFuncObj const*, std::__cxx11::basic_string<char, std::char_traits<char>, std::allocator<char> >, tvm::runtime::TVMRetValue)
  13: tvm::TIRToRuntime(tvm::runtime::Map<tvm::Target, tvm::IRModule, void, void> const&, tvm::Target const&)
  12: tvm::codegen::Build(tvm::IRModule, tvm::Target)
  11: _ZN3tvm7runtime13PackedFuncObj
  10: tvm::runtime::TypedPackedFunc<tvm::runtime::Module (tvm::IRModule, tvm::Target)>::AssignTypedLambda<tvm::runtime::Module (*)(tvm::IRModule, tvm::Target)>(tvm::runtime::Module (*)(tvm::IRModule, tvm::Target), std::__cxx11::basic_string<char, std::char_traits<char>, std::allocator<char> >)::{lambda(tvm::runtime::TVMArgs const&, tvm::runtime::TVMRetValue*)#1}::operator()(tvm::runtime::TVMArgs const&, tvm::runtime::TVMRetValue*) const
  9: tvm::codegen::BuildCUDA(tvm::IRModule, tvm::Target)
  8: tvm::codegen::CodeGenC::AddFunction(tvm::GlobalVar const&, tvm::tir::PrimFunc const&)
  7: tvm::codegen::CodeGenCUDA::VisitStmt_(tvm::tir::AllocateNode const*)
  6: tvm::codegen::CodeGenCUDA::VisitStmt_(tvm::tir::AllocateNode const*)
  5: tvm::codegen::CodeGenCUDA::VisitStmt_(tvm::tir::AllocateNode const*)
  4: tvm::codegen::CodeGenCUDA::VisitStmt_(tvm::tir::AllocateNode const*)
  3: tvm::codegen::CodeGenC::VisitStmt_(tvm::tir::SeqStmtNode const*)
  2: tvm::codegen::CodeGenC::VisitStmt_(tvm::tir::BufferStoreNode const*)
  1: tvm::codegen::CodeGenC::PrintExpr[abi:cxx11](tvm::PrimExpr const&)
  0: tvm::codegen::CodeGenCUDA::VisitExpr_(tvm::tir::RampNode const*, std::ostream&)
  File "/workspace/tvm-dev/src/target/source/codegen_cuda.cc", line 1204
ValueError: Check failed: lanes <= 4 (8 vs. 4) : Ramp of more than 4 lanes is not allowed.

# from tvm.script import ir as I
# from tvm.script import tir as T

@I.ir_module
class Module:
    @T.prim_func
    def main(A: T.Buffer((1, 64, 56, 56), "float16"), W: T.Buffer((128, 64, 1, 1), "float16"), conv2d_nchw: T.Buffer((1, 128, 28, 28), "float16")):
        T.func_attr({"tir.noalias": T.bool(True)})
        # with T.block("root"):
        conv2d_nchw_reindex_shared_dyn = T.alloc_buffer((49, 8, 1, 1, 16, 16), "float16", scope="shared.dyn")
        conv2d_nchw_reindex_shared_dyn_wmma_accumulator = T.alloc_buffer((49, 8, 1, 1, 16, 16), "float16", scope="wmma.accumulator")
        pad_temp_reindex_shared_dyn = T.alloc_buffer((784, 64), "float16", scope="shared.dyn")
        W_reindex_shared_dyn = T.alloc_buffer((1, 1, 64, 128), "float16", scope="shared.dyn")
        pad_temp_reindex_shared_dyn_wmma_matrix_a = T.alloc_buffer((784, 64), "float16", scope="wmma.matrix_a")
        W_reindex_shared_dyn_wmma_matrix_b = T.alloc_buffer((1, 1, 64, 128), "float16", scope="wmma.matrix_b")
        for ax0_ax1_ax2_0_0_ax3_0_0_fused in T.thread_binding(1, thread="blockIdx.y", annotations={"pragma_auto_unroll_max_step": 16, "pragma_unroll_explicit": 1}):
            for ax2_0_1_ax3_0_1_fused in T.thread_binding(28, thread="blockIdx.x"):
                for ax2_0_2_ax3_0_2_fused in T.thread_binding(14, thread="threadIdx.y"):
                    for ax2_0_3_init, ax3_0_3_init, ax2_0_4_init, ax3_0_4_init in T.grid(1, 1, 1, 1):
                        with T.block("conv2d_nchw_o_init"):
                            v0_o = T.axis.spatial(1, 0)
                            v1_o = T.axis.spatial(1, 0)
                            v2_o = T.axis.spatial(49, ax2_0_1_ax3_0_1_fused // 4 * 7 + ax2_0_2_ax3_0_2_fused // 2 + ax2_0_3_init + ax2_0_4_init)
                            v3_o = T.axis.spatial(8, ax2_0_1_ax3_0_1_fused % 4 * 2 + ax2_0_2_ax3_0_2_fused % 2 + ax3_0_3_init + ax3_0_4_init)
                            T.reads()
                            T.writes(conv2d_nchw_reindex_shared_dyn_wmma_accumulator[v2_o, v3_o, 0, 0, 0:16, 0:16])
                            T.block_attr({"meta_schedule.thread_extent_high_inclusive": 1024, "meta_schedule.thread_extent_low_inclusive": 32, "warp_execution": 1})
                            C = T.match_buffer(conv2d_nchw_reindex_shared_dyn_wmma_accumulator[v2_o, v3_o, 0, 0, 0:16, 0:16], (16, 16), "float16", strides=("C_s0", "C_s1"), scope="wmma.accumulator", offset_factor=16)
                            T.tvm_fill_fragment(C.data, 16, 16, 16, C.elem_offset // C.strides[0] // 16 * (C.strides[0] // 16) + C.elem_offset % C.strides[0] // 16, T.float32(0.0))
                    for ax4_0_0 in range(2):
                        for ax0_ax1_fused_0 in range(4):
                            for ax0_ax1_fused_1 in T.thread_binding(14, thread="threadIdx.y"):
                                for ax0_ax1_fused_2 in T.thread_binding(32, thread="threadIdx.x"):
                                    for ax0_ax1_fused_3 in T.vectorized(2):
                                        with T.block("pad_temp_reindex_shared.dyn"):
                                            v0 = T.axis.spatial(784, ax2_0_1_ax3_0_1_fused // 4 * 112 + (ax0_ax1_fused_0 * 896 + ax0_ax1_fused_1 * 64 + ax0_ax1_fused_2 * 2 + ax0_ax1_fused_3) // 32)
                                            v1 = T.axis.spatial(64, ax4_0_0 * 32 + (ax0_ax1_fused_0 * 896 + ax0_ax1_fused_1 * 64 + ax0_ax1_fused_2 * 2 + ax0_ax1_fused_3) % 32)
                                            T.reads(A[0, v1, v0 // 28 * 2, v0 % 28 * 2])
                                            T.writes(pad_temp_reindex_shared_dyn[v0, v1])
                                            T.block_attr({"buffer_dim_align": [[0, 0, 32, 8]]})
                                            pad_temp_reindex_shared_dyn[v0, v1] = A[0, v1, v0 // 28 * 2, v0 % 28 * 2]
                        for ax0_ax1_ax2_ax3_fused_0 in range(1):
                            for ax0_ax1_ax2_ax3_fused_1 in T.thread_binding(14, thread="threadIdx.y"):
                                for ax0_ax1_ax2_ax3_fused_2 in T.thread_binding(32, thread="threadIdx.x"):
                                    for ax0_ax1_ax2_ax3_fused_3 in T.vectorized(4):
                                        with T.block("W_reindex_shared.dyn"):
                                            v0 = T.axis.spatial(1, 0)
                                            v1 = T.axis.spatial(1, 0)
                                            v2 = T.axis.spatial(64, ax4_0_0 * 32 + (ax0_ax1_ax2_ax3_fused_0 * 1792 + ax0_ax1_ax2_ax3_fused_1 * 128 + ax0_ax1_ax2_ax3_fused_2 * 4 + ax0_ax1_ax2_ax3_fused_3) // 32)
                                            v3 = T.axis.spatial(128, ax2_0_1_ax3_0_1_fused % 4 * 32 + (ax0_ax1_ax2_ax3_fused_0 * 1792 + ax0_ax1_ax2_ax3_fused_1 * 128 + ax0_ax1_ax2_ax3_fused_2 * 4 + ax0_ax1_ax2_ax3_fused_3) % 32)
                                            T.where(((ax0_ax1_ax2_ax3_fused_0 * 14 + ax0_ax1_ax2_ax3_fused_1) * 32 + ax0_ax1_ax2_ax3_fused_2) * 4 + ax0_ax1_ax2_ax3_fused_3 < 1024)
                                            T.reads(W[v3, v2, v0, v1])
                                            T.writes(W_reindex_shared_dyn[v0, v1, v2, v3])
                                            T.block_attr({"buffer_dim_align": [[0, 2, 32, 8]]})
                                            W_reindex_shared_dyn[v0, v1, v2, v3] = W[v3, v2, v0, v1]
                        for ax4_0_1 in range(1):
                            for ax0_0, ax1_0 in T.grid(1, 2):
                                with T.block("pad_temp_reindex_shared.dyn_wmma.matrix_a_o"):
                                    v0_o = T.axis.spatial(49, ax2_0_1_ax3_0_1_fused // 4 * 7 + ax2_0_2_ax3_0_2_fused // 2 + ax0_0)
                                    v1_o = T.axis.spatial(4, ax4_0_0 * 2 + ax1_0)
                                    T.reads(pad_temp_reindex_shared_dyn[v0_o * 16:v0_o * 16 + 16, v1_o * 16:v1_o * 16 + 16])
                                    T.writes(pad_temp_reindex_shared_dyn_wmma_matrix_a[v0_o * 16:v0_o * 16 + 16, v1_o * 16:v1_o * 16 + 16])
                                    A_1 = T.match_buffer(pad_temp_reindex_shared_dyn[v0_o * 16:v0_o * 16 + 16, v1_o * 16:v1_o * 16 + 16], (16, 16), "float16", strides=("A_s0", "A_s1"), scope="shared.dyn", offset_factor=16)
                                    C = T.match_buffer(pad_temp_reindex_shared_dyn_wmma_matrix_a[v0_o * 16:v0_o * 16 + 16, v1_o * 16:v1_o * 16 + 16], (16, 16), "float16", strides=("C_s0", "C_s1"), scope="wmma.matrix_a", offset_factor=16)
                                    T.tvm_load_matrix_sync(C.data, 16, 16, 16, C.elem_offset // C.strides[0] // 16 * (C.strides[0] // 16) + C.elem_offset % C.strides[0] // 16, T.tvm_access_ptr(T.type_annotation("float16"), A_1.data, A_1.elem_offset, A_1.strides[0] * 16, 1), A_1.strides[0], "row_major")
                            for ax0, ax1, ax2_0, ax3_0 in T.grid(1, 1, 2, 1):
                                with T.block("W_reindex_shared.dyn_wmma.matrix_b_o"):
                                    v0_o, v1_o = T.axis.remap("SS", [ax0, ax1])
                                    v2_o = T.axis.spatial(4, ax4_0_0 * 2 + ax2_0)
                                    v3_o = T.axis.spatial(8, ax2_0_1_ax3_0_1_fused % 4 * 2 + ax2_0_2_ax3_0_2_fused % 2 + ax3_0)
                                    T.reads(W_reindex_shared_dyn[v0_o, v1_o, v2_o * 16:v2_o * 16 + 16, v3_o * 16:v3_o * 16 + 16])
                                    T.writes(W_reindex_shared_dyn_wmma_matrix_b[v0_o, v1_o, v2_o * 16:v2_o * 16 + 16, v3_o * 16:v3_o * 16 + 16])
                                    A_1 = T.match_buffer(W_reindex_shared_dyn[v0_o, v1_o, v2_o * 16:v2_o * 16 + 16, v3_o * 16:v3_o * 16 + 16], (16, 16), "float16", strides=("A_s0", "A_s1"), scope="shared.dyn", offset_factor=16)
                                    C = T.match_buffer(W_reindex_shared_dyn_wmma_matrix_b[v0_o, v1_o, v2_o * 16:v2_o * 16 + 16, v3_o * 16:v3_o * 16 + 16], (16, 16), "float16", strides=("C_s0", "C_s1"), scope="wmma.matrix_b", offset_factor=16)
                                    T.tvm_load_matrix_sync(C.data, 16, 16, 16, C.elem_offset // C.strides[0] // 16 * (C.strides[0] // 16) + C.elem_offset % C.strides[0] // 16, T.tvm_access_ptr(T.type_annotation("float16"), A_1.data, A_1.elem_offset, A_1.strides[0] * 16, 1), A_1.strides[0], "row_major")
                            for ax2_0_3, ax3_0_3, ax4_0_2, ax2_0_4, ax3_0_4 in T.grid(1, 1, 2, 1, 1):
                                with T.block("conv2d_nchw_o_update"):
                                    v0_o = T.axis.spatial(1, 0)
                                    v1_o = T.axis.spatial(1, 0)
                                    v2_o = T.axis.spatial(49, ax2_0_1_ax3_0_1_fused // 4 * 7 + ax2_0_2_ax3_0_2_fused // 2 + ax2_0_3 + ax2_0_4)
                                    v3_o = T.axis.spatial(8, ax2_0_1_ax3_0_1_fused % 4 * 2 + ax2_0_2_ax3_0_2_fused % 2 + ax3_0_3 + ax3_0_4)
                                    v4_o = T.axis.reduce(4, ax4_0_0 * 2 + ax4_0_1 * 2 + ax4_0_2)
                                    T.reads(conv2d_nchw_reindex_shared_dyn_wmma_accumulator[v2_o, v3_o, 0, 0, 0:16, 0:16], pad_temp_reindex_shared_dyn_wmma_matrix_a[v2_o * 16:v2_o * 16 + 16, v4_o * 16:v4_o * 16 + 16], W_reindex_shared_dyn_wmma_matrix_b[v0_o, v1_o, v4_o * 16:v4_o * 16 + 16, v3_o * 16:v3_o * 16 + 16])
                                    T.writes(conv2d_nchw_reindex_shared_dyn_wmma_accumulator[v2_o, v3_o, 0, 0, 0:16, 0:16])
                                    T.block_attr({"meta_schedule.thread_extent_high_inclusive": 1024, "meta_schedule.thread_extent_low_inclusive": 32, "warp_execution": 1})
                                    A_1 = T.match_buffer(pad_temp_reindex_shared_dyn_wmma_matrix_a[v2_o * 16:v2_o * 16 + 16, v4_o * 16:v4_o * 16 + 16], (16, 16), "float16", strides=("A_s0", "A_s1"), scope="wmma.matrix_a", offset_factor=16)
                                    B = T.match_buffer(W_reindex_shared_dyn_wmma_matrix_b[v0_o, v1_o, v4_o * 16:v4_o * 16 + 16, v3_o * 16:v3_o * 16 + 16], (16, 16), "float16", strides=("B_s0", "B_s1"), scope="wmma.matrix_b", offset_factor=16)
                                    C = T.match_buffer(conv2d_nchw_reindex_shared_dyn_wmma_accumulator[v2_o, v3_o, 0, 0, 0:16, 0:16], (16, 16), "float16", strides=("C_s0", "C_s1"), scope="wmma.accumulator", offset_factor=16)
                                    T.tvm_mma_sync(C.data, C.elem_offset // C.strides[0] // 16 * (C.strides[0] // 16) + C.elem_offset % C.strides[0] // 16, A_1.data, A_1.elem_offset // A_1.strides[0] // 16 * (A_1.strides[0] // 16) + A_1.elem_offset % A_1.strides[0] // 16, B.data, B.elem_offset // B.strides[0] // 16 * (B.strides[0] // 16) + B.elem_offset % B.strides[0] // 16, C.data, C.elem_offset // C.strides[0] // 16 * (C.strides[0] // 16) + C.elem_offset % C.strides[0] // 16)
                for ax2 in range(1):
                    for ax0_ax1_fused in T.thread_binding(14, thread="threadIdx.y"):
                        for ax2_1, ax3 in T.grid(1, 1):
                            with T.block("conv2d_nchw_reindex_shared.dyn_wmma.accumulator_o"):
                                v0_o = T.axis.spatial(49, ax2_0_1_ax3_0_1_fused // 4 * 7 + ax0_ax1_fused // 2)
                                v1_o = T.axis.spatial(8, ax2_0_1_ax3_0_1_fused % 4 * 2 + ax0_ax1_fused % 2)
                                v2_o, v3_o = T.axis.remap("SS", [ax2_1, ax3])
                                v4_o = T.axis.spatial(1, 0)
                                v5_o = T.axis.spatial(1, 0)
                                T.reads(conv2d_nchw_reindex_shared_dyn_wmma_accumulator[v0_o, v1_o, v2_o, v3_o, 0:16, 0:16])
                                T.writes(conv2d_nchw_reindex_shared_dyn[v0_o, v1_o, v2_o, v3_o, 0:16, 0:16])
                                A_1 = T.match_buffer(conv2d_nchw_reindex_shared_dyn_wmma_accumulator[v0_o, v1_o, v2_o, v3_o, 0:16, 0:16], (16, 16), "float16", strides=("A_s0", "A_s1"), scope="wmma.accumulator", offset_factor=16)
                                C = T.match_buffer(conv2d_nchw_reindex_shared_dyn[v0_o, v1_o, v2_o, v3_o, 0:16, 0:16], (16, 16), "float16", strides=("C_s0", "C_s1"), scope="shared.dyn", offset_factor=16)
                                T.tvm_store_matrix_sync(A_1.data, 16, 16, 16, A_1.elem_offset // A_1.strides[0] // 16 * (A_1.strides[0] // 16) + A_1.elem_offset % A_1.strides[0] // 16, T.tvm_access_ptr(T.type_annotation("float16"), C.data, C.elem_offset, C.strides[0] * 16, 2), C.strides[0], "row_major")
                    for ax0_ax1_ax3_ax4_ax5_fused_0 in range(1):
                        for ax0_ax1_ax3_ax4_ax5_fused_1 in T.thread_binding(14, thread="threadIdx.y"):
                            for ax0_ax1_ax3_ax4_ax5_fused_2 in T.thread_binding(32, thread="threadIdx.x"):
                                for ax0_ax1_ax3_ax4_ax5_fused_3 in T.vectorized(8):
                                    with T.block("conv2d_nchw_reindex_shared.dyn"):
                                        v0 = T.axis.spatial(49, ax2_0_1_ax3_0_1_fused // 4 * 7 + (ax0_ax1_ax3_ax4_ax5_fused_0 * 3584 + ax0_ax1_ax3_ax4_ax5_fused_1 * 256 + ax0_ax1_ax3_ax4_ax5_fused_2 * 8 + ax0_ax1_ax3_ax4_ax5_fused_3) // 512)
                                        v1 = T.axis.spatial(8, ax2_0_1_ax3_0_1_fused % 4 * 2 + (ax0_ax1_ax3_ax4_ax5_fused_0 * 3584 + ax0_ax1_ax3_ax4_ax5_fused_1 * 256 + ax0_ax1_ax3_ax4_ax5_fused_2 * 8 + ax0_ax1_ax3_ax4_ax5_fused_3) % 512 // 256)
                                        v2 = T.axis.spatial(1, ax2)
                                        v3 = T.axis.spatial(1, 0)
                                        v4 = T.axis.spatial(16, (ax0_ax1_ax3_ax4_ax5_fused_0 * 3584 + ax0_ax1_ax3_ax4_ax5_fused_1 * 256 + ax0_ax1_ax3_ax4_ax5_fused_2 * 8 + ax0_ax1_ax3_ax4_ax5_fused_3) % 256 // 16)
                                        v5 = T.axis.spatial(16, (ax0_ax1_ax3_ax4_ax5_fused_0 * 3584 + ax0_ax1_ax3_ax4_ax5_fused_1 * 256 + ax0_ax1_ax3_ax4_ax5_fused_2 * 8 + ax0_ax1_ax3_ax4_ax5_fused_3) % 16)
                                        T.reads(conv2d_nchw_reindex_shared_dyn[v0, v1, v2, v3, v4, v5])
                                        T.writes(conv2d_nchw[0, v5 + v1 * 16, (v4 + v0 * 16) // 28, (v4 + v0 * 16) % 28])
                                        conv2d_nchw[0, v5 + v1 * 16, (v4 + v0 * 16) // 28, (v4 + v0 * 16) % 28] = conv2d_nchw_reindex_shared_dyn[v0, v1, v2, v3, v4, v5]
b0 = sch.get_block(name="pad_temp", func_name="main")
b1 = sch.get_block(name="conv2d_nchw", func_name="main")
b2 = sch.get_block(name="root", func_name="main")
sch.annotate(block_or_loop=b1, ann_key="meta_schedule.tiling_structure", ann_val="SSSRRSRS")
b3 = sch.reindex(block=b1, buffer=("write", 0))
b4 = sch.reindex(block=b1, buffer=("read", 0))
b5 = sch.reindex(block=b1, buffer=("read", 1))
sch.transform_layout(block=b1, buffer=("read", 0), index_map=lambda v_nn, v_yy, v_xx, v_rc: (v_nn * 784 + v_yy * 28 + v_xx, v_rc,), pad_value=None, assume_injective_transform=True)
sch.transform_layout(block=b1, buffer=("read", 1), index_map=lambda v_ff, v_rc, v_ry, v_rx: (v_ry, v_rx, v_rc, v_ff,), pad_value=None, assume_injective_transform=True)
sch.transform_layout(block=b1, buffer=("write", 0), index_map=lambda v_nn, v_ff, v_yy, v_xx: (v_nn * 784 + v_yy * 28 + v_xx, v_ff,), pad_value=None, assume_injective_transform=True)
sch.transform_block_layout(block=b3, index_map=lambda v_nn, v_ff, v_yy, v_xx: (v_nn * 784 + v_yy * 28 + v_xx, v_ff,))
sch.transform_block_layout(block=b4, index_map=lambda v_nn, v_yy, v_xx, v_rc: (v_nn * 784 + v_yy * 28 + v_xx, v_rc,))
sch.transform_block_layout(block=b5, index_map=lambda v_ff, v_rc, v_ry, v_rx: (v_ry, v_rx, v_rc, v_ff,))
sch.transform_block_layout(block=b1, index_map=lambda v_nn, v_ff, v_yy, v_xx, v_rc, v_ry, v_rx: (v_ry, v_rx, v_nn * 784 + v_yy * 28 + v_xx, v_ff, v_rc,))
l6, l7, l8, l9, l10 = sch.get_loops(block=b1)
l11, l12 = sch.split(loop=l10, factors=[None, 16], preserve_unit_iters=True, disable_predication=False)
l13, l14 = sch.split(loop=l9, factors=[None, 16], preserve_unit_iters=True, disable_predication=False)
l15, l16 = sch.split(loop=l8, factors=[None, 16], preserve_unit_iters=True, disable_predication=False)
l17, l18, l19, l20, l21, l22, l23, l24 = sch.get_loops(block=b1)
sch.reorder(l21, l23, l16, l14, l12)
b25 = sch.blockize(target=l16, preserve_unit_iters=True)
sch.annotate(block_or_loop=b25, ann_key="meta_schedule.auto_tensorize", ann_val="wmma_sync_16x16x16_f16f16f16")
sch.annotate(block_or_loop=b25, ann_key="meta_schedule.auto_tensorize_init", ann_val="wmma_fill_16x16x16_f16")
sch.annotate(block_or_loop=b25, ann_key="warp_execution", ann_val=1)
l26, l27, l28, l29, l30 = sch.get_loops(block=b25)
v31, v32, v33, v34, v35 = sch.sample_perfect_tile(loop=l28, n=5, max_innermost_factor=4, decision=[1, 7, 7, 1, 1])
l36, l37, l38, l39, l40 = sch.split(loop=l28, factors=[v31, v32, v33, v34, v35], preserve_unit_iters=True, disable_predication=False)
v41, v42, v43, v44, v45 = sch.sample_perfect_tile(loop=l29, n=5, max_innermost_factor=4, decision=[1, 4, 2, 1, 1])
l46, l47, l48, l49, l50 = sch.split(loop=l29, factors=[v41, v42, v43, v44, v45], preserve_unit_iters=True, disable_predication=False)
v51, v52, v53 = sch.sample_perfect_tile(loop=l30, n=3, max_innermost_factor=4, decision=[2, 1, 2])
l54, l55, l56 = sch.split(loop=l30, factors=[v51, v52, v53], preserve_unit_iters=True, disable_predication=False)
sch.reorder(l36, l46, l37, l47, l38, l48, l54, l55, l39, l49, l56, l40, l50)
l57 = sch.fuse(l26, l27, l36, l46, preserve_unit_iters=True)
sch.bind(loop=l57, thread_axis="blockIdx.y")
l58 = sch.fuse(l37, l47, preserve_unit_iters=True)
sch.bind(loop=l58, thread_axis="blockIdx.x")
l59 = sch.fuse(l38, l48, preserve_unit_iters=True)
sch.bind(loop=l59, thread_axis="threadIdx.y")
sch.annotate(block_or_loop=b25, ann_key="meta_schedule.thread_extent_low_inclusive", ann_val=32)
sch.annotate(block_or_loop=b25, ann_key="meta_schedule.thread_extent_high_inclusive", ann_val=1024)
sch.transform_layout(block=b25, buffer=("write", 0), index_map=lambda i0, i1: (i0 // 16 // (v34 * v35), i1 // 16 // (v44 * v45), i0 // 16 % (v34 * v35), i1 // 16 % (v44 * v45), i0 % 16, i1 % 16,), pad_value=None, assume_injective_transform=True)
b60 = sch.cache_write(block=b25, write_buffer_index=0, storage_scope="shared.dyn")
sch.reverse_compute_at(block=b60, loop=l58, preserve_unit_loops=True, index=-1)
b61 = sch.cache_write(block=b25, write_buffer_index=0, storage_scope="wmma.accumulator")
l62, l63, l64, l65, l66, l67, l68, l69 = sch.get_loops(block=b60)
sch.reorder(l66, l64, l65, l67)
sch.compute_at(block=b61, loop=l66, preserve_unit_loops=True, index=-1)
l70, l71, l72, l73, l74, l75, l76, l77, l78 = sch.get_loops(block=b61)
l79 = sch.fuse(l73, l74, preserve_unit_iters=True)
sch.bind(loop=l79, thread_axis="threadIdx.y")
sch.reverse_compute_inline(block=b3)
l80, l81, l82, l83, l84, l85, l86, l87 = sch.get_loops(block=b61)
b88 = sch.blockize(target=l86, preserve_unit_iters=True)
sch.annotate(block_or_loop=b88, ann_key="meta_schedule.auto_tensorize", ann_val="wmma_store_16x16x16_f16_shared_dyn")
l89, l90, l91, l92, l93, l94, l95, l96 = sch.get_loops(block=b60)
l97 = sch.fuse(l92, l93, l94, l95, l96, preserve_unit_iters=True)
v98 = sch.sample_categorical(candidates=[1, 2, 4, 8], probs=[0.25, 0.25, 0.25, 0.25], decision=3)
sch.annotate(block_or_loop=b60, ann_key="meta_schedule.cooperative_fetch", ann_val=v98)
b99 = sch.cache_read(block=b25, read_buffer_index=0, storage_scope="shared.dyn", consumer_blocks=[b25])
sch.compute_at(block=b99, loop=l54, preserve_unit_loops=True, index=-1)
l100, l101, l102, l103, l104, l105 = sch.get_loops(block=b99)
l106 = sch.fuse(l104, l105, preserve_unit_iters=True)
v107 = sch.sample_categorical(candidates=[1, 2, 4, 8], probs=[0.25, 0.25, 0.25, 0.25], decision=1)
sch.annotate(block_or_loop=b99, ann_key="meta_schedule.cooperative_fetch", ann_val=v107)
b108 = sch.cache_read(block=b25, read_buffer_index=1, storage_scope="shared.dyn", consumer_blocks=[b25])
sch.compute_at(block=b108, loop=l54, preserve_unit_loops=True, index=-1)
l109, l110, l111, l112, l113, l114, l115, l116 = sch.get_loops(block=b108)
l117 = sch.fuse(l113, l114, l115, l116, preserve_unit_iters=True)
v118 = sch.sample_categorical(candidates=[1, 2, 4, 8], probs=[0.25, 0.25, 0.25, 0.25], decision=2)
sch.annotate(block_or_loop=b108, ann_key="meta_schedule.cooperative_fetch", ann_val=v118)
b119 = sch.cache_read(block=b25, read_buffer_index=0, storage_scope="wmma.matrix_a")
sch.compute_at(block=b119, loop=l55, preserve_unit_loops=True, index=-1)
l120, l121, l122, l123, l124, l125, l126 = sch.get_loops(block=b119)
l127, l128 = sch.split(loop=l126, factors=[None, 16], preserve_unit_iters=True, disable_predication=False)
l129, l130 = sch.split(loop=l125, factors=[None, 16], preserve_unit_iters=True, disable_predication=False)
l131, l132, l133, l134, l135, l136, l137, l138, l139 = sch.get_loops(block=b119)
sch.reorder(l138, l130, l128)
b140 = sch.blockize(target=l130, preserve_unit_iters=True)
sch.annotate(block_or_loop=b140, ann_key="meta_schedule.auto_tensorize", ann_val="wmma_load_16x16x16_f16_a_shared_dyn")
b141 = sch.cache_read(block=b25, read_buffer_index=1, storage_scope="wmma.matrix_b")
sch.compute_at(block=b141, loop=l55, preserve_unit_loops=True, index=-1)
l142, l143, l144, l145, l146, l147, l148, l149, l150 = sch.get_loops(block=b141)
l151, l152 = sch.split(loop=l150, factors=[None, 16], preserve_unit_iters=True, disable_predication=False)
l153, l154 = sch.split(loop=l149, factors=[None, 16], preserve_unit_iters=True, disable_predication=False)
l155, l156, l157, l158, l159, l160, l161, l162, l163, l164, l165 = sch.get_loops(block=b141)
sch.reorder(l164, l154, l152)
b166 = sch.blockize(target=l154, preserve_unit_iters=True)
sch.annotate(block_or_loop=b166, ann_key="meta_schedule.auto_tensorize", ann_val="wmma_load_16x16x16_f16_b_shared_dyn")
b167, = sch.get_producers(block=b99)
sch.compute_inline(block=b167)
sch.storage_align(block=b99, buffer_index=0, axis=-2, factor=32, offset=8)
b168, = sch.get_producers(block=b108)
sch.compute_inline(block=b168)
sch.storage_align(block=b108, buffer_index=0, axis=-2, factor=32, offset=8)
sch.compute_inline(block=b0)
v169 = sch.sample_categorical(candidates=[0, 16, 64, 512, 1024], probs=[0.20000000000000001, 0.20000000000000001, 0.20000000000000001, 0.20000000000000001, 0.20000000000000001], decision=1)
sch.annotate(block_or_loop=b2, ann_key="meta_schedule.unroll_explicit", ann_val=v169)
sch.enter_postproc()
sch.unannotate(block_or_loop=b60, ann_key="meta_schedule.cooperative_fetch")
l170, l171, l172, l173 = sch.get_loops(block=b60)
l174, l175, l176, l177 = sch.split(loop=l173, factors=[None, 14, 32, 8], preserve_unit_iters=True, disable_predication=False)
sch.vectorize(loop=l177)
sch.bind(loop=l176, thread_axis="threadIdx.x")
sch.bind(loop=l175, thread_axis="threadIdx.y")
sch.unannotate(block_or_loop=b99, ann_key="meta_schedule.cooperative_fetch")
l178, l179, l180, l181, l182 = sch.get_loops(block=b99)
l183, l184, l185, l186 = sch.split(loop=l182, factors=[None, 14, 32, 2], preserve_unit_iters=True, disable_predication=False)
sch.vectorize(loop=l186)
sch.bind(loop=l185, thread_axis="threadIdx.x")
sch.bind(loop=l184, thread_axis="threadIdx.y")
sch.unannotate(block_or_loop=b108, ann_key="meta_schedule.cooperative_fetch")
l187, l188, l189, l190, l191 = sch.get_loops(block=b108)
l192, l193, l194, l195 = sch.split(loop=l191, factors=[None, 14, 32, 4], preserve_unit_iters=True, disable_predication=False)
sch.vectorize(loop=l195)
sch.bind(loop=l194, thread_axis="threadIdx.x")
sch.bind(loop=l193, thread_axis="threadIdx.y")
b196 = sch.get_block(name="root", func_name="main")
sch.unannotate(block_or_loop=b196, ann_key="meta_schedule.unroll_explicit")
b197, b198, b199, b200, b201, b202, b203 = sch.get_child_blocks(b196)
l204, l205, l206, l207, l208, l209, l210, l211 = sch.get_loops(block=b197)
l212, l213, l214, l215, l216, l217, l218, l219 = sch.get_loops(block=b198)
l220, l221, l222, l223, l224, l225, l226 = sch.get_loops(block=b199)
l227, l228, l229, l230, l231, l232, l233, l234, l235 = sch.get_loops(block=b200)
l236, l237, l238, l239, l240, l241, l242, l243, l244, l245 = sch.get_loops(block=b201)
sch.annotate(block_or_loop=l236, ann_key="pragma_auto_unroll_max_step", ann_val=16)
sch.annotate(block_or_loop=l236, ann_key="pragma_unroll_explicit", ann_val=1)
l246, l247, l248, l249, l250, l251 = sch.get_loops(block=b202)
l252, l253, l254, l255, l256, l257, l258 = sch.get_loops(block=b203)
b259 = sch.get_block(name="conv2d_nchw_o", func_name="main")
l260, l261, l262, l263, l264, l265, l266, l267, l268, l269 = sch.get_loops(block=b259)
b270 = sch.decompose_reduction(block=b259, loop=l263)
sch.unannotate(block_or_loop=b270, ann_key="meta_schedule.auto_tensorize")
sch.annotate(block_or_loop=b270, ann_key="meta_schedule.auto_tensorize", ann_val="wmma_fill_16x16x16_f16")
sch.unannotate(block_or_loop=b259, ann_key="meta_schedule.auto_tensorize_init")
sch.unannotate(block_or_loop=b270, ann_key="meta_schedule.auto_tensorize_init")
b271 = sch.get_block(name="conv2d_nchw_o_init", func_name="main")
sch.unannotate(block_or_loop=b271, ann_key="meta_schedule.auto_tensorize")
sch.tensorize(block_or_loop=b271, tensor_intrin="wmma_fill_16x16x16_f16", preserve_unit_iters=True)
b272 = sch.get_block(name="pad_temp_reindex_shared.dyn_wmma.matrix_a_o", func_name="main")
sch.unannotate(block_or_loop=b272, ann_key="meta_schedule.auto_tensorize")
sch.tensorize(block_or_loop=b272, tensor_intrin="wmma_load_16x16x16_f16_a_shared_dyn", preserve_unit_iters=True)
b273 = sch.get_block(name="W_reindex_shared.dyn_wmma.matrix_b_o", func_name="main")
sch.unannotate(block_or_loop=b273, ann_key="meta_schedule.auto_tensorize")
sch.tensorize(block_or_loop=b273, tensor_intrin="wmma_load_16x16x16_f16_b_shared_dyn", preserve_unit_iters=True)
b274 = sch.get_block(name="conv2d_nchw_o_update", func_name="main")
sch.unannotate(block_or_loop=b274, ann_key="meta_schedule.auto_tensorize")
sch.tensorize(block_or_loop=b274, tensor_intrin="wmma_sync_16x16x16_f16f16f16", preserve_unit_iters=True)
b275 = sch.get_block(name="conv2d_nchw_reindex_shared.dyn_wmma.accumulator_o", func_name="main")
sch.unannotate(block_or_loop=b275, ann_key="meta_schedule.auto_tensorize")
sch.tensorize(block_or_loop=b275, tensor_intrin="wmma_store_16x16x16_f16_shared_dyn", preserve_unit_iters=True)
2025-10-07 09:28:43 [INFO] [evolutionary_search.cc:713] Generating candidates......
2025-10-07 09:28:45 [INFO] [evolutionary_search.cc:715] Picked top 102 candidate(s) from database
2025-10-07 09:28:48 [INFO] [evolutionary_search.cc:533] Sample-Init-Population summary:
Postproc #0 [meta_schedule.DisallowDynamicLoop(0x1078b738)]: 0 failure(s)
Postproc #1 [meta_schedule.RewriteCooperativeFetch(0x10c5e018)]: 0 failure(s)
Postproc #2 [meta_schedule.RewriteUnboundBlock(0x1096b2a8)]: 0 failure(s)
Postproc #3 [meta_schedule.RewriteParallelVectorizeUnroll(0x106bee48)]: 0 failure(s)
Postproc #4 [meta_schedule.RewriteReductionBlock(0xe624028)]: 0 failure(s)
Postproc #5 [meta_schedule.VerifyGPUCode(0x1118ae28)]: 265 failure(s)
Postproc #6 [meta_schedule.RewriteTensorize(0x109d42a8)]: 0 failure(s)
2025-10-07 09:28:48 [INFO] [evolutionary_search.cc:723] Sampled 145 candidate(s)
2025-10-07 09:28:54 [INFO] [evolutionary_search.cc:621] Evolve iter #0 done. Summary:
Postproc #0 [meta_schedule.DisallowDynamicLoop(0x1078b738)]: 0 failure(s)
Postproc #1 [meta_schedule.RewriteCooperativeFetch(0x10c5e018)]: 0 failure(s)
Postproc #2 [meta_schedule.RewriteUnboundBlock(0x1096b2a8)]: 0 failure(s)
Postproc #3 [meta_schedule.RewriteParallelVectorizeUnroll(0x106bee48)]: 0 failure(s)
Postproc #4 [meta_schedule.RewriteReductionBlock(0xe624028)]: 0 failure(s)
Postproc #5 [meta_schedule.VerifyGPUCode(0x1118ae28)]: 62 failure(s)
Postproc #6 [meta_schedule.RewriteTensorize(0x109d42a8)]: 0 failure(s)
2025-10-07 09:29:01 [INFO] [evolutionary_search.cc:621] Evolve iter #1 done. Summary:
Postproc #0 [meta_schedule.DisallowDynamicLoop(0x1078b738)]: 0 failure(s)
Postproc #1 [meta_schedule.RewriteCooperativeFetch(0x10c5e018)]: 0 failure(s)
Postproc #2 [meta_schedule.RewriteUnboundBlock(0x1096b2a8)]: 0 failure(s)
Postproc #3 [meta_schedule.RewriteParallelVectorizeUnroll(0x106bee48)]: 0 failure(s)
Postproc #4 [meta_schedule.RewriteReductionBlock(0xe624028)]: 0 failure(s)
Postproc #5 [meta_schedule.VerifyGPUCode(0x1118ae28)]: 72 failure(s)
Postproc #6 [meta_schedule.RewriteTensorize(0x109d42a8)]: 0 failure(s)
2025-10-07 09:29:08 [INFO] [evolutionary_search.cc:621] Evolve iter #2 done. Summary:
Postproc #0 [meta_schedule.DisallowDynamicLoop(0x1078b738)]: 0 failure(s)
Postproc #1 [meta_schedule.RewriteCooperativeFetch(0x10c5e018)]: 0 failure(s)
Postproc #2 [meta_schedule.RewriteUnboundBlock(0x1096b2a8)]: 0 failure(s)
Postproc #3 [meta_schedule.RewriteParallelVectorizeUnroll(0x106bee48)]: 0 failure(s)
Postproc #4 [meta_schedule.RewriteReductionBlock(0xe624028)]: 0 failure(s)
Postproc #5 [meta_schedule.VerifyGPUCode(0x1118ae28)]: 63 failure(s)
Postproc #6 [meta_schedule.RewriteTensorize(0x109d42a8)]: 0 failure(s)
2025-10-07 09:29:15 [INFO] [evolutionary_search.cc:621] Evolve iter #3 done. Summary:
Postproc #0 [meta_schedule.DisallowDynamicLoop(0x1078b738)]: 0 failure(s)
Postproc #1 [meta_schedule.RewriteCooperativeFetch(0x10c5e018)]: 0 failure(s)
Postproc #2 [meta_schedule.RewriteUnboundBlock(0x1096b2a8)]: 0 failure(s)
Postproc #3 [meta_schedule.RewriteParallelVectorizeUnroll(0x106bee48)]: 0 failure(s)
Postproc #4 [meta_schedule.RewriteReductionBlock(0xe624028)]: 0 failure(s)
Postproc #5 [meta_schedule.VerifyGPUCode(0x1118ae28)]: 63 failure(s)
Postproc #6 [meta_schedule.RewriteTensorize(0x109d42a8)]: 0 failure(s)
2025-10-07 09:29:16 [INFO] [evolutionary_search.cc:649] Scores of the best 64 candidates:
[1 : 16]:	0.9905  0.9799  0.9690  0.9579  0.9549  0.9540  0.9516  0.9501  0.9489  0.9489  0.9475  0.9474  0.9474  0.9467  0.9460  0.9460
[17 : 32]:	0.9449  0.9444  0.9444  0.9442  0.9440  0.9440  0.9429  0.9419  0.9419  0.9419  0.9406  0.9400  0.9400  0.9397  0.9388  0.9376
[33 : 48]:	0.9366  0.9362  0.9355  0.9355  0.9349  0.9343  0.9330  0.9327  0.9323  0.9323  0.9318  0.9307  0.9305  0.9304  0.9294  0.9292
[49 : 64]:	0.9291  0.9286  0.9282  0.9282  0.9275  0.9272  0.9270  0.9270  0.9259  0.9252  0.9246  0.9242  0.9235  0.9232  0.9226  0.9226
2025-10-07 09:29:17 [INFO] [evolutionary_search.cc:727] Got 64 candidate(s) with evolutionary search
2025-10-07 09:29:17 [INFO] [evolutionary_search.cc:730] Sending 64 candidates(s) for measurement
2025-10-07 09:29:43 [INFO] [task_scheduler.cc:131] [Task #0: main] Trial #257: GFLOPs: 3575.8491. Time: 3.5922 us. Best GFLOPs: 4474.9498
2025-10-07 09:29:43 [INFO] [task_scheduler.cc:131] [Task #0: main] Trial #258: GFLOPs: 3664.5567. Time: 3.5052 us. Best GFLOPs: 4474.9498
2025-10-07 09:29:43 [INFO] [task_scheduler.cc:131] [Task #0: main] Trial #259: GFLOPs: 4147.7211. Time: 3.0969 us. Best GFLOPs: 4474.9498
2025-10-07 09:29:43 [INFO] [task_scheduler.cc:131] [Task #0: main] Trial #260: GFLOPs: 3626.7316. Time: 3.5418 us. Best GFLOPs: 4474.9498
2025-10-07 09:29:43 [INFO] [task_scheduler.cc:131] [Task #0: main] Trial #261: GFLOPs: 4093.3955. Time: 3.1380 us. Best GFLOPs: 4474.9498
2025-10-07 09:29:43 [INFO] [task_scheduler.cc:131] [Task #0: main] Trial #262: GFLOPs: 3470.6268. Time: 3.7011 us. Best GFLOPs: 4474.9498
2025-10-07 09:29:43 [INFO] [task_scheduler.cc:131] [Task #0: main] Trial #263: GFLOPs: 3928.4899. Time: 3.2697 us. Best GFLOPs: 4474.9498
2025-10-07 09:29:43 [INFO] [task_scheduler.cc:131] [Task #0: main] Trial #264: GFLOPs: 4226.9192. Time: 3.0389 us. Best GFLOPs: 4474.9498
2025-10-07 09:29:43 [INFO] [task_scheduler.cc:131] [Task #0: main] Trial #265: GFLOPs: 3444.0151. Time: 3.7297 us. Best GFLOPs: 4474.9498
2025-10-07 09:29:43 [INFO] [task_scheduler.cc:131] [Task #0: main] Trial #266: GFLOPs: 3990.9771. Time: 3.2185 us. Best GFLOPs: 4474.9498
2025-10-07 09:29:43 [INFO] [task_scheduler.cc:131] [Task #0: main] Trial #267: GFLOPs: 3523.0556. Time: 3.6460 us. Best GFLOPs: 4474.9498
2025-10-07 09:29:43 [INFO] [task_scheduler.cc:131] [Task #0: main] Trial #268: GFLOPs: 3964.9643. Time: 3.2396 us. Best GFLOPs: 4474.9498
2025-10-07 09:29:43 [INFO] [task_scheduler.cc:131] [Task #0: main] Trial #269: GFLOPs: 4202.5428. Time: 3.0565 us. Best GFLOPs: 4474.9498
2025-10-07 09:29:43 [INFO] [task_scheduler.cc:131] [Task #0: main] Trial #270: GFLOPs: 3940.5358. Time: 3.2597 us. Best GFLOPs: 4474.9498
2025-10-07 09:29:43 [INFO] [task_scheduler.cc:131] [Task #0: main] Trial #271: GFLOPs: 4286.7808. Time: 2.9964 us. Best GFLOPs: 4474.9498
2025-10-07 09:29:43 [INFO] [task_scheduler.cc:131] [Task #0: main] Trial #272: GFLOPs: 4097.6145. Time: 3.1348 us. Best GFLOPs: 4474.9498
2025-10-07 09:29:43 [INFO] [task_scheduler.cc:131] [Task #0: main] Trial #273: GFLOPs: 4332.9690. Time: 2.9645 us. Best GFLOPs: 4474.9498
2025-10-07 09:29:43 [INFO] [task_scheduler.cc:131] [Task #0: main] Trial #274: GFLOPs: 4249.7038. Time: 3.0226 us. Best GFLOPs: 4474.9498
2025-10-07 09:29:43 [INFO] [task_scheduler.cc:131] [Task #0: main] Trial #275: GFLOPs: 3720.6248. Time: 3.4524 us. Best GFLOPs: 4474.9498
2025-10-07 09:29:43 [INFO] [task_scheduler.cc:131] [Task #0: main] Trial #276: GFLOPs: 3956.8811. Time: 3.2463 us. Best GFLOPs: 4474.9498
2025-10-07 09:29:43 [INFO] [task_scheduler.cc:131] [Task #0: main] Trial #277: GFLOPs: 4019.0165. Time: 3.1961 us. Best GFLOPs: 4474.9498
2025-10-07 09:29:43 [INFO] [task_scheduler.cc:131] [Task #0: main] Trial #278: GFLOPs: 4206.7096. Time: 3.0535 us. Best GFLOPs: 4474.9498
2025-10-07 09:29:43 [INFO] [task_scheduler.cc:131] [Task #0: main] Trial #279: GFLOPs: 4352.1057. Time: 2.9515 us. Best GFLOPs: 4474.9498
2025-10-07 09:29:43 [INFO] [task_scheduler.cc:131] [Task #0: main] Trial #280: GFLOPs: 3995.4100. Time: 3.2150 us. Best GFLOPs: 4474.9498
2025-10-07 09:29:43 [INFO] [task_scheduler.cc:131] [Task #0: main] Trial #281: GFLOPs: 4030.8658. Time: 3.1867 us. Best GFLOPs: 4474.9498
2025-10-07 09:29:43 [INFO] [task_scheduler.cc:131] [Task #0: main] Trial #282: GFLOPs: 4178.6865. Time: 3.0739 us. Best GFLOPs: 4474.9498
2025-10-07 09:29:43 [INFO] [task_scheduler.cc:131] [Task #0: main] Trial #283: GFLOPs: 3813.2794. Time: 3.3685 us. Best GFLOPs: 4474.9498
2025-10-07 09:29:43 [INFO] [task_scheduler.cc:131] [Task #0: main] Trial #284: GFLOPs: 4255.3974. Time: 3.0185 us. Best GFLOPs: 4474.9498
2025-10-07 09:29:43 [INFO] [task_scheduler.cc:131] [Task #0: main] Trial #285: GFLOPs: 4232.4436. Time: 3.0349 us. Best GFLOPs: 4474.9498
2025-10-07 09:29:43 [INFO] [task_scheduler.cc:131] [Task #0: main] Trial #286: GFLOPs: 4229.1799. Time: 3.0372 us. Best GFLOPs: 4474.9498
2025-10-07 09:29:43 [INFO] [task_scheduler.cc:131] [Task #0: main] Trial #287: GFLOPs: 4232.9454. Time: 3.0345 us. Best GFLOPs: 4474.9498
2025-10-07 09:29:43 [INFO] [task_scheduler.cc:131] [Task #0: main] Trial #288: GFLOPs: 3787.7167. Time: 3.3912 us. Best GFLOPs: 4474.9498
2025-10-07 09:29:43 [INFO] [task_scheduler.cc:131] [Task #0: main] Trial #289: GFLOPs: 4256.6467. Time: 3.0176 us. Best GFLOPs: 4474.9498
2025-10-07 09:29:43 [INFO] [task_scheduler.cc:131] [Task #0: main] Trial #290: GFLOPs: 3582.2593. Time: 3.5857 us. Best GFLOPs: 4474.9498
2025-10-07 09:29:43 [INFO] [task_scheduler.cc:131] [Task #0: main] Trial #291: GFLOPs: 3687.0436. Time: 3.4838 us. Best GFLOPs: 4474.9498
2025-10-07 09:29:43 [INFO] [task_scheduler.cc:131] [Task #0: main] Trial #292: GFLOPs: 4225.1121. Time: 3.0402 us. Best GFLOPs: 4474.9498
2025-10-07 09:29:43 [INFO] [task_scheduler.cc:131] [Task #0: main] Trial #293: GFLOPs: 3970.5323. Time: 3.2351 us. Best GFLOPs: 4474.9498
2025-10-07 09:29:43 [INFO] [task_scheduler.cc:131] [Task #0: main] Trial #294: GFLOPs: 4225.5703. Time: 3.0398 us. Best GFLOPs: 4474.9498
2025-10-07 09:29:43 [INFO] [task_scheduler.cc:131] [Task #0: main] Trial #295: GFLOPs: 4493.1228. Time: 2.8588 us. Best GFLOPs: 4493.1228
2025-10-07 09:29:43 [INFO] [task_scheduler.cc:131] [Task #0: main] Trial #296: GFLOPs: 3943.8934. Time: 3.2569 us. Best GFLOPs: 4493.1228
2025-10-07 09:29:43 [INFO] [task_scheduler.cc:131] [Task #0: main] Trial #297: GFLOPs: 3748.3853. Time: 3.4268 us. Best GFLOPs: 4493.1228
2025-10-07 09:29:43 [INFO] [task_scheduler.cc:131] [Task #0: main] Trial #298: GFLOPs: 3664.2077. Time: 3.5055 us. Best GFLOPs: 4493.1228
2025-10-07 09:29:43 [INFO] [task_scheduler.cc:131] [Task #0: main] Trial #299: GFLOPs: 4397.3702. Time: 2.9211 us. Best GFLOPs: 4493.1228
2025-10-07 09:29:43 [INFO] [task_scheduler.cc:131] [Task #0: main] Trial #300: GFLOPs: 4202.0881. Time: 3.0568 us. Best GFLOPs: 4493.1228
2025-10-07 09:29:43 [INFO] [task_scheduler.cc:131] [Task #0: main] Trial #301: GFLOPs: 4383.9250. Time: 2.9300 us. Best GFLOPs: 4493.1228
2025-10-07 09:29:43 [INFO] [task_scheduler.cc:131] [Task #0: main] Trial #302: GFLOPs: 4031.6765. Time: 3.1860 us. Best GFLOPs: 4493.1228
2025-10-07 09:29:43 [INFO] [task_scheduler.cc:131] [Task #0: main] Trial #303: GFLOPs: 2122.6287. Time: 6.0515 us. Best GFLOPs: 4493.1228
2025-10-07 09:29:43 [INFO] [task_scheduler.cc:131] [Task #0: main] Trial #304: GFLOPs: 3757.9179. Time: 3.4181 us. Best GFLOPs: 4493.1228
2025-10-07 09:29:43 [INFO] [task_scheduler.cc:131] [Task #0: main] Trial #305: GFLOPs: 4178.0332. Time: 3.0744 us. Best GFLOPs: 4493.1228
2025-10-07 09:29:43 [INFO] [task_scheduler.cc:131] [Task #0: main] Trial #306: GFLOPs: 3952.1414. Time: 3.2502 us. Best GFLOPs: 4493.1228
2025-10-07 09:29:43 [INFO] [task_scheduler.cc:131] [Task #0: main] Trial #307: GFLOPs: 3454.9697. Time: 3.7178 us. Best GFLOPs: 4493.1228
2025-10-07 09:29:43 [INFO] [task_scheduler.cc:131] [Task #0: main] Trial #308: GFLOPs: 3843.8802. Time: 3.3417 us. Best GFLOPs: 4493.1228
2025-10-07 09:29:43 [INFO] [task_scheduler.cc:131] [Task #0: main] Trial #309: GFLOPs: 3442.7968. Time: 3.7310 us. Best GFLOPs: 4493.1228
2025-10-07 09:29:43 [INFO] [task_scheduler.cc:131] [Task #0: main] Trial #310: GFLOPs: 3614.5111. Time: 3.5537 us. Best GFLOPs: 4493.1228
2025-10-07 09:29:43 [INFO] [task_scheduler.cc:131] [Task #0: main] Trial #311: GFLOPs: 3967.1829. Time: 3.2378 us. Best GFLOPs: 4493.1228
2025-10-07 09:29:43 [INFO] [task_scheduler.cc:131] [Task #0: main] Trial #312: GFLOPs: 4292.1819. Time: 2.9927 us. Best GFLOPs: 4493.1228
2025-10-07 09:29:43 [INFO] [task_scheduler.cc:131] [Task #0: main] Trial #313: GFLOPs: 3690.3180. Time: 3.4807 us. Best GFLOPs: 4493.1228
2025-10-07 09:29:43 [INFO] [task_scheduler.cc:131] [Task #0: main] Trial #314: GFLOPs: 3990.4085. Time: 3.2190 us. Best GFLOPs: 4493.1228
2025-10-07 09:29:43 [INFO] [task_scheduler.cc:131] [Task #0: main] Trial #315: GFLOPs: 3889.2326. Time: 3.3027 us. Best GFLOPs: 4493.1228
2025-10-07 09:29:43 [INFO] [task_scheduler.cc:131] [Task #0: main] Trial #316: GFLOPs: 4225.8364. Time: 3.0396 us. Best GFLOPs: 4493.1228
2025-10-07 09:29:43 [INFO] [task_scheduler.cc:131] [Task #0: main] Trial #317: GFLOPs: 4266.2099. Time: 3.0109 us. Best GFLOPs: 4493.1228
2025-10-07 09:29:43 [INFO] [task_scheduler.cc:131] [Task #0: main] Trial #318: GFLOPs: 3944.4790. Time: 3.2565 us. Best GFLOPs: 4493.1228
2025-10-07 09:29:43 [INFO] [task_scheduler.cc:131] [Task #0: main] Trial #319: GFLOPs: 1938.3548. Time: 6.6268 us. Best GFLOPs: 4493.1228
2025-10-07 09:29:43 [INFO] [task_scheduler.cc:131] [Task #0: main] Trial #320: GFLOPs: 1653.8737. Time: 7.7666 us. Best GFLOPs: 4493.1228
2025-10-07 09:29:43 [INFO] [evolutionary_search.cc:713] Generating candidates......
2025-10-07 09:29:45 [INFO] [evolutionary_search.cc:715] Picked top 102 candidate(s) from database
2025-10-07 09:29:48 [INFO] [evolutionary_search.cc:533] Sample-Init-Population summary:
Postproc #0 [meta_schedule.DisallowDynamicLoop(0x1078b738)]: 0 failure(s)
Postproc #1 [meta_schedule.RewriteCooperativeFetch(0x10c5e018)]: 0 failure(s)
Postproc #2 [meta_schedule.RewriteUnboundBlock(0x1096b2a8)]: 0 failure(s)
Postproc #3 [meta_schedule.RewriteParallelVectorizeUnroll(0x106bee48)]: 0 failure(s)
Postproc #4 [meta_schedule.RewriteReductionBlock(0xe624028)]: 0 failure(s)
Postproc #5 [meta_schedule.VerifyGPUCode(0x1118ae28)]: 261 failure(s)
Postproc #6 [meta_schedule.RewriteTensorize(0x109d42a8)]: 0 failure(s)
2025-10-07 09:29:48 [INFO] [evolutionary_search.cc:723] Sampled 149 candidate(s)
2025-10-07 09:29:54 [INFO] [evolutionary_search.cc:621] Evolve iter #0 done. Summary:
Postproc #0 [meta_schedule.DisallowDynamicLoop(0x1078b738)]: 0 failure(s)
Postproc #1 [meta_schedule.RewriteCooperativeFetch(0x10c5e018)]: 0 failure(s)
Postproc #2 [meta_schedule.RewriteUnboundBlock(0x1096b2a8)]: 0 failure(s)
Postproc #3 [meta_schedule.RewriteParallelVectorizeUnroll(0x106bee48)]: 0 failure(s)
Postproc #4 [meta_schedule.RewriteReductionBlock(0xe624028)]: 0 failure(s)
Postproc #5 [meta_schedule.VerifyGPUCode(0x1118ae28)]: 75 failure(s)
Postproc #6 [meta_schedule.RewriteTensorize(0x109d42a8)]: 0 failure(s)
2025-10-07 09:30:01 [INFO] [evolutionary_search.cc:621] Evolve iter #1 done. Summary:
Postproc #0 [meta_schedule.DisallowDynamicLoop(0x1078b738)]: 0 failure(s)
Postproc #1 [meta_schedule.RewriteCooperativeFetch(0x10c5e018)]: 0 failure(s)
Postproc #2 [meta_schedule.RewriteUnboundBlock(0x1096b2a8)]: 0 failure(s)
Postproc #3 [meta_schedule.RewriteParallelVectorizeUnroll(0x106bee48)]: 0 failure(s)
Postproc #4 [meta_schedule.RewriteReductionBlock(0xe624028)]: 0 failure(s)
Postproc #5 [meta_schedule.VerifyGPUCode(0x1118ae28)]: 77 failure(s)
Postproc #6 [meta_schedule.RewriteTensorize(0x109d42a8)]: 0 failure(s)
2025-10-07 09:30:08 [INFO] [evolutionary_search.cc:621] Evolve iter #2 done. Summary:
Postproc #0 [meta_schedule.DisallowDynamicLoop(0x1078b738)]: 0 failure(s)
Postproc #1 [meta_schedule.RewriteCooperativeFetch(0x10c5e018)]: 0 failure(s)
Postproc #2 [meta_schedule.RewriteUnboundBlock(0x1096b2a8)]: 0 failure(s)
Postproc #3 [meta_schedule.RewriteParallelVectorizeUnroll(0x106bee48)]: 0 failure(s)
Postproc #4 [meta_schedule.RewriteReductionBlock(0xe624028)]: 0 failure(s)
Postproc #5 [meta_schedule.VerifyGPUCode(0x1118ae28)]: 62 failure(s)
Postproc #6 [meta_schedule.RewriteTensorize(0x109d42a8)]: 0 failure(s)
2025-10-07 09:30:15 [INFO] [evolutionary_search.cc:621] Evolve iter #3 done. Summary:
Postproc #0 [meta_schedule.DisallowDynamicLoop(0x1078b738)]: 0 failure(s)
Postproc #1 [meta_schedule.RewriteCooperativeFetch(0x10c5e018)]: 0 failure(s)
Postproc #2 [meta_schedule.RewriteUnboundBlock(0x1096b2a8)]: 0 failure(s)
Postproc #3 [meta_schedule.RewriteParallelVectorizeUnroll(0x106bee48)]: 0 failure(s)
Postproc #4 [meta_schedule.RewriteReductionBlock(0xe624028)]: 0 failure(s)
Postproc #5 [meta_schedule.VerifyGPUCode(0x1118ae28)]: 64 failure(s)
Postproc #6 [meta_schedule.RewriteTensorize(0x109d42a8)]: 0 failure(s)
2025-10-07 09:30:16 [INFO] [evolutionary_search.cc:649] Scores of the best 64 candidates:
[1 : 16]:	0.9944  0.9745  0.9707  0.9586  0.9570  0.9570  0.9567  0.9567  0.9537  0.9537  0.9492  0.9487  0.9487  0.9487  0.9484  0.9476
[17 : 32]:	0.9476  0.9476  0.9476  0.9473  0.9464  0.9458  0.9447  0.9446  0.9436  0.9436  0.9436  0.9435  0.9410  0.9396  0.9396  0.9396
[33 : 48]:	0.9389  0.9377  0.9377  0.9369  0.9367  0.9361  0.9351  0.9351  0.9342  0.9321  0.9310  0.9304  0.9296  0.9296  0.9296  0.9294
[49 : 64]:	0.9285  0.9279  0.9279  0.9279  0.9277  0.9276  0.9275  0.9270  0.9263  0.9255  0.9248  0.9238  0.9233  0.9231  0.9229  0.9229
2025-10-07 09:30:17 [INFO] [evolutionary_search.cc:727] Got 64 candidate(s) with evolutionary search
2025-10-07 09:30:17 [INFO] [evolutionary_search.cc:730] Sending 64 candidates(s) for measurement
2025-10-07 09:30:44 [INFO] [task_scheduler.cc:131] [Task #0: main] Trial #321: GFLOPs: 3740.5156. Time: 3.4340 us. Best GFLOPs: 4493.1228
2025-10-07 09:30:44 [INFO] [task_scheduler.cc:131] [Task #0: main] Trial #322: GFLOPs: 3759.0999. Time: 3.4171 us. Best GFLOPs: 4493.1228
2025-10-07 09:30:44 [INFO] [task_scheduler.cc:131] [Task #0: main] Trial #323: GFLOPs: 3796.6898. Time: 3.3832 us. Best GFLOPs: 4493.1228
2025-10-07 09:30:44 [INFO] [task_scheduler.cc:131] [Task #0: main] Trial #324: GFLOPs: 4296.8462. Time: 2.9894 us. Best GFLOPs: 4493.1228
2025-10-07 09:30:44 [INFO] [task_scheduler.cc:131] [Task #0: main] Trial #325: GFLOPs: 3762.8240. Time: 3.4137 us. Best GFLOPs: 4493.1228
2025-10-07 09:30:44 [INFO] [task_scheduler.cc:131] [Task #0: main] Trial #326: GFLOPs: 3992.0587. Time: 3.2177 us. Best GFLOPs: 4493.1228
2025-10-07 09:30:44 [INFO] [task_scheduler.cc:131] [Task #0: main] Trial #327: GFLOPs: 4274.2565. Time: 3.0052 us. Best GFLOPs: 4493.1228
2025-10-07 09:30:44 [INFO] [task_scheduler.cc:131] [Task #0: main] Trial #328: GFLOPs: 3622.9740. Time: 3.5454 us. Best GFLOPs: 4493.1228
2025-10-07 09:30:44 [INFO] [task_scheduler.cc:131] [Task #0: main] Trial #329: GFLOPs: 3831.3589. Time: 3.3526 us. Best GFLOPs: 4493.1228
2025-10-07 09:30:44 [INFO] [task_scheduler.cc:131] [Task #0: main] Trial #330: GFLOPs: 3750.1286. Time: 3.4252 us. Best GFLOPs: 4493.1228
2025-10-07 09:30:44 [INFO] [task_scheduler.cc:131] [Task #0: main] Trial #331: GFLOPs: 3765.0126. Time: 3.4117 us. Best GFLOPs: 4493.1228
2025-10-07 09:30:44 [INFO] [task_scheduler.cc:131] [Task #0: main] Trial #332: GFLOPs: 3670.2113. Time: 3.4998 us. Best GFLOPs: 4493.1228
2025-10-07 09:30:44 [INFO] [task_scheduler.cc:131] [Task #0: main] Trial #333: GFLOPs: 4063.4425. Time: 3.1611 us. Best GFLOPs: 4493.1228
2025-10-07 09:30:44 [INFO] [task_scheduler.cc:131] [Task #0: main] Trial #334: GFLOPs: 4339.9424. Time: 2.9597 us. Best GFLOPs: 4493.1228
2025-10-07 09:30:44 [INFO] [task_scheduler.cc:131] [Task #0: main] Trial #335: GFLOPs: 4124.2077. Time: 3.1146 us. Best GFLOPs: 4493.1228
2025-10-07 09:30:44 [INFO] [task_scheduler.cc:131] [Task #0: main] Trial #336: GFLOPs: 4070.4780. Time: 3.1557 us. Best GFLOPs: 4493.1228
2025-10-07 09:30:44 [INFO] [task_scheduler.cc:131] [Task #0: main] Trial #337: GFLOPs: 4232.9385. Time: 3.0345 us. Best GFLOPs: 4493.1228
2025-10-07 09:30:44 [INFO] [task_scheduler.cc:131] [Task #0: main] Trial #338: GFLOPs: 3657.7666. Time: 3.5117 us. Best GFLOPs: 4493.1228
2025-10-07 09:30:44 [INFO] [task_scheduler.cc:131] [Task #0: main] Trial #339: GFLOPs: 3961.5389. Time: 3.2424 us. Best GFLOPs: 4493.1228
2025-10-07 09:30:44 [INFO] [task_scheduler.cc:131] [Task #0: main] Trial #340: GFLOPs: 4092.1542. Time: 3.1389 us. Best GFLOPs: 4493.1228
2025-10-07 09:30:44 [INFO] [task_scheduler.cc:131] [Task #0: main] Trial #341: GFLOPs: 3887.5236. Time: 3.3042 us. Best GFLOPs: 4493.1228
2025-10-07 09:30:44 [INFO] [task_scheduler.cc:131] [Task #0: main] Trial #342: GFLOPs: 3655.5048. Time: 3.5139 us. Best GFLOPs: 4493.1228
2025-10-07 09:30:44 [INFO] [task_scheduler.cc:131] [Task #0: main] Trial #343: GFLOPs: 4236.6005. Time: 3.0319 us. Best GFLOPs: 4493.1228
2025-10-07 09:30:44 [INFO] [task_scheduler.cc:131] [Task #0: main] Trial #344: GFLOPs: 3824.0612. Time: 3.3590 us. Best GFLOPs: 4493.1228
2025-10-07 09:30:44 [INFO] [task_scheduler.cc:131] [Task #0: main] Trial #345: GFLOPs: 3811.6223. Time: 3.3700 us. Best GFLOPs: 4493.1228
2025-10-07 09:30:44 [INFO] [task_scheduler.cc:131] [Task #0: main] Trial #346: GFLOPs: 4329.6516. Time: 2.9668 us. Best GFLOPs: 4493.1228
2025-10-07 09:30:44 [INFO] [task_scheduler.cc:131] [Task #0: main] Trial #347: GFLOPs: 4106.8089. Time: 3.1277 us. Best GFLOPs: 4493.1228
2025-10-07 09:30:44 [INFO] [task_scheduler.cc:131] [Task #0: main] Trial #348: GFLOPs: 4264.7009. Time: 3.0119 us. Best GFLOPs: 4493.1228
2025-10-07 09:30:44 [INFO] [task_scheduler.cc:131] [Task #0: main] Trial #349: GFLOPs: 3898.1851. Time: 3.2951 us. Best GFLOPs: 4493.1228
2025-10-07 09:30:44 [INFO] [task_scheduler.cc:131] [Task #0: main] Trial #350: GFLOPs: 4127.2365. Time: 3.1123 us. Best GFLOPs: 4493.1228
2025-10-07 09:30:44 [INFO] [task_scheduler.cc:131] [Task #0: main] Trial #351: GFLOPs: 4133.1512. Time: 3.1078 us. Best GFLOPs: 4493.1228
2025-10-07 09:30:44 [INFO] [task_scheduler.cc:131] [Task #0: main] Trial #352: GFLOPs: 3905.8237. Time: 3.2887 us. Best GFLOPs: 4493.1228
2025-10-07 09:30:44 [INFO] [task_scheduler.cc:131] [Task #0: main] Trial #353: GFLOPs: 4435.4245. Time: 2.8960 us. Best GFLOPs: 4493.1228
2025-10-07 09:30:44 [INFO] [task_scheduler.cc:131] [Task #0: main] Trial #354: GFLOPs: 4288.6105. Time: 2.9952 us. Best GFLOPs: 4493.1228
2025-10-07 09:30:44 [INFO] [task_scheduler.cc:131] [Task #0: main] Trial #355: GFLOPs: 3444.5605. Time: 3.7291 us. Best GFLOPs: 4493.1228
2025-10-07 09:30:44 [INFO] [task_scheduler.cc:131] [Task #0: main] Trial #356: GFLOPs: 4065.7816. Time: 3.1593 us. Best GFLOPs: 4493.1228
2025-10-07 09:30:44 [INFO] [task_scheduler.cc:131] [Task #0: main] Trial #357: GFLOPs: 3889.5703. Time: 3.3024 us. Best GFLOPs: 4493.1228
2025-10-07 09:30:44 [INFO] [task_scheduler.cc:131] [Task #0: main] Trial #358: GFLOPs: 3975.8679. Time: 3.2308 us. Best GFLOPs: 4493.1228
2025-10-07 09:30:44 [INFO] [task_scheduler.cc:131] [Task #0: main] Trial #359: GFLOPs: 4151.7835. Time: 3.0939 us. Best GFLOPs: 4493.1228
2025-10-07 09:30:44 [INFO] [task_scheduler.cc:131] [Task #0: main] Trial #360: GFLOPs: 4165.9641. Time: 3.0833 us. Best GFLOPs: 4493.1228
2025-10-07 09:30:44 [INFO] [task_scheduler.cc:131] [Task #0: main] Trial #361: GFLOPs: 3957.8978. Time: 3.2454 us. Best GFLOPs: 4493.1228
2025-10-07 09:30:44 [INFO] [task_scheduler.cc:131] [Task #0: main] Trial #362: GFLOPs: 3872.0342. Time: 3.3174 us. Best GFLOPs: 4493.1228
2025-10-07 09:30:44 [INFO] [task_scheduler.cc:131] [Task #0: main] Trial #363: GFLOPs: 3881.6009. Time: 3.3092 us. Best GFLOPs: 4493.1228
2025-10-07 09:30:44 [INFO] [task_scheduler.cc:131] [Task #0: main] Trial #364: GFLOPs: 3766.4133. Time: 3.4104 us. Best GFLOPs: 4493.1228
2025-10-07 09:30:44 [INFO] [task_scheduler.cc:131] [Task #0: main] Trial #365: GFLOPs: 3749.5747. Time: 3.4257 us. Best GFLOPs: 4493.1228
2025-10-07 09:30:44 [INFO] [task_scheduler.cc:131] [Task #0: main] Trial #366: GFLOPs: 4338.9833. Time: 2.9604 us. Best GFLOPs: 4493.1228
2025-10-07 09:30:44 [INFO] [task_scheduler.cc:131] [Task #0: main] Trial #367: GFLOPs: 3989.0144. Time: 3.2201 us. Best GFLOPs: 4493.1228
2025-10-07 09:30:44 [INFO] [task_scheduler.cc:131] [Task #0: main] Trial #368: GFLOPs: 3693.4574. Time: 3.4778 us. Best GFLOPs: 4493.1228
2025-10-07 09:30:44 [INFO] [task_scheduler.cc:131] [Task #0: main] Trial #369: GFLOPs: 3831.4980. Time: 3.3525 us. Best GFLOPs: 4493.1228
2025-10-07 09:30:44 [INFO] [task_scheduler.cc:131] [Task #0: main] Trial #370: GFLOPs: 4244.3289. Time: 3.0264 us. Best GFLOPs: 4493.1228
2025-10-07 09:30:44 [INFO] [task_scheduler.cc:131] [Task #0: main] Trial #371: GFLOPs: 4318.0022. Time: 2.9748 us. Best GFLOPs: 4493.1228
2025-10-07 09:30:44 [INFO] [task_scheduler.cc:131] [Task #0: main] Trial #372: GFLOPs: 4459.3551. Time: 2.8805 us. Best GFLOPs: 4493.1228
2025-10-07 09:30:44 [INFO] [task_scheduler.cc:131] [Task #0: main] Trial #373: GFLOPs: 4480.7318. Time: 2.8667 us. Best GFLOPs: 4493.1228
2025-10-07 09:30:44 [INFO] [task_scheduler.cc:131] [Task #0: main] Trial #374: GFLOPs: 3945.4109. Time: 3.2557 us. Best GFLOPs: 4493.1228
2025-10-07 09:30:44 [INFO] [task_scheduler.cc:131] [Task #0: main] Trial #375: GFLOPs: 4202.1360. Time: 3.0568 us. Best GFLOPs: 4493.1228
2025-10-07 09:30:44 [INFO] [task_scheduler.cc:131] [Task #0: main] Trial #376: GFLOPs: 3769.3496. Time: 3.4078 us. Best GFLOPs: 4493.1228
2025-10-07 09:30:44 [INFO] [task_scheduler.cc:131] [Task #0: main] Trial #377: GFLOPs: 4130.1770. Time: 3.1100 us. Best GFLOPs: 4493.1228
2025-10-07 09:30:44 [INFO] [task_scheduler.cc:131] [Task #0: main] Trial #378: GFLOPs: 4014.9252. Time: 3.1993 us. Best GFLOPs: 4493.1228
2025-10-07 09:30:44 [INFO] [task_scheduler.cc:131] [Task #0: main] Trial #379: GFLOPs: 3975.9365. Time: 3.2307 us. Best GFLOPs: 4493.1228
2025-10-07 09:30:44 [INFO] [task_scheduler.cc:131] [Task #0: main] Trial #380: GFLOPs: 3729.3803. Time: 3.4443 us. Best GFLOPs: 4493.1228
2025-10-07 09:30:44 [INFO] [task_scheduler.cc:131] [Task #0: main] Trial #381: GFLOPs: 4317.0823. Time: 2.9754 us. Best GFLOPs: 4493.1228
2025-10-07 09:30:44 [INFO] [task_scheduler.cc:131] [Task #0: main] Trial #382: GFLOPs: 3761.7965. Time: 3.4146 us. Best GFLOPs: 4493.1228
2025-10-07 09:30:44 [INFO] [task_scheduler.cc:131] [Task #0: main] Trial #383: GFLOPs: 1118.5357. Time: 11.4838 us. Best GFLOPs: 4493.1228
2025-10-07 09:30:44 [INFO] [task_scheduler.cc:131] [Task #0: main] Trial #384: GFLOPs: 1618.1149. Time: 7.9383 us. Best GFLOPs: 4493.1228
2025-10-07 09:30:44 [INFO] [evolutionary_search.cc:713] Generating candidates......
2025-10-07 09:30:45 [INFO] [evolutionary_search.cc:715] Picked top 102 candidate(s) from database
2025-10-07 09:30:49 [INFO] [evolutionary_search.cc:533] Sample-Init-Population summary:
Postproc #0 [meta_schedule.DisallowDynamicLoop(0x1078b738)]: 0 failure(s)
Postproc #1 [meta_schedule.RewriteCooperativeFetch(0x10c5e018)]: 0 failure(s)
Postproc #2 [meta_schedule.RewriteUnboundBlock(0x1096b2a8)]: 0 failure(s)
Postproc #3 [meta_schedule.RewriteParallelVectorizeUnroll(0x106bee48)]: 0 failure(s)
Postproc #4 [meta_schedule.RewriteReductionBlock(0xe624028)]: 0 failure(s)
Postproc #5 [meta_schedule.VerifyGPUCode(0x1118ae28)]: 259 failure(s)
Postproc #6 [meta_schedule.RewriteTensorize(0x109d42a8)]: 0 failure(s)
2025-10-07 09:30:49 [INFO] [evolutionary_search.cc:723] Sampled 151 candidate(s)
2025-10-07 09:30:55 [INFO] [evolutionary_search.cc:621] Evolve iter #0 done. Summary:
Postproc #0 [meta_schedule.DisallowDynamicLoop(0x1078b738)]: 0 failure(s)
Postproc #1 [meta_schedule.RewriteCooperativeFetch(0x10c5e018)]: 0 failure(s)
Postproc #2 [meta_schedule.RewriteUnboundBlock(0x1096b2a8)]: 0 failure(s)
Postproc #3 [meta_schedule.RewriteParallelVectorizeUnroll(0x106bee48)]: 0 failure(s)
Postproc #4 [meta_schedule.RewriteReductionBlock(0xe624028)]: 0 failure(s)
Postproc #5 [meta_schedule.VerifyGPUCode(0x1118ae28)]: 69 failure(s)
Postproc #6 [meta_schedule.RewriteTensorize(0x109d42a8)]: 0 failure(s)
2025-10-07 09:31:02 [INFO] [evolutionary_search.cc:621] Evolve iter #1 done. Summary:
Postproc #0 [meta_schedule.DisallowDynamicLoop(0x1078b738)]: 0 failure(s)
Postproc #1 [meta_schedule.RewriteCooperativeFetch(0x10c5e018)]: 0 failure(s)
Postproc #2 [meta_schedule.RewriteUnboundBlock(0x1096b2a8)]: 0 failure(s)
Postproc #3 [meta_schedule.RewriteParallelVectorizeUnroll(0x106bee48)]: 0 failure(s)
Postproc #4 [meta_schedule.RewriteReductionBlock(0xe624028)]: 0 failure(s)
Postproc #5 [meta_schedule.VerifyGPUCode(0x1118ae28)]: 57 failure(s)
Postproc #6 [meta_schedule.RewriteTensorize(0x109d42a8)]: 0 failure(s)
2025-10-07 09:31:09 [INFO] [evolutionary_search.cc:621] Evolve iter #2 done. Summary:
Postproc #0 [meta_schedule.DisallowDynamicLoop(0x1078b738)]: 0 failure(s)
Postproc #1 [meta_schedule.RewriteCooperativeFetch(0x10c5e018)]: 0 failure(s)
Postproc #2 [meta_schedule.RewriteUnboundBlock(0x1096b2a8)]: 0 failure(s)
Postproc #3 [meta_schedule.RewriteParallelVectorizeUnroll(0x106bee48)]: 0 failure(s)
Postproc #4 [meta_schedule.RewriteReductionBlock(0xe624028)]: 0 failure(s)
Postproc #5 [meta_schedule.VerifyGPUCode(0x1118ae28)]: 77 failure(s)
Postproc #6 [meta_schedule.RewriteTensorize(0x109d42a8)]: 0 failure(s)
2025-10-07 09:31:15 [INFO] [evolutionary_search.cc:621] Evolve iter #3 done. Summary:
Postproc #0 [meta_schedule.DisallowDynamicLoop(0x1078b738)]: 0 failure(s)
Postproc #1 [meta_schedule.RewriteCooperativeFetch(0x10c5e018)]: 0 failure(s)
Postproc #2 [meta_schedule.RewriteUnboundBlock(0x1096b2a8)]: 0 failure(s)
Postproc #3 [meta_schedule.RewriteParallelVectorizeUnroll(0x106bee48)]: 0 failure(s)
Postproc #4 [meta_schedule.RewriteReductionBlock(0xe624028)]: 0 failure(s)
Postproc #5 [meta_schedule.VerifyGPUCode(0x1118ae28)]: 59 failure(s)
Postproc #6 [meta_schedule.RewriteTensorize(0x109d42a8)]: 0 failure(s)
2025-10-07 09:31:17 [INFO] [evolutionary_search.cc:649] Scores of the best 64 candidates:
[1 : 16]:	0.9570  0.9570  0.9563  0.9563  0.9438  0.9416  0.9383  0.9380  0.9337  0.9335  0.9304  0.9292  0.9285  0.9282  0.9282  0.9278
[17 : 32]:	0.9257  0.9249  0.9249  0.9246  0.9246  0.9244  0.9240  0.9237  0.9222  0.9205  0.9205  0.9205  0.9199  0.9199  0.9198  0.9198
[33 : 48]:	0.9195  0.9190  0.9189  0.9188  0.9184  0.9178  0.9177  0.9175  0.9173  0.9173  0.9173  0.9172  0.9169  0.9169  0.9169  0.9169
[49 : 64]:	0.9165  0.9163  0.9157  0.9155  0.9152  0.9147  0.9147  0.9145  0.9145  0.9142  0.9141  0.9141  0.9139  0.9130  0.9130  0.9126
2025-10-07 09:31:18 [INFO] [evolutionary_search.cc:727] Got 64 candidate(s) with evolutionary search
2025-10-07 09:31:18 [INFO] [evolutionary_search.cc:730] Sending 64 candidates(s) for measurement
2025-10-07 09:31:44 [INFO] [task_scheduler.cc:131] [Task #0: main] Trial #385: GFLOPs: 4349.1325. Time: 2.9535 us. Best GFLOPs: 4493.1228
2025-10-07 09:31:44 [INFO] [task_scheduler.cc:131] [Task #0: main] Trial #386: GFLOPs: 4312.6523. Time: 2.9785 us. Best GFLOPs: 4493.1228
2025-10-07 09:31:44 [INFO] [task_scheduler.cc:131] [Task #0: main] Trial #387: GFLOPs: 4337.6757. Time: 2.9613 us. Best GFLOPs: 4493.1228
2025-10-07 09:31:44 [INFO] [task_scheduler.cc:131] [Task #0: main] Trial #388: GFLOPs: 4323.2680. Time: 2.9711 us. Best GFLOPs: 4493.1228
2025-10-07 09:31:44 [INFO] [task_scheduler.cc:131] [Task #0: main] Trial #389: GFLOPs: 4242.0856. Time: 3.0280 us. Best GFLOPs: 4493.1228
2025-10-07 09:31:44 [INFO] [task_scheduler.cc:131] [Task #0: main] Trial #390: GFLOPs: 4389.4827. Time: 2.9263 us. Best GFLOPs: 4493.1228
2025-10-07 09:31:44 [INFO] [task_scheduler.cc:131] [Task #0: main] Trial #391: GFLOPs: 4233.9434. Time: 3.0338 us. Best GFLOPs: 4493.1228
2025-10-07 09:31:44 [INFO] [task_scheduler.cc:131] [Task #0: main] Trial #392: GFLOPs: 4237.7856. Time: 3.0311 us. Best GFLOPs: 4493.1228
2025-10-07 09:31:44 [INFO] [task_scheduler.cc:131] [Task #0: main] Trial #393: GFLOPs: 4221.9398. Time: 3.0425 us. Best GFLOPs: 4493.1228
2025-10-07 09:31:44 [INFO] [task_scheduler.cc:131] [Task #0: main] Trial #394: GFLOPs: 4067.2966. Time: 3.1581 us. Best GFLOPs: 4493.1228
2025-10-07 09:31:44 [INFO] [task_scheduler.cc:131] [Task #0: main] Trial #395: GFLOPs: 3154.1392. Time: 4.0724 us. Best GFLOPs: 4493.1228
2025-10-07 09:31:44 [INFO] [task_scheduler.cc:131] [Task #0: main] Trial #396: GFLOPs: 3862.2501. Time: 3.3258 us. Best GFLOPs: 4493.1228
2025-10-07 09:31:44 [INFO] [task_scheduler.cc:131] [Task #0: main] Trial #397: GFLOPs: 3706.9861. Time: 3.4651 us. Best GFLOPs: 4493.1228
2025-10-07 09:31:44 [INFO] [task_scheduler.cc:131] [Task #0: main] Trial #398: GFLOPs: 3864.9963. Time: 3.3234 us. Best GFLOPs: 4493.1228
2025-10-07 09:31:44 [INFO] [task_scheduler.cc:131] [Task #0: main] Trial #399: GFLOPs: 4247.5937. Time: 3.0241 us. Best GFLOPs: 4493.1228
2025-10-07 09:31:44 [INFO] [task_scheduler.cc:131] [Task #0: main] Trial #400: GFLOPs: 4239.0543. Time: 3.0302 us. Best GFLOPs: 4493.1228
2025-10-07 09:31:44 [INFO] [task_scheduler.cc:131] [Task #0: main] Trial #401: GFLOPs: 3912.3773. Time: 3.2832 us. Best GFLOPs: 4493.1228
2025-10-07 09:31:44 [INFO] [task_scheduler.cc:131] [Task #0: main] Trial #402: GFLOPs: 4359.0542. Time: 2.9468 us. Best GFLOPs: 4493.1228
2025-10-07 09:31:44 [INFO] [task_scheduler.cc:131] [Task #0: main] Trial #403: GFLOPs: 4292.3873. Time: 2.9925 us. Best GFLOPs: 4493.1228
2025-10-07 09:31:44 [INFO] [task_scheduler.cc:131] [Task #0: main] Trial #404: GFLOPs: 4090.4272. Time: 3.1403 us. Best GFLOPs: 4493.1228
2025-10-07 09:31:44 [INFO] [task_scheduler.cc:131] [Task #0: main] Trial #405: GFLOPs: 3472.6581. Time: 3.6989 us. Best GFLOPs: 4493.1228
2025-10-07 09:31:44 [INFO] [task_scheduler.cc:131] [Task #0: main] Trial #406: GFLOPs: 3655.4961. Time: 3.5139 us. Best GFLOPs: 4493.1228
2025-10-07 09:31:44 [INFO] [task_scheduler.cc:131] [Task #0: main] Trial #407: GFLOPs: 3806.8419. Time: 3.3742 us. Best GFLOPs: 4493.1228
2025-10-07 09:31:44 [INFO] [task_scheduler.cc:131] [Task #0: main] Trial #408: GFLOPs: 4316.9147. Time: 2.9755 us. Best GFLOPs: 4493.1228
2025-10-07 09:31:44 [INFO] [task_scheduler.cc:131] [Task #0: main] Trial #409: GFLOPs: 3238.8161. Time: 3.9660 us. Best GFLOPs: 4493.1228
2025-10-07 09:31:44 [INFO] [task_scheduler.cc:131] [Task #0: main] Trial #410: GFLOPs: 3500.6542. Time: 3.6693 us. Best GFLOPs: 4493.1228
2025-10-07 09:31:44 [INFO] [task_scheduler.cc:131] [Task #0: main] Trial #411: GFLOPs: 4058.6728. Time: 3.1648 us. Best GFLOPs: 4493.1228
2025-10-07 09:31:44 [INFO] [task_scheduler.cc:131] [Task #0: main] Trial #412: GFLOPs: 4328.7773. Time: 2.9674 us. Best GFLOPs: 4493.1228
2025-10-07 09:31:44 [INFO] [task_scheduler.cc:131] [Task #0: main] Trial #413: GFLOPs: 4151.3919. Time: 3.0942 us. Best GFLOPs: 4493.1228
2025-10-07 09:31:44 [INFO] [task_scheduler.cc:131] [Task #0: main] Trial #414: GFLOPs: 4164.9323. Time: 3.0841 us. Best GFLOPs: 4493.1228
2025-10-07 09:31:44 [INFO] [task_scheduler.cc:131] [Task #0: main] Trial #415: GFLOPs: 3868.0386. Time: 3.3208 us. Best GFLOPs: 4493.1228
2025-10-07 09:31:44 [INFO] [task_scheduler.cc:131] [Task #0: main] Trial #416: GFLOPs: 4473.2866. Time: 2.8715 us. Best GFLOPs: 4493.1228
2025-10-07 09:31:44 [INFO] [task_scheduler.cc:131] [Task #0: main] Trial #417: GFLOPs: 3943.4204. Time: 3.2573 us. Best GFLOPs: 4493.1228
2025-10-07 09:31:44 [INFO] [task_scheduler.cc:131] [Task #0: main] Trial #418: GFLOPs: 4189.6155. Time: 3.0659 us. Best GFLOPs: 4493.1228
2025-10-07 09:31:44 [INFO] [task_scheduler.cc:131] [Task #0: main] Trial #419: GFLOPs: 3598.8988. Time: 3.5692 us. Best GFLOPs: 4493.1228
2025-10-07 09:31:44 [INFO] [task_scheduler.cc:131] [Task #0: main] Trial #420: GFLOPs: 3488.9562. Time: 3.6816 us. Best GFLOPs: 4493.1228
2025-10-07 09:31:44 [INFO] [task_scheduler.cc:131] [Task #0: main] Trial #421: GFLOPs: 3844.9935. Time: 3.3407 us. Best GFLOPs: 4493.1228
2025-10-07 09:31:44 [INFO] [task_scheduler.cc:131] [Task #0: main] Trial #422: GFLOPs: 4404.5695. Time: 2.9163 us. Best GFLOPs: 4493.1228
2025-10-07 09:31:44 [INFO] [task_scheduler.cc:131] [Task #0: main] Trial #423: GFLOPs: 4257.9740. Time: 3.0167 us. Best GFLOPs: 4493.1228
2025-10-07 09:31:44 [INFO] [task_scheduler.cc:131] [Task #0: main] Trial #424: GFLOPs: 4253.6292. Time: 3.0198 us. Best GFLOPs: 4493.1228
2025-10-07 09:31:44 [INFO] [task_scheduler.cc:131] [Task #0: main] Trial #425: GFLOPs: 3595.7487. Time: 3.5723 us. Best GFLOPs: 4493.1228
2025-10-07 09:31:44 [INFO] [task_scheduler.cc:131] [Task #0: main] Trial #426: GFLOPs: 3613.3072. Time: 3.5549 us. Best GFLOPs: 4493.1228
2025-10-07 09:31:44 [INFO] [task_scheduler.cc:131] [Task #0: main] Trial #427: GFLOPs: 4349.4347. Time: 2.9533 us. Best GFLOPs: 4493.1228
2025-10-07 09:31:44 [INFO] [task_scheduler.cc:131] [Task #0: main] Trial #428: GFLOPs: 3658.0963. Time: 3.5114 us. Best GFLOPs: 4493.1228
2025-10-07 09:31:44 [INFO] [task_scheduler.cc:131] [Task #0: main] Trial #429: GFLOPs: 3958.8424. Time: 3.2446 us. Best GFLOPs: 4493.1228
2025-10-07 09:31:44 [INFO] [task_scheduler.cc:131] [Task #0: main] Trial #430: GFLOPs: 4287.6154. Time: 2.9959 us. Best GFLOPs: 4493.1228
2025-10-07 09:31:44 [INFO] [task_scheduler.cc:131] [Task #0: main] Trial #431: GFLOPs: 4333.2815. Time: 2.9643 us. Best GFLOPs: 4493.1228
2025-10-07 09:31:44 [INFO] [task_scheduler.cc:131] [Task #0: main] Trial #432: GFLOPs: 4299.8977. Time: 2.9873 us. Best GFLOPs: 4493.1228
2025-10-07 09:31:44 [INFO] [task_scheduler.cc:131] [Task #0: main] Trial #433: GFLOPs: 4181.0490. Time: 3.0722 us. Best GFLOPs: 4493.1228
2025-10-07 09:31:44 [INFO] [task_scheduler.cc:131] [Task #0: main] Trial #434: GFLOPs: 4147.6059. Time: 3.0970 us. Best GFLOPs: 4493.1228
2025-10-07 09:31:44 [INFO] [task_scheduler.cc:131] [Task #0: main] Trial #435: GFLOPs: 3674.7359. Time: 3.4955 us. Best GFLOPs: 4493.1228
2025-10-07 09:31:44 [INFO] [task_scheduler.cc:131] [Task #0: main] Trial #436: GFLOPs: 4239.6081. Time: 3.0298 us. Best GFLOPs: 4493.1228
2025-10-07 09:31:44 [INFO] [task_scheduler.cc:131] [Task #0: main] Trial #437: GFLOPs: 4309.7905. Time: 2.9804 us. Best GFLOPs: 4493.1228
2025-10-07 09:31:44 [INFO] [task_scheduler.cc:131] [Task #0: main] Trial #438: GFLOPs: 4370.5604. Time: 2.9390 us. Best GFLOPs: 4493.1228
2025-10-07 09:31:44 [INFO] [task_scheduler.cc:131] [Task #0: main] Trial #439: GFLOPs: 4265.4030. Time: 3.0115 us. Best GFLOPs: 4493.1228
2025-10-07 09:31:44 [INFO] [task_scheduler.cc:131] [Task #0: main] Trial #440: GFLOPs: 4318.1755. Time: 2.9746 us. Best GFLOPs: 4493.1228
2025-10-07 09:31:44 [INFO] [task_scheduler.cc:131] [Task #0: main] Trial #441: GFLOPs: 4307.2565. Time: 2.9822 us. Best GFLOPs: 4493.1228
2025-10-07 09:31:44 [INFO] [task_scheduler.cc:131] [Task #0: main] Trial #442: GFLOPs: 4296.7367. Time: 2.9895 us. Best GFLOPs: 4493.1228
2025-10-07 09:31:44 [INFO] [task_scheduler.cc:131] [Task #0: main] Trial #443: GFLOPs: 4328.8698. Time: 2.9673 us. Best GFLOPs: 4493.1228
2025-10-07 09:31:44 [INFO] [task_scheduler.cc:131] [Task #0: main] Trial #444: GFLOPs: 3780.6527. Time: 3.3976 us. Best GFLOPs: 4493.1228
2025-10-07 09:31:44 [INFO] [task_scheduler.cc:131] [Task #0: main] Trial #445: GFLOPs: 4202.3447. Time: 3.0566 us. Best GFLOPs: 4493.1228
2025-10-07 09:31:44 [INFO] [task_scheduler.cc:131] [Task #0: main] Trial #446: GFLOPs: 3008.4672. Time: 4.2696 us. Best GFLOPs: 4493.1228
2025-10-07 09:31:44 [INFO] [task_scheduler.cc:131] [Task #0: main] Trial #447: GFLOPs: 1934.7488. Time: 6.6391 us. Best GFLOPs: 4493.1228
2025-10-07 09:31:44 [INFO] [task_scheduler.cc:131] [Task #0: main] Trial #448: GFLOPs: 1606.3465. Time: 7.9964 us. Best GFLOPs: 4493.1228
2025-10-07 09:31:44 [INFO] [evolutionary_search.cc:713] Generating candidates......
2025-10-07 09:31:45 [INFO] [evolutionary_search.cc:715] Picked top 102 candidate(s) from database
2025-10-07 09:31:49 [INFO] [evolutionary_search.cc:533] Sample-Init-Population summary:
Postproc #0 [meta_schedule.DisallowDynamicLoop(0x1078b738)]: 0 failure(s)
Postproc #1 [meta_schedule.RewriteCooperativeFetch(0x10c5e018)]: 0 failure(s)
Postproc #2 [meta_schedule.RewriteUnboundBlock(0x1096b2a8)]: 0 failure(s)
Postproc #3 [meta_schedule.RewriteParallelVectorizeUnroll(0x106bee48)]: 0 failure(s)
Postproc #4 [meta_schedule.RewriteReductionBlock(0xe624028)]: 0 failure(s)
Postproc #5 [meta_schedule.VerifyGPUCode(0x1118ae28)]: 255 failure(s)
Postproc #6 [meta_schedule.RewriteTensorize(0x109d42a8)]: 0 failure(s)
2025-10-07 09:31:49 [INFO] [evolutionary_search.cc:723] Sampled 155 candidate(s)
2025-10-07 09:31:55 [INFO] [evolutionary_search.cc:621] Evolve iter #0 done. Summary:
Postproc #0 [meta_schedule.DisallowDynamicLoop(0x1078b738)]: 0 failure(s)
Postproc #1 [meta_schedule.RewriteCooperativeFetch(0x10c5e018)]: 0 failure(s)
Postproc #2 [meta_schedule.RewriteUnboundBlock(0x1096b2a8)]: 0 failure(s)
Postproc #3 [meta_schedule.RewriteParallelVectorizeUnroll(0x106bee48)]: 0 failure(s)
Postproc #4 [meta_schedule.RewriteReductionBlock(0xe624028)]: 0 failure(s)
Postproc #5 [meta_schedule.VerifyGPUCode(0x1118ae28)]: 67 failure(s)
Postproc #6 [meta_schedule.RewriteTensorize(0x109d42a8)]: 0 failure(s)
2025-10-07 09:32:02 [INFO] [evolutionary_search.cc:621] Evolve iter #1 done. Summary:
Postproc #0 [meta_schedule.DisallowDynamicLoop(0x1078b738)]: 0 failure(s)
Postproc #1 [meta_schedule.RewriteCooperativeFetch(0x10c5e018)]: 0 failure(s)
Postproc #2 [meta_schedule.RewriteUnboundBlock(0x1096b2a8)]: 0 failure(s)
Postproc #3 [meta_schedule.RewriteParallelVectorizeUnroll(0x106bee48)]: 0 failure(s)
Postproc #4 [meta_schedule.RewriteReductionBlock(0xe624028)]: 0 failure(s)
Postproc #5 [meta_schedule.VerifyGPUCode(0x1118ae28)]: 65 failure(s)
Postproc #6 [meta_schedule.RewriteTensorize(0x109d42a8)]: 0 failure(s)
2025-10-07 09:32:08 [INFO] [evolutionary_search.cc:621] Evolve iter #2 done. Summary:
Postproc #0 [meta_schedule.DisallowDynamicLoop(0x1078b738)]: 0 failure(s)
Postproc #1 [meta_schedule.RewriteCooperativeFetch(0x10c5e018)]: 0 failure(s)
Postproc #2 [meta_schedule.RewriteUnboundBlock(0x1096b2a8)]: 0 failure(s)
Postproc #3 [meta_schedule.RewriteParallelVectorizeUnroll(0x106bee48)]: 0 failure(s)
Postproc #4 [meta_schedule.RewriteReductionBlock(0xe624028)]: 0 failure(s)
Postproc #5 [meta_schedule.VerifyGPUCode(0x1118ae28)]: 61 failure(s)
Postproc #6 [meta_schedule.RewriteTensorize(0x109d42a8)]: 0 failure(s)
2025-10-07 09:32:15 [INFO] [evolutionary_search.cc:621] Evolve iter #3 done. Summary:
Postproc #0 [meta_schedule.DisallowDynamicLoop(0x1078b738)]: 0 failure(s)
Postproc #1 [meta_schedule.RewriteCooperativeFetch(0x10c5e018)]: 0 failure(s)
Postproc #2 [meta_schedule.RewriteUnboundBlock(0x1096b2a8)]: 0 failure(s)
Postproc #3 [meta_schedule.RewriteParallelVectorizeUnroll(0x106bee48)]: 0 failure(s)
Postproc #4 [meta_schedule.RewriteReductionBlock(0xe624028)]: 0 failure(s)
Postproc #5 [meta_schedule.VerifyGPUCode(0x1118ae28)]: 69 failure(s)
Postproc #6 [meta_schedule.RewriteTensorize(0x109d42a8)]: 0 failure(s)
2025-10-07 09:32:17 [INFO] [evolutionary_search.cc:649] Scores of the best 64 candidates:
[1 : 16]:	0.9634  0.9634  0.9634  0.9616  0.9580  0.9580  0.9538  0.9538  0.9490  0.9479  0.9479  0.9444  0.9444  0.9438  0.9436  0.9432
[17 : 32]:	0.9419  0.9419  0.9413  0.9367  0.9367  0.9367  0.9355  0.9333  0.9331  0.9331  0.9324  0.9322  0.9319  0.9316  0.9303  0.9302
[33 : 48]:	0.9302  0.9298  0.9275  0.9260  0.9258  0.9241  0.9232  0.9223  0.9222  0.9219  0.9218  0.9218  0.9217  0.9207  0.9207  0.9205
[49 : 64]:	0.9202  0.9202  0.9201  0.9192  0.9192  0.9190  0.9185  0.9185  0.9185  0.9184  0.9182  0.9180  0.9180  0.9172  0.9171  0.9170
2025-10-07 09:32:17 [INFO] [evolutionary_search.cc:727] Got 64 candidate(s) with evolutionary search
2025-10-07 09:32:17 [INFO] [evolutionary_search.cc:730] Sending 64 candidates(s) for measurement
2025-10-07 09:32:44 [INFO] [task_scheduler.cc:131] [Task #0: main] Trial #449: GFLOPs: 3954.5015. Time: 3.2482 us. Best GFLOPs: 4493.1228
2025-10-07 09:32:44 [INFO] [task_scheduler.cc:131] [Task #0: main] Trial #450: GFLOPs: 4188.9812. Time: 3.0664 us. Best GFLOPs: 4493.1228
2025-10-07 09:32:44 [INFO] [task_scheduler.cc:131] [Task #0: main] Trial #451: GFLOPs: 4271.4716. Time: 3.0072 us. Best GFLOPs: 4493.1228
2025-10-07 09:32:44 [INFO] [task_scheduler.cc:131] [Task #0: main] Trial #452: GFLOPs: 4207.4649. Time: 3.0529 us. Best GFLOPs: 4493.1228
2025-10-07 09:32:44 [INFO] [task_scheduler.cc:131] [Task #0: main] Trial #453: GFLOPs: 3658.3497. Time: 3.5112 us. Best GFLOPs: 4493.1228
2025-10-07 09:32:44 [INFO] [task_scheduler.cc:131] [Task #0: main] Trial #454: GFLOPs: 4010.5393. Time: 3.2028 us. Best GFLOPs: 4493.1228
2025-10-07 09:32:44 [INFO] [task_scheduler.cc:131] [Task #0: main] Trial #455: GFLOPs: 4232.2527. Time: 3.0350 us. Best GFLOPs: 4493.1228
2025-10-07 09:32:44 [INFO] [task_scheduler.cc:131] [Task #0: main] Trial #456: GFLOPs: 3982.2865. Time: 3.2255 us. Best GFLOPs: 4493.1228
2025-10-07 09:32:44 [INFO] [task_scheduler.cc:131] [Task #0: main] Trial #457: GFLOPs: 3813.9789. Time: 3.3679 us. Best GFLOPs: 4493.1228
2025-10-07 09:32:44 [INFO] [task_scheduler.cc:131] [Task #0: main] Trial #458: GFLOPs: 4148.4587. Time: 3.0963 us. Best GFLOPs: 4493.1228
2025-10-07 09:32:44 [INFO] [task_scheduler.cc:131] [Task #0: main] Trial #459: GFLOPs: 3742.5108. Time: 3.4322 us. Best GFLOPs: 4493.1228
2025-10-07 09:32:44 [INFO] [task_scheduler.cc:131] [Task #0: main] Trial #460: GFLOPs: 4106.8966. Time: 3.1277 us. Best GFLOPs: 4493.1228
2025-10-07 09:32:44 [INFO] [task_scheduler.cc:131] [Task #0: main] Trial #461: GFLOPs: 4101.4378. Time: 3.1318 us. Best GFLOPs: 4493.1228
2025-10-07 09:32:44 [INFO] [task_scheduler.cc:131] [Task #0: main] Trial #462: GFLOPs: 3964.8391. Time: 3.2397 us. Best GFLOPs: 4493.1228
2025-10-07 09:32:44 [INFO] [task_scheduler.cc:131] [Task #0: main] Trial #463: GFLOPs: 4245.3864. Time: 3.0257 us. Best GFLOPs: 4493.1228
2025-10-07 09:32:44 [INFO] [task_scheduler.cc:131] [Task #0: main] Trial #464: GFLOPs: 3464.5735. Time: 3.7075 us. Best GFLOPs: 4493.1228
2025-10-07 09:32:44 [INFO] [task_scheduler.cc:131] [Task #0: main] Trial #465: GFLOPs: 3945.8444. Time: 3.2553 us. Best GFLOPs: 4493.1228
2025-10-07 09:32:44 [INFO] [task_scheduler.cc:131] [Task #0: main] Trial #466: GFLOPs: 3884.1866. Time: 3.3070 us. Best GFLOPs: 4493.1228
2025-10-07 09:32:44 [INFO] [task_scheduler.cc:131] [Task #0: main] Trial #467: GFLOPs: 3714.1219. Time: 3.4584 us. Best GFLOPs: 4493.1228
2025-10-07 09:32:44 [INFO] [task_scheduler.cc:131] [Task #0: main] Trial #468: GFLOPs: 4316.8058. Time: 2.9756 us. Best GFLOPs: 4493.1228
2025-10-07 09:32:44 [INFO] [task_scheduler.cc:131] [Task #0: main] Trial #469: GFLOPs: 3823.4410. Time: 3.3596 us. Best GFLOPs: 4493.1228
2025-10-07 09:32:44 [INFO] [task_scheduler.cc:131] [Task #0: main] Trial #470: GFLOPs: 3700.9533. Time: 3.4707 us. Best GFLOPs: 4493.1228
2025-10-07 09:32:44 [INFO] [task_scheduler.cc:131] [Task #0: main] Trial #471: GFLOPs: 3707.6696. Time: 3.4645 us. Best GFLOPs: 4493.1228
2025-10-07 09:32:44 [INFO] [task_scheduler.cc:131] [Task #0: main] Trial #472: GFLOPs: 4288.2381. Time: 2.9954 us. Best GFLOPs: 4493.1228
2025-10-07 09:32:44 [INFO] [task_scheduler.cc:131] [Task #0: main] Trial #473: GFLOPs: 3924.7005. Time: 3.2729 us. Best GFLOPs: 4493.1228
2025-10-07 09:32:44 [INFO] [task_scheduler.cc:131] [Task #0: main] Trial #474: GFLOPs: 4144.7941. Time: 3.0991 us. Best GFLOPs: 4493.1228
2025-10-07 09:32:44 [INFO] [task_scheduler.cc:131] [Task #0: main] Trial #475: GFLOPs: 4124.3192. Time: 3.1145 us. Best GFLOPs: 4493.1228
2025-10-07 09:32:44 [INFO] [task_scheduler.cc:131] [Task #0: main] Trial #476: GFLOPs: 3571.7247. Time: 3.5963 us. Best GFLOPs: 4493.1228
2025-10-07 09:32:44 [INFO] [task_scheduler.cc:131] [Task #0: main] Trial #477: GFLOPs: 4148.9320. Time: 3.0960 us. Best GFLOPs: 4493.1228
2025-10-07 09:32:44 [INFO] [task_scheduler.cc:131] [Task #0: main] Trial #478: GFLOPs: 4247.9568. Time: 3.0238 us. Best GFLOPs: 4493.1228
2025-10-07 09:32:44 [INFO] [task_scheduler.cc:131] [Task #0: main] Trial #479: GFLOPs: 3718.4269. Time: 3.4544 us. Best GFLOPs: 4493.1228
2025-10-07 09:32:44 [INFO] [task_scheduler.cc:131] [Task #0: main] Trial #480: GFLOPs: 3908.8209. Time: 3.2862 us. Best GFLOPs: 4493.1228
2025-10-07 09:32:44 [INFO] [task_scheduler.cc:131] [Task #0: main] Trial #481: GFLOPs: 3624.3346. Time: 3.5441 us. Best GFLOPs: 4493.1228
2025-10-07 09:32:44 [INFO] [task_scheduler.cc:131] [Task #0: main] Trial #482: GFLOPs: 3407.8737. Time: 3.7692 us. Best GFLOPs: 4493.1228
2025-10-07 09:32:44 [INFO] [task_scheduler.cc:131] [Task #0: main] Trial #483: GFLOPs: 4373.6505. Time: 2.9369 us. Best GFLOPs: 4493.1228
2025-10-07 09:32:44 [INFO] [task_scheduler.cc:131] [Task #0: main] Trial #484: GFLOPs: 4275.2388. Time: 3.0045 us. Best GFLOPs: 4493.1228
2025-10-07 09:32:44 [INFO] [task_scheduler.cc:131] [Task #0: main] Trial #485: GFLOPs: 3937.8037. Time: 3.2620 us. Best GFLOPs: 4493.1228
2025-10-07 09:32:44 [INFO] [task_scheduler.cc:131] [Task #0: main] Trial #486: GFLOPs: 4081.6985. Time: 3.1470 us. Best GFLOPs: 4493.1228
2025-10-07 09:32:44 [INFO] [task_scheduler.cc:131] [Task #0: main] Trial #487: GFLOPs: 4235.0745. Time: 3.0330 us. Best GFLOPs: 4493.1228
2025-10-07 09:32:44 [INFO] [task_scheduler.cc:131] [Task #0: main] Trial #488: GFLOPs: 4304.0443. Time: 2.9844 us. Best GFLOPs: 4493.1228
2025-10-07 09:32:44 [INFO] [task_scheduler.cc:131] [Task #0: main] Trial #489: GFLOPs: 3600.2512. Time: 3.5678 us. Best GFLOPs: 4493.1228
2025-10-07 09:32:44 [INFO] [task_scheduler.cc:131] [Task #0: main] Trial #490: GFLOPs: 3578.0908. Time: 3.5899 us. Best GFLOPs: 4493.1228
2025-10-07 09:32:44 [INFO] [task_scheduler.cc:131] [Task #0: main] Trial #491: GFLOPs: 3343.7158. Time: 3.8416 us. Best GFLOPs: 4493.1228
2025-10-07 09:32:44 [INFO] [task_scheduler.cc:131] [Task #0: main] Trial #492: GFLOPs: 4155.5607. Time: 3.0911 us. Best GFLOPs: 4493.1228
2025-10-07 09:32:44 [INFO] [task_scheduler.cc:131] [Task #0: main] Trial #493: GFLOPs: 3613.2901. Time: 3.5549 us. Best GFLOPs: 4493.1228
2025-10-07 09:32:44 [INFO] [task_scheduler.cc:131] [Task #0: main] Trial #494: GFLOPs: 3896.8096. Time: 3.2963 us. Best GFLOPs: 4493.1228
2025-10-07 09:32:44 [INFO] [task_scheduler.cc:131] [Task #0: main] Trial #495: GFLOPs: 3652.3263. Time: 3.5170 us. Best GFLOPs: 4493.1228
2025-10-07 09:32:44 [INFO] [task_scheduler.cc:131] [Task #0: main] Trial #496: GFLOPs: 3593.0161. Time: 3.5750 us. Best GFLOPs: 4493.1228
2025-10-07 09:32:44 [INFO] [task_scheduler.cc:131] [Task #0: main] Trial #497: GFLOPs: 4004.1216. Time: 3.2080 us. Best GFLOPs: 4493.1228
2025-10-07 09:32:44 [INFO] [task_scheduler.cc:131] [Task #0: main] Trial #498: GFLOPs: 3447.4629. Time: 3.7259 us. Best GFLOPs: 4493.1228
2025-10-07 09:32:44 [INFO] [task_scheduler.cc:131] [Task #0: main] Trial #499: GFLOPs: 4031.3745. Time: 3.1863 us. Best GFLOPs: 4493.1228
2025-10-07 09:32:44 [INFO] [task_scheduler.cc:131] [Task #0: main] Trial #500: GFLOPs: 4029.8464. Time: 3.1875 us. Best GFLOPs: 4493.1228
2025-10-07 09:32:44 [INFO] [task_scheduler.cc:131] [Task #0: main] Trial #501: GFLOPs: 3994.7897. Time: 3.2155 us. Best GFLOPs: 4493.1228
2025-10-07 09:32:44 [INFO] [task_scheduler.cc:131] [Task #0: main] Trial #502: GFLOPs: 4247.7527. Time: 3.0240 us. Best GFLOPs: 4493.1228
2025-10-07 09:32:44 [INFO] [task_scheduler.cc:131] [Task #0: main] Trial #503: GFLOPs: 4492.1774. Time: 2.8594 us. Best GFLOPs: 4493.1228
2025-10-07 09:32:44 [INFO] [task_scheduler.cc:131] [Task #0: main] Trial #504: GFLOPs: 3661.5623. Time: 3.5081 us. Best GFLOPs: 4493.1228
2025-10-07 09:32:44 [INFO] [task_scheduler.cc:131] [Task #0: main] Trial #505: GFLOPs: 3996.2964. Time: 3.2142 us. Best GFLOPs: 4493.1228
2025-10-07 09:32:44 [INFO] [task_scheduler.cc:131] [Task #0: main] Trial #506: GFLOPs: 4255.3021. Time: 3.0186 us. Best GFLOPs: 4493.1228
2025-10-07 09:32:44 [INFO] [task_scheduler.cc:131] [Task #0: main] Trial #507: GFLOPs: 3565.6723. Time: 3.6024 us. Best GFLOPs: 4493.1228
2025-10-07 09:32:44 [INFO] [task_scheduler.cc:131] [Task #0: main] Trial #508: GFLOPs: 4428.3321. Time: 2.9007 us. Best GFLOPs: 4493.1228
2025-10-07 09:32:44 [INFO] [task_scheduler.cc:131] [Task #0: main] Trial #509: GFLOPs: 4124.1379. Time: 3.1146 us. Best GFLOPs: 4493.1228
2025-10-07 09:32:44 [INFO] [task_scheduler.cc:131] [Task #0: main] Trial #510: GFLOPs: 1359.3599. Time: 9.4493 us. Best GFLOPs: 4493.1228
2025-10-07 09:32:44 [INFO] [task_scheduler.cc:131] [Task #0: main] Trial #511: GFLOPs: 2458.8703. Time: 5.2240 us. Best GFLOPs: 4493.1228
2025-10-07 09:32:44 [INFO] [task_scheduler.cc:131] [Task #0: main] Trial #512: GFLOPs: 3179.2498. Time: 4.0403 us. Best GFLOPs: 4493.1228
2025-10-07 09:32:44 [INFO] [evolutionary_search.cc:713] Generating candidates......
2025-10-07 09:32:45 [INFO] [evolutionary_search.cc:715] Picked top 102 candidate(s) from database
2025-10-07 09:32:49 [INFO] [evolutionary_search.cc:533] Sample-Init-Population summary:
Postproc #0 [meta_schedule.DisallowDynamicLoop(0x1078b738)]: 0 failure(s)
Postproc #1 [meta_schedule.RewriteCooperativeFetch(0x10c5e018)]: 0 failure(s)
Postproc #2 [meta_schedule.RewriteUnboundBlock(0x1096b2a8)]: 0 failure(s)
Postproc #3 [meta_schedule.RewriteParallelVectorizeUnroll(0x106bee48)]: 0 failure(s)
Postproc #4 [meta_schedule.RewriteReductionBlock(0xe624028)]: 0 failure(s)
Postproc #5 [meta_schedule.VerifyGPUCode(0x1118ae28)]: 259 failure(s)
Postproc #6 [meta_schedule.RewriteTensorize(0x109d42a8)]: 0 failure(s)
2025-10-07 09:32:49 [INFO] [evolutionary_search.cc:723] Sampled 151 candidate(s)
2025-10-07 09:32:55 [INFO] [evolutionary_search.cc:621] Evolve iter #0 done. Summary:
Postproc #0 [meta_schedule.DisallowDynamicLoop(0x1078b738)]: 0 failure(s)
Postproc #1 [meta_schedule.RewriteCooperativeFetch(0x10c5e018)]: 0 failure(s)
Postproc #2 [meta_schedule.RewriteUnboundBlock(0x1096b2a8)]: 0 failure(s)
Postproc #3 [meta_schedule.RewriteParallelVectorizeUnroll(0x106bee48)]: 0 failure(s)
Postproc #4 [meta_schedule.RewriteReductionBlock(0xe624028)]: 0 failure(s)
Postproc #5 [meta_schedule.VerifyGPUCode(0x1118ae28)]: 67 failure(s)
Postproc #6 [meta_schedule.RewriteTensorize(0x109d42a8)]: 0 failure(s)
2025-10-07 09:33:01 [INFO] [evolutionary_search.cc:621] Evolve iter #1 done. Summary:
Postproc #0 [meta_schedule.DisallowDynamicLoop(0x1078b738)]: 0 failure(s)
Postproc #1 [meta_schedule.RewriteCooperativeFetch(0x10c5e018)]: 0 failure(s)
Postproc #2 [meta_schedule.RewriteUnboundBlock(0x1096b2a8)]: 0 failure(s)
Postproc #3 [meta_schedule.RewriteParallelVectorizeUnroll(0x106bee48)]: 0 failure(s)
Postproc #4 [meta_schedule.RewriteReductionBlock(0xe624028)]: 0 failure(s)
Postproc #5 [meta_schedule.VerifyGPUCode(0x1118ae28)]: 78 failure(s)
Postproc #6 [meta_schedule.RewriteTensorize(0x109d42a8)]: 0 failure(s)
2025-10-07 09:33:08 [INFO] [evolutionary_search.cc:621] Evolve iter #2 done. Summary:
Postproc #0 [meta_schedule.DisallowDynamicLoop(0x1078b738)]: 0 failure(s)
Postproc #1 [meta_schedule.RewriteCooperativeFetch(0x10c5e018)]: 0 failure(s)
Postproc #2 [meta_schedule.RewriteUnboundBlock(0x1096b2a8)]: 0 failure(s)
Postproc #3 [meta_schedule.RewriteParallelVectorizeUnroll(0x106bee48)]: 0 failure(s)
Postproc #4 [meta_schedule.RewriteReductionBlock(0xe624028)]: 0 failure(s)
Postproc #5 [meta_schedule.VerifyGPUCode(0x1118ae28)]: 63 failure(s)
Postproc #6 [meta_schedule.RewriteTensorize(0x109d42a8)]: 0 failure(s)
2025-10-07 09:33:15 [INFO] [evolutionary_search.cc:621] Evolve iter #3 done. Summary:
Postproc #0 [meta_schedule.DisallowDynamicLoop(0x1078b738)]: 0 failure(s)
Postproc #1 [meta_schedule.RewriteCooperativeFetch(0x10c5e018)]: 0 failure(s)
Postproc #2 [meta_schedule.RewriteUnboundBlock(0x1096b2a8)]: 0 failure(s)
Postproc #3 [meta_schedule.RewriteParallelVectorizeUnroll(0x106bee48)]: 0 failure(s)
Postproc #4 [meta_schedule.RewriteReductionBlock(0xe624028)]: 0 failure(s)
Postproc #5 [meta_schedule.VerifyGPUCode(0x1118ae28)]: 56 failure(s)
Postproc #6 [meta_schedule.RewriteTensorize(0x109d42a8)]: 0 failure(s)
2025-10-07 09:33:16 [INFO] [evolutionary_search.cc:649] Scores of the best 64 candidates:
[1 : 16]:	0.9492  0.9480  0.9448  0.9440  0.9440  0.9434  0.9432  0.9403  0.9402  0.9392  0.9392  0.9390  0.9384  0.9377  0.9377  0.9371
[17 : 32]:	0.9371  0.9370  0.9353  0.9347  0.9322  0.9315  0.9299  0.9299  0.9299  0.9299  0.9279  0.9250  0.9248  0.9240  0.9235  0.9235
[33 : 48]:	0.9234  0.9225  0.9219  0.9203  0.9196  0.9179  0.9179  0.9174  0.9174  0.9171  0.9168  0.9165  0.9164  0.9163  0.9163  0.9162
[49 : 64]:	0.9155  0.9154  0.9145  0.9142  0.9141  0.9141  0.9139  0.9138  0.9138  0.9135  0.9126  0.9121  0.9118  0.9118  0.9116  0.9115
2025-10-07 09:33:17 [INFO] [evolutionary_search.cc:727] Got 64 candidate(s) with evolutionary search
2025-10-07 09:33:17 [INFO] [evolutionary_search.cc:730] Sending 64 candidates(s) for measurement
2025-10-07 09:33:45 [INFO] [task_scheduler.cc:131] [Task #0: main] Trial #513: GFLOPs: 3876.1261. Time: 3.3139 us. Best GFLOPs: 4493.1228
2025-10-07 09:33:45 [INFO] [task_scheduler.cc:131] [Task #0: main] Trial #514: GFLOPs: 4282.1078. Time: 2.9997 us. Best GFLOPs: 4493.1228
2025-10-07 09:33:45 [INFO] [task_scheduler.cc:131] [Task #0: main] Trial #515: GFLOPs: 4371.2838. Time: 2.9385 us. Best GFLOPs: 4493.1228
2025-10-07 09:33:45 [INFO] [task_scheduler.cc:131] [Task #0: main] Trial #516: GFLOPs: 3596.5255. Time: 3.5715 us. Best GFLOPs: 4493.1228
2025-10-07 09:33:45 [INFO] [task_scheduler.cc:131] [Task #0: main] Trial #517: GFLOPs: 3415.8336. Time: 3.7604 us. Best GFLOPs: 4493.1228
2025-10-07 09:33:45 [INFO] [task_scheduler.cc:131] [Task #0: main] Trial #518: GFLOPs: 4212.9794. Time: 3.0489 us. Best GFLOPs: 4493.1228
2025-10-07 09:33:45 [INFO] [task_scheduler.cc:131] [Task #0: main] Trial #519: GFLOPs: 3857.5582. Time: 3.3298 us. Best GFLOPs: 4493.1228
2025-10-07 09:33:45 [INFO] [task_scheduler.cc:131] [Task #0: main] Trial #520: GFLOPs: 3649.2035. Time: 3.5200 us. Best GFLOPs: 4493.1228
2025-10-07 09:33:45 [INFO] [task_scheduler.cc:131] [Task #0: main] Trial #521: GFLOPs: 3633.0320. Time: 3.5356 us. Best GFLOPs: 4493.1228
2025-10-07 09:33:45 [INFO] [task_scheduler.cc:131] [Task #0: main] Trial #522: GFLOPs: 4174.2490. Time: 3.0772 us. Best GFLOPs: 4493.1228
2025-10-07 09:33:45 [INFO] [task_scheduler.cc:131] [Task #0: main] Trial #523: GFLOPs: 4073.9313. Time: 3.1530 us. Best GFLOPs: 4493.1228
2025-10-07 09:33:45 [INFO] [task_scheduler.cc:131] [Task #0: main] Trial #524: GFLOPs: 4234.5842. Time: 3.0334 us. Best GFLOPs: 4493.1228
2025-10-07 09:33:45 [INFO] [task_scheduler.cc:131] [Task #0: main] Trial #525: GFLOPs: 2972.7113. Time: 4.3210 us. Best GFLOPs: 4493.1228
2025-10-07 09:33:45 [INFO] [task_scheduler.cc:131] [Task #0: main] Trial #526: GFLOPs: 4272.7525. Time: 3.0063 us. Best GFLOPs: 4493.1228
2025-10-07 09:33:45 [INFO] [task_scheduler.cc:131] [Task #0: main] Trial #527: GFLOPs: 4146.7905. Time: 3.0976 us. Best GFLOPs: 4493.1228
2025-10-07 09:33:45 [INFO] [task_scheduler.cc:131] [Task #0: main] Trial #528: GFLOPs: 4111.9233. Time: 3.1239 us. Best GFLOPs: 4493.1228
2025-10-07 09:33:45 [INFO] [task_scheduler.cc:131] [Task #0: main] Trial #529: GFLOPs: 4139.0861. Time: 3.1034 us. Best GFLOPs: 4493.1228
2025-10-07 09:33:45 [INFO] [task_scheduler.cc:131] [Task #0: main] Trial #530: GFLOPs: 4075.0441. Time: 3.1521 us. Best GFLOPs: 4493.1228
2025-10-07 09:33:45 [INFO] [task_scheduler.cc:131] [Task #0: main] Trial #531: GFLOPs: 3833.5447. Time: 3.3507 us. Best GFLOPs: 4493.1228
2025-10-07 09:33:45 [INFO] [task_scheduler.cc:131] [Task #0: main] Trial #532: GFLOPs: 3623.0851. Time: 3.5453 us. Best GFLOPs: 4493.1228
2025-10-07 09:33:45 [INFO] [task_scheduler.cc:131] [Task #0: main] Trial #533: GFLOPs: 3872.4427. Time: 3.3170 us. Best GFLOPs: 4493.1228
2025-10-07 09:33:45 [INFO] [task_scheduler.cc:131] [Task #0: main] Trial #534: GFLOPs: 3614.0592. Time: 3.5542 us. Best GFLOPs: 4493.1228
2025-10-07 09:33:45 [INFO] [task_scheduler.cc:131] [Task #0: main] Trial #535: GFLOPs: 4285.2258. Time: 2.9975 us. Best GFLOPs: 4493.1228
2025-10-07 09:33:45 [INFO] [task_scheduler.cc:131] [Task #0: main] Trial #536: GFLOPs: 4291.2875. Time: 2.9933 us. Best GFLOPs: 4493.1228
2025-10-07 09:33:45 [INFO] [task_scheduler.cc:131] [Task #0: main] Trial #537: GFLOPs: 3606.2965. Time: 3.5618 us. Best GFLOPs: 4493.1228
2025-10-07 09:33:45 [INFO] [task_scheduler.cc:131] [Task #0: main] Trial #538: GFLOPs: 4320.7555. Time: 2.9729 us. Best GFLOPs: 4493.1228
2025-10-07 09:33:45 [INFO] [task_scheduler.cc:131] [Task #0: main] Trial #539: GFLOPs: 4506.9340. Time: 2.8501 us. Best GFLOPs: 4506.9340
2025-10-07 09:33:45 [INFO] [task_scheduler.cc:131] [Task #0: main] Trial #540: GFLOPs: 4318.6145. Time: 2.9743 us. Best GFLOPs: 4506.9340
2025-10-07 09:33:45 [INFO] [task_scheduler.cc:131] [Task #0: main] Trial #541: GFLOPs: 4201.3753. Time: 3.0573 us. Best GFLOPs: 4506.9340
2025-10-07 09:33:45 [INFO] [task_scheduler.cc:131] [Task #0: main] Trial #542: GFLOPs: 3868.7470. Time: 3.3202 us. Best GFLOPs: 4506.9340
2025-10-07 09:33:45 [INFO] [task_scheduler.cc:131] [Task #0: main] Trial #543: GFLOPs: 3974.6886. Time: 3.2317 us. Best GFLOPs: 4506.9340
2025-10-07 09:33:45 [INFO] [task_scheduler.cc:131] [Task #0: main] Trial #544: GFLOPs: 3838.7733. Time: 3.3461 us. Best GFLOPs: 4506.9340
2025-10-07 09:33:45 [INFO] [task_scheduler.cc:131] [Task #0: main] Trial #545: GFLOPs: 3844.9854. Time: 3.3407 us. Best GFLOPs: 4506.9340
2025-10-07 09:33:45 [INFO] [task_scheduler.cc:131] [Task #0: main] Trial #546: GFLOPs: 3552.5638. Time: 3.6157 us. Best GFLOPs: 4506.9340
2025-10-07 09:33:45 [INFO] [task_scheduler.cc:131] [Task #0: main] Trial #547: GFLOPs: 4318.9533. Time: 2.9741 us. Best GFLOPs: 4506.9340
2025-10-07 09:33:45 [INFO] [task_scheduler.cc:131] [Task #0: main] Trial #548: GFLOPs: 3545.8215. Time: 3.6226 us. Best GFLOPs: 4506.9340
2025-10-07 09:33:45 [INFO] [task_scheduler.cc:131] [Task #0: main] Trial #549: GFLOPs: 4190.1569. Time: 3.0655 us. Best GFLOPs: 4506.9340
2025-10-07 09:33:45 [INFO] [task_scheduler.cc:131] [Task #0: main] Trial #550: GFLOPs: 3848.2427. Time: 3.3379 us. Best GFLOPs: 4506.9340
2025-10-07 09:33:45 [INFO] [task_scheduler.cc:131] [Task #0: main] Trial #551: GFLOPs: 3922.5397. Time: 3.2747 us. Best GFLOPs: 4506.9340
2025-10-07 09:33:45 [INFO] [task_scheduler.cc:131] [Task #0: main] Trial #552: GFLOPs: 3840.4652. Time: 3.3447 us. Best GFLOPs: 4506.9340
2025-10-07 09:33:45 [INFO] [task_scheduler.cc:131] [Task #0: main] Trial #553: GFLOPs: 4305.9107. Time: 2.9831 us. Best GFLOPs: 4506.9340
2025-10-07 09:33:45 [INFO] [task_scheduler.cc:131] [Task #0: main] Trial #554: GFLOPs: 4068.3649. Time: 3.1573 us. Best GFLOPs: 4506.9340
2025-10-07 09:33:45 [INFO] [task_scheduler.cc:131] [Task #0: main] Trial #555: GFLOPs: 4193.9236. Time: 3.0628 us. Best GFLOPs: 4506.9340
2025-10-07 09:33:45 [INFO] [task_scheduler.cc:131] [Task #0: main] Trial #556: GFLOPs: 4198.9193. Time: 3.0591 us. Best GFLOPs: 4506.9340
2025-10-07 09:33:45 [INFO] [task_scheduler.cc:131] [Task #0: main] Trial #557: GFLOPs: 2898.1307. Time: 4.4322 us. Best GFLOPs: 4506.9340
2025-10-07 09:33:45 [INFO] [task_scheduler.cc:131] [Task #0: main] Trial #558: GFLOPs: 3165.2581. Time: 4.0581 us. Best GFLOPs: 4506.9340
2025-10-07 09:33:45 [INFO] [task_scheduler.cc:131] [Task #0: main] Trial #559: GFLOPs: 4183.5369. Time: 3.0704 us. Best GFLOPs: 4506.9340
2025-10-07 09:33:45 [INFO] [task_scheduler.cc:131] [Task #0: main] Trial #560: GFLOPs: 3499.9276. Time: 3.6701 us. Best GFLOPs: 4506.9340
2025-10-07 09:33:45 [INFO] [task_scheduler.cc:131] [Task #0: main] Trial #561: GFLOPs: 4320.7966. Time: 2.9728 us. Best GFLOPs: 4506.9340
2025-10-07 09:33:45 [INFO] [task_scheduler.cc:131] [Task #0: main] Trial #562: GFLOPs: 4192.6364. Time: 3.0637 us. Best GFLOPs: 4506.9340
2025-10-07 09:33:45 [INFO] [task_scheduler.cc:131] [Task #0: main] Trial #563: GFLOPs: 4110.7418. Time: 3.1248 us. Best GFLOPs: 4506.9340
2025-10-07 09:33:45 [INFO] [task_scheduler.cc:131] [Task #0: main] Trial #564: GFLOPs: 3832.6947. Time: 3.3514 us. Best GFLOPs: 4506.9340
2025-10-07 09:33:45 [INFO] [task_scheduler.cc:131] [Task #0: main] Trial #565: GFLOPs: 3555.4872. Time: 3.6127 us. Best GFLOPs: 4506.9340
2025-10-07 09:33:45 [INFO] [task_scheduler.cc:131] [Task #0: main] Trial #566: GFLOPs: 4016.0389. Time: 3.1984 us. Best GFLOPs: 4506.9340
2025-10-07 09:33:45 [INFO] [task_scheduler.cc:131] [Task #0: main] Trial #567: GFLOPs: 4332.9591. Time: 2.9645 us. Best GFLOPs: 4506.9340
2025-10-07 09:33:45 [INFO] [task_scheduler.cc:131] [Task #0: main] Trial #568: GFLOPs: 3540.3278. Time: 3.6282 us. Best GFLOPs: 4506.9340
2025-10-07 09:33:45 [INFO] [task_scheduler.cc:131] [Task #0: main] Trial #569: GFLOPs: 3701.0639. Time: 3.4706 us. Best GFLOPs: 4506.9340
2025-10-07 09:33:45 [INFO] [task_scheduler.cc:131] [Task #0: main] Trial #570: GFLOPs: 3232.3175. Time: 3.9739 us. Best GFLOPs: 4506.9340
2025-10-07 09:33:45 [INFO] [task_scheduler.cc:131] [Task #0: main] Trial #571: GFLOPs: 3422.6059. Time: 3.7530 us. Best GFLOPs: 4506.9340
2025-10-07 09:33:45 [INFO] [task_scheduler.cc:131] [Task #0: main] Trial #572: GFLOPs: 4305.6860. Time: 2.9833 us. Best GFLOPs: 4506.9340
2025-10-07 09:33:45 [INFO] [task_scheduler.cc:131] [Task #0: main] Trial #573: GFLOPs: 3725.0551. Time: 3.4483 us. Best GFLOPs: 4506.9340
2025-10-07 09:33:45 [INFO] [task_scheduler.cc:131] [Task #0: main] Trial #574: GFLOPs: 2478.4123. Time: 5.1828 us. Best GFLOPs: 4506.9340
2025-10-07 09:33:45 [INFO] [task_scheduler.cc:131] [Task #0: main] Trial #575: GFLOPs: 1388.6399. Time: 9.2501 us. Best GFLOPs: 4506.9340
2025-10-07 09:33:45 [INFO] [task_scheduler.cc:131] [Task #0: main] Trial #576: GFLOPs: 1047.9555. Time: 12.2573 us. Best GFLOPs: 4506.9340
2025-10-07 09:33:45 [INFO] [evolutionary_search.cc:713] Generating candidates......
2025-10-07 09:33:46 [INFO] [evolutionary_search.cc:715] Picked top 102 candidate(s) from database
2025-10-07 09:33:49 [INFO] [evolutionary_search.cc:533] Sample-Init-Population summary:
Postproc #0 [meta_schedule.DisallowDynamicLoop(0x1078b738)]: 0 failure(s)
Postproc #1 [meta_schedule.RewriteCooperativeFetch(0x10c5e018)]: 0 failure(s)
Postproc #2 [meta_schedule.RewriteUnboundBlock(0x1096b2a8)]: 0 failure(s)
Postproc #3 [meta_schedule.RewriteParallelVectorizeUnroll(0x106bee48)]: 0 failure(s)
Postproc #4 [meta_schedule.RewriteReductionBlock(0xe624028)]: 0 failure(s)
Postproc #5 [meta_schedule.VerifyGPUCode(0x1118ae28)]: 265 failure(s)
Postproc #6 [meta_schedule.RewriteTensorize(0x109d42a8)]: 0 failure(s)
2025-10-07 09:33:49 [INFO] [evolutionary_search.cc:723] Sampled 145 candidate(s)
2025-10-07 09:33:55 [INFO] [evolutionary_search.cc:621] Evolve iter #0 done. Summary:
Postproc #0 [meta_schedule.DisallowDynamicLoop(0x1078b738)]: 0 failure(s)
Postproc #1 [meta_schedule.RewriteCooperativeFetch(0x10c5e018)]: 0 failure(s)
Postproc #2 [meta_schedule.RewriteUnboundBlock(0x1096b2a8)]: 0 failure(s)
Postproc #3 [meta_schedule.RewriteParallelVectorizeUnroll(0x106bee48)]: 0 failure(s)
Postproc #4 [meta_schedule.RewriteReductionBlock(0xe624028)]: 0 failure(s)
Postproc #5 [meta_schedule.VerifyGPUCode(0x1118ae28)]: 71 failure(s)
Postproc #6 [meta_schedule.RewriteTensorize(0x109d42a8)]: 0 failure(s)
2025-10-07 09:34:02 [INFO] [evolutionary_search.cc:621] Evolve iter #1 done. Summary:
Postproc #0 [meta_schedule.DisallowDynamicLoop(0x1078b738)]: 0 failure(s)
Postproc #1 [meta_schedule.RewriteCooperativeFetch(0x10c5e018)]: 0 failure(s)
Postproc #2 [meta_schedule.RewriteUnboundBlock(0x1096b2a8)]: 0 failure(s)
Postproc #3 [meta_schedule.RewriteParallelVectorizeUnroll(0x106bee48)]: 0 failure(s)
Postproc #4 [meta_schedule.RewriteReductionBlock(0xe624028)]: 0 failure(s)
Postproc #5 [meta_schedule.VerifyGPUCode(0x1118ae28)]: 66 failure(s)
Postproc #6 [meta_schedule.RewriteTensorize(0x109d42a8)]: 0 failure(s)
2025-10-07 09:34:09 [INFO] [evolutionary_search.cc:621] Evolve iter #2 done. Summary:
Postproc #0 [meta_schedule.DisallowDynamicLoop(0x1078b738)]: 0 failure(s)
Postproc #1 [meta_schedule.RewriteCooperativeFetch(0x10c5e018)]: 0 failure(s)
Postproc #2 [meta_schedule.RewriteUnboundBlock(0x1096b2a8)]: 0 failure(s)
Postproc #3 [meta_schedule.RewriteParallelVectorizeUnroll(0x106bee48)]: 0 failure(s)
Postproc #4 [meta_schedule.RewriteReductionBlock(0xe624028)]: 0 failure(s)
Postproc #5 [meta_schedule.VerifyGPUCode(0x1118ae28)]: 80 failure(s)
Postproc #6 [meta_schedule.RewriteTensorize(0x109d42a8)]: 0 failure(s)
2025-10-07 09:34:16 [INFO] [evolutionary_search.cc:621] Evolve iter #3 done. Summary:
Postproc #0 [meta_schedule.DisallowDynamicLoop(0x1078b738)]: 0 failure(s)
Postproc #1 [meta_schedule.RewriteCooperativeFetch(0x10c5e018)]: 0 failure(s)
Postproc #2 [meta_schedule.RewriteUnboundBlock(0x1096b2a8)]: 0 failure(s)
Postproc #3 [meta_schedule.RewriteParallelVectorizeUnroll(0x106bee48)]: 0 failure(s)
Postproc #4 [meta_schedule.RewriteReductionBlock(0xe624028)]: 0 failure(s)
Postproc #5 [meta_schedule.VerifyGPUCode(0x1118ae28)]: 68 failure(s)
Postproc #6 [meta_schedule.RewriteTensorize(0x109d42a8)]: 0 failure(s)
2025-10-07 09:34:18 [INFO] [evolutionary_search.cc:649] Scores of the best 64 candidates:
[1 : 16]:	0.9518  0.9472  0.9471  0.9437  0.9414  0.9414  0.9414  0.9408  0.9384  0.9294  0.9265  0.9265  0.9253  0.9253  0.9232  0.9218
[17 : 32]:	0.9215  0.9214  0.9199  0.9169  0.9166  0.9157  0.9155  0.9150  0.9145  0.9145  0.9143  0.9143  0.9143  0.9141  0.9137  0.9129
[33 : 48]:	0.9128  0.9127  0.9126  0.9117  0.9117  0.9117  0.9113  0.9107  0.9098  0.9097  0.9095  0.9095  0.9093  0.9081  0.9080  0.9073
[49 : 64]:	0.9073  0.9073  0.9071  0.9071  0.9067  0.9061  0.9058  0.9058  0.9058  0.9045  0.9044  0.9043  0.9043  0.9043  0.9041  0.9036
2025-10-07 09:34:19 [INFO] [evolutionary_search.cc:727] Got 64 candidate(s) with evolutionary search
2025-10-07 09:34:19 [INFO] [evolutionary_search.cc:730] Sending 64 candidates(s) for measurement
2025-10-07 09:34:46 [INFO] [task_scheduler.cc:131] [Task #0: main] Trial #577: GFLOPs: 4144.4323. Time: 3.0994 us. Best GFLOPs: 4506.9340
2025-10-07 09:34:46 [INFO] [task_scheduler.cc:131] [Task #0: main] Trial #578: GFLOPs: 3827.1802. Time: 3.3563 us. Best GFLOPs: 4506.9340
2025-10-07 09:34:46 [INFO] [task_scheduler.cc:131] [Task #0: main] Trial #579: GFLOPs: 4045.3548. Time: 3.1753 us. Best GFLOPs: 4506.9340
2025-10-07 09:34:46 [INFO] [task_scheduler.cc:131] [Task #0: main] Trial #580: GFLOPs: 3656.3795. Time: 3.5131 us. Best GFLOPs: 4506.9340
2025-10-07 09:34:46 [INFO] [task_scheduler.cc:131] [Task #0: main] Trial #581: GFLOPs: 3718.2368. Time: 3.4546 us. Best GFLOPs: 4506.9340
2025-10-07 09:34:46 [INFO] [task_scheduler.cc:131] [Task #0: main] Trial #582: GFLOPs: 4382.9929. Time: 2.9307 us. Best GFLOPs: 4506.9340
2025-10-07 09:34:46 [INFO] [task_scheduler.cc:131] [Task #0: main] Trial #583: GFLOPs: 3658.7764. Time: 3.5108 us. Best GFLOPs: 4506.9340
2025-10-07 09:34:46 [INFO] [task_scheduler.cc:131] [Task #0: main] Trial #584: GFLOPs: 4149.3460. Time: 3.0957 us. Best GFLOPs: 4506.9340
2025-10-07 09:34:46 [INFO] [task_scheduler.cc:131] [Task #0: main] Trial #585: GFLOPs: 4382.8084. Time: 2.9308 us. Best GFLOPs: 4506.9340
2025-10-07 09:34:46 [INFO] [task_scheduler.cc:131] [Task #0: main] Trial #586: GFLOPs: 4406.3992. Time: 2.9151 us. Best GFLOPs: 4506.9340
2025-10-07 09:34:46 [INFO] [task_scheduler.cc:131] [Task #0: main] Trial #587: GFLOPs: 4413.7958. Time: 2.9102 us. Best GFLOPs: 4506.9340
2025-10-07 09:34:46 [INFO] [task_scheduler.cc:131] [Task #0: main] Trial #588: GFLOPs: 3884.2291. Time: 3.3070 us. Best GFLOPs: 4506.9340
2025-10-07 09:34:46 [INFO] [task_scheduler.cc:131] [Task #0: main] Trial #589: GFLOPs: 3465.3833. Time: 3.7067 us. Best GFLOPs: 4506.9340
2025-10-07 09:34:46 [INFO] [task_scheduler.cc:131] [Task #0: main] Trial #590: GFLOPs: 3988.3051. Time: 3.2207 us. Best GFLOPs: 4506.9340
2025-10-07 09:34:46 [INFO] [task_scheduler.cc:131] [Task #0: main] Trial #591: GFLOPs: 4239.3033. Time: 3.0300 us. Best GFLOPs: 4506.9340
2025-10-07 09:34:46 [INFO] [task_scheduler.cc:131] [Task #0: main] Trial #592: GFLOPs: 4181.2069. Time: 3.0721 us. Best GFLOPs: 4506.9340
2025-10-07 09:34:46 [INFO] [task_scheduler.cc:131] [Task #0: main] Trial #593: GFLOPs: 3736.7483. Time: 3.4375 us. Best GFLOPs: 4506.9340
2025-10-07 09:34:46 [INFO] [task_scheduler.cc:131] [Task #0: main] Trial #594: GFLOPs: 3563.4287. Time: 3.6047 us. Best GFLOPs: 4506.9340
2025-10-07 09:34:46 [INFO] [task_scheduler.cc:131] [Task #0: main] Trial #595: GFLOPs: 4236.8322. Time: 3.0318 us. Best GFLOPs: 4506.9340
2025-10-07 09:34:46 [INFO] [task_scheduler.cc:131] [Task #0: main] Trial #596: GFLOPs: 3741.0954. Time: 3.4335 us. Best GFLOPs: 4506.9340
2025-10-07 09:34:46 [INFO] [task_scheduler.cc:131] [Task #0: main] Trial #597: GFLOPs: 4021.1924. Time: 3.1943 us. Best GFLOPs: 4506.9340
2025-10-07 09:34:46 [INFO] [task_scheduler.cc:131] [Task #0: main] Trial #598: GFLOPs: 4391.6816. Time: 2.9249 us. Best GFLOPs: 4506.9340
2025-10-07 09:34:46 [INFO] [task_scheduler.cc:131] [Task #0: main] Trial #599: GFLOPs: 4074.2648. Time: 3.1527 us. Best GFLOPs: 4506.9340
2025-10-07 09:34:46 [INFO] [task_scheduler.cc:131] [Task #0: main] Trial #600: GFLOPs: 4062.4900. Time: 3.1619 us. Best GFLOPs: 4506.9340
2025-10-07 09:34:46 [INFO] [task_scheduler.cc:131] [Task #0: main] Trial #601: GFLOPs: 4115.9279. Time: 3.1208 us. Best GFLOPs: 4506.9340
2025-10-07 09:34:46 [INFO] [task_scheduler.cc:131] [Task #0: main] Trial #602: GFLOPs: 3748.1722. Time: 3.4270 us. Best GFLOPs: 4506.9340
2025-10-07 09:34:46 [INFO] [task_scheduler.cc:131] [Task #0: main] Trial #603: GFLOPs: 4470.7996. Time: 2.8731 us. Best GFLOPs: 4506.9340
2025-10-07 09:34:46 [INFO] [task_scheduler.cc:131] [Task #0: main] Trial #604: GFLOPs: 4489.5684. Time: 2.8611 us. Best GFLOPs: 4506.9340
2025-10-07 09:34:46 [INFO] [task_scheduler.cc:131] [Task #0: main] Trial #605: GFLOPs: 4001.0964. Time: 3.2104 us. Best GFLOPs: 4506.9340
2025-10-07 09:34:46 [INFO] [task_scheduler.cc:131] [Task #0: main] Trial #606: GFLOPs: 4070.2826. Time: 3.1558 us. Best GFLOPs: 4506.9340
2025-10-07 09:34:46 [INFO] [task_scheduler.cc:131] [Task #0: main] Trial #607: GFLOPs: 3053.9378. Time: 4.2061 us. Best GFLOPs: 4506.9340
2025-10-07 09:34:46 [INFO] [task_scheduler.cc:131] [Task #0: main] Trial #608: GFLOPs: 4060.9213. Time: 3.1631 us. Best GFLOPs: 4506.9340
2025-10-07 09:34:46 [INFO] [task_scheduler.cc:131] [Task #0: main] Trial #609: GFLOPs: 3847.8868. Time: 3.3382 us. Best GFLOPs: 4506.9340
2025-10-07 09:34:46 [INFO] [task_scheduler.cc:131] [Task #0: main] Trial #610: GFLOPs: 4204.4073. Time: 3.0551 us. Best GFLOPs: 4506.9340
2025-10-07 09:34:46 [INFO] [task_scheduler.cc:131] [Task #0: main] Trial #611: GFLOPs: 3782.2457. Time: 3.3961 us. Best GFLOPs: 4506.9340
2025-10-07 09:34:46 [INFO] [task_scheduler.cc:131] [Task #0: main] Trial #612: GFLOPs: 4118.8421. Time: 3.1186 us. Best GFLOPs: 4506.9340
2025-10-07 09:34:46 [INFO] [task_scheduler.cc:131] [Task #0: main] Trial #613: GFLOPs: 3573.5030. Time: 3.5945 us. Best GFLOPs: 4506.9340
2025-10-07 09:34:46 [INFO] [task_scheduler.cc:131] [Task #0: main] Trial #614: GFLOPs: 3932.2494. Time: 3.2666 us. Best GFLOPs: 4506.9340
2025-10-07 09:34:46 [INFO] [task_scheduler.cc:131] [Task #0: main] Trial #615: GFLOPs: 3670.7646. Time: 3.4993 us. Best GFLOPs: 4506.9340
2025-10-07 09:34:46 [INFO] [task_scheduler.cc:131] [Task #0: main] Trial #616: GFLOPs: 3687.0245. Time: 3.4839 us. Best GFLOPs: 4506.9340
2025-10-07 09:34:46 [INFO] [task_scheduler.cc:131] [Task #0: main] Trial #617: GFLOPs: 3776.9143. Time: 3.4009 us. Best GFLOPs: 4506.9340
2025-10-07 09:34:46 [INFO] [task_scheduler.cc:131] [Task #0: main] Trial #618: GFLOPs: 4039.0757. Time: 3.1802 us. Best GFLOPs: 4506.9340
2025-10-07 09:34:46 [INFO] [task_scheduler.cc:131] [Task #0: main] Trial #619: GFLOPs: 4331.7107. Time: 2.9654 us. Best GFLOPs: 4506.9340
2025-10-07 09:34:46 [INFO] [task_scheduler.cc:131] [Task #0: main] Trial #620: GFLOPs: 3451.8593. Time: 3.7212 us. Best GFLOPs: 4506.9340
2025-10-07 09:34:46 [INFO] [task_scheduler.cc:131] [Task #0: main] Trial #621: GFLOPs: 4183.1584. Time: 3.0707 us. Best GFLOPs: 4506.9340
2025-10-07 09:34:46 [INFO] [task_scheduler.cc:131] [Task #0: main] Trial #622: GFLOPs: 4163.4395. Time: 3.0852 us. Best GFLOPs: 4506.9340
2025-10-07 09:34:46 [INFO] [task_scheduler.cc:131] [Task #0: main] Trial #623: GFLOPs: 4252.2646. Time: 3.0208 us. Best GFLOPs: 4506.9340
2025-10-07 09:34:46 [INFO] [task_scheduler.cc:131] [Task #0: main] Trial #624: GFLOPs: 3842.8298. Time: 3.3426 us. Best GFLOPs: 4506.9340
2025-10-07 09:34:46 [INFO] [task_scheduler.cc:131] [Task #0: main] Trial #625: GFLOPs: 4321.4466. Time: 2.9724 us. Best GFLOPs: 4506.9340
2025-10-07 09:34:46 [INFO] [task_scheduler.cc:131] [Task #0: main] Trial #626: GFLOPs: 3797.3437. Time: 3.3826 us. Best GFLOPs: 4506.9340
2025-10-07 09:34:46 [INFO] [task_scheduler.cc:131] [Task #0: main] Trial #627: GFLOPs: 3443.9468. Time: 3.7297 us. Best GFLOPs: 4506.9340
2025-10-07 09:34:46 [INFO] [task_scheduler.cc:131] [Task #0: main] Trial #628: GFLOPs: 4143.8488. Time: 3.0998 us. Best GFLOPs: 4506.9340
2025-10-07 09:34:46 [INFO] [task_scheduler.cc:131] [Task #0: main] Trial #629: GFLOPs: 4055.4335. Time: 3.1674 us. Best GFLOPs: 4506.9340
2025-10-07 09:34:46 [INFO] [task_scheduler.cc:131] [Task #0: main] Trial #630: GFLOPs: 4230.5588. Time: 3.0363 us. Best GFLOPs: 4506.9340
2025-10-07 09:34:46 [INFO] [task_scheduler.cc:131] [Task #0: main] Trial #631: GFLOPs: 4357.6630. Time: 2.9477 us. Best GFLOPs: 4506.9340
2025-10-07 09:34:46 [INFO] [task_scheduler.cc:131] [Task #0: main] Trial #632: GFLOPs: 3696.6253. Time: 3.4748 us. Best GFLOPs: 4506.9340
2025-10-07 09:34:46 [INFO] [task_scheduler.cc:131] [Task #0: main] Trial #633: GFLOPs: 4307.2359. Time: 2.9822 us. Best GFLOPs: 4506.9340
2025-10-07 09:34:46 [INFO] [task_scheduler.cc:131] [Task #0: main] Trial #634: GFLOPs: 4318.5519. Time: 2.9744 us. Best GFLOPs: 4506.9340
2025-10-07 09:34:46 [INFO] [task_scheduler.cc:131] [Task #0: main] Trial #635: GFLOPs: 3992.1090. Time: 3.2176 us. Best GFLOPs: 4506.9340
2025-10-07 09:34:46 [INFO] [task_scheduler.cc:131] [Task #0: main] Trial #636: GFLOPs: 4375.8223. Time: 2.9355 us. Best GFLOPs: 4506.9340
2025-10-07 09:34:46 [INFO] [task_scheduler.cc:131] [Task #0: main] Trial #637: GFLOPs: 3875.4078. Time: 3.3145 us. Best GFLOPs: 4506.9340
2025-10-07 09:34:46 [INFO] [task_scheduler.cc:131] [Task #0: main] Trial #638: GFLOPs: 2671.0226. Time: 4.8090 us. Best GFLOPs: 4506.9340
2025-10-07 09:34:46 [INFO] [task_scheduler.cc:131] [Task #0: main] Trial #639: GFLOPs: 3759.0980. Time: 3.4171 us. Best GFLOPs: 4506.9340
2025-10-07 09:34:46 [INFO] [task_scheduler.cc:131] [Task #0: main] Trial #640: GFLOPs: 2927.4284. Time: 4.3878 us. Best GFLOPs: 4506.9340
2025-10-07 09:34:46 [INFO] [evolutionary_search.cc:713] Generating candidates......
2025-10-07 09:34:47 [INFO] [evolutionary_search.cc:715] Picked top 102 candidate(s) from database
2025-10-07 09:34:51 [INFO] [evolutionary_search.cc:533] Sample-Init-Population summary:
Postproc #0 [meta_schedule.DisallowDynamicLoop(0x1078b738)]: 0 failure(s)
Postproc #1 [meta_schedule.RewriteCooperativeFetch(0x10c5e018)]: 0 failure(s)
Postproc #2 [meta_schedule.RewriteUnboundBlock(0x1096b2a8)]: 0 failure(s)
Postproc #3 [meta_schedule.RewriteParallelVectorizeUnroll(0x106bee48)]: 0 failure(s)
Postproc #4 [meta_schedule.RewriteReductionBlock(0xe624028)]: 0 failure(s)
Postproc #5 [meta_schedule.VerifyGPUCode(0x1118ae28)]: 269 failure(s)
Postproc #6 [meta_schedule.RewriteTensorize(0x109d42a8)]: 0 failure(s)
2025-10-07 09:34:51 [INFO] [evolutionary_search.cc:723] Sampled 141 candidate(s)
2025-10-07 09:34:57 [INFO] [evolutionary_search.cc:621] Evolve iter #0 done. Summary:
Postproc #0 [meta_schedule.DisallowDynamicLoop(0x1078b738)]: 0 failure(s)
Postproc #1 [meta_schedule.RewriteCooperativeFetch(0x10c5e018)]: 0 failure(s)
Postproc #2 [meta_schedule.RewriteUnboundBlock(0x1096b2a8)]: 0 failure(s)
Postproc #3 [meta_schedule.RewriteParallelVectorizeUnroll(0x106bee48)]: 0 failure(s)
Postproc #4 [meta_schedule.RewriteReductionBlock(0xe624028)]: 0 failure(s)
Postproc #5 [meta_schedule.VerifyGPUCode(0x1118ae28)]: 85 failure(s)
Postproc #6 [meta_schedule.RewriteTensorize(0x109d42a8)]: 0 failure(s)
2025-10-07 09:35:04 [INFO] [evolutionary_search.cc:621] Evolve iter #1 done. Summary:
Postproc #0 [meta_schedule.DisallowDynamicLoop(0x1078b738)]: 0 failure(s)
Postproc #1 [meta_schedule.RewriteCooperativeFetch(0x10c5e018)]: 0 failure(s)
Postproc #2 [meta_schedule.RewriteUnboundBlock(0x1096b2a8)]: 0 failure(s)
Postproc #3 [meta_schedule.RewriteParallelVectorizeUnroll(0x106bee48)]: 0 failure(s)
Postproc #4 [meta_schedule.RewriteReductionBlock(0xe624028)]: 0 failure(s)
Postproc #5 [meta_schedule.VerifyGPUCode(0x1118ae28)]: 77 failure(s)
Postproc #6 [meta_schedule.RewriteTensorize(0x109d42a8)]: 0 failure(s)
2025-10-07 09:35:10 [INFO] [evolutionary_search.cc:621] Evolve iter #2 done. Summary:
Postproc #0 [meta_schedule.DisallowDynamicLoop(0x1078b738)]: 0 failure(s)
Postproc #1 [meta_schedule.RewriteCooperativeFetch(0x10c5e018)]: 0 failure(s)
Postproc #2 [meta_schedule.RewriteUnboundBlock(0x1096b2a8)]: 0 failure(s)
Postproc #3 [meta_schedule.RewriteParallelVectorizeUnroll(0x106bee48)]: 0 failure(s)
Postproc #4 [meta_schedule.RewriteReductionBlock(0xe624028)]: 0 failure(s)
Postproc #5 [meta_schedule.VerifyGPUCode(0x1118ae28)]: 70 failure(s)
Postproc #6 [meta_schedule.RewriteTensorize(0x109d42a8)]: 0 failure(s)
2025-10-07 09:35:17 [INFO] [evolutionary_search.cc:621] Evolve iter #3 done. Summary:
Postproc #0 [meta_schedule.DisallowDynamicLoop(0x1078b738)]: 0 failure(s)
Postproc #1 [meta_schedule.RewriteCooperativeFetch(0x10c5e018)]: 0 failure(s)
Postproc #2 [meta_schedule.RewriteUnboundBlock(0x1096b2a8)]: 0 failure(s)
Postproc #3 [meta_schedule.RewriteParallelVectorizeUnroll(0x106bee48)]: 0 failure(s)
Postproc #4 [meta_schedule.RewriteReductionBlock(0xe624028)]: 0 failure(s)
Postproc #5 [meta_schedule.VerifyGPUCode(0x1118ae28)]: 69 failure(s)
Postproc #6 [meta_schedule.RewriteTensorize(0x109d42a8)]: 0 failure(s)
2025-10-07 09:35:19 [INFO] [evolutionary_search.cc:649] Scores of the best 64 candidates:
[1 : 16]:	0.9469  0.9386  0.9374  0.9374  0.9374  0.9348  0.9341  0.9321  0.9284  0.9281  0.9278  0.9272  0.9258  0.9240  0.9235  0.9232
[17 : 32]:	0.9232  0.9231  0.9224  0.9211  0.9190  0.9183  0.9182  0.9167  0.9167  0.9165  0.9163  0.9163  0.9161  0.9157  0.9157  0.9142
[33 : 48]:	0.9142  0.9141  0.9135  0.9134  0.9133  0.9126  0.9112  0.9107  0.9100  0.9100  0.9080  0.9080  0.9080  0.9074  0.9070  0.9051
[49 : 64]:	0.9045  0.9041  0.9041  0.9041  0.9040  0.9025  0.9025  0.9025  0.9025  0.9024  0.9019  0.9019  0.9019  0.9019  0.9017  0.9017
2025-10-07 09:35:19 [INFO] [evolutionary_search.cc:727] Got 64 candidate(s) with evolutionary search
2025-10-07 09:35:19 [INFO] [evolutionary_search.cc:730] Sending 64 candidates(s) for measurement
2025-10-07 09:35:47 [INFO] [task_scheduler.cc:131] [Task #0: main] Trial #641: GFLOPs: 4338.4922. Time: 2.9607 us. Best GFLOPs: 4506.9340
2025-10-07 09:35:47 [INFO] [task_scheduler.cc:131] [Task #0: main] Trial #642: GFLOPs: 3360.7707. Time: 3.8221 us. Best GFLOPs: 4506.9340
2025-10-07 09:35:47 [INFO] [task_scheduler.cc:131] [Task #0: main] Trial #643: GFLOPs: 3900.8219. Time: 3.2929 us. Best GFLOPs: 4506.9340
2025-10-07 09:35:47 [INFO] [task_scheduler.cc:131] [Task #0: main] Trial #644: GFLOPs: 3713.5218. Time: 3.4590 us. Best GFLOPs: 4506.9340
2025-10-07 09:35:47 [INFO] [task_scheduler.cc:131] [Task #0: main] Trial #645: GFLOPs: 3357.0544. Time: 3.8263 us. Best GFLOPs: 4506.9340
2025-10-07 09:35:47 [INFO] [task_scheduler.cc:131] [Task #0: main] Trial #646: GFLOPs: 4043.7997. Time: 3.1765 us. Best GFLOPs: 4506.9340
2025-10-07 09:35:47 [INFO] [task_scheduler.cc:131] [Task #0: main] Trial #647: GFLOPs: 3763.3123. Time: 3.4132 us. Best GFLOPs: 4506.9340
2025-10-07 09:35:47 [INFO] [task_scheduler.cc:131] [Task #0: main] Trial #648: GFLOPs: 4080.6876. Time: 3.1478 us. Best GFLOPs: 4506.9340
2025-10-07 09:35:47 [INFO] [task_scheduler.cc:131] [Task #0: main] Trial #649: GFLOPs: 3888.9691. Time: 3.3029 us. Best GFLOPs: 4506.9340
2025-10-07 09:35:47 [INFO] [task_scheduler.cc:131] [Task #0: main] Trial #650: GFLOPs: 4384.9445. Time: 2.9294 us. Best GFLOPs: 4506.9340
2025-10-07 09:35:47 [INFO] [task_scheduler.cc:131] [Task #0: main] Trial #651: GFLOPs: 4226.0425. Time: 3.0395 us. Best GFLOPs: 4506.9340
2025-10-07 09:35:47 [INFO] [task_scheduler.cc:131] [Task #0: main] Trial #652: GFLOPs: 4271.9457. Time: 3.0068 us. Best GFLOPs: 4506.9340
2025-10-07 09:35:47 [INFO] [task_scheduler.cc:131] [Task #0: main] Trial #653: GFLOPs: 4379.9790. Time: 2.9327 us. Best GFLOPs: 4506.9340
2025-10-07 09:35:47 [INFO] [task_scheduler.cc:131] [Task #0: main] Trial #654: GFLOPs: 4221.1746. Time: 3.0430 us. Best GFLOPs: 4506.9340
2025-10-07 09:35:47 [INFO] [task_scheduler.cc:131] [Task #0: main] Trial #655: GFLOPs: 3311.3757. Time: 3.8791 us. Best GFLOPs: 4506.9340
2025-10-07 09:35:47 [INFO] [task_scheduler.cc:131] [Task #0: main] Trial #656: GFLOPs: 3642.2031. Time: 3.5267 us. Best GFLOPs: 4506.9340
2025-10-07 09:35:47 [INFO] [task_scheduler.cc:131] [Task #0: main] Trial #657: GFLOPs: 3446.9168. Time: 3.7265 us. Best GFLOPs: 4506.9340
2025-10-07 09:35:47 [INFO] [task_scheduler.cc:131] [Task #0: main] Trial #658: GFLOPs: 4072.4175. Time: 3.1542 us. Best GFLOPs: 4506.9340
2025-10-07 09:35:47 [INFO] [task_scheduler.cc:131] [Task #0: main] Trial #659: GFLOPs: 3460.9016. Time: 3.7115 us. Best GFLOPs: 4506.9340
2025-10-07 09:35:47 [INFO] [task_scheduler.cc:131] [Task #0: main] Trial #660: GFLOPs: 3356.8049. Time: 3.8266 us. Best GFLOPs: 4506.9340
2025-10-07 09:35:47 [INFO] [task_scheduler.cc:131] [Task #0: main] Trial #661: GFLOPs: 3929.7159. Time: 3.2687 us. Best GFLOPs: 4506.9340
2025-10-07 09:35:47 [INFO] [task_scheduler.cc:131] [Task #0: main] Trial #662: GFLOPs: 4056.9142. Time: 3.1662 us. Best GFLOPs: 4506.9340
2025-10-07 09:35:47 [INFO] [task_scheduler.cc:131] [Task #0: main] Trial #663: GFLOPs: 3953.8672. Time: 3.2487 us. Best GFLOPs: 4506.9340
2025-10-07 09:35:47 [INFO] [task_scheduler.cc:131] [Task #0: main] Trial #664: GFLOPs: 4199.2640. Time: 3.0589 us. Best GFLOPs: 4506.9340
2025-10-07 09:35:47 [INFO] [task_scheduler.cc:131] [Task #0: main] Trial #665: GFLOPs: 4101.2517. Time: 3.1320 us. Best GFLOPs: 4506.9340
2025-10-07 09:35:47 [INFO] [task_scheduler.cc:131] [Task #0: main] Trial #666: GFLOPs: 3396.7269. Time: 3.7816 us. Best GFLOPs: 4506.9340
2025-10-07 09:35:47 [INFO] [task_scheduler.cc:131] [Task #0: main] Trial #667: GFLOPs: 4001.4368. Time: 3.2101 us. Best GFLOPs: 4506.9340
2025-10-07 09:35:47 [INFO] [task_scheduler.cc:131] [Task #0: main] Trial #668: GFLOPs: 4034.8993. Time: 3.1835 us. Best GFLOPs: 4506.9340
2025-10-07 09:35:47 [INFO] [task_scheduler.cc:131] [Task #0: main] Trial #669: GFLOPs: 3872.2467. Time: 3.3172 us. Best GFLOPs: 4506.9340
2025-10-07 09:35:47 [INFO] [task_scheduler.cc:131] [Task #0: main] Trial #670: GFLOPs: 3543.1866. Time: 3.6253 us. Best GFLOPs: 4506.9340
2025-10-07 09:35:47 [INFO] [task_scheduler.cc:131] [Task #0: main] Trial #671: GFLOPs: 3849.2864. Time: 3.3370 us. Best GFLOPs: 4506.9340
2025-10-07 09:35:47 [INFO] [task_scheduler.cc:131] [Task #0: main] Trial #672: GFLOPs: 4392.5836. Time: 2.9243 us. Best GFLOPs: 4506.9340
2025-10-07 09:35:47 [INFO] [task_scheduler.cc:131] [Task #0: main] Trial #673: GFLOPs: 4263.9809. Time: 3.0125 us. Best GFLOPs: 4506.9340
2025-10-07 09:35:47 [INFO] [task_scheduler.cc:131] [Task #0: main] Trial #674: GFLOPs: 3638.3157. Time: 3.5305 us. Best GFLOPs: 4506.9340
2025-10-07 09:35:47 [INFO] [task_scheduler.cc:131] [Task #0: main] Trial #675: GFLOPs: 3679.8593. Time: 3.4906 us. Best GFLOPs: 4506.9340
2025-10-07 09:35:47 [INFO] [task_scheduler.cc:131] [Task #0: main] Trial #676: GFLOPs: 4054.0361. Time: 3.1685 us. Best GFLOPs: 4506.9340
2025-10-07 09:35:47 [INFO] [task_scheduler.cc:131] [Task #0: main] Trial #677: GFLOPs: 3975.9112. Time: 3.2307 us. Best GFLOPs: 4506.9340
2025-10-07 09:35:47 [INFO] [task_scheduler.cc:131] [Task #0: main] Trial #678: GFLOPs: 3863.0725. Time: 3.3251 us. Best GFLOPs: 4506.9340
2025-10-07 09:35:47 [INFO] [task_scheduler.cc:131] [Task #0: main] Trial #679: GFLOPs: 3506.2062. Time: 3.6635 us. Best GFLOPs: 4506.9340
2025-10-07 09:35:47 [INFO] [task_scheduler.cc:131] [Task #0: main] Trial #680: GFLOPs: 4395.5516. Time: 2.9223 us. Best GFLOPs: 4506.9340
2025-10-07 09:35:47 [INFO] [task_scheduler.cc:131] [Task #0: main] Trial #681: GFLOPs: 3888.0979. Time: 3.3037 us. Best GFLOPs: 4506.9340
2025-10-07 09:35:47 [INFO] [task_scheduler.cc:131] [Task #0: main] Trial #682: GFLOPs: 4066.2858. Time: 3.1589 us. Best GFLOPs: 4506.9340
2025-10-07 09:35:47 [INFO] [task_scheduler.cc:131] [Task #0: main] Trial #683: GFLOPs: 4164.9458. Time: 3.0841 us. Best GFLOPs: 4506.9340
2025-10-07 09:35:47 [INFO] [task_scheduler.cc:131] [Task #0: main] Trial #684: GFLOPs: 3614.9699. Time: 3.5533 us. Best GFLOPs: 4506.9340
2025-10-07 09:35:47 [INFO] [task_scheduler.cc:131] [Task #0: main] Trial #685: GFLOPs: 4100.0967. Time: 3.1329 us. Best GFLOPs: 4506.9340
2025-10-07 09:35:47 [INFO] [task_scheduler.cc:131] [Task #0: main] Trial #686: GFLOPs: 3637.0849. Time: 3.5317 us. Best GFLOPs: 4506.9340
2025-10-07 09:35:47 [INFO] [task_scheduler.cc:131] [Task #0: main] Trial #687: GFLOPs: 4341.7645. Time: 2.9585 us. Best GFLOPs: 4506.9340
2025-10-07 09:35:47 [INFO] [task_scheduler.cc:131] [Task #0: main] Trial #688: GFLOPs: 3750.2946. Time: 3.4251 us. Best GFLOPs: 4506.9340
2025-10-07 09:35:47 [INFO] [task_scheduler.cc:131] [Task #0: main] Trial #689: GFLOPs: 3495.1799. Time: 3.6751 us. Best GFLOPs: 4506.9340
2025-10-07 09:35:47 [INFO] [task_scheduler.cc:131] [Task #0: main] Trial #690: GFLOPs: 3937.7610. Time: 3.2620 us. Best GFLOPs: 4506.9340
2025-10-07 09:35:47 [INFO] [task_scheduler.cc:131] [Task #0: main] Trial #691: GFLOPs: 2138.7235. Time: 6.0059 us. Best GFLOPs: 4506.9340
2025-10-07 09:35:47 [INFO] [task_scheduler.cc:131] [Task #0: main] Trial #692: GFLOPs: 3893.8740. Time: 3.2988 us. Best GFLOPs: 4506.9340
2025-10-07 09:35:47 [INFO] [task_scheduler.cc:131] [Task #0: main] Trial #693: GFLOPs: 3628.1316. Time: 3.5404 us. Best GFLOPs: 4506.9340
2025-10-07 09:35:47 [INFO] [task_scheduler.cc:131] [Task #0: main] Trial #694: GFLOPs: 3665.9316. Time: 3.5039 us. Best GFLOPs: 4506.9340
2025-10-07 09:35:47 [INFO] [task_scheduler.cc:131] [Task #0: main] Trial #695: GFLOPs: 3895.0905. Time: 3.2978 us. Best GFLOPs: 4506.9340
2025-10-07 09:35:47 [INFO] [task_scheduler.cc:131] [Task #0: main] Trial #696: GFLOPs: 3950.2256. Time: 3.2517 us. Best GFLOPs: 4506.9340
2025-10-07 09:35:47 [INFO] [task_scheduler.cc:131] [Task #0: main] Trial #697: GFLOPs: 3982.3401. Time: 3.2255 us. Best GFLOPs: 4506.9340
2025-10-07 09:35:47 [INFO] [task_scheduler.cc:131] [Task #0: main] Trial #698: GFLOPs: 3798.8600. Time: 3.3813 us. Best GFLOPs: 4506.9340
2025-10-07 09:35:47 [INFO] [task_scheduler.cc:131] [Task #0: main] Trial #699: GFLOPs: 4147.9390. Time: 3.0967 us. Best GFLOPs: 4506.9340
2025-10-07 09:35:47 [INFO] [task_scheduler.cc:131] [Task #0: main] Trial #700: GFLOPs: 3633.7310. Time: 3.5349 us. Best GFLOPs: 4506.9340
2025-10-07 09:35:47 [INFO] [task_scheduler.cc:131] [Task #0: main] Trial #701: GFLOPs: 4048.6509. Time: 3.1727 us. Best GFLOPs: 4506.9340
2025-10-07 09:35:47 [INFO] [task_scheduler.cc:131] [Task #0: main] Trial #702: GFLOPs: 3202.5921. Time: 4.0108 us. Best GFLOPs: 4506.9340
2025-10-07 09:35:47 [INFO] [task_scheduler.cc:131] [Task #0: main] Trial #703: GFLOPs: 2585.6370. Time: 4.9678 us. Best GFLOPs: 4506.9340
2025-10-07 09:35:47 [INFO] [task_scheduler.cc:131] [Task #0: main] Trial #704: GFLOPs: 1245.5203. Time: 10.3130 us. Best GFLOPs: 4506.9340
2025-10-07 09:35:47 [INFO] [evolutionary_search.cc:713] Generating candidates......
2025-10-07 09:35:48 [INFO] [evolutionary_search.cc:715] Picked top 102 candidate(s) from database
2025-10-07 09:35:52 [INFO] [evolutionary_search.cc:533] Sample-Init-Population summary:
Postproc #0 [meta_schedule.DisallowDynamicLoop(0x1078b738)]: 0 failure(s)
Postproc #1 [meta_schedule.RewriteCooperativeFetch(0x10c5e018)]: 0 failure(s)
Postproc #2 [meta_schedule.RewriteUnboundBlock(0x1096b2a8)]: 0 failure(s)
Postproc #3 [meta_schedule.RewriteParallelVectorizeUnroll(0x106bee48)]: 0 failure(s)
Postproc #4 [meta_schedule.RewriteReductionBlock(0xe624028)]: 0 failure(s)
Postproc #5 [meta_schedule.VerifyGPUCode(0x1118ae28)]: 239 failure(s)
Postproc #6 [meta_schedule.RewriteTensorize(0x109d42a8)]: 0 failure(s)
2025-10-07 09:35:52 [INFO] [evolutionary_search.cc:723] Sampled 171 candidate(s)
2025-10-07 09:35:58 [INFO] [evolutionary_search.cc:621] Evolve iter #0 done. Summary:
Postproc #0 [meta_schedule.DisallowDynamicLoop(0x1078b738)]: 0 failure(s)
Postproc #1 [meta_schedule.RewriteCooperativeFetch(0x10c5e018)]: 0 failure(s)
Postproc #2 [meta_schedule.RewriteUnboundBlock(0x1096b2a8)]: 0 failure(s)
Postproc #3 [meta_schedule.RewriteParallelVectorizeUnroll(0x106bee48)]: 0 failure(s)
Postproc #4 [meta_schedule.RewriteReductionBlock(0xe624028)]: 0 failure(s)
Postproc #5 [meta_schedule.VerifyGPUCode(0x1118ae28)]: 87 failure(s)
Postproc #6 [meta_schedule.RewriteTensorize(0x109d42a8)]: 0 failure(s)
2025-10-07 09:36:05 [INFO] [evolutionary_search.cc:621] Evolve iter #1 done. Summary:
Postproc #0 [meta_schedule.DisallowDynamicLoop(0x1078b738)]: 0 failure(s)
Postproc #1 [meta_schedule.RewriteCooperativeFetch(0x10c5e018)]: 0 failure(s)
Postproc #2 [meta_schedule.RewriteUnboundBlock(0x1096b2a8)]: 0 failure(s)
Postproc #3 [meta_schedule.RewriteParallelVectorizeUnroll(0x106bee48)]: 0 failure(s)
Postproc #4 [meta_schedule.RewriteReductionBlock(0xe624028)]: 0 failure(s)
Postproc #5 [meta_schedule.VerifyGPUCode(0x1118ae28)]: 72 failure(s)
Postproc #6 [meta_schedule.RewriteTensorize(0x109d42a8)]: 0 failure(s)
2025-10-07 09:36:11 [INFO] [evolutionary_search.cc:621] Evolve iter #2 done. Summary:
Postproc #0 [meta_schedule.DisallowDynamicLoop(0x1078b738)]: 0 failure(s)
Postproc #1 [meta_schedule.RewriteCooperativeFetch(0x10c5e018)]: 0 failure(s)
Postproc #2 [meta_schedule.RewriteUnboundBlock(0x1096b2a8)]: 0 failure(s)
Postproc #3 [meta_schedule.RewriteParallelVectorizeUnroll(0x106bee48)]: 0 failure(s)
Postproc #4 [meta_schedule.RewriteReductionBlock(0xe624028)]: 0 failure(s)
Postproc #5 [meta_schedule.VerifyGPUCode(0x1118ae28)]: 63 failure(s)
Postproc #6 [meta_schedule.RewriteTensorize(0x109d42a8)]: 0 failure(s)
2025-10-07 09:36:18 [INFO] [evolutionary_search.cc:621] Evolve iter #3 done. Summary:
Postproc #0 [meta_schedule.DisallowDynamicLoop(0x1078b738)]: 0 failure(s)
Postproc #1 [meta_schedule.RewriteCooperativeFetch(0x10c5e018)]: 0 failure(s)
Postproc #2 [meta_schedule.RewriteUnboundBlock(0x1096b2a8)]: 0 failure(s)
Postproc #3 [meta_schedule.RewriteParallelVectorizeUnroll(0x106bee48)]: 0 failure(s)
Postproc #4 [meta_schedule.RewriteReductionBlock(0xe624028)]: 0 failure(s)
Postproc #5 [meta_schedule.VerifyGPUCode(0x1118ae28)]: 66 failure(s)
Postproc #6 [meta_schedule.RewriteTensorize(0x109d42a8)]: 0 failure(s)
2025-10-07 09:36:20 [INFO] [evolutionary_search.cc:649] Scores of the best 64 candidates:
[1 : 16]:	0.9727  0.9727  0.9611  0.9506  0.9360  0.9360  0.9360  0.9360  0.9354  0.9347  0.9333  0.9331  0.9330  0.9326  0.9310  0.9310
[17 : 32]:	0.9310  0.9302  0.9225  0.9219  0.9213  0.9211  0.9197  0.9193  0.9193  0.9192  0.9192  0.9189  0.9189  0.9172  0.9171  0.9168
[33 : 48]:	0.9151  0.9147  0.9145  0.9127  0.9127  0.9115  0.9105  0.9104  0.9103  0.9101  0.9083  0.9082  0.9081  0.9066  0.9063  0.9055
[49 : 64]:	0.9054  0.9025  0.9025  0.9016  0.9015  0.9010  0.9003  0.9000  0.9000  0.8998  0.8998  0.8998  0.8993  0.8986  0.8986  0.8976
2025-10-07 09:36:20 [INFO] [evolutionary_search.cc:727] Got 64 candidate(s) with evolutionary search
2025-10-07 09:36:20 [INFO] [evolutionary_search.cc:730] Sending 64 candidates(s) for measurement
2025-10-07 09:36:48 [INFO] [task_scheduler.cc:131] [Task #0: main] Trial #705: GFLOPs: 4300.8325. Time: 2.9866 us. Best GFLOPs: 4506.9340
2025-10-07 09:36:48 [INFO] [task_scheduler.cc:131] [Task #0: main] Trial #706: GFLOPs: 4016.9749. Time: 3.1977 us. Best GFLOPs: 4506.9340
2025-10-07 09:36:48 [INFO] [task_scheduler.cc:131] [Task #0: main] Trial #707: GFLOPs: 3741.8616. Time: 3.4328 us. Best GFLOPs: 4506.9340
2025-10-07 09:36:48 [INFO] [task_scheduler.cc:131] [Task #0: main] Trial #708: GFLOPs: 3498.3185. Time: 3.6718 us. Best GFLOPs: 4506.9340
2025-10-07 09:36:48 [INFO] [task_scheduler.cc:131] [Task #0: main] Trial #709: GFLOPs: 3838.1002. Time: 3.3467 us. Best GFLOPs: 4506.9340
2025-10-07 09:36:48 [INFO] [task_scheduler.cc:131] [Task #0: main] Trial #710: GFLOPs: 4168.5451. Time: 3.0814 us. Best GFLOPs: 4506.9340
2025-10-07 09:36:48 [INFO] [task_scheduler.cc:131] [Task #0: main] Trial #711: GFLOPs: 3533.3257. Time: 3.6354 us. Best GFLOPs: 4506.9340
2025-10-07 09:36:48 [INFO] [task_scheduler.cc:131] [Task #0: main] Trial #712: GFLOPs: 3720.0686. Time: 3.4529 us. Best GFLOPs: 4506.9340
2025-10-07 09:36:48 [INFO] [task_scheduler.cc:131] [Task #0: main] Trial #713: GFLOPs: 3980.5083. Time: 3.2270 us. Best GFLOPs: 4506.9340
2025-10-07 09:36:48 [INFO] [task_scheduler.cc:131] [Task #0: main] Trial #714: GFLOPs: 4453.4073. Time: 2.8843 us. Best GFLOPs: 4506.9340
2025-10-07 09:36:48 [INFO] [task_scheduler.cc:131] [Task #0: main] Trial #715: GFLOPs: 3602.3933. Time: 3.5657 us. Best GFLOPs: 4506.9340
2025-10-07 09:36:48 [INFO] [task_scheduler.cc:131] [Task #0: main] Trial #716: GFLOPs: 3955.7014. Time: 3.2472 us. Best GFLOPs: 4506.9340
2025-10-07 09:36:48 [INFO] [task_scheduler.cc:131] [Task #0: main] Trial #717: GFLOPs: 4428.5450. Time: 2.9005 us. Best GFLOPs: 4506.9340
2025-10-07 09:36:48 [INFO] [task_scheduler.cc:131] [Task #0: main] Trial #718: GFLOPs: 4250.1141. Time: 3.0223 us. Best GFLOPs: 4506.9340
2025-10-07 09:36:48 [INFO] [task_scheduler.cc:131] [Task #0: main] Trial #719: GFLOPs: 4125.5748. Time: 3.1135 us. Best GFLOPs: 4506.9340
2025-10-07 09:36:48 [INFO] [task_scheduler.cc:131] [Task #0: main] Trial #720: GFLOPs: 3772.0424. Time: 3.4053 us. Best GFLOPs: 4506.9340
2025-10-07 09:36:48 [INFO] [task_scheduler.cc:131] [Task #0: main] Trial #721: GFLOPs: 3533.7240. Time: 3.6350 us. Best GFLOPs: 4506.9340
2025-10-07 09:36:48 [INFO] [task_scheduler.cc:131] [Task #0: main] Trial #722: GFLOPs: 4071.0849. Time: 3.1552 us. Best GFLOPs: 4506.9340
2025-10-07 09:36:48 [INFO] [task_scheduler.cc:131] [Task #0: main] Trial #723: GFLOPs: 4189.0691. Time: 3.0663 us. Best GFLOPs: 4506.9340
2025-10-07 09:36:48 [INFO] [task_scheduler.cc:131] [Task #0: main] Trial #724: GFLOPs: 4091.8187. Time: 3.1392 us. Best GFLOPs: 4506.9340
2025-10-07 09:36:48 [INFO] [task_scheduler.cc:131] [Task #0: main] Trial #725: GFLOPs: 3665.2373. Time: 3.5046 us. Best GFLOPs: 4506.9340
2025-10-07 09:36:48 [INFO] [task_scheduler.cc:131] [Task #0: main] Trial #726: GFLOPs: 3825.2905. Time: 3.3579 us. Best GFLOPs: 4506.9340
2025-10-07 09:36:48 [INFO] [task_scheduler.cc:131] [Task #0: main] Trial #727: GFLOPs: 3688.2923. Time: 3.4827 us. Best GFLOPs: 4506.9340
2025-10-07 09:36:48 [INFO] [task_scheduler.cc:131] [Task #0: main] Trial #728: GFLOPs: 3640.9101. Time: 3.5280 us. Best GFLOPs: 4506.9340
2025-10-07 09:36:48 [INFO] [task_scheduler.cc:131] [Task #0: main] Trial #729: GFLOPs: 3865.0979. Time: 3.3233 us. Best GFLOPs: 4506.9340
2025-10-07 09:36:48 [INFO] [task_scheduler.cc:131] [Task #0: main] Trial #730: GFLOPs: 4000.9410. Time: 3.2105 us. Best GFLOPs: 4506.9340
2025-10-07 09:36:48 [INFO] [task_scheduler.cc:131] [Task #0: main] Trial #731: GFLOPs: 3687.7058. Time: 3.4832 us. Best GFLOPs: 4506.9340
2025-10-07 09:36:48 [INFO] [task_scheduler.cc:131] [Task #0: main] Trial #732: GFLOPs: 3347.3902. Time: 3.8373 us. Best GFLOPs: 4506.9340
2025-10-07 09:36:48 [INFO] [task_scheduler.cc:131] [Task #0: main] Trial #733: GFLOPs: 3850.1877. Time: 3.3362 us. Best GFLOPs: 4506.9340
2025-10-07 09:36:48 [INFO] [task_scheduler.cc:131] [Task #0: main] Trial #734: GFLOPs: 4287.2533. Time: 2.9961 us. Best GFLOPs: 4506.9340
2025-10-07 09:36:48 [INFO] [task_scheduler.cc:131] [Task #0: main] Trial #735: GFLOPs: 4005.6533. Time: 3.2067 us. Best GFLOPs: 4506.9340
2025-10-07 09:36:48 [INFO] [task_scheduler.cc:131] [Task #0: main] Trial #736: GFLOPs: 4340.7830. Time: 2.9592 us. Best GFLOPs: 4506.9340
2025-10-07 09:36:48 [INFO] [task_scheduler.cc:131] [Task #0: main] Trial #737: GFLOPs: 4052.5058. Time: 3.1697 us. Best GFLOPs: 4506.9340
2025-10-07 09:36:48 [INFO] [task_scheduler.cc:131] [Task #0: main] Trial #738: GFLOPs: 3943.5651. Time: 3.2572 us. Best GFLOPs: 4506.9340
2025-10-07 09:36:48 [INFO] [task_scheduler.cc:131] [Task #0: main] Trial #739: GFLOPs: 3540.3376. Time: 3.6282 us. Best GFLOPs: 4506.9340
2025-10-07 09:36:48 [INFO] [task_scheduler.cc:131] [Task #0: main] Trial #740: GFLOPs: 4188.9652. Time: 3.0664 us. Best GFLOPs: 4506.9340
2025-10-07 09:36:48 [INFO] [task_scheduler.cc:131] [Task #0: main] Trial #741: GFLOPs: 4480.0922. Time: 2.8671 us. Best GFLOPs: 4506.9340
2025-10-07 09:36:48 [INFO] [task_scheduler.cc:131] [Task #0: main] Trial #742: GFLOPs: 3879.8538. Time: 3.3107 us. Best GFLOPs: 4506.9340
2025-10-07 09:36:48 [INFO] [task_scheduler.cc:131] [Task #0: main] Trial #743: GFLOPs: 3895.0217. Time: 3.2978 us. Best GFLOPs: 4506.9340
2025-10-07 09:36:48 [INFO] [task_scheduler.cc:131] [Task #0: main] Trial #744: GFLOPs: 4078.2896. Time: 3.1496 us. Best GFLOPs: 4506.9340
2025-10-07 09:36:48 [INFO] [task_scheduler.cc:131] [Task #0: main] Trial #745: GFLOPs: 3946.4972. Time: 3.2548 us. Best GFLOPs: 4506.9340
2025-10-07 09:36:48 [INFO] [task_scheduler.cc:131] [Task #0: main] Trial #746: GFLOPs: 4460.8699. Time: 2.8795 us. Best GFLOPs: 4506.9340
2025-10-07 09:36:48 [INFO] [task_scheduler.cc:131] [Task #0: main] Trial #747: GFLOPs: 4241.6153. Time: 3.0283 us. Best GFLOPs: 4506.9340
2025-10-07 09:36:48 [INFO] [task_scheduler.cc:131] [Task #0: main] Trial #748: GFLOPs: 4296.6228. Time: 2.9896 us. Best GFLOPs: 4506.9340
2025-10-07 09:36:48 [INFO] [task_scheduler.cc:131] [Task #0: main] Trial #749: GFLOPs: 3886.8149. Time: 3.3048 us. Best GFLOPs: 4506.9340
2025-10-07 09:36:48 [INFO] [task_scheduler.cc:131] [Task #0: main] Trial #750: GFLOPs: 4291.6681. Time: 2.9930 us. Best GFLOPs: 4506.9340
2025-10-07 09:36:48 [INFO] [task_scheduler.cc:131] [Task #0: main] Trial #751: GFLOPs: 3655.1557. Time: 3.5142 us. Best GFLOPs: 4506.9340
2025-10-07 09:36:48 [INFO] [task_scheduler.cc:131] [Task #0: main] Trial #752: GFLOPs: 4157.2153. Time: 3.0898 us. Best GFLOPs: 4506.9340
2025-10-07 09:36:48 [INFO] [task_scheduler.cc:131] [Task #0: main] Trial #753: GFLOPs: 4205.7023. Time: 3.0542 us. Best GFLOPs: 4506.9340
2025-10-07 09:36:48 [INFO] [task_scheduler.cc:131] [Task #0: main] Trial #754: GFLOPs: 4148.9291. Time: 3.0960 us. Best GFLOPs: 4506.9340
2025-10-07 09:36:48 [INFO] [task_scheduler.cc:131] [Task #0: main] Trial #755: GFLOPs: 4187.0059. Time: 3.0678 us. Best GFLOPs: 4506.9340
2025-10-07 09:36:48 [INFO] [task_scheduler.cc:131] [Task #0: main] Trial #756: GFLOPs: 4414.2055. Time: 2.9099 us. Best GFLOPs: 4506.9340
2025-10-07 09:36:48 [INFO] [task_scheduler.cc:131] [Task #0: main] Trial #757: GFLOPs: 4257.6985. Time: 3.0169 us. Best GFLOPs: 4506.9340
2025-10-07 09:36:48 [INFO] [task_scheduler.cc:131] [Task #0: main] Trial #758: GFLOPs: 4225.8879. Time: 3.0396 us. Best GFLOPs: 4506.9340
2025-10-07 09:36:48 [INFO] [task_scheduler.cc:131] [Task #0: main] Trial #759: GFLOPs: 3873.3075. Time: 3.3163 us. Best GFLOPs: 4506.9340
2025-10-07 09:36:48 [INFO] [task_scheduler.cc:131] [Task #0: main] Trial #760: GFLOPs: 4416.5578. Time: 2.9084 us. Best GFLOPs: 4506.9340
2025-10-07 09:36:48 [INFO] [task_scheduler.cc:131] [Task #0: main] Trial #761: GFLOPs: 4045.2900. Time: 3.1753 us. Best GFLOPs: 4506.9340
2025-10-07 09:36:48 [INFO] [task_scheduler.cc:131] [Task #0: main] Trial #762: GFLOPs: 3328.4092. Time: 3.8592 us. Best GFLOPs: 4506.9340
2025-10-07 09:36:48 [INFO] [task_scheduler.cc:131] [Task #0: main] Trial #763: GFLOPs: 2754.1845. Time: 4.6638 us. Best GFLOPs: 4506.9340
2025-10-07 09:36:48 [INFO] [task_scheduler.cc:131] [Task #0: main] Trial #764: GFLOPs: 4007.4904. Time: 3.2053 us. Best GFLOPs: 4506.9340
2025-10-07 09:36:48 [INFO] [task_scheduler.cc:131] [Task #0: main] Trial #765: GFLOPs: 3831.7475. Time: 3.3523 us. Best GFLOPs: 4506.9340
2025-10-07 09:36:48 [INFO] [task_scheduler.cc:131] [Task #0: main] Trial #766: GFLOPs: 1917.4503. Time: 6.6990 us. Best GFLOPs: 4506.9340
2025-10-07 09:36:48 [INFO] [task_scheduler.cc:131] [Task #0: main] Trial #767: GFLOPs: 2668.0289. Time: 4.8144 us. Best GFLOPs: 4506.9340
2025-10-07 09:36:48 [INFO] [task_scheduler.cc:131] [Task #0: main] Trial #768: GFLOPs: 3200.2005. Time: 4.0138 us. Best GFLOPs: 4506.9340
2025-10-07 09:36:48 [INFO] [evolutionary_search.cc:713] Generating candidates......
2025-10-07 09:36:49 [INFO] [evolutionary_search.cc:715] Picked top 102 candidate(s) from database
2025-10-07 09:36:53 [INFO] [evolutionary_search.cc:533] Sample-Init-Population summary:
Postproc #0 [meta_schedule.DisallowDynamicLoop(0x1078b738)]: 0 failure(s)
Postproc #1 [meta_schedule.RewriteCooperativeFetch(0x10c5e018)]: 0 failure(s)
Postproc #2 [meta_schedule.RewriteUnboundBlock(0x1096b2a8)]: 0 failure(s)
Postproc #3 [meta_schedule.RewriteParallelVectorizeUnroll(0x106bee48)]: 0 failure(s)
Postproc #4 [meta_schedule.RewriteReductionBlock(0xe624028)]: 0 failure(s)
Postproc #5 [meta_schedule.VerifyGPUCode(0x1118ae28)]: 271 failure(s)
Postproc #6 [meta_schedule.RewriteTensorize(0x109d42a8)]: 0 failure(s)
2025-10-07 09:36:53 [INFO] [evolutionary_search.cc:723] Sampled 139 candidate(s)
2025-10-07 09:36:59 [INFO] [evolutionary_search.cc:621] Evolve iter #0 done. Summary:
Postproc #0 [meta_schedule.DisallowDynamicLoop(0x1078b738)]: 0 failure(s)
Postproc #1 [meta_schedule.RewriteCooperativeFetch(0x10c5e018)]: 0 failure(s)
Postproc #2 [meta_schedule.RewriteUnboundBlock(0x1096b2a8)]: 0 failure(s)
Postproc #3 [meta_schedule.RewriteParallelVectorizeUnroll(0x106bee48)]: 0 failure(s)
Postproc #4 [meta_schedule.RewriteReductionBlock(0xe624028)]: 0 failure(s)
Postproc #5 [meta_schedule.VerifyGPUCode(0x1118ae28)]: 61 failure(s)
Postproc #6 [meta_schedule.RewriteTensorize(0x109d42a8)]: 0 failure(s)
2025-10-07 09:37:06 [INFO] [evolutionary_search.cc:621] Evolve iter #1 done. Summary:
Postproc #0 [meta_schedule.DisallowDynamicLoop(0x1078b738)]: 0 failure(s)
Postproc #1 [meta_schedule.RewriteCooperativeFetch(0x10c5e018)]: 0 failure(s)
Postproc #2 [meta_schedule.RewriteUnboundBlock(0x1096b2a8)]: 0 failure(s)
Postproc #3 [meta_schedule.RewriteParallelVectorizeUnroll(0x106bee48)]: 0 failure(s)
Postproc #4 [meta_schedule.RewriteReductionBlock(0xe624028)]: 0 failure(s)
Postproc #5 [meta_schedule.VerifyGPUCode(0x1118ae28)]: 78 failure(s)
Postproc #6 [meta_schedule.RewriteTensorize(0x109d42a8)]: 0 failure(s)
2025-10-07 09:37:13 [INFO] [evolutionary_search.cc:621] Evolve iter #2 done. Summary:
Postproc #0 [meta_schedule.DisallowDynamicLoop(0x1078b738)]: 0 failure(s)
Postproc #1 [meta_schedule.RewriteCooperativeFetch(0x10c5e018)]: 0 failure(s)
Postproc #2 [meta_schedule.RewriteUnboundBlock(0x1096b2a8)]: 0 failure(s)
Postproc #3 [meta_schedule.RewriteParallelVectorizeUnroll(0x106bee48)]: 0 failure(s)
Postproc #4 [meta_schedule.RewriteReductionBlock(0xe624028)]: 0 failure(s)
Postproc #5 [meta_schedule.VerifyGPUCode(0x1118ae28)]: 81 failure(s)
Postproc #6 [meta_schedule.RewriteTensorize(0x109d42a8)]: 0 failure(s)
2025-10-07 09:37:19 [INFO] [evolutionary_search.cc:621] Evolve iter #3 done. Summary:
Postproc #0 [meta_schedule.DisallowDynamicLoop(0x1078b738)]: 0 failure(s)
Postproc #1 [meta_schedule.RewriteCooperativeFetch(0x10c5e018)]: 0 failure(s)
Postproc #2 [meta_schedule.RewriteUnboundBlock(0x1096b2a8)]: 0 failure(s)
Postproc #3 [meta_schedule.RewriteParallelVectorizeUnroll(0x106bee48)]: 0 failure(s)
Postproc #4 [meta_schedule.RewriteReductionBlock(0xe624028)]: 0 failure(s)
Postproc #5 [meta_schedule.VerifyGPUCode(0x1118ae28)]: 62 failure(s)
Postproc #6 [meta_schedule.RewriteTensorize(0x109d42a8)]: 0 failure(s)
2025-10-07 09:37:21 [INFO] [evolutionary_search.cc:649] Scores of the best 64 candidates:
[1 : 16]:	0.9867  0.9733  0.9638  0.9495  0.9378  0.9378  0.9303  0.9273  0.9263  0.9263  0.9243  0.9238  0.9232  0.9232  0.9223  0.9222
[17 : 32]:	0.9218  0.9204  0.9204  0.9201  0.9197  0.9195  0.9194  0.9192  0.9192  0.9190  0.9186  0.9165  0.9145  0.9115  0.9113  0.9113
[33 : 48]:	0.9113  0.9108  0.9094  0.9092  0.9084  0.9068  0.9065  0.9062  0.9048  0.9039  0.9038  0.9038  0.9038  0.9033  0.9032  0.9019
[49 : 64]:	0.9016  0.9008  0.9007  0.9006  0.9006  0.8994  0.8988  0.8988  0.8988  0.8987  0.8987  0.8985  0.8985  0.8983  0.8980  0.8978
2025-10-07 09:37:21 [INFO] [evolutionary_search.cc:727] Got 64 candidate(s) with evolutionary search
2025-10-07 09:37:21 [INFO] [evolutionary_search.cc:730] Sending 64 candidates(s) for measurement
2025-10-07 09:37:48 [INFO] [task_scheduler.cc:131] [Task #0: main] Trial #769: GFLOPs: 4326.5388. Time: 2.9689 us. Best GFLOPs: 4506.9340
2025-10-07 09:37:48 [INFO] [task_scheduler.cc:131] [Task #0: main] Trial #770: GFLOPs: 4299.8511. Time: 2.9873 us. Best GFLOPs: 4506.9340
2025-10-07 09:37:48 [INFO] [task_scheduler.cc:131] [Task #0: main] Trial #771: GFLOPs: 4056.5940. Time: 3.1665 us. Best GFLOPs: 4506.9340
2025-10-07 09:37:48 [INFO] [task_scheduler.cc:131] [Task #0: main] Trial #772: GFLOPs: 4315.7724. Time: 2.9763 us. Best GFLOPs: 4506.9340
2025-10-07 09:37:48 [INFO] [task_scheduler.cc:131] [Task #0: main] Trial #773: GFLOPs: 4311.0235. Time: 2.9796 us. Best GFLOPs: 4506.9340
2025-10-07 09:37:48 [INFO] [task_scheduler.cc:131] [Task #0: main] Trial #774: GFLOPs: 4321.4886. Time: 2.9724 us. Best GFLOPs: 4506.9340
2025-10-07 09:37:48 [INFO] [task_scheduler.cc:131] [Task #0: main] Trial #775: GFLOPs: 4097.9871. Time: 3.1345 us. Best GFLOPs: 4506.9340
2025-10-07 09:37:48 [INFO] [task_scheduler.cc:131] [Task #0: main] Trial #776: GFLOPs: 4022.1041. Time: 3.1936 us. Best GFLOPs: 4506.9340
2025-10-07 09:37:48 [INFO] [task_scheduler.cc:131] [Task #0: main] Trial #777: GFLOPs: 4285.0282. Time: 2.9977 us. Best GFLOPs: 4506.9340
2025-10-07 09:37:48 [INFO] [task_scheduler.cc:131] [Task #0: main] Trial #778: GFLOPs: 3596.0489. Time: 3.5720 us. Best GFLOPs: 4506.9340
2025-10-07 09:37:48 [INFO] [task_scheduler.cc:131] [Task #0: main] Trial #779: GFLOPs: 4176.4908. Time: 3.0756 us. Best GFLOPs: 4506.9340
2025-10-07 09:37:48 [INFO] [task_scheduler.cc:131] [Task #0: main] Trial #780: GFLOPs: 4220.5309. Time: 3.0435 us. Best GFLOPs: 4506.9340
2025-10-07 09:37:48 [INFO] [task_scheduler.cc:131] [Task #0: main] Trial #781: GFLOPs: 4190.1713. Time: 3.0655 us. Best GFLOPs: 4506.9340
2025-10-07 09:37:48 [INFO] [task_scheduler.cc:131] [Task #0: main] Trial #782: GFLOPs: 3787.2901. Time: 3.3916 us. Best GFLOPs: 4506.9340
2025-10-07 09:37:48 [INFO] [task_scheduler.cc:131] [Task #0: main] Trial #783: GFLOPs: 4309.2665. Time: 2.9808 us. Best GFLOPs: 4506.9340
2025-10-07 09:37:48 [INFO] [task_scheduler.cc:131] [Task #0: main] Trial #784: GFLOPs: 3961.1316. Time: 3.2428 us. Best GFLOPs: 4506.9340
2025-10-07 09:37:48 [INFO] [task_scheduler.cc:131] [Task #0: main] Trial #785: GFLOPs: 4169.4448. Time: 3.0808 us. Best GFLOPs: 4506.9340
2025-10-07 09:37:48 [INFO] [task_scheduler.cc:131] [Task #0: main] Trial #786: GFLOPs: 3863.3672. Time: 3.3248 us. Best GFLOPs: 4506.9340
2025-10-07 09:37:48 [INFO] [task_scheduler.cc:131] [Task #0: main] Trial #787: GFLOPs: 3993.3022. Time: 3.2167 us. Best GFLOPs: 4506.9340
2025-10-07 09:37:48 [INFO] [task_scheduler.cc:131] [Task #0: main] Trial #788: GFLOPs: 3415.2793. Time: 3.7611 us. Best GFLOPs: 4506.9340
2025-10-07 09:37:48 [INFO] [task_scheduler.cc:131] [Task #0: main] Trial #789: GFLOPs: 4132.3913. Time: 3.1084 us. Best GFLOPs: 4506.9340
2025-10-07 09:37:48 [INFO] [task_scheduler.cc:131] [Task #0: main] Trial #790: GFLOPs: 3455.5240. Time: 3.7173 us. Best GFLOPs: 4506.9340
2025-10-07 09:37:48 [INFO] [task_scheduler.cc:131] [Task #0: main] Trial #791: GFLOPs: 3978.2949. Time: 3.2288 us. Best GFLOPs: 4506.9340
2025-10-07 09:37:48 [INFO] [task_scheduler.cc:131] [Task #0: main] Trial #792: GFLOPs: 3751.7972. Time: 3.4237 us. Best GFLOPs: 4506.9340
2025-10-07 09:37:48 [INFO] [task_scheduler.cc:131] [Task #0: main] Trial #793: GFLOPs: 3604.8738. Time: 3.5632 us. Best GFLOPs: 4506.9340
2025-10-07 09:37:48 [INFO] [task_scheduler.cc:131] [Task #0: main] Trial #794: GFLOPs: 3968.5522. Time: 3.2367 us. Best GFLOPs: 4506.9340
2025-10-07 09:37:48 [INFO] [task_scheduler.cc:131] [Task #0: main] Trial #795: GFLOPs: 4054.5657. Time: 3.1680 us. Best GFLOPs: 4506.9340
2025-10-07 09:37:48 [INFO] [task_scheduler.cc:131] [Task #0: main] Trial #796: GFLOPs: 3614.7186. Time: 3.5535 us. Best GFLOPs: 4506.9340
2025-10-07 09:37:48 [INFO] [task_scheduler.cc:131] [Task #0: main] Trial #797: GFLOPs: 3941.5756. Time: 3.2589 us. Best GFLOPs: 4506.9340
2025-10-07 09:37:48 [INFO] [task_scheduler.cc:131] [Task #0: main] Trial #798: GFLOPs: 3546.6786. Time: 3.6217 us. Best GFLOPs: 4506.9340
2025-10-07 09:37:48 [INFO] [task_scheduler.cc:131] [Task #0: main] Trial #799: GFLOPs: 4147.9966. Time: 3.0967 us. Best GFLOPs: 4506.9340
2025-10-07 09:37:48 [INFO] [task_scheduler.cc:131] [Task #0: main] Trial #800: GFLOPs: 3315.3463. Time: 3.8744 us. Best GFLOPs: 4506.9340
2025-10-07 09:37:48 [INFO] [task_scheduler.cc:131] [Task #0: main] Trial #801: GFLOPs: 4141.0858. Time: 3.1019 us. Best GFLOPs: 4506.9340
2025-10-07 09:37:48 [INFO] [task_scheduler.cc:131] [Task #0: main] Trial #802: GFLOPs: 4091.7691. Time: 3.1392 us. Best GFLOPs: 4506.9340
2025-10-07 09:37:48 [INFO] [task_scheduler.cc:131] [Task #0: main] Trial #803: GFLOPs: 3574.4161. Time: 3.5936 us. Best GFLOPs: 4506.9340
2025-10-07 09:37:48 [INFO] [task_scheduler.cc:131] [Task #0: main] Trial #804: GFLOPs: 3576.0710. Time: 3.5919 us. Best GFLOPs: 4506.9340
2025-10-07 09:37:48 [INFO] [task_scheduler.cc:131] [Task #0: main] Trial #805: GFLOPs: 4110.5260. Time: 3.1249 us. Best GFLOPs: 4506.9340
2025-10-07 09:37:48 [INFO] [task_scheduler.cc:131] [Task #0: main] Trial #806: GFLOPs: 3720.3710. Time: 3.4526 us. Best GFLOPs: 4506.9340
2025-10-07 09:37:48 [INFO] [task_scheduler.cc:131] [Task #0: main] Trial #807: GFLOPs: 4000.5770. Time: 3.2108 us. Best GFLOPs: 4506.9340
2025-10-07 09:37:48 [INFO] [task_scheduler.cc:131] [Task #0: main] Trial #808: GFLOPs: 3903.1673. Time: 3.2909 us. Best GFLOPs: 4506.9340
2025-10-07 09:37:48 [INFO] [task_scheduler.cc:131] [Task #0: main] Trial #809: GFLOPs: 4251.4053. Time: 3.0214 us. Best GFLOPs: 4506.9340
2025-10-07 09:37:48 [INFO] [task_scheduler.cc:131] [Task #0: main] Trial #810: GFLOPs: 3809.0252. Time: 3.3723 us. Best GFLOPs: 4506.9340
2025-10-07 09:37:48 [INFO] [task_scheduler.cc:131] [Task #0: main] Trial #811: GFLOPs: 4319.8794. Time: 2.9735 us. Best GFLOPs: 4506.9340
2025-10-07 09:37:48 [INFO] [task_scheduler.cc:131] [Task #0: main] Trial #812: GFLOPs: 4177.1470. Time: 3.0751 us. Best GFLOPs: 4506.9340
2025-10-07 09:37:48 [INFO] [task_scheduler.cc:131] [Task #0: main] Trial #813: GFLOPs: 3262.6629. Time: 3.9370 us. Best GFLOPs: 4506.9340
2025-10-07 09:37:48 [INFO] [task_scheduler.cc:131] [Task #0: main] Trial #814: GFLOPs: 3903.2180. Time: 3.2909 us. Best GFLOPs: 4506.9340
2025-10-07 09:37:48 [INFO] [task_scheduler.cc:131] [Task #0: main] Trial #815: GFLOPs: 3547.5458. Time: 3.6208 us. Best GFLOPs: 4506.9340
2025-10-07 09:37:48 [INFO] [task_scheduler.cc:131] [Task #0: main] Trial #816: GFLOPs: 3593.0937. Time: 3.5749 us. Best GFLOPs: 4506.9340
2025-10-07 09:37:48 [INFO] [task_scheduler.cc:131] [Task #0: main] Trial #817: GFLOPs: 4200.0149. Time: 3.0583 us. Best GFLOPs: 4506.9340
2025-10-07 09:37:48 [INFO] [task_scheduler.cc:131] [Task #0: main] Trial #818: GFLOPs: 3336.4755. Time: 3.8499 us. Best GFLOPs: 4506.9340
2025-10-07 09:37:48 [INFO] [task_scheduler.cc:131] [Task #0: main] Trial #819: GFLOPs: 3355.1025. Time: 3.8285 us. Best GFLOPs: 4506.9340
2025-10-07 09:37:48 [INFO] [task_scheduler.cc:131] [Task #0: main] Trial #820: GFLOPs: 3637.6109. Time: 3.5312 us. Best GFLOPs: 4506.9340
2025-10-07 09:37:48 [INFO] [task_scheduler.cc:131] [Task #0: main] Trial #821: GFLOPs: 3932.1066. Time: 3.2667 us. Best GFLOPs: 4506.9340
2025-10-07 09:37:48 [INFO] [task_scheduler.cc:131] [Task #0: main] Trial #822: GFLOPs: 4012.9483. Time: 3.2009 us. Best GFLOPs: 4506.9340
2025-10-07 09:37:48 [INFO] [task_scheduler.cc:131] [Task #0: main] Trial #823: GFLOPs: 4333.4390. Time: 2.9642 us. Best GFLOPs: 4506.9340
2025-10-07 09:37:48 [INFO] [task_scheduler.cc:131] [Task #0: main] Trial #824: GFLOPs: 4322.0508. Time: 2.9720 us. Best GFLOPs: 4506.9340
2025-10-07 09:37:48 [INFO] [task_scheduler.cc:131] [Task #0: main] Trial #825: GFLOPs: 3545.5512. Time: 3.6229 us. Best GFLOPs: 4506.9340
2025-10-07 09:37:48 [INFO] [task_scheduler.cc:131] [Task #0: main] Trial #826: GFLOPs: 4437.8125. Time: 2.8945 us. Best GFLOPs: 4506.9340
2025-10-07 09:37:48 [INFO] [task_scheduler.cc:131] [Task #0: main] Trial #827: GFLOPs: 3631.7795. Time: 3.5368 us. Best GFLOPs: 4506.9340
2025-10-07 09:37:48 [INFO] [task_scheduler.cc:131] [Task #0: main] Trial #828: GFLOPs: 4278.7584. Time: 3.0021 us. Best GFLOPs: 4506.9340
2025-10-07 09:37:48 [INFO] [task_scheduler.cc:131] [Task #0: main] Trial #829: GFLOPs: 4001.9858. Time: 3.2097 us. Best GFLOPs: 4506.9340
2025-10-07 09:37:48 [INFO] [task_scheduler.cc:131] [Task #0: main] Trial #830: GFLOPs: 3905.8860. Time: 3.2886 us. Best GFLOPs: 4506.9340
2025-10-07 09:37:48 [INFO] [task_scheduler.cc:131] [Task #0: main] Trial #831: GFLOPs: 4484.4549. Time: 2.8644 us. Best GFLOPs: 4506.9340
2025-10-07 09:37:48 [INFO] [task_scheduler.cc:131] [Task #0: main] Trial #832: GFLOPs: 2925.5357. Time: 4.3907 us. Best GFLOPs: 4506.9340
2025-10-07 09:37:48 [INFO] [evolutionary_search.cc:713] Generating candidates......
2025-10-07 09:37:49 [INFO] [evolutionary_search.cc:715] Picked top 102 candidate(s) from database
2025-10-07 09:37:53 [INFO] [evolutionary_search.cc:533] Sample-Init-Population summary:
Postproc #0 [meta_schedule.DisallowDynamicLoop(0x1078b738)]: 0 failure(s)
Postproc #1 [meta_schedule.RewriteCooperativeFetch(0x10c5e018)]: 0 failure(s)
Postproc #2 [meta_schedule.RewriteUnboundBlock(0x1096b2a8)]: 0 failure(s)
Postproc #3 [meta_schedule.RewriteParallelVectorizeUnroll(0x106bee48)]: 0 failure(s)
Postproc #4 [meta_schedule.RewriteReductionBlock(0xe624028)]: 0 failure(s)
Postproc #5 [meta_schedule.VerifyGPUCode(0x1118ae28)]: 273 failure(s)
Postproc #6 [meta_schedule.RewriteTensorize(0x109d42a8)]: 0 failure(s)
2025-10-07 09:37:53 [INFO] [evolutionary_search.cc:723] Sampled 137 candidate(s)
2025-10-07 09:37:59 [INFO] [evolutionary_search.cc:621] Evolve iter #0 done. Summary:
Postproc #0 [meta_schedule.DisallowDynamicLoop(0x1078b738)]: 0 failure(s)
Postproc #1 [meta_schedule.RewriteCooperativeFetch(0x10c5e018)]: 0 failure(s)
Postproc #2 [meta_schedule.RewriteUnboundBlock(0x1096b2a8)]: 0 failure(s)
Postproc #3 [meta_schedule.RewriteParallelVectorizeUnroll(0x106bee48)]: 0 failure(s)
Postproc #4 [meta_schedule.RewriteReductionBlock(0xe624028)]: 0 failure(s)
Postproc #5 [meta_schedule.VerifyGPUCode(0x1118ae28)]: 76 failure(s)
Postproc #6 [meta_schedule.RewriteTensorize(0x109d42a8)]: 0 failure(s)
2025-10-07 09:38:05 [INFO] [evolutionary_search.cc:621] Evolve iter #1 done. Summary:
Postproc #0 [meta_schedule.DisallowDynamicLoop(0x1078b738)]: 0 failure(s)
Postproc #1 [meta_schedule.RewriteCooperativeFetch(0x10c5e018)]: 0 failure(s)
Postproc #2 [meta_schedule.RewriteUnboundBlock(0x1096b2a8)]: 0 failure(s)
Postproc #3 [meta_schedule.RewriteParallelVectorizeUnroll(0x106bee48)]: 0 failure(s)
Postproc #4 [meta_schedule.RewriteReductionBlock(0xe624028)]: 0 failure(s)
Postproc #5 [meta_schedule.VerifyGPUCode(0x1118ae28)]: 70 failure(s)
Postproc #6 [meta_schedule.RewriteTensorize(0x109d42a8)]: 0 failure(s)
2025-10-07 09:38:12 [INFO] [evolutionary_search.cc:621] Evolve iter #2 done. Summary:
Postproc #0 [meta_schedule.DisallowDynamicLoop(0x1078b738)]: 0 failure(s)
Postproc #1 [meta_schedule.RewriteCooperativeFetch(0x10c5e018)]: 0 failure(s)
Postproc #2 [meta_schedule.RewriteUnboundBlock(0x1096b2a8)]: 0 failure(s)
Postproc #3 [meta_schedule.RewriteParallelVectorizeUnroll(0x106bee48)]: 0 failure(s)
Postproc #4 [meta_schedule.RewriteReductionBlock(0xe624028)]: 0 failure(s)
Postproc #5 [meta_schedule.VerifyGPUCode(0x1118ae28)]: 63 failure(s)
Postproc #6 [meta_schedule.RewriteTensorize(0x109d42a8)]: 0 failure(s)
2025-10-07 09:38:19 [INFO] [evolutionary_search.cc:621] Evolve iter #3 done. Summary:
Postproc #0 [meta_schedule.DisallowDynamicLoop(0x1078b738)]: 0 failure(s)
Postproc #1 [meta_schedule.RewriteCooperativeFetch(0x10c5e018)]: 0 failure(s)
Postproc #2 [meta_schedule.RewriteUnboundBlock(0x1096b2a8)]: 0 failure(s)
Postproc #3 [meta_schedule.RewriteParallelVectorizeUnroll(0x106bee48)]: 0 failure(s)
Postproc #4 [meta_schedule.RewriteReductionBlock(0xe624028)]: 0 failure(s)
Postproc #5 [meta_schedule.VerifyGPUCode(0x1118ae28)]: 73 failure(s)
Postproc #6 [meta_schedule.RewriteTensorize(0x109d42a8)]: 0 failure(s)
2025-10-07 09:38:20 [INFO] [evolutionary_search.cc:649] Scores of the best 64 candidates:
[1 : 16]:	0.9593  0.9482  0.9482  0.9474  0.9433  0.9381  0.9381  0.9370  0.9363  0.9305  0.9271  0.9270  0.9257  0.9254  0.9224  0.9219
[17 : 32]:	0.9218  0.9193  0.9193  0.9192  0.9192  0.9182  0.9179  0.9167  0.9164  0.9152  0.9137  0.9119  0.9119  0.9110  0.9107  0.9094
[33 : 48]:	0.9089  0.9084  0.9082  0.9076  0.9075  0.9069  0.9065  0.9057  0.9056  0.9056  0.9056  0.9050  0.9045  0.9038  0.9038  0.9035
[49 : 64]:	0.9035  0.9017  0.9004  0.9002  0.8993  0.8986  0.8985  0.8979  0.8979  0.8978  0.8975  0.8975  0.8974  0.8972  0.8972  0.8969
2025-10-07 09:38:21 [INFO] [evolutionary_search.cc:727] Got 64 candidate(s) with evolutionary search
2025-10-07 09:38:21 [INFO] [evolutionary_search.cc:730] Sending 64 candidates(s) for measurement
2025-10-07 09:38:49 [INFO] [task_scheduler.cc:131] [Task #0: main] Trial #833: GFLOPs: 3684.5266. Time: 3.4862 us. Best GFLOPs: 4506.9340
2025-10-07 09:38:49 [INFO] [task_scheduler.cc:131] [Task #0: main] Trial #834: GFLOPs: 4262.8462. Time: 3.0133 us. Best GFLOPs: 4506.9340
2025-10-07 09:38:49 [INFO] [task_scheduler.cc:131] [Task #0: main] Trial #835: GFLOPs: 3866.8463. Time: 3.3218 us. Best GFLOPs: 4506.9340
2025-10-07 09:38:49 [INFO] [task_scheduler.cc:131] [Task #0: main] Trial #836: GFLOPs: 4055.5821. Time: 3.1673 us. Best GFLOPs: 4506.9340
2025-10-07 09:38:49 [INFO] [task_scheduler.cc:131] [Task #0: main] Trial #837: GFLOPs: 3689.7318. Time: 3.4813 us. Best GFLOPs: 4506.9340
2025-10-07 09:38:49 [INFO] [task_scheduler.cc:131] [Task #0: main] Trial #838: GFLOPs: 3746.4419. Time: 3.4286 us. Best GFLOPs: 4506.9340
2025-10-07 09:38:49 [INFO] [task_scheduler.cc:131] [Task #0: main] Trial #839: GFLOPs: 4329.5308. Time: 2.9668 us. Best GFLOPs: 4506.9340
2025-10-07 09:38:49 [INFO] [task_scheduler.cc:131] [Task #0: main] Trial #840: GFLOPs: 4072.7718. Time: 3.1539 us. Best GFLOPs: 4506.9340
2025-10-07 09:38:49 [INFO] [task_scheduler.cc:131] [Task #0: main] Trial #841: GFLOPs: 3740.8370. Time: 3.4337 us. Best GFLOPs: 4506.9340
2025-10-07 09:38:49 [INFO] [task_scheduler.cc:131] [Task #0: main] Trial #842: GFLOPs: 3571.2039. Time: 3.5968 us. Best GFLOPs: 4506.9340
2025-10-07 09:38:49 [INFO] [task_scheduler.cc:131] [Task #0: main] Trial #843: GFLOPs: 3970.9813. Time: 3.2347 us. Best GFLOPs: 4506.9340
2025-10-07 09:38:49 [INFO] [task_scheduler.cc:131] [Task #0: main] Trial #844: GFLOPs: 3806.5168. Time: 3.3745 us. Best GFLOPs: 4506.9340
2025-10-07 09:38:49 [INFO] [task_scheduler.cc:131] [Task #0: main] Trial #845: GFLOPs: 3883.8249. Time: 3.3073 us. Best GFLOPs: 4506.9340
2025-10-07 09:38:49 [INFO] [task_scheduler.cc:131] [Task #0: main] Trial #846: GFLOPs: 4080.4377. Time: 3.1480 us. Best GFLOPs: 4506.9340
2025-10-07 09:38:49 [INFO] [task_scheduler.cc:131] [Task #0: main] Trial #847: GFLOPs: 4368.8813. Time: 2.9401 us. Best GFLOPs: 4506.9340
2025-10-07 09:38:49 [INFO] [task_scheduler.cc:131] [Task #0: main] Trial #848: GFLOPs: 3931.0183. Time: 3.2676 us. Best GFLOPs: 4506.9340
2025-10-07 09:38:49 [INFO] [task_scheduler.cc:131] [Task #0: main] Trial #849: GFLOPs: 3764.8315. Time: 3.4119 us. Best GFLOPs: 4506.9340
2025-10-07 09:38:49 [INFO] [task_scheduler.cc:131] [Task #0: main] Trial #850: GFLOPs: 4048.2425. Time: 3.1730 us. Best GFLOPs: 4506.9340
2025-10-07 09:38:49 [INFO] [task_scheduler.cc:131] [Task #0: main] Trial #851: GFLOPs: 3693.9012. Time: 3.4774 us. Best GFLOPs: 4506.9340
2025-10-07 09:38:49 [INFO] [task_scheduler.cc:131] [Task #0: main] Trial #852: GFLOPs: 3694.3533. Time: 3.4769 us. Best GFLOPs: 4506.9340
2025-10-07 09:38:49 [INFO] [task_scheduler.cc:131] [Task #0: main] Trial #853: GFLOPs: 3603.6755. Time: 3.5644 us. Best GFLOPs: 4506.9340
2025-10-07 09:38:49 [INFO] [task_scheduler.cc:131] [Task #0: main] Trial #854: GFLOPs: 4318.6323. Time: 2.9743 us. Best GFLOPs: 4506.9340
2025-10-07 09:38:49 [INFO] [task_scheduler.cc:131] [Task #0: main] Trial #855: GFLOPs: 4155.5273. Time: 3.0911 us. Best GFLOPs: 4506.9340
2025-10-07 09:38:49 [INFO] [task_scheduler.cc:131] [Task #0: main] Trial #856: GFLOPs: 3893.1775. Time: 3.2994 us. Best GFLOPs: 4506.9340
2025-10-07 09:38:49 [INFO] [task_scheduler.cc:131] [Task #0: main] Trial #857: GFLOPs: 3979.5699. Time: 3.2277 us. Best GFLOPs: 4506.9340
2025-10-07 09:38:49 [INFO] [task_scheduler.cc:131] [Task #0: main] Trial #858: GFLOPs: 4093.7352. Time: 3.1377 us. Best GFLOPs: 4506.9340
2025-10-07 09:38:49 [INFO] [task_scheduler.cc:131] [Task #0: main] Trial #859: GFLOPs: 4407.9458. Time: 2.9141 us. Best GFLOPs: 4506.9340
2025-10-07 09:38:49 [INFO] [task_scheduler.cc:131] [Task #0: main] Trial #860: GFLOPs: 3995.6200. Time: 3.2148 us. Best GFLOPs: 4506.9340
2025-10-07 09:38:49 [INFO] [task_scheduler.cc:131] [Task #0: main] Trial #861: GFLOPs: 3959.3110. Time: 3.2443 us. Best GFLOPs: 4506.9340
2025-10-07 09:38:49 [INFO] [task_scheduler.cc:131] [Task #0: main] Trial #862: GFLOPs: 3718.2389. Time: 3.4546 us. Best GFLOPs: 4506.9340
2025-10-07 09:38:49 [INFO] [task_scheduler.cc:131] [Task #0: main] Trial #863: GFLOPs: 3397.9438. Time: 3.7802 us. Best GFLOPs: 4506.9340
2025-10-07 09:38:49 [INFO] [task_scheduler.cc:131] [Task #0: main] Trial #864: GFLOPs: 4213.1023. Time: 3.0488 us. Best GFLOPs: 4506.9340
2025-10-07 09:38:49 [INFO] [task_scheduler.cc:131] [Task #0: main] Trial #865: GFLOPs: 3817.3820. Time: 3.3649 us. Best GFLOPs: 4506.9340
2025-10-07 09:38:49 [INFO] [task_scheduler.cc:131] [Task #0: main] Trial #866: GFLOPs: 4006.6396. Time: 3.2059 us. Best GFLOPs: 4506.9340
2025-10-07 09:38:49 [INFO] [task_scheduler.cc:131] [Task #0: main] Trial #867: GFLOPs: 3808.5462. Time: 3.3727 us. Best GFLOPs: 4506.9340
2025-10-07 09:38:49 [INFO] [task_scheduler.cc:131] [Task #0: main] Trial #868: GFLOPs: 3483.1154. Time: 3.6878 us. Best GFLOPs: 4506.9340
2025-10-07 09:38:49 [INFO] [task_scheduler.cc:131] [Task #0: main] Trial #869: GFLOPs: 3969.7027. Time: 3.2358 us. Best GFLOPs: 4506.9340
2025-10-07 09:38:49 [INFO] [task_scheduler.cc:131] [Task #0: main] Trial #870: GFLOPs: 3589.5251. Time: 3.5785 us. Best GFLOPs: 4506.9340
2025-10-07 09:38:49 [INFO] [task_scheduler.cc:131] [Task #0: main] Trial #871: GFLOPs: 4033.0064. Time: 3.1850 us. Best GFLOPs: 4506.9340
2025-10-07 09:38:49 [INFO] [task_scheduler.cc:131] [Task #0: main] Trial #872: GFLOPs: 4144.8636. Time: 3.0990 us. Best GFLOPs: 4506.9340
2025-10-07 09:38:49 [INFO] [task_scheduler.cc:131] [Task #0: main] Trial #873: GFLOPs: 3508.0477. Time: 3.6616 us. Best GFLOPs: 4506.9340
2025-10-07 09:38:49 [INFO] [task_scheduler.cc:131] [Task #0: main] Trial #874: GFLOPs: 3668.9833. Time: 3.5010 us. Best GFLOPs: 4506.9340
2025-10-07 09:38:49 [INFO] [task_scheduler.cc:131] [Task #0: main] Trial #875: GFLOPs: 3415.5072. Time: 3.7608 us. Best GFLOPs: 4506.9340
2025-10-07 09:38:49 [INFO] [task_scheduler.cc:131] [Task #0: main] Trial #876: GFLOPs: 3756.3237. Time: 3.4196 us. Best GFLOPs: 4506.9340
2025-10-07 09:38:49 [INFO] [task_scheduler.cc:131] [Task #0: main] Trial #877: GFLOPs: 3702.0623. Time: 3.4697 us. Best GFLOPs: 4506.9340
2025-10-07 09:38:49 [INFO] [task_scheduler.cc:131] [Task #0: main] Trial #878: GFLOPs: 3935.8046. Time: 3.2636 us. Best GFLOPs: 4506.9340
2025-10-07 09:38:49 [INFO] [task_scheduler.cc:131] [Task #0: main] Trial #879: GFLOPs: 4276.3983. Time: 3.0037 us. Best GFLOPs: 4506.9340
2025-10-07 09:38:49 [INFO] [task_scheduler.cc:131] [Task #0: main] Trial #880: GFLOPs: 4389.9841. Time: 2.9260 us. Best GFLOPs: 4506.9340
2025-10-07 09:38:49 [INFO] [task_scheduler.cc:131] [Task #0: main] Trial #881: GFLOPs: 4418.1266. Time: 2.9074 us. Best GFLOPs: 4506.9340
2025-10-07 09:38:49 [INFO] [task_scheduler.cc:131] [Task #0: main] Trial #882: GFLOPs: 4423.6607. Time: 2.9037 us. Best GFLOPs: 4506.9340
2025-10-07 09:38:49 [INFO] [task_scheduler.cc:131] [Task #0: main] Trial #883: GFLOPs: 4424.1225. Time: 2.9034 us. Best GFLOPs: 4506.9340
2025-10-07 09:38:49 [INFO] [task_scheduler.cc:131] [Task #0: main] Trial #884: GFLOPs: 4472.6973. Time: 2.8719 us. Best GFLOPs: 4506.9340
2025-10-07 09:38:49 [INFO] [task_scheduler.cc:131] [Task #0: main] Trial #885: GFLOPs: 4350.0153. Time: 2.9529 us. Best GFLOPs: 4506.9340
2025-10-07 09:38:49 [INFO] [task_scheduler.cc:131] [Task #0: main] Trial #886: GFLOPs: 4248.2901. Time: 3.0236 us. Best GFLOPs: 4506.9340
2025-10-07 09:38:49 [INFO] [task_scheduler.cc:131] [Task #0: main] Trial #887: GFLOPs: 4329.0577. Time: 2.9672 us. Best GFLOPs: 4506.9340
2025-10-07 09:38:49 [INFO] [task_scheduler.cc:131] [Task #0: main] Trial #888: GFLOPs: 4462.6628. Time: 2.8783 us. Best GFLOPs: 4506.9340
2025-10-07 09:38:49 [INFO] [task_scheduler.cc:131] [Task #0: main] Trial #889: GFLOPs: 4141.9900. Time: 3.1012 us. Best GFLOPs: 4506.9340
2025-10-07 09:38:49 [INFO] [task_scheduler.cc:131] [Task #0: main] Trial #890: GFLOPs: 4245.5066. Time: 3.0256 us. Best GFLOPs: 4506.9340
2025-10-07 09:38:49 [INFO] [task_scheduler.cc:131] [Task #0: main] Trial #891: GFLOPs: 3647.0223. Time: 3.5221 us. Best GFLOPs: 4506.9340
2025-10-07 09:38:49 [INFO] [task_scheduler.cc:131] [Task #0: main] Trial #892: GFLOPs: 4007.0777. Time: 3.2056 us. Best GFLOPs: 4506.9340
2025-10-07 09:38:49 [INFO] [task_scheduler.cc:131] [Task #0: main] Trial #893: GFLOPs: 4204.5053. Time: 3.0551 us. Best GFLOPs: 4506.9340
2025-10-07 09:38:49 [INFO] [task_scheduler.cc:131] [Task #0: main] Trial #894: GFLOPs: 4557.8659. Time: 2.8182 us. Best GFLOPs: 4557.8659
2025-10-07 09:38:49 [INFO] [task_scheduler.cc:131] [Task #0: main] Trial #895: GFLOPs: 1463.3132. Time: 8.7781 us. Best GFLOPs: 4557.8659
2025-10-07 09:38:49 [INFO] [task_scheduler.cc:131] [Task #0: main] Trial #896: GFLOPs: 3717.4643. Time: 3.4553 us. Best GFLOPs: 4557.8659
2025-10-07 09:38:49 [INFO] [evolutionary_search.cc:713] Generating candidates......
2025-10-07 09:38:50 [INFO] [evolutionary_search.cc:715] Picked top 102 candidate(s) from database
2025-10-07 09:38:54 [INFO] [evolutionary_search.cc:533] Sample-Init-Population summary:
Postproc #0 [meta_schedule.DisallowDynamicLoop(0x1078b738)]: 0 failure(s)
Postproc #1 [meta_schedule.RewriteCooperativeFetch(0x10c5e018)]: 0 failure(s)
Postproc #2 [meta_schedule.RewriteUnboundBlock(0x1096b2a8)]: 0 failure(s)
Postproc #3 [meta_schedule.RewriteParallelVectorizeUnroll(0x106bee48)]: 0 failure(s)
Postproc #4 [meta_schedule.RewriteReductionBlock(0xe624028)]: 0 failure(s)
Postproc #5 [meta_schedule.VerifyGPUCode(0x1118ae28)]: 266 failure(s)
Postproc #6 [meta_schedule.RewriteTensorize(0x109d42a8)]: 0 failure(s)
2025-10-07 09:38:54 [INFO] [evolutionary_search.cc:723] Sampled 144 candidate(s)
2025-10-07 09:39:00 [INFO] [evolutionary_search.cc:621] Evolve iter #0 done. Summary:
Postproc #0 [meta_schedule.DisallowDynamicLoop(0x1078b738)]: 0 failure(s)
Postproc #1 [meta_schedule.RewriteCooperativeFetch(0x10c5e018)]: 0 failure(s)
Postproc #2 [meta_schedule.RewriteUnboundBlock(0x1096b2a8)]: 0 failure(s)
Postproc #3 [meta_schedule.RewriteParallelVectorizeUnroll(0x106bee48)]: 0 failure(s)
Postproc #4 [meta_schedule.RewriteReductionBlock(0xe624028)]: 0 failure(s)
Postproc #5 [meta_schedule.VerifyGPUCode(0x1118ae28)]: 76 failure(s)
Postproc #6 [meta_schedule.RewriteTensorize(0x109d42a8)]: 0 failure(s)
2025-10-07 09:39:07 [INFO] [evolutionary_search.cc:621] Evolve iter #1 done. Summary:
Postproc #0 [meta_schedule.DisallowDynamicLoop(0x1078b738)]: 0 failure(s)
Postproc #1 [meta_schedule.RewriteCooperativeFetch(0x10c5e018)]: 0 failure(s)
Postproc #2 [meta_schedule.RewriteUnboundBlock(0x1096b2a8)]: 0 failure(s)
Postproc #3 [meta_schedule.RewriteParallelVectorizeUnroll(0x106bee48)]: 0 failure(s)
Postproc #4 [meta_schedule.RewriteReductionBlock(0xe624028)]: 0 failure(s)
Postproc #5 [meta_schedule.VerifyGPUCode(0x1118ae28)]: 86 failure(s)
Postproc #6 [meta_schedule.RewriteTensorize(0x109d42a8)]: 0 failure(s)
2025-10-07 09:39:13 [INFO] [evolutionary_search.cc:621] Evolve iter #2 done. Summary:
Postproc #0 [meta_schedule.DisallowDynamicLoop(0x1078b738)]: 0 failure(s)
Postproc #1 [meta_schedule.RewriteCooperativeFetch(0x10c5e018)]: 0 failure(s)
Postproc #2 [meta_schedule.RewriteUnboundBlock(0x1096b2a8)]: 0 failure(s)
Postproc #3 [meta_schedule.RewriteParallelVectorizeUnroll(0x106bee48)]: 0 failure(s)
Postproc #4 [meta_schedule.RewriteReductionBlock(0xe624028)]: 0 failure(s)
Postproc #5 [meta_schedule.VerifyGPUCode(0x1118ae28)]: 59 failure(s)
Postproc #6 [meta_schedule.RewriteTensorize(0x109d42a8)]: 0 failure(s)
2025-10-07 09:39:20 [INFO] [evolutionary_search.cc:621] Evolve iter #3 done. Summary:
Postproc #0 [meta_schedule.DisallowDynamicLoop(0x1078b738)]: 0 failure(s)
Postproc #1 [meta_schedule.RewriteCooperativeFetch(0x10c5e018)]: 0 failure(s)
Postproc #2 [meta_schedule.RewriteUnboundBlock(0x1096b2a8)]: 0 failure(s)
Postproc #3 [meta_schedule.RewriteParallelVectorizeUnroll(0x106bee48)]: 0 failure(s)
Postproc #4 [meta_schedule.RewriteReductionBlock(0xe624028)]: 0 failure(s)
Postproc #5 [meta_schedule.VerifyGPUCode(0x1118ae28)]: 78 failure(s)
Postproc #6 [meta_schedule.RewriteTensorize(0x109d42a8)]: 0 failure(s)
2025-10-07 09:39:21 [INFO] [evolutionary_search.cc:649] Scores of the best 64 candidates:
[1 : 16]:	0.9835  0.9486  0.9400  0.9341  0.9315  0.9315  0.9315  0.9262  0.9255  0.9252  0.9233  0.9233  0.9232  0.9223  0.9210  0.9210
[17 : 32]:	0.9203  0.9203  0.9192  0.9170  0.9141  0.9141  0.9140  0.9139  0.9134  0.9133  0.9111  0.9091  0.9088  0.9083  0.9083  0.9068
[33 : 48]:	0.9062  0.9058  0.9029  0.9004  0.8993  0.8992  0.8991  0.8968  0.8966  0.8965  0.8952  0.8941  0.8930  0.8928  0.8928  0.8928
[49 : 64]:	0.8928  0.8918  0.8917  0.8917  0.8917  0.8915  0.8915  0.8915  0.8915  0.8902  0.8890  0.8888  0.8886  0.8885  0.8884  0.8874
2025-10-07 09:39:22 [INFO] [evolutionary_search.cc:727] Got 64 candidate(s) with evolutionary search
2025-10-07 09:39:22 [INFO] [evolutionary_search.cc:730] Sending 64 candidates(s) for measurement
2025-10-07 09:39:49 [INFO] [task_scheduler.cc:131] [Task #0: main] Trial #897: GFLOPs: 4177.5099. Time: 3.0748 us. Best GFLOPs: 4557.8659
2025-10-07 09:39:49 [INFO] [task_scheduler.cc:131] [Task #0: main] Trial #898: GFLOPs: 4130.5748. Time: 3.1098 us. Best GFLOPs: 4557.8659
2025-10-07 09:39:49 [INFO] [task_scheduler.cc:131] [Task #0: main] Trial #899: GFLOPs: 4209.8486. Time: 3.0512 us. Best GFLOPs: 4557.8659
2025-10-07 09:39:49 [INFO] [task_scheduler.cc:131] [Task #0: main] Trial #900: GFLOPs: 4111.8792. Time: 3.1239 us. Best GFLOPs: 4557.8659
2025-10-07 09:39:49 [INFO] [task_scheduler.cc:131] [Task #0: main] Trial #901: GFLOPs: 3846.2739. Time: 3.3396 us. Best GFLOPs: 4557.8659
2025-10-07 09:39:49 [INFO] [task_scheduler.cc:131] [Task #0: main] Trial #902: GFLOPs: 1982.5486. Time: 6.4791 us. Best GFLOPs: 4557.8659
2025-10-07 09:39:49 [INFO] [task_scheduler.cc:131] [Task #0: main] Trial #903: GFLOPs: 3552.9376. Time: 3.6153 us. Best GFLOPs: 4557.8659
2025-10-07 09:39:49 [INFO] [task_scheduler.cc:131] [Task #0: main] Trial #904: GFLOPs: 3671.7990. Time: 3.4983 us. Best GFLOPs: 4557.8659
2025-10-07 09:39:49 [INFO] [task_scheduler.cc:131] [Task #0: main] Trial #905: GFLOPs: 3813.2353. Time: 3.3685 us. Best GFLOPs: 4557.8659
2025-10-07 09:39:49 [INFO] [task_scheduler.cc:131] [Task #0: main] Trial #906: GFLOPs: 3436.9289. Time: 3.7374 us. Best GFLOPs: 4557.8659
2025-10-07 09:39:49 [INFO] [task_scheduler.cc:131] [Task #0: main] Trial #907: GFLOPs: 4054.5046. Time: 3.1681 us. Best GFLOPs: 4557.8659
2025-10-07 09:39:49 [INFO] [task_scheduler.cc:131] [Task #0: main] Trial #908: GFLOPs: 3925.8071. Time: 3.2720 us. Best GFLOPs: 4557.8659
2025-10-07 09:39:49 [INFO] [task_scheduler.cc:131] [Task #0: main] Trial #909: GFLOPs: 3621.0556. Time: 3.5473 us. Best GFLOPs: 4557.8659
2025-10-07 09:39:49 [INFO] [task_scheduler.cc:131] [Task #0: main] Trial #910: GFLOPs: 4333.5520. Time: 2.9641 us. Best GFLOPs: 4557.8659
2025-10-07 09:39:49 [INFO] [task_scheduler.cc:131] [Task #0: main] Trial #911: GFLOPs: 3986.9786. Time: 3.2218 us. Best GFLOPs: 4557.8659
2025-10-07 09:39:49 [INFO] [task_scheduler.cc:131] [Task #0: main] Trial #912: GFLOPs: 3550.2081. Time: 3.6181 us. Best GFLOPs: 4557.8659
2025-10-07 09:39:49 [INFO] [task_scheduler.cc:131] [Task #0: main] Trial #913: GFLOPs: 3659.2663. Time: 3.5103 us. Best GFLOPs: 4557.8659
2025-10-07 09:39:49 [INFO] [task_scheduler.cc:131] [Task #0: main] Trial #914: GFLOPs: 3539.0910. Time: 3.6295 us. Best GFLOPs: 4557.8659
2025-10-07 09:39:49 [INFO] [task_scheduler.cc:131] [Task #0: main] Trial #915: GFLOPs: 3757.4290. Time: 3.4186 us. Best GFLOPs: 4557.8659
2025-10-07 09:39:49 [INFO] [task_scheduler.cc:131] [Task #0: main] Trial #916: GFLOPs: 4271.4247. Time: 3.0072 us. Best GFLOPs: 4557.8659
2025-10-07 09:39:49 [INFO] [task_scheduler.cc:131] [Task #0: main] Trial #917: GFLOPs: 3997.1691. Time: 3.2135 us. Best GFLOPs: 4557.8659
2025-10-07 09:39:49 [INFO] [task_scheduler.cc:131] [Task #0: main] Trial #918: GFLOPs: 3709.2884. Time: 3.4629 us. Best GFLOPs: 4557.8659
2025-10-07 09:39:49 [INFO] [task_scheduler.cc:131] [Task #0: main] Trial #919: GFLOPs: 3955.0861. Time: 3.2477 us. Best GFLOPs: 4557.8659
2025-10-07 09:39:49 [INFO] [task_scheduler.cc:131] [Task #0: main] Trial #920: GFLOPs: 3677.9662. Time: 3.4924 us. Best GFLOPs: 4557.8659
2025-10-07 09:39:49 [INFO] [task_scheduler.cc:131] [Task #0: main] Trial #921: GFLOPs: 4016.7866. Time: 3.1978 us. Best GFLOPs: 4557.8659
2025-10-07 09:39:49 [INFO] [task_scheduler.cc:131] [Task #0: main] Trial #922: GFLOPs: 4442.7595. Time: 2.8912 us. Best GFLOPs: 4557.8659
2025-10-07 09:39:49 [INFO] [task_scheduler.cc:131] [Task #0: main] Trial #923: GFLOPs: 4094.0300. Time: 3.1375 us. Best GFLOPs: 4557.8659
2025-10-07 09:39:49 [INFO] [task_scheduler.cc:131] [Task #0: main] Trial #924: GFLOPs: 3619.5699. Time: 3.5488 us. Best GFLOPs: 4557.8659
2025-10-07 09:39:49 [INFO] [task_scheduler.cc:131] [Task #0: main] Trial #925: GFLOPs: 3630.3387. Time: 3.5383 us. Best GFLOPs: 4557.8659
2025-10-07 09:39:49 [INFO] [task_scheduler.cc:131] [Task #0: main] Trial #926: GFLOPs: 3938.7431. Time: 3.2612 us. Best GFLOPs: 4557.8659
2025-10-07 09:39:49 [INFO] [task_scheduler.cc:131] [Task #0: main] Trial #927: GFLOPs: 3596.8984. Time: 3.5711 us. Best GFLOPs: 4557.8659
2025-10-07 09:39:49 [INFO] [task_scheduler.cc:131] [Task #0: main] Trial #928: GFLOPs: 4125.6247. Time: 3.1135 us. Best GFLOPs: 4557.8659
2025-10-07 09:39:49 [INFO] [task_scheduler.cc:131] [Task #0: main] Trial #929: GFLOPs: 4057.4315. Time: 3.1658 us. Best GFLOPs: 4557.8659
2025-10-07 09:39:49 [INFO] [task_scheduler.cc:131] [Task #0: main] Trial #930: GFLOPs: 3346.7877. Time: 3.8380 us. Best GFLOPs: 4557.8659
2025-10-07 09:39:49 [INFO] [task_scheduler.cc:131] [Task #0: main] Trial #931: GFLOPs: 3482.6803. Time: 3.6883 us. Best GFLOPs: 4557.8659
2025-10-07 09:39:49 [INFO] [task_scheduler.cc:131] [Task #0: main] Trial #932: GFLOPs: 4179.1637. Time: 3.0736 us. Best GFLOPs: 4557.8659
2025-10-07 09:39:49 [INFO] [task_scheduler.cc:131] [Task #0: main] Trial #933: GFLOPs: 4154.7392. Time: 3.0917 us. Best GFLOPs: 4557.8659
2025-10-07 09:39:49 [INFO] [task_scheduler.cc:131] [Task #0: main] Trial #934: GFLOPs: 4283.4925. Time: 2.9987 us. Best GFLOPs: 4557.8659
2025-10-07 09:39:49 [INFO] [task_scheduler.cc:131] [Task #0: main] Trial #935: GFLOPs: 4298.4116. Time: 2.9883 us. Best GFLOPs: 4557.8659
2025-10-07 09:39:49 [INFO] [task_scheduler.cc:131] [Task #0: main] Trial #936: GFLOPs: 4038.7331. Time: 3.1805 us. Best GFLOPs: 4557.8659
2025-10-07 09:39:49 [INFO] [task_scheduler.cc:131] [Task #0: main] Trial #937: GFLOPs: 3437.9716. Time: 3.7362 us. Best GFLOPs: 4557.8659
2025-10-07 09:39:49 [INFO] [task_scheduler.cc:131] [Task #0: main] Trial #938: GFLOPs: 4282.9928. Time: 2.9991 us. Best GFLOPs: 4557.8659
2025-10-07 09:39:49 [INFO] [task_scheduler.cc:131] [Task #0: main] Trial #939: GFLOPs: 3470.4706. Time: 3.7012 us. Best GFLOPs: 4557.8659
2025-10-07 09:39:49 [INFO] [task_scheduler.cc:131] [Task #0: main] Trial #940: GFLOPs: 4134.3069. Time: 3.1069 us. Best GFLOPs: 4557.8659
2025-10-07 09:39:49 [INFO] [task_scheduler.cc:131] [Task #0: main] Trial #941: GFLOPs: 4204.0778. Time: 3.0554 us. Best GFLOPs: 4557.8659
2025-10-07 09:39:49 [INFO] [task_scheduler.cc:131] [Task #0: main] Trial #942: GFLOPs: 4216.4318. Time: 3.0464 us. Best GFLOPs: 4557.8659
2025-10-07 09:39:49 [INFO] [task_scheduler.cc:131] [Task #0: main] Trial #943: GFLOPs: 3343.9279. Time: 3.8413 us. Best GFLOPs: 4557.8659
2025-10-07 09:39:49 [INFO] [task_scheduler.cc:131] [Task #0: main] Trial #944: GFLOPs: 3814.8981. Time: 3.3671 us. Best GFLOPs: 4557.8659
2025-10-07 09:39:49 [INFO] [task_scheduler.cc:131] [Task #0: main] Trial #945: GFLOPs: 4394.3214. Time: 2.9231 us. Best GFLOPs: 4557.8659
2025-10-07 09:39:49 [INFO] [task_scheduler.cc:131] [Task #0: main] Trial #946: GFLOPs: 3966.8101. Time: 3.2381 us. Best GFLOPs: 4557.8659
2025-10-07 09:39:49 [INFO] [task_scheduler.cc:131] [Task #0: main] Trial #947: GFLOPs: 3730.6279. Time: 3.4431 us. Best GFLOPs: 4557.8659
2025-10-07 09:39:49 [INFO] [task_scheduler.cc:131] [Task #0: main] Trial #948: GFLOPs: 3580.0948. Time: 3.5879 us. Best GFLOPs: 4557.8659
2025-10-07 09:39:49 [INFO] [task_scheduler.cc:131] [Task #0: main] Trial #949: GFLOPs: 4049.5288. Time: 3.1720 us. Best GFLOPs: 4557.8659
2025-10-07 09:39:49 [INFO] [task_scheduler.cc:131] [Task #0: main] Trial #950: GFLOPs: 4203.4939. Time: 3.0558 us. Best GFLOPs: 4557.8659
2025-10-07 09:39:49 [INFO] [task_scheduler.cc:131] [Task #0: main] Trial #951: GFLOPs: 3605.9101. Time: 3.5622 us. Best GFLOPs: 4557.8659
2025-10-07 09:39:49 [INFO] [task_scheduler.cc:131] [Task #0: main] Trial #952: GFLOPs: 4438.6723. Time: 2.8939 us. Best GFLOPs: 4557.8659
2025-10-07 09:39:49 [INFO] [task_scheduler.cc:131] [Task #0: main] Trial #953: GFLOPs: 4104.3925. Time: 3.1296 us. Best GFLOPs: 4557.8659
2025-10-07 09:39:49 [INFO] [task_scheduler.cc:131] [Task #0: main] Trial #954: GFLOPs: 3699.3611. Time: 3.4722 us. Best GFLOPs: 4557.8659
2025-10-07 09:39:49 [INFO] [task_scheduler.cc:131] [Task #0: main] Trial #955: GFLOPs: 4106.6381. Time: 3.1279 us. Best GFLOPs: 4557.8659
2025-10-07 09:39:49 [INFO] [task_scheduler.cc:131] [Task #0: main] Trial #956: GFLOPs: 4053.6552. Time: 3.1688 us. Best GFLOPs: 4557.8659
2025-10-07 09:39:49 [INFO] [task_scheduler.cc:131] [Task #0: main] Trial #957: GFLOPs: 4263.5962. Time: 3.0127 us. Best GFLOPs: 4557.8659
2025-10-07 09:39:49 [INFO] [task_scheduler.cc:131] [Task #0: main] Trial #958: GFLOPs: 1631.0517. Time: 7.8753 us. Best GFLOPs: 4557.8659
2025-10-07 09:39:49 [INFO] [task_scheduler.cc:131] [Task #0: main] Trial #959: GFLOPs: 3508.8938. Time: 3.6607 us. Best GFLOPs: 4557.8659
2025-10-07 09:39:49 [INFO] [task_scheduler.cc:131] [Task #0: main] Trial #960: GFLOPs: 3181.4679. Time: 4.0375 us. Best GFLOPs: 4557.8659
2025-10-07 09:39:49 [INFO] [evolutionary_search.cc:713] Generating candidates......
2025-10-07 09:39:50 [INFO] [evolutionary_search.cc:715] Picked top 102 candidate(s) from database
2025-10-07 09:39:54 [INFO] [evolutionary_search.cc:533] Sample-Init-Population summary:
Postproc #0 [meta_schedule.DisallowDynamicLoop(0x1078b738)]: 0 failure(s)
Postproc #1 [meta_schedule.RewriteCooperativeFetch(0x10c5e018)]: 0 failure(s)
Postproc #2 [meta_schedule.RewriteUnboundBlock(0x1096b2a8)]: 0 failure(s)
Postproc #3 [meta_schedule.RewriteParallelVectorizeUnroll(0x106bee48)]: 0 failure(s)
Postproc #4 [meta_schedule.RewriteReductionBlock(0xe624028)]: 0 failure(s)
Postproc #5 [meta_schedule.VerifyGPUCode(0x1118ae28)]: 262 failure(s)
Postproc #6 [meta_schedule.RewriteTensorize(0x109d42a8)]: 0 failure(s)
2025-10-07 09:39:54 [INFO] [evolutionary_search.cc:723] Sampled 148 candidate(s)
2025-10-07 09:40:00 [INFO] [evolutionary_search.cc:621] Evolve iter #0 done. Summary:
Postproc #0 [meta_schedule.DisallowDynamicLoop(0x1078b738)]: 0 failure(s)
Postproc #1 [meta_schedule.RewriteCooperativeFetch(0x10c5e018)]: 0 failure(s)
Postproc #2 [meta_schedule.RewriteUnboundBlock(0x1096b2a8)]: 0 failure(s)
Postproc #3 [meta_schedule.RewriteParallelVectorizeUnroll(0x106bee48)]: 0 failure(s)
Postproc #4 [meta_schedule.RewriteReductionBlock(0xe624028)]: 0 failure(s)
Postproc #5 [meta_schedule.VerifyGPUCode(0x1118ae28)]: 60 failure(s)
Postproc #6 [meta_schedule.RewriteTensorize(0x109d42a8)]: 0 failure(s)
2025-10-07 09:40:07 [INFO] [evolutionary_search.cc:621] Evolve iter #1 done. Summary:
Postproc #0 [meta_schedule.DisallowDynamicLoop(0x1078b738)]: 0 failure(s)
Postproc #1 [meta_schedule.RewriteCooperativeFetch(0x10c5e018)]: 0 failure(s)
Postproc #2 [meta_schedule.RewriteUnboundBlock(0x1096b2a8)]: 0 failure(s)
Postproc #3 [meta_schedule.RewriteParallelVectorizeUnroll(0x106bee48)]: 0 failure(s)
Postproc #4 [meta_schedule.RewriteReductionBlock(0xe624028)]: 0 failure(s)
Postproc #5 [meta_schedule.VerifyGPUCode(0x1118ae28)]: 85 failure(s)
Postproc #6 [meta_schedule.RewriteTensorize(0x109d42a8)]: 0 failure(s)
2025-10-07 09:40:14 [INFO] [evolutionary_search.cc:621] Evolve iter #2 done. Summary:
Postproc #0 [meta_schedule.DisallowDynamicLoop(0x1078b738)]: 0 failure(s)
Postproc #1 [meta_schedule.RewriteCooperativeFetch(0x10c5e018)]: 0 failure(s)
Postproc #2 [meta_schedule.RewriteUnboundBlock(0x1096b2a8)]: 0 failure(s)
Postproc #3 [meta_schedule.RewriteParallelVectorizeUnroll(0x106bee48)]: 0 failure(s)
Postproc #4 [meta_schedule.RewriteReductionBlock(0xe624028)]: 0 failure(s)
Postproc #5 [meta_schedule.VerifyGPUCode(0x1118ae28)]: 62 failure(s)
Postproc #6 [meta_schedule.RewriteTensorize(0x109d42a8)]: 0 failure(s)
2025-10-07 09:40:21 [INFO] [evolutionary_search.cc:621] Evolve iter #3 done. Summary:
Postproc #0 [meta_schedule.DisallowDynamicLoop(0x1078b738)]: 0 failure(s)
Postproc #1 [meta_schedule.RewriteCooperativeFetch(0x10c5e018)]: 0 failure(s)
Postproc #2 [meta_schedule.RewriteUnboundBlock(0x1096b2a8)]: 0 failure(s)
Postproc #3 [meta_schedule.RewriteParallelVectorizeUnroll(0x106bee48)]: 0 failure(s)
Postproc #4 [meta_schedule.RewriteReductionBlock(0xe624028)]: 0 failure(s)
Postproc #5 [meta_schedule.VerifyGPUCode(0x1118ae28)]: 85 failure(s)
Postproc #6 [meta_schedule.RewriteTensorize(0x109d42a8)]: 0 failure(s)
2025-10-07 09:40:22 [INFO] [evolutionary_search.cc:649] Scores of the best 40 candidates:
[1 : 16]:	0.9653  0.9361  0.9258  0.9244  0.9241  0.9204  0.9175  0.9158  0.9123  0.9099  0.9090  0.9090  0.9090  0.9061  0.9028  0.9006
[17 : 32]:	0.8985  0.8984  0.8966  0.8958  0.8951  0.8938  0.8935  0.8931  0.8925  0.8920  0.8918  0.8918  0.8913  0.8913  0.8911  0.8901
[33 : 40]:	0.8891  0.8888  0.8886  0.8886  0.8875  0.8874  0.8871  0.8863
2025-10-07 09:40:23 [INFO] [evolutionary_search.cc:727] Got 40 candidate(s) with evolutionary search
2025-10-07 09:40:23 [INFO] [evolutionary_search.cc:730] Sending 40 candidates(s) for measurement
2025-10-07 09:40:42 [INFO] [task_scheduler.cc:131] [Task #0: main] Trial #961: GFLOPs: 4346.2765. Time: 2.9554 us. Best GFLOPs: 4557.8659
2025-10-07 09:40:42 [INFO] [task_scheduler.cc:131] [Task #0: main] Trial #962: GFLOPs: 3867.5600. Time: 3.3212 us. Best GFLOPs: 4557.8659
2025-10-07 09:40:42 [INFO] [task_scheduler.cc:131] [Task #0: main] Trial #963: GFLOPs: 4135.5916. Time: 3.1060 us. Best GFLOPs: 4557.8659
2025-10-07 09:40:42 [INFO] [task_scheduler.cc:131] [Task #0: main] Trial #964: GFLOPs: 4184.9995. Time: 3.0693 us. Best GFLOPs: 4557.8659
2025-10-07 09:40:42 [INFO] [task_scheduler.cc:131] [Task #0: main] Trial #965: GFLOPs: 3512.1470. Time: 3.6573 us. Best GFLOPs: 4557.8659
2025-10-07 09:40:42 [INFO] [task_scheduler.cc:131] [Task #0: main] Trial #966: GFLOPs: 4178.4317. Time: 3.0741 us. Best GFLOPs: 4557.8659
2025-10-07 09:40:42 [INFO] [task_scheduler.cc:131] [Task #0: main] Trial #967: GFLOPs: 3950.5735. Time: 3.2514 us. Best GFLOPs: 4557.8659
2025-10-07 09:40:42 [INFO] [task_scheduler.cc:131] [Task #0: main] Trial #968: GFLOPs: 3686.3997. Time: 3.4844 us. Best GFLOPs: 4557.8659
2025-10-07 09:40:42 [INFO] [task_scheduler.cc:131] [Task #0: main] Trial #969: GFLOPs: 3572.9014. Time: 3.5951 us. Best GFLOPs: 4557.8659
2025-10-07 09:40:42 [INFO] [task_scheduler.cc:131] [Task #0: main] Trial #970: GFLOPs: 4109.1805. Time: 3.1259 us. Best GFLOPs: 4557.8659
2025-10-07 09:40:42 [INFO] [task_scheduler.cc:131] [Task #0: main] Trial #971: GFLOPs: 4068.0984. Time: 3.1575 us. Best GFLOPs: 4557.8659
2025-10-07 09:40:42 [INFO] [task_scheduler.cc:131] [Task #0: main] Trial #972: GFLOPs: 3619.1041. Time: 3.5492 us. Best GFLOPs: 4557.8659
2025-10-07 09:40:42 [INFO] [task_scheduler.cc:131] [Task #0: main] Trial #973: GFLOPs: 3886.3782. Time: 3.3051 us. Best GFLOPs: 4557.8659
2025-10-07 09:40:42 [INFO] [task_scheduler.cc:131] [Task #0: main] Trial #974: GFLOPs: 3920.7183. Time: 3.2762 us. Best GFLOPs: 4557.8659
2025-10-07 09:40:42 [INFO] [task_scheduler.cc:131] [Task #0: main] Trial #975: GFLOPs: 3958.5940. Time: 3.2449 us. Best GFLOPs: 4557.8659
2025-10-07 09:40:42 [INFO] [task_scheduler.cc:131] [Task #0: main] Trial #976: GFLOPs: 4017.0183. Time: 3.1977 us. Best GFLOPs: 4557.8659
2025-10-07 09:40:42 [INFO] [task_scheduler.cc:131] [Task #0: main] Trial #977: GFLOPs: 4457.6517. Time: 2.8816 us. Best GFLOPs: 4557.8659
2025-10-07 09:40:42 [INFO] [task_scheduler.cc:131] [Task #0: main] Trial #978: GFLOPs: 4326.5945. Time: 2.9689 us. Best GFLOPs: 4557.8659
2025-10-07 09:40:42 [INFO] [task_scheduler.cc:131] [Task #0: main] Trial #979: GFLOPs: 4042.0575. Time: 3.1779 us. Best GFLOPs: 4557.8659
2025-10-07 09:40:42 [INFO] [task_scheduler.cc:131] [Task #0: main] Trial #980: GFLOPs: 4462.1145. Time: 2.8787 us. Best GFLOPs: 4557.8659
2025-10-07 09:40:42 [INFO] [task_scheduler.cc:131] [Task #0: main] Trial #981: GFLOPs: 3733.9108. Time: 3.4401 us. Best GFLOPs: 4557.8659
2025-10-07 09:40:42 [INFO] [task_scheduler.cc:131] [Task #0: main] Trial #982: GFLOPs: 4224.1583. Time: 3.0409 us. Best GFLOPs: 4557.8659
2025-10-07 09:40:42 [INFO] [task_scheduler.cc:131] [Task #0: main] Trial #983: GFLOPs: 3544.9649. Time: 3.6235 us. Best GFLOPs: 4557.8659
2025-10-07 09:40:42 [INFO] [task_scheduler.cc:131] [Task #0: main] Trial #984: GFLOPs: 3969.3084. Time: 3.2361 us. Best GFLOPs: 4557.8659
2025-10-07 09:40:42 [INFO] [task_scheduler.cc:131] [Task #0: main] Trial #985: GFLOPs: 3941.3166. Time: 3.2591 us. Best GFLOPs: 4557.8659
2025-10-07 09:40:42 [INFO] [task_scheduler.cc:131] [Task #0: main] Trial #986: GFLOPs: 4181.5894. Time: 3.0718 us. Best GFLOPs: 4557.8659
2025-10-07 09:40:42 [INFO] [task_scheduler.cc:131] [Task #0: main] Trial #987: GFLOPs: 3594.9705. Time: 3.5731 us. Best GFLOPs: 4557.8659
2025-10-07 09:40:42 [INFO] [task_scheduler.cc:131] [Task #0: main] Trial #988: GFLOPs: 3967.1254. Time: 3.2379 us. Best GFLOPs: 4557.8659
2025-10-07 09:40:42 [INFO] [task_scheduler.cc:131] [Task #0: main] Trial #989: GFLOPs: 3956.8661. Time: 3.2463 us. Best GFLOPs: 4557.8659
2025-10-07 09:40:42 [INFO] [task_scheduler.cc:131] [Task #0: main] Trial #990: GFLOPs: 3749.4738. Time: 3.4258 us. Best GFLOPs: 4557.8659
2025-10-07 09:40:42 [INFO] [task_scheduler.cc:131] [Task #0: main] Trial #991: GFLOPs: 3970.3935. Time: 3.2352 us. Best GFLOPs: 4557.8659
2025-10-07 09:40:42 [INFO] [task_scheduler.cc:131] [Task #0: main] Trial #992: GFLOPs: 3458.6744. Time: 3.7139 us. Best GFLOPs: 4557.8659
2025-10-07 09:40:42 [INFO] [task_scheduler.cc:131] [Task #0: main] Trial #993: GFLOPs: 3631.5060. Time: 3.5371 us. Best GFLOPs: 4557.8659
2025-10-07 09:40:42 [INFO] [task_scheduler.cc:131] [Task #0: main] Trial #994: GFLOPs: 3855.9565. Time: 3.3312 us. Best GFLOPs: 4557.8659
2025-10-07 09:40:42 [INFO] [task_scheduler.cc:131] [Task #0: main] Trial #995: GFLOPs: 3435.3810. Time: 3.7390 us. Best GFLOPs: 4557.8659
2025-10-07 09:40:42 [INFO] [task_scheduler.cc:131] [Task #0: main] Trial #996: GFLOPs: 4296.3882. Time: 2.9897 us. Best GFLOPs: 4557.8659
2025-10-07 09:40:42 [INFO] [task_scheduler.cc:131] [Task #0: main] Trial #997: GFLOPs: 3879.1415. Time: 3.3113 us. Best GFLOPs: 4557.8659
2025-10-07 09:40:42 [INFO] [task_scheduler.cc:131] [Task #0: main] Trial #998: GFLOPs: 3831.5726. Time: 3.3524 us. Best GFLOPs: 4557.8659
2025-10-07 09:40:42 [INFO] [task_scheduler.cc:131] [Task #0: main] Trial #999: GFLOPs: 4190.2579. Time: 3.0655 us. Best GFLOPs: 4557.8659
2025-10-07 09:40:42 [INFO] [task_scheduler.cc:131] [Task #0: main] Trial #1000: GFLOPs: 2215.5487. Time: 5.7977 us. Best GFLOPs: 4557.8659
