layer,gflops
layer_0,12464.0841
layer_0,5117.0213
layer_0,10327.1261
layer_0,14971.2774
layer_0,11405.4658
layer_0,14250.8213
layer_0,3545.8037
layer_0,10754.2367
layer_0,8768.7102
layer_0,2416.8417
layer_0,8113.1688
layer_0,8759.7922
layer_0,10509.6738
layer_0,4569.3797
layer_0,3028.2455
layer_0,6509.8631
layer_0,13052.536
layer_0,9608.8182
layer_0,7070.9682
layer_0,6295.893
layer_0,7176.9718
layer_0,13868.7303
layer_0,17371.1749
layer_0,11407.2578
layer_0,3346.4386
layer_0,7790.2126
layer_0,7898.1037
layer_0,10941.6597
layer_0,7428.3664
layer_0,1321.758
layer_0,4879.8529
layer_0,14741.6792
layer_0,1727.9257
layer_0,7922.1832
layer_0,3158.9092
layer_0,9584.6866
layer_0,3189.9061
layer_0,4856.7719
layer_0,6527.9258
layer_0,7837.64
layer_0,3255.4869
layer_0,9385.051
layer_0,3836.5769
layer_0,14566.3746
layer_0,6792.0361
layer_0,1775.2352
layer_0,15762.8421
layer_0,19859.8748
layer_0,13279.3526
layer_0,21324.1564
layer_0,8215.4939
layer_0,1672.2607
layer_0,12596.9056
layer_0,7549.1652
layer_0,2362.9674
layer_0,10455.5703
layer_0,7507.8808
layer_0,3187.5333
layer_0,4761.3756
layer_0,3785.9621
layer_0,3181.3605
layer_0,5056.6302
layer_0,3173.3063
layer_0,15163.093
layer_0,953.6288
layer_0,7521.2653
layer_0,7309.0116
layer_0,2866.8041
layer_0,13639.0185
layer_0,14917.632
layer_0,4817.6204
layer_0,11055.3202
layer_0,2445.992
layer_0,12067.945
layer_0,13591.9102
layer_0,8598.6151
layer_0,10764.1381
layer_0,1717.5403
layer_0,8520.5408
layer_0,9376.109
layer_0,5039.3472
layer_0,8781.2135
layer_0,5185.5826
layer_0,6493.0995
layer_0,1252.0717
layer_0,4666.731
layer_0,13424.2666
layer_0,9027.3014
layer_0,20706.727
layer_0,1531.3428
layer_0,20402.9499
layer_0,14261.3372
layer_0,9391.6454
layer_0,7139.0809
layer_0,8590.5621
layer_0,4337.1904
layer_0,15188.9095
layer_0,2811.0551
layer_0,9814.978
layer_0,14269.2309
layer_0,9623.4595
layer_0,11491.2403
layer_0,7820.8461
layer_0,15913.4649
layer_0,9664.5609
layer_0,10778.4739
layer_0,9392.4871
layer_0,7687.1813
layer_0,1596.7488
layer_0,27448.5105
layer_0,4926.0591
layer_0,7460.893
layer_0,5739.0981
layer_0,4168.6837
layer_0,13091.4069
layer_0,11725.5835
layer_0,23387.1362
layer_0,20290.0364
layer_0,12822.1947
layer_0,7918.521
layer_0,8082.5756
layer_0,9014.7201
layer_0,9014.9955
layer_0,8791.8879
layer_0,25163.5351
layer_0,27646.2521
layer_0,7906.3822
layer_0,20404.3304
layer_0,8125.472
layer_0,20247.0092
layer_0,20242.1421
layer_0,12102.1635
layer_0,7908.4305
layer_0,27913.9855
layer_0,17189.8841
layer_0,12366.3413
layer_0,29121.9591
layer_0,13353.7599
layer_0,22032.6596
layer_0,12506.6735
layer_0,15976.1587
layer_0,5815.525
layer_0,26083.9246
layer_0,24611.9778
layer_0,12671.6047
layer_0,7475.5787
layer_0,24066.6075
layer_0,20931.9799
layer_0,19453.2648
layer_0,13784.1267
layer_0,21620.114
layer_0,22003.3347
layer_0,22963.9316
layer_0,25416.6801
layer_0,20353.6246
layer_0,13951.0837
layer_0,13465.7844
layer_0,16764.2133
layer_0,20308.8231
layer_0,13667.0455
layer_0,13027.9967
layer_0,21904.6689
layer_0,15975.7077
layer_0,15593.8894
layer_0,21206.0142
layer_0,12884.2684
layer_0,19730.6863
layer_0,14115.8872
layer_0,11723.0679
layer_0,15855.9169
layer_0,14298.8836
layer_0,12272.3027
layer_0,21970.1038
layer_0,17551.1057
layer_0,11727.9543
layer_0,21355.7011
layer_0,6754.4971
layer_0,1541.6549
layer_0,6533.9185
layer_0,25121.0197
layer_0,28717.9141
layer_0,28679.9585
layer_0,28686.0454
layer_0,28456.776
layer_0,27673.9998
layer_0,26813.5511
layer_0,18359.959
layer_0,19337.7214
layer_0,19883.1191
layer_0,24544.4019
layer_0,25944.9616
layer_0,29310.0934
layer_0,29232.2929
layer_0,29165.0609
layer_0,29166.5832
layer_0,31013.7692
layer_0,23938.8494
layer_0,25069.8607
layer_0,20785.2082
layer_0,22908.6057
layer_0,22901.1149
layer_0,22412.3764
layer_0,27895.2918
layer_0,26653.334
layer_0,29336.382
layer_0,22508.3357
layer_0,20976.1943
layer_0,30152.3647
layer_0,30146.2732
layer_0,21449.367
layer_0,27883.1252
layer_0,25639.2576
layer_0,24336.7135
layer_0,22241.5702
layer_0,26108.0407
layer_0,26507.6295
layer_0,19812.8497
layer_0,22130.6483
layer_0,20776.6718
layer_0,11870.8361
layer_0,19691.856
layer_0,16222.9923
layer_0,17935.384
layer_0,25530.2157
layer_0,22637.2239
layer_0,25358.9996
layer_0,28309.4693
layer_0,21804.7022
layer_0,27366.6091
layer_0,32276.2616
layer_0,18739.0015
layer_0,25752.3836
layer_0,19697.8762
layer_0,18839.9572
layer_0,10054.8602
layer_0,5956.1179
layer_0,28499.5964
layer_0,32189.3378
layer_0,32188.8108
layer_0,29912.7565
layer_0,28834.4459
layer_0,29933.4918
layer_0,29911.7123
layer_0,31747.2935
layer_0,29268.4086
layer_0,29269.595
layer_0,31053.1989
layer_0,31725.2008
layer_0,29504.6352
layer_0,28177.2066
layer_0,26261.7135
layer_0,26212.0457
layer_0,28638.899
layer_0,30542.5195
layer_0,25475.9666
layer_0,29449.9568
layer_0,27420.444
layer_0,28343.3061
layer_0,24529.36
layer_0,30769.472
layer_0,28617.2566
layer_0,29038.3637
layer_0,35191.9225
layer_0,25631.0496
layer_0,26576.0248
layer_0,30014.8527
layer_0,19267.3407
layer_0,30145.9482
layer_0,25964.3276
layer_0,25963.272
layer_0,26771.5703
layer_0,26649.9386
layer_0,26652.0477
layer_0,22867.2616
layer_0,22247.7933
layer_0,22137.5611
layer_0,26940.2672
layer_0,30953.5052
layer_0,24773.4876
layer_0,22353.8162
layer_0,25621.4401
layer_0,25555.5393
layer_0,14042.9139
layer_0,27601.7555
layer_0,31151.8017
layer_0,26505.6229
layer_0,26508.6771
layer_0,26543.5856
layer_0,31467.0719
layer_0,5921.6366
layer_0,6259.773
layer_0,26645.2649
layer_0,29384.1407
layer_0,32715.0906
layer_0,32687.0079
layer_0,32620.0952
layer_0,31356.2589
layer_0,32825.8813
layer_0,33704.3029
layer_0,30700.8493
layer_0,30733.6066
layer_0,31553.4076
layer_0,29223.8098
layer_0,31838.6656
layer_0,26597.2358
layer_0,25968.5435
layer_0,25965.9689
layer_0,30187.7533
layer_0,30254.9639
layer_0,30024.3455
layer_0,32391.4484
layer_0,32391.3017
layer_0,25370.2288
layer_0,29837.8299
layer_0,29335.7693
layer_0,33918.2611
layer_0,28436.8425
layer_0,30550.9049
layer_0,31826.0738
layer_0,28451.8681
layer_0,28645.0611
layer_0,30608.2592
layer_0,30287.6994
layer_0,28648.8076
layer_0,29034.2716
layer_0,28629.7201
layer_0,29282.3315
layer_0,28429.5885
layer_0,29509.4728
layer_0,28612.0648
layer_0,28469.2808
layer_0,29975.8163
layer_0,29376.9262
layer_0,27717.8737
layer_0,27706.6119
layer_0,29474.793
layer_0,29959.4125
layer_0,29961.973
layer_0,29595.1191
layer_0,30223.5768
layer_0,27863.5017
layer_0,27381.9176
layer_0,27383.0646
layer_0,30824.321
layer_0,28747.6949
layer_0,28746.2237
layer_0,30890.8061
layer_0,26589.0908
layer_0,26584.865
layer_0,28411.7525
layer_0,28326.6282
layer_0,13015.1706
layer_0,6643.9221
layer_0,16195.8436
layer_0,32076.6634
layer_0,35092.8871
layer_0,32569.2
layer_0,33686.226
layer_0,34236.4428
layer_0,32826.1409
layer_0,31796.539
layer_0,31602.7882
layer_0,32098.1984
layer_0,31596.0909
layer_0,32099.5725
layer_0,30627.1084
layer_0,34447.8998
layer_0,34428.8874
layer_0,30695.5029
layer_0,29446.949
layer_0,32558.3518
layer_0,32084.9369
layer_0,32376.1179
layer_0,31762.1205
layer_0,33865.7467
layer_0,31260.7637
layer_0,32306.2376
layer_0,30482.8081
layer_0,28024.8703
layer_0,30581.0075
layer_0,30243.3348
layer_0,28649.3798
layer_0,28255.3079
layer_0,31571.8863
layer_0,24873.0906
layer_0,24334.8354
layer_0,30213.4329
layer_0,28619.653
layer_0,30451.549
layer_0,30504.1893
layer_0,27547.7186
layer_0,29980.7227
layer_0,28259.9231
layer_0,31510.9925
layer_0,31504.6967
layer_0,28716.3023
layer_0,28725.0154
layer_0,29139.4391
layer_0,27866.385
layer_0,29601.593
layer_0,25928.2294
layer_0,31000.7079
layer_0,30209.5384
layer_0,29770.935
layer_0,29786.2948
layer_0,25982.4745
layer_0,30135.8467
layer_0,28648.1185
layer_0,28625.5897
layer_0,28567.0319
layer_0,24131.6437
layer_0,30782.1535
layer_0,4008.3837
layer_0,4686.6582
layer_0,12260.6925
layer_0,33039.7231
layer_0,35140.2059
layer_0,34519.525
layer_0,32581.0798
layer_0,34454.5283
layer_0,32117.9294
layer_0,32613.3754
layer_0,31479.1009
layer_0,31821.5755
layer_0,30600.8029
layer_0,30625.8143
layer_0,30911.353
layer_0,31249.8966
layer_0,31818.5914
layer_0,31193.782
layer_0,30212.1341
layer_0,32811.501
layer_0,30130.2758
layer_0,30442.4317
layer_0,29054.6105
layer_0,30200.7091
layer_0,30131.9437
layer_0,30159.5978
layer_0,31016.7682
layer_0,29505.5835
layer_0,29508.0746
layer_0,29967.3671
layer_0,29971.0735
layer_0,30983.1066
layer_0,25059.3535
layer_0,31034.3593
layer_0,31738.3409
layer_0,27888.3365
layer_0,27891.174
layer_0,29497.0572
layer_0,28027.5825
layer_0,27476.7028
layer_0,29875.5725
layer_0,28260.3768
layer_0,30107.8923
layer_0,28630.1805
layer_0,25978.6498
layer_0,30002.8895
layer_0,27414.5207
layer_0,27436.5337
layer_0,27722.9931
layer_0,27856.7805
layer_0,26633.1143
layer_0,12094.3057
layer_0,7562.1057
layer_0,7285.9594
layer_0,34355.5048
layer_0,32662.6551
layer_0,33976.5762
layer_0,31807.1838
layer_0,29600.5494
layer_0,32383.0639
layer_0,32383.3825
layer_0,32326.1328
layer_0,32324.7787
layer_0,32382.4183
layer_0,31257.9727
layer_0,30626.4489
layer_0,30507.3571
layer_0,29352.5355
layer_0,29367.4427
layer_0,30681.8274
layer_0,30040.4187
layer_0,30114.1121
layer_0,30106.3471
layer_0,28733.9847
layer_0,30231.761
layer_0,29501.4985
layer_0,28474.9939
layer_0,28451.4418
layer_0,30249.8477
layer_0,30246.6483
layer_0,30218.7499
layer_0,30785.9499
layer_0,30809.168
layer_0,30793.1114
layer_0,30827.6922
layer_0,25961.8241
layer_0,25981.818
layer_0,27256.1224
layer_0,28649.0972
layer_0,31187.3076
layer_0,14710.7279
layer_0,29964.8508
layer_0,28737.5607
layer_0,14717.097
layer_0,25051.416
layer_0,25047.0073
layer_0,28266.7213
layer_0,30019.717
layer_0,28694.0728
layer_0,28689.2939
layer_0,29342.6197
layer_0,29448.9038
layer_0,30537.6026
layer_0,25474.1175
layer_0,25468.8573
layer_0,26695.0525
layer_0,30532.7034
layer_0,30530.9048
layer_0,27042.8467
layer_0,9362.6594
layer_0,18032.2329
layer_0,6083.2344
layer_0,33111.756
layer_0,35099.1818
layer_0,34514.2333
layer_0,34541.4244
layer_0,34543.0098
layer_0,33966.4333
layer_0,33967.4026
layer_0,32842.2865
layer_0,32330.2231
layer_0,31957.676
layer_0,32361.9298
layer_0,31560.1725
layer_0,32361.7055
layer_0,32358.6954
layer_0,30702.6051
layer_0,30600.1564
layer_0,31826.4003
layer_0,30621.2391
layer_0,30211.1918
layer_0,31234.6772
layer_0,31232.6158
layer_0,31230.5523
layer_0,30848.9988
layer_0,30847.334
layer_0,30774.6907
layer_0,29956.4701
layer_0,30130.4586
layer_0,30870.512
layer_0,30412.8144
layer_0,30841.8278
layer_0,30856.0983
layer_0,29528.5225
layer_0,29993.2934
layer_0,25965.6438
layer_0,25961.1975
layer_0,25963.8144
layer_0,28929.4116
layer_0,31230.2583
layer_0,30531.5432
layer_0,23463.367
layer_0,28649.6391
layer_0,25962.3387
layer_0,25964.7627
layer_0,25960.7875
layer_0,31183.4453
layer_0,28456.7177
layer_0,29338.6597
layer_0,27293.3549
layer_0,27299.6162
layer_0,29044.3571
layer_0,28571.9658
layer_0,28409.7179
layer_0,26539.4424
layer_0,7611.4999
layer_0,15109.1917
layer_0,33343.4938
layer_0,34012.3887
layer_0,34010.8563
layer_0,33927.0625
layer_0,31782.388
layer_0,32363.9387
layer_0,32368.0076
layer_0,32368.8596
layer_0,31551.267
layer_0,31246.8578
layer_0,30557.4129
layer_0,30832.4094
layer_0,30987.8855
layer_0,30247.5549
layer_0,30204.9042
layer_0,29981.4653
layer_0,29213.0146
layer_0,29562.2077
layer_0,30005.0944
layer_0,28437.3817
layer_0,27590.4598
layer_0,29395.7603
layer_0,29939.1515
layer_0,27671.2038
layer_0,27672.5336
layer_0,27670.4709
layer_0,28925.9531
layer_0,29340.3522
layer_0,27252.3085
layer_0,30067.2766
layer_0,28674.5248
layer_0,28449.8414
layer_0,29482.8547
layer_0,27461.2379
layer_0,29947.1276
layer_0,28450.6409
layer_0,28450.9092
layer_0,29344.9683
layer_0,29347.7112
layer_0,27250.6851
layer_0,27252.108
layer_0,31725.833
layer_0,25966.6939
layer_0,25982.9411
layer_0,30221.8543
layer_0,30224.1287
layer_0,30219.7407
layer_0,30217.8488
layer_0,31408.1006
layer_0,31513.1631
layer_0,21000.105
layer_0,20885.7484
layer_0,31580.5777
layer_0,21044.3756
layer_0,20869.888
layer_0,4775.3461
layer_0,6111.9678
layer_0,13720.9763
layer_0,33037.4144
layer_0,32445.6154
layer_0,32448.1519
layer_0,31978.8477
layer_0,31984.2332
layer_0,31976.364
layer_0,30257.6112
layer_0,31251.1871
layer_0,29802.6414
layer_0,31410.6965
layer_0,29238.3181
layer_0,31413.8075
layer_0,29352.8357
layer_0,30020.1286
layer_0,30225.3709
layer_0,30742.2352
layer_0,30735.8478
layer_0,31239.4466
layer_0,30844.3548
layer_0,30842.1021
layer_0,29953.9612
layer_0,29484.0716
layer_0,30208.8813
layer_0,30210.1239
layer_0,29356.143
layer_0,28307.9787
layer_0,28310.0473
layer_0,28316.5988
layer_0,28823.5057
layer_0,28737.3668
layer_0,27600.4068
layer_0,28906.6293
layer_0,30198.8704
layer_0,30353.7825
layer_0,28777.217
layer_0,28763.9669
layer_0,31109.9164
layer_0,31160.6103
layer_0,28903.5823
layer_0,25070.7717
layer_0,28978.1169
layer_0,23292.5038
layer_0,28873.2193
layer_0,24296.9174
layer_0,26573.7968
layer_0,25084.3962
layer_0,2939.2106
layer_0,1650.2116
layer_0,5175.5517
layer_0,30563.2606
layer_0,32178.916
layer_0,32653.7386
layer_0,29253.2919
layer_0,29260.4483
layer_0,30738.3296
layer_0,31076.1584
layer_0,30154.8024
layer_0,29626.1687
layer_0,30180.8897
layer_0,30291.8323
layer_0,30236.309
layer_0,30838.9687
layer_0,30026.3178
layer_0,31011.7942
layer_0,29219.6517
layer_0,29223.116
layer_0,29842.8892
layer_0,27920.2476
layer_0,29947.0731
layer_0,29358.9849
layer_0,29355.0296
layer_0,29480.5632
layer_0,28751.7257
layer_0,29372.5617
layer_0,29402.8786
layer_0,27752.2945
layer_0,27564.6413
layer_0,26091.6481
layer_0,30573.0256
layer_0,30259.5871
layer_0,26590.5452
layer_0,33090.9226
layer_0,28427.7895
layer_0,29037.4875
layer_0,29095.327
layer_0,29118.6437
layer_0,28241.4798
layer_0,26662.3321
layer_0,25708.099
layer_0,28451.1675
layer_0,31515.6453
layer_0,25944.9369
layer_0,27280.6082
layer_0,27282.7372
layer_0,34015.6669
layer_0,27254.9997
layer_0,27216.873
layer_0,27208.3349
layer_0,23786.9238
layer_0,27574.4122
layer_0,27546.7194
layer_0,27249.8543
layer_0,27246.1223
layer_0,25471.2601
layer_0,24202.3723
layer_0,26587.4478
layer_0,26911.1618
layer_0,11740.596
layer_0,13012.4707
layer_0,3680.6742
layer_0,30987.3506
layer_0,24119.1156
layer_0,24022.8757
layer_0,22770.3658
layer_0,22768.979
layer_0,30032.1398
layer_0,29717.1331
layer_0,30831.451
layer_0,31187.3004
layer_0,28687.6051
layer_0,30560.4414
layer_0,29348.8992
layer_0,28164.1999
layer_0,31666.6763
layer_0,31536.6584
layer_0,14050.601
layer_0,28690.7806
layer_0,28460.6377
layer_0,26572.5867
layer_0,28307.9438
layer_0,27398.778
layer_0,25108.5014
layer_0,26824.1686
layer_0,13876.331
layer_0,28331.4536
layer_0,20271.5945
layer_0,26248.4138
layer_0,27668.9335
layer_0,26420.5611
layer_0,26303.7609
layer_0,28055.4415
layer_0,25864.7928
layer_0,24857.8863
layer_0,24625.2567
layer_0,26160.3091
layer_0,24767.3846
layer_0,28802.4895
layer_0,13081.1614
layer_0,27965.6824
layer_0,27052.2154
layer_0,27056.4525
layer_0,25553.2605
layer_0,25546.5488
layer_0,14485.1963
layer_0,14486.9176
layer_0,25711.156
layer_0,25953.4322
layer_0,25959.6959
layer_0,30248.2651
layer_0,26039.6265
layer_0,25446.902
layer_0,25510.9011
layer_0,25446.3111
layer_0,25515.0758
layer_0,9980.1156
layer_0,3800.0974
layer_0,8264.761
layer_0,29247.3434
layer_0,30677.1981
layer_0,30685.2918
layer_0,31899.6967
layer_0,30285.7182
layer_0,31663.3029
layer_0,31533.4845
layer_0,30380.0769
layer_0,30416.2988
layer_0,26117.7687
layer_0,29327.594
layer_0,29326.6762
layer_0,29325.0438
layer_0,29594.7977
layer_0,26805.4887
layer_0,25515.0424
layer_0,29059.425
layer_0,29075.1526
layer_0,29346.6191
layer_0,28735.8942
layer_0,28677.4358
layer_0,28816.1292
layer_0,26575.0548
layer_0,27512.5772
layer_0,27989.9641
layer_0,28075.8066
layer_0,28439.4358
layer_0,29356.3289
layer_0,23869.791
layer_0,27878.5849
layer_0,29157.4416
layer_0,28569.0553
layer_0,27252.945
layer_0,5988.6438
layer_0,5988.6247
layer_0,26750.2869
layer_0,26138.5447
layer_0,27213.4805
layer_0,26163.8688
layer_0,26216.5257
layer_0,26150.6321
layer_0,25965.7236
layer_0,26241.7397
layer_0,27575.6041
layer_0,27406.8482
layer_0,30935.7802
layer_0,27582.9398
layer_0,26339.4289
layer_0,24842.8116
layer_0,26700.331
layer_0,5962.6377
layer_0,26771.9519
layer_0,27661.6212
layer_0,25697.182
layer_0,26502.1131
layer_0,26039.5625
layer_0,27415.969
layer_0,29653.0507
layer_0,26635.2399
layer_0,9836.1632
layer_0,969.4268
layer_0,1662.2682
layer_0,27822.9593
layer_0,29765.8084
layer_0,30778.3008
layer_0,30667.2847
layer_0,29865.3283
layer_0,30591.5513
layer_0,30594.2694
layer_0,28420.6106
layer_0,30622.8983
layer_0,28922.5904
layer_0,28940.0191
layer_0,28926.2551
layer_0,28802.256
layer_0,27356.7026
layer_0,28806.4001
layer_0,28790.6833
layer_0,26995.4282
layer_0,27004.5967
layer_0,28734.8058
layer_0,28975.935
layer_0,28144.0903
layer_0,28185.1032
layer_0,25358.4823
layer_0,25886.985
layer_0,27567.1552
layer_0,27497.1972
layer_0,27565.4017
layer_0,27804.1762
layer_0,27556.9584
layer_0,27502.866
layer_0,27518.6309
layer_0,27516.9199
layer_0,28802.6413
layer_0,27611.5014
layer_0,26409.024
layer_0,28869.5766
layer_0,26833.0725
layer_0,26432.0712
layer_0,29084.3374
layer_0,8568.7015
layer_0,7432.9053
layer_1,14614.1572
layer_1,10075.603
layer_1,8015.574
layer_1,11103.0558
layer_1,3591.3311
layer_1,1683.1069
layer_1,10814.5641
layer_1,11528.9906
layer_1,5156.2137
layer_1,14893.2251
layer_1,3571.4672
layer_1,11501.2936
layer_1,1742.1117
layer_1,1542.6134
layer_1,9849.9809
layer_1,8500.796
layer_1,14137.0165
layer_1,4832.7679
layer_1,7618.5728
layer_1,5270.8854
layer_1,6760.8486
layer_1,1156.01
layer_1,2376.6618
layer_1,4327.085
layer_1,2778.1438
layer_1,6272.7689
layer_1,23295.7766
layer_1,3979.8578
layer_1,7402.8781
layer_1,5483.2166
layer_1,3868.4575
layer_1,9378.2244
layer_1,4592.8882
layer_1,3493.7843
layer_1,4722.7144
layer_1,667.1203
layer_1,2160.4251
layer_1,684.8073
layer_1,5206.6576
layer_1,3196.1891
layer_1,13203.6094
layer_1,3238.4871
layer_1,3240.2348
layer_1,4626.7168
layer_1,2995.8874
layer_1,7227.2688
layer_1,4639.6452
layer_1,8568.9118
layer_1,9222.7708
layer_1,6843.8279
layer_1,5629.5968
layer_1,12661.544
layer_1,2402.964
layer_1,8784.919
layer_1,6864.047
layer_1,6277.463
layer_1,1504.1006
layer_1,7613.6535
layer_1,5321.0574
layer_1,5444.5223
layer_1,10201.7033
layer_1,1131.1817
layer_1,21178.6551
layer_1,1547.5998
layer_1,5772.9081
layer_1,1322.6149
layer_1,19807.7942
layer_1,6369.9435
layer_1,4937.0369
layer_1,5842.6497
layer_1,2207.5044
layer_1,8056.448
layer_1,1193.8213
layer_1,8966.8778
layer_1,4593.8458
layer_1,7856.4739
layer_1,6490.9145
layer_1,7687.8205
layer_1,14572.4313
layer_1,8060.6336
layer_1,17758.6407
layer_1,2533.7874
layer_1,2926.6035
layer_1,1848.6434
layer_1,3617.8953
layer_1,24805.4778
layer_1,9155.8443
layer_1,12978.0486
layer_1,6205.8917
layer_1,7667.3757
layer_1,13044.7991
layer_1,13619.1213
layer_1,4009.0875
layer_1,2354.0797
layer_1,17760.3623
layer_1,4171.1249
layer_1,11714.4409
layer_1,2727.4973
layer_1,16436.5415
layer_1,3921.7878
layer_1,11801.3523
layer_1,2571.791
layer_1,4681.5337
layer_1,12053.3661
layer_1,2863.9085
layer_1,14656.3538
layer_1,5842.0046
layer_1,7965.5427
layer_1,9490.7084
layer_1,4686.7914
layer_1,8511.409
layer_1,24223.4298
layer_1,25801.4973
layer_1,23850.8422
layer_1,24029.8781
layer_1,24864.5568
layer_1,9703.9323
layer_1,9721.2923
layer_1,9593.4464
layer_1,9549.4454
layer_1,9546.4798
layer_1,22630.3203
layer_1,23491.621
layer_1,23519.3916
layer_1,25452.3096
layer_1,20449.7375
layer_1,20457.174
layer_1,9230.4966
layer_1,21318.8082
layer_1,18727.7615
layer_1,9477.0974
layer_1,20879.9079
layer_1,23129.2162
layer_1,23125.1682
layer_1,10233.818
layer_1,12207.6255
layer_1,24267.643
layer_1,21191.5361
layer_1,23487.3431
layer_1,19859.4802
layer_1,19059.3535
layer_1,19116.1009
layer_1,19629.9243
layer_1,21630.3511
layer_1,21629.1803
layer_1,24778.6179
layer_1,13874.9788
layer_1,20866.7183
layer_1,18544.5595
layer_1,16699.6174
layer_1,16735.2165
layer_1,12083.5521
layer_1,10583.8434
layer_1,20546.1574
layer_1,19228.5734
layer_1,13504.5207
layer_1,9737.3284
layer_1,18865.0533
layer_1,19330.1358
layer_1,18746.2432
layer_1,8144.7715
layer_1,21565.3224
layer_1,14819.6312
layer_1,17275.9002
layer_1,10909.8993
layer_1,7085.9172
layer_1,10858.5552
layer_1,18451.4404
layer_1,17629.8342
layer_1,20394.3831
layer_1,10231.1251
layer_1,6422.405
layer_1,2581.7256
layer_1,7536.727
layer_1,22731.332
layer_1,25740.2245
layer_1,22597.9234
layer_1,23223.3884
layer_1,25035.1032
layer_1,20448.3967
layer_1,20883.0858
layer_1,25970.3907
layer_1,22805.2937
layer_1,23215.3803
layer_1,23461.6021
layer_1,25265.2511
layer_1,24357.5957
layer_1,24772.4505
layer_1,24773.6301
layer_1,23186.762
layer_1,25036.3937
layer_1,24776.8319
layer_1,18192.5596
layer_1,19343.9053
layer_1,24490.6241
layer_1,19331.0547
layer_1,19326.8649
layer_1,23713.3144
layer_1,4553.1564
layer_1,4518.1933
layer_1,18176.7024
layer_1,21702.5452
layer_1,21726.6841
layer_1,20794.5438
layer_1,21831.6512
layer_1,19092.6379
layer_1,20659.0931
layer_1,27220.2594
layer_1,26232.6777
layer_1,22459.3524
layer_1,20406.4395
layer_1,21315.3049
layer_1,20596.1248
layer_1,25816.4168
layer_1,26646.497
layer_1,23124.7956
layer_1,23424.2759
layer_1,22723.6968
layer_1,23124.4002
layer_1,10719.7251
layer_1,19601.4019
layer_1,21825.8106
layer_1,20143.7883
layer_1,19387.3061
layer_1,11386.2414
layer_1,20829.6224
layer_1,20832.1567
layer_1,16510.8609
layer_1,16188.4039
layer_1,16512.4828
layer_1,23856.4091
layer_1,19995.2047
layer_1,22593.7845
layer_1,18889.0458
layer_1,11096.0846
layer_1,5438.1581
layer_1,3426.7802
layer_1,28123.8704
layer_1,26972.1039
layer_1,26161.0567
layer_1,27309.6342
layer_1,25705.3388
layer_1,23836.3126
layer_1,25807.3083
layer_1,26311.9171
layer_1,25761.0433
layer_1,25763.4336
layer_1,24897.4182
layer_1,24496.23
layer_1,24825.6985
layer_1,23679.8332
layer_1,10220.085
layer_1,22092.0016
layer_1,18934.2628
layer_1,23217.2786
layer_1,23485.8121
layer_1,17890.497
layer_1,5981.6089
layer_1,5910.1058
layer_1,5720.6934
layer_1,5167.0784
layer_1,5676.7328
layer_1,5676.3579
layer_1,8529.0566
layer_1,21646.3749
layer_1,8512.3939
layer_1,5085.0214
layer_1,5044.7073
layer_1,21899.4468
layer_1,21383.1963
layer_1,8456.8665
layer_1,21664.8377
layer_1,6039.0733
layer_1,21823.1091
layer_1,21842.8934
layer_1,22155.395
layer_1,5763.8269
layer_1,21329.6711
layer_1,21309.7841
layer_1,8353.364
layer_1,22580.8009
layer_1,19960.6357
layer_1,8323.2127
layer_1,21237.7598
layer_1,21803.4487
layer_1,21326.2342
layer_1,21801.163
layer_1,23161.4242
layer_1,23277.4811
layer_1,23222.9338
layer_1,23127.9278
layer_1,23129.6269
layer_1,21016.3004
layer_1,9407.8462
layer_1,5351.0639
layer_1,7960.0829
layer_1,26529.104
layer_1,28158.3022
layer_1,27287.0901
layer_1,24851.5681
layer_1,31136.6285
layer_1,31133.6797
layer_1,31752.9326
layer_1,23719.0369
layer_1,24396.1443
layer_1,27785.8728
layer_1,27778.6754
layer_1,22474.6126
layer_1,21713.7498
layer_1,21764.1006
layer_1,21245.4435
layer_1,21274.1544
layer_1,22188.7716
layer_1,22290.0316
layer_1,22335.6001
layer_1,15432.2725
layer_1,17892.0764
layer_1,23272.0136
layer_1,16426.4242
layer_1,23236.6673
layer_1,21772.8958
layer_1,21487.6407
layer_1,20575.0309
layer_1,21925.5727
layer_1,22821.9358
layer_1,22822.773
layer_1,21804.7542
layer_1,20998.496
layer_1,16784.9744
layer_1,16787.2553
layer_1,20948.6117
layer_1,18890.8361
layer_1,19388.2882
layer_1,20166.4744
layer_1,21955.6824
layer_1,20089.566
layer_1,18293.4467
layer_1,18681.149
layer_1,21681.9178
layer_1,22119.6061
layer_1,18828.8681
layer_1,18888.2802
layer_1,23250.0828
layer_1,22589.0443
layer_1,20395.4672
layer_1,23210.2492
layer_1,17465.8698
layer_1,23832.1454
layer_1,16534.5992
layer_1,16582.825
layer_1,5252.9422
layer_1,10739.9863
layer_1,28569.2375
layer_1,30480.5475
layer_1,31849.1795
layer_1,30746.6177
layer_1,30213.8998
layer_1,26913.1385
layer_1,26134.787
layer_1,27000.2303
layer_1,27630.6993
layer_1,26882.1229
layer_1,27014.0942
layer_1,23679.084
layer_1,23681.8164
layer_1,24766.2185
layer_1,24763.6123
layer_1,24349.2498
layer_1,26922.0298
layer_1,26874.8406
layer_1,25217.2574
layer_1,24151.5045
layer_1,24972.5194
layer_1,23456.0018
layer_1,24305.104
layer_1,24348.4483
layer_1,26738.939
layer_1,25504.4948
layer_1,25506.8246
layer_1,26409.0164
layer_1,25084.3313
layer_1,25240.4821
layer_1,23614.6971
layer_1,22221.0877
layer_1,23204.9617
layer_1,24488.0025
layer_1,22520.8877
layer_1,29091.8088
layer_1,31027.7598
layer_1,31101.8754
layer_1,20461.4909
layer_1,19737.3734
layer_1,19685.5599
layer_1,21747.1915
layer_1,20216.1468
layer_1,20216.857
layer_1,18185.6393
layer_1,19764.7747
layer_1,19765.1027
layer_1,20098.6055
layer_1,21391.2581
layer_1,12823.9586
layer_1,14472.3735
layer_1,19763.426
layer_1,20129.4999
layer_1,20129.8272
layer_1,19433.6519
layer_1,19365.1476
layer_1,5044.7046
layer_1,1620.9045
layer_1,29379.719
layer_1,24919.4759
layer_1,20173.0253
layer_1,22633.2979
layer_1,29533.2271
layer_1,27406.8503
layer_1,25925.0926
layer_1,25473.9495
layer_1,24867.0685
layer_1,23537.4352
layer_1,26677.297
layer_1,23910.6275
layer_1,21764.6647
layer_1,25315.5604
layer_1,25907.962
layer_1,22382.8661
layer_1,26314.4637
layer_1,26562.0857
layer_1,27601.1932
layer_1,26695.3723
layer_1,24786.9707
layer_1,24411.0389
layer_1,27561.1826
layer_1,25090.2222
layer_1,22553.9654
layer_1,24253.3166
layer_1,23600.0034
layer_1,23357.9485
layer_1,25078.602
layer_1,17689.3422
layer_1,15393.2378
layer_1,29776.1917
layer_1,21552.4392
layer_1,21544.6697
layer_1,26149.2271
layer_1,20403.8132
layer_1,18672.1526
layer_1,19664.4422
layer_1,15359.004
layer_1,22375.2125
layer_1,21544.5151
layer_1,13387.5857
layer_1,21301.5641
layer_1,15547.6648
layer_1,18740.414
layer_1,11370.0345
layer_1,25689.7513
layer_1,12602.9803
layer_1,24675.4783
layer_1,24663.4204
layer_1,24080.2349
layer_1,24080.5735
layer_1,11579.8969
layer_1,21302.6623
layer_1,25920.3712
layer_1,3797.5836
layer_1,4762.2894
layer_1,29760.7195
layer_1,29361.4551
layer_1,31122.518
layer_1,26431.1801
layer_1,29413.713
layer_1,28095.9807
layer_1,29418.2637
layer_1,27257.5671
layer_1,27254.7229
layer_1,25836.1195
layer_1,25988.338
layer_1,26835.9382
layer_1,27328.5465
layer_1,26558.8812
layer_1,26819.8012
layer_1,26473.8872
layer_1,27944.2904
layer_1,25976.4861
layer_1,25833.2961
layer_1,25829.2757
layer_1,25513.3631
layer_1,25317.8466
layer_1,27426.9796
layer_1,26953.9809
layer_1,25870.8783
layer_1,25067.3786
layer_1,24310.8514
layer_1,24782.0765
layer_1,26215.483
layer_1,26211.8128
layer_1,25164.0493
layer_1,24634.4419
layer_1,22703.1389
layer_1,25197.6876
layer_1,24657.7448
layer_1,24619.5214
layer_1,23502.1308
layer_1,23053.4431
layer_1,25927.0486
layer_1,24235.1819
layer_1,24229.8125
layer_1,24327.0617
layer_1,23589.1049
layer_1,22798.199
layer_1,21979.0161
layer_1,25028.4206
layer_1,23859.4461
layer_1,24573.9066
layer_1,21268.8136
layer_1,21271.8684
layer_1,23926.0207
layer_1,5207.9905
layer_1,4865.6437
layer_1,30837.1644
layer_1,29533.6737
layer_1,28131.0627
layer_1,30277.2868
layer_1,26826.1083
layer_1,30453.0999
layer_1,26757.1515
layer_1,26818.03
layer_1,27041.7698
layer_1,27461.869
layer_1,29779.7373
layer_1,27133.4493
layer_1,27986.2302
layer_1,26241.3386
layer_1,26454.6949
layer_1,27512.2054
layer_1,26691.6358
layer_1,26958.426
layer_1,26164.6168
layer_1,25765.0746
layer_1,26487.3438
layer_1,26480.5649
layer_1,20332.0944
layer_1,28098.7894
layer_1,29699.4301
layer_1,28083.2554
layer_1,28083.0761
layer_1,25720.4847
layer_1,26077.627
layer_1,29851.463
layer_1,29889.9806
layer_1,29837.5926
layer_1,25683.5838
layer_1,28288.7228
layer_1,27028.7345
layer_1,25484.9043
layer_1,25536.625
layer_1,29305.1156
layer_1,25520.3956
layer_1,25844.0318
layer_1,24311.7218
layer_1,26933.1232
layer_1,26547.5776
layer_1,26876.4209
layer_1,25447.0867
layer_1,25470.9825
layer_1,24926.0499
layer_1,24335.7319
layer_1,25740.9767
layer_1,24864.525
layer_1,24796.0878
layer_1,23491.3846
layer_1,23542.6906
layer_1,25261.8292
layer_1,25647.2619
layer_1,24994.0193
layer_1,13511.249
layer_1,13446.3145
layer_1,1224.3927
layer_1,15428.1689
layer_1,2799.7052
layer_1,31490.2054
layer_1,30220.6564
layer_1,30429.118
layer_1,29658.3454
layer_1,26141.7564
layer_1,27568.4392
layer_1,28272.2644
layer_1,27667.3914
layer_1,28066.1755
layer_1,28274.2875
layer_1,27537.046
layer_1,23172.7987
layer_1,25725.7107
layer_1,23222.2547
layer_1,24942.772
layer_1,24944.1737
layer_1,26814.3904
layer_1,26822.1159
layer_1,26378.2058
layer_1,25808.6079
layer_1,26100.1871
layer_1,27454.1427
layer_1,25460.8417
layer_1,27489.8932
layer_1,27432.5975
layer_1,26094.7161
layer_1,26903.8511
layer_1,23780.7586
layer_1,24444.0703
layer_1,25435.0306
layer_1,23888.6246
layer_1,24002.2299
layer_1,24375.6105
layer_1,23940.0604
layer_1,23939.4121
layer_1,22450.8964
layer_1,25902.5796
layer_1,27677.8664
layer_1,27683.4131
layer_1,27681.6384
layer_1,26393.8949
layer_1,25199.8796
layer_1,23434.4136
layer_1,23149.0742
layer_1,23148.7587
layer_1,23173.8356
layer_1,25432.7117
layer_1,20183.4029
layer_1,20270.6126
layer_1,17475.2776
layer_1,13337.6418
layer_1,25225.4198
layer_1,12527.9127
layer_1,4119.4849
layer_1,4140.5962
layer_1,29768.0778
layer_1,30884.2553
layer_1,29734.428
layer_1,29997.8617
layer_1,28862.8992
layer_1,20786.1558
layer_1,26742.5687
layer_1,25529.5797
layer_1,28064.7916
layer_1,28765.6271
layer_1,29002.3636
layer_1,28173.4261
layer_1,26368.747
layer_1,24859.9169
layer_1,26923.2159
layer_1,26924.0973
layer_1,24365.7794
layer_1,28350.2763
layer_1,24599.4035
layer_1,24113.8108
layer_1,24707.7679
layer_1,24111.8857
layer_1,25471.685
layer_1,25564.2147
layer_1,20534.6974
layer_1,27669.7845
layer_1,24359.6432
layer_1,24392.2207
layer_1,25335.2641
layer_1,25724.4599
layer_1,24466.8591
layer_1,25306.2885
layer_1,25659.6283
layer_1,23862.9404
layer_1,23872.7415
layer_1,24844.6669
layer_1,24961.5994
layer_1,24957.0365
layer_1,25771.8482
layer_1,23514.0139
layer_1,24030.2794
layer_1,24757.761
layer_1,24872.2742
layer_1,25329.5281
layer_1,23678.7169
layer_1,24379.9975
layer_1,28280.6451
layer_1,29871.6213
layer_1,26674.1743
layer_1,26676.1142
layer_1,26673.2306
layer_1,24995.3363
layer_1,23915.268
layer_1,23858.2499
layer_1,22810.1917
layer_1,1604.8477
layer_1,10327.7504
layer_1,31007.069
layer_1,31118.7831
layer_1,31719.0829
layer_1,31033.7618
layer_1,26914.6976
layer_1,26892.7942
layer_1,30110.701
layer_1,30977.3812
layer_1,30988.3933
layer_1,26068.5566
layer_1,28769.9093
layer_1,29692.6728
layer_1,29660.2804
layer_1,28174.254
layer_1,28354.2834
layer_1,16648.9832
layer_1,27491.5797
layer_1,22901.9297
layer_1,29903.8503
layer_1,29755.4629
layer_1,30379.3675
layer_1,30348.362
layer_1,29357.8093
layer_1,26517.5528
layer_1,26332.7341
layer_1,25994.4455
layer_1,24997.233
layer_1,24330.6612
layer_1,22222.2497
layer_1,29302.6527
layer_1,26568.3792
layer_1,26834.143
layer_1,26833.5496
layer_1,20405.6743
layer_1,25903.4229
layer_1,26046.0012
layer_1,21361.0873
layer_1,23610.5596
layer_1,19079.845
layer_1,25109.9008
layer_1,25080.8078
layer_1,27480.528
layer_1,26656.8451
layer_1,26856.7397
layer_1,23735.4033
layer_1,24129.1637
layer_1,23433.0334
layer_1,21790.1919
layer_1,29022.1185
layer_1,29084.4209
layer_1,23774.2302
layer_1,21214.1666
layer_1,26108.1859
layer_1,24507.2021
layer_1,29719.8523
layer_1,24493.1899
layer_1,26838.3143
layer_1,24686.3602
layer_1,25899.3232
layer_1,17290.5845
layer_1,18479.1978
layer_1,8364.7936
layer_1,28137.9964
layer_1,29749.6362
layer_1,29739.7264
layer_1,28471.5695
layer_1,29752.6449
layer_1,29065.0527
layer_1,29112.5397
layer_1,28273.3847
layer_1,28923.9209
layer_1,28995.8239
layer_1,30399.2504
layer_1,30397.8332
layer_1,29749.3076
layer_1,28997.2871
layer_1,28976.8648
layer_1,26697.8176
layer_1,27715.8418
layer_1,28964.7296
layer_1,25501.4637
layer_1,25495.181
layer_1,28400.7538
layer_1,28133.2003
layer_1,28191.9197
layer_1,28167.9139
layer_1,28167.3563
layer_1,29329.1302
layer_1,29094.9999
layer_1,27617.9587
layer_1,26004.0733
layer_1,26536.2854
layer_1,26999.3332
layer_1,31015.7462
layer_1,26952.3327
layer_1,26255.0378
layer_1,26783.1626
layer_1,26585.9337
layer_1,27436.2657
layer_1,30800.0106
layer_1,23017.6262
layer_1,23056.6834
layer_1,23057.5029
layer_1,23069.5428
layer_1,23118.2923
layer_1,23063.4779
layer_1,26541.1789
layer_1,26833.133
layer_1,26822.3136
layer_1,26515.0564
layer_1,24200.8646
layer_1,26897.3603
layer_1,26069.2919
layer_1,23421.775
layer_1,26794.5761
layer_1,30374.1632
layer_1,26333.6672
layer_1,29733.0571
layer_1,25415.7625
layer_1,25408.5637
layer_1,26076.826
layer_1,26077.6452
layer_1,29076.0448
layer_1,453.5838
layer_1,14248.8906
layer_1,1023.02
layer_1,29825.9452
layer_1,31063.7314
layer_1,31040.6032
layer_1,30251.9211
layer_1,30246.4255
layer_1,29751.9167
layer_1,31043.9141
layer_1,29995.8912
layer_1,29743.7448
layer_1,29743.5923
layer_1,29742.6162
layer_1,29908.0004
layer_1,29825.9452
layer_1,29117.7565
layer_1,29032.5289
layer_1,30251.0981
layer_1,29128.8722
layer_1,28817.2305
layer_1,28913.2427
layer_1,28877.8135
layer_1,29152.3656
layer_1,29195.0239
layer_1,26399.6054
layer_1,26398.4334
layer_1,28365.2124
layer_1,28302.2825
layer_1,25811.6483
layer_1,25808.0642
layer_1,25613.0283
layer_1,25657.3247
layer_1,26922.4147
layer_1,25990.5081
layer_1,26514.5064
layer_1,26565.8661
layer_1,25972.7994
layer_1,25158.1711
layer_1,24743.8114
layer_1,24988.8482
layer_1,26253.8044
layer_1,25866.325
layer_1,25865.7045
layer_1,25999.1469
layer_1,26799.5311
layer_1,25774.0467
layer_1,25080.3467
layer_1,27203.3396
layer_1,25931.3295
layer_1,22599.3157
layer_1,23017.2357
layer_1,25650.4607
layer_1,24584.5866
layer_1,23849.5713
layer_1,24886.4963
layer_1,24884.286
layer_1,24880.7078
layer_1,24401.8219
layer_1,24469.3988
layer_1,24291.6482
layer_1,23584.0341
layer_1,24063.0989
layer_1,23467.1988
layer_1,8637.2647
layer_1,7100.9552
layer_1,31690.3459
layer_1,29923.0982
layer_1,29986.7613
layer_1,30620.7979
layer_1,26917.9194
layer_1,29951.8381
layer_1,30369.7513
layer_1,30370.3719
layer_1,29830.732
layer_1,29763.5423
layer_1,29780.7959
layer_1,28419.8701
layer_1,28248.4012
layer_1,28951.6791
layer_1,28977.9926
layer_1,29123.9701
layer_1,29153.0466
layer_1,29190.5146
layer_1,29305.9822
layer_1,29764.8363
layer_1,29160.9076
layer_1,26420.3553
layer_1,26014.8489
layer_1,27519.376
layer_1,26815.6052
layer_1,26293.2325
layer_1,26031.8103
layer_1,26000.4489
layer_1,26093.7356
layer_1,25892.9903
layer_1,25896.0992
layer_1,27294.0715
layer_1,26435.84
layer_1,26555.259
layer_1,26590.1579
layer_1,26367.309
layer_1,26181.389
layer_1,25852.1956
layer_1,1767.5709
layer_1,9451.4104
layer_2,3723.635
layer_2,1630.4549
layer_2,5975.4829
layer_2,6471.2315
layer_2,4945.9855
layer_2,2587.3742
layer_2,5958.2453
layer_2,2636.542
layer_2,2694.0076
layer_2,892.6184
layer_2,4468.3435
layer_2,3801.5392
layer_2,3083.583
layer_2,1842.0322
layer_2,4138.7217
layer_2,4242.9751
layer_2,2678.5498
layer_2,5320.2363
layer_2,3158.5121
layer_2,4641.9796
layer_2,5239.0033
layer_2,2607.2251
layer_2,4585.5647
layer_2,3040.3938
layer_2,1066.7661
layer_2,3045.1226
layer_2,4660.1704
layer_2,3483.129
layer_2,1530.4134
layer_2,7132.3632
layer_2,2728.3288
layer_2,4185.0929
layer_2,4893.2174
layer_2,4729.7661
layer_2,3553.8741
layer_2,7748.1885
layer_2,6424.0488
layer_2,3496.8477
layer_2,3021.9557
layer_2,2428.336
layer_2,4207.4037
layer_2,4146.2225
layer_2,4625.3198
layer_2,7435.2627
layer_2,2166.2946
layer_2,4767.7141
layer_2,4398.0586
layer_2,7201.9173
layer_2,7454.8911
layer_2,4641.7731
layer_2,566.8865
layer_2,3894.5546
layer_2,2495.8152
layer_2,2278.9284
layer_2,2845.6029
layer_2,5617.0541
layer_2,4203.3937
layer_2,5504.567
layer_2,4322.1947
layer_2,4130.9064
layer_2,2976.7939
layer_2,8480.9089
layer_2,2844.8138
layer_2,6380.7645
layer_2,7986.9239
layer_2,5795.108
layer_2,7324.9535
layer_2,2127.449
layer_2,4903.6583
layer_2,4195.3885
layer_2,4403.8809
layer_2,6958.7379
layer_2,3124.3785
layer_2,4054.3981
layer_2,1647.9626
layer_2,4180.5
layer_2,5204.0856
layer_2,7603.5825
layer_2,3071.9073
layer_2,1040.6387
layer_2,6854.4416
layer_2,3103.9273
layer_2,4035.3565
layer_2,6809.725
layer_2,2640.042
layer_2,765.326
layer_2,5800.6815
layer_2,4129.5659
layer_2,5838.1778
layer_2,4887.2213
layer_2,1203.2479
layer_2,3080.01
layer_2,1616.2111
layer_2,5749.5796
layer_2,880.3604
layer_2,4772.0496
layer_2,5338.6666
layer_2,4637.1489
layer_2,2460.9564
layer_2,5615.2441
layer_2,7544.0714
layer_2,4291.1925
layer_2,7159.5977
layer_2,3922.3521
layer_2,3991.7098
layer_2,3013.6322
layer_2,4954.719
layer_2,3783.4551
layer_2,1231.3469
layer_2,4409.8982
layer_2,791.0013
layer_2,2496.8194
layer_2,5838.2788
layer_2,5569.0661
layer_2,2590.7434
layer_2,2458.9756
layer_2,4731.7285
layer_2,6517.1738
layer_2,1817.7319
layer_2,6383.4057
layer_2,2284.8286
layer_2,7250.8066
layer_2,7526.8142
layer_2,7063.9711
layer_2,7254.5703
layer_2,6823.4603
layer_2,7489.4388
layer_2,7951.5677
layer_2,6239.0897
layer_2,7234.7527
layer_2,8022.9486
layer_2,6583.5234
layer_2,7460.8295
layer_2,7354.2246
layer_2,6903.2512
layer_2,7998.3628
layer_2,6993.5708
layer_2,8000.8927
layer_2,7195.7751
layer_2,7223.1266
layer_2,8496.8035
layer_2,7173.4404
layer_2,7433.7999
layer_2,6953.933
layer_2,6719.9657
layer_2,5619.1101
layer_2,7293.771
layer_2,8450.0107
layer_2,7321.4297
layer_2,7129.6656
layer_2,7276.5426
layer_2,6888.7869
layer_2,7033.9636
layer_2,6778.1781
layer_2,7765.3998
layer_2,7951.8934
layer_2,8533.4085
layer_2,8862.7002
layer_2,7049.5544
layer_2,8050.5347
layer_2,8230.8049
layer_2,6269.8128
layer_2,7008.5175
layer_2,7057.5507
layer_2,6445.979
layer_2,6768.1626
layer_2,5936.0518
layer_2,6479.3595
layer_2,6972.0732
layer_2,6184.2019
layer_2,6144.8352
layer_2,7603.5514
layer_2,7547.5637
layer_2,7459.2785
layer_2,7632.4198
layer_2,6936.9253
layer_2,6561.7296
layer_2,6505.3809
layer_2,2941.6361
layer_2,2256.5574
layer_2,8439.8819
layer_2,8467.1366
layer_2,8097.4595
layer_2,8632.6008
layer_2,8896.3939
layer_2,8694.8414
layer_2,8546.5167
layer_2,7899.1937
layer_2,8481.9454
layer_2,7625.7341
layer_2,8568.0421
layer_2,8427.8517
layer_2,7289.2723
layer_2,8471.0937
layer_2,8757.4201
layer_2,7582.4714
layer_2,8378.395
layer_2,8038.7092
layer_2,6824.1878
layer_2,6916.8113
layer_2,8753.5915
layer_2,8527.3233
layer_2,8065.3293
layer_2,8773.3828
layer_2,7480.7759
layer_2,8442.1281
layer_2,8696.7597
layer_2,8778.104
layer_2,8812.6717
layer_2,7540.5098
layer_2,8163.9203
layer_2,8994.5451
layer_2,8631.2743
layer_2,8377.4022
layer_2,8390.5048
layer_2,7370.8752
layer_2,8669.4799
layer_2,7476.888
layer_2,8475.239
layer_2,8728.0487
layer_2,8101.1837
layer_2,7636.7876
layer_2,8750.7867
layer_2,8402.2683
layer_2,7995.6169
layer_2,8780.1695
layer_2,8747.4732
layer_2,7358.4255
layer_2,8549.5152
layer_2,8886.4087
layer_2,6991.8421
layer_2,7373.9992
layer_2,7704.6152
layer_2,7420.8081
layer_2,7196.2494
layer_2,7307.8791
layer_2,7498.8345
layer_2,7929.7236
layer_2,4159.3638
layer_2,4072.1416
layer_2,8193.3183
layer_2,8736.0932
layer_2,7835.825
layer_2,7185.1427
layer_2,8332.7914
layer_2,7473.0936
layer_2,9160.231
layer_2,8672.2303
layer_2,7787.4992
layer_2,7898.8596
layer_2,7548.0501
layer_2,8185.0346
layer_2,8553.7877
layer_2,8566.8261
layer_2,8544.4412
layer_2,8554.8972
layer_2,7960.026
layer_2,7833.7781
layer_2,8681.3339
layer_2,8716.2192
layer_2,8277.9829
layer_2,7480.7256
layer_2,7916.1413
layer_2,9196.854
layer_2,7690.1362
layer_2,7713.1439
layer_2,8418.3515
layer_2,6497.047
layer_2,8577.589
layer_2,7889.4327
layer_2,8692.1786
layer_2,7901.5762
layer_2,8700.8934
layer_2,7565.2095
layer_2,8672.7736
layer_2,8914.9592
layer_2,8416.9548
layer_2,7588.7976
layer_2,7793.9508
layer_2,8757.3382
layer_2,8738.5747
layer_2,8868.0373
layer_2,8311.3694
layer_2,7646.692
layer_2,5657.1197
layer_2,4004.1383
layer_2,4344.4865
layer_2,8459.7637
layer_2,9065.2988
layer_2,7193.9107
layer_2,8479.7326
layer_2,8494.1435
layer_2,7616.6711
layer_2,7562.7127
layer_2,8540.9334
layer_2,7270.1957
layer_2,8776.3557
layer_2,6803.064
layer_2,8205.1547
layer_2,8656.7473
layer_2,7908.5533
layer_2,8898.3931
layer_2,7808.1966
layer_2,8029.4769
layer_2,8816.049
layer_2,7194.0956
layer_2,8262.7658
layer_2,8697.6943
layer_2,8848.8585
layer_2,8855.6296
layer_2,8800.7609
layer_2,8713.5478
layer_2,7682.295
layer_2,8825.2536
layer_2,8620.9959
layer_2,7901.1233
layer_2,8654.0498
layer_2,6710.8846
layer_2,9115.3599
layer_2,8674.4595
layer_2,6748.9873
layer_2,8593.6845
layer_2,7074.1472
layer_2,8409.4198
layer_2,8421.7329
layer_2,8599.5237
layer_2,8278.3924
layer_2,8591.4748
layer_2,8809.6121
layer_2,7514.874
layer_2,7973.7019
layer_2,9049.5911
layer_2,7563.575
layer_2,7630.5157
layer_2,3032.9775
layer_2,8435.3971
layer_2,6636.2315
layer_2,8968.0086
layer_2,7898.6941
layer_2,7260.3907
layer_2,8106.1957
layer_2,8021.3147
layer_2,8089.2964
layer_2,8215.2029
layer_2,7901.3712
layer_2,7139.4463
layer_2,8111.4026
layer_2,6291.1855
layer_2,7782.4855
layer_2,8025.1328
layer_2,7114.2001
layer_2,8678.348
layer_2,7325.4643
layer_2,8314.4264
layer_2,8401.8624
layer_2,8454.8777
layer_2,8179.4394
layer_2,7291.0337
layer_2,8798.0297
layer_2,7421.9425
layer_2,7563.666
layer_2,6059.2449
layer_2,8476.1504
layer_2,7202.2291
layer_2,6728.0908
layer_2,8941.7601
layer_2,8304.1096
layer_2,8300.8074
layer_2,9090.9081
layer_2,8501.6515
layer_2,7387.2779
layer_2,8341.37
layer_2,7003.7953
layer_2,8058.0413
layer_2,7301.8011
layer_2,7552.147
layer_2,8828.7899
layer_2,8321.8154
layer_2,7672.8946
layer_2,8352.6932
layer_2,8453.2089
layer_2,7043.5287
layer_2,8699.4125
layer_2,8708.4141
layer_2,8550.8841
layer_2,8083.8785
layer_2,3365.326
layer_2,4429.05
layer_2,3386.358
layer_2,7369.754
layer_2,8685.5042
layer_2,7074.8954
layer_2,8371.2541
layer_2,7738.0199
layer_2,6976.3474
layer_2,8979.4597
layer_2,8370.0451
layer_2,8991.4599
layer_2,8192.6997
layer_2,7943.4202
layer_2,8393.8562
layer_2,8318.8086
layer_2,7853.3944
layer_2,7207.989
layer_2,8571.9632
layer_2,8356.4481
layer_2,7975.4743
layer_2,9124.2244
layer_2,9125.9129
layer_2,6681.7821
layer_2,8380.3557
layer_2,8097.7427
layer_2,7079.4372
layer_2,7777.3482
layer_2,8720.4705
layer_2,7777.7542
layer_2,8061.9872
layer_2,8623.5223
layer_2,7493.0479
layer_2,7632.7162
layer_2,7569.0593
layer_2,7404.3418
layer_2,8751.5472
layer_2,7503.901
layer_2,8298.0309
layer_2,8265.7036
layer_2,7681.5636
layer_2,8260.9803
layer_2,7013.9537
layer_2,8703.5126
layer_2,8767.3934
layer_2,7462.9794
layer_2,7834.9858
layer_2,8572.6627
layer_2,7156.2258
layer_2,7536.7476
layer_2,8162.147
layer_2,7466.3543
layer_2,8299.3138
layer_2,8207.9976
layer_2,2228.5426
layer_2,1522.7755
layer_2,8328.1212
layer_2,7332.6554
layer_2,9121.0106
layer_2,8808.0462
layer_2,7211.8699
layer_2,7963.2321
layer_2,7919.0282
layer_2,7420.477
layer_2,9097.5706
layer_2,8742.9354
layer_2,7682.2153
layer_2,7869.024
layer_2,8150.6256
layer_2,7385.2708
layer_2,7757.7218
layer_2,7728.1946
layer_2,8181.3436
layer_2,8528.7054
layer_2,8184.7446
layer_2,7751.3298
layer_2,8542.1956
layer_2,8709.9517
layer_2,8396.0676
layer_2,7674.2944
layer_2,8364.6777
layer_2,8531.6815
layer_2,8055.1515
layer_2,7988.581
layer_2,8361.9984
layer_2,8323.8182
layer_2,7436.6992
layer_2,8078.9339
layer_2,8570.2744
layer_2,8479.3879
layer_2,7194.806
layer_2,8912.6678
layer_2,8482.8008
layer_2,8368.908
layer_2,8100.2843
layer_2,8892.4
layer_2,7898.3654
layer_2,8307.9759
layer_2,7415.7573
layer_2,8609.954
layer_2,9115.5371
layer_2,8660.765
layer_2,7549.2436
layer_2,8598.1941
layer_2,7858.4317
layer_2,8785.3728
layer_2,6588.564
layer_2,4619.9151
layer_2,8010.6736
layer_2,1299.2105
layer_2,8588.6338
layer_2,8103.9429
layer_2,8628.6543
layer_2,8643.2928
layer_2,8174.3004
layer_2,9028.036
layer_2,6933.9842
layer_2,8293.9475
layer_2,9051.3116
layer_2,8362.9822
layer_2,7271.884
layer_2,9019.7085
layer_2,8627.4067
layer_2,8778.4781
layer_2,9052.9065
layer_2,9102.7393
layer_2,8598.7036
layer_2,8778.6927
layer_2,8692.1355
layer_2,8875.2709
layer_2,8544.0446
layer_2,9022.6586
layer_2,7884.0953
layer_2,7787.114
layer_2,8299.2689
layer_2,8893.7615
layer_2,8688.2654
layer_2,8586.7521
layer_2,9093.8867
layer_2,7105.8195
layer_2,8844.4713
layer_2,8489.6458
layer_2,8741.8172
layer_2,4518.8524
layer_2,8691.881
layer_2,8879.8906
layer_2,8825.9754
layer_2,8071.3005
layer_2,7369.4381
layer_2,7570.7243
layer_2,7061.0147
layer_2,7768.8123
layer_2,6197.7062
layer_2,8535.5814
layer_2,8634.3598
layer_2,8612.3687
layer_2,8670.7687
layer_2,8608.6454
layer_2,8572.2944
layer_2,8622.6458
layer_2,8679.2191
layer_2,8261.9496
layer_2,2490.7354
layer_2,3205.2579
layer_2,2598.5832
layer_2,7714.7768
layer_2,7850.1741
layer_2,7849.1185
layer_2,8591.9674
layer_2,7012.2536
layer_2,8112.7986
layer_2,7808.0507
layer_2,8511.0668
layer_2,8511.3457
layer_2,8367.6234
layer_2,7046.1938
layer_2,8061.7724
layer_2,7223.31
layer_2,8288.6691
layer_2,7354.9413
layer_2,8223.6827
layer_2,8650.41
layer_2,7861.6676
layer_2,8631.7327
layer_2,8422.5896
layer_2,7162.4322
layer_2,8033.3706
layer_2,8919.5467
layer_2,7257.1499
layer_2,8386.2736
layer_2,8502.3313
layer_2,7906.0063
layer_2,7017.0386
layer_2,8760.3165
layer_2,7928.4334
layer_2,4447.6903
layer_2,7832.171
layer_2,6883.4971
layer_2,8801.9665
layer_2,8031.8669
layer_2,6556.2402
layer_2,7854.5259
layer_2,7705.1201
layer_2,8197.0882
layer_2,6421.8285
layer_2,7006.7928
layer_2,6913.8186
layer_2,8353.2089
layer_2,8663.0597
layer_2,7245.0824
layer_2,8027.9943
layer_2,7341.1745
layer_2,7588.8567
layer_2,7848.6069
layer_2,8111.006
layer_2,8756.8367
layer_2,8177.5509
layer_2,8781.3094
layer_2,7138.3286
layer_2,7729.7787
layer_2,7631.078
layer_2,7236.0743
layer_2,8288.6596
layer_2,6995.1008
layer_2,4202.0122
layer_2,2245.5463
layer_2,7653.2751
layer_2,8348.4537
layer_2,7659.2637
layer_2,7917.9232
layer_2,8681.4459
layer_2,7393.6229
layer_2,8335.2359
layer_2,6980.5356
layer_2,8280.4916
layer_2,8326.0162
layer_2,7637.2663
layer_2,7802.7793
layer_2,8296.0509
layer_2,8070.6258
layer_2,8056.1677
layer_2,7207.8766
layer_2,7583.1186
layer_2,7070.046
layer_2,8448.44
layer_2,8183.1924
layer_2,8706.1574
layer_2,8706.1059
layer_2,8697.4803
layer_2,8567.0348
layer_2,8628.2557
layer_2,8465.3426
layer_2,6304.4477
layer_2,7268.5804
layer_2,7562.3596
layer_2,8557.1319
layer_2,7471.9814
layer_2,7593.7955
layer_2,7313.274
layer_2,6833.9776
layer_2,8275.2468
layer_2,8795.0037
layer_2,8854.9485
layer_2,7529.7005
layer_2,7350.7359
layer_2,7999.9539
layer_2,8500.7445
layer_2,7469.1958
layer_2,7432.0489
layer_2,8034.6537
layer_2,7553.5396
layer_2,4784.6088
layer_2,7210.0324
layer_2,2093.8872
layer_2,8674.6374
layer_2,8728.986
layer_2,7783.7683
layer_2,7311.5431
layer_2,9220.843
layer_2,8423.398
layer_2,8543.5771
layer_2,9050.2065
layer_2,8643.236
layer_2,6022.9583
layer_2,8317.1014
layer_2,7991.8558
layer_2,7743.3666
layer_2,7832.4503
layer_2,6865.2456
layer_2,7920.1878
layer_2,8331.1519
layer_2,7220.197
layer_2,7275.9817
layer_2,8318.6418
layer_2,8069.7105
layer_2,8741.3292
layer_2,8432.2114
layer_2,8177.0984
layer_2,7212.1745
layer_2,8794.365
layer_2,4953.1152
layer_2,5211.9755
layer_2,8391.621
layer_2,8204.6974
layer_2,6844.1746
layer_2,8049.8181
layer_2,6424.7123
layer_2,8560.6186
layer_2,8625.6124
layer_2,7284.4921
layer_2,7785.1642
layer_2,6964.4537
layer_2,8573.5512
layer_2,7921.4503
layer_2,8588.1716
layer_2,6407.4911
layer_2,8669.9057
layer_2,8437.3769
layer_2,8470.9144
layer_2,9053.2079
layer_2,7174.9892
layer_2,8043.4808
layer_2,9087.4024
layer_2,7236.0439
layer_2,7591.3198
layer_2,9011.3307
layer_2,7456.1569
layer_2,2280.0796
layer_2,7509.199
layer_2,8759.5589
layer_2,8317.6929
layer_2,8686.2026
layer_2,8462.493
layer_2,8491.2249
layer_2,7728.3427
layer_2,7226.2105
layer_2,7824.9759
layer_2,8520.0491
layer_2,7115.7283
layer_2,7789.1109
layer_2,8428.0576
layer_2,7516.9695
layer_2,7586.9354
layer_2,8680.8285
layer_2,7600.6721
layer_2,7732.6525
layer_2,8537.0976
layer_2,8509.8423
layer_2,8384.7902
layer_2,8090.3372
layer_2,8469.5923
layer_2,6441.5904
layer_2,7487.1699
layer_2,8568.8897
layer_2,8170.5084
layer_2,7378.605
layer_2,8505.003
layer_2,8366.9618
layer_2,7704.8298
layer_2,9014.2507
layer_2,8129.6413
layer_2,6967.6778
layer_2,8006.113
layer_2,8355.1618
layer_2,8045.382
layer_2,8671.0597
layer_2,6763.3413
layer_2,8091.5294
layer_2,7092.488
layer_2,8347.3842
layer_2,7988.2447
layer_2,5575.2631
layer_2,6308.5735
layer_2,8671.9161
layer_2,7797.379
layer_2,8065.0709
layer_2,1899.6636
layer_2,5031.8137
layer_2,1201.0
layer_2,8806.1511
layer_2,7993.8127
layer_2,8621.4034
layer_2,4889.0494
layer_2,8458.9154
layer_2,8362.9526
layer_2,8017.2341
layer_2,8486.591
layer_2,8211.6098
layer_2,8889.9585
layer_2,6353.4265
layer_2,7539.643
layer_2,8441.0999
layer_2,8119.7142
layer_2,4636.9161
layer_2,8585.6288
layer_2,7828.8271
layer_2,7421.5528
layer_2,8461.7047
layer_2,8837.1288
layer_2,7433.5736
layer_2,7541.4946
layer_2,6575.3955
layer_2,8014.424
layer_2,8505.447
layer_2,8766.1012
layer_2,4451.307
layer_2,7582.6165
layer_2,8583.3034
layer_2,7851.7398
layer_2,8543.7205
layer_2,7887.6434
layer_2,8707.0885
layer_2,7533.6511
layer_2,7984.0067
layer_2,8771.9709
layer_2,7666.4331
layer_2,6889.3787
layer_2,8570.1509
layer_2,7817.342
layer_2,7454.9769
layer_2,8446.145
layer_2,7033.5485
layer_2,8494.4431
layer_2,8005.4025
layer_2,7097.6257
layer_2,8302.6049
layer_2,8452.8597
layer_2,6039.1657
layer_2,4667.4167
layer_2,5957.4988
layer_2,8615.9958
layer_2,6922.6848
layer_2,7087.4314
layer_2,8408.4542
layer_2,7399.6494
layer_2,8955.4718
layer_2,8662.5071
layer_2,7028.7745
layer_2,7738.6015
layer_2,8768.5132
layer_2,7238.8437
layer_2,8714.4404
layer_2,6703.0905
layer_2,8299.9677
layer_2,8732.922
layer_2,9279.2028
layer_2,6404.2313
layer_2,4856.9058
layer_2,9096.4213
layer_2,7832.7131
layer_2,8409.5197
layer_2,8228.0559
layer_2,8862.975
layer_2,8251.856
layer_2,6909.2937
layer_2,7586.5109
layer_2,7148.5122
layer_2,6885.1509
layer_2,8755.3845
layer_2,6751.5145
layer_2,6576.1478
layer_2,8956.6065
layer_2,7160.6021
layer_2,7499.6046
layer_2,8356.0293
layer_2,7866.2029
layer_2,6363.1597
layer_2,1732.1786
layer_3,3416.3386
layer_3,2655.9587
layer_3,2811.9379
layer_3,1924.4451
layer_3,1337.1255
layer_3,2603.8934
layer_3,6900.9827
layer_3,2356.2031
layer_3,2761.0008
layer_3,3087.6331
layer_3,2015.3289
layer_3,3122.1518
layer_3,5695.1785
layer_3,2837.9762
layer_3,2327.1652
layer_3,1191.2837
layer_3,3141.6822
layer_3,2369.2432
layer_3,2914.3297
layer_3,740.3353
layer_3,2288.8818
layer_3,1759.4973
layer_3,2221.0257
layer_3,5342.9143
layer_3,1366.7566
layer_3,1412.7199
layer_3,294.6247
layer_3,7062.5916
layer_3,636.5693
layer_3,7986.1172
layer_3,1284.631
layer_3,8262.4586
layer_3,3840.5894
layer_3,7065.5266
layer_3,3955.7149
layer_3,2660.4467
layer_3,2248.2766
layer_3,2651.4326
layer_3,2442.089
layer_3,2777.3785
layer_3,2252.85
layer_3,3636.1491
layer_3,5008.7342
layer_3,3813.9609
layer_3,5291.8589
layer_3,2722.8438
layer_3,3682.4985
layer_3,3919.7887
layer_3,930.6118
layer_3,7544.9136
layer_3,2903.9393
layer_3,1773.5852
layer_3,2618.5218
layer_3,3263.3605
layer_3,797.7153
layer_3,2232.2701
layer_3,449.5395
layer_3,1834.3138
layer_3,1716.9153
layer_3,331.3796
layer_3,2719.8257
layer_3,2081.4959
layer_3,928.9706
layer_3,3182.4268
layer_3,5682.3314
layer_3,3063.5626
layer_3,10002.914
layer_3,1484.7448
layer_3,3640.5329
layer_3,1760.6069
layer_3,1830.3629
layer_3,1814.0224
layer_3,1243.3114
layer_3,6012.3208
layer_3,1566.859
layer_3,2796.4896
layer_3,4862.7799
layer_3,2394.7074
layer_3,2143.8341
layer_3,4451.2509
layer_3,2155.02
layer_3,310.5386
layer_3,2007.2112
layer_3,1338.7243
layer_3,2009.109
layer_3,2627.4252
layer_3,716.2234
layer_3,6644.3398
layer_3,2266.2105
layer_3,481.1209
layer_3,8591.5999
layer_3,2308.2151
layer_3,3247.8278
layer_3,4861.8396
layer_3,736.5454
layer_3,3622.128
layer_3,5061.045
layer_3,3627.2898
layer_3,8594.3986
layer_3,3244.1766
layer_3,2135.3598
layer_3,2491.3637
layer_3,3746.4411
layer_3,5391.9267
layer_3,2393.1435
layer_3,2472.04
layer_3,3709.794
layer_3,2625.2667
layer_3,2874.3272
layer_3,1135.9739
layer_3,3607.5494
layer_3,7555.0132
layer_3,3732.4703
layer_3,8761.9331
layer_3,10544.8616
layer_3,3188.1523
layer_3,3184.5907
layer_3,10209.0006
layer_3,7051.0988
layer_3,11447.1696
layer_3,6784.9961
layer_3,6969.986
layer_3,9963.6376
layer_3,8842.433
layer_3,5943.8251
layer_3,3778.103
layer_3,3865.7708
layer_3,8961.6526
layer_3,8762.114
layer_3,9483.8632
layer_3,7096.9773
layer_3,10058.1713
layer_3,5998.736
layer_3,3469.5892
layer_3,8618.9022
layer_3,9977.669
layer_3,8619.5967
layer_3,8492.1067
layer_3,9977.9041
layer_3,8617.8384
layer_3,10984.7861
layer_3,7479.9888
layer_3,6001.8582
layer_3,8964.4898
layer_3,10522.1785
layer_3,5195.2738
layer_3,6473.607
layer_3,7276.684
layer_3,3005.034
layer_3,5032.6658
layer_3,11338.2813
layer_3,9589.4152
layer_3,10303.7604
layer_3,10145.7634
layer_3,8545.6025
layer_3,7216.6332
layer_3,5823.265
layer_3,3001.528
layer_3,8216.4971
layer_3,6398.7598
layer_3,6963.4971
layer_3,3762.7436
layer_3,9133.0916
layer_3,9146.7465
layer_3,9194.3172
layer_3,5945.3159
layer_3,7903.4421
layer_3,9492.0986
layer_3,8228.7262
layer_3,9417.4565
layer_3,1573.8071
layer_3,9335.1209
layer_3,10358.7659
layer_3,11470.1375
layer_3,10992.5258
layer_3,10993.2945
layer_3,10940.4711
layer_3,6962.8189
layer_3,7244.8104
layer_3,2769.8755
layer_3,9570.1549
layer_3,10552.5729
layer_3,4353.9793
layer_3,10307.4077
layer_3,10750.1546
layer_3,10750.6522
layer_3,10071.2906
layer_3,10058.7388
layer_3,7087.9547
layer_3,8771.7697
layer_3,11130.9985
layer_3,7649.7902
layer_3,5046.3154
layer_3,11406.3214
layer_3,8235.0616
layer_3,5929.04
layer_3,10290.6477
layer_3,9806.8881
layer_3,8474.9502
layer_3,8095.003
layer_3,8075.6706
layer_3,11520.1552
layer_3,11414.3931
layer_3,9077.2626
layer_3,8891.7293
layer_3,6734.8813
layer_3,6701.8055
layer_3,9825.2617
layer_3,4642.2808
layer_3,9447.7258
layer_3,9860.9513
layer_3,10421.0038
layer_3,5837.4897
layer_3,5446.8499
layer_3,9802.4085
layer_3,9893.0598
layer_3,12862.3198
layer_3,8135.7373
layer_3,5362.7286
layer_3,9824.8037
layer_3,2687.1074
layer_3,11637.762
layer_3,10964.3337
layer_3,10964.5761
layer_3,10966.981
layer_3,9835.4199
layer_3,8483.4246
layer_3,10536.615
layer_3,3386.4328
layer_3,9381.5602
layer_3,9790.5547
layer_3,5864.1842
layer_3,5205.604
layer_3,4524.8415
layer_3,12303.3841
layer_3,12968.0864
layer_3,5934.2495
layer_3,12319.479
layer_3,5834.3876
layer_3,13019.4959
layer_3,11542.01
layer_3,11658.5588
layer_3,10089.0651
layer_3,11630.8786
layer_3,11533.6216
layer_3,12513.5589
layer_3,9982.6354
layer_3,10982.1536
layer_3,10819.6374
layer_3,12624.7777
layer_3,5929.2928
layer_3,12142.341
layer_3,10089.0568
layer_3,12927.2039
layer_3,9598.7004
layer_3,10575.0279
layer_3,14133.0778
layer_3,13613.2348
layer_3,10143.2006
layer_3,10201.1061
layer_3,10199.1091
layer_3,12593.9595
layer_3,10453.6293
layer_3,3177.133
layer_3,10975.9282
layer_3,11005.7263
layer_3,11368.4807
layer_3,10024.918
layer_3,10512.3228
layer_3,10079.854
layer_3,9306.7857
layer_3,10098.8998
layer_3,5665.3184
layer_3,8637.3094
layer_3,5792.7641
layer_3,12076.5495
layer_3,5807.3242
layer_3,11218.4415
layer_3,9618.3111
layer_3,10966.7602
layer_3,10968.9007
layer_3,10969.8725
layer_3,5696.1389
layer_3,10752.5185
layer_3,10751.5594
layer_3,9769.0836
layer_3,9878.8425
layer_3,12525.0194
layer_3,10235.7601
layer_3,11433.1503
layer_3,9306.4586
layer_3,9306.3219
layer_3,10373.1145
layer_3,10373.0448
layer_3,1185.7794
layer_3,13030.4899
layer_3,13606.5556
layer_3,13669.5066
layer_3,12400.8336
layer_3,12593.4507
layer_3,12786.4291
layer_3,13084.5937
layer_3,12802.6393
layer_3,12513.0817
layer_3,13069.4224
layer_3,12908.4123
layer_3,12773.7975
layer_3,12043.7343
layer_3,12495.535
layer_3,13111.0879
layer_3,14088.7295
layer_3,12011.8886
layer_3,12109.3733
layer_3,13833.5525
layer_3,11372.6248
layer_3,11198.8282
layer_3,4882.1901
layer_3,4882.6768
layer_3,7188.0486
layer_3,11000.7689
layer_3,11283.2022
layer_3,11969.2789
layer_3,12005.6497
layer_3,7146.6388
layer_3,12829.04
layer_3,5416.9721
layer_3,10676.8153
layer_3,11058.2159
layer_3,11057.5219
layer_3,12521.2185
layer_3,10693.0371
layer_3,10692.6692
layer_3,10417.7307
layer_3,11500.0586
layer_3,7046.0803
layer_3,12367.4851
layer_3,11437.4816
layer_3,11430.0486
layer_3,11380.418
layer_3,12706.4633
layer_3,11776.4667
layer_3,11447.6105
layer_3,10493.8047
layer_3,5643.3885
layer_3,5625.4928
layer_3,10985.0959
layer_3,12954.9024
layer_3,11769.1242
layer_3,1213.0103
layer_3,12797.3643
layer_3,13671.7319
layer_3,13889.578
layer_3,13886.727
layer_3,14110.9887
layer_3,12939.3876
layer_3,12750.9919
layer_3,12751.8082
layer_3,14098.9972
layer_3,12974.2458
layer_3,12975.4874
layer_3,12148.0596
layer_3,12269.4186
layer_3,14174.4407
layer_3,13622.3589
layer_3,12986.1929
layer_3,13078.2043
layer_3,14099.2114
layer_3,14098.7792
layer_3,12519.3516
layer_3,12624.7927
layer_3,14623.5544
layer_3,12891.1394
layer_3,7902.7701
layer_3,14808.0406
layer_3,14811.9342
layer_3,12370.2287
layer_3,12362.7259
layer_3,12362.4283
layer_3,13454.669
layer_3,13147.9871
layer_3,13370.7783
layer_3,13555.6525
layer_3,13840.3119
layer_3,13084.254
layer_3,12972.1606
layer_3,12850.5382
layer_3,11589.6581
layer_3,13808.4216
layer_3,12888.2233
layer_3,11823.0622
layer_3,13317.7143
layer_3,12712.3687
layer_3,12944.6564
layer_3,12484.7486
layer_3,12545.3758
layer_3,13127.9522
layer_3,13057.6955
layer_3,12464.9763
layer_3,13096.1893
layer_3,12104.1189
layer_3,12516.1603
layer_3,11865.8847
layer_3,11817.088
layer_3,11833.4103
layer_3,11433.7572
layer_3,12636.3661
layer_3,11828.1235
layer_3,12616.073
layer_3,4890.9435
layer_3,12197.4938
layer_3,4263.6351
layer_3,8792.5886
layer_3,12824.7626
layer_3,13646.0052
layer_3,14453.7493
layer_3,14616.8563
layer_3,13124.8808
layer_3,13861.5952
layer_3,13876.2162
layer_3,14184.5412
layer_3,12667.4318
layer_3,13722.2034
layer_3,13629.0887
layer_3,13863.0177
layer_3,12780.7858
layer_3,13934.4666
layer_3,13936.8716
layer_3,14087.0823
layer_3,13748.9091
layer_3,12114.154
layer_3,12028.7834
layer_3,12635.3924
layer_3,12588.9864
layer_3,12380.9082
layer_3,12381.7671
layer_3,13010.2835
layer_3,13010.6113
layer_3,12451.8097
layer_3,12929.2745
layer_3,12820.5025
layer_3,13848.1309
layer_3,12441.7404
layer_3,12890.2418
layer_3,12984.3299
layer_3,12894.2073
layer_3,12460.7106
layer_3,13225.7736
layer_3,13254.1663
layer_3,12540.5321
layer_3,12034.837
layer_3,13197.0141
layer_3,12981.8663
layer_3,12623.482
layer_3,13015.2703
layer_3,12456.5495
layer_3,12274.144
layer_3,12277.9895
layer_3,12051.9927
layer_3,12114.8813
layer_3,12695.6218
layer_3,11814.0246
layer_3,11817.8475
layer_3,11819.4932
layer_3,12576.6117
layer_3,12580.862
layer_3,11828.3575
layer_3,11825.5228
layer_3,13227.0929
layer_3,11400.9123
layer_3,11502.9537
layer_3,12460.2995
layer_3,12163.1058
layer_3,12269.9004
layer_3,3360.1634
layer_3,2233.4058
layer_3,13234.7887
layer_3,13911.355
layer_3,13661.6015
layer_3,13485.72
layer_3,13396.8964
layer_3,13758.8606
layer_3,13128.8936
layer_3,13919.1257
layer_3,12877.9184
layer_3,13033.3234
layer_3,13021.9095
layer_3,12137.4011
layer_3,12256.2323
layer_3,12813.7225
layer_3,12987.9128
layer_3,12834.4831
layer_3,13045.62
layer_3,12421.4767
layer_3,12003.7619
layer_3,12259.2724
layer_3,12138.4417
layer_3,12582.777
layer_3,12582.2776
layer_3,12564.0244
layer_3,12813.2871
layer_3,12379.9178
layer_3,12537.4501
layer_3,13125.896
layer_3,12462.5384
layer_3,12004.6871
layer_3,11588.6157
layer_3,12485.425
layer_3,13455.251
layer_3,13947.9838
layer_3,13191.5827
layer_3,12078.8592
layer_3,12048.7293
layer_3,12302.3874
layer_3,12138.539
layer_3,12044.4699
layer_3,13125.7221
layer_3,14669.6166
layer_3,12050.6902
layer_3,11495.4813
layer_3,13718.288
layer_3,13428.1386
layer_3,12980.24
layer_3,13060.7573
layer_3,12074.6312
layer_3,13358.5913
layer_3,11630.5958
layer_3,11947.4154
layer_3,12473.8988
layer_3,14557.9178
layer_3,12803.5523
layer_3,11332.0794
layer_3,11626.034
layer_3,3581.319
layer_3,3536.5393
layer_3,12242.3496
layer_3,13757.3438
layer_3,14203.5814
layer_3,12217.8849
layer_3,13902.157
layer_3,14113.2153
layer_3,13583.4292
layer_3,13752.2256
layer_3,13439.2958
layer_3,14176.3963
layer_3,12984.8023
layer_3,13437.6605
layer_3,13750.1691
layer_3,14170.8045
layer_3,7635.694
layer_3,13853.4579
layer_3,13909.4535
layer_3,13906.8505
layer_3,13863.5312
layer_3,13772.3715
layer_3,13607.8302
layer_3,12795.83
layer_3,13617.1329
layer_3,12932.9263
layer_3,12851.8117
layer_3,12859.0997
layer_3,12936.9385
layer_3,12250.9409
layer_3,12938.4422
layer_3,12808.7049
layer_3,12809.0541
layer_3,12824.4957
layer_3,12823.9015
layer_3,12981.2263
layer_3,13659.4958
layer_3,12882.9782
layer_3,14431.6099
layer_3,14431.5532
layer_3,14701.6432
layer_3,12395.7998
layer_3,13388.2339
layer_3,13097.2591
layer_3,12708.3863
layer_3,12706.4337
layer_3,12942.0186
layer_3,12710.9532
layer_3,12321.0138
layer_3,13393.2395
layer_3,5499.3859
layer_3,12354.1715
layer_3,12467.4205
layer_3,12324.4549
layer_3,12471.0744
layer_3,14434.2721
layer_3,12286.8143
layer_3,12559.3507
layer_3,2011.451
layer_3,2764.0726
layer_3,2445.6911
layer_3,12760.2004
layer_3,14506.2818
layer_3,14025.1665
layer_3,13127.7915
layer_3,14749.4912
layer_3,14711.2581
layer_3,13867.546
layer_3,13718.1501
layer_3,14100.1451
layer_3,14099.2881
layer_3,14133.9594
layer_3,13619.5844
layer_3,13843.266
layer_3,14710.2166
layer_3,14442.645
layer_3,13488.7259
layer_3,13204.5536
layer_3,14157.559
layer_3,14136.5571
layer_3,13987.8029
layer_3,12879.3498
layer_3,12606.4253
layer_3,13397.2123
layer_3,13027.0088
layer_3,13028.2028
layer_3,13335.3018
layer_3,13338.0596
layer_3,13255.455
layer_3,12980.2034
layer_3,12964.1615
layer_3,13095.6989
layer_3,12386.5808
layer_3,12244.0887
layer_3,12344.6407
layer_3,13021.1702
layer_3,11388.7591
layer_3,12996.0528
layer_3,12981.0388
layer_3,13091.7001
layer_3,12805.2692
layer_3,12807.2769
layer_3,12973.4644
layer_3,12578.7624
layer_3,12592.3417
layer_3,12459.7866
layer_3,13009.9259
layer_3,12410.0285
layer_3,1042.0245
layer_3,13272.8503
layer_3,12340.0506
layer_3,1042.8308
layer_3,1043.3791
layer_3,1045.0401
layer_3,11825.1687
layer_3,12383.3594
layer_3,11325.3392
layer_3,12363.874
layer_3,12323.1905
layer_3,8857.7368
layer_3,2045.6885
layer_3,2259.3354
layer_3,4985.4717
layer_3,13049.6402
layer_3,13673.6223
layer_3,14738.5942
layer_3,14481.3756
layer_3,12881.8111
layer_3,13621.071
layer_3,14147.4001
layer_3,13759.1086
layer_3,14457.151
layer_3,13971.842
layer_3,12740.5334
layer_3,13032.1081
layer_3,7623.407
layer_3,12873.3528
layer_3,13034.8569
layer_3,13893.2038
layer_3,13929.565
layer_3,13928.3038
layer_3,13197.0152
layer_3,13000.9733
layer_3,13197.8285
layer_3,12975.0848
layer_3,12976.3306
layer_3,12569.6141
layer_3,13001.1329
layer_3,5686.1294
layer_3,5713.136
layer_3,12826.1177
layer_3,12795.7513
layer_3,13205.9116
layer_3,13204.0426
layer_3,13188.1467
layer_3,12840.7397
layer_3,5686.4817
layer_3,6077.9297
layer_3,10554.2889
layer_3,11833.8826
layer_3,11833.1909
layer_3,11834.2677
layer_3,6061.8576
layer_3,12888.098
layer_3,12760.1804
layer_3,12413.4566
layer_3,10442.6439
layer_3,12491.3577
layer_3,10391.8433
layer_3,10393.2842
layer_3,12326.9082
layer_3,12204.8326
layer_3,3133.2709
layer_3,3135.9305
layer_3,13115.5228
layer_3,3140.377
layer_3,3146.7555
layer_3,3149.3814
layer_3,1648.7332
layer_3,9196.2908
layer_3,2172.6668
layer_3,13959.0331
layer_3,14501.6227
layer_3,14456.9207
layer_3,13906.4279
layer_3,13308.5649
layer_3,13853.4324
layer_3,13023.9896
layer_3,14118.5847
layer_3,13878.6375
layer_3,12505.7146
layer_3,13445.4597
layer_3,13843.1037
layer_3,13629.2256
layer_3,13027.4512
layer_3,12723.1053
layer_3,4704.212
layer_3,12876.4885
layer_3,13196.5884
layer_3,12802.6758
layer_3,12993.6083
layer_3,12413.1038
layer_3,12411.6172
layer_3,11914.8147
layer_3,12415.6131
layer_3,12259.378
layer_3,11926.8061
layer_3,10261.0669
layer_3,12022.6618
layer_3,10550.1813
layer_3,10144.5848
layer_3,10553.0621
layer_3,12215.2937
layer_3,12003.9502
layer_3,11873.4898
layer_3,10151.7871
layer_3,9693.4254
layer_3,10248.462
layer_3,10169.5808
layer_3,10133.4289
layer_3,10551.7438
layer_3,10512.1183
layer_3,10551.0677
layer_3,10426.6826
layer_3,10424.8722
layer_3,12886.4165
layer_3,12398.2945
layer_3,12564.2337
layer_3,10271.9752
layer_3,10545.8588
layer_3,7265.1463
layer_3,11822.8745
layer_3,10574.6642
layer_3,10549.1785
layer_3,12247.4186
layer_3,4323.8533
layer_3,3642.6845
layer_3,2944.6211
layer_3,12844.557
layer_3,13874.5695
layer_3,13250.2743
layer_3,12919.6473
layer_3,13023.7541
layer_3,12734.4212
layer_3,12665.1441
layer_3,12124.3509
layer_3,12181.2004
layer_3,13109.226
layer_3,11902.1199
layer_3,12053.9699
layer_3,12312.6096
layer_3,11965.3776
layer_3,12137.2849
layer_3,12179.0922
layer_3,11942.6276
layer_3,11814.8858
layer_3,11947.7359
layer_3,689.6594
layer_3,1962.7522
layer_3,13584.5063
layer_3,12722.6843
layer_3,12650.6018
layer_3,12658.3928
layer_3,12336.6944
layer_3,12107.3479
layer_3,3810.1618
layer_3,12342.5989
layer_3,11818.3611
layer_3,12291.6113
layer_3,12000.618
layer_3,12284.3454
layer_3,11414.8665
layer_3,11636.0091
layer_3,11634.6591
layer_3,11476.07
layer_3,5549.7371
layer_3,11722.697
layer_3,11636.8091
layer_3,11731.4921
layer_3,12007.3757
layer_3,11290.1675
layer_3,11467.1484
layer_3,12661.5379
layer_3,11695.397
layer_3,13928.2955
layer_3,12223.6545
layer_3,13921.0382
layer_3,11587.5251
layer_3,10551.2964
layer_3,12504.1336
layer_3,11718.2914
layer_3,13089.9924
layer_3,13446.1654
layer_3,11177.7343
layer_3,12669.2905
layer_3,2793.8958
layer_3,1655.5264
layer_3,12741.8417
layer_3,13965.7635
layer_3,13520.5588
layer_3,14307.1478
layer_3,14326.2058
layer_3,12569.1181
layer_3,13461.7504
layer_3,13739.3812
layer_3,13870.5633
layer_3,14122.5911
layer_3,13410.6402
layer_3,14708.7614
layer_3,14191.2117
layer_3,14432.3506
layer_3,14432.08
layer_3,12934.773
layer_3,13916.265
layer_3,13923.645
layer_3,12683.8181
layer_3,14301.8744
layer_3,13750.4952
layer_3,13627.8633
layer_3,12796.4907
layer_3,12800.5982
layer_3,12897.7921
layer_3,13617.9622
layer_3,13427.2782
layer_3,13601.3426
layer_3,13222.2777
layer_3,13094.7018
layer_3,12062.4243
layer_3,13846.6003
layer_3,14133.0966
layer_3,5272.292
layer_3,2307.0482
layer_4,2448.8062
layer_4,1154.5003
layer_4,2837.8628
layer_4,2287.6741
layer_4,1730.6779
layer_4,3252.8328
layer_4,1047.9096
layer_4,3337.5492
layer_4,2277.3923
layer_4,4092.8905
layer_4,3715.6028
layer_4,1615.4938
layer_4,1893.6576
layer_4,2148.4287
layer_4,2364.8609
layer_4,4245.4307
layer_4,2288.1716
layer_4,3832.2176
layer_4,3607.4103
layer_4,2159.9499
layer_4,2593.9142
layer_4,3970.4098
layer_4,1003.3171
layer_4,2209.797
layer_4,1594.7652
layer_4,3483.0694
layer_4,1920.857
layer_4,1487.1044
layer_4,2216.5258
layer_4,1892.7643
layer_4,2776.7409
layer_4,1214.509
layer_4,2357.0402
layer_4,2717.3816
layer_4,1129.4169
layer_4,4383.0433
layer_4,1848.218
layer_4,4205.2438
layer_4,2440.3836
layer_4,3989.1721
layer_4,3085.6169
layer_4,1965.5269
layer_4,4132.1069
layer_4,3392.2493
layer_4,3362.3198
layer_4,1396.9299
layer_4,1495.5196
layer_4,3644.6478
layer_4,2995.3213
layer_4,1508.8766
layer_4,2526.4746
layer_4,3268.404
layer_4,3714.8314
layer_4,3771.5102
layer_4,2452.9339
layer_4,3540.0265
layer_4,2350.5384
layer_4,2986.8407
layer_4,3760.3779
layer_4,3908.6471
layer_4,3558.2532
layer_4,2313.9565
layer_4,3695.1038
layer_4,3861.2731
layer_4,3241.2455
layer_4,4082.3109
layer_4,3322.5204
layer_4,2948.7065
layer_4,4294.0019
layer_4,1857.3722
layer_4,1991.9249
layer_4,2384.2322
layer_4,1536.6514
layer_4,2558.9715
layer_4,2022.1402
layer_4,1179.9766
layer_4,2329.2807
layer_4,4008.1588
layer_4,1602.2584
layer_4,2933.4566
layer_4,2676.9547
layer_4,4303.0496
layer_4,1424.2058
layer_4,2281.5394
layer_4,1692.0662
layer_4,1316.4983
layer_4,2022.2979
layer_4,3603.8558
layer_4,4350.5335
layer_4,3454.5544
layer_4,4319.9161
layer_4,1112.509
layer_4,1625.6977
layer_4,1098.5305
layer_4,3817.0467
layer_4,3783.7912
layer_4,4240.6187
layer_4,1780.3709
layer_4,2104.1809
layer_4,1964.7841
layer_4,2115.4145
layer_4,2739.4684
layer_4,3971.9313
layer_4,4173.3182
layer_4,2835.7571
layer_4,2216.142
layer_4,4308.7146
layer_4,2027.6427
layer_4,2956.0987
layer_4,3341.5542
layer_4,4050.5101
layer_4,1938.1559
layer_4,2591.6005
layer_4,2132.1933
layer_4,2391.0047
layer_4,4108.5926
layer_4,2047.5753
layer_4,3977.3627
layer_4,3786.2239
layer_4,3540.5367
layer_4,3895.0478
layer_4,3874.2716
layer_4,4282.6395
layer_4,4341.8887
layer_4,4291.1215
layer_4,3510.7862
layer_4,4024.1499
layer_4,3838.2559
layer_4,3726.9575
layer_4,3698.0567
layer_4,3964.0687
layer_4,3549.9155
layer_4,3960.114
layer_4,4312.8511
layer_4,4015.57
layer_4,3798.2263
layer_4,3939.5818
layer_4,3433.2058
layer_4,3917.7027
layer_4,4063.2856
layer_4,3312.9074
layer_4,3757.5921
layer_4,3777.1838
layer_4,3919.9201
layer_4,3953.5103
layer_4,3972.532
layer_4,4106.3985
layer_4,4017.5735
layer_4,4232.9502
layer_4,3760.508
layer_4,3420.1531
layer_4,3861.0231
layer_4,3678.4432
layer_4,3449.8782
layer_4,3843.4887
layer_4,3427.1758
layer_4,3410.5361
layer_4,4258.683
layer_4,3786.226
layer_4,3431.6654
layer_4,3969.6559
layer_4,3248.6212
layer_4,3492.2821
layer_4,3530.9363
layer_4,3481.3966
layer_4,4276.9917
layer_4,3870.9142
layer_4,3865.2522
layer_4,3617.9478
layer_4,4138.7712
layer_4,3707.4219
layer_4,3640.618
layer_4,4276.0268
layer_4,4455.7212
layer_4,4182.9111
layer_4,3071.4022
layer_4,4331.1161
layer_4,3365.4729
layer_4,2309.3545
layer_4,3414.157
layer_4,2327.6295
layer_4,4034.0589
layer_4,4184.3122
layer_4,3377.8381
layer_4,4087.8186
layer_4,4049.3662
layer_4,4221.7512
layer_4,4037.1298
layer_4,4351.9329
layer_4,4142.3415
layer_4,4273.1393
layer_4,4308.8871
layer_4,4182.0451
layer_4,4028.7107
layer_4,3824.7677
layer_4,4042.9382
layer_4,3323.2764
layer_4,3903.821
layer_4,3882.9754
layer_4,3814.0676
layer_4,4028.1004
layer_4,4012.8171
layer_4,4245.4159
layer_4,3679.7089
layer_4,4256.9406
layer_4,3990.7495
layer_4,2390.5639
layer_4,4022.0004
layer_4,3410.0286
layer_4,3458.4993
layer_4,3696.6605
layer_4,4189.5745
layer_4,4146.9442
layer_4,3771.5243
layer_4,4334.1576
layer_4,4061.8004
layer_4,4112.5299
layer_4,3425.6602
layer_4,4005.5855
layer_4,3404.6211
layer_4,4377.2792
layer_4,3756.9397
layer_4,3477.6362
layer_4,4474.9498
layer_4,3547.6023
layer_4,3798.278
layer_4,4198.9176
layer_4,3686.9823
layer_4,4268.1698
layer_4,3984.6974
layer_4,4263.5661
layer_4,4441.9907
layer_4,3827.9749
layer_4,4102.8253
layer_4,3949.7741
layer_4,4280.0299
layer_4,4092.3334
layer_4,4416.9205
layer_4,4217.9377
layer_4,4231.7289
layer_4,4197.5665
layer_4,3792.8137
layer_4,1231.9548
layer_4,3168.8538
layer_4,3575.8491
layer_4,3664.5567
layer_4,4147.7211
layer_4,3626.7316
layer_4,4093.3955
layer_4,3470.6268
layer_4,3928.4899
layer_4,4226.9192
layer_4,3444.0151
layer_4,3990.9771
layer_4,3523.0556
layer_4,3964.9643
layer_4,4202.5428
layer_4,3940.5358
layer_4,4286.7808
layer_4,4097.6145
layer_4,4332.969
layer_4,4249.7038
layer_4,3720.6248
layer_4,3956.8811
layer_4,4019.0165
layer_4,4206.7096
layer_4,4352.1057
layer_4,3995.41
layer_4,4030.8658
layer_4,4178.6865
layer_4,3813.2794
layer_4,4255.3974
layer_4,4232.4436
layer_4,4229.1799
layer_4,4232.9454
layer_4,3787.7167
layer_4,4256.6467
layer_4,3582.2593
layer_4,3687.0436
layer_4,4225.1121
layer_4,3970.5323
layer_4,4225.5703
layer_4,4493.1228
layer_4,3943.8934
layer_4,3748.3853
layer_4,3664.2077
layer_4,4397.3702
layer_4,4202.0881
layer_4,4383.925
layer_4,4031.6765
layer_4,2122.6287
layer_4,3757.9179
layer_4,4178.0332
layer_4,3952.1414
layer_4,3454.9697
layer_4,3843.8802
layer_4,3442.7968
layer_4,3614.5111
layer_4,3967.1829
layer_4,4292.1819
layer_4,3690.318
layer_4,3990.4085
layer_4,3889.2326
layer_4,4225.8364
layer_4,4266.2099
layer_4,3944.479
layer_4,1938.3548
layer_4,1653.8737
layer_4,3740.5156
layer_4,3759.0999
layer_4,3796.6898
layer_4,4296.8462
layer_4,3762.824
layer_4,3992.0587
layer_4,4274.2565
layer_4,3622.974
layer_4,3831.3589
layer_4,3750.1286
layer_4,3765.0126
layer_4,3670.2113
layer_4,4063.4425
layer_4,4339.9424
layer_4,4124.2077
layer_4,4070.478
layer_4,4232.9385
layer_4,3657.7666
layer_4,3961.5389
layer_4,4092.1542
layer_4,3887.5236
layer_4,3655.5048
layer_4,4236.6005
layer_4,3824.0612
layer_4,3811.6223
layer_4,4329.6516
layer_4,4106.8089
layer_4,4264.7009
layer_4,3898.1851
layer_4,4127.2365
layer_4,4133.1512
layer_4,3905.8237
layer_4,4435.4245
layer_4,4288.6105
layer_4,3444.5605
layer_4,4065.7816
layer_4,3889.5703
layer_4,3975.8679
layer_4,4151.7835
layer_4,4165.9641
layer_4,3957.8978
layer_4,3872.0342
layer_4,3881.6009
layer_4,3766.4133
layer_4,3749.5747
layer_4,4338.9833
layer_4,3989.0144
layer_4,3693.4574
layer_4,3831.498
layer_4,4244.3289
layer_4,4318.0022
layer_4,4459.3551
layer_4,4480.7318
layer_4,3945.4109
layer_4,4202.136
layer_4,3769.3496
layer_4,4130.177
layer_4,4014.9252
layer_4,3975.9365
layer_4,3729.3803
layer_4,4317.0823
layer_4,3761.7965
layer_4,1118.5357
layer_4,1618.1149
layer_4,4349.1325
layer_4,4312.6523
layer_4,4337.6757
layer_4,4323.268
layer_4,4242.0856
layer_4,4389.4827
layer_4,4233.9434
layer_4,4237.7856
layer_4,4221.9398
layer_4,4067.2966
layer_4,3154.1392
layer_4,3862.2501
layer_4,3706.9861
layer_4,3864.9963
layer_4,4247.5937
layer_4,4239.0543
layer_4,3912.3773
layer_4,4359.0542
layer_4,4292.3873
layer_4,4090.4272
layer_4,3472.6581
layer_4,3655.4961
layer_4,3806.8419
layer_4,4316.9147
layer_4,3238.8161
layer_4,3500.6542
layer_4,4058.6728
layer_4,4328.7773
layer_4,4151.3919
layer_4,4164.9323
layer_4,3868.0386
layer_4,4473.2866
layer_4,3943.4204
layer_4,4189.6155
layer_4,3598.8988
layer_4,3488.9562
layer_4,3844.9935
layer_4,4404.5695
layer_4,4257.974
layer_4,4253.6292
layer_4,3595.7487
layer_4,3613.3072
layer_4,4349.4347
layer_4,3658.0963
layer_4,3958.8424
layer_4,4287.6154
layer_4,4333.2815
layer_4,4299.8977
layer_4,4181.049
layer_4,4147.6059
layer_4,3674.7359
layer_4,4239.6081
layer_4,4309.7905
layer_4,4370.5604
layer_4,4265.403
layer_4,4318.1755
layer_4,4307.2565
layer_4,4296.7367
layer_4,4328.8698
layer_4,3780.6527
layer_4,4202.3447
layer_4,3008.4672
layer_4,1934.7488
layer_4,1606.3465
layer_4,3954.5015
layer_4,4188.9812
layer_4,4271.4716
layer_4,4207.4649
layer_4,3658.3497
layer_4,4010.5393
layer_4,4232.2527
layer_4,3982.2865
layer_4,3813.9789
layer_4,4148.4587
layer_4,3742.5108
layer_4,4106.8966
layer_4,4101.4378
layer_4,3964.8391
layer_4,4245.3864
layer_4,3464.5735
layer_4,3945.8444
layer_4,3884.1866
layer_4,3714.1219
layer_4,4316.8058
layer_4,3823.441
layer_4,3700.9533
layer_4,3707.6696
layer_4,4288.2381
layer_4,3924.7005
layer_4,4144.7941
layer_4,4124.3192
layer_4,3571.7247
layer_4,4148.932
layer_4,4247.9568
layer_4,3718.4269
layer_4,3908.8209
layer_4,3624.3346
layer_4,3407.8737
layer_4,4373.6505
layer_4,4275.2388
layer_4,3937.8037
layer_4,4081.6985
layer_4,4235.0745
layer_4,4304.0443
layer_4,3600.2512
layer_4,3578.0908
layer_4,3343.7158
layer_4,4155.5607
layer_4,3613.2901
layer_4,3896.8096
layer_4,3652.3263
layer_4,3593.0161
layer_4,4004.1216
layer_4,3447.4629
layer_4,4031.3745
layer_4,4029.8464
layer_4,3994.7897
layer_4,4247.7527
layer_4,4492.1774
layer_4,3661.5623
layer_4,3996.2964
layer_4,4255.3021
layer_4,3565.6723
layer_4,4428.3321
layer_4,4124.1379
layer_4,1359.3599
layer_4,2458.8703
layer_4,3179.2498
layer_4,3876.1261
layer_4,4282.1078
layer_4,4371.2838
layer_4,3596.5255
layer_4,3415.8336
layer_4,4212.9794
layer_4,3857.5582
layer_4,3649.2035
layer_4,3633.032
layer_4,4174.249
layer_4,4073.9313
layer_4,4234.5842
layer_4,2972.7113
layer_4,4272.7525
layer_4,4146.7905
layer_4,4111.9233
layer_4,4139.0861
layer_4,4075.0441
layer_4,3833.5447
layer_4,3623.0851
layer_4,3872.4427
layer_4,3614.0592
layer_4,4285.2258
layer_4,4291.2875
layer_4,3606.2965
layer_4,4320.7555
layer_4,4506.934
layer_4,4318.6145
layer_4,4201.3753
layer_4,3868.747
layer_4,3974.6886
layer_4,3838.7733
layer_4,3844.9854
layer_4,3552.5638
layer_4,4318.9533
layer_4,3545.8215
layer_4,4190.1569
layer_4,3848.2427
layer_4,3922.5397
layer_4,3840.4652
layer_4,4305.9107
layer_4,4068.3649
layer_4,4193.9236
layer_4,4198.9193
layer_4,2898.1307
layer_4,3165.2581
layer_4,4183.5369
layer_4,3499.9276
layer_4,4320.7966
layer_4,4192.6364
layer_4,4110.7418
layer_4,3832.6947
layer_4,3555.4872
layer_4,4016.0389
layer_4,4332.9591
layer_4,3540.3278
layer_4,3701.0639
layer_4,3232.3175
layer_4,3422.6059
layer_4,4305.686
layer_4,3725.0551
layer_4,2478.4123
layer_4,1388.6399
layer_4,1047.9555
layer_4,4144.4323
layer_4,3827.1802
layer_4,4045.3548
layer_4,3656.3795
layer_4,3718.2368
layer_4,4382.9929
layer_4,3658.7764
layer_4,4149.346
layer_4,4382.8084
layer_4,4406.3992
layer_4,4413.7958
layer_4,3884.2291
layer_4,3465.3833
layer_4,3988.3051
layer_4,4239.3033
layer_4,4181.2069
layer_4,3736.7483
layer_4,3563.4287
layer_4,4236.8322
layer_4,3741.0954
layer_4,4021.1924
layer_4,4391.6816
layer_4,4074.2648
layer_4,4062.49
layer_4,4115.9279
layer_4,3748.1722
layer_4,4470.7996
layer_4,4489.5684
layer_4,4001.0964
layer_4,4070.2826
layer_4,3053.9378
layer_4,4060.9213
layer_4,3847.8868
layer_4,4204.4073
layer_4,3782.2457
layer_4,4118.8421
layer_4,3573.503
layer_4,3932.2494
layer_4,3670.7646
layer_4,3687.0245
layer_4,3776.9143
layer_4,4039.0757
layer_4,4331.7107
layer_4,3451.8593
layer_4,4183.1584
layer_4,4163.4395
layer_4,4252.2646
layer_4,3842.8298
layer_4,4321.4466
layer_4,3797.3437
layer_4,3443.9468
layer_4,4143.8488
layer_4,4055.4335
layer_4,4230.5588
layer_4,4357.663
layer_4,3696.6253
layer_4,4307.2359
layer_4,4318.5519
layer_4,3992.109
layer_4,4375.8223
layer_4,3875.4078
layer_4,2671.0226
layer_4,3759.098
layer_4,2927.4284
layer_4,4338.4922
layer_4,3360.7707
layer_4,3900.8219
layer_4,3713.5218
layer_4,3357.0544
layer_4,4043.7997
layer_4,3763.3123
layer_4,4080.6876
layer_4,3888.9691
layer_4,4384.9445
layer_4,4226.0425
layer_4,4271.9457
layer_4,4379.979
layer_4,4221.1746
layer_4,3311.3757
layer_4,3642.2031
layer_4,3446.9168
layer_4,4072.4175
layer_4,3460.9016
layer_4,3356.8049
layer_4,3929.7159
layer_4,4056.9142
layer_4,3953.8672
layer_4,4199.264
layer_4,4101.2517
layer_4,3396.7269
layer_4,4001.4368
layer_4,4034.8993
layer_4,3872.2467
layer_4,3543.1866
layer_4,3849.2864
layer_4,4392.5836
layer_4,4263.9809
layer_4,3638.3157
layer_4,3679.8593
layer_4,4054.0361
layer_4,3975.9112
layer_4,3863.0725
layer_4,3506.2062
layer_4,4395.5516
layer_4,3888.0979
layer_4,4066.2858
layer_4,4164.9458
layer_4,3614.9699
layer_4,4100.0967
layer_4,3637.0849
layer_4,4341.7645
layer_4,3750.2946
layer_4,3495.1799
layer_4,3937.761
layer_4,2138.7235
layer_4,3893.874
layer_4,3628.1316
layer_4,3665.9316
layer_4,3895.0905
layer_4,3950.2256
layer_4,3982.3401
layer_4,3798.86
layer_4,4147.939
layer_4,3633.731
layer_4,4048.6509
layer_4,3202.5921
layer_4,2585.637
layer_4,1245.5203
layer_4,4300.8325
layer_4,4016.9749
layer_4,3741.8616
layer_4,3498.3185
layer_4,3838.1002
layer_4,4168.5451
layer_4,3533.3257
layer_4,3720.0686
layer_4,3980.5083
layer_4,4453.4073
layer_4,3602.3933
layer_4,3955.7014
layer_4,4428.545
layer_4,4250.1141
layer_4,4125.5748
layer_4,3772.0424
layer_4,3533.724
layer_4,4071.0849
layer_4,4189.0691
layer_4,4091.8187
layer_4,3665.2373
layer_4,3825.2905
layer_4,3688.2923
layer_4,3640.9101
layer_4,3865.0979
layer_4,4000.941
layer_4,3687.7058
layer_4,3347.3902
layer_4,3850.1877
layer_4,4287.2533
layer_4,4005.6533
layer_4,4340.783
layer_4,4052.5058
layer_4,3943.5651
layer_4,3540.3376
layer_4,4188.9652
layer_4,4480.0922
layer_4,3879.8538
layer_4,3895.0217
layer_4,4078.2896
layer_4,3946.4972
layer_4,4460.8699
layer_4,4241.6153
layer_4,4296.6228
layer_4,3886.8149
layer_4,4291.6681
layer_4,3655.1557
layer_4,4157.2153
layer_4,4205.7023
layer_4,4148.9291
layer_4,4187.0059
layer_4,4414.2055
layer_4,4257.6985
layer_4,4225.8879
layer_4,3873.3075
layer_4,4416.5578
layer_4,4045.29
layer_4,3328.4092
layer_4,2754.1845
layer_4,4007.4904
layer_4,3831.7475
layer_4,1917.4503
layer_4,2668.0289
layer_4,3200.2005
layer_4,4326.5388
layer_4,4299.8511
layer_4,4056.594
layer_4,4315.7724
layer_4,4311.0235
layer_4,4321.4886
layer_4,4097.9871
layer_4,4022.1041
layer_4,4285.0282
layer_4,3596.0489
layer_4,4176.4908
layer_4,4220.5309
layer_4,4190.1713
layer_4,3787.2901
layer_4,4309.2665
layer_4,3961.1316
layer_4,4169.4448
layer_4,3863.3672
layer_4,3993.3022
layer_4,3415.2793
layer_4,4132.3913
layer_4,3455.524
layer_4,3978.2949
layer_4,3751.7972
layer_4,3604.8738
layer_4,3968.5522
layer_4,4054.5657
layer_4,3614.7186
layer_4,3941.5756
layer_4,3546.6786
layer_4,4147.9966
layer_4,3315.3463
layer_4,4141.0858
layer_4,4091.7691
layer_4,3574.4161
layer_4,3576.071
layer_4,4110.526
layer_4,3720.371
layer_4,4000.577
layer_4,3903.1673
layer_4,4251.4053
layer_4,3809.0252
layer_4,4319.8794
layer_4,4177.147
layer_4,3262.6629
layer_4,3903.218
layer_4,3547.5458
layer_4,3593.0937
layer_4,4200.0149
layer_4,3336.4755
layer_4,3355.1025
layer_4,3637.6109
layer_4,3932.1066
layer_4,4012.9483
layer_4,4333.439
layer_4,4322.0508
layer_4,3545.5512
layer_4,4437.8125
layer_4,3631.7795
layer_4,4278.7584
layer_4,4001.9858
layer_4,3905.886
layer_4,4484.4549
layer_4,2925.5357
layer_4,3684.5266
layer_4,4262.8462
layer_4,3866.8463
layer_4,4055.5821
layer_4,3689.7318
layer_4,3746.4419
layer_4,4329.5308
layer_4,4072.7718
layer_4,3740.837
layer_4,3571.2039
layer_4,3970.9813
layer_4,3806.5168
layer_4,3883.8249
layer_4,4080.4377
layer_4,4368.8813
layer_4,3931.0183
layer_4,3764.8315
layer_4,4048.2425
layer_4,3693.9012
layer_4,3694.3533
layer_4,3603.6755
layer_4,4318.6323
layer_4,4155.5273
layer_4,3893.1775
layer_4,3979.5699
layer_4,4093.7352
layer_4,4407.9458
layer_4,3995.62
layer_4,3959.311
layer_4,3718.2389
layer_4,3397.9438
layer_4,4213.1023
layer_4,3817.382
layer_4,4006.6396
layer_4,3808.5462
layer_4,3483.1154
layer_4,3969.7027
layer_4,3589.5251
layer_4,4033.0064
layer_4,4144.8636
layer_4,3508.0477
layer_4,3668.9833
layer_4,3415.5072
layer_4,3756.3237
layer_4,3702.0623
layer_4,3935.8046
layer_4,4276.3983
layer_4,4389.9841
layer_4,4418.1266
layer_4,4423.6607
layer_4,4424.1225
layer_4,4472.6973
layer_4,4350.0153
layer_4,4248.2901
layer_4,4329.0577
layer_4,4462.6628
layer_4,4141.99
layer_4,4245.5066
layer_4,3647.0223
layer_4,4007.0777
layer_4,4204.5053
layer_4,4557.8659
layer_4,1463.3132
layer_4,3717.4643
layer_4,4177.5099
layer_4,4130.5748
layer_4,4209.8486
layer_4,4111.8792
layer_4,3846.2739
layer_4,1982.5486
layer_4,3552.9376
layer_4,3671.799
layer_4,3813.2353
layer_4,3436.9289
layer_4,4054.5046
layer_4,3925.8071
layer_4,3621.0556
layer_4,4333.552
layer_4,3986.9786
layer_4,3550.2081
layer_4,3659.2663
layer_4,3539.091
layer_4,3757.429
layer_4,4271.4247
layer_4,3997.1691
layer_4,3709.2884
layer_4,3955.0861
layer_4,3677.9662
layer_4,4016.7866
layer_4,4442.7595
layer_4,4094.03
layer_4,3619.5699
layer_4,3630.3387
layer_4,3938.7431
layer_4,3596.8984
layer_4,4125.6247
layer_4,4057.4315
layer_4,3346.7877
layer_4,3482.6803
layer_4,4179.1637
layer_4,4154.7392
layer_4,4283.4925
layer_4,4298.4116
layer_4,4038.7331
layer_4,3437.9716
layer_4,4282.9928
layer_4,3470.4706
layer_4,4134.3069
layer_4,4204.0778
layer_4,4216.4318
layer_4,3343.9279
layer_4,3814.8981
layer_4,4394.3214
layer_4,3966.8101
layer_4,3730.6279
layer_4,3580.0948
layer_4,4049.5288
layer_4,4203.4939
layer_4,3605.9101
layer_4,4438.6723
layer_4,4104.3925
layer_4,3699.3611
layer_4,4106.6381
layer_4,4053.6552
layer_4,4263.5962
layer_4,1631.0517
layer_4,3508.8938
layer_4,3181.4679
layer_4,4346.2765
layer_4,3867.56
layer_4,4135.5916
layer_4,4184.9995
layer_4,3512.147
layer_4,4178.4317
layer_4,3950.5735
layer_4,3686.3997
layer_4,3572.9014
layer_4,4109.1805
layer_4,4068.0984
layer_4,3619.1041
layer_4,3886.3782
layer_4,3920.7183
layer_4,3958.594
layer_4,4017.0183
layer_4,4457.6517
layer_4,4326.5945
layer_4,4042.0575
layer_4,4462.1145
layer_4,3733.9108
layer_4,4224.1583
layer_4,3544.9649
layer_4,3969.3084
layer_4,3941.3166
layer_4,4181.5894
layer_4,3594.9705
layer_4,3967.1254
layer_4,3956.8661
layer_4,3749.4738
layer_4,3970.3935
layer_4,3458.6744
layer_4,3631.506
layer_4,3855.9565
layer_4,3435.381
layer_4,4296.3882
layer_4,3879.1415
layer_4,3831.5726
layer_4,4190.2579
layer_4,2215.5487
layer_5,3466.502
layer_5,3429.0265
layer_5,5740.2497
layer_5,6739.9854
layer_5,2605.543
layer_5,2487.7914
layer_5,4327.4284
layer_5,13786.6989
layer_5,2230.6766
layer_5,3079.3759
layer_5,694.3423
layer_5,3289.9543
layer_5,4293.7656
layer_5,4326.2527
layer_5,9195.9976
layer_5,12811.2943
layer_5,1100.5116
layer_5,16649.9626
layer_5,8252.7422
layer_5,8588.1166
layer_5,7100.2132
layer_5,3266.7034
layer_5,6151.7868
layer_5,6280.3451
layer_5,5667.9006
layer_5,8483.0482
layer_5,5999.8024
layer_5,4970.5692
layer_5,3185.234
layer_5,4488.7787
layer_5,12213.1789
layer_5,3898.8438
layer_5,8108.721
layer_5,2952.8267
layer_5,4392.332
layer_5,1581.6607
layer_5,3483.29
layer_5,6700.4675
layer_5,2446.7844
layer_5,3177.6933
layer_5,4765.9157
layer_5,1427.2751
layer_5,3881.4165
layer_5,13024.0651
layer_5,17188.0516
layer_5,2038.5228
layer_5,9626.49
layer_5,3879.9796
layer_5,3965.8536
layer_5,2018.6248
layer_5,2844.9153
layer_5,3280.1957
layer_5,2394.5568
layer_5,2194.0247
layer_5,3556.746
layer_5,12551.5183
layer_5,7463.2561
layer_5,5715.1425
layer_5,5513.1455
layer_5,3984.2252
layer_5,3586.6788
layer_5,3774.5898
layer_5,3344.8883
layer_5,13969.9942
layer_5,6133.1368
layer_5,8252.9788
layer_5,7677.0507
layer_5,2975.43
layer_5,3279.4012
layer_5,5511.7477
layer_5,4518.5581
layer_5,2310.62
layer_5,5754.1628
layer_5,3557.1889
layer_5,751.0482
layer_5,7730.1045
layer_5,2934.6406
layer_5,1946.3766
layer_5,3832.034
layer_5,2834.2192
layer_5,6587.3156
layer_5,2814.8598
layer_5,7783.1528
layer_5,6817.0427
layer_5,525.9525
layer_5,1006.1497
layer_5,8587.7275
layer_5,6817.5487
layer_5,504.4872
layer_5,2462.0919
layer_5,2413.9738
layer_5,6726.7793
layer_5,6281.1689
layer_5,542.0014
layer_5,4186.5416
layer_5,7509.0581
layer_5,3687.8652
layer_5,14514.6639
layer_5,3216.1625
layer_5,13506.7919
layer_5,8041.6079
layer_5,9489.4895
layer_5,2652.2278
layer_5,2531.7544
layer_5,19770.3246
layer_5,923.7789
layer_5,17428.2455
layer_5,18568.9474
layer_5,18561.3367
layer_5,5705.1121
layer_5,18568.2901
layer_5,3984.6381
layer_5,3887.3386
layer_5,6703.5486
layer_5,6653.6648
layer_5,23261.5852
layer_5,6543.0841
layer_5,9379.6355
layer_5,19726.4169
layer_5,20068.292
layer_5,6949.6628
layer_5,13306.6524
layer_5,13252.5988
layer_5,3203.4558
layer_5,4146.9764
layer_5,13760.4508
layer_5,13666.4533
layer_5,17079.563
layer_5,17038.6749
layer_5,11075.9144
layer_5,3022.1667
layer_5,15437.8445
layer_5,13029.7162
layer_5,17452.3844
layer_5,9621.5571
layer_5,9620.8751
layer_5,11286.2574
layer_5,16103.2778
layer_5,16398.07
layer_5,16581.3716
layer_5,9598.0646
layer_5,18108.0987
layer_5,18110.4513
layer_5,3058.7378
layer_5,3056.7908
layer_5,13401.8359
layer_5,16083.5236
layer_5,17265.4409
layer_5,1711.4664
layer_5,16014.1219
layer_5,8306.4839
layer_5,15000.4395
layer_5,9111.7126
layer_5,9116.9854
layer_5,14671.1188
layer_5,19200.5652
layer_5,9129.4209
layer_5,3454.9839
layer_5,3109.2417
layer_5,3263.4598
layer_5,16188.986
layer_5,9695.5728
layer_5,22148.798
layer_5,21356.623
layer_5,23388.3141
layer_5,21350.1233
layer_5,24016.3067
layer_5,23776.7817
layer_5,22890.2988
layer_5,22861.7631
layer_5,5380.2302
layer_5,23783.0259
layer_5,20105.1611
layer_5,5419.8448
layer_5,19247.6889
layer_5,19760.9879
layer_5,4854.9893
layer_5,20103.4194
layer_5,19249.6862
layer_5,21503.6185
layer_5,18597.0809
layer_5,18598.8104
layer_5,20685.5648
layer_5,4855.6203
layer_5,4828.8229
layer_5,17738.9903
layer_5,17686.5113
layer_5,4783.9447
layer_5,18101.4978
layer_5,4885.5772
layer_5,18329.1815
layer_5,22352.1931
layer_5,18220.2567
layer_5,24863.69
layer_5,22026.7964
layer_5,17618.885
layer_5,17616.7081
layer_5,19449.1945
layer_5,18611.5963
layer_5,18210.2955
layer_5,18209.1899
layer_5,22688.5515
layer_5,17840.0286
layer_5,17846.8321
layer_5,4743.367
layer_5,4860.1562
layer_5,18223.5267
layer_5,18224.0061
layer_5,5883.3874
layer_5,19276.3885
layer_5,18918.7183
layer_5,5866.261
layer_5,17059.7975
layer_5,17058.6377
layer_5,17623.671
layer_5,17215.3814
layer_5,17214.5512
layer_5,17559.7456
layer_5,25881.8406
layer_5,16394.65
layer_5,17222.9194
layer_5,17218.4354
layer_5,3865.9958
layer_5,2628.18
layer_5,8236.5227
layer_5,4077.2785
layer_5,25947.0222
layer_5,24616.667
layer_5,25228.9698
layer_5,24832.175
layer_5,24908.2873
layer_5,25980.5506
layer_5,22653.7493
layer_5,22653.2587
layer_5,24827.065
layer_5,23686.7655
layer_5,23618.1299
layer_5,23616.5504
layer_5,25173.0044
layer_5,23771.699
layer_5,23696.9564
layer_5,21310.2162
layer_5,23486.4501
layer_5,20546.0501
layer_5,20790.4765
layer_5,22653.5911
layer_5,23883.0895
layer_5,22833.2405
layer_5,21075.075
layer_5,22876.5042
layer_5,22817.796
layer_5,19254.6375
layer_5,19251.4622
layer_5,21266.7187
layer_5,20254.7179
layer_5,19416.3668
layer_5,23499.6909
layer_5,23252.8312
layer_5,21621.4842
layer_5,21560.5296
layer_5,23285.4714
layer_5,23473.4363
layer_5,23474.433
layer_5,21625.9829
layer_5,20529.1913
layer_5,20512.6563
layer_5,20512.8848
layer_5,19278.8838
layer_5,19736.8444
layer_5,21426.1005
layer_5,22899.8572
layer_5,22300.6936
layer_5,20214.5112
layer_5,20211.3821
layer_5,22301.2435
layer_5,18430.6648
layer_5,18680.6693
layer_5,21566.8095
layer_5,18972.8924
layer_5,18970.6312
layer_5,18622.3436
layer_5,19126.3095
layer_5,19126.8289
layer_5,21950.8713
layer_5,18690.2472
layer_5,21949.0708
layer_5,19282.3357
layer_5,1110.3615
layer_5,4763.5522
layer_5,4041.3685
layer_5,24457.4281
layer_5,25744.7028
layer_5,25747.913
layer_5,26043.9171
layer_5,26354.8842
layer_5,24828.4306
layer_5,25259.3394
layer_5,25257.3225
layer_5,25258.1583
layer_5,25214.8404
layer_5,24517.7316
layer_5,22615.0528
layer_5,23613.4032
layer_5,24877.6322
layer_5,24877.6042
layer_5,23383.3734
layer_5,23646.604
layer_5,19105.6599
layer_5,19102.3142
layer_5,23649.1896
layer_5,23795.3117
layer_5,18972.4883
layer_5,22475.3576
layer_5,18627.5149
layer_5,22827.2619
layer_5,18627.387
layer_5,22898.0866
layer_5,22889.8884
layer_5,22826.9457
layer_5,22826.7435
layer_5,22833.897
layer_5,22308.5864
layer_5,23357.2981
layer_5,19841.8313
layer_5,23432.9659
layer_5,18751.8198
layer_5,23483.8988
layer_5,21639.5818
layer_5,23374.0134
layer_5,23368.2167
layer_5,22429.3664
layer_5,22429.302
layer_5,23158.6072
layer_5,23159.5215
layer_5,23158.2058
layer_5,21295.6718
layer_5,23231.2409
layer_5,23227.6479
layer_5,20781.8855
layer_5,20783.2109
layer_5,21515.6986
layer_5,23232.9223
layer_5,23233.3655
layer_5,20838.1778
layer_5,21983.7238
layer_5,21985.8297
layer_5,21980.0673
layer_5,19741.8357
layer_5,19741.5078
layer_5,24489.486
layer_5,20818.2101
layer_5,2662.3575
layer_5,3382.219
layer_5,24839.0913
layer_5,26311.5296
layer_5,25737.1171
layer_5,23576.6907
layer_5,24501.2701
layer_5,26089.3721
layer_5,22800.1895
layer_5,22804.4772
layer_5,24518.8282
layer_5,26292.8402
layer_5,25732.0035
layer_5,24052.8788
layer_5,22651.8821
layer_5,23581.9038
layer_5,23785.0108
layer_5,23782.1064
layer_5,23777.2441
layer_5,26065.4976
layer_5,22338.5
layer_5,22394.2466
layer_5,23796.7621
layer_5,23436.1678
layer_5,22785.3155
layer_5,22651.9079
layer_5,20808.2548
layer_5,20807.3829
layer_5,23591.4562
layer_5,23532.5077
layer_5,23617.8737
layer_5,22765.3662
layer_5,24477.0366
layer_5,22733.7489
layer_5,21546.3797
layer_5,21760.9653
layer_5,25180.2204
layer_5,22658.4809
layer_5,21886.6549
layer_5,21873.7607
layer_5,21587.1517
layer_5,21584.4774
layer_5,21639.6335
layer_5,22413.783
layer_5,23732.7168
layer_5,20804.6144
layer_5,22426.9763
layer_5,22424.6494
layer_5,23144.5435
layer_5,22915.9571
layer_5,22415.76
layer_5,23482.7681
layer_5,23480.6707
layer_5,22563.4355
layer_5,20451.6185
layer_5,21298.755
layer_5,19747.7744
layer_5,19746.2057
layer_5,21437.639
layer_5,22841.2467
layer_5,19927.2751
layer_5,22213.728
layer_5,22205.3403
layer_5,11723.5387
layer_5,4139.6301
layer_5,24531.3583
layer_5,24936.0517
layer_5,25306.6425
layer_5,25300.7321
layer_5,25221.7119
layer_5,26315.7006
layer_5,26366.8647
layer_5,25257.296
layer_5,25256.2613
layer_5,24508.8783
layer_5,24891.1626
layer_5,23797.9155
layer_5,23799.2083
layer_5,26009.5517
layer_5,23750.3922
layer_5,22613.1161
layer_5,23480.3836
layer_5,23476.4788
layer_5,23460.0702
layer_5,21686.2033
layer_5,25247.8612
layer_5,22573.0254
layer_5,23780.4553
layer_5,23781.44
layer_5,23611.525
layer_5,23608.7225
layer_5,23613.4953
layer_5,23825.4623
layer_5,23372.3011
layer_5,23841.9561
layer_5,22787.3014
layer_5,20592.6612
layer_5,22637.0067
layer_5,22838.4861
layer_5,22764.8232
layer_5,3043.1499
layer_5,2945.3079
layer_5,22823.0618
layer_5,3078.4893
layer_5,20094.5653
layer_5,20216.5226
layer_5,20171.4474
layer_5,22348.8238
layer_5,21658.8849
layer_5,21085.7614
layer_5,22354.4084
layer_5,14855.8057
layer_5,21607.5808
layer_5,3105.9839
layer_5,21476.4053
layer_5,14872.4206
layer_5,20735.7437
layer_5,21890.5036
layer_5,21592.0528
layer_5,21609.7992
layer_5,21609.5004
layer_5,21103.8593
layer_5,22798.695
layer_5,22796.0378
layer_5,21103.265
layer_5,21102.1826
layer_5,1904.0639
layer_5,3308.5291
layer_5,1218.9391
layer_5,25240.9053
layer_5,26609.3482
layer_5,26044.2702
layer_5,26307.96
layer_5,25695.8998
layer_5,25692.9611
layer_5,25256.1658
layer_5,25258.5721
layer_5,25187.4182
layer_5,23798.9858
layer_5,23800.1708
layer_5,24889.4542
layer_5,24890.2023
layer_5,25063.8968
layer_5,23513.4909
layer_5,23948.4123
layer_5,23736.5413
layer_5,24098.6495
layer_5,23887.3017
layer_5,23395.8562
layer_5,23954.5269
layer_5,23512.2708
layer_5,23750.7287
layer_5,22005.5603
layer_5,22034.0995
layer_5,22028.9985
layer_5,22033.7734
layer_5,22557.4894
layer_5,22191.8939
layer_5,21328.443
layer_5,21959.0721
layer_5,21227.5359
layer_5,21917.4167
layer_5,20827.285
layer_5,21954.3154
layer_5,20541.5017
layer_5,19967.2746
layer_5,21292.7116
layer_5,21675.8339
layer_5,21276.0068
layer_5,22406.4917
layer_5,21278.6921
layer_5,21106.2878
layer_5,21266.5454
layer_5,21525.8451
layer_5,18955.9907
layer_5,21525.324
layer_5,21640.5662
layer_5,20517.3218
layer_5,20514.2581
layer_5,26509.1186
layer_5,25994.3724
layer_5,20222.6196
layer_5,21216.2747
layer_5,23496.4067
layer_5,14962.3807
layer_5,20632.3233
layer_5,25993.2895
layer_5,21117.4495
layer_5,20650.1501
layer_5,20651.8388
layer_5,3193.9516
layer_5,1932.7012
layer_5,24936.4409
layer_5,26491.0467
layer_5,26119.1804
layer_5,24831.3869
layer_5,24828.8214
layer_5,25072.1992
layer_5,26010.5563
layer_5,26041.0576
layer_5,25179.5013
layer_5,25096.7381
layer_5,26299.6027
layer_5,25655.4246
layer_5,24922.3102
layer_5,24779.5227
layer_5,25177.6304
layer_5,23597.7921
layer_5,23705.5123
layer_5,24067.6908
layer_5,24051.7865
layer_5,23857.8391
layer_5,23490.8767
layer_5,16932.0524
layer_5,23424.6386
layer_5,23955.9392
layer_5,23049.3197
layer_5,23723.6539
layer_5,23067.2356
layer_5,16834.7793
layer_5,21429.6016
layer_5,23566.725
layer_5,21655.9833
layer_5,23762.2737
layer_5,23764.416
layer_5,23009.3825
layer_5,16308.727
layer_5,22201.1706
layer_5,22165.7238
layer_5,21847.2613
layer_5,22165.1035
layer_5,21693.164
layer_5,21771.5015
layer_5,21305.7515
layer_5,21896.5749
layer_5,20846.7843
layer_5,22374.2726
layer_5,21204.3995
layer_5,21655.5864
layer_5,21655.1461
layer_5,21563.222
layer_5,21560.138
layer_5,22749.2458
layer_5,21706.6274
layer_5,21441.7669
layer_5,21442.5741
layer_5,22161.5806
layer_5,22161.8322
layer_5,21634.6144
layer_5,21641.9923
layer_5,19686.9343
layer_5,21251.5345
layer_5,21200.5787
layer_5,6366.3434
layer_5,2702.2255
layer_5,4414.5797
layer_5,24593.6172
layer_5,26120.6017
layer_5,25131.9004
layer_5,24516.3509
layer_5,24514.5882
layer_5,25125.9315
layer_5,25137.9884
layer_5,25086.3979
layer_5,24844.6483
layer_5,24844.3346
layer_5,22537.1491
layer_5,22536.4706
layer_5,23654.7387
layer_5,23793.7025
layer_5,22536.4123
layer_5,22532.8841
layer_5,22704.886
layer_5,23737.9724
layer_5,22681.6899
layer_5,22480.4259
layer_5,22722.9562
layer_5,21745.4651
layer_5,21740.4676
layer_5,23441.1674
layer_5,17019.2099
layer_5,22530.7813
layer_5,22186.6512
layer_5,21778.2254
layer_5,16928.3091
layer_5,22854.0402
layer_5,21972.2821
layer_5,21942.1456
layer_5,21382.3284
layer_5,22442.3339
layer_5,21204.0762
layer_5,21680.6095
layer_5,21235.217
layer_5,21231.9941
layer_5,21198.1838
layer_5,16407.8192
layer_5,22488.2568
layer_5,21732.7808
layer_5,21113.6332
layer_5,21110.8867
layer_5,20763.0181
layer_5,21052.0642
layer_5,19878.424
layer_5,19849.1051
layer_5,21236.0322
layer_5,21194.9401
layer_5,21255.1648
layer_5,21233.8596
layer_5,20030.8921
layer_5,20469.6412
layer_5,19376.4712
layer_5,21045.4514
layer_5,19330.2802
layer_5,20828.1629
layer_5,20825.3736
layer_5,21045.5625
layer_5,21077.9615
layer_5,348.2705
layer_5,3687.0099
layer_5,13580.0113
layer_5,24547.142
layer_5,24616.1104
layer_5,23730.9516
layer_5,23660.7108
layer_5,23645.0831
layer_5,23647.8617
layer_5,23509.4552
layer_5,22780.753
layer_5,23189.0149
layer_5,23207.9448
layer_5,23041.5642
layer_5,22463.62
layer_5,22465.7469
layer_5,21821.3304
layer_5,21361.9425
layer_5,21822.2327
layer_5,21761.3303
layer_5,21765.3147
layer_5,22200.5069
layer_5,21642.8976
layer_5,21646.4737
layer_5,21635.452
layer_5,21708.3116
layer_5,21236.0317
layer_5,21237.7551
layer_5,20510.7921
layer_5,20513.511
layer_5,21624.351
layer_5,21042.1032
layer_5,21095.2681
layer_5,21075.31
layer_5,20508.3216
layer_5,20508.2815
layer_5,20055.5248
layer_5,21162.4809
layer_5,19764.3235
layer_5,21161.7556
layer_5,19699.419
layer_5,20884.3062
layer_5,20881.1912
layer_5,20560.8017
layer_5,20557.2005
layer_5,20464.0121
layer_5,19674.1034
layer_5,20943.8911
layer_5,20986.1263
layer_5,19671.3178
layer_5,20651.0578
layer_5,20631.7599
layer_5,19452.4649
layer_5,20653.7121
layer_5,19327.7706
layer_5,20675.2971
layer_5,20669.6743
layer_5,19347.8908
layer_5,20557.7612
layer_5,20597.6173
layer_5,20597.2928
layer_5,19371.3151
layer_5,20594.4386
layer_5,19508.5015
layer_5,1198.5416
layer_5,1841.4094
layer_5,21577.2294
layer_5,22966.5989
layer_5,20875.6572
layer_5,20878.8085
layer_5,20879.6403
layer_5,22198.0325
layer_5,23526.7748
layer_5,19622.9641
layer_5,21122.0846
layer_5,21232.7002
layer_5,21236.7932
layer_5,21080.3178
layer_5,20174.6719
layer_5,21064.4217
layer_5,20235.4426
layer_5,20236.2929
layer_5,21275.0376
layer_5,20984.9524
layer_5,19909.6572
layer_5,20645.3569
layer_5,20642.99
layer_5,20646.3015
layer_5,19509.0653
layer_5,20575.451
layer_5,19353.0046
layer_5,19520.1366
layer_5,19519.1377
layer_5,19520.9008
layer_5,19188.7996
layer_5,19539.4905
layer_5,19273.1424
layer_5,19285.8212
layer_5,18267.0393
layer_5,19358.8081
layer_5,17962.526
layer_5,19389.1206
layer_5,19387.7274
layer_5,18769.5564
layer_5,19367.5511
layer_5,19366.3098
layer_5,19510.065
layer_5,19484.3062
layer_5,19516.4796
layer_5,19514.4988
layer_5,19452.7023
layer_5,19455.5828
layer_5,19665.0781
layer_5,19670.8109
layer_5,18937.2059
layer_5,18936.6389
layer_5,19354.776
layer_5,19456.2684
layer_5,19282.8667
layer_5,18935.5836
layer_5,18265.1311
layer_5,19354.109
layer_5,19380.2985
layer_5,19331.9702
layer_5,19325.924
layer_5,19441.8444
layer_5,19441.8869
layer_5,2457.2066
layer_5,3636.9854
layer_5,9824.4909
layer_5,21440.6306
layer_5,22608.6608
layer_5,21167.5543
layer_5,21614.8907
layer_5,19998.256
layer_5,21006.2368
layer_5,20262.8059
layer_5,20663.5764
layer_5,20687.4041
layer_5,20264.5314
layer_5,19899.7174
layer_5,19899.205
layer_5,19261.6752
layer_5,19264.0085
layer_5,20510.77
layer_5,19333.428
layer_5,18998.9722
layer_5,19447.0885
layer_5,19444.0243
layer_5,19647.0621
layer_5,19233.3551
layer_5,19459.363
layer_5,19446.4311
layer_5,19233.5415
layer_5,19287.8226
layer_5,19288.2574
layer_5,19288.086
layer_5,19446.2678
layer_5,19181.7992
layer_5,19079.17
layer_5,19263.5968
layer_5,19406.3417
layer_5,18795.6998
layer_5,19278.1117
layer_5,19383.749
layer_5,19068.8742
layer_5,19470.3734
layer_5,19035.5498
layer_5,18264.0191
layer_5,18610.9078
layer_5,18646.259
layer_5,19484.2051
layer_5,17499.8639
layer_5,18282.4505
layer_5,18193.3433
layer_5,18724.8345
layer_5,17894.3315
layer_5,18482.7788
layer_5,18180.5849
layer_5,18723.7572
layer_5,18760.8308
layer_5,18426.1312
layer_5,18478.5218
layer_5,18441.8702
layer_5,17893.8883
layer_5,18030.8482
layer_5,18747.8917
layer_5,18736.2473
layer_5,18014.7066
layer_5,18738.7668
layer_5,18182.7014
layer_5,12805.2209
layer_5,4209.445
layer_5,657.9625
layer_5,21067.2543
layer_5,21760.1474
layer_5,21680.8068
layer_5,20077.8404
layer_5,21133.1479
layer_5,22576.6858
layer_5,19900.5106
layer_5,19671.6817
layer_5,19263.2897
layer_5,18996.4842
layer_5,19582.134
layer_5,19173.2164
layer_5,19344.418
layer_5,19418.8946
layer_5,19071.2229
layer_5,19447.0672
layer_5,19448.197
layer_5,19447.9434
layer_5,18232.2823
layer_5,19238.5557
layer_5,19289.9814
layer_5,19073.0035
layer_5,18668.4255
layer_5,18252.4642
layer_5,18772.8983
layer_5,18691.7139
layer_5,18690.5663
layer_5,18693.1554
layer_5,18694.5464
layer_5,18620.8542
layer_5,19890.973
layer_5,17936.2527
layer_5,19786.0007
layer_5,18785.4081
layer_5,6565.2392
layer_5,19785.819
layer_5,18452.2167
layer_5,18451.7345
layer_5,19072.2687
layer_5,18461.442
layer_5,18549.7916
layer_5,18462.1058
layer_5,6675.2115
layer_5,19684.5228
layer_5,19756.8842
layer_5,19724.7854
layer_5,18722.5468
layer_5,18757.6451
layer_5,18401.4255
layer_5,18512.489
layer_5,18519.5856
layer_5,19660.8659
layer_5,18961.1765
layer_5,18958.2638
layer_5,19703.3067
layer_5,19699.9477
layer_5,19701.4467
layer_5,19698.2875
layer_5,19625.307
layer_5,19624.2801
layer_5,18531.2469
layer_5,3994.0644
layer_5,5487.5716
layer_5,2701.9135
layer_5,22261.3405
layer_5,22874.0372
layer_5,20848.7218
layer_5,21678.683
layer_5,22590.7802
layer_5,20954.4256
layer_5,22601.4273
layer_5,21632.0435
layer_5,21809.3892
layer_5,19804.1212
layer_5,21807.0336
layer_5,19433.2148
layer_5,19690.954
layer_5,19625.6197
layer_5,19329.189
layer_5,19147.8335
layer_5,19246.3728
layer_5,19242.5074
layer_5,19193.2153
layer_5,19194.4273
layer_5,19192.9679
layer_5,19726.0619
layer_5,19758.9425
layer_5,21293.7281
layer_5,19757.4252
layer_5,19653.0687
layer_5,19093.4813
layer_5,19628.7701
layer_5,19598.3675
layer_5,19626.4219
layer_5,18789.5381
layer_5,19639.3238
layer_5,19630.4223
layer_5,18240.8429
layer_5,18243.4041
layer_5,19627.8759
layer_5,18410.553
layer_5,18713.5122
layer_5,10203.8389
layer_5,4232.2377
layer_6,915.6531
layer_6,1641.3988
layer_6,1735.7052
layer_6,2654.6554
layer_6,989.2442
layer_6,1408.3455
layer_6,121.5072
layer_6,2246.6549
layer_6,548.8279
layer_6,4426.4045
layer_6,1970.0468
layer_6,1533.5753
layer_6,2406.8767
layer_6,570.7554
layer_6,1513.8045
layer_6,478.0822
layer_6,4164.0362
layer_6,115.4675
layer_6,2122.3073
layer_6,4550.399
layer_6,1238.5285
layer_6,5653.8585
layer_6,1131.2231
layer_6,1271.7842
layer_6,1152.7806
layer_6,5905.9412
layer_6,2470.7099
layer_6,1217.1751
layer_6,2910.6542
layer_6,761.6351
layer_6,98.0801
layer_6,764.7964
layer_6,2520.3546
layer_6,1022.9796
layer_6,1501.125
layer_6,1637.0059
layer_6,2627.6986
layer_6,1684.5405
layer_6,1993.2789
layer_6,4571.908
layer_6,1930.6014
layer_6,6610.7619
layer_6,151.5961
layer_6,1341.234
layer_6,1285.9169
layer_6,2874.4957
layer_6,1623.2058
layer_6,1699.8598
layer_6,404.2127
layer_6,2608.169
layer_6,132.2136
layer_6,2239.9117
layer_6,268.389
layer_6,1503.7167
layer_6,2009.7075
layer_6,1748.2396
layer_6,106.366
layer_6,1282.0844
layer_6,391.828
layer_6,1979.7899
layer_6,3360.2118
layer_6,2235.9887
layer_6,870.3331
layer_6,7302.0349
layer_6,2515.9281
layer_6,4143.85
layer_6,1926.1913
layer_6,2864.243
layer_6,1023.6626
layer_6,7313.9131
layer_6,2341.1996
layer_6,675.6481
layer_6,1095.2206
layer_6,1528.2112
layer_6,2750.1757
layer_6,7352.8072
layer_6,93.5487
layer_6,4407.2808
layer_6,2807.2926
layer_6,2017.8226
layer_6,903.8404
layer_6,536.911
layer_6,893.4562
layer_6,1354.8102
layer_6,2514.0646
layer_6,1164.8991
layer_6,1132.2801
layer_6,5818.0721
layer_6,1678.0728
layer_6,612.8518
layer_6,1307.518
layer_6,1746.6232
layer_6,1384.2567
layer_6,1479.5897
layer_6,6171.002
layer_6,1755.404
layer_6,2144.3541
layer_6,1929.8123
layer_6,271.5988
layer_6,1184.2938
layer_6,516.5751
layer_6,1015.7007
layer_6,1167.9075
layer_6,1914.7179
layer_6,3155.6249
layer_6,456.3405
layer_6,1300.0123
layer_6,1256.8357
layer_6,2749.2226
layer_6,5475.6616
layer_6,1022.7024
layer_6,1297.5399
layer_6,1941.7022
layer_6,7905.286
layer_6,1339.1684
layer_6,1485.8059
layer_6,3463.7064
layer_6,1329.9427
layer_6,5377.7929
layer_6,5765.9297
layer_6,5766.0465
layer_6,6795.7341
layer_6,4506.3791
layer_6,1652.8381
layer_6,7591.2777
layer_6,2520.3
layer_6,7345.4242
layer_6,3434.1333
layer_6,640.5952
layer_6,641.6884
layer_6,6273.1669
layer_6,10413.1697
layer_6,2873.1671
layer_6,1667.3193
layer_6,1279.2046
layer_6,1205.7333
layer_6,6607.6578
layer_6,6605.9351
layer_6,1978.2689
layer_6,6080.39
layer_6,7155.8666
layer_6,9808.4858
layer_6,9808.8306
layer_6,1336.1
layer_6,1335.8633
layer_6,587.4004
layer_6,7074.8019
layer_6,1608.0156
layer_6,1417.0481
layer_6,7275.4177
layer_6,2523.9477
layer_6,1947.8396
layer_6,1668.8431
layer_6,1412.4688
layer_6,3449.9255
layer_6,1194.5057
layer_6,1445.1274
layer_6,2611.9878
layer_6,6605.137
layer_6,8890.3843
layer_6,1215.967
layer_6,1204.7059
layer_6,1204.6606
layer_6,3526.7551
layer_6,5067.8668
layer_6,7592.1524
layer_6,1858.298
layer_6,1208.3131
layer_6,6165.8942
layer_6,3029.2388
layer_6,3025.8594
layer_6,6261.3822
layer_6,6570.9331
layer_6,98.0731
layer_6,1635.9227
layer_6,2864.7245
layer_6,9852.8727
layer_6,10322.5652
layer_6,10434.9799
layer_6,10286.0138
layer_6,10282.5815
layer_6,10697.1634
layer_6,9803.5779
layer_6,9438.5586
layer_6,9122.9588
layer_6,9052.3586
layer_6,9052.0534
layer_6,8953.7811
layer_6,8085.4876
layer_6,8085.1823
layer_6,8450.8574
layer_6,8451.7321
layer_6,9811.6897
layer_6,10702.4674
layer_6,10778.0177
layer_6,10779.5679
layer_6,8022.9306
layer_6,9200.7886
layer_6,9201.3212
layer_6,10636.8865
layer_6,8559.641
layer_6,1505.5076
layer_6,7683.6823
layer_6,8398.8837
layer_6,8225.1788
layer_6,8234.628
layer_6,7386.0689
layer_6,7385.6945
layer_6,7516.231
layer_6,7515.6152
layer_6,1432.5012
layer_6,1432.5021
layer_6,1437.171
layer_6,7821.7547
layer_6,7803.4896
layer_6,1676.0854
layer_6,1430.6406
layer_6,1437.0319
layer_6,7263.1706
layer_6,6873.0147
layer_6,6280.2586
layer_6,6690.2465
layer_6,5741.0436
layer_6,6285.0788
layer_6,6315.2293
layer_6,6321.2106
layer_6,4928.0953
layer_6,10067.3317
layer_6,5588.0733
layer_6,5561.8164
layer_6,4542.3975
layer_6,4542.4685
layer_6,4546.4909
layer_6,1096.8342
layer_6,8871.8998
layer_6,8509.4496
layer_6,5428.5219
layer_6,806.4274
layer_6,1131.0614
layer_6,3126.1087
layer_6,10080.6702
layer_6,10839.7022
layer_6,10685.6387
layer_6,10744.2954
layer_6,10655.7707
layer_6,10424.9667
layer_6,10338.846
layer_6,10088.0949
layer_6,9997.6036
layer_6,5680.3019
layer_6,9848.7321
layer_6,10444.1091
layer_6,5359.4553
layer_6,9070.4341
layer_6,8882.6959
layer_6,8882.875
layer_6,8975.6956
layer_6,9156.9623
layer_6,9850.2609
layer_6,9850.3209
layer_6,5350.8461
layer_6,5335.9228
layer_6,8879.2688
layer_6,8540.407
layer_6,9150.949
layer_6,10333.5673
layer_6,8878.8059
layer_6,8982.2412
layer_6,10562.345
layer_6,8472.1402
layer_6,8035.169
layer_6,8034.6213
layer_6,8578.8435
layer_6,8419.9529
layer_6,8881.2682
layer_6,8881.8152
layer_6,8418.2478
layer_6,8419.3599
layer_6,7824.4009
layer_6,1398.1167
layer_6,1355.1426
layer_6,7692.1177
layer_6,6661.8012
layer_6,10558.473
layer_6,9060.2135
layer_6,1364.055
layer_6,8093.8554
layer_6,9083.7886
layer_6,1118.198
layer_6,1116.9761
layer_6,1120.1697
layer_6,10462.1389
layer_6,3561.9589
layer_6,7524.7631
layer_6,7524.7337
layer_6,10572.6258
layer_6,8753.3624
layer_6,1120.6359
layer_6,1138.9037
layer_6,1152.9628
layer_6,1138.9322
layer_6,961.4114
layer_6,1172.9729
layer_6,1039.3498
layer_6,10018.4016
layer_6,10596.9037
layer_6,10583.5271
layer_6,10690.1666
layer_6,10690.6149
layer_6,10585.1258
layer_6,10586.7095
layer_6,10440.4906
layer_6,10442.3471
layer_6,10796.4103
layer_6,10744.7533
layer_6,10460.8138
layer_6,10460.3394
layer_6,10459.6957
layer_6,10685.2347
layer_6,10821.287
layer_6,10559.917
layer_6,10561.0639
layer_6,10329.3405
layer_6,10329.1978
layer_6,10412.407
layer_6,10412.3788
layer_6,10717.8807
layer_6,9998.625
layer_6,10084.0381
layer_6,10283.7737
layer_6,8917.6897
layer_6,10653.0276
layer_6,10821.1236
layer_6,10648.3292
layer_6,7888.136
layer_6,9076.7952
layer_6,9077.031
layer_6,10622.1148
layer_6,9910.6915
layer_6,11366.9301
layer_6,10321.7109
layer_6,7540.666
layer_6,8519.9281
layer_6,8490.5956
layer_6,10327.537
layer_6,9346.1642
layer_6,9346.4852
layer_6,10350.8351
layer_6,8981.7033
layer_6,9153.3168
layer_6,9155.2058
layer_6,8475.7029
layer_6,8475.8867
layer_6,5299.7815
layer_6,8972.568
layer_6,8876.6547
layer_6,8453.791
layer_6,8406.1771
layer_6,8391.6618
layer_6,9227.4877
layer_6,8890.7393
layer_6,6358.786
layer_6,7459.6267
layer_6,7143.2238
layer_6,7690.8698
layer_6,1545.2317
layer_6,1112.5989
layer_6,10140.9645
layer_6,11327.4681
layer_6,10939.1206
layer_6,10632.9458
layer_6,10187.6014
layer_6,10838.1311
layer_6,10827.3928
layer_6,10732.3708
layer_6,10766.126
layer_6,10558.4417
layer_6,11021.7466
layer_6,10826.2915
layer_6,10843.9823
layer_6,10827.6682
layer_6,10677.5707
layer_6,10680.5437
layer_6,10764.2622
layer_6,10634.6526
layer_6,10474.8971
layer_6,10698.2303
layer_6,10646.218
layer_6,10646.1349
layer_6,10644.0745
layer_6,10644.8343
layer_6,10473.8991
layer_6,10559.722
layer_6,10316.446
layer_6,10316.8733
layer_6,10796.2166
layer_6,10678.3553
layer_6,10678.8168
layer_6,10680.3297
layer_6,10322.9044
layer_6,10549.2311
layer_6,10202.8697
layer_6,10221.7263
layer_6,10221.3217
layer_6,10179.4877
layer_6,10135.6442
layer_6,10148.7992
layer_6,9902.3959
layer_6,9721.6527
layer_6,9986.8368
layer_6,10326.2781
layer_6,9002.0251
layer_6,8157.1151
layer_6,8156.9943
layer_6,8916.2246
layer_6,8105.238
layer_6,7434.3255
layer_6,8873.0971
layer_6,8174.489
layer_6,9156.3024
layer_6,9342.7286
layer_6,9045.2599
layer_6,10347.3767
layer_6,10387.0169
layer_6,9076.3243
layer_6,8448.6444
layer_6,8451.6059
layer_6,9053.1468
layer_6,2127.4312
layer_6,2100.8236
layer_6,599.9507
layer_6,10155.4884
layer_6,10669.9064
layer_6,10668.7548
layer_6,11066.5438
layer_6,10498.2226
layer_6,10494.1909
layer_6,11417.6832
layer_6,10747.7951
layer_6,10921.2546
layer_6,10790.8411
layer_6,10488.0357
layer_6,10312.3183
layer_6,10662.1049
layer_6,10611.5166
layer_6,10611.2886
layer_6,10653.5411
layer_6,10465.8627
layer_6,10465.587
layer_6,10648.6944
layer_6,10648.8364
layer_6,10330.8529
layer_6,10210.0807
layer_6,10209.9052
layer_6,10183.2214
layer_6,10182.3843
layer_6,9729.5792
layer_6,9834.1976
layer_6,9926.5776
layer_6,9839.7426
layer_6,9866.6452
layer_6,9209.862
layer_6,9997.9656
layer_6,9159.0292
layer_6,9180.9858
layer_6,9576.1284
layer_6,9832.0824
layer_6,9286.4456
layer_6,9291.5432
layer_6,10213.9629
layer_6,8809.3084
layer_6,9191.444
layer_6,9133.9806
layer_6,9011.9399
layer_6,9011.2741
layer_6,9083.7491
layer_6,9084.691
layer_6,8215.7149
layer_6,8215.6517
layer_6,8216.0012
layer_6,9102.3925
layer_6,9173.1045
layer_6,9092.1599
layer_6,9121.321
layer_6,9122.4123
layer_6,9055.0995
layer_6,9167.1522
layer_6,9042.5333
layer_6,9214.281
layer_6,9216.4569
layer_6,8925.8508
layer_6,8796.6306
layer_6,2761.2271
layer_6,2228.0167
layer_6,4843.9862
layer_6,9807.0273
layer_6,10681.0385
layer_6,10363.7603
layer_6,10203.9199
layer_6,10068.7308
layer_6,10262.1352
layer_6,8503.2088
layer_6,8503.5925
layer_6,9918.3213
layer_6,9898.27
layer_6,8595.2502
layer_6,8594.8099
layer_6,9952.9638
layer_6,9932.5942
layer_6,9215.0086
layer_6,9210.4688
layer_6,9209.0635
layer_6,9994.6942
layer_6,9224.324
layer_6,9153.8647
layer_6,8967.826
layer_6,9440.6112
layer_6,8490.1378
layer_6,8505.1738
layer_6,9021.7699
layer_6,8921.3036
layer_6,9053.5372
layer_6,9008.2876
layer_6,8923.5035
layer_6,9087.3408
layer_6,8923.0331
layer_6,8920.9245
layer_6,8924.7562
layer_6,8799.6483
layer_6,9050.9387
layer_6,8452.5419
layer_6,9049.4007
layer_6,8929.6514
layer_6,9049.4152
layer_6,9020.7983
layer_6,9018.6288
layer_6,9018.3845
layer_6,8551.5281
layer_6,8551.8211
layer_6,8551.5277
layer_6,9005.7091
layer_6,9048.7711
layer_6,8333.7233
layer_6,9015.4699
layer_6,9015.4241
layer_6,8253.5056
layer_6,8998.6647
layer_6,8335.2026
layer_6,8333.9956
layer_6,8786.851
layer_6,8345.0964
layer_6,8344.5368
layer_6,9021.3629
layer_6,9020.7715
layer_6,8398.2389
layer_6,8398.8671
layer_6,2384.664
layer_6,2906.5675
layer_6,2019.8506
layer_6,9951.1875
layer_6,10253.033
layer_6,9844.8104
layer_6,9855.5247
layer_6,10267.5261
layer_6,10925.6599
layer_6,11312.1648
layer_6,11031.3572
layer_6,10862.7243
layer_6,10673.6698
layer_6,10899.4797
layer_6,11212.431
layer_6,10815.5592
layer_6,8403.544
layer_6,8700.4595
layer_6,8980.1053
layer_6,9361.9457
layer_6,9051.658
layer_6,8639.1308
layer_6,10915.8154
layer_6,10283.5298
layer_6,8912.4778
layer_6,8794.9406
layer_6,8794.7916
layer_6,9001.7245
layer_6,9994.719
layer_6,10574.1815
layer_6,8331.0771
layer_6,8920.7747
layer_6,8522.0272
layer_6,8341.6573
layer_6,9015.103
layer_6,9017.947
layer_6,8260.1489
layer_6,9073.1068
layer_6,8521.877
layer_6,8522.7789
layer_6,8826.0654
layer_6,8829.3211
layer_6,9058.3043
layer_6,9058.3823
layer_6,9024.9125
layer_6,9146.2184
layer_6,10772.2493
layer_6,10597.7607
layer_6,8554.7491
layer_6,9047.161
layer_6,8538.1135
layer_6,9020.2286
layer_6,9017.4385
layer_6,8260.2471
layer_6,10168.5371
layer_6,6045.7949
layer_6,8090.703
layer_6,8091.1668
layer_6,8206.7815
layer_6,8208.1624
layer_6,8142.2385
layer_6,8140.7508
layer_6,8164.8936
layer_6,8165.047
layer_6,3338.8208
layer_6,1473.8825
layer_6,2659.7113
layer_6,9661.62
layer_6,10926.4928
layer_6,9943.0774
layer_6,10612.113
layer_6,10724.9412
layer_6,10373.0242
layer_6,10263.8395
layer_6,10173.0206
layer_6,9884.7863
layer_6,10215.2607
layer_6,10013.7497
layer_6,10213.2087
layer_6,9198.4464
layer_6,10169.8278
layer_6,9287.2197
layer_6,8876.9561
layer_6,8873.0087
layer_6,9288.1589
layer_6,9462.4171
layer_6,8861.626
layer_6,9104.5184
layer_6,9002.1467
layer_6,9169.7649
layer_6,9209.4803
layer_6,8944.1582
layer_6,8826.751
layer_6,8809.115
layer_6,8784.2722
layer_6,8801.7826
layer_6,9022.9147
layer_6,8788.1855
layer_6,8303.6054
layer_6,8529.2915
layer_6,8335.3508
layer_6,1712.3919
layer_6,1713.5259
layer_6,1715.2304
layer_6,1716.1999
layer_6,1716.0893
layer_6,8195.9466
layer_6,8041.162
layer_6,7948.9473
layer_6,1713.3547
layer_6,1713.1894
layer_6,1714.7789
layer_6,1713.9582
layer_6,1716.236
layer_6,1716.8793
layer_6,8170.6991
layer_6,8119.3969
layer_6,1712.8327
layer_6,8192.1172
layer_6,7354.3903
layer_6,8154.4897
layer_6,8153.7764
layer_6,7405.6283
layer_6,7435.4607
layer_6,1717.3031
layer_6,7310.3521
layer_6,1686.9831
layer_6,1687.2292
layer_6,1120.0701
layer_6,2018.422
layer_6,78.803
layer_6,9564.7546
layer_6,10056.6521
layer_6,10283.5538
layer_6,10174.5873
layer_6,10227.873
layer_6,10262.802
layer_6,10301.4708
layer_6,10234.2509
layer_6,10298.4635
layer_6,9176.8764
layer_6,8623.225
layer_6,8790.152
layer_6,9441.339
layer_6,9068.2492
layer_6,9034.3625
layer_6,8753.0667
layer_6,9122.5931
layer_6,8261.0709
layer_6,9003.6664
layer_6,5227.5588
layer_6,8081.1634
layer_6,8475.0839
layer_6,8411.9219
layer_6,8202.4812
layer_6,8202.5854
layer_6,8051.8926
layer_6,8000.7912
layer_6,7998.9828
layer_6,9094.9069
layer_6,5934.1639
layer_6,5934.4812
layer_6,3182.9841
layer_6,3183.1987
layer_6,5493.4099
layer_6,5767.1553
layer_6,8149.0408
layer_6,8146.7
layer_6,4904.8644
layer_6,4981.2622
layer_6,5923.2103
layer_6,5925.4851
layer_6,8104.6463
layer_6,4995.2689
layer_6,1885.4372
layer_6,4965.3706
layer_6,2964.5593
layer_6,2964.6335
layer_6,7350.2252
layer_6,4255.0921
layer_6,5271.0238
layer_6,3146.6822
layer_6,5619.0679
layer_6,7994.4143
layer_6,5441.2669
layer_6,7075.8625
layer_6,3140.3765
layer_6,7393.4261
layer_6,5212.8015
layer_6,6020.3277
layer_6,5671.8537
layer_6,7903.2567
layer_6,813.5874
layer_6,948.6636
layer_6,2249.9066
layer_6,9532.6059
layer_6,10270.3631
layer_6,10482.1908
layer_6,9151.9267
layer_6,9264.9357
layer_6,9275.036
layer_6,9438.2608
layer_6,9206.7326
layer_6,8778.2224
layer_6,8489.6917
layer_6,8476.6386
layer_6,9860.7165
layer_6,9861.0946
layer_6,9226.5315
layer_6,9830.4373
layer_6,9214.0197
layer_6,9214.3508
layer_6,9838.082
layer_6,9831.0877
layer_6,9832.14
layer_6,9182.7579
layer_6,8192.7854
layer_6,8131.6638
layer_6,8078.603
layer_6,8724.5829
layer_6,7983.7497
layer_6,7302.2955
layer_6,6788.1395
layer_6,6788.285
layer_6,6861.1081
layer_6,5894.2515
layer_6,5893.9389
layer_6,6888.7038
layer_6,6888.751
layer_6,7880.3687
layer_6,6018.8632
layer_6,10273.3376
layer_6,10036.3463
layer_6,7250.0162
layer_6,5021.9707
layer_6,5240.1997
layer_6,5581.461
layer_6,5627.1111
layer_6,5229.4089
layer_6,5007.7203
layer_6,6896.3242
layer_6,10377.1938
layer_6,1740.9866
layer_6,10079.8773
layer_6,1544.6759
layer_6,6770.4507
layer_6,6779.0295
layer_6,10275.5866
layer_6,10089.7785
layer_6,5626.9523
layer_6,5657.4605
layer_6,5623.0216
layer_6,6515.1459
layer_6,5442.2361
layer_6,5510.0849
layer_6,6513.7471
layer_6,2028.2095
layer_6,607.2054
layer_6,1539.9432
layer_6,9819.2241
layer_6,10493.8996
layer_6,10152.9805
layer_6,10197.7915
layer_6,9871.366
layer_6,9827.5161
layer_6,9213.2714
layer_6,9827.955
layer_6,9188.9811
layer_6,9445.1817
layer_6,8793.911
layer_6,8583.4913
layer_6,8843.0007
layer_6,10257.975
layer_6,10040.293
layer_6,9005.6757
layer_6,8145.7314
layer_6,10304.6352
layer_6,10257.4174
layer_6,10331.1955
layer_6,10376.652
layer_6,10315.9752
layer_6,10315.8449
layer_6,9240.3123
layer_6,7077.8616
layer_6,2268.6318
layer_6,5940.5057
layer_6,1255.8853
layer_6,9255.8109
layer_6,1254.5592
layer_6,6033.2742
layer_6,5230.5231
layer_6,5361.8201
layer_6,5362.2236
layer_6,10634.3235
layer_6,11046.9296
layer_6,6605.3609
layer_6,10964.6644
layer_6,6896.9799
layer_6,6896.0379
layer_6,10690.3365
layer_6,10898.5235
layer_6,6413.4018
layer_6,6413.1349
layer_6,6781.0113
layer_6,6780.8977
layer_6,5012.3848
layer_6,5012.2487
layer_6,6558.8855
layer_6,6871.0084
layer_6,6514.4347
layer_6,11373.6703
layer_6,10808.1783
layer_6,6933.2288
layer_6,6924.413
layer_6,6514.2465
layer_6,10403.6915
layer_6,10270.421
layer_6,10925.3043
layer_6,11085.0308
layer_6,11121.9048
layer_6,907.2053
layer_6,1898.9832
layer_6,646.9748
layer_6,10812.9084
layer_6,10709.0831
layer_6,10697.4523
layer_6,11017.8665
layer_6,10468.3727
layer_6,10186.8762
layer_6,10181.3646
layer_6,10627.8558
layer_6,11063.0666
layer_6,11063.3732
layer_6,10990.7767
layer_6,10823.9173
layer_6,10498.2476
layer_6,10935.6344
layer_6,10472.9597
layer_6,10783.746
layer_6,10824.7056
layer_6,10347.4712
layer_6,10384.615
layer_6,11116.5779
layer_6,11028.48
layer_6,10119.0544
layer_6,10539.7381
layer_6,10568.8963
layer_6,10521.2328
layer_6,9721.5897
layer_6,10786.2541
layer_6,10672.2395
layer_6,9867.0545
layer_6,8475.2609
layer_6,10962.7689
layer_6,10651.3854
layer_6,10740.7119
layer_6,10569.8526
layer_6,10482.7049
layer_6,10780.4599
layer_6,10775.588
layer_6,9882.9644
layer_6,10573.7746
layer_6,10569.9404
layer_6,10774.076
layer_6,10774.2079
layer_6,10106.5493
layer_6,10164.221
layer_6,8415.6744
layer_6,10523.1748
layer_6,9686.7204
layer_6,9821.7724
layer_6,9897.2068
layer_6,9897.7236
layer_6,10573.9932
layer_6,9939.626
layer_6,9938.6819
layer_6,10513.1433
layer_6,10384.1272
layer_6,10322.2313
layer_6,10147.5426
layer_6,9097.9468
layer_6,9839.1716
layer_6,9721.8729
layer_6,10182.5327
layer_6,1351.368
layer_6,755.3895
layer_6,1532.1543
layer_6,10716.0561
layer_6,10583.0733
layer_6,10989.3592
layer_6,9655.4013
layer_6,10547.3602
layer_6,10824.8569
layer_6,10995.3927
layer_6,10784.897
layer_6,10784.9572
layer_6,10593.2091
layer_6,10647.1693
layer_6,10647.8251
layer_6,10528.3346
layer_6,10604.1121
layer_6,10603.3166
layer_6,10528.0341
layer_6,10648.2906
layer_6,10648.6259
layer_6,10499.5893
layer_6,10498.9658
layer_6,10499.6786
layer_6,8230.7323
layer_6,8176.5972
layer_6,9975.8042
layer_6,10239.4312
layer_6,9061.7533
layer_6,9920.5716
layer_6,10147.9089
layer_6,8135.1828
layer_6,9885.5378
layer_6,9933.061
layer_6,9933.7171
layer_6,8089.1534
layer_6,8092.338
layer_6,9192.2454
layer_6,9569.377
layer_6,8120.0914
layer_6,8119.8253
layer_6,149.9896
layer_6,4117.1148
layer_7,3286.9197
layer_7,2363.2498
layer_7,3666.2785
layer_7,2455.2208
layer_7,2164.9394
layer_7,1490.3216
layer_7,2082.9345
layer_7,2592.7945
layer_7,154.5931
layer_7,1663.1714
layer_7,3120.8405
layer_7,818.739
layer_7,502.1455
layer_7,3719.8247
layer_7,1278.2757
layer_7,1647.3603
layer_7,1348.4544
layer_7,4093.5486
layer_7,1012.9898
layer_7,3936.0013
layer_7,879.4757
layer_7,991.9907
layer_7,434.548
layer_7,298.0609
layer_7,1164.5441
layer_7,271.8908
layer_7,2974.2191
layer_7,844.5396
layer_7,1559.9083
layer_7,1765.5251
layer_7,1891.2884
layer_7,319.8894
layer_7,1694.8692
layer_7,3353.9502
layer_7,2105.1001
layer_7,4043.1224
layer_7,2445.0836
layer_7,1342.099
layer_7,3615.729
layer_7,1979.0352
layer_7,2176.6408
layer_7,1012.5772
layer_7,3218.1964
layer_7,4270.9497
layer_7,1541.2018
layer_7,3267.2397
layer_7,2442.365
layer_7,3341.0099
layer_7,3400.9188
layer_7,3559.9708
layer_7,1977.2116
layer_7,3782.7785
layer_7,2568.5881
layer_7,990.1881
layer_7,3884.0327
layer_7,1832.6434
layer_7,1111.3973
layer_7,1210.0595
layer_7,1892.177
layer_7,427.0868
layer_7,648.9409
layer_7,3233.8038
layer_7,3315.0555
layer_7,2329.9324
layer_7,794.2194
layer_7,2384.8905
layer_7,1386.2043
layer_7,1263.0578
layer_7,1654.8791
layer_7,933.4045
layer_7,3351.307
layer_7,1750.1254
layer_7,4017.3423
layer_7,1488.5565
layer_7,969.9372
layer_7,1528.8465
layer_7,830.4937
layer_7,2019.273
layer_7,3202.9982
layer_7,3381.2899
layer_7,2760.0214
layer_7,1153.7056
layer_7,3780.3426
layer_7,1684.3402
layer_7,3108.8171
layer_7,845.2149
layer_7,1341.7081
layer_7,3458.8621
layer_7,1681.9135
layer_7,1527.7716
layer_7,2716.3989
layer_7,2327.3489
layer_7,2328.1841
layer_7,2891.5289
layer_7,4064.3976
layer_7,2209.3824
layer_7,429.2968
layer_7,3350.8067
layer_7,3142.337
layer_7,821.9584
layer_7,1324.7085
layer_7,3430.4946
layer_7,1658.0265
layer_7,2923.8772
layer_7,2127.5012
layer_7,1528.7034
layer_7,1514.836
layer_7,3123.4069
layer_7,3387.352
layer_7,1369.3489
layer_7,360.9933
layer_7,2449.5083
layer_7,2370.3184
layer_7,2927.1012
layer_7,277.7159
layer_7,1813.267
layer_7,3413.0996
layer_7,2323.4602
layer_7,2452.2395
layer_7,1514.131
layer_7,1606.0641
layer_7,2782.9589
layer_7,530.6399
layer_7,1570.5056
layer_7,3075.4634
layer_7,665.9323
layer_7,2434.1667
layer_7,3368.4354
layer_7,4122.952
layer_7,3883.1209
layer_7,3877.2694
layer_7,4138.7136
layer_7,3390.0505
layer_7,4192.8579
layer_7,4069.9255
layer_7,4281.6974
layer_7,3867.5135
layer_7,4162.0013
layer_7,4251.5952
layer_7,3540.362
layer_7,3858.2368
layer_7,4070.1501
layer_7,3318.4122
layer_7,3663.8903
layer_7,3165.9611
layer_7,4322.887
layer_7,3876.5334
layer_7,3805.2276
layer_7,3586.2098
layer_7,3549.1893
layer_7,4023.7851
layer_7,3856.7558
layer_7,3787.5713
layer_7,4285.4247
layer_7,4078.3714
layer_7,3291.8814
layer_7,3683.7553
layer_7,3671.3489
layer_7,3785.0007
layer_7,4288.5275
layer_7,4148.3482
layer_7,3503.19
layer_7,3211.7768
layer_7,4120.4924
layer_7,2926.0761
layer_7,3528.6602
layer_7,3558.9823
layer_7,3473.9191
layer_7,4041.9573
layer_7,3565.2312
layer_7,4174.7161
layer_7,3781.0644
layer_7,3566.2196
layer_7,3879.907
layer_7,3615.393
layer_7,3709.9907
layer_7,4058.3767
layer_7,3487.9905
layer_7,3732.6882
layer_7,3391.9462
layer_7,3984.1945
layer_7,3870.9539
layer_7,4185.2527
layer_7,3960.7479
layer_7,3759.1864
layer_7,4211.3424
layer_7,3516.3474
layer_7,3605.4274
layer_7,3868.3017
layer_7,3780.8841
layer_7,1587.5717
layer_7,1996.0847
layer_7,3849.4034
layer_7,3843.6707
layer_7,3888.2319
layer_7,3682.4187
layer_7,4513.961
layer_7,3604.7273
layer_7,3616.4949
layer_7,3679.0507
layer_7,3152.0861
layer_7,3717.0211
layer_7,3418.5419
layer_7,3585.2863
layer_7,3923.521
layer_7,4075.5601
layer_7,3807.1846
layer_7,4112.3589
layer_7,3988.013
layer_7,3326.9319
layer_7,4209.4462
layer_7,3958.9264
layer_7,4061.3762
layer_7,4313.554
layer_7,4027.1951
layer_7,3803.121
layer_7,4383.5635
layer_7,4042.6957
layer_7,3506.7668
layer_7,4401.0256
layer_7,3627.5308
layer_7,3539.349
layer_7,4325.3506
layer_7,4109.2929
layer_7,3005.2456
layer_7,4148.5507
layer_7,3746.8987
layer_7,4462.1152
layer_7,4278.7152
layer_7,4052.9365
layer_7,4166.9486
layer_7,4154.1948
layer_7,3654.6687
layer_7,4005.8981
layer_7,3342.8517
layer_7,4258.8162
layer_7,4178.1837
layer_7,3765.2286
layer_7,4378.1845
layer_7,3740.1028
layer_7,4164.9998
layer_7,3551.2929
layer_7,4336.3706
layer_7,4219.6507
layer_7,3749.8642
layer_7,4009.2329
layer_7,4158.7963
layer_7,3982.806
layer_7,3570.3482
layer_7,4049.3539
layer_7,3889.3359
layer_7,3540.8461
layer_7,4067.525
layer_7,2815.6155
layer_7,1366.7593
layer_7,1359.0815
layer_7,4357.147
layer_7,3949.5395
layer_7,4403.9387
layer_7,4486.9909
layer_7,3380.0289
layer_7,4082.0592
layer_7,4353.0085
layer_7,3923.2434
layer_7,4282.633
layer_7,3766.194
layer_7,3354.9654
layer_7,4120.2644
layer_7,3813.0296
layer_7,4270.8775
layer_7,4202.8717
layer_7,3347.1438
layer_7,4278.846
layer_7,3898.6338
layer_7,4189.081
layer_7,3416.6092
layer_7,3750.8916
layer_7,4332.4858
layer_7,3683.3256
layer_7,4297.4974
layer_7,3915.8249
layer_7,4092.871
layer_7,3700.7117
layer_7,2099.6996
layer_7,4394.5997
layer_7,4238.3816
layer_7,4403.2676
layer_7,3931.4006
layer_7,3570.0128
layer_7,3880.8597
layer_7,3883.5526
layer_7,4208.7078
layer_7,4211.5702
layer_7,4112.3718
layer_7,4062.5674
layer_7,3843.413
layer_7,3777.483
layer_7,3839.3037
layer_7,3802.7921
layer_7,3826.3825
layer_7,4191.2654
layer_7,4248.7272
layer_7,4343.6724
layer_7,3861.7228
layer_7,4068.3488
layer_7,4190.868
layer_7,3882.4885
layer_7,3883.7714
layer_7,3952.2116
layer_7,4063.5101
layer_7,3779.2823
layer_7,3893.1705
layer_7,3473.9988
layer_7,3798.8254
layer_7,3963.8647
layer_7,4223.7348
layer_7,3989.9826
layer_7,1513.8137
layer_7,1488.9634
layer_7,3608.664
layer_7,2508.0223
layer_7,4027.8944
layer_7,3758.2427
layer_7,3707.7298
layer_7,3859.2973
layer_7,3387.3559
layer_7,4290.8328
layer_7,3968.7849
layer_7,3339.0277
layer_7,3740.8282
layer_7,3671.9363
layer_7,3579.609
layer_7,3894.6668
layer_7,4074.4726
layer_7,3825.8966
layer_7,3615.4187
layer_7,3598.1113
layer_7,4310.8692
layer_7,4268.4584
layer_7,3602.5423
layer_7,3603.4149
layer_7,3493.1274
layer_7,3765.6398
layer_7,3830.1508
layer_7,4056.596
layer_7,3569.0281
layer_7,3461.521
layer_7,3843.5875
layer_7,3743.433
layer_7,4127.9564
layer_7,4399.1422
layer_7,4039.8679
layer_7,4020.2447
layer_7,3908.2315
layer_7,2495.1149
layer_7,4273.0749
layer_7,3730.8166
layer_7,4109.1795
layer_7,3565.8034
layer_7,3717.7614
layer_7,3738.8207
layer_7,4231.6574
layer_7,4057.0676
layer_7,4253.1753
layer_7,4239.796
layer_7,3887.7457
layer_7,3697.0265
layer_7,3843.3732
layer_7,3945.4214
layer_7,3574.869
layer_7,3971.4748
layer_7,4384.1414
layer_7,3641.6825
layer_7,3908.7049
layer_7,4264.4002
layer_7,4202.1061
layer_7,3870.7716
layer_7,4429.1126
layer_7,3384.9969
layer_7,4097.1786
layer_7,4164.6285
layer_7,577.8343
layer_7,3754.2219
layer_7,465.1505
layer_7,4106.9587
layer_7,4029.3842
layer_7,3284.316
layer_7,4303.8932
layer_7,4083.6681
layer_7,3375.1719
layer_7,4034.5275
layer_7,3060.5211
layer_7,3517.8268
layer_7,3223.7788
layer_7,3847.6754
layer_7,3763.8256
layer_7,3466.8357
layer_7,3409.1563
layer_7,4031.1449
layer_7,3479.0144
layer_7,3458.2926
layer_7,4173.4968
layer_7,3926.5587
layer_7,3730.6793
layer_7,3944.2632
layer_7,3994.0566
layer_7,3608.9289
layer_7,3888.0819
layer_7,3556.6828
layer_7,3549.7492
layer_7,3778.8541
layer_7,3565.6947
layer_7,3065.162
layer_7,3701.4468
layer_7,3589.9682
layer_7,3618.4822
layer_7,3617.9333
layer_7,4363.5543
layer_7,3828.2573
layer_7,4105.6369
layer_7,3458.7919
layer_7,4186.8004
layer_7,3618.7002
layer_7,4218.9928
layer_7,3562.6024
layer_7,3678.2698
layer_7,4068.7921
layer_7,3439.7154
layer_7,3377.7604
layer_7,3964.4742
layer_7,3689.5566
layer_7,4019.2785
layer_7,3945.6637
layer_7,3446.8848
layer_7,3632.368
layer_7,3783.9096
layer_7,3997.9507
layer_7,3930.757
layer_7,4247.5404
layer_7,3312.255
layer_7,3234.6621
layer_7,3560.2711
layer_7,3463.4429
layer_7,3725.7815
layer_7,3680.8929
layer_7,837.5259
layer_7,42.3661
layer_7,27.2282
layer_7,4019.2492
layer_7,3550.274
layer_7,3683.7366
layer_7,4052.0077
layer_7,3638.8512
layer_7,3568.2975
layer_7,4169.4506
layer_7,3604.9977
layer_7,4020.7339
layer_7,3569.6468
layer_7,4150.4469
layer_7,3560.997
layer_7,3751.8223
layer_7,4103.1065
layer_7,4051.661
layer_7,3694.4835
layer_7,3554.6534
layer_7,4168.1464
layer_7,3804.8375
layer_7,3801.5716
layer_7,4208.1222
layer_7,3985.8898
layer_7,3820.5544
layer_7,3670.7855
layer_7,3470.2781
layer_7,3881.5048
layer_7,3836.2061
layer_7,3876.1586
layer_7,3815.8193
layer_7,3639.1546
layer_7,3510.4686
layer_7,3855.244
layer_7,3902.2079
layer_7,3901.845
layer_7,3735.0809
layer_7,3781.4756
layer_7,3735.3642
layer_7,3639.895
layer_7,3754.0325
layer_7,4232.0892
layer_7,4211.766
layer_7,4398.5153
layer_7,3928.7207
layer_7,3646.3025
layer_7,3866.3078
layer_7,4468.1828
layer_7,3716.7642
layer_7,3924.8828
layer_7,4405.3317
layer_7,3640.1785
layer_7,4068.8028
layer_7,4073.5182
layer_7,4387.3894
layer_7,4120.1176
layer_7,4177.2553
layer_7,3737.8316
layer_7,3711.2333
layer_7,4239.5512
layer_7,4063.4312
layer_7,3987.7747
layer_7,4166.9678
layer_7,976.7515
layer_7,870.7801
layer_7,1427.8684
layer_7,4070.794
layer_7,4353.037
layer_7,3856.4572
layer_7,3980.2353
layer_7,4247.56
layer_7,4411.4656
layer_7,3762.8885
layer_7,3752.4786
layer_7,4341.8122
layer_7,4056.589
layer_7,4024.7905
layer_7,4314.5039
layer_7,3679.5019
layer_7,4233.9784
layer_7,3895.9963
layer_7,3796.9104
layer_7,4032.3341
layer_7,4410.2659
layer_7,3284.2478
layer_7,3743.3006
layer_7,3740.6611
layer_7,3980.3568
layer_7,4226.3097
layer_7,3988.8683
layer_7,3433.5523
layer_7,4053.1624
layer_7,4015.1594
layer_7,3999.9647
layer_7,4033.7579
layer_7,4192.7569
layer_7,4290.357
layer_7,3278.59
layer_7,4388.2879
layer_7,3600.5852
layer_7,3511.26
layer_7,4104.9124
layer_7,4320.2402
layer_7,3318.3217
layer_7,3724.4074
layer_7,3800.3582
layer_7,4158.1233
layer_7,4076.3764
layer_7,4138.1636
layer_7,3778.5043
layer_7,3793.129
layer_7,4030.3699
layer_7,2047.6393
layer_7,2037.4234
layer_7,3993.6098
layer_7,4359.2213
layer_7,3984.1445
layer_7,3979.7621
layer_7,4315.5031
layer_7,4257.8754
layer_7,4375.1539
layer_7,3679.3705
layer_7,3820.2744
layer_7,4309.9401
layer_7,3986.9677
layer_7,3492.0305
layer_7,4235.9015
layer_7,2738.0645
layer_7,1340.5831
layer_7,1045.6267
layer_7,3659.5822
layer_7,3955.3714
layer_7,3864.6767
layer_7,4310.5826
layer_7,3715.0298
layer_7,4460.0692
layer_7,4069.2315
layer_7,4370.4435
layer_7,4320.6917
layer_7,3924.9319
layer_7,4374.7729
layer_7,4299.3194
layer_7,4405.4127
layer_7,3634.4082
layer_7,4040.3703
layer_7,3790.4868
layer_7,3761.6857
layer_7,4356.8914
layer_7,4118.9426
layer_7,3519.2715
layer_7,3970.8034
layer_7,3953.0446
layer_7,3772.5431
layer_7,4359.2845
layer_7,2912.8177
layer_7,4234.5548
layer_7,4257.3934
layer_7,3646.4765
layer_7,3563.4364
layer_7,3806.4614
layer_7,3724.1227
layer_7,3897.9413
layer_7,3803.55
layer_7,3926.3803
layer_7,3426.5147
layer_7,3886.886
layer_7,4364.604
layer_7,3326.2895
layer_7,4203.4888
layer_7,4259.1797
layer_7,3691.686
layer_7,3635.0053
layer_7,3480.2764
layer_7,3751.3773
layer_7,3840.6675
layer_7,3946.0726
layer_7,4160.5337
layer_7,4208.3067
layer_7,4059.3691
layer_7,4322.7525
layer_7,4264.8589
layer_7,3969.9123
layer_7,4262.6955
layer_7,4093.1782
layer_7,3652.3756
layer_7,4456.6957
layer_7,3587.5675
layer_7,3795.4339
layer_7,4338.9003
layer_7,3470.6045
layer_7,3737.5141
layer_7,3110.1809
layer_7,1882.1136
layer_7,1112.0419
layer_7,3976.0976
layer_7,4168.2523
layer_7,3653.3074
layer_7,3946.6319
layer_7,3918.0494
layer_7,3391.2187
layer_7,4383.5183
layer_7,4224.2813
layer_7,3506.1328
layer_7,3630.3286
layer_7,3360.6427
layer_7,3793.5873
layer_7,4124.9963
layer_7,4091.2594
layer_7,3616.0147
layer_7,4227.807
layer_7,3914.2255
layer_7,3836.1713
layer_7,4073.0192
layer_7,3712.695
layer_7,3731.0069
layer_7,3855.9004
layer_7,3674.3694
layer_7,3929.6779
layer_7,3822.0154
layer_7,3707.6581
layer_7,3964.0127
layer_7,3796.4995
layer_7,4061.7058
layer_7,4416.1216
layer_7,4043.1794
layer_7,3530.741
layer_7,3979.5243
layer_7,4019.293
layer_7,3951.5559
layer_7,4312.6973
layer_7,4021.1689
layer_7,3911.413
layer_7,3853.2426
layer_7,4376.2364
layer_7,4362.0248
layer_7,4226.0336
layer_7,4211.7737
layer_7,4034.7807
layer_7,4212.705
layer_7,4340.0545
layer_7,4350.5184
layer_7,4403.5545
layer_7,3607.8076
layer_7,4376.0385
layer_7,4410.2652
layer_7,3907.7896
layer_7,3908.8517
layer_7,3340.9706
layer_7,3646.4738
layer_7,4210.0068
layer_7,3968.276
layer_7,3918.8684
layer_7,3616.721
layer_7,3752.6643
layer_7,3683.426
layer_7,2016.1374
layer_7,3062.6572
layer_7,651.0734
layer_7,3885.4155
layer_7,4246.889
layer_7,4062.38
layer_7,3639.0601
layer_7,4070.4882
layer_7,4330.4367
layer_7,4054.3598
layer_7,3424.36
layer_7,3920.2283
layer_7,3941.3289
layer_7,3743.1451
layer_7,3634.0748
layer_7,4165.8649
layer_7,3930.2335
layer_7,4362.0823
layer_7,4209.1606
layer_7,4042.4735
layer_7,4199.627
layer_7,4083.7339
layer_7,4403.0793
layer_7,3730.9968
layer_7,4083.4834
layer_7,3937.9745
layer_7,4368.418
layer_7,4422.9137
layer_7,3831.5417
layer_7,3890.2475
layer_7,3940.6327
layer_7,3989.9562
layer_7,4194.9272
layer_7,3996.6032
layer_7,3570.0997
layer_7,4226.8953
layer_7,3372.3085
layer_7,3975.0964
layer_7,4102.7666
layer_7,3879.3375
layer_7,3658.8899
layer_7,3898.0576
layer_7,3763.8619
layer_7,3509.0882
layer_7,4239.8432
layer_7,3435.6235
layer_7,4018.1673
layer_7,3807.4654
layer_7,3623.8904
layer_7,3748.2354
layer_7,4410.3673
layer_7,3628.8351
layer_7,3567.4059
layer_7,4381.8348
layer_7,3822.8745
layer_7,3771.319
layer_7,3950.6153
layer_7,4198.3072
layer_7,4267.5992
layer_7,3983.4638
layer_7,4059.2199
layer_7,4169.8563
layer_7,3608.1138
layer_7,4032.6358
layer_7,1460.884
layer_7,1481.2265
layer_7,1487.0495
layer_7,4216.844
layer_7,2907.8097
layer_7,3845.8451
layer_7,4404.3278
layer_7,4147.5399
layer_7,3598.3485
layer_7,4218.3938
layer_7,4387.7995
layer_7,3979.5466
layer_7,3923.5617
layer_7,4125.2138
layer_7,3649.1336
layer_7,4125.1552
layer_7,4003.624
layer_7,3624.3236
layer_7,4258.9507
layer_7,3309.5142
layer_7,4078.7008
layer_7,4360.7041
layer_7,3615.928
layer_7,4061.0607
layer_7,3809.0875
layer_7,4114.4231
layer_7,4184.0462
layer_7,4194.0345
layer_7,4055.5071
layer_7,3453.9105
layer_7,4354.6812
layer_7,3996.5847
layer_7,3649.8594
layer_7,4240.6592
layer_7,4061.3521
layer_7,3768.3913
layer_7,3838.1488
layer_7,4302.7591
layer_7,3869.0433
layer_7,4023.5037
layer_7,3919.5753
layer_7,3916.172
layer_7,3360.6968
layer_7,3428.8637
layer_7,3738.5314
layer_7,3997.8196
layer_7,3940.4888
layer_7,3736.3601
layer_7,3989.566
layer_7,4060.6679
layer_7,3714.4911
layer_7,3431.428
layer_7,3443.3072
layer_7,3950.7479
layer_7,4115.0845
layer_7,4363.1889
layer_7,4014.4352
layer_7,3886.5917
layer_7,3905.673
layer_7,4242.9204
layer_7,3883.8425
layer_7,4548.5604
layer_7,3972.8694
layer_7,3922.9805
layer_7,421.0014
layer_7,3550.7328
layer_7,2926.3273
layer_7,3808.764
layer_7,4071.4796
layer_7,4002.6433
layer_7,3792.7835
layer_7,3941.7866
layer_7,4191.8226
layer_7,4043.4421
layer_7,4236.8076
layer_7,4208.5532
layer_7,4387.1503
layer_7,4241.0771
layer_7,4239.3968
layer_7,4274.2238
layer_7,4274.355
layer_7,4128.4581
layer_7,4230.9205
layer_7,3610.8508
layer_7,4017.0885
layer_7,3849.1638
layer_7,3993.3651
layer_7,4294.9066
layer_7,3977.4214
layer_7,4112.8002
layer_7,3951.3211
layer_7,4060.9445
layer_7,4186.5906
layer_7,4278.2867
layer_7,1997.8616
layer_7,4227.0812
layer_7,3474.8401
layer_7,3820.1392
layer_7,3892.7276
layer_7,3463.677
layer_7,3776.6988
layer_7,3958.4309
layer_7,4104.5498
layer_7,3001.0592
layer_7,4146.2045
layer_7,4190.3742
layer_7,4140.1482
layer_7,3797.6563
layer_7,3790.6255
layer_7,3559.972
layer_7,4020.0965
layer_7,3830.3898
layer_7,3000.9531
layer_7,3862.8357
layer_7,3898.7043
layer_7,4057.5912
layer_7,3416.9472
layer_7,3539.254
layer_7,3699.808
layer_7,3702.1689
layer_7,3602.1489
layer_7,3658.1566
layer_7,3789.7562
layer_7,3638.9542
layer_7,3110.6308
layer_7,4055.653
layer_7,3952.3583
layer_7,3834.489
layer_7,883.433
layer_7,675.0881
layer_7,1788.2391
layer_7,3630.4391
layer_7,4266.6969
layer_7,3897.4411
layer_7,4160.2971
layer_7,4355.2626
layer_7,3777.1505
layer_7,4017.2259
layer_7,3619.4098
layer_7,4260.5705
layer_7,3703.9608
layer_7,3731.8402
layer_7,4472.1764
layer_7,4112.857
layer_7,3736.4408
layer_7,4245.854
layer_7,3935.7935
layer_7,3788.1577
layer_7,4221.8836
layer_7,3615.0829
layer_7,4262.058
layer_7,4065.0909
layer_7,4239.5488
layer_7,4312.7139
layer_7,4329.0804
layer_7,4415.7518
layer_7,3622.9502
layer_7,4064.0475
layer_7,3664.615
layer_7,3787.823
layer_7,4227.7275
layer_7,3821.086
layer_7,4103.3217
layer_7,4205.4034
layer_7,4039.829
layer_7,4376.0053
layer_7,4161.827
layer_7,3980.0949
layer_7,3714.7838
layer_7,3952.225
layer_7,3550.3211
layer_7,3973.3658
layer_7,4227.108
layer_7,3836.1216
layer_7,3650.6556
layer_7,4147.0746
layer_7,4159.3258
layer_7,3970.215
layer_7,4055.8575
layer_7,3580.9096
layer_7,3683.877
layer_7,3786.0666
layer_7,3821.0931
layer_7,3838.1275
layer_7,4222.3447
layer_7,3617.6711
layer_7,3839.1988
layer_7,3832.8867
layer_7,4180.1624
layer_7,3781.6189
layer_7,4351.6982
layer_7,3698.3213
layer_7,1817.2851
layer_7,3407.9484
layer_7,841.2254
layer_7,3795.2119
layer_7,4314.8355
layer_7,3988.6885
layer_7,4095.5438
layer_7,3693.4253
layer_7,4210.9389
layer_7,4237.8479
layer_7,4028.7366
layer_7,4041.3325
layer_7,4367.2047
layer_7,3894.6907
layer_7,4025.7014
layer_7,4189.8074
layer_7,3807.2557
layer_7,4346.376
layer_7,4035.9512
layer_7,4302.2593
layer_7,4228.6589
layer_7,4386.3651
layer_7,4309.6759
layer_7,4061.5026
layer_7,4079.1875
layer_7,4002.6393
layer_7,4168.1565
layer_7,4111.5555
layer_7,4279.6429
layer_7,4014.5315
layer_7,4414.3484
layer_7,3744.7031
layer_7,3828.5851
layer_7,4074.1228
layer_7,3730.1975
layer_7,3811.4507
layer_7,4385.6305
layer_7,4089.3471
layer_7,4040.0428
layer_7,4233.9265
layer_7,4341.1157
layer_7,2521.1851
layer_7,420.7311
layer_8,550.1418
layer_8,1905.3672
layer_8,1978.4492
layer_8,2766.7696
layer_8,1127.6072
layer_8,3047.7896
layer_8,2138.9841
layer_8,361.8899
layer_8,2526.1318
layer_8,2517.0255
layer_8,1020.6849
layer_8,2958.5494
layer_8,1116.8882
layer_8,1159.8479
layer_8,1387.9745
layer_8,715.3503
layer_8,829.7825
layer_8,2010.1397
layer_8,2412.3524
layer_8,1036.5636
layer_8,961.1387
layer_8,2837.1894
layer_8,1426.356
layer_8,5185.2967
layer_8,1119.5146
layer_8,4828.6921
layer_8,2078.6379
layer_8,4873.1293
layer_8,256.2041
layer_8,1808.9199
layer_8,1279.7716
layer_8,4957.9324
layer_8,1405.384
layer_8,2008.8604
layer_8,3053.403
layer_8,5624.273
layer_8,2017.9786
layer_8,4878.2935
layer_8,121.1036
layer_8,4592.7089
layer_8,3139.0581
layer_8,1339.1945
layer_8,8474.7906
layer_8,3061.0638
layer_8,1787.1943
layer_8,224.7733
layer_8,5547.1134
layer_8,119.519
layer_8,406.4339
layer_8,6273.144
layer_8,1883.5067
layer_8,457.576
layer_8,2176.2797
layer_8,168.6739
layer_8,1581.7454
layer_8,3265.4099
layer_8,2248.0661
layer_8,1111.8201
layer_8,3541.308
layer_8,1446.9918
layer_8,3224.8976
layer_8,1335.411
layer_8,15013.0315
layer_8,3678.5889
layer_8,1689.4855
layer_8,1377.4589
layer_8,1061.5085
layer_8,249.9797
layer_8,2214.1262
layer_8,6888.3179
layer_8,1293.2942
layer_8,1970.865
layer_8,1476.2529
layer_8,688.7136
layer_8,6544.1937
layer_8,1021.0643
layer_8,1517.1546
layer_8,1283.6279
layer_8,1417.3645
layer_8,778.8716
layer_8,687.0158
layer_8,7859.7142
layer_8,7611.9538
layer_8,752.9344
layer_8,2817.6411
layer_8,386.1096
layer_8,954.3847
layer_8,178.0947
layer_8,2637.2521
layer_8,1599.7483
layer_8,7203.127
layer_8,1206.5573
layer_8,3157.9405
layer_8,1978.906
layer_8,4402.1798
layer_8,1191.4163
layer_8,2833.3545
layer_8,1547.098
layer_8,1191.8673
layer_8,2756.3081
layer_8,1412.6655
layer_8,725.4447
layer_8,1459.998
layer_8,4991.5275
layer_8,793.5791
layer_8,988.8658
layer_8,1098.6907
layer_8,1043.3702
layer_8,929.7438
layer_8,4207.2664
layer_8,559.0918
layer_8,2806.6039
layer_8,1400.917
layer_8,1834.0892
layer_8,723.3175
layer_8,1326.1345
layer_8,3205.0551
layer_8,1797.6218
layer_8,15141.4457
layer_8,15825.5393
layer_8,12910.6758
layer_8,12913.1405
layer_8,13550.2788
layer_8,12426.8331
layer_8,15059.2798
layer_8,15670.4587
layer_8,15826.2926
layer_8,15467.982
layer_8,14819.6515
layer_8,13708.8884
layer_8,13578.232
layer_8,13578.0051
layer_8,11690.2112
layer_8,11691.7322
layer_8,13402.0624
layer_8,12785.0548
layer_8,16260.4323
layer_8,5406.053
layer_8,15507.7744
layer_8,16448.2981
layer_8,15508.0112
layer_8,16944.9735
layer_8,14817.6705
layer_8,14819.4093
layer_8,12503.9772
layer_8,8430.2305
layer_8,3079.2342
layer_8,4650.0081
layer_8,13585.4813
layer_8,10203.6842
layer_8,6861.519
layer_8,12630.0718
layer_8,13525.8073
layer_8,14013.3547
layer_8,15831.227
layer_8,12952.899
layer_8,11364.5003
layer_8,13339.2324
layer_8,2613.4887
layer_8,2613.4344
layer_8,11014.9374
layer_8,3410.3355
layer_8,3410.4083
layer_8,16420.1935
layer_8,8369.6595
layer_8,15837.1717
layer_8,15472.825
layer_8,4796.6902
layer_8,2989.8726
layer_8,4619.7006
layer_8,14778.8083
layer_8,8088.1878
layer_8,7992.711
layer_8,5707.8272
layer_8,7560.5647
layer_8,6525.4454
layer_8,1488.3248
layer_8,2647.6256
layer_8,16303.1683
layer_8,16941.9639
layer_8,16482.763
layer_8,16523.3856
layer_8,16412.4331
layer_8,16224.0061
layer_8,16048.4755
layer_8,16045.1026
layer_8,15481.0598
layer_8,15480.3772
layer_8,15855.5689
layer_8,15455.9366
layer_8,15827.627
layer_8,15733.221
layer_8,16199.4376
layer_8,16106.5303
layer_8,15491.2392
layer_8,15870.5204
layer_8,9111.2724
layer_8,12672.7934
layer_8,15150.7833
layer_8,15079.2678
layer_8,12621.9893
layer_8,15902.6707
layer_8,9075.8529
layer_8,9156.8874
layer_8,14867.6596
layer_8,14850.4542
layer_8,14801.1813
layer_8,13069.0
layer_8,12337.1022
layer_8,12337.6622
layer_8,14661.5531
layer_8,14981.8071
layer_8,14981.8359
layer_8,14307.2449
layer_8,12706.6641
layer_8,14715.7873
layer_8,16450.2762
layer_8,16448.7658
layer_8,15749.8434
layer_8,15748.3953
layer_8,15182.515
layer_8,16032.4366
layer_8,6335.0505
layer_8,15744.7273
layer_8,14013.2448
layer_8,14013.7844
layer_8,14396.5351
layer_8,14394.5347
layer_8,14293.4683
layer_8,14294.1364
layer_8,13871.1807
layer_8,13871.6007
layer_8,10980.0262
layer_8,8074.3783
layer_8,7740.8185
layer_8,9622.0234
layer_8,14610.9245
layer_8,14611.3146
layer_8,13340.7251
layer_8,1739.9684
layer_8,4110.8791
layer_8,449.9395
layer_8,16066.467
layer_8,16314.9016
layer_8,16331.0565
layer_8,16112.2689
layer_8,16495.7424
layer_8,15449.5328
layer_8,15737.3591
layer_8,16071.2923
layer_8,15216.1699
layer_8,15546.8636
layer_8,15909.2296
layer_8,14723.2564
layer_8,14313.9859
layer_8,14715.2424
layer_8,14456.7322
layer_8,14793.7287
layer_8,14410.3928
layer_8,14655.4113
layer_8,14654.8689
layer_8,14675.6633
layer_8,14365.6465
layer_8,14864.9039
layer_8,14864.2334
layer_8,14541.3517
layer_8,14538.8555
layer_8,14540.6298
layer_8,12808.4916
layer_8,12890.8101
layer_8,12733.6177
layer_8,12732.3735
layer_8,12888.0637
layer_8,13550.1846
layer_8,12980.0249
layer_8,12285.8832
layer_8,12284.3705
layer_8,13348.5111
layer_8,13347.9591
layer_8,12438.9518
layer_8,12445.7084
layer_8,13533.1756
layer_8,13533.1968
layer_8,12484.5065
layer_8,12679.5329
layer_8,13582.1714
layer_8,11468.2858
layer_8,12611.5144
layer_8,11755.6381
layer_8,11754.6533
layer_8,11757.4106
layer_8,13751.87
layer_8,11731.6284
layer_8,11730.6633
layer_8,13369.6723
layer_8,13370.1463
layer_8,13131.8298
layer_8,13132.2685
layer_8,13186.4923
layer_8,13211.8803
layer_8,13444.0778
layer_8,13530.115
layer_8,11604.1046
layer_8,1418.8497
layer_8,829.7864
layer_8,13014.2221
layer_8,15880.3555
layer_8,16926.4498
layer_8,15790.4969
layer_8,15722.5296
layer_8,15218.7741
layer_8,14406.0877
layer_8,14405.6402
layer_8,14709.9559
layer_8,14777.154
layer_8,14776.8512
layer_8,16477.6472
layer_8,14357.665
layer_8,11223.8733
layer_8,11222.8671
layer_8,10903.6342
layer_8,10904.1394
layer_8,10894.8951
layer_8,14075.7202
layer_8,11202.2449
layer_8,15576.8189
layer_8,15576.8189
layer_8,15450.2951
layer_8,15450.1681
layer_8,15568.3765
layer_8,12911.573
layer_8,13755.6633
layer_8,12808.424
layer_8,15091.3884
layer_8,12732.12
layer_8,13390.1325
layer_8,10862.4968
layer_8,10861.1687
layer_8,3253.5001
layer_8,10142.6676
layer_8,12678.953
layer_8,12621.8586
layer_8,13593.7414
layer_8,13106.2783
layer_8,11406.239
layer_8,8794.9647
layer_8,8964.5646
layer_8,8673.6691
layer_8,12495.6591
layer_8,8923.5279
layer_8,13070.4542
layer_8,13070.9893
layer_8,12408.4733
layer_8,11804.7628
layer_8,11762.3155
layer_8,11760.5585
layer_8,12705.2903
layer_8,12706.3725
layer_8,16514.9394
layer_8,16514.8255
layer_8,15874.7288
layer_8,11637.8397
layer_8,11638.1857
layer_8,11468.0502
layer_8,16193.1728
layer_8,16781.1363
layer_8,13454.7135
layer_8,598.186
layer_8,849.4217
layer_8,2439.0603
layer_8,16108.7723
layer_8,16484.6224
layer_8,16483.1273
layer_8,15730.3246
layer_8,15731.3446
layer_8,16517.084
layer_8,16198.3301
layer_8,17111.3395
layer_8,15472.9522
layer_8,16495.1517
layer_8,16494.7893
layer_8,15822.2471
layer_8,16446.4306
layer_8,15794.3386
layer_8,16210.1685
layer_8,14896.9755
layer_8,15105.8245
layer_8,15512.0909
layer_8,16069.6945
layer_8,15424.2831
layer_8,16508.6065
layer_8,15837.3701
layer_8,15839.3981
layer_8,15519.4919
layer_8,14784.9911
layer_8,14923.6121
layer_8,15819.361
layer_8,15516.9316
layer_8,15517.5701
layer_8,16598.794
layer_8,15652.0556
layer_8,12773.4365
layer_8,16925.4321
layer_8,15522.1858
layer_8,15146.9003
layer_8,16114.5282
layer_8,16110.2919
layer_8,15081.556
layer_8,15650.366
layer_8,15650.7533
layer_8,15925.4755
layer_8,15946.0296
layer_8,15651.5398
layer_8,15648.9175
layer_8,15653.5595
layer_8,14727.951
layer_8,15206.9871
layer_8,15207.3003
layer_8,13952.8023
layer_8,14642.5953
layer_8,14642.2944
layer_8,14811.0376
layer_8,14523.7429
layer_8,13220.6772
layer_8,13342.2066
layer_8,15127.1206
layer_8,14068.7912
layer_8,14450.8931
layer_8,13313.7232
layer_8,15873.1887
layer_8,14640.834
layer_8,1444.057
layer_8,1455.2408
layer_8,754.403
layer_8,15893.8077
layer_8,16816.6848
layer_8,16510.6836
layer_8,16242.2354
layer_8,16116.5919
layer_8,16157.5446
layer_8,16521.7495
layer_8,16794.1213
layer_8,16494.703
layer_8,15462.2513
layer_8,17354.7706
layer_8,15870.3936
layer_8,16651.361
layer_8,15273.9911
layer_8,15275.2507
layer_8,15574.3491
layer_8,15677.9416
layer_8,13446.8093
layer_8,13445.8491
layer_8,15559.6066
layer_8,15571.8624
layer_8,15571.346
layer_8,15508.9152
layer_8,15510.5119
layer_8,15734.1095
layer_8,15145.6813
layer_8,13427.9379
layer_8,13426.8304
layer_8,15061.1291
layer_8,15063.0812
layer_8,14834.7071
layer_8,15150.683
layer_8,16076.1013
layer_8,14999.3799
layer_8,13963.0326
layer_8,13963.8822
layer_8,15122.2865
layer_8,12780.0742
layer_8,14804.323
layer_8,12882.4809
layer_8,14960.4241
layer_8,14958.0616
layer_8,14762.6042
layer_8,12472.1465
layer_8,12729.4092
layer_8,14959.9974
layer_8,12516.9105
layer_8,14854.0523
layer_8,14854.951
layer_8,14509.1163
layer_8,12497.2265
layer_8,15112.9368
layer_8,12707.3391
layer_8,12715.7393
layer_8,12716.0215
layer_8,14450.5417
layer_8,14590.6934
layer_8,14603.4408
layer_8,11098.8513
layer_8,11111.2793
layer_8,11111.8014
layer_8,10852.8098
layer_8,3733.2764
layer_8,414.255
layer_8,16244.4173
layer_8,17229.5929
layer_8,17227.4706
layer_8,17152.7913
layer_8,16794.0238
layer_8,15802.9564
layer_8,17354.3881
layer_8,15738.7411
layer_8,15818.3412
layer_8,15249.2053
layer_8,15248.0957
layer_8,15111.7195
layer_8,14930.2395
layer_8,14976.3579
layer_8,14803.3918
layer_8,15710.6474
layer_8,14746.0485
layer_8,14745.0323
layer_8,12465.9165
layer_8,12465.9765
layer_8,14879.1911
layer_8,14879.6866
layer_8,14668.3087
layer_8,14497.2732
layer_8,14481.1896
layer_8,12414.6834
layer_8,13555.9008
layer_8,13556.5641
layer_8,14362.8463
layer_8,13501.4147
layer_8,13961.7068
layer_8,13577.6232
layer_8,13575.3059
layer_8,14067.9377
layer_8,14046.7248
layer_8,12892.1609
layer_8,14993.4893
layer_8,14996.0926
layer_8,12542.3115
layer_8,12544.7177
layer_8,13979.3537
layer_8,13983.3796
layer_8,13522.9801
layer_8,13521.3674
layer_8,12975.9672
layer_8,12897.6401
layer_8,12209.5676
layer_8,12788.1539
layer_8,12789.574
layer_8,12694.9563
layer_8,12681.0626
layer_8,13264.4893
layer_8,12976.2551
layer_8,12438.5545
layer_8,13414.2476
layer_8,12742.5202
layer_8,13464.7104
layer_8,13465.3496
layer_8,12785.409
layer_8,12785.5156
layer_8,13466.3091
layer_8,2568.4747
layer_8,955.3695
layer_8,5049.6227
layer_8,16676.4624
layer_8,17122.7596
layer_8,17371.507
layer_8,15874.778
layer_8,15716.7506
layer_8,15811.9712
layer_8,15441.5255
layer_8,14847.2917
layer_8,15113.1686
layer_8,15040.8802
layer_8,14818.4696
layer_8,14835.2478
layer_8,13981.5101
layer_8,14749.0492
layer_8,13644.6619
layer_8,13643.8665
layer_8,14670.2188
layer_8,13576.6933
layer_8,13577.4169
layer_8,12792.7584
layer_8,13371.9432
layer_8,13530.1575
layer_8,13530.4665
layer_8,13407.705
layer_8,12973.4045
layer_8,12895.9641
layer_8,12896.3233
layer_8,12643.7222
layer_8,13236.6941
layer_8,13499.478
layer_8,13748.2635
layer_8,12414.2951
layer_8,12689.3368
layer_8,12684.5068
layer_8,12778.6019
layer_8,12203.6281
layer_8,12781.1004
layer_8,10961.522
layer_8,11600.8986
layer_8,13450.5968
layer_8,12740.0144
layer_8,12785.4415
layer_8,11860.7091
layer_8,13084.903
layer_8,13092.4794
layer_8,12544.5705
layer_8,12541.6818
layer_8,12540.6763
layer_8,11682.147
layer_8,11681.1687
layer_8,13414.3529
layer_8,13384.8083
layer_8,11669.145
layer_8,11670.0228
layer_8,11748.2551
layer_8,12889.4273
layer_8,11729.6523
layer_8,11730.2972
layer_8,12437.2534
layer_8,13246.7804
layer_8,11007.6711
layer_8,5901.2038
layer_8,15382.1332
layer_8,16503.5718
layer_8,15729.3067
layer_8,14926.8239
layer_8,14959.0301
layer_8,14747.6119
layer_8,16034.5069
layer_8,16237.8128
layer_8,16240.2433
layer_8,16197.1856
layer_8,16199.0486
layer_8,13404.1835
layer_8,15067.2911
layer_8,16657.5028
layer_8,16862.8759
layer_8,16240.7404
layer_8,16143.236
layer_8,14482.7404
layer_8,12868.2477
layer_8,12170.9768
layer_8,16940.3236
layer_8,16940.1779
layer_8,13379.1878
layer_8,13424.6252
layer_8,14548.5963
layer_8,12643.7238
layer_8,12727.9988
layer_8,16507.4179
layer_8,16508.9756
layer_8,12778.8896
layer_8,12778.4685
layer_8,12782.8965
layer_8,12520.0047
layer_8,11157.5667
layer_8,12977.4439
layer_8,12976.7498
layer_8,10667.5381
layer_8,11530.3867
layer_8,12299.0203
layer_8,15572.5355
layer_8,13262.5984
layer_8,5646.3264
layer_8,5570.4979
layer_8,11746.6497
layer_8,15811.1046
layer_8,15786.8465
layer_8,10468.4841
layer_8,16437.5633
layer_8,16462.2801
layer_8,12113.0485
layer_8,12111.6291
layer_8,12108.3706
layer_8,15561.3384
layer_8,12771.2117
layer_8,11880.2042
layer_8,11427.0742
layer_8,12538.9624
layer_8,13812.8028
layer_8,12387.0331
layer_8,12551.9519
layer_8,13418.8367
layer_8,133.7136
layer_8,1457.1076
layer_8,3379.7703
layer_8,15910.7755
layer_8,16929.6175
layer_8,16470.5144
layer_8,16240.8235
layer_8,16404.6902
layer_8,16406.7277
layer_8,16305.166
layer_8,16304.8205
layer_8,16034.5891
layer_8,15484.7582
layer_8,15485.5515
layer_8,15522.1608
layer_8,16211.498
layer_8,14240.0832
layer_8,15831.2293
layer_8,15150.9022
layer_8,15151.7568
layer_8,15066.1964
layer_8,15520.8436
layer_8,14581.1714
layer_8,15865.5535
layer_8,15866.074
layer_8,14059.4702
layer_8,14793.4311
layer_8,14944.4982
layer_8,15554.71
layer_8,14911.6466
layer_8,15872.808
layer_8,15873.9301
layer_8,15370.5177
layer_8,14832.2083
layer_8,14863.3253
layer_8,12433.1165
layer_8,12397.0987
layer_8,16060.0523
layer_8,14342.9892
layer_8,14753.5829
layer_8,16112.3997
layer_8,14586.9117
layer_8,14626.8008
layer_8,12380.9046
layer_8,11290.4882
layer_8,14423.0495
layer_8,14396.1156
layer_8,13226.9793
layer_8,14778.5839
layer_8,12213.4304
layer_8,12201.8043
layer_8,15207.4315
layer_8,14329.3222
layer_8,12197.078
layer_8,13985.5029
layer_8,12403.0502
layer_8,13780.4519
layer_8,12654.1059
layer_8,13266.7447
layer_8,12620.5459
layer_8,13664.0329
layer_8,13407.4396
layer_8,13234.0872
layer_8,13233.3252
layer_8,1412.1473
layer_8,453.4709
layer_8,15439.4308
layer_8,16191.5419
layer_8,16318.1258
layer_8,15828.1607
layer_8,16142.9717
layer_8,15518.8584
layer_8,15511.8467
layer_8,16282.7379
layer_8,15600.7228
layer_8,15742.4369
layer_8,15573.7991
layer_8,15074.8869
layer_8,15250.6871
layer_8,15250.1368
layer_8,15124.8052
layer_8,15125.5285
layer_8,14866.9185
layer_8,13691.2555
layer_8,13693.2417
layer_8,13692.1347
layer_8,14333.2992
layer_8,14911.0633
layer_8,9105.1928
layer_8,9105.6707
layer_8,14240.7359
layer_8,14115.5934
layer_8,14627.6698
layer_8,14627.3083
layer_8,14582.2271
layer_8,14573.4133
layer_8,9948.7609
layer_8,14080.4824
layer_8,8870.9655
layer_8,14314.1048
layer_8,12925.9292
layer_8,14599.3846
layer_8,14067.5789
layer_8,12835.5084
layer_8,13518.7204
layer_8,12928.2694
layer_8,12631.8457
layer_8,13616.746
layer_8,13692.0274
layer_8,13445.9669
layer_8,13444.5602
layer_8,16228.9869
layer_8,13443.7216
layer_8,13443.098
layer_8,13260.0119
layer_8,13171.2722
layer_8,12771.7123
layer_8,13513.2208
layer_8,11243.9737
layer_8,12871.66
layer_8,13556.9035
layer_8,13551.7387
layer_8,12384.4002
layer_8,13450.9302
layer_8,13394.331
layer_8,12648.0991
layer_8,12656.4199
layer_8,1526.1934
layer_8,4824.33
layer_8,2556.0622
layer_8,14513.4293
layer_8,16298.4025
layer_8,16277.941
layer_8,15811.74
layer_8,16209.642
layer_8,16231.5379
layer_8,16198.9429
layer_8,16065.1241
layer_8,15556.1081
layer_8,16528.4965
layer_8,14331.5667
layer_8,14863.6421
layer_8,14982.4325
layer_8,14911.1814
layer_8,14616.4165
layer_8,14986.9689
layer_8,14328.3443
layer_8,15126.7997
layer_8,15701.7872
layer_8,14088.7137
layer_8,12923.0575
layer_8,13519.598
layer_8,16507.1665
layer_8,13917.4911
layer_8,13872.8352
layer_8,17024.007
layer_8,13474.9087
layer_8,13282.6438
layer_8,18110.4852
layer_8,12755.4135
layer_8,13231.5405
layer_8,12625.2066
layer_8,12626.3542
layer_8,16144.683
layer_8,16146.0885
layer_8,13410.9506
layer_8,12530.7241
layer_8,12530.1398
layer_8,12179.7688
layer_8,12397.2342
layer_8,16321.6275
layer_8,12649.4811
layer_8,13180.761
layer_8,13180.9602
layer_8,16521.9722
layer_8,12906.222
layer_8,11823.31
layer_8,12338.3233
layer_8,12322.1972
layer_8,16597.8206
layer_8,12853.8312
layer_8,16410.3539
layer_8,16413.6912
layer_8,16748.2973
layer_8,12056.6079
layer_8,15796.4764
layer_8,16444.9877
layer_8,15471.9993
layer_8,12381.1849
layer_8,17294.5066
layer_8,11649.5138
layer_8,1128.0382
layer_8,3711.4946
layer_8,1362.8899
layer_8,16075.1081
layer_8,17270.25
layer_8,17179.665
layer_8,18114.7317
layer_8,17352.962
layer_8,16832.2061
layer_8,15720.1137
layer_8,16645.5431
layer_8,16418.1869
layer_8,16510.231
layer_8,15063.8173
layer_8,15942.6633
layer_8,14903.0183
layer_8,15113.405
layer_8,15006.5331
layer_8,16528.1385
layer_8,16521.2375
layer_8,16118.8786
layer_8,16116.5919
layer_8,15778.3004
layer_8,15573.1535
layer_8,15600.1879
layer_8,15599.1722
layer_8,16200.6292
layer_8,16449.2052
layer_8,16503.8502
layer_8,16662.741
layer_8,16635.0026
layer_8,11167.5316
layer_8,11167.0756
layer_8,15712.5515
layer_8,16201.7347
layer_8,15481.1973
layer_8,15480.329
layer_8,15662.9953
layer_8,14916.5109
layer_8,15791.4247
layer_8,16523.6871
layer_8,15447.4594
layer_8,15466.7559
layer_8,17110.035
layer_8,15225.27
layer_8,15225.8791
layer_8,15024.0637
layer_8,13929.6828
layer_8,13928.6521
layer_8,13929.3346
layer_8,15818.1945
layer_8,14121.9985
layer_8,14939.8852
layer_8,13664.3925
layer_8,13664.829
layer_8,15200.904
layer_8,15199.3334
layer_8,14810.6419
layer_8,14915.6358
layer_8,14916.9784
layer_8,14258.9519
layer_8,15927.239
layer_8,15927.6627
layer_8,14793.572
layer_8,2606.0526
layer_8,1788.8477
layer_8,1732.3784
layer_8,12672.1769
layer_8,13607.5892
layer_8,13523.1024
layer_8,13525.2683
layer_8,17165.2496
layer_8,17356.7623
layer_8,16652.9335
layer_8,16653.2589
layer_8,16494.6494
layer_8,17352.5312
layer_8,16544.7157
layer_8,16610.4997
layer_8,16985.2516
layer_8,16799.2185
layer_8,15875.3501
layer_8,15874.4445
layer_8,16557.4666
layer_8,16521.5734
layer_8,16522.8345
layer_8,17127.3706
layer_8,15826.1719
layer_8,16493.4309
layer_8,15571.1444
layer_8,15901.1856
layer_8,16497.5318
layer_8,16496.5192
layer_8,15715.2706
layer_8,15543.8308
layer_8,15866.7999
layer_8,15932.9506
layer_8,16826.5246
layer_8,16126.3889
layer_8,16328.7604
layer_8,16702.6506
layer_8,16690.1534
layer_8,15467.4719
layer_8,15466.9863
layer_8,16178.5699
layer_8,467.7679
layer_8,1751.6389
layer_9,1626.5136
layer_9,542.7272
layer_9,218.0909
layer_9,2539.8148
layer_9,313.8646
layer_9,491.8581
layer_9,832.7247
layer_9,838.9307
layer_9,1410.7594
layer_9,494.9061
layer_9,1432.3391
layer_9,1313.0152
layer_9,1102.1699
layer_9,808.757
layer_9,1435.812
layer_9,442.2866
layer_9,1325.2776
layer_9,605.1668
layer_9,1341.3745
layer_9,742.2504
layer_9,2513.0401
layer_9,688.2654
layer_9,522.0971
layer_9,1304.2426
layer_9,422.671
layer_9,530.3121
layer_9,1628.1811
layer_9,1452.6962
layer_9,1610.9244
layer_9,1634.4991
layer_9,1834.7793
layer_9,2945.1152
layer_9,302.1676
layer_9,2622.3848
layer_9,907.2653
layer_9,1508.6615
layer_9,1333.5727
layer_9,1233.4269
layer_9,1858.5497
layer_9,1391.1162
layer_9,365.6339
layer_9,1233.0398
layer_9,940.72
layer_9,385.501
layer_9,1548.1842
layer_9,1545.4996
layer_9,4106.4824
layer_9,309.8885
layer_9,2338.4831
layer_9,2832.7642
layer_9,1069.0388
layer_9,206.7955
layer_9,222.3354
layer_9,1460.7401
layer_9,751.4944
layer_9,370.0229
layer_9,786.8216
layer_9,1091.7364
layer_9,511.309
layer_9,712.7768
layer_9,299.7214
layer_9,5940.7535
layer_9,429.7427
layer_9,1052.836
layer_9,318.4563
layer_9,974.6641
layer_9,437.5245
layer_9,612.0175
layer_9,2019.5654
layer_9,1034.2576
layer_9,196.3259
layer_9,605.5798
layer_9,1924.7531
layer_9,915.5884
layer_9,374.027
layer_9,708.683
layer_9,2279.9057
layer_9,381.1528
layer_9,188.4861
layer_9,269.9176
layer_9,364.6572
layer_9,2744.4421
layer_9,1758.6329
layer_9,1139.1043
layer_9,1629.3514
layer_9,670.2676
layer_9,305.9767
layer_9,2461.6118
layer_9,1012.8069
layer_9,509.6508
layer_9,692.2499
layer_9,1531.1564
layer_9,266.0101
layer_9,604.6419
layer_9,2511.2522
layer_9,403.4099
layer_9,377.7353
layer_9,1407.7778
layer_9,1356.521
layer_9,669.1066
layer_9,4769.8516
layer_9,443.2102
layer_9,569.1905
layer_9,1076.8066
layer_9,1017.0677
layer_9,1511.5347
layer_9,1196.7747
layer_9,201.0836
layer_9,1733.7413
layer_9,761.2345
layer_9,1532.6817
layer_9,905.1984
layer_9,850.0016
layer_9,1845.125
layer_9,758.4008
layer_9,785.6972
layer_9,1650.7673
layer_9,1566.5453
layer_9,1484.9229
layer_9,425.5716
layer_9,5166.9859
layer_9,5924.3588
layer_9,5911.0422
layer_9,5529.8368
layer_9,5530.8649
layer_9,5530.0832
layer_9,5910.4216
layer_9,4778.5187
layer_9,5753.2246
layer_9,4968.956
layer_9,5579.3066
layer_9,5256.286
layer_9,4538.1288
layer_9,4778.8745
layer_9,4296.0326
layer_9,5755.8969
layer_9,5532.204
layer_9,5532.2468
layer_9,5914.3169
layer_9,6258.01
layer_9,6258.357
layer_9,4788.7182
layer_9,4789.0087
layer_9,5257.0511
layer_9,4102.1994
layer_9,5551.5279
layer_9,5516.4637
layer_9,6260.4257
layer_9,5521.0901
layer_9,4056.0424
layer_9,5469.0313
layer_9,5597.1606
layer_9,5597.2045
layer_9,5714.7312
layer_9,3665.1065
layer_9,5052.2871
layer_9,3665.4282
layer_9,2188.79
layer_9,367.562
layer_9,258.3381
