2025-10-07 10:07:27 [INFO] [task_scheduler.cc:160] Initializing Task #0: "main"
2025-10-07 10:07:27 [INFO] [task_scheduler.cc:35] 
# from tvm.script import ir as I
# from tvm.script import tir as T

@I.ir_module
class Module:
    @T.prim_func
    def main(A: T.Buffer((1, 128, 28, 28), "float16"), W: T.Buffer((256, 128, 3, 3), "float16"), conv2d_nchw: T.Buffer((1, 256, 14, 14), "float16")):
        T.func_attr({"tir.noalias": T.bool(True)})
        # with T.block("root"):
        pad_temp = T.alloc_buffer((1, 128, 30, 30), "float16")
        for i0, i1, i2, i3 in T.grid(1, 128, 30, 30):
            with T.block("pad_temp"):
                v_i0, v_i1, v_i2, v_i3 = T.axis.remap("SSSS", [i0, i1, i2, i3])
                T.reads(A[v_i0, v_i1, v_i2 - 1, v_i3 - 1])
                T.writes(pad_temp[v_i0, v_i1, v_i2, v_i3])
                pad_temp[v_i0, v_i1, v_i2, v_i3] = T.if_then_else(1 <= v_i2 and v_i2 < 29 and 1 <= v_i3 and v_i3 < 29, A[v_i0, v_i1, v_i2 - 1, v_i3 - 1], T.float16(0.0))
        for nn, ff, yy, xx, rc, ry, rx in T.grid(1, 256, 14, 14, 128, 3, 3):
            with T.block("conv2d_nchw"):
                v_nn, v_ff, v_yy, v_xx, v_rc, v_ry, v_rx = T.axis.remap("SSSSRRR", [nn, ff, yy, xx, rc, ry, rx])
                T.reads(pad_temp[v_nn, v_rc, v_yy * 2 + v_ry, v_xx * 2 + v_rx], W[v_ff, v_rc, v_ry, v_rx])
                T.writes(conv2d_nchw[v_nn, v_ff, v_yy, v_xx])
                with T.init():
                    conv2d_nchw[v_nn, v_ff, v_yy, v_xx] = T.float16(0.0)
                conv2d_nchw[v_nn, v_ff, v_yy, v_xx] = conv2d_nchw[v_nn, v_ff, v_yy, v_xx] + pad_temp[v_nn, v_rc, v_yy * 2 + v_ry, v_xx * 2 + v_rx] * W[v_ff, v_rc, v_ry, v_rx]
2025-10-07 10:07:27 [INFO] [multi_level_tiling_tensor_core.cc:237] Sketch 0: tensorizing with wmma_sync_16x16x16_f16f16f16_trans
2025-10-07 10:07:27 [INFO] [multi_level_tiling_tensor_core.cc:237] Sketch 1: tensorizing with wmma_sync_16x16x16_f16f16f16
2025-10-07 10:07:27 [INFO] [task_scheduler.cc:164] Total 2 design space(s) generated
2025-10-07 10:07:27 [INFO] [task_scheduler.cc:170] Design space #0:
# from tvm.script import ir as I
# from tvm.script import tir as T

@I.ir_module
class Module:
    @T.prim_func
    def main(A: T.Buffer((1, 128, 28, 28), "float16"), W: T.Buffer((256, 128, 3, 3), "float16"), conv2d_nchw: T.Buffer((1, 256, 14, 14), "float16")):
        T.func_attr({"tir.noalias": T.bool(True)})
        with T.block("root"):
            T.reads()
            T.writes()
            T.block_attr({"meta_schedule.unroll_explicit": 512})
            conv2d_nchw_reindex_pad_shared_dyn = T.alloc_buffer((13, 4, 1, 4, 16, 16), "float16", scope="shared.dyn")
            conv2d_nchw_reindex_pad_shared_dyn_wmma_accumulator = T.alloc_buffer((13, 4, 1, 4, 16, 16), "float16", scope="wmma.accumulator")
            pad_temp_reindex_pad_shared_dyn = T.alloc_buffer((208, 1152), "float16", scope="shared.dyn")
            W_reindex_shared_dyn = T.alloc_buffer((256, 1152), "float16", scope="shared.dyn")
            pad_temp_reindex_pad_shared_dyn_wmma_matrix_a = T.alloc_buffer((208, 1152), "float16", scope="wmma.matrix_a")
            W_reindex_shared_dyn_wmma_matrix_b = T.alloc_buffer((256, 1152), "float16", scope="wmma.matrix_b")
            for ax0_0_0_ax1_0_0_fused in T.thread_binding(1, thread="blockIdx.y"):
                for ax0_0_1_ax1_0_1_fused in T.thread_binding(13, thread="blockIdx.x"):
                    for ax0_0_2_ax1_0_2_fused in T.thread_binding(4, thread="threadIdx.y"):
                        for ax2_0_0 in range(24):
                            for ax0_ax1_fused in range(768):
                                with T.block("pad_temp_reindex_pad_shared.dyn"):
                                    v0 = T.axis.spatial(208, ax0_0_1_ax1_0_1_fused * 16 + ax0_ax1_fused // 48)
                                    v1 = T.axis.spatial(1152, ax2_0_0 * 48 + ax0_ax1_fused % 48)
                                    T.reads(A[0, v1 // 9, v0 // 14 * 2 + v1 % 9 // 3 - 1, v0 % 14 * 2 + v1 % 3 - 1])
                                    T.writes(pad_temp_reindex_pad_shared_dyn[v0, v1])
                                    T.block_attr({"buffer_dim_align": [[0, 0, 32, 8]], "meta_schedule.cooperative_fetch": 4})
                                    pad_temp_reindex_pad_shared_dyn[v0, v1] = T.if_then_else(v0 < 196, T.if_then_else(1 <= v0 // 14 * 2 + v1 % 9 // 3 and v0 // 14 * 2 + v1 % 9 // 3 < 29 and 1 <= v0 % 14 * 2 + v1 % 3 and v0 % 14 * 2 + v1 % 3 < 29, A[0, v1 // 9, v0 // 14 * 2 + v1 % 9 // 3 - 1, v0 % 14 * 2 + v1 % 3 - 1], T.float16(0.0)), T.float16(0.0))
                            for ax0_ax1_fused in range(12288):
                                with T.block("W_reindex_shared.dyn"):
                                    v0 = T.axis.spatial(256, ax0_ax1_fused // 48)
                                    v1 = T.axis.spatial(1152, ax2_0_0 * 48 + ax0_ax1_fused % 48)
                                    T.reads(W[v0, v1 // 9, v1 % 9 // 3, v1 % 3])
                                    T.writes(W_reindex_shared_dyn[v0, v1])
                                    T.block_attr({"buffer_dim_align": [[0, 0, 32, 8]], "meta_schedule.cooperative_fetch": 1})
                                    W_reindex_shared_dyn[v0, v1] = W[v0, v1 // 9, v1 % 9 // 3, v1 % 3]
                            for ax2_0_1 in range(1):
                                for ax0_0, ax1_0 in T.grid(1, 3):
                                    with T.block("pad_temp_reindex_pad_shared.dyn_wmma.matrix_a_o"):
                                        v0_o = T.axis.spatial(13, ax0_0_1_ax1_0_1_fused + ax0_0)
                                        v1_o = T.axis.spatial(72, ax2_0_0 * 3 + ax1_0)
                                        T.reads(pad_temp_reindex_pad_shared_dyn[v0_o * 16:v0_o * 16 + 16, v1_o * 16:v1_o * 16 + 16])
                                        T.writes(pad_temp_reindex_pad_shared_dyn_wmma_matrix_a[v0_o * 16:v0_o * 16 + 16, v1_o * 16:v1_o * 16 + 16])
                                        T.block_attr({"meta_schedule.auto_tensorize": "wmma_load_16x16x16_f16_a_shared_dyn"})
                                        for ax0_1, ax1_1 in T.grid(16, 16):
                                            with T.block("pad_temp_reindex_pad_shared.dyn_wmma.matrix_a"):
                                                v0_i, v1_i = T.axis.remap("SS", [ax0_1, ax1_1])
                                                T.reads(pad_temp_reindex_pad_shared_dyn[v0_o * 16 + v0_i, v1_o * 16 + v1_i])
                                                T.writes(pad_temp_reindex_pad_shared_dyn_wmma_matrix_a[v0_o * 16 + v0_i, v1_o * 16 + v1_i])
                                                pad_temp_reindex_pad_shared_dyn_wmma_matrix_a[v0_o * 16 + v0_i, v1_o * 16 + v1_i] = pad_temp_reindex_pad_shared_dyn[v0_o * 16 + v0_i, v1_o * 16 + v1_i]
                                for ax0_0, ax1_0 in T.grid(4, 3):
                                    with T.block("W_reindex_shared.dyn_wmma.matrix_b_o"):
                                        v0_o = T.axis.spatial(16, ax0_0_2_ax1_0_2_fused * 4 + ax0_0)
                                        v1_o = T.axis.spatial(72, ax2_0_0 * 3 + ax1_0)
                                        T.reads(W_reindex_shared_dyn[v0_o * 16:v0_o * 16 + 16, v1_o * 16:v1_o * 16 + 16])
                                        T.writes(W_reindex_shared_dyn_wmma_matrix_b[v0_o * 16:v0_o * 16 + 16, v1_o * 16:v1_o * 16 + 16])
                                        T.block_attr({"meta_schedule.auto_tensorize": "wmma_load_16x16x16_f16_b_trans_shared_dyn"})
                                        for ax0_1, ax1_1 in T.grid(16, 16):
                                            with T.block("W_reindex_shared.dyn_wmma.matrix_b"):
                                                v0_i, v1_i = T.axis.remap("SS", [ax0_1, ax1_1])
                                                T.reads(W_reindex_shared_dyn[v0_o * 16 + v0_i, v1_o * 16 + v1_i])
                                                T.writes(W_reindex_shared_dyn_wmma_matrix_b[v0_o * 16 + v0_i, v1_o * 16 + v1_i])
                                                W_reindex_shared_dyn_wmma_matrix_b[v0_o * 16 + v0_i, v1_o * 16 + v1_i] = W_reindex_shared_dyn[v0_o * 16 + v0_i, v1_o * 16 + v1_i]
                                for ax0_0_3, ax1_0_3, ax2_0_2, ax0_0_4, ax1_0_4 in T.grid(1, 4, 3, 1, 1):
                                    with T.block("conv2d_nchw_o"):
                                        v0_o = T.axis.spatial(13, ax0_0_1_ax1_0_1_fused + ax0_0_3 + ax0_0_4)
                                        v1_o = T.axis.spatial(16, ax0_0_2_ax1_0_2_fused * 4 + ax1_0_3 + ax1_0_4)
                                        v2_o = T.axis.reduce(72, ax2_0_0 * 3 + ax2_0_1 * 3 + ax2_0_2)
                                        T.reads(pad_temp_reindex_pad_shared_dyn_wmma_matrix_a[v0_o * 16:v0_o * 16 + 16, v2_o * 16:v2_o * 16 + 16], W_reindex_shared_dyn_wmma_matrix_b[v1_o * 16:v1_o * 16 + 16, v2_o * 16:v2_o * 16 + 16])
                                        T.writes(conv2d_nchw_reindex_pad_shared_dyn_wmma_accumulator[v0_o, v1_o // 4, 0, v1_o % 4, 0:16, 0:16])
                                        T.block_attr({"meta_schedule.auto_tensorize": "wmma_sync_16x16x16_f16f16f16_trans", "meta_schedule.auto_tensorize_init": "wmma_fill_16x16x16_f16", "meta_schedule.thread_extent_high_inclusive": 1024, "meta_schedule.thread_extent_low_inclusive": 32, "warp_execution": 1})
                                        with T.init():
                                            for ax0_1, ax1_1 in T.grid(16, 16):
                                                with T.block("conv2d_nchw_init"):
                                                    v0_i_init, v1_i_init = T.axis.remap("SS", [ax0_1, ax1_1])
                                                    T.reads()
                                                    T.writes(conv2d_nchw_reindex_pad_shared_dyn_wmma_accumulator[v0_o, v1_o // 4, 0, v1_o % 4, v0_i_init, v1_i_init])
                                                    conv2d_nchw_reindex_pad_shared_dyn_wmma_accumulator[v0_o, v1_o // 4, 0, v1_o % 4, v0_i_init, v1_i_init] = T.float16(0.0)
                                        for ax0_1, ax1_1, ax2_1 in T.grid(16, 16, 16):
                                            with T.block("conv2d_nchw"):
                                                v0_i, v1_i, v2_i = T.axis.remap("SSR", [ax0_1, ax1_1, ax2_1])
                                                T.reads(conv2d_nchw_reindex_pad_shared_dyn_wmma_accumulator[v0_o, v1_o // 4, 0, v1_o % 4, v0_i, v1_i], pad_temp_reindex_pad_shared_dyn_wmma_matrix_a[v0_o * 16 + v0_i, v2_o * 16 + v2_i], W_reindex_shared_dyn_wmma_matrix_b[v1_o * 16 + v1_i, v2_o * 16 + v2_i])
                                                T.writes(conv2d_nchw_reindex_pad_shared_dyn_wmma_accumulator[v0_o, v1_o // 4, 0, v1_o % 4, v0_i, v1_i])
                                                T.block_attr({"meta_schedule.tiling_structure": "SSSRRSRS"})
                                                conv2d_nchw_reindex_pad_shared_dyn_wmma_accumulator[v0_o, v1_o // 4, 0, v1_o % 4, v0_i, v1_i] = conv2d_nchw_reindex_pad_shared_dyn_wmma_accumulator[v0_o, v1_o // 4, 0, v1_o % 4, v0_i, v1_i] + pad_temp_reindex_pad_shared_dyn_wmma_matrix_a[v0_o * 16 + v0_i, v2_o * 16 + v2_i] * W_reindex_shared_dyn_wmma_matrix_b[v1_o * 16 + v1_i, v2_o * 16 + v2_i]
                    for ax2 in range(1):
                        for ax0_ax1_fused in T.thread_binding(4, thread="threadIdx.y"):
                            for ax2_1, ax3 in T.grid(1, 4):
                                with T.block("conv2d_nchw_reindex_pad_shared.dyn_wmma.accumulator_o"):
                                    v0_o, v1_o, v2_o, v3_o = T.axis.remap("SSSS", [ax0_0_1_ax1_0_1_fused, ax0_ax1_fused, ax2_1, ax3])
                                    v4_o = T.axis.spatial(1, 0)
                                    v5_o = T.axis.spatial(1, 0)
                                    T.reads(conv2d_nchw_reindex_pad_shared_dyn_wmma_accumulator[v0_o, v1_o, v2_o, v3_o, 0:16, 0:16])
                                    T.writes(conv2d_nchw_reindex_pad_shared_dyn[v0_o, v1_o, v2_o, v3_o, 0:16, 0:16])
                                    T.block_attr({"meta_schedule.auto_tensorize": "wmma_store_16x16x16_f16_shared_dyn"})
                                    for ax4, ax5 in T.grid(16, 16):
                                        with T.block("conv2d_nchw_reindex_pad_shared.dyn_wmma.accumulator"):
                                            v4_i, v5_i = T.axis.remap("SS", [ax4, ax5])
                                            T.reads(conv2d_nchw_reindex_pad_shared_dyn_wmma_accumulator[v0_o, v1_o, v2_o, v3_o, v4_i, v5_i])
                                            T.writes(conv2d_nchw_reindex_pad_shared_dyn[v0_o, v1_o, v2_o, v3_o, v4_i, v5_i])
                                            conv2d_nchw_reindex_pad_shared_dyn[v0_o, v1_o, v2_o, v3_o, v4_i, v5_i] = conv2d_nchw_reindex_pad_shared_dyn_wmma_accumulator[v0_o, v1_o, v2_o, v3_o, v4_i, v5_i]
                        for ax0_ax1_ax3_ax4_ax5_fused in range(4096):
                            with T.block("conv2d_nchw_reindex_pad_shared.dyn"):
                                v0 = T.axis.spatial(13, ax0_0_1_ax1_0_1_fused)
                                v1 = T.axis.spatial(4, ax0_ax1_ax3_ax4_ax5_fused // 1024)
                                v2 = T.axis.spatial(1, ax2)
                                v3 = T.axis.spatial(4, ax0_ax1_ax3_ax4_ax5_fused % 1024 // 256)
                                v4 = T.axis.spatial(16, ax0_ax1_ax3_ax4_ax5_fused % 256 // 16)
                                v5 = T.axis.spatial(16, ax0_ax1_ax3_ax4_ax5_fused % 16)
                                T.where(ax0_0_1_ax1_0_1_fused * 16 + T.Mul(0, 16) + ax0_ax1_ax3_ax4_ax5_fused % 256 // 16 < 196)
                                T.reads(conv2d_nchw_reindex_pad_shared_dyn[v0, v1, v2, v3, v4, v5])
                                T.writes(conv2d_nchw[0, v5 + v3 * 16 + v1 * 64, (v4 + v0 * 16) // 14, (v4 + v0 * 16) % 14])
                                T.block_attr({"meta_schedule.cooperative_fetch": 8})
                                conv2d_nchw[0, v5 + v3 * 16 + v1 * 64, (v4 + v0 * 16) // 14, (v4 + v0 * 16) % 14] = conv2d_nchw_reindex_pad_shared_dyn[v0, v1, v2, v3, v4, v5]
b0 = sch.get_block(name="pad_temp", func_name="main")
b1 = sch.get_block(name="conv2d_nchw", func_name="main")
b2 = sch.get_block(name="root", func_name="main")
sch.annotate(block_or_loop=b1, ann_key="meta_schedule.tiling_structure", ann_val="SSSRRSRS")
b3 = sch.reindex(block=b1, buffer=("write", 0))
b4 = sch.reindex(block=b1, buffer=("read", 0))
b5 = sch.reindex(block=b1, buffer=("read", 1))
sch.transform_layout(block=b1, buffer=("read", 0), index_map=lambda v_nn, v_yy, v_xx, v_rc, v_ry, v_rx: (v_nn * 196 + v_yy * 14 + v_xx, v_rc * 9 + v_ry * 3 + v_rx,), pad_value=None, assume_injective_transform=True)
sch.transform_layout(block=b1, buffer=("read", 1), index_map=lambda v_ff, v_rc, v_ry, v_rx: (v_ff, v_rc * 9 + v_ry * 3 + v_rx,), pad_value=None, assume_injective_transform=True)
sch.transform_layout(block=b1, buffer=("write", 0), index_map=lambda v_nn, v_ff, v_yy, v_xx: (v_nn * 196 + v_yy * 14 + v_xx, v_ff,), pad_value=None, assume_injective_transform=True)
sch.transform_block_layout(block=b3, index_map=lambda v_nn, v_ff, v_yy, v_xx: (v_nn * 196 + v_yy * 14 + v_xx, v_ff,))
sch.transform_block_layout(block=b4, index_map=lambda v_nn, v_yy, v_xx, v_rc, v_ry, v_rx: (v_nn * 196 + v_yy * 14 + v_xx, v_rc * 9 + v_ry * 3 + v_rx,))
sch.transform_block_layout(block=b5, index_map=lambda v_ff, v_rc, v_ry, v_rx: (v_ff, v_rc * 9 + v_ry * 3 + v_rx,))
sch.transform_block_layout(block=b1, index_map=lambda v_nn, v_ff, v_yy, v_xx, v_rc, v_ry, v_rx: (v_nn * 196 + v_yy * 14 + v_xx, v_ff, v_rc * 9 + v_ry * 3 + v_rx,))
sch.pad_einsum(block=b1, padding=[16, 1, 1])
b6, b7 = sch.get_producers(block=b1)
b8, = sch.get_producers(block=b6)
b9, = sch.get_consumers(block=b1)
sch.compute_inline(block=b8)
sch.compute_inline(block=b9)
l10, l11, l12 = sch.get_loops(block=b1)
l13, l14 = sch.split(loop=l12, factors=[None, 16], preserve_unit_iters=True, disable_predication=False)
l15, l16 = sch.split(loop=l11, factors=[None, 16], preserve_unit_iters=True, disable_predication=False)
l17, l18 = sch.split(loop=l10, factors=[None, 16], preserve_unit_iters=True, disable_predication=False)
l19, l20, l21, l22, l23, l24 = sch.get_loops(block=b1)
sch.reorder(l21, l23, l18, l16, l14)
b25 = sch.blockize(target=l18, preserve_unit_iters=True)
sch.annotate(block_or_loop=b25, ann_key="meta_schedule.auto_tensorize", ann_val="wmma_sync_16x16x16_f16f16f16_trans")
sch.annotate(block_or_loop=b25, ann_key="meta_schedule.auto_tensorize_init", ann_val="wmma_fill_16x16x16_f16")
sch.annotate(block_or_loop=b25, ann_key="warp_execution", ann_val=1)
l26, l27, l28 = sch.get_loops(block=b25)
v29, v30, v31, v32, v33 = sch.sample_perfect_tile(loop=l26, n=5, max_innermost_factor=4, decision=[1, 13, 1, 1, 1])
l34, l35, l36, l37, l38 = sch.split(loop=l26, factors=[v29, v30, v31, v32, v33], preserve_unit_iters=True, disable_predication=False)
v39, v40, v41, v42, v43 = sch.sample_perfect_tile(loop=l27, n=5, max_innermost_factor=4, decision=[1, 1, 4, 4, 1])
l44, l45, l46, l47, l48 = sch.split(loop=l27, factors=[v39, v40, v41, v42, v43], preserve_unit_iters=True, disable_predication=False)
v49, v50, v51 = sch.sample_perfect_tile(loop=l28, n=3, max_innermost_factor=4, decision=[24, 1, 3])
l52, l53, l54 = sch.split(loop=l28, factors=[v49, v50, v51], preserve_unit_iters=True, disable_predication=False)
sch.reorder(l34, l44, l35, l45, l36, l46, l52, l53, l37, l47, l54, l38, l48)
l55 = sch.fuse(l34, l44, preserve_unit_iters=True)
sch.bind(loop=l55, thread_axis="blockIdx.y")
l56 = sch.fuse(l35, l45, preserve_unit_iters=True)
sch.bind(loop=l56, thread_axis="blockIdx.x")
l57 = sch.fuse(l36, l46, preserve_unit_iters=True)
sch.bind(loop=l57, thread_axis="threadIdx.y")
sch.annotate(block_or_loop=b25, ann_key="meta_schedule.thread_extent_low_inclusive", ann_val=32)
sch.annotate(block_or_loop=b25, ann_key="meta_schedule.thread_extent_high_inclusive", ann_val=1024)
sch.transform_layout(block=b25, buffer=("write", 0), index_map=lambda i0, i1: (i0 // 16 // (v32 * v33), i1 // 16 // (v42 * v43), i0 // 16 % (v32 * v33), i1 // 16 % (v42 * v43), i0 % 16, i1 % 16,), pad_value=None, assume_injective_transform=True)
b58 = sch.cache_write(block=b25, write_buffer_index=0, storage_scope="shared.dyn")
sch.reverse_compute_at(block=b58, loop=l56, preserve_unit_loops=True, index=-1)
b59 = sch.cache_write(block=b25, write_buffer_index=0, storage_scope="wmma.accumulator")
l60, l61, l62, l63, l64, l65, l66, l67 = sch.get_loops(block=b58)
sch.reorder(l64, l62, l63, l65)
sch.compute_at(block=b59, loop=l64, preserve_unit_loops=True, index=-1)
l68, l69, l70, l71, l72, l73, l74, l75, l76 = sch.get_loops(block=b59)
l77 = sch.fuse(l71, l72, preserve_unit_iters=True)
sch.bind(loop=l77, thread_axis="threadIdx.y")
sch.reverse_compute_inline(block=b3)
l78, l79, l80, l81, l82, l83, l84, l85 = sch.get_loops(block=b59)
b86 = sch.blockize(target=l84, preserve_unit_iters=True)
sch.annotate(block_or_loop=b86, ann_key="meta_schedule.auto_tensorize", ann_val="wmma_store_16x16x16_f16_shared_dyn")
l87, l88, l89, l90, l91, l92, l93, l94 = sch.get_loops(block=b58)
l95 = sch.fuse(l90, l91, l92, l93, l94, preserve_unit_iters=True)
v96 = sch.sample_categorical(candidates=[1, 2, 4, 8], probs=[0.25, 0.25, 0.25, 0.25], decision=3)
sch.annotate(block_or_loop=b58, ann_key="meta_schedule.cooperative_fetch", ann_val=v96)
b97 = sch.cache_read(block=b25, read_buffer_index=0, storage_scope="shared.dyn", consumer_blocks=[b25])
sch.compute_at(block=b97, loop=l52, preserve_unit_loops=True, index=-1)
l98, l99, l100, l101, l102, l103 = sch.get_loops(block=b97)
l104 = sch.fuse(l102, l103, preserve_unit_iters=True)
v105 = sch.sample_categorical(candidates=[1, 2, 4, 8], probs=[0.25, 0.25, 0.25, 0.25], decision=2)
sch.annotate(block_or_loop=b97, ann_key="meta_schedule.cooperative_fetch", ann_val=v105)
b106 = sch.cache_read(block=b25, read_buffer_index=1, storage_scope="shared.dyn", consumer_blocks=[b25])
sch.compute_at(block=b106, loop=l52, preserve_unit_loops=True, index=-1)
l107, l108, l109, l110, l111, l112 = sch.get_loops(block=b106)
l113 = sch.fuse(l111, l112, preserve_unit_iters=True)
v114 = sch.sample_categorical(candidates=[1, 2, 4, 8], probs=[0.25, 0.25, 0.25, 0.25], decision=0)
sch.annotate(block_or_loop=b106, ann_key="meta_schedule.cooperative_fetch", ann_val=v114)
b115 = sch.cache_read(block=b25, read_buffer_index=0, storage_scope="wmma.matrix_a")
sch.compute_at(block=b115, loop=l53, preserve_unit_loops=True, index=-1)
l116, l117, l118, l119, l120, l121, l122 = sch.get_loops(block=b115)
l123, l124 = sch.split(loop=l122, factors=[None, 16], preserve_unit_iters=True, disable_predication=False)
l125, l126 = sch.split(loop=l121, factors=[None, 16], preserve_unit_iters=True, disable_predication=False)
l127, l128, l129, l130, l131, l132, l133, l134, l135 = sch.get_loops(block=b115)
sch.reorder(l134, l126, l124)
b136 = sch.blockize(target=l126, preserve_unit_iters=True)
sch.annotate(block_or_loop=b136, ann_key="meta_schedule.auto_tensorize", ann_val="wmma_load_16x16x16_f16_a_shared_dyn")
b137 = sch.cache_read(block=b25, read_buffer_index=1, storage_scope="wmma.matrix_b")
sch.compute_at(block=b137, loop=l53, preserve_unit_loops=True, index=-1)
l138, l139, l140, l141, l142, l143, l144 = sch.get_loops(block=b137)
l145, l146 = sch.split(loop=l144, factors=[None, 16], preserve_unit_iters=True, disable_predication=False)
l147, l148 = sch.split(loop=l143, factors=[None, 16], preserve_unit_iters=True, disable_predication=False)
l149, l150, l151, l152, l153, l154, l155, l156, l157 = sch.get_loops(block=b137)
sch.reorder(l156, l148, l146)
b158 = sch.blockize(target=l148, preserve_unit_iters=True)
sch.annotate(block_or_loop=b158, ann_key="meta_schedule.auto_tensorize", ann_val="wmma_load_16x16x16_f16_b_trans_shared_dyn")
b159, = sch.get_producers(block=b97)
sch.compute_inline(block=b159)
sch.storage_align(block=b97, buffer_index=0, axis=-2, factor=32, offset=8)
b160, = sch.get_producers(block=b106)
sch.compute_inline(block=b160)
sch.storage_align(block=b106, buffer_index=0, axis=-2, factor=32, offset=8)
sch.compute_inline(block=b0)
v161 = sch.sample_categorical(candidates=[0, 16, 64, 512, 1024], probs=[0.20000000000000001, 0.20000000000000001, 0.20000000000000001, 0.20000000000000001, 0.20000000000000001], decision=3)
sch.annotate(block_or_loop=b2, ann_key="meta_schedule.unroll_explicit", ann_val=v161)
2025-10-07 10:07:27 [INFO] [task_scheduler.cc:170] Design space #1:
# from tvm.script import ir as I
# from tvm.script import tir as T

@I.ir_module
class Module:
    @T.prim_func
    def main(A: T.Buffer((1, 128, 28, 28), "float16"), W: T.Buffer((256, 128, 3, 3), "float16"), conv2d_nchw: T.Buffer((1, 256, 14, 14), "float16")):
        T.func_attr({"tir.noalias": T.bool(True)})
        with T.block("root"):
            T.reads()
            T.writes()
            T.block_attr({"meta_schedule.unroll_explicit": 0})
            conv2d_nchw_reindex_pad_shared_dyn = T.alloc_buffer((1, 8, 13, 2, 16, 16), "float16", scope="shared.dyn")
            conv2d_nchw_reindex_pad_shared_dyn_wmma_accumulator = T.alloc_buffer((1, 8, 13, 2, 16, 16), "float16", scope="wmma.accumulator")
            pad_temp_reindex_pad_shared_dyn = T.alloc_buffer((208, 1152), "float16", scope="shared.dyn")
            W_reindex_shared_dyn = T.alloc_buffer((1152, 256), "float16", scope="shared.dyn")
            pad_temp_reindex_pad_shared_dyn_wmma_matrix_a = T.alloc_buffer((208, 1152), "float16", scope="wmma.matrix_a")
            W_reindex_shared_dyn_wmma_matrix_b = T.alloc_buffer((1152, 256), "float16", scope="wmma.matrix_b")
            for ax0_0_0_ax1_0_0_fused in T.thread_binding(1, thread="blockIdx.y"):
                for ax0_0_1_ax1_0_1_fused in T.thread_binding(1, thread="blockIdx.x"):
                    for ax0_0_2_ax1_0_2_fused in T.thread_binding(8, thread="threadIdx.y"):
                        for ax2_0_0 in range(6):
                            for ax0_ax1_fused in range(39936):
                                with T.block("pad_temp_reindex_pad_shared.dyn"):
                                    v0 = T.axis.spatial(208, ax0_ax1_fused // 192)
                                    v1 = T.axis.spatial(1152, ax2_0_0 * 192 + ax0_ax1_fused % 192)
                                    T.reads(A[0, v1 // 9, v0 // 14 * 2 + v1 % 9 // 3 - 1, v0 % 14 * 2 + v1 % 3 - 1])
                                    T.writes(pad_temp_reindex_pad_shared_dyn[v0, v1])
                                    T.block_attr({"buffer_dim_align": [[0, 0, 32, 8]], "meta_schedule.cooperative_fetch": 4})
                                    pad_temp_reindex_pad_shared_dyn[v0, v1] = T.if_then_else(v0 < 196, T.if_then_else(1 <= v0 // 14 * 2 + v1 % 9 // 3 and v0 // 14 * 2 + v1 % 9 // 3 < 29 and 1 <= v0 % 14 * 2 + v1 % 3 and v0 % 14 * 2 + v1 % 3 < 29, A[0, v1 // 9, v0 // 14 * 2 + v1 % 9 // 3 - 1, v0 % 14 * 2 + v1 % 3 - 1], T.float16(0.0)), T.float16(0.0))
                            for ax0_ax1_fused in range(49152):
                                with T.block("W_reindex_shared.dyn"):
                                    v0 = T.axis.spatial(1152, ax2_0_0 * 192 + ax0_ax1_fused // 256)
                                    v1 = T.axis.spatial(256, ax0_ax1_fused % 256)
                                    T.reads(W[v1, v0 // 9, v0 % 9 // 3, v0 % 3])
                                    T.writes(W_reindex_shared_dyn[v0, v1])
                                    T.block_attr({"buffer_dim_align": [[0, 0, 32, 8]], "meta_schedule.cooperative_fetch": 4})
                                    W_reindex_shared_dyn[v0, v1] = W[v1, v0 // 9, v0 % 9 // 3, v0 % 3]
                            for ax2_0_1 in range(3):
                                for ax0_0, ax1_0 in T.grid(13, 4):
                                    with T.block("pad_temp_reindex_pad_shared.dyn_wmma.matrix_a_o"):
                                        v0_o = T.axis.spatial(13, ax0_0)
                                        v1_o = T.axis.spatial(72, ax2_0_0 * 12 + ax2_0_1 * 4 + ax1_0)
                                        T.reads(pad_temp_reindex_pad_shared_dyn[v0_o * 16:v0_o * 16 + 16, v1_o * 16:v1_o * 16 + 16])
                                        T.writes(pad_temp_reindex_pad_shared_dyn_wmma_matrix_a[v0_o * 16:v0_o * 16 + 16, v1_o * 16:v1_o * 16 + 16])
                                        T.block_attr({"meta_schedule.auto_tensorize": "wmma_load_16x16x16_f16_a_shared_dyn"})
                                        for ax0_1, ax1_1 in T.grid(16, 16):
                                            with T.block("pad_temp_reindex_pad_shared.dyn_wmma.matrix_a"):
                                                v0_i, v1_i = T.axis.remap("SS", [ax0_1, ax1_1])
                                                T.reads(pad_temp_reindex_pad_shared_dyn[v0_o * 16 + v0_i, v1_o * 16 + v1_i])
                                                T.writes(pad_temp_reindex_pad_shared_dyn_wmma_matrix_a[v0_o * 16 + v0_i, v1_o * 16 + v1_i])
                                                pad_temp_reindex_pad_shared_dyn_wmma_matrix_a[v0_o * 16 + v0_i, v1_o * 16 + v1_i] = pad_temp_reindex_pad_shared_dyn[v0_o * 16 + v0_i, v1_o * 16 + v1_i]
                                for ax0_0, ax1_0 in T.grid(4, 2):
                                    with T.block("W_reindex_shared.dyn_wmma.matrix_b_o"):
                                        v0_o = T.axis.spatial(72, ax2_0_0 * 12 + ax2_0_1 * 4 + ax0_0)
                                        v1_o = T.axis.spatial(16, ax0_0_2_ax1_0_2_fused * 2 + ax1_0)
                                        T.reads(W_reindex_shared_dyn[v0_o * 16:v0_o * 16 + 16, v1_o * 16:v1_o * 16 + 16])
                                        T.writes(W_reindex_shared_dyn_wmma_matrix_b[v0_o * 16:v0_o * 16 + 16, v1_o * 16:v1_o * 16 + 16])
                                        T.block_attr({"meta_schedule.auto_tensorize": "wmma_load_16x16x16_f16_b_shared_dyn"})
                                        for ax0_1, ax1_1 in T.grid(16, 16):
                                            with T.block("W_reindex_shared.dyn_wmma.matrix_b"):
                                                v0_i, v1_i = T.axis.remap("SS", [ax0_1, ax1_1])
                                                T.reads(W_reindex_shared_dyn[v0_o * 16 + v0_i, v1_o * 16 + v1_i])
                                                T.writes(W_reindex_shared_dyn_wmma_matrix_b[v0_o * 16 + v0_i, v1_o * 16 + v1_i])
                                                W_reindex_shared_dyn_wmma_matrix_b[v0_o * 16 + v0_i, v1_o * 16 + v1_i] = W_reindex_shared_dyn[v0_o * 16 + v0_i, v1_o * 16 + v1_i]
                                for ax0_0_3, ax1_0_3, ax2_0_2, ax0_0_4, ax1_0_4 in T.grid(13, 1, 4, 1, 2):
                                    with T.block("conv2d_nchw_o"):
                                        v0_o = T.axis.spatial(13, ax0_0_3 + ax0_0_4)
                                        v1_o = T.axis.spatial(16, ax0_0_2_ax1_0_2_fused * 2 + ax1_0_3 * 2 + ax1_0_4)
                                        v2_o = T.axis.reduce(72, ax2_0_0 * 12 + ax2_0_1 * 4 + ax2_0_2)
                                        T.reads(pad_temp_reindex_pad_shared_dyn_wmma_matrix_a[v0_o * 16:v0_o * 16 + 16, v2_o * 16:v2_o * 16 + 16], W_reindex_shared_dyn_wmma_matrix_b[v2_o * 16:v2_o * 16 + 16, v1_o * 16:v1_o * 16 + 16])
                                        T.writes(conv2d_nchw_reindex_pad_shared_dyn_wmma_accumulator[0, v1_o // 2, v0_o, v1_o % 2, 0:16, 0:16])
                                        T.block_attr({"meta_schedule.auto_tensorize": "wmma_sync_16x16x16_f16f16f16", "meta_schedule.auto_tensorize_init": "wmma_fill_16x16x16_f16", "meta_schedule.thread_extent_high_inclusive": 1024, "meta_schedule.thread_extent_low_inclusive": 32, "warp_execution": 1})
                                        with T.init():
                                            for ax0_1, ax1_1 in T.grid(16, 16):
                                                with T.block("conv2d_nchw_init"):
                                                    v0_i_init, v1_i_init = T.axis.remap("SS", [ax0_1, ax1_1])
                                                    T.reads()
                                                    T.writes(conv2d_nchw_reindex_pad_shared_dyn_wmma_accumulator[0, v1_o // 2, v0_o, v1_o % 2, v0_i_init, v1_i_init])
                                                    conv2d_nchw_reindex_pad_shared_dyn_wmma_accumulator[0, v1_o // 2, v0_o, v1_o % 2, v0_i_init, v1_i_init] = T.float16(0.0)
                                        for ax0_1, ax1_1, ax2_1 in T.grid(16, 16, 16):
                                            with T.block("conv2d_nchw"):
                                                v0_i, v1_i, v2_i = T.axis.remap("SSR", [ax0_1, ax1_1, ax2_1])
                                                T.reads(conv2d_nchw_reindex_pad_shared_dyn_wmma_accumulator[0, v1_o // 2, v0_o, v1_o % 2, v0_i, v1_i], pad_temp_reindex_pad_shared_dyn_wmma_matrix_a[v0_o * 16 + v0_i, v2_o * 16 + v2_i], W_reindex_shared_dyn_wmma_matrix_b[v2_o * 16 + v2_i, v1_o * 16 + v1_i])
                                                T.writes(conv2d_nchw_reindex_pad_shared_dyn_wmma_accumulator[0, v1_o // 2, v0_o, v1_o % 2, v0_i, v1_i])
                                                T.block_attr({"meta_schedule.tiling_structure": "SSSRRSRS"})
                                                conv2d_nchw_reindex_pad_shared_dyn_wmma_accumulator[0, v1_o // 2, v0_o, v1_o % 2, v0_i, v1_i] = conv2d_nchw_reindex_pad_shared_dyn_wmma_accumulator[0, v1_o // 2, v0_o, v1_o % 2, v0_i, v1_i] + pad_temp_reindex_pad_shared_dyn_wmma_matrix_a[v0_o * 16 + v0_i, v2_o * 16 + v2_i] * W_reindex_shared_dyn_wmma_matrix_b[v2_o * 16 + v2_i, v1_o * 16 + v1_i]
                    for ax2 in range(13):
                        for ax0_ax1_fused in T.thread_binding(8, thread="threadIdx.y"):
                            for ax2_1, ax3 in T.grid(1, 2):
                                with T.block("conv2d_nchw_reindex_pad_shared.dyn_wmma.accumulator_o"):
                                    v0_o = T.axis.spatial(1, 0)
                                    v1_o = T.axis.spatial(8, ax0_ax1_fused)
                                    v2_o = T.axis.spatial(13, ax2 + ax2_1)
                                    v3_o = T.axis.spatial(2, ax3)
                                    v4_o = T.axis.spatial(1, 0)
                                    v5_o = T.axis.spatial(1, 0)
                                    T.reads(conv2d_nchw_reindex_pad_shared_dyn_wmma_accumulator[v0_o, v1_o, v2_o, v3_o, 0:16, 0:16])
                                    T.writes(conv2d_nchw_reindex_pad_shared_dyn[v0_o, v1_o, v2_o, v3_o, 0:16, 0:16])
                                    T.block_attr({"meta_schedule.auto_tensorize": "wmma_store_16x16x16_f16_shared_dyn"})
                                    for ax4, ax5 in T.grid(16, 16):
                                        with T.block("conv2d_nchw_reindex_pad_shared.dyn_wmma.accumulator"):
                                            v4_i, v5_i = T.axis.remap("SS", [ax4, ax5])
                                            T.reads(conv2d_nchw_reindex_pad_shared_dyn_wmma_accumulator[v0_o, v1_o, v2_o, v3_o, v4_i, v5_i])
                                            T.writes(conv2d_nchw_reindex_pad_shared_dyn[v0_o, v1_o, v2_o, v3_o, v4_i, v5_i])
                                            conv2d_nchw_reindex_pad_shared_dyn[v0_o, v1_o, v2_o, v3_o, v4_i, v5_i] = conv2d_nchw_reindex_pad_shared_dyn_wmma_accumulator[v0_o, v1_o, v2_o, v3_o, v4_i, v5_i]
                        for ax0_ax1_ax3_ax4_ax5_fused in range(4096):
                            with T.block("conv2d_nchw_reindex_pad_shared.dyn"):
                                v0 = T.axis.spatial(1, 0)
                                v1 = T.axis.spatial(8, ax0_ax1_ax3_ax4_ax5_fused // 512)
                                v2 = T.axis.spatial(13, ax2)
                                v3 = T.axis.spatial(2, ax0_ax1_ax3_ax4_ax5_fused % 512 // 256)
                                v4 = T.axis.spatial(16, ax0_ax1_ax3_ax4_ax5_fused % 256 // 16)
                                v5 = T.axis.spatial(16, ax0_ax1_ax3_ax4_ax5_fused % 16)
                                T.where(ax2 * 16 + ax0_ax1_ax3_ax4_ax5_fused % 256 // 16 < 196)
                                T.reads(conv2d_nchw_reindex_pad_shared_dyn[v0, v1, v2, v3, v4, v5])
                                T.writes(conv2d_nchw[0, v5 + v3 * 16 + v1 * 32, (v4 + v2 * 16 + v0 * 208) // 14, (v4 + v2 * 16 + v0 * 208) % 14])
                                T.block_attr({"meta_schedule.cooperative_fetch": 8})
                                conv2d_nchw[0, v5 + v3 * 16 + v1 * 32, (v4 + v2 * 16 + v0 * 208) // 14, (v4 + v2 * 16 + v0 * 208) % 14] = conv2d_nchw_reindex_pad_shared_dyn[v0, v1, v2, v3, v4, v5]
b0 = sch.get_block(name="pad_temp", func_name="main")
b1 = sch.get_block(name="conv2d_nchw", func_name="main")
b2 = sch.get_block(name="root", func_name="main")
sch.annotate(block_or_loop=b1, ann_key="meta_schedule.tiling_structure", ann_val="SSSRRSRS")
b3 = sch.reindex(block=b1, buffer=("write", 0))
b4 = sch.reindex(block=b1, buffer=("read", 0))
b5 = sch.reindex(block=b1, buffer=("read", 1))
sch.transform_layout(block=b1, buffer=("read", 0), index_map=lambda v_nn, v_yy, v_xx, v_rc, v_ry, v_rx: (v_nn * 196 + v_yy * 14 + v_xx, v_rc * 9 + v_ry * 3 + v_rx,), pad_value=None, assume_injective_transform=True)
sch.transform_layout(block=b1, buffer=("read", 1), index_map=lambda v_ff, v_rc, v_ry, v_rx: (v_rc * 9 + v_ry * 3 + v_rx, v_ff,), pad_value=None, assume_injective_transform=True)
sch.transform_layout(block=b1, buffer=("write", 0), index_map=lambda v_nn, v_ff, v_yy, v_xx: (v_nn * 196 + v_yy * 14 + v_xx, v_ff,), pad_value=None, assume_injective_transform=True)
sch.transform_block_layout(block=b3, index_map=lambda v_nn, v_ff, v_yy, v_xx: (v_nn * 196 + v_yy * 14 + v_xx, v_ff,))
sch.transform_block_layout(block=b4, index_map=lambda v_nn, v_yy, v_xx, v_rc, v_ry, v_rx: (v_nn * 196 + v_yy * 14 + v_xx, v_rc * 9 + v_ry * 3 + v_rx,))
sch.transform_block_layout(block=b5, index_map=lambda v_ff, v_rc, v_ry, v_rx: (v_rc * 9 + v_ry * 3 + v_rx, v_ff,))
sch.transform_block_layout(block=b1, index_map=lambda v_nn, v_ff, v_yy, v_xx, v_rc, v_ry, v_rx: (v_nn * 196 + v_yy * 14 + v_xx, v_ff, v_rc * 9 + v_ry * 3 + v_rx,))
sch.pad_einsum(block=b1, padding=[16, 1, 1])
b6, b7 = sch.get_producers(block=b1)
b8, = sch.get_producers(block=b6)
b9, = sch.get_consumers(block=b1)
sch.compute_inline(block=b8)
sch.compute_inline(block=b9)
l10, l11, l12 = sch.get_loops(block=b1)
l13, l14 = sch.split(loop=l12, factors=[None, 16], preserve_unit_iters=True, disable_predication=False)
l15, l16 = sch.split(loop=l11, factors=[None, 16], preserve_unit_iters=True, disable_predication=False)
l17, l18 = sch.split(loop=l10, factors=[None, 16], preserve_unit_iters=True, disable_predication=False)
l19, l20, l21, l22, l23, l24 = sch.get_loops(block=b1)
sch.reorder(l21, l23, l18, l16, l14)
b25 = sch.blockize(target=l18, preserve_unit_iters=True)
sch.annotate(block_or_loop=b25, ann_key="meta_schedule.auto_tensorize", ann_val="wmma_sync_16x16x16_f16f16f16")
sch.annotate(block_or_loop=b25, ann_key="meta_schedule.auto_tensorize_init", ann_val="wmma_fill_16x16x16_f16")
sch.annotate(block_or_loop=b25, ann_key="warp_execution", ann_val=1)
l26, l27, l28 = sch.get_loops(block=b25)
v29, v30, v31, v32, v33 = sch.sample_perfect_tile(loop=l26, n=5, max_innermost_factor=4, decision=[1, 1, 1, 13, 1])
l34, l35, l36, l37, l38 = sch.split(loop=l26, factors=[v29, v30, v31, v32, v33], preserve_unit_iters=True, disable_predication=False)
v39, v40, v41, v42, v43 = sch.sample_perfect_tile(loop=l27, n=5, max_innermost_factor=4, decision=[1, 1, 8, 1, 2])
l44, l45, l46, l47, l48 = sch.split(loop=l27, factors=[v39, v40, v41, v42, v43], preserve_unit_iters=True, disable_predication=False)
v49, v50, v51 = sch.sample_perfect_tile(loop=l28, n=3, max_innermost_factor=4, decision=[6, 3, 4])
l52, l53, l54 = sch.split(loop=l28, factors=[v49, v50, v51], preserve_unit_iters=True, disable_predication=False)
sch.reorder(l34, l44, l35, l45, l36, l46, l52, l53, l37, l47, l54, l38, l48)
l55 = sch.fuse(l34, l44, preserve_unit_iters=True)
sch.bind(loop=l55, thread_axis="blockIdx.y")
l56 = sch.fuse(l35, l45, preserve_unit_iters=True)
sch.bind(loop=l56, thread_axis="blockIdx.x")
l57 = sch.fuse(l36, l46, preserve_unit_iters=True)
sch.bind(loop=l57, thread_axis="threadIdx.y")
sch.annotate(block_or_loop=b25, ann_key="meta_schedule.thread_extent_low_inclusive", ann_val=32)
sch.annotate(block_or_loop=b25, ann_key="meta_schedule.thread_extent_high_inclusive", ann_val=1024)
sch.transform_layout(block=b25, buffer=("write", 0), index_map=lambda i0, i1: (i0 // 16 // (v32 * v33), i1 // 16 // (v42 * v43), i0 // 16 % (v32 * v33), i1 // 16 % (v42 * v43), i0 % 16, i1 % 16,), pad_value=None, assume_injective_transform=True)
b58 = sch.cache_write(block=b25, write_buffer_index=0, storage_scope="shared.dyn")
sch.reverse_compute_at(block=b58, loop=l56, preserve_unit_loops=True, index=-1)
b59 = sch.cache_write(block=b25, write_buffer_index=0, storage_scope="wmma.accumulator")
l60, l61, l62, l63, l64, l65, l66, l67 = sch.get_loops(block=b58)
sch.reorder(l64, l62, l63, l65)
sch.compute_at(block=b59, loop=l64, preserve_unit_loops=True, index=-1)
l68, l69, l70, l71, l72, l73, l74, l75, l76 = sch.get_loops(block=b59)
l77 = sch.fuse(l71, l72, preserve_unit_iters=True)
sch.bind(loop=l77, thread_axis="threadIdx.y")
sch.reverse_compute_inline(block=b3)
l78, l79, l80, l81, l82, l83, l84, l85 = sch.get_loops(block=b59)
b86 = sch.blockize(target=l84, preserve_unit_iters=True)
sch.annotate(block_or_loop=b86, ann_key="meta_schedule.auto_tensorize", ann_val="wmma_store_16x16x16_f16_shared_dyn")
l87, l88, l89, l90, l91, l92, l93, l94 = sch.get_loops(block=b58)
l95 = sch.fuse(l90, l91, l92, l93, l94, preserve_unit_iters=True)
v96 = sch.sample_categorical(candidates=[1, 2, 4, 8], probs=[0.25, 0.25, 0.25, 0.25], decision=3)
sch.annotate(block_or_loop=b58, ann_key="meta_schedule.cooperative_fetch", ann_val=v96)
b97 = sch.cache_read(block=b25, read_buffer_index=0, storage_scope="shared.dyn", consumer_blocks=[b25])
sch.compute_at(block=b97, loop=l52, preserve_unit_loops=True, index=-1)
l98, l99, l100, l101, l102, l103 = sch.get_loops(block=b97)
l104 = sch.fuse(l102, l103, preserve_unit_iters=True)
v105 = sch.sample_categorical(candidates=[1, 2, 4, 8], probs=[0.25, 0.25, 0.25, 0.25], decision=2)
sch.annotate(block_or_loop=b97, ann_key="meta_schedule.cooperative_fetch", ann_val=v105)
b106 = sch.cache_read(block=b25, read_buffer_index=1, storage_scope="shared.dyn", consumer_blocks=[b25])
sch.compute_at(block=b106, loop=l52, preserve_unit_loops=True, index=-1)
l107, l108, l109, l110, l111, l112 = sch.get_loops(block=b106)
l113 = sch.fuse(l111, l112, preserve_unit_iters=True)
v114 = sch.sample_categorical(candidates=[1, 2, 4, 8], probs=[0.25, 0.25, 0.25, 0.25], decision=2)
sch.annotate(block_or_loop=b106, ann_key="meta_schedule.cooperative_fetch", ann_val=v114)
b115 = sch.cache_read(block=b25, read_buffer_index=0, storage_scope="wmma.matrix_a")
sch.compute_at(block=b115, loop=l53, preserve_unit_loops=True, index=-1)
l116, l117, l118, l119, l120, l121, l122 = sch.get_loops(block=b115)
l123, l124 = sch.split(loop=l122, factors=[None, 16], preserve_unit_iters=True, disable_predication=False)
l125, l126 = sch.split(loop=l121, factors=[None, 16], preserve_unit_iters=True, disable_predication=False)
l127, l128, l129, l130, l131, l132, l133, l134, l135 = sch.get_loops(block=b115)
sch.reorder(l134, l126, l124)
b136 = sch.blockize(target=l126, preserve_unit_iters=True)
sch.annotate(block_or_loop=b136, ann_key="meta_schedule.auto_tensorize", ann_val="wmma_load_16x16x16_f16_a_shared_dyn")
b137 = sch.cache_read(block=b25, read_buffer_index=1, storage_scope="wmma.matrix_b")
sch.compute_at(block=b137, loop=l53, preserve_unit_loops=True, index=-1)
l138, l139, l140, l141, l142, l143, l144 = sch.get_loops(block=b137)
l145, l146 = sch.split(loop=l144, factors=[None, 16], preserve_unit_iters=True, disable_predication=False)
l147, l148 = sch.split(loop=l143, factors=[None, 16], preserve_unit_iters=True, disable_predication=False)
l149, l150, l151, l152, l153, l154, l155, l156, l157 = sch.get_loops(block=b137)
sch.reorder(l156, l148, l146)
b158 = sch.blockize(target=l148, preserve_unit_iters=True)
sch.annotate(block_or_loop=b158, ann_key="meta_schedule.auto_tensorize", ann_val="wmma_load_16x16x16_f16_b_shared_dyn")
b159, = sch.get_producers(block=b97)
sch.compute_inline(block=b159)
sch.storage_align(block=b97, buffer_index=0, axis=-2, factor=32, offset=8)
b160, = sch.get_producers(block=b106)
sch.compute_inline(block=b160)
sch.storage_align(block=b106, buffer_index=0, axis=-2, factor=32, offset=8)
sch.compute_inline(block=b0)
v161 = sch.sample_categorical(candidates=[0, 16, 64, 512, 1024], probs=[0.20000000000000001, 0.20000000000000001, 0.20000000000000001, 0.20000000000000001, 0.20000000000000001], decision=0)
sch.annotate(block_or_loop=b2, ann_key="meta_schedule.unroll_explicit", ann_val=v161)
2025-10-07 10:07:27 [INFO] [evolutionary_search.cc:713] Generating candidates......
2025-10-07 10:07:27 [INFO] [evolutionary_search.cc:715] Picked top 0 candidate(s) from database
2025-10-07 10:07:36 [INFO] [evolutionary_search.cc:533] Sample-Init-Population summary:
Postproc #0 [meta_schedule.DisallowDynamicLoop(0x10a35418)]: 0 failure(s)
Postproc #1 [meta_schedule.RewriteCooperativeFetch(0x119ea348)]: 0 failure(s)
Postproc #2 [meta_schedule.RewriteUnboundBlock(0x10b3f098)]: 0 failure(s)
Postproc #3 [meta_schedule.RewriteParallelVectorizeUnroll(0x10653038)]: 0 failure(s)
Postproc #4 [meta_schedule.RewriteReductionBlock(0x10966348)]: 0 failure(s)
Postproc #5 [meta_schedule.VerifyGPUCode(0x11e7fbb8)]: 389 failure(s)
Postproc #6 [meta_schedule.RewriteTensorize(0x1096e578)]: 0 failure(s)
2025-10-07 10:07:36 [INFO] [evolutionary_search.cc:723] Sampled 123 candidate(s)
2025-10-07 10:07:47 [INFO] [evolutionary_search.cc:621] Evolve iter #0 done. Summary:
Postproc #0 [meta_schedule.DisallowDynamicLoop(0x10a35418)]: 0 failure(s)
Postproc #1 [meta_schedule.RewriteCooperativeFetch(0x119ea348)]: 0 failure(s)
Postproc #2 [meta_schedule.RewriteUnboundBlock(0x10b3f098)]: 0 failure(s)
Postproc #3 [meta_schedule.RewriteParallelVectorizeUnroll(0x10653038)]: 0 failure(s)
Postproc #4 [meta_schedule.RewriteReductionBlock(0x10966348)]: 0 failure(s)
Postproc #5 [meta_schedule.VerifyGPUCode(0x11e7fbb8)]: 125 failure(s)
Postproc #6 [meta_schedule.RewriteTensorize(0x1096e578)]: 0 failure(s)
2025-10-07 10:07:57 [INFO] [evolutionary_search.cc:621] Evolve iter #1 done. Summary:
Postproc #0 [meta_schedule.DisallowDynamicLoop(0x10a35418)]: 0 failure(s)
Postproc #1 [meta_schedule.RewriteCooperativeFetch(0x119ea348)]: 0 failure(s)
Postproc #2 [meta_schedule.RewriteUnboundBlock(0x10b3f098)]: 0 failure(s)
Postproc #3 [meta_schedule.RewriteParallelVectorizeUnroll(0x10653038)]: 0 failure(s)
Postproc #4 [meta_schedule.RewriteReductionBlock(0x10966348)]: 0 failure(s)
Postproc #5 [meta_schedule.VerifyGPUCode(0x11e7fbb8)]: 83 failure(s)
Postproc #6 [meta_schedule.RewriteTensorize(0x1096e578)]: 0 failure(s)
2025-10-07 10:08:07 [INFO] [evolutionary_search.cc:621] Evolve iter #2 done. Summary:
Postproc #0 [meta_schedule.DisallowDynamicLoop(0x10a35418)]: 0 failure(s)
Postproc #1 [meta_schedule.RewriteCooperativeFetch(0x119ea348)]: 0 failure(s)
Postproc #2 [meta_schedule.RewriteUnboundBlock(0x10b3f098)]: 0 failure(s)
Postproc #3 [meta_schedule.RewriteParallelVectorizeUnroll(0x10653038)]: 0 failure(s)
Postproc #4 [meta_schedule.RewriteReductionBlock(0x10966348)]: 0 failure(s)
Postproc #5 [meta_schedule.VerifyGPUCode(0x11e7fbb8)]: 91 failure(s)
Postproc #6 [meta_schedule.RewriteTensorize(0x1096e578)]: 0 failure(s)
2025-10-07 10:08:18 [INFO] [evolutionary_search.cc:621] Evolve iter #3 done. Summary:
Postproc #0 [meta_schedule.DisallowDynamicLoop(0x10a35418)]: 0 failure(s)
Postproc #1 [meta_schedule.RewriteCooperativeFetch(0x119ea348)]: 0 failure(s)
Postproc #2 [meta_schedule.RewriteUnboundBlock(0x10b3f098)]: 0 failure(s)
Postproc #3 [meta_schedule.RewriteParallelVectorizeUnroll(0x10653038)]: 0 failure(s)
Postproc #4 [meta_schedule.RewriteReductionBlock(0x10966348)]: 0 failure(s)
Postproc #5 [meta_schedule.VerifyGPUCode(0x11e7fbb8)]: 73 failure(s)
Postproc #6 [meta_schedule.RewriteTensorize(0x1096e578)]: 0 failure(s)
2025-10-07 10:08:18 [INFO] [evolutionary_search.cc:649] Scores of the best 64 candidates:
[1 : 16]:	0.9996  0.9993  0.9983  0.9983  0.9978  0.9971  0.9962  0.9961  0.9956  0.9952  0.9949  0.9948  0.9932  0.9927  0.9923  0.9922
[17 : 32]:	0.9912  0.9912  0.9899  0.9897  0.9889  0.9886  0.9884  0.9884  0.9871  0.9862  0.9847  0.9836  0.9836  0.9833  0.9805  0.9802
[33 : 48]:	0.9794  0.9793  0.9781  0.9777  0.9771  0.9764  0.9749  0.9746  0.9744  0.9744  0.9736  0.9734  0.9730  0.9729  0.9722  0.9721
[49 : 64]:	0.9710  0.9706  0.9697  0.9695  0.9691  0.9690  0.9689  0.9668  0.9662  0.9641  0.9639  0.9634  0.9616  0.9615  0.9611  0.9598
2025-10-07 10:08:18 [INFO] [evolutionary_search.cc:727] Got 64 candidate(s) with evolutionary search
2025-10-07 10:08:19 [INFO] [evolutionary_search.cc:730] Sending 64 candidates(s) for measurement
2025-10-07 10:08:59 [INFO] [task_scheduler.cc:131] [Task #0: main] Trial #1: GFLOPs: 915.6531. Time: 126.2547 us. Best GFLOPs: 915.6531
2025-10-07 10:08:59 [INFO] [task_scheduler.cc:131] [Task #0: main] Trial #2: GFLOPs: 1641.3988. Time: 70.4311 us. Best GFLOPs: 1641.3988
2025-10-07 10:08:59 [INFO] [task_scheduler.cc:131] [Task #0: main] Trial #3: GFLOPs: 1735.7052. Time: 66.6043 us. Best GFLOPs: 1735.7052
2025-10-07 10:08:59 [INFO] [task_scheduler.cc:131] [Task #0: main] Trial #4: GFLOPs: 2654.6554. Time: 43.5482 us. Best GFLOPs: 2654.6554
2025-10-07 10:08:59 [INFO] [task_scheduler.cc:131] [Task #0: main] Trial #5: GFLOPs: 989.2442. Time: 116.8625 us. Best GFLOPs: 2654.6554
2025-10-07 10:08:59 [INFO] [task_scheduler.cc:131] [Task #0: main] Trial #6: GFLOPs: 1408.3455. Time: 82.0860 us. Best GFLOPs: 2654.6554
2025-10-07 10:08:59 [INFO] [task_scheduler.cc:131] [Task #0: main] Trial #7: GFLOPs: 121.5072. Time: 951.4289 us. Best GFLOPs: 2654.6554
2025-10-07 10:08:59 [INFO] [task_scheduler.cc:131] [Task #0: main] Trial #8: GFLOPs: 2246.6549. Time: 51.4567 us. Best GFLOPs: 2654.6554
2025-10-07 10:08:59 [INFO] [task_scheduler.cc:131] [Task #0: main] Trial #9: GFLOPs: 548.8279. Time: 210.6407 us. Best GFLOPs: 2654.6554
2025-10-07 10:08:59 [INFO] [task_scheduler.cc:131] [Task #0: main] Trial #10: GFLOPs: 4426.4045. Time: 26.1172 us. Best GFLOPs: 4426.4045
2025-10-07 10:08:59 [INFO] [task_scheduler.cc:131] [Task #0: main] Trial #11: GFLOPs: 1970.0468. Time: 58.6816 us. Best GFLOPs: 4426.4045
2025-10-07 10:08:59 [INFO] [task_scheduler.cc:131] [Task #0: main] Trial #12: GFLOPs: 1533.5753. Time: 75.3830 us. Best GFLOPs: 4426.4045
2025-10-07 10:08:59 [INFO] [task_scheduler.cc:131] [Task #0: main] Trial #13: GFLOPs: 2406.8767. Time: 48.0313 us. Best GFLOPs: 4426.4045
2025-10-07 10:08:59 [INFO] [task_scheduler.cc:131] [Task #0: main] Trial #14: GFLOPs: 570.7554. Time: 202.5482 us. Best GFLOPs: 4426.4045
2025-10-07 10:08:59 [INFO] [task_scheduler.cc:131] [Task #0: main] Trial #15: GFLOPs: 1513.8045. Time: 76.3675 us. Best GFLOPs: 4426.4045
2025-10-07 10:08:59 [INFO] [task_scheduler.cc:131] [Task #0: main] Trial #16: GFLOPs: 478.0822. Time: 241.8110 us. Best GFLOPs: 4426.4045
2025-10-07 10:08:59 [INFO] [task_scheduler.cc:131] [Task #0: main] Trial #17: GFLOPs: 4164.0362. Time: 27.7628 us. Best GFLOPs: 4426.4045
2025-10-07 10:08:59 [INFO] [task_scheduler.cc:131] [Task #0: main] Trial #18: GFLOPs: 115.4675. Time: 1001.1955 us. Best GFLOPs: 4426.4045
2025-10-07 10:08:59 [INFO] [task_scheduler.cc:131] [Task #0: main] Trial #19: GFLOPs: 2122.3073. Time: 54.4716 us. Best GFLOPs: 4426.4045
2025-10-07 10:08:59 [INFO] [task_scheduler.cc:131] [Task #0: main] Trial #20: GFLOPs: 4550.3990. Time: 25.4056 us. Best GFLOPs: 4550.3990
2025-10-07 10:08:59 [INFO] [task_scheduler.cc:131] [Task #0: main] Trial #21: GFLOPs: 1238.5285. Time: 93.3410 us. Best GFLOPs: 4550.3990
2025-10-07 10:08:59 [INFO] [task_scheduler.cc:131] [Task #0: main] Trial #22: GFLOPs: 5653.8585. Time: 20.4472 us. Best GFLOPs: 5653.8585
2025-10-07 10:08:59 [INFO] [task_scheduler.cc:131] [Task #0: main] Trial #23: GFLOPs: 1131.2231. Time: 102.1951 us. Best GFLOPs: 5653.8585
2025-10-07 10:08:59 [INFO] [task_scheduler.cc:131] [Task #0: main] Trial #24: GFLOPs: 1271.7842. Time: 90.9003 us. Best GFLOPs: 5653.8585
2025-10-07 10:08:59 [INFO] [task_scheduler.cc:131] [Task #0: main] Trial #25: GFLOPs: 1152.7806. Time: 100.2840 us. Best GFLOPs: 5653.8585
2025-10-07 10:08:59 [INFO] [task_scheduler.cc:131] [Task #0: main] Trial #26: GFLOPs: 5905.9412. Time: 19.5744 us. Best GFLOPs: 5905.9412
2025-10-07 10:08:59 [INFO] [task_scheduler.cc:131] [Task #0: main] Trial #27: GFLOPs: 2470.7099. Time: 46.7904 us. Best GFLOPs: 5905.9412
2025-10-07 10:08:59 [INFO] [task_scheduler.cc:131] [Task #0: main] Trial #28: GFLOPs: 1217.1751. Time: 94.9785 us. Best GFLOPs: 5905.9412
2025-10-07 10:08:59 [INFO] [task_scheduler.cc:131] [Task #0: main] Trial #29: GFLOPs: 2910.6542. Time: 39.7180 us. Best GFLOPs: 5905.9412
2025-10-07 10:08:59 [INFO] [task_scheduler.cc:131] [Task #0: main] Trial #30: GFLOPs: 761.6351. Time: 151.7859 us. Best GFLOPs: 5905.9412
2025-10-07 10:08:59 [INFO] [task_scheduler.cc:131] [Task #0: main] Trial #31: GFLOPs: 98.0801. Time: 1178.6843 us. Best GFLOPs: 5905.9412
2025-10-07 10:08:59 [INFO] [task_scheduler.cc:131] [Task #0: main] Trial #32: GFLOPs: 764.7964. Time: 151.1585 us. Best GFLOPs: 5905.9412
2025-10-07 10:08:59 [INFO] [task_scheduler.cc:131] [Task #0: main] Trial #33: GFLOPs: 2520.3546. Time: 45.8687 us. Best GFLOPs: 5905.9412
2025-10-07 10:08:59 [INFO] [task_scheduler.cc:131] [Task #0: main] Trial #34: GFLOPs: 1022.9796. Time: 113.0086 us. Best GFLOPs: 5905.9412
2025-10-07 10:08:59 [INFO] [task_scheduler.cc:131] [Task #0: main] Trial #35: GFLOPs: 1501.1250. Time: 77.0126 us. Best GFLOPs: 5905.9412
2025-10-07 10:08:59 [INFO] [task_scheduler.cc:121] [Task #0: main] Trial #36: Error in building:
LocalBuilder: An exception occurred
Traceback (most recent call last):
  File "/workspace/tvm-dev/python/tvm/exec/popen_worker.py", line 87, in main
    result = fn(*args, **kwargs)
             ^^^^^^^^^^^^^^^^^^^
  File "/workspace/tvm-dev/python/tvm/meta_schedule/builder/local_builder.py", line 165, in <lambda>
    lambda x: _worker_func(*x),
              ^^^^^^^^^^^^^^^^
  File "/workspace/tvm-dev/python/tvm/meta_schedule/builder/local_builder.py", line 231, in _worker_func
    rt_mod: Module = f_build(mod, target, _deserialize_params(params))
                     ^^^^^^^^^^^^^^^^^^^^^^^^^^^^^^^^^^^^^^^^^^^^^^^^^
  File "/workspace/tvm-dev/python/tvm/_ffi/_ctypes/packed_func.py", line 245, in __call__
    raise_last_ffi_error()
  File "/workspace/tvm-dev/python/tvm/_ffi/base.py", line 481, in raise_last_ffi_error
    raise py_err
  File "/workspace/tvm-dev/python/tvm/meta_schedule/builder/local_builder.py", line 261, in default_build
    return tvm_build(mod, target=target)
           ^^^^^^^^^^^^^^^^^^^^^^^^^^^^^
  File "/workspace/tvm-dev/python/tvm/driver/build_module.py", line 297, in build
    rt_mod_host = _driver_ffi.tir_to_runtime(annotated_mods, target_host)
                  ^^^^^^^^^^^^^^^^^^^^^^^^^^^^^^^^^^^^^^^^^^^^^^^^^^^^^^^
  File "/workspace/tvm-dev/python/tvm/_ffi/_ctypes/packed_func.py", line 245, in __call__
    raise_last_ffi_error()
  File "/workspace/tvm-dev/python/tvm/_ffi/base.py", line 481, in raise_last_ffi_error
    raise py_err
ValueError: Traceback (most recent call last):
  33: tvm::runtime::PackedFuncObj::Extractor<tvm::runtime::PackedFuncSubObj<tvm::runtime::TypedPackedFunc<tvm::runtime::Module (tvm::runtime::Map<tvm::Target, tvm::IRModule, void, void> const&, tvm::Target)>::AssignTypedLambda<tvm::__mk_TVM24::{lambda(tvm::runtime::Map<tvm::Target, tvm::IRModule, void, void> const&, tvm::Target)#1}>(tvm::__mk_TVM24::{lambda(tvm::runtime::Map<tvm::Target, tvm::IRModule, void, void> const&, tvm::Target)#1}, std::__cxx11::basic_string<char, std::char_traits<char>, std::allocator<char> >)::{lambda(tvm::runtime::TVMArgs const&, tvm::runtime::TVMRetValue*)#1}> >::Call(tvm::runtime::PackedFuncObj const*, std::__cxx11::basic_string<char, std::char_traits<char>, std::allocator<char> >, tvm::runtime::TVMRetValue)
  32: tvm::TIRToRuntime(tvm::runtime::Map<tvm::Target, tvm::IRModule, void, void> const&, tvm::Target const&)
  31: tvm::codegen::Build(tvm::IRModule, tvm::Target)
  30: _ZN3tvm7runtime13PackedFuncObj
  29: tvm::runtime::TypedPackedFunc<tvm::runtime::Module (tvm::IRModule, tvm::Target)>::AssignTypedLambda<tvm::runtime::Module (*)(tvm::IRModule, tvm::Target)>(tvm::runtime::Module (*)(tvm::IRModule, tvm::Target), std::__cxx11::basic_string<char, std::char_traits<char>, std::allocator<char> >)::{lambda(tvm::runtime::TVMArgs const&, tvm::runtime::TVMRetValue*)#1}::operator()(tvm::runtime::TVMArgs const&, tvm::runtime::TVMRetValue*) const
  28: tvm::codegen::BuildCUDA(tvm::IRModule, tvm::Target)
  27: tvm::codegen::CodeGenC::AddFunction(tvm::GlobalVar const&, tvm::tir::PrimFunc const&)
  26: tvm::codegen::CodeGenCUDA::VisitStmt_(tvm::tir::AllocateNode const*)
  25: tvm::codegen::CodeGenCUDA::VisitStmt_(tvm::tir::AllocateNode const*)
  24: tvm::codegen::CodeGenCUDA::VisitStmt_(tvm::tir::AllocateNode const*)
  23: tvm::codegen::CodeGenCUDA::VisitStmt_(tvm::tir::AllocateNode const*)
  22: tvm::codegen::CodeGenC::VisitStmt_(tvm::tir::SeqStmtNode const*)
  21: tvm::codegen::CodeGenC::VisitStmt_(tvm::tir::ForNode const*)
  20: tvm::codegen::CodeGenC::VisitStmt_(tvm::tir::SeqStmtNode const*)
  19: tvm::codegen::CodeGenC::VisitStmt_(tvm::tir::BufferStoreNode const*)
  18: tvm::codegen::CodeGenC::PrintExpr[abi:cxx11](tvm::PrimExpr const&)
  17: tvm::codegen::CodeGenC::VisitExpr_(tvm::tir::BufferLoadNode const*, std::ostream&)
  16: tvm::codegen::CodeGenC::PrintExpr[abi:cxx11](tvm::PrimExpr const&)
  15: void tvm::codegen::PrintBinaryExpr<tvm::tir::AddNode>(tvm::tir::AddNode const*, char const*, std::ostream&, tvm::codegen::CodeGenC*)
  14: tvm::codegen::CodeGenCUDA::PrintVecBinaryOp(std::__cxx11::basic_string<char, std::char_traits<char>, std::allocator<char> > const&, tvm::runtime::DataType, tvm::PrimExpr, tvm::PrimExpr, std::ostream&)
  13: tvm::codegen::CodeGenC::PrintExpr[abi:cxx11](tvm::PrimExpr const&)
  12: void tvm::codegen::PrintBinaryExpr<tvm::tir::AddNode>(tvm::tir::AddNode const*, char const*, std::ostream&, tvm::codegen::CodeGenC*)
  11: tvm::codegen::CodeGenCUDA::PrintVecBinaryOp(std::__cxx11::basic_string<char, std::char_traits<char>, std::allocator<char> > const&, tvm::runtime::DataType, tvm::PrimExpr, tvm::PrimExpr, std::ostream&)
  10: tvm::codegen::CodeGenC::PrintExpr[abi:cxx11](tvm::PrimExpr const&)
  9: void tvm::codegen::PrintBinaryExpr<tvm::tir::AddNode>(tvm::tir::AddNode const*, char const*, std::ostream&, tvm::codegen::CodeGenC*)
  8: tvm::codegen::CodeGenCUDA::PrintVecBinaryOp(std::__cxx11::basic_string<char, std::char_traits<char>, std::allocator<char> > const&, tvm::runtime::DataType, tvm::PrimExpr, tvm::PrimExpr, std::ostream&)
  7: tvm::codegen::CodeGenC::PrintExpr[abi:cxx11](tvm::PrimExpr const&)
  6: void tvm::codegen::PrintBinaryExpr<tvm::tir::MulNode>(tvm::tir::MulNode const*, char const*, std::ostream&, tvm::codegen::CodeGenC*)
  5: tvm::codegen::CodeGenCUDA::PrintVecBinaryOp(std::__cxx11::basic_string<char, std::char_traits<char>, std::allocator<char> > const&, tvm::runtime::DataType, tvm::PrimExpr, tvm::PrimExpr, std::ostream&)
  4: tvm::codegen::CodeGenC::PrintExpr[abi:cxx11](tvm::PrimExpr const&)
  3: void tvm::codegen::PrintBinaryExpr<tvm::tir::DivNode>(tvm::tir::DivNode const*, char const*, std::ostream&, tvm::codegen::CodeGenC*)
  2: tvm::codegen::CodeGenCUDA::PrintVecBinaryOp(std::__cxx11::basic_string<char, std::char_traits<char>, std::allocator<char> > const&, tvm::runtime::DataType, tvm::PrimExpr, tvm::PrimExpr, std::ostream&)
  1: tvm::codegen::CodeGenC::PrintExpr[abi:cxx11](tvm::PrimExpr const&)
  0: tvm::codegen::CodeGenCUDA::VisitExpr_(tvm::tir::RampNode const*, std::ostream&)
  File "/workspace/tvm-dev/src/target/source/codegen_cuda.cc", line 1204
ValueError: Check failed: lanes <= 4 (8 vs. 4) : Ramp of more than 4 lanes is not allowed.

# from tvm.script import ir as I
# from tvm.script import tir as T

@I.ir_module
class Module:
    @T.prim_func
    def main(A: T.Buffer((1, 128, 28, 28), "float16"), W: T.Buffer((256, 128, 3, 3), "float16"), conv2d_nchw: T.Buffer((1, 256, 14, 14), "float16")):
        T.func_attr({"tir.noalias": T.bool(True)})
        # with T.block("root"):
        conv2d_nchw_reindex_pad_shared_dyn = T.alloc_buffer((13, 4, 1, 4, 16, 16), "float16", scope="shared.dyn")
        conv2d_nchw_reindex_pad_shared_dyn_wmma_accumulator = T.alloc_buffer((13, 4, 1, 4, 16, 16), "float16", scope="wmma.accumulator")
        pad_temp_reindex_pad_shared_dyn = T.alloc_buffer((208, 1152), "float16", scope="shared.dyn")
        W_reindex_shared_dyn = T.alloc_buffer((256, 1152), "float16", scope="shared.dyn")
        pad_temp_reindex_pad_shared_dyn_wmma_matrix_a = T.alloc_buffer((208, 1152), "float16", scope="wmma.matrix_a")
        W_reindex_shared_dyn_wmma_matrix_b = T.alloc_buffer((256, 1152), "float16", scope="wmma.matrix_b")
        for ax0_0_0_ax1_0_0_fused in T.thread_binding(4, thread="blockIdx.y", annotations={"pragma_auto_unroll_max_step": 512, "pragma_unroll_explicit": 1}):
            for ax0_0_1_ax1_0_1_fused in T.thread_binding(13, thread="blockIdx.x"):
                for ax0_0_2_ax1_0_2_fused in T.thread_binding(1, thread="threadIdx.y"):
                    for ax0_0_3_init, ax1_0_3_init, ax0_0_4_init, ax1_0_4_init in T.grid(1, 2, 1, 2):
                        with T.block("conv2d_nchw_o_init"):
                            v0_o = T.axis.spatial(13, ax0_0_1_ax1_0_1_fused + ax0_0_3_init + ax0_0_4_init)
                            v1_o = T.axis.spatial(16, ax0_0_0_ax1_0_0_fused * 4 + ax1_0_3_init * 2 + ax1_0_4_init)
                            T.reads()
                            T.writes(conv2d_nchw_reindex_pad_shared_dyn_wmma_accumulator[v0_o, v1_o // 4, 0, v1_o % 4, 0:16, 0:16])
                            T.block_attr({"meta_schedule.thread_extent_high_inclusive": 1024, "meta_schedule.thread_extent_low_inclusive": 32, "warp_execution": 1})
                            C = T.match_buffer(conv2d_nchw_reindex_pad_shared_dyn_wmma_accumulator[v0_o, v1_o // 4, 0, v1_o % 4, 0:16, 0:16], (16, 16), "float16", strides=("C_s0", "C_s1"), scope="wmma.accumulator", offset_factor=16)
                            T.tvm_fill_fragment(C.data, 16, 16, 16, C.elem_offset // C.strides[0] // 16 * (C.strides[0] // 16) + C.elem_offset % C.strides[0] // 16, T.float32(0.0))
                    for ax2_0_0 in range(6):
                        for ax0_ax1_fused_0 in range(48):
                            for ax0_ax1_fused_1 in T.thread_binding(1, thread="threadIdx.y"):
                                for ax0_ax1_fused_2 in T.thread_binding(32, thread="threadIdx.x"):
                                    for ax0_ax1_fused_3 in T.vectorized(2):
                                        with T.block("pad_temp_reindex_pad_shared.dyn"):
                                            v0 = T.axis.spatial(208, ax0_0_1_ax1_0_1_fused * 16 + (ax0_ax1_fused_0 * 64 + ax0_ax1_fused_1 * 64 + ax0_ax1_fused_2 * 2 + ax0_ax1_fused_3) // 192)
                                            v1 = T.axis.spatial(1152, ax2_0_0 * 192 + (ax0_ax1_fused_0 * 64 + ax0_ax1_fused_1 * 64 + ax0_ax1_fused_2 * 2 + ax0_ax1_fused_3) % 192)
                                            T.reads(A[0, v1 // 9, v0 // 14 * 2 + v1 % 9 // 3 - 1, v0 % 14 * 2 + v1 % 3 - 1])
                                            T.writes(pad_temp_reindex_pad_shared_dyn[v0, v1])
                                            T.block_attr({"buffer_dim_align": [[0, 0, 32, 8]]})
                                            pad_temp_reindex_pad_shared_dyn[v0, v1] = T.if_then_else(v0 < 196, T.if_then_else(1 <= v0 // 14 * 2 + v1 % 9 // 3 and v0 // 14 * 2 + v1 % 9 // 3 < 29 and 1 <= v0 % 14 * 2 + v1 % 3 and v0 % 14 * 2 + v1 % 3 < 29, A[0, v1 // 9, v0 // 14 * 2 + v1 % 9 // 3 - 1, v0 % 14 * 2 + v1 % 3 - 1], T.float16(0.0)), T.float16(0.0))
                        for ax0_ax1_fused_0 in range(48):
                            for ax0_ax1_fused_1 in T.thread_binding(1, thread="threadIdx.y"):
                                for ax0_ax1_fused_2 in T.thread_binding(32, thread="threadIdx.x"):
                                    for ax0_ax1_fused_3 in T.vectorized(8):
                                        with T.block("W_reindex_shared.dyn"):
                                            v0 = T.axis.spatial(256, ax0_0_0_ax1_0_0_fused * 64 + (ax0_ax1_fused_0 * 256 + ax0_ax1_fused_1 * 256 + ax0_ax1_fused_2 * 8 + ax0_ax1_fused_3) // 192)
                                            v1 = T.axis.spatial(1152, ax2_0_0 * 192 + (ax0_ax1_fused_0 * 256 + ax0_ax1_fused_1 * 256 + ax0_ax1_fused_2 * 8 + ax0_ax1_fused_3) % 192)
                                            T.reads(W[v0, v1 // 9, v1 % 9 // 3, v1 % 3])
                                            T.writes(W_reindex_shared_dyn[v0, v1])
                                            T.block_attr({"buffer_dim_align": [[0, 0, 32, 8]]})
                                            W_reindex_shared_dyn[v0, v1] = W[v0, v1 // 9, v1 % 9 // 3, v1 % 3]
                        for ax2_0_1 in range(12):
                            for ax0_0, ax1_0 in T.grid(1, 1):
                                with T.block("pad_temp_reindex_pad_shared.dyn_wmma.matrix_a_o"):
                                    v0_o = T.axis.spatial(13, ax0_0_1_ax1_0_1_fused + ax0_0)
                                    v1_o = T.axis.spatial(72, ax2_0_0 * 12 + ax2_0_1 + ax1_0)
                                    T.reads(pad_temp_reindex_pad_shared_dyn[v0_o * 16:v0_o * 16 + 16, v1_o * 16:v1_o * 16 + 16])
                                    T.writes(pad_temp_reindex_pad_shared_dyn_wmma_matrix_a[v0_o * 16:v0_o * 16 + 16, v1_o * 16:v1_o * 16 + 16])
                                    A_1 = T.match_buffer(pad_temp_reindex_pad_shared_dyn[v0_o * 16:v0_o * 16 + 16, v1_o * 16:v1_o * 16 + 16], (16, 16), "float16", strides=("A_s0", "A_s1"), scope="shared.dyn", offset_factor=16)
                                    C = T.match_buffer(pad_temp_reindex_pad_shared_dyn_wmma_matrix_a[v0_o * 16:v0_o * 16 + 16, v1_o * 16:v1_o * 16 + 16], (16, 16), "float16", strides=("C_s0", "C_s1"), scope="wmma.matrix_a", offset_factor=16)
                                    T.tvm_load_matrix_sync(C.data, 16, 16, 16, C.elem_offset // C.strides[0] // 16 * (C.strides[0] // 16) + C.elem_offset % C.strides[0] // 16, T.tvm_access_ptr(T.type_annotation("float16"), A_1.data, A_1.elem_offset, A_1.strides[0] * 16, 1), A_1.strides[0], "row_major")
                            for ax0_0, ax1_0 in T.grid(4, 1):
                                with T.block("W_reindex_shared.dyn_wmma.matrix_b_o"):
                                    v0_o = T.axis.spatial(16, ax0_0_0_ax1_0_0_fused * 4 + ax0_0)
                                    v1_o = T.axis.spatial(72, ax2_0_0 * 12 + ax2_0_1 + ax1_0)
                                    T.reads(W_reindex_shared_dyn[v0_o * 16:v0_o * 16 + 16, v1_o * 16:v1_o * 16 + 16])
                                    T.writes(W_reindex_shared_dyn_wmma_matrix_b[v0_o * 16:v0_o * 16 + 16, v1_o * 16:v1_o * 16 + 16])
                                    A_1 = T.match_buffer(W_reindex_shared_dyn[v0_o * 16:v0_o * 16 + 16, v1_o * 16:v1_o * 16 + 16], (16, 16), "float16", strides=("A_s0", "A_s1"), scope="shared.dyn", offset_factor=16)
                                    C = T.match_buffer(W_reindex_shared_dyn_wmma_matrix_b[v0_o * 16:v0_o * 16 + 16, v1_o * 16:v1_o * 16 + 16], (16, 16), "float16", strides=("C_s0", "C_s1"), scope="wmma.matrix_b", offset_factor=16)
                                    T.tvm_load_matrix_sync(C.data, 16, 16, 16, C.elem_offset // C.strides[0] // 16 * (C.strides[0] // 16) + C.elem_offset % C.strides[0] // 16, T.tvm_access_ptr(T.type_annotation("float16"), A_1.data, A_1.elem_offset, A_1.strides[0] * 16, 1), A_1.strides[0], "col_major")
                            for ax0_0_3, ax1_0_3, ax2_0_2, ax0_0_4, ax1_0_4 in T.grid(1, 2, 1, 1, 2):
                                with T.block("conv2d_nchw_o_update"):
                                    v0_o = T.axis.spatial(13, ax0_0_1_ax1_0_1_fused + ax0_0_3 + ax0_0_4)
                                    v1_o = T.axis.spatial(16, ax0_0_0_ax1_0_0_fused * 4 + ax1_0_3 * 2 + ax1_0_4)
                                    v2_o = T.axis.reduce(72, ax2_0_0 * 12 + ax2_0_1 + ax2_0_2)
                                    T.reads(conv2d_nchw_reindex_pad_shared_dyn_wmma_accumulator[v0_o, v1_o // 4, 0, v1_o % 4, 0:16, 0:16], pad_temp_reindex_pad_shared_dyn_wmma_matrix_a[v0_o * 16:v0_o * 16 + 16, v2_o * 16:v2_o * 16 + 16], W_reindex_shared_dyn_wmma_matrix_b[v1_o * 16:v1_o * 16 + 16, v2_o * 16:v2_o * 16 + 16])
                                    T.writes(conv2d_nchw_reindex_pad_shared_dyn_wmma_accumulator[v0_o, v1_o // 4, 0, v1_o % 4, 0:16, 0:16])
                                    T.block_attr({"meta_schedule.thread_extent_high_inclusive": 1024, "meta_schedule.thread_extent_low_inclusive": 32, "warp_execution": 1})
                                    A_1 = T.match_buffer(pad_temp_reindex_pad_shared_dyn_wmma_matrix_a[v0_o * 16:v0_o * 16 + 16, v2_o * 16:v2_o * 16 + 16], (16, 16), "float16", strides=("A_s0", "A_s1"), scope="wmma.matrix_a", offset_factor=16)
                                    B = T.match_buffer(W_reindex_shared_dyn_wmma_matrix_b[v1_o * 16:v1_o * 16 + 16, v2_o * 16:v2_o * 16 + 16], (16, 16), "float16", strides=("B_s0", "B_s1"), scope="wmma.matrix_b", offset_factor=16)
                                    C = T.match_buffer(conv2d_nchw_reindex_pad_shared_dyn_wmma_accumulator[v0_o, v1_o // 4, 0, v1_o % 4, 0:16, 0:16], (16, 16), "float16", strides=("C_s0", "C_s1"), scope="wmma.accumulator", offset_factor=16)
                                    T.tvm_mma_sync(C.data, C.elem_offset // C.strides[0] // 16 * (C.strides[0] // 16) + C.elem_offset % C.strides[0] // 16, A_1.data, A_1.elem_offset // A_1.strides[0] // 16 * (A_1.strides[0] // 16) + A_1.elem_offset % A_1.strides[0] // 16, B.data, B.elem_offset // B.strides[0] // 16 * (B.strides[0] // 16) + B.elem_offset % B.strides[0] // 16, C.data, C.elem_offset // C.strides[0] // 16 * (C.strides[0] // 16) + C.elem_offset % C.strides[0] // 16)
                for ax2 in range(1):
                    for ax0_ax1_fused in T.thread_binding(1, thread="threadIdx.y"):
                        for ax2_1, ax3 in T.grid(1, 4):
                            with T.block("conv2d_nchw_reindex_pad_shared.dyn_wmma.accumulator_o"):
                                v0_o, v1_o, v2_o, v3_o = T.axis.remap("SSSS", [ax0_0_1_ax1_0_1_fused, ax0_0_0_ax1_0_0_fused, ax2_1, ax3])
                                v4_o = T.axis.spatial(1, 0)
                                v5_o = T.axis.spatial(1, 0)
                                T.reads(conv2d_nchw_reindex_pad_shared_dyn_wmma_accumulator[v0_o, v1_o, v2_o, v3_o, 0:16, 0:16])
                                T.writes(conv2d_nchw_reindex_pad_shared_dyn[v0_o, v1_o, v2_o, v3_o, 0:16, 0:16])
                                A_1 = T.match_buffer(conv2d_nchw_reindex_pad_shared_dyn_wmma_accumulator[v0_o, v1_o, v2_o, v3_o, 0:16, 0:16], (16, 16), "float16", strides=("A_s0", "A_s1"), scope="wmma.accumulator", offset_factor=16)
                                C = T.match_buffer(conv2d_nchw_reindex_pad_shared_dyn[v0_o, v1_o, v2_o, v3_o, 0:16, 0:16], (16, 16), "float16", strides=("C_s0", "C_s1"), scope="shared.dyn", offset_factor=16)
                                T.tvm_store_matrix_sync(A_1.data, 16, 16, 16, A_1.elem_offset // A_1.strides[0] // 16 * (A_1.strides[0] // 16) + A_1.elem_offset % A_1.strides[0] // 16, T.tvm_access_ptr(T.type_annotation("float16"), C.data, C.elem_offset, C.strides[0] * 16, 2), C.strides[0], "row_major")
                    for ax0_ax1_ax3_ax4_ax5_fused_0 in range(16):
                        for ax0_ax1_ax3_ax4_ax5_fused_1 in T.thread_binding(1, thread="threadIdx.y"):
                            for ax0_ax1_ax3_ax4_ax5_fused_2 in T.thread_binding(32, thread="threadIdx.x"):
                                for ax0_ax1_ax3_ax4_ax5_fused_3 in T.vectorized(2):
                                    with T.block("conv2d_nchw_reindex_pad_shared.dyn"):
                                        v0, v1, v2 = T.axis.remap("SSS", [ax0_0_1_ax1_0_1_fused, ax0_0_0_ax1_0_0_fused, ax2])
                                        v3 = T.axis.spatial(4, (ax0_ax1_ax3_ax4_ax5_fused_0 * 64 + ax0_ax1_ax3_ax4_ax5_fused_1 * 64 + ax0_ax1_ax3_ax4_ax5_fused_2 * 2 + ax0_ax1_ax3_ax4_ax5_fused_3) // 256)
                                        v4 = T.axis.spatial(16, (ax0_ax1_ax3_ax4_ax5_fused_0 * 64 + ax0_ax1_ax3_ax4_ax5_fused_1 * 64 + ax0_ax1_ax3_ax4_ax5_fused_2 * 2 + ax0_ax1_ax3_ax4_ax5_fused_3) % 256 // 16)
                                        v5 = T.axis.spatial(16, (ax0_ax1_ax3_ax4_ax5_fused_0 * 64 + ax0_ax1_ax3_ax4_ax5_fused_1 * 64 + ax0_ax1_ax3_ax4_ax5_fused_2 * 2 + ax0_ax1_ax3_ax4_ax5_fused_3) % 16)
                                        T.where(ax0_0_1_ax1_0_1_fused * 16 + T.Mul(0, 16) + (((ax0_ax1_ax3_ax4_ax5_fused_0 + ax0_ax1_ax3_ax4_ax5_fused_1) * 32 + ax0_ax1_ax3_ax4_ax5_fused_2) * 2 + ax0_ax1_ax3_ax4_ax5_fused_3) % 256 // 16 < 196)
                                        T.reads(conv2d_nchw_reindex_pad_shared_dyn[v0, v1, v2, v3, v4, v5])
                                        T.writes(conv2d_nchw[0, v5 + v3 * 16 + v1 * 64, (v4 + v0 * 16) // 14, (v4 + v0 * 16) % 14])
                                        conv2d_nchw[0, v5 + v3 * 16 + v1 * 64, (v4 + v0 * 16) // 14, (v4 + v0 * 16) % 14] = conv2d_nchw_reindex_pad_shared_dyn[v0, v1, v2, v3, v4, v5]
b0 = sch.get_block(name="pad_temp", func_name="main")
b1 = sch.get_block(name="conv2d_nchw", func_name="main")
b2 = sch.get_block(name="root", func_name="main")
sch.annotate(block_or_loop=b1, ann_key="meta_schedule.tiling_structure", ann_val="SSSRRSRS")
b3 = sch.reindex(block=b1, buffer=("write", 0))
b4 = sch.reindex(block=b1, buffer=("read", 0))
b5 = sch.reindex(block=b1, buffer=("read", 1))
sch.transform_layout(block=b1, buffer=("read", 0), index_map=lambda v_nn, v_yy, v_xx, v_rc, v_ry, v_rx: (v_nn * 196 + v_yy * 14 + v_xx, v_rc * 9 + v_ry * 3 + v_rx,), pad_value=None, assume_injective_transform=True)
sch.transform_layout(block=b1, buffer=("read", 1), index_map=lambda v_ff, v_rc, v_ry, v_rx: (v_ff, v_rc * 9 + v_ry * 3 + v_rx,), pad_value=None, assume_injective_transform=True)
sch.transform_layout(block=b1, buffer=("write", 0), index_map=lambda v_nn, v_ff, v_yy, v_xx: (v_nn * 196 + v_yy * 14 + v_xx, v_ff,), pad_value=None, assume_injective_transform=True)
sch.transform_block_layout(block=b3, index_map=lambda v_nn, v_ff, v_yy, v_xx: (v_nn * 196 + v_yy * 14 + v_xx, v_ff,))
sch.transform_block_layout(block=b4, index_map=lambda v_nn, v_yy, v_xx, v_rc, v_ry, v_rx: (v_nn * 196 + v_yy * 14 + v_xx, v_rc * 9 + v_ry * 3 + v_rx,))
sch.transform_block_layout(block=b5, index_map=lambda v_ff, v_rc, v_ry, v_rx: (v_ff, v_rc * 9 + v_ry * 3 + v_rx,))
sch.transform_block_layout(block=b1, index_map=lambda v_nn, v_ff, v_yy, v_xx, v_rc, v_ry, v_rx: (v_nn * 196 + v_yy * 14 + v_xx, v_ff, v_rc * 9 + v_ry * 3 + v_rx,))
sch.pad_einsum(block=b1, padding=[16, 1, 1])
b6, b7 = sch.get_producers(block=b1)
b8, = sch.get_producers(block=b6)
b9, = sch.get_consumers(block=b1)
sch.compute_inline(block=b8)
sch.compute_inline(block=b9)
l10, l11, l12 = sch.get_loops(block=b1)
l13, l14 = sch.split(loop=l12, factors=[None, 16], preserve_unit_iters=True, disable_predication=False)
l15, l16 = sch.split(loop=l11, factors=[None, 16], preserve_unit_iters=True, disable_predication=False)
l17, l18 = sch.split(loop=l10, factors=[None, 16], preserve_unit_iters=True, disable_predication=False)
l19, l20, l21, l22, l23, l24 = sch.get_loops(block=b1)
sch.reorder(l21, l23, l18, l16, l14)
b25 = sch.blockize(target=l18, preserve_unit_iters=True)
sch.annotate(block_or_loop=b25, ann_key="meta_schedule.auto_tensorize", ann_val="wmma_sync_16x16x16_f16f16f16_trans")
sch.annotate(block_or_loop=b25, ann_key="meta_schedule.auto_tensorize_init", ann_val="wmma_fill_16x16x16_f16")
sch.annotate(block_or_loop=b25, ann_key="warp_execution", ann_val=1)
l26, l27, l28 = sch.get_loops(block=b25)
v29, v30, v31, v32, v33 = sch.sample_perfect_tile(loop=l26, n=5, max_innermost_factor=4, decision=[1, 13, 1, 1, 1])
l34, l35, l36, l37, l38 = sch.split(loop=l26, factors=[v29, v30, v31, v32, v33], preserve_unit_iters=True, disable_predication=False)
v39, v40, v41, v42, v43 = sch.sample_perfect_tile(loop=l27, n=5, max_innermost_factor=4, decision=[4, 1, 1, 2, 2])
l44, l45, l46, l47, l48 = sch.split(loop=l27, factors=[v39, v40, v41, v42, v43], preserve_unit_iters=True, disable_predication=False)
v49, v50, v51 = sch.sample_perfect_tile(loop=l28, n=3, max_innermost_factor=4, decision=[6, 12, 1])
l52, l53, l54 = sch.split(loop=l28, factors=[v49, v50, v51], preserve_unit_iters=True, disable_predication=False)
sch.reorder(l34, l44, l35, l45, l36, l46, l52, l53, l37, l47, l54, l38, l48)
l55 = sch.fuse(l34, l44, preserve_unit_iters=True)
sch.bind(loop=l55, thread_axis="blockIdx.y")
l56 = sch.fuse(l35, l45, preserve_unit_iters=True)
sch.bind(loop=l56, thread_axis="blockIdx.x")
l57 = sch.fuse(l36, l46, preserve_unit_iters=True)
sch.bind(loop=l57, thread_axis="threadIdx.y")
sch.annotate(block_or_loop=b25, ann_key="meta_schedule.thread_extent_low_inclusive", ann_val=32)
sch.annotate(block_or_loop=b25, ann_key="meta_schedule.thread_extent_high_inclusive", ann_val=1024)
sch.transform_layout(block=b25, buffer=("write", 0), index_map=lambda i0, i1: (i0 // 16 // (v32 * v33), i1 // 16 // (v42 * v43), i0 // 16 % (v32 * v33), i1 // 16 % (v42 * v43), i0 % 16, i1 % 16,), pad_value=None, assume_injective_transform=True)
b58 = sch.cache_write(block=b25, write_buffer_index=0, storage_scope="shared.dyn")
sch.reverse_compute_at(block=b58, loop=l56, preserve_unit_loops=True, index=-1)
b59 = sch.cache_write(block=b25, write_buffer_index=0, storage_scope="wmma.accumulator")
l60, l61, l62, l63, l64, l65, l66, l67 = sch.get_loops(block=b58)
sch.reorder(l64, l62, l63, l65)
sch.compute_at(block=b59, loop=l64, preserve_unit_loops=True, index=-1)
l68, l69, l70, l71, l72, l73, l74, l75, l76 = sch.get_loops(block=b59)
l77 = sch.fuse(l71, l72, preserve_unit_iters=True)
sch.bind(loop=l77, thread_axis="threadIdx.y")
sch.reverse_compute_inline(block=b3)
l78, l79, l80, l81, l82, l83, l84, l85 = sch.get_loops(block=b59)
b86 = sch.blockize(target=l84, preserve_unit_iters=True)
sch.annotate(block_or_loop=b86, ann_key="meta_schedule.auto_tensorize", ann_val="wmma_store_16x16x16_f16_shared_dyn")
l87, l88, l89, l90, l91, l92, l93, l94 = sch.get_loops(block=b58)
l95 = sch.fuse(l90, l91, l92, l93, l94, preserve_unit_iters=True)
v96 = sch.sample_categorical(candidates=[1, 2, 4, 8], probs=[0.25, 0.25, 0.25, 0.25], decision=1)
sch.annotate(block_or_loop=b58, ann_key="meta_schedule.cooperative_fetch", ann_val=v96)
b97 = sch.cache_read(block=b25, read_buffer_index=0, storage_scope="shared.dyn", consumer_blocks=[b25])
sch.compute_at(block=b97, loop=l52, preserve_unit_loops=True, index=-1)
l98, l99, l100, l101, l102, l103 = sch.get_loops(block=b97)
l104 = sch.fuse(l102, l103, preserve_unit_iters=True)
v105 = sch.sample_categorical(candidates=[1, 2, 4, 8], probs=[0.25, 0.25, 0.25, 0.25], decision=1)
sch.annotate(block_or_loop=b97, ann_key="meta_schedule.cooperative_fetch", ann_val=v105)
b106 = sch.cache_read(block=b25, read_buffer_index=1, storage_scope="shared.dyn", consumer_blocks=[b25])
sch.compute_at(block=b106, loop=l52, preserve_unit_loops=True, index=-1)
l107, l108, l109, l110, l111, l112 = sch.get_loops(block=b106)
l113 = sch.fuse(l111, l112, preserve_unit_iters=True)
v114 = sch.sample_categorical(candidates=[1, 2, 4, 8], probs=[0.25, 0.25, 0.25, 0.25], decision=3)
sch.annotate(block_or_loop=b106, ann_key="meta_schedule.cooperative_fetch", ann_val=v114)
b115 = sch.cache_read(block=b25, read_buffer_index=0, storage_scope="wmma.matrix_a")
sch.compute_at(block=b115, loop=l53, preserve_unit_loops=True, index=-1)
l116, l117, l118, l119, l120, l121, l122 = sch.get_loops(block=b115)
l123, l124 = sch.split(loop=l122, factors=[None, 16], preserve_unit_iters=True, disable_predication=False)
l125, l126 = sch.split(loop=l121, factors=[None, 16], preserve_unit_iters=True, disable_predication=False)
l127, l128, l129, l130, l131, l132, l133, l134, l135 = sch.get_loops(block=b115)
sch.reorder(l134, l126, l124)
b136 = sch.blockize(target=l126, preserve_unit_iters=True)
sch.annotate(block_or_loop=b136, ann_key="meta_schedule.auto_tensorize", ann_val="wmma_load_16x16x16_f16_a_shared_dyn")
b137 = sch.cache_read(block=b25, read_buffer_index=1, storage_scope="wmma.matrix_b")
sch.compute_at(block=b137, loop=l53, preserve_unit_loops=True, index=-1)
l138, l139, l140, l141, l142, l143, l144 = sch.get_loops(block=b137)
l145, l146 = sch.split(loop=l144, factors=[None, 16], preserve_unit_iters=True, disable_predication=False)
l147, l148 = sch.split(loop=l143, factors=[None, 16], preserve_unit_iters=True, disable_predication=False)
l149, l150, l151, l152, l153, l154, l155, l156, l157 = sch.get_loops(block=b137)
sch.reorder(l156, l148, l146)
b158 = sch.blockize(target=l148, preserve_unit_iters=True)
sch.annotate(block_or_loop=b158, ann_key="meta_schedule.auto_tensorize", ann_val="wmma_load_16x16x16_f16_b_trans_shared_dyn")
b159, = sch.get_producers(block=b97)
sch.compute_inline(block=b159)
sch.storage_align(block=b97, buffer_index=0, axis=-2, factor=32, offset=8)
b160, = sch.get_producers(block=b106)
sch.compute_inline(block=b160)
sch.storage_align(block=b106, buffer_index=0, axis=-2, factor=32, offset=8)
sch.compute_inline(block=b0)
v161 = sch.sample_categorical(candidates=[0, 16, 64, 512, 1024], probs=[0.20000000000000001, 0.20000000000000001, 0.20000000000000001, 0.20000000000000001, 0.20000000000000001], decision=3)
sch.annotate(block_or_loop=b2, ann_key="meta_schedule.unroll_explicit", ann_val=v161)
sch.enter_postproc()
sch.unannotate(block_or_loop=b58, ann_key="meta_schedule.cooperative_fetch")
l162, l163, l164, l165 = sch.get_loops(block=b58)
l166, l167, l168, l169 = sch.split(loop=l165, factors=[None, 1, 32, 2], preserve_unit_iters=True, disable_predication=False)
sch.vectorize(loop=l169)
sch.bind(loop=l168, thread_axis="threadIdx.x")
sch.bind(loop=l167, thread_axis="threadIdx.y")
sch.unannotate(block_or_loop=b97, ann_key="meta_schedule.cooperative_fetch")
l170, l171, l172, l173, l174 = sch.get_loops(block=b97)
l175, l176, l177, l178 = sch.split(loop=l174, factors=[None, 1, 32, 2], preserve_unit_iters=True, disable_predication=False)
sch.vectorize(loop=l178)
sch.bind(loop=l177, thread_axis="threadIdx.x")
sch.bind(loop=l176, thread_axis="threadIdx.y")
sch.unannotate(block_or_loop=b106, ann_key="meta_schedule.cooperative_fetch")
l179, l180, l181, l182, l183 = sch.get_loops(block=b106)
l184, l185, l186, l187 = sch.split(loop=l183, factors=[None, 1, 32, 8], preserve_unit_iters=True, disable_predication=False)
sch.vectorize(loop=l187)
sch.bind(loop=l186, thread_axis="threadIdx.x")
sch.bind(loop=l185, thread_axis="threadIdx.y")
b188 = sch.get_block(name="root", func_name="main")
sch.unannotate(block_or_loop=b188, ann_key="meta_schedule.unroll_explicit")
b189, b190, b191, b192, b193, b194, b195 = sch.get_child_blocks(b188)
l196, l197, l198, l199, l200, l201, l202, l203 = sch.get_loops(block=b189)
l204, l205, l206, l207, l208, l209, l210, l211 = sch.get_loops(block=b190)
l212, l213, l214, l215, l216, l217, l218 = sch.get_loops(block=b191)
l219, l220, l221, l222, l223, l224, l225 = sch.get_loops(block=b192)
l226, l227, l228, l229, l230, l231, l232, l233, l234, l235 = sch.get_loops(block=b193)
sch.annotate(block_or_loop=l226, ann_key="pragma_auto_unroll_max_step", ann_val=512)
sch.annotate(block_or_loop=l226, ann_key="pragma_unroll_explicit", ann_val=1)
l236, l237, l238, l239, l240, l241 = sch.get_loops(block=b194)
l242, l243, l244, l245, l246, l247, l248 = sch.get_loops(block=b195)
b249 = sch.get_block(name="conv2d_nchw_o", func_name="main")
l250, l251, l252, l253, l254, l255, l256, l257, l258, l259 = sch.get_loops(block=b249)
b260 = sch.decompose_reduction(block=b249, loop=l253)
sch.unannotate(block_or_loop=b260, ann_key="meta_schedule.auto_tensorize")
sch.annotate(block_or_loop=b260, ann_key="meta_schedule.auto_tensorize", ann_val="wmma_fill_16x16x16_f16")
sch.unannotate(block_or_loop=b249, ann_key="meta_schedule.auto_tensorize_init")
sch.unannotate(block_or_loop=b260, ann_key="meta_schedule.auto_tensorize_init")
b261 = sch.get_block(name="conv2d_nchw_o_init", func_name="main")
sch.unannotate(block_or_loop=b261, ann_key="meta_schedule.auto_tensorize")
sch.tensorize(block_or_loop=b261, tensor_intrin="wmma_fill_16x16x16_f16", preserve_unit_iters=True)
b262 = sch.get_block(name="pad_temp_reindex_pad_shared.dyn_wmma.matrix_a_o", func_name="main")
sch.unannotate(block_or_loop=b262, ann_key="meta_schedule.auto_tensorize")
sch.tensorize(block_or_loop=b262, tensor_intrin="wmma_load_16x16x16_f16_a_shared_dyn", preserve_unit_iters=True)
b263 = sch.get_block(name="W_reindex_shared.dyn_wmma.matrix_b_o", func_name="main")
sch.unannotate(block_or_loop=b263, ann_key="meta_schedule.auto_tensorize")
sch.tensorize(block_or_loop=b263, tensor_intrin="wmma_load_16x16x16_f16_b_trans_shared_dyn", preserve_unit_iters=True)
b264 = sch.get_block(name="conv2d_nchw_o_update", func_name="main")
sch.unannotate(block_or_loop=b264, ann_key="meta_schedule.auto_tensorize")
sch.tensorize(block_or_loop=b264, tensor_intrin="wmma_sync_16x16x16_f16f16f16_trans", preserve_unit_iters=True)
b265 = sch.get_block(name="conv2d_nchw_reindex_pad_shared.dyn_wmma.accumulator_o", func_name="main")
sch.unannotate(block_or_loop=b265, ann_key="meta_schedule.auto_tensorize")
sch.tensorize(block_or_loop=b265, tensor_intrin="wmma_store_16x16x16_f16_shared_dyn", preserve_unit_iters=True)
2025-10-07 10:08:59 [INFO] [task_scheduler.cc:131] [Task #0: main] Trial #37: GFLOPs: 1637.0059. Time: 70.6201 us. Best GFLOPs: 5905.9412
2025-10-07 10:08:59 [INFO] [task_scheduler.cc:131] [Task #0: main] Trial #38: GFLOPs: 2627.6986. Time: 43.9950 us. Best GFLOPs: 5905.9412
2025-10-07 10:08:59 [INFO] [task_scheduler.cc:131] [Task #0: main] Trial #39: GFLOPs: 1684.5405. Time: 68.6273 us. Best GFLOPs: 5905.9412
2025-10-07 10:08:59 [INFO] [task_scheduler.cc:131] [Task #0: main] Trial #40: GFLOPs: 1993.2789. Time: 57.9977 us. Best GFLOPs: 5905.9412
2025-10-07 10:08:59 [INFO] [task_scheduler.cc:131] [Task #0: main] Trial #41: GFLOPs: 4571.9080. Time: 25.2861 us. Best GFLOPs: 5905.9412
2025-10-07 10:08:59 [INFO] [task_scheduler.cc:131] [Task #0: main] Trial #42: GFLOPs: 1930.6014. Time: 59.8806 us. Best GFLOPs: 5905.9412
2025-10-07 10:08:59 [INFO] [task_scheduler.cc:131] [Task #0: main] Trial #43: GFLOPs: 6610.7619. Time: 17.4875 us. Best GFLOPs: 6610.7619
2025-10-07 10:08:59 [INFO] [task_scheduler.cc:131] [Task #0: main] Trial #44: GFLOPs: 151.5961. Time: 762.5888 us. Best GFLOPs: 6610.7619
2025-10-07 10:08:59 [INFO] [task_scheduler.cc:131] [Task #0: main] Trial #45: GFLOPs: 1341.2340. Time: 86.1934 us. Best GFLOPs: 6610.7619
2025-10-07 10:08:59 [INFO] [task_scheduler.cc:131] [Task #0: main] Trial #46: GFLOPs: 1285.9169. Time: 89.9012 us. Best GFLOPs: 6610.7619
2025-10-07 10:08:59 [INFO] [task_scheduler.cc:131] [Task #0: main] Trial #47: GFLOPs: 2874.4957. Time: 40.2177 us. Best GFLOPs: 6610.7619
2025-10-07 10:08:59 [INFO] [task_scheduler.cc:121] [Task #0: main] Trial #48: Error in building:
LocalBuilder: An exception occurred
Traceback (most recent call last):
  File "/workspace/tvm-dev/python/tvm/exec/popen_worker.py", line 87, in main
    result = fn(*args, **kwargs)
             ^^^^^^^^^^^^^^^^^^^
  File "/workspace/tvm-dev/python/tvm/meta_schedule/builder/local_builder.py", line 165, in <lambda>
    lambda x: _worker_func(*x),
              ^^^^^^^^^^^^^^^^
  File "/workspace/tvm-dev/python/tvm/meta_schedule/builder/local_builder.py", line 231, in _worker_func
    rt_mod: Module = f_build(mod, target, _deserialize_params(params))
                     ^^^^^^^^^^^^^^^^^^^^^^^^^^^^^^^^^^^^^^^^^^^^^^^^^
  File "/workspace/tvm-dev/python/tvm/_ffi/_ctypes/packed_func.py", line 245, in __call__
    raise_last_ffi_error()
  File "/workspace/tvm-dev/python/tvm/_ffi/base.py", line 481, in raise_last_ffi_error
    raise py_err
  File "/workspace/tvm-dev/python/tvm/meta_schedule/builder/local_builder.py", line 261, in default_build
    return tvm_build(mod, target=target)
           ^^^^^^^^^^^^^^^^^^^^^^^^^^^^^
  File "/workspace/tvm-dev/python/tvm/driver/build_module.py", line 297, in build
    rt_mod_host = _driver_ffi.tir_to_runtime(annotated_mods, target_host)
                  ^^^^^^^^^^^^^^^^^^^^^^^^^^^^^^^^^^^^^^^^^^^^^^^^^^^^^^^
  File "/workspace/tvm-dev/python/tvm/_ffi/_ctypes/packed_func.py", line 245, in __call__
    raise_last_ffi_error()
  File "/workspace/tvm-dev/python/tvm/_ffi/base.py", line 481, in raise_last_ffi_error
    raise py_err
ValueError: Traceback (most recent call last):
  34: tvm::runtime::PackedFuncObj::Extractor<tvm::runtime::PackedFuncSubObj<tvm::runtime::TypedPackedFunc<tvm::runtime::Module (tvm::runtime::Map<tvm::Target, tvm::IRModule, void, void> const&, tvm::Target)>::AssignTypedLambda<tvm::__mk_TVM24::{lambda(tvm::runtime::Map<tvm::Target, tvm::IRModule, void, void> const&, tvm::Target)#1}>(tvm::__mk_TVM24::{lambda(tvm::runtime::Map<tvm::Target, tvm::IRModule, void, void> const&, tvm::Target)#1}, std::__cxx11::basic_string<char, std::char_traits<char>, std::allocator<char> >)::{lambda(tvm::runtime::TVMArgs const&, tvm::runtime::TVMRetValue*)#1}> >::Call(tvm::runtime::PackedFuncObj const*, std::__cxx11::basic_string<char, std::char_traits<char>, std::allocator<char> >, tvm::runtime::TVMRetValue)
  33: tvm::TIRToRuntime(tvm::runtime::Map<tvm::Target, tvm::IRModule, void, void> const&, tvm::Target const&)
  32: tvm::codegen::Build(tvm::IRModule, tvm::Target)
  31: _ZN3tvm7runtime13PackedFuncObj
  30: tvm::runtime::TypedPackedFunc<tvm::runtime::Module (tvm::IRModule, tvm::Target)>::AssignTypedLambda<tvm::runtime::Module (*)(tvm::IRModule, tvm::Target)>(tvm::runtime::Module (*)(tvm::IRModule, tvm::Target), std::__cxx11::basic_string<char, std::char_traits<char>, std::allocator<char> >)::{lambda(tvm::runtime::TVMArgs const&, tvm::runtime::TVMRetValue*)#1}::operator()(tvm::runtime::TVMArgs const&, tvm::runtime::TVMRetValue*) const
  29: tvm::codegen::BuildCUDA(tvm::IRModule, tvm::Target)
  28: tvm::codegen::CodeGenC::AddFunction(tvm::GlobalVar const&, tvm::tir::PrimFunc const&)
  27: tvm::codegen::CodeGenCUDA::VisitStmt_(tvm::tir::AllocateNode const*)
  26: tvm::codegen::CodeGenCUDA::VisitStmt_(tvm::tir::AllocateNode const*)
  25: tvm::codegen::CodeGenCUDA::VisitStmt_(tvm::tir::AllocateNode const*)
  24: tvm::codegen::CodeGenCUDA::VisitStmt_(tvm::tir::AllocateNode const*)
  23: tvm::codegen::CodeGenC::VisitStmt_(tvm::tir::SeqStmtNode const*)
  22: tvm::codegen::CodeGenC::VisitStmt_(tvm::tir::ForNode const*)
  21: tvm::codegen::CodeGenC::VisitStmt_(tvm::tir::SeqStmtNode const*)
  20: tvm::codegen::CodeGenC::VisitStmt_(tvm::tir::ForNode const*)
  19: tvm::codegen::CodeGenC::VisitStmt_(tvm::tir::BufferStoreNode const*)
  18: tvm::codegen::CodeGenC::PrintExpr[abi:cxx11](tvm::PrimExpr const&)
  17: tvm::codegen::CodeGenC::VisitExpr_(tvm::tir::BufferLoadNode const*, std::ostream&)
  16: tvm::codegen::CodeGenC::PrintExpr[abi:cxx11](tvm::PrimExpr const&)
  15: void tvm::codegen::PrintBinaryExpr<tvm::tir::AddNode>(tvm::tir::AddNode const*, char const*, std::ostream&, tvm::codegen::CodeGenC*)
  14: tvm::codegen::CodeGenCUDA::PrintVecBinaryOp(std::__cxx11::basic_string<char, std::char_traits<char>, std::allocator<char> > const&, tvm::runtime::DataType, tvm::PrimExpr, tvm::PrimExpr, std::ostream&)
  13: tvm::codegen::CodeGenC::PrintExpr[abi:cxx11](tvm::PrimExpr const&)
  12: void tvm::codegen::PrintBinaryExpr<tvm::tir::AddNode>(tvm::tir::AddNode const*, char const*, std::ostream&, tvm::codegen::CodeGenC*)
  11: tvm::codegen::CodeGenCUDA::PrintVecBinaryOp(std::__cxx11::basic_string<char, std::char_traits<char>, std::allocator<char> > const&, tvm::runtime::DataType, tvm::PrimExpr, tvm::PrimExpr, std::ostream&)
  10: tvm::codegen::CodeGenC::PrintExpr[abi:cxx11](tvm::PrimExpr const&)
  9: void tvm::codegen::PrintBinaryExpr<tvm::tir::AddNode>(tvm::tir::AddNode const*, char const*, std::ostream&, tvm::codegen::CodeGenC*)
  8: tvm::codegen::CodeGenCUDA::PrintVecBinaryOp(std::__cxx11::basic_string<char, std::char_traits<char>, std::allocator<char> > const&, tvm::runtime::DataType, tvm::PrimExpr, tvm::PrimExpr, std::ostream&)
  7: tvm::codegen::CodeGenC::PrintExpr[abi:cxx11](tvm::PrimExpr const&)
  6: void tvm::codegen::PrintBinaryExpr<tvm::tir::MulNode>(tvm::tir::MulNode const*, char const*, std::ostream&, tvm::codegen::CodeGenC*)
  5: tvm::codegen::CodeGenCUDA::PrintVecBinaryOp(std::__cxx11::basic_string<char, std::char_traits<char>, std::allocator<char> > const&, tvm::runtime::DataType, tvm::PrimExpr, tvm::PrimExpr, std::ostream&)
  4: tvm::codegen::CodeGenC::PrintExpr[abi:cxx11](tvm::PrimExpr const&)
  3: void tvm::codegen::PrintBinaryExpr<tvm::tir::DivNode>(tvm::tir::DivNode const*, char const*, std::ostream&, tvm::codegen::CodeGenC*)
  2: tvm::codegen::CodeGenCUDA::PrintVecBinaryOp(std::__cxx11::basic_string<char, std::char_traits<char>, std::allocator<char> > const&, tvm::runtime::DataType, tvm::PrimExpr, tvm::PrimExpr, std::ostream&)
  1: tvm::codegen::CodeGenC::PrintExpr[abi:cxx11](tvm::PrimExpr const&)
  0: tvm::codegen::CodeGenCUDA::VisitExpr_(tvm::tir::RampNode const*, std::ostream&)
  File "/workspace/tvm-dev/src/target/source/codegen_cuda.cc", line 1204
ValueError: Check failed: lanes <= 4 (8 vs. 4) : Ramp of more than 4 lanes is not allowed.

# from tvm.script import ir as I
# from tvm.script import tir as T

@I.ir_module
class Module:
    @T.prim_func
    def main(A: T.Buffer((1, 128, 28, 28), "float16"), W: T.Buffer((256, 128, 3, 3), "float16"), conv2d_nchw: T.Buffer((1, 256, 14, 14), "float16")):
        T.func_attr({"tir.noalias": T.bool(True)})
        # with T.block("root"):
        conv2d_nchw_reindex_pad_shared_dyn = T.alloc_buffer((13, 4, 1, 4, 16, 16), "float16", scope="shared.dyn")
        conv2d_nchw_reindex_pad_shared_dyn_wmma_accumulator = T.alloc_buffer((13, 4, 1, 4, 16, 16), "float16", scope="wmma.accumulator")
        pad_temp_reindex_pad_shared_dyn = T.alloc_buffer((208, 1152), "float16", scope="shared.dyn")
        W_reindex_shared_dyn = T.alloc_buffer((256, 1152), "float16", scope="shared.dyn")
        pad_temp_reindex_pad_shared_dyn_wmma_matrix_a = T.alloc_buffer((208, 1152), "float16", scope="wmma.matrix_a")
        W_reindex_shared_dyn_wmma_matrix_b = T.alloc_buffer((256, 1152), "float16", scope="wmma.matrix_b")
        for ax0_0_0_ax1_0_0_fused in T.thread_binding(13, thread="blockIdx.y"):
            for ax0_0_1_ax1_0_1_fused in T.thread_binding(4, thread="blockIdx.x"):
                for ax0_0_2_ax1_0_2_fused in T.thread_binding(1, thread="threadIdx.y"):
                    for ax0_0_3_init, ax1_0_3_init, ax0_0_4_init, ax1_0_4_init in T.grid(1, 4, 1, 1):
                        with T.block("conv2d_nchw_o_init"):
                            v0_o = T.axis.spatial(13, ax0_0_0_ax1_0_0_fused + ax0_0_3_init + ax0_0_4_init)
                            v1_o = T.axis.spatial(16, ax0_0_1_ax1_0_1_fused * 4 + ax1_0_3_init + ax1_0_4_init)
                            T.reads()
                            T.writes(conv2d_nchw_reindex_pad_shared_dyn_wmma_accumulator[v0_o, v1_o // 4, 0, v1_o % 4, 0:16, 0:16])
                            T.block_attr({"meta_schedule.thread_extent_high_inclusive": 1024, "meta_schedule.thread_extent_low_inclusive": 32, "warp_execution": 1})
                            C = T.match_buffer(conv2d_nchw_reindex_pad_shared_dyn_wmma_accumulator[v0_o, v1_o // 4, 0, v1_o % 4, 0:16, 0:16], (16, 16), "float16", strides=("C_s0", "C_s1"), scope="wmma.accumulator", offset_factor=16)
                            T.tvm_fill_fragment(C.data, 16, 16, 16, C.elem_offset // C.strides[0] // 16 * (C.strides[0] // 16) + C.elem_offset % C.strides[0] // 16, T.float32(0.0))
                    for ax2_0_0 in range(72):
                        for ax0_ax1_fused_0 in range(2):
                            for ax0_ax1_fused_1 in T.thread_binding(1, thread="threadIdx.y"):
                                for ax0_ax1_fused_2 in T.thread_binding(32, thread="threadIdx.x"):
                                    for ax0_ax1_fused_3 in T.vectorized(4):
                                        with T.block("pad_temp_reindex_pad_shared.dyn"):
                                            v0 = T.axis.spatial(208, ax0_0_0_ax1_0_0_fused * 16 + (ax0_ax1_fused_0 * 128 + ax0_ax1_fused_1 * 128 + ax0_ax1_fused_2 * 4 + ax0_ax1_fused_3) // 16)
                                            v1 = T.axis.spatial(1152, ax2_0_0 * 16 + (ax0_ax1_fused_0 * 128 + ax0_ax1_fused_1 * 128 + ax0_ax1_fused_2 * 4 + ax0_ax1_fused_3) % 16)
                                            T.reads(A[0, v1 // 9, v0 // 14 * 2 + v1 % 9 // 3 - 1, v0 % 14 * 2 + v1 % 3 - 1])
                                            T.writes(pad_temp_reindex_pad_shared_dyn[v0, v1])
                                            T.block_attr({"buffer_dim_align": [[0, 0, 32, 8]]})
                                            pad_temp_reindex_pad_shared_dyn[v0, v1] = T.if_then_else(v0 < 196, T.if_then_else(1 <= v0 // 14 * 2 + v1 % 9 // 3 and v0 // 14 * 2 + v1 % 9 // 3 < 29 and 1 <= v0 % 14 * 2 + v1 % 3 and v0 % 14 * 2 + v1 % 3 < 29, A[0, v1 // 9, v0 // 14 * 2 + v1 % 9 // 3 - 1, v0 % 14 * 2 + v1 % 3 - 1], T.float16(0.0)), T.float16(0.0))
                        for ax0_ax1_fused_0 in range(4):
                            for ax0_ax1_fused_1 in T.thread_binding(1, thread="threadIdx.y"):
                                for ax0_ax1_fused_2 in T.thread_binding(32, thread="threadIdx.x"):
                                    for ax0_ax1_fused_3 in T.vectorized(8):
                                        with T.block("W_reindex_shared.dyn"):
                                            v0 = T.axis.spatial(256, ax0_0_1_ax1_0_1_fused * 64 + (ax0_ax1_fused_0 * 256 + ax0_ax1_fused_1 * 256 + ax0_ax1_fused_2 * 8 + ax0_ax1_fused_3) // 16)
                                            v1 = T.axis.spatial(1152, ax2_0_0 * 16 + (ax0_ax1_fused_0 * 256 + ax0_ax1_fused_1 * 256 + ax0_ax1_fused_2 * 8 + ax0_ax1_fused_3) % 16)
                                            T.reads(W[v0, v1 // 9, v1 % 9 // 3, v1 % 3])
                                            T.writes(W_reindex_shared_dyn[v0, v1])
                                            T.block_attr({"buffer_dim_align": [[0, 0, 32, 8]]})
                                            W_reindex_shared_dyn[v0, v1] = W[v0, v1 // 9, v1 % 9 // 3, v1 % 3]
                        for ax2_0_1 in range(1):
                            for ax0_0, ax1_0 in T.grid(1, 1):
                                with T.block("pad_temp_reindex_pad_shared.dyn_wmma.matrix_a_o"):
                                    v0_o = T.axis.spatial(13, ax0_0_0_ax1_0_0_fused + ax0_0)
                                    v1_o = T.axis.spatial(72, ax2_0_0 + ax1_0)
                                    T.reads(pad_temp_reindex_pad_shared_dyn[v0_o * 16:v0_o * 16 + 16, v1_o * 16:v1_o * 16 + 16])
                                    T.writes(pad_temp_reindex_pad_shared_dyn_wmma_matrix_a[v0_o * 16:v0_o * 16 + 16, v1_o * 16:v1_o * 16 + 16])
                                    A_1 = T.match_buffer(pad_temp_reindex_pad_shared_dyn[v0_o * 16:v0_o * 16 + 16, v1_o * 16:v1_o * 16 + 16], (16, 16), "float16", strides=("A_s0", "A_s1"), scope="shared.dyn", offset_factor=16)
                                    C = T.match_buffer(pad_temp_reindex_pad_shared_dyn_wmma_matrix_a[v0_o * 16:v0_o * 16 + 16, v1_o * 16:v1_o * 16 + 16], (16, 16), "float16", strides=("C_s0", "C_s1"), scope="wmma.matrix_a", offset_factor=16)
                                    T.tvm_load_matrix_sync(C.data, 16, 16, 16, C.elem_offset // C.strides[0] // 16 * (C.strides[0] // 16) + C.elem_offset % C.strides[0] // 16, T.tvm_access_ptr(T.type_annotation("float16"), A_1.data, A_1.elem_offset, A_1.strides[0] * 16, 1), A_1.strides[0], "row_major")
                            for ax0_0, ax1_0 in T.grid(4, 1):
                                with T.block("W_reindex_shared.dyn_wmma.matrix_b_o"):
                                    v0_o = T.axis.spatial(16, ax0_0_1_ax1_0_1_fused * 4 + ax0_0)
                                    v1_o = T.axis.spatial(72, ax2_0_0 + ax1_0)
                                    T.reads(W_reindex_shared_dyn[v0_o * 16:v0_o * 16 + 16, v1_o * 16:v1_o * 16 + 16])
                                    T.writes(W_reindex_shared_dyn_wmma_matrix_b[v0_o * 16:v0_o * 16 + 16, v1_o * 16:v1_o * 16 + 16])
                                    A_1 = T.match_buffer(W_reindex_shared_dyn[v0_o * 16:v0_o * 16 + 16, v1_o * 16:v1_o * 16 + 16], (16, 16), "float16", strides=("A_s0", "A_s1"), scope="shared.dyn", offset_factor=16)
                                    C = T.match_buffer(W_reindex_shared_dyn_wmma_matrix_b[v0_o * 16:v0_o * 16 + 16, v1_o * 16:v1_o * 16 + 16], (16, 16), "float16", strides=("C_s0", "C_s1"), scope="wmma.matrix_b", offset_factor=16)
                                    T.tvm_load_matrix_sync(C.data, 16, 16, 16, C.elem_offset // C.strides[0] // 16 * (C.strides[0] // 16) + C.elem_offset % C.strides[0] // 16, T.tvm_access_ptr(T.type_annotation("float16"), A_1.data, A_1.elem_offset, A_1.strides[0] * 16, 1), A_1.strides[0], "col_major")
                            for ax0_0_3, ax1_0_3, ax2_0_2, ax0_0_4, ax1_0_4 in T.grid(1, 4, 1, 1, 1):
                                with T.block("conv2d_nchw_o_update"):
                                    v0_o = T.axis.spatial(13, ax0_0_0_ax1_0_0_fused + ax0_0_3 + ax0_0_4)
                                    v1_o = T.axis.spatial(16, ax0_0_1_ax1_0_1_fused * 4 + ax1_0_3 + ax1_0_4)
                                    v2_o = T.axis.reduce(72, ax2_0_0 + ax2_0_1 + ax2_0_2)
                                    T.reads(conv2d_nchw_reindex_pad_shared_dyn_wmma_accumulator[v0_o, v1_o // 4, 0, v1_o % 4, 0:16, 0:16], pad_temp_reindex_pad_shared_dyn_wmma_matrix_a[v0_o * 16:v0_o * 16 + 16, v2_o * 16:v2_o * 16 + 16], W_reindex_shared_dyn_wmma_matrix_b[v1_o * 16:v1_o * 16 + 16, v2_o * 16:v2_o * 16 + 16])
                                    T.writes(conv2d_nchw_reindex_pad_shared_dyn_wmma_accumulator[v0_o, v1_o // 4, 0, v1_o % 4, 0:16, 0:16])
                                    T.block_attr({"meta_schedule.thread_extent_high_inclusive": 1024, "meta_schedule.thread_extent_low_inclusive": 32, "warp_execution": 1})
                                    A_1 = T.match_buffer(pad_temp_reindex_pad_shared_dyn_wmma_matrix_a[v0_o * 16:v0_o * 16 + 16, v2_o * 16:v2_o * 16 + 16], (16, 16), "float16", strides=("A_s0", "A_s1"), scope="wmma.matrix_a", offset_factor=16)
                                    B = T.match_buffer(W_reindex_shared_dyn_wmma_matrix_b[v1_o * 16:v1_o * 16 + 16, v2_o * 16:v2_o * 16 + 16], (16, 16), "float16", strides=("B_s0", "B_s1"), scope="wmma.matrix_b", offset_factor=16)
                                    C = T.match_buffer(conv2d_nchw_reindex_pad_shared_dyn_wmma_accumulator[v0_o, v1_o // 4, 0, v1_o % 4, 0:16, 0:16], (16, 16), "float16", strides=("C_s0", "C_s1"), scope="wmma.accumulator", offset_factor=16)
                                    T.tvm_mma_sync(C.data, C.elem_offset // C.strides[0] // 16 * (C.strides[0] // 16) + C.elem_offset % C.strides[0] // 16, A_1.data, A_1.elem_offset // A_1.strides[0] // 16 * (A_1.strides[0] // 16) + A_1.elem_offset % A_1.strides[0] // 16, B.data, B.elem_offset // B.strides[0] // 16 * (B.strides[0] // 16) + B.elem_offset % B.strides[0] // 16, C.data, C.elem_offset // C.strides[0] // 16 * (C.strides[0] // 16) + C.elem_offset % C.strides[0] // 16)
                for ax2 in range(1):
                    for ax0_ax1_fused in T.thread_binding(1, thread="threadIdx.y"):
                        for ax2_1, ax3 in T.grid(1, 4):
                            with T.block("conv2d_nchw_reindex_pad_shared.dyn_wmma.accumulator_o"):
                                v0_o, v1_o, v2_o, v3_o = T.axis.remap("SSSS", [ax0_0_0_ax1_0_0_fused, ax0_0_1_ax1_0_1_fused, ax2_1, ax3])
                                v4_o = T.axis.spatial(1, 0)
                                v5_o = T.axis.spatial(1, 0)
                                T.reads(conv2d_nchw_reindex_pad_shared_dyn_wmma_accumulator[v0_o, v1_o, v2_o, v3_o, 0:16, 0:16])
                                T.writes(conv2d_nchw_reindex_pad_shared_dyn[v0_o, v1_o, v2_o, v3_o, 0:16, 0:16])
                                A_1 = T.match_buffer(conv2d_nchw_reindex_pad_shared_dyn_wmma_accumulator[v0_o, v1_o, v2_o, v3_o, 0:16, 0:16], (16, 16), "float16", strides=("A_s0", "A_s1"), scope="wmma.accumulator", offset_factor=16)
                                C = T.match_buffer(conv2d_nchw_reindex_pad_shared_dyn[v0_o, v1_o, v2_o, v3_o, 0:16, 0:16], (16, 16), "float16", strides=("C_s0", "C_s1"), scope="shared.dyn", offset_factor=16)
                                T.tvm_store_matrix_sync(A_1.data, 16, 16, 16, A_1.elem_offset // A_1.strides[0] // 16 * (A_1.strides[0] // 16) + A_1.elem_offset % A_1.strides[0] // 16, T.tvm_access_ptr(T.type_annotation("float16"), C.data, C.elem_offset, C.strides[0] * 16, 2), C.strides[0], "row_major")
                    for ax0_ax1_ax3_ax4_ax5_fused_0 in range(32):
                        for ax0_ax1_ax3_ax4_ax5_fused_1 in T.thread_binding(1, thread="threadIdx.y"):
                            for ax0_ax1_ax3_ax4_ax5_fused_2 in T.thread_binding(32, thread="threadIdx.x"):
                                with T.block("conv2d_nchw_reindex_pad_shared.dyn"):
                                    v0, v1, v2 = T.axis.remap("SSS", [ax0_0_0_ax1_0_0_fused, ax0_0_1_ax1_0_1_fused, ax2])
                                    v3 = T.axis.spatial(4, (ax0_ax1_ax3_ax4_ax5_fused_0 * 32 + ax0_ax1_ax3_ax4_ax5_fused_1 * 32 + ax0_ax1_ax3_ax4_ax5_fused_2) // 256)
                                    v4 = T.axis.spatial(16, (ax0_ax1_ax3_ax4_ax5_fused_0 * 32 + ax0_ax1_ax3_ax4_ax5_fused_1 * 32 + ax0_ax1_ax3_ax4_ax5_fused_2) % 256 // 16)
                                    v5 = T.axis.spatial(16, (ax0_ax1_ax3_ax4_ax5_fused_0 * 32 + ax0_ax1_ax3_ax4_ax5_fused_1 * 32 + ax0_ax1_ax3_ax4_ax5_fused_2) % 16)
                                    T.where(ax0_0_0_ax1_0_0_fused * 16 + T.Mul(0, 16) + ((ax0_ax1_ax3_ax4_ax5_fused_0 + ax0_ax1_ax3_ax4_ax5_fused_1) * 32 + ax0_ax1_ax3_ax4_ax5_fused_2) % 256 // 16 < 196)
                                    T.reads(conv2d_nchw_reindex_pad_shared_dyn[v0, v1, v2, v3, v4, v5])
                                    T.writes(conv2d_nchw[0, v5 + v3 * 16 + v1 * 64, (v4 + v0 * 16) // 14, (v4 + v0 * 16) % 14])
                                    conv2d_nchw[0, v5 + v3 * 16 + v1 * 64, (v4 + v0 * 16) // 14, (v4 + v0 * 16) % 14] = conv2d_nchw_reindex_pad_shared_dyn[v0, v1, v2, v3, v4, v5]
b0 = sch.get_block(name="pad_temp", func_name="main")
b1 = sch.get_block(name="conv2d_nchw", func_name="main")
b2 = sch.get_block(name="root", func_name="main")
sch.annotate(block_or_loop=b1, ann_key="meta_schedule.tiling_structure", ann_val="SSSRRSRS")
b3 = sch.reindex(block=b1, buffer=("write", 0))
b4 = sch.reindex(block=b1, buffer=("read", 0))
b5 = sch.reindex(block=b1, buffer=("read", 1))
sch.transform_layout(block=b1, buffer=("read", 0), index_map=lambda v_nn, v_yy, v_xx, v_rc, v_ry, v_rx: (v_nn * 196 + v_yy * 14 + v_xx, v_rc * 9 + v_ry * 3 + v_rx,), pad_value=None, assume_injective_transform=True)
sch.transform_layout(block=b1, buffer=("read", 1), index_map=lambda v_ff, v_rc, v_ry, v_rx: (v_ff, v_rc * 9 + v_ry * 3 + v_rx,), pad_value=None, assume_injective_transform=True)
sch.transform_layout(block=b1, buffer=("write", 0), index_map=lambda v_nn, v_ff, v_yy, v_xx: (v_nn * 196 + v_yy * 14 + v_xx, v_ff,), pad_value=None, assume_injective_transform=True)
sch.transform_block_layout(block=b3, index_map=lambda v_nn, v_ff, v_yy, v_xx: (v_nn * 196 + v_yy * 14 + v_xx, v_ff,))
sch.transform_block_layout(block=b4, index_map=lambda v_nn, v_yy, v_xx, v_rc, v_ry, v_rx: (v_nn * 196 + v_yy * 14 + v_xx, v_rc * 9 + v_ry * 3 + v_rx,))
sch.transform_block_layout(block=b5, index_map=lambda v_ff, v_rc, v_ry, v_rx: (v_ff, v_rc * 9 + v_ry * 3 + v_rx,))
sch.transform_block_layout(block=b1, index_map=lambda v_nn, v_ff, v_yy, v_xx, v_rc, v_ry, v_rx: (v_nn * 196 + v_yy * 14 + v_xx, v_ff, v_rc * 9 + v_ry * 3 + v_rx,))
sch.pad_einsum(block=b1, padding=[16, 1, 1])
b6, b7 = sch.get_producers(block=b1)
b8, = sch.get_producers(block=b6)
b9, = sch.get_consumers(block=b1)
sch.compute_inline(block=b8)
sch.compute_inline(block=b9)
l10, l11, l12 = sch.get_loops(block=b1)
l13, l14 = sch.split(loop=l12, factors=[None, 16], preserve_unit_iters=True, disable_predication=False)
l15, l16 = sch.split(loop=l11, factors=[None, 16], preserve_unit_iters=True, disable_predication=False)
l17, l18 = sch.split(loop=l10, factors=[None, 16], preserve_unit_iters=True, disable_predication=False)
l19, l20, l21, l22, l23, l24 = sch.get_loops(block=b1)
sch.reorder(l21, l23, l18, l16, l14)
b25 = sch.blockize(target=l18, preserve_unit_iters=True)
sch.annotate(block_or_loop=b25, ann_key="meta_schedule.auto_tensorize", ann_val="wmma_sync_16x16x16_f16f16f16_trans")
sch.annotate(block_or_loop=b25, ann_key="meta_schedule.auto_tensorize_init", ann_val="wmma_fill_16x16x16_f16")
sch.annotate(block_or_loop=b25, ann_key="warp_execution", ann_val=1)
l26, l27, l28 = sch.get_loops(block=b25)
v29, v30, v31, v32, v33 = sch.sample_perfect_tile(loop=l26, n=5, max_innermost_factor=4, decision=[13, 1, 1, 1, 1])
l34, l35, l36, l37, l38 = sch.split(loop=l26, factors=[v29, v30, v31, v32, v33], preserve_unit_iters=True, disable_predication=False)
v39, v40, v41, v42, v43 = sch.sample_perfect_tile(loop=l27, n=5, max_innermost_factor=4, decision=[1, 4, 1, 4, 1])
l44, l45, l46, l47, l48 = sch.split(loop=l27, factors=[v39, v40, v41, v42, v43], preserve_unit_iters=True, disable_predication=False)
v49, v50, v51 = sch.sample_perfect_tile(loop=l28, n=3, max_innermost_factor=4, decision=[72, 1, 1])
l52, l53, l54 = sch.split(loop=l28, factors=[v49, v50, v51], preserve_unit_iters=True, disable_predication=False)
sch.reorder(l34, l44, l35, l45, l36, l46, l52, l53, l37, l47, l54, l38, l48)
l55 = sch.fuse(l34, l44, preserve_unit_iters=True)
sch.bind(loop=l55, thread_axis="blockIdx.y")
l56 = sch.fuse(l35, l45, preserve_unit_iters=True)
sch.bind(loop=l56, thread_axis="blockIdx.x")
l57 = sch.fuse(l36, l46, preserve_unit_iters=True)
sch.bind(loop=l57, thread_axis="threadIdx.y")
sch.annotate(block_or_loop=b25, ann_key="meta_schedule.thread_extent_low_inclusive", ann_val=32)
sch.annotate(block_or_loop=b25, ann_key="meta_schedule.thread_extent_high_inclusive", ann_val=1024)
sch.transform_layout(block=b25, buffer=("write", 0), index_map=lambda i0, i1: (i0 // 16 // (v32 * v33), i1 // 16 // (v42 * v43), i0 // 16 % (v32 * v33), i1 // 16 % (v42 * v43), i0 % 16, i1 % 16,), pad_value=None, assume_injective_transform=True)
b58 = sch.cache_write(block=b25, write_buffer_index=0, storage_scope="shared.dyn")
sch.reverse_compute_at(block=b58, loop=l56, preserve_unit_loops=True, index=-1)
b59 = sch.cache_write(block=b25, write_buffer_index=0, storage_scope="wmma.accumulator")
l60, l61, l62, l63, l64, l65, l66, l67 = sch.get_loops(block=b58)
sch.reorder(l64, l62, l63, l65)
sch.compute_at(block=b59, loop=l64, preserve_unit_loops=True, index=-1)
l68, l69, l70, l71, l72, l73, l74, l75, l76 = sch.get_loops(block=b59)
l77 = sch.fuse(l71, l72, preserve_unit_iters=True)
sch.bind(loop=l77, thread_axis="threadIdx.y")
sch.reverse_compute_inline(block=b3)
l78, l79, l80, l81, l82, l83, l84, l85 = sch.get_loops(block=b59)
b86 = sch.blockize(target=l84, preserve_unit_iters=True)
sch.annotate(block_or_loop=b86, ann_key="meta_schedule.auto_tensorize", ann_val="wmma_store_16x16x16_f16_shared_dyn")
l87, l88, l89, l90, l91, l92, l93, l94 = sch.get_loops(block=b58)
l95 = sch.fuse(l90, l91, l92, l93, l94, preserve_unit_iters=True)
v96 = sch.sample_categorical(candidates=[1, 2, 4, 8], probs=[0.25, 0.25, 0.25, 0.25], decision=0)
sch.annotate(block_or_loop=b58, ann_key="meta_schedule.cooperative_fetch", ann_val=v96)
b97 = sch.cache_read(block=b25, read_buffer_index=0, storage_scope="shared.dyn", consumer_blocks=[b25])
sch.compute_at(block=b97, loop=l52, preserve_unit_loops=True, index=-1)
l98, l99, l100, l101, l102, l103 = sch.get_loops(block=b97)
l104 = sch.fuse(l102, l103, preserve_unit_iters=True)
v105 = sch.sample_categorical(candidates=[1, 2, 4, 8], probs=[0.25, 0.25, 0.25, 0.25], decision=2)
sch.annotate(block_or_loop=b97, ann_key="meta_schedule.cooperative_fetch", ann_val=v105)
b106 = sch.cache_read(block=b25, read_buffer_index=1, storage_scope="shared.dyn", consumer_blocks=[b25])
sch.compute_at(block=b106, loop=l52, preserve_unit_loops=True, index=-1)
l107, l108, l109, l110, l111, l112 = sch.get_loops(block=b106)
l113 = sch.fuse(l111, l112, preserve_unit_iters=True)
v114 = sch.sample_categorical(candidates=[1, 2, 4, 8], probs=[0.25, 0.25, 0.25, 0.25], decision=3)
sch.annotate(block_or_loop=b106, ann_key="meta_schedule.cooperative_fetch", ann_val=v114)
b115 = sch.cache_read(block=b25, read_buffer_index=0, storage_scope="wmma.matrix_a")
sch.compute_at(block=b115, loop=l53, preserve_unit_loops=True, index=-1)
l116, l117, l118, l119, l120, l121, l122 = sch.get_loops(block=b115)
l123, l124 = sch.split(loop=l122, factors=[None, 16], preserve_unit_iters=True, disable_predication=False)
l125, l126 = sch.split(loop=l121, factors=[None, 16], preserve_unit_iters=True, disable_predication=False)
l127, l128, l129, l130, l131, l132, l133, l134, l135 = sch.get_loops(block=b115)
sch.reorder(l134, l126, l124)
b136 = sch.blockize(target=l126, preserve_unit_iters=True)
sch.annotate(block_or_loop=b136, ann_key="meta_schedule.auto_tensorize", ann_val="wmma_load_16x16x16_f16_a_shared_dyn")
b137 = sch.cache_read(block=b25, read_buffer_index=1, storage_scope="wmma.matrix_b")
sch.compute_at(block=b137, loop=l53, preserve_unit_loops=True, index=-1)
l138, l139, l140, l141, l142, l143, l144 = sch.get_loops(block=b137)
l145, l146 = sch.split(loop=l144, factors=[None, 16], preserve_unit_iters=True, disable_predication=False)
l147, l148 = sch.split(loop=l143, factors=[None, 16], preserve_unit_iters=True, disable_predication=False)
l149, l150, l151, l152, l153, l154, l155, l156, l157 = sch.get_loops(block=b137)
sch.reorder(l156, l148, l146)
b158 = sch.blockize(target=l148, preserve_unit_iters=True)
sch.annotate(block_or_loop=b158, ann_key="meta_schedule.auto_tensorize", ann_val="wmma_load_16x16x16_f16_b_trans_shared_dyn")
b159, = sch.get_producers(block=b97)
sch.compute_inline(block=b159)
sch.storage_align(block=b97, buffer_index=0, axis=-2, factor=32, offset=8)
b160, = sch.get_producers(block=b106)
sch.compute_inline(block=b160)
sch.storage_align(block=b106, buffer_index=0, axis=-2, factor=32, offset=8)
sch.compute_inline(block=b0)
v161 = sch.sample_categorical(candidates=[0, 16, 64, 512, 1024], probs=[0.20000000000000001, 0.20000000000000001, 0.20000000000000001, 0.20000000000000001, 0.20000000000000001], decision=0)
sch.annotate(block_or_loop=b2, ann_key="meta_schedule.unroll_explicit", ann_val=v161)
sch.enter_postproc()
sch.unannotate(block_or_loop=b58, ann_key="meta_schedule.cooperative_fetch")
l162, l163, l164, l165 = sch.get_loops(block=b58)
l166, l167, l168 = sch.split(loop=l165, factors=[None, 1, 32], preserve_unit_iters=True, disable_predication=False)
sch.bind(loop=l168, thread_axis="threadIdx.x")
sch.bind(loop=l167, thread_axis="threadIdx.y")
sch.unannotate(block_or_loop=b97, ann_key="meta_schedule.cooperative_fetch")
l169, l170, l171, l172, l173 = sch.get_loops(block=b97)
l174, l175, l176, l177 = sch.split(loop=l173, factors=[None, 1, 32, 4], preserve_unit_iters=True, disable_predication=False)
sch.vectorize(loop=l177)
sch.bind(loop=l176, thread_axis="threadIdx.x")
sch.bind(loop=l175, thread_axis="threadIdx.y")
sch.unannotate(block_or_loop=b106, ann_key="meta_schedule.cooperative_fetch")
l178, l179, l180, l181, l182 = sch.get_loops(block=b106)
l183, l184, l185, l186 = sch.split(loop=l182, factors=[None, 1, 32, 8], preserve_unit_iters=True, disable_predication=False)
sch.vectorize(loop=l186)
sch.bind(loop=l185, thread_axis="threadIdx.x")
sch.bind(loop=l184, thread_axis="threadIdx.y")
b187 = sch.get_block(name="root", func_name="main")
sch.unannotate(block_or_loop=b187, ann_key="meta_schedule.unroll_explicit")
b188, b189, b190, b191, b192, b193, b194 = sch.get_child_blocks(b187)
l195, l196, l197, l198, l199, l200, l201, l202 = sch.get_loops(block=b188)
l203, l204, l205, l206, l207, l208, l209, l210 = sch.get_loops(block=b189)
l211, l212, l213, l214, l215, l216, l217 = sch.get_loops(block=b190)
l218, l219, l220, l221, l222, l223, l224 = sch.get_loops(block=b191)
l225, l226, l227, l228, l229, l230, l231, l232, l233, l234 = sch.get_loops(block=b192)
l235, l236, l237, l238, l239, l240 = sch.get_loops(block=b193)
l241, l242, l243, l244, l245, l246 = sch.get_loops(block=b194)
b247 = sch.get_block(name="conv2d_nchw_o", func_name="main")
l248, l249, l250, l251, l252, l253, l254, l255, l256, l257 = sch.get_loops(block=b247)
b258 = sch.decompose_reduction(block=b247, loop=l251)
sch.unannotate(block_or_loop=b258, ann_key="meta_schedule.auto_tensorize")
sch.annotate(block_or_loop=b258, ann_key="meta_schedule.auto_tensorize", ann_val="wmma_fill_16x16x16_f16")
sch.unannotate(block_or_loop=b247, ann_key="meta_schedule.auto_tensorize_init")
sch.unannotate(block_or_loop=b258, ann_key="meta_schedule.auto_tensorize_init")
b259 = sch.get_block(name="conv2d_nchw_o_init", func_name="main")
sch.unannotate(block_or_loop=b259, ann_key="meta_schedule.auto_tensorize")
sch.tensorize(block_or_loop=b259, tensor_intrin="wmma_fill_16x16x16_f16", preserve_unit_iters=True)
b260 = sch.get_block(name="pad_temp_reindex_pad_shared.dyn_wmma.matrix_a_o", func_name="main")
sch.unannotate(block_or_loop=b260, ann_key="meta_schedule.auto_tensorize")
sch.tensorize(block_or_loop=b260, tensor_intrin="wmma_load_16x16x16_f16_a_shared_dyn", preserve_unit_iters=True)
b261 = sch.get_block(name="W_reindex_shared.dyn_wmma.matrix_b_o", func_name="main")
sch.unannotate(block_or_loop=b261, ann_key="meta_schedule.auto_tensorize")
sch.tensorize(block_or_loop=b261, tensor_intrin="wmma_load_16x16x16_f16_b_trans_shared_dyn", preserve_unit_iters=True)
b262 = sch.get_block(name="conv2d_nchw_o_update", func_name="main")
sch.unannotate(block_or_loop=b262, ann_key="meta_schedule.auto_tensorize")
sch.tensorize(block_or_loop=b262, tensor_intrin="wmma_sync_16x16x16_f16f16f16_trans", preserve_unit_iters=True)
b263 = sch.get_block(name="conv2d_nchw_reindex_pad_shared.dyn_wmma.accumulator_o", func_name="main")
sch.unannotate(block_or_loop=b263, ann_key="meta_schedule.auto_tensorize")
sch.tensorize(block_or_loop=b263, tensor_intrin="wmma_store_16x16x16_f16_shared_dyn", preserve_unit_iters=True)
2025-10-07 10:08:59 [INFO] [task_scheduler.cc:131] [Task #0: main] Trial #49: GFLOPs: 1623.2058. Time: 71.2205 us. Best GFLOPs: 6610.7619
2025-10-07 10:08:59 [INFO] [task_scheduler.cc:121] [Task #0: main] Trial #50: Error in building:
LocalBuilder: An exception occurred
Traceback (most recent call last):
  File "/workspace/tvm-dev/python/tvm/exec/popen_worker.py", line 87, in main
    result = fn(*args, **kwargs)
             ^^^^^^^^^^^^^^^^^^^
  File "/workspace/tvm-dev/python/tvm/meta_schedule/builder/local_builder.py", line 165, in <lambda>
    lambda x: _worker_func(*x),
              ^^^^^^^^^^^^^^^^
  File "/workspace/tvm-dev/python/tvm/meta_schedule/builder/local_builder.py", line 231, in _worker_func
    rt_mod: Module = f_build(mod, target, _deserialize_params(params))
                     ^^^^^^^^^^^^^^^^^^^^^^^^^^^^^^^^^^^^^^^^^^^^^^^^^
  File "/workspace/tvm-dev/python/tvm/_ffi/_ctypes/packed_func.py", line 245, in __call__
    raise_last_ffi_error()
  File "/workspace/tvm-dev/python/tvm/_ffi/base.py", line 481, in raise_last_ffi_error
    raise py_err
  File "/workspace/tvm-dev/python/tvm/meta_schedule/builder/local_builder.py", line 261, in default_build
    return tvm_build(mod, target=target)
           ^^^^^^^^^^^^^^^^^^^^^^^^^^^^^
  File "/workspace/tvm-dev/python/tvm/driver/build_module.py", line 297, in build
    rt_mod_host = _driver_ffi.tir_to_runtime(annotated_mods, target_host)
                  ^^^^^^^^^^^^^^^^^^^^^^^^^^^^^^^^^^^^^^^^^^^^^^^^^^^^^^^
  File "/workspace/tvm-dev/python/tvm/_ffi/_ctypes/packed_func.py", line 245, in __call__
    raise_last_ffi_error()
  File "/workspace/tvm-dev/python/tvm/_ffi/base.py", line 481, in raise_last_ffi_error
    raise py_err
ValueError: Traceback (most recent call last):
  33: tvm::runtime::PackedFuncObj::Extractor<tvm::runtime::PackedFuncSubObj<tvm::runtime::TypedPackedFunc<tvm::runtime::Module (tvm::runtime::Map<tvm::Target, tvm::IRModule, void, void> const&, tvm::Target)>::AssignTypedLambda<tvm::__mk_TVM24::{lambda(tvm::runtime::Map<tvm::Target, tvm::IRModule, void, void> const&, tvm::Target)#1}>(tvm::__mk_TVM24::{lambda(tvm::runtime::Map<tvm::Target, tvm::IRModule, void, void> const&, tvm::Target)#1}, std::__cxx11::basic_string<char, std::char_traits<char>, std::allocator<char> >)::{lambda(tvm::runtime::TVMArgs const&, tvm::runtime::TVMRetValue*)#1}> >::Call(tvm::runtime::PackedFuncObj const*, std::__cxx11::basic_string<char, std::char_traits<char>, std::allocator<char> >, tvm::runtime::TVMRetValue)
  32: tvm::TIRToRuntime(tvm::runtime::Map<tvm::Target, tvm::IRModule, void, void> const&, tvm::Target const&)
  31: tvm::codegen::Build(tvm::IRModule, tvm::Target)
  30: _ZN3tvm7runtime13PackedFuncObj
  29: tvm::runtime::TypedPackedFunc<tvm::runtime::Module (tvm::IRModule, tvm::Target)>::AssignTypedLambda<tvm::runtime::Module (*)(tvm::IRModule, tvm::Target)>(tvm::runtime::Module (*)(tvm::IRModule, tvm::Target), std::__cxx11::basic_string<char, std::char_traits<char>, std::allocator<char> >)::{lambda(tvm::runtime::TVMArgs const&, tvm::runtime::TVMRetValue*)#1}::operator()(tvm::runtime::TVMArgs const&, tvm::runtime::TVMRetValue*) const
  28: tvm::codegen::BuildCUDA(tvm::IRModule, tvm::Target)
  27: tvm::codegen::CodeGenC::AddFunction(tvm::GlobalVar const&, tvm::tir::PrimFunc const&)
  26: tvm::codegen::CodeGenCUDA::VisitStmt_(tvm::tir::AllocateNode const*)
  25: tvm::codegen::CodeGenCUDA::VisitStmt_(tvm::tir::AllocateNode const*)
  24: tvm::codegen::CodeGenCUDA::VisitStmt_(tvm::tir::AllocateNode const*)
  23: tvm::codegen::CodeGenCUDA::VisitStmt_(tvm::tir::AllocateNode const*)
  22: tvm::codegen::CodeGenC::VisitStmt_(tvm::tir::SeqStmtNode const*)
  21: tvm::codegen::CodeGenC::VisitStmt_(tvm::tir::ForNode const*)
  20: tvm::codegen::CodeGenC::VisitStmt_(tvm::tir::SeqStmtNode const*)
  19: tvm::codegen::CodeGenC::VisitStmt_(tvm::tir::BufferStoreNode const*)
  18: tvm::codegen::CodeGenC::PrintExpr[abi:cxx11](tvm::PrimExpr const&)
  17: tvm::codegen::CodeGenC::VisitExpr_(tvm::tir::BufferLoadNode const*, std::ostream&)
  16: tvm::codegen::CodeGenC::PrintExpr[abi:cxx11](tvm::PrimExpr const&)
  15: void tvm::codegen::PrintBinaryExpr<tvm::tir::AddNode>(tvm::tir::AddNode const*, char const*, std::ostream&, tvm::codegen::CodeGenC*)
  14: tvm::codegen::CodeGenCUDA::PrintVecBinaryOp(std::__cxx11::basic_string<char, std::char_traits<char>, std::allocator<char> > const&, tvm::runtime::DataType, tvm::PrimExpr, tvm::PrimExpr, std::ostream&)
  13: tvm::codegen::CodeGenC::PrintExpr[abi:cxx11](tvm::PrimExpr const&)
  12: void tvm::codegen::PrintBinaryExpr<tvm::tir::AddNode>(tvm::tir::AddNode const*, char const*, std::ostream&, tvm::codegen::CodeGenC*)
  11: tvm::codegen::CodeGenCUDA::PrintVecBinaryOp(std::__cxx11::basic_string<char, std::char_traits<char>, std::allocator<char> > const&, tvm::runtime::DataType, tvm::PrimExpr, tvm::PrimExpr, std::ostream&)
  10: tvm::codegen::CodeGenC::PrintExpr[abi:cxx11](tvm::PrimExpr const&)
  9: void tvm::codegen::PrintBinaryExpr<tvm::tir::AddNode>(tvm::tir::AddNode const*, char const*, std::ostream&, tvm::codegen::CodeGenC*)
  8: tvm::codegen::CodeGenCUDA::PrintVecBinaryOp(std::__cxx11::basic_string<char, std::char_traits<char>, std::allocator<char> > const&, tvm::runtime::DataType, tvm::PrimExpr, tvm::PrimExpr, std::ostream&)
  7: tvm::codegen::CodeGenC::PrintExpr[abi:cxx11](tvm::PrimExpr const&)
  6: void tvm::codegen::PrintBinaryExpr<tvm::tir::MulNode>(tvm::tir::MulNode const*, char const*, std::ostream&, tvm::codegen::CodeGenC*)
  5: tvm::codegen::CodeGenCUDA::PrintVecBinaryOp(std::__cxx11::basic_string<char, std::char_traits<char>, std::allocator<char> > const&, tvm::runtime::DataType, tvm::PrimExpr, tvm::PrimExpr, std::ostream&)
  4: tvm::codegen::CodeGenC::PrintExpr[abi:cxx11](tvm::PrimExpr const&)
  3: void tvm::codegen::PrintBinaryExpr<tvm::tir::DivNode>(tvm::tir::DivNode const*, char const*, std::ostream&, tvm::codegen::CodeGenC*)
  2: tvm::codegen::CodeGenCUDA::PrintVecBinaryOp(std::__cxx11::basic_string<char, std::char_traits<char>, std::allocator<char> > const&, tvm::runtime::DataType, tvm::PrimExpr, tvm::PrimExpr, std::ostream&)
  1: tvm::codegen::CodeGenC::PrintExpr[abi:cxx11](tvm::PrimExpr const&)
  0: tvm::codegen::CodeGenCUDA::VisitExpr_(tvm::tir::RampNode const*, std::ostream&)
  File "/workspace/tvm-dev/src/target/source/codegen_cuda.cc", line 1204
ValueError: Check failed: lanes <= 4 (8 vs. 4) : Ramp of more than 4 lanes is not allowed.

# from tvm.script import ir as I
# from tvm.script import tir as T

@I.ir_module
class Module:
    @T.prim_func
    def main(A: T.Buffer((1, 128, 28, 28), "float16"), W: T.Buffer((256, 128, 3, 3), "float16"), conv2d_nchw: T.Buffer((1, 256, 14, 14), "float16")):
        T.func_attr({"tir.noalias": T.bool(True)})
        # with T.block("root"):
        conv2d_nchw_reindex_pad_shared_dyn = T.alloc_buffer((13, 16, 1, 1, 16, 16), "float16", scope="shared.dyn")
        conv2d_nchw_reindex_pad_shared_dyn_wmma_accumulator = T.alloc_buffer((13, 16, 1, 1, 16, 16), "float16", scope="wmma.accumulator")
        pad_temp_reindex_pad_shared_dyn = T.alloc_buffer((208, 1152), "float16", scope="shared.dyn")
        W_reindex_shared_dyn = T.alloc_buffer((256, 1152), "float16", scope="shared.dyn")
        pad_temp_reindex_pad_shared_dyn_wmma_matrix_a = T.alloc_buffer((208, 1152), "float16", scope="wmma.matrix_a")
        W_reindex_shared_dyn_wmma_matrix_b = T.alloc_buffer((256, 1152), "float16", scope="wmma.matrix_b")
        for ax0_0_0_ax1_0_0_fused in T.thread_binding(26, thread="blockIdx.y", annotations={"pragma_auto_unroll_max_step": 64, "pragma_unroll_explicit": 1}):
            for ax0_0_1_ax1_0_1_fused in T.thread_binding(1, thread="blockIdx.x"):
                for ax0_0_2_ax1_0_2_fused in T.thread_binding(8, thread="threadIdx.y"):
                    for ax0_0_3_init, ax1_0_3_init, ax0_0_4_init, ax1_0_4_init in T.grid(1, 1, 1, 1):
                        with T.block("conv2d_nchw_o_init"):
                            v0_o = T.axis.spatial(13, ax0_0_0_ax1_0_0_fused // 2 + ax0_0_3_init + ax0_0_4_init)
                            v1_o = T.axis.spatial(16, ax0_0_0_ax1_0_0_fused % 2 * 8 + ax0_0_2_ax1_0_2_fused + ax1_0_3_init + ax1_0_4_init)
                            T.reads()
                            T.writes(conv2d_nchw_reindex_pad_shared_dyn_wmma_accumulator[v0_o, v1_o, 0, 0, 0:16, 0:16])
                            T.block_attr({"meta_schedule.thread_extent_high_inclusive": 1024, "meta_schedule.thread_extent_low_inclusive": 32, "warp_execution": 1})
                            C = T.match_buffer(conv2d_nchw_reindex_pad_shared_dyn_wmma_accumulator[v0_o, v1_o, 0, 0, 0:16, 0:16], (16, 16), "float16", strides=("C_s0", "C_s1"), scope="wmma.accumulator", offset_factor=16)
                            T.tvm_fill_fragment(C.data, 16, 16, 16, C.elem_offset // C.strides[0] // 16 * (C.strides[0] // 16) + C.elem_offset % C.strides[0] // 16, T.float32(0.0))
                    for ax2_0_0 in range(12):
                        for ax0_ax1_fused_0 in range(6):
                            for ax0_ax1_fused_1 in T.thread_binding(8, thread="threadIdx.y"):
                                for ax0_ax1_fused_2 in T.thread_binding(32, thread="threadIdx.x"):
                                    with T.block("pad_temp_reindex_pad_shared.dyn"):
                                        v0 = T.axis.spatial(208, ax0_0_0_ax1_0_0_fused // 2 * 16 + (ax0_ax1_fused_0 * 256 + ax0_ax1_fused_1 * 32 + ax0_ax1_fused_2) // 96)
                                        v1 = T.axis.spatial(1152, ax2_0_0 * 96 + (ax0_ax1_fused_0 * 256 + ax0_ax1_fused_1 * 32 + ax0_ax1_fused_2) % 96)
                                        T.reads(A[0, v1 // 9, v0 // 14 * 2 + v1 % 9 // 3 - 1, v0 % 14 * 2 + v1 % 3 - 1])
                                        T.writes(pad_temp_reindex_pad_shared_dyn[v0, v1])
                                        T.block_attr({"buffer_dim_align": [[0, 0, 32, 8]]})
                                        pad_temp_reindex_pad_shared_dyn[v0, v1] = T.if_then_else(v0 < 196, T.if_then_else(1 <= v0 // 14 * 2 + v1 % 9 // 3 and v0 // 14 * 2 + v1 % 9 // 3 < 29 and 1 <= v0 % 14 * 2 + v1 % 3 and v0 % 14 * 2 + v1 % 3 < 29, A[0, v1 // 9, v0 // 14 * 2 + v1 % 9 // 3 - 1, v0 % 14 * 2 + v1 % 3 - 1], T.float16(0.0)), T.float16(0.0))
                        for ax0_ax1_fused_0 in range(6):
                            for ax0_ax1_fused_1 in T.thread_binding(8, thread="threadIdx.y"):
                                for ax0_ax1_fused_2 in T.thread_binding(32, thread="threadIdx.x"):
                                    for ax0_ax1_fused_3 in T.vectorized(8):
                                        with T.block("W_reindex_shared.dyn"):
                                            v0 = T.axis.spatial(256, ax0_0_0_ax1_0_0_fused % 2 * 128 + (ax0_ax1_fused_0 * 2048 + ax0_ax1_fused_1 * 256 + ax0_ax1_fused_2 * 8 + ax0_ax1_fused_3) // 96)
                                            v1 = T.axis.spatial(1152, ax2_0_0 * 96 + (ax0_ax1_fused_0 * 2048 + ax0_ax1_fused_1 * 256 + ax0_ax1_fused_2 * 8 + ax0_ax1_fused_3) % 96)
                                            T.reads(W[v0, v1 // 9, v1 % 9 // 3, v1 % 3])
                                            T.writes(W_reindex_shared_dyn[v0, v1])
                                            T.block_attr({"buffer_dim_align": [[0, 0, 32, 8]]})
                                            W_reindex_shared_dyn[v0, v1] = W[v0, v1 // 9, v1 % 9 // 3, v1 % 3]
                        for ax2_0_1 in range(2):
                            for ax0_0, ax1_0 in T.grid(1, 3):
                                with T.block("pad_temp_reindex_pad_shared.dyn_wmma.matrix_a_o"):
                                    v0_o = T.axis.spatial(13, ax0_0_0_ax1_0_0_fused // 2 + ax0_0)
                                    v1_o = T.axis.spatial(72, ax2_0_0 * 6 + ax2_0_1 * 3 + ax1_0)
                                    T.reads(pad_temp_reindex_pad_shared_dyn[v0_o * 16:v0_o * 16 + 16, v1_o * 16:v1_o * 16 + 16])
                                    T.writes(pad_temp_reindex_pad_shared_dyn_wmma_matrix_a[v0_o * 16:v0_o * 16 + 16, v1_o * 16:v1_o * 16 + 16])
                                    A_1 = T.match_buffer(pad_temp_reindex_pad_shared_dyn[v0_o * 16:v0_o * 16 + 16, v1_o * 16:v1_o * 16 + 16], (16, 16), "float16", strides=("A_s0", "A_s1"), scope="shared.dyn", offset_factor=16)
                                    C = T.match_buffer(pad_temp_reindex_pad_shared_dyn_wmma_matrix_a[v0_o * 16:v0_o * 16 + 16, v1_o * 16:v1_o * 16 + 16], (16, 16), "float16", strides=("C_s0", "C_s1"), scope="wmma.matrix_a", offset_factor=16)
                                    T.tvm_load_matrix_sync(C.data, 16, 16, 16, C.elem_offset // C.strides[0] // 16 * (C.strides[0] // 16) + C.elem_offset % C.strides[0] // 16, T.tvm_access_ptr(T.type_annotation("float16"), A_1.data, A_1.elem_offset, A_1.strides[0] * 16, 1), A_1.strides[0], "row_major")
                            for ax0_0, ax1_0 in T.grid(1, 3):
                                with T.block("W_reindex_shared.dyn_wmma.matrix_b_o"):
                                    v0_o = T.axis.spatial(16, ax0_0_0_ax1_0_0_fused % 2 * 8 + ax0_0_2_ax1_0_2_fused + ax0_0)
                                    v1_o = T.axis.spatial(72, ax2_0_0 * 6 + ax2_0_1 * 3 + ax1_0)
                                    T.reads(W_reindex_shared_dyn[v0_o * 16:v0_o * 16 + 16, v1_o * 16:v1_o * 16 + 16])
                                    T.writes(W_reindex_shared_dyn_wmma_matrix_b[v0_o * 16:v0_o * 16 + 16, v1_o * 16:v1_o * 16 + 16])
                                    A_1 = T.match_buffer(W_reindex_shared_dyn[v0_o * 16:v0_o * 16 + 16, v1_o * 16:v1_o * 16 + 16], (16, 16), "float16", strides=("A_s0", "A_s1"), scope="shared.dyn", offset_factor=16)
                                    C = T.match_buffer(W_reindex_shared_dyn_wmma_matrix_b[v0_o * 16:v0_o * 16 + 16, v1_o * 16:v1_o * 16 + 16], (16, 16), "float16", strides=("C_s0", "C_s1"), scope="wmma.matrix_b", offset_factor=16)
                                    T.tvm_load_matrix_sync(C.data, 16, 16, 16, C.elem_offset // C.strides[0] // 16 * (C.strides[0] // 16) + C.elem_offset % C.strides[0] // 16, T.tvm_access_ptr(T.type_annotation("float16"), A_1.data, A_1.elem_offset, A_1.strides[0] * 16, 1), A_1.strides[0], "col_major")
                            for ax0_0_3, ax1_0_3, ax2_0_2, ax0_0_4, ax1_0_4 in T.grid(1, 1, 3, 1, 1):
                                with T.block("conv2d_nchw_o_update"):
                                    v0_o = T.axis.spatial(13, ax0_0_0_ax1_0_0_fused // 2 + ax0_0_3 + ax0_0_4)
                                    v1_o = T.axis.spatial(16, ax0_0_0_ax1_0_0_fused % 2 * 8 + ax0_0_2_ax1_0_2_fused + ax1_0_3 + ax1_0_4)
                                    v2_o = T.axis.reduce(72, ax2_0_0 * 6 + ax2_0_1 * 3 + ax2_0_2)
                                    T.reads(conv2d_nchw_reindex_pad_shared_dyn_wmma_accumulator[v0_o, v1_o, 0, 0, 0:16, 0:16], pad_temp_reindex_pad_shared_dyn_wmma_matrix_a[v0_o * 16:v0_o * 16 + 16, v2_o * 16:v2_o * 16 + 16], W_reindex_shared_dyn_wmma_matrix_b[v1_o * 16:v1_o * 16 + 16, v2_o * 16:v2_o * 16 + 16])
                                    T.writes(conv2d_nchw_reindex_pad_shared_dyn_wmma_accumulator[v0_o, v1_o, 0, 0, 0:16, 0:16])
                                    T.block_attr({"meta_schedule.thread_extent_high_inclusive": 1024, "meta_schedule.thread_extent_low_inclusive": 32, "warp_execution": 1})
                                    A_1 = T.match_buffer(pad_temp_reindex_pad_shared_dyn_wmma_matrix_a[v0_o * 16:v0_o * 16 + 16, v2_o * 16:v2_o * 16 + 16], (16, 16), "float16", strides=("A_s0", "A_s1"), scope="wmma.matrix_a", offset_factor=16)
                                    B = T.match_buffer(W_reindex_shared_dyn_wmma_matrix_b[v1_o * 16:v1_o * 16 + 16, v2_o * 16:v2_o * 16 + 16], (16, 16), "float16", strides=("B_s0", "B_s1"), scope="wmma.matrix_b", offset_factor=16)
                                    C = T.match_buffer(conv2d_nchw_reindex_pad_shared_dyn_wmma_accumulator[v0_o, v1_o, 0, 0, 0:16, 0:16], (16, 16), "float16", strides=("C_s0", "C_s1"), scope="wmma.accumulator", offset_factor=16)
                                    T.tvm_mma_sync(C.data, C.elem_offset // C.strides[0] // 16 * (C.strides[0] // 16) + C.elem_offset % C.strides[0] // 16, A_1.data, A_1.elem_offset // A_1.strides[0] // 16 * (A_1.strides[0] // 16) + A_1.elem_offset % A_1.strides[0] // 16, B.data, B.elem_offset // B.strides[0] // 16 * (B.strides[0] // 16) + B.elem_offset % B.strides[0] // 16, C.data, C.elem_offset // C.strides[0] // 16 * (C.strides[0] // 16) + C.elem_offset % C.strides[0] // 16)
                for ax2 in range(1):
                    for ax0_ax1_fused in T.thread_binding(8, thread="threadIdx.y"):
                        for ax2_1, ax3 in T.grid(1, 1):
                            with T.block("conv2d_nchw_reindex_pad_shared.dyn_wmma.accumulator_o"):
                                v0_o = T.axis.spatial(13, ax0_0_0_ax1_0_0_fused // 2)
                                v1_o = T.axis.spatial(16, ax0_0_0_ax1_0_0_fused % 2 * 8 + ax0_ax1_fused)
                                v2_o, v3_o = T.axis.remap("SS", [ax2_1, ax3])
                                v4_o = T.axis.spatial(1, 0)
                                v5_o = T.axis.spatial(1, 0)
                                T.reads(conv2d_nchw_reindex_pad_shared_dyn_wmma_accumulator[v0_o, v1_o, v2_o, v3_o, 0:16, 0:16])
                                T.writes(conv2d_nchw_reindex_pad_shared_dyn[v0_o, v1_o, v2_o, v3_o, 0:16, 0:16])
                                A_1 = T.match_buffer(conv2d_nchw_reindex_pad_shared_dyn_wmma_accumulator[v0_o, v1_o, v2_o, v3_o, 0:16, 0:16], (16, 16), "float16", strides=("A_s0", "A_s1"), scope="wmma.accumulator", offset_factor=16)
                                C = T.match_buffer(conv2d_nchw_reindex_pad_shared_dyn[v0_o, v1_o, v2_o, v3_o, 0:16, 0:16], (16, 16), "float16", strides=("C_s0", "C_s1"), scope="shared.dyn", offset_factor=16)
                                T.tvm_store_matrix_sync(A_1.data, 16, 16, 16, A_1.elem_offset // A_1.strides[0] // 16 * (A_1.strides[0] // 16) + A_1.elem_offset % A_1.strides[0] // 16, T.tvm_access_ptr(T.type_annotation("float16"), C.data, C.elem_offset, C.strides[0] * 16, 2), C.strides[0], "row_major")
                    for ax0_ax1_ax3_ax4_ax5_fused_0 in range(4):
                        for ax0_ax1_ax3_ax4_ax5_fused_1 in T.thread_binding(8, thread="threadIdx.y"):
                            for ax0_ax1_ax3_ax4_ax5_fused_2 in T.thread_binding(32, thread="threadIdx.x"):
                                for ax0_ax1_ax3_ax4_ax5_fused_3 in T.vectorized(2):
                                    with T.block("conv2d_nchw_reindex_pad_shared.dyn"):
                                        v0 = T.axis.spatial(13, ax0_0_0_ax1_0_0_fused // 2)
                                        v1 = T.axis.spatial(16, ax0_0_0_ax1_0_0_fused % 2 * 8 + (ax0_ax1_ax3_ax4_ax5_fused_0 * 512 + ax0_ax1_ax3_ax4_ax5_fused_1 * 64 + ax0_ax1_ax3_ax4_ax5_fused_2 * 2 + ax0_ax1_ax3_ax4_ax5_fused_3) // 256)
                                        v2 = T.axis.spatial(1, ax2)
                                        v3 = T.axis.spatial(1, 0)
                                        v4 = T.axis.spatial(16, (ax0_ax1_ax3_ax4_ax5_fused_0 * 512 + ax0_ax1_ax3_ax4_ax5_fused_1 * 64 + ax0_ax1_ax3_ax4_ax5_fused_2 * 2 + ax0_ax1_ax3_ax4_ax5_fused_3) % 256 // 16)
                                        v5 = T.axis.spatial(16, (ax0_ax1_ax3_ax4_ax5_fused_0 * 512 + ax0_ax1_ax3_ax4_ax5_fused_1 * 64 + ax0_ax1_ax3_ax4_ax5_fused_2 * 2 + ax0_ax1_ax3_ax4_ax5_fused_3) % 16)
                                        T.where(ax0_0_0_ax1_0_0_fused // 2 * 16 + T.Mul(0, 16) + (((ax0_ax1_ax3_ax4_ax5_fused_0 * 8 + ax0_ax1_ax3_ax4_ax5_fused_1) * 32 + ax0_ax1_ax3_ax4_ax5_fused_2) * 2 + ax0_ax1_ax3_ax4_ax5_fused_3) % 256 // 16 < 196)
                                        T.reads(conv2d_nchw_reindex_pad_shared_dyn[v0, v1, v2, v3, v4, v5])
                                        T.writes(conv2d_nchw[0, v5 + v1 * 16, (v4 + v0 * 16) // 14, (v4 + v0 * 16) % 14])
                                        conv2d_nchw[0, v5 + v1 * 16, (v4 + v0 * 16) // 14, (v4 + v0 * 16) % 14] = conv2d_nchw_reindex_pad_shared_dyn[v0, v1, v2, v3, v4, v5]
b0 = sch.get_block(name="pad_temp", func_name="main")
b1 = sch.get_block(name="conv2d_nchw", func_name="main")
b2 = sch.get_block(name="root", func_name="main")
sch.annotate(block_or_loop=b1, ann_key="meta_schedule.tiling_structure", ann_val="SSSRRSRS")
b3 = sch.reindex(block=b1, buffer=("write", 0))
b4 = sch.reindex(block=b1, buffer=("read", 0))
b5 = sch.reindex(block=b1, buffer=("read", 1))
sch.transform_layout(block=b1, buffer=("read", 0), index_map=lambda v_nn, v_yy, v_xx, v_rc, v_ry, v_rx: (v_nn * 196 + v_yy * 14 + v_xx, v_rc * 9 + v_ry * 3 + v_rx,), pad_value=None, assume_injective_transform=True)
sch.transform_layout(block=b1, buffer=("read", 1), index_map=lambda v_ff, v_rc, v_ry, v_rx: (v_ff, v_rc * 9 + v_ry * 3 + v_rx,), pad_value=None, assume_injective_transform=True)
sch.transform_layout(block=b1, buffer=("write", 0), index_map=lambda v_nn, v_ff, v_yy, v_xx: (v_nn * 196 + v_yy * 14 + v_xx, v_ff,), pad_value=None, assume_injective_transform=True)
sch.transform_block_layout(block=b3, index_map=lambda v_nn, v_ff, v_yy, v_xx: (v_nn * 196 + v_yy * 14 + v_xx, v_ff,))
sch.transform_block_layout(block=b4, index_map=lambda v_nn, v_yy, v_xx, v_rc, v_ry, v_rx: (v_nn * 196 + v_yy * 14 + v_xx, v_rc * 9 + v_ry * 3 + v_rx,))
sch.transform_block_layout(block=b5, index_map=lambda v_ff, v_rc, v_ry, v_rx: (v_ff, v_rc * 9 + v_ry * 3 + v_rx,))
sch.transform_block_layout(block=b1, index_map=lambda v_nn, v_ff, v_yy, v_xx, v_rc, v_ry, v_rx: (v_nn * 196 + v_yy * 14 + v_xx, v_ff, v_rc * 9 + v_ry * 3 + v_rx,))
sch.pad_einsum(block=b1, padding=[16, 1, 1])
b6, b7 = sch.get_producers(block=b1)
b8, = sch.get_producers(block=b6)
b9, = sch.get_consumers(block=b1)
sch.compute_inline(block=b8)
sch.compute_inline(block=b9)
l10, l11, l12 = sch.get_loops(block=b1)
l13, l14 = sch.split(loop=l12, factors=[None, 16], preserve_unit_iters=True, disable_predication=False)
l15, l16 = sch.split(loop=l11, factors=[None, 16], preserve_unit_iters=True, disable_predication=False)
l17, l18 = sch.split(loop=l10, factors=[None, 16], preserve_unit_iters=True, disable_predication=False)
l19, l20, l21, l22, l23, l24 = sch.get_loops(block=b1)
sch.reorder(l21, l23, l18, l16, l14)
b25 = sch.blockize(target=l18, preserve_unit_iters=True)
sch.annotate(block_or_loop=b25, ann_key="meta_schedule.auto_tensorize", ann_val="wmma_sync_16x16x16_f16f16f16_trans")
sch.annotate(block_or_loop=b25, ann_key="meta_schedule.auto_tensorize_init", ann_val="wmma_fill_16x16x16_f16")
sch.annotate(block_or_loop=b25, ann_key="warp_execution", ann_val=1)
l26, l27, l28 = sch.get_loops(block=b25)
v29, v30, v31, v32, v33 = sch.sample_perfect_tile(loop=l26, n=5, max_innermost_factor=4, decision=[13, 1, 1, 1, 1])
l34, l35, l36, l37, l38 = sch.split(loop=l26, factors=[v29, v30, v31, v32, v33], preserve_unit_iters=True, disable_predication=False)
v39, v40, v41, v42, v43 = sch.sample_perfect_tile(loop=l27, n=5, max_innermost_factor=4, decision=[2, 1, 8, 1, 1])
l44, l45, l46, l47, l48 = sch.split(loop=l27, factors=[v39, v40, v41, v42, v43], preserve_unit_iters=True, disable_predication=False)
v49, v50, v51 = sch.sample_perfect_tile(loop=l28, n=3, max_innermost_factor=4, decision=[12, 2, 3])
l52, l53, l54 = sch.split(loop=l28, factors=[v49, v50, v51], preserve_unit_iters=True, disable_predication=False)
sch.reorder(l34, l44, l35, l45, l36, l46, l52, l53, l37, l47, l54, l38, l48)
l55 = sch.fuse(l34, l44, preserve_unit_iters=True)
sch.bind(loop=l55, thread_axis="blockIdx.y")
l56 = sch.fuse(l35, l45, preserve_unit_iters=True)
sch.bind(loop=l56, thread_axis="blockIdx.x")
l57 = sch.fuse(l36, l46, preserve_unit_iters=True)
sch.bind(loop=l57, thread_axis="threadIdx.y")
sch.annotate(block_or_loop=b25, ann_key="meta_schedule.thread_extent_low_inclusive", ann_val=32)
sch.annotate(block_or_loop=b25, ann_key="meta_schedule.thread_extent_high_inclusive", ann_val=1024)
sch.transform_layout(block=b25, buffer=("write", 0), index_map=lambda i0, i1: (i0 // 16 // (v32 * v33), i1 // 16 // (v42 * v43), i0 // 16 % (v32 * v33), i1 // 16 % (v42 * v43), i0 % 16, i1 % 16,), pad_value=None, assume_injective_transform=True)
b58 = sch.cache_write(block=b25, write_buffer_index=0, storage_scope="shared.dyn")
sch.reverse_compute_at(block=b58, loop=l56, preserve_unit_loops=True, index=-1)
b59 = sch.cache_write(block=b25, write_buffer_index=0, storage_scope="wmma.accumulator")
l60, l61, l62, l63, l64, l65, l66, l67 = sch.get_loops(block=b58)
sch.reorder(l64, l62, l63, l65)
sch.compute_at(block=b59, loop=l64, preserve_unit_loops=True, index=-1)
l68, l69, l70, l71, l72, l73, l74, l75, l76 = sch.get_loops(block=b59)
l77 = sch.fuse(l71, l72, preserve_unit_iters=True)
sch.bind(loop=l77, thread_axis="threadIdx.y")
sch.reverse_compute_inline(block=b3)
l78, l79, l80, l81, l82, l83, l84, l85 = sch.get_loops(block=b59)
b86 = sch.blockize(target=l84, preserve_unit_iters=True)
sch.annotate(block_or_loop=b86, ann_key="meta_schedule.auto_tensorize", ann_val="wmma_store_16x16x16_f16_shared_dyn")
l87, l88, l89, l90, l91, l92, l93, l94 = sch.get_loops(block=b58)
l95 = sch.fuse(l90, l91, l92, l93, l94, preserve_unit_iters=True)
v96 = sch.sample_categorical(candidates=[1, 2, 4, 8], probs=[0.25, 0.25, 0.25, 0.25], decision=1)
sch.annotate(block_or_loop=b58, ann_key="meta_schedule.cooperative_fetch", ann_val=v96)
b97 = sch.cache_read(block=b25, read_buffer_index=0, storage_scope="shared.dyn", consumer_blocks=[b25])
sch.compute_at(block=b97, loop=l52, preserve_unit_loops=True, index=-1)
l98, l99, l100, l101, l102, l103 = sch.get_loops(block=b97)
l104 = sch.fuse(l102, l103, preserve_unit_iters=True)
v105 = sch.sample_categorical(candidates=[1, 2, 4, 8], probs=[0.25, 0.25, 0.25, 0.25], decision=0)
sch.annotate(block_or_loop=b97, ann_key="meta_schedule.cooperative_fetch", ann_val=v105)
b106 = sch.cache_read(block=b25, read_buffer_index=1, storage_scope="shared.dyn", consumer_blocks=[b25])
sch.compute_at(block=b106, loop=l52, preserve_unit_loops=True, index=-1)
l107, l108, l109, l110, l111, l112 = sch.get_loops(block=b106)
l113 = sch.fuse(l111, l112, preserve_unit_iters=True)
v114 = sch.sample_categorical(candidates=[1, 2, 4, 8], probs=[0.25, 0.25, 0.25, 0.25], decision=3)
sch.annotate(block_or_loop=b106, ann_key="meta_schedule.cooperative_fetch", ann_val=v114)
b115 = sch.cache_read(block=b25, read_buffer_index=0, storage_scope="wmma.matrix_a")
sch.compute_at(block=b115, loop=l53, preserve_unit_loops=True, index=-1)
l116, l117, l118, l119, l120, l121, l122 = sch.get_loops(block=b115)
l123, l124 = sch.split(loop=l122, factors=[None, 16], preserve_unit_iters=True, disable_predication=False)
l125, l126 = sch.split(loop=l121, factors=[None, 16], preserve_unit_iters=True, disable_predication=False)
l127, l128, l129, l130, l131, l132, l133, l134, l135 = sch.get_loops(block=b115)
sch.reorder(l134, l126, l124)
b136 = sch.blockize(target=l126, preserve_unit_iters=True)
sch.annotate(block_or_loop=b136, ann_key="meta_schedule.auto_tensorize", ann_val="wmma_load_16x16x16_f16_a_shared_dyn")
b137 = sch.cache_read(block=b25, read_buffer_index=1, storage_scope="wmma.matrix_b")
sch.compute_at(block=b137, loop=l53, preserve_unit_loops=True, index=-1)
l138, l139, l140, l141, l142, l143, l144 = sch.get_loops(block=b137)
l145, l146 = sch.split(loop=l144, factors=[None, 16], preserve_unit_iters=True, disable_predication=False)
l147, l148 = sch.split(loop=l143, factors=[None, 16], preserve_unit_iters=True, disable_predication=False)
l149, l150, l151, l152, l153, l154, l155, l156, l157 = sch.get_loops(block=b137)
sch.reorder(l156, l148, l146)
b158 = sch.blockize(target=l148, preserve_unit_iters=True)
sch.annotate(block_or_loop=b158, ann_key="meta_schedule.auto_tensorize", ann_val="wmma_load_16x16x16_f16_b_trans_shared_dyn")
b159, = sch.get_producers(block=b97)
sch.compute_inline(block=b159)
sch.storage_align(block=b97, buffer_index=0, axis=-2, factor=32, offset=8)
b160, = sch.get_producers(block=b106)
sch.compute_inline(block=b160)
sch.storage_align(block=b106, buffer_index=0, axis=-2, factor=32, offset=8)
sch.compute_inline(block=b0)
v161 = sch.sample_categorical(candidates=[0, 16, 64, 512, 1024], probs=[0.20000000000000001, 0.20000000000000001, 0.20000000000000001, 0.20000000000000001, 0.20000000000000001], decision=2)
sch.annotate(block_or_loop=b2, ann_key="meta_schedule.unroll_explicit", ann_val=v161)
sch.enter_postproc()
sch.unannotate(block_or_loop=b58, ann_key="meta_schedule.cooperative_fetch")
l162, l163, l164, l165 = sch.get_loops(block=b58)
l166, l167, l168, l169 = sch.split(loop=l165, factors=[None, 8, 32, 2], preserve_unit_iters=True, disable_predication=False)
sch.vectorize(loop=l169)
sch.bind(loop=l168, thread_axis="threadIdx.x")
sch.bind(loop=l167, thread_axis="threadIdx.y")
sch.unannotate(block_or_loop=b97, ann_key="meta_schedule.cooperative_fetch")
l170, l171, l172, l173, l174 = sch.get_loops(block=b97)
l175, l176, l177 = sch.split(loop=l174, factors=[None, 8, 32], preserve_unit_iters=True, disable_predication=False)
sch.bind(loop=l177, thread_axis="threadIdx.x")
sch.bind(loop=l176, thread_axis="threadIdx.y")
sch.unannotate(block_or_loop=b106, ann_key="meta_schedule.cooperative_fetch")
l178, l179, l180, l181, l182 = sch.get_loops(block=b106)
l183, l184, l185, l186 = sch.split(loop=l182, factors=[None, 8, 32, 8], preserve_unit_iters=True, disable_predication=False)
sch.vectorize(loop=l186)
sch.bind(loop=l185, thread_axis="threadIdx.x")
sch.bind(loop=l184, thread_axis="threadIdx.y")
b187 = sch.get_block(name="root", func_name="main")
sch.unannotate(block_or_loop=b187, ann_key="meta_schedule.unroll_explicit")
b188, b189, b190, b191, b192, b193, b194 = sch.get_child_blocks(b187)
l195, l196, l197, l198, l199, l200, l201 = sch.get_loops(block=b188)
l202, l203, l204, l205, l206, l207, l208, l209 = sch.get_loops(block=b189)
l210, l211, l212, l213, l214, l215, l216 = sch.get_loops(block=b190)
l217, l218, l219, l220, l221, l222, l223 = sch.get_loops(block=b191)
l224, l225, l226, l227, l228, l229, l230, l231, l232, l233 = sch.get_loops(block=b192)
sch.annotate(block_or_loop=l224, ann_key="pragma_auto_unroll_max_step", ann_val=64)
sch.annotate(block_or_loop=l224, ann_key="pragma_unroll_explicit", ann_val=1)
l234, l235, l236, l237, l238, l239 = sch.get_loops(block=b193)
l240, l241, l242, l243, l244, l245, l246 = sch.get_loops(block=b194)
b247 = sch.get_block(name="conv2d_nchw_o", func_name="main")
l248, l249, l250, l251, l252, l253, l254, l255, l256, l257 = sch.get_loops(block=b247)
b258 = sch.decompose_reduction(block=b247, loop=l251)
sch.unannotate(block_or_loop=b258, ann_key="meta_schedule.auto_tensorize")
sch.annotate(block_or_loop=b258, ann_key="meta_schedule.auto_tensorize", ann_val="wmma_fill_16x16x16_f16")
sch.unannotate(block_or_loop=b247, ann_key="meta_schedule.auto_tensorize_init")
sch.unannotate(block_or_loop=b258, ann_key="meta_schedule.auto_tensorize_init")
b259 = sch.get_block(name="conv2d_nchw_o_init", func_name="main")
sch.unannotate(block_or_loop=b259, ann_key="meta_schedule.auto_tensorize")
sch.tensorize(block_or_loop=b259, tensor_intrin="wmma_fill_16x16x16_f16", preserve_unit_iters=True)
b260 = sch.get_block(name="pad_temp_reindex_pad_shared.dyn_wmma.matrix_a_o", func_name="main")
sch.unannotate(block_or_loop=b260, ann_key="meta_schedule.auto_tensorize")
sch.tensorize(block_or_loop=b260, tensor_intrin="wmma_load_16x16x16_f16_a_shared_dyn", preserve_unit_iters=True)
b261 = sch.get_block(name="W_reindex_shared.dyn_wmma.matrix_b_o", func_name="main")
sch.unannotate(block_or_loop=b261, ann_key="meta_schedule.auto_tensorize")
sch.tensorize(block_or_loop=b261, tensor_intrin="wmma_load_16x16x16_f16_b_trans_shared_dyn", preserve_unit_iters=True)
b262 = sch.get_block(name="conv2d_nchw_o_update", func_name="main")
sch.unannotate(block_or_loop=b262, ann_key="meta_schedule.auto_tensorize")
sch.tensorize(block_or_loop=b262, tensor_intrin="wmma_sync_16x16x16_f16f16f16_trans", preserve_unit_iters=True)
b263 = sch.get_block(name="conv2d_nchw_reindex_pad_shared.dyn_wmma.accumulator_o", func_name="main")
sch.unannotate(block_or_loop=b263, ann_key="meta_schedule.auto_tensorize")
sch.tensorize(block_or_loop=b263, tensor_intrin="wmma_store_16x16x16_f16_shared_dyn", preserve_unit_iters=True)
2025-10-07 10:08:59 [INFO] [task_scheduler.cc:131] [Task #0: main] Trial #51: GFLOPs: 1699.8598. Time: 68.0088 us. Best GFLOPs: 6610.7619
2025-10-07 10:08:59 [INFO] [task_scheduler.cc:131] [Task #0: main] Trial #52: GFLOPs: 404.2127. Time: 286.0017 us. Best GFLOPs: 6610.7619
2025-10-07 10:08:59 [INFO] [task_scheduler.cc:131] [Task #0: main] Trial #53: GFLOPs: 2608.1690. Time: 44.3244 us. Best GFLOPs: 6610.7619
2025-10-07 10:08:59 [INFO] [task_scheduler.cc:131] [Task #0: main] Trial #54: GFLOPs: 132.2136. Time: 874.3847 us. Best GFLOPs: 6610.7619
2025-10-07 10:08:59 [INFO] [task_scheduler.cc:131] [Task #0: main] Trial #55: GFLOPs: 2239.9117. Time: 51.6116 us. Best GFLOPs: 6610.7619
2025-10-07 10:08:59 [INFO] [task_scheduler.cc:131] [Task #0: main] Trial #56: GFLOPs: 268.3890. Time: 430.7387 us. Best GFLOPs: 6610.7619
2025-10-07 10:08:59 [INFO] [task_scheduler.cc:131] [Task #0: main] Trial #57: GFLOPs: 1503.7167. Time: 76.8798 us. Best GFLOPs: 6610.7619
2025-10-07 10:08:59 [INFO] [task_scheduler.cc:131] [Task #0: main] Trial #58: GFLOPs: 2009.7075. Time: 57.5235 us. Best GFLOPs: 6610.7619
2025-10-07 10:08:59 [INFO] [task_scheduler.cc:131] [Task #0: main] Trial #59: GFLOPs: 1748.2396. Time: 66.1268 us. Best GFLOPs: 6610.7619
2025-10-07 10:08:59 [INFO] [task_scheduler.cc:131] [Task #0: main] Trial #60: GFLOPs: 106.3660. Time: 1086.8653 us. Best GFLOPs: 6610.7619
2025-10-07 10:08:59 [INFO] [task_scheduler.cc:131] [Task #0: main] Trial #61: GFLOPs: 1282.0844. Time: 90.1700 us. Best GFLOPs: 6610.7619
2025-10-07 10:08:59 [INFO] [task_scheduler.cc:131] [Task #0: main] Trial #62: GFLOPs: 391.8280. Time: 295.0414 us. Best GFLOPs: 6610.7619
2025-10-07 10:08:59 [INFO] [task_scheduler.cc:131] [Task #0: main] Trial #63: GFLOPs: 1979.7899. Time: 58.3928 us. Best GFLOPs: 6610.7619
2025-10-07 10:08:59 [INFO] [task_scheduler.cc:131] [Task #0: main] Trial #64: GFLOPs: 3360.2118. Time: 34.4042 us. Best GFLOPs: 6610.7619
2025-10-07 10:08:59 [INFO] [evolutionary_search.cc:713] Generating candidates......
2025-10-07 10:09:00 [INFO] [evolutionary_search.cc:715] Picked top 61 candidate(s) from database
2025-10-07 10:09:08 [INFO] [evolutionary_search.cc:533] Sample-Init-Population summary:
Postproc #0 [meta_schedule.DisallowDynamicLoop(0x10a35418)]: 0 failure(s)
Postproc #1 [meta_schedule.RewriteCooperativeFetch(0x119ea348)]: 0 failure(s)
Postproc #2 [meta_schedule.RewriteUnboundBlock(0x10b3f098)]: 0 failure(s)
Postproc #3 [meta_schedule.RewriteParallelVectorizeUnroll(0x10653038)]: 0 failure(s)
Postproc #4 [meta_schedule.RewriteReductionBlock(0x10966348)]: 0 failure(s)
Postproc #5 [meta_schedule.VerifyGPUCode(0x11e7fbb8)]: 335 failure(s)
Postproc #6 [meta_schedule.RewriteTensorize(0x1096e578)]: 0 failure(s)
2025-10-07 10:09:08 [INFO] [evolutionary_search.cc:723] Sampled 116 candidate(s)
2025-10-07 10:09:18 [INFO] [evolutionary_search.cc:621] Evolve iter #0 done. Summary:
Postproc #0 [meta_schedule.DisallowDynamicLoop(0x10a35418)]: 0 failure(s)
Postproc #1 [meta_schedule.RewriteCooperativeFetch(0x119ea348)]: 0 failure(s)
Postproc #2 [meta_schedule.RewriteUnboundBlock(0x10b3f098)]: 0 failure(s)
Postproc #3 [meta_schedule.RewriteParallelVectorizeUnroll(0x10653038)]: 0 failure(s)
Postproc #4 [meta_schedule.RewriteReductionBlock(0x10966348)]: 0 failure(s)
Postproc #5 [meta_schedule.VerifyGPUCode(0x11e7fbb8)]: 96 failure(s)
Postproc #6 [meta_schedule.RewriteTensorize(0x1096e578)]: 0 failure(s)
2025-10-07 10:09:28 [INFO] [evolutionary_search.cc:621] Evolve iter #1 done. Summary:
Postproc #0 [meta_schedule.DisallowDynamicLoop(0x10a35418)]: 0 failure(s)
Postproc #1 [meta_schedule.RewriteCooperativeFetch(0x119ea348)]: 0 failure(s)
Postproc #2 [meta_schedule.RewriteUnboundBlock(0x10b3f098)]: 0 failure(s)
Postproc #3 [meta_schedule.RewriteParallelVectorizeUnroll(0x10653038)]: 0 failure(s)
Postproc #4 [meta_schedule.RewriteReductionBlock(0x10966348)]: 0 failure(s)
Postproc #5 [meta_schedule.VerifyGPUCode(0x11e7fbb8)]: 94 failure(s)
Postproc #6 [meta_schedule.RewriteTensorize(0x1096e578)]: 0 failure(s)
2025-10-07 10:09:39 [INFO] [evolutionary_search.cc:621] Evolve iter #2 done. Summary:
Postproc #0 [meta_schedule.DisallowDynamicLoop(0x10a35418)]: 0 failure(s)
Postproc #1 [meta_schedule.RewriteCooperativeFetch(0x119ea348)]: 0 failure(s)
Postproc #2 [meta_schedule.RewriteUnboundBlock(0x10b3f098)]: 0 failure(s)
Postproc #3 [meta_schedule.RewriteParallelVectorizeUnroll(0x10653038)]: 0 failure(s)
Postproc #4 [meta_schedule.RewriteReductionBlock(0x10966348)]: 0 failure(s)
Postproc #5 [meta_schedule.VerifyGPUCode(0x11e7fbb8)]: 90 failure(s)
Postproc #6 [meta_schedule.RewriteTensorize(0x1096e578)]: 0 failure(s)
2025-10-07 10:09:49 [INFO] [evolutionary_search.cc:621] Evolve iter #3 done. Summary:
Postproc #0 [meta_schedule.DisallowDynamicLoop(0x10a35418)]: 0 failure(s)
Postproc #1 [meta_schedule.RewriteCooperativeFetch(0x119ea348)]: 0 failure(s)
Postproc #2 [meta_schedule.RewriteUnboundBlock(0x10b3f098)]: 0 failure(s)
Postproc #3 [meta_schedule.RewriteParallelVectorizeUnroll(0x10653038)]: 0 failure(s)
Postproc #4 [meta_schedule.RewriteReductionBlock(0x10966348)]: 0 failure(s)
Postproc #5 [meta_schedule.VerifyGPUCode(0x11e7fbb8)]: 88 failure(s)
Postproc #6 [meta_schedule.RewriteTensorize(0x1096e578)]: 0 failure(s)
2025-10-07 10:09:50 [INFO] [evolutionary_search.cc:649] Scores of the best 64 candidates:
[1 : 16]:	0.9989  0.9986  0.9984  0.9982  0.9980  0.9970  0.9965  0.9957  0.9922  0.9920  0.9917  0.9913  0.9904  0.9894  0.9888  0.9888
[17 : 32]:	0.9884  0.9878  0.9863  0.9851  0.9846  0.9815  0.9812  0.9807  0.9801  0.9798  0.9792  0.9772  0.9769  0.9763  0.9751  0.9735
[33 : 48]:	0.9725  0.9725  0.9723  0.9723  0.9716  0.9715  0.9707  0.9706  0.9701  0.9697  0.9693  0.9693  0.9687  0.9674  0.9669  0.9662
[49 : 64]:	0.9660  0.9657  0.9651  0.9648  0.9642  0.9623  0.9622  0.9620  0.9619  0.9609  0.9601  0.9582  0.9576  0.9575  0.9571  0.9569
2025-10-07 10:09:50 [INFO] [evolutionary_search.cc:727] Got 64 candidate(s) with evolutionary search
2025-10-07 10:09:50 [INFO] [evolutionary_search.cc:730] Sending 64 candidates(s) for measurement
2025-10-07 10:10:35 [INFO] [task_scheduler.cc:131] [Task #0: main] Trial #65: GFLOPs: 2235.9887. Time: 51.7022 us. Best GFLOPs: 6610.7619
2025-10-07 10:10:35 [INFO] [task_scheduler.cc:131] [Task #0: main] Trial #66: GFLOPs: 870.3331. Time: 132.8290 us. Best GFLOPs: 6610.7619
2025-10-07 10:10:35 [INFO] [task_scheduler.cc:131] [Task #0: main] Trial #67: GFLOPs: 7302.0349. Time: 15.8320 us. Best GFLOPs: 7302.0349
2025-10-07 10:10:35 [INFO] [task_scheduler.cc:121] [Task #0: main] Trial #68: Error in running:
LocalRunner: An exception occurred
Traceback (most recent call last):
  File "/workspace/tvm-dev/python/tvm/exec/popen_worker.py", line 87, in main
    result = fn(*args, **kwargs)
             ^^^^^^^^^^^^^^^^^^^
  File "/workspace/tvm-dev/python/tvm/meta_schedule/runner/local_runner.py", line 159, in _worker_func
    costs: List[float] = f_run_evaluator(
                         ^^^^^^^^^^^^^^^^
  File "/workspace/tvm-dev/python/tvm/meta_schedule/runner/local_runner.py", line 387, in default_run_evaluator
    return run_evaluator_common(rt_mod, device, evaluator_config, repeated_args)
           ^^^^^^^^^^^^^^^^^^^^^^^^^^^^^^^^^^^^^^^^^^^^^^^^^^^^^^^^^^^^^^^^^^^^^
  File "/workspace/tvm-dev/python/tvm/meta_schedule/runner/utils.py", line 117, in run_evaluator_common
    profile_result = evaluator(*args)
                     ^^^^^^^^^^^^^^^^
  File "/workspace/tvm-dev/python/tvm/runtime/module.py", line 405, in evaluator
    blob = feval(*args)
           ^^^^^^^^^^^^
  File "/workspace/tvm-dev/python/tvm/_ffi/_ctypes/packed_func.py", line 245, in __call__
    raise_last_ffi_error()
  File "/workspace/tvm-dev/python/tvm/_ffi/base.py", line 481, in raise_last_ffi_error
    raise py_err
tvm._ffi.base.TVMError: Traceback (most recent call last):
  1: _ZN3tvm7runtime13PackedFuncObj9ExtractorINS0_16PackedFuncSubObjIZNS0_6detail17PackFuncVoidAddr_ILi4ENS0_15CUDAWrappedFuncEEENS0_10PackedFuncET0_RKSt6vectorINS4_14ArgConvertCodeESaISA_EEEUlNS0_7TVMArgsEPNS0_11TVMRet
  0: tvm::runtime::CUDAWrappedFunc::operator()(tvm::runtime::TVMArgs, tvm::runtime::TVMRetValue*, void**) const [clone .isra.0]
  File "/workspace/tvm-dev/src/runtime/cuda/cuda_module.cc", line 182
TVMError: Failed to set the allowed dynamic shared memory size to 108800

# from tvm.script import ir as I
# from tvm.script import tir as T

@I.ir_module
class Module:
    @T.prim_func
    def main(A: T.Buffer((1, 128, 28, 28), "float16"), W: T.Buffer((256, 128, 3, 3), "float16"), conv2d_nchw: T.Buffer((1, 256, 14, 14), "float16")):
        T.func_attr({"tir.noalias": T.bool(True)})
        # with T.block("root"):
        conv2d_nchw_reindex_pad_shared_dyn = T.alloc_buffer((13, 16, 1, 1, 16, 16), "float16", scope="shared.dyn")
        conv2d_nchw_reindex_pad_shared_dyn_wmma_accumulator = T.alloc_buffer((13, 16, 1, 1, 16, 16), "float16", scope="wmma.accumulator")
        pad_temp_reindex_pad_shared_dyn = T.alloc_buffer((208, 1152), "float16", scope="shared.dyn")
        W_reindex_shared_dyn = T.alloc_buffer((256, 1152), "float16", scope="shared.dyn")
        pad_temp_reindex_pad_shared_dyn_wmma_matrix_a = T.alloc_buffer((208, 1152), "float16", scope="wmma.matrix_a")
        W_reindex_shared_dyn_wmma_matrix_b = T.alloc_buffer((256, 1152), "float16", scope="wmma.matrix_b")
        for ax0_0_0_ax1_0_0_fused in T.thread_binding(8, thread="blockIdx.y", annotations={"pragma_auto_unroll_max_step": 1024, "pragma_unroll_explicit": 1}):
            for ax0_0_1_ax1_0_1_fused in T.thread_binding(2, thread="blockIdx.x"):
                for ax0_0_2_ax1_0_2_fused in T.thread_binding(13, thread="threadIdx.y"):
                    for ax0_0_3_init, ax1_0_3_init, ax0_0_4_init, ax1_0_4_init in T.grid(1, 1, 1, 1):
                        with T.block("conv2d_nchw_o_init"):
                            v0_o = T.axis.spatial(13, ax0_0_2_ax1_0_2_fused + ax0_0_3_init + ax0_0_4_init)
                            v1_o = T.axis.spatial(16, ax0_0_0_ax1_0_0_fused * 2 + ax0_0_1_ax1_0_1_fused + ax1_0_3_init + ax1_0_4_init)
                            T.reads()
                            T.writes(conv2d_nchw_reindex_pad_shared_dyn_wmma_accumulator[v0_o, v1_o, 0, 0, 0:16, 0:16])
                            T.block_attr({"meta_schedule.thread_extent_high_inclusive": 1024, "meta_schedule.thread_extent_low_inclusive": 32, "warp_execution": 1})
                            C = T.match_buffer(conv2d_nchw_reindex_pad_shared_dyn_wmma_accumulator[v0_o, v1_o, 0, 0, 0:16, 0:16], (16, 16), "float16", strides=("C_s0", "C_s1"), scope="wmma.accumulator", offset_factor=16)
                            T.tvm_fill_fragment(C.data, 16, 16, 16, C.elem_offset // C.strides[0] // 16 * (C.strides[0] // 16) + C.elem_offset % C.strides[0] // 16, T.float32(0.0))
                    for ax2_0_0 in range(72):
                        for ax0_ax1_fused_0 in range(1):
                            for ax0_ax1_fused_1 in T.thread_binding(13, thread="threadIdx.y"):
                                for ax0_ax1_fused_2 in T.thread_binding(32, thread="threadIdx.x"):
                                    for ax0_ax1_fused_3 in T.vectorized(8):
                                        with T.block("pad_temp_reindex_pad_shared.dyn"):
                                            v0 = T.axis.spatial(208, (ax0_ax1_fused_0 * 3328 + ax0_ax1_fused_1 * 256 + ax0_ax1_fused_2 * 8 + ax0_ax1_fused_3) // 16)
                                            v1 = T.axis.spatial(1152, ax2_0_0 * 16 + (ax0_ax1_fused_0 * 3328 + ax0_ax1_fused_1 * 256 + ax0_ax1_fused_2 * 8 + ax0_ax1_fused_3) % 16)
                                            T.reads(A[0, v1 // 9, v0 // 14 * 2 + v1 % 9 // 3 - 1, v0 % 14 * 2 + v1 % 3 - 1])
                                            T.writes(pad_temp_reindex_pad_shared_dyn[v0, v1])
                                            T.block_attr({"buffer_dim_align": [[0, 0, 32, 8]]})
                                            pad_temp_reindex_pad_shared_dyn[v0, v1] = T.if_then_else(v0 < 196, T.if_then_else(1 <= v0 // 14 * 2 + v1 % 9 // 3 and v0 // 14 * 2 + v1 % 9 // 3 < 29 and 1 <= v0 % 14 * 2 + v1 % 3 and v0 % 14 * 2 + v1 % 3 < 29, A[0, v1 // 9, v0 // 14 * 2 + v1 % 9 // 3 - 1, v0 % 14 * 2 + v1 % 3 - 1], T.float16(0.0)), T.float16(0.0))
                        for ax0_ax1_fused_0 in range(1):
                            for ax0_ax1_fused_1 in T.thread_binding(13, thread="threadIdx.y"):
                                for ax0_ax1_fused_2 in T.thread_binding(32, thread="threadIdx.x"):
                                    for ax0_ax1_fused_3 in T.vectorized(2):
                                        with T.block("W_reindex_shared.dyn"):
                                            v0 = T.axis.spatial(256, ax0_0_0_ax1_0_0_fused * 32 + ax0_0_1_ax1_0_1_fused * 16 + (ax0_ax1_fused_0 * 832 + ax0_ax1_fused_1 * 64 + ax0_ax1_fused_2 * 2 + ax0_ax1_fused_3) // 16)
                                            v1 = T.axis.spatial(1152, ax2_0_0 * 16 + (ax0_ax1_fused_0 * 832 + ax0_ax1_fused_1 * 64 + ax0_ax1_fused_2 * 2 + ax0_ax1_fused_3) % 16)
                                            T.where(((ax0_ax1_fused_0 * 13 + ax0_ax1_fused_1) * 32 + ax0_ax1_fused_2) * 2 + ax0_ax1_fused_3 < 256)
                                            T.reads(W[v0, v1 // 9, v1 % 9 // 3, v1 % 3])
                                            T.writes(W_reindex_shared_dyn[v0, v1])
                                            T.block_attr({"buffer_dim_align": [[0, 0, 32, 8]]})
                                            W_reindex_shared_dyn[v0, v1] = W[v0, v1 // 9, v1 % 9 // 3, v1 % 3]
                        for ax2_0_1 in range(1):
                            for ax0_0, ax1_0 in T.grid(1, 1):
                                with T.block("pad_temp_reindex_pad_shared.dyn_wmma.matrix_a_o"):
                                    v0_o = T.axis.spatial(13, ax0_0_2_ax1_0_2_fused + ax0_0)
                                    v1_o = T.axis.spatial(72, ax2_0_0 + ax1_0)
                                    T.reads(pad_temp_reindex_pad_shared_dyn[v0_o * 16:v0_o * 16 + 16, v1_o * 16:v1_o * 16 + 16])
                                    T.writes(pad_temp_reindex_pad_shared_dyn_wmma_matrix_a[v0_o * 16:v0_o * 16 + 16, v1_o * 16:v1_o * 16 + 16])
                                    A_1 = T.match_buffer(pad_temp_reindex_pad_shared_dyn[v0_o * 16:v0_o * 16 + 16, v1_o * 16:v1_o * 16 + 16], (16, 16), "float16", strides=("A_s0", "A_s1"), scope="shared.dyn", offset_factor=16)
                                    C = T.match_buffer(pad_temp_reindex_pad_shared_dyn_wmma_matrix_a[v0_o * 16:v0_o * 16 + 16, v1_o * 16:v1_o * 16 + 16], (16, 16), "float16", strides=("C_s0", "C_s1"), scope="wmma.matrix_a", offset_factor=16)
                                    T.tvm_load_matrix_sync(C.data, 16, 16, 16, C.elem_offset // C.strides[0] // 16 * (C.strides[0] // 16) + C.elem_offset % C.strides[0] // 16, T.tvm_access_ptr(T.type_annotation("float16"), A_1.data, A_1.elem_offset, A_1.strides[0] * 16, 1), A_1.strides[0], "row_major")
                            for ax0_0, ax1_0 in T.grid(1, 1):
                                with T.block("W_reindex_shared.dyn_wmma.matrix_b_o"):
                                    v0_o = T.axis.spatial(16, ax0_0_0_ax1_0_0_fused * 2 + ax0_0_1_ax1_0_1_fused + ax0_0)
                                    v1_o = T.axis.spatial(72, ax2_0_0 + ax1_0)
                                    T.reads(W_reindex_shared_dyn[v0_o * 16:v0_o * 16 + 16, v1_o * 16:v1_o * 16 + 16])
                                    T.writes(W_reindex_shared_dyn_wmma_matrix_b[v0_o * 16:v0_o * 16 + 16, v1_o * 16:v1_o * 16 + 16])
                                    A_1 = T.match_buffer(W_reindex_shared_dyn[v0_o * 16:v0_o * 16 + 16, v1_o * 16:v1_o * 16 + 16], (16, 16), "float16", strides=("A_s0", "A_s1"), scope="shared.dyn", offset_factor=16)
                                    C = T.match_buffer(W_reindex_shared_dyn_wmma_matrix_b[v0_o * 16:v0_o * 16 + 16, v1_o * 16:v1_o * 16 + 16], (16, 16), "float16", strides=("C_s0", "C_s1"), scope="wmma.matrix_b", offset_factor=16)
                                    T.tvm_load_matrix_sync(C.data, 16, 16, 16, C.elem_offset // C.strides[0] // 16 * (C.strides[0] // 16) + C.elem_offset % C.strides[0] // 16, T.tvm_access_ptr(T.type_annotation("float16"), A_1.data, A_1.elem_offset, A_1.strides[0] * 16, 1), A_1.strides[0], "col_major")
                            for ax0_0_3, ax1_0_3, ax2_0_2, ax0_0_4, ax1_0_4 in T.grid(1, 1, 1, 1, 1):
                                with T.block("conv2d_nchw_o_update"):
                                    v0_o = T.axis.spatial(13, ax0_0_2_ax1_0_2_fused + ax0_0_3 + ax0_0_4)
                                    v1_o = T.axis.spatial(16, ax0_0_0_ax1_0_0_fused * 2 + ax0_0_1_ax1_0_1_fused + ax1_0_3 + ax1_0_4)
                                    v2_o = T.axis.reduce(72, ax2_0_0 + ax2_0_1 + ax2_0_2)
                                    T.reads(conv2d_nchw_reindex_pad_shared_dyn_wmma_accumulator[v0_o, v1_o, 0, 0, 0:16, 0:16], pad_temp_reindex_pad_shared_dyn_wmma_matrix_a[v0_o * 16:v0_o * 16 + 16, v2_o * 16:v2_o * 16 + 16], W_reindex_shared_dyn_wmma_matrix_b[v1_o * 16:v1_o * 16 + 16, v2_o * 16:v2_o * 16 + 16])
                                    T.writes(conv2d_nchw_reindex_pad_shared_dyn_wmma_accumulator[v0_o, v1_o, 0, 0, 0:16, 0:16])
                                    T.block_attr({"meta_schedule.thread_extent_high_inclusive": 1024, "meta_schedule.thread_extent_low_inclusive": 32, "warp_execution": 1})
                                    A_1 = T.match_buffer(pad_temp_reindex_pad_shared_dyn_wmma_matrix_a[v0_o * 16:v0_o * 16 + 16, v2_o * 16:v2_o * 16 + 16], (16, 16), "float16", strides=("A_s0", "A_s1"), scope="wmma.matrix_a", offset_factor=16)
                                    B = T.match_buffer(W_reindex_shared_dyn_wmma_matrix_b[v1_o * 16:v1_o * 16 + 16, v2_o * 16:v2_o * 16 + 16], (16, 16), "float16", strides=("B_s0", "B_s1"), scope="wmma.matrix_b", offset_factor=16)
                                    C = T.match_buffer(conv2d_nchw_reindex_pad_shared_dyn_wmma_accumulator[v0_o, v1_o, 0, 0, 0:16, 0:16], (16, 16), "float16", strides=("C_s0", "C_s1"), scope="wmma.accumulator", offset_factor=16)
                                    T.tvm_mma_sync(C.data, C.elem_offset // C.strides[0] // 16 * (C.strides[0] // 16) + C.elem_offset % C.strides[0] // 16, A_1.data, A_1.elem_offset // A_1.strides[0] // 16 * (A_1.strides[0] // 16) + A_1.elem_offset % A_1.strides[0] // 16, B.data, B.elem_offset // B.strides[0] // 16 * (B.strides[0] // 16) + B.elem_offset % B.strides[0] // 16, C.data, C.elem_offset // C.strides[0] // 16 * (C.strides[0] // 16) + C.elem_offset % C.strides[0] // 16)
                for ax2 in range(1):
                    for ax0_ax1_fused in T.thread_binding(13, thread="threadIdx.y"):
                        for ax2_1, ax3 in T.grid(1, 1):
                            with T.block("conv2d_nchw_reindex_pad_shared.dyn_wmma.accumulator_o"):
                                v0_o = T.axis.spatial(13, ax0_ax1_fused)
                                v1_o = T.axis.spatial(16, ax0_0_0_ax1_0_0_fused * 2 + ax0_0_1_ax1_0_1_fused)
                                v2_o, v3_o = T.axis.remap("SS", [ax2_1, ax3])
                                v4_o = T.axis.spatial(1, 0)
                                v5_o = T.axis.spatial(1, 0)
                                T.reads(conv2d_nchw_reindex_pad_shared_dyn_wmma_accumulator[v0_o, v1_o, v2_o, v3_o, 0:16, 0:16])
                                T.writes(conv2d_nchw_reindex_pad_shared_dyn[v0_o, v1_o, v2_o, v3_o, 0:16, 0:16])
                                A_1 = T.match_buffer(conv2d_nchw_reindex_pad_shared_dyn_wmma_accumulator[v0_o, v1_o, v2_o, v3_o, 0:16, 0:16], (16, 16), "float16", strides=("A_s0", "A_s1"), scope="wmma.accumulator", offset_factor=16)
                                C = T.match_buffer(conv2d_nchw_reindex_pad_shared_dyn[v0_o, v1_o, v2_o, v3_o, 0:16, 0:16], (16, 16), "float16", strides=("C_s0", "C_s1"), scope="shared.dyn", offset_factor=16)
                                T.tvm_store_matrix_sync(A_1.data, 16, 16, 16, A_1.elem_offset // A_1.strides[0] // 16 * (A_1.strides[0] // 16) + A_1.elem_offset % A_1.strides[0] // 16, T.tvm_access_ptr(T.type_annotation("float16"), C.data, C.elem_offset, C.strides[0] * 16, 2), C.strides[0], "row_major")
                    for ax0_ax1_ax3_ax4_ax5_fused_0 in range(4):
                        for ax0_ax1_ax3_ax4_ax5_fused_1 in T.thread_binding(13, thread="threadIdx.y"):
                            for ax0_ax1_ax3_ax4_ax5_fused_2 in T.thread_binding(32, thread="threadIdx.x"):
                                for ax0_ax1_ax3_ax4_ax5_fused_3 in T.vectorized(2):
                                    with T.block("conv2d_nchw_reindex_pad_shared.dyn"):
                                        v0 = T.axis.spatial(13, (ax0_ax1_ax3_ax4_ax5_fused_0 * 832 + ax0_ax1_ax3_ax4_ax5_fused_1 * 64 + ax0_ax1_ax3_ax4_ax5_fused_2 * 2 + ax0_ax1_ax3_ax4_ax5_fused_3) // 256)
                                        v1 = T.axis.spatial(16, ax0_0_0_ax1_0_0_fused * 2 + ax0_0_1_ax1_0_1_fused)
                                        v2 = T.axis.spatial(1, ax2)
                                        v3 = T.axis.spatial(1, 0)
                                        v4 = T.axis.spatial(16, (ax0_ax1_ax3_ax4_ax5_fused_0 * 832 + ax0_ax1_ax3_ax4_ax5_fused_1 * 64 + ax0_ax1_ax3_ax4_ax5_fused_2 * 2 + ax0_ax1_ax3_ax4_ax5_fused_3) % 256 // 16)
                                        v5 = T.axis.spatial(16, (ax0_ax1_ax3_ax4_ax5_fused_0 * 832 + ax0_ax1_ax3_ax4_ax5_fused_1 * 64 + ax0_ax1_ax3_ax4_ax5_fused_2 * 2 + ax0_ax1_ax3_ax4_ax5_fused_3) % 16)
                                        T.where((((ax0_ax1_ax3_ax4_ax5_fused_0 * 13 + ax0_ax1_ax3_ax4_ax5_fused_1) * 32 + ax0_ax1_ax3_ax4_ax5_fused_2) * 2 + ax0_ax1_ax3_ax4_ax5_fused_3) // 256 * 16 + (((ax0_ax1_ax3_ax4_ax5_fused_0 * 13 + ax0_ax1_ax3_ax4_ax5_fused_1) * 32 + ax0_ax1_ax3_ax4_ax5_fused_2) * 2 + ax0_ax1_ax3_ax4_ax5_fused_3) % 256 // 16 < 196)
                                        T.reads(conv2d_nchw_reindex_pad_shared_dyn[v0, v1, v2, v3, v4, v5])
                                        T.writes(conv2d_nchw[0, v5 + v1 * 16, (v4 + v0 * 16) // 14, (v4 + v0 * 16) % 14])
                                        conv2d_nchw[0, v5 + v1 * 16, (v4 + v0 * 16) // 14, (v4 + v0 * 16) % 14] = conv2d_nchw_reindex_pad_shared_dyn[v0, v1, v2, v3, v4, v5]
b0 = sch.get_block(name="pad_temp", func_name="main")
b1 = sch.get_block(name="conv2d_nchw", func_name="main")
b2 = sch.get_block(name="root", func_name="main")
sch.annotate(block_or_loop=b1, ann_key="meta_schedule.tiling_structure", ann_val="SSSRRSRS")
b3 = sch.reindex(block=b1, buffer=("write", 0))
b4 = sch.reindex(block=b1, buffer=("read", 0))
b5 = sch.reindex(block=b1, buffer=("read", 1))
sch.transform_layout(block=b1, buffer=("read", 0), index_map=lambda v_nn, v_yy, v_xx, v_rc, v_ry, v_rx: (v_nn * 196 + v_yy * 14 + v_xx, v_rc * 9 + v_ry * 3 + v_rx,), pad_value=None, assume_injective_transform=True)
sch.transform_layout(block=b1, buffer=("read", 1), index_map=lambda v_ff, v_rc, v_ry, v_rx: (v_ff, v_rc * 9 + v_ry * 3 + v_rx,), pad_value=None, assume_injective_transform=True)
sch.transform_layout(block=b1, buffer=("write", 0), index_map=lambda v_nn, v_ff, v_yy, v_xx: (v_nn * 196 + v_yy * 14 + v_xx, v_ff,), pad_value=None, assume_injective_transform=True)
sch.transform_block_layout(block=b3, index_map=lambda v_nn, v_ff, v_yy, v_xx: (v_nn * 196 + v_yy * 14 + v_xx, v_ff,))
sch.transform_block_layout(block=b4, index_map=lambda v_nn, v_yy, v_xx, v_rc, v_ry, v_rx: (v_nn * 196 + v_yy * 14 + v_xx, v_rc * 9 + v_ry * 3 + v_rx,))
sch.transform_block_layout(block=b5, index_map=lambda v_ff, v_rc, v_ry, v_rx: (v_ff, v_rc * 9 + v_ry * 3 + v_rx,))
sch.transform_block_layout(block=b1, index_map=lambda v_nn, v_ff, v_yy, v_xx, v_rc, v_ry, v_rx: (v_nn * 196 + v_yy * 14 + v_xx, v_ff, v_rc * 9 + v_ry * 3 + v_rx,))
sch.pad_einsum(block=b1, padding=[16, 1, 1])
b6, b7 = sch.get_producers(block=b1)
b8, = sch.get_producers(block=b6)
b9, = sch.get_consumers(block=b1)
sch.compute_inline(block=b8)
sch.compute_inline(block=b9)
l10, l11, l12 = sch.get_loops(block=b1)
l13, l14 = sch.split(loop=l12, factors=[None, 16], preserve_unit_iters=True, disable_predication=False)
l15, l16 = sch.split(loop=l11, factors=[None, 16], preserve_unit_iters=True, disable_predication=False)
l17, l18 = sch.split(loop=l10, factors=[None, 16], preserve_unit_iters=True, disable_predication=False)
l19, l20, l21, l22, l23, l24 = sch.get_loops(block=b1)
sch.reorder(l21, l23, l18, l16, l14)
b25 = sch.blockize(target=l18, preserve_unit_iters=True)
sch.annotate(block_or_loop=b25, ann_key="meta_schedule.auto_tensorize", ann_val="wmma_sync_16x16x16_f16f16f16_trans")
sch.annotate(block_or_loop=b25, ann_key="meta_schedule.auto_tensorize_init", ann_val="wmma_fill_16x16x16_f16")
sch.annotate(block_or_loop=b25, ann_key="warp_execution", ann_val=1)
l26, l27, l28 = sch.get_loops(block=b25)
v29, v30, v31, v32, v33 = sch.sample_perfect_tile(loop=l26, n=5, max_innermost_factor=4, decision=[1, 1, 13, 1, 1])
l34, l35, l36, l37, l38 = sch.split(loop=l26, factors=[v29, v30, v31, v32, v33], preserve_unit_iters=True, disable_predication=False)
v39, v40, v41, v42, v43 = sch.sample_perfect_tile(loop=l27, n=5, max_innermost_factor=4, decision=[8, 2, 1, 1, 1])
l44, l45, l46, l47, l48 = sch.split(loop=l27, factors=[v39, v40, v41, v42, v43], preserve_unit_iters=True, disable_predication=False)
v49, v50, v51 = sch.sample_perfect_tile(loop=l28, n=3, max_innermost_factor=4, decision=[72, 1, 1])
l52, l53, l54 = sch.split(loop=l28, factors=[v49, v50, v51], preserve_unit_iters=True, disable_predication=False)
sch.reorder(l34, l44, l35, l45, l36, l46, l52, l53, l37, l47, l54, l38, l48)
l55 = sch.fuse(l34, l44, preserve_unit_iters=True)
sch.bind(loop=l55, thread_axis="blockIdx.y")
l56 = sch.fuse(l35, l45, preserve_unit_iters=True)
sch.bind(loop=l56, thread_axis="blockIdx.x")
l57 = sch.fuse(l36, l46, preserve_unit_iters=True)
sch.bind(loop=l57, thread_axis="threadIdx.y")
sch.annotate(block_or_loop=b25, ann_key="meta_schedule.thread_extent_low_inclusive", ann_val=32)
sch.annotate(block_or_loop=b25, ann_key="meta_schedule.thread_extent_high_inclusive", ann_val=1024)
sch.transform_layout(block=b25, buffer=("write", 0), index_map=lambda i0, i1: (i0 // 16 // (v32 * v33), i1 // 16 // (v42 * v43), i0 // 16 % (v32 * v33), i1 // 16 % (v42 * v43), i0 % 16, i1 % 16,), pad_value=None, assume_injective_transform=True)
b58 = sch.cache_write(block=b25, write_buffer_index=0, storage_scope="shared.dyn")
sch.reverse_compute_at(block=b58, loop=l56, preserve_unit_loops=True, index=-1)
b59 = sch.cache_write(block=b25, write_buffer_index=0, storage_scope="wmma.accumulator")
l60, l61, l62, l63, l64, l65, l66, l67 = sch.get_loops(block=b58)
sch.reorder(l64, l62, l63, l65)
sch.compute_at(block=b59, loop=l64, preserve_unit_loops=True, index=-1)
l68, l69, l70, l71, l72, l73, l74, l75, l76 = sch.get_loops(block=b59)
l77 = sch.fuse(l71, l72, preserve_unit_iters=True)
sch.bind(loop=l77, thread_axis="threadIdx.y")
sch.reverse_compute_inline(block=b3)
l78, l79, l80, l81, l82, l83, l84, l85 = sch.get_loops(block=b59)
b86 = sch.blockize(target=l84, preserve_unit_iters=True)
sch.annotate(block_or_loop=b86, ann_key="meta_schedule.auto_tensorize", ann_val="wmma_store_16x16x16_f16_shared_dyn")
l87, l88, l89, l90, l91, l92, l93, l94 = sch.get_loops(block=b58)
l95 = sch.fuse(l90, l91, l92, l93, l94, preserve_unit_iters=True)
v96 = sch.sample_categorical(candidates=[1, 2, 4, 8], probs=[0.25, 0.25, 0.25, 0.25], decision=1)
sch.annotate(block_or_loop=b58, ann_key="meta_schedule.cooperative_fetch", ann_val=v96)
b97 = sch.cache_read(block=b25, read_buffer_index=0, storage_scope="shared.dyn", consumer_blocks=[b25])
sch.compute_at(block=b97, loop=l52, preserve_unit_loops=True, index=-1)
l98, l99, l100, l101, l102, l103 = sch.get_loops(block=b97)
l104 = sch.fuse(l102, l103, preserve_unit_iters=True)
v105 = sch.sample_categorical(candidates=[1, 2, 4, 8], probs=[0.25, 0.25, 0.25, 0.25], decision=3)
sch.annotate(block_or_loop=b97, ann_key="meta_schedule.cooperative_fetch", ann_val=v105)
b106 = sch.cache_read(block=b25, read_buffer_index=1, storage_scope="shared.dyn", consumer_blocks=[b25])
sch.compute_at(block=b106, loop=l52, preserve_unit_loops=True, index=-1)
l107, l108, l109, l110, l111, l112 = sch.get_loops(block=b106)
l113 = sch.fuse(l111, l112, preserve_unit_iters=True)
v114 = sch.sample_categorical(candidates=[1, 2, 4, 8], probs=[0.25, 0.25, 0.25, 0.25], decision=1)
sch.annotate(block_or_loop=b106, ann_key="meta_schedule.cooperative_fetch", ann_val=v114)
b115 = sch.cache_read(block=b25, read_buffer_index=0, storage_scope="wmma.matrix_a")
sch.compute_at(block=b115, loop=l53, preserve_unit_loops=True, index=-1)
l116, l117, l118, l119, l120, l121, l122 = sch.get_loops(block=b115)
l123, l124 = sch.split(loop=l122, factors=[None, 16], preserve_unit_iters=True, disable_predication=False)
l125, l126 = sch.split(loop=l121, factors=[None, 16], preserve_unit_iters=True, disable_predication=False)
l127, l128, l129, l130, l131, l132, l133, l134, l135 = sch.get_loops(block=b115)
sch.reorder(l134, l126, l124)
b136 = sch.blockize(target=l126, preserve_unit_iters=True)
sch.annotate(block_or_loop=b136, ann_key="meta_schedule.auto_tensorize", ann_val="wmma_load_16x16x16_f16_a_shared_dyn")
b137 = sch.cache_read(block=b25, read_buffer_index=1, storage_scope="wmma.matrix_b")
sch.compute_at(block=b137, loop=l53, preserve_unit_loops=True, index=-1)
l138, l139, l140, l141, l142, l143, l144 = sch.get_loops(block=b137)
l145, l146 = sch.split(loop=l144, factors=[None, 16], preserve_unit_iters=True, disable_predication=False)
l147, l148 = sch.split(loop=l143, factors=[None, 16], preserve_unit_iters=True, disable_predication=False)
l149, l150, l151, l152, l153, l154, l155, l156, l157 = sch.get_loops(block=b137)
sch.reorder(l156, l148, l146)
b158 = sch.blockize(target=l148, preserve_unit_iters=True)
sch.annotate(block_or_loop=b158, ann_key="meta_schedule.auto_tensorize", ann_val="wmma_load_16x16x16_f16_b_trans_shared_dyn")
b159, = sch.get_producers(block=b97)
sch.compute_inline(block=b159)
sch.storage_align(block=b97, buffer_index=0, axis=-2, factor=32, offset=8)
b160, = sch.get_producers(block=b106)
sch.compute_inline(block=b160)
sch.storage_align(block=b106, buffer_index=0, axis=-2, factor=32, offset=8)
sch.compute_inline(block=b0)
v161 = sch.sample_categorical(candidates=[0, 16, 64, 512, 1024], probs=[0.20000000000000001, 0.20000000000000001, 0.20000000000000001, 0.20000000000000001, 0.20000000000000001], decision=4)
sch.annotate(block_or_loop=b2, ann_key="meta_schedule.unroll_explicit", ann_val=v161)
sch.enter_postproc()
sch.unannotate(block_or_loop=b58, ann_key="meta_schedule.cooperative_fetch")
l162, l163, l164, l165 = sch.get_loops(block=b58)
l166, l167, l168, l169 = sch.split(loop=l165, factors=[None, 13, 32, 2], preserve_unit_iters=True, disable_predication=False)
sch.vectorize(loop=l169)
sch.bind(loop=l168, thread_axis="threadIdx.x")
sch.bind(loop=l167, thread_axis="threadIdx.y")
sch.unannotate(block_or_loop=b97, ann_key="meta_schedule.cooperative_fetch")
l170, l171, l172, l173, l174 = sch.get_loops(block=b97)
l175, l176, l177, l178 = sch.split(loop=l174, factors=[None, 13, 32, 8], preserve_unit_iters=True, disable_predication=False)
sch.vectorize(loop=l178)
sch.bind(loop=l177, thread_axis="threadIdx.x")
sch.bind(loop=l176, thread_axis="threadIdx.y")
sch.unannotate(block_or_loop=b106, ann_key="meta_schedule.cooperative_fetch")
l179, l180, l181, l182, l183 = sch.get_loops(block=b106)
l184, l185, l186, l187 = sch.split(loop=l183, factors=[None, 13, 32, 2], preserve_unit_iters=True, disable_predication=False)
sch.vectorize(loop=l187)
sch.bind(loop=l186, thread_axis="threadIdx.x")
sch.bind(loop=l185, thread_axis="threadIdx.y")
b188 = sch.get_block(name="root", func_name="main")
sch.unannotate(block_or_loop=b188, ann_key="meta_schedule.unroll_explicit")
b189, b190, b191, b192, b193, b194, b195 = sch.get_child_blocks(b188)
l196, l197, l198, l199, l200, l201, l202, l203 = sch.get_loops(block=b189)
l204, l205, l206, l207, l208, l209, l210, l211 = sch.get_loops(block=b190)
l212, l213, l214, l215, l216, l217, l218 = sch.get_loops(block=b191)
l219, l220, l221, l222, l223, l224, l225 = sch.get_loops(block=b192)
l226, l227, l228, l229, l230, l231, l232, l233, l234, l235 = sch.get_loops(block=b193)
sch.annotate(block_or_loop=l226, ann_key="pragma_auto_unroll_max_step", ann_val=1024)
sch.annotate(block_or_loop=l226, ann_key="pragma_unroll_explicit", ann_val=1)
l236, l237, l238, l239, l240, l241 = sch.get_loops(block=b194)
l242, l243, l244, l245, l246, l247, l248 = sch.get_loops(block=b195)
b249 = sch.get_block(name="conv2d_nchw_o", func_name="main")
l250, l251, l252, l253, l254, l255, l256, l257, l258, l259 = sch.get_loops(block=b249)
b260 = sch.decompose_reduction(block=b249, loop=l253)
sch.unannotate(block_or_loop=b260, ann_key="meta_schedule.auto_tensorize")
sch.annotate(block_or_loop=b260, ann_key="meta_schedule.auto_tensorize", ann_val="wmma_fill_16x16x16_f16")
sch.unannotate(block_or_loop=b249, ann_key="meta_schedule.auto_tensorize_init")
sch.unannotate(block_or_loop=b260, ann_key="meta_schedule.auto_tensorize_init")
b261 = sch.get_block(name="conv2d_nchw_o_init", func_name="main")
sch.unannotate(block_or_loop=b261, ann_key="meta_schedule.auto_tensorize")
sch.tensorize(block_or_loop=b261, tensor_intrin="wmma_fill_16x16x16_f16", preserve_unit_iters=True)
b262 = sch.get_block(name="pad_temp_reindex_pad_shared.dyn_wmma.matrix_a_o", func_name="main")
sch.unannotate(block_or_loop=b262, ann_key="meta_schedule.auto_tensorize")
sch.tensorize(block_or_loop=b262, tensor_intrin="wmma_load_16x16x16_f16_a_shared_dyn", preserve_unit_iters=True)
b263 = sch.get_block(name="W_reindex_shared.dyn_wmma.matrix_b_o", func_name="main")
sch.unannotate(block_or_loop=b263, ann_key="meta_schedule.auto_tensorize")
sch.tensorize(block_or_loop=b263, tensor_intrin="wmma_load_16x16x16_f16_b_trans_shared_dyn", preserve_unit_iters=True)
b264 = sch.get_block(name="conv2d_nchw_o_update", func_name="main")
sch.unannotate(block_or_loop=b264, ann_key="meta_schedule.auto_tensorize")
sch.tensorize(block_or_loop=b264, tensor_intrin="wmma_sync_16x16x16_f16f16f16_trans", preserve_unit_iters=True)
b265 = sch.get_block(name="conv2d_nchw_reindex_pad_shared.dyn_wmma.accumulator_o", func_name="main")
sch.unannotate(block_or_loop=b265, ann_key="meta_schedule.auto_tensorize")
sch.tensorize(block_or_loop=b265, tensor_intrin="wmma_store_16x16x16_f16_shared_dyn", preserve_unit_iters=True)
2025-10-07 10:10:35 [INFO] [task_scheduler.cc:121] [Task #0: main] Trial #69: Error in building:
LocalBuilder: An exception occurred
Traceback (most recent call last):
  File "/workspace/tvm-dev/python/tvm/exec/popen_worker.py", line 87, in main
    result = fn(*args, **kwargs)
             ^^^^^^^^^^^^^^^^^^^
  File "/workspace/tvm-dev/python/tvm/meta_schedule/builder/local_builder.py", line 165, in <lambda>
    lambda x: _worker_func(*x),
              ^^^^^^^^^^^^^^^^
  File "/workspace/tvm-dev/python/tvm/meta_schedule/builder/local_builder.py", line 231, in _worker_func
    rt_mod: Module = f_build(mod, target, _deserialize_params(params))
                     ^^^^^^^^^^^^^^^^^^^^^^^^^^^^^^^^^^^^^^^^^^^^^^^^^
  File "/workspace/tvm-dev/python/tvm/_ffi/_ctypes/packed_func.py", line 245, in __call__
    raise_last_ffi_error()
  File "/workspace/tvm-dev/python/tvm/_ffi/base.py", line 481, in raise_last_ffi_error
    raise py_err
  File "/workspace/tvm-dev/python/tvm/meta_schedule/builder/local_builder.py", line 261, in default_build
    return tvm_build(mod, target=target)
           ^^^^^^^^^^^^^^^^^^^^^^^^^^^^^
  File "/workspace/tvm-dev/python/tvm/driver/build_module.py", line 297, in build
    rt_mod_host = _driver_ffi.tir_to_runtime(annotated_mods, target_host)
                  ^^^^^^^^^^^^^^^^^^^^^^^^^^^^^^^^^^^^^^^^^^^^^^^^^^^^^^^
  File "/workspace/tvm-dev/python/tvm/_ffi/_ctypes/packed_func.py", line 245, in __call__
    raise_last_ffi_error()
  File "/workspace/tvm-dev/python/tvm/_ffi/base.py", line 481, in raise_last_ffi_error
    raise py_err
ValueError: Traceback (most recent call last):
  33: tvm::runtime::PackedFuncObj::Extractor<tvm::runtime::PackedFuncSubObj<tvm::runtime::TypedPackedFunc<tvm::runtime::Module (tvm::runtime::Map<tvm::Target, tvm::IRModule, void, void> const&, tvm::Target)>::AssignTypedLambda<tvm::__mk_TVM24::{lambda(tvm::runtime::Map<tvm::Target, tvm::IRModule, void, void> const&, tvm::Target)#1}>(tvm::__mk_TVM24::{lambda(tvm::runtime::Map<tvm::Target, tvm::IRModule, void, void> const&, tvm::Target)#1}, std::__cxx11::basic_string<char, std::char_traits<char>, std::allocator<char> >)::{lambda(tvm::runtime::TVMArgs const&, tvm::runtime::TVMRetValue*)#1}> >::Call(tvm::runtime::PackedFuncObj const*, std::__cxx11::basic_string<char, std::char_traits<char>, std::allocator<char> >, tvm::runtime::TVMRetValue)
  32: tvm::TIRToRuntime(tvm::runtime::Map<tvm::Target, tvm::IRModule, void, void> const&, tvm::Target const&)
  31: tvm::codegen::Build(tvm::IRModule, tvm::Target)
  30: _ZN3tvm7runtime13PackedFuncObj
  29: tvm::runtime::TypedPackedFunc<tvm::runtime::Module (tvm::IRModule, tvm::Target)>::AssignTypedLambda<tvm::runtime::Module (*)(tvm::IRModule, tvm::Target)>(tvm::runtime::Module (*)(tvm::IRModule, tvm::Target), std::__cxx11::basic_string<char, std::char_traits<char>, std::allocator<char> >)::{lambda(tvm::runtime::TVMArgs const&, tvm::runtime::TVMRetValue*)#1}::operator()(tvm::runtime::TVMArgs const&, tvm::runtime::TVMRetValue*) const
  28: tvm::codegen::BuildCUDA(tvm::IRModule, tvm::Target)
  27: tvm::codegen::CodeGenC::AddFunction(tvm::GlobalVar const&, tvm::tir::PrimFunc const&)
  26: tvm::codegen::CodeGenCUDA::VisitStmt_(tvm::tir::AllocateNode const*)
  25: tvm::codegen::CodeGenCUDA::VisitStmt_(tvm::tir::AllocateNode const*)
  24: tvm::codegen::CodeGenCUDA::VisitStmt_(tvm::tir::AllocateNode const*)
  23: tvm::codegen::CodeGenCUDA::VisitStmt_(tvm::tir::AllocateNode const*)
  22: tvm::codegen::CodeGenC::VisitStmt_(tvm::tir::SeqStmtNode const*)
  21: tvm::codegen::CodeGenC::VisitStmt_(tvm::tir::ForNode const*)
  20: tvm::codegen::CodeGenC::VisitStmt_(tvm::tir::SeqStmtNode const*)
  19: tvm::codegen::CodeGenC::VisitStmt_(tvm::tir::BufferStoreNode const*)
  18: tvm::codegen::CodeGenC::PrintExpr[abi:cxx11](tvm::PrimExpr const&)
  17: tvm::codegen::CodeGenC::VisitExpr_(tvm::tir::BufferLoadNode const*, std::ostream&)
  16: tvm::codegen::CodeGenC::PrintExpr[abi:cxx11](tvm::PrimExpr const&)
  15: void tvm::codegen::PrintBinaryExpr<tvm::tir::AddNode>(tvm::tir::AddNode const*, char const*, std::ostream&, tvm::codegen::CodeGenC*)
  14: tvm::codegen::CodeGenCUDA::PrintVecBinaryOp(std::__cxx11::basic_string<char, std::char_traits<char>, std::allocator<char> > const&, tvm::runtime::DataType, tvm::PrimExpr, tvm::PrimExpr, std::ostream&)
  13: tvm::codegen::CodeGenC::PrintExpr[abi:cxx11](tvm::PrimExpr const&)
  12: void tvm::codegen::PrintBinaryExpr<tvm::tir::AddNode>(tvm::tir::AddNode const*, char const*, std::ostream&, tvm::codegen::CodeGenC*)
  11: tvm::codegen::CodeGenCUDA::PrintVecBinaryOp(std::__cxx11::basic_string<char, std::char_traits<char>, std::allocator<char> > const&, tvm::runtime::DataType, tvm::PrimExpr, tvm::PrimExpr, std::ostream&)
  10: tvm::codegen::CodeGenC::PrintExpr[abi:cxx11](tvm::PrimExpr const&)
  9: void tvm::codegen::PrintBinaryExpr<tvm::tir::AddNode>(tvm::tir::AddNode const*, char const*, std::ostream&, tvm::codegen::CodeGenC*)
  8: tvm::codegen::CodeGenCUDA::PrintVecBinaryOp(std::__cxx11::basic_string<char, std::char_traits<char>, std::allocator<char> > const&, tvm::runtime::DataType, tvm::PrimExpr, tvm::PrimExpr, std::ostream&)
  7: tvm::codegen::CodeGenC::PrintExpr[abi:cxx11](tvm::PrimExpr const&)
  6: void tvm::codegen::PrintBinaryExpr<tvm::tir::MulNode>(tvm::tir::MulNode const*, char const*, std::ostream&, tvm::codegen::CodeGenC*)
  5: tvm::codegen::CodeGenCUDA::PrintVecBinaryOp(std::__cxx11::basic_string<char, std::char_traits<char>, std::allocator<char> > const&, tvm::runtime::DataType, tvm::PrimExpr, tvm::PrimExpr, std::ostream&)
  4: tvm::codegen::CodeGenC::PrintExpr[abi:cxx11](tvm::PrimExpr const&)
  3: void tvm::codegen::PrintBinaryExpr<tvm::tir::DivNode>(tvm::tir::DivNode const*, char const*, std::ostream&, tvm::codegen::CodeGenC*)
  2: tvm::codegen::CodeGenCUDA::PrintVecBinaryOp(std::__cxx11::basic_string<char, std::char_traits<char>, std::allocator<char> > const&, tvm::runtime::DataType, tvm::PrimExpr, tvm::PrimExpr, std::ostream&)
  1: tvm::codegen::CodeGenC::PrintExpr[abi:cxx11](tvm::PrimExpr const&)
  0: tvm::codegen::CodeGenCUDA::VisitExpr_(tvm::tir::RampNode const*, std::ostream&)
  File "/workspace/tvm-dev/src/target/source/codegen_cuda.cc", line 1204
ValueError: Check failed: lanes <= 4 (8 vs. 4) : Ramp of more than 4 lanes is not allowed.

# from tvm.script import ir as I
# from tvm.script import tir as T

@I.ir_module
class Module:
    @T.prim_func
    def main(A: T.Buffer((1, 128, 28, 28), "float16"), W: T.Buffer((256, 128, 3, 3), "float16"), conv2d_nchw: T.Buffer((1, 256, 14, 14), "float16")):
        T.func_attr({"tir.noalias": T.bool(True)})
        # with T.block("root"):
        conv2d_nchw_reindex_pad_shared_dyn = T.alloc_buffer((1, 8, 13, 2, 16, 16), "float16", scope="shared.dyn")
        conv2d_nchw_reindex_pad_shared_dyn_wmma_accumulator = T.alloc_buffer((1, 8, 13, 2, 16, 16), "float16", scope="wmma.accumulator")
        pad_temp_reindex_pad_shared_dyn = T.alloc_buffer((208, 1152), "float16", scope="shared.dyn")
        W_reindex_shared_dyn = T.alloc_buffer((256, 1152), "float16", scope="shared.dyn")
        pad_temp_reindex_pad_shared_dyn_wmma_matrix_a = T.alloc_buffer((208, 1152), "float16", scope="wmma.matrix_a")
        W_reindex_shared_dyn_wmma_matrix_b = T.alloc_buffer((256, 1152), "float16", scope="wmma.matrix_b")
        for ax0_0_0_ax1_0_0_fused in T.thread_binding(2, thread="blockIdx.y", annotations={"pragma_auto_unroll_max_step": 64, "pragma_unroll_explicit": 1}):
            for ax0_0_1_ax1_0_1_fused in T.thread_binding(4, thread="blockIdx.x"):
                for ax0_0_2_ax1_0_2_fused in T.thread_binding(1, thread="threadIdx.y"):
                    for ax0_0_3_init, ax1_0_3_init, ax0_0_4_init, ax1_0_4_init in T.grid(13, 1, 1, 2):
                        with T.block("conv2d_nchw_o_init"):
                            v0_o = T.axis.spatial(13, ax0_0_3_init + ax0_0_4_init)
                            v1_o = T.axis.spatial(16, ax0_0_0_ax1_0_0_fused * 8 + ax0_0_1_ax1_0_1_fused * 2 + ax1_0_3_init * 2 + ax1_0_4_init)
                            T.reads()
                            T.writes(conv2d_nchw_reindex_pad_shared_dyn_wmma_accumulator[0, v1_o // 2, v0_o, v1_o % 2, 0:16, 0:16])
                            T.block_attr({"meta_schedule.thread_extent_high_inclusive": 1024, "meta_schedule.thread_extent_low_inclusive": 32, "warp_execution": 1})
                            C = T.match_buffer(conv2d_nchw_reindex_pad_shared_dyn_wmma_accumulator[0, v1_o // 2, v0_o, v1_o % 2, 0:16, 0:16], (16, 16), "float16", strides=("C_s0", "C_s1"), scope="wmma.accumulator", offset_factor=16)
                            T.tvm_fill_fragment(C.data, 16, 16, 16, C.elem_offset // C.strides[0] // 16 * (C.strides[0] // 16) + C.elem_offset % C.strides[0] // 16, T.float32(0.0))
                    for ax2_0_0 in range(36):
                        for ax0_ax1_fused_0 in range(26):
                            for ax0_ax1_fused_1 in T.thread_binding(1, thread="threadIdx.y"):
                                for ax0_ax1_fused_2 in T.thread_binding(32, thread="threadIdx.x"):
                                    for ax0_ax1_fused_3 in T.vectorized(8):
                                        with T.block("pad_temp_reindex_pad_shared.dyn"):
                                            v0 = T.axis.spatial(208, (ax0_ax1_fused_0 * 256 + ax0_ax1_fused_1 * 256 + ax0_ax1_fused_2 * 8 + ax0_ax1_fused_3) // 32)
                                            v1 = T.axis.spatial(1152, ax2_0_0 * 32 + (ax0_ax1_fused_0 * 256 + ax0_ax1_fused_1 * 256 + ax0_ax1_fused_2 * 8 + ax0_ax1_fused_3) % 32)
                                            T.reads(A[0, v1 // 9, v0 // 14 * 2 + v1 % 9 // 3 - 1, v0 % 14 * 2 + v1 % 3 - 1])
                                            T.writes(pad_temp_reindex_pad_shared_dyn[v0, v1])
                                            T.block_attr({"buffer_dim_align": [[0, 0, 32, 8]]})
                                            pad_temp_reindex_pad_shared_dyn[v0, v1] = T.if_then_else(v0 < 196, T.if_then_else(1 <= v0 // 14 * 2 + v1 % 9 // 3 and v0 // 14 * 2 + v1 % 9 // 3 < 29 and 1 <= v0 % 14 * 2 + v1 % 3 and v0 % 14 * 2 + v1 % 3 < 29, A[0, v1 // 9, v0 // 14 * 2 + v1 % 9 // 3 - 1, v0 % 14 * 2 + v1 % 3 - 1], T.float16(0.0)), T.float16(0.0))
                        for ax0_ax1_fused_0 in range(4):
                            for ax0_ax1_fused_1 in T.thread_binding(1, thread="threadIdx.y"):
                                for ax0_ax1_fused_2 in T.thread_binding(32, thread="threadIdx.x"):
                                    for ax0_ax1_fused_3 in T.vectorized(8):
                                        with T.block("W_reindex_shared.dyn"):
                                            v0 = T.axis.spatial(256, ax0_0_0_ax1_0_0_fused * 128 + ax0_0_1_ax1_0_1_fused * 32 + (ax0_ax1_fused_0 * 256 + ax0_ax1_fused_1 * 256 + ax0_ax1_fused_2 * 8 + ax0_ax1_fused_3) // 32)
                                            v1 = T.axis.spatial(1152, ax2_0_0 * 32 + (ax0_ax1_fused_0 * 256 + ax0_ax1_fused_1 * 256 + ax0_ax1_fused_2 * 8 + ax0_ax1_fused_3) % 32)
                                            T.reads(W[v0, v1 // 9, v1 % 9 // 3, v1 % 3])
                                            T.writes(W_reindex_shared_dyn[v0, v1])
                                            T.block_attr({"buffer_dim_align": [[0, 0, 32, 8]]})
                                            W_reindex_shared_dyn[v0, v1] = W[v0, v1 // 9, v1 % 9 // 3, v1 % 3]
                        for ax2_0_1 in range(1):
                            for ax0_0, ax1_0 in T.grid(13, 2):
                                with T.block("pad_temp_reindex_pad_shared.dyn_wmma.matrix_a_o"):
                                    v0_o = T.axis.spatial(13, ax0_0)
                                    v1_o = T.axis.spatial(72, ax2_0_0 * 2 + ax1_0)
                                    T.reads(pad_temp_reindex_pad_shared_dyn[v0_o * 16:v0_o * 16 + 16, v1_o * 16:v1_o * 16 + 16])
                                    T.writes(pad_temp_reindex_pad_shared_dyn_wmma_matrix_a[v0_o * 16:v0_o * 16 + 16, v1_o * 16:v1_o * 16 + 16])
                                    A_1 = T.match_buffer(pad_temp_reindex_pad_shared_dyn[v0_o * 16:v0_o * 16 + 16, v1_o * 16:v1_o * 16 + 16], (16, 16), "float16", strides=("A_s0", "A_s1"), scope="shared.dyn", offset_factor=16)
                                    C = T.match_buffer(pad_temp_reindex_pad_shared_dyn_wmma_matrix_a[v0_o * 16:v0_o * 16 + 16, v1_o * 16:v1_o * 16 + 16], (16, 16), "float16", strides=("C_s0", "C_s1"), scope="wmma.matrix_a", offset_factor=16)
                                    T.tvm_load_matrix_sync(C.data, 16, 16, 16, C.elem_offset // C.strides[0] // 16 * (C.strides[0] // 16) + C.elem_offset % C.strides[0] // 16, T.tvm_access_ptr(T.type_annotation("float16"), A_1.data, A_1.elem_offset, A_1.strides[0] * 16, 1), A_1.strides[0], "row_major")
                            for ax0_0, ax1_0 in T.grid(2, 2):
                                with T.block("W_reindex_shared.dyn_wmma.matrix_b_o"):
                                    v0_o = T.axis.spatial(16, ax0_0_0_ax1_0_0_fused * 8 + ax0_0_1_ax1_0_1_fused * 2 + ax0_0)
                                    v1_o = T.axis.spatial(72, ax2_0_0 * 2 + ax1_0)
                                    T.reads(W_reindex_shared_dyn[v0_o * 16:v0_o * 16 + 16, v1_o * 16:v1_o * 16 + 16])
                                    T.writes(W_reindex_shared_dyn_wmma_matrix_b[v0_o * 16:v0_o * 16 + 16, v1_o * 16:v1_o * 16 + 16])
                                    A_1 = T.match_buffer(W_reindex_shared_dyn[v0_o * 16:v0_o * 16 + 16, v1_o * 16:v1_o * 16 + 16], (16, 16), "float16", strides=("A_s0", "A_s1"), scope="shared.dyn", offset_factor=16)
                                    C = T.match_buffer(W_reindex_shared_dyn_wmma_matrix_b[v0_o * 16:v0_o * 16 + 16, v1_o * 16:v1_o * 16 + 16], (16, 16), "float16", strides=("C_s0", "C_s1"), scope="wmma.matrix_b", offset_factor=16)
                                    T.tvm_load_matrix_sync(C.data, 16, 16, 16, C.elem_offset // C.strides[0] // 16 * (C.strides[0] // 16) + C.elem_offset % C.strides[0] // 16, T.tvm_access_ptr(T.type_annotation("float16"), A_1.data, A_1.elem_offset, A_1.strides[0] * 16, 1), A_1.strides[0], "col_major")
                            for ax0_0_3, ax1_0_3, ax2_0_2, ax0_0_4, ax1_0_4 in T.grid(13, 1, 2, 1, 2):
                                with T.block("conv2d_nchw_o_update"):
                                    v0_o = T.axis.spatial(13, ax0_0_3 + ax0_0_4)
                                    v1_o = T.axis.spatial(16, ax0_0_0_ax1_0_0_fused * 8 + ax0_0_1_ax1_0_1_fused * 2 + ax1_0_3 * 2 + ax1_0_4)
                                    v2_o = T.axis.reduce(72, ax2_0_0 * 2 + ax2_0_1 * 2 + ax2_0_2)
                                    T.reads(conv2d_nchw_reindex_pad_shared_dyn_wmma_accumulator[0, v1_o // 2, v0_o, v1_o % 2, 0:16, 0:16], pad_temp_reindex_pad_shared_dyn_wmma_matrix_a[v0_o * 16:v0_o * 16 + 16, v2_o * 16:v2_o * 16 + 16], W_reindex_shared_dyn_wmma_matrix_b[v1_o * 16:v1_o * 16 + 16, v2_o * 16:v2_o * 16 + 16])
                                    T.writes(conv2d_nchw_reindex_pad_shared_dyn_wmma_accumulator[0, v1_o // 2, v0_o, v1_o % 2, 0:16, 0:16])
                                    T.block_attr({"meta_schedule.thread_extent_high_inclusive": 1024, "meta_schedule.thread_extent_low_inclusive": 32, "warp_execution": 1})
                                    A_1 = T.match_buffer(pad_temp_reindex_pad_shared_dyn_wmma_matrix_a[v0_o * 16:v0_o * 16 + 16, v2_o * 16:v2_o * 16 + 16], (16, 16), "float16", strides=("A_s0", "A_s1"), scope="wmma.matrix_a", offset_factor=16)
                                    B = T.match_buffer(W_reindex_shared_dyn_wmma_matrix_b[v1_o * 16:v1_o * 16 + 16, v2_o * 16:v2_o * 16 + 16], (16, 16), "float16", strides=("B_s0", "B_s1"), scope="wmma.matrix_b", offset_factor=16)
                                    C = T.match_buffer(conv2d_nchw_reindex_pad_shared_dyn_wmma_accumulator[0, v1_o // 2, v0_o, v1_o % 2, 0:16, 0:16], (16, 16), "float16", strides=("C_s0", "C_s1"), scope="wmma.accumulator", offset_factor=16)
                                    T.tvm_mma_sync(C.data, C.elem_offset // C.strides[0] // 16 * (C.strides[0] // 16) + C.elem_offset % C.strides[0] // 16, A_1.data, A_1.elem_offset // A_1.strides[0] // 16 * (A_1.strides[0] // 16) + A_1.elem_offset % A_1.strides[0] // 16, B.data, B.elem_offset // B.strides[0] // 16 * (B.strides[0] // 16) + B.elem_offset % B.strides[0] // 16, C.data, C.elem_offset // C.strides[0] // 16 * (C.strides[0] // 16) + C.elem_offset % C.strides[0] // 16)
                for ax2 in range(13):
                    for ax0_ax1_fused in T.thread_binding(1, thread="threadIdx.y"):
                        for ax2_1, ax3 in T.grid(1, 2):
                            with T.block("conv2d_nchw_reindex_pad_shared.dyn_wmma.accumulator_o"):
                                v0_o = T.axis.spatial(1, 0)
                                v1_o = T.axis.spatial(8, ax0_0_0_ax1_0_0_fused * 4 + ax0_0_1_ax1_0_1_fused)
                                v2_o = T.axis.spatial(13, ax2 + ax2_1)
                                v3_o = T.axis.spatial(2, ax3)
                                v4_o = T.axis.spatial(1, 0)
                                v5_o = T.axis.spatial(1, 0)
                                T.reads(conv2d_nchw_reindex_pad_shared_dyn_wmma_accumulator[v0_o, v1_o, v2_o, v3_o, 0:16, 0:16])
                                T.writes(conv2d_nchw_reindex_pad_shared_dyn[v0_o, v1_o, v2_o, v3_o, 0:16, 0:16])
                                A_1 = T.match_buffer(conv2d_nchw_reindex_pad_shared_dyn_wmma_accumulator[v0_o, v1_o, v2_o, v3_o, 0:16, 0:16], (16, 16), "float16", strides=("A_s0", "A_s1"), scope="wmma.accumulator", offset_factor=16)
                                C = T.match_buffer(conv2d_nchw_reindex_pad_shared_dyn[v0_o, v1_o, v2_o, v3_o, 0:16, 0:16], (16, 16), "float16", strides=("C_s0", "C_s1"), scope="shared.dyn", offset_factor=16)
                                T.tvm_store_matrix_sync(A_1.data, 16, 16, 16, A_1.elem_offset // A_1.strides[0] // 16 * (A_1.strides[0] // 16) + A_1.elem_offset % A_1.strides[0] // 16, T.tvm_access_ptr(T.type_annotation("float16"), C.data, C.elem_offset, C.strides[0] * 16, 2), C.strides[0], "row_major")
                    for ax0_ax1_ax3_ax4_ax5_fused_0 in range(8):
                        for ax0_ax1_ax3_ax4_ax5_fused_1 in T.thread_binding(1, thread="threadIdx.y"):
                            for ax0_ax1_ax3_ax4_ax5_fused_2 in T.thread_binding(32, thread="threadIdx.x"):
                                for ax0_ax1_ax3_ax4_ax5_fused_3 in T.vectorized(2):
                                    with T.block("conv2d_nchw_reindex_pad_shared.dyn"):
                                        v0 = T.axis.spatial(1, 0)
                                        v1 = T.axis.spatial(8, ax0_0_0_ax1_0_0_fused * 4 + ax0_0_1_ax1_0_1_fused)
                                        v2 = T.axis.spatial(13, ax2)
                                        v3 = T.axis.spatial(2, (ax0_ax1_ax3_ax4_ax5_fused_0 * 64 + ax0_ax1_ax3_ax4_ax5_fused_1 * 64 + ax0_ax1_ax3_ax4_ax5_fused_2 * 2 + ax0_ax1_ax3_ax4_ax5_fused_3) // 256)
                                        v4 = T.axis.spatial(16, (ax0_ax1_ax3_ax4_ax5_fused_0 * 64 + ax0_ax1_ax3_ax4_ax5_fused_1 * 64 + ax0_ax1_ax3_ax4_ax5_fused_2 * 2 + ax0_ax1_ax3_ax4_ax5_fused_3) % 256 // 16)
                                        v5 = T.axis.spatial(16, (ax0_ax1_ax3_ax4_ax5_fused_0 * 64 + ax0_ax1_ax3_ax4_ax5_fused_1 * 64 + ax0_ax1_ax3_ax4_ax5_fused_2 * 2 + ax0_ax1_ax3_ax4_ax5_fused_3) % 16)
                                        T.where(ax2 * 16 + (((ax0_ax1_ax3_ax4_ax5_fused_0 + ax0_ax1_ax3_ax4_ax5_fused_1) * 32 + ax0_ax1_ax3_ax4_ax5_fused_2) * 2 + ax0_ax1_ax3_ax4_ax5_fused_3) % 256 // 16 < 196)
                                        T.reads(conv2d_nchw_reindex_pad_shared_dyn[v0, v1, v2, v3, v4, v5])
                                        T.writes(conv2d_nchw[0, v5 + v3 * 16 + v1 * 32, (v4 + v2 * 16 + v0 * 208) // 14, (v4 + v2 * 16 + v0 * 208) % 14])
                                        conv2d_nchw[0, v5 + v3 * 16 + v1 * 32, (v4 + v2 * 16 + v0 * 208) // 14, (v4 + v2 * 16 + v0 * 208) % 14] = conv2d_nchw_reindex_pad_shared_dyn[v0, v1, v2, v3, v4, v5]
b0 = sch.get_block(name="pad_temp", func_name="main")
b1 = sch.get_block(name="conv2d_nchw", func_name="main")
b2 = sch.get_block(name="root", func_name="main")
sch.annotate(block_or_loop=b1, ann_key="meta_schedule.tiling_structure", ann_val="SSSRRSRS")
b3 = sch.reindex(block=b1, buffer=("write", 0))
b4 = sch.reindex(block=b1, buffer=("read", 0))
b5 = sch.reindex(block=b1, buffer=("read", 1))
sch.transform_layout(block=b1, buffer=("read", 0), index_map=lambda v_nn, v_yy, v_xx, v_rc, v_ry, v_rx: (v_nn * 196 + v_yy * 14 + v_xx, v_rc * 9 + v_ry * 3 + v_rx,), pad_value=None, assume_injective_transform=True)
sch.transform_layout(block=b1, buffer=("read", 1), index_map=lambda v_ff, v_rc, v_ry, v_rx: (v_ff, v_rc * 9 + v_ry * 3 + v_rx,), pad_value=None, assume_injective_transform=True)
sch.transform_layout(block=b1, buffer=("write", 0), index_map=lambda v_nn, v_ff, v_yy, v_xx: (v_nn * 196 + v_yy * 14 + v_xx, v_ff,), pad_value=None, assume_injective_transform=True)
sch.transform_block_layout(block=b3, index_map=lambda v_nn, v_ff, v_yy, v_xx: (v_nn * 196 + v_yy * 14 + v_xx, v_ff,))
sch.transform_block_layout(block=b4, index_map=lambda v_nn, v_yy, v_xx, v_rc, v_ry, v_rx: (v_nn * 196 + v_yy * 14 + v_xx, v_rc * 9 + v_ry * 3 + v_rx,))
sch.transform_block_layout(block=b5, index_map=lambda v_ff, v_rc, v_ry, v_rx: (v_ff, v_rc * 9 + v_ry * 3 + v_rx,))
sch.transform_block_layout(block=b1, index_map=lambda v_nn, v_ff, v_yy, v_xx, v_rc, v_ry, v_rx: (v_nn * 196 + v_yy * 14 + v_xx, v_ff, v_rc * 9 + v_ry * 3 + v_rx,))
sch.pad_einsum(block=b1, padding=[16, 1, 1])
b6, b7 = sch.get_producers(block=b1)
b8, = sch.get_producers(block=b6)
b9, = sch.get_consumers(block=b1)
sch.compute_inline(block=b8)
sch.compute_inline(block=b9)
l10, l11, l12 = sch.get_loops(block=b1)
l13, l14 = sch.split(loop=l12, factors=[None, 16], preserve_unit_iters=True, disable_predication=False)
l15, l16 = sch.split(loop=l11, factors=[None, 16], preserve_unit_iters=True, disable_predication=False)
l17, l18 = sch.split(loop=l10, factors=[None, 16], preserve_unit_iters=True, disable_predication=False)
l19, l20, l21, l22, l23, l24 = sch.get_loops(block=b1)
sch.reorder(l21, l23, l18, l16, l14)
b25 = sch.blockize(target=l18, preserve_unit_iters=True)
sch.annotate(block_or_loop=b25, ann_key="meta_schedule.auto_tensorize", ann_val="wmma_sync_16x16x16_f16f16f16_trans")
sch.annotate(block_or_loop=b25, ann_key="meta_schedule.auto_tensorize_init", ann_val="wmma_fill_16x16x16_f16")
sch.annotate(block_or_loop=b25, ann_key="warp_execution", ann_val=1)
l26, l27, l28 = sch.get_loops(block=b25)
v29, v30, v31, v32, v33 = sch.sample_perfect_tile(loop=l26, n=5, max_innermost_factor=4, decision=[1, 1, 1, 13, 1])
l34, l35, l36, l37, l38 = sch.split(loop=l26, factors=[v29, v30, v31, v32, v33], preserve_unit_iters=True, disable_predication=False)
v39, v40, v41, v42, v43 = sch.sample_perfect_tile(loop=l27, n=5, max_innermost_factor=4, decision=[2, 4, 1, 1, 2])
l44, l45, l46, l47, l48 = sch.split(loop=l27, factors=[v39, v40, v41, v42, v43], preserve_unit_iters=True, disable_predication=False)
v49, v50, v51 = sch.sample_perfect_tile(loop=l28, n=3, max_innermost_factor=4, decision=[36, 1, 2])
l52, l53, l54 = sch.split(loop=l28, factors=[v49, v50, v51], preserve_unit_iters=True, disable_predication=False)
sch.reorder(l34, l44, l35, l45, l36, l46, l52, l53, l37, l47, l54, l38, l48)
l55 = sch.fuse(l34, l44, preserve_unit_iters=True)
sch.bind(loop=l55, thread_axis="blockIdx.y")
l56 = sch.fuse(l35, l45, preserve_unit_iters=True)
sch.bind(loop=l56, thread_axis="blockIdx.x")
l57 = sch.fuse(l36, l46, preserve_unit_iters=True)
sch.bind(loop=l57, thread_axis="threadIdx.y")
sch.annotate(block_or_loop=b25, ann_key="meta_schedule.thread_extent_low_inclusive", ann_val=32)
sch.annotate(block_or_loop=b25, ann_key="meta_schedule.thread_extent_high_inclusive", ann_val=1024)
sch.transform_layout(block=b25, buffer=("write", 0), index_map=lambda i0, i1: (i0 // 16 // (v32 * v33), i1 // 16 // (v42 * v43), i0 // 16 % (v32 * v33), i1 // 16 % (v42 * v43), i0 % 16, i1 % 16,), pad_value=None, assume_injective_transform=True)
b58 = sch.cache_write(block=b25, write_buffer_index=0, storage_scope="shared.dyn")
sch.reverse_compute_at(block=b58, loop=l56, preserve_unit_loops=True, index=-1)
b59 = sch.cache_write(block=b25, write_buffer_index=0, storage_scope="wmma.accumulator")
l60, l61, l62, l63, l64, l65, l66, l67 = sch.get_loops(block=b58)
sch.reorder(l64, l62, l63, l65)
sch.compute_at(block=b59, loop=l64, preserve_unit_loops=True, index=-1)
l68, l69, l70, l71, l72, l73, l74, l75, l76 = sch.get_loops(block=b59)
l77 = sch.fuse(l71, l72, preserve_unit_iters=True)
sch.bind(loop=l77, thread_axis="threadIdx.y")
sch.reverse_compute_inline(block=b3)
l78, l79, l80, l81, l82, l83, l84, l85 = sch.get_loops(block=b59)
b86 = sch.blockize(target=l84, preserve_unit_iters=True)
sch.annotate(block_or_loop=b86, ann_key="meta_schedule.auto_tensorize", ann_val="wmma_store_16x16x16_f16_shared_dyn")
l87, l88, l89, l90, l91, l92, l93, l94 = sch.get_loops(block=b58)
l95 = sch.fuse(l90, l91, l92, l93, l94, preserve_unit_iters=True)
v96 = sch.sample_categorical(candidates=[1, 2, 4, 8], probs=[0.25, 0.25, 0.25, 0.25], decision=1)
sch.annotate(block_or_loop=b58, ann_key="meta_schedule.cooperative_fetch", ann_val=v96)
b97 = sch.cache_read(block=b25, read_buffer_index=0, storage_scope="shared.dyn", consumer_blocks=[b25])
sch.compute_at(block=b97, loop=l52, preserve_unit_loops=True, index=-1)
l98, l99, l100, l101, l102, l103 = sch.get_loops(block=b97)
l104 = sch.fuse(l102, l103, preserve_unit_iters=True)
v105 = sch.sample_categorical(candidates=[1, 2, 4, 8], probs=[0.25, 0.25, 0.25, 0.25], decision=3)
sch.annotate(block_or_loop=b97, ann_key="meta_schedule.cooperative_fetch", ann_val=v105)
b106 = sch.cache_read(block=b25, read_buffer_index=1, storage_scope="shared.dyn", consumer_blocks=[b25])
sch.compute_at(block=b106, loop=l52, preserve_unit_loops=True, index=-1)
l107, l108, l109, l110, l111, l112 = sch.get_loops(block=b106)
l113 = sch.fuse(l111, l112, preserve_unit_iters=True)
v114 = sch.sample_categorical(candidates=[1, 2, 4, 8], probs=[0.25, 0.25, 0.25, 0.25], decision=3)
sch.annotate(block_or_loop=b106, ann_key="meta_schedule.cooperative_fetch", ann_val=v114)
b115 = sch.cache_read(block=b25, read_buffer_index=0, storage_scope="wmma.matrix_a")
sch.compute_at(block=b115, loop=l53, preserve_unit_loops=True, index=-1)
l116, l117, l118, l119, l120, l121, l122 = sch.get_loops(block=b115)
l123, l124 = sch.split(loop=l122, factors=[None, 16], preserve_unit_iters=True, disable_predication=False)
l125, l126 = sch.split(loop=l121, factors=[None, 16], preserve_unit_iters=True, disable_predication=False)
l127, l128, l129, l130, l131, l132, l133, l134, l135 = sch.get_loops(block=b115)
sch.reorder(l134, l126, l124)
b136 = sch.blockize(target=l126, preserve_unit_iters=True)
sch.annotate(block_or_loop=b136, ann_key="meta_schedule.auto_tensorize", ann_val="wmma_load_16x16x16_f16_a_shared_dyn")
b137 = sch.cache_read(block=b25, read_buffer_index=1, storage_scope="wmma.matrix_b")
sch.compute_at(block=b137, loop=l53, preserve_unit_loops=True, index=-1)
l138, l139, l140, l141, l142, l143, l144 = sch.get_loops(block=b137)
l145, l146 = sch.split(loop=l144, factors=[None, 16], preserve_unit_iters=True, disable_predication=False)
l147, l148 = sch.split(loop=l143, factors=[None, 16], preserve_unit_iters=True, disable_predication=False)
l149, l150, l151, l152, l153, l154, l155, l156, l157 = sch.get_loops(block=b137)
sch.reorder(l156, l148, l146)
b158 = sch.blockize(target=l148, preserve_unit_iters=True)
sch.annotate(block_or_loop=b158, ann_key="meta_schedule.auto_tensorize", ann_val="wmma_load_16x16x16_f16_b_trans_shared_dyn")
b159, = sch.get_producers(block=b97)
sch.compute_inline(block=b159)
sch.storage_align(block=b97, buffer_index=0, axis=-2, factor=32, offset=8)
b160, = sch.get_producers(block=b106)
sch.compute_inline(block=b160)
sch.storage_align(block=b106, buffer_index=0, axis=-2, factor=32, offset=8)
sch.compute_inline(block=b0)
v161 = sch.sample_categorical(candidates=[0, 16, 64, 512, 1024], probs=[0.20000000000000001, 0.20000000000000001, 0.20000000000000001, 0.20000000000000001, 0.20000000000000001], decision=2)
sch.annotate(block_or_loop=b2, ann_key="meta_schedule.unroll_explicit", ann_val=v161)
sch.enter_postproc()
sch.unannotate(block_or_loop=b58, ann_key="meta_schedule.cooperative_fetch")
l162, l163, l164, l165 = sch.get_loops(block=b58)
l166, l167, l168, l169 = sch.split(loop=l165, factors=[None, 1, 32, 2], preserve_unit_iters=True, disable_predication=False)
sch.vectorize(loop=l169)
sch.bind(loop=l168, thread_axis="threadIdx.x")
sch.bind(loop=l167, thread_axis="threadIdx.y")
sch.unannotate(block_or_loop=b97, ann_key="meta_schedule.cooperative_fetch")
l170, l171, l172, l173, l174 = sch.get_loops(block=b97)
l175, l176, l177, l178 = sch.split(loop=l174, factors=[None, 1, 32, 8], preserve_unit_iters=True, disable_predication=False)
sch.vectorize(loop=l178)
sch.bind(loop=l177, thread_axis="threadIdx.x")
sch.bind(loop=l176, thread_axis="threadIdx.y")
sch.unannotate(block_or_loop=b106, ann_key="meta_schedule.cooperative_fetch")
l179, l180, l181, l182, l183 = sch.get_loops(block=b106)
l184, l185, l186, l187 = sch.split(loop=l183, factors=[None, 1, 32, 8], preserve_unit_iters=True, disable_predication=False)
sch.vectorize(loop=l187)
sch.bind(loop=l186, thread_axis="threadIdx.x")
sch.bind(loop=l185, thread_axis="threadIdx.y")
b188 = sch.get_block(name="root", func_name="main")
sch.unannotate(block_or_loop=b188, ann_key="meta_schedule.unroll_explicit")
b189, b190, b191, b192, b193, b194, b195 = sch.get_child_blocks(b188)
l196, l197, l198, l199, l200, l201, l202, l203 = sch.get_loops(block=b189)
l204, l205, l206, l207, l208, l209, l210, l211 = sch.get_loops(block=b190)
l212, l213, l214, l215, l216, l217, l218 = sch.get_loops(block=b191)
l219, l220, l221, l222, l223, l224, l225 = sch.get_loops(block=b192)
l226, l227, l228, l229, l230, l231, l232, l233, l234, l235 = sch.get_loops(block=b193)
sch.annotate(block_or_loop=l226, ann_key="pragma_auto_unroll_max_step", ann_val=64)
sch.annotate(block_or_loop=l226, ann_key="pragma_unroll_explicit", ann_val=1)
l236, l237, l238, l239, l240, l241 = sch.get_loops(block=b194)
l242, l243, l244, l245, l246, l247, l248 = sch.get_loops(block=b195)
b249 = sch.get_block(name="conv2d_nchw_o", func_name="main")
l250, l251, l252, l253, l254, l255, l256, l257, l258, l259 = sch.get_loops(block=b249)
b260 = sch.decompose_reduction(block=b249, loop=l253)
sch.unannotate(block_or_loop=b260, ann_key="meta_schedule.auto_tensorize")
sch.annotate(block_or_loop=b260, ann_key="meta_schedule.auto_tensorize", ann_val="wmma_fill_16x16x16_f16")
sch.unannotate(block_or_loop=b249, ann_key="meta_schedule.auto_tensorize_init")
sch.unannotate(block_or_loop=b260, ann_key="meta_schedule.auto_tensorize_init")
b261 = sch.get_block(name="conv2d_nchw_o_init", func_name="main")
sch.unannotate(block_or_loop=b261, ann_key="meta_schedule.auto_tensorize")
sch.tensorize(block_or_loop=b261, tensor_intrin="wmma_fill_16x16x16_f16", preserve_unit_iters=True)
b262 = sch.get_block(name="pad_temp_reindex_pad_shared.dyn_wmma.matrix_a_o", func_name="main")
sch.unannotate(block_or_loop=b262, ann_key="meta_schedule.auto_tensorize")
sch.tensorize(block_or_loop=b262, tensor_intrin="wmma_load_16x16x16_f16_a_shared_dyn", preserve_unit_iters=True)
b263 = sch.get_block(name="W_reindex_shared.dyn_wmma.matrix_b_o", func_name="main")
sch.unannotate(block_or_loop=b263, ann_key="meta_schedule.auto_tensorize")
sch.tensorize(block_or_loop=b263, tensor_intrin="wmma_load_16x16x16_f16_b_trans_shared_dyn", preserve_unit_iters=True)
b264 = sch.get_block(name="conv2d_nchw_o_update", func_name="main")
sch.unannotate(block_or_loop=b264, ann_key="meta_schedule.auto_tensorize")
sch.tensorize(block_or_loop=b264, tensor_intrin="wmma_sync_16x16x16_f16f16f16_trans", preserve_unit_iters=True)
b265 = sch.get_block(name="conv2d_nchw_reindex_pad_shared.dyn_wmma.accumulator_o", func_name="main")
sch.unannotate(block_or_loop=b265, ann_key="meta_schedule.auto_tensorize")
sch.tensorize(block_or_loop=b265, tensor_intrin="wmma_store_16x16x16_f16_shared_dyn", preserve_unit_iters=True)
2025-10-07 10:10:35 [INFO] [task_scheduler.cc:131] [Task #0: main] Trial #70: GFLOPs: 2515.9281. Time: 45.9494 us. Best GFLOPs: 7302.0349
2025-10-07 10:10:35 [INFO] [task_scheduler.cc:131] [Task #0: main] Trial #71: GFLOPs: 4143.8500. Time: 27.8981 us. Best GFLOPs: 7302.0349
2025-10-07 10:10:35 [INFO] [task_scheduler.cc:131] [Task #0: main] Trial #72: GFLOPs: 1926.1913. Time: 60.0177 us. Best GFLOPs: 7302.0349
2025-10-07 10:10:35 [INFO] [task_scheduler.cc:131] [Task #0: main] Trial #73: GFLOPs: 2864.2430. Time: 40.3616 us. Best GFLOPs: 7302.0349
2025-10-07 10:10:35 [INFO] [task_scheduler.cc:131] [Task #0: main] Trial #74: GFLOPs: 1023.6626. Time: 112.9332 us. Best GFLOPs: 7302.0349
2025-10-07 10:10:35 [INFO] [task_scheduler.cc:131] [Task #0: main] Trial #75: GFLOPs: 7313.9131. Time: 15.8062 us. Best GFLOPs: 7313.9131
2025-10-07 10:10:35 [INFO] [task_scheduler.cc:131] [Task #0: main] Trial #76: GFLOPs: 2341.1996. Time: 49.3787 us. Best GFLOPs: 7313.9131
2025-10-07 10:10:35 [INFO] [task_scheduler.cc:131] [Task #0: main] Trial #77: GFLOPs: 675.6481. Time: 171.1031 us. Best GFLOPs: 7313.9131
2025-10-07 10:10:35 [INFO] [task_scheduler.cc:131] [Task #0: main] Trial #78: GFLOPs: 1095.2206. Time: 105.5545 us. Best GFLOPs: 7313.9131
2025-10-07 10:10:35 [INFO] [task_scheduler.cc:131] [Task #0: main] Trial #79: GFLOPs: 1528.2112. Time: 75.6476 us. Best GFLOPs: 7313.9131
2025-10-07 10:10:35 [INFO] [task_scheduler.cc:131] [Task #0: main] Trial #80: GFLOPs: 2750.1757. Time: 42.0357 us. Best GFLOPs: 7313.9131
2025-10-07 10:10:35 [INFO] [task_scheduler.cc:121] [Task #0: main] Trial #81: Error in building:
LocalBuilder: An exception occurred
Traceback (most recent call last):
  File "/workspace/tvm-dev/python/tvm/exec/popen_worker.py", line 87, in main
    result = fn(*args, **kwargs)
             ^^^^^^^^^^^^^^^^^^^
  File "/workspace/tvm-dev/python/tvm/meta_schedule/builder/local_builder.py", line 165, in <lambda>
    lambda x: _worker_func(*x),
              ^^^^^^^^^^^^^^^^
  File "/workspace/tvm-dev/python/tvm/meta_schedule/builder/local_builder.py", line 231, in _worker_func
    rt_mod: Module = f_build(mod, target, _deserialize_params(params))
                     ^^^^^^^^^^^^^^^^^^^^^^^^^^^^^^^^^^^^^^^^^^^^^^^^^
  File "/workspace/tvm-dev/python/tvm/_ffi/_ctypes/packed_func.py", line 245, in __call__
    raise_last_ffi_error()
  File "/workspace/tvm-dev/python/tvm/_ffi/base.py", line 481, in raise_last_ffi_error
    raise py_err
  File "/workspace/tvm-dev/python/tvm/meta_schedule/builder/local_builder.py", line 261, in default_build
    return tvm_build(mod, target=target)
           ^^^^^^^^^^^^^^^^^^^^^^^^^^^^^
  File "/workspace/tvm-dev/python/tvm/driver/build_module.py", line 297, in build
    rt_mod_host = _driver_ffi.tir_to_runtime(annotated_mods, target_host)
                  ^^^^^^^^^^^^^^^^^^^^^^^^^^^^^^^^^^^^^^^^^^^^^^^^^^^^^^^
  File "/workspace/tvm-dev/python/tvm/_ffi/_ctypes/packed_func.py", line 245, in __call__
    raise_last_ffi_error()
  File "/workspace/tvm-dev/python/tvm/_ffi/base.py", line 481, in raise_last_ffi_error
    raise py_err
ValueError: Traceback (most recent call last):
  33: tvm::runtime::PackedFuncObj::Extractor<tvm::runtime::PackedFuncSubObj<tvm::runtime::TypedPackedFunc<tvm::runtime::Module (tvm::runtime::Map<tvm::Target, tvm::IRModule, void, void> const&, tvm::Target)>::AssignTypedLambda<tvm::__mk_TVM24::{lambda(tvm::runtime::Map<tvm::Target, tvm::IRModule, void, void> const&, tvm::Target)#1}>(tvm::__mk_TVM24::{lambda(tvm::runtime::Map<tvm::Target, tvm::IRModule, void, void> const&, tvm::Target)#1}, std::__cxx11::basic_string<char, std::char_traits<char>, std::allocator<char> >)::{lambda(tvm::runtime::TVMArgs const&, tvm::runtime::TVMRetValue*)#1}> >::Call(tvm::runtime::PackedFuncObj const*, std::__cxx11::basic_string<char, std::char_traits<char>, std::allocator<char> >, tvm::runtime::TVMRetValue)
  32: tvm::TIRToRuntime(tvm::runtime::Map<tvm::Target, tvm::IRModule, void, void> const&, tvm::Target const&)
  31: tvm::codegen::Build(tvm::IRModule, tvm::Target)
  30: _ZN3tvm7runtime13PackedFuncObj
  29: tvm::runtime::TypedPackedFunc<tvm::runtime::Module (tvm::IRModule, tvm::Target)>::AssignTypedLambda<tvm::runtime::Module (*)(tvm::IRModule, tvm::Target)>(tvm::runtime::Module (*)(tvm::IRModule, tvm::Target), std::__cxx11::basic_string<char, std::char_traits<char>, std::allocator<char> >)::{lambda(tvm::runtime::TVMArgs const&, tvm::runtime::TVMRetValue*)#1}::operator()(tvm::runtime::TVMArgs const&, tvm::runtime::TVMRetValue*) const
  28: tvm::codegen::BuildCUDA(tvm::IRModule, tvm::Target)
  27: tvm::codegen::CodeGenC::AddFunction(tvm::GlobalVar const&, tvm::tir::PrimFunc const&)
  26: tvm::codegen::CodeGenCUDA::VisitStmt_(tvm::tir::AllocateNode const*)
  25: tvm::codegen::CodeGenCUDA::VisitStmt_(tvm::tir::AllocateNode const*)
  24: tvm::codegen::CodeGenCUDA::VisitStmt_(tvm::tir::AllocateNode const*)
  23: tvm::codegen::CodeGenCUDA::VisitStmt_(tvm::tir::AllocateNode const*)
  22: tvm::codegen::CodeGenC::VisitStmt_(tvm::tir::SeqStmtNode const*)
  21: tvm::codegen::CodeGenC::VisitStmt_(tvm::tir::ForNode const*)
  20: tvm::codegen::CodeGenC::VisitStmt_(tvm::tir::SeqStmtNode const*)
  19: tvm::codegen::CodeGenC::VisitStmt_(tvm::tir::BufferStoreNode const*)
  18: tvm::codegen::CodeGenC::PrintExpr[abi:cxx11](tvm::PrimExpr const&)
  17: tvm::codegen::CodeGenC::VisitExpr_(tvm::tir::BufferLoadNode const*, std::ostream&)
  16: tvm::codegen::CodeGenC::PrintExpr[abi:cxx11](tvm::PrimExpr const&)
  15: void tvm::codegen::PrintBinaryExpr<tvm::tir::AddNode>(tvm::tir::AddNode const*, char const*, std::ostream&, tvm::codegen::CodeGenC*)
  14: tvm::codegen::CodeGenCUDA::PrintVecBinaryOp(std::__cxx11::basic_string<char, std::char_traits<char>, std::allocator<char> > const&, tvm::runtime::DataType, tvm::PrimExpr, tvm::PrimExpr, std::ostream&)
  13: tvm::codegen::CodeGenC::PrintExpr[abi:cxx11](tvm::PrimExpr const&)
  12: void tvm::codegen::PrintBinaryExpr<tvm::tir::AddNode>(tvm::tir::AddNode const*, char const*, std::ostream&, tvm::codegen::CodeGenC*)
  11: tvm::codegen::CodeGenCUDA::PrintVecBinaryOp(std::__cxx11::basic_string<char, std::char_traits<char>, std::allocator<char> > const&, tvm::runtime::DataType, tvm::PrimExpr, tvm::PrimExpr, std::ostream&)
  10: tvm::codegen::CodeGenC::PrintExpr[abi:cxx11](tvm::PrimExpr const&)
  9: void tvm::codegen::PrintBinaryExpr<tvm::tir::AddNode>(tvm::tir::AddNode const*, char const*, std::ostream&, tvm::codegen::CodeGenC*)
  8: tvm::codegen::CodeGenCUDA::PrintVecBinaryOp(std::__cxx11::basic_string<char, std::char_traits<char>, std::allocator<char> > const&, tvm::runtime::DataType, tvm::PrimExpr, tvm::PrimExpr, std::ostream&)
  7: tvm::codegen::CodeGenC::PrintExpr[abi:cxx11](tvm::PrimExpr const&)
  6: void tvm::codegen::PrintBinaryExpr<tvm::tir::MulNode>(tvm::tir::MulNode const*, char const*, std::ostream&, tvm::codegen::CodeGenC*)
  5: tvm::codegen::CodeGenCUDA::PrintVecBinaryOp(std::__cxx11::basic_string<char, std::char_traits<char>, std::allocator<char> > const&, tvm::runtime::DataType, tvm::PrimExpr, tvm::PrimExpr, std::ostream&)
  4: tvm::codegen::CodeGenC::PrintExpr[abi:cxx11](tvm::PrimExpr const&)
  3: void tvm::codegen::PrintBinaryExpr<tvm::tir::DivNode>(tvm::tir::DivNode const*, char const*, std::ostream&, tvm::codegen::CodeGenC*)
  2: tvm::codegen::CodeGenCUDA::PrintVecBinaryOp(std::__cxx11::basic_string<char, std::char_traits<char>, std::allocator<char> > const&, tvm::runtime::DataType, tvm::PrimExpr, tvm::PrimExpr, std::ostream&)
  1: tvm::codegen::CodeGenC::PrintExpr[abi:cxx11](tvm::PrimExpr const&)
  0: tvm::codegen::CodeGenCUDA::VisitExpr_(tvm::tir::RampNode const*, std::ostream&)
  File "/workspace/tvm-dev/src/target/source/codegen_cuda.cc", line 1204
ValueError: Check failed: lanes <= 4 (8 vs. 4) : Ramp of more than 4 lanes is not allowed.

# from tvm.script import ir as I
# from tvm.script import tir as T

@I.ir_module
class Module:
    @T.prim_func
    def main(A: T.Buffer((1, 128, 28, 28), "float16"), W: T.Buffer((256, 128, 3, 3), "float16"), conv2d_nchw: T.Buffer((1, 256, 14, 14), "float16")):
        T.func_attr({"tir.noalias": T.bool(True)})
        # with T.block("root"):
        conv2d_nchw_reindex_pad_shared_dyn = T.alloc_buffer((13, 16, 1, 1, 16, 16), "float16", scope="shared.dyn")
        conv2d_nchw_reindex_pad_shared_dyn_wmma_accumulator = T.alloc_buffer((13, 16, 1, 1, 16, 16), "float16", scope="wmma.accumulator")
        pad_temp_reindex_pad_shared_dyn = T.alloc_buffer((208, 1152), "float16", scope="shared.dyn")
        W_reindex_shared_dyn = T.alloc_buffer((256, 1152), "float16", scope="shared.dyn")
        pad_temp_reindex_pad_shared_dyn_wmma_matrix_a = T.alloc_buffer((208, 1152), "float16", scope="wmma.matrix_a")
        W_reindex_shared_dyn_wmma_matrix_b = T.alloc_buffer((256, 1152), "float16", scope="wmma.matrix_b")
        for ax0_0_0_ax1_0_0_fused in T.thread_binding(4, thread="blockIdx.y", annotations={"pragma_auto_unroll_max_step": 16, "pragma_unroll_explicit": 1}):
            for ax0_0_1_ax1_0_1_fused in T.thread_binding(13, thread="blockIdx.x"):
                for ax0_0_2_ax1_0_2_fused in T.thread_binding(4, thread="threadIdx.y"):
                    for ax0_0_3_init, ax1_0_3_init, ax0_0_4_init, ax1_0_4_init in T.grid(1, 1, 1, 1):
                        with T.block("conv2d_nchw_o_init"):
                            v0_o = T.axis.spatial(13, ax0_0_1_ax1_0_1_fused + ax0_0_3_init + ax0_0_4_init)
                            v1_o = T.axis.spatial(16, ax0_0_0_ax1_0_0_fused * 4 + ax0_0_2_ax1_0_2_fused + ax1_0_3_init + ax1_0_4_init)
                            T.reads()
                            T.writes(conv2d_nchw_reindex_pad_shared_dyn_wmma_accumulator[v0_o, v1_o, 0, 0, 0:16, 0:16])
                            T.block_attr({"meta_schedule.thread_extent_high_inclusive": 1024, "meta_schedule.thread_extent_low_inclusive": 32, "warp_execution": 1})
                            C = T.match_buffer(conv2d_nchw_reindex_pad_shared_dyn_wmma_accumulator[v0_o, v1_o, 0, 0, 0:16, 0:16], (16, 16), "float16", strides=("C_s0", "C_s1"), scope="wmma.accumulator", offset_factor=16)
                            T.tvm_fill_fragment(C.data, 16, 16, 16, C.elem_offset // C.strides[0] // 16 * (C.strides[0] // 16) + C.elem_offset % C.strides[0] // 16, T.float32(0.0))
                    for ax2_0_0 in range(12):
                        for ax0_ax1_fused_0 in range(3):
                            for ax0_ax1_fused_1 in T.thread_binding(4, thread="threadIdx.y"):
                                for ax0_ax1_fused_2 in T.thread_binding(32, thread="threadIdx.x"):
                                    for ax0_ax1_fused_3 in T.vectorized(4):
                                        with T.block("pad_temp_reindex_pad_shared.dyn"):
                                            v0 = T.axis.spatial(208, ax0_0_1_ax1_0_1_fused * 16 + (ax0_ax1_fused_0 * 512 + ax0_ax1_fused_1 * 128 + ax0_ax1_fused_2 * 4 + ax0_ax1_fused_3) // 96)
                                            v1 = T.axis.spatial(1152, ax2_0_0 * 96 + (ax0_ax1_fused_0 * 512 + ax0_ax1_fused_1 * 128 + ax0_ax1_fused_2 * 4 + ax0_ax1_fused_3) % 96)
                                            T.reads(A[0, v1 // 9, v0 // 14 * 2 + v1 % 9 // 3 - 1, v0 % 14 * 2 + v1 % 3 - 1])
                                            T.writes(pad_temp_reindex_pad_shared_dyn[v0, v1])
                                            T.block_attr({"buffer_dim_align": [[0, 0, 32, 8]]})
                                            pad_temp_reindex_pad_shared_dyn[v0, v1] = T.if_then_else(v0 < 196, T.if_then_else(1 <= v0 // 14 * 2 + v1 % 9 // 3 and v0 // 14 * 2 + v1 % 9 // 3 < 29 and 1 <= v0 % 14 * 2 + v1 % 3 and v0 % 14 * 2 + v1 % 3 < 29, A[0, v1 // 9, v0 // 14 * 2 + v1 % 9 // 3 - 1, v0 % 14 * 2 + v1 % 3 - 1], T.float16(0.0)), T.float16(0.0))
                        for ax0_ax1_fused_0 in range(6):
                            for ax0_ax1_fused_1 in T.thread_binding(4, thread="threadIdx.y"):
                                for ax0_ax1_fused_2 in T.thread_binding(32, thread="threadIdx.x"):
                                    for ax0_ax1_fused_3 in T.vectorized(8):
                                        with T.block("W_reindex_shared.dyn"):
                                            v0 = T.axis.spatial(256, ax0_0_0_ax1_0_0_fused * 64 + (ax0_ax1_fused_0 * 1024 + ax0_ax1_fused_1 * 256 + ax0_ax1_fused_2 * 8 + ax0_ax1_fused_3) // 96)
                                            v1 = T.axis.spatial(1152, ax2_0_0 * 96 + (ax0_ax1_fused_0 * 1024 + ax0_ax1_fused_1 * 256 + ax0_ax1_fused_2 * 8 + ax0_ax1_fused_3) % 96)
                                            T.reads(W[v0, v1 // 9, v1 % 9 // 3, v1 % 3])
                                            T.writes(W_reindex_shared_dyn[v0, v1])
                                            T.block_attr({"buffer_dim_align": [[0, 0, 32, 8]]})
                                            W_reindex_shared_dyn[v0, v1] = W[v0, v1 // 9, v1 % 9 // 3, v1 % 3]
                        for ax2_0_1 in range(6):
                            for ax0_0, ax1_0 in T.grid(1, 1):
                                with T.block("pad_temp_reindex_pad_shared.dyn_wmma.matrix_a_o"):
                                    v0_o = T.axis.spatial(13, ax0_0_1_ax1_0_1_fused + ax0_0)
                                    v1_o = T.axis.spatial(72, ax2_0_0 * 6 + ax2_0_1 + ax1_0)
                                    T.reads(pad_temp_reindex_pad_shared_dyn[v0_o * 16:v0_o * 16 + 16, v1_o * 16:v1_o * 16 + 16])
                                    T.writes(pad_temp_reindex_pad_shared_dyn_wmma_matrix_a[v0_o * 16:v0_o * 16 + 16, v1_o * 16:v1_o * 16 + 16])
                                    A_1 = T.match_buffer(pad_temp_reindex_pad_shared_dyn[v0_o * 16:v0_o * 16 + 16, v1_o * 16:v1_o * 16 + 16], (16, 16), "float16", strides=("A_s0", "A_s1"), scope="shared.dyn", offset_factor=16)
                                    C = T.match_buffer(pad_temp_reindex_pad_shared_dyn_wmma_matrix_a[v0_o * 16:v0_o * 16 + 16, v1_o * 16:v1_o * 16 + 16], (16, 16), "float16", strides=("C_s0", "C_s1"), scope="wmma.matrix_a", offset_factor=16)
                                    T.tvm_load_matrix_sync(C.data, 16, 16, 16, C.elem_offset // C.strides[0] // 16 * (C.strides[0] // 16) + C.elem_offset % C.strides[0] // 16, T.tvm_access_ptr(T.type_annotation("float16"), A_1.data, A_1.elem_offset, A_1.strides[0] * 16, 1), A_1.strides[0], "row_major")
                            for ax0_0, ax1_0 in T.grid(1, 1):
                                with T.block("W_reindex_shared.dyn_wmma.matrix_b_o"):
                                    v0_o = T.axis.spatial(16, ax0_0_0_ax1_0_0_fused * 4 + ax0_0_2_ax1_0_2_fused + ax0_0)
                                    v1_o = T.axis.spatial(72, ax2_0_0 * 6 + ax2_0_1 + ax1_0)
                                    T.reads(W_reindex_shared_dyn[v0_o * 16:v0_o * 16 + 16, v1_o * 16:v1_o * 16 + 16])
                                    T.writes(W_reindex_shared_dyn_wmma_matrix_b[v0_o * 16:v0_o * 16 + 16, v1_o * 16:v1_o * 16 + 16])
                                    A_1 = T.match_buffer(W_reindex_shared_dyn[v0_o * 16:v0_o * 16 + 16, v1_o * 16:v1_o * 16 + 16], (16, 16), "float16", strides=("A_s0", "A_s1"), scope="shared.dyn", offset_factor=16)
                                    C = T.match_buffer(W_reindex_shared_dyn_wmma_matrix_b[v0_o * 16:v0_o * 16 + 16, v1_o * 16:v1_o * 16 + 16], (16, 16), "float16", strides=("C_s0", "C_s1"), scope="wmma.matrix_b", offset_factor=16)
                                    T.tvm_load_matrix_sync(C.data, 16, 16, 16, C.elem_offset // C.strides[0] // 16 * (C.strides[0] // 16) + C.elem_offset % C.strides[0] // 16, T.tvm_access_ptr(T.type_annotation("float16"), A_1.data, A_1.elem_offset, A_1.strides[0] * 16, 1), A_1.strides[0], "col_major")
                            for ax0_0_3, ax1_0_3, ax2_0_2, ax0_0_4, ax1_0_4 in T.grid(1, 1, 1, 1, 1):
                                with T.block("conv2d_nchw_o_update"):
                                    v0_o = T.axis.spatial(13, ax0_0_1_ax1_0_1_fused + ax0_0_3 + ax0_0_4)
                                    v1_o = T.axis.spatial(16, ax0_0_0_ax1_0_0_fused * 4 + ax0_0_2_ax1_0_2_fused + ax1_0_3 + ax1_0_4)
                                    v2_o = T.axis.reduce(72, ax2_0_0 * 6 + ax2_0_1 + ax2_0_2)
                                    T.reads(conv2d_nchw_reindex_pad_shared_dyn_wmma_accumulator[v0_o, v1_o, 0, 0, 0:16, 0:16], pad_temp_reindex_pad_shared_dyn_wmma_matrix_a[v0_o * 16:v0_o * 16 + 16, v2_o * 16:v2_o * 16 + 16], W_reindex_shared_dyn_wmma_matrix_b[v1_o * 16:v1_o * 16 + 16, v2_o * 16:v2_o * 16 + 16])
                                    T.writes(conv2d_nchw_reindex_pad_shared_dyn_wmma_accumulator[v0_o, v1_o, 0, 0, 0:16, 0:16])
                                    T.block_attr({"meta_schedule.thread_extent_high_inclusive": 1024, "meta_schedule.thread_extent_low_inclusive": 32, "warp_execution": 1})
                                    A_1 = T.match_buffer(pad_temp_reindex_pad_shared_dyn_wmma_matrix_a[v0_o * 16:v0_o * 16 + 16, v2_o * 16:v2_o * 16 + 16], (16, 16), "float16", strides=("A_s0", "A_s1"), scope="wmma.matrix_a", offset_factor=16)
                                    B = T.match_buffer(W_reindex_shared_dyn_wmma_matrix_b[v1_o * 16:v1_o * 16 + 16, v2_o * 16:v2_o * 16 + 16], (16, 16), "float16", strides=("B_s0", "B_s1"), scope="wmma.matrix_b", offset_factor=16)
                                    C = T.match_buffer(conv2d_nchw_reindex_pad_shared_dyn_wmma_accumulator[v0_o, v1_o, 0, 0, 0:16, 0:16], (16, 16), "float16", strides=("C_s0", "C_s1"), scope="wmma.accumulator", offset_factor=16)
                                    T.tvm_mma_sync(C.data, C.elem_offset // C.strides[0] // 16 * (C.strides[0] // 16) + C.elem_offset % C.strides[0] // 16, A_1.data, A_1.elem_offset // A_1.strides[0] // 16 * (A_1.strides[0] // 16) + A_1.elem_offset % A_1.strides[0] // 16, B.data, B.elem_offset // B.strides[0] // 16 * (B.strides[0] // 16) + B.elem_offset % B.strides[0] // 16, C.data, C.elem_offset // C.strides[0] // 16 * (C.strides[0] // 16) + C.elem_offset % C.strides[0] // 16)
                for ax2 in range(1):
                    for ax0_ax1_fused in T.thread_binding(4, thread="threadIdx.y"):
                        for ax2_1, ax3 in T.grid(1, 1):
                            with T.block("conv2d_nchw_reindex_pad_shared.dyn_wmma.accumulator_o"):
                                v0_o = T.axis.spatial(13, ax0_0_1_ax1_0_1_fused)
                                v1_o = T.axis.spatial(16, ax0_0_0_ax1_0_0_fused * 4 + ax0_ax1_fused)
                                v2_o, v3_o = T.axis.remap("SS", [ax2_1, ax3])
                                v4_o = T.axis.spatial(1, 0)
                                v5_o = T.axis.spatial(1, 0)
                                T.reads(conv2d_nchw_reindex_pad_shared_dyn_wmma_accumulator[v0_o, v1_o, v2_o, v3_o, 0:16, 0:16])
                                T.writes(conv2d_nchw_reindex_pad_shared_dyn[v0_o, v1_o, v2_o, v3_o, 0:16, 0:16])
                                A_1 = T.match_buffer(conv2d_nchw_reindex_pad_shared_dyn_wmma_accumulator[v0_o, v1_o, v2_o, v3_o, 0:16, 0:16], (16, 16), "float16", strides=("A_s0", "A_s1"), scope="wmma.accumulator", offset_factor=16)
                                C = T.match_buffer(conv2d_nchw_reindex_pad_shared_dyn[v0_o, v1_o, v2_o, v3_o, 0:16, 0:16], (16, 16), "float16", strides=("C_s0", "C_s1"), scope="shared.dyn", offset_factor=16)
                                T.tvm_store_matrix_sync(A_1.data, 16, 16, 16, A_1.elem_offset // A_1.strides[0] // 16 * (A_1.strides[0] // 16) + A_1.elem_offset % A_1.strides[0] // 16, T.tvm_access_ptr(T.type_annotation("float16"), C.data, C.elem_offset, C.strides[0] * 16, 2), C.strides[0], "row_major")
                    for ax0_ax1_ax3_ax4_ax5_fused_0 in range(4):
                        for ax0_ax1_ax3_ax4_ax5_fused_1 in T.thread_binding(4, thread="threadIdx.y"):
                            for ax0_ax1_ax3_ax4_ax5_fused_2 in T.thread_binding(32, thread="threadIdx.x"):
                                for ax0_ax1_ax3_ax4_ax5_fused_3 in T.vectorized(2):
                                    with T.block("conv2d_nchw_reindex_pad_shared.dyn"):
                                        v0 = T.axis.spatial(13, ax0_0_1_ax1_0_1_fused)
                                        v1 = T.axis.spatial(16, ax0_0_0_ax1_0_0_fused * 4 + (ax0_ax1_ax3_ax4_ax5_fused_0 * 256 + ax0_ax1_ax3_ax4_ax5_fused_1 * 64 + ax0_ax1_ax3_ax4_ax5_fused_2 * 2 + ax0_ax1_ax3_ax4_ax5_fused_3) // 256)
                                        v2 = T.axis.spatial(1, ax2)
                                        v3 = T.axis.spatial(1, 0)
                                        v4 = T.axis.spatial(16, (ax0_ax1_ax3_ax4_ax5_fused_0 * 256 + ax0_ax1_ax3_ax4_ax5_fused_1 * 64 + ax0_ax1_ax3_ax4_ax5_fused_2 * 2 + ax0_ax1_ax3_ax4_ax5_fused_3) % 256 // 16)
                                        v5 = T.axis.spatial(16, (ax0_ax1_ax3_ax4_ax5_fused_0 * 256 + ax0_ax1_ax3_ax4_ax5_fused_1 * 64 + ax0_ax1_ax3_ax4_ax5_fused_2 * 2 + ax0_ax1_ax3_ax4_ax5_fused_3) % 16)
                                        T.where(ax0_0_1_ax1_0_1_fused * 16 + T.Mul(0, 16) + (((ax0_ax1_ax3_ax4_ax5_fused_0 * 4 + ax0_ax1_ax3_ax4_ax5_fused_1) * 32 + ax0_ax1_ax3_ax4_ax5_fused_2) * 2 + ax0_ax1_ax3_ax4_ax5_fused_3) % 256 // 16 < 196)
                                        T.reads(conv2d_nchw_reindex_pad_shared_dyn[v0, v1, v2, v3, v4, v5])
                                        T.writes(conv2d_nchw[0, v5 + v1 * 16, (v4 + v0 * 16) // 14, (v4 + v0 * 16) % 14])
                                        conv2d_nchw[0, v5 + v1 * 16, (v4 + v0 * 16) // 14, (v4 + v0 * 16) % 14] = conv2d_nchw_reindex_pad_shared_dyn[v0, v1, v2, v3, v4, v5]
b0 = sch.get_block(name="pad_temp", func_name="main")
b1 = sch.get_block(name="conv2d_nchw", func_name="main")
b2 = sch.get_block(name="root", func_name="main")
sch.annotate(block_or_loop=b1, ann_key="meta_schedule.tiling_structure", ann_val="SSSRRSRS")
b3 = sch.reindex(block=b1, buffer=("write", 0))
b4 = sch.reindex(block=b1, buffer=("read", 0))
b5 = sch.reindex(block=b1, buffer=("read", 1))
sch.transform_layout(block=b1, buffer=("read", 0), index_map=lambda v_nn, v_yy, v_xx, v_rc, v_ry, v_rx: (v_nn * 196 + v_yy * 14 + v_xx, v_rc * 9 + v_ry * 3 + v_rx,), pad_value=None, assume_injective_transform=True)
sch.transform_layout(block=b1, buffer=("read", 1), index_map=lambda v_ff, v_rc, v_ry, v_rx: (v_ff, v_rc * 9 + v_ry * 3 + v_rx,), pad_value=None, assume_injective_transform=True)
sch.transform_layout(block=b1, buffer=("write", 0), index_map=lambda v_nn, v_ff, v_yy, v_xx: (v_nn * 196 + v_yy * 14 + v_xx, v_ff,), pad_value=None, assume_injective_transform=True)
sch.transform_block_layout(block=b3, index_map=lambda v_nn, v_ff, v_yy, v_xx: (v_nn * 196 + v_yy * 14 + v_xx, v_ff,))
sch.transform_block_layout(block=b4, index_map=lambda v_nn, v_yy, v_xx, v_rc, v_ry, v_rx: (v_nn * 196 + v_yy * 14 + v_xx, v_rc * 9 + v_ry * 3 + v_rx,))
sch.transform_block_layout(block=b5, index_map=lambda v_ff, v_rc, v_ry, v_rx: (v_ff, v_rc * 9 + v_ry * 3 + v_rx,))
sch.transform_block_layout(block=b1, index_map=lambda v_nn, v_ff, v_yy, v_xx, v_rc, v_ry, v_rx: (v_nn * 196 + v_yy * 14 + v_xx, v_ff, v_rc * 9 + v_ry * 3 + v_rx,))
sch.pad_einsum(block=b1, padding=[16, 1, 1])
b6, b7 = sch.get_producers(block=b1)
b8, = sch.get_producers(block=b6)
b9, = sch.get_consumers(block=b1)
sch.compute_inline(block=b8)
sch.compute_inline(block=b9)
l10, l11, l12 = sch.get_loops(block=b1)
l13, l14 = sch.split(loop=l12, factors=[None, 16], preserve_unit_iters=True, disable_predication=False)
l15, l16 = sch.split(loop=l11, factors=[None, 16], preserve_unit_iters=True, disable_predication=False)
l17, l18 = sch.split(loop=l10, factors=[None, 16], preserve_unit_iters=True, disable_predication=False)
l19, l20, l21, l22, l23, l24 = sch.get_loops(block=b1)
sch.reorder(l21, l23, l18, l16, l14)
b25 = sch.blockize(target=l18, preserve_unit_iters=True)
sch.annotate(block_or_loop=b25, ann_key="meta_schedule.auto_tensorize", ann_val="wmma_sync_16x16x16_f16f16f16_trans")
sch.annotate(block_or_loop=b25, ann_key="meta_schedule.auto_tensorize_init", ann_val="wmma_fill_16x16x16_f16")
sch.annotate(block_or_loop=b25, ann_key="warp_execution", ann_val=1)
l26, l27, l28 = sch.get_loops(block=b25)
v29, v30, v31, v32, v33 = sch.sample_perfect_tile(loop=l26, n=5, max_innermost_factor=4, decision=[1, 13, 1, 1, 1])
l34, l35, l36, l37, l38 = sch.split(loop=l26, factors=[v29, v30, v31, v32, v33], preserve_unit_iters=True, disable_predication=False)
v39, v40, v41, v42, v43 = sch.sample_perfect_tile(loop=l27, n=5, max_innermost_factor=4, decision=[4, 1, 4, 1, 1])
l44, l45, l46, l47, l48 = sch.split(loop=l27, factors=[v39, v40, v41, v42, v43], preserve_unit_iters=True, disable_predication=False)
v49, v50, v51 = sch.sample_perfect_tile(loop=l28, n=3, max_innermost_factor=4, decision=[12, 6, 1])
l52, l53, l54 = sch.split(loop=l28, factors=[v49, v50, v51], preserve_unit_iters=True, disable_predication=False)
sch.reorder(l34, l44, l35, l45, l36, l46, l52, l53, l37, l47, l54, l38, l48)
l55 = sch.fuse(l34, l44, preserve_unit_iters=True)
sch.bind(loop=l55, thread_axis="blockIdx.y")
l56 = sch.fuse(l35, l45, preserve_unit_iters=True)
sch.bind(loop=l56, thread_axis="blockIdx.x")
l57 = sch.fuse(l36, l46, preserve_unit_iters=True)
sch.bind(loop=l57, thread_axis="threadIdx.y")
sch.annotate(block_or_loop=b25, ann_key="meta_schedule.thread_extent_low_inclusive", ann_val=32)
sch.annotate(block_or_loop=b25, ann_key="meta_schedule.thread_extent_high_inclusive", ann_val=1024)
sch.transform_layout(block=b25, buffer=("write", 0), index_map=lambda i0, i1: (i0 // 16 // (v32 * v33), i1 // 16 // (v42 * v43), i0 // 16 % (v32 * v33), i1 // 16 % (v42 * v43), i0 % 16, i1 % 16,), pad_value=None, assume_injective_transform=True)
b58 = sch.cache_write(block=b25, write_buffer_index=0, storage_scope="shared.dyn")
sch.reverse_compute_at(block=b58, loop=l56, preserve_unit_loops=True, index=-1)
b59 = sch.cache_write(block=b25, write_buffer_index=0, storage_scope="wmma.accumulator")
l60, l61, l62, l63, l64, l65, l66, l67 = sch.get_loops(block=b58)
sch.reorder(l64, l62, l63, l65)
sch.compute_at(block=b59, loop=l64, preserve_unit_loops=True, index=-1)
l68, l69, l70, l71, l72, l73, l74, l75, l76 = sch.get_loops(block=b59)
l77 = sch.fuse(l71, l72, preserve_unit_iters=True)
sch.bind(loop=l77, thread_axis="threadIdx.y")
sch.reverse_compute_inline(block=b3)
l78, l79, l80, l81, l82, l83, l84, l85 = sch.get_loops(block=b59)
b86 = sch.blockize(target=l84, preserve_unit_iters=True)
sch.annotate(block_or_loop=b86, ann_key="meta_schedule.auto_tensorize", ann_val="wmma_store_16x16x16_f16_shared_dyn")
l87, l88, l89, l90, l91, l92, l93, l94 = sch.get_loops(block=b58)
l95 = sch.fuse(l90, l91, l92, l93, l94, preserve_unit_iters=True)
v96 = sch.sample_categorical(candidates=[1, 2, 4, 8], probs=[0.25, 0.25, 0.25, 0.25], decision=1)
sch.annotate(block_or_loop=b58, ann_key="meta_schedule.cooperative_fetch", ann_val=v96)
b97 = sch.cache_read(block=b25, read_buffer_index=0, storage_scope="shared.dyn", consumer_blocks=[b25])
sch.compute_at(block=b97, loop=l52, preserve_unit_loops=True, index=-1)
l98, l99, l100, l101, l102, l103 = sch.get_loops(block=b97)
l104 = sch.fuse(l102, l103, preserve_unit_iters=True)
v105 = sch.sample_categorical(candidates=[1, 2, 4, 8], probs=[0.25, 0.25, 0.25, 0.25], decision=2)
sch.annotate(block_or_loop=b97, ann_key="meta_schedule.cooperative_fetch", ann_val=v105)
b106 = sch.cache_read(block=b25, read_buffer_index=1, storage_scope="shared.dyn", consumer_blocks=[b25])
sch.compute_at(block=b106, loop=l52, preserve_unit_loops=True, index=-1)
l107, l108, l109, l110, l111, l112 = sch.get_loops(block=b106)
l113 = sch.fuse(l111, l112, preserve_unit_iters=True)
v114 = sch.sample_categorical(candidates=[1, 2, 4, 8], probs=[0.25, 0.25, 0.25, 0.25], decision=3)
sch.annotate(block_or_loop=b106, ann_key="meta_schedule.cooperative_fetch", ann_val=v114)
b115 = sch.cache_read(block=b25, read_buffer_index=0, storage_scope="wmma.matrix_a")
sch.compute_at(block=b115, loop=l53, preserve_unit_loops=True, index=-1)
l116, l117, l118, l119, l120, l121, l122 = sch.get_loops(block=b115)
l123, l124 = sch.split(loop=l122, factors=[None, 16], preserve_unit_iters=True, disable_predication=False)
l125, l126 = sch.split(loop=l121, factors=[None, 16], preserve_unit_iters=True, disable_predication=False)
l127, l128, l129, l130, l131, l132, l133, l134, l135 = sch.get_loops(block=b115)
sch.reorder(l134, l126, l124)
b136 = sch.blockize(target=l126, preserve_unit_iters=True)
sch.annotate(block_or_loop=b136, ann_key="meta_schedule.auto_tensorize", ann_val="wmma_load_16x16x16_f16_a_shared_dyn")
b137 = sch.cache_read(block=b25, read_buffer_index=1, storage_scope="wmma.matrix_b")
sch.compute_at(block=b137, loop=l53, preserve_unit_loops=True, index=-1)
l138, l139, l140, l141, l142, l143, l144 = sch.get_loops(block=b137)
l145, l146 = sch.split(loop=l144, factors=[None, 16], preserve_unit_iters=True, disable_predication=False)
l147, l148 = sch.split(loop=l143, factors=[None, 16], preserve_unit_iters=True, disable_predication=False)
l149, l150, l151, l152, l153, l154, l155, l156, l157 = sch.get_loops(block=b137)
sch.reorder(l156, l148, l146)
b158 = sch.blockize(target=l148, preserve_unit_iters=True)
sch.annotate(block_or_loop=b158, ann_key="meta_schedule.auto_tensorize", ann_val="wmma_load_16x16x16_f16_b_trans_shared_dyn")
b159, = sch.get_producers(block=b97)
sch.compute_inline(block=b159)
sch.storage_align(block=b97, buffer_index=0, axis=-2, factor=32, offset=8)
b160, = sch.get_producers(block=b106)
sch.compute_inline(block=b160)
sch.storage_align(block=b106, buffer_index=0, axis=-2, factor=32, offset=8)
sch.compute_inline(block=b0)
v161 = sch.sample_categorical(candidates=[0, 16, 64, 512, 1024], probs=[0.20000000000000001, 0.20000000000000001, 0.20000000000000001, 0.20000000000000001, 0.20000000000000001], decision=1)
sch.annotate(block_or_loop=b2, ann_key="meta_schedule.unroll_explicit", ann_val=v161)
sch.enter_postproc()
sch.unannotate(block_or_loop=b58, ann_key="meta_schedule.cooperative_fetch")
l162, l163, l164, l165 = sch.get_loops(block=b58)
l166, l167, l168, l169 = sch.split(loop=l165, factors=[None, 4, 32, 2], preserve_unit_iters=True, disable_predication=False)
sch.vectorize(loop=l169)
sch.bind(loop=l168, thread_axis="threadIdx.x")
sch.bind(loop=l167, thread_axis="threadIdx.y")
sch.unannotate(block_or_loop=b97, ann_key="meta_schedule.cooperative_fetch")
l170, l171, l172, l173, l174 = sch.get_loops(block=b97)
l175, l176, l177, l178 = sch.split(loop=l174, factors=[None, 4, 32, 4], preserve_unit_iters=True, disable_predication=False)
sch.vectorize(loop=l178)
sch.bind(loop=l177, thread_axis="threadIdx.x")
sch.bind(loop=l176, thread_axis="threadIdx.y")
sch.unannotate(block_or_loop=b106, ann_key="meta_schedule.cooperative_fetch")
l179, l180, l181, l182, l183 = sch.get_loops(block=b106)
l184, l185, l186, l187 = sch.split(loop=l183, factors=[None, 4, 32, 8], preserve_unit_iters=True, disable_predication=False)
sch.vectorize(loop=l187)
sch.bind(loop=l186, thread_axis="threadIdx.x")
sch.bind(loop=l185, thread_axis="threadIdx.y")
b188 = sch.get_block(name="root", func_name="main")
sch.unannotate(block_or_loop=b188, ann_key="meta_schedule.unroll_explicit")
b189, b190, b191, b192, b193, b194, b195 = sch.get_child_blocks(b188)
l196, l197, l198, l199, l200, l201, l202, l203 = sch.get_loops(block=b189)
l204, l205, l206, l207, l208, l209, l210, l211 = sch.get_loops(block=b190)
l212, l213, l214, l215, l216, l217, l218 = sch.get_loops(block=b191)
l219, l220, l221, l222, l223, l224, l225 = sch.get_loops(block=b192)
l226, l227, l228, l229, l230, l231, l232, l233, l234, l235 = sch.get_loops(block=b193)
sch.annotate(block_or_loop=l226, ann_key="pragma_auto_unroll_max_step", ann_val=16)
sch.annotate(block_or_loop=l226, ann_key="pragma_unroll_explicit", ann_val=1)
l236, l237, l238, l239, l240, l241 = sch.get_loops(block=b194)
l242, l243, l244, l245, l246, l247, l248 = sch.get_loops(block=b195)
b249 = sch.get_block(name="conv2d_nchw_o", func_name="main")
l250, l251, l252, l253, l254, l255, l256, l257, l258, l259 = sch.get_loops(block=b249)
b260 = sch.decompose_reduction(block=b249, loop=l253)
sch.unannotate(block_or_loop=b260, ann_key="meta_schedule.auto_tensorize")
sch.annotate(block_or_loop=b260, ann_key="meta_schedule.auto_tensorize", ann_val="wmma_fill_16x16x16_f16")
sch.unannotate(block_or_loop=b249, ann_key="meta_schedule.auto_tensorize_init")
sch.unannotate(block_or_loop=b260, ann_key="meta_schedule.auto_tensorize_init")
b261 = sch.get_block(name="conv2d_nchw_o_init", func_name="main")
sch.unannotate(block_or_loop=b261, ann_key="meta_schedule.auto_tensorize")
sch.tensorize(block_or_loop=b261, tensor_intrin="wmma_fill_16x16x16_f16", preserve_unit_iters=True)
b262 = sch.get_block(name="pad_temp_reindex_pad_shared.dyn_wmma.matrix_a_o", func_name="main")
sch.unannotate(block_or_loop=b262, ann_key="meta_schedule.auto_tensorize")
sch.tensorize(block_or_loop=b262, tensor_intrin="wmma_load_16x16x16_f16_a_shared_dyn", preserve_unit_iters=True)
b263 = sch.get_block(name="W_reindex_shared.dyn_wmma.matrix_b_o", func_name="main")
sch.unannotate(block_or_loop=b263, ann_key="meta_schedule.auto_tensorize")
sch.tensorize(block_or_loop=b263, tensor_intrin="wmma_load_16x16x16_f16_b_trans_shared_dyn", preserve_unit_iters=True)
b264 = sch.get_block(name="conv2d_nchw_o_update", func_name="main")
sch.unannotate(block_or_loop=b264, ann_key="meta_schedule.auto_tensorize")
sch.tensorize(block_or_loop=b264, tensor_intrin="wmma_sync_16x16x16_f16f16f16_trans", preserve_unit_iters=True)
b265 = sch.get_block(name="conv2d_nchw_reindex_pad_shared.dyn_wmma.accumulator_o", func_name="main")
sch.unannotate(block_or_loop=b265, ann_key="meta_schedule.auto_tensorize")
sch.tensorize(block_or_loop=b265, tensor_intrin="wmma_store_16x16x16_f16_shared_dyn", preserve_unit_iters=True)
2025-10-07 10:10:35 [INFO] [task_scheduler.cc:131] [Task #0: main] Trial #82: GFLOPs: 7352.8072. Time: 15.7226 us. Best GFLOPs: 7352.8072
2025-10-07 10:10:35 [INFO] [task_scheduler.cc:131] [Task #0: main] Trial #83: GFLOPs: 93.5487. Time: 1235.7783 us. Best GFLOPs: 7352.8072
2025-10-07 10:10:35 [INFO] [task_scheduler.cc:131] [Task #0: main] Trial #84: GFLOPs: 4407.2808. Time: 26.2306 us. Best GFLOPs: 7352.8072
2025-10-07 10:10:35 [INFO] [task_scheduler.cc:131] [Task #0: main] Trial #85: GFLOPs: 2807.2926. Time: 41.1804 us. Best GFLOPs: 7352.8072
2025-10-07 10:10:35 [INFO] [task_scheduler.cc:121] [Task #0: main] Trial #86: Error in building:
LocalBuilder: An exception occurred
Traceback (most recent call last):
  File "/workspace/tvm-dev/python/tvm/exec/popen_worker.py", line 87, in main
    result = fn(*args, **kwargs)
             ^^^^^^^^^^^^^^^^^^^
  File "/workspace/tvm-dev/python/tvm/meta_schedule/builder/local_builder.py", line 165, in <lambda>
    lambda x: _worker_func(*x),
              ^^^^^^^^^^^^^^^^
  File "/workspace/tvm-dev/python/tvm/meta_schedule/builder/local_builder.py", line 231, in _worker_func
    rt_mod: Module = f_build(mod, target, _deserialize_params(params))
                     ^^^^^^^^^^^^^^^^^^^^^^^^^^^^^^^^^^^^^^^^^^^^^^^^^
  File "/workspace/tvm-dev/python/tvm/_ffi/_ctypes/packed_func.py", line 245, in __call__
    raise_last_ffi_error()
  File "/workspace/tvm-dev/python/tvm/_ffi/base.py", line 481, in raise_last_ffi_error
    raise py_err
  File "/workspace/tvm-dev/python/tvm/meta_schedule/builder/local_builder.py", line 261, in default_build
    return tvm_build(mod, target=target)
           ^^^^^^^^^^^^^^^^^^^^^^^^^^^^^
  File "/workspace/tvm-dev/python/tvm/driver/build_module.py", line 297, in build
    rt_mod_host = _driver_ffi.tir_to_runtime(annotated_mods, target_host)
                  ^^^^^^^^^^^^^^^^^^^^^^^^^^^^^^^^^^^^^^^^^^^^^^^^^^^^^^^
  File "/workspace/tvm-dev/python/tvm/_ffi/_ctypes/packed_func.py", line 245, in __call__
    raise_last_ffi_error()
  File "/workspace/tvm-dev/python/tvm/_ffi/base.py", line 481, in raise_last_ffi_error
    raise py_err
ValueError: Traceback (most recent call last):
  33: tvm::runtime::PackedFuncObj::Extractor<tvm::runtime::PackedFuncSubObj<tvm::runtime::TypedPackedFunc<tvm::runtime::Module (tvm::runtime::Map<tvm::Target, tvm::IRModule, void, void> const&, tvm::Target)>::AssignTypedLambda<tvm::__mk_TVM24::{lambda(tvm::runtime::Map<tvm::Target, tvm::IRModule, void, void> const&, tvm::Target)#1}>(tvm::__mk_TVM24::{lambda(tvm::runtime::Map<tvm::Target, tvm::IRModule, void, void> const&, tvm::Target)#1}, std::__cxx11::basic_string<char, std::char_traits<char>, std::allocator<char> >)::{lambda(tvm::runtime::TVMArgs const&, tvm::runtime::TVMRetValue*)#1}> >::Call(tvm::runtime::PackedFuncObj const*, std::__cxx11::basic_string<char, std::char_traits<char>, std::allocator<char> >, tvm::runtime::TVMRetValue)
  32: tvm::TIRToRuntime(tvm::runtime::Map<tvm::Target, tvm::IRModule, void, void> const&, tvm::Target const&)
  31: tvm::codegen::Build(tvm::IRModule, tvm::Target)
  30: _ZN3tvm7runtime13PackedFuncObj
  29: tvm::runtime::TypedPackedFunc<tvm::runtime::Module (tvm::IRModule, tvm::Target)>::AssignTypedLambda<tvm::runtime::Module (*)(tvm::IRModule, tvm::Target)>(tvm::runtime::Module (*)(tvm::IRModule, tvm::Target), std::__cxx11::basic_string<char, std::char_traits<char>, std::allocator<char> >)::{lambda(tvm::runtime::TVMArgs const&, tvm::runtime::TVMRetValue*)#1}::operator()(tvm::runtime::TVMArgs const&, tvm::runtime::TVMRetValue*) const
  28: tvm::codegen::BuildCUDA(tvm::IRModule, tvm::Target)
  27: tvm::codegen::CodeGenC::AddFunction(tvm::GlobalVar const&, tvm::tir::PrimFunc const&)
  26: tvm::codegen::CodeGenCUDA::VisitStmt_(tvm::tir::AllocateNode const*)
  25: tvm::codegen::CodeGenCUDA::VisitStmt_(tvm::tir::AllocateNode const*)
  24: tvm::codegen::CodeGenCUDA::VisitStmt_(tvm::tir::AllocateNode const*)
  23: tvm::codegen::CodeGenCUDA::VisitStmt_(tvm::tir::AllocateNode const*)
  22: tvm::codegen::CodeGenC::VisitStmt_(tvm::tir::SeqStmtNode const*)
  21: tvm::codegen::CodeGenC::VisitStmt_(tvm::tir::ForNode const*)
  20: tvm::codegen::CodeGenC::VisitStmt_(tvm::tir::SeqStmtNode const*)
  19: tvm::codegen::CodeGenC::VisitStmt_(tvm::tir::BufferStoreNode const*)
  18: tvm::codegen::CodeGenC::PrintExpr[abi:cxx11](tvm::PrimExpr const&)
  17: tvm::codegen::CodeGenC::VisitExpr_(tvm::tir::BufferLoadNode const*, std::ostream&)
  16: tvm::codegen::CodeGenC::PrintExpr[abi:cxx11](tvm::PrimExpr const&)
  15: void tvm::codegen::PrintBinaryExpr<tvm::tir::AddNode>(tvm::tir::AddNode const*, char const*, std::ostream&, tvm::codegen::CodeGenC*)
  14: tvm::codegen::CodeGenCUDA::PrintVecBinaryOp(std::__cxx11::basic_string<char, std::char_traits<char>, std::allocator<char> > const&, tvm::runtime::DataType, tvm::PrimExpr, tvm::PrimExpr, std::ostream&)
  13: tvm::codegen::CodeGenC::PrintExpr[abi:cxx11](tvm::PrimExpr const&)
  12: void tvm::codegen::PrintBinaryExpr<tvm::tir::AddNode>(tvm::tir::AddNode const*, char const*, std::ostream&, tvm::codegen::CodeGenC*)
  11: tvm::codegen::CodeGenCUDA::PrintVecBinaryOp(std::__cxx11::basic_string<char, std::char_traits<char>, std::allocator<char> > const&, tvm::runtime::DataType, tvm::PrimExpr, tvm::PrimExpr, std::ostream&)
  10: tvm::codegen::CodeGenC::PrintExpr[abi:cxx11](tvm::PrimExpr const&)
  9: void tvm::codegen::PrintBinaryExpr<tvm::tir::AddNode>(tvm::tir::AddNode const*, char const*, std::ostream&, tvm::codegen::CodeGenC*)
  8: tvm::codegen::CodeGenCUDA::PrintVecBinaryOp(std::__cxx11::basic_string<char, std::char_traits<char>, std::allocator<char> > const&, tvm::runtime::DataType, tvm::PrimExpr, tvm::PrimExpr, std::ostream&)
  7: tvm::codegen::CodeGenC::PrintExpr[abi:cxx11](tvm::PrimExpr const&)
  6: void tvm::codegen::PrintBinaryExpr<tvm::tir::MulNode>(tvm::tir::MulNode const*, char const*, std::ostream&, tvm::codegen::CodeGenC*)
  5: tvm::codegen::CodeGenCUDA::PrintVecBinaryOp(std::__cxx11::basic_string<char, std::char_traits<char>, std::allocator<char> > const&, tvm::runtime::DataType, tvm::PrimExpr, tvm::PrimExpr, std::ostream&)
  4: tvm::codegen::CodeGenC::PrintExpr[abi:cxx11](tvm::PrimExpr const&)
  3: void tvm::codegen::PrintBinaryExpr<tvm::tir::DivNode>(tvm::tir::DivNode const*, char const*, std::ostream&, tvm::codegen::CodeGenC*)
  2: tvm::codegen::CodeGenCUDA::PrintVecBinaryOp(std::__cxx11::basic_string<char, std::char_traits<char>, std::allocator<char> > const&, tvm::runtime::DataType, tvm::PrimExpr, tvm::PrimExpr, std::ostream&)
  1: tvm::codegen::CodeGenC::PrintExpr[abi:cxx11](tvm::PrimExpr const&)
  0: tvm::codegen::CodeGenCUDA::VisitExpr_(tvm::tir::RampNode const*, std::ostream&)
  File "/workspace/tvm-dev/src/target/source/codegen_cuda.cc", line 1204
ValueError: Check failed: lanes <= 4 (8 vs. 4) : Ramp of more than 4 lanes is not allowed.

# from tvm.script import ir as I
# from tvm.script import tir as T

@I.ir_module
class Module:
    @T.prim_func
    def main(A: T.Buffer((1, 128, 28, 28), "float16"), W: T.Buffer((256, 128, 3, 3), "float16"), conv2d_nchw: T.Buffer((1, 256, 14, 14), "float16")):
        T.func_attr({"tir.noalias": T.bool(True)})
        # with T.block("root"):
        conv2d_nchw_reindex_pad_shared_dyn = T.alloc_buffer((13, 2, 1, 8, 16, 16), "float16", scope="shared.dyn")
        conv2d_nchw_reindex_pad_shared_dyn_wmma_accumulator = T.alloc_buffer((13, 2, 1, 8, 16, 16), "float16", scope="wmma.accumulator")
        pad_temp_reindex_pad_shared_dyn = T.alloc_buffer((208, 1152), "float16", scope="shared.dyn")
        W_reindex_shared_dyn = T.alloc_buffer((256, 1152), "float16", scope="shared.dyn")
        pad_temp_reindex_pad_shared_dyn_wmma_matrix_a = T.alloc_buffer((208, 1152), "float16", scope="wmma.matrix_a")
        W_reindex_shared_dyn_wmma_matrix_b = T.alloc_buffer((256, 1152), "float16", scope="wmma.matrix_b")
        for ax0_0_0_ax1_0_0_fused in T.thread_binding(26, thread="blockIdx.y", annotations={"pragma_auto_unroll_max_step": 64, "pragma_unroll_explicit": 1}):
            for ax0_0_1_ax1_0_1_fused in T.thread_binding(1, thread="blockIdx.x"):
                for ax0_0_2_ax1_0_2_fused in T.thread_binding(1, thread="threadIdx.y"):
                    for ax0_0_3_init, ax1_0_3_init, ax0_0_4_init, ax1_0_4_init in T.grid(1, 4, 1, 2):
                        with T.block("conv2d_nchw_o_init"):
                            v0_o = T.axis.spatial(13, ax0_0_0_ax1_0_0_fused // 2 + ax0_0_3_init + ax0_0_4_init)
                            v1_o = T.axis.spatial(16, ax0_0_0_ax1_0_0_fused % 2 * 8 + ax1_0_3_init * 2 + ax1_0_4_init)
                            T.reads()
                            T.writes(conv2d_nchw_reindex_pad_shared_dyn_wmma_accumulator[v0_o, v1_o // 8, 0, v1_o % 8, 0:16, 0:16])
                            T.block_attr({"meta_schedule.thread_extent_high_inclusive": 1024, "meta_schedule.thread_extent_low_inclusive": 32, "warp_execution": 1})
                            C = T.match_buffer(conv2d_nchw_reindex_pad_shared_dyn_wmma_accumulator[v0_o, v1_o // 8, 0, v1_o % 8, 0:16, 0:16], (16, 16), "float16", strides=("C_s0", "C_s1"), scope="wmma.accumulator", offset_factor=16)
                            T.tvm_fill_fragment(C.data, 16, 16, 16, C.elem_offset // C.strides[0] // 16 * (C.strides[0] // 16) + C.elem_offset % C.strides[0] // 16, T.float32(0.0))
                    for ax2_0_0 in range(36):
                        for ax0_ax1_fused_0 in range(2):
                            for ax0_ax1_fused_1 in T.thread_binding(1, thread="threadIdx.y"):
                                for ax0_ax1_fused_2 in T.thread_binding(32, thread="threadIdx.x"):
                                    for ax0_ax1_fused_3 in T.vectorized(8):
                                        with T.block("pad_temp_reindex_pad_shared.dyn"):
                                            v0 = T.axis.spatial(208, ax0_0_0_ax1_0_0_fused // 2 * 16 + (ax0_ax1_fused_0 * 256 + ax0_ax1_fused_1 * 256 + ax0_ax1_fused_2 * 8 + ax0_ax1_fused_3) // 32)
                                            v1 = T.axis.spatial(1152, ax2_0_0 * 32 + (ax0_ax1_fused_0 * 256 + ax0_ax1_fused_1 * 256 + ax0_ax1_fused_2 * 8 + ax0_ax1_fused_3) % 32)
                                            T.reads(A[0, v1 // 9, v0 // 14 * 2 + v1 % 9 // 3 - 1, v0 % 14 * 2 + v1 % 3 - 1])
                                            T.writes(pad_temp_reindex_pad_shared_dyn[v0, v1])
                                            T.block_attr({"buffer_dim_align": [[0, 0, 32, 8]]})
                                            pad_temp_reindex_pad_shared_dyn[v0, v1] = T.if_then_else(v0 < 196, T.if_then_else(1 <= v0 // 14 * 2 + v1 % 9 // 3 and v0 // 14 * 2 + v1 % 9 // 3 < 29 and 1 <= v0 % 14 * 2 + v1 % 3 and v0 % 14 * 2 + v1 % 3 < 29, A[0, v1 // 9, v0 // 14 * 2 + v1 % 9 // 3 - 1, v0 % 14 * 2 + v1 % 3 - 1], T.float16(0.0)), T.float16(0.0))
                        for ax0_ax1_fused_0 in range(16):
                            for ax0_ax1_fused_1 in T.thread_binding(1, thread="threadIdx.y"):
                                for ax0_ax1_fused_2 in T.thread_binding(32, thread="threadIdx.x"):
                                    for ax0_ax1_fused_3 in T.vectorized(8):
                                        with T.block("W_reindex_shared.dyn"):
                                            v0 = T.axis.spatial(256, ax0_0_0_ax1_0_0_fused % 2 * 128 + (ax0_ax1_fused_0 * 256 + ax0_ax1_fused_1 * 256 + ax0_ax1_fused_2 * 8 + ax0_ax1_fused_3) // 32)
                                            v1 = T.axis.spatial(1152, ax2_0_0 * 32 + (ax0_ax1_fused_0 * 256 + ax0_ax1_fused_1 * 256 + ax0_ax1_fused_2 * 8 + ax0_ax1_fused_3) % 32)
                                            T.reads(W[v0, v1 // 9, v1 % 9 // 3, v1 % 3])
                                            T.writes(W_reindex_shared_dyn[v0, v1])
                                            T.block_attr({"buffer_dim_align": [[0, 0, 32, 8]]})
                                            W_reindex_shared_dyn[v0, v1] = W[v0, v1 // 9, v1 % 9 // 3, v1 % 3]
                        for ax2_0_1 in range(2):
                            for ax0_0, ax1_0 in T.grid(1, 1):
                                with T.block("pad_temp_reindex_pad_shared.dyn_wmma.matrix_a_o"):
                                    v0_o = T.axis.spatial(13, ax0_0_0_ax1_0_0_fused // 2 + ax0_0)
                                    v1_o = T.axis.spatial(72, ax2_0_0 * 2 + ax2_0_1 + ax1_0)
                                    T.reads(pad_temp_reindex_pad_shared_dyn[v0_o * 16:v0_o * 16 + 16, v1_o * 16:v1_o * 16 + 16])
                                    T.writes(pad_temp_reindex_pad_shared_dyn_wmma_matrix_a[v0_o * 16:v0_o * 16 + 16, v1_o * 16:v1_o * 16 + 16])
                                    A_1 = T.match_buffer(pad_temp_reindex_pad_shared_dyn[v0_o * 16:v0_o * 16 + 16, v1_o * 16:v1_o * 16 + 16], (16, 16), "float16", strides=("A_s0", "A_s1"), scope="shared.dyn", offset_factor=16)
                                    C = T.match_buffer(pad_temp_reindex_pad_shared_dyn_wmma_matrix_a[v0_o * 16:v0_o * 16 + 16, v1_o * 16:v1_o * 16 + 16], (16, 16), "float16", strides=("C_s0", "C_s1"), scope="wmma.matrix_a", offset_factor=16)
                                    T.tvm_load_matrix_sync(C.data, 16, 16, 16, C.elem_offset // C.strides[0] // 16 * (C.strides[0] // 16) + C.elem_offset % C.strides[0] // 16, T.tvm_access_ptr(T.type_annotation("float16"), A_1.data, A_1.elem_offset, A_1.strides[0] * 16, 1), A_1.strides[0], "row_major")
                            for ax0_0, ax1_0 in T.grid(8, 1):
                                with T.block("W_reindex_shared.dyn_wmma.matrix_b_o"):
                                    v0_o = T.axis.spatial(16, ax0_0_0_ax1_0_0_fused % 2 * 8 + ax0_0)
                                    v1_o = T.axis.spatial(72, ax2_0_0 * 2 + ax2_0_1 + ax1_0)
                                    T.reads(W_reindex_shared_dyn[v0_o * 16:v0_o * 16 + 16, v1_o * 16:v1_o * 16 + 16])
                                    T.writes(W_reindex_shared_dyn_wmma_matrix_b[v0_o * 16:v0_o * 16 + 16, v1_o * 16:v1_o * 16 + 16])
                                    A_1 = T.match_buffer(W_reindex_shared_dyn[v0_o * 16:v0_o * 16 + 16, v1_o * 16:v1_o * 16 + 16], (16, 16), "float16", strides=("A_s0", "A_s1"), scope="shared.dyn", offset_factor=16)
                                    C = T.match_buffer(W_reindex_shared_dyn_wmma_matrix_b[v0_o * 16:v0_o * 16 + 16, v1_o * 16:v1_o * 16 + 16], (16, 16), "float16", strides=("C_s0", "C_s1"), scope="wmma.matrix_b", offset_factor=16)
                                    T.tvm_load_matrix_sync(C.data, 16, 16, 16, C.elem_offset // C.strides[0] // 16 * (C.strides[0] // 16) + C.elem_offset % C.strides[0] // 16, T.tvm_access_ptr(T.type_annotation("float16"), A_1.data, A_1.elem_offset, A_1.strides[0] * 16, 1), A_1.strides[0], "col_major")
                            for ax0_0_3, ax1_0_3, ax2_0_2, ax0_0_4, ax1_0_4 in T.grid(1, 4, 1, 1, 2):
                                with T.block("conv2d_nchw_o_update"):
                                    v0_o = T.axis.spatial(13, ax0_0_0_ax1_0_0_fused // 2 + ax0_0_3 + ax0_0_4)
                                    v1_o = T.axis.spatial(16, ax0_0_0_ax1_0_0_fused % 2 * 8 + ax1_0_3 * 2 + ax1_0_4)
                                    v2_o = T.axis.reduce(72, ax2_0_0 * 2 + ax2_0_1 + ax2_0_2)
                                    T.reads(conv2d_nchw_reindex_pad_shared_dyn_wmma_accumulator[v0_o, v1_o // 8, 0, v1_o % 8, 0:16, 0:16], pad_temp_reindex_pad_shared_dyn_wmma_matrix_a[v0_o * 16:v0_o * 16 + 16, v2_o * 16:v2_o * 16 + 16], W_reindex_shared_dyn_wmma_matrix_b[v1_o * 16:v1_o * 16 + 16, v2_o * 16:v2_o * 16 + 16])
                                    T.writes(conv2d_nchw_reindex_pad_shared_dyn_wmma_accumulator[v0_o, v1_o // 8, 0, v1_o % 8, 0:16, 0:16])
                                    T.block_attr({"meta_schedule.thread_extent_high_inclusive": 1024, "meta_schedule.thread_extent_low_inclusive": 32, "warp_execution": 1})
                                    A_1 = T.match_buffer(pad_temp_reindex_pad_shared_dyn_wmma_matrix_a[v0_o * 16:v0_o * 16 + 16, v2_o * 16:v2_o * 16 + 16], (16, 16), "float16", strides=("A_s0", "A_s1"), scope="wmma.matrix_a", offset_factor=16)
                                    B = T.match_buffer(W_reindex_shared_dyn_wmma_matrix_b[v1_o * 16:v1_o * 16 + 16, v2_o * 16:v2_o * 16 + 16], (16, 16), "float16", strides=("B_s0", "B_s1"), scope="wmma.matrix_b", offset_factor=16)
                                    C = T.match_buffer(conv2d_nchw_reindex_pad_shared_dyn_wmma_accumulator[v0_o, v1_o // 8, 0, v1_o % 8, 0:16, 0:16], (16, 16), "float16", strides=("C_s0", "C_s1"), scope="wmma.accumulator", offset_factor=16)
                                    T.tvm_mma_sync(C.data, C.elem_offset // C.strides[0] // 16 * (C.strides[0] // 16) + C.elem_offset % C.strides[0] // 16, A_1.data, A_1.elem_offset // A_1.strides[0] // 16 * (A_1.strides[0] // 16) + A_1.elem_offset % A_1.strides[0] // 16, B.data, B.elem_offset // B.strides[0] // 16 * (B.strides[0] // 16) + B.elem_offset % B.strides[0] // 16, C.data, C.elem_offset // C.strides[0] // 16 * (C.strides[0] // 16) + C.elem_offset % C.strides[0] // 16)
                for ax2 in range(1):
                    for ax0_ax1_fused in T.thread_binding(1, thread="threadIdx.y"):
                        for ax2_1, ax3 in T.grid(1, 8):
                            with T.block("conv2d_nchw_reindex_pad_shared.dyn_wmma.accumulator_o"):
                                v0_o = T.axis.spatial(13, ax0_0_0_ax1_0_0_fused // 2)
                                v1_o = T.axis.spatial(2, ax0_0_0_ax1_0_0_fused % 2)
                                v2_o, v3_o = T.axis.remap("SS", [ax2_1, ax3])
                                v4_o = T.axis.spatial(1, 0)
                                v5_o = T.axis.spatial(1, 0)
                                T.reads(conv2d_nchw_reindex_pad_shared_dyn_wmma_accumulator[v0_o, v1_o, v2_o, v3_o, 0:16, 0:16])
                                T.writes(conv2d_nchw_reindex_pad_shared_dyn[v0_o, v1_o, v2_o, v3_o, 0:16, 0:16])
                                A_1 = T.match_buffer(conv2d_nchw_reindex_pad_shared_dyn_wmma_accumulator[v0_o, v1_o, v2_o, v3_o, 0:16, 0:16], (16, 16), "float16", strides=("A_s0", "A_s1"), scope="wmma.accumulator", offset_factor=16)
                                C = T.match_buffer(conv2d_nchw_reindex_pad_shared_dyn[v0_o, v1_o, v2_o, v3_o, 0:16, 0:16], (16, 16), "float16", strides=("C_s0", "C_s1"), scope="shared.dyn", offset_factor=16)
                                T.tvm_store_matrix_sync(A_1.data, 16, 16, 16, A_1.elem_offset // A_1.strides[0] // 16 * (A_1.strides[0] // 16) + A_1.elem_offset % A_1.strides[0] // 16, T.tvm_access_ptr(T.type_annotation("float16"), C.data, C.elem_offset, C.strides[0] * 16, 2), C.strides[0], "row_major")
                    for ax0_ax1_ax3_ax4_ax5_fused_0 in range(64):
                        for ax0_ax1_ax3_ax4_ax5_fused_1 in T.thread_binding(1, thread="threadIdx.y"):
                            for ax0_ax1_ax3_ax4_ax5_fused_2 in T.thread_binding(32, thread="threadIdx.x"):
                                with T.block("conv2d_nchw_reindex_pad_shared.dyn"):
                                    v0 = T.axis.spatial(13, ax0_0_0_ax1_0_0_fused // 2)
                                    v1 = T.axis.spatial(2, ax0_0_0_ax1_0_0_fused % 2)
                                    v2 = T.axis.spatial(1, ax2)
                                    v3 = T.axis.spatial(8, (ax0_ax1_ax3_ax4_ax5_fused_0 * 32 + ax0_ax1_ax3_ax4_ax5_fused_1 * 32 + ax0_ax1_ax3_ax4_ax5_fused_2) // 256)
                                    v4 = T.axis.spatial(16, (ax0_ax1_ax3_ax4_ax5_fused_0 * 32 + ax0_ax1_ax3_ax4_ax5_fused_1 * 32 + ax0_ax1_ax3_ax4_ax5_fused_2) % 256 // 16)
                                    v5 = T.axis.spatial(16, (ax0_ax1_ax3_ax4_ax5_fused_0 * 32 + ax0_ax1_ax3_ax4_ax5_fused_1 * 32 + ax0_ax1_ax3_ax4_ax5_fused_2) % 16)
                                    T.where(ax0_0_0_ax1_0_0_fused // 2 * 16 + T.Mul(0, 16) + ((ax0_ax1_ax3_ax4_ax5_fused_0 + ax0_ax1_ax3_ax4_ax5_fused_1) * 32 + ax0_ax1_ax3_ax4_ax5_fused_2) % 256 // 16 < 196)
                                    T.reads(conv2d_nchw_reindex_pad_shared_dyn[v0, v1, v2, v3, v4, v5])
                                    T.writes(conv2d_nchw[0, v5 + v3 * 16 + v1 * 128, (v4 + v0 * 16) // 14, (v4 + v0 * 16) % 14])
                                    conv2d_nchw[0, v5 + v3 * 16 + v1 * 128, (v4 + v0 * 16) // 14, (v4 + v0 * 16) % 14] = conv2d_nchw_reindex_pad_shared_dyn[v0, v1, v2, v3, v4, v5]
b0 = sch.get_block(name="pad_temp", func_name="main")
b1 = sch.get_block(name="conv2d_nchw", func_name="main")
b2 = sch.get_block(name="root", func_name="main")
sch.annotate(block_or_loop=b1, ann_key="meta_schedule.tiling_structure", ann_val="SSSRRSRS")
b3 = sch.reindex(block=b1, buffer=("write", 0))
b4 = sch.reindex(block=b1, buffer=("read", 0))
b5 = sch.reindex(block=b1, buffer=("read", 1))
sch.transform_layout(block=b1, buffer=("read", 0), index_map=lambda v_nn, v_yy, v_xx, v_rc, v_ry, v_rx: (v_nn * 196 + v_yy * 14 + v_xx, v_rc * 9 + v_ry * 3 + v_rx,), pad_value=None, assume_injective_transform=True)
sch.transform_layout(block=b1, buffer=("read", 1), index_map=lambda v_ff, v_rc, v_ry, v_rx: (v_ff, v_rc * 9 + v_ry * 3 + v_rx,), pad_value=None, assume_injective_transform=True)
sch.transform_layout(block=b1, buffer=("write", 0), index_map=lambda v_nn, v_ff, v_yy, v_xx: (v_nn * 196 + v_yy * 14 + v_xx, v_ff,), pad_value=None, assume_injective_transform=True)
sch.transform_block_layout(block=b3, index_map=lambda v_nn, v_ff, v_yy, v_xx: (v_nn * 196 + v_yy * 14 + v_xx, v_ff,))
sch.transform_block_layout(block=b4, index_map=lambda v_nn, v_yy, v_xx, v_rc, v_ry, v_rx: (v_nn * 196 + v_yy * 14 + v_xx, v_rc * 9 + v_ry * 3 + v_rx,))
sch.transform_block_layout(block=b5, index_map=lambda v_ff, v_rc, v_ry, v_rx: (v_ff, v_rc * 9 + v_ry * 3 + v_rx,))
sch.transform_block_layout(block=b1, index_map=lambda v_nn, v_ff, v_yy, v_xx, v_rc, v_ry, v_rx: (v_nn * 196 + v_yy * 14 + v_xx, v_ff, v_rc * 9 + v_ry * 3 + v_rx,))
sch.pad_einsum(block=b1, padding=[16, 1, 1])
b6, b7 = sch.get_producers(block=b1)
b8, = sch.get_producers(block=b6)
b9, = sch.get_consumers(block=b1)
sch.compute_inline(block=b8)
sch.compute_inline(block=b9)
l10, l11, l12 = sch.get_loops(block=b1)
l13, l14 = sch.split(loop=l12, factors=[None, 16], preserve_unit_iters=True, disable_predication=False)
l15, l16 = sch.split(loop=l11, factors=[None, 16], preserve_unit_iters=True, disable_predication=False)
l17, l18 = sch.split(loop=l10, factors=[None, 16], preserve_unit_iters=True, disable_predication=False)
l19, l20, l21, l22, l23, l24 = sch.get_loops(block=b1)
sch.reorder(l21, l23, l18, l16, l14)
b25 = sch.blockize(target=l18, preserve_unit_iters=True)
sch.annotate(block_or_loop=b25, ann_key="meta_schedule.auto_tensorize", ann_val="wmma_sync_16x16x16_f16f16f16_trans")
sch.annotate(block_or_loop=b25, ann_key="meta_schedule.auto_tensorize_init", ann_val="wmma_fill_16x16x16_f16")
sch.annotate(block_or_loop=b25, ann_key="warp_execution", ann_val=1)
l26, l27, l28 = sch.get_loops(block=b25)
v29, v30, v31, v32, v33 = sch.sample_perfect_tile(loop=l26, n=5, max_innermost_factor=4, decision=[13, 1, 1, 1, 1])
l34, l35, l36, l37, l38 = sch.split(loop=l26, factors=[v29, v30, v31, v32, v33], preserve_unit_iters=True, disable_predication=False)
v39, v40, v41, v42, v43 = sch.sample_perfect_tile(loop=l27, n=5, max_innermost_factor=4, decision=[2, 1, 1, 4, 2])
l44, l45, l46, l47, l48 = sch.split(loop=l27, factors=[v39, v40, v41, v42, v43], preserve_unit_iters=True, disable_predication=False)
v49, v50, v51 = sch.sample_perfect_tile(loop=l28, n=3, max_innermost_factor=4, decision=[36, 2, 1])
l52, l53, l54 = sch.split(loop=l28, factors=[v49, v50, v51], preserve_unit_iters=True, disable_predication=False)
sch.reorder(l34, l44, l35, l45, l36, l46, l52, l53, l37, l47, l54, l38, l48)
l55 = sch.fuse(l34, l44, preserve_unit_iters=True)
sch.bind(loop=l55, thread_axis="blockIdx.y")
l56 = sch.fuse(l35, l45, preserve_unit_iters=True)
sch.bind(loop=l56, thread_axis="blockIdx.x")
l57 = sch.fuse(l36, l46, preserve_unit_iters=True)
sch.bind(loop=l57, thread_axis="threadIdx.y")
sch.annotate(block_or_loop=b25, ann_key="meta_schedule.thread_extent_low_inclusive", ann_val=32)
sch.annotate(block_or_loop=b25, ann_key="meta_schedule.thread_extent_high_inclusive", ann_val=1024)
sch.transform_layout(block=b25, buffer=("write", 0), index_map=lambda i0, i1: (i0 // 16 // (v32 * v33), i1 // 16 // (v42 * v43), i0 // 16 % (v32 * v33), i1 // 16 % (v42 * v43), i0 % 16, i1 % 16,), pad_value=None, assume_injective_transform=True)
b58 = sch.cache_write(block=b25, write_buffer_index=0, storage_scope="shared.dyn")
sch.reverse_compute_at(block=b58, loop=l56, preserve_unit_loops=True, index=-1)
b59 = sch.cache_write(block=b25, write_buffer_index=0, storage_scope="wmma.accumulator")
l60, l61, l62, l63, l64, l65, l66, l67 = sch.get_loops(block=b58)
sch.reorder(l64, l62, l63, l65)
sch.compute_at(block=b59, loop=l64, preserve_unit_loops=True, index=-1)
l68, l69, l70, l71, l72, l73, l74, l75, l76 = sch.get_loops(block=b59)
l77 = sch.fuse(l71, l72, preserve_unit_iters=True)
sch.bind(loop=l77, thread_axis="threadIdx.y")
sch.reverse_compute_inline(block=b3)
l78, l79, l80, l81, l82, l83, l84, l85 = sch.get_loops(block=b59)
b86 = sch.blockize(target=l84, preserve_unit_iters=True)
sch.annotate(block_or_loop=b86, ann_key="meta_schedule.auto_tensorize", ann_val="wmma_store_16x16x16_f16_shared_dyn")
l87, l88, l89, l90, l91, l92, l93, l94 = sch.get_loops(block=b58)
l95 = sch.fuse(l90, l91, l92, l93, l94, preserve_unit_iters=True)
v96 = sch.sample_categorical(candidates=[1, 2, 4, 8], probs=[0.25, 0.25, 0.25, 0.25], decision=0)
sch.annotate(block_or_loop=b58, ann_key="meta_schedule.cooperative_fetch", ann_val=v96)
b97 = sch.cache_read(block=b25, read_buffer_index=0, storage_scope="shared.dyn", consumer_blocks=[b25])
sch.compute_at(block=b97, loop=l52, preserve_unit_loops=True, index=-1)
l98, l99, l100, l101, l102, l103 = sch.get_loops(block=b97)
l104 = sch.fuse(l102, l103, preserve_unit_iters=True)
v105 = sch.sample_categorical(candidates=[1, 2, 4, 8], probs=[0.25, 0.25, 0.25, 0.25], decision=3)
sch.annotate(block_or_loop=b97, ann_key="meta_schedule.cooperative_fetch", ann_val=v105)
b106 = sch.cache_read(block=b25, read_buffer_index=1, storage_scope="shared.dyn", consumer_blocks=[b25])
sch.compute_at(block=b106, loop=l52, preserve_unit_loops=True, index=-1)
l107, l108, l109, l110, l111, l112 = sch.get_loops(block=b106)
l113 = sch.fuse(l111, l112, preserve_unit_iters=True)
v114 = sch.sample_categorical(candidates=[1, 2, 4, 8], probs=[0.25, 0.25, 0.25, 0.25], decision=3)
sch.annotate(block_or_loop=b106, ann_key="meta_schedule.cooperative_fetch", ann_val=v114)
b115 = sch.cache_read(block=b25, read_buffer_index=0, storage_scope="wmma.matrix_a")
sch.compute_at(block=b115, loop=l53, preserve_unit_loops=True, index=-1)
l116, l117, l118, l119, l120, l121, l122 = sch.get_loops(block=b115)
l123, l124 = sch.split(loop=l122, factors=[None, 16], preserve_unit_iters=True, disable_predication=False)
l125, l126 = sch.split(loop=l121, factors=[None, 16], preserve_unit_iters=True, disable_predication=False)
l127, l128, l129, l130, l131, l132, l133, l134, l135 = sch.get_loops(block=b115)
sch.reorder(l134, l126, l124)
b136 = sch.blockize(target=l126, preserve_unit_iters=True)
sch.annotate(block_or_loop=b136, ann_key="meta_schedule.auto_tensorize", ann_val="wmma_load_16x16x16_f16_a_shared_dyn")
b137 = sch.cache_read(block=b25, read_buffer_index=1, storage_scope="wmma.matrix_b")
sch.compute_at(block=b137, loop=l53, preserve_unit_loops=True, index=-1)
l138, l139, l140, l141, l142, l143, l144 = sch.get_loops(block=b137)
l145, l146 = sch.split(loop=l144, factors=[None, 16], preserve_unit_iters=True, disable_predication=False)
l147, l148 = sch.split(loop=l143, factors=[None, 16], preserve_unit_iters=True, disable_predication=False)
l149, l150, l151, l152, l153, l154, l155, l156, l157 = sch.get_loops(block=b137)
sch.reorder(l156, l148, l146)
b158 = sch.blockize(target=l148, preserve_unit_iters=True)
sch.annotate(block_or_loop=b158, ann_key="meta_schedule.auto_tensorize", ann_val="wmma_load_16x16x16_f16_b_trans_shared_dyn")
b159, = sch.get_producers(block=b97)
sch.compute_inline(block=b159)
sch.storage_align(block=b97, buffer_index=0, axis=-2, factor=32, offset=8)
b160, = sch.get_producers(block=b106)
sch.compute_inline(block=b160)
sch.storage_align(block=b106, buffer_index=0, axis=-2, factor=32, offset=8)
sch.compute_inline(block=b0)
v161 = sch.sample_categorical(candidates=[0, 16, 64, 512, 1024], probs=[0.20000000000000001, 0.20000000000000001, 0.20000000000000001, 0.20000000000000001, 0.20000000000000001], decision=2)
sch.annotate(block_or_loop=b2, ann_key="meta_schedule.unroll_explicit", ann_val=v161)
sch.enter_postproc()
sch.unannotate(block_or_loop=b58, ann_key="meta_schedule.cooperative_fetch")
l162, l163, l164, l165 = sch.get_loops(block=b58)
l166, l167, l168 = sch.split(loop=l165, factors=[None, 1, 32], preserve_unit_iters=True, disable_predication=False)
sch.bind(loop=l168, thread_axis="threadIdx.x")
sch.bind(loop=l167, thread_axis="threadIdx.y")
sch.unannotate(block_or_loop=b97, ann_key="meta_schedule.cooperative_fetch")
l169, l170, l171, l172, l173 = sch.get_loops(block=b97)
l174, l175, l176, l177 = sch.split(loop=l173, factors=[None, 1, 32, 8], preserve_unit_iters=True, disable_predication=False)
sch.vectorize(loop=l177)
sch.bind(loop=l176, thread_axis="threadIdx.x")
sch.bind(loop=l175, thread_axis="threadIdx.y")
sch.unannotate(block_or_loop=b106, ann_key="meta_schedule.cooperative_fetch")
l178, l179, l180, l181, l182 = sch.get_loops(block=b106)
l183, l184, l185, l186 = sch.split(loop=l182, factors=[None, 1, 32, 8], preserve_unit_iters=True, disable_predication=False)
sch.vectorize(loop=l186)
sch.bind(loop=l185, thread_axis="threadIdx.x")
sch.bind(loop=l184, thread_axis="threadIdx.y")
b187 = sch.get_block(name="root", func_name="main")
sch.unannotate(block_or_loop=b187, ann_key="meta_schedule.unroll_explicit")
b188, b189, b190, b191, b192, b193, b194 = sch.get_child_blocks(b187)
l195, l196, l197, l198, l199, l200, l201, l202 = sch.get_loops(block=b188)
l203, l204, l205, l206, l207, l208, l209, l210 = sch.get_loops(block=b189)
l211, l212, l213, l214, l215, l216, l217 = sch.get_loops(block=b190)
l218, l219, l220, l221, l222, l223, l224 = sch.get_loops(block=b191)
l225, l226, l227, l228, l229, l230, l231, l232, l233, l234 = sch.get_loops(block=b192)
sch.annotate(block_or_loop=l225, ann_key="pragma_auto_unroll_max_step", ann_val=64)
sch.annotate(block_or_loop=l225, ann_key="pragma_unroll_explicit", ann_val=1)
l235, l236, l237, l238, l239, l240 = sch.get_loops(block=b193)
l241, l242, l243, l244, l245, l246 = sch.get_loops(block=b194)
b247 = sch.get_block(name="conv2d_nchw_o", func_name="main")
l248, l249, l250, l251, l252, l253, l254, l255, l256, l257 = sch.get_loops(block=b247)
b258 = sch.decompose_reduction(block=b247, loop=l251)
sch.unannotate(block_or_loop=b258, ann_key="meta_schedule.auto_tensorize")
sch.annotate(block_or_loop=b258, ann_key="meta_schedule.auto_tensorize", ann_val="wmma_fill_16x16x16_f16")
sch.unannotate(block_or_loop=b247, ann_key="meta_schedule.auto_tensorize_init")
sch.unannotate(block_or_loop=b258, ann_key="meta_schedule.auto_tensorize_init")
b259 = sch.get_block(name="conv2d_nchw_o_init", func_name="main")
sch.unannotate(block_or_loop=b259, ann_key="meta_schedule.auto_tensorize")
sch.tensorize(block_or_loop=b259, tensor_intrin="wmma_fill_16x16x16_f16", preserve_unit_iters=True)
b260 = sch.get_block(name="pad_temp_reindex_pad_shared.dyn_wmma.matrix_a_o", func_name="main")
sch.unannotate(block_or_loop=b260, ann_key="meta_schedule.auto_tensorize")
sch.tensorize(block_or_loop=b260, tensor_intrin="wmma_load_16x16x16_f16_a_shared_dyn", preserve_unit_iters=True)
b261 = sch.get_block(name="W_reindex_shared.dyn_wmma.matrix_b_o", func_name="main")
sch.unannotate(block_or_loop=b261, ann_key="meta_schedule.auto_tensorize")
sch.tensorize(block_or_loop=b261, tensor_intrin="wmma_load_16x16x16_f16_b_trans_shared_dyn", preserve_unit_iters=True)
b262 = sch.get_block(name="conv2d_nchw_o_update", func_name="main")
sch.unannotate(block_or_loop=b262, ann_key="meta_schedule.auto_tensorize")
sch.tensorize(block_or_loop=b262, tensor_intrin="wmma_sync_16x16x16_f16f16f16_trans", preserve_unit_iters=True)
b263 = sch.get_block(name="conv2d_nchw_reindex_pad_shared.dyn_wmma.accumulator_o", func_name="main")
sch.unannotate(block_or_loop=b263, ann_key="meta_schedule.auto_tensorize")
sch.tensorize(block_or_loop=b263, tensor_intrin="wmma_store_16x16x16_f16_shared_dyn", preserve_unit_iters=True)
2025-10-07 10:10:35 [INFO] [task_scheduler.cc:131] [Task #0: main] Trial #87: GFLOPs: 2017.8226. Time: 57.2922 us. Best GFLOPs: 7352.8072
2025-10-07 10:10:35 [INFO] [task_scheduler.cc:121] [Task #0: main] Trial #88: Error in building:
LocalBuilder: An exception occurred
Traceback (most recent call last):
  File "/workspace/tvm-dev/python/tvm/exec/popen_worker.py", line 87, in main
    result = fn(*args, **kwargs)
             ^^^^^^^^^^^^^^^^^^^
  File "/workspace/tvm-dev/python/tvm/meta_schedule/builder/local_builder.py", line 165, in <lambda>
    lambda x: _worker_func(*x),
              ^^^^^^^^^^^^^^^^
  File "/workspace/tvm-dev/python/tvm/meta_schedule/builder/local_builder.py", line 231, in _worker_func
    rt_mod: Module = f_build(mod, target, _deserialize_params(params))
                     ^^^^^^^^^^^^^^^^^^^^^^^^^^^^^^^^^^^^^^^^^^^^^^^^^
  File "/workspace/tvm-dev/python/tvm/_ffi/_ctypes/packed_func.py", line 245, in __call__
    raise_last_ffi_error()
  File "/workspace/tvm-dev/python/tvm/_ffi/base.py", line 481, in raise_last_ffi_error
    raise py_err
  File "/workspace/tvm-dev/python/tvm/meta_schedule/builder/local_builder.py", line 261, in default_build
    return tvm_build(mod, target=target)
           ^^^^^^^^^^^^^^^^^^^^^^^^^^^^^
  File "/workspace/tvm-dev/python/tvm/driver/build_module.py", line 297, in build
    rt_mod_host = _driver_ffi.tir_to_runtime(annotated_mods, target_host)
                  ^^^^^^^^^^^^^^^^^^^^^^^^^^^^^^^^^^^^^^^^^^^^^^^^^^^^^^^
  File "/workspace/tvm-dev/python/tvm/_ffi/_ctypes/packed_func.py", line 245, in __call__
    raise_last_ffi_error()
  File "/workspace/tvm-dev/python/tvm/_ffi/base.py", line 481, in raise_last_ffi_error
    raise py_err
ValueError: Traceback (most recent call last):
  34: tvm::runtime::PackedFuncObj::Extractor<tvm::runtime::PackedFuncSubObj<tvm::runtime::TypedPackedFunc<tvm::runtime::Module (tvm::runtime::Map<tvm::Target, tvm::IRModule, void, void> const&, tvm::Target)>::AssignTypedLambda<tvm::__mk_TVM24::{lambda(tvm::runtime::Map<tvm::Target, tvm::IRModule, void, void> const&, tvm::Target)#1}>(tvm::__mk_TVM24::{lambda(tvm::runtime::Map<tvm::Target, tvm::IRModule, void, void> const&, tvm::Target)#1}, std::__cxx11::basic_string<char, std::char_traits<char>, std::allocator<char> >)::{lambda(tvm::runtime::TVMArgs const&, tvm::runtime::TVMRetValue*)#1}> >::Call(tvm::runtime::PackedFuncObj const*, std::__cxx11::basic_string<char, std::char_traits<char>, std::allocator<char> >, tvm::runtime::TVMRetValue)
  33: tvm::TIRToRuntime(tvm::runtime::Map<tvm::Target, tvm::IRModule, void, void> const&, tvm::Target const&)
  32: tvm::codegen::Build(tvm::IRModule, tvm::Target)
  31: _ZN3tvm7runtime13PackedFuncObj
  30: tvm::runtime::TypedPackedFunc<tvm::runtime::Module (tvm::IRModule, tvm::Target)>::AssignTypedLambda<tvm::runtime::Module (*)(tvm::IRModule, tvm::Target)>(tvm::runtime::Module (*)(tvm::IRModule, tvm::Target), std::__cxx11::basic_string<char, std::char_traits<char>, std::allocator<char> >)::{lambda(tvm::runtime::TVMArgs const&, tvm::runtime::TVMRetValue*)#1}::operator()(tvm::runtime::TVMArgs const&, tvm::runtime::TVMRetValue*) const
  29: tvm::codegen::BuildCUDA(tvm::IRModule, tvm::Target)
  28: tvm::codegen::CodeGenC::AddFunction(tvm::GlobalVar const&, tvm::tir::PrimFunc const&)
  27: tvm::codegen::CodeGenCUDA::VisitStmt_(tvm::tir::AllocateNode const*)
  26: tvm::codegen::CodeGenCUDA::VisitStmt_(tvm::tir::AllocateNode const*)
  25: tvm::codegen::CodeGenCUDA::VisitStmt_(tvm::tir::AllocateNode const*)
  24: tvm::codegen::CodeGenCUDA::VisitStmt_(tvm::tir::AllocateNode const*)
  23: tvm::codegen::CodeGenC::VisitStmt_(tvm::tir::SeqStmtNode const*)
  22: tvm::codegen::CodeGenC::VisitStmt_(tvm::tir::ForNode const*)
  21: tvm::codegen::CodeGenC::VisitStmt_(tvm::tir::SeqStmtNode const*)
  20: tvm::codegen::CodeGenC::VisitStmt_(tvm::tir::IfThenElseNode const*)
  19: tvm::codegen::CodeGenC::VisitStmt_(tvm::tir::BufferStoreNode const*)
  18: tvm::codegen::CodeGenC::PrintExpr[abi:cxx11](tvm::PrimExpr const&)
  17: tvm::codegen::CodeGenC::VisitExpr_(tvm::tir::BufferLoadNode const*, std::ostream&)
  16: tvm::codegen::CodeGenC::PrintExpr[abi:cxx11](tvm::PrimExpr const&)
  15: void tvm::codegen::PrintBinaryExpr<tvm::tir::AddNode>(tvm::tir::AddNode const*, char const*, std::ostream&, tvm::codegen::CodeGenC*)
  14: tvm::codegen::CodeGenCUDA::PrintVecBinaryOp(std::__cxx11::basic_string<char, std::char_traits<char>, std::allocator<char> > const&, tvm::runtime::DataType, tvm::PrimExpr, tvm::PrimExpr, std::ostream&)
  13: tvm::codegen::CodeGenC::PrintExpr[abi:cxx11](tvm::PrimExpr const&)
  12: void tvm::codegen::PrintBinaryExpr<tvm::tir::AddNode>(tvm::tir::AddNode const*, char const*, std::ostream&, tvm::codegen::CodeGenC*)
  11: tvm::codegen::CodeGenCUDA::PrintVecBinaryOp(std::__cxx11::basic_string<char, std::char_traits<char>, std::allocator<char> > const&, tvm::runtime::DataType, tvm::PrimExpr, tvm::PrimExpr, std::ostream&)
  10: tvm::codegen::CodeGenC::PrintExpr[abi:cxx11](tvm::PrimExpr const&)
  9: void tvm::codegen::PrintBinaryExpr<tvm::tir::AddNode>(tvm::tir::AddNode const*, char const*, std::ostream&, tvm::codegen::CodeGenC*)
  8: tvm::codegen::CodeGenCUDA::PrintVecBinaryOp(std::__cxx11::basic_string<char, std::char_traits<char>, std::allocator<char> > const&, tvm::runtime::DataType, tvm::PrimExpr, tvm::PrimExpr, std::ostream&)
  7: tvm::codegen::CodeGenC::PrintExpr[abi:cxx11](tvm::PrimExpr const&)
  6: void tvm::codegen::PrintBinaryExpr<tvm::tir::MulNode>(tvm::tir::MulNode const*, char const*, std::ostream&, tvm::codegen::CodeGenC*)
  5: tvm::codegen::CodeGenCUDA::PrintVecBinaryOp(std::__cxx11::basic_string<char, std::char_traits<char>, std::allocator<char> > const&, tvm::runtime::DataType, tvm::PrimExpr, tvm::PrimExpr, std::ostream&)
  4: tvm::codegen::CodeGenC::PrintExpr[abi:cxx11](tvm::PrimExpr const&)
  3: void tvm::codegen::PrintBinaryExpr<tvm::tir::DivNode>(tvm::tir::DivNode const*, char const*, std::ostream&, tvm::codegen::CodeGenC*)
  2: tvm::codegen::CodeGenCUDA::PrintVecBinaryOp(std::__cxx11::basic_string<char, std::char_traits<char>, std::allocator<char> > const&, tvm::runtime::DataType, tvm::PrimExpr, tvm::PrimExpr, std::ostream&)
  1: tvm::codegen::CodeGenC::PrintExpr[abi:cxx11](tvm::PrimExpr const&)
  0: tvm::codegen::CodeGenCUDA::VisitExpr_(tvm::tir::RampNode const*, std::ostream&)
  File "/workspace/tvm-dev/src/target/source/codegen_cuda.cc", line 1204
ValueError: Check failed: lanes <= 4 (8 vs. 4) : Ramp of more than 4 lanes is not allowed.

# from tvm.script import ir as I
# from tvm.script import tir as T

@I.ir_module
class Module:
    @T.prim_func
    def main(A: T.Buffer((1, 128, 28, 28), "float16"), W: T.Buffer((256, 128, 3, 3), "float16"), conv2d_nchw: T.Buffer((1, 256, 14, 14), "float16")):
        T.func_attr({"tir.noalias": T.bool(True)})
        # with T.block("root"):
        conv2d_nchw_reindex_pad_shared_dyn = T.alloc_buffer((13, 4, 1, 4, 16, 16), "float16", scope="shared.dyn")
        conv2d_nchw_reindex_pad_shared_dyn_wmma_accumulator = T.alloc_buffer((13, 4, 1, 4, 16, 16), "float16", scope="wmma.accumulator")
        pad_temp_reindex_pad_shared_dyn = T.alloc_buffer((208, 1152), "float16", scope="shared.dyn")
        W_reindex_shared_dyn = T.alloc_buffer((256, 1152), "float16", scope="shared.dyn")
        pad_temp_reindex_pad_shared_dyn_wmma_matrix_a = T.alloc_buffer((208, 1152), "float16", scope="wmma.matrix_a")
        W_reindex_shared_dyn_wmma_matrix_b = T.alloc_buffer((256, 1152), "float16", scope="wmma.matrix_b")
        for ax0_0_0_ax1_0_0_fused in T.thread_binding(2, thread="blockIdx.y"):
            for ax0_0_1_ax1_0_1_fused in T.thread_binding(2, thread="blockIdx.x"):
                for ax0_0_2_ax1_0_2_fused in T.thread_binding(13, thread="threadIdx.y"):
                    for ax0_0_3_init, ax1_0_3_init, ax0_0_4_init, ax1_0_4_init in T.grid(1, 1, 1, 4):
                        with T.block("conv2d_nchw_o_init"):
                            v0_o = T.axis.spatial(13, ax0_0_2_ax1_0_2_fused + ax0_0_3_init + ax0_0_4_init)
                            v1_o = T.axis.spatial(16, ax0_0_0_ax1_0_0_fused * 8 + ax0_0_1_ax1_0_1_fused * 4 + ax1_0_3_init * 4 + ax1_0_4_init)
                            T.reads()
                            T.writes(conv2d_nchw_reindex_pad_shared_dyn_wmma_accumulator[v0_o, v1_o // 4, 0, v1_o % 4, 0:16, 0:16])
                            T.block_attr({"meta_schedule.thread_extent_high_inclusive": 1024, "meta_schedule.thread_extent_low_inclusive": 32, "warp_execution": 1})
                            C = T.match_buffer(conv2d_nchw_reindex_pad_shared_dyn_wmma_accumulator[v0_o, v1_o // 4, 0, v1_o % 4, 0:16, 0:16], (16, 16), "float16", strides=("C_s0", "C_s1"), scope="wmma.accumulator", offset_factor=16)
                            T.tvm_fill_fragment(C.data, 16, 16, 16, C.elem_offset // C.strides[0] // 16 * (C.strides[0] // 16) + C.elem_offset % C.strides[0] // 16, T.float32(0.0))
                    for ax2_0_0 in range(72):
                        for ax0_ax1_fused_0 in range(4):
                            for ax0_ax1_fused_1 in T.thread_binding(13, thread="threadIdx.y"):
                                for ax0_ax1_fused_2 in T.thread_binding(32, thread="threadIdx.x"):
                                    for ax0_ax1_fused_3 in T.vectorized(2):
                                        with T.block("pad_temp_reindex_pad_shared.dyn"):
                                            v0 = T.axis.spatial(208, (ax0_ax1_fused_0 * 832 + ax0_ax1_fused_1 * 64 + ax0_ax1_fused_2 * 2 + ax0_ax1_fused_3) // 16)
                                            v1 = T.axis.spatial(1152, ax2_0_0 * 16 + (ax0_ax1_fused_0 * 832 + ax0_ax1_fused_1 * 64 + ax0_ax1_fused_2 * 2 + ax0_ax1_fused_3) % 16)
                                            T.reads(A[0, v1 // 9, v0 // 14 * 2 + v1 % 9 // 3 - 1, v0 % 14 * 2 + v1 % 3 - 1])
                                            T.writes(pad_temp_reindex_pad_shared_dyn[v0, v1])
                                            T.block_attr({"buffer_dim_align": [[0, 0, 32, 8]]})
                                            pad_temp_reindex_pad_shared_dyn[v0, v1] = T.if_then_else(v0 < 196, T.if_then_else(1 <= v0 // 14 * 2 + v1 % 9 // 3 and v0 // 14 * 2 + v1 % 9 // 3 < 29 and 1 <= v0 % 14 * 2 + v1 % 3 and v0 % 14 * 2 + v1 % 3 < 29, A[0, v1 // 9, v0 // 14 * 2 + v1 % 9 // 3 - 1, v0 % 14 * 2 + v1 % 3 - 1], T.float16(0.0)), T.float16(0.0))
                        for ax0_ax1_fused_0 in range(1):
                            for ax0_ax1_fused_1 in T.thread_binding(13, thread="threadIdx.y"):
                                for ax0_ax1_fused_2 in T.thread_binding(32, thread="threadIdx.x"):
                                    for ax0_ax1_fused_3 in T.vectorized(8):
                                        with T.block("W_reindex_shared.dyn"):
                                            v0 = T.axis.spatial(256, ax0_0_0_ax1_0_0_fused * 128 + ax0_0_1_ax1_0_1_fused * 64 + (ax0_ax1_fused_0 * 3328 + ax0_ax1_fused_1 * 256 + ax0_ax1_fused_2 * 8 + ax0_ax1_fused_3) // 16)
                                            v1 = T.axis.spatial(1152, ax2_0_0 * 16 + (ax0_ax1_fused_0 * 3328 + ax0_ax1_fused_1 * 256 + ax0_ax1_fused_2 * 8 + ax0_ax1_fused_3) % 16)
                                            T.where(((ax0_ax1_fused_0 * 13 + ax0_ax1_fused_1) * 32 + ax0_ax1_fused_2) * 8 + ax0_ax1_fused_3 < 1024)
                                            T.reads(W[v0, v1 // 9, v1 % 9 // 3, v1 % 3])
                                            T.writes(W_reindex_shared_dyn[v0, v1])
                                            T.block_attr({"buffer_dim_align": [[0, 0, 32, 8]]})
                                            W_reindex_shared_dyn[v0, v1] = W[v0, v1 // 9, v1 % 9 // 3, v1 % 3]
                        for ax2_0_1 in range(1):
                            for ax0_0, ax1_0 in T.grid(1, 1):
                                with T.block("pad_temp_reindex_pad_shared.dyn_wmma.matrix_a_o"):
                                    v0_o = T.axis.spatial(13, ax0_0_2_ax1_0_2_fused + ax0_0)
                                    v1_o = T.axis.spatial(72, ax2_0_0 + ax1_0)
                                    T.reads(pad_temp_reindex_pad_shared_dyn[v0_o * 16:v0_o * 16 + 16, v1_o * 16:v1_o * 16 + 16])
                                    T.writes(pad_temp_reindex_pad_shared_dyn_wmma_matrix_a[v0_o * 16:v0_o * 16 + 16, v1_o * 16:v1_o * 16 + 16])
                                    A_1 = T.match_buffer(pad_temp_reindex_pad_shared_dyn[v0_o * 16:v0_o * 16 + 16, v1_o * 16:v1_o * 16 + 16], (16, 16), "float16", strides=("A_s0", "A_s1"), scope="shared.dyn", offset_factor=16)
                                    C = T.match_buffer(pad_temp_reindex_pad_shared_dyn_wmma_matrix_a[v0_o * 16:v0_o * 16 + 16, v1_o * 16:v1_o * 16 + 16], (16, 16), "float16", strides=("C_s0", "C_s1"), scope="wmma.matrix_a", offset_factor=16)
                                    T.tvm_load_matrix_sync(C.data, 16, 16, 16, C.elem_offset // C.strides[0] // 16 * (C.strides[0] // 16) + C.elem_offset % C.strides[0] // 16, T.tvm_access_ptr(T.type_annotation("float16"), A_1.data, A_1.elem_offset, A_1.strides[0] * 16, 1), A_1.strides[0], "row_major")
                            for ax0_0, ax1_0 in T.grid(4, 1):
                                with T.block("W_reindex_shared.dyn_wmma.matrix_b_o"):
                                    v0_o = T.axis.spatial(16, ax0_0_0_ax1_0_0_fused * 8 + ax0_0_1_ax1_0_1_fused * 4 + ax0_0)
                                    v1_o = T.axis.spatial(72, ax2_0_0 + ax1_0)
                                    T.reads(W_reindex_shared_dyn[v0_o * 16:v0_o * 16 + 16, v1_o * 16:v1_o * 16 + 16])
                                    T.writes(W_reindex_shared_dyn_wmma_matrix_b[v0_o * 16:v0_o * 16 + 16, v1_o * 16:v1_o * 16 + 16])
                                    A_1 = T.match_buffer(W_reindex_shared_dyn[v0_o * 16:v0_o * 16 + 16, v1_o * 16:v1_o * 16 + 16], (16, 16), "float16", strides=("A_s0", "A_s1"), scope="shared.dyn", offset_factor=16)
                                    C = T.match_buffer(W_reindex_shared_dyn_wmma_matrix_b[v0_o * 16:v0_o * 16 + 16, v1_o * 16:v1_o * 16 + 16], (16, 16), "float16", strides=("C_s0", "C_s1"), scope="wmma.matrix_b", offset_factor=16)
                                    T.tvm_load_matrix_sync(C.data, 16, 16, 16, C.elem_offset // C.strides[0] // 16 * (C.strides[0] // 16) + C.elem_offset % C.strides[0] // 16, T.tvm_access_ptr(T.type_annotation("float16"), A_1.data, A_1.elem_offset, A_1.strides[0] * 16, 1), A_1.strides[0], "col_major")
                            for ax0_0_3, ax1_0_3, ax2_0_2, ax0_0_4, ax1_0_4 in T.grid(1, 1, 1, 1, 4):
                                with T.block("conv2d_nchw_o_update"):
                                    v0_o = T.axis.spatial(13, ax0_0_2_ax1_0_2_fused + ax0_0_3 + ax0_0_4)
                                    v1_o = T.axis.spatial(16, ax0_0_0_ax1_0_0_fused * 8 + ax0_0_1_ax1_0_1_fused * 4 + ax1_0_3 * 4 + ax1_0_4)
                                    v2_o = T.axis.reduce(72, ax2_0_0 + ax2_0_1 + ax2_0_2)
                                    T.reads(conv2d_nchw_reindex_pad_shared_dyn_wmma_accumulator[v0_o, v1_o // 4, 0, v1_o % 4, 0:16, 0:16], pad_temp_reindex_pad_shared_dyn_wmma_matrix_a[v0_o * 16:v0_o * 16 + 16, v2_o * 16:v2_o * 16 + 16], W_reindex_shared_dyn_wmma_matrix_b[v1_o * 16:v1_o * 16 + 16, v2_o * 16:v2_o * 16 + 16])
                                    T.writes(conv2d_nchw_reindex_pad_shared_dyn_wmma_accumulator[v0_o, v1_o // 4, 0, v1_o % 4, 0:16, 0:16])
                                    T.block_attr({"meta_schedule.thread_extent_high_inclusive": 1024, "meta_schedule.thread_extent_low_inclusive": 32, "warp_execution": 1})
                                    A_1 = T.match_buffer(pad_temp_reindex_pad_shared_dyn_wmma_matrix_a[v0_o * 16:v0_o * 16 + 16, v2_o * 16:v2_o * 16 + 16], (16, 16), "float16", strides=("A_s0", "A_s1"), scope="wmma.matrix_a", offset_factor=16)
                                    B = T.match_buffer(W_reindex_shared_dyn_wmma_matrix_b[v1_o * 16:v1_o * 16 + 16, v2_o * 16:v2_o * 16 + 16], (16, 16), "float16", strides=("B_s0", "B_s1"), scope="wmma.matrix_b", offset_factor=16)
                                    C = T.match_buffer(conv2d_nchw_reindex_pad_shared_dyn_wmma_accumulator[v0_o, v1_o // 4, 0, v1_o % 4, 0:16, 0:16], (16, 16), "float16", strides=("C_s0", "C_s1"), scope="wmma.accumulator", offset_factor=16)
                                    T.tvm_mma_sync(C.data, C.elem_offset // C.strides[0] // 16 * (C.strides[0] // 16) + C.elem_offset % C.strides[0] // 16, A_1.data, A_1.elem_offset // A_1.strides[0] // 16 * (A_1.strides[0] // 16) + A_1.elem_offset % A_1.strides[0] // 16, B.data, B.elem_offset // B.strides[0] // 16 * (B.strides[0] // 16) + B.elem_offset % B.strides[0] // 16, C.data, C.elem_offset // C.strides[0] // 16 * (C.strides[0] // 16) + C.elem_offset % C.strides[0] // 16)
                for ax2 in range(1):
                    for ax0_ax1_fused in T.thread_binding(13, thread="threadIdx.y"):
                        for ax2_1, ax3 in T.grid(1, 4):
                            with T.block("conv2d_nchw_reindex_pad_shared.dyn_wmma.accumulator_o"):
                                v0_o = T.axis.spatial(13, ax0_ax1_fused)
                                v1_o = T.axis.spatial(4, ax0_0_0_ax1_0_0_fused * 2 + ax0_0_1_ax1_0_1_fused)
                                v2_o, v3_o = T.axis.remap("SS", [ax2_1, ax3])
                                v4_o = T.axis.spatial(1, 0)
                                v5_o = T.axis.spatial(1, 0)
                                T.reads(conv2d_nchw_reindex_pad_shared_dyn_wmma_accumulator[v0_o, v1_o, v2_o, v3_o, 0:16, 0:16])
                                T.writes(conv2d_nchw_reindex_pad_shared_dyn[v0_o, v1_o, v2_o, v3_o, 0:16, 0:16])
                                A_1 = T.match_buffer(conv2d_nchw_reindex_pad_shared_dyn_wmma_accumulator[v0_o, v1_o, v2_o, v3_o, 0:16, 0:16], (16, 16), "float16", strides=("A_s0", "A_s1"), scope="wmma.accumulator", offset_factor=16)
                                C = T.match_buffer(conv2d_nchw_reindex_pad_shared_dyn[v0_o, v1_o, v2_o, v3_o, 0:16, 0:16], (16, 16), "float16", strides=("C_s0", "C_s1"), scope="shared.dyn", offset_factor=16)
                                T.tvm_store_matrix_sync(A_1.data, 16, 16, 16, A_1.elem_offset // A_1.strides[0] // 16 * (A_1.strides[0] // 16) + A_1.elem_offset % A_1.strides[0] // 16, T.tvm_access_ptr(T.type_annotation("float16"), C.data, C.elem_offset, C.strides[0] * 16, 2), C.strides[0], "row_major")
                    for ax0_ax1_ax3_ax4_ax5_fused_0 in range(32):
                        for ax0_ax1_ax3_ax4_ax5_fused_1 in T.thread_binding(13, thread="threadIdx.y"):
                            for ax0_ax1_ax3_ax4_ax5_fused_2 in T.thread_binding(32, thread="threadIdx.x"):
                                with T.block("conv2d_nchw_reindex_pad_shared.dyn"):
                                    v0 = T.axis.spatial(13, (ax0_ax1_ax3_ax4_ax5_fused_0 * 416 + ax0_ax1_ax3_ax4_ax5_fused_1 * 32 + ax0_ax1_ax3_ax4_ax5_fused_2) // 1024)
                                    v1 = T.axis.spatial(4, ax0_0_0_ax1_0_0_fused * 2 + ax0_0_1_ax1_0_1_fused)
                                    v2 = T.axis.spatial(1, ax2)
                                    v3 = T.axis.spatial(4, (ax0_ax1_ax3_ax4_ax5_fused_0 * 416 + ax0_ax1_ax3_ax4_ax5_fused_1 * 32 + ax0_ax1_ax3_ax4_ax5_fused_2) % 1024 // 256)
                                    v4 = T.axis.spatial(16, (ax0_ax1_ax3_ax4_ax5_fused_0 * 416 + ax0_ax1_ax3_ax4_ax5_fused_1 * 32 + ax0_ax1_ax3_ax4_ax5_fused_2) % 256 // 16)
                                    v5 = T.axis.spatial(16, (ax0_ax1_ax3_ax4_ax5_fused_0 * 416 + ax0_ax1_ax3_ax4_ax5_fused_1 * 32 + ax0_ax1_ax3_ax4_ax5_fused_2) % 16)
                                    T.where(((ax0_ax1_ax3_ax4_ax5_fused_0 * 13 + ax0_ax1_ax3_ax4_ax5_fused_1) * 32 + ax0_ax1_ax3_ax4_ax5_fused_2) // 1024 * 16 + ((ax0_ax1_ax3_ax4_ax5_fused_0 * 13 + ax0_ax1_ax3_ax4_ax5_fused_1) * 32 + ax0_ax1_ax3_ax4_ax5_fused_2) % 256 // 16 < 196)
                                    T.reads(conv2d_nchw_reindex_pad_shared_dyn[v0, v1, v2, v3, v4, v5])
                                    T.writes(conv2d_nchw[0, v5 + v3 * 16 + v1 * 64, (v4 + v0 * 16) // 14, (v4 + v0 * 16) % 14])
                                    conv2d_nchw[0, v5 + v3 * 16 + v1 * 64, (v4 + v0 * 16) // 14, (v4 + v0 * 16) % 14] = conv2d_nchw_reindex_pad_shared_dyn[v0, v1, v2, v3, v4, v5]
b0 = sch.get_block(name="pad_temp", func_name="main")
b1 = sch.get_block(name="conv2d_nchw", func_name="main")
b2 = sch.get_block(name="root", func_name="main")
sch.annotate(block_or_loop=b1, ann_key="meta_schedule.tiling_structure", ann_val="SSSRRSRS")
b3 = sch.reindex(block=b1, buffer=("write", 0))
b4 = sch.reindex(block=b1, buffer=("read", 0))
b5 = sch.reindex(block=b1, buffer=("read", 1))
sch.transform_layout(block=b1, buffer=("read", 0), index_map=lambda v_nn, v_yy, v_xx, v_rc, v_ry, v_rx: (v_nn * 196 + v_yy * 14 + v_xx, v_rc * 9 + v_ry * 3 + v_rx,), pad_value=None, assume_injective_transform=True)
sch.transform_layout(block=b1, buffer=("read", 1), index_map=lambda v_ff, v_rc, v_ry, v_rx: (v_ff, v_rc * 9 + v_ry * 3 + v_rx,), pad_value=None, assume_injective_transform=True)
sch.transform_layout(block=b1, buffer=("write", 0), index_map=lambda v_nn, v_ff, v_yy, v_xx: (v_nn * 196 + v_yy * 14 + v_xx, v_ff,), pad_value=None, assume_injective_transform=True)
sch.transform_block_layout(block=b3, index_map=lambda v_nn, v_ff, v_yy, v_xx: (v_nn * 196 + v_yy * 14 + v_xx, v_ff,))
sch.transform_block_layout(block=b4, index_map=lambda v_nn, v_yy, v_xx, v_rc, v_ry, v_rx: (v_nn * 196 + v_yy * 14 + v_xx, v_rc * 9 + v_ry * 3 + v_rx,))
sch.transform_block_layout(block=b5, index_map=lambda v_ff, v_rc, v_ry, v_rx: (v_ff, v_rc * 9 + v_ry * 3 + v_rx,))
sch.transform_block_layout(block=b1, index_map=lambda v_nn, v_ff, v_yy, v_xx, v_rc, v_ry, v_rx: (v_nn * 196 + v_yy * 14 + v_xx, v_ff, v_rc * 9 + v_ry * 3 + v_rx,))
sch.pad_einsum(block=b1, padding=[16, 1, 1])
b6, b7 = sch.get_producers(block=b1)
b8, = sch.get_producers(block=b6)
b9, = sch.get_consumers(block=b1)
sch.compute_inline(block=b8)
sch.compute_inline(block=b9)
l10, l11, l12 = sch.get_loops(block=b1)
l13, l14 = sch.split(loop=l12, factors=[None, 16], preserve_unit_iters=True, disable_predication=False)
l15, l16 = sch.split(loop=l11, factors=[None, 16], preserve_unit_iters=True, disable_predication=False)
l17, l18 = sch.split(loop=l10, factors=[None, 16], preserve_unit_iters=True, disable_predication=False)
l19, l20, l21, l22, l23, l24 = sch.get_loops(block=b1)
sch.reorder(l21, l23, l18, l16, l14)
b25 = sch.blockize(target=l18, preserve_unit_iters=True)
sch.annotate(block_or_loop=b25, ann_key="meta_schedule.auto_tensorize", ann_val="wmma_sync_16x16x16_f16f16f16_trans")
sch.annotate(block_or_loop=b25, ann_key="meta_schedule.auto_tensorize_init", ann_val="wmma_fill_16x16x16_f16")
sch.annotate(block_or_loop=b25, ann_key="warp_execution", ann_val=1)
l26, l27, l28 = sch.get_loops(block=b25)
v29, v30, v31, v32, v33 = sch.sample_perfect_tile(loop=l26, n=5, max_innermost_factor=4, decision=[1, 1, 13, 1, 1])
l34, l35, l36, l37, l38 = sch.split(loop=l26, factors=[v29, v30, v31, v32, v33], preserve_unit_iters=True, disable_predication=False)
v39, v40, v41, v42, v43 = sch.sample_perfect_tile(loop=l27, n=5, max_innermost_factor=4, decision=[2, 2, 1, 1, 4])
l44, l45, l46, l47, l48 = sch.split(loop=l27, factors=[v39, v40, v41, v42, v43], preserve_unit_iters=True, disable_predication=False)
v49, v50, v51 = sch.sample_perfect_tile(loop=l28, n=3, max_innermost_factor=4, decision=[72, 1, 1])
l52, l53, l54 = sch.split(loop=l28, factors=[v49, v50, v51], preserve_unit_iters=True, disable_predication=False)
sch.reorder(l34, l44, l35, l45, l36, l46, l52, l53, l37, l47, l54, l38, l48)
l55 = sch.fuse(l34, l44, preserve_unit_iters=True)
sch.bind(loop=l55, thread_axis="blockIdx.y")
l56 = sch.fuse(l35, l45, preserve_unit_iters=True)
sch.bind(loop=l56, thread_axis="blockIdx.x")
l57 = sch.fuse(l36, l46, preserve_unit_iters=True)
sch.bind(loop=l57, thread_axis="threadIdx.y")
sch.annotate(block_or_loop=b25, ann_key="meta_schedule.thread_extent_low_inclusive", ann_val=32)
sch.annotate(block_or_loop=b25, ann_key="meta_schedule.thread_extent_high_inclusive", ann_val=1024)
sch.transform_layout(block=b25, buffer=("write", 0), index_map=lambda i0, i1: (i0 // 16 // (v32 * v33), i1 // 16 // (v42 * v43), i0 // 16 % (v32 * v33), i1 // 16 % (v42 * v43), i0 % 16, i1 % 16,), pad_value=None, assume_injective_transform=True)
b58 = sch.cache_write(block=b25, write_buffer_index=0, storage_scope="shared.dyn")
sch.reverse_compute_at(block=b58, loop=l56, preserve_unit_loops=True, index=-1)
b59 = sch.cache_write(block=b25, write_buffer_index=0, storage_scope="wmma.accumulator")
l60, l61, l62, l63, l64, l65, l66, l67 = sch.get_loops(block=b58)
sch.reorder(l64, l62, l63, l65)
sch.compute_at(block=b59, loop=l64, preserve_unit_loops=True, index=-1)
l68, l69, l70, l71, l72, l73, l74, l75, l76 = sch.get_loops(block=b59)
l77 = sch.fuse(l71, l72, preserve_unit_iters=True)
sch.bind(loop=l77, thread_axis="threadIdx.y")
sch.reverse_compute_inline(block=b3)
l78, l79, l80, l81, l82, l83, l84, l85 = sch.get_loops(block=b59)
b86 = sch.blockize(target=l84, preserve_unit_iters=True)
sch.annotate(block_or_loop=b86, ann_key="meta_schedule.auto_tensorize", ann_val="wmma_store_16x16x16_f16_shared_dyn")
l87, l88, l89, l90, l91, l92, l93, l94 = sch.get_loops(block=b58)
l95 = sch.fuse(l90, l91, l92, l93, l94, preserve_unit_iters=True)
v96 = sch.sample_categorical(candidates=[1, 2, 4, 8], probs=[0.25, 0.25, 0.25, 0.25], decision=0)
sch.annotate(block_or_loop=b58, ann_key="meta_schedule.cooperative_fetch", ann_val=v96)
b97 = sch.cache_read(block=b25, read_buffer_index=0, storage_scope="shared.dyn", consumer_blocks=[b25])
sch.compute_at(block=b97, loop=l52, preserve_unit_loops=True, index=-1)
l98, l99, l100, l101, l102, l103 = sch.get_loops(block=b97)
l104 = sch.fuse(l102, l103, preserve_unit_iters=True)
v105 = sch.sample_categorical(candidates=[1, 2, 4, 8], probs=[0.25, 0.25, 0.25, 0.25], decision=1)
sch.annotate(block_or_loop=b97, ann_key="meta_schedule.cooperative_fetch", ann_val=v105)
b106 = sch.cache_read(block=b25, read_buffer_index=1, storage_scope="shared.dyn", consumer_blocks=[b25])
sch.compute_at(block=b106, loop=l52, preserve_unit_loops=True, index=-1)
l107, l108, l109, l110, l111, l112 = sch.get_loops(block=b106)
l113 = sch.fuse(l111, l112, preserve_unit_iters=True)
v114 = sch.sample_categorical(candidates=[1, 2, 4, 8], probs=[0.25, 0.25, 0.25, 0.25], decision=3)
sch.annotate(block_or_loop=b106, ann_key="meta_schedule.cooperative_fetch", ann_val=v114)
b115 = sch.cache_read(block=b25, read_buffer_index=0, storage_scope="wmma.matrix_a")
sch.compute_at(block=b115, loop=l53, preserve_unit_loops=True, index=-1)
l116, l117, l118, l119, l120, l121, l122 = sch.get_loops(block=b115)
l123, l124 = sch.split(loop=l122, factors=[None, 16], preserve_unit_iters=True, disable_predication=False)
l125, l126 = sch.split(loop=l121, factors=[None, 16], preserve_unit_iters=True, disable_predication=False)
l127, l128, l129, l130, l131, l132, l133, l134, l135 = sch.get_loops(block=b115)
sch.reorder(l134, l126, l124)
b136 = sch.blockize(target=l126, preserve_unit_iters=True)
sch.annotate(block_or_loop=b136, ann_key="meta_schedule.auto_tensorize", ann_val="wmma_load_16x16x16_f16_a_shared_dyn")
b137 = sch.cache_read(block=b25, read_buffer_index=1, storage_scope="wmma.matrix_b")
sch.compute_at(block=b137, loop=l53, preserve_unit_loops=True, index=-1)
l138, l139, l140, l141, l142, l143, l144 = sch.get_loops(block=b137)
l145, l146 = sch.split(loop=l144, factors=[None, 16], preserve_unit_iters=True, disable_predication=False)
l147, l148 = sch.split(loop=l143, factors=[None, 16], preserve_unit_iters=True, disable_predication=False)
l149, l150, l151, l152, l153, l154, l155, l156, l157 = sch.get_loops(block=b137)
sch.reorder(l156, l148, l146)
b158 = sch.blockize(target=l148, preserve_unit_iters=True)
sch.annotate(block_or_loop=b158, ann_key="meta_schedule.auto_tensorize", ann_val="wmma_load_16x16x16_f16_b_trans_shared_dyn")
b159, = sch.get_producers(block=b97)
sch.compute_inline(block=b159)
sch.storage_align(block=b97, buffer_index=0, axis=-2, factor=32, offset=8)
b160, = sch.get_producers(block=b106)
sch.compute_inline(block=b160)
sch.storage_align(block=b106, buffer_index=0, axis=-2, factor=32, offset=8)
sch.compute_inline(block=b0)
v161 = sch.sample_categorical(candidates=[0, 16, 64, 512, 1024], probs=[0.20000000000000001, 0.20000000000000001, 0.20000000000000001, 0.20000000000000001, 0.20000000000000001], decision=0)
sch.annotate(block_or_loop=b2, ann_key="meta_schedule.unroll_explicit", ann_val=v161)
sch.enter_postproc()
sch.unannotate(block_or_loop=b58, ann_key="meta_schedule.cooperative_fetch")
l162, l163, l164, l165 = sch.get_loops(block=b58)
l166, l167, l168 = sch.split(loop=l165, factors=[None, 13, 32], preserve_unit_iters=True, disable_predication=False)
sch.bind(loop=l168, thread_axis="threadIdx.x")
sch.bind(loop=l167, thread_axis="threadIdx.y")
sch.unannotate(block_or_loop=b97, ann_key="meta_schedule.cooperative_fetch")
l169, l170, l171, l172, l173 = sch.get_loops(block=b97)
l174, l175, l176, l177 = sch.split(loop=l173, factors=[None, 13, 32, 2], preserve_unit_iters=True, disable_predication=False)
sch.vectorize(loop=l177)
sch.bind(loop=l176, thread_axis="threadIdx.x")
sch.bind(loop=l175, thread_axis="threadIdx.y")
sch.unannotate(block_or_loop=b106, ann_key="meta_schedule.cooperative_fetch")
l178, l179, l180, l181, l182 = sch.get_loops(block=b106)
l183, l184, l185, l186 = sch.split(loop=l182, factors=[None, 13, 32, 8], preserve_unit_iters=True, disable_predication=False)
sch.vectorize(loop=l186)
sch.bind(loop=l185, thread_axis="threadIdx.x")
sch.bind(loop=l184, thread_axis="threadIdx.y")
b187 = sch.get_block(name="root", func_name="main")
sch.unannotate(block_or_loop=b187, ann_key="meta_schedule.unroll_explicit")
b188, b189, b190, b191, b192, b193, b194 = sch.get_child_blocks(b187)
l195, l196, l197, l198, l199, l200, l201, l202 = sch.get_loops(block=b188)
l203, l204, l205, l206, l207, l208, l209, l210 = sch.get_loops(block=b189)
l211, l212, l213, l214, l215, l216, l217 = sch.get_loops(block=b190)
l218, l219, l220, l221, l222, l223, l224 = sch.get_loops(block=b191)
l225, l226, l227, l228, l229, l230, l231, l232, l233, l234 = sch.get_loops(block=b192)
l235, l236, l237, l238, l239, l240 = sch.get_loops(block=b193)
l241, l242, l243, l244, l245, l246 = sch.get_loops(block=b194)
b247 = sch.get_block(name="conv2d_nchw_o", func_name="main")
l248, l249, l250, l251, l252, l253, l254, l255, l256, l257 = sch.get_loops(block=b247)
b258 = sch.decompose_reduction(block=b247, loop=l251)
sch.unannotate(block_or_loop=b258, ann_key="meta_schedule.auto_tensorize")
sch.annotate(block_or_loop=b258, ann_key="meta_schedule.auto_tensorize", ann_val="wmma_fill_16x16x16_f16")
sch.unannotate(block_or_loop=b247, ann_key="meta_schedule.auto_tensorize_init")
sch.unannotate(block_or_loop=b258, ann_key="meta_schedule.auto_tensorize_init")
b259 = sch.get_block(name="conv2d_nchw_o_init", func_name="main")
sch.unannotate(block_or_loop=b259, ann_key="meta_schedule.auto_tensorize")
sch.tensorize(block_or_loop=b259, tensor_intrin="wmma_fill_16x16x16_f16", preserve_unit_iters=True)
b260 = sch.get_block(name="pad_temp_reindex_pad_shared.dyn_wmma.matrix_a_o", func_name="main")
sch.unannotate(block_or_loop=b260, ann_key="meta_schedule.auto_tensorize")
sch.tensorize(block_or_loop=b260, tensor_intrin="wmma_load_16x16x16_f16_a_shared_dyn", preserve_unit_iters=True)
b261 = sch.get_block(name="W_reindex_shared.dyn_wmma.matrix_b_o", func_name="main")
sch.unannotate(block_or_loop=b261, ann_key="meta_schedule.auto_tensorize")
sch.tensorize(block_or_loop=b261, tensor_intrin="wmma_load_16x16x16_f16_b_trans_shared_dyn", preserve_unit_iters=True)
b262 = sch.get_block(name="conv2d_nchw_o_update", func_name="main")
sch.unannotate(block_or_loop=b262, ann_key="meta_schedule.auto_tensorize")
sch.tensorize(block_or_loop=b262, tensor_intrin="wmma_sync_16x16x16_f16f16f16_trans", preserve_unit_iters=True)
b263 = sch.get_block(name="conv2d_nchw_reindex_pad_shared.dyn_wmma.accumulator_o", func_name="main")
sch.unannotate(block_or_loop=b263, ann_key="meta_schedule.auto_tensorize")
sch.tensorize(block_or_loop=b263, tensor_intrin="wmma_store_16x16x16_f16_shared_dyn", preserve_unit_iters=True)
2025-10-07 10:10:35 [INFO] [task_scheduler.cc:131] [Task #0: main] Trial #89: GFLOPs: 903.8404. Time: 127.9048 us. Best GFLOPs: 7352.8072
2025-10-07 10:10:35 [INFO] [task_scheduler.cc:121] [Task #0: main] Trial #90: Error in building:
LocalBuilder: An exception occurred
Traceback (most recent call last):
  File "/workspace/tvm-dev/python/tvm/exec/popen_worker.py", line 87, in main
    result = fn(*args, **kwargs)
             ^^^^^^^^^^^^^^^^^^^
  File "/workspace/tvm-dev/python/tvm/meta_schedule/builder/local_builder.py", line 165, in <lambda>
    lambda x: _worker_func(*x),
              ^^^^^^^^^^^^^^^^
  File "/workspace/tvm-dev/python/tvm/meta_schedule/builder/local_builder.py", line 231, in _worker_func
    rt_mod: Module = f_build(mod, target, _deserialize_params(params))
                     ^^^^^^^^^^^^^^^^^^^^^^^^^^^^^^^^^^^^^^^^^^^^^^^^^
  File "/workspace/tvm-dev/python/tvm/_ffi/_ctypes/packed_func.py", line 245, in __call__
    raise_last_ffi_error()
  File "/workspace/tvm-dev/python/tvm/_ffi/base.py", line 481, in raise_last_ffi_error
    raise py_err
  File "/workspace/tvm-dev/python/tvm/meta_schedule/builder/local_builder.py", line 261, in default_build
    return tvm_build(mod, target=target)
           ^^^^^^^^^^^^^^^^^^^^^^^^^^^^^
  File "/workspace/tvm-dev/python/tvm/driver/build_module.py", line 297, in build
    rt_mod_host = _driver_ffi.tir_to_runtime(annotated_mods, target_host)
                  ^^^^^^^^^^^^^^^^^^^^^^^^^^^^^^^^^^^^^^^^^^^^^^^^^^^^^^^
  File "/workspace/tvm-dev/python/tvm/_ffi/_ctypes/packed_func.py", line 245, in __call__
    raise_last_ffi_error()
  File "/workspace/tvm-dev/python/tvm/_ffi/base.py", line 481, in raise_last_ffi_error
    raise py_err
ValueError: Traceback (most recent call last):
  31: tvm::runtime::PackedFuncObj::Extractor<tvm::runtime::PackedFuncSubObj<tvm::runtime::TypedPackedFunc<tvm::runtime::Module (tvm::runtime::Map<tvm::Target, tvm::IRModule, void, void> const&, tvm::Target)>::AssignTypedLambda<tvm::__mk_TVM24::{lambda(tvm::runtime::Map<tvm::Target, tvm::IRModule, void, void> const&, tvm::Target)#1}>(tvm::__mk_TVM24::{lambda(tvm::runtime::Map<tvm::Target, tvm::IRModule, void, void> const&, tvm::Target)#1}, std::__cxx11::basic_string<char, std::char_traits<char>, std::allocator<char> >)::{lambda(tvm::runtime::TVMArgs const&, tvm::runtime::TVMRetValue*)#1}> >::Call(tvm::runtime::PackedFuncObj const*, std::__cxx11::basic_string<char, std::char_traits<char>, std::allocator<char> >, tvm::runtime::TVMRetValue)
  30: tvm::TIRToRuntime(tvm::runtime::Map<tvm::Target, tvm::IRModule, void, void> const&, tvm::Target const&)
  29: tvm::codegen::Build(tvm::IRModule, tvm::Target)
  28: _ZN3tvm7runtime13PackedFuncObj
  27: tvm::runtime::TypedPackedFunc<tvm::runtime::Module (tvm::IRModule, tvm::Target)>::AssignTypedLambda<tvm::runtime::Module (*)(tvm::IRModule, tvm::Target)>(tvm::runtime::Module (*)(tvm::IRModule, tvm::Target), std::__cxx11::basic_string<char, std::char_traits<char>, std::allocator<char> >)::{lambda(tvm::runtime::TVMArgs const&, tvm::runtime::TVMRetValue*)#1}::operator()(tvm::runtime::TVMArgs const&, tvm::runtime::TVMRetValue*) const
  26: tvm::codegen::BuildCUDA(tvm::IRModule, tvm::Target)
  25: tvm::codegen::CodeGenC::AddFunction(tvm::GlobalVar const&, tvm::tir::PrimFunc const&)
  24: tvm::codegen::CodeGenCUDA::VisitStmt_(tvm::tir::AllocateNode const*)
  23: tvm::codegen::CodeGenCUDA::VisitStmt_(tvm::tir::AllocateNode const*)
  22: tvm::codegen::CodeGenCUDA::VisitStmt_(tvm::tir::AllocateNode const*)
  21: tvm::codegen::CodeGenCUDA::VisitStmt_(tvm::tir::AllocateNode const*)
  20: tvm::codegen::CodeGenC::VisitStmt_(tvm::tir::SeqStmtNode const*)
  19: tvm::codegen::CodeGenC::VisitStmt_(tvm::tir::BufferStoreNode const*)
  18: tvm::codegen::CodeGenC::PrintExpr[abi:cxx11](tvm::PrimExpr const&)
  17: tvm::codegen::CodeGenC::VisitExpr_(tvm::tir::BufferLoadNode const*, std::ostream&)
  16: tvm::codegen::CodeGenC::PrintExpr[abi:cxx11](tvm::PrimExpr const&)
  15: void tvm::codegen::PrintBinaryExpr<tvm::tir::AddNode>(tvm::tir::AddNode const*, char const*, std::ostream&, tvm::codegen::CodeGenC*)
  14: tvm::codegen::CodeGenCUDA::PrintVecBinaryOp(std::__cxx11::basic_string<char, std::char_traits<char>, std::allocator<char> > const&, tvm::runtime::DataType, tvm::PrimExpr, tvm::PrimExpr, std::ostream&)
  13: tvm::codegen::CodeGenC::PrintExpr[abi:cxx11](tvm::PrimExpr const&)
  12: void tvm::codegen::PrintBinaryExpr<tvm::tir::AddNode>(tvm::tir::AddNode const*, char const*, std::ostream&, tvm::codegen::CodeGenC*)
  11: tvm::codegen::CodeGenCUDA::PrintVecBinaryOp(std::__cxx11::basic_string<char, std::char_traits<char>, std::allocator<char> > const&, tvm::runtime::DataType, tvm::PrimExpr, tvm::PrimExpr, std::ostream&)
  10: tvm::codegen::CodeGenC::PrintExpr[abi:cxx11](tvm::PrimExpr const&)
  9: void tvm::codegen::PrintBinaryExpr<tvm::tir::AddNode>(tvm::tir::AddNode const*, char const*, std::ostream&, tvm::codegen::CodeGenC*)
  8: tvm::codegen::CodeGenCUDA::PrintVecBinaryOp(std::__cxx11::basic_string<char, std::char_traits<char>, std::allocator<char> > const&, tvm::runtime::DataType, tvm::PrimExpr, tvm::PrimExpr, std::ostream&)
  7: tvm::codegen::CodeGenC::PrintExpr[abi:cxx11](tvm::PrimExpr const&)
  6: void tvm::codegen::PrintBinaryExpr<tvm::tir::MulNode>(tvm::tir::MulNode const*, char const*, std::ostream&, tvm::codegen::CodeGenC*)
  5: tvm::codegen::CodeGenCUDA::PrintVecBinaryOp(std::__cxx11::basic_string<char, std::char_traits<char>, std::allocator<char> > const&, tvm::runtime::DataType, tvm::PrimExpr, tvm::PrimExpr, std::ostream&)
  4: tvm::codegen::CodeGenC::PrintExpr[abi:cxx11](tvm::PrimExpr const&)
  3: void tvm::codegen::PrintBinaryExpr<tvm::tir::DivNode>(tvm::tir::DivNode const*, char const*, std::ostream&, tvm::codegen::CodeGenC*)
  2: tvm::codegen::CodeGenCUDA::PrintVecBinaryOp(std::__cxx11::basic_string<char, std::char_traits<char>, std::allocator<char> > const&, tvm::runtime::DataType, tvm::PrimExpr, tvm::PrimExpr, std::ostream&)
  1: tvm::codegen::CodeGenC::PrintExpr[abi:cxx11](tvm::PrimExpr const&)
  0: tvm::codegen::CodeGenCUDA::VisitExpr_(tvm::tir::RampNode const*, std::ostream&)
  File "/workspace/tvm-dev/src/target/source/codegen_cuda.cc", line 1204
ValueError: Check failed: lanes <= 4 (8 vs. 4) : Ramp of more than 4 lanes is not allowed.

# from tvm.script import ir as I
# from tvm.script import tir as T

@I.ir_module
class Module:
    @T.prim_func
    def main(A: T.Buffer((1, 128, 28, 28), "float16"), W: T.Buffer((256, 128, 3, 3), "float16"), conv2d_nchw: T.Buffer((1, 256, 14, 14), "float16")):
        T.func_attr({"tir.noalias": T.bool(True)})
        # with T.block("root"):
        conv2d_nchw_reindex_pad_shared_dyn = T.alloc_buffer((13, 16, 1, 1, 16, 16), "float16", scope="shared.dyn")
        conv2d_nchw_reindex_pad_shared_dyn_wmma_accumulator = T.alloc_buffer((13, 16, 1, 1, 16, 16), "float16", scope="wmma.accumulator")
        pad_temp_reindex_pad_shared_dyn = T.alloc_buffer((208, 1152), "float16", scope="shared.dyn")
        W_reindex_shared_dyn = T.alloc_buffer((256, 1152), "float16", scope="shared.dyn")
        pad_temp_reindex_pad_shared_dyn_wmma_matrix_a = T.alloc_buffer((208, 1152), "float16", scope="wmma.matrix_a")
        W_reindex_shared_dyn_wmma_matrix_b = T.alloc_buffer((256, 1152), "float16", scope="wmma.matrix_b")
        for ax0_0_0_ax1_0_0_fused in T.thread_binding(8, thread="blockIdx.y", annotations={"pragma_auto_unroll_max_step": 1024, "pragma_unroll_explicit": 1}):
            for ax0_0_1_ax1_0_1_fused in T.thread_binding(26, thread="blockIdx.x"):
                for ax0_0_2_ax1_0_2_fused in T.thread_binding(1, thread="threadIdx.y"):
                    for ax0_0_3_init, ax1_0_3_init, ax0_0_4_init, ax1_0_4_init in T.grid(1, 1, 1, 1):
                        with T.block("conv2d_nchw_o_init"):
                            v0_o = T.axis.spatial(13, ax0_0_1_ax1_0_1_fused // 2 + ax0_0_3_init + ax0_0_4_init)
                            v1_o = T.axis.spatial(16, ax0_0_0_ax1_0_0_fused * 2 + ax0_0_1_ax1_0_1_fused % 2 + ax1_0_3_init + ax1_0_4_init)
                            T.reads()
                            T.writes(conv2d_nchw_reindex_pad_shared_dyn_wmma_accumulator[v0_o, v1_o, 0, 0, 0:16, 0:16])
                            T.block_attr({"meta_schedule.thread_extent_high_inclusive": 1024, "meta_schedule.thread_extent_low_inclusive": 32, "warp_execution": 1})
                            C = T.match_buffer(conv2d_nchw_reindex_pad_shared_dyn_wmma_accumulator[v0_o, v1_o, 0, 0, 0:16, 0:16], (16, 16), "float16", strides=("C_s0", "C_s1"), scope="wmma.accumulator", offset_factor=16)
                            T.tvm_fill_fragment(C.data, 16, 16, 16, C.elem_offset // C.strides[0] // 16 * (C.strides[0] // 16) + C.elem_offset % C.strides[0] // 16, T.float32(0.0))
                    for ax2_0_0 in range(3):
                        for ax0_ax1_fused_0 in range(96):
                            for ax0_ax1_fused_1 in T.thread_binding(1, thread="threadIdx.y"):
                                for ax0_ax1_fused_2 in T.thread_binding(32, thread="threadIdx.x"):
                                    for ax0_ax1_fused_3 in T.vectorized(2):
                                        with T.block("pad_temp_reindex_pad_shared.dyn"):
                                            v0 = T.axis.spatial(208, ax0_0_1_ax1_0_1_fused // 2 * 16 + (ax0_ax1_fused_0 * 64 + ax0_ax1_fused_1 * 64 + ax0_ax1_fused_2 * 2 + ax0_ax1_fused_3) // 384)
                                            v1 = T.axis.spatial(1152, ax2_0_0 * 384 + (ax0_ax1_fused_0 * 64 + ax0_ax1_fused_1 * 64 + ax0_ax1_fused_2 * 2 + ax0_ax1_fused_3) % 384)
                                            T.reads(A[0, v1 // 9, v0 // 14 * 2 + v1 % 9 // 3 - 1, v0 % 14 * 2 + v1 % 3 - 1])
                                            T.writes(pad_temp_reindex_pad_shared_dyn[v0, v1])
                                            T.block_attr({"buffer_dim_align": [[0, 0, 32, 8]]})
                                            pad_temp_reindex_pad_shared_dyn[v0, v1] = T.if_then_else(v0 < 196, T.if_then_else(1 <= v0 // 14 * 2 + v1 % 9 // 3 and v0 // 14 * 2 + v1 % 9 // 3 < 29 and 1 <= v0 % 14 * 2 + v1 % 3 and v0 % 14 * 2 + v1 % 3 < 29, A[0, v1 // 9, v0 // 14 * 2 + v1 % 9 // 3 - 1, v0 % 14 * 2 + v1 % 3 - 1], T.float16(0.0)), T.float16(0.0))
                        for ax0_ax1_fused_0 in range(24):
                            for ax0_ax1_fused_1 in T.thread_binding(1, thread="threadIdx.y"):
                                for ax0_ax1_fused_2 in T.thread_binding(32, thread="threadIdx.x"):
                                    for ax0_ax1_fused_3 in T.vectorized(8):
                                        with T.block("W_reindex_shared.dyn"):
                                            v0 = T.axis.spatial(256, ax0_0_0_ax1_0_0_fused * 32 + ax0_0_1_ax1_0_1_fused % 2 * 16 + (ax0_ax1_fused_0 * 256 + ax0_ax1_fused_1 * 256 + ax0_ax1_fused_2 * 8 + ax0_ax1_fused_3) // 384)
                                            v1 = T.axis.spatial(1152, ax2_0_0 * 384 + (ax0_ax1_fused_0 * 256 + ax0_ax1_fused_1 * 256 + ax0_ax1_fused_2 * 8 + ax0_ax1_fused_3) % 384)
                                            T.reads(W[v0, v1 // 9, v1 % 9 // 3, v1 % 3])
                                            T.writes(W_reindex_shared_dyn[v0, v1])
                                            T.block_attr({"buffer_dim_align": [[0, 0, 32, 8]]})
                                            W_reindex_shared_dyn[v0, v1] = W[v0, v1 // 9, v1 % 9 // 3, v1 % 3]
                        for ax2_0_1 in range(24):
                            for ax0_0, ax1_0 in T.grid(1, 1):
                                with T.block("pad_temp_reindex_pad_shared.dyn_wmma.matrix_a_o"):
                                    v0_o = T.axis.spatial(13, ax0_0_1_ax1_0_1_fused // 2 + ax0_0)
                                    v1_o = T.axis.spatial(72, ax2_0_0 * 24 + ax2_0_1 + ax1_0)
                                    T.reads(pad_temp_reindex_pad_shared_dyn[v0_o * 16:v0_o * 16 + 16, v1_o * 16:v1_o * 16 + 16])
                                    T.writes(pad_temp_reindex_pad_shared_dyn_wmma_matrix_a[v0_o * 16:v0_o * 16 + 16, v1_o * 16:v1_o * 16 + 16])
                                    A_1 = T.match_buffer(pad_temp_reindex_pad_shared_dyn[v0_o * 16:v0_o * 16 + 16, v1_o * 16:v1_o * 16 + 16], (16, 16), "float16", strides=("A_s0", "A_s1"), scope="shared.dyn", offset_factor=16)
                                    C = T.match_buffer(pad_temp_reindex_pad_shared_dyn_wmma_matrix_a[v0_o * 16:v0_o * 16 + 16, v1_o * 16:v1_o * 16 + 16], (16, 16), "float16", strides=("C_s0", "C_s1"), scope="wmma.matrix_a", offset_factor=16)
                                    T.tvm_load_matrix_sync(C.data, 16, 16, 16, C.elem_offset // C.strides[0] // 16 * (C.strides[0] // 16) + C.elem_offset % C.strides[0] // 16, T.tvm_access_ptr(T.type_annotation("float16"), A_1.data, A_1.elem_offset, A_1.strides[0] * 16, 1), A_1.strides[0], "row_major")
                            for ax0_0, ax1_0 in T.grid(1, 1):
                                with T.block("W_reindex_shared.dyn_wmma.matrix_b_o"):
                                    v0_o = T.axis.spatial(16, ax0_0_0_ax1_0_0_fused * 2 + ax0_0_1_ax1_0_1_fused % 2 + ax0_0)
                                    v1_o = T.axis.spatial(72, ax2_0_0 * 24 + ax2_0_1 + ax1_0)
                                    T.reads(W_reindex_shared_dyn[v0_o * 16:v0_o * 16 + 16, v1_o * 16:v1_o * 16 + 16])
                                    T.writes(W_reindex_shared_dyn_wmma_matrix_b[v0_o * 16:v0_o * 16 + 16, v1_o * 16:v1_o * 16 + 16])
                                    A_1 = T.match_buffer(W_reindex_shared_dyn[v0_o * 16:v0_o * 16 + 16, v1_o * 16:v1_o * 16 + 16], (16, 16), "float16", strides=("A_s0", "A_s1"), scope="shared.dyn", offset_factor=16)
                                    C = T.match_buffer(W_reindex_shared_dyn_wmma_matrix_b[v0_o * 16:v0_o * 16 + 16, v1_o * 16:v1_o * 16 + 16], (16, 16), "float16", strides=("C_s0", "C_s1"), scope="wmma.matrix_b", offset_factor=16)
                                    T.tvm_load_matrix_sync(C.data, 16, 16, 16, C.elem_offset // C.strides[0] // 16 * (C.strides[0] // 16) + C.elem_offset % C.strides[0] // 16, T.tvm_access_ptr(T.type_annotation("float16"), A_1.data, A_1.elem_offset, A_1.strides[0] * 16, 1), A_1.strides[0], "col_major")
                            for ax0_0_3, ax1_0_3, ax2_0_2, ax0_0_4, ax1_0_4 in T.grid(1, 1, 1, 1, 1):
                                with T.block("conv2d_nchw_o_update"):
                                    v0_o = T.axis.spatial(13, ax0_0_1_ax1_0_1_fused // 2 + ax0_0_3 + ax0_0_4)
                                    v1_o = T.axis.spatial(16, ax0_0_0_ax1_0_0_fused * 2 + ax0_0_1_ax1_0_1_fused % 2 + ax1_0_3 + ax1_0_4)
                                    v2_o = T.axis.reduce(72, ax2_0_0 * 24 + ax2_0_1 + ax2_0_2)
                                    T.reads(conv2d_nchw_reindex_pad_shared_dyn_wmma_accumulator[v0_o, v1_o, 0, 0, 0:16, 0:16], pad_temp_reindex_pad_shared_dyn_wmma_matrix_a[v0_o * 16:v0_o * 16 + 16, v2_o * 16:v2_o * 16 + 16], W_reindex_shared_dyn_wmma_matrix_b[v1_o * 16:v1_o * 16 + 16, v2_o * 16:v2_o * 16 + 16])
                                    T.writes(conv2d_nchw_reindex_pad_shared_dyn_wmma_accumulator[v0_o, v1_o, 0, 0, 0:16, 0:16])
                                    T.block_attr({"meta_schedule.thread_extent_high_inclusive": 1024, "meta_schedule.thread_extent_low_inclusive": 32, "warp_execution": 1})
                                    A_1 = T.match_buffer(pad_temp_reindex_pad_shared_dyn_wmma_matrix_a[v0_o * 16:v0_o * 16 + 16, v2_o * 16:v2_o * 16 + 16], (16, 16), "float16", strides=("A_s0", "A_s1"), scope="wmma.matrix_a", offset_factor=16)
                                    B = T.match_buffer(W_reindex_shared_dyn_wmma_matrix_b[v1_o * 16:v1_o * 16 + 16, v2_o * 16:v2_o * 16 + 16], (16, 16), "float16", strides=("B_s0", "B_s1"), scope="wmma.matrix_b", offset_factor=16)
                                    C = T.match_buffer(conv2d_nchw_reindex_pad_shared_dyn_wmma_accumulator[v0_o, v1_o, 0, 0, 0:16, 0:16], (16, 16), "float16", strides=("C_s0", "C_s1"), scope="wmma.accumulator", offset_factor=16)
                                    T.tvm_mma_sync(C.data, C.elem_offset // C.strides[0] // 16 * (C.strides[0] // 16) + C.elem_offset % C.strides[0] // 16, A_1.data, A_1.elem_offset // A_1.strides[0] // 16 * (A_1.strides[0] // 16) + A_1.elem_offset % A_1.strides[0] // 16, B.data, B.elem_offset // B.strides[0] // 16 * (B.strides[0] // 16) + B.elem_offset % B.strides[0] // 16, C.data, C.elem_offset // C.strides[0] // 16 * (C.strides[0] // 16) + C.elem_offset % C.strides[0] // 16)
                for ax2 in range(1):
                    for ax0_ax1_fused in T.thread_binding(1, thread="threadIdx.y"):
                        for ax2_1, ax3 in T.grid(1, 1):
                            with T.block("conv2d_nchw_reindex_pad_shared.dyn_wmma.accumulator_o"):
                                v0_o = T.axis.spatial(13, ax0_0_1_ax1_0_1_fused // 2)
                                v1_o = T.axis.spatial(16, ax0_0_0_ax1_0_0_fused * 2 + ax0_0_1_ax1_0_1_fused % 2)
                                v2_o, v3_o = T.axis.remap("SS", [ax2_1, ax3])
                                v4_o = T.axis.spatial(1, 0)
                                v5_o = T.axis.spatial(1, 0)
                                T.reads(conv2d_nchw_reindex_pad_shared_dyn_wmma_accumulator[v0_o, v1_o, v2_o, v3_o, 0:16, 0:16])
                                T.writes(conv2d_nchw_reindex_pad_shared_dyn[v0_o, v1_o, v2_o, v3_o, 0:16, 0:16])
                                A_1 = T.match_buffer(conv2d_nchw_reindex_pad_shared_dyn_wmma_accumulator[v0_o, v1_o, v2_o, v3_o, 0:16, 0:16], (16, 16), "float16", strides=("A_s0", "A_s1"), scope="wmma.accumulator", offset_factor=16)
                                C = T.match_buffer(conv2d_nchw_reindex_pad_shared_dyn[v0_o, v1_o, v2_o, v3_o, 0:16, 0:16], (16, 16), "float16", strides=("C_s0", "C_s1"), scope="shared.dyn", offset_factor=16)
                                T.tvm_store_matrix_sync(A_1.data, 16, 16, 16, A_1.elem_offset // A_1.strides[0] // 16 * (A_1.strides[0] // 16) + A_1.elem_offset % A_1.strides[0] // 16, T.tvm_access_ptr(T.type_annotation("float16"), C.data, C.elem_offset, C.strides[0] * 16, 2), C.strides[0], "row_major")
                    for ax0_ax1_ax3_ax4_ax5_fused_0 in range(2):
                        for ax0_ax1_ax3_ax4_ax5_fused_1 in T.thread_binding(1, thread="threadIdx.y"):
                            for ax0_ax1_ax3_ax4_ax5_fused_2 in T.thread_binding(32, thread="threadIdx.x"):
                                for ax0_ax1_ax3_ax4_ax5_fused_3 in T.vectorized(4):
                                    with T.block("conv2d_nchw_reindex_pad_shared.dyn"):
                                        v0 = T.axis.spatial(13, ax0_0_1_ax1_0_1_fused // 2)
                                        v1 = T.axis.spatial(16, ax0_0_0_ax1_0_0_fused * 2 + ax0_0_1_ax1_0_1_fused % 2)
                                        v2 = T.axis.spatial(1, ax2)
                                        v3 = T.axis.spatial(1, 0)
                                        v4 = T.axis.spatial(16, (ax0_ax1_ax3_ax4_ax5_fused_0 * 128 + ax0_ax1_ax3_ax4_ax5_fused_1 * 128 + ax0_ax1_ax3_ax4_ax5_fused_2 * 4 + ax0_ax1_ax3_ax4_ax5_fused_3) // 16)
                                        v5 = T.axis.spatial(16, (ax0_ax1_ax3_ax4_ax5_fused_0 * 128 + ax0_ax1_ax3_ax4_ax5_fused_1 * 128 + ax0_ax1_ax3_ax4_ax5_fused_2 * 4 + ax0_ax1_ax3_ax4_ax5_fused_3) % 16)
                                        T.where(ax0_0_1_ax1_0_1_fused // 2 * 16 + T.Mul(0, 16) + (((ax0_ax1_ax3_ax4_ax5_fused_0 + ax0_ax1_ax3_ax4_ax5_fused_1) * 32 + ax0_ax1_ax3_ax4_ax5_fused_2) * 4 + ax0_ax1_ax3_ax4_ax5_fused_3) % 256 // 16 < 196)
                                        T.reads(conv2d_nchw_reindex_pad_shared_dyn[v0, v1, v2, v3, v4, v5])
                                        T.writes(conv2d_nchw[0, v5 + v1 * 16, (v4 + v0 * 16) // 14, (v4 + v0 * 16) % 14])
                                        conv2d_nchw[0, v5 + v1 * 16, (v4 + v0 * 16) // 14, (v4 + v0 * 16) % 14] = conv2d_nchw_reindex_pad_shared_dyn[v0, v1, v2, v3, v4, v5]
b0 = sch.get_block(name="pad_temp", func_name="main")
b1 = sch.get_block(name="conv2d_nchw", func_name="main")
b2 = sch.get_block(name="root", func_name="main")
sch.annotate(block_or_loop=b1, ann_key="meta_schedule.tiling_structure", ann_val="SSSRRSRS")
b3 = sch.reindex(block=b1, buffer=("write", 0))
b4 = sch.reindex(block=b1, buffer=("read", 0))
b5 = sch.reindex(block=b1, buffer=("read", 1))
sch.transform_layout(block=b1, buffer=("read", 0), index_map=lambda v_nn, v_yy, v_xx, v_rc, v_ry, v_rx: (v_nn * 196 + v_yy * 14 + v_xx, v_rc * 9 + v_ry * 3 + v_rx,), pad_value=None, assume_injective_transform=True)
sch.transform_layout(block=b1, buffer=("read", 1), index_map=lambda v_ff, v_rc, v_ry, v_rx: (v_ff, v_rc * 9 + v_ry * 3 + v_rx,), pad_value=None, assume_injective_transform=True)
sch.transform_layout(block=b1, buffer=("write", 0), index_map=lambda v_nn, v_ff, v_yy, v_xx: (v_nn * 196 + v_yy * 14 + v_xx, v_ff,), pad_value=None, assume_injective_transform=True)
sch.transform_block_layout(block=b3, index_map=lambda v_nn, v_ff, v_yy, v_xx: (v_nn * 196 + v_yy * 14 + v_xx, v_ff,))
sch.transform_block_layout(block=b4, index_map=lambda v_nn, v_yy, v_xx, v_rc, v_ry, v_rx: (v_nn * 196 + v_yy * 14 + v_xx, v_rc * 9 + v_ry * 3 + v_rx,))
sch.transform_block_layout(block=b5, index_map=lambda v_ff, v_rc, v_ry, v_rx: (v_ff, v_rc * 9 + v_ry * 3 + v_rx,))
sch.transform_block_layout(block=b1, index_map=lambda v_nn, v_ff, v_yy, v_xx, v_rc, v_ry, v_rx: (v_nn * 196 + v_yy * 14 + v_xx, v_ff, v_rc * 9 + v_ry * 3 + v_rx,))
sch.pad_einsum(block=b1, padding=[16, 1, 1])
b6, b7 = sch.get_producers(block=b1)
b8, = sch.get_producers(block=b6)
b9, = sch.get_consumers(block=b1)
sch.compute_inline(block=b8)
sch.compute_inline(block=b9)
l10, l11, l12 = sch.get_loops(block=b1)
l13, l14 = sch.split(loop=l12, factors=[None, 16], preserve_unit_iters=True, disable_predication=False)
l15, l16 = sch.split(loop=l11, factors=[None, 16], preserve_unit_iters=True, disable_predication=False)
l17, l18 = sch.split(loop=l10, factors=[None, 16], preserve_unit_iters=True, disable_predication=False)
l19, l20, l21, l22, l23, l24 = sch.get_loops(block=b1)
sch.reorder(l21, l23, l18, l16, l14)
b25 = sch.blockize(target=l18, preserve_unit_iters=True)
sch.annotate(block_or_loop=b25, ann_key="meta_schedule.auto_tensorize", ann_val="wmma_sync_16x16x16_f16f16f16_trans")
sch.annotate(block_or_loop=b25, ann_key="meta_schedule.auto_tensorize_init", ann_val="wmma_fill_16x16x16_f16")
sch.annotate(block_or_loop=b25, ann_key="warp_execution", ann_val=1)
l26, l27, l28 = sch.get_loops(block=b25)
v29, v30, v31, v32, v33 = sch.sample_perfect_tile(loop=l26, n=5, max_innermost_factor=4, decision=[1, 13, 1, 1, 1])
l34, l35, l36, l37, l38 = sch.split(loop=l26, factors=[v29, v30, v31, v32, v33], preserve_unit_iters=True, disable_predication=False)
v39, v40, v41, v42, v43 = sch.sample_perfect_tile(loop=l27, n=5, max_innermost_factor=4, decision=[8, 2, 1, 1, 1])
l44, l45, l46, l47, l48 = sch.split(loop=l27, factors=[v39, v40, v41, v42, v43], preserve_unit_iters=True, disable_predication=False)
v49, v50, v51 = sch.sample_perfect_tile(loop=l28, n=3, max_innermost_factor=4, decision=[3, 24, 1])
l52, l53, l54 = sch.split(loop=l28, factors=[v49, v50, v51], preserve_unit_iters=True, disable_predication=False)
sch.reorder(l34, l44, l35, l45, l36, l46, l52, l53, l37, l47, l54, l38, l48)
l55 = sch.fuse(l34, l44, preserve_unit_iters=True)
sch.bind(loop=l55, thread_axis="blockIdx.y")
l56 = sch.fuse(l35, l45, preserve_unit_iters=True)
sch.bind(loop=l56, thread_axis="blockIdx.x")
l57 = sch.fuse(l36, l46, preserve_unit_iters=True)
sch.bind(loop=l57, thread_axis="threadIdx.y")
sch.annotate(block_or_loop=b25, ann_key="meta_schedule.thread_extent_low_inclusive", ann_val=32)
sch.annotate(block_or_loop=b25, ann_key="meta_schedule.thread_extent_high_inclusive", ann_val=1024)
sch.transform_layout(block=b25, buffer=("write", 0), index_map=lambda i0, i1: (i0 // 16 // (v32 * v33), i1 // 16 // (v42 * v43), i0 // 16 % (v32 * v33), i1 // 16 % (v42 * v43), i0 % 16, i1 % 16,), pad_value=None, assume_injective_transform=True)
b58 = sch.cache_write(block=b25, write_buffer_index=0, storage_scope="shared.dyn")
sch.reverse_compute_at(block=b58, loop=l56, preserve_unit_loops=True, index=-1)
b59 = sch.cache_write(block=b25, write_buffer_index=0, storage_scope="wmma.accumulator")
l60, l61, l62, l63, l64, l65, l66, l67 = sch.get_loops(block=b58)
sch.reorder(l64, l62, l63, l65)
sch.compute_at(block=b59, loop=l64, preserve_unit_loops=True, index=-1)
l68, l69, l70, l71, l72, l73, l74, l75, l76 = sch.get_loops(block=b59)
l77 = sch.fuse(l71, l72, preserve_unit_iters=True)
sch.bind(loop=l77, thread_axis="threadIdx.y")
sch.reverse_compute_inline(block=b3)
l78, l79, l80, l81, l82, l83, l84, l85 = sch.get_loops(block=b59)
b86 = sch.blockize(target=l84, preserve_unit_iters=True)
sch.annotate(block_or_loop=b86, ann_key="meta_schedule.auto_tensorize", ann_val="wmma_store_16x16x16_f16_shared_dyn")
l87, l88, l89, l90, l91, l92, l93, l94 = sch.get_loops(block=b58)
l95 = sch.fuse(l90, l91, l92, l93, l94, preserve_unit_iters=True)
v96 = sch.sample_categorical(candidates=[1, 2, 4, 8], probs=[0.25, 0.25, 0.25, 0.25], decision=2)
sch.annotate(block_or_loop=b58, ann_key="meta_schedule.cooperative_fetch", ann_val=v96)
b97 = sch.cache_read(block=b25, read_buffer_index=0, storage_scope="shared.dyn", consumer_blocks=[b25])
sch.compute_at(block=b97, loop=l52, preserve_unit_loops=True, index=-1)
l98, l99, l100, l101, l102, l103 = sch.get_loops(block=b97)
l104 = sch.fuse(l102, l103, preserve_unit_iters=True)
v105 = sch.sample_categorical(candidates=[1, 2, 4, 8], probs=[0.25, 0.25, 0.25, 0.25], decision=1)
sch.annotate(block_or_loop=b97, ann_key="meta_schedule.cooperative_fetch", ann_val=v105)
b106 = sch.cache_read(block=b25, read_buffer_index=1, storage_scope="shared.dyn", consumer_blocks=[b25])
sch.compute_at(block=b106, loop=l52, preserve_unit_loops=True, index=-1)
l107, l108, l109, l110, l111, l112 = sch.get_loops(block=b106)
l113 = sch.fuse(l111, l112, preserve_unit_iters=True)
v114 = sch.sample_categorical(candidates=[1, 2, 4, 8], probs=[0.25, 0.25, 0.25, 0.25], decision=3)
sch.annotate(block_or_loop=b106, ann_key="meta_schedule.cooperative_fetch", ann_val=v114)
b115 = sch.cache_read(block=b25, read_buffer_index=0, storage_scope="wmma.matrix_a")
sch.compute_at(block=b115, loop=l53, preserve_unit_loops=True, index=-1)
l116, l117, l118, l119, l120, l121, l122 = sch.get_loops(block=b115)
l123, l124 = sch.split(loop=l122, factors=[None, 16], preserve_unit_iters=True, disable_predication=False)
l125, l126 = sch.split(loop=l121, factors=[None, 16], preserve_unit_iters=True, disable_predication=False)
l127, l128, l129, l130, l131, l132, l133, l134, l135 = sch.get_loops(block=b115)
sch.reorder(l134, l126, l124)
b136 = sch.blockize(target=l126, preserve_unit_iters=True)
sch.annotate(block_or_loop=b136, ann_key="meta_schedule.auto_tensorize", ann_val="wmma_load_16x16x16_f16_a_shared_dyn")
b137 = sch.cache_read(block=b25, read_buffer_index=1, storage_scope="wmma.matrix_b")
sch.compute_at(block=b137, loop=l53, preserve_unit_loops=True, index=-1)
l138, l139, l140, l141, l142, l143, l144 = sch.get_loops(block=b137)
l145, l146 = sch.split(loop=l144, factors=[None, 16], preserve_unit_iters=True, disable_predication=False)
l147, l148 = sch.split(loop=l143, factors=[None, 16], preserve_unit_iters=True, disable_predication=False)
l149, l150, l151, l152, l153, l154, l155, l156, l157 = sch.get_loops(block=b137)
sch.reorder(l156, l148, l146)
b158 = sch.blockize(target=l148, preserve_unit_iters=True)
sch.annotate(block_or_loop=b158, ann_key="meta_schedule.auto_tensorize", ann_val="wmma_load_16x16x16_f16_b_trans_shared_dyn")
b159, = sch.get_producers(block=b97)
sch.compute_inline(block=b159)
sch.storage_align(block=b97, buffer_index=0, axis=-2, factor=32, offset=8)
b160, = sch.get_producers(block=b106)
sch.compute_inline(block=b160)
sch.storage_align(block=b106, buffer_index=0, axis=-2, factor=32, offset=8)
sch.compute_inline(block=b0)
v161 = sch.sample_categorical(candidates=[0, 16, 64, 512, 1024], probs=[0.20000000000000001, 0.20000000000000001, 0.20000000000000001, 0.20000000000000001, 0.20000000000000001], decision=4)
sch.annotate(block_or_loop=b2, ann_key="meta_schedule.unroll_explicit", ann_val=v161)
sch.enter_postproc()
sch.unannotate(block_or_loop=b58, ann_key="meta_schedule.cooperative_fetch")
l162, l163, l164, l165 = sch.get_loops(block=b58)
l166, l167, l168, l169 = sch.split(loop=l165, factors=[None, 1, 32, 4], preserve_unit_iters=True, disable_predication=False)
sch.vectorize(loop=l169)
sch.bind(loop=l168, thread_axis="threadIdx.x")
sch.bind(loop=l167, thread_axis="threadIdx.y")
sch.unannotate(block_or_loop=b97, ann_key="meta_schedule.cooperative_fetch")
l170, l171, l172, l173, l174 = sch.get_loops(block=b97)
l175, l176, l177, l178 = sch.split(loop=l174, factors=[None, 1, 32, 2], preserve_unit_iters=True, disable_predication=False)
sch.vectorize(loop=l178)
sch.bind(loop=l177, thread_axis="threadIdx.x")
sch.bind(loop=l176, thread_axis="threadIdx.y")
sch.unannotate(block_or_loop=b106, ann_key="meta_schedule.cooperative_fetch")
l179, l180, l181, l182, l183 = sch.get_loops(block=b106)
l184, l185, l186, l187 = sch.split(loop=l183, factors=[None, 1, 32, 8], preserve_unit_iters=True, disable_predication=False)
sch.vectorize(loop=l187)
sch.bind(loop=l186, thread_axis="threadIdx.x")
sch.bind(loop=l185, thread_axis="threadIdx.y")
b188 = sch.get_block(name="root", func_name="main")
sch.unannotate(block_or_loop=b188, ann_key="meta_schedule.unroll_explicit")
b189, b190, b191, b192, b193, b194, b195 = sch.get_child_blocks(b188)
l196, l197, l198, l199, l200, l201, l202, l203 = sch.get_loops(block=b189)
l204, l205, l206, l207, l208, l209, l210, l211 = sch.get_loops(block=b190)
l212, l213, l214, l215, l216, l217, l218 = sch.get_loops(block=b191)
l219, l220, l221, l222, l223, l224, l225 = sch.get_loops(block=b192)
l226, l227, l228, l229, l230, l231, l232, l233, l234, l235 = sch.get_loops(block=b193)
sch.annotate(block_or_loop=l226, ann_key="pragma_auto_unroll_max_step", ann_val=1024)
sch.annotate(block_or_loop=l226, ann_key="pragma_unroll_explicit", ann_val=1)
l236, l237, l238, l239, l240, l241 = sch.get_loops(block=b194)
l242, l243, l244, l245, l246, l247, l248 = sch.get_loops(block=b195)
b249 = sch.get_block(name="conv2d_nchw_o", func_name="main")
l250, l251, l252, l253, l254, l255, l256, l257, l258, l259 = sch.get_loops(block=b249)
b260 = sch.decompose_reduction(block=b249, loop=l253)
sch.unannotate(block_or_loop=b260, ann_key="meta_schedule.auto_tensorize")
sch.annotate(block_or_loop=b260, ann_key="meta_schedule.auto_tensorize", ann_val="wmma_fill_16x16x16_f16")
sch.unannotate(block_or_loop=b249, ann_key="meta_schedule.auto_tensorize_init")
sch.unannotate(block_or_loop=b260, ann_key="meta_schedule.auto_tensorize_init")
b261 = sch.get_block(name="conv2d_nchw_o_init", func_name="main")
sch.unannotate(block_or_loop=b261, ann_key="meta_schedule.auto_tensorize")
sch.tensorize(block_or_loop=b261, tensor_intrin="wmma_fill_16x16x16_f16", preserve_unit_iters=True)
b262 = sch.get_block(name="pad_temp_reindex_pad_shared.dyn_wmma.matrix_a_o", func_name="main")
sch.unannotate(block_or_loop=b262, ann_key="meta_schedule.auto_tensorize")
sch.tensorize(block_or_loop=b262, tensor_intrin="wmma_load_16x16x16_f16_a_shared_dyn", preserve_unit_iters=True)
b263 = sch.get_block(name="W_reindex_shared.dyn_wmma.matrix_b_o", func_name="main")
sch.unannotate(block_or_loop=b263, ann_key="meta_schedule.auto_tensorize")
sch.tensorize(block_or_loop=b263, tensor_intrin="wmma_load_16x16x16_f16_b_trans_shared_dyn", preserve_unit_iters=True)
b264 = sch.get_block(name="conv2d_nchw_o_update", func_name="main")
sch.unannotate(block_or_loop=b264, ann_key="meta_schedule.auto_tensorize")
sch.tensorize(block_or_loop=b264, tensor_intrin="wmma_sync_16x16x16_f16f16f16_trans", preserve_unit_iters=True)
b265 = sch.get_block(name="conv2d_nchw_reindex_pad_shared.dyn_wmma.accumulator_o", func_name="main")
sch.unannotate(block_or_loop=b265, ann_key="meta_schedule.auto_tensorize")
sch.tensorize(block_or_loop=b265, tensor_intrin="wmma_store_16x16x16_f16_shared_dyn", preserve_unit_iters=True)
2025-10-07 10:10:35 [INFO] [task_scheduler.cc:131] [Task #0: main] Trial #91: GFLOPs: 536.9110. Time: 215.3160 us. Best GFLOPs: 7352.8072
2025-10-07 10:10:35 [INFO] [task_scheduler.cc:131] [Task #0: main] Trial #92: GFLOPs: 893.4562. Time: 129.3913 us. Best GFLOPs: 7352.8072
2025-10-07 10:10:35 [INFO] [task_scheduler.cc:131] [Task #0: main] Trial #93: GFLOPs: 1354.8102. Time: 85.3297 us. Best GFLOPs: 7352.8072
2025-10-07 10:10:35 [INFO] [task_scheduler.cc:131] [Task #0: main] Trial #94: GFLOPs: 2514.0646. Time: 45.9835 us. Best GFLOPs: 7352.8072
2025-10-07 10:10:35 [INFO] [task_scheduler.cc:131] [Task #0: main] Trial #95: GFLOPs: 1164.8991. Time: 99.2408 us. Best GFLOPs: 7352.8072
2025-10-07 10:10:35 [INFO] [task_scheduler.cc:131] [Task #0: main] Trial #96: GFLOPs: 1132.2801. Time: 102.0997 us. Best GFLOPs: 7352.8072
2025-10-07 10:10:35 [INFO] [task_scheduler.cc:131] [Task #0: main] Trial #97: GFLOPs: 5818.0721. Time: 19.8701 us. Best GFLOPs: 7352.8072
2025-10-07 10:10:35 [INFO] [task_scheduler.cc:131] [Task #0: main] Trial #98: GFLOPs: 1678.0728. Time: 68.8918 us. Best GFLOPs: 7352.8072
2025-10-07 10:10:35 [INFO] [task_scheduler.cc:131] [Task #0: main] Trial #99: GFLOPs: 612.8518. Time: 188.6353 us. Best GFLOPs: 7352.8072
2025-10-07 10:10:35 [INFO] [task_scheduler.cc:121] [Task #0: main] Trial #100: Error in building:
LocalBuilder: An exception occurred
Traceback (most recent call last):
  File "/workspace/tvm-dev/python/tvm/exec/popen_worker.py", line 87, in main
    result = fn(*args, **kwargs)
             ^^^^^^^^^^^^^^^^^^^
  File "/workspace/tvm-dev/python/tvm/meta_schedule/builder/local_builder.py", line 165, in <lambda>
    lambda x: _worker_func(*x),
              ^^^^^^^^^^^^^^^^
  File "/workspace/tvm-dev/python/tvm/meta_schedule/builder/local_builder.py", line 231, in _worker_func
    rt_mod: Module = f_build(mod, target, _deserialize_params(params))
                     ^^^^^^^^^^^^^^^^^^^^^^^^^^^^^^^^^^^^^^^^^^^^^^^^^
  File "/workspace/tvm-dev/python/tvm/_ffi/_ctypes/packed_func.py", line 245, in __call__
    raise_last_ffi_error()
  File "/workspace/tvm-dev/python/tvm/_ffi/base.py", line 481, in raise_last_ffi_error
    raise py_err
  File "/workspace/tvm-dev/python/tvm/meta_schedule/builder/local_builder.py", line 261, in default_build
    return tvm_build(mod, target=target)
           ^^^^^^^^^^^^^^^^^^^^^^^^^^^^^
  File "/workspace/tvm-dev/python/tvm/driver/build_module.py", line 297, in build
    rt_mod_host = _driver_ffi.tir_to_runtime(annotated_mods, target_host)
                  ^^^^^^^^^^^^^^^^^^^^^^^^^^^^^^^^^^^^^^^^^^^^^^^^^^^^^^^
  File "/workspace/tvm-dev/python/tvm/_ffi/_ctypes/packed_func.py", line 245, in __call__
    raise_last_ffi_error()
  File "/workspace/tvm-dev/python/tvm/_ffi/base.py", line 481, in raise_last_ffi_error
    raise py_err
ValueError: Traceback (most recent call last):
  31: tvm::runtime::PackedFuncObj::Extractor<tvm::runtime::PackedFuncSubObj<tvm::runtime::TypedPackedFunc<tvm::runtime::Module (tvm::runtime::Map<tvm::Target, tvm::IRModule, void, void> const&, tvm::Target)>::AssignTypedLambda<tvm::__mk_TVM24::{lambda(tvm::runtime::Map<tvm::Target, tvm::IRModule, void, void> const&, tvm::Target)#1}>(tvm::__mk_TVM24::{lambda(tvm::runtime::Map<tvm::Target, tvm::IRModule, void, void> const&, tvm::Target)#1}, std::__cxx11::basic_string<char, std::char_traits<char>, std::allocator<char> >)::{lambda(tvm::runtime::TVMArgs const&, tvm::runtime::TVMRetValue*)#1}> >::Call(tvm::runtime::PackedFuncObj const*, std::__cxx11::basic_string<char, std::char_traits<char>, std::allocator<char> >, tvm::runtime::TVMRetValue)
  30: tvm::TIRToRuntime(tvm::runtime::Map<tvm::Target, tvm::IRModule, void, void> const&, tvm::Target const&)
  29: tvm::codegen::Build(tvm::IRModule, tvm::Target)
  28: _ZN3tvm7runtime13PackedFuncObj
  27: tvm::runtime::TypedPackedFunc<tvm::runtime::Module (tvm::IRModule, tvm::Target)>::AssignTypedLambda<tvm::runtime::Module (*)(tvm::IRModule, tvm::Target)>(tvm::runtime::Module (*)(tvm::IRModule, tvm::Target), std::__cxx11::basic_string<char, std::char_traits<char>, std::allocator<char> >)::{lambda(tvm::runtime::TVMArgs const&, tvm::runtime::TVMRetValue*)#1}::operator()(tvm::runtime::TVMArgs const&, tvm::runtime::TVMRetValue*) const
  26: tvm::codegen::BuildCUDA(tvm::IRModule, tvm::Target)
  25: tvm::codegen::CodeGenC::AddFunction(tvm::GlobalVar const&, tvm::tir::PrimFunc const&)
  24: tvm::codegen::CodeGenCUDA::VisitStmt_(tvm::tir::AllocateNode const*)
  23: tvm::codegen::CodeGenCUDA::VisitStmt_(tvm::tir::AllocateNode const*)
  22: tvm::codegen::CodeGenCUDA::VisitStmt_(tvm::tir::AllocateNode const*)
  21: tvm::codegen::CodeGenCUDA::VisitStmt_(tvm::tir::AllocateNode const*)
  20: tvm::codegen::CodeGenC::VisitStmt_(tvm::tir::SeqStmtNode const*)
  19: tvm::codegen::CodeGenC::VisitStmt_(tvm::tir::BufferStoreNode const*)
  18: tvm::codegen::CodeGenC::PrintExpr[abi:cxx11](tvm::PrimExpr const&)
  17: tvm::codegen::CodeGenC::VisitExpr_(tvm::tir::BufferLoadNode const*, std::ostream&)
  16: tvm::codegen::CodeGenC::PrintExpr[abi:cxx11](tvm::PrimExpr const&)
  15: void tvm::codegen::PrintBinaryExpr<tvm::tir::AddNode>(tvm::tir::AddNode const*, char const*, std::ostream&, tvm::codegen::CodeGenC*)
  14: tvm::codegen::CodeGenCUDA::PrintVecBinaryOp(std::__cxx11::basic_string<char, std::char_traits<char>, std::allocator<char> > const&, tvm::runtime::DataType, tvm::PrimExpr, tvm::PrimExpr, std::ostream&)
  13: tvm::codegen::CodeGenC::PrintExpr[abi:cxx11](tvm::PrimExpr const&)
  12: void tvm::codegen::PrintBinaryExpr<tvm::tir::AddNode>(tvm::tir::AddNode const*, char const*, std::ostream&, tvm::codegen::CodeGenC*)
  11: tvm::codegen::CodeGenCUDA::PrintVecBinaryOp(std::__cxx11::basic_string<char, std::char_traits<char>, std::allocator<char> > const&, tvm::runtime::DataType, tvm::PrimExpr, tvm::PrimExpr, std::ostream&)
  10: tvm::codegen::CodeGenC::PrintExpr[abi:cxx11](tvm::PrimExpr const&)
  9: void tvm::codegen::PrintBinaryExpr<tvm::tir::AddNode>(tvm::tir::AddNode const*, char const*, std::ostream&, tvm::codegen::CodeGenC*)
  8: tvm::codegen::CodeGenCUDA::PrintVecBinaryOp(std::__cxx11::basic_string<char, std::char_traits<char>, std::allocator<char> > const&, tvm::runtime::DataType, tvm::PrimExpr, tvm::PrimExpr, std::ostream&)
  7: tvm::codegen::CodeGenC::PrintExpr[abi:cxx11](tvm::PrimExpr const&)
  6: void tvm::codegen::PrintBinaryExpr<tvm::tir::MulNode>(tvm::tir::MulNode const*, char const*, std::ostream&, tvm::codegen::CodeGenC*)
  5: tvm::codegen::CodeGenCUDA::PrintVecBinaryOp(std::__cxx11::basic_string<char, std::char_traits<char>, std::allocator<char> > const&, tvm::runtime::DataType, tvm::PrimExpr, tvm::PrimExpr, std::ostream&)
  4: tvm::codegen::CodeGenC::PrintExpr[abi:cxx11](tvm::PrimExpr const&)
  3: void tvm::codegen::PrintBinaryExpr<tvm::tir::DivNode>(tvm::tir::DivNode const*, char const*, std::ostream&, tvm::codegen::CodeGenC*)
  2: tvm::codegen::CodeGenCUDA::PrintVecBinaryOp(std::__cxx11::basic_string<char, std::char_traits<char>, std::allocator<char> > const&, tvm::runtime::DataType, tvm::PrimExpr, tvm::PrimExpr, std::ostream&)
  1: tvm::codegen::CodeGenC::PrintExpr[abi:cxx11](tvm::PrimExpr const&)
  0: tvm::codegen::CodeGenCUDA::VisitExpr_(tvm::tir::RampNode const*, std::ostream&)
  File "/workspace/tvm-dev/src/target/source/codegen_cuda.cc", line 1204
ValueError: Check failed: lanes <= 4 (8 vs. 4) : Ramp of more than 4 lanes is not allowed.

# from tvm.script import ir as I
# from tvm.script import tir as T

@I.ir_module
class Module:
    @T.prim_func
    def main(A: T.Buffer((1, 128, 28, 28), "float16"), W: T.Buffer((256, 128, 3, 3), "float16"), conv2d_nchw: T.Buffer((1, 256, 14, 14), "float16")):
        T.func_attr({"tir.noalias": T.bool(True)})
        # with T.block("root"):
        conv2d_nchw_reindex_pad_shared_dyn = T.alloc_buffer((13, 16, 1, 1, 16, 16), "float16", scope="shared.dyn")
        conv2d_nchw_reindex_pad_shared_dyn_wmma_accumulator = T.alloc_buffer((13, 16, 1, 1, 16, 16), "float16", scope="wmma.accumulator")
        pad_temp_reindex_pad_shared_dyn = T.alloc_buffer((208, 1152), "float16", scope="shared.dyn")
        W_reindex_shared_dyn = T.alloc_buffer((256, 1152), "float16", scope="shared.dyn")
        pad_temp_reindex_pad_shared_dyn_wmma_matrix_a = T.alloc_buffer((208, 1152), "float16", scope="wmma.matrix_a")
        W_reindex_shared_dyn_wmma_matrix_b = T.alloc_buffer((256, 1152), "float16", scope="wmma.matrix_b")
        for ax0_0_0_ax1_0_0_fused in T.thread_binding(2, thread="blockIdx.y", annotations={"pragma_auto_unroll_max_step": 1024, "pragma_unroll_explicit": 1}):
            for ax0_0_1_ax1_0_1_fused in T.thread_binding(104, thread="blockIdx.x"):
                for ax0_0_2_ax1_0_2_fused in T.thread_binding(1, thread="threadIdx.y"):
                    for ax0_0_3_init, ax1_0_3_init, ax0_0_4_init, ax1_0_4_init in T.grid(1, 1, 1, 1):
                        with T.block("conv2d_nchw_o_init"):
                            v0_o = T.axis.spatial(13, ax0_0_1_ax1_0_1_fused // 8 + ax0_0_3_init + ax0_0_4_init)
                            v1_o = T.axis.spatial(16, ax0_0_0_ax1_0_0_fused * 8 + ax0_0_1_ax1_0_1_fused % 8 + ax1_0_3_init + ax1_0_4_init)
                            T.reads()
                            T.writes(conv2d_nchw_reindex_pad_shared_dyn_wmma_accumulator[v0_o, v1_o, 0, 0, 0:16, 0:16])
                            T.block_attr({"meta_schedule.thread_extent_high_inclusive": 1024, "meta_schedule.thread_extent_low_inclusive": 32, "warp_execution": 1})
                            C = T.match_buffer(conv2d_nchw_reindex_pad_shared_dyn_wmma_accumulator[v0_o, v1_o, 0, 0, 0:16, 0:16], (16, 16), "float16", strides=("C_s0", "C_s1"), scope="wmma.accumulator", offset_factor=16)
                            T.tvm_fill_fragment(C.data, 16, 16, 16, C.elem_offset // C.strides[0] // 16 * (C.strides[0] // 16) + C.elem_offset % C.strides[0] // 16, T.float32(0.0))
                    for ax2_0_0 in range(72):
                        for ax0_ax1_fused_0 in range(2):
                            for ax0_ax1_fused_1 in T.thread_binding(1, thread="threadIdx.y"):
                                for ax0_ax1_fused_2 in T.thread_binding(32, thread="threadIdx.x"):
                                    for ax0_ax1_fused_3 in T.vectorized(4):
                                        with T.block("pad_temp_reindex_pad_shared.dyn"):
                                            v0 = T.axis.spatial(208, ax0_0_1_ax1_0_1_fused // 8 * 16 + (ax0_ax1_fused_0 * 128 + ax0_ax1_fused_1 * 128 + ax0_ax1_fused_2 * 4 + ax0_ax1_fused_3) // 16)
                                            v1 = T.axis.spatial(1152, ax2_0_0 * 16 + (ax0_ax1_fused_0 * 128 + ax0_ax1_fused_1 * 128 + ax0_ax1_fused_2 * 4 + ax0_ax1_fused_3) % 16)
                                            T.reads(A[0, v1 // 9, v0 // 14 * 2 + v1 % 9 // 3 - 1, v0 % 14 * 2 + v1 % 3 - 1])
                                            T.writes(pad_temp_reindex_pad_shared_dyn[v0, v1])
                                            T.block_attr({"buffer_dim_align": [[0, 0, 32, 8]]})
                                            pad_temp_reindex_pad_shared_dyn[v0, v1] = T.if_then_else(v0 < 196, T.if_then_else(1 <= v0 // 14 * 2 + v1 % 9 // 3 and v0 // 14 * 2 + v1 % 9 // 3 < 29 and 1 <= v0 % 14 * 2 + v1 % 3 and v0 % 14 * 2 + v1 % 3 < 29, A[0, v1 // 9, v0 // 14 * 2 + v1 % 9 // 3 - 1, v0 % 14 * 2 + v1 % 3 - 1], T.float16(0.0)), T.float16(0.0))
                        for ax0_ax1_fused_0 in range(1):
                            for ax0_ax1_fused_1 in T.thread_binding(1, thread="threadIdx.y"):
                                for ax0_ax1_fused_2 in T.thread_binding(32, thread="threadIdx.x"):
                                    for ax0_ax1_fused_3 in T.vectorized(8):
                                        with T.block("W_reindex_shared.dyn"):
                                            v0 = T.axis.spatial(256, ax0_0_0_ax1_0_0_fused * 128 + ax0_0_1_ax1_0_1_fused % 8 * 16 + (ax0_ax1_fused_0 * 256 + ax0_ax1_fused_1 * 256 + ax0_ax1_fused_2 * 8 + ax0_ax1_fused_3) // 16)
                                            v1 = T.axis.spatial(1152, ax2_0_0 * 16 + (ax0_ax1_fused_0 * 256 + ax0_ax1_fused_1 * 256 + ax0_ax1_fused_2 * 8 + ax0_ax1_fused_3) % 16)
                                            T.reads(W[v0, v1 // 9, v1 % 9 // 3, v1 % 3])
                                            T.writes(W_reindex_shared_dyn[v0, v1])
                                            T.block_attr({"buffer_dim_align": [[0, 0, 32, 8]]})
                                            W_reindex_shared_dyn[v0, v1] = W[v0, v1 // 9, v1 % 9 // 3, v1 % 3]
                        for ax2_0_1 in range(1):
                            for ax0_0, ax1_0 in T.grid(1, 1):
                                with T.block("pad_temp_reindex_pad_shared.dyn_wmma.matrix_a_o"):
                                    v0_o = T.axis.spatial(13, ax0_0_1_ax1_0_1_fused // 8 + ax0_0)
                                    v1_o = T.axis.spatial(72, ax2_0_0 + ax1_0)
                                    T.reads(pad_temp_reindex_pad_shared_dyn[v0_o * 16:v0_o * 16 + 16, v1_o * 16:v1_o * 16 + 16])
                                    T.writes(pad_temp_reindex_pad_shared_dyn_wmma_matrix_a[v0_o * 16:v0_o * 16 + 16, v1_o * 16:v1_o * 16 + 16])
                                    A_1 = T.match_buffer(pad_temp_reindex_pad_shared_dyn[v0_o * 16:v0_o * 16 + 16, v1_o * 16:v1_o * 16 + 16], (16, 16), "float16", strides=("A_s0", "A_s1"), scope="shared.dyn", offset_factor=16)
                                    C = T.match_buffer(pad_temp_reindex_pad_shared_dyn_wmma_matrix_a[v0_o * 16:v0_o * 16 + 16, v1_o * 16:v1_o * 16 + 16], (16, 16), "float16", strides=("C_s0", "C_s1"), scope="wmma.matrix_a", offset_factor=16)
                                    T.tvm_load_matrix_sync(C.data, 16, 16, 16, C.elem_offset // C.strides[0] // 16 * (C.strides[0] // 16) + C.elem_offset % C.strides[0] // 16, T.tvm_access_ptr(T.type_annotation("float16"), A_1.data, A_1.elem_offset, A_1.strides[0] * 16, 1), A_1.strides[0], "row_major")
                            for ax0_0, ax1_0 in T.grid(1, 1):
                                with T.block("W_reindex_shared.dyn_wmma.matrix_b_o"):
                                    v0_o = T.axis.spatial(16, ax0_0_0_ax1_0_0_fused * 8 + ax0_0_1_ax1_0_1_fused % 8 + ax0_0)
                                    v1_o = T.axis.spatial(72, ax2_0_0 + ax1_0)
                                    T.reads(W_reindex_shared_dyn[v0_o * 16:v0_o * 16 + 16, v1_o * 16:v1_o * 16 + 16])
                                    T.writes(W_reindex_shared_dyn_wmma_matrix_b[v0_o * 16:v0_o * 16 + 16, v1_o * 16:v1_o * 16 + 16])
                                    A_1 = T.match_buffer(W_reindex_shared_dyn[v0_o * 16:v0_o * 16 + 16, v1_o * 16:v1_o * 16 + 16], (16, 16), "float16", strides=("A_s0", "A_s1"), scope="shared.dyn", offset_factor=16)
                                    C = T.match_buffer(W_reindex_shared_dyn_wmma_matrix_b[v0_o * 16:v0_o * 16 + 16, v1_o * 16:v1_o * 16 + 16], (16, 16), "float16", strides=("C_s0", "C_s1"), scope="wmma.matrix_b", offset_factor=16)
                                    T.tvm_load_matrix_sync(C.data, 16, 16, 16, C.elem_offset // C.strides[0] // 16 * (C.strides[0] // 16) + C.elem_offset % C.strides[0] // 16, T.tvm_access_ptr(T.type_annotation("float16"), A_1.data, A_1.elem_offset, A_1.strides[0] * 16, 1), A_1.strides[0], "col_major")
                            for ax0_0_3, ax1_0_3, ax2_0_2, ax0_0_4, ax1_0_4 in T.grid(1, 1, 1, 1, 1):
                                with T.block("conv2d_nchw_o_update"):
                                    v0_o = T.axis.spatial(13, ax0_0_1_ax1_0_1_fused // 8 + ax0_0_3 + ax0_0_4)
                                    v1_o = T.axis.spatial(16, ax0_0_0_ax1_0_0_fused * 8 + ax0_0_1_ax1_0_1_fused % 8 + ax1_0_3 + ax1_0_4)
                                    v2_o = T.axis.reduce(72, ax2_0_0 + ax2_0_1 + ax2_0_2)
                                    T.reads(conv2d_nchw_reindex_pad_shared_dyn_wmma_accumulator[v0_o, v1_o, 0, 0, 0:16, 0:16], pad_temp_reindex_pad_shared_dyn_wmma_matrix_a[v0_o * 16:v0_o * 16 + 16, v2_o * 16:v2_o * 16 + 16], W_reindex_shared_dyn_wmma_matrix_b[v1_o * 16:v1_o * 16 + 16, v2_o * 16:v2_o * 16 + 16])
                                    T.writes(conv2d_nchw_reindex_pad_shared_dyn_wmma_accumulator[v0_o, v1_o, 0, 0, 0:16, 0:16])
                                    T.block_attr({"meta_schedule.thread_extent_high_inclusive": 1024, "meta_schedule.thread_extent_low_inclusive": 32, "warp_execution": 1})
                                    A_1 = T.match_buffer(pad_temp_reindex_pad_shared_dyn_wmma_matrix_a[v0_o * 16:v0_o * 16 + 16, v2_o * 16:v2_o * 16 + 16], (16, 16), "float16", strides=("A_s0", "A_s1"), scope="wmma.matrix_a", offset_factor=16)
                                    B = T.match_buffer(W_reindex_shared_dyn_wmma_matrix_b[v1_o * 16:v1_o * 16 + 16, v2_o * 16:v2_o * 16 + 16], (16, 16), "float16", strides=("B_s0", "B_s1"), scope="wmma.matrix_b", offset_factor=16)
                                    C = T.match_buffer(conv2d_nchw_reindex_pad_shared_dyn_wmma_accumulator[v0_o, v1_o, 0, 0, 0:16, 0:16], (16, 16), "float16", strides=("C_s0", "C_s1"), scope="wmma.accumulator", offset_factor=16)
                                    T.tvm_mma_sync(C.data, C.elem_offset // C.strides[0] // 16 * (C.strides[0] // 16) + C.elem_offset % C.strides[0] // 16, A_1.data, A_1.elem_offset // A_1.strides[0] // 16 * (A_1.strides[0] // 16) + A_1.elem_offset % A_1.strides[0] // 16, B.data, B.elem_offset // B.strides[0] // 16 * (B.strides[0] // 16) + B.elem_offset % B.strides[0] // 16, C.data, C.elem_offset // C.strides[0] // 16 * (C.strides[0] // 16) + C.elem_offset % C.strides[0] // 16)
                for ax2 in range(1):
                    for ax0_ax1_fused in T.thread_binding(1, thread="threadIdx.y"):
                        for ax2_1, ax3 in T.grid(1, 1):
                            with T.block("conv2d_nchw_reindex_pad_shared.dyn_wmma.accumulator_o"):
                                v0_o = T.axis.spatial(13, ax0_0_1_ax1_0_1_fused // 8)
                                v1_o = T.axis.spatial(16, ax0_0_0_ax1_0_0_fused * 8 + ax0_0_1_ax1_0_1_fused % 8)
                                v2_o, v3_o = T.axis.remap("SS", [ax2_1, ax3])
                                v4_o = T.axis.spatial(1, 0)
                                v5_o = T.axis.spatial(1, 0)
                                T.reads(conv2d_nchw_reindex_pad_shared_dyn_wmma_accumulator[v0_o, v1_o, v2_o, v3_o, 0:16, 0:16])
                                T.writes(conv2d_nchw_reindex_pad_shared_dyn[v0_o, v1_o, v2_o, v3_o, 0:16, 0:16])
                                A_1 = T.match_buffer(conv2d_nchw_reindex_pad_shared_dyn_wmma_accumulator[v0_o, v1_o, v2_o, v3_o, 0:16, 0:16], (16, 16), "float16", strides=("A_s0", "A_s1"), scope="wmma.accumulator", offset_factor=16)
                                C = T.match_buffer(conv2d_nchw_reindex_pad_shared_dyn[v0_o, v1_o, v2_o, v3_o, 0:16, 0:16], (16, 16), "float16", strides=("C_s0", "C_s1"), scope="shared.dyn", offset_factor=16)
                                T.tvm_store_matrix_sync(A_1.data, 16, 16, 16, A_1.elem_offset // A_1.strides[0] // 16 * (A_1.strides[0] // 16) + A_1.elem_offset % A_1.strides[0] // 16, T.tvm_access_ptr(T.type_annotation("float16"), C.data, C.elem_offset, C.strides[0] * 16, 2), C.strides[0], "row_major")
                    for ax0_ax1_ax3_ax4_ax5_fused_0 in range(2):
                        for ax0_ax1_ax3_ax4_ax5_fused_1 in T.thread_binding(1, thread="threadIdx.y"):
                            for ax0_ax1_ax3_ax4_ax5_fused_2 in T.thread_binding(32, thread="threadIdx.x"):
                                for ax0_ax1_ax3_ax4_ax5_fused_3 in T.vectorized(4):
                                    with T.block("conv2d_nchw_reindex_pad_shared.dyn"):
                                        v0 = T.axis.spatial(13, ax0_0_1_ax1_0_1_fused // 8)
                                        v1 = T.axis.spatial(16, ax0_0_0_ax1_0_0_fused * 8 + ax0_0_1_ax1_0_1_fused % 8)
                                        v2 = T.axis.spatial(1, ax2)
                                        v3 = T.axis.spatial(1, 0)
                                        v4 = T.axis.spatial(16, (ax0_ax1_ax3_ax4_ax5_fused_0 * 128 + ax0_ax1_ax3_ax4_ax5_fused_1 * 128 + ax0_ax1_ax3_ax4_ax5_fused_2 * 4 + ax0_ax1_ax3_ax4_ax5_fused_3) // 16)
                                        v5 = T.axis.spatial(16, (ax0_ax1_ax3_ax4_ax5_fused_0 * 128 + ax0_ax1_ax3_ax4_ax5_fused_1 * 128 + ax0_ax1_ax3_ax4_ax5_fused_2 * 4 + ax0_ax1_ax3_ax4_ax5_fused_3) % 16)
                                        T.where(ax0_0_1_ax1_0_1_fused // 8 * 16 + T.Mul(0, 16) + (((ax0_ax1_ax3_ax4_ax5_fused_0 + ax0_ax1_ax3_ax4_ax5_fused_1) * 32 + ax0_ax1_ax3_ax4_ax5_fused_2) * 4 + ax0_ax1_ax3_ax4_ax5_fused_3) % 256 // 16 < 196)
                                        T.reads(conv2d_nchw_reindex_pad_shared_dyn[v0, v1, v2, v3, v4, v5])
                                        T.writes(conv2d_nchw[0, v5 + v1 * 16, (v4 + v0 * 16) // 14, (v4 + v0 * 16) % 14])
                                        conv2d_nchw[0, v5 + v1 * 16, (v4 + v0 * 16) // 14, (v4 + v0 * 16) % 14] = conv2d_nchw_reindex_pad_shared_dyn[v0, v1, v2, v3, v4, v5]
b0 = sch.get_block(name="pad_temp", func_name="main")
b1 = sch.get_block(name="conv2d_nchw", func_name="main")
b2 = sch.get_block(name="root", func_name="main")
sch.annotate(block_or_loop=b1, ann_key="meta_schedule.tiling_structure", ann_val="SSSRRSRS")
b3 = sch.reindex(block=b1, buffer=("write", 0))
b4 = sch.reindex(block=b1, buffer=("read", 0))
b5 = sch.reindex(block=b1, buffer=("read", 1))
sch.transform_layout(block=b1, buffer=("read", 0), index_map=lambda v_nn, v_yy, v_xx, v_rc, v_ry, v_rx: (v_nn * 196 + v_yy * 14 + v_xx, v_rc * 9 + v_ry * 3 + v_rx,), pad_value=None, assume_injective_transform=True)
sch.transform_layout(block=b1, buffer=("read", 1), index_map=lambda v_ff, v_rc, v_ry, v_rx: (v_ff, v_rc * 9 + v_ry * 3 + v_rx,), pad_value=None, assume_injective_transform=True)
sch.transform_layout(block=b1, buffer=("write", 0), index_map=lambda v_nn, v_ff, v_yy, v_xx: (v_nn * 196 + v_yy * 14 + v_xx, v_ff,), pad_value=None, assume_injective_transform=True)
sch.transform_block_layout(block=b3, index_map=lambda v_nn, v_ff, v_yy, v_xx: (v_nn * 196 + v_yy * 14 + v_xx, v_ff,))
sch.transform_block_layout(block=b4, index_map=lambda v_nn, v_yy, v_xx, v_rc, v_ry, v_rx: (v_nn * 196 + v_yy * 14 + v_xx, v_rc * 9 + v_ry * 3 + v_rx,))
sch.transform_block_layout(block=b5, index_map=lambda v_ff, v_rc, v_ry, v_rx: (v_ff, v_rc * 9 + v_ry * 3 + v_rx,))
sch.transform_block_layout(block=b1, index_map=lambda v_nn, v_ff, v_yy, v_xx, v_rc, v_ry, v_rx: (v_nn * 196 + v_yy * 14 + v_xx, v_ff, v_rc * 9 + v_ry * 3 + v_rx,))
sch.pad_einsum(block=b1, padding=[16, 1, 1])
b6, b7 = sch.get_producers(block=b1)
b8, = sch.get_producers(block=b6)
b9, = sch.get_consumers(block=b1)
sch.compute_inline(block=b8)
sch.compute_inline(block=b9)
l10, l11, l12 = sch.get_loops(block=b1)
l13, l14 = sch.split(loop=l12, factors=[None, 16], preserve_unit_iters=True, disable_predication=False)
l15, l16 = sch.split(loop=l11, factors=[None, 16], preserve_unit_iters=True, disable_predication=False)
l17, l18 = sch.split(loop=l10, factors=[None, 16], preserve_unit_iters=True, disable_predication=False)
l19, l20, l21, l22, l23, l24 = sch.get_loops(block=b1)
sch.reorder(l21, l23, l18, l16, l14)
b25 = sch.blockize(target=l18, preserve_unit_iters=True)
sch.annotate(block_or_loop=b25, ann_key="meta_schedule.auto_tensorize", ann_val="wmma_sync_16x16x16_f16f16f16_trans")
sch.annotate(block_or_loop=b25, ann_key="meta_schedule.auto_tensorize_init", ann_val="wmma_fill_16x16x16_f16")
sch.annotate(block_or_loop=b25, ann_key="warp_execution", ann_val=1)
l26, l27, l28 = sch.get_loops(block=b25)
v29, v30, v31, v32, v33 = sch.sample_perfect_tile(loop=l26, n=5, max_innermost_factor=4, decision=[1, 13, 1, 1, 1])
l34, l35, l36, l37, l38 = sch.split(loop=l26, factors=[v29, v30, v31, v32, v33], preserve_unit_iters=True, disable_predication=False)
v39, v40, v41, v42, v43 = sch.sample_perfect_tile(loop=l27, n=5, max_innermost_factor=4, decision=[2, 8, 1, 1, 1])
l44, l45, l46, l47, l48 = sch.split(loop=l27, factors=[v39, v40, v41, v42, v43], preserve_unit_iters=True, disable_predication=False)
v49, v50, v51 = sch.sample_perfect_tile(loop=l28, n=3, max_innermost_factor=4, decision=[72, 1, 1])
l52, l53, l54 = sch.split(loop=l28, factors=[v49, v50, v51], preserve_unit_iters=True, disable_predication=False)
sch.reorder(l34, l44, l35, l45, l36, l46, l52, l53, l37, l47, l54, l38, l48)
l55 = sch.fuse(l34, l44, preserve_unit_iters=True)
sch.bind(loop=l55, thread_axis="blockIdx.y")
l56 = sch.fuse(l35, l45, preserve_unit_iters=True)
sch.bind(loop=l56, thread_axis="blockIdx.x")
l57 = sch.fuse(l36, l46, preserve_unit_iters=True)
sch.bind(loop=l57, thread_axis="threadIdx.y")
sch.annotate(block_or_loop=b25, ann_key="meta_schedule.thread_extent_low_inclusive", ann_val=32)
sch.annotate(block_or_loop=b25, ann_key="meta_schedule.thread_extent_high_inclusive", ann_val=1024)
sch.transform_layout(block=b25, buffer=("write", 0), index_map=lambda i0, i1: (i0 // 16 // (v32 * v33), i1 // 16 // (v42 * v43), i0 // 16 % (v32 * v33), i1 // 16 % (v42 * v43), i0 % 16, i1 % 16,), pad_value=None, assume_injective_transform=True)
b58 = sch.cache_write(block=b25, write_buffer_index=0, storage_scope="shared.dyn")
sch.reverse_compute_at(block=b58, loop=l56, preserve_unit_loops=True, index=-1)
b59 = sch.cache_write(block=b25, write_buffer_index=0, storage_scope="wmma.accumulator")
l60, l61, l62, l63, l64, l65, l66, l67 = sch.get_loops(block=b58)
sch.reorder(l64, l62, l63, l65)
sch.compute_at(block=b59, loop=l64, preserve_unit_loops=True, index=-1)
l68, l69, l70, l71, l72, l73, l74, l75, l76 = sch.get_loops(block=b59)
l77 = sch.fuse(l71, l72, preserve_unit_iters=True)
sch.bind(loop=l77, thread_axis="threadIdx.y")
sch.reverse_compute_inline(block=b3)
l78, l79, l80, l81, l82, l83, l84, l85 = sch.get_loops(block=b59)
b86 = sch.blockize(target=l84, preserve_unit_iters=True)
sch.annotate(block_or_loop=b86, ann_key="meta_schedule.auto_tensorize", ann_val="wmma_store_16x16x16_f16_shared_dyn")
l87, l88, l89, l90, l91, l92, l93, l94 = sch.get_loops(block=b58)
l95 = sch.fuse(l90, l91, l92, l93, l94, preserve_unit_iters=True)
v96 = sch.sample_categorical(candidates=[1, 2, 4, 8], probs=[0.25, 0.25, 0.25, 0.25], decision=2)
sch.annotate(block_or_loop=b58, ann_key="meta_schedule.cooperative_fetch", ann_val=v96)
b97 = sch.cache_read(block=b25, read_buffer_index=0, storage_scope="shared.dyn", consumer_blocks=[b25])
sch.compute_at(block=b97, loop=l52, preserve_unit_loops=True, index=-1)
l98, l99, l100, l101, l102, l103 = sch.get_loops(block=b97)
l104 = sch.fuse(l102, l103, preserve_unit_iters=True)
v105 = sch.sample_categorical(candidates=[1, 2, 4, 8], probs=[0.25, 0.25, 0.25, 0.25], decision=2)
sch.annotate(block_or_loop=b97, ann_key="meta_schedule.cooperative_fetch", ann_val=v105)
b106 = sch.cache_read(block=b25, read_buffer_index=1, storage_scope="shared.dyn", consumer_blocks=[b25])
sch.compute_at(block=b106, loop=l52, preserve_unit_loops=True, index=-1)
l107, l108, l109, l110, l111, l112 = sch.get_loops(block=b106)
l113 = sch.fuse(l111, l112, preserve_unit_iters=True)
v114 = sch.sample_categorical(candidates=[1, 2, 4, 8], probs=[0.25, 0.25, 0.25, 0.25], decision=3)
sch.annotate(block_or_loop=b106, ann_key="meta_schedule.cooperative_fetch", ann_val=v114)
b115 = sch.cache_read(block=b25, read_buffer_index=0, storage_scope="wmma.matrix_a")
sch.compute_at(block=b115, loop=l53, preserve_unit_loops=True, index=-1)
l116, l117, l118, l119, l120, l121, l122 = sch.get_loops(block=b115)
l123, l124 = sch.split(loop=l122, factors=[None, 16], preserve_unit_iters=True, disable_predication=False)
l125, l126 = sch.split(loop=l121, factors=[None, 16], preserve_unit_iters=True, disable_predication=False)
l127, l128, l129, l130, l131, l132, l133, l134, l135 = sch.get_loops(block=b115)
sch.reorder(l134, l126, l124)
b136 = sch.blockize(target=l126, preserve_unit_iters=True)
sch.annotate(block_or_loop=b136, ann_key="meta_schedule.auto_tensorize", ann_val="wmma_load_16x16x16_f16_a_shared_dyn")
b137 = sch.cache_read(block=b25, read_buffer_index=1, storage_scope="wmma.matrix_b")
sch.compute_at(block=b137, loop=l53, preserve_unit_loops=True, index=-1)
l138, l139, l140, l141, l142, l143, l144 = sch.get_loops(block=b137)
l145, l146 = sch.split(loop=l144, factors=[None, 16], preserve_unit_iters=True, disable_predication=False)
l147, l148 = sch.split(loop=l143, factors=[None, 16], preserve_unit_iters=True, disable_predication=False)
l149, l150, l151, l152, l153, l154, l155, l156, l157 = sch.get_loops(block=b137)
sch.reorder(l156, l148, l146)
b158 = sch.blockize(target=l148, preserve_unit_iters=True)
sch.annotate(block_or_loop=b158, ann_key="meta_schedule.auto_tensorize", ann_val="wmma_load_16x16x16_f16_b_trans_shared_dyn")
b159, = sch.get_producers(block=b97)
sch.compute_inline(block=b159)
sch.storage_align(block=b97, buffer_index=0, axis=-2, factor=32, offset=8)
b160, = sch.get_producers(block=b106)
sch.compute_inline(block=b160)
sch.storage_align(block=b106, buffer_index=0, axis=-2, factor=32, offset=8)
sch.compute_inline(block=b0)
v161 = sch.sample_categorical(candidates=[0, 16, 64, 512, 1024], probs=[0.20000000000000001, 0.20000000000000001, 0.20000000000000001, 0.20000000000000001, 0.20000000000000001], decision=4)
sch.annotate(block_or_loop=b2, ann_key="meta_schedule.unroll_explicit", ann_val=v161)
sch.enter_postproc()
sch.unannotate(block_or_loop=b58, ann_key="meta_schedule.cooperative_fetch")
l162, l163, l164, l165 = sch.get_loops(block=b58)
l166, l167, l168, l169 = sch.split(loop=l165, factors=[None, 1, 32, 4], preserve_unit_iters=True, disable_predication=False)
sch.vectorize(loop=l169)
sch.bind(loop=l168, thread_axis="threadIdx.x")
sch.bind(loop=l167, thread_axis="threadIdx.y")
sch.unannotate(block_or_loop=b97, ann_key="meta_schedule.cooperative_fetch")
l170, l171, l172, l173, l174 = sch.get_loops(block=b97)
l175, l176, l177, l178 = sch.split(loop=l174, factors=[None, 1, 32, 4], preserve_unit_iters=True, disable_predication=False)
sch.vectorize(loop=l178)
sch.bind(loop=l177, thread_axis="threadIdx.x")
sch.bind(loop=l176, thread_axis="threadIdx.y")
sch.unannotate(block_or_loop=b106, ann_key="meta_schedule.cooperative_fetch")
l179, l180, l181, l182, l183 = sch.get_loops(block=b106)
l184, l185, l186, l187 = sch.split(loop=l183, factors=[None, 1, 32, 8], preserve_unit_iters=True, disable_predication=False)
sch.vectorize(loop=l187)
sch.bind(loop=l186, thread_axis="threadIdx.x")
sch.bind(loop=l185, thread_axis="threadIdx.y")
b188 = sch.get_block(name="root", func_name="main")
sch.unannotate(block_or_loop=b188, ann_key="meta_schedule.unroll_explicit")
b189, b190, b191, b192, b193, b194, b195 = sch.get_child_blocks(b188)
l196, l197, l198, l199, l200, l201, l202, l203 = sch.get_loops(block=b189)
l204, l205, l206, l207, l208, l209, l210, l211 = sch.get_loops(block=b190)
l212, l213, l214, l215, l216, l217, l218 = sch.get_loops(block=b191)
l219, l220, l221, l222, l223, l224, l225 = sch.get_loops(block=b192)
l226, l227, l228, l229, l230, l231, l232, l233, l234, l235 = sch.get_loops(block=b193)
sch.annotate(block_or_loop=l226, ann_key="pragma_auto_unroll_max_step", ann_val=1024)
sch.annotate(block_or_loop=l226, ann_key="pragma_unroll_explicit", ann_val=1)
l236, l237, l238, l239, l240, l241 = sch.get_loops(block=b194)
l242, l243, l244, l245, l246, l247, l248 = sch.get_loops(block=b195)
b249 = sch.get_block(name="conv2d_nchw_o", func_name="main")
l250, l251, l252, l253, l254, l255, l256, l257, l258, l259 = sch.get_loops(block=b249)
b260 = sch.decompose_reduction(block=b249, loop=l253)
sch.unannotate(block_or_loop=b260, ann_key="meta_schedule.auto_tensorize")
sch.annotate(block_or_loop=b260, ann_key="meta_schedule.auto_tensorize", ann_val="wmma_fill_16x16x16_f16")
sch.unannotate(block_or_loop=b249, ann_key="meta_schedule.auto_tensorize_init")
sch.unannotate(block_or_loop=b260, ann_key="meta_schedule.auto_tensorize_init")
b261 = sch.get_block(name="conv2d_nchw_o_init", func_name="main")
sch.unannotate(block_or_loop=b261, ann_key="meta_schedule.auto_tensorize")
sch.tensorize(block_or_loop=b261, tensor_intrin="wmma_fill_16x16x16_f16", preserve_unit_iters=True)
b262 = sch.get_block(name="pad_temp_reindex_pad_shared.dyn_wmma.matrix_a_o", func_name="main")
sch.unannotate(block_or_loop=b262, ann_key="meta_schedule.auto_tensorize")
sch.tensorize(block_or_loop=b262, tensor_intrin="wmma_load_16x16x16_f16_a_shared_dyn", preserve_unit_iters=True)
b263 = sch.get_block(name="W_reindex_shared.dyn_wmma.matrix_b_o", func_name="main")
sch.unannotate(block_or_loop=b263, ann_key="meta_schedule.auto_tensorize")
sch.tensorize(block_or_loop=b263, tensor_intrin="wmma_load_16x16x16_f16_b_trans_shared_dyn", preserve_unit_iters=True)
b264 = sch.get_block(name="conv2d_nchw_o_update", func_name="main")
sch.unannotate(block_or_loop=b264, ann_key="meta_schedule.auto_tensorize")
sch.tensorize(block_or_loop=b264, tensor_intrin="wmma_sync_16x16x16_f16f16f16_trans", preserve_unit_iters=True)
b265 = sch.get_block(name="conv2d_nchw_reindex_pad_shared.dyn_wmma.accumulator_o", func_name="main")
sch.unannotate(block_or_loop=b265, ann_key="meta_schedule.auto_tensorize")
sch.tensorize(block_or_loop=b265, tensor_intrin="wmma_store_16x16x16_f16_shared_dyn", preserve_unit_iters=True)
2025-10-07 10:10:35 [INFO] [task_scheduler.cc:131] [Task #0: main] Trial #101: GFLOPs: 1307.5180. Time: 88.4160 us. Best GFLOPs: 7352.8072
2025-10-07 10:10:35 [INFO] [task_scheduler.cc:131] [Task #0: main] Trial #102: GFLOPs: 1746.6232. Time: 66.1880 us. Best GFLOPs: 7352.8072
2025-10-07 10:10:35 [INFO] [task_scheduler.cc:131] [Task #0: main] Trial #103: GFLOPs: 1384.2567. Time: 83.5145 us. Best GFLOPs: 7352.8072
2025-10-07 10:10:35 [INFO] [task_scheduler.cc:131] [Task #0: main] Trial #104: GFLOPs: 1479.5897. Time: 78.1335 us. Best GFLOPs: 7352.8072
2025-10-07 10:10:35 [INFO] [task_scheduler.cc:131] [Task #0: main] Trial #105: GFLOPs: 6171.0020. Time: 18.7337 us. Best GFLOPs: 7352.8072
2025-10-07 10:10:35 [INFO] [task_scheduler.cc:131] [Task #0: main] Trial #106: GFLOPs: 1755.4040. Time: 65.8569 us. Best GFLOPs: 7352.8072
2025-10-07 10:10:35 [INFO] [task_scheduler.cc:121] [Task #0: main] Trial #107: Error in building:
LocalBuilder: An exception occurred
Traceback (most recent call last):
  File "/workspace/tvm-dev/python/tvm/exec/popen_worker.py", line 87, in main
    result = fn(*args, **kwargs)
             ^^^^^^^^^^^^^^^^^^^
  File "/workspace/tvm-dev/python/tvm/meta_schedule/builder/local_builder.py", line 165, in <lambda>
    lambda x: _worker_func(*x),
              ^^^^^^^^^^^^^^^^
  File "/workspace/tvm-dev/python/tvm/meta_schedule/builder/local_builder.py", line 231, in _worker_func
    rt_mod: Module = f_build(mod, target, _deserialize_params(params))
                     ^^^^^^^^^^^^^^^^^^^^^^^^^^^^^^^^^^^^^^^^^^^^^^^^^
  File "/workspace/tvm-dev/python/tvm/_ffi/_ctypes/packed_func.py", line 245, in __call__
    raise_last_ffi_error()
  File "/workspace/tvm-dev/python/tvm/_ffi/base.py", line 481, in raise_last_ffi_error
    raise py_err
  File "/workspace/tvm-dev/python/tvm/meta_schedule/builder/local_builder.py", line 261, in default_build
    return tvm_build(mod, target=target)
           ^^^^^^^^^^^^^^^^^^^^^^^^^^^^^
  File "/workspace/tvm-dev/python/tvm/driver/build_module.py", line 297, in build
    rt_mod_host = _driver_ffi.tir_to_runtime(annotated_mods, target_host)
                  ^^^^^^^^^^^^^^^^^^^^^^^^^^^^^^^^^^^^^^^^^^^^^^^^^^^^^^^
  File "/workspace/tvm-dev/python/tvm/_ffi/_ctypes/packed_func.py", line 245, in __call__
    raise_last_ffi_error()
  File "/workspace/tvm-dev/python/tvm/_ffi/base.py", line 481, in raise_last_ffi_error
    raise py_err
ValueError: Traceback (most recent call last):
  34: tvm::runtime::PackedFuncObj::Extractor<tvm::runtime::PackedFuncSubObj<tvm::runtime::TypedPackedFunc<tvm::runtime::Module (tvm::runtime::Map<tvm::Target, tvm::IRModule, void, void> const&, tvm::Target)>::AssignTypedLambda<tvm::__mk_TVM24::{lambda(tvm::runtime::Map<tvm::Target, tvm::IRModule, void, void> const&, tvm::Target)#1}>(tvm::__mk_TVM24::{lambda(tvm::runtime::Map<tvm::Target, tvm::IRModule, void, void> const&, tvm::Target)#1}, std::__cxx11::basic_string<char, std::char_traits<char>, std::allocator<char> >)::{lambda(tvm::runtime::TVMArgs const&, tvm::runtime::TVMRetValue*)#1}> >::Call(tvm::runtime::PackedFuncObj const*, std::__cxx11::basic_string<char, std::char_traits<char>, std::allocator<char> >, tvm::runtime::TVMRetValue)
  33: tvm::TIRToRuntime(tvm::runtime::Map<tvm::Target, tvm::IRModule, void, void> const&, tvm::Target const&)
  32: tvm::codegen::Build(tvm::IRModule, tvm::Target)
  31: _ZN3tvm7runtime13PackedFuncObj
  30: tvm::runtime::TypedPackedFunc<tvm::runtime::Module (tvm::IRModule, tvm::Target)>::AssignTypedLambda<tvm::runtime::Module (*)(tvm::IRModule, tvm::Target)>(tvm::runtime::Module (*)(tvm::IRModule, tvm::Target), std::__cxx11::basic_string<char, std::char_traits<char>, std::allocator<char> >)::{lambda(tvm::runtime::TVMArgs const&, tvm::runtime::TVMRetValue*)#1}::operator()(tvm::runtime::TVMArgs const&, tvm::runtime::TVMRetValue*) const
  29: tvm::codegen::BuildCUDA(tvm::IRModule, tvm::Target)
  28: tvm::codegen::CodeGenC::AddFunction(tvm::GlobalVar const&, tvm::tir::PrimFunc const&)
  27: tvm::codegen::CodeGenCUDA::VisitStmt_(tvm::tir::AllocateNode const*)
  26: tvm::codegen::CodeGenCUDA::VisitStmt_(tvm::tir::AllocateNode const*)
  25: tvm::codegen::CodeGenCUDA::VisitStmt_(tvm::tir::AllocateNode const*)
  24: tvm::codegen::CodeGenCUDA::VisitStmt_(tvm::tir::AllocateNode const*)
  23: tvm::codegen::CodeGenC::VisitStmt_(tvm::tir::SeqStmtNode const*)
  22: tvm::codegen::CodeGenC::VisitStmt_(tvm::tir::ForNode const*)
  21: tvm::codegen::CodeGenC::VisitStmt_(tvm::tir::SeqStmtNode const*)
  20: tvm::codegen::CodeGenC::VisitStmt_(tvm::tir::ForNode const*)
  19: tvm::codegen::CodeGenC::VisitStmt_(tvm::tir::BufferStoreNode const*)
  18: tvm::codegen::CodeGenC::PrintExpr[abi:cxx11](tvm::PrimExpr const&)
  17: tvm::codegen::CodeGenC::VisitExpr_(tvm::tir::BufferLoadNode const*, std::ostream&)
  16: tvm::codegen::CodeGenC::PrintExpr[abi:cxx11](tvm::PrimExpr const&)
  15: void tvm::codegen::PrintBinaryExpr<tvm::tir::AddNode>(tvm::tir::AddNode const*, char const*, std::ostream&, tvm::codegen::CodeGenC*)
  14: tvm::codegen::CodeGenCUDA::PrintVecBinaryOp(std::__cxx11::basic_string<char, std::char_traits<char>, std::allocator<char> > const&, tvm::runtime::DataType, tvm::PrimExpr, tvm::PrimExpr, std::ostream&)
  13: tvm::codegen::CodeGenC::PrintExpr[abi:cxx11](tvm::PrimExpr const&)
  12: void tvm::codegen::PrintBinaryExpr<tvm::tir::AddNode>(tvm::tir::AddNode const*, char const*, std::ostream&, tvm::codegen::CodeGenC*)
  11: tvm::codegen::CodeGenCUDA::PrintVecBinaryOp(std::__cxx11::basic_string<char, std::char_traits<char>, std::allocator<char> > const&, tvm::runtime::DataType, tvm::PrimExpr, tvm::PrimExpr, std::ostream&)
  10: tvm::codegen::CodeGenC::PrintExpr[abi:cxx11](tvm::PrimExpr const&)
  9: void tvm::codegen::PrintBinaryExpr<tvm::tir::AddNode>(tvm::tir::AddNode const*, char const*, std::ostream&, tvm::codegen::CodeGenC*)
  8: tvm::codegen::CodeGenCUDA::PrintVecBinaryOp(std::__cxx11::basic_string<char, std::char_traits<char>, std::allocator<char> > const&, tvm::runtime::DataType, tvm::PrimExpr, tvm::PrimExpr, std::ostream&)
  7: tvm::codegen::CodeGenC::PrintExpr[abi:cxx11](tvm::PrimExpr const&)
  6: void tvm::codegen::PrintBinaryExpr<tvm::tir::MulNode>(tvm::tir::MulNode const*, char const*, std::ostream&, tvm::codegen::CodeGenC*)
  5: tvm::codegen::CodeGenCUDA::PrintVecBinaryOp(std::__cxx11::basic_string<char, std::char_traits<char>, std::allocator<char> > const&, tvm::runtime::DataType, tvm::PrimExpr, tvm::PrimExpr, std::ostream&)
  4: tvm::codegen::CodeGenC::PrintExpr[abi:cxx11](tvm::PrimExpr const&)
  3: void tvm::codegen::PrintBinaryExpr<tvm::tir::DivNode>(tvm::tir::DivNode const*, char const*, std::ostream&, tvm::codegen::CodeGenC*)
  2: tvm::codegen::CodeGenCUDA::PrintVecBinaryOp(std::__cxx11::basic_string<char, std::char_traits<char>, std::allocator<char> > const&, tvm::runtime::DataType, tvm::PrimExpr, tvm::PrimExpr, std::ostream&)
  1: tvm::codegen::CodeGenC::PrintExpr[abi:cxx11](tvm::PrimExpr const&)
  0: tvm::codegen::CodeGenCUDA::VisitExpr_(tvm::tir::RampNode const*, std::ostream&)
  File "/workspace/tvm-dev/src/target/source/codegen_cuda.cc", line 1204
ValueError: Check failed: lanes <= 4 (8 vs. 4) : Ramp of more than 4 lanes is not allowed.

# from tvm.script import ir as I
# from tvm.script import tir as T

@I.ir_module
class Module:
    @T.prim_func
    def main(A: T.Buffer((1, 128, 28, 28), "float16"), W: T.Buffer((256, 128, 3, 3), "float16"), conv2d_nchw: T.Buffer((1, 256, 14, 14), "float16")):
        T.func_attr({"tir.noalias": T.bool(True)})
        # with T.block("root"):
        conv2d_nchw_reindex_pad_shared_dyn = T.alloc_buffer((13, 8, 1, 2, 16, 16), "float16", scope="shared.dyn")
        conv2d_nchw_reindex_pad_shared_dyn_wmma_accumulator = T.alloc_buffer((13, 8, 1, 2, 16, 16), "float16", scope="wmma.accumulator")
        pad_temp_reindex_pad_shared_dyn = T.alloc_buffer((208, 1152), "float16", scope="shared.dyn")
        W_reindex_shared_dyn = T.alloc_buffer((256, 1152), "float16", scope="shared.dyn")
        pad_temp_reindex_pad_shared_dyn_wmma_matrix_a = T.alloc_buffer((208, 1152), "float16", scope="wmma.matrix_a")
        W_reindex_shared_dyn_wmma_matrix_b = T.alloc_buffer((256, 1152), "float16", scope="wmma.matrix_b")
        for ax0_0_0_ax1_0_0_fused in T.thread_binding(4, thread="blockIdx.y"):
            for ax0_0_1_ax1_0_1_fused in T.thread_binding(26, thread="blockIdx.x"):
                for ax0_0_2_ax1_0_2_fused in T.thread_binding(1, thread="threadIdx.y"):
                    for ax0_0_3_init, ax1_0_3_init, ax0_0_4_init, ax1_0_4_init in T.grid(1, 2, 1, 1):
                        with T.block("conv2d_nchw_o_init"):
                            v0_o = T.axis.spatial(13, ax0_0_1_ax1_0_1_fused // 2 + ax0_0_3_init + ax0_0_4_init)
                            v1_o = T.axis.spatial(16, ax0_0_0_ax1_0_0_fused * 4 + ax0_0_1_ax1_0_1_fused % 2 * 2 + ax1_0_3_init + ax1_0_4_init)
                            T.reads()
                            T.writes(conv2d_nchw_reindex_pad_shared_dyn_wmma_accumulator[v0_o, v1_o // 2, 0, v1_o % 2, 0:16, 0:16])
                            T.block_attr({"meta_schedule.thread_extent_high_inclusive": 1024, "meta_schedule.thread_extent_low_inclusive": 32, "warp_execution": 1})
                            C = T.match_buffer(conv2d_nchw_reindex_pad_shared_dyn_wmma_accumulator[v0_o, v1_o // 2, 0, v1_o % 2, 0:16, 0:16], (16, 16), "float16", strides=("C_s0", "C_s1"), scope="wmma.accumulator", offset_factor=16)
                            T.tvm_fill_fragment(C.data, 16, 16, 16, C.elem_offset // C.strides[0] // 16 * (C.strides[0] // 16) + C.elem_offset % C.strides[0] // 16, T.float32(0.0))
                    for ax2_0_0 in range(24):
                        for ax0_ax1_fused_0 in range(6):
                            for ax0_ax1_fused_1 in T.thread_binding(1, thread="threadIdx.y"):
                                for ax0_ax1_fused_2 in T.thread_binding(32, thread="threadIdx.x"):
                                    for ax0_ax1_fused_3 in T.vectorized(4):
                                        with T.block("pad_temp_reindex_pad_shared.dyn"):
                                            v0 = T.axis.spatial(208, ax0_0_1_ax1_0_1_fused // 2 * 16 + (ax0_ax1_fused_0 * 128 + ax0_ax1_fused_1 * 128 + ax0_ax1_fused_2 * 4 + ax0_ax1_fused_3) // 48)
                                            v1 = T.axis.spatial(1152, ax2_0_0 * 48 + (ax0_ax1_fused_0 * 128 + ax0_ax1_fused_1 * 128 + ax0_ax1_fused_2 * 4 + ax0_ax1_fused_3) % 48)
                                            T.reads(A[0, v1 // 9, v0 // 14 * 2 + v1 % 9 // 3 - 1, v0 % 14 * 2 + v1 % 3 - 1])
                                            T.writes(pad_temp_reindex_pad_shared_dyn[v0, v1])
                                            T.block_attr({"buffer_dim_align": [[0, 0, 32, 8]]})
                                            pad_temp_reindex_pad_shared_dyn[v0, v1] = T.if_then_else(v0 < 196, T.if_then_else(1 <= v0 // 14 * 2 + v1 % 9 // 3 and v0 // 14 * 2 + v1 % 9 // 3 < 29 and 1 <= v0 % 14 * 2 + v1 % 3 and v0 % 14 * 2 + v1 % 3 < 29, A[0, v1 // 9, v0 // 14 * 2 + v1 % 9 // 3 - 1, v0 % 14 * 2 + v1 % 3 - 1], T.float16(0.0)), T.float16(0.0))
                        for ax0_ax1_fused_0 in range(6):
                            for ax0_ax1_fused_1 in T.thread_binding(1, thread="threadIdx.y"):
                                for ax0_ax1_fused_2 in T.thread_binding(32, thread="threadIdx.x"):
                                    for ax0_ax1_fused_3 in T.vectorized(8):
                                        with T.block("W_reindex_shared.dyn"):
                                            v0 = T.axis.spatial(256, ax0_0_0_ax1_0_0_fused * 64 + ax0_0_1_ax1_0_1_fused % 2 * 32 + (ax0_ax1_fused_0 * 256 + ax0_ax1_fused_1 * 256 + ax0_ax1_fused_2 * 8 + ax0_ax1_fused_3) // 48)
                                            v1 = T.axis.spatial(1152, ax2_0_0 * 48 + (ax0_ax1_fused_0 * 256 + ax0_ax1_fused_1 * 256 + ax0_ax1_fused_2 * 8 + ax0_ax1_fused_3) % 48)
                                            T.reads(W[v0, v1 // 9, v1 % 9 // 3, v1 % 3])
                                            T.writes(W_reindex_shared_dyn[v0, v1])
                                            T.block_attr({"buffer_dim_align": [[0, 0, 32, 8]]})
                                            W_reindex_shared_dyn[v0, v1] = W[v0, v1 // 9, v1 % 9 // 3, v1 % 3]
                        for ax2_0_1 in range(1):
                            for ax0_0, ax1_0 in T.grid(1, 3):
                                with T.block("pad_temp_reindex_pad_shared.dyn_wmma.matrix_a_o"):
                                    v0_o = T.axis.spatial(13, ax0_0_1_ax1_0_1_fused // 2 + ax0_0)
                                    v1_o = T.axis.spatial(72, ax2_0_0 * 3 + ax1_0)
                                    T.reads(pad_temp_reindex_pad_shared_dyn[v0_o * 16:v0_o * 16 + 16, v1_o * 16:v1_o * 16 + 16])
                                    T.writes(pad_temp_reindex_pad_shared_dyn_wmma_matrix_a[v0_o * 16:v0_o * 16 + 16, v1_o * 16:v1_o * 16 + 16])
                                    A_1 = T.match_buffer(pad_temp_reindex_pad_shared_dyn[v0_o * 16:v0_o * 16 + 16, v1_o * 16:v1_o * 16 + 16], (16, 16), "float16", strides=("A_s0", "A_s1"), scope="shared.dyn", offset_factor=16)
                                    C = T.match_buffer(pad_temp_reindex_pad_shared_dyn_wmma_matrix_a[v0_o * 16:v0_o * 16 + 16, v1_o * 16:v1_o * 16 + 16], (16, 16), "float16", strides=("C_s0", "C_s1"), scope="wmma.matrix_a", offset_factor=16)
                                    T.tvm_load_matrix_sync(C.data, 16, 16, 16, C.elem_offset // C.strides[0] // 16 * (C.strides[0] // 16) + C.elem_offset % C.strides[0] // 16, T.tvm_access_ptr(T.type_annotation("float16"), A_1.data, A_1.elem_offset, A_1.strides[0] * 16, 1), A_1.strides[0], "row_major")
                            for ax0_0, ax1_0 in T.grid(2, 3):
                                with T.block("W_reindex_shared.dyn_wmma.matrix_b_o"):
                                    v0_o = T.axis.spatial(16, ax0_0_0_ax1_0_0_fused * 4 + ax0_0_1_ax1_0_1_fused % 2 * 2 + ax0_0)
                                    v1_o = T.axis.spatial(72, ax2_0_0 * 3 + ax1_0)
                                    T.reads(W_reindex_shared_dyn[v0_o * 16:v0_o * 16 + 16, v1_o * 16:v1_o * 16 + 16])
                                    T.writes(W_reindex_shared_dyn_wmma_matrix_b[v0_o * 16:v0_o * 16 + 16, v1_o * 16:v1_o * 16 + 16])
                                    A_1 = T.match_buffer(W_reindex_shared_dyn[v0_o * 16:v0_o * 16 + 16, v1_o * 16:v1_o * 16 + 16], (16, 16), "float16", strides=("A_s0", "A_s1"), scope="shared.dyn", offset_factor=16)
                                    C = T.match_buffer(W_reindex_shared_dyn_wmma_matrix_b[v0_o * 16:v0_o * 16 + 16, v1_o * 16:v1_o * 16 + 16], (16, 16), "float16", strides=("C_s0", "C_s1"), scope="wmma.matrix_b", offset_factor=16)
                                    T.tvm_load_matrix_sync(C.data, 16, 16, 16, C.elem_offset // C.strides[0] // 16 * (C.strides[0] // 16) + C.elem_offset % C.strides[0] // 16, T.tvm_access_ptr(T.type_annotation("float16"), A_1.data, A_1.elem_offset, A_1.strides[0] * 16, 1), A_1.strides[0], "col_major")
                            for ax0_0_3, ax1_0_3, ax2_0_2, ax0_0_4, ax1_0_4 in T.grid(1, 2, 3, 1, 1):
                                with T.block("conv2d_nchw_o_update"):
                                    v0_o = T.axis.spatial(13, ax0_0_1_ax1_0_1_fused // 2 + ax0_0_3 + ax0_0_4)
                                    v1_o = T.axis.spatial(16, ax0_0_0_ax1_0_0_fused * 4 + ax0_0_1_ax1_0_1_fused % 2 * 2 + ax1_0_3 + ax1_0_4)
                                    v2_o = T.axis.reduce(72, ax2_0_0 * 3 + ax2_0_1 * 3 + ax2_0_2)
                                    T.reads(conv2d_nchw_reindex_pad_shared_dyn_wmma_accumulator[v0_o, v1_o // 2, 0, v1_o % 2, 0:16, 0:16], pad_temp_reindex_pad_shared_dyn_wmma_matrix_a[v0_o * 16:v0_o * 16 + 16, v2_o * 16:v2_o * 16 + 16], W_reindex_shared_dyn_wmma_matrix_b[v1_o * 16:v1_o * 16 + 16, v2_o * 16:v2_o * 16 + 16])
                                    T.writes(conv2d_nchw_reindex_pad_shared_dyn_wmma_accumulator[v0_o, v1_o // 2, 0, v1_o % 2, 0:16, 0:16])
                                    T.block_attr({"meta_schedule.thread_extent_high_inclusive": 1024, "meta_schedule.thread_extent_low_inclusive": 32, "warp_execution": 1})
                                    A_1 = T.match_buffer(pad_temp_reindex_pad_shared_dyn_wmma_matrix_a[v0_o * 16:v0_o * 16 + 16, v2_o * 16:v2_o * 16 + 16], (16, 16), "float16", strides=("A_s0", "A_s1"), scope="wmma.matrix_a", offset_factor=16)
                                    B = T.match_buffer(W_reindex_shared_dyn_wmma_matrix_b[v1_o * 16:v1_o * 16 + 16, v2_o * 16:v2_o * 16 + 16], (16, 16), "float16", strides=("B_s0", "B_s1"), scope="wmma.matrix_b", offset_factor=16)
                                    C = T.match_buffer(conv2d_nchw_reindex_pad_shared_dyn_wmma_accumulator[v0_o, v1_o // 2, 0, v1_o % 2, 0:16, 0:16], (16, 16), "float16", strides=("C_s0", "C_s1"), scope="wmma.accumulator", offset_factor=16)
                                    T.tvm_mma_sync(C.data, C.elem_offset // C.strides[0] // 16 * (C.strides[0] // 16) + C.elem_offset % C.strides[0] // 16, A_1.data, A_1.elem_offset // A_1.strides[0] // 16 * (A_1.strides[0] // 16) + A_1.elem_offset % A_1.strides[0] // 16, B.data, B.elem_offset // B.strides[0] // 16 * (B.strides[0] // 16) + B.elem_offset % B.strides[0] // 16, C.data, C.elem_offset // C.strides[0] // 16 * (C.strides[0] // 16) + C.elem_offset % C.strides[0] // 16)
                for ax2 in range(1):
                    for ax0_ax1_fused in T.thread_binding(1, thread="threadIdx.y"):
                        for ax2_1, ax3 in T.grid(1, 2):
                            with T.block("conv2d_nchw_reindex_pad_shared.dyn_wmma.accumulator_o"):
                                v0_o = T.axis.spatial(13, ax0_0_1_ax1_0_1_fused // 2)
                                v1_o = T.axis.spatial(8, ax0_0_0_ax1_0_0_fused * 2 + ax0_0_1_ax1_0_1_fused % 2)
                                v2_o, v3_o = T.axis.remap("SS", [ax2_1, ax3])
                                v4_o = T.axis.spatial(1, 0)
                                v5_o = T.axis.spatial(1, 0)
                                T.reads(conv2d_nchw_reindex_pad_shared_dyn_wmma_accumulator[v0_o, v1_o, v2_o, v3_o, 0:16, 0:16])
                                T.writes(conv2d_nchw_reindex_pad_shared_dyn[v0_o, v1_o, v2_o, v3_o, 0:16, 0:16])
                                A_1 = T.match_buffer(conv2d_nchw_reindex_pad_shared_dyn_wmma_accumulator[v0_o, v1_o, v2_o, v3_o, 0:16, 0:16], (16, 16), "float16", strides=("A_s0", "A_s1"), scope="wmma.accumulator", offset_factor=16)
                                C = T.match_buffer(conv2d_nchw_reindex_pad_shared_dyn[v0_o, v1_o, v2_o, v3_o, 0:16, 0:16], (16, 16), "float16", strides=("C_s0", "C_s1"), scope="shared.dyn", offset_factor=16)
                                T.tvm_store_matrix_sync(A_1.data, 16, 16, 16, A_1.elem_offset // A_1.strides[0] // 16 * (A_1.strides[0] // 16) + A_1.elem_offset % A_1.strides[0] // 16, T.tvm_access_ptr(T.type_annotation("float16"), C.data, C.elem_offset, C.strides[0] * 16, 2), C.strides[0], "row_major")
                    for ax0_ax1_ax3_ax4_ax5_fused_0 in range(4):
                        for ax0_ax1_ax3_ax4_ax5_fused_1 in T.thread_binding(1, thread="threadIdx.y"):
                            for ax0_ax1_ax3_ax4_ax5_fused_2 in T.thread_binding(32, thread="threadIdx.x"):
                                for ax0_ax1_ax3_ax4_ax5_fused_3 in T.vectorized(4):
                                    with T.block("conv2d_nchw_reindex_pad_shared.dyn"):
                                        v0 = T.axis.spatial(13, ax0_0_1_ax1_0_1_fused // 2)
                                        v1 = T.axis.spatial(8, ax0_0_0_ax1_0_0_fused * 2 + ax0_0_1_ax1_0_1_fused % 2)
                                        v2 = T.axis.spatial(1, ax2)
                                        v3 = T.axis.spatial(2, (ax0_ax1_ax3_ax4_ax5_fused_0 * 128 + ax0_ax1_ax3_ax4_ax5_fused_1 * 128 + ax0_ax1_ax3_ax4_ax5_fused_2 * 4 + ax0_ax1_ax3_ax4_ax5_fused_3) // 256)
                                        v4 = T.axis.spatial(16, (ax0_ax1_ax3_ax4_ax5_fused_0 * 128 + ax0_ax1_ax3_ax4_ax5_fused_1 * 128 + ax0_ax1_ax3_ax4_ax5_fused_2 * 4 + ax0_ax1_ax3_ax4_ax5_fused_3) % 256 // 16)
                                        v5 = T.axis.spatial(16, (ax0_ax1_ax3_ax4_ax5_fused_0 * 128 + ax0_ax1_ax3_ax4_ax5_fused_1 * 128 + ax0_ax1_ax3_ax4_ax5_fused_2 * 4 + ax0_ax1_ax3_ax4_ax5_fused_3) % 16)
                                        T.where(ax0_0_1_ax1_0_1_fused // 2 * 16 + T.Mul(0, 16) + (((ax0_ax1_ax3_ax4_ax5_fused_0 + ax0_ax1_ax3_ax4_ax5_fused_1) * 32 + ax0_ax1_ax3_ax4_ax5_fused_2) * 4 + ax0_ax1_ax3_ax4_ax5_fused_3) % 256 // 16 < 196)
                                        T.reads(conv2d_nchw_reindex_pad_shared_dyn[v0, v1, v2, v3, v4, v5])
                                        T.writes(conv2d_nchw[0, v5 + v3 * 16 + v1 * 32, (v4 + v0 * 16) // 14, (v4 + v0 * 16) % 14])
                                        conv2d_nchw[0, v5 + v3 * 16 + v1 * 32, (v4 + v0 * 16) // 14, (v4 + v0 * 16) % 14] = conv2d_nchw_reindex_pad_shared_dyn[v0, v1, v2, v3, v4, v5]
b0 = sch.get_block(name="pad_temp", func_name="main")
b1 = sch.get_block(name="conv2d_nchw", func_name="main")
b2 = sch.get_block(name="root", func_name="main")
sch.annotate(block_or_loop=b1, ann_key="meta_schedule.tiling_structure", ann_val="SSSRRSRS")
b3 = sch.reindex(block=b1, buffer=("write", 0))
b4 = sch.reindex(block=b1, buffer=("read", 0))
b5 = sch.reindex(block=b1, buffer=("read", 1))
sch.transform_layout(block=b1, buffer=("read", 0), index_map=lambda v_nn, v_yy, v_xx, v_rc, v_ry, v_rx: (v_nn * 196 + v_yy * 14 + v_xx, v_rc * 9 + v_ry * 3 + v_rx,), pad_value=None, assume_injective_transform=True)
sch.transform_layout(block=b1, buffer=("read", 1), index_map=lambda v_ff, v_rc, v_ry, v_rx: (v_ff, v_rc * 9 + v_ry * 3 + v_rx,), pad_value=None, assume_injective_transform=True)
sch.transform_layout(block=b1, buffer=("write", 0), index_map=lambda v_nn, v_ff, v_yy, v_xx: (v_nn * 196 + v_yy * 14 + v_xx, v_ff,), pad_value=None, assume_injective_transform=True)
sch.transform_block_layout(block=b3, index_map=lambda v_nn, v_ff, v_yy, v_xx: (v_nn * 196 + v_yy * 14 + v_xx, v_ff,))
sch.transform_block_layout(block=b4, index_map=lambda v_nn, v_yy, v_xx, v_rc, v_ry, v_rx: (v_nn * 196 + v_yy * 14 + v_xx, v_rc * 9 + v_ry * 3 + v_rx,))
sch.transform_block_layout(block=b5, index_map=lambda v_ff, v_rc, v_ry, v_rx: (v_ff, v_rc * 9 + v_ry * 3 + v_rx,))
sch.transform_block_layout(block=b1, index_map=lambda v_nn, v_ff, v_yy, v_xx, v_rc, v_ry, v_rx: (v_nn * 196 + v_yy * 14 + v_xx, v_ff, v_rc * 9 + v_ry * 3 + v_rx,))
sch.pad_einsum(block=b1, padding=[16, 1, 1])
b6, b7 = sch.get_producers(block=b1)
b8, = sch.get_producers(block=b6)
b9, = sch.get_consumers(block=b1)
sch.compute_inline(block=b8)
sch.compute_inline(block=b9)
l10, l11, l12 = sch.get_loops(block=b1)
l13, l14 = sch.split(loop=l12, factors=[None, 16], preserve_unit_iters=True, disable_predication=False)
l15, l16 = sch.split(loop=l11, factors=[None, 16], preserve_unit_iters=True, disable_predication=False)
l17, l18 = sch.split(loop=l10, factors=[None, 16], preserve_unit_iters=True, disable_predication=False)
l19, l20, l21, l22, l23, l24 = sch.get_loops(block=b1)
sch.reorder(l21, l23, l18, l16, l14)
b25 = sch.blockize(target=l18, preserve_unit_iters=True)
sch.annotate(block_or_loop=b25, ann_key="meta_schedule.auto_tensorize", ann_val="wmma_sync_16x16x16_f16f16f16_trans")
sch.annotate(block_or_loop=b25, ann_key="meta_schedule.auto_tensorize_init", ann_val="wmma_fill_16x16x16_f16")
sch.annotate(block_or_loop=b25, ann_key="warp_execution", ann_val=1)
l26, l27, l28 = sch.get_loops(block=b25)
v29, v30, v31, v32, v33 = sch.sample_perfect_tile(loop=l26, n=5, max_innermost_factor=4, decision=[1, 13, 1, 1, 1])
l34, l35, l36, l37, l38 = sch.split(loop=l26, factors=[v29, v30, v31, v32, v33], preserve_unit_iters=True, disable_predication=False)
v39, v40, v41, v42, v43 = sch.sample_perfect_tile(loop=l27, n=5, max_innermost_factor=4, decision=[4, 2, 1, 2, 1])
l44, l45, l46, l47, l48 = sch.split(loop=l27, factors=[v39, v40, v41, v42, v43], preserve_unit_iters=True, disable_predication=False)
v49, v50, v51 = sch.sample_perfect_tile(loop=l28, n=3, max_innermost_factor=4, decision=[24, 1, 3])
l52, l53, l54 = sch.split(loop=l28, factors=[v49, v50, v51], preserve_unit_iters=True, disable_predication=False)
sch.reorder(l34, l44, l35, l45, l36, l46, l52, l53, l37, l47, l54, l38, l48)
l55 = sch.fuse(l34, l44, preserve_unit_iters=True)
sch.bind(loop=l55, thread_axis="blockIdx.y")
l56 = sch.fuse(l35, l45, preserve_unit_iters=True)
sch.bind(loop=l56, thread_axis="blockIdx.x")
l57 = sch.fuse(l36, l46, preserve_unit_iters=True)
sch.bind(loop=l57, thread_axis="threadIdx.y")
sch.annotate(block_or_loop=b25, ann_key="meta_schedule.thread_extent_low_inclusive", ann_val=32)
sch.annotate(block_or_loop=b25, ann_key="meta_schedule.thread_extent_high_inclusive", ann_val=1024)
sch.transform_layout(block=b25, buffer=("write", 0), index_map=lambda i0, i1: (i0 // 16 // (v32 * v33), i1 // 16 // (v42 * v43), i0 // 16 % (v32 * v33), i1 // 16 % (v42 * v43), i0 % 16, i1 % 16,), pad_value=None, assume_injective_transform=True)
b58 = sch.cache_write(block=b25, write_buffer_index=0, storage_scope="shared.dyn")
sch.reverse_compute_at(block=b58, loop=l56, preserve_unit_loops=True, index=-1)
b59 = sch.cache_write(block=b25, write_buffer_index=0, storage_scope="wmma.accumulator")
l60, l61, l62, l63, l64, l65, l66, l67 = sch.get_loops(block=b58)
sch.reorder(l64, l62, l63, l65)
sch.compute_at(block=b59, loop=l64, preserve_unit_loops=True, index=-1)
l68, l69, l70, l71, l72, l73, l74, l75, l76 = sch.get_loops(block=b59)
l77 = sch.fuse(l71, l72, preserve_unit_iters=True)
sch.bind(loop=l77, thread_axis="threadIdx.y")
sch.reverse_compute_inline(block=b3)
l78, l79, l80, l81, l82, l83, l84, l85 = sch.get_loops(block=b59)
b86 = sch.blockize(target=l84, preserve_unit_iters=True)
sch.annotate(block_or_loop=b86, ann_key="meta_schedule.auto_tensorize", ann_val="wmma_store_16x16x16_f16_shared_dyn")
l87, l88, l89, l90, l91, l92, l93, l94 = sch.get_loops(block=b58)
l95 = sch.fuse(l90, l91, l92, l93, l94, preserve_unit_iters=True)
v96 = sch.sample_categorical(candidates=[1, 2, 4, 8], probs=[0.25, 0.25, 0.25, 0.25], decision=2)
sch.annotate(block_or_loop=b58, ann_key="meta_schedule.cooperative_fetch", ann_val=v96)
b97 = sch.cache_read(block=b25, read_buffer_index=0, storage_scope="shared.dyn", consumer_blocks=[b25])
sch.compute_at(block=b97, loop=l52, preserve_unit_loops=True, index=-1)
l98, l99, l100, l101, l102, l103 = sch.get_loops(block=b97)
l104 = sch.fuse(l102, l103, preserve_unit_iters=True)
v105 = sch.sample_categorical(candidates=[1, 2, 4, 8], probs=[0.25, 0.25, 0.25, 0.25], decision=2)
sch.annotate(block_or_loop=b97, ann_key="meta_schedule.cooperative_fetch", ann_val=v105)
b106 = sch.cache_read(block=b25, read_buffer_index=1, storage_scope="shared.dyn", consumer_blocks=[b25])
sch.compute_at(block=b106, loop=l52, preserve_unit_loops=True, index=-1)
l107, l108, l109, l110, l111, l112 = sch.get_loops(block=b106)
l113 = sch.fuse(l111, l112, preserve_unit_iters=True)
v114 = sch.sample_categorical(candidates=[1, 2, 4, 8], probs=[0.25, 0.25, 0.25, 0.25], decision=3)
sch.annotate(block_or_loop=b106, ann_key="meta_schedule.cooperative_fetch", ann_val=v114)
b115 = sch.cache_read(block=b25, read_buffer_index=0, storage_scope="wmma.matrix_a")
sch.compute_at(block=b115, loop=l53, preserve_unit_loops=True, index=-1)
l116, l117, l118, l119, l120, l121, l122 = sch.get_loops(block=b115)
l123, l124 = sch.split(loop=l122, factors=[None, 16], preserve_unit_iters=True, disable_predication=False)
l125, l126 = sch.split(loop=l121, factors=[None, 16], preserve_unit_iters=True, disable_predication=False)
l127, l128, l129, l130, l131, l132, l133, l134, l135 = sch.get_loops(block=b115)
sch.reorder(l134, l126, l124)
b136 = sch.blockize(target=l126, preserve_unit_iters=True)
sch.annotate(block_or_loop=b136, ann_key="meta_schedule.auto_tensorize", ann_val="wmma_load_16x16x16_f16_a_shared_dyn")
b137 = sch.cache_read(block=b25, read_buffer_index=1, storage_scope="wmma.matrix_b")
sch.compute_at(block=b137, loop=l53, preserve_unit_loops=True, index=-1)
l138, l139, l140, l141, l142, l143, l144 = sch.get_loops(block=b137)
l145, l146 = sch.split(loop=l144, factors=[None, 16], preserve_unit_iters=True, disable_predication=False)
l147, l148 = sch.split(loop=l143, factors=[None, 16], preserve_unit_iters=True, disable_predication=False)
l149, l150, l151, l152, l153, l154, l155, l156, l157 = sch.get_loops(block=b137)
sch.reorder(l156, l148, l146)
b158 = sch.blockize(target=l148, preserve_unit_iters=True)
sch.annotate(block_or_loop=b158, ann_key="meta_schedule.auto_tensorize", ann_val="wmma_load_16x16x16_f16_b_trans_shared_dyn")
b159, = sch.get_producers(block=b97)
sch.compute_inline(block=b159)
sch.storage_align(block=b97, buffer_index=0, axis=-2, factor=32, offset=8)
b160, = sch.get_producers(block=b106)
sch.compute_inline(block=b160)
sch.storage_align(block=b106, buffer_index=0, axis=-2, factor=32, offset=8)
sch.compute_inline(block=b0)
v161 = sch.sample_categorical(candidates=[0, 16, 64, 512, 1024], probs=[0.20000000000000001, 0.20000000000000001, 0.20000000000000001, 0.20000000000000001, 0.20000000000000001], decision=0)
sch.annotate(block_or_loop=b2, ann_key="meta_schedule.unroll_explicit", ann_val=v161)
sch.enter_postproc()
sch.unannotate(block_or_loop=b58, ann_key="meta_schedule.cooperative_fetch")
l162, l163, l164, l165 = sch.get_loops(block=b58)
l166, l167, l168, l169 = sch.split(loop=l165, factors=[None, 1, 32, 4], preserve_unit_iters=True, disable_predication=False)
sch.vectorize(loop=l169)
sch.bind(loop=l168, thread_axis="threadIdx.x")
sch.bind(loop=l167, thread_axis="threadIdx.y")
sch.unannotate(block_or_loop=b97, ann_key="meta_schedule.cooperative_fetch")
l170, l171, l172, l173, l174 = sch.get_loops(block=b97)
l175, l176, l177, l178 = sch.split(loop=l174, factors=[None, 1, 32, 4], preserve_unit_iters=True, disable_predication=False)
sch.vectorize(loop=l178)
sch.bind(loop=l177, thread_axis="threadIdx.x")
sch.bind(loop=l176, thread_axis="threadIdx.y")
sch.unannotate(block_or_loop=b106, ann_key="meta_schedule.cooperative_fetch")
l179, l180, l181, l182, l183 = sch.get_loops(block=b106)
l184, l185, l186, l187 = sch.split(loop=l183, factors=[None, 1, 32, 8], preserve_unit_iters=True, disable_predication=False)
sch.vectorize(loop=l187)
sch.bind(loop=l186, thread_axis="threadIdx.x")
sch.bind(loop=l185, thread_axis="threadIdx.y")
b188 = sch.get_block(name="root", func_name="main")
sch.unannotate(block_or_loop=b188, ann_key="meta_schedule.unroll_explicit")
b189, b190, b191, b192, b193, b194, b195 = sch.get_child_blocks(b188)
l196, l197, l198, l199, l200, l201, l202, l203 = sch.get_loops(block=b189)
l204, l205, l206, l207, l208, l209, l210, l211 = sch.get_loops(block=b190)
l212, l213, l214, l215, l216, l217, l218 = sch.get_loops(block=b191)
l219, l220, l221, l222, l223, l224, l225 = sch.get_loops(block=b192)
l226, l227, l228, l229, l230, l231, l232, l233, l234, l235 = sch.get_loops(block=b193)
l236, l237, l238, l239, l240, l241 = sch.get_loops(block=b194)
l242, l243, l244, l245, l246, l247, l248 = sch.get_loops(block=b195)
b249 = sch.get_block(name="conv2d_nchw_o", func_name="main")
l250, l251, l252, l253, l254, l255, l256, l257, l258, l259 = sch.get_loops(block=b249)
b260 = sch.decompose_reduction(block=b249, loop=l253)
sch.unannotate(block_or_loop=b260, ann_key="meta_schedule.auto_tensorize")
sch.annotate(block_or_loop=b260, ann_key="meta_schedule.auto_tensorize", ann_val="wmma_fill_16x16x16_f16")
sch.unannotate(block_or_loop=b249, ann_key="meta_schedule.auto_tensorize_init")
sch.unannotate(block_or_loop=b260, ann_key="meta_schedule.auto_tensorize_init")
b261 = sch.get_block(name="conv2d_nchw_o_init", func_name="main")
sch.unannotate(block_or_loop=b261, ann_key="meta_schedule.auto_tensorize")
sch.tensorize(block_or_loop=b261, tensor_intrin="wmma_fill_16x16x16_f16", preserve_unit_iters=True)
b262 = sch.get_block(name="pad_temp_reindex_pad_shared.dyn_wmma.matrix_a_o", func_name="main")
sch.unannotate(block_or_loop=b262, ann_key="meta_schedule.auto_tensorize")
sch.tensorize(block_or_loop=b262, tensor_intrin="wmma_load_16x16x16_f16_a_shared_dyn", preserve_unit_iters=True)
b263 = sch.get_block(name="W_reindex_shared.dyn_wmma.matrix_b_o", func_name="main")
sch.unannotate(block_or_loop=b263, ann_key="meta_schedule.auto_tensorize")
sch.tensorize(block_or_loop=b263, tensor_intrin="wmma_load_16x16x16_f16_b_trans_shared_dyn", preserve_unit_iters=True)
b264 = sch.get_block(name="conv2d_nchw_o_update", func_name="main")
sch.unannotate(block_or_loop=b264, ann_key="meta_schedule.auto_tensorize")
sch.tensorize(block_or_loop=b264, tensor_intrin="wmma_sync_16x16x16_f16f16f16_trans", preserve_unit_iters=True)
b265 = sch.get_block(name="conv2d_nchw_reindex_pad_shared.dyn_wmma.accumulator_o", func_name="main")
sch.unannotate(block_or_loop=b265, ann_key="meta_schedule.auto_tensorize")
sch.tensorize(block_or_loop=b265, tensor_intrin="wmma_store_16x16x16_f16_shared_dyn", preserve_unit_iters=True)
2025-10-07 10:10:35 [INFO] [task_scheduler.cc:131] [Task #0: main] Trial #108: GFLOPs: 2144.3541. Time: 53.9116 us. Best GFLOPs: 7352.8072
2025-10-07 10:10:35 [INFO] [task_scheduler.cc:131] [Task #0: main] Trial #109: GFLOPs: 1929.8123. Time: 59.9051 us. Best GFLOPs: 7352.8072
2025-10-07 10:10:35 [INFO] [task_scheduler.cc:131] [Task #0: main] Trial #110: GFLOPs: 271.5988. Time: 425.6481 us. Best GFLOPs: 7352.8072
2025-10-07 10:10:35 [INFO] [task_scheduler.cc:131] [Task #0: main] Trial #111: GFLOPs: 1184.2938. Time: 97.6156 us. Best GFLOPs: 7352.8072
2025-10-07 10:10:35 [INFO] [task_scheduler.cc:131] [Task #0: main] Trial #112: GFLOPs: 516.5751. Time: 223.7923 us. Best GFLOPs: 7352.8072
2025-10-07 10:10:35 [INFO] [task_scheduler.cc:131] [Task #0: main] Trial #113: GFLOPs: 1015.7007. Time: 113.8185 us. Best GFLOPs: 7352.8072
2025-10-07 10:10:35 [INFO] [task_scheduler.cc:131] [Task #0: main] Trial #114: GFLOPs: 1167.9075. Time: 98.9852 us. Best GFLOPs: 7352.8072
2025-10-07 10:10:35 [INFO] [task_scheduler.cc:131] [Task #0: main] Trial #115: GFLOPs: 1914.7179. Time: 60.3773 us. Best GFLOPs: 7352.8072
2025-10-07 10:10:35 [INFO] [task_scheduler.cc:131] [Task #0: main] Trial #116: GFLOPs: 3155.6249. Time: 36.6347 us. Best GFLOPs: 7352.8072
2025-10-07 10:10:35 [INFO] [task_scheduler.cc:131] [Task #0: main] Trial #117: GFLOPs: 456.3405. Time: 253.3317 us. Best GFLOPs: 7352.8072
2025-10-07 10:10:35 [INFO] [task_scheduler.cc:131] [Task #0: main] Trial #118: GFLOPs: 1300.0123. Time: 88.9265 us. Best GFLOPs: 7352.8072
2025-10-07 10:10:35 [INFO] [task_scheduler.cc:131] [Task #0: main] Trial #119: GFLOPs: 1256.8357. Time: 91.9814 us. Best GFLOPs: 7352.8072
2025-10-07 10:10:35 [INFO] [task_scheduler.cc:131] [Task #0: main] Trial #120: GFLOPs: 2749.2226. Time: 42.0503 us. Best GFLOPs: 7352.8072
2025-10-07 10:10:35 [INFO] [task_scheduler.cc:131] [Task #0: main] Trial #121: GFLOPs: 5475.6616. Time: 21.1126 us. Best GFLOPs: 7352.8072
2025-10-07 10:10:35 [INFO] [task_scheduler.cc:131] [Task #0: main] Trial #122: GFLOPs: 1022.7024. Time: 113.0392 us. Best GFLOPs: 7352.8072
2025-10-07 10:10:35 [INFO] [task_scheduler.cc:131] [Task #0: main] Trial #123: GFLOPs: 1297.5399. Time: 89.0959 us. Best GFLOPs: 7352.8072
2025-10-07 10:10:35 [INFO] [task_scheduler.cc:131] [Task #0: main] Trial #124: GFLOPs: 1941.7022. Time: 59.5382 us. Best GFLOPs: 7352.8072
2025-10-07 10:10:35 [INFO] [task_scheduler.cc:121] [Task #0: main] Trial #125: Error in building:
LocalBuilder: An exception occurred
Traceback (most recent call last):
  File "/workspace/tvm-dev/python/tvm/exec/popen_worker.py", line 87, in main
    result = fn(*args, **kwargs)
             ^^^^^^^^^^^^^^^^^^^
  File "/workspace/tvm-dev/python/tvm/meta_schedule/builder/local_builder.py", line 165, in <lambda>
    lambda x: _worker_func(*x),
              ^^^^^^^^^^^^^^^^
  File "/workspace/tvm-dev/python/tvm/meta_schedule/builder/local_builder.py", line 231, in _worker_func
    rt_mod: Module = f_build(mod, target, _deserialize_params(params))
                     ^^^^^^^^^^^^^^^^^^^^^^^^^^^^^^^^^^^^^^^^^^^^^^^^^
  File "/workspace/tvm-dev/python/tvm/_ffi/_ctypes/packed_func.py", line 245, in __call__
    raise_last_ffi_error()
  File "/workspace/tvm-dev/python/tvm/_ffi/base.py", line 481, in raise_last_ffi_error
    raise py_err
  File "/workspace/tvm-dev/python/tvm/meta_schedule/builder/local_builder.py", line 261, in default_build
    return tvm_build(mod, target=target)
           ^^^^^^^^^^^^^^^^^^^^^^^^^^^^^
  File "/workspace/tvm-dev/python/tvm/driver/build_module.py", line 297, in build
    rt_mod_host = _driver_ffi.tir_to_runtime(annotated_mods, target_host)
                  ^^^^^^^^^^^^^^^^^^^^^^^^^^^^^^^^^^^^^^^^^^^^^^^^^^^^^^^
  File "/workspace/tvm-dev/python/tvm/_ffi/_ctypes/packed_func.py", line 245, in __call__
    raise_last_ffi_error()
  File "/workspace/tvm-dev/python/tvm/_ffi/base.py", line 481, in raise_last_ffi_error
    raise py_err
ValueError: Traceback (most recent call last):
  34: tvm::runtime::PackedFuncObj::Extractor<tvm::runtime::PackedFuncSubObj<tvm::runtime::TypedPackedFunc<tvm::runtime::Module (tvm::runtime::Map<tvm::Target, tvm::IRModule, void, void> const&, tvm::Target)>::AssignTypedLambda<tvm::__mk_TVM24::{lambda(tvm::runtime::Map<tvm::Target, tvm::IRModule, void, void> const&, tvm::Target)#1}>(tvm::__mk_TVM24::{lambda(tvm::runtime::Map<tvm::Target, tvm::IRModule, void, void> const&, tvm::Target)#1}, std::__cxx11::basic_string<char, std::char_traits<char>, std::allocator<char> >)::{lambda(tvm::runtime::TVMArgs const&, tvm::runtime::TVMRetValue*)#1}> >::Call(tvm::runtime::PackedFuncObj const*, std::__cxx11::basic_string<char, std::char_traits<char>, std::allocator<char> >, tvm::runtime::TVMRetValue)
  33: tvm::TIRToRuntime(tvm::runtime::Map<tvm::Target, tvm::IRModule, void, void> const&, tvm::Target const&)
  32: tvm::codegen::Build(tvm::IRModule, tvm::Target)
  31: _ZN3tvm7runtime13PackedFuncObj
  30: tvm::runtime::TypedPackedFunc<tvm::runtime::Module (tvm::IRModule, tvm::Target)>::AssignTypedLambda<tvm::runtime::Module (*)(tvm::IRModule, tvm::Target)>(tvm::runtime::Module (*)(tvm::IRModule, tvm::Target), std::__cxx11::basic_string<char, std::char_traits<char>, std::allocator<char> >)::{lambda(tvm::runtime::TVMArgs const&, tvm::runtime::TVMRetValue*)#1}::operator()(tvm::runtime::TVMArgs const&, tvm::runtime::TVMRetValue*) const
  29: tvm::codegen::BuildCUDA(tvm::IRModule, tvm::Target)
  28: tvm::codegen::CodeGenC::AddFunction(tvm::GlobalVar const&, tvm::tir::PrimFunc const&)
  27: tvm::codegen::CodeGenCUDA::VisitStmt_(tvm::tir::AllocateNode const*)
  26: tvm::codegen::CodeGenCUDA::VisitStmt_(tvm::tir::AllocateNode const*)
  25: tvm::codegen::CodeGenCUDA::VisitStmt_(tvm::tir::AllocateNode const*)
  24: tvm::codegen::CodeGenCUDA::VisitStmt_(tvm::tir::AllocateNode const*)
  23: tvm::codegen::CodeGenC::VisitStmt_(tvm::tir::SeqStmtNode const*)
  22: tvm::codegen::CodeGenC::VisitStmt_(tvm::tir::ForNode const*)
  21: tvm::codegen::CodeGenC::VisitStmt_(tvm::tir::SeqStmtNode const*)
  20: tvm::codegen::CodeGenC::VisitStmt_(tvm::tir::ForNode const*)
  19: tvm::codegen::CodeGenC::VisitStmt_(tvm::tir::BufferStoreNode const*)
  18: tvm::codegen::CodeGenC::PrintExpr[abi:cxx11](tvm::PrimExpr const&)
  17: tvm::codegen::CodeGenC::VisitExpr_(tvm::tir::BufferLoadNode const*, std::ostream&)
  16: tvm::codegen::CodeGenC::PrintExpr[abi:cxx11](tvm::PrimExpr const&)
  15: void tvm::codegen::PrintBinaryExpr<tvm::tir::AddNode>(tvm::tir::AddNode const*, char const*, std::ostream&, tvm::codegen::CodeGenC*)
  14: tvm::codegen::CodeGenCUDA::PrintVecBinaryOp(std::__cxx11::basic_string<char, std::char_traits<char>, std::allocator<char> > const&, tvm::runtime::DataType, tvm::PrimExpr, tvm::PrimExpr, std::ostream&)
  13: tvm::codegen::CodeGenC::PrintExpr[abi:cxx11](tvm::PrimExpr const&)
  12: void tvm::codegen::PrintBinaryExpr<tvm::tir::AddNode>(tvm::tir::AddNode const*, char const*, std::ostream&, tvm::codegen::CodeGenC*)
  11: tvm::codegen::CodeGenCUDA::PrintVecBinaryOp(std::__cxx11::basic_string<char, std::char_traits<char>, std::allocator<char> > const&, tvm::runtime::DataType, tvm::PrimExpr, tvm::PrimExpr, std::ostream&)
  10: tvm::codegen::CodeGenC::PrintExpr[abi:cxx11](tvm::PrimExpr const&)
  9: void tvm::codegen::PrintBinaryExpr<tvm::tir::AddNode>(tvm::tir::AddNode const*, char const*, std::ostream&, tvm::codegen::CodeGenC*)
  8: tvm::codegen::CodeGenCUDA::PrintVecBinaryOp(std::__cxx11::basic_string<char, std::char_traits<char>, std::allocator<char> > const&, tvm::runtime::DataType, tvm::PrimExpr, tvm::PrimExpr, std::ostream&)
  7: tvm::codegen::CodeGenC::PrintExpr[abi:cxx11](tvm::PrimExpr const&)
  6: void tvm::codegen::PrintBinaryExpr<tvm::tir::MulNode>(tvm::tir::MulNode const*, char const*, std::ostream&, tvm::codegen::CodeGenC*)
  5: tvm::codegen::CodeGenCUDA::PrintVecBinaryOp(std::__cxx11::basic_string<char, std::char_traits<char>, std::allocator<char> > const&, tvm::runtime::DataType, tvm::PrimExpr, tvm::PrimExpr, std::ostream&)
  4: tvm::codegen::CodeGenC::PrintExpr[abi:cxx11](tvm::PrimExpr const&)
  3: void tvm::codegen::PrintBinaryExpr<tvm::tir::DivNode>(tvm::tir::DivNode const*, char const*, std::ostream&, tvm::codegen::CodeGenC*)
  2: tvm::codegen::CodeGenCUDA::PrintVecBinaryOp(std::__cxx11::basic_string<char, std::char_traits<char>, std::allocator<char> > const&, tvm::runtime::DataType, tvm::PrimExpr, tvm::PrimExpr, std::ostream&)
  1: tvm::codegen::CodeGenC::PrintExpr[abi:cxx11](tvm::PrimExpr const&)
  0: tvm::codegen::CodeGenCUDA::VisitExpr_(tvm::tir::RampNode const*, std::ostream&)
  File "/workspace/tvm-dev/src/target/source/codegen_cuda.cc", line 1204
ValueError: Check failed: lanes <= 4 (8 vs. 4) : Ramp of more than 4 lanes is not allowed.

# from tvm.script import ir as I
# from tvm.script import tir as T

@I.ir_module
class Module:
    @T.prim_func
    def main(A: T.Buffer((1, 128, 28, 28), "float16"), W: T.Buffer((256, 128, 3, 3), "float16"), conv2d_nchw: T.Buffer((1, 256, 14, 14), "float16")):
        T.func_attr({"tir.noalias": T.bool(True)})
        # with T.block("root"):
        conv2d_nchw_reindex_pad_shared_dyn = T.alloc_buffer((13, 8, 1, 2, 16, 16), "float16", scope="shared.dyn")
        conv2d_nchw_reindex_pad_shared_dyn_wmma_accumulator = T.alloc_buffer((13, 8, 1, 2, 16, 16), "float16", scope="wmma.accumulator")
        pad_temp_reindex_pad_shared_dyn = T.alloc_buffer((208, 1152), "float16", scope="shared.dyn")
        W_reindex_shared_dyn = T.alloc_buffer((256, 1152), "float16", scope="shared.dyn")
        pad_temp_reindex_pad_shared_dyn_wmma_matrix_a = T.alloc_buffer((208, 1152), "float16", scope="wmma.matrix_a")
        W_reindex_shared_dyn_wmma_matrix_b = T.alloc_buffer((256, 1152), "float16", scope="wmma.matrix_b")
        for ax0_0_0_ax1_0_0_fused in T.thread_binding(13, thread="blockIdx.y"):
            for ax0_0_1_ax1_0_1_fused in T.thread_binding(4, thread="blockIdx.x"):
                for ax0_0_2_ax1_0_2_fused in T.thread_binding(2, thread="threadIdx.y"):
                    for ax0_0_3_init, ax1_0_3_init, ax0_0_4_init, ax1_0_4_init in T.grid(1, 2, 1, 1):
                        with T.block("conv2d_nchw_o_init"):
                            v0_o = T.axis.spatial(13, ax0_0_0_ax1_0_0_fused + ax0_0_3_init + ax0_0_4_init)
                            v1_o = T.axis.spatial(16, ax0_0_1_ax1_0_1_fused * 4 + ax0_0_2_ax1_0_2_fused * 2 + ax1_0_3_init + ax1_0_4_init)
                            T.reads()
                            T.writes(conv2d_nchw_reindex_pad_shared_dyn_wmma_accumulator[v0_o, v1_o // 2, 0, v1_o % 2, 0:16, 0:16])
                            T.block_attr({"meta_schedule.thread_extent_high_inclusive": 1024, "meta_schedule.thread_extent_low_inclusive": 32, "warp_execution": 1})
                            C = T.match_buffer(conv2d_nchw_reindex_pad_shared_dyn_wmma_accumulator[v0_o, v1_o // 2, 0, v1_o % 2, 0:16, 0:16], (16, 16), "float16", strides=("C_s0", "C_s1"), scope="wmma.accumulator", offset_factor=16)
                            T.tvm_fill_fragment(C.data, 16, 16, 16, C.elem_offset // C.strides[0] // 16 * (C.strides[0] // 16) + C.elem_offset % C.strides[0] // 16, T.float32(0.0))
                    for ax2_0_0 in range(12):
                        for ax0_ax1_fused_0 in range(24):
                            for ax0_ax1_fused_1 in T.thread_binding(2, thread="threadIdx.y"):
                                for ax0_ax1_fused_2 in T.thread_binding(32, thread="threadIdx.x"):
                                    with T.block("pad_temp_reindex_pad_shared.dyn"):
                                        v0 = T.axis.spatial(208, ax0_0_0_ax1_0_0_fused * 16 + (ax0_ax1_fused_0 * 64 + ax0_ax1_fused_1 * 32 + ax0_ax1_fused_2) // 96)
                                        v1 = T.axis.spatial(1152, ax2_0_0 * 96 + (ax0_ax1_fused_0 * 64 + ax0_ax1_fused_1 * 32 + ax0_ax1_fused_2) % 96)
                                        T.reads(A[0, v1 // 9, v0 // 14 * 2 + v1 % 9 // 3 - 1, v0 % 14 * 2 + v1 % 3 - 1])
                                        T.writes(pad_temp_reindex_pad_shared_dyn[v0, v1])
                                        T.block_attr({"buffer_dim_align": [[0, 0, 32, 8]]})
                                        pad_temp_reindex_pad_shared_dyn[v0, v1] = T.if_then_else(v0 < 196, T.if_then_else(1 <= v0 // 14 * 2 + v1 % 9 // 3 and v0 // 14 * 2 + v1 % 9 // 3 < 29 and 1 <= v0 % 14 * 2 + v1 % 3 and v0 % 14 * 2 + v1 % 3 < 29, A[0, v1 // 9, v0 // 14 * 2 + v1 % 9 // 3 - 1, v0 % 14 * 2 + v1 % 3 - 1], T.float16(0.0)), T.float16(0.0))
                        for ax0_ax1_fused_0 in range(12):
                            for ax0_ax1_fused_1 in T.thread_binding(2, thread="threadIdx.y"):
                                for ax0_ax1_fused_2 in T.thread_binding(32, thread="threadIdx.x"):
                                    for ax0_ax1_fused_3 in T.vectorized(8):
                                        with T.block("W_reindex_shared.dyn"):
                                            v0 = T.axis.spatial(256, ax0_0_1_ax1_0_1_fused * 64 + (ax0_ax1_fused_0 * 512 + ax0_ax1_fused_1 * 256 + ax0_ax1_fused_2 * 8 + ax0_ax1_fused_3) // 96)
                                            v1 = T.axis.spatial(1152, ax2_0_0 * 96 + (ax0_ax1_fused_0 * 512 + ax0_ax1_fused_1 * 256 + ax0_ax1_fused_2 * 8 + ax0_ax1_fused_3) % 96)
                                            T.reads(W[v0, v1 // 9, v1 % 9 // 3, v1 % 3])
                                            T.writes(W_reindex_shared_dyn[v0, v1])
                                            T.block_attr({"buffer_dim_align": [[0, 0, 32, 8]]})
                                            W_reindex_shared_dyn[v0, v1] = W[v0, v1 // 9, v1 % 9 // 3, v1 % 3]
                        for ax2_0_1 in range(6):
                            for ax0_0, ax1_0 in T.grid(1, 1):
                                with T.block("pad_temp_reindex_pad_shared.dyn_wmma.matrix_a_o"):
                                    v0_o = T.axis.spatial(13, ax0_0_0_ax1_0_0_fused + ax0_0)
                                    v1_o = T.axis.spatial(72, ax2_0_0 * 6 + ax2_0_1 + ax1_0)
                                    T.reads(pad_temp_reindex_pad_shared_dyn[v0_o * 16:v0_o * 16 + 16, v1_o * 16:v1_o * 16 + 16])
                                    T.writes(pad_temp_reindex_pad_shared_dyn_wmma_matrix_a[v0_o * 16:v0_o * 16 + 16, v1_o * 16:v1_o * 16 + 16])
                                    A_1 = T.match_buffer(pad_temp_reindex_pad_shared_dyn[v0_o * 16:v0_o * 16 + 16, v1_o * 16:v1_o * 16 + 16], (16, 16), "float16", strides=("A_s0", "A_s1"), scope="shared.dyn", offset_factor=16)
                                    C = T.match_buffer(pad_temp_reindex_pad_shared_dyn_wmma_matrix_a[v0_o * 16:v0_o * 16 + 16, v1_o * 16:v1_o * 16 + 16], (16, 16), "float16", strides=("C_s0", "C_s1"), scope="wmma.matrix_a", offset_factor=16)
                                    T.tvm_load_matrix_sync(C.data, 16, 16, 16, C.elem_offset // C.strides[0] // 16 * (C.strides[0] // 16) + C.elem_offset % C.strides[0] // 16, T.tvm_access_ptr(T.type_annotation("float16"), A_1.data, A_1.elem_offset, A_1.strides[0] * 16, 1), A_1.strides[0], "row_major")
                            for ax0_0, ax1_0 in T.grid(2, 1):
                                with T.block("W_reindex_shared.dyn_wmma.matrix_b_o"):
                                    v0_o = T.axis.spatial(16, ax0_0_1_ax1_0_1_fused * 4 + ax0_0_2_ax1_0_2_fused * 2 + ax0_0)
                                    v1_o = T.axis.spatial(72, ax2_0_0 * 6 + ax2_0_1 + ax1_0)
                                    T.reads(W_reindex_shared_dyn[v0_o * 16:v0_o * 16 + 16, v1_o * 16:v1_o * 16 + 16])
                                    T.writes(W_reindex_shared_dyn_wmma_matrix_b[v0_o * 16:v0_o * 16 + 16, v1_o * 16:v1_o * 16 + 16])
                                    A_1 = T.match_buffer(W_reindex_shared_dyn[v0_o * 16:v0_o * 16 + 16, v1_o * 16:v1_o * 16 + 16], (16, 16), "float16", strides=("A_s0", "A_s1"), scope="shared.dyn", offset_factor=16)
                                    C = T.match_buffer(W_reindex_shared_dyn_wmma_matrix_b[v0_o * 16:v0_o * 16 + 16, v1_o * 16:v1_o * 16 + 16], (16, 16), "float16", strides=("C_s0", "C_s1"), scope="wmma.matrix_b", offset_factor=16)
                                    T.tvm_load_matrix_sync(C.data, 16, 16, 16, C.elem_offset // C.strides[0] // 16 * (C.strides[0] // 16) + C.elem_offset % C.strides[0] // 16, T.tvm_access_ptr(T.type_annotation("float16"), A_1.data, A_1.elem_offset, A_1.strides[0] * 16, 1), A_1.strides[0], "col_major")
                            for ax0_0_3, ax1_0_3, ax2_0_2, ax0_0_4, ax1_0_4 in T.grid(1, 2, 1, 1, 1):
                                with T.block("conv2d_nchw_o_update"):
                                    v0_o = T.axis.spatial(13, ax0_0_0_ax1_0_0_fused + ax0_0_3 + ax0_0_4)
                                    v1_o = T.axis.spatial(16, ax0_0_1_ax1_0_1_fused * 4 + ax0_0_2_ax1_0_2_fused * 2 + ax1_0_3 + ax1_0_4)
                                    v2_o = T.axis.reduce(72, ax2_0_0 * 6 + ax2_0_1 + ax2_0_2)
                                    T.reads(conv2d_nchw_reindex_pad_shared_dyn_wmma_accumulator[v0_o, v1_o // 2, 0, v1_o % 2, 0:16, 0:16], pad_temp_reindex_pad_shared_dyn_wmma_matrix_a[v0_o * 16:v0_o * 16 + 16, v2_o * 16:v2_o * 16 + 16], W_reindex_shared_dyn_wmma_matrix_b[v1_o * 16:v1_o * 16 + 16, v2_o * 16:v2_o * 16 + 16])
                                    T.writes(conv2d_nchw_reindex_pad_shared_dyn_wmma_accumulator[v0_o, v1_o // 2, 0, v1_o % 2, 0:16, 0:16])
                                    T.block_attr({"meta_schedule.thread_extent_high_inclusive": 1024, "meta_schedule.thread_extent_low_inclusive": 32, "warp_execution": 1})
                                    A_1 = T.match_buffer(pad_temp_reindex_pad_shared_dyn_wmma_matrix_a[v0_o * 16:v0_o * 16 + 16, v2_o * 16:v2_o * 16 + 16], (16, 16), "float16", strides=("A_s0", "A_s1"), scope="wmma.matrix_a", offset_factor=16)
                                    B = T.match_buffer(W_reindex_shared_dyn_wmma_matrix_b[v1_o * 16:v1_o * 16 + 16, v2_o * 16:v2_o * 16 + 16], (16, 16), "float16", strides=("B_s0", "B_s1"), scope="wmma.matrix_b", offset_factor=16)
                                    C = T.match_buffer(conv2d_nchw_reindex_pad_shared_dyn_wmma_accumulator[v0_o, v1_o // 2, 0, v1_o % 2, 0:16, 0:16], (16, 16), "float16", strides=("C_s0", "C_s1"), scope="wmma.accumulator", offset_factor=16)
                                    T.tvm_mma_sync(C.data, C.elem_offset // C.strides[0] // 16 * (C.strides[0] // 16) + C.elem_offset % C.strides[0] // 16, A_1.data, A_1.elem_offset // A_1.strides[0] // 16 * (A_1.strides[0] // 16) + A_1.elem_offset % A_1.strides[0] // 16, B.data, B.elem_offset // B.strides[0] // 16 * (B.strides[0] // 16) + B.elem_offset % B.strides[0] // 16, C.data, C.elem_offset // C.strides[0] // 16 * (C.strides[0] // 16) + C.elem_offset % C.strides[0] // 16)
                for ax2 in range(1):
                    for ax0_ax1_fused in T.thread_binding(2, thread="threadIdx.y"):
                        for ax2_1, ax3 in T.grid(1, 2):
                            with T.block("conv2d_nchw_reindex_pad_shared.dyn_wmma.accumulator_o"):
                                v0_o = T.axis.spatial(13, ax0_0_0_ax1_0_0_fused)
                                v1_o = T.axis.spatial(8, ax0_0_1_ax1_0_1_fused * 2 + ax0_ax1_fused)
                                v2_o, v3_o = T.axis.remap("SS", [ax2_1, ax3])
                                v4_o = T.axis.spatial(1, 0)
                                v5_o = T.axis.spatial(1, 0)
                                T.reads(conv2d_nchw_reindex_pad_shared_dyn_wmma_accumulator[v0_o, v1_o, v2_o, v3_o, 0:16, 0:16])
                                T.writes(conv2d_nchw_reindex_pad_shared_dyn[v0_o, v1_o, v2_o, v3_o, 0:16, 0:16])
                                A_1 = T.match_buffer(conv2d_nchw_reindex_pad_shared_dyn_wmma_accumulator[v0_o, v1_o, v2_o, v3_o, 0:16, 0:16], (16, 16), "float16", strides=("A_s0", "A_s1"), scope="wmma.accumulator", offset_factor=16)
                                C = T.match_buffer(conv2d_nchw_reindex_pad_shared_dyn[v0_o, v1_o, v2_o, v3_o, 0:16, 0:16], (16, 16), "float16", strides=("C_s0", "C_s1"), scope="shared.dyn", offset_factor=16)
                                T.tvm_store_matrix_sync(A_1.data, 16, 16, 16, A_1.elem_offset // A_1.strides[0] // 16 * (A_1.strides[0] // 16) + A_1.elem_offset % A_1.strides[0] // 16, T.tvm_access_ptr(T.type_annotation("float16"), C.data, C.elem_offset, C.strides[0] * 16, 2), C.strides[0], "row_major")
                    for ax0_ax1_ax3_ax4_ax5_fused_0 in range(8):
                        for ax0_ax1_ax3_ax4_ax5_fused_1 in T.thread_binding(2, thread="threadIdx.y"):
                            for ax0_ax1_ax3_ax4_ax5_fused_2 in T.thread_binding(32, thread="threadIdx.x"):
                                for ax0_ax1_ax3_ax4_ax5_fused_3 in T.vectorized(2):
                                    with T.block("conv2d_nchw_reindex_pad_shared.dyn"):
                                        v0 = T.axis.spatial(13, ax0_0_0_ax1_0_0_fused)
                                        v1 = T.axis.spatial(8, ax0_0_1_ax1_0_1_fused * 2 + (ax0_ax1_ax3_ax4_ax5_fused_0 * 128 + ax0_ax1_ax3_ax4_ax5_fused_1 * 64 + ax0_ax1_ax3_ax4_ax5_fused_2 * 2 + ax0_ax1_ax3_ax4_ax5_fused_3) // 512)
                                        v2 = T.axis.spatial(1, ax2)
                                        v3 = T.axis.spatial(2, (ax0_ax1_ax3_ax4_ax5_fused_0 * 128 + ax0_ax1_ax3_ax4_ax5_fused_1 * 64 + ax0_ax1_ax3_ax4_ax5_fused_2 * 2 + ax0_ax1_ax3_ax4_ax5_fused_3) % 512 // 256)
                                        v4 = T.axis.spatial(16, (ax0_ax1_ax3_ax4_ax5_fused_0 * 128 + ax0_ax1_ax3_ax4_ax5_fused_1 * 64 + ax0_ax1_ax3_ax4_ax5_fused_2 * 2 + ax0_ax1_ax3_ax4_ax5_fused_3) % 256 // 16)
                                        v5 = T.axis.spatial(16, (ax0_ax1_ax3_ax4_ax5_fused_0 * 128 + ax0_ax1_ax3_ax4_ax5_fused_1 * 64 + ax0_ax1_ax3_ax4_ax5_fused_2 * 2 + ax0_ax1_ax3_ax4_ax5_fused_3) % 16)
                                        T.where(ax0_0_0_ax1_0_0_fused * 16 + T.Mul(0, 16) + (((ax0_ax1_ax3_ax4_ax5_fused_0 * 2 + ax0_ax1_ax3_ax4_ax5_fused_1) * 32 + ax0_ax1_ax3_ax4_ax5_fused_2) * 2 + ax0_ax1_ax3_ax4_ax5_fused_3) % 256 // 16 < 196)
                                        T.reads(conv2d_nchw_reindex_pad_shared_dyn[v0, v1, v2, v3, v4, v5])
                                        T.writes(conv2d_nchw[0, v5 + v3 * 16 + v1 * 32, (v4 + v0 * 16) // 14, (v4 + v0 * 16) % 14])
                                        conv2d_nchw[0, v5 + v3 * 16 + v1 * 32, (v4 + v0 * 16) // 14, (v4 + v0 * 16) % 14] = conv2d_nchw_reindex_pad_shared_dyn[v0, v1, v2, v3, v4, v5]
b0 = sch.get_block(name="pad_temp", func_name="main")
b1 = sch.get_block(name="conv2d_nchw", func_name="main")
b2 = sch.get_block(name="root", func_name="main")
sch.annotate(block_or_loop=b1, ann_key="meta_schedule.tiling_structure", ann_val="SSSRRSRS")
b3 = sch.reindex(block=b1, buffer=("write", 0))
b4 = sch.reindex(block=b1, buffer=("read", 0))
b5 = sch.reindex(block=b1, buffer=("read", 1))
sch.transform_layout(block=b1, buffer=("read", 0), index_map=lambda v_nn, v_yy, v_xx, v_rc, v_ry, v_rx: (v_nn * 196 + v_yy * 14 + v_xx, v_rc * 9 + v_ry * 3 + v_rx,), pad_value=None, assume_injective_transform=True)
sch.transform_layout(block=b1, buffer=("read", 1), index_map=lambda v_ff, v_rc, v_ry, v_rx: (v_ff, v_rc * 9 + v_ry * 3 + v_rx,), pad_value=None, assume_injective_transform=True)
sch.transform_layout(block=b1, buffer=("write", 0), index_map=lambda v_nn, v_ff, v_yy, v_xx: (v_nn * 196 + v_yy * 14 + v_xx, v_ff,), pad_value=None, assume_injective_transform=True)
sch.transform_block_layout(block=b3, index_map=lambda v_nn, v_ff, v_yy, v_xx: (v_nn * 196 + v_yy * 14 + v_xx, v_ff,))
sch.transform_block_layout(block=b4, index_map=lambda v_nn, v_yy, v_xx, v_rc, v_ry, v_rx: (v_nn * 196 + v_yy * 14 + v_xx, v_rc * 9 + v_ry * 3 + v_rx,))
sch.transform_block_layout(block=b5, index_map=lambda v_ff, v_rc, v_ry, v_rx: (v_ff, v_rc * 9 + v_ry * 3 + v_rx,))
sch.transform_block_layout(block=b1, index_map=lambda v_nn, v_ff, v_yy, v_xx, v_rc, v_ry, v_rx: (v_nn * 196 + v_yy * 14 + v_xx, v_ff, v_rc * 9 + v_ry * 3 + v_rx,))
sch.pad_einsum(block=b1, padding=[16, 1, 1])
b6, b7 = sch.get_producers(block=b1)
b8, = sch.get_producers(block=b6)
b9, = sch.get_consumers(block=b1)
sch.compute_inline(block=b8)
sch.compute_inline(block=b9)
l10, l11, l12 = sch.get_loops(block=b1)
l13, l14 = sch.split(loop=l12, factors=[None, 16], preserve_unit_iters=True, disable_predication=False)
l15, l16 = sch.split(loop=l11, factors=[None, 16], preserve_unit_iters=True, disable_predication=False)
l17, l18 = sch.split(loop=l10, factors=[None, 16], preserve_unit_iters=True, disable_predication=False)
l19, l20, l21, l22, l23, l24 = sch.get_loops(block=b1)
sch.reorder(l21, l23, l18, l16, l14)
b25 = sch.blockize(target=l18, preserve_unit_iters=True)
sch.annotate(block_or_loop=b25, ann_key="meta_schedule.auto_tensorize", ann_val="wmma_sync_16x16x16_f16f16f16_trans")
sch.annotate(block_or_loop=b25, ann_key="meta_schedule.auto_tensorize_init", ann_val="wmma_fill_16x16x16_f16")
sch.annotate(block_or_loop=b25, ann_key="warp_execution", ann_val=1)
l26, l27, l28 = sch.get_loops(block=b25)
v29, v30, v31, v32, v33 = sch.sample_perfect_tile(loop=l26, n=5, max_innermost_factor=4, decision=[13, 1, 1, 1, 1])
l34, l35, l36, l37, l38 = sch.split(loop=l26, factors=[v29, v30, v31, v32, v33], preserve_unit_iters=True, disable_predication=False)
v39, v40, v41, v42, v43 = sch.sample_perfect_tile(loop=l27, n=5, max_innermost_factor=4, decision=[1, 4, 2, 2, 1])
l44, l45, l46, l47, l48 = sch.split(loop=l27, factors=[v39, v40, v41, v42, v43], preserve_unit_iters=True, disable_predication=False)
v49, v50, v51 = sch.sample_perfect_tile(loop=l28, n=3, max_innermost_factor=4, decision=[12, 6, 1])
l52, l53, l54 = sch.split(loop=l28, factors=[v49, v50, v51], preserve_unit_iters=True, disable_predication=False)
sch.reorder(l34, l44, l35, l45, l36, l46, l52, l53, l37, l47, l54, l38, l48)
l55 = sch.fuse(l34, l44, preserve_unit_iters=True)
sch.bind(loop=l55, thread_axis="blockIdx.y")
l56 = sch.fuse(l35, l45, preserve_unit_iters=True)
sch.bind(loop=l56, thread_axis="blockIdx.x")
l57 = sch.fuse(l36, l46, preserve_unit_iters=True)
sch.bind(loop=l57, thread_axis="threadIdx.y")
sch.annotate(block_or_loop=b25, ann_key="meta_schedule.thread_extent_low_inclusive", ann_val=32)
sch.annotate(block_or_loop=b25, ann_key="meta_schedule.thread_extent_high_inclusive", ann_val=1024)
sch.transform_layout(block=b25, buffer=("write", 0), index_map=lambda i0, i1: (i0 // 16 // (v32 * v33), i1 // 16 // (v42 * v43), i0 // 16 % (v32 * v33), i1 // 16 % (v42 * v43), i0 % 16, i1 % 16,), pad_value=None, assume_injective_transform=True)
b58 = sch.cache_write(block=b25, write_buffer_index=0, storage_scope="shared.dyn")
sch.reverse_compute_at(block=b58, loop=l56, preserve_unit_loops=True, index=-1)
b59 = sch.cache_write(block=b25, write_buffer_index=0, storage_scope="wmma.accumulator")
l60, l61, l62, l63, l64, l65, l66, l67 = sch.get_loops(block=b58)
sch.reorder(l64, l62, l63, l65)
sch.compute_at(block=b59, loop=l64, preserve_unit_loops=True, index=-1)
l68, l69, l70, l71, l72, l73, l74, l75, l76 = sch.get_loops(block=b59)
l77 = sch.fuse(l71, l72, preserve_unit_iters=True)
sch.bind(loop=l77, thread_axis="threadIdx.y")
sch.reverse_compute_inline(block=b3)
l78, l79, l80, l81, l82, l83, l84, l85 = sch.get_loops(block=b59)
b86 = sch.blockize(target=l84, preserve_unit_iters=True)
sch.annotate(block_or_loop=b86, ann_key="meta_schedule.auto_tensorize", ann_val="wmma_store_16x16x16_f16_shared_dyn")
l87, l88, l89, l90, l91, l92, l93, l94 = sch.get_loops(block=b58)
l95 = sch.fuse(l90, l91, l92, l93, l94, preserve_unit_iters=True)
v96 = sch.sample_categorical(candidates=[1, 2, 4, 8], probs=[0.25, 0.25, 0.25, 0.25], decision=1)
sch.annotate(block_or_loop=b58, ann_key="meta_schedule.cooperative_fetch", ann_val=v96)
b97 = sch.cache_read(block=b25, read_buffer_index=0, storage_scope="shared.dyn", consumer_blocks=[b25])
sch.compute_at(block=b97, loop=l52, preserve_unit_loops=True, index=-1)
l98, l99, l100, l101, l102, l103 = sch.get_loops(block=b97)
l104 = sch.fuse(l102, l103, preserve_unit_iters=True)
v105 = sch.sample_categorical(candidates=[1, 2, 4, 8], probs=[0.25, 0.25, 0.25, 0.25], decision=0)
sch.annotate(block_or_loop=b97, ann_key="meta_schedule.cooperative_fetch", ann_val=v105)
b106 = sch.cache_read(block=b25, read_buffer_index=1, storage_scope="shared.dyn", consumer_blocks=[b25])
sch.compute_at(block=b106, loop=l52, preserve_unit_loops=True, index=-1)
l107, l108, l109, l110, l111, l112 = sch.get_loops(block=b106)
l113 = sch.fuse(l111, l112, preserve_unit_iters=True)
v114 = sch.sample_categorical(candidates=[1, 2, 4, 8], probs=[0.25, 0.25, 0.25, 0.25], decision=3)
sch.annotate(block_or_loop=b106, ann_key="meta_schedule.cooperative_fetch", ann_val=v114)
b115 = sch.cache_read(block=b25, read_buffer_index=0, storage_scope="wmma.matrix_a")
sch.compute_at(block=b115, loop=l53, preserve_unit_loops=True, index=-1)
l116, l117, l118, l119, l120, l121, l122 = sch.get_loops(block=b115)
l123, l124 = sch.split(loop=l122, factors=[None, 16], preserve_unit_iters=True, disable_predication=False)
l125, l126 = sch.split(loop=l121, factors=[None, 16], preserve_unit_iters=True, disable_predication=False)
l127, l128, l129, l130, l131, l132, l133, l134, l135 = sch.get_loops(block=b115)
sch.reorder(l134, l126, l124)
b136 = sch.blockize(target=l126, preserve_unit_iters=True)
sch.annotate(block_or_loop=b136, ann_key="meta_schedule.auto_tensorize", ann_val="wmma_load_16x16x16_f16_a_shared_dyn")
b137 = sch.cache_read(block=b25, read_buffer_index=1, storage_scope="wmma.matrix_b")
sch.compute_at(block=b137, loop=l53, preserve_unit_loops=True, index=-1)
l138, l139, l140, l141, l142, l143, l144 = sch.get_loops(block=b137)
l145, l146 = sch.split(loop=l144, factors=[None, 16], preserve_unit_iters=True, disable_predication=False)
l147, l148 = sch.split(loop=l143, factors=[None, 16], preserve_unit_iters=True, disable_predication=False)
l149, l150, l151, l152, l153, l154, l155, l156, l157 = sch.get_loops(block=b137)
sch.reorder(l156, l148, l146)
b158 = sch.blockize(target=l148, preserve_unit_iters=True)
sch.annotate(block_or_loop=b158, ann_key="meta_schedule.auto_tensorize", ann_val="wmma_load_16x16x16_f16_b_trans_shared_dyn")
b159, = sch.get_producers(block=b97)
sch.compute_inline(block=b159)
sch.storage_align(block=b97, buffer_index=0, axis=-2, factor=32, offset=8)
b160, = sch.get_producers(block=b106)
sch.compute_inline(block=b160)
sch.storage_align(block=b106, buffer_index=0, axis=-2, factor=32, offset=8)
sch.compute_inline(block=b0)
v161 = sch.sample_categorical(candidates=[0, 16, 64, 512, 1024], probs=[0.20000000000000001, 0.20000000000000001, 0.20000000000000001, 0.20000000000000001, 0.20000000000000001], decision=0)
sch.annotate(block_or_loop=b2, ann_key="meta_schedule.unroll_explicit", ann_val=v161)
sch.enter_postproc()
sch.unannotate(block_or_loop=b58, ann_key="meta_schedule.cooperative_fetch")
l162, l163, l164, l165 = sch.get_loops(block=b58)
l166, l167, l168, l169 = sch.split(loop=l165, factors=[None, 2, 32, 2], preserve_unit_iters=True, disable_predication=False)
sch.vectorize(loop=l169)
sch.bind(loop=l168, thread_axis="threadIdx.x")
sch.bind(loop=l167, thread_axis="threadIdx.y")
sch.unannotate(block_or_loop=b97, ann_key="meta_schedule.cooperative_fetch")
l170, l171, l172, l173, l174 = sch.get_loops(block=b97)
l175, l176, l177 = sch.split(loop=l174, factors=[None, 2, 32], preserve_unit_iters=True, disable_predication=False)
sch.bind(loop=l177, thread_axis="threadIdx.x")
sch.bind(loop=l176, thread_axis="threadIdx.y")
sch.unannotate(block_or_loop=b106, ann_key="meta_schedule.cooperative_fetch")
l178, l179, l180, l181, l182 = sch.get_loops(block=b106)
l183, l184, l185, l186 = sch.split(loop=l182, factors=[None, 2, 32, 8], preserve_unit_iters=True, disable_predication=False)
sch.vectorize(loop=l186)
sch.bind(loop=l185, thread_axis="threadIdx.x")
sch.bind(loop=l184, thread_axis="threadIdx.y")
b187 = sch.get_block(name="root", func_name="main")
sch.unannotate(block_or_loop=b187, ann_key="meta_schedule.unroll_explicit")
b188, b189, b190, b191, b192, b193, b194 = sch.get_child_blocks(b187)
l195, l196, l197, l198, l199, l200, l201 = sch.get_loops(block=b188)
l202, l203, l204, l205, l206, l207, l208, l209 = sch.get_loops(block=b189)
l210, l211, l212, l213, l214, l215, l216 = sch.get_loops(block=b190)
l217, l218, l219, l220, l221, l222, l223 = sch.get_loops(block=b191)
l224, l225, l226, l227, l228, l229, l230, l231, l232, l233 = sch.get_loops(block=b192)
l234, l235, l236, l237, l238, l239 = sch.get_loops(block=b193)
l240, l241, l242, l243, l244, l245, l246 = sch.get_loops(block=b194)
b247 = sch.get_block(name="conv2d_nchw_o", func_name="main")
l248, l249, l250, l251, l252, l253, l254, l255, l256, l257 = sch.get_loops(block=b247)
b258 = sch.decompose_reduction(block=b247, loop=l251)
sch.unannotate(block_or_loop=b258, ann_key="meta_schedule.auto_tensorize")
sch.annotate(block_or_loop=b258, ann_key="meta_schedule.auto_tensorize", ann_val="wmma_fill_16x16x16_f16")
sch.unannotate(block_or_loop=b247, ann_key="meta_schedule.auto_tensorize_init")
sch.unannotate(block_or_loop=b258, ann_key="meta_schedule.auto_tensorize_init")
b259 = sch.get_block(name="conv2d_nchw_o_init", func_name="main")
sch.unannotate(block_or_loop=b259, ann_key="meta_schedule.auto_tensorize")
sch.tensorize(block_or_loop=b259, tensor_intrin="wmma_fill_16x16x16_f16", preserve_unit_iters=True)
b260 = sch.get_block(name="pad_temp_reindex_pad_shared.dyn_wmma.matrix_a_o", func_name="main")
sch.unannotate(block_or_loop=b260, ann_key="meta_schedule.auto_tensorize")
sch.tensorize(block_or_loop=b260, tensor_intrin="wmma_load_16x16x16_f16_a_shared_dyn", preserve_unit_iters=True)
b261 = sch.get_block(name="W_reindex_shared.dyn_wmma.matrix_b_o", func_name="main")
sch.unannotate(block_or_loop=b261, ann_key="meta_schedule.auto_tensorize")
sch.tensorize(block_or_loop=b261, tensor_intrin="wmma_load_16x16x16_f16_b_trans_shared_dyn", preserve_unit_iters=True)
b262 = sch.get_block(name="conv2d_nchw_o_update", func_name="main")
sch.unannotate(block_or_loop=b262, ann_key="meta_schedule.auto_tensorize")
sch.tensorize(block_or_loop=b262, tensor_intrin="wmma_sync_16x16x16_f16f16f16_trans", preserve_unit_iters=True)
b263 = sch.get_block(name="conv2d_nchw_reindex_pad_shared.dyn_wmma.accumulator_o", func_name="main")
sch.unannotate(block_or_loop=b263, ann_key="meta_schedule.auto_tensorize")
sch.tensorize(block_or_loop=b263, tensor_intrin="wmma_store_16x16x16_f16_shared_dyn", preserve_unit_iters=True)
2025-10-07 10:10:35 [INFO] [task_scheduler.cc:131] [Task #0: main] Trial #126: GFLOPs: 7905.2860. Time: 14.6238 us. Best GFLOPs: 7905.2860
2025-10-07 10:10:35 [INFO] [task_scheduler.cc:131] [Task #0: main] Trial #127: GFLOPs: 1339.1684. Time: 86.3263 us. Best GFLOPs: 7905.2860
2025-10-07 10:10:35 [INFO] [task_scheduler.cc:131] [Task #0: main] Trial #128: GFLOPs: 1485.8059. Time: 77.8066 us. Best GFLOPs: 7905.2860
2025-10-07 10:10:35 [INFO] [evolutionary_search.cc:713] Generating candidates......
2025-10-07 10:10:37 [INFO] [evolutionary_search.cc:715] Picked top 102 candidate(s) from database
2025-10-07 10:10:44 [INFO] [evolutionary_search.cc:533] Sample-Init-Population summary:
Postproc #0 [meta_schedule.DisallowDynamicLoop(0x10a35418)]: 0 failure(s)
Postproc #1 [meta_schedule.RewriteCooperativeFetch(0x119ea348)]: 0 failure(s)
Postproc #2 [meta_schedule.RewriteUnboundBlock(0x10b3f098)]: 0 failure(s)
Postproc #3 [meta_schedule.RewriteParallelVectorizeUnroll(0x10653038)]: 0 failure(s)
Postproc #4 [meta_schedule.RewriteReductionBlock(0x10966348)]: 0 failure(s)
Postproc #5 [meta_schedule.VerifyGPUCode(0x11e7fbb8)]: 302 failure(s)
Postproc #6 [meta_schedule.RewriteTensorize(0x1096e578)]: 0 failure(s)
2025-10-07 10:10:44 [INFO] [evolutionary_search.cc:723] Sampled 108 candidate(s)
2025-10-07 10:10:57 [INFO] [evolutionary_search.cc:621] Evolve iter #0 done. Summary:
Postproc #0 [meta_schedule.DisallowDynamicLoop(0x10a35418)]: 0 failure(s)
Postproc #1 [meta_schedule.RewriteCooperativeFetch(0x119ea348)]: 0 failure(s)
Postproc #2 [meta_schedule.RewriteUnboundBlock(0x10b3f098)]: 0 failure(s)
Postproc #3 [meta_schedule.RewriteParallelVectorizeUnroll(0x10653038)]: 0 failure(s)
Postproc #4 [meta_schedule.RewriteReductionBlock(0x10966348)]: 0 failure(s)
Postproc #5 [meta_schedule.VerifyGPUCode(0x11e7fbb8)]: 109 failure(s)
Postproc #6 [meta_schedule.RewriteTensorize(0x1096e578)]: 0 failure(s)
2025-10-07 10:11:11 [INFO] [evolutionary_search.cc:621] Evolve iter #1 done. Summary:
Postproc #0 [meta_schedule.DisallowDynamicLoop(0x10a35418)]: 0 failure(s)
Postproc #1 [meta_schedule.RewriteCooperativeFetch(0x119ea348)]: 0 failure(s)
Postproc #2 [meta_schedule.RewriteUnboundBlock(0x10b3f098)]: 0 failure(s)
Postproc #3 [meta_schedule.RewriteParallelVectorizeUnroll(0x10653038)]: 0 failure(s)
Postproc #4 [meta_schedule.RewriteReductionBlock(0x10966348)]: 0 failure(s)
Postproc #5 [meta_schedule.VerifyGPUCode(0x11e7fbb8)]: 91 failure(s)
Postproc #6 [meta_schedule.RewriteTensorize(0x1096e578)]: 0 failure(s)
2025-10-07 10:11:25 [INFO] [evolutionary_search.cc:621] Evolve iter #2 done. Summary:
Postproc #0 [meta_schedule.DisallowDynamicLoop(0x10a35418)]: 0 failure(s)
Postproc #1 [meta_schedule.RewriteCooperativeFetch(0x119ea348)]: 0 failure(s)
Postproc #2 [meta_schedule.RewriteUnboundBlock(0x10b3f098)]: 0 failure(s)
Postproc #3 [meta_schedule.RewriteParallelVectorizeUnroll(0x10653038)]: 0 failure(s)
Postproc #4 [meta_schedule.RewriteReductionBlock(0x10966348)]: 0 failure(s)
Postproc #5 [meta_schedule.VerifyGPUCode(0x11e7fbb8)]: 89 failure(s)
Postproc #6 [meta_schedule.RewriteTensorize(0x1096e578)]: 0 failure(s)
2025-10-07 10:11:39 [INFO] [evolutionary_search.cc:621] Evolve iter #3 done. Summary:
Postproc #0 [meta_schedule.DisallowDynamicLoop(0x10a35418)]: 0 failure(s)
Postproc #1 [meta_schedule.RewriteCooperativeFetch(0x119ea348)]: 0 failure(s)
Postproc #2 [meta_schedule.RewriteUnboundBlock(0x10b3f098)]: 0 failure(s)
Postproc #3 [meta_schedule.RewriteParallelVectorizeUnroll(0x10653038)]: 0 failure(s)
Postproc #4 [meta_schedule.RewriteReductionBlock(0x10966348)]: 0 failure(s)
Postproc #5 [meta_schedule.VerifyGPUCode(0x11e7fbb8)]: 96 failure(s)
Postproc #6 [meta_schedule.RewriteTensorize(0x1096e578)]: 0 failure(s)
2025-10-07 10:11:43 [INFO] [evolutionary_search.cc:649] Scores of the best 64 candidates:
[1 : 16]:	1.0744  1.0532  1.0458  1.0210  1.0210  1.0134  1.0128  0.9951  0.9845  0.9845  0.9844  0.9747  0.9736  0.9714  0.9663  0.9650
[17 : 32]:	0.9611  0.9609  0.9562  0.9514  0.9414  0.9414  0.9414  0.9414  0.9410  0.9396  0.9341  0.9325  0.9325  0.9279  0.9279  0.9269
[33 : 48]:	0.9261  0.9234  0.9222  0.9159  0.9151  0.9111  0.9106  0.9053  0.9053  0.9025  0.9025  0.9018  0.9014  0.9014  0.9013  0.9011
[49 : 64]:	0.9011  0.9011  0.9009  0.8934  0.8933  0.8898  0.8890  0.8847  0.8841  0.8802  0.8802  0.8797  0.8791  0.8773  0.8746  0.8735
2025-10-07 10:11:44 [INFO] [evolutionary_search.cc:727] Got 64 candidate(s) with evolutionary search
2025-10-07 10:11:44 [INFO] [evolutionary_search.cc:730] Sending 64 candidates(s) for measurement
2025-10-07 10:12:31 [INFO] [task_scheduler.cc:131] [Task #0: main] Trial #129: GFLOPs: 3463.7064. Time: 33.3762 us. Best GFLOPs: 7905.2860
2025-10-07 10:12:31 [INFO] [task_scheduler.cc:131] [Task #0: main] Trial #130: GFLOPs: 1329.9427. Time: 86.9252 us. Best GFLOPs: 7905.2860
2025-10-07 10:12:31 [INFO] [task_scheduler.cc:131] [Task #0: main] Trial #131: GFLOPs: 5377.7929. Time: 21.4968 us. Best GFLOPs: 7905.2860
2025-10-07 10:12:31 [INFO] [task_scheduler.cc:131] [Task #0: main] Trial #132: GFLOPs: 5765.9297. Time: 20.0498 us. Best GFLOPs: 7905.2860
2025-10-07 10:12:31 [INFO] [task_scheduler.cc:131] [Task #0: main] Trial #133: GFLOPs: 5766.0465. Time: 20.0494 us. Best GFLOPs: 7905.2860
2025-10-07 10:12:31 [INFO] [task_scheduler.cc:131] [Task #0: main] Trial #134: GFLOPs: 6795.7341. Time: 17.0115 us. Best GFLOPs: 7905.2860
2025-10-07 10:12:31 [INFO] [task_scheduler.cc:131] [Task #0: main] Trial #135: GFLOPs: 4506.3791. Time: 25.6537 us. Best GFLOPs: 7905.2860
2025-10-07 10:12:31 [INFO] [task_scheduler.cc:131] [Task #0: main] Trial #136: GFLOPs: 1652.8381. Time: 69.9436 us. Best GFLOPs: 7905.2860
2025-10-07 10:12:31 [INFO] [task_scheduler.cc:131] [Task #0: main] Trial #137: GFLOPs: 7591.2777. Time: 15.2287 us. Best GFLOPs: 7905.2860
2025-10-07 10:12:31 [INFO] [task_scheduler.cc:131] [Task #0: main] Trial #138: GFLOPs: 2520.3000. Time: 45.8697 us. Best GFLOPs: 7905.2860
2025-10-07 10:12:31 [INFO] [task_scheduler.cc:131] [Task #0: main] Trial #139: GFLOPs: 7345.4242. Time: 15.7384 us. Best GFLOPs: 7905.2860
2025-10-07 10:12:31 [INFO] [task_scheduler.cc:131] [Task #0: main] Trial #140: GFLOPs: 3434.1333. Time: 33.6637 us. Best GFLOPs: 7905.2860
2025-10-07 10:12:31 [INFO] [task_scheduler.cc:131] [Task #0: main] Trial #141: GFLOPs: 640.5952. Time: 180.4658 us. Best GFLOPs: 7905.2860
2025-10-07 10:12:31 [INFO] [task_scheduler.cc:131] [Task #0: main] Trial #142: GFLOPs: 641.6884. Time: 180.1583 us. Best GFLOPs: 7905.2860
2025-10-07 10:12:31 [INFO] [task_scheduler.cc:131] [Task #0: main] Trial #143: GFLOPs: 6273.1669. Time: 18.4286 us. Best GFLOPs: 7905.2860
2025-10-07 10:12:31 [INFO] [task_scheduler.cc:131] [Task #0: main] Trial #144: GFLOPs: 10413.1697. Time: 11.1019 us. Best GFLOPs: 10413.1697
2025-10-07 10:12:31 [INFO] [task_scheduler.cc:131] [Task #0: main] Trial #145: GFLOPs: 2873.1671. Time: 40.2363 us. Best GFLOPs: 10413.1697
2025-10-07 10:12:31 [INFO] [task_scheduler.cc:131] [Task #0: main] Trial #146: GFLOPs: 1667.3193. Time: 69.3362 us. Best GFLOPs: 10413.1697
2025-10-07 10:12:31 [INFO] [task_scheduler.cc:131] [Task #0: main] Trial #147: GFLOPs: 1279.2046. Time: 90.3730 us. Best GFLOPs: 10413.1697
2025-10-07 10:12:31 [INFO] [task_scheduler.cc:131] [Task #0: main] Trial #148: GFLOPs: 1205.7333. Time: 95.8798 us. Best GFLOPs: 10413.1697
2025-10-07 10:12:31 [INFO] [task_scheduler.cc:121] [Task #0: main] Trial #149: Error in building:
LocalBuilder: An exception occurred
Traceback (most recent call last):
  File "/workspace/tvm-dev/python/tvm/exec/popen_worker.py", line 87, in main
    result = fn(*args, **kwargs)
             ^^^^^^^^^^^^^^^^^^^
  File "/workspace/tvm-dev/python/tvm/meta_schedule/builder/local_builder.py", line 165, in <lambda>
    lambda x: _worker_func(*x),
              ^^^^^^^^^^^^^^^^
  File "/workspace/tvm-dev/python/tvm/meta_schedule/builder/local_builder.py", line 231, in _worker_func
    rt_mod: Module = f_build(mod, target, _deserialize_params(params))
                     ^^^^^^^^^^^^^^^^^^^^^^^^^^^^^^^^^^^^^^^^^^^^^^^^^
  File "/workspace/tvm-dev/python/tvm/_ffi/_ctypes/packed_func.py", line 245, in __call__
    raise_last_ffi_error()
  File "/workspace/tvm-dev/python/tvm/_ffi/base.py", line 481, in raise_last_ffi_error
    raise py_err
  File "/workspace/tvm-dev/python/tvm/meta_schedule/builder/local_builder.py", line 261, in default_build
    return tvm_build(mod, target=target)
           ^^^^^^^^^^^^^^^^^^^^^^^^^^^^^
  File "/workspace/tvm-dev/python/tvm/driver/build_module.py", line 297, in build
    rt_mod_host = _driver_ffi.tir_to_runtime(annotated_mods, target_host)
                  ^^^^^^^^^^^^^^^^^^^^^^^^^^^^^^^^^^^^^^^^^^^^^^^^^^^^^^^
  File "/workspace/tvm-dev/python/tvm/_ffi/_ctypes/packed_func.py", line 245, in __call__
    raise_last_ffi_error()
  File "/workspace/tvm-dev/python/tvm/_ffi/base.py", line 481, in raise_last_ffi_error
    raise py_err
ValueError: Traceback (most recent call last):
  33: tvm::runtime::PackedFuncObj::Extractor<tvm::runtime::PackedFuncSubObj<tvm::runtime::TypedPackedFunc<tvm::runtime::Module (tvm::runtime::Map<tvm::Target, tvm::IRModule, void, void> const&, tvm::Target)>::AssignTypedLambda<tvm::__mk_TVM24::{lambda(tvm::runtime::Map<tvm::Target, tvm::IRModule, void, void> const&, tvm::Target)#1}>(tvm::__mk_TVM24::{lambda(tvm::runtime::Map<tvm::Target, tvm::IRModule, void, void> const&, tvm::Target)#1}, std::__cxx11::basic_string<char, std::char_traits<char>, std::allocator<char> >)::{lambda(tvm::runtime::TVMArgs const&, tvm::runtime::TVMRetValue*)#1}> >::Call(tvm::runtime::PackedFuncObj const*, std::__cxx11::basic_string<char, std::char_traits<char>, std::allocator<char> >, tvm::runtime::TVMRetValue)
  32: tvm::TIRToRuntime(tvm::runtime::Map<tvm::Target, tvm::IRModule, void, void> const&, tvm::Target const&)
  31: tvm::codegen::Build(tvm::IRModule, tvm::Target)
  30: _ZN3tvm7runtime13PackedFuncObj
  29: tvm::runtime::TypedPackedFunc<tvm::runtime::Module (tvm::IRModule, tvm::Target)>::AssignTypedLambda<tvm::runtime::Module (*)(tvm::IRModule, tvm::Target)>(tvm::runtime::Module (*)(tvm::IRModule, tvm::Target), std::__cxx11::basic_string<char, std::char_traits<char>, std::allocator<char> >)::{lambda(tvm::runtime::TVMArgs const&, tvm::runtime::TVMRetValue*)#1}::operator()(tvm::runtime::TVMArgs const&, tvm::runtime::TVMRetValue*) const
  28: tvm::codegen::BuildCUDA(tvm::IRModule, tvm::Target)
  27: tvm::codegen::CodeGenC::AddFunction(tvm::GlobalVar const&, tvm::tir::PrimFunc const&)
  26: tvm::codegen::CodeGenCUDA::VisitStmt_(tvm::tir::AllocateNode const*)
  25: tvm::codegen::CodeGenCUDA::VisitStmt_(tvm::tir::AllocateNode const*)
  24: tvm::codegen::CodeGenCUDA::VisitStmt_(tvm::tir::AllocateNode const*)
  23: tvm::codegen::CodeGenCUDA::VisitStmt_(tvm::tir::AllocateNode const*)
  22: tvm::codegen::CodeGenC::VisitStmt_(tvm::tir::SeqStmtNode const*)
  21: tvm::codegen::CodeGenC::VisitStmt_(tvm::tir::ForNode const*)
  20: tvm::codegen::CodeGenC::VisitStmt_(tvm::tir::SeqStmtNode const*)
  19: tvm::codegen::CodeGenC::VisitStmt_(tvm::tir::BufferStoreNode const*)
  18: tvm::codegen::CodeGenC::PrintExpr[abi:cxx11](tvm::PrimExpr const&)
  17: tvm::codegen::CodeGenC::VisitExpr_(tvm::tir::BufferLoadNode const*, std::ostream&)
  16: tvm::codegen::CodeGenC::PrintExpr[abi:cxx11](tvm::PrimExpr const&)
  15: void tvm::codegen::PrintBinaryExpr<tvm::tir::AddNode>(tvm::tir::AddNode const*, char const*, std::ostream&, tvm::codegen::CodeGenC*)
  14: tvm::codegen::CodeGenCUDA::PrintVecBinaryOp(std::__cxx11::basic_string<char, std::char_traits<char>, std::allocator<char> > const&, tvm::runtime::DataType, tvm::PrimExpr, tvm::PrimExpr, std::ostream&)
  13: tvm::codegen::CodeGenC::PrintExpr[abi:cxx11](tvm::PrimExpr const&)
  12: void tvm::codegen::PrintBinaryExpr<tvm::tir::AddNode>(tvm::tir::AddNode const*, char const*, std::ostream&, tvm::codegen::CodeGenC*)
  11: tvm::codegen::CodeGenCUDA::PrintVecBinaryOp(std::__cxx11::basic_string<char, std::char_traits<char>, std::allocator<char> > const&, tvm::runtime::DataType, tvm::PrimExpr, tvm::PrimExpr, std::ostream&)
  10: tvm::codegen::CodeGenC::PrintExpr[abi:cxx11](tvm::PrimExpr const&)
  9: void tvm::codegen::PrintBinaryExpr<tvm::tir::AddNode>(tvm::tir::AddNode const*, char const*, std::ostream&, tvm::codegen::CodeGenC*)
  8: tvm::codegen::CodeGenCUDA::PrintVecBinaryOp(std::__cxx11::basic_string<char, std::char_traits<char>, std::allocator<char> > const&, tvm::runtime::DataType, tvm::PrimExpr, tvm::PrimExpr, std::ostream&)
  7: tvm::codegen::CodeGenC::PrintExpr[abi:cxx11](tvm::PrimExpr const&)
  6: void tvm::codegen::PrintBinaryExpr<tvm::tir::MulNode>(tvm::tir::MulNode const*, char const*, std::ostream&, tvm::codegen::CodeGenC*)
  5: tvm::codegen::CodeGenCUDA::PrintVecBinaryOp(std::__cxx11::basic_string<char, std::char_traits<char>, std::allocator<char> > const&, tvm::runtime::DataType, tvm::PrimExpr, tvm::PrimExpr, std::ostream&)
  4: tvm::codegen::CodeGenC::PrintExpr[abi:cxx11](tvm::PrimExpr const&)
  3: void tvm::codegen::PrintBinaryExpr<tvm::tir::DivNode>(tvm::tir::DivNode const*, char const*, std::ostream&, tvm::codegen::CodeGenC*)
  2: tvm::codegen::CodeGenCUDA::PrintVecBinaryOp(std::__cxx11::basic_string<char, std::char_traits<char>, std::allocator<char> > const&, tvm::runtime::DataType, tvm::PrimExpr, tvm::PrimExpr, std::ostream&)
  1: tvm::codegen::CodeGenC::PrintExpr[abi:cxx11](tvm::PrimExpr const&)
  0: tvm::codegen::CodeGenCUDA::VisitExpr_(tvm::tir::RampNode const*, std::ostream&)
  File "/workspace/tvm-dev/src/target/source/codegen_cuda.cc", line 1204
ValueError: Check failed: lanes <= 4 (8 vs. 4) : Ramp of more than 4 lanes is not allowed.

# from tvm.script import ir as I
# from tvm.script import tir as T

@I.ir_module
class Module:
    @T.prim_func
    def main(A: T.Buffer((1, 128, 28, 28), "float16"), W: T.Buffer((256, 128, 3, 3), "float16"), conv2d_nchw: T.Buffer((1, 256, 14, 14), "float16")):
        T.func_attr({"tir.noalias": T.bool(True)})
        # with T.block("root"):
        conv2d_nchw_reindex_pad_shared_dyn = T.alloc_buffer((13, 16, 1, 1, 16, 16), "float16", scope="shared.dyn")
        conv2d_nchw_reindex_pad_shared_dyn_wmma_accumulator = T.alloc_buffer((13, 16, 1, 1, 16, 16), "float16", scope="wmma.accumulator")
        pad_temp_reindex_pad_shared_dyn = T.alloc_buffer((208, 1152), "float16", scope="shared.dyn")
        W_reindex_shared_dyn = T.alloc_buffer((256, 1152), "float16", scope="shared.dyn")
        pad_temp_reindex_pad_shared_dyn_wmma_matrix_a = T.alloc_buffer((208, 1152), "float16", scope="wmma.matrix_a")
        W_reindex_shared_dyn_wmma_matrix_b = T.alloc_buffer((256, 1152), "float16", scope="wmma.matrix_b")
        for ax0_0_0_ax1_0_0_fused in T.thread_binding(208, thread="blockIdx.y", annotations={"pragma_auto_unroll_max_step": 16, "pragma_unroll_explicit": 1}):
            for ax0_0_1_ax1_0_1_fused in T.thread_binding(1, thread="blockIdx.x"):
                for ax0_0_2_ax1_0_2_fused in T.thread_binding(1, thread="threadIdx.y"):
                    for ax0_0_3_init, ax1_0_3_init, ax0_0_4_init, ax1_0_4_init in T.grid(1, 1, 1, 1):
                        with T.block("conv2d_nchw_o_init"):
                            v0_o = T.axis.spatial(13, ax0_0_0_ax1_0_0_fused // 16 + ax0_0_3_init + ax0_0_4_init)
                            v1_o = T.axis.spatial(16, ax0_0_0_ax1_0_0_fused % 16 + ax1_0_3_init + ax1_0_4_init)
                            T.reads()
                            T.writes(conv2d_nchw_reindex_pad_shared_dyn_wmma_accumulator[v0_o, v1_o, 0, 0, 0:16, 0:16])
                            T.block_attr({"meta_schedule.thread_extent_high_inclusive": 1024, "meta_schedule.thread_extent_low_inclusive": 32, "warp_execution": 1})
                            C = T.match_buffer(conv2d_nchw_reindex_pad_shared_dyn_wmma_accumulator[v0_o, v1_o, 0, 0, 0:16, 0:16], (16, 16), "float16", strides=("C_s0", "C_s1"), scope="wmma.accumulator", offset_factor=16)
                            T.tvm_fill_fragment(C.data, 16, 16, 16, C.elem_offset // C.strides[0] // 16 * (C.strides[0] // 16) + C.elem_offset % C.strides[0] // 16, T.float32(0.0))
                    for ax2_0_0 in range(36):
                        for ax0_ax1_fused_0 in range(8):
                            for ax0_ax1_fused_1 in T.thread_binding(1, thread="threadIdx.y"):
                                for ax0_ax1_fused_2 in T.thread_binding(32, thread="threadIdx.x"):
                                    for ax0_ax1_fused_3 in T.vectorized(2):
                                        with T.block("pad_temp_reindex_pad_shared.dyn"):
                                            v0 = T.axis.spatial(208, ax0_0_0_ax1_0_0_fused // 16 * 16 + (ax0_ax1_fused_0 * 64 + ax0_ax1_fused_1 * 64 + ax0_ax1_fused_2 * 2 + ax0_ax1_fused_3) // 32)
                                            v1 = T.axis.spatial(1152, ax2_0_0 * 32 + (ax0_ax1_fused_0 * 64 + ax0_ax1_fused_1 * 64 + ax0_ax1_fused_2 * 2 + ax0_ax1_fused_3) % 32)
                                            T.reads(A[0, v1 // 9, v0 // 14 * 2 + v1 % 9 // 3 - 1, v0 % 14 * 2 + v1 % 3 - 1])
                                            T.writes(pad_temp_reindex_pad_shared_dyn[v0, v1])
                                            T.block_attr({"buffer_dim_align": [[0, 0, 32, 8]]})
                                            pad_temp_reindex_pad_shared_dyn[v0, v1] = T.if_then_else(v0 < 196, T.if_then_else(1 <= v0 // 14 * 2 + v1 % 9 // 3 and v0 // 14 * 2 + v1 % 9 // 3 < 29 and 1 <= v0 % 14 * 2 + v1 % 3 and v0 % 14 * 2 + v1 % 3 < 29, A[0, v1 // 9, v0 // 14 * 2 + v1 % 9 // 3 - 1, v0 % 14 * 2 + v1 % 3 - 1], T.float16(0.0)), T.float16(0.0))
                        for ax0_ax1_fused_0 in range(2):
                            for ax0_ax1_fused_1 in T.thread_binding(1, thread="threadIdx.y"):
                                for ax0_ax1_fused_2 in T.thread_binding(32, thread="threadIdx.x"):
                                    for ax0_ax1_fused_3 in T.vectorized(8):
                                        with T.block("W_reindex_shared.dyn"):
                                            v0 = T.axis.spatial(256, ax0_0_0_ax1_0_0_fused % 16 * 16 + (ax0_ax1_fused_0 * 256 + ax0_ax1_fused_1 * 256 + ax0_ax1_fused_2 * 8 + ax0_ax1_fused_3) // 32)
                                            v1 = T.axis.spatial(1152, ax2_0_0 * 32 + (ax0_ax1_fused_0 * 256 + ax0_ax1_fused_1 * 256 + ax0_ax1_fused_2 * 8 + ax0_ax1_fused_3) % 32)
                                            T.reads(W[v0, v1 // 9, v1 % 9 // 3, v1 % 3])
                                            T.writes(W_reindex_shared_dyn[v0, v1])
                                            T.block_attr({"buffer_dim_align": [[0, 0, 32, 8]]})
                                            W_reindex_shared_dyn[v0, v1] = W[v0, v1 // 9, v1 % 9 // 3, v1 % 3]
                        for ax2_0_1 in range(2):
                            for ax0_0, ax1_0 in T.grid(1, 1):
                                with T.block("pad_temp_reindex_pad_shared.dyn_wmma.matrix_a_o"):
                                    v0_o = T.axis.spatial(13, ax0_0_0_ax1_0_0_fused // 16 + ax0_0)
                                    v1_o = T.axis.spatial(72, ax2_0_0 * 2 + ax2_0_1 + ax1_0)
                                    T.reads(pad_temp_reindex_pad_shared_dyn[v0_o * 16:v0_o * 16 + 16, v1_o * 16:v1_o * 16 + 16])
                                    T.writes(pad_temp_reindex_pad_shared_dyn_wmma_matrix_a[v0_o * 16:v0_o * 16 + 16, v1_o * 16:v1_o * 16 + 16])
                                    A_1 = T.match_buffer(pad_temp_reindex_pad_shared_dyn[v0_o * 16:v0_o * 16 + 16, v1_o * 16:v1_o * 16 + 16], (16, 16), "float16", strides=("A_s0", "A_s1"), scope="shared.dyn", offset_factor=16)
                                    C = T.match_buffer(pad_temp_reindex_pad_shared_dyn_wmma_matrix_a[v0_o * 16:v0_o * 16 + 16, v1_o * 16:v1_o * 16 + 16], (16, 16), "float16", strides=("C_s0", "C_s1"), scope="wmma.matrix_a", offset_factor=16)
                                    T.tvm_load_matrix_sync(C.data, 16, 16, 16, C.elem_offset // C.strides[0] // 16 * (C.strides[0] // 16) + C.elem_offset % C.strides[0] // 16, T.tvm_access_ptr(T.type_annotation("float16"), A_1.data, A_1.elem_offset, A_1.strides[0] * 16, 1), A_1.strides[0], "row_major")
                            for ax0_0, ax1_0 in T.grid(1, 1):
                                with T.block("W_reindex_shared.dyn_wmma.matrix_b_o"):
                                    v0_o = T.axis.spatial(16, ax0_0_0_ax1_0_0_fused % 16 + ax0_0)
                                    v1_o = T.axis.spatial(72, ax2_0_0 * 2 + ax2_0_1 + ax1_0)
                                    T.reads(W_reindex_shared_dyn[v0_o * 16:v0_o * 16 + 16, v1_o * 16:v1_o * 16 + 16])
                                    T.writes(W_reindex_shared_dyn_wmma_matrix_b[v0_o * 16:v0_o * 16 + 16, v1_o * 16:v1_o * 16 + 16])
                                    A_1 = T.match_buffer(W_reindex_shared_dyn[v0_o * 16:v0_o * 16 + 16, v1_o * 16:v1_o * 16 + 16], (16, 16), "float16", strides=("A_s0", "A_s1"), scope="shared.dyn", offset_factor=16)
                                    C = T.match_buffer(W_reindex_shared_dyn_wmma_matrix_b[v0_o * 16:v0_o * 16 + 16, v1_o * 16:v1_o * 16 + 16], (16, 16), "float16", strides=("C_s0", "C_s1"), scope="wmma.matrix_b", offset_factor=16)
                                    T.tvm_load_matrix_sync(C.data, 16, 16, 16, C.elem_offset // C.strides[0] // 16 * (C.strides[0] // 16) + C.elem_offset % C.strides[0] // 16, T.tvm_access_ptr(T.type_annotation("float16"), A_1.data, A_1.elem_offset, A_1.strides[0] * 16, 1), A_1.strides[0], "col_major")
                            for ax0_0_3, ax1_0_3, ax2_0_2, ax0_0_4, ax1_0_4 in T.grid(1, 1, 1, 1, 1):
                                with T.block("conv2d_nchw_o_update"):
                                    v0_o = T.axis.spatial(13, ax0_0_0_ax1_0_0_fused // 16 + ax0_0_3 + ax0_0_4)
                                    v1_o = T.axis.spatial(16, ax0_0_0_ax1_0_0_fused % 16 + ax1_0_3 + ax1_0_4)
                                    v2_o = T.axis.reduce(72, ax2_0_0 * 2 + ax2_0_1 + ax2_0_2)
                                    T.reads(conv2d_nchw_reindex_pad_shared_dyn_wmma_accumulator[v0_o, v1_o, 0, 0, 0:16, 0:16], pad_temp_reindex_pad_shared_dyn_wmma_matrix_a[v0_o * 16:v0_o * 16 + 16, v2_o * 16:v2_o * 16 + 16], W_reindex_shared_dyn_wmma_matrix_b[v1_o * 16:v1_o * 16 + 16, v2_o * 16:v2_o * 16 + 16])
                                    T.writes(conv2d_nchw_reindex_pad_shared_dyn_wmma_accumulator[v0_o, v1_o, 0, 0, 0:16, 0:16])
                                    T.block_attr({"meta_schedule.thread_extent_high_inclusive": 1024, "meta_schedule.thread_extent_low_inclusive": 32, "warp_execution": 1})
                                    A_1 = T.match_buffer(pad_temp_reindex_pad_shared_dyn_wmma_matrix_a[v0_o * 16:v0_o * 16 + 16, v2_o * 16:v2_o * 16 + 16], (16, 16), "float16", strides=("A_s0", "A_s1"), scope="wmma.matrix_a", offset_factor=16)
                                    B = T.match_buffer(W_reindex_shared_dyn_wmma_matrix_b[v1_o * 16:v1_o * 16 + 16, v2_o * 16:v2_o * 16 + 16], (16, 16), "float16", strides=("B_s0", "B_s1"), scope="wmma.matrix_b", offset_factor=16)
                                    C = T.match_buffer(conv2d_nchw_reindex_pad_shared_dyn_wmma_accumulator[v0_o, v1_o, 0, 0, 0:16, 0:16], (16, 16), "float16", strides=("C_s0", "C_s1"), scope="wmma.accumulator", offset_factor=16)
                                    T.tvm_mma_sync(C.data, C.elem_offset // C.strides[0] // 16 * (C.strides[0] // 16) + C.elem_offset % C.strides[0] // 16, A_1.data, A_1.elem_offset // A_1.strides[0] // 16 * (A_1.strides[0] // 16) + A_1.elem_offset % A_1.strides[0] // 16, B.data, B.elem_offset // B.strides[0] // 16 * (B.strides[0] // 16) + B.elem_offset % B.strides[0] // 16, C.data, C.elem_offset // C.strides[0] // 16 * (C.strides[0] // 16) + C.elem_offset % C.strides[0] // 16)
                for ax2 in range(1):
                    for ax0_ax1_fused in T.thread_binding(1, thread="threadIdx.y"):
                        for ax2_1, ax3 in T.grid(1, 1):
                            with T.block("conv2d_nchw_reindex_pad_shared.dyn_wmma.accumulator_o"):
                                v0_o = T.axis.spatial(13, ax0_0_0_ax1_0_0_fused // 16)
                                v1_o = T.axis.spatial(16, ax0_0_0_ax1_0_0_fused % 16)
                                v2_o, v3_o = T.axis.remap("SS", [ax2_1, ax3])
                                v4_o = T.axis.spatial(1, 0)
                                v5_o = T.axis.spatial(1, 0)
                                T.reads(conv2d_nchw_reindex_pad_shared_dyn_wmma_accumulator[v0_o, v1_o, v2_o, v3_o, 0:16, 0:16])
                                T.writes(conv2d_nchw_reindex_pad_shared_dyn[v0_o, v1_o, v2_o, v3_o, 0:16, 0:16])
                                A_1 = T.match_buffer(conv2d_nchw_reindex_pad_shared_dyn_wmma_accumulator[v0_o, v1_o, v2_o, v3_o, 0:16, 0:16], (16, 16), "float16", strides=("A_s0", "A_s1"), scope="wmma.accumulator", offset_factor=16)
                                C = T.match_buffer(conv2d_nchw_reindex_pad_shared_dyn[v0_o, v1_o, v2_o, v3_o, 0:16, 0:16], (16, 16), "float16", strides=("C_s0", "C_s1"), scope="shared.dyn", offset_factor=16)
                                T.tvm_store_matrix_sync(A_1.data, 16, 16, 16, A_1.elem_offset // A_1.strides[0] // 16 * (A_1.strides[0] // 16) + A_1.elem_offset % A_1.strides[0] // 16, T.tvm_access_ptr(T.type_annotation("float16"), C.data, C.elem_offset, C.strides[0] * 16, 2), C.strides[0], "row_major")
                    for ax0_ax1_ax3_ax4_ax5_fused_0 in range(2):
                        for ax0_ax1_ax3_ax4_ax5_fused_1 in T.thread_binding(1, thread="threadIdx.y"):
                            for ax0_ax1_ax3_ax4_ax5_fused_2 in T.thread_binding(32, thread="threadIdx.x"):
                                for ax0_ax1_ax3_ax4_ax5_fused_3 in T.vectorized(4):
                                    with T.block("conv2d_nchw_reindex_pad_shared.dyn"):
                                        v0 = T.axis.spatial(13, ax0_0_0_ax1_0_0_fused // 16)
                                        v1 = T.axis.spatial(16, ax0_0_0_ax1_0_0_fused % 16)
                                        v2 = T.axis.spatial(1, ax2)
                                        v3 = T.axis.spatial(1, 0)
                                        v4 = T.axis.spatial(16, (ax0_ax1_ax3_ax4_ax5_fused_0 * 128 + ax0_ax1_ax3_ax4_ax5_fused_1 * 128 + ax0_ax1_ax3_ax4_ax5_fused_2 * 4 + ax0_ax1_ax3_ax4_ax5_fused_3) // 16)
                                        v5 = T.axis.spatial(16, (ax0_ax1_ax3_ax4_ax5_fused_0 * 128 + ax0_ax1_ax3_ax4_ax5_fused_1 * 128 + ax0_ax1_ax3_ax4_ax5_fused_2 * 4 + ax0_ax1_ax3_ax4_ax5_fused_3) % 16)
                                        T.where(ax0_0_0_ax1_0_0_fused // 16 * 16 + T.Mul(0, 16) + (((ax0_ax1_ax3_ax4_ax5_fused_0 + ax0_ax1_ax3_ax4_ax5_fused_1) * 32 + ax0_ax1_ax3_ax4_ax5_fused_2) * 4 + ax0_ax1_ax3_ax4_ax5_fused_3) % 256 // 16 < 196)
                                        T.reads(conv2d_nchw_reindex_pad_shared_dyn[v0, v1, v2, v3, v4, v5])
                                        T.writes(conv2d_nchw[0, v5 + v1 * 16, (v4 + v0 * 16) // 14, (v4 + v0 * 16) % 14])
                                        conv2d_nchw[0, v5 + v1 * 16, (v4 + v0 * 16) // 14, (v4 + v0 * 16) % 14] = conv2d_nchw_reindex_pad_shared_dyn[v0, v1, v2, v3, v4, v5]
b0 = sch.get_block(name="pad_temp", func_name="main")
b1 = sch.get_block(name="conv2d_nchw", func_name="main")
b2 = sch.get_block(name="root", func_name="main")
sch.annotate(block_or_loop=b1, ann_key="meta_schedule.tiling_structure", ann_val="SSSRRSRS")
b3 = sch.reindex(block=b1, buffer=("write", 0))
b4 = sch.reindex(block=b1, buffer=("read", 0))
b5 = sch.reindex(block=b1, buffer=("read", 1))
sch.transform_layout(block=b1, buffer=("read", 0), index_map=lambda v_nn, v_yy, v_xx, v_rc, v_ry, v_rx: (v_nn * 196 + v_yy * 14 + v_xx, v_rc * 9 + v_ry * 3 + v_rx,), pad_value=None, assume_injective_transform=True)
sch.transform_layout(block=b1, buffer=("read", 1), index_map=lambda v_ff, v_rc, v_ry, v_rx: (v_ff, v_rc * 9 + v_ry * 3 + v_rx,), pad_value=None, assume_injective_transform=True)
sch.transform_layout(block=b1, buffer=("write", 0), index_map=lambda v_nn, v_ff, v_yy, v_xx: (v_nn * 196 + v_yy * 14 + v_xx, v_ff,), pad_value=None, assume_injective_transform=True)
sch.transform_block_layout(block=b3, index_map=lambda v_nn, v_ff, v_yy, v_xx: (v_nn * 196 + v_yy * 14 + v_xx, v_ff,))
sch.transform_block_layout(block=b4, index_map=lambda v_nn, v_yy, v_xx, v_rc, v_ry, v_rx: (v_nn * 196 + v_yy * 14 + v_xx, v_rc * 9 + v_ry * 3 + v_rx,))
sch.transform_block_layout(block=b5, index_map=lambda v_ff, v_rc, v_ry, v_rx: (v_ff, v_rc * 9 + v_ry * 3 + v_rx,))
sch.transform_block_layout(block=b1, index_map=lambda v_nn, v_ff, v_yy, v_xx, v_rc, v_ry, v_rx: (v_nn * 196 + v_yy * 14 + v_xx, v_ff, v_rc * 9 + v_ry * 3 + v_rx,))
sch.pad_einsum(block=b1, padding=[16, 1, 1])
b6, b7 = sch.get_producers(block=b1)
b8, = sch.get_producers(block=b6)
b9, = sch.get_consumers(block=b1)
sch.compute_inline(block=b8)
sch.compute_inline(block=b9)
l10, l11, l12 = sch.get_loops(block=b1)
l13, l14 = sch.split(loop=l12, factors=[None, 16], preserve_unit_iters=True, disable_predication=False)
l15, l16 = sch.split(loop=l11, factors=[None, 16], preserve_unit_iters=True, disable_predication=False)
l17, l18 = sch.split(loop=l10, factors=[None, 16], preserve_unit_iters=True, disable_predication=False)
l19, l20, l21, l22, l23, l24 = sch.get_loops(block=b1)
sch.reorder(l21, l23, l18, l16, l14)
b25 = sch.blockize(target=l18, preserve_unit_iters=True)
sch.annotate(block_or_loop=b25, ann_key="meta_schedule.auto_tensorize", ann_val="wmma_sync_16x16x16_f16f16f16_trans")
sch.annotate(block_or_loop=b25, ann_key="meta_schedule.auto_tensorize_init", ann_val="wmma_fill_16x16x16_f16")
sch.annotate(block_or_loop=b25, ann_key="warp_execution", ann_val=1)
l26, l27, l28 = sch.get_loops(block=b25)
v29, v30, v31, v32, v33 = sch.sample_perfect_tile(loop=l26, n=5, max_innermost_factor=4, decision=[13, 1, 1, 1, 1])
l34, l35, l36, l37, l38 = sch.split(loop=l26, factors=[v29, v30, v31, v32, v33], preserve_unit_iters=True, disable_predication=False)
v39, v40, v41, v42, v43 = sch.sample_perfect_tile(loop=l27, n=5, max_innermost_factor=4, decision=[16, 1, 1, 1, 1])
l44, l45, l46, l47, l48 = sch.split(loop=l27, factors=[v39, v40, v41, v42, v43], preserve_unit_iters=True, disable_predication=False)
v49, v50, v51 = sch.sample_perfect_tile(loop=l28, n=3, max_innermost_factor=4, decision=[36, 2, 1])
l52, l53, l54 = sch.split(loop=l28, factors=[v49, v50, v51], preserve_unit_iters=True, disable_predication=False)
sch.reorder(l34, l44, l35, l45, l36, l46, l52, l53, l37, l47, l54, l38, l48)
l55 = sch.fuse(l34, l44, preserve_unit_iters=True)
sch.bind(loop=l55, thread_axis="blockIdx.y")
l56 = sch.fuse(l35, l45, preserve_unit_iters=True)
sch.bind(loop=l56, thread_axis="blockIdx.x")
l57 = sch.fuse(l36, l46, preserve_unit_iters=True)
sch.bind(loop=l57, thread_axis="threadIdx.y")
sch.annotate(block_or_loop=b25, ann_key="meta_schedule.thread_extent_low_inclusive", ann_val=32)
sch.annotate(block_or_loop=b25, ann_key="meta_schedule.thread_extent_high_inclusive", ann_val=1024)
sch.transform_layout(block=b25, buffer=("write", 0), index_map=lambda i0, i1: (i0 // 16 // (v32 * v33), i1 // 16 // (v42 * v43), i0 // 16 % (v32 * v33), i1 // 16 % (v42 * v43), i0 % 16, i1 % 16,), pad_value=None, assume_injective_transform=True)
b58 = sch.cache_write(block=b25, write_buffer_index=0, storage_scope="shared.dyn")
sch.reverse_compute_at(block=b58, loop=l56, preserve_unit_loops=True, index=-1)
b59 = sch.cache_write(block=b25, write_buffer_index=0, storage_scope="wmma.accumulator")
l60, l61, l62, l63, l64, l65, l66, l67 = sch.get_loops(block=b58)
sch.reorder(l64, l62, l63, l65)
sch.compute_at(block=b59, loop=l64, preserve_unit_loops=True, index=-1)
l68, l69, l70, l71, l72, l73, l74, l75, l76 = sch.get_loops(block=b59)
l77 = sch.fuse(l71, l72, preserve_unit_iters=True)
sch.bind(loop=l77, thread_axis="threadIdx.y")
sch.reverse_compute_inline(block=b3)
l78, l79, l80, l81, l82, l83, l84, l85 = sch.get_loops(block=b59)
b86 = sch.blockize(target=l84, preserve_unit_iters=True)
sch.annotate(block_or_loop=b86, ann_key="meta_schedule.auto_tensorize", ann_val="wmma_store_16x16x16_f16_shared_dyn")
l87, l88, l89, l90, l91, l92, l93, l94 = sch.get_loops(block=b58)
l95 = sch.fuse(l90, l91, l92, l93, l94, preserve_unit_iters=True)
v96 = sch.sample_categorical(candidates=[1, 2, 4, 8], probs=[0.25, 0.25, 0.25, 0.25], decision=2)
sch.annotate(block_or_loop=b58, ann_key="meta_schedule.cooperative_fetch", ann_val=v96)
b97 = sch.cache_read(block=b25, read_buffer_index=0, storage_scope="shared.dyn", consumer_blocks=[b25])
sch.compute_at(block=b97, loop=l52, preserve_unit_loops=True, index=-1)
l98, l99, l100, l101, l102, l103 = sch.get_loops(block=b97)
l104 = sch.fuse(l102, l103, preserve_unit_iters=True)
v105 = sch.sample_categorical(candidates=[1, 2, 4, 8], probs=[0.25, 0.25, 0.25, 0.25], decision=1)
sch.annotate(block_or_loop=b97, ann_key="meta_schedule.cooperative_fetch", ann_val=v105)
b106 = sch.cache_read(block=b25, read_buffer_index=1, storage_scope="shared.dyn", consumer_blocks=[b25])
sch.compute_at(block=b106, loop=l52, preserve_unit_loops=True, index=-1)
l107, l108, l109, l110, l111, l112 = sch.get_loops(block=b106)
l113 = sch.fuse(l111, l112, preserve_unit_iters=True)
v114 = sch.sample_categorical(candidates=[1, 2, 4, 8], probs=[0.25, 0.25, 0.25, 0.25], decision=3)
sch.annotate(block_or_loop=b106, ann_key="meta_schedule.cooperative_fetch", ann_val=v114)
b115 = sch.cache_read(block=b25, read_buffer_index=0, storage_scope="wmma.matrix_a")
sch.compute_at(block=b115, loop=l53, preserve_unit_loops=True, index=-1)
l116, l117, l118, l119, l120, l121, l122 = sch.get_loops(block=b115)
l123, l124 = sch.split(loop=l122, factors=[None, 16], preserve_unit_iters=True, disable_predication=False)
l125, l126 = sch.split(loop=l121, factors=[None, 16], preserve_unit_iters=True, disable_predication=False)
l127, l128, l129, l130, l131, l132, l133, l134, l135 = sch.get_loops(block=b115)
sch.reorder(l134, l126, l124)
b136 = sch.blockize(target=l126, preserve_unit_iters=True)
sch.annotate(block_or_loop=b136, ann_key="meta_schedule.auto_tensorize", ann_val="wmma_load_16x16x16_f16_a_shared_dyn")
b137 = sch.cache_read(block=b25, read_buffer_index=1, storage_scope="wmma.matrix_b")
sch.compute_at(block=b137, loop=l53, preserve_unit_loops=True, index=-1)
l138, l139, l140, l141, l142, l143, l144 = sch.get_loops(block=b137)
l145, l146 = sch.split(loop=l144, factors=[None, 16], preserve_unit_iters=True, disable_predication=False)
l147, l148 = sch.split(loop=l143, factors=[None, 16], preserve_unit_iters=True, disable_predication=False)
l149, l150, l151, l152, l153, l154, l155, l156, l157 = sch.get_loops(block=b137)
sch.reorder(l156, l148, l146)
b158 = sch.blockize(target=l148, preserve_unit_iters=True)
sch.annotate(block_or_loop=b158, ann_key="meta_schedule.auto_tensorize", ann_val="wmma_load_16x16x16_f16_b_trans_shared_dyn")
b159, = sch.get_producers(block=b97)
sch.compute_inline(block=b159)
sch.storage_align(block=b97, buffer_index=0, axis=-2, factor=32, offset=8)
b160, = sch.get_producers(block=b106)
sch.compute_inline(block=b160)
sch.storage_align(block=b106, buffer_index=0, axis=-2, factor=32, offset=8)
sch.compute_inline(block=b0)
v161 = sch.sample_categorical(candidates=[0, 16, 64, 512, 1024], probs=[0.20000000000000001, 0.20000000000000001, 0.20000000000000001, 0.20000000000000001, 0.20000000000000001], decision=1)
sch.annotate(block_or_loop=b2, ann_key="meta_schedule.unroll_explicit", ann_val=v161)
sch.enter_postproc()
sch.unannotate(block_or_loop=b58, ann_key="meta_schedule.cooperative_fetch")
l162, l163, l164, l165 = sch.get_loops(block=b58)
l166, l167, l168, l169 = sch.split(loop=l165, factors=[None, 1, 32, 4], preserve_unit_iters=True, disable_predication=False)
sch.vectorize(loop=l169)
sch.bind(loop=l168, thread_axis="threadIdx.x")
sch.bind(loop=l167, thread_axis="threadIdx.y")
sch.unannotate(block_or_loop=b97, ann_key="meta_schedule.cooperative_fetch")
l170, l171, l172, l173, l174 = sch.get_loops(block=b97)
l175, l176, l177, l178 = sch.split(loop=l174, factors=[None, 1, 32, 2], preserve_unit_iters=True, disable_predication=False)
sch.vectorize(loop=l178)
sch.bind(loop=l177, thread_axis="threadIdx.x")
sch.bind(loop=l176, thread_axis="threadIdx.y")
sch.unannotate(block_or_loop=b106, ann_key="meta_schedule.cooperative_fetch")
l179, l180, l181, l182, l183 = sch.get_loops(block=b106)
l184, l185, l186, l187 = sch.split(loop=l183, factors=[None, 1, 32, 8], preserve_unit_iters=True, disable_predication=False)
sch.vectorize(loop=l187)
sch.bind(loop=l186, thread_axis="threadIdx.x")
sch.bind(loop=l185, thread_axis="threadIdx.y")
b188 = sch.get_block(name="root", func_name="main")
sch.unannotate(block_or_loop=b188, ann_key="meta_schedule.unroll_explicit")
b189, b190, b191, b192, b193, b194, b195 = sch.get_child_blocks(b188)
l196, l197, l198, l199, l200, l201, l202, l203 = sch.get_loops(block=b189)
l204, l205, l206, l207, l208, l209, l210, l211 = sch.get_loops(block=b190)
l212, l213, l214, l215, l216, l217, l218 = sch.get_loops(block=b191)
l219, l220, l221, l222, l223, l224, l225 = sch.get_loops(block=b192)
l226, l227, l228, l229, l230, l231, l232, l233, l234, l235 = sch.get_loops(block=b193)
sch.annotate(block_or_loop=l226, ann_key="pragma_auto_unroll_max_step", ann_val=16)
sch.annotate(block_or_loop=l226, ann_key="pragma_unroll_explicit", ann_val=1)
l236, l237, l238, l239, l240, l241 = sch.get_loops(block=b194)
l242, l243, l244, l245, l246, l247, l248 = sch.get_loops(block=b195)
b249 = sch.get_block(name="conv2d_nchw_o", func_name="main")
l250, l251, l252, l253, l254, l255, l256, l257, l258, l259 = sch.get_loops(block=b249)
b260 = sch.decompose_reduction(block=b249, loop=l253)
sch.unannotate(block_or_loop=b260, ann_key="meta_schedule.auto_tensorize")
sch.annotate(block_or_loop=b260, ann_key="meta_schedule.auto_tensorize", ann_val="wmma_fill_16x16x16_f16")
sch.unannotate(block_or_loop=b249, ann_key="meta_schedule.auto_tensorize_init")
sch.unannotate(block_or_loop=b260, ann_key="meta_schedule.auto_tensorize_init")
b261 = sch.get_block(name="conv2d_nchw_o_init", func_name="main")
sch.unannotate(block_or_loop=b261, ann_key="meta_schedule.auto_tensorize")
sch.tensorize(block_or_loop=b261, tensor_intrin="wmma_fill_16x16x16_f16", preserve_unit_iters=True)
b262 = sch.get_block(name="pad_temp_reindex_pad_shared.dyn_wmma.matrix_a_o", func_name="main")
sch.unannotate(block_or_loop=b262, ann_key="meta_schedule.auto_tensorize")
sch.tensorize(block_or_loop=b262, tensor_intrin="wmma_load_16x16x16_f16_a_shared_dyn", preserve_unit_iters=True)
b263 = sch.get_block(name="W_reindex_shared.dyn_wmma.matrix_b_o", func_name="main")
sch.unannotate(block_or_loop=b263, ann_key="meta_schedule.auto_tensorize")
sch.tensorize(block_or_loop=b263, tensor_intrin="wmma_load_16x16x16_f16_b_trans_shared_dyn", preserve_unit_iters=True)
b264 = sch.get_block(name="conv2d_nchw_o_update", func_name="main")
sch.unannotate(block_or_loop=b264, ann_key="meta_schedule.auto_tensorize")
sch.tensorize(block_or_loop=b264, tensor_intrin="wmma_sync_16x16x16_f16f16f16_trans", preserve_unit_iters=True)
b265 = sch.get_block(name="conv2d_nchw_reindex_pad_shared.dyn_wmma.accumulator_o", func_name="main")
sch.unannotate(block_or_loop=b265, ann_key="meta_schedule.auto_tensorize")
sch.tensorize(block_or_loop=b265, tensor_intrin="wmma_store_16x16x16_f16_shared_dyn", preserve_unit_iters=True)
2025-10-07 10:12:31 [INFO] [task_scheduler.cc:131] [Task #0: main] Trial #150: GFLOPs: 6607.6578. Time: 17.4957 us. Best GFLOPs: 10413.1697
2025-10-07 10:12:31 [INFO] [task_scheduler.cc:131] [Task #0: main] Trial #151: GFLOPs: 6605.9351. Time: 17.5002 us. Best GFLOPs: 10413.1697
2025-10-07 10:12:31 [INFO] [task_scheduler.cc:121] [Task #0: main] Trial #152: Error in building:
LocalBuilder: An exception occurred
Traceback (most recent call last):
  File "/workspace/tvm-dev/python/tvm/exec/popen_worker.py", line 87, in main
    result = fn(*args, **kwargs)
             ^^^^^^^^^^^^^^^^^^^
  File "/workspace/tvm-dev/python/tvm/meta_schedule/builder/local_builder.py", line 165, in <lambda>
    lambda x: _worker_func(*x),
              ^^^^^^^^^^^^^^^^
  File "/workspace/tvm-dev/python/tvm/meta_schedule/builder/local_builder.py", line 231, in _worker_func
    rt_mod: Module = f_build(mod, target, _deserialize_params(params))
                     ^^^^^^^^^^^^^^^^^^^^^^^^^^^^^^^^^^^^^^^^^^^^^^^^^
  File "/workspace/tvm-dev/python/tvm/_ffi/_ctypes/packed_func.py", line 245, in __call__
    raise_last_ffi_error()
  File "/workspace/tvm-dev/python/tvm/_ffi/base.py", line 481, in raise_last_ffi_error
    raise py_err
  File "/workspace/tvm-dev/python/tvm/meta_schedule/builder/local_builder.py", line 261, in default_build
    return tvm_build(mod, target=target)
           ^^^^^^^^^^^^^^^^^^^^^^^^^^^^^
  File "/workspace/tvm-dev/python/tvm/driver/build_module.py", line 297, in build
    rt_mod_host = _driver_ffi.tir_to_runtime(annotated_mods, target_host)
                  ^^^^^^^^^^^^^^^^^^^^^^^^^^^^^^^^^^^^^^^^^^^^^^^^^^^^^^^
  File "/workspace/tvm-dev/python/tvm/_ffi/_ctypes/packed_func.py", line 245, in __call__
    raise_last_ffi_error()
  File "/workspace/tvm-dev/python/tvm/_ffi/base.py", line 481, in raise_last_ffi_error
    raise py_err
ValueError: Traceback (most recent call last):
  33: tvm::runtime::PackedFuncObj::Extractor<tvm::runtime::PackedFuncSubObj<tvm::runtime::TypedPackedFunc<tvm::runtime::Module (tvm::runtime::Map<tvm::Target, tvm::IRModule, void, void> const&, tvm::Target)>::AssignTypedLambda<tvm::__mk_TVM24::{lambda(tvm::runtime::Map<tvm::Target, tvm::IRModule, void, void> const&, tvm::Target)#1}>(tvm::__mk_TVM24::{lambda(tvm::runtime::Map<tvm::Target, tvm::IRModule, void, void> const&, tvm::Target)#1}, std::__cxx11::basic_string<char, std::char_traits<char>, std::allocator<char> >)::{lambda(tvm::runtime::TVMArgs const&, tvm::runtime::TVMRetValue*)#1}> >::Call(tvm::runtime::PackedFuncObj const*, std::__cxx11::basic_string<char, std::char_traits<char>, std::allocator<char> >, tvm::runtime::TVMRetValue)
  32: tvm::TIRToRuntime(tvm::runtime::Map<tvm::Target, tvm::IRModule, void, void> const&, tvm::Target const&)
  31: tvm::codegen::Build(tvm::IRModule, tvm::Target)
  30: _ZN3tvm7runtime13PackedFuncObj
  29: tvm::runtime::TypedPackedFunc<tvm::runtime::Module (tvm::IRModule, tvm::Target)>::AssignTypedLambda<tvm::runtime::Module (*)(tvm::IRModule, tvm::Target)>(tvm::runtime::Module (*)(tvm::IRModule, tvm::Target), std::__cxx11::basic_string<char, std::char_traits<char>, std::allocator<char> >)::{lambda(tvm::runtime::TVMArgs const&, tvm::runtime::TVMRetValue*)#1}::operator()(tvm::runtime::TVMArgs const&, tvm::runtime::TVMRetValue*) const
  28: tvm::codegen::BuildCUDA(tvm::IRModule, tvm::Target)
  27: tvm::codegen::CodeGenC::AddFunction(tvm::GlobalVar const&, tvm::tir::PrimFunc const&)
  26: tvm::codegen::CodeGenCUDA::VisitStmt_(tvm::tir::AllocateNode const*)
  25: tvm::codegen::CodeGenCUDA::VisitStmt_(tvm::tir::AllocateNode const*)
  24: tvm::codegen::CodeGenCUDA::VisitStmt_(tvm::tir::AllocateNode const*)
  23: tvm::codegen::CodeGenCUDA::VisitStmt_(tvm::tir::AllocateNode const*)
  22: tvm::codegen::CodeGenC::VisitStmt_(tvm::tir::SeqStmtNode const*)
  21: tvm::codegen::CodeGenC::VisitStmt_(tvm::tir::ForNode const*)
  20: tvm::codegen::CodeGenC::VisitStmt_(tvm::tir::SeqStmtNode const*)
  19: tvm::codegen::CodeGenC::VisitStmt_(tvm::tir::BufferStoreNode const*)
  18: tvm::codegen::CodeGenC::PrintExpr[abi:cxx11](tvm::PrimExpr const&)
  17: tvm::codegen::CodeGenC::VisitExpr_(tvm::tir::BufferLoadNode const*, std::ostream&)
  16: tvm::codegen::CodeGenC::PrintExpr[abi:cxx11](tvm::PrimExpr const&)
  15: void tvm::codegen::PrintBinaryExpr<tvm::tir::AddNode>(tvm::tir::AddNode const*, char const*, std::ostream&, tvm::codegen::CodeGenC*)
  14: tvm::codegen::CodeGenCUDA::PrintVecBinaryOp(std::__cxx11::basic_string<char, std::char_traits<char>, std::allocator<char> > const&, tvm::runtime::DataType, tvm::PrimExpr, tvm::PrimExpr, std::ostream&)
  13: tvm::codegen::CodeGenC::PrintExpr[abi:cxx11](tvm::PrimExpr const&)
  12: void tvm::codegen::PrintBinaryExpr<tvm::tir::AddNode>(tvm::tir::AddNode const*, char const*, std::ostream&, tvm::codegen::CodeGenC*)
  11: tvm::codegen::CodeGenCUDA::PrintVecBinaryOp(std::__cxx11::basic_string<char, std::char_traits<char>, std::allocator<char> > const&, tvm::runtime::DataType, tvm::PrimExpr, tvm::PrimExpr, std::ostream&)
  10: tvm::codegen::CodeGenC::PrintExpr[abi:cxx11](tvm::PrimExpr const&)
  9: void tvm::codegen::PrintBinaryExpr<tvm::tir::AddNode>(tvm::tir::AddNode const*, char const*, std::ostream&, tvm::codegen::CodeGenC*)
  8: tvm::codegen::CodeGenCUDA::PrintVecBinaryOp(std::__cxx11::basic_string<char, std::char_traits<char>, std::allocator<char> > const&, tvm::runtime::DataType, tvm::PrimExpr, tvm::PrimExpr, std::ostream&)
  7: tvm::codegen::CodeGenC::PrintExpr[abi:cxx11](tvm::PrimExpr const&)
  6: void tvm::codegen::PrintBinaryExpr<tvm::tir::MulNode>(tvm::tir::MulNode const*, char const*, std::ostream&, tvm::codegen::CodeGenC*)
  5: tvm::codegen::CodeGenCUDA::PrintVecBinaryOp(std::__cxx11::basic_string<char, std::char_traits<char>, std::allocator<char> > const&, tvm::runtime::DataType, tvm::PrimExpr, tvm::PrimExpr, std::ostream&)
  4: tvm::codegen::CodeGenC::PrintExpr[abi:cxx11](tvm::PrimExpr const&)
  3: void tvm::codegen::PrintBinaryExpr<tvm::tir::DivNode>(tvm::tir::DivNode const*, char const*, std::ostream&, tvm::codegen::CodeGenC*)
  2: tvm::codegen::CodeGenCUDA::PrintVecBinaryOp(std::__cxx11::basic_string<char, std::char_traits<char>, std::allocator<char> > const&, tvm::runtime::DataType, tvm::PrimExpr, tvm::PrimExpr, std::ostream&)
  1: tvm::codegen::CodeGenC::PrintExpr[abi:cxx11](tvm::PrimExpr const&)
  0: tvm::codegen::CodeGenCUDA::VisitExpr_(tvm::tir::RampNode const*, std::ostream&)
  File "/workspace/tvm-dev/src/target/source/codegen_cuda.cc", line 1204
ValueError: Check failed: lanes <= 4 (8 vs. 4) : Ramp of more than 4 lanes is not allowed.

# from tvm.script import ir as I
# from tvm.script import tir as T

@I.ir_module
class Module:
    @T.prim_func
    def main(A: T.Buffer((1, 128, 28, 28), "float16"), W: T.Buffer((256, 128, 3, 3), "float16"), conv2d_nchw: T.Buffer((1, 256, 14, 14), "float16")):
        T.func_attr({"tir.noalias": T.bool(True)})
        # with T.block("root"):
        conv2d_nchw_reindex_pad_shared_dyn = T.alloc_buffer((13, 16, 1, 1, 16, 16), "float16", scope="shared.dyn")
        conv2d_nchw_reindex_pad_shared_dyn_wmma_accumulator = T.alloc_buffer((13, 16, 1, 1, 16, 16), "float16", scope="wmma.accumulator")
        pad_temp_reindex_pad_shared_dyn = T.alloc_buffer((208, 1152), "float16", scope="shared.dyn")
        W_reindex_shared_dyn = T.alloc_buffer((256, 1152), "float16", scope="shared.dyn")
        pad_temp_reindex_pad_shared_dyn_wmma_matrix_a = T.alloc_buffer((208, 1152), "float16", scope="wmma.matrix_a")
        W_reindex_shared_dyn_wmma_matrix_b = T.alloc_buffer((256, 1152), "float16", scope="wmma.matrix_b")
        for ax0_0_0_ax1_0_0_fused in T.thread_binding(208, thread="blockIdx.y", annotations={"pragma_auto_unroll_max_step": 16, "pragma_unroll_explicit": 1}):
            for ax0_0_1_ax1_0_1_fused in T.thread_binding(1, thread="blockIdx.x"):
                for ax0_0_2_ax1_0_2_fused in T.thread_binding(1, thread="threadIdx.y"):
                    for ax0_0_3_init, ax1_0_3_init, ax0_0_4_init, ax1_0_4_init in T.grid(1, 1, 1, 1):
                        with T.block("conv2d_nchw_o_init"):
                            v0_o = T.axis.spatial(13, ax0_0_0_ax1_0_0_fused // 16 + ax0_0_3_init + ax0_0_4_init)
                            v1_o = T.axis.spatial(16, ax0_0_0_ax1_0_0_fused % 16 + ax1_0_3_init + ax1_0_4_init)
                            T.reads()
                            T.writes(conv2d_nchw_reindex_pad_shared_dyn_wmma_accumulator[v0_o, v1_o, 0, 0, 0:16, 0:16])
                            T.block_attr({"meta_schedule.thread_extent_high_inclusive": 1024, "meta_schedule.thread_extent_low_inclusive": 32, "warp_execution": 1})
                            C = T.match_buffer(conv2d_nchw_reindex_pad_shared_dyn_wmma_accumulator[v0_o, v1_o, 0, 0, 0:16, 0:16], (16, 16), "float16", strides=("C_s0", "C_s1"), scope="wmma.accumulator", offset_factor=16)
                            T.tvm_fill_fragment(C.data, 16, 16, 16, C.elem_offset // C.strides[0] // 16 * (C.strides[0] // 16) + C.elem_offset % C.strides[0] // 16, T.float32(0.0))
                    for ax2_0_0 in range(36):
                        for ax0_ax1_fused_0 in range(8):
                            for ax0_ax1_fused_1 in T.thread_binding(1, thread="threadIdx.y"):
                                for ax0_ax1_fused_2 in T.thread_binding(32, thread="threadIdx.x"):
                                    for ax0_ax1_fused_3 in T.vectorized(2):
                                        with T.block("pad_temp_reindex_pad_shared.dyn"):
                                            v0 = T.axis.spatial(208, ax0_0_0_ax1_0_0_fused // 16 * 16 + (ax0_ax1_fused_0 * 64 + ax0_ax1_fused_1 * 64 + ax0_ax1_fused_2 * 2 + ax0_ax1_fused_3) // 32)
                                            v1 = T.axis.spatial(1152, ax2_0_0 * 32 + (ax0_ax1_fused_0 * 64 + ax0_ax1_fused_1 * 64 + ax0_ax1_fused_2 * 2 + ax0_ax1_fused_3) % 32)
                                            T.reads(A[0, v1 // 9, v0 // 14 * 2 + v1 % 9 // 3 - 1, v0 % 14 * 2 + v1 % 3 - 1])
                                            T.writes(pad_temp_reindex_pad_shared_dyn[v0, v1])
                                            T.block_attr({"buffer_dim_align": [[0, 0, 32, 8]]})
                                            pad_temp_reindex_pad_shared_dyn[v0, v1] = T.if_then_else(v0 < 196, T.if_then_else(1 <= v0 // 14 * 2 + v1 % 9 // 3 and v0 // 14 * 2 + v1 % 9 // 3 < 29 and 1 <= v0 % 14 * 2 + v1 % 3 and v0 % 14 * 2 + v1 % 3 < 29, A[0, v1 // 9, v0 // 14 * 2 + v1 % 9 // 3 - 1, v0 % 14 * 2 + v1 % 3 - 1], T.float16(0.0)), T.float16(0.0))
                        for ax0_ax1_fused_0 in range(2):
                            for ax0_ax1_fused_1 in T.thread_binding(1, thread="threadIdx.y"):
                                for ax0_ax1_fused_2 in T.thread_binding(32, thread="threadIdx.x"):
                                    for ax0_ax1_fused_3 in T.vectorized(8):
                                        with T.block("W_reindex_shared.dyn"):
                                            v0 = T.axis.spatial(256, ax0_0_0_ax1_0_0_fused % 16 * 16 + (ax0_ax1_fused_0 * 256 + ax0_ax1_fused_1 * 256 + ax0_ax1_fused_2 * 8 + ax0_ax1_fused_3) // 32)
                                            v1 = T.axis.spatial(1152, ax2_0_0 * 32 + (ax0_ax1_fused_0 * 256 + ax0_ax1_fused_1 * 256 + ax0_ax1_fused_2 * 8 + ax0_ax1_fused_3) % 32)
                                            T.reads(W[v0, v1 // 9, v1 % 9 // 3, v1 % 3])
                                            T.writes(W_reindex_shared_dyn[v0, v1])
                                            T.block_attr({"buffer_dim_align": [[0, 0, 32, 8]]})
                                            W_reindex_shared_dyn[v0, v1] = W[v0, v1 // 9, v1 % 9 // 3, v1 % 3]
                        for ax2_0_1 in range(1):
                            for ax0_0, ax1_0 in T.grid(1, 2):
                                with T.block("pad_temp_reindex_pad_shared.dyn_wmma.matrix_a_o"):
                                    v0_o = T.axis.spatial(13, ax0_0_0_ax1_0_0_fused // 16 + ax0_0)
                                    v1_o = T.axis.spatial(72, ax2_0_0 * 2 + ax1_0)
                                    T.reads(pad_temp_reindex_pad_shared_dyn[v0_o * 16:v0_o * 16 + 16, v1_o * 16:v1_o * 16 + 16])
                                    T.writes(pad_temp_reindex_pad_shared_dyn_wmma_matrix_a[v0_o * 16:v0_o * 16 + 16, v1_o * 16:v1_o * 16 + 16])
                                    A_1 = T.match_buffer(pad_temp_reindex_pad_shared_dyn[v0_o * 16:v0_o * 16 + 16, v1_o * 16:v1_o * 16 + 16], (16, 16), "float16", strides=("A_s0", "A_s1"), scope="shared.dyn", offset_factor=16)
                                    C = T.match_buffer(pad_temp_reindex_pad_shared_dyn_wmma_matrix_a[v0_o * 16:v0_o * 16 + 16, v1_o * 16:v1_o * 16 + 16], (16, 16), "float16", strides=("C_s0", "C_s1"), scope="wmma.matrix_a", offset_factor=16)
                                    T.tvm_load_matrix_sync(C.data, 16, 16, 16, C.elem_offset // C.strides[0] // 16 * (C.strides[0] // 16) + C.elem_offset % C.strides[0] // 16, T.tvm_access_ptr(T.type_annotation("float16"), A_1.data, A_1.elem_offset, A_1.strides[0] * 16, 1), A_1.strides[0], "row_major")
                            for ax0_0, ax1_0 in T.grid(1, 2):
                                with T.block("W_reindex_shared.dyn_wmma.matrix_b_o"):
                                    v0_o = T.axis.spatial(16, ax0_0_0_ax1_0_0_fused % 16 + ax0_0)
                                    v1_o = T.axis.spatial(72, ax2_0_0 * 2 + ax1_0)
                                    T.reads(W_reindex_shared_dyn[v0_o * 16:v0_o * 16 + 16, v1_o * 16:v1_o * 16 + 16])
                                    T.writes(W_reindex_shared_dyn_wmma_matrix_b[v0_o * 16:v0_o * 16 + 16, v1_o * 16:v1_o * 16 + 16])
                                    A_1 = T.match_buffer(W_reindex_shared_dyn[v0_o * 16:v0_o * 16 + 16, v1_o * 16:v1_o * 16 + 16], (16, 16), "float16", strides=("A_s0", "A_s1"), scope="shared.dyn", offset_factor=16)
                                    C = T.match_buffer(W_reindex_shared_dyn_wmma_matrix_b[v0_o * 16:v0_o * 16 + 16, v1_o * 16:v1_o * 16 + 16], (16, 16), "float16", strides=("C_s0", "C_s1"), scope="wmma.matrix_b", offset_factor=16)
                                    T.tvm_load_matrix_sync(C.data, 16, 16, 16, C.elem_offset // C.strides[0] // 16 * (C.strides[0] // 16) + C.elem_offset % C.strides[0] // 16, T.tvm_access_ptr(T.type_annotation("float16"), A_1.data, A_1.elem_offset, A_1.strides[0] * 16, 1), A_1.strides[0], "col_major")
                            for ax0_0_3, ax1_0_3, ax2_0_2, ax0_0_4, ax1_0_4 in T.grid(1, 1, 2, 1, 1):
                                with T.block("conv2d_nchw_o_update"):
                                    v0_o = T.axis.spatial(13, ax0_0_0_ax1_0_0_fused // 16 + ax0_0_3 + ax0_0_4)
                                    v1_o = T.axis.spatial(16, ax0_0_0_ax1_0_0_fused % 16 + ax1_0_3 + ax1_0_4)
                                    v2_o = T.axis.reduce(72, ax2_0_0 * 2 + ax2_0_1 * 2 + ax2_0_2)
                                    T.reads(conv2d_nchw_reindex_pad_shared_dyn_wmma_accumulator[v0_o, v1_o, 0, 0, 0:16, 0:16], pad_temp_reindex_pad_shared_dyn_wmma_matrix_a[v0_o * 16:v0_o * 16 + 16, v2_o * 16:v2_o * 16 + 16], W_reindex_shared_dyn_wmma_matrix_b[v1_o * 16:v1_o * 16 + 16, v2_o * 16:v2_o * 16 + 16])
                                    T.writes(conv2d_nchw_reindex_pad_shared_dyn_wmma_accumulator[v0_o, v1_o, 0, 0, 0:16, 0:16])
                                    T.block_attr({"meta_schedule.thread_extent_high_inclusive": 1024, "meta_schedule.thread_extent_low_inclusive": 32, "warp_execution": 1})
                                    A_1 = T.match_buffer(pad_temp_reindex_pad_shared_dyn_wmma_matrix_a[v0_o * 16:v0_o * 16 + 16, v2_o * 16:v2_o * 16 + 16], (16, 16), "float16", strides=("A_s0", "A_s1"), scope="wmma.matrix_a", offset_factor=16)
                                    B = T.match_buffer(W_reindex_shared_dyn_wmma_matrix_b[v1_o * 16:v1_o * 16 + 16, v2_o * 16:v2_o * 16 + 16], (16, 16), "float16", strides=("B_s0", "B_s1"), scope="wmma.matrix_b", offset_factor=16)
                                    C = T.match_buffer(conv2d_nchw_reindex_pad_shared_dyn_wmma_accumulator[v0_o, v1_o, 0, 0, 0:16, 0:16], (16, 16), "float16", strides=("C_s0", "C_s1"), scope="wmma.accumulator", offset_factor=16)
                                    T.tvm_mma_sync(C.data, C.elem_offset // C.strides[0] // 16 * (C.strides[0] // 16) + C.elem_offset % C.strides[0] // 16, A_1.data, A_1.elem_offset // A_1.strides[0] // 16 * (A_1.strides[0] // 16) + A_1.elem_offset % A_1.strides[0] // 16, B.data, B.elem_offset // B.strides[0] // 16 * (B.strides[0] // 16) + B.elem_offset % B.strides[0] // 16, C.data, C.elem_offset // C.strides[0] // 16 * (C.strides[0] // 16) + C.elem_offset % C.strides[0] // 16)
                for ax2 in range(1):
                    for ax0_ax1_fused in T.thread_binding(1, thread="threadIdx.y"):
                        for ax2_1, ax3 in T.grid(1, 1):
                            with T.block("conv2d_nchw_reindex_pad_shared.dyn_wmma.accumulator_o"):
                                v0_o = T.axis.spatial(13, ax0_0_0_ax1_0_0_fused // 16)
                                v1_o = T.axis.spatial(16, ax0_0_0_ax1_0_0_fused % 16)
                                v2_o, v3_o = T.axis.remap("SS", [ax2_1, ax3])
                                v4_o = T.axis.spatial(1, 0)
                                v5_o = T.axis.spatial(1, 0)
                                T.reads(conv2d_nchw_reindex_pad_shared_dyn_wmma_accumulator[v0_o, v1_o, v2_o, v3_o, 0:16, 0:16])
                                T.writes(conv2d_nchw_reindex_pad_shared_dyn[v0_o, v1_o, v2_o, v3_o, 0:16, 0:16])
                                A_1 = T.match_buffer(conv2d_nchw_reindex_pad_shared_dyn_wmma_accumulator[v0_o, v1_o, v2_o, v3_o, 0:16, 0:16], (16, 16), "float16", strides=("A_s0", "A_s1"), scope="wmma.accumulator", offset_factor=16)
                                C = T.match_buffer(conv2d_nchw_reindex_pad_shared_dyn[v0_o, v1_o, v2_o, v3_o, 0:16, 0:16], (16, 16), "float16", strides=("C_s0", "C_s1"), scope="shared.dyn", offset_factor=16)
                                T.tvm_store_matrix_sync(A_1.data, 16, 16, 16, A_1.elem_offset // A_1.strides[0] // 16 * (A_1.strides[0] // 16) + A_1.elem_offset % A_1.strides[0] // 16, T.tvm_access_ptr(T.type_annotation("float16"), C.data, C.elem_offset, C.strides[0] * 16, 2), C.strides[0], "row_major")
                    for ax0_ax1_ax3_ax4_ax5_fused_0 in range(2):
                        for ax0_ax1_ax3_ax4_ax5_fused_1 in T.thread_binding(1, thread="threadIdx.y"):
                            for ax0_ax1_ax3_ax4_ax5_fused_2 in T.thread_binding(32, thread="threadIdx.x"):
                                for ax0_ax1_ax3_ax4_ax5_fused_3 in T.vectorized(4):
                                    with T.block("conv2d_nchw_reindex_pad_shared.dyn"):
                                        v0 = T.axis.spatial(13, ax0_0_0_ax1_0_0_fused // 16)
                                        v1 = T.axis.spatial(16, ax0_0_0_ax1_0_0_fused % 16)
                                        v2 = T.axis.spatial(1, ax2)
                                        v3 = T.axis.spatial(1, 0)
                                        v4 = T.axis.spatial(16, (ax0_ax1_ax3_ax4_ax5_fused_0 * 128 + ax0_ax1_ax3_ax4_ax5_fused_1 * 128 + ax0_ax1_ax3_ax4_ax5_fused_2 * 4 + ax0_ax1_ax3_ax4_ax5_fused_3) // 16)
                                        v5 = T.axis.spatial(16, (ax0_ax1_ax3_ax4_ax5_fused_0 * 128 + ax0_ax1_ax3_ax4_ax5_fused_1 * 128 + ax0_ax1_ax3_ax4_ax5_fused_2 * 4 + ax0_ax1_ax3_ax4_ax5_fused_3) % 16)
                                        T.where(ax0_0_0_ax1_0_0_fused // 16 * 16 + T.Mul(0, 16) + (((ax0_ax1_ax3_ax4_ax5_fused_0 + ax0_ax1_ax3_ax4_ax5_fused_1) * 32 + ax0_ax1_ax3_ax4_ax5_fused_2) * 4 + ax0_ax1_ax3_ax4_ax5_fused_3) % 256 // 16 < 196)
                                        T.reads(conv2d_nchw_reindex_pad_shared_dyn[v0, v1, v2, v3, v4, v5])
                                        T.writes(conv2d_nchw[0, v5 + v1 * 16, (v4 + v0 * 16) // 14, (v4 + v0 * 16) % 14])
                                        conv2d_nchw[0, v5 + v1 * 16, (v4 + v0 * 16) // 14, (v4 + v0 * 16) % 14] = conv2d_nchw_reindex_pad_shared_dyn[v0, v1, v2, v3, v4, v5]
b0 = sch.get_block(name="pad_temp", func_name="main")
b1 = sch.get_block(name="conv2d_nchw", func_name="main")
b2 = sch.get_block(name="root", func_name="main")
sch.annotate(block_or_loop=b1, ann_key="meta_schedule.tiling_structure", ann_val="SSSRRSRS")
b3 = sch.reindex(block=b1, buffer=("write", 0))
b4 = sch.reindex(block=b1, buffer=("read", 0))
b5 = sch.reindex(block=b1, buffer=("read", 1))
sch.transform_layout(block=b1, buffer=("read", 0), index_map=lambda v_nn, v_yy, v_xx, v_rc, v_ry, v_rx: (v_nn * 196 + v_yy * 14 + v_xx, v_rc * 9 + v_ry * 3 + v_rx,), pad_value=None, assume_injective_transform=True)
sch.transform_layout(block=b1, buffer=("read", 1), index_map=lambda v_ff, v_rc, v_ry, v_rx: (v_ff, v_rc * 9 + v_ry * 3 + v_rx,), pad_value=None, assume_injective_transform=True)
sch.transform_layout(block=b1, buffer=("write", 0), index_map=lambda v_nn, v_ff, v_yy, v_xx: (v_nn * 196 + v_yy * 14 + v_xx, v_ff,), pad_value=None, assume_injective_transform=True)
sch.transform_block_layout(block=b3, index_map=lambda v_nn, v_ff, v_yy, v_xx: (v_nn * 196 + v_yy * 14 + v_xx, v_ff,))
sch.transform_block_layout(block=b4, index_map=lambda v_nn, v_yy, v_xx, v_rc, v_ry, v_rx: (v_nn * 196 + v_yy * 14 + v_xx, v_rc * 9 + v_ry * 3 + v_rx,))
sch.transform_block_layout(block=b5, index_map=lambda v_ff, v_rc, v_ry, v_rx: (v_ff, v_rc * 9 + v_ry * 3 + v_rx,))
sch.transform_block_layout(block=b1, index_map=lambda v_nn, v_ff, v_yy, v_xx, v_rc, v_ry, v_rx: (v_nn * 196 + v_yy * 14 + v_xx, v_ff, v_rc * 9 + v_ry * 3 + v_rx,))
sch.pad_einsum(block=b1, padding=[16, 1, 1])
b6, b7 = sch.get_producers(block=b1)
b8, = sch.get_producers(block=b6)
b9, = sch.get_consumers(block=b1)
sch.compute_inline(block=b8)
sch.compute_inline(block=b9)
l10, l11, l12 = sch.get_loops(block=b1)
l13, l14 = sch.split(loop=l12, factors=[None, 16], preserve_unit_iters=True, disable_predication=False)
l15, l16 = sch.split(loop=l11, factors=[None, 16], preserve_unit_iters=True, disable_predication=False)
l17, l18 = sch.split(loop=l10, factors=[None, 16], preserve_unit_iters=True, disable_predication=False)
l19, l20, l21, l22, l23, l24 = sch.get_loops(block=b1)
sch.reorder(l21, l23, l18, l16, l14)
b25 = sch.blockize(target=l18, preserve_unit_iters=True)
sch.annotate(block_or_loop=b25, ann_key="meta_schedule.auto_tensorize", ann_val="wmma_sync_16x16x16_f16f16f16_trans")
sch.annotate(block_or_loop=b25, ann_key="meta_schedule.auto_tensorize_init", ann_val="wmma_fill_16x16x16_f16")
sch.annotate(block_or_loop=b25, ann_key="warp_execution", ann_val=1)
l26, l27, l28 = sch.get_loops(block=b25)
v29, v30, v31, v32, v33 = sch.sample_perfect_tile(loop=l26, n=5, max_innermost_factor=4, decision=[13, 1, 1, 1, 1])
l34, l35, l36, l37, l38 = sch.split(loop=l26, factors=[v29, v30, v31, v32, v33], preserve_unit_iters=True, disable_predication=False)
v39, v40, v41, v42, v43 = sch.sample_perfect_tile(loop=l27, n=5, max_innermost_factor=4, decision=[16, 1, 1, 1, 1])
l44, l45, l46, l47, l48 = sch.split(loop=l27, factors=[v39, v40, v41, v42, v43], preserve_unit_iters=True, disable_predication=False)
v49, v50, v51 = sch.sample_perfect_tile(loop=l28, n=3, max_innermost_factor=4, decision=[36, 1, 2])
l52, l53, l54 = sch.split(loop=l28, factors=[v49, v50, v51], preserve_unit_iters=True, disable_predication=False)
sch.reorder(l34, l44, l35, l45, l36, l46, l52, l53, l37, l47, l54, l38, l48)
l55 = sch.fuse(l34, l44, preserve_unit_iters=True)
sch.bind(loop=l55, thread_axis="blockIdx.y")
l56 = sch.fuse(l35, l45, preserve_unit_iters=True)
sch.bind(loop=l56, thread_axis="blockIdx.x")
l57 = sch.fuse(l36, l46, preserve_unit_iters=True)
sch.bind(loop=l57, thread_axis="threadIdx.y")
sch.annotate(block_or_loop=b25, ann_key="meta_schedule.thread_extent_low_inclusive", ann_val=32)
sch.annotate(block_or_loop=b25, ann_key="meta_schedule.thread_extent_high_inclusive", ann_val=1024)
sch.transform_layout(block=b25, buffer=("write", 0), index_map=lambda i0, i1: (i0 // 16 // (v32 * v33), i1 // 16 // (v42 * v43), i0 // 16 % (v32 * v33), i1 // 16 % (v42 * v43), i0 % 16, i1 % 16,), pad_value=None, assume_injective_transform=True)
b58 = sch.cache_write(block=b25, write_buffer_index=0, storage_scope="shared.dyn")
sch.reverse_compute_at(block=b58, loop=l56, preserve_unit_loops=True, index=-1)
b59 = sch.cache_write(block=b25, write_buffer_index=0, storage_scope="wmma.accumulator")
l60, l61, l62, l63, l64, l65, l66, l67 = sch.get_loops(block=b58)
sch.reorder(l64, l62, l63, l65)
sch.compute_at(block=b59, loop=l64, preserve_unit_loops=True, index=-1)
l68, l69, l70, l71, l72, l73, l74, l75, l76 = sch.get_loops(block=b59)
l77 = sch.fuse(l71, l72, preserve_unit_iters=True)
sch.bind(loop=l77, thread_axis="threadIdx.y")
sch.reverse_compute_inline(block=b3)
l78, l79, l80, l81, l82, l83, l84, l85 = sch.get_loops(block=b59)
b86 = sch.blockize(target=l84, preserve_unit_iters=True)
sch.annotate(block_or_loop=b86, ann_key="meta_schedule.auto_tensorize", ann_val="wmma_store_16x16x16_f16_shared_dyn")
l87, l88, l89, l90, l91, l92, l93, l94 = sch.get_loops(block=b58)
l95 = sch.fuse(l90, l91, l92, l93, l94, preserve_unit_iters=True)
v96 = sch.sample_categorical(candidates=[1, 2, 4, 8], probs=[0.25, 0.25, 0.25, 0.25], decision=2)
sch.annotate(block_or_loop=b58, ann_key="meta_schedule.cooperative_fetch", ann_val=v96)
b97 = sch.cache_read(block=b25, read_buffer_index=0, storage_scope="shared.dyn", consumer_blocks=[b25])
sch.compute_at(block=b97, loop=l52, preserve_unit_loops=True, index=-1)
l98, l99, l100, l101, l102, l103 = sch.get_loops(block=b97)
l104 = sch.fuse(l102, l103, preserve_unit_iters=True)
v105 = sch.sample_categorical(candidates=[1, 2, 4, 8], probs=[0.25, 0.25, 0.25, 0.25], decision=1)
sch.annotate(block_or_loop=b97, ann_key="meta_schedule.cooperative_fetch", ann_val=v105)
b106 = sch.cache_read(block=b25, read_buffer_index=1, storage_scope="shared.dyn", consumer_blocks=[b25])
sch.compute_at(block=b106, loop=l52, preserve_unit_loops=True, index=-1)
l107, l108, l109, l110, l111, l112 = sch.get_loops(block=b106)
l113 = sch.fuse(l111, l112, preserve_unit_iters=True)
v114 = sch.sample_categorical(candidates=[1, 2, 4, 8], probs=[0.25, 0.25, 0.25, 0.25], decision=3)
sch.annotate(block_or_loop=b106, ann_key="meta_schedule.cooperative_fetch", ann_val=v114)
b115 = sch.cache_read(block=b25, read_buffer_index=0, storage_scope="wmma.matrix_a")
sch.compute_at(block=b115, loop=l53, preserve_unit_loops=True, index=-1)
l116, l117, l118, l119, l120, l121, l122 = sch.get_loops(block=b115)
l123, l124 = sch.split(loop=l122, factors=[None, 16], preserve_unit_iters=True, disable_predication=False)
l125, l126 = sch.split(loop=l121, factors=[None, 16], preserve_unit_iters=True, disable_predication=False)
l127, l128, l129, l130, l131, l132, l133, l134, l135 = sch.get_loops(block=b115)
sch.reorder(l134, l126, l124)
b136 = sch.blockize(target=l126, preserve_unit_iters=True)
sch.annotate(block_or_loop=b136, ann_key="meta_schedule.auto_tensorize", ann_val="wmma_load_16x16x16_f16_a_shared_dyn")
b137 = sch.cache_read(block=b25, read_buffer_index=1, storage_scope="wmma.matrix_b")
sch.compute_at(block=b137, loop=l53, preserve_unit_loops=True, index=-1)
l138, l139, l140, l141, l142, l143, l144 = sch.get_loops(block=b137)
l145, l146 = sch.split(loop=l144, factors=[None, 16], preserve_unit_iters=True, disable_predication=False)
l147, l148 = sch.split(loop=l143, factors=[None, 16], preserve_unit_iters=True, disable_predication=False)
l149, l150, l151, l152, l153, l154, l155, l156, l157 = sch.get_loops(block=b137)
sch.reorder(l156, l148, l146)
b158 = sch.blockize(target=l148, preserve_unit_iters=True)
sch.annotate(block_or_loop=b158, ann_key="meta_schedule.auto_tensorize", ann_val="wmma_load_16x16x16_f16_b_trans_shared_dyn")
b159, = sch.get_producers(block=b97)
sch.compute_inline(block=b159)
sch.storage_align(block=b97, buffer_index=0, axis=-2, factor=32, offset=8)
b160, = sch.get_producers(block=b106)
sch.compute_inline(block=b160)
sch.storage_align(block=b106, buffer_index=0, axis=-2, factor=32, offset=8)
sch.compute_inline(block=b0)
v161 = sch.sample_categorical(candidates=[0, 16, 64, 512, 1024], probs=[0.20000000000000001, 0.20000000000000001, 0.20000000000000001, 0.20000000000000001, 0.20000000000000001], decision=1)
sch.annotate(block_or_loop=b2, ann_key="meta_schedule.unroll_explicit", ann_val=v161)
sch.enter_postproc()
sch.unannotate(block_or_loop=b58, ann_key="meta_schedule.cooperative_fetch")
l162, l163, l164, l165 = sch.get_loops(block=b58)
l166, l167, l168, l169 = sch.split(loop=l165, factors=[None, 1, 32, 4], preserve_unit_iters=True, disable_predication=False)
sch.vectorize(loop=l169)
sch.bind(loop=l168, thread_axis="threadIdx.x")
sch.bind(loop=l167, thread_axis="threadIdx.y")
sch.unannotate(block_or_loop=b97, ann_key="meta_schedule.cooperative_fetch")
l170, l171, l172, l173, l174 = sch.get_loops(block=b97)
l175, l176, l177, l178 = sch.split(loop=l174, factors=[None, 1, 32, 2], preserve_unit_iters=True, disable_predication=False)
sch.vectorize(loop=l178)
sch.bind(loop=l177, thread_axis="threadIdx.x")
sch.bind(loop=l176, thread_axis="threadIdx.y")
sch.unannotate(block_or_loop=b106, ann_key="meta_schedule.cooperative_fetch")
l179, l180, l181, l182, l183 = sch.get_loops(block=b106)
l184, l185, l186, l187 = sch.split(loop=l183, factors=[None, 1, 32, 8], preserve_unit_iters=True, disable_predication=False)
sch.vectorize(loop=l187)
sch.bind(loop=l186, thread_axis="threadIdx.x")
sch.bind(loop=l185, thread_axis="threadIdx.y")
b188 = sch.get_block(name="root", func_name="main")
sch.unannotate(block_or_loop=b188, ann_key="meta_schedule.unroll_explicit")
b189, b190, b191, b192, b193, b194, b195 = sch.get_child_blocks(b188)
l196, l197, l198, l199, l200, l201, l202, l203 = sch.get_loops(block=b189)
l204, l205, l206, l207, l208, l209, l210, l211 = sch.get_loops(block=b190)
l212, l213, l214, l215, l216, l217, l218 = sch.get_loops(block=b191)
l219, l220, l221, l222, l223, l224, l225 = sch.get_loops(block=b192)
l226, l227, l228, l229, l230, l231, l232, l233, l234, l235 = sch.get_loops(block=b193)
sch.annotate(block_or_loop=l226, ann_key="pragma_auto_unroll_max_step", ann_val=16)
sch.annotate(block_or_loop=l226, ann_key="pragma_unroll_explicit", ann_val=1)
l236, l237, l238, l239, l240, l241 = sch.get_loops(block=b194)
l242, l243, l244, l245, l246, l247, l248 = sch.get_loops(block=b195)
b249 = sch.get_block(name="conv2d_nchw_o", func_name="main")
l250, l251, l252, l253, l254, l255, l256, l257, l258, l259 = sch.get_loops(block=b249)
b260 = sch.decompose_reduction(block=b249, loop=l253)
sch.unannotate(block_or_loop=b260, ann_key="meta_schedule.auto_tensorize")
sch.annotate(block_or_loop=b260, ann_key="meta_schedule.auto_tensorize", ann_val="wmma_fill_16x16x16_f16")
sch.unannotate(block_or_loop=b249, ann_key="meta_schedule.auto_tensorize_init")
sch.unannotate(block_or_loop=b260, ann_key="meta_schedule.auto_tensorize_init")
b261 = sch.get_block(name="conv2d_nchw_o_init", func_name="main")
sch.unannotate(block_or_loop=b261, ann_key="meta_schedule.auto_tensorize")
sch.tensorize(block_or_loop=b261, tensor_intrin="wmma_fill_16x16x16_f16", preserve_unit_iters=True)
b262 = sch.get_block(name="pad_temp_reindex_pad_shared.dyn_wmma.matrix_a_o", func_name="main")
sch.unannotate(block_or_loop=b262, ann_key="meta_schedule.auto_tensorize")
sch.tensorize(block_or_loop=b262, tensor_intrin="wmma_load_16x16x16_f16_a_shared_dyn", preserve_unit_iters=True)
b263 = sch.get_block(name="W_reindex_shared.dyn_wmma.matrix_b_o", func_name="main")
sch.unannotate(block_or_loop=b263, ann_key="meta_schedule.auto_tensorize")
sch.tensorize(block_or_loop=b263, tensor_intrin="wmma_load_16x16x16_f16_b_trans_shared_dyn", preserve_unit_iters=True)
b264 = sch.get_block(name="conv2d_nchw_o_update", func_name="main")
sch.unannotate(block_or_loop=b264, ann_key="meta_schedule.auto_tensorize")
sch.tensorize(block_or_loop=b264, tensor_intrin="wmma_sync_16x16x16_f16f16f16_trans", preserve_unit_iters=True)
b265 = sch.get_block(name="conv2d_nchw_reindex_pad_shared.dyn_wmma.accumulator_o", func_name="main")
sch.unannotate(block_or_loop=b265, ann_key="meta_schedule.auto_tensorize")
sch.tensorize(block_or_loop=b265, tensor_intrin="wmma_store_16x16x16_f16_shared_dyn", preserve_unit_iters=True)
2025-10-07 10:12:31 [INFO] [task_scheduler.cc:131] [Task #0: main] Trial #153: GFLOPs: 1978.2689. Time: 58.4377 us. Best GFLOPs: 10413.1697
2025-10-07 10:12:31 [INFO] [task_scheduler.cc:131] [Task #0: main] Trial #154: GFLOPs: 6080.3900. Time: 19.0128 us. Best GFLOPs: 10413.1697
2025-10-07 10:12:31 [INFO] [task_scheduler.cc:131] [Task #0: main] Trial #155: GFLOPs: 7155.8666. Time: 16.1553 us. Best GFLOPs: 10413.1697
2025-10-07 10:12:31 [INFO] [task_scheduler.cc:131] [Task #0: main] Trial #156: GFLOPs: 9808.4858. Time: 11.7863 us. Best GFLOPs: 10413.1697
2025-10-07 10:12:31 [INFO] [task_scheduler.cc:131] [Task #0: main] Trial #157: GFLOPs: 9808.8306. Time: 11.7859 us. Best GFLOPs: 10413.1697
2025-10-07 10:12:31 [INFO] [task_scheduler.cc:131] [Task #0: main] Trial #158: GFLOPs: 1336.1000. Time: 86.5246 us. Best GFLOPs: 10413.1697
2025-10-07 10:12:31 [INFO] [task_scheduler.cc:131] [Task #0: main] Trial #159: GFLOPs: 1335.8633. Time: 86.5399 us. Best GFLOPs: 10413.1697
2025-10-07 10:12:31 [INFO] [task_scheduler.cc:131] [Task #0: main] Trial #160: GFLOPs: 587.4004. Time: 196.8087 us. Best GFLOPs: 10413.1697
2025-10-07 10:12:31 [INFO] [task_scheduler.cc:131] [Task #0: main] Trial #161: GFLOPs: 7074.8019. Time: 16.3405 us. Best GFLOPs: 10413.1697
2025-10-07 10:12:31 [INFO] [task_scheduler.cc:131] [Task #0: main] Trial #162: GFLOPs: 1608.0156. Time: 71.8933 us. Best GFLOPs: 10413.1697
2025-10-07 10:12:31 [INFO] [task_scheduler.cc:131] [Task #0: main] Trial #163: GFLOPs: 1417.0481. Time: 81.5819 us. Best GFLOPs: 10413.1697
2025-10-07 10:12:31 [INFO] [task_scheduler.cc:131] [Task #0: main] Trial #164: GFLOPs: 7275.4177. Time: 15.8899 us. Best GFLOPs: 10413.1697
2025-10-07 10:12:31 [INFO] [task_scheduler.cc:131] [Task #0: main] Trial #165: GFLOPs: 2523.9477. Time: 45.8034 us. Best GFLOPs: 10413.1697
2025-10-07 10:12:31 [INFO] [task_scheduler.cc:131] [Task #0: main] Trial #166: GFLOPs: 1947.8396. Time: 59.3506 us. Best GFLOPs: 10413.1697
2025-10-07 10:12:31 [INFO] [task_scheduler.cc:131] [Task #0: main] Trial #167: GFLOPs: 1668.8431. Time: 69.2728 us. Best GFLOPs: 10413.1697
2025-10-07 10:12:31 [INFO] [task_scheduler.cc:131] [Task #0: main] Trial #168: GFLOPs: 1412.4688. Time: 81.8464 us. Best GFLOPs: 10413.1697
2025-10-07 10:12:31 [INFO] [task_scheduler.cc:131] [Task #0: main] Trial #169: GFLOPs: 3449.9255. Time: 33.5096 us. Best GFLOPs: 10413.1697
2025-10-07 10:12:31 [INFO] [task_scheduler.cc:121] [Task #0: main] Trial #170: Error in building:
LocalBuilder: An exception occurred
Traceback (most recent call last):
  File "/workspace/tvm-dev/python/tvm/exec/popen_worker.py", line 87, in main
    result = fn(*args, **kwargs)
             ^^^^^^^^^^^^^^^^^^^
  File "/workspace/tvm-dev/python/tvm/meta_schedule/builder/local_builder.py", line 165, in <lambda>
    lambda x: _worker_func(*x),
              ^^^^^^^^^^^^^^^^
  File "/workspace/tvm-dev/python/tvm/meta_schedule/builder/local_builder.py", line 231, in _worker_func
    rt_mod: Module = f_build(mod, target, _deserialize_params(params))
                     ^^^^^^^^^^^^^^^^^^^^^^^^^^^^^^^^^^^^^^^^^^^^^^^^^
  File "/workspace/tvm-dev/python/tvm/_ffi/_ctypes/packed_func.py", line 245, in __call__
    raise_last_ffi_error()
  File "/workspace/tvm-dev/python/tvm/_ffi/base.py", line 481, in raise_last_ffi_error
    raise py_err
  File "/workspace/tvm-dev/python/tvm/meta_schedule/builder/local_builder.py", line 261, in default_build
    return tvm_build(mod, target=target)
           ^^^^^^^^^^^^^^^^^^^^^^^^^^^^^
  File "/workspace/tvm-dev/python/tvm/driver/build_module.py", line 297, in build
    rt_mod_host = _driver_ffi.tir_to_runtime(annotated_mods, target_host)
                  ^^^^^^^^^^^^^^^^^^^^^^^^^^^^^^^^^^^^^^^^^^^^^^^^^^^^^^^
  File "/workspace/tvm-dev/python/tvm/_ffi/_ctypes/packed_func.py", line 245, in __call__
    raise_last_ffi_error()
  File "/workspace/tvm-dev/python/tvm/_ffi/base.py", line 481, in raise_last_ffi_error
    raise py_err
ValueError: Traceback (most recent call last):
  33: tvm::runtime::PackedFuncObj::Extractor<tvm::runtime::PackedFuncSubObj<tvm::runtime::TypedPackedFunc<tvm::runtime::Module (tvm::runtime::Map<tvm::Target, tvm::IRModule, void, void> const&, tvm::Target)>::AssignTypedLambda<tvm::__mk_TVM24::{lambda(tvm::runtime::Map<tvm::Target, tvm::IRModule, void, void> const&, tvm::Target)#1}>(tvm::__mk_TVM24::{lambda(tvm::runtime::Map<tvm::Target, tvm::IRModule, void, void> const&, tvm::Target)#1}, std::__cxx11::basic_string<char, std::char_traits<char>, std::allocator<char> >)::{lambda(tvm::runtime::TVMArgs const&, tvm::runtime::TVMRetValue*)#1}> >::Call(tvm::runtime::PackedFuncObj const*, std::__cxx11::basic_string<char, std::char_traits<char>, std::allocator<char> >, tvm::runtime::TVMRetValue)
  32: tvm::TIRToRuntime(tvm::runtime::Map<tvm::Target, tvm::IRModule, void, void> const&, tvm::Target const&)
  31: tvm::codegen::Build(tvm::IRModule, tvm::Target)
  30: _ZN3tvm7runtime13PackedFuncObj
  29: tvm::runtime::TypedPackedFunc<tvm::runtime::Module (tvm::IRModule, tvm::Target)>::AssignTypedLambda<tvm::runtime::Module (*)(tvm::IRModule, tvm::Target)>(tvm::runtime::Module (*)(tvm::IRModule, tvm::Target), std::__cxx11::basic_string<char, std::char_traits<char>, std::allocator<char> >)::{lambda(tvm::runtime::TVMArgs const&, tvm::runtime::TVMRetValue*)#1}::operator()(tvm::runtime::TVMArgs const&, tvm::runtime::TVMRetValue*) const
  28: tvm::codegen::BuildCUDA(tvm::IRModule, tvm::Target)
  27: tvm::codegen::CodeGenC::AddFunction(tvm::GlobalVar const&, tvm::tir::PrimFunc const&)
  26: tvm::codegen::CodeGenCUDA::VisitStmt_(tvm::tir::AllocateNode const*)
  25: tvm::codegen::CodeGenCUDA::VisitStmt_(tvm::tir::AllocateNode const*)
  24: tvm::codegen::CodeGenCUDA::VisitStmt_(tvm::tir::AllocateNode const*)
  23: tvm::codegen::CodeGenCUDA::VisitStmt_(tvm::tir::AllocateNode const*)
  22: tvm::codegen::CodeGenC::VisitStmt_(tvm::tir::SeqStmtNode const*)
  21: tvm::codegen::CodeGenC::VisitStmt_(tvm::tir::ForNode const*)
  20: tvm::codegen::CodeGenC::VisitStmt_(tvm::tir::SeqStmtNode const*)
  19: tvm::codegen::CodeGenC::VisitStmt_(tvm::tir::BufferStoreNode const*)
  18: tvm::codegen::CodeGenC::PrintExpr[abi:cxx11](tvm::PrimExpr const&)
  17: tvm::codegen::CodeGenC::VisitExpr_(tvm::tir::BufferLoadNode const*, std::ostream&)
  16: tvm::codegen::CodeGenC::PrintExpr[abi:cxx11](tvm::PrimExpr const&)
  15: void tvm::codegen::PrintBinaryExpr<tvm::tir::AddNode>(tvm::tir::AddNode const*, char const*, std::ostream&, tvm::codegen::CodeGenC*)
  14: tvm::codegen::CodeGenCUDA::PrintVecBinaryOp(std::__cxx11::basic_string<char, std::char_traits<char>, std::allocator<char> > const&, tvm::runtime::DataType, tvm::PrimExpr, tvm::PrimExpr, std::ostream&)
  13: tvm::codegen::CodeGenC::PrintExpr[abi:cxx11](tvm::PrimExpr const&)
  12: void tvm::codegen::PrintBinaryExpr<tvm::tir::AddNode>(tvm::tir::AddNode const*, char const*, std::ostream&, tvm::codegen::CodeGenC*)
  11: tvm::codegen::CodeGenCUDA::PrintVecBinaryOp(std::__cxx11::basic_string<char, std::char_traits<char>, std::allocator<char> > const&, tvm::runtime::DataType, tvm::PrimExpr, tvm::PrimExpr, std::ostream&)
  10: tvm::codegen::CodeGenC::PrintExpr[abi:cxx11](tvm::PrimExpr const&)
  9: void tvm::codegen::PrintBinaryExpr<tvm::tir::AddNode>(tvm::tir::AddNode const*, char const*, std::ostream&, tvm::codegen::CodeGenC*)
  8: tvm::codegen::CodeGenCUDA::PrintVecBinaryOp(std::__cxx11::basic_string<char, std::char_traits<char>, std::allocator<char> > const&, tvm::runtime::DataType, tvm::PrimExpr, tvm::PrimExpr, std::ostream&)
  7: tvm::codegen::CodeGenC::PrintExpr[abi:cxx11](tvm::PrimExpr const&)
  6: void tvm::codegen::PrintBinaryExpr<tvm::tir::MulNode>(tvm::tir::MulNode const*, char const*, std::ostream&, tvm::codegen::CodeGenC*)
  5: tvm::codegen::CodeGenCUDA::PrintVecBinaryOp(std::__cxx11::basic_string<char, std::char_traits<char>, std::allocator<char> > const&, tvm::runtime::DataType, tvm::PrimExpr, tvm::PrimExpr, std::ostream&)
  4: tvm::codegen::CodeGenC::PrintExpr[abi:cxx11](tvm::PrimExpr const&)
  3: void tvm::codegen::PrintBinaryExpr<tvm::tir::DivNode>(tvm::tir::DivNode const*, char const*, std::ostream&, tvm::codegen::CodeGenC*)
  2: tvm::codegen::CodeGenCUDA::PrintVecBinaryOp(std::__cxx11::basic_string<char, std::char_traits<char>, std::allocator<char> > const&, tvm::runtime::DataType, tvm::PrimExpr, tvm::PrimExpr, std::ostream&)
  1: tvm::codegen::CodeGenC::PrintExpr[abi:cxx11](tvm::PrimExpr const&)
  0: tvm::codegen::CodeGenCUDA::VisitExpr_(tvm::tir::RampNode const*, std::ostream&)
  File "/workspace/tvm-dev/src/target/source/codegen_cuda.cc", line 1204
ValueError: Check failed: lanes <= 4 (8 vs. 4) : Ramp of more than 4 lanes is not allowed.

# from tvm.script import ir as I
# from tvm.script import tir as T

@I.ir_module
class Module:
    @T.prim_func
    def main(A: T.Buffer((1, 128, 28, 28), "float16"), W: T.Buffer((256, 128, 3, 3), "float16"), conv2d_nchw: T.Buffer((1, 256, 14, 14), "float16")):
        T.func_attr({"tir.noalias": T.bool(True)})
        # with T.block("root"):
        conv2d_nchw_reindex_pad_shared_dyn = T.alloc_buffer((13, 16, 1, 1, 16, 16), "float16", scope="shared.dyn")
        conv2d_nchw_reindex_pad_shared_dyn_wmma_accumulator = T.alloc_buffer((13, 16, 1, 1, 16, 16), "float16", scope="wmma.accumulator")
        pad_temp_reindex_pad_shared_dyn = T.alloc_buffer((208, 1152), "float16", scope="shared.dyn")
        W_reindex_shared_dyn = T.alloc_buffer((256, 1152), "float16", scope="shared.dyn")
        pad_temp_reindex_pad_shared_dyn_wmma_matrix_a = T.alloc_buffer((208, 1152), "float16", scope="wmma.matrix_a")
        W_reindex_shared_dyn_wmma_matrix_b = T.alloc_buffer((256, 1152), "float16", scope="wmma.matrix_b")
        for ax0_0_0_ax1_0_0_fused in T.thread_binding(52, thread="blockIdx.y", annotations={"pragma_auto_unroll_max_step": 16, "pragma_unroll_explicit": 1}):
            for ax0_0_1_ax1_0_1_fused in T.thread_binding(4, thread="blockIdx.x"):
                for ax0_0_2_ax1_0_2_fused in T.thread_binding(1, thread="threadIdx.y"):
                    for ax0_0_3_init, ax1_0_3_init, ax0_0_4_init, ax1_0_4_init in T.grid(1, 1, 1, 1):
                        with T.block("conv2d_nchw_o_init"):
                            v0_o = T.axis.spatial(13, ax0_0_0_ax1_0_0_fused // 4 + ax0_0_3_init + ax0_0_4_init)
                            v1_o = T.axis.spatial(16, ax0_0_0_ax1_0_0_fused % 4 * 4 + ax0_0_1_ax1_0_1_fused + ax1_0_3_init + ax1_0_4_init)
                            T.reads()
                            T.writes(conv2d_nchw_reindex_pad_shared_dyn_wmma_accumulator[v0_o, v1_o, 0, 0, 0:16, 0:16])
                            T.block_attr({"meta_schedule.thread_extent_high_inclusive": 1024, "meta_schedule.thread_extent_low_inclusive": 32, "warp_execution": 1})
                            C = T.match_buffer(conv2d_nchw_reindex_pad_shared_dyn_wmma_accumulator[v0_o, v1_o, 0, 0, 0:16, 0:16], (16, 16), "float16", strides=("C_s0", "C_s1"), scope="wmma.accumulator", offset_factor=16)
                            T.tvm_fill_fragment(C.data, 16, 16, 16, C.elem_offset // C.strides[0] // 16 * (C.strides[0] // 16) + C.elem_offset % C.strides[0] // 16, T.float32(0.0))
                    for ax2_0_0 in range(36):
                        for ax0_ax1_fused_0 in range(2):
                            for ax0_ax1_fused_1 in T.thread_binding(1, thread="threadIdx.y"):
                                for ax0_ax1_fused_2 in T.thread_binding(32, thread="threadIdx.x"):
                                    for ax0_ax1_fused_3 in T.vectorized(8):
                                        with T.block("pad_temp_reindex_pad_shared.dyn"):
                                            v0 = T.axis.spatial(208, ax0_0_0_ax1_0_0_fused // 4 * 16 + (ax0_ax1_fused_0 * 256 + ax0_ax1_fused_1 * 256 + ax0_ax1_fused_2 * 8 + ax0_ax1_fused_3) // 32)
                                            v1 = T.axis.spatial(1152, ax2_0_0 * 32 + (ax0_ax1_fused_0 * 256 + ax0_ax1_fused_1 * 256 + ax0_ax1_fused_2 * 8 + ax0_ax1_fused_3) % 32)
                                            T.reads(A[0, v1 // 9, v0 // 14 * 2 + v1 % 9 // 3 - 1, v0 % 14 * 2 + v1 % 3 - 1])
                                            T.writes(pad_temp_reindex_pad_shared_dyn[v0, v1])
                                            T.block_attr({"buffer_dim_align": [[0, 0, 32, 8]]})
                                            pad_temp_reindex_pad_shared_dyn[v0, v1] = T.if_then_else(v0 < 196, T.if_then_else(1 <= v0 // 14 * 2 + v1 % 9 // 3 and v0 // 14 * 2 + v1 % 9 // 3 < 29 and 1 <= v0 % 14 * 2 + v1 % 3 and v0 % 14 * 2 + v1 % 3 < 29, A[0, v1 // 9, v0 // 14 * 2 + v1 % 9 // 3 - 1, v0 % 14 * 2 + v1 % 3 - 1], T.float16(0.0)), T.float16(0.0))
                        for ax0_ax1_fused_0 in range(2):
                            for ax0_ax1_fused_1 in T.thread_binding(1, thread="threadIdx.y"):
                                for ax0_ax1_fused_2 in T.thread_binding(32, thread="threadIdx.x"):
                                    for ax0_ax1_fused_3 in T.vectorized(8):
                                        with T.block("W_reindex_shared.dyn"):
                                            v0 = T.axis.spatial(256, ax0_0_0_ax1_0_0_fused % 4 * 64 + ax0_0_1_ax1_0_1_fused * 16 + (ax0_ax1_fused_0 * 256 + ax0_ax1_fused_1 * 256 + ax0_ax1_fused_2 * 8 + ax0_ax1_fused_3) // 32)
                                            v1 = T.axis.spatial(1152, ax2_0_0 * 32 + (ax0_ax1_fused_0 * 256 + ax0_ax1_fused_1 * 256 + ax0_ax1_fused_2 * 8 + ax0_ax1_fused_3) % 32)
                                            T.reads(W[v0, v1 // 9, v1 % 9 // 3, v1 % 3])
                                            T.writes(W_reindex_shared_dyn[v0, v1])
                                            T.block_attr({"buffer_dim_align": [[0, 0, 32, 8]]})
                                            W_reindex_shared_dyn[v0, v1] = W[v0, v1 // 9, v1 % 9 // 3, v1 % 3]
                        for ax2_0_1 in range(1):
                            for ax0_0, ax1_0 in T.grid(1, 2):
                                with T.block("pad_temp_reindex_pad_shared.dyn_wmma.matrix_a_o"):
                                    v0_o = T.axis.spatial(13, ax0_0_0_ax1_0_0_fused // 4 + ax0_0)
                                    v1_o = T.axis.spatial(72, ax2_0_0 * 2 + ax1_0)
                                    T.reads(pad_temp_reindex_pad_shared_dyn[v0_o * 16:v0_o * 16 + 16, v1_o * 16:v1_o * 16 + 16])
                                    T.writes(pad_temp_reindex_pad_shared_dyn_wmma_matrix_a[v0_o * 16:v0_o * 16 + 16, v1_o * 16:v1_o * 16 + 16])
                                    A_1 = T.match_buffer(pad_temp_reindex_pad_shared_dyn[v0_o * 16:v0_o * 16 + 16, v1_o * 16:v1_o * 16 + 16], (16, 16), "float16", strides=("A_s0", "A_s1"), scope="shared.dyn", offset_factor=16)
                                    C = T.match_buffer(pad_temp_reindex_pad_shared_dyn_wmma_matrix_a[v0_o * 16:v0_o * 16 + 16, v1_o * 16:v1_o * 16 + 16], (16, 16), "float16", strides=("C_s0", "C_s1"), scope="wmma.matrix_a", offset_factor=16)
                                    T.tvm_load_matrix_sync(C.data, 16, 16, 16, C.elem_offset // C.strides[0] // 16 * (C.strides[0] // 16) + C.elem_offset % C.strides[0] // 16, T.tvm_access_ptr(T.type_annotation("float16"), A_1.data, A_1.elem_offset, A_1.strides[0] * 16, 1), A_1.strides[0], "row_major")
                            for ax0_0, ax1_0 in T.grid(1, 2):
                                with T.block("W_reindex_shared.dyn_wmma.matrix_b_o"):
                                    v0_o = T.axis.spatial(16, ax0_0_0_ax1_0_0_fused % 4 * 4 + ax0_0_1_ax1_0_1_fused + ax0_0)
                                    v1_o = T.axis.spatial(72, ax2_0_0 * 2 + ax1_0)
                                    T.reads(W_reindex_shared_dyn[v0_o * 16:v0_o * 16 + 16, v1_o * 16:v1_o * 16 + 16])
                                    T.writes(W_reindex_shared_dyn_wmma_matrix_b[v0_o * 16:v0_o * 16 + 16, v1_o * 16:v1_o * 16 + 16])
                                    A_1 = T.match_buffer(W_reindex_shared_dyn[v0_o * 16:v0_o * 16 + 16, v1_o * 16:v1_o * 16 + 16], (16, 16), "float16", strides=("A_s0", "A_s1"), scope="shared.dyn", offset_factor=16)
                                    C = T.match_buffer(W_reindex_shared_dyn_wmma_matrix_b[v0_o * 16:v0_o * 16 + 16, v1_o * 16:v1_o * 16 + 16], (16, 16), "float16", strides=("C_s0", "C_s1"), scope="wmma.matrix_b", offset_factor=16)
                                    T.tvm_load_matrix_sync(C.data, 16, 16, 16, C.elem_offset // C.strides[0] // 16 * (C.strides[0] // 16) + C.elem_offset % C.strides[0] // 16, T.tvm_access_ptr(T.type_annotation("float16"), A_1.data, A_1.elem_offset, A_1.strides[0] * 16, 1), A_1.strides[0], "col_major")
                            for ax0_0_3, ax1_0_3, ax2_0_2, ax0_0_4, ax1_0_4 in T.grid(1, 1, 2, 1, 1):
                                with T.block("conv2d_nchw_o_update"):
                                    v0_o = T.axis.spatial(13, ax0_0_0_ax1_0_0_fused // 4 + ax0_0_3 + ax0_0_4)
                                    v1_o = T.axis.spatial(16, ax0_0_0_ax1_0_0_fused % 4 * 4 + ax0_0_1_ax1_0_1_fused + ax1_0_3 + ax1_0_4)
                                    v2_o = T.axis.reduce(72, ax2_0_0 * 2 + ax2_0_1 * 2 + ax2_0_2)
                                    T.reads(conv2d_nchw_reindex_pad_shared_dyn_wmma_accumulator[v0_o, v1_o, 0, 0, 0:16, 0:16], pad_temp_reindex_pad_shared_dyn_wmma_matrix_a[v0_o * 16:v0_o * 16 + 16, v2_o * 16:v2_o * 16 + 16], W_reindex_shared_dyn_wmma_matrix_b[v1_o * 16:v1_o * 16 + 16, v2_o * 16:v2_o * 16 + 16])
                                    T.writes(conv2d_nchw_reindex_pad_shared_dyn_wmma_accumulator[v0_o, v1_o, 0, 0, 0:16, 0:16])
                                    T.block_attr({"meta_schedule.thread_extent_high_inclusive": 1024, "meta_schedule.thread_extent_low_inclusive": 32, "warp_execution": 1})
                                    A_1 = T.match_buffer(pad_temp_reindex_pad_shared_dyn_wmma_matrix_a[v0_o * 16:v0_o * 16 + 16, v2_o * 16:v2_o * 16 + 16], (16, 16), "float16", strides=("A_s0", "A_s1"), scope="wmma.matrix_a", offset_factor=16)
                                    B = T.match_buffer(W_reindex_shared_dyn_wmma_matrix_b[v1_o * 16:v1_o * 16 + 16, v2_o * 16:v2_o * 16 + 16], (16, 16), "float16", strides=("B_s0", "B_s1"), scope="wmma.matrix_b", offset_factor=16)
                                    C = T.match_buffer(conv2d_nchw_reindex_pad_shared_dyn_wmma_accumulator[v0_o, v1_o, 0, 0, 0:16, 0:16], (16, 16), "float16", strides=("C_s0", "C_s1"), scope="wmma.accumulator", offset_factor=16)
                                    T.tvm_mma_sync(C.data, C.elem_offset // C.strides[0] // 16 * (C.strides[0] // 16) + C.elem_offset % C.strides[0] // 16, A_1.data, A_1.elem_offset // A_1.strides[0] // 16 * (A_1.strides[0] // 16) + A_1.elem_offset % A_1.strides[0] // 16, B.data, B.elem_offset // B.strides[0] // 16 * (B.strides[0] // 16) + B.elem_offset % B.strides[0] // 16, C.data, C.elem_offset // C.strides[0] // 16 * (C.strides[0] // 16) + C.elem_offset % C.strides[0] // 16)
                for ax2 in range(1):
                    for ax0_ax1_fused in T.thread_binding(1, thread="threadIdx.y"):
                        for ax2_1, ax3 in T.grid(1, 1):
                            with T.block("conv2d_nchw_reindex_pad_shared.dyn_wmma.accumulator_o"):
                                v0_o = T.axis.spatial(13, ax0_0_0_ax1_0_0_fused // 4)
                                v1_o = T.axis.spatial(16, ax0_0_0_ax1_0_0_fused % 4 * 4 + ax0_0_1_ax1_0_1_fused)
                                v2_o, v3_o = T.axis.remap("SS", [ax2_1, ax3])
                                v4_o = T.axis.spatial(1, 0)
                                v5_o = T.axis.spatial(1, 0)
                                T.reads(conv2d_nchw_reindex_pad_shared_dyn_wmma_accumulator[v0_o, v1_o, v2_o, v3_o, 0:16, 0:16])
                                T.writes(conv2d_nchw_reindex_pad_shared_dyn[v0_o, v1_o, v2_o, v3_o, 0:16, 0:16])
                                A_1 = T.match_buffer(conv2d_nchw_reindex_pad_shared_dyn_wmma_accumulator[v0_o, v1_o, v2_o, v3_o, 0:16, 0:16], (16, 16), "float16", strides=("A_s0", "A_s1"), scope="wmma.accumulator", offset_factor=16)
                                C = T.match_buffer(conv2d_nchw_reindex_pad_shared_dyn[v0_o, v1_o, v2_o, v3_o, 0:16, 0:16], (16, 16), "float16", strides=("C_s0", "C_s1"), scope="shared.dyn", offset_factor=16)
                                T.tvm_store_matrix_sync(A_1.data, 16, 16, 16, A_1.elem_offset // A_1.strides[0] // 16 * (A_1.strides[0] // 16) + A_1.elem_offset % A_1.strides[0] // 16, T.tvm_access_ptr(T.type_annotation("float16"), C.data, C.elem_offset, C.strides[0] * 16, 2), C.strides[0], "row_major")
                    for ax0_ax1_ax3_ax4_ax5_fused_0 in range(2):
                        for ax0_ax1_ax3_ax4_ax5_fused_1 in T.thread_binding(1, thread="threadIdx.y"):
                            for ax0_ax1_ax3_ax4_ax5_fused_2 in T.thread_binding(32, thread="threadIdx.x"):
                                for ax0_ax1_ax3_ax4_ax5_fused_3 in T.vectorized(4):
                                    with T.block("conv2d_nchw_reindex_pad_shared.dyn"):
                                        v0 = T.axis.spatial(13, ax0_0_0_ax1_0_0_fused // 4)
                                        v1 = T.axis.spatial(16, ax0_0_0_ax1_0_0_fused % 4 * 4 + ax0_0_1_ax1_0_1_fused)
                                        v2 = T.axis.spatial(1, ax2)
                                        v3 = T.axis.spatial(1, 0)
                                        v4 = T.axis.spatial(16, (ax0_ax1_ax3_ax4_ax5_fused_0 * 128 + ax0_ax1_ax3_ax4_ax5_fused_1 * 128 + ax0_ax1_ax3_ax4_ax5_fused_2 * 4 + ax0_ax1_ax3_ax4_ax5_fused_3) // 16)
                                        v5 = T.axis.spatial(16, (ax0_ax1_ax3_ax4_ax5_fused_0 * 128 + ax0_ax1_ax3_ax4_ax5_fused_1 * 128 + ax0_ax1_ax3_ax4_ax5_fused_2 * 4 + ax0_ax1_ax3_ax4_ax5_fused_3) % 16)
                                        T.where(ax0_0_0_ax1_0_0_fused // 4 * 16 + T.Mul(0, 16) + (((ax0_ax1_ax3_ax4_ax5_fused_0 + ax0_ax1_ax3_ax4_ax5_fused_1) * 32 + ax0_ax1_ax3_ax4_ax5_fused_2) * 4 + ax0_ax1_ax3_ax4_ax5_fused_3) % 256 // 16 < 196)
                                        T.reads(conv2d_nchw_reindex_pad_shared_dyn[v0, v1, v2, v3, v4, v5])
                                        T.writes(conv2d_nchw[0, v5 + v1 * 16, (v4 + v0 * 16) // 14, (v4 + v0 * 16) % 14])
                                        conv2d_nchw[0, v5 + v1 * 16, (v4 + v0 * 16) // 14, (v4 + v0 * 16) % 14] = conv2d_nchw_reindex_pad_shared_dyn[v0, v1, v2, v3, v4, v5]
b0 = sch.get_block(name="pad_temp", func_name="main")
b1 = sch.get_block(name="conv2d_nchw", func_name="main")
b2 = sch.get_block(name="root", func_name="main")
sch.annotate(block_or_loop=b1, ann_key="meta_schedule.tiling_structure", ann_val="SSSRRSRS")
b3 = sch.reindex(block=b1, buffer=("write", 0))
b4 = sch.reindex(block=b1, buffer=("read", 0))
b5 = sch.reindex(block=b1, buffer=("read", 1))
sch.transform_layout(block=b1, buffer=("read", 0), index_map=lambda v_nn, v_yy, v_xx, v_rc, v_ry, v_rx: (v_nn * 196 + v_yy * 14 + v_xx, v_rc * 9 + v_ry * 3 + v_rx,), pad_value=None, assume_injective_transform=True)
sch.transform_layout(block=b1, buffer=("read", 1), index_map=lambda v_ff, v_rc, v_ry, v_rx: (v_ff, v_rc * 9 + v_ry * 3 + v_rx,), pad_value=None, assume_injective_transform=True)
sch.transform_layout(block=b1, buffer=("write", 0), index_map=lambda v_nn, v_ff, v_yy, v_xx: (v_nn * 196 + v_yy * 14 + v_xx, v_ff,), pad_value=None, assume_injective_transform=True)
sch.transform_block_layout(block=b3, index_map=lambda v_nn, v_ff, v_yy, v_xx: (v_nn * 196 + v_yy * 14 + v_xx, v_ff,))
sch.transform_block_layout(block=b4, index_map=lambda v_nn, v_yy, v_xx, v_rc, v_ry, v_rx: (v_nn * 196 + v_yy * 14 + v_xx, v_rc * 9 + v_ry * 3 + v_rx,))
sch.transform_block_layout(block=b5, index_map=lambda v_ff, v_rc, v_ry, v_rx: (v_ff, v_rc * 9 + v_ry * 3 + v_rx,))
sch.transform_block_layout(block=b1, index_map=lambda v_nn, v_ff, v_yy, v_xx, v_rc, v_ry, v_rx: (v_nn * 196 + v_yy * 14 + v_xx, v_ff, v_rc * 9 + v_ry * 3 + v_rx,))
sch.pad_einsum(block=b1, padding=[16, 1, 1])
b6, b7 = sch.get_producers(block=b1)
b8, = sch.get_producers(block=b6)
b9, = sch.get_consumers(block=b1)
sch.compute_inline(block=b8)
sch.compute_inline(block=b9)
l10, l11, l12 = sch.get_loops(block=b1)
l13, l14 = sch.split(loop=l12, factors=[None, 16], preserve_unit_iters=True, disable_predication=False)
l15, l16 = sch.split(loop=l11, factors=[None, 16], preserve_unit_iters=True, disable_predication=False)
l17, l18 = sch.split(loop=l10, factors=[None, 16], preserve_unit_iters=True, disable_predication=False)
l19, l20, l21, l22, l23, l24 = sch.get_loops(block=b1)
sch.reorder(l21, l23, l18, l16, l14)
b25 = sch.blockize(target=l18, preserve_unit_iters=True)
sch.annotate(block_or_loop=b25, ann_key="meta_schedule.auto_tensorize", ann_val="wmma_sync_16x16x16_f16f16f16_trans")
sch.annotate(block_or_loop=b25, ann_key="meta_schedule.auto_tensorize_init", ann_val="wmma_fill_16x16x16_f16")
sch.annotate(block_or_loop=b25, ann_key="warp_execution", ann_val=1)
l26, l27, l28 = sch.get_loops(block=b25)
v29, v30, v31, v32, v33 = sch.sample_perfect_tile(loop=l26, n=5, max_innermost_factor=4, decision=[13, 1, 1, 1, 1])
l34, l35, l36, l37, l38 = sch.split(loop=l26, factors=[v29, v30, v31, v32, v33], preserve_unit_iters=True, disable_predication=False)
v39, v40, v41, v42, v43 = sch.sample_perfect_tile(loop=l27, n=5, max_innermost_factor=4, decision=[4, 4, 1, 1, 1])
l44, l45, l46, l47, l48 = sch.split(loop=l27, factors=[v39, v40, v41, v42, v43], preserve_unit_iters=True, disable_predication=False)
v49, v50, v51 = sch.sample_perfect_tile(loop=l28, n=3, max_innermost_factor=4, decision=[36, 1, 2])
l52, l53, l54 = sch.split(loop=l28, factors=[v49, v50, v51], preserve_unit_iters=True, disable_predication=False)
sch.reorder(l34, l44, l35, l45, l36, l46, l52, l53, l37, l47, l54, l38, l48)
l55 = sch.fuse(l34, l44, preserve_unit_iters=True)
sch.bind(loop=l55, thread_axis="blockIdx.y")
l56 = sch.fuse(l35, l45, preserve_unit_iters=True)
sch.bind(loop=l56, thread_axis="blockIdx.x")
l57 = sch.fuse(l36, l46, preserve_unit_iters=True)
sch.bind(loop=l57, thread_axis="threadIdx.y")
sch.annotate(block_or_loop=b25, ann_key="meta_schedule.thread_extent_low_inclusive", ann_val=32)
sch.annotate(block_or_loop=b25, ann_key="meta_schedule.thread_extent_high_inclusive", ann_val=1024)
sch.transform_layout(block=b25, buffer=("write", 0), index_map=lambda i0, i1: (i0 // 16 // (v32 * v33), i1 // 16 // (v42 * v43), i0 // 16 % (v32 * v33), i1 // 16 % (v42 * v43), i0 % 16, i1 % 16,), pad_value=None, assume_injective_transform=True)
b58 = sch.cache_write(block=b25, write_buffer_index=0, storage_scope="shared.dyn")
sch.reverse_compute_at(block=b58, loop=l56, preserve_unit_loops=True, index=-1)
b59 = sch.cache_write(block=b25, write_buffer_index=0, storage_scope="wmma.accumulator")
l60, l61, l62, l63, l64, l65, l66, l67 = sch.get_loops(block=b58)
sch.reorder(l64, l62, l63, l65)
sch.compute_at(block=b59, loop=l64, preserve_unit_loops=True, index=-1)
l68, l69, l70, l71, l72, l73, l74, l75, l76 = sch.get_loops(block=b59)
l77 = sch.fuse(l71, l72, preserve_unit_iters=True)
sch.bind(loop=l77, thread_axis="threadIdx.y")
sch.reverse_compute_inline(block=b3)
l78, l79, l80, l81, l82, l83, l84, l85 = sch.get_loops(block=b59)
b86 = sch.blockize(target=l84, preserve_unit_iters=True)
sch.annotate(block_or_loop=b86, ann_key="meta_schedule.auto_tensorize", ann_val="wmma_store_16x16x16_f16_shared_dyn")
l87, l88, l89, l90, l91, l92, l93, l94 = sch.get_loops(block=b58)
l95 = sch.fuse(l90, l91, l92, l93, l94, preserve_unit_iters=True)
v96 = sch.sample_categorical(candidates=[1, 2, 4, 8], probs=[0.25, 0.25, 0.25, 0.25], decision=2)
sch.annotate(block_or_loop=b58, ann_key="meta_schedule.cooperative_fetch", ann_val=v96)
b97 = sch.cache_read(block=b25, read_buffer_index=0, storage_scope="shared.dyn", consumer_blocks=[b25])
sch.compute_at(block=b97, loop=l52, preserve_unit_loops=True, index=-1)
l98, l99, l100, l101, l102, l103 = sch.get_loops(block=b97)
l104 = sch.fuse(l102, l103, preserve_unit_iters=True)
v105 = sch.sample_categorical(candidates=[1, 2, 4, 8], probs=[0.25, 0.25, 0.25, 0.25], decision=3)
sch.annotate(block_or_loop=b97, ann_key="meta_schedule.cooperative_fetch", ann_val=v105)
b106 = sch.cache_read(block=b25, read_buffer_index=1, storage_scope="shared.dyn", consumer_blocks=[b25])
sch.compute_at(block=b106, loop=l52, preserve_unit_loops=True, index=-1)
l107, l108, l109, l110, l111, l112 = sch.get_loops(block=b106)
l113 = sch.fuse(l111, l112, preserve_unit_iters=True)
v114 = sch.sample_categorical(candidates=[1, 2, 4, 8], probs=[0.25, 0.25, 0.25, 0.25], decision=3)
sch.annotate(block_or_loop=b106, ann_key="meta_schedule.cooperative_fetch", ann_val=v114)
b115 = sch.cache_read(block=b25, read_buffer_index=0, storage_scope="wmma.matrix_a")
sch.compute_at(block=b115, loop=l53, preserve_unit_loops=True, index=-1)
l116, l117, l118, l119, l120, l121, l122 = sch.get_loops(block=b115)
l123, l124 = sch.split(loop=l122, factors=[None, 16], preserve_unit_iters=True, disable_predication=False)
l125, l126 = sch.split(loop=l121, factors=[None, 16], preserve_unit_iters=True, disable_predication=False)
l127, l128, l129, l130, l131, l132, l133, l134, l135 = sch.get_loops(block=b115)
sch.reorder(l134, l126, l124)
b136 = sch.blockize(target=l126, preserve_unit_iters=True)
sch.annotate(block_or_loop=b136, ann_key="meta_schedule.auto_tensorize", ann_val="wmma_load_16x16x16_f16_a_shared_dyn")
b137 = sch.cache_read(block=b25, read_buffer_index=1, storage_scope="wmma.matrix_b")
sch.compute_at(block=b137, loop=l53, preserve_unit_loops=True, index=-1)
l138, l139, l140, l141, l142, l143, l144 = sch.get_loops(block=b137)
l145, l146 = sch.split(loop=l144, factors=[None, 16], preserve_unit_iters=True, disable_predication=False)
l147, l148 = sch.split(loop=l143, factors=[None, 16], preserve_unit_iters=True, disable_predication=False)
l149, l150, l151, l152, l153, l154, l155, l156, l157 = sch.get_loops(block=b137)
sch.reorder(l156, l148, l146)
b158 = sch.blockize(target=l148, preserve_unit_iters=True)
sch.annotate(block_or_loop=b158, ann_key="meta_schedule.auto_tensorize", ann_val="wmma_load_16x16x16_f16_b_trans_shared_dyn")
b159, = sch.get_producers(block=b97)
sch.compute_inline(block=b159)
sch.storage_align(block=b97, buffer_index=0, axis=-2, factor=32, offset=8)
b160, = sch.get_producers(block=b106)
sch.compute_inline(block=b160)
sch.storage_align(block=b106, buffer_index=0, axis=-2, factor=32, offset=8)
sch.compute_inline(block=b0)
v161 = sch.sample_categorical(candidates=[0, 16, 64, 512, 1024], probs=[0.20000000000000001, 0.20000000000000001, 0.20000000000000001, 0.20000000000000001, 0.20000000000000001], decision=1)
sch.annotate(block_or_loop=b2, ann_key="meta_schedule.unroll_explicit", ann_val=v161)
sch.enter_postproc()
sch.unannotate(block_or_loop=b58, ann_key="meta_schedule.cooperative_fetch")
l162, l163, l164, l165 = sch.get_loops(block=b58)
l166, l167, l168, l169 = sch.split(loop=l165, factors=[None, 1, 32, 4], preserve_unit_iters=True, disable_predication=False)
sch.vectorize(loop=l169)
sch.bind(loop=l168, thread_axis="threadIdx.x")
sch.bind(loop=l167, thread_axis="threadIdx.y")
sch.unannotate(block_or_loop=b97, ann_key="meta_schedule.cooperative_fetch")
l170, l171, l172, l173, l174 = sch.get_loops(block=b97)
l175, l176, l177, l178 = sch.split(loop=l174, factors=[None, 1, 32, 8], preserve_unit_iters=True, disable_predication=False)
sch.vectorize(loop=l178)
sch.bind(loop=l177, thread_axis="threadIdx.x")
sch.bind(loop=l176, thread_axis="threadIdx.y")
sch.unannotate(block_or_loop=b106, ann_key="meta_schedule.cooperative_fetch")
l179, l180, l181, l182, l183 = sch.get_loops(block=b106)
l184, l185, l186, l187 = sch.split(loop=l183, factors=[None, 1, 32, 8], preserve_unit_iters=True, disable_predication=False)
sch.vectorize(loop=l187)
sch.bind(loop=l186, thread_axis="threadIdx.x")
sch.bind(loop=l185, thread_axis="threadIdx.y")
b188 = sch.get_block(name="root", func_name="main")
sch.unannotate(block_or_loop=b188, ann_key="meta_schedule.unroll_explicit")
b189, b190, b191, b192, b193, b194, b195 = sch.get_child_blocks(b188)
l196, l197, l198, l199, l200, l201, l202, l203 = sch.get_loops(block=b189)
l204, l205, l206, l207, l208, l209, l210, l211 = sch.get_loops(block=b190)
l212, l213, l214, l215, l216, l217, l218 = sch.get_loops(block=b191)
l219, l220, l221, l222, l223, l224, l225 = sch.get_loops(block=b192)
l226, l227, l228, l229, l230, l231, l232, l233, l234, l235 = sch.get_loops(block=b193)
sch.annotate(block_or_loop=l226, ann_key="pragma_auto_unroll_max_step", ann_val=16)
sch.annotate(block_or_loop=l226, ann_key="pragma_unroll_explicit", ann_val=1)
l236, l237, l238, l239, l240, l241 = sch.get_loops(block=b194)
l242, l243, l244, l245, l246, l247, l248 = sch.get_loops(block=b195)
b249 = sch.get_block(name="conv2d_nchw_o", func_name="main")
l250, l251, l252, l253, l254, l255, l256, l257, l258, l259 = sch.get_loops(block=b249)
b260 = sch.decompose_reduction(block=b249, loop=l253)
sch.unannotate(block_or_loop=b260, ann_key="meta_schedule.auto_tensorize")
sch.annotate(block_or_loop=b260, ann_key="meta_schedule.auto_tensorize", ann_val="wmma_fill_16x16x16_f16")
sch.unannotate(block_or_loop=b249, ann_key="meta_schedule.auto_tensorize_init")
sch.unannotate(block_or_loop=b260, ann_key="meta_schedule.auto_tensorize_init")
b261 = sch.get_block(name="conv2d_nchw_o_init", func_name="main")
sch.unannotate(block_or_loop=b261, ann_key="meta_schedule.auto_tensorize")
sch.tensorize(block_or_loop=b261, tensor_intrin="wmma_fill_16x16x16_f16", preserve_unit_iters=True)
b262 = sch.get_block(name="pad_temp_reindex_pad_shared.dyn_wmma.matrix_a_o", func_name="main")
sch.unannotate(block_or_loop=b262, ann_key="meta_schedule.auto_tensorize")
sch.tensorize(block_or_loop=b262, tensor_intrin="wmma_load_16x16x16_f16_a_shared_dyn", preserve_unit_iters=True)
b263 = sch.get_block(name="W_reindex_shared.dyn_wmma.matrix_b_o", func_name="main")
sch.unannotate(block_or_loop=b263, ann_key="meta_schedule.auto_tensorize")
sch.tensorize(block_or_loop=b263, tensor_intrin="wmma_load_16x16x16_f16_b_trans_shared_dyn", preserve_unit_iters=True)
b264 = sch.get_block(name="conv2d_nchw_o_update", func_name="main")
sch.unannotate(block_or_loop=b264, ann_key="meta_schedule.auto_tensorize")
sch.tensorize(block_or_loop=b264, tensor_intrin="wmma_sync_16x16x16_f16f16f16_trans", preserve_unit_iters=True)
b265 = sch.get_block(name="conv2d_nchw_reindex_pad_shared.dyn_wmma.accumulator_o", func_name="main")
sch.unannotate(block_or_loop=b265, ann_key="meta_schedule.auto_tensorize")
sch.tensorize(block_or_loop=b265, tensor_intrin="wmma_store_16x16x16_f16_shared_dyn", preserve_unit_iters=True)
2025-10-07 10:12:31 [INFO] [task_scheduler.cc:131] [Task #0: main] Trial #171: GFLOPs: 1194.5057. Time: 96.7810 us. Best GFLOPs: 10413.1697
2025-10-07 10:12:31 [INFO] [task_scheduler.cc:131] [Task #0: main] Trial #172: GFLOPs: 1445.1274. Time: 79.9968 us. Best GFLOPs: 10413.1697
2025-10-07 10:12:31 [INFO] [task_scheduler.cc:131] [Task #0: main] Trial #173: GFLOPs: 2611.9878. Time: 44.2596 us. Best GFLOPs: 10413.1697
2025-10-07 10:12:31 [INFO] [task_scheduler.cc:131] [Task #0: main] Trial #174: GFLOPs: 6605.1370. Time: 17.5024 us. Best GFLOPs: 10413.1697
2025-10-07 10:12:31 [INFO] [task_scheduler.cc:131] [Task #0: main] Trial #175: GFLOPs: 8890.3843. Time: 13.0034 us. Best GFLOPs: 10413.1697
2025-10-07 10:12:31 [INFO] [task_scheduler.cc:131] [Task #0: main] Trial #176: GFLOPs: 1215.9670. Time: 95.0729 us. Best GFLOPs: 10413.1697
2025-10-07 10:12:31 [INFO] [task_scheduler.cc:131] [Task #0: main] Trial #177: GFLOPs: 1204.7059. Time: 95.9616 us. Best GFLOPs: 10413.1697
2025-10-07 10:12:31 [INFO] [task_scheduler.cc:131] [Task #0: main] Trial #178: GFLOPs: 1204.6606. Time: 95.9652 us. Best GFLOPs: 10413.1697
2025-10-07 10:12:31 [INFO] [task_scheduler.cc:131] [Task #0: main] Trial #179: GFLOPs: 3526.7551. Time: 32.7796 us. Best GFLOPs: 10413.1697
2025-10-07 10:12:31 [INFO] [task_scheduler.cc:131] [Task #0: main] Trial #180: GFLOPs: 5067.8668. Time: 22.8115 us. Best GFLOPs: 10413.1697
2025-10-07 10:12:31 [INFO] [task_scheduler.cc:131] [Task #0: main] Trial #181: GFLOPs: 7592.1524. Time: 15.2270 us. Best GFLOPs: 10413.1697
2025-10-07 10:12:31 [INFO] [task_scheduler.cc:131] [Task #0: main] Trial #182: GFLOPs: 1858.2980. Time: 62.2104 us. Best GFLOPs: 10413.1697
2025-10-07 10:12:31 [INFO] [task_scheduler.cc:131] [Task #0: main] Trial #183: GFLOPs: 1208.3131. Time: 95.6751 us. Best GFLOPs: 10413.1697
2025-10-07 10:12:31 [INFO] [task_scheduler.cc:131] [Task #0: main] Trial #184: GFLOPs: 6165.8942. Time: 18.7492 us. Best GFLOPs: 10413.1697
2025-10-07 10:12:31 [INFO] [task_scheduler.cc:121] [Task #0: main] Trial #185: Error in building:
LocalBuilder: An exception occurred
Traceback (most recent call last):
  File "/workspace/tvm-dev/python/tvm/exec/popen_worker.py", line 87, in main
    result = fn(*args, **kwargs)
             ^^^^^^^^^^^^^^^^^^^
  File "/workspace/tvm-dev/python/tvm/meta_schedule/builder/local_builder.py", line 165, in <lambda>
    lambda x: _worker_func(*x),
              ^^^^^^^^^^^^^^^^
  File "/workspace/tvm-dev/python/tvm/meta_schedule/builder/local_builder.py", line 231, in _worker_func
    rt_mod: Module = f_build(mod, target, _deserialize_params(params))
                     ^^^^^^^^^^^^^^^^^^^^^^^^^^^^^^^^^^^^^^^^^^^^^^^^^
  File "/workspace/tvm-dev/python/tvm/_ffi/_ctypes/packed_func.py", line 245, in __call__
    raise_last_ffi_error()
  File "/workspace/tvm-dev/python/tvm/_ffi/base.py", line 481, in raise_last_ffi_error
    raise py_err
  File "/workspace/tvm-dev/python/tvm/meta_schedule/builder/local_builder.py", line 261, in default_build
    return tvm_build(mod, target=target)
           ^^^^^^^^^^^^^^^^^^^^^^^^^^^^^
  File "/workspace/tvm-dev/python/tvm/driver/build_module.py", line 297, in build
    rt_mod_host = _driver_ffi.tir_to_runtime(annotated_mods, target_host)
                  ^^^^^^^^^^^^^^^^^^^^^^^^^^^^^^^^^^^^^^^^^^^^^^^^^^^^^^^
  File "/workspace/tvm-dev/python/tvm/_ffi/_ctypes/packed_func.py", line 245, in __call__
    raise_last_ffi_error()
  File "/workspace/tvm-dev/python/tvm/_ffi/base.py", line 481, in raise_last_ffi_error
    raise py_err
ValueError: Traceback (most recent call last):
  33: tvm::runtime::PackedFuncObj::Extractor<tvm::runtime::PackedFuncSubObj<tvm::runtime::TypedPackedFunc<tvm::runtime::Module (tvm::runtime::Map<tvm::Target, tvm::IRModule, void, void> const&, tvm::Target)>::AssignTypedLambda<tvm::__mk_TVM24::{lambda(tvm::runtime::Map<tvm::Target, tvm::IRModule, void, void> const&, tvm::Target)#1}>(tvm::__mk_TVM24::{lambda(tvm::runtime::Map<tvm::Target, tvm::IRModule, void, void> const&, tvm::Target)#1}, std::__cxx11::basic_string<char, std::char_traits<char>, std::allocator<char> >)::{lambda(tvm::runtime::TVMArgs const&, tvm::runtime::TVMRetValue*)#1}> >::Call(tvm::runtime::PackedFuncObj const*, std::__cxx11::basic_string<char, std::char_traits<char>, std::allocator<char> >, tvm::runtime::TVMRetValue)
  32: tvm::TIRToRuntime(tvm::runtime::Map<tvm::Target, tvm::IRModule, void, void> const&, tvm::Target const&)
  31: tvm::codegen::Build(tvm::IRModule, tvm::Target)
  30: _ZN3tvm7runtime13PackedFuncObj
  29: tvm::runtime::TypedPackedFunc<tvm::runtime::Module (tvm::IRModule, tvm::Target)>::AssignTypedLambda<tvm::runtime::Module (*)(tvm::IRModule, tvm::Target)>(tvm::runtime::Module (*)(tvm::IRModule, tvm::Target), std::__cxx11::basic_string<char, std::char_traits<char>, std::allocator<char> >)::{lambda(tvm::runtime::TVMArgs const&, tvm::runtime::TVMRetValue*)#1}::operator()(tvm::runtime::TVMArgs const&, tvm::runtime::TVMRetValue*) const
  28: tvm::codegen::BuildCUDA(tvm::IRModule, tvm::Target)
  27: tvm::codegen::CodeGenC::AddFunction(tvm::GlobalVar const&, tvm::tir::PrimFunc const&)
  26: tvm::codegen::CodeGenCUDA::VisitStmt_(tvm::tir::AllocateNode const*)
  25: tvm::codegen::CodeGenCUDA::VisitStmt_(tvm::tir::AllocateNode const*)
  24: tvm::codegen::CodeGenCUDA::VisitStmt_(tvm::tir::AllocateNode const*)
  23: tvm::codegen::CodeGenCUDA::VisitStmt_(tvm::tir::AllocateNode const*)
  22: tvm::codegen::CodeGenC::VisitStmt_(tvm::tir::SeqStmtNode const*)
  21: tvm::codegen::CodeGenC::VisitStmt_(tvm::tir::ForNode const*)
  20: tvm::codegen::CodeGenC::VisitStmt_(tvm::tir::SeqStmtNode const*)
  19: tvm::codegen::CodeGenC::VisitStmt_(tvm::tir::BufferStoreNode const*)
  18: tvm::codegen::CodeGenC::PrintExpr[abi:cxx11](tvm::PrimExpr const&)
  17: tvm::codegen::CodeGenC::VisitExpr_(tvm::tir::BufferLoadNode const*, std::ostream&)
  16: tvm::codegen::CodeGenC::PrintExpr[abi:cxx11](tvm::PrimExpr const&)
  15: void tvm::codegen::PrintBinaryExpr<tvm::tir::AddNode>(tvm::tir::AddNode const*, char const*, std::ostream&, tvm::codegen::CodeGenC*)
  14: tvm::codegen::CodeGenCUDA::PrintVecBinaryOp(std::__cxx11::basic_string<char, std::char_traits<char>, std::allocator<char> > const&, tvm::runtime::DataType, tvm::PrimExpr, tvm::PrimExpr, std::ostream&)
  13: tvm::codegen::CodeGenC::PrintExpr[abi:cxx11](tvm::PrimExpr const&)
  12: void tvm::codegen::PrintBinaryExpr<tvm::tir::AddNode>(tvm::tir::AddNode const*, char const*, std::ostream&, tvm::codegen::CodeGenC*)
  11: tvm::codegen::CodeGenCUDA::PrintVecBinaryOp(std::__cxx11::basic_string<char, std::char_traits<char>, std::allocator<char> > const&, tvm::runtime::DataType, tvm::PrimExpr, tvm::PrimExpr, std::ostream&)
  10: tvm::codegen::CodeGenC::PrintExpr[abi:cxx11](tvm::PrimExpr const&)
  9: void tvm::codegen::PrintBinaryExpr<tvm::tir::AddNode>(tvm::tir::AddNode const*, char const*, std::ostream&, tvm::codegen::CodeGenC*)
  8: tvm::codegen::CodeGenCUDA::PrintVecBinaryOp(std::__cxx11::basic_string<char, std::char_traits<char>, std::allocator<char> > const&, tvm::runtime::DataType, tvm::PrimExpr, tvm::PrimExpr, std::ostream&)
  7: tvm::codegen::CodeGenC::PrintExpr[abi:cxx11](tvm::PrimExpr const&)
  6: void tvm::codegen::PrintBinaryExpr<tvm::tir::MulNode>(tvm::tir::MulNode const*, char const*, std::ostream&, tvm::codegen::CodeGenC*)
  5: tvm::codegen::CodeGenCUDA::PrintVecBinaryOp(std::__cxx11::basic_string<char, std::char_traits<char>, std::allocator<char> > const&, tvm::runtime::DataType, tvm::PrimExpr, tvm::PrimExpr, std::ostream&)
  4: tvm::codegen::CodeGenC::PrintExpr[abi:cxx11](tvm::PrimExpr const&)
  3: void tvm::codegen::PrintBinaryExpr<tvm::tir::DivNode>(tvm::tir::DivNode const*, char const*, std::ostream&, tvm::codegen::CodeGenC*)
  2: tvm::codegen::CodeGenCUDA::PrintVecBinaryOp(std::__cxx11::basic_string<char, std::char_traits<char>, std::allocator<char> > const&, tvm::runtime::DataType, tvm::PrimExpr, tvm::PrimExpr, std::ostream&)
  1: tvm::codegen::CodeGenC::PrintExpr[abi:cxx11](tvm::PrimExpr const&)
  0: tvm::codegen::CodeGenCUDA::VisitExpr_(tvm::tir::RampNode const*, std::ostream&)
  File "/workspace/tvm-dev/src/target/source/codegen_cuda.cc", line 1204
ValueError: Check failed: lanes <= 4 (8 vs. 4) : Ramp of more than 4 lanes is not allowed.

# from tvm.script import ir as I
# from tvm.script import tir as T

@I.ir_module
class Module:
    @T.prim_func
    def main(A: T.Buffer((1, 128, 28, 28), "float16"), W: T.Buffer((256, 128, 3, 3), "float16"), conv2d_nchw: T.Buffer((1, 256, 14, 14), "float16")):
        T.func_attr({"tir.noalias": T.bool(True)})
        # with T.block("root"):
        conv2d_nchw_reindex_pad_shared_dyn = T.alloc_buffer((13, 16, 1, 1, 16, 16), "float16", scope="shared.dyn")
        conv2d_nchw_reindex_pad_shared_dyn_wmma_accumulator = T.alloc_buffer((13, 16, 1, 1, 16, 16), "float16", scope="wmma.accumulator")
        pad_temp_reindex_pad_shared_dyn = T.alloc_buffer((208, 1152), "float16", scope="shared.dyn")
        W_reindex_shared_dyn = T.alloc_buffer((256, 1152), "float16", scope="shared.dyn")
        pad_temp_reindex_pad_shared_dyn_wmma_matrix_a = T.alloc_buffer((208, 1152), "float16", scope="wmma.matrix_a")
        W_reindex_shared_dyn_wmma_matrix_b = T.alloc_buffer((256, 1152), "float16", scope="wmma.matrix_b")
        for ax0_0_0_ax1_0_0_fused in T.thread_binding(208, thread="blockIdx.y", annotations={"pragma_auto_unroll_max_step": 16, "pragma_unroll_explicit": 1}):
            for ax0_0_1_ax1_0_1_fused in T.thread_binding(1, thread="blockIdx.x"):
                for ax0_0_2_ax1_0_2_fused in T.thread_binding(1, thread="threadIdx.y"):
                    for ax0_0_3_init, ax1_0_3_init, ax0_0_4_init, ax1_0_4_init in T.grid(1, 1, 1, 1):
                        with T.block("conv2d_nchw_o_init"):
                            v0_o = T.axis.spatial(13, ax0_0_0_ax1_0_0_fused // 16 + ax0_0_3_init + ax0_0_4_init)
                            v1_o = T.axis.spatial(16, ax0_0_0_ax1_0_0_fused % 16 + ax1_0_3_init + ax1_0_4_init)
                            T.reads()
                            T.writes(conv2d_nchw_reindex_pad_shared_dyn_wmma_accumulator[v0_o, v1_o, 0, 0, 0:16, 0:16])
                            T.block_attr({"meta_schedule.thread_extent_high_inclusive": 1024, "meta_schedule.thread_extent_low_inclusive": 32, "warp_execution": 1})
                            C = T.match_buffer(conv2d_nchw_reindex_pad_shared_dyn_wmma_accumulator[v0_o, v1_o, 0, 0, 0:16, 0:16], (16, 16), "float16", strides=("C_s0", "C_s1"), scope="wmma.accumulator", offset_factor=16)
                            T.tvm_fill_fragment(C.data, 16, 16, 16, C.elem_offset // C.strides[0] // 16 * (C.strides[0] // 16) + C.elem_offset % C.strides[0] // 16, T.float32(0.0))
                    for ax2_0_0 in range(72):
                        for ax0_ax1_fused_0 in range(4):
                            for ax0_ax1_fused_1 in T.thread_binding(1, thread="threadIdx.y"):
                                for ax0_ax1_fused_2 in T.thread_binding(32, thread="threadIdx.x"):
                                    for ax0_ax1_fused_3 in T.vectorized(2):
                                        with T.block("pad_temp_reindex_pad_shared.dyn"):
                                            v0 = T.axis.spatial(208, ax0_0_0_ax1_0_0_fused // 16 * 16 + (ax0_ax1_fused_0 * 64 + ax0_ax1_fused_1 * 64 + ax0_ax1_fused_2 * 2 + ax0_ax1_fused_3) // 16)
                                            v1 = T.axis.spatial(1152, ax2_0_0 * 16 + (ax0_ax1_fused_0 * 64 + ax0_ax1_fused_1 * 64 + ax0_ax1_fused_2 * 2 + ax0_ax1_fused_3) % 16)
                                            T.reads(A[0, v1 // 9, v0 // 14 * 2 + v1 % 9 // 3 - 1, v0 % 14 * 2 + v1 % 3 - 1])
                                            T.writes(pad_temp_reindex_pad_shared_dyn[v0, v1])
                                            T.block_attr({"buffer_dim_align": [[0, 0, 32, 8]]})
                                            pad_temp_reindex_pad_shared_dyn[v0, v1] = T.if_then_else(v0 < 196, T.if_then_else(1 <= v0 // 14 * 2 + v1 % 9 // 3 and v0 // 14 * 2 + v1 % 9 // 3 < 29 and 1 <= v0 % 14 * 2 + v1 % 3 and v0 % 14 * 2 + v1 % 3 < 29, A[0, v1 // 9, v0 // 14 * 2 + v1 % 9 // 3 - 1, v0 % 14 * 2 + v1 % 3 - 1], T.float16(0.0)), T.float16(0.0))
                        for ax0_ax1_fused_0 in range(1):
                            for ax0_ax1_fused_1 in T.thread_binding(1, thread="threadIdx.y"):
                                for ax0_ax1_fused_2 in T.thread_binding(32, thread="threadIdx.x"):
                                    for ax0_ax1_fused_3 in T.vectorized(8):
                                        with T.block("W_reindex_shared.dyn"):
                                            v0 = T.axis.spatial(256, ax0_0_0_ax1_0_0_fused % 16 * 16 + (ax0_ax1_fused_0 * 256 + ax0_ax1_fused_1 * 256 + ax0_ax1_fused_2 * 8 + ax0_ax1_fused_3) // 16)
                                            v1 = T.axis.spatial(1152, ax2_0_0 * 16 + (ax0_ax1_fused_0 * 256 + ax0_ax1_fused_1 * 256 + ax0_ax1_fused_2 * 8 + ax0_ax1_fused_3) % 16)
                                            T.reads(W[v0, v1 // 9, v1 % 9 // 3, v1 % 3])
                                            T.writes(W_reindex_shared_dyn[v0, v1])
                                            T.block_attr({"buffer_dim_align": [[0, 0, 32, 8]]})
                                            W_reindex_shared_dyn[v0, v1] = W[v0, v1 // 9, v1 % 9 // 3, v1 % 3]
                        for ax2_0_1 in range(1):
                            for ax0_0, ax1_0 in T.grid(1, 1):
                                with T.block("pad_temp_reindex_pad_shared.dyn_wmma.matrix_a_o"):
                                    v0_o = T.axis.spatial(13, ax0_0_0_ax1_0_0_fused // 16 + ax0_0)
                                    v1_o = T.axis.spatial(72, ax2_0_0 + ax1_0)
                                    T.reads(pad_temp_reindex_pad_shared_dyn[v0_o * 16:v0_o * 16 + 16, v1_o * 16:v1_o * 16 + 16])
                                    T.writes(pad_temp_reindex_pad_shared_dyn_wmma_matrix_a[v0_o * 16:v0_o * 16 + 16, v1_o * 16:v1_o * 16 + 16])
                                    A_1 = T.match_buffer(pad_temp_reindex_pad_shared_dyn[v0_o * 16:v0_o * 16 + 16, v1_o * 16:v1_o * 16 + 16], (16, 16), "float16", strides=("A_s0", "A_s1"), scope="shared.dyn", offset_factor=16)
                                    C = T.match_buffer(pad_temp_reindex_pad_shared_dyn_wmma_matrix_a[v0_o * 16:v0_o * 16 + 16, v1_o * 16:v1_o * 16 + 16], (16, 16), "float16", strides=("C_s0", "C_s1"), scope="wmma.matrix_a", offset_factor=16)
                                    T.tvm_load_matrix_sync(C.data, 16, 16, 16, C.elem_offset // C.strides[0] // 16 * (C.strides[0] // 16) + C.elem_offset % C.strides[0] // 16, T.tvm_access_ptr(T.type_annotation("float16"), A_1.data, A_1.elem_offset, A_1.strides[0] * 16, 1), A_1.strides[0], "row_major")
                            for ax0_0, ax1_0 in T.grid(1, 1):
                                with T.block("W_reindex_shared.dyn_wmma.matrix_b_o"):
                                    v0_o = T.axis.spatial(16, ax0_0_0_ax1_0_0_fused % 16 + ax0_0)
                                    v1_o = T.axis.spatial(72, ax2_0_0 + ax1_0)
                                    T.reads(W_reindex_shared_dyn[v0_o * 16:v0_o * 16 + 16, v1_o * 16:v1_o * 16 + 16])
                                    T.writes(W_reindex_shared_dyn_wmma_matrix_b[v0_o * 16:v0_o * 16 + 16, v1_o * 16:v1_o * 16 + 16])
                                    A_1 = T.match_buffer(W_reindex_shared_dyn[v0_o * 16:v0_o * 16 + 16, v1_o * 16:v1_o * 16 + 16], (16, 16), "float16", strides=("A_s0", "A_s1"), scope="shared.dyn", offset_factor=16)
                                    C = T.match_buffer(W_reindex_shared_dyn_wmma_matrix_b[v0_o * 16:v0_o * 16 + 16, v1_o * 16:v1_o * 16 + 16], (16, 16), "float16", strides=("C_s0", "C_s1"), scope="wmma.matrix_b", offset_factor=16)
                                    T.tvm_load_matrix_sync(C.data, 16, 16, 16, C.elem_offset // C.strides[0] // 16 * (C.strides[0] // 16) + C.elem_offset % C.strides[0] // 16, T.tvm_access_ptr(T.type_annotation("float16"), A_1.data, A_1.elem_offset, A_1.strides[0] * 16, 1), A_1.strides[0], "col_major")
                            for ax0_0_3, ax1_0_3, ax2_0_2, ax0_0_4, ax1_0_4 in T.grid(1, 1, 1, 1, 1):
                                with T.block("conv2d_nchw_o_update"):
                                    v0_o = T.axis.spatial(13, ax0_0_0_ax1_0_0_fused // 16 + ax0_0_3 + ax0_0_4)
                                    v1_o = T.axis.spatial(16, ax0_0_0_ax1_0_0_fused % 16 + ax1_0_3 + ax1_0_4)
                                    v2_o = T.axis.reduce(72, ax2_0_0 + ax2_0_1 + ax2_0_2)
                                    T.reads(conv2d_nchw_reindex_pad_shared_dyn_wmma_accumulator[v0_o, v1_o, 0, 0, 0:16, 0:16], pad_temp_reindex_pad_shared_dyn_wmma_matrix_a[v0_o * 16:v0_o * 16 + 16, v2_o * 16:v2_o * 16 + 16], W_reindex_shared_dyn_wmma_matrix_b[v1_o * 16:v1_o * 16 + 16, v2_o * 16:v2_o * 16 + 16])
                                    T.writes(conv2d_nchw_reindex_pad_shared_dyn_wmma_accumulator[v0_o, v1_o, 0, 0, 0:16, 0:16])
                                    T.block_attr({"meta_schedule.thread_extent_high_inclusive": 1024, "meta_schedule.thread_extent_low_inclusive": 32, "warp_execution": 1})
                                    A_1 = T.match_buffer(pad_temp_reindex_pad_shared_dyn_wmma_matrix_a[v0_o * 16:v0_o * 16 + 16, v2_o * 16:v2_o * 16 + 16], (16, 16), "float16", strides=("A_s0", "A_s1"), scope="wmma.matrix_a", offset_factor=16)
                                    B = T.match_buffer(W_reindex_shared_dyn_wmma_matrix_b[v1_o * 16:v1_o * 16 + 16, v2_o * 16:v2_o * 16 + 16], (16, 16), "float16", strides=("B_s0", "B_s1"), scope="wmma.matrix_b", offset_factor=16)
                                    C = T.match_buffer(conv2d_nchw_reindex_pad_shared_dyn_wmma_accumulator[v0_o, v1_o, 0, 0, 0:16, 0:16], (16, 16), "float16", strides=("C_s0", "C_s1"), scope="wmma.accumulator", offset_factor=16)
                                    T.tvm_mma_sync(C.data, C.elem_offset // C.strides[0] // 16 * (C.strides[0] // 16) + C.elem_offset % C.strides[0] // 16, A_1.data, A_1.elem_offset // A_1.strides[0] // 16 * (A_1.strides[0] // 16) + A_1.elem_offset % A_1.strides[0] // 16, B.data, B.elem_offset // B.strides[0] // 16 * (B.strides[0] // 16) + B.elem_offset % B.strides[0] // 16, C.data, C.elem_offset // C.strides[0] // 16 * (C.strides[0] // 16) + C.elem_offset % C.strides[0] // 16)
                for ax2 in range(1):
                    for ax0_ax1_fused in T.thread_binding(1, thread="threadIdx.y"):
                        for ax2_1, ax3 in T.grid(1, 1):
                            with T.block("conv2d_nchw_reindex_pad_shared.dyn_wmma.accumulator_o"):
                                v0_o = T.axis.spatial(13, ax0_0_0_ax1_0_0_fused // 16)
                                v1_o = T.axis.spatial(16, ax0_0_0_ax1_0_0_fused % 16)
                                v2_o, v3_o = T.axis.remap("SS", [ax2_1, ax3])
                                v4_o = T.axis.spatial(1, 0)
                                v5_o = T.axis.spatial(1, 0)
                                T.reads(conv2d_nchw_reindex_pad_shared_dyn_wmma_accumulator[v0_o, v1_o, v2_o, v3_o, 0:16, 0:16])
                                T.writes(conv2d_nchw_reindex_pad_shared_dyn[v0_o, v1_o, v2_o, v3_o, 0:16, 0:16])
                                A_1 = T.match_buffer(conv2d_nchw_reindex_pad_shared_dyn_wmma_accumulator[v0_o, v1_o, v2_o, v3_o, 0:16, 0:16], (16, 16), "float16", strides=("A_s0", "A_s1"), scope="wmma.accumulator", offset_factor=16)
                                C = T.match_buffer(conv2d_nchw_reindex_pad_shared_dyn[v0_o, v1_o, v2_o, v3_o, 0:16, 0:16], (16, 16), "float16", strides=("C_s0", "C_s1"), scope="shared.dyn", offset_factor=16)
                                T.tvm_store_matrix_sync(A_1.data, 16, 16, 16, A_1.elem_offset // A_1.strides[0] // 16 * (A_1.strides[0] // 16) + A_1.elem_offset % A_1.strides[0] // 16, T.tvm_access_ptr(T.type_annotation("float16"), C.data, C.elem_offset, C.strides[0] * 16, 2), C.strides[0], "row_major")
                    for ax0_ax1_ax3_ax4_ax5_fused_0 in range(2):
                        for ax0_ax1_ax3_ax4_ax5_fused_1 in T.thread_binding(1, thread="threadIdx.y"):
                            for ax0_ax1_ax3_ax4_ax5_fused_2 in T.thread_binding(32, thread="threadIdx.x"):
                                for ax0_ax1_ax3_ax4_ax5_fused_3 in T.vectorized(4):
                                    with T.block("conv2d_nchw_reindex_pad_shared.dyn"):
                                        v0 = T.axis.spatial(13, ax0_0_0_ax1_0_0_fused // 16)
                                        v1 = T.axis.spatial(16, ax0_0_0_ax1_0_0_fused % 16)
                                        v2 = T.axis.spatial(1, ax2)
                                        v3 = T.axis.spatial(1, 0)
                                        v4 = T.axis.spatial(16, (ax0_ax1_ax3_ax4_ax5_fused_0 * 128 + ax0_ax1_ax3_ax4_ax5_fused_1 * 128 + ax0_ax1_ax3_ax4_ax5_fused_2 * 4 + ax0_ax1_ax3_ax4_ax5_fused_3) // 16)
                                        v5 = T.axis.spatial(16, (ax0_ax1_ax3_ax4_ax5_fused_0 * 128 + ax0_ax1_ax3_ax4_ax5_fused_1 * 128 + ax0_ax1_ax3_ax4_ax5_fused_2 * 4 + ax0_ax1_ax3_ax4_ax5_fused_3) % 16)
                                        T.where(ax0_0_0_ax1_0_0_fused // 16 * 16 + T.Mul(0, 16) + (((ax0_ax1_ax3_ax4_ax5_fused_0 + ax0_ax1_ax3_ax4_ax5_fused_1) * 32 + ax0_ax1_ax3_ax4_ax5_fused_2) * 4 + ax0_ax1_ax3_ax4_ax5_fused_3) % 256 // 16 < 196)
                                        T.reads(conv2d_nchw_reindex_pad_shared_dyn[v0, v1, v2, v3, v4, v5])
                                        T.writes(conv2d_nchw[0, v5 + v1 * 16, (v4 + v0 * 16) // 14, (v4 + v0 * 16) % 14])
                                        conv2d_nchw[0, v5 + v1 * 16, (v4 + v0 * 16) // 14, (v4 + v0 * 16) % 14] = conv2d_nchw_reindex_pad_shared_dyn[v0, v1, v2, v3, v4, v5]
b0 = sch.get_block(name="pad_temp", func_name="main")
b1 = sch.get_block(name="conv2d_nchw", func_name="main")
b2 = sch.get_block(name="root", func_name="main")
sch.annotate(block_or_loop=b1, ann_key="meta_schedule.tiling_structure", ann_val="SSSRRSRS")
b3 = sch.reindex(block=b1, buffer=("write", 0))
b4 = sch.reindex(block=b1, buffer=("read", 0))
b5 = sch.reindex(block=b1, buffer=("read", 1))
sch.transform_layout(block=b1, buffer=("read", 0), index_map=lambda v_nn, v_yy, v_xx, v_rc, v_ry, v_rx: (v_nn * 196 + v_yy * 14 + v_xx, v_rc * 9 + v_ry * 3 + v_rx,), pad_value=None, assume_injective_transform=True)
sch.transform_layout(block=b1, buffer=("read", 1), index_map=lambda v_ff, v_rc, v_ry, v_rx: (v_ff, v_rc * 9 + v_ry * 3 + v_rx,), pad_value=None, assume_injective_transform=True)
sch.transform_layout(block=b1, buffer=("write", 0), index_map=lambda v_nn, v_ff, v_yy, v_xx: (v_nn * 196 + v_yy * 14 + v_xx, v_ff,), pad_value=None, assume_injective_transform=True)
sch.transform_block_layout(block=b3, index_map=lambda v_nn, v_ff, v_yy, v_xx: (v_nn * 196 + v_yy * 14 + v_xx, v_ff,))
sch.transform_block_layout(block=b4, index_map=lambda v_nn, v_yy, v_xx, v_rc, v_ry, v_rx: (v_nn * 196 + v_yy * 14 + v_xx, v_rc * 9 + v_ry * 3 + v_rx,))
sch.transform_block_layout(block=b5, index_map=lambda v_ff, v_rc, v_ry, v_rx: (v_ff, v_rc * 9 + v_ry * 3 + v_rx,))
sch.transform_block_layout(block=b1, index_map=lambda v_nn, v_ff, v_yy, v_xx, v_rc, v_ry, v_rx: (v_nn * 196 + v_yy * 14 + v_xx, v_ff, v_rc * 9 + v_ry * 3 + v_rx,))
sch.pad_einsum(block=b1, padding=[16, 1, 1])
b6, b7 = sch.get_producers(block=b1)
b8, = sch.get_producers(block=b6)
b9, = sch.get_consumers(block=b1)
sch.compute_inline(block=b8)
sch.compute_inline(block=b9)
l10, l11, l12 = sch.get_loops(block=b1)
l13, l14 = sch.split(loop=l12, factors=[None, 16], preserve_unit_iters=True, disable_predication=False)
l15, l16 = sch.split(loop=l11, factors=[None, 16], preserve_unit_iters=True, disable_predication=False)
l17, l18 = sch.split(loop=l10, factors=[None, 16], preserve_unit_iters=True, disable_predication=False)
l19, l20, l21, l22, l23, l24 = sch.get_loops(block=b1)
sch.reorder(l21, l23, l18, l16, l14)
b25 = sch.blockize(target=l18, preserve_unit_iters=True)
sch.annotate(block_or_loop=b25, ann_key="meta_schedule.auto_tensorize", ann_val="wmma_sync_16x16x16_f16f16f16_trans")
sch.annotate(block_or_loop=b25, ann_key="meta_schedule.auto_tensorize_init", ann_val="wmma_fill_16x16x16_f16")
sch.annotate(block_or_loop=b25, ann_key="warp_execution", ann_val=1)
l26, l27, l28 = sch.get_loops(block=b25)
v29, v30, v31, v32, v33 = sch.sample_perfect_tile(loop=l26, n=5, max_innermost_factor=4, decision=[13, 1, 1, 1, 1])
l34, l35, l36, l37, l38 = sch.split(loop=l26, factors=[v29, v30, v31, v32, v33], preserve_unit_iters=True, disable_predication=False)
v39, v40, v41, v42, v43 = sch.sample_perfect_tile(loop=l27, n=5, max_innermost_factor=4, decision=[16, 1, 1, 1, 1])
l44, l45, l46, l47, l48 = sch.split(loop=l27, factors=[v39, v40, v41, v42, v43], preserve_unit_iters=True, disable_predication=False)
v49, v50, v51 = sch.sample_perfect_tile(loop=l28, n=3, max_innermost_factor=4, decision=[72, 1, 1])
l52, l53, l54 = sch.split(loop=l28, factors=[v49, v50, v51], preserve_unit_iters=True, disable_predication=False)
sch.reorder(l34, l44, l35, l45, l36, l46, l52, l53, l37, l47, l54, l38, l48)
l55 = sch.fuse(l34, l44, preserve_unit_iters=True)
sch.bind(loop=l55, thread_axis="blockIdx.y")
l56 = sch.fuse(l35, l45, preserve_unit_iters=True)
sch.bind(loop=l56, thread_axis="blockIdx.x")
l57 = sch.fuse(l36, l46, preserve_unit_iters=True)
sch.bind(loop=l57, thread_axis="threadIdx.y")
sch.annotate(block_or_loop=b25, ann_key="meta_schedule.thread_extent_low_inclusive", ann_val=32)
sch.annotate(block_or_loop=b25, ann_key="meta_schedule.thread_extent_high_inclusive", ann_val=1024)
sch.transform_layout(block=b25, buffer=("write", 0), index_map=lambda i0, i1: (i0 // 16 // (v32 * v33), i1 // 16 // (v42 * v43), i0 // 16 % (v32 * v33), i1 // 16 % (v42 * v43), i0 % 16, i1 % 16,), pad_value=None, assume_injective_transform=True)
b58 = sch.cache_write(block=b25, write_buffer_index=0, storage_scope="shared.dyn")
sch.reverse_compute_at(block=b58, loop=l56, preserve_unit_loops=True, index=-1)
b59 = sch.cache_write(block=b25, write_buffer_index=0, storage_scope="wmma.accumulator")
l60, l61, l62, l63, l64, l65, l66, l67 = sch.get_loops(block=b58)
sch.reorder(l64, l62, l63, l65)
sch.compute_at(block=b59, loop=l64, preserve_unit_loops=True, index=-1)
l68, l69, l70, l71, l72, l73, l74, l75, l76 = sch.get_loops(block=b59)
l77 = sch.fuse(l71, l72, preserve_unit_iters=True)
sch.bind(loop=l77, thread_axis="threadIdx.y")
sch.reverse_compute_inline(block=b3)
l78, l79, l80, l81, l82, l83, l84, l85 = sch.get_loops(block=b59)
b86 = sch.blockize(target=l84, preserve_unit_iters=True)
sch.annotate(block_or_loop=b86, ann_key="meta_schedule.auto_tensorize", ann_val="wmma_store_16x16x16_f16_shared_dyn")
l87, l88, l89, l90, l91, l92, l93, l94 = sch.get_loops(block=b58)
l95 = sch.fuse(l90, l91, l92, l93, l94, preserve_unit_iters=True)
v96 = sch.sample_categorical(candidates=[1, 2, 4, 8], probs=[0.25, 0.25, 0.25, 0.25], decision=2)
sch.annotate(block_or_loop=b58, ann_key="meta_schedule.cooperative_fetch", ann_val=v96)
b97 = sch.cache_read(block=b25, read_buffer_index=0, storage_scope="shared.dyn", consumer_blocks=[b25])
sch.compute_at(block=b97, loop=l52, preserve_unit_loops=True, index=-1)
l98, l99, l100, l101, l102, l103 = sch.get_loops(block=b97)
l104 = sch.fuse(l102, l103, preserve_unit_iters=True)
v105 = sch.sample_categorical(candidates=[1, 2, 4, 8], probs=[0.25, 0.25, 0.25, 0.25], decision=1)
sch.annotate(block_or_loop=b97, ann_key="meta_schedule.cooperative_fetch", ann_val=v105)
b106 = sch.cache_read(block=b25, read_buffer_index=1, storage_scope="shared.dyn", consumer_blocks=[b25])
sch.compute_at(block=b106, loop=l52, preserve_unit_loops=True, index=-1)
l107, l108, l109, l110, l111, l112 = sch.get_loops(block=b106)
l113 = sch.fuse(l111, l112, preserve_unit_iters=True)
v114 = sch.sample_categorical(candidates=[1, 2, 4, 8], probs=[0.25, 0.25, 0.25, 0.25], decision=3)
sch.annotate(block_or_loop=b106, ann_key="meta_schedule.cooperative_fetch", ann_val=v114)
b115 = sch.cache_read(block=b25, read_buffer_index=0, storage_scope="wmma.matrix_a")
sch.compute_at(block=b115, loop=l53, preserve_unit_loops=True, index=-1)
l116, l117, l118, l119, l120, l121, l122 = sch.get_loops(block=b115)
l123, l124 = sch.split(loop=l122, factors=[None, 16], preserve_unit_iters=True, disable_predication=False)
l125, l126 = sch.split(loop=l121, factors=[None, 16], preserve_unit_iters=True, disable_predication=False)
l127, l128, l129, l130, l131, l132, l133, l134, l135 = sch.get_loops(block=b115)
sch.reorder(l134, l126, l124)
b136 = sch.blockize(target=l126, preserve_unit_iters=True)
sch.annotate(block_or_loop=b136, ann_key="meta_schedule.auto_tensorize", ann_val="wmma_load_16x16x16_f16_a_shared_dyn")
b137 = sch.cache_read(block=b25, read_buffer_index=1, storage_scope="wmma.matrix_b")
sch.compute_at(block=b137, loop=l53, preserve_unit_loops=True, index=-1)
l138, l139, l140, l141, l142, l143, l144 = sch.get_loops(block=b137)
l145, l146 = sch.split(loop=l144, factors=[None, 16], preserve_unit_iters=True, disable_predication=False)
l147, l148 = sch.split(loop=l143, factors=[None, 16], preserve_unit_iters=True, disable_predication=False)
l149, l150, l151, l152, l153, l154, l155, l156, l157 = sch.get_loops(block=b137)
sch.reorder(l156, l148, l146)
b158 = sch.blockize(target=l148, preserve_unit_iters=True)
sch.annotate(block_or_loop=b158, ann_key="meta_schedule.auto_tensorize", ann_val="wmma_load_16x16x16_f16_b_trans_shared_dyn")
b159, = sch.get_producers(block=b97)
sch.compute_inline(block=b159)
sch.storage_align(block=b97, buffer_index=0, axis=-2, factor=32, offset=8)
b160, = sch.get_producers(block=b106)
sch.compute_inline(block=b160)
sch.storage_align(block=b106, buffer_index=0, axis=-2, factor=32, offset=8)
sch.compute_inline(block=b0)
v161 = sch.sample_categorical(candidates=[0, 16, 64, 512, 1024], probs=[0.20000000000000001, 0.20000000000000001, 0.20000000000000001, 0.20000000000000001, 0.20000000000000001], decision=1)
sch.annotate(block_or_loop=b2, ann_key="meta_schedule.unroll_explicit", ann_val=v161)
sch.enter_postproc()
sch.unannotate(block_or_loop=b58, ann_key="meta_schedule.cooperative_fetch")
l162, l163, l164, l165 = sch.get_loops(block=b58)
l166, l167, l168, l169 = sch.split(loop=l165, factors=[None, 1, 32, 4], preserve_unit_iters=True, disable_predication=False)
sch.vectorize(loop=l169)
sch.bind(loop=l168, thread_axis="threadIdx.x")
sch.bind(loop=l167, thread_axis="threadIdx.y")
sch.unannotate(block_or_loop=b97, ann_key="meta_schedule.cooperative_fetch")
l170, l171, l172, l173, l174 = sch.get_loops(block=b97)
l175, l176, l177, l178 = sch.split(loop=l174, factors=[None, 1, 32, 2], preserve_unit_iters=True, disable_predication=False)
sch.vectorize(loop=l178)
sch.bind(loop=l177, thread_axis="threadIdx.x")
sch.bind(loop=l176, thread_axis="threadIdx.y")
sch.unannotate(block_or_loop=b106, ann_key="meta_schedule.cooperative_fetch")
l179, l180, l181, l182, l183 = sch.get_loops(block=b106)
l184, l185, l186, l187 = sch.split(loop=l183, factors=[None, 1, 32, 8], preserve_unit_iters=True, disable_predication=False)
sch.vectorize(loop=l187)
sch.bind(loop=l186, thread_axis="threadIdx.x")
sch.bind(loop=l185, thread_axis="threadIdx.y")
b188 = sch.get_block(name="root", func_name="main")
sch.unannotate(block_or_loop=b188, ann_key="meta_schedule.unroll_explicit")
b189, b190, b191, b192, b193, b194, b195 = sch.get_child_blocks(b188)
l196, l197, l198, l199, l200, l201, l202, l203 = sch.get_loops(block=b189)
l204, l205, l206, l207, l208, l209, l210, l211 = sch.get_loops(block=b190)
l212, l213, l214, l215, l216, l217, l218 = sch.get_loops(block=b191)
l219, l220, l221, l222, l223, l224, l225 = sch.get_loops(block=b192)
l226, l227, l228, l229, l230, l231, l232, l233, l234, l235 = sch.get_loops(block=b193)
sch.annotate(block_or_loop=l226, ann_key="pragma_auto_unroll_max_step", ann_val=16)
sch.annotate(block_or_loop=l226, ann_key="pragma_unroll_explicit", ann_val=1)
l236, l237, l238, l239, l240, l241 = sch.get_loops(block=b194)
l242, l243, l244, l245, l246, l247, l248 = sch.get_loops(block=b195)
b249 = sch.get_block(name="conv2d_nchw_o", func_name="main")
l250, l251, l252, l253, l254, l255, l256, l257, l258, l259 = sch.get_loops(block=b249)
b260 = sch.decompose_reduction(block=b249, loop=l253)
sch.unannotate(block_or_loop=b260, ann_key="meta_schedule.auto_tensorize")
sch.annotate(block_or_loop=b260, ann_key="meta_schedule.auto_tensorize", ann_val="wmma_fill_16x16x16_f16")
sch.unannotate(block_or_loop=b249, ann_key="meta_schedule.auto_tensorize_init")
sch.unannotate(block_or_loop=b260, ann_key="meta_schedule.auto_tensorize_init")
b261 = sch.get_block(name="conv2d_nchw_o_init", func_name="main")
sch.unannotate(block_or_loop=b261, ann_key="meta_schedule.auto_tensorize")
sch.tensorize(block_or_loop=b261, tensor_intrin="wmma_fill_16x16x16_f16", preserve_unit_iters=True)
b262 = sch.get_block(name="pad_temp_reindex_pad_shared.dyn_wmma.matrix_a_o", func_name="main")
sch.unannotate(block_or_loop=b262, ann_key="meta_schedule.auto_tensorize")
sch.tensorize(block_or_loop=b262, tensor_intrin="wmma_load_16x16x16_f16_a_shared_dyn", preserve_unit_iters=True)
b263 = sch.get_block(name="W_reindex_shared.dyn_wmma.matrix_b_o", func_name="main")
sch.unannotate(block_or_loop=b263, ann_key="meta_schedule.auto_tensorize")
sch.tensorize(block_or_loop=b263, tensor_intrin="wmma_load_16x16x16_f16_b_trans_shared_dyn", preserve_unit_iters=True)
b264 = sch.get_block(name="conv2d_nchw_o_update", func_name="main")
sch.unannotate(block_or_loop=b264, ann_key="meta_schedule.auto_tensorize")
sch.tensorize(block_or_loop=b264, tensor_intrin="wmma_sync_16x16x16_f16f16f16_trans", preserve_unit_iters=True)
b265 = sch.get_block(name="conv2d_nchw_reindex_pad_shared.dyn_wmma.accumulator_o", func_name="main")
sch.unannotate(block_or_loop=b265, ann_key="meta_schedule.auto_tensorize")
sch.tensorize(block_or_loop=b265, tensor_intrin="wmma_store_16x16x16_f16_shared_dyn", preserve_unit_iters=True)
2025-10-07 10:12:31 [INFO] [task_scheduler.cc:131] [Task #0: main] Trial #186: GFLOPs: 3029.2388. Time: 38.1632 us. Best GFLOPs: 10413.1697
2025-10-07 10:12:31 [INFO] [task_scheduler.cc:131] [Task #0: main] Trial #187: GFLOPs: 3025.8594. Time: 38.2058 us. Best GFLOPs: 10413.1697
2025-10-07 10:12:31 [INFO] [task_scheduler.cc:131] [Task #0: main] Trial #188: GFLOPs: 6261.3822. Time: 18.4633 us. Best GFLOPs: 10413.1697
2025-10-07 10:12:31 [INFO] [task_scheduler.cc:131] [Task #0: main] Trial #189: GFLOPs: 6570.9331. Time: 17.5935 us. Best GFLOPs: 10413.1697
2025-10-07 10:12:31 [INFO] [task_scheduler.cc:131] [Task #0: main] Trial #190: GFLOPs: 98.0731. Time: 1178.7686 us. Best GFLOPs: 10413.1697
2025-10-07 10:12:31 [INFO] [task_scheduler.cc:131] [Task #0: main] Trial #191: GFLOPs: 1635.9227. Time: 70.6669 us. Best GFLOPs: 10413.1697
2025-10-07 10:12:31 [INFO] [task_scheduler.cc:131] [Task #0: main] Trial #192: GFLOPs: 2864.7245. Time: 40.3548 us. Best GFLOPs: 10413.1697
2025-10-07 10:12:31 [INFO] [evolutionary_search.cc:713] Generating candidates......
2025-10-07 10:12:33 [INFO] [evolutionary_search.cc:715] Picked top 102 candidate(s) from database
2025-10-07 10:12:40 [INFO] [evolutionary_search.cc:533] Sample-Init-Population summary:
Postproc #0 [meta_schedule.DisallowDynamicLoop(0x10a35418)]: 0 failure(s)
Postproc #1 [meta_schedule.RewriteCooperativeFetch(0x119ea348)]: 0 failure(s)
Postproc #2 [meta_schedule.RewriteUnboundBlock(0x10b3f098)]: 0 failure(s)
Postproc #3 [meta_schedule.RewriteParallelVectorizeUnroll(0x10653038)]: 0 failure(s)
Postproc #4 [meta_schedule.RewriteReductionBlock(0x10966348)]: 0 failure(s)
Postproc #5 [meta_schedule.VerifyGPUCode(0x11e7fbb8)]: 300 failure(s)
Postproc #6 [meta_schedule.RewriteTensorize(0x1096e578)]: 0 failure(s)
2025-10-07 10:12:40 [INFO] [evolutionary_search.cc:723] Sampled 110 candidate(s)
2025-10-07 10:12:52 [INFO] [evolutionary_search.cc:621] Evolve iter #0 done. Summary:
Postproc #0 [meta_schedule.DisallowDynamicLoop(0x10a35418)]: 0 failure(s)
Postproc #1 [meta_schedule.RewriteCooperativeFetch(0x119ea348)]: 0 failure(s)
Postproc #2 [meta_schedule.RewriteUnboundBlock(0x10b3f098)]: 0 failure(s)
Postproc #3 [meta_schedule.RewriteParallelVectorizeUnroll(0x10653038)]: 0 failure(s)
Postproc #4 [meta_schedule.RewriteReductionBlock(0x10966348)]: 0 failure(s)
Postproc #5 [meta_schedule.VerifyGPUCode(0x11e7fbb8)]: 105 failure(s)
Postproc #6 [meta_schedule.RewriteTensorize(0x1096e578)]: 0 failure(s)
2025-10-07 10:13:06 [INFO] [evolutionary_search.cc:621] Evolve iter #1 done. Summary:
Postproc #0 [meta_schedule.DisallowDynamicLoop(0x10a35418)]: 0 failure(s)
Postproc #1 [meta_schedule.RewriteCooperativeFetch(0x119ea348)]: 0 failure(s)
Postproc #2 [meta_schedule.RewriteUnboundBlock(0x10b3f098)]: 0 failure(s)
Postproc #3 [meta_schedule.RewriteParallelVectorizeUnroll(0x10653038)]: 0 failure(s)
Postproc #4 [meta_schedule.RewriteReductionBlock(0x10966348)]: 0 failure(s)
Postproc #5 [meta_schedule.VerifyGPUCode(0x11e7fbb8)]: 102 failure(s)
Postproc #6 [meta_schedule.RewriteTensorize(0x1096e578)]: 0 failure(s)
2025-10-07 10:13:20 [INFO] [evolutionary_search.cc:621] Evolve iter #2 done. Summary:
Postproc #0 [meta_schedule.DisallowDynamicLoop(0x10a35418)]: 0 failure(s)
Postproc #1 [meta_schedule.RewriteCooperativeFetch(0x119ea348)]: 0 failure(s)
Postproc #2 [meta_schedule.RewriteUnboundBlock(0x10b3f098)]: 0 failure(s)
Postproc #3 [meta_schedule.RewriteParallelVectorizeUnroll(0x10653038)]: 0 failure(s)
Postproc #4 [meta_schedule.RewriteReductionBlock(0x10966348)]: 0 failure(s)
Postproc #5 [meta_schedule.VerifyGPUCode(0x11e7fbb8)]: 100 failure(s)
Postproc #6 [meta_schedule.RewriteTensorize(0x1096e578)]: 0 failure(s)
2025-10-07 10:13:35 [INFO] [evolutionary_search.cc:621] Evolve iter #3 done. Summary:
Postproc #0 [meta_schedule.DisallowDynamicLoop(0x10a35418)]: 0 failure(s)
Postproc #1 [meta_schedule.RewriteCooperativeFetch(0x119ea348)]: 0 failure(s)
Postproc #2 [meta_schedule.RewriteUnboundBlock(0x10b3f098)]: 0 failure(s)
Postproc #3 [meta_schedule.RewriteParallelVectorizeUnroll(0x10653038)]: 0 failure(s)
Postproc #4 [meta_schedule.RewriteReductionBlock(0x10966348)]: 0 failure(s)
Postproc #5 [meta_schedule.VerifyGPUCode(0x11e7fbb8)]: 107 failure(s)
Postproc #6 [meta_schedule.RewriteTensorize(0x1096e578)]: 0 failure(s)
2025-10-07 10:13:39 [INFO] [evolutionary_search.cc:649] Scores of the best 64 candidates:
[1 : 16]:	0.9743  0.9743  0.9727  0.9644  0.9644  0.9641  0.9316  0.9316  0.9277  0.9260  0.9260  0.9177  0.9067  0.9067  0.9051  0.9051
[17 : 32]:	0.9028  0.9019  0.9003  0.9003  0.8968  0.8928  0.8928  0.8920  0.8708  0.8648  0.8645  0.8628  0.8609  0.8609  0.8601  0.8601
[33 : 48]:	0.8585  0.8585  0.8564  0.8547  0.8547  0.8545  0.8545  0.8539  0.8464  0.8464  0.8423  0.8407  0.8400  0.8384  0.8337  0.7957
[49 : 64]:	0.7910  0.7894  0.7882  0.7709  0.7692  0.7592  0.7582  0.7582  0.7566  0.7518  0.7490  0.7407  0.7343  0.7339  0.7327  0.7278
2025-10-07 10:13:40 [INFO] [evolutionary_search.cc:727] Got 64 candidate(s) with evolutionary search
2025-10-07 10:13:40 [INFO] [evolutionary_search.cc:730] Sending 64 candidates(s) for measurement
2025-10-07 10:14:34 [INFO] [task_scheduler.cc:131] [Task #0: main] Trial #193: GFLOPs: 9852.8727. Time: 11.7332 us. Best GFLOPs: 10413.1697
2025-10-07 10:14:34 [INFO] [task_scheduler.cc:131] [Task #0: main] Trial #194: GFLOPs: 10322.5652. Time: 11.1993 us. Best GFLOPs: 10413.1697
2025-10-07 10:14:34 [INFO] [task_scheduler.cc:131] [Task #0: main] Trial #195: GFLOPs: 10434.9799. Time: 11.0787 us. Best GFLOPs: 10434.9799
2025-10-07 10:14:34 [INFO] [task_scheduler.cc:131] [Task #0: main] Trial #196: GFLOPs: 10286.0138. Time: 11.2391 us. Best GFLOPs: 10434.9799
2025-10-07 10:14:34 [INFO] [task_scheduler.cc:131] [Task #0: main] Trial #197: GFLOPs: 10282.5815. Time: 11.2428 us. Best GFLOPs: 10434.9799
2025-10-07 10:14:34 [INFO] [task_scheduler.cc:131] [Task #0: main] Trial #198: GFLOPs: 10697.1634. Time: 10.8071 us. Best GFLOPs: 10697.1634
2025-10-07 10:14:34 [INFO] [task_scheduler.cc:131] [Task #0: main] Trial #199: GFLOPs: 9803.5779. Time: 11.7922 us. Best GFLOPs: 10697.1634
2025-10-07 10:14:34 [INFO] [task_scheduler.cc:131] [Task #0: main] Trial #200: GFLOPs: 9438.5586. Time: 12.2482 us. Best GFLOPs: 10697.1634
2025-10-07 10:14:34 [INFO] [task_scheduler.cc:131] [Task #0: main] Trial #201: GFLOPs: 9122.9588. Time: 12.6719 us. Best GFLOPs: 10697.1634
2025-10-07 10:14:34 [INFO] [task_scheduler.cc:131] [Task #0: main] Trial #202: GFLOPs: 9052.3586. Time: 12.7708 us. Best GFLOPs: 10697.1634
2025-10-07 10:14:34 [INFO] [task_scheduler.cc:131] [Task #0: main] Trial #203: GFLOPs: 9052.0534. Time: 12.7712 us. Best GFLOPs: 10697.1634
2025-10-07 10:14:34 [INFO] [task_scheduler.cc:131] [Task #0: main] Trial #204: GFLOPs: 8953.7811. Time: 12.9114 us. Best GFLOPs: 10697.1634
2025-10-07 10:14:34 [INFO] [task_scheduler.cc:131] [Task #0: main] Trial #205: GFLOPs: 8085.4876. Time: 14.2979 us. Best GFLOPs: 10697.1634
2025-10-07 10:14:34 [INFO] [task_scheduler.cc:131] [Task #0: main] Trial #206: GFLOPs: 8085.1823. Time: 14.2984 us. Best GFLOPs: 10697.1634
2025-10-07 10:14:34 [INFO] [task_scheduler.cc:131] [Task #0: main] Trial #207: GFLOPs: 8450.8574. Time: 13.6797 us. Best GFLOPs: 10697.1634
2025-10-07 10:14:34 [INFO] [task_scheduler.cc:131] [Task #0: main] Trial #208: GFLOPs: 8451.7321. Time: 13.6783 us. Best GFLOPs: 10697.1634
2025-10-07 10:14:34 [INFO] [task_scheduler.cc:131] [Task #0: main] Trial #209: GFLOPs: 9811.6897. Time: 11.7824 us. Best GFLOPs: 10697.1634
2025-10-07 10:14:34 [INFO] [task_scheduler.cc:131] [Task #0: main] Trial #210: GFLOPs: 10702.4674. Time: 10.8018 us. Best GFLOPs: 10702.4674
2025-10-07 10:14:34 [INFO] [task_scheduler.cc:131] [Task #0: main] Trial #211: GFLOPs: 10778.0177. Time: 10.7260 us. Best GFLOPs: 10778.0177
2025-10-07 10:14:34 [INFO] [task_scheduler.cc:131] [Task #0: main] Trial #212: GFLOPs: 10779.5679. Time: 10.7245 us. Best GFLOPs: 10779.5679
2025-10-07 10:14:34 [INFO] [task_scheduler.cc:131] [Task #0: main] Trial #213: GFLOPs: 8022.9306. Time: 14.4094 us. Best GFLOPs: 10779.5679
2025-10-07 10:14:34 [INFO] [task_scheduler.cc:131] [Task #0: main] Trial #214: GFLOPs: 9200.7886. Time: 12.5647 us. Best GFLOPs: 10779.5679
2025-10-07 10:14:34 [INFO] [task_scheduler.cc:131] [Task #0: main] Trial #215: GFLOPs: 9201.3212. Time: 12.5640 us. Best GFLOPs: 10779.5679
2025-10-07 10:14:34 [INFO] [task_scheduler.cc:131] [Task #0: main] Trial #216: GFLOPs: 10636.8865. Time: 10.8684 us. Best GFLOPs: 10779.5679
2025-10-07 10:14:34 [INFO] [task_scheduler.cc:131] [Task #0: main] Trial #217: GFLOPs: 8559.6410. Time: 13.5059 us. Best GFLOPs: 10779.5679
2025-10-07 10:14:34 [INFO] [task_scheduler.cc:131] [Task #0: main] Trial #218: GFLOPs: 1505.5076. Time: 76.7884 us. Best GFLOPs: 10779.5679
2025-10-07 10:14:34 [INFO] [task_scheduler.cc:131] [Task #0: main] Trial #219: GFLOPs: 7683.6823. Time: 15.0456 us. Best GFLOPs: 10779.5679
2025-10-07 10:14:34 [INFO] [task_scheduler.cc:131] [Task #0: main] Trial #220: GFLOPs: 8398.8837. Time: 13.7644 us. Best GFLOPs: 10779.5679
2025-10-07 10:14:34 [INFO] [task_scheduler.cc:131] [Task #0: main] Trial #221: GFLOPs: 8225.1788. Time: 14.0551 us. Best GFLOPs: 10779.5679
2025-10-07 10:14:34 [INFO] [task_scheduler.cc:131] [Task #0: main] Trial #222: GFLOPs: 8234.6280. Time: 14.0389 us. Best GFLOPs: 10779.5679
2025-10-07 10:14:34 [INFO] [task_scheduler.cc:131] [Task #0: main] Trial #223: GFLOPs: 7386.0689. Time: 15.6518 us. Best GFLOPs: 10779.5679
2025-10-07 10:14:34 [INFO] [task_scheduler.cc:131] [Task #0: main] Trial #224: GFLOPs: 7385.6945. Time: 15.6526 us. Best GFLOPs: 10779.5679
2025-10-07 10:14:34 [INFO] [task_scheduler.cc:131] [Task #0: main] Trial #225: GFLOPs: 7516.2310. Time: 15.3808 us. Best GFLOPs: 10779.5679
2025-10-07 10:14:34 [INFO] [task_scheduler.cc:131] [Task #0: main] Trial #226: GFLOPs: 7515.6152. Time: 15.3820 us. Best GFLOPs: 10779.5679
2025-10-07 10:14:34 [INFO] [task_scheduler.cc:131] [Task #0: main] Trial #227: GFLOPs: 1432.5012. Time: 80.7019 us. Best GFLOPs: 10779.5679
2025-10-07 10:14:34 [INFO] [task_scheduler.cc:131] [Task #0: main] Trial #228: GFLOPs: 1432.5021. Time: 80.7018 us. Best GFLOPs: 10779.5679
2025-10-07 10:14:34 [INFO] [task_scheduler.cc:131] [Task #0: main] Trial #229: GFLOPs: 1437.1710. Time: 80.4396 us. Best GFLOPs: 10779.5679
2025-10-07 10:14:34 [INFO] [task_scheduler.cc:131] [Task #0: main] Trial #230: GFLOPs: 7821.7547. Time: 14.7800 us. Best GFLOPs: 10779.5679
2025-10-07 10:14:34 [INFO] [task_scheduler.cc:131] [Task #0: main] Trial #231: GFLOPs: 7803.4896. Time: 14.8146 us. Best GFLOPs: 10779.5679
2025-10-07 10:14:34 [INFO] [task_scheduler.cc:131] [Task #0: main] Trial #232: GFLOPs: 1676.0854. Time: 68.9735 us. Best GFLOPs: 10779.5679
2025-10-07 10:14:34 [INFO] [task_scheduler.cc:131] [Task #0: main] Trial #233: GFLOPs: 1430.6406. Time: 80.8068 us. Best GFLOPs: 10779.5679
2025-10-07 10:14:34 [INFO] [task_scheduler.cc:131] [Task #0: main] Trial #234: GFLOPs: 1437.0319. Time: 80.4474 us. Best GFLOPs: 10779.5679
2025-10-07 10:14:34 [INFO] [task_scheduler.cc:131] [Task #0: main] Trial #235: GFLOPs: 7263.1706. Time: 15.9167 us. Best GFLOPs: 10779.5679
2025-10-07 10:14:34 [INFO] [task_scheduler.cc:131] [Task #0: main] Trial #236: GFLOPs: 6873.0147. Time: 16.8202 us. Best GFLOPs: 10779.5679
2025-10-07 10:14:34 [INFO] [task_scheduler.cc:131] [Task #0: main] Trial #237: GFLOPs: 6280.2586. Time: 18.4078 us. Best GFLOPs: 10779.5679
2025-10-07 10:14:34 [INFO] [task_scheduler.cc:131] [Task #0: main] Trial #238: GFLOPs: 6690.2465. Time: 17.2797 us. Best GFLOPs: 10779.5679
2025-10-07 10:14:34 [INFO] [task_scheduler.cc:131] [Task #0: main] Trial #239: GFLOPs: 5741.0436. Time: 20.1367 us. Best GFLOPs: 10779.5679
2025-10-07 10:14:34 [INFO] [task_scheduler.cc:131] [Task #0: main] Trial #240: GFLOPs: 6285.0788. Time: 18.3936 us. Best GFLOPs: 10779.5679
2025-10-07 10:14:34 [INFO] [task_scheduler.cc:131] [Task #0: main] Trial #241: GFLOPs: 6315.2293. Time: 18.3058 us. Best GFLOPs: 10779.5679
2025-10-07 10:14:34 [INFO] [task_scheduler.cc:131] [Task #0: main] Trial #242: GFLOPs: 6321.2106. Time: 18.2885 us. Best GFLOPs: 10779.5679
2025-10-07 10:14:34 [INFO] [task_scheduler.cc:131] [Task #0: main] Trial #243: GFLOPs: 4928.0953. Time: 23.4585 us. Best GFLOPs: 10779.5679
2025-10-07 10:14:34 [INFO] [task_scheduler.cc:131] [Task #0: main] Trial #244: GFLOPs: 10067.3317. Time: 11.4832 us. Best GFLOPs: 10779.5679
2025-10-07 10:14:34 [INFO] [task_scheduler.cc:131] [Task #0: main] Trial #245: GFLOPs: 5588.0733. Time: 20.6879 us. Best GFLOPs: 10779.5679
2025-10-07 10:14:34 [INFO] [task_scheduler.cc:131] [Task #0: main] Trial #246: GFLOPs: 5561.8164. Time: 20.7856 us. Best GFLOPs: 10779.5679
2025-10-07 10:14:34 [INFO] [task_scheduler.cc:131] [Task #0: main] Trial #247: GFLOPs: 4542.3975. Time: 25.4503 us. Best GFLOPs: 10779.5679
2025-10-07 10:14:34 [INFO] [task_scheduler.cc:131] [Task #0: main] Trial #248: GFLOPs: 4542.4685. Time: 25.4499 us. Best GFLOPs: 10779.5679
2025-10-07 10:14:34 [INFO] [task_scheduler.cc:131] [Task #0: main] Trial #249: GFLOPs: 4546.4909. Time: 25.4274 us. Best GFLOPs: 10779.5679
2025-10-07 10:14:34 [INFO] [task_scheduler.cc:131] [Task #0: main] Trial #250: GFLOPs: 1096.8342. Time: 105.3993 us. Best GFLOPs: 10779.5679
2025-10-07 10:14:34 [INFO] [task_scheduler.cc:131] [Task #0: main] Trial #251: GFLOPs: 8871.8998. Time: 13.0305 us. Best GFLOPs: 10779.5679
2025-10-07 10:14:34 [INFO] [task_scheduler.cc:131] [Task #0: main] Trial #252: GFLOPs: 8509.4496. Time: 13.5855 us. Best GFLOPs: 10779.5679
2025-10-07 10:14:34 [INFO] [task_scheduler.cc:131] [Task #0: main] Trial #253: GFLOPs: 5428.5219. Time: 21.2959 us. Best GFLOPs: 10779.5679
2025-10-07 10:14:34 [INFO] [task_scheduler.cc:131] [Task #0: main] Trial #254: GFLOPs: 806.4274. Time: 143.3551 us. Best GFLOPs: 10779.5679
2025-10-07 10:14:34 [INFO] [task_scheduler.cc:131] [Task #0: main] Trial #255: GFLOPs: 1131.0614. Time: 102.2098 us. Best GFLOPs: 10779.5679
2025-10-07 10:14:34 [INFO] [task_scheduler.cc:131] [Task #0: main] Trial #256: GFLOPs: 3126.1087. Time: 36.9806 us. Best GFLOPs: 10779.5679
2025-10-07 10:14:34 [INFO] [evolutionary_search.cc:713] Generating candidates......
2025-10-07 10:14:36 [INFO] [evolutionary_search.cc:715] Picked top 102 candidate(s) from database
2025-10-07 10:14:43 [INFO] [evolutionary_search.cc:533] Sample-Init-Population summary:
Postproc #0 [meta_schedule.DisallowDynamicLoop(0x10a35418)]: 0 failure(s)
Postproc #1 [meta_schedule.RewriteCooperativeFetch(0x119ea348)]: 0 failure(s)
Postproc #2 [meta_schedule.RewriteUnboundBlock(0x10b3f098)]: 0 failure(s)
Postproc #3 [meta_schedule.RewriteParallelVectorizeUnroll(0x10653038)]: 0 failure(s)
Postproc #4 [meta_schedule.RewriteReductionBlock(0x10966348)]: 0 failure(s)
Postproc #5 [meta_schedule.VerifyGPUCode(0x11e7fbb8)]: 310 failure(s)
Postproc #6 [meta_schedule.RewriteTensorize(0x1096e578)]: 0 failure(s)
2025-10-07 10:14:43 [INFO] [evolutionary_search.cc:723] Sampled 100 candidate(s)
2025-10-07 10:14:55 [INFO] [evolutionary_search.cc:621] Evolve iter #0 done. Summary:
Postproc #0 [meta_schedule.DisallowDynamicLoop(0x10a35418)]: 0 failure(s)
Postproc #1 [meta_schedule.RewriteCooperativeFetch(0x119ea348)]: 0 failure(s)
Postproc #2 [meta_schedule.RewriteUnboundBlock(0x10b3f098)]: 0 failure(s)
Postproc #3 [meta_schedule.RewriteParallelVectorizeUnroll(0x10653038)]: 0 failure(s)
Postproc #4 [meta_schedule.RewriteReductionBlock(0x10966348)]: 0 failure(s)
Postproc #5 [meta_schedule.VerifyGPUCode(0x11e7fbb8)]: 121 failure(s)
Postproc #6 [meta_schedule.RewriteTensorize(0x1096e578)]: 0 failure(s)
2025-10-07 10:15:10 [INFO] [evolutionary_search.cc:621] Evolve iter #1 done. Summary:
Postproc #0 [meta_schedule.DisallowDynamicLoop(0x10a35418)]: 0 failure(s)
Postproc #1 [meta_schedule.RewriteCooperativeFetch(0x119ea348)]: 0 failure(s)
Postproc #2 [meta_schedule.RewriteUnboundBlock(0x10b3f098)]: 0 failure(s)
Postproc #3 [meta_schedule.RewriteParallelVectorizeUnroll(0x10653038)]: 0 failure(s)
Postproc #4 [meta_schedule.RewriteReductionBlock(0x10966348)]: 0 failure(s)
Postproc #5 [meta_schedule.VerifyGPUCode(0x11e7fbb8)]: 124 failure(s)
Postproc #6 [meta_schedule.RewriteTensorize(0x1096e578)]: 0 failure(s)
2025-10-07 10:15:25 [INFO] [evolutionary_search.cc:621] Evolve iter #2 done. Summary:
Postproc #0 [meta_schedule.DisallowDynamicLoop(0x10a35418)]: 0 failure(s)
Postproc #1 [meta_schedule.RewriteCooperativeFetch(0x119ea348)]: 0 failure(s)
Postproc #2 [meta_schedule.RewriteUnboundBlock(0x10b3f098)]: 0 failure(s)
Postproc #3 [meta_schedule.RewriteParallelVectorizeUnroll(0x10653038)]: 0 failure(s)
Postproc #4 [meta_schedule.RewriteReductionBlock(0x10966348)]: 0 failure(s)
Postproc #5 [meta_schedule.VerifyGPUCode(0x11e7fbb8)]: 123 failure(s)
Postproc #6 [meta_schedule.RewriteTensorize(0x1096e578)]: 0 failure(s)
2025-10-07 10:15:40 [INFO] [evolutionary_search.cc:621] Evolve iter #3 done. Summary:
Postproc #0 [meta_schedule.DisallowDynamicLoop(0x10a35418)]: 0 failure(s)
Postproc #1 [meta_schedule.RewriteCooperativeFetch(0x119ea348)]: 0 failure(s)
Postproc #2 [meta_schedule.RewriteUnboundBlock(0x10b3f098)]: 0 failure(s)
Postproc #3 [meta_schedule.RewriteParallelVectorizeUnroll(0x10653038)]: 0 failure(s)
Postproc #4 [meta_schedule.RewriteReductionBlock(0x10966348)]: 0 failure(s)
Postproc #5 [meta_schedule.VerifyGPUCode(0x11e7fbb8)]: 141 failure(s)
Postproc #6 [meta_schedule.RewriteTensorize(0x1096e578)]: 0 failure(s)
2025-10-07 10:15:44 [INFO] [evolutionary_search.cc:649] Scores of the best 64 candidates:
[1 : 16]:	1.0193  1.0086  0.9899  0.9736  0.9536  0.9450  0.9313  0.9251  0.9053  0.8886  0.8787  0.8734  0.8537  0.8522  0.8497  0.8497
[17 : 32]:	0.8483  0.8385  0.8376  0.8376  0.8337  0.8337  0.8249  0.8203  0.8142  0.8011  0.7969  0.7944  0.7853  0.7837  0.7798  0.7798
[33 : 48]:	0.7749  0.7715  0.7620  0.7620  0.7535  0.7535  0.7490  0.7453  0.7375  0.7365  0.7292  0.7159  0.7155  0.7072  0.7034  0.7033
[49 : 64]:	0.6926  0.6926  0.6886  0.6885  0.6872  0.6870  0.6870  0.6857  0.6803  0.6789  0.6768  0.6768  0.6768  0.6768  0.6767  0.6765
2025-10-07 10:15:45 [INFO] [evolutionary_search.cc:727] Got 64 candidate(s) with evolutionary search
2025-10-07 10:15:45 [INFO] [evolutionary_search.cc:730] Sending 64 candidates(s) for measurement
2025-10-07 10:16:30 [INFO] [task_scheduler.cc:131] [Task #0: main] Trial #257: GFLOPs: 10080.6702. Time: 11.4680 us. Best GFLOPs: 10779.5679
2025-10-07 10:16:30 [INFO] [task_scheduler.cc:131] [Task #0: main] Trial #258: GFLOPs: 10839.7022. Time: 10.6650 us. Best GFLOPs: 10839.7022
2025-10-07 10:16:30 [INFO] [task_scheduler.cc:131] [Task #0: main] Trial #259: GFLOPs: 10685.6387. Time: 10.8188 us. Best GFLOPs: 10839.7022
2025-10-07 10:16:30 [INFO] [task_scheduler.cc:131] [Task #0: main] Trial #260: GFLOPs: 10744.2954. Time: 10.7597 us. Best GFLOPs: 10839.7022
2025-10-07 10:16:30 [INFO] [task_scheduler.cc:131] [Task #0: main] Trial #261: GFLOPs: 10655.7707. Time: 10.8491 us. Best GFLOPs: 10839.7022
2025-10-07 10:16:30 [INFO] [task_scheduler.cc:131] [Task #0: main] Trial #262: GFLOPs: 10424.9667. Time: 11.0893 us. Best GFLOPs: 10839.7022
2025-10-07 10:16:30 [INFO] [task_scheduler.cc:131] [Task #0: main] Trial #263: GFLOPs: 10338.8460. Time: 11.1817 us. Best GFLOPs: 10839.7022
2025-10-07 10:16:30 [INFO] [task_scheduler.cc:131] [Task #0: main] Trial #264: GFLOPs: 10088.0949. Time: 11.4596 us. Best GFLOPs: 10839.7022
2025-10-07 10:16:30 [INFO] [task_scheduler.cc:131] [Task #0: main] Trial #265: GFLOPs: 9997.6036. Time: 11.5633 us. Best GFLOPs: 10839.7022
2025-10-07 10:16:30 [INFO] [task_scheduler.cc:131] [Task #0: main] Trial #266: GFLOPs: 5680.3019. Time: 20.3520 us. Best GFLOPs: 10839.7022
2025-10-07 10:16:30 [INFO] [task_scheduler.cc:131] [Task #0: main] Trial #267: GFLOPs: 9848.7321. Time: 11.7381 us. Best GFLOPs: 10839.7022
2025-10-07 10:16:30 [INFO] [task_scheduler.cc:131] [Task #0: main] Trial #268: GFLOPs: 10444.1091. Time: 11.0690 us. Best GFLOPs: 10839.7022
2025-10-07 10:16:30 [INFO] [task_scheduler.cc:131] [Task #0: main] Trial #269: GFLOPs: 5359.4553. Time: 21.5704 us. Best GFLOPs: 10839.7022
2025-10-07 10:16:30 [INFO] [task_scheduler.cc:131] [Task #0: main] Trial #270: GFLOPs: 9070.4341. Time: 12.7453 us. Best GFLOPs: 10839.7022
2025-10-07 10:16:30 [INFO] [task_scheduler.cc:131] [Task #0: main] Trial #271: GFLOPs: 8882.6959. Time: 13.0147 us. Best GFLOPs: 10839.7022
2025-10-07 10:16:30 [INFO] [task_scheduler.cc:131] [Task #0: main] Trial #272: GFLOPs: 8882.8750. Time: 13.0144 us. Best GFLOPs: 10839.7022
2025-10-07 10:16:30 [INFO] [task_scheduler.cc:131] [Task #0: main] Trial #273: GFLOPs: 8975.6956. Time: 12.8798 us. Best GFLOPs: 10839.7022
2025-10-07 10:16:30 [INFO] [task_scheduler.cc:131] [Task #0: main] Trial #274: GFLOPs: 9156.9623. Time: 12.6249 us. Best GFLOPs: 10839.7022
2025-10-07 10:16:30 [INFO] [task_scheduler.cc:131] [Task #0: main] Trial #275: GFLOPs: 9850.2609. Time: 11.7363 us. Best GFLOPs: 10839.7022
2025-10-07 10:16:30 [INFO] [task_scheduler.cc:131] [Task #0: main] Trial #276: GFLOPs: 9850.3209. Time: 11.7362 us. Best GFLOPs: 10839.7022
2025-10-07 10:16:30 [INFO] [task_scheduler.cc:131] [Task #0: main] Trial #277: GFLOPs: 5350.8461. Time: 21.6051 us. Best GFLOPs: 10839.7022
2025-10-07 10:16:30 [INFO] [task_scheduler.cc:131] [Task #0: main] Trial #278: GFLOPs: 5335.9228. Time: 21.6655 us. Best GFLOPs: 10839.7022
2025-10-07 10:16:30 [INFO] [task_scheduler.cc:131] [Task #0: main] Trial #279: GFLOPs: 8879.2688. Time: 13.0197 us. Best GFLOPs: 10839.7022
2025-10-07 10:16:30 [INFO] [task_scheduler.cc:131] [Task #0: main] Trial #280: GFLOPs: 8540.4070. Time: 13.5363 us. Best GFLOPs: 10839.7022
2025-10-07 10:16:30 [INFO] [task_scheduler.cc:131] [Task #0: main] Trial #281: GFLOPs: 9150.9490. Time: 12.6332 us. Best GFLOPs: 10839.7022
2025-10-07 10:16:30 [INFO] [task_scheduler.cc:131] [Task #0: main] Trial #282: GFLOPs: 10333.5673. Time: 11.1874 us. Best GFLOPs: 10839.7022
2025-10-07 10:16:30 [INFO] [task_scheduler.cc:131] [Task #0: main] Trial #283: GFLOPs: 8878.8059. Time: 13.0204 us. Best GFLOPs: 10839.7022
2025-10-07 10:16:30 [INFO] [task_scheduler.cc:131] [Task #0: main] Trial #284: GFLOPs: 8982.2412. Time: 12.8705 us. Best GFLOPs: 10839.7022
2025-10-07 10:16:30 [INFO] [task_scheduler.cc:131] [Task #0: main] Trial #285: GFLOPs: 10562.3450. Time: 10.9451 us. Best GFLOPs: 10839.7022
2025-10-07 10:16:30 [INFO] [task_scheduler.cc:131] [Task #0: main] Trial #286: GFLOPs: 8472.1402. Time: 13.6454 us. Best GFLOPs: 10839.7022
2025-10-07 10:16:30 [INFO] [task_scheduler.cc:131] [Task #0: main] Trial #287: GFLOPs: 8035.1690. Time: 14.3874 us. Best GFLOPs: 10839.7022
2025-10-07 10:16:30 [INFO] [task_scheduler.cc:131] [Task #0: main] Trial #288: GFLOPs: 8034.6213. Time: 14.3884 us. Best GFLOPs: 10839.7022
2025-10-07 10:16:30 [INFO] [task_scheduler.cc:131] [Task #0: main] Trial #289: GFLOPs: 8578.8435. Time: 13.4757 us. Best GFLOPs: 10839.7022
2025-10-07 10:16:30 [INFO] [task_scheduler.cc:131] [Task #0: main] Trial #290: GFLOPs: 8419.9529. Time: 13.7299 us. Best GFLOPs: 10839.7022
2025-10-07 10:16:30 [INFO] [task_scheduler.cc:131] [Task #0: main] Trial #291: GFLOPs: 8881.2682. Time: 13.0168 us. Best GFLOPs: 10839.7022
2025-10-07 10:16:30 [INFO] [task_scheduler.cc:131] [Task #0: main] Trial #292: GFLOPs: 8881.8152. Time: 13.0160 us. Best GFLOPs: 10839.7022
2025-10-07 10:16:30 [INFO] [task_scheduler.cc:131] [Task #0: main] Trial #293: GFLOPs: 8418.2478. Time: 13.7327 us. Best GFLOPs: 10839.7022
2025-10-07 10:16:30 [INFO] [task_scheduler.cc:131] [Task #0: main] Trial #294: GFLOPs: 8419.3599. Time: 13.7309 us. Best GFLOPs: 10839.7022
2025-10-07 10:16:30 [INFO] [task_scheduler.cc:131] [Task #0: main] Trial #295: GFLOPs: 7824.4009. Time: 14.7750 us. Best GFLOPs: 10839.7022
2025-10-07 10:16:30 [INFO] [task_scheduler.cc:131] [Task #0: main] Trial #296: GFLOPs: 1398.1167. Time: 82.6866 us. Best GFLOPs: 10839.7022
2025-10-07 10:16:30 [INFO] [task_scheduler.cc:131] [Task #0: main] Trial #297: GFLOPs: 1355.1426. Time: 85.3087 us. Best GFLOPs: 10839.7022
2025-10-07 10:16:30 [INFO] [task_scheduler.cc:131] [Task #0: main] Trial #298: GFLOPs: 7692.1177. Time: 15.0291 us. Best GFLOPs: 10839.7022
2025-10-07 10:16:30 [INFO] [task_scheduler.cc:131] [Task #0: main] Trial #299: GFLOPs: 6661.8012. Time: 17.3535 us. Best GFLOPs: 10839.7022
2025-10-07 10:16:30 [INFO] [task_scheduler.cc:131] [Task #0: main] Trial #300: GFLOPs: 10558.4730. Time: 10.9491 us. Best GFLOPs: 10839.7022
2025-10-07 10:16:30 [INFO] [task_scheduler.cc:131] [Task #0: main] Trial #301: GFLOPs: 9060.2135. Time: 12.7597 us. Best GFLOPs: 10839.7022
2025-10-07 10:16:30 [INFO] [task_scheduler.cc:131] [Task #0: main] Trial #302: GFLOPs: 1364.0550. Time: 84.7514 us. Best GFLOPs: 10839.7022
2025-10-07 10:16:30 [INFO] [task_scheduler.cc:131] [Task #0: main] Trial #303: GFLOPs: 8093.8554. Time: 14.2831 us. Best GFLOPs: 10839.7022
2025-10-07 10:16:30 [INFO] [task_scheduler.cc:131] [Task #0: main] Trial #304: GFLOPs: 9083.7886. Time: 12.7266 us. Best GFLOPs: 10839.7022
2025-10-07 10:16:30 [INFO] [task_scheduler.cc:131] [Task #0: main] Trial #305: GFLOPs: 1118.1980. Time: 103.3855 us. Best GFLOPs: 10839.7022
2025-10-07 10:16:30 [INFO] [task_scheduler.cc:131] [Task #0: main] Trial #306: GFLOPs: 1116.9761. Time: 103.4986 us. Best GFLOPs: 10839.7022
2025-10-07 10:16:30 [INFO] [task_scheduler.cc:131] [Task #0: main] Trial #307: GFLOPs: 1120.1697. Time: 103.2036 us. Best GFLOPs: 10839.7022
2025-10-07 10:16:30 [INFO] [task_scheduler.cc:131] [Task #0: main] Trial #308: GFLOPs: 10462.1389. Time: 11.0499 us. Best GFLOPs: 10839.7022
2025-10-07 10:16:30 [INFO] [task_scheduler.cc:131] [Task #0: main] Trial #309: GFLOPs: 3561.9589. Time: 32.4556 us. Best GFLOPs: 10839.7022
2025-10-07 10:16:30 [INFO] [task_scheduler.cc:131] [Task #0: main] Trial #310: GFLOPs: 7524.7631. Time: 15.3633 us. Best GFLOPs: 10839.7022
2025-10-07 10:16:30 [INFO] [task_scheduler.cc:131] [Task #0: main] Trial #311: GFLOPs: 7524.7337. Time: 15.3634 us. Best GFLOPs: 10839.7022
2025-10-07 10:16:30 [INFO] [task_scheduler.cc:131] [Task #0: main] Trial #312: GFLOPs: 10572.6258. Time: 10.9344 us. Best GFLOPs: 10839.7022
2025-10-07 10:16:30 [INFO] [task_scheduler.cc:131] [Task #0: main] Trial #313: GFLOPs: 8753.3624. Time: 13.2070 us. Best GFLOPs: 10839.7022
2025-10-07 10:16:30 [INFO] [task_scheduler.cc:131] [Task #0: main] Trial #314: GFLOPs: 1120.6359. Time: 103.1606 us. Best GFLOPs: 10839.7022
2025-10-07 10:16:30 [INFO] [task_scheduler.cc:131] [Task #0: main] Trial #315: GFLOPs: 1138.9037. Time: 101.5060 us. Best GFLOPs: 10839.7022
2025-10-07 10:16:30 [INFO] [task_scheduler.cc:131] [Task #0: main] Trial #316: GFLOPs: 1152.9628. Time: 100.2682 us. Best GFLOPs: 10839.7022
2025-10-07 10:16:30 [INFO] [task_scheduler.cc:131] [Task #0: main] Trial #317: GFLOPs: 1138.9322. Time: 101.5034 us. Best GFLOPs: 10839.7022
2025-10-07 10:16:30 [INFO] [task_scheduler.cc:131] [Task #0: main] Trial #318: GFLOPs: 961.4114. Time: 120.2456 us. Best GFLOPs: 10839.7022
2025-10-07 10:16:30 [INFO] [task_scheduler.cc:131] [Task #0: main] Trial #319: GFLOPs: 1172.9729. Time: 98.5577 us. Best GFLOPs: 10839.7022
2025-10-07 10:16:30 [INFO] [task_scheduler.cc:131] [Task #0: main] Trial #320: GFLOPs: 1039.3498. Time: 111.2287 us. Best GFLOPs: 10839.7022
2025-10-07 10:16:30 [INFO] [evolutionary_search.cc:713] Generating candidates......
2025-10-07 10:16:32 [INFO] [evolutionary_search.cc:715] Picked top 102 candidate(s) from database
2025-10-07 10:16:39 [INFO] [evolutionary_search.cc:533] Sample-Init-Population summary:
Postproc #0 [meta_schedule.DisallowDynamicLoop(0x10a35418)]: 0 failure(s)
Postproc #1 [meta_schedule.RewriteCooperativeFetch(0x119ea348)]: 0 failure(s)
Postproc #2 [meta_schedule.RewriteUnboundBlock(0x10b3f098)]: 0 failure(s)
Postproc #3 [meta_schedule.RewriteParallelVectorizeUnroll(0x10653038)]: 0 failure(s)
Postproc #4 [meta_schedule.RewriteReductionBlock(0x10966348)]: 0 failure(s)
Postproc #5 [meta_schedule.VerifyGPUCode(0x11e7fbb8)]: 305 failure(s)
Postproc #6 [meta_schedule.RewriteTensorize(0x1096e578)]: 0 failure(s)
2025-10-07 10:16:39 [INFO] [evolutionary_search.cc:723] Sampled 105 candidate(s)
2025-10-07 10:16:51 [INFO] [evolutionary_search.cc:621] Evolve iter #0 done. Summary:
Postproc #0 [meta_schedule.DisallowDynamicLoop(0x10a35418)]: 0 failure(s)
Postproc #1 [meta_schedule.RewriteCooperativeFetch(0x119ea348)]: 0 failure(s)
Postproc #2 [meta_schedule.RewriteUnboundBlock(0x10b3f098)]: 0 failure(s)
Postproc #3 [meta_schedule.RewriteParallelVectorizeUnroll(0x10653038)]: 0 failure(s)
Postproc #4 [meta_schedule.RewriteReductionBlock(0x10966348)]: 0 failure(s)
Postproc #5 [meta_schedule.VerifyGPUCode(0x11e7fbb8)]: 137 failure(s)
Postproc #6 [meta_schedule.RewriteTensorize(0x1096e578)]: 0 failure(s)
2025-10-07 10:17:06 [INFO] [evolutionary_search.cc:621] Evolve iter #1 done. Summary:
Postproc #0 [meta_schedule.DisallowDynamicLoop(0x10a35418)]: 0 failure(s)
Postproc #1 [meta_schedule.RewriteCooperativeFetch(0x119ea348)]: 0 failure(s)
Postproc #2 [meta_schedule.RewriteUnboundBlock(0x10b3f098)]: 0 failure(s)
Postproc #3 [meta_schedule.RewriteParallelVectorizeUnroll(0x10653038)]: 0 failure(s)
Postproc #4 [meta_schedule.RewriteReductionBlock(0x10966348)]: 0 failure(s)
Postproc #5 [meta_schedule.VerifyGPUCode(0x11e7fbb8)]: 131 failure(s)
Postproc #6 [meta_schedule.RewriteTensorize(0x1096e578)]: 0 failure(s)
2025-10-07 10:17:21 [INFO] [evolutionary_search.cc:621] Evolve iter #2 done. Summary:
Postproc #0 [meta_schedule.DisallowDynamicLoop(0x10a35418)]: 0 failure(s)
Postproc #1 [meta_schedule.RewriteCooperativeFetch(0x119ea348)]: 0 failure(s)
Postproc #2 [meta_schedule.RewriteUnboundBlock(0x10b3f098)]: 0 failure(s)
Postproc #3 [meta_schedule.RewriteParallelVectorizeUnroll(0x10653038)]: 0 failure(s)
Postproc #4 [meta_schedule.RewriteReductionBlock(0x10966348)]: 0 failure(s)
Postproc #5 [meta_schedule.VerifyGPUCode(0x11e7fbb8)]: 153 failure(s)
Postproc #6 [meta_schedule.RewriteTensorize(0x1096e578)]: 0 failure(s)
2025-10-07 10:17:35 [INFO] [evolutionary_search.cc:621] Evolve iter #3 done. Summary:
Postproc #0 [meta_schedule.DisallowDynamicLoop(0x10a35418)]: 0 failure(s)
Postproc #1 [meta_schedule.RewriteCooperativeFetch(0x119ea348)]: 0 failure(s)
Postproc #2 [meta_schedule.RewriteUnboundBlock(0x10b3f098)]: 0 failure(s)
Postproc #3 [meta_schedule.RewriteParallelVectorizeUnroll(0x10653038)]: 0 failure(s)
Postproc #4 [meta_schedule.RewriteReductionBlock(0x10966348)]: 0 failure(s)
Postproc #5 [meta_schedule.VerifyGPUCode(0x11e7fbb8)]: 106 failure(s)
Postproc #6 [meta_schedule.RewriteTensorize(0x1096e578)]: 0 failure(s)
2025-10-07 10:17:39 [INFO] [evolutionary_search.cc:649] Scores of the best 64 candidates:
[1 : 16]:	0.9909  0.9850  0.9760  0.9718  0.9718  0.9711  0.9684  0.9681  0.9681  0.9671  0.9647  0.9530  0.9484  0.9484  0.9450  0.9431
[17 : 32]:	0.9414  0.9414  0.9354  0.9354  0.9338  0.9338  0.9243  0.9228  0.9205  0.9201  0.9187  0.9154  0.9067  0.9001  0.8906  0.8882
[33 : 48]:	0.8882  0.8786  0.8639  0.8607  0.8600  0.8513  0.8513  0.8513  0.8506  0.8479  0.8479  0.8459  0.8429  0.8406  0.8373  0.8366
[49 : 64]:	0.8366  0.8337  0.8336  0.8316  0.8244  0.8227  0.8203  0.8172  0.8170  0.8049  0.8002  0.7935  0.7895  0.7816  0.7774  0.7774
2025-10-07 10:17:40 [INFO] [evolutionary_search.cc:727] Got 64 candidate(s) with evolutionary search
2025-10-07 10:17:40 [INFO] [evolutionary_search.cc:730] Sending 64 candidates(s) for measurement
2025-10-07 10:18:09 [INFO] [task_scheduler.cc:131] [Task #0: main] Trial #321: GFLOPs: 10018.4016. Time: 11.5393 us. Best GFLOPs: 10839.7022
2025-10-07 10:18:09 [INFO] [task_scheduler.cc:131] [Task #0: main] Trial #322: GFLOPs: 10596.9037. Time: 10.9094 us. Best GFLOPs: 10839.7022
2025-10-07 10:18:09 [INFO] [task_scheduler.cc:131] [Task #0: main] Trial #323: GFLOPs: 10583.5271. Time: 10.9232 us. Best GFLOPs: 10839.7022
2025-10-07 10:18:09 [INFO] [task_scheduler.cc:131] [Task #0: main] Trial #324: GFLOPs: 10690.1666. Time: 10.8142 us. Best GFLOPs: 10839.7022
2025-10-07 10:18:09 [INFO] [task_scheduler.cc:131] [Task #0: main] Trial #325: GFLOPs: 10690.6149. Time: 10.8137 us. Best GFLOPs: 10839.7022
2025-10-07 10:18:09 [INFO] [task_scheduler.cc:131] [Task #0: main] Trial #326: GFLOPs: 10585.1258. Time: 10.9215 us. Best GFLOPs: 10839.7022
2025-10-07 10:18:09 [INFO] [task_scheduler.cc:131] [Task #0: main] Trial #327: GFLOPs: 10586.7095. Time: 10.9199 us. Best GFLOPs: 10839.7022
2025-10-07 10:18:09 [INFO] [task_scheduler.cc:131] [Task #0: main] Trial #328: GFLOPs: 10440.4906. Time: 11.0728 us. Best GFLOPs: 10839.7022
2025-10-07 10:18:09 [INFO] [task_scheduler.cc:131] [Task #0: main] Trial #329: GFLOPs: 10442.3471. Time: 11.0708 us. Best GFLOPs: 10839.7022
2025-10-07 10:18:09 [INFO] [task_scheduler.cc:131] [Task #0: main] Trial #330: GFLOPs: 10796.4103. Time: 10.7078 us. Best GFLOPs: 10839.7022
2025-10-07 10:18:09 [INFO] [task_scheduler.cc:131] [Task #0: main] Trial #331: GFLOPs: 10744.7533. Time: 10.7593 us. Best GFLOPs: 10839.7022
2025-10-07 10:18:09 [INFO] [task_scheduler.cc:131] [Task #0: main] Trial #332: GFLOPs: 10460.8138. Time: 11.0513 us. Best GFLOPs: 10839.7022
2025-10-07 10:18:09 [INFO] [task_scheduler.cc:131] [Task #0: main] Trial #333: GFLOPs: 10460.3394. Time: 11.0518 us. Best GFLOPs: 10839.7022
2025-10-07 10:18:09 [INFO] [task_scheduler.cc:131] [Task #0: main] Trial #334: GFLOPs: 10459.6957. Time: 11.0525 us. Best GFLOPs: 10839.7022
2025-10-07 10:18:09 [INFO] [task_scheduler.cc:131] [Task #0: main] Trial #335: GFLOPs: 10685.2347. Time: 10.8192 us. Best GFLOPs: 10839.7022
2025-10-07 10:18:09 [INFO] [task_scheduler.cc:131] [Task #0: main] Trial #336: GFLOPs: 10821.2870. Time: 10.6832 us. Best GFLOPs: 10839.7022
2025-10-07 10:18:09 [INFO] [task_scheduler.cc:131] [Task #0: main] Trial #337: GFLOPs: 10559.9170. Time: 10.9476 us. Best GFLOPs: 10839.7022
2025-10-07 10:18:09 [INFO] [task_scheduler.cc:131] [Task #0: main] Trial #338: GFLOPs: 10561.0639. Time: 10.9464 us. Best GFLOPs: 10839.7022
2025-10-07 10:18:09 [INFO] [task_scheduler.cc:131] [Task #0: main] Trial #339: GFLOPs: 10329.3405. Time: 11.1920 us. Best GFLOPs: 10839.7022
2025-10-07 10:18:09 [INFO] [task_scheduler.cc:131] [Task #0: main] Trial #340: GFLOPs: 10329.1978. Time: 11.1921 us. Best GFLOPs: 10839.7022
2025-10-07 10:18:09 [INFO] [task_scheduler.cc:131] [Task #0: main] Trial #341: GFLOPs: 10412.4070. Time: 11.1027 us. Best GFLOPs: 10839.7022
2025-10-07 10:18:09 [INFO] [task_scheduler.cc:131] [Task #0: main] Trial #342: GFLOPs: 10412.3788. Time: 11.1027 us. Best GFLOPs: 10839.7022
2025-10-07 10:18:09 [INFO] [task_scheduler.cc:131] [Task #0: main] Trial #343: GFLOPs: 10717.8807. Time: 10.7862 us. Best GFLOPs: 10839.7022
2025-10-07 10:18:09 [INFO] [task_scheduler.cc:131] [Task #0: main] Trial #344: GFLOPs: 9998.6250. Time: 11.5621 us. Best GFLOPs: 10839.7022
2025-10-07 10:18:09 [INFO] [task_scheduler.cc:131] [Task #0: main] Trial #345: GFLOPs: 10084.0381. Time: 11.4642 us. Best GFLOPs: 10839.7022
2025-10-07 10:18:09 [INFO] [task_scheduler.cc:131] [Task #0: main] Trial #346: GFLOPs: 10283.7737. Time: 11.2415 us. Best GFLOPs: 10839.7022
2025-10-07 10:18:09 [INFO] [task_scheduler.cc:131] [Task #0: main] Trial #347: GFLOPs: 8917.6897. Time: 12.9636 us. Best GFLOPs: 10839.7022
2025-10-07 10:18:09 [INFO] [task_scheduler.cc:131] [Task #0: main] Trial #348: GFLOPs: 10653.0276. Time: 10.8519 us. Best GFLOPs: 10839.7022
2025-10-07 10:18:09 [INFO] [task_scheduler.cc:131] [Task #0: main] Trial #349: GFLOPs: 10821.1236. Time: 10.6833 us. Best GFLOPs: 10839.7022
2025-10-07 10:18:09 [INFO] [task_scheduler.cc:131] [Task #0: main] Trial #350: GFLOPs: 10648.3292. Time: 10.8567 us. Best GFLOPs: 10839.7022
2025-10-07 10:18:09 [INFO] [task_scheduler.cc:131] [Task #0: main] Trial #351: GFLOPs: 7888.1360. Time: 14.6556 us. Best GFLOPs: 10839.7022
2025-10-07 10:18:09 [INFO] [task_scheduler.cc:131] [Task #0: main] Trial #352: GFLOPs: 9076.7952. Time: 12.7364 us. Best GFLOPs: 10839.7022
2025-10-07 10:18:09 [INFO] [task_scheduler.cc:131] [Task #0: main] Trial #353: GFLOPs: 9077.0310. Time: 12.7360 us. Best GFLOPs: 10839.7022
2025-10-07 10:18:09 [INFO] [task_scheduler.cc:131] [Task #0: main] Trial #354: GFLOPs: 10622.1148. Time: 10.8835 us. Best GFLOPs: 10839.7022
2025-10-07 10:18:09 [INFO] [task_scheduler.cc:131] [Task #0: main] Trial #355: GFLOPs: 9910.6915. Time: 11.6647 us. Best GFLOPs: 10839.7022
2025-10-07 10:18:09 [INFO] [task_scheduler.cc:131] [Task #0: main] Trial #356: GFLOPs: 11366.9301. Time: 10.1703 us. Best GFLOPs: 11366.9301
2025-10-07 10:18:09 [INFO] [task_scheduler.cc:131] [Task #0: main] Trial #357: GFLOPs: 10321.7109. Time: 11.2002 us. Best GFLOPs: 11366.9301
2025-10-07 10:18:09 [INFO] [task_scheduler.cc:131] [Task #0: main] Trial #358: GFLOPs: 7540.6660. Time: 15.3309 us. Best GFLOPs: 11366.9301
2025-10-07 10:18:09 [INFO] [task_scheduler.cc:131] [Task #0: main] Trial #359: GFLOPs: 8519.9281. Time: 13.5688 us. Best GFLOPs: 11366.9301
2025-10-07 10:18:09 [INFO] [task_scheduler.cc:131] [Task #0: main] Trial #360: GFLOPs: 8490.5956. Time: 13.6157 us. Best GFLOPs: 11366.9301
2025-10-07 10:18:09 [INFO] [task_scheduler.cc:131] [Task #0: main] Trial #361: GFLOPs: 10327.5370. Time: 11.1939 us. Best GFLOPs: 11366.9301
2025-10-07 10:18:09 [INFO] [task_scheduler.cc:131] [Task #0: main] Trial #362: GFLOPs: 9346.1642. Time: 12.3693 us. Best GFLOPs: 11366.9301
2025-10-07 10:18:09 [INFO] [task_scheduler.cc:131] [Task #0: main] Trial #363: GFLOPs: 9346.4852. Time: 12.3689 us. Best GFLOPs: 11366.9301
2025-10-07 10:18:09 [INFO] [task_scheduler.cc:131] [Task #0: main] Trial #364: GFLOPs: 10350.8351. Time: 11.1687 us. Best GFLOPs: 11366.9301
2025-10-07 10:18:09 [INFO] [task_scheduler.cc:131] [Task #0: main] Trial #365: GFLOPs: 8981.7033. Time: 12.8712 us. Best GFLOPs: 11366.9301
2025-10-07 10:18:09 [INFO] [task_scheduler.cc:131] [Task #0: main] Trial #366: GFLOPs: 9153.3168. Time: 12.6299 us. Best GFLOPs: 11366.9301
2025-10-07 10:18:09 [INFO] [task_scheduler.cc:131] [Task #0: main] Trial #367: GFLOPs: 9155.2058. Time: 12.6273 us. Best GFLOPs: 11366.9301
2025-10-07 10:18:09 [INFO] [task_scheduler.cc:131] [Task #0: main] Trial #368: GFLOPs: 8475.7029. Time: 13.6396 us. Best GFLOPs: 11366.9301
2025-10-07 10:18:09 [INFO] [task_scheduler.cc:131] [Task #0: main] Trial #369: GFLOPs: 8475.8867. Time: 13.6393 us. Best GFLOPs: 11366.9301
2025-10-07 10:18:09 [INFO] [task_scheduler.cc:131] [Task #0: main] Trial #370: GFLOPs: 5299.7815. Time: 21.8133 us. Best GFLOPs: 11366.9301
2025-10-07 10:18:09 [INFO] [task_scheduler.cc:131] [Task #0: main] Trial #371: GFLOPs: 8972.5680. Time: 12.8843 us. Best GFLOPs: 11366.9301
2025-10-07 10:18:09 [INFO] [task_scheduler.cc:131] [Task #0: main] Trial #372: GFLOPs: 8876.6547. Time: 13.0235 us. Best GFLOPs: 11366.9301
2025-10-07 10:18:09 [INFO] [task_scheduler.cc:131] [Task #0: main] Trial #373: GFLOPs: 8453.7910. Time: 13.6750 us. Best GFLOPs: 11366.9301
2025-10-07 10:18:09 [INFO] [task_scheduler.cc:131] [Task #0: main] Trial #374: GFLOPs: 8406.1771. Time: 13.7524 us. Best GFLOPs: 11366.9301
2025-10-07 10:18:09 [INFO] [task_scheduler.cc:131] [Task #0: main] Trial #375: GFLOPs: 8391.6618. Time: 13.7762 us. Best GFLOPs: 11366.9301
2025-10-07 10:18:09 [INFO] [task_scheduler.cc:131] [Task #0: main] Trial #376: GFLOPs: 9227.4877. Time: 12.5284 us. Best GFLOPs: 11366.9301
2025-10-07 10:18:09 [INFO] [task_scheduler.cc:131] [Task #0: main] Trial #377: GFLOPs: 8890.7393. Time: 13.0029 us. Best GFLOPs: 11366.9301
2025-10-07 10:18:09 [INFO] [task_scheduler.cc:131] [Task #0: main] Trial #378: GFLOPs: 6358.7860. Time: 18.1804 us. Best GFLOPs: 11366.9301
2025-10-07 10:18:09 [INFO] [task_scheduler.cc:131] [Task #0: main] Trial #379: GFLOPs: 7459.6267. Time: 15.4975 us. Best GFLOPs: 11366.9301
2025-10-07 10:18:09 [INFO] [task_scheduler.cc:131] [Task #0: main] Trial #380: GFLOPs: 7143.2238. Time: 16.1839 us. Best GFLOPs: 11366.9301
2025-10-07 10:18:09 [INFO] [task_scheduler.cc:131] [Task #0: main] Trial #381: GFLOPs: 7690.8698. Time: 15.0315 us. Best GFLOPs: 11366.9301
2025-10-07 10:18:09 [INFO] [task_scheduler.cc:121] [Task #0: main] Trial #382: Error in building:
LocalBuilder: An exception occurred
Traceback (most recent call last):
  File "/workspace/tvm-dev/python/tvm/exec/popen_worker.py", line 87, in main
    result = fn(*args, **kwargs)
             ^^^^^^^^^^^^^^^^^^^
  File "/workspace/tvm-dev/python/tvm/meta_schedule/builder/local_builder.py", line 165, in <lambda>
    lambda x: _worker_func(*x),
              ^^^^^^^^^^^^^^^^
  File "/workspace/tvm-dev/python/tvm/meta_schedule/builder/local_builder.py", line 231, in _worker_func
    rt_mod: Module = f_build(mod, target, _deserialize_params(params))
                     ^^^^^^^^^^^^^^^^^^^^^^^^^^^^^^^^^^^^^^^^^^^^^^^^^
  File "/workspace/tvm-dev/python/tvm/_ffi/_ctypes/packed_func.py", line 245, in __call__
    raise_last_ffi_error()
  File "/workspace/tvm-dev/python/tvm/_ffi/base.py", line 481, in raise_last_ffi_error
    raise py_err
  File "/workspace/tvm-dev/python/tvm/meta_schedule/builder/local_builder.py", line 261, in default_build
    return tvm_build(mod, target=target)
           ^^^^^^^^^^^^^^^^^^^^^^^^^^^^^
  File "/workspace/tvm-dev/python/tvm/driver/build_module.py", line 297, in build
    rt_mod_host = _driver_ffi.tir_to_runtime(annotated_mods, target_host)
                  ^^^^^^^^^^^^^^^^^^^^^^^^^^^^^^^^^^^^^^^^^^^^^^^^^^^^^^^
  File "/workspace/tvm-dev/python/tvm/_ffi/_ctypes/packed_func.py", line 245, in __call__
    raise_last_ffi_error()
  File "/workspace/tvm-dev/python/tvm/_ffi/base.py", line 481, in raise_last_ffi_error
    raise py_err
ValueError: Traceback (most recent call last):
  34: tvm::runtime::PackedFuncObj::Extractor<tvm::runtime::PackedFuncSubObj<tvm::runtime::TypedPackedFunc<tvm::runtime::Module (tvm::runtime::Map<tvm::Target, tvm::IRModule, void, void> const&, tvm::Target)>::AssignTypedLambda<tvm::__mk_TVM24::{lambda(tvm::runtime::Map<tvm::Target, tvm::IRModule, void, void> const&, tvm::Target)#1}>(tvm::__mk_TVM24::{lambda(tvm::runtime::Map<tvm::Target, tvm::IRModule, void, void> const&, tvm::Target)#1}, std::__cxx11::basic_string<char, std::char_traits<char>, std::allocator<char> >)::{lambda(tvm::runtime::TVMArgs const&, tvm::runtime::TVMRetValue*)#1}> >::Call(tvm::runtime::PackedFuncObj const*, std::__cxx11::basic_string<char, std::char_traits<char>, std::allocator<char> >, tvm::runtime::TVMRetValue)
  33: tvm::TIRToRuntime(tvm::runtime::Map<tvm::Target, tvm::IRModule, void, void> const&, tvm::Target const&)
  32: tvm::codegen::Build(tvm::IRModule, tvm::Target)
  31: _ZN3tvm7runtime13PackedFuncObj
  30: tvm::runtime::TypedPackedFunc<tvm::runtime::Module (tvm::IRModule, tvm::Target)>::AssignTypedLambda<tvm::runtime::Module (*)(tvm::IRModule, tvm::Target)>(tvm::runtime::Module (*)(tvm::IRModule, tvm::Target), std::__cxx11::basic_string<char, std::char_traits<char>, std::allocator<char> >)::{lambda(tvm::runtime::TVMArgs const&, tvm::runtime::TVMRetValue*)#1}::operator()(tvm::runtime::TVMArgs const&, tvm::runtime::TVMRetValue*) const
  29: tvm::codegen::BuildCUDA(tvm::IRModule, tvm::Target)
  28: tvm::codegen::CodeGenC::AddFunction(tvm::GlobalVar const&, tvm::tir::PrimFunc const&)
  27: tvm::codegen::CodeGenCUDA::VisitStmt_(tvm::tir::AllocateNode const*)
  26: tvm::codegen::CodeGenCUDA::VisitStmt_(tvm::tir::AllocateNode const*)
  25: tvm::codegen::CodeGenCUDA::VisitStmt_(tvm::tir::AllocateNode const*)
  24: tvm::codegen::CodeGenCUDA::VisitStmt_(tvm::tir::AllocateNode const*)
  23: tvm::codegen::CodeGenC::VisitStmt_(tvm::tir::SeqStmtNode const*)
  22: tvm::codegen::CodeGenC::VisitStmt_(tvm::tir::ForNode const*)
  21: tvm::codegen::CodeGenC::VisitStmt_(tvm::tir::SeqStmtNode const*)
  20: tvm::codegen::CodeGenC::VisitStmt_(tvm::tir::ForNode const*)
  19: tvm::codegen::CodeGenC::VisitStmt_(tvm::tir::BufferStoreNode const*)
  18: tvm::codegen::CodeGenC::PrintExpr[abi:cxx11](tvm::PrimExpr const&)
  17: tvm::codegen::CodeGenC::VisitExpr_(tvm::tir::BufferLoadNode const*, std::ostream&)
  16: tvm::codegen::CodeGenC::PrintExpr[abi:cxx11](tvm::PrimExpr const&)
  15: void tvm::codegen::PrintBinaryExpr<tvm::tir::AddNode>(tvm::tir::AddNode const*, char const*, std::ostream&, tvm::codegen::CodeGenC*)
  14: tvm::codegen::CodeGenCUDA::PrintVecBinaryOp(std::__cxx11::basic_string<char, std::char_traits<char>, std::allocator<char> > const&, tvm::runtime::DataType, tvm::PrimExpr, tvm::PrimExpr, std::ostream&)
  13: tvm::codegen::CodeGenC::PrintExpr[abi:cxx11](tvm::PrimExpr const&)
  12: void tvm::codegen::PrintBinaryExpr<tvm::tir::AddNode>(tvm::tir::AddNode const*, char const*, std::ostream&, tvm::codegen::CodeGenC*)
  11: tvm::codegen::CodeGenCUDA::PrintVecBinaryOp(std::__cxx11::basic_string<char, std::char_traits<char>, std::allocator<char> > const&, tvm::runtime::DataType, tvm::PrimExpr, tvm::PrimExpr, std::ostream&)
  10: tvm::codegen::CodeGenC::PrintExpr[abi:cxx11](tvm::PrimExpr const&)
  9: void tvm::codegen::PrintBinaryExpr<tvm::tir::AddNode>(tvm::tir::AddNode const*, char const*, std::ostream&, tvm::codegen::CodeGenC*)
  8: tvm::codegen::CodeGenCUDA::PrintVecBinaryOp(std::__cxx11::basic_string<char, std::char_traits<char>, std::allocator<char> > const&, tvm::runtime::DataType, tvm::PrimExpr, tvm::PrimExpr, std::ostream&)
  7: tvm::codegen::CodeGenC::PrintExpr[abi:cxx11](tvm::PrimExpr const&)
  6: void tvm::codegen::PrintBinaryExpr<tvm::tir::MulNode>(tvm::tir::MulNode const*, char const*, std::ostream&, tvm::codegen::CodeGenC*)
  5: tvm::codegen::CodeGenCUDA::PrintVecBinaryOp(std::__cxx11::basic_string<char, std::char_traits<char>, std::allocator<char> > const&, tvm::runtime::DataType, tvm::PrimExpr, tvm::PrimExpr, std::ostream&)
  4: tvm::codegen::CodeGenC::PrintExpr[abi:cxx11](tvm::PrimExpr const&)
  3: void tvm::codegen::PrintBinaryExpr<tvm::tir::DivNode>(tvm::tir::DivNode const*, char const*, std::ostream&, tvm::codegen::CodeGenC*)
  2: tvm::codegen::CodeGenCUDA::PrintVecBinaryOp(std::__cxx11::basic_string<char, std::char_traits<char>, std::allocator<char> > const&, tvm::runtime::DataType, tvm::PrimExpr, tvm::PrimExpr, std::ostream&)
  1: tvm::codegen::CodeGenC::PrintExpr[abi:cxx11](tvm::PrimExpr const&)
  0: tvm::codegen::CodeGenCUDA::VisitExpr_(tvm::tir::RampNode const*, std::ostream&)
  File "/workspace/tvm-dev/src/target/source/codegen_cuda.cc", line 1204
ValueError: Check failed: lanes <= 4 (8 vs. 4) : Ramp of more than 4 lanes is not allowed.

# from tvm.script import ir as I
# from tvm.script import tir as T

@I.ir_module
class Module:
    @T.prim_func
    def main(A: T.Buffer((1, 128, 28, 28), "float16"), W: T.Buffer((256, 128, 3, 3), "float16"), conv2d_nchw: T.Buffer((1, 256, 14, 14), "float16")):
        T.func_attr({"tir.noalias": T.bool(True)})
        # with T.block("root"):
        conv2d_nchw_reindex_pad_shared_dyn = T.alloc_buffer((13, 4, 1, 4, 16, 16), "float16", scope="shared.dyn")
        conv2d_nchw_reindex_pad_shared_dyn_wmma_accumulator = T.alloc_buffer((13, 4, 1, 4, 16, 16), "float16", scope="wmma.accumulator")
        pad_temp_reindex_pad_shared_dyn = T.alloc_buffer((208, 1152), "float16", scope="shared.dyn")
        W_reindex_shared_dyn = T.alloc_buffer((256, 1152), "float16", scope="shared.dyn")
        pad_temp_reindex_pad_shared_dyn_wmma_matrix_a = T.alloc_buffer((208, 1152), "float16", scope="wmma.matrix_a")
        W_reindex_shared_dyn_wmma_matrix_b = T.alloc_buffer((256, 1152), "float16", scope="wmma.matrix_b")
        for ax0_0_0_ax1_0_0_fused in T.thread_binding(13, thread="blockIdx.y"):
            for ax0_0_1_ax1_0_1_fused in T.thread_binding(4, thread="blockIdx.x"):
                for ax0_0_2_ax1_0_2_fused in T.thread_binding(1, thread="threadIdx.y"):
                    for ax0_0_3_init, ax1_0_3_init, ax0_0_4_init, ax1_0_4_init in T.grid(1, 2, 1, 2):
                        with T.block("conv2d_nchw_o_init"):
                            v0_o = T.axis.spatial(13, ax0_0_0_ax1_0_0_fused + ax0_0_3_init + ax0_0_4_init)
                            v1_o = T.axis.spatial(16, ax0_0_1_ax1_0_1_fused * 4 + ax1_0_3_init * 2 + ax1_0_4_init)
                            T.reads()
                            T.writes(conv2d_nchw_reindex_pad_shared_dyn_wmma_accumulator[v0_o, v1_o // 4, 0, v1_o % 4, 0:16, 0:16])
                            T.block_attr({"meta_schedule.thread_extent_high_inclusive": 1024, "meta_schedule.thread_extent_low_inclusive": 32, "warp_execution": 1})
                            C = T.match_buffer(conv2d_nchw_reindex_pad_shared_dyn_wmma_accumulator[v0_o, v1_o // 4, 0, v1_o % 4, 0:16, 0:16], (16, 16), "float16", strides=("C_s0", "C_s1"), scope="wmma.accumulator", offset_factor=16)
                            T.tvm_fill_fragment(C.data, 16, 16, 16, C.elem_offset // C.strides[0] // 16 * (C.strides[0] // 16) + C.elem_offset % C.strides[0] // 16, T.float32(0.0))
                    for ax2_0_0 in range(24):
                        for ax0_ax1_fused_0 in range(12):
                            for ax0_ax1_fused_1 in T.thread_binding(1, thread="threadIdx.y"):
                                for ax0_ax1_fused_2 in T.thread_binding(32, thread="threadIdx.x"):
                                    for ax0_ax1_fused_3 in T.vectorized(2):
                                        with T.block("pad_temp_reindex_pad_shared.dyn"):
                                            v0 = T.axis.spatial(208, ax0_0_0_ax1_0_0_fused * 16 + (ax0_ax1_fused_0 * 64 + ax0_ax1_fused_1 * 64 + ax0_ax1_fused_2 * 2 + ax0_ax1_fused_3) // 48)
                                            v1 = T.axis.spatial(1152, ax2_0_0 * 48 + (ax0_ax1_fused_0 * 64 + ax0_ax1_fused_1 * 64 + ax0_ax1_fused_2 * 2 + ax0_ax1_fused_3) % 48)
                                            T.reads(A[0, v1 // 9, v0 // 14 * 2 + v1 % 9 // 3 - 1, v0 % 14 * 2 + v1 % 3 - 1])
                                            T.writes(pad_temp_reindex_pad_shared_dyn[v0, v1])
                                            T.block_attr({"buffer_dim_align": [[0, 0, 32, 8]]})
                                            pad_temp_reindex_pad_shared_dyn[v0, v1] = T.if_then_else(v0 < 196, T.if_then_else(1 <= v0 // 14 * 2 + v1 % 9 // 3 and v0 // 14 * 2 + v1 % 9 // 3 < 29 and 1 <= v0 % 14 * 2 + v1 % 3 and v0 % 14 * 2 + v1 % 3 < 29, A[0, v1 // 9, v0 // 14 * 2 + v1 % 9 // 3 - 1, v0 % 14 * 2 + v1 % 3 - 1], T.float16(0.0)), T.float16(0.0))
                        for ax0_ax1_fused_0 in range(12):
                            for ax0_ax1_fused_1 in T.thread_binding(1, thread="threadIdx.y"):
                                for ax0_ax1_fused_2 in T.thread_binding(32, thread="threadIdx.x"):
                                    for ax0_ax1_fused_3 in T.vectorized(8):
                                        with T.block("W_reindex_shared.dyn"):
                                            v0 = T.axis.spatial(256, ax0_0_1_ax1_0_1_fused * 64 + (ax0_ax1_fused_0 * 256 + ax0_ax1_fused_1 * 256 + ax0_ax1_fused_2 * 8 + ax0_ax1_fused_3) // 48)
                                            v1 = T.axis.spatial(1152, ax2_0_0 * 48 + (ax0_ax1_fused_0 * 256 + ax0_ax1_fused_1 * 256 + ax0_ax1_fused_2 * 8 + ax0_ax1_fused_3) % 48)
                                            T.reads(W[v0, v1 // 9, v1 % 9 // 3, v1 % 3])
                                            T.writes(W_reindex_shared_dyn[v0, v1])
                                            T.block_attr({"buffer_dim_align": [[0, 0, 32, 8]]})
                                            W_reindex_shared_dyn[v0, v1] = W[v0, v1 // 9, v1 % 9 // 3, v1 % 3]
                        for ax2_0_1 in range(1):
                            for ax0_0, ax1_0 in T.grid(1, 3):
                                with T.block("pad_temp_reindex_pad_shared.dyn_wmma.matrix_a_o"):
                                    v0_o = T.axis.spatial(13, ax0_0_0_ax1_0_0_fused + ax0_0)
                                    v1_o = T.axis.spatial(72, ax2_0_0 * 3 + ax1_0)
                                    T.reads(pad_temp_reindex_pad_shared_dyn[v0_o * 16:v0_o * 16 + 16, v1_o * 16:v1_o * 16 + 16])
                                    T.writes(pad_temp_reindex_pad_shared_dyn_wmma_matrix_a[v0_o * 16:v0_o * 16 + 16, v1_o * 16:v1_o * 16 + 16])
                                    A_1 = T.match_buffer(pad_temp_reindex_pad_shared_dyn[v0_o * 16:v0_o * 16 + 16, v1_o * 16:v1_o * 16 + 16], (16, 16), "float16", strides=("A_s0", "A_s1"), scope="shared.dyn", offset_factor=16)
                                    C = T.match_buffer(pad_temp_reindex_pad_shared_dyn_wmma_matrix_a[v0_o * 16:v0_o * 16 + 16, v1_o * 16:v1_o * 16 + 16], (16, 16), "float16", strides=("C_s0", "C_s1"), scope="wmma.matrix_a", offset_factor=16)
                                    T.tvm_load_matrix_sync(C.data, 16, 16, 16, C.elem_offset // C.strides[0] // 16 * (C.strides[0] // 16) + C.elem_offset % C.strides[0] // 16, T.tvm_access_ptr(T.type_annotation("float16"), A_1.data, A_1.elem_offset, A_1.strides[0] * 16, 1), A_1.strides[0], "row_major")
                            for ax0_0, ax1_0 in T.grid(4, 3):
                                with T.block("W_reindex_shared.dyn_wmma.matrix_b_o"):
                                    v0_o = T.axis.spatial(16, ax0_0_1_ax1_0_1_fused * 4 + ax0_0)
                                    v1_o = T.axis.spatial(72, ax2_0_0 * 3 + ax1_0)
                                    T.reads(W_reindex_shared_dyn[v0_o * 16:v0_o * 16 + 16, v1_o * 16:v1_o * 16 + 16])
                                    T.writes(W_reindex_shared_dyn_wmma_matrix_b[v0_o * 16:v0_o * 16 + 16, v1_o * 16:v1_o * 16 + 16])
                                    A_1 = T.match_buffer(W_reindex_shared_dyn[v0_o * 16:v0_o * 16 + 16, v1_o * 16:v1_o * 16 + 16], (16, 16), "float16", strides=("A_s0", "A_s1"), scope="shared.dyn", offset_factor=16)
                                    C = T.match_buffer(W_reindex_shared_dyn_wmma_matrix_b[v0_o * 16:v0_o * 16 + 16, v1_o * 16:v1_o * 16 + 16], (16, 16), "float16", strides=("C_s0", "C_s1"), scope="wmma.matrix_b", offset_factor=16)
                                    T.tvm_load_matrix_sync(C.data, 16, 16, 16, C.elem_offset // C.strides[0] // 16 * (C.strides[0] // 16) + C.elem_offset % C.strides[0] // 16, T.tvm_access_ptr(T.type_annotation("float16"), A_1.data, A_1.elem_offset, A_1.strides[0] * 16, 1), A_1.strides[0], "col_major")
                            for ax0_0_3, ax1_0_3, ax2_0_2, ax0_0_4, ax1_0_4 in T.grid(1, 2, 3, 1, 2):
                                with T.block("conv2d_nchw_o_update"):
                                    v0_o = T.axis.spatial(13, ax0_0_0_ax1_0_0_fused + ax0_0_3 + ax0_0_4)
                                    v1_o = T.axis.spatial(16, ax0_0_1_ax1_0_1_fused * 4 + ax1_0_3 * 2 + ax1_0_4)
                                    v2_o = T.axis.reduce(72, ax2_0_0 * 3 + ax2_0_1 * 3 + ax2_0_2)
                                    T.reads(conv2d_nchw_reindex_pad_shared_dyn_wmma_accumulator[v0_o, v1_o // 4, 0, v1_o % 4, 0:16, 0:16], pad_temp_reindex_pad_shared_dyn_wmma_matrix_a[v0_o * 16:v0_o * 16 + 16, v2_o * 16:v2_o * 16 + 16], W_reindex_shared_dyn_wmma_matrix_b[v1_o * 16:v1_o * 16 + 16, v2_o * 16:v2_o * 16 + 16])
                                    T.writes(conv2d_nchw_reindex_pad_shared_dyn_wmma_accumulator[v0_o, v1_o // 4, 0, v1_o % 4, 0:16, 0:16])
                                    T.block_attr({"meta_schedule.thread_extent_high_inclusive": 1024, "meta_schedule.thread_extent_low_inclusive": 32, "warp_execution": 1})
                                    A_1 = T.match_buffer(pad_temp_reindex_pad_shared_dyn_wmma_matrix_a[v0_o * 16:v0_o * 16 + 16, v2_o * 16:v2_o * 16 + 16], (16, 16), "float16", strides=("A_s0", "A_s1"), scope="wmma.matrix_a", offset_factor=16)
                                    B = T.match_buffer(W_reindex_shared_dyn_wmma_matrix_b[v1_o * 16:v1_o * 16 + 16, v2_o * 16:v2_o * 16 + 16], (16, 16), "float16", strides=("B_s0", "B_s1"), scope="wmma.matrix_b", offset_factor=16)
                                    C = T.match_buffer(conv2d_nchw_reindex_pad_shared_dyn_wmma_accumulator[v0_o, v1_o // 4, 0, v1_o % 4, 0:16, 0:16], (16, 16), "float16", strides=("C_s0", "C_s1"), scope="wmma.accumulator", offset_factor=16)
                                    T.tvm_mma_sync(C.data, C.elem_offset // C.strides[0] // 16 * (C.strides[0] // 16) + C.elem_offset % C.strides[0] // 16, A_1.data, A_1.elem_offset // A_1.strides[0] // 16 * (A_1.strides[0] // 16) + A_1.elem_offset % A_1.strides[0] // 16, B.data, B.elem_offset // B.strides[0] // 16 * (B.strides[0] // 16) + B.elem_offset % B.strides[0] // 16, C.data, C.elem_offset // C.strides[0] // 16 * (C.strides[0] // 16) + C.elem_offset % C.strides[0] // 16)
                for ax2 in range(1):
                    for ax0_ax1_fused in T.thread_binding(1, thread="threadIdx.y"):
                        for ax2_1, ax3 in T.grid(1, 4):
                            with T.block("conv2d_nchw_reindex_pad_shared.dyn_wmma.accumulator_o"):
                                v0_o, v1_o, v2_o, v3_o = T.axis.remap("SSSS", [ax0_0_0_ax1_0_0_fused, ax0_0_1_ax1_0_1_fused, ax2_1, ax3])
                                v4_o = T.axis.spatial(1, 0)
                                v5_o = T.axis.spatial(1, 0)
                                T.reads(conv2d_nchw_reindex_pad_shared_dyn_wmma_accumulator[v0_o, v1_o, v2_o, v3_o, 0:16, 0:16])
                                T.writes(conv2d_nchw_reindex_pad_shared_dyn[v0_o, v1_o, v2_o, v3_o, 0:16, 0:16])
                                A_1 = T.match_buffer(conv2d_nchw_reindex_pad_shared_dyn_wmma_accumulator[v0_o, v1_o, v2_o, v3_o, 0:16, 0:16], (16, 16), "float16", strides=("A_s0", "A_s1"), scope="wmma.accumulator", offset_factor=16)
                                C = T.match_buffer(conv2d_nchw_reindex_pad_shared_dyn[v0_o, v1_o, v2_o, v3_o, 0:16, 0:16], (16, 16), "float16", strides=("C_s0", "C_s1"), scope="shared.dyn", offset_factor=16)
                                T.tvm_store_matrix_sync(A_1.data, 16, 16, 16, A_1.elem_offset // A_1.strides[0] // 16 * (A_1.strides[0] // 16) + A_1.elem_offset % A_1.strides[0] // 16, T.tvm_access_ptr(T.type_annotation("float16"), C.data, C.elem_offset, C.strides[0] * 16, 2), C.strides[0], "row_major")
                    for ax0_ax1_ax3_ax4_ax5_fused_0 in range(32):
                        for ax0_ax1_ax3_ax4_ax5_fused_1 in T.thread_binding(1, thread="threadIdx.y"):
                            for ax0_ax1_ax3_ax4_ax5_fused_2 in T.thread_binding(32, thread="threadIdx.x"):
                                with T.block("conv2d_nchw_reindex_pad_shared.dyn"):
                                    v0, v1, v2 = T.axis.remap("SSS", [ax0_0_0_ax1_0_0_fused, ax0_0_1_ax1_0_1_fused, ax2])
                                    v3 = T.axis.spatial(4, (ax0_ax1_ax3_ax4_ax5_fused_0 * 32 + ax0_ax1_ax3_ax4_ax5_fused_1 * 32 + ax0_ax1_ax3_ax4_ax5_fused_2) // 256)
                                    v4 = T.axis.spatial(16, (ax0_ax1_ax3_ax4_ax5_fused_0 * 32 + ax0_ax1_ax3_ax4_ax5_fused_1 * 32 + ax0_ax1_ax3_ax4_ax5_fused_2) % 256 // 16)
                                    v5 = T.axis.spatial(16, (ax0_ax1_ax3_ax4_ax5_fused_0 * 32 + ax0_ax1_ax3_ax4_ax5_fused_1 * 32 + ax0_ax1_ax3_ax4_ax5_fused_2) % 16)
                                    T.where(ax0_0_0_ax1_0_0_fused * 16 + T.Mul(0, 16) + ((ax0_ax1_ax3_ax4_ax5_fused_0 + ax0_ax1_ax3_ax4_ax5_fused_1) * 32 + ax0_ax1_ax3_ax4_ax5_fused_2) % 256 // 16 < 196)
                                    T.reads(conv2d_nchw_reindex_pad_shared_dyn[v0, v1, v2, v3, v4, v5])
                                    T.writes(conv2d_nchw[0, v5 + v3 * 16 + v1 * 64, (v4 + v0 * 16) // 14, (v4 + v0 * 16) % 14])
                                    conv2d_nchw[0, v5 + v3 * 16 + v1 * 64, (v4 + v0 * 16) // 14, (v4 + v0 * 16) % 14] = conv2d_nchw_reindex_pad_shared_dyn[v0, v1, v2, v3, v4, v5]
b0 = sch.get_block(name="pad_temp", func_name="main")
b1 = sch.get_block(name="conv2d_nchw", func_name="main")
b2 = sch.get_block(name="root", func_name="main")
sch.annotate(block_or_loop=b1, ann_key="meta_schedule.tiling_structure", ann_val="SSSRRSRS")
b3 = sch.reindex(block=b1, buffer=("write", 0))
b4 = sch.reindex(block=b1, buffer=("read", 0))
b5 = sch.reindex(block=b1, buffer=("read", 1))
sch.transform_layout(block=b1, buffer=("read", 0), index_map=lambda v_nn, v_yy, v_xx, v_rc, v_ry, v_rx: (v_nn * 196 + v_yy * 14 + v_xx, v_rc * 9 + v_ry * 3 + v_rx,), pad_value=None, assume_injective_transform=True)
sch.transform_layout(block=b1, buffer=("read", 1), index_map=lambda v_ff, v_rc, v_ry, v_rx: (v_ff, v_rc * 9 + v_ry * 3 + v_rx,), pad_value=None, assume_injective_transform=True)
sch.transform_layout(block=b1, buffer=("write", 0), index_map=lambda v_nn, v_ff, v_yy, v_xx: (v_nn * 196 + v_yy * 14 + v_xx, v_ff,), pad_value=None, assume_injective_transform=True)
sch.transform_block_layout(block=b3, index_map=lambda v_nn, v_ff, v_yy, v_xx: (v_nn * 196 + v_yy * 14 + v_xx, v_ff,))
sch.transform_block_layout(block=b4, index_map=lambda v_nn, v_yy, v_xx, v_rc, v_ry, v_rx: (v_nn * 196 + v_yy * 14 + v_xx, v_rc * 9 + v_ry * 3 + v_rx,))
sch.transform_block_layout(block=b5, index_map=lambda v_ff, v_rc, v_ry, v_rx: (v_ff, v_rc * 9 + v_ry * 3 + v_rx,))
sch.transform_block_layout(block=b1, index_map=lambda v_nn, v_ff, v_yy, v_xx, v_rc, v_ry, v_rx: (v_nn * 196 + v_yy * 14 + v_xx, v_ff, v_rc * 9 + v_ry * 3 + v_rx,))
sch.pad_einsum(block=b1, padding=[16, 1, 1])
b6, b7 = sch.get_producers(block=b1)
b8, = sch.get_producers(block=b6)
b9, = sch.get_consumers(block=b1)
sch.compute_inline(block=b8)
sch.compute_inline(block=b9)
l10, l11, l12 = sch.get_loops(block=b1)
l13, l14 = sch.split(loop=l12, factors=[None, 16], preserve_unit_iters=True, disable_predication=False)
l15, l16 = sch.split(loop=l11, factors=[None, 16], preserve_unit_iters=True, disable_predication=False)
l17, l18 = sch.split(loop=l10, factors=[None, 16], preserve_unit_iters=True, disable_predication=False)
l19, l20, l21, l22, l23, l24 = sch.get_loops(block=b1)
sch.reorder(l21, l23, l18, l16, l14)
b25 = sch.blockize(target=l18, preserve_unit_iters=True)
sch.annotate(block_or_loop=b25, ann_key="meta_schedule.auto_tensorize", ann_val="wmma_sync_16x16x16_f16f16f16_trans")
sch.annotate(block_or_loop=b25, ann_key="meta_schedule.auto_tensorize_init", ann_val="wmma_fill_16x16x16_f16")
sch.annotate(block_or_loop=b25, ann_key="warp_execution", ann_val=1)
l26, l27, l28 = sch.get_loops(block=b25)
v29, v30, v31, v32, v33 = sch.sample_perfect_tile(loop=l26, n=5, max_innermost_factor=4, decision=[13, 1, 1, 1, 1])
l34, l35, l36, l37, l38 = sch.split(loop=l26, factors=[v29, v30, v31, v32, v33], preserve_unit_iters=True, disable_predication=False)
v39, v40, v41, v42, v43 = sch.sample_perfect_tile(loop=l27, n=5, max_innermost_factor=4, decision=[1, 4, 1, 2, 2])
l44, l45, l46, l47, l48 = sch.split(loop=l27, factors=[v39, v40, v41, v42, v43], preserve_unit_iters=True, disable_predication=False)
v49, v50, v51 = sch.sample_perfect_tile(loop=l28, n=3, max_innermost_factor=4, decision=[24, 1, 3])
l52, l53, l54 = sch.split(loop=l28, factors=[v49, v50, v51], preserve_unit_iters=True, disable_predication=False)
sch.reorder(l34, l44, l35, l45, l36, l46, l52, l53, l37, l47, l54, l38, l48)
l55 = sch.fuse(l34, l44, preserve_unit_iters=True)
sch.bind(loop=l55, thread_axis="blockIdx.y")
l56 = sch.fuse(l35, l45, preserve_unit_iters=True)
sch.bind(loop=l56, thread_axis="blockIdx.x")
l57 = sch.fuse(l36, l46, preserve_unit_iters=True)
sch.bind(loop=l57, thread_axis="threadIdx.y")
sch.annotate(block_or_loop=b25, ann_key="meta_schedule.thread_extent_low_inclusive", ann_val=32)
sch.annotate(block_or_loop=b25, ann_key="meta_schedule.thread_extent_high_inclusive", ann_val=1024)
sch.transform_layout(block=b25, buffer=("write", 0), index_map=lambda i0, i1: (i0 // 16 // (v32 * v33), i1 // 16 // (v42 * v43), i0 // 16 % (v32 * v33), i1 // 16 % (v42 * v43), i0 % 16, i1 % 16,), pad_value=None, assume_injective_transform=True)
b58 = sch.cache_write(block=b25, write_buffer_index=0, storage_scope="shared.dyn")
sch.reverse_compute_at(block=b58, loop=l56, preserve_unit_loops=True, index=-1)
b59 = sch.cache_write(block=b25, write_buffer_index=0, storage_scope="wmma.accumulator")
l60, l61, l62, l63, l64, l65, l66, l67 = sch.get_loops(block=b58)
sch.reorder(l64, l62, l63, l65)
sch.compute_at(block=b59, loop=l64, preserve_unit_loops=True, index=-1)
l68, l69, l70, l71, l72, l73, l74, l75, l76 = sch.get_loops(block=b59)
l77 = sch.fuse(l71, l72, preserve_unit_iters=True)
sch.bind(loop=l77, thread_axis="threadIdx.y")
sch.reverse_compute_inline(block=b3)
l78, l79, l80, l81, l82, l83, l84, l85 = sch.get_loops(block=b59)
b86 = sch.blockize(target=l84, preserve_unit_iters=True)
sch.annotate(block_or_loop=b86, ann_key="meta_schedule.auto_tensorize", ann_val="wmma_store_16x16x16_f16_shared_dyn")
l87, l88, l89, l90, l91, l92, l93, l94 = sch.get_loops(block=b58)
l95 = sch.fuse(l90, l91, l92, l93, l94, preserve_unit_iters=True)
v96 = sch.sample_categorical(candidates=[1, 2, 4, 8], probs=[0.25, 0.25, 0.25, 0.25], decision=0)
sch.annotate(block_or_loop=b58, ann_key="meta_schedule.cooperative_fetch", ann_val=v96)
b97 = sch.cache_read(block=b25, read_buffer_index=0, storage_scope="shared.dyn", consumer_blocks=[b25])
sch.compute_at(block=b97, loop=l52, preserve_unit_loops=True, index=-1)
l98, l99, l100, l101, l102, l103 = sch.get_loops(block=b97)
l104 = sch.fuse(l102, l103, preserve_unit_iters=True)
v105 = sch.sample_categorical(candidates=[1, 2, 4, 8], probs=[0.25, 0.25, 0.25, 0.25], decision=1)
sch.annotate(block_or_loop=b97, ann_key="meta_schedule.cooperative_fetch", ann_val=v105)
b106 = sch.cache_read(block=b25, read_buffer_index=1, storage_scope="shared.dyn", consumer_blocks=[b25])
sch.compute_at(block=b106, loop=l52, preserve_unit_loops=True, index=-1)
l107, l108, l109, l110, l111, l112 = sch.get_loops(block=b106)
l113 = sch.fuse(l111, l112, preserve_unit_iters=True)
v114 = sch.sample_categorical(candidates=[1, 2, 4, 8], probs=[0.25, 0.25, 0.25, 0.25], decision=3)
sch.annotate(block_or_loop=b106, ann_key="meta_schedule.cooperative_fetch", ann_val=v114)
b115 = sch.cache_read(block=b25, read_buffer_index=0, storage_scope="wmma.matrix_a")
sch.compute_at(block=b115, loop=l53, preserve_unit_loops=True, index=-1)
l116, l117, l118, l119, l120, l121, l122 = sch.get_loops(block=b115)
l123, l124 = sch.split(loop=l122, factors=[None, 16], preserve_unit_iters=True, disable_predication=False)
l125, l126 = sch.split(loop=l121, factors=[None, 16], preserve_unit_iters=True, disable_predication=False)
l127, l128, l129, l130, l131, l132, l133, l134, l135 = sch.get_loops(block=b115)
sch.reorder(l134, l126, l124)
b136 = sch.blockize(target=l126, preserve_unit_iters=True)
sch.annotate(block_or_loop=b136, ann_key="meta_schedule.auto_tensorize", ann_val="wmma_load_16x16x16_f16_a_shared_dyn")
b137 = sch.cache_read(block=b25, read_buffer_index=1, storage_scope="wmma.matrix_b")
sch.compute_at(block=b137, loop=l53, preserve_unit_loops=True, index=-1)
l138, l139, l140, l141, l142, l143, l144 = sch.get_loops(block=b137)
l145, l146 = sch.split(loop=l144, factors=[None, 16], preserve_unit_iters=True, disable_predication=False)
l147, l148 = sch.split(loop=l143, factors=[None, 16], preserve_unit_iters=True, disable_predication=False)
l149, l150, l151, l152, l153, l154, l155, l156, l157 = sch.get_loops(block=b137)
sch.reorder(l156, l148, l146)
b158 = sch.blockize(target=l148, preserve_unit_iters=True)
sch.annotate(block_or_loop=b158, ann_key="meta_schedule.auto_tensorize", ann_val="wmma_load_16x16x16_f16_b_trans_shared_dyn")
b159, = sch.get_producers(block=b97)
sch.compute_inline(block=b159)
sch.storage_align(block=b97, buffer_index=0, axis=-2, factor=32, offset=8)
b160, = sch.get_producers(block=b106)
sch.compute_inline(block=b160)
sch.storage_align(block=b106, buffer_index=0, axis=-2, factor=32, offset=8)
sch.compute_inline(block=b0)
v161 = sch.sample_categorical(candidates=[0, 16, 64, 512, 1024], probs=[0.20000000000000001, 0.20000000000000001, 0.20000000000000001, 0.20000000000000001, 0.20000000000000001], decision=0)
sch.annotate(block_or_loop=b2, ann_key="meta_schedule.unroll_explicit", ann_val=v161)
sch.enter_postproc()
sch.unannotate(block_or_loop=b58, ann_key="meta_schedule.cooperative_fetch")
l162, l163, l164, l165 = sch.get_loops(block=b58)
l166, l167, l168 = sch.split(loop=l165, factors=[None, 1, 32], preserve_unit_iters=True, disable_predication=False)
sch.bind(loop=l168, thread_axis="threadIdx.x")
sch.bind(loop=l167, thread_axis="threadIdx.y")
sch.unannotate(block_or_loop=b97, ann_key="meta_schedule.cooperative_fetch")
l169, l170, l171, l172, l173 = sch.get_loops(block=b97)
l174, l175, l176, l177 = sch.split(loop=l173, factors=[None, 1, 32, 2], preserve_unit_iters=True, disable_predication=False)
sch.vectorize(loop=l177)
sch.bind(loop=l176, thread_axis="threadIdx.x")
sch.bind(loop=l175, thread_axis="threadIdx.y")
sch.unannotate(block_or_loop=b106, ann_key="meta_schedule.cooperative_fetch")
l178, l179, l180, l181, l182 = sch.get_loops(block=b106)
l183, l184, l185, l186 = sch.split(loop=l182, factors=[None, 1, 32, 8], preserve_unit_iters=True, disable_predication=False)
sch.vectorize(loop=l186)
sch.bind(loop=l185, thread_axis="threadIdx.x")
sch.bind(loop=l184, thread_axis="threadIdx.y")
b187 = sch.get_block(name="root", func_name="main")
sch.unannotate(block_or_loop=b187, ann_key="meta_schedule.unroll_explicit")
b188, b189, b190, b191, b192, b193, b194 = sch.get_child_blocks(b187)
l195, l196, l197, l198, l199, l200, l201, l202 = sch.get_loops(block=b188)
l203, l204, l205, l206, l207, l208, l209, l210 = sch.get_loops(block=b189)
l211, l212, l213, l214, l215, l216, l217 = sch.get_loops(block=b190)
l218, l219, l220, l221, l222, l223, l224 = sch.get_loops(block=b191)
l225, l226, l227, l228, l229, l230, l231, l232, l233, l234 = sch.get_loops(block=b192)
l235, l236, l237, l238, l239, l240 = sch.get_loops(block=b193)
l241, l242, l243, l244, l245, l246 = sch.get_loops(block=b194)
b247 = sch.get_block(name="conv2d_nchw_o", func_name="main")
l248, l249, l250, l251, l252, l253, l254, l255, l256, l257 = sch.get_loops(block=b247)
b258 = sch.decompose_reduction(block=b247, loop=l251)
sch.unannotate(block_or_loop=b258, ann_key="meta_schedule.auto_tensorize")
sch.annotate(block_or_loop=b258, ann_key="meta_schedule.auto_tensorize", ann_val="wmma_fill_16x16x16_f16")
sch.unannotate(block_or_loop=b247, ann_key="meta_schedule.auto_tensorize_init")
sch.unannotate(block_or_loop=b258, ann_key="meta_schedule.auto_tensorize_init")
b259 = sch.get_block(name="conv2d_nchw_o_init", func_name="main")
sch.unannotate(block_or_loop=b259, ann_key="meta_schedule.auto_tensorize")
sch.tensorize(block_or_loop=b259, tensor_intrin="wmma_fill_16x16x16_f16", preserve_unit_iters=True)
b260 = sch.get_block(name="pad_temp_reindex_pad_shared.dyn_wmma.matrix_a_o", func_name="main")
sch.unannotate(block_or_loop=b260, ann_key="meta_schedule.auto_tensorize")
sch.tensorize(block_or_loop=b260, tensor_intrin="wmma_load_16x16x16_f16_a_shared_dyn", preserve_unit_iters=True)
b261 = sch.get_block(name="W_reindex_shared.dyn_wmma.matrix_b_o", func_name="main")
sch.unannotate(block_or_loop=b261, ann_key="meta_schedule.auto_tensorize")
sch.tensorize(block_or_loop=b261, tensor_intrin="wmma_load_16x16x16_f16_b_trans_shared_dyn", preserve_unit_iters=True)
b262 = sch.get_block(name="conv2d_nchw_o_update", func_name="main")
sch.unannotate(block_or_loop=b262, ann_key="meta_schedule.auto_tensorize")
sch.tensorize(block_or_loop=b262, tensor_intrin="wmma_sync_16x16x16_f16f16f16_trans", preserve_unit_iters=True)
b263 = sch.get_block(name="conv2d_nchw_reindex_pad_shared.dyn_wmma.accumulator_o", func_name="main")
sch.unannotate(block_or_loop=b263, ann_key="meta_schedule.auto_tensorize")
sch.tensorize(block_or_loop=b263, tensor_intrin="wmma_store_16x16x16_f16_shared_dyn", preserve_unit_iters=True)
2025-10-07 10:18:09 [INFO] [task_scheduler.cc:131] [Task #0: main] Trial #383: GFLOPs: 1545.2317. Time: 74.8143 us. Best GFLOPs: 11366.9301
2025-10-07 10:18:09 [INFO] [task_scheduler.cc:131] [Task #0: main] Trial #384: GFLOPs: 1112.5989. Time: 103.9058 us. Best GFLOPs: 11366.9301
2025-10-07 10:18:09 [INFO] [evolutionary_search.cc:713] Generating candidates......
2025-10-07 10:18:11 [INFO] [evolutionary_search.cc:715] Picked top 102 candidate(s) from database
2025-10-07 10:18:18 [INFO] [evolutionary_search.cc:533] Sample-Init-Population summary:
Postproc #0 [meta_schedule.DisallowDynamicLoop(0x10a35418)]: 0 failure(s)
Postproc #1 [meta_schedule.RewriteCooperativeFetch(0x119ea348)]: 0 failure(s)
Postproc #2 [meta_schedule.RewriteUnboundBlock(0x10b3f098)]: 0 failure(s)
Postproc #3 [meta_schedule.RewriteParallelVectorizeUnroll(0x10653038)]: 0 failure(s)
Postproc #4 [meta_schedule.RewriteReductionBlock(0x10966348)]: 0 failure(s)
Postproc #5 [meta_schedule.VerifyGPUCode(0x11e7fbb8)]: 325 failure(s)
Postproc #6 [meta_schedule.RewriteTensorize(0x1096e578)]: 0 failure(s)
2025-10-07 10:18:18 [INFO] [evolutionary_search.cc:723] Sampled 85 candidate(s)
2025-10-07 10:18:30 [INFO] [evolutionary_search.cc:621] Evolve iter #0 done. Summary:
Postproc #0 [meta_schedule.DisallowDynamicLoop(0x10a35418)]: 0 failure(s)
Postproc #1 [meta_schedule.RewriteCooperativeFetch(0x119ea348)]: 0 failure(s)
Postproc #2 [meta_schedule.RewriteUnboundBlock(0x10b3f098)]: 0 failure(s)
Postproc #3 [meta_schedule.RewriteParallelVectorizeUnroll(0x10653038)]: 0 failure(s)
Postproc #4 [meta_schedule.RewriteReductionBlock(0x10966348)]: 0 failure(s)
Postproc #5 [meta_schedule.VerifyGPUCode(0x11e7fbb8)]: 136 failure(s)
Postproc #6 [meta_schedule.RewriteTensorize(0x1096e578)]: 0 failure(s)
2025-10-07 10:18:44 [INFO] [evolutionary_search.cc:621] Evolve iter #1 done. Summary:
Postproc #0 [meta_schedule.DisallowDynamicLoop(0x10a35418)]: 0 failure(s)
Postproc #1 [meta_schedule.RewriteCooperativeFetch(0x119ea348)]: 0 failure(s)
Postproc #2 [meta_schedule.RewriteUnboundBlock(0x10b3f098)]: 0 failure(s)
Postproc #3 [meta_schedule.RewriteParallelVectorizeUnroll(0x10653038)]: 0 failure(s)
Postproc #4 [meta_schedule.RewriteReductionBlock(0x10966348)]: 0 failure(s)
Postproc #5 [meta_schedule.VerifyGPUCode(0x11e7fbb8)]: 138 failure(s)
Postproc #6 [meta_schedule.RewriteTensorize(0x1096e578)]: 0 failure(s)
2025-10-07 10:18:59 [INFO] [evolutionary_search.cc:621] Evolve iter #2 done. Summary:
Postproc #0 [meta_schedule.DisallowDynamicLoop(0x10a35418)]: 0 failure(s)
Postproc #1 [meta_schedule.RewriteCooperativeFetch(0x119ea348)]: 0 failure(s)
Postproc #2 [meta_schedule.RewriteUnboundBlock(0x10b3f098)]: 0 failure(s)
Postproc #3 [meta_schedule.RewriteParallelVectorizeUnroll(0x10653038)]: 0 failure(s)
Postproc #4 [meta_schedule.RewriteReductionBlock(0x10966348)]: 0 failure(s)
Postproc #5 [meta_schedule.VerifyGPUCode(0x11e7fbb8)]: 124 failure(s)
Postproc #6 [meta_schedule.RewriteTensorize(0x1096e578)]: 0 failure(s)
2025-10-07 10:19:14 [INFO] [evolutionary_search.cc:621] Evolve iter #3 done. Summary:
Postproc #0 [meta_schedule.DisallowDynamicLoop(0x10a35418)]: 0 failure(s)
Postproc #1 [meta_schedule.RewriteCooperativeFetch(0x119ea348)]: 0 failure(s)
Postproc #2 [meta_schedule.RewriteUnboundBlock(0x10b3f098)]: 0 failure(s)
Postproc #3 [meta_schedule.RewriteParallelVectorizeUnroll(0x10653038)]: 0 failure(s)
Postproc #4 [meta_schedule.RewriteReductionBlock(0x10966348)]: 0 failure(s)
Postproc #5 [meta_schedule.VerifyGPUCode(0x11e7fbb8)]: 110 failure(s)
Postproc #6 [meta_schedule.RewriteTensorize(0x1096e578)]: 0 failure(s)
2025-10-07 10:19:18 [INFO] [evolutionary_search.cc:649] Scores of the best 64 candidates:
[1 : 16]:	0.9770  0.9683  0.9683  0.9665  0.9612  0.9567  0.9555  0.9539  0.9539  0.9506  0.9506  0.9490  0.9490  0.9490  0.9452  0.9452
[17 : 32]:	0.9439  0.9439  0.9435  0.9397  0.9353  0.9353  0.9320  0.9320  0.9314  0.9263  0.9208  0.9208  0.9199  0.9190  0.9190  0.9147
[33 : 48]:	0.9104  0.9104  0.9098  0.9062  0.9062  0.8972  0.8971  0.8971  0.8865  0.8847  0.8843  0.8834  0.8596  0.8577  0.8577  0.8486
[49 : 64]:	0.8471  0.8368  0.8361  0.8358  0.8322  0.8195  0.8147  0.8121  0.8121  0.8117  0.8097  0.8097  0.8095  0.8070  0.8067  0.8038
2025-10-07 10:19:18 [INFO] [evolutionary_search.cc:727] Got 64 candidate(s) with evolutionary search
2025-10-07 10:19:18 [INFO] [evolutionary_search.cc:730] Sending 64 candidates(s) for measurement
2025-10-07 10:19:46 [INFO] [task_scheduler.cc:131] [Task #0: main] Trial #385: GFLOPs: 10140.9645. Time: 11.3999 us. Best GFLOPs: 11366.9301
2025-10-07 10:19:46 [INFO] [task_scheduler.cc:131] [Task #0: main] Trial #386: GFLOPs: 11327.4681. Time: 10.2058 us. Best GFLOPs: 11366.9301
2025-10-07 10:19:46 [INFO] [task_scheduler.cc:131] [Task #0: main] Trial #387: GFLOPs: 10939.1206. Time: 10.5681 us. Best GFLOPs: 11366.9301
2025-10-07 10:19:46 [INFO] [task_scheduler.cc:131] [Task #0: main] Trial #388: GFLOPs: 10632.9458. Time: 10.8724 us. Best GFLOPs: 11366.9301
2025-10-07 10:19:46 [INFO] [task_scheduler.cc:131] [Task #0: main] Trial #389: GFLOPs: 10187.6014. Time: 11.3477 us. Best GFLOPs: 11366.9301
2025-10-07 10:19:46 [INFO] [task_scheduler.cc:131] [Task #0: main] Trial #390: GFLOPs: 10838.1311. Time: 10.6666 us. Best GFLOPs: 11366.9301
2025-10-07 10:19:46 [INFO] [task_scheduler.cc:131] [Task #0: main] Trial #391: GFLOPs: 10827.3928. Time: 10.6771 us. Best GFLOPs: 11366.9301
2025-10-07 10:19:46 [INFO] [task_scheduler.cc:131] [Task #0: main] Trial #392: GFLOPs: 10732.3708. Time: 10.7717 us. Best GFLOPs: 11366.9301
2025-10-07 10:19:46 [INFO] [task_scheduler.cc:131] [Task #0: main] Trial #393: GFLOPs: 10766.1260. Time: 10.7379 us. Best GFLOPs: 11366.9301
2025-10-07 10:19:46 [INFO] [task_scheduler.cc:131] [Task #0: main] Trial #394: GFLOPs: 10558.4417. Time: 10.9491 us. Best GFLOPs: 11366.9301
2025-10-07 10:19:46 [INFO] [task_scheduler.cc:131] [Task #0: main] Trial #395: GFLOPs: 11021.7466. Time: 10.4889 us. Best GFLOPs: 11366.9301
2025-10-07 10:19:46 [INFO] [task_scheduler.cc:131] [Task #0: main] Trial #396: GFLOPs: 10826.2915. Time: 10.6782 us. Best GFLOPs: 11366.9301
2025-10-07 10:19:46 [INFO] [task_scheduler.cc:131] [Task #0: main] Trial #397: GFLOPs: 10843.9823. Time: 10.6608 us. Best GFLOPs: 11366.9301
2025-10-07 10:19:46 [INFO] [task_scheduler.cc:131] [Task #0: main] Trial #398: GFLOPs: 10827.6682. Time: 10.6769 us. Best GFLOPs: 11366.9301
2025-10-07 10:19:46 [INFO] [task_scheduler.cc:131] [Task #0: main] Trial #399: GFLOPs: 10677.5707. Time: 10.8269 us. Best GFLOPs: 11366.9301
2025-10-07 10:19:46 [INFO] [task_scheduler.cc:131] [Task #0: main] Trial #400: GFLOPs: 10680.5437. Time: 10.8239 us. Best GFLOPs: 11366.9301
2025-10-07 10:19:46 [INFO] [task_scheduler.cc:131] [Task #0: main] Trial #401: GFLOPs: 10764.2622. Time: 10.7398 us. Best GFLOPs: 11366.9301
2025-10-07 10:19:46 [INFO] [task_scheduler.cc:131] [Task #0: main] Trial #402: GFLOPs: 10634.6526. Time: 10.8706 us. Best GFLOPs: 11366.9301
2025-10-07 10:19:46 [INFO] [task_scheduler.cc:131] [Task #0: main] Trial #403: GFLOPs: 10474.8971. Time: 11.0364 us. Best GFLOPs: 11366.9301
2025-10-07 10:19:46 [INFO] [task_scheduler.cc:131] [Task #0: main] Trial #404: GFLOPs: 10698.2303. Time: 10.8060 us. Best GFLOPs: 11366.9301
2025-10-07 10:19:46 [INFO] [task_scheduler.cc:131] [Task #0: main] Trial #405: GFLOPs: 10646.2180. Time: 10.8588 us. Best GFLOPs: 11366.9301
2025-10-07 10:19:46 [INFO] [task_scheduler.cc:131] [Task #0: main] Trial #406: GFLOPs: 10646.1349. Time: 10.8589 us. Best GFLOPs: 11366.9301
2025-10-07 10:19:46 [INFO] [task_scheduler.cc:131] [Task #0: main] Trial #407: GFLOPs: 10644.0745. Time: 10.8610 us. Best GFLOPs: 11366.9301
2025-10-07 10:19:46 [INFO] [task_scheduler.cc:131] [Task #0: main] Trial #408: GFLOPs: 10644.8343. Time: 10.8602 us. Best GFLOPs: 11366.9301
2025-10-07 10:19:46 [INFO] [task_scheduler.cc:131] [Task #0: main] Trial #409: GFLOPs: 10473.8991. Time: 11.0375 us. Best GFLOPs: 11366.9301
2025-10-07 10:19:46 [INFO] [task_scheduler.cc:131] [Task #0: main] Trial #410: GFLOPs: 10559.7220. Time: 10.9478 us. Best GFLOPs: 11366.9301
2025-10-07 10:19:46 [INFO] [task_scheduler.cc:131] [Task #0: main] Trial #411: GFLOPs: 10316.4460. Time: 11.2059 us. Best GFLOPs: 11366.9301
2025-10-07 10:19:46 [INFO] [task_scheduler.cc:131] [Task #0: main] Trial #412: GFLOPs: 10316.8733. Time: 11.2055 us. Best GFLOPs: 11366.9301
2025-10-07 10:19:46 [INFO] [task_scheduler.cc:131] [Task #0: main] Trial #413: GFLOPs: 10796.2166. Time: 10.7080 us. Best GFLOPs: 11366.9301
2025-10-07 10:19:46 [INFO] [task_scheduler.cc:131] [Task #0: main] Trial #414: GFLOPs: 10678.3553. Time: 10.8262 us. Best GFLOPs: 11366.9301
2025-10-07 10:19:46 [INFO] [task_scheduler.cc:131] [Task #0: main] Trial #415: GFLOPs: 10678.8168. Time: 10.8257 us. Best GFLOPs: 11366.9301
2025-10-07 10:19:46 [INFO] [task_scheduler.cc:131] [Task #0: main] Trial #416: GFLOPs: 10680.3297. Time: 10.8242 us. Best GFLOPs: 11366.9301
2025-10-07 10:19:46 [INFO] [task_scheduler.cc:131] [Task #0: main] Trial #417: GFLOPs: 10322.9044. Time: 11.1989 us. Best GFLOPs: 11366.9301
2025-10-07 10:19:46 [INFO] [task_scheduler.cc:131] [Task #0: main] Trial #418: GFLOPs: 10549.2311. Time: 10.9587 us. Best GFLOPs: 11366.9301
2025-10-07 10:19:46 [INFO] [task_scheduler.cc:131] [Task #0: main] Trial #419: GFLOPs: 10202.8697. Time: 11.3307 us. Best GFLOPs: 11366.9301
2025-10-07 10:19:46 [INFO] [task_scheduler.cc:131] [Task #0: main] Trial #420: GFLOPs: 10221.7263. Time: 11.3098 us. Best GFLOPs: 11366.9301
2025-10-07 10:19:46 [INFO] [task_scheduler.cc:131] [Task #0: main] Trial #421: GFLOPs: 10221.3217. Time: 11.3102 us. Best GFLOPs: 11366.9301
2025-10-07 10:19:46 [INFO] [task_scheduler.cc:131] [Task #0: main] Trial #422: GFLOPs: 10179.4877. Time: 11.3567 us. Best GFLOPs: 11366.9301
2025-10-07 10:19:46 [INFO] [task_scheduler.cc:131] [Task #0: main] Trial #423: GFLOPs: 10135.6442. Time: 11.4058 us. Best GFLOPs: 11366.9301
2025-10-07 10:19:46 [INFO] [task_scheduler.cc:131] [Task #0: main] Trial #424: GFLOPs: 10148.7992. Time: 11.3911 us. Best GFLOPs: 11366.9301
2025-10-07 10:19:46 [INFO] [task_scheduler.cc:131] [Task #0: main] Trial #425: GFLOPs: 9902.3959. Time: 11.6745 us. Best GFLOPs: 11366.9301
2025-10-07 10:19:46 [INFO] [task_scheduler.cc:131] [Task #0: main] Trial #426: GFLOPs: 9721.6527. Time: 11.8915 us. Best GFLOPs: 11366.9301
2025-10-07 10:19:46 [INFO] [task_scheduler.cc:131] [Task #0: main] Trial #427: GFLOPs: 9986.8368. Time: 11.5758 us. Best GFLOPs: 11366.9301
2025-10-07 10:19:46 [INFO] [task_scheduler.cc:131] [Task #0: main] Trial #428: GFLOPs: 10326.2781. Time: 11.1953 us. Best GFLOPs: 11366.9301
2025-10-07 10:19:46 [INFO] [task_scheduler.cc:131] [Task #0: main] Trial #429: GFLOPs: 9002.0251. Time: 12.8422 us. Best GFLOPs: 11366.9301
2025-10-07 10:19:46 [INFO] [task_scheduler.cc:131] [Task #0: main] Trial #430: GFLOPs: 8157.1151. Time: 14.1724 us. Best GFLOPs: 11366.9301
2025-10-07 10:19:46 [INFO] [task_scheduler.cc:131] [Task #0: main] Trial #431: GFLOPs: 8156.9943. Time: 14.1726 us. Best GFLOPs: 11366.9301
2025-10-07 10:19:46 [INFO] [task_scheduler.cc:131] [Task #0: main] Trial #432: GFLOPs: 8916.2246. Time: 12.9657 us. Best GFLOPs: 11366.9301
2025-10-07 10:19:46 [INFO] [task_scheduler.cc:131] [Task #0: main] Trial #433: GFLOPs: 8105.2380. Time: 14.2631 us. Best GFLOPs: 11366.9301
2025-10-07 10:19:46 [INFO] [task_scheduler.cc:131] [Task #0: main] Trial #434: GFLOPs: 7434.3255. Time: 15.5502 us. Best GFLOPs: 11366.9301
2025-10-07 10:19:46 [INFO] [task_scheduler.cc:131] [Task #0: main] Trial #435: GFLOPs: 8873.0971. Time: 13.0288 us. Best GFLOPs: 11366.9301
2025-10-07 10:19:46 [INFO] [task_scheduler.cc:131] [Task #0: main] Trial #436: GFLOPs: 8174.4890. Time: 14.1422 us. Best GFLOPs: 11366.9301
2025-10-07 10:19:46 [INFO] [task_scheduler.cc:131] [Task #0: main] Trial #437: GFLOPs: 9156.3024. Time: 12.6258 us. Best GFLOPs: 11366.9301
2025-10-07 10:19:46 [INFO] [task_scheduler.cc:131] [Task #0: main] Trial #438: GFLOPs: 9342.7286. Time: 12.3738 us. Best GFLOPs: 11366.9301
2025-10-07 10:19:46 [INFO] [task_scheduler.cc:131] [Task #0: main] Trial #439: GFLOPs: 9045.2599. Time: 12.7808 us. Best GFLOPs: 11366.9301
2025-10-07 10:19:46 [INFO] [task_scheduler.cc:131] [Task #0: main] Trial #440: GFLOPs: 10347.3767. Time: 11.1724 us. Best GFLOPs: 11366.9301
2025-10-07 10:19:46 [INFO] [task_scheduler.cc:131] [Task #0: main] Trial #441: GFLOPs: 10387.0169. Time: 11.1298 us. Best GFLOPs: 11366.9301
2025-10-07 10:19:46 [INFO] [task_scheduler.cc:131] [Task #0: main] Trial #442: GFLOPs: 9076.3243. Time: 12.7370 us. Best GFLOPs: 11366.9301
2025-10-07 10:19:46 [INFO] [task_scheduler.cc:131] [Task #0: main] Trial #443: GFLOPs: 8448.6444. Time: 13.6833 us. Best GFLOPs: 11366.9301
2025-10-07 10:19:46 [INFO] [task_scheduler.cc:131] [Task #0: main] Trial #444: GFLOPs: 8451.6059. Time: 13.6785 us. Best GFLOPs: 11366.9301
2025-10-07 10:19:46 [INFO] [task_scheduler.cc:131] [Task #0: main] Trial #445: GFLOPs: 9053.1468. Time: 12.7696 us. Best GFLOPs: 11366.9301
2025-10-07 10:19:46 [INFO] [task_scheduler.cc:131] [Task #0: main] Trial #446: GFLOPs: 2127.4312. Time: 54.3404 us. Best GFLOPs: 11366.9301
2025-10-07 10:19:46 [INFO] [task_scheduler.cc:131] [Task #0: main] Trial #447: GFLOPs: 2100.8236. Time: 55.0287 us. Best GFLOPs: 11366.9301
2025-10-07 10:19:46 [INFO] [task_scheduler.cc:131] [Task #0: main] Trial #448: GFLOPs: 599.9507. Time: 192.6917 us. Best GFLOPs: 11366.9301
2025-10-07 10:19:46 [INFO] [evolutionary_search.cc:713] Generating candidates......
2025-10-07 10:19:48 [INFO] [evolutionary_search.cc:715] Picked top 102 candidate(s) from database
2025-10-07 10:19:55 [INFO] [evolutionary_search.cc:533] Sample-Init-Population summary:
Postproc #0 [meta_schedule.DisallowDynamicLoop(0x10a35418)]: 0 failure(s)
Postproc #1 [meta_schedule.RewriteCooperativeFetch(0x119ea348)]: 0 failure(s)
Postproc #2 [meta_schedule.RewriteUnboundBlock(0x10b3f098)]: 0 failure(s)
Postproc #3 [meta_schedule.RewriteParallelVectorizeUnroll(0x10653038)]: 0 failure(s)
Postproc #4 [meta_schedule.RewriteReductionBlock(0x10966348)]: 0 failure(s)
Postproc #5 [meta_schedule.VerifyGPUCode(0x11e7fbb8)]: 305 failure(s)
Postproc #6 [meta_schedule.RewriteTensorize(0x1096e578)]: 0 failure(s)
2025-10-07 10:19:55 [INFO] [evolutionary_search.cc:723] Sampled 105 candidate(s)
2025-10-07 10:20:07 [INFO] [evolutionary_search.cc:621] Evolve iter #0 done. Summary:
Postproc #0 [meta_schedule.DisallowDynamicLoop(0x10a35418)]: 0 failure(s)
Postproc #1 [meta_schedule.RewriteCooperativeFetch(0x119ea348)]: 0 failure(s)
Postproc #2 [meta_schedule.RewriteUnboundBlock(0x10b3f098)]: 0 failure(s)
Postproc #3 [meta_schedule.RewriteParallelVectorizeUnroll(0x10653038)]: 0 failure(s)
Postproc #4 [meta_schedule.RewriteReductionBlock(0x10966348)]: 0 failure(s)
Postproc #5 [meta_schedule.VerifyGPUCode(0x11e7fbb8)]: 117 failure(s)
Postproc #6 [meta_schedule.RewriteTensorize(0x1096e578)]: 0 failure(s)
2025-10-07 10:20:21 [INFO] [evolutionary_search.cc:621] Evolve iter #1 done. Summary:
Postproc #0 [meta_schedule.DisallowDynamicLoop(0x10a35418)]: 0 failure(s)
Postproc #1 [meta_schedule.RewriteCooperativeFetch(0x119ea348)]: 0 failure(s)
Postproc #2 [meta_schedule.RewriteUnboundBlock(0x10b3f098)]: 0 failure(s)
Postproc #3 [meta_schedule.RewriteParallelVectorizeUnroll(0x10653038)]: 0 failure(s)
Postproc #4 [meta_schedule.RewriteReductionBlock(0x10966348)]: 0 failure(s)
Postproc #5 [meta_schedule.VerifyGPUCode(0x11e7fbb8)]: 103 failure(s)
Postproc #6 [meta_schedule.RewriteTensorize(0x1096e578)]: 0 failure(s)
2025-10-07 10:20:35 [INFO] [evolutionary_search.cc:621] Evolve iter #2 done. Summary:
Postproc #0 [meta_schedule.DisallowDynamicLoop(0x10a35418)]: 0 failure(s)
Postproc #1 [meta_schedule.RewriteCooperativeFetch(0x119ea348)]: 0 failure(s)
Postproc #2 [meta_schedule.RewriteUnboundBlock(0x10b3f098)]: 0 failure(s)
Postproc #3 [meta_schedule.RewriteParallelVectorizeUnroll(0x10653038)]: 0 failure(s)
Postproc #4 [meta_schedule.RewriteReductionBlock(0x10966348)]: 0 failure(s)
Postproc #5 [meta_schedule.VerifyGPUCode(0x11e7fbb8)]: 102 failure(s)
Postproc #6 [meta_schedule.RewriteTensorize(0x1096e578)]: 0 failure(s)
2025-10-07 10:20:49 [INFO] [evolutionary_search.cc:621] Evolve iter #3 done. Summary:
Postproc #0 [meta_schedule.DisallowDynamicLoop(0x10a35418)]: 0 failure(s)
Postproc #1 [meta_schedule.RewriteCooperativeFetch(0x119ea348)]: 0 failure(s)
Postproc #2 [meta_schedule.RewriteUnboundBlock(0x10b3f098)]: 0 failure(s)
Postproc #3 [meta_schedule.RewriteParallelVectorizeUnroll(0x10653038)]: 0 failure(s)
Postproc #4 [meta_schedule.RewriteReductionBlock(0x10966348)]: 0 failure(s)
Postproc #5 [meta_schedule.VerifyGPUCode(0x11e7fbb8)]: 110 failure(s)
Postproc #6 [meta_schedule.RewriteTensorize(0x1096e578)]: 0 failure(s)
2025-10-07 10:20:54 [INFO] [evolutionary_search.cc:649] Scores of the best 64 candidates:
[1 : 16]:	0.9600  0.9588  0.9588  0.9534  0.9509  0.9509  0.9504  0.9432  0.9425  0.9425  0.9395  0.9395  0.9379  0.9376  0.9376  0.9375
[17 : 32]:	0.9291  0.9245  0.9100  0.9100  0.9051  0.8982  0.8982  0.8952  0.8952  0.8758  0.8504  0.8387  0.8336  0.8298  0.8279  0.8227
[33 : 48]:	0.8144  0.8133  0.8133  0.8130  0.8116  0.8116  0.8111  0.8092  0.8074  0.8070  0.8063  0.8063  0.8051  0.8051  0.7994  0.7994
[49 : 64]:	0.7994  0.7983  0.7978  0.7970  0.7970  0.7970  0.7965  0.7954  0.7936  0.7923  0.7913  0.7902  0.7902  0.7901  0.7882  0.7852
2025-10-07 10:20:54 [INFO] [evolutionary_search.cc:727] Got 64 candidate(s) with evolutionary search
2025-10-07 10:20:54 [INFO] [evolutionary_search.cc:730] Sending 64 candidates(s) for measurement
2025-10-07 10:21:34 [INFO] [task_scheduler.cc:131] [Task #0: main] Trial #449: GFLOPs: 10155.4884. Time: 11.3835 us. Best GFLOPs: 11366.9301
2025-10-07 10:21:34 [INFO] [task_scheduler.cc:131] [Task #0: main] Trial #450: GFLOPs: 10669.9064. Time: 10.8347 us. Best GFLOPs: 11366.9301
2025-10-07 10:21:34 [INFO] [task_scheduler.cc:131] [Task #0: main] Trial #451: GFLOPs: 10668.7548. Time: 10.8359 us. Best GFLOPs: 11366.9301
2025-10-07 10:21:34 [INFO] [task_scheduler.cc:131] [Task #0: main] Trial #452: GFLOPs: 11066.5438. Time: 10.4464 us. Best GFLOPs: 11366.9301
2025-10-07 10:21:34 [INFO] [task_scheduler.cc:131] [Task #0: main] Trial #453: GFLOPs: 10498.2226. Time: 11.0119 us. Best GFLOPs: 11366.9301
2025-10-07 10:21:34 [INFO] [task_scheduler.cc:131] [Task #0: main] Trial #454: GFLOPs: 10494.1909. Time: 11.0161 us. Best GFLOPs: 11366.9301
2025-10-07 10:21:34 [INFO] [task_scheduler.cc:131] [Task #0: main] Trial #455: GFLOPs: 11417.6832. Time: 10.1251 us. Best GFLOPs: 11417.6832
2025-10-07 10:21:34 [INFO] [task_scheduler.cc:131] [Task #0: main] Trial #456: GFLOPs: 10747.7951. Time: 10.7562 us. Best GFLOPs: 11417.6832
2025-10-07 10:21:34 [INFO] [task_scheduler.cc:131] [Task #0: main] Trial #457: GFLOPs: 10921.2546. Time: 10.5854 us. Best GFLOPs: 11417.6832
2025-10-07 10:21:34 [INFO] [task_scheduler.cc:131] [Task #0: main] Trial #458: GFLOPs: 10790.8411. Time: 10.7133 us. Best GFLOPs: 11417.6832
2025-10-07 10:21:34 [INFO] [task_scheduler.cc:131] [Task #0: main] Trial #459: GFLOPs: 10488.0357. Time: 11.0226 us. Best GFLOPs: 11417.6832
2025-10-07 10:21:34 [INFO] [task_scheduler.cc:131] [Task #0: main] Trial #460: GFLOPs: 10312.3183. Time: 11.2104 us. Best GFLOPs: 11417.6832
2025-10-07 10:21:34 [INFO] [task_scheduler.cc:131] [Task #0: main] Trial #461: GFLOPs: 10662.1049. Time: 10.8427 us. Best GFLOPs: 11417.6832
2025-10-07 10:21:34 [INFO] [task_scheduler.cc:131] [Task #0: main] Trial #462: GFLOPs: 10611.5166. Time: 10.8943 us. Best GFLOPs: 11417.6832
2025-10-07 10:21:34 [INFO] [task_scheduler.cc:131] [Task #0: main] Trial #463: GFLOPs: 10611.2886. Time: 10.8946 us. Best GFLOPs: 11417.6832
2025-10-07 10:21:34 [INFO] [task_scheduler.cc:131] [Task #0: main] Trial #464: GFLOPs: 10653.5411. Time: 10.8514 us. Best GFLOPs: 11417.6832
2025-10-07 10:21:34 [INFO] [task_scheduler.cc:131] [Task #0: main] Trial #465: GFLOPs: 10465.8627. Time: 11.0460 us. Best GFLOPs: 11417.6832
2025-10-07 10:21:34 [INFO] [task_scheduler.cc:131] [Task #0: main] Trial #466: GFLOPs: 10465.5870. Time: 11.0463 us. Best GFLOPs: 11417.6832
2025-10-07 10:21:34 [INFO] [task_scheduler.cc:131] [Task #0: main] Trial #467: GFLOPs: 10648.6944. Time: 10.8563 us. Best GFLOPs: 11417.6832
2025-10-07 10:21:34 [INFO] [task_scheduler.cc:131] [Task #0: main] Trial #468: GFLOPs: 10648.8364. Time: 10.8562 us. Best GFLOPs: 11417.6832
2025-10-07 10:21:34 [INFO] [task_scheduler.cc:131] [Task #0: main] Trial #469: GFLOPs: 10330.8529. Time: 11.1903 us. Best GFLOPs: 11417.6832
2025-10-07 10:21:34 [INFO] [task_scheduler.cc:131] [Task #0: main] Trial #470: GFLOPs: 10210.0807. Time: 11.3227 us. Best GFLOPs: 11417.6832
2025-10-07 10:21:34 [INFO] [task_scheduler.cc:131] [Task #0: main] Trial #471: GFLOPs: 10209.9052. Time: 11.3229 us. Best GFLOPs: 11417.6832
2025-10-07 10:21:34 [INFO] [task_scheduler.cc:131] [Task #0: main] Trial #472: GFLOPs: 10183.2214. Time: 11.3525 us. Best GFLOPs: 11417.6832
2025-10-07 10:21:34 [INFO] [task_scheduler.cc:131] [Task #0: main] Trial #473: GFLOPs: 10182.3843. Time: 11.3535 us. Best GFLOPs: 11417.6832
2025-10-07 10:21:34 [INFO] [task_scheduler.cc:131] [Task #0: main] Trial #474: GFLOPs: 9729.5792. Time: 11.8819 us. Best GFLOPs: 11417.6832
2025-10-07 10:21:34 [INFO] [task_scheduler.cc:131] [Task #0: main] Trial #475: GFLOPs: 9834.1976. Time: 11.7555 us. Best GFLOPs: 11417.6832
2025-10-07 10:21:34 [INFO] [task_scheduler.cc:131] [Task #0: main] Trial #476: GFLOPs: 9926.5776. Time: 11.6461 us. Best GFLOPs: 11417.6832
2025-10-07 10:21:34 [INFO] [task_scheduler.cc:131] [Task #0: main] Trial #477: GFLOPs: 9839.7426. Time: 11.7488 us. Best GFLOPs: 11417.6832
2025-10-07 10:21:34 [INFO] [task_scheduler.cc:131] [Task #0: main] Trial #478: GFLOPs: 9866.6452. Time: 11.7168 us. Best GFLOPs: 11417.6832
2025-10-07 10:21:34 [INFO] [task_scheduler.cc:131] [Task #0: main] Trial #479: GFLOPs: 9209.8620. Time: 12.5524 us. Best GFLOPs: 11417.6832
2025-10-07 10:21:34 [INFO] [task_scheduler.cc:131] [Task #0: main] Trial #480: GFLOPs: 9997.9656. Time: 11.5629 us. Best GFLOPs: 11417.6832
2025-10-07 10:21:34 [INFO] [task_scheduler.cc:131] [Task #0: main] Trial #481: GFLOPs: 9159.0292. Time: 12.6220 us. Best GFLOPs: 11417.6832
2025-10-07 10:21:34 [INFO] [task_scheduler.cc:131] [Task #0: main] Trial #482: GFLOPs: 9180.9858. Time: 12.5918 us. Best GFLOPs: 11417.6832
2025-10-07 10:21:34 [INFO] [task_scheduler.cc:131] [Task #0: main] Trial #483: GFLOPs: 9576.1284. Time: 12.0723 us. Best GFLOPs: 11417.6832
2025-10-07 10:21:34 [INFO] [task_scheduler.cc:131] [Task #0: main] Trial #484: GFLOPs: 9832.0824. Time: 11.7580 us. Best GFLOPs: 11417.6832
2025-10-07 10:21:34 [INFO] [task_scheduler.cc:131] [Task #0: main] Trial #485: GFLOPs: 9286.4456. Time: 12.4488 us. Best GFLOPs: 11417.6832
2025-10-07 10:21:34 [INFO] [task_scheduler.cc:131] [Task #0: main] Trial #486: GFLOPs: 9291.5432. Time: 12.4420 us. Best GFLOPs: 11417.6832
2025-10-07 10:21:34 [INFO] [task_scheduler.cc:131] [Task #0: main] Trial #487: GFLOPs: 10213.9629. Time: 11.3184 us. Best GFLOPs: 11417.6832
2025-10-07 10:21:34 [INFO] [task_scheduler.cc:131] [Task #0: main] Trial #488: GFLOPs: 8809.3084. Time: 13.1231 us. Best GFLOPs: 11417.6832
2025-10-07 10:21:34 [INFO] [task_scheduler.cc:131] [Task #0: main] Trial #489: GFLOPs: 9191.4440. Time: 12.5775 us. Best GFLOPs: 11417.6832
2025-10-07 10:21:34 [INFO] [task_scheduler.cc:131] [Task #0: main] Trial #490: GFLOPs: 9133.9806. Time: 12.6566 us. Best GFLOPs: 11417.6832
2025-10-07 10:21:34 [INFO] [task_scheduler.cc:131] [Task #0: main] Trial #491: GFLOPs: 9011.9399. Time: 12.8280 us. Best GFLOPs: 11417.6832
2025-10-07 10:21:34 [INFO] [task_scheduler.cc:131] [Task #0: main] Trial #492: GFLOPs: 9011.2741. Time: 12.8290 us. Best GFLOPs: 11417.6832
2025-10-07 10:21:34 [INFO] [task_scheduler.cc:131] [Task #0: main] Trial #493: GFLOPs: 9083.7491. Time: 12.7266 us. Best GFLOPs: 11417.6832
2025-10-07 10:21:34 [INFO] [task_scheduler.cc:131] [Task #0: main] Trial #494: GFLOPs: 9084.6910. Time: 12.7253 us. Best GFLOPs: 11417.6832
2025-10-07 10:21:34 [INFO] [task_scheduler.cc:131] [Task #0: main] Trial #495: GFLOPs: 8215.7149. Time: 14.0713 us. Best GFLOPs: 11417.6832
2025-10-07 10:21:34 [INFO] [task_scheduler.cc:131] [Task #0: main] Trial #496: GFLOPs: 8215.6517. Time: 14.0714 us. Best GFLOPs: 11417.6832
2025-10-07 10:21:34 [INFO] [task_scheduler.cc:131] [Task #0: main] Trial #497: GFLOPs: 8216.0012. Time: 14.0708 us. Best GFLOPs: 11417.6832
2025-10-07 10:21:34 [INFO] [task_scheduler.cc:131] [Task #0: main] Trial #498: GFLOPs: 9102.3925. Time: 12.7006 us. Best GFLOPs: 11417.6832
2025-10-07 10:21:34 [INFO] [task_scheduler.cc:131] [Task #0: main] Trial #499: GFLOPs: 9173.1045. Time: 12.6027 us. Best GFLOPs: 11417.6832
2025-10-07 10:21:34 [INFO] [task_scheduler.cc:131] [Task #0: main] Trial #500: GFLOPs: 9092.1599. Time: 12.7149 us. Best GFLOPs: 11417.6832
2025-10-07 10:21:34 [INFO] [task_scheduler.cc:131] [Task #0: main] Trial #501: GFLOPs: 9121.3210. Time: 12.6742 us. Best GFLOPs: 11417.6832
2025-10-07 10:21:34 [INFO] [task_scheduler.cc:131] [Task #0: main] Trial #502: GFLOPs: 9122.4123. Time: 12.6727 us. Best GFLOPs: 11417.6832
2025-10-07 10:21:34 [INFO] [task_scheduler.cc:131] [Task #0: main] Trial #503: GFLOPs: 9055.0995. Time: 12.7669 us. Best GFLOPs: 11417.6832
2025-10-07 10:21:34 [INFO] [task_scheduler.cc:131] [Task #0: main] Trial #504: GFLOPs: 9167.1522. Time: 12.6108 us. Best GFLOPs: 11417.6832
2025-10-07 10:21:34 [INFO] [task_scheduler.cc:131] [Task #0: main] Trial #505: GFLOPs: 9042.5333. Time: 12.7846 us. Best GFLOPs: 11417.6832
2025-10-07 10:21:34 [INFO] [task_scheduler.cc:131] [Task #0: main] Trial #506: GFLOPs: 9214.2810. Time: 12.5463 us. Best GFLOPs: 11417.6832
2025-10-07 10:21:34 [INFO] [task_scheduler.cc:131] [Task #0: main] Trial #507: GFLOPs: 9216.4569. Time: 12.5434 us. Best GFLOPs: 11417.6832
2025-10-07 10:21:34 [INFO] [task_scheduler.cc:131] [Task #0: main] Trial #508: GFLOPs: 8925.8508. Time: 12.9518 us. Best GFLOPs: 11417.6832
2025-10-07 10:21:34 [INFO] [task_scheduler.cc:131] [Task #0: main] Trial #509: GFLOPs: 8796.6306. Time: 13.1420 us. Best GFLOPs: 11417.6832
2025-10-07 10:21:34 [INFO] [task_scheduler.cc:131] [Task #0: main] Trial #510: GFLOPs: 2761.2271. Time: 41.8674 us. Best GFLOPs: 11417.6832
2025-10-07 10:21:34 [INFO] [task_scheduler.cc:131] [Task #0: main] Trial #511: GFLOPs: 2228.0167. Time: 51.8872 us. Best GFLOPs: 11417.6832
2025-10-07 10:21:34 [INFO] [task_scheduler.cc:131] [Task #0: main] Trial #512: GFLOPs: 4843.9862. Time: 23.8658 us. Best GFLOPs: 11417.6832
2025-10-07 10:21:34 [INFO] [evolutionary_search.cc:713] Generating candidates......
2025-10-07 10:21:36 [INFO] [evolutionary_search.cc:715] Picked top 102 candidate(s) from database
2025-10-07 10:21:43 [INFO] [evolutionary_search.cc:533] Sample-Init-Population summary:
Postproc #0 [meta_schedule.DisallowDynamicLoop(0x10a35418)]: 0 failure(s)
Postproc #1 [meta_schedule.RewriteCooperativeFetch(0x119ea348)]: 0 failure(s)
Postproc #2 [meta_schedule.RewriteUnboundBlock(0x10b3f098)]: 0 failure(s)
Postproc #3 [meta_schedule.RewriteParallelVectorizeUnroll(0x10653038)]: 0 failure(s)
Postproc #4 [meta_schedule.RewriteReductionBlock(0x10966348)]: 0 failure(s)
Postproc #5 [meta_schedule.VerifyGPUCode(0x11e7fbb8)]: 313 failure(s)
Postproc #6 [meta_schedule.RewriteTensorize(0x1096e578)]: 0 failure(s)
2025-10-07 10:21:43 [INFO] [evolutionary_search.cc:723] Sampled 97 candidate(s)
2025-10-07 10:21:55 [INFO] [evolutionary_search.cc:621] Evolve iter #0 done. Summary:
Postproc #0 [meta_schedule.DisallowDynamicLoop(0x10a35418)]: 0 failure(s)
Postproc #1 [meta_schedule.RewriteCooperativeFetch(0x119ea348)]: 0 failure(s)
Postproc #2 [meta_schedule.RewriteUnboundBlock(0x10b3f098)]: 0 failure(s)
Postproc #3 [meta_schedule.RewriteParallelVectorizeUnroll(0x10653038)]: 0 failure(s)
Postproc #4 [meta_schedule.RewriteReductionBlock(0x10966348)]: 0 failure(s)
Postproc #5 [meta_schedule.VerifyGPUCode(0x11e7fbb8)]: 112 failure(s)
Postproc #6 [meta_schedule.RewriteTensorize(0x1096e578)]: 0 failure(s)
2025-10-07 10:22:09 [INFO] [evolutionary_search.cc:621] Evolve iter #1 done. Summary:
Postproc #0 [meta_schedule.DisallowDynamicLoop(0x10a35418)]: 0 failure(s)
Postproc #1 [meta_schedule.RewriteCooperativeFetch(0x119ea348)]: 0 failure(s)
Postproc #2 [meta_schedule.RewriteUnboundBlock(0x10b3f098)]: 0 failure(s)
Postproc #3 [meta_schedule.RewriteParallelVectorizeUnroll(0x10653038)]: 0 failure(s)
Postproc #4 [meta_schedule.RewriteReductionBlock(0x10966348)]: 0 failure(s)
Postproc #5 [meta_schedule.VerifyGPUCode(0x11e7fbb8)]: 81 failure(s)
Postproc #6 [meta_schedule.RewriteTensorize(0x1096e578)]: 0 failure(s)
2025-10-07 10:22:23 [INFO] [evolutionary_search.cc:621] Evolve iter #2 done. Summary:
Postproc #0 [meta_schedule.DisallowDynamicLoop(0x10a35418)]: 0 failure(s)
Postproc #1 [meta_schedule.RewriteCooperativeFetch(0x119ea348)]: 0 failure(s)
Postproc #2 [meta_schedule.RewriteUnboundBlock(0x10b3f098)]: 0 failure(s)
Postproc #3 [meta_schedule.RewriteParallelVectorizeUnroll(0x10653038)]: 0 failure(s)
Postproc #4 [meta_schedule.RewriteReductionBlock(0x10966348)]: 0 failure(s)
Postproc #5 [meta_schedule.VerifyGPUCode(0x11e7fbb8)]: 111 failure(s)
Postproc #6 [meta_schedule.RewriteTensorize(0x1096e578)]: 0 failure(s)
2025-10-07 10:22:37 [INFO] [evolutionary_search.cc:621] Evolve iter #3 done. Summary:
Postproc #0 [meta_schedule.DisallowDynamicLoop(0x10a35418)]: 0 failure(s)
Postproc #1 [meta_schedule.RewriteCooperativeFetch(0x119ea348)]: 0 failure(s)
Postproc #2 [meta_schedule.RewriteUnboundBlock(0x10b3f098)]: 0 failure(s)
Postproc #3 [meta_schedule.RewriteParallelVectorizeUnroll(0x10653038)]: 0 failure(s)
Postproc #4 [meta_schedule.RewriteReductionBlock(0x10966348)]: 0 failure(s)
Postproc #5 [meta_schedule.VerifyGPUCode(0x11e7fbb8)]: 94 failure(s)
Postproc #6 [meta_schedule.RewriteTensorize(0x1096e578)]: 0 failure(s)
2025-10-07 10:22:42 [INFO] [evolutionary_search.cc:649] Scores of the best 64 candidates:
[1 : 16]:	0.9332  0.9216  0.9008  0.8749  0.8637  0.8637  0.8522  0.8522  0.8514  0.8501  0.8411  0.8411  0.8367  0.8365  0.8365  0.8356
[17 : 32]:	0.8356  0.8254  0.8122  0.8048  0.8035  0.7978  0.7944  0.7944  0.7943  0.7925  0.7888  0.7888  0.7879  0.7879  0.7876  0.7876
[33 : 48]:	0.7848  0.7842  0.7841  0.7835  0.7828  0.7808  0.7779  0.7766  0.7758  0.7758  0.7755  0.7755  0.7731  0.7730  0.7717  0.7709
[49 : 64]:	0.7687  0.7687  0.7661  0.7613  0.7599  0.7599  0.7588  0.7569  0.7569  0.7567  0.7567  0.7567  0.7567  0.7510  0.7509  0.7456
2025-10-07 10:22:42 [INFO] [evolutionary_search.cc:727] Got 64 candidate(s) with evolutionary search
2025-10-07 10:22:42 [INFO] [evolutionary_search.cc:730] Sending 64 candidates(s) for measurement
2025-10-07 10:23:11 [INFO] [task_scheduler.cc:131] [Task #0: main] Trial #513: GFLOPs: 9807.0273. Time: 11.7880 us. Best GFLOPs: 11417.6832
2025-10-07 10:23:11 [INFO] [task_scheduler.cc:131] [Task #0: main] Trial #514: GFLOPs: 10681.0385. Time: 10.8234 us. Best GFLOPs: 11417.6832
2025-10-07 10:23:11 [INFO] [task_scheduler.cc:131] [Task #0: main] Trial #515: GFLOPs: 10363.7603. Time: 11.1548 us. Best GFLOPs: 11417.6832
2025-10-07 10:23:11 [INFO] [task_scheduler.cc:131] [Task #0: main] Trial #516: GFLOPs: 10203.9199. Time: 11.3295 us. Best GFLOPs: 11417.6832
2025-10-07 10:23:11 [INFO] [task_scheduler.cc:131] [Task #0: main] Trial #517: GFLOPs: 10068.7308. Time: 11.4816 us. Best GFLOPs: 11417.6832
2025-10-07 10:23:11 [INFO] [task_scheduler.cc:131] [Task #0: main] Trial #518: GFLOPs: 10262.1352. Time: 11.2652 us. Best GFLOPs: 11417.6832
2025-10-07 10:23:11 [INFO] [task_scheduler.cc:131] [Task #0: main] Trial #519: GFLOPs: 8503.2088. Time: 13.5955 us. Best GFLOPs: 11417.6832
2025-10-07 10:23:11 [INFO] [task_scheduler.cc:131] [Task #0: main] Trial #520: GFLOPs: 8503.5925. Time: 13.5949 us. Best GFLOPs: 11417.6832
2025-10-07 10:23:11 [INFO] [task_scheduler.cc:131] [Task #0: main] Trial #521: GFLOPs: 9918.3213. Time: 11.6558 us. Best GFLOPs: 11417.6832
2025-10-07 10:23:11 [INFO] [task_scheduler.cc:131] [Task #0: main] Trial #522: GFLOPs: 9898.2700. Time: 11.6794 us. Best GFLOPs: 11417.6832
2025-10-07 10:23:11 [INFO] [task_scheduler.cc:131] [Task #0: main] Trial #523: GFLOPs: 8595.2502. Time: 13.4499 us. Best GFLOPs: 11417.6832
2025-10-07 10:23:11 [INFO] [task_scheduler.cc:131] [Task #0: main] Trial #524: GFLOPs: 8594.8099. Time: 13.4506 us. Best GFLOPs: 11417.6832
2025-10-07 10:23:11 [INFO] [task_scheduler.cc:131] [Task #0: main] Trial #525: GFLOPs: 9952.9638. Time: 11.6152 us. Best GFLOPs: 11417.6832
2025-10-07 10:23:11 [INFO] [task_scheduler.cc:131] [Task #0: main] Trial #526: GFLOPs: 9932.5942. Time: 11.6390 us. Best GFLOPs: 11417.6832
2025-10-07 10:23:11 [INFO] [task_scheduler.cc:131] [Task #0: main] Trial #527: GFLOPs: 9215.0086. Time: 12.5453 us. Best GFLOPs: 11417.6832
2025-10-07 10:23:11 [INFO] [task_scheduler.cc:131] [Task #0: main] Trial #528: GFLOPs: 9210.4688. Time: 12.5515 us. Best GFLOPs: 11417.6832
2025-10-07 10:23:11 [INFO] [task_scheduler.cc:131] [Task #0: main] Trial #529: GFLOPs: 9209.0635. Time: 12.5534 us. Best GFLOPs: 11417.6832
2025-10-07 10:23:11 [INFO] [task_scheduler.cc:131] [Task #0: main] Trial #530: GFLOPs: 9994.6942. Time: 11.5667 us. Best GFLOPs: 11417.6832
2025-10-07 10:23:11 [INFO] [task_scheduler.cc:131] [Task #0: main] Trial #531: GFLOPs: 9224.3240. Time: 12.5327 us. Best GFLOPs: 11417.6832
2025-10-07 10:23:11 [INFO] [task_scheduler.cc:131] [Task #0: main] Trial #532: GFLOPs: 9153.8647. Time: 12.6291 us. Best GFLOPs: 11417.6832
2025-10-07 10:23:11 [INFO] [task_scheduler.cc:131] [Task #0: main] Trial #533: GFLOPs: 8967.8260. Time: 12.8911 us. Best GFLOPs: 11417.6832
2025-10-07 10:23:11 [INFO] [task_scheduler.cc:131] [Task #0: main] Trial #534: GFLOPs: 9440.6112. Time: 12.2456 us. Best GFLOPs: 11417.6832
2025-10-07 10:23:11 [INFO] [task_scheduler.cc:131] [Task #0: main] Trial #535: GFLOPs: 8490.1378. Time: 13.6164 us. Best GFLOPs: 11417.6832
2025-10-07 10:23:11 [INFO] [task_scheduler.cc:131] [Task #0: main] Trial #536: GFLOPs: 8505.1738. Time: 13.5924 us. Best GFLOPs: 11417.6832
2025-10-07 10:23:11 [INFO] [task_scheduler.cc:131] [Task #0: main] Trial #537: GFLOPs: 9021.7699. Time: 12.8141 us. Best GFLOPs: 11417.6832
2025-10-07 10:23:11 [INFO] [task_scheduler.cc:131] [Task #0: main] Trial #538: GFLOPs: 8921.3036. Time: 12.9584 us. Best GFLOPs: 11417.6832
2025-10-07 10:23:11 [INFO] [task_scheduler.cc:131] [Task #0: main] Trial #539: GFLOPs: 9053.5372. Time: 12.7691 us. Best GFLOPs: 11417.6832
2025-10-07 10:23:11 [INFO] [task_scheduler.cc:131] [Task #0: main] Trial #540: GFLOPs: 9008.2876. Time: 12.8332 us. Best GFLOPs: 11417.6832
2025-10-07 10:23:11 [INFO] [task_scheduler.cc:131] [Task #0: main] Trial #541: GFLOPs: 8923.5035. Time: 12.9552 us. Best GFLOPs: 11417.6832
2025-10-07 10:23:11 [INFO] [task_scheduler.cc:131] [Task #0: main] Trial #542: GFLOPs: 9087.3408. Time: 12.7216 us. Best GFLOPs: 11417.6832
2025-10-07 10:23:11 [INFO] [task_scheduler.cc:131] [Task #0: main] Trial #543: GFLOPs: 8923.0331. Time: 12.9559 us. Best GFLOPs: 11417.6832
2025-10-07 10:23:11 [INFO] [task_scheduler.cc:131] [Task #0: main] Trial #544: GFLOPs: 8920.9245. Time: 12.9589 us. Best GFLOPs: 11417.6832
2025-10-07 10:23:11 [INFO] [task_scheduler.cc:131] [Task #0: main] Trial #545: GFLOPs: 8924.7562. Time: 12.9534 us. Best GFLOPs: 11417.6832
2025-10-07 10:23:11 [INFO] [task_scheduler.cc:131] [Task #0: main] Trial #546: GFLOPs: 8799.6483. Time: 13.1375 us. Best GFLOPs: 11417.6832
2025-10-07 10:23:11 [INFO] [task_scheduler.cc:131] [Task #0: main] Trial #547: GFLOPs: 9050.9387. Time: 12.7728 us. Best GFLOPs: 11417.6832
2025-10-07 10:23:11 [INFO] [task_scheduler.cc:131] [Task #0: main] Trial #548: GFLOPs: 8452.5419. Time: 13.6770 us. Best GFLOPs: 11417.6832
2025-10-07 10:23:11 [INFO] [task_scheduler.cc:131] [Task #0: main] Trial #549: GFLOPs: 9049.4007. Time: 12.7749 us. Best GFLOPs: 11417.6832
2025-10-07 10:23:11 [INFO] [task_scheduler.cc:131] [Task #0: main] Trial #550: GFLOPs: 8929.6514. Time: 12.9463 us. Best GFLOPs: 11417.6832
2025-10-07 10:23:11 [INFO] [task_scheduler.cc:131] [Task #0: main] Trial #551: GFLOPs: 9049.4152. Time: 12.7749 us. Best GFLOPs: 11417.6832
2025-10-07 10:23:11 [INFO] [task_scheduler.cc:131] [Task #0: main] Trial #552: GFLOPs: 9020.7983. Time: 12.8154 us. Best GFLOPs: 11417.6832
2025-10-07 10:23:11 [INFO] [task_scheduler.cc:131] [Task #0: main] Trial #553: GFLOPs: 9018.6288. Time: 12.8185 us. Best GFLOPs: 11417.6832
2025-10-07 10:23:11 [INFO] [task_scheduler.cc:131] [Task #0: main] Trial #554: GFLOPs: 9018.3845. Time: 12.8189 us. Best GFLOPs: 11417.6832
2025-10-07 10:23:11 [INFO] [task_scheduler.cc:131] [Task #0: main] Trial #555: GFLOPs: 8551.5281. Time: 13.5187 us. Best GFLOPs: 11417.6832
2025-10-07 10:23:11 [INFO] [task_scheduler.cc:131] [Task #0: main] Trial #556: GFLOPs: 8551.8211. Time: 13.5182 us. Best GFLOPs: 11417.6832
2025-10-07 10:23:11 [INFO] [task_scheduler.cc:131] [Task #0: main] Trial #557: GFLOPs: 8551.5277. Time: 13.5187 us. Best GFLOPs: 11417.6832
2025-10-07 10:23:11 [INFO] [task_scheduler.cc:131] [Task #0: main] Trial #558: GFLOPs: 9005.7091. Time: 12.8369 us. Best GFLOPs: 11417.6832
2025-10-07 10:23:11 [INFO] [task_scheduler.cc:131] [Task #0: main] Trial #559: GFLOPs: 9048.7711. Time: 12.7758 us. Best GFLOPs: 11417.6832
2025-10-07 10:23:11 [INFO] [task_scheduler.cc:131] [Task #0: main] Trial #560: GFLOPs: 8333.7233. Time: 13.8720 us. Best GFLOPs: 11417.6832
2025-10-07 10:23:11 [INFO] [task_scheduler.cc:131] [Task #0: main] Trial #561: GFLOPs: 9015.4699. Time: 12.8230 us. Best GFLOPs: 11417.6832
2025-10-07 10:23:11 [INFO] [task_scheduler.cc:131] [Task #0: main] Trial #562: GFLOPs: 9015.4241. Time: 12.8231 us. Best GFLOPs: 11417.6832
2025-10-07 10:23:11 [INFO] [task_scheduler.cc:131] [Task #0: main] Trial #563: GFLOPs: 8253.5056. Time: 14.0068 us. Best GFLOPs: 11417.6832
2025-10-07 10:23:11 [INFO] [task_scheduler.cc:131] [Task #0: main] Trial #564: GFLOPs: 8998.6647. Time: 12.8470 us. Best GFLOPs: 11417.6832
2025-10-07 10:23:11 [INFO] [task_scheduler.cc:131] [Task #0: main] Trial #565: GFLOPs: 8335.2026. Time: 13.8695 us. Best GFLOPs: 11417.6832
2025-10-07 10:23:11 [INFO] [task_scheduler.cc:131] [Task #0: main] Trial #566: GFLOPs: 8333.9956. Time: 13.8716 us. Best GFLOPs: 11417.6832
2025-10-07 10:23:11 [INFO] [task_scheduler.cc:131] [Task #0: main] Trial #567: GFLOPs: 8786.8510. Time: 13.1566 us. Best GFLOPs: 11417.6832
2025-10-07 10:23:11 [INFO] [task_scheduler.cc:131] [Task #0: main] Trial #568: GFLOPs: 8345.0964. Time: 13.8531 us. Best GFLOPs: 11417.6832
2025-10-07 10:23:11 [INFO] [task_scheduler.cc:131] [Task #0: main] Trial #569: GFLOPs: 8344.5368. Time: 13.8540 us. Best GFLOPs: 11417.6832
2025-10-07 10:23:11 [INFO] [task_scheduler.cc:131] [Task #0: main] Trial #570: GFLOPs: 9021.3629. Time: 12.8146 us. Best GFLOPs: 11417.6832
2025-10-07 10:23:11 [INFO] [task_scheduler.cc:131] [Task #0: main] Trial #571: GFLOPs: 9020.7715. Time: 12.8155 us. Best GFLOPs: 11417.6832
2025-10-07 10:23:11 [INFO] [task_scheduler.cc:131] [Task #0: main] Trial #572: GFLOPs: 8398.2389. Time: 13.7654 us. Best GFLOPs: 11417.6832
2025-10-07 10:23:11 [INFO] [task_scheduler.cc:131] [Task #0: main] Trial #573: GFLOPs: 8398.8671. Time: 13.7644 us. Best GFLOPs: 11417.6832
2025-10-07 10:23:11 [INFO] [task_scheduler.cc:131] [Task #0: main] Trial #574: GFLOPs: 2384.6640. Time: 48.4787 us. Best GFLOPs: 11417.6832
2025-10-07 10:23:11 [INFO] [task_scheduler.cc:131] [Task #0: main] Trial #575: GFLOPs: 2906.5675. Time: 39.7739 us. Best GFLOPs: 11417.6832
2025-10-07 10:23:11 [INFO] [task_scheduler.cc:131] [Task #0: main] Trial #576: GFLOPs: 2019.8506. Time: 57.2347 us. Best GFLOPs: 11417.6832
2025-10-07 10:23:11 [INFO] [evolutionary_search.cc:713] Generating candidates......
2025-10-07 10:23:13 [INFO] [evolutionary_search.cc:715] Picked top 102 candidate(s) from database
2025-10-07 10:23:19 [INFO] [evolutionary_search.cc:533] Sample-Init-Population summary:
Postproc #0 [meta_schedule.DisallowDynamicLoop(0x10a35418)]: 0 failure(s)
Postproc #1 [meta_schedule.RewriteCooperativeFetch(0x119ea348)]: 0 failure(s)
Postproc #2 [meta_schedule.RewriteUnboundBlock(0x10b3f098)]: 0 failure(s)
Postproc #3 [meta_schedule.RewriteParallelVectorizeUnroll(0x10653038)]: 0 failure(s)
Postproc #4 [meta_schedule.RewriteReductionBlock(0x10966348)]: 0 failure(s)
Postproc #5 [meta_schedule.VerifyGPUCode(0x11e7fbb8)]: 296 failure(s)
Postproc #6 [meta_schedule.RewriteTensorize(0x1096e578)]: 0 failure(s)
2025-10-07 10:23:19 [INFO] [evolutionary_search.cc:723] Sampled 114 candidate(s)
2025-10-07 10:23:32 [INFO] [evolutionary_search.cc:621] Evolve iter #0 done. Summary:
Postproc #0 [meta_schedule.DisallowDynamicLoop(0x10a35418)]: 0 failure(s)
Postproc #1 [meta_schedule.RewriteCooperativeFetch(0x119ea348)]: 0 failure(s)
Postproc #2 [meta_schedule.RewriteUnboundBlock(0x10b3f098)]: 0 failure(s)
Postproc #3 [meta_schedule.RewriteParallelVectorizeUnroll(0x10653038)]: 0 failure(s)
Postproc #4 [meta_schedule.RewriteReductionBlock(0x10966348)]: 0 failure(s)
Postproc #5 [meta_schedule.VerifyGPUCode(0x11e7fbb8)]: 110 failure(s)
Postproc #6 [meta_schedule.RewriteTensorize(0x1096e578)]: 0 failure(s)
2025-10-07 10:23:45 [INFO] [evolutionary_search.cc:621] Evolve iter #1 done. Summary:
Postproc #0 [meta_schedule.DisallowDynamicLoop(0x10a35418)]: 0 failure(s)
Postproc #1 [meta_schedule.RewriteCooperativeFetch(0x119ea348)]: 0 failure(s)
Postproc #2 [meta_schedule.RewriteUnboundBlock(0x10b3f098)]: 0 failure(s)
Postproc #3 [meta_schedule.RewriteParallelVectorizeUnroll(0x10653038)]: 0 failure(s)
Postproc #4 [meta_schedule.RewriteReductionBlock(0x10966348)]: 0 failure(s)
Postproc #5 [meta_schedule.VerifyGPUCode(0x11e7fbb8)]: 90 failure(s)
Postproc #6 [meta_schedule.RewriteTensorize(0x1096e578)]: 0 failure(s)
2025-10-07 10:24:00 [INFO] [evolutionary_search.cc:621] Evolve iter #2 done. Summary:
Postproc #0 [meta_schedule.DisallowDynamicLoop(0x10a35418)]: 0 failure(s)
Postproc #1 [meta_schedule.RewriteCooperativeFetch(0x119ea348)]: 0 failure(s)
Postproc #2 [meta_schedule.RewriteUnboundBlock(0x10b3f098)]: 0 failure(s)
Postproc #3 [meta_schedule.RewriteParallelVectorizeUnroll(0x10653038)]: 0 failure(s)
Postproc #4 [meta_schedule.RewriteReductionBlock(0x10966348)]: 0 failure(s)
Postproc #5 [meta_schedule.VerifyGPUCode(0x11e7fbb8)]: 113 failure(s)
Postproc #6 [meta_schedule.RewriteTensorize(0x1096e578)]: 0 failure(s)
2025-10-07 10:24:15 [INFO] [evolutionary_search.cc:621] Evolve iter #3 done. Summary:
Postproc #0 [meta_schedule.DisallowDynamicLoop(0x10a35418)]: 0 failure(s)
Postproc #1 [meta_schedule.RewriteCooperativeFetch(0x119ea348)]: 0 failure(s)
Postproc #2 [meta_schedule.RewriteUnboundBlock(0x10b3f098)]: 0 failure(s)
Postproc #3 [meta_schedule.RewriteParallelVectorizeUnroll(0x10653038)]: 0 failure(s)
Postproc #4 [meta_schedule.RewriteReductionBlock(0x10966348)]: 0 failure(s)
Postproc #5 [meta_schedule.VerifyGPUCode(0x11e7fbb8)]: 123 failure(s)
Postproc #6 [meta_schedule.RewriteTensorize(0x1096e578)]: 0 failure(s)
2025-10-07 10:24:19 [INFO] [evolutionary_search.cc:649] Scores of the best 64 candidates:
[1 : 16]:	0.9009  0.8931  0.8478  0.8403  0.8403  0.8388  0.8335  0.8335  0.8240  0.8237  0.8237  0.8169  0.8169  0.8099  0.8035  0.8005
[17 : 32]:	0.7976  0.7972  0.7956  0.7937  0.7937  0.7881  0.7840  0.7794  0.7788  0.7767  0.7767  0.7754  0.7742  0.7698  0.7692  0.7684
[33 : 48]:	0.7684  0.7679  0.7678  0.7674  0.7674  0.7659  0.7659  0.7646  0.7646  0.7636  0.7628  0.7603  0.7603  0.7591  0.7560  0.7504
[49 : 64]:	0.7481  0.7481  0.7476  0.7393  0.7363  0.7332  0.7332  0.7308  0.7308  0.7278  0.7278  0.7267  0.7267  0.7265  0.7262  0.7240
2025-10-07 10:24:19 [INFO] [evolutionary_search.cc:727] Got 64 candidate(s) with evolutionary search
2025-10-07 10:24:19 [INFO] [evolutionary_search.cc:730] Sending 64 candidates(s) for measurement
2025-10-07 10:24:49 [INFO] [task_scheduler.cc:131] [Task #0: main] Trial #577: GFLOPs: 9951.1875. Time: 11.6173 us. Best GFLOPs: 11417.6832
2025-10-07 10:24:49 [INFO] [task_scheduler.cc:131] [Task #0: main] Trial #578: GFLOPs: 10253.0330. Time: 11.2752 us. Best GFLOPs: 11417.6832
2025-10-07 10:24:49 [INFO] [task_scheduler.cc:131] [Task #0: main] Trial #579: GFLOPs: 9844.8104. Time: 11.7428 us. Best GFLOPs: 11417.6832
2025-10-07 10:24:49 [INFO] [task_scheduler.cc:131] [Task #0: main] Trial #580: GFLOPs: 9855.5247. Time: 11.7300 us. Best GFLOPs: 11417.6832
2025-10-07 10:24:49 [INFO] [task_scheduler.cc:131] [Task #0: main] Trial #581: GFLOPs: 10267.5261. Time: 11.2593 us. Best GFLOPs: 11417.6832
2025-10-07 10:24:49 [INFO] [task_scheduler.cc:131] [Task #0: main] Trial #582: GFLOPs: 10925.6599. Time: 10.5811 us. Best GFLOPs: 11417.6832
2025-10-07 10:24:49 [INFO] [task_scheduler.cc:131] [Task #0: main] Trial #583: GFLOPs: 11312.1648. Time: 10.2196 us. Best GFLOPs: 11417.6832
2025-10-07 10:24:49 [INFO] [task_scheduler.cc:131] [Task #0: main] Trial #584: GFLOPs: 11031.3572. Time: 10.4797 us. Best GFLOPs: 11417.6832
2025-10-07 10:24:49 [INFO] [task_scheduler.cc:131] [Task #0: main] Trial #585: GFLOPs: 10862.7243. Time: 10.6424 us. Best GFLOPs: 11417.6832
2025-10-07 10:24:49 [INFO] [task_scheduler.cc:131] [Task #0: main] Trial #586: GFLOPs: 10673.6698. Time: 10.8309 us. Best GFLOPs: 11417.6832
2025-10-07 10:24:49 [INFO] [task_scheduler.cc:131] [Task #0: main] Trial #587: GFLOPs: 10899.4797. Time: 10.6065 us. Best GFLOPs: 11417.6832
2025-10-07 10:24:49 [INFO] [task_scheduler.cc:131] [Task #0: main] Trial #588: GFLOPs: 11212.4310. Time: 10.3105 us. Best GFLOPs: 11417.6832
2025-10-07 10:24:49 [INFO] [task_scheduler.cc:131] [Task #0: main] Trial #589: GFLOPs: 10815.5592. Time: 10.6888 us. Best GFLOPs: 11417.6832
2025-10-07 10:24:49 [INFO] [task_scheduler.cc:131] [Task #0: main] Trial #590: GFLOPs: 8403.5440. Time: 13.7568 us. Best GFLOPs: 11417.6832
2025-10-07 10:24:49 [INFO] [task_scheduler.cc:131] [Task #0: main] Trial #591: GFLOPs: 8700.4595. Time: 13.2873 us. Best GFLOPs: 11417.6832
2025-10-07 10:24:49 [INFO] [task_scheduler.cc:131] [Task #0: main] Trial #592: GFLOPs: 8980.1053. Time: 12.8735 us. Best GFLOPs: 11417.6832
2025-10-07 10:24:49 [INFO] [task_scheduler.cc:131] [Task #0: main] Trial #593: GFLOPs: 9361.9457. Time: 12.3484 us. Best GFLOPs: 11417.6832
2025-10-07 10:24:49 [INFO] [task_scheduler.cc:131] [Task #0: main] Trial #594: GFLOPs: 9051.6580. Time: 12.7717 us. Best GFLOPs: 11417.6832
2025-10-07 10:24:49 [INFO] [task_scheduler.cc:131] [Task #0: main] Trial #595: GFLOPs: 8639.1308. Time: 13.3816 us. Best GFLOPs: 11417.6832
2025-10-07 10:24:49 [INFO] [task_scheduler.cc:131] [Task #0: main] Trial #596: GFLOPs: 10915.8154. Time: 10.5906 us. Best GFLOPs: 11417.6832
2025-10-07 10:24:49 [INFO] [task_scheduler.cc:131] [Task #0: main] Trial #597: GFLOPs: 10283.5298. Time: 11.2418 us. Best GFLOPs: 11417.6832
2025-10-07 10:24:49 [INFO] [task_scheduler.cc:131] [Task #0: main] Trial #598: GFLOPs: 8912.4778. Time: 12.9712 us. Best GFLOPs: 11417.6832
2025-10-07 10:24:49 [INFO] [task_scheduler.cc:131] [Task #0: main] Trial #599: GFLOPs: 8794.9406. Time: 13.1445 us. Best GFLOPs: 11417.6832
2025-10-07 10:24:49 [INFO] [task_scheduler.cc:131] [Task #0: main] Trial #600: GFLOPs: 8794.7916. Time: 13.1448 us. Best GFLOPs: 11417.6832
2025-10-07 10:24:49 [INFO] [task_scheduler.cc:131] [Task #0: main] Trial #601: GFLOPs: 9001.7245. Time: 12.8426 us. Best GFLOPs: 11417.6832
2025-10-07 10:24:49 [INFO] [task_scheduler.cc:131] [Task #0: main] Trial #602: GFLOPs: 9994.7190. Time: 11.5667 us. Best GFLOPs: 11417.6832
2025-10-07 10:24:49 [INFO] [task_scheduler.cc:131] [Task #0: main] Trial #603: GFLOPs: 10574.1815. Time: 10.9328 us. Best GFLOPs: 11417.6832
2025-10-07 10:24:49 [INFO] [task_scheduler.cc:131] [Task #0: main] Trial #604: GFLOPs: 8331.0771. Time: 13.8764 us. Best GFLOPs: 11417.6832
2025-10-07 10:24:49 [INFO] [task_scheduler.cc:131] [Task #0: main] Trial #605: GFLOPs: 8920.7747. Time: 12.9591 us. Best GFLOPs: 11417.6832
2025-10-07 10:24:49 [INFO] [task_scheduler.cc:131] [Task #0: main] Trial #606: GFLOPs: 8522.0272. Time: 13.5655 us. Best GFLOPs: 11417.6832
2025-10-07 10:24:49 [INFO] [task_scheduler.cc:131] [Task #0: main] Trial #607: GFLOPs: 8341.6573. Time: 13.8588 us. Best GFLOPs: 11417.6832
2025-10-07 10:24:49 [INFO] [task_scheduler.cc:131] [Task #0: main] Trial #608: GFLOPs: 9015.1030. Time: 12.8235 us. Best GFLOPs: 11417.6832
2025-10-07 10:24:49 [INFO] [task_scheduler.cc:131] [Task #0: main] Trial #609: GFLOPs: 9017.9470. Time: 12.8195 us. Best GFLOPs: 11417.6832
2025-10-07 10:24:49 [INFO] [task_scheduler.cc:131] [Task #0: main] Trial #610: GFLOPs: 8260.1489. Time: 13.9956 us. Best GFLOPs: 11417.6832
2025-10-07 10:24:49 [INFO] [task_scheduler.cc:131] [Task #0: main] Trial #611: GFLOPs: 9073.1068. Time: 12.7416 us. Best GFLOPs: 11417.6832
2025-10-07 10:24:49 [INFO] [task_scheduler.cc:131] [Task #0: main] Trial #612: GFLOPs: 8521.8770. Time: 13.5657 us. Best GFLOPs: 11417.6832
2025-10-07 10:24:49 [INFO] [task_scheduler.cc:131] [Task #0: main] Trial #613: GFLOPs: 8522.7789. Time: 13.5643 us. Best GFLOPs: 11417.6832
2025-10-07 10:24:49 [INFO] [task_scheduler.cc:131] [Task #0: main] Trial #614: GFLOPs: 8826.0654. Time: 13.0982 us. Best GFLOPs: 11417.6832
2025-10-07 10:24:49 [INFO] [task_scheduler.cc:131] [Task #0: main] Trial #615: GFLOPs: 8829.3211. Time: 13.0934 us. Best GFLOPs: 11417.6832
2025-10-07 10:24:49 [INFO] [task_scheduler.cc:131] [Task #0: main] Trial #616: GFLOPs: 9058.3043. Time: 12.7624 us. Best GFLOPs: 11417.6832
2025-10-07 10:24:49 [INFO] [task_scheduler.cc:131] [Task #0: main] Trial #617: GFLOPs: 9058.3823. Time: 12.7623 us. Best GFLOPs: 11417.6832
2025-10-07 10:24:49 [INFO] [task_scheduler.cc:131] [Task #0: main] Trial #618: GFLOPs: 9024.9125. Time: 12.8096 us. Best GFLOPs: 11417.6832
2025-10-07 10:24:49 [INFO] [task_scheduler.cc:131] [Task #0: main] Trial #619: GFLOPs: 9146.2184. Time: 12.6397 us. Best GFLOPs: 11417.6832
2025-10-07 10:24:49 [INFO] [task_scheduler.cc:131] [Task #0: main] Trial #620: GFLOPs: 10772.2493. Time: 10.7318 us. Best GFLOPs: 11417.6832
2025-10-07 10:24:49 [INFO] [task_scheduler.cc:131] [Task #0: main] Trial #621: GFLOPs: 10597.7607. Time: 10.9085 us. Best GFLOPs: 11417.6832
2025-10-07 10:24:49 [INFO] [task_scheduler.cc:131] [Task #0: main] Trial #622: GFLOPs: 8554.7491. Time: 13.5136 us. Best GFLOPs: 11417.6832
2025-10-07 10:24:49 [INFO] [task_scheduler.cc:131] [Task #0: main] Trial #623: GFLOPs: 9047.1610. Time: 12.7781 us. Best GFLOPs: 11417.6832
2025-10-07 10:24:49 [INFO] [task_scheduler.cc:131] [Task #0: main] Trial #624: GFLOPs: 8538.1135. Time: 13.5399 us. Best GFLOPs: 11417.6832
2025-10-07 10:24:49 [INFO] [task_scheduler.cc:131] [Task #0: main] Trial #625: GFLOPs: 9020.2286. Time: 12.8162 us. Best GFLOPs: 11417.6832
2025-10-07 10:24:49 [INFO] [task_scheduler.cc:131] [Task #0: main] Trial #626: GFLOPs: 9017.4385. Time: 12.8202 us. Best GFLOPs: 11417.6832
2025-10-07 10:24:49 [INFO] [task_scheduler.cc:131] [Task #0: main] Trial #627: GFLOPs: 8260.2471. Time: 13.9954 us. Best GFLOPs: 11417.6832
2025-10-07 10:24:49 [INFO] [task_scheduler.cc:131] [Task #0: main] Trial #628: GFLOPs: 10168.5371. Time: 11.3689 us. Best GFLOPs: 11417.6832
2025-10-07 10:24:49 [INFO] [task_scheduler.cc:131] [Task #0: main] Trial #629: GFLOPs: 6045.7949. Time: 19.1216 us. Best GFLOPs: 11417.6832
2025-10-07 10:24:49 [INFO] [task_scheduler.cc:131] [Task #0: main] Trial #630: GFLOPs: 8090.7030. Time: 14.2887 us. Best GFLOPs: 11417.6832
2025-10-07 10:24:49 [INFO] [task_scheduler.cc:131] [Task #0: main] Trial #631: GFLOPs: 8091.1668. Time: 14.2879 us. Best GFLOPs: 11417.6832
2025-10-07 10:24:49 [INFO] [task_scheduler.cc:131] [Task #0: main] Trial #632: GFLOPs: 8206.7815. Time: 14.0866 us. Best GFLOPs: 11417.6832
2025-10-07 10:24:49 [INFO] [task_scheduler.cc:131] [Task #0: main] Trial #633: GFLOPs: 8208.1624. Time: 14.0842 us. Best GFLOPs: 11417.6832
2025-10-07 10:24:49 [INFO] [task_scheduler.cc:131] [Task #0: main] Trial #634: GFLOPs: 8142.2385. Time: 14.1982 us. Best GFLOPs: 11417.6832
2025-10-07 10:24:49 [INFO] [task_scheduler.cc:131] [Task #0: main] Trial #635: GFLOPs: 8140.7508. Time: 14.2008 us. Best GFLOPs: 11417.6832
2025-10-07 10:24:49 [INFO] [task_scheduler.cc:131] [Task #0: main] Trial #636: GFLOPs: 8164.8936. Time: 14.1589 us. Best GFLOPs: 11417.6832
2025-10-07 10:24:49 [INFO] [task_scheduler.cc:131] [Task #0: main] Trial #637: GFLOPs: 8165.0470. Time: 14.1586 us. Best GFLOPs: 11417.6832
2025-10-07 10:24:49 [INFO] [task_scheduler.cc:131] [Task #0: main] Trial #638: GFLOPs: 3338.8208. Time: 34.6247 us. Best GFLOPs: 11417.6832
2025-10-07 10:24:49 [INFO] [task_scheduler.cc:131] [Task #0: main] Trial #639: GFLOPs: 1473.8825. Time: 78.4360 us. Best GFLOPs: 11417.6832
2025-10-07 10:24:49 [INFO] [task_scheduler.cc:131] [Task #0: main] Trial #640: GFLOPs: 2659.7113. Time: 43.4654 us. Best GFLOPs: 11417.6832
2025-10-07 10:24:49 [INFO] [evolutionary_search.cc:713] Generating candidates......
2025-10-07 10:24:51 [INFO] [evolutionary_search.cc:715] Picked top 102 candidate(s) from database
2025-10-07 10:24:58 [INFO] [evolutionary_search.cc:533] Sample-Init-Population summary:
Postproc #0 [meta_schedule.DisallowDynamicLoop(0x10a35418)]: 0 failure(s)
Postproc #1 [meta_schedule.RewriteCooperativeFetch(0x119ea348)]: 0 failure(s)
Postproc #2 [meta_schedule.RewriteUnboundBlock(0x10b3f098)]: 0 failure(s)
Postproc #3 [meta_schedule.RewriteParallelVectorizeUnroll(0x10653038)]: 0 failure(s)
Postproc #4 [meta_schedule.RewriteReductionBlock(0x10966348)]: 0 failure(s)
Postproc #5 [meta_schedule.VerifyGPUCode(0x11e7fbb8)]: 309 failure(s)
Postproc #6 [meta_schedule.RewriteTensorize(0x1096e578)]: 0 failure(s)
2025-10-07 10:24:58 [INFO] [evolutionary_search.cc:723] Sampled 101 candidate(s)
2025-10-07 10:25:10 [INFO] [evolutionary_search.cc:621] Evolve iter #0 done. Summary:
Postproc #0 [meta_schedule.DisallowDynamicLoop(0x10a35418)]: 0 failure(s)
Postproc #1 [meta_schedule.RewriteCooperativeFetch(0x119ea348)]: 0 failure(s)
Postproc #2 [meta_schedule.RewriteUnboundBlock(0x10b3f098)]: 0 failure(s)
Postproc #3 [meta_schedule.RewriteParallelVectorizeUnroll(0x10653038)]: 0 failure(s)
Postproc #4 [meta_schedule.RewriteReductionBlock(0x10966348)]: 0 failure(s)
Postproc #5 [meta_schedule.VerifyGPUCode(0x11e7fbb8)]: 108 failure(s)
Postproc #6 [meta_schedule.RewriteTensorize(0x1096e578)]: 0 failure(s)
2025-10-07 10:25:24 [INFO] [evolutionary_search.cc:621] Evolve iter #1 done. Summary:
Postproc #0 [meta_schedule.DisallowDynamicLoop(0x10a35418)]: 0 failure(s)
Postproc #1 [meta_schedule.RewriteCooperativeFetch(0x119ea348)]: 0 failure(s)
Postproc #2 [meta_schedule.RewriteUnboundBlock(0x10b3f098)]: 0 failure(s)
Postproc #3 [meta_schedule.RewriteParallelVectorizeUnroll(0x10653038)]: 0 failure(s)
Postproc #4 [meta_schedule.RewriteReductionBlock(0x10966348)]: 0 failure(s)
Postproc #5 [meta_schedule.VerifyGPUCode(0x11e7fbb8)]: 98 failure(s)
Postproc #6 [meta_schedule.RewriteTensorize(0x1096e578)]: 0 failure(s)
2025-10-07 10:25:39 [INFO] [evolutionary_search.cc:621] Evolve iter #2 done. Summary:
Postproc #0 [meta_schedule.DisallowDynamicLoop(0x10a35418)]: 0 failure(s)
Postproc #1 [meta_schedule.RewriteCooperativeFetch(0x119ea348)]: 0 failure(s)
Postproc #2 [meta_schedule.RewriteUnboundBlock(0x10b3f098)]: 0 failure(s)
Postproc #3 [meta_schedule.RewriteParallelVectorizeUnroll(0x10653038)]: 0 failure(s)
Postproc #4 [meta_schedule.RewriteReductionBlock(0x10966348)]: 0 failure(s)
Postproc #5 [meta_schedule.VerifyGPUCode(0x11e7fbb8)]: 87 failure(s)
Postproc #6 [meta_schedule.RewriteTensorize(0x1096e578)]: 0 failure(s)
2025-10-07 10:25:53 [INFO] [evolutionary_search.cc:621] Evolve iter #3 done. Summary:
Postproc #0 [meta_schedule.DisallowDynamicLoop(0x10a35418)]: 0 failure(s)
Postproc #1 [meta_schedule.RewriteCooperativeFetch(0x119ea348)]: 0 failure(s)
Postproc #2 [meta_schedule.RewriteUnboundBlock(0x10b3f098)]: 0 failure(s)
Postproc #3 [meta_schedule.RewriteParallelVectorizeUnroll(0x10653038)]: 0 failure(s)
Postproc #4 [meta_schedule.RewriteReductionBlock(0x10966348)]: 0 failure(s)
Postproc #5 [meta_schedule.VerifyGPUCode(0x11e7fbb8)]: 96 failure(s)
Postproc #6 [meta_schedule.RewriteTensorize(0x1096e578)]: 0 failure(s)
2025-10-07 10:25:58 [INFO] [evolutionary_search.cc:649] Scores of the best 64 candidates:
[1 : 16]:	0.9742  0.9742  0.9714  0.9708  0.9342  0.8958  0.8790  0.8627  0.8458  0.8411  0.8411  0.8298  0.8298  0.8200  0.8098  0.8098
[17 : 32]:	0.8081  0.8064  0.8047  0.8028  0.7998  0.7979  0.7938  0.7883  0.7752  0.7749  0.7727  0.7724  0.7692  0.7644  0.7638  0.7629
[33 : 48]:	0.7587  0.7346  0.7336  0.7336  0.7332  0.7307  0.7304  0.7270  0.7264  0.7199  0.7176  0.7176  0.7167  0.7167  0.7113  0.7113
[49 : 64]:	0.7110  0.7090  0.7077  0.7055  0.7015  0.6999  0.6999  0.6990  0.6982  0.6973  0.6928  0.6926  0.6924  0.6886  0.6804  0.6793
2025-10-07 10:25:58 [INFO] [evolutionary_search.cc:727] Got 64 candidate(s) with evolutionary search
2025-10-07 10:25:58 [INFO] [evolutionary_search.cc:730] Sending 64 candidates(s) for measurement
2025-10-07 10:26:39 [INFO] [task_scheduler.cc:131] [Task #0: main] Trial #641: GFLOPs: 9661.6200. Time: 11.9654 us. Best GFLOPs: 11417.6832
2025-10-07 10:26:39 [INFO] [task_scheduler.cc:131] [Task #0: main] Trial #642: GFLOPs: 10926.4928. Time: 10.5803 us. Best GFLOPs: 11417.6832
2025-10-07 10:26:39 [INFO] [task_scheduler.cc:131] [Task #0: main] Trial #643: GFLOPs: 9943.0774. Time: 11.6267 us. Best GFLOPs: 11417.6832
2025-10-07 10:26:39 [INFO] [task_scheduler.cc:131] [Task #0: main] Trial #644: GFLOPs: 10612.1130. Time: 10.8937 us. Best GFLOPs: 11417.6832
2025-10-07 10:26:39 [INFO] [task_scheduler.cc:131] [Task #0: main] Trial #645: GFLOPs: 10724.9412. Time: 10.7791 us. Best GFLOPs: 11417.6832
2025-10-07 10:26:39 [INFO] [task_scheduler.cc:131] [Task #0: main] Trial #646: GFLOPs: 10373.0242. Time: 11.1448 us. Best GFLOPs: 11417.6832
2025-10-07 10:26:39 [INFO] [task_scheduler.cc:131] [Task #0: main] Trial #647: GFLOPs: 10263.8395. Time: 11.2634 us. Best GFLOPs: 11417.6832
2025-10-07 10:26:39 [INFO] [task_scheduler.cc:131] [Task #0: main] Trial #648: GFLOPs: 10173.0206. Time: 11.3639 us. Best GFLOPs: 11417.6832
2025-10-07 10:26:39 [INFO] [task_scheduler.cc:131] [Task #0: main] Trial #649: GFLOPs: 9884.7863. Time: 11.6953 us. Best GFLOPs: 11417.6832
2025-10-07 10:26:39 [INFO] [task_scheduler.cc:131] [Task #0: main] Trial #650: GFLOPs: 10215.2607. Time: 11.3169 us. Best GFLOPs: 11417.6832
2025-10-07 10:26:39 [INFO] [task_scheduler.cc:131] [Task #0: main] Trial #651: GFLOPs: 10013.7497. Time: 11.5447 us. Best GFLOPs: 11417.6832
2025-10-07 10:26:39 [INFO] [task_scheduler.cc:131] [Task #0: main] Trial #652: GFLOPs: 10213.2087. Time: 11.3192 us. Best GFLOPs: 11417.6832
2025-10-07 10:26:39 [INFO] [task_scheduler.cc:131] [Task #0: main] Trial #653: GFLOPs: 9198.4464. Time: 12.5679 us. Best GFLOPs: 11417.6832
2025-10-07 10:26:39 [INFO] [task_scheduler.cc:131] [Task #0: main] Trial #654: GFLOPs: 10169.8278. Time: 11.3675 us. Best GFLOPs: 11417.6832
2025-10-07 10:26:39 [INFO] [task_scheduler.cc:131] [Task #0: main] Trial #655: GFLOPs: 9287.2197. Time: 12.4478 us. Best GFLOPs: 11417.6832
2025-10-07 10:26:39 [INFO] [task_scheduler.cc:131] [Task #0: main] Trial #656: GFLOPs: 8876.9561. Time: 13.0231 us. Best GFLOPs: 11417.6832
2025-10-07 10:26:39 [INFO] [task_scheduler.cc:131] [Task #0: main] Trial #657: GFLOPs: 8873.0087. Time: 13.0289 us. Best GFLOPs: 11417.6832
2025-10-07 10:26:39 [INFO] [task_scheduler.cc:131] [Task #0: main] Trial #658: GFLOPs: 9288.1589. Time: 12.4465 us. Best GFLOPs: 11417.6832
2025-10-07 10:26:39 [INFO] [task_scheduler.cc:131] [Task #0: main] Trial #659: GFLOPs: 9462.4171. Time: 12.2173 us. Best GFLOPs: 11417.6832
2025-10-07 10:26:39 [INFO] [task_scheduler.cc:131] [Task #0: main] Trial #660: GFLOPs: 8861.6260. Time: 13.0456 us. Best GFLOPs: 11417.6832
2025-10-07 10:26:39 [INFO] [task_scheduler.cc:131] [Task #0: main] Trial #661: GFLOPs: 9104.5184. Time: 12.6976 us. Best GFLOPs: 11417.6832
2025-10-07 10:26:39 [INFO] [task_scheduler.cc:131] [Task #0: main] Trial #662: GFLOPs: 9002.1467. Time: 12.8420 us. Best GFLOPs: 11417.6832
2025-10-07 10:26:39 [INFO] [task_scheduler.cc:131] [Task #0: main] Trial #663: GFLOPs: 9169.7649. Time: 12.6072 us. Best GFLOPs: 11417.6832
2025-10-07 10:26:39 [INFO] [task_scheduler.cc:131] [Task #0: main] Trial #664: GFLOPs: 9209.4803. Time: 12.5529 us. Best GFLOPs: 11417.6832
2025-10-07 10:26:39 [INFO] [task_scheduler.cc:131] [Task #0: main] Trial #665: GFLOPs: 8944.1582. Time: 12.9253 us. Best GFLOPs: 11417.6832
2025-10-07 10:26:39 [INFO] [task_scheduler.cc:131] [Task #0: main] Trial #666: GFLOPs: 8826.7510. Time: 13.0972 us. Best GFLOPs: 11417.6832
2025-10-07 10:26:39 [INFO] [task_scheduler.cc:131] [Task #0: main] Trial #667: GFLOPs: 8809.1150. Time: 13.1234 us. Best GFLOPs: 11417.6832
2025-10-07 10:26:39 [INFO] [task_scheduler.cc:131] [Task #0: main] Trial #668: GFLOPs: 8784.2722. Time: 13.1605 us. Best GFLOPs: 11417.6832
2025-10-07 10:26:39 [INFO] [task_scheduler.cc:131] [Task #0: main] Trial #669: GFLOPs: 8801.7826. Time: 13.1343 us. Best GFLOPs: 11417.6832
2025-10-07 10:26:39 [INFO] [task_scheduler.cc:131] [Task #0: main] Trial #670: GFLOPs: 9022.9147. Time: 12.8124 us. Best GFLOPs: 11417.6832
2025-10-07 10:26:39 [INFO] [task_scheduler.cc:131] [Task #0: main] Trial #671: GFLOPs: 8788.1855. Time: 13.1546 us. Best GFLOPs: 11417.6832
2025-10-07 10:26:39 [INFO] [task_scheduler.cc:131] [Task #0: main] Trial #672: GFLOPs: 8303.6054. Time: 13.9223 us. Best GFLOPs: 11417.6832
2025-10-07 10:26:39 [INFO] [task_scheduler.cc:131] [Task #0: main] Trial #673: GFLOPs: 8529.2915. Time: 13.5539 us. Best GFLOPs: 11417.6832
2025-10-07 10:26:39 [INFO] [task_scheduler.cc:131] [Task #0: main] Trial #674: GFLOPs: 8335.3508. Time: 13.8693 us. Best GFLOPs: 11417.6832
2025-10-07 10:26:39 [INFO] [task_scheduler.cc:131] [Task #0: main] Trial #675: GFLOPs: 1712.3919. Time: 67.5111 us. Best GFLOPs: 11417.6832
2025-10-07 10:26:39 [INFO] [task_scheduler.cc:131] [Task #0: main] Trial #676: GFLOPs: 1713.5259. Time: 67.4664 us. Best GFLOPs: 11417.6832
2025-10-07 10:26:39 [INFO] [task_scheduler.cc:131] [Task #0: main] Trial #677: GFLOPs: 1715.2304. Time: 67.3994 us. Best GFLOPs: 11417.6832
2025-10-07 10:26:39 [INFO] [task_scheduler.cc:131] [Task #0: main] Trial #678: GFLOPs: 1716.1999. Time: 67.3613 us. Best GFLOPs: 11417.6832
2025-10-07 10:26:39 [INFO] [task_scheduler.cc:131] [Task #0: main] Trial #679: GFLOPs: 1716.0893. Time: 67.3657 us. Best GFLOPs: 11417.6832
2025-10-07 10:26:39 [INFO] [task_scheduler.cc:131] [Task #0: main] Trial #680: GFLOPs: 8195.9466. Time: 14.1052 us. Best GFLOPs: 11417.6832
2025-10-07 10:26:39 [INFO] [task_scheduler.cc:131] [Task #0: main] Trial #681: GFLOPs: 8041.1620. Time: 14.3767 us. Best GFLOPs: 11417.6832
2025-10-07 10:26:39 [INFO] [task_scheduler.cc:131] [Task #0: main] Trial #682: GFLOPs: 7948.9473. Time: 14.5435 us. Best GFLOPs: 11417.6832
2025-10-07 10:26:39 [INFO] [task_scheduler.cc:131] [Task #0: main] Trial #683: GFLOPs: 1713.3547. Time: 67.4732 us. Best GFLOPs: 11417.6832
2025-10-07 10:26:39 [INFO] [task_scheduler.cc:131] [Task #0: main] Trial #684: GFLOPs: 1713.1894. Time: 67.4797 us. Best GFLOPs: 11417.6832
2025-10-07 10:26:39 [INFO] [task_scheduler.cc:131] [Task #0: main] Trial #685: GFLOPs: 1714.7789. Time: 67.4171 us. Best GFLOPs: 11417.6832
2025-10-07 10:26:39 [INFO] [task_scheduler.cc:131] [Task #0: main] Trial #686: GFLOPs: 1713.9582. Time: 67.4494 us. Best GFLOPs: 11417.6832
2025-10-07 10:26:39 [INFO] [task_scheduler.cc:131] [Task #0: main] Trial #687: GFLOPs: 1716.2360. Time: 67.3599 us. Best GFLOPs: 11417.6832
2025-10-07 10:26:39 [INFO] [task_scheduler.cc:131] [Task #0: main] Trial #688: GFLOPs: 1716.8793. Time: 67.3347 us. Best GFLOPs: 11417.6832
2025-10-07 10:26:39 [INFO] [task_scheduler.cc:131] [Task #0: main] Trial #689: GFLOPs: 8170.6991. Time: 14.1488 us. Best GFLOPs: 11417.6832
2025-10-07 10:26:39 [INFO] [task_scheduler.cc:131] [Task #0: main] Trial #690: GFLOPs: 8119.3969. Time: 14.2382 us. Best GFLOPs: 11417.6832
2025-10-07 10:26:39 [INFO] [task_scheduler.cc:131] [Task #0: main] Trial #691: GFLOPs: 1712.8327. Time: 67.4938 us. Best GFLOPs: 11417.6832
2025-10-07 10:26:39 [INFO] [task_scheduler.cc:131] [Task #0: main] Trial #692: GFLOPs: 8192.1172. Time: 14.1118 us. Best GFLOPs: 11417.6832
2025-10-07 10:26:39 [INFO] [task_scheduler.cc:131] [Task #0: main] Trial #693: GFLOPs: 7354.3903. Time: 15.7193 us. Best GFLOPs: 11417.6832
2025-10-07 10:26:39 [INFO] [task_scheduler.cc:131] [Task #0: main] Trial #694: GFLOPs: 8154.4897. Time: 14.1769 us. Best GFLOPs: 11417.6832
2025-10-07 10:26:39 [INFO] [task_scheduler.cc:131] [Task #0: main] Trial #695: GFLOPs: 8153.7764. Time: 14.1782 us. Best GFLOPs: 11417.6832
2025-10-07 10:26:39 [INFO] [task_scheduler.cc:131] [Task #0: main] Trial #696: GFLOPs: 7405.6283. Time: 15.6105 us. Best GFLOPs: 11417.6832
2025-10-07 10:26:39 [INFO] [task_scheduler.cc:131] [Task #0: main] Trial #697: GFLOPs: 7435.4607. Time: 15.5479 us. Best GFLOPs: 11417.6832
2025-10-07 10:26:39 [INFO] [task_scheduler.cc:131] [Task #0: main] Trial #698: GFLOPs: 1717.3031. Time: 67.3181 us. Best GFLOPs: 11417.6832
2025-10-07 10:26:39 [INFO] [task_scheduler.cc:131] [Task #0: main] Trial #699: GFLOPs: 7310.3521. Time: 15.8139 us. Best GFLOPs: 11417.6832
2025-10-07 10:26:39 [INFO] [task_scheduler.cc:131] [Task #0: main] Trial #700: GFLOPs: 1686.9831. Time: 68.5280 us. Best GFLOPs: 11417.6832
2025-10-07 10:26:39 [INFO] [task_scheduler.cc:131] [Task #0: main] Trial #701: GFLOPs: 1687.2292. Time: 68.5180 us. Best GFLOPs: 11417.6832
2025-10-07 10:26:39 [INFO] [task_scheduler.cc:131] [Task #0: main] Trial #702: GFLOPs: 1120.0701. Time: 103.2127 us. Best GFLOPs: 11417.6832
2025-10-07 10:26:39 [INFO] [task_scheduler.cc:131] [Task #0: main] Trial #703: GFLOPs: 2018.4220. Time: 57.2752 us. Best GFLOPs: 11417.6832
2025-10-07 10:26:39 [INFO] [task_scheduler.cc:131] [Task #0: main] Trial #704: GFLOPs: 78.8030. Time: 1467.0196 us. Best GFLOPs: 11417.6832
2025-10-07 10:26:39 [INFO] [evolutionary_search.cc:713] Generating candidates......
2025-10-07 10:26:41 [INFO] [evolutionary_search.cc:715] Picked top 102 candidate(s) from database
2025-10-07 10:26:48 [INFO] [evolutionary_search.cc:533] Sample-Init-Population summary:
Postproc #0 [meta_schedule.DisallowDynamicLoop(0x10a35418)]: 0 failure(s)
Postproc #1 [meta_schedule.RewriteCooperativeFetch(0x119ea348)]: 0 failure(s)
Postproc #2 [meta_schedule.RewriteUnboundBlock(0x10b3f098)]: 0 failure(s)
Postproc #3 [meta_schedule.RewriteParallelVectorizeUnroll(0x10653038)]: 0 failure(s)
Postproc #4 [meta_schedule.RewriteReductionBlock(0x10966348)]: 0 failure(s)
Postproc #5 [meta_schedule.VerifyGPUCode(0x11e7fbb8)]: 312 failure(s)
Postproc #6 [meta_schedule.RewriteTensorize(0x1096e578)]: 0 failure(s)
2025-10-07 10:26:48 [INFO] [evolutionary_search.cc:723] Sampled 98 candidate(s)
2025-10-07 10:27:00 [INFO] [evolutionary_search.cc:621] Evolve iter #0 done. Summary:
Postproc #0 [meta_schedule.DisallowDynamicLoop(0x10a35418)]: 0 failure(s)
Postproc #1 [meta_schedule.RewriteCooperativeFetch(0x119ea348)]: 0 failure(s)
Postproc #2 [meta_schedule.RewriteUnboundBlock(0x10b3f098)]: 0 failure(s)
Postproc #3 [meta_schedule.RewriteParallelVectorizeUnroll(0x10653038)]: 0 failure(s)
Postproc #4 [meta_schedule.RewriteReductionBlock(0x10966348)]: 0 failure(s)
Postproc #5 [meta_schedule.VerifyGPUCode(0x11e7fbb8)]: 95 failure(s)
Postproc #6 [meta_schedule.RewriteTensorize(0x1096e578)]: 0 failure(s)
2025-10-07 10:27:15 [INFO] [evolutionary_search.cc:621] Evolve iter #1 done. Summary:
Postproc #0 [meta_schedule.DisallowDynamicLoop(0x10a35418)]: 0 failure(s)
Postproc #1 [meta_schedule.RewriteCooperativeFetch(0x119ea348)]: 0 failure(s)
Postproc #2 [meta_schedule.RewriteUnboundBlock(0x10b3f098)]: 0 failure(s)
Postproc #3 [meta_schedule.RewriteParallelVectorizeUnroll(0x10653038)]: 0 failure(s)
Postproc #4 [meta_schedule.RewriteReductionBlock(0x10966348)]: 0 failure(s)
Postproc #5 [meta_schedule.VerifyGPUCode(0x11e7fbb8)]: 101 failure(s)
Postproc #6 [meta_schedule.RewriteTensorize(0x1096e578)]: 0 failure(s)
2025-10-07 10:27:29 [INFO] [evolutionary_search.cc:621] Evolve iter #2 done. Summary:
Postproc #0 [meta_schedule.DisallowDynamicLoop(0x10a35418)]: 0 failure(s)
Postproc #1 [meta_schedule.RewriteCooperativeFetch(0x119ea348)]: 0 failure(s)
Postproc #2 [meta_schedule.RewriteUnboundBlock(0x10b3f098)]: 0 failure(s)
Postproc #3 [meta_schedule.RewriteParallelVectorizeUnroll(0x10653038)]: 0 failure(s)
Postproc #4 [meta_schedule.RewriteReductionBlock(0x10966348)]: 0 failure(s)
Postproc #5 [meta_schedule.VerifyGPUCode(0x11e7fbb8)]: 93 failure(s)
Postproc #6 [meta_schedule.RewriteTensorize(0x1096e578)]: 0 failure(s)
2025-10-07 10:27:44 [INFO] [evolutionary_search.cc:621] Evolve iter #3 done. Summary:
Postproc #0 [meta_schedule.DisallowDynamicLoop(0x10a35418)]: 0 failure(s)
Postproc #1 [meta_schedule.RewriteCooperativeFetch(0x119ea348)]: 0 failure(s)
Postproc #2 [meta_schedule.RewriteUnboundBlock(0x10b3f098)]: 0 failure(s)
Postproc #3 [meta_schedule.RewriteParallelVectorizeUnroll(0x10653038)]: 0 failure(s)
Postproc #4 [meta_schedule.RewriteReductionBlock(0x10966348)]: 0 failure(s)
Postproc #5 [meta_schedule.VerifyGPUCode(0x11e7fbb8)]: 101 failure(s)
Postproc #6 [meta_schedule.RewriteTensorize(0x1096e578)]: 0 failure(s)
2025-10-07 10:27:48 [INFO] [evolutionary_search.cc:649] Scores of the best 64 candidates:
[1 : 16]:	0.8831  0.8831  0.8729  0.8729  0.8716  0.8663  0.8557  0.8435  0.8412  0.8138  0.8053  0.7883  0.7831  0.7784  0.7780  0.7771
[17 : 32]:	0.7771  0.7654  0.7577  0.7279  0.7272  0.7175  0.7148  0.7136  0.7136  0.7125  0.7059  0.7059  0.7050  0.7041  0.7041  0.6957
[33 : 48]:	0.6924  0.6924  0.6915  0.6907  0.6907  0.6875  0.6875  0.6867  0.6867  0.6846  0.6846  0.6845  0.6808  0.6800  0.6800  0.6792
[49 : 64]:	0.6792  0.6789  0.6789  0.6789  0.6783  0.6756  0.6754  0.6754  0.6753  0.6742  0.6710  0.6710  0.6707  0.6697  0.6681  0.6675
2025-10-07 10:27:49 [INFO] [evolutionary_search.cc:727] Got 64 candidate(s) with evolutionary search
2025-10-07 10:27:49 [INFO] [evolutionary_search.cc:730] Sending 64 candidates(s) for measurement
2025-10-07 10:28:19 [INFO] [task_scheduler.cc:131] [Task #0: main] Trial #705: GFLOPs: 9564.7546. Time: 12.0866 us. Best GFLOPs: 11417.6832
2025-10-07 10:28:19 [INFO] [task_scheduler.cc:131] [Task #0: main] Trial #706: GFLOPs: 10056.6521. Time: 11.4954 us. Best GFLOPs: 11417.6832
2025-10-07 10:28:19 [INFO] [task_scheduler.cc:131] [Task #0: main] Trial #707: GFLOPs: 10283.5538. Time: 11.2418 us. Best GFLOPs: 11417.6832
2025-10-07 10:28:19 [INFO] [task_scheduler.cc:131] [Task #0: main] Trial #708: GFLOPs: 10174.5873. Time: 11.3622 us. Best GFLOPs: 11417.6832
2025-10-07 10:28:19 [INFO] [task_scheduler.cc:131] [Task #0: main] Trial #709: GFLOPs: 10227.8730. Time: 11.3030 us. Best GFLOPs: 11417.6832
2025-10-07 10:28:19 [INFO] [task_scheduler.cc:131] [Task #0: main] Trial #710: GFLOPs: 10262.8020. Time: 11.2645 us. Best GFLOPs: 11417.6832
2025-10-07 10:28:19 [INFO] [task_scheduler.cc:131] [Task #0: main] Trial #711: GFLOPs: 10301.4708. Time: 11.2222 us. Best GFLOPs: 11417.6832
2025-10-07 10:28:19 [INFO] [task_scheduler.cc:131] [Task #0: main] Trial #712: GFLOPs: 10234.2509. Time: 11.2959 us. Best GFLOPs: 11417.6832
2025-10-07 10:28:19 [INFO] [task_scheduler.cc:131] [Task #0: main] Trial #713: GFLOPs: 10298.4635. Time: 11.2255 us. Best GFLOPs: 11417.6832
2025-10-07 10:28:19 [INFO] [task_scheduler.cc:131] [Task #0: main] Trial #714: GFLOPs: 9176.8764. Time: 12.5975 us. Best GFLOPs: 11417.6832
2025-10-07 10:28:19 [INFO] [task_scheduler.cc:131] [Task #0: main] Trial #715: GFLOPs: 8623.2250. Time: 13.4063 us. Best GFLOPs: 11417.6832
2025-10-07 10:28:19 [INFO] [task_scheduler.cc:131] [Task #0: main] Trial #716: GFLOPs: 8790.1520. Time: 13.1517 us. Best GFLOPs: 11417.6832
2025-10-07 10:28:19 [INFO] [task_scheduler.cc:131] [Task #0: main] Trial #717: GFLOPs: 9441.3390. Time: 12.2446 us. Best GFLOPs: 11417.6832
2025-10-07 10:28:19 [INFO] [task_scheduler.cc:131] [Task #0: main] Trial #718: GFLOPs: 9068.2492. Time: 12.7484 us. Best GFLOPs: 11417.6832
2025-10-07 10:28:19 [INFO] [task_scheduler.cc:131] [Task #0: main] Trial #719: GFLOPs: 9034.3625. Time: 12.7962 us. Best GFLOPs: 11417.6832
2025-10-07 10:28:19 [INFO] [task_scheduler.cc:131] [Task #0: main] Trial #720: GFLOPs: 8753.0667. Time: 13.2074 us. Best GFLOPs: 11417.6832
2025-10-07 10:28:19 [INFO] [task_scheduler.cc:131] [Task #0: main] Trial #721: GFLOPs: 9122.5931. Time: 12.6724 us. Best GFLOPs: 11417.6832
2025-10-07 10:28:19 [INFO] [task_scheduler.cc:131] [Task #0: main] Trial #722: GFLOPs: 8261.0709. Time: 13.9940 us. Best GFLOPs: 11417.6832
2025-10-07 10:28:19 [INFO] [task_scheduler.cc:131] [Task #0: main] Trial #723: GFLOPs: 9003.6664. Time: 12.8398 us. Best GFLOPs: 11417.6832
2025-10-07 10:28:19 [INFO] [task_scheduler.cc:131] [Task #0: main] Trial #724: GFLOPs: 5227.5588. Time: 22.1146 us. Best GFLOPs: 11417.6832
2025-10-07 10:28:19 [INFO] [task_scheduler.cc:131] [Task #0: main] Trial #725: GFLOPs: 8081.1634. Time: 14.3056 us. Best GFLOPs: 11417.6832
2025-10-07 10:28:19 [INFO] [task_scheduler.cc:131] [Task #0: main] Trial #726: GFLOPs: 8475.0839. Time: 13.6406 us. Best GFLOPs: 11417.6832
2025-10-07 10:28:19 [INFO] [task_scheduler.cc:131] [Task #0: main] Trial #727: GFLOPs: 8411.9219. Time: 13.7431 us. Best GFLOPs: 11417.6832
2025-10-07 10:28:19 [INFO] [task_scheduler.cc:131] [Task #0: main] Trial #728: GFLOPs: 8202.4812. Time: 14.0940 us. Best GFLOPs: 11417.6832
2025-10-07 10:28:19 [INFO] [task_scheduler.cc:131] [Task #0: main] Trial #729: GFLOPs: 8202.5854. Time: 14.0938 us. Best GFLOPs: 11417.6832
2025-10-07 10:28:19 [INFO] [task_scheduler.cc:131] [Task #0: main] Trial #730: GFLOPs: 8051.8926. Time: 14.3576 us. Best GFLOPs: 11417.6832
2025-10-07 10:28:19 [INFO] [task_scheduler.cc:131] [Task #0: main] Trial #731: GFLOPs: 8000.7912. Time: 14.4493 us. Best GFLOPs: 11417.6832
2025-10-07 10:28:19 [INFO] [task_scheduler.cc:131] [Task #0: main] Trial #732: GFLOPs: 7998.9828. Time: 14.4525 us. Best GFLOPs: 11417.6832
2025-10-07 10:28:19 [INFO] [task_scheduler.cc:131] [Task #0: main] Trial #733: GFLOPs: 9094.9069. Time: 12.7110 us. Best GFLOPs: 11417.6832
2025-10-07 10:28:19 [INFO] [task_scheduler.cc:131] [Task #0: main] Trial #734: GFLOPs: 5934.1639. Time: 19.4813 us. Best GFLOPs: 11417.6832
2025-10-07 10:28:19 [INFO] [task_scheduler.cc:131] [Task #0: main] Trial #735: GFLOPs: 5934.4812. Time: 19.4803 us. Best GFLOPs: 11417.6832
2025-10-07 10:28:19 [INFO] [task_scheduler.cc:131] [Task #0: main] Trial #736: GFLOPs: 3182.9841. Time: 36.3198 us. Best GFLOPs: 11417.6832
2025-10-07 10:28:19 [INFO] [task_scheduler.cc:131] [Task #0: main] Trial #737: GFLOPs: 3183.1987. Time: 36.3174 us. Best GFLOPs: 11417.6832
2025-10-07 10:28:19 [INFO] [task_scheduler.cc:131] [Task #0: main] Trial #738: GFLOPs: 5493.4099. Time: 21.0444 us. Best GFLOPs: 11417.6832
2025-10-07 10:28:19 [INFO] [task_scheduler.cc:131] [Task #0: main] Trial #739: GFLOPs: 5767.1553. Time: 20.0455 us. Best GFLOPs: 11417.6832
2025-10-07 10:28:19 [INFO] [task_scheduler.cc:131] [Task #0: main] Trial #740: GFLOPs: 8149.0408. Time: 14.1864 us. Best GFLOPs: 11417.6832
2025-10-07 10:28:19 [INFO] [task_scheduler.cc:131] [Task #0: main] Trial #741: GFLOPs: 8146.7000. Time: 14.1905 us. Best GFLOPs: 11417.6832
2025-10-07 10:28:19 [INFO] [task_scheduler.cc:131] [Task #0: main] Trial #742: GFLOPs: 4904.8644. Time: 23.5696 us. Best GFLOPs: 11417.6832
2025-10-07 10:28:19 [INFO] [task_scheduler.cc:131] [Task #0: main] Trial #743: GFLOPs: 4981.2622. Time: 23.2081 us. Best GFLOPs: 11417.6832
2025-10-07 10:28:19 [INFO] [task_scheduler.cc:131] [Task #0: main] Trial #744: GFLOPs: 5923.2103. Time: 19.5174 us. Best GFLOPs: 11417.6832
2025-10-07 10:28:19 [INFO] [task_scheduler.cc:131] [Task #0: main] Trial #745: GFLOPs: 5925.4851. Time: 19.5099 us. Best GFLOPs: 11417.6832
2025-10-07 10:28:19 [INFO] [task_scheduler.cc:131] [Task #0: main] Trial #746: GFLOPs: 8104.6463. Time: 14.2641 us. Best GFLOPs: 11417.6832
2025-10-07 10:28:19 [INFO] [task_scheduler.cc:131] [Task #0: main] Trial #747: GFLOPs: 4995.2689. Time: 23.1430 us. Best GFLOPs: 11417.6832
2025-10-07 10:28:19 [INFO] [task_scheduler.cc:131] [Task #0: main] Trial #748: GFLOPs: 1885.4372. Time: 61.3150 us. Best GFLOPs: 11417.6832
2025-10-07 10:28:19 [INFO] [task_scheduler.cc:131] [Task #0: main] Trial #749: GFLOPs: 4965.3706. Time: 23.2824 us. Best GFLOPs: 11417.6832
2025-10-07 10:28:19 [INFO] [task_scheduler.cc:131] [Task #0: main] Trial #750: GFLOPs: 2964.5593. Time: 38.9958 us. Best GFLOPs: 11417.6832
2025-10-07 10:28:19 [INFO] [task_scheduler.cc:131] [Task #0: main] Trial #751: GFLOPs: 2964.6335. Time: 38.9949 us. Best GFLOPs: 11417.6832
2025-10-07 10:28:19 [INFO] [task_scheduler.cc:131] [Task #0: main] Trial #752: GFLOPs: 7350.2252. Time: 15.7282 us. Best GFLOPs: 11417.6832
2025-10-07 10:28:19 [INFO] [task_scheduler.cc:131] [Task #0: main] Trial #753: GFLOPs: 4255.0921. Time: 27.1687 us. Best GFLOPs: 11417.6832
2025-10-07 10:28:19 [INFO] [task_scheduler.cc:131] [Task #0: main] Trial #754: GFLOPs: 5271.0238. Time: 21.9323 us. Best GFLOPs: 11417.6832
2025-10-07 10:28:19 [INFO] [task_scheduler.cc:131] [Task #0: main] Trial #755: GFLOPs: 3146.6822. Time: 36.7389 us. Best GFLOPs: 11417.6832
2025-10-07 10:28:19 [INFO] [task_scheduler.cc:131] [Task #0: main] Trial #756: GFLOPs: 5619.0679. Time: 20.5738 us. Best GFLOPs: 11417.6832
2025-10-07 10:28:19 [INFO] [task_scheduler.cc:131] [Task #0: main] Trial #757: GFLOPs: 7994.4143. Time: 14.4608 us. Best GFLOPs: 11417.6832
2025-10-07 10:28:19 [INFO] [task_scheduler.cc:131] [Task #0: main] Trial #758: GFLOPs: 5441.2669. Time: 21.2461 us. Best GFLOPs: 11417.6832
2025-10-07 10:28:19 [INFO] [task_scheduler.cc:131] [Task #0: main] Trial #759: GFLOPs: 7075.8625. Time: 16.3380 us. Best GFLOPs: 11417.6832
2025-10-07 10:28:19 [INFO] [task_scheduler.cc:131] [Task #0: main] Trial #760: GFLOPs: 3140.3765. Time: 36.8126 us. Best GFLOPs: 11417.6832
2025-10-07 10:28:19 [INFO] [task_scheduler.cc:131] [Task #0: main] Trial #761: GFLOPs: 7393.4261. Time: 15.6363 us. Best GFLOPs: 11417.6832
2025-10-07 10:28:19 [INFO] [task_scheduler.cc:131] [Task #0: main] Trial #762: GFLOPs: 5212.8015. Time: 22.1772 us. Best GFLOPs: 11417.6832
2025-10-07 10:28:19 [INFO] [task_scheduler.cc:131] [Task #0: main] Trial #763: GFLOPs: 6020.3277. Time: 19.2025 us. Best GFLOPs: 11417.6832
2025-10-07 10:28:19 [INFO] [task_scheduler.cc:131] [Task #0: main] Trial #764: GFLOPs: 5671.8537. Time: 20.3823 us. Best GFLOPs: 11417.6832
2025-10-07 10:28:19 [INFO] [task_scheduler.cc:131] [Task #0: main] Trial #765: GFLOPs: 7903.2567. Time: 14.6276 us. Best GFLOPs: 11417.6832
2025-10-07 10:28:19 [INFO] [task_scheduler.cc:131] [Task #0: main] Trial #766: GFLOPs: 813.5874. Time: 142.0935 us. Best GFLOPs: 11417.6832
2025-10-07 10:28:19 [INFO] [task_scheduler.cc:131] [Task #0: main] Trial #767: GFLOPs: 948.6636. Time: 121.8614 us. Best GFLOPs: 11417.6832
2025-10-07 10:28:19 [INFO] [task_scheduler.cc:131] [Task #0: main] Trial #768: GFLOPs: 2249.9066. Time: 51.3824 us. Best GFLOPs: 11417.6832
2025-10-07 10:28:19 [INFO] [evolutionary_search.cc:713] Generating candidates......
2025-10-07 10:28:21 [INFO] [evolutionary_search.cc:715] Picked top 102 candidate(s) from database
2025-10-07 10:28:28 [INFO] [evolutionary_search.cc:533] Sample-Init-Population summary:
Postproc #0 [meta_schedule.DisallowDynamicLoop(0x10a35418)]: 0 failure(s)
Postproc #1 [meta_schedule.RewriteCooperativeFetch(0x119ea348)]: 0 failure(s)
Postproc #2 [meta_schedule.RewriteUnboundBlock(0x10b3f098)]: 0 failure(s)
Postproc #3 [meta_schedule.RewriteParallelVectorizeUnroll(0x10653038)]: 0 failure(s)
Postproc #4 [meta_schedule.RewriteReductionBlock(0x10966348)]: 0 failure(s)
Postproc #5 [meta_schedule.VerifyGPUCode(0x11e7fbb8)]: 313 failure(s)
Postproc #6 [meta_schedule.RewriteTensorize(0x1096e578)]: 0 failure(s)
2025-10-07 10:28:28 [INFO] [evolutionary_search.cc:723] Sampled 97 candidate(s)
2025-10-07 10:28:40 [INFO] [evolutionary_search.cc:621] Evolve iter #0 done. Summary:
Postproc #0 [meta_schedule.DisallowDynamicLoop(0x10a35418)]: 0 failure(s)
Postproc #1 [meta_schedule.RewriteCooperativeFetch(0x119ea348)]: 0 failure(s)
Postproc #2 [meta_schedule.RewriteUnboundBlock(0x10b3f098)]: 0 failure(s)
Postproc #3 [meta_schedule.RewriteParallelVectorizeUnroll(0x10653038)]: 0 failure(s)
Postproc #4 [meta_schedule.RewriteReductionBlock(0x10966348)]: 0 failure(s)
Postproc #5 [meta_schedule.VerifyGPUCode(0x11e7fbb8)]: 110 failure(s)
Postproc #6 [meta_schedule.RewriteTensorize(0x1096e578)]: 0 failure(s)
2025-10-07 10:28:54 [INFO] [evolutionary_search.cc:621] Evolve iter #1 done. Summary:
Postproc #0 [meta_schedule.DisallowDynamicLoop(0x10a35418)]: 0 failure(s)
Postproc #1 [meta_schedule.RewriteCooperativeFetch(0x119ea348)]: 0 failure(s)
Postproc #2 [meta_schedule.RewriteUnboundBlock(0x10b3f098)]: 0 failure(s)
Postproc #3 [meta_schedule.RewriteParallelVectorizeUnroll(0x10653038)]: 0 failure(s)
Postproc #4 [meta_schedule.RewriteReductionBlock(0x10966348)]: 0 failure(s)
Postproc #5 [meta_schedule.VerifyGPUCode(0x11e7fbb8)]: 61 failure(s)
Postproc #6 [meta_schedule.RewriteTensorize(0x1096e578)]: 0 failure(s)
2025-10-07 10:29:08 [INFO] [evolutionary_search.cc:621] Evolve iter #2 done. Summary:
Postproc #0 [meta_schedule.DisallowDynamicLoop(0x10a35418)]: 0 failure(s)
Postproc #1 [meta_schedule.RewriteCooperativeFetch(0x119ea348)]: 0 failure(s)
Postproc #2 [meta_schedule.RewriteUnboundBlock(0x10b3f098)]: 0 failure(s)
Postproc #3 [meta_schedule.RewriteParallelVectorizeUnroll(0x10653038)]: 0 failure(s)
Postproc #4 [meta_schedule.RewriteReductionBlock(0x10966348)]: 0 failure(s)
Postproc #5 [meta_schedule.VerifyGPUCode(0x11e7fbb8)]: 97 failure(s)
Postproc #6 [meta_schedule.RewriteTensorize(0x1096e578)]: 0 failure(s)
2025-10-07 10:29:23 [INFO] [evolutionary_search.cc:621] Evolve iter #3 done. Summary:
Postproc #0 [meta_schedule.DisallowDynamicLoop(0x10a35418)]: 0 failure(s)
Postproc #1 [meta_schedule.RewriteCooperativeFetch(0x119ea348)]: 0 failure(s)
Postproc #2 [meta_schedule.RewriteUnboundBlock(0x10b3f098)]: 0 failure(s)
Postproc #3 [meta_schedule.RewriteParallelVectorizeUnroll(0x10653038)]: 0 failure(s)
Postproc #4 [meta_schedule.RewriteReductionBlock(0x10966348)]: 0 failure(s)
Postproc #5 [meta_schedule.VerifyGPUCode(0x11e7fbb8)]: 82 failure(s)
Postproc #6 [meta_schedule.RewriteTensorize(0x1096e578)]: 0 failure(s)
2025-10-07 10:29:27 [INFO] [evolutionary_search.cc:649] Scores of the best 64 candidates:
[1 : 16]:	0.8715  0.8519  0.8235  0.8031  0.8011  0.7959  0.7933  0.7795  0.7674  0.7514  0.7475  0.7369  0.7369  0.7350  0.7347  0.7302
[17 : 32]:	0.7302  0.7278  0.7263  0.7263  0.7215  0.7206  0.7079  0.6960  0.6900  0.6753  0.6702  0.6635  0.6635  0.6634  0.6585  0.6585
[33 : 48]:	0.6571  0.6571  0.6497  0.6486  0.6468  0.6468  0.6410  0.6409  0.6409  0.6382  0.6330  0.6323  0.6323  0.6279  0.6259  0.6238
[49 : 64]:	0.6234  0.6225  0.6221  0.6221  0.6216  0.6216  0.6185  0.6158  0.6158  0.6128  0.6121  0.6121  0.6115  0.6108  0.6096  0.6076
2025-10-07 10:29:27 [INFO] [evolutionary_search.cc:727] Got 64 candidate(s) with evolutionary search
2025-10-07 10:29:27 [INFO] [evolutionary_search.cc:730] Sending 64 candidates(s) for measurement
2025-10-07 10:30:00 [INFO] [task_scheduler.cc:131] [Task #0: main] Trial #769: GFLOPs: 9532.6059. Time: 12.1274 us. Best GFLOPs: 11417.6832
2025-10-07 10:30:00 [INFO] [task_scheduler.cc:131] [Task #0: main] Trial #770: GFLOPs: 10270.3631. Time: 11.2562 us. Best GFLOPs: 11417.6832
2025-10-07 10:30:00 [INFO] [task_scheduler.cc:131] [Task #0: main] Trial #771: GFLOPs: 10482.1908. Time: 11.0288 us. Best GFLOPs: 11417.6832
2025-10-07 10:30:00 [INFO] [task_scheduler.cc:131] [Task #0: main] Trial #772: GFLOPs: 9151.9267. Time: 12.6318 us. Best GFLOPs: 11417.6832
2025-10-07 10:30:00 [INFO] [task_scheduler.cc:131] [Task #0: main] Trial #773: GFLOPs: 9264.9357. Time: 12.4777 us. Best GFLOPs: 11417.6832
2025-10-07 10:30:00 [INFO] [task_scheduler.cc:131] [Task #0: main] Trial #774: GFLOPs: 9275.0360. Time: 12.4642 us. Best GFLOPs: 11417.6832
2025-10-07 10:30:00 [INFO] [task_scheduler.cc:131] [Task #0: main] Trial #775: GFLOPs: 9438.2608. Time: 12.2486 us. Best GFLOPs: 11417.6832
2025-10-07 10:30:00 [INFO] [task_scheduler.cc:131] [Task #0: main] Trial #776: GFLOPs: 9206.7326. Time: 12.5566 us. Best GFLOPs: 11417.6832
2025-10-07 10:30:00 [INFO] [task_scheduler.cc:131] [Task #0: main] Trial #777: GFLOPs: 8778.2224. Time: 13.1696 us. Best GFLOPs: 11417.6832
2025-10-07 10:30:00 [INFO] [task_scheduler.cc:131] [Task #0: main] Trial #778: GFLOPs: 8489.6917. Time: 13.6172 us. Best GFLOPs: 11417.6832
2025-10-07 10:30:00 [INFO] [task_scheduler.cc:131] [Task #0: main] Trial #779: GFLOPs: 8476.6386. Time: 13.6381 us. Best GFLOPs: 11417.6832
2025-10-07 10:30:00 [INFO] [task_scheduler.cc:131] [Task #0: main] Trial #780: GFLOPs: 9860.7165. Time: 11.7238 us. Best GFLOPs: 11417.6832
2025-10-07 10:30:00 [INFO] [task_scheduler.cc:131] [Task #0: main] Trial #781: GFLOPs: 9861.0946. Time: 11.7234 us. Best GFLOPs: 11417.6832
2025-10-07 10:30:00 [INFO] [task_scheduler.cc:131] [Task #0: main] Trial #782: GFLOPs: 9226.5315. Time: 12.5297 us. Best GFLOPs: 11417.6832
2025-10-07 10:30:00 [INFO] [task_scheduler.cc:131] [Task #0: main] Trial #783: GFLOPs: 9830.4373. Time: 11.7600 us. Best GFLOPs: 11417.6832
2025-10-07 10:30:00 [INFO] [task_scheduler.cc:131] [Task #0: main] Trial #784: GFLOPs: 9214.0197. Time: 12.5467 us. Best GFLOPs: 11417.6832
2025-10-07 10:30:00 [INFO] [task_scheduler.cc:131] [Task #0: main] Trial #785: GFLOPs: 9214.3508. Time: 12.5462 us. Best GFLOPs: 11417.6832
2025-10-07 10:30:00 [INFO] [task_scheduler.cc:131] [Task #0: main] Trial #786: GFLOPs: 9838.0820. Time: 11.7508 us. Best GFLOPs: 11417.6832
2025-10-07 10:30:00 [INFO] [task_scheduler.cc:131] [Task #0: main] Trial #787: GFLOPs: 9831.0877. Time: 11.7592 us. Best GFLOPs: 11417.6832
2025-10-07 10:30:00 [INFO] [task_scheduler.cc:131] [Task #0: main] Trial #788: GFLOPs: 9832.1400. Time: 11.7579 us. Best GFLOPs: 11417.6832
2025-10-07 10:30:00 [INFO] [task_scheduler.cc:131] [Task #0: main] Trial #789: GFLOPs: 9182.7579. Time: 12.5894 us. Best GFLOPs: 11417.6832
2025-10-07 10:30:00 [INFO] [task_scheduler.cc:131] [Task #0: main] Trial #790: GFLOPs: 8192.7854. Time: 14.1106 us. Best GFLOPs: 11417.6832
2025-10-07 10:30:00 [INFO] [task_scheduler.cc:131] [Task #0: main] Trial #791: GFLOPs: 8131.6638. Time: 14.2167 us. Best GFLOPs: 11417.6832
2025-10-07 10:30:00 [INFO] [task_scheduler.cc:131] [Task #0: main] Trial #792: GFLOPs: 8078.6030. Time: 14.3101 us. Best GFLOPs: 11417.6832
2025-10-07 10:30:00 [INFO] [task_scheduler.cc:131] [Task #0: main] Trial #793: GFLOPs: 8724.5829. Time: 13.2505 us. Best GFLOPs: 11417.6832
2025-10-07 10:30:00 [INFO] [task_scheduler.cc:131] [Task #0: main] Trial #794: GFLOPs: 7983.7497. Time: 14.4801 us. Best GFLOPs: 11417.6832
2025-10-07 10:30:00 [INFO] [task_scheduler.cc:131] [Task #0: main] Trial #795: GFLOPs: 7302.2955. Time: 15.8314 us. Best GFLOPs: 11417.6832
2025-10-07 10:30:00 [INFO] [task_scheduler.cc:131] [Task #0: main] Trial #796: GFLOPs: 6788.1395. Time: 17.0305 us. Best GFLOPs: 11417.6832
2025-10-07 10:30:00 [INFO] [task_scheduler.cc:131] [Task #0: main] Trial #797: GFLOPs: 6788.2850. Time: 17.0301 us. Best GFLOPs: 11417.6832
2025-10-07 10:30:00 [INFO] [task_scheduler.cc:131] [Task #0: main] Trial #798: GFLOPs: 6861.1081. Time: 16.8494 us. Best GFLOPs: 11417.6832
2025-10-07 10:30:00 [INFO] [task_scheduler.cc:131] [Task #0: main] Trial #799: GFLOPs: 5894.2515. Time: 19.6133 us. Best GFLOPs: 11417.6832
2025-10-07 10:30:00 [INFO] [task_scheduler.cc:131] [Task #0: main] Trial #800: GFLOPs: 5893.9389. Time: 19.6143 us. Best GFLOPs: 11417.6832
2025-10-07 10:30:00 [INFO] [task_scheduler.cc:131] [Task #0: main] Trial #801: GFLOPs: 6888.7038. Time: 16.7819 us. Best GFLOPs: 11417.6832
2025-10-07 10:30:00 [INFO] [task_scheduler.cc:131] [Task #0: main] Trial #802: GFLOPs: 6888.7510. Time: 16.7818 us. Best GFLOPs: 11417.6832
2025-10-07 10:30:00 [INFO] [task_scheduler.cc:131] [Task #0: main] Trial #803: GFLOPs: 7880.3687. Time: 14.6701 us. Best GFLOPs: 11417.6832
2025-10-07 10:30:00 [INFO] [task_scheduler.cc:131] [Task #0: main] Trial #804: GFLOPs: 6018.8632. Time: 19.2072 us. Best GFLOPs: 11417.6832
2025-10-07 10:30:00 [INFO] [task_scheduler.cc:131] [Task #0: main] Trial #805: GFLOPs: 10273.3376. Time: 11.2530 us. Best GFLOPs: 11417.6832
2025-10-07 10:30:00 [INFO] [task_scheduler.cc:131] [Task #0: main] Trial #806: GFLOPs: 10036.3463. Time: 11.5187 us. Best GFLOPs: 11417.6832
2025-10-07 10:30:00 [INFO] [task_scheduler.cc:131] [Task #0: main] Trial #807: GFLOPs: 7250.0162. Time: 15.9456 us. Best GFLOPs: 11417.6832
2025-10-07 10:30:00 [INFO] [task_scheduler.cc:131] [Task #0: main] Trial #808: GFLOPs: 5021.9707. Time: 23.0199 us. Best GFLOPs: 11417.6832
2025-10-07 10:30:00 [INFO] [task_scheduler.cc:131] [Task #0: main] Trial #809: GFLOPs: 5240.1997. Time: 22.0613 us. Best GFLOPs: 11417.6832
2025-10-07 10:30:00 [INFO] [task_scheduler.cc:131] [Task #0: main] Trial #810: GFLOPs: 5581.4610. Time: 20.7124 us. Best GFLOPs: 11417.6832
2025-10-07 10:30:00 [INFO] [task_scheduler.cc:131] [Task #0: main] Trial #811: GFLOPs: 5627.1111. Time: 20.5444 us. Best GFLOPs: 11417.6832
2025-10-07 10:30:00 [INFO] [task_scheduler.cc:131] [Task #0: main] Trial #812: GFLOPs: 5229.4089. Time: 22.1068 us. Best GFLOPs: 11417.6832
2025-10-07 10:30:00 [INFO] [task_scheduler.cc:131] [Task #0: main] Trial #813: GFLOPs: 5007.7203. Time: 23.0855 us. Best GFLOPs: 11417.6832
2025-10-07 10:30:00 [INFO] [task_scheduler.cc:131] [Task #0: main] Trial #814: GFLOPs: 6896.3242. Time: 16.7634 us. Best GFLOPs: 11417.6832
2025-10-07 10:30:00 [INFO] [task_scheduler.cc:131] [Task #0: main] Trial #815: GFLOPs: 10377.1938. Time: 11.1403 us. Best GFLOPs: 11417.6832
2025-10-07 10:30:00 [INFO] [task_scheduler.cc:131] [Task #0: main] Trial #816: GFLOPs: 1740.9866. Time: 66.4023 us. Best GFLOPs: 11417.6832
2025-10-07 10:30:00 [INFO] [task_scheduler.cc:131] [Task #0: main] Trial #817: GFLOPs: 10079.8773. Time: 11.4689 us. Best GFLOPs: 11417.6832
2025-10-07 10:30:00 [INFO] [task_scheduler.cc:131] [Task #0: main] Trial #818: GFLOPs: 1544.6759. Time: 74.8413 us. Best GFLOPs: 11417.6832
2025-10-07 10:30:00 [INFO] [task_scheduler.cc:131] [Task #0: main] Trial #819: GFLOPs: 6770.4507. Time: 17.0750 us. Best GFLOPs: 11417.6832
2025-10-07 10:30:00 [INFO] [task_scheduler.cc:131] [Task #0: main] Trial #820: GFLOPs: 6779.0295. Time: 17.0534 us. Best GFLOPs: 11417.6832
2025-10-07 10:30:00 [INFO] [task_scheduler.cc:131] [Task #0: main] Trial #821: GFLOPs: 10275.5866. Time: 11.2505 us. Best GFLOPs: 11417.6832
2025-10-07 10:30:00 [INFO] [task_scheduler.cc:131] [Task #0: main] Trial #822: GFLOPs: 10089.7785. Time: 11.4577 us. Best GFLOPs: 11417.6832
2025-10-07 10:30:00 [INFO] [task_scheduler.cc:131] [Task #0: main] Trial #823: GFLOPs: 5626.9523. Time: 20.5450 us. Best GFLOPs: 11417.6832
2025-10-07 10:30:00 [INFO] [task_scheduler.cc:131] [Task #0: main] Trial #824: GFLOPs: 5657.4605. Time: 20.4342 us. Best GFLOPs: 11417.6832
2025-10-07 10:30:00 [INFO] [task_scheduler.cc:131] [Task #0: main] Trial #825: GFLOPs: 5623.0216. Time: 20.5593 us. Best GFLOPs: 11417.6832
2025-10-07 10:30:00 [INFO] [task_scheduler.cc:131] [Task #0: main] Trial #826: GFLOPs: 6515.1459. Time: 17.7441 us. Best GFLOPs: 11417.6832
2025-10-07 10:30:00 [INFO] [task_scheduler.cc:131] [Task #0: main] Trial #827: GFLOPs: 5442.2361. Time: 21.2423 us. Best GFLOPs: 11417.6832
2025-10-07 10:30:00 [INFO] [task_scheduler.cc:131] [Task #0: main] Trial #828: GFLOPs: 5510.0849. Time: 20.9807 us. Best GFLOPs: 11417.6832
2025-10-07 10:30:00 [INFO] [task_scheduler.cc:131] [Task #0: main] Trial #829: GFLOPs: 6513.7471. Time: 17.7479 us. Best GFLOPs: 11417.6832
2025-10-07 10:30:00 [INFO] [task_scheduler.cc:131] [Task #0: main] Trial #830: GFLOPs: 2028.2095. Time: 56.9988 us. Best GFLOPs: 11417.6832
2025-10-07 10:30:00 [INFO] [task_scheduler.cc:131] [Task #0: main] Trial #831: GFLOPs: 607.2054. Time: 190.3895 us. Best GFLOPs: 11417.6832
2025-10-07 10:30:00 [INFO] [task_scheduler.cc:131] [Task #0: main] Trial #832: GFLOPs: 1539.9432. Time: 75.0713 us. Best GFLOPs: 11417.6832
2025-10-07 10:30:00 [INFO] [evolutionary_search.cc:713] Generating candidates......
2025-10-07 10:30:02 [INFO] [evolutionary_search.cc:715] Picked top 102 candidate(s) from database
2025-10-07 10:30:08 [INFO] [evolutionary_search.cc:533] Sample-Init-Population summary:
Postproc #0 [meta_schedule.DisallowDynamicLoop(0x10a35418)]: 0 failure(s)
Postproc #1 [meta_schedule.RewriteCooperativeFetch(0x119ea348)]: 0 failure(s)
Postproc #2 [meta_schedule.RewriteUnboundBlock(0x10b3f098)]: 0 failure(s)
Postproc #3 [meta_schedule.RewriteParallelVectorizeUnroll(0x10653038)]: 0 failure(s)
Postproc #4 [meta_schedule.RewriteReductionBlock(0x10966348)]: 0 failure(s)
Postproc #5 [meta_schedule.VerifyGPUCode(0x11e7fbb8)]: 323 failure(s)
Postproc #6 [meta_schedule.RewriteTensorize(0x1096e578)]: 0 failure(s)
2025-10-07 10:30:08 [INFO] [evolutionary_search.cc:723] Sampled 87 candidate(s)
2025-10-07 10:30:20 [INFO] [evolutionary_search.cc:621] Evolve iter #0 done. Summary:
Postproc #0 [meta_schedule.DisallowDynamicLoop(0x10a35418)]: 0 failure(s)
Postproc #1 [meta_schedule.RewriteCooperativeFetch(0x119ea348)]: 0 failure(s)
Postproc #2 [meta_schedule.RewriteUnboundBlock(0x10b3f098)]: 0 failure(s)
Postproc #3 [meta_schedule.RewriteParallelVectorizeUnroll(0x10653038)]: 0 failure(s)
Postproc #4 [meta_schedule.RewriteReductionBlock(0x10966348)]: 0 failure(s)
Postproc #5 [meta_schedule.VerifyGPUCode(0x11e7fbb8)]: 95 failure(s)
Postproc #6 [meta_schedule.RewriteTensorize(0x1096e578)]: 0 failure(s)
2025-10-07 10:30:35 [INFO] [evolutionary_search.cc:621] Evolve iter #1 done. Summary:
Postproc #0 [meta_schedule.DisallowDynamicLoop(0x10a35418)]: 0 failure(s)
Postproc #1 [meta_schedule.RewriteCooperativeFetch(0x119ea348)]: 0 failure(s)
Postproc #2 [meta_schedule.RewriteUnboundBlock(0x10b3f098)]: 0 failure(s)
Postproc #3 [meta_schedule.RewriteParallelVectorizeUnroll(0x10653038)]: 0 failure(s)
Postproc #4 [meta_schedule.RewriteReductionBlock(0x10966348)]: 0 failure(s)
Postproc #5 [meta_schedule.VerifyGPUCode(0x11e7fbb8)]: 119 failure(s)
Postproc #6 [meta_schedule.RewriteTensorize(0x1096e578)]: 0 failure(s)
2025-10-07 10:30:50 [INFO] [evolutionary_search.cc:621] Evolve iter #2 done. Summary:
Postproc #0 [meta_schedule.DisallowDynamicLoop(0x10a35418)]: 0 failure(s)
Postproc #1 [meta_schedule.RewriteCooperativeFetch(0x119ea348)]: 0 failure(s)
Postproc #2 [meta_schedule.RewriteUnboundBlock(0x10b3f098)]: 0 failure(s)
Postproc #3 [meta_schedule.RewriteParallelVectorizeUnroll(0x10653038)]: 0 failure(s)
Postproc #4 [meta_schedule.RewriteReductionBlock(0x10966348)]: 0 failure(s)
Postproc #5 [meta_schedule.VerifyGPUCode(0x11e7fbb8)]: 108 failure(s)
Postproc #6 [meta_schedule.RewriteTensorize(0x1096e578)]: 0 failure(s)
2025-10-07 10:31:04 [INFO] [evolutionary_search.cc:621] Evolve iter #3 done. Summary:
Postproc #0 [meta_schedule.DisallowDynamicLoop(0x10a35418)]: 0 failure(s)
Postproc #1 [meta_schedule.RewriteCooperativeFetch(0x119ea348)]: 0 failure(s)
Postproc #2 [meta_schedule.RewriteUnboundBlock(0x10b3f098)]: 0 failure(s)
Postproc #3 [meta_schedule.RewriteParallelVectorizeUnroll(0x10653038)]: 0 failure(s)
Postproc #4 [meta_schedule.RewriteReductionBlock(0x10966348)]: 0 failure(s)
Postproc #5 [meta_schedule.VerifyGPUCode(0x11e7fbb8)]: 79 failure(s)
Postproc #6 [meta_schedule.RewriteTensorize(0x1096e578)]: 0 failure(s)
2025-10-07 10:31:08 [INFO] [evolutionary_search.cc:649] Scores of the best 64 candidates:
[1 : 16]:	0.8781  0.8781  0.8777  0.8777  0.8596  0.8562  0.8494  0.8410  0.8308  0.7968  0.7889  0.7858  0.7818  0.7744  0.7744  0.7251
[17 : 32]:	0.7171  0.6967  0.6802  0.6765  0.6690  0.6670  0.6670  0.6633  0.6535  0.6448  0.6405  0.6339  0.6330  0.6254  0.6221  0.6183
[33 : 48]:	0.6148  0.6148  0.6091  0.6091  0.6090  0.6048  0.6045  0.6020  0.6020  0.6013  0.6005  0.6005  0.6002  0.6002  0.6000  0.6000
[49 : 64]:	0.5999  0.5997  0.5996  0.5964  0.5964  0.5960  0.5960  0.5942  0.5935  0.5922  0.5915  0.5915  0.5911  0.5891  0.5878  0.5875
2025-10-07 10:31:09 [INFO] [evolutionary_search.cc:727] Got 64 candidate(s) with evolutionary search
2025-10-07 10:31:09 [INFO] [evolutionary_search.cc:730] Sending 64 candidates(s) for measurement
2025-10-07 10:31:39 [INFO] [task_scheduler.cc:131] [Task #0: main] Trial #833: GFLOPs: 9819.2241. Time: 11.7734 us. Best GFLOPs: 11417.6832
2025-10-07 10:31:39 [INFO] [task_scheduler.cc:131] [Task #0: main] Trial #834: GFLOPs: 10493.8996. Time: 11.0164 us. Best GFLOPs: 11417.6832
2025-10-07 10:31:39 [INFO] [task_scheduler.cc:131] [Task #0: main] Trial #835: GFLOPs: 10152.9805. Time: 11.3864 us. Best GFLOPs: 11417.6832
2025-10-07 10:31:39 [INFO] [task_scheduler.cc:131] [Task #0: main] Trial #836: GFLOPs: 10197.7915. Time: 11.3363 us. Best GFLOPs: 11417.6832
2025-10-07 10:31:39 [INFO] [task_scheduler.cc:131] [Task #0: main] Trial #837: GFLOPs: 9871.3660. Time: 11.7112 us. Best GFLOPs: 11417.6832
2025-10-07 10:31:39 [INFO] [task_scheduler.cc:131] [Task #0: main] Trial #838: GFLOPs: 9827.5161. Time: 11.7635 us. Best GFLOPs: 11417.6832
2025-10-07 10:31:39 [INFO] [task_scheduler.cc:131] [Task #0: main] Trial #839: GFLOPs: 9213.2714. Time: 12.5477 us. Best GFLOPs: 11417.6832
2025-10-07 10:31:39 [INFO] [task_scheduler.cc:131] [Task #0: main] Trial #840: GFLOPs: 9827.9550. Time: 11.7629 us. Best GFLOPs: 11417.6832
2025-10-07 10:31:39 [INFO] [task_scheduler.cc:131] [Task #0: main] Trial #841: GFLOPs: 9188.9811. Time: 12.5809 us. Best GFLOPs: 11417.6832
2025-10-07 10:31:39 [INFO] [task_scheduler.cc:131] [Task #0: main] Trial #842: GFLOPs: 9445.1817. Time: 12.2396 us. Best GFLOPs: 11417.6832
2025-10-07 10:31:39 [INFO] [task_scheduler.cc:131] [Task #0: main] Trial #843: GFLOPs: 8793.9110. Time: 13.1461 us. Best GFLOPs: 11417.6832
2025-10-07 10:31:39 [INFO] [task_scheduler.cc:131] [Task #0: main] Trial #844: GFLOPs: 8583.4913. Time: 13.4684 us. Best GFLOPs: 11417.6832
2025-10-07 10:31:39 [INFO] [task_scheduler.cc:131] [Task #0: main] Trial #845: GFLOPs: 8843.0007. Time: 13.0731 us. Best GFLOPs: 11417.6832
2025-10-07 10:31:39 [INFO] [task_scheduler.cc:131] [Task #0: main] Trial #846: GFLOPs: 10257.9750. Time: 11.2698 us. Best GFLOPs: 11417.6832
2025-10-07 10:31:39 [INFO] [task_scheduler.cc:131] [Task #0: main] Trial #847: GFLOPs: 10040.2930. Time: 11.5142 us. Best GFLOPs: 11417.6832
2025-10-07 10:31:39 [INFO] [task_scheduler.cc:131] [Task #0: main] Trial #848: GFLOPs: 9005.6757. Time: 12.8370 us. Best GFLOPs: 11417.6832
2025-10-07 10:31:39 [INFO] [task_scheduler.cc:131] [Task #0: main] Trial #849: GFLOPs: 8145.7314. Time: 14.1922 us. Best GFLOPs: 11417.6832
2025-10-07 10:31:39 [INFO] [task_scheduler.cc:131] [Task #0: main] Trial #850: GFLOPs: 10304.6352. Time: 11.2188 us. Best GFLOPs: 11417.6832
2025-10-07 10:31:39 [INFO] [task_scheduler.cc:131] [Task #0: main] Trial #851: GFLOPs: 10257.4174. Time: 11.2704 us. Best GFLOPs: 11417.6832
2025-10-07 10:31:39 [INFO] [task_scheduler.cc:131] [Task #0: main] Trial #852: GFLOPs: 10331.1955. Time: 11.1899 us. Best GFLOPs: 11417.6832
2025-10-07 10:31:39 [INFO] [task_scheduler.cc:131] [Task #0: main] Trial #853: GFLOPs: 10376.6520. Time: 11.1409 us. Best GFLOPs: 11417.6832
2025-10-07 10:31:39 [INFO] [task_scheduler.cc:131] [Task #0: main] Trial #854: GFLOPs: 10315.9752. Time: 11.2065 us. Best GFLOPs: 11417.6832
2025-10-07 10:31:39 [INFO] [task_scheduler.cc:131] [Task #0: main] Trial #855: GFLOPs: 10315.8449. Time: 11.2066 us. Best GFLOPs: 11417.6832
2025-10-07 10:31:39 [INFO] [task_scheduler.cc:131] [Task #0: main] Trial #856: GFLOPs: 9240.3123. Time: 12.5110 us. Best GFLOPs: 11417.6832
2025-10-07 10:31:39 [INFO] [task_scheduler.cc:131] [Task #0: main] Trial #857: GFLOPs: 7077.8616. Time: 16.3334 us. Best GFLOPs: 11417.6832
2025-10-07 10:31:39 [INFO] [task_scheduler.cc:131] [Task #0: main] Trial #858: GFLOPs: 2268.6318. Time: 50.9582 us. Best GFLOPs: 11417.6832
2025-10-07 10:31:39 [INFO] [task_scheduler.cc:131] [Task #0: main] Trial #859: GFLOPs: 5940.5057. Time: 19.4605 us. Best GFLOPs: 11417.6832
2025-10-07 10:31:39 [INFO] [task_scheduler.cc:131] [Task #0: main] Trial #860: GFLOPs: 1255.8853. Time: 92.0510 us. Best GFLOPs: 11417.6832
2025-10-07 10:31:39 [INFO] [task_scheduler.cc:131] [Task #0: main] Trial #861: GFLOPs: 9255.8109. Time: 12.4900 us. Best GFLOPs: 11417.6832
2025-10-07 10:31:39 [INFO] [task_scheduler.cc:131] [Task #0: main] Trial #862: GFLOPs: 1254.5592. Time: 92.1483 us. Best GFLOPs: 11417.6832
2025-10-07 10:31:39 [INFO] [task_scheduler.cc:131] [Task #0: main] Trial #863: GFLOPs: 6033.2742. Time: 19.1613 us. Best GFLOPs: 11417.6832
2025-10-07 10:31:39 [INFO] [task_scheduler.cc:131] [Task #0: main] Trial #864: GFLOPs: 5230.5231. Time: 22.1021 us. Best GFLOPs: 11417.6832
2025-10-07 10:31:39 [INFO] [task_scheduler.cc:131] [Task #0: main] Trial #865: GFLOPs: 5361.8201. Time: 21.5609 us. Best GFLOPs: 11417.6832
2025-10-07 10:31:39 [INFO] [task_scheduler.cc:131] [Task #0: main] Trial #866: GFLOPs: 5362.2236. Time: 21.5592 us. Best GFLOPs: 11417.6832
2025-10-07 10:31:39 [INFO] [task_scheduler.cc:131] [Task #0: main] Trial #867: GFLOPs: 10634.3235. Time: 10.8710 us. Best GFLOPs: 11417.6832
2025-10-07 10:31:39 [INFO] [task_scheduler.cc:131] [Task #0: main] Trial #868: GFLOPs: 11046.9296. Time: 10.4649 us. Best GFLOPs: 11417.6832
2025-10-07 10:31:39 [INFO] [task_scheduler.cc:131] [Task #0: main] Trial #869: GFLOPs: 6605.3609. Time: 17.5018 us. Best GFLOPs: 11417.6832
2025-10-07 10:31:39 [INFO] [task_scheduler.cc:131] [Task #0: main] Trial #870: GFLOPs: 10964.6644. Time: 10.5435 us. Best GFLOPs: 11417.6832
2025-10-07 10:31:39 [INFO] [task_scheduler.cc:131] [Task #0: main] Trial #871: GFLOPs: 6896.9799. Time: 16.7618 us. Best GFLOPs: 11417.6832
2025-10-07 10:31:39 [INFO] [task_scheduler.cc:131] [Task #0: main] Trial #872: GFLOPs: 6896.0379. Time: 16.7640 us. Best GFLOPs: 11417.6832
2025-10-07 10:31:39 [INFO] [task_scheduler.cc:131] [Task #0: main] Trial #873: GFLOPs: 10690.3365. Time: 10.8140 us. Best GFLOPs: 11417.6832
2025-10-07 10:31:39 [INFO] [task_scheduler.cc:131] [Task #0: main] Trial #874: GFLOPs: 10898.5235. Time: 10.6074 us. Best GFLOPs: 11417.6832
2025-10-07 10:31:39 [INFO] [task_scheduler.cc:131] [Task #0: main] Trial #875: GFLOPs: 6413.4018. Time: 18.0256 us. Best GFLOPs: 11417.6832
2025-10-07 10:31:39 [INFO] [task_scheduler.cc:131] [Task #0: main] Trial #876: GFLOPs: 6413.1349. Time: 18.0264 us. Best GFLOPs: 11417.6832
2025-10-07 10:31:39 [INFO] [task_scheduler.cc:131] [Task #0: main] Trial #877: GFLOPs: 6781.0113. Time: 17.0484 us. Best GFLOPs: 11417.6832
2025-10-07 10:31:39 [INFO] [task_scheduler.cc:131] [Task #0: main] Trial #878: GFLOPs: 6780.8977. Time: 17.0487 us. Best GFLOPs: 11417.6832
2025-10-07 10:31:39 [INFO] [task_scheduler.cc:131] [Task #0: main] Trial #879: GFLOPs: 5012.3848. Time: 23.0640 us. Best GFLOPs: 11417.6832
2025-10-07 10:31:39 [INFO] [task_scheduler.cc:131] [Task #0: main] Trial #880: GFLOPs: 5012.2487. Time: 23.0646 us. Best GFLOPs: 11417.6832
2025-10-07 10:31:39 [INFO] [task_scheduler.cc:131] [Task #0: main] Trial #881: GFLOPs: 6558.8855. Time: 17.6258 us. Best GFLOPs: 11417.6832
2025-10-07 10:31:39 [INFO] [task_scheduler.cc:131] [Task #0: main] Trial #882: GFLOPs: 6871.0084. Time: 16.8251 us. Best GFLOPs: 11417.6832
2025-10-07 10:31:39 [INFO] [task_scheduler.cc:131] [Task #0: main] Trial #883: GFLOPs: 6514.4347. Time: 17.7461 us. Best GFLOPs: 11417.6832
2025-10-07 10:31:39 [INFO] [task_scheduler.cc:131] [Task #0: main] Trial #884: GFLOPs: 11373.6703. Time: 10.1643 us. Best GFLOPs: 11417.6832
2025-10-07 10:31:39 [INFO] [task_scheduler.cc:131] [Task #0: main] Trial #885: GFLOPs: 10808.1783. Time: 10.6961 us. Best GFLOPs: 11417.6832
2025-10-07 10:31:39 [INFO] [task_scheduler.cc:131] [Task #0: main] Trial #886: GFLOPs: 6933.2288. Time: 16.6741 us. Best GFLOPs: 11417.6832
2025-10-07 10:31:39 [INFO] [task_scheduler.cc:131] [Task #0: main] Trial #887: GFLOPs: 6924.4130. Time: 16.6954 us. Best GFLOPs: 11417.6832
2025-10-07 10:31:39 [INFO] [task_scheduler.cc:131] [Task #0: main] Trial #888: GFLOPs: 6514.2465. Time: 17.7466 us. Best GFLOPs: 11417.6832
2025-10-07 10:31:39 [INFO] [task_scheduler.cc:131] [Task #0: main] Trial #889: GFLOPs: 10403.6915. Time: 11.1120 us. Best GFLOPs: 11417.6832
2025-10-07 10:31:39 [INFO] [task_scheduler.cc:131] [Task #0: main] Trial #890: GFLOPs: 10270.4210. Time: 11.2562 us. Best GFLOPs: 11417.6832
2025-10-07 10:31:39 [INFO] [task_scheduler.cc:131] [Task #0: main] Trial #891: GFLOPs: 10925.3043. Time: 10.5814 us. Best GFLOPs: 11417.6832
2025-10-07 10:31:39 [INFO] [task_scheduler.cc:131] [Task #0: main] Trial #892: GFLOPs: 11085.0308. Time: 10.4290 us. Best GFLOPs: 11417.6832
2025-10-07 10:31:39 [INFO] [task_scheduler.cc:131] [Task #0: main] Trial #893: GFLOPs: 11121.9048. Time: 10.3944 us. Best GFLOPs: 11417.6832
2025-10-07 10:31:39 [INFO] [task_scheduler.cc:131] [Task #0: main] Trial #894: GFLOPs: 907.2053. Time: 127.4304 us. Best GFLOPs: 11417.6832
2025-10-07 10:31:39 [INFO] [task_scheduler.cc:131] [Task #0: main] Trial #895: GFLOPs: 1898.9832. Time: 60.8776 us. Best GFLOPs: 11417.6832
2025-10-07 10:31:39 [INFO] [task_scheduler.cc:131] [Task #0: main] Trial #896: GFLOPs: 646.9748. Time: 178.6863 us. Best GFLOPs: 11417.6832
2025-10-07 10:31:39 [INFO] [evolutionary_search.cc:713] Generating candidates......
2025-10-07 10:31:41 [INFO] [evolutionary_search.cc:715] Picked top 102 candidate(s) from database
2025-10-07 10:31:48 [INFO] [evolutionary_search.cc:533] Sample-Init-Population summary:
Postproc #0 [meta_schedule.DisallowDynamicLoop(0x10a35418)]: 0 failure(s)
Postproc #1 [meta_schedule.RewriteCooperativeFetch(0x119ea348)]: 0 failure(s)
Postproc #2 [meta_schedule.RewriteUnboundBlock(0x10b3f098)]: 0 failure(s)
Postproc #3 [meta_schedule.RewriteParallelVectorizeUnroll(0x10653038)]: 0 failure(s)
Postproc #4 [meta_schedule.RewriteReductionBlock(0x10966348)]: 0 failure(s)
Postproc #5 [meta_schedule.VerifyGPUCode(0x11e7fbb8)]: 314 failure(s)
Postproc #6 [meta_schedule.RewriteTensorize(0x1096e578)]: 0 failure(s)
2025-10-07 10:31:48 [INFO] [evolutionary_search.cc:723] Sampled 96 candidate(s)
2025-10-07 10:32:00 [INFO] [evolutionary_search.cc:621] Evolve iter #0 done. Summary:
Postproc #0 [meta_schedule.DisallowDynamicLoop(0x10a35418)]: 0 failure(s)
Postproc #1 [meta_schedule.RewriteCooperativeFetch(0x119ea348)]: 0 failure(s)
Postproc #2 [meta_schedule.RewriteUnboundBlock(0x10b3f098)]: 0 failure(s)
Postproc #3 [meta_schedule.RewriteParallelVectorizeUnroll(0x10653038)]: 0 failure(s)
Postproc #4 [meta_schedule.RewriteReductionBlock(0x10966348)]: 0 failure(s)
Postproc #5 [meta_schedule.VerifyGPUCode(0x11e7fbb8)]: 95 failure(s)
Postproc #6 [meta_schedule.RewriteTensorize(0x1096e578)]: 0 failure(s)
2025-10-07 10:32:14 [INFO] [evolutionary_search.cc:621] Evolve iter #1 done. Summary:
Postproc #0 [meta_schedule.DisallowDynamicLoop(0x10a35418)]: 0 failure(s)
Postproc #1 [meta_schedule.RewriteCooperativeFetch(0x119ea348)]: 0 failure(s)
Postproc #2 [meta_schedule.RewriteUnboundBlock(0x10b3f098)]: 0 failure(s)
Postproc #3 [meta_schedule.RewriteParallelVectorizeUnroll(0x10653038)]: 0 failure(s)
Postproc #4 [meta_schedule.RewriteReductionBlock(0x10966348)]: 0 failure(s)
Postproc #5 [meta_schedule.VerifyGPUCode(0x11e7fbb8)]: 90 failure(s)
Postproc #6 [meta_schedule.RewriteTensorize(0x1096e578)]: 0 failure(s)
2025-10-07 10:32:29 [INFO] [evolutionary_search.cc:621] Evolve iter #2 done. Summary:
Postproc #0 [meta_schedule.DisallowDynamicLoop(0x10a35418)]: 0 failure(s)
Postproc #1 [meta_schedule.RewriteCooperativeFetch(0x119ea348)]: 0 failure(s)
Postproc #2 [meta_schedule.RewriteUnboundBlock(0x10b3f098)]: 0 failure(s)
Postproc #3 [meta_schedule.RewriteParallelVectorizeUnroll(0x10653038)]: 0 failure(s)
Postproc #4 [meta_schedule.RewriteReductionBlock(0x10966348)]: 0 failure(s)
Postproc #5 [meta_schedule.VerifyGPUCode(0x11e7fbb8)]: 104 failure(s)
Postproc #6 [meta_schedule.RewriteTensorize(0x1096e578)]: 0 failure(s)
2025-10-07 10:32:43 [INFO] [evolutionary_search.cc:621] Evolve iter #3 done. Summary:
Postproc #0 [meta_schedule.DisallowDynamicLoop(0x10a35418)]: 0 failure(s)
Postproc #1 [meta_schedule.RewriteCooperativeFetch(0x119ea348)]: 0 failure(s)
Postproc #2 [meta_schedule.RewriteUnboundBlock(0x10b3f098)]: 0 failure(s)
Postproc #3 [meta_schedule.RewriteParallelVectorizeUnroll(0x10653038)]: 0 failure(s)
Postproc #4 [meta_schedule.RewriteReductionBlock(0x10966348)]: 0 failure(s)
Postproc #5 [meta_schedule.VerifyGPUCode(0x11e7fbb8)]: 82 failure(s)
Postproc #6 [meta_schedule.RewriteTensorize(0x1096e578)]: 0 failure(s)
2025-10-07 10:32:48 [INFO] [evolutionary_search.cc:649] Scores of the best 64 candidates:
[1 : 16]:	0.9731  0.9699  0.9699  0.9638  0.9634  0.9634  0.9606  0.9590  0.9578  0.9578  0.9572  0.9543  0.9543  0.9542  0.9542  0.9542
[17 : 32]:	0.9538  0.9523  0.9523  0.9517  0.9516  0.9513  0.9512  0.9495  0.9485  0.9480  0.9474  0.9444  0.9432  0.9384  0.9376  0.9376
[33 : 48]:	0.9374  0.9368  0.9355  0.9327  0.9327  0.9321  0.9313  0.9313  0.9311  0.9311  0.9298  0.9294  0.9288  0.9284  0.9261  0.9257
[49 : 64]:	0.9257  0.9257  0.9253  0.9222  0.9222  0.9218  0.9117  0.9099  0.9089  0.9027  0.9025  0.8941  0.8928  0.8870  0.8818  0.8818
2025-10-07 10:32:48 [INFO] [evolutionary_search.cc:727] Got 64 candidate(s) with evolutionary search
2025-10-07 10:32:48 [INFO] [evolutionary_search.cc:730] Sending 64 candidates(s) for measurement
2025-10-07 10:33:15 [INFO] [task_scheduler.cc:131] [Task #0: main] Trial #897: GFLOPs: 10812.9084. Time: 10.6914 us. Best GFLOPs: 11417.6832
2025-10-07 10:33:15 [INFO] [task_scheduler.cc:131] [Task #0: main] Trial #898: GFLOPs: 10709.0831. Time: 10.7951 us. Best GFLOPs: 11417.6832
2025-10-07 10:33:15 [INFO] [task_scheduler.cc:131] [Task #0: main] Trial #899: GFLOPs: 10697.4523. Time: 10.8068 us. Best GFLOPs: 11417.6832
2025-10-07 10:33:15 [INFO] [task_scheduler.cc:131] [Task #0: main] Trial #900: GFLOPs: 11017.8665. Time: 10.4925 us. Best GFLOPs: 11417.6832
2025-10-07 10:33:15 [INFO] [task_scheduler.cc:131] [Task #0: main] Trial #901: GFLOPs: 10468.3727. Time: 11.0433 us. Best GFLOPs: 11417.6832
2025-10-07 10:33:15 [INFO] [task_scheduler.cc:131] [Task #0: main] Trial #902: GFLOPs: 10186.8762. Time: 11.3485 us. Best GFLOPs: 11417.6832
2025-10-07 10:33:15 [INFO] [task_scheduler.cc:131] [Task #0: main] Trial #903: GFLOPs: 10181.3646. Time: 11.3546 us. Best GFLOPs: 11417.6832
2025-10-07 10:33:15 [INFO] [task_scheduler.cc:131] [Task #0: main] Trial #904: GFLOPs: 10627.8558. Time: 10.8776 us. Best GFLOPs: 11417.6832
2025-10-07 10:33:15 [INFO] [task_scheduler.cc:131] [Task #0: main] Trial #905: GFLOPs: 11063.0666. Time: 10.4497 us. Best GFLOPs: 11417.6832
2025-10-07 10:33:15 [INFO] [task_scheduler.cc:131] [Task #0: main] Trial #906: GFLOPs: 11063.3732. Time: 10.4494 us. Best GFLOPs: 11417.6832
2025-10-07 10:33:15 [INFO] [task_scheduler.cc:131] [Task #0: main] Trial #907: GFLOPs: 10990.7767. Time: 10.5184 us. Best GFLOPs: 11417.6832
2025-10-07 10:33:15 [INFO] [task_scheduler.cc:131] [Task #0: main] Trial #908: GFLOPs: 10823.9173. Time: 10.6806 us. Best GFLOPs: 11417.6832
2025-10-07 10:33:15 [INFO] [task_scheduler.cc:131] [Task #0: main] Trial #909: GFLOPs: 10498.2476. Time: 11.0119 us. Best GFLOPs: 11417.6832
2025-10-07 10:33:15 [INFO] [task_scheduler.cc:131] [Task #0: main] Trial #910: GFLOPs: 10935.6344. Time: 10.5714 us. Best GFLOPs: 11417.6832
2025-10-07 10:33:15 [INFO] [task_scheduler.cc:131] [Task #0: main] Trial #911: GFLOPs: 10472.9597. Time: 11.0385 us. Best GFLOPs: 11417.6832
2025-10-07 10:33:15 [INFO] [task_scheduler.cc:131] [Task #0: main] Trial #912: GFLOPs: 10783.7460. Time: 10.7203 us. Best GFLOPs: 11417.6832
2025-10-07 10:33:15 [INFO] [task_scheduler.cc:131] [Task #0: main] Trial #913: GFLOPs: 10824.7056. Time: 10.6798 us. Best GFLOPs: 11417.6832
2025-10-07 10:33:15 [INFO] [task_scheduler.cc:131] [Task #0: main] Trial #914: GFLOPs: 10347.4712. Time: 11.1723 us. Best GFLOPs: 11417.6832
2025-10-07 10:33:15 [INFO] [task_scheduler.cc:131] [Task #0: main] Trial #915: GFLOPs: 10384.6150. Time: 11.1324 us. Best GFLOPs: 11417.6832
2025-10-07 10:33:15 [INFO] [task_scheduler.cc:131] [Task #0: main] Trial #916: GFLOPs: 11116.5779. Time: 10.3994 us. Best GFLOPs: 11417.6832
2025-10-07 10:33:15 [INFO] [task_scheduler.cc:131] [Task #0: main] Trial #917: GFLOPs: 11028.4800. Time: 10.4825 us. Best GFLOPs: 11417.6832
2025-10-07 10:33:15 [INFO] [task_scheduler.cc:131] [Task #0: main] Trial #918: GFLOPs: 10119.0544. Time: 11.4245 us. Best GFLOPs: 11417.6832
2025-10-07 10:33:15 [INFO] [task_scheduler.cc:131] [Task #0: main] Trial #919: GFLOPs: 10539.7381. Time: 10.9685 us. Best GFLOPs: 11417.6832
2025-10-07 10:33:15 [INFO] [task_scheduler.cc:131] [Task #0: main] Trial #920: GFLOPs: 10568.8963. Time: 10.9383 us. Best GFLOPs: 11417.6832
2025-10-07 10:33:15 [INFO] [task_scheduler.cc:131] [Task #0: main] Trial #921: GFLOPs: 10521.2328. Time: 10.9878 us. Best GFLOPs: 11417.6832
2025-10-07 10:33:15 [INFO] [task_scheduler.cc:131] [Task #0: main] Trial #922: GFLOPs: 9721.5897. Time: 11.8916 us. Best GFLOPs: 11417.6832
2025-10-07 10:33:15 [INFO] [task_scheduler.cc:131] [Task #0: main] Trial #923: GFLOPs: 10786.2541. Time: 10.7179 us. Best GFLOPs: 11417.6832
2025-10-07 10:33:15 [INFO] [task_scheduler.cc:131] [Task #0: main] Trial #924: GFLOPs: 10672.2395. Time: 10.8324 us. Best GFLOPs: 11417.6832
2025-10-07 10:33:15 [INFO] [task_scheduler.cc:131] [Task #0: main] Trial #925: GFLOPs: 9867.0545. Time: 11.7163 us. Best GFLOPs: 11417.6832
2025-10-07 10:33:15 [INFO] [task_scheduler.cc:131] [Task #0: main] Trial #926: GFLOPs: 8475.2609. Time: 13.6403 us. Best GFLOPs: 11417.6832
2025-10-07 10:33:15 [INFO] [task_scheduler.cc:131] [Task #0: main] Trial #927: GFLOPs: 10962.7689. Time: 10.5453 us. Best GFLOPs: 11417.6832
2025-10-07 10:33:15 [INFO] [task_scheduler.cc:131] [Task #0: main] Trial #928: GFLOPs: 10651.3854. Time: 10.8536 us. Best GFLOPs: 11417.6832
2025-10-07 10:33:15 [INFO] [task_scheduler.cc:131] [Task #0: main] Trial #929: GFLOPs: 10740.7119. Time: 10.7633 us. Best GFLOPs: 11417.6832
2025-10-07 10:33:15 [INFO] [task_scheduler.cc:131] [Task #0: main] Trial #930: GFLOPs: 10569.8526. Time: 10.9373 us. Best GFLOPs: 11417.6832
2025-10-07 10:33:15 [INFO] [task_scheduler.cc:131] [Task #0: main] Trial #931: GFLOPs: 10482.7049. Time: 11.0282 us. Best GFLOPs: 11417.6832
2025-10-07 10:33:15 [INFO] [task_scheduler.cc:131] [Task #0: main] Trial #932: GFLOPs: 10780.4599. Time: 10.7236 us. Best GFLOPs: 11417.6832
2025-10-07 10:33:15 [INFO] [task_scheduler.cc:131] [Task #0: main] Trial #933: GFLOPs: 10775.5880. Time: 10.7285 us. Best GFLOPs: 11417.6832
2025-10-07 10:33:15 [INFO] [task_scheduler.cc:131] [Task #0: main] Trial #934: GFLOPs: 9882.9644. Time: 11.6975 us. Best GFLOPs: 11417.6832
2025-10-07 10:33:15 [INFO] [task_scheduler.cc:131] [Task #0: main] Trial #935: GFLOPs: 10573.7746. Time: 10.9332 us. Best GFLOPs: 11417.6832
2025-10-07 10:33:15 [INFO] [task_scheduler.cc:131] [Task #0: main] Trial #936: GFLOPs: 10569.9404. Time: 10.9372 us. Best GFLOPs: 11417.6832
2025-10-07 10:33:15 [INFO] [task_scheduler.cc:131] [Task #0: main] Trial #937: GFLOPs: 10774.0760. Time: 10.7300 us. Best GFLOPs: 11417.6832
2025-10-07 10:33:15 [INFO] [task_scheduler.cc:131] [Task #0: main] Trial #938: GFLOPs: 10774.2079. Time: 10.7298 us. Best GFLOPs: 11417.6832
2025-10-07 10:33:15 [INFO] [task_scheduler.cc:131] [Task #0: main] Trial #939: GFLOPs: 10106.5493. Time: 11.4387 us. Best GFLOPs: 11417.6832
2025-10-07 10:33:15 [INFO] [task_scheduler.cc:131] [Task #0: main] Trial #940: GFLOPs: 10164.2210. Time: 11.3738 us. Best GFLOPs: 11417.6832
2025-10-07 10:33:15 [INFO] [task_scheduler.cc:131] [Task #0: main] Trial #941: GFLOPs: 8415.6744. Time: 13.7369 us. Best GFLOPs: 11417.6832
2025-10-07 10:33:15 [INFO] [task_scheduler.cc:131] [Task #0: main] Trial #942: GFLOPs: 10523.1748. Time: 10.9858 us. Best GFLOPs: 11417.6832
2025-10-07 10:33:15 [INFO] [task_scheduler.cc:131] [Task #0: main] Trial #943: GFLOPs: 9686.7204. Time: 11.9344 us. Best GFLOPs: 11417.6832
2025-10-07 10:33:15 [INFO] [task_scheduler.cc:131] [Task #0: main] Trial #944: GFLOPs: 9821.7724. Time: 11.7703 us. Best GFLOPs: 11417.6832
2025-10-07 10:33:15 [INFO] [task_scheduler.cc:131] [Task #0: main] Trial #945: GFLOPs: 9897.2068. Time: 11.6806 us. Best GFLOPs: 11417.6832
2025-10-07 10:33:15 [INFO] [task_scheduler.cc:131] [Task #0: main] Trial #946: GFLOPs: 9897.7236. Time: 11.6800 us. Best GFLOPs: 11417.6832
2025-10-07 10:33:15 [INFO] [task_scheduler.cc:131] [Task #0: main] Trial #947: GFLOPs: 10573.9932. Time: 10.9330 us. Best GFLOPs: 11417.6832
2025-10-07 10:33:15 [INFO] [task_scheduler.cc:131] [Task #0: main] Trial #948: GFLOPs: 9939.6260. Time: 11.6308 us. Best GFLOPs: 11417.6832
2025-10-07 10:33:15 [INFO] [task_scheduler.cc:131] [Task #0: main] Trial #949: GFLOPs: 9938.6819. Time: 11.6319 us. Best GFLOPs: 11417.6832
2025-10-07 10:33:15 [INFO] [task_scheduler.cc:131] [Task #0: main] Trial #950: GFLOPs: 10513.1433. Time: 10.9963 us. Best GFLOPs: 11417.6832
2025-10-07 10:33:15 [INFO] [task_scheduler.cc:131] [Task #0: main] Trial #951: GFLOPs: 10384.1272. Time: 11.1329 us. Best GFLOPs: 11417.6832
2025-10-07 10:33:15 [INFO] [task_scheduler.cc:131] [Task #0: main] Trial #952: GFLOPs: 10322.2313. Time: 11.1997 us. Best GFLOPs: 11417.6832
2025-10-07 10:33:15 [INFO] [task_scheduler.cc:131] [Task #0: main] Trial #953: GFLOPs: 10147.5426. Time: 11.3925 us. Best GFLOPs: 11417.6832
2025-10-07 10:33:15 [INFO] [task_scheduler.cc:131] [Task #0: main] Trial #954: GFLOPs: 9097.9468. Time: 12.7068 us. Best GFLOPs: 11417.6832
2025-10-07 10:33:15 [INFO] [task_scheduler.cc:131] [Task #0: main] Trial #955: GFLOPs: 9839.1716. Time: 11.7495 us. Best GFLOPs: 11417.6832
2025-10-07 10:33:15 [INFO] [task_scheduler.cc:131] [Task #0: main] Trial #956: GFLOPs: 9721.8729. Time: 11.8913 us. Best GFLOPs: 11417.6832
2025-10-07 10:33:15 [INFO] [task_scheduler.cc:131] [Task #0: main] Trial #957: GFLOPs: 10182.5327. Time: 11.3533 us. Best GFLOPs: 11417.6832
2025-10-07 10:33:15 [INFO] [task_scheduler.cc:131] [Task #0: main] Trial #958: GFLOPs: 1351.3680. Time: 85.5470 us. Best GFLOPs: 11417.6832
2025-10-07 10:33:15 [INFO] [task_scheduler.cc:131] [Task #0: main] Trial #959: GFLOPs: 755.3895. Time: 153.0409 us. Best GFLOPs: 11417.6832
2025-10-07 10:33:15 [INFO] [task_scheduler.cc:131] [Task #0: main] Trial #960: GFLOPs: 1532.1543. Time: 75.4529 us. Best GFLOPs: 11417.6832
2025-10-07 10:33:15 [INFO] [evolutionary_search.cc:713] Generating candidates......
2025-10-07 10:33:17 [INFO] [evolutionary_search.cc:715] Picked top 102 candidate(s) from database
2025-10-07 10:33:24 [INFO] [evolutionary_search.cc:533] Sample-Init-Population summary:
Postproc #0 [meta_schedule.DisallowDynamicLoop(0x10a35418)]: 0 failure(s)
Postproc #1 [meta_schedule.RewriteCooperativeFetch(0x119ea348)]: 0 failure(s)
Postproc #2 [meta_schedule.RewriteUnboundBlock(0x10b3f098)]: 0 failure(s)
Postproc #3 [meta_schedule.RewriteParallelVectorizeUnroll(0x10653038)]: 0 failure(s)
Postproc #4 [meta_schedule.RewriteReductionBlock(0x10966348)]: 0 failure(s)
Postproc #5 [meta_schedule.VerifyGPUCode(0x11e7fbb8)]: 309 failure(s)
Postproc #6 [meta_schedule.RewriteTensorize(0x1096e578)]: 0 failure(s)
2025-10-07 10:33:24 [INFO] [evolutionary_search.cc:723] Sampled 101 candidate(s)
2025-10-07 10:33:37 [INFO] [evolutionary_search.cc:621] Evolve iter #0 done. Summary:
Postproc #0 [meta_schedule.DisallowDynamicLoop(0x10a35418)]: 0 failure(s)
Postproc #1 [meta_schedule.RewriteCooperativeFetch(0x119ea348)]: 0 failure(s)
Postproc #2 [meta_schedule.RewriteUnboundBlock(0x10b3f098)]: 0 failure(s)
Postproc #3 [meta_schedule.RewriteParallelVectorizeUnroll(0x10653038)]: 0 failure(s)
Postproc #4 [meta_schedule.RewriteReductionBlock(0x10966348)]: 0 failure(s)
Postproc #5 [meta_schedule.VerifyGPUCode(0x11e7fbb8)]: 103 failure(s)
Postproc #6 [meta_schedule.RewriteTensorize(0x1096e578)]: 0 failure(s)
2025-10-07 10:33:51 [INFO] [evolutionary_search.cc:621] Evolve iter #1 done. Summary:
Postproc #0 [meta_schedule.DisallowDynamicLoop(0x10a35418)]: 0 failure(s)
Postproc #1 [meta_schedule.RewriteCooperativeFetch(0x119ea348)]: 0 failure(s)
Postproc #2 [meta_schedule.RewriteUnboundBlock(0x10b3f098)]: 0 failure(s)
Postproc #3 [meta_schedule.RewriteParallelVectorizeUnroll(0x10653038)]: 0 failure(s)
Postproc #4 [meta_schedule.RewriteReductionBlock(0x10966348)]: 0 failure(s)
Postproc #5 [meta_schedule.VerifyGPUCode(0x11e7fbb8)]: 86 failure(s)
Postproc #6 [meta_schedule.RewriteTensorize(0x1096e578)]: 0 failure(s)
2025-10-07 10:34:05 [INFO] [evolutionary_search.cc:621] Evolve iter #2 done. Summary:
Postproc #0 [meta_schedule.DisallowDynamicLoop(0x10a35418)]: 0 failure(s)
Postproc #1 [meta_schedule.RewriteCooperativeFetch(0x119ea348)]: 0 failure(s)
Postproc #2 [meta_schedule.RewriteUnboundBlock(0x10b3f098)]: 0 failure(s)
Postproc #3 [meta_schedule.RewriteParallelVectorizeUnroll(0x10653038)]: 0 failure(s)
Postproc #4 [meta_schedule.RewriteReductionBlock(0x10966348)]: 0 failure(s)
Postproc #5 [meta_schedule.VerifyGPUCode(0x11e7fbb8)]: 85 failure(s)
Postproc #6 [meta_schedule.RewriteTensorize(0x1096e578)]: 0 failure(s)
2025-10-07 10:34:20 [INFO] [evolutionary_search.cc:621] Evolve iter #3 done. Summary:
Postproc #0 [meta_schedule.DisallowDynamicLoop(0x10a35418)]: 0 failure(s)
Postproc #1 [meta_schedule.RewriteCooperativeFetch(0x119ea348)]: 0 failure(s)
Postproc #2 [meta_schedule.RewriteUnboundBlock(0x10b3f098)]: 0 failure(s)
Postproc #3 [meta_schedule.RewriteParallelVectorizeUnroll(0x10653038)]: 0 failure(s)
Postproc #4 [meta_schedule.RewriteReductionBlock(0x10966348)]: 0 failure(s)
Postproc #5 [meta_schedule.VerifyGPUCode(0x11e7fbb8)]: 109 failure(s)
Postproc #6 [meta_schedule.RewriteTensorize(0x1096e578)]: 0 failure(s)
2025-10-07 10:34:24 [INFO] [evolutionary_search.cc:649] Scores of the best 40 candidates:
[1 : 16]:	0.9671  0.9478  0.9466  0.9462  0.9447  0.9425  0.9388  0.9363  0.9363  0.9349  0.9336  0.9336  0.9304  0.9303  0.9303  0.9258
[17 : 32]:	0.9255  0.9255  0.9227  0.8836  0.8836  0.8767  0.8719  0.8702  0.8687  0.8670  0.8665  0.8665  0.8665  0.8642  0.8640  0.8640
[33 : 40]:	0.8640  0.8640  0.8629  0.8629  0.8620  0.8620  0.8617  0.8617
2025-10-07 10:34:24 [INFO] [evolutionary_search.cc:727] Got 40 candidate(s) with evolutionary search
2025-10-07 10:34:24 [INFO] [evolutionary_search.cc:730] Sending 40 candidates(s) for measurement
2025-10-07 10:34:45 [INFO] [task_scheduler.cc:131] [Task #0: main] Trial #961: GFLOPs: 10716.0561. Time: 10.7881 us. Best GFLOPs: 11417.6832
2025-10-07 10:34:45 [INFO] [task_scheduler.cc:131] [Task #0: main] Trial #962: GFLOPs: 10583.0733. Time: 10.9236 us. Best GFLOPs: 11417.6832
2025-10-07 10:34:45 [INFO] [task_scheduler.cc:131] [Task #0: main] Trial #963: GFLOPs: 10989.3592. Time: 10.5198 us. Best GFLOPs: 11417.6832
2025-10-07 10:34:45 [INFO] [task_scheduler.cc:131] [Task #0: main] Trial #964: GFLOPs: 9655.4013. Time: 11.9731 us. Best GFLOPs: 11417.6832
2025-10-07 10:34:45 [INFO] [task_scheduler.cc:131] [Task #0: main] Trial #965: GFLOPs: 10547.3602. Time: 10.9606 us. Best GFLOPs: 11417.6832
2025-10-07 10:34:45 [INFO] [task_scheduler.cc:131] [Task #0: main] Trial #966: GFLOPs: 10824.8569. Time: 10.6796 us. Best GFLOPs: 11417.6832
2025-10-07 10:34:45 [INFO] [task_scheduler.cc:131] [Task #0: main] Trial #967: GFLOPs: 10995.3927. Time: 10.5140 us. Best GFLOPs: 11417.6832
2025-10-07 10:34:45 [INFO] [task_scheduler.cc:131] [Task #0: main] Trial #968: GFLOPs: 10784.8970. Time: 10.7192 us. Best GFLOPs: 11417.6832
2025-10-07 10:34:45 [INFO] [task_scheduler.cc:131] [Task #0: main] Trial #969: GFLOPs: 10784.9572. Time: 10.7191 us. Best GFLOPs: 11417.6832
2025-10-07 10:34:45 [INFO] [task_scheduler.cc:131] [Task #0: main] Trial #970: GFLOPs: 10593.2091. Time: 10.9132 us. Best GFLOPs: 11417.6832
2025-10-07 10:34:45 [INFO] [task_scheduler.cc:131] [Task #0: main] Trial #971: GFLOPs: 10647.1693. Time: 10.8579 us. Best GFLOPs: 11417.6832
2025-10-07 10:34:45 [INFO] [task_scheduler.cc:131] [Task #0: main] Trial #972: GFLOPs: 10647.8251. Time: 10.8572 us. Best GFLOPs: 11417.6832
2025-10-07 10:34:45 [INFO] [task_scheduler.cc:131] [Task #0: main] Trial #973: GFLOPs: 10528.3346. Time: 10.9804 us. Best GFLOPs: 11417.6832
2025-10-07 10:34:45 [INFO] [task_scheduler.cc:131] [Task #0: main] Trial #974: GFLOPs: 10604.1121. Time: 10.9020 us. Best GFLOPs: 11417.6832
2025-10-07 10:34:45 [INFO] [task_scheduler.cc:131] [Task #0: main] Trial #975: GFLOPs: 10603.3166. Time: 10.9028 us. Best GFLOPs: 11417.6832
2025-10-07 10:34:45 [INFO] [task_scheduler.cc:131] [Task #0: main] Trial #976: GFLOPs: 10528.0341. Time: 10.9807 us. Best GFLOPs: 11417.6832
2025-10-07 10:34:45 [INFO] [task_scheduler.cc:131] [Task #0: main] Trial #977: GFLOPs: 10648.2906. Time: 10.8567 us. Best GFLOPs: 11417.6832
2025-10-07 10:34:45 [INFO] [task_scheduler.cc:131] [Task #0: main] Trial #978: GFLOPs: 10648.6259. Time: 10.8564 us. Best GFLOPs: 11417.6832
2025-10-07 10:34:45 [INFO] [task_scheduler.cc:131] [Task #0: main] Trial #979: GFLOPs: 10499.5893. Time: 11.0105 us. Best GFLOPs: 11417.6832
2025-10-07 10:34:45 [INFO] [task_scheduler.cc:131] [Task #0: main] Trial #980: GFLOPs: 10498.9658. Time: 11.0111 us. Best GFLOPs: 11417.6832
2025-10-07 10:34:45 [INFO] [task_scheduler.cc:131] [Task #0: main] Trial #981: GFLOPs: 10499.6786. Time: 11.0104 us. Best GFLOPs: 11417.6832
2025-10-07 10:34:45 [INFO] [task_scheduler.cc:131] [Task #0: main] Trial #982: GFLOPs: 8230.7323. Time: 14.0456 us. Best GFLOPs: 11417.6832
2025-10-07 10:34:45 [INFO] [task_scheduler.cc:131] [Task #0: main] Trial #983: GFLOPs: 8176.5972. Time: 14.1386 us. Best GFLOPs: 11417.6832
2025-10-07 10:34:45 [INFO] [task_scheduler.cc:131] [Task #0: main] Trial #984: GFLOPs: 9975.8042. Time: 11.5886 us. Best GFLOPs: 11417.6832
2025-10-07 10:34:45 [INFO] [task_scheduler.cc:131] [Task #0: main] Trial #985: GFLOPs: 10239.4312. Time: 11.2902 us. Best GFLOPs: 11417.6832
2025-10-07 10:34:45 [INFO] [task_scheduler.cc:131] [Task #0: main] Trial #986: GFLOPs: 9061.7533. Time: 12.7575 us. Best GFLOPs: 11417.6832
2025-10-07 10:34:45 [INFO] [task_scheduler.cc:131] [Task #0: main] Trial #987: GFLOPs: 9920.5716. Time: 11.6531 us. Best GFLOPs: 11417.6832
2025-10-07 10:34:45 [INFO] [task_scheduler.cc:131] [Task #0: main] Trial #988: GFLOPs: 10147.9089. Time: 11.3921 us. Best GFLOPs: 11417.6832
2025-10-07 10:34:45 [INFO] [task_scheduler.cc:131] [Task #0: main] Trial #989: GFLOPs: 8135.1828. Time: 14.2106 us. Best GFLOPs: 11417.6832
2025-10-07 10:34:45 [INFO] [task_scheduler.cc:131] [Task #0: main] Trial #990: GFLOPs: 9885.5378. Time: 11.6944 us. Best GFLOPs: 11417.6832
2025-10-07 10:34:45 [INFO] [task_scheduler.cc:131] [Task #0: main] Trial #991: GFLOPs: 9933.0610. Time: 11.6385 us. Best GFLOPs: 11417.6832
2025-10-07 10:34:45 [INFO] [task_scheduler.cc:131] [Task #0: main] Trial #992: GFLOPs: 9933.7171. Time: 11.6377 us. Best GFLOPs: 11417.6832
2025-10-07 10:34:45 [INFO] [task_scheduler.cc:131] [Task #0: main] Trial #993: GFLOPs: 8089.1534. Time: 14.2914 us. Best GFLOPs: 11417.6832
2025-10-07 10:34:45 [INFO] [task_scheduler.cc:131] [Task #0: main] Trial #994: GFLOPs: 8092.3380. Time: 14.2858 us. Best GFLOPs: 11417.6832
2025-10-07 10:34:45 [INFO] [task_scheduler.cc:131] [Task #0: main] Trial #995: GFLOPs: 9192.2454. Time: 12.5764 us. Best GFLOPs: 11417.6832
2025-10-07 10:34:45 [INFO] [task_scheduler.cc:131] [Task #0: main] Trial #996: GFLOPs: 9569.3770. Time: 12.0808 us. Best GFLOPs: 11417.6832
2025-10-07 10:34:45 [INFO] [task_scheduler.cc:131] [Task #0: main] Trial #997: GFLOPs: 8120.0914. Time: 14.2370 us. Best GFLOPs: 11417.6832
2025-10-07 10:34:45 [INFO] [task_scheduler.cc:131] [Task #0: main] Trial #998: GFLOPs: 8119.8253. Time: 14.2374 us. Best GFLOPs: 11417.6832
2025-10-07 10:34:45 [INFO] [task_scheduler.cc:131] [Task #0: main] Trial #999: GFLOPs: 149.9896. Time: 770.7569 us. Best GFLOPs: 11417.6832
2025-10-07 10:34:45 [INFO] [task_scheduler.cc:131] [Task #0: main] Trial #1000: GFLOPs: 4117.1148. Time: 28.0793 us. Best GFLOPs: 11417.6832
