layer,trial_index,tile_size,execution_time
layer_10,0,"[[31, [2, 1, 2, 1, 1]], [33, [8, 1, 1, 4, 1]], [35, [4, 1, 4]], [62, 3], [68, 1], [74, 3], [101, 4]]",[6.36017051453285e-06]
layer_10,1,"[[31, [1, 1, 1, 1, 4]], [33, [4, 4, 1, 1, 2]], [35, [2, 2, 4]], [62, 1], [68, 1], [74, 2], [101, 2]]",[8.044324482563812e-06]
layer_10,2,"[[31, [1, 1, 1, 1, 4]], [33, [2, 8, 1, 2, 1]], [35, [4, 1, 4]], [62, 1], [68, 0], [74, 2], [101, 3]]",[8.607044234079174e-06]
layer_10,3,"[[31, [2, 1, 1, 2, 1]], [33, [4, 4, 1, 1, 2]], [35, [1, 4, 4]], [62, 1], [68, 1], [74, 0], [101, 4]]",[9.507938190862195e-06]
layer_10,4,"[[31, [1, 1, 1, 2, 2]], [33, [4, 2, 1, 4, 1]], [35, [4, 2, 2]], [62, 2], [68, 1], [74, 2], [101, 1]]",[1.247264908342686e-05]
layer_10,5,"[[31, [2, 1, 1, 2, 1]], [33, [1, 8, 2, 1, 2]], [35, [4, 1, 4]], [62, 0], [68, 1], [74, 0], [101, 3]]",[7.478782194693539e-06]
layer_10,6,"[[31, [2, 2, 1, 1, 1]], [33, [8, 1, 1, 2, 2]], [35, [2, 4, 2]], [62, 2], [68, 2], [74, 0], [101, 1]]",[7.06598799494524e-06]
layer_10,7,"[[31, [1, 2, 1, 1, 2]], [33, [2, 4, 4, 1, 1]], [35, [8, 2, 1]], [62, 2], [68, 2], [74, 2], [101, 2]]",[5.090653550521761e-06]
layer_10,8,"[[31, [2, 1, 1, 1, 2]], [33, [1, 16, 1, 2, 1]], [35, [2, 4, 2]], [62, 2], [68, 0], [74, 0], [101, 0]]",[1.5858454887218045e-05]
layer_10,9,"[[31, [2, 2, 1, 1, 1]], [33, [2, 1, 4, 2, 2]], [35, [4, 4, 1]], [62, 2], [68, 1], [74, 0], [101, 3]]",[3.250907679700305e-05]
layer_10,10,"[[31, [1, 1, 4, 1, 1]], [33, [2, 1, 8, 2, 1]], [35, [16, 1, 1]], [62, 3], [68, 1], [74, 0], [101, 0]]",[10000000000]
layer_10,11,"[[31, [2, 1, 1, 1, 2]], [33, [1, 16, 1, 2, 1]], [35, [2, 2, 4]], [62, 0], [68, 0], [74, 3], [101, 0]]",[1.5357968117475857e-05]
layer_10,12,"[[31, [1, 1, 1, 2, 2]], [33, [8, 1, 2, 1, 2]], [35, [4, 1, 4]], [62, 1], [68, 2], [74, 0], [101, 1]]",[1.0701288822744536e-05]
layer_10,13,"[[31, [2, 1, 1, 2, 1]], [33, [1, 16, 1, 1, 2]], [35, [2, 4, 2]], [62, 0], [68, 2], [74, 0], [101, 1]]",[1.3625779983057003e-05]
layer_10,14,"[[31, [1, 1, 4, 1, 1]], [33, [8, 2, 2, 1, 1]], [35, [8, 1, 2]], [62, 1], [68, 2], [74, 0], [101, 3]]",[7.070835190769634e-06]
layer_10,15,"[[31, [2, 2, 1, 1, 1]], [33, [2, 2, 1, 8, 1]], [35, [2, 8, 1]], [62, 1], [68, 0], [74, 1], [101, 0]]",[1.230531561360875e-05]
layer_10,16,"[[31, [2, 2, 1, 1, 1]], [33, [8, 1, 1, 1, 4]], [35, [4, 1, 4]], [62, 0], [68, 1], [74, 0], [101, 1]]",[1.4883879020889402e-05]
layer_10,17,"[[31, [1, 2, 1, 2, 1]], [33, [2, 4, 4, 1, 1]], [35, [8, 1, 2]], [62, 0], [68, 1], [74, 0], [101, 0]]",[1.1566738246369016e-05]
layer_10,18,"[[31, [1, 2, 2, 1, 1]], [33, [4, 1, 2, 1, 4]], [35, [16, 1, 1]], [62, 2], [68, 1], [74, 1], [101, 0]]",[2.0093462747778537e-05]
layer_10,19,"[[31, [2, 2, 1, 1, 1]], [33, [4, 4, 1, 1, 2]], [35, [4, 4, 1]], [62, 1], [68, 1], [74, 1], [101, 3]]",[5.5776106619082135e-06]
layer_10,20,"[[31, [2, 1, 1, 2, 1]], [33, [1, 2, 2, 2, 4]], [35, [8, 2, 1]], [62, 2], [68, 0], [74, 2], [101, 3]]",[1.1129755759870201e-05]
layer_10,21,"[[31, [1, 2, 2, 1, 1]], [33, [2, 1, 1, 16, 1]], [35, [4, 4, 1]], [62, 2], [68, 0], [74, 1], [101, 3]]",[3.7125849836779116e-05]
layer_10,22,"[[31, [1, 1, 4, 1, 1]], [33, [2, 8, 1, 1, 2]], [35, [8, 2, 1]], [62, 3], [68, 2], [74, 1], [101, 0]]",[10000000000]
layer_10,23,"[[31, [1, 1, 1, 2, 2]], [33, [8, 1, 2, 1, 2]], [35, [4, 1, 4]], [62, 1], [68, 2], [74, 3], [101, 1]]",[8.03493612405592e-06]
layer_10,24,"[[31, [1, 2, 1, 1, 2]], [33, [2, 4, 4, 1, 1]], [35, [8, 2, 1]], [62, 2], [68, 2], [74, 0], [101, 2]]",[5.5328289496186336e-06]
layer_10,25,"[[31, [1, 2, 2, 1, 1]], [33, [4, 1, 8, 1, 1]], [35, [16, 1, 1]], [62, 3], [68, 1], [74, 1], [101, 2]]",[10000000000]
layer_10,26,"[[31, [1, 1, 2, 1, 2]], [33, [1, 2, 2, 8, 1]], [35, [4, 4, 1]], [62, 2], [68, 2], [74, 0], [101, 1]]",[3.839556248252726e-05]
layer_10,27,"[[31, [1, 4, 1, 1, 1]], [33, [1, 1, 16, 2, 1]], [35, [16, 1, 1]], [62, 1], [68, 2], [74, 3], [101, 0]]",[10000000000]
layer_10,28,"[[31, [2, 2, 1, 1, 1]], [33, [2, 1, 8, 2, 1]], [35, [16, 1, 1]], [62, 1], [68, 2], [74, 0], [101, 4]]",[3.2146162097162096e-05]
layer_10,29,"[[31, [1, 1, 1, 2, 2]], [33, [1, 4, 2, 1, 4]], [35, [8, 1, 2]], [62, 0], [68, 2], [74, 2], [101, 1]]",[1.0847848110879058e-05]
layer_10,30,"[[31, [1, 1, 2, 1, 2]], [33, [1, 1, 1, 16, 2]], [35, [16, 1, 1]], [62, 2], [68, 1], [74, 0], [101, 1]]",[6.838021206663666e-05]
layer_10,31,"[[31, [1, 1, 1, 2, 2]], [33, [1, 2, 2, 2, 4]], [35, [8, 1, 2]], [62, 2], [68, 1], [74, 2], [101, 1]]",[1.422359827242525e-05]
layer_10,32,"[[31, [2, 1, 2, 1, 1]], [33, [1, 4, 1, 2, 4]], [35, [4, 2, 2]], [62, 2], [68, 0], [74, 3], [101, 3]]",[7.350520911429621e-06]
layer_10,33,"[[31, [1, 1, 1, 1, 4]], [33, [1, 1, 16, 2, 1]], [35, [16, 1, 1]], [62, 1], [68, 2], [74, 0], [101, 1]]",[6.825094704779757e-05]
layer_10,34,"[[31, [1, 1, 1, 4, 1]], [33, [1, 2, 1, 4, 4]], [35, [8, 1, 2]], [62, 0], [68, 2], [74, 3], [101, 4]]",[3.239776836563771e-05]
layer_10,35,"[[31, [2, 1, 1, 2, 1]], [33, [1, 32, 1, 1, 1]], [35, [4, 2, 2]], [62, 0], [68, 0], [74, 2], [101, 1]]",[1.5214365182724252e-05]
layer_10,36,"[[31, [2, 1, 2, 1, 1]], [33, [4, 1, 8, 1, 1]], [35, [16, 1, 1]], [62, 1], [68, 2], [74, 0], [101, 4]]",[1.9163894496855346e-05]
layer_10,37,"[[31, [2, 1, 1, 1, 2]], [33, [32, 1, 1, 1, 1]], [35, [1, 8, 2]], [62, 1], [68, 2], [74, 1], [101, 0]]",[1.3100177924592779e-05]
layer_10,38,"[[31, [1, 1, 4, 1, 1]], [33, [2, 2, 8, 1, 1]], [35, [8, 2, 1]], [62, 0], [68, 2], [74, 1], [101, 0]]",[9.349648186237846e-06]
layer_10,39,"[[31, [2, 1, 1, 2, 1]], [33, [1, 4, 2, 1, 4]], [35, [4, 4, 1]], [62, 0], [68, 1], [74, 0], [101, 3]]",[1.2402551031362626e-05]
layer_10,40,"[[31, [1, 1, 1, 2, 2]], [33, [16, 2, 1, 1, 1]], [35, [2, 8, 1]], [62, 2], [68, 2], [74, 3], [101, 3]]",[6.602421720675863e-06]
layer_10,41,"[[31, [2, 1, 1, 1, 2]], [33, [2, 1, 2, 8, 1]], [35, [4, 1, 4]], [62, 0], [68, 0], [74, 0], [101, 2]]",[4.327301950509462e-05]
layer_10,42,"[[31, [1, 1, 1, 1, 4]], [33, [8, 2, 1, 1, 2]], [35, [2, 2, 4]], [62, 1], [68, 1], [74, 2], [101, 2]]",[8.089291791346543e-06]
layer_10,43,"[[31, [1, 2, 1, 2, 1]], [33, [4, 4, 2, 1, 1]], [35, [2, 8, 1]], [62, 1], [68, 2], [74, 2], [101, 0]]",[7.426318337045286e-06]
layer_10,44,"[[31, [1, 1, 2, 2, 1]], [33, [1, 8, 4, 1, 1]], [35, [4, 2, 2]], [62, 3], [68, 0], [74, 0], [101, 3]]",[10000000000]
layer_10,45,"[[31, [1, 2, 1, 1, 2]], [33, [1, 4, 1, 4, 2]], [35, [2, 4, 2]], [62, 2], [68, 1], [74, 2], [101, 1]]",[1.5494929699956514e-05]
layer_10,46,"[[31, [2, 2, 1, 1, 1]], [33, [8, 1, 1, 2, 2]], [35, [4, 4, 1]], [62, 2], [68, 2], [74, 0], [101, 3]]",[6.255657451086536e-06]
layer_10,47,"[[31, [1, 1, 4, 1, 1]], [33, [4, 8, 1, 1, 1]], [35, [4, 2, 2]], [62, 2], [68, 1], [74, 0], [101, 3]]",[6.145698764825171e-06]
layer_10,48,"[[31, [1, 1, 1, 1, 4]], [33, [8, 4, 1, 1, 1]], [35, [8, 1, 2]], [62, 0], [68, 0], [74, 3], [101, 2]]",[7.575846421609579e-06]
layer_10,49,"[[31, [4, 1, 1, 1, 1]], [33, [32, 1, 1, 1, 1]], [35, [4, 1, 4]], [62, 1], [68, 2], [74, 0], [101, 2]]",[5.236951665270214e-06]
layer_10,50,"[[31, [1, 1, 1, 1, 4]], [33, [4, 4, 1, 1, 2]], [35, [2, 2, 4]], [62, 1], [68, 2], [74, 2], [101, 2]]",[8.800284386311287e-06]
layer_10,51,"[[31, [1, 1, 4, 1, 1]], [33, [4, 1, 4, 2, 1]], [35, [8, 1, 2]], [62, 1], [68, 2], [74, 2], [101, 2]]",[6.90120768646933e-06]
layer_10,52,"[[31, [1, 2, 1, 1, 2]], [33, [1, 4, 2, 1, 4]], [35, [2, 8, 1]], [62, 0], [68, 2], [74, 0], [101, 2]]",[2.4755989767951764e-05]
layer_10,53,"[[31, [1, 1, 4, 1, 1]], [33, [1, 4, 2, 4, 1]], [35, [8, 1, 2]], [62, 0], [68, 0], [74, 3], [101, 4]]",[9.017294138863841e-06]
layer_10,54,"[[31, [2, 1, 1, 2, 1]], [33, [1, 8, 2, 1, 2]], [35, [4, 2, 2]], [62, 0], [68, 1], [74, 0], [101, 3]]",[7.527911020776875e-06]
layer_10,55,"[[31, [2, 1, 1, 2, 1]], [33, [1, 1, 16, 1, 2]], [35, [16, 1, 1]], [62, 1], [68, 1], [74, 3], [101, 3]]",[10000000000]
layer_10,56,"[[31, [1, 2, 1, 1, 2]], [33, [4, 2, 4, 1, 1]], [35, [4, 2, 2]], [62, 1], [68, 0], [74, 2], [101, 2]]",[8.238503265492102e-06]
layer_10,57,"[[31, [1, 4, 1, 1, 1]], [33, [1, 8, 1, 2, 2]], [35, [2, 8, 1]], [62, 1], [68, 1], [74, 2], [101, 1]]",[5.303760258470824e-06]
layer_10,58,"[[31, [1, 4, 1, 1, 1]], [33, [1, 4, 1, 4, 2]], [35, [2, 8, 1]], [62, 0], [68, 1], [74, 2], [101, 1]]",[1.0072673460226254e-05]
layer_10,59,"[[31, [4, 1, 1, 1, 1]], [33, [4, 4, 1, 2, 1]], [35, [16, 1, 1]], [62, 2], [68, 2], [74, 0], [101, 2]]",[5.415562378689512e-06]
layer_10,60,"[[31, [2, 1, 1, 2, 1]], [33, [1, 2, 4, 4, 1]], [35, [4, 1, 4]], [62, 1], [68, 0], [74, 0], [101, 3]]",[3.372403006253006e-05]
layer_10,61,"[[31, [2, 1, 1, 1, 2]], [33, [2, 2, 4, 1, 2]], [35, [2, 8, 1]], [62, 2], [68, 1], [74, 0], [101, 2]]",[2.054688450148075e-05]
layer_10,62,"[[31, [4, 1, 1, 1, 1]], [33, [2, 8, 1, 1, 2]], [35, [1, 4, 4]], [62, 0], [68, 1], [74, 1], [101, 0]]",[1.013813436101442e-05]
layer_10,63,"[[31, [4, 1, 1, 1, 1]], [33, [8, 1, 2, 1, 2]], [35, [16, 1, 1]], [62, 1], [68, 1], [74, 1], [101, 3]]",[4.698421570537802e-06]
layer_10,64,"[[31, [1, 4, 1, 1, 1]], [33, [2, 8, 2, 1, 1]], [35, [4, 1, 4]], [62, 1], [68, 2], [74, 2], [101, 4]]",[4.461779104050379e-06]
layer_10,65,"[[31, [1, 1, 2, 1, 2]], [33, [2, 1, 2, 4, 2]], [35, [8, 1, 2]], [62, 1], [68, 2], [74, 1], [101, 0]]",[3.80710146898803e-05]
layer_10,66,"[[31, [1, 4, 1, 1, 1]], [33, [1, 8, 1, 1, 4]], [35, [2, 8, 1]], [62, 2], [68, 1], [74, 2], [101, 1]]",[5.1113571676940106e-06]
layer_10,67,"[[31, [1, 2, 1, 1, 2]], [33, [2, 1, 2, 4, 2]], [35, [16, 1, 1]], [62, 1], [68, 2], [74, 1], [101, 2]]",[4.957484069233486e-05]
layer_10,68,"[[31, [1, 4, 1, 1, 1]], [33, [1, 8, 4, 1, 1]], [35, [2, 4, 2]], [62, 0], [68, 2], [74, 3], [101, 3]]",[3.953455080826845e-06]
layer_10,69,"[[31, [4, 1, 1, 1, 1]], [33, [4, 1, 1, 4, 2]], [35, [2, 2, 4]], [62, 0], [68, 0], [74, 2], [101, 1]]",[3.191219023569024e-05]
layer_10,70,"[[31, [1, 1, 1, 4, 1]], [33, [1, 8, 1, 1, 4]], [35, [8, 2, 1]], [62, 1], [68, 1], [74, 2], [101, 0]]",[1.3937149767441862e-05]
layer_10,71,"[[31, [1, 1, 1, 4, 1]], [33, [4, 1, 1, 2, 4]], [35, [4, 1, 4]], [62, 0], [68, 0], [74, 1], [101, 3]]",[3.619069590036326e-05]
layer_10,72,"[[31, [4, 1, 1, 1, 1]], [33, [16, 1, 1, 1, 2]], [35, [8, 1, 2]], [62, 1], [68, 1], [74, 1], [101, 3]]",[4.700572261127039e-06]
layer_10,73,"[[31, [1, 2, 2, 1, 1]], [33, [4, 2, 1, 1, 4]], [35, [16, 1, 1]], [62, 2], [68, 2], [74, 1], [101, 0]]",[1.2759734265734267e-05]
layer_10,74,"[[31, [1, 1, 1, 1, 4]], [33, [1, 8, 1, 1, 4]], [35, [16, 1, 1]], [62, 2], [68, 1], [74, 2], [101, 0]]",[1.403213342192691e-05]
layer_10,75,"[[31, [2, 1, 1, 2, 1]], [33, [4, 2, 4, 1, 1]], [35, [2, 2, 4]], [62, 2], [68, 0], [74, 0], [101, 4]]",[6.122997122390253e-06]
layer_10,76,"[[31, [1, 1, 2, 2, 1]], [33, [1, 4, 8, 1, 1]], [35, [8, 1, 2]], [62, 2], [68, 0], [74, 0], [101, 2]]",[8.514762792677735e-06]
layer_10,77,"[[31, [1, 2, 1, 1, 2]], [33, [4, 4, 2, 1, 1]], [35, [4, 1, 4]], [62, 2], [68, 1], [74, 0], [101, 4]]",[8.239356090522478e-06]
layer_10,78,"[[31, [1, 1, 2, 1, 2]], [33, [1, 1, 2, 8, 2]], [35, [8, 2, 1]], [62, 1], [68, 2], [74, 1], [101, 2]]",[9.966701042345277e-05]
layer_10,79,"[[31, [1, 2, 1, 1, 2]], [33, [1, 4, 1, 8, 1]], [35, [2, 2, 4]], [62, 2], [68, 1], [74, 0], [101, 1]]",[2.2224230196703885e-05]
layer_10,80,"[[31, [1, 4, 1, 1, 1]], [33, [2, 2, 1, 8, 1]], [35, [4, 1, 4]], [62, 2], [68, 1], [74, 0], [101, 1]]",[1.2917689348401058e-05]
layer_10,81,"[[31, [1, 1, 4, 1, 1]], [33, [1, 2, 4, 1, 4]], [35, [8, 2, 1]], [62, 0], [68, 2], [74, 3], [101, 1]]",[1.2309585672082717e-05]
layer_10,82,"[[31, [2, 2, 1, 1, 1]], [33, [8, 1, 1, 2, 2]], [35, [4, 4, 1]], [62, 2], [68, 2], [74, 0], [101, 1]]",[6.685323760330578e-06]
layer_10,83,"[[31, [1, 2, 1, 2, 1]], [33, [1, 8, 1, 2, 2]], [35, [8, 2, 1]], [62, 2], [68, 1], [74, 0], [101, 1]]",[1.6788923419660262e-05]
layer_10,84,"[[31, [1, 4, 1, 1, 1]], [33, [1, 4, 2, 1, 4]], [35, [16, 1, 1]], [62, 2], [68, 0], [74, 1], [101, 0]]",[1.9911851763961398e-05]
layer_10,85,"[[31, [1, 2, 2, 1, 1]], [33, [2, 4, 1, 4, 1]], [35, [16, 1, 1]], [62, 1], [68, 1], [74, 3], [101, 1]]",[7.808310981166464e-06]
layer_10,86,"[[31, [1, 4, 1, 1, 1]], [33, [1, 8, 2, 2, 1]], [35, [4, 4, 1]], [62, 2], [68, 2], [74, 0], [101, 2]]",[6.818312585219525e-06]
layer_10,87,"[[31, [1, 4, 1, 1, 1]], [33, [1, 2, 2, 4, 2]], [35, [16, 1, 1]], [62, 2], [68, 0], [74, 1], [101, 2]]",[3.7106848988064346e-05]
layer_10,88,"[[31, [1, 1, 2, 1, 2]], [33, [4, 1, 2, 2, 2]], [35, [4, 4, 1]], [62, 2], [68, 2], [74, 3], [101, 1]]",[7.787104905878387e-06]
layer_10,89,"[[31, [1, 1, 1, 2, 2]], [33, [1, 1, 4, 8, 1]], [35, [16, 1, 1]], [62, 0], [68, 2], [74, 3], [101, 3]]",[2.6455474695959203e-05]
layer_10,90,"[[31, [1, 2, 2, 1, 1]], [33, [1, 16, 2, 1, 1]], [35, [8, 2, 1]], [62, 2], [68, 0], [74, 1], [101, 1]]",[6.8816576991881104e-06]
layer_10,91,"[[31, [1, 1, 1, 1, 4]], [33, [2, 2, 1, 8, 1]], [35, [4, 2, 2]], [62, 0], [68, 1], [74, 3], [101, 1]]",[1.462626556864631e-05]
layer_10,92,"[[31, [2, 1, 1, 1, 2]], [33, [1, 16, 1, 2, 1]], [35, [1, 4, 4]], [62, 2], [68, 2], [74, 2], [101, 0]]",[1.3195025847559509e-05]
layer_10,93,"[[31, [1, 1, 1, 4, 1]], [33, [1, 2, 1, 4, 4]], [35, [8, 1, 2]], [62, 0], [68, 2], [74, 3], [101, 2]]",[3.256103152941177e-05]
layer_10,94,"[[31, [2, 2, 1, 1, 1]], [33, [4, 1, 8, 1, 1]], [35, [2, 8, 1]], [62, 0], [68, 1], [74, 1], [101, 0]]",[4.685428131804325e-06]
layer_10,95,"[[31, [1, 1, 1, 1, 4]], [33, [4, 1, 2, 1, 4]], [35, [16, 1, 1]], [62, 2], [68, 1], [74, 1], [101, 0]]",[2.438389535095716e-05]
layer_10,96,"[[31, [2, 1, 2, 1, 1]], [33, [8, 1, 1, 2, 2]], [35, [2, 2, 4]], [62, 0], [68, 1], [74, 3], [101, 3]]",[6.857887551392361e-06]
layer_10,97,"[[31, [1, 4, 1, 1, 1]], [33, [1, 8, 2, 1, 2]], [35, [2, 8, 1]], [62, 1], [68, 1], [74, 1], [101, 4]]",[1.1834383974659784e-05]
layer_10,98,"[[31, [2, 1, 1, 1, 2]], [33, [2, 16, 1, 1, 1]], [35, [2, 2, 4]], [62, 0], [68, 1], [74, 0], [101, 1]]",[1.0447443990886654e-05]
layer_10,99,"[[31, [1, 1, 4, 1, 1]], [33, [1, 2, 4, 1, 4]], [35, [4, 2, 2]], [62, 0], [68, 2], [74, 3], [101, 1]]",[1.3316750376128384e-05]
layer_10,100,"[[31, [1, 2, 1, 2, 1]], [33, [1, 1, 1, 32, 1]], [35, [8, 1, 2]], [62, 1], [68, 2], [74, 1], [101, 0]]",[6.427857075268818e-05]
layer_10,101,"[[31, [2, 1, 1, 1, 2]], [33, [2, 8, 2, 1, 1]], [35, [2, 4, 2]], [62, 0], [68, 0], [74, 3], [101, 3]]",[5.664014329406434e-06]
layer_10,102,"[[31, [1, 1, 1, 1, 4]], [33, [1, 8, 4, 1, 1]], [35, [2, 4, 2]], [62, 0], [68, 2], [74, 3], [101, 3]]",[9.704184902985735e-06]
layer_10,103,"[[31, [2, 1, 2, 1, 1]], [33, [2, 8, 1, 1, 2]], [35, [16, 1, 1]], [62, 1], [68, 1], [74, 3], [101, 2]]",[7.950984715191429e-06]
layer_10,104,"[[31, [1, 1, 2, 2, 1]], [33, [1, 4, 8, 1, 1]], [35, [8, 1, 2]], [62, 2], [68, 0], [74, 0], [101, 4]]",[8.05969661802062e-06]
layer_10,105,"[[31, [2, 2, 1, 1, 1]], [33, [2, 1, 4, 2, 2]], [35, [4, 4, 1]], [62, 2], [68, 1], [74, 0], [101, 2]]",[3.140079958960329e-05]
layer_10,106,"[[31, [1, 2, 1, 1, 2]], [33, [2, 2, 1, 8, 1]], [35, [4, 4, 1]], [62, 2], [68, 1], [74, 3], [101, 1]]",[9.077478651181058e-06]
layer_10,107,"[[31, [1, 2, 2, 1, 1]], [33, [4, 2, 1, 2, 2]], [35, [2, 2, 4]], [62, 0], [68, 2], [74, 3], [101, 3]]",[7.139484196602618e-06]
layer_10,108,"[[31, [1, 2, 2, 1, 1]], [33, [1, 16, 2, 1, 1]], [35, [8, 2, 1]], [62, 3], [68, 0], [74, 1], [101, 0]]",[10000000000]
layer_10,109,"[[31, [1, 2, 1, 1, 2]], [33, [2, 2, 1, 8, 1]], [35, [4, 1, 4]], [62, 2], [68, 0], [74, 0], [101, 1]]",[2.7327823656335818e-05]
layer_10,110,"[[31, [1, 4, 1, 1, 1]], [33, [4, 1, 2, 2, 2]], [35, [16, 1, 1]], [62, 1], [68, 0], [74, 0], [101, 1]]",[2.1000007441154137e-05]
layer_10,111,"[[31, [2, 2, 1, 1, 1]], [33, [4, 1, 2, 4, 1]], [35, [4, 2, 2]], [62, 1], [68, 1], [74, 1], [101, 1]]",[1.988675731688024e-05]
layer_10,112,"[[31, [4, 1, 1, 1, 1]], [33, [1, 1, 8, 1, 4]], [35, [16, 1, 1]], [62, 1], [68, 2], [74, 0], [101, 1]]",[8.222474918389553e-05]
layer_10,113,"[[31, [4, 1, 1, 1, 1]], [33, [2, 8, 2, 1, 1]], [35, [2, 4, 2]], [62, 1], [68, 0], [74, 3], [101, 3]]",[4.497334366855397e-06]
layer_10,114,"[[31, [1, 1, 2, 2, 1]], [33, [1, 2, 2, 4, 2]], [35, [4, 1, 4]], [62, 3], [68, 0], [74, 1], [101, 0]]",[4.0204718411552344e-05]
layer_10,115,"[[31, [2, 1, 1, 2, 1]], [33, [4, 1, 1, 4, 2]], [35, [2, 8, 1]], [62, 0], [68, 1], [74, 0], [101, 3]]",[1.7618570732386525e-05]
layer_10,116,"[[31, [1, 2, 2, 1, 1]], [33, [1, 8, 4, 1, 1]], [35, [8, 2, 1]], [62, 1], [68, 2], [74, 1], [101, 0]]",[1.0045667266968887e-05]
layer_10,117,"[[31, [2, 1, 1, 2, 1]], [33, [2, 2, 2, 2, 2]], [35, [2, 8, 1]], [62, 1], [68, 0], [74, 3], [101, 2]]",[7.942648637915971e-06]
layer_10,118,"[[31, [2, 2, 1, 1, 1]], [33, [4, 4, 1, 1, 2]], [35, [2, 8, 1]], [62, 2], [68, 1], [74, 2], [101, 4]]",[6.132159028014709e-06]
layer_10,119,"[[31, [4, 1, 1, 1, 1]], [33, [1, 1, 2, 4, 4]], [35, [16, 1, 1]], [62, 2], [68, 2], [74, 2], [101, 1]]",[9.317143032535298e-05]
layer_10,120,"[[31, [2, 1, 2, 1, 1]], [33, [2, 4, 1, 2, 2]], [35, [8, 2, 1]], [62, 0], [68, 2], [74, 2], [101, 0]]",[8.945779318364791e-06]
layer_10,121,"[[31, [2, 1, 1, 2, 1]], [33, [4, 1, 1, 4, 2]], [35, [4, 4, 1]], [62, 0], [68, 1], [74, 0], [101, 3]]",[1.7086066666666666e-05]
layer_10,122,"[[31, [4, 1, 1, 1, 1]], [33, [1, 8, 2, 2, 1]], [35, [4, 4, 1]], [62, 2], [68, 2], [74, 1], [101, 2]]",[4.774898338105499e-06]
layer_10,123,"[[31, [2, 1, 1, 1, 2]], [33, [1, 16, 1, 2, 1]], [35, [2, 2, 4]], [62, 0], [68, 2], [74, 2], [101, 0]]",[9.827598844984803e-06]
layer_10,124,"[[31, [1, 2, 2, 1, 1]], [33, [1, 16, 2, 1, 1]], [35, [2, 2, 4]], [62, 2], [68, 0], [74, 1], [101, 1]]",[6.785873862158648e-06]
layer_10,125,"[[31, [1, 2, 1, 1, 2]], [33, [16, 1, 1, 1, 2]], [35, [8, 1, 2]], [62, 0], [68, 2], [74, 0], [101, 4]]",[9.156020288827855e-06]
layer_10,126,"[[31, [2, 1, 2, 1, 1]], [33, [1, 1, 2, 8, 2]], [35, [8, 1, 2]], [62, 0], [68, 1], [74, 0], [101, 0]]",[8.156468802228412e-05]
layer_10,127,"[[31, [2, 1, 1, 2, 1]], [33, [1, 1, 1, 16, 2]], [35, [16, 1, 1]], [62, 0], [68, 1], [74, 1], [101, 1]]",[0.0001654313679144385]
layer_10,128,"[[31, [1, 4, 1, 1, 1]], [33, [1, 8, 4, 1, 1]], [35, [2, 4, 2]], [62, 0], [68, 2], [74, 2], [101, 3]]",[4.219982548454481e-06]
layer_10,129,"[[31, [1, 4, 1, 1, 1]], [33, [1, 8, 4, 1, 1]], [35, [2, 4, 2]], [62, 0], [68, 0], [74, 1], [101, 3]]",[4.299803658309626e-06]
layer_10,130,"[[31, [1, 4, 1, 1, 1]], [33, [1, 8, 4, 1, 1]], [35, [2, 4, 2]], [62, 0], [68, 2], [74, 1], [101, 3]]",[4.434337758152546e-06]
layer_10,131,"[[31, [1, 4, 1, 1, 1]], [33, [1, 8, 4, 1, 1]], [35, [4, 4, 1]], [62, 0], [68, 1], [74, 3], [101, 3]]",[3.994591189934212e-06]
layer_10,132,"[[31, [1, 4, 1, 1, 1]], [33, [1, 8, 4, 1, 1]], [35, [4, 2, 2]], [62, 0], [68, 2], [74, 2], [101, 3]]",[3.9446434462016105e-06]
layer_10,133,"[[31, [1, 4, 1, 1, 1]], [33, [1, 8, 4, 1, 1]], [35, [2, 4, 2]], [62, 0], [68, 1], [74, 3], [101, 3]]",[4.186102055339277e-06]
layer_10,134,"[[31, [1, 4, 1, 1, 1]], [33, [1, 8, 4, 1, 1]], [35, [4, 2, 2]], [62, 0], [68, 2], [74, 3], [101, 3]]",[4.074899324101967e-06]
layer_10,135,"[[31, [1, 4, 1, 1, 1]], [33, [1, 8, 4, 1, 1]], [35, [4, 4, 1]], [62, 0], [68, 2], [74, 3], [101, 3]]",[3.7902723161949424e-06]
layer_10,136,"[[31, [1, 4, 1, 1, 1]], [33, [1, 8, 4, 1, 1]], [35, [4, 4, 1]], [62, 0], [68, 0], [74, 3], [101, 3]]",[3.953636431872951e-06]
layer_10,137,"[[31, [1, 4, 1, 1, 1]], [33, [1, 8, 4, 1, 1]], [35, [4, 4, 1]], [62, 0], [68, 0], [74, 1], [101, 3]]",[4.392613985064494e-06]
layer_10,138,"[[31, [1, 4, 1, 1, 1]], [33, [1, 8, 4, 1, 1]], [35, [4, 4, 1]], [62, 1], [68, 1], [74, 2], [101, 3]]",[4.278296185588826e-06]
layer_10,139,"[[31, [1, 4, 1, 1, 1]], [33, [1, 8, 4, 1, 1]], [35, [4, 4, 1]], [62, 1], [68, 1], [74, 3], [101, 3]]",[4.220332556650876e-06]
layer_10,140,"[[31, [1, 4, 1, 1, 1]], [33, [1, 8, 4, 1, 1]], [35, [2, 8, 1]], [62, 2], [68, 1], [74, 2], [101, 3]]",[4.407758079706553e-06]
layer_10,141,"[[31, [1, 4, 1, 1, 1]], [33, [1, 8, 4, 1, 1]], [35, [2, 4, 2]], [62, 2], [68, 1], [74, 3], [101, 3]]",[4.225450201659517e-06]
layer_10,142,"[[31, [1, 4, 1, 1, 1]], [33, [1, 8, 4, 1, 1]], [35, [2, 4, 2]], [62, 1], [68, 1], [74, 3], [101, 3]]",[4.00014653455487e-06]
layer_10,143,"[[31, [1, 4, 1, 1, 1]], [33, [2, 8, 2, 1, 1]], [35, [4, 1, 4]], [62, 2], [68, 2], [74, 2], [101, 3]]",[4.019388034542672e-06]
layer_10,144,"[[31, [1, 4, 1, 1, 1]], [33, [32, 1, 1, 1, 1]], [35, [4, 1, 4]], [62, 1], [68, 2], [74, 1], [101, 2]]",[4.74476988043272e-06]
layer_10,145,"[[31, [4, 1, 1, 1, 1]], [33, [2, 8, 2, 1, 1]], [35, [2, 4, 2]], [62, 0], [68, 0], [74, 3], [101, 3]]",[4.578185726057499e-06]
layer_10,146,"[[31, [1, 4, 1, 1, 1]], [33, [32, 1, 1, 1, 1]], [35, [4, 1, 4]], [62, 1], [68, 2], [74, 0], [101, 2]]",[5.32546051288804e-06]
layer_10,147,"[[31, [2, 2, 1, 1, 1]], [33, [16, 2, 1, 1, 1]], [35, [4, 4, 1]], [62, 2], [68, 1], [74, 0], [101, 2]]",[5.602464817927171e-06]
layer_10,148,"[[31, [1, 4, 1, 1, 1]], [33, [2, 8, 2, 1, 1]], [35, [4, 1, 4]], [62, 1], [68, 2], [74, 2], [101, 3]]",[4.34203032824284e-06]
layer_10,149,"[[31, [4, 1, 1, 1, 1]], [33, [8, 1, 1, 4, 1]], [35, [4, 1, 4]], [62, 1], [68, 2], [74, 0], [101, 2]]",[6.752029093793047e-06]
layer_10,150,"[[31, [4, 1, 1, 1, 1]], [33, [8, 1, 1, 1, 4]], [35, [4, 1, 4]], [62, 1], [68, 2], [74, 0], [101, 2]]",[6.751598015390846e-06]
layer_10,151,"[[31, [4, 1, 1, 1, 1]], [33, [2, 8, 2, 1, 1]], [35, [2, 4, 2]], [62, 2], [68, 0], [74, 3], [101, 3]]",[4.61633112758855e-06]
layer_10,152,"[[31, [1, 1, 4, 1, 1]], [33, [1, 32, 1, 1, 1]], [35, [4, 2, 2]], [62, 2], [68, 1], [74, 1], [101, 3]]",[5.874811255360395e-06]
layer_10,153,"[[31, [1, 2, 2, 1, 1]], [33, [1, 16, 2, 1, 1]], [35, [8, 1, 2]], [62, 2], [68, 0], [74, 3], [101, 2]]",[4.699496583426513e-06]
layer_10,154,"[[31, [4, 1, 1, 1, 1]], [33, [2, 8, 2, 1, 1]], [35, [1, 8, 2]], [62, 1], [68, 0], [74, 3], [101, 3]]",[4.883088529713365e-06]
layer_10,155,"[[31, [1, 4, 1, 1, 1]], [33, [32, 1, 1, 1, 1]], [35, [4, 2, 2]], [62, 0], [68, 2], [74, 1], [101, 3]]",[5.3067697940989174e-06]
layer_10,156,"[[31, [1, 2, 2, 1, 1]], [33, [1, 16, 2, 1, 1]], [35, [8, 1, 2]], [62, 2], [68, 0], [74, 3], [101, 4]]",[4.841061943307186e-06]
layer_10,157,"[[31, [1, 2, 2, 1, 1]], [33, [1, 16, 2, 1, 1]], [35, [8, 1, 2]], [62, 2], [68, 0], [74, 1], [101, 4]]",[4.4017036108545545e-06]
layer_10,158,"[[31, [4, 1, 1, 1, 1]], [33, [8, 1, 2, 1, 2]], [35, [4, 4, 1]], [62, 1], [68, 1], [74, 1], [101, 2]]",[5.546757381434106e-06]
layer_10,159,"[[31, [4, 1, 1, 1, 1]], [33, [8, 1, 1, 2, 2]], [35, [16, 1, 1]], [62, 1], [68, 1], [74, 3], [101, 2]]",[5.547271944863531e-06]
layer_10,160,"[[31, [2, 2, 1, 1, 1]], [33, [4, 1, 8, 1, 1]], [35, [2, 8, 1]], [62, 0], [68, 2], [74, 1], [101, 0]]",[4.7853806762713374e-06]
layer_10,161,"[[31, [4, 1, 1, 1, 1]], [33, [8, 1, 1, 1, 4]], [35, [8, 1, 2]], [62, 2], [68, 1], [74, 1], [101, 3]]",[5.693631553004964e-06]
layer_10,162,"[[31, [4, 1, 1, 1, 1]], [33, [16, 1, 1, 1, 2]], [35, [2, 4, 2]], [62, 1], [68, 1], [74, 3], [101, 3]]",[4.3575664299097995e-06]
layer_10,163,"[[31, [4, 1, 1, 1, 1]], [33, [1, 32, 1, 1, 1]], [35, [4, 4, 1]], [62, 1], [68, 2], [74, 1], [101, 2]]",[4.6894839163462445e-06]
layer_10,164,"[[31, [4, 1, 1, 1, 1]], [33, [8, 1, 2, 1, 2]], [35, [8, 1, 2]], [62, 1], [68, 1], [74, 1], [101, 3]]",[4.84136706171066e-06]
layer_10,165,"[[31, [2, 1, 2, 1, 1]], [33, [16, 1, 1, 2, 1]], [35, [4, 1, 4]], [62, 1], [68, 1], [74, 3], [101, 4]]",[4.588451560356653e-06]
layer_10,166,"[[31, [4, 1, 1, 1, 1]], [33, [8, 1, 1, 1, 4]], [35, [8, 1, 2]], [62, 1], [68, 1], [74, 1], [101, 3]]",[5.833044708851631e-06]
layer_10,167,"[[31, [4, 1, 1, 1, 1]], [33, [16, 1, 1, 1, 2]], [35, [4, 4, 1]], [62, 1], [68, 2], [74, 2], [101, 2]]",[4.366687363893728e-06]
layer_10,168,"[[31, [4, 1, 1, 1, 1]], [33, [8, 1, 2, 1, 2]], [35, [4, 1, 4]], [62, 1], [68, 1], [74, 0], [101, 3]]",[5.691135635582779e-06]
layer_10,169,"[[31, [1, 2, 2, 1, 1]], [33, [1, 16, 2, 1, 1]], [35, [8, 1, 2]], [62, 2], [68, 0], [74, 0], [101, 4]]",[5.546894706164713e-06]
layer_10,170,"[[31, [4, 1, 1, 1, 1]], [33, [8, 1, 1, 1, 4]], [35, [8, 1, 2]], [62, 1], [68, 2], [74, 1], [101, 3]]",[5.264245249249882e-06]
layer_10,171,"[[31, [4, 1, 1, 1, 1]], [33, [8, 1, 2, 1, 2]], [35, [16, 1, 1]], [62, 1], [68, 1], [74, 3], [101, 2]]",[5.220117420120685e-06]
layer_10,172,"[[31, [1, 4, 1, 1, 1]], [33, [32, 1, 1, 1, 1]], [35, [4, 4, 1]], [62, 2], [68, 2], [74, 0], [101, 3]]",[5.480547831394757e-06]
layer_10,173,"[[31, [1, 4, 1, 1, 1]], [33, [32, 1, 1, 1, 1]], [35, [4, 2, 2]], [62, 2], [68, 2], [74, 0], [101, 3]]",[5.481441706754272e-06]
layer_10,174,"[[31, [4, 1, 1, 1, 1]], [33, [2, 8, 2, 1, 1]], [35, [2, 4, 2]], [62, 1], [68, 2], [74, 3], [101, 3]]",[4.4909836080298195e-06]
layer_10,175,"[[31, [4, 1, 1, 1, 1]], [33, [16, 1, 1, 1, 2]], [35, [8, 2, 1]], [62, 1], [68, 1], [74, 1], [101, 3]]",[4.726157663405643e-06]
layer_10,176,"[[31, [4, 1, 1, 1, 1]], [33, [16, 1, 1, 2, 1]], [35, [8, 1, 2]], [62, 1], [68, 1], [74, 1], [101, 3]]",[4.726205452080212e-06]
layer_10,177,"[[31, [4, 1, 1, 1, 1]], [33, [2, 8, 2, 1, 1]], [35, [1, 8, 2]], [62, 1], [68, 0], [74, 1], [101, 3]]",[5.089231552645729e-06]
layer_10,178,"[[31, [4, 1, 1, 1, 1]], [33, [16, 1, 2, 1, 1]], [35, [4, 4, 1]], [62, 1], [68, 1], [74, 1], [101, 3]]",[4.489130988730361e-06]
layer_10,179,"[[31, [4, 1, 1, 1, 1]], [33, [16, 1, 1, 1, 2]], [35, [4, 4, 1]], [62, 1], [68, 1], [74, 1], [101, 3]]",[4.152826094588495e-06]
layer_10,180,"[[31, [2, 2, 1, 1, 1]], [33, [1, 16, 1, 2, 1]], [35, [4, 4, 1]], [62, 1], [68, 2], [74, 1], [101, 2]]",[4.428882266991366e-06]
layer_10,181,"[[31, [4, 1, 1, 1, 1]], [33, [8, 1, 2, 1, 2]], [35, [8, 1, 2]], [62, 1], [68, 1], [74, 0], [101, 3]]",[6.5658315554136054e-06]
layer_10,182,"[[31, [1, 4, 1, 1, 1]], [33, [2, 8, 1, 2, 1]], [35, [4, 1, 4]], [62, 2], [68, 2], [74, 3], [101, 4]]",[3.716007568855561e-06]
layer_10,183,"[[31, [4, 1, 1, 1, 1]], [33, [8, 1, 2, 1, 2]], [35, [16, 1, 1]], [62, 1], [68, 1], [74, 3], [101, 4]]",[4.842950696194935e-06]
layer_10,184,"[[31, [4, 1, 1, 1, 1]], [33, [8, 1, 2, 1, 2]], [35, [16, 1, 1]], [62, 1], [68, 1], [74, 3], [101, 3]]",[4.8428850853548965e-06]
layer_10,185,"[[31, [4, 1, 1, 1, 1]], [33, [8, 1, 2, 1, 2]], [35, [16, 1, 1]], [62, 1], [68, 1], [74, 1], [101, 4]]",[4.7019844144408566e-06]
layer_10,186,"[[31, [4, 1, 1, 1, 1]], [33, [8, 1, 1, 1, 4]], [35, [16, 1, 1]], [62, 1], [68, 1], [74, 1], [101, 3]]",[4.654940336328035e-06]
layer_10,187,"[[31, [4, 1, 1, 1, 1]], [33, [16, 1, 1, 1, 2]], [35, [16, 1, 1]], [62, 1], [68, 1], [74, 1], [101, 3]]",[4.121097309197652e-06]
layer_10,188,"[[31, [4, 1, 1, 1, 1]], [33, [8, 1, 2, 2, 1]], [35, [16, 1, 1]], [62, 1], [68, 1], [74, 1], [101, 2]]",[5.57868241868166e-06]
layer_10,189,"[[31, [2, 2, 1, 1, 1]], [33, [2, 8, 1, 2, 1]], [35, [8, 1, 2]], [62, 0], [68, 1], [74, 1], [101, 1]]",[4.581405473433709e-06]
layer_10,190,"[[31, [2, 1, 2, 1, 1]], [33, [1, 4, 1, 2, 4]], [35, [16, 1, 1]], [62, 3], [68, 0], [74, 0], [101, 2]]",[1.4318620571819114e-05]
layer_10,191,"[[31, [1, 1, 2, 1, 2]], [33, [2, 2, 8, 1, 1]], [35, [4, 4, 1]], [62, 0], [68, 2], [74, 0], [101, 1]]",[2.055547650688182e-05]
layer_10,192,"[[31, [1, 4, 1, 1, 1]], [33, [2, 8, 1, 2, 1]], [35, [16, 1, 1]], [62, 2], [68, 2], [74, 3], [101, 4]]",[3.95265125386303e-06]
layer_10,193,"[[31, [1, 2, 2, 1, 1]], [33, [2, 16, 1, 1, 1]], [35, [16, 1, 1]], [62, 1], [68, 1], [74, 3], [101, 1]]",[5.562464353268907e-06]
layer_10,194,"[[31, [1, 4, 1, 1, 1]], [33, [2, 8, 2, 1, 1]], [35, [2, 2, 4]], [62, 0], [68, 2], [74, 3], [101, 3]]",[4.379623242761933e-06]
layer_10,195,"[[31, [1, 4, 1, 1, 1]], [33, [2, 8, 1, 2, 1]], [35, [16, 1, 1]], [62, 1], [68, 2], [74, 3], [101, 4]]",[3.6653115485948478e-06]
layer_10,196,"[[31, [1, 4, 1, 1, 1]], [33, [2, 8, 1, 2, 1]], [35, [16, 1, 1]], [62, 2], [68, 1], [74, 3], [101, 4]]",[4.154400839554464e-06]
layer_10,197,"[[31, [1, 4, 1, 1, 1]], [33, [2, 8, 1, 2, 1]], [35, [16, 1, 1]], [62, 2], [68, 1], [74, 2], [101, 4]]",[4.132872399246884e-06]
layer_10,198,"[[31, [1, 4, 1, 1, 1]], [33, [2, 8, 1, 1, 2]], [35, [4, 4, 1]], [62, 1], [68, 2], [74, 2], [101, 2]]",[4.3788094270513055e-06]
layer_10,199,"[[31, [1, 4, 1, 1, 1]], [33, [1, 8, 4, 1, 1]], [35, [4, 2, 2]], [62, 0], [68, 1], [74, 3], [101, 3]]",[3.944776139372822e-06]
layer_10,200,"[[31, [1, 4, 1, 1, 1]], [33, [1, 8, 4, 1, 1]], [35, [8, 2, 1]], [62, 0], [68, 1], [74, 3], [101, 3]]",[4.098794561636426e-06]
layer_10,201,"[[31, [1, 4, 1, 1, 1]], [33, [1, 8, 4, 1, 1]], [35, [8, 2, 1]], [62, 0], [68, 2], [74, 3], [101, 3]]",[3.9373766733641574e-06]
layer_10,202,"[[31, [2, 2, 1, 1, 1]], [33, [1, 16, 2, 1, 1]], [35, [4, 4, 1]], [62, 2], [68, 2], [74, 1], [101, 2]]",[4.293821425699043e-06]
layer_10,203,"[[31, [1, 4, 1, 1, 1]], [33, [1, 8, 4, 1, 1]], [35, [4, 4, 1]], [62, 0], [68, 0], [74, 2], [101, 3]]",[4.312374414893617e-06]
layer_10,204,"[[31, [1, 4, 1, 1, 1]], [33, [1, 8, 4, 1, 1]], [35, [2, 2, 4]], [62, 0], [68, 2], [74, 3], [101, 3]]",[3.941052347922759e-06]
layer_10,205,"[[31, [1, 4, 1, 1, 1]], [33, [1, 16, 1, 1, 2]], [35, [2, 8, 1]], [62, 2], [68, 2], [74, 2], [101, 3]]",[4.346646228697381e-06]
layer_10,206,"[[31, [1, 4, 1, 1, 1]], [33, [2, 8, 2, 1, 1]], [35, [8, 1, 2]], [62, 2], [68, 2], [74, 2], [101, 3]]",[4.256791134069525e-06]
layer_10,207,"[[31, [1, 4, 1, 1, 1]], [33, [1, 8, 4, 1, 1]], [35, [4, 4, 1]], [62, 1], [68, 2], [74, 3], [101, 3]]",[3.947575499807766e-06]
layer_10,208,"[[31, [1, 4, 1, 1, 1]], [33, [1, 8, 4, 1, 1]], [35, [2, 8, 1]], [62, 1], [68, 1], [74, 3], [101, 3]]",[4.169440495825172e-06]
layer_10,209,"[[31, [2, 2, 1, 1, 1]], [33, [1, 16, 1, 2, 1]], [35, [16, 1, 1]], [62, 0], [68, 2], [74, 2], [101, 2]]",[4.261323136315229e-06]
layer_10,210,"[[31, [2, 2, 1, 1, 1]], [33, [1, 16, 1, 2, 1]], [35, [16, 1, 1]], [62, 1], [68, 2], [74, 2], [101, 2]]",[4.219107254710685e-06]
layer_10,211,"[[31, [1, 4, 1, 1, 1]], [33, [1, 8, 4, 1, 1]], [35, [2, 2, 4]], [62, 0], [68, 1], [74, 3], [101, 3]]",[4.096717097539653e-06]
layer_10,212,"[[31, [1, 4, 1, 1, 1]], [33, [1, 8, 4, 1, 1]], [35, [2, 4, 2]], [62, 1], [68, 0], [74, 3], [101, 3]]",[4.226263061597886e-06]
layer_10,213,"[[31, [1, 4, 1, 1, 1]], [33, [2, 8, 2, 1, 1]], [35, [2, 2, 4]], [62, 0], [68, 2], [74, 0], [101, 3]]",[5.153971865821611e-06]
layer_10,214,"[[31, [4, 1, 1, 1, 1]], [33, [16, 1, 1, 2, 1]], [35, [16, 1, 1]], [62, 2], [68, 1], [74, 1], [101, 3]]",[3.871679197800922e-06]
layer_10,215,"[[31, [2, 2, 1, 1, 1]], [33, [8, 2, 2, 1, 1]], [35, [16, 1, 1]], [62, 0], [68, 2], [74, 1], [101, 1]]",[5.665093128646689e-06]
layer_10,216,"[[31, [4, 1, 1, 1, 1]], [33, [16, 1, 1, 2, 1]], [35, [16, 1, 1]], [62, 1], [68, 1], [74, 1], [101, 3]]",[4.1172802173593775e-06]
layer_10,217,"[[31, [1, 4, 1, 1, 1]], [33, [1, 8, 4, 1, 1]], [35, [4, 4, 1]], [62, 1], [68, 2], [74, 2], [101, 3]]",[3.829334044722677e-06]
layer_10,218,"[[31, [2, 2, 1, 1, 1]], [33, [8, 2, 2, 1, 1]], [35, [16, 1, 1]], [62, 0], [68, 2], [74, 1], [101, 0]]",[5.951116551642075e-06]
layer_10,219,"[[31, [2, 2, 1, 1, 1]], [33, [1, 16, 2, 1, 1]], [35, [8, 1, 2]], [62, 1], [68, 0], [74, 3], [101, 1]]",[5.3842384565708754e-06]
layer_10,220,"[[31, [4, 1, 1, 1, 1]], [33, [16, 1, 2, 1, 1]], [35, [16, 1, 1]], [62, 0], [68, 1], [74, 1], [101, 3]]",[4.269730637982196e-06]
layer_10,221,"[[31, [2, 2, 1, 1, 1]], [33, [8, 2, 2, 1, 1]], [35, [8, 2, 1]], [62, 2], [68, 2], [74, 1], [101, 1]]",[4.561606927115678e-06]
layer_10,222,"[[31, [1, 4, 1, 1, 1]], [33, [1, 8, 4, 1, 1]], [35, [2, 4, 2]], [62, 1], [68, 2], [74, 2], [101, 3]]",[3.933568193773612e-06]
layer_10,223,"[[31, [1, 4, 1, 1, 1]], [33, [1, 8, 4, 1, 1]], [35, [2, 8, 1]], [62, 1], [68, 2], [74, 2], [101, 3]]",[4.005340021864893e-06]
layer_10,224,"[[31, [1, 4, 1, 1, 1]], [33, [2, 8, 2, 1, 1]], [35, [4, 1, 4]], [62, 0], [68, 2], [74, 2], [101, 3]]",[4.455936564577825e-06]
layer_10,225,"[[31, [1, 4, 1, 1, 1]], [33, [2, 8, 2, 1, 1]], [35, [4, 2, 2]], [62, 0], [68, 2], [74, 2], [101, 3]]",[4.441437037037037e-06]
layer_10,226,"[[31, [1, 4, 1, 1, 1]], [33, [2, 8, 2, 1, 1]], [35, [8, 1, 2]], [62, 0], [68, 2], [74, 2], [101, 3]]",[4.274728975477659e-06]
layer_10,227,"[[31, [1, 4, 1, 1, 1]], [33, [2, 8, 1, 1, 2]], [35, [4, 1, 4]], [62, 2], [68, 0], [74, 1], [101, 3]]",[4.321718086521577e-06]
layer_10,228,"[[31, [1, 4, 1, 1, 1]], [33, [2, 8, 2, 1, 1]], [35, [4, 1, 4]], [62, 2], [68, 0], [74, 2], [101, 3]]",[4.3913108881754945e-06]
layer_10,229,"[[31, [1, 4, 1, 1, 1]], [33, [1, 8, 4, 1, 1]], [35, [2, 8, 1]], [62, 0], [68, 2], [74, 2], [101, 3]]",[3.836749256054571e-06]
layer_10,230,"[[31, [1, 4, 1, 1, 1]], [33, [1, 8, 4, 1, 1]], [35, [2, 2, 4]], [62, 0], [68, 2], [74, 2], [101, 3]]",[3.977786612969604e-06]
layer_10,231,"[[31, [1, 4, 1, 1, 1]], [33, [2, 8, 2, 1, 1]], [35, [4, 1, 4]], [62, 2], [68, 2], [74, 2], [101, 4]]",[4.0083912708089685e-06]
layer_10,232,"[[31, [4, 1, 1, 1, 1]], [33, [16, 1, 2, 1, 1]], [35, [16, 1, 1]], [62, 1], [68, 1], [74, 1], [101, 3]]",[4.148369868744444e-06]
layer_10,233,"[[31, [1, 4, 1, 1, 1]], [33, [4, 8, 1, 1, 1]], [35, [4, 4, 1]], [62, 0], [68, 2], [74, 3], [101, 4]]",[4.364603456214957e-06]
layer_10,234,"[[31, [1, 4, 1, 1, 1]], [33, [2, 8, 2, 1, 1]], [35, [4, 1, 4]], [62, 2], [68, 2], [74, 1], [101, 3]]",[4.200356342333163e-06]
layer_10,235,"[[31, [2, 2, 1, 1, 1]], [33, [1, 16, 2, 1, 1]], [35, [4, 4, 1]], [62, 0], [68, 2], [74, 1], [101, 2]]",[5.022126746135221e-06]
layer_10,236,"[[31, [1, 4, 1, 1, 1]], [33, [1, 8, 4, 1, 1]], [35, [4, 4, 1]], [62, 0], [68, 2], [74, 3], [101, 4]]",[3.800744031698861e-06]
layer_10,237,"[[31, [1, 4, 1, 1, 1]], [33, [1, 8, 4, 1, 1]], [35, [4, 2, 2]], [62, 0], [68, 2], [74, 3], [101, 4]]",[4.231015370726724e-06]
layer_10,238,"[[31, [1, 4, 1, 1, 1]], [33, [1, 8, 4, 1, 1]], [35, [2, 8, 1]], [62, 0], [68, 0], [74, 2], [101, 3]]",[4.242098664962014e-06]
layer_10,239,"[[31, [1, 4, 1, 1, 1]], [33, [1, 8, 4, 1, 1]], [35, [2, 4, 2]], [62, 0], [68, 0], [74, 2], [101, 3]]",[4.405537478890887e-06]
layer_10,240,"[[31, [1, 4, 1, 1, 1]], [33, [1, 8, 4, 1, 1]], [35, [4, 4, 1]], [62, 0], [68, 2], [74, 2], [101, 4]]",[4.047033356812236e-06]
layer_10,241,"[[31, [1, 4, 1, 1, 1]], [33, [1, 8, 4, 1, 1]], [35, [4, 2, 2]], [62, 0], [68, 2], [74, 2], [101, 4]]",[3.873621254061861e-06]
layer_10,242,"[[31, [2, 2, 1, 1, 1]], [33, [1, 16, 1, 1, 2]], [35, [8, 2, 1]], [62, 1], [68, 2], [74, 3], [101, 2]]",[4.122080090684254e-06]
layer_10,243,"[[31, [2, 2, 1, 1, 1]], [33, [1, 16, 1, 2, 1]], [35, [8, 2, 1]], [62, 1], [68, 2], [74, 3], [101, 2]]",[4.122509563855223e-06]
layer_10,244,"[[31, [1, 4, 1, 1, 1]], [33, [2, 8, 2, 1, 1]], [35, [2, 2, 4]], [62, 0], [68, 1], [74, 0], [101, 3]]",[5.095172116951915e-06]
layer_10,245,"[[31, [1, 4, 1, 1, 1]], [33, [2, 8, 2, 1, 1]], [35, [4, 4, 1]], [62, 0], [68, 0], [74, 2], [101, 3]]",[4.181207716674456e-06]
layer_10,246,"[[31, [1, 4, 1, 1, 1]], [33, [2, 8, 2, 1, 1]], [35, [4, 2, 2]], [62, 0], [68, 0], [74, 2], [101, 3]]",[4.7294373936069605e-06]
layer_10,247,"[[31, [1, 4, 1, 1, 1]], [33, [1, 8, 4, 1, 1]], [35, [4, 4, 1]], [62, 0], [68, 2], [74, 1], [101, 3]]",[4.154779786581627e-06]
layer_10,248,"[[31, [1, 4, 1, 1, 1]], [33, [1, 8, 4, 1, 1]], [35, [4, 2, 2]], [62, 0], [68, 2], [74, 1], [101, 3]]",[4.304749202156927e-06]
layer_10,249,"[[31, [4, 1, 1, 1, 1]], [33, [16, 1, 2, 1, 1]], [35, [16, 1, 1]], [62, 0], [68, 1], [74, 3], [101, 3]]",[4.125910151662156e-06]
layer_10,250,"[[31, [2, 2, 1, 1, 1]], [33, [1, 16, 1, 2, 1]], [35, [16, 1, 1]], [62, 1], [68, 2], [74, 1], [101, 2]]",[5.101820954907162e-06]
layer_10,251,"[[31, [4, 1, 1, 1, 1]], [33, [16, 1, 2, 1, 1]], [35, [8, 2, 1]], [62, 1], [68, 1], [74, 1], [101, 3]]",[3.904094885864128e-06]
layer_10,252,"[[31, [1, 4, 1, 1, 1]], [33, [1, 8, 4, 1, 1]], [35, [2, 4, 2]], [62, 1], [68, 1], [74, 3], [101, 2]]",[3.656283015858549e-06]
layer_10,253,"[[31, [1, 4, 1, 1, 1]], [33, [1, 8, 1, 2, 2]], [35, [8, 2, 1]], [62, 2], [68, 1], [74, 1], [101, 3]]",[5.8004041528913635e-06]
layer_10,254,"[[31, [1, 1, 4, 1, 1]], [33, [2, 4, 2, 1, 2]], [35, [2, 2, 4]], [62, 2], [68, 1], [74, 2], [101, 4]]",[8.406018400124747e-06]
layer_10,255,"[[31, [1, 1, 1, 4, 1]], [33, [8, 1, 4, 1, 1]], [35, [16, 1, 1]], [62, 2], [68, 1], [74, 0], [101, 1]]",[1.3651389901290813e-05]
layer_10,256,"[[31, [1, 4, 1, 1, 1]], [33, [1, 8, 4, 1, 1]], [35, [4, 4, 1]], [62, 1], [68, 2], [74, 3], [101, 2]]",[4.116417184557438e-06]
layer_10,257,"[[31, [1, 4, 1, 1, 1]], [33, [1, 8, 4, 1, 1]], [35, [2, 8, 1]], [62, 1], [68, 1], [74, 2], [101, 2]]",[4.124791094830256e-06]
layer_10,258,"[[31, [1, 4, 1, 1, 1]], [33, [1, 8, 4, 1, 1]], [35, [2, 8, 1]], [62, 1], [68, 2], [74, 3], [101, 2]]",[3.551528993423253e-06]
layer_10,259,"[[31, [1, 4, 1, 1, 1]], [33, [1, 8, 4, 1, 1]], [35, [2, 8, 1]], [62, 1], [68, 2], [74, 2], [101, 2]]",[4.0977374445992145e-06]
layer_10,260,"[[31, [4, 1, 1, 1, 1]], [33, [16, 1, 2, 1, 1]], [35, [8, 2, 1]], [62, 0], [68, 1], [74, 1], [101, 3]]",[4.125048745594752e-06]
layer_10,261,"[[31, [1, 4, 1, 1, 1]], [33, [2, 8, 1, 2, 1]], [35, [4, 4, 1]], [62, 2], [68, 2], [74, 3], [101, 4]]",[3.9976867658380316e-06]
layer_10,262,"[[31, [1, 4, 1, 1, 1]], [33, [2, 8, 1, 2, 1]], [35, [4, 2, 2]], [62, 2], [68, 2], [74, 3], [101, 4]]",[4.111100798678051e-06]
layer_10,263,"[[31, [1, 4, 1, 1, 1]], [33, [1, 8, 4, 1, 1]], [35, [4, 4, 1]], [62, 0], [68, 2], [74, 3], [101, 2]]",[4.1167639123102865e-06]
layer_10,264,"[[31, [1, 4, 1, 1, 1]], [33, [1, 8, 4, 1, 1]], [35, [4, 4, 1]], [62, 0], [68, 2], [74, 2], [101, 2]]",[4.359239318168989e-06]
layer_10,265,"[[31, [1, 4, 1, 1, 1]], [33, [1, 8, 4, 1, 1]], [35, [4, 2, 2]], [62, 0], [68, 2], [74, 2], [101, 2]]",[4.027702766717012e-06]
layer_10,266,"[[31, [1, 4, 1, 1, 1]], [33, [1, 8, 4, 1, 1]], [35, [4, 1, 4]], [62, 0], [68, 2], [74, 2], [101, 2]]",[4.135263175373611e-06]
layer_10,267,"[[31, [1, 4, 1, 1, 1]], [33, [2, 8, 1, 2, 1]], [35, [16, 1, 1]], [62, 2], [68, 2], [74, 2], [101, 4]]",[3.919709585516037e-06]
layer_10,268,"[[31, [4, 1, 1, 1, 1]], [33, [16, 1, 2, 1, 1]], [35, [8, 1, 2]], [62, 1], [68, 1], [74, 1], [101, 3]]",[4.229779158387202e-06]
layer_10,269,"[[31, [1, 2, 2, 1, 1]], [33, [1, 16, 2, 1, 1]], [35, [2, 4, 2]], [62, 1], [68, 2], [74, 3], [101, 2]]",[4.923383559559316e-06]
layer_10,270,"[[31, [4, 1, 1, 1, 1]], [33, [16, 1, 2, 1, 1]], [35, [8, 1, 2]], [62, 1], [68, 1], [74, 2], [101, 3]]",[4.159894927084632e-06]
layer_10,271,"[[31, [1, 4, 1, 1, 1]], [33, [2, 8, 1, 2, 1]], [35, [4, 1, 4]], [62, 2], [68, 2], [74, 2], [101, 4]]",[3.97882393757503e-06]
layer_10,272,"[[31, [1, 4, 1, 1, 1]], [33, [2, 8, 1, 2, 1]], [35, [4, 2, 2]], [62, 2], [68, 2], [74, 2], [101, 4]]",[4.007368160067438e-06]
layer_10,273,"[[31, [1, 2, 2, 1, 1]], [33, [1, 16, 2, 1, 1]], [35, [4, 4, 1]], [62, 1], [68, 2], [74, 3], [101, 2]]",[4.117990620675516e-06]
layer_10,274,"[[31, [1, 4, 1, 1, 1]], [33, [1, 16, 1, 2, 1]], [35, [16, 1, 1]], [62, 2], [68, 1], [74, 3], [101, 4]]",[4.081604960077426e-06]
layer_10,275,"[[31, [1, 4, 1, 1, 1]], [33, [1, 8, 4, 1, 1]], [35, [4, 2, 2]], [62, 1], [68, 0], [74, 3], [101, 2]]",[3.958900789241245e-06]
layer_10,276,"[[31, [1, 4, 1, 1, 1]], [33, [1, 8, 4, 1, 1]], [35, [4, 4, 1]], [62, 1], [68, 0], [74, 3], [101, 2]]",[3.853028185456971e-06]
layer_10,277,"[[31, [1, 4, 1, 1, 1]], [33, [1, 8, 4, 1, 1]], [35, [8, 2, 1]], [62, 1], [68, 2], [74, 3], [101, 3]]",[3.969670826438684e-06]
layer_10,278,"[[31, [4, 1, 1, 1, 1]], [33, [16, 1, 2, 1, 1]], [35, [8, 2, 1]], [62, 1], [68, 2], [74, 1], [101, 3]]",[3.851405521968501e-06]
layer_10,279,"[[31, [1, 4, 1, 1, 1]], [33, [1, 8, 4, 1, 1]], [35, [8, 1, 2]], [62, 0], [68, 2], [74, 2], [101, 4]]",[4.051845280072536e-06]
layer_10,280,"[[31, [1, 4, 1, 1, 1]], [33, [1, 8, 4, 1, 1]], [35, [4, 1, 4]], [62, 0], [68, 2], [74, 3], [101, 4]]",[3.895026929148482e-06]
layer_10,281,"[[31, [1, 4, 1, 1, 1]], [33, [1, 8, 4, 1, 1]], [35, [2, 2, 4]], [62, 0], [68, 2], [74, 3], [101, 4]]",[3.751432251021925e-06]
layer_10,282,"[[31, [1, 4, 1, 1, 1]], [33, [2, 8, 1, 2, 1]], [35, [16, 1, 1]], [62, 2], [68, 2], [74, 0], [101, 4]]",[4.119448210534986e-06]
layer_10,283,"[[31, [1, 4, 1, 1, 1]], [33, [1, 8, 4, 1, 1]], [35, [4, 1, 4]], [62, 1], [68, 2], [74, 3], [101, 3]]",[3.6002499338176896e-06]
layer_10,284,"[[31, [1, 4, 1, 1, 1]], [33, [1, 8, 4, 1, 1]], [35, [4, 2, 2]], [62, 1], [68, 2], [74, 3], [101, 3]]",[3.811400407708536e-06]
layer_10,285,"[[31, [1, 4, 1, 1, 1]], [33, [2, 8, 1, 2, 1]], [35, [4, 2, 2]], [62, 1], [68, 2], [74, 2], [101, 4]]",[4.008327597748742e-06]
layer_10,286,"[[31, [1, 4, 1, 1, 1]], [33, [2, 8, 1, 2, 1]], [35, [4, 1, 4]], [62, 1], [68, 2], [74, 2], [101, 4]]",[4.095506209457667e-06]
layer_10,287,"[[31, [1, 4, 1, 1, 1]], [33, [1, 8, 4, 1, 1]], [35, [4, 2, 2]], [62, 1], [68, 2], [74, 3], [101, 4]]",[3.8107218231777866e-06]
layer_10,288,"[[31, [1, 4, 1, 1, 1]], [33, [1, 8, 4, 1, 1]], [35, [2, 2, 4]], [62, 0], [68, 2], [74, 2], [101, 4]]",[4.039303302340494e-06]
layer_10,289,"[[31, [1, 4, 1, 1, 1]], [33, [2, 8, 1, 2, 1]], [35, [4, 4, 1]], [62, 2], [68, 0], [74, 3], [101, 4]]",[4.17224359734867e-06]
layer_10,290,"[[31, [1, 4, 1, 1, 1]], [33, [1, 8, 4, 1, 1]], [35, [2, 2, 4]], [62, 1], [68, 2], [74, 3], [101, 4]]",[3.6706165239475876e-06]
layer_10,291,"[[31, [1, 4, 1, 1, 1]], [33, [2, 8, 2, 1, 1]], [35, [16, 1, 1]], [62, 2], [68, 2], [74, 2], [101, 4]]",[3.822686348260119e-06]
layer_10,292,"[[31, [1, 4, 1, 1, 1]], [33, [1, 8, 4, 1, 1]], [35, [4, 2, 2]], [62, 1], [68, 2], [74, 2], [101, 3]]",[3.938848088412402e-06]
layer_10,293,"[[31, [1, 4, 1, 1, 1]], [33, [1, 8, 4, 1, 1]], [35, [4, 1, 4]], [62, 1], [68, 2], [74, 2], [101, 3]]",[4.053154088651128e-06]
layer_10,294,"[[31, [1, 4, 1, 1, 1]], [33, [1, 8, 4, 1, 1]], [35, [4, 1, 4]], [62, 0], [68, 2], [74, 2], [101, 3]]",[4.009606601691343e-06]
layer_10,295,"[[31, [1, 4, 1, 1, 1]], [33, [1, 8, 4, 1, 1]], [35, [4, 4, 1]], [62, 0], [68, 2], [74, 2], [101, 3]]",[4.044365143550344e-06]
layer_10,296,"[[31, [1, 4, 1, 1, 1]], [33, [1, 8, 4, 1, 1]], [35, [4, 4, 1]], [62, 1], [68, 2], [74, 2], [101, 4]]",[3.889774289029386e-06]
layer_10,297,"[[31, [4, 1, 1, 1, 1]], [33, [16, 1, 1, 2, 1]], [35, [16, 1, 1]], [62, 2], [68, 1], [74, 2], [101, 3]]",[4.01317620731436e-06]
layer_10,298,"[[31, [1, 4, 1, 1, 1]], [33, [1, 8, 4, 1, 1]], [35, [2, 8, 1]], [62, 1], [68, 2], [74, 3], [101, 3]]",[3.961077944052563e-06]
layer_10,299,"[[31, [1, 4, 1, 1, 1]], [33, [1, 8, 4, 1, 1]], [35, [2, 4, 2]], [62, 1], [68, 2], [74, 3], [101, 3]]",[3.795652210516188e-06]
layer_10,300,"[[31, [4, 1, 1, 1, 1]], [33, [16, 1, 1, 1, 2]], [35, [16, 1, 1]], [62, 1], [68, 1], [74, 3], [101, 3]]",[4.105166769289064e-06]
layer_10,301,"[[31, [1, 4, 1, 1, 1]], [33, [1, 8, 4, 1, 1]], [35, [2, 8, 1]], [62, 0], [68, 2], [74, 3], [101, 3]]",[3.806875374752087e-06]
layer_10,302,"[[31, [1, 4, 1, 1, 1]], [33, [2, 8, 2, 1, 1]], [35, [16, 1, 1]], [62, 2], [68, 2], [74, 0], [101, 4]]",[4.689870696406299e-06]
layer_10,303,"[[31, [1, 4, 1, 1, 1]], [33, [2, 8, 1, 2, 1]], [35, [4, 1, 4]], [62, 2], [68, 1], [74, 3], [101, 4]]",[4.167611932595288e-06]
layer_10,304,"[[31, [4, 1, 1, 1, 1]], [33, [16, 1, 1, 1, 2]], [35, [16, 1, 1]], [62, 1], [68, 2], [74, 0], [101, 4]]",[4.414250793510845e-06]
layer_10,305,"[[31, [1, 4, 1, 1, 1]], [33, [1, 8, 4, 1, 1]], [35, [2, 2, 4]], [62, 1], [68, 2], [74, 2], [101, 3]]",[3.703597830111827e-06]
layer_10,306,"[[31, [1, 4, 1, 1, 1]], [33, [1, 8, 4, 1, 1]], [35, [2, 8, 1]], [62, 1], [68, 2], [74, 1], [101, 2]]",[4.042582107645063e-06]
layer_10,307,"[[31, [1, 4, 1, 1, 1]], [33, [2, 8, 2, 1, 1]], [35, [8, 1, 2]], [62, 2], [68, 2], [74, 2], [101, 4]]",[4.256696767059815e-06]
layer_10,308,"[[31, [4, 1, 1, 1, 1]], [33, [16, 1, 1, 1, 2]], [35, [16, 1, 1]], [62, 1], [68, 1], [74, 2], [101, 3]]",[3.979999602869269e-06]
layer_10,309,"[[31, [4, 1, 1, 1, 1]], [33, [16, 1, 2, 1, 1]], [35, [16, 1, 1]], [62, 1], [68, 2], [74, 2], [101, 3]]",[3.7175714012982053e-06]
layer_10,310,"[[31, [1, 4, 1, 1, 1]], [33, [2, 8, 2, 1, 1]], [35, [8, 1, 2]], [62, 2], [68, 2], [74, 1], [101, 4]]",[4.224026848442111e-06]
layer_10,311,"[[31, [4, 1, 1, 1, 1]], [33, [16, 2, 1, 1, 1]], [35, [8, 1, 2]], [62, 2], [68, 1], [74, 1], [101, 3]]",[5.134822584230414e-06]
layer_10,312,"[[31, [1, 4, 1, 1, 1]], [33, [1, 8, 4, 1, 1]], [35, [8, 2, 1]], [62, 1], [68, 1], [74, 3], [101, 3]]",[3.8293963513743e-06]
layer_10,313,"[[31, [1, 4, 1, 1, 1]], [33, [1, 8, 4, 1, 1]], [35, [8, 1, 2]], [62, 1], [68, 1], [74, 3], [101, 3]]",[4.681654604231502e-06]
layer_10,314,"[[31, [1, 4, 1, 1, 1]], [33, [1, 8, 4, 1, 1]], [35, [8, 1, 2]], [62, 0], [68, 1], [74, 3], [101, 3]]",[4.2440293159609115e-06]
layer_10,315,"[[31, [1, 4, 1, 1, 1]], [33, [1, 8, 4, 1, 1]], [35, [8, 2, 1]], [62, 1], [68, 2], [74, 1], [101, 3]]",[3.844766010425393e-06]
layer_10,316,"[[31, [1, 4, 1, 1, 1]], [33, [1, 8, 4, 1, 1]], [35, [4, 4, 1]], [62, 0], [68, 1], [74, 2], [101, 4]]",[4.396229253958754e-06]
layer_10,317,"[[31, [2, 1, 1, 1, 2]], [33, [16, 1, 1, 1, 2]], [35, [16, 1, 1]], [62, 1], [68, 0], [74, 2], [101, 2]]",[7.322844903339192e-06]
layer_10,318,"[[31, [2, 1, 1, 1, 2]], [33, [1, 1, 4, 4, 2]], [35, [8, 1, 2]], [62, 0], [68, 0], [74, 3], [101, 3]]",[1.663251448064606e-05]
layer_10,319,"[[31, [1, 1, 2, 2, 1]], [33, [1, 2, 16, 1, 1]], [35, [8, 2, 1]], [62, 2], [68, 1], [74, 3], [101, 2]]",[9.445993052312003e-06]
layer_10,320,"[[31, [4, 1, 1, 1, 1]], [33, [16, 1, 2, 1, 1]], [35, [16, 1, 1]], [62, 2], [68, 2], [74, 2], [101, 3]]",[3.5518325719399043e-06]
layer_10,321,"[[31, [1, 4, 1, 1, 1]], [33, [1, 8, 4, 1, 1]], [35, [2, 8, 1]], [62, 1], [68, 1], [74, 3], [101, 2]]",[3.690799111964479e-06]
layer_10,322,"[[31, [1, 4, 1, 1, 1]], [33, [1, 8, 4, 1, 1]], [35, [2, 2, 4]], [62, 1], [68, 1], [74, 3], [101, 2]]",[4.2105176247716565e-06]
layer_10,323,"[[31, [1, 4, 1, 1, 1]], [33, [1, 8, 4, 1, 1]], [35, [2, 2, 4]], [62, 0], [68, 2], [74, 3], [101, 2]]",[3.9559188423645325e-06]
layer_10,324,"[[31, [1, 4, 1, 1, 1]], [33, [1, 8, 4, 1, 1]], [35, [2, 4, 2]], [62, 0], [68, 2], [74, 3], [101, 2]]",[3.866238671714857e-06]
layer_10,325,"[[31, [1, 4, 1, 1, 1]], [33, [1, 8, 4, 1, 1]], [35, [2, 8, 1]], [62, 0], [68, 2], [74, 3], [101, 2]]",[3.866683334597972e-06]
layer_10,326,"[[31, [4, 1, 1, 1, 1]], [33, [16, 1, 2, 1, 1]], [35, [16, 1, 1]], [62, 0], [68, 2], [74, 2], [101, 3]]",[4.002214583933199e-06]
layer_10,327,"[[31, [1, 4, 1, 1, 1]], [33, [1, 8, 4, 1, 1]], [35, [4, 1, 4]], [62, 1], [68, 2], [74, 3], [101, 4]]",[3.6022619751219846e-06]
layer_10,328,"[[31, [1, 4, 1, 1, 1]], [33, [1, 8, 4, 1, 1]], [35, [4, 4, 1]], [62, 1], [68, 2], [74, 3], [101, 4]]",[3.826483896601692e-06]
layer_10,329,"[[31, [1, 4, 1, 1, 1]], [33, [1, 16, 1, 2, 1]], [35, [16, 1, 1]], [62, 1], [68, 2], [74, 3], [101, 4]]",[3.827202933583666e-06]
layer_10,330,"[[31, [4, 1, 1, 1, 1]], [33, [16, 1, 2, 1, 1]], [35, [16, 1, 1]], [62, 1], [68, 2], [74, 3], [101, 3]]",[3.8059015186829907e-06]
layer_10,331,"[[31, [1, 4, 1, 1, 1]], [33, [1, 8, 4, 1, 1]], [35, [2, 8, 1]], [62, 0], [68, 2], [74, 3], [101, 4]]",[3.6958255577619435e-06]
layer_10,332,"[[31, [1, 4, 1, 1, 1]], [33, [1, 8, 4, 1, 1]], [35, [2, 2, 4]], [62, 1], [68, 2], [74, 3], [101, 3]]",[3.622850549904714e-06]
layer_10,333,"[[31, [1, 4, 1, 1, 1]], [33, [1, 8, 4, 1, 1]], [35, [2, 8, 1]], [62, 1], [68, 0], [74, 3], [101, 2]]",[4.000941505941944e-06]
layer_10,334,"[[31, [4, 1, 1, 1, 1]], [33, [16, 1, 2, 1, 1]], [35, [16, 1, 1]], [62, 2], [68, 2], [74, 1], [101, 3]]",[3.6931327897280745e-06]
layer_10,335,"[[31, [1, 4, 1, 1, 1]], [33, [1, 8, 4, 1, 1]], [35, [2, 2, 4]], [62, 1], [68, 2], [74, 2], [101, 4]]",[3.725533133727246e-06]
layer_10,336,"[[31, [1, 4, 1, 1, 1]], [33, [1, 8, 4, 1, 1]], [35, [2, 4, 2]], [62, 1], [68, 2], [74, 2], [101, 4]]",[3.8042379176790398e-06]
layer_10,337,"[[31, [1, 4, 1, 1, 1]], [33, [1, 16, 1, 2, 1]], [35, [8, 2, 1]], [62, 1], [68, 2], [74, 3], [101, 4]]",[6.972195643041469e-06]
layer_10,338,"[[31, [4, 1, 1, 1, 1]], [33, [16, 1, 2, 1, 1]], [35, [16, 1, 1]], [62, 0], [68, 2], [74, 3], [101, 3]]",[3.855268530378125e-06]
layer_10,339,"[[31, [1, 4, 1, 1, 1]], [33, [1, 8, 4, 1, 1]], [35, [8, 2, 1]], [62, 1], [68, 2], [74, 3], [101, 4]]",[3.7010105427382753e-06]
layer_10,340,"[[31, [1, 4, 1, 1, 1]], [33, [1, 8, 4, 1, 1]], [35, [4, 1, 4]], [62, 1], [68, 2], [74, 2], [101, 4]]",[4.018502826664045e-06]
layer_10,341,"[[31, [4, 1, 1, 1, 1]], [33, [16, 1, 1, 2, 1]], [35, [16, 1, 1]], [62, 2], [68, 2], [74, 1], [101, 3]]",[3.822812604797782e-06]
layer_10,342,"[[31, [1, 4, 1, 1, 1]], [33, [1, 8, 4, 1, 1]], [35, [4, 1, 4]], [62, 0], [68, 2], [74, 3], [101, 3]]",[3.7004017702786802e-06]
layer_10,343,"[[31, [4, 1, 1, 1, 1]], [33, [16, 1, 2, 1, 1]], [35, [8, 2, 1]], [62, 2], [68, 2], [74, 1], [101, 3]]",[4.357207647010937e-06]
layer_10,344,"[[31, [4, 1, 1, 1, 1]], [33, [16, 1, 2, 1, 1]], [35, [8, 1, 2]], [62, 1], [68, 2], [74, 1], [101, 3]]",[4.022229150763359e-06]
layer_10,345,"[[31, [1, 4, 1, 1, 1]], [33, [1, 8, 4, 1, 1]], [35, [8, 1, 2]], [62, 1], [68, 2], [74, 3], [101, 3]]",[3.810863824028625e-06]
layer_10,346,"[[31, [1, 4, 1, 1, 1]], [33, [1, 8, 4, 1, 1]], [35, [4, 1, 4]], [62, 1], [68, 0], [74, 3], [101, 4]]",[4.294716604080775e-06]
layer_10,347,"[[31, [1, 4, 1, 1, 1]], [33, [1, 8, 4, 1, 1]], [35, [4, 2, 2]], [62, 1], [68, 0], [74, 3], [101, 4]]",[4.066595142275461e-06]
layer_10,348,"[[31, [1, 4, 1, 1, 1]], [33, [1, 8, 4, 1, 1]], [35, [4, 1, 4]], [62, 1], [68, 2], [74, 3], [101, 2]]",[3.975738888130658e-06]
layer_10,349,"[[31, [1, 4, 1, 1, 1]], [33, [1, 8, 4, 1, 1]], [35, [4, 2, 2]], [62, 1], [68, 2], [74, 3], [101, 2]]",[3.5308445982028834e-06]
layer_10,350,"[[31, [1, 4, 1, 1, 1]], [33, [1, 8, 4, 1, 1]], [35, [2, 8, 1]], [62, 2], [68, 1], [74, 3], [101, 2]]",[4.089327486249443e-06]
layer_10,351,"[[31, [1, 4, 1, 1, 1]], [33, [1, 8, 4, 1, 1]], [35, [8, 1, 2]], [62, 1], [68, 2], [74, 1], [101, 3]]",[3.877288570298136e-06]
layer_10,352,"[[31, [1, 4, 1, 1, 1]], [33, [1, 8, 4, 1, 1]], [35, [4, 1, 4]], [62, 1], [68, 0], [74, 3], [101, 2]]",[3.965729627229303e-06]
layer_10,353,"[[31, [1, 4, 1, 1, 1]], [33, [1, 8, 4, 1, 1]], [35, [8, 1, 2]], [62, 1], [68, 2], [74, 2], [101, 3]]",[3.923555095257593e-06]
layer_10,354,"[[31, [1, 4, 1, 1, 1]], [33, [1, 8, 4, 1, 1]], [35, [8, 2, 1]], [62, 1], [68, 2], [74, 2], [101, 3]]",[3.986494235444196e-06]
layer_10,355,"[[31, [4, 1, 1, 1, 1]], [33, [16, 1, 2, 1, 1]], [35, [16, 1, 1]], [62, 1], [68, 1], [74, 2], [101, 3]]",[3.875033016692797e-06]
layer_10,356,"[[31, [1, 4, 1, 1, 1]], [33, [2, 8, 1, 1, 2]], [35, [4, 4, 1]], [62, 2], [68, 2], [74, 3], [101, 4]]",[3.997383245366086e-06]
layer_10,357,"[[31, [2, 2, 1, 1, 1]], [33, [1, 16, 1, 2, 1]], [35, [8, 2, 1]], [62, 1], [68, 2], [74, 3], [101, 4]]",[3.7447238983723705e-06]
layer_10,358,"[[31, [4, 1, 1, 1, 1]], [33, [16, 1, 2, 1, 1]], [35, [16, 1, 1]], [62, 0], [68, 2], [74, 1], [101, 3]]",[3.8883690877209175e-06]
layer_10,359,"[[31, [4, 1, 1, 1, 1]], [33, [16, 1, 2, 1, 1]], [35, [8, 1, 2]], [62, 1], [68, 2], [74, 3], [101, 3]]",[3.832445545256786e-06]
layer_10,360,"[[31, [1, 4, 1, 1, 1]], [33, [1, 8, 4, 1, 1]], [35, [4, 2, 2]], [62, 1], [68, 0], [74, 3], [101, 3]]",[3.978958788373377e-06]
layer_10,361,"[[31, [1, 4, 1, 1, 1]], [33, [2, 8, 1, 2, 1]], [35, [4, 4, 1]], [62, 1], [68, 2], [74, 3], [101, 4]]",[3.7905525149169683e-06]
layer_10,362,"[[31, [1, 4, 1, 1, 1]], [33, [2, 8, 1, 2, 1]], [35, [4, 2, 2]], [62, 1], [68, 2], [74, 3], [101, 4]]",[3.871340213237722e-06]
layer_10,363,"[[31, [1, 4, 1, 1, 1]], [33, [2, 8, 1, 2, 1]], [35, [4, 1, 4]], [62, 1], [68, 2], [74, 3], [101, 4]]",[3.864042172168785e-06]
layer_10,364,"[[31, [1, 4, 1, 1, 1]], [33, [1, 8, 4, 1, 1]], [35, [8, 1, 2]], [62, 1], [68, 2], [74, 3], [101, 2]]",[3.4433262924735107e-06]
layer_10,365,"[[31, [1, 4, 1, 1, 1]], [33, [1, 16, 1, 2, 1]], [35, [8, 2, 1]], [62, 1], [68, 2], [74, 3], [101, 2]]",[4.225055973889131e-06]
layer_10,366,"[[31, [4, 1, 1, 1, 1]], [33, [16, 1, 1, 1, 2]], [35, [16, 1, 1]], [62, 1], [68, 2], [74, 3], [101, 3]]",[3.7051562095350207e-06]
layer_10,367,"[[31, [4, 1, 1, 1, 1]], [33, [16, 1, 1, 1, 2]], [35, [16, 1, 1]], [62, 1], [68, 2], [74, 2], [101, 3]]",[3.7866059733004907e-06]
layer_10,368,"[[31, [4, 1, 1, 1, 1]], [33, [16, 1, 2, 1, 1]], [35, [8, 1, 2]], [62, 0], [68, 2], [74, 3], [101, 3]]",[3.929551255353424e-06]
layer_10,369,"[[31, [1, 4, 1, 1, 1]], [33, [1, 8, 4, 1, 1]], [35, [4, 1, 4]], [62, 1], [68, 1], [74, 3], [101, 2]]",[3.968151646529258e-06]
layer_10,370,"[[31, [1, 4, 1, 1, 1]], [33, [1, 8, 4, 1, 1]], [35, [4, 2, 2]], [62, 1], [68, 1], [74, 3], [101, 2]]",[3.6408241582159003e-06]
layer_10,371,"[[31, [1, 4, 1, 1, 1]], [33, [2, 8, 1, 2, 1]], [35, [4, 4, 1]], [62, 2], [68, 2], [74, 2], [101, 4]]",[4.20208161748309e-06]
layer_10,372,"[[31, [1, 4, 1, 1, 1]], [33, [2, 8, 1, 2, 1]], [35, [8, 1, 2]], [62, 2], [68, 2], [74, 2], [101, 4]]",[3.829087713368261e-06]
layer_10,373,"[[31, [1, 4, 1, 1, 1]], [33, [1, 8, 4, 1, 1]], [35, [4, 1, 4]], [62, 1], [68, 2], [74, 2], [101, 2]]",[3.5509517173612037e-06]
layer_10,374,"[[31, [1, 4, 1, 1, 1]], [33, [1, 8, 4, 1, 1]], [35, [4, 2, 2]], [62, 1], [68, 2], [74, 2], [101, 2]]",[4.087586320392081e-06]
layer_10,375,"[[31, [1, 4, 1, 1, 1]], [33, [1, 8, 4, 1, 1]], [35, [4, 4, 1]], [62, 1], [68, 2], [74, 2], [101, 2]]",[3.982138744140672e-06]
layer_10,376,"[[31, [1, 4, 1, 1, 1]], [33, [1, 8, 4, 1, 1]], [35, [2, 2, 4]], [62, 1], [68, 1], [74, 3], [101, 4]]",[3.978489424495819e-06]
layer_10,377,"[[31, [4, 1, 1, 1, 1]], [33, [16, 1, 2, 1, 1]], [35, [16, 1, 1]], [62, 0], [68, 1], [74, 2], [101, 3]]",[3.859677226048085e-06]
layer_10,378,"[[31, [1, 4, 1, 1, 1]], [33, [1, 8, 4, 1, 1]], [35, [8, 1, 2]], [62, 1], [68, 2], [74, 2], [101, 2]]",[3.689427435113451e-06]
layer_10,379,"[[31, [1, 4, 1, 1, 1]], [33, [1, 8, 4, 1, 1]], [35, [8, 2, 1]], [62, 1], [68, 2], [74, 2], [101, 2]]",[3.682331199411332e-06]
layer_10,380,"[[31, [1, 4, 1, 1, 1]], [33, [1, 8, 4, 1, 1]], [35, [8, 1, 2]], [62, 0], [68, 2], [74, 2], [101, 3]]",[3.912325684302156e-06]
layer_10,381,"[[31, [1, 1, 4, 1, 1]], [33, [2, 8, 1, 1, 2]], [35, [4, 2, 2]], [62, 1], [68, 1], [74, 2], [101, 1]]",[5.9436545908807e-06]
layer_10,382,"[[31, [1, 2, 2, 1, 1]], [33, [1, 2, 1, 16, 1]], [35, [8, 2, 1]], [62, 3], [68, 2], [74, 1], [101, 3]]",[4.365033383961118e-05]
layer_10,383,"[[31, [2, 1, 2, 1, 1]], [33, [1, 4, 1, 2, 4]], [35, [8, 2, 1]], [62, 0], [68, 2], [74, 2], [101, 3]]",[9.190998806792106e-06]
layer_10,384,"[[31, [1, 4, 1, 1, 1]], [33, [1, 8, 4, 1, 1]], [35, [8, 2, 1]], [62, 1], [68, 2], [74, 3], [101, 2]]",[3.985842658576166e-06]
layer_10,385,"[[31, [4, 1, 1, 1, 1]], [33, [16, 1, 2, 1, 1]], [35, [16, 1, 1]], [62, 2], [68, 2], [74, 3], [101, 3]]",[3.936573326508812e-06]
layer_10,386,"[[31, [1, 4, 1, 1, 1]], [33, [1, 8, 4, 1, 1]], [35, [2, 8, 1]], [62, 1], [68, 2], [74, 3], [101, 4]]",[3.7322861289970534e-06]
layer_10,387,"[[31, [4, 1, 1, 1, 1]], [33, [16, 1, 1, 1, 2]], [35, [16, 1, 1]], [62, 2], [68, 2], [74, 3], [101, 3]]",[3.5877205403312152e-06]
layer_10,388,"[[31, [1, 4, 1, 1, 1]], [33, [1, 8, 4, 1, 1]], [35, [8, 2, 1]], [62, 1], [68, 2], [74, 1], [101, 2]]",[3.7367713471620703e-06]
layer_10,389,"[[31, [1, 4, 1, 1, 1]], [33, [1, 8, 4, 1, 1]], [35, [2, 2, 4]], [62, 1], [68, 2], [74, 3], [101, 2]]",[3.856997927340475e-06]
layer_10,390,"[[31, [1, 4, 1, 1, 1]], [33, [1, 8, 4, 1, 1]], [35, [2, 4, 2]], [62, 1], [68, 2], [74, 3], [101, 2]]",[3.945657373186732e-06]
layer_10,391,"[[31, [1, 4, 1, 1, 1]], [33, [1, 8, 4, 1, 1]], [35, [4, 4, 1]], [62, 1], [68, 1], [74, 3], [101, 2]]",[4.0531475092118485e-06]
layer_10,392,"[[31, [4, 1, 1, 1, 1]], [33, [16, 1, 1, 2, 1]], [35, [16, 1, 1]], [62, 1], [68, 2], [74, 3], [101, 3]]",[3.704110824009103e-06]
layer_10,393,"[[31, [1, 4, 1, 1, 1]], [33, [1, 8, 4, 1, 1]], [35, [8, 1, 2]], [62, 1], [68, 2], [74, 2], [101, 4]]",[3.967145350105432e-06]
layer_10,394,"[[31, [1, 4, 1, 1, 1]], [33, [1, 8, 4, 1, 1]], [35, [2, 8, 1]], [62, 1], [68, 2], [74, 2], [101, 4]]",[3.533151350626718e-06]
layer_10,395,"[[31, [1, 4, 1, 1, 1]], [33, [2, 8, 1, 2, 1]], [35, [16, 1, 1]], [62, 1], [68, 2], [74, 2], [101, 4]]",[3.734691417272101e-06]
layer_10,396,"[[31, [2, 2, 1, 1, 1]], [33, [1, 16, 1, 2, 1]], [35, [8, 2, 1]], [62, 2], [68, 2], [74, 3], [101, 4]]",[3.892680606413994e-06]
layer_10,397,"[[31, [4, 1, 1, 1, 1]], [33, [16, 1, 2, 1, 1]], [35, [16, 1, 1]], [62, 2], [68, 1], [74, 2], [101, 3]]",[3.714801356144881e-06]
layer_10,398,"[[31, [1, 4, 1, 1, 1]], [33, [2, 8, 1, 2, 1]], [35, [8, 1, 2]], [62, 1], [68, 2], [74, 3], [101, 4]]",[3.942550408852765e-06]
layer_10,399,"[[31, [1, 4, 1, 1, 1]], [33, [1, 8, 4, 1, 1]], [35, [8, 2, 1]], [62, 1], [68, 2], [74, 1], [101, 4]]",[3.82811973827699e-06]
layer_10,400,"[[31, [4, 1, 1, 1, 1]], [33, [16, 1, 1, 1, 2]], [35, [16, 1, 1]], [62, 2], [68, 2], [74, 1], [101, 3]]",[3.6693795591182365e-06]
layer_10,401,"[[31, [4, 1, 1, 1, 1]], [33, [16, 1, 2, 1, 1]], [35, [16, 1, 1]], [62, 1], [68, 2], [74, 1], [101, 3]]",[4.0129821617678205e-06]
layer_10,402,"[[31, [1, 4, 1, 1, 1]], [33, [2, 8, 1, 2, 1]], [35, [8, 1, 2]], [62, 1], [68, 2], [74, 2], [101, 4]]",[4.060661400512383e-06]
layer_10,403,"[[31, [4, 1, 1, 1, 1]], [33, [16, 1, 2, 1, 1]], [35, [16, 1, 1]], [62, 0], [68, 2], [74, 2], [101, 4]]",[3.7294896076572723e-06]
layer_10,404,"[[31, [1, 4, 1, 1, 1]], [33, [2, 8, 1, 1, 2]], [35, [8, 2, 1]], [62, 2], [68, 2], [74, 2], [101, 4]]",[3.927131195110677e-06]
layer_10,405,"[[31, [1, 4, 1, 1, 1]], [33, [2, 8, 1, 2, 1]], [35, [8, 2, 1]], [62, 2], [68, 2], [74, 2], [101, 4]]",[3.941723333170756e-06]
layer_10,406,"[[31, [4, 1, 1, 1, 1]], [33, [16, 1, 2, 1, 1]], [35, [8, 2, 1]], [62, 1], [68, 2], [74, 3], [101, 3]]",[3.7276663096125187e-06]
layer_10,407,"[[31, [1, 4, 1, 1, 1]], [33, [1, 8, 4, 1, 1]], [35, [4, 2, 2]], [62, 1], [68, 2], [74, 2], [101, 4]]",[3.855507293886248e-06]
layer_10,408,"[[31, [1, 4, 1, 1, 1]], [33, [2, 8, 1, 1, 2]], [35, [8, 2, 1]], [62, 0], [68, 2], [74, 2], [101, 4]]",[3.904114450501314e-06]
layer_10,409,"[[31, [1, 4, 1, 1, 1]], [33, [1, 8, 4, 1, 1]], [35, [8, 1, 2]], [62, 0], [68, 2], [74, 3], [101, 3]]",[3.8353226557385e-06]
layer_10,410,"[[31, [1, 4, 1, 1, 1]], [33, [2, 8, 1, 1, 2]], [35, [16, 1, 1]], [62, 2], [68, 2], [74, 2], [101, 4]]",[3.677304572600053e-06]
layer_10,411,"[[31, [1, 4, 1, 1, 1]], [33, [1, 8, 4, 1, 1]], [35, [2, 2, 4]], [62, 1], [68, 2], [74, 2], [101, 2]]",[4.063754798675588e-06]
layer_10,412,"[[31, [1, 4, 1, 1, 1]], [33, [1, 8, 4, 1, 1]], [35, [4, 2, 2]], [62, 1], [68, 1], [74, 2], [101, 2]]",[4.3993174728702605e-06]
layer_10,413,"[[31, [1, 4, 1, 1, 1]], [33, [1, 8, 4, 1, 1]], [35, [4, 1, 4]], [62, 1], [68, 1], [74, 2], [101, 2]]",[4.388590769500745e-06]
layer_10,414,"[[31, [1, 4, 1, 1, 1]], [33, [1, 8, 4, 1, 1]], [35, [8, 1, 2]], [62, 1], [68, 0], [74, 3], [101, 2]]",[3.97319533456108e-06]
layer_10,415,"[[31, [1, 4, 1, 1, 1]], [33, [1, 8, 4, 1, 1]], [35, [8, 2, 1]], [62, 1], [68, 0], [74, 3], [101, 2]]",[3.833342321132978e-06]
layer_10,416,"[[31, [4, 1, 1, 1, 1]], [33, [16, 1, 2, 1, 1]], [35, [8, 2, 1]], [62, 1], [68, 2], [74, 2], [101, 3]]",[4.046619888544892e-06]
layer_10,417,"[[31, [1, 4, 1, 1, 1]], [33, [1, 8, 4, 1, 1]], [35, [8, 1, 2]], [62, 1], [68, 1], [74, 2], [101, 2]]",[3.989805216073523e-06]
layer_10,418,"[[31, [1, 4, 1, 1, 1]], [33, [1, 8, 4, 1, 1]], [35, [8, 2, 1]], [62, 0], [68, 2], [74, 2], [101, 2]]",[4.050626409975726e-06]
layer_10,419,"[[31, [4, 1, 1, 1, 1]], [33, [16, 1, 2, 1, 1]], [35, [4, 1, 4]], [62, 1], [68, 2], [74, 3], [101, 3]]",[4.0412909145758965e-06]
layer_10,420,"[[31, [1, 4, 1, 1, 1]], [33, [1, 8, 4, 1, 1]], [35, [2, 4, 2]], [62, 1], [68, 0], [74, 3], [101, 2]]",[3.950623990278076e-06]
layer_10,421,"[[31, [1, 4, 1, 1, 1]], [33, [1, 8, 4, 1, 1]], [35, [2, 8, 1]], [62, 0], [68, 2], [74, 2], [101, 4]]",[3.7522355665256232e-06]
layer_10,422,"[[31, [1, 4, 1, 1, 1]], [33, [1, 8, 4, 1, 1]], [35, [8, 2, 1]], [62, 0], [68, 2], [74, 2], [101, 3]]",[4.054343676687547e-06]
layer_10,423,"[[31, [1, 4, 1, 1, 1]], [33, [1, 8, 4, 1, 1]], [35, [2, 4, 2]], [62, 0], [68, 1], [74, 3], [101, 2]]",[4.191291547771328e-06]
layer_10,424,"[[31, [1, 4, 1, 1, 1]], [33, [1, 8, 4, 1, 1]], [35, [2, 8, 1]], [62, 0], [68, 1], [74, 3], [101, 2]]",[4.089800339438154e-06]
layer_10,425,"[[31, [4, 1, 1, 1, 1]], [33, [16, 1, 2, 1, 1]], [35, [16, 1, 1]], [62, 2], [68, 1], [74, 1], [101, 3]]",[4.059485015069319e-06]
layer_10,426,"[[31, [1, 4, 1, 1, 1]], [33, [1, 8, 4, 1, 1]], [35, [4, 1, 4]], [62, 0], [68, 2], [74, 3], [101, 2]]",[3.833069509127587e-06]
layer_10,427,"[[31, [1, 4, 1, 1, 1]], [33, [2, 8, 1, 2, 1]], [35, [4, 4, 1]], [62, 1], [68, 2], [74, 2], [101, 4]]",[4.015735904750093e-06]
layer_10,428,"[[31, [1, 4, 1, 1, 1]], [33, [1, 8, 4, 1, 1]], [35, [2, 4, 2]], [62, 1], [68, 2], [74, 1], [101, 4]]",[4.2619007346116104e-06]
layer_10,429,"[[31, [4, 1, 1, 1, 1]], [33, [16, 1, 2, 1, 1]], [35, [16, 1, 1]], [62, 2], [68, 1], [74, 1], [101, 4]]",[4.19315764530408e-06]
layer_10,430,"[[31, [1, 4, 1, 1, 1]], [33, [1, 8, 4, 1, 1]], [35, [8, 2, 1]], [62, 0], [68, 2], [74, 1], [101, 3]]",[3.84904306505014e-06]
layer_10,431,"[[31, [1, 4, 1, 1, 1]], [33, [1, 8, 4, 1, 1]], [35, [8, 2, 1]], [62, 0], [68, 2], [74, 1], [101, 2]]",[4.016838082417172e-06]
layer_10,432,"[[31, [1, 4, 1, 1, 1]], [33, [1, 8, 4, 1, 1]], [35, [4, 4, 1]], [62, 1], [68, 0], [74, 3], [101, 3]]",[3.975545116367798e-06]
layer_10,433,"[[31, [1, 4, 1, 1, 1]], [33, [1, 8, 4, 1, 1]], [35, [8, 1, 2]], [62, 1], [68, 0], [74, 2], [101, 2]]",[3.992953164086687e-06]
layer_10,434,"[[31, [1, 4, 1, 1, 1]], [33, [1, 8, 4, 1, 1]], [35, [8, 2, 1]], [62, 1], [68, 0], [74, 2], [101, 2]]",[4.232820551991037e-06]
layer_10,435,"[[31, [1, 4, 1, 1, 1]], [33, [1, 8, 4, 1, 1]], [35, [4, 1, 4]], [62, 0], [68, 1], [74, 3], [101, 2]]",[3.6774177787581343e-06]
layer_10,436,"[[31, [4, 1, 1, 1, 1]], [33, [16, 1, 2, 1, 1]], [35, [8, 1, 2]], [62, 0], [68, 2], [74, 2], [101, 3]]",[3.994024563049275e-06]
layer_10,437,"[[31, [4, 1, 1, 1, 1]], [33, [16, 1, 2, 1, 1]], [35, [8, 2, 1]], [62, 0], [68, 2], [74, 2], [101, 3]]",[4.035014962962963e-06]
layer_10,438,"[[31, [1, 4, 1, 1, 1]], [33, [1, 8, 4, 1, 1]], [35, [8, 1, 2]], [62, 2], [68, 2], [74, 3], [101, 2]]",[3.3949937529517837e-06]
layer_10,439,"[[31, [1, 4, 1, 1, 1]], [33, [1, 8, 4, 1, 1]], [35, [8, 2, 1]], [62, 2], [68, 2], [74, 3], [101, 2]]",[3.754850206433855e-06]
layer_10,440,"[[31, [4, 1, 1, 1, 1]], [33, [16, 1, 2, 1, 1]], [35, [16, 1, 1]], [62, 0], [68, 2], [74, 1], [101, 4]]",[3.923167473667301e-06]
layer_10,441,"[[31, [4, 1, 1, 1, 1]], [33, [16, 1, 2, 1, 1]], [35, [4, 2, 2]], [62, 1], [68, 2], [74, 2], [101, 3]]",[4.036573042413337e-06]
layer_10,442,"[[31, [4, 1, 1, 1, 1]], [33, [16, 1, 2, 1, 1]], [35, [16, 1, 1]], [62, 1], [68, 2], [74, 2], [101, 2]]",[3.844101480865599e-06]
layer_10,443,"[[31, [1, 4, 1, 1, 1]], [33, [2, 8, 1, 2, 1]], [35, [16, 1, 1]], [62, 1], [68, 1], [74, 2], [101, 4]]",[3.976235098120881e-06]
layer_10,444,"[[31, [1, 4, 1, 1, 1]], [33, [1, 8, 4, 1, 1]], [35, [2, 2, 4]], [62, 1], [68, 2], [74, 1], [101, 2]]",[4.0084804539434625e-06]
layer_10,445,"[[31, [4, 1, 1, 1, 1]], [33, [4, 1, 1, 2, 4]], [35, [8, 1, 2]], [62, 1], [68, 2], [74, 1], [101, 2]]",[2.811712737523491e-05]
layer_10,446,"[[31, [2, 1, 1, 1, 2]], [33, [2, 16, 1, 1, 1]], [35, [1, 8, 2]], [62, 1], [68, 0], [74, 0], [101, 3]]",[9.64021875558734e-06]
layer_10,447,"[[31, [2, 1, 2, 1, 1]], [33, [2, 1, 1, 4, 4]], [35, [4, 4, 1]], [62, 0], [68, 2], [74, 1], [101, 1]]",[2.2179609364319894e-05]
layer_10,448,"[[31, [1, 4, 1, 1, 1]], [33, [1, 8, 4, 1, 1]], [35, [8, 2, 1]], [62, 2], [68, 2], [74, 1], [101, 2]]",[3.7761283919229452e-06]
layer_10,449,"[[31, [1, 4, 1, 1, 1]], [33, [1, 8, 4, 1, 1]], [35, [8, 1, 2]], [62, 2], [68, 2], [74, 1], [101, 2]]",[3.748029400107249e-06]
layer_10,450,"[[31, [1, 4, 1, 1, 1]], [33, [1, 8, 4, 1, 1]], [35, [8, 2, 1]], [62, 2], [68, 2], [74, 2], [101, 2]]",[3.632437311753819e-06]
layer_10,451,"[[31, [4, 1, 1, 1, 1]], [33, [16, 1, 2, 1, 1]], [35, [16, 1, 1]], [62, 1], [68, 2], [74, 2], [101, 4]]",[3.70898116216116e-06]
layer_10,452,"[[31, [4, 1, 1, 1, 1]], [33, [16, 1, 1, 1, 2]], [35, [16, 1, 1]], [62, 1], [68, 2], [74, 2], [101, 4]]",[3.493140477525465e-06]
layer_10,453,"[[31, [4, 1, 1, 1, 1]], [33, [16, 1, 1, 2, 1]], [35, [16, 1, 1]], [62, 1], [68, 2], [74, 2], [101, 3]]",[3.6486714288830242e-06]
layer_10,454,"[[31, [4, 1, 1, 1, 1]], [33, [16, 1, 2, 1, 1]], [35, [16, 1, 1]], [62, 2], [68, 2], [74, 2], [101, 2]]",[3.7404045194070017e-06]
layer_10,455,"[[31, [1, 4, 1, 1, 1]], [33, [1, 8, 4, 1, 1]], [35, [8, 1, 2]], [62, 1], [68, 2], [74, 1], [101, 2]]",[3.6903341442702715e-06]
layer_10,456,"[[31, [1, 4, 1, 1, 1]], [33, [1, 8, 4, 1, 1]], [35, [2, 4, 2]], [62, 0], [68, 2], [74, 3], [101, 4]]",[3.942484629936155e-06]
layer_10,457,"[[31, [1, 4, 1, 1, 1]], [33, [1, 8, 4, 1, 1]], [35, [8, 1, 2]], [62, 2], [68, 0], [74, 3], [101, 2]]",[3.743362095715479e-06]
layer_10,458,"[[31, [1, 4, 1, 1, 1]], [33, [1, 8, 4, 1, 1]], [35, [8, 1, 2]], [62, 1], [68, 2], [74, 3], [101, 4]]",[3.851660110349286e-06]
layer_10,459,"[[31, [1, 4, 1, 1, 1]], [33, [2, 8, 1, 1, 2]], [35, [16, 1, 1]], [62, 2], [68, 2], [74, 3], [101, 4]]",[3.640093510762857e-06]
layer_10,460,"[[31, [1, 4, 1, 1, 1]], [33, [1, 8, 4, 1, 1]], [35, [8, 2, 1]], [62, 2], [68, 1], [74, 3], [101, 2]]",[3.753295972188924e-06]
layer_10,461,"[[31, [1, 4, 1, 1, 1]], [33, [1, 8, 4, 1, 1]], [35, [2, 4, 2]], [62, 0], [68, 2], [74, 2], [101, 4]]",[3.9919312114226225e-06]
layer_10,462,"[[31, [1, 4, 1, 1, 1]], [33, [1, 8, 4, 1, 1]], [35, [8, 1, 2]], [62, 0], [68, 2], [74, 3], [101, 2]]",[3.787949268035345e-06]
layer_10,463,"[[31, [4, 1, 1, 1, 1]], [33, [16, 1, 2, 1, 1]], [35, [16, 1, 1]], [62, 0], [68, 2], [74, 3], [101, 4]]",[3.8554658193722316e-06]
layer_10,464,"[[31, [1, 4, 1, 1, 1]], [33, [2, 8, 1, 2, 1]], [35, [8, 2, 1]], [62, 1], [68, 2], [74, 3], [101, 4]]",[3.848531286077119e-06]
layer_10,465,"[[31, [1, 4, 1, 1, 1]], [33, [1, 8, 4, 1, 1]], [35, [8, 1, 2]], [62, 2], [68, 0], [74, 3], [101, 3]]",[4.109637990701577e-06]
layer_10,466,"[[31, [4, 1, 1, 1, 1]], [33, [16, 1, 2, 1, 1]], [35, [16, 1, 1]], [62, 1], [68, 1], [74, 2], [101, 4]]",[3.940434479066759e-06]
layer_10,467,"[[31, [2, 2, 1, 1, 1]], [33, [1, 16, 1, 2, 1]], [35, [8, 2, 1]], [62, 1], [68, 2], [74, 2], [101, 4]]",[4.008689438491904e-06]
layer_10,468,"[[31, [1, 4, 1, 1, 1]], [33, [1, 8, 4, 1, 1]], [35, [8, 1, 2]], [62, 0], [68, 2], [74, 3], [101, 4]]",[3.8350976458395026e-06]
layer_10,469,"[[31, [1, 4, 1, 1, 1]], [33, [1, 8, 4, 1, 1]], [35, [4, 2, 2]], [62, 0], [68, 2], [74, 3], [101, 2]]",[3.7836315777432047e-06]
layer_10,470,"[[31, [1, 4, 1, 1, 1]], [33, [2, 8, 1, 2, 1]], [35, [8, 2, 1]], [62, 1], [68, 2], [74, 2], [101, 4]]",[4.047528207713637e-06]
layer_10,471,"[[31, [1, 4, 1, 1, 1]], [33, [1, 8, 4, 1, 1]], [35, [8, 2, 1]], [62, 2], [68, 0], [74, 1], [101, 3]]",[4.340583813261301e-06]
layer_10,472,"[[31, [1, 4, 1, 1, 1]], [33, [1, 8, 4, 1, 1]], [35, [8, 1, 2]], [62, 2], [68, 0], [74, 2], [101, 2]]",[4.003317220543807e-06]
layer_10,473,"[[31, [4, 1, 1, 1, 1]], [33, [16, 1, 2, 1, 1]], [35, [16, 1, 1]], [62, 1], [68, 2], [74, 3], [101, 2]]",[3.9371783593474946e-06]
layer_10,474,"[[31, [2, 2, 1, 1, 1]], [33, [1, 16, 1, 2, 1]], [35, [16, 1, 1]], [62, 1], [68, 2], [74, 3], [101, 4]]",[3.781254878240025e-06]
layer_10,475,"[[31, [4, 1, 1, 1, 1]], [33, [16, 1, 1, 2, 1]], [35, [16, 1, 1]], [62, 1], [68, 2], [74, 1], [101, 3]]",[3.767158384067204e-06]
layer_10,476,"[[31, [4, 1, 1, 1, 1]], [33, [16, 1, 2, 1, 1]], [35, [16, 1, 1]], [62, 0], [68, 1], [74, 2], [101, 4]]",[4.080054255777236e-06]
layer_10,477,"[[31, [4, 1, 1, 1, 1]], [33, [16, 1, 2, 1, 1]], [35, [16, 1, 1]], [62, 2], [68, 1], [74, 3], [101, 3]]",[3.941278150344994e-06]
layer_10,478,"[[31, [1, 4, 1, 1, 1]], [33, [2, 8, 1, 1, 2]], [35, [8, 1, 2]], [62, 2], [68, 2], [74, 2], [101, 4]]",[3.816627942466903e-06]
layer_10,479,"[[31, [4, 1, 1, 1, 1]], [33, [16, 1, 1, 2, 1]], [35, [8, 2, 1]], [62, 1], [68, 2], [74, 3], [101, 3]]",[3.852703746214711e-06]
layer_10,480,"[[31, [4, 1, 1, 1, 1]], [33, [16, 1, 1, 1, 2]], [35, [8, 1, 2]], [62, 1], [68, 2], [74, 3], [101, 3]]",[3.956280438147399e-06]
layer_10,481,"[[31, [4, 1, 1, 1, 1]], [33, [16, 1, 1, 2, 1]], [35, [16, 1, 1]], [62, 1], [68, 1], [74, 3], [101, 3]]",[3.827024782970626e-06]
layer_10,482,"[[31, [1, 4, 1, 1, 1]], [33, [2, 16, 1, 1, 1]], [35, [16, 1, 1]], [62, 2], [68, 2], [74, 2], [101, 4]]",[4.079480567459731e-06]
layer_10,483,"[[31, [1, 4, 1, 1, 1]], [33, [1, 8, 4, 1, 1]], [35, [2, 4, 2]], [62, 1], [68, 1], [74, 3], [101, 4]]",[4.036768104068916e-06]
layer_10,484,"[[31, [1, 4, 1, 1, 1]], [33, [1, 8, 4, 1, 1]], [35, [2, 8, 1]], [62, 1], [68, 1], [74, 3], [101, 4]]",[4.164587669636167e-06]
layer_10,485,"[[31, [4, 1, 1, 1, 1]], [33, [16, 1, 2, 1, 1]], [35, [8, 1, 2]], [62, 2], [68, 2], [74, 3], [101, 3]]",[3.987762310756971e-06]
layer_10,486,"[[31, [4, 1, 1, 1, 1]], [33, [16, 1, 2, 1, 1]], [35, [16, 1, 1]], [62, 1], [68, 1], [74, 3], [101, 3]]",[4.1847444056612794e-06]
layer_10,487,"[[31, [4, 1, 1, 1, 1]], [33, [16, 1, 2, 1, 1]], [35, [16, 1, 1]], [62, 1], [68, 1], [74, 3], [101, 4]]",[3.908380876833185e-06]
layer_10,488,"[[31, [1, 4, 1, 1, 1]], [33, [1, 8, 4, 1, 1]], [35, [8, 2, 1]], [62, 0], [68, 2], [74, 2], [101, 4]]",[3.909443641336199e-06]
layer_10,489,"[[31, [1, 4, 1, 1, 1]], [33, [1, 8, 4, 1, 1]], [35, [2, 8, 1]], [62, 2], [68, 2], [74, 3], [101, 2]]",[3.874972975332897e-06]
layer_10,490,"[[31, [1, 4, 1, 1, 1]], [33, [1, 8, 4, 1, 1]], [35, [2, 2, 4]], [62, 2], [68, 2], [74, 3], [101, 2]]",[4.267246077261883e-06]
layer_10,491,"[[31, [1, 4, 1, 1, 1]], [33, [1, 8, 4, 1, 1]], [35, [4, 1, 4]], [62, 1], [68, 0], [74, 3], [101, 3]]",[4.2474951234420265e-06]
layer_10,492,"[[31, [1, 4, 1, 1, 1]], [33, [1, 8, 4, 1, 1]], [35, [2, 2, 4]], [62, 2], [68, 2], [74, 2], [101, 4]]",[3.728269945355191e-06]
layer_10,493,"[[31, [1, 4, 1, 1, 1]], [33, [1, 8, 4, 1, 1]], [35, [2, 8, 1]], [62, 2], [68, 2], [74, 2], [101, 4]]",[3.870036899471601e-06]
layer_10,494,"[[31, [1, 4, 1, 1, 1]], [33, [1, 8, 4, 1, 1]], [35, [4, 1, 4]], [62, 0], [68, 2], [74, 2], [101, 4]]",[4.1348055456445284e-06]
layer_10,495,"[[31, [1, 4, 1, 1, 1]], [33, [2, 8, 1, 2, 1]], [35, [4, 4, 1]], [62, 1], [68, 2], [74, 1], [101, 4]]",[4.251456797897388e-06]
layer_10,496,"[[31, [1, 2, 2, 1, 1]], [33, [1, 16, 2, 1, 1]], [35, [16, 1, 1]], [62, 1], [68, 2], [74, 2], [101, 2]]",[3.635385213316455e-06]
layer_10,497,"[[31, [1, 4, 1, 1, 1]], [33, [1, 8, 4, 1, 1]], [35, [2, 4, 2]], [62, 1], [68, 0], [74, 3], [101, 4]]",[3.983268267971434e-06]
layer_10,498,"[[31, [1, 4, 1, 1, 1]], [33, [1, 8, 4, 1, 1]], [35, [2, 8, 1]], [62, 1], [68, 0], [74, 3], [101, 4]]",[3.9546077896401735e-06]
layer_10,499,"[[31, [1, 4, 1, 1, 1]], [33, [1, 8, 4, 1, 1]], [35, [4, 2, 2]], [62, 2], [68, 2], [74, 3], [101, 2]]",[3.2894469582602306e-06]
layer_10,500,"[[31, [1, 4, 1, 1, 1]], [33, [1, 8, 4, 1, 1]], [35, [16, 1, 1]], [62, 1], [68, 2], [74, 1], [101, 3]]",[5.752048037263547e-06]
layer_10,501,"[[31, [4, 1, 1, 1, 1]], [33, [16, 1, 2, 1, 1]], [35, [4, 2, 2]], [62, 1], [68, 2], [74, 3], [101, 3]]",[3.865094518095607e-06]
layer_10,502,"[[31, [4, 1, 1, 1, 1]], [33, [16, 1, 2, 1, 1]], [35, [4, 4, 1]], [62, 1], [68, 2], [74, 3], [101, 3]]",[4.152930067044869e-06]
layer_10,503,"[[31, [1, 4, 1, 1, 1]], [33, [1, 8, 4, 1, 1]], [35, [2, 8, 1]], [62, 2], [68, 2], [74, 3], [101, 3]]",[3.7305417832514482e-06]
layer_10,504,"[[31, [1, 4, 1, 1, 1]], [33, [1, 8, 4, 1, 1]], [35, [2, 2, 4]], [62, 2], [68, 2], [74, 3], [101, 3]]",[3.747156523490834e-06]
layer_10,505,"[[31, [1, 4, 1, 1, 1]], [33, [1, 8, 4, 1, 1]], [35, [4, 2, 2]], [62, 2], [68, 2], [74, 3], [101, 4]]",[3.553089514066496e-06]
layer_10,506,"[[31, [1, 4, 1, 1, 1]], [33, [2, 8, 1, 2, 1]], [35, [16, 1, 1]], [62, 1], [68, 2], [74, 1], [101, 4]]",[3.8658003309828755e-06]
layer_10,507,"[[31, [1, 4, 1, 1, 1]], [33, [1, 8, 4, 1, 1]], [35, [8, 2, 1]], [62, 1], [68, 0], [74, 3], [101, 3]]",[3.971334249871112e-06]
layer_10,508,"[[31, [1, 4, 1, 1, 1]], [33, [1, 8, 4, 1, 1]], [35, [2, 2, 4]], [62, 1], [68, 1], [74, 2], [101, 4]]",[4.307704822946737e-06]
layer_10,509,"[[31, [1, 1, 2, 2, 1]], [33, [1, 8, 2, 1, 2]], [35, [2, 4, 2]], [62, 0], [68, 2], [74, 2], [101, 0]]",[1.099597215471851e-05]
layer_10,510,"[[31, [1, 2, 2, 1, 1]], [33, [4, 4, 2, 1, 1]], [35, [4, 1, 4]], [62, 2], [68, 1], [74, 2], [101, 2]]",[5.098133619736551e-06]
layer_10,511,"[[31, [1, 2, 1, 2, 1]], [33, [2, 2, 2, 2, 2]], [35, [2, 2, 4]], [62, 1], [68, 2], [74, 1], [101, 2]]",[8.504740012615642e-06]
layer_10,512,"[[31, [1, 4, 1, 1, 1]], [33, [1, 8, 4, 1, 1]], [35, [4, 1, 4]], [62, 2], [68, 2], [74, 3], [101, 2]]",[3.806797746393087e-06]
layer_10,513,"[[31, [1, 4, 1, 1, 1]], [33, [1, 8, 4, 1, 1]], [35, [4, 1, 4]], [62, 2], [68, 2], [74, 3], [101, 4]]",[3.821078839923083e-06]
layer_10,514,"[[31, [1, 4, 1, 1, 1]], [33, [1, 8, 4, 1, 1]], [35, [4, 4, 1]], [62, 2], [68, 2], [74, 3], [101, 4]]",[3.847020380598635e-06]
layer_10,515,"[[31, [1, 4, 1, 1, 1]], [33, [1, 8, 4, 1, 1]], [35, [4, 4, 1]], [62, 2], [68, 2], [74, 3], [101, 3]]",[3.7255620540053576e-06]
layer_10,516,"[[31, [1, 4, 1, 1, 1]], [33, [1, 8, 4, 1, 1]], [35, [4, 1, 4]], [62, 2], [68, 2], [74, 3], [101, 3]]",[3.80744594864511e-06]
layer_10,517,"[[31, [4, 1, 1, 1, 1]], [33, [16, 1, 1, 2, 1]], [35, [16, 1, 1]], [62, 2], [68, 2], [74, 3], [101, 3]]",[4.019906032117313e-06]
layer_10,518,"[[31, [4, 1, 1, 1, 1]], [33, [16, 1, 1, 1, 2]], [35, [16, 1, 1]], [62, 2], [68, 2], [74, 2], [101, 3]]",[4.0293311968085105e-06]
layer_10,519,"[[31, [4, 1, 1, 1, 1]], [33, [16, 1, 1, 2, 1]], [35, [16, 1, 1]], [62, 2], [68, 2], [74, 3], [101, 4]]",[3.826786495626822e-06]
layer_10,520,"[[31, [1, 4, 1, 1, 1]], [33, [1, 8, 4, 1, 1]], [35, [4, 2, 2]], [62, 2], [68, 2], [74, 2], [101, 4]]",[3.881572355443591e-06]
layer_10,521,"[[31, [4, 1, 1, 1, 1]], [33, [16, 1, 1, 2, 1]], [35, [16, 1, 1]], [62, 1], [68, 2], [74, 2], [101, 4]]",[3.4936141706573796e-06]
layer_10,522,"[[31, [1, 4, 1, 1, 1]], [33, [1, 8, 4, 1, 1]], [35, [4, 4, 1]], [62, 2], [68, 2], [74, 1], [101, 2]]",[4.310058219788615e-06]
layer_10,523,"[[31, [1, 4, 1, 1, 1]], [33, [1, 8, 4, 1, 1]], [35, [4, 2, 2]], [62, 2], [68, 2], [74, 1], [101, 2]]",[4.250819271475325e-06]
layer_10,524,"[[31, [4, 1, 1, 1, 1]], [33, [16, 1, 1, 1, 2]], [35, [16, 1, 1]], [62, 2], [68, 2], [74, 2], [101, 4]]",[4.063517409966259e-06]
layer_10,525,"[[31, [4, 1, 1, 1, 1]], [33, [16, 1, 1, 2, 1]], [35, [16, 1, 1]], [62, 0], [68, 2], [74, 3], [101, 3]]",[4.139256910905662e-06]
layer_10,526,"[[31, [4, 1, 1, 1, 1]], [33, [16, 1, 1, 1, 2]], [35, [16, 1, 1]], [62, 0], [68, 2], [74, 2], [101, 3]]",[3.7827769425241063e-06]
layer_10,527,"[[31, [1, 4, 1, 1, 1]], [33, [2, 8, 1, 2, 1]], [35, [16, 1, 1]], [62, 0], [68, 2], [74, 2], [101, 4]]",[3.658920469040213e-06]
layer_10,528,"[[31, [1, 4, 1, 1, 1]], [33, [2, 8, 1, 1, 2]], [35, [16, 1, 1]], [62, 0], [68, 2], [74, 2], [101, 4]]",[3.890530552024696e-06]
layer_10,529,"[[31, [1, 2, 2, 1, 1]], [33, [1, 16, 2, 1, 1]], [35, [16, 1, 1]], [62, 0], [68, 2], [74, 2], [101, 2]]",[4.422680154701474e-06]
layer_10,530,"[[31, [4, 1, 1, 1, 1]], [33, [16, 1, 2, 1, 1]], [35, [16, 1, 1]], [62, 2], [68, 2], [74, 2], [101, 4]]",[3.9807729809437394e-06]
layer_10,531,"[[31, [1, 4, 1, 1, 1]], [33, [1, 8, 4, 1, 1]], [35, [2, 8, 1]], [62, 2], [68, 2], [74, 3], [101, 4]]",[3.582363217921683e-06]
layer_10,532,"[[31, [1, 4, 1, 1, 1]], [33, [1, 8, 4, 1, 1]], [35, [2, 2, 4]], [62, 2], [68, 2], [74, 3], [101, 4]]",[3.5166443929415542e-06]
layer_10,533,"[[31, [1, 4, 1, 1, 1]], [33, [1, 8, 4, 1, 1]], [35, [4, 1, 4]], [62, 2], [68, 1], [74, 3], [101, 3]]",[4.025502206592194e-06]
layer_10,534,"[[31, [1, 4, 1, 1, 1]], [33, [1, 8, 4, 1, 1]], [35, [4, 1, 4]], [62, 2], [68, 1], [74, 1], [101, 2]]",[4.108358636408681e-06]
layer_10,535,"[[31, [4, 1, 1, 1, 1]], [33, [16, 1, 1, 1, 2]], [35, [16, 1, 1]], [62, 1], [68, 2], [74, 1], [101, 4]]",[3.703753783441878e-06]
layer_10,536,"[[31, [4, 1, 1, 1, 1]], [33, [16, 1, 1, 1, 2]], [35, [16, 1, 1]], [62, 2], [68, 2], [74, 1], [101, 4]]",[3.922295130861e-06]
layer_10,537,"[[31, [1, 4, 1, 1, 1]], [33, [1, 8, 4, 1, 1]], [35, [8, 2, 1]], [62, 0], [68, 2], [74, 3], [101, 2]]",[3.6236820745601227e-06]
layer_10,538,"[[31, [1, 4, 1, 1, 1]], [33, [1, 8, 4, 1, 1]], [35, [8, 2, 1]], [62, 2], [68, 0], [74, 3], [101, 2]]",[4.051782526697365e-06]
layer_10,539,"[[31, [4, 1, 1, 1, 1]], [33, [16, 1, 2, 1, 1]], [35, [16, 1, 1]], [62, 1], [68, 2], [74, 3], [101, 4]]",[3.9532613897724495e-06]
layer_10,540,"[[31, [4, 1, 1, 1, 1]], [33, [16, 1, 1, 1, 2]], [35, [16, 1, 1]], [62, 1], [68, 2], [74, 1], [101, 3]]",[3.997414305598151e-06]
layer_10,541,"[[31, [4, 1, 1, 1, 1]], [33, [16, 1, 2, 1, 1]], [35, [16, 1, 1]], [62, 0], [68, 2], [74, 2], [101, 2]]",[4.000861756819915e-06]
layer_10,542,"[[31, [4, 1, 1, 1, 1]], [33, [16, 1, 1, 1, 2]], [35, [16, 1, 1]], [62, 0], [68, 2], [74, 1], [101, 3]]",[3.7901207055106228e-06]
layer_10,543,"[[31, [4, 1, 1, 1, 1]], [33, [16, 1, 1, 2, 1]], [35, [16, 1, 1]], [62, 2], [68, 1], [74, 3], [101, 3]]",[4.0372761535330316e-06]
layer_10,544,"[[31, [1, 4, 1, 1, 1]], [33, [1, 8, 4, 1, 1]], [35, [2, 4, 2]], [62, 2], [68, 2], [74, 3], [101, 3]]",[3.8063260885279875e-06]
layer_10,545,"[[31, [4, 1, 1, 1, 1]], [33, [16, 1, 1, 2, 1]], [35, [16, 1, 1]], [62, 1], [68, 2], [74, 2], [101, 2]]",[4.122689331193705e-06]
layer_10,546,"[[31, [1, 4, 1, 1, 1]], [33, [1, 16, 1, 2, 1]], [35, [16, 1, 1]], [62, 0], [68, 2], [74, 3], [101, 4]]",[3.7151470601970764e-06]
layer_10,547,"[[31, [4, 1, 1, 1, 1]], [33, [16, 1, 1, 1, 2]], [35, [16, 1, 1]], [62, 2], [68, 1], [74, 2], [101, 3]]",[4.134003755775741e-06]
layer_10,548,"[[31, [1, 4, 1, 1, 1]], [33, [2, 8, 1, 2, 1]], [35, [8, 1, 2]], [62, 2], [68, 2], [74, 3], [101, 4]]",[4.086376195888984e-06]
layer_10,549,"[[31, [1, 4, 1, 1, 1]], [33, [2, 8, 1, 1, 2]], [35, [8, 1, 2]], [62, 2], [68, 2], [74, 3], [101, 4]]",[3.8393988282067375e-06]
layer_10,550,"[[31, [1, 4, 1, 1, 1]], [33, [1, 8, 4, 1, 1]], [35, [8, 1, 2]], [62, 1], [68, 2], [74, 1], [101, 4]]",[3.981143259102497e-06]
layer_10,551,"[[31, [1, 4, 1, 1, 1]], [33, [1, 8, 4, 1, 1]], [35, [4, 2, 2]], [62, 2], [68, 2], [74, 1], [101, 4]]",[3.673091539732061e-06]
layer_10,552,"[[31, [1, 4, 1, 1, 1]], [33, [1, 8, 4, 1, 1]], [35, [4, 1, 4]], [62, 2], [68, 2], [74, 1], [101, 4]]",[3.7802064552422472e-06]
layer_10,553,"[[31, [4, 1, 1, 1, 1]], [33, [16, 1, 1, 1, 2]], [35, [16, 1, 1]], [62, 1], [68, 1], [74, 2], [101, 4]]",[4.032053084648493e-06]
layer_10,554,"[[31, [4, 1, 1, 1, 1]], [33, [16, 1, 2, 1, 1]], [35, [8, 2, 1]], [62, 2], [68, 2], [74, 3], [101, 2]]",[3.8902758207411934e-06]
layer_10,555,"[[31, [1, 4, 1, 1, 1]], [33, [1, 8, 4, 1, 1]], [35, [8, 2, 1]], [62, 1], [68, 1], [74, 3], [101, 2]]",[3.729563429330767e-06]
layer_10,556,"[[31, [4, 1, 1, 1, 1]], [33, [16, 1, 1, 2, 1]], [35, [16, 1, 1]], [62, 2], [68, 2], [74, 1], [101, 2]]",[5.5169744464535494e-06]
layer_10,557,"[[31, [1, 4, 1, 1, 1]], [33, [1, 8, 4, 1, 1]], [35, [8, 1, 2]], [62, 2], [68, 1], [74, 1], [101, 2]]",[3.8318362537338e-06]
layer_10,558,"[[31, [2, 2, 1, 1, 1]], [33, [1, 16, 1, 2, 1]], [35, [16, 1, 1]], [62, 1], [68, 1], [74, 3], [101, 4]]",[4.222034753178141e-06]
layer_10,559,"[[31, [4, 1, 1, 1, 1]], [33, [16, 1, 1, 1, 2]], [35, [16, 1, 1]], [62, 0], [68, 1], [74, 2], [101, 4]]",[4.129531610026015e-06]
layer_10,560,"[[31, [4, 1, 1, 1, 1]], [33, [16, 1, 1, 2, 1]], [35, [8, 2, 1]], [62, 2], [68, 2], [74, 3], [101, 2]]",[4.221804963402255e-06]
layer_10,561,"[[31, [1, 4, 1, 1, 1]], [33, [1, 8, 4, 1, 1]], [35, [8, 1, 2]], [62, 2], [68, 2], [74, 1], [101, 3]]",[3.93092386239035e-06]
layer_10,562,"[[31, [4, 1, 1, 1, 1]], [33, [16, 1, 2, 1, 1]], [35, [8, 2, 1]], [62, 2], [68, 2], [74, 3], [101, 3]]",[4.197051085630642e-06]
layer_10,563,"[[31, [4, 1, 1, 1, 1]], [33, [16, 1, 1, 2, 1]], [35, [16, 1, 1]], [62, 2], [68, 0], [74, 3], [101, 4]]",[4.746863012090621e-06]
layer_10,564,"[[31, [4, 1, 1, 1, 1]], [33, [16, 2, 1, 1, 1]], [35, [16, 1, 1]], [62, 1], [68, 2], [74, 2], [101, 4]]",[4.02665858958486e-06]
layer_10,565,"[[31, [1, 4, 1, 1, 1]], [33, [1, 8, 4, 1, 1]], [35, [8, 1, 2]], [62, 0], [68, 2], [74, 1], [101, 2]]",[3.962326680512638e-06]
layer_10,566,"[[31, [1, 4, 1, 1, 1]], [33, [1, 8, 4, 1, 1]], [35, [8, 1, 2]], [62, 0], [68, 2], [74, 2], [101, 2]]",[4.032246508818555e-06]
layer_10,567,"[[31, [4, 1, 1, 1, 1]], [33, [16, 1, 1, 1, 2]], [35, [16, 1, 1]], [62, 0], [68, 1], [74, 3], [101, 3]]",[3.946170044830217e-06]
layer_10,568,"[[31, [1, 4, 1, 1, 1]], [33, [2, 8, 1, 2, 1]], [35, [2, 2, 4]], [62, 1], [68, 2], [74, 3], [101, 4]]",[4.490102101435194e-06]
layer_10,569,"[[31, [1, 4, 1, 1, 1]], [33, [2, 8, 1, 2, 1]], [35, [2, 8, 1]], [62, 1], [68, 2], [74, 3], [101, 4]]",[4.490577641475396e-06]
layer_10,570,"[[31, [4, 1, 1, 1, 1]], [33, [16, 1, 2, 1, 1]], [35, [16, 1, 1]], [62, 2], [68, 1], [74, 2], [101, 4]]",[3.944185712218417e-06]
layer_10,571,"[[31, [4, 1, 1, 1, 1]], [33, [16, 1, 2, 1, 1]], [35, [16, 1, 1]], [62, 2], [68, 0], [74, 2], [101, 3]]",[4.024114248636178e-06]
layer_10,572,"[[31, [4, 1, 1, 1, 1]], [33, [16, 1, 1, 1, 2]], [35, [16, 1, 1]], [62, 0], [68, 1], [74, 2], [101, 3]]",[4.279680834601398e-06]
layer_10,573,"[[31, [2, 2, 1, 1, 1]], [33, [2, 1, 4, 1, 4]], [35, [4, 2, 2]], [62, 1], [68, 0], [74, 3], [101, 2]]",[6.658254702613706e-06]
layer_10,574,"[[31, [1, 1, 2, 1, 2]], [33, [4, 1, 1, 4, 2]], [35, [8, 2, 1]], [62, 1], [68, 1], [74, 2], [101, 0]]",[9.721232035568372e-06]
layer_10,575,"[[31, [4, 1, 1, 1, 1]], [33, [4, 2, 2, 2, 1]], [35, [1, 16, 1]], [62, 2], [68, 1], [74, 0], [101, 2]]",[1.1700226998749004e-05]
layer_10,576,"[[31, [1, 4, 1, 1, 1]], [33, [1, 8, 4, 1, 1]], [35, [2, 4, 2]], [62, 2], [68, 2], [74, 3], [101, 4]]",[4.0162607019516505e-06]
layer_10,577,"[[31, [1, 4, 1, 1, 1]], [33, [1, 8, 4, 1, 1]], [35, [4, 4, 1]], [62, 2], [68, 2], [74, 3], [101, 2]]",[3.5479987294307227e-06]
layer_10,578,"[[31, [1, 4, 1, 1, 1]], [33, [1, 8, 4, 1, 1]], [35, [8, 1, 2]], [62, 2], [68, 2], [74, 3], [101, 4]]",[3.5852498821416547e-06]
layer_10,579,"[[31, [1, 4, 1, 1, 1]], [33, [1, 8, 4, 1, 1]], [35, [8, 2, 1]], [62, 2], [68, 2], [74, 3], [101, 4]]",[3.6948531838375285e-06]
layer_10,580,"[[31, [4, 1, 1, 1, 1]], [33, [16, 1, 1, 1, 2]], [35, [16, 1, 1]], [62, 1], [68, 2], [74, 3], [101, 4]]",[3.7021376521938895e-06]
layer_10,581,"[[31, [1, 4, 1, 1, 1]], [33, [1, 8, 4, 1, 1]], [35, [8, 1, 2]], [62, 2], [68, 2], [74, 2], [101, 2]]",[3.6403096164333758e-06]
layer_10,582,"[[31, [1, 4, 1, 1, 1]], [33, [1, 8, 4, 1, 1]], [35, [4, 2, 2]], [62, 2], [68, 2], [74, 3], [101, 3]]",[3.5537966240227435e-06]
layer_10,583,"[[31, [1, 4, 1, 1, 1]], [33, [1, 8, 4, 1, 1]], [35, [4, 4, 1]], [62, 2], [68, 1], [74, 3], [101, 2]]",[3.691236668568169e-06]
layer_10,584,"[[31, [1, 4, 1, 1, 1]], [33, [1, 8, 4, 1, 1]], [35, [4, 1, 4]], [62, 2], [68, 1], [74, 3], [101, 2]]",[3.4161401331783106e-06]
layer_10,585,"[[31, [1, 4, 1, 1, 1]], [33, [1, 8, 4, 1, 1]], [35, [8, 1, 2]], [62, 2], [68, 2], [74, 1], [101, 4]]",[3.6889550928248876e-06]
layer_10,586,"[[31, [1, 4, 1, 1, 1]], [33, [1, 8, 4, 1, 1]], [35, [4, 4, 1]], [62, 2], [68, 2], [74, 1], [101, 4]]",[4.027891036538506e-06]
layer_10,587,"[[31, [1, 4, 1, 1, 1]], [33, [1, 8, 4, 1, 1]], [35, [4, 4, 1]], [62, 2], [68, 2], [74, 2], [101, 4]]",[4.060173283444288e-06]
layer_10,588,"[[31, [1, 4, 1, 1, 1]], [33, [1, 8, 4, 1, 1]], [35, [8, 1, 2]], [62, 2], [68, 2], [74, 2], [101, 4]]",[3.696658708920188e-06]
layer_10,589,"[[31, [1, 4, 1, 1, 1]], [33, [1, 16, 1, 2, 1]], [35, [16, 1, 1]], [62, 1], [68, 2], [74, 2], [101, 4]]",[3.7016648087431692e-06]
layer_10,590,"[[31, [1, 4, 1, 1, 1]], [33, [1, 8, 4, 1, 1]], [35, [8, 1, 2]], [62, 1], [68, 1], [74, 3], [101, 2]]",[3.94468413808923e-06]
layer_10,591,"[[31, [1, 4, 1, 1, 1]], [33, [1, 8, 4, 1, 1]], [35, [4, 1, 4]], [62, 2], [68, 0], [74, 3], [101, 2]]",[3.830302061317354e-06]
layer_10,592,"[[31, [1, 4, 1, 1, 1]], [33, [1, 8, 4, 1, 1]], [35, [4, 4, 1]], [62, 2], [68, 0], [74, 3], [101, 2]]",[3.852153229856743e-06]
layer_10,593,"[[31, [1, 4, 1, 1, 1]], [33, [1, 8, 4, 1, 1]], [35, [8, 1, 2]], [62, 2], [68, 2], [74, 3], [101, 3]]",[3.874518001198543e-06]
layer_10,594,"[[31, [2, 2, 1, 1, 1]], [33, [1, 16, 1, 2, 1]], [35, [8, 2, 1]], [62, 0], [68, 2], [74, 3], [101, 4]]",[3.87597669986182e-06]
layer_10,595,"[[31, [4, 1, 1, 1, 1]], [33, [16, 1, 2, 1, 1]], [35, [16, 1, 1]], [62, 2], [68, 2], [74, 3], [101, 2]]",[3.3616597672503006e-06]
layer_10,596,"[[31, [4, 1, 1, 1, 1]], [33, [16, 1, 1, 2, 1]], [35, [16, 1, 1]], [62, 0], [68, 2], [74, 2], [101, 3]]",[3.6717291447265232e-06]
layer_10,597,"[[31, [1, 4, 1, 1, 1]], [33, [1, 8, 4, 1, 1]], [35, [8, 2, 1]], [62, 2], [68, 1], [74, 1], [101, 2]]",[3.8537173229669084e-06]
layer_10,598,"[[31, [1, 4, 1, 1, 1]], [33, [1, 8, 4, 1, 1]], [35, [8, 2, 1]], [62, 1], [68, 2], [74, 2], [101, 4]]",[3.985074975728156e-06]
layer_10,599,"[[31, [2, 2, 1, 1, 1]], [33, [1, 16, 1, 2, 1]], [35, [8, 1, 2]], [62, 1], [68, 2], [74, 3], [101, 4]]",[3.742065952358623e-06]
layer_10,600,"[[31, [1, 4, 1, 1, 1]], [33, [1, 8, 4, 1, 1]], [35, [4, 1, 4]], [62, 2], [68, 2], [74, 2], [101, 2]]",[4.1010760018650765e-06]
layer_10,601,"[[31, [4, 1, 1, 1, 1]], [33, [16, 1, 1, 1, 2]], [35, [16, 1, 1]], [62, 0], [68, 2], [74, 1], [101, 4]]",[3.7352263759575723e-06]
layer_10,602,"[[31, [1, 4, 1, 1, 1]], [33, [1, 8, 4, 1, 1]], [35, [8, 2, 1]], [62, 2], [68, 2], [74, 2], [101, 3]]",[3.7948785652448585e-06]
layer_10,603,"[[31, [1, 4, 1, 1, 1]], [33, [1, 8, 4, 1, 1]], [35, [4, 1, 4]], [62, 1], [68, 2], [74, 1], [101, 4]]",[4.186104470894179e-06]
layer_10,604,"[[31, [1, 4, 1, 1, 1]], [33, [1, 8, 4, 1, 1]], [35, [4, 2, 2]], [62, 1], [68, 2], [74, 1], [101, 4]]",[4.0302555457177725e-06]
layer_10,605,"[[31, [1, 4, 1, 1, 1]], [33, [1, 8, 4, 1, 1]], [35, [2, 8, 1]], [62, 2], [68, 0], [74, 3], [101, 4]]",[3.9498447072127445e-06]
layer_10,606,"[[31, [1, 4, 1, 1, 1]], [33, [1, 8, 4, 1, 1]], [35, [2, 2, 4]], [62, 2], [68, 0], [74, 3], [101, 4]]",[4.134269385456886e-06]
layer_10,607,"[[31, [4, 1, 1, 1, 1]], [33, [16, 1, 1, 2, 1]], [35, [16, 1, 1]], [62, 0], [68, 2], [74, 1], [101, 3]]",[4.109868652139571e-06]
layer_10,608,"[[31, [1, 4, 1, 1, 1]], [33, [1, 8, 4, 1, 1]], [35, [8, 1, 2]], [62, 2], [68, 1], [74, 2], [101, 2]]",[3.836720703173771e-06]
layer_10,609,"[[31, [1, 4, 1, 1, 1]], [33, [1, 8, 4, 1, 1]], [35, [8, 2, 1]], [62, 2], [68, 1], [74, 2], [101, 2]]",[4.269241962143428e-06]
layer_10,610,"[[31, [1, 4, 1, 1, 1]], [33, [2, 8, 1, 2, 1]], [35, [8, 2, 1]], [62, 0], [68, 2], [74, 2], [101, 4]]",[3.9083465207769855e-06]
layer_10,611,"[[31, [1, 4, 1, 1, 1]], [33, [2, 8, 1, 2, 1]], [35, [8, 1, 2]], [62, 0], [68, 2], [74, 2], [101, 4]]",[3.889041834763686e-06]
layer_10,612,"[[31, [1, 4, 1, 1, 1]], [33, [2, 8, 1, 2, 1]], [35, [16, 1, 1]], [62, 0], [68, 2], [74, 1], [101, 4]]",[3.987047604365788e-06]
layer_10,613,"[[31, [1, 4, 1, 1, 1]], [33, [1, 8, 4, 1, 1]], [35, [4, 2, 2]], [62, 2], [68, 2], [74, 2], [101, 3]]",[3.897343988780346e-06]
layer_10,614,"[[31, [1, 4, 1, 1, 1]], [33, [1, 8, 4, 1, 1]], [35, [4, 1, 4]], [62, 2], [68, 2], [74, 2], [101, 3]]",[3.862667490586524e-06]
layer_10,615,"[[31, [4, 1, 1, 1, 1]], [33, [16, 1, 1, 1, 2]], [35, [8, 1, 2]], [62, 1], [68, 2], [74, 3], [101, 4]]",[4.094744369932939e-06]
layer_10,616,"[[31, [1, 4, 1, 1, 1]], [33, [2, 8, 1, 1, 2]], [35, [16, 1, 1]], [62, 2], [68, 2], [74, 1], [101, 4]]",[4.139776622730664e-06]
layer_10,617,"[[31, [1, 2, 2, 1, 1]], [33, [1, 16, 2, 1, 1]], [35, [16, 1, 1]], [62, 3], [68, 2], [74, 2], [101, 2]]",[10000000000]
layer_10,618,"[[31, [1, 4, 1, 1, 1]], [33, [1, 8, 4, 1, 1]], [35, [8, 1, 2]], [62, 2], [68, 1], [74, 3], [101, 4]]",[4.002284616848214e-06]
layer_10,619,"[[31, [1, 4, 1, 1, 1]], [33, [1, 8, 4, 1, 1]], [35, [8, 2, 1]], [62, 1], [68, 1], [74, 1], [101, 2]]",[3.923688384411653e-06]
layer_10,620,"[[31, [4, 1, 1, 1, 1]], [33, [16, 1, 1, 2, 1]], [35, [8, 1, 2]], [62, 1], [68, 2], [74, 3], [101, 3]]",[3.8614729118820255e-06]
layer_10,621,"[[31, [4, 1, 1, 1, 1]], [33, [16, 1, 1, 1, 2]], [35, [8, 2, 1]], [62, 1], [68, 2], [74, 3], [101, 3]]",[4.136934146165153e-06]
layer_10,622,"[[31, [1, 4, 1, 1, 1]], [33, [2, 8, 1, 1, 2]], [35, [4, 1, 4]], [62, 2], [68, 2], [74, 3], [101, 4]]",[3.7533298774740814e-06]
layer_10,623,"[[31, [1, 4, 1, 1, 1]], [33, [1, 8, 4, 1, 1]], [35, [8, 1, 2]], [62, 0], [68, 1], [74, 3], [101, 2]]",[3.9692108346648406e-06]
layer_10,624,"[[31, [1, 4, 1, 1, 1]], [33, [1, 8, 4, 1, 1]], [35, [8, 1, 2]], [62, 0], [68, 2], [74, 1], [101, 3]]",[3.969196103278948e-06]
layer_10,625,"[[31, [1, 4, 1, 1, 1]], [33, [1, 16, 1, 2, 1]], [35, [16, 1, 1]], [62, 1], [68, 2], [74, 1], [101, 4]]",[3.7053285423226525e-06]
layer_10,626,"[[31, [1, 4, 1, 1, 1]], [33, [1, 8, 4, 1, 1]], [35, [2, 8, 1]], [62, 2], [68, 2], [74, 2], [101, 3]]",[3.743190076977526e-06]
layer_10,627,"[[31, [1, 4, 1, 1, 1]], [33, [1, 8, 4, 1, 1]], [35, [4, 2, 2]], [62, 2], [68, 1], [74, 3], [101, 4]]",[3.7940547218934908e-06]
layer_10,628,"[[31, [1, 4, 1, 1, 1]], [33, [1, 8, 4, 1, 1]], [35, [4, 1, 4]], [62, 2], [68, 1], [74, 3], [101, 4]]",[3.566179606312201e-06]
layer_10,629,"[[31, [1, 4, 1, 1, 1]], [33, [2, 8, 1, 2, 1]], [35, [4, 4, 1]], [62, 0], [68, 2], [74, 2], [101, 4]]",[4.295332703375999e-06]
layer_10,630,"[[31, [1, 4, 1, 1, 1]], [33, [1, 8, 4, 1, 1]], [35, [2, 2, 4]], [62, 2], [68, 1], [74, 3], [101, 4]]",[3.988352303090728e-06]
layer_10,631,"[[31, [1, 4, 1, 1, 1]], [33, [1, 8, 4, 1, 1]], [35, [2, 8, 1]], [62, 2], [68, 1], [74, 3], [101, 4]]",[3.8993763336566436e-06]
layer_10,632,"[[31, [1, 4, 1, 1, 1]], [33, [1, 8, 4, 1, 1]], [35, [4, 2, 2]], [62, 0], [68, 1], [74, 3], [101, 2]]",[3.68990490430622e-06]
layer_10,633,"[[31, [1, 4, 1, 1, 1]], [33, [1, 8, 4, 1, 1]], [35, [8, 1, 2]], [62, 2], [68, 0], [74, 1], [101, 2]]",[4.298047562183999e-06]
layer_10,634,"[[31, [4, 1, 1, 1, 1]], [33, [16, 1, 1, 2, 1]], [35, [16, 1, 1]], [62, 1], [68, 1], [74, 2], [101, 3]]",[3.97336687992126e-06]
layer_10,635,"[[31, [4, 1, 1, 1, 1]], [33, [16, 1, 2, 1, 1]], [35, [8, 1, 2]], [62, 0], [68, 2], [74, 2], [101, 4]]",[4.003808022275737e-06]
layer_10,636,"[[31, [1, 4, 1, 1, 1]], [33, [1, 8, 4, 1, 1]], [35, [8, 2, 1]], [62, 1], [68, 1], [74, 2], [101, 2]]",[4.320724382236046e-06]
layer_10,637,"[[31, [4, 1, 1, 1, 1]], [33, [1, 8, 2, 2, 1]], [35, [8, 2, 1]], [62, 1], [68, 1], [74, 2], [101, 3]]",[7.909018380915135e-06]
layer_10,638,"[[31, [1, 4, 1, 1, 1]], [33, [2, 16, 1, 1, 1]], [35, [8, 1, 2]], [62, 1], [68, 1], [74, 2], [101, 1]]",[5.1816798218355085e-06]
layer_10,639,"[[31, [2, 1, 2, 1, 1]], [33, [1, 8, 2, 2, 1]], [35, [2, 4, 2]], [62, 2], [68, 1], [74, 0], [101, 4]]",[1.1822561057108141e-05]
layer_10,640,"[[31, [1, 4, 1, 1, 1]], [33, [1, 8, 4, 1, 1]], [35, [4, 2, 2]], [62, 2], [68, 1], [74, 3], [101, 2]]",[3.745289100235893e-06]
layer_10,641,"[[31, [1, 4, 1, 1, 1]], [33, [1, 8, 4, 1, 1]], [35, [8, 2, 1]], [62, 2], [68, 2], [74, 3], [101, 3]]",[3.694933586885877e-06]
layer_10,642,"[[31, [1, 4, 1, 1, 1]], [33, [1, 8, 4, 1, 1]], [35, [8, 2, 1]], [62, 2], [68, 2], [74, 2], [101, 4]]",[3.857916608383457e-06]
layer_10,643,"[[31, [1, 4, 1, 1, 1]], [33, [2, 8, 1, 2, 1]], [35, [16, 1, 1]], [62, 0], [68, 2], [74, 3], [101, 4]]",[3.705004461425283e-06]
layer_10,644,"[[31, [1, 4, 1, 1, 1]], [33, [1, 8, 4, 1, 1]], [35, [4, 2, 2]], [62, 2], [68, 0], [74, 3], [101, 2]]",[3.966243634488777e-06]
layer_10,645,"[[31, [4, 1, 1, 1, 1]], [33, [16, 1, 1, 2, 1]], [35, [16, 1, 1]], [62, 2], [68, 2], [74, 2], [101, 3]]",[3.807907203531193e-06]
layer_10,646,"[[31, [4, 1, 1, 1, 1]], [33, [16, 1, 1, 1, 2]], [35, [16, 1, 1]], [62, 0], [68, 2], [74, 3], [101, 4]]",[3.724155482627255e-06]
layer_10,647,"[[31, [1, 2, 2, 1, 1]], [33, [1, 16, 2, 1, 1]], [35, [16, 1, 1]], [62, 1], [68, 2], [74, 2], [101, 3]]",[4.13665916205153e-06]
layer_10,648,"[[31, [1, 4, 1, 1, 1]], [33, [1, 16, 1, 2, 1]], [35, [16, 1, 1]], [62, 2], [68, 2], [74, 1], [101, 4]]",[3.575295950082411e-06]
layer_10,649,"[[31, [2, 2, 1, 1, 1]], [33, [1, 16, 1, 2, 1]], [35, [16, 1, 1]], [62, 1], [68, 2], [74, 2], [101, 4]]",[3.7540170559029055e-06]
layer_10,650,"[[31, [1, 4, 1, 1, 1]], [33, [1, 8, 4, 1, 1]], [35, [4, 1, 4]], [62, 2], [68, 2], [74, 2], [101, 4]]",[3.888275551731355e-06]
layer_10,651,"[[31, [1, 4, 1, 1, 1]], [33, [1, 8, 4, 1, 1]], [35, [8, 2, 1]], [62, 2], [68, 2], [74, 1], [101, 3]]",[3.7707438747626328e-06]
layer_10,652,"[[31, [2, 2, 1, 1, 1]], [33, [1, 16, 1, 2, 1]], [35, [8, 1, 2]], [62, 2], [68, 2], [74, 3], [101, 4]]",[3.748303977745548e-06]
layer_10,653,"[[31, [2, 2, 1, 1, 1]], [33, [1, 16, 1, 2, 1]], [35, [16, 1, 1]], [62, 0], [68, 2], [74, 2], [101, 4]]",[3.6880481958054768e-06]
layer_10,654,"[[31, [2, 2, 1, 1, 1]], [33, [1, 16, 1, 2, 1]], [35, [16, 1, 1]], [62, 0], [68, 2], [74, 3], [101, 4]]",[3.713537489469251e-06]
layer_10,655,"[[31, [2, 2, 1, 1, 1]], [33, [1, 16, 1, 2, 1]], [35, [16, 1, 1]], [62, 2], [68, 2], [74, 2], [101, 4]]",[3.82723275977954e-06]
layer_10,656,"[[31, [1, 2, 2, 1, 1]], [33, [1, 16, 2, 1, 1]], [35, [16, 1, 1]], [62, 2], [68, 2], [74, 2], [101, 2]]",[4.685895189751027e-06]
layer_10,657,"[[31, [1, 4, 1, 1, 1]], [33, [1, 8, 4, 1, 1]], [35, [4, 4, 1]], [62, 2], [68, 1], [74, 3], [101, 3]]",[4.037586253971406e-06]
layer_10,658,"[[31, [4, 1, 1, 1, 1]], [33, [16, 1, 2, 1, 1]], [35, [16, 1, 1]], [62, 0], [68, 2], [74, 3], [101, 2]]",[3.919479385749386e-06]
layer_10,659,"[[31, [1, 4, 1, 1, 1]], [33, [1, 8, 4, 1, 1]], [35, [4, 4, 1]], [62, 2], [68, 2], [74, 2], [101, 2]]",[4.038865802293718e-06]
layer_10,660,"[[31, [1, 4, 1, 1, 1]], [33, [1, 8, 4, 1, 1]], [35, [4, 2, 2]], [62, 1], [68, 1], [74, 3], [101, 4]]",[4.050694421255992e-06]
layer_10,661,"[[31, [1, 4, 1, 1, 1]], [33, [1, 8, 4, 1, 1]], [35, [4, 1, 4]], [62, 1], [68, 1], [74, 3], [101, 4]]",[3.98727472970589e-06]
layer_10,662,"[[31, [4, 1, 1, 1, 1]], [33, [16, 1, 1, 2, 1]], [35, [16, 1, 1]], [62, 1], [68, 1], [74, 2], [101, 4]]",[3.973591738263459e-06]
layer_10,663,"[[31, [4, 1, 1, 1, 1]], [33, [16, 1, 1, 2, 1]], [35, [8, 1, 2]], [62, 2], [68, 2], [74, 3], [101, 3]]",[3.7370365680136597e-06]
layer_10,664,"[[31, [1, 4, 1, 1, 1]], [33, [1, 8, 4, 1, 1]], [35, [4, 2, 2]], [62, 2], [68, 0], [74, 3], [101, 4]]",[4.154764995808034e-06]
layer_10,665,"[[31, [2, 2, 1, 1, 1]], [33, [1, 16, 1, 2, 1]], [35, [16, 1, 1]], [62, 1], [68, 2], [74, 1], [101, 4]]",[3.622238665874034e-06]
layer_10,666,"[[31, [1, 4, 1, 1, 1]], [33, [1, 8, 4, 1, 1]], [35, [8, 2, 1]], [62, 0], [68, 1], [74, 3], [101, 2]]",[4.1867406796761575e-06]
layer_10,667,"[[31, [4, 1, 1, 1, 1]], [33, [16, 1, 1, 2, 1]], [35, [8, 2, 1]], [62, 1], [68, 2], [74, 2], [101, 3]]",[4.1902316576424415e-06]
layer_10,668,"[[31, [4, 1, 1, 1, 1]], [33, [16, 1, 1, 1, 2]], [35, [8, 1, 2]], [62, 1], [68, 2], [74, 2], [101, 3]]",[3.871988289217921e-06]
layer_10,669,"[[31, [1, 4, 1, 1, 1]], [33, [1, 8, 4, 1, 1]], [35, [2, 4, 2]], [62, 1], [68, 2], [74, 2], [101, 2]]",[3.8874970829281845e-06]
layer_10,670,"[[31, [1, 4, 1, 1, 1]], [33, [1, 8, 4, 1, 1]], [35, [4, 1, 4]], [62, 2], [68, 1], [74, 2], [101, 2]]",[4.11617112627463e-06]
layer_10,671,"[[31, [1, 4, 1, 1, 1]], [33, [1, 8, 4, 1, 1]], [35, [4, 4, 1]], [62, 2], [68, 1], [74, 2], [101, 2]]",[4.39880735394253e-06]
layer_10,672,"[[31, [1, 4, 1, 1, 1]], [33, [1, 8, 4, 1, 1]], [35, [4, 1, 4]], [62, 0], [68, 0], [74, 3], [101, 2]]",[3.857537640085432e-06]
layer_10,673,"[[31, [1, 4, 1, 1, 1]], [33, [1, 8, 4, 1, 1]], [35, [4, 2, 2]], [62, 0], [68, 0], [74, 3], [101, 2]]",[4.11731741022574e-06]
layer_10,674,"[[31, [1, 4, 1, 1, 1]], [33, [2, 8, 2, 1, 1]], [35, [16, 1, 1]], [62, 2], [68, 2], [74, 2], [101, 3]]",[3.817149582493521e-06]
layer_10,675,"[[31, [4, 1, 1, 1, 1]], [33, [16, 1, 1, 1, 2]], [35, [4, 1, 4]], [62, 2], [68, 2], [74, 3], [101, 3]]",[4.041567921942922e-06]
layer_10,676,"[[31, [4, 1, 1, 1, 1]], [33, [16, 1, 1, 1, 2]], [35, [8, 1, 2]], [62, 0], [68, 2], [74, 2], [101, 3]]",[3.93543215051667e-06]
layer_10,677,"[[31, [2, 1, 1, 2, 1]], [33, [32, 1, 1, 1, 1]], [35, [16, 1, 1]], [62, 2], [68, 2], [74, 2], [101, 3]]",[4.3003751927268866e-06]
layer_10,678,"[[31, [4, 1, 1, 1, 1]], [33, [16, 2, 1, 1, 1]], [35, [16, 1, 1]], [62, 1], [68, 2], [74, 3], [101, 3]]",[4.073165309163149e-06]
layer_10,679,"[[31, [1, 4, 1, 1, 1]], [33, [2, 8, 1, 1, 2]], [35, [4, 1, 4]], [62, 2], [68, 2], [74, 2], [101, 4]]",[3.884938437079614e-06]
layer_10,680,"[[31, [2, 2, 1, 1, 1]], [33, [1, 16, 1, 2, 1]], [35, [4, 4, 1]], [62, 1], [68, 2], [74, 3], [101, 4]]",[4.035667860141241e-06]
layer_10,681,"[[31, [1, 4, 1, 1, 1]], [33, [1, 8, 4, 1, 1]], [35, [4, 2, 2]], [62, 0], [68, 1], [74, 3], [101, 4]]",[4.0479345176065726e-06]
layer_10,682,"[[31, [4, 1, 1, 1, 1]], [33, [16, 1, 1, 1, 2]], [35, [8, 2, 1]], [62, 1], [68, 2], [74, 3], [101, 4]]",[3.889281224385246e-06]
layer_10,683,"[[31, [1, 4, 1, 1, 1]], [33, [1, 8, 4, 1, 1]], [35, [2, 2, 4]], [62, 2], [68, 2], [74, 1], [101, 4]]",[4.095299344123059e-06]
layer_10,684,"[[31, [4, 1, 1, 1, 1]], [33, [16, 2, 1, 1, 1]], [35, [8, 1, 2]], [62, 1], [68, 2], [74, 2], [101, 3]]",[4.406873347435219e-06]
layer_10,685,"[[31, [4, 1, 1, 1, 1]], [33, [16, 1, 2, 1, 1]], [35, [8, 2, 1]], [62, 2], [68, 2], [74, 2], [101, 3]]",[3.998239621195263e-06]
layer_10,686,"[[31, [4, 1, 1, 1, 1]], [33, [16, 1, 1, 1, 2]], [35, [16, 1, 1]], [62, 2], [68, 1], [74, 3], [101, 3]]",[3.857464391035093e-06]
layer_10,687,"[[31, [1, 4, 1, 1, 1]], [33, [1, 8, 4, 1, 1]], [35, [4, 4, 1]], [62, 2], [68, 2], [74, 1], [101, 3]]",[3.987915732689607e-06]
layer_10,688,"[[31, [4, 1, 1, 1, 1]], [33, [16, 1, 1, 1, 2]], [35, [8, 1, 2]], [62, 1], [68, 2], [74, 2], [101, 4]]",[3.872301696225777e-06]
layer_10,689,"[[31, [4, 1, 1, 1, 1]], [33, [16, 2, 1, 1, 1]], [35, [16, 1, 1]], [62, 1], [68, 2], [74, 2], [101, 3]]",[4.1264104127579734e-06]
layer_10,690,"[[31, [4, 1, 1, 1, 1]], [33, [16, 1, 1, 2, 1]], [35, [16, 1, 1]], [62, 0], [68, 1], [74, 2], [101, 3]]",[4.192642215530332e-06]
layer_10,691,"[[31, [1, 4, 1, 1, 1]], [33, [1, 8, 4, 1, 1]], [35, [8, 2, 1]], [62, 2], [68, 0], [74, 2], [101, 2]]",[4.044369863357152e-06]
layer_10,692,"[[31, [4, 1, 1, 1, 1]], [33, [16, 1, 1, 1, 2]], [35, [4, 4, 1]], [62, 1], [68, 2], [74, 2], [101, 3]]",[4.0869049239079625e-06]
layer_10,693,"[[31, [4, 1, 1, 1, 1]], [33, [16, 1, 1, 2, 1]], [35, [4, 1, 4]], [62, 1], [68, 2], [74, 2], [101, 3]]",[3.949412131519274e-06]
layer_10,694,"[[31, [1, 4, 1, 1, 1]], [33, [2, 8, 1, 2, 1]], [35, [16, 1, 1]], [62, 1], [68, 1], [74, 3], [101, 4]]",[4.1987429888880495e-06]
layer_10,695,"[[31, [1, 4, 1, 1, 1]], [33, [1, 8, 4, 1, 1]], [35, [8, 1, 2]], [62, 2], [68, 1], [74, 2], [101, 4]]",[4.175376694094869e-06]
layer_10,696,"[[31, [1, 4, 1, 1, 1]], [33, [1, 32, 1, 1, 1]], [35, [16, 1, 1]], [62, 0], [68, 2], [74, 2], [101, 4]]",[4.066620587723874e-06]
layer_10,697,"[[31, [1, 4, 1, 1, 1]], [33, [1, 16, 1, 2, 1]], [35, [16, 1, 1]], [62, 0], [68, 1], [74, 3], [101, 4]]",[3.817322193123663e-06]
layer_10,698,"[[31, [4, 1, 1, 1, 1]], [33, [16, 1, 2, 1, 1]], [35, [16, 1, 1]], [62, 2], [68, 0], [74, 2], [101, 2]]",[4.839790959437209e-06]
layer_10,699,"[[31, [1, 4, 1, 1, 1]], [33, [1, 8, 4, 1, 1]], [35, [8, 1, 2]], [62, 2], [68, 0], [74, 3], [101, 4]]",[4.1090151296829975e-06]
layer_10,700,"[[31, [1, 4, 1, 1, 1]], [33, [1, 8, 4, 1, 1]], [35, [8, 2, 1]], [62, 2], [68, 0], [74, 3], [101, 4]]",[4.18037604636188e-06]
layer_10,701,"[[31, [1, 2, 2, 1, 1]], [33, [1, 2, 1, 16, 1]], [35, [4, 1, 4]], [62, 3], [68, 1], [74, 1], [101, 1]]",[2.30128508202324e-05]
layer_10,702,"[[31, [2, 1, 1, 1, 2]], [33, [4, 2, 4, 1, 1]], [35, [2, 4, 2]], [62, 1], [68, 2], [74, 0], [101, 1]]",[1.1645937816030124e-05]
layer_10,703,"[[31, [2, 1, 2, 1, 1]], [33, [2, 2, 2, 1, 4]], [35, [16, 1, 1]], [62, 0], [68, 1], [74, 1], [101, 2]]",[2.0833409423371323e-05]
layer_10,704,"[[31, [1, 4, 1, 1, 1]], [33, [1, 16, 1, 2, 1]], [35, [16, 1, 1]], [62, 0], [68, 2], [74, 1], [101, 4]]",[3.988295842916141e-06]
layer_10,705,"[[31, [1, 4, 1, 1, 1]], [33, [1, 16, 1, 2, 1]], [35, [16, 1, 1]], [62, 0], [68, 2], [74, 2], [101, 4]]",[4.0031948185831785e-06]
layer_10,706,"[[31, [1, 4, 1, 1, 1]], [33, [1, 16, 1, 1, 2]], [35, [16, 1, 1]], [62, 1], [68, 2], [74, 1], [101, 4]]",[3.6947905795260735e-06]
layer_10,707,"[[31, [1, 4, 1, 1, 1]], [33, [1, 16, 1, 1, 2]], [35, [16, 1, 1]], [62, 2], [68, 2], [74, 1], [101, 4]]",[3.6017999114750467e-06]
layer_10,708,"[[31, [1, 4, 1, 1, 1]], [33, [1, 16, 1, 2, 1]], [35, [16, 1, 1]], [62, 2], [68, 2], [74, 2], [101, 3]]",[3.932531182092203e-06]
layer_10,709,"[[31, [1, 4, 1, 1, 1]], [33, [1, 16, 1, 2, 1]], [35, [16, 1, 1]], [62, 2], [68, 2], [74, 2], [101, 4]]",[3.7062312302070646e-06]
layer_10,710,"[[31, [4, 1, 1, 1, 1]], [33, [16, 1, 1, 2, 1]], [35, [16, 1, 1]], [62, 0], [68, 2], [74, 2], [101, 4]]",[3.958760757949025e-06]
layer_10,711,"[[31, [4, 1, 1, 1, 1]], [33, [16, 1, 1, 1, 2]], [35, [16, 1, 1]], [62, 0], [68, 2], [74, 2], [101, 4]]",[3.593307803564674e-06]
layer_10,712,"[[31, [2, 2, 1, 1, 1]], [33, [1, 16, 1, 2, 1]], [35, [16, 1, 1]], [62, 2], [68, 2], [74, 3], [101, 4]]",[3.699634017453844e-06]
layer_10,713,"[[31, [1, 4, 1, 1, 1]], [33, [2, 8, 1, 1, 2]], [35, [16, 1, 1]], [62, 1], [68, 2], [74, 3], [101, 4]]",[3.942983513412817e-06]
layer_10,714,"[[31, [4, 1, 1, 1, 1]], [33, [16, 1, 1, 2, 1]], [35, [16, 1, 1]], [62, 1], [68, 2], [74, 1], [101, 4]]",[3.699523132837825e-06]
layer_10,715,"[[31, [1, 4, 1, 1, 1]], [33, [1, 8, 4, 1, 1]], [35, [8, 2, 1]], [62, 2], [68, 2], [74, 1], [101, 4]]",[3.7707565291228716e-06]
layer_10,716,"[[31, [1, 4, 1, 1, 1]], [33, [1, 8, 4, 1, 1]], [35, [8, 1, 2]], [62, 2], [68, 1], [74, 3], [101, 2]]",[3.881018494955922e-06]
layer_10,717,"[[31, [2, 2, 1, 1, 1]], [33, [1, 16, 1, 2, 1]], [35, [16, 1, 1]], [62, 2], [68, 2], [74, 3], [101, 3]]",[3.5431569777817436e-06]
layer_10,718,"[[31, [4, 1, 1, 1, 1]], [33, [16, 1, 1, 2, 1]], [35, [16, 1, 1]], [62, 2], [68, 2], [74, 2], [101, 4]]",[3.7949745642201834e-06]
layer_10,719,"[[31, [1, 4, 1, 1, 1]], [33, [1, 8, 4, 1, 1]], [35, [8, 1, 2]], [62, 2], [68, 2], [74, 2], [101, 3]]",[3.696289017768091e-06]
layer_10,720,"[[31, [4, 1, 1, 1, 1]], [33, [16, 1, 1, 1, 2]], [35, [16, 1, 1]], [62, 0], [68, 2], [74, 3], [101, 3]]",[4.143947687502871e-06]
layer_10,721,"[[31, [2, 2, 1, 1, 1]], [33, [1, 16, 1, 2, 1]], [35, [8, 1, 2]], [62, 0], [68, 2], [74, 3], [101, 4]]",[3.860374419596918e-06]
layer_10,722,"[[31, [4, 1, 1, 1, 1]], [33, [16, 1, 2, 1, 1]], [35, [16, 1, 1]], [62, 1], [68, 2], [74, 1], [101, 4]]",[3.90223635569786e-06]
layer_10,723,"[[31, [1, 4, 1, 1, 1]], [33, [1, 8, 4, 1, 1]], [35, [8, 2, 1]], [62, 0], [68, 2], [74, 3], [101, 4]]",[3.836334061453328e-06]
layer_10,724,"[[31, [2, 2, 1, 1, 1]], [33, [1, 16, 1, 1, 2]], [35, [8, 2, 1]], [62, 1], [68, 2], [74, 3], [101, 4]]",[3.844741747481182e-06]
layer_10,725,"[[31, [4, 1, 1, 1, 1]], [33, [16, 1, 2, 1, 1]], [35, [8, 2, 1]], [62, 1], [68, 2], [74, 3], [101, 4]]",[4.068012900188324e-06]
layer_10,726,"[[31, [1, 4, 1, 1, 1]], [33, [2, 8, 1, 2, 1]], [35, [8, 2, 1]], [62, 2], [68, 2], [74, 3], [101, 4]]",[3.8398020168311085e-06]
layer_10,727,"[[31, [1, 4, 1, 1, 1]], [33, [1, 8, 4, 1, 1]], [35, [4, 4, 1]], [62, 2], [68, 2], [74, 2], [101, 3]]",[3.976095589587932e-06]
layer_10,728,"[[31, [1, 4, 1, 1, 1]], [33, [1, 8, 4, 1, 1]], [35, [2, 4, 2]], [62, 2], [68, 2], [74, 3], [101, 2]]",[3.916518162707113e-06]
layer_10,729,"[[31, [1, 4, 1, 1, 1]], [33, [2, 8, 1, 1, 2]], [35, [16, 1, 1]], [62, 1], [68, 2], [74, 1], [101, 4]]",[3.866147375293179e-06]
layer_10,730,"[[31, [2, 2, 1, 1, 1]], [33, [1, 16, 1, 2, 1]], [35, [16, 1, 1]], [62, 1], [68, 2], [74, 2], [101, 3]]",[3.601016967694403e-06]
layer_10,731,"[[31, [1, 4, 1, 1, 1]], [33, [2, 8, 1, 2, 1]], [35, [16, 1, 1]], [62, 1], [68, 2], [74, 3], [101, 3]]",[3.89620262350625e-06]
layer_10,732,"[[31, [1, 4, 1, 1, 1]], [33, [2, 8, 1, 1, 2]], [35, [8, 2, 1]], [62, 1], [68, 2], [74, 3], [101, 4]]",[3.848717074990674e-06]
layer_10,733,"[[31, [4, 1, 1, 1, 1]], [33, [16, 1, 2, 1, 1]], [35, [8, 1, 2]], [62, 1], [68, 2], [74, 2], [101, 4]]",[4.102073207839092e-06]
layer_10,734,"[[31, [1, 4, 1, 1, 1]], [33, [1, 8, 4, 1, 1]], [35, [4, 2, 2]], [62, 2], [68, 1], [74, 3], [101, 3]]",[3.921191710185632e-06]
layer_10,735,"[[31, [1, 4, 1, 1, 1]], [33, [2, 8, 1, 2, 1]], [35, [16, 1, 1]], [62, 0], [68, 2], [74, 3], [101, 3]]",[3.996906247788863e-06]
layer_10,736,"[[31, [1, 4, 1, 1, 1]], [33, [2, 8, 1, 2, 1]], [35, [16, 1, 1]], [62, 0], [68, 2], [74, 2], [101, 3]]",[3.816550180718783e-06]
layer_10,737,"[[31, [1, 4, 1, 1, 1]], [33, [2, 8, 1, 2, 1]], [35, [16, 1, 1]], [62, 2], [68, 2], [74, 2], [101, 2]]",[4.127151331683021e-06]
layer_10,738,"[[31, [1, 4, 1, 1, 1]], [33, [1, 16, 1, 2, 1]], [35, [16, 1, 1]], [62, 1], [68, 1], [74, 2], [101, 4]]",[3.973008756872403e-06]
layer_10,739,"[[31, [4, 1, 1, 1, 1]], [33, [16, 1, 1, 1, 2]], [35, [8, 2, 1]], [62, 0], [68, 2], [74, 3], [101, 4]]",[4.1468351905705536e-06]
layer_10,740,"[[31, [4, 1, 1, 1, 1]], [33, [16, 1, 2, 1, 1]], [35, [8, 1, 2]], [62, 1], [68, 2], [74, 2], [101, 3]]",[3.993581984288332e-06]
layer_10,741,"[[31, [1, 4, 1, 1, 1]], [33, [1, 8, 4, 1, 1]], [35, [8, 2, 1]], [62, 0], [68, 2], [74, 1], [101, 4]]",[4.103352049910873e-06]
layer_10,742,"[[31, [1, 4, 1, 1, 1]], [33, [1, 8, 4, 1, 1]], [35, [8, 1, 2]], [62, 0], [68, 2], [74, 1], [101, 4]]",[4.211096114163538e-06]
layer_10,743,"[[31, [1, 4, 1, 1, 1]], [33, [1, 8, 4, 1, 1]], [35, [4, 2, 2]], [62, 2], [68, 2], [74, 2], [101, 2]]",[3.832082912406061e-06]
layer_10,744,"[[31, [4, 1, 1, 1, 1]], [33, [16, 1, 1, 2, 1]], [35, [8, 1, 2]], [62, 1], [68, 2], [74, 2], [101, 3]]",[4.097696885896357e-06]
layer_10,745,"[[31, [1, 4, 1, 1, 1]], [33, [1, 16, 1, 2, 1]], [35, [16, 1, 1]], [62, 0], [68, 2], [74, 0], [101, 4]]",[4.418516591169568e-06]
layer_10,746,"[[31, [1, 4, 1, 1, 1]], [33, [1, 8, 4, 1, 1]], [35, [4, 2, 2]], [62, 2], [68, 0], [74, 3], [101, 3]]",[4.109899193754147e-06]
layer_10,747,"[[31, [1, 4, 1, 1, 1]], [33, [1, 8, 4, 1, 1]], [35, [4, 1, 4]], [62, 2], [68, 0], [74, 3], [101, 3]]",[4.200161384167816e-06]
layer_10,748,"[[31, [1, 4, 1, 1, 1]], [33, [1, 8, 4, 1, 1]], [35, [4, 4, 1]], [62, 2], [68, 0], [74, 3], [101, 3]]",[4.257851854781302e-06]
layer_10,749,"[[31, [4, 1, 1, 1, 1]], [33, [16, 1, 1, 2, 1]], [35, [4, 1, 4]], [62, 1], [68, 2], [74, 3], [101, 3]]",[3.857598930092951e-06]
layer_10,750,"[[31, [1, 4, 1, 1, 1]], [33, [1, 8, 4, 1, 1]], [35, [2, 2, 4]], [62, 1], [68, 0], [74, 3], [101, 2]]",[4.203431546334155e-06]
layer_10,751,"[[31, [1, 4, 1, 1, 1]], [33, [2, 8, 1, 2, 1]], [35, [8, 2, 1]], [62, 1], [68, 2], [74, 3], [101, 3]]",[3.9295434036292305e-06]
layer_10,752,"[[31, [1, 4, 1, 1, 1]], [33, [2, 8, 1, 2, 1]], [35, [8, 1, 2]], [62, 1], [68, 2], [74, 3], [101, 3]]",[4.152322027356283e-06]
layer_10,753,"[[31, [1, 4, 1, 1, 1]], [33, [1, 16, 2, 1, 1]], [35, [8, 1, 2]], [62, 1], [68, 2], [74, 1], [101, 2]]",[4.5379050476029515e-06]
layer_10,754,"[[31, [4, 1, 1, 1, 1]], [33, [16, 1, 2, 1, 1]], [35, [8, 2, 1]], [62, 1], [68, 1], [74, 3], [101, 4]]",[4.0932104579822314e-06]
layer_10,755,"[[31, [2, 2, 1, 1, 1]], [33, [1, 16, 1, 2, 1]], [35, [8, 2, 1]], [62, 2], [68, 0], [74, 3], [101, 4]]",[5.411091691009413e-06]
layer_10,756,"[[31, [1, 4, 1, 1, 1]], [33, [1, 8, 4, 1, 1]], [35, [8, 1, 2]], [62, 2], [68, 1], [74, 3], [101, 3]]",[3.8791364217610775e-06]
layer_10,757,"[[31, [2, 2, 1, 1, 1]], [33, [1, 16, 1, 2, 1]], [35, [8, 2, 1]], [62, 0], [68, 2], [74, 3], [101, 3]]",[3.835446415373244e-06]
layer_10,758,"[[31, [1, 4, 1, 1, 1]], [33, [1, 16, 1, 2, 1]], [35, [16, 1, 1]], [62, 1], [68, 2], [74, 2], [101, 2]]",[4.1226007803675945e-06]
layer_10,759,"[[31, [1, 4, 1, 1, 1]], [33, [1, 8, 4, 1, 1]], [35, [4, 2, 2]], [62, 2], [68, 2], [74, 1], [101, 3]]",[3.6710034045904067e-06]
layer_10,760,"[[31, [1, 4, 1, 1, 1]], [33, [1, 8, 4, 1, 1]], [35, [4, 1, 4]], [62, 2], [68, 1], [74, 2], [101, 4]]",[4.137361852803861e-06]
layer_10,761,"[[31, [1, 4, 1, 1, 1]], [33, [1, 8, 4, 1, 1]], [35, [8, 1, 2]], [62, 1], [68, 1], [74, 1], [101, 2]]",[3.978894770642202e-06]
layer_10,762,"[[31, [2, 2, 1, 1, 1]], [33, [1, 16, 1, 2, 1]], [35, [4, 1, 4]], [62, 1], [68, 2], [74, 2], [101, 4]]",[4.133757094240168e-06]
layer_10,763,"[[31, [4, 1, 1, 1, 1]], [33, [16, 1, 2, 1, 1]], [35, [8, 1, 2]], [62, 2], [68, 2], [74, 2], [101, 3]]",[3.998916256402606e-06]
layer_10,764,"[[31, [4, 1, 1, 1, 1]], [33, [16, 2, 1, 1, 1]], [35, [16, 1, 1]], [62, 1], [68, 2], [74, 3], [101, 4]]",[4.194889201714172e-06]
layer_10,765,"[[31, [1, 1, 2, 1, 2]], [33, [8, 2, 1, 2, 1]], [35, [4, 2, 2]], [62, 2], [68, 2], [74, 1], [101, 1]]",[7.625907980955074e-06]
layer_10,766,"[[31, [1, 1, 2, 1, 2]], [33, [4, 1, 1, 2, 4]], [35, [8, 1, 2]], [62, 3], [68, 2], [74, 2], [101, 0]]",[2.5552006838294446e-05]
layer_10,767,"[[31, [1, 1, 1, 2, 2]], [33, [2, 4, 1, 4, 1]], [35, [4, 4, 1]], [62, 2], [68, 1], [74, 3], [101, 1]]",[1.2704319956966111e-05]
layer_10,768,"[[31, [1, 4, 1, 1, 1]], [33, [1, 16, 1, 2, 1]], [35, [16, 1, 1]], [62, 2], [68, 2], [74, 3], [101, 4]]",[3.7650504335114426e-06]
layer_10,769,"[[31, [2, 2, 1, 1, 1]], [33, [1, 16, 1, 2, 1]], [35, [16, 1, 1]], [62, 2], [68, 2], [74, 1], [101, 4]]",[4.008817612397346e-06]
layer_10,770,"[[31, [2, 2, 1, 1, 1]], [33, [1, 16, 1, 2, 1]], [35, [16, 1, 1]], [62, 0], [68, 2], [74, 1], [101, 4]]",[3.704606383757535e-06]
layer_10,771,"[[31, [1, 4, 1, 1, 1]], [33, [1, 16, 1, 1, 2]], [35, [16, 1, 1]], [62, 0], [68, 2], [74, 1], [101, 4]]",[3.7301441525443484e-06]
layer_10,772,"[[31, [4, 1, 1, 1, 1]], [33, [16, 1, 2, 1, 1]], [35, [4, 1, 4]], [62, 2], [68, 2], [74, 2], [101, 2]]",[4.738559377751688e-06]
layer_10,773,"[[31, [1, 4, 1, 1, 1]], [33, [1, 16, 1, 2, 1]], [35, [16, 1, 1]], [62, 1], [68, 2], [74, 2], [101, 3]]",[3.517037013101463e-06]
layer_10,774,"[[31, [4, 1, 1, 1, 1]], [33, [16, 1, 1, 1, 2]], [35, [16, 1, 1]], [62, 2], [68, 2], [74, 3], [101, 4]]",[3.5676608947329024e-06]
layer_10,775,"[[31, [1, 4, 1, 1, 1]], [33, [2, 8, 1, 2, 1]], [35, [16, 1, 1]], [62, 1], [68, 2], [74, 2], [101, 3]]",[3.875957327852913e-06]
layer_10,776,"[[31, [4, 1, 1, 1, 1]], [33, [16, 1, 2, 1, 1]], [35, [4, 4, 1]], [62, 1], [68, 2], [74, 3], [101, 2]]",[4.21804725530813e-06]
layer_10,777,"[[31, [2, 2, 1, 1, 1]], [33, [1, 16, 1, 2, 1]], [35, [8, 1, 2]], [62, 2], [68, 2], [74, 2], [101, 4]]",[3.817275702106319e-06]
layer_10,778,"[[31, [2, 2, 1, 1, 1]], [33, [1, 16, 1, 2, 1]], [35, [16, 1, 1]], [62, 2], [68, 2], [74, 1], [101, 3]]",[4.115424205094831e-06]
layer_10,779,"[[31, [1, 4, 1, 1, 1]], [33, [1, 16, 1, 2, 1]], [35, [16, 1, 1]], [62, 1], [68, 2], [74, 1], [101, 3]]",[3.9185669655365644e-06]
layer_10,780,"[[31, [1, 4, 1, 1, 1]], [33, [1, 8, 4, 1, 1]], [35, [4, 4, 1]], [62, 2], [68, 1], [74, 3], [101, 4]]",[3.950296530656775e-06]
layer_10,781,"[[31, [2, 2, 1, 1, 1]], [33, [1, 16, 1, 2, 1]], [35, [8, 1, 2]], [62, 1], [68, 2], [74, 3], [101, 3]]",[3.952670295065708e-06]
layer_10,782,"[[31, [2, 2, 1, 1, 1]], [33, [1, 16, 1, 2, 1]], [35, [16, 1, 1]], [62, 1], [68, 2], [74, 1], [101, 3]]",[3.7743445910163207e-06]
layer_10,783,"[[31, [2, 2, 1, 1, 1]], [33, [1, 16, 1, 2, 1]], [35, [8, 1, 2]], [62, 1], [68, 2], [74, 2], [101, 4]]",[4.159640114063997e-06]
layer_10,784,"[[31, [2, 2, 1, 1, 1]], [33, [1, 16, 1, 1, 2]], [35, [8, 1, 2]], [62, 1], [68, 2], [74, 2], [101, 4]]",[3.961568282145205e-06]
layer_10,785,"[[31, [1, 4, 1, 1, 1]], [33, [1, 16, 1, 2, 1]], [35, [16, 1, 1]], [62, 0], [68, 2], [74, 2], [101, 3]]",[3.674072268644011e-06]
layer_10,786,"[[31, [1, 4, 1, 1, 1]], [33, [1, 16, 1, 2, 1]], [35, [16, 1, 1]], [62, 0], [68, 2], [74, 1], [101, 3]]",[3.867875881489896e-06]
layer_10,787,"[[31, [4, 1, 1, 1, 1]], [33, [16, 1, 1, 2, 1]], [35, [8, 1, 2]], [62, 2], [68, 2], [74, 2], [101, 3]]",[4.037448843846749e-06]
layer_10,788,"[[31, [1, 4, 1, 1, 1]], [33, [1, 16, 1, 2, 1]], [35, [16, 1, 1]], [62, 2], [68, 1], [74, 2], [101, 4]]",[4.001152517802645e-06]
layer_10,789,"[[31, [2, 2, 1, 1, 1]], [33, [1, 16, 1, 2, 1]], [35, [4, 2, 2]], [62, 2], [68, 2], [74, 3], [101, 3]]",[4.176264093240542e-06]
layer_10,790,"[[31, [2, 2, 1, 1, 1]], [33, [1, 16, 1, 2, 1]], [35, [4, 4, 1]], [62, 2], [68, 2], [74, 3], [101, 3]]",[4.039774185742632e-06]
layer_10,791,"[[31, [2, 2, 1, 1, 1]], [33, [1, 16, 1, 2, 1]], [35, [4, 1, 4]], [62, 2], [68, 2], [74, 3], [101, 3]]",[3.784579723929373e-06]
layer_10,792,"[[31, [4, 1, 1, 1, 1]], [33, [16, 1, 1, 2, 1]], [35, [8, 2, 1]], [62, 0], [68, 2], [74, 2], [101, 3]]",[4.192611473571538e-06]
layer_10,793,"[[31, [4, 1, 1, 1, 1]], [33, [16, 1, 1, 1, 2]], [35, [8, 2, 1]], [62, 0], [68, 2], [74, 2], [101, 3]]",[4.0061994543577645e-06]
layer_10,794,"[[31, [1, 4, 1, 1, 1]], [33, [1, 16, 1, 1, 2]], [35, [16, 1, 1]], [62, 0], [68, 2], [74, 3], [101, 2]]",[4.261269312574443e-06]
layer_10,795,"[[31, [1, 4, 1, 1, 1]], [33, [1, 16, 1, 2, 1]], [35, [16, 1, 1]], [62, 0], [68, 2], [74, 3], [101, 2]]",[4.261620191693291e-06]
layer_10,796,"[[31, [4, 1, 1, 1, 1]], [33, [16, 1, 2, 1, 1]], [35, [8, 2, 1]], [62, 0], [68, 2], [74, 3], [101, 3]]",[3.987245741192712e-06]
layer_10,797,"[[31, [1, 4, 1, 1, 1]], [33, [1, 16, 1, 2, 1]], [35, [16, 1, 1]], [62, 2], [68, 2], [74, 2], [101, 2]]",[4.1534656684096545e-06]
layer_10,798,"[[31, [1, 4, 1, 1, 1]], [33, [1, 16, 1, 2, 1]], [35, [16, 1, 1]], [62, 1], [68, 2], [74, 3], [101, 2]]",[4.334213487161162e-06]
layer_10,799,"[[31, [1, 4, 1, 1, 1]], [33, [1, 8, 4, 1, 1]], [35, [4, 1, 4]], [62, 1], [68, 1], [74, 3], [101, 3]]",[4.128209588767301e-06]
layer_10,800,"[[31, [2, 2, 1, 1, 1]], [33, [1, 16, 1, 2, 1]], [35, [4, 2, 2]], [62, 1], [68, 2], [74, 3], [101, 3]]",[3.920713467120408e-06]
layer_10,801,"[[31, [4, 1, 1, 1, 1]], [33, [16, 1, 2, 1, 1]], [35, [8, 2, 1]], [62, 1], [68, 2], [74, 3], [101, 2]]",[4.34400781555295e-06]
layer_10,802,"[[31, [4, 1, 1, 1, 1]], [33, [16, 1, 1, 2, 1]], [35, [8, 1, 2]], [62, 2], [68, 2], [74, 2], [101, 4]]",[3.787662242562929e-06]
layer_10,803,"[[31, [1, 4, 1, 1, 1]], [33, [1, 16, 1, 2, 1]], [35, [16, 1, 1]], [62, 0], [68, 1], [74, 2], [101, 4]]",[4.133200198379897e-06]
layer_10,804,"[[31, [2, 2, 1, 1, 1]], [33, [1, 16, 1, 2, 1]], [35, [8, 2, 1]], [62, 0], [68, 2], [74, 1], [101, 4]]",[3.933655415629423e-06]
layer_10,805,"[[31, [1, 4, 1, 1, 1]], [33, [1, 8, 4, 1, 1]], [35, [4, 1, 4]], [62, 1], [68, 2], [74, 1], [101, 3]]",[4.143779857153522e-06]
layer_10,806,"[[31, [4, 1, 1, 1, 1]], [33, [16, 1, 1, 1, 2]], [35, [8, 1, 2]], [62, 0], [68, 2], [74, 2], [101, 4]]",[4.178715127652725e-06]
layer_10,807,"[[31, [2, 2, 1, 1, 1]], [33, [1, 16, 1, 2, 1]], [35, [8, 2, 1]], [62, 1], [68, 2], [74, 1], [101, 4]]",[3.7972087065145656e-06]
layer_10,808,"[[31, [2, 2, 1, 1, 1]], [33, [1, 16, 1, 1, 2]], [35, [8, 2, 1]], [62, 1], [68, 2], [74, 1], [101, 4]]",[4.213965285958122e-06]
layer_10,809,"[[31, [2, 2, 1, 1, 1]], [33, [2, 16, 1, 1, 1]], [35, [16, 1, 1]], [62, 2], [68, 2], [74, 3], [101, 4]]",[4.131888421155682e-06]
layer_10,810,"[[31, [1, 4, 1, 1, 1]], [33, [1, 8, 4, 1, 1]], [35, [4, 1, 4]], [62, 0], [68, 1], [74, 3], [101, 4]]",[3.88533462675973e-06]
layer_10,811,"[[31, [4, 1, 1, 1, 1]], [33, [16, 1, 2, 1, 1]], [35, [4, 1, 4]], [62, 2], [68, 2], [74, 2], [101, 3]]",[4.193277698029492e-06]
layer_10,812,"[[31, [2, 2, 1, 1, 1]], [33, [1, 16, 1, 2, 1]], [35, [4, 2, 2]], [62, 2], [68, 1], [74, 3], [101, 3]]",[5.127242849820605e-06]
layer_10,813,"[[31, [1, 4, 1, 1, 1]], [33, [1, 8, 4, 1, 1]], [35, [2, 8, 1]], [62, 2], [68, 1], [74, 3], [101, 3]]",[3.7439050907513202e-06]
layer_10,814,"[[31, [1, 4, 1, 1, 1]], [33, [1, 8, 4, 1, 1]], [35, [2, 2, 4]], [62, 2], [68, 1], [74, 2], [101, 4]]",[4.199436678080492e-06]
layer_10,815,"[[31, [1, 4, 1, 1, 1]], [33, [1, 8, 4, 1, 1]], [35, [2, 8, 1]], [62, 2], [68, 2], [74, 1], [101, 3]]",[3.6996330616943947e-06]
layer_10,816,"[[31, [1, 4, 1, 1, 1]], [33, [1, 8, 4, 1, 1]], [35, [2, 2, 4]], [62, 0], [68, 1], [74, 3], [101, 2]]",[4.272466739422857e-06]
layer_10,817,"[[31, [4, 1, 1, 1, 1]], [33, [16, 1, 1, 1, 2]], [35, [16, 1, 1]], [62, 2], [68, 1], [74, 3], [101, 4]]",[3.858274562099041e-06]
layer_10,818,"[[31, [1, 4, 1, 1, 1]], [33, [1, 8, 4, 1, 1]], [35, [2, 2, 4]], [62, 1], [68, 2], [74, 1], [101, 3]]",[3.901403687019537e-06]
layer_10,819,"[[31, [1, 4, 1, 1, 1]], [33, [1, 32, 1, 1, 1]], [35, [16, 1, 1]], [62, 1], [68, 2], [74, 3], [101, 4]]",[3.957011993750751e-06]
layer_10,820,"[[31, [1, 4, 1, 1, 1]], [33, [1, 8, 4, 1, 1]], [35, [8, 1, 2]], [62, 2], [68, 1], [74, 2], [101, 3]]",[3.83764284667253e-06]
layer_10,821,"[[31, [1, 4, 1, 1, 1]], [33, [1, 8, 4, 1, 1]], [35, [16, 1, 1]], [62, 2], [68, 1], [74, 3], [101, 2]]",[4.004911022167488e-06]
layer_10,822,"[[31, [4, 1, 1, 1, 1]], [33, [16, 1, 2, 1, 1]], [35, [2, 2, 4]], [62, 2], [68, 2], [74, 2], [101, 2]]",[4.31770620201846e-06]
layer_10,823,"[[31, [1, 4, 1, 1, 1]], [33, [4, 8, 1, 1, 1]], [35, [8, 1, 2]], [62, 2], [68, 2], [74, 3], [101, 3]]",[4.290438621183817e-06]
layer_10,824,"[[31, [1, 4, 1, 1, 1]], [33, [1, 8, 4, 1, 1]], [35, [4, 1, 4]], [62, 0], [68, 1], [74, 3], [101, 3]]",[3.866192435718076e-06]
layer_10,825,"[[31, [1, 2, 2, 1, 1]], [33, [1, 16, 2, 1, 1]], [35, [16, 1, 1]], [62, 1], [68, 1], [74, 2], [101, 2]]",[4.533445980427895e-06]
layer_10,826,"[[31, [1, 4, 1, 1, 1]], [33, [1, 16, 1, 2, 1]], [35, [16, 1, 1]], [62, 0], [68, 1], [74, 2], [101, 3]]",[4.2759587795255415e-06]
layer_10,827,"[[31, [4, 1, 1, 1, 1]], [33, [16, 1, 2, 1, 1]], [35, [8, 2, 1]], [62, 1], [68, 1], [74, 2], [101, 4]]",[4.321511354758762e-06]
layer_10,828,"[[31, [4, 1, 1, 1, 1]], [33, [1, 32, 1, 1, 1]], [35, [8, 2, 1]], [62, 1], [68, 2], [74, 3], [101, 4]]",[4.378224724155267e-06]
layer_10,829,"[[31, [1, 1, 4, 1, 1]], [33, [2, 4, 2, 2, 1]], [35, [2, 2, 4]], [62, 1], [68, 0], [74, 1], [101, 0]]",[7.462053928126585e-06]
layer_10,830,"[[31, [1, 4, 1, 1, 1]], [33, [4, 1, 2, 4, 1]], [35, [16, 1, 1]], [62, 2], [68, 2], [74, 0], [101, 0]]",[1.1972723886547442e-05]
layer_10,831,"[[31, [1, 1, 1, 1, 4]], [33, [4, 1, 1, 2, 4]], [35, [16, 1, 1]], [62, 2], [68, 2], [74, 1], [101, 2]]",[3.2825875420875423e-05]
layer_10,832,"[[31, [1, 4, 1, 1, 1]], [33, [1, 16, 1, 2, 1]], [35, [16, 1, 1]], [62, 1], [68, 2], [74, 3], [101, 3]]",[3.968179801980198e-06]
layer_10,833,"[[31, [1, 4, 1, 1, 1]], [33, [1, 16, 1, 1, 2]], [35, [16, 1, 1]], [62, 2], [68, 2], [74, 3], [101, 4]]",[3.861776660182156e-06]
layer_10,834,"[[31, [1, 4, 1, 1, 1]], [33, [1, 16, 1, 1, 2]], [35, [16, 1, 1]], [62, 1], [68, 2], [74, 2], [101, 4]]",[3.481079306424105e-06]
layer_10,835,"[[31, [1, 4, 1, 1, 1]], [33, [1, 16, 1, 1, 2]], [35, [16, 1, 1]], [62, 2], [68, 2], [74, 3], [101, 3]]",[3.7970862135569346e-06]
layer_10,836,"[[31, [1, 4, 1, 1, 1]], [33, [1, 16, 1, 2, 1]], [35, [16, 1, 1]], [62, 2], [68, 2], [74, 3], [101, 3]]",[3.701707529489582e-06]
layer_10,837,"[[31, [2, 2, 1, 1, 1]], [33, [1, 16, 1, 1, 2]], [35, [16, 1, 1]], [62, 1], [68, 2], [74, 2], [101, 3]]",[3.6056028189539362e-06]
layer_10,838,"[[31, [2, 2, 1, 1, 1]], [33, [1, 16, 1, 1, 2]], [35, [16, 1, 1]], [62, 0], [68, 2], [74, 2], [101, 4]]",[6.310613311447633e-06]
layer_10,839,"[[31, [2, 2, 1, 1, 1]], [33, [1, 16, 1, 1, 2]], [35, [16, 1, 1]], [62, 2], [68, 2], [74, 3], [101, 3]]",[3.5445960974404894e-06]
layer_10,840,"[[31, [1, 4, 1, 1, 1]], [33, [1, 16, 1, 1, 2]], [35, [16, 1, 1]], [62, 2], [68, 2], [74, 2], [101, 4]]",[3.7759263389581808e-06]
layer_10,841,"[[31, [1, 4, 1, 1, 1]], [33, [1, 16, 1, 1, 2]], [35, [16, 1, 1]], [62, 1], [68, 2], [74, 2], [101, 3]]",[3.846811495910411e-06]
layer_10,842,"[[31, [1, 4, 1, 1, 1]], [33, [1, 16, 1, 1, 2]], [35, [16, 1, 1]], [62, 2], [68, 2], [74, 2], [101, 3]]",[3.710078692550037e-06]
layer_10,843,"[[31, [2, 2, 1, 1, 1]], [33, [1, 16, 1, 2, 1]], [35, [16, 1, 1]], [62, 2], [68, 2], [74, 2], [101, 3]]",[3.582972754217966e-06]
layer_10,844,"[[31, [4, 1, 1, 1, 1]], [33, [16, 1, 1, 2, 1]], [35, [16, 1, 1]], [62, 2], [68, 2], [74, 1], [101, 4]]",[3.998790735320205e-06]
layer_10,845,"[[31, [2, 2, 1, 1, 1]], [33, [1, 16, 1, 1, 2]], [35, [16, 1, 1]], [62, 1], [68, 2], [74, 1], [101, 4]]",[3.969790704127644e-06]
layer_10,846,"[[31, [1, 4, 1, 1, 1]], [33, [1, 16, 1, 1, 2]], [35, [16, 1, 1]], [62, 0], [68, 2], [74, 3], [101, 4]]",[3.7885282169648007e-06]
layer_10,847,"[[31, [1, 4, 1, 1, 1]], [33, [1, 16, 1, 2, 1]], [35, [16, 1, 1]], [62, 0], [68, 2], [74, 3], [101, 3]]",[4.0369009583928485e-06]
layer_10,848,"[[31, [2, 2, 1, 1, 1]], [33, [1, 16, 1, 1, 2]], [35, [16, 1, 1]], [62, 0], [68, 2], [74, 1], [101, 4]]",[3.7539145555529517e-06]
layer_10,849,"[[31, [1, 4, 1, 1, 1]], [33, [1, 8, 4, 1, 1]], [35, [2, 4, 2]], [62, 2], [68, 2], [74, 2], [101, 4]]",[4.059104654038281e-06]
layer_10,850,"[[31, [2, 2, 1, 1, 1]], [33, [1, 16, 1, 1, 2]], [35, [16, 1, 1]], [62, 2], [68, 2], [74, 1], [101, 4]]",[3.7277155419756306e-06]
layer_10,851,"[[31, [1, 4, 1, 1, 1]], [33, [1, 16, 1, 1, 2]], [35, [16, 1, 1]], [62, 0], [68, 2], [74, 2], [101, 4]]",[4.004324494192373e-06]
layer_10,852,"[[31, [4, 1, 1, 1, 1]], [33, [16, 1, 1, 2, 1]], [35, [16, 1, 1]], [62, 0], [68, 2], [74, 1], [101, 4]]",[3.817760122266635e-06]
layer_10,853,"[[31, [1, 4, 1, 1, 1]], [33, [1, 8, 4, 1, 1]], [35, [2, 2, 4]], [62, 2], [68, 2], [74, 2], [101, 3]]",[3.727437630611803e-06]
layer_10,854,"[[31, [1, 4, 1, 1, 1]], [33, [1, 8, 4, 1, 1]], [35, [4, 4, 1]], [62, 0], [68, 1], [74, 3], [101, 2]]",[3.946894376659117e-06]
layer_10,855,"[[31, [1, 4, 1, 1, 1]], [33, [1, 8, 4, 1, 1]], [35, [2, 2, 4]], [62, 2], [68, 2], [74, 1], [101, 3]]",[3.842437078390324e-06]
layer_10,856,"[[31, [1, 4, 1, 1, 1]], [33, [2, 8, 1, 2, 1]], [35, [8, 1, 2]], [62, 0], [68, 2], [74, 3], [101, 4]]",[4.185089663244653e-06]
layer_10,857,"[[31, [4, 1, 1, 1, 1]], [33, [16, 1, 1, 2, 1]], [35, [8, 2, 1]], [62, 2], [68, 2], [74, 3], [101, 3]]",[3.7385033619456366e-06]
layer_10,858,"[[31, [4, 1, 1, 1, 1]], [33, [16, 1, 1, 1, 2]], [35, [8, 1, 2]], [62, 2], [68, 2], [74, 3], [101, 4]]",[3.9734595330832276e-06]
layer_10,859,"[[31, [4, 1, 1, 1, 1]], [33, [16, 1, 1, 2, 1]], [35, [8, 1, 2]], [62, 2], [68, 2], [74, 3], [101, 4]]",[3.739809587123863e-06]
layer_10,860,"[[31, [4, 1, 1, 1, 1]], [33, [16, 1, 1, 1, 2]], [35, [4, 1, 4]], [62, 1], [68, 2], [74, 3], [101, 3]]",[3.906387747790781e-06]
layer_10,861,"[[31, [1, 4, 1, 1, 1]], [33, [1, 16, 1, 2, 1]], [35, [16, 1, 1]], [62, 1], [68, 1], [74, 1], [101, 4]]",[4.123999800955414e-06]
layer_10,862,"[[31, [2, 2, 1, 1, 1]], [33, [1, 16, 1, 2, 1]], [35, [8, 1, 2]], [62, 1], [68, 2], [74, 1], [101, 4]]",[4.016324331771839e-06]
layer_10,863,"[[31, [4, 1, 1, 1, 1]], [33, [16, 1, 1, 1, 2]], [35, [16, 1, 1]], [62, 1], [68, 1], [74, 3], [101, 4]]",[3.8082442865743533e-06]
layer_10,864,"[[31, [1, 4, 1, 1, 1]], [33, [1, 8, 4, 1, 1]], [35, [2, 8, 1]], [62, 1], [68, 2], [74, 1], [101, 3]]",[3.658830304563857e-06]
layer_10,865,"[[31, [1, 4, 1, 1, 1]], [33, [1, 8, 4, 1, 1]], [35, [4, 4, 1]], [62, 1], [68, 1], [74, 3], [101, 4]]",[4.269761026669752e-06]
layer_10,866,"[[31, [1, 4, 1, 1, 1]], [33, [1, 16, 1, 2, 1]], [35, [16, 1, 1]], [62, 2], [68, 1], [74, 1], [101, 4]]",[3.921877732457319e-06]
layer_10,867,"[[31, [1, 4, 1, 1, 1]], [33, [1, 8, 4, 1, 1]], [35, [2, 4, 2]], [62, 2], [68, 1], [74, 3], [101, 4]]",[4.107738543026023e-06]
layer_10,868,"[[31, [1, 4, 1, 1, 1]], [33, [1, 32, 1, 1, 1]], [35, [16, 1, 1]], [62, 2], [68, 2], [74, 2], [101, 4]]",[3.969279677828916e-06]
layer_10,869,"[[31, [2, 2, 1, 1, 1]], [33, [1, 16, 1, 2, 1]], [35, [4, 4, 1]], [62, 1], [68, 2], [74, 2], [101, 3]]",[3.955862807295797e-06]
layer_10,870,"[[31, [2, 2, 1, 1, 1]], [33, [1, 16, 1, 2, 1]], [35, [4, 1, 4]], [62, 1], [68, 2], [74, 2], [101, 3]]",[4.217783137174281e-06]
layer_10,871,"[[31, [2, 2, 1, 1, 1]], [33, [1, 16, 1, 1, 2]], [35, [4, 1, 4]], [62, 1], [68, 2], [74, 2], [101, 3]]",[4.13254745306911e-06]
layer_10,872,"[[31, [4, 1, 1, 1, 1]], [33, [16, 1, 2, 1, 1]], [35, [8, 1, 2]], [62, 1], [68, 2], [74, 1], [101, 4]]",[3.850510520170611e-06]
layer_10,873,"[[31, [4, 1, 1, 1, 1]], [33, [16, 1, 1, 2, 1]], [35, [8, 1, 2]], [62, 0], [68, 2], [74, 3], [101, 4]]",[4.191279189648951e-06]
layer_10,874,"[[31, [4, 1, 1, 1, 1]], [33, [16, 1, 1, 1, 2]], [35, [8, 1, 2]], [62, 0], [68, 2], [74, 3], [101, 4]]",[4.158445099075962e-06]
layer_10,875,"[[31, [1, 2, 2, 1, 1]], [33, [1, 16, 2, 1, 1]], [35, [8, 1, 2]], [62, 1], [68, 2], [74, 1], [101, 2]]",[3.992691472829356e-06]
layer_10,876,"[[31, [4, 1, 1, 1, 1]], [33, [16, 1, 2, 1, 1]], [35, [8, 1, 2]], [62, 2], [68, 2], [74, 2], [101, 4]]",[4.001043639531989e-06]
layer_10,877,"[[31, [4, 1, 1, 1, 1]], [33, [16, 1, 2, 1, 1]], [35, [16, 1, 1]], [62, 2], [68, 1], [74, 2], [101, 2]]",[4.715749130752373e-06]
layer_10,878,"[[31, [4, 1, 1, 1, 1]], [33, [16, 1, 1, 1, 2]], [35, [8, 1, 2]], [62, 0], [68, 2], [74, 3], [101, 3]]",[4.126029904426559e-06]
layer_10,879,"[[31, [1, 4, 1, 1, 1]], [33, [1, 8, 4, 1, 1]], [35, [4, 4, 1]], [62, 0], [68, 1], [74, 3], [101, 4]]",[3.979519498989495e-06]
layer_10,880,"[[31, [1, 4, 1, 1, 1]], [33, [1, 16, 1, 2, 1]], [35, [16, 1, 1]], [62, 0], [68, 1], [74, 1], [101, 4]]",[4.080902763738566e-06]
layer_10,881,"[[31, [1, 4, 1, 1, 1]], [33, [1, 16, 1, 1, 2]], [35, [16, 1, 1]], [62, 0], [68, 1], [74, 1], [101, 4]]",[4.13468898488121e-06]
layer_10,882,"[[31, [4, 1, 1, 1, 1]], [33, [16, 1, 1, 2, 1]], [35, [4, 4, 1]], [62, 1], [68, 2], [74, 2], [101, 3]]",[4.183557706419697e-06]
layer_10,883,"[[31, [1, 4, 1, 1, 1]], [33, [1, 8, 4, 1, 1]], [35, [8, 2, 1]], [62, 1], [68, 1], [74, 3], [101, 4]]",[3.829668524416136e-06]
layer_10,884,"[[31, [1, 4, 1, 1, 1]], [33, [1, 8, 4, 1, 1]], [35, [2, 4, 2]], [62, 2], [68, 2], [74, 1], [101, 4]]",[4.6889307335459565e-06]
layer_10,885,"[[31, [1, 4, 1, 1, 1]], [33, [1, 8, 4, 1, 1]], [35, [2, 4, 2]], [62, 1], [68, 2], [74, 1], [101, 2]]",[3.555719685566148e-06]
layer_10,886,"[[31, [1, 4, 1, 1, 1]], [33, [1, 8, 4, 1, 1]], [35, [2, 2, 4]], [62, 1], [68, 0], [74, 3], [101, 4]]",[3.981255850154388e-06]
layer_10,887,"[[31, [1, 4, 1, 1, 1]], [33, [1, 8, 4, 1, 1]], [35, [2, 8, 1]], [62, 2], [68, 0], [74, 3], [101, 3]]",[3.94963342176394e-06]
layer_10,888,"[[31, [1, 4, 1, 1, 1]], [33, [2, 16, 1, 1, 1]], [35, [16, 1, 1]], [62, 2], [68, 2], [74, 1], [101, 4]]",[3.995669755178907e-06]
layer_10,889,"[[31, [1, 4, 1, 1, 1]], [33, [1, 8, 4, 1, 1]], [35, [8, 2, 1]], [62, 2], [68, 1], [74, 1], [101, 3]]",[3.833325974025974e-06]
layer_10,890,"[[31, [1, 4, 1, 1, 1]], [33, [1, 8, 4, 1, 1]], [35, [4, 2, 2]], [62, 2], [68, 1], [74, 1], [101, 4]]",[4.020207963775558e-06]
layer_10,891,"[[31, [4, 1, 1, 1, 1]], [33, [16, 1, 1, 1, 2]], [35, [4, 1, 4]], [62, 1], [68, 1], [74, 3], [101, 4]]",[4.088265125764786e-06]
layer_10,892,"[[31, [1, 2, 2, 1, 1]], [33, [1, 16, 2, 1, 1]], [35, [16, 1, 1]], [62, 1], [68, 2], [74, 1], [101, 2]]",[3.932809786455156e-06]
layer_10,893,"[[31, [2, 1, 1, 2, 1]], [33, [2, 2, 2, 1, 4]], [35, [2, 2, 4]], [62, 2], [68, 0], [74, 2], [101, 1]]",[1.131612210466114e-05]
layer_10,894,"[[31, [4, 1, 1, 1, 1]], [33, [8, 1, 1, 4, 1]], [35, [4, 1, 4]], [62, 2], [68, 1], [74, 1], [101, 4]]",[4.813662558423387e-06]
layer_10,895,"[[31, [2, 2, 1, 1, 1]], [33, [1, 2, 8, 2, 1]], [35, [4, 2, 2]], [62, 0], [68, 2], [74, 0], [101, 0]]",[3.277406415001234e-05]
layer_10,896,"[[31, [2, 2, 1, 1, 1]], [33, [1, 16, 1, 1, 2]], [35, [16, 1, 1]], [62, 1], [68, 2], [74, 3], [101, 3]]",[4.260171400170406e-06]
layer_10,897,"[[31, [2, 2, 1, 1, 1]], [33, [1, 16, 1, 2, 1]], [35, [16, 1, 1]], [62, 1], [68, 2], [74, 3], [101, 3]]",[3.824574724104331e-06]
layer_10,898,"[[31, [2, 2, 1, 1, 1]], [33, [1, 16, 1, 1, 2]], [35, [16, 1, 1]], [62, 1], [68, 2], [74, 2], [101, 4]]",[3.5977780653200104e-06]
layer_10,899,"[[31, [2, 2, 1, 1, 1]], [33, [1, 16, 1, 2, 1]], [35, [16, 1, 1]], [62, 0], [68, 2], [74, 3], [101, 3]]",[3.712359483909239e-06]
layer_10,900,"[[31, [2, 2, 1, 1, 1]], [33, [1, 16, 1, 2, 1]], [35, [16, 1, 1]], [62, 0], [68, 2], [74, 2], [101, 3]]",[3.6956600952429716e-06]
layer_10,901,"[[31, [2, 2, 1, 1, 1]], [33, [1, 16, 1, 1, 2]], [35, [16, 1, 1]], [62, 2], [68, 2], [74, 2], [101, 4]]",[3.5823330658473954e-06]
layer_10,902,"[[31, [2, 2, 1, 1, 1]], [33, [1, 16, 1, 2, 1]], [35, [8, 1, 2]], [62, 2], [68, 2], [74, 3], [101, 3]]",[3.954499953497024e-06]
layer_10,903,"[[31, [2, 2, 1, 1, 1]], [33, [1, 16, 1, 2, 1]], [35, [8, 2, 1]], [62, 2], [68, 2], [74, 3], [101, 3]]",[3.7485595782401793e-06]
layer_10,904,"[[31, [1, 4, 1, 1, 1]], [33, [1, 16, 1, 2, 1]], [35, [16, 1, 1]], [62, 2], [68, 2], [74, 1], [101, 3]]",[3.576860394984468e-06]
layer_10,905,"[[31, [1, 4, 1, 1, 1]], [33, [1, 16, 1, 1, 2]], [35, [16, 1, 1]], [62, 2], [68, 2], [74, 1], [101, 3]]",[3.576506096749878e-06]
layer_10,906,"[[31, [1, 4, 1, 1, 1]], [33, [1, 16, 1, 1, 2]], [35, [16, 1, 1]], [62, 0], [68, 2], [74, 2], [101, 3]]",[3.733192646895479e-06]
layer_10,907,"[[31, [1, 4, 1, 1, 1]], [33, [1, 16, 1, 1, 2]], [35, [16, 1, 1]], [62, 1], [68, 2], [74, 1], [101, 3]]",[3.697101791344879e-06]
layer_10,908,"[[31, [2, 2, 1, 1, 1]], [33, [1, 16, 1, 2, 1]], [35, [8, 2, 1]], [62, 2], [68, 2], [74, 2], [101, 3]]",[3.8162756463620585e-06]
layer_10,909,"[[31, [4, 1, 1, 1, 1]], [33, [16, 1, 2, 1, 1]], [35, [16, 1, 1]], [62, 2], [68, 2], [74, 3], [101, 4]]",[3.8106425528057297e-06]
layer_10,910,"[[31, [4, 1, 1, 1, 1]], [33, [16, 1, 1, 1, 2]], [35, [8, 1, 2]], [62, 2], [68, 2], [74, 3], [101, 3]]",[4.0342373504846956e-06]
layer_10,911,"[[31, [4, 1, 1, 1, 1]], [33, [16, 1, 1, 1, 2]], [35, [8, 2, 1]], [62, 2], [68, 2], [74, 3], [101, 3]]",[3.8276827206142105e-06]
layer_10,912,"[[31, [2, 2, 1, 1, 1]], [33, [1, 16, 1, 2, 1]], [35, [8, 1, 2]], [62, 0], [68, 2], [74, 3], [101, 3]]",[3.861050331687751e-06]
layer_10,913,"[[31, [2, 2, 1, 1, 1]], [33, [1, 16, 1, 1, 2]], [35, [8, 1, 2]], [62, 0], [68, 2], [74, 3], [101, 3]]",[3.859399658552704e-06]
layer_10,914,"[[31, [4, 1, 1, 1, 1]], [33, [16, 1, 1, 1, 2]], [35, [8, 1, 2]], [62, 2], [68, 2], [74, 2], [101, 3]]",[3.94117072406479e-06]
layer_10,915,"[[31, [1, 4, 1, 1, 1]], [33, [2, 8, 1, 1, 2]], [35, [4, 2, 2]], [62, 2], [68, 2], [74, 3], [101, 4]]",[4.008019952434597e-06]
layer_10,916,"[[31, [2, 2, 1, 1, 1]], [33, [1, 16, 1, 1, 2]], [35, [8, 1, 2]], [62, 1], [68, 2], [74, 2], [101, 3]]",[3.7445811044204826e-06]
layer_10,917,"[[31, [2, 2, 1, 1, 1]], [33, [1, 16, 1, 2, 1]], [35, [16, 1, 1]], [62, 0], [68, 2], [74, 1], [101, 3]]",[3.7133624717754945e-06]
layer_10,918,"[[31, [2, 2, 1, 1, 1]], [33, [1, 16, 1, 2, 1]], [35, [8, 2, 1]], [62, 0], [68, 2], [74, 2], [101, 3]]",[3.919497578722254e-06]
layer_10,919,"[[31, [4, 1, 1, 1, 1]], [33, [16, 1, 1, 1, 2]], [35, [4, 4, 1]], [62, 2], [68, 2], [74, 3], [101, 4]]",[4.025366801135515e-06]
layer_10,920,"[[31, [4, 1, 1, 1, 1]], [33, [16, 1, 1, 1, 2]], [35, [4, 4, 1]], [62, 1], [68, 2], [74, 3], [101, 3]]",[4.272121399806291e-06]
layer_10,921,"[[31, [2, 2, 1, 1, 1]], [33, [1, 16, 1, 2, 1]], [35, [4, 2, 2]], [62, 1], [68, 2], [74, 3], [101, 4]]",[4.283698978973152e-06]
layer_10,922,"[[31, [4, 1, 1, 1, 1]], [33, [16, 1, 2, 1, 1]], [35, [8, 2, 1]], [62, 2], [68, 2], [74, 3], [101, 4]]",[3.936301114513166e-06]
layer_10,923,"[[31, [1, 4, 1, 1, 1]], [33, [1, 16, 1, 1, 2]], [35, [16, 1, 1]], [62, 1], [68, 1], [74, 2], [101, 4]]",[3.989964320356535e-06]
layer_10,924,"[[31, [2, 2, 1, 1, 1]], [33, [1, 16, 1, 2, 1]], [35, [8, 1, 2]], [62, 2], [68, 2], [74, 1], [101, 3]]",[3.797928071641791e-06]
layer_10,925,"[[31, [1, 4, 1, 1, 1]], [33, [1, 16, 1, 2, 1]], [35, [16, 1, 1]], [62, 1], [68, 1], [74, 3], [101, 4]]",[3.846563308665553e-06]
layer_10,926,"[[31, [4, 1, 1, 1, 1]], [33, [16, 1, 1, 1, 2]], [35, [4, 1, 4]], [62, 1], [68, 2], [74, 3], [101, 4]]",[4.271589824435686e-06]
layer_10,927,"[[31, [1, 4, 1, 1, 1]], [33, [1, 32, 1, 1, 1]], [35, [16, 1, 1]], [62, 1], [68, 2], [74, 2], [101, 3]]",[4.06769141073658e-06]
layer_10,928,"[[31, [4, 1, 1, 1, 1]], [33, [32, 1, 1, 1, 1]], [35, [16, 1, 1]], [62, 1], [68, 2], [74, 1], [101, 4]]",[3.94625393258427e-06]
layer_10,929,"[[31, [4, 1, 1, 1, 1]], [33, [32, 1, 1, 1, 1]], [35, [16, 1, 1]], [62, 1], [68, 2], [74, 2], [101, 4]]",[4.03076477335062e-06]
layer_10,930,"[[31, [1, 4, 1, 1, 1]], [33, [1, 16, 1, 1, 2]], [35, [16, 1, 1]], [62, 2], [68, 1], [74, 1], [101, 4]]",[4.178975579470199e-06]
layer_10,931,"[[31, [1, 4, 1, 1, 1]], [33, [1, 8, 4, 1, 1]], [35, [8, 2, 1]], [62, 2], [68, 1], [74, 2], [101, 3]]",[4.0425151762927725e-06]
layer_10,932,"[[31, [1, 4, 1, 1, 1]], [33, [1, 8, 4, 1, 1]], [35, [4, 4, 1]], [62, 0], [68, 0], [74, 3], [101, 2]]",[4.093118849601593e-06]
layer_10,933,"[[31, [1, 4, 1, 1, 1]], [33, [1, 8, 4, 1, 1]], [35, [2, 4, 2]], [62, 2], [68, 2], [74, 1], [101, 2]]",[3.960407586961864e-06]
layer_10,934,"[[31, [1, 2, 2, 1, 1]], [33, [1, 16, 2, 1, 1]], [35, [8, 1, 2]], [62, 1], [68, 2], [74, 2], [101, 2]]",[4.034725932286556e-06]
layer_10,935,"[[31, [1, 4, 1, 1, 1]], [33, [1, 8, 4, 1, 1]], [35, [2, 2, 4]], [62, 0], [68, 2], [74, 1], [101, 3]]",[4.1248841965674654e-06]
layer_10,936,"[[31, [1, 4, 1, 1, 1]], [33, [2, 8, 1, 1, 2]], [35, [4, 4, 1]], [62, 2], [68, 2], [74, 2], [101, 4]]",[4.010349599980062e-06]
layer_10,937,"[[31, [1, 4, 1, 1, 1]], [33, [1, 8, 4, 1, 1]], [35, [2, 4, 2]], [62, 2], [68, 0], [74, 3], [101, 4]]",[4.018619877872409e-06]
layer_10,938,"[[31, [4, 1, 1, 1, 1]], [33, [16, 1, 1, 2, 1]], [35, [4, 1, 4]], [62, 2], [68, 2], [74, 2], [101, 4]]",[3.8906329365079365e-06]
layer_10,939,"[[31, [1, 4, 1, 1, 1]], [33, [1, 8, 4, 1, 1]], [35, [4, 1, 4]], [62, 2], [68, 0], [74, 3], [101, 4]]",[4.103094048644436e-06]
layer_10,940,"[[31, [4, 1, 1, 1, 1]], [33, [16, 1, 1, 1, 2]], [35, [16, 1, 1]], [62, 0], [68, 1], [74, 3], [101, 4]]",[3.8128615235145884e-06]
layer_10,941,"[[31, [2, 2, 1, 1, 1]], [33, [1, 16, 1, 2, 1]], [35, [8, 1, 2]], [62, 0], [68, 2], [74, 1], [101, 4]]",[4.01146893640001e-06]
layer_10,942,"[[31, [1, 4, 1, 1, 1]], [33, [1, 16, 1, 2, 1]], [35, [16, 1, 1]], [62, 2], [68, 1], [74, 3], [101, 3]]",[3.857824474689589e-06]
layer_10,943,"[[31, [1, 4, 1, 1, 1]], [33, [1, 8, 4, 1, 1]], [35, [2, 4, 2]], [62, 2], [68, 0], [74, 3], [101, 3]]",[4.055739316878584e-06]
layer_10,944,"[[31, [1, 4, 1, 1, 1]], [33, [2, 16, 1, 1, 1]], [35, [16, 1, 1]], [62, 2], [68, 2], [74, 1], [101, 3]]",[4.041420631776997e-06]
layer_10,945,"[[31, [1, 4, 1, 1, 1]], [33, [4, 8, 1, 1, 1]], [35, [16, 1, 1]], [62, 1], [68, 2], [74, 3], [101, 3]]",[4.107236842105263e-06]
layer_10,946,"[[31, [1, 4, 1, 1, 1]], [33, [2, 8, 2, 1, 1]], [35, [16, 1, 1]], [62, 2], [68, 2], [74, 3], [101, 2]]",[4.1296309129792765e-06]
layer_10,947,"[[31, [4, 1, 1, 1, 1]], [33, [16, 1, 1, 2, 1]], [35, [4, 1, 4]], [62, 1], [68, 1], [74, 3], [101, 3]]",[3.876659130518977e-06]
layer_10,948,"[[31, [1, 4, 1, 1, 1]], [33, [4, 8, 1, 1, 1]], [35, [16, 1, 1]], [62, 1], [68, 2], [74, 3], [101, 4]]",[4.276755565767974e-06]
layer_10,949,"[[31, [1, 4, 1, 1, 1]], [33, [2, 8, 1, 2, 1]], [35, [8, 2, 1]], [62, 1], [68, 2], [74, 1], [101, 4]]",[4.151980903882877e-06]
layer_10,950,"[[31, [1, 4, 1, 1, 1]], [33, [1, 8, 4, 1, 1]], [35, [2, 2, 4]], [62, 1], [68, 0], [74, 3], [101, 3]]",[4.18388486915818e-06]
layer_10,951,"[[31, [1, 4, 1, 1, 1]], [33, [2, 16, 1, 1, 1]], [35, [16, 1, 1]], [62, 0], [68, 2], [74, 2], [101, 3]]",[4.244504362777806e-06]
layer_10,952,"[[31, [4, 1, 1, 1, 1]], [33, [16, 1, 2, 1, 1]], [35, [4, 1, 4]], [62, 1], [68, 2], [74, 2], [101, 3]]",[4.129878475744571e-06]
layer_10,953,"[[31, [1, 4, 1, 1, 1]], [33, [1, 8, 4, 1, 1]], [35, [8, 2, 1]], [62, 2], [68, 0], [74, 3], [101, 3]]",[4.1080962101391075e-06]
layer_10,954,"[[31, [1, 4, 1, 1, 1]], [33, [1, 8, 4, 1, 1]], [35, [4, 2, 2]], [62, 2], [68, 1], [74, 2], [101, 2]]",[3.978801725621297e-06]
layer_10,955,"[[31, [1, 4, 1, 1, 1]], [33, [1, 8, 4, 1, 1]], [35, [2, 4, 2]], [62, 2], [68, 2], [74, 2], [101, 2]]",[4.019306358242656e-06]
layer_10,956,"[[31, [4, 1, 1, 1, 1]], [33, [16, 1, 2, 1, 1]], [35, [16, 1, 1]], [62, 0], [68, 1], [74, 3], [101, 4]]",[4.125832017690468e-06]
layer_10,957,"[[31, [1, 1, 1, 1, 4]], [33, [1, 2, 2, 8, 1]], [35, [8, 1, 2]], [62, 2], [68, 2], [74, 3], [101, 4]]",[1.2411926055911898e-05]
layer_10,958,"[[31, [1, 1, 1, 2, 2]], [33, [4, 4, 2, 1, 1]], [35, [2, 4, 2]], [62, 1], [68, 2], [74, 3], [101, 1]]",[6.971009004739337e-06]
layer_10,959,"[[31, [2, 1, 1, 2, 1]], [33, [8, 2, 1, 1, 2]], [35, [2, 8, 1]], [62, 1], [68, 0], [74, 0], [101, 3]]",[1.0477676191380292e-05]
layer_10,960,"[[31, [1, 4, 1, 1, 1]], [33, [1, 16, 1, 1, 2]], [35, [16, 1, 1]], [62, 1], [68, 2], [74, 3], [101, 4]]",[3.7850130541268672e-06]
layer_10,961,"[[31, [1, 4, 1, 1, 1]], [33, [2, 8, 1, 1, 2]], [35, [16, 1, 1]], [62, 2], [68, 2], [74, 2], [101, 3]]",[3.889748783303529e-06]
layer_10,962,"[[31, [1, 4, 1, 1, 1]], [33, [2, 8, 1, 1, 2]], [35, [8, 2, 1]], [62, 2], [68, 2], [74, 2], [101, 3]]",[4.063682749868302e-06]
layer_10,963,"[[31, [4, 1, 1, 1, 1]], [33, [16, 1, 2, 1, 1]], [35, [16, 1, 1]], [62, 2], [68, 2], [74, 1], [101, 4]]",[3.680028098679063e-06]
layer_10,964,"[[31, [4, 1, 1, 1, 1]], [33, [16, 1, 1, 1, 2]], [35, [8, 2, 1]], [62, 2], [68, 2], [74, 3], [101, 4]]",[3.973998762058254e-06]
layer_10,965,"[[31, [2, 2, 1, 1, 1]], [33, [1, 16, 1, 1, 2]], [35, [8, 2, 1]], [62, 1], [68, 2], [74, 2], [101, 4]]",[3.939167364508845e-06]
layer_10,966,"[[31, [2, 2, 1, 1, 1]], [33, [1, 16, 1, 2, 1]], [35, [8, 2, 1]], [62, 0], [68, 2], [74, 2], [101, 4]]",[4.034113129919247e-06]
layer_10,967,"[[31, [1, 4, 1, 1, 1]], [33, [1, 8, 4, 1, 1]], [35, [4, 1, 4]], [62, 2], [68, 2], [74, 1], [101, 3]]",[3.778055284436151e-06]
layer_10,968,"[[31, [1, 4, 1, 1, 1]], [33, [1, 16, 1, 2, 1]], [35, [16, 1, 1]], [62, 2], [68, 1], [74, 1], [101, 3]]",[3.909146050634741e-06]
layer_10,969,"[[31, [1, 4, 1, 1, 1]], [33, [1, 16, 1, 2, 1]], [35, [16, 1, 1]], [62, 2], [68, 1], [74, 2], [101, 3]]",[4.000541416105836e-06]
layer_10,970,"[[31, [1, 4, 1, 1, 1]], [33, [1, 16, 1, 1, 2]], [35, [16, 1, 1]], [62, 1], [68, 1], [74, 3], [101, 4]]",[3.945442983826392e-06]
layer_10,971,"[[31, [4, 1, 1, 1, 1]], [33, [16, 1, 2, 1, 1]], [35, [8, 1, 2]], [62, 1], [68, 2], [74, 3], [101, 4]]",[3.893740478848778e-06]
layer_10,972,"[[31, [1, 4, 1, 1, 1]], [33, [1, 16, 1, 1, 2]], [35, [16, 1, 1]], [62, 1], [68, 1], [74, 1], [101, 3]]",[3.931477307720508e-06]
layer_10,973,"[[31, [1, 4, 1, 1, 1]], [33, [1, 16, 1, 1, 2]], [35, [16, 1, 1]], [62, 2], [68, 1], [74, 3], [101, 3]]",[4.076338153801283e-06]
layer_10,974,"[[31, [1, 4, 1, 1, 1]], [33, [1, 16, 1, 2, 1]], [35, [16, 1, 1]], [62, 1], [68, 1], [74, 2], [101, 3]]",[3.972291061272136e-06]
layer_10,975,"[[31, [2, 2, 1, 1, 1]], [33, [1, 16, 1, 1, 2]], [35, [4, 1, 4]], [62, 2], [68, 2], [74, 3], [101, 3]]",[3.884791183992779e-06]
layer_10,976,"[[31, [2, 2, 1, 1, 1]], [33, [1, 16, 1, 1, 2]], [35, [8, 1, 2]], [62, 0], [68, 2], [74, 1], [101, 4]]",[4.1858106681275995e-06]
layer_10,977,"[[31, [4, 1, 1, 1, 1]], [33, [16, 1, 1, 1, 2]], [35, [8, 1, 2]], [62, 2], [68, 2], [74, 1], [101, 4]]",[3.7142949931396945e-06]
layer_10,978,"[[31, [4, 1, 1, 1, 1]], [33, [16, 1, 1, 1, 2]], [35, [4, 1, 4]], [62, 2], [68, 2], [74, 3], [101, 4]]",[3.98080980929003e-06]
layer_10,979,"[[31, [1, 4, 1, 1, 1]], [33, [2, 8, 1, 1, 2]], [35, [4, 4, 1]], [62, 2], [68, 2], [74, 2], [101, 3]]",[4.185647986996749e-06]
layer_10,980,"[[31, [2, 2, 1, 1, 1]], [33, [1, 32, 1, 1, 1]], [35, [16, 1, 1]], [62, 2], [68, 2], [74, 1], [101, 4]]",[3.921140203072877e-06]
layer_10,981,"[[31, [4, 1, 1, 1, 1]], [33, [16, 1, 1, 2, 1]], [35, [4, 4, 1]], [62, 1], [68, 2], [74, 3], [101, 4]]",[4.1259902710040725e-06]
layer_10,982,"[[31, [4, 1, 1, 1, 1]], [33, [16, 1, 1, 2, 1]], [35, [4, 1, 4]], [62, 1], [68, 2], [74, 3], [101, 4]]",[3.891315920641126e-06]
layer_10,983,"[[31, [1, 4, 1, 1, 1]], [33, [1, 8, 4, 1, 1]], [35, [8, 1, 2]], [62, 2], [68, 1], [74, 1], [101, 4]]",[3.8915001201460975e-06]
layer_10,984,"[[31, [1, 4, 1, 1, 1]], [33, [1, 8, 4, 1, 1]], [35, [2, 8, 1]], [62, 0], [68, 2], [74, 1], [101, 3]]",[4.110197054159258e-06]
layer_10,985,"[[31, [1, 4, 1, 1, 1]], [33, [1, 8, 4, 1, 1]], [35, [4, 2, 2]], [62, 1], [68, 2], [74, 1], [101, 3]]",[3.883071534367044e-06]
layer_10,986,"[[31, [1, 4, 1, 1, 1]], [33, [1, 8, 4, 1, 1]], [35, [4, 4, 1]], [62, 1], [68, 2], [74, 1], [101, 3]]",[3.933977305031744e-06]
layer_10,987,"[[31, [2, 2, 1, 1, 1]], [33, [1, 32, 1, 1, 1]], [35, [16, 1, 1]], [62, 1], [68, 2], [74, 1], [101, 4]]",[4.2043200110739184e-06]
layer_10,988,"[[31, [4, 1, 1, 1, 1]], [33, [16, 1, 1, 1, 2]], [35, [4, 1, 4]], [62, 1], [68, 2], [74, 2], [101, 4]]",[3.9486521996449e-06]
layer_10,989,"[[31, [4, 1, 1, 1, 1]], [33, [16, 1, 1, 2, 1]], [35, [4, 1, 4]], [62, 1], [68, 2], [74, 2], [101, 4]]",[3.946591714342079e-06]
layer_10,990,"[[31, [1, 4, 1, 1, 1]], [33, [2, 8, 1, 1, 2]], [35, [16, 1, 1]], [62, 2], [68, 1], [74, 3], [101, 3]]",[3.909719877350521e-06]
layer_10,991,"[[31, [1, 4, 1, 1, 1]], [33, [1, 8, 4, 1, 1]], [35, [2, 2, 4]], [62, 2], [68, 2], [74, 2], [101, 2]]",[4.2072219569836e-06]
layer_10,992,"[[31, [1, 4, 1, 1, 1]], [33, [1, 8, 4, 1, 1]], [35, [2, 8, 1]], [62, 2], [68, 2], [74, 2], [101, 2]]",[4.039807660533233e-06]
layer_10,993,"[[31, [2, 2, 1, 1, 1]], [33, [1, 16, 1, 2, 1]], [35, [4, 1, 4]], [62, 1], [68, 2], [74, 3], [101, 3]]",[3.921707863852515e-06]
layer_10,994,"[[31, [1, 4, 1, 1, 1]], [33, [1, 8, 4, 1, 1]], [35, [2, 2, 4]], [62, 1], [68, 1], [74, 3], [101, 3]]",[4.114862788451764e-06]
layer_10,995,"[[31, [4, 1, 1, 1, 1]], [33, [32, 1, 1, 1, 1]], [35, [16, 1, 1]], [62, 0], [68, 2], [74, 2], [101, 4]]",[3.984093728083359e-06]
layer_10,996,"[[31, [1, 4, 1, 1, 1]], [33, [1, 8, 4, 1, 1]], [35, [8, 2, 1]], [62, 2], [68, 0], [74, 1], [101, 2]]",[4.176242054616384e-06]
layer_10,997,"[[31, [4, 1, 1, 1, 1]], [33, [16, 1, 2, 1, 1]], [35, [4, 1, 4]], [62, 1], [68, 2], [74, 3], [101, 4]]",[4.011104997775471e-06]
layer_10,998,"[[31, [2, 1, 1, 1, 2]], [33, [1, 8, 4, 1, 1]], [35, [4, 4, 1]], [62, 0], [68, 2], [74, 2], [101, 1]]",[7.76499643074119e-06]
layer_10,999,"[[31, [2, 1, 2, 1, 1]], [33, [8, 1, 1, 2, 2]], [35, [2, 2, 4]], [62, 0], [68, 1], [74, 0], [101, 3]]",[7.2480006719526955e-06]
