layer,trial_index,tile_size,execution_time
layer_0,0,"[[31, [28, 14, 1, 1, 2]], [33, [1, 1, 1, 4, 1]], [35, [5, 2, 1]], [62, 1], [68, 3], [74, 1], [101, 0]]",[1.893664243845252e-05]
layer_0,1,"[[31, [392, 1, 1, 2, 1]], [33, [2, 2, 1, 1, 1]], [35, [2, 5, 1]], [62, 1], [68, 2], [74, 1], [101, 3]]",[4.6126035236938034e-05]
layer_0,2,"[[31, [8, 7, 2, 7, 1]], [33, [1, 1, 1, 4, 1]], [35, [5, 2, 1]], [62, 2], [68, 3], [74, 3], [101, 0]]",[2.2855139124533424e-05]
layer_0,3,"[[31, [1, 49, 16, 1, 1]], [33, [1, 1, 2, 2, 1]], [35, [10, 1, 1]], [62, 1], [68, 0], [74, 0], [101, 0]]",[1.576538179401993e-05]
layer_0,4,"[[31, [392, 1, 1, 1, 2]], [33, [1, 1, 4, 1, 1]], [35, [10, 1, 1]], [62, 0], [68, 1], [74, 0], [101, 0]]",[2.0694280182232347e-05]
layer_0,5,"[[31, [1, 196, 2, 1, 2]], [33, [1, 1, 2, 2, 1]], [35, [1, 5, 2]], [62, 2], [68, 1], [74, 0], [101, 1]]",[1.656240715525297e-05]
layer_0,6,"[[31, [14, 14, 2, 2, 1]], [33, [1, 4, 1, 1, 1]], [35, [1, 5, 2]], [62, 2], [68, 1], [74, 3], [101, 1]]",[6.656541823899371e-05]
layer_0,7,"[[31, [98, 2, 2, 1, 2]], [33, [1, 1, 4, 1, 1]], [35, [5, 1, 2]], [62, 0], [68, 0], [74, 1], [101, 1]]",[2.1947434381408063e-05]
layer_0,8,"[[31, [49, 8, 1, 1, 2]], [33, [1, 1, 1, 1, 4]], [35, [10, 1, 1]], [62, 2], [68, 0], [74, 2], [101, 1]]",[2.6917060612004707e-05]
layer_0,9,"[[31, [14, 2, 28, 1, 1]], [33, [2, 1, 1, 1, 2]], [35, [10, 1, 1]], [62, 3], [68, 3], [74, 3], [101, 3]]",[10000000000]
layer_0,10,"[[31, [98, 2, 1, 1, 4]], [33, [1, 2, 1, 1, 2]], [35, [1, 10, 1]], [62, 2], [68, 3], [74, 3], [101, 1]]",[9.765964514066496e-05]
layer_0,11,"[[31, [2, 28, 2, 7, 1]], [33, [2, 1, 2, 1, 1]], [35, [10, 1, 1]], [62, 0], [68, 0], [74, 0], [101, 3]]",[2.9091950302777194e-05]
layer_0,12,"[[31, [1, 196, 1, 2, 2]], [33, [1, 1, 2, 2, 1]], [35, [1, 5, 2]], [62, 2], [68, 2], [74, 0], [101, 1]]",[2.6944463762453602e-05]
layer_0,13,"[[31, [1, 196, 4, 1, 1]], [33, [1, 2, 2, 1, 1]], [35, [5, 1, 2]], [62, 0], [68, 1], [74, 2], [101, 0]]",[2.2458156939260267e-05]
layer_0,14,"[[31, [14, 2, 4, 7, 1]], [33, [4, 1, 1, 1, 1]], [35, [5, 1, 2]], [62, 2], [68, 0], [74, 2], [101, 3]]",[5.1654254955570745e-05]
layer_0,15,"[[31, [7, 14, 1, 4, 2]], [33, [2, 2, 1, 1, 1]], [35, [5, 1, 2]], [62, 0], [68, 3], [74, 2], [101, 3]]",[7.794213088463528e-05]
layer_0,16,"[[31, [49, 2, 2, 2, 2]], [33, [1, 1, 2, 1, 2]], [35, [5, 2, 1]], [62, 0], [68, 3], [74, 3], [101, 2]]",[3.625696898263028e-05]
layer_0,17,"[[31, [28, 14, 1, 2, 1]], [33, [1, 1, 1, 4, 1]], [35, [5, 2, 1]], [62, 1], [68, 3], [74, 2], [101, 0]]",[1.8082915429403204e-05]
layer_0,18,"[[31, [14, 8, 1, 7, 1]], [33, [1, 1, 1, 2, 2]], [35, [5, 1, 2]], [62, 1], [68, 0], [74, 3], [101, 0]]",[2.456367681415929e-05]
layer_0,19,"[[31, [1, 98, 2, 1, 4]], [33, [1, 1, 2, 2, 1]], [35, [2, 5, 1]], [62, 2], [68, 1], [74, 1], [101, 1]]",[3.3379856708030905e-05]
layer_0,20,"[[31, [196, 1, 2, 1, 2]], [33, [2, 1, 2, 1, 1]], [35, [1, 5, 2]], [62, 0], [68, 2], [74, 1], [101, 4]]",[3.748918578100675e-05]
layer_0,21,"[[31, [49, 1, 4, 2, 2]], [33, [2, 1, 1, 1, 2]], [35, [5, 2, 1]], [62, 1], [68, 2], [74, 1], [101, 4]]",[3.288683720930233e-05]
layer_0,22,"[[31, [28, 28, 1, 1, 1]], [33, [1, 1, 1, 4, 1]], [35, [5, 1, 2]], [62, 2], [68, 1], [74, 2], [101, 2]]",[1.7018710362364907e-05]
layer_0,23,"[[31, [2, 14, 14, 1, 2]], [33, [1, 2, 1, 1, 2]], [35, [10, 1, 1]], [62, 1], [68, 2], [74, 2], [101, 4]]",[1.3587331038192576e-05]
layer_0,24,"[[31, [49, 1, 4, 2, 2]], [33, [2, 1, 1, 1, 2]], [35, [5, 1, 2]], [62, 1], [68, 3], [74, 1], [101, 4]]",[2.0691029157175398e-05]
layer_0,25,"[[31, [392, 1, 1, 1, 2]], [33, [1, 4, 1, 1, 1]], [35, [1, 10, 1]], [62, 0], [68, 2], [74, 2], [101, 0]]",[7.053107255083179e-05]
layer_0,26,"[[31, [1, 784, 1, 1, 1]], [33, [4, 1, 1, 1, 1]], [35, [5, 1, 2]], [62, 1], [68, 3], [74, 0], [101, 2]]",[3.029800556821058e-05]
layer_0,27,"[[31, [196, 1, 2, 1, 2]], [33, [2, 1, 1, 1, 2]], [35, [5, 1, 2]], [62, 0], [68, 0], [74, 1], [101, 4]]",[2.9884123198997706e-05]
layer_0,28,"[[31, [4, 49, 2, 1, 2]], [33, [1, 1, 1, 1, 4]], [35, [5, 2, 1]], [62, 0], [68, 1], [74, 1], [101, 0]]",[2.1571490205011387e-05]
layer_0,29,"[[31, [1, 392, 1, 2, 1]], [33, [1, 4, 1, 1, 1]], [35, [10, 1, 1]], [62, 0], [68, 2], [74, 2], [101, 3]]",[3.1773864205969464e-05]
layer_0,30,"[[31, [28, 2, 1, 7, 2]], [33, [2, 2, 1, 1, 1]], [35, [10, 1, 1]], [62, 1], [68, 3], [74, 1], [101, 1]]",[0.0001785711924829157]
layer_0,31,"[[31, [4, 49, 2, 2, 1]], [33, [1, 2, 1, 1, 2]], [35, [1, 5, 2]], [62, 1], [68, 2], [74, 1], [101, 1]]",[4.836783157894737e-05]
layer_0,32,"[[31, [98, 2, 2, 2, 1]], [33, [1, 2, 2, 1, 1]], [35, [10, 1, 1]], [62, 1], [68, 2], [74, 1], [101, 4]]",[1.601092388866904e-05]
layer_0,33,"[[31, [16, 7, 1, 7, 1]], [33, [4, 1, 1, 1, 1]], [35, [2, 5, 1]], [62, 1], [68, 1], [74, 0], [101, 0]]",[0.0001365960971379011]
layer_0,34,"[[31, [4, 7, 14, 2, 1]], [33, [1, 1, 1, 4, 1]], [35, [5, 1, 2]], [62, 1], [68, 1], [74, 2], [101, 2]]",[2.9793290457297975e-05]
layer_0,35,"[[31, [2, 49, 1, 2, 4]], [33, [2, 1, 1, 2, 1]], [35, [5, 2, 1]], [62, 0], [68, 1], [74, 0], [101, 2]]",[7.471816763848396e-05]
layer_0,36,"[[31, [14, 2, 28, 1, 1]], [33, [2, 1, 1, 1, 2]], [35, [5, 1, 2]], [62, 0], [68, 1], [74, 3], [101, 3]]",[2.462552136021873e-05]
layer_0,37,"[[31, [112, 7, 1, 1, 1]], [33, [1, 1, 1, 4, 1]], [35, [2, 5, 1]], [62, 0], [68, 0], [74, 3], [101, 2]]",[7.399211767531221e-05]
layer_0,38,"[[31, [28, 28, 1, 1, 1]], [33, [1, 1, 1, 4, 1]], [35, [1, 10, 1]], [62, 2], [68, 1], [74, 3], [101, 1]]",[4.859769141381536e-05]
layer_0,39,"[[31, [1, 392, 1, 2, 1]], [33, [1, 1, 1, 4, 1]], [35, [10, 1, 1]], [62, 0], [68, 2], [74, 2], [101, 3]]",[3.6156646421370964e-05]
layer_0,40,"[[31, [1, 196, 1, 2, 2]], [33, [1, 1, 2, 2, 1]], [35, [1, 5, 2]], [62, 2], [68, 3], [74, 0], [101, 1]]",[3.0114665065775736e-05]
layer_0,41,"[[31, [1, 49, 16, 1, 1]], [33, [1, 1, 2, 2, 1]], [35, [10, 1, 1]], [62, 3], [68, 0], [74, 0], [101, 4]]",[10000000000]
layer_0,42,"[[31, [7, 14, 1, 4, 2]], [33, [2, 2, 1, 1, 1]], [35, [10, 1, 1]], [62, 0], [68, 3], [74, 3], [101, 3]]",[7.250156768149883e-05]
layer_0,43,"[[31, [49, 1, 4, 4, 1]], [33, [2, 1, 2, 1, 1]], [35, [10, 1, 1]], [62, 2], [68, 2], [74, 1], [101, 0]]",[2.514934703280501e-05]
layer_0,44,"[[31, [8, 14, 1, 7, 1]], [33, [1, 4, 1, 1, 1]], [35, [10, 1, 1]], [62, 2], [68, 1], [74, 0], [101, 3]]",[6.152044152046783e-05]
layer_0,45,"[[31, [4, 196, 1, 1, 1]], [33, [1, 1, 1, 1, 4]], [35, [5, 2, 1]], [62, 1], [68, 0], [74, 0], [101, 2]]",[1.6203613515565683e-05]
layer_0,46,"[[31, [784, 1, 1, 1, 1]], [33, [1, 1, 1, 1, 4]], [35, [1, 5, 2]], [62, 1], [68, 2], [74, 2], [101, 3]]",[3.4750684704184705e-05]
layer_0,47,"[[31, [4, 49, 1, 2, 2]], [33, [1, 4, 1, 1, 1]], [35, [1, 5, 2]], [62, 1], [68, 0], [74, 1], [101, 1]]",[0.00013295584648006787]
layer_0,48,"[[31, [1, 28, 2, 14, 1]], [33, [2, 1, 2, 1, 1]], [35, [10, 1, 1]], [62, 3], [68, 1], [74, 1], [101, 1]]",[10000000000]
layer_0,49,"[[31, [14, 2, 28, 1, 1]], [33, [2, 1, 1, 1, 2]], [35, [10, 1, 1]], [62, 1], [68, 3], [74, 1], [101, 3]]",[1.4973689519650654e-05]
layer_0,50,"[[31, [49, 4, 2, 1, 2]], [33, [1, 1, 4, 1, 1]], [35, [5, 2, 1]], [62, 2], [68, 0], [74, 3], [101, 3]]",[1.1884662211421629e-05]
layer_0,51,"[[31, [2, 14, 7, 1, 4]], [33, [2, 2, 1, 1, 1]], [35, [5, 2, 1]], [62, 2], [68, 2], [74, 2], [101, 0]]",[1.7774052006151264e-05]
layer_0,52,"[[31, [4, 196, 1, 1, 1]], [33, [1, 1, 4, 1, 1]], [35, [5, 1, 2]], [62, 2], [68, 0], [74, 3], [101, 3]]",[1.1068569344678971e-05]
layer_0,53,"[[31, [49, 4, 2, 1, 2]], [33, [1, 1, 1, 4, 1]], [35, [1, 10, 1]], [62, 2], [68, 0], [74, 2], [101, 0]]",[2.8729606201550385e-05]
layer_0,54,"[[31, [28, 1, 1, 14, 2]], [33, [1, 1, 2, 1, 2]], [35, [5, 1, 2]], [62, 2], [68, 0], [74, 1], [101, 0]]",[0.0001411430089206066]
layer_0,55,"[[31, [2, 28, 2, 7, 1]], [33, [2, 1, 2, 1, 1]], [35, [5, 2, 1]], [62, 2], [68, 0], [74, 0], [101, 3]]",[1.873697493734336e-05]
layer_0,56,"[[31, [4, 49, 2, 1, 2]], [33, [1, 4, 1, 1, 1]], [35, [5, 2, 1]], [62, 0], [68, 0], [74, 1], [101, 0]]",[3.126543099214146e-05]
layer_0,57,"[[31, [4, 7, 2, 14, 1]], [33, [2, 1, 1, 2, 1]], [35, [10, 1, 1]], [62, 2], [68, 2], [74, 0], [101, 3]]",[9.988622838709678e-05]
layer_0,58,"[[31, [98, 1, 4, 1, 2]], [33, [2, 1, 1, 1, 2]], [35, [10, 1, 1]], [62, 1], [68, 2], [74, 1], [101, 4]]",[2.257436927546138e-05]
layer_0,59,"[[31, [56, 1, 1, 7, 2]], [33, [2, 2, 1, 1, 1]], [35, [10, 1, 1]], [62, 0], [68, 3], [74, 2], [101, 1]]",[3.1437353488372095e-05]
layer_0,60,"[[31, [4, 49, 2, 2, 1]], [33, [2, 2, 1, 1, 1]], [35, [1, 5, 2]], [62, 1], [68, 0], [74, 2], [101, 1]]",[7.404719672919673e-05]
layer_0,61,"[[31, [98, 1, 4, 1, 2]], [33, [4, 1, 1, 1, 1]], [35, [1, 5, 2]], [62, 2], [68, 3], [74, 0], [101, 2]]",[4.957136842105263e-05]
layer_0,62,"[[31, [7, 4, 2, 14, 1]], [33, [1, 2, 2, 1, 1]], [35, [10, 1, 1]], [62, 1], [68, 3], [74, 0], [101, 2]]",[6.234291186299082e-05]
layer_0,63,"[[31, [2, 49, 1, 2, 4]], [33, [1, 2, 1, 2, 1]], [35, [5, 2, 1]], [62, 0], [68, 1], [74, 0], [101, 2]]",[7.4190870920604e-05]
layer_0,64,"[[31, [49, 1, 1, 4, 4]], [33, [1, 1, 4, 1, 1]], [35, [5, 1, 2]], [62, 0], [68, 2], [74, 3], [101, 4]]",[4.6676916397675915e-05]
layer_0,65,"[[31, [2, 49, 1, 8, 1]], [33, [2, 1, 1, 2, 1]], [35, [5, 2, 1]], [62, 0], [68, 1], [74, 0], [101, 2]]",[7.437917414898865e-05]
layer_0,66,"[[31, [4, 196, 1, 1, 1]], [33, [4, 1, 1, 1, 1]], [35, [5, 1, 2]], [62, 2], [68, 0], [74, 3], [101, 4]]",[1.5565947131197467e-05]
layer_0,67,"[[31, [1, 28, 1, 14, 2]], [33, [1, 2, 1, 1, 2]], [35, [10, 1, 1]], [62, 0], [68, 0], [74, 2], [101, 1]]",[0.00024750499688473525]
layer_0,68,"[[31, [7, 4, 7, 2, 2]], [33, [2, 1, 2, 1, 1]], [35, [5, 2, 1]], [62, 0], [68, 2], [74, 2], [101, 2]]",[3.138140931818182e-05]
layer_0,69,"[[31, [98, 1, 4, 1, 2]], [33, [1, 2, 1, 1, 2]], [35, [5, 1, 2]], [62, 0], [68, 0], [74, 0], [101, 3]]",[3.229272544998861e-05]
layer_0,70,"[[31, [7, 4, 2, 14, 1]], [33, [1, 2, 2, 1, 1]], [35, [10, 1, 1]], [62, 1], [68, 0], [74, 0], [101, 2]]",[8.233136768802229e-05]
layer_0,71,"[[31, [28, 7, 2, 1, 2]], [33, [1, 1, 4, 1, 1]], [35, [5, 2, 1]], [62, 0], [68, 0], [74, 1], [101, 0]]",[1.7305343776106934e-05]
layer_0,72,"[[31, [7, 56, 1, 1, 2]], [33, [1, 2, 2, 1, 1]], [35, [5, 1, 2]], [62, 2], [68, 0], [74, 0], [101, 1]]",[1.5822075742067554e-05]
layer_0,73,"[[31, [28, 7, 1, 2, 2]], [33, [1, 1, 2, 1, 2]], [35, [2, 5, 1]], [62, 2], [68, 1], [74, 0], [101, 0]]",[4.899263202065849e-05]
layer_0,74,"[[31, [98, 1, 4, 1, 2]], [33, [2, 1, 1, 1, 2]], [35, [10, 1, 1]], [62, 2], [68, 2], [74, 1], [101, 4]]",[2.1349712216624688e-05]
layer_0,75,"[[31, [28, 1, 2, 7, 2]], [33, [1, 2, 1, 2, 1]], [35, [5, 2, 1]], [62, 1], [68, 3], [74, 2], [101, 4]]",[9.649577819083023e-05]
layer_0,76,"[[31, [28, 14, 1, 2, 1]], [33, [1, 1, 2, 2, 1]], [35, [10, 1, 1]], [62, 1], [68, 0], [74, 2], [101, 3]]",[1.955825152838428e-05]
layer_0,77,"[[31, [28, 7, 1, 4, 1]], [33, [1, 2, 1, 2, 1]], [35, [2, 5, 1]], [62, 2], [68, 2], [74, 1], [101, 4]]",[10000000000]
layer_0,78,"[[31, [196, 1, 4, 1, 1]], [33, [1, 2, 1, 1, 2]], [35, [5, 1, 2]], [62, 0], [68, 0], [74, 2], [101, 0]]",[1.736532252384446e-05]
layer_0,79,"[[31, [7, 28, 2, 2, 1]], [33, [1, 1, 1, 1, 4]], [35, [5, 2, 1]], [62, 3], [68, 1], [74, 1], [101, 3]]",[10000000000]
layer_0,80,"[[31, [28, 4, 1, 7, 1]], [33, [1, 1, 1, 1, 4]], [35, [5, 1, 2]], [62, 0], [68, 0], [74, 3], [101, 2]]",[2.7449525580480126e-05]
layer_0,81,"[[31, [1, 49, 4, 2, 2]], [33, [2, 1, 1, 2, 1]], [35, [5, 1, 2]], [62, 1], [68, 3], [74, 1], [101, 4]]",[2.1927245956399435e-05]
layer_0,82,"[[31, [1, 56, 1, 7, 2]], [33, [2, 1, 1, 1, 2]], [35, [5, 1, 2]], [62, 2], [68, 3], [74, 3], [101, 2]]",[0.00013742204336513445]
layer_0,83,"[[31, [1, 49, 8, 1, 2]], [33, [2, 1, 1, 2, 1]], [35, [10, 1, 1]], [62, 1], [68, 2], [74, 3], [101, 1]]",[2.7701047469595923e-05]
layer_0,84,"[[31, [56, 2, 7, 1, 1]], [33, [1, 4, 1, 1, 1]], [35, [1, 10, 1]], [62, 2], [68, 1], [74, 3], [101, 1]]",[2.517333200455581e-05]
layer_0,85,"[[31, [7, 7, 4, 4, 1]], [33, [1, 1, 1, 1, 4]], [35, [10, 1, 1]], [62, 0], [68, 1], [74, 2], [101, 3]]",[4.68369993800372e-05]
layer_0,86,"[[31, [2, 392, 1, 1, 1]], [33, [1, 4, 1, 1, 1]], [35, [5, 2, 1]], [62, 2], [68, 2], [74, 3], [101, 3]]",[2.6878734094937954e-05]
layer_0,87,"[[31, [28, 7, 1, 2, 2]], [33, [1, 2, 2, 1, 1]], [35, [1, 5, 2]], [62, 2], [68, 1], [74, 1], [101, 0]]",[4.5516178760510744e-05]
layer_0,88,"[[31, [14, 7, 4, 2, 1]], [33, [1, 1, 1, 2, 2]], [35, [2, 5, 1]], [62, 0], [68, 3], [74, 1], [101, 0]]",[3.635057555049355e-05]
layer_0,89,"[[31, [98, 1, 1, 4, 2]], [33, [4, 1, 1, 1, 1]], [35, [1, 5, 2]], [62, 2], [68, 3], [74, 0], [101, 2]]",[0.00018850989608801958]
layer_0,90,"[[31, [98, 1, 4, 2, 1]], [33, [4, 1, 1, 1, 1]], [35, [1, 5, 2]], [62, 1], [68, 3], [74, 0], [101, 2]]",[5.0576711209842794e-05]
layer_0,91,"[[31, [1, 784, 1, 1, 1]], [33, [1, 2, 2, 1, 1]], [35, [5, 1, 2]], [62, 1], [68, 0], [74, 0], [101, 1]]",[1.7582182458471765e-05]
layer_0,92,"[[31, [28, 7, 1, 2, 2]], [33, [1, 1, 2, 2, 1]], [35, [10, 1, 1]], [62, 2], [68, 3], [74, 1], [101, 0]]",[2.6146009113001217e-05]
layer_0,93,"[[31, [14, 2, 2, 7, 2]], [33, [1, 1, 1, 2, 2]], [35, [10, 1, 1]], [62, 3], [68, 3], [74, 0], [101, 4]]",[10000000000]
layer_0,94,"[[31, [14, 7, 4, 1, 2]], [33, [2, 1, 1, 1, 2]], [35, [10, 1, 1]], [62, 1], [68, 3], [74, 1], [101, 4]]",[1.1398609946856513e-05]
layer_0,95,"[[31, [7, 7, 1, 16, 1]], [33, [2, 1, 1, 1, 2]], [35, [5, 2, 1]], [62, 1], [68, 2], [74, 1], [101, 4]]",[0.00015413133204259438]
layer_0,96,"[[31, [1, 49, 4, 2, 2]], [33, [2, 1, 1, 2, 1]], [35, [10, 1, 1]], [62, 1], [68, 3], [74, 1], [101, 4]]",[1.1568322474085885e-05]
layer_0,97,"[[31, [7, 28, 4, 1, 1]], [33, [1, 1, 1, 4, 1]], [35, [5, 1, 2]], [62, 2], [68, 3], [74, 2], [101, 2]]",[1.6550194468704512e-05]
layer_0,98,"[[31, [2, 14, 14, 2, 1]], [33, [1, 2, 1, 1, 2]], [35, [5, 1, 2]], [62, 2], [68, 0], [74, 2], [101, 2]]",[2.513168828795907e-05]
layer_0,99,"[[31, [7, 56, 1, 1, 2]], [33, [1, 1, 1, 4, 1]], [35, [5, 1, 2]], [62, 0], [68, 3], [74, 0], [101, 4]]",[3.3061385472032394e-05]
layer_0,100,"[[31, [7, 4, 14, 1, 2]], [33, [2, 1, 2, 1, 1]], [35, [5, 1, 2]], [62, 3], [68, 1], [74, 3], [101, 4]]",[10000000000]
layer_0,101,"[[31, [4, 196, 1, 1, 1]], [33, [1, 4, 1, 1, 1]], [35, [5, 1, 2]], [62, 2], [68, 1], [74, 3], [101, 3]]",[2.7475257355825812e-05]
layer_0,102,"[[31, [4, 49, 2, 2, 1]], [33, [2, 1, 1, 1, 2]], [35, [1, 5, 2]], [62, 2], [68, 2], [74, 0], [101, 3]]",[5.4419539753639416e-05]
layer_0,103,"[[31, [28, 2, 7, 2, 1]], [33, [1, 1, 1, 4, 1]], [35, [5, 2, 1]], [62, 1], [68, 3], [74, 2], [101, 3]]",[1.5539489781197405e-05]
layer_0,104,"[[31, [14, 7, 1, 2, 4]], [33, [2, 2, 1, 1, 1]], [35, [5, 1, 2]], [62, 1], [68, 3], [74, 2], [101, 2]]",[8.396416811751904e-05]
layer_0,105,"[[31, [1, 49, 4, 2, 2]], [33, [1, 2, 2, 1, 1]], [35, [5, 2, 1]], [62, 1], [68, 1], [74, 1], [101, 1]]",[2.4047726247436774e-05]
layer_0,106,"[[31, [98, 1, 4, 2, 1]], [33, [2, 1, 2, 1, 1]], [35, [10, 1, 1]], [62, 2], [68, 2], [74, 1], [101, 0]]",[1.6541038977474056e-05]
layer_0,107,"[[31, [112, 1, 7, 1, 1]], [33, [4, 1, 1, 1, 1]], [35, [5, 1, 2]], [62, 0], [68, 2], [74, 3], [101, 2]]",[2.4526305194805194e-05]
layer_0,108,"[[31, [49, 1, 4, 4, 1]], [33, [1, 1, 1, 4, 1]], [35, [10, 1, 1]], [62, 2], [68, 2], [74, 1], [101, 0]]",[2.053981100478469e-05]
layer_0,109,"[[31, [1, 196, 2, 1, 2]], [33, [1, 2, 1, 2, 1]], [35, [5, 1, 2]], [62, 0], [68, 3], [74, 2], [101, 3]]",[3.0179331259386397e-05]
layer_0,110,"[[31, [49, 8, 1, 1, 2]], [33, [1, 1, 4, 1, 1]], [35, [10, 1, 1]], [62, 1], [68, 0], [74, 2], [101, 1]]",[1.483196184075635e-05]
layer_0,111,"[[31, [56, 2, 7, 1, 1]], [33, [4, 1, 1, 1, 1]], [35, [1, 10, 1]], [62, 2], [68, 1], [74, 3], [101, 4]]",[2.4421999817284857e-05]
layer_0,112,"[[31, [2, 98, 4, 1, 1]], [33, [2, 2, 1, 1, 1]], [35, [5, 2, 1]], [62, 1], [68, 1], [74, 2], [101, 0]]",[2.1898081934846992e-05]
layer_0,113,"[[31, [7, 7, 8, 2, 1]], [33, [2, 1, 1, 1, 2]], [35, [10, 1, 1]], [62, 3], [68, 2], [74, 3], [101, 4]]",[10000000000]
layer_0,114,"[[31, [56, 2, 7, 1, 1]], [33, [1, 4, 1, 1, 1]], [35, [1, 10, 1]], [62, 2], [68, 1], [74, 3], [101, 0]]",[2.51294360433107e-05]
layer_0,115,"[[31, [8, 7, 7, 2, 1]], [33, [2, 1, 1, 1, 2]], [35, [10, 1, 1]], [62, 0], [68, 3], [74, 1], [101, 1]]",[3.070408970865647e-05]
layer_0,116,"[[31, [16, 7, 1, 7, 1]], [33, [4, 1, 1, 1, 1]], [35, [2, 5, 1]], [62, 1], [68, 3], [74, 0], [101, 0]]",[0.00014781780974695407]
layer_0,117,"[[31, [28, 7, 1, 4, 1]], [33, [1, 2, 1, 2, 1]], [35, [2, 5, 1]], [62, 1], [68, 3], [74, 0], [101, 4]]",[10000000000]
layer_0,118,"[[31, [49, 4, 2, 1, 2]], [33, [1, 1, 1, 4, 1]], [35, [10, 1, 1]], [62, 2], [68, 0], [74, 2], [101, 0]]",[8.598933032155195e-06]
layer_0,119,"[[31, [112, 7, 1, 1, 1]], [33, [1, 4, 1, 1, 1]], [35, [2, 5, 1]], [62, 0], [68, 0], [74, 3], [101, 2]]",[4.791414396384765e-05]
layer_0,120,"[[31, [28, 7, 1, 1, 4]], [33, [1, 1, 2, 1, 2]], [35, [1, 5, 2]], [62, 0], [68, 0], [74, 0], [101, 3]]",[3.163534247181075e-05]
layer_0,121,"[[31, [98, 1, 1, 2, 4]], [33, [1, 1, 2, 2, 1]], [35, [5, 2, 1]], [62, 1], [68, 0], [74, 1], [101, 4]]",[4.112630556332121e-05]
layer_0,122,"[[31, [4, 14, 1, 7, 2]], [33, [1, 1, 1, 4, 1]], [35, [10, 1, 1]], [62, 0], [68, 3], [74, 0], [101, 0]]",[5.661928854050019e-05]
layer_0,123,"[[31, [8, 7, 7, 2, 1]], [33, [1, 2, 1, 1, 2]], [35, [10, 1, 1]], [62, 3], [68, 3], [74, 1], [101, 2]]",[10000000000]
layer_0,124,"[[31, [28, 7, 2, 1, 2]], [33, [1, 1, 2, 2, 1]], [35, [5, 2, 1]], [62, 0], [68, 0], [74, 1], [101, 0]]",[1.8029223753829016e-05]
layer_0,125,"[[31, [7, 16, 7, 1, 1]], [33, [1, 2, 1, 1, 2]], [35, [1, 5, 2]], [62, 1], [68, 0], [74, 0], [101, 1]]",[2.0129309882747067e-05]
layer_0,126,"[[31, [1, 28, 7, 1, 4]], [33, [1, 1, 2, 1, 2]], [35, [10, 1, 1]], [62, 3], [68, 1], [74, 0], [101, 1]]",[10000000000]
layer_0,127,"[[31, [49, 4, 2, 1, 2]], [33, [1, 1, 1, 4, 1]], [35, [10, 1, 1]], [62, 2], [68, 0], [74, 3], [101, 0]]",[1.0092210596261186e-05]
layer_0,128,"[[31, [49, 4, 2, 1, 2]], [33, [1, 1, 1, 4, 1]], [35, [10, 1, 1]], [62, 3], [68, 0], [74, 2], [101, 0]]",[10000000000]
layer_0,129,"[[31, [49, 4, 2, 1, 2]], [33, [1, 1, 1, 4, 1]], [35, [10, 1, 1]], [62, 1], [68, 0], [74, 2], [101, 0]]",[1.1632699878493318e-05]
layer_0,130,"[[31, [49, 4, 2, 1, 2]], [33, [1, 1, 1, 4, 1]], [35, [10, 1, 1]], [62, 0], [68, 0], [74, 2], [101, 0]]",[1.8407761626287942e-05]
layer_0,131,"[[31, [14, 7, 4, 1, 2]], [33, [2, 1, 1, 1, 2]], [35, [10, 1, 1]], [62, 1], [68, 0], [74, 1], [101, 4]]",[2.9807069277108434e-05]
layer_0,132,"[[31, [49, 4, 2, 1, 2]], [33, [1, 1, 1, 4, 1]], [35, [10, 1, 1]], [62, 2], [68, 2], [74, 3], [101, 0]]",[2.9202065619621342e-05]
layer_0,133,"[[31, [49, 4, 2, 1, 2]], [33, [1, 1, 1, 2, 2]], [35, [10, 1, 1]], [62, 2], [68, 3], [74, 2], [101, 0]]",[2.61824995697074e-05]
layer_0,134,"[[31, [49, 4, 2, 1, 2]], [33, [1, 1, 1, 4, 1]], [35, [10, 1, 1]], [62, 2], [68, 3], [74, 2], [101, 0]]",[2.6181699489996076e-05]
layer_0,135,"[[31, [49, 4, 2, 1, 2]], [33, [1, 1, 1, 4, 1]], [35, [10, 1, 1]], [62, 2], [68, 3], [74, 3], [101, 0]]",[2.6846100266362253e-05]
layer_0,136,"[[31, [49, 2, 4, 1, 2]], [33, [1, 1, 1, 4, 1]], [35, [10, 1, 1]], [62, 2], [68, 0], [74, 3], [101, 0]]",[9.379759378084895e-06]
layer_0,137,"[[31, [49, 4, 1, 1, 4]], [33, [1, 1, 2, 2, 1]], [35, [10, 1, 1]], [62, 2], [68, 0], [74, 2], [101, 0]]",[8.537428614823815e-06]
layer_0,138,"[[31, [14, 7, 4, 1, 2]], [33, [2, 1, 1, 1, 2]], [35, [10, 1, 1]], [62, 1], [68, 0], [74, 0], [101, 4]]",[2.9852832616179004e-05]
layer_0,139,"[[31, [49, 8, 2, 1, 1]], [33, [1, 1, 4, 1, 1]], [35, [5, 2, 1]], [62, 1], [68, 0], [74, 2], [101, 4]]",[1.1567539793096385e-05]
layer_0,140,"[[31, [14, 7, 4, 1, 2]], [33, [2, 1, 1, 1, 2]], [35, [10, 1, 1]], [62, 2], [68, 0], [74, 1], [101, 4]]",[2.9047900814366254e-05]
layer_0,141,"[[31, [1, 49, 4, 1, 4]], [33, [2, 1, 1, 2, 1]], [35, [10, 1, 1]], [62, 1], [68, 3], [74, 1], [101, 4]]",[1.1657420668750592e-05]
layer_0,142,"[[31, [1, 49, 4, 4, 1]], [33, [2, 1, 1, 2, 1]], [35, [10, 1, 1]], [62, 1], [68, 3], [74, 1], [101, 4]]",[1.1660223656730585e-05]
layer_0,143,"[[31, [28, 7, 2, 1, 2]], [33, [1, 1, 2, 2, 1]], [35, [5, 2, 1]], [62, 1], [68, 3], [74, 0], [101, 0]]",[1.9502951237263465e-05]
layer_0,144,"[[31, [14, 7, 4, 1, 2]], [33, [2, 1, 1, 1, 2]], [35, [10, 1, 1]], [62, 1], [68, 0], [74, 1], [101, 3]]",[2.98451004455245e-05]
layer_0,145,"[[31, [49, 2, 4, 1, 2]], [33, [1, 1, 1, 4, 1]], [35, [10, 1, 1]], [62, 2], [68, 0], [74, 2], [101, 0]]",[8.455542982989064e-06]
layer_0,146,"[[31, [1, 49, 4, 2, 2]], [33, [2, 1, 1, 2, 1]], [35, [10, 1, 1]], [62, 1], [68, 2], [74, 1], [101, 4]]",[1.3730627975851465e-05]
layer_0,147,"[[31, [1, 49, 4, 4, 1]], [33, [2, 1, 1, 2, 1]], [35, [10, 1, 1]], [62, 1], [68, 1], [74, 1], [101, 4]]",[1.9086316563834835e-05]
layer_0,148,"[[31, [49, 8, 1, 1, 2]], [33, [1, 1, 4, 1, 1]], [35, [5, 2, 1]], [62, 2], [68, 0], [74, 2], [101, 0]]",[8.10480857952246e-06]
layer_0,149,"[[31, [2, 14, 14, 1, 2]], [33, [1, 2, 1, 1, 2]], [35, [10, 1, 1]], [62, 1], [68, 0], [74, 2], [101, 4]]",[1.7675014750830565e-05]
layer_0,150,"[[31, [49, 4, 4, 1, 1]], [33, [1, 2, 1, 1, 2]], [35, [10, 1, 1]], [62, 1], [68, 0], [74, 2], [101, 0]]",[1.0712637864352419e-05]
layer_0,151,"[[31, [14, 14, 4, 1, 1]], [33, [2, 1, 1, 1, 2]], [35, [10, 1, 1]], [62, 2], [68, 0], [74, 1], [101, 2]]",[1.887215691411936e-05]
layer_0,152,"[[31, [49, 4, 2, 1, 2]], [33, [1, 1, 4, 1, 1]], [35, [5, 1, 2]], [62, 1], [68, 0], [74, 0], [101, 3]]",[1.4773758059004445e-05]
layer_0,153,"[[31, [1, 49, 4, 4, 1]], [33, [2, 1, 1, 2, 1]], [35, [10, 1, 1]], [62, 1], [68, 0], [74, 1], [101, 4]]",[4.058582929546088e-05]
layer_0,154,"[[31, [28, 7, 2, 1, 2]], [33, [2, 1, 1, 2, 1]], [35, [10, 1, 1]], [62, 2], [68, 0], [74, 2], [101, 0]]",[9.048787999277065e-06]
layer_0,155,"[[31, [28, 7, 2, 1, 2]], [33, [2, 1, 1, 2, 1]], [35, [10, 1, 1]], [62, 2], [68, 0], [74, 1], [101, 0]]",[9.58996088207095e-06]
layer_0,156,"[[31, [49, 8, 1, 1, 2]], [33, [1, 1, 2, 1, 2]], [35, [10, 1, 1]], [62, 1], [68, 0], [74, 2], [101, 4]]",[1.862652037845706e-05]
layer_0,157,"[[31, [14, 7, 4, 1, 2]], [33, [2, 1, 1, 1, 2]], [35, [10, 1, 1]], [62, 2], [68, 0], [74, 1], [101, 2]]",[3.157319480519481e-05]
layer_0,158,"[[31, [14, 7, 4, 1, 2]], [33, [2, 1, 2, 1, 1]], [35, [10, 1, 1]], [62, 1], [68, 3], [74, 1], [101, 4]]",[9.807277738578233e-06]
layer_0,159,"[[31, [14, 7, 4, 1, 2]], [33, [2, 1, 1, 1, 2]], [35, [10, 1, 1]], [62, 1], [68, 3], [74, 0], [101, 4]]",[1.1275947408391874e-05]
layer_0,160,"[[31, [49, 8, 2, 1, 1]], [33, [1, 1, 4, 1, 1]], [35, [5, 2, 1]], [62, 1], [68, 0], [74, 2], [101, 1]]",[1.2133074154231687e-05]
layer_0,161,"[[31, [2, 98, 4, 1, 1]], [33, [2, 1, 1, 1, 2]], [35, [5, 1, 2]], [62, 2], [68, 1], [74, 0], [101, 4]]",[1.712316704631739e-05]
layer_0,162,"[[31, [49, 8, 1, 1, 2]], [33, [1, 1, 4, 1, 1]], [35, [5, 2, 1]], [62, 2], [68, 0], [74, 3], [101, 3]]",[1.0917051761129985e-05]
layer_0,163,"[[31, [49, 4, 2, 1, 2]], [33, [1, 1, 4, 1, 1]], [35, [5, 1, 2]], [62, 2], [68, 3], [74, 0], [101, 3]]",[1.0726915123593515e-05]
layer_0,164,"[[31, [14, 14, 4, 1, 1]], [33, [1, 1, 2, 2, 1]], [35, [5, 1, 2]], [62, 1], [68, 0], [74, 3], [101, 0]]",[1.0278200968118844e-05]
layer_0,165,"[[31, [14, 7, 4, 1, 2]], [33, [2, 1, 1, 1, 2]], [35, [10, 1, 1]], [62, 2], [68, 3], [74, 1], [101, 4]]",[9.286338845014807e-06]
layer_0,166,"[[31, [49, 8, 2, 1, 1]], [33, [1, 1, 4, 1, 1]], [35, [5, 2, 1]], [62, 1], [68, 0], [74, 2], [101, 3]]",[1.1596357319157016e-05]
layer_0,167,"[[31, [14, 7, 4, 1, 2]], [33, [2, 1, 2, 1, 1]], [35, [10, 1, 1]], [62, 1], [68, 2], [74, 1], [101, 4]]",[1.6918248770764117e-05]
layer_0,168,"[[31, [14, 7, 4, 1, 2]], [33, [2, 1, 2, 1, 1]], [35, [10, 1, 1]], [62, 1], [68, 1], [74, 1], [101, 4]]",[1.7527972918248546e-05]
layer_0,169,"[[31, [49, 4, 2, 1, 2]], [33, [1, 1, 4, 1, 1]], [35, [5, 2, 1]], [62, 1], [68, 0], [74, 3], [101, 3]]",[1.4079271101492197e-05]
layer_0,170,"[[31, [49, 8, 1, 1, 2]], [33, [1, 1, 4, 1, 1]], [35, [5, 2, 1]], [62, 2], [68, 0], [74, 2], [101, 1]]",[1.1621939054490222e-05]
layer_0,171,"[[31, [2, 14, 14, 1, 2]], [33, [1, 2, 1, 1, 2]], [35, [10, 1, 1]], [62, 1], [68, 0], [74, 0], [101, 4]]",[1.726985573272589e-05]
layer_0,172,"[[31, [98, 2, 2, 2, 1]], [33, [1, 2, 2, 1, 1]], [35, [10, 1, 1]], [62, 2], [68, 0], [74, 1], [101, 4]]",[1.8116976079734217e-05]
layer_0,173,"[[31, [1, 49, 4, 2, 2]], [33, [2, 1, 1, 2, 1]], [35, [10, 1, 1]], [62, 2], [68, 3], [74, 1], [101, 4]]",[1.0775232675147142e-05]
layer_0,174,"[[31, [14, 14, 4, 1, 1]], [33, [2, 1, 2, 1, 1]], [35, [5, 1, 2]], [62, 1], [68, 3], [74, 1], [101, 4]]",[1.4774175197526625e-05]
layer_0,175,"[[31, [49, 4, 1, 2, 2]], [33, [1, 1, 4, 1, 1]], [35, [5, 2, 1]], [62, 2], [68, 0], [74, 3], [101, 3]]",[1.513592265633899e-05]
layer_0,176,"[[31, [98, 4, 2, 1, 1]], [33, [1, 1, 2, 2, 1]], [35, [10, 1, 1]], [62, 1], [68, 0], [74, 2], [101, 0]]",[1.1130234194038352e-05]
layer_0,177,"[[31, [98, 2, 2, 2, 1]], [33, [1, 2, 2, 1, 1]], [35, [10, 1, 1]], [62, 2], [68, 0], [74, 1], [101, 2]]",[1.831907699805068e-05]
layer_0,178,"[[31, [1, 49, 4, 2, 2]], [33, [2, 1, 1, 2, 1]], [35, [10, 1, 1]], [62, 2], [68, 2], [74, 1], [101, 4]]",[1.1962478164087344e-05]
layer_0,179,"[[31, [49, 2, 4, 1, 2]], [33, [1, 1, 4, 1, 1]], [35, [10, 1, 1]], [62, 1], [68, 0], [74, 3], [101, 3]]",[1.672072759538598e-05]
layer_0,180,"[[31, [49, 2, 4, 1, 2]], [33, [1, 2, 2, 1, 1]], [35, [10, 1, 1]], [62, 1], [68, 0], [74, 3], [101, 3]]",[2.0133629330802086e-05]
layer_0,181,"[[31, [49, 4, 1, 2, 2]], [33, [1, 1, 4, 1, 1]], [35, [5, 2, 1]], [62, 2], [68, 0], [74, 1], [101, 3]]",[1.4885793459966337e-05]
layer_0,182,"[[31, [4, 196, 1, 1, 1]], [33, [1, 1, 4, 1, 1]], [35, [10, 1, 1]], [62, 2], [68, 0], [74, 3], [101, 3]]",[1.650673645937813e-05]
layer_0,183,"[[31, [49, 8, 1, 1, 2]], [33, [2, 1, 2, 1, 1]], [35, [10, 1, 1]], [62, 1], [68, 0], [74, 3], [101, 1]]",[1.9232568558951965e-05]
layer_0,184,"[[31, [98, 4, 2, 1, 1]], [33, [1, 1, 1, 2, 2]], [35, [10, 1, 1]], [62, 2], [68, 0], [74, 2], [101, 0]]",[1.074314011785614e-05]
layer_0,185,"[[31, [98, 4, 2, 1, 1]], [33, [1, 1, 1, 2, 2]], [35, [10, 1, 1]], [62, 1], [68, 0], [74, 2], [101, 0]]",[1.3448036148238154e-05]
layer_0,186,"[[31, [14, 14, 4, 1, 1]], [33, [1, 1, 1, 4, 1]], [35, [5, 2, 1]], [62, 1], [68, 2], [74, 0], [101, 2]]",[2.012524078468597e-05]
layer_0,187,"[[31, [28, 7, 2, 1, 2]], [33, [1, 1, 2, 2, 1]], [35, [5, 2, 1]], [62, 1], [68, 0], [74, 1], [101, 0]]",[1.1052219862031283e-05]
layer_0,188,"[[31, [392, 1, 1, 1, 2]], [33, [1, 1, 2, 1, 2]], [35, [1, 5, 2]], [62, 1], [68, 2], [74, 1], [101, 2]]",[3.4943815776815776e-05]
layer_0,189,"[[31, [2, 28, 1, 14, 1]], [33, [1, 1, 1, 2, 2]], [35, [5, 1, 2]], [62, 0], [68, 2], [74, 0], [101, 2]]",[0.00015310034469328139]
layer_0,190,"[[31, [4, 49, 2, 1, 2]], [33, [4, 1, 1, 1, 1]], [35, [10, 1, 1]], [62, 0], [68, 1], [74, 2], [101, 1]]",[3.612348443175921e-05]
layer_0,191,"[[31, [49, 8, 1, 1, 2]], [33, [1, 1, 4, 1, 1]], [35, [5, 2, 1]], [62, 2], [68, 0], [74, 3], [101, 0]]",[9.395633874543168e-06]
layer_0,192,"[[31, [49, 8, 1, 1, 2]], [33, [1, 1, 4, 1, 1]], [35, [5, 1, 2]], [62, 2], [68, 0], [74, 2], [101, 0]]",[8.218838714978228e-06]
layer_0,193,"[[31, [49, 8, 1, 1, 2]], [33, [1, 1, 4, 1, 1]], [35, [5, 2, 1]], [62, 2], [68, 0], [74, 1], [101, 0]]",[8.22971567436209e-06]
layer_0,194,"[[31, [49, 8, 1, 1, 2]], [33, [1, 1, 4, 1, 1]], [35, [5, 1, 2]], [62, 2], [68, 0], [74, 1], [101, 0]]",[8.227969406254721e-06]
layer_0,195,"[[31, [49, 4, 1, 1, 4]], [33, [1, 1, 2, 2, 1]], [35, [10, 1, 1]], [62, 2], [68, 0], [74, 1], [101, 0]]",[8.29426017618469e-06]
layer_0,196,"[[31, [49, 4, 1, 2, 2]], [33, [1, 1, 2, 2, 1]], [35, [10, 1, 1]], [62, 2], [68, 0], [74, 2], [101, 0]]",[8.528868460019743e-06]
layer_0,197,"[[31, [98, 4, 2, 1, 1]], [33, [1, 1, 1, 4, 1]], [35, [5, 1, 2]], [62, 2], [68, 0], [74, 2], [101, 0]]",[8.802560426018836e-06]
layer_0,198,"[[31, [98, 4, 2, 1, 1]], [33, [1, 1, 1, 4, 1]], [35, [5, 1, 2]], [62, 3], [68, 0], [74, 2], [101, 0]]",[10000000000]
layer_0,199,"[[31, [98, 4, 2, 1, 1]], [33, [1, 1, 1, 4, 1]], [35, [5, 2, 1]], [62, 3], [68, 0], [74, 2], [101, 0]]",[10000000000]
layer_0,200,"[[31, [49, 8, 1, 1, 2]], [33, [1, 1, 4, 1, 1]], [35, [5, 2, 1]], [62, 2], [68, 3], [74, 3], [101, 0]]",[1.2855579020979021e-05]
layer_0,201,"[[31, [49, 8, 1, 1, 2]], [33, [1, 1, 4, 1, 1]], [35, [5, 2, 1]], [62, 2], [68, 3], [74, 2], [101, 0]]",[1.2205569562575942e-05]
layer_0,202,"[[31, [49, 8, 1, 1, 2]], [33, [1, 1, 4, 1, 1]], [35, [5, 2, 1]], [62, 2], [68, 3], [74, 1], [101, 0]]",[1.1870768529769136e-05]
layer_0,203,"[[31, [49, 8, 1, 1, 2]], [33, [1, 1, 4, 1, 1]], [35, [10, 1, 1]], [62, 2], [68, 0], [74, 3], [101, 0]]",[9.61636404713387e-06]
layer_0,204,"[[31, [49, 4, 1, 2, 2]], [33, [1, 1, 4, 1, 1]], [35, [5, 2, 1]], [62, 2], [68, 0], [74, 1], [101, 0]]",[9.097253948967194e-06]
layer_0,205,"[[31, [49, 4, 1, 2, 2]], [33, [1, 1, 4, 1, 1]], [35, [5, 2, 1]], [62, 2], [68, 0], [74, 2], [101, 0]]",[8.052785802660068e-06]
layer_0,206,"[[31, [49, 4, 1, 1, 4]], [33, [1, 1, 4, 1, 1]], [35, [5, 2, 1]], [62, 2], [68, 0], [74, 2], [101, 0]]",[8.074217935265155e-06]
layer_0,207,"[[31, [49, 8, 1, 1, 2]], [33, [1, 1, 4, 1, 1]], [35, [10, 1, 1]], [62, 2], [68, 0], [74, 2], [101, 0]]",[8.092830825242718e-06]
layer_0,208,"[[31, [49, 8, 1, 2, 1]], [33, [1, 1, 4, 1, 1]], [35, [10, 1, 1]], [62, 2], [68, 0], [74, 2], [101, 0]]",[8.09240844728538e-06]
layer_0,209,"[[31, [49, 8, 1, 1, 2]], [33, [1, 1, 4, 1, 1]], [35, [10, 1, 1]], [62, 2], [68, 0], [74, 1], [101, 0]]",[7.610423042236585e-06]
layer_0,210,"[[31, [49, 4, 1, 2, 2]], [33, [1, 1, 4, 1, 1]], [35, [5, 2, 1]], [62, 2], [68, 0], [74, 3], [101, 0]]",[9.85961771406873e-06]
layer_0,211,"[[31, [49, 2, 4, 1, 2]], [33, [1, 1, 1, 1, 4]], [35, [10, 1, 1]], [62, 2], [68, 0], [74, 3], [101, 0]]",[9.414807166637463e-06]
layer_0,212,"[[31, [49, 8, 1, 1, 2]], [33, [1, 1, 4, 1, 1]], [35, [5, 2, 1]], [62, 1], [68, 0], [74, 3], [101, 0]]",[1.135557081830264e-05]
layer_0,213,"[[31, [49, 8, 1, 2, 1]], [33, [1, 1, 4, 1, 1]], [35, [5, 2, 1]], [62, 1], [68, 0], [74, 2], [101, 0]]",[1.030302354912683e-05]
layer_0,214,"[[31, [49, 8, 1, 1, 2]], [33, [1, 1, 4, 1, 1]], [35, [5, 2, 1]], [62, 1], [68, 0], [74, 2], [101, 0]]",[1.030639358268464e-05]
layer_0,215,"[[31, [49, 8, 1, 1, 2]], [33, [1, 1, 4, 1, 1]], [35, [5, 1, 2]], [62, 1], [68, 0], [74, 2], [101, 0]]",[1.0531141351813177e-05]
layer_0,216,"[[31, [56, 7, 1, 1, 2]], [33, [1, 1, 2, 1, 2]], [35, [5, 1, 2]], [62, 2], [68, 0], [74, 1], [101, 0]]",[8.461209361632115e-06]
layer_0,217,"[[31, [56, 7, 1, 1, 2]], [33, [1, 1, 2, 1, 2]], [35, [5, 1, 2]], [62, 2], [68, 0], [74, 2], [101, 0]]",[8.855473921898521e-06]
layer_0,218,"[[31, [49, 8, 2, 1, 1]], [33, [1, 1, 4, 1, 1]], [35, [5, 2, 1]], [62, 2], [68, 0], [74, 1], [101, 0]]",[8.045569638517618e-06]
layer_0,219,"[[31, [49, 8, 1, 1, 2]], [33, [1, 1, 4, 1, 1]], [35, [5, 2, 1]], [62, 1], [68, 0], [74, 1], [101, 0]]",[1.0486244174714274e-05]
layer_0,220,"[[31, [49, 2, 4, 1, 2]], [33, [1, 1, 1, 4, 1]], [35, [10, 1, 1]], [62, 1], [68, 0], [74, 3], [101, 0]]",[1.1252179526123937e-05]
layer_0,221,"[[31, [49, 4, 1, 2, 2]], [33, [1, 1, 2, 2, 1]], [35, [10, 1, 1]], [62, 2], [68, 0], [74, 0], [101, 0]]",[7.827840573656363e-06]
layer_0,222,"[[31, [49, 4, 1, 1, 4]], [33, [1, 1, 2, 2, 1]], [35, [10, 1, 1]], [62, 2], [68, 0], [74, 0], [101, 0]]",[7.829422305764412e-06]
layer_0,223,"[[31, [49, 8, 2, 1, 1]], [33, [1, 1, 4, 1, 1]], [35, [5, 2, 1]], [62, 1], [68, 0], [74, 2], [101, 0]]",[1.100395661666983e-05]
layer_0,224,"[[31, [49, 8, 1, 1, 2]], [33, [1, 1, 4, 1, 1]], [35, [10, 1, 1]], [62, 2], [68, 0], [74, 0], [101, 0]]",[8.46490134461399e-06]
layer_0,225,"[[31, [49, 4, 1, 4, 1]], [33, [1, 1, 4, 1, 1]], [35, [10, 1, 1]], [62, 2], [68, 0], [74, 2], [101, 0]]",[9.205723017439948e-06]
layer_0,226,"[[31, [14, 7, 4, 1, 2]], [33, [2, 1, 1, 1, 2]], [35, [10, 1, 1]], [62, 2], [68, 3], [74, 3], [101, 4]]",[9.698429664363277e-06]
layer_0,227,"[[31, [98, 8, 1, 1, 1]], [33, [1, 1, 4, 1, 1]], [35, [5, 1, 2]], [62, 2], [68, 0], [74, 2], [101, 0]]",[1.0612016233149801e-05]
layer_0,228,"[[31, [49, 4, 2, 1, 2]], [33, [1, 2, 1, 2, 1]], [35, [10, 1, 1]], [62, 2], [68, 0], [74, 2], [101, 0]]",[9.040429588996235e-06]
layer_0,229,"[[31, [49, 8, 2, 1, 1]], [33, [1, 1, 4, 1, 1]], [35, [5, 2, 1]], [62, 2], [68, 0], [74, 3], [101, 0]]",[8.904149802566634e-06]
layer_0,230,"[[31, [49, 4, 2, 1, 2]], [33, [1, 1, 4, 1, 1]], [35, [5, 1, 2]], [62, 2], [68, 3], [74, 1], [101, 0]]",[1.1912870039870895e-05]
layer_0,231,"[[31, [56, 7, 1, 1, 2]], [33, [1, 1, 2, 1, 2]], [35, [5, 1, 2]], [62, 1], [68, 0], [74, 2], [101, 0]]",[1.0665205143782909e-05]
layer_0,232,"[[31, [28, 7, 2, 1, 2]], [33, [2, 1, 1, 2, 1]], [35, [10, 1, 1]], [62, 1], [68, 0], [74, 2], [101, 0]]",[1.1360236431753747e-05]
layer_0,233,"[[31, [49, 4, 1, 1, 4]], [33, [1, 1, 2, 2, 1]], [35, [5, 2, 1]], [62, 2], [68, 0], [74, 2], [101, 0]]",[1.9883005853504194e-05]
layer_0,234,"[[31, [14, 14, 4, 1, 1]], [33, [1, 1, 2, 2, 1]], [35, [5, 1, 2]], [62, 2], [68, 3], [74, 3], [101, 0]]",[1.1986066929931148e-05]
layer_0,235,"[[31, [14, 14, 4, 1, 1]], [33, [1, 1, 2, 2, 1]], [35, [5, 1, 2]], [62, 1], [68, 3], [74, 3], [101, 0]]",[1.4548974633325318e-05]
layer_0,236,"[[31, [49, 2, 4, 1, 2]], [33, [1, 1, 4, 1, 1]], [35, [5, 1, 2]], [62, 2], [68, 3], [74, 1], [101, 0]]",[1.3159902494589361e-05]
layer_0,237,"[[31, [49, 4, 4, 1, 1]], [33, [1, 1, 1, 4, 1]], [35, [10, 1, 1]], [62, 2], [68, 0], [74, 1], [101, 0]]",[9.245041531302132e-06]
layer_0,238,"[[31, [98, 4, 2, 1, 1]], [33, [1, 1, 1, 2, 2]], [35, [5, 2, 1]], [62, 3], [68, 0], [74, 2], [101, 0]]",[10000000000]
layer_0,239,"[[31, [49, 4, 4, 1, 1]], [33, [1, 1, 2, 1, 2]], [35, [10, 1, 1]], [62, 1], [68, 0], [74, 2], [101, 0]]",[1.0426539292991936e-05]
layer_0,240,"[[31, [14, 7, 4, 1, 2]], [33, [2, 1, 1, 1, 2]], [35, [10, 1, 1]], [62, 2], [68, 3], [74, 0], [101, 4]]",[9.307461164674123e-06]
layer_0,241,"[[31, [49, 4, 2, 1, 2]], [33, [1, 1, 1, 4, 1]], [35, [10, 1, 1]], [62, 2], [68, 0], [74, 1], [101, 0]]",[8.337418894289185e-06]
layer_0,242,"[[31, [14, 7, 4, 1, 2]], [33, [2, 1, 2, 1, 1]], [35, [10, 1, 1]], [62, 1], [68, 3], [74, 3], [101, 4]]",[1.082463320634358e-05]
layer_0,243,"[[31, [49, 4, 2, 1, 2]], [33, [1, 1, 1, 4, 1]], [35, [10, 1, 1]], [62, 3], [68, 0], [74, 1], [101, 0]]",[10000000000]
layer_0,244,"[[31, [49, 4, 4, 1, 1]], [33, [1, 1, 2, 1, 2]], [35, [5, 1, 2]], [62, 2], [68, 0], [74, 2], [101, 0]]",[8.624667483459937e-06]
layer_0,245,"[[31, [14, 7, 4, 1, 2]], [33, [2, 1, 2, 1, 1]], [35, [10, 1, 1]], [62, 3], [68, 3], [74, 1], [101, 4]]",[10000000000]
layer_0,246,"[[31, [49, 4, 2, 1, 2]], [33, [1, 1, 4, 1, 1]], [35, [10, 1, 1]], [62, 2], [68, 0], [74, 1], [101, 0]]",[7.3127398290848e-06]
layer_0,247,"[[31, [49, 4, 2, 1, 2]], [33, [1, 1, 1, 2, 2]], [35, [10, 1, 1]], [62, 3], [68, 0], [74, 2], [101, 0]]",[10000000000]
layer_0,248,"[[31, [49, 8, 1, 1, 2]], [33, [1, 1, 4, 1, 1]], [35, [5, 2, 1]], [62, 2], [68, 2], [74, 3], [101, 0]]",[1.2595543264621284e-05]
layer_0,249,"[[31, [49, 4, 2, 1, 2]], [33, [1, 1, 2, 2, 1]], [35, [10, 1, 1]], [62, 2], [68, 0], [74, 2], [101, 0]]",[9.165283806054297e-06]
layer_0,250,"[[31, [49, 8, 1, 1, 2]], [33, [1, 1, 4, 1, 1]], [35, [5, 2, 1]], [62, 2], [68, 2], [74, 2], [101, 0]]",[1.198240369047619e-05]
layer_0,251,"[[31, [49, 8, 1, 1, 2]], [33, [1, 1, 4, 1, 1]], [35, [5, 2, 1]], [62, 2], [68, 1], [74, 2], [101, 0]]",[1.2528048866613509e-05]
layer_0,252,"[[31, [2, 196, 1, 1, 2]], [33, [2, 1, 1, 1, 2]], [35, [5, 2, 1]], [62, 1], [68, 1], [74, 3], [101, 1]]",[2.347401156175445e-05]
layer_0,253,"[[31, [7, 4, 14, 1, 2]], [33, [1, 1, 1, 4, 1]], [35, [10, 1, 1]], [62, 1], [68, 2], [74, 1], [101, 0]]",[3.962780922551253e-05]
layer_0,254,"[[31, [1, 112, 7, 1, 1]], [33, [1, 2, 2, 1, 1]], [35, [10, 1, 1]], [62, 3], [68, 0], [74, 1], [101, 3]]",[10000000000]
layer_0,255,"[[31, [49, 4, 2, 1, 2]], [33, [1, 1, 4, 1, 1]], [35, [10, 1, 1]], [62, 3], [68, 0], [74, 1], [101, 0]]",[10000000000]
layer_0,256,"[[31, [49, 4, 1, 1, 4]], [33, [1, 1, 2, 1, 2]], [35, [10, 1, 1]], [62, 2], [68, 0], [74, 0], [101, 0]]",[8.28179812438302e-06]
layer_0,257,"[[31, [49, 8, 1, 2, 1]], [33, [1, 1, 4, 1, 1]], [35, [5, 2, 1]], [62, 2], [68, 0], [74, 0], [101, 0]]",[7.332487089459439e-06]
layer_0,258,"[[31, [49, 8, 1, 1, 2]], [33, [1, 1, 4, 1, 1]], [35, [5, 2, 1]], [62, 2], [68, 0], [74, 0], [101, 0]]",[7.332607142857144e-06]
layer_0,259,"[[31, [56, 7, 1, 1, 2]], [33, [1, 1, 2, 1, 2]], [35, [5, 2, 1]], [62, 2], [68, 0], [74, 0], [101, 0]]",[7.890543425100575e-06]
layer_0,260,"[[31, [56, 7, 1, 1, 2]], [33, [1, 1, 2, 1, 2]], [35, [5, 1, 2]], [62, 2], [68, 0], [74, 0], [101, 0]]",[8.185623025516403e-06]
layer_0,261,"[[31, [56, 7, 1, 1, 2]], [33, [1, 1, 2, 2, 1]], [35, [5, 2, 1]], [62, 2], [68, 0], [74, 0], [101, 0]]",[7.88507753164557e-06]
layer_0,262,"[[31, [56, 7, 1, 2, 1]], [33, [1, 1, 2, 2, 1]], [35, [5, 2, 1]], [62, 2], [68, 0], [74, 0], [101, 0]]",[7.89081887910085e-06]
layer_0,263,"[[31, [49, 4, 4, 1, 1]], [33, [1, 1, 2, 1, 2]], [35, [10, 1, 1]], [62, 2], [68, 0], [74, 0], [101, 0]]",[7.434583477120574e-06]
layer_0,264,"[[31, [49, 4, 1, 2, 2]], [33, [1, 1, 4, 1, 1]], [35, [5, 1, 2]], [62, 2], [68, 0], [74, 2], [101, 0]]",[8.064254784688996e-06]
layer_0,265,"[[31, [49, 4, 1, 4, 1]], [33, [1, 1, 4, 1, 1]], [35, [5, 2, 1]], [62, 2], [68, 0], [74, 2], [101, 0]]",[8.063927909039594e-06]
layer_0,266,"[[31, [49, 8, 2, 1, 1]], [33, [1, 1, 4, 1, 1]], [35, [5, 1, 2]], [62, 2], [68, 0], [74, 0], [101, 0]]",[7.60075974470025e-06]
layer_0,267,"[[31, [49, 8, 2, 1, 1]], [33, [1, 1, 4, 1, 1]], [35, [5, 2, 1]], [62, 2], [68, 0], [74, 0], [101, 0]]",[7.4397607706101425e-06]
layer_0,268,"[[31, [49, 8, 2, 1, 1]], [33, [1, 1, 4, 1, 1]], [35, [10, 1, 1]], [62, 2], [68, 0], [74, 0], [101, 0]]",[7.999688942891859e-06]
layer_0,269,"[[31, [49, 4, 2, 1, 2]], [33, [1, 1, 4, 1, 1]], [35, [10, 1, 1]], [62, 3], [68, 0], [74, 0], [101, 0]]",[10000000000]
layer_0,270,"[[31, [49, 4, 1, 2, 2]], [33, [1, 1, 4, 1, 1]], [35, [5, 2, 1]], [62, 2], [68, 0], [74, 0], [101, 0]]",[8.37655440696409e-06]
layer_0,271,"[[31, [49, 8, 1, 1, 2]], [33, [1, 1, 2, 2, 1]], [35, [10, 1, 1]], [62, 2], [68, 0], [74, 0], [101, 0]]",[8.987528705953828e-06]
layer_0,272,"[[31, [49, 8, 1, 1, 2]], [33, [1, 1, 2, 1, 2]], [35, [10, 1, 1]], [62, 2], [68, 0], [74, 0], [101, 0]]",[9.00455870291616e-06]
layer_0,273,"[[31, [49, 8, 1, 2, 1]], [33, [1, 1, 4, 1, 1]], [35, [5, 2, 1]], [62, 2], [68, 0], [74, 1], [101, 0]]",[8.241514579759863e-06]
layer_0,274,"[[31, [49, 4, 4, 1, 1]], [33, [1, 1, 2, 1, 2]], [35, [5, 1, 2]], [62, 2], [68, 0], [74, 3], [101, 0]]",[7.727846540006179e-06]
layer_0,275,"[[31, [49, 4, 2, 1, 2]], [33, [1, 1, 4, 1, 1]], [35, [5, 2, 1]], [62, 3], [68, 0], [74, 3], [101, 0]]",[10000000000]
layer_0,276,"[[31, [49, 4, 2, 1, 2]], [33, [1, 1, 4, 1, 1]], [35, [10, 1, 1]], [62, 2], [68, 0], [74, 3], [101, 0]]",[9.264728110862968e-06]
layer_0,277,"[[31, [49, 4, 4, 1, 1]], [33, [1, 1, 2, 1, 2]], [35, [5, 2, 1]], [62, 2], [68, 0], [74, 2], [101, 0]]",[8.014541616038882e-06]
layer_0,278,"[[31, [49, 4, 4, 1, 1]], [33, [1, 1, 2, 2, 1]], [35, [5, 1, 2]], [62, 2], [68, 0], [74, 2], [101, 0]]",[8.60773459171112e-06]
layer_0,279,"[[31, [49, 4, 2, 1, 2]], [33, [1, 1, 1, 1, 4]], [35, [10, 1, 1]], [62, 2], [68, 0], [74, 1], [101, 0]]",[8.327465522478737e-06]
layer_0,280,"[[31, [49, 4, 2, 1, 2]], [33, [1, 1, 4, 1, 1]], [35, [10, 1, 1]], [62, 1], [68, 0], [74, 1], [101, 0]]",[9.622261008239568e-06]
layer_0,281,"[[31, [49, 4, 2, 1, 2]], [33, [1, 1, 4, 1, 1]], [35, [5, 2, 1]], [62, 2], [68, 0], [74, 0], [101, 0]]",[7.670846743882795e-06]
layer_0,282,"[[31, [49, 8, 1, 2, 1]], [33, [1, 1, 4, 1, 1]], [35, [5, 1, 2]], [62, 2], [68, 0], [74, 2], [101, 0]]",[8.24774741798299e-06]
layer_0,283,"[[31, [49, 8, 1, 2, 1]], [33, [1, 1, 4, 1, 1]], [35, [5, 2, 1]], [62, 2], [68, 0], [74, 2], [101, 0]]",[8.12814064398542e-06]
layer_0,284,"[[31, [49, 4, 2, 1, 2]], [33, [1, 1, 4, 1, 1]], [35, [5, 1, 2]], [62, 2], [68, 0], [74, 1], [101, 0]]",[6.70687722944884e-06]
layer_0,285,"[[31, [49, 4, 1, 2, 2]], [33, [1, 1, 4, 1, 1]], [35, [10, 1, 1]], [62, 2], [68, 0], [74, 2], [101, 0]]",[9.208671026653504e-06]
layer_0,286,"[[31, [49, 4, 1, 2, 2]], [33, [1, 1, 4, 1, 1]], [35, [10, 1, 1]], [62, 2], [68, 0], [74, 1], [101, 0]]",[8.881234340391601e-06]
layer_0,287,"[[31, [49, 4, 4, 1, 1]], [33, [1, 1, 2, 1, 2]], [35, [10, 1, 1]], [62, 2], [68, 0], [74, 2], [101, 0]]",[7.863703564466722e-06]
layer_0,288,"[[31, [49, 8, 2, 1, 1]], [33, [1, 1, 4, 1, 1]], [35, [10, 1, 1]], [62, 2], [68, 2], [74, 1], [101, 0]]",[1.2250154718509519e-05]
layer_0,289,"[[31, [49, 4, 4, 1, 1]], [33, [1, 1, 2, 1, 2]], [35, [5, 1, 2]], [62, 2], [68, 0], [74, 0], [101, 0]]",[7.82950672306995e-06]
layer_0,290,"[[31, [49, 4, 1, 4, 1]], [33, [1, 1, 4, 1, 1]], [35, [5, 2, 1]], [62, 2], [68, 0], [74, 1], [101, 0]]",[9.090468562602216e-06]
layer_0,291,"[[31, [49, 4, 1, 1, 4]], [33, [1, 1, 4, 1, 1]], [35, [5, 2, 1]], [62, 2], [68, 0], [74, 1], [101, 0]]",[9.090838149763723e-06]
layer_0,292,"[[31, [98, 4, 2, 1, 1]], [33, [1, 1, 1, 1, 4]], [35, [5, 1, 2]], [62, 2], [68, 0], [74, 2], [101, 0]]",[8.816363828662083e-06]
layer_0,293,"[[31, [49, 4, 2, 1, 2]], [33, [1, 1, 4, 1, 1]], [35, [10, 1, 1]], [62, 3], [68, 0], [74, 3], [101, 0]]",[10000000000]
layer_0,294,"[[31, [49, 4, 2, 1, 2]], [33, [1, 1, 4, 1, 1]], [35, [10, 1, 1]], [62, 3], [68, 3], [74, 1], [101, 0]]",[10000000000]
layer_0,295,"[[31, [56, 7, 1, 1, 2]], [33, [1, 1, 2, 2, 1]], [35, [5, 2, 1]], [62, 2], [68, 0], [74, 2], [101, 0]]",[8.856602178196147e-06]
layer_0,296,"[[31, [56, 7, 1, 1, 2]], [33, [1, 1, 2, 1, 2]], [35, [5, 2, 1]], [62, 2], [68, 0], [74, 2], [101, 0]]",[8.8559013136289e-06]
layer_0,297,"[[31, [49, 4, 1, 2, 2]], [33, [1, 1, 4, 1, 1]], [35, [5, 2, 1]], [62, 2], [68, 0], [74, 1], [101, 0]]",[1.03216514574289e-05]
layer_0,298,"[[31, [49, 4, 2, 1, 2]], [33, [1, 1, 4, 1, 1]], [35, [10, 1, 1]], [62, 3], [68, 0], [74, 2], [101, 0]]",[10000000000]
layer_0,299,"[[31, [49, 4, 2, 1, 2]], [33, [1, 1, 4, 1, 1]], [35, [5, 1, 2]], [62, 3], [68, 0], [74, 0], [101, 0]]",[10000000000]
layer_0,300,"[[31, [49, 16, 1, 1, 1]], [33, [1, 1, 4, 1, 1]], [35, [5, 1, 2]], [62, 2], [68, 0], [74, 2], [101, 0]]",[1.0609047842650837e-05]
layer_0,301,"[[31, [49, 4, 1, 1, 4]], [33, [1, 1, 2, 2, 1]], [35, [10, 1, 1]], [62, 1], [68, 0], [74, 0], [101, 0]]",[1.0661874740026471e-05]
layer_0,302,"[[31, [49, 8, 2, 1, 1]], [33, [1, 1, 4, 1, 1]], [35, [10, 1, 1]], [62, 2], [68, 0], [74, 2], [101, 0]]",[8.7611567436209e-06]
layer_0,303,"[[31, [49, 4, 2, 1, 2]], [33, [1, 1, 4, 1, 1]], [35, [5, 1, 2]], [62, 3], [68, 0], [74, 1], [101, 0]]",[10000000000]
layer_0,304,"[[31, [98, 4, 1, 1, 2]], [33, [1, 1, 4, 1, 1]], [35, [10, 1, 1]], [62, 2], [68, 0], [74, 1], [101, 0]]",[7.6252399469421955e-06]
layer_0,305,"[[31, [49, 4, 4, 1, 1]], [33, [1, 1, 1, 4, 1]], [35, [10, 1, 1]], [62, 2], [68, 0], [74, 2], [101, 0]]",[9.52743946890978e-06]
layer_0,306,"[[31, [49, 8, 1, 1, 2]], [33, [1, 1, 4, 1, 1]], [35, [10, 1, 1]], [62, 1], [68, 0], [74, 1], [101, 0]]",[1.055872974888619e-05]
layer_0,307,"[[31, [98, 4, 2, 1, 1]], [33, [1, 1, 1, 4, 1]], [35, [5, 1, 2]], [62, 2], [68, 0], [74, 0], [101, 0]]",[9.212124794340244e-06]
layer_0,308,"[[31, [49, 4, 4, 1, 1]], [33, [1, 1, 1, 1, 4]], [35, [10, 1, 1]], [62, 2], [68, 0], [74, 1], [101, 0]]",[9.23588038828562e-06]
layer_0,309,"[[31, [49, 8, 2, 1, 1]], [33, [1, 1, 4, 1, 1]], [35, [5, 1, 2]], [62, 0], [68, 0], [74, 0], [101, 0]]",[1.6807615946843856e-05]
layer_0,310,"[[31, [49, 4, 4, 1, 1]], [33, [1, 1, 1, 4, 1]], [35, [10, 1, 1]], [62, 2], [68, 0], [74, 0], [101, 0]]",[8.55119175715696e-06]
layer_0,311,"[[31, [49, 4, 2, 1, 2]], [33, [1, 1, 2, 2, 1]], [35, [10, 1, 1]], [62, 2], [68, 0], [74, 1], [101, 0]]",[7.576701545530492e-06]
layer_0,312,"[[31, [49, 2, 4, 1, 2]], [33, [1, 1, 1, 4, 1]], [35, [10, 1, 1]], [62, 2], [68, 0], [74, 1], [101, 0]]",[8.904823872984535e-06]
layer_0,313,"[[31, [49, 2, 4, 1, 2]], [33, [1, 1, 1, 1, 4]], [35, [10, 1, 1]], [62, 2], [68, 0], [74, 1], [101, 0]]",[8.903797935462895e-06]
layer_0,314,"[[31, [49, 2, 4, 1, 2]], [33, [1, 1, 1, 2, 2]], [35, [10, 1, 1]], [62, 2], [68, 0], [74, 1], [101, 0]]",[8.892088186903586e-06]
layer_0,315,"[[31, [49, 4, 4, 1, 1]], [33, [1, 1, 4, 1, 1]], [35, [5, 1, 2]], [62, 2], [68, 0], [74, 2], [101, 0]]",[7.500790183589359e-06]
layer_0,316,"[[31, [2, 49, 2, 4, 1]], [33, [1, 4, 1, 1, 1]], [35, [5, 2, 1]], [62, 1], [68, 0], [74, 0], [101, 4]]",[3.9858559575625674e-05]
layer_0,317,"[[31, [2, 98, 2, 1, 2]], [33, [1, 1, 1, 4, 1]], [35, [5, 2, 1]], [62, 0], [68, 2], [74, 3], [101, 2]]",[3.770550544069641e-05]
layer_0,318,"[[31, [2, 49, 8, 1, 1]], [33, [1, 2, 2, 1, 1]], [35, [10, 1, 1]], [62, 2], [68, 0], [74, 1], [101, 0]]",[8.858155643303718e-06]
layer_0,319,"[[31, [49, 4, 4, 1, 1]], [33, [1, 1, 4, 1, 1]], [35, [10, 1, 1]], [62, 2], [68, 0], [74, 0], [101, 0]]",[8.032492974708952e-06]
layer_0,320,"[[31, [49, 8, 1, 2, 1]], [33, [1, 1, 4, 1, 1]], [35, [5, 1, 2]], [62, 2], [68, 0], [74, 0], [101, 0]]",[7.2146492467382685e-06]
layer_0,321,"[[31, [49, 8, 1, 1, 2]], [33, [1, 1, 4, 1, 1]], [35, [5, 1, 2]], [62, 2], [68, 0], [74, 0], [101, 0]]",[7.22084764666518e-06]
layer_0,322,"[[31, [49, 4, 4, 1, 1]], [33, [1, 1, 4, 1, 1]], [35, [5, 1, 2]], [62, 2], [68, 0], [74, 1], [101, 0]]",[7.235659575961809e-06]
layer_0,323,"[[31, [98, 2, 4, 1, 1]], [33, [1, 1, 4, 1, 1]], [35, [10, 1, 1]], [62, 2], [68, 0], [74, 0], [101, 0]]",[7.527297967140072e-06]
layer_0,324,"[[31, [49, 4, 2, 1, 2]], [33, [1, 1, 4, 1, 1]], [35, [10, 1, 1]], [62, 2], [68, 0], [74, 0], [101, 0]]",[7.1902990701821415e-06]
layer_0,325,"[[31, [98, 2, 4, 1, 1]], [33, [1, 1, 4, 1, 1]], [35, [5, 1, 2]], [62, 2], [68, 0], [74, 0], [101, 0]]",[7.002901218146179e-06]
layer_0,326,"[[31, [49, 4, 2, 2, 1]], [33, [1, 1, 4, 1, 1]], [35, [5, 1, 2]], [62, 2], [68, 0], [74, 0], [101, 0]]",[7.687992649632481e-06]
layer_0,327,"[[31, [49, 4, 2, 1, 2]], [33, [1, 1, 4, 1, 1]], [35, [5, 1, 2]], [62, 2], [68, 0], [74, 0], [101, 0]]",[7.679798433540658e-06]
layer_0,328,"[[31, [49, 4, 4, 1, 1]], [33, [1, 1, 2, 1, 2]], [35, [10, 1, 1]], [62, 2], [68, 0], [74, 1], [101, 0]]",[7.480266701539381e-06]
layer_0,329,"[[31, [49, 4, 4, 1, 1]], [33, [1, 1, 4, 1, 1]], [35, [10, 1, 1]], [62, 2], [68, 0], [74, 1], [101, 0]]",[8.076561723602484e-06]
layer_0,330,"[[31, [49, 4, 2, 1, 2]], [33, [1, 1, 4, 1, 1]], [35, [5, 1, 2]], [62, 2], [68, 0], [74, 3], [101, 0]]",[7.413247368421053e-06]
layer_0,331,"[[31, [49, 2, 8, 1, 1]], [33, [1, 1, 2, 1, 2]], [35, [10, 1, 1]], [62, 2], [68, 0], [74, 0], [101, 0]]",[8.874151654982695e-06]
layer_0,332,"[[31, [49, 4, 2, 1, 2]], [33, [1, 1, 2, 2, 1]], [35, [5, 1, 2]], [62, 2], [68, 0], [74, 2], [101, 0]]",[9.088992750365292e-06]
layer_0,333,"[[31, [49, 4, 2, 1, 2]], [33, [1, 1, 2, 2, 1]], [35, [5, 2, 1]], [62, 2], [68, 0], [74, 2], [101, 0]]",[9.089893948790646e-06]
layer_0,334,"[[31, [56, 7, 1, 1, 2]], [33, [1, 1, 4, 1, 1]], [35, [10, 1, 1]], [62, 2], [68, 0], [74, 1], [101, 0]]",[7.818664131812421e-06]
layer_0,335,"[[31, [49, 4, 2, 2, 1]], [33, [1, 1, 4, 1, 1]], [35, [10, 1, 1]], [62, 2], [68, 0], [74, 2], [101, 0]]",[7.801295185297692e-06]
layer_0,336,"[[31, [49, 4, 4, 1, 1]], [33, [1, 1, 2, 2, 1]], [35, [10, 1, 1]], [62, 2], [68, 0], [74, 2], [101, 0]]",[7.861217279309385e-06]
layer_0,337,"[[31, [49, 4, 2, 2, 1]], [33, [1, 1, 2, 2, 1]], [35, [5, 1, 2]], [62, 2], [68, 0], [74, 0], [101, 0]]",[7.286735111271286e-06]
layer_0,338,"[[31, [49, 4, 2, 1, 2]], [33, [1, 1, 2, 1, 2]], [35, [5, 1, 2]], [62, 2], [68, 0], [74, 0], [101, 0]]",[7.286768100807574e-06]
layer_0,339,"[[31, [49, 2, 8, 1, 1]], [33, [1, 1, 4, 1, 1]], [35, [10, 1, 1]], [62, 2], [68, 0], [74, 0], [101, 0]]",[9.30334154962329e-06]
layer_0,340,"[[31, [56, 7, 1, 1, 2]], [33, [1, 1, 2, 2, 1]], [35, [5, 1, 2]], [62, 2], [68, 0], [74, 0], [101, 0]]",[7.910357577674124e-06]
layer_0,341,"[[31, [49, 8, 2, 1, 1]], [33, [1, 1, 4, 1, 1]], [35, [5, 1, 2]], [62, 2], [68, 0], [74, 1], [101, 0]]",[8.045737654817435e-06]
layer_0,342,"[[31, [49, 4, 2, 1, 2]], [33, [1, 1, 2, 1, 2]], [35, [10, 1, 1]], [62, 2], [68, 0], [74, 0], [101, 0]]",[6.958726551628166e-06]
layer_0,343,"[[31, [49, 4, 1, 2, 2]], [33, [1, 1, 2, 2, 1]], [35, [10, 1, 1]], [62, 2], [68, 0], [74, 1], [101, 0]]",[8.300074243201642e-06]
layer_0,344,"[[31, [98, 2, 4, 1, 1]], [33, [1, 1, 2, 1, 2]], [35, [5, 1, 2]], [62, 2], [68, 0], [74, 3], [101, 0]]",[7.725725470838396e-06]
layer_0,345,"[[31, [98, 2, 2, 1, 2]], [33, [1, 1, 4, 1, 1]], [35, [5, 1, 2]], [62, 2], [68, 0], [74, 3], [101, 0]]",[7.416180382562279e-06]
layer_0,346,"[[31, [49, 8, 2, 1, 1]], [33, [1, 1, 4, 1, 1]], [35, [5, 2, 1]], [62, 2], [68, 0], [74, 2], [101, 0]]",[8.295690910598774e-06]
layer_0,347,"[[31, [98, 4, 1, 1, 2]], [33, [1, 1, 4, 1, 1]], [35, [5, 1, 2]], [62, 2], [68, 0], [74, 1], [101, 0]]",[8.239741680395387e-06]
layer_0,348,"[[31, [98, 4, 2, 1, 1]], [33, [1, 1, 2, 1, 2]], [35, [5, 1, 2]], [62, 2], [68, 0], [74, 0], [101, 0]]",[7.711248860874848e-06]
layer_0,349,"[[31, [56, 7, 1, 1, 2]], [33, [1, 1, 4, 1, 1]], [35, [5, 1, 2]], [62, 2], [68, 0], [74, 1], [101, 0]]",[7.792863404541955e-06]
layer_0,350,"[[31, [98, 4, 1, 1, 2]], [33, [1, 1, 4, 1, 1]], [35, [5, 1, 2]], [62, 2], [68, 0], [74, 2], [101, 0]]",[8.238664144114502e-06]
layer_0,351,"[[31, [98, 4, 1, 1, 2]], [33, [1, 1, 4, 1, 1]], [35, [5, 2, 1]], [62, 2], [68, 0], [74, 2], [101, 0]]",[8.129286223874598e-06]
layer_0,352,"[[31, [49, 8, 1, 2, 1]], [33, [1, 1, 4, 1, 1]], [35, [5, 1, 2]], [62, 2], [68, 0], [74, 1], [101, 0]]",[8.244156871609403e-06]
layer_0,353,"[[31, [49, 4, 1, 4, 1]], [33, [1, 1, 4, 1, 1]], [35, [5, 1, 2]], [62, 2], [68, 0], [74, 2], [101, 0]]",[8.060420460176991e-06]
layer_0,354,"[[31, [49, 8, 1, 1, 2]], [33, [1, 1, 2, 1, 2]], [35, [5, 2, 1]], [62, 2], [68, 0], [74, 0], [101, 0]]",[8.302192056500607e-06]
layer_0,355,"[[31, [49, 4, 4, 1, 1]], [33, [1, 1, 2, 2, 1]], [35, [5, 2, 1]], [62, 2], [68, 0], [74, 2], [101, 0]]",[7.998377533008543e-06]
layer_0,356,"[[31, [56, 7, 1, 1, 2]], [33, [1, 1, 4, 1, 1]], [35, [5, 2, 1]], [62, 2], [68, 0], [74, 2], [101, 0]]",[8.249244000607534e-06]
layer_0,357,"[[31, [49, 8, 2, 1, 1]], [33, [1, 1, 4, 1, 1]], [35, [10, 1, 1]], [62, 2], [68, 0], [74, 1], [101, 0]]",[8.290617026123937e-06]
layer_0,358,"[[31, [49, 2, 4, 1, 2]], [33, [1, 1, 2, 1, 2]], [35, [10, 1, 1]], [62, 2], [68, 0], [74, 1], [101, 0]]",[7.873944182867557e-06]
layer_0,359,"[[31, [49, 2, 4, 1, 2]], [33, [1, 1, 2, 1, 2]], [35, [10, 1, 1]], [62, 2], [68, 0], [74, 0], [101, 0]]",[8.034465626862706e-06]
layer_0,360,"[[31, [49, 2, 2, 1, 4]], [33, [1, 1, 4, 1, 1]], [35, [10, 1, 1]], [62, 2], [68, 0], [74, 1], [101, 0]]",[8.515368339579599e-06]
layer_0,361,"[[31, [49, 2, 2, 4, 1]], [33, [1, 1, 4, 1, 1]], [35, [10, 1, 1]], [62, 2], [68, 0], [74, 1], [101, 0]]",[8.518829549140448e-06]
layer_0,362,"[[31, [49, 4, 2, 2, 1]], [33, [1, 1, 4, 1, 1]], [35, [5, 2, 1]], [62, 3], [68, 0], [74, 2], [101, 0]]",[10000000000]
layer_0,363,"[[31, [49, 4, 1, 1, 4]], [33, [1, 1, 4, 1, 1]], [35, [5, 2, 1]], [62, 2], [68, 0], [74, 0], [101, 0]]",[8.00778835978836e-06]
layer_0,364,"[[31, [49, 4, 1, 2, 2]], [33, [1, 1, 4, 1, 1]], [35, [5, 1, 2]], [62, 2], [68, 0], [74, 0], [101, 0]]",[7.878255430242272e-06]
layer_0,365,"[[31, [49, 4, 1, 1, 4]], [33, [1, 1, 4, 1, 1]], [35, [5, 1, 2]], [62, 2], [68, 0], [74, 0], [101, 0]]",[7.877582168894288e-06]
layer_0,366,"[[31, [49, 4, 1, 1, 4]], [33, [1, 1, 4, 1, 1]], [35, [10, 1, 1]], [62, 2], [68, 0], [74, 0], [101, 0]]",[7.975230744697816e-06]
layer_0,367,"[[31, [49, 8, 2, 1, 1]], [33, [1, 1, 2, 2, 1]], [35, [10, 1, 1]], [62, 2], [68, 0], [74, 1], [101, 0]]",[7.80939681424221e-06]
layer_0,368,"[[31, [49, 4, 4, 1, 1]], [33, [1, 1, 4, 1, 1]], [35, [5, 1, 2]], [62, 3], [68, 0], [74, 1], [101, 0]]",[10000000000]
layer_0,369,"[[31, [56, 7, 1, 1, 2]], [33, [1, 1, 2, 2, 1]], [35, [5, 1, 2]], [62, 2], [68, 0], [74, 1], [101, 0]]",[8.470862946288348e-06]
layer_0,370,"[[31, [56, 7, 1, 1, 2]], [33, [1, 1, 2, 2, 1]], [35, [5, 2, 1]], [62, 2], [68, 0], [74, 1], [101, 0]]",[8.619845672918723e-06]
layer_0,371,"[[31, [56, 7, 1, 1, 2]], [33, [1, 1, 2, 1, 2]], [35, [5, 2, 1]], [62, 2], [68, 0], [74, 1], [101, 0]]",[8.619484603446869e-06]
layer_0,372,"[[31, [49, 4, 2, 1, 2]], [33, [1, 1, 2, 2, 1]], [35, [5, 1, 2]], [62, 2], [68, 0], [74, 1], [101, 0]]",[7.657197196749421e-06]
layer_0,373,"[[31, [56, 7, 1, 1, 2]], [33, [1, 1, 2, 1, 2]], [35, [10, 1, 1]], [62, 2], [68, 0], [74, 0], [101, 0]]",[8.21032449515679e-06]
layer_0,374,"[[31, [56, 7, 1, 1, 2]], [33, [1, 1, 2, 2, 1]], [35, [10, 1, 1]], [62, 2], [68, 0], [74, 0], [101, 0]]",[8.210744705302906e-06]
layer_0,375,"[[31, [196, 2, 1, 1, 2]], [33, [1, 1, 4, 1, 1]], [35, [10, 1, 1]], [62, 2], [68, 0], [74, 1], [101, 0]]",[7.640716889428918e-06]
layer_0,376,"[[31, [49, 4, 1, 1, 4]], [33, [1, 1, 4, 1, 1]], [35, [10, 1, 1]], [62, 2], [68, 0], [74, 1], [101, 0]]",[8.876870063791008e-06]
layer_0,377,"[[31, [49, 4, 1, 4, 1]], [33, [1, 1, 4, 1, 1]], [35, [10, 1, 1]], [62, 2], [68, 0], [74, 1], [101, 0]]",[8.878281095755183e-06]
layer_0,378,"[[31, [49, 4, 4, 1, 1]], [33, [1, 1, 1, 4, 1]], [35, [5, 2, 1]], [62, 2], [68, 0], [74, 2], [101, 0]]",[8.307403915761764e-06]
layer_0,379,"[[31, [49, 4, 2, 1, 2]], [33, [1, 1, 1, 2, 2]], [35, [10, 1, 1]], [62, 2], [68, 0], [74, 1], [101, 0]]",[8.332368490671124e-06]
layer_0,380,"[[31, [28, 1, 7, 1, 4]], [33, [1, 1, 4, 1, 1]], [35, [5, 1, 2]], [62, 2], [68, 1], [74, 3], [101, 4]]",[1.8134829764616554e-05]
layer_0,381,"[[31, [7, 28, 2, 1, 2]], [33, [2, 1, 1, 2, 1]], [35, [10, 1, 1]], [62, 0], [68, 2], [74, 0], [101, 2]]",[3.5525387001477105e-05]
layer_0,382,"[[31, [56, 7, 2, 1, 1]], [33, [1, 1, 4, 1, 1]], [35, [10, 1, 1]], [62, 1], [68, 0], [74, 3], [101, 1]]",[1.4573362797585147e-05]
layer_0,383,"[[31, [98, 2, 4, 1, 1]], [33, [1, 1, 4, 1, 1]], [35, [5, 2, 1]], [62, 2], [68, 0], [74, 0], [101, 0]]",[7.358243617099551e-06]
layer_0,384,"[[31, [49, 4, 2, 1, 2]], [33, [1, 1, 4, 1, 1]], [35, [5, 2, 1]], [62, 2], [68, 0], [74, 1], [101, 0]]",[6.725804669880158e-06]
layer_0,385,"[[31, [98, 2, 4, 1, 1]], [33, [1, 1, 4, 1, 1]], [35, [5, 1, 2]], [62, 2], [68, 0], [74, 1], [101, 0]]",[7.246966591782013e-06]
layer_0,386,"[[31, [49, 4, 4, 1, 1]], [33, [1, 1, 4, 1, 1]], [35, [5, 1, 2]], [62, 2], [68, 0], [74, 0], [101, 0]]",[7.006659170519827e-06]
layer_0,387,"[[31, [49, 4, 4, 1, 1]], [33, [1, 1, 4, 1, 1]], [35, [5, 2, 1]], [62, 2], [68, 0], [74, 0], [101, 0]]",[6.894054536926489e-06]
layer_0,388,"[[31, [49, 4, 2, 2, 1]], [33, [1, 1, 4, 1, 1]], [35, [10, 1, 1]], [62, 2], [68, 0], [74, 0], [101, 0]]",[7.190242202729044e-06]
layer_0,389,"[[31, [98, 2, 4, 1, 1]], [33, [1, 1, 4, 1, 1]], [35, [5, 2, 1]], [62, 2], [68, 0], [74, 2], [101, 0]]",[7.423069026942774e-06]
layer_0,390,"[[31, [56, 7, 1, 1, 2]], [33, [1, 1, 4, 1, 1]], [35, [5, 1, 2]], [62, 2], [68, 0], [74, 0], [101, 0]]",[7.4685784796893666e-06]
layer_0,391,"[[31, [56, 7, 1, 2, 1]], [33, [1, 1, 4, 1, 1]], [35, [5, 2, 1]], [62, 2], [68, 0], [74, 0], [101, 0]]",[7.353306918331374e-06]
layer_0,392,"[[31, [56, 7, 1, 2, 1]], [33, [1, 1, 4, 1, 1]], [35, [5, 1, 2]], [62, 2], [68, 0], [74, 0], [101, 0]]",[7.470161576943179e-06]
layer_0,393,"[[31, [56, 7, 1, 1, 2]], [33, [1, 1, 4, 1, 1]], [35, [5, 2, 1]], [62, 2], [68, 0], [74, 0], [101, 0]]",[7.3529921421752226e-06]
layer_0,394,"[[31, [49, 8, 2, 1, 1]], [33, [1, 1, 2, 1, 2]], [35, [5, 2, 1]], [62, 2], [68, 0], [74, 0], [101, 0]]",[7.706503037667072e-06]
layer_0,395,"[[31, [49, 4, 4, 1, 1]], [33, [1, 1, 2, 2, 1]], [35, [5, 2, 1]], [62, 2], [68, 0], [74, 1], [101, 0]]",[6.851735681008496e-06]
layer_0,396,"[[31, [49, 4, 4, 1, 1]], [33, [1, 1, 2, 1, 2]], [35, [5, 1, 2]], [62, 2], [68, 0], [74, 1], [101, 0]]",[6.855519358596587e-06]
layer_0,397,"[[31, [98, 2, 2, 1, 2]], [33, [1, 1, 4, 1, 1]], [35, [5, 1, 2]], [62, 2], [68, 0], [74, 0], [101, 0]]",[7.689331713244228e-06]
layer_0,398,"[[31, [196, 2, 2, 1, 1]], [33, [1, 1, 2, 2, 1]], [35, [10, 1, 1]], [62, 2], [68, 0], [74, 1], [101, 0]]",[8.015360234375e-06]
layer_0,399,"[[31, [98, 4, 1, 2, 1]], [33, [1, 1, 4, 1, 1]], [35, [5, 1, 2]], [62, 2], [68, 0], [74, 0], [101, 0]]",[7.2493812144806914e-06]
layer_0,400,"[[31, [98, 4, 1, 2, 1]], [33, [1, 1, 4, 1, 1]], [35, [5, 2, 1]], [62, 2], [68, 0], [74, 0], [101, 0]]",[7.356346212754107e-06]
layer_0,401,"[[31, [49, 4, 2, 1, 2]], [33, [1, 1, 2, 2, 1]], [35, [5, 1, 2]], [62, 2], [68, 0], [74, 0], [101, 0]]",[7.290185463659148e-06]
layer_0,402,"[[31, [49, 4, 4, 1, 1]], [33, [1, 1, 2, 2, 1]], [35, [10, 1, 1]], [62, 2], [68, 0], [74, 0], [101, 0]]",[7.431112927669346e-06]
layer_0,403,"[[31, [49, 4, 2, 2, 1]], [33, [1, 1, 2, 2, 1]], [35, [10, 1, 1]], [62, 2], [68, 0], [74, 0], [101, 0]]",[6.969517195767196e-06]
layer_0,404,"[[31, [49, 4, 2, 1, 2]], [33, [1, 1, 4, 1, 1]], [35, [5, 2, 1]], [62, 2], [68, 0], [74, 3], [101, 0]]",[7.550292309998501e-06]
layer_0,405,"[[31, [49, 4, 2, 2, 1]], [33, [1, 1, 4, 1, 1]], [35, [10, 1, 1]], [62, 2], [68, 0], [74, 1], [101, 0]]",[7.305954558737581e-06]
layer_0,406,"[[31, [98, 2, 4, 1, 1]], [33, [1, 1, 2, 1, 2]], [35, [5, 2, 1]], [62, 2], [68, 0], [74, 3], [101, 0]]",[7.742984284276534e-06]
layer_0,407,"[[31, [196, 2, 1, 1, 2]], [33, [1, 1, 4, 1, 1]], [35, [10, 1, 1]], [62, 2], [68, 0], [74, 2], [101, 0]]",[8.422087304798123e-06]
layer_0,408,"[[31, [98, 4, 2, 1, 1]], [33, [1, 1, 2, 2, 1]], [35, [5, 1, 2]], [62, 2], [68, 0], [74, 0], [101, 0]]",[7.718120592546872e-06]
layer_0,409,"[[31, [98, 2, 2, 1, 2]], [33, [1, 1, 4, 1, 1]], [35, [10, 1, 1]], [62, 2], [68, 0], [74, 2], [101, 0]]",[7.804294915090699e-06]
layer_0,410,"[[31, [98, 2, 4, 1, 1]], [33, [1, 1, 4, 1, 1]], [35, [5, 1, 2]], [62, 3], [68, 0], [74, 0], [101, 0]]",[10000000000]
layer_0,411,"[[31, [196, 2, 1, 1, 2]], [33, [1, 1, 4, 1, 1]], [35, [5, 1, 2]], [62, 2], [68, 0], [74, 2], [101, 0]]",[8.238499588680487e-06]
layer_0,412,"[[31, [98, 2, 2, 1, 2]], [33, [1, 1, 4, 1, 1]], [35, [5, 1, 2]], [62, 2], [68, 0], [74, 2], [101, 0]]",[8.353400542941757e-06]
layer_0,413,"[[31, [49, 4, 4, 1, 1]], [33, [1, 1, 2, 2, 1]], [35, [10, 1, 1]], [62, 2], [68, 0], [74, 1], [101, 0]]",[7.475888565022421e-06]
layer_0,414,"[[31, [98, 2, 4, 1, 1]], [33, [1, 1, 4, 1, 1]], [35, [5, 2, 1]], [62, 1], [68, 0], [74, 0], [101, 0]]",[9.489287356996186e-06]
layer_0,415,"[[31, [98, 2, 4, 1, 1]], [33, [1, 1, 4, 1, 1]], [35, [5, 1, 2]], [62, 1], [68, 0], [74, 0], [101, 0]]",[9.699178169575618e-06]
layer_0,416,"[[31, [49, 4, 2, 1, 2]], [33, [1, 1, 4, 1, 1]], [35, [10, 1, 1]], [62, 2], [68, 0], [74, 2], [101, 0]]",[7.812018727373992e-06]
layer_0,417,"[[31, [98, 2, 4, 1, 1]], [33, [2, 1, 2, 1, 1]], [35, [10, 1, 1]], [62, 2], [68, 0], [74, 0], [101, 0]]",[8.247056804374241e-06]
layer_0,418,"[[31, [49, 4, 4, 1, 1]], [33, [1, 1, 2, 2, 1]], [35, [5, 2, 1]], [62, 2], [68, 0], [74, 3], [101, 0]]",[7.750932609301031e-06]
layer_0,419,"[[31, [49, 4, 4, 1, 1]], [33, [1, 1, 2, 2, 1]], [35, [5, 1, 2]], [62, 2], [68, 0], [74, 3], [101, 0]]",[7.737557020057306e-06]
layer_0,420,"[[31, [98, 2, 4, 1, 1]], [33, [1, 1, 4, 1, 1]], [35, [5, 2, 1]], [62, 2], [68, 0], [74, 3], [101, 0]]",[8.567965538461539e-06]
layer_0,421,"[[31, [49, 4, 2, 1, 2]], [33, [1, 1, 4, 1, 1]], [35, [5, 1, 2]], [62, 3], [68, 0], [74, 3], [101, 0]]",[10000000000]
layer_0,422,"[[31, [49, 4, 2, 1, 2]], [33, [1, 1, 4, 1, 1]], [35, [5, 2, 1]], [62, 3], [68, 0], [74, 0], [101, 0]]",[10000000000]
layer_0,423,"[[31, [49, 4, 2, 2, 1]], [33, [1, 1, 4, 1, 1]], [35, [5, 2, 1]], [62, 2], [68, 0], [74, 2], [101, 0]]",[7.8726555907173e-06]
layer_0,424,"[[31, [49, 4, 2, 1, 2]], [33, [1, 1, 4, 1, 1]], [35, [5, 1, 2]], [62, 2], [68, 0], [74, 2], [101, 0]]",[8.35203630823262e-06]
layer_0,425,"[[31, [56, 7, 1, 2, 1]], [33, [1, 1, 4, 1, 1]], [35, [10, 1, 1]], [62, 2], [68, 0], [74, 0], [101, 0]]",[7.490335439443419e-06]
layer_0,426,"[[31, [56, 7, 1, 1, 2]], [33, [1, 1, 4, 1, 1]], [35, [10, 1, 1]], [62, 2], [68, 0], [74, 0], [101, 0]]",[7.491832300760348e-06]
layer_0,427,"[[31, [49, 4, 4, 1, 1]], [33, [1, 1, 1, 1, 4]], [35, [5, 1, 2]], [62, 2], [68, 0], [74, 0], [101, 0]]",[8.219300030298439e-06]
layer_0,428,"[[31, [49, 4, 4, 1, 1]], [33, [1, 1, 1, 4, 1]], [35, [5, 1, 2]], [62, 2], [68, 0], [74, 0], [101, 0]]",[8.216806880315918e-06]
layer_0,429,"[[31, [98, 4, 1, 1, 2]], [33, [1, 1, 4, 1, 1]], [35, [10, 1, 1]], [62, 2], [68, 0], [74, 2], [101, 0]]",[8.099946712018141e-06]
layer_0,430,"[[31, [196, 2, 1, 1, 2]], [33, [1, 1, 4, 1, 1]], [35, [10, 1, 1]], [62, 2], [68, 0], [74, 0], [101, 0]]",[8.469986457995458e-06]
layer_0,431,"[[31, [49, 4, 1, 2, 2]], [33, [1, 1, 4, 1, 1]], [35, [10, 1, 1]], [62, 2], [68, 0], [74, 0], [101, 0]]",[7.973486568353925e-06]
layer_0,432,"[[31, [49, 4, 2, 2, 1]], [33, [1, 1, 2, 1, 2]], [35, [5, 1, 2]], [62, 2], [68, 0], [74, 2], [101, 0]]",[9.103124634256135e-06]
layer_0,433,"[[31, [49, 8, 1, 2, 1]], [33, [1, 1, 4, 1, 1]], [35, [10, 1, 1]], [62, 2], [68, 0], [74, 1], [101, 0]]",[7.6136294903926475e-06]
layer_0,434,"[[31, [49, 8, 2, 1, 1]], [33, [1, 1, 2, 1, 2]], [35, [10, 1, 1]], [62, 2], [68, 0], [74, 1], [101, 0]]",[7.813025828460038e-06]
layer_0,435,"[[31, [56, 7, 1, 2, 1]], [33, [1, 1, 2, 1, 2]], [35, [5, 1, 2]], [62, 2], [68, 0], [74, 0], [101, 0]]",[7.928132050063371e-06]
layer_0,436,"[[31, [56, 7, 1, 2, 1]], [33, [1, 1, 2, 1, 2]], [35, [5, 2, 1]], [62, 2], [68, 0], [74, 0], [101, 0]]",[7.924043784639748e-06]
layer_0,437,"[[31, [98, 4, 2, 1, 1]], [33, [1, 1, 4, 1, 1]], [35, [5, 1, 2]], [62, 2], [68, 0], [74, 3], [101, 0]]",[9.084119538559359e-06]
layer_0,438,"[[31, [49, 4, 1, 2, 2]], [33, [1, 1, 2, 1, 2]], [35, [10, 1, 1]], [62, 2], [68, 0], [74, 0], [101, 0]]",[7.832131161236425e-06]
layer_0,439,"[[31, [49, 4, 4, 1, 1]], [33, [1, 2, 2, 1, 1]], [35, [10, 1, 1]], [62, 2], [68, 0], [74, 0], [101, 0]]",[8.238862331149397e-06]
layer_0,440,"[[31, [98, 4, 1, 2, 1]], [33, [1, 1, 4, 1, 1]], [35, [5, 1, 2]], [62, 2], [68, 0], [74, 1], [101, 0]]",[8.245346445929526e-06]
layer_0,441,"[[31, [98, 4, 1, 1, 2]], [33, [1, 1, 4, 1, 1]], [35, [5, 2, 1]], [62, 2], [68, 0], [74, 1], [101, 0]]",[8.26224807079646e-06]
layer_0,442,"[[31, [49, 4, 4, 1, 1]], [33, [1, 1, 4, 1, 1]], [35, [10, 1, 1]], [62, 2], [68, 0], [74, 3], [101, 0]]",[9.780846549127315e-06]
layer_0,443,"[[31, [49, 4, 2, 2, 1]], [33, [1, 1, 2, 2, 1]], [35, [5, 1, 2]], [62, 2], [68, 0], [74, 1], [101, 0]]",[7.667686532391401e-06]
layer_0,444,"[[31, [28, 2, 2, 7, 1]], [33, [2, 1, 1, 2, 1]], [35, [10, 1, 1]], [62, 2], [68, 1], [74, 3], [101, 3]]",[5.888356061776062e-05]
layer_0,445,"[[31, [49, 2, 1, 2, 4]], [33, [1, 1, 2, 1, 2]], [35, [10, 1, 1]], [62, 1], [68, 0], [74, 1], [101, 3]]",[5.0361663660654645e-05]
layer_0,446,"[[31, [28, 1, 14, 1, 2]], [33, [2, 2, 1, 1, 1]], [35, [5, 1, 2]], [62, 0], [68, 0], [74, 1], [101, 1]]",[1.9250780790359735e-05]
layer_0,447,"[[31, [49, 4, 2, 2, 1]], [33, [1, 1, 4, 1, 1]], [35, [5, 1, 2]], [62, 2], [68, 0], [74, 1], [101, 0]]",[7.143761556669452e-06]
layer_0,448,"[[31, [49, 4, 2, 2, 1]], [33, [1, 1, 4, 1, 1]], [35, [5, 2, 1]], [62, 2], [68, 0], [74, 1], [101, 0]]",[6.71674789596912e-06]
layer_0,449,"[[31, [49, 4, 4, 1, 1]], [33, [1, 1, 2, 2, 1]], [35, [5, 1, 2]], [62, 2], [68, 0], [74, 1], [101, 0]]",[6.837518890483023e-06]
layer_0,450,"[[31, [49, 4, 2, 2, 1]], [33, [1, 1, 4, 1, 1]], [35, [5, 2, 1]], [62, 3], [68, 0], [74, 1], [101, 0]]",[10000000000]
layer_0,451,"[[31, [98, 2, 4, 1, 1]], [33, [1, 1, 4, 1, 1]], [35, [5, 2, 1]], [62, 2], [68, 0], [74, 1], [101, 0]]",[7.244324165733483e-06]
layer_0,452,"[[31, [98, 2, 4, 1, 1]], [33, [1, 1, 2, 1, 2]], [35, [5, 1, 2]], [62, 2], [68, 0], [74, 1], [101, 0]]",[6.850417515661583e-06]
layer_0,453,"[[31, [98, 4, 1, 1, 2]], [33, [1, 1, 4, 1, 1]], [35, [5, 2, 1]], [62, 2], [68, 0], [74, 0], [101, 0]]",[7.348789543302701e-06]
layer_0,454,"[[31, [98, 4, 1, 1, 2]], [33, [1, 1, 4, 1, 1]], [35, [5, 1, 2]], [62, 2], [68, 0], [74, 0], [101, 0]]",[7.23715044555834e-06]
layer_0,455,"[[31, [98, 2, 4, 1, 1]], [33, [1, 1, 4, 1, 1]], [35, [5, 1, 2]], [62, 2], [68, 0], [74, 2], [101, 0]]",[7.4979239301506414e-06]
layer_0,456,"[[31, [49, 4, 4, 1, 1]], [33, [1, 1, 4, 1, 1]], [35, [5, 2, 1]], [62, 2], [68, 0], [74, 2], [101, 0]]",[7.4172287174927764e-06]
layer_0,457,"[[31, [49, 8, 2, 1, 1]], [33, [1, 1, 2, 2, 1]], [35, [5, 2, 1]], [62, 2], [68, 0], [74, 0], [101, 0]]",[7.713127809842043e-06]
layer_0,458,"[[31, [49, 8, 2, 1, 1]], [33, [1, 1, 2, 2, 1]], [35, [5, 1, 2]], [62, 2], [68, 0], [74, 0], [101, 0]]",[7.706828675577157e-06]
layer_0,459,"[[31, [49, 4, 4, 1, 1]], [33, [1, 1, 2, 2, 1]], [35, [5, 2, 1]], [62, 3], [68, 0], [74, 1], [101, 0]]",[10000000000]
layer_0,460,"[[31, [49, 4, 4, 1, 1]], [33, [1, 1, 2, 1, 2]], [35, [5, 1, 2]], [62, 3], [68, 0], [74, 1], [101, 0]]",[10000000000]
layer_0,461,"[[31, [49, 4, 2, 2, 1]], [33, [1, 1, 4, 1, 1]], [35, [5, 2, 1]], [62, 2], [68, 0], [74, 0], [101, 0]]",[7.635638085138616e-06]
layer_0,462,"[[31, [49, 4, 2, 2, 1]], [33, [1, 1, 4, 1, 1]], [35, [5, 2, 1]], [62, 2], [68, 0], [74, 3], [101, 0]]",[7.552917918900551e-06]
layer_0,463,"[[31, [49, 4, 2, 2, 1]], [33, [1, 1, 4, 1, 1]], [35, [5, 1, 2]], [62, 2], [68, 0], [74, 3], [101, 0]]",[7.4179243547908634e-06]
layer_0,464,"[[31, [56, 7, 2, 1, 1]], [33, [1, 1, 2, 1, 2]], [35, [10, 1, 1]], [62, 2], [68, 0], [74, 0], [101, 0]]",[7.566504897528631e-06]
layer_0,465,"[[31, [56, 7, 1, 2, 1]], [33, [1, 1, 4, 1, 1]], [35, [10, 1, 1]], [62, 2], [68, 0], [74, 1], [101, 0]]",[7.812354571688942e-06]
layer_0,466,"[[31, [98, 2, 2, 1, 2]], [33, [1, 1, 4, 1, 1]], [35, [10, 1, 1]], [62, 2], [68, 0], [74, 0], [101, 0]]",[7.193450362016152e-06]
layer_0,467,"[[31, [98, 2, 4, 1, 1]], [33, [1, 1, 2, 1, 2]], [35, [5, 1, 2]], [62, 2], [68, 0], [74, 0], [101, 0]]",[7.833579283110573e-06]
layer_0,468,"[[31, [98, 2, 4, 1, 1]], [33, [1, 1, 2, 2, 1]], [35, [5, 2, 1]], [62, 2], [68, 0], [74, 3], [101, 0]]",[7.753253948967193e-06]
layer_0,469,"[[31, [98, 2, 2, 1, 2]], [33, [1, 1, 4, 1, 1]], [35, [5, 2, 1]], [62, 2], [68, 0], [74, 0], [101, 0]]",[8.1235955167929e-06]
layer_0,470,"[[31, [49, 4, 4, 1, 1]], [33, [1, 1, 2, 2, 1]], [35, [5, 1, 2]], [62, 2], [68, 0], [74, 0], [101, 0]]",[7.815309993924667e-06]
layer_0,471,"[[31, [49, 4, 4, 1, 1]], [33, [1, 1, 2, 1, 2]], [35, [5, 2, 1]], [62, 2], [68, 0], [74, 0], [101, 0]]",[7.833145648579588e-06]
layer_0,472,"[[31, [49, 4, 4, 1, 1]], [33, [1, 1, 2, 2, 1]], [35, [5, 2, 1]], [62, 2], [68, 0], [74, 0], [101, 0]]",[7.825963244228431e-06]
layer_0,473,"[[31, [49, 4, 2, 2, 1]], [33, [1, 1, 4, 1, 1]], [35, [10, 1, 1]], [62, 3], [68, 0], [74, 1], [101, 0]]",[10000000000]
layer_0,474,"[[31, [49, 4, 4, 1, 1]], [33, [1, 1, 4, 1, 1]], [35, [5, 2, 1]], [62, 3], [68, 0], [74, 0], [101, 0]]",[10000000000]
layer_0,475,"[[31, [98, 2, 4, 1, 1]], [33, [1, 1, 4, 1, 1]], [35, [5, 1, 2]], [62, 3], [68, 0], [74, 1], [101, 0]]",[10000000000]
layer_0,476,"[[31, [98, 4, 1, 2, 1]], [33, [1, 1, 4, 1, 1]], [35, [10, 1, 1]], [62, 2], [68, 0], [74, 1], [101, 0]]",[7.609687213161053e-06]
layer_0,477,"[[31, [49, 4, 2, 2, 1]], [33, [1, 1, 4, 1, 1]], [35, [5, 2, 1]], [62, 3], [68, 0], [74, 0], [101, 0]]",[10000000000]
layer_0,478,"[[31, [98, 2, 1, 4, 1]], [33, [1, 1, 4, 1, 1]], [35, [5, 2, 1]], [62, 2], [68, 0], [74, 0], [101, 0]]",[7.999431843497633e-06]
layer_0,479,"[[31, [98, 2, 1, 2, 2]], [33, [1, 1, 4, 1, 1]], [35, [5, 2, 1]], [62, 2], [68, 0], [74, 0], [101, 0]]",[7.99875652782639e-06]
layer_0,480,"[[31, [98, 2, 1, 2, 2]], [33, [1, 1, 4, 1, 1]], [35, [5, 1, 2]], [62, 2], [68, 0], [74, 0], [101, 0]]",[7.876164199944149e-06]
layer_0,481,"[[31, [98, 2, 1, 4, 1]], [33, [1, 1, 4, 1, 1]], [35, [5, 1, 2]], [62, 2], [68, 0], [74, 0], [101, 0]]",[7.875190197716514e-06]
layer_0,482,"[[31, [56, 7, 1, 1, 2]], [33, [1, 1, 4, 1, 1]], [35, [5, 2, 1]], [62, 2], [68, 0], [74, 1], [101, 0]]",[7.617954756645594e-06]
layer_0,483,"[[31, [56, 7, 1, 1, 2]], [33, [1, 1, 4, 1, 1]], [35, [10, 1, 1]], [62, 2], [68, 0], [74, 2], [101, 0]]",[9.418754724076336e-06]
layer_0,484,"[[31, [98, 4, 2, 1, 1]], [33, [1, 1, 4, 1, 1]], [35, [5, 1, 2]], [62, 2], [68, 0], [74, 0], [101, 0]]",[7.605373816446731e-06]
layer_0,485,"[[31, [98, 4, 2, 1, 1]], [33, [1, 1, 4, 1, 1]], [35, [5, 2, 1]], [62, 2], [68, 0], [74, 0], [101, 0]]",[7.436680590364801e-06]
layer_0,486,"[[31, [98, 4, 1, 2, 1]], [33, [1, 1, 4, 1, 1]], [35, [10, 1, 1]], [62, 2], [68, 0], [74, 0], [101, 0]]",[8.46331956257594e-06]
layer_0,487,"[[31, [98, 4, 1, 1, 2]], [33, [1, 1, 4, 1, 1]], [35, [10, 1, 1]], [62, 2], [68, 0], [74, 0], [101, 0]]",[8.46245854961832e-06]
layer_0,488,"[[31, [49, 4, 4, 1, 1]], [33, [1, 1, 2, 1, 2]], [35, [10, 1, 1]], [62, 3], [68, 0], [74, 0], [101, 0]]",[10000000000]
layer_0,489,"[[31, [49, 4, 1, 4, 1]], [33, [1, 1, 4, 1, 1]], [35, [5, 2, 1]], [62, 2], [68, 0], [74, 0], [101, 0]]",[8.001744127392316e-06]
layer_0,490,"[[31, [98, 2, 4, 1, 1]], [33, [1, 1, 2, 1, 2]], [35, [10, 1, 1]], [62, 3], [68, 0], [74, 0], [101, 0]]",[10000000000]
layer_0,491,"[[31, [49, 2, 4, 1, 2]], [33, [1, 1, 2, 2, 1]], [35, [10, 1, 1]], [62, 2], [68, 0], [74, 0], [101, 0]]",[8.421272307438562e-06]
layer_0,492,"[[31, [112, 7, 1, 1, 1]], [33, [1, 1, 4, 1, 1]], [35, [5, 2, 1]], [62, 2], [68, 0], [74, 0], [101, 0]]",[8.590110151365582e-06]
layer_0,493,"[[31, [49, 4, 2, 2, 1]], [33, [1, 1, 4, 1, 1]], [35, [10, 1, 1]], [62, 3], [68, 0], [74, 2], [101, 0]]",[10000000000]
layer_0,494,"[[31, [56, 7, 1, 2, 1]], [33, [1, 1, 2, 2, 1]], [35, [5, 1, 2]], [62, 2], [68, 0], [74, 0], [101, 0]]",[7.900364232135808e-06]
layer_0,495,"[[31, [49, 4, 2, 2, 1]], [33, [1, 1, 4, 1, 1]], [35, [5, 1, 2]], [62, 2], [68, 0], [74, 2], [101, 0]]",[8.351902222680626e-06]
layer_0,496,"[[31, [49, 4, 2, 1, 2]], [33, [1, 1, 4, 1, 1]], [35, [5, 2, 1]], [62, 2], [68, 0], [74, 2], [101, 0]]",[7.839403091060987e-06]
layer_0,497,"[[31, [56, 7, 1, 2, 1]], [33, [1, 1, 4, 1, 1]], [35, [5, 2, 1]], [62, 2], [68, 0], [74, 2], [101, 0]]",[8.244024301336572e-06]
layer_0,498,"[[31, [56, 7, 1, 1, 2]], [33, [1, 1, 4, 1, 1]], [35, [5, 1, 2]], [62, 2], [68, 0], [74, 2], [101, 0]]",[9.08545693879246e-06]
layer_0,499,"[[31, [98, 2, 4, 1, 1]], [33, [1, 1, 2, 2, 1]], [35, [5, 2, 1]], [62, 3], [68, 0], [74, 0], [101, 0]]",[10000000000]
layer_0,500,"[[31, [98, 2, 4, 1, 1]], [33, [1, 1, 2, 1, 2]], [35, [5, 1, 2]], [62, 3], [68, 0], [74, 3], [101, 0]]",[10000000000]
layer_0,501,"[[31, [98, 2, 4, 1, 1]], [33, [1, 1, 2, 1, 2]], [35, [5, 2, 1]], [62, 3], [68, 0], [74, 3], [101, 0]]",[10000000000]
layer_0,502,"[[31, [49, 2, 4, 1, 2]], [33, [1, 1, 2, 2, 1]], [35, [10, 1, 1]], [62, 2], [68, 0], [74, 1], [101, 0]]",[7.866839079646017e-06]
layer_0,503,"[[31, [56, 14, 1, 1, 1]], [33, [1, 1, 4, 1, 1]], [35, [5, 1, 2]], [62, 2], [68, 0], [74, 0], [101, 0]]",[8.609594395504252e-06]
layer_0,504,"[[31, [98, 2, 4, 1, 1]], [33, [1, 1, 2, 1, 2]], [35, [5, 1, 2]], [62, 2], [68, 0], [74, 2], [101, 0]]",[8.602686701054049e-06]
layer_0,505,"[[31, [49, 8, 2, 1, 1]], [33, [1, 1, 2, 2, 1]], [35, [10, 1, 1]], [62, 2], [68, 0], [74, 2], [101, 0]]",[8.513795868772782e-06]
layer_0,506,"[[31, [49, 8, 1, 2, 1]], [33, [1, 1, 4, 1, 1]], [35, [10, 1, 1]], [62, 2], [68, 0], [74, 0], [101, 0]]",[8.472906770706332e-06]
layer_0,507,"[[31, [98, 8, 1, 1, 1]], [33, [1, 1, 4, 1, 1]], [35, [5, 1, 2]], [62, 2], [68, 0], [74, 0], [101, 0]]",[8.862196939782823e-06]
layer_0,508,"[[31, [7, 14, 8, 1, 1]], [33, [4, 1, 1, 1, 1]], [35, [5, 1, 2]], [62, 1], [68, 1], [74, 0], [101, 2]]",[1.9515622416302765e-05]
layer_0,509,"[[31, [1, 28, 14, 1, 2]], [33, [2, 1, 1, 2, 1]], [35, [10, 1, 1]], [62, 2], [68, 2], [74, 1], [101, 0]]",[3.1211928903654486e-05]
layer_0,510,"[[31, [2, 56, 1, 7, 1]], [33, [1, 1, 4, 1, 1]], [35, [2, 5, 1]], [62, 0], [68, 3], [74, 2], [101, 4]]",[3.2394897065897065e-05]
layer_0,511,"[[31, [98, 2, 2, 1, 2]], [33, [1, 1, 4, 1, 1]], [35, [5, 1, 2]], [62, 2], [68, 0], [74, 1], [101, 0]]",[6.870162588339223e-06]
layer_0,512,"[[31, [49, 4, 4, 1, 1]], [33, [1, 1, 4, 1, 1]], [35, [5, 2, 1]], [62, 2], [68, 0], [74, 1], [101, 0]]",[7.226231399097357e-06]
layer_0,513,"[[31, [49, 4, 2, 1, 2]], [33, [1, 1, 2, 2, 1]], [35, [10, 1, 1]], [62, 2], [68, 0], [74, 0], [101, 0]]",[6.946783064740206e-06]
layer_0,514,"[[31, [98, 2, 4, 1, 1]], [33, [1, 1, 2, 1, 2]], [35, [10, 1, 1]], [62, 2], [68, 0], [74, 0], [101, 0]]",[7.420584790987252e-06]
layer_0,515,"[[31, [56, 7, 2, 1, 1]], [33, [1, 1, 4, 1, 1]], [35, [10, 1, 1]], [62, 2], [68, 0], [74, 0], [101, 0]]",[7.973767665319799e-06]
layer_0,516,"[[31, [49, 4, 2, 1, 2]], [33, [1, 1, 2, 1, 2]], [35, [5, 2, 1]], [62, 2], [68, 0], [74, 0], [101, 0]]",[7.288621762740185e-06]
layer_0,517,"[[31, [49, 4, 2, 1, 2]], [33, [1, 1, 2, 2, 1]], [35, [5, 2, 1]], [62, 2], [68, 0], [74, 0], [101, 0]]",[7.288550055694793e-06]
layer_0,518,"[[31, [98, 2, 2, 1, 2]], [33, [1, 1, 4, 1, 1]], [35, [10, 1, 1]], [62, 2], [68, 0], [74, 1], [101, 0]]",[7.3014580899532714e-06]
layer_0,519,"[[31, [98, 2, 2, 2, 1]], [33, [1, 1, 4, 1, 1]], [35, [10, 1, 1]], [62, 2], [68, 0], [74, 1], [101, 0]]",[7.3017639456775705e-06]
layer_0,520,"[[31, [98, 2, 2, 1, 2]], [33, [1, 1, 2, 1, 2]], [35, [5, 1, 2]], [62, 2], [68, 0], [74, 0], [101, 0]]",[7.288767055393586e-06]
layer_0,521,"[[31, [49, 4, 4, 1, 1]], [33, [1, 1, 2, 1, 2]], [35, [5, 2, 1]], [62, 3], [68, 0], [74, 1], [101, 0]]",[10000000000]
layer_0,522,"[[31, [98, 2, 2, 1, 2]], [33, [1, 1, 4, 1, 1]], [35, [5, 2, 1]], [62, 2], [68, 0], [74, 3], [101, 0]]",[7.550966488036833e-06]
layer_0,523,"[[31, [98, 4, 2, 1, 1]], [33, [1, 1, 2, 2, 1]], [35, [5, 2, 1]], [62, 2], [68, 0], [74, 0], [101, 0]]",[7.70666897827092e-06]
layer_0,524,"[[31, [49, 4, 4, 1, 1]], [33, [1, 1, 2, 1, 2]], [35, [5, 2, 1]], [62, 2], [68, 0], [74, 3], [101, 0]]",[7.736753569258809e-06]
layer_0,525,"[[31, [98, 4, 2, 1, 1]], [33, [1, 1, 4, 1, 1]], [35, [5, 1, 2]], [62, 2], [68, 0], [74, 1], [101, 0]]",[8.041141934993924e-06]
layer_0,526,"[[31, [98, 4, 2, 1, 1]], [33, [1, 1, 4, 1, 1]], [35, [5, 2, 1]], [62, 2], [68, 0], [74, 1], [101, 0]]",[8.037060179977503e-06]
layer_0,527,"[[31, [98, 2, 2, 2, 1]], [33, [1, 1, 4, 1, 1]], [35, [5, 1, 2]], [62, 2], [68, 0], [74, 0], [101, 0]]",[7.692759006977737e-06]
layer_0,528,"[[31, [56, 7, 2, 1, 1]], [33, [1, 1, 4, 1, 1]], [35, [5, 1, 2]], [62, 2], [68, 0], [74, 1], [101, 0]]",[7.857011138958507e-06]
layer_0,529,"[[31, [98, 2, 4, 1, 1]], [33, [1, 1, 2, 2, 1]], [35, [5, 2, 1]], [62, 2], [68, 0], [74, 0], [101, 0]]",[7.837783945929526e-06]
layer_0,530,"[[31, [98, 2, 4, 1, 1]], [33, [1, 1, 2, 2, 1]], [35, [5, 1, 2]], [62, 2], [68, 0], [74, 0], [101, 0]]",[7.83980543742406e-06]
layer_0,531,"[[31, [56, 7, 2, 1, 1]], [33, [1, 1, 4, 1, 1]], [35, [10, 1, 1]], [62, 2], [68, 0], [74, 1], [101, 0]]",[8.214241993873573e-06]
layer_0,532,"[[31, [98, 2, 2, 2, 1]], [33, [1, 1, 4, 1, 1]], [35, [10, 1, 1]], [62, 2], [68, 0], [74, 2], [101, 0]]",[7.807282684441752e-06]
layer_0,533,"[[31, [98, 4, 2, 1, 1]], [33, [1, 1, 4, 1, 1]], [35, [10, 1, 1]], [62, 2], [68, 0], [74, 0], [101, 0]]",[8.000539489671931e-06]
layer_0,534,"[[31, [196, 2, 2, 1, 1]], [33, [1, 1, 4, 1, 1]], [35, [10, 1, 1]], [62, 2], [68, 0], [74, 1], [101, 0]]",[8.288953634085213e-06]
layer_0,535,"[[31, [49, 4, 4, 1, 1]], [33, [1, 1, 4, 1, 1]], [35, [5, 2, 1]], [62, 3], [68, 0], [74, 1], [101, 0]]",[10000000000]
layer_0,536,"[[31, [98, 4, 2, 1, 1]], [33, [1, 1, 4, 1, 1]], [35, [10, 1, 1]], [62, 2], [68, 0], [74, 1], [101, 0]]",[8.295815233900365e-06]
layer_0,537,"[[31, [56, 7, 1, 2, 1]], [33, [1, 1, 4, 1, 1]], [35, [5, 1, 2]], [62, 2], [68, 0], [74, 1], [101, 0]]",[7.802614630731536e-06]
layer_0,538,"[[31, [49, 4, 1, 4, 1]], [33, [1, 1, 2, 2, 1]], [35, [10, 1, 1]], [62, 2], [68, 0], [74, 0], [101, 0]]",[7.803439951901398e-06]
layer_0,539,"[[31, [49, 4, 1, 4, 1]], [33, [1, 1, 2, 1, 2]], [35, [10, 1, 1]], [62, 2], [68, 0], [74, 0], [101, 0]]",[7.810644213244227e-06]
layer_0,540,"[[31, [49, 4, 2, 2, 1]], [33, [1, 1, 2, 1, 2]], [35, [5, 2, 1]], [62, 2], [68, 0], [74, 1], [101, 0]]",[7.66674099378882e-06]
layer_0,541,"[[31, [49, 4, 2, 1, 2]], [33, [1, 1, 2, 2, 1]], [35, [5, 2, 1]], [62, 2], [68, 0], [74, 1], [101, 0]]",[7.660963249788792e-06]
layer_0,542,"[[31, [98, 2, 2, 1, 2]], [33, [1, 1, 2, 1, 2]], [35, [5, 1, 2]], [62, 2], [68, 0], [74, 1], [101, 0]]",[7.664957950431634e-06]
layer_0,543,"[[31, [98, 2, 2, 2, 1]], [33, [1, 1, 2, 2, 1]], [35, [5, 1, 2]], [62, 2], [68, 0], [74, 1], [101, 0]]",[7.65635981166464e-06]
layer_0,544,"[[31, [49, 4, 2, 2, 1]], [33, [1, 1, 2, 2, 1]], [35, [5, 1, 2]], [62, 2], [68, 0], [74, 2], [101, 0]]",[9.091345175866041e-06]
layer_0,545,"[[31, [49, 4, 2, 1, 2]], [33, [1, 1, 2, 1, 2]], [35, [5, 1, 2]], [62, 2], [68, 0], [74, 2], [101, 0]]",[9.084349058971141e-06]
layer_0,546,"[[31, [49, 4, 2, 2, 1]], [33, [1, 1, 2, 2, 1]], [35, [10, 1, 1]], [62, 2], [68, 0], [74, 3], [101, 0]]",[8.659628849138282e-06]
layer_0,547,"[[31, [196, 2, 1, 1, 2]], [33, [1, 1, 4, 1, 1]], [35, [5, 1, 2]], [62, 2], [68, 0], [74, 1], [101, 0]]",[8.238580877885785e-06]
layer_0,548,"[[31, [49, 4, 2, 2, 1]], [33, [1, 1, 2, 2, 1]], [35, [10, 1, 1]], [62, 2], [68, 0], [74, 1], [101, 0]]",[7.56807567529936e-06]
layer_0,549,"[[31, [49, 4, 2, 2, 1]], [33, [1, 1, 4, 1, 1]], [35, [5, 1, 2]], [62, 0], [68, 0], [74, 1], [101, 0]]",[1.604461085801063e-05]
layer_0,550,"[[31, [49, 4, 4, 1, 1]], [33, [1, 1, 1, 2, 2]], [35, [5, 2, 1]], [62, 2], [68, 0], [74, 0], [101, 0]]",[7.876825605680869e-06]
layer_0,551,"[[31, [49, 4, 4, 1, 1]], [33, [1, 1, 1, 2, 2]], [35, [5, 1, 2]], [62, 2], [68, 0], [74, 0], [101, 0]]",[8.213219851154313e-06]
layer_0,552,"[[31, [98, 2, 2, 1, 2]], [33, [1, 1, 4, 1, 1]], [35, [5, 1, 2]], [62, 0], [68, 0], [74, 1], [101, 0]]",[1.6037667167355113e-05]
layer_0,553,"[[31, [49, 4, 4, 1, 1]], [33, [1, 1, 2, 2, 1]], [35, [5, 1, 2]], [62, 1], [68, 0], [74, 1], [101, 0]]",[9.421739019227377e-06]
layer_0,554,"[[31, [49, 4, 4, 1, 1]], [33, [1, 1, 2, 1, 2]], [35, [5, 1, 2]], [62, 1], [68, 0], [74, 1], [101, 0]]",[9.423397416913457e-06]
layer_0,555,"[[31, [98, 2, 2, 2, 1]], [33, [1, 1, 4, 1, 1]], [35, [5, 1, 2]], [62, 2], [68, 0], [74, 2], [101, 0]]",[8.35002764768092e-06]
layer_0,556,"[[31, [98, 2, 2, 1, 2]], [33, [1, 1, 4, 1, 1]], [35, [5, 2, 1]], [62, 2], [68, 0], [74, 2], [101, 0]]",[7.862429337231969e-06]
layer_0,557,"[[31, [56, 7, 1, 2, 1]], [33, [1, 1, 2, 2, 1]], [35, [10, 1, 1]], [62, 2], [68, 0], [74, 0], [101, 0]]",[8.225667570900123e-06]
layer_0,558,"[[31, [56, 7, 1, 2, 1]], [33, [1, 1, 2, 1, 2]], [35, [10, 1, 1]], [62, 2], [68, 0], [74, 0], [101, 0]]",[8.227037756025334e-06]
layer_0,559,"[[31, [98, 2, 4, 1, 1]], [33, [1, 1, 4, 1, 1]], [35, [5, 1, 2]], [62, 3], [68, 0], [74, 2], [101, 0]]",[10000000000]
layer_0,560,"[[31, [98, 2, 4, 1, 1]], [33, [1, 1, 4, 1, 1]], [35, [5, 2, 1]], [62, 3], [68, 0], [74, 2], [101, 0]]",[10000000000]
layer_0,561,"[[31, [49, 4, 4, 1, 1]], [33, [1, 1, 2, 1, 2]], [35, [10, 1, 1]], [62, 3], [68, 0], [74, 1], [101, 0]]",[10000000000]
layer_0,562,"[[31, [49, 4, 4, 1, 1]], [33, [1, 1, 2, 2, 1]], [35, [10, 1, 1]], [62, 3], [68, 0], [74, 1], [101, 0]]",[10000000000]
layer_0,563,"[[31, [49, 8, 1, 2, 1]], [33, [1, 1, 2, 2, 1]], [35, [5, 1, 2]], [62, 2], [68, 0], [74, 0], [101, 0]]",[8.043859280072903e-06]
layer_0,564,"[[31, [98, 2, 4, 1, 1]], [33, [1, 1, 2, 2, 1]], [35, [5, 2, 1]], [62, 2], [68, 0], [74, 2], [101, 0]]",[8.014828181565024e-06]
layer_0,565,"[[31, [49, 8, 2, 1, 1]], [33, [1, 1, 2, 1, 2]], [35, [10, 1, 1]], [62, 2], [68, 0], [74, 0], [101, 0]]",[7.729090813497754e-06]
layer_0,566,"[[31, [98, 2, 2, 1, 2]], [33, [1, 1, 4, 1, 1]], [35, [10, 1, 1]], [62, 2], [68, 0], [74, 3], [101, 0]]",[9.265400629387556e-06]
layer_0,567,"[[31, [98, 2, 2, 2, 1]], [33, [1, 1, 4, 1, 1]], [35, [10, 1, 1]], [62, 2], [68, 0], [74, 3], [101, 0]]",[9.267314243170494e-06]
layer_0,568,"[[31, [98, 2, 2, 2, 1]], [33, [1, 1, 4, 1, 1]], [35, [5, 2, 1]], [62, 1], [68, 0], [74, 1], [101, 0]]",[8.841634748272458e-06]
layer_0,569,"[[31, [98, 4, 2, 1, 1]], [33, [1, 1, 2, 2, 1]], [35, [10, 1, 1]], [62, 2], [68, 0], [74, 0], [101, 0]]",[7.730331015922853e-06]
layer_0,570,"[[31, [98, 4, 2, 1, 1]], [33, [1, 1, 2, 1, 2]], [35, [10, 1, 1]], [62, 2], [68, 0], [74, 0], [101, 0]]",[7.730786414264543e-06]
layer_0,571,"[[31, [49, 4, 2, 2, 1]], [33, [1, 1, 4, 1, 1]], [35, [5, 1, 2]], [62, 1], [68, 0], [74, 1], [101, 0]]",[8.72792374136229e-06]
layer_0,572,"[[31, [14, 28, 2, 1, 1]], [33, [1, 1, 2, 2, 1]], [35, [2, 5, 1]], [62, 1], [68, 1], [74, 0], [101, 4]]",[2.520949366856304e-05]
layer_0,573,"[[31, [4, 7, 7, 2, 2]], [33, [1, 4, 1, 1, 1]], [35, [10, 1, 1]], [62, 1], [68, 3], [74, 3], [101, 3]]",[1.3089222270037655e-05]
layer_0,574,"[[31, [196, 2, 2, 1, 1]], [33, [4, 1, 1, 1, 1]], [35, [2, 5, 1]], [62, 2], [68, 1], [74, 1], [101, 1]]",[3.8799738302502724e-05]
layer_0,575,"[[31, [49, 4, 4, 1, 1]], [33, [1, 1, 2, 1, 2]], [35, [5, 2, 1]], [62, 2], [68, 0], [74, 1], [101, 0]]",[7.128220690615428e-06]
layer_0,576,"[[31, [98, 2, 2, 2, 1]], [33, [1, 1, 4, 1, 1]], [35, [5, 2, 1]], [62, 2], [68, 0], [74, 1], [101, 0]]",[6.724598456893661e-06]
layer_0,577,"[[31, [98, 2, 4, 1, 1]], [33, [1, 1, 2, 2, 1]], [35, [5, 1, 2]], [62, 2], [68, 0], [74, 1], [101, 0]]",[6.838567199890621e-06]
layer_0,578,"[[31, [98, 2, 4, 1, 1]], [33, [1, 1, 2, 1, 2]], [35, [5, 2, 1]], [62, 2], [68, 0], [74, 1], [101, 0]]",[6.8331838742740006e-06]
layer_0,579,"[[31, [98, 2, 4, 1, 1]], [33, [1, 1, 2, 2, 1]], [35, [5, 2, 1]], [62, 2], [68, 0], [74, 1], [101, 0]]",[6.8328702514348185e-06]
layer_0,580,"[[31, [98, 2, 2, 1, 2]], [33, [1, 1, 2, 1, 2]], [35, [10, 1, 1]], [62, 2], [68, 0], [74, 0], [101, 0]]",[6.948857486780448e-06]
layer_0,581,"[[31, [98, 2, 2, 2, 1]], [33, [1, 1, 2, 2, 1]], [35, [10, 1, 1]], [62, 2], [68, 0], [74, 0], [101, 0]]",[6.948659178636968e-06]
layer_0,582,"[[31, [98, 2, 2, 2, 1]], [33, [1, 1, 4, 1, 1]], [35, [10, 1, 1]], [62, 2], [68, 0], [74, 0], [101, 0]]",[7.186707423879576e-06]
layer_0,583,"[[31, [98, 2, 2, 2, 1]], [33, [1, 1, 2, 2, 1]], [35, [5, 1, 2]], [62, 2], [68, 0], [74, 0], [101, 0]]",[7.300534350067077e-06]
layer_0,584,"[[31, [98, 2, 2, 1, 2]], [33, [1, 1, 2, 2, 1]], [35, [5, 1, 2]], [62, 2], [68, 0], [74, 0], [101, 0]]",[7.385640432211434e-06]
layer_0,585,"[[31, [98, 2, 2, 1, 2]], [33, [1, 1, 2, 2, 1]], [35, [5, 2, 1]], [62, 2], [68, 0], [74, 0], [101, 0]]",[7.29338161220437e-06]
layer_0,586,"[[31, [98, 2, 4, 1, 1]], [33, [1, 1, 2, 1, 2]], [35, [10, 1, 1]], [62, 2], [68, 0], [74, 1], [101, 0]]",[7.478663296546814e-06]
layer_0,587,"[[31, [49, 4, 2, 2, 1]], [33, [1, 1, 2, 2, 1]], [35, [5, 2, 1]], [62, 2], [68, 0], [74, 0], [101, 0]]",[7.293432171678464e-06]
layer_0,588,"[[31, [49, 4, 2, 2, 1]], [33, [1, 1, 2, 1, 2]], [35, [5, 2, 1]], [62, 2], [68, 0], [74, 0], [101, 0]]",[7.294110623781677e-06]
layer_0,589,"[[31, [56, 7, 2, 1, 1]], [33, [1, 1, 2, 1, 2]], [35, [5, 1, 2]], [62, 2], [68, 0], [74, 0], [101, 0]]",[7.687553007290401e-06]
layer_0,590,"[[31, [49, 8, 2, 1, 1]], [33, [1, 1, 2, 1, 2]], [35, [5, 1, 2]], [62, 2], [68, 0], [74, 0], [101, 0]]",[7.713290782876977e-06]
layer_0,591,"[[31, [98, 2, 4, 1, 1]], [33, [1, 1, 2, 1, 2]], [35, [5, 2, 1]], [62, 3], [68, 0], [74, 1], [101, 0]]",[10000000000]
layer_0,592,"[[31, [98, 2, 2, 2, 1]], [33, [1, 1, 4, 1, 1]], [35, [5, 1, 2]], [62, 2], [68, 0], [74, 3], [101, 0]]",[7.4161043031941705e-06]
layer_0,593,"[[31, [98, 4, 2, 1, 1]], [33, [1, 1, 2, 1, 2]], [35, [5, 2, 1]], [62, 2], [68, 0], [74, 0], [101, 0]]",[7.707980168493252e-06]
layer_0,594,"[[31, [98, 4, 2, 1, 1]], [33, [1, 1, 2, 2, 1]], [35, [10, 1, 1]], [62, 2], [68, 0], [74, 1], [101, 0]]",[7.812598231690337e-06]
layer_0,595,"[[31, [98, 2, 2, 1, 2]], [33, [1, 1, 2, 1, 2]], [35, [10, 1, 1]], [62, 2], [68, 0], [74, 1], [101, 0]]",[7.556598162071846e-06]
layer_0,596,"[[31, [98, 2, 2, 2, 1]], [33, [1, 1, 2, 2, 1]], [35, [10, 1, 1]], [62, 2], [68, 0], [74, 1], [101, 0]]",[7.557096908939014e-06]
layer_0,597,"[[31, [98, 2, 2, 2, 1]], [33, [1, 1, 2, 1, 2]], [35, [10, 1, 1]], [62, 2], [68, 0], [74, 1], [101, 0]]",[7.557596212754106e-06]
layer_0,598,"[[31, [98, 2, 2, 1, 2]], [33, [1, 1, 2, 2, 1]], [35, [5, 1, 2]], [62, 2], [68, 0], [74, 1], [101, 0]]",[7.65107176488457e-06]
layer_0,599,"[[31, [98, 2, 2, 1, 2]], [33, [1, 1, 2, 1, 2]], [35, [5, 2, 1]], [62, 2], [68, 0], [74, 1], [101, 0]]",[7.651484696532476e-06]
layer_0,600,"[[31, [98, 2, 2, 2, 1]], [33, [1, 1, 4, 1, 1]], [35, [5, 2, 1]], [62, 2], [68, 0], [74, 0], [101, 0]]",[7.669545929534703e-06]
layer_0,601,"[[31, [98, 2, 4, 1, 1]], [33, [1, 1, 1, 2, 2]], [35, [5, 2, 1]], [62, 2], [68, 0], [74, 0], [101, 0]]",[7.879029234023267e-06]
layer_0,602,"[[31, [98, 2, 4, 1, 1]], [33, [1, 1, 2, 1, 2]], [35, [5, 2, 1]], [62, 2], [68, 0], [74, 0], [101, 0]]",[7.83353175659801e-06]
layer_0,603,"[[31, [98, 4, 2, 1, 1]], [33, [1, 1, 4, 1, 1]], [35, [5, 2, 1]], [62, 3], [68, 0], [74, 0], [101, 0]]",[10000000000]
layer_0,604,"[[31, [98, 4, 2, 1, 1]], [33, [1, 1, 4, 1, 1]], [35, [5, 1, 2]], [62, 3], [68, 0], [74, 0], [101, 0]]",[10000000000]
layer_0,605,"[[31, [49, 2, 4, 2, 1]], [33, [1, 1, 2, 2, 1]], [35, [5, 2, 1]], [62, 2], [68, 0], [74, 1], [101, 0]]",[7.645739851693296e-06]
layer_0,606,"[[31, [98, 2, 2, 1, 2]], [33, [1, 1, 4, 1, 1]], [35, [5, 1, 2]], [62, 3], [68, 0], [74, 1], [101, 0]]",[10000000000]
layer_0,607,"[[31, [98, 2, 4, 1, 1]], [33, [1, 1, 4, 1, 1]], [35, [10, 1, 1]], [62, 2], [68, 0], [74, 1], [101, 0]]",[7.760804408873911e-06]
layer_0,608,"[[31, [49, 4, 2, 2, 1]], [33, [1, 1, 2, 2, 1]], [35, [5, 2, 1]], [62, 2], [68, 0], [74, 1], [101, 0]]",[7.65285071543347e-06]
layer_0,609,"[[31, [49, 4, 2, 2, 1]], [33, [1, 1, 2, 1, 2]], [35, [5, 1, 2]], [62, 2], [68, 0], [74, 1], [101, 0]]",[7.64931139143731e-06]
layer_0,610,"[[31, [98, 2, 1, 1, 4]], [33, [1, 1, 4, 1, 1]], [35, [5, 2, 1]], [62, 2], [68, 0], [74, 0], [101, 0]]",[7.993217551150894e-06]
layer_0,611,"[[31, [98, 2, 1, 1, 4]], [33, [1, 1, 4, 1, 1]], [35, [5, 1, 2]], [62, 2], [68, 0], [74, 0], [101, 0]]",[7.869356014580802e-06]
layer_0,612,"[[31, [98, 2, 2, 1, 2]], [33, [1, 1, 2, 2, 1]], [35, [5, 1, 2]], [62, 2], [68, 0], [74, 2], [101, 0]]",[9.090007779171895e-06]
layer_0,613,"[[31, [98, 2, 2, 2, 1]], [33, [1, 1, 2, 2, 1]], [35, [5, 2, 1]], [62, 2], [68, 0], [74, 2], [101, 0]]",[9.09156457716354e-06]
layer_0,614,"[[31, [98, 2, 2, 2, 1]], [33, [1, 1, 2, 2, 1]], [35, [5, 1, 2]], [62, 2], [68, 0], [74, 2], [101, 0]]",[9.090648239552485e-06]
layer_0,615,"[[31, [49, 2, 4, 2, 1]], [33, [1, 1, 4, 1, 1]], [35, [5, 1, 2]], [62, 2], [68, 0], [74, 1], [101, 0]]",[8.158752325012237e-06]
layer_0,616,"[[31, [49, 4, 2, 1, 2]], [33, [1, 1, 2, 1, 2]], [35, [10, 1, 1]], [62, 2], [68, 0], [74, 1], [101, 0]]",[7.5576673628515735e-06]
layer_0,617,"[[31, [49, 8, 2, 1, 1]], [33, [1, 1, 2, 2, 1]], [35, [10, 1, 1]], [62, 2], [68, 0], [74, 0], [101, 0]]",[7.73062477217497e-06]
layer_0,618,"[[31, [98, 2, 2, 1, 2]], [33, [1, 1, 4, 1, 1]], [35, [10, 1, 1]], [62, 3], [68, 0], [74, 0], [101, 0]]",[10000000000]
layer_0,619,"[[31, [49, 4, 4, 1, 1]], [33, [1, 1, 2, 1, 2]], [35, [5, 2, 1]], [62, 3], [68, 0], [74, 3], [101, 0]]",[10000000000]
layer_0,620,"[[31, [49, 4, 4, 1, 1]], [33, [1, 1, 2, 1, 2]], [35, [5, 1, 2]], [62, 3], [68, 0], [74, 3], [101, 0]]",[10000000000]
layer_0,621,"[[31, [98, 2, 4, 1, 1]], [33, [1, 1, 1, 4, 1]], [35, [5, 2, 1]], [62, 2], [68, 0], [74, 1], [101, 0]]",[1.0059421727216477e-05]
layer_0,622,"[[31, [98, 4, 1, 2, 1]], [33, [1, 1, 4, 1, 1]], [35, [5, 2, 1]], [62, 2], [68, 0], [74, 1], [101, 0]]",[8.238425045565006e-06]
layer_0,623,"[[31, [49, 4, 2, 1, 2]], [33, [1, 1, 2, 1, 2]], [35, [5, 2, 1]], [62, 2], [68, 0], [74, 2], [101, 0]]",[9.09116497461929e-06]
layer_0,624,"[[31, [49, 4, 2, 2, 1]], [33, [1, 1, 2, 2, 1]], [35, [5, 2, 1]], [62, 2], [68, 0], [74, 2], [101, 0]]",[9.090316222441593e-06]
layer_0,625,"[[31, [49, 4, 2, 2, 1]], [33, [1, 1, 2, 1, 2]], [35, [5, 2, 1]], [62, 2], [68, 0], [74, 2], [101, 0]]",[9.091708159829893e-06]
layer_0,626,"[[31, [49, 4, 4, 1, 1]], [33, [1, 1, 2, 1, 2]], [35, [5, 1, 2]], [62, 3], [68, 0], [74, 0], [101, 0]]",[10000000000]
layer_0,627,"[[31, [49, 2, 2, 4, 1]], [33, [1, 1, 2, 2, 1]], [35, [10, 1, 1]], [62, 2], [68, 0], [74, 0], [101, 0]]",[7.569013034140562e-06]
layer_0,628,"[[31, [98, 2, 1, 1, 4]], [33, [1, 1, 2, 1, 2]], [35, [10, 1, 1]], [62, 2], [68, 0], [74, 1], [101, 0]]",[8.294277172597434e-06]
layer_0,629,"[[31, [49, 8, 1, 2, 1]], [33, [1, 1, 2, 1, 2]], [35, [5, 2, 1]], [62, 2], [68, 0], [74, 0], [101, 0]]",[8.044945018226002e-06]
layer_0,630,"[[31, [98, 2, 2, 1, 2]], [33, [1, 1, 2, 1, 2]], [35, [10, 1, 1]], [62, 2], [68, 0], [74, 2], [101, 0]]",[8.647815728858178e-06]
layer_0,631,"[[31, [98, 2, 2, 2, 1]], [33, [1, 1, 2, 1, 2]], [35, [10, 1, 1]], [62, 2], [68, 0], [74, 2], [101, 0]]",[8.645832320777644e-06]
layer_0,632,"[[31, [98, 4, 1, 2, 1]], [33, [1, 1, 4, 1, 1]], [35, [5, 2, 1]], [62, 2], [68, 0], [74, 2], [101, 0]]",[8.126463377876017e-06]
layer_0,633,"[[31, [98, 4, 1, 2, 1]], [33, [1, 1, 4, 1, 1]], [35, [5, 1, 2]], [62, 2], [68, 0], [74, 2], [101, 0]]",[8.260821309234509e-06]
layer_0,634,"[[31, [49, 4, 4, 1, 1]], [33, [2, 1, 2, 1, 1]], [35, [10, 1, 1]], [62, 2], [68, 0], [74, 0], [101, 0]]",[8.307998848305364e-06]
layer_0,635,"[[31, [98, 2, 1, 2, 2]], [33, [1, 1, 4, 1, 1]], [35, [10, 1, 1]], [62, 2], [68, 0], [74, 1], [101, 0]]",[8.893476388765837e-06]
layer_0,636,"[[31, [1, 28, 7, 1, 4]], [33, [2, 1, 2, 1, 1]], [35, [5, 1, 2]], [62, 0], [68, 2], [74, 1], [101, 2]]",[3.1009381497797356e-05]
layer_0,637,"[[31, [14, 2, 28, 1, 1]], [33, [2, 1, 1, 2, 1]], [35, [5, 2, 1]], [62, 2], [68, 1], [74, 3], [101, 3]]",[1.5621477879297906e-05]
layer_0,638,"[[31, [2, 196, 2, 1, 1]], [33, [1, 1, 1, 4, 1]], [35, [1, 10, 1]], [62, 3], [68, 3], [74, 1], [101, 1]]",[10000000000]
layer_0,639,"[[31, [98, 2, 2, 1, 2]], [33, [1, 1, 4, 1, 1]], [35, [5, 2, 1]], [62, 2], [68, 0], [74, 1], [101, 0]]",[7.0786794421992275e-06]
layer_0,640,"[[31, [98, 2, 2, 2, 1]], [33, [1, 1, 2, 1, 2]], [35, [10, 1, 1]], [62, 2], [68, 0], [74, 0], [101, 0]]",[6.939468607942362e-06]
layer_0,641,"[[31, [98, 2, 2, 1, 2]], [33, [1, 1, 2, 2, 1]], [35, [10, 1, 1]], [62, 2], [68, 0], [74, 0], [101, 0]]",[6.939781293366639e-06]
layer_0,642,"[[31, [49, 4, 2, 2, 1]], [33, [1, 1, 2, 1, 2]], [35, [10, 1, 1]], [62, 2], [68, 0], [74, 0], [101, 0]]",[6.956921314012986e-06]
layer_0,643,"[[31, [98, 2, 4, 1, 1]], [33, [1, 1, 2, 2, 1]], [35, [10, 1, 1]], [62, 2], [68, 0], [74, 0], [101, 0]]",[7.426374137547295e-06]
layer_0,644,"[[31, [98, 2, 2, 2, 1]], [33, [1, 1, 2, 1, 2]], [35, [5, 2, 1]], [62, 2], [68, 0], [74, 0], [101, 0]]",[7.292928899584337e-06]
layer_0,645,"[[31, [98, 2, 2, 2, 1]], [33, [1, 1, 2, 2, 1]], [35, [5, 2, 1]], [62, 2], [68, 0], [74, 0], [101, 0]]",[7.292012128590108e-06]
layer_0,646,"[[31, [49, 4, 2, 2, 1]], [33, [1, 1, 2, 1, 2]], [35, [5, 1, 2]], [62, 2], [68, 0], [74, 0], [101, 0]]",[7.291820190270076e-06]
layer_0,647,"[[31, [98, 2, 4, 1, 1]], [33, [1, 1, 2, 2, 1]], [35, [10, 1, 1]], [62, 2], [68, 0], [74, 1], [101, 0]]",[7.480774188724391e-06]
layer_0,648,"[[31, [98, 2, 2, 2, 1]], [33, [1, 1, 4, 1, 1]], [35, [5, 2, 1]], [62, 2], [68, 0], [74, 3], [101, 0]]",[7.553652446390818e-06]
layer_0,649,"[[31, [98, 2, 4, 1, 1]], [33, [1, 1, 2, 2, 1]], [35, [5, 1, 2]], [62, 2], [68, 0], [74, 3], [101, 0]]",[7.724080071036985e-06]
layer_0,650,"[[31, [98, 2, 2, 2, 1]], [33, [1, 1, 4, 1, 1]], [35, [5, 2, 1]], [62, 3], [68, 0], [74, 1], [101, 0]]",[10000000000]
layer_0,651,"[[31, [98, 2, 2, 1, 2]], [33, [1, 1, 4, 1, 1]], [35, [5, 2, 1]], [62, 3], [68, 0], [74, 1], [101, 0]]",[10000000000]
layer_0,652,"[[31, [49, 4, 2, 1, 2]], [33, [1, 1, 2, 1, 2]], [35, [5, 1, 2]], [62, 2], [68, 0], [74, 1], [101, 0]]",[7.655188442403368e-06]
layer_0,653,"[[31, [49, 4, 2, 2, 1]], [33, [1, 1, 4, 1, 1]], [35, [5, 1, 2]], [62, 3], [68, 0], [74, 1], [101, 0]]",[10000000000]
layer_0,654,"[[31, [49, 4, 4, 1, 1]], [33, [1, 1, 2, 2, 1]], [35, [5, 1, 2]], [62, 3], [68, 0], [74, 1], [101, 0]]",[10000000000]
layer_0,655,"[[31, [196, 2, 1, 2, 1]], [33, [1, 1, 4, 1, 1]], [35, [10, 1, 1]], [62, 2], [68, 0], [74, 1], [101, 0]]",[7.616779910136319e-06]
layer_0,656,"[[31, [98, 2, 1, 4, 1]], [33, [1, 1, 2, 1, 2]], [35, [10, 1, 1]], [62, 2], [68, 0], [74, 0], [101, 0]]",[7.80320607053683e-06]
layer_0,657,"[[31, [98, 2, 1, 1, 4]], [33, [1, 1, 2, 1, 2]], [35, [10, 1, 1]], [62, 2], [68, 0], [74, 0], [101, 0]]",[7.814224563046193e-06]
layer_0,658,"[[31, [49, 4, 1, 4, 1]], [33, [1, 1, 4, 1, 1]], [35, [5, 1, 2]], [62, 2], [68, 0], [74, 0], [101, 0]]",[7.872460580105119e-06]
layer_0,659,"[[31, [49, 2, 4, 2, 1]], [33, [1, 1, 2, 2, 1]], [35, [5, 2, 1]], [62, 2], [68, 0], [74, 2], [101, 0]]",[8.079546294446664e-06]
layer_0,660,"[[31, [49, 2, 4, 2, 1]], [33, [1, 1, 2, 2, 1]], [35, [5, 1, 2]], [62, 2], [68, 0], [74, 2], [101, 0]]",[7.984109532173079e-06]
layer_0,661,"[[31, [49, 2, 4, 2, 1]], [33, [1, 1, 2, 2, 1]], [35, [10, 1, 1]], [62, 2], [68, 0], [74, 1], [101, 0]]",[7.866260992684654e-06]
layer_0,662,"[[31, [49, 4, 1, 4, 1]], [33, [1, 1, 2, 2, 1]], [35, [10, 1, 1]], [62, 2], [68, 0], [74, 1], [101, 0]]",[8.299916880451513e-06]
layer_0,663,"[[31, [98, 2, 4, 1, 1]], [33, [1, 1, 1, 1, 4]], [35, [10, 1, 1]], [62, 2], [68, 0], [74, 0], [101, 0]]",[8.554692664034023e-06]
layer_0,664,"[[31, [49, 2, 4, 2, 1]], [33, [1, 1, 2, 2, 1]], [35, [10, 1, 1]], [62, 2], [68, 0], [74, 0], [101, 0]]",[8.029317878028405e-06]
layer_0,665,"[[31, [49, 4, 4, 1, 1]], [33, [1, 1, 1, 4, 1]], [35, [5, 2, 1]], [62, 2], [68, 0], [74, 0], [101, 0]]",[7.883586953219927e-06]
layer_0,666,"[[31, [49, 2, 2, 4, 1]], [33, [1, 1, 4, 1, 1]], [35, [5, 2, 1]], [62, 2], [68, 0], [74, 1], [101, 0]]",[8.529730255164035e-06]
layer_0,667,"[[31, [49, 2, 2, 1, 4]], [33, [1, 1, 4, 1, 1]], [35, [5, 2, 1]], [62, 2], [68, 0], [74, 1], [101, 0]]",[8.529320345863869e-06]
layer_0,668,"[[31, [49, 2, 2, 2, 2]], [33, [1, 1, 4, 1, 1]], [35, [5, 2, 1]], [62, 2], [68, 0], [74, 1], [101, 0]]",[8.529956181652491e-06]
layer_0,669,"[[31, [49, 2, 4, 1, 2]], [33, [1, 1, 4, 1, 1]], [35, [5, 1, 2]], [62, 2], [68, 0], [74, 1], [101, 0]]",[8.159727825030377e-06]
layer_0,670,"[[31, [49, 8, 1, 1, 2]], [33, [1, 1, 2, 2, 1]], [35, [5, 2, 1]], [62, 2], [68, 0], [74, 0], [101, 0]]",[8.044480938639126e-06]
layer_0,671,"[[31, [98, 2, 2, 1, 2]], [33, [1, 1, 2, 1, 2]], [35, [10, 1, 1]], [62, 2], [68, 0], [74, 3], [101, 0]]",[8.660840750303768e-06]
layer_0,672,"[[31, [49, 4, 2, 2, 1]], [33, [1, 1, 4, 1, 1]], [35, [10, 1, 1]], [62, 3], [68, 0], [74, 0], [101, 0]]",[10000000000]
layer_0,673,"[[31, [98, 2, 2, 2, 1]], [33, [1, 1, 4, 1, 1]], [35, [5, 2, 1]], [62, 2], [68, 0], [74, 2], [101, 0]]",[7.849992785540706e-06]
layer_0,674,"[[31, [49, 2, 4, 2, 1]], [33, [1, 1, 1, 4, 1]], [35, [10, 1, 1]], [62, 2], [68, 0], [74, 0], [101, 0]]",[8.231275166680385e-06]
layer_0,675,"[[31, [98, 4, 2, 1, 1]], [33, [1, 1, 4, 1, 1]], [35, [5, 2, 1]], [62, 2], [68, 0], [74, 2], [101, 0]]",[8.296281889634846e-06]
layer_0,676,"[[31, [98, 2, 4, 1, 1]], [33, [1, 1, 2, 1, 2]], [35, [5, 2, 1]], [62, 2], [68, 0], [74, 2], [101, 0]]",[8.00559872417983e-06]
layer_0,677,"[[31, [98, 2, 4, 1, 1]], [33, [1, 1, 2, 2, 1]], [35, [5, 1, 2]], [62, 2], [68, 0], [74, 2], [101, 0]]",[8.594947722609767e-06]
layer_0,678,"[[31, [98, 2, 4, 1, 1]], [33, [1, 1, 1, 1, 4]], [35, [5, 2, 1]], [62, 2], [68, 0], [74, 0], [101, 0]]",[7.8814872417983e-06]
layer_0,679,"[[31, [49, 8, 1, 1, 2]], [33, [1, 1, 2, 2, 1]], [35, [10, 1, 1]], [62, 2], [68, 0], [74, 1], [101, 0]]",[8.2960487545565e-06]
layer_0,680,"[[31, [49, 8, 1, 2, 1]], [33, [1, 1, 2, 2, 1]], [35, [10, 1, 1]], [62, 2], [68, 0], [74, 1], [101, 0]]",[8.295970534629405e-06]
layer_0,681,"[[31, [49, 2, 2, 1, 4]], [33, [1, 1, 4, 1, 1]], [35, [5, 2, 1]], [62, 3], [68, 0], [74, 1], [101, 0]]",[10000000000]
layer_0,682,"[[31, [98, 4, 1, 2, 1]], [33, [1, 1, 2, 2, 1]], [35, [5, 2, 1]], [62, 2], [68, 0], [74, 0], [101, 0]]",[8.04321549765187e-06]
layer_0,683,"[[31, [98, 4, 1, 1, 2]], [33, [1, 1, 2, 2, 1]], [35, [5, 2, 1]], [62, 2], [68, 0], [74, 0], [101, 0]]",[8.042463775740268e-06]
layer_0,684,"[[31, [49, 4, 2, 1, 2]], [33, [1, 1, 2, 1, 2]], [35, [10, 1, 1]], [62, 2], [68, 0], [74, 3], [101, 0]]",[8.661356696281672e-06]
layer_0,685,"[[31, [49, 4, 2, 1, 2]], [33, [1, 1, 2, 2, 1]], [35, [10, 1, 1]], [62, 2], [68, 0], [74, 3], [101, 0]]",[8.660904476159586e-06]
layer_0,686,"[[31, [49, 2, 1, 8, 1]], [33, [1, 1, 4, 1, 1]], [35, [10, 1, 1]], [62, 2], [68, 0], [74, 0], [101, 0]]",[7.439612503480925e-06]
layer_0,687,"[[31, [98, 2, 1, 2, 2]], [33, [1, 1, 4, 1, 1]], [35, [5, 2, 1]], [62, 2], [68, 0], [74, 1], [101, 0]]",[9.089640188335358e-06]
layer_0,688,"[[31, [56, 7, 1, 2, 1]], [33, [1, 1, 4, 1, 1]], [35, [5, 1, 2]], [62, 2], [68, 0], [74, 2], [101, 0]]",[9.08395640947752e-06]
layer_0,689,"[[31, [98, 2, 2, 2, 1]], [33, [1, 1, 1, 2, 2]], [35, [10, 1, 1]], [62, 2], [68, 0], [74, 0], [101, 0]]",[7.809841908396947e-06]
layer_0,690,"[[31, [98, 2, 2, 2, 1]], [33, [1, 1, 1, 4, 1]], [35, [10, 1, 1]], [62, 2], [68, 0], [74, 0], [101, 0]]",[7.809254188190991e-06]
layer_0,691,"[[31, [49, 4, 2, 2, 1]], [33, [1, 1, 1, 1, 4]], [35, [10, 1, 1]], [62, 2], [68, 0], [74, 0], [101, 0]]",[7.810388123085491e-06]
layer_0,692,"[[31, [49, 4, 2, 2, 1]], [33, [1, 1, 1, 4, 1]], [35, [10, 1, 1]], [62, 2], [68, 0], [74, 0], [101, 0]]",[7.81087712636695e-06]
layer_0,693,"[[31, [49, 2, 4, 2, 1]], [33, [1, 1, 2, 2, 1]], [35, [5, 2, 1]], [62, 2], [68, 0], [74, 0], [101, 0]]",[7.514873525313517e-06]
layer_0,694,"[[31, [98, 4, 2, 1, 1]], [33, [1, 1, 2, 2, 1]], [35, [5, 1, 2]], [62, 2], [68, 0], [74, 1], [101, 0]]",[7.489819515115235e-06]
layer_0,695,"[[31, [49, 4, 2, 1, 2]], [33, [1, 1, 4, 1, 1]], [35, [5, 2, 1]], [62, 2], [68, 1], [74, 1], [101, 0]]",[1.1239367794134172e-05]
layer_0,696,"[[31, [49, 4, 2, 1, 2]], [33, [1, 1, 4, 1, 1]], [35, [5, 1, 2]], [62, 2], [68, 1], [74, 1], [101, 0]]",[1.1300907182528476e-05]
layer_0,697,"[[31, [2, 196, 1, 1, 2]], [33, [1, 1, 4, 1, 1]], [35, [5, 1, 2]], [62, 2], [68, 0], [74, 0], [101, 0]]",[7.473831105541632e-06]
layer_0,698,"[[31, [98, 2, 2, 1, 2]], [33, [1, 1, 4, 1, 1]], [35, [5, 2, 1]], [62, 2], [68, 1], [74, 1], [101, 0]]",[1.121572377101511e-05]
layer_0,699,"[[31, [98, 2, 2, 1, 2]], [33, [1, 1, 4, 1, 1]], [35, [5, 1, 2]], [62, 2], [68, 1], [74, 1], [101, 0]]",[1.1309495462280205e-05]
layer_0,700,"[[31, [1, 392, 1, 2, 1]], [33, [1, 1, 1, 1, 4]], [35, [1, 10, 1]], [62, 1], [68, 1], [74, 1], [101, 4]]",[4.942634506132989e-05]
layer_0,701,"[[31, [1, 49, 8, 2, 1]], [33, [1, 1, 1, 1, 4]], [35, [5, 2, 1]], [62, 0], [68, 0], [74, 2], [101, 4]]",[3.8617334457706274e-05]
layer_0,702,"[[31, [8, 49, 2, 1, 1]], [33, [1, 2, 1, 1, 2]], [35, [10, 1, 1]], [62, 2], [68, 3], [74, 1], [101, 1]]",[1.7201975946843858e-05]
layer_0,703,"[[31, [98, 2, 2, 2, 1]], [33, [1, 1, 4, 1, 1]], [35, [5, 1, 2]], [62, 2], [68, 0], [74, 1], [101, 0]]",[7.144260790866053e-06]
layer_0,704,"[[31, [98, 2, 2, 2, 1]], [33, [1, 1, 2, 1, 2]], [35, [5, 1, 2]], [62, 2], [68, 0], [74, 0], [101, 0]]",[7.27457011814427e-06]
layer_0,705,"[[31, [98, 2, 2, 1, 2]], [33, [1, 1, 2, 1, 2]], [35, [5, 2, 1]], [62, 2], [68, 0], [74, 0], [101, 0]]",[7.274001445385091e-06]
layer_0,706,"[[31, [98, 2, 2, 2, 1]], [33, [1, 1, 4, 1, 1]], [35, [5, 1, 2]], [62, 3], [68, 0], [74, 1], [101, 0]]",[10000000000]
layer_0,707,"[[31, [49, 4, 2, 1, 2]], [33, [1, 1, 4, 1, 1]], [35, [5, 2, 1]], [62, 3], [68, 0], [74, 1], [101, 0]]",[10000000000]
layer_0,708,"[[31, [98, 2, 4, 1, 1]], [33, [1, 1, 2, 2, 1]], [35, [5, 2, 1]], [62, 3], [68, 0], [74, 1], [101, 0]]",[10000000000]
layer_0,709,"[[31, [49, 2, 2, 2, 2]], [33, [1, 1, 2, 2, 1]], [35, [10, 1, 1]], [62, 2], [68, 0], [74, 0], [101, 0]]",[7.380750756513395e-06]
layer_0,710,"[[31, [49, 2, 2, 4, 1]], [33, [1, 1, 2, 1, 2]], [35, [10, 1, 1]], [62, 2], [68, 0], [74, 0], [101, 0]]",[7.37950798284828e-06]
layer_0,711,"[[31, [49, 2, 2, 1, 4]], [33, [1, 1, 2, 1, 2]], [35, [10, 1, 1]], [62, 2], [68, 0], [74, 0], [101, 0]]",[7.381324035126559e-06]
layer_0,712,"[[31, [98, 2, 2, 2, 1]], [33, [1, 1, 4, 1, 1]], [35, [10, 1, 1]], [62, 3], [68, 0], [74, 0], [101, 0]]",[10000000000]
layer_0,713,"[[31, [98, 2, 4, 1, 1]], [33, [1, 1, 4, 1, 1]], [35, [5, 2, 1]], [62, 3], [68, 0], [74, 1], [101, 0]]",[10000000000]
layer_0,714,"[[31, [98, 4, 2, 1, 1]], [33, [1, 1, 2, 1, 2]], [35, [10, 1, 1]], [62, 2], [68, 0], [74, 1], [101, 0]]",[7.800612621506684e-06]
layer_0,715,"[[31, [98, 2, 2, 1, 2]], [33, [1, 1, 2, 2, 1]], [35, [10, 1, 1]], [62, 2], [68, 0], [74, 1], [101, 0]]",[7.552606028961293e-06]
layer_0,716,"[[31, [2, 98, 2, 1, 2]], [33, [1, 1, 4, 1, 1]], [35, [5, 2, 1]], [62, 2], [68, 0], [74, 1], [101, 0]]",[7.919697490301638e-06]
layer_0,717,"[[31, [49, 2, 4, 1, 2]], [33, [1, 1, 2, 2, 1]], [35, [5, 2, 1]], [62, 2], [68, 0], [74, 0], [101, 0]]",[7.514252472718829e-06]
layer_0,718,"[[31, [49, 2, 4, 2, 1]], [33, [1, 1, 2, 2, 1]], [35, [5, 1, 2]], [62, 2], [68, 0], [74, 0], [101, 0]]",[8.072554070473875e-06]
layer_0,719,"[[31, [49, 2, 4, 1, 2]], [33, [1, 1, 2, 1, 2]], [35, [5, 2, 1]], [62, 2], [68, 0], [74, 0], [101, 0]]",[7.5135083159601575e-06]
layer_0,720,"[[31, [196, 2, 2, 1, 1]], [33, [1, 1, 4, 1, 1]], [35, [5, 1, 2]], [62, 2], [68, 0], [74, 1], [101, 0]]",[8.041059690157959e-06]
layer_0,721,"[[31, [98, 2, 4, 1, 1]], [33, [1, 1, 4, 1, 1]], [35, [5, 2, 1]], [62, 3], [68, 0], [74, 0], [101, 0]]",[10000000000]
layer_0,722,"[[31, [98, 2, 4, 1, 1]], [33, [1, 1, 2, 2, 1]], [35, [10, 1, 1]], [62, 3], [68, 0], [74, 0], [101, 0]]",[10000000000]
layer_0,723,"[[31, [98, 2, 4, 1, 1]], [33, [1, 1, 2, 2, 1]], [35, [10, 1, 1]], [62, 2], [68, 0], [74, 2], [101, 0]]",[7.862321558416037e-06]
layer_0,724,"[[31, [98, 2, 1, 4, 1]], [33, [1, 1, 2, 2, 1]], [35, [10, 1, 1]], [62, 2], [68, 0], [74, 0], [101, 0]]",[7.8089332472661e-06]
layer_0,725,"[[31, [49, 2, 4, 2, 1]], [33, [1, 1, 4, 1, 1]], [35, [5, 2, 1]], [62, 2], [68, 0], [74, 0], [101, 0]]",[7.677642901219917e-06]
layer_0,726,"[[31, [49, 2, 4, 1, 2]], [33, [1, 1, 4, 1, 1]], [35, [5, 2, 1]], [62, 2], [68, 0], [74, 0], [101, 0]]",[7.679238431921595e-06]
layer_0,727,"[[31, [49, 4, 2, 2, 1]], [33, [1, 1, 2, 1, 2]], [35, [10, 1, 1]], [62, 2], [68, 0], [74, 1], [101, 0]]",[7.555444478017827e-06]
layer_0,728,"[[31, [98, 2, 2, 2, 1]], [33, [1, 1, 2, 2, 1]], [35, [5, 2, 1]], [62, 2], [68, 0], [74, 1], [101, 0]]",[7.652223735557427e-06]
layer_0,729,"[[31, [98, 2, 2, 1, 2]], [33, [1, 1, 2, 2, 1]], [35, [5, 2, 1]], [62, 2], [68, 0], [74, 1], [101, 0]]",[7.652782654921021e-06]
layer_0,730,"[[31, [98, 2, 4, 1, 1]], [33, [1, 1, 4, 1, 1]], [35, [10, 1, 1]], [62, 3], [68, 0], [74, 0], [101, 0]]",[10000000000]
layer_0,731,"[[31, [98, 2, 4, 1, 1]], [33, [1, 1, 2, 1, 2]], [35, [10, 1, 1]], [62, 3], [68, 0], [74, 1], [101, 0]]",[10000000000]
layer_0,732,"[[31, [98, 2, 2, 2, 1]], [33, [1, 1, 4, 1, 1]], [35, [5, 1, 2]], [62, 3], [68, 0], [74, 3], [101, 0]]",[10000000000]
layer_0,733,"[[31, [98, 2, 2, 1, 2]], [33, [1, 1, 4, 1, 1]], [35, [5, 1, 2]], [62, 3], [68, 0], [74, 3], [101, 0]]",[10000000000]
layer_0,734,"[[31, [49, 4, 4, 1, 1]], [33, [1, 1, 1, 1, 4]], [35, [5, 2, 1]], [62, 2], [68, 0], [74, 0], [101, 0]]",[7.879689177034928e-06]
layer_0,735,"[[31, [49, 4, 2, 2, 1]], [33, [1, 1, 4, 1, 1]], [35, [5, 2, 1]], [62, 3], [68, 0], [74, 3], [101, 0]]",[10000000000]
layer_0,736,"[[31, [196, 2, 2, 1, 1]], [33, [1, 1, 4, 1, 1]], [35, [5, 1, 2]], [62, 3], [68, 0], [74, 0], [101, 0]]",[10000000000]
layer_0,737,"[[31, [49, 4, 4, 1, 1]], [33, [1, 1, 4, 1, 1]], [35, [5, 1, 2]], [62, 3], [68, 0], [74, 2], [101, 0]]",[10000000000]
layer_0,738,"[[31, [49, 2, 8, 1, 1]], [33, [1, 1, 2, 1, 2]], [35, [5, 2, 1]], [62, 2], [68, 0], [74, 0], [101, 0]]",[8.005268309580364e-06]
layer_0,739,"[[31, [49, 4, 2, 2, 1]], [33, [1, 1, 1, 2, 2]], [35, [10, 1, 1]], [62, 2], [68, 0], [74, 0], [101, 0]]",[7.813195777642771e-06]
layer_0,740,"[[31, [49, 4, 2, 1, 2]], [33, [1, 1, 1, 4, 1]], [35, [10, 1, 1]], [62, 2], [68, 0], [74, 0], [101, 0]]",[7.812874408242828e-06]
layer_0,741,"[[31, [49, 8, 1, 2, 1]], [33, [1, 1, 2, 1, 2]], [35, [5, 1, 2]], [62, 2], [68, 0], [74, 0], [101, 0]]",[8.040153787245894e-06]
layer_0,742,"[[31, [98, 2, 2, 2, 1]], [33, [1, 1, 1, 4, 1]], [35, [10, 1, 1]], [62, 2], [68, 0], [74, 1], [101, 0]]",[8.33785790866054e-06]
layer_0,743,"[[31, [98, 2, 2, 1, 2]], [33, [1, 1, 1, 4, 1]], [35, [10, 1, 1]], [62, 2], [68, 0], [74, 1], [101, 0]]",[8.337248655694964e-06]
layer_0,744,"[[31, [98, 2, 2, 2, 1]], [33, [1, 1, 1, 1, 4]], [35, [10, 1, 1]], [62, 2], [68, 0], [74, 1], [101, 0]]",[8.335319714459296e-06]
layer_0,745,"[[31, [49, 2, 2, 2, 2]], [33, [1, 1, 4, 1, 1]], [35, [5, 2, 1]], [62, 2], [68, 0], [74, 0], [101, 0]]",[8.188729937766132e-06]
layer_0,746,"[[31, [98, 2, 4, 1, 1]], [33, [1, 1, 1, 1, 4]], [35, [5, 1, 2]], [62, 2], [68, 0], [74, 0], [101, 0]]",[8.213275273055761e-06]
layer_0,747,"[[31, [49, 4, 4, 1, 1]], [33, [1, 1, 1, 2, 2]], [35, [10, 1, 1]], [62, 2], [68, 0], [74, 0], [101, 0]]",[8.551609598816006e-06]
layer_0,748,"[[31, [98, 2, 2, 2, 1]], [33, [1, 1, 4, 1, 1]], [35, [5, 1, 2]], [62, 3], [68, 0], [74, 0], [101, 0]]",[10000000000]
layer_0,749,"[[31, [196, 2, 2, 1, 1]], [33, [1, 1, 4, 1, 1]], [35, [5, 1, 2]], [62, 2], [68, 0], [74, 2], [101, 0]]",[8.165182507954639e-06]
layer_0,750,"[[31, [49, 2, 2, 4, 1]], [33, [1, 1, 2, 2, 1]], [35, [10, 1, 1]], [62, 2], [68, 0], [74, 2], [101, 0]]",[7.815785862685413e-06]
layer_0,751,"[[31, [49, 2, 2, 2, 2]], [33, [1, 1, 2, 2, 1]], [35, [10, 1, 1]], [62, 2], [68, 0], [74, 2], [101, 0]]",[7.77589759403076e-06]
layer_0,752,"[[31, [98, 2, 2, 1, 2]], [33, [2, 1, 1, 1, 2]], [35, [10, 1, 1]], [62, 2], [68, 0], [74, 0], [101, 0]]",[8.201901663525363e-06]
layer_0,753,"[[31, [98, 2, 2, 2, 1]], [33, [2, 1, 1, 1, 2]], [35, [10, 1, 1]], [62, 2], [68, 0], [74, 0], [101, 0]]",[8.205679862306368e-06]
layer_0,754,"[[31, [49, 2, 2, 2, 2]], [33, [1, 1, 2, 2, 1]], [35, [10, 1, 1]], [62, 2], [68, 0], [74, 1], [101, 0]]",[7.586902555461949e-06]
layer_0,755,"[[31, [49, 2, 2, 4, 1]], [33, [1, 1, 2, 1, 2]], [35, [10, 1, 1]], [62, 2], [68, 0], [74, 1], [101, 0]]",[7.574559721275468e-06]
layer_0,756,"[[31, [49, 2, 8, 1, 1]], [33, [1, 1, 4, 1, 1]], [35, [5, 2, 1]], [62, 2], [68, 0], [74, 0], [101, 0]]",[8.166043274086044e-06]
layer_0,757,"[[31, [98, 2, 2, 2, 1]], [33, [1, 2, 2, 1, 1]], [35, [10, 1, 1]], [62, 2], [68, 0], [74, 0], [101, 0]]",[9.414465037841395e-06]
layer_0,758,"[[31, [49, 2, 4, 1, 2]], [33, [1, 1, 2, 2, 1]], [35, [5, 2, 1]], [62, 2], [68, 0], [74, 3], [101, 0]]",[8.145039416058395e-06]
layer_0,759,"[[31, [2, 98, 4, 1, 1]], [33, [1, 1, 2, 2, 1]], [35, [5, 1, 2]], [62, 1], [68, 0], [74, 0], [101, 0]]",[1.0133213077790303e-05]
layer_0,760,"[[31, [98, 4, 2, 1, 1]], [33, [1, 1, 4, 1, 1]], [35, [5, 1, 2]], [62, 2], [68, 0], [74, 2], [101, 0]]",[8.174630681354548e-06]
layer_0,761,"[[31, [49, 4, 4, 1, 1]], [33, [1, 1, 4, 1, 1]], [35, [5, 1, 2]], [62, 1], [68, 0], [74, 0], [101, 0]]",[9.714314793681303e-06]
layer_0,762,"[[31, [98, 2, 1, 4, 1]], [33, [1, 1, 4, 1, 1]], [35, [10, 1, 1]], [62, 2], [68, 0], [74, 1], [101, 0]]",[8.881978960667984e-06]
layer_0,763,"[[31, [49, 4, 2, 1, 2]], [33, [1, 2, 2, 1, 1]], [35, [10, 1, 1]], [62, 2], [68, 0], [74, 0], [101, 0]]",[9.40935163748473e-06]
layer_0,764,"[[31, [1, 56, 2, 7, 1]], [33, [1, 1, 1, 1, 4]], [35, [5, 1, 2]], [62, 0], [68, 3], [74, 1], [101, 1]]",[8.030316161616164e-05]
layer_0,765,"[[31, [7, 8, 1, 7, 2]], [33, [1, 1, 1, 1, 4]], [35, [5, 1, 2]], [62, 0], [68, 0], [74, 0], [101, 0]]",[0.00014302887067395265]
layer_0,766,"[[31, [2, 49, 2, 4, 1]], [33, [1, 2, 1, 1, 2]], [35, [10, 1, 1]], [62, 1], [68, 3], [74, 2], [101, 2]]",[4.5604395200486024e-05]
layer_0,767,"[[31, [196, 2, 1, 2, 1]], [33, [1, 1, 4, 1, 1]], [35, [5, 1, 2]], [62, 2], [68, 0], [74, 0], [101, 0]]",[7.72260220781226e-06]
layer_0,768,"[[31, [196, 2, 1, 1, 2]], [33, [1, 1, 4, 1, 1]], [35, [5, 2, 1]], [62, 2], [68, 0], [74, 0], [101, 0]]",[7.334861867987761e-06]
layer_0,769,"[[31, [196, 2, 1, 1, 2]], [33, [1, 1, 4, 1, 1]], [35, [5, 1, 2]], [62, 2], [68, 0], [74, 0], [101, 0]]",[7.228204622607439e-06]
layer_0,770,"[[31, [49, 2, 4, 1, 2]], [33, [1, 1, 2, 2, 1]], [35, [5, 1, 2]], [62, 2], [68, 0], [74, 0], [101, 0]]",[8.068421990964827e-06]
layer_0,771,"[[31, [49, 2, 4, 1, 2]], [33, [1, 1, 2, 1, 2]], [35, [5, 1, 2]], [62, 2], [68, 0], [74, 0], [101, 0]]",[8.066448658372058e-06]
layer_0,772,"[[31, [49, 2, 4, 2, 1]], [33, [1, 1, 4, 1, 1]], [35, [5, 1, 2]], [62, 2], [68, 0], [74, 0], [101, 0]]",[7.678618423025034e-06]
layer_0,773,"[[31, [196, 2, 2, 1, 1]], [33, [1, 1, 4, 1, 1]], [35, [5, 1, 2]], [62, 2], [68, 0], [74, 0], [101, 0]]",[7.595144180396326e-06]
layer_0,774,"[[31, [98, 2, 2, 1, 2]], [33, [1, 1, 1, 1, 4]], [35, [10, 1, 1]], [62, 2], [68, 0], [74, 0], [101, 0]]",[7.827207776427704e-06]
layer_0,775,"[[31, [98, 2, 1, 2, 2]], [33, [1, 1, 4, 1, 1]], [35, [10, 1, 1]], [62, 2], [68, 0], [74, 0], [101, 0]]",[7.966872342041311e-06]
layer_0,776,"[[31, [98, 2, 1, 1, 4]], [33, [1, 1, 2, 2, 1]], [35, [10, 1, 1]], [62, 2], [68, 0], [74, 0], [101, 0]]",[7.820442208383961e-06]
layer_0,777,"[[31, [49, 2, 2, 1, 4]], [33, [1, 1, 2, 1, 2]], [35, [10, 1, 1]], [62, 2], [68, 0], [74, 2], [101, 0]]",[7.791800179412426e-06]
layer_0,778,"[[31, [98, 2, 2, 2, 1]], [33, [1, 1, 2, 1, 2]], [35, [5, 1, 2]], [62, 2], [68, 0], [74, 1], [101, 0]]",[7.806108337799555e-06]
layer_0,779,"[[31, [98, 2, 2, 2, 1]], [33, [1, 1, 2, 1, 2]], [35, [5, 2, 1]], [62, 2], [68, 0], [74, 1], [101, 0]]",[7.653560221749696e-06]
layer_0,780,"[[31, [98, 2, 4, 1, 1]], [33, [1, 1, 2, 1, 2]], [35, [10, 1, 1]], [62, 2], [68, 0], [74, 2], [101, 0]]",[7.86070091180632e-06]
layer_0,781,"[[31, [56, 7, 1, 2, 1]], [33, [1, 1, 4, 1, 1]], [35, [5, 2, 1]], [62, 2], [68, 0], [74, 1], [101, 0]]",[7.610907728586643e-06]
layer_0,782,"[[31, [49, 2, 4, 1, 2]], [33, [1, 1, 2, 2, 1]], [35, [5, 2, 1]], [62, 2], [68, 0], [74, 2], [101, 0]]",[8.077711061173533e-06]
layer_0,783,"[[31, [49, 2, 4, 1, 2]], [33, [1, 1, 2, 1, 2]], [35, [5, 2, 1]], [62, 2], [68, 0], [74, 2], [101, 0]]",[8.076753493317132e-06]
layer_0,784,"[[31, [98, 2, 4, 1, 1]], [33, [1, 1, 2, 1, 2]], [35, [5, 1, 2]], [62, 3], [68, 0], [74, 1], [101, 0]]",[10000000000]
layer_0,785,"[[31, [98, 4, 2, 1, 1]], [33, [1, 1, 2, 1, 2]], [35, [5, 2, 1]], [62, 2], [68, 0], [74, 1], [101, 0]]",[7.909016526442309e-06]
layer_0,786,"[[31, [196, 2, 1, 2, 1]], [33, [1, 1, 4, 1, 1]], [35, [10, 1, 1]], [62, 2], [68, 0], [74, 0], [101, 0]]",[8.45364651201053e-06]
layer_0,787,"[[31, [98, 2, 4, 1, 1]], [33, [1, 1, 1, 4, 1]], [35, [5, 2, 1]], [62, 2], [68, 0], [74, 0], [101, 0]]",[7.881501592920354e-06]
layer_0,788,"[[31, [98, 4, 1, 1, 2]], [33, [1, 1, 2, 1, 2]], [35, [5, 2, 1]], [62, 2], [68, 0], [74, 0], [101, 0]]",[8.039375512501004e-06]
layer_0,789,"[[31, [98, 4, 1, 2, 1]], [33, [1, 1, 2, 1, 2]], [35, [5, 2, 1]], [62, 2], [68, 0], [74, 0], [101, 0]]",[8.040458718546506e-06]
layer_0,790,"[[31, [196, 2, 2, 1, 1]], [33, [1, 1, 4, 1, 1]], [35, [10, 1, 1]], [62, 2], [68, 0], [74, 0], [101, 0]]",[8.006220990279466e-06]
layer_0,791,"[[31, [49, 2, 2, 1, 4]], [33, [1, 1, 4, 1, 1]], [35, [5, 2, 1]], [62, 2], [68, 0], [74, 0], [101, 0]]",[8.20917348943835e-06]
layer_0,792,"[[31, [196, 2, 1, 2, 1]], [33, [1, 1, 2, 2, 1]], [35, [5, 1, 2]], [62, 2], [68, 0], [74, 0], [101, 0]]",[8.035659481256534e-06]
layer_0,793,"[[31, [196, 2, 1, 2, 1]], [33, [1, 1, 2, 2, 1]], [35, [5, 2, 1]], [62, 2], [68, 0], [74, 0], [101, 0]]",[8.02737402680793e-06]
layer_0,794,"[[31, [49, 8, 2, 1, 1]], [33, [1, 1, 2, 1, 2]], [35, [10, 1, 1]], [62, 2], [68, 0], [74, 2], [101, 0]]",[8.504806835572182e-06]
layer_0,795,"[[31, [98, 2, 4, 1, 1]], [33, [1, 1, 1, 2, 2]], [35, [10, 1, 1]], [62, 2], [68, 0], [74, 0], [101, 0]]",[8.562705454234095e-06]
layer_0,796,"[[31, [49, 2, 8, 1, 1]], [33, [1, 1, 1, 1, 4]], [35, [10, 1, 1]], [62, 2], [68, 0], [74, 0], [101, 0]]",[9.046109448623626e-06]
layer_0,797,"[[31, [196, 2, 2, 1, 1]], [33, [1, 1, 2, 1, 2]], [35, [10, 1, 1]], [62, 2], [68, 0], [74, 0], [101, 0]]",[7.720135616819826e-06]
layer_0,798,"[[31, [49, 2, 1, 8, 1]], [33, [1, 1, 4, 1, 1]], [35, [10, 1, 1]], [62, 2], [68, 0], [74, 2], [101, 0]]",[7.800103260021837e-06]
layer_0,799,"[[31, [98, 4, 2, 1, 1]], [33, [1, 1, 2, 2, 1]], [35, [5, 1, 2]], [62, 2], [68, 0], [74, 2], [101, 0]]",[8.876384526661342e-06]
layer_0,800,"[[31, [2, 98, 2, 1, 2]], [33, [1, 1, 2, 2, 1]], [35, [10, 1, 1]], [62, 2], [68, 0], [74, 0], [101, 0]]",[7.132708481887407e-06]
layer_0,801,"[[31, [196, 2, 2, 1, 1]], [33, [1, 1, 4, 1, 1]], [35, [5, 2, 1]], [62, 2], [68, 0], [74, 2], [101, 0]]",[8.30271743830612e-06]
layer_0,802,"[[31, [98, 4, 1, 1, 2]], [33, [1, 1, 2, 2, 1]], [35, [5, 1, 2]], [62, 2], [68, 0], [74, 1], [101, 0]]",[8.128385906714918e-06]
layer_0,803,"[[31, [98, 4, 1, 2, 1]], [33, [1, 1, 2, 2, 1]], [35, [5, 2, 1]], [62, 2], [68, 0], [74, 1], [101, 0]]",[8.11222723475355e-06]
layer_0,804,"[[31, [98, 4, 1, 1, 2]], [33, [1, 1, 2, 1, 2]], [35, [5, 1, 2]], [62, 2], [68, 0], [74, 1], [101, 0]]",[8.105731380004473e-06]
layer_0,805,"[[31, [196, 2, 1, 2, 1]], [33, [1, 1, 2, 2, 1]], [35, [5, 2, 1]], [62, 2], [68, 0], [74, 2], [101, 0]]",[8.357490674667531e-06]
layer_0,806,"[[31, [392, 2, 1, 1, 1]], [33, [1, 1, 4, 1, 1]], [35, [5, 1, 2]], [62, 2], [68, 0], [74, 0], [101, 0]]",[8.852485341840382e-06]
layer_0,807,"[[31, [392, 2, 1, 1, 1]], [33, [1, 1, 4, 1, 1]], [35, [5, 2, 1]], [62, 2], [68, 0], [74, 0], [101, 0]]",[9.181071840826245e-06]
layer_0,808,"[[31, [98, 2, 1, 1, 4]], [33, [1, 1, 2, 2, 1]], [35, [10, 1, 1]], [62, 2], [68, 0], [74, 1], [101, 0]]",[8.295895200486027e-06]
layer_0,809,"[[31, [49, 8, 2, 1, 1]], [33, [1, 1, 2, 1, 2]], [35, [5, 1, 2]], [62, 2], [68, 0], [74, 1], [101, 0]]",[7.489229601782234e-06]
layer_0,810,"[[31, [98, 2, 2, 1, 2]], [33, [1, 1, 4, 1, 1]], [35, [5, 2, 1]], [62, 3], [68, 0], [74, 3], [101, 0]]",[10000000000]
layer_0,811,"[[31, [49, 4, 1, 2, 2]], [33, [1, 1, 4, 1, 1]], [35, [5, 1, 2]], [62, 2], [68, 0], [74, 1], [101, 0]]",[9.097262595419846e-06]
layer_0,812,"[[31, [49, 4, 2, 1, 2]], [33, [1, 1, 2, 1, 2]], [35, [10, 1, 1]], [62, 2], [68, 0], [74, 2], [101, 0]]",[8.651856367226061e-06]
layer_0,813,"[[31, [49, 4, 2, 2, 1]], [33, [1, 1, 2, 2, 1]], [35, [10, 1, 1]], [62, 2], [68, 0], [74, 2], [101, 0]]",[8.651181246426529e-06]
layer_0,814,"[[31, [2, 98, 2, 1, 2]], [33, [1, 1, 2, 2, 1]], [35, [5, 1, 2]], [62, 2], [68, 0], [74, 0], [101, 0]]",[6.9387998481301015e-06]
layer_0,815,"[[31, [98, 2, 2, 2, 1]], [33, [1, 1, 2, 1, 2]], [35, [10, 1, 1]], [62, 2], [68, 0], [74, 3], [101, 0]]",[8.65998557108141e-06]
layer_0,816,"[[31, [98, 2, 2, 2, 1]], [33, [1, 1, 2, 2, 1]], [35, [10, 1, 1]], [62, 2], [68, 0], [74, 3], [101, 0]]",[8.672116874240582e-06]
layer_0,817,"[[31, [98, 2, 2, 1, 2]], [33, [1, 1, 2, 2, 1]], [35, [10, 1, 1]], [62, 2], [68, 0], [74, 3], [101, 0]]",[8.674838244228433e-06]
layer_0,818,"[[31, [49, 4, 2, 2, 1]], [33, [1, 1, 4, 1, 1]], [35, [5, 1, 2]], [62, 3], [68, 0], [74, 3], [101, 0]]",[10000000000]
layer_0,819,"[[31, [49, 2, 2, 2, 2]], [33, [1, 1, 4, 1, 1]], [35, [10, 1, 1]], [62, 2], [68, 0], [74, 0], [101, 0]]",[9.92259049029286e-06]
layer_0,820,"[[31, [49, 2, 4, 2, 1]], [33, [1, 1, 4, 1, 1]], [35, [10, 1, 1]], [62, 2], [68, 0], [74, 0], [101, 0]]",[8.559671259842521e-06]
layer_0,821,"[[31, [49, 2, 4, 1, 2]], [33, [1, 1, 4, 1, 1]], [35, [10, 1, 1]], [62, 2], [68, 0], [74, 0], [101, 0]]",[8.568276324448832e-06]
layer_0,822,"[[31, [98, 2, 2, 2, 1]], [33, [1, 1, 2, 2, 1]], [35, [10, 1, 1]], [62, 2], [68, 0], [74, 2], [101, 0]]",[8.66162078380983e-06]
layer_0,823,"[[31, [98, 2, 2, 1, 2]], [33, [1, 1, 2, 2, 1]], [35, [10, 1, 1]], [62, 2], [68, 0], [74, 2], [101, 0]]",[8.662807173412307e-06]
layer_0,824,"[[31, [49, 4, 4, 1, 1]], [33, [1, 1, 1, 2, 2]], [35, [5, 2, 1]], [62, 2], [68, 0], [74, 1], [101, 0]]",[9.266440029615004e-06]
layer_0,825,"[[31, [98, 2, 2, 1, 2]], [33, [1, 1, 2, 1, 2]], [35, [10, 1, 1]], [62, 1], [68, 0], [74, 0], [101, 0]]",[9.752263173761003e-06]
layer_0,826,"[[31, [49, 4, 4, 1, 1]], [33, [1, 2, 2, 1, 1]], [35, [10, 1, 1]], [62, 2], [68, 0], [74, 2], [101, 0]]",[8.877418623194826e-06]
layer_0,827,"[[31, [196, 2, 2, 1, 1]], [33, [1, 1, 4, 1, 1]], [35, [10, 1, 1]], [62, 2], [68, 0], [74, 2], [101, 0]]",[8.770632280355381e-06]
layer_0,828,"[[31, [4, 7, 4, 7, 1]], [33, [1, 1, 4, 1, 1]], [35, [10, 1, 1]], [62, 1], [68, 3], [74, 1], [101, 4]]",[2.0103570846536894e-05]
layer_0,829,"[[31, [28, 2, 14, 1, 1]], [33, [1, 2, 1, 2, 1]], [35, [5, 1, 2]], [62, 1], [68, 2], [74, 1], [101, 2]]",[1.8138592556857336e-05]
layer_0,830,"[[31, [2, 49, 1, 2, 4]], [33, [1, 2, 2, 1, 1]], [35, [2, 5, 1]], [62, 0], [68, 1], [74, 1], [101, 1]]",[6.412626975120036e-05]
layer_0,831,"[[31, [2, 98, 2, 1, 2]], [33, [1, 1, 2, 1, 2]], [35, [10, 1, 1]], [62, 2], [68, 0], [74, 0], [101, 0]]",[7.61691140758507e-06]
layer_0,832,"[[31, [2, 98, 2, 1, 2]], [33, [1, 1, 2, 2, 1]], [35, [5, 1, 2]], [62, 1], [68, 0], [74, 0], [101, 0]]",[9.785926995658722e-06]
layer_0,833,"[[31, [2, 98, 2, 1, 2]], [33, [1, 1, 2, 2, 1]], [35, [10, 1, 1]], [62, 1], [68, 0], [74, 0], [101, 0]]",[9.825131124302295e-06]
layer_0,834,"[[31, [49, 2, 4, 1, 2]], [33, [1, 1, 4, 1, 1]], [35, [5, 1, 2]], [62, 1], [68, 0], [74, 0], [101, 0]]",[1.036557364065142e-05]
layer_0,835,"[[31, [49, 2, 4, 1, 2]], [33, [1, 1, 4, 1, 1]], [35, [5, 2, 1]], [62, 1], [68, 0], [74, 0], [101, 0]]",[1.0366205014618589e-05]
layer_0,836,"[[31, [49, 2, 1, 4, 2]], [33, [1, 1, 4, 1, 1]], [35, [10, 1, 1]], [62, 2], [68, 0], [74, 0], [101, 0]]",[7.859177055506086e-06]
layer_0,837,"[[31, [98, 2, 1, 4, 1]], [33, [1, 1, 4, 1, 1]], [35, [10, 1, 1]], [62, 2], [68, 0], [74, 0], [101, 0]]",[7.942485664363434e-06]
layer_0,838,"[[31, [2, 196, 2, 1, 1]], [33, [1, 1, 2, 2, 1]], [35, [5, 2, 1]], [62, 2], [68, 0], [74, 0], [101, 0]]",[7.655426412515188e-06]
layer_0,839,"[[31, [49, 2, 1, 8, 1]], [33, [1, 1, 4, 1, 1]], [35, [10, 1, 1]], [62, 2], [68, 0], [74, 1], [101, 0]]",[7.568077419656641e-06]
layer_0,840,"[[31, [196, 2, 1, 1, 2]], [33, [1, 1, 4, 1, 1]], [35, [5, 2, 1]], [62, 2], [68, 0], [74, 1], [101, 0]]",[8.227522071516646e-06]
layer_0,841,"[[31, [196, 2, 2, 1, 1]], [33, [1, 1, 2, 2, 1]], [35, [10, 1, 1]], [62, 2], [68, 0], [74, 0], [101, 0]]",[7.72331462636695e-06]
layer_0,842,"[[31, [98, 4, 1, 1, 2]], [33, [1, 1, 2, 2, 1]], [35, [5, 1, 2]], [62, 2], [68, 0], [74, 0], [101, 0]]",[8.042138227725956e-06]
layer_0,843,"[[31, [2, 98, 2, 1, 2]], [33, [1, 1, 2, 2, 1]], [35, [5, 1, 2]], [62, 2], [68, 0], [74, 3], [101, 0]]",[8.380422843256378e-06]
layer_0,844,"[[31, [98, 2, 2, 2, 1]], [33, [1, 1, 4, 1, 1]], [35, [10, 1, 1]], [62, 3], [68, 0], [74, 1], [101, 0]]",[10000000000]
layer_0,845,"[[31, [98, 2, 2, 1, 2]], [33, [1, 1, 4, 1, 1]], [35, [10, 1, 1]], [62, 3], [68, 0], [74, 1], [101, 0]]",[10000000000]
layer_0,846,"[[31, [98, 4, 2, 1, 1]], [33, [1, 1, 2, 2, 1]], [35, [5, 2, 1]], [62, 2], [68, 0], [74, 1], [101, 0]]",[7.4535104863900045e-06]
layer_0,847,"[[31, [196, 2, 2, 1, 1]], [33, [1, 1, 2, 2, 1]], [35, [5, 1, 2]], [62, 2], [68, 0], [74, 1], [101, 0]]",[7.484239487607909e-06]
layer_0,848,"[[31, [2, 98, 2, 1, 2]], [33, [1, 1, 2, 1, 2]], [35, [10, 1, 1]], [62, 0], [68, 0], [74, 0], [101, 0]]",[1.6798420526448998e-05]
layer_0,849,"[[31, [196, 2, 2, 1, 1]], [33, [1, 1, 1, 2, 2]], [35, [5, 1, 2]], [62, 3], [68, 0], [74, 0], [101, 0]]",[10000000000]
layer_0,850,"[[31, [49, 2, 4, 1, 2]], [33, [1, 1, 1, 4, 1]], [35, [10, 1, 1]], [62, 2], [68, 0], [74, 0], [101, 0]]",[8.226611449451887e-06]
layer_0,851,"[[31, [98, 4, 1, 1, 2]], [33, [1, 1, 2, 2, 1]], [35, [10, 1, 1]], [62, 2], [68, 0], [74, 1], [101, 0]]",[8.293134754125549e-06]
layer_0,852,"[[31, [49, 4, 1, 4, 1]], [33, [1, 1, 2, 1, 2]], [35, [10, 1, 1]], [62, 2], [68, 0], [74, 1], [101, 0]]",[8.882383453655298e-06]
layer_0,853,"[[31, [49, 2, 1, 4, 2]], [33, [1, 1, 4, 1, 1]], [35, [10, 1, 1]], [62, 1], [68, 0], [74, 0], [101, 0]]",[8.337868184051089e-06]
layer_0,854,"[[31, [196, 2, 1, 1, 2]], [33, [1, 1, 4, 1, 1]], [35, [5, 2, 1]], [62, 2], [68, 0], [74, 2], [101, 0]]",[8.614541288124594e-06]
layer_0,855,"[[31, [98, 2, 2, 1, 2]], [33, [2, 1, 2, 1, 1]], [35, [10, 1, 1]], [62, 2], [68, 0], [74, 0], [101, 0]]",[9.400318262994641e-06]
layer_0,856,"[[31, [2, 196, 1, 1, 2]], [33, [1, 1, 4, 1, 1]], [35, [5, 1, 2]], [62, 2], [68, 0], [74, 3], [101, 0]]",[8.799076224456698e-06]
layer_0,857,"[[31, [2, 98, 2, 1, 2]], [33, [1, 1, 2, 2, 1]], [35, [10, 1, 1]], [62, 2], [68, 3], [74, 0], [101, 0]]",[1.7009388382687924e-05]
layer_0,858,"[[31, [98, 2, 4, 1, 1]], [33, [1, 1, 2, 1, 2]], [35, [5, 1, 2]], [62, 3], [68, 0], [74, 0], [101, 0]]",[10000000000]
layer_0,859,"[[31, [49, 4, 2, 2, 1]], [33, [1, 1, 1, 1, 4]], [35, [10, 1, 1]], [62, 2], [68, 0], [74, 1], [101, 0]]",[8.330949317738792e-06]
layer_0,860,"[[31, [49, 2, 4, 1, 2]], [33, [1, 1, 2, 1, 2]], [35, [5, 2, 1]], [62, 3], [68, 0], [74, 0], [101, 0]]",[10000000000]
layer_0,861,"[[31, [2, 196, 1, 1, 2]], [33, [1, 1, 4, 1, 1]], [35, [5, 1, 2]], [62, 2], [68, 3], [74, 0], [101, 0]]",[1.1643282604293235e-05]
layer_0,862,"[[31, [98, 4, 1, 1, 2]], [33, [1, 1, 2, 2, 1]], [35, [10, 1, 1]], [62, 2], [68, 0], [74, 0], [101, 0]]",[8.992082551283117e-06]
layer_0,863,"[[31, [49, 2, 2, 1, 4]], [33, [1, 1, 4, 1, 1]], [35, [5, 1, 2]], [62, 2], [68, 0], [74, 1], [101, 0]]",[8.530430133657351e-06]
layer_0,864,"[[31, [49, 4, 4, 1, 1]], [33, [2, 1, 2, 1, 1]], [35, [10, 1, 1]], [62, 2], [68, 0], [74, 2], [101, 0]]",[8.933493237738309e-06]
layer_0,865,"[[31, [98, 2, 4, 1, 1]], [33, [2, 1, 2, 1, 1]], [35, [10, 1, 1]], [62, 2], [68, 0], [74, 2], [101, 0]]",[8.973161866307762e-06]
layer_0,866,"[[31, [49, 4, 4, 1, 1]], [33, [2, 1, 2, 1, 1]], [35, [10, 1, 1]], [62, 2], [68, 0], [74, 1], [101, 0]]",[8.412909992436339e-06]
layer_0,867,"[[31, [98, 2, 1, 4, 1]], [33, [1, 1, 4, 1, 1]], [35, [5, 1, 2]], [62, 2], [68, 0], [74, 1], [101, 0]]",[9.125451186131386e-06]
layer_0,868,"[[31, [98, 4, 1, 1, 2]], [33, [1, 1, 4, 1, 1]], [35, [5, 2, 1]], [62, 1], [68, 0], [74, 0], [101, 0]]",[9.495091477459691e-06]
layer_0,869,"[[31, [98, 4, 1, 2, 1]], [33, [1, 1, 4, 1, 1]], [35, [5, 1, 2]], [62, 1], [68, 0], [74, 0], [101, 0]]",[9.584789568937152e-06]
layer_0,870,"[[31, [98, 2, 2, 2, 1]], [33, [1, 1, 4, 1, 1]], [35, [10, 1, 1]], [62, 3], [68, 0], [74, 2], [101, 0]]",[10000000000]
layer_0,871,"[[31, [49, 2, 4, 1, 2]], [33, [1, 1, 4, 1, 1]], [35, [5, 2, 1]], [62, 2], [68, 0], [74, 3], [101, 0]]",[9.022366798298907e-06]
layer_0,872,"[[31, [196, 2, 1, 1, 2]], [33, [1, 1, 4, 1, 1]], [35, [5, 2, 1]], [62, 1], [68, 0], [74, 0], [101, 0]]",[9.529787183283975e-06]
layer_0,873,"[[31, [49, 4, 4, 1, 1]], [33, [2, 1, 1, 2, 1]], [35, [10, 1, 1]], [62, 2], [68, 0], [74, 0], [101, 0]]",[8.194704966585662e-06]
layer_0,874,"[[31, [98, 2, 4, 1, 1]], [33, [1, 1, 4, 1, 1]], [35, [10, 1, 1]], [62, 3], [68, 0], [74, 1], [101, 0]]",[10000000000]
layer_0,875,"[[31, [2, 196, 1, 1, 2]], [33, [1, 1, 4, 1, 1]], [35, [5, 1, 2]], [62, 0], [68, 0], [74, 3], [101, 0]]",[1.8043344652406417e-05]
layer_0,876,"[[31, [98, 4, 1, 1, 2]], [33, [1, 1, 2, 2, 1]], [35, [5, 1, 2]], [62, 2], [68, 0], [74, 2], [101, 0]]",[8.439912211421627e-06]
layer_0,877,"[[31, [98, 2, 2, 1, 2]], [33, [1, 1, 4, 1, 1]], [35, [5, 1, 2]], [62, 1], [68, 0], [74, 1], [101, 0]]",[8.724901089625538e-06]
layer_0,878,"[[31, [98, 2, 2, 2, 1]], [33, [1, 1, 4, 1, 1]], [35, [5, 1, 2]], [62, 1], [68, 0], [74, 1], [101, 0]]",[8.723534769230769e-06]
layer_0,879,"[[31, [49, 4, 4, 1, 1]], [33, [1, 1, 1, 4, 1]], [35, [5, 1, 2]], [62, 2], [68, 0], [74, 1], [101, 0]]",[9.236704010606562e-06]
layer_0,880,"[[31, [49, 4, 4, 1, 1]], [33, [1, 1, 1, 1, 4]], [35, [5, 1, 2]], [62, 2], [68, 0], [74, 1], [101, 0]]",[9.239130710869207e-06]
layer_0,881,"[[31, [49, 8, 1, 1, 2]], [33, [1, 1, 4, 1, 1]], [35, [5, 1, 2]], [62, 0], [68, 0], [74, 0], [101, 0]]",[1.6294422146238823e-05]
layer_0,882,"[[31, [49, 8, 1, 2, 1]], [33, [1, 1, 4, 1, 1]], [35, [5, 1, 2]], [62, 0], [68, 0], [74, 0], [101, 0]]",[1.629248607947355e-05]
layer_0,883,"[[31, [98, 8, 1, 1, 1]], [33, [1, 1, 4, 1, 1]], [35, [5, 2, 1]], [62, 2], [68, 0], [74, 0], [101, 0]]",[9.179980255164034e-06]
layer_0,884,"[[31, [98, 2, 2, 1, 2]], [33, [1, 1, 2, 1, 2]], [35, [5, 1, 2]], [62, 2], [68, 0], [74, 2], [101, 0]]",[9.094284818067753e-06]
layer_0,885,"[[31, [98, 2, 2, 2, 1]], [33, [1, 1, 2, 1, 2]], [35, [5, 1, 2]], [62, 2], [68, 0], [74, 2], [101, 0]]",[9.09209049029286e-06]
layer_0,886,"[[31, [49, 4, 2, 1, 2]], [33, [2, 1, 2, 1, 1]], [35, [10, 1, 1]], [62, 2], [68, 0], [74, 1], [101, 0]]",[7.803022858444714e-06]
layer_0,887,"[[31, [112, 7, 1, 1, 1]], [33, [1, 1, 4, 1, 1]], [35, [10, 1, 1]], [62, 2], [68, 0], [74, 0], [101, 0]]",[9.064181632108213e-06]
layer_0,888,"[[31, [98, 2, 4, 1, 1]], [33, [1, 1, 1, 1, 4]], [35, [5, 1, 2]], [62, 2], [68, 0], [74, 1], [101, 0]]",[9.275309964947422e-06]
layer_0,889,"[[31, [98, 2, 4, 1, 1]], [33, [1, 1, 1, 4, 1]], [35, [5, 1, 2]], [62, 2], [68, 0], [74, 1], [101, 0]]",[9.252041049687398e-06]
layer_0,890,"[[31, [98, 2, 4, 1, 1]], [33, [1, 1, 1, 1, 4]], [35, [5, 2, 1]], [62, 2], [68, 0], [74, 1], [101, 0]]",[9.27552538071066e-06]
layer_0,891,"[[31, [98, 2, 4, 1, 1]], [33, [1, 1, 1, 2, 2]], [35, [5, 1, 2]], [62, 2], [68, 0], [74, 1], [101, 0]]",[9.250527263061968e-06]
layer_0,892,"[[31, [98, 2, 1, 2, 2]], [33, [1, 1, 4, 1, 1]], [35, [2, 5, 1]], [62, 0], [68, 0], [74, 2], [101, 4]]",[2.3649816643882434e-05]
layer_0,893,"[[31, [28, 4, 1, 7, 1]], [33, [1, 1, 1, 2, 2]], [35, [10, 1, 1]], [62, 1], [68, 3], [74, 1], [101, 3]]",[6.211101498582422e-05]
layer_0,894,"[[31, [4, 98, 2, 1, 1]], [33, [1, 1, 2, 1, 2]], [35, [1, 10, 1]], [62, 0], [68, 1], [74, 2], [101, 1]]",[2.8558345866181523e-05]
layer_0,895,"[[31, [196, 2, 2, 1, 1]], [33, [1, 1, 2, 1, 2]], [35, [5, 1, 2]], [62, 2], [68, 0], [74, 0], [101, 0]]",[8.070063003364257e-06]
layer_0,896,"[[31, [196, 2, 2, 1, 1]], [33, [1, 1, 2, 2, 1]], [35, [5, 1, 2]], [62, 2], [68, 0], [74, 0], [101, 0]]",[7.693919881530984e-06]
layer_0,897,"[[31, [196, 2, 2, 1, 1]], [33, [1, 1, 2, 2, 1]], [35, [5, 2, 1]], [62, 2], [68, 0], [74, 0], [101, 0]]",[7.691890495232237e-06]
layer_0,898,"[[31, [49, 2, 2, 1, 4]], [33, [1, 1, 2, 2, 1]], [35, [10, 1, 1]], [62, 2], [68, 0], [74, 0], [101, 0]]",[7.3990641979818286e-06]
layer_0,899,"[[31, [49, 2, 2, 4, 1]], [33, [1, 1, 2, 1, 2]], [35, [10, 1, 1]], [62, 2], [68, 0], [74, 2], [101, 0]]",[7.793373177399757e-06]
layer_0,900,"[[31, [196, 2, 2, 1, 1]], [33, [1, 1, 2, 2, 1]], [35, [5, 2, 1]], [62, 2], [68, 0], [74, 1], [101, 0]]",[7.454304580896686e-06]
layer_0,901,"[[31, [196, 2, 2, 1, 1]], [33, [1, 1, 2, 1, 2]], [35, [5, 1, 2]], [62, 2], [68, 0], [74, 1], [101, 0]]",[7.484992785793562e-06]
layer_0,902,"[[31, [98, 2, 1, 2, 2]], [33, [1, 1, 2, 1, 2]], [35, [10, 1, 1]], [62, 2], [68, 0], [74, 0], [101, 0]]",[7.769167432470064e-06]
layer_0,903,"[[31, [49, 2, 4, 1, 2]], [33, [1, 1, 2, 1, 2]], [35, [5, 1, 2]], [62, 2], [68, 0], [74, 1], [101, 0]]",[7.759915343915344e-06]
layer_0,904,"[[31, [2, 98, 2, 1, 2]], [33, [1, 1, 2, 2, 1]], [35, [10, 1, 1]], [62, 2], [68, 0], [74, 3], [101, 0]]",[9.03706235603817e-06]
layer_0,905,"[[31, [98, 4, 1, 2, 1]], [33, [1, 1, 2, 1, 2]], [35, [5, 1, 2]], [62, 2], [68, 0], [74, 0], [101, 0]]",[8.047980482989064e-06]
layer_0,906,"[[31, [98, 4, 1, 2, 1]], [33, [1, 1, 2, 2, 1]], [35, [5, 1, 2]], [62, 2], [68, 0], [74, 0], [101, 0]]",[8.048232338308459e-06]
layer_0,907,"[[31, [196, 2, 1, 1, 2]], [33, [1, 1, 2, 2, 1]], [35, [5, 1, 2]], [62, 2], [68, 0], [74, 0], [101, 0]]",[8.048680361482381e-06]
layer_0,908,"[[31, [2, 196, 1, 1, 2]], [33, [1, 1, 2, 1, 2]], [35, [5, 1, 2]], [62, 2], [68, 0], [74, 0], [101, 0]]",[7.975317366701203e-06]
layer_0,909,"[[31, [49, 8, 2, 1, 1]], [33, [1, 1, 1, 1, 4]], [35, [5, 2, 1]], [62, 2], [68, 0], [74, 0], [101, 0]]",[8.805208031778855e-06]
layer_0,910,"[[31, [49, 4, 2, 2, 1]], [33, [2, 1, 2, 1, 1]], [35, [10, 1, 1]], [62, 2], [68, 0], [74, 0], [101, 0]]",[9.25053935129014e-06]
layer_0,911,"[[31, [49, 2, 4, 1, 2]], [33, [1, 1, 2, 1, 2]], [35, [5, 2, 1]], [62, 2], [68, 0], [74, 3], [101, 0]]",[8.122249632481623e-06]
layer_0,912,"[[31, [49, 2, 4, 1, 2]], [33, [1, 1, 2, 1, 2]], [35, [5, 1, 2]], [62, 2], [68, 0], [74, 3], [101, 0]]",[8.117856082411756e-06]
layer_0,913,"[[31, [2, 98, 2, 1, 2]], [33, [1, 1, 2, 2, 1]], [35, [10, 1, 1]], [62, 2], [68, 0], [74, 2], [101, 0]]",[8.042763061968408e-06]
layer_0,914,"[[31, [98, 2, 4, 1, 1]], [33, [1, 1, 1, 4, 1]], [35, [5, 1, 2]], [62, 2], [68, 0], [74, 0], [101, 0]]",[8.213696157351154e-06]
layer_0,915,"[[31, [98, 2, 4, 1, 1]], [33, [1, 1, 1, 2, 2]], [35, [5, 1, 2]], [62, 2], [68, 0], [74, 0], [101, 0]]",[8.230439625431247e-06]
layer_0,916,"[[31, [49, 4, 2, 2, 1]], [33, [1, 1, 1, 1, 4]], [35, [10, 1, 1]], [62, 3], [68, 0], [74, 0], [101, 0]]",[10000000000]
layer_0,917,"[[31, [98, 2, 2, 1, 2]], [33, [2, 1, 1, 2, 1]], [35, [10, 1, 1]], [62, 2], [68, 0], [74, 0], [101, 0]]",[8.190826115431845e-06]
layer_0,918,"[[31, [98, 4, 2, 1, 1]], [33, [1, 1, 2, 1, 2]], [35, [5, 1, 2]], [62, 2], [68, 0], [74, 2], [101, 0]]",[8.881558489634747e-06]
layer_0,919,"[[31, [98, 4, 2, 1, 1]], [33, [1, 1, 2, 1, 2]], [35, [5, 2, 1]], [62, 2], [68, 0], [74, 2], [101, 0]]",[8.578909293443666e-06]
layer_0,920,"[[31, [98, 2, 4, 1, 1]], [33, [2, 1, 2, 1, 1]], [35, [10, 1, 1]], [62, 2], [68, 0], [74, 1], [101, 0]]",[8.43259044653706e-06]
layer_0,921,"[[31, [49, 2, 4, 1, 2]], [33, [1, 1, 4, 1, 1]], [35, [5, 2, 1]], [62, 2], [68, 0], [74, 2], [101, 0]]",[8.406807584731819e-06]
layer_0,922,"[[31, [98, 2, 1, 2, 2]], [33, [1, 1, 2, 1, 2]], [35, [10, 1, 1]], [62, 2], [68, 0], [74, 1], [101, 0]]",[8.29931737815815e-06]
layer_0,923,"[[31, [2, 98, 4, 1, 1]], [33, [1, 1, 2, 2, 1]], [35, [5, 1, 2]], [62, 2], [68, 0], [74, 3], [101, 0]]",[8.040102860816457e-06]
layer_0,924,"[[31, [196, 2, 2, 1, 1]], [33, [1, 1, 1, 4, 1]], [35, [10, 1, 1]], [62, 2], [68, 0], [74, 1], [101, 0]]",[9.888142892066983e-06]
layer_0,925,"[[31, [56, 7, 1, 2, 1]], [33, [1, 1, 2, 2, 1]], [35, [5, 1, 2]], [62, 2], [68, 0], [74, 1], [101, 0]]",[8.466279944060546e-06]
layer_0,926,"[[31, [98, 2, 4, 1, 1]], [33, [1, 1, 2, 2, 1]], [35, [5, 1, 2]], [62, 3], [68, 0], [74, 1], [101, 0]]",[10000000000]
layer_0,927,"[[31, [49, 2, 2, 2, 2]], [33, [1, 1, 2, 2, 1]], [35, [10, 1, 1]], [62, 2], [68, 0], [74, 3], [101, 0]]",[8.094945609065155e-06]
layer_0,928,"[[31, [49, 4, 2, 2, 1]], [33, [2, 1, 1, 1, 2]], [35, [10, 1, 1]], [62, 2], [68, 0], [74, 0], [101, 0]]",[8.26166290096479e-06]
layer_0,929,"[[31, [49, 4, 2, 2, 1]], [33, [1, 1, 2, 1, 2]], [35, [10, 1, 1]], [62, 2], [68, 0], [74, 2], [101, 0]]",[8.660638465535158e-06]
layer_0,930,"[[31, [49, 2, 1, 4, 2]], [33, [1, 1, 2, 1, 2]], [35, [10, 1, 1]], [62, 2], [68, 0], [74, 0], [101, 0]]",[3.941258025027203e-05]
layer_0,931,"[[31, [49, 2, 1, 8, 1]], [33, [1, 1, 2, 1, 2]], [35, [10, 1, 1]], [62, 2], [68, 0], [74, 0], [101, 0]]",[3.9412705819824606e-05]
layer_0,932,"[[31, [98, 4, 2, 1, 1]], [33, [1, 1, 1, 4, 1]], [35, [5, 2, 1]], [62, 2], [68, 0], [74, 0], [101, 0]]",[8.82337841395196e-06]
layer_0,933,"[[31, [98, 2, 2, 1, 2]], [33, [2, 1, 1, 1, 2]], [35, [10, 1, 1]], [62, 2], [68, 0], [74, 1], [101, 0]]",[9.029879318814476e-06]
layer_0,934,"[[31, [49, 4, 2, 2, 1]], [33, [1, 1, 2, 1, 2]], [35, [10, 1, 1]], [62, 2], [68, 0], [74, 3], [101, 0]]",[8.67319796246649e-06]
layer_0,935,"[[31, [49, 8, 1, 2, 1]], [33, [1, 1, 2, 1, 2]], [35, [10, 1, 1]], [62, 2], [68, 0], [74, 0], [101, 0]]",[9.021139255301386e-06]
layer_0,936,"[[31, [98, 4, 1, 1, 2]], [33, [1, 1, 2, 1, 2]], [35, [10, 1, 1]], [62, 2], [68, 0], [74, 0], [101, 0]]",[9.003019970169043e-06]
layer_0,937,"[[31, [98, 4, 1, 2, 1]], [33, [1, 1, 2, 2, 1]], [35, [10, 1, 1]], [62, 2], [68, 0], [74, 0], [101, 0]]",[9.025705495228693e-06]
layer_0,938,"[[31, [98, 2, 1, 1, 4]], [33, [1, 1, 4, 1, 1]], [35, [5, 2, 1]], [62, 2], [68, 0], [74, 1], [101, 0]]",[9.089979845343862e-06]
layer_0,939,"[[31, [49, 2, 8, 1, 1]], [33, [1, 1, 2, 2, 1]], [35, [10, 1, 1]], [62, 2], [68, 0], [74, 1], [101, 0]]",[8.994369532199271e-06]
layer_0,940,"[[31, [49, 4, 4, 1, 1]], [33, [1, 1, 4, 1, 1]], [35, [5, 2, 1]], [62, 2], [68, 0], [74, 3], [101, 0]]",[8.559301308623912e-06]
layer_0,941,"[[31, [49, 4, 4, 1, 1]], [33, [1, 1, 4, 1, 1]], [35, [5, 1, 2]], [62, 2], [68, 0], [74, 3], [101, 0]]",[8.612004632442284e-06]
layer_0,942,"[[31, [2, 98, 2, 1, 2]], [33, [1, 1, 4, 1, 1]], [35, [5, 1, 2]], [62, 2], [68, 0], [74, 0], [101, 0]]",[7.62960890036452e-06]
layer_0,943,"[[31, [49, 4, 2, 1, 2]], [33, [1, 1, 2, 1, 2]], [35, [5, 1, 2]], [62, 2], [68, 0], [74, 3], [101, 0]]",[8.557024948735475e-06]
layer_0,944,"[[31, [49, 4, 2, 2, 1]], [33, [1, 1, 2, 1, 2]], [35, [5, 1, 2]], [62, 2], [68, 0], [74, 3], [101, 0]]",[8.961010694307339e-06]
layer_0,945,"[[31, [56, 7, 2, 1, 1]], [33, [1, 1, 1, 1, 4]], [35, [10, 1, 1]], [62, 2], [68, 0], [74, 0], [101, 0]]",[9.500853105342429e-06]
layer_0,946,"[[31, [49, 4, 2, 1, 2]], [33, [1, 1, 4, 1, 1]], [35, [5, 2, 1]], [62, 1], [68, 0], [74, 1], [101, 0]]",[8.839886804870022e-06]
layer_0,947,"[[31, [49, 2, 2, 1, 4]], [33, [1, 1, 1, 4, 1]], [35, [10, 1, 1]], [62, 2], [68, 0], [74, 1], [101, 0]]",[3.9584478697421985e-05]
layer_0,948,"[[31, [98, 2, 2, 1, 2]], [33, [1, 1, 4, 1, 1]], [35, [5, 2, 1]], [62, 1], [68, 0], [74, 1], [101, 0]]",[8.816238153295944e-06]
layer_0,949,"[[31, [98, 2, 2, 2, 1]], [33, [1, 1, 2, 2, 1]], [35, [5, 1, 2]], [62, 2], [68, 0], [74, 3], [101, 0]]",[8.532685145808019e-06]
layer_0,950,"[[31, [196, 4, 1, 1, 1]], [33, [1, 1, 4, 1, 1]], [35, [5, 2, 1]], [62, 2], [68, 0], [74, 0], [101, 0]]",[9.18497228128797e-06]
layer_0,951,"[[31, [98, 4, 2, 1, 1]], [33, [1, 1, 4, 1, 1]], [35, [5, 2, 1]], [62, 2], [68, 0], [74, 3], [101, 0]]",[8.906003208292202e-06]
layer_0,952,"[[31, [98, 4, 2, 1, 1]], [33, [1, 1, 1, 4, 1]], [35, [5, 2, 1]], [62, 2], [68, 0], [74, 1], [101, 0]]",[9.064203903402187e-06]
layer_0,953,"[[31, [98, 2, 4, 1, 1]], [33, [1, 1, 4, 1, 1]], [35, [5, 1, 2]], [62, 2], [68, 0], [74, 3], [101, 0]]",[8.609139580801944e-06]
layer_0,954,"[[31, [98, 2, 4, 1, 1]], [33, [2, 1, 1, 2, 1]], [35, [10, 1, 1]], [62, 2], [68, 0], [74, 1], [101, 0]]",[7.959649958228907e-06]
layer_0,955,"[[31, [49, 16, 1, 1, 1]], [33, [1, 1, 4, 1, 1]], [35, [5, 1, 2]], [62, 2], [68, 0], [74, 0], [101, 0]]",[8.86148968992248e-06]
layer_0,956,"[[31, [14, 2, 7, 2, 2]], [33, [2, 1, 1, 2, 1]], [35, [10, 1, 1]], [62, 0], [68, 0], [74, 1], [101, 1]]",[2.3995931989063567e-05]
layer_0,957,"[[31, [7, 7, 1, 16, 1]], [33, [1, 1, 1, 2, 2]], [35, [5, 2, 1]], [62, 0], [68, 1], [74, 0], [101, 4]]",[0.00024347160975609754]
layer_0,958,"[[31, [16, 7, 1, 7, 1]], [33, [4, 1, 1, 1, 1]], [35, [2, 5, 1]], [62, 0], [68, 1], [74, 0], [101, 1]]",[0.00014199146877828055]
layer_0,959,"[[31, [196, 2, 2, 1, 1]], [33, [1, 1, 2, 1, 2]], [35, [5, 2, 1]], [62, 2], [68, 0], [74, 0], [101, 0]]",[8.48320631786772e-06]
layer_0,960,"[[31, [2, 196, 2, 1, 1]], [33, [1, 1, 2, 2, 1]], [35, [5, 1, 2]], [62, 2], [68, 0], [74, 0], [101, 0]]",[7.92949752016432e-06]
layer_0,961,"[[31, [49, 2, 2, 1, 4]], [33, [1, 1, 2, 1, 2]], [35, [10, 1, 1]], [62, 2], [68, 0], [74, 1], [101, 0]]",[7.66864633961118e-06]
layer_0,962,"[[31, [49, 2, 2, 1, 4]], [33, [1, 1, 2, 2, 1]], [35, [10, 1, 1]], [62, 2], [68, 0], [74, 1], [101, 0]]",[7.696406984553393e-06]
layer_0,963,"[[31, [196, 2, 2, 1, 1]], [33, [1, 1, 2, 1, 2]], [35, [10, 1, 1]], [62, 2], [68, 0], [74, 1], [101, 0]]",[7.903074136478517e-06]
layer_0,964,"[[31, [196, 2, 2, 1, 1]], [33, [1, 1, 2, 1, 2]], [35, [5, 2, 1]], [62, 2], [68, 0], [74, 1], [101, 0]]",[7.715460434386391e-06]
layer_0,965,"[[31, [49, 2, 1, 2, 4]], [33, [1, 1, 4, 1, 1]], [35, [10, 1, 1]], [62, 2], [68, 0], [74, 1], [101, 0]]",[7.714774984811665e-06]
layer_0,966,"[[31, [196, 2, 1, 2, 1]], [33, [1, 1, 4, 1, 1]], [35, [5, 1, 2]], [62, 2], [68, 0], [74, 1], [101, 0]]",[8.304814668605859e-06]
layer_0,967,"[[31, [49, 8, 2, 1, 1]], [33, [1, 1, 2, 2, 1]], [35, [5, 1, 2]], [62, 2], [68, 0], [74, 1], [101, 0]]",[7.707562548127407e-06]
layer_0,968,"[[31, [98, 4, 1, 1, 2]], [33, [1, 1, 2, 1, 2]], [35, [5, 1, 2]], [62, 2], [68, 0], [74, 0], [101, 0]]",[8.160676513791415e-06]
layer_0,969,"[[31, [49, 8, 1, 1, 2]], [33, [1, 1, 2, 2, 1]], [35, [5, 1, 2]], [62, 2], [68, 0], [74, 0], [101, 0]]",[8.15576184690158e-06]
layer_0,970,"[[31, [196, 2, 1, 1, 2]], [33, [1, 1, 2, 1, 2]], [35, [5, 1, 2]], [62, 2], [68, 0], [74, 0], [101, 0]]",[8.159642618469017e-06]
layer_0,971,"[[31, [98, 4, 1, 2, 1]], [33, [1, 1, 2, 1, 2]], [35, [5, 1, 2]], [62, 2], [68, 0], [74, 1], [101, 0]]",[8.194771419733993e-06]
layer_0,972,"[[31, [196, 2, 2, 1, 1]], [33, [1, 1, 2, 2, 1]], [35, [10, 1, 1]], [62, 2], [68, 0], [74, 2], [101, 0]]",[8.627790704738761e-06]
layer_0,973,"[[31, [196, 2, 1, 2, 1]], [33, [1, 1, 2, 1, 2]], [35, [5, 1, 2]], [62, 2], [68, 0], [74, 1], [101, 0]]",[8.193592501637196e-06]
layer_0,974,"[[31, [196, 2, 1, 2, 1]], [33, [1, 1, 2, 2, 1]], [35, [5, 2, 1]], [62, 2], [68, 0], [74, 1], [101, 0]]",[8.198065385783719e-06]
layer_0,975,"[[31, [196, 2, 2, 1, 1]], [33, [1, 1, 2, 2, 1]], [35, [5, 2, 1]], [62, 2], [68, 0], [74, 2], [101, 0]]",[8.743254689042448e-06]
layer_0,976,"[[31, [196, 2, 2, 1, 1]], [33, [1, 1, 2, 1, 2]], [35, [5, 2, 1]], [62, 2], [68, 0], [74, 2], [101, 0]]",[8.740286201615151e-06]
layer_0,977,"[[31, [49, 8, 2, 1, 1]], [33, [1, 1, 4, 1, 1]], [35, [5, 1, 2]], [62, 2], [68, 0], [74, 2], [101, 0]]",[8.214007290400972e-06]
layer_0,978,"[[31, [49, 2, 2, 1, 4]], [33, [1, 1, 2, 2, 1]], [35, [10, 1, 1]], [62, 2], [68, 0], [74, 3], [101, 0]]",[8.145652718712029e-06]
layer_0,979,"[[31, [49, 4, 2, 2, 1]], [33, [2, 1, 1, 2, 1]], [35, [10, 1, 1]], [62, 2], [68, 0], [74, 0], [101, 0]]",[8.386410844471446e-06]
layer_0,980,"[[31, [49, 4, 2, 1, 2]], [33, [2, 1, 1, 2, 1]], [35, [10, 1, 1]], [62, 2], [68, 0], [74, 0], [101, 0]]",[8.374207551826259e-06]
layer_0,981,"[[31, [49, 4, 2, 1, 2]], [33, [2, 1, 2, 1, 1]], [35, [10, 1, 1]], [62, 2], [68, 0], [74, 0], [101, 0]]",[9.307651036525172e-06]
layer_0,982,"[[31, [196, 2, 2, 1, 1]], [33, [1, 1, 1, 4, 1]], [35, [5, 2, 1]], [62, 2], [68, 0], [74, 0], [101, 0]]",[9.117628189550424e-06]
layer_0,983,"[[31, [98, 2, 2, 1, 2]], [33, [1, 1, 2, 1, 2]], [35, [5, 1, 2]], [62, 2], [68, 0], [74, 3], [101, 0]]",[8.561924589914947e-06]
layer_0,984,"[[31, [98, 2, 2, 2, 1]], [33, [1, 1, 2, 1, 2]], [35, [5, 1, 2]], [62, 2], [68, 0], [74, 3], [101, 0]]",[8.583707716354064e-06]
layer_0,985,"[[31, [98, 2, 2, 1, 2]], [33, [1, 1, 2, 2, 1]], [35, [5, 1, 2]], [62, 2], [68, 0], [74, 3], [101, 0]]",[8.5624692436209e-06]
layer_0,986,"[[31, [98, 4, 1, 2, 1]], [33, [1, 1, 2, 1, 2]], [35, [10, 1, 1]], [62, 2], [68, 0], [74, 1], [101, 0]]",[8.488937150378413e-06]
layer_0,987,"[[31, [49, 4, 2, 2, 1]], [33, [1, 1, 2, 2, 1]], [35, [5, 2, 1]], [62, 2], [68, 0], [74, 3], [101, 0]]",[8.565092713225269e-06]
layer_0,988,"[[31, [49, 4, 2, 1, 2]], [33, [1, 1, 2, 2, 1]], [35, [5, 1, 2]], [62, 2], [68, 0], [74, 3], [101, 0]]",[8.581938466600856e-06]
layer_0,989,"[[31, [49, 4, 2, 2, 1]], [33, [1, 1, 2, 1, 2]], [35, [5, 2, 1]], [62, 2], [68, 0], [74, 3], [101, 0]]",[8.577022055323425e-06]
layer_0,990,"[[31, [49, 4, 2, 2, 1]], [33, [1, 1, 2, 2, 1]], [35, [5, 1, 2]], [62, 2], [68, 0], [74, 3], [101, 0]]",[8.577555361482382e-06]
layer_0,991,"[[31, [98, 2, 4, 1, 1]], [33, [1, 2, 2, 1, 1]], [35, [10, 1, 1]], [62, 2], [68, 0], [74, 0], [101, 0]]",[8.194661781562142e-06]
layer_0,992,"[[31, [49, 8, 1, 1, 2]], [33, [1, 1, 2, 1, 2]], [35, [5, 1, 2]], [62, 2], [68, 0], [74, 2], [101, 0]]",[8.548173489445348e-06]
layer_0,993,"[[31, [49, 2, 1, 8, 1]], [33, [1, 1, 4, 1, 1]], [35, [10, 1, 1]], [62, 1], [68, 0], [74, 1], [101, 0]]",[8.937395955354182e-06]
layer_0,994,"[[31, [49, 2, 1, 8, 1]], [33, [1, 1, 4, 1, 1]], [35, [10, 1, 1]], [62, 2], [68, 0], [74, 3], [101, 0]]",[8.175662135479952e-06]
layer_0,995,"[[31, [56, 14, 1, 1, 1]], [33, [1, 1, 4, 1, 1]], [35, [5, 2, 1]], [62, 2], [68, 0], [74, 0], [101, 0]]",[8.796156465942745e-06]
layer_0,996,"[[31, [2, 56, 1, 7, 1]], [33, [1, 1, 4, 1, 1]], [35, [10, 1, 1]], [62, 2], [68, 0], [74, 1], [101, 0]]",[8.929603076669956e-06]
layer_0,997,"[[31, [2, 98, 2, 1, 2]], [33, [1, 2, 2, 1, 1]], [35, [5, 1, 2]], [62, 2], [68, 0], [74, 0], [101, 0]]",[8.11529246727931e-06]
layer_0,998,"[[31, [28, 7, 4, 1, 1]], [33, [4, 1, 1, 1, 1]], [35, [5, 1, 2]], [62, 0], [68, 3], [74, 1], [101, 2]]",[2.7545352571891453e-05]
layer_0,999,"[[31, [49, 8, 1, 2, 1]], [33, [2, 1, 2, 1, 1]], [35, [1, 5, 2]], [62, 0], [68, 0], [74, 1], [101, 4]]",[3.1754461293984105e-05]
